gen,idx,k,score,closed_edges,run_dir,tripinfo
1,0,2,644.456,-111681903#2;-7365262,runs_J_k16_plain\init_seed2\g001_i000,runs_J_k16_plain\init_seed2\g001_i000\tripinfo.xml
1,1,3,376.62,-535519490#1;-7365262;111681903#0,runs_J_k16_plain\init_seed2\g001_i001,runs_J_k16_plain\init_seed2\g001_i001\tripinfo.xml
1,2,3,1000000000000.0,-311298665;-783907721#1;25970859#0,runs_J_k16_plain\init_seed2\g001_i002,runs_J_k16_plain\init_seed2\g001_i002\tripinfo.xml
1,3,12,1000000000000.0,-120682114#3;-25970859#1;-311298665;-876343449#1;-880137009#1;111677668#0;111677669#1;111677669#4;25970859#1;4935286#2;502325084#0;502325084#3,runs_J_k16_plain\init_seed2\g001_i003,runs_J_k16_plain\init_seed2\g001_i003\tripinfo.xml
1,4,6,1000000000000.0,-311298658;-311298665;-535519490#1;111677668#4;24337240#1;24337240#5,runs_J_k16_plain\init_seed2\g001_i004,runs_J_k16_plain\init_seed2\g001_i004\tripinfo.xml
1,5,10,1000000000000.0,-311298665;-502325084#1;-835443464;-880137009#0;-880137009#1;120682114#3;26216781#2;4935286#0;4935286#2;876057378#4,runs_J_k16_plain\init_seed2\g001_i005,runs_J_k16_plain\init_seed2\g001_i005\tripinfo.xml
1,6,7,1000000000000.0,-311298665;-535519490#1;-7365262;111681905#2;4935286#2;747448014;876057378#1,runs_J_k16_plain\init_seed2\g001_i006,runs_J_k16_plain\init_seed2\g001_i006\tripinfo.xml
1,7,5,1000000000000.0,-24337240#6;-311298665;-4950193;-535519490#0;502325084#1,runs_J_k16_plain\init_seed2\g001_i007,runs_J_k16_plain\init_seed2\g001_i007\tripinfo.xml
1,8,2,644.456,876057378#5;880137010,runs_J_k16_plain\init_seed2\g001_i008,runs_J_k16_plain\init_seed2\g001_i008\tripinfo.xml
1,9,6,1000000000000.0,-311298665;-783907721#1;111677669#0;24337240#3;4935286#2;4935286#3,runs_J_k16_plain\init_seed2\g001_i009,runs_J_k16_plain\init_seed2\g001_i009\tripinfo.xml
1,10,14,1000000000000.0,-111677671#0;-111681903#1;-24337240#0;-311298665;-498033359#3;-502325084#1;-74277990;-880137009#1;111677668#3;131942152;311298685;4935286#2;498033359#0;880137009#0,runs_J_k16_plain\init_seed2\g001_i010,runs_J_k16_plain\init_seed2\g001_i010\tripinfo.xml
1,11,13,603.5906666666667,-205590836#0;-311298665;-311298682#0;-535519490#1;-876343449#2;111681903#0;26216781#2;28468732#0;37628709#1;4935286#2;5197062#4;783907721#1;876343449#0,runs_J_k16_plain\init_seed2\g001_i011,runs_J_k16_plain\init_seed2\g001_i011\tripinfo.xml
1,12,12,1000000000000.0,-311298665;-535519490#1;111677669#5;24337240#0;24337240#4;28468730#0;4935286#2;4935286#3;535519490#0;747448014;782714971#3;782714971#4,runs_J_k16_plain\init_seed2\g001_i012,runs_J_k16_plain\init_seed2\g001_i012\tripinfo.xml
1,13,4,661.2246666666666,-111677668#4;-311298658;111681903#0;26216779#1,runs_J_k16_plain\init_seed2\g001_i013,runs_J_k16_plain\init_seed2\g001_i013\tripinfo.xml
1,14,9,1000000000000.0,-111681903#1;-24337240#1;-311298665;-5197062#3;26216781#2;28468730#1;4935286#2;4935286#3;535519490#1,runs_J_k16_plain\init_seed2\g001_i014,runs_J_k16_plain\init_seed2\g001_i014\tripinfo.xml
1,15,2,644.456,-311298658;4935286#1,runs_J_k16_plain\init_seed2\g001_i015,runs_J_k16_plain\init_seed2\g001_i015\tripinfo.xml
1,16,1,670.1993333333334,-120682114#1,runs_J_k16_plain\init_seed2\g001_i016,runs_J_k16_plain\init_seed2\g001_i016\tripinfo.xml
1,17,7,1000000000000.0,-205590836#0;-24337240#2;-24337240#6;-311298665;-311298682#0;25970859#0;311298662#0,runs_J_k16_plain\init_seed2\g001_i017,runs_J_k16_plain\init_seed2\g001_i017\tripinfo.xml
1,18,15,1000000000000.0,-205590836#0;-311298665;-535519490#1;-782714966#0;-782714966#1;-782714971#0;-876343449#0;-880137009#0;-880140407;111677669#0;24337240#0;4935286#2;498033359#3;876057378#1;876057378#2,runs_J_k16_plain\init_seed2\g001_i018,runs_J_k16_plain\init_seed2\g001_i018\tripinfo.xml
1,19,11,1000000000000.0,-111677668#4;-111681903#2;-311298662#0;-311298665;-535519490#1;-782714966#0;28468732#1;4935286#2;502325084#0;5197062#3;835445203,runs_J_k16_plain\init_seed2\g001_i019,runs_J_k16_plain\init_seed2\g001_i019\tripinfo.xml
1,20,4,1000000000000.0,-111677668#3;-311298665;-880137009#1;4935286#0,runs_J_k16_plain\init_seed2\g001_i020,runs_J_k16_plain\init_seed2\g001_i020\tripinfo.xml
1,21,14,1000000000000.0,-111681903#3;-24337240#6;-311298665;111681905#2;4935286#1;4935286#2;4935286#3;4970256#5;498033359#0;498033359#3;535519490#0;535519490#1;783907721#1;835445203,runs_J_k16_plain\init_seed2\g001_i021,runs_J_k16_plain\init_seed2\g001_i021\tripinfo.xml
1,22,6,375.2013333333333,-311298665;-5197062#3;-7365262;-782714971#4;4935286#2;58621262#1,runs_J_k16_plain\init_seed2\g001_i022,runs_J_k16_plain\init_seed2\g001_i022\tripinfo.xml
1,23,6,660.654,-502325084#1;-535519490#1;26216779#0;26216781#2;502325084#3;835443464,runs_J_k16_plain\init_seed2\g001_i023,runs_J_k16_plain\init_seed2\g001_i023\tripinfo.xml
2,0,6,375.2013333333333,-311298665;-5197062#3;-7365262;-782714971#4;4935286#2;58621262#1,runs_J_k16_plain\init_seed2\g002_i000,runs_J_k16_plain\init_seed2\g002_i000\tripinfo.xml
2,1,16,1000000000000.0,-205590836#0;-311298665;-311298682#0;-782714966#0;-876343449#2;111681903#0;120682114#1;26216781#2;311298662#1;37628709#1;4935286#2;4935286#3;4935299#1;835445203;876057376;876343449#1,runs_J_k16_plain\init_seed2\g002_i001,runs_J_k16_plain\init_seed2\g002_i001\tripinfo.xml
2,2,16,591.7133333333334,-111677671#0;-111681903#2;-120682114#2;-205590836#0;-24337240#1;-311298662#0;-7365262;-876343449#2;26216781#2;28468732#0;37628709#1;498033359#3;5197062#4;783907721#1;7924772;876057378#2,runs_J_k16_plain\init_seed2\g002_i002,runs_J_k16_plain\init_seed2\g002_i002\tripinfo.xml
2,3,16,576.9213333333333,-111677668#3;-311298665;-502325084#0;-783907721#1;-835443464;111677668#4;111681903#1;111681905#2;25970859#0;28468730#1;311298682#0;37628709#0;4970256#5;498033359#2;782714971#1;880137009#0,runs_J_k16_plain\init_seed2\g002_i003,runs_J_k16_plain\init_seed2\g002_i003\tripinfo.xml
2,4,16,666.7553333333333,-111677668#3;-111681903#2;-205590836#0;-311298685;-876343449#1;120682114#1;120682114#3;24337240#2;24337240#4;26216781#2;28468732#0;37628709#0;4970256#8;502325084#3;835445203;876343449#2,runs_J_k16_plain\init_seed2\g002_i004,runs_J_k16_plain\init_seed2\g002_i004\tripinfo.xml
2,5,14,638.7773333333333,-111677668#3;-111681903#0;-120682114#1;-120682114#3;-28468730#0;-311298658;-7365262;-876343449#1;111677668#3;24337240#4;24337240#7;26216779#0;4935286#1;4935299#1,runs_J_k16_plain\init_seed2\g002_i005,runs_J_k16_plain\init_seed2\g002_i005\tripinfo.xml
2,6,16,667.5433333333333,-111681903#2;-24337240#3;-24337240#4;-25970859#1;-28468730#0;-311298662#0;-4950193;-502325084#0;-7365262;-782714971#4;-783907721#0;-783907721#1;-876343449#2;24337240#1;25970859#0;876343449#0,runs_J_k16_plain\init_seed2\g002_i006,runs_J_k16_plain\init_seed2\g002_i006\tripinfo.xml
2,7,16,762.4146666666667,-111677668#4;-111677671#0;-120682114#1;-311298685;-5197062#3;-535519490#1;-7365262;-876343449#2;111677669#4;24337240#0;28468732#1;37628709#0;4935286#3;502325084#3;5197062#3;783907721#1,runs_J_k16_plain\init_seed2\g002_i007,runs_J_k16_plain\init_seed2\g002_i007\tripinfo.xml
2,8,16,585.6413333333334,-111681903#3;-311298658;-4950193;-502325084#0;-535519490#1;-7365262;111681903#0;24337240#3;26216781#1;498033359#0;5197062#3;62826731;876057376;876057378#3;876057378#5;880140407,runs_J_k16_plain\init_seed2\g002_i008,runs_J_k16_plain\init_seed2\g002_i008\tripinfo.xml
2,9,16,1000000000000.0,-111681903#0;-24337240#4;-25970859#0;-311298662#0;-835445203;120682114#3;26216781#1;311298662#0;502325084#0;535519490#1;782714966#1;835445203;876057376;876057378#3;876057378#5;880137010,runs_J_k16_plain\init_seed2\g002_i009,runs_J_k16_plain\init_seed2\g002_i009\tripinfo.xml
2,10,16,576.52,-120682114#2;-24337240#7;-311298662#1;-535519490#1;-7365262;-782714971#3;-783907721#0;111681903#0;120682114#2;24337240#5;26216779#1;311298662#0;747448014;782714971#0;783907721#0;876343449#1,runs_J_k16_plain\init_seed2\g002_i010,runs_J_k16_plain\init_seed2\g002_i010\tripinfo.xml
2,11,15,1000000000000.0,-111677671#0;-24337240#7;-311298662#0;-311298682#0;-502325084#3;-535519490#1;-782714971#0;-782714971#3;-880137009#0;111677669#1;111681903#3;26216779#0;311298662#1;311298665;835445203,runs_J_k16_plain\init_seed2\g002_i011,runs_J_k16_plain\init_seed2\g002_i011\tripinfo.xml
2,12,6,636.4353333333333,-24337240#3;-498033359#1;-7365262;535519490#0;782710712;783907721#0,runs_J_k16_plain\init_seed2\g002_i012,runs_J_k16_plain\init_seed2\g002_i012\tripinfo.xml
2,13,16,1000000000000.0,-120682114#1;-205590836#0;-24337240#6;-28468730#0;-311298662#0;-311298665;-311298682#0;-782714971#1;-835445203;-876343449#2;26216779#0;26216779#1;311298662#0;62826731;7924772;876057378#0,runs_J_k16_plain\init_seed2\g002_i013,runs_J_k16_plain\init_seed2\g002_i013\tripinfo.xml
2,14,16,452.6573333333333,-111677668#0;-24337240#2;-24337240#6;-4950193;-535519490#0;-74277990;-880137009#0;24337240#5;25970859#0;4935286#2;498033359#0;498033359#1;502325084#0;747448014;782714971#3;876057378#1,runs_J_k16_plain\init_seed2\g002_i014,runs_J_k16_plain\init_seed2\g002_i014\tripinfo.xml
2,15,16,647.2993333333334,-111677668#4;-120682114#1;-311298662#1;-311298685;-7365262;-783907721#2;-876343449#0;111681903#0;111681903#1;111681903#3;26216779#0;26216781#1;311298662#1;4935286#1;4935286#3;535519490#1,runs_J_k16_plain\init_seed2\g002_i015,runs_J_k16_plain\init_seed2\g002_i015\tripinfo.xml
2,16,16,378.0246666666667,-111677671#0;-311298682#0;-498033359#3;-5197062#4;-535519490#0;-782714971#0;-835443464;-880137009#0;111677669#3;205590836#2;24337240#7;4935286#2;502325084#3;782714966#0;782714966#1;835443464,runs_J_k16_plain\init_seed2\g002_i016,runs_J_k16_plain\init_seed2\g002_i016\tripinfo.xml
2,17,16,800.5826666666667,-111677671#0;-24337240#7;-25970859#1;-28298231;-498033359#1;-880140407;111677669#2;111681903#0;4935286#1;4935286#2;4970256#5;498033359#0;782710712;782714971#0;783907721#0;7924772,runs_J_k16_plain\init_seed2\g002_i017,runs_J_k16_plain\init_seed2\g002_i017\tripinfo.xml
2,18,12,1000000000000.0,-111681903#3;-311298658;-311298665;-5197062#3;-535519490#1;-876343449#0;111677668#3;111677669#3;24337240#2;28468730#0;4935286#0;4970256#7,runs_J_k16_plain\init_seed2\g002_i018,runs_J_k16_plain\init_seed2\g002_i018\tripinfo.xml
2,19,16,483.784,-5197062#3;-535519490#1;-782714971#4;-835445203;111677668#0;111677669#4;24337240#3;311298662#0;4970256#6;498033359#2;58621262#1;747448014;782710712;782714971#1;876057378#3;876343449#1,runs_J_k16_plain\init_seed2\g002_i019,runs_J_k16_plain\init_seed2\g002_i019\tripinfo.xml
2,20,16,1000000000000.0,-111677671#0;-111681903#1;-24337240#2;-24337240#4;-311298665;-5197062#3;-7365262;-782714971#1;111681903#0;24337240#0;25970859#1;28468730#0;37628709#1;4970256#8;498033359#0;747448014,runs_J_k16_plain\init_seed2\g002_i020,runs_J_k16_plain\init_seed2\g002_i020\tripinfo.xml
2,21,16,1630.0193333333334,-111677668#0;-111677668#4;-111681903#0;-535519490#1;-783907721#2;111677669#2;111681903#0;120682114#1;26216779#1;26216781#1;26216781#2;28468730#0;502325084#3;5197062#4;782714966#0;782714971#3,runs_J_k16_plain\init_seed2\g002_i021,runs_J_k16_plain\init_seed2\g002_i021\tripinfo.xml
2,22,16,610.2293333333333,-111681903#2;-311298658;-502325084#1;-535519490#0;-535519490#1;-880137009#0;24337240#3;25970859#1;26216779#0;26216779#1;26216781#3;5197062#4;782714966#0;783907721#2;835443464;880140407,runs_J_k16_plain\init_seed2\g002_i022,runs_J_k16_plain\init_seed2\g002_i022\tripinfo.xml
2,23,16,1000000000000.0,-111681903#2;-205590836#0;-24337240#0;-24337240#3;-311298665;-311298682#0;-502325084#1;-535519490#1;-74277990;-782714971#1;-876343449#1;111677669#1;26216781#2;37628709#0;4935286#2;747448014,runs_J_k16_plain\init_seed2\g002_i023,runs_J_k16_plain\init_seed2\g002_i023\tripinfo.xml
3,0,6,375.2013333333333,-311298665;-5197062#3;-7365262;-782714971#4;4935286#2;58621262#1,runs_J_k16_plain\init_seed2\g003_i000,runs_J_k16_plain\init_seed2\g003_i000\tripinfo.xml
3,1,16,662.998,-111677668#0;-111677668#3;-24337240#3;-498033359#0;-5197062#3;-535519490#1;-782714971#4;-835443464;111677671#0;111681903#0;120682114#1;26216781#1;26216781#3;4935299#1;498033359#2;782714971#3,runs_J_k16_plain\init_seed2\g003_i001,runs_J_k16_plain\init_seed2\g003_i001\tripinfo.xml
3,2,16,1000000000000.0,-28298231;-782714971#1;111677668#0;111677669#2;24337240#2;24337240#3;26216779#1;26216781#2;311298662#0;4970256#5;4970256#6;502325084#3;5197062#4;58621262#1;876057378#3;880137009#0,runs_J_k16_plain\init_seed2\g003_i002,runs_J_k16_plain\init_seed2\g003_i002\tripinfo.xml
3,3,16,576.9213333333333,-120682114#1;-24337240#1;-783907721#1;111677668#4;111681905#2;205590836#2;25970859#0;25970859#1;26216781#1;311298658;37628709#0;498033359#0;498033359#2;835445203;876057378#3;880140407,runs_J_k16_plain\init_seed2\g003_i003,runs_J_k16_plain\init_seed2\g003_i003\tripinfo.xml
3,4,16,649.1966666666667,-111677668#3;-4950193;-498033359#0;-502325084#0;-502325084#3;-7365262;-835443464;24337240#3;26216779#1;311298662#1;502325084#0;502325084#3;782714971#1;835443464;876343449#0;880137009#1,runs_J_k16_plain\init_seed2\g003_i004,runs_J_k16_plain\init_seed2\g003_i004\tripinfo.xml
3,5,16,478.7133333333333,-120682114#2;-28298231;-311298662#0;-502325084#0;-7365262;-876343449#2;111677668#4;111681903#3;26216781#1;26216781#3;37628709#1;4935286#2;498033359#3;876057376;880137009#1;880140407,runs_J_k16_plain\init_seed2\g003_i005,runs_J_k16_plain\init_seed2\g003_i005\tripinfo.xml
3,6,16,742.2233333333334,-25970859#1;-311298665;-311298682#0;-498033359#3;-5197062#3;-535519490#1;-782714971#4;-876343449#0;111677669#3;311298662#1;4935286#1;498033359#0;502325084#3;58621262#1;62826731;880137010,runs_J_k16_plain\init_seed2\g003_i006,runs_J_k16_plain\init_seed2\g003_i006\tripinfo.xml
3,7,16,411.79533333333336,-498033359#3;-7365262;-783907721#1;-835443464;111677669#1;111681905#2;24337240#1;24337240#4;28468730#1;311298682#0;4935286#2;498033359#0;498033359#2;535519490#0;535519490#1;876057378#5,runs_J_k16_plain\init_seed2\g003_i007,runs_J_k16_plain\init_seed2\g003_i007\tripinfo.xml
3,8,14,835.8233333333334,-28298231;-311298665;-498033359#2;-880140407;111677668#4;120682114#3;28468732#1;4970256#5;502325084#1;5197062#3;535519490#0;58621262#1;876057378#0;880137009#0,runs_J_k16_plain\init_seed2\g003_i008,runs_J_k16_plain\init_seed2\g003_i008\tripinfo.xml
3,9,13,951.156,-111677668#0;-111681903#2;-205590836#0;-4950193;-502325084#0;-7365262;24337240#3;26216781#1;311298658;311298682#0;498033359#1;5197062#3;876057378#3,runs_J_k16_plain\init_seed2\g003_i009,runs_J_k16_plain\init_seed2\g003_i009\tripinfo.xml
3,10,16,808.0326666666666,-25970859#1;-498033359#1;-5197062#4;-535519490#1;-7365262;-783907721#1;111677669#1;111677669#4;24337240#4;28468730#1;311298662#0;4935286#3;498033359#0;783907721#0;876057378#0;876057378#5,runs_J_k16_plain\init_seed2\g003_i010,runs_J_k16_plain\init_seed2\g003_i010\tripinfo.xml
3,11,16,624.5206666666667,-111677671#0;-120682114#2;-311298682#0;-782714971#3;-783907721#0;111677669#1;111677669#3;24337240#7;26216779#1;5197062#4;747448014;782714966#1;782714971#0;783907721#0;876057378#0;876057378#2,runs_J_k16_plain\init_seed2\g003_i011,runs_J_k16_plain\init_seed2\g003_i011\tripinfo.xml
3,12,16,625.4173333333333,-24337240#4;-311298662#1;-502325084#0;-5197062#4;-7365262;-782714971#0;-835443464;120682114#2;24337240#7;311298662#0;502325084#3;5197062#3;782714971#0;783907721#2;835443464;876343449#2,runs_J_k16_plain\init_seed2\g003_i012,runs_J_k16_plain\init_seed2\g003_i012\tripinfo.xml
3,13,16,1000000000000.0,-111681903#0;-111681903#2;-24337240#7;-28298231;-535519490#1;-782714971#3;-783907721#0;120682114#1;26216781#3;311298665;37628709#0;37628709#1;4970256#7;782714966#0;835443464;880137009#1,runs_J_k16_plain\init_seed2\g003_i013,runs_J_k16_plain\init_seed2\g003_i013\tripinfo.xml
3,14,16,1000000000000.0,-111677668#4;-311298662#1;-502325084#1;-535519490#0;-7365262;-782714971#3;111677669#1;111681903#2;120682114#1;25970859#1;26216779#0;311298662#0;783907721#0;876057378#0;876057378#5;880140407,runs_J_k16_plain\init_seed2\g003_i014,runs_J_k16_plain\init_seed2\g003_i014\tripinfo.xml
3,15,16,2371.1106666666665,-111681903#3;-120682114#1;-24337240#2;-311298662#1;-311298665;-498033359#2;-7365262;-782714966#0;-783907721#1;-835443464;-876343449#1;-880137009#1;111677669#0;28468730#1;4935286#2;535519490#0,runs_J_k16_plain\init_seed2\g003_i015,runs_J_k16_plain\init_seed2\g003_i015\tripinfo.xml
3,16,16,418.9293333333333,-111677668#3;-111681903#0;-24337240#0;-498033359#2;-5197062#3;-5197062#4;-876343449#0;26216781#2;37628709#0;4935286#2;4970256#7;498033359#3;58621262#1;62826731;782714971#1;782714971#4,runs_J_k16_plain\init_seed2\g003_i016,runs_J_k16_plain\init_seed2\g003_i016\tripinfo.xml
3,17,16,447.528,-120682114#1;-311298658;-498033359#0;-502325084#0;-7365262;-835443464;-880140407;111677668#3;111681903#1;24337240#1;24337240#3;26216781#0;4935299#1;502325084#3;535519490#1;880140407,runs_J_k16_plain\init_seed2\g003_i017,runs_J_k16_plain\init_seed2\g003_i017\tripinfo.xml
3,18,15,788.964,-111681903#3;-120682114#1;-120682114#3;-7365262;-782714971#0;-876343449#1;111677668#4;111677669#0;111681903#0;26216779#0;4935286#1;5197062#3;876057378#3;876057378#5;880137009#0,runs_J_k16_plain\init_seed2\g003_i018,runs_J_k16_plain\init_seed2\g003_i018\tripinfo.xml
3,19,16,1180.0406666666668,-120682114#3;-25970859#1;-535519490#0;-74277990;-783907721#1;-880137009#0;24337240#5;25970859#0;311298662#1;4970256#7;4970256#8;502325084#0;535519490#0;782710712;782714971#0;876057378#5,runs_J_k16_plain\init_seed2\g003_i019,runs_J_k16_plain\init_seed2\g003_i019\tripinfo.xml
3,20,16,1000000000000.0,-111677668#0;-111677671#0;-311298665;-4950193;-498033359#1;-7365262;-74277990;111681903#0;111681903#1;205590836#2;24337240#5;25970859#0;4935286#0;4935286#2;747448014;782714971#2,runs_J_k16_plain\init_seed2\g003_i020,runs_J_k16_plain\init_seed2\g003_i020\tripinfo.xml
3,21,16,576.52,-111677668#0;-24337240#2;-498033359#1;-74277990;-783907721#1;-835445203;-880137009#0;111677668#0;24337240#5;24337240#7;26216781#0;311298662#0;311298682#0;4935286#2;4935299#1;58621262#1,runs_J_k16_plain\init_seed2\g003_i021,runs_J_k16_plain\init_seed2\g003_i021\tripinfo.xml
3,22,16,649.0126666666666,-24337240#6;-502325084#1;-535519490#1;111677669#4;205590836#2;26216781#2;28468730#1;311298682#0;4970256#6;498033359#0;498033359#2;535519490#0;747448014;782710712;782714971#3;782714971#4,runs_J_k16_plain\init_seed2\g003_i022,runs_J_k16_plain\init_seed2\g003_i022\tripinfo.xml
3,23,16,726.3506666666667,-28298231;-311298682#0;-498033359#3;-5197062#3;-783907721#2;-835445203;111677668#0;111677669#4;120682114#1;205590836#2;24337240#1;24337240#7;4970256#6;58621262#1;782714971#1;876057378#2,runs_J_k16_plain\init_seed2\g003_i023,runs_J_k16_plain\init_seed2\g003_i023\tripinfo.xml
4,0,6,375.2013333333333,-311298665;-5197062#3;-7365262;-782714971#4;4935286#2;58621262#1,runs_J_k16_plain\init_seed2\g004_i000,runs_J_k16_plain\init_seed2\g004_i000\tripinfo.xml
4,1,16,647.852,-120682114#2;-24337240#0;-28298231;-311298662#1;-5197062#3;-7365262;111677669#5;111681905#1;131942152;25970859#1;311298682#0;37628709#1;4935286#2;498033359#3;782714966#1;782714971#1,runs_J_k16_plain\init_seed2\g004_i001,runs_J_k16_plain\init_seed2\g004_i001\tripinfo.xml
4,2,16,489.2846666666667,-498033359#2;-502325084#0;-5197062#4;-782714971#0;111677669#4;26216781#1;26216781#2;4935286#2;4970256#7;535519490#1;62826731;747448014;782714971#1;876057376;876057378#2;880140407,runs_J_k16_plain\init_seed2\g004_i002,runs_J_k16_plain\init_seed2\g004_i002\tripinfo.xml
4,3,16,671.4613333333333,-111681903#2;-120682114#1;-24337240#0;-24337240#7;-311298658;-311298682#0;-502325084#0;-835443464;-876343449#1;111677668#3;24337240#1;24337240#3;25970859#0;26216781#0;782714971#1;880137009#1,runs_J_k16_plain\init_seed2\g004_i003,runs_J_k16_plain\init_seed2\g004_i003\tripinfo.xml
4,4,11,927.1653333333334,-311298685;-782714971#1;-880140407;26216779#1;26216781#3;28468730#0;311298662#0;311298665;835443464;876057378#3;876057378#5,runs_J_k16_plain\init_seed2\g004_i004,runs_J_k16_plain\init_seed2\g004_i004\tripinfo.xml
4,5,16,1000000000000.0,-311298662#1;-782714971#1;-782714971#3;-782714971#4;-835443464;-876343449#2;26216779#1;28468732#0;4970256#6;5197062#3;5197062#4;58621262#1;782714966#1;782714971#0;782714971#4;783907721#0,runs_J_k16_plain\init_seed2\g004_i005,runs_J_k16_plain\init_seed2\g004_i005\tripinfo.xml
4,6,16,1809.9533333333334,-111677671#0;-28468730#0;-498033359#1;-5197062#3;-782714971#4;111677669#1;120682114#2;24337240#7;28468730#1;311298665;311298682#0;498033359#0;502325084#1;876057376;876057378#2;880137009#1,runs_J_k16_plain\init_seed2\g004_i006,runs_J_k16_plain\init_seed2\g004_i006\tripinfo.xml
4,7,16,593.1006666666667,-111677668#3;-111681903#2;-24337240#0;-24337240#7;-4950193;-498033359#0;-5197062#4;-782714966#0;111677669#1;26216779#1;311298662#1;4935286#2;502325084#1;535519490#0;58621262#1;880140407,runs_J_k16_plain\init_seed2\g004_i007,runs_J_k16_plain\init_seed2\g004_i007\tripinfo.xml
4,8,7,631.1193333333333,-502325084#3;-5197062#3;-783907721#2;24337240#1;498033359#3;502325084#3;782714966#0,runs_J_k16_plain\init_seed2\g004_i008,runs_J_k16_plain\init_seed2\g004_i008\tripinfo.xml
4,9,16,659.3906666666667,-120682114#3;-24337240#2;-7365262;-74277990;-782714971#3;-783907721#1;-835443464;111677669#1;111681903#3;111681905#2;24337240#1;28468730#1;535519490#0;535519490#1;7924772;880137010,runs_J_k16_plain\init_seed2\g004_i009,runs_J_k16_plain\init_seed2\g004_i009\tripinfo.xml
4,10,14,487.61533333333335,-24337240#4;-311298685;-5197062#4;-783907721#1;-835443464;111677669#1;111677671#0;24337240#5;26216781#2;311298662#0;311298662#1;4935286#2;535519490#1;782714971#2,runs_J_k16_plain\init_seed2\g004_i010,runs_J_k16_plain\init_seed2\g004_i010\tripinfo.xml
4,11,16,1000000000000.0,-111681903#2;-120682114#2;-24337240#2;-24337240#7;-311298658;-311298665;-880140407;111681903#1;24337240#5;26216781#0;4935286#2;4970256#6;498033359#2;5197062#3;5197062#4;880140407,runs_J_k16_plain\init_seed2\g004_i011,runs_J_k16_plain\init_seed2\g004_i011\tripinfo.xml
4,12,16,747.3453333333333,-111677668#0;-111677668#4;-205590836#0;-311298662#1;-502325084#1;-5197062#3;-783907721#2;-835443464;111677668#3;111677669#1;111681903#1;24337240#1;24337240#3;535519490#1;782714966#0;783907721#1,runs_J_k16_plain\init_seed2\g004_i012,runs_J_k16_plain\init_seed2\g004_i012\tripinfo.xml
4,13,16,585.412,-111677668#4;-120682114#1;-498033359#0;-498033359#1;-5197062#4;-835443464;111677671#0;24337240#3;24337240#5;25970859#0;26216781#0;26216781#2;4935286#2;502325084#3;5197062#3;58621262#1,runs_J_k16_plain\init_seed2\g004_i013,runs_J_k16_plain\init_seed2\g004_i013\tripinfo.xml
4,14,14,406.5846666666667,-111677668#3;-311298662#1;-498033359#0;-783907721#1;111681903#1;205590836#2;24337240#0;24337240#1;535519490#1;782714966#0;782714971#4;835443464;876057378#3;880140407,runs_J_k16_plain\init_seed2\g004_i014,runs_J_k16_plain\init_seed2\g004_i014\tripinfo.xml
4,15,16,790.728,-111677668#0;-111677668#3;-120682114#1;-25970859#0;-782714971#4;-783907721#0;-835443464;111677671#0;111681903#0;24337240#5;28468732#0;4970256#6;502325084#3;58621262#1;782714966#0;782714971#1,runs_J_k16_plain\init_seed2\g004_i015,runs_J_k16_plain\init_seed2\g004_i015\tripinfo.xml
4,16,16,390.4286666666667,-24337240#3;-311298682#0;-498033359#0;-5197062#3;-7365262;-782714966#0;-782714966#1;-782714971#4;-876343449#0;111681905#2;120682114#1;131942152;26216781#1;4935286#2;498033359#0;880137009#0,runs_J_k16_plain\init_seed2\g004_i016,runs_J_k16_plain\init_seed2\g004_i016\tripinfo.xml
4,17,16,662.7113333333333,-311298662#1;-498033359#3;-502325084#0;-7365262;-782714971#1;-782714971#2;-782714971#3;-835443464;111681905#2;131942152;24337240#7;26216781#3;28468732#1;4935299#1;502325084#1;835445203,runs_J_k16_plain\init_seed2\g004_i017,runs_J_k16_plain\init_seed2\g004_i017\tripinfo.xml
4,18,16,1000000000000.0,-120682114#2;-311298665;-535519490#1;24337240#1;24337240#3;24337240#4;311298662#1;498033359#2;502325084#3;535519490#0;782714971#0;782714971#3;783907721#0;783907721#2;876057378#2;876057378#5,runs_J_k16_plain\init_seed2\g004_i018,runs_J_k16_plain\init_seed2\g004_i018\tripinfo.xml
4,19,16,1000000000000.0,-205590836#0;-311298665;-5197062#3;-7365262;-782714971#2;-876343449#0;111681905#2;26216781#2;311298662#1;311298665;4935286#3;62826731;782714971#0;876057378#2;876343449#0;880137010,runs_J_k16_plain\init_seed2\g004_i019,runs_J_k16_plain\init_seed2\g004_i019\tripinfo.xml
4,20,16,761.672,-24337240#2;-25970859#1;-311298682#0;-498033359#3;-835443464;111677669#3;111681903#1;111681903#2;24337240#2;25970859#1;4935286#1;4935286#2;58621262#1;782714971#4;783907721#0;880137009#0,runs_J_k16_plain\init_seed2\g004_i020,runs_J_k16_plain\init_seed2\g004_i020\tripinfo.xml
4,21,16,681.4653333333333,-111677668#0;-120682114#1;-120682114#3;-24337240#2;-782714971#4;-876343449#1;111677668#0;111677668#3;111681903#1;24337240#5;24337240#7;25970859#0;311298658;4935286#2;782714971#3;876343449#0,runs_J_k16_plain\init_seed2\g004_i021,runs_J_k16_plain\init_seed2\g004_i021\tripinfo.xml
4,22,2,644.456,-880140407;876057378#1,runs_J_k16_plain\init_seed2\g004_i022,runs_J_k16_plain\init_seed2\g004_i022\tripinfo.xml
4,23,16,647.662,-111677668#4;-24337240#0;-498033359#1;-498033359#3;-7365262;-74277990;-835445203;-876343449#0;111681905#2;24337240#1;26216781#2;37628709#0;498033359#2;498033359#3;58621262#0;747448014,runs_J_k16_plain\init_seed2\g004_i023,runs_J_k16_plain\init_seed2\g004_i023\tripinfo.xml
5,0,6,375.2013333333333,-311298665;-5197062#3;-7365262;-782714971#4;4935286#2;58621262#1,runs_J_k16_plain\init_seed2\g005_i000,runs_J_k16_plain\init_seed2\g005_i000\tripinfo.xml
5,1,16,564.612,-111677668#4;-111681903#1;-111681903#2;-25970859#1;-4950193;-5197062#4;-876343449#1;-880140407;28468730#0;311298662#1;4935286#2;4935286#3;4970256#7;5197062#3;535519490#0;880140407,runs_J_k16_plain\init_seed2\g005_i001,runs_J_k16_plain\init_seed2\g005_i001\tripinfo.xml
5,2,8,617.8613333333333,-24337240#7;-4950193;-880140407;111677669#1;502325084#3;782714971#1;782714971#2;783907721#0,runs_J_k16_plain\init_seed2\g005_i002,runs_J_k16_plain\init_seed2\g005_i002\tripinfo.xml
5,3,16,449.442,-120682114#1;-311298665;-5197062#3;-782714971#4;-876343449#1;-880137009#1;111677669#2;111677669#4;120682114#3;24337240#7;26216781#3;28468732#1;4935286#2;498033359#1;535519490#0;58621262#1,runs_J_k16_plain\init_seed2\g005_i003,runs_J_k16_plain\init_seed2\g005_i003\tripinfo.xml
5,4,16,432.9873333333333,-120682114#1;-783907721#2;-835443464;-876343449#2;26216781#0;26216781#2;311298662#0;311298662#1;311298682#0;37628709#0;4935286#0;4935286#2;782714971#2;876057378#0;876057378#3;876343449#1,runs_J_k16_plain\init_seed2\g005_i004,runs_J_k16_plain\init_seed2\g005_i004\tripinfo.xml
5,5,16,677.3626666666667,-120682114#1;-311298682#0;-498033359#0;-7365262;-782714966#0;-782714971#1;131942152;25970859#1;26216781#1;28468732#1;311298662#0;4935286#2;4970256#7;502325084#1;7924772;880137009#0,runs_J_k16_plain\init_seed2\g005_i005,runs_J_k16_plain\init_seed2\g005_i005\tripinfo.xml
5,6,16,757.67,-111681903#0;-311298662#1;-498033359#2;-5197062#3;-5197062#4;-7365262;-782714971#4;-876343449#0;111681905#2;131942152;24337240#4;311298665;4935286#3;835445203;876057378#0;880137009#0,runs_J_k16_plain\init_seed2\g005_i006,runs_J_k16_plain\init_seed2\g005_i006\tripinfo.xml
5,7,16,845.542,-111681903#2;-24337240#3;-311298682#0;-498033359#0;-535519490#0;-7365262;-782714966#1;-782714971#1;111677669#5;131942152;24337240#5;4935286#2;498033359#0;783907721#1;835443464;880137009#1,runs_J_k16_plain\init_seed2\g005_i007,runs_J_k16_plain\init_seed2\g005_i007\tripinfo.xml
5,8,16,613.4466666666667,-498033359#2;-7365262;-782714966#0;-782714971#3;-782714971#4;111677668#0;111681905#2;120682114#1;120682114#2;131942152;205590836#2;26216781#3;4935286#2;4970256#7;498033359#0;880137010,runs_J_k16_plain\init_seed2\g005_i008,runs_J_k16_plain\init_seed2\g005_i008\tripinfo.xml
5,9,16,394.956,-111677668#3;-111677671#0;-24337240#3;-24337240#4;-311298665;-311298685;-7365262;-782714971#2;-782714971#4;-835443464;24337240#3;28468732#1;4935286#2;5197062#4;535519490#0;58621262#1,runs_J_k16_plain\init_seed2\g005_i009,runs_J_k16_plain\init_seed2\g005_i009\tripinfo.xml
5,10,16,1000000000000.0,-24337240#3;-311298658;-498033359#3;-502325084#3;-880140407;111677669#0;120682114#2;311298658;502325084#0;782714971#0;876057378#0;876057378#1;876057378#5;876343449#1;880137009#0;880140407,runs_J_k16_plain\init_seed2\g005_i010,runs_J_k16_plain\init_seed2\g005_i010\tripinfo.xml
5,11,16,623.4,-24337240#2;-498033359#0;-502325084#3;-783907721#1;-876343449#1;-880137009#1;111677669#5;111681903#1;205590836#2;24337240#0;24337240#1;24337240#3;25970859#1;782714966#0;783907721#2;876057378#2,runs_J_k16_plain\init_seed2\g005_i011,runs_J_k16_plain\init_seed2\g005_i011\tripinfo.xml
5,12,16,660.196,-111677668#0;-111681903#2;-498033359#0;-535519490#0;-7365262;-783907721#1;111677668#4;111677669#2;111681903#1;111681903#2;111681905#1;205590836#2;535519490#1;876057378#2;876057378#3;880140407,runs_J_k16_plain\init_seed2\g005_i012,runs_J_k16_plain\init_seed2\g005_i012\tripinfo.xml
5,13,16,794.974,-120682114#3;-24337240#4;-311298685;-502325084#0;-782714971#4;-783907721#1;-835443464;111677669#1;111677669#5;24337240#1;24337240#3;498033359#1;782714971#1;835443464;876057378#0;876057378#1,runs_J_k16_plain\init_seed2\g005_i013,runs_J_k16_plain\init_seed2\g005_i013\tripinfo.xml
5,14,16,622.5486666666667,-111681903#3;-24337240#0;-24337240#7;-5197062#4;-783907721#2;111677668#3;111677671#0;26216779#0;311298682#0;502325084#3;58621262#0;58621262#1;62826731;782714966#0;782714971#2;782714971#4,runs_J_k16_plain\init_seed2\g005_i014,runs_J_k16_plain\init_seed2\g005_i014\tripinfo.xml
5,15,16,775.3073333333333,-111677668#4;-205590836#0;-24337240#7;-498033359#2;-502325084#0;-502325084#3;-782714971#0;-782714971#4;111677669#0;311298658;4935286#3;4970256#7;535519490#1;62826731;747448014;783907721#0,runs_J_k16_plain\init_seed2\g005_i015,runs_J_k16_plain\init_seed2\g005_i015\tripinfo.xml
5,16,16,529.2793333333333,-120682114#2;-5197062#3;-74277990;-782714971#0;-782714971#2;-782714971#4;111677669#3;111681903#1;131942152;205590836#2;25970859#0;26216781#1;4935286#2;502325084#0;876057376;880140407,runs_J_k16_plain\init_seed2\g005_i016,runs_J_k16_plain\init_seed2\g005_i016\tripinfo.xml
5,17,14,383.3793333333333,-205590836#0;-24337240#3;-24337240#7;-311298662#0;-498033359#0;-7365262;-835443464;-876343449#0;111681905#2;131942152;24337240#1;4935286#2;876057378#1;876343449#2,runs_J_k16_plain\init_seed2\g005_i017,runs_J_k16_plain\init_seed2\g005_i017\tripinfo.xml
5,18,16,580.6906666666666,-111677668#3;-111681903#3;-120682114#2;-4950193;-498033359#3;-5197062#3;-782714966#0;-783907721#1;-876343449#0;111677669#2;111681903#1;37628709#0;498033359#0;535519490#1;835443464;876057378#3,runs_J_k16_plain\init_seed2\g005_i018,runs_J_k16_plain\init_seed2\g005_i018\tripinfo.xml
5,19,16,1000000000000.0,-25970859#1;-311298658;-311298665;-498033359#2;-782714971#4;-783907721#2;111677669#3;111681903#3;120682114#2;120682114#3;311298682#0;4935286#0;4935286#2;4970256#5;58621262#1;7924772,runs_J_k16_plain\init_seed2\g005_i019,runs_J_k16_plain\init_seed2\g005_i019\tripinfo.xml
5,20,16,928.8006666666666,-120682114#3;-25970859#0;-498033359#1;-5197062#3;-7365262;-782714971#1;-880140407;111681903#3;120682114#3;24337240#1;28468730#1;311298662#1;58621262#1;62826731;782710712;876057378#1,runs_J_k16_plain\init_seed2\g005_i020,runs_J_k16_plain\init_seed2\g005_i020\tripinfo.xml
5,21,16,378.4866666666667,-111681903#2;-311298685;-782714971#2;-783907721#1;-835443464;-880137009#1;111677669#1;111677669#4;24337240#3;26216779#1;26216781#1;311298662#0;4935286#2;4970256#6;747448014;782714971#1,runs_J_k16_plain\init_seed2\g005_i021,runs_J_k16_plain\init_seed2\g005_i021\tripinfo.xml
5,22,12,1000000000000.0,-4950193;-498033359#1;-498033359#2;-502325084#0;-74277990;-782714971#3;24337240#7;26216781#2;28468730#0;37628709#0;876057376;876057378#2,runs_J_k16_plain\init_seed2\g005_i022,runs_J_k16_plain\init_seed2\g005_i022\tripinfo.xml
5,23,16,1000000000000.0,-311298665;-4950193;-7365262;-782714971#4;111677669#0;111681903#3;24337240#1;26216781#3;311298665;311298685;37628709#1;4935286#2;4970256#6;4970256#8;498033359#3;876343449#0,runs_J_k16_plain\init_seed2\g005_i023,runs_J_k16_plain\init_seed2\g005_i023\tripinfo.xml
6,0,6,375.2013333333333,-311298665;-5197062#3;-7365262;-782714971#4;4935286#2;58621262#1,runs_J_k16_plain\init_seed2\g006_i000,runs_J_k16_plain\init_seed2\g006_i000\tripinfo.xml
6,1,16,879.0826666666667,-111681903#2;-111681903#3;-24337240#6;-5197062#3;-876343449#0;111677669#2;111681903#0;120682114#3;24337240#7;26216781#3;37628709#0;535519490#0;782714966#0;782714971#4;876057378#2;876057378#4,runs_J_k16_plain\init_seed2\g006_i001,runs_J_k16_plain\init_seed2\g006_i001\tripinfo.xml
6,2,12,574.5886666666667,-111677668#3;-25970859#1;-4950193;-5197062#3;-782714971#1;-782714971#4;-876343449#1;111677669#2;25970859#0;28468730#0;4970256#8;880137010,runs_J_k16_plain\init_seed2\g006_i002,runs_J_k16_plain\init_seed2\g006_i002\tripinfo.xml
6,3,16,550.2753333333334,-111681903#0;-120682114#1;-498033359#0;-5197062#3;-7365262;-782714971#3;111677668#4;111681905#2;24337240#1;24337240#4;37628709#1;4935286#3;4970256#5;498033359#3;782714971#1;835445203,runs_J_k16_plain\init_seed2\g006_i003,runs_J_k16_plain\init_seed2\g006_i003\tripinfo.xml
6,4,16,443.68533333333335,-24337240#7;-502325084#1;-5197062#3;-5197062#4;-7365262;-835443464;-876343449#0;111681905#2;24337240#3;4935286#2;4935299#1;4970256#6;535519490#0;782714971#3;876057378#1;876343449#2,runs_J_k16_plain\init_seed2\g006_i004,runs_J_k16_plain\init_seed2\g006_i004\tripinfo.xml
6,5,16,1000000000000.0,-111677668#4;-120682114#3;-311298665;-4950193;-498033359#2;-5197062#3;-782714966#1;-782714971#4;-783907721#1;-835443464;-835445203;24337240#1;311298662#0;311298665;58621262#1;876057378#0,runs_J_k16_plain\init_seed2\g006_i005,runs_J_k16_plain\init_seed2\g006_i005\tripinfo.xml
6,6,16,574.22,-24337240#4;-25970859#1;-311298685;-7365262;-782714971#2;111677669#2;111681903#2;24337240#1;25970859#1;26216781#3;311298662#1;4935286#2;4970256#6;782714966#1;782714971#1;876343449#0,runs_J_k16_plain\init_seed2\g006_i006,runs_J_k16_plain\init_seed2\g006_i006\tripinfo.xml
6,7,16,450.7733333333333,-25970859#1;-502325084#1;-876343449#1;-880140407;111677668#3;111677669#0;25970859#1;28468730#0;311298662#0;311298662#1;4935286#2;5197062#3;58621262#1;835443464;876057378#3;880137009#1,runs_J_k16_plain\init_seed2\g006_i007,runs_J_k16_plain\init_seed2\g006_i007\tripinfo.xml
6,8,16,451.66133333333335,-111681903#2;-120682114#2;-24337240#2;-5197062#4;-782714971#4;111681903#2;24337240#4;26216781#0;28468730#0;311298665;37628709#1;4935286#0;4970256#7;4970256#8;535519490#0;876343449#1,runs_J_k16_plain\init_seed2\g006_i008,runs_J_k16_plain\init_seed2\g006_i008\tripinfo.xml
6,9,16,694.84,-120682114#1;-24337240#2;-311298665;-5197062#3;-782714971#2;-782714971#4;111677669#4;24337240#2;24337240#7;311298658;311298665;4935286#2;58621262#1;782714971#1;7924772;880140407,runs_J_k16_plain\init_seed2\g006_i009,runs_J_k16_plain\init_seed2\g006_i009\tripinfo.xml
6,10,16,612.6246666666667,-311298682#0;-502325084#0;-535519490#0;-74277990;-782714971#0;-876343449#1;111677669#4;120682114#3;25970859#0;28468732#1;311298662#1;4935286#3;4970256#8;5197062#4;535519490#1;782714966#0,runs_J_k16_plain\init_seed2\g006_i010,runs_J_k16_plain\init_seed2\g006_i010\tripinfo.xml
6,11,16,1000000000000.0,-111677668#3;-311298665;-311298685;-7365262;-835443464;24337240#0;26216779#0;26216781#0;26216781#2;28468732#0;311298665;311298682#0;4935286#0;4935286#1;62826731;876057378#0,runs_J_k16_plain\init_seed2\g006_i011,runs_J_k16_plain\init_seed2\g006_i011\tripinfo.xml
6,12,16,672.5506666666666,-111677671#0;-120682114#2;-24337240#3;-24337240#4;-782714966#0;-876343449#0;111677669#2;131942152;25970859#0;311298662#1;4935286#1;4935286#2;782714971#2;782714971#3;876343449#0;876343449#1,runs_J_k16_plain\init_seed2\g006_i012,runs_J_k16_plain\init_seed2\g006_i012\tripinfo.xml
6,13,16,1443.2053333333333,-120682114#1;-24337240#7;-311298685;-5197062#3;111677668#0;111677668#3;24337240#2;24337240#4;28468730#1;498033359#1;535519490#1;58621262#0;782714971#3;782714971#4;876343449#2;880137009#1,runs_J_k16_plain\init_seed2\g006_i013,runs_J_k16_plain\init_seed2\g006_i013\tripinfo.xml
6,14,16,536.8666666666667,-111681903#1;-111681903#3;-25970859#1;-498033359#1;-5197062#3;-7365262;-783907721#2;-876343449#1;111677669#4;26216781#3;311298682#0;4935286#2;535519490#0;62826731;782710712;782714966#0,runs_J_k16_plain\init_seed2\g006_i014,runs_J_k16_plain\init_seed2\g006_i014\tripinfo.xml
6,15,16,681.0566666666666,-111677668#3;-111681903#0;-24337240#1;-24337240#3;-498033359#2;-7365262;-782714971#4;-835443464;-880140407;111677668#3;26216779#0;28468732#1;502325084#3;782714971#2;876057378#4;876343449#0,runs_J_k16_plain\init_seed2\g006_i015,runs_J_k16_plain\init_seed2\g006_i015\tripinfo.xml
6,16,16,741.0906666666667,-111677671#0;-111681903#3;-24337240#4;-311298685;-7365262;-782714971#2;111677669#5;205590836#2;24337240#0;4935286#2;502325084#1;5197062#4;58621262#1;782714971#1;835443464;876343449#1,runs_J_k16_plain\init_seed2\g006_i016,runs_J_k16_plain\init_seed2\g006_i016\tripinfo.xml
6,17,16,667.988,-120682114#2;-311298685;-502325084#3;-782714971#1;-782714971#4;-876343449#0;111677669#4;111681903#1;120682114#1;26216781#2;37628709#0;498033359#0;535519490#1;782714971#0;876057378#5;880137010,runs_J_k16_plain\init_seed2\g006_i017,runs_J_k16_plain\init_seed2\g006_i017\tripinfo.xml
6,18,16,1921.684,-111677668#3;-111681903#0;-111681903#3;-4950193;-498033359#2;-5197062#3;-535519490#0;-782714966#0;111677669#2;111681903#2;120682114#2;205590836#2;26216781#3;311298662#1;502325084#3;782714971#4,runs_J_k16_plain\init_seed2\g006_i018,runs_J_k16_plain\init_seed2\g006_i018\tripinfo.xml
6,19,15,364.726,-111677668#3;-111681903#3;-120682114#2;-24337240#3;-24337240#4;-311298685;-4950193;-7365262;-74277990;-782714971#0;-782714971#4;37628709#1;4935286#2;535519490#0;876343449#0,runs_J_k16_plain\init_seed2\g006_i019,runs_J_k16_plain\init_seed2\g006_i019\tripinfo.xml
6,20,16,1000000000000.0,-111677668#3;-111681903#2;-24337240#3;-24337240#4;-24337240#6;-782714971#2;-782714971#4;120682114#1;24337240#3;24337240#4;28468732#1;4935286#2;4935286#3;502325084#0;5197062#4;880140407,runs_J_k16_plain\init_seed2\g006_i020,runs_J_k16_plain\init_seed2\g006_i020\tripinfo.xml
6,21,16,636.3926666666666,-120682114#1;-24337240#4;-25970859#1;-311298662#1;-782714971#4;-876343449#2;-880140407;111677669#2;24337240#3;25970859#1;26216781#3;28468732#1;4935286#2;502325084#1;58621262#1;783907721#2,runs_J_k16_plain\init_seed2\g006_i021,runs_J_k16_plain\init_seed2\g006_i021\tripinfo.xml
6,22,16,1000000000000.0,-111681903#1;-111681903#2;-28298231;-311298665;-880137009#1;131942152;26216781#3;28468730#1;4935286#2;4970256#7;4970256#8;535519490#0;535519490#1;747448014;876343449#0;880140407,runs_J_k16_plain\init_seed2\g006_i022,runs_J_k16_plain\init_seed2\g006_i022\tripinfo.xml
6,23,16,1000000000000.0,-111681903#1;-24337240#4;-311298665;-4950193;-5197062#3;-7365262;-782714971#4;24337240#7;4935286#0;4935286#1;4935286#2;4935286#3;4970256#7;5197062#3;535519490#0;876343449#0,runs_J_k16_plain\init_seed2\g006_i023,runs_J_k16_plain\init_seed2\g006_i023\tripinfo.xml
7,0,15,364.726,-111677668#3;-111681903#3;-120682114#2;-24337240#3;-24337240#4;-311298685;-4950193;-7365262;-74277990;-782714971#0;-782714971#4;37628709#1;4935286#2;535519490#0;876343449#0,runs_J_k16_plain\init_seed2\g007_i000,runs_J_k16_plain\init_seed2\g007_i000\tripinfo.xml
7,1,16,647.8926666666666,-111677668#3;-120682114#2;-24337240#3;-24337240#7;-498033359#1;-502325084#1;205590836#2;24337240#3;24337240#4;37628709#1;4970256#7;4970256#8;782714971#3;876343449#0;876343449#2;880137009#1,runs_J_k16_plain\init_seed2\g007_i001,runs_J_k16_plain\init_seed2\g007_i001\tripinfo.xml
7,2,16,514.7546666666667,-24337240#2;-24337240#4;-782714966#0;-783907721#0;-880137009#0;111677668#0;111681905#2;25970859#0;26216781#1;311298685;4935299#1;4970256#6;498033359#3;535519490#0;782714966#0;7924772,runs_J_k16_plain\init_seed2\g007_i002,runs_J_k16_plain\init_seed2\g007_i002\tripinfo.xml
7,3,16,1000000000000.0,-111681903#2;-311298665;-311298682#0;-5197062#4;-782714971#4;-880137009#1;24337240#0;28468730#0;37628709#1;4935286#0;4935286#1;4970256#7;4970256#8;502325084#1;782710712;876343449#1,runs_J_k16_plain\init_seed2\g007_i003,runs_J_k16_plain\init_seed2\g007_i003\tripinfo.xml
7,4,16,378.2506666666667,-111677668#3;-24337240#2;-24337240#4;-24337240#6;-311298658;-782714971#4;111681903#3;24337240#2;26216779#0;28468732#1;4935286#2;4970256#7;502325084#3;5197062#3;58621262#1;7924772,runs_J_k16_plain\init_seed2\g007_i004,runs_J_k16_plain\init_seed2\g007_i004\tripinfo.xml
7,5,16,718.2186666666666,-111677668#0;-111677668#3;-111681903#0;-120682114#2;-24337240#0;-24337240#6;-28468730#0;-5197062#4;-835443464;26216779#0;26216781#0;311298665;4935286#0;58621262#0;782714966#1;782714971#2,runs_J_k16_plain\init_seed2\g007_i005,runs_J_k16_plain\init_seed2\g007_i005\tripinfo.xml
7,6,16,469.66066666666666,-111677668#3;-111681903#1;-24337240#2;-5197062#4;-7365262;-783907721#1;111677668#3;111677669#5;311298665;37628709#1;4970256#6;4970256#7;535519490#0;782714966#0;783907721#1;876057378#1,runs_J_k16_plain\init_seed2\g007_i006,runs_J_k16_plain\init_seed2\g007_i006\tripinfo.xml
7,7,5,605.2293333333333,-111677668#0;-311298662#0;-502325084#1;-5197062#3;-782714971#0,runs_J_k16_plain\init_seed2\g007_i007,runs_J_k16_plain\init_seed2\g007_i007\tripinfo.xml
7,8,16,651.5413333333333,-111681903#0;-311298682#0;-498033359#0;-502325084#0;-5197062#3;-7365262;-782714971#4;-835443464;-835445203;37628709#1;4970256#6;4970256#7;502325084#1;535519490#0;58621262#1;782714971#3,runs_J_k16_plain\init_seed2\g007_i008,runs_J_k16_plain\init_seed2\g007_i008\tripinfo.xml
7,9,16,1424.844,-111681903#3;-311298658;-535519490#1;-7365262;-783907721#2;-880137009#1;111677668#4;111677669#0;26216781#0;37628709#1;4935286#3;5197062#3;535519490#0;782714966#0;782714971#1;876057378#5,runs_J_k16_plain\init_seed2\g007_i009,runs_J_k16_plain\init_seed2\g007_i009\tripinfo.xml
7,10,16,707.6046666666666,-25970859#0;-535519490#0;-7365262;-782714966#1;-782714971#3;111677668#4;111677669#4;111681905#2;120682114#3;24337240#4;498033359#3;535519490#1;747448014;782710712;782714971#2;782714971#4,runs_J_k16_plain\init_seed2\g007_i010,runs_J_k16_plain\init_seed2\g007_i010\tripinfo.xml
7,11,16,464.298,-24337240#6;-25970859#0;-25970859#1;-311298685;-5197062#4;-7365262;-782714971#2;-835443464;24337240#3;26216781#3;4935286#2;58621262#0;782714966#1;783907721#0;876343449#2;880137009#0,runs_J_k16_plain\init_seed2\g007_i011,runs_J_k16_plain\init_seed2\g007_i011\tripinfo.xml
7,12,16,496.95533333333333,-24337240#7;-498033359#1;-502325084#0;-5197062#3;-876343449#0;111677668#0;111681903#1;111681905#2;24337240#3;28468730#1;4935286#2;4935299#1;4970256#6;535519490#0;58621262#1;876057378#5,runs_J_k16_plain\init_seed2\g007_i012,runs_J_k16_plain\init_seed2\g007_i012\tripinfo.xml
7,13,16,439.166,-111677671#0;-502325084#3;-5197062#3;-5197062#4;-835443464;-835445203;111681903#2;111681905#2;24337240#3;26216779#1;26216781#2;4935286#2;4935299#1;535519490#0;782714971#0;876057378#1,runs_J_k16_plain\init_seed2\g007_i013,runs_J_k16_plain\init_seed2\g007_i013\tripinfo.xml
7,14,16,663.5486666666667,-120682114#2;-311298685;-498033359#1;-498033359#2;-782714971#1;-782714971#3;111677668#4;111677669#2;111677669#4;111681903#3;111681905#1;498033359#1;498033359#3;782714971#0;782714971#3;876057378#5,runs_J_k16_plain\init_seed2\g007_i014,runs_J_k16_plain\init_seed2\g007_i014\tripinfo.xml
7,15,16,2703.6986666666667,-120682114#2;-205590836#0;-311298658;-502325084#1;-535519490#1;-782714966#1;-782714971#1;-782714971#4;111677668#3;111681903#1;24337240#2;26216781#2;311298662#0;311298665;782714971#0;835443464,runs_J_k16_plain\init_seed2\g007_i015,runs_J_k16_plain\init_seed2\g007_i015\tripinfo.xml
7,16,16,1000000000000.0,-25970859#1;-502325084#3;-782714971#1;-782714971#2;-876343449#0;-876343449#2;111677668#0;111677669#0;120682114#2;24337240#3;37628709#0;37628709#1;4935286#2;5197062#3;876057378#5;880140407,runs_J_k16_plain\init_seed2\g007_i016,runs_J_k16_plain\init_seed2\g007_i016\tripinfo.xml
7,17,7,644.456,-111677668#3;-25970859#1;-311298662#1;-5197062#3;-782714971#1;26216779#1;37628709#0,runs_J_k16_plain\init_seed2\g007_i017,runs_J_k16_plain\init_seed2\g007_i017\tripinfo.xml
7,18,16,680.87,-111681903#1;-111681903#3;-5197062#3;-782714966#0;-880140407;111677669#0;111681905#1;24337240#0;311298662#1;311298682#0;4935286#3;5197062#3;58621262#1;62826731;783907721#1;835443464,runs_J_k16_plain\init_seed2\g007_i018,runs_J_k16_plain\init_seed2\g007_i018\tripinfo.xml
7,19,16,545.3406666666667,-24337240#4;-4950193;-502325084#3;131942152;24337240#4;311298665;311298685;37628709#1;4970256#7;4970256#8;502325084#0;502325084#3;535519490#0;58621262#0;7924772;835445203,runs_J_k16_plain\init_seed2\g007_i019,runs_J_k16_plain\init_seed2\g007_i019\tripinfo.xml
7,20,16,809.0526666666667,-120682114#2;-24337240#2;-311298662#1;-311298685;-782714971#2;-782714971#4;111677668#0;111677668#4;111681903#2;120682114#1;205590836#2;28468730#0;311298662#1;58621262#1;62826731;876343449#1,runs_J_k16_plain\init_seed2\g007_i020,runs_J_k16_plain\init_seed2\g007_i020\tripinfo.xml
7,21,16,1314.9093333333333,-111677668#3;-111681903#1;-111681903#2;-111681903#3;-24337240#4;-5197062#4;-535519490#1;-835445203;-876343449#0;111677669#2;24337240#3;26216781#1;26216781#3;311298658;4935286#2;880137010,runs_J_k16_plain\init_seed2\g007_i021,runs_J_k16_plain\init_seed2\g007_i021\tripinfo.xml
7,22,16,1000000000000.0,-120682114#1;-25970859#1;-28298231;-311298665;-502325084#1;-5197062#3;26216779#1;311298662#0;498033359#0;502325084#1;747448014;782710712;782714966#0;782714971#0;782714971#3;876057378#1,runs_J_k16_plain\init_seed2\g007_i022,runs_J_k16_plain\init_seed2\g007_i022\tripinfo.xml
7,23,11,624.8026666666667,-311298682#0;-311298685;-5197062#3;-782714971#3;-876343449#0;24337240#1;24337240#4;311298685;37628709#1;783907721#1;876343449#0,runs_J_k16_plain\init_seed2\g007_i023,runs_J_k16_plain\init_seed2\g007_i023\tripinfo.xml
8,0,15,364.726,-111677668#3;-111681903#3;-120682114#2;-24337240#3;-24337240#4;-311298685;-4950193;-7365262;-74277990;-782714971#0;-782714971#4;37628709#1;4935286#2;535519490#0;876343449#0,runs_J_k16_plain\init_seed2\g008_i000,runs_J_k16_plain\init_seed2\g008_i000\tripinfo.xml
8,1,16,415.04133333333334,-111677668#0;-111677668#3;-311298658;-4950193;-498033359#1;-5197062#3;-782714971#4;111681903#3;24337240#7;26216781#3;4935286#2;4935299#1;58621262#1;782714971#4;7924772;880137009#1,runs_J_k16_plain\init_seed2\g008_i001,runs_J_k16_plain\init_seed2\g008_i001\tripinfo.xml
8,2,16,459.60333333333335,-24337240#0;-502325084#0;-782714966#0;-876343449#0;-876343449#2;111677668#3;111677668#4;111677671#0;111681903#1;111681905#2;24337240#3;26216779#0;26216781#2;311298662#0;4935286#2;498033359#3,runs_J_k16_plain\init_seed2\g008_i002,runs_J_k16_plain\init_seed2\g008_i002\tripinfo.xml
8,3,16,702.0906666666667,-24337240#1;-25970859#1;-498033359#2;-502325084#0;-5197062#3;-782714971#0;-783907721#2;-876343449#1;111677668#0;111677669#1;24337240#3;24337240#5;28468730#1;4970256#6;535519490#0;58621262#1,runs_J_k16_plain\init_seed2\g008_i003,runs_J_k16_plain\init_seed2\g008_i003\tripinfo.xml
8,4,16,1538.2626666666667,-24337240#2;-311298685;-498033359#0;-498033359#1;-783907721#2;111677669#1;111677669#2;111677669#5;111677671#0;111681905#2;120682114#3;24337240#3;24337240#4;26216779#0;783907721#1;880137009#0,runs_J_k16_plain\init_seed2\g008_i004,runs_J_k16_plain\init_seed2\g008_i004\tripinfo.xml
8,5,16,1000000000000.0,-120682114#1;-24337240#2;-7365262;-783907721#1;111677669#5;111681903#0;28468730#0;311298662#0;311298665;4935286#0;4970256#6;498033359#3;502325084#1;535519490#0;782714966#0;880137009#0,runs_J_k16_plain\init_seed2\g008_i005,runs_J_k16_plain\init_seed2\g008_i005\tripinfo.xml
8,6,16,452.77133333333336,-111677668#3;-120682114#1;-24337240#2;-24337240#3;-311298662#0;-5197062#3;-782714966#0;-783907721#1;111677668#3;26216779#0;311298665;37628709#1;58621262#1;782714971#1;783907721#1;876057378#1,runs_J_k16_plain\init_seed2\g008_i006,runs_J_k16_plain\init_seed2\g008_i006\tripinfo.xml
8,7,16,576.9213333333333,-5197062#4;-782714971#1;-783907721#2;111677668#0;111681905#2;26216781#1;311298682#0;4935286#2;4935299#1;4970256#8;498033359#1;58621262#0;58621262#1;782710712;782714966#0;7924772,runs_J_k16_plain\init_seed2\g008_i007,runs_J_k16_plain\init_seed2\g008_i007\tripinfo.xml
8,8,16,670.7653333333334,-24337240#1;-24337240#4;-28298231;-498033359#0;-782714966#0;-876343449#0;111677668#0;111681903#1;26216781#1;28468730#0;311298662#0;4935299#1;4970256#6;535519490#0;7924772;876057378#5,runs_J_k16_plain\init_seed2\g008_i008,runs_J_k16_plain\init_seed2\g008_i008\tripinfo.xml
8,9,16,1129.0786666666668,-111681903#2;-24337240#0;-311298682#0;-502325084#1;-5197062#3;-782714971#4;111677669#0;111681903#3;120682114#2;24337240#2;25970859#0;311298685;502325084#3;5197062#3;58621262#1;876057378#3,runs_J_k16_plain\init_seed2\g008_i009,runs_J_k16_plain\init_seed2\g008_i009\tripinfo.xml
8,10,16,2256.8306666666667,-111681903#0;-205590836#0;-24337240#2;-24337240#4;-25970859#1;-502325084#0;-502325084#3;-783907721#0;111677668#0;111677668#3;111677669#2;111677669#5;26216779#0;26216781#1;28468732#1;4935299#1,runs_J_k16_plain\init_seed2\g008_i010,runs_J_k16_plain\init_seed2\g008_i010\tripinfo.xml
8,11,16,862.6166666666667,-111677668#3;-111677668#4;-24337240#4;-502325084#0;-502325084#3;-5197062#3;111681905#2;131942152;24337240#3;28468730#1;311298665;498033359#1;5197062#4;58621262#1;7924772;876057378#3,runs_J_k16_plain\init_seed2\g008_i011,runs_J_k16_plain\init_seed2\g008_i011\tripinfo.xml
8,12,16,458.498,-311298685;-498033359#1;-502325084#3;-7365262;-782714971#2;-835445203;111677668#4;24337240#2;24337240#7;311298685;37628709#1;4935286#2;4970256#8;502325084#0;502325084#1;535519490#0,runs_J_k16_plain\init_seed2\g008_i012,runs_J_k16_plain\init_seed2\g008_i012\tripinfo.xml
8,13,16,801.936,-120682114#1;-498033359#1;-880137009#0;111677668#0;111677669#3;26216781#0;311298662#0;311298662#1;37628709#1;4935286#0;4935286#1;4935286#2;4970256#6;502325084#0;535519490#0;876057378#1,runs_J_k16_plain\init_seed2\g008_i013,runs_J_k16_plain\init_seed2\g008_i013\tripinfo.xml
8,14,16,2030.8473333333334,-111681903#3;-498033359#2;-498033359#3;-502325084#1;-5197062#4;-783907721#1;111677668#3;111681903#1;4935299#1;535519490#0;535519490#1;782714971#0;782714971#3;783907721#1;876057376;876057378#3,runs_J_k16_plain\init_seed2\g008_i014,runs_J_k16_plain\init_seed2\g008_i014\tripinfo.xml
8,15,16,624.2846666666667,-28468730#0;-311298682#0;-502325084#0;-502325084#3;-7365262;-835443464;120682114#3;24337240#1;28468732#0;311298662#1;4970256#7;5197062#4;58621262#1;782714966#0;876057378#3;880137009#1,runs_J_k16_plain\init_seed2\g008_i015,runs_J_k16_plain\init_seed2\g008_i015\tripinfo.xml
8,16,16,697.3433333333334,-205590836#0;-24337240#2;-25970859#1;-498033359#0;-502325084#0;24337240#3;37628709#1;4935286#1;4935286#2;4970256#6;4970256#7;498033359#3;502325084#1;62826731;782714971#3;876057378#5,runs_J_k16_plain\init_seed2\g008_i016,runs_J_k16_plain\init_seed2\g008_i016\tripinfo.xml
8,17,6,579.2853333333334,-111681903#2;-4950193;-782714971#2;37628709#1;535519490#0;876343449#2,runs_J_k16_plain\init_seed2\g008_i017,runs_J_k16_plain\init_seed2\g008_i017\tripinfo.xml
8,18,16,1000000000000.0,-111681903#3;-120682114#1;-24337240#1;-24337240#3;-24337240#4;-311298665;-311298685;-5197062#3;-782714971#0;-782714971#4;311298662#0;311298665;37628709#1;4935286#2;502325084#1;876343449#2,runs_J_k16_plain\init_seed2\g008_i018,runs_J_k16_plain\init_seed2\g008_i018\tripinfo.xml
8,19,16,727.1546666666667,-28298231;-311298682#0;-498033359#0;-5197062#3;-7365262;-782714971#4;-876343449#0;111677669#2;25970859#1;28468730#0;28468732#0;4970256#7;502325084#3;535519490#0;782714971#0;835445203,runs_J_k16_plain\init_seed2\g008_i019,runs_J_k16_plain\init_seed2\g008_i019\tripinfo.xml
8,20,16,450.32666666666665,-111677671#0;-25970859#1;-311298658;-5197062#3;-782714971#2;-835445203;111681903#1;111681903#2;111681905#2;24337240#3;26216779#0;4935286#2;4970256#6;535519490#0;535519490#1;782714966#0,runs_J_k16_plain\init_seed2\g008_i020,runs_J_k16_plain\init_seed2\g008_i020\tripinfo.xml
8,21,16,623.8753333333333,-111677668#0;-111681903#3;-24337240#0;-24337240#4;-28468730#0;-311298685;-498033359#2;-7365262;-880137009#0;111677669#1;111677669#5;120682114#3;311298662#1;58621262#1;876057378#0;876343449#0,runs_J_k16_plain\init_seed2\g008_i021,runs_J_k16_plain\init_seed2\g008_i021\tripinfo.xml
8,22,16,634.8526666666667,-111681903#3;-120682114#1;-24337240#3;-311298685;-498033359#1;-74277990;-782714971#0;-782714971#4;-876343449#0;26216781#2;26216781#3;37628709#1;4970256#8;5197062#3;782710712;782714971#3,runs_J_k16_plain\init_seed2\g008_i022,runs_J_k16_plain\init_seed2\g008_i022\tripinfo.xml
8,23,16,450.04533333333336,-311298685;-4950193;-782714971#4;111681905#2;24337240#4;25970859#1;26216781#1;311298682#0;4935286#0;4935286#2;4970256#7;535519490#0;782714966#1;876057378#5;876343449#2;880137009#1,runs_J_k16_plain\init_seed2\g008_i023,runs_J_k16_plain\init_seed2\g008_i023\tripinfo.xml
9,0,15,364.726,-111677668#3;-111681903#3;-120682114#2;-24337240#3;-24337240#4;-311298685;-4950193;-7365262;-74277990;-782714971#0;-782714971#4;37628709#1;4935286#2;535519490#0;876343449#0,runs_J_k16_plain\init_seed2\g009_i000,runs_J_k16_plain\init_seed2\g009_i000\tripinfo.xml
9,1,16,1056.688,-111681903#2;-111681903#3;-120682114#2;-24337240#0;-24337240#3;-311298662#0;111677668#3;111677671#0;111681905#2;24337240#2;26216779#0;311298665;498033359#3;502325084#1;5197062#3;782714971#1,runs_J_k16_plain\init_seed2\g009_i001,runs_J_k16_plain\init_seed2\g009_i001\tripinfo.xml
9,2,16,709.488,-120682114#1;-24337240#2;-28468730#0;-5197062#3;-535519490#0;-783907721#1;111677668#0;111677668#3;111677669#2;205590836#2;24337240#0;311298662#1;37628709#1;58621262#1;876057378#1;876343449#1,runs_J_k16_plain\init_seed2\g009_i002,runs_J_k16_plain\init_seed2\g009_i002\tripinfo.xml
9,3,15,422.0366666666667,-111681903#2;-28298231;-502325084#0;111677669#2;111677669#5;111681903#1;111681905#2;4935286#0;4935286#2;498033359#2;502325084#0;535519490#0;835443464;876057378#5;880137009#1,runs_J_k16_plain\init_seed2\g009_i003,runs_J_k16_plain\init_seed2\g009_i003\tripinfo.xml
9,4,16,583.1793333333334,-111677668#3;-24337240#4;-5197062#3;-7365262;-782714971#2;-880137009#0;111681903#0;311298665;311298685;37628709#1;4970256#7;498033359#1;5197062#4;535519490#1;782714966#1;876057378#3,runs_J_k16_plain\init_seed2\g009_i004,runs_J_k16_plain\init_seed2\g009_i004\tripinfo.xml
9,5,16,652.01,-111681903#0;-24337240#4;-311298658;-498033359#3;-782714971#2;-835445203;111681903#2;111681905#2;131942152;24337240#0;24337240#3;26216781#2;26216781#3;498033359#3;5197062#3;782714971#1,runs_J_k16_plain\init_seed2\g009_i005,runs_J_k16_plain\init_seed2\g009_i005\tripinfo.xml
9,6,16,1000000000000.0,-111677671#0;-25970859#1;-311298665;-311298685;-498033359#0;-502325084#1;-782714971#3;-782714971#4;111681903#1;26216781#1;37628709#0;37628709#1;535519490#0;535519490#1;782714966#0;835443464,runs_J_k16_plain\init_seed2\g009_i006,runs_J_k16_plain\init_seed2\g009_i006\tripinfo.xml
9,7,16,793.0133333333333,-111677668#0;-120682114#1;-28468730#0;-311298685;-782714971#2;-880140407;111677668#4;111677669#0;111677669#2;111677669#5;311298685;4935299#1;4970256#8;502325084#0;502325084#1;876057378#2,runs_J_k16_plain\init_seed2\g009_i007,runs_J_k16_plain\init_seed2\g009_i007\tripinfo.xml
9,8,16,429.496,-311298685;-498033359#1;-535519490#0;-535519490#1;-7365262;-783907721#0;111677669#1;111677669#3;24337240#2;24337240#4;4935286#2;535519490#0;535519490#1;58621262#1;876057378#1;876343449#0,runs_J_k16_plain\init_seed2\g009_i008,runs_J_k16_plain\init_seed2\g009_i008\tripinfo.xml
9,9,16,579.2853333333334,-111677668#3;-111677671#0;-111681903#3;-120682114#2;-24337240#3;-311298685;-498033359#1;-498033359#2;-498033359#3;-535519490#0;-7365262;-782714971#0;37628709#1;535519490#0;876057378#0;876343449#0,runs_J_k16_plain\init_seed2\g009_i009,runs_J_k16_plain\init_seed2\g009_i009\tripinfo.xml
9,10,16,618.5773333333333,-111677668#3;-111681903#2;-111681903#3;-120682114#2;-24337240#1;-311298685;-782714971#4;111677669#5;111681905#2;311298662#1;37628709#1;782714971#1;835443464;876057378#0;876057378#1;876057378#2,runs_J_k16_plain\init_seed2\g009_i010,runs_J_k16_plain\init_seed2\g009_i010\tripinfo.xml
9,11,16,713.7606666666667,-111681903#3;-24337240#4;-4950193;-498033359#1;-5197062#4;-782714971#0;-782714971#4;-783907721#2;-835445203;24337240#5;28468732#0;4935286#0;4935286#2;4970256#6;535519490#0;880137009#1,runs_J_k16_plain\init_seed2\g009_i011,runs_J_k16_plain\init_seed2\g009_i011\tripinfo.xml
9,12,12,1448.1173333333334,-111677668#3;-120682114#2;-24337240#4;-24337240#6;-7365262;-782714971#0;111681903#0;120682114#2;25970859#0;4935286#2;502325084#0;535519490#0,runs_J_k16_plain\init_seed2\g009_i012,runs_J_k16_plain\init_seed2\g009_i012\tripinfo.xml
9,13,16,576.9213333333333,-311298685;-782714971#0;-782714971#4;111677668#0;111681905#2;131942152;24337240#4;26216781#1;311298682#0;4970256#7;502325084#3;782714966#1;876057378#1;876057378#5;876343449#2;880137010,runs_J_k16_plain\init_seed2\g009_i013,runs_J_k16_plain\init_seed2\g009_i013\tripinfo.xml
9,14,16,1116.5746666666666,-111677668#0;-111677671#0;-120682114#3;-311298658;-311298685;-5197062#3;-876343449#1;111677669#5;111681903#3;120682114#2;26216781#3;4935286#2;4935299#1;7924772;876343449#0;880137009#1,runs_J_k16_plain\init_seed2\g009_i014,runs_J_k16_plain\init_seed2\g009_i014\tripinfo.xml
9,15,16,625.93,-111681903#3;-120682114#1;-24337240#2;-311298658;-311298662#0;-498033359#1;-502325084#0;-74277990;-782714971#0;-876343449#0;111681903#3;26216781#3;28468732#1;37628709#1;4970256#5;876057376,runs_J_k16_plain\init_seed2\g009_i015,runs_J_k16_plain\init_seed2\g009_i015\tripinfo.xml
9,16,16,438.36,-111677668#3;-120682114#1;-24337240#0;-24337240#2;-24337240#3;-498033359#1;-502325084#0;120682114#3;131942152;24337240#7;37628709#1;4935286#2;4935299#1;4970256#8;502325084#0;783907721#2,runs_J_k16_plain\init_seed2\g009_i016,runs_J_k16_plain\init_seed2\g009_i016\tripinfo.xml
9,17,5,617.06,-880137009#1;111677668#3;311298658;782710712;876057376,runs_J_k16_plain\init_seed2\g009_i017,runs_J_k16_plain\init_seed2\g009_i017\tripinfo.xml
9,18,16,1000000000000.0,-24337240#2;-311298682#0;-498033359#2;-5197062#3;-5197062#4;-782714971#4;111677669#3;111681903#3;24337240#7;25970859#1;26216781#3;4935286#2;498033359#3;58621262#1;782714971#4;783907721#2,runs_J_k16_plain\init_seed2\g009_i018,runs_J_k16_plain\init_seed2\g009_i018\tripinfo.xml
9,19,16,398.69733333333335,-111677668#4;-111681903#3;-24337240#3;-28468730#0;-4950193;-498033359#0;-74277990;-782714971#4;111681905#2;26216781#2;28468730#1;4935286#2;782714971#3;7924772;876057378#5;880137010,runs_J_k16_plain\init_seed2\g009_i019,runs_J_k16_plain\init_seed2\g009_i019\tripinfo.xml
9,20,16,1713.1393333333333,-111681903#3;-120682114#2;-24337240#4;-311298685;-535519490#1;-7365262;-782714971#0;-835443464;111681903#3;24337240#7;311298665;498033359#0;498033359#2;535519490#0;876057376;880137009#1,runs_J_k16_plain\init_seed2\g009_i020,runs_J_k16_plain\init_seed2\g009_i020\tripinfo.xml
9,21,16,624.7306666666667,-111677668#3;-111681903#2;-24337240#1;-24337240#6;-311298685;-5197062#4;-535519490#1;-74277990;-782714971#1;-782714971#4;-876343449#0;111677668#0;26216781#1;311298662#1;37628709#0;535519490#0,runs_J_k16_plain\init_seed2\g009_i021,runs_J_k16_plain\init_seed2\g009_i021\tripinfo.xml
9,22,12,659.608,-111677668#4;-111681903#0;-111681903#3;-120682114#2;-7365262;-783907721#2;120682114#1;205590836#2;28468732#1;311298682#0;58621262#0;7924772,runs_J_k16_plain\init_seed2\g009_i022,runs_J_k16_plain\init_seed2\g009_i022\tripinfo.xml
9,23,16,651.596,-120682114#1;-24337240#3;-535519490#1;-783907721#1;111681905#2;131942152;205590836#2;26216781#1;28468730#0;28468730#1;311298665;311298682#0;4970256#7;782714966#0;876057378#1;876057378#5,runs_J_k16_plain\init_seed2\g009_i023,runs_J_k16_plain\init_seed2\g009_i023\tripinfo.xml
10,0,15,364.726,-111677668#3;-111681903#3;-120682114#2;-24337240#3;-24337240#4;-311298685;-4950193;-7365262;-74277990;-782714971#0;-782714971#4;37628709#1;4935286#2;535519490#0;876343449#0,runs_J_k16_plain\init_seed2\g010_i000,runs_J_k16_plain\init_seed2\g010_i000\tripinfo.xml
10,1,6,644.456,-111677668#3;-111681903#3;-876343449#0;37628709#0;876343449#0;880137010,runs_J_k16_plain\init_seed2\g010_i001,runs_J_k16_plain\init_seed2\g010_i001\tripinfo.xml
10,2,16,1595.31,-111681903#2;-120682114#3;-24337240#3;-25970859#1;-311298685;-782714966#1;-782714971#4;111681905#1;120682114#2;24337240#4;26216781#1;4970256#7;498033359#2;876057378#1;876343449#0;876343449#2,runs_J_k16_plain\init_seed2\g010_i002,runs_J_k16_plain\init_seed2\g010_i002\tripinfo.xml
10,3,16,1000000000000.0,-111681903#3;-24337240#2;-24337240#7;-311298662#1;-498033359#1;-535519490#0;-7365262;-782714971#0;-880137009#1;111677671#0;24337240#3;24337240#5;26216781#1;26216781#3;4970256#5;782714966#1,runs_J_k16_plain\init_seed2\g010_i003,runs_J_k16_plain\init_seed2\g010_i003\tripinfo.xml
10,4,16,400.7366666666667,-120682114#1;-25970859#1;-28298231;-311298662#1;-502325084#0;-74277990;111677669#1;24337240#0;24337240#3;24337240#4;28468732#1;4935286#2;535519490#1;58621262#1;876057376;876343449#0,runs_J_k16_plain\init_seed2\g010_i004,runs_J_k16_plain\init_seed2\g010_i004\tripinfo.xml
10,5,16,1000000000000.0,-120682114#2;-311298685;-498033359#2;-498033359#3;-535519490#0;-7365262;-782714971#0;111677671#0;111681903#3;25970859#1;37628709#1;502325084#1;535519490#0;876343449#0;876343449#1;880137010,runs_J_k16_plain\init_seed2\g010_i005,runs_J_k16_plain\init_seed2\g010_i005\tripinfo.xml
10,6,16,646.4173333333333,-111677668#3;-111681903#3;-120682114#1;-205590836#0;-24337240#3;-311298658;-311298685;-74277990;-782714971#0;111677668#4;205590836#2;24337240#1;26216781#0;28468730#0;311298662#1;37628709#1,runs_J_k16_plain\init_seed2\g010_i006,runs_J_k16_plain\init_seed2\g010_i006\tripinfo.xml
10,7,16,409.71733333333333,-111677668#4;-205590836#0;-24337240#3;-311298685;-4950193;-7365262;-876343449#0;24337240#4;26216781#2;37628709#1;4935286#2;502325084#1;58621262#0;7924772;876057378#5;880137010,runs_J_k16_plain\init_seed2\g010_i007,runs_J_k16_plain\init_seed2\g010_i007\tripinfo.xml
10,8,16,1287.4706666666666,-120682114#2;-24337240#3;-28468730#0;-311298662#1;-498033359#0;-74277990;-782714971#0;111681903#0;111681905#2;24337240#4;311298662#0;4935286#2;502325084#0;535519490#0;58621262#1;782714971#3,runs_J_k16_plain\init_seed2\g010_i008,runs_J_k16_plain\init_seed2\g010_i008\tripinfo.xml
10,9,16,531.4966666666667,-498033359#0;-7365262;-782714971#2;111677668#0;111681903#1;24337240#2;24337240#4;28468732#0;311298665;37628709#1;4935286#2;58621262#1;782714971#2;876057378#1;876057378#5;880137010,runs_J_k16_plain\init_seed2\g010_i009,runs_J_k16_plain\init_seed2\g010_i009\tripinfo.xml
10,10,5,644.456,-120682114#3;-4950193;-876343449#0;111677669#3;783907721#0,runs_J_k16_plain\init_seed2\g010_i010,runs_J_k16_plain\init_seed2\g010_i010\tripinfo.xml
10,11,9,610.3646666666667,-24337240#4;-311298682#0;-311298685;-7365262;111677668#4;120682114#3;25970859#1;783907721#0;876343449#0,runs_J_k16_plain\init_seed2\g010_i011,runs_J_k16_plain\init_seed2\g010_i011\tripinfo.xml
10,12,16,358.9193333333333,-311298658;-4950193;-498033359#2;-7365262;-74277990;-782714971#2;-782714971#4;-876343449#1;24337240#0;24337240#2;37628709#1;4935286#2;498033359#0;62826731;782714971#3;876057378#5,runs_J_k16_plain\init_seed2\g010_i012,runs_J_k16_plain\init_seed2\g010_i012\tripinfo.xml
10,13,16,1000000000000.0,-111677668#3;-111681903#2;-111681903#3;-28468730#0;-311298685;-502325084#1;-502325084#3;-7365262;24337240#2;25970859#1;26216781#0;26216781#2;782714966#1;876057378#2;876057378#3;880137010,runs_J_k16_plain\init_seed2\g010_i013,runs_J_k16_plain\init_seed2\g010_i013\tripinfo.xml
10,14,16,806.2346666666666,-111677671#0;-111681903#1;-111681903#3;-24337240#1;-24337240#7;-311298662#1;-311298685;-782714966#1;111681903#1;111681905#2;25970859#1;498033359#1;535519490#0;58621262#0;835443464;876057378#1,runs_J_k16_plain\init_seed2\g010_i014,runs_J_k16_plain\init_seed2\g010_i014\tripinfo.xml
10,15,16,1000000000000.0,-111681903#0;-111681903#1;-782714971#4;111677668#0;111681905#2;131942152;24337240#4;25970859#0;311298662#1;37628709#0;4970256#7;502325084#0;502325084#3;782714966#1;876057378#1;880137010,runs_J_k16_plain\init_seed2\g010_i015,runs_J_k16_plain\init_seed2\g010_i015\tripinfo.xml
10,16,16,687.6073333333334,-111677668#4;-205590836#0;-24337240#3;-498033359#0;-782714971#4;111681903#0;26216781#0;26216781#1;28468730#1;311298658;4935286#2;498033359#2;747448014;782714971#1;782714971#3;880137010,runs_J_k16_plain\init_seed2\g010_i016,runs_J_k16_plain\init_seed2\g010_i016\tripinfo.xml
10,17,16,817.2586666666666,-111677668#3;-111681903#3;-120682114#2;-24337240#2;-28468730#0;-311298685;-4950193;-7365262;-74277990;-782714971#0;-782714971#3;205590836#2;311298658;782714971#1;876343449#0;876343449#2,runs_J_k16_plain\init_seed2\g010_i017,runs_J_k16_plain\init_seed2\g010_i017\tripinfo.xml
10,18,16,679.4566666666667,-24337240#3;-24337240#4;-25970859#1;-498033359#0;-5197062#4;-7365262;-74277990;-782714971#4;111681903#2;24337240#5;37628709#1;4935286#1;4935286#2;535519490#0;782714971#1;783907721#1,runs_J_k16_plain\init_seed2\g010_i018,runs_J_k16_plain\init_seed2\g010_i018\tripinfo.xml
10,19,16,393.60333333333335,-111681903#1;-24337240#7;-535519490#0;-782714971#3;-783907721#2;-876343449#2;120682114#1;24337240#1;4935286#0;4935286#2;4970256#7;498033359#2;535519490#0;58621262#1;835443464;876057378#5,runs_J_k16_plain\init_seed2\g010_i019,runs_J_k16_plain\init_seed2\g010_i019\tripinfo.xml
10,20,16,407.70933333333335,-111681903#2;-311298658;-311298662#0;-311298685;-502325084#0;-7365262;-783907721#0;-876343449#2;111677669#1;311298662#1;4935286#2;4970256#7;876057378#1;876343449#0;880137009#0;880137009#1,runs_J_k16_plain\init_seed2\g010_i020,runs_J_k16_plain\init_seed2\g010_i020\tripinfo.xml
10,21,16,636.5446666666667,-111677668#0;-24337240#2;-498033359#1;-498033359#2;-502325084#0;-535519490#0;111677668#4;111677669#3;111677669#5;111677671#0;120682114#3;24337240#0;24337240#7;28468732#0;502325084#0;876343449#0,runs_J_k16_plain\init_seed2\g010_i021,runs_J_k16_plain\init_seed2\g010_i021\tripinfo.xml
10,22,8,644.456,-111677668#3;-24337240#0;-24337240#3;-24337240#6;-783907721#0;37628709#1;535519490#1;747448014,runs_J_k16_plain\init_seed2\g010_i022,runs_J_k16_plain\init_seed2\g010_i022\tripinfo.xml
10,23,16,1262.0946666666666,-111681903#3;-311298658;-311298662#0;-74277990;-782714971#0;-876343449#0;111677669#1;111677669#2;111681903#1;120682114#2;26216779#1;28468732#0;28468732#1;311298665;37628709#1;876057378#5,runs_J_k16_plain\init_seed2\g010_i023,runs_J_k16_plain\init_seed2\g010_i023\tripinfo.xml
11,0,16,358.9193333333333,-311298658;-4950193;-498033359#2;-7365262;-74277990;-782714971#2;-782714971#4;-876343449#1;24337240#0;24337240#2;37628709#1;4935286#2;498033359#0;62826731;782714971#3;876057378#5,runs_J_k16_plain\init_seed2\g011_i000,runs_J_k16_plain\init_seed2\g011_i000\tripinfo.xml
11,1,16,648.1286666666666,-120682114#2;-498033359#2;-535519490#1;-782714971#4;-876343449#1;-876343449#2;-880137009#0;24337240#2;26216779#1;311298662#1;4935286#3;4970256#5;4970256#7;498033359#0;58621262#1;62826731,runs_J_k16_plain\init_seed2\g011_i001,runs_J_k16_plain\init_seed2\g011_i001\tripinfo.xml
11,2,16,441.68666666666667,-24337240#2;-311298658;-535519490#1;-782714971#2;-782714971#3;-783907721#2;-880137009#1;120682114#1;131942152;37628709#1;4935286#0;4935286#2;502325084#0;502325084#1;782714966#1;876057378#5,runs_J_k16_plain\init_seed2\g011_i002,runs_J_k16_plain\init_seed2\g011_i002\tripinfo.xml
11,3,16,370.49466666666666,-24337240#0;-311298662#1;-311298685;-498033359#0;-74277990;-783907721#2;-876343449#0;111677669#1;111681903#2;24337240#2;26216779#1;37628709#0;4935286#2;782714971#2;783907721#1;835445203,runs_J_k16_plain\init_seed2\g011_i003,runs_J_k16_plain\init_seed2\g011_i003\tripinfo.xml
11,4,16,594.0693333333334,-120682114#2;-25970859#1;-498033359#0;-782714971#2;-782714971#4;111677669#5;26216779#0;28468732#0;311298662#0;311298662#1;37628709#1;4935286#1;4935286#2;498033359#2;535519490#0;876057378#2,runs_J_k16_plain\init_seed2\g011_i004,runs_J_k16_plain\init_seed2\g011_i004\tripinfo.xml
11,5,16,684.2546666666667,-24337240#1;-24337240#7;-28468730#0;-311298682#0;-498033359#0;-498033359#2;-5197062#3;-74277990;111677669#2;24337240#1;311298662#0;311298665;4935286#0;4935286#2;535519490#0;58621262#1,runs_J_k16_plain\init_seed2\g011_i005,runs_J_k16_plain\init_seed2\g011_i005\tripinfo.xml
11,6,16,750.652,-111677668#3;-120682114#3;-24337240#7;-782714971#3;-782714971#4;111681905#1;24337240#2;24337240#4;28468730#1;28468732#0;498033359#2;502325084#0;502325084#3;782714971#2;835443464;876057378#1,runs_J_k16_plain\init_seed2\g011_i006,runs_J_k16_plain\init_seed2\g011_i006\tripinfo.xml
11,7,16,351.69733333333335,-111677671#0;-24337240#3;-498033359#2;-502325084#1;-74277990;111681903#3;205590836#2;24337240#2;311298662#1;37628709#1;4935286#2;4970256#6;782714971#4;783907721#0;876057378#5;876343449#0,runs_J_k16_plain\init_seed2\g011_i007,runs_J_k16_plain\init_seed2\g011_i007\tripinfo.xml
11,8,16,388.41133333333335,-24337240#4;-24337240#6;-311298658;-311298662#0;-535519490#0;-7365262;-74277990;-876343449#1;111677668#4;111677669#1;111677669#3;24337240#3;311298662#1;4935286#2;835445203;880137009#1,runs_J_k16_plain\init_seed2\g011_i008,runs_J_k16_plain\init_seed2\g011_i008\tripinfo.xml
11,9,16,1000000000000.0,-111677671#0;-311298658;-311298662#1;-311298665;-311298685;-498033359#3;-7365262;-782714971#4;-783907721#2;111677669#5;28468730#1;4935286#2;4935286#3;4970256#6;535519490#0;835443464,runs_J_k16_plain\init_seed2\g011_i009,runs_J_k16_plain\init_seed2\g011_i009\tripinfo.xml
11,10,15,406.64,-120682114#2;-24337240#6;-782714971#4;111677668#4;111681903#0;111681903#3;120682114#1;120682114#3;24337240#2;37628709#1;4935286#2;5197062#4;747448014;876057378#1;876343449#0,runs_J_k16_plain\init_seed2\g011_i010,runs_J_k16_plain\init_seed2\g011_i010\tripinfo.xml
11,11,16,644.456,-24337240#4;-4950193;-498033359#3;-7365262;-74277990;-782714966#0;-783907721#0;-876343449#0;111677669#2;111677669#4;26216781#3;37628709#1;498033359#0;5197062#3;62826731;876343449#0,runs_J_k16_plain\init_seed2\g011_i011,runs_J_k16_plain\init_seed2\g011_i011\tripinfo.xml
11,12,16,1000000000000.0,-24337240#1;-25970859#1;-311298658;-311298662#0;-311298665;-535519490#1;-876343449#0;-880140407;24337240#3;37628709#0;782714971#0;782714971#4;876057376;876343449#0;880137009#0;880137010,runs_J_k16_plain\init_seed2\g011_i012,runs_J_k16_plain\init_seed2\g011_i012\tripinfo.xml
11,13,16,675.7386666666666,-111681903#2;-25970859#0;-311298685;-783907721#0;-876343449#2;-880137009#1;111677669#1;120682114#1;120682114#2;24337240#1;311298682#0;4935286#0;498033359#0;502325084#0;835443464;876057378#1,runs_J_k16_plain\init_seed2\g011_i013,runs_J_k16_plain\init_seed2\g011_i013\tripinfo.xml
11,14,14,1198.0293333333334,-24337240#7;-311298658;-502325084#3;-835445203;-876343449#0;-880140407;24337240#3;25970859#1;28468730#0;311298662#1;498033359#2;502325084#0;502325084#3;58621262#1,runs_J_k16_plain\init_seed2\g011_i014,runs_J_k16_plain\init_seed2\g011_i014\tripinfo.xml
11,15,16,617.412,-120682114#1;-28468730#0;-502325084#0;-7365262;-782714971#3;111677669#1;24337240#3;26216779#0;37628709#0;4970256#8;498033359#0;535519490#1;747448014;876057376;876057378#5;880137010,runs_J_k16_plain\init_seed2\g011_i015,runs_J_k16_plain\init_seed2\g011_i015\tripinfo.xml
11,16,16,957.6026666666667,-111681903#1;-120682114#2;-120682114#3;-24337240#7;-311298658;-4950193;-74277990;-782714971#4;-880137009#0;24337240#0;24337240#2;24337240#4;28468732#1;311298658;37628709#1;782714966#1,runs_J_k16_plain\init_seed2\g011_i016,runs_J_k16_plain\init_seed2\g011_i016\tripinfo.xml
11,17,16,1000000000000.0,-111677668#3;-24337240#6;-25970859#1;-311298658;-311298665;-498033359#3;-7365262;-74277990;-783907721#2;111677669#1;111681903#0;111681903#3;4970256#7;876057378#5;876343449#0;880137009#1,runs_J_k16_plain\init_seed2\g011_i017,runs_J_k16_plain\init_seed2\g011_i017\tripinfo.xml
11,18,3,644.456,-311298682#0;-783907721#0;28468730#1,runs_J_k16_plain\init_seed2\g011_i018,runs_J_k16_plain\init_seed2\g011_i018\tripinfo.xml
11,19,16,1000000000000.0,-111681903#2;-24337240#4;-311298665;-498033359#2;-498033359#3;-7365262;-74277990;-880140407;111677669#0;111677671#0;26216779#0;26216781#0;26216781#1;28468732#0;502325084#0;876343449#0,runs_J_k16_plain\init_seed2\g011_i019,runs_J_k16_plain\init_seed2\g011_i019\tripinfo.xml
11,20,16,504.67133333333334,-120682114#2;-24337240#6;-498033359#1;-502325084#0;-5197062#3;-535519490#0;-535519490#1;-782714971#4;-783907721#0;111677669#3;111677669#4;120682114#3;24337240#0;782714966#0;782714971#2;876343449#1,runs_J_k16_plain\init_seed2\g011_i020,runs_J_k16_plain\init_seed2\g011_i020\tripinfo.xml
11,21,16,652.502,-111677668#3;-24337240#2;-782714971#2;-783907721#2;-876343449#2;111677669#5;120682114#1;120682114#3;24337240#1;4935286#2;4970256#6;498033359#2;498033359#3;62826731;782714971#0;835443464,runs_J_k16_plain\init_seed2\g011_i021,runs_J_k16_plain\init_seed2\g011_i021\tripinfo.xml
11,22,16,644.456,-111677668#0;-111677668#4;-120682114#3;-502325084#0;-535519490#0;-74277990;-782714971#3;-876343449#2;-880137009#0;111677668#4;120682114#3;26216779#0;26216781#0;28468732#0;311298658;58621262#1,runs_J_k16_plain\init_seed2\g011_i022,runs_J_k16_plain\init_seed2\g011_i022\tripinfo.xml
11,23,16,1000000000000.0,-120682114#1;-120682114#2;-24337240#7;-25970859#1;-28298231;-498033359#1;-502325084#0;-783907721#2;-880137009#0;111677668#4;24337240#3;28468730#0;28468732#1;4970256#8;498033359#1;876343449#0,runs_J_k16_plain\init_seed2\g011_i023,runs_J_k16_plain\init_seed2\g011_i023\tripinfo.xml
12,0,16,351.69733333333335,-111677671#0;-24337240#3;-498033359#2;-502325084#1;-74277990;111681903#3;205590836#2;24337240#2;311298662#1;37628709#1;4935286#2;4970256#6;782714971#4;783907721#0;876057378#5;876343449#0,runs_J_k16_plain\init_seed2\g012_i000,runs_J_k16_plain\init_seed2\g012_i000\tripinfo.xml
12,1,16,1000000000000.0,-111677671#0;-24337240#6;-498033359#1;-502325084#1;-783907721#2;111677669#2;111677669#4;205590836#2;24337240#7;25970859#1;26216779#1;37628709#0;37628709#1;4970256#6;782714971#3;876057378#4,runs_J_k16_plain\init_seed2\g012_i001,runs_J_k16_plain\init_seed2\g012_i001\tripinfo.xml
12,2,16,644.6553333333334,-111677671#0;-111681903#3;-120682114#1;-24337240#3;-24337240#6;-311298662#1;-502325084#1;-74277990;-880140407;111681903#3;28468730#1;311298662#1;535519490#0;783907721#0;876057378#5;876343449#0,runs_J_k16_plain\init_seed2\g012_i002,runs_J_k16_plain\init_seed2\g012_i002\tripinfo.xml
12,3,16,454.92066666666665,-120682114#2;-24337240#0;-24337240#2;-4950193;-535519490#1;-783907721#2;111681903#3;120682114#1;131942152;205590836#2;24337240#7;4935286#0;4935286#2;502325084#0;747448014;876343449#0,runs_J_k16_plain\init_seed2\g012_i003,runs_J_k16_plain\init_seed2\g012_i003\tripinfo.xml
12,4,16,407.47933333333333,-28298231;-502325084#3;-782714971#3;-782714971#4;-880137009#1;111677668#4;120682114#1;24337240#1;37628709#1;4935286#2;4970256#8;502325084#1;5197062#3;747448014;876057378#1;876057378#5,runs_J_k16_plain\init_seed2\g012_i004,runs_J_k16_plain\init_seed2\g012_i004\tripinfo.xml
12,5,16,1000000000000.0,-111677671#0;-311298662#0;-311298682#0;-535519490#0;-74277990;-876343449#1;-876343449#2;111677669#0;24337240#0;24337240#1;24337240#5;25970859#0;311298682#0;782714971#0;783907721#2;880137009#1,runs_J_k16_plain\init_seed2\g012_i005,runs_J_k16_plain\init_seed2\g012_i005\tripinfo.xml
12,6,16,636.3773333333334,-111677668#4;-7365262;-782714971#0;-782714971#2;-783907721#2;-876343449#2;111677668#4;111681905#1;120682114#1;24337240#2;26216781#0;37628709#1;4935286#1;498033359#0;835445203;876343449#2,runs_J_k16_plain\init_seed2\g012_i006,runs_J_k16_plain\init_seed2\g012_i006\tripinfo.xml
12,7,9,576.7026666666667,-24337240#4;-4950193;-5197062#3;-74277990;-876343449#0;111677669#4;24337240#0;37628709#0;835443464,runs_J_k16_plain\init_seed2\g012_i007,runs_J_k16_plain\init_seed2\g012_i007\tripinfo.xml
12,8,16,821.612,-311298682#0;-498033359#0;-782714966#0;-782714971#0;-782714971#2;-782714971#4;-876343449#1;111677669#2;111681903#0;311298665;4935299#1;4970256#5;62826731;835443464;876057378#5;876343449#0,runs_J_k16_plain\init_seed2\g012_i008,runs_J_k16_plain\init_seed2\g012_i008\tripinfo.xml
12,9,16,390.3833333333333,-111681903#0;-24337240#2;-74277990;-835445203;-876343449#2;111677669#1;111681903#2;205590836#2;24337240#2;26216779#1;311298662#1;37628709#0;4935286#2;502325084#0;7924772;876343449#0,runs_J_k16_plain\init_seed2\g012_i009,runs_J_k16_plain\init_seed2\g012_i009\tripinfo.xml
12,10,16,370.0466666666667,-24337240#0;-24337240#1;-498033359#0;-498033359#1;-5197062#3;-5197062#4;-74277990;-876343449#0;111681903#0;4935286#2;4935299#1;783907721#0;876057378#2;876057378#5;880137009#0;880137009#1,runs_J_k16_plain\init_seed2\g012_i010,runs_J_k16_plain\init_seed2\g012_i010\tripinfo.xml
12,11,16,410.06533333333334,-24337240#7;-311298682#0;-5197062#4;-782714971#0;-782714971#2;-782714971#3;-876343449#0;-880137009#1;311298662#0;311298662#1;4935286#2;502325084#0;5197062#3;782714966#1;782714971#1;876057378#5,runs_J_k16_plain\init_seed2\g012_i011,runs_J_k16_plain\init_seed2\g012_i011\tripinfo.xml
12,12,16,788.724,-25970859#1;-498033359#0;-74277990;-782714971#2;-876343449#0;-876343449#2;111677669#5;120682114#1;120682114#3;131942152;28468732#1;311298662#0;37628709#1;4935286#3;535519490#0;535519490#1,runs_J_k16_plain\init_seed2\g012_i012,runs_J_k16_plain\init_seed2\g012_i012\tripinfo.xml
12,13,16,624.76,-111681903#2;-120682114#3;-311298685;-498033359#2;-535519490#1;-783907721#1;111681903#3;205590836#2;24337240#1;24337240#2;28468730#0;311298662#0;4935286#2;4970256#7;782714971#0;783907721#0,runs_J_k16_plain\init_seed2\g012_i013,runs_J_k16_plain\init_seed2\g012_i013\tripinfo.xml
12,14,16,1000000000000.0,-24337240#3;-74277990;-783907721#0;111677669#0;24337240#2;37628709#1;4935286#1;4935286#2;4970256#6;502325084#0;535519490#0;58621262#1;782714971#4;783907721#0;783907721#1;876343449#0,runs_J_k16_plain\init_seed2\g012_i014,runs_J_k16_plain\init_seed2\g012_i014\tripinfo.xml
12,15,16,420.99466666666666,-120682114#1;-24337240#6;-498033359#0;-782714966#0;111681903#0;111681903#3;120682114#1;120682114#3;24337240#2;26216781#1;37628709#1;4935286#2;502325084#1;5197062#4;782714971#0;876343449#0,runs_J_k16_plain\init_seed2\g012_i015,runs_J_k16_plain\init_seed2\g012_i015\tripinfo.xml
12,16,16,1000000000000.0,-311298685;-502325084#0;-535519490#0;-535519490#1;-7365262;-782714966#1;-783907721#0;111677668#0;120682114#3;131942152;498033359#0;498033359#2;502325084#1;782714966#0;782714971#1;782714971#2,runs_J_k16_plain\init_seed2\g012_i016,runs_J_k16_plain\init_seed2\g012_i016\tripinfo.xml
12,17,16,591.732,-311298658;-498033359#2;-7365262;-74277990;-782714971#2;-783907721#0;-876343449#0;120682114#3;24337240#3;24337240#7;26216781#2;747448014;782714966#0;783907721#2;876057378#5;876343449#1,runs_J_k16_plain\init_seed2\g012_i017,runs_J_k16_plain\init_seed2\g012_i017\tripinfo.xml
12,18,16,696.1926666666667,-120682114#2;-24337240#3;-24337240#6;-498033359#0;-5197062#3;-535519490#0;-782714971#0;-782714971#2;111677669#3;24337240#0;4935299#1;498033359#0;535519490#1;782714971#3;876057378#5;876343449#1,runs_J_k16_plain\init_seed2\g012_i018,runs_J_k16_plain\init_seed2\g012_i018\tripinfo.xml
12,19,16,364.4993333333333,-24337240#0;-311298685;-498033359#0;-7365262;111677668#0;111681903#2;24337240#2;24337240#7;26216781#3;4935286#2;783907721#0;783907721#1;783907721#2;7924772;835445203;876343449#0,runs_J_k16_plain\init_seed2\g012_i019,runs_J_k16_plain\init_seed2\g012_i019\tripinfo.xml
12,20,16,1424.4973333333332,-111681903#0;-120682114#3;-782714971#2;-782714971#4;-876343449#0;111677668#0;111677669#1;24337240#0;28468730#0;28468732#0;4970256#5;498033359#0;535519490#1;783907721#1;876057378#5;880137009#1,runs_J_k16_plain\init_seed2\g012_i020,runs_J_k16_plain\init_seed2\g012_i020\tripinfo.xml
12,21,16,661.512,-24337240#6;-24337240#7;-498033359#0;-74277990;111677669#0;24337240#2;24337240#4;25970859#0;26216779#1;5197062#4;782714971#2;782714971#4;783907721#1;835445203;876057378#1;876343449#0,runs_J_k16_plain\init_seed2\g012_i021,runs_J_k16_plain\init_seed2\g012_i021\tripinfo.xml
12,22,16,700.3853333333333,-111677671#0;-311298662#1;-876343449#0;-880137009#0;111677668#4;111677669#0;111681903#2;111681903#3;120682114#1;120682114#3;24337240#2;502325084#1;5197062#4;782714966#0;783907721#1;880137009#0,runs_J_k16_plain\init_seed2\g012_i022,runs_J_k16_plain\init_seed2\g012_i022\tripinfo.xml
12,23,16,1000000000000.0,-120682114#2;-24337240#6;-24337240#7;-311298665;-782714971#4;-876343449#2;111677669#3;111681903#3;24337240#5;25970859#1;26216779#1;4935286#2;4970256#8;498033359#0;62826731;782714971#3,runs_J_k16_plain\init_seed2\g012_i023,runs_J_k16_plain\init_seed2\g012_i023\tripinfo.xml
13,0,16,351.69733333333335,-111677671#0;-24337240#3;-498033359#2;-502325084#1;-74277990;111681903#3;205590836#2;24337240#2;311298662#1;37628709#1;4935286#2;4970256#6;782714971#4;783907721#0;876057378#5;876343449#0,runs_J_k16_plain\init_seed2\g013_i000,runs_J_k16_plain\init_seed2\g013_i000\tripinfo.xml
13,1,16,382.946,-28468730#0;-502325084#1;-74277990;-783907721#1;111681903#0;24337240#1;24337240#3;24337240#4;25970859#0;28468730#1;4935286#2;876057378#1;876057378#2;876057378#4;876343449#0;876343449#1,runs_J_k16_plain\init_seed2\g013_i001,runs_J_k16_plain\init_seed2\g013_i001\tripinfo.xml
13,2,16,428.306,-111677671#0;-120682114#1;-24337240#0;-24337240#1;-24337240#2;-498033359#0;-7365262;111677668#0;24337240#7;26216779#1;4935286#2;4935299#1;502325084#1;835445203;876057378#0;880137009#0,runs_J_k16_plain\init_seed2\g013_i002,runs_J_k16_plain\init_seed2\g013_i002\tripinfo.xml
13,3,16,529.17,-120682114#1;-24337240#6;-25970859#1;-311298662#0;-498033359#1;-5197062#4;111677669#4;111681903#0;205590836#2;24337240#2;498033359#2;5197062#4;782714971#0;783907721#0;880137009#1;880140407,runs_J_k16_plain\init_seed2\g013_i003,runs_J_k16_plain\init_seed2\g013_i003\tripinfo.xml
13,4,16,434.19266666666664,-205590836#0;-25970859#0;-25970859#1;-498033359#0;-498033359#1;-782714966#0;-876343449#1;111681903#0;111681903#3;120682114#3;24337240#4;311298665;37628709#1;4935286#3;782714966#0;876057378#2,runs_J_k16_plain\init_seed2\g013_i004,runs_J_k16_plain\init_seed2\g013_i004\tripinfo.xml
13,5,16,716.1846666666667,-120682114#2;-24337240#0;-498033359#0;-782714966#0;-782714971#3;120682114#1;131942152;26216781#1;26216781#2;26216781#3;37628709#0;4970256#8;5197062#4;783907721#2;876057378#4;876343449#0,runs_J_k16_plain\init_seed2\g013_i005,runs_J_k16_plain\init_seed2\g013_i005\tripinfo.xml
13,6,16,545.3126666666667,-535519490#1;-783907721#1;-876343449#0;111681903#3;120682114#1;205590836#2;24337240#3;24337240#7;26216781#2;311298662#0;37628709#1;4935286#2;502325084#1;876057376;876057378#5;876343449#0,runs_J_k16_plain\init_seed2\g013_i006,runs_J_k16_plain\init_seed2\g013_i006\tripinfo.xml
13,7,16,490.9406666666667,-24337240#1;-28298231;-311298682#0;-5197062#4;-782714971#0;-782714971#3;-880137009#1;111677668#4;111681903#0;111681903#3;131942152;4935286#2;747448014;782714971#1;876057378#5;880140407,runs_J_k16_plain\init_seed2\g013_i007,runs_J_k16_plain\init_seed2\g013_i007\tripinfo.xml
13,8,16,728.6313333333334,-24337240#6;-311298662#1;-498033359#1;-876343449#1;-880137009#0;111681905#2;120682114#3;24337240#0;24337240#1;311298685;37628709#1;502325084#1;5197062#3;782714966#1;876057378#5;880140407,runs_J_k16_plain\init_seed2\g013_i008,runs_J_k16_plain\init_seed2\g013_i008\tripinfo.xml
13,9,16,469.17,-111681903#0;-498033359#0;-5197062#4;-7365262;-835443464;-876343449#0;111681903#0;24337240#2;24337240#7;26216781#1;4935286#2;782714971#3;783907721#0;876057378#5;876343449#2;880137009#1,runs_J_k16_plain\init_seed2\g013_i009,runs_J_k16_plain\init_seed2\g013_i009\tripinfo.xml
13,10,16,676.4286666666667,-120682114#1;-24337240#0;-24337240#6;-498033359#0;-498033359#1;-5197062#3;-5197062#4;-782714966#0;111681903#1;24337240#7;311298662#0;37628709#1;4935286#1;5197062#4;876343449#0;880137009#0,runs_J_k16_plain\init_seed2\g013_i010,runs_J_k16_plain\init_seed2\g013_i010\tripinfo.xml
13,11,16,769.7546666666667,-111677668#4;-24337240#3;-311298685;-502325084#1;-782714971#4;-880137009#0;111681903#3;205590836#2;26216781#3;311298658;311298662#1;311298685;4935286#3;4970256#6;783907721#1;876343449#0,runs_J_k16_plain\init_seed2\g013_i011,runs_J_k16_plain\init_seed2\g013_i011\tripinfo.xml
13,12,16,1000000000000.0,-498033359#0;-502325084#1;-782714966#1;-783907721#0;-876343449#0;111681903#3;205590836#2;24337240#2;311298662#1;311298665;37628709#1;4935286#2;4970256#6;4970256#7;5197062#3;783907721#2,runs_J_k16_plain\init_seed2\g013_i012,runs_J_k16_plain\init_seed2\g013_i012\tripinfo.xml
13,13,16,646.1366666666667,-24337240#6;-4950193;-498033359#0;-498033359#1;111677669#0;24337240#2;24337240#4;25970859#0;26216779#1;26216781#0;311298685;4935286#0;4935299#1;782714971#4;783907721#1;835445203,runs_J_k16_plain\init_seed2\g013_i013,runs_J_k16_plain\init_seed2\g013_i013\tripinfo.xml
13,14,1,678.97,-28298231,runs_J_k16_plain\init_seed2\g013_i014,runs_J_k16_plain\init_seed2\g013_i014\tripinfo.xml
13,15,16,1000000000000.0,-24337240#0;-311298662#1;-311298685;-498033359#0;-498033359#2;-7365262;-880140407;120682114#2;131942152;24337240#2;311298662#1;37628709#1;4935286#0;4935286#2;4970256#6;783907721#2,runs_J_k16_plain\init_seed2\g013_i015,runs_J_k16_plain\init_seed2\g013_i015\tripinfo.xml
13,16,16,644.456,-502325084#1;-74277990;120682114#2;205590836#2;24337240#2;26216779#1;311298658;4935286#0;4935286#2;498033359#0;58621262#0;782714971#4;835443464;835445203;876057378#3;876343449#1,runs_J_k16_plain\init_seed2\g013_i016,runs_J_k16_plain\init_seed2\g013_i016\tripinfo.xml
13,17,16,664.9453333333333,-24337240#4;-498033359#0;-5197062#3;-783907721#1;-876343449#0;111677669#3;111677669#5;111681903#3;24337240#5;28468730#1;4970256#8;58621262#0;782714971#0;783907721#0;876057378#4;876057378#5,runs_J_k16_plain\init_seed2\g013_i017,runs_J_k16_plain\init_seed2\g013_i017\tripinfo.xml
13,18,10,644.2406666666667,-835445203;111677668#4;111677669#4;111681903#1;24337240#2;25970859#0;26216781#2;311298662#0;4970256#7;5197062#4,runs_J_k16_plain\init_seed2\g013_i018,runs_J_k16_plain\init_seed2\g013_i018\tripinfo.xml
13,19,8,622.5486666666667,-782714971#2;-783907721#1;-880137009#1;111677671#0;205590836#2;28468732#0;311298662#1;4935299#1,runs_J_k16_plain\init_seed2\g013_i019,runs_J_k16_plain\init_seed2\g013_i019\tripinfo.xml
13,20,12,637.2926666666667,-24337240#3;-498033359#2;-782714971#4;-835445203;-880137009#0;-880137009#1;111681903#3;120682114#1;26216779#0;782714966#0;783907721#0;876057378#5,runs_J_k16_plain\init_seed2\g013_i020,runs_J_k16_plain\init_seed2\g013_i020\tripinfo.xml
13,21,16,402.7026666666667,-24337240#2;-311298662#0;-311298682#0;-311298685;-74277990;111677669#1;120682114#1;120682114#2;131942152;24337240#2;311298682#0;37628709#1;4935286#2;498033359#0;502325084#1;783907721#0,runs_J_k16_plain\init_seed2\g013_i021,runs_J_k16_plain\init_seed2\g013_i021\tripinfo.xml
13,22,14,448.12266666666665,-120682114#2;-25970859#1;-28298231;-498033359#0;-74277990;111677671#0;111681903#2;24337240#1;28468732#0;37628709#0;4935286#2;502325084#0;747448014;782714971#3,runs_J_k16_plain\init_seed2\g013_i022,runs_J_k16_plain\init_seed2\g013_i022\tripinfo.xml
13,23,12,1000000000000.0,-111677668#4;-111677671#0;-24337240#0;-74277990;120682114#3;205590836#2;24337240#2;25970859#1;37628709#1;782714971#4;876343449#0;880137010,runs_J_k16_plain\init_seed2\g013_i023,runs_J_k16_plain\init_seed2\g013_i023\tripinfo.xml
14,0,16,351.69733333333335,-111677671#0;-24337240#3;-498033359#2;-502325084#1;-74277990;111681903#3;205590836#2;24337240#2;311298662#1;37628709#1;4935286#2;4970256#6;782714971#4;783907721#0;876057378#5;876343449#0,runs_J_k16_plain\init_seed2\g014_i000,runs_J_k16_plain\init_seed2\g014_i000\tripinfo.xml
14,1,16,515.3406666666667,-24337240#6;-498033359#2;-74277990;-782714971#1;120682114#1;131942152;205590836#2;25970859#1;311298662#1;37628709#1;4935286#3;4935299#1;4970256#6;498033359#1;783907721#0;876057378#5,runs_J_k16_plain\init_seed2\g014_i001,runs_J_k16_plain\init_seed2\g014_i001\tripinfo.xml
14,2,16,531.9473333333333,-24337240#3;-783907721#0;-783907721#1;-880137009#1;111677669#2;111677671#0;111681903#3;205590836#2;25970859#0;28468732#0;311298662#1;4935286#3;4935299#1;62826731;782714971#0;876343449#0,runs_J_k16_plain\init_seed2\g014_i002,runs_J_k16_plain\init_seed2\g014_i002\tripinfo.xml
14,3,9,636.796,-498033359#2;-74277990;-835443464;111677668#4;311298662#1;37628709#1;58621262#0;7924772;876057378#5,runs_J_k16_plain\init_seed2\g014_i003,runs_J_k16_plain\init_seed2\g014_i003\tripinfo.xml
14,4,16,589.872,-120682114#2;-25970859#0;-28298231;-311298682#0;-311298685;-783907721#2;-835445203;-880137009#1;111677668#4;111677669#2;111681903#0;111681903#3;4935286#2;4970256#8;782714971#1;880140407,runs_J_k16_plain\init_seed2\g014_i004,runs_J_k16_plain\init_seed2\g014_i004\tripinfo.xml
14,5,16,644.456,-120682114#1;-24337240#7;-498033359#3;-7365262;-782714966#0;111677668#0;111677668#3;111677668#4;131942152;24337240#7;311298662#1;4935286#2;782714971#0;835445203;876057378#0;880137010,runs_J_k16_plain\init_seed2\g014_i005,runs_J_k16_plain\init_seed2\g014_i005\tripinfo.xml
14,6,16,711.2793333333333,-24337240#2;-311298685;-498033359#0;-782714966#1;111681903#3;131942152;24337240#7;25970859#0;311298665;37628709#1;4935286#2;498033359#0;502325084#0;502325084#1;502325084#3;782714971#4,runs_J_k16_plain\init_seed2\g014_i006,runs_J_k16_plain\init_seed2\g014_i006\tripinfo.xml
14,7,14,373.832,-205590836#0;-24337240#3;-25970859#1;-498033359#2;-74277990;111681903#1;111681903#3;205590836#2;311298662#1;4935286#2;4970256#6;783907721#0;876057378#3;876343449#0,runs_J_k16_plain\init_seed2\g014_i007,runs_J_k16_plain\init_seed2\g014_i007\tripinfo.xml
14,8,16,1000000000000.0,-25970859#0;-498033359#0;-498033359#1;-498033359#3;-535519490#0;-782714971#0;-782714971#3;-876343449#0;-876343449#1;-880137009#0;111681903#3;4935286#0;498033359#2;502325084#0;876343449#2;880137009#1,runs_J_k16_plain\init_seed2\g014_i008,runs_J_k16_plain\init_seed2\g014_i008\tripinfo.xml
14,9,16,506.486,-111677671#0;-120682114#2;-120682114#3;-205590836#0;-25970859#1;-311298685;-782714971#1;-782714971#4;-876343449#0;-876343449#1;111681903#0;120682114#3;311298665;37628709#0;782714966#0;876057378#2,runs_J_k16_plain\init_seed2\g014_i009,runs_J_k16_plain\init_seed2\g014_i009\tripinfo.xml
14,10,16,2228.8386666666665,-111681903#0;111677668#3;24337240#4;24337240#7;25970859#1;311298662#0;4935286#2;4935286#3;498033359#2;58621262#1;747448014;783907721#0;876057378#3;876057378#5;876343449#2;880137009#1,runs_J_k16_plain\init_seed2\g014_i010,runs_J_k16_plain\init_seed2\g014_i010\tripinfo.xml
14,11,16,2733.21,-111681903#1;-24337240#3;-4950193;-502325084#0;-502325084#1;-782714966#1;111681905#1;120682114#2;24337240#5;26216779#1;311298658;311298665;4935286#0;4970256#8;835443464;876343449#1,runs_J_k16_plain\init_seed2\g014_i011,runs_J_k16_plain\init_seed2\g014_i011\tripinfo.xml
14,12,16,359.96066666666667,-111677671#0;-24337240#6;-25970859#1;-74277990;-782714971#4;-880137009#1;111681903#3;120682114#3;205590836#2;24337240#1;24337240#2;24337240#4;37628709#1;4935286#2;498033359#0;876057378#1,runs_J_k16_plain\init_seed2\g014_i012,runs_J_k16_plain\init_seed2\g014_i012\tripinfo.xml
14,13,16,392.4626666666667,-311298662#0;-311298682#0;-498033359#2;-74277990;-835445203;-880137009#0;-880137009#1;111677669#1;28468730#1;28468732#0;28468732#1;4935286#2;498033359#0;782714971#2;782714971#4;876057378#5,runs_J_k16_plain\init_seed2\g014_i013,runs_J_k16_plain\init_seed2\g014_i013\tripinfo.xml
14,14,16,489.61266666666666,-111677668#4;-498033359#0;-782714966#1;-880137009#1;111677669#3;111681903#3;120682114#1;120682114#2;120682114#3;131942152;205590836#2;498033359#0;502325084#1;783907721#0;876057378#0;880140407,runs_J_k16_plain\init_seed2\g014_i014,runs_J_k16_plain\init_seed2\g014_i014\tripinfo.xml
14,15,12,634.6466666666666,-111677671#0;-28298231;-782714966#0;-783907721#1;111677668#3;111681903#2;28468730#1;37628709#1;502325084#3;782710712;783907721#0;876343449#0,runs_J_k16_plain\init_seed2\g014_i015,runs_J_k16_plain\init_seed2\g014_i015\tripinfo.xml
14,16,16,389.52133333333336,-111677668#3;-111681903#0;-24337240#4;-502325084#0;111677669#3;111681903#2;205590836#2;4935286#2;4970256#6;782714966#1;782714971#2;782714971#4;876057378#4;876057378#5;880137009#0;880137009#1,runs_J_k16_plain\init_seed2\g014_i016,runs_J_k16_plain\init_seed2\g014_i016\tripinfo.xml
14,17,16,1000000000000.0,-205590836#0;-25970859#1;-311298665;-4950193;-498033359#2;-782714971#2;111677669#4;111681903#0;111681903#3;26216779#1;311298682#0;37628709#1;4935286#1;4970256#6;535519490#1;880137010,runs_J_k16_plain\init_seed2\g014_i017,runs_J_k16_plain\init_seed2\g014_i017\tripinfo.xml
14,18,16,606.8006666666666,-111681903#2;-24337240#3;-25970859#0;-498033359#2;-502325084#0;-502325084#3;-74277990;111677669#0;111681903#3;131942152;205590836#2;26216781#1;311298662#1;4935299#1;782714966#0;876343449#0,runs_J_k16_plain\init_seed2\g014_i018,runs_J_k16_plain\init_seed2\g014_i018\tripinfo.xml
14,19,16,531.346,-120682114#1;-311298662#1;-311298682#0;-5197062#4;-74277990;111677668#4;111681903#0;111681905#1;205590836#2;24337240#1;24337240#5;28468730#1;37628709#0;4935286#0;876057378#2;880140407,runs_J_k16_plain\init_seed2\g014_i019,runs_J_k16_plain\init_seed2\g014_i019\tripinfo.xml
14,20,16,387.58,-111677671#0;-111681903#3;-24337240#6;-498033359#1;-502325084#1;-880137009#1;111681903#0;24337240#0;24337240#3;24337240#4;26216781#2;28468730#1;37628709#1;4935286#2;876057378#4;876343449#0,runs_J_k16_plain\init_seed2\g014_i020,runs_J_k16_plain\init_seed2\g014_i020\tripinfo.xml
14,21,16,1103.8326666666667,-120682114#2;-24337240#2;-502325084#0;-782714971#2;111677668#0;111681903#0;111681903#3;24337240#7;26216781#1;4935299#1;498033359#3;535519490#1;58621262#1;782714966#0;782714971#1;876343449#2,runs_J_k16_plain\init_seed2\g014_i021,runs_J_k16_plain\init_seed2\g014_i021\tripinfo.xml
14,22,16,438.22866666666664,-120682114#2;-24337240#1;-24337240#2;-25970859#0;-498033359#0;-5197062#4;-835443464;111681903#0;111681905#2;24337240#2;26216779#1;4935286#2;5197062#4;7924772;835445203;880137009#1,runs_J_k16_plain\init_seed2\g014_i022,runs_J_k16_plain\init_seed2\g014_i022\tripinfo.xml
14,23,16,630.506,-205590836#0;-24337240#1;-7365262;-835443464;-835445203;-876343449#0;131942152;24337240#5;24337240#7;26216779#1;26216781#2;311298662#0;782714971#0;782714971#3;783907721#0;876343449#2,runs_J_k16_plain\init_seed2\g014_i023,runs_J_k16_plain\init_seed2\g014_i023\tripinfo.xml
15,0,16,351.69733333333335,-111677671#0;-24337240#3;-498033359#2;-502325084#1;-74277990;111681903#3;205590836#2;24337240#2;311298662#1;37628709#1;4935286#2;4970256#6;782714971#4;783907721#0;876057378#5;876343449#0,runs_J_k16_plain\init_seed2\g015_i000,runs_J_k16_plain\init_seed2\g015_i000\tripinfo.xml
15,1,16,1000000000000.0,-111677671#0;-111681903#0;-24337240#4;-311298665;-502325084#3;-535519490#1;111677669#0;25970859#1;26216779#0;311298662#1;4935286#2;4935286#3;4970256#6;782714971#4;7924772;835443464,runs_J_k16_plain\init_seed2\g015_i001,runs_J_k16_plain\init_seed2\g015_i001\tripinfo.xml
15,2,16,1527.0913333333333,-111677668#3;-24337240#7;-311298685;-502325084#0;-74277990;-782714971#3;-876343449#0;111677669#3;111681903#0;4935286#2;782714966#1;782714971#2;782714971#3;782714971#4;783907721#2;876343449#0,runs_J_k16_plain\init_seed2\g015_i002,runs_J_k16_plain\init_seed2\g015_i002\tripinfo.xml
15,3,16,468.85133333333334,-111677671#0;-25970859#0;-498033359#2;-502325084#0;-876343449#1;131942152;24337240#2;24337240#4;24337240#5;26216779#1;311298662#1;311298665;37628709#1;876057378#2;876343449#0;876343449#2,runs_J_k16_plain\init_seed2\g015_i003,runs_J_k16_plain\init_seed2\g015_i003\tripinfo.xml
15,4,16,436.478,-24337240#3;-502325084#1;-74277990;-835443464;111677669#1;111681903#1;111681903#3;24337240#5;26216781#0;37628709#1;4935286#2;4970256#6;782714971#1;782714971#2;783907721#2;876057378#0,runs_J_k16_plain\init_seed2\g015_i004,runs_J_k16_plain\init_seed2\g015_i004\tripinfo.xml
15,5,16,1401.724,-205590836#0;-24337240#3;-25970859#1;-28298231;-535519490#0;111677668#4;111681903#1;111681903#3;120682114#2;120682114#3;28468730#1;311298662#1;502325084#3;835445203;876057376;876057378#5,runs_J_k16_plain\init_seed2\g015_i005,runs_J_k16_plain\init_seed2\g015_i005\tripinfo.xml
15,6,16,637.78,-120682114#3;-24337240#3;-311298682#0;-498033359#2;-5197062#4;-535519490#1;111677668#3;111677668#4;120682114#3;4935286#2;498033359#2;498033359#3;782714971#2;783907721#0;876057378#3;880137009#0,runs_J_k16_plain\init_seed2\g015_i006,runs_J_k16_plain\init_seed2\g015_i006\tripinfo.xml
15,7,16,679.4926666666667,-120682114#2;-24337240#1;-498033359#3;-5197062#4;-74277990;-782714966#0;-835445203;-876343449#0;111677669#0;111677669#1;111677669#4;24337240#2;28468732#0;502325084#1;835445203;876057378#4,runs_J_k16_plain\init_seed2\g015_i007,runs_J_k16_plain\init_seed2\g015_i007\tripinfo.xml
15,8,16,423.1066666666667,-111677668#4;-120682114#1;-120682114#2;-311298665;-498033359#2;-782714966#1;111681905#2;24337240#2;25970859#1;28468732#1;4935286#2;4970256#6;782714971#2;782714971#4;876057378#0;880137009#1,runs_J_k16_plain\init_seed2\g015_i008,runs_J_k16_plain\init_seed2\g015_i008\tripinfo.xml
15,9,10,741.3966666666666,-111677671#0;-24337240#3;-498033359#2;-835445203;111677669#4;111677671#0;111681903#3;24337240#0;24337240#2;26216781#2,runs_J_k16_plain\init_seed2\g015_i009,runs_J_k16_plain\init_seed2\g015_i009\tripinfo.xml
15,10,16,1000000000000.0,-111677671#0;-111681903#3;-120682114#1;-311298658;-782714971#4;-880137009#1;111677668#4;120682114#1;205590836#2;26216781#3;28468730#0;28468730#1;28468732#0;782714971#0;876057378#4;876343449#0,runs_J_k16_plain\init_seed2\g015_i010,runs_J_k16_plain\init_seed2\g015_i010\tripinfo.xml
15,11,16,635.216,-111677671#0;-24337240#4;-311298658;-498033359#2;-502325084#3;-782714966#0;-782714966#1;-782714971#0;-782714971#2;111681905#2;24337240#2;311298682#0;37628709#1;4935299#1;876057378#5;876343449#0,runs_J_k16_plain\init_seed2\g015_i011,runs_J_k16_plain\init_seed2\g015_i011\tripinfo.xml
15,12,16,351.1073333333333,-111681903#0;-24337240#1;-24337240#3;-498033359#0;-498033359#2;-876343449#2;111681903#3;311298662#1;37628709#1;4935286#2;4970256#8;62826731;747448014;783907721#2;876057378#4;876057378#5,runs_J_k16_plain\init_seed2\g015_i012,runs_J_k16_plain\init_seed2\g015_i012\tripinfo.xml
15,13,11,764.2953333333334,-24337240#4;-25970859#0;-311298682#0;-5197062#4;111677668#3;205590836#2;24337240#5;28468730#1;37628709#1;783907721#0;783907721#2,runs_J_k16_plain\init_seed2\g015_i013,runs_J_k16_plain\init_seed2\g015_i013\tripinfo.xml
15,14,16,609.9913333333334,-111681903#0;-24337240#6;-7365262;-74277990;-782714971#2;-782714971#4;111677668#4;111681903#0;111681903#3;120682114#1;24337240#0;24337240#5;26216781#3;311298662#1;4970256#6;783907721#0,runs_J_k16_plain\init_seed2\g015_i014,runs_J_k16_plain\init_seed2\g015_i014\tripinfo.xml
15,15,9,653.2433333333333,-25970859#0;-74277990;311298662#1;37628709#1;5197062#4;783907721#0;876057376;876057378#4;876057378#5,runs_J_k16_plain\init_seed2\g015_i015,runs_J_k16_plain\init_seed2\g015_i015\tripinfo.xml
15,16,16,626.512,-111677671#0;-120682114#3;-28468730#0;-498033359#2;-5197062#4;-7365262;-835443464;-835445203;111677669#2;205590836#2;24337240#0;26216781#0;58621262#1;782714971#4;783907721#0;835445203,runs_J_k16_plain\init_seed2\g015_i016,runs_J_k16_plain\init_seed2\g015_i016\tripinfo.xml
15,17,16,1000000000000.0,-502325084#1;-782714971#4;-783907721#0;-783907721#1;111677669#4;28468730#0;28468732#0;4935299#1;4970256#7;498033359#1;62826731;782714966#0;782714966#1;782714971#0;876057378#0;876057378#5,runs_J_k16_plain\init_seed2\g015_i017,runs_J_k16_plain\init_seed2\g015_i017\tripinfo.xml
15,18,15,395.67466666666667,-111677671#0;-111681903#3;-24337240#3;-311298658;-311298662#0;111677669#2;111681905#2;24337240#4;311298685;4935286#0;4935286#2;4935286#3;498033359#3;58621262#0;876057378#4,runs_J_k16_plain\init_seed2\g015_i018,runs_J_k16_plain\init_seed2\g015_i018\tripinfo.xml
15,19,16,673.6786666666667,-24337240#6;-498033359#2;-535519490#0;-74277990;-782714966#1;111677668#3;205590836#2;25970859#1;311298662#1;4970256#6;58621262#1;782714971#0;783907721#0;876057378#0;876057378#3;876343449#0,runs_J_k16_plain\init_seed2\g015_i019,runs_J_k16_plain\init_seed2\g015_i019\tripinfo.xml
15,20,16,865.11,-25970859#1;-74277990;-783907721#1;111681903#1;111681903#3;311298658;311298682#0;311298685;37628709#0;4935286#0;4935299#1;4970256#5;498033359#1;782714966#0;783907721#0;876343449#0,runs_J_k16_plain\init_seed2\g015_i020,runs_J_k16_plain\init_seed2\g015_i020\tripinfo.xml
15,21,16,940.8506666666667,-25970859#0;-25970859#1;-502325084#3;-5197062#4;-782714971#4;-783907721#0;-783907721#1;-876343449#0;111677669#2;111681903#3;205590836#2;24337240#1;311298658;4935299#1;747448014;876343449#0,runs_J_k16_plain\init_seed2\g015_i021,runs_J_k16_plain\init_seed2\g015_i021\tripinfo.xml
15,22,15,628.6126666666667,-111677671#0;-120682114#3;-28468730#0;-498033359#1;-535519490#0;-783907721#0;-876343449#1;-880137009#1;111677669#5;120682114#3;26216781#3;62826731;876057376;876057378#4;876343449#0,runs_J_k16_plain\init_seed2\g015_i022,runs_J_k16_plain\init_seed2\g015_i022\tripinfo.xml
15,23,16,645.204,-120682114#2;-120682114#3;-25970859#0;-311298682#0;-311298685;-783907721#1;-835445203;-880137009#1;111677669#1;111681903#0;131942152;37628709#1;4935286#1;4935286#2;535519490#1;58621262#0,runs_J_k16_plain\init_seed2\g015_i023,runs_J_k16_plain\init_seed2\g015_i023\tripinfo.xml
