gen,idx,k,score,closed_edges,run_dir,tripinfo
1,0,15,1000000000000.0,-111677668#4;-120682114#3;-28468730#0;-311298665;-535519490#1;-876343449#2;-880137009#0;111677669#0;311298665;37628709#0;4935286#0;4935286#2;58621262#1;783907721#1;876057378#0,runs_J_k16_plain\init_seed9\g001_i000,runs_J_k16_plain\init_seed9\g001_i000\tripinfo.xml
1,1,10,1000000000000.0,-311298665;-782714971#4;111677668#4;4935286#3;4970256#7;5197062#4;835445203;876057376;876343449#0;880137009#0,runs_J_k16_plain\init_seed9\g001_i001,runs_J_k16_plain\init_seed9\g001_i001\tripinfo.xml
1,2,9,1000000000000.0,-311298665;-782714971#3;-876343449#2;111677669#3;111681905#1;24337240#5;4935286#2;535519490#1;782714971#1,runs_J_k16_plain\init_seed9\g001_i002,runs_J_k16_plain\init_seed9\g001_i002\tripinfo.xml
1,3,5,1000000000000.0,-311298665;311298685;4935286#1;535519490#1;783907721#1,runs_J_k16_plain\init_seed9\g001_i003,runs_J_k16_plain\init_seed9\g001_i003\tripinfo.xml
1,4,6,1000000000000.0,-120682114#3;-24337240#2;-311298665;-782714971#3;26216781#1;26216781#3,runs_J_k16_plain\init_seed9\g001_i004,runs_J_k16_plain\init_seed9\g001_i004\tripinfo.xml
1,5,1,373.832,4935286#2,runs_J_k16_plain\init_seed9\g001_i005,runs_J_k16_plain\init_seed9\g001_i005\tripinfo.xml
1,6,11,1000000000000.0,-111681903#2;-311298665;-498033359#2;-835445203;-880140407;111681903#2;120682114#3;25970859#0;37628709#1;4935286#3;782714971#2,runs_J_k16_plain\init_seed9\g001_i006,runs_J_k16_plain\init_seed9\g001_i006\tripinfo.xml
1,7,15,1000000000000.0,-24337240#4;-24337240#6;-311298665;-311298685;-535519490#1;-782714971#0;-876343449#1;111681903#2;131942152;205590836#2;24337240#7;25970859#1;311298685;4935286#2;876343449#0,runs_J_k16_plain\init_seed9\g001_i007,runs_J_k16_plain\init_seed9\g001_i007\tripinfo.xml
1,8,3,644.456,-120682114#3;-28468730#0;-880137009#0,runs_J_k16_plain\init_seed9\g001_i008,runs_J_k16_plain\init_seed9\g001_i008\tripinfo.xml
1,9,11,1000000000000.0,-311298662#0;-311298665;-782714971#1;111677668#3;111677671#0;120682114#2;26216779#1;4935286#2;498033359#3;5197062#4;782714971#4,runs_J_k16_plain\init_seed9\g001_i009,runs_J_k16_plain\init_seed9\g001_i009\tripinfo.xml
1,10,2,644.456,111677668#4;876057378#4,runs_J_k16_plain\init_seed9\g001_i010,runs_J_k16_plain\init_seed9\g001_i010\tripinfo.xml
1,11,13,1000000000000.0,-120682114#2;-25970859#0;-311298665;-535519490#0;-880137009#1;111677669#0;311298665;4935286#2;4935286#3;4935299#1;498033359#1;782714971#0;782714971#4,runs_J_k16_plain\init_seed9\g001_i011,runs_J_k16_plain\init_seed9\g001_i011\tripinfo.xml
1,12,6,1000000000000.0,-311298665;111681903#3;4935286#0;4935286#2;4970256#5;876057378#5,runs_J_k16_plain\init_seed9\g001_i012,runs_J_k16_plain\init_seed9\g001_i012\tripinfo.xml
1,13,15,1000000000000.0,-28298231;-311298665;-498033359#3;111677669#3;111677669#5;26216781#3;311298665;311298682#0;4935286#1;4935286#2;4935286#3;4970256#8;498033359#3;747448014;782714966#0,runs_J_k16_plain\init_seed9\g001_i013,runs_J_k16_plain\init_seed9\g001_i013\tripinfo.xml
1,14,14,708.6073333333334,-111681903#2;-311298665;-782714971#3;-783907721#1;-783907721#2;111677668#3;120682114#3;311298658;311298662#1;4935286#2;502325084#3;5197062#4;782714966#1;876057378#1,runs_J_k16_plain\init_seed9\g001_i014,runs_J_k16_plain\init_seed9\g001_i014\tripinfo.xml
1,15,6,1000000000000.0,-24337240#0;-311298665;-5197062#3;111681905#1;26216781#2;311298665,runs_J_k16_plain\init_seed9\g001_i015,runs_J_k16_plain\init_seed9\g001_i015\tripinfo.xml
1,16,6,1000000000000.0,-311298665;-535519490#1;120682114#3;131942152;4935286#2;62826731,runs_J_k16_plain\init_seed9\g001_i016,runs_J_k16_plain\init_seed9\g001_i016\tripinfo.xml
1,17,8,1000000000000.0,-24337240#2;-311298665;-74277990;-783907721#1;24337240#0;4935286#2;535519490#1;782714971#0,runs_J_k16_plain\init_seed9\g001_i017,runs_J_k16_plain\init_seed9\g001_i017\tripinfo.xml
1,18,2,644.456,37628709#0;782714971#4,runs_J_k16_plain\init_seed9\g001_i018,runs_J_k16_plain\init_seed9\g001_i018\tripinfo.xml
1,19,4,1000000000000.0,-311298665;311298662#0;4935286#1;4935286#2,runs_J_k16_plain\init_seed9\g001_i019,runs_J_k16_plain\init_seed9\g001_i019\tripinfo.xml
1,20,5,1000000000000.0,-120682114#1;-311298665;311298662#0;4935286#2;782714971#2,runs_J_k16_plain\init_seed9\g001_i020,runs_J_k16_plain\init_seed9\g001_i020\tripinfo.xml
1,21,3,1000000000000.0,-205590836#0;-311298665;5197062#3,runs_J_k16_plain\init_seed9\g001_i021,runs_J_k16_plain\init_seed9\g001_i021\tripinfo.xml
1,22,13,1000000000000.0,-120682114#1;-25970859#1;-311298665;-498033359#0;-498033359#3;-880137009#0;111677669#5;28468732#0;28468732#1;311298665;4935299#1;782714966#1;7924772,runs_J_k16_plain\init_seed9\g001_i022,runs_J_k16_plain\init_seed9\g001_i022\tripinfo.xml
1,23,4,1000000000000.0,-311298658;-311298665;-535519490#1;4935286#2,runs_J_k16_plain\init_seed9\g001_i023,runs_J_k16_plain\init_seed9\g001_i023\tripinfo.xml
2,0,1,373.832,4935286#2,runs_J_k16_plain\init_seed9\g002_i000,runs_J_k16_plain\init_seed9\g002_i000\tripinfo.xml
2,1,12,1000000000000.0,-111677671#0;-120682114#2;-28468730#0;-311298665;-498033359#1;-876343449#0;24337240#5;26216781#3;28468730#1;28468732#0;5197062#3;535519490#1,runs_J_k16_plain\init_seed9\g002_i001,runs_J_k16_plain\init_seed9\g002_i001\tripinfo.xml
2,2,16,1278.026,-111677668#0;-111677671#0;-111681903#0;-120682114#3;-205590836#0;-24337240#1;-24337240#3;-24337240#6;-25970859#1;-502325084#3;-880137009#0;311298662#0;311298682#0;502325084#3;783907721#1;876343449#1,runs_J_k16_plain\init_seed9\g002_i002,runs_J_k16_plain\init_seed9\g002_i002\tripinfo.xml
2,3,16,1000000000000.0,-111677668#3;-24337240#3;-311298665;-498033359#0;-535519490#0;-74277990;-783907721#1;111677669#3;111681903#2;311298662#0;311298685;4935299#1;4970256#8;502325084#3;782714971#2;880140407,runs_J_k16_plain\init_seed9\g002_i003,runs_J_k16_plain\init_seed9\g002_i003\tripinfo.xml
2,4,16,1000000000000.0,-111681903#2;-782714971#1;-782714971#3;-835443464;-876343449#1;205590836#2;25970859#1;311298662#1;311298682#0;4935286#2;4970256#5;782714966#1;783907721#2;876057378#1;876057378#3;876057378#4,runs_J_k16_plain\init_seed9\g002_i004,runs_J_k16_plain\init_seed9\g002_i004\tripinfo.xml
2,5,16,717.5973333333334,-25970859#0;-311298658;-535519490#0;-74277990;-876343449#1;111677668#3;111677669#3;111681903#3;24337240#5;26216779#1;37628709#1;4970256#5;535519490#1;782714971#1;7924772;835445203,runs_J_k16_plain\init_seed9\g002_i005,runs_J_k16_plain\init_seed9\g002_i005\tripinfo.xml
2,6,16,687.086,-205590836#0;-24337240#3;-782714971#1;-782714971#2;-782714971#3;131942152;24337240#5;311298682#0;37628709#1;4970256#5;4970256#8;498033359#2;535519490#1;782714966#0;782714971#1;782714971#2,runs_J_k16_plain\init_seed9\g002_i006,runs_J_k16_plain\init_seed9\g002_i006\tripinfo.xml
2,7,16,1000000000000.0,-205590836#0;-311298665;-4950193;-498033359#2;-783907721#1;111677669#0;24337240#3;25970859#0;26216779#1;4935286#2;4935286#3;4970256#7;498033359#1;498033359#3;782714971#0;782714971#4,runs_J_k16_plain\init_seed9\g002_i007,runs_J_k16_plain\init_seed9\g002_i007\tripinfo.xml
2,8,6,525.7673333333333,-782714971#1;111677668#4;131942152;782714966#1;782714971#3;880140407,runs_J_k16_plain\init_seed9\g002_i008,runs_J_k16_plain\init_seed9\g002_i008\tripinfo.xml
2,9,16,739.6506666666667,-120682114#3;-24337240#4;-28468730#0;-498033359#2;-502325084#3;-783907721#0;-876343449#1;-880137009#0;-880137009#1;111677668#0;4935286#1;4935286#2;4970256#5;782714971#0;835445203;876343449#0,runs_J_k16_plain\init_seed9\g002_i009,runs_J_k16_plain\init_seed9\g002_i009\tripinfo.xml
2,10,16,1460.8346666666666,-111681903#0;-120682114#3;-24337240#4;-24337240#7;-28468730#0;-5197062#3;-783907721#0;-880137009#0;111677668#0;111677671#0;26216781#1;28468730#1;4935299#1;498033359#3;747448014;782714966#1,runs_J_k16_plain\init_seed9\g002_i010,runs_J_k16_plain\init_seed9\g002_i010\tripinfo.xml
2,11,16,1000000000000.0,-28468730#0;-311298665;-782714971#2;-783907721#0;-783907721#2;111677669#0;111677669#3;26216779#1;28468732#1;311298665;4935286#2;5197062#4;62826731;782714971#2;7924772;876057378#4,runs_J_k16_plain\init_seed9\g002_i011,runs_J_k16_plain\init_seed9\g002_i011\tripinfo.xml
2,12,16,631.5513333333333,-111681903#2;-24337240#3;-28468730#0;-311298662#0;-880137009#1;111677668#3;111677668#4;24337240#1;26216779#0;26216781#0;28468730#0;311298658;311298662#1;4935286#2;498033359#0;876057378#2,runs_J_k16_plain\init_seed9\g002_i012,runs_J_k16_plain\init_seed9\g002_i012\tripinfo.xml
2,13,16,968.276,-24337240#1;-24337240#6;-28468730#0;-5197062#3;-782714966#1;-880137009#1;311298658;4935286#0;4935286#1;4970256#6;4970256#8;498033359#2;5197062#3;535519490#1;782714971#2;782714971#3,runs_J_k16_plain\init_seed9\g002_i013,runs_J_k16_plain\init_seed9\g002_i013\tripinfo.xml
2,14,16,359.608,-120682114#3;-205590836#0;-783907721#2;-876343449#1;-880137009#0;111677669#0;205590836#2;24337240#3;26216779#0;311298662#0;311298685;4935286#2;4970256#5;782714966#1;782714971#0;783907721#1,runs_J_k16_plain\init_seed9\g002_i014,runs_J_k16_plain\init_seed9\g002_i014\tripinfo.xml
2,15,10,1000000000000.0,-111681903#2;-311298665;-4950193;-880140407;111677669#1;37628709#1;4935286#2;4935286#3;502325084#3;876343449#1,runs_J_k16_plain\init_seed9\g002_i015,runs_J_k16_plain\init_seed9\g002_i015\tripinfo.xml
2,16,5,1000000000000.0,-311298665;120682114#3;28468730#0;311298662#1;498033359#3,runs_J_k16_plain\init_seed9\g002_i016,runs_J_k16_plain\init_seed9\g002_i016\tripinfo.xml
2,17,16,650.2746666666667,-111677668#3;-120682114#3;-25970859#0;-311298658;-498033359#1;-535519490#1;-782714971#3;-880137009#0;25970859#0;26216779#1;4970256#5;4970256#6;783907721#0;876057378#3;876343449#2;880137010,runs_J_k16_plain\init_seed9\g002_i017,runs_J_k16_plain\init_seed9\g002_i017\tripinfo.xml
2,18,16,596.942,-111677671#0;-24337240#2;-28468730#0;-311298658;-4950193;-782714971#3;111677669#4;111681903#0;26216781#2;311298682#0;4970256#5;498033359#2;62826731;782714966#1;782714971#2;880140407,runs_J_k16_plain\init_seed9\g002_i018,runs_J_k16_plain\init_seed9\g002_i018\tripinfo.xml
2,19,10,662.8566666666667,-25970859#1;-28298231;-782714971#2;-782714971#3;-835443464;111681903#0;205590836#2;24337240#7;4970256#5;4970256#6,runs_J_k16_plain\init_seed9\g002_i019,runs_J_k16_plain\init_seed9\g002_i019\tripinfo.xml
2,20,16,1363.4613333333334,-111677671#0;-111681903#2;-24337240#4;-24337240#7;-498033359#1;-783907721#1;120682114#2;120682114#3;25970859#1;26216781#0;37628709#0;4970256#8;498033359#3;782714971#0;782714971#4;783907721#0,runs_J_k16_plain\init_seed9\g002_i020,runs_J_k16_plain\init_seed9\g002_i020\tripinfo.xml
2,21,16,1000000000000.0,-311298665;-782714966#0;-876343449#0;111677669#2;120682114#3;131942152;28468730#1;311298658;311298662#1;311298665;4970256#7;4970256#8;502325084#3;782714966#1;876057378#1;880137010,runs_J_k16_plain\init_seed9\g002_i021,runs_J_k16_plain\init_seed9\g002_i021\tripinfo.xml
2,22,16,1294.518,-24337240#1;-311298662#1;-782714971#3;-783907721#1;-880137009#0;111677668#0;111677668#3;28468732#1;4935286#2;4935299#1;5197062#4;782714966#1;782714971#0;7924772;876343449#2;880140407,runs_J_k16_plain\init_seed9\g002_i022,runs_J_k16_plain\init_seed9\g002_i022\tripinfo.xml
2,23,16,930.272,-783907721#2;-876343449#1;-880137009#1;111677669#3;120682114#3;131942152;24337240#2;26216781#3;311298658;498033359#3;502325084#0;5197062#4;747448014;782714966#1;835445203;876057378#0,runs_J_k16_plain\init_seed9\g002_i023,runs_J_k16_plain\init_seed9\g002_i023\tripinfo.xml
3,0,16,359.608,-120682114#3;-205590836#0;-783907721#2;-876343449#1;-880137009#0;111677669#0;205590836#2;24337240#3;26216779#0;311298662#0;311298685;4935286#2;4970256#5;782714966#1;782714971#0;783907721#1,runs_J_k16_plain\init_seed9\g003_i000,runs_J_k16_plain\init_seed9\g003_i000\tripinfo.xml
3,1,16,710.0933333333334,-205590836#0;-7365262;-782714966#1;-876343449#1;-880140407;111677669#4;111681903#2;24337240#4;26216779#0;311298658;4935286#1;4935286#3;4970256#5;498033359#1;58621262#1;782714971#2,runs_J_k16_plain\init_seed9\g003_i001,runs_J_k16_plain\init_seed9\g003_i001\tripinfo.xml
3,2,16,773.0506666666666,-111681903#1;-111681903#3;-120682114#3;-24337240#1;-880137009#1;205590836#2;24337240#3;26216781#1;311298662#0;4935286#1;4935286#2;4970256#6;5197062#3;782714966#0;782714966#1;876343449#2,runs_J_k16_plain\init_seed9\g003_i002,runs_J_k16_plain\init_seed9\g003_i002\tripinfo.xml
3,3,16,1749.7073333333333,-120682114#2;-28298231;-311298685;-782714971#3;-835443464;111681903#0;24337240#5;24337240#7;311298682#0;4970256#5;4970256#7;4970256#8;498033359#2;782714966#0;782714971#1;782714971#3,runs_J_k16_plain\init_seed9\g003_i003,runs_J_k16_plain\init_seed9\g003_i003\tripinfo.xml
3,4,16,599.798,-120682114#1;-24337240#3;-498033359#1;-5197062#3;-782714971#1;-783907721#0;-783907721#1;131942152;205590836#2;26216779#0;311298682#0;37628709#1;4970256#5;498033359#2;876057378#1;876057378#2,runs_J_k16_plain\init_seed9\g003_i004,runs_J_k16_plain\init_seed9\g003_i004\tripinfo.xml
3,5,16,1000000000000.0,-111677668#0;-24337240#0;-24337240#2;-25970859#0;-535519490#0;-782714971#1;-782714971#4;-876343449#2;111677671#0;131942152;24337240#3;311298685;502325084#3;782714966#1;782714971#3;880140407,runs_J_k16_plain\init_seed9\g003_i005,runs_J_k16_plain\init_seed9\g003_i005\tripinfo.xml
3,6,14,614.0433333333333,-28468730#0;-7365262;-74277990;-880137009#0;-880140407;205590836#2;24337240#3;311298662#0;311298685;535519490#1;58621262#0;782714966#1;782714971#0;783907721#1,runs_J_k16_plain\init_seed9\g003_i006,runs_J_k16_plain\init_seed9\g003_i006\tripinfo.xml
3,7,16,779.2953333333334,-111677668#3;-111681903#2;-120682114#3;-24337240#2;-25970859#0;-782714971#3;-835443464;24337240#3;24337240#4;311298682#0;4970256#5;4970256#7;498033359#2;58621262#1;782714971#2;782714971#4,runs_J_k16_plain\init_seed9\g003_i007,runs_J_k16_plain\init_seed9\g003_i007\tripinfo.xml
3,8,2,644.456,-111677668#3;-28468730#0,runs_J_k16_plain\init_seed9\g003_i008,runs_J_k16_plain\init_seed9\g003_i008\tripinfo.xml
3,9,6,650.3393333333333,-28468730#0;111677668#3;24337240#1;28468730#0;502325084#3;876057378#2,runs_J_k16_plain\init_seed9\g003_i009,runs_J_k16_plain\init_seed9\g003_i009\tripinfo.xml
3,10,12,822.8493333333333,-120682114#3;-24337240#2;-24337240#3;-28468730#0;-498033359#3;-502325084#1;-5197062#4;-880140407;111677669#5;205590836#2;24337240#1;498033359#0,runs_J_k16_plain\init_seed9\g003_i010,runs_J_k16_plain\init_seed9\g003_i010\tripinfo.xml
3,11,16,527.0833333333334,-111677671#0;-24337240#2;-28468730#0;-782714971#0;-782714971#2;-782714971#3;-835443464;111677668#0;111677668#3;111681903#0;205590836#2;4970256#6;62826731;7924772;835445203;880140407,runs_J_k16_plain\init_seed9\g003_i011,runs_J_k16_plain\init_seed9\g003_i011\tripinfo.xml
3,12,16,1000000000000.0,-111681903#0;-120682114#1;-311298658;-311298665;-4950193;-498033359#2;-535519490#0;-782714971#3;131942152;24337240#1;24337240#7;4935286#1;502325084#0;876057378#4;876057378#5;876343449#0,runs_J_k16_plain\init_seed9\g003_i012,runs_J_k16_plain\init_seed9\g003_i012\tripinfo.xml
3,13,16,1000000000000.0,-120682114#3;-498033359#0;-498033359#1;-502325084#3;-535519490#1;-782714971#3;-880137009#0;111677671#0;120682114#1;25970859#0;26216781#1;311298685;4935286#2;4970256#6;782714971#3;876343449#2,runs_J_k16_plain\init_seed9\g003_i013,runs_J_k16_plain\init_seed9\g003_i013\tripinfo.xml
3,14,16,1000000000000.0,-111677668#3;-111681903#2;-24337240#3;-25970859#0;-311298658;-311298665;111677668#3;26216779#1;26216781#3;4970256#5;4970256#6;498033359#2;498033359#3;783907721#2;876057378#3;880137010,runs_J_k16_plain\init_seed9\g003_i014,runs_J_k16_plain\init_seed9\g003_i014\tripinfo.xml
3,15,16,414.458,-120682114#2;-24337240#2;-311298682#0;-498033359#2;111677669#0;25970859#1;28468732#1;311298662#0;37628709#0;4935286#2;4970256#6;535519490#1;782714966#0;876057376;876057378#1;880137009#1,runs_J_k16_plain\init_seed9\g003_i015,runs_J_k16_plain\init_seed9\g003_i015\tripinfo.xml
3,16,12,670.46,-111681903#0;-24337240#2;-28298231;-311298658;-498033359#1;-782714971#4;111677669#4;111681903#0;24337240#5;26216779#0;502325084#3;783907721#0,runs_J_k16_plain\init_seed9\g003_i016,runs_J_k16_plain\init_seed9\g003_i016\tripinfo.xml
3,17,16,644.456,-120682114#3;-74277990;-783907721#1;131942152;24337240#0;24337240#3;26216779#1;311298682#0;311298685;4970256#5;58621262#1;782714966#0;782714966#1;782714971#0;782714971#2;835445203,runs_J_k16_plain\init_seed9\g003_i017,runs_J_k16_plain\init_seed9\g003_i017\tripinfo.xml
3,18,16,1001.52,-24337240#3;-24337240#6;-502325084#0;-535519490#1;-783907721#2;-835445203;111681903#3;111681905#2;4970256#5;4970256#7;4970256#8;535519490#1;782714971#1;783907721#1;876057378#1;876343449#2,runs_J_k16_plain\init_seed9\g003_i018,runs_J_k16_plain\init_seed9\g003_i018\tripinfo.xml
3,19,9,713.4473333333333,-24337240#2;-25970859#0;-4950193;24337240#4;25970859#0;26216781#2;5197062#3;782714971#2;876343449#1,runs_J_k16_plain\init_seed9\g003_i019,runs_J_k16_plain\init_seed9\g003_i019\tripinfo.xml
3,20,16,1315.584,-24337240#7;-4950193;-5197062#4;-880137009#0;111677669#3;111677669#4;120682114#2;4935286#2;4970256#5;498033359#1;498033359#2;535519490#1;783907721#0;876057378#3;876057378#4;876343449#1,runs_J_k16_plain\init_seed9\g003_i020,runs_J_k16_plain\init_seed9\g003_i020\tripinfo.xml
3,21,16,649.0173333333333,-111677668#3;-24337240#4;-25970859#1;-535519490#0;-782714971#1;-783907721#2;111681903#2;311298665;4935286#3;4970256#5;4970256#6;502325084#0;782714966#1;782714971#4;876057378#5;876343449#1,runs_J_k16_plain\init_seed9\g003_i021,runs_J_k16_plain\init_seed9\g003_i021\tripinfo.xml
3,22,16,1000000000000.0,-120682114#3;-24337240#4;-28298231;-28468730#0;-876343449#1;111677668#0;111677668#4;111681903#1;24337240#1;311298662#0;4935286#1;4970256#7;782714966#0;782714971#3;876057378#1;880137009#0,runs_J_k16_plain\init_seed9\g003_i022,runs_J_k16_plain\init_seed9\g003_i022\tripinfo.xml
3,23,16,649.18,-111681903#1;-120682114#3;-25970859#1;-783907721#2;-876343449#2;111677669#0;26216779#0;311298662#0;311298685;37628709#0;5197062#4;782714966#0;782714966#1;782714971#0;783907721#1;876057378#3,runs_J_k16_plain\init_seed9\g003_i023,runs_J_k16_plain\init_seed9\g003_i023\tripinfo.xml
4,0,16,359.608,-120682114#3;-205590836#0;-783907721#2;-876343449#1;-880137009#0;111677669#0;205590836#2;24337240#3;26216779#0;311298662#0;311298685;4935286#2;4970256#5;782714966#1;782714971#0;783907721#1,runs_J_k16_plain\init_seed9\g004_i000,runs_J_k16_plain\init_seed9\g004_i000\tripinfo.xml
4,1,16,2751.328,-205590836#0;-24337240#7;-25970859#0;-4950193;-535519490#0;-783907721#2;-876343449#1;-880137009#0;311298662#0;311298685;4935286#2;4970256#6;5197062#3;782714971#4;876057378#5;880137010,runs_J_k16_plain\init_seed9\g004_i001,runs_J_k16_plain\init_seed9\g004_i001\tripinfo.xml
4,2,16,603.3133333333334,-111681903#0;-24337240#2;-24337240#6;-498033359#1;-498033359#3;-835443464;-876343449#1;205590836#2;24337240#3;26216781#3;4935286#3;4970256#7;535519490#1;782714966#1;782714971#0;880137009#1,runs_J_k16_plain\init_seed9\g004_i002,runs_J_k16_plain\init_seed9\g004_i002\tripinfo.xml
4,3,16,667.4026666666666,-120682114#1;-120682114#3;-24337240#3;-311298658;-498033359#0;-782714971#0;-783907721#2;111677669#0;111681903#2;24337240#5;25970859#1;26216779#0;37628709#1;4970256#5;498033359#2;876057378#2,runs_J_k16_plain\init_seed9\g004_i003,runs_J_k16_plain\init_seed9\g004_i003\tripinfo.xml
4,4,16,1000000000000.0,-120682114#1;-205590836#0;-498033359#1;-782714971#4;-880137009#0;205590836#2;24337240#3;25970859#1;28468730#0;311298682#0;311298685;782714966#1;782714971#0;783907721#1;876057378#1;876343449#0,runs_J_k16_plain\init_seed9\g004_i004,runs_J_k16_plain\init_seed9\g004_i004\tripinfo.xml
4,5,16,765.2613333333334,-24337240#7;-28468730#0;-311298682#0;-782714971#2;-783907721#1;-876343449#0;111677668#0;111677668#3;205590836#2;26216781#3;4935286#2;782714966#1;782714971#3;7924772;835443464;880140407,runs_J_k16_plain\init_seed9\g004_i005,runs_J_k16_plain\init_seed9\g004_i005\tripinfo.xml
4,6,16,1366.4473333333333,-111681903#1;-28468730#0;-311298658;-498033359#0;-782714971#0;-782714971#1;-783907721#2;111677668#3;111681903#0;120682114#1;24337240#1;4970256#6;535519490#0;782714966#0;835445203;876057378#2,runs_J_k16_plain\init_seed9\g004_i006,runs_J_k16_plain\init_seed9\g004_i006\tripinfo.xml
4,7,16,419.4506666666667,-111681903#0;-205590836#0;-24337240#3;-25970859#0;-502325084#3;111677669#0;205590836#2;26216779#0;311298662#0;311298685;4935286#2;4970256#5;62826731;782714966#1;783907721#1;876057378#0,runs_J_k16_plain\init_seed9\g004_i007,runs_J_k16_plain\init_seed9\g004_i007\tripinfo.xml
4,8,16,460.132,-120682114#3;-24337240#3;-28298231;-502325084#3;-782714971#0;-782714971#1;-876343449#2;205590836#2;25970859#1;26216781#1;311298662#1;498033359#2;535519490#0;782714971#0;876057378#5;880137009#1,runs_J_k16_plain\init_seed9\g004_i008,runs_J_k16_plain\init_seed9\g004_i008\tripinfo.xml
4,9,16,652.8853333333333,-24337240#0;-24337240#4;-4950193;-7365262;-782714971#1;-880137009#0;111677669#3;311298682#0;4935286#3;4970256#6;4970256#7;502325084#0;5197062#3;782714966#1;876057378#5;876343449#1,runs_J_k16_plain\init_seed9\g004_i009,runs_J_k16_plain\init_seed9\g004_i009\tripinfo.xml
4,10,16,1207.174,-25970859#0;-4950193;-782714971#1;-835443464;-876343449#1;-880140407;111677669#5;111681903#2;26216781#0;311298665;4970256#5;4970256#6;498033359#2;502325084#0;502325084#3;880137009#0,runs_J_k16_plain\init_seed9\g004_i010,runs_J_k16_plain\init_seed9\g004_i010\tripinfo.xml
4,11,16,800.7253333333333,-111677668#3;-120682114#2;-24337240#2;-311298685;-783907721#1;-876343449#2;111677669#5;131942152;26216781#2;37628709#0;4935299#1;498033359#2;782714966#0;782714971#0;782714971#2;835443464,runs_J_k16_plain\init_seed9\g004_i011,runs_J_k16_plain\init_seed9\g004_i011\tripinfo.xml
4,12,16,528.732,-120682114#3;-311298662#1;-502325084#0;-74277990;-782714971#4;-835443464;111677669#0;111677669#4;131942152;24337240#3;26216779#1;28468732#1;311298662#1;37628709#0;4935286#3;782714966#0,runs_J_k16_plain\init_seed9\g004_i012,runs_J_k16_plain\init_seed9\g004_i012\tripinfo.xml
4,13,16,1000000000000.0,-120682114#2;-24337240#2;-24337240#4;-28298231;-311298682#0;-835445203;25970859#1;311298662#0;37628709#1;4935286#2;4935299#1;535519490#1;782714966#0;876057376;876057378#1;880140407,runs_J_k16_plain\init_seed9\g004_i013,runs_J_k16_plain\init_seed9\g004_i013\tripinfo.xml
4,14,16,847.0746666666666,-28298231;-5197062#3;-782714966#0;-782714971#1;111677669#0;111677669#5;25970859#1;28468732#1;311298662#0;4935286#0;4935286#2;4970256#6;535519490#1;782714971#2;782714971#3;880137009#1,runs_J_k16_plain\init_seed9\g004_i014,runs_J_k16_plain\init_seed9\g004_i014\tripinfo.xml
4,15,16,496.966,-111677668#4;-502325084#3;-7365262;-880140407;131942152;26216779#0;26216781#3;311298685;4935286#3;4970256#7;498033359#3;502325084#3;535519490#1;876057378#2;876343449#2;880140407,runs_J_k16_plain\init_seed9\g004_i015,runs_J_k16_plain\init_seed9\g004_i015\tripinfo.xml
4,16,16,750.4513333333333,-120682114#1;-311298658;-498033359#1;-782714971#1;-880137009#0;111677669#4;120682114#2;131942152;24337240#3;4970256#5;498033359#2;58621262#0;62826731;782714971#0;783907721#1;876057378#1,runs_J_k16_plain\init_seed9\g004_i016,runs_J_k16_plain\init_seed9\g004_i016\tripinfo.xml
4,17,16,614.578,-24337240#2;-311298658;-311298685;-5197062#4;-535519490#1;-782714971#0;-782714971#3;-782714971#4;111677668#0;111677669#4;26216779#0;4935299#1;4970256#7;782714971#3;835445203;876343449#1,runs_J_k16_plain\init_seed9\g004_i017,runs_J_k16_plain\init_seed9\g004_i017\tripinfo.xml
4,18,14,645.5946666666666,-111677668#0;-24337240#2;-24337240#6;-502325084#1;-782714971#2;111681903#1;205590836#2;24337240#5;498033359#2;502325084#3;62826731;782714971#3;783907721#0;7924772,runs_J_k16_plain\init_seed9\g004_i018,runs_J_k16_plain\init_seed9\g004_i018\tripinfo.xml
4,19,16,1549.238,-24337240#2;111677669#0;120682114#2;26216779#0;311298685;4935286#2;4970256#5;502325084#0;5197062#3;5197062#4;782714966#0;782714966#1;782714971#2;876057378#0;876343449#0;880137009#1,runs_J_k16_plain\init_seed9\g004_i019,runs_J_k16_plain\init_seed9\g004_i019\tripinfo.xml
4,20,16,457.94466666666665,-120682114#2;-24337240#4;-311298682#0;-880137009#0;111677669#0;111677669#4;120682114#1;120682114#3;205590836#2;28468732#1;311298662#0;311298662#1;4935286#2;498033359#0;535519490#1;835445203,runs_J_k16_plain\init_seed9\g004_i020,runs_J_k16_plain\init_seed9\g004_i020\tripinfo.xml
4,21,16,663.522,-111681903#0;-120682114#1;-120682114#2;-24337240#1;-24337240#2;-28298231;-502325084#0;-835445203;-876343449#1;111677669#1;25970859#1;26216779#0;26216779#1;311298685;782714966#0;876057378#5,runs_J_k16_plain\init_seed9\g004_i021,runs_J_k16_plain\init_seed9\g004_i021\tripinfo.xml
4,22,9,815.654,-111677668#3;-205590836#0;-502325084#3;111677669#4;24337240#0;24337240#5;311298685;58621262#0;783907721#0,runs_J_k16_plain\init_seed9\g004_i022,runs_J_k16_plain\init_seed9\g004_i022\tripinfo.xml
4,23,7,602.0886666666667,-498033359#0;-782714971#3;-835443464;7924772;876057376;876057378#3;876057378#5,runs_J_k16_plain\init_seed9\g004_i023,runs_J_k16_plain\init_seed9\g004_i023\tripinfo.xml
5,0,16,359.608,-120682114#3;-205590836#0;-783907721#2;-876343449#1;-880137009#0;111677669#0;205590836#2;24337240#3;26216779#0;311298662#0;311298685;4935286#2;4970256#5;782714966#1;782714971#0;783907721#1,runs_J_k16_plain\init_seed9\g005_i000,runs_J_k16_plain\init_seed9\g005_i000\tripinfo.xml
5,1,16,1000000000000.0,-498033359#0;-498033359#1;-498033359#3;-835443464;205590836#2;24337240#1;24337240#4;4935286#1;4935286#2;4970256#5;58621262#1;782714966#0;782714971#0;783907721#2;835443464;880137009#0,runs_J_k16_plain\init_seed9\g005_i001,runs_J_k16_plain\init_seed9\g005_i001\tripinfo.xml
5,2,3,644.456,311298685;7924772;876057376,runs_J_k16_plain\init_seed9\g005_i002,runs_J_k16_plain\init_seed9\g005_i002\tripinfo.xml
5,3,16,718.0953333333333,-120682114#1;-120682114#2;-24337240#0;-24337240#4;-28468730#0;-782714966#1;-876343449#2;111677669#0;111677669#3;120682114#3;28468732#1;311298662#1;502325084#3;747448014;782714971#0;835445203,runs_J_k16_plain\init_seed9\g005_i003,runs_J_k16_plain\init_seed9\g005_i003\tripinfo.xml
5,4,16,697.326,-120682114#1;-120682114#2;-24337240#2;-24337240#4;-28298231;-502325084#3;-783907721#2;-880137009#0;111677668#4;120682114#1;205590836#2;311298662#0;311298662#1;37628709#0;62826731;835445203,runs_J_k16_plain\init_seed9\g005_i004,runs_J_k16_plain\init_seed9\g005_i004\tripinfo.xml
5,5,16,400.434,-24337240#4;-311298662#1;-880137009#1;111677669#0;120682114#3;205590836#2;24337240#3;24337240#7;28468730#1;311298662#0;311298685;4935286#2;498033359#2;535519490#0;783907721#1;876057378#3,runs_J_k16_plain\init_seed9\g005_i005,runs_J_k16_plain\init_seed9\g005_i005\tripinfo.xml
5,6,15,371.686,-120682114#2;-120682114#3;-25970859#1;-502325084#0;-880140407;111681903#0;24337240#3;26216779#0;28468732#0;311298685;4935286#2;498033359#1;535519490#0;783907721#1;880137010,runs_J_k16_plain\init_seed9\g005_i006,runs_J_k16_plain\init_seed9\g005_i006\tripinfo.xml
5,7,11,1435.334,-111677668#3;-24337240#2;-24337240#4;-782714966#1;-835443464;-880137009#1;120682114#2;4935286#3;502325084#1;782714971#0;783907721#1,runs_J_k16_plain\init_seed9\g005_i007,runs_J_k16_plain\init_seed9\g005_i007\tripinfo.xml
5,8,16,716.482,-111677668#3;-24337240#3;-311298662#1;-498033359#1;-502325084#0;-880137009#0;111677669#0;111677669#4;120682114#1;120682114#2;131942152;25970859#1;26216779#0;26216781#2;28468730#0;498033359#3,runs_J_k16_plain\init_seed9\g005_i008,runs_J_k16_plain\init_seed9\g005_i008\tripinfo.xml
5,9,16,644.456,-111677671#0;-120682114#3;-205590836#0;-24337240#3;-25970859#0;-498033359#1;-502325084#3;-876343449#0;111677668#4;24337240#3;26216781#1;37628709#1;4970256#7;62826731;876057378#1;876057378#2,runs_J_k16_plain\init_seed9\g005_i009,runs_J_k16_plain\init_seed9\g005_i009\tripinfo.xml
5,10,16,1000000000000.0,-24337240#2;-24337240#4;-25970859#0;-311298658;-5197062#4;-880137009#0;26216779#0;28468730#0;311298662#0;37628709#0;37628709#1;4935286#2;4970256#5;782714966#1;782714971#0;783907721#1,runs_J_k16_plain\init_seed9\g005_i010,runs_J_k16_plain\init_seed9\g005_i010\tripinfo.xml
5,11,16,2435.442666666667,-120682114#3;-24337240#3;-28298231;-74277990;-782714966#1;-782714971#3;-835445203;111677668#0;111677669#0;26216781#1;311298662#1;782714971#0;783907721#0;783907721#1;835445203;876057378#1,runs_J_k16_plain\init_seed9\g005_i011,runs_J_k16_plain\init_seed9\g005_i011\tripinfo.xml
5,12,16,720.3526666666667,-111681903#1;-24337240#2;-498033359#0;-7365262;-782714971#1;-783907721#0;-835443464;111677669#4;25970859#1;498033359#1;498033359#2;5197062#3;835443464;835445203;876057378#3;880137009#1,runs_J_k16_plain\init_seed9\g005_i012,runs_J_k16_plain\init_seed9\g005_i012\tripinfo.xml
5,13,16,1142.0833333333333,-120682114#3;-25970859#0;-498033359#2;-502325084#3;-7365262;-876343449#2;24337240#5;26216779#1;311298662#0;311298685;4935286#2;4935299#1;502325084#0;62826731;783907721#1;7924772,runs_J_k16_plain\init_seed9\g005_i013,runs_J_k16_plain\init_seed9\g005_i013\tripinfo.xml
5,14,16,676.43,-111681903#2;-111681903#3;-24337240#3;-24337240#4;-498033359#0;-498033359#2;-835443464;111677668#0;111677669#4;205590836#2;28468730#1;28468732#0;4935286#2;782714966#0;783907721#1;880137009#0,runs_J_k16_plain\init_seed9\g005_i014,runs_J_k16_plain\init_seed9\g005_i014\tripinfo.xml
5,15,16,631.2906666666667,-120682114#2;-120682114#3;-28298231;-498033359#1;-502325084#3;-74277990;111677669#2;24337240#3;24337240#7;25970859#1;37628709#0;4970256#6;502325084#0;535519490#0;782714971#2;876057378#3,runs_J_k16_plain\init_seed9\g005_i015,runs_J_k16_plain\init_seed9\g005_i015\tripinfo.xml
5,16,16,595.362,-111677668#4;-120682114#3;-25970859#1;-502325084#0;-782714971#4;-835443464;-880137009#0;111681903#1;24337240#3;28468732#1;311298662#1;4935286#3;498033359#3;876057378#5;880137009#0;880137009#1,runs_J_k16_plain\init_seed9\g005_i016,runs_J_k16_plain\init_seed9\g005_i016\tripinfo.xml
5,17,16,635.7173333333334,-24337240#1;-74277990;-782714971#4;-876343449#2;111677669#0;111677669#4;111681903#2;205590836#2;26216781#3;311298682#0;37628709#0;4970256#8;502325084#1;535519490#1;835443464;880137009#1,runs_J_k16_plain\init_seed9\g005_i017,runs_J_k16_plain\init_seed9\g005_i017\tripinfo.xml
5,18,16,632.8966666666666,-111677668#3;-24337240#2;-502325084#3;-7365262;111677669#4;111681903#0;111681905#2;120682114#1;24337240#3;28468730#0;28468730#1;28468732#1;4935299#1;782714966#0;876057378#3;876343449#0,runs_J_k16_plain\init_seed9\g005_i018,runs_J_k16_plain\init_seed9\g005_i018\tripinfo.xml
5,19,16,1651.4226666666666,-311298685;-498033359#0;-502325084#3;-782714971#1;-782714971#3;111681903#3;111681905#2;120682114#2;25970859#1;26216781#1;37628709#0;5197062#3;782714971#1;7924772;876057378#1;876057378#5,runs_J_k16_plain\init_seed9\g005_i019,runs_J_k16_plain\init_seed9\g005_i019\tripinfo.xml
5,20,16,504.028,-111681903#2;-24337240#1;-24337240#3;-502325084#3;-74277990;-782714971#3;-835443464;-876343449#0;205590836#2;4935286#3;498033359#2;535519490#0;782714971#3;876057378#3;880137009#1;880140407,runs_J_k16_plain\init_seed9\g005_i020,runs_J_k16_plain\init_seed9\g005_i020\tripinfo.xml
5,21,16,1205.8493333333333,-111677668#3;-120682114#3;-782714966#1;-782714971#0;-782714971#3;-783907721#2;111677668#4;111677669#0;120682114#2;205590836#2;26216779#1;311298685;4935286#2;782714971#2;876057378#3;876343449#0,runs_J_k16_plain\init_seed9\g005_i021,runs_J_k16_plain\init_seed9\g005_i021\tripinfo.xml
5,22,15,502.97066666666666,-120682114#3;-498033359#0;-782714971#4;-835443464;-880137009#0;24337240#3;26216779#0;498033359#3;502325084#1;782714966#1;835445203;876057376;876057378#5;876343449#0;880140407,runs_J_k16_plain\init_seed9\g005_i022,runs_J_k16_plain\init_seed9\g005_i022\tripinfo.xml
5,23,16,787.4986666666666,-111681903#0;-120682114#3;-498033359#1;-498033359#3;-502325084#0;-782714971#4;111677669#0;24337240#5;26216779#1;311298662#1;311298665;4935286#3;4970256#5;782714971#0;876057376;880137009#1,runs_J_k16_plain\init_seed9\g005_i023,runs_J_k16_plain\init_seed9\g005_i023\tripinfo.xml
6,0,16,359.608,-120682114#3;-205590836#0;-783907721#2;-876343449#1;-880137009#0;111677669#0;205590836#2;24337240#3;26216779#0;311298662#0;311298685;4935286#2;4970256#5;782714966#1;782714971#0;783907721#1,runs_J_k16_plain\init_seed9\g006_i000,runs_J_k16_plain\init_seed9\g006_i000\tripinfo.xml
6,1,16,633.2826666666666,-111677668#3;-24337240#0;-24337240#2;-311298665;-502325084#3;-7365262;-783907721#1;111681903#0;24337240#4;24337240#5;28468732#1;311298662#1;4935299#1;5197062#3;535519490#0;782714966#0,runs_J_k16_plain\init_seed9\g006_i001,runs_J_k16_plain\init_seed9\g006_i001\tripinfo.xml
6,2,2,644.456,-111677668#0;-111677668#3,runs_J_k16_plain\init_seed9\g006_i002,runs_J_k16_plain\init_seed9\g006_i002\tripinfo.xml
6,3,16,660.652,-120682114#3;-28468730#0;-311298662#1;-835443464;-880137009#0;111681903#3;120682114#3;24337240#3;4935286#0;498033359#1;498033359#3;502325084#0;502325084#1;58621262#1;783907721#2;835445203,runs_J_k16_plain\init_seed9\g006_i003,runs_J_k16_plain\init_seed9\g006_i003\tripinfo.xml
6,4,9,622.166,-120682114#2;-120682114#3;-24337240#3;-24337240#4;-498033359#0;-880140407;120682114#3;205590836#2;876057376,runs_J_k16_plain\init_seed9\g006_i004,runs_J_k16_plain\init_seed9\g006_i004\tripinfo.xml
6,5,2,646.1106666666667,-111677668#0;502325084#1,runs_J_k16_plain\init_seed9\g006_i005,runs_J_k16_plain\init_seed9\g006_i005\tripinfo.xml
6,6,16,676.37,-120682114#3;-24337240#0;-24337240#6;-311298658;-535519490#0;-782714971#4;-783907721#0;24337240#7;25970859#1;28468732#0;4935286#1;535519490#0;782714966#1;783907721#0;783907721#1;876343449#0,runs_J_k16_plain\init_seed9\g006_i006,runs_J_k16_plain\init_seed9\g006_i006\tripinfo.xml
6,7,16,1000000000000.0,-311298665;-74277990;-876343449#2;111677668#0;120682114#2;131942152;205590836#2;26216781#3;37628709#0;4935286#0;4935286#1;4935286#3;498033359#1;876057378#0;880137009#1;880140407,runs_J_k16_plain\init_seed9\g006_i007,runs_J_k16_plain\init_seed9\g006_i007\tripinfo.xml
6,8,16,699.884,-111681903#3;-24337240#3;-28298231;-5197062#4;-74277990;-782714971#3;-782714971#4;-835443464;111677669#0;205590836#2;311298682#0;535519490#1;782714971#1;782714971#3;876343449#0;880137009#1,runs_J_k16_plain\init_seed9\g006_i008,runs_J_k16_plain\init_seed9\g006_i008\tripinfo.xml
6,9,16,1040.694,-24337240#2;-24337240#7;-498033359#1;-783907721#1;111677669#4;205590836#2;24337240#3;28468730#0;28468730#1;28468732#1;4935286#2;4935299#1;498033359#3;535519490#0;782714966#0;783907721#1,runs_J_k16_plain\init_seed9\g006_i009,runs_J_k16_plain\init_seed9\g006_i009\tripinfo.xml
6,10,16,399.136,-205590836#0;-535519490#0;-880137009#1;111677669#0;111677669#1;111681903#0;205590836#2;24337240#3;24337240#4;311298662#0;311298685;37628709#1;4935286#2;498033359#3;782714971#4;876057378#3,runs_J_k16_plain\init_seed9\g006_i010,runs_J_k16_plain\init_seed9\g006_i010\tripinfo.xml
6,11,15,616.9886666666666,-111677668#3;-24337240#2;-311298658;-7365262;-782714966#0;-783907721#0;111681905#2;25970859#0;28468730#0;28468730#1;28468732#1;4935286#1;782714966#0;876343449#0;880137009#0,runs_J_k16_plain\init_seed9\g006_i011,runs_J_k16_plain\init_seed9\g006_i011\tripinfo.xml
6,12,11,378.71,-24337240#6;-535519490#1;111677669#2;111681905#2;120682114#1;26216781#0;4935299#1;876057376;876057378#2;876057378#3;876343449#0,runs_J_k16_plain\init_seed9\g006_i012,runs_J_k16_plain\init_seed9\g006_i012\tripinfo.xml
6,13,16,492.32733333333334,-111681903#1;-120682114#2;-311298658;-782714966#0;111677668#4;111677669#2;111677669#4;24337240#3;24337240#7;25970859#1;311298662#0;311298662#1;535519490#0;62826731;782714966#1;876057378#3,runs_J_k16_plain\init_seed9\g006_i013,runs_J_k16_plain\init_seed9\g006_i013\tripinfo.xml
6,14,16,363.39,-120682114#2;-120682114#3;-24337240#7;-311298658;-311298662#1;-498033359#1;-498033359#3;-74277990;-880137009#1;205590836#2;24337240#3;311298662#1;311298685;4935286#2;4970256#6;876057378#3,runs_J_k16_plain\init_seed9\g006_i014,runs_J_k16_plain\init_seed9\g006_i014\tripinfo.xml
6,15,7,1000000000000.0,-111677668#4;-311298665;-782714971#4;-835445203;24337240#0;28468732#0;498033359#1,runs_J_k16_plain\init_seed9\g006_i015,runs_J_k16_plain\init_seed9\g006_i015\tripinfo.xml
6,16,16,1000000000000.0,-120682114#2;-502325084#0;111681903#0;120682114#1;24337240#0;24337240#3;24337240#4;25970859#1;26216779#0;311298665;37628709#0;498033359#3;876057378#5;876343449#1;880137009#0;880137010,runs_J_k16_plain\init_seed9\g006_i016,runs_J_k16_plain\init_seed9\g006_i016\tripinfo.xml
6,17,16,563.876,-111677668#3;-24337240#1;-28468730#0;-502325084#0;-782714966#0;24337240#2;311298662#0;311298685;4970256#8;782714966#1;782714971#0;783907721#0;783907721#1;876057378#1;876057378#5;880137009#1,runs_J_k16_plain\init_seed9\g006_i017,runs_J_k16_plain\init_seed9\g006_i017\tripinfo.xml
6,18,16,556.7373333333334,-311298682#0;-502325084#1;-782714971#0;-782714971#4;-835443464;-876343449#1;-880140407;111677671#0;111681905#2;205590836#2;4935286#0;4935286#3;4970256#8;498033359#3;535519490#1;880137009#0,runs_J_k16_plain\init_seed9\g006_i018,runs_J_k16_plain\init_seed9\g006_i018\tripinfo.xml
6,19,16,1437.5,-111677668#0;-111677668#3;-111677668#4;-311298662#0;-498033359#3;-7365262;-880137009#0;111677669#4;120682114#2;24337240#3;26216781#0;311298662#1;4935286#3;535519490#1;876057378#3;880137010,runs_J_k16_plain\init_seed9\g006_i019,runs_J_k16_plain\init_seed9\g006_i019\tripinfo.xml
6,20,16,649.718,-24337240#2;-25970859#1;-782714966#1;-782714971#3;-782714971#4;111677669#1;111681905#2;120682114#1;24337240#3;24337240#5;26216781#2;28468732#1;4935299#1;498033359#3;747448014;880137009#0,runs_J_k16_plain\init_seed9\g006_i020,runs_J_k16_plain\init_seed9\g006_i020\tripinfo.xml
6,21,16,571.0786666666667,-28298231;-782714971#2;-835445203;-880137009#0;111681903#3;120682114#1;120682114#2;24337240#1;24337240#3;26216781#2;311298662#0;4935286#2;498033359#3;782714971#1;782714971#2;880137009#0,runs_J_k16_plain\init_seed9\g006_i021,runs_J_k16_plain\init_seed9\g006_i021\tripinfo.xml
6,22,16,776.738,-111677668#3;-120682114#3;-24337240#3;-311298662#1;-498033359#1;-880140407;111677669#4;111681903#1;24337240#7;25970859#1;26216779#0;62826731;782714966#1;782714971#2;783907721#1;7924772,runs_J_k16_plain\init_seed9\g006_i022,runs_J_k16_plain\init_seed9\g006_i022\tripinfo.xml
6,23,16,871.8773333333334,-120682114#1;-24337240#2;-24337240#3;-28468730#0;-498033359#1;-7365262;111677668#0;111677669#0;111677669#4;24337240#5;24337240#7;25970859#0;498033359#3;62826731;783907721#2;880137010,runs_J_k16_plain\init_seed9\g006_i023,runs_J_k16_plain\init_seed9\g006_i023\tripinfo.xml
7,0,16,359.608,-120682114#3;-205590836#0;-783907721#2;-876343449#1;-880137009#0;111677669#0;205590836#2;24337240#3;26216779#0;311298662#0;311298685;4935286#2;4970256#5;782714966#1;782714971#0;783907721#1,runs_J_k16_plain\init_seed9\g007_i000,runs_J_k16_plain\init_seed9\g007_i000\tripinfo.xml
7,1,16,1000000000000.0,-782714971#2;-835445203;-876343449#0;111677669#2;111677669#5;111681903#0;111681903#3;24337240#1;24337240#4;4935286#0;4970256#7;498033359#0;782710712;782714971#4;783907721#2;880137009#0,runs_J_k16_plain\init_seed9\g007_i001,runs_J_k16_plain\init_seed9\g007_i001\tripinfo.xml
7,2,16,667.9966666666667,-205590836#0;-28468730#0;-880137009#0;111677669#0;111681903#3;26216781#2;28468730#0;311298662#0;4935286#0;4970256#5;502325084#0;62826731;782714971#1;782714971#4;835445203;876343449#2,runs_J_k16_plain\init_seed9\g007_i002,runs_J_k16_plain\init_seed9\g007_i002\tripinfo.xml
7,3,16,613.2086666666667,-111677668#4;-311298662#1;-835443464;-835445203;111677669#1;205590836#2;24337240#3;24337240#4;25970859#0;25970859#1;26216779#0;311298665;311298685;4935286#2;498033359#3;782714971#4,runs_J_k16_plain\init_seed9\g007_i003,runs_J_k16_plain\init_seed9\g007_i003\tripinfo.xml
7,4,16,378.198,-311298685;-535519490#0;-782714966#0;-782714971#3;-835443464;-880137009#1;111677669#0;205590836#2;26216781#1;28468732#0;311298662#0;311298685;37628709#1;4935286#2;876057378#3;876343449#2,runs_J_k16_plain\init_seed9\g007_i004,runs_J_k16_plain\init_seed9\g007_i004\tripinfo.xml
7,5,16,532.8833333333333,-205590836#0;-782714966#0;-783907721#2;-835443464;-880137009#0;111677669#4;24337240#4;26216781#3;28468732#0;28468732#1;311298658;311298662#0;4935286#2;58621262#0;783907721#1;876057378#5,runs_J_k16_plain\init_seed9\g007_i005,runs_J_k16_plain\init_seed9\g007_i005\tripinfo.xml
7,6,16,724.2613333333334,-120682114#3;-24337240#1;-24337240#6;-5197062#3;-5197062#4;-876343449#1;111677668#0;24337240#2;26216781#1;26216781#3;311298662#0;311298662#1;782714971#0;783907721#1;876057378#3;876343449#1,runs_J_k16_plain\init_seed9\g007_i006,runs_J_k16_plain\init_seed9\g007_i006\tripinfo.xml
7,7,16,563.13,-111677668#3;-24337240#2;-783907721#1;-835443464;111681903#3;28468732#0;311298662#1;311298685;37628709#1;4935286#3;5197062#3;62826731;782714971#3;876057378#3;876343449#2;880137009#1,runs_J_k16_plain\init_seed9\g007_i007,runs_J_k16_plain\init_seed9\g007_i007\tripinfo.xml
7,8,16,644.456,-120682114#2;-311298658;-311298662#1;-498033359#1;-7365262;111677669#1;111681903#0;24337240#0;24337240#5;28468732#1;311298662#1;37628709#0;4935286#1;498033359#2;876057376;876057378#3,runs_J_k16_plain\init_seed9\g007_i008,runs_J_k16_plain\init_seed9\g007_i008\tripinfo.xml
7,9,16,1053.79,-311298658;-311298662#1;-498033359#0;-880137009#1;111677669#0;120682114#2;205590836#2;24337240#3;24337240#7;311298662#0;4935286#2;498033359#3;535519490#1;7924772;876057378#2;876057378#3,runs_J_k16_plain\init_seed9\g007_i009,runs_J_k16_plain\init_seed9\g007_i009\tripinfo.xml
7,10,16,639.7106666666666,-111677668#3;-24337240#6;-24337240#7;111677668#3;111677669#4;111681905#1;120682114#1;205590836#2;24337240#3;37628709#1;4935286#2;4970256#6;502325084#3;782714971#1;783907721#0;876057378#3,runs_J_k16_plain\init_seed9\g007_i010,runs_J_k16_plain\init_seed9\g007_i010\tripinfo.xml
7,11,16,615.3066666666666,-111677671#0;-120682114#3;-205590836#0;-782714971#3;-876343449#1;-880137009#0;111677668#4;111677669#4;120682114#3;24337240#0;25970859#1;26216779#0;28468732#0;311298662#0;37628709#1;782714966#1,runs_J_k16_plain\init_seed9\g007_i011,runs_J_k16_plain\init_seed9\g007_i011\tripinfo.xml
7,12,16,576.52,-111681903#1;-535519490#0;-782714966#0;-783907721#2;-876343449#1;111677669#1;111681905#1;205590836#2;24337240#3;24337240#7;311298662#0;502325084#1;535519490#0;782714966#1;782714971#0;783907721#1,runs_J_k16_plain\init_seed9\g007_i012,runs_J_k16_plain\init_seed9\g007_i012\tripinfo.xml
7,13,10,644.5526666666667,-111677668#3;-111677671#0;-205590836#0;-502325084#1;-783907721#0;111681903#3;131942152;4935286#1;535519490#1;876343449#0,runs_J_k16_plain\init_seed9\g007_i013,runs_J_k16_plain\init_seed9\g007_i013\tripinfo.xml
7,14,7,1000000000000.0,-28298231;120682114#1;28468730#1;58621262#0;783907721#1;876057378#2;880137009#0,runs_J_k16_plain\init_seed9\g007_i014,runs_J_k16_plain\init_seed9\g007_i014\tripinfo.xml
7,15,16,656.09,-24337240#1;-498033359#2;-502325084#1;-782714971#4;-880137009#1;111677669#1;111681905#1;111681905#2;205590836#2;26216781#2;26216781#3;311298662#0;37628709#1;498033359#2;783907721#2;876057378#3,runs_J_k16_plain\init_seed9\g007_i015,runs_J_k16_plain\init_seed9\g007_i015\tripinfo.xml
7,16,5,659.8506666666667,-783907721#0;-876343449#1;24337240#7;4970256#8;880137009#0,runs_J_k16_plain\init_seed9\g007_i016,runs_J_k16_plain\init_seed9\g007_i016\tripinfo.xml
7,17,14,450.58133333333336,-111677668#0;-111681903#2;-120682114#2;-120682114#3;-24337240#3;-498033359#2;-502325084#1;-535519490#0;-782714971#0;205590836#2;28468730#1;311298685;4935286#3;876057378#4,runs_J_k16_plain\init_seed9\g007_i017,runs_J_k16_plain\init_seed9\g007_i017\tripinfo.xml
7,18,16,1000000000000.0,-120682114#3;-205590836#0;-24337240#4;-25970859#0;-498033359#0;-880140407;120682114#3;311298658;4970256#6;498033359#0;498033359#3;58621262#1;782714971#4;835443464;876057378#1;880137010,runs_J_k16_plain\init_seed9\g007_i018,runs_J_k16_plain\init_seed9\g007_i018\tripinfo.xml
7,19,16,351.24266666666665,-111677668#3;-111677671#0;-311298658;-311298662#0;-498033359#1;-835443464;111681905#1;205590836#2;24337240#2;25970859#0;4935286#2;5197062#4;747448014;782714966#1;783907721#1;876057378#3,runs_J_k16_plain\init_seed9\g007_i019,runs_J_k16_plain\init_seed9\g007_i019\tripinfo.xml
7,20,16,667.2893333333334,-28298231;-311298662#1;-498033359#3;-502325084#0;-74277990;-782714971#0;-880137009#0;111681903#1;24337240#1;24337240#3;4970256#6;782714971#0;782714971#1;783907721#0;876057378#1;880137009#1,runs_J_k16_plain\init_seed9\g007_i020,runs_J_k16_plain\init_seed9\g007_i020\tripinfo.xml
7,21,16,649.422,-120682114#3;-498033359#3;-502325084#0;-5197062#3;111677669#4;111677671#0;120682114#3;131942152;24337240#3;311298682#0;4935286#0;4935286#1;4935286#2;4935286#3;4970256#6;62826731,runs_J_k16_plain\init_seed9\g007_i021,runs_J_k16_plain\init_seed9\g007_i021\tripinfo.xml
7,22,6,636.496,-120682114#2;-74277990;-880137009#1;26216781#0;535519490#1;876057376,runs_J_k16_plain\init_seed9\g007_i022,runs_J_k16_plain\init_seed9\g007_i022\tripinfo.xml
7,23,12,641.6066666666667,-5197062#4;-880140407;111677668#4;131942152;25970859#0;311298662#0;311298662#1;311298682#0;4935286#3;4935299#1;502325084#1;880137009#1,runs_J_k16_plain\init_seed9\g007_i023,runs_J_k16_plain\init_seed9\g007_i023\tripinfo.xml
8,0,16,351.24266666666665,-111677668#3;-111677671#0;-311298658;-311298662#0;-498033359#1;-835443464;111681905#1;205590836#2;24337240#2;25970859#0;4935286#2;5197062#4;747448014;782714966#1;783907721#1;876057378#3,runs_J_k16_plain\init_seed9\g008_i000,runs_J_k16_plain\init_seed9\g008_i000\tripinfo.xml
8,1,16,663.022,-120682114#1;-205590836#0;-502325084#3;-783907721#2;-876343449#1;-876343449#2;-880137009#1;111677668#4;111677669#0;120682114#2;120682114#3;205590836#2;26216779#0;311298662#0;498033359#3;782714971#0,runs_J_k16_plain\init_seed9\g008_i001,runs_J_k16_plain\init_seed9\g008_i001\tripinfo.xml
8,2,16,431.64733333333334,-24337240#4;-502325084#1;-5197062#3;-782714966#0;-876343449#1;-880137009#0;111677669#0;205590836#2;26216781#1;28468732#0;311298665;37628709#1;4970256#5;782714966#1;876057376;876057378#3,runs_J_k16_plain\init_seed9\g008_i002,runs_J_k16_plain\init_seed9\g008_i002\tripinfo.xml
8,3,16,596.9946666666667,-111677668#3;-120682114#3;-24337240#3;-25970859#0;-498033359#2;-502325084#3;-782714966#1;-782714971#3;-783907721#1;111681905#1;26216781#3;28468730#1;28468732#0;311298685;37628709#0;783907721#1,runs_J_k16_plain\init_seed9\g008_i003,runs_J_k16_plain\init_seed9\g008_i003\tripinfo.xml
8,4,16,608.678,-111677668#0;-111677671#0;-24337240#2;-24337240#7;-28468730#0;-498033359#1;-535519490#0;-880137009#0;111677669#0;111681905#2;205590836#2;25970859#0;28468730#1;4970256#5;535519490#1;876057378#3,runs_J_k16_plain\init_seed9\g008_i004,runs_J_k16_plain\init_seed9\g008_i004\tripinfo.xml
8,5,16,1000000000000.0,-205590836#0;-502325084#1;-782714971#4;-876343449#1;-876343449#2;111681905#1;24337240#2;26216779#0;28468730#0;311298685;62826731;782714966#1;783907721#1;876057376;876057378#3;876343449#2,runs_J_k16_plain\init_seed9\g008_i005,runs_J_k16_plain\init_seed9\g008_i005\tripinfo.xml
8,6,16,511.19933333333336,-120682114#3;-24337240#1;-498033359#2;-880137009#0;-880137009#1;111677668#3;111677669#0;205590836#2;24337240#2;26216781#2;26216781#3;498033359#2;782710712;782714971#0;782714971#1;880140407,runs_J_k16_plain\init_seed9\g008_i006,runs_J_k16_plain\init_seed9\g008_i006\tripinfo.xml
8,7,9,381.62266666666665,-111677671#0;-535519490#0;111677668#4;24337240#3;25970859#0;28468732#0;4935286#2;4935299#1;782714971#4,runs_J_k16_plain\init_seed9\g008_i007,runs_J_k16_plain\init_seed9\g008_i007\tripinfo.xml
8,8,16,445.824,-311298658;-498033359#2;111677668#4;111677669#1;111677669#4;205590836#2;24337240#4;26216779#0;28468730#0;311298665;4935286#2;498033359#2;498033359#3;782710712;783907721#2;876057378#3,runs_J_k16_plain\init_seed9\g008_i008,runs_J_k16_plain\init_seed9\g008_i008\tripinfo.xml
8,9,13,678.342,-111681903#2;-120682114#3;-24337240#3;-24337240#7;-25970859#0;-498033359#2;-502325084#0;-535519490#0;-782714966#1;-876343449#2;111677671#0;24337240#3;876343449#0,runs_J_k16_plain\init_seed9\g008_i009,runs_J_k16_plain\init_seed9\g008_i009\tripinfo.xml
8,10,16,582.0293333333333,-120682114#2;-502325084#0;-5197062#4;-74277990;-782714966#1;-783907721#2;-876343449#2;-880137009#1;111677669#2;111681903#1;205590836#2;28468730#1;4935286#3;535519490#0;747448014;880137010,runs_J_k16_plain\init_seed9\g008_i010,runs_J_k16_plain\init_seed9\g008_i010\tripinfo.xml
8,11,16,646.248,-111681903#1;-120682114#2;-311298658;-835443464;28468732#0;311298658;311298682#0;498033359#3;5197062#4;58621262#0;747448014;782714966#1;876057378#0;876343449#2;880137009#0;880140407,runs_J_k16_plain\init_seed9\g008_i011,runs_J_k16_plain\init_seed9\g008_i011\tripinfo.xml
8,12,16,1000000000000.0,-111677668#3;-311298662#0;-498033359#2;-783907721#2;-835443464;-880137009#0;111681905#1;24337240#2;25970859#0;26216781#1;5197062#3;783907721#1;7924772;876057378#5;880137009#1;880137010,runs_J_k16_plain\init_seed9\g008_i012,runs_J_k16_plain\init_seed9\g008_i012\tripinfo.xml
8,13,16,386.98533333333336,-120682114#2;-120682114#3;-311298685;-502325084#1;-535519490#0;205590836#2;24337240#4;26216779#0;4935286#2;4935286#3;4935299#1;498033359#1;5197062#4;835443464;876057378#3;876343449#2,runs_J_k16_plain\init_seed9\g008_i013,runs_J_k16_plain\init_seed9\g008_i013\tripinfo.xml
8,14,16,624.3066666666666,-111681903#2;-120682114#3;-24337240#3;-25970859#1;-311298682#0;-502325084#0;-782714966#0;-782714971#3;-876343449#1;205590836#2;28468730#1;311298685;4935299#1;4970256#7;783907721#0;880137010,runs_J_k16_plain\init_seed9\g008_i014,runs_J_k16_plain\init_seed9\g008_i014\tripinfo.xml
8,15,16,479.226,-120682114#2;-205590836#0;-24337240#6;-783907721#2;111677669#0;111677669#2;24337240#4;25970859#1;28468732#1;311298665;311298682#0;37628709#1;4935286#2;782710712;783907721#1;783907721#2,runs_J_k16_plain\init_seed9\g008_i015,runs_J_k16_plain\init_seed9\g008_i015\tripinfo.xml
8,16,16,693.4186666666667,-24337240#1;-311298662#1;-535519490#0;-74277990;-782714971#2;111677668#3;205590836#2;24337240#7;25970859#0;26216781#2;4935286#2;4970256#8;782714966#1;782714971#0;783907721#1;876343449#1,runs_J_k16_plain\init_seed9\g008_i016,runs_J_k16_plain\init_seed9\g008_i016\tripinfo.xml
8,17,16,514.708,-111677671#0;-120682114#1;-311298658;-498033359#1;-502325084#1;-782714971#2;111681903#0;24337240#2;26216781#1;311298662#1;311298685;498033359#2;747448014;835443464;876343449#1;880140407,runs_J_k16_plain\init_seed9\g008_i017,runs_J_k16_plain\init_seed9\g008_i017\tripinfo.xml
8,18,16,796.7013333333333,-111677668#3;-111677668#4;-311298662#0;-876343449#2;111677668#0;111677669#1;24337240#0;24337240#1;26216781#3;311298662#0;37628709#1;4970256#7;782714966#1;782714971#3;783907721#0;876057378#3,runs_J_k16_plain\init_seed9\g008_i018,runs_J_k16_plain\init_seed9\g008_i018\tripinfo.xml
8,19,16,1819.2386666666666,-111677671#0;-120682114#2;-120682114#3;-24337240#2;-311298658;-498033359#1;-782714971#2;120682114#2;205590836#2;311298682#0;311298685;5197062#3;747448014;782714971#2;876057378#5;880137009#0,runs_J_k16_plain\init_seed9\g008_i019,runs_J_k16_plain\init_seed9\g008_i019\tripinfo.xml
8,20,16,357.644,-111677668#3;-111681903#0;-120682114#1;-120682114#2;-25970859#0;-535519490#0;-835443464;-876343449#2;111681905#1;120682114#3;205590836#2;24337240#2;25970859#0;4935286#2;4970256#5;876057378#3,runs_J_k16_plain\init_seed9\g008_i020,runs_J_k16_plain\init_seed9\g008_i020\tripinfo.xml
8,21,13,450.58133333333336,-111677668#3;-205590836#0;-28468730#0;-4950193;-782714971#4;-783907721#1;205590836#2;4935286#3;498033359#3;5197062#3;835443464;876057378#3;880137009#1,runs_J_k16_plain\init_seed9\g008_i021,runs_J_k16_plain\init_seed9\g008_i021\tripinfo.xml
8,22,16,1374.8453333333334,-120682114#3;-24337240#7;-498033359#0;-783907721#2;-835443464;-880137009#0;111681905#1;120682114#1;311298662#0;4935286#0;4970256#5;498033359#0;535519490#1;782714971#0;782714971#3;876343449#1,runs_J_k16_plain\init_seed9\g008_i022,runs_J_k16_plain\init_seed9\g008_i022\tripinfo.xml
8,23,16,1000000000000.0,-111681903#2;-24337240#1;-311298665;-782714971#3;-782714971#4;-783907721#2;-880137009#0;111677669#0;111677669#1;111677671#0;111681903#0;111681903#1;311298662#0;311298685;4935286#2;783907721#1,runs_J_k16_plain\init_seed9\g008_i023,runs_J_k16_plain\init_seed9\g008_i023\tripinfo.xml
9,0,16,351.24266666666665,-111677668#3;-111677671#0;-311298658;-311298662#0;-498033359#1;-835443464;111681905#1;205590836#2;24337240#2;25970859#0;4935286#2;5197062#4;747448014;782714966#1;783907721#1;876057378#3,runs_J_k16_plain\init_seed9\g009_i000,runs_J_k16_plain\init_seed9\g009_i000\tripinfo.xml
9,1,16,431.74333333333334,-111677671#0;-120682114#3;-502325084#1;-535519490#0;-835443464;205590836#2;25970859#0;26216781#3;311298682#0;4935286#2;4935299#1;498033359#0;498033359#1;498033359#2;876057378#3;876343449#2,runs_J_k16_plain\init_seed9\g009_i001,runs_J_k16_plain\init_seed9\g009_i001\tripinfo.xml
9,2,16,364.9506666666667,-120682114#1;-120682114#2;-25970859#0;-502325084#1;-5197062#4;-535519490#0;-876343449#1;205590836#2;24337240#1;24337240#2;311298658;4935286#2;4935299#1;498033359#1;5197062#4;835443464,runs_J_k16_plain\init_seed9\g009_i002,runs_J_k16_plain\init_seed9\g009_i002\tripinfo.xml
9,3,14,1000000000000.0,-111681903#2;-24337240#1;-311298665;-7365262;111677668#4;111677669#1;111681903#3;24337240#1;24337240#3;25970859#0;28468732#0;782710712;782714971#2;876057378#3,runs_J_k16_plain\init_seed9\g009_i003,runs_J_k16_plain\init_seed9\g009_i003\tripinfo.xml
9,4,16,644.456,-111681903#0;-498033359#2;-535519490#0;111677669#4;111677671#0;111681903#0;24337240#4;26216781#0;28468730#0;311298658;4935299#1;498033359#2;502325084#3;782714966#0;782714971#4;783907721#2,runs_J_k16_plain\init_seed9\g009_i004,runs_J_k16_plain\init_seed9\g009_i004\tripinfo.xml
9,5,16,436.618,-111677668#3;-311298662#0;-311298665;-498033359#2;-498033359#3;-535519490#0;111681905#2;205590836#2;311298665;311298682#0;37628709#0;4970256#6;5197062#3;747448014;783907721#1;783907721#2,runs_J_k16_plain\init_seed9\g009_i005,runs_J_k16_plain\init_seed9\g009_i005\tripinfo.xml
9,6,16,651.1886666666667,-111677671#0;-498033359#1;-502325084#3;-782714966#1;-782714971#2;-782714971#3;-880140407;111677668#4;111677669#3;111681905#1;25970859#0;28468730#1;502325084#3;782710712;7924772;876343449#0,runs_J_k16_plain\init_seed9\g009_i006,runs_J_k16_plain\init_seed9\g009_i006\tripinfo.xml
9,7,10,644.456,-111681903#2;-24337240#1;-311298682#0;-876343449#1;111677668#3;25970859#0;26216781#2;311298682#0;58621262#0;880140407,runs_J_k16_plain\init_seed9\g009_i007,runs_J_k16_plain\init_seed9\g009_i007\tripinfo.xml
9,8,16,1000000000000.0,-111681903#0;-25970859#1;-311298665;-498033359#2;-502325084#0;-880137009#1;111677669#5;111681903#3;4970256#7;498033359#0;498033359#2;502325084#1;5197062#3;782714971#1;783907721#0;876343449#2,runs_J_k16_plain\init_seed9\g009_i008,runs_J_k16_plain\init_seed9\g009_i008\tripinfo.xml
9,9,16,599.5866666666667,-111677671#0;-311298658;-535519490#0;-876343449#1;-876343449#2;-880137009#0;111677669#1;111681903#1;111681905#1;205590836#2;24337240#7;28468732#0;4935286#2;782714971#0;783907721#1;835445203,runs_J_k16_plain\init_seed9\g009_i009,runs_J_k16_plain\init_seed9\g009_i009\tripinfo.xml
9,10,16,644.1786666666667,-111681903#0;-28298231;-535519490#0;205590836#2;24337240#2;24337240#5;25970859#0;26216781#2;311298685;4935286#2;4935299#1;498033359#0;502325084#3;5197062#3;747448014;876057378#3,runs_J_k16_plain\init_seed9\g009_i010,runs_J_k16_plain\init_seed9\g009_i010\tripinfo.xml
9,11,16,583.4333333333333,-111677671#0;-120682114#3;-311298685;-502325084#0;-782714971#2;-783907721#1;-835443464;111677669#0;205590836#2;24337240#1;24337240#2;24337240#5;37628709#0;782710712;783907721#1;876057378#4,runs_J_k16_plain\init_seed9\g009_i011,runs_J_k16_plain\init_seed9\g009_i011\tripinfo.xml
9,12,16,483.562,-24337240#1;-498033359#2;-74277990;-782714966#0;-783907721#1;-876343449#1;-876343449#2;-880137009#1;111681905#1;205590836#2;24337240#2;498033359#2;502325084#3;5197062#4;876057378#3;880140407,runs_J_k16_plain\init_seed9\g009_i012,runs_J_k16_plain\init_seed9\g009_i012\tripinfo.xml
9,13,16,654.0426666666667,-111677668#0;-120682114#1;-535519490#0;-835443464;-880140407;120682114#2;131942152;24337240#4;28468732#0;4935299#1;498033359#1;498033359#3;5197062#4;782714971#0;876057378#0;876057378#3,runs_J_k16_plain\init_seed9\g009_i013,runs_J_k16_plain\init_seed9\g009_i013\tripinfo.xml
9,14,16,1784.2966666666666,-311298658;-498033359#0;-498033359#2;-502325084#1;-835443464;-880140407;120682114#2;24337240#5;26216779#0;26216781#0;28468730#0;311298665;4935286#3;783907721#2;876057378#0;876343449#2,runs_J_k16_plain\init_seed9\g009_i014,runs_J_k16_plain\init_seed9\g009_i014\tripinfo.xml
9,15,16,691.3946666666667,-111681903#0;-24337240#4;-311298658;-311298682#0;-502325084#1;-5197062#3;-5197062#4;-880140407;111681903#1;25970859#1;26216781#1;28468732#0;4935286#1;4970256#8;782714966#1;783907721#0,runs_J_k16_plain\init_seed9\g009_i015,runs_J_k16_plain\init_seed9\g009_i015\tripinfo.xml
9,16,6,626.954,-4950193;-74277990;311298662#1;498033359#3;502325084#0;876057378#1,runs_J_k16_plain\init_seed9\g009_i016,runs_J_k16_plain\init_seed9\g009_i016\tripinfo.xml
9,17,16,1000000000000.0,-111677671#0;-28298231;-502325084#1;-502325084#3;-783907721#2;-876343449#1;111677669#4;111681903#3;205590836#2;26216781#3;28468730#0;311298662#1;4935286#0;498033359#3;782714971#0;783907721#2,runs_J_k16_plain\init_seed9\g009_i017,runs_J_k16_plain\init_seed9\g009_i017\tripinfo.xml
9,18,16,485.81733333333335,-205590836#0;-24337240#4;-311298658;-498033359#1;-502325084#0;-502325084#3;111677669#0;111677669#3;120682114#1;131942152;24337240#2;28468730#1;4935299#1;5197062#3;835443464;880140407,runs_J_k16_plain\init_seed9\g009_i018,runs_J_k16_plain\init_seed9\g009_i018\tripinfo.xml
9,19,16,614.2346666666666,-111677668#3;-111681903#0;-120682114#1;-24337240#7;-502325084#1;-535519490#0;-835443464;111677669#1;111681905#1;120682114#2;205590836#2;24337240#4;502325084#3;747448014;876057378#0;876343449#2,runs_J_k16_plain\init_seed9\g009_i019,runs_J_k16_plain\init_seed9\g009_i019\tripinfo.xml
9,20,16,468.838,-111681903#0;-111681903#3;-120682114#2;-498033359#2;-502325084#3;-535519490#1;-880137009#0;111677669#3;120682114#3;205590836#2;24337240#2;25970859#0;26216781#3;311298682#0;4935286#2;4935286#3,runs_J_k16_plain\init_seed9\g009_i020,runs_J_k16_plain\init_seed9\g009_i020\tripinfo.xml
9,21,16,1000000000000.0,-120682114#2;-205590836#0;-535519490#0;-782714971#0;-782714971#3;111677668#4;111681903#1;120682114#1;120682114#3;24337240#7;25970859#0;747448014;782714971#0;782714971#1;876057376;880137010,runs_J_k16_plain\init_seed9\g009_i021,runs_J_k16_plain\init_seed9\g009_i021\tripinfo.xml
9,22,16,546.62,-120682114#2;-120682114#3;-498033359#1;-782714966#1;-880137009#1;111677669#2;205590836#2;26216779#0;26216781#2;28468730#1;4935286#3;535519490#0;782714971#3;7924772;876057378#5;880137010,runs_J_k16_plain\init_seed9\g009_i022,runs_J_k16_plain\init_seed9\g009_i022\tripinfo.xml
9,23,16,644.456,-311298658;-498033359#2;-876343449#0;111677668#3;205590836#2;24337240#1;24337240#4;28468730#0;311298658;311298665;4935286#2;498033359#3;747448014;782714966#0;783907721#2;7924772,runs_J_k16_plain\init_seed9\g009_i023,runs_J_k16_plain\init_seed9\g009_i023\tripinfo.xml
10,0,16,351.24266666666665,-111677668#3;-111677671#0;-311298658;-311298662#0;-498033359#1;-835443464;111681905#1;205590836#2;24337240#2;25970859#0;4935286#2;5197062#4;747448014;782714966#1;783907721#1;876057378#3,runs_J_k16_plain\init_seed9\g010_i000,runs_J_k16_plain\init_seed9\g010_i000\tripinfo.xml
10,1,16,351.24266666666665,-111677668#3;-111677671#0;-111681903#0;-24337240#1;-311298662#0;-498033359#1;-74277990;-835443464;111677669#5;205590836#2;4935286#2;535519490#1;747448014;782714966#1;783907721#1;876057378#3,runs_J_k16_plain\init_seed9\g010_i001,runs_J_k16_plain\init_seed9\g010_i001\tripinfo.xml
10,2,14,456.36533333333335,-111677668#3;-111677671#0;-24337240#6;-311298658;-502325084#3;-535519490#1;-783907721#0;111681905#1;120682114#1;24337240#5;4935286#2;4970256#6;502325084#3;5197062#4,runs_J_k16_plain\init_seed9\g010_i002,runs_J_k16_plain\init_seed9\g010_i002\tripinfo.xml
10,3,16,487.27066666666667,-120682114#3;-498033359#1;-498033359#3;-502325084#3;-876343449#2;24337240#2;24337240#5;26216781#3;37628709#1;4935286#2;4970256#8;498033359#2;747448014;782714971#0;880137009#0;880140407,runs_J_k16_plain\init_seed9\g010_i003,runs_J_k16_plain\init_seed9\g010_i003\tripinfo.xml
10,4,16,947.1753333333334,-111677671#0;-311298662#0;-502325084#0;-5197062#3;-782714971#0;-783907721#1;111677668#0;111677669#0;111677671#0;111681905#1;28468732#0;502325084#3;5197062#4;535519490#0;62826731;782710712,runs_J_k16_plain\init_seed9\g010_i004,runs_J_k16_plain\init_seed9\g010_i004\tripinfo.xml
10,5,16,479.50466666666665,-24337240#7;-5197062#3;-782714971#2;-876343449#1;111677671#0;24337240#0;24337240#1;25970859#0;25970859#1;26216779#0;26216781#3;4935286#2;4935286#3;4970256#8;502325084#3;782710712,runs_J_k16_plain\init_seed9\g010_i005,runs_J_k16_plain\init_seed9\g010_i005\tripinfo.xml
10,6,16,681.5926666666667,-111677668#3;-111677671#0;-111681903#0;-111681903#2;-25970859#1;-311298662#0;-311298685;-498033359#2;-502325084#3;-5197062#4;205590836#2;24337240#2;37628709#1;4970256#8;783907721#1;876057378#0,runs_J_k16_plain\init_seed9\g010_i006,runs_J_k16_plain\init_seed9\g010_i006\tripinfo.xml
10,7,16,2174.3173333333334,-111681903#0;-111681903#3;-28298231;-311298685;-498033359#2;-502325084#3;-783907721#2;120682114#3;24337240#4;24337240#5;26216779#0;4970256#5;4970256#8;5197062#4;535519490#1;782714971#1,runs_J_k16_plain\init_seed9\g010_i007,runs_J_k16_plain\init_seed9\g010_i007\tripinfo.xml
10,8,5,1000000000000.0,-311298682#0;-498033359#2;111677671#0;58621262#1;783907721#2,runs_J_k16_plain\init_seed9\g010_i008,runs_J_k16_plain\init_seed9\g010_i008\tripinfo.xml
10,9,16,1000000000000.0,-120682114#1;-24337240#0;-498033359#1;-498033359#2;-498033359#3;-502325084#1;-5197062#4;-74277990;-835445203;120682114#1;24337240#2;25970859#0;58621262#1;835445203;876343449#1;880137010,runs_J_k16_plain\init_seed9\g010_i009,runs_J_k16_plain\init_seed9\g010_i009\tripinfo.xml
10,10,16,732.0426666666667,-111677668#3;-120682114#2;-311298658;-311298662#0;-782714971#2;24337240#1;24337240#2;24337240#7;498033359#1;502325084#0;502325084#3;5197062#4;782714966#1;782714971#4;783907721#1;7924772,runs_J_k16_plain\init_seed9\g010_i010,runs_J_k16_plain\init_seed9\g010_i010\tripinfo.xml
10,11,16,644.456,-111681903#0;-111681903#2;-111681903#3;-24337240#0;-24337240#3;-311298662#1;111677668#0;111677669#1;111677669#2;205590836#2;24337240#2;25970859#0;28468730#0;311298682#0;4935286#3;880137009#1,runs_J_k16_plain\init_seed9\g010_i011,runs_J_k16_plain\init_seed9\g010_i011\tripinfo.xml
10,12,16,1000000000000.0,-24337240#4;-25970859#1;-311298658;-535519490#1;-782714966#0;111677669#0;111677669#3;120682114#2;25970859#0;311298662#0;37628709#0;4935286#2;4935286#3;747448014;783907721#0;876057378#1,runs_J_k16_plain\init_seed9\g010_i012,runs_J_k16_plain\init_seed9\g010_i012\tripinfo.xml
10,13,14,661.2286666666666,-120682114#3;-205590836#0;-25970859#1;-498033359#1;-498033359#3;111681903#2;28468730#1;28468732#1;4970256#6;783907721#1;7924772;835443464;876057378#3;876057378#5,runs_J_k16_plain\init_seed9\g010_i013,runs_J_k16_plain\init_seed9\g010_i013\tripinfo.xml
10,14,16,663.4986666666666,-498033359#2;-535519490#0;-782714966#1;111677669#2;131942152;205590836#2;26216779#0;28468730#1;311298665;4970256#7;5197062#4;535519490#0;58621262#0;747448014;782714971#3;876057378#5,runs_J_k16_plain\init_seed9\g010_i014,runs_J_k16_plain\init_seed9\g010_i014\tripinfo.xml
10,15,16,695.2553333333333,-111677668#3;-111681903#3;-498033359#1;-535519490#0;-835443464;-876343449#0;111677668#0;111681905#2;25970859#0;311298662#1;311298665;4935286#2;498033359#0;498033359#1;747448014;876057378#3,runs_J_k16_plain\init_seed9\g010_i015,runs_J_k16_plain\init_seed9\g010_i015\tripinfo.xml
10,16,16,636.11,-111677671#0;-111681903#3;-120682114#3;-311298658;-311298662#0;-502325084#1;111677669#1;111681905#1;205590836#2;28468732#0;4970256#5;62826731;782710712;782714966#1;783907721#1;876343449#1,runs_J_k16_plain\init_seed9\g010_i016,runs_J_k16_plain\init_seed9\g010_i016\tripinfo.xml
10,17,16,383.8833333333333,-111681903#2;-120682114#1;-120682114#2;-24337240#2;-311298682#0;-5197062#3;-5197062#4;-535519490#0;-876343449#1;-876343449#2;111681905#1;24337240#2;4935286#2;4935299#1;498033359#1;502325084#1,runs_J_k16_plain\init_seed9\g010_i017,runs_J_k16_plain\init_seed9\g010_i017\tripinfo.xml
10,18,16,381.3353333333333,-111677671#0;-120682114#2;-25970859#0;-502325084#1;-502325084#3;-535519490#0;-880137009#0;111677668#3;205590836#2;24337240#2;4935286#2;498033359#1;502325084#1;5197062#4;747448014;835443464,runs_J_k16_plain\init_seed9\g010_i018,runs_J_k16_plain\init_seed9\g010_i018\tripinfo.xml
10,19,16,1534.966,-311298658;-498033359#1;-535519490#0;-782714971#4;-783907721#2;-876343449#2;111677669#0;111681903#1;111681905#1;120682114#2;24337240#7;28468732#0;311298682#0;535519490#1;62826731;783907721#0,runs_J_k16_plain\init_seed9\g010_i019,runs_J_k16_plain\init_seed9\g010_i019\tripinfo.xml
10,20,16,674.9506666666666,-24337240#3;-24337240#4;-311298658;-498033359#1;-502325084#0;-502325084#3;-535519490#0;-782714971#3;-880137009#0;111677669#0;28468730#1;311298662#0;4935299#1;747448014;835445203;876057378#5,runs_J_k16_plain\init_seed9\g010_i020,runs_J_k16_plain\init_seed9\g010_i020\tripinfo.xml
10,21,16,582.6606666666667,-111681903#0;-120682114#3;-498033359#2;-782714971#3;111677668#3;111677669#1;111677669#4;205590836#2;24337240#2;26216781#3;4935286#3;58621262#1;782714966#1;782714971#1;782714971#3;876057378#4,runs_J_k16_plain\init_seed9\g010_i021,runs_J_k16_plain\init_seed9\g010_i021\tripinfo.xml
10,22,16,544.1946666666666,-120682114#1;-502325084#0;-535519490#1;-782714971#2;-783907721#0;-880137009#1;111677669#1;120682114#2;120682114#3;24337240#1;311298665;4970256#6;498033359#3;782714971#4;876343449#1;880137009#0,runs_J_k16_plain\init_seed9\g010_i022,runs_J_k16_plain\init_seed9\g010_i022\tripinfo.xml
10,23,16,644.456,-111681903#3;-120682114#2;-498033359#2;-502325084#1;-5197062#4;-783907721#1;-783907721#2;111677668#0;111681903#1;24337240#2;26216781#3;311298658;4935286#3;502325084#0;747448014;7924772,runs_J_k16_plain\init_seed9\g010_i023,runs_J_k16_plain\init_seed9\g010_i023\tripinfo.xml
11,0,16,351.24266666666665,-111677668#3;-111677671#0;-311298658;-311298662#0;-498033359#1;-835443464;111681905#1;205590836#2;24337240#2;25970859#0;4935286#2;5197062#4;747448014;782714966#1;783907721#1;876057378#3,runs_J_k16_plain\init_seed9\g011_i000,runs_J_k16_plain\init_seed9\g011_i000\tripinfo.xml
11,1,7,373.832,-24337240#2;-311298658;-311298682#0;28468732#0;4935286#2;498033359#1;747448014,runs_J_k16_plain\init_seed9\g011_i001,runs_J_k16_plain\init_seed9\g011_i001\tripinfo.xml
11,2,16,664.7233333333334,-111677671#0;-502325084#3;-5197062#4;-535519490#0;-782714971#1;-783907721#0;-783907721#1;-835445203;120682114#1;26216781#2;4935286#2;502325084#1;58621262#0;782710712;782714971#2;880137009#0,runs_J_k16_plain\init_seed9\g011_i002,runs_J_k16_plain\init_seed9\g011_i002\tripinfo.xml
11,3,10,476.55066666666664,-835445203;-876343449#1;-876343449#2;111677668#3;111677671#0;25970859#0;4935286#2;4935286#3;58621262#1;782710712,runs_J_k16_plain\init_seed9\g011_i003,runs_J_k16_plain\init_seed9\g011_i003\tripinfo.xml
11,4,16,627.456,-311298665;-498033359#3;-5197062#3;-535519490#1;-782714971#2;-876343449#1;111677668#4;111677669#5;111677671#0;24337240#0;24337240#1;25970859#0;25970859#1;311298682#0;4935286#0;502325084#3,runs_J_k16_plain\init_seed9\g011_i004,runs_J_k16_plain\init_seed9\g011_i004\tripinfo.xml
11,5,16,1721.4613333333334,-120682114#3;-24337240#7;-25970859#0;-782714966#1;-782714971#2;-876343449#2;-880137009#0;111677669#4;111681903#1;120682114#2;24337240#3;26216781#3;311298662#1;4970256#5;502325084#1;5197062#4,runs_J_k16_plain\init_seed9\g011_i005,runs_J_k16_plain\init_seed9\g011_i005\tripinfo.xml
11,6,16,591.2566666666667,-111681903#3;-28298231;-311298682#0;-498033359#2;-498033359#3;-502325084#0;-876343449#1;111681903#1;24337240#2;26216779#0;4935286#3;498033359#1;502325084#3;782710712;835443464;876057378#3,runs_J_k16_plain\init_seed9\g011_i006,runs_J_k16_plain\init_seed9\g011_i006\tripinfo.xml
11,7,16,587.9173333333333,-311298685;-498033359#1;-880140407;205590836#2;25970859#0;311298685;4935286#1;4935286#2;502325084#0;535519490#1;747448014;782714966#1;782714971#3;876057378#3;880137009#1;880137010,runs_J_k16_plain\init_seed9\g011_i007,runs_J_k16_plain\init_seed9\g011_i007\tripinfo.xml
11,8,16,370.9066666666667,-111677671#0;-205590836#0;-24337240#1;-311298658;-311298662#0;-5197062#4;-7365262;111681903#0;25970859#0;26216779#0;4935286#2;498033359#0;5197062#4;782714966#1;876057378#3;880137009#1,runs_J_k16_plain\init_seed9\g011_i008,runs_J_k16_plain\init_seed9\g011_i008\tripinfo.xml
11,9,16,672.824,-111677668#3;-111677668#4;-111677671#0;-24337240#7;-311298658;-311298685;111677668#4;111681905#1;25970859#0;28468730#1;4935286#2;4970256#8;5197062#3;535519490#1;782714966#1;783907721#1,runs_J_k16_plain\init_seed9\g011_i009,runs_J_k16_plain\init_seed9\g011_i009\tripinfo.xml
11,10,16,520.4466666666667,-111677668#3;-111681903#3;-120682114#3;-311298658;111677669#1;111681905#1;111681905#2;120682114#1;205590836#2;24337240#1;4935286#2;783907721#1;876057378#3;876057378#5;876343449#2;880140407,runs_J_k16_plain\init_seed9\g011_i010,runs_J_k16_plain\init_seed9\g011_i010\tripinfo.xml
11,11,16,454.8953333333333,-111677668#3;-111677671#0;-111681903#0;-205590836#0;-311298658;-498033359#2;-74277990;-783907721#0;-880137009#1;205590836#2;311298665;5197062#4;782714971#2;782714971#3;876057378#3;880137010,runs_J_k16_plain\init_seed9\g011_i011,runs_J_k16_plain\init_seed9\g011_i011\tripinfo.xml
11,12,16,1000000000000.0,-111677668#3;-111681903#1;-311298658;-311298662#0;-498033359#1;-502325084#1;-835443464;111677669#3;24337240#2;25970859#0;4935286#0;4935286#2;535519490#1;782714971#0;783907721#0;783907721#2,runs_J_k16_plain\init_seed9\g011_i012,runs_J_k16_plain\init_seed9\g011_i012\tripinfo.xml
11,13,16,599.5866666666667,-311298658;-498033359#0;-498033359#1;-498033359#3;-502325084#3;-5197062#3;-876343449#2;-880140407;111681905#1;205590836#2;26216781#2;5197062#4;747448014;782714971#0;783907721#1;876057378#3,runs_J_k16_plain\init_seed9\g011_i013,runs_J_k16_plain\init_seed9\g011_i013\tripinfo.xml
11,14,16,2540.132666666667,-111677668#3;-111681903#3;-24337240#3;-25970859#0;-782714966#1;111681905#1;24337240#5;26216781#3;28468730#0;311298662#1;4935286#2;4970256#8;782714966#1;783907721#2;835443464;876057378#3,runs_J_k16_plain\init_seed9\g011_i014,runs_J_k16_plain\init_seed9\g011_i014\tripinfo.xml
11,15,16,795.3486666666666,-111677671#0;-111681903#0;-24337240#6;-311298658;-502325084#0;-502325084#3;-876343449#0;311298662#0;311298665;4935286#1;4935286#2;4970256#6;498033359#1;5197062#4;782714971#0;876057378#0,runs_J_k16_plain\init_seed9\g011_i015,runs_J_k16_plain\init_seed9\g011_i015\tripinfo.xml
11,16,16,501.10333333333335,-502325084#0;-5197062#3;-835443464;111677668#3;111677669#1;205590836#2;24337240#1;26216781#3;4935286#2;498033359#1;502325084#3;58621262#1;782714971#1;876057378#0;876057378#1;876057378#4,runs_J_k16_plain\init_seed9\g011_i016,runs_J_k16_plain\init_seed9\g011_i016\tripinfo.xml
11,17,16,696.6613333333333,-111681903#2;-24337240#3;-311298662#1;-782714966#0;-782714966#1;-782714971#3;205590836#2;24337240#2;24337240#5;26216781#1;37628709#0;498033359#2;58621262#0;783907721#1;876057378#0;876057378#5,runs_J_k16_plain\init_seed9\g011_i017,runs_J_k16_plain\init_seed9\g011_i017\tripinfo.xml
11,18,2,628.2173333333334,-502325084#3;782710712,runs_J_k16_plain\init_seed9\g011_i018,runs_J_k16_plain\init_seed9\g011_i018\tripinfo.xml
11,19,16,367.53866666666664,-111681903#1;-120682114#1;-311298662#0;-498033359#1;-502325084#1;-74277990;-782714971#0;111677669#0;111677669#5;120682114#3;205590836#2;26216779#1;26216781#2;4935286#2;783907721#1;876057378#3,runs_J_k16_plain\init_seed9\g011_i019,runs_J_k16_plain\init_seed9\g011_i019\tripinfo.xml
11,20,16,354.27066666666667,-111677668#0;-111677668#3;-111677668#4;-205590836#0;-24337240#6;-311298658;-498033359#1;-782714966#1;205590836#2;24337240#4;25970859#0;26216779#0;4935286#2;5197062#4;782714966#1;782714971#0,runs_J_k16_plain\init_seed9\g011_i020,runs_J_k16_plain\init_seed9\g011_i020\tripinfo.xml
11,21,16,1000000000000.0,-111677671#0;-120682114#2;-502325084#1;-535519490#0;-535519490#1;-782714971#2;-880137009#0;111681905#1;24337240#2;24337240#5;26216779#0;4935286#1;4935286#2;4970256#7;4970256#8;747448014,runs_J_k16_plain\init_seed9\g011_i021,runs_J_k16_plain\init_seed9\g011_i021\tripinfo.xml
11,22,16,379.36133333333333,-111677668#4;-24337240#6;-311298658;-311298662#1;-502325084#0;-782714971#4;-783907721#0;111677669#2;205590836#2;24337240#2;28468730#0;28468732#1;4935286#2;5197062#4;58621262#0;747448014,runs_J_k16_plain\init_seed9\g011_i022,runs_J_k16_plain\init_seed9\g011_i022\tripinfo.xml
11,23,16,755.6526666666666,-311298682#0;-502325084#3;-535519490#1;-74277990;111681903#1;131942152;24337240#2;25970859#0;4935286#2;498033359#1;58621262#1;747448014;782714966#1;783907721#1;835443464;880137010,runs_J_k16_plain\init_seed9\g011_i023,runs_J_k16_plain\init_seed9\g011_i023\tripinfo.xml
12,0,16,351.24266666666665,-111677668#3;-111677671#0;-311298658;-311298662#0;-498033359#1;-835443464;111681905#1;205590836#2;24337240#2;25970859#0;4935286#2;5197062#4;747448014;782714966#1;783907721#1;876057378#3,runs_J_k16_plain\init_seed9\g012_i000,runs_J_k16_plain\init_seed9\g012_i000\tripinfo.xml
12,1,16,757.7593333333333,-111677668#3;-111681903#1;-120682114#3;-205590836#0;-24337240#6;-25970859#0;-28468730#0;-311298658;-782714966#1;120682114#3;25970859#0;26216779#0;26216781#2;311298662#0;4935286#2;58621262#0,runs_J_k16_plain\init_seed9\g012_i001,runs_J_k16_plain\init_seed9\g012_i001\tripinfo.xml
12,2,16,638.4573333333333,-111681903#1;-498033359#1;-498033359#3;-502325084#1;-5197062#4;-74277990;111681903#1;111681905#2;24337240#2;26216779#1;26216781#3;311298658;311298685;4935286#2;498033359#2;783907721#1,runs_J_k16_plain\init_seed9\g012_i002,runs_J_k16_plain\init_seed9\g012_i002\tripinfo.xml
12,3,16,373.356,-28298231;-311298662#0;-311298682#0;-502325084#0;-783907721#2;111677669#1;111681903#3;111681905#1;205590836#2;311298662#0;37628709#0;4935286#2;4970256#7;535519490#1;62826731;876057378#4,runs_J_k16_plain\init_seed9\g012_i003,runs_J_k16_plain\init_seed9\g012_i003\tripinfo.xml
12,4,16,652.5586666666667,-120682114#1;-205590836#0;-24337240#0;-311298658;-502325084#3;-5197062#3;-782714966#1;205590836#2;25970859#0;26216781#2;26216781#3;28468732#0;502325084#3;747448014;782714971#1;876343449#1,runs_J_k16_plain\init_seed9\g012_i004,runs_J_k16_plain\init_seed9\g012_i004\tripinfo.xml
12,5,16,1000000000000.0,-120682114#1;-502325084#1;-535519490#0;111677668#3;111677669#5;111681905#1;26216779#1;26216781#2;4935286#2;498033359#0;498033359#1;782710712;783907721#1;835445203;876057378#1;880137010,runs_J_k16_plain\init_seed9\g012_i005,runs_J_k16_plain\init_seed9\g012_i005\tripinfo.xml
12,6,4,619.4266666666666,-111681903#1;111677669#1;120682114#3;876057378#0,runs_J_k16_plain\init_seed9\g012_i006,runs_J_k16_plain\init_seed9\g012_i006\tripinfo.xml
12,7,16,383.67066666666665,-111677668#0;-111681903#0;-205590836#0;-24337240#6;-311298658;-498033359#1;-782714966#1;24337240#1;24337240#4;26216779#1;28468732#1;37628709#1;4935286#2;4935299#1;782714966#1;782714971#2,runs_J_k16_plain\init_seed9\g012_i007,runs_J_k16_plain\init_seed9\g012_i007\tripinfo.xml
12,8,16,1000000000000.0,-111681903#1;-24337240#0;-498033359#1;-502325084#1;-782714971#0;-783907721#1;111677669#5;205590836#2;26216781#2;28468730#0;311298662#1;311298685;502325084#1;783907721#1;783907721#2;876057378#3,runs_J_k16_plain\init_seed9\g012_i008,runs_J_k16_plain\init_seed9\g012_i008\tripinfo.xml
12,9,16,652.5093333333333,-111677668#4;-311298658;-502325084#0;-782714966#0;-782714971#4;-783907721#0;-783907721#2;-880137009#1;111677669#1;120682114#3;205590836#2;24337240#2;28468730#1;58621262#1;747448014;880140407,runs_J_k16_plain\init_seed9\g012_i009,runs_J_k16_plain\init_seed9\g012_i009\tripinfo.xml
12,10,16,557.27,-28298231;-311298658;-311298662#0;-498033359#0;-498033359#1;-498033359#3;111677669#5;111681905#1;205590836#2;24337240#2;311298665;4935286#2;4935299#1;498033359#2;782714966#1;783907721#1,runs_J_k16_plain\init_seed9\g012_i010,runs_J_k16_plain\init_seed9\g012_i010\tripinfo.xml
12,11,16,370.31,-111677668#3;-111681903#3;-7365262;111677669#1;111681903#0;120682114#1;205590836#2;24337240#1;24337240#2;26216779#0;4935286#2;498033359#1;502325084#3;5197062#4;876057378#0;876057378#2,runs_J_k16_plain\init_seed9\g012_i011,runs_J_k16_plain\init_seed9\g012_i011\tripinfo.xml
12,12,16,495.1093333333333,-111677668#3;-111677671#0;-311298685;-502325084#0;-5197062#3;-835443464;-876343449#1;-876343449#2;205590836#2;26216781#3;58621262#1;7924772;835443464;876057378#1;876343449#1;880140407,runs_J_k16_plain\init_seed9\g012_i012,runs_J_k16_plain\init_seed9\g012_i012\tripinfo.xml
12,13,16,797.3686666666666,-120682114#3;-25970859#0;-25970859#1;-498033359#1;111677668#3;111677669#3;205590836#2;24337240#2;24337240#4;24337240#5;58621262#0;62826731;782714966#1;876057378#3;876343449#2;880137010,runs_J_k16_plain\init_seed9\g012_i013,runs_J_k16_plain\init_seed9\g012_i013\tripinfo.xml
12,14,16,1000000000000.0,-111677668#4;-120682114#2;-311298658;-311298665;-311298685;-876343449#1;-880140407;111677668#3;111681903#2;37628709#1;4935286#1;4935286#2;535519490#1;782714971#3;876057378#1;876343449#2,runs_J_k16_plain\init_seed9\g012_i014,runs_J_k16_plain\init_seed9\g012_i014\tripinfo.xml
12,15,14,749.4493333333334,-111677668#3;-111677671#0;-111681903#0;-120682114#1;-205590836#0;-24337240#0;-782714966#1;-782714971#0;-782714971#3;120682114#3;26216781#2;502325084#0;535519490#0;782714966#1,runs_J_k16_plain\init_seed9\g012_i015,runs_J_k16_plain\init_seed9\g012_i015\tripinfo.xml
12,16,16,644.456,-120682114#3;-7365262;-74277990;-880137009#0;-880140407;111677669#0;24337240#4;311298662#1;4935286#3;498033359#3;5197062#4;782714971#3;783907721#0;783907721#1;876057378#3;876057378#4,runs_J_k16_plain\init_seed9\g012_i016,runs_J_k16_plain\init_seed9\g012_i016\tripinfo.xml
12,17,16,779.984,-111681903#1;-24337240#6;-311298658;-311298662#0;-502325084#3;-835443464;120682114#3;205590836#2;24337240#0;24337240#2;311298685;4970256#6;5197062#3;5197062#4;58621262#1;876057378#1,runs_J_k16_plain\init_seed9\g012_i017,runs_J_k16_plain\init_seed9\g012_i017\tripinfo.xml
12,18,16,918.0813333333333,-111677671#0;-120682114#3;-24337240#7;-25970859#1;111681905#1;24337240#5;25970859#1;26216781#3;311298658;4970256#6;535519490#0;747448014;783907721#1;876057378#0;876057378#3;876057378#4,runs_J_k16_plain\init_seed9\g012_i018,runs_J_k16_plain\init_seed9\g012_i018\tripinfo.xml
12,19,16,826.2093333333333,-111677668#3;-25970859#1;-311298658;-5197062#3;-535519490#0;-74277990;-782714966#1;111681903#1;111681903#2;111681905#1;24337240#3;25970859#1;28468730#1;782714971#2;876057378#0;876057378#3,runs_J_k16_plain\init_seed9\g012_i019,runs_J_k16_plain\init_seed9\g012_i019\tripinfo.xml
12,20,16,1994.9093333333333,-111681903#3;-498033359#1;-535519490#1;-876343449#2;-880140407;111681905#2;120682114#2;205590836#2;24337240#0;26216781#3;498033359#1;498033359#3;502325084#1;782714966#0;876343449#0;880140407,runs_J_k16_plain\init_seed9\g012_i020,runs_J_k16_plain\init_seed9\g012_i020\tripinfo.xml
12,21,16,617.118,-111677668#3;-111677668#4;-111677671#0;-111681903#2;-498033359#3;-502325084#1;111677669#5;111681903#2;111681905#1;120682114#1;205590836#2;24337240#4;25970859#0;4935286#2;498033359#3;5197062#4,runs_J_k16_plain\init_seed9\g012_i021,runs_J_k16_plain\init_seed9\g012_i021\tripinfo.xml
12,22,16,1000000000000.0,-111677668#0;-111677668#3;-205590836#0;-24337240#0;-24337240#7;-311298662#0;-311298665;-498033359#1;-782714966#1;111681903#0;205590836#2;25970859#0;4935286#1;782714971#4;783907721#1;783907721#2,runs_J_k16_plain\init_seed9\g012_i022,runs_J_k16_plain\init_seed9\g012_i022\tripinfo.xml
12,23,16,1404.234,-111677668#4;-24337240#6;-502325084#0;120682114#2;24337240#5;26216779#0;28468730#0;311298662#1;4935286#2;4970256#6;4970256#8;498033359#0;535519490#1;58621262#0;876057378#4;876057378#5,runs_J_k16_plain\init_seed9\g012_i023,runs_J_k16_plain\init_seed9\g012_i023\tripinfo.xml
13,0,16,351.24266666666665,-111677668#3;-111677671#0;-311298658;-311298662#0;-498033359#1;-835443464;111681905#1;205590836#2;24337240#2;25970859#0;4935286#2;5197062#4;747448014;782714966#1;783907721#1;876057378#3,runs_J_k16_plain\init_seed9\g013_i000,runs_J_k16_plain\init_seed9\g013_i000\tripinfo.xml
13,1,16,627.4526666666667,-111677668#3;-111677668#4;-120682114#2;-28468730#0;-498033359#1;-5197062#4;-782714971#4;-783907721#0;-783907721#2;-835443464;24337240#7;498033359#1;5197062#4;58621262#1;747448014;783907721#0,runs_J_k16_plain\init_seed9\g013_i001,runs_J_k16_plain\init_seed9\g013_i001\tripinfo.xml
13,2,16,399.594,-111677668#3;-111681903#2;-111681903#3;-498033359#1;-783907721#0;-783907721#2;111681905#1;120682114#1;24337240#1;28468730#1;4935286#2;4970256#6;4970256#7;498033359#1;58621262#0;876057378#0,runs_J_k16_plain\init_seed9\g013_i002,runs_J_k16_plain\init_seed9\g013_i002\tripinfo.xml
13,3,16,644.456,-111677668#3;-111677668#4;-111681903#1;-311298658;-502325084#0;-7365262;-835443464;111681905#1;205590836#2;26216779#1;26216781#1;26216781#3;311298685;4970256#6;783907721#1;876057378#1,runs_J_k16_plain\init_seed9\g013_i003,runs_J_k16_plain\init_seed9\g013_i003\tripinfo.xml
13,4,16,656.088,-111677671#0;-498033359#3;-782714966#0;-876343449#2;-880137009#0;111677669#1;111677671#0;111681903#0;111681903#3;120682114#3;205590836#2;24337240#0;24337240#2;37628709#1;58621262#1;835443464,runs_J_k16_plain\init_seed9\g013_i004,runs_J_k16_plain\init_seed9\g013_i004\tripinfo.xml
13,5,16,635.53,-111677671#0;-24337240#0;-24337240#2;-311298662#0;-5197062#3;111681903#3;111681905#1;24337240#2;311298658;4970256#7;4970256#8;62826731;783907721#0;783907721#2;835445203;876057378#0,runs_J_k16_plain\init_seed9\g013_i005,runs_J_k16_plain\init_seed9\g013_i005\tripinfo.xml
13,6,15,795.22,-111677671#0;-111681903#1;-24337240#1;-28298231;-311298662#0;-311298682#0;-311298685;-880137009#0;111677669#2;111677669#5;111681905#1;120682114#3;311298662#0;37628709#0;835443464,runs_J_k16_plain\init_seed9\g013_i006,runs_J_k16_plain\init_seed9\g013_i006\tripinfo.xml
13,7,16,683.016,-111681903#1;-205590836#0;-28298231;-311298682#0;-498033359#3;-783907721#2;111677668#4;111681903#2;24337240#1;25970859#1;28468730#1;58621262#0;782714966#1;7924772;876057378#1;876057378#4,runs_J_k16_plain\init_seed9\g013_i007,runs_J_k16_plain\init_seed9\g013_i007\tripinfo.xml
13,8,16,1278.332,-111681903#0;-120682114#3;-25970859#1;-311298662#0;111681903#0;111681903#3;120682114#2;205590836#2;24337240#0;24337240#4;26216779#0;4935286#3;4970256#6;502325084#3;535519490#1;782714971#2,runs_J_k16_plain\init_seed9\g013_i008,runs_J_k16_plain\init_seed9\g013_i008\tripinfo.xml
13,9,16,1000000000000.0,-111677668#3;-111677671#0;-111681903#3;-311298662#0;-498033359#3;-876343449#2;111677669#2;24337240#1;311298682#0;37628709#0;37628709#1;4935286#2;747448014;783907721#1;876057378#4;876057378#5,runs_J_k16_plain\init_seed9\g013_i009,runs_J_k16_plain\init_seed9\g013_i009\tripinfo.xml
13,10,16,400.4066666666667,-120682114#2;-311298662#0;-502325084#0;-502325084#3;-783907721#2;-835443464;111677669#0;111677669#5;120682114#1;205590836#2;311298682#0;37628709#1;4935286#2;5197062#4;876057378#2;876057378#3,runs_J_k16_plain\init_seed9\g013_i010,runs_J_k16_plain\init_seed9\g013_i010\tripinfo.xml
13,11,16,627.6593333333333,-120682114#3;-311298658;-498033359#1;-782714971#3;-782714971#4;111677669#1;111681905#1;24337240#2;24337240#4;28468730#0;28468732#1;37628709#1;4970256#5;58621262#0;747448014;880137010,runs_J_k16_plain\init_seed9\g013_i011,runs_J_k16_plain\init_seed9\g013_i011\tripinfo.xml
13,12,16,695.922,-205590836#0;-311298658;-498033359#1;-502325084#0;-782714966#1;-880137009#0;111681903#3;111681905#1;120682114#1;24337240#1;24337240#2;24337240#3;311298658;4935286#2;5197062#4;782714971#2,runs_J_k16_plain\init_seed9\g013_i012,runs_J_k16_plain\init_seed9\g013_i012\tripinfo.xml
13,13,16,666.668,-4950193;-498033359#3;-502325084#3;-783907721#0;-876343449#2;111681905#1;24337240#0;24337240#2;25970859#0;26216781#0;4935286#3;498033359#2;782714971#3;782714971#4;876057378#0;876057378#3,runs_J_k16_plain\init_seed9\g013_i013,runs_J_k16_plain\init_seed9\g013_i013\tripinfo.xml
13,14,16,1000000000000.0,-111677668#0;-311298658;-880137009#1;111677669#5;120682114#1;24337240#2;24337240#4;311298662#1;311298665;4935299#1;498033359#2;498033359#3;5197062#4;782714966#1;783907721#1;880137010,runs_J_k16_plain\init_seed9\g013_i014,runs_J_k16_plain\init_seed9\g013_i014\tripinfo.xml
13,15,16,758.5093333333333,-111677668#3;-120682114#2;-502325084#0;-5197062#3;111677668#0;111677669#1;24337240#0;26216779#0;311298685;747448014;782714971#0;782714971#4;7924772;876057378#0;876057378#2;876343449#0,runs_J_k16_plain\init_seed9\g013_i015,runs_J_k16_plain\init_seed9\g013_i015\tripinfo.xml
13,16,16,1000000000000.0,-111681903#3;-24337240#7;-25970859#0;-311298662#1;-311298665;-502325084#3;-835443464;-880137009#0;111677668#0;25970859#0;28468730#0;4935286#2;498033359#0;498033359#1;5197062#4;876057378#2,runs_J_k16_plain\init_seed9\g013_i016,runs_J_k16_plain\init_seed9\g013_i016\tripinfo.xml
13,17,12,1240.6833333333334,-24337240#3;-24337240#6;-311298658;-498033359#0;-502325084#1;120682114#2;311298658;4935286#2;5197062#4;782710712;782714966#1;876057378#5,runs_J_k16_plain\init_seed9\g013_i017,runs_J_k16_plain\init_seed9\g013_i017\tripinfo.xml
13,18,16,634.958,-111677671#0;-111681903#1;-24337240#2;-311298658;-311298662#0;-783907721#1;120682114#1;24337240#2;26216779#1;28468732#0;28468732#1;37628709#1;747448014;782714966#1;876057378#0;880137010,runs_J_k16_plain\init_seed9\g013_i018,runs_J_k16_plain\init_seed9\g013_i018\tripinfo.xml
13,19,16,1000000000000.0,-111681903#3;-498033359#3;-535519490#0;-7365262;-782714966#1;111681903#3;205590836#2;25970859#1;4935286#2;498033359#1;502325084#3;782714966#1;782714971#3;782714971#4;876057378#3;876057378#4,runs_J_k16_plain\init_seed9\g013_i019,runs_J_k16_plain\init_seed9\g013_i019\tripinfo.xml
13,20,6,661.2246666666666,-311298682#0;111681903#0;26216779#1;26216781#2;311298685;876057378#2,runs_J_k16_plain\init_seed9\g013_i020,runs_J_k16_plain\init_seed9\g013_i020\tripinfo.xml
13,21,10,530.4506666666666,-111677668#3;-111681903#1;-782714966#1;-782714971#0;-783907721#0;111681905#1;120682114#3;205590836#2;26216781#2;880140407,runs_J_k16_plain\init_seed9\g013_i021,runs_J_k16_plain\init_seed9\g013_i021\tripinfo.xml
13,22,16,639.952,-111677671#0;-311298658;-311298662#0;-498033359#3;-835443464;111677669#2;205590836#2;24337240#2;25970859#0;26216781#0;28468730#1;4970256#7;5197062#4;747448014;876057378#1;876057378#5,runs_J_k16_plain\init_seed9\g013_i022,runs_J_k16_plain\init_seed9\g013_i022\tripinfo.xml
13,23,16,638.286,-111677668#0;-498033359#0;-783907721#0;-783907721#1;120682114#1;24337240#4;26216781#3;311298662#1;4935286#2;4970256#8;502325084#3;5197062#4;535519490#0;782714971#3;876057378#0;876057378#2,runs_J_k16_plain\init_seed9\g013_i023,runs_J_k16_plain\init_seed9\g013_i023\tripinfo.xml
14,0,16,351.24266666666665,-111677668#3;-111677671#0;-311298658;-311298662#0;-498033359#1;-835443464;111681905#1;205590836#2;24337240#2;25970859#0;4935286#2;5197062#4;747448014;782714966#1;783907721#1;876057378#3,runs_J_k16_plain\init_seed9\g014_i000,runs_J_k16_plain\init_seed9\g014_i000\tripinfo.xml
14,1,7,1506.9046666666666,-28468730#0;-782714971#4;111677671#0;120682114#2;24337240#7;5197062#4;782714966#0,runs_J_k16_plain\init_seed9\g014_i001,runs_J_k16_plain\init_seed9\g014_i001\tripinfo.xml
14,2,16,599.082,-111677668#4;-111681903#2;-111681903#3;-120682114#2;-120682114#3;-498033359#1;-5197062#4;-535519490#1;-783907721#0;24337240#3;26216781#0;28468730#0;4935286#3;58621262#1;747448014;782714971#1,runs_J_k16_plain\init_seed9\g014_i002,runs_J_k16_plain\init_seed9\g014_i002\tripinfo.xml
14,3,16,641.5333333333333,-111681903#1;-120682114#3;-311298658;-4950193;-5197062#4;-782714971#4;-783907721#0;-783907721#2;120682114#1;24337240#2;37628709#0;498033359#1;5197062#4;58621262#1;876057378#3;880137009#1,runs_J_k16_plain\init_seed9\g014_i003,runs_J_k16_plain\init_seed9\g014_i003\tripinfo.xml
14,4,16,485.9433333333333,-111677668#4;-24337240#0;-28468730#0;-311298662#0;-498033359#3;-783907721#1;-835443464;-835445203;24337240#7;26216779#1;311298665;311298685;37628709#1;4970256#6;498033359#3;782714966#1,runs_J_k16_plain\init_seed9\g014_i004,runs_J_k16_plain\init_seed9\g014_i004\tripinfo.xml
14,5,16,1773.618,-111681903#2;-111681903#3;-24337240#3;-28298231;-311298662#1;-502325084#1;-880137009#0;111677669#3;120682114#2;26216779#0;28468730#1;4970256#5;4970256#6;498033359#0;58621262#0;876057378#0,runs_J_k16_plain\init_seed9\g014_i005,runs_J_k16_plain\init_seed9\g014_i005\tripinfo.xml
14,6,16,1000000000000.0,-311298662#0;-502325084#3;-783907721#2;-835443464;111677669#5;131942152;24337240#5;28468732#1;311298662#0;37628709#1;4935299#1;5197062#4;782710712;783907721#2;876057378#2;876057378#3,runs_J_k16_plain\init_seed9\g014_i006,runs_J_k16_plain\init_seed9\g014_i006\tripinfo.xml
14,7,16,699.4586666666667,-111677668#3;-111677671#0;-24337240#6;-311298662#0;-498033359#1;111681903#0;111681905#1;205590836#2;24337240#5;25970859#0;26216779#1;26216781#3;37628709#1;5197062#4;62826731;783907721#2,runs_J_k16_plain\init_seed9\g014_i007,runs_J_k16_plain\init_seed9\g014_i007\tripinfo.xml
14,8,16,377.698,-24337240#2;-311298662#0;-311298665;111677669#5;205590836#2;24337240#3;26216781#0;28468732#0;311298662#0;311298682#0;4935286#2;747448014;782714971#2;835445203;876057378#2;880137009#0,runs_J_k16_plain\init_seed9\g014_i008,runs_J_k16_plain\init_seed9\g014_i008\tripinfo.xml
14,9,16,628.1533333333333,-111677668#3;-111681903#2;-24337240#6;-28468730#0;-311298662#0;-498033359#1;-835443464;24337240#2;26216781#1;28468732#1;311298662#0;4970256#6;5197062#4;62826731;782714966#1;783907721#1,runs_J_k16_plain\init_seed9\g014_i009,runs_J_k16_plain\init_seed9\g014_i009\tripinfo.xml
14,10,16,1000000000000.0,-111677668#3;-25970859#0;-311298665;-498033359#0;-876343449#1;-880140407;111677669#3;120682114#3;205590836#2;24337240#2;4935286#2;4970256#7;498033359#1;782714966#1;876057378#0;876057378#3,runs_J_k16_plain\init_seed9\g014_i010,runs_J_k16_plain\init_seed9\g014_i010\tripinfo.xml
14,11,3,644.456,311298685;4935286#1;876057376,runs_J_k16_plain\init_seed9\g014_i011,runs_J_k16_plain\init_seed9\g014_i011\tripinfo.xml
14,12,16,460.8953333333333,-28468730#0;-311298658;-311298662#0;-5197062#3;-783907721#2;111677671#0;24337240#2;24337240#4;24337240#7;311298658;4935286#2;498033359#1;5197062#3;5197062#4;783907721#0;783907721#1,runs_J_k16_plain\init_seed9\g014_i012,runs_J_k16_plain\init_seed9\g014_i012\tripinfo.xml
14,13,16,427.856,-25970859#0;-535519490#1;-782714971#1;-783907721#0;111681905#1;120682114#3;205590836#2;26216781#1;26216781#2;26216781#3;28468732#0;311298685;4970256#6;782714966#0;876057376;876343449#2,runs_J_k16_plain\init_seed9\g014_i013,runs_J_k16_plain\init_seed9\g014_i013\tripinfo.xml
14,14,12,630.4606666666666,-111677668#3;-24337240#4;-24337240#7;-311298658;-835445203;111681903#3;131942152;28468732#0;498033359#0;5197062#4;783907721#1;876057378#0,runs_J_k16_plain\init_seed9\g014_i014,runs_J_k16_plain\init_seed9\g014_i014\tripinfo.xml
14,15,16,356.186,-111681903#3;-24337240#0;-24337240#2;-311298658;-835445203;111681903#3;111681905#1;120682114#3;28468730#0;37628709#0;4935286#2;4970256#6;4970256#7;4970256#8;7924772;876057378#0,runs_J_k16_plain\init_seed9\g014_i015,runs_J_k16_plain\init_seed9\g014_i015\tripinfo.xml
14,16,10,513.5706666666666,-111677668#3;-311298662#0;-498033359#1;111677669#1;24337240#2;24337240#5;311298658;4935286#2;876057378#0;876057378#1,runs_J_k16_plain\init_seed9\g014_i016,runs_J_k16_plain\init_seed9\g014_i016\tripinfo.xml
14,17,16,746.7753333333334,-111677668#0;-24337240#1;-311298662#0;-535519490#1;120682114#1;25970859#0;25970859#1;311298658;311298662#1;4970256#7;498033359#3;5197062#4;58621262#0;782714966#0;782714971#2;783907721#0,runs_J_k16_plain\init_seed9\g014_i017,runs_J_k16_plain\init_seed9\g014_i017\tripinfo.xml
14,18,15,776.8526666666667,-498033359#2;-782714971#3;-783907721#0;-783907721#2;-835445203;111677668#0;111681903#2;111681905#1;120682114#1;24337240#4;26216781#0;28468730#1;4970256#6;502325084#3;783907721#0,runs_J_k16_plain\init_seed9\g014_i018,runs_J_k16_plain\init_seed9\g014_i018\tripinfo.xml
14,19,12,1000000000000.0,-311298665;-498033359#1;-502325084#3;-783907721#0;111681905#1;25970859#0;26216779#1;498033359#1;7924772;876057378#3;876057378#5;876343449#2,runs_J_k16_plain\init_seed9\g014_i019,runs_J_k16_plain\init_seed9\g014_i019\tripinfo.xml
14,20,16,646.238,-111677668#3;-111677671#0;-111681903#2;-111681903#3;-498033359#1;-835443464;-876343449#1;111681903#0;111681903#2;111681905#1;28468730#0;311298682#0;58621262#0;747448014;782714966#1;783907721#1,runs_J_k16_plain\init_seed9\g014_i020,runs_J_k16_plain\init_seed9\g014_i020\tripinfo.xml
14,21,12,1000000000000.0,-24337240#1;-311298662#1;-311298665;-502325084#3;-5197062#4;-783907721#2;-835443464;-876343449#0;24337240#2;4970256#6;498033359#1;876057378#0,runs_J_k16_plain\init_seed9\g014_i021,runs_J_k16_plain\init_seed9\g014_i021\tripinfo.xml
14,22,16,453.656,-111677668#3;-120682114#2;-24337240#1;-24337240#2;-782714971#3;-876343449#1;111677669#0;111677669#5;120682114#1;311298682#0;4935286#2;4970256#6;498033359#2;782714966#1;782714971#4;876057378#5,runs_J_k16_plain\init_seed9\g014_i022,runs_J_k16_plain\init_seed9\g014_i022\tripinfo.xml
14,23,16,625.6793333333334,-111677668#3;-111677671#0;-120682114#3;-24337240#0;-311298662#1;-502325084#3;111681905#1;24337240#2;25970859#1;26216781#1;28468732#1;37628709#1;58621262#1;782714971#2;782714971#3;835443464,runs_J_k16_plain\init_seed9\g014_i023,runs_J_k16_plain\init_seed9\g014_i023\tripinfo.xml
15,0,16,351.24266666666665,-111677668#3;-111677671#0;-311298658;-311298662#0;-498033359#1;-835443464;111681905#1;205590836#2;24337240#2;25970859#0;4935286#2;5197062#4;747448014;782714966#1;783907721#1;876057378#3,runs_J_k16_plain\init_seed9\g015_i000,runs_J_k16_plain\init_seed9\g015_i000\tripinfo.xml
15,1,16,673.7793333333333,-111677671#0;-24337240#2;-311298682#0;-498033359#1;-502325084#0;111677669#3;26216781#3;28468732#0;4935286#0;4970256#7;498033359#0;502325084#3;747448014;782714971#2;876057378#2;876057378#3,runs_J_k16_plain\init_seed9\g015_i001,runs_J_k16_plain\init_seed9\g015_i001\tripinfo.xml
15,2,8,620.878,-111677668#3;-311298658;-498033359#0;-782714966#1;111677669#1;747448014;782714966#0;880137009#0,runs_J_k16_plain\init_seed9\g015_i002,runs_J_k16_plain\init_seed9\g015_i002\tripinfo.xml
15,3,10,529.9826666666667,-111681903#2;-24337240#6;-25970859#1;-498033359#1;-835443464;111677668#3;876057376;876057378#2;880137009#1;880140407,runs_J_k16_plain\init_seed9\g015_i003,runs_J_k16_plain\init_seed9\g015_i003\tripinfo.xml
15,4,16,965.516,-111677668#4;-111677671#0;-120682114#3;-24337240#7;-535519490#0;111681905#1;111681905#2;131942152;24337240#2;26216781#0;26216781#1;28468732#1;4935286#2;498033359#2;782714971#2;783907721#1,runs_J_k16_plain\init_seed9\g015_i004,runs_J_k16_plain\init_seed9\g015_i004\tripinfo.xml
15,5,16,414.50666666666666,-24337240#6;-28468730#0;-535519490#1;-74277990;-782714971#0;-835443464;24337240#2;25970859#0;26216781#0;28468730#0;4970256#6;4970256#7;498033359#3;747448014;782714966#1;876057378#0,runs_J_k16_plain\init_seed9\g015_i005,runs_J_k16_plain\init_seed9\g015_i005\tripinfo.xml
15,6,16,628.406,-111677668#3;-111681903#3;-311298662#0;-498033359#3;-535519490#1;111677669#0;111681903#0;24337240#1;25970859#1;311298682#0;37628709#1;4935286#2;58621262#0;747448014;782714966#1;880140407,runs_J_k16_plain\init_seed9\g015_i006,runs_J_k16_plain\init_seed9\g015_i006\tripinfo.xml
15,7,16,3651.494,-111677668#4;-120682114#2;-120682114#3;-498033359#1;-498033359#2;-5197062#4;-535519490#1;111677669#5;24337240#3;26216781#0;4935286#3;58621262#1;782714971#1;783907721#2;876343449#1;880137009#1,runs_J_k16_plain\init_seed9\g015_i007,runs_J_k16_plain\init_seed9\g015_i007\tripinfo.xml
15,8,16,1000000000000.0,-111677668#4;-111681903#1;-111681903#2;-5197062#3;-5197062#4;-782714971#4;-876343449#2;111677669#2;24337240#3;4935286#3;498033359#0;58621262#1;782714971#1;835443464;880137010;880140407,runs_J_k16_plain\init_seed9\g015_i008,runs_J_k16_plain\init_seed9\g015_i008\tripinfo.xml
15,9,16,595.7533333333333,-28468730#0;-311298662#0;-311298665;-498033359#1;111677669#1;111677669#4;111677671#0;111681903#3;131942152;24337240#7;311298658;311298662#0;5197062#4;782714971#2;783907721#1;876343449#0,runs_J_k16_plain\init_seed9\g015_i009,runs_J_k16_plain\init_seed9\g015_i009\tripinfo.xml
15,10,16,633.526,-120682114#3;-24337240#2;-24337240#3;-24337240#4;-311298662#0;-5197062#3;-783907721#2;205590836#2;24337240#3;311298662#0;4935286#0;502325084#3;5197062#4;747448014;835445203;876057378#2,runs_J_k16_plain\init_seed9\g015_i010,runs_J_k16_plain\init_seed9\g015_i010\tripinfo.xml
15,11,16,1000000000000.0,-24337240#3;-24337240#6;-24337240#7;-25970859#0;-311298662#0;-311298682#0;-535519490#1;-782714971#1;-876343449#1;111681905#1;26216781#1;26216781#3;311298665;782710712;783907721#0;783907721#2,runs_J_k16_plain\init_seed9\g015_i011,runs_J_k16_plain\init_seed9\g015_i011\tripinfo.xml
15,12,16,481.316,-111677668#3;-24337240#1;-502325084#1;-876343449#0;-876343449#1;111681903#0;111681905#1;24337240#5;25970859#0;26216781#3;4935299#1;4970256#6;58621262#1;782714966#0;782714971#0;880140407,runs_J_k16_plain\init_seed9\g015_i012,runs_J_k16_plain\init_seed9\g015_i012\tripinfo.xml
15,13,15,671.3266666666667,-111677668#0;-25970859#0;-535519490#1;-782714971#1;-876343449#2;111681905#2;26216781#1;26216781#2;28468732#0;28468732#1;311298685;4970256#6;835445203;876057378#1;876343449#2,runs_J_k16_plain\init_seed9\g015_i013,runs_J_k16_plain\init_seed9\g015_i013\tripinfo.xml
15,14,10,360.99266666666665,-111677668#3;-24337240#3;-498033359#1;-835443464;111677669#2;25970859#0;25970859#1;4935286#2;498033359#2;5197062#4,runs_J_k16_plain\init_seed9\g015_i014,runs_J_k16_plain\init_seed9\g015_i014\tripinfo.xml
15,15,16,425.77666666666664,-111677671#0;-120682114#2;-24337240#0;-24337240#2;-311298658;-502325084#3;-783907721#2;24337240#2;28468730#0;4935286#2;4970256#6;4970256#7;4970256#8;498033359#3;535519490#1;876057378#0,runs_J_k16_plain\init_seed9\g015_i015,runs_J_k16_plain\init_seed9\g015_i015\tripinfo.xml
15,16,12,602.2353333333333,-311298658;-502325084#1;111681905#1;120682114#3;25970859#0;28468730#0;37628709#0;4935286#2;4970256#5;783907721#2;876057378#3;876057378#5,runs_J_k16_plain\init_seed9\g015_i016,runs_J_k16_plain\init_seed9\g015_i016\tripinfo.xml
15,17,16,591.7133333333334,-111677668#0;-111677668#3;-311298662#0;-498033359#1;-880137009#0;111681903#1;24337240#2;24337240#4;24337240#7;26216781#1;747448014;782714966#1;783907721#1;835443464;876057378#3;876057378#4,runs_J_k16_plain\init_seed9\g015_i017,runs_J_k16_plain\init_seed9\g015_i017\tripinfo.xml
15,18,16,1951.892,-111677668#4;-111677671#0;-311298658;-498033359#3;-782714966#0;-835443464;-876343449#0;111677669#1;111681905#1;120682114#2;24337240#2;4935286#3;535519490#0;782714966#1;876057378#5;880140407,runs_J_k16_plain\init_seed9\g015_i018,runs_J_k16_plain\init_seed9\g015_i018\tripinfo.xml
15,19,16,1134.39,-111677668#0;-111677668#4;-111681903#3;-535519490#1;24337240#2;24337240#3;25970859#0;4935286#2;4970256#5;5197062#3;747448014;782714971#0;782714971#1;782714971#2;876057378#0;876343449#2,runs_J_k16_plain\init_seed9\g015_i019,runs_J_k16_plain\init_seed9\g015_i019\tripinfo.xml
15,20,16,636.4073333333333,-111677668#3;-111677671#0;-120682114#1;-120682114#3;-24337240#1;-25970859#0;-311298658;-311298662#0;-498033359#1;28468730#0;28468732#0;5197062#4;58621262#1;747448014;782714966#0;782714971#4,runs_J_k16_plain\init_seed9\g015_i020,runs_J_k16_plain\init_seed9\g015_i020\tripinfo.xml
15,21,16,1000000000000.0,-111677668#3;-311298658;-498033359#1;-498033359#2;-535519490#1;-835443464;-835445203;111681905#1;24337240#4;4970256#8;498033359#3;58621262#0;783907721#1;876057378#0;876057378#3;876343449#0,runs_J_k16_plain\init_seed9\g015_i021,runs_J_k16_plain\init_seed9\g015_i021\tripinfo.xml
15,22,16,591.7133333333334,-111677668#0;-111677671#0;-111681903#3;-24337240#2;-311298662#0;111681903#2;111681905#1;205590836#2;28468732#0;311298685;37628709#1;5197062#4;535519490#1;747448014;783907721#2;880137009#1,runs_J_k16_plain\init_seed9\g015_i022,runs_J_k16_plain\init_seed9\g015_i022\tripinfo.xml
15,23,9,525.8626666666667,-111681903#2;-120682114#2;-498033359#1;26216781#0;28468730#0;311298685;4935286#3;58621262#1;7924772,runs_J_k16_plain\init_seed9\g015_i023,runs_J_k16_plain\init_seed9\g015_i023\tripinfo.xml
