gen,idx,k,score,closed_edges,run_dir,tripinfo
1,0,9,666.718,-782714971#2;-782714971#3;111681903#3;131942152;26216781#2;26216781#3;4935286#1;502325084#0;535519490#1,runs_J_k16_plain\none_seed4\g001_i000,runs_J_k16_plain\none_seed4\g001_i000\tripinfo.xml
1,1,10,1944.514,-111681903#0;-24337240#4;-24337240#7;-498033359#3;-502325084#0;-782714966#0;120682114#2;502325084#1;502325084#3;880140407,runs_J_k16_plain\none_seed4\g001_i001,runs_J_k16_plain\none_seed4\g001_i001\tripinfo.xml
1,2,9,808.224,-498033359#3;111677669#0;111677669#2;26216781#0;535519490#0;62826731;782710712;783907721#2;876343449#0,runs_J_k16_plain\none_seed4\g001_i002,runs_J_k16_plain\none_seed4\g001_i002\tripinfo.xml
1,3,9,793.2766666666666,-111681903#1;-5197062#3;-7365262;111677669#5;24337240#2;25970859#1;28468732#1;4970256#7;498033359#2,runs_J_k16_plain\none_seed4\g001_i003,runs_J_k16_plain\none_seed4\g001_i003\tripinfo.xml
1,4,10,1000000000000.0,-111681903#2;-311298658;-311298662#0;25970859#0;25970859#1;26216779#1;37628709#0;4970256#7;535519490#1;876343449#0,runs_J_k16_plain\none_seed4\g001_i004,runs_J_k16_plain\none_seed4\g001_i004\tripinfo.xml
1,5,8,1364.234,-111681903#3;-5197062#3;-7365262;-880137009#1;111677668#4;37628709#0;782714971#4;876343449#0,runs_J_k16_plain\none_seed4\g001_i005,runs_J_k16_plain\none_seed4\g001_i005\tripinfo.xml
1,6,6,793.2666666666667,-535519490#0;-782714971#0;120682114#1;24337240#0;24337240#5;311298662#0,runs_J_k16_plain\none_seed4\g001_i006,runs_J_k16_plain\none_seed4\g001_i006\tripinfo.xml
1,7,3,700.3353333333333,-782714966#1;-876343449#1;24337240#5,runs_J_k16_plain\none_seed4\g001_i007,runs_J_k16_plain\none_seed4\g001_i007\tripinfo.xml
1,8,4,644.456,-24337240#4;111677669#4;37628709#1;747448014,runs_J_k16_plain\none_seed4\g001_i008,runs_J_k16_plain\none_seed4\g001_i008\tripinfo.xml
1,9,5,628.9253333333334,111681903#2;311298682#0;4970256#5;876057378#1;876057378#5,runs_J_k16_plain\none_seed4\g001_i009,runs_J_k16_plain\none_seed4\g001_i009\tripinfo.xml
1,10,6,627.456,-782714971#2;-880140407;28468732#0;4935299#1;876057378#1;876057378#5,runs_J_k16_plain\none_seed4\g001_i010,runs_J_k16_plain\none_seed4\g001_i010\tripinfo.xml
1,11,5,450.58133333333336,-782714966#0;4935286#3;498033359#0;782714966#1;876343449#0,runs_J_k16_plain\none_seed4\g001_i011,runs_J_k16_plain\none_seed4\g001_i011\tripinfo.xml
1,12,6,643.66,-120682114#3;-24337240#0;-28298231;24337240#4;25970859#1;782710712,runs_J_k16_plain\none_seed4\g001_i012,runs_J_k16_plain\none_seed4\g001_i012\tripinfo.xml
1,13,8,411.7126666666667,-24337240#2;-24337240#6;-782714971#0;26216779#1;28468730#1;28468732#1;4935286#3;498033359#3,runs_J_k16_plain\none_seed4\g001_i013,runs_J_k16_plain\none_seed4\g001_i013\tripinfo.xml
1,14,7,631.7926666666667,-5197062#3;111677669#3;24337240#0;24337240#3;4935286#1;747448014;782714966#0,runs_J_k16_plain\none_seed4\g001_i014,runs_J_k16_plain\none_seed4\g001_i014\tripinfo.xml
1,15,9,442.702,-498033359#0;111677668#3;111677669#1;120682114#3;25970859#0;25970859#1;4970256#6;535519490#0;747448014,runs_J_k16_plain\none_seed4\g001_i015,runs_J_k16_plain\none_seed4\g001_i015\tripinfo.xml
1,16,4,630.8353333333333,-311298662#0;111677668#3;120682114#3;498033359#1,runs_J_k16_plain\none_seed4\g001_i016,runs_J_k16_plain\none_seed4\g001_i016\tripinfo.xml
1,17,9,616.188,-205590836#0;-24337240#2;-311298658;-498033359#3;111677669#4;111681903#1;120682114#3;782714966#1;782714971#1,runs_J_k16_plain\none_seed4\g001_i017,runs_J_k16_plain\none_seed4\g001_i017\tripinfo.xml
1,18,13,825.8766666666667,-120682114#1;-24337240#0;-24337240#1;-24337240#3;-24337240#6;111677668#4;111677669#3;111677669#5;26216781#0;4935286#0;4935299#1;535519490#0;782714971#2,runs_J_k16_plain\none_seed4\g001_i018,runs_J_k16_plain\none_seed4\g001_i018\tripinfo.xml
1,19,8,410.9046666666667,-311298682#0;-498033359#1;-502325084#3;-535519490#1;111677669#1;498033359#3;782714966#1;876343449#2,runs_J_k16_plain\none_seed4\g001_i019,runs_J_k16_plain\none_seed4\g001_i019\tripinfo.xml
1,20,10,2215.6226666666666,-120682114#2;-24337240#1;-498033359#3;-782714971#4;120682114#1;311298662#1;4970256#8;498033359#1;782714971#2;876057378#1,runs_J_k16_plain\none_seed4\g001_i020,runs_J_k16_plain\none_seed4\g001_i020\tripinfo.xml
1,21,9,622.9946666666667,-24337240#3;111677668#4;26216781#1;26216781#3;28468730#1;311298662#1;4970256#6;782714966#0;876057376,runs_J_k16_plain\none_seed4\g001_i021,runs_J_k16_plain\none_seed4\g001_i021\tripinfo.xml
1,22,5,644.456,111677669#1;111677669#3;111681903#2;24337240#0;25970859#0,runs_J_k16_plain\none_seed4\g001_i022,runs_J_k16_plain\none_seed4\g001_i022\tripinfo.xml
1,23,8,686.158,-782714971#2;-782714971#3;26216779#1;311298662#0;502325084#1;835445203;876343449#2;880137009#1,runs_J_k16_plain\none_seed4\g001_i023,runs_J_k16_plain\none_seed4\g001_i023\tripinfo.xml
2,0,8,410.9046666666667,-311298682#0;-498033359#1;-502325084#3;-535519490#1;111677669#1;498033359#3;782714966#1;876343449#2,runs_J_k16_plain\none_seed4\g002_i000,runs_J_k16_plain\none_seed4\g002_i000\tripinfo.xml
2,1,16,498.46666666666664,-120682114#3;-24337240#0;-28298231;-311298662#0;-311298682#0;-535519490#0;-876343449#1;-880137009#0;28468732#1;4935286#3;498033359#0;498033359#2;782710712;835443464;876057378#3;876343449#0,runs_J_k16_plain\none_seed4\g002_i001,runs_J_k16_plain\none_seed4\g002_i001\tripinfo.xml
2,2,16,1000000000000.0,-120682114#2;-24337240#3;-24337240#7;-311298658;-782714966#0;111677668#0;111681903#0;25970859#1;311298662#0;4935286#1;4935286#3;498033359#2;62826731;782710712;876057378#4;880137010,runs_J_k16_plain\none_seed4\g002_i002,runs_J_k16_plain\none_seed4\g002_i002\tripinfo.xml
2,3,1,644.456,876057378#5,runs_J_k16_plain\none_seed4\g002_i003,runs_J_k16_plain\none_seed4\g002_i003\tripinfo.xml
2,4,16,442.702,-25970859#0;-498033359#0;-498033359#3;-835443464;111677668#3;111677669#2;120682114#3;25970859#0;25970859#1;37628709#1;4935286#0;498033359#2;535519490#0;747448014;782714971#4;876057376,runs_J_k16_plain\none_seed4\g002_i004,runs_J_k16_plain\none_seed4\g002_i004\tripinfo.xml
2,5,16,649.536,-111681903#1;-120682114#3;-502325084#1;-5197062#3;-880137009#0;-880140407;111677668#3;111681903#2;111681905#1;24337240#7;25970859#1;26216781#3;28468730#1;4935286#1;747448014;876057378#4,runs_J_k16_plain\none_seed4\g002_i005,runs_J_k16_plain\none_seed4\g002_i005\tripinfo.xml
2,6,16,658.5366666666666,-24337240#1;-24337240#2;-311298658;-311298662#0;-782714971#1;-783907721#0;-880137009#0;111677668#0;111677669#4;120682114#3;24337240#5;311298658;782714966#1;782714971#1;876057378#1;880140407,runs_J_k16_plain\none_seed4\g002_i006,runs_J_k16_plain\none_seed4\g002_i006\tripinfo.xml
2,7,16,652.588,-24337240#2;-24337240#3;-311298682#0;-311298685;-502325084#3;111677668#3;24337240#5;26216781#1;311298662#1;4970256#5;498033359#1;498033359#3;747448014;782714966#1;783907721#0;835445203,runs_J_k16_plain\none_seed4\g002_i007,runs_J_k16_plain\none_seed4\g002_i007\tripinfo.xml
2,8,15,1000000000000.0,-28298231;-311298662#0;-498033359#1;-502325084#3;-5197062#3;-74277990;111677668#3;111677669#1;120682114#1;24337240#0;26216781#2;28468730#0;5197062#4;62826731;876343449#2,runs_J_k16_plain\none_seed4\g002_i008,runs_J_k16_plain\none_seed4\g002_i008\tripinfo.xml
2,9,14,876.6706666666666,-311298682#0;-311298685;-498033359#1;-782714966#1;111677669#3;111677669#5;111681903#2;498033359#3;5197062#4;58621262#1;782714971#3;876057376;876343449#1;876343449#2,runs_J_k16_plain\none_seed4\g002_i009,runs_J_k16_plain\none_seed4\g002_i009\tripinfo.xml
2,10,8,644.456,-111677668#3;-311298685;-498033359#0;111677668#3;25970859#0;26216781#1;28468732#1;4970256#6,runs_J_k16_plain\none_seed4\g002_i010,runs_J_k16_plain\none_seed4\g002_i010\tripinfo.xml
2,11,16,738.16,-111681903#1;-205590836#0;-24337240#0;-311298658;-498033359#3;-782714971#2;-876343449#0;111677668#0;111677671#0;24337240#4;25970859#0;25970859#1;4935286#1;782714971#1;782714971#4;835445203,runs_J_k16_plain\none_seed4\g002_i011,runs_J_k16_plain\none_seed4\g002_i011\tripinfo.xml
2,12,15,644.456,-111677668#0;-498033359#0;-498033359#3;111677668#3;111677669#1;111681903#1;120682114#2;24337240#1;28468732#0;311298658;37628709#1;4970256#6;5197062#3;5197062#4;535519490#0,runs_J_k16_plain\none_seed4\g002_i012,runs_J_k16_plain\none_seed4\g002_i012\tripinfo.xml
2,13,16,665.564,-120682114#1;-24337240#2;-24337240#6;-311298662#0;-782714971#1;111677668#4;111677669#4;24337240#4;24337240#7;26216779#1;28468730#0;311298658;311298662#0;498033359#1;498033359#3;880137009#0,runs_J_k16_plain\none_seed4\g002_i013,runs_J_k16_plain\none_seed4\g002_i013\tripinfo.xml
2,14,16,373.13666666666666,-24337240#2;-24337240#4;-311298662#1;-498033359#3;-782714971#0;-782714971#2;26216781#0;28468730#1;28468732#1;4935286#2;498033359#0;502325084#3;5197062#3;747448014;876057378#2;876343449#2,runs_J_k16_plain\none_seed4\g002_i014,runs_J_k16_plain\none_seed4\g002_i014\tripinfo.xml
2,15,16,711.2973333333333,-111681903#3;-24337240#6;-25970859#1;-535519490#1;111677669#1;111681905#2;26216779#1;28468730#1;311298682#0;4970256#6;4970256#8;498033359#3;782714966#1;876057378#3;876057378#4;876343449#0,runs_J_k16_plain\none_seed4\g002_i015,runs_J_k16_plain\none_seed4\g002_i015\tripinfo.xml
2,16,16,591.554,-311298682#0;-498033359#0;-502325084#1;-535519490#0;-782714971#2;111677669#1;111677671#0;111681905#1;131942152;28468730#1;4935286#3;498033359#3;782714966#0;782714971#0;835443464;876343449#2,runs_J_k16_plain\none_seed4\g002_i016,runs_J_k16_plain\none_seed4\g002_i016\tripinfo.xml
2,17,16,858.7353333333333,-205590836#0;-24337240#6;-311298658;-782714971#2;-880140407;111677668#4;131942152;24337240#2;25970859#1;26216779#1;26216781#2;28468732#0;782714966#1;783907721#2;876057378#5;876343449#1,runs_J_k16_plain\none_seed4\g002_i017,runs_J_k16_plain\none_seed4\g002_i017\tripinfo.xml
2,18,16,621.5833333333334,-24337240#2;-24337240#4;-28298231;-5197062#3;-782714971#2;-783907721#2;111677669#1;111677669#4;111681903#1;111681903#2;24337240#2;4935299#1;4970256#5;498033359#0;876057378#0;880137010,runs_J_k16_plain\none_seed4\g002_i018,runs_J_k16_plain\none_seed4\g002_i018\tripinfo.xml
2,19,16,976.1906666666666,-120682114#2;-311298662#1;-311298682#0;-782714966#1;-835445203;111677668#0;111677669#1;111677669#5;111681905#1;205590836#2;24337240#4;37628709#0;502325084#1;782714971#0;782714971#3;7924772,runs_J_k16_plain\none_seed4\g002_i019,runs_J_k16_plain\none_seed4\g002_i019\tripinfo.xml
2,20,16,623.6346666666667,-25970859#0;-311298682#0;-311298685;-498033359#1;-7365262;-782714971#2;-782714971#3;-880137009#0;111677669#1;111681903#2;24337240#0;24337240#2;25970859#0;28468730#0;502325084#3;880137009#1,runs_J_k16_plain\none_seed4\g002_i020,runs_J_k16_plain\none_seed4\g002_i020\tripinfo.xml
2,21,16,719.8973333333333,-5197062#3;-782714966#1;120682114#3;131942152;24337240#2;24337240#5;28468730#1;28468732#0;311298662#0;37628709#0;498033359#3;58621262#1;747448014;782714971#2;7924772;876057378#5,runs_J_k16_plain\none_seed4\g002_i021,runs_J_k16_plain\none_seed4\g002_i021\tripinfo.xml
2,22,16,1000000000000.0,-24337240#6;-311298665;-782714971#0;-880140407;111677669#0;111677669#3;111681903#2;111681905#1;24337240#3;311298662#1;311298682#0;311298685;4935286#3;783907721#2;876057378#1;880137009#0,runs_J_k16_plain\none_seed4\g002_i022,runs_J_k16_plain\none_seed4\g002_i022\tripinfo.xml
2,23,16,427.03866666666664,-120682114#1;-120682114#3;-24337240#0;-498033359#1;-498033359#3;-782714966#0;-783907721#0;111681903#2;26216781#3;4935286#2;4935299#1;498033359#1;7924772;876057378#1;876057378#5;876343449#2,runs_J_k16_plain\none_seed4\g002_i023,runs_J_k16_plain\none_seed4\g002_i023\tripinfo.xml
3,0,16,373.13666666666666,-24337240#2;-24337240#4;-311298662#1;-498033359#3;-782714971#0;-782714971#2;26216781#0;28468730#1;28468732#1;4935286#2;498033359#0;502325084#3;5197062#3;747448014;876057378#2;876343449#2,runs_J_k16_plain\none_seed4\g003_i000,runs_J_k16_plain\none_seed4\g003_i000\tripinfo.xml
3,1,16,873.3113333333333,-24337240#2;-24337240#4;-25970859#0;-28298231;-535519490#0;-7365262;-782714971#2;111677669#1;4935286#1;4935286#3;498033359#0;835443464;876057378#3;876343449#0;880137009#1;880137010,runs_J_k16_plain\none_seed4\g003_i001,runs_J_k16_plain\none_seed4\g003_i001\tripinfo.xml
3,2,16,612.6646666666667,-24337240#0;-24337240#4;-311298662#0;-782714971#2;-783907721#2;-876343449#1;-880137009#0;-880137009#1;111681903#2;28468732#1;37628709#1;498033359#2;535519490#1;782710712;782714971#2;835443464,runs_J_k16_plain\none_seed4\g003_i002,runs_J_k16_plain\none_seed4\g003_i002\tripinfo.xml
3,3,16,568.8393333333333,-111681903#1;-205590836#0;-24337240#3;-24337240#4;-311298658;-311298662#1;-498033359#1;-498033359#3;-535519490#1;-880137009#0;-880137009#1;111677669#1;25970859#1;28468732#0;783907721#1;876343449#2,runs_J_k16_plain\none_seed4\g003_i003,runs_J_k16_plain\none_seed4\g003_i003\tripinfo.xml
3,4,16,650.4186666666667,-111677668#4;-120682114#2;-24337240#2;-7365262;-835445203;-876343449#2;111681903#0;111681905#1;28468730#1;28468732#1;4935286#1;4970256#6;502325084#3;535519490#0;62826731;747448014,runs_J_k16_plain\none_seed4\g003_i004,runs_J_k16_plain\none_seed4\g003_i004\tripinfo.xml
3,5,12,719.5606666666666,-111677668#3;-111681903#0;-28468730#0;111677668#0;111677669#4;111681905#1;26216779#0;28468730#1;4970256#8;782714971#0;835443464;876057378#4,runs_J_k16_plain\none_seed4\g003_i005,runs_J_k16_plain\none_seed4\g003_i005\tripinfo.xml
3,6,10,451.72933333333333,-111681903#1;-24337240#1;-4950193;-876343449#2;111677669#3;120682114#1;131942152;782714966#0;782714971#0;880140407,runs_J_k16_plain\none_seed4\g003_i006,runs_J_k16_plain\none_seed4\g003_i006\tripinfo.xml
3,7,16,432.81933333333336,-205590836#0;-24337240#1;-498033359#3;-782714971#0;-782714971#1;-835445203;111677669#1;111677669#3;28468730#1;28468732#1;4935286#2;498033359#3;783907721#0;835445203;876057378#3;876343449#2,runs_J_k16_plain\none_seed4\g003_i007,runs_J_k16_plain\none_seed4\g003_i007\tripinfo.xml
3,8,16,1000000000000.0,-24337240#4;-311298662#1;-498033359#1;-782714971#2;111681905#1;28468732#0;4935286#0;498033359#0;498033359#3;5197062#3;62826731;782714966#1;782714971#2;783907721#2;876057378#2;876343449#2,runs_J_k16_plain\none_seed4\g003_i008,runs_J_k16_plain\none_seed4\g003_i008\tripinfo.xml
3,9,16,680.2386666666666,-111677668#0;-111681903#1;-24337240#1;-25970859#1;-498033359#0;-502325084#1;-880140407;111677668#3;24337240#7;25970859#0;25970859#1;26216779#0;58621262#1;7924772;876057378#4;876343449#2,runs_J_k16_plain\none_seed4\g003_i009,runs_J_k16_plain\none_seed4\g003_i009\tripinfo.xml
3,10,16,589.5793333333334,-120682114#3;-28298231;-311298662#0;-498033359#0;-5197062#3;-782714966#1;-880137009#0;111677668#3;111677668#4;111677669#4;111681903#2;28468730#1;4935286#0;4935286#3;835445203;876343449#0,runs_J_k16_plain\none_seed4\g003_i010,runs_J_k16_plain\none_seed4\g003_i010\tripinfo.xml
3,11,16,647.0213333333334,-111681903#0;-28298231;-782714971#4;-880137009#0;-880140407;111677668#3;111681905#1;24337240#1;24337240#2;24337240#7;4935286#1;4970256#5;58621262#1;747448014;782714966#1;876057378#3,runs_J_k16_plain\none_seed4\g003_i011,runs_J_k16_plain\none_seed4\g003_i011\tripinfo.xml
3,12,16,511.592,-111681903#1;-120682114#3;-24337240#2;-28468730#0;-502325084#3;111677668#3;111677669#4;111681903#2;111681905#2;131942152;24337240#5;26216781#1;4935286#2;4970256#7;783907721#0;880140407,runs_J_k16_plain\none_seed4\g003_i012,runs_J_k16_plain\none_seed4\g003_i012\tripinfo.xml
3,13,16,861.9273333333333,-24337240#0;-24337240#1;-24337240#6;-25970859#1;-28298231;-311298662#1;-311298685;-782714971#3;-783907721#2;111677669#0;24337240#5;311298682#0;4935286#3;498033359#2;5197062#3;876057378#1,runs_J_k16_plain\none_seed4\g003_i013,runs_J_k16_plain\none_seed4\g003_i013\tripinfo.xml
3,14,16,627.536,-24337240#0;-311298662#0;-311298682#0;-498033359#3;-502325084#1;-502325084#3;-535519490#0;-535519490#1;-880137009#0;111677669#3;24337240#2;26216779#1;26216781#1;28468732#1;62826731;876057378#4,runs_J_k16_plain\none_seed4\g003_i014,runs_J_k16_plain\none_seed4\g003_i014\tripinfo.xml
3,15,16,677.0333333333333,-311298685;-535519490#1;-782714971#3;-783907721#0;111681903#0;111681903#1;111681903#3;120682114#3;4935299#1;4970256#5;498033359#3;502325084#0;535519490#0;782714966#0;782714966#1;876343449#0,runs_J_k16_plain\none_seed4\g003_i015,runs_J_k16_plain\none_seed4\g003_i015\tripinfo.xml
3,16,9,699.892,-111681903#3;-311298682#0;-502325084#3;26216781#3;498033359#1;498033359#3;535519490#1;7924772;876343449#2,runs_J_k16_plain\none_seed4\g003_i016,runs_J_k16_plain\none_seed4\g003_i016\tripinfo.xml
3,17,16,644.456,-111677668#0;-111681903#2;-24337240#2;111677668#0;111677669#1;111677669#2;24337240#5;311298682#0;311298685;4970256#8;498033359#0;502325084#3;876343449#2;880137009#0;880137009#1;880137010,runs_J_k16_plain\none_seed4\g003_i017,runs_J_k16_plain\none_seed4\g003_i017\tripinfo.xml
3,18,16,700.8746666666667,-111681903#1;-24337240#4;-28298231;-311298662#1;-498033359#3;-782714971#2;111677669#4;111681905#2;24337240#2;26216781#1;4970256#5;498033359#0;782714966#0;835443464;876057378#2;880137009#0,runs_J_k16_plain\none_seed4\g003_i018,runs_J_k16_plain\none_seed4\g003_i018\tripinfo.xml
3,19,13,1000000000000.0,-24337240#0;-28468730#0;-311298662#1;-311298665;-782714971#1;-835445203;205590836#2;26216779#1;26216781#0;4935286#1;502325084#3;783907721#1;876057378#0,runs_J_k16_plain\none_seed4\g003_i019,runs_J_k16_plain\none_seed4\g003_i019\tripinfo.xml
3,20,16,673.3806666666667,-111681903#1;-24337240#0;-24337240#2;-28298231;-311298682#0;-876343449#1;-880137009#0;111681905#1;24337240#7;498033359#0;498033359#2;876057378#1;876057378#2;876057378#3;876343449#2;880137009#1,runs_J_k16_plain\none_seed4\g003_i020,runs_J_k16_plain\none_seed4\g003_i020\tripinfo.xml
3,21,16,773.2213333333333,-24337240#2;-28468730#0;-311298658;-498033359#1;-502325084#3;-535519490#0;-535519490#1;111681903#2;24337240#7;5197062#3;535519490#0;62826731;782714966#1;782714971#0;876057378#3;876343449#2,runs_J_k16_plain\none_seed4\g003_i021,runs_J_k16_plain\none_seed4\g003_i021\tripinfo.xml
3,22,16,666.4506666666666,-24337240#1;-311298658;-311298682#0;-783907721#0;-783907721#2;-876343449#1;-880137009#0;111677668#0;120682114#2;24337240#5;26216781#3;311298658;5197062#3;782714966#1;835443464;876343449#1,runs_J_k16_plain\none_seed4\g003_i022,runs_J_k16_plain\none_seed4\g003_i022\tripinfo.xml
3,23,16,636.0293333333333,-111677671#0;-25970859#0;-28298231;-311298682#0;-502325084#3;-783907721#1;24337240#2;26216779#0;26216781#1;4970256#5;4970256#6;498033359#0;498033359#2;502325084#0;876057378#0;876343449#0,runs_J_k16_plain\none_seed4\g003_i023,runs_J_k16_plain\none_seed4\g003_i023\tripinfo.xml
4,0,16,373.13666666666666,-24337240#2;-24337240#4;-311298662#1;-498033359#3;-782714971#0;-782714971#2;26216781#0;28468730#1;28468732#1;4935286#2;498033359#0;502325084#3;5197062#3;747448014;876057378#2;876343449#2,runs_J_k16_plain\none_seed4\g004_i000,runs_J_k16_plain\none_seed4\g004_i000\tripinfo.xml
4,1,16,2362.572,-111677668#3;-24337240#2;-24337240#4;-4950193;-498033359#1;-782714966#1;-782714971#0;-782714971#2;-876343449#1;26216779#0;28468730#1;311298662#1;4970256#5;498033359#0;5197062#3;62826731,runs_J_k16_plain\none_seed4\g004_i001,runs_J_k16_plain\none_seed4\g004_i001\tripinfo.xml
4,2,16,1456.7746666666667,-24337240#4;-24337240#7;-311298662#0;-782714971#2;-880137009#1;111677668#0;111677669#0;26216781#0;498033359#1;502325084#3;5197062#3;535519490#1;58621262#0;747448014;782714971#2;835443464,runs_J_k16_plain\none_seed4\g004_i002,runs_J_k16_plain\none_seed4\g004_i002\tripinfo.xml
4,3,16,587.3513333333333,-111677668#0;-120682114#2;-24337240#3;-311298662#1;-74277990;-880137009#0;-880137009#1;111677669#1;111681903#3;24337240#0;28468732#0;37628709#1;4935286#0;62826731;783907721#0;783907721#2,runs_J_k16_plain\none_seed4\g004_i003,runs_J_k16_plain\none_seed4\g004_i003\tripinfo.xml
4,4,16,644.1966666666667,-311298685;-535519490#1;111681903#0;111681903#1;111681903#3;131942152;205590836#2;25970859#1;4970256#5;502325084#0;58621262#0;747448014;782714966#0;782714966#1;783907721#2;876343449#0,runs_J_k16_plain\none_seed4\g004_i004,runs_J_k16_plain\none_seed4\g004_i004\tripinfo.xml
4,5,16,624.4733333333334,-120682114#3;-498033359#0;-498033359#3;-502325084#3;-782714971#0;-835445203;24337240#7;28468730#1;311298682#0;4970256#8;502325084#3;5197062#3;747448014;782714971#2;783907721#2;876343449#2,runs_J_k16_plain\none_seed4\g004_i005,runs_J_k16_plain\none_seed4\g004_i005\tripinfo.xml
4,6,16,649.7213333333333,-24337240#7;-311298662#0;-311298662#1;-782714971#0;-835445203;111677669#3;111681903#2;24337240#5;26216779#1;26216781#2;4970256#6;782714966#1;835445203;876057376;876057378#3;876343449#2,runs_J_k16_plain\none_seed4\g004_i006,runs_J_k16_plain\none_seed4\g004_i006\tripinfo.xml
4,7,16,636.8233333333334,-120682114#3;-24337240#2;-24337240#4;-24337240#7;-498033359#0;-498033359#3;-7365262;-782714966#1;111677668#4;28468730#1;311298662#0;37628709#1;4970256#7;5197062#3;782710712;835445203,runs_J_k16_plain\none_seed4\g004_i007,runs_J_k16_plain\none_seed4\g004_i007\tripinfo.xml
4,8,16,613.1473333333333,-111677668#3;-311298662#0;-311298685;-4950193;-502325084#1;-5197062#3;-7365262;-782714971#0;-835445203;-880137009#0;111677669#3;28468730#1;498033359#1;502325084#1;747448014;876343449#2,runs_J_k16_plain\none_seed4\g004_i008,runs_J_k16_plain\none_seed4\g004_i008\tripinfo.xml
4,9,4,394.77933333333334,-835445203;111677671#0;4935286#2;498033359#3,runs_J_k16_plain\none_seed4\g004_i009,runs_J_k16_plain\none_seed4\g004_i009\tripinfo.xml
4,10,16,468.90066666666667,-111677668#0;-111681903#1;-111681903#2;-120682114#1;-120682114#2;-311298658;-782714971#0;111677668#4;111677669#1;111677669#3;37628709#1;4935286#0;4935286#2;4970256#8;783907721#0;835445203,runs_J_k16_plain\none_seed4\g004_i010,runs_J_k16_plain\none_seed4\g004_i010\tripinfo.xml
4,11,16,1000000000000.0,-111677668#4;-311298665;-782714971#1;-835445203;-876343449#1;-876343449#2;24337240#3;26216781#3;28468730#1;311298662#0;4935286#1;4935299#1;4970256#6;4970256#7;535519490#0;782714971#2,runs_J_k16_plain\none_seed4\g004_i011,runs_J_k16_plain\none_seed4\g004_i011\tripinfo.xml
4,12,16,746.9106666666667,-111677671#0;-111681903#1;-205590836#0;-24337240#4;-782714971#4;111677668#3;111681903#2;111681905#2;131942152;24337240#5;25970859#1;4970256#7;782714971#4;783907721#2;876057378#4;876057378#5,runs_J_k16_plain\none_seed4\g004_i012,runs_J_k16_plain\none_seed4\g004_i012\tripinfo.xml
4,13,16,686.134,-111677668#4;-111681903#2;-205590836#0;-24337240#4;-311298662#1;-498033359#1;-782714971#0;-782714971#1;111677668#4;24337240#1;26216781#3;28468730#1;28468732#1;498033359#0;498033359#3;535519490#0,runs_J_k16_plain\none_seed4\g004_i013,runs_J_k16_plain\none_seed4\g004_i013\tripinfo.xml
4,14,16,651.9146666666667,-24337240#2;-28468730#0;-782714971#1;-782714971#2;-880137009#0;111677668#0;111677669#0;111681903#2;37628709#0;4935286#0;4935286#2;502325084#3;783907721#0;876057378#0;876057378#2;876057378#3,runs_J_k16_plain\none_seed4\g004_i014,runs_J_k16_plain\none_seed4\g004_i014\tripinfo.xml
4,15,16,591.7133333333334,-311298662#0;-498033359#3;-502325084#1;-5197062#3;-782714966#1;-876343449#2;-880137009#0;111677668#3;111677668#4;28468732#0;311298658;311298665;4935286#0;4970256#6;782714971#3;782714971#4,runs_J_k16_plain\none_seed4\g004_i015,runs_J_k16_plain\none_seed4\g004_i015\tripinfo.xml
4,16,16,518.9653333333333,-205590836#0;-25970859#1;-311298685;-498033359#2;-498033359#3;-782714971#0;111677671#0;131942152;28468730#1;311298685;4935286#2;4970256#8;782714966#1;835445203;876343449#1;880140407,runs_J_k16_plain\none_seed4\g004_i016,runs_J_k16_plain\none_seed4\g004_i016\tripinfo.xml
4,17,16,782.2206666666667,-120682114#1;-24337240#4;-311298662#1;-498033359#2;-782714971#0;-782714971#4;111677669#0;111677669#5;111681905#2;28468732#1;311298658;37628709#1;4935286#2;498033359#0;502325084#3;876343449#2,runs_J_k16_plain\none_seed4\g004_i017,runs_J_k16_plain\none_seed4\g004_i017\tripinfo.xml
4,18,16,504.776,-24337240#7;-502325084#0;-782714971#0;-835445203;111677668#3;111677669#1;111677669#3;111677669#4;24337240#2;24337240#3;4935286#2;535519490#0;62826731;783907721#0;876057378#3;880137009#1,runs_J_k16_plain\none_seed4\g004_i018,runs_J_k16_plain\none_seed4\g004_i018\tripinfo.xml
4,19,16,622.9486666666667,-111677671#0;-111681903#1;-25970859#1;-28468730#0;-502325084#3;-535519490#1;-782714971#3;111677669#4;111681905#1;111681905#2;131942152;24337240#1;26216781#1;28468732#0;876057378#4;876343449#1,runs_J_k16_plain\none_seed4\g004_i019,runs_J_k16_plain\none_seed4\g004_i019\tripinfo.xml
4,20,14,431.506,-120682114#3;-24337240#2;-24337240#3;-28468730#0;-311298662#0;-502325084#3;-835443464;111681903#2;24337240#3;26216781#2;311298685;783907721#0;835443464;880140407,runs_J_k16_plain\none_seed4\g004_i020,runs_J_k16_plain\none_seed4\g004_i020\tripinfo.xml
4,21,16,1441.0246666666667,-205590836#0;-24337240#1;-24337240#6;-311298682#0;-783907721#2;-876343449#1;-880137009#0;120682114#2;24337240#1;24337240#5;311298662#1;4970256#5;4970256#8;498033359#3;783907721#0;876343449#1,runs_J_k16_plain\none_seed4\g004_i021,runs_J_k16_plain\none_seed4\g004_i021\tripinfo.xml
4,22,14,909.1393333333333,-28298231;-7365262;-782714971#1;111677669#3;26216779#1;28468730#1;311298658;311298682#0;5197062#3;782714971#1;782714971#3;876057378#2;876057378#5;876343449#2,runs_J_k16_plain\none_seed4\g004_i022,runs_J_k16_plain\none_seed4\g004_i022\tripinfo.xml
4,23,16,376.85066666666665,-24337240#4;-311298662#0;-311298662#1;-498033359#1;-498033359#3;-5197062#3;-880140407;131942152;26216781#0;28468730#1;4935286#2;498033359#0;502325084#3;5197062#3;876057378#1;876343449#2,runs_J_k16_plain\none_seed4\g004_i023,runs_J_k16_plain\none_seed4\g004_i023\tripinfo.xml
5,0,16,373.13666666666666,-24337240#2;-24337240#4;-311298662#1;-498033359#3;-782714971#0;-782714971#2;26216781#0;28468730#1;28468732#1;4935286#2;498033359#0;502325084#3;5197062#3;747448014;876057378#2;876343449#2,runs_J_k16_plain\none_seed4\g005_i000,runs_J_k16_plain\none_seed4\g005_i000\tripinfo.xml
5,1,16,623.608,-498033359#3;-782714971#4;-783907721#0;111677668#4;111677669#4;111677669#5;24337240#0;24337240#1;26216781#0;26216781#1;28468732#0;4970256#5;502325084#0;5197062#3;58621262#1;876343449#2,runs_J_k16_plain\none_seed4\g005_i001,runs_J_k16_plain\none_seed4\g005_i001\tripinfo.xml
5,2,16,444.7613333333333,-111677671#0;-205590836#0;-311298662#0;-498033359#1;-498033359#2;-535519490#0;-535519490#1;-782714971#0;-782714971#3;-876343449#0;111681905#1;24337240#1;28468730#1;311298662#1;876057378#1;876057378#4,runs_J_k16_plain\none_seed4\g005_i002,runs_J_k16_plain\none_seed4\g005_i002\tripinfo.xml
5,3,16,1000000000000.0,-311298662#0;-311298662#1;-498033359#1;-5197062#3;-783907721#0;111681903#0;131942152;24337240#3;26216781#0;4970256#5;498033359#0;502325084#3;782714966#0;782714971#2;876057378#1;880137010,runs_J_k16_plain\none_seed4\g005_i003,runs_J_k16_plain\none_seed4\g005_i003\tripinfo.xml
5,4,16,679.1526666666666,-24337240#2;-24337240#4;-498033359#1;-498033359#3;-502325084#1;131942152;25970859#0;26216781#0;28468730#1;4935286#2;498033359#3;502325084#3;782714971#3;783907721#2;876057378#1;876343449#2,runs_J_k16_plain\none_seed4\g005_i004,runs_J_k16_plain\none_seed4\g005_i004\tripinfo.xml
5,5,5,692.2153333333333,-111677671#0;-311298685;-498033359#3;111677671#0;28468732#1,runs_J_k16_plain\none_seed4\g005_i005,runs_J_k16_plain\none_seed4\g005_i005\tripinfo.xml
5,6,16,633.7713333333334,-111677668#0;-498033359#0;-502325084#3;-5197062#4;-782714966#0;111677669#5;24337240#7;26216781#2;28468730#1;311298682#0;502325084#3;5197062#3;747448014;782714971#0;782714971#2;876057378#5,runs_J_k16_plain\none_seed4\g005_i006,runs_J_k16_plain\none_seed4\g005_i006\tripinfo.xml
5,7,16,860.826,-111677671#0;-24337240#6;-535519490#1;-783907721#1;111677668#0;111677669#1;111677669#3;24337240#4;25970859#1;26216781#1;28468732#0;498033359#1;498033359#2;783907721#1;876057376;880137009#1,runs_J_k16_plain\none_seed4\g005_i007,runs_J_k16_plain\none_seed4\g005_i007\tripinfo.xml
5,8,16,677.418,-120682114#3;-502325084#3;111677668#0;111677668#4;111681903#0;24337240#0;24337240#1;28468732#0;37628709#1;4935286#0;502325084#1;782714971#4;783907721#0;835445203;876057378#4;876343449#2,runs_J_k16_plain\none_seed4\g005_i008,runs_J_k16_plain\none_seed4\g005_i008\tripinfo.xml
5,9,7,569.1586666666667,-502325084#0;111677668#3;120682114#3;28468730#1;835445203;876057378#3;880140407,runs_J_k16_plain\none_seed4\g005_i009,runs_J_k16_plain\none_seed4\g005_i009\tripinfo.xml
5,10,16,741.3386666666667,-28468730#0;-311298658;-311298662#1;-498033359#2;-5197062#3;-782714966#0;-835445203;111677669#3;111677671#0;111681903#1;26216779#0;311298685;4970256#8;62826731;782714971#4;783907721#0,runs_J_k16_plain\none_seed4\g005_i010,runs_J_k16_plain\none_seed4\g005_i010\tripinfo.xml
5,11,16,639.4773333333334,-111677668#0;-111681903#1;-120682114#2;-24337240#0;-311298658;111677668#4;111677669#2;37628709#1;4935286#0;4970256#8;498033359#3;502325084#3;5197062#4;876057378#2;876057378#3;876343449#1,runs_J_k16_plain\none_seed4\g005_i011,runs_J_k16_plain\none_seed4\g005_i011\tripinfo.xml
5,12,16,487.11466666666666,-120682114#1;-120682114#2;-311298658;-311298682#0;-782714971#0;111677668#4;111677669#1;111677669#3;4935286#0;4935286#2;535519490#0;782714971#0;782714971#3;783907721#0;835445203;876343449#2,runs_J_k16_plain\none_seed4\g005_i012,runs_J_k16_plain\none_seed4\g005_i012\tripinfo.xml
5,13,16,699.822,-24337240#2;-311298662#0;-311298662#1;-311298682#0;-498033359#3;-5197062#3;-783907721#1;-876343449#2;28468732#0;311298662#0;4970256#7;535519490#0;782714971#1;782714971#3;782714971#4;876343449#0,runs_J_k16_plain\none_seed4\g005_i013,runs_J_k16_plain\none_seed4\g005_i013\tripinfo.xml
5,14,5,614.21,-120682114#3;-28298231;-498033359#1;26216781#0;311298685,runs_J_k16_plain\none_seed4\g005_i014,runs_J_k16_plain\none_seed4\g005_i014\tripinfo.xml
5,15,16,415.44533333333334,-111677668#0;-24337240#3;-782714971#0;-783907721#2;111677669#1;111677669#3;111681903#1;24337240#5;26216779#1;37628709#1;4935286#2;498033359#3;502325084#0;535519490#0;783907721#0;835445203,runs_J_k16_plain\none_seed4\g005_i015,runs_J_k16_plain\none_seed4\g005_i015\tripinfo.xml
5,16,16,596.9213333333333,-111681903#1;-120682114#2;-311298658;-502325084#0;-502325084#3;-880137009#1;24337240#1;37628709#1;4935286#0;4935286#2;4970256#8;5197062#3;783907721#0;7924772;876057378#0;880140407,runs_J_k16_plain\none_seed4\g005_i016,runs_J_k16_plain\none_seed4\g005_i016\tripinfo.xml
5,17,12,651.8026666666667,-111677668#0;-111681903#1;-120682114#1;-782714971#4;111677669#3;24337240#1;37628709#1;4935299#1;4970256#7;783907721#0;876343449#1;880137010,runs_J_k16_plain\none_seed4\g005_i017,runs_J_k16_plain\none_seed4\g005_i017\tripinfo.xml
5,18,16,1231.152,-111677671#0;-5197062#3;-782714971#0;-782714971#2;111677668#0;111677669#2;111681903#3;111681905#2;131942152;28468732#0;28468732#1;4935286#0;4935286#2;498033359#0;876343449#1;880140407,runs_J_k16_plain\none_seed4\g005_i018,runs_J_k16_plain\none_seed4\g005_i018\tripinfo.xml
5,19,16,506.56666666666666,-120682114#1;-74277990;-835445203;111677668#0;111681905#1;26216779#1;37628709#1;4935286#2;4970256#8;502325084#3;747448014;782714971#0;782714971#2;782714971#3;876057378#2;876343449#1,runs_J_k16_plain\none_seed4\g005_i019,runs_J_k16_plain\none_seed4\g005_i019\tripinfo.xml
5,20,9,644.456,-24337240#2;111677669#1;28468732#1;5197062#3;5197062#4;782714971#4;783907721#0;783907721#1;835443464,runs_J_k16_plain\none_seed4\g005_i020,runs_J_k16_plain\none_seed4\g005_i020\tripinfo.xml
5,21,16,591.7133333333334,-111677668#3;-311298662#0;-311298685;-4950193;-502325084#1;-7365262;-783907721#0;111677669#3;26216781#2;28468732#1;311298685;4935286#0;498033359#3;58621262#1;747448014;876057378#4,runs_J_k16_plain\none_seed4\g005_i021,runs_J_k16_plain\none_seed4\g005_i021\tripinfo.xml
5,22,9,509.952,-111677668#0;-311298662#0;-5197062#3;-782714966#1;-835443464;111681903#2;131942152;24337240#4;502325084#1,runs_J_k16_plain\none_seed4\g005_i022,runs_J_k16_plain\none_seed4\g005_i022\tripinfo.xml
5,23,9,465.3786666666667,-311298662#1;-311298682#0;-7365262;-782714971#0;-835443464;311298685;498033359#0;876057378#4;880140407,runs_J_k16_plain\none_seed4\g005_i023,runs_J_k16_plain\none_seed4\g005_i023\tripinfo.xml
6,0,16,373.13666666666666,-24337240#2;-24337240#4;-311298662#1;-498033359#3;-782714971#0;-782714971#2;26216781#0;28468730#1;28468732#1;4935286#2;498033359#0;502325084#3;5197062#3;747448014;876057378#2;876343449#2,runs_J_k16_plain\none_seed4\g006_i000,runs_J_k16_plain\none_seed4\g006_i000\tripinfo.xml
6,1,3,644.456,111677668#3;111677669#1;876057378#5,runs_J_k16_plain\none_seed4\g006_i001,runs_J_k16_plain\none_seed4\g006_i001\tripinfo.xml
6,2,16,564.6746666666667,-502325084#0;-502325084#1;-782714971#4;-880137009#0;111677668#3;111681903#0;111681903#3;24337240#0;26216779#1;26216781#0;28468730#1;311298662#0;535519490#1;782714971#3;876057378#3;880140407,runs_J_k16_plain\none_seed4\g006_i002,runs_J_k16_plain\none_seed4\g006_i002\tripinfo.xml
6,3,16,611.5953333333333,-111677668#4;-28468730#0;-311298685;-498033359#0;-782714971#0;-835443464;111677669#1;111677669#2;111681903#0;24337240#1;24337240#5;4935286#2;498033359#2;535519490#0;783907721#0;835445203,runs_J_k16_plain\none_seed4\g006_i003,runs_J_k16_plain\none_seed4\g006_i003\tripinfo.xml
6,4,16,688.138,-24337240#6;-311298662#0;-311298682#0;-5197062#3;-7365262;-876343449#1;111677669#2;111681903#0;111681903#1;205590836#2;26216779#1;4970256#5;498033359#3;502325084#0;58621262#0;876057378#1,runs_J_k16_plain\none_seed4\g006_i004,runs_J_k16_plain\none_seed4\g006_i004\tripinfo.xml
6,5,16,393.02733333333333,-111681903#1;-311298658;-498033359#0;-498033359#1;-502325084#0;-502325084#3;24337240#2;26216779#0;26216781#1;28468732#1;4935286#2;5197062#3;62826731;782714971#1;7924772;876057378#0,runs_J_k16_plain\none_seed4\g006_i005,runs_J_k16_plain\none_seed4\g006_i005\tripinfo.xml
6,6,16,807.2226666666667,-120682114#2;-205590836#0;-24337240#1;-535519490#0;-535519490#1;-782714971#0;111677669#2;111681903#3;311298665;311298682#0;37628709#1;502325084#1;747448014;782714966#1;876057378#4;876343449#1,runs_J_k16_plain\none_seed4\g006_i006,runs_J_k16_plain\none_seed4\g006_i006\tripinfo.xml
6,7,16,644.456,-111681903#1;-28468730#0;-783907721#2;-835445203;111677668#0;26216781#2;28468730#1;311298658;37628709#1;4935286#0;4935299#1;5197062#4;62826731;876057378#2;876343449#1;880137009#0,runs_J_k16_plain\none_seed4\g006_i007,runs_J_k16_plain\none_seed4\g006_i007\tripinfo.xml
6,8,16,644.456,-120682114#1;-120682114#2;-311298658;111677668#4;24337240#0;311298658;37628709#1;4970256#8;498033359#1;502325084#3;535519490#1;58621262#0;783907721#2;876057378#2;876057378#4;876343449#1,runs_J_k16_plain\none_seed4\g006_i008,runs_J_k16_plain\none_seed4\g006_i008\tripinfo.xml
6,9,16,821.288,-111681903#1;-205590836#0;-24337240#0;-311298662#0;-498033359#2;-502325084#0;-535519490#1;-782714971#0;24337240#3;26216781#0;28468730#1;311298662#1;311298665;498033359#3;876057378#2;876057378#4,runs_J_k16_plain\none_seed4\g006_i009,runs_J_k16_plain\none_seed4\g006_i009\tripinfo.xml
6,10,16,644.9866666666667,-311298658;-498033359#1;-498033359#3;-7365262;-782714971#1;-782714971#2;-782714971#3;26216781#0;28468730#1;311298662#0;311298665;4970256#6;5197062#4;747448014;876057378#1;880140407,runs_J_k16_plain\none_seed4\g006_i010,runs_J_k16_plain\none_seed4\g006_i010\tripinfo.xml
6,11,16,555.15,-120682114#3;-24337240#2;-24337240#7;-311298662#1;-311298685;-782714971#2;111677669#2;111681905#1;24337240#1;28468730#1;37628709#0;4935286#2;4935286#3;782714971#4;876057378#4;880140407,runs_J_k16_plain\none_seed4\g006_i011,runs_J_k16_plain\none_seed4\g006_i011\tripinfo.xml
6,12,9,471.25,-311298682#0;-7365262;-782714971#0;-880137009#0;111677669#5;111681903#0;26216781#0;311298665;876057378#1,runs_J_k16_plain\none_seed4\g006_i012,runs_J_k16_plain\none_seed4\g006_i012\tripinfo.xml
6,13,16,624.816,-205590836#0;-24337240#6;-4950193;-498033359#3;-782714971#0;111677669#1;111677669#3;111681903#2;111681905#1;26216781#0;28468730#0;28468732#1;4935286#0;747448014;782714971#3;783907721#1,runs_J_k16_plain\none_seed4\g006_i013,runs_J_k16_plain\none_seed4\g006_i013\tripinfo.xml
6,14,5,670.1993333333334,-111681903#1;-120682114#1;-24337240#3;783907721#0;7924772,runs_J_k16_plain\none_seed4\g006_i014,runs_J_k16_plain\none_seed4\g006_i014\tripinfo.xml
6,15,8,427.7973333333333,-111677668#4;-782714971#1;-782714971#3;-835443464;37628709#1;4935286#3;5197062#4;782714971#3,runs_J_k16_plain\none_seed4\g006_i015,runs_J_k16_plain\none_seed4\g006_i015\tripinfo.xml
6,16,16,514.7173333333334,-111681903#0;-24337240#2;-24337240#6;-311298662#1;-498033359#2;-7365262;-782714966#0;-782714971#0;25970859#0;502325084#3;747448014;876057376;876057378#4;876343449#1;876343449#2;880140407,runs_J_k16_plain\none_seed4\g006_i016,runs_J_k16_plain\none_seed4\g006_i016\tripinfo.xml
6,17,12,620.348,-111681903#1;-24337240#6;-25970859#0;-25970859#1;-4950193;4935286#2;747448014;782714971#3;835445203;876057378#2;876057378#3;880140407,runs_J_k16_plain\none_seed4\g006_i017,runs_J_k16_plain\none_seed4\g006_i017\tripinfo.xml
6,18,16,576.52,-120682114#2;-535519490#0;111681905#1;120682114#3;24337240#5;28468730#1;311298662#0;311298662#1;37628709#1;4935286#2;4935286#3;502325084#3;535519490#0;782714971#0;876057378#0;876057378#3,runs_J_k16_plain\none_seed4\g006_i018,runs_J_k16_plain\none_seed4\g006_i018\tripinfo.xml
6,19,16,552.5853333333333,-111677668#0;-120682114#1;-498033359#0;-498033359#1;-502325084#3;-535519490#0;-782714971#3;-835443464;-876343449#0;111677668#4;111681905#1;25970859#0;4935286#0;4935286#2;4970256#7;535519490#0,runs_J_k16_plain\none_seed4\g006_i019,runs_J_k16_plain\none_seed4\g006_i019\tripinfo.xml
6,20,16,521.896,-24337240#0;-25970859#0;-311298682#0;-498033359#1;-498033359#2;111677669#1;111677669#3;25970859#1;28468730#1;311298662#1;4935286#1;4935286#3;4970256#7;498033359#2;782714971#0;835443464,runs_J_k16_plain\none_seed4\g006_i020,runs_J_k16_plain\none_seed4\g006_i020\tripinfo.xml
6,21,16,565.958,-498033359#3;-502325084#0;-782714966#0;-783907721#2;111677668#4;111677669#3;24337240#1;28468730#0;311298662#1;4935286#2;535519490#0;782714971#0;782714971#3;782714971#4;835445203;876057378#1,runs_J_k16_plain\none_seed4\g006_i021,runs_J_k16_plain\none_seed4\g006_i021\tripinfo.xml
6,22,16,393.24,-24337240#0;-24337240#4;-783907721#0;-783907721#2;-876343449#0;111677669#3;24337240#5;311298662#1;37628709#1;4935286#2;4935286#3;4935299#1;4970256#5;502325084#0;535519490#0;783907721#0,runs_J_k16_plain\none_seed4\g006_i022,runs_J_k16_plain\none_seed4\g006_i022\tripinfo.xml
6,23,16,654.31,-24337240#4;-28468730#0;-311298662#1;-782714971#0;-782714971#2;-782714971#3;111677668#3;111677669#2;111681903#0;498033359#0;498033359#2;502325084#3;5197062#3;783907721#0;876057378#1;876343449#2,runs_J_k16_plain\none_seed4\g006_i023,runs_J_k16_plain\none_seed4\g006_i023\tripinfo.xml
7,0,16,373.13666666666666,-24337240#2;-24337240#4;-311298662#1;-498033359#3;-782714971#0;-782714971#2;26216781#0;28468730#1;28468732#1;4935286#2;498033359#0;502325084#3;5197062#3;747448014;876057378#2;876343449#2,runs_J_k16_plain\none_seed4\g007_i000,runs_J_k16_plain\none_seed4\g007_i000\tripinfo.xml
7,1,16,822.5893333333333,-120682114#2;-24337240#4;-4950193;-502325084#1;-535519490#1;-782714971#1;-783907721#2;111677669#3;24337240#5;28468730#1;4935286#0;4935299#1;4970256#8;498033359#0;535519490#0;783907721#0,runs_J_k16_plain\none_seed4\g007_i001,runs_J_k16_plain\none_seed4\g007_i001\tripinfo.xml
7,2,16,393.97933333333333,-120682114#3;-205590836#0;-24337240#4;-498033359#3;-502325084#0;-502325084#1;-502325084#3;-783907721#0;24337240#5;28468732#1;4935286#2;4970256#6;502325084#3;747448014;876057378#2;876343449#2,runs_J_k16_plain\none_seed4\g007_i002,runs_J_k16_plain\none_seed4\g007_i002\tripinfo.xml
7,3,16,1005.9433333333334,-24337240#1;-24337240#6;-4950193;120682114#1;24337240#1;24337240#5;26216781#0;28468732#0;28468732#1;311298658;4935286#1;498033359#0;5197062#3;747448014;782714966#0;876057378#2,runs_J_k16_plain\none_seed4\g007_i003,runs_J_k16_plain\none_seed4\g007_i003\tripinfo.xml
7,4,16,499.8346666666667,-24337240#2;-24337240#4;-311298662#1;-5197062#4;111677669#5;24337240#4;26216781#0;28468732#0;311298665;4935286#1;4970256#8;782714966#0;782714971#3;876057378#0;876343449#2;880137010,runs_J_k16_plain\none_seed4\g007_i004,runs_J_k16_plain\none_seed4\g007_i004\tripinfo.xml
7,5,16,663.2386666666666,-111677668#4;-24337240#7;-498033359#1;-535519490#1;-782714971#1;-782714971#3;-835443464;-880137009#0;111681903#0;37628709#1;4935286#3;498033359#3;502325084#1;58621262#0;58621262#1;782714971#3,runs_J_k16_plain\none_seed4\g007_i005,runs_J_k16_plain\none_seed4\g007_i005\tripinfo.xml
7,6,16,1000000000000.0,-24337240#6;-311298662#1;-311298665;-498033359#0;-782714966#0;-782714971#0;111677669#2;111681905#1;25970859#0;26216779#1;26216781#2;62826731;876057376;876057378#0;876057378#4;876343449#1,runs_J_k16_plain\none_seed4\g007_i006,runs_J_k16_plain\none_seed4\g007_i006\tripinfo.xml
7,7,16,631.238,-120682114#1;-502325084#0;-5197062#3;-782714971#2;-783907721#2;111677668#4;205590836#2;24337240#1;26216781#0;28468730#1;28468732#1;4935286#0;4935286#1;4935286#2;502325084#3;782714971#1,runs_J_k16_plain\none_seed4\g007_i007,runs_J_k16_plain\none_seed4\g007_i007\tripinfo.xml
7,8,16,465.19733333333335,-25970859#0;-311298662#1;-498033359#1;-498033359#3;-876343449#0;25970859#1;28468730#1;37628709#0;4935286#2;502325084#1;535519490#1;747448014;782714971#0;782714971#3;835443464;876057378#2,runs_J_k16_plain\none_seed4\g007_i008,runs_J_k16_plain\none_seed4\g007_i008\tripinfo.xml
7,9,16,654.9273333333333,-24337240#1;-24337240#4;-311298682#0;-498033359#3;-502325084#0;-502325084#1;-5197062#4;-880137009#0;111681903#0;26216781#3;498033359#3;502325084#1;58621262#1;835445203;876057378#1;876057378#4,runs_J_k16_plain\none_seed4\g007_i009,runs_J_k16_plain\none_seed4\g007_i009\tripinfo.xml
7,10,16,389.84933333333333,-24337240#1;-782714971#2;-880137009#0;111681903#0;111681903#2;120682114#3;205590836#2;26216779#1;26216781#0;28468730#1;28468732#0;311298665;4935286#2;535519490#1;783907721#1;876057378#3,runs_J_k16_plain\none_seed4\g007_i010,runs_J_k16_plain\none_seed4\g007_i010\tripinfo.xml
7,11,3,633.4666666666667,4970256#8;5197062#4;876057376,runs_J_k16_plain\none_seed4\g007_i011,runs_J_k16_plain\none_seed4\g007_i011\tripinfo.xml
7,12,16,379.17266666666666,-205590836#0;-311298682#0;-5197062#3;-5197062#4;-7365262;-783907721#0;-880137009#0;111677669#3;311298665;37628709#0;4935286#2;4970256#5;502325084#3;535519490#0;58621262#1;876057378#0,runs_J_k16_plain\none_seed4\g007_i012,runs_J_k16_plain\none_seed4\g007_i012\tripinfo.xml
7,13,16,764.908,-120682114#1;-205590836#0;-24337240#4;-498033359#3;-835445203;111677671#0;111681903#1;111681905#1;24337240#4;24337240#5;28468730#1;311298665;4935286#0;4935286#2;502325084#3;876343449#2,runs_J_k16_plain\none_seed4\g007_i013,runs_J_k16_plain\none_seed4\g007_i013\tripinfo.xml
7,14,16,628.37,-111677668#0;-120682114#1;-311298662#0;-311298662#1;-498033359#2;-782714971#2;-783907721#2;-835443464;-880137009#0;111677668#3;25970859#0;26216781#0;4970256#7;498033359#2;5197062#3;747448014,runs_J_k16_plain\none_seed4\g007_i014,runs_J_k16_plain\none_seed4\g007_i014\tripinfo.xml
7,15,16,689.9186666666667,-25970859#0;-311298682#0;-498033359#3;-783907721#1;-880137009#0;111677668#4;111677669#5;111681905#2;26216781#0;311298662#1;498033359#2;782714971#0;835445203;876057378#1;876057378#4;880137009#1,runs_J_k16_plain\none_seed4\g007_i015,runs_J_k16_plain\none_seed4\g007_i015\tripinfo.xml
7,16,16,576.52,-535519490#0;-74277990;-782714971#0;-782714971#1;-782714971#2;111681903#0;205590836#2;24337240#5;25970859#1;28468730#1;311298662#0;311298662#1;311298682#0;4935286#3;4970256#5;783907721#0,runs_J_k16_plain\none_seed4\g007_i016,runs_J_k16_plain\none_seed4\g007_i016\tripinfo.xml
7,17,5,649.414,-311298662#1;111677668#3;120682114#1;782714971#4;876343449#1,runs_J_k16_plain\none_seed4\g007_i017,runs_J_k16_plain\none_seed4\g007_i017\tripinfo.xml
7,18,16,431.24066666666664,-111677668#0;-111681903#0;-24337240#2;-25970859#1;-498033359#2;-7365262;-782714966#0;-782714971#2;111677669#3;111681903#3;120682114#1;24337240#5;26216779#0;4935286#2;876343449#0;876343449#2,runs_J_k16_plain\none_seed4\g007_i018,runs_J_k16_plain\none_seed4\g007_i018\tripinfo.xml
7,19,16,485.1766666666667,-111677671#0;-24337240#0;-25970859#0;-502325084#3;-782714966#0;-783907721#2;111677669#3;111681903#3;24337240#5;37628709#1;4935286#3;4970256#5;535519490#0;782714971#0;7924772;876343449#1,runs_J_k16_plain\none_seed4\g007_i019,runs_J_k16_plain\none_seed4\g007_i019\tripinfo.xml
7,20,16,1000000000000.0,-311298665;-782714966#1;-782714971#0;-783907721#2;111681903#1;111681905#1;111681905#2;311298662#1;4935286#2;4935286#3;4970256#7;498033359#2;502325084#0;747448014;782714971#1;783907721#0,runs_J_k16_plain\none_seed4\g007_i020,runs_J_k16_plain\none_seed4\g007_i020\tripinfo.xml
7,21,16,1000000000000.0,-111681903#2;-24337240#2;-311298662#1;-311298665;-498033359#2;25970859#0;311298662#0;37628709#1;4935286#3;5197062#4;782710712;783907721#1;783907721#2;876057376;876057378#4;876343449#1,runs_J_k16_plain\none_seed4\g007_i021,runs_J_k16_plain\none_seed4\g007_i021\tripinfo.xml
7,22,16,524.1833333333333,-24337240#2;-311298662#1;-5197062#3;-7365262;-782714971#0;-782714971#1;-782714971#3;25970859#0;311298662#0;4970256#5;498033359#2;5197062#3;747448014;876057378#4;876343449#2;880140407,runs_J_k16_plain\none_seed4\g007_i022,runs_J_k16_plain\none_seed4\g007_i022\tripinfo.xml
7,23,16,608.8226666666667,-111681903#1;-311298658;-498033359#1;-880137009#1;111677669#0;111677669#4;26216781#1;37628709#1;4970256#5;5197062#3;62826731;782714971#1;7924772;876057378#1;876057378#4;876343449#1,runs_J_k16_plain\none_seed4\g007_i023,runs_J_k16_plain\none_seed4\g007_i023\tripinfo.xml
8,0,16,373.13666666666666,-24337240#2;-24337240#4;-311298662#1;-498033359#3;-782714971#0;-782714971#2;26216781#0;28468730#1;28468732#1;4935286#2;498033359#0;502325084#3;5197062#3;747448014;876057378#2;876343449#2,runs_J_k16_plain\none_seed4\g008_i000,runs_J_k16_plain\none_seed4\g008_i000\tripinfo.xml
8,1,16,420.43,-311298682#0;-5197062#4;-876343449#2;111677669#4;111681903#0;111681903#2;205590836#2;26216779#1;26216781#1;26216781#3;311298665;4935286#2;498033359#3;783907721#2;876057378#3;876343449#2,runs_J_k16_plain\none_seed4\g008_i001,runs_J_k16_plain\none_seed4\g008_i001\tripinfo.xml
8,2,16,622.6373333333333,-111677668#0;-111681903#0;-7365262;-782714971#2;-783907721#0;-880137009#0;111677668#3;131942152;205590836#2;24337240#3;26216779#0;26216781#0;37628709#0;4935286#1;4935286#2;876343449#0,runs_J_k16_plain\none_seed4\g008_i002,runs_J_k16_plain\none_seed4\g008_i002\tripinfo.xml
8,3,16,346.23133333333334,-24337240#2;-25970859#1;-7365262;-782714971#4;-783907721#1;-880137009#0;111681903#3;26216779#0;37628709#1;4935286#2;498033359#2;535519490#0;58621262#0;783907721#0;876057378#2;876343449#2,runs_J_k16_plain\none_seed4\g008_i003,runs_J_k16_plain\none_seed4\g008_i003\tripinfo.xml
8,4,16,680.1,-111677668#0;-311298685;-502325084#3;-7365262;-782714966#0;-782714971#2;-782714971#4;-880137009#1;111681903#3;120682114#1;120682114#3;24337240#5;24337240#7;747448014;876343449#2;880137009#0,runs_J_k16_plain\none_seed4\g008_i004,runs_J_k16_plain\none_seed4\g008_i004\tripinfo.xml
8,5,16,525.7933333333333,-111677668#0;-111677668#3;-311298662#0;-498033359#3;-502325084#0;-7365262;-782714971#4;-876343449#0;-880140407;111677669#1;24337240#5;26216779#0;26216781#0;311298685;4935286#2;876343449#2,runs_J_k16_plain\none_seed4\g008_i005,runs_J_k16_plain\none_seed4\g008_i005\tripinfo.xml
8,6,16,831.9666666666667,-111677668#0;-111677671#0;-25970859#1;-498033359#2;-7365262;-783907721#2;120682114#1;26216779#0;26216779#1;26216781#1;28468732#1;498033359#0;502325084#0;502325084#3;782714971#4;876343449#2,runs_J_k16_plain\none_seed4\g008_i006,runs_J_k16_plain\none_seed4\g008_i006\tripinfo.xml
8,7,16,550.9773333333334,-111681903#0;-25970859#1;-311298662#1;111677669#0;111677669#3;111681903#2;24337240#1;25970859#1;26216779#0;26216781#2;4935286#2;4970256#5;502325084#1;535519490#1;782714971#0;876343449#0,runs_J_k16_plain\none_seed4\g008_i007,runs_J_k16_plain\none_seed4\g008_i007\tripinfo.xml
8,8,16,563.3906666666667,-24337240#2;-25970859#0;-311298682#0;-498033359#2;-5197062#4;-835445203;-876343449#0;111677669#4;120682114#1;131942152;24337240#5;747448014;876057376;876057378#2;876343449#2;880137009#1,runs_J_k16_plain\none_seed4\g008_i008,runs_J_k16_plain\none_seed4\g008_i008\tripinfo.xml
8,9,16,743.5673333333333,-311298662#0;-5197062#4;-535519490#0;-783907721#2;26216779#0;26216781#1;28468732#0;311298665;4935286#1;4970256#8;502325084#1;782714966#0;782714971#4;876057378#2;876343449#2;880137009#0,runs_J_k16_plain\none_seed4\g008_i009,runs_J_k16_plain\none_seed4\g008_i009\tripinfo.xml
8,10,16,4011.328,-111681903#3;-24337240#3;-24337240#7;-4950193;-782714971#0;-876343449#1;111681903#3;24337240#4;28468732#0;311298658;5197062#4;535519490#1;782714966#0;782714971#3;876057378#0;880140407,runs_J_k16_plain\none_seed4\g008_i010,runs_J_k16_plain\none_seed4\g008_i010\tripinfo.xml
8,11,16,654.99,-205590836#0;-24337240#3;-5197062#3;-880137009#0;111677669#3;111681905#1;24337240#2;24337240#4;311298658;311298665;4935299#1;498033359#2;58621262#1;783907721#1;876057378#0;876057378#2,runs_J_k16_plain\none_seed4\g008_i011,runs_J_k16_plain\none_seed4\g008_i011\tripinfo.xml
8,12,9,1000000000000.0,-205590836#0;-24337240#1;-311298665;-311298682#0;-783907721#0;4935286#2;502325084#3;5197062#4;876057378#0,runs_J_k16_plain\none_seed4\g008_i012,runs_J_k16_plain\none_seed4\g008_i012\tripinfo.xml
8,13,16,650.5746666666666,-205590836#0;-24337240#6;-311298662#0;-502325084#0;-5197062#4;-782714971#4;-880137009#0;111681903#3;24337240#5;311298658;311298665;4970256#5;58621262#1;782714971#1;876343449#2;880140407,runs_J_k16_plain\none_seed4\g008_i013,runs_J_k16_plain\none_seed4\g008_i013\tripinfo.xml
8,14,16,389.50466666666665,-111677668#3;-111681903#0;-498033359#2;-5197062#3;-7365262;-782714966#1;-876343449#2;-880137009#0;111677669#0;120682114#1;26216781#2;311298665;37628709#0;4935286#2;498033359#0;876057378#0,runs_J_k16_plain\none_seed4\g008_i014,runs_J_k16_plain\none_seed4\g008_i014\tripinfo.xml
8,15,16,596.7633333333333,-111681903#1;-111681903#2;-120682114#2;-498033359#1;-74277990;-783907721#0;-880137009#1;111677669#0;120682114#3;205590836#2;24337240#7;37628709#1;4970256#5;876057378#1;876057378#4;876343449#1,runs_J_k16_plain\none_seed4\g008_i015,runs_J_k16_plain\none_seed4\g008_i015\tripinfo.xml
8,16,16,528.09,-111677668#4;-111681903#0;-25970859#0;-311298662#1;-311298685;-498033359#3;-782714971#0;-782714971#2;26216781#0;26216781#2;28468730#0;28468732#1;4935286#2;782714966#1;782714971#3;876343449#2,runs_J_k16_plain\none_seed4\g008_i016,runs_J_k16_plain\none_seed4\g008_i016\tripinfo.xml
8,17,16,619.7,-24337240#0;-311298662#1;-498033359#1;-498033359#3;37628709#0;4935286#0;4935286#3;498033359#1;502325084#1;5197062#3;535519490#0;58621262#0;782714971#3;876057376;876343449#1;880137009#0,runs_J_k16_plain\none_seed4\g008_i017,runs_J_k16_plain\none_seed4\g008_i017\tripinfo.xml
8,18,16,644.456,-25970859#0;111677668#4;111677669#3;111681903#0;24337240#7;26216779#1;26216781#2;28468732#1;311298658;4935286#2;4935286#3;4970256#5;535519490#1;747448014;782714971#0;880140407,runs_J_k16_plain\none_seed4\g008_i018,runs_J_k16_plain\none_seed4\g008_i018\tripinfo.xml
8,19,16,384.2026666666667,-24337240#4;-24337240#7;-28468730#0;-311298665;-498033359#2;-782714971#3;111681903#0;24337240#0;311298682#0;4935286#2;4970256#6;4970256#8;498033359#0;502325084#0;502325084#3;58621262#1,runs_J_k16_plain\none_seed4\g008_i019,runs_J_k16_plain\none_seed4\g008_i019\tripinfo.xml
8,20,16,627.524,-111677668#4;-24337240#0;-311298658;-311298662#1;-498033359#3;-782714971#0;-783907721#0;-880137009#0;111677669#2;28468732#1;498033359#3;5197062#3;876057378#1;876057378#5;876343449#0;876343449#2,runs_J_k16_plain\none_seed4\g008_i020,runs_J_k16_plain\none_seed4\g008_i020\tripinfo.xml
8,21,16,396.19733333333335,-111677668#3;-120682114#1;-120682114#3;-311298662#1;-498033359#1;-502325084#1;-880137009#0;111677669#2;24337240#4;25970859#1;37628709#0;4935286#2;498033359#0;502325084#3;835443464;876057378#5,runs_J_k16_plain\none_seed4\g008_i021,runs_J_k16_plain\none_seed4\g008_i021\tripinfo.xml
8,22,16,389.47866666666664,-120682114#2;-24337240#2;-24337240#4;-25970859#0;-311298685;-782714971#2;26216781#0;28468730#1;28468732#1;4935286#2;4935286#3;498033359#0;502325084#1;747448014;876057378#0;880137009#0,runs_J_k16_plain\none_seed4\g008_i022,runs_J_k16_plain\none_seed4\g008_i022\tripinfo.xml
8,23,16,653.0326666666666,-120682114#2;-24337240#1;-783907721#1;-880137009#0;111677669#0;111681903#2;120682114#3;205590836#2;24337240#2;26216779#1;28468732#0;502325084#0;535519490#0;783907721#0;783907721#1;876057378#0,runs_J_k16_plain\none_seed4\g008_i023,runs_J_k16_plain\none_seed4\g008_i023\tripinfo.xml
9,0,16,346.23133333333334,-24337240#2;-25970859#1;-7365262;-782714971#4;-783907721#1;-880137009#0;111681903#3;26216779#0;37628709#1;4935286#2;498033359#2;535519490#0;58621262#0;783907721#0;876057378#2;876343449#2,runs_J_k16_plain\none_seed4\g009_i000,runs_J_k16_plain\none_seed4\g009_i000\tripinfo.xml
9,1,16,1000000000000.0,-120682114#3;-25970859#0;-502325084#3;-782714966#0;-782714971#0;-782714971#2;-783907721#0;25970859#1;26216779#1;26216781#1;37628709#0;498033359#0;502325084#0;502325084#3;747448014;876343449#2,runs_J_k16_plain\none_seed4\g009_i001,runs_J_k16_plain\none_seed4\g009_i001\tripinfo.xml
9,2,16,767.058,-120682114#1;-24337240#3;-498033359#1;-535519490#0;120682114#1;24337240#4;26216781#0;28468732#1;311298662#1;311298665;4935286#2;502325084#3;58621262#0;62826731;782714971#3;876343449#1,runs_J_k16_plain\none_seed4\g009_i002,runs_J_k16_plain\none_seed4\g009_i002\tripinfo.xml
9,3,16,426.72866666666664,-120682114#1;-24337240#4;-25970859#0;-311298665;-311298685;-880140407;111681903#0;28468730#1;4935286#3;4970256#6;4970256#7;498033359#0;502325084#3;5197062#3;58621262#1;747448014,runs_J_k16_plain\none_seed4\g009_i003,runs_J_k16_plain\none_seed4\g009_i003\tripinfo.xml
9,4,14,1000000000000.0,-24337240#2;-24337240#7;-311298662#1;-311298665;-498033359#0;-498033359#3;-782714971#0;-880140407;111681905#1;26216781#0;4935286#2;498033359#0;876343449#2;880137010,runs_J_k16_plain\none_seed4\g009_i004,runs_J_k16_plain\none_seed4\g009_i004\tripinfo.xml
9,5,16,698.0986666666666,-111681903#0;-311298662#1;-498033359#3;-880140407;111681903#1;26216779#1;28468730#1;311298658;37628709#0;37628709#1;4935286#1;4935286#2;502325084#3;5197062#3;782714971#3;835443464,runs_J_k16_plain\none_seed4\g009_i005,runs_J_k16_plain\none_seed4\g009_i005\tripinfo.xml
9,6,16,1000000000000.0,-111677668#4;-311298662#1;-498033359#3;-5197062#4;-782714971#2;-783907721#2;111681905#2;120682114#1;26216781#0;26216781#2;28468730#0;28468732#1;876057378#2;876057378#5;876343449#2;880137009#1,runs_J_k16_plain\none_seed4\g009_i006,runs_J_k16_plain\none_seed4\g009_i006\tripinfo.xml
9,7,16,404.2753333333333,-24337240#1;-24337240#2;-7365262;-782714971#2;111677668#4;111681905#2;37628709#1;4935286#2;498033359#2;782714966#0;782714971#4;783907721#0;876057378#0;876057378#1;876057378#2;880137010,runs_J_k16_plain\none_seed4\g009_i007,runs_J_k16_plain\none_seed4\g009_i007\tripinfo.xml
9,8,16,822.7633333333333,-24337240#7;-311298662#1;-311298682#0;-782714966#0;-782714971#4;111677668#0;111681903#3;131942152;26216779#0;28468730#1;498033359#2;58621262#0;876057376;876057378#2;876057378#5;876343449#2,runs_J_k16_plain\none_seed4\g009_i008,runs_J_k16_plain\none_seed4\g009_i008\tripinfo.xml
9,9,12,1000000000000.0,-311298665;-5197062#3;-876343449#1;111677669#4;131942152;26216779#1;4935286#1;498033359#1;58621262#1;876057378#0;880137009#0;880137010,runs_J_k16_plain\none_seed4\g009_i009,runs_J_k16_plain\none_seed4\g009_i009\tripinfo.xml
9,10,16,442.3206666666667,-111681903#0;-782714971#2;-782714971#3;-835443464;-880137009#0;111677669#1;24337240#2;24337240#4;26216779#0;26216781#0;311298658;311298665;498033359#2;58621262#1;782714966#0;783907721#1,runs_J_k16_plain\none_seed4\g009_i010,runs_J_k16_plain\none_seed4\g009_i010\tripinfo.xml
9,11,16,1000000000000.0,-111681903#0;-120682114#3;-24337240#2;-498033359#2;-835445203;-876343449#0;111681903#1;24337240#5;25970859#0;26216781#0;311298665;782714971#0;835445203;876057378#3;876343449#2;880137009#0,runs_J_k16_plain\none_seed4\g009_i011,runs_J_k16_plain\none_seed4\g009_i011\tripinfo.xml
9,12,13,1000000000000.0,-111677671#0;-311298662#0;-311298665;-502325084#1;-5197062#4;-782714966#0;-783907721#1;-876343449#0;120682114#3;131942152;311298685;876057378#0;880137009#0,runs_J_k16_plain\none_seed4\g009_i012,runs_J_k16_plain\none_seed4\g009_i012\tripinfo.xml
9,13,5,347.8346666666667,-24337240#3;-311298665;535519490#1;58621262#1;876057378#4,runs_J_k16_plain\none_seed4\g009_i013,runs_J_k16_plain\none_seed4\g009_i013\tripinfo.xml
9,14,16,1000000000000.0,-111681903#2;-205590836#0;-24337240#0;-24337240#2;-25970859#1;-535519490#1;-782714971#1;-782714971#3;111681903#0;111681903#3;25970859#0;311298662#0;4970256#8;498033359#0;782714971#2;783907721#0,runs_J_k16_plain\none_seed4\g009_i014,runs_J_k16_plain\none_seed4\g009_i014\tripinfo.xml
9,15,16,577.988,-24337240#1;-24337240#2;-24337240#3;-25970859#0;-498033359#2;-7365262;-74277990;-835445203;-876343449#0;111681903#0;131942152;205590836#2;28468732#0;28468732#1;4935299#1;876057376,runs_J_k16_plain\none_seed4\g009_i015,runs_J_k16_plain\none_seed4\g009_i015\tripinfo.xml
9,16,16,657.6346666666667,-24337240#1;-24337240#3;-5197062#4;-7365262;-782714971#2;111677668#0;111677669#4;28468730#1;28468732#0;4935286#3;4970256#7;4970256#8;498033359#0;498033359#1;502325084#3;747448014,runs_J_k16_plain\none_seed4\g009_i016,runs_J_k16_plain\none_seed4\g009_i016\tripinfo.xml
9,17,16,651.6706666666666,-111681903#0;-111681903#1;-24337240#2;-24337240#4;-502325084#3;-782714971#0;-782714971#3;26216781#0;26216781#1;28468730#1;311298682#0;37628709#0;498033359#2;782714971#4;876057378#2;876343449#2,runs_J_k16_plain\none_seed4\g009_i017,runs_J_k16_plain\none_seed4\g009_i017\tripinfo.xml
9,18,16,861.6373333333333,-111681903#0;-24337240#2;-25970859#0;-311298662#1;-498033359#3;-502325084#1;-535519490#0;-74277990;-782714971#0;-782714971#2;111677669#1;24337240#1;26216781#2;28468732#1;311298658;4970256#8,runs_J_k16_plain\none_seed4\g009_i018,runs_J_k16_plain\none_seed4\g009_i018\tripinfo.xml
9,19,16,738.3666666666667,-120682114#3;-24337240#6;-498033359#2;-502325084#1;111681903#0;120682114#1;311298665;4935286#0;4935286#2;4970256#5;4970256#6;498033359#0;502325084#3;782714971#3;880137009#1;880140407,runs_J_k16_plain\none_seed4\g009_i019,runs_J_k16_plain\none_seed4\g009_i019\tripinfo.xml
9,20,16,497.84133333333335,-111677668#3;-111681903#0;-311298685;-498033359#2;-5197062#3;-7365262;-782714971#3;111677669#0;111677669#1;111677669#4;111677671#0;111681905#2;24337240#2;26216781#2;4935286#2;880137010,runs_J_k16_plain\none_seed4\g009_i020,runs_J_k16_plain\none_seed4\g009_i020\tripinfo.xml
9,21,16,567.984,-111677668#3;-498033359#2;-498033359#3;-7365262;-783907721#1;111681903#3;311298662#0;37628709#1;4935286#2;4935286#3;498033359#0;502325084#0;782714971#2;783907721#0;876343449#2;880140407,runs_J_k16_plain\none_seed4\g009_i021,runs_J_k16_plain\none_seed4\g009_i021\tripinfo.xml
9,22,16,1000000000000.0,-24337240#2;-311298658;-4950193;-498033359#2;-7365262;-876343449#2;131942152;26216779#0;28468732#1;311298665;502325084#1;535519490#0;58621262#0;876057378#1;876057378#2;880137009#0,runs_J_k16_plain\none_seed4\g009_i022,runs_J_k16_plain\none_seed4\g009_i022\tripinfo.xml
9,23,12,648.3173333333333,-25970859#0;-311298658;-311298682#0;-498033359#2;-782714966#1;120682114#1;205590836#2;24337240#2;28468730#1;37628709#1;498033359#0;876057376,runs_J_k16_plain\none_seed4\g009_i023,runs_J_k16_plain\none_seed4\g009_i023\tripinfo.xml
10,0,16,346.23133333333334,-24337240#2;-25970859#1;-7365262;-782714971#4;-783907721#1;-880137009#0;111681903#3;26216779#0;37628709#1;4935286#2;498033359#2;535519490#0;58621262#0;783907721#0;876057378#2;876343449#2,runs_J_k16_plain\none_seed4\g010_i000,runs_J_k16_plain\none_seed4\g010_i000\tripinfo.xml
10,1,16,637.0446666666667,-120682114#2;-7365262;-783907721#0;-876343449#2;111677668#4;111681905#2;37628709#1;4935299#1;498033359#0;747448014;782714966#0;783907721#0;876057378#0;876057378#1;876057378#4;876057378#5,runs_J_k16_plain\none_seed4\g010_i001,runs_J_k16_plain\none_seed4\g010_i001\tripinfo.xml
10,2,16,688.9346666666667,-24337240#4;-498033359#2;-7365262;111677669#2;111677669#3;120682114#1;24337240#4;311298665;311298682#0;4935286#2;4970256#6;498033359#2;502325084#1;783907721#0;876057376;876057378#0,runs_J_k16_plain\none_seed4\g010_i002,runs_J_k16_plain\none_seed4\g010_i002\tripinfo.xml
10,3,16,612.97,-111681903#0;-25970859#1;-498033359#1;-880137009#0;111677669#3;205590836#2;24337240#2;28468732#1;311298682#0;37628709#1;4935286#3;498033359#2;58621262#0;782714966#0;876057378#5;880137009#0,runs_J_k16_plain\none_seed4\g010_i003,runs_J_k16_plain\none_seed4\g010_i003\tripinfo.xml
10,4,16,470.62533333333334,-120682114#1;-25970859#1;-311298658;-7365262;-783907721#1;-876343449#0;111677668#3;111681903#1;120682114#1;120682114#3;24337240#2;311298665;498033359#2;782714966#0;783907721#0;880137009#0,runs_J_k16_plain\none_seed4\g010_i004,runs_J_k16_plain\none_seed4\g010_i004\tripinfo.xml
10,5,16,671.2186666666666,-111681903#0;-120682114#1;-205590836#0;-24337240#1;-24337240#6;-498033359#2;111681903#2;111681903#3;111681905#2;28468732#1;311298685;4935286#1;4935286#2;502325084#0;782714966#1;876057378#1,runs_J_k16_plain\none_seed4\g010_i005,runs_J_k16_plain\none_seed4\g010_i005\tripinfo.xml
10,6,16,664.6033333333334,-120682114#2;-24337240#1;-24337240#3;-498033359#2;-535519490#0;-782714971#2;-783907721#2;120682114#1;311298662#1;311298665;4935286#2;62826731;747448014;782714971#3;876057378#2;876057378#5,runs_J_k16_plain\none_seed4\g010_i006,runs_J_k16_plain\none_seed4\g010_i006\tripinfo.xml
10,7,16,359.72333333333336,-24337240#4;-25970859#1;-311298662#0;-498033359#1;-5197062#4;-7365262;-783907721#1;-835445203;111681903#3;25970859#1;26216779#0;311298682#0;37628709#1;4935286#2;498033359#2;876343449#0,runs_J_k16_plain\none_seed4\g010_i007,runs_J_k16_plain\none_seed4\g010_i007\tripinfo.xml
10,8,8,801.9993333333333,-311298662#0;-782714971#1;-783907721#1;-783907721#2;111677669#5;111681903#2;4970256#7;747448014,runs_J_k16_plain\none_seed4\g010_i008,runs_J_k16_plain\none_seed4\g010_i008\tripinfo.xml
10,9,16,628.834,-111681903#0;-111681903#3;-502325084#3;-782714971#2;-876343449#0;111681905#2;131942152;26216779#0;26216781#0;28468732#0;37628709#1;58621262#1;783907721#0;783907721#1;876057378#0;876057378#1,runs_J_k16_plain\none_seed4\g010_i009,runs_J_k16_plain\none_seed4\g010_i009\tripinfo.xml
10,10,16,606.3133333333334,-24337240#1;-28468730#0;-502325084#1;-74277990;-782714966#0;-782714971#2;-783907721#2;111677668#3;24337240#0;24337240#2;24337240#5;4970256#8;535519490#0;782714966#0;876057378#2;880137010,runs_J_k16_plain\none_seed4\g010_i010,runs_J_k16_plain\none_seed4\g010_i010\tripinfo.xml
10,11,16,747.8746666666667,-111681903#0;-111681903#1;-111681903#2;-111681903#3;-25970859#1;-28298231;-5197062#3;-880137009#0;111677669#4;120682114#3;26216779#0;4935299#1;498033359#2;502325084#1;58621262#0;782714971#2,runs_J_k16_plain\none_seed4\g010_i011,runs_J_k16_plain\none_seed4\g010_i011\tripinfo.xml
10,12,16,366.48266666666666,-111677668#3;-111677668#4;-111681903#0;-24337240#2;-498033359#2;-782714971#4;-783907721#1;111677668#4;111681905#2;26216781#2;37628709#1;4935286#2;782714966#1;876343449#2;880137009#1;880137010,runs_J_k16_plain\none_seed4\g010_i012,runs_J_k16_plain\none_seed4\g010_i012\tripinfo.xml
10,13,16,387.03,-24337240#1;-24337240#4;-25970859#1;-7365262;-782714971#2;-782714971#4;-783907721#1;-880137009#0;111677669#2;111681903#3;205590836#2;24337240#2;25970859#1;4935286#2;782714971#0;783907721#0,runs_J_k16_plain\none_seed4\g010_i013,runs_J_k16_plain\none_seed4\g010_i013\tripinfo.xml
10,14,16,659.46,-24337240#2;-311298662#1;-502325084#1;-782714971#3;-782714971#4;-880137009#0;-880137009#1;111677669#1;26216779#0;311298658;311298662#0;4970256#7;535519490#0;782714966#0;783907721#1;835443464,runs_J_k16_plain\none_seed4\g010_i014,runs_J_k16_plain\none_seed4\g010_i014\tripinfo.xml
10,15,16,651.764,-111681903#0;-111681903#1;-24337240#2;-24337240#4;-498033359#1;-782714971#3;24337240#0;311298662#1;502325084#1;535519490#1;58621262#0;782714971#1;783907721#1;7924772;876343449#2;880140407,runs_J_k16_plain\none_seed4\g010_i015,runs_J_k16_plain\none_seed4\g010_i015\tripinfo.xml
10,16,16,607.4846666666666,-205590836#0;-24337240#1;-24337240#4;-782714971#0;111681905#2;120682114#3;26216781#0;28468730#1;311298685;4970256#6;498033359#2;58621262#1;782710712;782714971#4;835443464;876057378#4,runs_J_k16_plain\none_seed4\g010_i016,runs_J_k16_plain\none_seed4\g010_i016\tripinfo.xml
10,17,16,369.8553333333333,-25970859#1;-502325084#1;-7365262;-782714966#1;-783907721#0;-783907721#2;111681903#3;24337240#2;37628709#1;4935286#2;502325084#0;5197062#3;747448014;876057378#2;876343449#0;876343449#2,runs_J_k16_plain\none_seed4\g010_i017,runs_J_k16_plain\none_seed4\g010_i017\tripinfo.xml
10,18,16,384.5806666666667,-111677671#0;-120682114#1;-24337240#2;-25970859#0;-498033359#2;-782714971#1;-783907721#0;-783907721#2;111677668#4;111681905#2;24337240#2;311298662#1;4935286#2;4970256#5;58621262#0;782714971#4,runs_J_k16_plain\none_seed4\g010_i018,runs_J_k16_plain\none_seed4\g010_i018\tripinfo.xml
10,19,16,1783.8326666666667,-111681903#1;-120682114#2;-7365262;-783907721#2;-880137009#1;111677669#1;120682114#2;26216779#1;311298658;37628709#0;37628709#1;4935286#1;876057378#2;876057378#4;876343449#1;876343449#2,runs_J_k16_plain\none_seed4\g010_i019,runs_J_k16_plain\none_seed4\g010_i019\tripinfo.xml
10,20,16,672.492,-24337240#3;-311298662#1;-311298665;-502325084#0;-5197062#4;-782714971#3;111681903#1;24337240#4;26216781#3;311298682#0;498033359#1;502325084#3;5197062#3;58621262#1;782710712;876057378#0,runs_J_k16_plain\none_seed4\g010_i020,runs_J_k16_plain\none_seed4\g010_i020\tripinfo.xml
10,21,16,495.8446666666667,-111681903#0;-24337240#4;-25970859#0;-782714971#2;-783907721#0;111681903#2;120682114#1;26216781#0;311298665;4970256#7;498033359#2;5197062#3;5197062#4;58621262#1;876343449#1;880137009#0,runs_J_k16_plain\none_seed4\g010_i021,runs_J_k16_plain\none_seed4\g010_i021\tripinfo.xml
10,22,16,591.9846666666666,-74277990;-782714971#2;111677668#0;111681903#0;120682114#3;24337240#4;24337240#7;26216781#0;4935286#3;502325084#1;58621262#1;782714966#0;783907721#1;7924772;835445203;876057378#1,runs_J_k16_plain\none_seed4\g010_i022,runs_J_k16_plain\none_seed4\g010_i022\tripinfo.xml
10,23,16,839.5566666666666,-111681903#0;-311298662#1;-311298685;-498033359#2;111677668#0;111677669#4;111681903#1;24337240#2;26216779#0;26216781#0;26216781#2;311298662#1;311298665;498033359#2;782710712;783907721#0,runs_J_k16_plain\none_seed4\g010_i023,runs_J_k16_plain\none_seed4\g010_i023\tripinfo.xml
11,0,16,346.23133333333334,-24337240#2;-25970859#1;-7365262;-782714971#4;-783907721#1;-880137009#0;111681903#3;26216779#0;37628709#1;4935286#2;498033359#2;535519490#0;58621262#0;783907721#0;876057378#2;876343449#2,runs_J_k16_plain\none_seed4\g011_i000,runs_J_k16_plain\none_seed4\g011_i000\tripinfo.xml
11,1,16,591.7133333333334,-111677668#3;-111677668#4;-24337240#2;-25970859#0;-311298662#0;-498033359#3;-502325084#0;-783907721#0;-783907721#1;-783907721#2;205590836#2;26216781#0;26216781#2;498033359#2;876343449#0;876343449#2,runs_J_k16_plain\none_seed4\g011_i001,runs_J_k16_plain\none_seed4\g011_i001\tripinfo.xml
11,2,16,1368.8673333333334,-111681903#1;-111681903#3;-205590836#0;-24337240#4;-498033359#1;-502325084#1;-782714971#2;120682114#2;24337240#0;28468732#1;311298665;37628709#1;4935286#1;535519490#0;880137009#0;880137009#1,runs_J_k16_plain\none_seed4\g011_i002,runs_J_k16_plain\none_seed4\g011_i002\tripinfo.xml
11,3,16,830.8093333333334,-24337240#2;-498033359#2;-502325084#1;-5197062#4;-74277990;-783907721#2;-835443464;111681903#2;24337240#0;24337240#2;28468730#1;498033359#0;5197062#3;876343449#1;880137009#0;880137009#1,runs_J_k16_plain\none_seed4\g011_i003,runs_J_k16_plain\none_seed4\g011_i003\tripinfo.xml
11,4,16,774.6673333333333,-111677668#0;-25970859#0;-498033359#3;-782714971#2;-783907721#0;111677668#4;111677669#2;111677671#0;24337240#5;28468732#0;4935286#0;4970256#7;498033359#1;782714966#0;783907721#0;880137010,runs_J_k16_plain\none_seed4\g011_i004,runs_J_k16_plain\none_seed4\g011_i004\tripinfo.xml
11,5,16,591.7133333333334,-25970859#1;-311298662#0;-311298682#0;-7365262;-783907721#1;-880137009#0;111677668#0;24337240#7;26216779#0;26216781#3;311298658;498033359#0;498033359#2;535519490#0;58621262#0;783907721#0,runs_J_k16_plain\none_seed4\g011_i005,runs_J_k16_plain\none_seed4\g011_i005\tripinfo.xml
11,6,16,372.4066666666667,-24337240#6;-25970859#0;-28468730#0;-311298682#0;-7365262;-782714966#0;-782714966#1;-783907721#2;111681903#1;24337240#2;4935286#2;498033359#3;62826731;747448014;876057378#2;876343449#0,runs_J_k16_plain\none_seed4\g011_i006,runs_J_k16_plain\none_seed4\g011_i006\tripinfo.xml
11,7,16,384.17,-111677671#0;-120682114#1;-24337240#2;-25970859#0;-28298231;-782714971#1;-783907721#2;-876343449#2;111677668#4;111677669#3;24337240#2;28468730#1;28468732#1;4935286#2;876057378#2;880137009#0,runs_J_k16_plain\none_seed4\g011_i007,runs_J_k16_plain\none_seed4\g011_i007\tripinfo.xml
11,8,16,445.21733333333333,-24337240#3;-24337240#7;-311298682#0;-498033359#2;-782714971#4;-783907721#1;111677668#3;111677668#4;111681905#2;24337240#3;26216781#2;28468732#1;37628709#1;4935286#2;782714971#3;880137010,runs_J_k16_plain\none_seed4\g011_i008,runs_J_k16_plain\none_seed4\g011_i008\tripinfo.xml
11,9,16,739.6006666666667,-111681903#0;-24337240#0;-311298658;-7365262;-782714971#4;-876343449#1;-876343449#2;111677669#5;111681903#3;28468732#1;311298662#1;535519490#1;747448014;783907721#1;876343449#0;876343449#2,runs_J_k16_plain\none_seed4\g011_i009,runs_J_k16_plain\none_seed4\g011_i009\tripinfo.xml
11,10,16,1000000000000.0,-111677671#0;-111681903#1;-498033359#2;-782714971#0;111677669#2;24337240#0;25970859#1;311298662#0;37628709#0;37628709#1;4935286#2;5197062#4;782714971#3;783907721#2;7924772;876057376,runs_J_k16_plain\none_seed4\g011_i010,runs_J_k16_plain\none_seed4\g011_i010\tripinfo.xml
11,11,16,1000000000000.0,-111681903#1;-24337240#6;-25970859#1;-311298665;-5197062#4;-7365262;-782714966#1;-783907721#0;24337240#2;311298662#1;37628709#1;4935286#1;4935286#2;498033359#2;782710712;876057378#2,runs_J_k16_plain\none_seed4\g011_i011,runs_J_k16_plain\none_seed4\g011_i011\tripinfo.xml
11,12,16,444.1906666666667,-120682114#2;-502325084#1;-535519490#0;-7365262;-783907721#0;-880137009#1;111681903#3;37628709#1;4935286#0;4935286#2;498033359#2;5197062#3;747448014;876057378#2;876343449#0;876343449#2,runs_J_k16_plain\none_seed4\g011_i012,runs_J_k16_plain\none_seed4\g011_i012\tripinfo.xml
11,13,16,381.344,-120682114#2;-7365262;-782714966#1;-782714971#3;111677669#2;111681903#3;111681905#2;24337240#5;311298685;37628709#1;4935286#2;498033359#3;502325084#0;535519490#0;876057378#5;876343449#0,runs_J_k16_plain\none_seed4\g011_i013,runs_J_k16_plain\none_seed4\g011_i013\tripinfo.xml
11,14,16,1228.1,-24337240#1;-24337240#4;-25970859#1;-535519490#0;-782714966#1;-783907721#2;24337240#4;311298658;4970256#7;502325084#0;502325084#3;535519490#1;783907721#2;7924772;876057378#2;876343449#0,runs_J_k16_plain\none_seed4\g011_i014,runs_J_k16_plain\none_seed4\g011_i014\tripinfo.xml
11,15,16,567.4013333333334,-120682114#1;-24337240#6;-25970859#1;-498033359#1;-498033359#2;-782714971#2;-876343449#0;111681905#2;28468732#1;311298665;311298685;4935286#3;535519490#1;782714966#0;782714966#1;880137009#0,runs_J_k16_plain\none_seed4\g011_i015,runs_J_k16_plain\none_seed4\g011_i015\tripinfo.xml
11,16,16,688.0666666666667,-111681903#1;-205590836#0;-24337240#7;-311298662#1;-502325084#0;-535519490#1;-783907721#1;-876343449#0;111677668#3;111677669#3;111681903#2;111681905#1;120682114#1;120682114#3;24337240#0;25970859#1,runs_J_k16_plain\none_seed4\g011_i016,runs_J_k16_plain\none_seed4\g011_i016\tripinfo.xml
11,17,16,628.9066666666666,-24337240#1;-311298682#0;-498033359#2;111677668#0;111681903#0;111681903#1;111681905#1;111681905#2;120682114#3;26216781#2;37628709#1;4935286#2;4935286#3;783907721#1;876057376;876343449#2,runs_J_k16_plain\none_seed4\g011_i017,runs_J_k16_plain\none_seed4\g011_i017\tripinfo.xml
11,18,16,370.528,-111677668#4;-111677671#0;-111681903#0;-111681903#2;-205590836#0;-498033359#2;-5197062#3;-7365262;-74277990;-783907721#1;26216781#0;4935286#2;58621262#1;782714966#0;783907721#0;876057378#4,runs_J_k16_plain\none_seed4\g011_i018,runs_J_k16_plain\none_seed4\g011_i018\tripinfo.xml
11,19,16,1654.586,-111677671#0;-24337240#2;-24337240#4;-25970859#1;-782714971#1;-783907721#1;111681903#0;120682114#2;131942152;25970859#1;26216779#0;28468732#0;311298685;4970256#8;58621262#0;876343449#2,runs_J_k16_plain\none_seed4\g011_i019,runs_J_k16_plain\none_seed4\g011_i019\tripinfo.xml
11,20,16,630.402,-24337240#4;-28468730#0;-498033359#2;-502325084#1;-7365262;-782714971#4;-880137009#1;111677668#3;111677668#4;111681903#3;111681905#2;24337240#2;37628709#1;502325084#3;835443464;876057378#1,runs_J_k16_plain\none_seed4\g011_i020,runs_J_k16_plain\none_seed4\g011_i020\tripinfo.xml
11,21,16,497.57933333333335,-24337240#0;-24337240#1;-24337240#4;-25970859#1;-311298662#1;-311298685;-502325084#1;-74277990;-782714971#4;111681903#3;24337240#2;24337240#7;4935286#2;4935299#1;62826731;783907721#0,runs_J_k16_plain\none_seed4\g011_i021,runs_J_k16_plain\none_seed4\g011_i021\tripinfo.xml
11,22,11,644.456,-498033359#1;-7365262;111677668#3;24337240#0;25970859#1;28468732#0;28468732#1;311298658;37628709#0;782714966#0;876057378#0,runs_J_k16_plain\none_seed4\g011_i022,runs_J_k16_plain\none_seed4\g011_i022\tripinfo.xml
11,23,16,1537.252,-111677671#0;-24337240#2;-25970859#0;-498033359#2;-782714971#3;-783907721#0;-783907721#2;111677668#3;111677669#1;111677669#5;111681905#2;120682114#2;24337240#5;311298685;880137009#1;880137010,runs_J_k16_plain\none_seed4\g011_i023,runs_J_k16_plain\none_seed4\g011_i023\tripinfo.xml
12,0,16,346.23133333333334,-24337240#2;-25970859#1;-7365262;-782714971#4;-783907721#1;-880137009#0;111681903#3;26216779#0;37628709#1;4935286#2;498033359#2;535519490#0;58621262#0;783907721#0;876057378#2;876343449#2,runs_J_k16_plain\none_seed4\g012_i000,runs_J_k16_plain\none_seed4\g012_i000\tripinfo.xml
12,1,10,1000000000000.0,-111681903#0;-311298665;-311298685;-4950193;311298682#0;498033359#3;782714971#3;876057378#2;876057378#4;880137009#0,runs_J_k16_plain\none_seed4\g012_i001,runs_J_k16_plain\none_seed4\g012_i001\tripinfo.xml
12,2,16,598.064,-24337240#2;-498033359#3;-535519490#0;-782714971#4;-783907721#1;-876343449#0;111677668#4;111681903#3;26216779#0;26216781#2;28468732#1;37628709#1;498033359#2;502325084#3;876057378#0;876343449#2,runs_J_k16_plain\none_seed4\g012_i002,runs_J_k16_plain\none_seed4\g012_i002\tripinfo.xml
12,3,16,712.0453333333334,-111681903#3;-24337240#2;-498033359#1;-498033359#2;-7365262;-835445203;-876343449#2;111681903#3;25970859#1;311298665;37628709#1;4935286#1;4935286#2;58621262#0;783907721#0;876057378#0,runs_J_k16_plain\none_seed4\g012_i003,runs_J_k16_plain\none_seed4\g012_i003\tripinfo.xml
12,4,16,709.3293333333334,-24337240#2;-28468730#0;-782714971#4;-783907721#1;-835445203;-876343449#2;111677668#3;111681903#3;24337240#0;28468730#1;37628709#1;535519490#1;62826731;783907721#0;876057378#2;876343449#2,runs_J_k16_plain\none_seed4\g012_i004,runs_J_k16_plain\none_seed4\g012_i004\tripinfo.xml
12,5,16,623.2353333333333,-24337240#4;-498033359#2;-502325084#1;-5197062#3;-535519490#1;-835443464;-876343449#1;-880137009#1;25970859#0;311298662#1;498033359#3;502325084#1;58621262#0;747448014;782714966#0;783907721#1,runs_J_k16_plain\none_seed4\g012_i005,runs_J_k16_plain\none_seed4\g012_i005\tripinfo.xml
12,6,16,511.866,-111677671#0;-24337240#6;-28298231;-535519490#0;-782714966#1;-782714971#0;111677668#0;111681903#3;24337240#2;26216781#1;311298662#0;4935286#2;4935286#3;876057378#2;876343449#0;876343449#2,runs_J_k16_plain\none_seed4\g012_i006,runs_J_k16_plain\none_seed4\g012_i006\tripinfo.xml
12,7,11,636.0233333333333,-120682114#2;-205590836#0;-311298682#0;-876343449#2;111677668#3;111681905#2;24337240#3;28468732#1;37628709#1;498033359#3;782710712,runs_J_k16_plain\none_seed4\g012_i007,runs_J_k16_plain\none_seed4\g012_i007\tripinfo.xml
12,8,16,1000000000000.0,-111677668#3;-111681903#0;-24337240#7;-535519490#1;-7365262;-782714966#1;111677668#0;111681903#3;26216781#2;311298685;37628709#0;4935286#3;502325084#0;535519490#0;782714971#3;880137010,runs_J_k16_plain\none_seed4\g012_i008,runs_J_k16_plain\none_seed4\g012_i008\tripinfo.xml
12,9,16,1000000000000.0,-24337240#2;-24337240#7;-25970859#1;-311298658;-498033359#2;-5197062#3;-782714971#4;-876343449#0;-880137009#0;26216779#1;26216781#1;26216781#2;311298658;37628709#1;783907721#0;880137010,runs_J_k16_plain\none_seed4\g012_i009,runs_J_k16_plain\none_seed4\g012_i009\tripinfo.xml
12,10,16,634.9933333333333,-111677668#0;-24337240#2;-502325084#3;-7365262;-74277990;-782714971#4;-783907721#1;111677668#3;26216779#0;37628709#1;535519490#0;782714966#1;782714971#3;7924772;876057378#2;876343449#2,runs_J_k16_plain\none_seed4\g012_i010,runs_J_k16_plain\none_seed4\g012_i010\tripinfo.xml
12,11,16,617.9066666666666,-205590836#0;-7365262;-876343449#2;-880137009#0;111681903#0;111681903#1;120682114#1;24337240#2;24337240#3;26216781#0;498033359#2;498033359#3;502325084#3;783907721#1;876343449#0;876343449#2,runs_J_k16_plain\none_seed4\g012_i011,runs_J_k16_plain\none_seed4\g012_i011\tripinfo.xml
12,12,16,352.20866666666666,-111681903#3;-24337240#4;-25970859#0;-311298665;-311298682#0;-502325084#1;-7365262;-783907721#0;-783907721#2;111681903#3;4935286#2;62826731;747448014;876057378#2;876057378#3;880137009#0,runs_J_k16_plain\none_seed4\g012_i012,runs_J_k16_plain\none_seed4\g012_i012\tripinfo.xml
12,13,16,386.616,-111677668#0;-111677668#4;-111681903#2;-28468730#0;-502325084#0;-5197062#3;-7365262;111677668#3;111677669#3;111677669#4;37628709#1;4935286#2;5197062#3;782714966#0;7924772;876057378#4,runs_J_k16_plain\none_seed4\g012_i013,runs_J_k16_plain\none_seed4\g012_i013\tripinfo.xml
12,14,16,646.5946666666666,-111677671#0;-111681903#0;-120682114#2;-205590836#0;-502325084#0;-535519490#0;-7365262;-782714966#0;-782714971#0;111677669#2;28468730#0;37628709#1;747448014;782714971#4;876343449#0;876343449#2,runs_J_k16_plain\none_seed4\g012_i014,runs_J_k16_plain\none_seed4\g012_i014\tripinfo.xml
12,15,16,354.294,-120682114#1;-24337240#0;-24337240#2;-25970859#0;-28468730#0;-782714971#1;-876343449#2;111681903#1;111681903#2;205590836#2;26216781#0;28468732#1;4935286#2;876057378#0;876057378#1;876057378#3,runs_J_k16_plain\none_seed4\g012_i015,runs_J_k16_plain\none_seed4\g012_i015\tripinfo.xml
12,16,16,501.0706666666667,-311298685;-782714966#1;-782714971#3;111677669#3;24337240#2;25970859#1;28468730#1;28468732#1;311298682#0;311298685;4935286#2;4970256#6;498033359#3;535519490#0;747448014;876057378#2,runs_J_k16_plain\none_seed4\g012_i016,runs_J_k16_plain\none_seed4\g012_i016\tripinfo.xml
12,17,16,373.8106666666667,-24337240#6;-25970859#0;-311298658;-311298682#0;-502325084#3;-7365262;-782714966#1;-782714971#4;-783907721#1;-880137009#0;26216779#0;28468732#0;4935286#2;62826731;782714971#2;876057378#0,runs_J_k16_plain\none_seed4\g012_i017,runs_J_k16_plain\none_seed4\g012_i017\tripinfo.xml
12,18,16,640.9006666666667,-28468730#0;-782714971#4;-783907721#1;-783907721#2;-835443464;111681903#1;120682114#1;24337240#0;24337240#2;24337240#7;37628709#0;498033359#3;782714971#1;876057378#4;876343449#0;876343449#2,runs_J_k16_plain\none_seed4\g012_i018,runs_J_k16_plain\none_seed4\g012_i018\tripinfo.xml
12,19,16,362.43533333333335,-24337240#1;-24337240#6;-5197062#4;-782714966#0;-782714971#0;-783907721#2;26216779#1;28468732#1;37628709#0;4935286#2;58621262#1;835443464;876057378#4;876057378#5;876343449#0;880137009#0,runs_J_k16_plain\none_seed4\g012_i019,runs_J_k16_plain\none_seed4\g012_i019\tripinfo.xml
12,20,16,660.4873333333334,-111677671#0;-311298658;-782714966#1;-782714971#1;-783907721#2;-880137009#0;111677668#4;111677669#4;111681903#0;24337240#2;26216779#0;26216781#1;4970256#6;62826731;747448014;7924772,runs_J_k16_plain\none_seed4\g012_i020,runs_J_k16_plain\none_seed4\g012_i020\tripinfo.xml
12,21,16,1000000000000.0,-498033359#1;-5197062#4;-783907721#0;111677668#0;111677669#5;111681905#1;111681905#2;28468730#0;37628709#1;4970256#6;4970256#7;498033359#3;5197062#4;783907721#2;876057378#2;876343449#2,runs_J_k16_plain\none_seed4\g012_i021,runs_J_k16_plain\none_seed4\g012_i021\tripinfo.xml
12,22,16,630.388,-311298685;-535519490#0;-782714971#1;-880137009#1;111681903#3;120682114#3;4935286#1;498033359#1;498033359#2;502325084#3;62826731;747448014;782714971#1;782714971#4;876343449#2;880137010,runs_J_k16_plain\none_seed4\g012_i022,runs_J_k16_plain\none_seed4\g012_i022\tripinfo.xml
12,23,16,2297.982666666667,-111677671#0;-120682114#1;-782714966#1;-876343449#2;111677668#3;111677668#4;111677669#3;111681903#1;28468730#1;4935286#1;4935286#2;498033359#0;502325084#0;7924772;835443464;876343449#0,runs_J_k16_plain\none_seed4\g012_i023,runs_J_k16_plain\none_seed4\g012_i023\tripinfo.xml
13,0,16,346.23133333333334,-24337240#2;-25970859#1;-7365262;-782714971#4;-783907721#1;-880137009#0;111681903#3;26216779#0;37628709#1;4935286#2;498033359#2;535519490#0;58621262#0;783907721#0;876057378#2;876343449#2,runs_J_k16_plain\none_seed4\g013_i000,runs_J_k16_plain\none_seed4\g013_i000\tripinfo.xml
13,1,16,401.718,-311298685;-535519490#0;111677669#4;120682114#1;120682114#3;24337240#2;28468732#1;311298662#0;311298682#0;4935286#2;4935299#1;498033359#2;498033359#3;747448014;782714971#1;876343449#0,runs_J_k16_plain\none_seed4\g013_i001,runs_J_k16_plain\none_seed4\g013_i001\tripinfo.xml
13,2,16,2126.2573333333335,-111677671#0;-74277990;-782714966#1;-880137009#0;111677669#3;28468730#1;28468732#1;311298682#0;4935286#1;4970256#6;498033359#1;535519490#0;835443464;876057378#1;876343449#1;880137010,runs_J_k16_plain\none_seed4\g013_i002,runs_J_k16_plain\none_seed4\g013_i002\tripinfo.xml
13,3,14,550.306,-111677668#3;-111681903#2;-24337240#3;-311298658;-502325084#0;-880137009#1;111677668#3;24337240#7;26216781#2;37628709#1;4935286#2;876057378#2;876057378#4;876343449#2,runs_J_k16_plain\none_seed4\g013_i003,runs_J_k16_plain\none_seed4\g013_i003\tripinfo.xml
13,4,16,644.456,-111677668#0;-111681903#3;-24337240#2;-28468730#0;-498033359#0;-782714966#0;-876343449#0;111677669#3;111677669#4;4935286#0;498033359#1;5197062#3;783907721#0;876057378#3;876057378#4;880137010,runs_J_k16_plain\none_seed4\g013_i004,runs_J_k16_plain\none_seed4\g013_i004\tripinfo.xml
13,5,16,443.124,-205590836#0;-24337240#6;-311298685;-782714971#3;111677669#1;111681905#2;26216781#3;37628709#0;37628709#1;4935286#2;4970256#8;782714971#0;835443464;876057378#4;876343449#0;880137009#0,runs_J_k16_plain\none_seed4\g013_i005,runs_J_k16_plain\none_seed4\g013_i005\tripinfo.xml
13,6,16,597.0993333333333,-120682114#1;-25970859#0;-782714971#1;-783907721#2;-876343449#0;111677669#1;111677669#4;111681903#2;120682114#3;205590836#2;28468730#1;28468732#1;4935286#3;535519490#0;58621262#1;783907721#1,runs_J_k16_plain\none_seed4\g013_i006,runs_J_k16_plain\none_seed4\g013_i006\tripinfo.xml
13,7,14,647.56,-24337240#1;-311298665;-498033359#2;-5197062#4;-782714966#0;-782714971#0;-783907721#2;28468732#1;4970256#6;502325084#3;876057378#5;876343449#0;876343449#2;880137009#1,runs_J_k16_plain\none_seed4\g013_i007,runs_J_k16_plain\none_seed4\g013_i007\tripinfo.xml
13,8,16,374.984,-111677668#4;-120682114#1;-782714966#0;-782714971#2;24337240#1;24337240#7;26216779#1;37628709#0;4935286#2;498033359#1;62826731;782714971#1;7924772;835443464;876057378#4;876343449#0,runs_J_k16_plain\none_seed4\g013_i008,runs_J_k16_plain\none_seed4\g013_i008\tripinfo.xml
13,9,11,1000000000000.0,-111681903#0;-24337240#1;-24337240#2;-311298665;-502325084#1;-880137009#0;25970859#0;311298662#1;747448014;783907721#2;876057378#4,runs_J_k16_plain\none_seed4\g013_i009,runs_J_k16_plain\none_seed4\g013_i009\tripinfo.xml
13,10,16,620.6506666666667,-111681903#1;-24337240#0;-24337240#4;-25970859#0;-311298682#0;-502325084#1;-502325084#3;-5197062#3;-535519490#1;-7365262;111681903#3;120682114#1;120682114#2;25970859#1;835445203;876057378#2,runs_J_k16_plain\none_seed4\g013_i010,runs_J_k16_plain\none_seed4\g013_i010\tripinfo.xml
13,11,16,593.464,-205590836#0;-24337240#0;-24337240#4;-5197062#3;-7365262;111677668#3;111677668#4;120682114#1;24337240#7;37628709#1;498033359#3;5197062#3;58621262#1;835445203;876057378#2;880137009#1,runs_J_k16_plain\none_seed4\g013_i011,runs_J_k16_plain\none_seed4\g013_i011\tripinfo.xml
13,12,14,585.19,-111681903#3;-28298231;-498033359#3;-502325084#0;-535519490#0;120682114#3;28468732#0;311298685;498033359#0;498033359#2;498033359#3;58621262#0;747448014;782714966#0,runs_J_k16_plain\none_seed4\g013_i012,runs_J_k16_plain\none_seed4\g013_i012\tripinfo.xml
13,13,6,739.978,-24337240#4;-498033359#2;-502325084#1;-783907721#2;24337240#5;876057378#4,runs_J_k16_plain\none_seed4\g013_i013,runs_J_k16_plain\none_seed4\g013_i013\tripinfo.xml
13,14,16,733.814,-111677668#4;-111681903#3;-24337240#4;-24337240#6;-28468730#0;-311298685;-835443464;111681903#3;111681905#2;24337240#1;25970859#0;311298658;58621262#0;62826731;782714971#3;880137009#0,runs_J_k16_plain\none_seed4\g013_i014,runs_J_k16_plain\none_seed4\g013_i014\tripinfo.xml
13,15,16,802.2126666666667,-24337240#6;-25970859#1;-782714971#0;-783907721#0;-783907721#2;-880137009#1;26216779#1;28468730#1;311298658;37628709#0;4970256#8;502325084#1;835443464;876057378#5;876343449#0;880137009#0,runs_J_k16_plain\none_seed4\g013_i015,runs_J_k16_plain\none_seed4\g013_i015\tripinfo.xml
13,16,16,1000000000000.0,-120682114#1;-25970859#0;-311298665;-502325084#1;-782714971#1;-782714971#4;-876343449#2;111681903#1;28468732#1;498033359#1;782714971#3;835443464;876057378#0;876057378#1;876057378#3;876343449#2,runs_J_k16_plain\none_seed4\g013_i016,runs_J_k16_plain\none_seed4\g013_i016\tripinfo.xml
13,17,16,1167.8486666666668,-111681903#3;-24337240#4;-25970859#0;-783907721#0;-783907721#2;111677668#3;111677669#2;111681903#3;24337240#1;26216779#0;26216779#1;4935286#2;4935299#1;782714971#3;782714971#4;876057376,runs_J_k16_plain\none_seed4\g013_i017,runs_J_k16_plain\none_seed4\g013_i017\tripinfo.xml
13,18,8,691.4106666666667,-205590836#0;-7365262;-782714971#2;37628709#1;498033359#0;58621262#0;835445203;880137009#0,runs_J_k16_plain\none_seed4\g013_i018,runs_J_k16_plain\none_seed4\g013_i018\tripinfo.xml
13,19,16,1717.8466666666666,-111681903#3;-24337240#0;-5197062#4;-783907721#2;111677669#5;111681903#3;120682114#2;24337240#3;26216779#1;4935286#2;535519490#0;782714971#1;783907721#0;876057378#2;876057378#5;880137009#0,runs_J_k16_plain\none_seed4\g013_i019,runs_J_k16_plain\none_seed4\g013_i019\tripinfo.xml
13,20,16,377.74733333333336,-24337240#1;-25970859#0;-28468730#0;-782714971#3;-876343449#0;-880137009#0;111681903#1;26216779#0;37628709#0;4935286#2;58621262#0;58621262#1;782714971#2;876057378#4;876343449#0;876343449#1,runs_J_k16_plain\none_seed4\g013_i020,runs_J_k16_plain\none_seed4\g013_i020\tripinfo.xml
13,21,16,576.2093333333333,-111681903#1;-111681903#2;-7365262;-835443464;111677668#3;111677668#4;111677669#0;111677669#5;311298662#0;37628709#0;37628709#1;782714966#0;7924772;835443464;876343449#0;880140407,runs_J_k16_plain\none_seed4\g013_i021,runs_J_k16_plain\none_seed4\g013_i021\tripinfo.xml
13,22,16,690.6846666666667,-111681903#2;-24337240#6;-311298662#0;-498033359#2;-535519490#0;111681903#0;111681903#1;120682114#3;4935286#2;4935286#3;535519490#1;58621262#0;782714966#0;876057378#4;880137009#0;880140407,runs_J_k16_plain\none_seed4\g013_i022,runs_J_k16_plain\none_seed4\g013_i022\tripinfo.xml
13,23,3,642.856,-111677668#4;-783907721#1;62826731,runs_J_k16_plain\none_seed4\g013_i023,runs_J_k16_plain\none_seed4\g013_i023\tripinfo.xml
14,0,16,346.23133333333334,-24337240#2;-25970859#1;-7365262;-782714971#4;-783907721#1;-880137009#0;111681903#3;26216779#0;37628709#1;4935286#2;498033359#2;535519490#0;58621262#0;783907721#0;876057378#2;876343449#2,runs_J_k16_plain\none_seed4\g014_i000,runs_J_k16_plain\none_seed4\g014_i000\tripinfo.xml
14,1,16,1000000000000.0,-120682114#2;-120682114#3;-205590836#0;-311298685;-535519490#1;111677668#3;120682114#1;26216781#3;4935286#2;498033359#3;782714971#0;782714971#4;783907721#1;7924772;876057378#4;876343449#0,runs_J_k16_plain\none_seed4\g014_i001,runs_J_k16_plain\none_seed4\g014_i001\tripinfo.xml
14,2,16,789.0666666666667,-111681903#1;-24337240#1;-24337240#3;-311298658;-311298685;111677669#1;111677669#3;311298658;311298662#0;37628709#0;37628709#1;4935286#3;4935299#1;782714971#1;876057378#5;880137009#1,runs_J_k16_plain\none_seed4\g014_i002,runs_J_k16_plain\none_seed4\g014_i002\tripinfo.xml
14,3,16,763.6313333333334,-111677668#4;-25970859#1;-498033359#3;-502325084#0;-835443464;120682114#1;26216779#0;28468732#0;311298665;498033359#0;498033359#3;535519490#0;58621262#0;782714966#0;876057378#2;876343449#0,runs_J_k16_plain\none_seed4\g014_i003,runs_J_k16_plain\none_seed4\g014_i003\tripinfo.xml
14,4,16,1348.6353333333334,-498033359#0;-7365262;-876343449#1;-880137009#0;111681903#2;120682114#2;120682114#3;24337240#7;311298685;4970256#6;498033359#1;502325084#0;58621262#0;783907721#0;783907721#2;876343449#2,runs_J_k16_plain\none_seed4\g014_i004,runs_J_k16_plain\none_seed4\g014_i004\tripinfo.xml
14,5,12,643.0693333333334,-111677668#3;-205590836#0;-24337240#6;-311298685;-782714966#1;-782714971#0;-782714971#3;37628709#0;37628709#1;502325084#1;782714971#0;835443464,runs_J_k16_plain\none_seed4\g014_i005,runs_J_k16_plain\none_seed4\g014_i005\tripinfo.xml
14,6,16,661.8006666666666,-111681903#2;-120682114#1;-24337240#7;-25970859#1;-498033359#3;-5197062#3;-7365262;111677668#4;111681903#2;120682114#1;24337240#7;498033359#1;498033359#3;58621262#1;835445203;876057378#2,runs_J_k16_plain\none_seed4\g014_i006,runs_J_k16_plain\none_seed4\g014_i006\tripinfo.xml
14,7,3,644.456,-28298231;37628709#1;4935286#1,runs_J_k16_plain\none_seed4\g014_i007,runs_J_k16_plain\none_seed4\g014_i007\tripinfo.xml
14,8,16,357.6933333333333,-24337240#1;-24337240#3;-25970859#0;-498033359#2;-7365262;-783907721#1;-880137009#0;111681903#3;28468730#0;4935286#2;7924772;835443464;876057378#0;876057378#2;876343449#0;876343449#2,runs_J_k16_plain\none_seed4\g014_i008,runs_J_k16_plain\none_seed4\g014_i008\tripinfo.xml
14,9,16,1225.306,-111677668#4;-24337240#2;-24337240#6;-782714971#4;-783907721#1;-835443464;-880137009#0;120682114#3;24337240#2;26216781#0;4935286#2;782714971#1;783907721#0;876057378#2;876343449#2;880137009#1,runs_J_k16_plain\none_seed4\g014_i009,runs_J_k16_plain\none_seed4\g014_i009\tripinfo.xml
14,10,16,657.91,-24337240#7;-502325084#0;-880137009#1;111677668#3;111677669#4;24337240#7;26216781#2;28468732#0;311298658;311298662#0;4935286#2;502325084#0;502325084#3;782714966#0;876057378#2;876057378#4,runs_J_k16_plain\none_seed4\g014_i010,runs_J_k16_plain\none_seed4\g014_i010\tripinfo.xml
14,11,9,643.0813333333333,-111677668#3;-535519490#0;24337240#3;28468732#1;311298662#0;502325084#1;7924772;835445203;876057378#4,runs_J_k16_plain\none_seed4\g014_i011,runs_J_k16_plain\none_seed4\g014_i011\tripinfo.xml
14,12,16,1000000000000.0,-111677668#4;-311298665;-7365262;-782714971#1;-783907721#2;24337240#2;24337240#7;26216781#0;37628709#0;4935286#2;4970256#5;498033359#1;498033359#2;747448014;876343449#0;876343449#1,runs_J_k16_plain\none_seed4\g014_i012,runs_J_k16_plain\none_seed4\g014_i012\tripinfo.xml
14,13,16,631.0513333333333,-111677671#0;-111681903#3;-28298231;-502325084#0;-782714966#0;-782714966#1;-835443464;111677668#4;120682114#1;24337240#3;26216781#2;498033359#2;5197062#3;747448014;7924772;835443464,runs_J_k16_plain\none_seed4\g014_i013,runs_J_k16_plain\none_seed4\g014_i013\tripinfo.xml
14,14,16,678.662,-28468730#0;-498033359#3;-7365262;-782714971#2;-876343449#1;111677668#3;111677669#0;111677669#3;111681903#0;28468732#0;37628709#1;498033359#0;498033359#3;58621262#0;782714966#0;782714966#1,runs_J_k16_plain\none_seed4\g014_i014,runs_J_k16_plain\none_seed4\g014_i014\tripinfo.xml
14,15,15,1000000000000.0,-111677668#3;-111681903#1;-311298665;-7365262;-783907721#1;-835445203;111681903#3;26216779#0;26216781#3;37628709#1;535519490#0;535519490#1;783907721#0;835443464;876343449#2,runs_J_k16_plain\none_seed4\g014_i015,runs_J_k16_plain\none_seed4\g014_i015\tripinfo.xml
14,16,16,2407.2853333333333,-111681903#1;-111681903#2;-24337240#4;-835443464;111677668#4;111677669#0;111677669#5;24337240#5;37628709#0;4970256#8;535519490#1;62826731;782714966#0;782714971#2;7924772;835443464,runs_J_k16_plain\none_seed4\g014_i016,runs_J_k16_plain\none_seed4\g014_i016\tripinfo.xml
14,17,16,402.05533333333335,-111681903#2;-24337240#3;-28468730#0;-880137009#0;111677669#2;111681903#1;24337240#7;4935286#2;4935299#1;4970256#6;4970256#8;58621262#0;782714971#2;783907721#1;876343449#0;876343449#1,runs_J_k16_plain\none_seed4\g014_i017,runs_J_k16_plain\none_seed4\g014_i017\tripinfo.xml
14,18,16,644.456,-24337240#4;-25970859#0;-28468730#0;-782714966#1;-782714971#3;111677668#4;24337240#4;26216781#1;311298682#0;37628709#0;4935286#2;5197062#4;58621262#1;876343449#0;876343449#1;880140407,runs_J_k16_plain\none_seed4\g014_i018,runs_J_k16_plain\none_seed4\g014_i018\tripinfo.xml
14,19,16,794.4646666666666,-120682114#3;-25970859#1;-311298685;-7365262;-782714971#1;-783907721#1;111681903#3;24337240#2;26216779#0;498033359#2;782714971#1;782714971#2;783907721#0;835445203;876057378#2;876343449#2,runs_J_k16_plain\none_seed4\g014_i019,runs_J_k16_plain\none_seed4\g014_i019\tripinfo.xml
14,20,16,349.8226666666667,-111677671#0;-111681903#1;-25970859#1;-28298231;-311298658;-782714971#4;-783907721#1;-835443464;-880137009#0;24337240#1;26216779#0;311298685;4935286#2;498033359#2;58621262#0;876057376,runs_J_k16_plain\none_seed4\g014_i020,runs_J_k16_plain\none_seed4\g014_i020\tripinfo.xml
14,21,9,383.2613333333333,-111677668#3;-120682114#3;-24337240#1;-502325084#1;111677669#3;25970859#1;4935286#2;4970256#6;5197062#3,runs_J_k16_plain\none_seed4\g014_i021,runs_J_k16_plain\none_seed4\g014_i021\tripinfo.xml
14,22,16,1094.4586666666667,-111677671#0;-24337240#0;-25970859#0;-311298662#1;-498033359#0;-5197062#3;-535519490#1;-782714971#3;-835443464;-880137009#0;111681905#2;120682114#2;28468730#0;4935286#1;876057378#4;876343449#0,runs_J_k16_plain\none_seed4\g014_i022,runs_J_k16_plain\none_seed4\g014_i022\tripinfo.xml
14,23,16,781.218,-111681903#3;-25970859#0;-498033359#2;-498033359#3;-782714971#0;111677668#3;111681905#1;111681905#2;4970256#6;498033359#0;58621262#0;782714966#0;782714971#1;880137009#0;880137009#1;880140407,runs_J_k16_plain\none_seed4\g014_i023,runs_J_k16_plain\none_seed4\g014_i023\tripinfo.xml
15,0,16,346.23133333333334,-24337240#2;-25970859#1;-7365262;-782714971#4;-783907721#1;-880137009#0;111681903#3;26216779#0;37628709#1;4935286#2;498033359#2;535519490#0;58621262#0;783907721#0;876057378#2;876343449#2,runs_J_k16_plain\none_seed4\g015_i000,runs_J_k16_plain\none_seed4\g015_i000\tripinfo.xml
15,1,16,1000000000000.0,-111681903#1;-24337240#1;-5197062#3;-783907721#1;-876343449#2;-880137009#0;111681903#3;28468730#0;37628709#1;4935286#2;4970256#7;783907721#0;7924772;835443464;876057378#2;876343449#2,runs_J_k16_plain\none_seed4\g015_i001,runs_J_k16_plain\none_seed4\g015_i001\tripinfo.xml
15,2,13,1000000000000.0,-24337240#3;-28468730#0;111681903#1;111681903#3;24337240#7;4970256#5;4970256#6;4970256#8;62826731;782714971#2;783907721#1;876343449#1;880137009#0,runs_J_k16_plain\none_seed4\g015_i002,runs_J_k16_plain\none_seed4\g015_i002\tripinfo.xml
15,3,16,1287.7453333333333,-120682114#3;-25970859#1;-782714971#1;-782714971#4;-783907721#1;-880137009#0;111677668#3;111681903#0;120682114#2;37628709#1;498033359#2;535519490#0;58621262#0;783907721#0;876057378#2;876343449#2,runs_J_k16_plain\none_seed4\g015_i003,runs_J_k16_plain\none_seed4\g015_i003\tripinfo.xml
15,4,16,360.998,-111681903#0;-111681903#2;-24337240#1;-24337240#3;-24337240#4;-25970859#0;-28468730#0;-311298658;-498033359#2;-782714971#1;-880137009#0;4935286#2;4970256#5;783907721#1;7924772;876057378#0,runs_J_k16_plain\none_seed4\g015_i004,runs_J_k16_plain\none_seed4\g015_i004\tripinfo.xml
15,5,16,386.6933333333333,-120682114#3;-24337240#4;-498033359#0;-498033359#1;-7365262;-782714971#3;-880137009#0;-880137009#1;24337240#1;25970859#1;26216779#0;28468730#0;37628709#1;4935286#2;4935286#3;5197062#3,runs_J_k16_plain\none_seed4\g015_i005,runs_J_k16_plain\none_seed4\g015_i005\tripinfo.xml
15,6,16,898.1393333333333,-24337240#2;-311298682#0;-498033359#0;-535519490#1;-782714971#1;111677669#3;25970859#0;26216781#0;26216781#3;4935286#2;498033359#2;535519490#0;782714971#4;783907721#0;835445203;876057378#2,runs_J_k16_plain\none_seed4\g015_i006,runs_J_k16_plain\none_seed4\g015_i006\tripinfo.xml
15,7,9,840.0453333333334,-24337240#7;-25970859#1;-782714966#1;-782714971#1;28468732#1;498033359#3;535519490#0;876057378#4;876343449#0,runs_J_k16_plain\none_seed4\g015_i007,runs_J_k16_plain\none_seed4\g015_i007\tripinfo.xml
15,8,16,655.0413333333333,-111681903#2;-24337240#3;-4950193;-7365262;-782714971#3;-876343449#0;-880137009#0;111677669#2;131942152;28468732#0;4935299#1;5197062#4;58621262#0;782714971#2;783907721#1;876343449#0,runs_J_k16_plain\none_seed4\g015_i008,runs_J_k16_plain\none_seed4\g015_i008\tripinfo.xml
15,9,16,367.48066666666665,-111681903#0;-24337240#2;-25970859#1;-7365262;-783907721#1;-835443464;24337240#1;26216779#0;28468730#1;311298682#0;37628709#1;4935286#2;498033359#3;876057378#2;876343449#2;880137010,runs_J_k16_plain\none_seed4\g015_i009,runs_J_k16_plain\none_seed4\g015_i009\tripinfo.xml
15,10,7,358.7726666666667,26216779#0;311298682#0;4935286#2;498033359#2;58621262#0;876057378#2;876343449#2,runs_J_k16_plain\none_seed4\g015_i010,runs_J_k16_plain\none_seed4\g015_i010\tripinfo.xml
15,11,16,752.558,-111681903#3;-28298231;-311298658;-782714966#0;-782714966#1;-835443464;-835445203;111677668#0;111677668#4;120682114#1;26216779#0;4935286#0;4935286#1;4935286#2;4935299#1;876343449#1,runs_J_k16_plain\none_seed4\g015_i011,runs_J_k16_plain\none_seed4\g015_i011\tripinfo.xml
15,12,16,776.686,-111677671#0;-24337240#3;-25970859#1;-311298662#0;-502325084#0;-5197062#4;-835443464;-880137009#0;120682114#3;205590836#2;24337240#1;498033359#2;5197062#3;535519490#0;747448014;880137009#1,runs_J_k16_plain\none_seed4\g015_i012,runs_J_k16_plain\none_seed4\g015_i012\tripinfo.xml
15,13,16,402.74133333333333,-111677668#0;-111681903#0;-24337240#1;-311298658;-782714971#4;-783907721#1;111677669#3;111677669#5;111681903#0;24337240#7;26216779#0;4935286#2;502325084#1;535519490#0;747448014;876057378#0,runs_J_k16_plain\none_seed4\g015_i013,runs_J_k16_plain\none_seed4\g015_i013\tripinfo.xml
15,14,16,634.616,-111677668#3;-120682114#3;-28468730#0;-7365262;-783907721#0;-880137009#0;111681903#2;111681903#3;24337240#0;24337240#7;25970859#1;26216781#0;311298658;311298662#0;498033359#2;58621262#0,runs_J_k16_plain\none_seed4\g015_i014,runs_J_k16_plain\none_seed4\g015_i014\tripinfo.xml
15,15,16,437.9986666666667,-111677668#3;-120682114#3;-24337240#1;-498033359#1;-782714971#0;-880137009#0;111677669#0;111677669#2;111681903#3;24337240#2;4935286#2;4970256#7;502325084#1;5197062#3;535519490#0;783907721#0,runs_J_k16_plain\none_seed4\g015_i015,runs_J_k16_plain\none_seed4\g015_i015\tripinfo.xml
15,16,16,1064.9053333333334,-24337240#2;-24337240#3;-25970859#1;-311298662#1;-782714971#4;-783907721#0;-783907721#1;-835445203;111681905#1;26216781#2;26216781#3;28468730#1;4935286#1;4935286#2;498033359#2;782714971#0,runs_J_k16_plain\none_seed4\g015_i016,runs_J_k16_plain\none_seed4\g015_i016\tripinfo.xml
15,17,16,815.5266666666666,-111677668#3;-111677668#4;-24337240#7;-311298685;-498033359#0;-502325084#1;-880140407;111677669#1;24337240#3;28468730#1;4935286#0;4970256#6;502325084#1;5197062#3;782714971#2;880137009#0,runs_J_k16_plain\none_seed4\g015_i017,runs_J_k16_plain\none_seed4\g015_i017\tripinfo.xml
15,18,10,725.3373333333333,-25970859#0;-311298685;-4950193;-535519490#0;111677669#3;25970859#1;58621262#0;7924772;876057378#2;880140407,runs_J_k16_plain\none_seed4\g015_i018,runs_J_k16_plain\none_seed4\g015_i018\tripinfo.xml
15,19,12,1000000000000.0,-111681903#1;-120682114#3;-28298231;-311298665;111677669#2;26216779#0;28468730#1;311298658;4935286#3;835445203;880137010;880140407,runs_J_k16_plain\none_seed4\g015_i019,runs_J_k16_plain\none_seed4\g015_i019\tripinfo.xml
15,20,16,616.8653333333333,-111677671#0;-111681903#1;-24337240#4;-782714971#0;-782714971#3;-783907721#1;-835443464;111681903#0;24337240#1;26216779#0;37628709#1;498033359#2;498033359#3;782714966#0;876057376;876343449#0,runs_J_k16_plain\none_seed4\g015_i020,runs_J_k16_plain\none_seed4\g015_i020\tripinfo.xml
15,21,16,1000000000000.0,-24337240#3;-311298685;-74277990;-782714971#2;-782714971#3;111681903#0;37628709#0;4935286#3;4970256#8;498033359#2;502325084#1;782714971#0;782714971#2;835443464;876057376;876057378#0,runs_J_k16_plain\none_seed4\g015_i021,runs_J_k16_plain\none_seed4\g015_i021\tripinfo.xml
15,22,1,644.456,-880140407,runs_J_k16_plain\none_seed4\g015_i022,runs_J_k16_plain\none_seed4\g015_i022\tripinfo.xml
15,23,16,451.67266666666666,-111681903#1;-28298231;-311298658;-498033359#2;-535519490#0;-782714971#1;-880137009#0;111681905#1;311298685;4935286#2;4970256#6;498033359#2;535519490#1;783907721#1;876057376;876057378#3,runs_J_k16_plain\none_seed4\g015_i023,runs_J_k16_plain\none_seed4\g015_i023\tripinfo.xml
