gen,idx,k,score,closed_edges,run_dir,tripinfo
1,0,9,749.618,-25970859#1;-4950193;311298685;37628709#1;4970256#6;498033359#0;502325084#3;876057378#0;876057378#4,runs_J_k16_plain\none_seed2\g001_i000,runs_J_k16_plain\none_seed2\g001_i000\tripinfo.xml
1,1,7,661.2246666666666,-120682114#2;-120682114#3;-782714966#0;-782714971#4;111681903#3;747448014;876343449#1,runs_J_k16_plain\none_seed2\g001_i001,runs_J_k16_plain\none_seed2\g001_i001\tripinfo.xml
1,2,5,644.456,-111677668#0;-311298658;-498033359#3;-782714971#3;782714966#1,runs_J_k16_plain\none_seed2\g001_i002,runs_J_k16_plain\none_seed2\g001_i002\tripinfo.xml
1,3,6,624.9926666666667,-498033359#0;-535519490#1;-782714971#4;28468732#0;4935286#0;4970256#5,runs_J_k16_plain\none_seed2\g001_i003,runs_J_k16_plain\none_seed2\g001_i003\tripinfo.xml
1,4,8,499.0006666666667,-24337240#0;-311298658;120682114#1;4935286#0;4935286#3;502325084#3;62826731;783907721#1,runs_J_k16_plain\none_seed2\g001_i004,runs_J_k16_plain\none_seed2\g001_i004\tripinfo.xml
1,5,7,591.7833333333333,-111681903#3;-28468730#0;111681905#2;26216779#1;26216781#0;783907721#1;876057378#1,runs_J_k16_plain\none_seed2\g001_i005,runs_J_k16_plain\none_seed2\g001_i005\tripinfo.xml
1,6,9,589.856,-120682114#1;-24337240#4;-311298685;-74277990;-782714966#0;24337240#4;535519490#0;747448014;880137009#0,runs_J_k16_plain\none_seed2\g001_i006,runs_J_k16_plain\none_seed2\g001_i006\tripinfo.xml
1,7,12,563.0346666666667,-311298662#0;-535519490#1;-835443464;-880137009#1;111681905#1;24337240#4;26216779#1;26216781#0;26216781#2;4935286#0;498033359#0;783907721#1,runs_J_k16_plain\none_seed2\g001_i007,runs_J_k16_plain\none_seed2\g001_i007\tripinfo.xml
1,8,7,581.3653333333333,-24337240#2;-24337240#4;-311298662#0;-782714971#4;-783907721#0;782710712;7924772,runs_J_k16_plain\none_seed2\g001_i008,runs_J_k16_plain\none_seed2\g001_i008\tripinfo.xml
1,9,8,638.9133333333333,-502325084#3;-782714971#4;25970859#0;26216781#3;28468732#0;4935299#1;4970256#5;502325084#0,runs_J_k16_plain\none_seed2\g001_i009,runs_J_k16_plain\none_seed2\g001_i009\tripinfo.xml
1,10,9,734.978,-25970859#1;-498033359#3;-783907721#0;-876343449#2;111681903#0;311298662#1;4935299#1;5197062#3;876343449#1,runs_J_k16_plain\none_seed2\g001_i010,runs_J_k16_plain\none_seed2\g001_i010\tripinfo.xml
1,11,13,637.6806666666666,-111677668#3;-205590836#0;-24337240#1;-24337240#7;-498033359#0;-880137009#1;111677668#4;120682114#1;205590836#2;498033359#0;835445203;876057378#0;876057378#3,runs_J_k16_plain\none_seed2\g001_i011,runs_J_k16_plain\none_seed2\g001_i011\tripinfo.xml
1,12,3,598.9273333333333,25970859#1;498033359#0;498033359#1,runs_J_k16_plain\none_seed2\g001_i012,runs_J_k16_plain\none_seed2\g001_i012\tripinfo.xml
1,13,9,753.1126666666667,-111677668#4;111681905#2;120682114#3;24337240#2;24337240#5;4970256#7;502325084#3;58621262#1;782714971#2,runs_J_k16_plain\none_seed2\g001_i013,runs_J_k16_plain\none_seed2\g001_i013\tripinfo.xml
1,14,8,619.8806666666667,-24337240#2;111677669#5;111681903#1;111681905#2;747448014;782714971#3;876057378#3;876057378#5,runs_J_k16_plain\none_seed2\g001_i014,runs_J_k16_plain\none_seed2\g001_i014\tripinfo.xml
1,15,3,602.0886666666667,-4950193;-835443464;876343449#0,runs_J_k16_plain\none_seed2\g001_i015,runs_J_k16_plain\none_seed2\g001_i015\tripinfo.xml
1,16,9,1329.7226666666666,-111677668#4;-24337240#4;-5197062#3;111677669#1;111681903#1;120682114#2;26216779#0;311298662#0;498033359#2,runs_J_k16_plain\none_seed2\g001_i016,runs_J_k16_plain\none_seed2\g001_i016\tripinfo.xml
1,17,10,643.892,-111677671#0;-205590836#0;-535519490#0;-782714966#1;111681903#3;120682114#1;24337240#3;28468730#0;782714971#0;876057376,runs_J_k16_plain\none_seed2\g001_i017,runs_J_k16_plain\none_seed2\g001_i017\tripinfo.xml
1,18,6,645.5113333333334,-111677671#0;-111681903#3;-24337240#1;-502325084#0;26216781#3;876057378#3,runs_J_k16_plain\none_seed2\g001_i018,runs_J_k16_plain\none_seed2\g001_i018\tripinfo.xml
1,19,8,626.954,-835443464;-835445203;24337240#4;28468732#0;502325084#0;747448014;783907721#2;835443464,runs_J_k16_plain\none_seed2\g001_i019,runs_J_k16_plain\none_seed2\g001_i019\tripinfo.xml
1,20,8,935.1386666666667,-111681903#2;-782714971#0;-880137009#1;311298658;311298662#1;311298685;37628709#1;4970256#5,runs_J_k16_plain\none_seed2\g001_i020,runs_J_k16_plain\none_seed2\g001_i020\tripinfo.xml
1,21,3,644.456,-24337240#1;-4950193;4935286#1,runs_J_k16_plain\none_seed2\g001_i021,runs_J_k16_plain\none_seed2\g001_i021\tripinfo.xml
1,22,5,945.6306666666667,-120682114#3;-24337240#3;-25970859#0;111681903#2;311298658,runs_J_k16_plain\none_seed2\g001_i022,runs_J_k16_plain\none_seed2\g001_i022\tripinfo.xml
1,23,11,612.6006666666667,-205590836#0;-311298685;-502325084#1;-7365262;25970859#0;26216779#0;26216779#1;311298682#0;311298685;4970256#7;5197062#4,runs_J_k16_plain\none_seed2\g001_i023,runs_J_k16_plain\none_seed2\g001_i023\tripinfo.xml
2,0,8,499.0006666666667,-24337240#0;-311298658;120682114#1;4935286#0;4935286#3;502325084#3;62826731;783907721#1,runs_J_k16_plain\none_seed2\g002_i000,runs_J_k16_plain\none_seed2\g002_i000\tripinfo.xml
2,1,16,468.82666666666665,-24337240#6;-311298682#0;-835443464;-880137009#1;111677668#4;111677669#4;24337240#7;26216781#0;28468730#0;311298662#0;4935286#0;4935286#3;535519490#0;62826731;7924772;876057378#1,runs_J_k16_plain\none_seed2\g002_i001,runs_J_k16_plain\none_seed2\g002_i001\tripinfo.xml
2,2,16,1000000000000.0,-205590836#0;-24337240#0;-24337240#3;-311298662#0;-535519490#1;-782714966#1;111677669#3;24337240#5;26216781#2;28468730#0;311298682#0;4970256#7;498033359#0;782714971#3;783907721#1;880137009#1,runs_J_k16_plain\none_seed2\g002_i002,runs_J_k16_plain\none_seed2\g002_i002\tripinfo.xml
2,3,16,1000000000000.0,-111681903#2;-311298662#0;-311298662#1;-311298665;-783907721#0;-835445203;111681905#1;111681905#2;24337240#3;24337240#4;25970859#1;311298662#0;311298662#1;311298682#0;835443464;880137009#1,runs_J_k16_plain\none_seed2\g002_i003,runs_J_k16_plain\none_seed2\g002_i003\tripinfo.xml
2,4,16,755.2626666666666,-111677671#0;-120682114#1;-24337240#0;-782714971#0;-782714971#4;111677668#0;111677669#4;28468732#0;4970256#6;502325084#0;502325084#1;747448014;782710712;782714966#1;835443464;880137009#1,runs_J_k16_plain\none_seed2\g002_i004,runs_J_k16_plain\none_seed2\g002_i004\tripinfo.xml
2,5,16,742.7393333333333,-24337240#4;-25970859#1;-498033359#1;-498033359#2;-74277990;-835443464;111677669#4;131942152;24337240#0;24337240#4;24337240#7;26216779#1;535519490#0;782714966#0;782714971#0;876057378#4,runs_J_k16_plain\none_seed2\g002_i005,runs_J_k16_plain\none_seed2\g002_i005\tripinfo.xml
2,6,7,842.352,-120682114#1;-4950193;-783907721#1;-876343449#1;26216779#1;880137009#0;880137010,runs_J_k16_plain\none_seed2\g002_i006,runs_J_k16_plain\none_seed2\g002_i006\tripinfo.xml
2,7,16,394.946,-24337240#4;-311298658;-311298662#0;-4950193;-498033359#0;-5197062#3;24337240#7;25970859#1;26216779#1;26216781#0;4935286#2;502325084#1;62826731;7924772;876057378#1;876343449#1,runs_J_k16_plain\none_seed2\g002_i007,runs_J_k16_plain\none_seed2\g002_i007\tripinfo.xml
2,8,16,1000000000000.0,-24337240#0;-28468730#0;-311298682#0;-502325084#1;-502325084#3;-782714966#1;-782714971#3;-835445203;120682114#3;205590836#2;4935286#0;4935286#3;4935299#1;876057378#1;880137010;880140407,runs_J_k16_plain\none_seed2\g002_i008,runs_J_k16_plain\none_seed2\g002_i008\tripinfo.xml
2,9,16,515.88,-111677671#0;-111681903#3;-24337240#2;-24337240#7;-4950193;-502325084#1;-783907721#2;-835443464;-880137009#0;111677669#0;4935286#2;4935299#1;782714966#0;782714966#1;783907721#1;835443464,runs_J_k16_plain\none_seed2\g002_i009,runs_J_k16_plain\none_seed2\g002_i009\tripinfo.xml
2,10,16,642.1613333333333,-24337240#1;-28468730#0;-502325084#1;-782714971#4;-783907721#0;-835445203;111677669#1;24337240#4;28468732#0;37628709#0;37628709#1;4970256#7;498033359#3;502325084#0;783907721#2;7924772,runs_J_k16_plain\none_seed2\g002_i010,runs_J_k16_plain\none_seed2\g002_i010\tripinfo.xml
2,11,16,1000000000000.0,-111677668#3;-111677671#0;-111681903#3;-120682114#3;-24337240#4;-28468730#0;-498033359#2;-782714966#1;-783907721#0;24337240#0;28468730#0;28468730#1;37628709#0;783907721#1;876057378#4;880137009#0,runs_J_k16_plain\none_seed2\g002_i011,runs_J_k16_plain\none_seed2\g002_i011\tripinfo.xml
2,12,16,391.56,-24337240#2;-24337240#7;-783907721#0;-876343449#0;111681903#1;111681905#2;24337240#0;25970859#1;26216779#1;26216781#0;311298685;4935286#2;4970256#8;58621262#0;7924772;880137009#1,runs_J_k16_plain\none_seed2\g002_i012,runs_J_k16_plain\none_seed2\g002_i012\tripinfo.xml
2,13,16,708.714,-311298682#0;-502325084#1;-835443464;-835445203;-880137009#1;111681905#1;111681905#2;131942152;24337240#4;26216779#0;26216781#1;28468732#0;4935286#0;498033359#0;782714971#3;783907721#0,runs_J_k16_plain\none_seed2\g002_i013,runs_J_k16_plain\none_seed2\g002_i013\tripinfo.xml
2,14,16,1000000000000.0,-111677668#0;-502325084#0;-5197062#3;-535519490#1;-7365262;-835445203;111677669#3;111681903#1;111681905#2;24337240#4;24337240#7;26216781#0;26216781#2;498033359#0;535519490#1;783907721#2,runs_J_k16_plain\none_seed2\g002_i014,runs_J_k16_plain\none_seed2\g002_i014\tripinfo.xml
2,15,14,653.2513333333334,-24337240#7;-311298662#1;-74277990;-783907721#1;-835445203;-880137009#0;111677668#4;24337240#2;24337240#4;28468732#0;311298658;4970256#5;783907721#2;876057378#3,runs_J_k16_plain\none_seed2\g002_i015,runs_J_k16_plain\none_seed2\g002_i015\tripinfo.xml
2,16,10,661.2246666666666,-111677668#0;-120682114#2;-782714966#0;-782714971#4;-783907721#1;111677669#0;111681903#3;783907721#1;876057378#0;880137010,runs_J_k16_plain\none_seed2\g002_i016,runs_J_k16_plain\none_seed2\g002_i016\tripinfo.xml
2,17,16,722.3753333333333,-111681903#1;-120682114#1;-24337240#4;-25970859#0;-782714971#4;205590836#2;24337240#0;24337240#5;25970859#1;26216781#1;311298662#1;4935286#3;5197062#3;747448014;782714971#3;880137009#0,runs_J_k16_plain\none_seed2\g002_i017,runs_J_k16_plain\none_seed2\g002_i017\tripinfo.xml
2,18,16,673.216,-24337240#4;-502325084#3;-7365262;-782714966#0;-782714971#2;-782714971#3;111677668#3;111681903#0;111681903#2;120682114#1;26216779#1;26216781#2;535519490#0;783907721#0;7924772;876057376,runs_J_k16_plain\none_seed2\g002_i018,runs_J_k16_plain\none_seed2\g002_i018\tripinfo.xml
2,19,4,617.06,-880140407;111677669#3;26216781#1;782710712,runs_J_k16_plain\none_seed2\g002_i019,runs_J_k16_plain\none_seed2\g002_i019\tripinfo.xml
2,20,11,430.5466666666667,-111677671#0;-111681903#3;-502325084#0;-535519490#1;-876343449#0;111677669#2;111677669#3;111681903#0;26216781#3;37628709#1;782710712,runs_J_k16_plain\none_seed2\g002_i020,runs_J_k16_plain\none_seed2\g002_i020\tripinfo.xml
2,21,16,712.7573333333333,-111681903#2;-205590836#0;-24337240#2;-311298685;-502325084#1;-880137009#0;120682114#1;120682114#3;24337240#5;26216779#0;26216779#1;4935286#1;4970256#7;4970256#8;835443464;876057376,runs_J_k16_plain\none_seed2\g002_i021,runs_J_k16_plain\none_seed2\g002_i021\tripinfo.xml
2,22,16,620.7726666666666,-498033359#2;-7365262;-74277990;-782714971#4;-783907721#0;-783907721#2;-835443464;111677668#3;111677669#4;25970859#0;26216781#0;311298685;37628709#0;498033359#3;782714971#4;876057378#5,runs_J_k16_plain\none_seed2\g002_i022,runs_J_k16_plain\none_seed2\g002_i022\tripinfo.xml
2,23,16,1000000000000.0,-24337240#0;-25970859#1;-28468730#0;-502325084#1;-535519490#1;-7365262;111681905#1;111681905#2;25970859#0;25970859#1;26216779#1;26216781#0;37628709#0;4935286#3;4935299#1;783907721#2,runs_J_k16_plain\none_seed2\g002_i023,runs_J_k16_plain\none_seed2\g002_i023\tripinfo.xml
3,0,16,391.56,-24337240#2;-24337240#7;-783907721#0;-876343449#0;111681903#1;111681905#2;24337240#0;25970859#1;26216779#1;26216781#0;311298685;4935286#2;4970256#8;58621262#0;7924772;880137009#1,runs_J_k16_plain\none_seed2\g003_i000,runs_J_k16_plain\none_seed2\g003_i000\tripinfo.xml
3,1,16,1000000000000.0,-111681903#3;-24337240#1;-311298658;-876343449#0;111677669#2;111677669#3;111681905#2;120682114#3;26216781#3;37628709#1;498033359#2;782710712;782714966#1;783907721#0;783907721#2;876057376,runs_J_k16_plain\none_seed2\g003_i001,runs_J_k16_plain\none_seed2\g003_i001\tripinfo.xml
3,2,16,389.038,-111677671#0;-24337240#2;-311298658;-498033359#0;-502325084#0;-502325084#1;-535519490#1;-880137009#0;111677669#2;111677669#3;26216781#3;37628709#1;4935299#1;498033359#2;58621262#1;783907721#0,runs_J_k16_plain\none_seed2\g003_i002,runs_J_k16_plain\none_seed2\g003_i002\tripinfo.xml
3,3,16,496.626,-24337240#4;-311298658;-498033359#3;-5197062#4;-782714971#2;111677668#3;111677669#3;120682114#1;131942152;24337240#0;26216779#1;311298662#1;4935286#3;535519490#0;7924772;876343449#0,runs_J_k16_plain\none_seed2\g003_i003,runs_J_k16_plain\none_seed2\g003_i003\tripinfo.xml
3,4,14,662.032,-120682114#2;-24337240#4;-311298658;-5197062#4;-74277990;-782714971#1;111677671#0;111681903#1;120682114#1;26216779#1;4935286#3;502325084#3;876343449#1;876343449#2,runs_J_k16_plain\none_seed2\g003_i004,runs_J_k16_plain\none_seed2\g003_i004\tripinfo.xml
3,5,16,1000000000000.0,-24337240#1;-311298658;-311298665;-311298685;-7365262;-782714966#0;-782714971#2;120682114#1;26216779#0;4935286#0;4970256#7;4970256#8;535519490#0;782714971#0;783907721#1;876057376,runs_J_k16_plain\none_seed2\g003_i005,runs_J_k16_plain\none_seed2\g003_i005\tripinfo.xml
3,6,7,1000000000000.0,-111681903#2;-311298665;-880137009#1;120682114#1;205590836#2;24337240#5;7924772,runs_J_k16_plain\none_seed2\g003_i006,runs_J_k16_plain\none_seed2\g003_i006\tripinfo.xml
3,7,16,1000000000000.0,-111677671#0;-111681903#3;-5197062#4;-782714971#4;111677668#4;111677669#4;111681905#2;120682114#2;26216779#0;26216779#1;26216781#1;28468730#0;28468732#0;535519490#0;782714971#3;880137010,runs_J_k16_plain\none_seed2\g003_i007,runs_J_k16_plain\none_seed2\g003_i007\tripinfo.xml
3,8,16,709.7206666666667,-111677668#3;-24337240#6;-502325084#1;-535519490#1;-783907721#2;-835445203;-880137009#1;24337240#0;24337240#4;26216781#0;28468732#1;4970256#5;783907721#0;876057378#1;876057378#3;876057378#5,runs_J_k16_plain\none_seed2\g003_i008,runs_J_k16_plain\none_seed2\g003_i008\tripinfo.xml
3,9,7,649.31,-111677671#0;-502325084#0;-502325084#1;111677669#3;4970256#5;782710712;880137009#1,runs_J_k16_plain\none_seed2\g003_i009,runs_J_k16_plain\none_seed2\g003_i009\tripinfo.xml
3,10,16,827.92,-25970859#1;-5197062#4;-880140407;111681903#3;120682114#2;24337240#2;25970859#0;26216781#1;311298662#1;37628709#1;498033359#2;58621262#0;782710712;782714966#1;782714971#3;783907721#2,runs_J_k16_plain\none_seed2\g003_i010,runs_J_k16_plain\none_seed2\g003_i010\tripinfo.xml
3,11,15,675.564,-111681903#0;-120682114#1;-4950193;-5197062#3;-7365262;111677669#0;111681903#0;24337240#2;24337240#4;25970859#1;26216779#1;26216781#3;502325084#0;502325084#1;783907721#1,runs_J_k16_plain\none_seed2\g003_i011,runs_J_k16_plain\none_seed2\g003_i011\tripinfo.xml
3,12,16,402.8793333333333,-24337240#4;-28468730#0;-311298685;-502325084#0;-782714971#0;-835443464;-876343449#1;111677669#1;111677669#2;111677669#3;111681903#0;24337240#2;311298658;4935286#2;7924772;876057378#1,runs_J_k16_plain\none_seed2\g003_i012,runs_J_k16_plain\none_seed2\g003_i012\tripinfo.xml
3,13,16,1574.3173333333334,-311298685;-782714971#0;-782714971#4;111677668#0;111677668#3;120682114#2;26216781#1;28468730#1;37628709#0;4935286#3;498033359#3;5197062#3;782710712;782714966#1;835445203;876057378#1,runs_J_k16_plain\none_seed2\g003_i013,runs_J_k16_plain\none_seed2\g003_i013\tripinfo.xml
3,14,9,557.8553333333333,-498033359#2;-535519490#1;-74277990;-782714971#1;-880137009#0;-880140407;26216781#0;498033359#0;835445203,runs_J_k16_plain\none_seed2\g003_i014,runs_J_k16_plain\none_seed2\g003_i014\tripinfo.xml
3,15,13,648.682,-111677668#4;-24337240#1;-28468730#0;-498033359#0;-502325084#0;-5197062#3;-782714971#3;-835443464;24337240#2;24337240#4;24337240#7;26216779#1;26216781#0,runs_J_k16_plain\none_seed2\g003_i015,runs_J_k16_plain\none_seed2\g003_i015\tripinfo.xml
3,16,16,645.2306666666667,-111681903#2;-24337240#4;-782714971#3;-835445203;-876343449#0;-880137009#0;111677668#4;111681905#2;24337240#4;26216781#3;311298665;502325084#1;782714971#2;783907721#2;876057378#3;880137009#1,runs_J_k16_plain\none_seed2\g003_i016,runs_J_k16_plain\none_seed2\g003_i016\tripinfo.xml
3,17,4,450.58133333333336,-74277990;4935286#1;4935286#3;876057376,runs_J_k16_plain\none_seed2\g003_i017,runs_J_k16_plain\none_seed2\g003_i017\tripinfo.xml
3,18,16,784.398,-111681903#3;-25970859#0;-498033359#1;-498033359#2;-7365262;-782714971#2;-782714971#4;-783907721#2;-835443464;205590836#2;24337240#5;26216781#1;26216781#2;4970256#6;782714971#2;876057378#5,runs_J_k16_plain\none_seed2\g003_i018,runs_J_k16_plain\none_seed2\g003_i018\tripinfo.xml
3,19,16,1223.3686666666667,-111681903#0;-120682114#1;-24337240#6;-835443464;-880137009#1;111677669#3;111677669#4;120682114#1;26216781#0;26216781#3;28468730#0;4935286#3;535519490#0;62826731;783907721#1;876343449#2,runs_J_k16_plain\none_seed2\g003_i019,runs_J_k16_plain\none_seed2\g003_i019\tripinfo.xml
3,20,16,576.52,-24337240#2;-311298682#0;-5197062#3;-535519490#0;-7365262;24337240#4;24337240#7;26216779#1;28468730#1;311298662#0;37628709#0;4970256#5;498033359#0;502325084#0;62826731;876057378#2,runs_J_k16_plain\none_seed2\g003_i020,runs_J_k16_plain\none_seed2\g003_i020\tripinfo.xml
3,21,16,1659.9106666666667,-111677671#0;-24337240#2;-24337240#4;-24337240#7;-502325084#3;-782714971#1;111681905#2;24337240#1;25970859#1;311298658;311298685;4935286#2;5197062#3;58621262#0;876343449#0;876343449#2,runs_J_k16_plain\none_seed2\g003_i021,runs_J_k16_plain\none_seed2\g003_i021\tripinfo.xml
3,22,16,659.8913333333334,-28298231;-498033359#3;-74277990;-880140407;120682114#1;24337240#0;26216781#0;28468732#1;4935286#0;4970256#8;782714971#0;7924772;876057378#4;876343449#0;876343449#2;880137009#1,runs_J_k16_plain\none_seed2\g003_i022,runs_J_k16_plain\none_seed2\g003_i022\tripinfo.xml
3,23,16,1000000000000.0,-4950193;-5197062#3;-783907721#0;-880137009#1;111677669#1;111681905#2;24337240#4;37628709#0;37628709#1;4935286#1;498033359#2;876057376;876057378#0;876057378#2;880137009#0;880140407,runs_J_k16_plain\none_seed2\g003_i023,runs_J_k16_plain\none_seed2\g003_i023\tripinfo.xml
4,0,16,389.038,-111677671#0;-24337240#2;-311298658;-498033359#0;-502325084#0;-502325084#1;-535519490#1;-880137009#0;111677669#2;111677669#3;26216781#3;37628709#1;4935299#1;498033359#2;58621262#1;783907721#0,runs_J_k16_plain\none_seed2\g004_i000,runs_J_k16_plain\none_seed2\g004_i000\tripinfo.xml
4,1,16,1650.5686666666666,-111681903#3;-205590836#0;-535519490#0;111677668#0;24337240#0;28468730#0;28468730#1;311298665;4935286#3;502325084#0;58621262#1;62826731;747448014;782714971#3;876057378#2;880137009#0,runs_J_k16_plain\none_seed2\g004_i001,runs_J_k16_plain\none_seed2\g004_i001\tripinfo.xml
4,2,16,488.38933333333335,-205590836#0;-24337240#2;-24337240#7;-74277990;-782714971#2;111677669#2;24337240#4;26216781#1;28468732#0;4935286#0;4935286#3;498033359#0;498033359#3;5197062#4;62826731;782714971#0,runs_J_k16_plain\none_seed2\g004_i002,runs_J_k16_plain\none_seed2\g004_i002\tripinfo.xml
4,3,14,443.836,-311298682#0;-311298685;-498033359#3;-876343449#0;111681905#2;24337240#2;25970859#1;26216779#1;26216781#0;28468732#1;4935286#2;498033359#1;58621262#0;58621262#1,runs_J_k16_plain\none_seed2\g004_i003,runs_J_k16_plain\none_seed2\g004_i003\tripinfo.xml
4,4,16,917.34,-111681903#3;-24337240#2;-24337240#4;-876343449#2;111677669#0;111677669#1;111681903#1;24337240#0;24337240#4;311298658;4935286#0;498033359#2;5197062#4;835445203;876057378#1;880137009#1,runs_J_k16_plain\none_seed2\g004_i004,runs_J_k16_plain\none_seed2\g004_i004\tripinfo.xml
4,5,16,1000000000000.0,-111681903#1;-24337240#1;-311298662#1;-311298685;-782714966#0;-782714971#0;-783907721#2;-835443464;-876343449#2;111677669#1;111677669#3;24337240#7;28468730#1;4935286#2;783907721#2;876057378#1,runs_J_k16_plain\none_seed2\g004_i005,runs_J_k16_plain\none_seed2\g004_i005\tripinfo.xml
4,6,13,884.628,-111677668#0;-24337240#2;-498033359#1;-502325084#1;-7365262;111677669#2;26216779#1;311298658;502325084#3;7924772;876057378#0;876057378#1;876057378#5,runs_J_k16_plain\none_seed2\g004_i006,runs_J_k16_plain\none_seed2\g004_i006\tripinfo.xml
4,7,16,1000000000000.0,-111677668#0;-502325084#1;-535519490#1;-783907721#0;-876343449#0;120682114#1;24337240#5;24337240#7;26216781#0;4970256#5;4970256#6;4970256#8;782714971#4;835445203;876057378#2;880137009#1,runs_J_k16_plain\none_seed2\g004_i007,runs_J_k16_plain\none_seed2\g004_i007\tripinfo.xml
4,8,16,653.0113333333334,-24337240#7;-311298662#0;-498033359#2;-782714971#1;-835445203;111681905#2;26216779#1;26216781#0;28468732#1;311298662#1;37628709#0;498033359#2;58621262#0;783907721#1;7924772;880137009#1,runs_J_k16_plain\none_seed2\g004_i008,runs_J_k16_plain\none_seed2\g004_i008\tripinfo.xml
4,9,16,596.9913333333334,-24337240#6;-498033359#3;-74277990;-782714966#0;-782714966#1;-782714971#1;-782714971#2;-880137009#0;111677668#3;111677669#3;111681903#3;26216779#1;26216781#0;311298682#0;311298685;7924772,runs_J_k16_plain\none_seed2\g004_i009,runs_J_k16_plain\none_seed2\g004_i009\tripinfo.xml
4,10,16,913.4433333333334,-782714971#1;111677668#3;111677669#2;111681905#2;131942152;24337240#0;28468730#0;311298658;311298662#1;311298665;4935286#1;498033359#0;498033359#3;5197062#3;835443464;835445203,runs_J_k16_plain\none_seed2\g004_i010,runs_J_k16_plain\none_seed2\g004_i010\tripinfo.xml
4,11,16,418.62533333333334,-24337240#0;-24337240#4;-311298685;-498033359#0;-502325084#0;-782714971#0;-835443464;111677669#3;24337240#2;25970859#1;28468732#1;311298682#0;4935286#2;4970256#6;502325084#1;876057378#1,runs_J_k16_plain\none_seed2\g004_i011,runs_J_k16_plain\none_seed2\g004_i011\tripinfo.xml
4,12,16,694.7726666666666,-111681903#0;-120682114#2;-24337240#4;-28468730#0;-498033359#1;-783907721#0;-835443464;111677669#2;24337240#1;24337240#2;311298658;311298662#0;4935286#0;502325084#0;7924772;876057378#1,runs_J_k16_plain\none_seed2\g004_i012,runs_J_k16_plain\none_seed2\g004_i012\tripinfo.xml
4,13,16,854.6773333333333,-24337240#2;-24337240#7;-311298662#1;-311298682#0;-5197062#3;-876343449#2;111677669#1;120682114#1;120682114#2;26216781#0;311298662#0;311298665;4970256#8;58621262#0;782714971#4;7924772,runs_J_k16_plain\none_seed2\g004_i013,runs_J_k16_plain\none_seed2\g004_i013\tripinfo.xml
4,14,16,633.2966666666666,-24337240#2;-24337240#7;-535519490#1;-7365262;-783907721#0;-876343449#0;111681903#1;111681905#1;111681905#2;120682114#1;26216779#0;311298685;4935286#3;4970256#8;876057376;880137009#1,runs_J_k16_plain\none_seed2\g004_i014,runs_J_k16_plain\none_seed2\g004_i014\tripinfo.xml
4,15,16,542.7473333333334,-111681903#2;-24337240#4;-311298658;-535519490#1;-835443464;-835445203;-880137009#1;111677669#0;111677669#2;28468730#0;58621262#1;782714966#1;782714971#2;783907721#0;783907721#2;876057378#2,runs_J_k16_plain\none_seed2\g004_i015,runs_J_k16_plain\none_seed2\g004_i015\tripinfo.xml
4,16,16,671.3606666666667,-24337240#1;-24337240#2;-498033359#3;-5197062#3;-782714971#3;-782714971#4;-835443464;-880137009#0;-880140407;111677668#4;111677669#3;26216781#3;37628709#0;37628709#1;502325084#1;876057378#2,runs_J_k16_plain\none_seed2\g004_i016,runs_J_k16_plain\none_seed2\g004_i016\tripinfo.xml
4,17,16,611.4333333333333,-498033359#3;-5197062#3;-5197062#4;-535519490#0;24337240#0;24337240#4;26216779#0;28468730#1;28468732#0;37628709#0;4970256#5;502325084#0;535519490#1;58621262#1;783907721#0;876343449#2,runs_J_k16_plain\none_seed2\g004_i017,runs_J_k16_plain\none_seed2\g004_i017\tripinfo.xml
4,18,16,1000000000000.0,-120682114#2;-205590836#0;-24337240#2;-502325084#1;-535519490#1;-783907721#0;-876343449#2;111677669#0;26216781#3;37628709#1;498033359#0;5197062#3;782714966#1;782714971#0;783907721#0;876057378#1,runs_J_k16_plain\none_seed2\g004_i018,runs_J_k16_plain\none_seed2\g004_i018\tripinfo.xml
4,19,3,644.456,26216779#0;782714966#1;7924772,runs_J_k16_plain\none_seed2\g004_i019,runs_J_k16_plain\none_seed2\g004_i019\tripinfo.xml
4,20,16,640.7046666666666,-111677671#0;-24337240#2;-311298658;-498033359#0;111677669#2;111677669#3;111677671#0;24337240#0;311298685;37628709#1;4935286#1;4935299#1;498033359#2;498033359#3;58621262#0;782714971#4,runs_J_k16_plain\none_seed2\g004_i020,runs_J_k16_plain\none_seed2\g004_i020\tripinfo.xml
4,21,16,386.12533333333334,-120682114#2;-24337240#7;-311298685;-502325084#1;-74277990;-782714971#0;-835443464;111681903#0;24337240#2;4935286#2;4970256#6;58621262#0;782714971#1;876057378#0;876343449#2;880137010,runs_J_k16_plain\none_seed2\g004_i021,runs_J_k16_plain\none_seed2\g004_i021\tripinfo.xml
4,22,16,1000000000000.0,-24337240#4;-25970859#1;-5197062#3;-783907721#0;111677669#0;111677669#1;111681905#2;25970859#1;26216779#1;26216781#1;37628709#0;37628709#1;4935286#2;502325084#3;535519490#1;782710712,runs_J_k16_plain\none_seed2\g004_i022,runs_J_k16_plain\none_seed2\g004_i022\tripinfo.xml
4,23,16,553.22,-111677668#3;-24337240#2;-24337240#4;111677668#3;111677669#5;111681903#1;111681905#2;24337240#0;24337240#3;26216779#1;28468732#0;4935286#3;498033359#0;498033359#1;782714971#0;876057378#2,runs_J_k16_plain\none_seed2\g004_i023,runs_J_k16_plain\none_seed2\g004_i023\tripinfo.xml
5,0,16,386.12533333333334,-120682114#2;-24337240#7;-311298685;-502325084#1;-74277990;-782714971#0;-835443464;111681903#0;24337240#2;4935286#2;4970256#6;58621262#0;782714971#1;876057378#0;876343449#2;880137010,runs_J_k16_plain\none_seed2\g005_i000,runs_J_k16_plain\none_seed2\g005_i000\tripinfo.xml
5,1,8,626.2286666666666,111677669#3;111677669#5;205590836#2;26216781#0;28468730#0;311298682#0;535519490#1;876057376,runs_J_k16_plain\none_seed2\g005_i001,runs_J_k16_plain\none_seed2\g005_i001\tripinfo.xml
5,2,16,1000000000000.0,-111681903#2;-24337240#1;-24337240#3;-782714971#1;-782714971#2;-876343449#1;111677669#3;111681903#3;25970859#1;311298682#0;311298685;37628709#0;4970256#5;502325084#1;535519490#1;782714971#1,runs_J_k16_plain\none_seed2\g005_i002,runs_J_k16_plain\none_seed2\g005_i002\tripinfo.xml
5,3,16,723.2806666666667,-111681903#1;-24337240#1;-24337240#6;-498033359#3;-74277990;-782714966#1;-782714971#1;-782714971#2;111677668#3;26216781#0;26216781#2;311298685;498033359#1;498033359#2;502325084#1;876057378#3,runs_J_k16_plain\none_seed2\g005_i003,runs_J_k16_plain\none_seed2\g005_i003\tripinfo.xml
5,4,16,748.1773333333333,-111677668#4;-24337240#4;-25970859#1;-74277990;-782714971#0;111677669#3;24337240#2;26216781#1;28468730#1;28468732#1;311298682#0;311298685;4970256#6;783907721#1;783907721#2;876057378#2,runs_J_k16_plain\none_seed2\g005_i004,runs_J_k16_plain\none_seed2\g005_i004\tripinfo.xml
5,5,16,640.8653333333333,-120682114#2;-24337240#2;-311298685;-498033359#0;-498033359#2;111677668#4;111681905#2;24337240#0;24337240#4;26216779#1;28468730#1;311298682#0;4935286#2;4935286#3;502325084#1;835443464,runs_J_k16_plain\none_seed2\g005_i005,runs_J_k16_plain\none_seed2\g005_i005\tripinfo.xml
5,6,16,631.9733333333334,-111677671#0;-205590836#0;-24337240#1;-24337240#3;-24337240#4;-502325084#3;-782714971#0;111677669#4;111681903#1;111681905#2;28468732#1;4970256#6;4970256#7;835443464;876057378#2;876057378#3,runs_J_k16_plain\none_seed2\g005_i006,runs_J_k16_plain\none_seed2\g005_i006\tripinfo.xml
5,7,16,946.876,-24337240#3;-311298685;-502325084#1;-782714966#0;-782714971#0;-835445203;111677668#0;111681903#0;24337240#2;502325084#0;58621262#0;782714971#1;876057378#0;876057378#5;876343449#2;880137009#0,runs_J_k16_plain\none_seed2\g005_i007,runs_J_k16_plain\none_seed2\g005_i007\tripinfo.xml
5,8,16,981.7546666666667,-120682114#1;-24337240#7;-502325084#1;-5197062#3;-782714971#0;-835443464;111677669#5;111681903#0;120682114#1;24337240#2;25970859#0;311298658;4970256#6;502325084#1;782714971#1;880137009#1,runs_J_k16_plain\none_seed2\g005_i008,runs_J_k16_plain\none_seed2\g005_i008\tripinfo.xml
5,9,16,725.3706666666667,-111681903#3;-24337240#2;-311298658;-498033359#3;-502325084#0;-502325084#1;-782714971#0;111677669#3;120682114#3;24337240#0;28468730#1;311298662#0;502325084#1;782714971#3;783907721#0;7924772,runs_J_k16_plain\none_seed2\g005_i009,runs_J_k16_plain\none_seed2\g005_i009\tripinfo.xml
5,10,16,645.1526666666666,-111681903#1;-5197062#3;-880137009#0;111677669#3;120682114#3;26216779#0;26216781#3;28468730#1;28468732#0;4970256#5;498033359#2;502325084#0;747448014;783907721#0;783907721#2;7924772,runs_J_k16_plain\none_seed2\g005_i010,runs_J_k16_plain\none_seed2\g005_i010\tripinfo.xml
5,11,16,786.7986666666667,-111681903#3;-5197062#3;-782714971#4;-835445203;111677669#1;111677669#4;24337240#4;28468732#1;311298665;311298682#0;4935286#0;5197062#3;782714966#1;783907721#1;7924772;876057376,runs_J_k16_plain\none_seed2\g005_i011,runs_J_k16_plain\none_seed2\g005_i011\tripinfo.xml
5,12,7,584.6646666666667,-111677668#0;111681903#0;26216779#0;5197062#3;747448014;782714966#1;782714971#1,runs_J_k16_plain\none_seed2\g005_i012,runs_J_k16_plain\none_seed2\g005_i012\tripinfo.xml
5,13,16,1000000000000.0,-24337240#4;-25970859#0;-311298685;-502325084#0;-74277990;-782714971#0;111677669#2;111677669#3;24337240#1;24337240#2;25970859#0;25970859#1;26216779#1;4970256#6;783907721#2;876057378#1,runs_J_k16_plain\none_seed2\g005_i013,runs_J_k16_plain\none_seed2\g005_i013\tripinfo.xml
5,14,16,637.9893333333333,-111677668#4;-24337240#4;-24337240#7;-28468730#0;-311298658;-498033359#0;-5197062#3;-782714971#0;-782714971#3;-835443464;-835445203;-876343449#2;498033359#2;58621262#1;783907721#1;876343449#2,runs_J_k16_plain\none_seed2\g005_i014,runs_J_k16_plain\none_seed2\g005_i014\tripinfo.xml
5,15,16,389.886,-311298662#0;-311298662#1;-311298685;-502325084#0;-502325084#1;-74277990;-782714971#0;-876343449#1;-880137009#0;111681903#0;311298662#0;4935286#2;4970256#8;498033359#0;876343449#2;880137009#0,runs_J_k16_plain\none_seed2\g005_i015,runs_J_k16_plain\none_seed2\g005_i015\tripinfo.xml
5,16,16,739.018,-111677668#4;-120682114#2;-535519490#1;-835443464;111681903#1;111681903#2;111681905#2;26216779#1;28468732#1;311298662#0;58621262#0;782714971#0;782714971#1;876057378#0;876057378#1;880140407,runs_J_k16_plain\none_seed2\g005_i016,runs_J_k16_plain\none_seed2\g005_i016\tripinfo.xml
5,17,16,1000000000000.0,-111677668#0;-111677671#0;-24337240#7;-498033359#0;-7365262;-876343449#0;-880140407;111677669#3;111681903#1;25970859#0;37628709#1;4935299#1;502325084#0;58621262#1;783907721#2;876343449#2,runs_J_k16_plain\none_seed2\g005_i017,runs_J_k16_plain\none_seed2\g005_i017\tripinfo.xml
5,18,12,600.7633333333333,-24337240#4;-311298658;111677669#2;111677669#3;111677669#4;111681903#1;26216781#2;26216781#3;37628709#1;58621262#1;783907721#1;876057378#0,runs_J_k16_plain\none_seed2\g005_i018,runs_J_k16_plain\none_seed2\g005_i018\tripinfo.xml
5,19,13,1000000000000.0,-111677668#4;-311298665;-5197062#4;-835443464;-876343449#0;-876343449#1;111677668#4;24337240#5;25970859#0;25970859#1;498033359#1;502325084#0;835443464,runs_J_k16_plain\none_seed2\g005_i019,runs_J_k16_plain\none_seed2\g005_i019\tripinfo.xml
5,20,11,663.6713333333333,-311298662#1;-311298682#0;111677668#0;111677669#5;111681903#3;205590836#2;25970859#1;26216779#1;4935286#2;4970256#6;58621262#0,runs_J_k16_plain\none_seed2\g005_i020,runs_J_k16_plain\none_seed2\g005_i020\tripinfo.xml
5,21,16,486.38666666666666,-311298662#0;-311298685;-498033359#0;-5197062#4;-782714966#1;-783907721#2;-876343449#0;111677668#0;111677669#1;24337240#2;28468732#1;4935286#2;502325084#3;5197062#4;58621262#0;876343449#2,runs_J_k16_plain\none_seed2\g005_i021,runs_J_k16_plain\none_seed2\g005_i021\tripinfo.xml
5,22,13,698.1993333333334,-311298682#0;-782714971#0;111677669#1;111681905#2;24337240#0;24337240#2;26216779#1;26216781#0;58621262#0;62826731;747448014;876343449#1;880137010,runs_J_k16_plain\none_seed2\g005_i022,runs_J_k16_plain\none_seed2\g005_i022\tripinfo.xml
5,23,16,615.7946666666667,-111681903#0;-24337240#7;-28468730#0;-311298685;-74277990;-876343449#1;111681903#0;111681903#3;24337240#1;4970256#6;5197062#3;58621262#0;782714966#0;876343449#0;880137010;880140407,runs_J_k16_plain\none_seed2\g005_i023,runs_J_k16_plain\none_seed2\g005_i023\tripinfo.xml
6,0,16,386.12533333333334,-120682114#2;-24337240#7;-311298685;-502325084#1;-74277990;-782714971#0;-835443464;111681903#0;24337240#2;4935286#2;4970256#6;58621262#0;782714971#1;876057378#0;876343449#2;880137010,runs_J_k16_plain\none_seed2\g006_i000,runs_J_k16_plain\none_seed2\g006_i000\tripinfo.xml
6,1,16,648.4766666666667,-120682114#2;-24337240#2;-24337240#7;-502325084#0;-5197062#4;-74277990;-782714966#0;-782714971#0;-876343449#1;4935286#0;4970256#6;4970256#7;782714971#1;782714971#3;7924772;880137010,runs_J_k16_plain\none_seed2\g006_i001,runs_J_k16_plain\none_seed2\g006_i001\tripinfo.xml
6,2,16,971.578,-24337240#3;-498033359#1;-498033359#2;-502325084#1;-782714971#0;-782714971#3;-835443464;111677668#0;111681903#2;24337240#7;4935286#1;4935286#2;535519490#1;58621262#0;876057378#0;876343449#2,runs_J_k16_plain\none_seed2\g006_i002,runs_J_k16_plain\none_seed2\g006_i002\tripinfo.xml
6,3,16,644.456,-111681903#0;-111681903#1;-24337240#4;-24337240#7;-311298682#0;-502325084#1;-876343449#1;111677668#0;120682114#3;311298682#0;4935286#3;4970256#6;498033359#2;747448014;782714966#0;880140407,runs_J_k16_plain\none_seed2\g006_i003,runs_J_k16_plain\none_seed2\g006_i003\tripinfo.xml
6,4,16,664.8293333333334,-498033359#0;-5197062#3;-535519490#1;-7365262;111677668#0;111677668#4;111681903#2;111681903#3;26216779#0;26216781#2;311298662#1;498033359#0;502325084#0;783907721#0;7924772;876343449#0,runs_J_k16_plain\none_seed2\g006_i004,runs_J_k16_plain\none_seed2\g006_i004\tripinfo.xml
6,5,16,644.456,-111681903#1;-111681903#2;-24337240#6;-311298682#0;-502325084#0;111677668#3;111677669#3;205590836#2;26216781#0;28468730#0;311298658;4935286#2;4970256#5;5197062#3;782714966#0;876057376,runs_J_k16_plain\none_seed2\g006_i005,runs_J_k16_plain\none_seed2\g006_i005\tripinfo.xml
6,6,13,635.248,-25970859#1;-311298682#0;-498033359#3;-5197062#3;-782714966#1;-782714971#1;-782714971#2;311298682#0;37628709#0;498033359#0;498033359#1;835443464;876057378#3,runs_J_k16_plain\none_seed2\g006_i006,runs_J_k16_plain\none_seed2\g006_i006\tripinfo.xml
6,7,16,795.1746666666667,-311298662#0;-311298685;-498033359#1;-5197062#4;-7365262;-876343449#1;111677668#0;111677669#1;111681903#2;26216781#1;26216781#3;311298662#0;498033359#0;502325084#1;5197062#4;535519490#1,runs_J_k16_plain\none_seed2\g006_i007,runs_J_k16_plain\none_seed2\g006_i007\tripinfo.xml
6,8,16,2002.1066666666666,-311298658;-498033359#0;-498033359#2;-498033359#3;-74277990;-876343449#0;-880137009#0;111677668#4;120682114#2;4970256#8;502325084#3;5197062#4;782714971#3;835443464;835445203;876343449#2,runs_J_k16_plain\none_seed2\g006_i008,runs_J_k16_plain\none_seed2\g006_i008\tripinfo.xml
6,9,16,457.562,-111677668#4;-24337240#1;-24337240#2;-24337240#4;-25970859#0;-311298662#1;-5197062#3;-74277990;-782714971#0;111677669#4;4935286#2;5197062#4;835443464;835445203;876057378#2;876057378#4,runs_J_k16_plain\none_seed2\g006_i009,runs_J_k16_plain\none_seed2\g006_i009\tripinfo.xml
6,10,16,665.5553333333334,-111677671#0;-782714971#0;-876343449#1;-880137009#0;-880137009#1;111677668#3;111681905#1;26216779#1;4970256#7;4970256#8;535519490#0;58621262#0;783907721#2;7924772;876343449#0;876343449#2,runs_J_k16_plain\none_seed2\g006_i010,runs_J_k16_plain\none_seed2\g006_i010\tripinfo.xml
6,11,16,613.1513333333334,-111681903#2;-24337240#4;-24337240#7;-311298662#0;-74277990;-782714971#2;111677669#3;120682114#1;205590836#2;26216781#0;28468730#1;311298662#1;311298682#0;4970256#6;535519490#1;782714971#3,runs_J_k16_plain\none_seed2\g006_i011,runs_J_k16_plain\none_seed2\g006_i011\tripinfo.xml
6,12,16,1000000000000.0,-111677668#4;-111681903#2;-28468730#0;-311298685;-502325084#1;-74277990;26216779#1;28468730#0;311298658;311298662#0;4970256#8;498033359#1;782714966#0;782714971#2;876057378#3;880137009#0,runs_J_k16_plain\none_seed2\g006_i012,runs_J_k16_plain\none_seed2\g006_i012\tripinfo.xml
6,13,16,576.9213333333333,-24337240#1;-24337240#3;-311298685;-4950193;-502325084#0;-876343449#2;-880137009#1;111677669#4;111681903#1;111681905#2;26216781#2;28468730#1;37628709#1;4970256#6;4970256#7;876057378#0,runs_J_k16_plain\none_seed2\g006_i013,runs_J_k16_plain\none_seed2\g006_i013\tripinfo.xml
6,14,16,619.0393333333334,-111677668#4;-205590836#0;-24337240#4;-502325084#0;-5197062#3;-782714971#0;-783907721#0;111677669#2;111677669#4;111681903#1;28468732#1;311298682#0;37628709#0;498033359#3;782714971#3;835443464,runs_J_k16_plain\none_seed2\g006_i014,runs_J_k16_plain\none_seed2\g006_i014\tripinfo.xml
6,15,16,592.484,-111681903#1;-502325084#1;-74277990;-783907721#2;111677669#3;111681905#2;24337240#2;26216781#1;26216781#2;311298685;4970256#6;782710712;835443464;876057378#5;876343449#2;880140407,runs_J_k16_plain\none_seed2\g006_i015,runs_J_k16_plain\none_seed2\g006_i015\tripinfo.xml
6,16,4,559.6466666666666,-535519490#1;-74277990;111677671#0;782710712,runs_J_k16_plain\none_seed2\g006_i016,runs_J_k16_plain\none_seed2\g006_i016\tripinfo.xml
6,17,16,386.61066666666665,-111677671#0;-120682114#3;-24337240#3;-24337240#4;-311298685;-7365262;-782714971#0;-876343449#1;111677669#4;111681903#1;4935286#2;4970256#7;782714971#4;7924772;876057378#2;876057378#4,runs_J_k16_plain\none_seed2\g006_i017,runs_J_k16_plain\none_seed2\g006_i017\tripinfo.xml
6,18,16,650.6753333333334,-205590836#0;-311298662#0;-498033359#0;-502325084#1;-502325084#3;-5197062#3;-782714971#3;-835445203;111681903#0;111681905#2;28468732#1;311298658;4935286#1;4935286#3;4970256#8;5197062#3,runs_J_k16_plain\none_seed2\g006_i018,runs_J_k16_plain\none_seed2\g006_i018\tripinfo.xml
6,19,16,583.244,-311298685;-74277990;-782714971#0;-783907721#0;-835443464;111677669#3;111677669#4;111681903#0;111681903#2;311298682#0;4935286#2;4935299#1;782714971#1;876057378#0;876343449#2;880140407,runs_J_k16_plain\none_seed2\g006_i019,runs_J_k16_plain\none_seed2\g006_i019\tripinfo.xml
6,20,16,1000000000000.0,-205590836#0;-311298662#1;-311298665;-502325084#3;-782714971#0;-782714971#2;-876343449#2;111681903#1;111681903#3;111681905#2;311298658;4970256#6;535519490#0;782714971#0;876057378#0;876057378#3,runs_J_k16_plain\none_seed2\g006_i020,runs_J_k16_plain\none_seed2\g006_i020\tripinfo.xml
6,21,16,1051.1353333333334,-111681903#2;-24337240#7;-28468730#0;-311298662#0;-311298662#1;-311298685;-498033359#1;-502325084#1;-835443464;-880137009#1;111681903#0;24337240#2;24337240#5;311298662#0;498033359#2;880137009#0,runs_J_k16_plain\none_seed2\g006_i021,runs_J_k16_plain\none_seed2\g006_i021\tripinfo.xml
6,22,16,1000000000000.0,-24337240#6;-24337240#7;-28298231;-311298658;-311298685;-502325084#0;-74277990;-876343449#1;111677668#4;25970859#0;311298662#1;37628709#1;782714971#0;876057378#0;876343449#2;880137010,runs_J_k16_plain\none_seed2\g006_i022,runs_J_k16_plain\none_seed2\g006_i022\tripinfo.xml
6,23,16,703.6913333333333,-111677671#0;-111681903#0;-111681903#1;-24337240#3;-24337240#7;-7365262;-782714971#0;-783907721#1;111681903#0;111681905#2;25970859#1;37628709#0;4970256#6;783907721#0;835443464;876343449#2,runs_J_k16_plain\none_seed2\g006_i023,runs_J_k16_plain\none_seed2\g006_i023\tripinfo.xml
7,0,16,386.12533333333334,-120682114#2;-24337240#7;-311298685;-502325084#1;-74277990;-782714971#0;-835443464;111681903#0;24337240#2;4935286#2;4970256#6;58621262#0;782714971#1;876057378#0;876343449#2;880137010,runs_J_k16_plain\none_seed2\g007_i000,runs_J_k16_plain\none_seed2\g007_i000\tripinfo.xml
7,1,16,612.626,-111677671#0;-24337240#1;-24337240#4;-5197062#3;-74277990;-782714971#0;111681903#1;26216781#0;4970256#5;4970256#6;4970256#8;5197062#4;62826731;783907721#0;7924772;876057378#4,runs_J_k16_plain\none_seed2\g007_i001,runs_J_k16_plain\none_seed2\g007_i001\tripinfo.xml
7,2,16,410.366,-111677668#4;-24337240#4;-311298685;-782714971#0;111677669#4;24337240#0;26216781#3;28468730#1;311298662#1;4935286#2;4935299#1;782714966#0;782714966#1;7924772;876057378#2;876057378#4,runs_J_k16_plain\none_seed2\g007_i002,runs_J_k16_plain\none_seed2\g007_i002\tripinfo.xml
7,3,16,403.7506666666667,-111677671#0;-24337240#4;-28468730#0;-311298662#1;-502325084#1;-782714971#1;-880137009#1;111681903#1;24337240#1;26216779#1;311298665;4935286#2;782714971#4;876057378#4;876343449#0;880137010,runs_J_k16_plain\none_seed2\g007_i003,runs_J_k16_plain\none_seed2\g007_i003\tripinfo.xml
7,4,16,732.1746666666667,-111677671#0;-24337240#4;-311298662#0;111677669#4;111677669#5;26216781#0;28468730#0;4970256#7;4970256#8;5197062#3;782714966#1;782714971#1;782714971#4;7924772;876057378#3;880137010,runs_J_k16_plain\none_seed2\g007_i004,runs_J_k16_plain\none_seed2\g007_i004\tripinfo.xml
7,5,16,673.8546666666666,-120682114#2;-311298658;-311298685;-4950193;-498033359#3;-502325084#1;-782714966#0;-880137009#1;24337240#2;26216781#2;28468730#1;311298685;37628709#1;498033359#0;58621262#0;62826731,runs_J_k16_plain\none_seed2\g007_i005,runs_J_k16_plain\none_seed2\g007_i005\tripinfo.xml
7,6,16,619.7326666666667,-111681903#0;-120682114#3;-24337240#3;-24337240#7;-311298685;-498033359#3;-5197062#4;-7365262;-782714971#0;-835445203;-876343449#2;111681903#1;111681905#2;24337240#3;311298685;4970256#6,runs_J_k16_plain\none_seed2\g007_i006,runs_J_k16_plain\none_seed2\g007_i006\tripinfo.xml
7,7,13,674.8386666666667,-111681903#2;-120682114#2;-24337240#7;-311298685;-502325084#1;111677669#0;111677671#0;24337240#2;26216781#2;4935286#2;58621262#0;782714971#1;880137009#0,runs_J_k16_plain\none_seed2\g007_i007,runs_J_k16_plain\none_seed2\g007_i007\tripinfo.xml
7,8,16,976.6073333333334,-120682114#2;-24337240#7;-311298685;-498033359#0;111677668#0;111681903#0;25970859#0;26216781#0;28468732#0;311298665;4935286#2;58621262#0;58621262#1;782714971#1;782714971#4;880137010,runs_J_k16_plain\none_seed2\g007_i008,runs_J_k16_plain\none_seed2\g007_i008\tripinfo.xml
7,9,16,688.0273333333333,-24337240#2;-24337240#4;-24337240#7;-498033359#3;-7365262;-74277990;111677669#1;24337240#1;24337240#2;24337240#3;25970859#1;26216779#0;4970256#5;782714966#1;876057378#2;876343449#1,runs_J_k16_plain\none_seed2\g007_i009,runs_J_k16_plain\none_seed2\g007_i009\tripinfo.xml
7,10,16,1000000000000.0,-24337240#1;-25970859#0;-28298231;-5197062#3;111677671#0;205590836#2;24337240#0;498033359#3;5197062#4;535519490#1;58621262#0;782710712;782714971#0;783907721#2;835445203;880137009#0,runs_J_k16_plain\none_seed2\g007_i010,runs_J_k16_plain\none_seed2\g007_i010\tripinfo.xml
7,11,16,691.1693333333334,-120682114#3;-311298662#1;-311298685;-502325084#1;-535519490#0;-74277990;-782714971#4;-876343449#1;111681903#3;4970256#6;535519490#1;62826731;782714971#4;835443464;876057378#1;876343449#2,runs_J_k16_plain\none_seed2\g007_i011,runs_J_k16_plain\none_seed2\g007_i011\tripinfo.xml
7,12,4,717.86,26216781#1;58621262#0;782714971#2;876057378#5,runs_J_k16_plain\none_seed2\g007_i012,runs_J_k16_plain\none_seed2\g007_i012\tripinfo.xml
7,13,16,656.0986666666666,-24337240#3;-311298685;-4950193;-502325084#0;-5197062#3;-783907721#1;-876343449#1;-880137009#1;111677669#1;111677669#4;24337240#5;28468730#1;311298685;4970256#6;783907721#1;835445203,runs_J_k16_plain\none_seed2\g007_i013,runs_J_k16_plain\none_seed2\g007_i013\tripinfo.xml
7,14,5,653.6833333333333,-24337240#0;-24337240#3;111677669#2;111677671#0;876343449#1,runs_J_k16_plain\none_seed2\g007_i014,runs_J_k16_plain\none_seed2\g007_i014\tripinfo.xml
7,15,16,504.844,-311298658;-498033359#1;-502325084#1;-74277990;-835443464;111677669#5;24337240#2;26216781#1;26216781#2;4935299#1;502325084#0;782714971#4;876057378#0;876343449#2;880137009#1;880140407,runs_J_k16_plain\none_seed2\g007_i015,runs_J_k16_plain\none_seed2\g007_i015\tripinfo.xml
7,16,16,755.398,-120682114#2;-311298662#0;-502325084#1;-74277990;-782714971#0;-782714971#4;-783907721#2;111681903#2;24337240#2;24337240#5;4970256#5;535519490#1;58621262#0;782710712;782714971#2;876057378#5,runs_J_k16_plain\none_seed2\g007_i016,runs_J_k16_plain\none_seed2\g007_i016\tripinfo.xml
7,17,16,1000000000000.0,-111681903#2;-120682114#2;-311298685;-7365262;-782714971#0;-783907721#0;111681903#0;24337240#2;37628709#0;502325084#1;535519490#1;62826731;835443464;876057378#0;876057378#2;880137010,runs_J_k16_plain\none_seed2\g007_i017,runs_J_k16_plain\none_seed2\g007_i017\tripinfo.xml
7,18,16,617.2746666666667,-24337240#7;-311298685;-502325084#1;-5197062#4;-535519490#0;-74277990;-880137009#0;111677669#2;111681903#0;120682114#1;25970859#0;311298665;4935299#1;4970256#6;58621262#0;876057376,runs_J_k16_plain\none_seed2\g007_i018,runs_J_k16_plain\none_seed2\g007_i018\tripinfo.xml
7,19,16,642.69,-111681903#0;-205590836#0;-502325084#0;-7365262;-74277990;111681903#2;111681903#3;24337240#1;24337240#3;28468732#0;4970256#7;782714971#3;876057376;876343449#0;880137009#1;880140407,runs_J_k16_plain\none_seed2\g007_i019,runs_J_k16_plain\none_seed2\g007_i019\tripinfo.xml
7,20,14,1139.8793333333333,-502325084#0;-782714971#0;-782714971#1;-880140407;111677668#4;111677669#2;111677669#4;28468732#0;311298665;4935286#2;498033359#1;782714966#1;782714971#1;835443464,runs_J_k16_plain\none_seed2\g007_i020,runs_J_k16_plain\none_seed2\g007_i020\tripinfo.xml
7,21,16,449.97066666666666,-111677668#4;-205590836#0;-25970859#0;-782714971#0;-783907721#2;111677669#3;111681903#1;111681905#2;26216781#2;311298685;37628709#0;502325084#3;535519490#0;62826731;835443464;880140407,runs_J_k16_plain\none_seed2\g007_i021,runs_J_k16_plain\none_seed2\g007_i021\tripinfo.xml
7,22,16,1266.1906666666666,-111681903#1;-24337240#4;-782714971#3;-783907721#0;-835445203;120682114#2;24337240#2;24337240#4;26216781#0;28468732#1;311298682#0;311298685;4970256#6;782714971#3;835443464;835445203,runs_J_k16_plain\none_seed2\g007_i022,runs_J_k16_plain\none_seed2\g007_i022\tripinfo.xml
7,23,10,453.78933333333333,-25970859#0;-4950193;-535519490#1;-880137009#0;111681903#0;111681903#1;120682114#3;28468730#1;311298662#0;7924772,runs_J_k16_plain\none_seed2\g007_i023,runs_J_k16_plain\none_seed2\g007_i023\tripinfo.xml
8,0,16,386.12533333333334,-120682114#2;-24337240#7;-311298685;-502325084#1;-74277990;-782714971#0;-835443464;111681903#0;24337240#2;4935286#2;4970256#6;58621262#0;782714971#1;876057378#0;876343449#2;880137010,runs_J_k16_plain\none_seed2\g008_i000,runs_J_k16_plain\none_seed2\g008_i000\tripinfo.xml
8,1,16,401.61066666666665,-498033359#1;-782714966#0;-782714971#1;-880137009#0;111677669#0;111677669#2;111681903#0;111681903#1;24337240#1;24337240#3;26216779#1;311298665;311298682#0;4935286#2;4970256#5;7924772,runs_J_k16_plain\none_seed2\g008_i001,runs_J_k16_plain\none_seed2\g008_i001\tripinfo.xml
8,2,16,1000000000000.0,-25970859#0;-311298662#1;-311298682#0;-535519490#1;-876343449#1;-880140407;120682114#3;24337240#0;28468730#0;4970256#7;498033359#3;535519490#0;782714971#2;783907721#0;876057376;880137010,runs_J_k16_plain\none_seed2\g008_i002,runs_J_k16_plain\none_seed2\g008_i002\tripinfo.xml
8,3,16,636.1453333333334,-120682114#1;-24337240#4;-311298658;-502325084#1;-74277990;-835443464;-876343449#2;111677669#5;120682114#3;131942152;26216781#1;26216781#2;37628709#1;782714971#3;876057378#5;880137009#1,runs_J_k16_plain\none_seed2\g008_i003,runs_J_k16_plain\none_seed2\g008_i003\tripinfo.xml
8,4,16,566.8913333333334,-111677668#4;-4950193;-74277990;-782714966#0;-835443464;-880137009#0;24337240#2;24337240#4;26216781#2;4935286#3;4935299#1;502325084#0;835443464;876057378#0;876343449#2;880140407,runs_J_k16_plain\none_seed2\g008_i004,runs_J_k16_plain\none_seed2\g008_i004\tripinfo.xml
8,5,16,1000000000000.0,-111677671#0;-24337240#4;-28468730#0;-311298662#1;111677668#3;111677668#4;111677669#0;111681903#1;24337240#0;4935286#0;502325084#1;58621262#0;782714966#0;782714971#1;783907721#2;880137010,runs_J_k16_plain\none_seed2\g008_i005,runs_J_k16_plain\none_seed2\g008_i005\tripinfo.xml
8,6,15,379.2873333333333,-111677671#0;-24337240#4;-25970859#0;-880137009#1;111677669#0;120682114#3;26216779#0;4935286#2;4935299#1;782714966#0;782714966#1;782714971#4;876057376;876057378#2;876057378#4,runs_J_k16_plain\none_seed2\g008_i006,runs_J_k16_plain\none_seed2\g008_i006\tripinfo.xml
8,7,16,1742.1346666666666,-120682114#1;-120682114#2;-24337240#0;-24337240#3;-24337240#4;-311298685;-782714971#3;311298658;311298662#1;4935286#2;4970256#6;502325084#1;782714966#0;783907721#0;876057378#2;876057378#4,runs_J_k16_plain\none_seed2\g008_i007,runs_J_k16_plain\none_seed2\g008_i007\tripinfo.xml
8,8,16,510.024,-205590836#0;-24337240#3;-498033359#0;111677669#4;120682114#3;24337240#0;24337240#2;28468730#1;37628709#0;4935286#3;4970256#5;58621262#0;782714971#0;782714971#4;876057378#0;876343449#0,runs_J_k16_plain\none_seed2\g008_i008,runs_J_k16_plain\none_seed2\g008_i008\tripinfo.xml
8,9,16,551.1966666666667,-111677668#3;-111677671#0;-205590836#0;-28468730#0;-74277990;-782714971#0;111677669#0;120682114#3;4935286#2;4970256#6;4970256#8;5197062#4;535519490#1;62826731;782714971#1;876057378#4,runs_J_k16_plain\none_seed2\g008_i009,runs_J_k16_plain\none_seed2\g008_i009\tripinfo.xml
8,10,16,707.244,-111677671#0;-120682114#2;-24337240#1;-24337240#4;-24337240#7;-783907721#1;111677669#5;111681903#3;4970256#5;4970256#6;62826731;782714966#0;782714971#2;7924772;876057378#0;876343449#2,runs_J_k16_plain\none_seed2\g008_i010,runs_J_k16_plain\none_seed2\g008_i010\tripinfo.xml
8,11,16,644.456,-111677668#4;-111677671#0;-111681903#0;-111681903#1;-24337240#4;-24337240#6;-25970859#0;-498033359#1;-783907721#2;111677669#3;28468732#0;311298665;58621262#1;62826731;876057378#4;880140407,runs_J_k16_plain\none_seed2\g008_i011,runs_J_k16_plain\none_seed2\g008_i011\tripinfo.xml
8,12,16,364.31266666666664,-111677668#0;-111677671#0;-74277990;-782714966#1;-880137009#0;205590836#2;24337240#3;311298685;4935286#2;4970256#5;4970256#6;4970256#8;498033359#3;782714971#0;782714971#1;876057378#4,runs_J_k16_plain\none_seed2\g008_i012,runs_J_k16_plain\none_seed2\g008_i012\tripinfo.xml
8,13,16,432.62,-111677668#3;-835443464;-876343449#0;-876343449#1;111677669#0;120682114#1;120682114#2;131942152;26216781#1;26216781#2;26216781#3;782714966#1;835443464;880137009#0;880137009#1;880140407,runs_J_k16_plain\none_seed2\g008_i013,runs_J_k16_plain\none_seed2\g008_i013\tripinfo.xml
8,14,16,501.23466666666667,-120682114#1;-24337240#4;-25970859#1;-782714966#0;-876343449#2;111677669#4;111677669#5;24337240#0;24337240#7;311298662#1;4935286#1;502325084#0;782714966#1;782714971#4;876057378#2;880140407,runs_J_k16_plain\none_seed2\g008_i014,runs_J_k16_plain\none_seed2\g008_i014\tripinfo.xml
8,15,16,1000000000000.0,-111681903#2;-25970859#1;-28298231;-5197062#3;-5197062#4;-535519490#0;-782714971#0;-782714971#1;-835445203;111677669#2;111681903#2;311298665;37628709#0;498033359#0;876057378#4;876343449#0,runs_J_k16_plain\none_seed2\g008_i015,runs_J_k16_plain\none_seed2\g008_i015\tripinfo.xml
8,16,16,811.7586666666666,-111677668#4;-111677671#0;-120682114#1;-205590836#0;-498033359#0;-876343449#0;-880137009#1;111677669#1;111681903#1;502325084#3;783907721#2;835443464;876057378#1;880137009#1;880137010;880140407,runs_J_k16_plain\none_seed2\g008_i016,runs_J_k16_plain\none_seed2\g008_i016\tripinfo.xml
8,17,16,761.746,-24337240#4;-24337240#7;-311298685;-498033359#2;-5197062#4;-535519490#1;-74277990;-782714971#1;-876343449#2;111681903#2;120682114#1;26216781#0;4935299#1;62826731;783907721#0;7924772,runs_J_k16_plain\none_seed2\g008_i017,runs_J_k16_plain\none_seed2\g008_i017\tripinfo.xml
8,18,16,721.1393333333333,-205590836#0;-24337240#1;-502325084#1;-5197062#3;-535519490#0;-876343449#0;-876343449#2;111681903#1;111681903#3;311298658;4935286#3;4935299#1;4970256#6;4970256#8;5197062#3;535519490#0,runs_J_k16_plain\none_seed2\g008_i018,runs_J_k16_plain\none_seed2\g008_i018\tripinfo.xml
8,19,16,634.3093333333334,-111677668#0;-24337240#4;-311298662#1;-311298685;24337240#0;24337240#3;25970859#1;26216781#3;28468732#0;4935299#1;4970256#5;4970256#8;498033359#0;5197062#3;7924772;876057378#2,runs_J_k16_plain\none_seed2\g008_i019,runs_J_k16_plain\none_seed2\g008_i019\tripinfo.xml
8,20,16,651.0513333333333,-111677668#0;-111677668#4;-25970859#0;-4950193;-880137009#0;111681903#1;120682114#1;24337240#4;26216779#1;28468730#1;4970256#5;502325084#3;5197062#3;876057378#3;876343449#2;880137010,runs_J_k16_plain\none_seed2\g008_i020,runs_J_k16_plain\none_seed2\g008_i020\tripinfo.xml
8,21,16,585.364,-111677668#4;-25970859#0;-535519490#0;-74277990;-782714971#0;-782714971#4;-783907721#1;-880137009#0;111677671#0;111681903#2;111681903#3;111681905#1;311298665;37628709#0;498033359#0;835445203,runs_J_k16_plain\none_seed2\g008_i021,runs_J_k16_plain\none_seed2\g008_i021\tripinfo.xml
8,22,16,395.94933333333336,-111677668#3;-111681903#3;-782714971#4;-783907721#0;111677669#4;111681903#0;111681905#1;131942152;25970859#0;26216779#0;26216781#3;28468732#0;4970256#6;535519490#1;876057378#2;876057378#4,runs_J_k16_plain\none_seed2\g008_i022,runs_J_k16_plain\none_seed2\g008_i022\tripinfo.xml
8,23,8,670.3706666666667,-120682114#3;-782714966#1;111677671#0;111681903#1;24337240#0;24337240#5;25970859#1;502325084#0,runs_J_k16_plain\none_seed2\g008_i023,runs_J_k16_plain\none_seed2\g008_i023\tripinfo.xml
9,0,16,364.31266666666664,-111677668#0;-111677671#0;-74277990;-782714966#1;-880137009#0;205590836#2;24337240#3;311298685;4935286#2;4970256#5;4970256#6;4970256#8;498033359#3;782714971#0;782714971#1;876057378#4,runs_J_k16_plain\none_seed2\g009_i000,runs_J_k16_plain\none_seed2\g009_i000\tripinfo.xml
9,1,16,460.3826666666667,-111677671#0;-24337240#3;-28468730#0;-311298682#0;-782714966#0;-782714971#2;111677669#0;111681903#0;205590836#2;26216779#1;311298682#0;311298685;4935286#2;4935299#1;7924772;880140407,runs_J_k16_plain\none_seed2\g009_i001,runs_J_k16_plain\none_seed2\g009_i001\tripinfo.xml
9,2,16,1004.5666666666667,-25970859#1;-311298662#1;-498033359#1;-782714966#0;111677669#1;111681903#1;24337240#1;24337240#3;24337240#5;311298665;4935286#2;4970256#5;502325084#0;58621262#0;782714971#0;835443464,runs_J_k16_plain\none_seed2\g009_i002,runs_J_k16_plain\none_seed2\g009_i002\tripinfo.xml
9,3,16,1000000000000.0,-25970859#0;-74277990;-782714971#2;-782714971#3;111677668#3;111681905#1;24337240#3;311298662#1;311298685;4935286#2;498033359#3;782714971#1;782714971#4;876057378#2;876057378#4;880137010,runs_J_k16_plain\none_seed2\g009_i003,runs_J_k16_plain\none_seed2\g009_i003\tripinfo.xml
9,4,16,623.2473333333334,-111677668#0;-111677671#0;-111681903#2;-28468730#0;-535519490#0;-782714966#0;-782714971#4;131942152;24337240#2;26216779#0;28468732#1;4935286#2;782714966#0;782714966#1;782714971#1;783907721#2,runs_J_k16_plain\none_seed2\g009_i004,runs_J_k16_plain\none_seed2\g009_i004\tripinfo.xml
9,5,16,745.6146666666667,-24337240#7;-311298662#0;-311298685;-502325084#1;-74277990;-782714971#0;111681903#0;111681905#1;24337240#2;4970256#6;4970256#7;58621262#0;782714971#1;782714971#3;876057378#3;880137010,runs_J_k16_plain\none_seed2\g009_i005,runs_J_k16_plain\none_seed2\g009_i005\tripinfo.xml
9,6,16,1409.438,-4950193;-7365262;-74277990;-783907721#1;-835443464;111681903#0;111681903#1;120682114#2;24337240#2;4935286#3;4970256#6;535519490#0;58621262#0;782714971#0;782714971#1;876057378#0,runs_J_k16_plain\none_seed2\g009_i006,runs_J_k16_plain\none_seed2\g009_i006\tripinfo.xml
9,7,16,1000000000000.0,-111677668#0;-111677668#3;-111677671#0;-28468730#0;-498033359#3;-782714971#0;111677669#1;111681903#0;26216779#0;311298685;4970256#8;782714971#0;783907721#2;876057378#2;876057378#4;880137010,runs_J_k16_plain\none_seed2\g009_i007,runs_J_k16_plain\none_seed2\g009_i007\tripinfo.xml
9,8,7,643.3613333333333,-111677668#4;-111681903#3;-535519490#0;24337240#3;26216779#0;311298662#1;782714971#1,runs_J_k16_plain\none_seed2\g009_i008,runs_J_k16_plain\none_seed2\g009_i008\tripinfo.xml
9,9,16,442.3473333333333,-111681903#0;-111681903#1;-782714971#2;-880137009#0;111677669#2;111681903#0;111681903#1;111681905#1;24337240#3;26216781#0;311298665;37628709#1;4935286#3;502325084#0;535519490#0;876343449#0,runs_J_k16_plain\none_seed2\g009_i009,runs_J_k16_plain\none_seed2\g009_i009\tripinfo.xml
9,10,16,1000000000000.0,-120682114#2;-311298665;-498033359#1;-880137009#0;111681903#0;111681903#1;26216781#1;26216781#2;26216781#3;311298658;311298665;311298682#0;4970256#5;502325084#1;782714966#1;880137010,runs_J_k16_plain\none_seed2\g009_i010,runs_J_k16_plain\none_seed2\g009_i010\tripinfo.xml
9,11,16,558.3253333333333,-111677671#0;-24337240#0;-24337240#4;-24337240#7;-311298685;-782714966#0;-782714971#0;-835443464;111677669#0;111677671#0;111681905#2;28468732#1;311298665;782714966#1;876343449#2;880137010,runs_J_k16_plain\none_seed2\g009_i011,runs_J_k16_plain\none_seed2\g009_i011\tripinfo.xml
9,12,16,363.39,-24337240#7;-311298658;-311298662#1;111681903#0;120682114#3;24337240#0;24337240#2;311298682#0;311298685;4935286#2;4970256#6;747448014;782714966#0;782714971#4;783907721#0;876057376,runs_J_k16_plain\none_seed2\g009_i012,runs_J_k16_plain\none_seed2\g009_i012\tripinfo.xml
9,13,16,1528.5773333333334,-111681903#1;-4950193;-782714971#2;-783907721#0;-835443464;-876343449#0;-880137009#0;-880137009#1;120682114#2;24337240#7;311298682#0;37628709#0;498033359#0;782714971#0;876057378#4;880137009#1,runs_J_k16_plain\none_seed2\g009_i013,runs_J_k16_plain\none_seed2\g009_i013\tripinfo.xml
9,14,3,674.9966666666667,111677671#0;24337240#3;4970256#8,runs_J_k16_plain\none_seed2\g009_i014,runs_J_k16_plain\none_seed2\g009_i014\tripinfo.xml
9,15,16,1295.8986666666667,-111677668#0;-74277990;-783907721#1;-835443464;-876343449#2;111677668#0;111681903#3;120682114#2;311298665;37628709#0;4935286#2;498033359#0;535519490#1;62826731;876343449#2;880137009#1,runs_J_k16_plain\none_seed2\g009_i015,runs_J_k16_plain\none_seed2\g009_i015\tripinfo.xml
9,16,16,601.1866666666666,-111677668#3;-205590836#0;-24337240#4;-25970859#1;-74277990;-782714971#0;-782714971#3;-782714971#4;-880137009#0;111681903#3;111681905#1;111681905#2;120682114#3;26216781#1;535519490#1;747448014,runs_J_k16_plain\none_seed2\g009_i016,runs_J_k16_plain\none_seed2\g009_i016\tripinfo.xml
9,17,16,387.61333333333334,-111677668#0;-111677668#3;-111677668#4;-111677671#0;-24337240#4;-783907721#0;-876343449#0;111677669#0;111677669#4;111677669#5;311298665;4935286#2;782714971#4;783907721#0;876057378#2;876057378#5,runs_J_k16_plain\none_seed2\g009_i017,runs_J_k16_plain\none_seed2\g009_i017\tripinfo.xml
9,18,16,672.1686666666667,-111681903#3;-25970859#0;-880137009#1;111681903#0;131942152;24337240#4;24337240#7;26216779#0;26216781#0;28468732#0;4970256#6;502325084#1;782714966#0;783907721#2;876057378#3;876057378#4,runs_J_k16_plain\none_seed2\g009_i018,runs_J_k16_plain\none_seed2\g009_i018\tripinfo.xml
9,19,16,686.5686666666667,-311298662#1;-74277990;-783907721#2;111677668#4;111681903#1;120682114#1;26216779#1;26216781#1;26216781#2;28468730#1;4935286#1;4935286#2;4935286#3;4935299#1;535519490#0;782714966#0,runs_J_k16_plain\none_seed2\g009_i019,runs_J_k16_plain\none_seed2\g009_i019\tripinfo.xml
9,20,16,628.368,-111677671#0;-25970859#0;-311298662#1;-498033359#1;-74277990;-880137009#1;111677669#0;111677669#2;120682114#1;24337240#0;28468732#1;311298682#0;4935286#2;5197062#4;835445203;876057376,runs_J_k16_plain\none_seed2\g009_i020,runs_J_k16_plain\none_seed2\g009_i020\tripinfo.xml
9,21,16,1638.014,-111677671#0;-311298685;-502325084#1;-74277990;-783907721#1;-880137009#0;-880137009#1;111677669#0;120682114#2;24337240#0;4970256#7;498033359#3;782714966#0;782714966#1;782714971#0;782714971#4,runs_J_k16_plain\none_seed2\g009_i021,runs_J_k16_plain\none_seed2\g009_i021\tripinfo.xml
9,22,16,1000000000000.0,-111677671#0;-311298662#0;-498033359#1;-876343449#0;-880140407;120682114#3;205590836#2;24337240#0;24337240#3;4935286#2;4970256#6;4970256#8;502325084#0;782710712;876057378#2;880137010,runs_J_k16_plain\none_seed2\g009_i022,runs_J_k16_plain\none_seed2\g009_i022\tripinfo.xml
9,23,16,407.04466666666667,-205590836#0;-311298662#1;-498033359#0;-5197062#4;-74277990;-783907721#1;111677669#2;111681903#0;111681903#3;26216779#0;311298662#0;311298665;311298682#0;4935286#0;4935286#2;747448014,runs_J_k16_plain\none_seed2\g009_i023,runs_J_k16_plain\none_seed2\g009_i023\tripinfo.xml
10,0,16,363.39,-24337240#7;-311298658;-311298662#1;111681903#0;120682114#3;24337240#0;24337240#2;311298682#0;311298685;4935286#2;4970256#6;747448014;782714966#0;782714971#4;783907721#0;876057376,runs_J_k16_plain\none_seed2\g010_i000,runs_J_k16_plain\none_seed2\g010_i000\tripinfo.xml
10,1,4,484.50466666666665,-783907721#2;-880137009#0;311298665;876057378#4,runs_J_k16_plain\none_seed2\g010_i001,runs_J_k16_plain\none_seed2\g010_i001\tripinfo.xml
10,2,16,653.1906666666666,-111677668#0;-111677671#0;-24337240#0;-24337240#4;111677668#3;111681905#2;205590836#2;4970256#5;4970256#6;4970256#7;498033359#3;502325084#1;58621262#0;876057378#0;876343449#2;880137010,runs_J_k16_plain\none_seed2\g010_i002,runs_J_k16_plain\none_seed2\g010_i002\tripinfo.xml
10,3,16,702.4446666666666,-111677668#4;-498033359#0;-498033359#1;-498033359#2;-502325084#1;-782714971#4;-783907721#1;-880137009#1;111677671#0;111681903#2;120682114#1;24337240#0;26216781#0;311298682#0;498033359#3;835445203,runs_J_k16_plain\none_seed2\g010_i003,runs_J_k16_plain\none_seed2\g010_i003\tripinfo.xml
10,4,6,599.5866666666667,-111677668#4;-311298658;311298682#0;311298685;4970256#6;782714971#0,runs_J_k16_plain\none_seed2\g010_i004,runs_J_k16_plain\none_seed2\g010_i004\tripinfo.xml
10,5,14,454.572,-111681903#0;-311298662#1;-5197062#4;-535519490#0;-783907721#0;120682114#1;24337240#0;311298662#0;311298682#0;4935286#2;4935299#1;782714971#0;876057376;876057378#4,runs_J_k16_plain\none_seed2\g010_i005,runs_J_k16_plain\none_seed2\g010_i005\tripinfo.xml
10,6,16,1000000000000.0,-111681903#1;-111681903#3;-311298662#1;-498033359#0;-782714971#4;-783907721#1;-880137009#1;111677669#0;111677669#1;111677669#2;111681903#3;26216779#0;62826731;783907721#1;783907721#2;880137009#0,runs_J_k16_plain\none_seed2\g010_i006,runs_J_k16_plain\none_seed2\g010_i006\tripinfo.xml
10,7,16,450.678,-111677668#3;-111677668#4;-205590836#0;-24337240#4;-782714971#0;111677669#5;111681905#2;24337240#7;28468730#1;311298665;311298682#0;4970256#7;498033359#1;502325084#0;747448014;876057378#0,runs_J_k16_plain\none_seed2\g010_i007,runs_J_k16_plain\none_seed2\g010_i007\tripinfo.xml
10,8,16,747.904,-111677671#0;-24337240#0;-24337240#2;-24337240#4;-311298682#0;-498033359#3;-74277990;-782714971#0;-782714971#3;-876343449#2;-880137009#0;111681905#2;120682114#2;26216781#2;28468732#1;880137010,runs_J_k16_plain\none_seed2\g010_i008,runs_J_k16_plain\none_seed2\g010_i008\tripinfo.xml
10,9,16,1271.038,-111677668#4;-24337240#1;-24337240#4;-502325084#0;-5197062#3;-782714971#0;-782714971#4;-880137009#0;120682114#2;26216781#2;28468732#0;311298662#1;498033359#0;535519490#1;7924772;876057378#3,runs_J_k16_plain\none_seed2\g010_i009,runs_J_k16_plain\none_seed2\g010_i009\tripinfo.xml
10,10,13,472.252,-111681903#3;-205590836#0;-25970859#1;-28298231;-783907721#0;-783907721#1;111681903#3;25970859#0;26216779#0;4935286#0;502325084#0;535519490#0;783907721#2,runs_J_k16_plain\none_seed2\g010_i010,runs_J_k16_plain\none_seed2\g010_i010\tripinfo.xml
10,11,16,644.456,-111677668#3;-311298662#1;-783907721#1;-783907721#2;-876343449#0;111677668#0;111681903#0;111681903#3;25970859#0;311298665;311298682#0;37628709#0;4970256#6;5197062#4;747448014;880137009#0,runs_J_k16_plain\none_seed2\g010_i011,runs_J_k16_plain\none_seed2\g010_i011\tripinfo.xml
10,12,16,388.9153333333333,-205590836#0;-311298682#0;-498033359#3;-74277990;-782714971#2;111677669#0;111677669#2;111681903#0;120682114#3;24337240#4;26216781#1;311298662#0;37628709#0;4935286#2;747448014;782710712,runs_J_k16_plain\none_seed2\g010_i012,runs_J_k16_plain\none_seed2\g010_i012\tripinfo.xml
10,13,16,406.42,-111677668#0;-502325084#0;-535519490#0;-782714966#0;-782714971#3;111681903#0;24337240#0;311298685;4935286#2;4970256#7;4970256#8;498033359#0;5197062#3;782714966#0;782714971#1;782714971#4,runs_J_k16_plain\none_seed2\g010_i013,runs_J_k16_plain\none_seed2\g010_i013\tripinfo.xml
10,14,16,718.766,-111677671#0;-120682114#1;-311298658;-502325084#3;-535519490#0;-835445203;111681903#3;28468730#1;311298685;4935286#2;782714971#0;782714971#3;782714971#4;835443464;876057376;880137009#0,runs_J_k16_plain\none_seed2\g010_i014,runs_J_k16_plain\none_seed2\g010_i014\tripinfo.xml
10,15,10,1000000000000.0,-311298665;-783907721#2;-880137009#0;111677669#0;111681905#2;24337240#3;26216781#1;311298682#0;4970256#8;782714966#1,runs_J_k16_plain\none_seed2\g010_i015,runs_J_k16_plain\none_seed2\g010_i015\tripinfo.xml
10,16,16,1000000000000.0,-120682114#3;-205590836#0;-502325084#0;-74277990;-782714971#0;111677669#3;111677671#0;111681903#3;120682114#3;26216779#1;37628709#1;4935286#0;4935286#3;4970256#5;498033359#3;783907721#2,runs_J_k16_plain\none_seed2\g010_i016,runs_J_k16_plain\none_seed2\g010_i016\tripinfo.xml
10,17,16,762.0913333333333,-111681903#1;-24337240#3;-28468730#0;-782714966#0;-782714971#4;-783907721#2;-880137009#0;111681905#1;24337240#0;24337240#1;26216779#1;26216781#3;502325084#0;535519490#0;62826731;782714966#0,runs_J_k16_plain\none_seed2\g010_i017,runs_J_k16_plain\none_seed2\g010_i017\tripinfo.xml
10,18,16,800.0286666666667,-111681903#0;-111681903#1;-120682114#2;-28298231;111677669#0;111677669#2;111681903#0;120682114#1;24337240#5;26216781#2;311298665;311298682#0;4935286#0;4935299#1;782714971#1;876343449#0,runs_J_k16_plain\none_seed2\g010_i018,runs_J_k16_plain\none_seed2\g010_i018\tripinfo.xml
10,19,16,635.524,-111681903#3;-120682114#3;-24337240#0;-28468730#0;-498033359#0;-782714971#1;205590836#2;24337240#3;28468730#1;311298662#1;311298685;37628709#1;4970256#6;498033359#3;782714971#0;876057378#1,runs_J_k16_plain\none_seed2\g010_i019,runs_J_k16_plain\none_seed2\g010_i019\tripinfo.xml
10,20,16,1000000000000.0,-111677671#0;-24337240#4;-4950193;-502325084#0;-535519490#0;-782714966#0;-782714971#0;-835443464;-880137009#0;24337240#3;4970256#5;4970256#6;4970256#8;535519490#1;880137010;880140407,runs_J_k16_plain\none_seed2\g010_i020,runs_J_k16_plain\none_seed2\g010_i020\tripinfo.xml
10,21,16,649.2106666666666,-111677668#0;-111677668#3;-111677668#4;-311298658;-311298662#0;-498033359#3;-74277990;-880137009#1;111681903#0;26216781#3;4935286#0;4935286#1;4935286#2;498033359#1;58621262#0;835445203,runs_J_k16_plain\none_seed2\g010_i021,runs_J_k16_plain\none_seed2\g010_i021\tripinfo.xml
10,22,16,765.2306666666667,-111677668#4;-111681903#3;-205590836#0;-783907721#0;-835445203;-880137009#0;111677669#0;111677669#2;111677669#5;311298662#0;311298662#1;311298665;37628709#0;4935286#2;5197062#3;783907721#0,runs_J_k16_plain\none_seed2\g010_i022,runs_J_k16_plain\none_seed2\g010_i022\tripinfo.xml
10,23,13,420.3233333333333,-311298662#1;111681903#0;120682114#3;205590836#2;26216781#2;28468730#1;311298665;4935286#2;4970256#5;502325084#0;62826731;747448014;876057376,runs_J_k16_plain\none_seed2\g010_i023,runs_J_k16_plain\none_seed2\g010_i023\tripinfo.xml
11,0,16,363.39,-24337240#7;-311298658;-311298662#1;111681903#0;120682114#3;24337240#0;24337240#2;311298682#0;311298685;4935286#2;4970256#6;747448014;782714966#0;782714971#4;783907721#0;876057376,runs_J_k16_plain\none_seed2\g011_i000,runs_J_k16_plain\none_seed2\g011_i000\tripinfo.xml
11,1,16,388.476,-24337240#6;-311298662#1;-311298682#0;-498033359#2;-782714966#0;111681903#0;24337240#0;26216779#0;4935286#2;4970256#6;498033359#3;535519490#0;747448014;782714966#0;876057376;876057378#5,runs_J_k16_plain\none_seed2\g011_i001,runs_J_k16_plain\none_seed2\g011_i001\tripinfo.xml
11,2,16,895.496,-311298658;-498033359#1;-498033359#2;-783907721#1;120682114#1;120682114#3;24337240#2;24337240#4;311298682#0;311298685;782714971#0;782714971#4;7924772;835443464;876057378#2;880137009#1,runs_J_k16_plain\none_seed2\g011_i002,runs_J_k16_plain\none_seed2\g011_i002\tripinfo.xml
11,3,16,410.75933333333336,-24337240#4;-28298231;-311298682#0;-498033359#2;-782714966#1;-782714971#1;-782714971#4;-783907721#0;26216779#0;311298665;4935286#0;4970256#6;535519490#0;783907721#0;783907721#2;876057378#1,runs_J_k16_plain\none_seed2\g011_i003,runs_J_k16_plain\none_seed2\g011_i003\tripinfo.xml
11,4,16,607.7453333333333,-111681903#3;-205590836#0;-311298662#1;-502325084#1;-783907721#0;111681903#3;205590836#2;24337240#3;25970859#0;26216779#0;28468730#1;28468732#1;311298662#1;4935286#1;498033359#3;782710712,runs_J_k16_plain\none_seed2\g011_i004,runs_J_k16_plain\none_seed2\g011_i004\tripinfo.xml
11,5,15,616.674,-24337240#7;-28298231;-311298658;-311298682#0;-498033359#1;-502325084#3;-782714966#1;111681903#0;24337240#0;26216779#0;26216781#3;311298682#0;747448014;782714966#0;7924772,runs_J_k16_plain\none_seed2\g011_i005,runs_J_k16_plain\none_seed2\g011_i005\tripinfo.xml
11,6,16,639.4246666666667,-120682114#1;-205590836#0;-28298231;-311298662#1;-311298685;-535519490#0;-876343449#2;111677669#4;24337240#2;25970859#0;28468732#1;311298685;4970256#6;782714971#1;835445203;876057376,runs_J_k16_plain\none_seed2\g011_i006,runs_J_k16_plain\none_seed2\g011_i006\tripinfo.xml
11,7,16,622.0986666666666,-24337240#6;-311298662#1;-498033359#3;-5197062#4;-535519490#0;-876343449#2;111681903#2;24337240#1;24337240#4;4935286#1;4970256#5;4970256#7;535519490#0;782714966#0;783907721#0;876057376,runs_J_k16_plain\none_seed2\g011_i007,runs_J_k16_plain\none_seed2\g011_i007\tripinfo.xml
11,8,7,1000000000000.0,-311298662#0;-311298682#0;24337240#0;26216781#1;311298682#0;4935299#1;783907721#2,runs_J_k16_plain\none_seed2\g011_i008,runs_J_k16_plain\none_seed2\g011_i008\tripinfo.xml
11,9,16,553.7533333333333,-111681903#1;-311298682#0;-311298685;-498033359#2;-5197062#4;111677668#3;111677669#2;111677669#5;120682114#1;205590836#2;24337240#0;24337240#2;26216781#1;311298662#0;4935286#2;4935286#3,runs_J_k16_plain\none_seed2\g011_i009,runs_J_k16_plain\none_seed2\g011_i009\tripinfo.xml
11,10,16,373.694,-111677668#0;-111677668#4;-24337240#7;-311298662#1;-498033359#1;-498033359#2;-498033359#3;-74277990;-783907721#0;120682114#1;26216781#0;28468730#1;311298682#0;311298685;37628709#0;4935286#2,runs_J_k16_plain\none_seed2\g011_i010,runs_J_k16_plain\none_seed2\g011_i010\tripinfo.xml
11,11,16,1000000000000.0,-111677668#0;-111677668#3;-24337240#1;-24337240#6;-311298662#1;-535519490#0;24337240#0;24337240#2;311298685;4935286#0;4935299#1;4970256#8;782714971#1;835443464;876057378#1;880137009#0,runs_J_k16_plain\none_seed2\g011_i011,runs_J_k16_plain\none_seed2\g011_i011\tripinfo.xml
11,12,6,545.0993333333333,-782714971#3;111677671#0;4970256#7;5197062#3;782714966#0;880140407,runs_J_k16_plain\none_seed2\g011_i012,runs_J_k16_plain\none_seed2\g011_i012\tripinfo.xml
11,13,6,645.6046666666666,-535519490#1;111677671#0;24337240#2;28468732#0;311298682#0;4935286#0,runs_J_k16_plain\none_seed2\g011_i013,runs_J_k16_plain\none_seed2\g011_i013\tripinfo.xml
11,14,16,422.78133333333335,111681903#0;111681903#1;120682114#3;24337240#3;24337240#5;24337240#7;26216781#0;26216781#1;311298682#0;4935286#2;498033359#1;747448014;782714971#4;783907721#0;835443464;876057376,runs_J_k16_plain\none_seed2\g011_i014,runs_J_k16_plain\none_seed2\g011_i014\tripinfo.xml
11,15,16,610.646,-24337240#4;-28298231;-535519490#0;-782714971#4;-783907721#2;111677669#2;111681903#0;111681903#3;24337240#4;26216781#1;311298658;4935286#2;498033359#1;498033359#3;502325084#0;747448014,runs_J_k16_plain\none_seed2\g011_i015,runs_J_k16_plain\none_seed2\g011_i015\tripinfo.xml
11,16,16,652.9726666666667,-205590836#0;-28468730#0;-311298662#1;-498033359#3;-782714971#1;111681903#2;111681903#3;205590836#2;24337240#1;26216781#2;28468730#0;28468732#1;311298662#0;4970256#5;502325084#0;876057376,runs_J_k16_plain\none_seed2\g011_i016,runs_J_k16_plain\none_seed2\g011_i016\tripinfo.xml
11,17,16,409.1886666666667,-24337240#7;-28298231;-311298662#1;-502325084#1;-5197062#4;111677669#0;111681903#0;24337240#3;311298682#0;4935286#2;4935299#1;782714966#0;782714971#0;783907721#0;835443464;876057376,runs_J_k16_plain\none_seed2\g011_i017,runs_J_k16_plain\none_seed2\g011_i017\tripinfo.xml
11,18,16,601.3206666666666,-24337240#1;-25970859#0;-502325084#1;-782714966#0;-783907721#0;-783907721#1;111677669#5;311298682#0;37628709#1;4970256#6;4970256#7;502325084#0;5197062#3;782714966#0;782714971#4;876057376,runs_J_k16_plain\none_seed2\g011_i018,runs_J_k16_plain\none_seed2\g011_i018\tripinfo.xml
11,19,16,671.1413333333334,-111681903#0;-24337240#4;-28468730#0;-502325084#0;-5197062#4;-782714971#4;-876343449#0;111677668#0;111677668#3;111677669#1;111677669#3;205590836#2;24337240#4;502325084#1;782710712;835445203,runs_J_k16_plain\none_seed2\g011_i019,runs_J_k16_plain\none_seed2\g011_i019\tripinfo.xml
11,20,16,649.0873333333333,-205590836#0;-24337240#6;-311298682#0;-535519490#0;-782714971#0;-782714971#1;111677668#0;111677669#0;111677669#2;311298682#0;37628709#0;4935286#0;4935286#1;4935286#2;782714971#0;876057376,runs_J_k16_plain\none_seed2\g011_i020,runs_J_k16_plain\none_seed2\g011_i020\tripinfo.xml
11,21,16,572.9173333333333,-111677668#4;-120682114#1;-502325084#1;-782714971#0;-876343449#0;111677669#5;111681903#0;24337240#7;26216781#0;311298682#0;37628709#1;498033359#1;5197062#4;747448014;782714966#1;876057378#0,runs_J_k16_plain\none_seed2\g011_i021,runs_J_k16_plain\none_seed2\g011_i021\tripinfo.xml
11,22,16,1000000000000.0,-111677668#4;-111681903#1;-311298658;-311298662#1;-5197062#4;111677669#3;111681905#1;24337240#1;28468730#0;311298658;311298682#0;37628709#1;4970256#6;4970256#7;782714971#0;783907721#0,runs_J_k16_plain\none_seed2\g011_i022,runs_J_k16_plain\none_seed2\g011_i022\tripinfo.xml
11,23,16,600.3533333333334,-111681903#0;-28468730#0;-311298662#1;-502325084#0;-5197062#3;-535519490#0;111677668#0;111677669#0;111677669#2;111677671#0;25970859#0;26216779#0;28468730#0;311298665;311298682#0;782714971#1,runs_J_k16_plain\none_seed2\g011_i023,runs_J_k16_plain\none_seed2\g011_i023\tripinfo.xml
12,0,16,363.39,-24337240#7;-311298658;-311298662#1;111681903#0;120682114#3;24337240#0;24337240#2;311298682#0;311298685;4935286#2;4970256#6;747448014;782714966#0;782714971#4;783907721#0;876057376,runs_J_k16_plain\none_seed2\g012_i000,runs_J_k16_plain\none_seed2\g012_i000\tripinfo.xml
12,1,16,729.2266666666667,-120682114#2;-25970859#0;-782714966#0;-782714971#1;-880140407;111677668#3;111681903#0;111681905#2;24337240#5;24337240#7;37628709#1;4970256#6;502325084#0;747448014;782714971#4;876057378#5,runs_J_k16_plain\none_seed2\g012_i001,runs_J_k16_plain\none_seed2\g012_i001\tripinfo.xml
12,2,16,707.4053333333334,-111681903#1;-498033359#1;-502325084#0;-502325084#1;-782714966#1;-876343449#1;111681903#1;120682114#3;24337240#3;28468730#0;498033359#1;502325084#0;782714971#2;782714971#4;876057376;876343449#1,runs_J_k16_plain\none_seed2\g012_i002,runs_J_k16_plain\none_seed2\g012_i002\tripinfo.xml
12,3,6,652.1373333333333,-24337240#7;-28298231;-311298662#1;-782714966#1;498033359#3;782714966#0,runs_J_k16_plain\none_seed2\g012_i003,runs_J_k16_plain\none_seed2\g012_i003\tripinfo.xml
12,4,16,625.5973333333334,-120682114#2;-24337240#7;-498033359#1;-782714966#0;-782714971#4;111677669#0;111677669#1;111681903#1;120682114#3;26216781#3;311298685;62826731;782714971#1;783907721#0;876057376;876057378#3,runs_J_k16_plain\none_seed2\g012_i004,runs_J_k16_plain\none_seed2\g012_i004\tripinfo.xml
12,5,16,462.05733333333336,-111677671#0;-120682114#3;-24337240#1;-311298662#1;-502325084#0;-5197062#4;-783907721#1;111677669#5;120682114#1;311298685;4935286#2;4970256#6;502325084#0;782714971#4;876057376;876057378#5,runs_J_k16_plain\none_seed2\g012_i005,runs_J_k16_plain\none_seed2\g012_i005\tripinfo.xml
12,6,16,644.456,-311298682#0;-502325084#1;-782714966#0;111677668#4;111677669#3;120682114#3;26216779#1;28468730#0;311298682#0;37628709#0;4935286#1;4970256#6;4970256#7;498033359#2;782714971#4;876057376,runs_J_k16_plain\none_seed2\g012_i006,runs_J_k16_plain\none_seed2\g012_i006\tripinfo.xml
12,7,16,1000000000000.0,-24337240#1;-311298682#0;-498033359#2;-782714966#0;-783907721#2;-876343449#0;111681905#1;24337240#0;311298682#0;4935286#0;4970256#5;535519490#0;782714966#0;782714971#4;783907721#2;876057378#5,runs_J_k16_plain\none_seed2\g012_i007,runs_J_k16_plain\none_seed2\g012_i007\tripinfo.xml
12,8,16,690.5733333333334,-111681903#2;-120682114#2;-28298231;-311298662#1;-782714966#1;-783907721#0;111681903#0;311298658;311298682#0;4970256#6;498033359#3;782710712;7924772;876057376;876057378#1;876057378#4,runs_J_k16_plain\none_seed2\g012_i008,runs_J_k16_plain\none_seed2\g012_i008\tripinfo.xml
12,9,7,407.976,-24337240#2;-28298231;-782714971#4;4935286#2;498033359#1;502325084#3;535519490#0,runs_J_k16_plain\none_seed2\g012_i009,runs_J_k16_plain\none_seed2\g012_i009\tripinfo.xml
12,10,16,414.84,-120682114#1;-205590836#0;-28298231;-498033359#2;-876343449#0;111677669#1;111681903#0;205590836#2;24337240#7;26216781#0;311298665;37628709#1;4935286#3;747448014;876057378#4;876343449#1,runs_J_k16_plain\none_seed2\g012_i010,runs_J_k16_plain\none_seed2\g012_i010\tripinfo.xml
12,11,16,533.1626666666667,-311298662#1;-498033359#0;-502325084#1;-502325084#3;-782714971#1;-782714971#3;-835443464;-880137009#0;111677669#4;111677669#5;28468732#1;311298682#0;4935286#2;4935299#1;782714971#0;783907721#0,runs_J_k16_plain\none_seed2\g012_i011,runs_J_k16_plain\none_seed2\g012_i011\tripinfo.xml
12,12,16,785.3406666666667,-24337240#1;-502325084#1;-5197062#4;-783907721#0;-876343449#1;111677669#4;120682114#3;205590836#2;24337240#3;24337240#4;4970256#6;502325084#0;5197062#3;783907721#2;835445203;876057376,runs_J_k16_plain\none_seed2\g012_i012,runs_J_k16_plain\none_seed2\g012_i012\tripinfo.xml
12,13,16,591.7133333333334,-311298662#0;-311298685;-783907721#0;111677669#0;111677669#3;26216779#1;26216781#1;28468730#1;28468732#0;311298658;311298682#0;311298685;58621262#1;835443464;876057376;876057378#4,runs_J_k16_plain\none_seed2\g012_i013,runs_J_k16_plain\none_seed2\g012_i013\tripinfo.xml
12,14,16,601.956,-111677668#4;-311298662#0;-498033359#1;-5197062#3;-74277990;111677668#0;111677668#4;111681905#2;24337240#3;25970859#0;311298682#0;498033359#1;747448014;783907721#0;880137009#1;880137010,runs_J_k16_plain\none_seed2\g012_i014,runs_J_k16_plain\none_seed2\g012_i014\tripinfo.xml
12,15,16,662.6653333333334,-24337240#2;-24337240#7;-498033359#0;-876343449#1;111677669#5;111681903#0;111681905#2;120682114#3;24337240#2;25970859#0;26216781#0;28468732#0;311298682#0;502325084#0;782714966#1;876057378#2,runs_J_k16_plain\none_seed2\g012_i015,runs_J_k16_plain\none_seed2\g012_i015\tripinfo.xml
12,16,16,575.2746666666667,-111677668#0;-111681903#1;-120682114#1;-25970859#0;-25970859#1;-782714971#0;120682114#2;24337240#0;24337240#7;25970859#0;311298682#0;311298685;37628709#1;498033359#1;876343449#2;880140407,runs_J_k16_plain\none_seed2\g012_i016,runs_J_k16_plain\none_seed2\g012_i016\tripinfo.xml
12,17,7,656.5526666666667,-498033359#2;-783907721#0;111681903#1;782714971#1;783907721#1;783907721#2;7924772,runs_J_k16_plain\none_seed2\g012_i017,runs_J_k16_plain\none_seed2\g012_i017\tripinfo.xml
12,18,16,494.63,-111677671#0;-120682114#2;-24337240#4;-24337240#7;-311298682#0;-782714971#1;-782714971#4;-876343449#2;111677669#3;111681903#0;26216779#1;4935286#2;4970256#6;498033359#1;535519490#0;783907721#0,runs_J_k16_plain\none_seed2\g012_i018,runs_J_k16_plain\none_seed2\g012_i018\tripinfo.xml
12,19,16,847.1166666666667,-111677668#4;-120682114#1;-120682114#2;-25970859#1;-502325084#3;-5197062#3;-535519490#1;-782714971#0;111677668#4;111677669#5;26216781#0;26216781#3;311298665;311298682#0;782714971#2;880137010,runs_J_k16_plain\none_seed2\g012_i019,runs_J_k16_plain\none_seed2\g012_i019\tripinfo.xml
12,20,16,1000.554,-28468730#0;-502325084#1;-74277990;-782714966#1;111681903#0;24337240#0;24337240#5;311298658;311298682#0;498033359#0;498033359#2;5197062#4;747448014;782714966#1;782714971#3;7924772,runs_J_k16_plain\none_seed2\g012_i020,runs_J_k16_plain\none_seed2\g012_i020\tripinfo.xml
12,21,6,595.216,-24337240#6;-28468730#0;120682114#3;747448014;782714971#4;876057378#2,runs_J_k16_plain\none_seed2\g012_i021,runs_J_k16_plain\none_seed2\g012_i021\tripinfo.xml
12,22,16,1000000000000.0,-28298231;-498033359#1;-502325084#1;-5197062#4;-535519490#0;-782714971#2;-783907721#1;-876343449#1;-880137009#1;111677669#0;24337240#3;498033359#1;782714971#0;783907721#0;876343449#2;880137009#1,runs_J_k16_plain\none_seed2\g012_i022,runs_J_k16_plain\none_seed2\g012_i022\tripinfo.xml
12,23,16,984.0953333333333,-111677671#0;-111681903#0;-120682114#3;-205590836#0;-28468730#0;-311298685;-782714971#1;-782714971#4;-876343449#0;111677668#0;111677669#0;111677671#0;311298662#0;311298665;4935286#1;876057376,runs_J_k16_plain\none_seed2\g012_i023,runs_J_k16_plain\none_seed2\g012_i023\tripinfo.xml
13,0,16,363.39,-24337240#7;-311298658;-311298662#1;111681903#0;120682114#3;24337240#0;24337240#2;311298682#0;311298685;4935286#2;4970256#6;747448014;782714966#0;782714971#4;783907721#0;876057376,runs_J_k16_plain\none_seed2\g013_i000,runs_J_k16_plain\none_seed2\g013_i000\tripinfo.xml
13,1,16,724.8773333333334,-111681903#1;-24337240#2;-28298231;-311298662#0;-782714971#3;-782714971#4;111677669#4;111681903#0;111681905#2;24337240#3;26216779#1;498033359#1;502325084#3;535519490#0;58621262#0;782714971#3,runs_J_k16_plain\none_seed2\g013_i001,runs_J_k16_plain\none_seed2\g013_i001\tripinfo.xml
13,2,16,669.986,-24337240#1;-24337240#6;-28298231;-311298682#0;-782714971#2;-782714971#4;120682114#1;25970859#0;28468732#0;311298665;498033359#1;502325084#3;5197062#4;535519490#0;7924772;876057378#1,runs_J_k16_plain\none_seed2\g013_i002,runs_J_k16_plain\none_seed2\g013_i002\tripinfo.xml
13,3,16,586.412,-28298231;-498033359#0;-5197062#4;-535519490#0;-782714971#3;111677669#5;24337240#4;4935299#1;4970256#5;498033359#0;535519490#0;782714971#2;782714971#3;782714971#4;876057378#1;876057378#2,runs_J_k16_plain\none_seed2\g013_i003,runs_J_k16_plain\none_seed2\g013_i003\tripinfo.xml
13,4,16,579.092,-111681903#2;-311298682#0;-502325084#1;-835443464;-880137009#0;120682114#1;24337240#5;28468732#1;4935286#2;498033359#1;535519490#1;782714971#0;783907721#0;783907721#2;876057378#2;876057378#5,runs_J_k16_plain\none_seed2\g013_i004,runs_J_k16_plain\none_seed2\g013_i004\tripinfo.xml
13,5,7,674.108,-111677668#3;111677669#5;111681903#0;111681903#2;4935286#3;782714971#4;783907721#0,runs_J_k16_plain\none_seed2\g013_i005,runs_J_k16_plain\none_seed2\g013_i005\tripinfo.xml
13,6,16,670.8853333333333,-311298658;-311298685;-535519490#1;-782714966#0;111677669#4;28468730#1;311298685;4935286#2;502325084#1;747448014;782714966#0;835443464;876057376;876057378#4;880137009#0;880137009#1,runs_J_k16_plain\none_seed2\g013_i006,runs_J_k16_plain\none_seed2\g013_i006\tripinfo.xml
13,7,16,738.466,-120682114#1;-24337240#0;-24337240#4;-311298658;-311298662#0;-782714971#4;111677669#5;111681903#3;24337240#5;28468732#0;311298665;37628709#1;4935286#2;782714971#4;876057378#4;880140407,runs_J_k16_plain\none_seed2\g013_i007,runs_J_k16_plain\none_seed2\g013_i007\tripinfo.xml
13,8,16,649.0873333333333,-28298231;-782714971#1;-782714971#2;-782714971#4;-876343449#1;111677669#0;111681903#0;111681905#1;24337240#7;26216781#3;4935286#1;58621262#1;747448014;783907721#1;835443464;876343449#1,runs_J_k16_plain\none_seed2\g013_i008,runs_J_k16_plain\none_seed2\g013_i008\tripinfo.xml
13,9,16,650.7813333333334,-311298662#0;-311298662#1;-782714971#4;111677669#1;111681903#3;24337240#1;25970859#0;26216781#2;311298665;311298682#0;311298685;37628709#1;4935286#2;4970256#6;498033359#1;876343449#0,runs_J_k16_plain\none_seed2\g013_i009,runs_J_k16_plain\none_seed2\g013_i009\tripinfo.xml
13,10,16,636.9873333333334,-111681903#0;-24337240#2;-498033359#3;-880140407;120682114#3;205590836#2;24337240#2;26216781#0;26216781#1;311298685;4935286#1;502325084#3;782714971#4;876057376;876343449#1;880137009#1,runs_J_k16_plain\none_seed2\g013_i010,runs_J_k16_plain\none_seed2\g013_i010\tripinfo.xml
13,11,16,587.2966666666666,-24337240#1;-24337240#7;-25970859#1;-782714971#4;-835445203;-880137009#0;111677669#3;111677669#5;111681903#0;111681905#2;120682114#3;37628709#0;4935286#2;782714966#0;782714971#0;783907721#0,runs_J_k16_plain\none_seed2\g013_i011,runs_J_k16_plain\none_seed2\g013_i011\tripinfo.xml
13,12,16,655.456,-311298662#1;-311298685;-502325084#3;-782714971#3;-783907721#2;-835443464;111681903#0;120682114#3;26216781#2;311298682#0;37628709#0;4935299#1;4970256#5;4970256#6;783907721#0;876343449#1,runs_J_k16_plain\none_seed2\g013_i012,runs_J_k16_plain\none_seed2\g013_i012\tripinfo.xml
13,13,16,679.4933333333333,-120682114#1;-120682114#3;-502325084#0;-783907721#1;111677669#3;111677669#5;120682114#3;24337240#0;24337240#7;26216779#1;28468730#0;28468732#0;311298682#0;311298685;4970256#6;876057378#5,runs_J_k16_plain\none_seed2\g013_i013,runs_J_k16_plain\none_seed2\g013_i013\tripinfo.xml
13,14,16,513.7806666666667,-111677668#0;-120682114#1;-24337240#1;-25970859#0;-25970859#1;-498033359#0;-782714966#1;-782714971#2;120682114#2;26216781#3;311298685;37628709#1;4935299#1;498033359#1;502325084#1;880140407,runs_J_k16_plain\none_seed2\g013_i014,runs_J_k16_plain\none_seed2\g013_i014\tripinfo.xml
13,15,16,555.1366666666667,-205590836#0;-311298685;-498033359#2;-782714971#4;-835445203;-880137009#0;111681903#0;111681903#1;24337240#2;24337240#7;37628709#1;4935286#3;782714966#1;782714971#0;876057378#2;876057378#4,runs_J_k16_plain\none_seed2\g013_i015,runs_J_k16_plain\none_seed2\g013_i015\tripinfo.xml
13,16,16,468.03,-120682114#1;-205590836#0;-28298231;-311298685;-498033359#2;-876343449#0;111677669#3;111677669#4;111681903#1;111681903#2;205590836#2;311298665;4970256#6;747448014;782714966#0;876343449#2,runs_J_k16_plain\none_seed2\g013_i016,runs_J_k16_plain\none_seed2\g013_i016\tripinfo.xml
13,17,16,732.966,-111677668#3;-120682114#2;-311298658;-311298662#0;-311298662#1;-5197062#4;-782714971#3;-782714971#4;-783907721#0;-876343449#1;111677669#4;111677669#5;24337240#4;25970859#1;502325084#3;535519490#0,runs_J_k16_plain\none_seed2\g013_i017,runs_J_k16_plain\none_seed2\g013_i017\tripinfo.xml
13,18,16,403.55333333333334,-28298231;-311298658;-311298682#0;-498033359#0;-502325084#0;-74277990;-782714971#4;-835443464;111681903#0;26216781#2;28468732#1;311298662#1;4935286#2;4935299#1;782714971#0;876057378#0,runs_J_k16_plain\none_seed2\g013_i018,runs_J_k16_plain\none_seed2\g013_i018\tripinfo.xml
13,19,16,690.8826666666666,-111677668#4;-111681903#0;-24337240#4;-25970859#1;-498033359#1;-502325084#0;-835443464;-876343449#2;498033359#2;502325084#0;62826731;782714971#1;782714971#3;782714971#4;876057378#0;876343449#2,runs_J_k16_plain\none_seed2\g013_i019,runs_J_k16_plain\none_seed2\g013_i019\tripinfo.xml
13,20,16,406.038,-120682114#3;-24337240#1;-24337240#3;-782714966#0;-782714971#3;111677668#3;111677669#4;120682114#3;26216781#2;4935286#2;782714966#0;7924772;876057378#2;876057378#3;876057378#4;876057378#5,runs_J_k16_plain\none_seed2\g013_i020,runs_J_k16_plain\none_seed2\g013_i020\tripinfo.xml
13,21,16,749.622,-120682114#1;-25970859#0;-25970859#1;-311298685;-783907721#1;120682114#1;131942152;4970256#8;498033359#1;498033359#3;747448014;782714966#0;782714971#3;876057378#2;876057378#3;876343449#0,runs_J_k16_plain\none_seed2\g013_i021,runs_J_k16_plain\none_seed2\g013_i021\tripinfo.xml
13,22,16,1000000000000.0,-4950193;-782714971#0;-783907721#0;111681903#2;111681903#3;24337240#7;25970859#0;26216781#1;311298682#0;4935286#2;535519490#0;58621262#1;782714971#0;783907721#0;876343449#2;880137010,runs_J_k16_plain\none_seed2\g013_i022,runs_J_k16_plain\none_seed2\g013_i022\tripinfo.xml
13,23,16,692.538,-111677671#0;-311298662#1;-502325084#0;-782714971#1;-782714971#3;111677669#5;111681903#0;311298662#1;311298685;37628709#1;4935286#0;4935286#2;4935286#3;4970256#8;783907721#0;876057376,runs_J_k16_plain\none_seed2\g013_i023,runs_J_k16_plain\none_seed2\g013_i023\tripinfo.xml
14,0,16,363.39,-24337240#7;-311298658;-311298662#1;111681903#0;120682114#3;24337240#0;24337240#2;311298682#0;311298685;4935286#2;4970256#6;747448014;782714966#0;782714971#4;783907721#0;876057376,runs_J_k16_plain\none_seed2\g014_i000,runs_J_k16_plain\none_seed2\g014_i000\tripinfo.xml
14,1,11,605.9153333333334,-24337240#7;-311298658;-311298662#1;-782714966#0;-880140407;111681903#0;24337240#0;311298682#0;4970256#6;782714966#0;876057376,runs_J_k16_plain\none_seed2\g014_i001,runs_J_k16_plain\none_seed2\g014_i001\tripinfo.xml
14,2,12,477.612,-111677668#0;-120682114#1;-24337240#1;-498033359#0;-782714966#1;-782714971#2;-876343449#1;120682114#2;26216781#3;311298685;37628709#1;880140407,runs_J_k16_plain\none_seed2\g014_i002,runs_J_k16_plain\none_seed2\g014_i002\tripinfo.xml
14,3,16,644.718,-25970859#0;-25970859#1;-311298685;-880137009#1;111677669#4;111681903#1;111681903#2;25970859#1;26216781#2;28468732#0;311298662#0;37628709#1;747448014;782714971#0;876057378#4;876343449#2,runs_J_k16_plain\none_seed2\g014_i003,runs_J_k16_plain\none_seed2\g014_i003\tripinfo.xml
14,4,12,825.2166666666667,-28298231;-28468730#0;-782714971#4;-880137009#0;111681903#0;111681903#1;24337240#2;24337240#3;24337240#5;311298665;4935286#3;876343449#0,runs_J_k16_plain\none_seed2\g014_i004,runs_J_k16_plain\none_seed2\g014_i004\tripinfo.xml
14,5,16,652.6006666666667,-111681903#0;-205590836#0;-311298685;-782714971#4;-835443464;-835445203;111677668#3;111681903#0;111681903#1;26216779#1;4935286#0;4935286#3;5197062#4;782714971#3;876057378#2;876343449#2,runs_J_k16_plain\none_seed2\g014_i005,runs_J_k16_plain\none_seed2\g014_i005\tripinfo.xml
14,6,13,2288.432,-111677668#0;-502325084#0;-74277990;-782714971#4;-783907721#1;111681903#0;111681903#2;120682114#2;311298658;502325084#0;535519490#0;62826731;782714971#0,runs_J_k16_plain\none_seed2\g014_i006,runs_J_k16_plain\none_seed2\g014_i006\tripinfo.xml
14,7,16,637.9446666666666,-28298231;-498033359#2;-782714971#3;111677669#0;111681903#0;111681903#1;111681905#1;24337240#5;24337240#7;26216781#2;26216781#3;782714971#1;782714971#2;835443464;876057378#1;880140407,runs_J_k16_plain\none_seed2\g014_i007,runs_J_k16_plain\none_seed2\g014_i007\tripinfo.xml
14,8,8,492.18266666666665,-28298231;-311298685;-782714971#1;-876343449#1;24337240#7;25970859#1;4935286#2;876057378#2,runs_J_k16_plain\none_seed2\g014_i008,runs_J_k16_plain\none_seed2\g014_i008\tripinfo.xml
14,9,8,628.664,-111677668#0;-111677668#4;-120682114#3;-835445203;120682114#3;311298662#1;876057378#2;876057378#5,runs_J_k16_plain\none_seed2\g014_i009,runs_J_k16_plain\none_seed2\g014_i009\tripinfo.xml
14,10,16,628.0253333333334,-111681903#0;-120682114#1;-120682114#2;-24337240#7;-28298231;-498033359#3;-535519490#0;111677668#3;111677669#3;111681905#1;26216781#2;4935286#0;4935286#2;782714971#4;783907721#0;7924772,runs_J_k16_plain\none_seed2\g014_i010,runs_J_k16_plain\none_seed2\g014_i010\tripinfo.xml
14,11,16,1281.314,-24337240#3;-782714971#4;-876343449#1;-880137009#0;111677669#5;111681905#1;24337240#5;26216779#0;311298658;37628709#0;502325084#0;502325084#3;782714966#0;782714966#1;876343449#2;880137009#0,runs_J_k16_plain\none_seed2\g014_i011,runs_J_k16_plain\none_seed2\g014_i011\tripinfo.xml
14,12,16,608.0073333333333,-111677671#0;-24337240#1;-498033359#2;-782714971#4;-783907721#2;-835445203;111677669#3;111681903#0;111681905#2;120682114#3;24337240#7;498033359#0;58621262#1;782714971#1;782714971#3;835443464,runs_J_k16_plain\none_seed2\g014_i012,runs_J_k16_plain\none_seed2\g014_i012\tripinfo.xml
14,13,16,597.104,-24337240#1;-24337240#7;-311298682#0;111677668#0;111677669#1;111677669#2;111677669#5;120682114#3;26216779#0;28468732#1;311298685;4935286#2;502325084#1;782714971#4;876057378#3;876343449#0,runs_J_k16_plain\none_seed2\g014_i013,runs_J_k16_plain\none_seed2\g014_i013\tripinfo.xml
14,14,16,375.51933333333335,-111677671#0;-24337240#7;-311298658;-782714971#0;-876343449#0;-880137009#0;111681903#0;111681903#2;24337240#0;24337240#2;4935286#2;747448014;782714966#0;783907721#0;783907721#2;876057376,runs_J_k16_plain\none_seed2\g014_i014,runs_J_k16_plain\none_seed2\g014_i014\tripinfo.xml
14,15,15,513.7386666666666,-120682114#3;-24337240#1;-24337240#7;-5197062#3;-835443464;-835445203;111681903#0;120682114#3;24337240#1;28468730#1;4935286#3;747448014;876057376;876057378#2;876057378#3,runs_J_k16_plain\none_seed2\g014_i015,runs_J_k16_plain\none_seed2\g014_i015\tripinfo.xml
14,16,16,677.1166666666667,-24337240#3;-311298662#1;-498033359#2;-782714971#0;-876343449#2;111677668#0;111677668#3;111677669#4;24337240#0;24337240#4;311298685;37628709#0;4935286#2;783907721#0;835443464;880137009#0,runs_J_k16_plain\none_seed2\g014_i016,runs_J_k16_plain\none_seed2\g014_i016\tripinfo.xml
14,17,16,351.312,-111677668#3;-311298662#0;-502325084#3;-782714966#0;-782714971#3;-876343449#2;111677669#0;24337240#0;24337240#2;24337240#7;4935286#2;747448014;876057378#2;876057378#3;876057378#4;876343449#1,runs_J_k16_plain\none_seed2\g014_i017,runs_J_k16_plain\none_seed2\g014_i017\tripinfo.xml
14,18,11,721.346,-24337240#2;-311298662#1;-782714971#0;-880137009#0;111677669#4;111677671#0;111681903#0;26216781#2;311298662#0;782714966#0;876057376,runs_J_k16_plain\none_seed2\g014_i018,runs_J_k16_plain\none_seed2\g014_i018\tripinfo.xml
14,19,16,359.31933333333336,-24337240#7;-28298231;-498033359#2;-74277990;111681903#0;111681905#2;24337240#0;24337240#2;25970859#0;311298662#1;4935286#2;4935299#1;747448014;782714971#4;876057378#0;876343449#0,runs_J_k16_plain\none_seed2\g014_i019,runs_J_k16_plain\none_seed2\g014_i019\tripinfo.xml
14,20,16,402.80466666666666,-24337240#1;-25970859#0;-311298662#1;-311298682#0;-502325084#0;-835443464;111677668#3;111677669#1;111677669#4;111681903#0;120682114#3;24337240#0;4935286#2;782710712;783907721#0;880137009#1,runs_J_k16_plain\none_seed2\g014_i020,runs_J_k16_plain\none_seed2\g014_i020\tripinfo.xml
14,21,16,629.2666666666667,-111681903#1;-120682114#3;-24337240#0;-25970859#1;-498033359#2;-498033359#3;-502325084#3;-782714971#3;-876343449#2;28468732#1;37628709#0;4970256#5;4970256#6;62826731;782714971#4;835443464,runs_J_k16_plain\none_seed2\g014_i021,runs_J_k16_plain\none_seed2\g014_i021\tripinfo.xml
14,22,16,704.6553333333334,-111681903#0;-311298662#1;-498033359#1;-782714966#0;-880140407;120682114#3;24337240#2;26216781#1;4935286#1;502325084#1;782714966#0;782714971#4;783907721#1;783907721#2;876057376;876057378#3,runs_J_k16_plain\none_seed2\g014_i022,runs_J_k16_plain\none_seed2\g014_i022\tripinfo.xml
14,23,16,635.7246666666666,-111681903#0;-111681903#2;-4950193;-880137009#0;111681903#0;111681905#2;205590836#2;24337240#2;26216779#0;311298685;37628709#0;4935286#1;502325084#3;782714971#4;876057378#1;880137009#1,runs_J_k16_plain\none_seed2\g014_i023,runs_J_k16_plain\none_seed2\g014_i023\tripinfo.xml
15,0,16,351.312,-111677668#3;-311298662#0;-502325084#3;-782714966#0;-782714971#3;-876343449#2;111677669#0;24337240#0;24337240#2;24337240#7;4935286#2;747448014;876057378#2;876057378#3;876057378#4;876343449#1,runs_J_k16_plain\none_seed2\g015_i000,runs_J_k16_plain\none_seed2\g015_i000\tripinfo.xml
15,1,8,503.494,-4950193;-498033359#3;-502325084#3;111681903#3;28468732#1;4935286#3;782714971#4;876057378#3,runs_J_k16_plain\none_seed2\g015_i001,runs_J_k16_plain\none_seed2\g015_i001\tripinfo.xml
15,2,16,517.5993333333333,-111681903#2;-120682114#3;-24337240#0;-25970859#1;-498033359#1;-782714971#3;-880137009#1;111677669#5;28468730#1;37628709#0;62826731;747448014;7924772;835443464;876343449#1;880140407,runs_J_k16_plain\none_seed2\g015_i002,runs_J_k16_plain\none_seed2\g015_i002\tripinfo.xml
15,3,16,620.3,-111681903#2;-311298682#0;-502325084#3;-782714966#0;-782714966#1;-782714971#3;-880137009#0;111681903#1;111681905#1;111681905#2;131942152;4970256#6;747448014;876057378#1;876057378#3;880137009#0,runs_J_k16_plain\none_seed2\g015_i003,runs_J_k16_plain\none_seed2\g015_i003\tripinfo.xml
15,4,12,599.918,-311298658;-311298662#0;-311298685;-5197062#4;111677668#3;111681903#0;24337240#0;24337240#7;26216779#0;502325084#3;782714966#1;876057378#2,runs_J_k16_plain\none_seed2\g015_i004,runs_J_k16_plain\none_seed2\g015_i004\tripinfo.xml
15,5,15,450.58133333333336,-24337240#0;-502325084#3;-782714966#0;-782714966#1;-876343449#2;-880137009#0;24337240#2;24337240#7;28468732#0;37628709#1;4935286#3;498033359#1;747448014;876057376;880137009#1,runs_J_k16_plain\none_seed2\g015_i005,runs_J_k16_plain\none_seed2\g015_i005\tripinfo.xml
15,6,16,587.338,-111681903#3;-24337240#2;-311298662#0;-502325084#3;-5197062#3;-535519490#0;-876343449#2;111677669#0;28468732#0;28468732#1;4970256#5;498033359#2;535519490#0;747448014;876057378#2;880137009#0,runs_J_k16_plain\none_seed2\g015_i006,runs_J_k16_plain\none_seed2\g015_i006\tripinfo.xml
15,7,16,597.81,-111677668#3;-111681903#1;-24337240#2;-311298662#0;-502325084#3;-5197062#3;-782714966#0;-876343449#2;-880140407;111677669#4;111681903#0;24337240#0;24337240#7;28468730#1;4935286#1;876057378#2,runs_J_k16_plain\none_seed2\g015_i007,runs_J_k16_plain\none_seed2\g015_i007\tripinfo.xml
15,8,5,650.8626666666667,-111677668#3;-502325084#3;-880140407;311298662#0;7924772,runs_J_k16_plain\none_seed2\g015_i008,runs_J_k16_plain\none_seed2\g015_i008\tripinfo.xml
15,9,16,1009.2013333333333,-24337240#1;-28298231;-74277990;-835445203;111677669#4;111681903#0;24337240#1;25970859#0;28468730#0;311298658;311298665;4935286#1;4935286#2;4970256#8;498033359#3;62826731,runs_J_k16_plain\none_seed2\g015_i009,runs_J_k16_plain\none_seed2\g015_i009\tripinfo.xml
15,10,16,499.1206666666667,-111677671#0;-24337240#7;-498033359#2;-502325084#1;-5197062#3;-74277990;-876343449#0;111681903#0;111681903#1;120682114#3;24337240#4;28468730#1;4935286#3;4935299#1;4970256#6;747448014,runs_J_k16_plain\none_seed2\g015_i010,runs_J_k16_plain\none_seed2\g015_i010\tripinfo.xml
15,11,16,667.0166666666667,-24337240#0;-24337240#7;-311298685;-498033359#2;-782714971#1;-835443464;24337240#0;24337240#3;24337240#7;311298662#1;311298682#0;37628709#0;4935299#1;498033359#1;876057378#2;876057378#3,runs_J_k16_plain\none_seed2\g015_i011,runs_J_k16_plain\none_seed2\g015_i011\tripinfo.xml
15,12,9,450.58133333333336,-111677668#0;-498033359#0;-502325084#3;-5197062#4;28468730#1;4935286#3;62826731;747448014;876057378#2,runs_J_k16_plain\none_seed2\g015_i012,runs_J_k16_plain\none_seed2\g015_i012\tripinfo.xml
15,13,9,658.0926666666667,-28298231;-5197062#3;111677669#3;111677669#4;111681903#3;120682114#3;28468730#1;502325084#1;876057376,runs_J_k16_plain\none_seed2\g015_i013,runs_J_k16_plain\none_seed2\g015_i013\tripinfo.xml
15,14,16,663.5373333333333,-111677668#0;-120682114#1;-120682114#3;-24337240#1;-24337240#2;-24337240#7;-28468730#0;-498033359#1;-502325084#1;-535519490#0;-7365262;-74277990;-782714966#1;111681903#0;498033359#1;58621262#1,runs_J_k16_plain\none_seed2\g015_i014,runs_J_k16_plain\none_seed2\g015_i014\tripinfo.xml
15,15,16,752.2013333333333,-111681903#0;-120682114#1;-498033359#2;-498033359#3;-535519490#0;-783907721#2;111677668#4;111681903#0;26216781#2;28468732#0;4935286#2;498033359#1;58621262#1;782714971#1;876057378#1;876343449#0,runs_J_k16_plain\none_seed2\g015_i015,runs_J_k16_plain\none_seed2\g015_i015\tripinfo.xml
15,16,16,1000000000000.0,-111677671#0;-120682114#2;-24337240#2;-25970859#1;-28298231;-535519490#1;-782714971#0;131942152;24337240#0;26216781#2;26216781#3;498033359#1;782714971#4;7924772;876057378#1;880137009#1,runs_J_k16_plain\none_seed2\g015_i016,runs_J_k16_plain\none_seed2\g015_i016\tripinfo.xml
15,17,16,373.472,-120682114#3;-311298662#1;-311298685;-498033359#1;-782714971#1;-876343449#1;111677669#1;111677669#4;120682114#3;26216781#3;37628709#0;4935286#2;747448014;782714971#2;876343449#0;880137009#1,runs_J_k16_plain\none_seed2\g015_i017,runs_J_k16_plain\none_seed2\g015_i017\tripinfo.xml
15,18,16,1832.1446666666666,-111681903#3;-24337240#6;-28298231;-311298682#0;-782714971#4;24337240#0;24337240#7;311298658;311298665;4935286#0;4935286#2;782710712;782714971#1;782714971#3;783907721#0;876057378#2,runs_J_k16_plain\none_seed2\g015_i018,runs_J_k16_plain\none_seed2\g015_i018\tripinfo.xml
15,19,16,785.3506666666667,-120682114#2;-24337240#7;-28298231;-311298662#1;-876343449#1;-880137009#1;111681903#0;24337240#4;24337240#7;28468730#0;311298685;4935286#0;62826731;782714971#2;876057378#0;876057378#4,runs_J_k16_plain\none_seed2\g015_i019,runs_J_k16_plain\none_seed2\g015_i019\tripinfo.xml
15,20,16,696.1013333333333,-111677668#0;-111681903#2;-120682114#1;-782714971#2;-783907721#1;-876343449#0;111677668#3;111681905#2;120682114#1;120682114#2;24337240#0;24337240#2;26216781#3;311298662#1;498033359#2;835445203,runs_J_k16_plain\none_seed2\g015_i020,runs_J_k16_plain\none_seed2\g015_i020\tripinfo.xml
15,21,16,1425.2406666666666,-111677668#0;-111681903#3;-311298662#0;-498033359#0;-498033359#2;-502325084#0;-502325084#3;-535519490#1;-782714966#0;-783907721#2;111677668#3;111681905#1;28468730#0;37628709#1;747448014;876057378#3,runs_J_k16_plain\none_seed2\g015_i021,runs_J_k16_plain\none_seed2\g015_i021\tripinfo.xml
15,22,16,1366.2333333333333,-24337240#1;-25970859#1;-311298658;-498033359#2;-7365262;-782714971#3;-783907721#2;120682114#2;131942152;24337240#0;24337240#7;26216781#3;4970256#5;876057378#2;876057378#4;880140407,runs_J_k16_plain\none_seed2\g015_i022,runs_J_k16_plain\none_seed2\g015_i022\tripinfo.xml
15,23,16,549.18,-111677671#0;-24337240#7;-74277990;-782714966#0;-782714971#3;-880137009#1;111677669#0;111681903#0;24337240#0;24337240#5;24337240#7;28468732#1;4935286#2;502325084#1;876057378#0;876057378#4,runs_J_k16_plain\none_seed2\g015_i023,runs_J_k16_plain\none_seed2\g015_i023\tripinfo.xml
