instance_id,mode,seed_a,seed_b,jaccard
A_k4_1od_x0.8,both,0,1,0.6
A_k4_1od_x0.8,both,0,2,0.14285714285714285
A_k4_1od_x0.8,both,0,3,0.6
A_k4_1od_x0.8,both,0,4,0.6
A_k4_1od_x0.8,both,0,5,0.14285714285714285
A_k4_1od_x0.8,both,0,6,0.3333333333333333
A_k4_1od_x0.8,both,0,7,0.0
A_k4_1od_x0.8,both,0,8,0.6
A_k4_1od_x0.8,both,0,9,0.3333333333333333
A_k4_1od_x0.8,both,1,2,0.14285714285714285
A_k4_1od_x0.8,both,1,3,0.6
A_k4_1od_x0.8,both,1,4,0.6
A_k4_1od_x0.8,both,1,5,0.14285714285714285
A_k4_1od_x0.8,both,1,6,0.3333333333333333
A_k4_1od_x0.8,both,1,7,0.0
A_k4_1od_x0.8,both,1,8,0.6
A_k4_1od_x0.8,both,1,9,0.3333333333333333
A_k4_1od_x0.8,both,2,3,0.14285714285714285
A_k4_1od_x0.8,both,2,4,0.14285714285714285
A_k4_1od_x0.8,both,2,5,0.14285714285714285
A_k4_1od_x0.8,both,2,6,0.14285714285714285
A_k4_1od_x0.8,both,2,7,0.6
A_k4_1od_x0.8,both,2,8,0.14285714285714285
A_k4_1od_x0.8,both,2,9,0.0
A_k4_1od_x0.8,both,3,4,0.6
A_k4_1od_x0.8,both,3,5,0.14285714285714285
A_k4_1od_x0.8,both,3,6,0.3333333333333333
A_k4_1od_x0.8,both,3,7,0.14285714285714285
A_k4_1od_x0.8,both,3,8,0.6
A_k4_1od_x0.8,both,3,9,0.3333333333333333
A_k4_1od_x0.8,both,4,5,0.14285714285714285
A_k4_1od_x0.8,both,4,6,0.3333333333333333
A_k4_1od_x0.8,both,4,7,0.0
A_k4_1od_x0.8,both,4,8,0.6
A_k4_1od_x0.8,both,4,9,0.6
A_k4_1od_x0.8,both,5,6,0.6
A_k4_1od_x0.8,both,5,7,0.14285714285714285
A_k4_1od_x0.8,both,5,8,0.14285714285714285
A_k4_1od_x0.8,both,5,9,0.14285714285714285
A_k4_1od_x0.8,both,6,7,0.14285714285714285
A_k4_1od_x0.8,both,6,8,0.3333333333333333
A_k4_1od_x0.8,both,6,9,0.3333333333333333
A_k4_1od_x0.8,both,7,8,0.0
A_k4_1od_x0.8,both,7,9,0.0
A_k4_1od_x0.8,both,8,9,0.3333333333333333
A_k4_1od_x0.8,init,0,1,0.3333333333333333
A_k4_1od_x0.8,init,0,2,0.0
A_k4_1od_x0.8,init,0,3,0.6
A_k4_1od_x0.8,init,0,4,0.3333333333333333
A_k4_1od_x0.8,init,0,5,1.0
A_k4_1od_x0.8,init,0,6,0.14285714285714285
A_k4_1od_x0.8,init,0,7,0.14285714285714285
A_k4_1od_x0.8,init,0,8,0.14285714285714285
A_k4_1od_x0.8,init,0,9,1.0
A_k4_1od_x0.8,init,1,2,0.14285714285714285
A_k4_1od_x0.8,init,1,3,0.3333333333333333
A_k4_1od_x0.8,init,1,4,0.14285714285714285
A_k4_1od_x0.8,init,1,5,0.3333333333333333
A_k4_1od_x0.8,init,1,6,0.3333333333333333
A_k4_1od_x0.8,init,1,7,0.3333333333333333
A_k4_1od_x0.8,init,1,8,0.3333333333333333
A_k4_1od_x0.8,init,1,9,0.3333333333333333
A_k4_1od_x0.8,init,2,3,0.14285714285714285
A_k4_1od_x0.8,init,2,4,0.3333333333333333
A_k4_1od_x0.8,init,2,5,0.0
A_k4_1od_x0.8,init,2,6,0.14285714285714285
A_k4_1od_x0.8,init,2,7,0.14285714285714285
A_k4_1od_x0.8,init,2,8,0.0
A_k4_1od_x0.8,init,2,9,0.0
A_k4_1od_x0.8,init,3,4,0.6
A_k4_1od_x0.8,init,3,5,0.6
A_k4_1od_x0.8,init,3,6,0.14285714285714285
A_k4_1od_x0.8,init,3,7,0.14285714285714285
A_k4_1od_x0.8,init,3,8,0.14285714285714285
A_k4_1od_x0.8,init,3,9,0.6
A_k4_1od_x0.8,init,4,5,0.3333333333333333
A_k4_1od_x0.8,init,4,6,0.0
A_k4_1od_x0.8,init,4,7,0.0
A_k4_1od_x0.8,init,4,8,0.0
A_k4_1od_x0.8,init,4,9,0.3333333333333333
A_k4_1od_x0.8,init,5,6,0.14285714285714285
A_k4_1od_x0.8,init,5,7,0.14285714285714285
A_k4_1od_x0.8,init,5,8,0.14285714285714285
A_k4_1od_x0.8,init,5,9,1.0
A_k4_1od_x0.8,init,6,7,1.0
A_k4_1od_x0.8,init,6,8,0.6
A_k4_1od_x0.8,init,6,9,0.14285714285714285
A_k4_1od_x0.8,init,7,8,0.6
A_k4_1od_x0.8,init,7,9,0.14285714285714285
A_k4_1od_x0.8,init,8,9,0.14285714285714285
A_k4_1od_x0.8,mutation,0,1,0.3333333333333333
A_k4_1od_x0.8,mutation,0,2,0.3333333333333333
A_k4_1od_x0.8,mutation,0,3,0.3333333333333333
A_k4_1od_x0.8,mutation,0,4,0.14285714285714285
A_k4_1od_x0.8,mutation,0,5,0.6
A_k4_1od_x0.8,mutation,0,6,0.0
A_k4_1od_x0.8,mutation,0,7,0.14285714285714285
A_k4_1od_x0.8,mutation,0,8,0.14285714285714285
A_k4_1od_x0.8,mutation,0,9,0.3333333333333333
A_k4_1od_x0.8,mutation,1,2,0.14285714285714285
A_k4_1od_x0.8,mutation,1,3,0.3333333333333333
A_k4_1od_x0.8,mutation,1,4,0.0
A_k4_1od_x0.8,mutation,1,5,0.3333333333333333
A_k4_1od_x0.8,mutation,1,6,0.0
A_k4_1od_x0.8,mutation,1,7,0.14285714285714285
A_k4_1od_x0.8,mutation,1,8,0.3333333333333333
A_k4_1od_x0.8,mutation,1,9,0.14285714285714285
A_k4_1od_x0.8,mutation,2,3,0.14285714285714285
A_k4_1od_x0.8,mutation,2,4,0.14285714285714285
A_k4_1od_x0.8,mutation,2,5,0.3333333333333333
A_k4_1od_x0.8,mutation,2,6,0.0
A_k4_1od_x0.8,mutation,2,7,0.3333333333333333
A_k4_1od_x0.8,mutation,2,8,0.3333333333333333
A_k4_1od_x0.8,mutation,2,9,0.6
A_k4_1od_x0.8,mutation,3,4,0.14285714285714285
A_k4_1od_x0.8,mutation,3,5,0.3333333333333333
A_k4_1od_x0.8,mutation,3,6,0.14285714285714285
A_k4_1od_x0.8,mutation,3,7,0.3333333333333333
A_k4_1od_x0.8,mutation,3,8,0.14285714285714285
A_k4_1od_x0.8,mutation,3,9,0.14285714285714285
A_k4_1od_x0.8,mutation,4,5,0.14285714285714285
A_k4_1od_x0.8,mutation,4,6,0.3333333333333333
A_k4_1od_x0.8,mutation,4,7,0.14285714285714285
A_k4_1od_x0.8,mutation,4,8,0.0
A_k4_1od_x0.8,mutation,4,9,0.14285714285714285
A_k4_1od_x0.8,mutation,5,6,0.14285714285714285
A_k4_1od_x0.8,mutation,5,7,0.14285714285714285
A_k4_1od_x0.8,mutation,5,8,0.14285714285714285
A_k4_1od_x0.8,mutation,5,9,0.3333333333333333
A_k4_1od_x0.8,mutation,6,7,0.14285714285714285
A_k4_1od_x0.8,mutation,6,8,0.0
A_k4_1od_x0.8,mutation,6,9,0.0
A_k4_1od_x0.8,mutation,7,8,0.3333333333333333
A_k4_1od_x0.8,mutation,7,9,0.3333333333333333
A_k4_1od_x0.8,mutation,8,9,0.3333333333333333
A_k4_1od_x0.8,none,0,1,0.3333333333333333
A_k4_1od_x0.8,none,0,2,0.6
A_k4_1od_x0.8,none,0,3,0.0
A_k4_1od_x0.8,none,0,4,0.0
A_k4_1od_x0.8,none,0,5,0.0
A_k4_1od_x0.8,none,0,6,0.14285714285714285
A_k4_1od_x0.8,none,0,7,0.3333333333333333
A_k4_1od_x0.8,none,0,8,0.0
A_k4_1od_x0.8,none,0,9,0.14285714285714285
A_k4_1od_x0.8,none,1,2,0.3333333333333333
A_k4_1od_x0.8,none,1,3,0.3333333333333333
A_k4_1od_x0.8,none,1,4,0.3333333333333333
A_k4_1od_x0.8,none,1,5,0.14285714285714285
A_k4_1od_x0.8,none,1,6,0.0
A_k4_1od_x0.8,none,1,7,0.6
A_k4_1od_x0.8,none,1,8,0.14285714285714285
A_k4_1od_x0.8,none,1,9,0.6
A_k4_1od_x0.8,none,2,3,0.0
A_k4_1od_x0.8,none,2,4,0.0
A_k4_1od_x0.8,none,2,5,0.0
A_k4_1od_x0.8,none,2,6,0.14285714285714285
A_k4_1od_x0.8,none,2,7,0.3333333333333333
A_k4_1od_x0.8,none,2,8,0.14285714285714285
A_k4_1od_x0.8,none,2,9,0.14285714285714285
A_k4_1od_x0.8,none,3,4,0.6
A_k4_1od_x0.8,none,3,5,0.14285714285714285
A_k4_1od_x0.8,none,3,6,0.0
A_k4_1od_x0.8,none,3,7,0.14285714285714285
A_k4_1od_x0.8,none,3,8,0.14285714285714285
A_k4_1od_x0.8,none,3,9,0.3333333333333333
A_k4_1od_x0.8,none,4,5,0.14285714285714285
A_k4_1od_x0.8,none,4,6,0.0
A_k4_1od_x0.8,none,4,7,0.14285714285714285
A_k4_1od_x0.8,none,4,8,0.14285714285714285
A_k4_1od_x0.8,none,4,9,0.3333333333333333
A_k4_1od_x0.8,none,5,6,0.3333333333333333
A_k4_1od_x0.8,none,5,7,0.0
A_k4_1od_x0.8,none,5,8,0.3333333333333333
A_k4_1od_x0.8,none,5,9,0.14285714285714285
A_k4_1od_x0.8,none,6,7,0.0
A_k4_1od_x0.8,none,6,8,0.3333333333333333
A_k4_1od_x0.8,none,6,9,0.14285714285714285
A_k4_1od_x0.8,none,7,8,0.0
A_k4_1od_x0.8,none,7,9,0.3333333333333333
A_k4_1od_x0.8,none,8,9,0.3333333333333333
A_k4_1od_x1.0,both,0,1,0.14285714285714285
A_k4_1od_x1.0,both,0,2,0.6
A_k4_1od_x1.0,both,0,3,0.14285714285714285
A_k4_1od_x1.0,both,0,4,0.0
A_k4_1od_x1.0,both,0,5,1.0
A_k4_1od_x1.0,both,0,6,0.14285714285714285
A_k4_1od_x1.0,both,0,7,0.6
A_k4_1od_x1.0,both,0,8,0.3333333333333333
A_k4_1od_x1.0,both,0,9,0.14285714285714285
A_k4_1od_x1.0,both,1,2,0.14285714285714285
A_k4_1od_x1.0,both,1,3,0.14285714285714285
A_k4_1od_x1.0,both,1,4,0.3333333333333333
A_k4_1od_x1.0,both,1,5,0.14285714285714285
A_k4_1od_x1.0,both,1,6,0.3333333333333333
A_k4_1od_x1.0,both,1,7,0.14285714285714285
A_k4_1od_x1.0,both,1,8,0.14285714285714285
A_k4_1od_x1.0,both,1,9,0.6
A_k4_1od_x1.0,both,2,3,0.14285714285714285
A_k4_1od_x1.0,both,2,4,0.14285714285714285
A_k4_1od_x1.0,both,2,5,0.6
A_k4_1od_x1.0,both,2,6,0.14285714285714285
A_k4_1od_x1.0,both,2,7,0.3333333333333333
A_k4_1od_x1.0,both,2,8,0.14285714285714285
A_k4_1od_x1.0,both,2,9,0.3333333333333333
A_k4_1od_x1.0,both,3,4,0.0
A_k4_1od_x1.0,both,3,5,0.14285714285714285
A_k4_1od_x1.0,both,3,6,0.14285714285714285
A_k4_1od_x1.0,both,3,7,0.0
A_k4_1od_x1.0,both,3,8,0.0
A_k4_1od_x1.0,both,3,9,0.14285714285714285
A_k4_1od_x1.0,both,4,5,0.0
A_k4_1od_x1.0,both,4,6,0.0
A_k4_1od_x1.0,both,4,7,0.0
A_k4_1od_x1.0,both,4,8,0.0
A_k4_1od_x1.0,both,4,9,0.3333333333333333
A_k4_1od_x1.0,both,5,6,0.14285714285714285
A_k4_1od_x1.0,both,5,7,0.6
A_k4_1od_x1.0,both,5,8,0.3333333333333333
A_k4_1od_x1.0,both,5,9,0.14285714285714285
A_k4_1od_x1.0,both,6,7,0.14285714285714285
A_k4_1od_x1.0,both,6,8,0.3333333333333333
A_k4_1od_x1.0,both,6,9,0.3333333333333333
A_k4_1od_x1.0,both,7,8,0.3333333333333333
A_k4_1od_x1.0,both,7,9,0.14285714285714285
A_k4_1od_x1.0,both,8,9,0.14285714285714285
A_k4_1od_x1.0,init,0,1,0.14285714285714285
A_k4_1od_x1.0,init,0,2,0.14285714285714285
A_k4_1od_x1.0,init,0,3,0.14285714285714285
A_k4_1od_x1.0,init,0,4,0.6
A_k4_1od_x1.0,init,0,5,0.3333333333333333
A_k4_1od_x1.0,init,0,6,0.0
A_k4_1od_x1.0,init,0,7,0.3333333333333333
A_k4_1od_x1.0,init,0,8,0.14285714285714285
A_k4_1od_x1.0,init,0,9,0.14285714285714285
A_k4_1od_x1.0,init,1,2,0.3333333333333333
A_k4_1od_x1.0,init,1,3,0.6
A_k4_1od_x1.0,init,1,4,0.14285714285714285
A_k4_1od_x1.0,init,1,5,0.0
A_k4_1od_x1.0,init,1,6,0.14285714285714285
A_k4_1od_x1.0,init,1,7,0.3333333333333333
A_k4_1od_x1.0,init,1,8,0.0
A_k4_1od_x1.0,init,1,9,0.0
A_k4_1od_x1.0,init,2,3,0.3333333333333333
A_k4_1od_x1.0,init,2,4,0.14285714285714285
A_k4_1od_x1.0,init,2,5,0.0
A_k4_1od_x1.0,init,2,6,0.14285714285714285
A_k4_1od_x1.0,init,2,7,0.3333333333333333
A_k4_1od_x1.0,init,2,8,0.0
A_k4_1od_x1.0,init,2,9,0.14285714285714285
A_k4_1od_x1.0,init,3,4,0.14285714285714285
A_k4_1od_x1.0,init,3,5,0.0
A_k4_1od_x1.0,init,3,6,0.14285714285714285
A_k4_1od_x1.0,init,3,7,0.3333333333333333
A_k4_1od_x1.0,init,3,8,0.0
A_k4_1od_x1.0,init,3,9,0.0
A_k4_1od_x1.0,init,4,5,0.6
A_k4_1od_x1.0,init,4,6,0.0
A_k4_1od_x1.0,init,4,7,0.3333333333333333
A_k4_1od_x1.0,init,4,8,0.14285714285714285
A_k4_1od_x1.0,init,4,9,0.14285714285714285
A_k4_1od_x1.0,init,5,6,0.0
A_k4_1od_x1.0,init,5,7,0.14285714285714285
A_k4_1od_x1.0,init,5,8,0.3333333333333333
A_k4_1od_x1.0,init,5,9,0.14285714285714285
A_k4_1od_x1.0,init,6,7,0.14285714285714285
A_k4_1od_x1.0,init,6,8,0.0
A_k4_1od_x1.0,init,6,9,0.0
A_k4_1od_x1.0,init,7,8,0.14285714285714285
A_k4_1od_x1.0,init,7,9,0.14285714285714285
A_k4_1od_x1.0,init,8,9,0.14285714285714285
A_k4_1od_x1.0,mutation,0,1,0.14285714285714285
A_k4_1od_x1.0,mutation,0,2,0.14285714285714285
A_k4_1od_x1.0,mutation,0,3,0.14285714285714285
A_k4_1od_x1.0,mutation,0,4,0.0
A_k4_1od_x1.0,mutation,0,5,0.3333333333333333
A_k4_1od_x1.0,mutation,0,6,0.14285714285714285
A_k4_1od_x1.0,mutation,0,7,0.3333333333333333
A_k4_1od_x1.0,mutation,0,8,0.14285714285714285
A_k4_1od_x1.0,mutation,0,9,0.3333333333333333
A_k4_1od_x1.0,mutation,1,2,0.14285714285714285
A_k4_1od_x1.0,mutation,1,3,0.14285714285714285
A_k4_1od_x1.0,mutation,1,4,0.14285714285714285
A_k4_1od_x1.0,mutation,1,5,0.3333333333333333
A_k4_1od_x1.0,mutation,1,6,0.14285714285714285
A_k4_1od_x1.0,mutation,1,7,0.0
A_k4_1od_x1.0,mutation,1,8,0.14285714285714285
A_k4_1od_x1.0,mutation,1,9,0.3333333333333333
A_k4_1od_x1.0,mutation,2,3,0.14285714285714285
A_k4_1od_x1.0,mutation,2,4,0.14285714285714285
A_k4_1od_x1.0,mutation,2,5,0.3333333333333333
A_k4_1od_x1.0,mutation,2,6,0.14285714285714285
A_k4_1od_x1.0,mutation,2,7,0.0
A_k4_1od_x1.0,mutation,2,8,0.3333333333333333
A_k4_1od_x1.0,mutation,2,9,0.3333333333333333
A_k4_1od_x1.0,mutation,3,4,0.14285714285714285
A_k4_1od_x1.0,mutation,3,5,0.14285714285714285
A_k4_1od_x1.0,mutation,3,6,0.0
A_k4_1od_x1.0,mutation,3,7,0.14285714285714285
A_k4_1od_x1.0,mutation,3,8,0.0
A_k4_1od_x1.0,mutation,3,9,0.14285714285714285
A_k4_1od_x1.0,mutation,4,5,0.14285714285714285
A_k4_1od_x1.0,mutation,4,6,0.0
A_k4_1od_x1.0,mutation,4,7,0.0
A_k4_1od_x1.0,mutation,4,8,0.0
A_k4_1od_x1.0,mutation,4,9,0.14285714285714285
A_k4_1od_x1.0,mutation,5,6,0.14285714285714285
A_k4_1od_x1.0,mutation,5,7,0.14285714285714285
A_k4_1od_x1.0,mutation,5,8,0.3333333333333333
A_k4_1od_x1.0,mutation,5,9,1.0
A_k4_1od_x1.0,mutation,6,7,0.0
A_k4_1od_x1.0,mutation,6,8,0.3333333333333333
A_k4_1od_x1.0,mutation,6,9,0.14285714285714285
A_k4_1od_x1.0,mutation,7,8,0.0
A_k4_1od_x1.0,mutation,7,9,0.14285714285714285
A_k4_1od_x1.0,mutation,8,9,0.3333333333333333
A_k4_1od_x1.0,none,0,1,0.14285714285714285
A_k4_1od_x1.0,none,0,2,0.14285714285714285
A_k4_1od_x1.0,none,0,3,0.14285714285714285
A_k4_1od_x1.0,none,0,4,0.3333333333333333
A_k4_1od_x1.0,none,0,5,0.14285714285714285
A_k4_1od_x1.0,none,0,6,0.3333333333333333
A_k4_1od_x1.0,none,0,7,0.14285714285714285
A_k4_1od_x1.0,none,0,8,0.14285714285714285
A_k4_1od_x1.0,none,0,9,0.3333333333333333
A_k4_1od_x1.0,none,1,2,0.0
A_k4_1od_x1.0,none,1,3,0.14285714285714285
A_k4_1od_x1.0,none,1,4,0.3333333333333333
A_k4_1od_x1.0,none,1,5,1.0
A_k4_1od_x1.0,none,1,6,0.0
A_k4_1od_x1.0,none,1,7,0.3333333333333333
A_k4_1od_x1.0,none,1,8,0.14285714285714285
A_k4_1od_x1.0,none,1,9,0.0
A_k4_1od_x1.0,none,2,3,0.0
A_k4_1od_x1.0,none,2,4,0.14285714285714285
A_k4_1od_x1.0,none,2,5,0.0
A_k4_1od_x1.0,none,2,6,0.14285714285714285
A_k4_1od_x1.0,none,2,7,0.14285714285714285
A_k4_1od_x1.0,none,2,8,0.0
A_k4_1od_x1.0,none,2,9,0.14285714285714285
A_k4_1od_x1.0,none,3,4,0.14285714285714285
A_k4_1od_x1.0,none,3,5,0.14285714285714285
A_k4_1od_x1.0,none,3,6,0.0
A_k4_1od_x1.0,none,3,7,0.0
A_k4_1od_x1.0,none,3,8,0.14285714285714285
A_k4_1od_x1.0,none,3,9,0.0
A_k4_1od_x1.0,none,4,5,0.3333333333333333
A_k4_1od_x1.0,none,4,6,0.14285714285714285
A_k4_1od_x1.0,none,4,7,0.3333333333333333
A_k4_1od_x1.0,none,4,8,0.14285714285714285
A_k4_1od_x1.0,none,4,9,0.14285714285714285
A_k4_1od_x1.0,none,5,6,0.0
A_k4_1od_x1.0,none,5,7,0.3333333333333333
A_k4_1od_x1.0,none,5,8,0.14285714285714285
A_k4_1od_x1.0,none,5,9,0.0
A_k4_1od_x1.0,none,6,7,0.14285714285714285
A_k4_1od_x1.0,none,6,8,0.0
A_k4_1od_x1.0,none,6,9,0.6
A_k4_1od_x1.0,none,7,8,0.14285714285714285
A_k4_1od_x1.0,none,7,9,0.14285714285714285
A_k4_1od_x1.0,none,8,9,0.0
A_k4_2od_x0.8,both,0,1,0.3333333333333333
A_k4_2od_x0.8,both,0,2,0.3333333333333333
A_k4_2od_x0.8,both,0,3,0.3333333333333333
A_k4_2od_x0.8,both,0,4,0.3333333333333333
A_k4_2od_x0.8,both,0,5,0.6
A_k4_2od_x0.8,both,0,6,0.3333333333333333
A_k4_2od_x0.8,both,0,7,0.3333333333333333
A_k4_2od_x0.8,both,0,8,0.3333333333333333
A_k4_2od_x0.8,both,0,9,0.3333333333333333
A_k4_2od_x0.8,both,1,2,0.3333333333333333
A_k4_2od_x0.8,both,1,3,0.3333333333333333
A_k4_2od_x0.8,both,1,4,0.3333333333333333
A_k4_2od_x0.8,both,1,5,0.3333333333333333
A_k4_2od_x0.8,both,1,6,0.3333333333333333
A_k4_2od_x0.8,both,1,7,0.6
A_k4_2od_x0.8,both,1,8,0.3333333333333333
A_k4_2od_x0.8,both,1,9,0.3333333333333333
A_k4_2od_x0.8,both,2,3,0.3333333333333333
A_k4_2od_x0.8,both,2,4,0.6
A_k4_2od_x0.8,both,2,5,0.3333333333333333
A_k4_2od_x0.8,both,2,6,0.3333333333333333
A_k4_2od_x0.8,both,2,7,0.3333333333333333
A_k4_2od_x0.8,both,2,8,0.3333333333333333
A_k4_2od_x0.8,both,2,9,0.3333333333333333
A_k4_2od_x0.8,both,3,4,0.3333333333333333
A_k4_2od_x0.8,both,3,5,0.3333333333333333
A_k4_2od_x0.8,both,3,6,0.3333333333333333
A_k4_2od_x0.8,both,3,7,0.3333333333333333
A_k4_2od_x0.8,both,3,8,0.3333333333333333
A_k4_2od_x0.8,both,3,9,0.3333333333333333
A_k4_2od_x0.8,both,4,5,0.3333333333333333
A_k4_2od_x0.8,both,4,6,0.3333333333333333
A_k4_2od_x0.8,both,4,7,0.3333333333333333
A_k4_2od_x0.8,both,4,8,0.3333333333333333
A_k4_2od_x0.8,both,4,9,0.6
A_k4_2od_x0.8,both,5,6,0.3333333333333333
A_k4_2od_x0.8,both,5,7,0.3333333333333333
A_k4_2od_x0.8,both,5,8,0.6
A_k4_2od_x0.8,both,5,9,0.3333333333333333
A_k4_2od_x0.8,both,6,7,0.3333333333333333
A_k4_2od_x0.8,both,6,8,0.3333333333333333
A_k4_2od_x0.8,both,6,9,0.6
A_k4_2od_x0.8,both,7,8,0.3333333333333333
A_k4_2od_x0.8,both,7,9,0.3333333333333333
A_k4_2od_x0.8,both,8,9,0.3333333333333333
A_k4_2od_x0.8,init,0,1,1.0
A_k4_2od_x0.8,init,0,2,0.3333333333333333
A_k4_2od_x0.8,init,0,3,0.3333333333333333
A_k4_2od_x0.8,init,0,4,0.3333333333333333
A_k4_2od_x0.8,init,0,5,0.3333333333333333
A_k4_2od_x0.8,init,0,6,0.3333333333333333
A_k4_2od_x0.8,init,0,7,0.3333333333333333
A_k4_2od_x0.8,init,0,8,0.14285714285714285
A_k4_2od_x0.8,init,0,9,0.3333333333333333
A_k4_2od_x0.8,init,1,2,0.3333333333333333
A_k4_2od_x0.8,init,1,3,0.3333333333333333
A_k4_2od_x0.8,init,1,4,0.3333333333333333
A_k4_2od_x0.8,init,1,5,0.3333333333333333
A_k4_2od_x0.8,init,1,6,0.3333333333333333
A_k4_2od_x0.8,init,1,7,0.3333333333333333
A_k4_2od_x0.8,init,1,8,0.14285714285714285
A_k4_2od_x0.8,init,1,9,0.3333333333333333
A_k4_2od_x0.8,init,2,3,0.3333333333333333
A_k4_2od_x0.8,init,2,4,0.6
A_k4_2od_x0.8,init,2,5,0.3333333333333333
A_k4_2od_x0.8,init,2,6,0.3333333333333333
A_k4_2od_x0.8,init,2,7,0.3333333333333333
A_k4_2od_x0.8,init,2,8,0.14285714285714285
A_k4_2od_x0.8,init,2,9,0.3333333333333333
A_k4_2od_x0.8,init,3,4,0.3333333333333333
A_k4_2od_x0.8,init,3,5,0.6
A_k4_2od_x0.8,init,3,6,0.3333333333333333
A_k4_2od_x0.8,init,3,7,0.3333333333333333
A_k4_2od_x0.8,init,3,8,0.14285714285714285
A_k4_2od_x0.8,init,3,9,0.3333333333333333
A_k4_2od_x0.8,init,4,5,0.6
A_k4_2od_x0.8,init,4,6,0.3333333333333333
A_k4_2od_x0.8,init,4,7,0.3333333333333333
A_k4_2od_x0.8,init,4,8,0.14285714285714285
A_k4_2od_x0.8,init,4,9,0.3333333333333333
A_k4_2od_x0.8,init,5,6,0.3333333333333333
A_k4_2od_x0.8,init,5,7,0.3333333333333333
A_k4_2od_x0.8,init,5,8,0.14285714285714285
A_k4_2od_x0.8,init,5,9,0.3333333333333333
A_k4_2od_x0.8,init,6,7,0.6
A_k4_2od_x0.8,init,6,8,0.14285714285714285
A_k4_2od_x0.8,init,6,9,0.6
A_k4_2od_x0.8,init,7,8,0.14285714285714285
A_k4_2od_x0.8,init,7,9,0.6
A_k4_2od_x0.8,init,8,9,0.14285714285714285
A_k4_2od_x0.8,mutation,0,1,0.3333333333333333
A_k4_2od_x0.8,mutation,0,2,0.3333333333333333
A_k4_2od_x0.8,mutation,0,3,0.3333333333333333
A_k4_2od_x0.8,mutation,0,4,0.3333333333333333
A_k4_2od_x0.8,mutation,0,5,0.3333333333333333
A_k4_2od_x0.8,mutation,0,6,0.3333333333333333
A_k4_2od_x0.8,mutation,0,7,0.3333333333333333
A_k4_2od_x0.8,mutation,0,8,0.3333333333333333
A_k4_2od_x0.8,mutation,0,9,0.3333333333333333
A_k4_2od_x0.8,mutation,1,2,0.3333333333333333
A_k4_2od_x0.8,mutation,1,3,0.6
A_k4_2od_x0.8,mutation,1,4,0.3333333333333333
A_k4_2od_x0.8,mutation,1,5,0.3333333333333333
A_k4_2od_x0.8,mutation,1,6,0.3333333333333333
A_k4_2od_x0.8,mutation,1,7,0.3333333333333333
A_k4_2od_x0.8,mutation,1,8,0.3333333333333333
A_k4_2od_x0.8,mutation,1,9,0.3333333333333333
A_k4_2od_x0.8,mutation,2,3,0.6
A_k4_2od_x0.8,mutation,2,4,0.3333333333333333
A_k4_2od_x0.8,mutation,2,5,0.3333333333333333
A_k4_2od_x0.8,mutation,2,6,0.3333333333333333
A_k4_2od_x0.8,mutation,2,7,0.6
A_k4_2od_x0.8,mutation,2,8,0.3333333333333333
A_k4_2od_x0.8,mutation,2,9,0.6
A_k4_2od_x0.8,mutation,3,4,0.3333333333333333
A_k4_2od_x0.8,mutation,3,5,0.3333333333333333
A_k4_2od_x0.8,mutation,3,6,0.3333333333333333
A_k4_2od_x0.8,mutation,3,7,0.6
A_k4_2od_x0.8,mutation,3,8,0.3333333333333333
A_k4_2od_x0.8,mutation,3,9,0.3333333333333333
A_k4_2od_x0.8,mutation,4,5,0.6
A_k4_2od_x0.8,mutation,4,6,0.6
A_k4_2od_x0.8,mutation,4,7,0.3333333333333333
A_k4_2od_x0.8,mutation,4,8,0.6
A_k4_2od_x0.8,mutation,4,9,0.3333333333333333
A_k4_2od_x0.8,mutation,5,6,0.6
A_k4_2od_x0.8,mutation,5,7,0.3333333333333333
A_k4_2od_x0.8,mutation,5,8,0.6
A_k4_2od_x0.8,mutation,5,9,0.6
A_k4_2od_x0.8,mutation,6,7,0.3333333333333333
A_k4_2od_x0.8,mutation,6,8,0.6
A_k4_2od_x0.8,mutation,6,9,0.3333333333333333
A_k4_2od_x0.8,mutation,7,8,0.3333333333333333
A_k4_2od_x0.8,mutation,7,9,0.3333333333333333
A_k4_2od_x0.8,mutation,8,9,0.3333333333333333
A_k4_2od_x0.8,none,0,1,0.75
A_k4_2od_x0.8,none,0,2,0.4
A_k4_2od_x0.8,none,0,3,0.4
A_k4_2od_x0.8,none,0,4,0.4
A_k4_2od_x0.8,none,0,5,0.4
A_k4_2od_x0.8,none,0,6,0.4
A_k4_2od_x0.8,none,0,7,0.4
A_k4_2od_x0.8,none,0,8,0.4
A_k4_2od_x0.8,none,0,9,0.4
A_k4_2od_x0.8,none,1,2,0.3333333333333333
A_k4_2od_x0.8,none,1,3,0.6
A_k4_2od_x0.8,none,1,4,0.3333333333333333
A_k4_2od_x0.8,none,1,5,0.3333333333333333
A_k4_2od_x0.8,none,1,6,0.6
A_k4_2od_x0.8,none,1,7,0.6
A_k4_2od_x0.8,none,1,8,0.3333333333333333
A_k4_2od_x0.8,none,1,9,0.3333333333333333
A_k4_2od_x0.8,none,2,3,0.6
A_k4_2od_x0.8,none,2,4,0.3333333333333333
A_k4_2od_x0.8,none,2,5,0.3333333333333333
A_k4_2od_x0.8,none,2,6,0.3333333333333333
A_k4_2od_x0.8,none,2,7,0.3333333333333333
A_k4_2od_x0.8,none,2,8,0.3333333333333333
A_k4_2od_x0.8,none,2,9,0.3333333333333333
A_k4_2od_x0.8,none,3,4,0.3333333333333333
A_k4_2od_x0.8,none,3,5,0.3333333333333333
A_k4_2od_x0.8,none,3,6,0.6
A_k4_2od_x0.8,none,3,7,0.6
A_k4_2od_x0.8,none,3,8,0.3333333333333333
A_k4_2od_x0.8,none,3,9,0.3333333333333333
A_k4_2od_x0.8,none,4,5,0.3333333333333333
A_k4_2od_x0.8,none,4,6,0.3333333333333333
A_k4_2od_x0.8,none,4,7,0.3333333333333333
A_k4_2od_x0.8,none,4,8,0.3333333333333333
A_k4_2od_x0.8,none,4,9,0.3333333333333333
A_k4_2od_x0.8,none,5,6,0.3333333333333333
A_k4_2od_x0.8,none,5,7,0.3333333333333333
A_k4_2od_x0.8,none,5,8,0.3333333333333333
A_k4_2od_x0.8,none,5,9,1.0
A_k4_2od_x0.8,none,6,7,0.6
A_k4_2od_x0.8,none,6,8,0.3333333333333333
A_k4_2od_x0.8,none,6,9,0.3333333333333333
A_k4_2od_x0.8,none,7,8,0.6
A_k4_2od_x0.8,none,7,9,0.3333333333333333
A_k4_2od_x0.8,none,8,9,0.3333333333333333
A_k4_2od_x1.0,both,0,1,0.3333333333333333
A_k4_2od_x1.0,both,0,2,0.3333333333333333
A_k4_2od_x1.0,both,0,3,0.3333333333333333
A_k4_2od_x1.0,both,0,4,0.3333333333333333
A_k4_2od_x1.0,both,0,5,0.3333333333333333
A_k4_2od_x1.0,both,0,6,0.3333333333333333
A_k4_2od_x1.0,both,0,7,0.3333333333333333
A_k4_2od_x1.0,both,0,8,0.3333333333333333
A_k4_2od_x1.0,both,0,9,0.3333333333333333
A_k4_2od_x1.0,both,1,2,0.6
A_k4_2od_x1.0,both,1,3,0.6
A_k4_2od_x1.0,both,1,4,0.3333333333333333
A_k4_2od_x1.0,both,1,5,0.6
A_k4_2od_x1.0,both,1,6,0.6
A_k4_2od_x1.0,both,1,7,0.6
A_k4_2od_x1.0,both,1,8,0.6
A_k4_2od_x1.0,both,1,9,0.6
A_k4_2od_x1.0,both,2,3,0.6
A_k4_2od_x1.0,both,2,4,0.3333333333333333
A_k4_2od_x1.0,both,2,5,1.0
A_k4_2od_x1.0,both,2,6,0.6
A_k4_2od_x1.0,both,2,7,0.6
A_k4_2od_x1.0,both,2,8,1.0
A_k4_2od_x1.0,both,2,9,0.6
A_k4_2od_x1.0,both,3,4,0.3333333333333333
A_k4_2od_x1.0,both,3,5,0.6
A_k4_2od_x1.0,both,3,6,0.6
A_k4_2od_x1.0,both,3,7,0.6
A_k4_2od_x1.0,both,3,8,0.6
A_k4_2od_x1.0,both,3,9,0.6
A_k4_2od_x1.0,both,4,5,0.3333333333333333
A_k4_2od_x1.0,both,4,6,0.3333333333333333
A_k4_2od_x1.0,both,4,7,0.3333333333333333
A_k4_2od_x1.0,both,4,8,0.3333333333333333
A_k4_2od_x1.0,both,4,9,0.3333333333333333
A_k4_2od_x1.0,both,5,6,0.6
A_k4_2od_x1.0,both,5,7,0.6
A_k4_2od_x1.0,both,5,8,1.0
A_k4_2od_x1.0,both,5,9,0.6
A_k4_2od_x1.0,both,6,7,0.6
A_k4_2od_x1.0,both,6,8,0.6
A_k4_2od_x1.0,both,6,9,1.0
A_k4_2od_x1.0,both,7,8,0.6
A_k4_2od_x1.0,both,7,9,0.6
A_k4_2od_x1.0,both,8,9,0.6
A_k4_2od_x1.0,init,0,1,0.3333333333333333
A_k4_2od_x1.0,init,0,2,0.3333333333333333
A_k4_2od_x1.0,init,0,3,0.3333333333333333
A_k4_2od_x1.0,init,0,4,0.3333333333333333
A_k4_2od_x1.0,init,0,5,0.3333333333333333
A_k4_2od_x1.0,init,0,6,0.6
A_k4_2od_x1.0,init,0,7,0.6
A_k4_2od_x1.0,init,0,8,0.6
A_k4_2od_x1.0,init,0,9,0.6
A_k4_2od_x1.0,init,1,2,0.14285714285714285
A_k4_2od_x1.0,init,1,3,0.14285714285714285
A_k4_2od_x1.0,init,1,4,0.6
A_k4_2od_x1.0,init,1,5,0.3333333333333333
A_k4_2od_x1.0,init,1,6,0.6
A_k4_2od_x1.0,init,1,7,0.3333333333333333
A_k4_2od_x1.0,init,1,8,0.3333333333333333
A_k4_2od_x1.0,init,1,9,0.3333333333333333
A_k4_2od_x1.0,init,2,3,0.3333333333333333
A_k4_2od_x1.0,init,2,4,0.3333333333333333
A_k4_2od_x1.0,init,2,5,0.14285714285714285
A_k4_2od_x1.0,init,2,6,0.3333333333333333
A_k4_2od_x1.0,init,2,7,0.3333333333333333
A_k4_2od_x1.0,init,2,8,0.3333333333333333
A_k4_2od_x1.0,init,2,9,0.3333333333333333
A_k4_2od_x1.0,init,3,4,0.14285714285714285
A_k4_2od_x1.0,init,3,5,0.14285714285714285
A_k4_2od_x1.0,init,3,6,0.3333333333333333
A_k4_2od_x1.0,init,3,7,0.6
A_k4_2od_x1.0,init,3,8,0.3333333333333333
A_k4_2od_x1.0,init,3,9,0.6
A_k4_2od_x1.0,init,4,5,0.14285714285714285
A_k4_2od_x1.0,init,4,6,0.6
A_k4_2od_x1.0,init,4,7,0.3333333333333333
A_k4_2od_x1.0,init,4,8,0.3333333333333333
A_k4_2od_x1.0,init,4,9,0.3333333333333333
A_k4_2od_x1.0,init,5,6,0.3333333333333333
A_k4_2od_x1.0,init,5,7,0.3333333333333333
A_k4_2od_x1.0,init,5,8,0.3333333333333333
A_k4_2od_x1.0,init,5,9,0.3333333333333333
A_k4_2od_x1.0,init,6,7,0.6
A_k4_2od_x1.0,init,6,8,0.6
A_k4_2od_x1.0,init,6,9,0.6
A_k4_2od_x1.0,init,7,8,0.6
A_k4_2od_x1.0,init,7,9,1.0
A_k4_2od_x1.0,init,8,9,0.6
A_k4_2od_x1.0,mutation,0,1,0.3333333333333333
A_k4_2od_x1.0,mutation,0,2,0.3333333333333333
A_k4_2od_x1.0,mutation,0,3,0.3333333333333333
A_k4_2od_x1.0,mutation,0,4,0.3333333333333333
A_k4_2od_x1.0,mutation,0,5,0.3333333333333333
A_k4_2od_x1.0,mutation,0,6,0.3333333333333333
A_k4_2od_x1.0,mutation,0,7,1.0
A_k4_2od_x1.0,mutation,0,8,1.0
A_k4_2od_x1.0,mutation,0,9,0.3333333333333333
A_k4_2od_x1.0,mutation,1,2,0.6
A_k4_2od_x1.0,mutation,1,3,0.3333333333333333
A_k4_2od_x1.0,mutation,1,4,0.3333333333333333
A_k4_2od_x1.0,mutation,1,5,0.6
A_k4_2od_x1.0,mutation,1,6,0.3333333333333333
A_k4_2od_x1.0,mutation,1,7,0.3333333333333333
A_k4_2od_x1.0,mutation,1,8,0.3333333333333333
A_k4_2od_x1.0,mutation,1,9,0.3333333333333333
A_k4_2od_x1.0,mutation,2,3,0.3333333333333333
A_k4_2od_x1.0,mutation,2,4,0.3333333333333333
A_k4_2od_x1.0,mutation,2,5,0.6
A_k4_2od_x1.0,mutation,2,6,0.3333333333333333
A_k4_2od_x1.0,mutation,2,7,0.3333333333333333
A_k4_2od_x1.0,mutation,2,8,0.3333333333333333
A_k4_2od_x1.0,mutation,2,9,0.3333333333333333
A_k4_2od_x1.0,mutation,3,4,0.3333333333333333
A_k4_2od_x1.0,mutation,3,5,0.3333333333333333
A_k4_2od_x1.0,mutation,3,6,0.3333333333333333
A_k4_2od_x1.0,mutation,3,7,0.3333333333333333
A_k4_2od_x1.0,mutation,3,8,0.3333333333333333
A_k4_2od_x1.0,mutation,3,9,0.3333333333333333
A_k4_2od_x1.0,mutation,4,5,0.6
A_k4_2od_x1.0,mutation,4,6,0.6
A_k4_2od_x1.0,mutation,4,7,0.3333333333333333
A_k4_2od_x1.0,mutation,4,8,0.3333333333333333
A_k4_2od_x1.0,mutation,4,9,0.6
A_k4_2od_x1.0,mutation,5,6,0.6
A_k4_2od_x1.0,mutation,5,7,0.3333333333333333
A_k4_2od_x1.0,mutation,5,8,0.3333333333333333
A_k4_2od_x1.0,mutation,5,9,0.6
A_k4_2od_x1.0,mutation,6,7,0.3333333333333333
A_k4_2od_x1.0,mutation,6,8,0.3333333333333333
A_k4_2od_x1.0,mutation,6,9,0.6
A_k4_2od_x1.0,mutation,7,8,1.0
A_k4_2od_x1.0,mutation,7,9,0.3333333333333333
A_k4_2od_x1.0,mutation,8,9,0.3333333333333333
A_k4_2od_x1.0,none,0,1,0.3333333333333333
A_k4_2od_x1.0,none,0,2,0.6
A_k4_2od_x1.0,none,0,3,0.6
A_k4_2od_x1.0,none,0,4,0.6
A_k4_2od_x1.0,none,0,5,0.14285714285714285
A_k4_2od_x1.0,none,0,6,0.6
A_k4_2od_x1.0,none,0,7,0.3333333333333333
A_k4_2od_x1.0,none,0,8,0.6
A_k4_2od_x1.0,none,0,9,0.6
A_k4_2od_x1.0,none,1,2,0.3333333333333333
A_k4_2od_x1.0,none,1,3,0.3333333333333333
A_k4_2od_x1.0,none,1,4,0.3333333333333333
A_k4_2od_x1.0,none,1,5,0.14285714285714285
A_k4_2od_x1.0,none,1,6,0.3333333333333333
A_k4_2od_x1.0,none,1,7,0.3333333333333333
A_k4_2od_x1.0,none,1,8,0.3333333333333333
A_k4_2od_x1.0,none,1,9,0.14285714285714285
A_k4_2od_x1.0,none,2,3,0.3333333333333333
A_k4_2od_x1.0,none,2,4,0.3333333333333333
A_k4_2od_x1.0,none,2,5,0.14285714285714285
A_k4_2od_x1.0,none,2,6,0.3333333333333333
A_k4_2od_x1.0,none,2,7,0.6
A_k4_2od_x1.0,none,2,8,0.3333333333333333
A_k4_2od_x1.0,none,2,9,0.3333333333333333
A_k4_2od_x1.0,none,3,4,0.6
A_k4_2od_x1.0,none,3,5,0.14285714285714285
A_k4_2od_x1.0,none,3,6,0.6
A_k4_2od_x1.0,none,3,7,0.3333333333333333
A_k4_2od_x1.0,none,3,8,1.0
A_k4_2od_x1.0,none,3,9,0.3333333333333333
A_k4_2od_x1.0,none,4,5,0.14285714285714285
A_k4_2od_x1.0,none,4,6,0.6
A_k4_2od_x1.0,none,4,7,0.3333333333333333
A_k4_2od_x1.0,none,4,8,0.6
A_k4_2od_x1.0,none,4,9,0.3333333333333333
A_k4_2od_x1.0,none,5,6,0.14285714285714285
A_k4_2od_x1.0,none,5,7,0.14285714285714285
A_k4_2od_x1.0,none,5,8,0.14285714285714285
A_k4_2od_x1.0,none,5,9,0.14285714285714285
A_k4_2od_x1.0,none,6,7,0.3333333333333333
A_k4_2od_x1.0,none,6,8,0.6
A_k4_2od_x1.0,none,6,9,0.6
A_k4_2od_x1.0,none,7,8,0.3333333333333333
A_k4_2od_x1.0,none,7,9,0.14285714285714285
A_k4_2od_x1.0,none,8,9,0.3333333333333333
A_k4_2od_x1.2,both,0,1,0.14285714285714285
A_k4_2od_x1.2,both,0,2,0.14285714285714285
A_k4_2od_x1.2,both,0,3,0.14285714285714285
A_k4_2od_x1.2,both,0,4,0.14285714285714285
A_k4_2od_x1.2,both,0,5,0.14285714285714285
A_k4_2od_x1.2,both,0,6,0.14285714285714285
A_k4_2od_x1.2,both,0,7,0.14285714285714285
A_k4_2od_x1.2,both,0,8,0.14285714285714285
A_k4_2od_x1.2,both,0,9,0.3333333333333333
A_k4_2od_x1.2,both,1,2,0.14285714285714285
A_k4_2od_x1.2,both,1,3,0.3333333333333333
A_k4_2od_x1.2,both,1,4,0.14285714285714285
A_k4_2od_x1.2,both,1,5,0.14285714285714285
A_k4_2od_x1.2,both,1,6,0.14285714285714285
A_k4_2od_x1.2,both,1,7,0.14285714285714285
A_k4_2od_x1.2,both,1,8,0.6
A_k4_2od_x1.2,both,1,9,0.3333333333333333
A_k4_2od_x1.2,both,2,3,0.14285714285714285
A_k4_2od_x1.2,both,2,4,0.3333333333333333
A_k4_2od_x1.2,both,2,5,0.14285714285714285
A_k4_2od_x1.2,both,2,6,0.3333333333333333
A_k4_2od_x1.2,both,2,7,0.14285714285714285
A_k4_2od_x1.2,both,2,8,0.14285714285714285
A_k4_2od_x1.2,both,2,9,0.14285714285714285
A_k4_2od_x1.2,both,3,4,0.14285714285714285
A_k4_2od_x1.2,both,3,5,0.14285714285714285
A_k4_2od_x1.2,both,3,6,0.14285714285714285
A_k4_2od_x1.2,both,3,7,0.14285714285714285
A_k4_2od_x1.2,both,3,8,0.6
A_k4_2od_x1.2,both,3,9,0.3333333333333333
A_k4_2od_x1.2,both,4,5,0.3333333333333333
A_k4_2od_x1.2,both,4,6,0.3333333333333333
A_k4_2od_x1.2,both,4,7,0.3333333333333333
A_k4_2od_x1.2,both,4,8,0.14285714285714285
A_k4_2od_x1.2,both,4,9,0.3333333333333333
A_k4_2od_x1.2,both,5,6,0.3333333333333333
A_k4_2od_x1.2,both,5,7,0.3333333333333333
A_k4_2od_x1.2,both,5,8,0.14285714285714285
A_k4_2od_x1.2,both,5,9,0.3333333333333333
A_k4_2od_x1.2,both,6,7,0.3333333333333333
A_k4_2od_x1.2,both,6,8,0.14285714285714285
A_k4_2od_x1.2,both,6,9,0.3333333333333333
A_k4_2od_x1.2,both,7,8,0.14285714285714285
A_k4_2od_x1.2,both,7,9,0.3333333333333333
A_k4_2od_x1.2,both,8,9,0.3333333333333333
A_k4_2od_x1.2,init,0,1,0.3333333333333333
A_k4_2od_x1.2,init,0,2,0.6
A_k4_2od_x1.2,init,0,3,0.14285714285714285
A_k4_2od_x1.2,init,0,4,0.3333333333333333
A_k4_2od_x1.2,init,0,5,0.14285714285714285
A_k4_2od_x1.2,init,0,6,0.3333333333333333
A_k4_2od_x1.2,init,0,7,0.14285714285714285
A_k4_2od_x1.2,init,0,8,0.3333333333333333
A_k4_2od_x1.2,init,0,9,0.14285714285714285
A_k4_2od_x1.2,init,1,2,0.3333333333333333
A_k4_2od_x1.2,init,1,3,0.14285714285714285
A_k4_2od_x1.2,init,1,4,0.14285714285714285
A_k4_2od_x1.2,init,1,5,0.14285714285714285
A_k4_2od_x1.2,init,1,6,0.3333333333333333
A_k4_2od_x1.2,init,1,7,0.14285714285714285
A_k4_2od_x1.2,init,1,8,1.0
A_k4_2od_x1.2,init,1,9,0.14285714285714285
A_k4_2od_x1.2,init,2,3,0.14285714285714285
A_k4_2od_x1.2,init,2,4,0.14285714285714285
A_k4_2od_x1.2,init,2,5,0.3333333333333333
A_k4_2od_x1.2,init,2,6,0.6
A_k4_2od_x1.2,init,2,7,0.14285714285714285
A_k4_2od_x1.2,init,2,8,0.3333333333333333
A_k4_2od_x1.2,init,2,9,0.14285714285714285
A_k4_2od_x1.2,init,3,4,0.3333333333333333
A_k4_2od_x1.2,init,3,5,0.14285714285714285
A_k4_2od_x1.2,init,3,6,0.14285714285714285
A_k4_2od_x1.2,init,3,7,0.14285714285714285
A_k4_2od_x1.2,init,3,8,0.14285714285714285
A_k4_2od_x1.2,init,3,9,0.14285714285714285
A_k4_2od_x1.2,init,4,5,0.14285714285714285
A_k4_2od_x1.2,init,4,6,0.14285714285714285
A_k4_2od_x1.2,init,4,7,0.14285714285714285
A_k4_2od_x1.2,init,4,8,0.14285714285714285
A_k4_2od_x1.2,init,4,9,0.14285714285714285
A_k4_2od_x1.2,init,5,6,0.3333333333333333
A_k4_2od_x1.2,init,5,7,0.14285714285714285
A_k4_2od_x1.2,init,5,8,0.14285714285714285
A_k4_2od_x1.2,init,5,9,0.14285714285714285
A_k4_2od_x1.2,init,6,7,0.14285714285714285
A_k4_2od_x1.2,init,6,8,0.3333333333333333
A_k4_2od_x1.2,init,6,9,0.14285714285714285
A_k4_2od_x1.2,init,7,8,0.14285714285714285
A_k4_2od_x1.2,init,7,9,0.14285714285714285
A_k4_2od_x1.2,init,8,9,0.14285714285714285
A_k4_2od_x1.2,mutation,0,1,0.14285714285714285
A_k4_2od_x1.2,mutation,0,2,0.14285714285714285
A_k4_2od_x1.2,mutation,0,3,0.14285714285714285
A_k4_2od_x1.2,mutation,0,4,0.14285714285714285
A_k4_2od_x1.2,mutation,0,5,0.3333333333333333
A_k4_2od_x1.2,mutation,0,6,0.14285714285714285
A_k4_2od_x1.2,mutation,0,7,0.14285714285714285
A_k4_2od_x1.2,mutation,0,8,0.14285714285714285
A_k4_2od_x1.2,mutation,0,9,0.14285714285714285
A_k4_2od_x1.2,mutation,1,2,0.3333333333333333
A_k4_2od_x1.2,mutation,1,3,0.3333333333333333
A_k4_2od_x1.2,mutation,1,4,0.14285714285714285
A_k4_2od_x1.2,mutation,1,5,0.14285714285714285
A_k4_2od_x1.2,mutation,1,6,0.14285714285714285
A_k4_2od_x1.2,mutation,1,7,0.14285714285714285
A_k4_2od_x1.2,mutation,1,8,0.14285714285714285
A_k4_2od_x1.2,mutation,1,9,0.14285714285714285
A_k4_2od_x1.2,mutation,2,3,0.14285714285714285
A_k4_2od_x1.2,mutation,2,4,0.14285714285714285
A_k4_2od_x1.2,mutation,2,5,0.14285714285714285
A_k4_2od_x1.2,mutation,2,6,0.14285714285714285
A_k4_2od_x1.2,mutation,2,7,0.14285714285714285
A_k4_2od_x1.2,mutation,2,8,0.14285714285714285
A_k4_2od_x1.2,mutation,2,9,0.14285714285714285
A_k4_2od_x1.2,mutation,3,4,0.14285714285714285
A_k4_2od_x1.2,mutation,3,5,0.14285714285714285
A_k4_2od_x1.2,mutation,3,6,0.3333333333333333
A_k4_2od_x1.2,mutation,3,7,0.14285714285714285
A_k4_2od_x1.2,mutation,3,8,0.14285714285714285
A_k4_2od_x1.2,mutation,3,9,0.14285714285714285
A_k4_2od_x1.2,mutation,4,5,0.3333333333333333
A_k4_2od_x1.2,mutation,4,6,0.6
A_k4_2od_x1.2,mutation,4,7,1.0
A_k4_2od_x1.2,mutation,4,8,0.3333333333333333
A_k4_2od_x1.2,mutation,4,9,0.3333333333333333
A_k4_2od_x1.2,mutation,5,6,0.14285714285714285
A_k4_2od_x1.2,mutation,5,7,0.3333333333333333
A_k4_2od_x1.2,mutation,5,8,0.14285714285714285
A_k4_2od_x1.2,mutation,5,9,0.14285714285714285
A_k4_2od_x1.2,mutation,6,7,0.6
A_k4_2od_x1.2,mutation,6,8,0.3333333333333333
A_k4_2od_x1.2,mutation,6,9,0.3333333333333333
A_k4_2od_x1.2,mutation,7,8,0.3333333333333333
A_k4_2od_x1.2,mutation,7,9,0.3333333333333333
A_k4_2od_x1.2,mutation,8,9,0.14285714285714285
A_k4_2od_x1.2,none,0,1,0.14285714285714285
A_k4_2od_x1.2,none,0,2,0.3333333333333333
A_k4_2od_x1.2,none,0,3,0.3333333333333333
A_k4_2od_x1.2,none,0,4,0.14285714285714285
A_k4_2od_x1.2,none,0,5,0.14285714285714285
A_k4_2od_x1.2,none,0,6,0.14285714285714285
A_k4_2od_x1.2,none,0,7,0.14285714285714285
A_k4_2od_x1.2,none,0,8,0.14285714285714285
A_k4_2od_x1.2,none,0,9,0.14285714285714285
A_k4_2od_x1.2,none,1,2,0.14285714285714285
A_k4_2od_x1.2,none,1,3,0.14285714285714285
A_k4_2od_x1.2,none,1,4,0.14285714285714285
A_k4_2od_x1.2,none,1,5,0.14285714285714285
A_k4_2od_x1.2,none,1,6,0.14285714285714285
A_k4_2od_x1.2,none,1,7,0.14285714285714285
A_k4_2od_x1.2,none,1,8,0.14285714285714285
A_k4_2od_x1.2,none,1,9,0.14285714285714285
A_k4_2od_x1.2,none,2,3,0.14285714285714285
A_k4_2od_x1.2,none,2,4,0.14285714285714285
A_k4_2od_x1.2,none,2,5,0.14285714285714285
A_k4_2od_x1.2,none,2,6,0.14285714285714285
A_k4_2od_x1.2,none,2,7,0.3333333333333333
A_k4_2od_x1.2,none,2,8,0.14285714285714285
A_k4_2od_x1.2,none,2,9,0.14285714285714285
A_k4_2od_x1.2,none,3,4,0.14285714285714285
A_k4_2od_x1.2,none,3,5,0.14285714285714285
A_k4_2od_x1.2,none,3,6,0.14285714285714285
A_k4_2od_x1.2,none,3,7,0.14285714285714285
A_k4_2od_x1.2,none,3,8,0.3333333333333333
A_k4_2od_x1.2,none,3,9,0.14285714285714285
A_k4_2od_x1.2,none,4,5,0.14285714285714285
A_k4_2od_x1.2,none,4,6,0.6
A_k4_2od_x1.2,none,4,7,0.14285714285714285
A_k4_2od_x1.2,none,4,8,0.14285714285714285
A_k4_2od_x1.2,none,4,9,0.14285714285714285
A_k4_2od_x1.2,none,5,6,0.14285714285714285
A_k4_2od_x1.2,none,5,7,0.14285714285714285
A_k4_2od_x1.2,none,5,8,0.14285714285714285
A_k4_2od_x1.2,none,5,9,0.14285714285714285
A_k4_2od_x1.2,none,6,7,0.14285714285714285
A_k4_2od_x1.2,none,6,8,0.14285714285714285
A_k4_2od_x1.2,none,6,9,0.3333333333333333
A_k4_2od_x1.2,none,7,8,0.14285714285714285
A_k4_2od_x1.2,none,7,9,0.3333333333333333
A_k4_2od_x1.2,none,8,9,0.14285714285714285
A_k4_3od_x0.8,both,0,1,0.3333333333333333
A_k4_3od_x0.8,both,0,2,0.6
A_k4_3od_x0.8,both,0,3,0.3333333333333333
A_k4_3od_x0.8,both,0,4,0.6
A_k4_3od_x0.8,both,0,5,0.3333333333333333
A_k4_3od_x0.8,both,0,6,0.3333333333333333
A_k4_3od_x0.8,both,0,7,1.0
A_k4_3od_x0.8,both,0,8,0.3333333333333333
A_k4_3od_x0.8,both,0,9,0.3333333333333333
A_k4_3od_x0.8,both,1,2,0.3333333333333333
A_k4_3od_x0.8,both,1,3,1.0
A_k4_3od_x0.8,both,1,4,0.3333333333333333
A_k4_3od_x0.8,both,1,5,1.0
A_k4_3od_x0.8,both,1,6,0.6
A_k4_3od_x0.8,both,1,7,0.3333333333333333
A_k4_3od_x0.8,both,1,8,0.6
A_k4_3od_x0.8,both,1,9,0.6
A_k4_3od_x0.8,both,2,3,0.3333333333333333
A_k4_3od_x0.8,both,2,4,1.0
A_k4_3od_x0.8,both,2,5,0.3333333333333333
A_k4_3od_x0.8,both,2,6,0.3333333333333333
A_k4_3od_x0.8,both,2,7,0.6
A_k4_3od_x0.8,both,2,8,0.3333333333333333
A_k4_3od_x0.8,both,2,9,0.6
A_k4_3od_x0.8,both,3,4,0.3333333333333333
A_k4_3od_x0.8,both,3,5,1.0
A_k4_3od_x0.8,both,3,6,0.6
A_k4_3od_x0.8,both,3,7,0.3333333333333333
A_k4_3od_x0.8,both,3,8,0.6
A_k4_3od_x0.8,both,3,9,0.6
A_k4_3od_x0.8,both,4,5,0.3333333333333333
A_k4_3od_x0.8,both,4,6,0.3333333333333333
A_k4_3od_x0.8,both,4,7,0.6
A_k4_3od_x0.8,both,4,8,0.3333333333333333
A_k4_3od_x0.8,both,4,9,0.6
A_k4_3od_x0.8,both,5,6,0.6
A_k4_3od_x0.8,both,5,7,0.3333333333333333
A_k4_3od_x0.8,both,5,8,0.6
A_k4_3od_x0.8,both,5,9,0.6
A_k4_3od_x0.8,both,6,7,0.3333333333333333
A_k4_3od_x0.8,both,6,8,0.3333333333333333
A_k4_3od_x0.8,both,6,9,0.6
A_k4_3od_x0.8,both,7,8,0.3333333333333333
A_k4_3od_x0.8,both,7,9,0.3333333333333333
A_k4_3od_x0.8,both,8,9,0.3333333333333333
A_k4_3od_x0.8,init,0,1,0.3333333333333333
A_k4_3od_x0.8,init,0,2,0.3333333333333333
A_k4_3od_x0.8,init,0,3,0.3333333333333333
A_k4_3od_x0.8,init,0,4,0.3333333333333333
A_k4_3od_x0.8,init,0,5,0.3333333333333333
A_k4_3od_x0.8,init,0,6,0.3333333333333333
A_k4_3od_x0.8,init,0,7,0.3333333333333333
A_k4_3od_x0.8,init,0,8,0.3333333333333333
A_k4_3od_x0.8,init,0,9,0.6
A_k4_3od_x0.8,init,1,2,0.6
A_k4_3od_x0.8,init,1,3,0.3333333333333333
A_k4_3od_x0.8,init,1,4,0.3333333333333333
A_k4_3od_x0.8,init,1,5,0.3333333333333333
A_k4_3od_x0.8,init,1,6,0.3333333333333333
A_k4_3od_x0.8,init,1,7,0.3333333333333333
A_k4_3od_x0.8,init,1,8,0.6
A_k4_3od_x0.8,init,1,9,0.3333333333333333
A_k4_3od_x0.8,init,2,3,0.3333333333333333
A_k4_3od_x0.8,init,2,4,0.3333333333333333
A_k4_3od_x0.8,init,2,5,0.14285714285714285
A_k4_3od_x0.8,init,2,6,0.3333333333333333
A_k4_3od_x0.8,init,2,7,0.3333333333333333
A_k4_3od_x0.8,init,2,8,1.0
A_k4_3od_x0.8,init,2,9,0.3333333333333333
A_k4_3od_x0.8,init,3,4,0.6
A_k4_3od_x0.8,init,3,5,0.14285714285714285
A_k4_3od_x0.8,init,3,6,0.6
A_k4_3od_x0.8,init,3,7,0.6
A_k4_3od_x0.8,init,3,8,0.3333333333333333
A_k4_3od_x0.8,init,3,9,0.3333333333333333
A_k4_3od_x0.8,init,4,5,0.14285714285714285
A_k4_3od_x0.8,init,4,6,0.6
A_k4_3od_x0.8,init,4,7,0.6
A_k4_3od_x0.8,init,4,8,0.3333333333333333
A_k4_3od_x0.8,init,4,9,0.3333333333333333
A_k4_3od_x0.8,init,5,6,0.14285714285714285
A_k4_3od_x0.8,init,5,7,0.14285714285714285
A_k4_3od_x0.8,init,5,8,0.14285714285714285
A_k4_3od_x0.8,init,5,9,0.3333333333333333
A_k4_3od_x0.8,init,6,7,0.6
A_k4_3od_x0.8,init,6,8,0.3333333333333333
A_k4_3od_x0.8,init,6,9,0.6
A_k4_3od_x0.8,init,7,8,0.3333333333333333
A_k4_3od_x0.8,init,7,9,0.3333333333333333
A_k4_3od_x0.8,init,8,9,0.3333333333333333
A_k4_3od_x0.8,mutation,0,1,0.3333333333333333
A_k4_3od_x0.8,mutation,0,2,0.3333333333333333
A_k4_3od_x0.8,mutation,0,3,0.3333333333333333
A_k4_3od_x0.8,mutation,0,4,0.3333333333333333
A_k4_3od_x0.8,mutation,0,5,0.3333333333333333
A_k4_3od_x0.8,mutation,0,6,0.3333333333333333
A_k4_3od_x0.8,mutation,0,7,0.6
A_k4_3od_x0.8,mutation,0,8,0.3333333333333333
A_k4_3od_x0.8,mutation,0,9,0.3333333333333333
A_k4_3od_x0.8,mutation,1,2,0.3333333333333333
A_k4_3od_x0.8,mutation,1,3,0.6
A_k4_3od_x0.8,mutation,1,4,0.3333333333333333
A_k4_3od_x0.8,mutation,1,5,1.0
A_k4_3od_x0.8,mutation,1,6,0.6
A_k4_3od_x0.8,mutation,1,7,0.6
A_k4_3od_x0.8,mutation,1,8,0.3333333333333333
A_k4_3od_x0.8,mutation,1,9,0.6
A_k4_3od_x0.8,mutation,2,3,0.6
A_k4_3od_x0.8,mutation,2,4,0.6
A_k4_3od_x0.8,mutation,2,5,0.3333333333333333
A_k4_3od_x0.8,mutation,2,6,0.6
A_k4_3od_x0.8,mutation,2,7,0.6
A_k4_3od_x0.8,mutation,2,8,1.0
A_k4_3od_x0.8,mutation,2,9,0.3333333333333333
A_k4_3od_x0.8,mutation,3,4,0.6
A_k4_3od_x0.8,mutation,3,5,0.6
A_k4_3od_x0.8,mutation,3,6,1.0
A_k4_3od_x0.8,mutation,3,7,0.6
A_k4_3od_x0.8,mutation,3,8,0.6
A_k4_3od_x0.8,mutation,3,9,0.3333333333333333
A_k4_3od_x0.8,mutation,4,5,0.3333333333333333
A_k4_3od_x0.8,mutation,4,6,0.6
A_k4_3od_x0.8,mutation,4,7,0.6
A_k4_3od_x0.8,mutation,4,8,0.6
A_k4_3od_x0.8,mutation,4,9,0.3333333333333333
A_k4_3od_x0.8,mutation,5,6,0.6
A_k4_3od_x0.8,mutation,5,7,0.6
A_k4_3od_x0.8,mutation,5,8,0.3333333333333333
A_k4_3od_x0.8,mutation,5,9,0.6
A_k4_3od_x0.8,mutation,6,7,0.6
A_k4_3od_x0.8,mutation,6,8,0.6
A_k4_3od_x0.8,mutation,6,9,0.3333333333333333
A_k4_3od_x0.8,mutation,7,8,0.6
A_k4_3od_x0.8,mutation,7,9,0.6
A_k4_3od_x0.8,mutation,8,9,0.3333333333333333
A_k4_3od_x0.8,none,0,1,0.3333333333333333
A_k4_3od_x0.8,none,0,2,0.3333333333333333
A_k4_3od_x0.8,none,0,3,0.3333333333333333
A_k4_3od_x0.8,none,0,4,0.0
A_k4_3od_x0.8,none,0,5,0.3333333333333333
A_k4_3od_x0.8,none,0,6,0.3333333333333333
A_k4_3od_x0.8,none,0,7,0.3333333333333333
A_k4_3od_x0.8,none,0,8,0.3333333333333333
A_k4_3od_x0.8,none,0,9,0.3333333333333333
A_k4_3od_x0.8,none,1,2,0.14285714285714285
A_k4_3od_x0.8,none,1,3,0.3333333333333333
A_k4_3od_x0.8,none,1,4,0.14285714285714285
A_k4_3od_x0.8,none,1,5,0.3333333333333333
A_k4_3od_x0.8,none,1,6,0.6
A_k4_3od_x0.8,none,1,7,0.3333333333333333
A_k4_3od_x0.8,none,1,8,0.6
A_k4_3od_x0.8,none,1,9,0.3333333333333333
A_k4_3od_x0.8,none,2,3,0.3333333333333333
A_k4_3od_x0.8,none,2,4,0.14285714285714285
A_k4_3od_x0.8,none,2,5,0.6
A_k4_3od_x0.8,none,2,6,0.14285714285714285
A_k4_3od_x0.8,none,2,7,0.3333333333333333
A_k4_3od_x0.8,none,2,8,0.14285714285714285
A_k4_3od_x0.8,none,2,9,0.3333333333333333
A_k4_3od_x0.8,none,3,4,0.14285714285714285
A_k4_3od_x0.8,none,3,5,0.6
A_k4_3od_x0.8,none,3,6,0.3333333333333333
A_k4_3od_x0.8,none,3,7,0.6
A_k4_3od_x0.8,none,3,8,0.3333333333333333
A_k4_3od_x0.8,none,3,9,0.6
A_k4_3od_x0.8,none,4,5,0.14285714285714285
A_k4_3od_x0.8,none,4,6,0.14285714285714285
A_k4_3od_x0.8,none,4,7,0.3333333333333333
A_k4_3od_x0.8,none,4,8,0.14285714285714285
A_k4_3od_x0.8,none,4,9,0.14285714285714285
A_k4_3od_x0.8,none,5,6,0.3333333333333333
A_k4_3od_x0.8,none,5,7,0.6
A_k4_3od_x0.8,none,5,8,0.3333333333333333
A_k4_3od_x0.8,none,5,9,0.6
A_k4_3od_x0.8,none,6,7,0.3333333333333333
A_k4_3od_x0.8,none,6,8,0.6
A_k4_3od_x0.8,none,6,9,0.3333333333333333
A_k4_3od_x0.8,none,7,8,0.3333333333333333
A_k4_3od_x0.8,none,7,9,0.6
A_k4_3od_x0.8,none,8,9,0.3333333333333333
A_k4_3od_x1.0,both,0,1,0.14285714285714285
A_k4_3od_x1.0,both,0,2,0.6
A_k4_3od_x1.0,both,0,3,1.0
A_k4_3od_x1.0,both,0,4,0.3333333333333333
A_k4_3od_x1.0,both,0,5,0.6
A_k4_3od_x1.0,both,0,6,0.3333333333333333
A_k4_3od_x1.0,both,0,7,0.3333333333333333
A_k4_3od_x1.0,both,0,8,0.3333333333333333
A_k4_3od_x1.0,both,0,9,0.14285714285714285
A_k4_3od_x1.0,both,1,2,0.14285714285714285
A_k4_3od_x1.0,both,1,3,0.14285714285714285
A_k4_3od_x1.0,both,1,4,0.3333333333333333
A_k4_3od_x1.0,both,1,5,0.3333333333333333
A_k4_3od_x1.0,both,1,6,0.3333333333333333
A_k4_3od_x1.0,both,1,7,0.3333333333333333
A_k4_3od_x1.0,both,1,8,0.3333333333333333
A_k4_3od_x1.0,both,1,9,0.3333333333333333
A_k4_3od_x1.0,both,2,3,0.6
A_k4_3od_x1.0,both,2,4,0.3333333333333333
A_k4_3od_x1.0,both,2,5,0.6
A_k4_3od_x1.0,both,2,6,0.3333333333333333
A_k4_3od_x1.0,both,2,7,0.3333333333333333
A_k4_3od_x1.0,both,2,8,0.3333333333333333
A_k4_3od_x1.0,both,2,9,0.14285714285714285
A_k4_3od_x1.0,both,3,4,0.3333333333333333
A_k4_3od_x1.0,both,3,5,0.6
A_k4_3od_x1.0,both,3,6,0.3333333333333333
A_k4_3od_x1.0,both,3,7,0.3333333333333333
A_k4_3od_x1.0,both,3,8,0.3333333333333333
A_k4_3od_x1.0,both,3,9,0.14285714285714285
A_k4_3od_x1.0,both,4,5,0.6
A_k4_3od_x1.0,both,4,6,0.6
A_k4_3od_x1.0,both,4,7,1.0
A_k4_3od_x1.0,both,4,8,0.6
A_k4_3od_x1.0,both,4,9,0.14285714285714285
A_k4_3od_x1.0,both,5,6,0.6
A_k4_3od_x1.0,both,5,7,0.6
A_k4_3od_x1.0,both,5,8,0.6
A_k4_3od_x1.0,both,5,9,0.14285714285714285
A_k4_3od_x1.0,both,6,7,0.6
A_k4_3od_x1.0,both,6,8,0.6
A_k4_3od_x1.0,both,6,9,0.14285714285714285
A_k4_3od_x1.0,both,7,8,0.6
A_k4_3od_x1.0,both,7,9,0.14285714285714285
A_k4_3od_x1.0,both,8,9,0.14285714285714285
A_k4_3od_x1.0,init,0,1,0.6
A_k4_3od_x1.0,init,0,2,0.3333333333333333
A_k4_3od_x1.0,init,0,3,0.6
A_k4_3od_x1.0,init,0,4,0.3333333333333333
A_k4_3od_x1.0,init,0,5,1.0
A_k4_3od_x1.0,init,0,6,0.6
A_k4_3od_x1.0,init,0,7,0.6
A_k4_3od_x1.0,init,0,8,0.6
A_k4_3od_x1.0,init,0,9,0.14285714285714285
A_k4_3od_x1.0,init,1,2,0.3333333333333333
A_k4_3od_x1.0,init,1,3,0.3333333333333333
A_k4_3od_x1.0,init,1,4,0.14285714285714285
A_k4_3od_x1.0,init,1,5,0.6
A_k4_3od_x1.0,init,1,6,0.3333333333333333
A_k4_3od_x1.0,init,1,7,0.6
A_k4_3od_x1.0,init,1,8,0.6
A_k4_3od_x1.0,init,1,9,0.14285714285714285
A_k4_3od_x1.0,init,2,3,0.14285714285714285
A_k4_3od_x1.0,init,2,4,0.14285714285714285
A_k4_3od_x1.0,init,2,5,0.3333333333333333
A_k4_3od_x1.0,init,2,6,0.3333333333333333
A_k4_3od_x1.0,init,2,7,0.3333333333333333
A_k4_3od_x1.0,init,2,8,0.3333333333333333
A_k4_3od_x1.0,init,2,9,0.14285714285714285
A_k4_3od_x1.0,init,3,4,0.3333333333333333
A_k4_3od_x1.0,init,3,5,0.6
A_k4_3od_x1.0,init,3,6,0.3333333333333333
A_k4_3od_x1.0,init,3,7,0.6
A_k4_3od_x1.0,init,3,8,0.3333333333333333
A_k4_3od_x1.0,init,3,9,0.14285714285714285
A_k4_3od_x1.0,init,4,5,0.3333333333333333
A_k4_3od_x1.0,init,4,6,0.3333333333333333
A_k4_3od_x1.0,init,4,7,0.14285714285714285
A_k4_3od_x1.0,init,4,8,0.14285714285714285
A_k4_3od_x1.0,init,4,9,0.3333333333333333
A_k4_3od_x1.0,init,5,6,0.6
A_k4_3od_x1.0,init,5,7,0.6
A_k4_3od_x1.0,init,5,8,0.6
A_k4_3od_x1.0,init,5,9,0.14285714285714285
A_k4_3od_x1.0,init,6,7,0.3333333333333333
A_k4_3od_x1.0,init,6,8,0.3333333333333333
A_k4_3od_x1.0,init,6,9,0.14285714285714285
A_k4_3od_x1.0,init,7,8,0.6
A_k4_3od_x1.0,init,7,9,0.14285714285714285
A_k4_3od_x1.0,init,8,9,0.14285714285714285
A_k4_3od_x1.0,mutation,0,1,0.3333333333333333
A_k4_3od_x1.0,mutation,0,2,0.3333333333333333
A_k4_3od_x1.0,mutation,0,3,0.3333333333333333
A_k4_3od_x1.0,mutation,0,4,0.6
A_k4_3od_x1.0,mutation,0,5,0.6
A_k4_3od_x1.0,mutation,0,6,0.3333333333333333
A_k4_3od_x1.0,mutation,0,7,0.3333333333333333
A_k4_3od_x1.0,mutation,0,8,0.3333333333333333
A_k4_3od_x1.0,mutation,0,9,0.6
A_k4_3od_x1.0,mutation,1,2,1.0
A_k4_3od_x1.0,mutation,1,3,0.6
A_k4_3od_x1.0,mutation,1,4,0.3333333333333333
A_k4_3od_x1.0,mutation,1,5,0.3333333333333333
A_k4_3od_x1.0,mutation,1,6,0.3333333333333333
A_k4_3od_x1.0,mutation,1,7,0.3333333333333333
A_k4_3od_x1.0,mutation,1,8,0.14285714285714285
A_k4_3od_x1.0,mutation,1,9,0.6
A_k4_3od_x1.0,mutation,2,3,0.6
A_k4_3od_x1.0,mutation,2,4,0.3333333333333333
A_k4_3od_x1.0,mutation,2,5,0.3333333333333333
A_k4_3od_x1.0,mutation,2,6,0.3333333333333333
A_k4_3od_x1.0,mutation,2,7,0.3333333333333333
A_k4_3od_x1.0,mutation,2,8,0.14285714285714285
A_k4_3od_x1.0,mutation,2,9,0.6
A_k4_3od_x1.0,mutation,3,4,0.3333333333333333
A_k4_3od_x1.0,mutation,3,5,0.3333333333333333
A_k4_3od_x1.0,mutation,3,6,0.3333333333333333
A_k4_3od_x1.0,mutation,3,7,0.3333333333333333
A_k4_3od_x1.0,mutation,3,8,0.14285714285714285
A_k4_3od_x1.0,mutation,3,9,0.6
A_k4_3od_x1.0,mutation,4,5,0.6
A_k4_3od_x1.0,mutation,4,6,0.3333333333333333
A_k4_3od_x1.0,mutation,4,7,0.3333333333333333
A_k4_3od_x1.0,mutation,4,8,0.14285714285714285
A_k4_3od_x1.0,mutation,4,9,0.3333333333333333
A_k4_3od_x1.0,mutation,5,6,0.14285714285714285
A_k4_3od_x1.0,mutation,5,7,0.3333333333333333
A_k4_3od_x1.0,mutation,5,8,0.14285714285714285
A_k4_3od_x1.0,mutation,5,9,0.3333333333333333
A_k4_3od_x1.0,mutation,6,7,0.14285714285714285
A_k4_3od_x1.0,mutation,6,8,0.3333333333333333
A_k4_3od_x1.0,mutation,6,9,0.6
A_k4_3od_x1.0,mutation,7,8,0.14285714285714285
A_k4_3od_x1.0,mutation,7,9,0.3333333333333333
A_k4_3od_x1.0,mutation,8,9,0.3333333333333333
A_k4_3od_x1.0,none,0,1,0.3333333333333333
A_k4_3od_x1.0,none,0,2,0.0
A_k4_3od_x1.0,none,0,3,0.14285714285714285
A_k4_3od_x1.0,none,0,4,0.14285714285714285
A_k4_3od_x1.0,none,0,5,0.14285714285714285
A_k4_3od_x1.0,none,0,6,0.14285714285714285
A_k4_3od_x1.0,none,0,7,0.14285714285714285
A_k4_3od_x1.0,none,0,8,0.14285714285714285
A_k4_3od_x1.0,none,0,9,0.0
A_k4_3od_x1.0,none,1,2,0.14285714285714285
A_k4_3od_x1.0,none,1,3,0.3333333333333333
A_k4_3od_x1.0,none,1,4,0.3333333333333333
A_k4_3od_x1.0,none,1,5,0.3333333333333333
A_k4_3od_x1.0,none,1,6,0.3333333333333333
A_k4_3od_x1.0,none,1,7,0.3333333333333333
A_k4_3od_x1.0,none,1,8,0.3333333333333333
A_k4_3od_x1.0,none,1,9,0.14285714285714285
A_k4_3od_x1.0,none,2,3,0.3333333333333333
A_k4_3od_x1.0,none,2,4,0.3333333333333333
A_k4_3od_x1.0,none,2,5,0.3333333333333333
A_k4_3od_x1.0,none,2,6,0.14285714285714285
A_k4_3od_x1.0,none,2,7,0.14285714285714285
A_k4_3od_x1.0,none,2,8,0.3333333333333333
A_k4_3od_x1.0,none,2,9,0.6
A_k4_3od_x1.0,none,3,4,0.6
A_k4_3od_x1.0,none,3,5,0.3333333333333333
A_k4_3od_x1.0,none,3,6,0.3333333333333333
A_k4_3od_x1.0,none,3,7,0.3333333333333333
A_k4_3od_x1.0,none,3,8,1.0
A_k4_3od_x1.0,none,3,9,0.6
A_k4_3od_x1.0,none,4,5,0.3333333333333333
A_k4_3od_x1.0,none,4,6,0.3333333333333333
A_k4_3od_x1.0,none,4,7,0.3333333333333333
A_k4_3od_x1.0,none,4,8,0.6
A_k4_3od_x1.0,none,4,9,0.3333333333333333
A_k4_3od_x1.0,none,5,6,0.3333333333333333
A_k4_3od_x1.0,none,5,7,0.3333333333333333
A_k4_3od_x1.0,none,5,8,0.3333333333333333
A_k4_3od_x1.0,none,5,9,0.14285714285714285
A_k4_3od_x1.0,none,6,7,0.3333333333333333
A_k4_3od_x1.0,none,6,8,0.3333333333333333
A_k4_3od_x1.0,none,6,9,0.14285714285714285
A_k4_3od_x1.0,none,7,8,0.3333333333333333
A_k4_3od_x1.0,none,7,9,0.14285714285714285
A_k4_3od_x1.0,none,8,9,0.6
A_k4_3od_x1.2,both,0,1,0.6
A_k4_3od_x1.2,both,0,2,0.6
A_k4_3od_x1.2,both,0,3,0.14285714285714285
A_k4_3od_x1.2,both,0,4,0.3333333333333333
A_k4_3od_x1.2,both,0,5,0.6
A_k4_3od_x1.2,both,0,6,0.14285714285714285
A_k4_3od_x1.2,both,0,7,0.14285714285714285
A_k4_3od_x1.2,both,0,8,0.14285714285714285
A_k4_3od_x1.2,both,0,9,0.6
A_k4_3od_x1.2,both,1,2,0.6
A_k4_3od_x1.2,both,1,3,0.14285714285714285
A_k4_3od_x1.2,both,1,4,0.3333333333333333
A_k4_3od_x1.2,both,1,5,0.6
A_k4_3od_x1.2,both,1,6,0.14285714285714285
A_k4_3od_x1.2,both,1,7,0.14285714285714285
A_k4_3od_x1.2,both,1,8,0.14285714285714285
A_k4_3od_x1.2,both,1,9,0.6
A_k4_3od_x1.2,both,2,3,0.14285714285714285
A_k4_3od_x1.2,both,2,4,0.3333333333333333
A_k4_3od_x1.2,both,2,5,0.6
A_k4_3od_x1.2,both,2,6,0.3333333333333333
A_k4_3od_x1.2,both,2,7,0.14285714285714285
A_k4_3od_x1.2,both,2,8,0.14285714285714285
A_k4_3od_x1.2,both,2,9,0.6
A_k4_3od_x1.2,both,3,4,0.3333333333333333
A_k4_3od_x1.2,both,3,5,0.14285714285714285
A_k4_3od_x1.2,both,3,6,0.14285714285714285
A_k4_3od_x1.2,both,3,7,0.3333333333333333
A_k4_3od_x1.2,both,3,8,0.6
A_k4_3od_x1.2,both,3,9,0.3333333333333333
A_k4_3od_x1.2,both,4,5,0.3333333333333333
A_k4_3od_x1.2,both,4,6,0.3333333333333333
A_k4_3od_x1.2,both,4,7,0.3333333333333333
A_k4_3od_x1.2,both,4,8,0.6
A_k4_3od_x1.2,both,4,9,0.3333333333333333
A_k4_3od_x1.2,both,5,6,0.14285714285714285
A_k4_3od_x1.2,both,5,7,0.14285714285714285
A_k4_3od_x1.2,both,5,8,0.14285714285714285
A_k4_3od_x1.2,both,5,9,0.6
A_k4_3od_x1.2,both,6,7,0.3333333333333333
A_k4_3od_x1.2,both,6,8,0.3333333333333333
A_k4_3od_x1.2,both,6,9,0.14285714285714285
A_k4_3od_x1.2,both,7,8,0.6
A_k4_3od_x1.2,both,7,9,0.14285714285714285
A_k4_3od_x1.2,both,8,9,0.14285714285714285
A_k4_3od_x1.2,init,0,1,0.3333333333333333
A_k4_3od_x1.2,init,0,2,0.3333333333333333
A_k4_3od_x1.2,init,0,3,0.14285714285714285
A_k4_3od_x1.2,init,0,4,0.6
A_k4_3od_x1.2,init,0,5,0.6
A_k4_3od_x1.2,init,0,6,0.14285714285714285
A_k4_3od_x1.2,init,0,7,0.3333333333333333
A_k4_3od_x1.2,init,0,8,0.14285714285714285
A_k4_3od_x1.2,init,0,9,0.3333333333333333
A_k4_3od_x1.2,init,1,2,0.14285714285714285
A_k4_3od_x1.2,init,1,3,0.0
A_k4_3od_x1.2,init,1,4,0.6
A_k4_3od_x1.2,init,1,5,0.3333333333333333
A_k4_3od_x1.2,init,1,6,0.3333333333333333
A_k4_3od_x1.2,init,1,7,0.6
A_k4_3od_x1.2,init,1,8,0.14285714285714285
A_k4_3od_x1.2,init,1,9,0.3333333333333333
A_k4_3od_x1.2,init,2,3,0.3333333333333333
A_k4_3od_x1.2,init,2,4,0.3333333333333333
A_k4_3od_x1.2,init,2,5,0.3333333333333333
A_k4_3od_x1.2,init,2,6,0.14285714285714285
A_k4_3od_x1.2,init,2,7,0.14285714285714285
A_k4_3od_x1.2,init,2,8,0.3333333333333333
A_k4_3od_x1.2,init,2,9,0.14285714285714285
A_k4_3od_x1.2,init,3,4,0.14285714285714285
A_k4_3od_x1.2,init,3,5,0.14285714285714285
A_k4_3od_x1.2,init,3,6,0.0
A_k4_3od_x1.2,init,3,7,0.0
A_k4_3od_x1.2,init,3,8,0.0
A_k4_3od_x1.2,init,3,9,0.0
A_k4_3od_x1.2,init,4,5,0.6
A_k4_3od_x1.2,init,4,6,0.3333333333333333
A_k4_3od_x1.2,init,4,7,0.6
A_k4_3od_x1.2,init,4,8,0.14285714285714285
A_k4_3od_x1.2,init,4,9,0.3333333333333333
A_k4_3od_x1.2,init,5,6,0.14285714285714285
A_k4_3od_x1.2,init,5,7,0.3333333333333333
A_k4_3od_x1.2,init,5,8,0.14285714285714285
A_k4_3od_x1.2,init,5,9,0.3333333333333333
A_k4_3od_x1.2,init,6,7,0.6
A_k4_3od_x1.2,init,6,8,0.14285714285714285
A_k4_3od_x1.2,init,6,9,0.3333333333333333
A_k4_3od_x1.2,init,7,8,0.14285714285714285
A_k4_3od_x1.2,init,7,9,0.6
A_k4_3od_x1.2,init,8,9,0.14285714285714285
A_k4_3od_x1.2,mutation,0,1,0.3333333333333333
A_k4_3od_x1.2,mutation,0,2,0.6
A_k4_3od_x1.2,mutation,0,3,0.14285714285714285
A_k4_3od_x1.2,mutation,0,4,0.3333333333333333
A_k4_3od_x1.2,mutation,0,5,0.14285714285714285
A_k4_3od_x1.2,mutation,0,6,0.3333333333333333
A_k4_3od_x1.2,mutation,0,7,0.3333333333333333
A_k4_3od_x1.2,mutation,0,8,0.3333333333333333
A_k4_3od_x1.2,mutation,0,9,0.6
A_k4_3od_x1.2,mutation,1,2,0.3333333333333333
A_k4_3od_x1.2,mutation,1,3,0.3333333333333333
A_k4_3od_x1.2,mutation,1,4,0.6
A_k4_3od_x1.2,mutation,1,5,0.3333333333333333
A_k4_3od_x1.2,mutation,1,6,0.14285714285714285
A_k4_3od_x1.2,mutation,1,7,0.14285714285714285
A_k4_3od_x1.2,mutation,1,8,0.3333333333333333
A_k4_3od_x1.2,mutation,1,9,0.3333333333333333
A_k4_3od_x1.2,mutation,2,3,0.14285714285714285
A_k4_3od_x1.2,mutation,2,4,0.3333333333333333
A_k4_3od_x1.2,mutation,2,5,0.14285714285714285
A_k4_3od_x1.2,mutation,2,6,0.3333333333333333
A_k4_3od_x1.2,mutation,2,7,0.3333333333333333
A_k4_3od_x1.2,mutation,2,8,0.3333333333333333
A_k4_3od_x1.2,mutation,2,9,1.0
A_k4_3od_x1.2,mutation,3,4,0.3333333333333333
A_k4_3od_x1.2,mutation,3,5,0.3333333333333333
A_k4_3od_x1.2,mutation,3,6,0.14285714285714285
A_k4_3od_x1.2,mutation,3,7,0.0
A_k4_3od_x1.2,mutation,3,8,0.14285714285714285
A_k4_3od_x1.2,mutation,3,9,0.14285714285714285
A_k4_3od_x1.2,mutation,4,5,0.3333333333333333
A_k4_3od_x1.2,mutation,4,6,0.14285714285714285
A_k4_3od_x1.2,mutation,4,7,0.14285714285714285
A_k4_3od_x1.2,mutation,4,8,0.3333333333333333
A_k4_3od_x1.2,mutation,4,9,0.3333333333333333
A_k4_3od_x1.2,mutation,5,6,0.14285714285714285
A_k4_3od_x1.2,mutation,5,7,0.14285714285714285
A_k4_3od_x1.2,mutation,5,8,0.14285714285714285
A_k4_3od_x1.2,mutation,5,9,0.14285714285714285
A_k4_3od_x1.2,mutation,6,7,0.14285714285714285
A_k4_3od_x1.2,mutation,6,8,0.14285714285714285
A_k4_3od_x1.2,mutation,6,9,0.3333333333333333
A_k4_3od_x1.2,mutation,7,8,0.3333333333333333
A_k4_3od_x1.2,mutation,7,9,0.3333333333333333
A_k4_3od_x1.2,mutation,8,9,0.3333333333333333
A_k4_3od_x1.2,none,0,1,0.3333333333333333
A_k4_3od_x1.2,none,0,2,0.14285714285714285
A_k4_3od_x1.2,none,0,3,0.14285714285714285
A_k4_3od_x1.2,none,0,4,0.14285714285714285
A_k4_3od_x1.2,none,0,5,0.14285714285714285
A_k4_3od_x1.2,none,0,6,0.14285714285714285
A_k4_3od_x1.2,none,0,7,0.0
A_k4_3od_x1.2,none,0,8,0.14285714285714285
A_k4_3od_x1.2,none,0,9,0.14285714285714285
A_k4_3od_x1.2,none,1,2,0.14285714285714285
A_k4_3od_x1.2,none,1,3,0.3333333333333333
A_k4_3od_x1.2,none,1,4,0.3333333333333333
A_k4_3od_x1.2,none,1,5,0.3333333333333333
A_k4_3od_x1.2,none,1,6,0.3333333333333333
A_k4_3od_x1.2,none,1,7,0.3333333333333333
A_k4_3od_x1.2,none,1,8,0.3333333333333333
A_k4_3od_x1.2,none,1,9,0.14285714285714285
A_k4_3od_x1.2,none,2,3,0.14285714285714285
A_k4_3od_x1.2,none,2,4,0.14285714285714285
A_k4_3od_x1.2,none,2,5,0.3333333333333333
A_k4_3od_x1.2,none,2,6,0.14285714285714285
A_k4_3od_x1.2,none,2,7,0.14285714285714285
A_k4_3od_x1.2,none,2,8,0.14285714285714285
A_k4_3od_x1.2,none,2,9,1.0
A_k4_3od_x1.2,none,3,4,1.0
A_k4_3od_x1.2,none,3,5,0.14285714285714285
A_k4_3od_x1.2,none,3,6,0.6
A_k4_3od_x1.2,none,3,7,0.14285714285714285
A_k4_3od_x1.2,none,3,8,0.3333333333333333
A_k4_3od_x1.2,none,3,9,0.14285714285714285
A_k4_3od_x1.2,none,4,5,0.14285714285714285
A_k4_3od_x1.2,none,4,6,0.6
A_k4_3od_x1.2,none,4,7,0.14285714285714285
A_k4_3od_x1.2,none,4,8,0.3333333333333333
A_k4_3od_x1.2,none,4,9,0.14285714285714285
A_k4_3od_x1.2,none,5,6,0.14285714285714285
A_k4_3od_x1.2,none,5,7,0.6
A_k4_3od_x1.2,none,5,8,0.14285714285714285
A_k4_3od_x1.2,none,5,9,0.3333333333333333
A_k4_3od_x1.2,none,6,7,0.14285714285714285
A_k4_3od_x1.2,none,6,8,0.3333333333333333
A_k4_3od_x1.2,none,6,9,0.14285714285714285
A_k4_3od_x1.2,none,7,8,0.14285714285714285
A_k4_3od_x1.2,none,7,9,0.14285714285714285
A_k4_3od_x1.2,none,8,9,0.14285714285714285
B_k9_1od_x0.8,both,0,1,0.2
B_k9_1od_x0.8,both,0,2,0.2
B_k9_1od_x0.8,both,0,3,0.0
B_k9_1od_x0.8,both,0,4,0.058823529411764705
B_k9_1od_x0.8,both,0,5,0.2857142857142857
B_k9_1od_x0.8,both,0,6,0.2
B_k9_1od_x0.8,both,0,7,0.125
B_k9_1od_x0.8,both,0,8,0.125
B_k9_1od_x0.8,both,0,9,0.125
B_k9_1od_x0.8,both,1,2,0.2
B_k9_1od_x0.8,both,1,3,0.125
B_k9_1od_x0.8,both,1,4,0.2857142857142857
B_k9_1od_x0.8,both,1,5,0.2857142857142857
B_k9_1od_x0.8,both,1,6,0.2
B_k9_1od_x0.8,both,1,7,0.5
B_k9_1od_x0.8,both,1,8,0.2857142857142857
B_k9_1od_x0.8,both,1,9,0.2
B_k9_1od_x0.8,both,2,3,0.2
B_k9_1od_x0.8,both,2,4,0.125
B_k9_1od_x0.8,both,2,5,0.2857142857142857
B_k9_1od_x0.8,both,2,6,0.058823529411764705
B_k9_1od_x0.8,both,2,7,0.125
B_k9_1od_x0.8,both,2,8,0.2
B_k9_1od_x0.8,both,2,9,0.125
B_k9_1od_x0.8,both,3,4,0.2
B_k9_1od_x0.8,both,3,5,0.125
B_k9_1od_x0.8,both,3,6,0.0
B_k9_1od_x0.8,both,3,7,0.125
B_k9_1od_x0.8,both,3,8,0.2
B_k9_1od_x0.8,both,3,9,0.125
B_k9_1od_x0.8,both,4,5,0.2
B_k9_1od_x0.8,both,4,6,0.2
B_k9_1od_x0.8,both,4,7,0.5
B_k9_1od_x0.8,both,4,8,0.2857142857142857
B_k9_1od_x0.8,both,4,9,0.2857142857142857
B_k9_1od_x0.8,both,5,6,0.2
B_k9_1od_x0.8,both,5,7,0.2
B_k9_1od_x0.8,both,5,8,0.2857142857142857
B_k9_1od_x0.8,both,5,9,0.058823529411764705
B_k9_1od_x0.8,both,6,7,0.2
B_k9_1od_x0.8,both,6,8,0.125
B_k9_1od_x0.8,both,6,9,0.125
B_k9_1od_x0.8,both,7,8,0.2857142857142857
B_k9_1od_x0.8,both,7,9,0.2857142857142857
B_k9_1od_x0.8,both,8,9,0.125
B_k9_1od_x0.8,init,0,1,0.125
B_k9_1od_x0.8,init,0,2,0.0625
B_k9_1od_x0.8,init,0,3,0.125
B_k9_1od_x0.8,init,0,4,0.058823529411764705
B_k9_1od_x0.8,init,0,5,0.125
B_k9_1od_x0.8,init,0,6,0.058823529411764705
B_k9_1od_x0.8,init,0,7,0.13333333333333333
B_k9_1od_x0.8,init,0,8,0.058823529411764705
B_k9_1od_x0.8,init,0,9,0.058823529411764705
B_k9_1od_x0.8,init,1,2,0.13333333333333333
B_k9_1od_x0.8,init,1,3,0.0
B_k9_1od_x0.8,init,1,4,0.058823529411764705
B_k9_1od_x0.8,init,1,5,0.125
B_k9_1od_x0.8,init,1,6,0.125
B_k9_1od_x0.8,init,1,7,0.21428571428571427
B_k9_1od_x0.8,init,1,8,0.058823529411764705
B_k9_1od_x0.8,init,1,9,0.058823529411764705
B_k9_1od_x0.8,init,2,3,0.0625
B_k9_1od_x0.8,init,2,4,0.0625
B_k9_1od_x0.8,init,2,5,0.0625
B_k9_1od_x0.8,init,2,6,0.0625
B_k9_1od_x0.8,init,2,7,0.14285714285714285
B_k9_1od_x0.8,init,2,8,0.21428571428571427
B_k9_1od_x0.8,init,2,9,0.0625
B_k9_1od_x0.8,init,3,4,0.0
B_k9_1od_x0.8,init,3,5,0.058823529411764705
B_k9_1od_x0.8,init,3,6,0.0
B_k9_1od_x0.8,init,3,7,0.0
B_k9_1od_x0.8,init,3,8,0.058823529411764705
B_k9_1od_x0.8,init,3,9,0.0
B_k9_1od_x0.8,init,4,5,0.058823529411764705
B_k9_1od_x0.8,init,4,6,0.0
B_k9_1od_x0.8,init,4,7,0.0625
B_k9_1od_x0.8,init,4,8,0.2
B_k9_1od_x0.8,init,4,9,0.058823529411764705
B_k9_1od_x0.8,init,5,6,0.125
B_k9_1od_x0.8,init,5,7,0.0
B_k9_1od_x0.8,init,5,8,0.0
B_k9_1od_x0.8,init,5,9,0.058823529411764705
B_k9_1od_x0.8,init,6,7,0.13333333333333333
B_k9_1od_x0.8,init,6,8,0.0
B_k9_1od_x0.8,init,6,9,0.125
B_k9_1od_x0.8,init,7,8,0.0
B_k9_1od_x0.8,init,7,9,0.21428571428571427
B_k9_1od_x0.8,init,8,9,0.058823529411764705
B_k9_1od_x0.8,mutation,0,1,0.2
B_k9_1od_x0.8,mutation,0,2,0.2
B_k9_1od_x0.8,mutation,0,3,0.125
B_k9_1od_x0.8,mutation,0,4,0.125
B_k9_1od_x0.8,mutation,0,5,0.2857142857142857
B_k9_1od_x0.8,mutation,0,6,0.058823529411764705
B_k9_1od_x0.8,mutation,0,7,0.058823529411764705
B_k9_1od_x0.8,mutation,0,8,0.2
B_k9_1od_x0.8,mutation,0,9,0.058823529411764705
B_k9_1od_x0.8,mutation,1,2,0.2
B_k9_1od_x0.8,mutation,1,3,0.125
B_k9_1od_x0.8,mutation,1,4,0.2857142857142857
B_k9_1od_x0.8,mutation,1,5,0.2
B_k9_1od_x0.8,mutation,1,6,0.2
B_k9_1od_x0.8,mutation,1,7,0.2
B_k9_1od_x0.8,mutation,1,8,0.2857142857142857
B_k9_1od_x0.8,mutation,1,9,0.125
B_k9_1od_x0.8,mutation,2,3,0.2
B_k9_1od_x0.8,mutation,2,4,0.125
B_k9_1od_x0.8,mutation,2,5,0.2
B_k9_1od_x0.8,mutation,2,6,0.058823529411764705
B_k9_1od_x0.8,mutation,2,7,0.125
B_k9_1od_x0.8,mutation,2,8,0.2
B_k9_1od_x0.8,mutation,2,9,0.125
B_k9_1od_x0.8,mutation,3,4,0.2
B_k9_1od_x0.8,mutation,3,5,0.2857142857142857
B_k9_1od_x0.8,mutation,3,6,0.125
B_k9_1od_x0.8,mutation,3,7,0.125
B_k9_1od_x0.8,mutation,3,8,0.2
B_k9_1od_x0.8,mutation,3,9,0.38461538461538464
B_k9_1od_x0.8,mutation,4,5,0.2
B_k9_1od_x0.8,mutation,4,6,0.38461538461538464
B_k9_1od_x0.8,mutation,4,7,0.2857142857142857
B_k9_1od_x0.8,mutation,4,8,0.2
B_k9_1od_x0.8,mutation,4,9,0.125
B_k9_1od_x0.8,mutation,5,6,0.125
B_k9_1od_x0.8,mutation,5,7,0.058823529411764705
B_k9_1od_x0.8,mutation,5,8,0.125
B_k9_1od_x0.8,mutation,5,9,0.2
B_k9_1od_x0.8,mutation,6,7,0.38461538461538464
B_k9_1od_x0.8,mutation,6,8,0.125
B_k9_1od_x0.8,mutation,6,9,0.125
B_k9_1od_x0.8,mutation,7,8,0.125
B_k9_1od_x0.8,mutation,7,9,0.125
B_k9_1od_x0.8,mutation,8,9,0.058823529411764705
B_k9_1od_x0.8,none,0,1,0.125
B_k9_1od_x0.8,none,0,2,0.0
B_k9_1od_x0.8,none,0,3,0.125
B_k9_1od_x0.8,none,0,4,0.058823529411764705
B_k9_1od_x0.8,none,0,5,0.125
B_k9_1od_x0.8,none,0,6,0.0
B_k9_1od_x0.8,none,0,7,0.0
B_k9_1od_x0.8,none,0,8,0.125
B_k9_1od_x0.8,none,0,9,0.058823529411764705
B_k9_1od_x0.8,none,1,2,0.125
B_k9_1od_x0.8,none,1,3,0.058823529411764705
B_k9_1od_x0.8,none,1,4,0.2
B_k9_1od_x0.8,none,1,5,0.0
B_k9_1od_x0.8,none,1,6,0.0
B_k9_1od_x0.8,none,1,7,0.0
B_k9_1od_x0.8,none,1,8,0.2
B_k9_1od_x0.8,none,1,9,0.058823529411764705
B_k9_1od_x0.8,none,2,3,0.058823529411764705
B_k9_1od_x0.8,none,2,4,0.058823529411764705
B_k9_1od_x0.8,none,2,5,0.0
B_k9_1od_x0.8,none,2,6,0.058823529411764705
B_k9_1od_x0.8,none,2,7,0.07142857142857142
B_k9_1od_x0.8,none,2,8,0.058823529411764705
B_k9_1od_x0.8,none,2,9,0.0
B_k9_1od_x0.8,none,3,4,0.058823529411764705
B_k9_1od_x0.8,none,3,5,0.058823529411764705
B_k9_1od_x0.8,none,3,6,0.058823529411764705
B_k9_1od_x0.8,none,3,7,0.07142857142857142
B_k9_1od_x0.8,none,3,8,0.2
B_k9_1od_x0.8,none,3,9,0.125
B_k9_1od_x0.8,none,4,5,0.058823529411764705
B_k9_1od_x0.8,none,4,6,0.058823529411764705
B_k9_1od_x0.8,none,4,7,0.0
B_k9_1od_x0.8,none,4,8,0.058823529411764705
B_k9_1od_x0.8,none,4,9,0.2
B_k9_1od_x0.8,none,5,6,0.125
B_k9_1od_x0.8,none,5,7,0.15384615384615385
B_k9_1od_x0.8,none,5,8,0.058823529411764705
B_k9_1od_x0.8,none,5,9,0.125
B_k9_1od_x0.8,none,6,7,0.07142857142857142
B_k9_1od_x0.8,none,6,8,0.0
B_k9_1od_x0.8,none,6,9,0.125
B_k9_1od_x0.8,none,7,8,0.0
B_k9_1od_x0.8,none,7,9,0.07142857142857142
B_k9_1od_x0.8,none,8,9,0.058823529411764705
B_k9_1od_x1.0,both,0,1,0.125
B_k9_1od_x1.0,both,0,2,0.2
B_k9_1od_x1.0,both,0,3,0.38461538461538464
B_k9_1od_x1.0,both,0,4,0.2857142857142857
B_k9_1od_x1.0,both,0,5,0.0
B_k9_1od_x1.0,both,0,6,0.058823529411764705
B_k9_1od_x1.0,both,0,7,0.058823529411764705
B_k9_1od_x1.0,both,0,8,0.2
B_k9_1od_x1.0,both,0,9,0.2
B_k9_1od_x1.0,both,1,2,0.125
B_k9_1od_x1.0,both,1,3,0.058823529411764705
B_k9_1od_x1.0,both,1,4,0.2857142857142857
B_k9_1od_x1.0,both,1,5,0.0
B_k9_1od_x1.0,both,1,6,0.058823529411764705
B_k9_1od_x1.0,both,1,7,0.2857142857142857
B_k9_1od_x1.0,both,1,8,0.125
B_k9_1od_x1.0,both,1,9,0.125
B_k9_1od_x1.0,both,2,3,0.125
B_k9_1od_x1.0,both,2,4,0.125
B_k9_1od_x1.0,both,2,5,0.058823529411764705
B_k9_1od_x1.0,both,2,6,0.125
B_k9_1od_x1.0,both,2,7,0.125
B_k9_1od_x1.0,both,2,8,0.125
B_k9_1od_x1.0,both,2,9,0.125
B_k9_1od_x1.0,both,3,4,0.125
B_k9_1od_x1.0,both,3,5,0.0
B_k9_1od_x1.0,both,3,6,0.058823529411764705
B_k9_1od_x1.0,both,3,7,0.125
B_k9_1od_x1.0,both,3,8,0.058823529411764705
B_k9_1od_x1.0,both,3,9,0.2
B_k9_1od_x1.0,both,4,5,0.0
B_k9_1od_x1.0,both,4,6,0.058823529411764705
B_k9_1od_x1.0,both,4,7,0.2
B_k9_1od_x1.0,both,4,8,0.2
B_k9_1od_x1.0,both,4,9,0.2857142857142857
B_k9_1od_x1.0,both,5,6,0.0
B_k9_1od_x1.0,both,5,7,0.0
B_k9_1od_x1.0,both,5,8,0.125
B_k9_1od_x1.0,both,5,9,0.0
B_k9_1od_x1.0,both,6,7,0.058823529411764705
B_k9_1od_x1.0,both,6,8,0.0
B_k9_1od_x1.0,both,6,9,0.125
B_k9_1od_x1.0,both,7,8,0.058823529411764705
B_k9_1od_x1.0,both,7,9,0.125
B_k9_1od_x1.0,both,8,9,0.2
B_k9_1od_x1.0,init,0,1,0.07692307692307693
B_k9_1od_x1.0,init,0,2,0.125
B_k9_1od_x1.0,init,0,3,0.058823529411764705
B_k9_1od_x1.0,init,0,4,0.058823529411764705
B_k9_1od_x1.0,init,0,5,0.125
B_k9_1od_x1.0,init,0,6,0.058823529411764705
B_k9_1od_x1.0,init,0,7,0.0
B_k9_1od_x1.0,init,0,8,0.058823529411764705
B_k9_1od_x1.0,init,0,9,0.058823529411764705
B_k9_1od_x1.0,init,1,2,0.16666666666666666
B_k9_1od_x1.0,init,1,3,0.07692307692307693
B_k9_1od_x1.0,init,1,4,0.0
B_k9_1od_x1.0,init,1,5,0.0
B_k9_1od_x1.0,init,1,6,0.16666666666666666
B_k9_1od_x1.0,init,1,7,0.07692307692307693
B_k9_1od_x1.0,init,1,8,0.16666666666666666
B_k9_1od_x1.0,init,1,9,0.2727272727272727
B_k9_1od_x1.0,init,2,3,0.2
B_k9_1od_x1.0,init,2,4,0.0
B_k9_1od_x1.0,init,2,5,0.2
B_k9_1od_x1.0,init,2,6,0.125
B_k9_1od_x1.0,init,2,7,0.058823529411764705
B_k9_1od_x1.0,init,2,8,0.2
B_k9_1od_x1.0,init,2,9,0.125
B_k9_1od_x1.0,init,3,4,0.125
B_k9_1od_x1.0,init,3,5,0.125
B_k9_1od_x1.0,init,3,6,0.125
B_k9_1od_x1.0,init,3,7,0.125
B_k9_1od_x1.0,init,3,8,0.058823529411764705
B_k9_1od_x1.0,init,3,9,0.058823529411764705
B_k9_1od_x1.0,init,4,5,0.058823529411764705
B_k9_1od_x1.0,init,4,6,0.125
B_k9_1od_x1.0,init,4,7,0.058823529411764705
B_k9_1od_x1.0,init,4,8,0.058823529411764705
B_k9_1od_x1.0,init,4,9,0.0
B_k9_1od_x1.0,init,5,6,0.2
B_k9_1od_x1.0,init,5,7,0.0
B_k9_1od_x1.0,init,5,8,0.058823529411764705
B_k9_1od_x1.0,init,5,9,0.0
B_k9_1od_x1.0,init,6,7,0.058823529411764705
B_k9_1od_x1.0,init,6,8,0.2
B_k9_1od_x1.0,init,6,9,0.125
B_k9_1od_x1.0,init,7,8,0.125
B_k9_1od_x1.0,init,7,9,0.2
B_k9_1od_x1.0,init,8,9,0.125
B_k9_1od_x1.0,mutation,0,1,0.125
B_k9_1od_x1.0,mutation,0,2,0.125
B_k9_1od_x1.0,mutation,0,3,0.125
B_k9_1od_x1.0,mutation,0,4,0.2
B_k9_1od_x1.0,mutation,0,5,0.125
B_k9_1od_x1.0,mutation,0,6,0.125
B_k9_1od_x1.0,mutation,0,7,0.125
B_k9_1od_x1.0,mutation,0,8,0.125
B_k9_1od_x1.0,mutation,0,9,0.2
B_k9_1od_x1.0,mutation,1,2,0.058823529411764705
B_k9_1od_x1.0,mutation,1,3,0.125
B_k9_1od_x1.0,mutation,1,4,0.0
B_k9_1od_x1.0,mutation,1,5,0.058823529411764705
B_k9_1od_x1.0,mutation,1,6,0.0
B_k9_1od_x1.0,mutation,1,7,0.058823529411764705
B_k9_1od_x1.0,mutation,1,8,0.0
B_k9_1od_x1.0,mutation,1,9,0.0
B_k9_1od_x1.0,mutation,2,3,0.125
B_k9_1od_x1.0,mutation,2,4,0.058823529411764705
B_k9_1od_x1.0,mutation,2,5,0.125
B_k9_1od_x1.0,mutation,2,6,0.125
B_k9_1od_x1.0,mutation,2,7,0.125
B_k9_1od_x1.0,mutation,2,8,0.125
B_k9_1od_x1.0,mutation,2,9,0.125
B_k9_1od_x1.0,mutation,3,4,0.125
B_k9_1od_x1.0,mutation,3,5,0.058823529411764705
B_k9_1od_x1.0,mutation,3,6,0.125
B_k9_1od_x1.0,mutation,3,7,0.125
B_k9_1od_x1.0,mutation,3,8,0.125
B_k9_1od_x1.0,mutation,3,9,0.125
B_k9_1od_x1.0,mutation,4,5,0.125
B_k9_1od_x1.0,mutation,4,6,0.2
B_k9_1od_x1.0,mutation,4,7,0.125
B_k9_1od_x1.0,mutation,4,8,0.2
B_k9_1od_x1.0,mutation,4,9,0.125
B_k9_1od_x1.0,mutation,5,6,0.125
B_k9_1od_x1.0,mutation,5,7,0.058823529411764705
B_k9_1od_x1.0,mutation,5,8,0.058823529411764705
B_k9_1od_x1.0,mutation,5,9,0.125
B_k9_1od_x1.0,mutation,6,7,0.2857142857142857
B_k9_1od_x1.0,mutation,6,8,0.2
B_k9_1od_x1.0,mutation,6,9,0.125
B_k9_1od_x1.0,mutation,7,8,0.125
B_k9_1od_x1.0,mutation,7,9,0.2
B_k9_1od_x1.0,mutation,8,9,0.2
B_k9_1od_x1.0,none,0,1,0.058823529411764705
B_k9_1od_x1.0,none,0,2,0.0
B_k9_1od_x1.0,none,0,3,0.0
B_k9_1od_x1.0,none,0,4,0.125
B_k9_1od_x1.0,none,0,5,0.125
B_k9_1od_x1.0,none,0,6,0.058823529411764705
B_k9_1od_x1.0,none,0,7,0.0
B_k9_1od_x1.0,none,0,8,0.058823529411764705
B_k9_1od_x1.0,none,0,9,0.0
B_k9_1od_x1.0,none,1,2,0.125
B_k9_1od_x1.0,none,1,3,0.0
B_k9_1od_x1.0,none,1,4,0.125
B_k9_1od_x1.0,none,1,5,0.058823529411764705
B_k9_1od_x1.0,none,1,6,0.125
B_k9_1od_x1.0,none,1,7,0.125
B_k9_1od_x1.0,none,1,8,0.125
B_k9_1od_x1.0,none,1,9,0.058823529411764705
B_k9_1od_x1.0,none,2,3,0.125
B_k9_1od_x1.0,none,2,4,0.125
B_k9_1od_x1.0,none,2,5,0.058823529411764705
B_k9_1od_x1.0,none,2,6,0.058823529411764705
B_k9_1od_x1.0,none,2,7,0.2
B_k9_1od_x1.0,none,2,8,0.058823529411764705
B_k9_1od_x1.0,none,2,9,0.125
B_k9_1od_x1.0,none,3,4,0.125
B_k9_1od_x1.0,none,3,5,0.058823529411764705
B_k9_1od_x1.0,none,3,6,0.0
B_k9_1od_x1.0,none,3,7,0.125
B_k9_1od_x1.0,none,3,8,0.125
B_k9_1od_x1.0,none,3,9,0.058823529411764705
B_k9_1od_x1.0,none,4,5,0.125
B_k9_1od_x1.0,none,4,6,0.058823529411764705
B_k9_1od_x1.0,none,4,7,0.058823529411764705
B_k9_1od_x1.0,none,4,8,0.058823529411764705
B_k9_1od_x1.0,none,4,9,0.058823529411764705
B_k9_1od_x1.0,none,5,6,0.125
B_k9_1od_x1.0,none,5,7,0.058823529411764705
B_k9_1od_x1.0,none,5,8,0.058823529411764705
B_k9_1od_x1.0,none,5,9,0.125
B_k9_1od_x1.0,none,6,7,0.058823529411764705
B_k9_1od_x1.0,none,6,8,0.125
B_k9_1od_x1.0,none,6,9,0.0
B_k9_1od_x1.0,none,7,8,0.058823529411764705
B_k9_1od_x1.0,none,7,9,0.2
B_k9_1od_x1.0,none,8,9,0.058823529411764705
B_k9_1od_x1.2,both,0,1,0.125
B_k9_1od_x1.2,both,0,2,0.2
B_k9_1od_x1.2,both,0,3,0.2
B_k9_1od_x1.2,both,0,4,0.125
B_k9_1od_x1.2,both,0,5,0.058823529411764705
B_k9_1od_x1.2,both,0,6,0.125
B_k9_1od_x1.2,both,0,7,0.2857142857142857
B_k9_1od_x1.2,both,0,8,0.2857142857142857
B_k9_1od_x1.2,both,0,9,0.125
B_k9_1od_x1.2,both,1,2,0.125
B_k9_1od_x1.2,both,1,3,0.058823529411764705
B_k9_1od_x1.2,both,1,4,0.2
B_k9_1od_x1.2,both,1,5,0.058823529411764705
B_k9_1od_x1.2,both,1,6,0.058823529411764705
B_k9_1od_x1.2,both,1,7,0.125
B_k9_1od_x1.2,both,1,8,0.125
B_k9_1od_x1.2,both,1,9,0.125
B_k9_1od_x1.2,both,2,3,0.125
B_k9_1od_x1.2,both,2,4,0.2
B_k9_1od_x1.2,both,2,5,0.125
B_k9_1od_x1.2,both,2,6,0.2857142857142857
B_k9_1od_x1.2,both,2,7,0.2
B_k9_1od_x1.2,both,2,8,0.125
B_k9_1od_x1.2,both,2,9,0.125
B_k9_1od_x1.2,both,3,4,0.058823529411764705
B_k9_1od_x1.2,both,3,5,0.2
B_k9_1od_x1.2,both,3,6,0.2
B_k9_1od_x1.2,both,3,7,0.2
B_k9_1od_x1.2,both,3,8,0.2
B_k9_1od_x1.2,both,3,9,0.2
B_k9_1od_x1.2,both,4,5,0.125
B_k9_1od_x1.2,both,4,6,0.058823529411764705
B_k9_1od_x1.2,both,4,7,0.2
B_k9_1od_x1.2,both,4,8,0.2
B_k9_1od_x1.2,both,4,9,0.058823529411764705
B_k9_1od_x1.2,both,5,6,0.2857142857142857
B_k9_1od_x1.2,both,5,7,0.2857142857142857
B_k9_1od_x1.2,both,5,8,0.2
B_k9_1od_x1.2,both,5,9,0.2
B_k9_1od_x1.2,both,6,7,0.2
B_k9_1od_x1.2,both,6,8,0.125
B_k9_1od_x1.2,both,6,9,0.125
B_k9_1od_x1.2,both,7,8,0.2
B_k9_1od_x1.2,both,7,9,0.125
B_k9_1od_x1.2,both,8,9,0.125
B_k9_1od_x1.2,init,0,1,0.2857142857142857
B_k9_1od_x1.2,init,0,2,0.2
B_k9_1od_x1.2,init,0,3,0.058823529411764705
B_k9_1od_x1.2,init,0,4,0.125
B_k9_1od_x1.2,init,0,5,0.125
B_k9_1od_x1.2,init,0,6,0.125
B_k9_1od_x1.2,init,0,7,0.2
B_k9_1od_x1.2,init,0,8,0.125
B_k9_1od_x1.2,init,0,9,0.0
B_k9_1od_x1.2,init,1,2,0.2
B_k9_1od_x1.2,init,1,3,0.058823529411764705
B_k9_1od_x1.2,init,1,4,0.125
B_k9_1od_x1.2,init,1,5,0.058823529411764705
B_k9_1od_x1.2,init,1,6,0.125
B_k9_1od_x1.2,init,1,7,0.2857142857142857
B_k9_1od_x1.2,init,1,8,0.125
B_k9_1od_x1.2,init,1,9,0.0
B_k9_1od_x1.2,init,2,3,0.058823529411764705
B_k9_1od_x1.2,init,2,4,0.125
B_k9_1od_x1.2,init,2,5,0.058823529411764705
B_k9_1od_x1.2,init,2,6,0.058823529411764705
B_k9_1od_x1.2,init,2,7,0.125
B_k9_1od_x1.2,init,2,8,0.2
B_k9_1od_x1.2,init,2,9,0.0
B_k9_1od_x1.2,init,3,4,0.058823529411764705
B_k9_1od_x1.2,init,3,5,0.058823529411764705
B_k9_1od_x1.2,init,3,6,0.2857142857142857
B_k9_1od_x1.2,init,3,7,0.058823529411764705
B_k9_1od_x1.2,init,3,8,0.0
B_k9_1od_x1.2,init,3,9,0.0625
B_k9_1od_x1.2,init,4,5,0.125
B_k9_1od_x1.2,init,4,6,0.058823529411764705
B_k9_1od_x1.2,init,4,7,0.2
B_k9_1od_x1.2,init,4,8,0.2
B_k9_1od_x1.2,init,4,9,0.0
B_k9_1od_x1.2,init,5,6,0.125
B_k9_1od_x1.2,init,5,7,0.058823529411764705
B_k9_1od_x1.2,init,5,8,0.125
B_k9_1od_x1.2,init,5,9,0.13333333333333333
B_k9_1od_x1.2,init,6,7,0.2
B_k9_1od_x1.2,init,6,8,0.058823529411764705
B_k9_1od_x1.2,init,6,9,0.13333333333333333
B_k9_1od_x1.2,init,7,8,0.2
B_k9_1od_x1.2,init,7,9,0.0625
B_k9_1od_x1.2,init,8,9,0.0625
B_k9_1od_x1.2,mutation,0,1,0.058823529411764705
B_k9_1od_x1.2,mutation,0,2,0.125
B_k9_1od_x1.2,mutation,0,3,0.125
B_k9_1od_x1.2,mutation,0,4,0.058823529411764705
B_k9_1od_x1.2,mutation,0,5,0.058823529411764705
B_k9_1od_x1.2,mutation,0,6,0.125
B_k9_1od_x1.2,mutation,0,7,0.125
B_k9_1od_x1.2,mutation,0,8,0.2
B_k9_1od_x1.2,mutation,0,9,0.058823529411764705
B_k9_1od_x1.2,mutation,1,2,0.125
B_k9_1od_x1.2,mutation,1,3,0.125
B_k9_1od_x1.2,mutation,1,4,0.125
B_k9_1od_x1.2,mutation,1,5,0.2
B_k9_1od_x1.2,mutation,1,6,0.125
B_k9_1od_x1.2,mutation,1,7,0.2857142857142857
B_k9_1od_x1.2,mutation,1,8,0.125
B_k9_1od_x1.2,mutation,1,9,0.125
B_k9_1od_x1.2,mutation,2,3,0.2
B_k9_1od_x1.2,mutation,2,4,0.058823529411764705
B_k9_1od_x1.2,mutation,2,5,0.058823529411764705
B_k9_1od_x1.2,mutation,2,6,0.058823529411764705
B_k9_1od_x1.2,mutation,2,7,0.125
B_k9_1od_x1.2,mutation,2,8,0.125
B_k9_1od_x1.2,mutation,2,9,0.2
B_k9_1od_x1.2,mutation,3,4,0.125
B_k9_1od_x1.2,mutation,3,5,0.125
B_k9_1od_x1.2,mutation,3,6,0.125
B_k9_1od_x1.2,mutation,3,7,0.125
B_k9_1od_x1.2,mutation,3,8,0.2
B_k9_1od_x1.2,mutation,3,9,0.38461538461538464
B_k9_1od_x1.2,mutation,4,5,0.125
B_k9_1od_x1.2,mutation,4,6,0.125
B_k9_1od_x1.2,mutation,4,7,0.2
B_k9_1od_x1.2,mutation,4,8,0.2
B_k9_1od_x1.2,mutation,4,9,0.2857142857142857
B_k9_1od_x1.2,mutation,5,6,0.2
B_k9_1od_x1.2,mutation,5,7,0.2
B_k9_1od_x1.2,mutation,5,8,0.125
B_k9_1od_x1.2,mutation,5,9,0.2
B_k9_1od_x1.2,mutation,6,7,0.2
B_k9_1od_x1.2,mutation,6,8,0.125
B_k9_1od_x1.2,mutation,6,9,0.125
B_k9_1od_x1.2,mutation,7,8,0.125
B_k9_1od_x1.2,mutation,7,9,0.125
B_k9_1od_x1.2,mutation,8,9,0.2
B_k9_1od_x1.2,none,0,1,0.058823529411764705
B_k9_1od_x1.2,none,0,2,0.0
B_k9_1od_x1.2,none,0,3,0.058823529411764705
B_k9_1od_x1.2,none,0,4,0.07142857142857142
B_k9_1od_x1.2,none,0,5,0.125
B_k9_1od_x1.2,none,0,6,0.058823529411764705
B_k9_1od_x1.2,none,0,7,0.125
B_k9_1od_x1.2,none,0,8,0.2
B_k9_1od_x1.2,none,0,9,0.0
B_k9_1od_x1.2,none,1,2,0.125
B_k9_1od_x1.2,none,1,3,0.2857142857142857
B_k9_1od_x1.2,none,1,4,0.07142857142857142
B_k9_1od_x1.2,none,1,5,0.058823529411764705
B_k9_1od_x1.2,none,1,6,0.058823529411764705
B_k9_1od_x1.2,none,1,7,0.125
B_k9_1od_x1.2,none,1,8,0.2
B_k9_1od_x1.2,none,1,9,0.058823529411764705
B_k9_1od_x1.2,none,2,3,0.2
B_k9_1od_x1.2,none,2,4,0.0
B_k9_1od_x1.2,none,2,5,0.058823529411764705
B_k9_1od_x1.2,none,2,6,0.2
B_k9_1od_x1.2,none,2,7,0.125
B_k9_1od_x1.2,none,2,8,0.125
B_k9_1od_x1.2,none,2,9,0.058823529411764705
B_k9_1od_x1.2,none,3,4,0.0
B_k9_1od_x1.2,none,3,5,0.058823529411764705
B_k9_1od_x1.2,none,3,6,0.2
B_k9_1od_x1.2,none,3,7,0.125
B_k9_1od_x1.2,none,3,8,0.2
B_k9_1od_x1.2,none,3,9,0.125
B_k9_1od_x1.2,none,4,5,0.07142857142857142
B_k9_1od_x1.2,none,4,6,0.07142857142857142
B_k9_1od_x1.2,none,4,7,0.0
B_k9_1od_x1.2,none,4,8,0.0
B_k9_1od_x1.2,none,4,9,0.07142857142857142
B_k9_1od_x1.2,none,5,6,0.058823529411764705
B_k9_1od_x1.2,none,5,7,0.058823529411764705
B_k9_1od_x1.2,none,5,8,0.058823529411764705
B_k9_1od_x1.2,none,5,9,0.0
B_k9_1od_x1.2,none,6,7,0.2
B_k9_1od_x1.2,none,6,8,0.125
B_k9_1od_x1.2,none,6,9,0.125
B_k9_1od_x1.2,none,7,8,0.2
B_k9_1od_x1.2,none,7,9,0.125
B_k9_1od_x1.2,none,8,9,0.058823529411764705
B_k9_2od_x0.8,both,0,1,0.125
B_k9_2od_x0.8,both,0,2,0.125
B_k9_2od_x0.8,both,0,3,0.2
B_k9_2od_x0.8,both,0,4,0.2
B_k9_2od_x0.8,both,0,5,0.2
B_k9_2od_x0.8,both,0,6,0.2
B_k9_2od_x0.8,both,0,7,0.2
B_k9_2od_x0.8,both,0,8,0.058823529411764705
B_k9_2od_x0.8,both,0,9,0.2857142857142857
B_k9_2od_x0.8,both,1,2,0.058823529411764705
B_k9_2od_x0.8,both,1,3,0.125
B_k9_2od_x0.8,both,1,4,0.058823529411764705
B_k9_2od_x0.8,both,1,5,0.2
B_k9_2od_x0.8,both,1,6,0.125
B_k9_2od_x0.8,both,1,7,0.125
B_k9_2od_x0.8,both,1,8,0.058823529411764705
B_k9_2od_x0.8,both,1,9,0.058823529411764705
B_k9_2od_x0.8,both,2,3,0.2
B_k9_2od_x0.8,both,2,4,0.058823529411764705
B_k9_2od_x0.8,both,2,5,0.125
B_k9_2od_x0.8,both,2,6,0.2
B_k9_2od_x0.8,both,2,7,0.058823529411764705
B_k9_2od_x0.8,both,2,8,0.125
B_k9_2od_x0.8,both,2,9,0.2
B_k9_2od_x0.8,both,3,4,0.125
B_k9_2od_x0.8,both,3,5,0.125
B_k9_2od_x0.8,both,3,6,0.2857142857142857
B_k9_2od_x0.8,both,3,7,0.125
B_k9_2od_x0.8,both,3,8,0.125
B_k9_2od_x0.8,both,3,9,0.2
B_k9_2od_x0.8,both,4,5,0.125
B_k9_2od_x0.8,both,4,6,0.125
B_k9_2od_x0.8,both,4,7,0.2
B_k9_2od_x0.8,both,4,8,0.058823529411764705
B_k9_2od_x0.8,both,4,9,0.2
B_k9_2od_x0.8,both,5,6,0.2
B_k9_2od_x0.8,both,5,7,0.2
B_k9_2od_x0.8,both,5,8,0.125
B_k9_2od_x0.8,both,5,9,0.2
B_k9_2od_x0.8,both,6,7,0.2
B_k9_2od_x0.8,both,6,8,0.125
B_k9_2od_x0.8,both,6,9,0.2857142857142857
B_k9_2od_x0.8,both,7,8,0.125
B_k9_2od_x0.8,both,7,9,0.125
B_k9_2od_x0.8,both,8,9,0.2
B_k9_2od_x0.8,init,0,1,0.125
B_k9_2od_x0.8,init,0,2,0.07692307692307693
B_k9_2od_x0.8,init,0,3,0.125
B_k9_2od_x0.8,init,0,4,0.125
B_k9_2od_x0.8,init,0,5,0.125
B_k9_2od_x0.8,init,0,6,0.2
B_k9_2od_x0.8,init,0,7,0.07142857142857142
B_k9_2od_x0.8,init,0,8,0.125
B_k9_2od_x0.8,init,0,9,0.125
B_k9_2od_x0.8,init,1,2,0.07692307692307693
B_k9_2od_x0.8,init,1,3,0.125
B_k9_2od_x0.8,init,1,4,0.2
B_k9_2od_x0.8,init,1,5,0.125
B_k9_2od_x0.8,init,1,6,0.058823529411764705
B_k9_2od_x0.8,init,1,7,0.07142857142857142
B_k9_2od_x0.8,init,1,8,0.125
B_k9_2od_x0.8,init,1,9,0.125
B_k9_2od_x0.8,init,2,3,0.07692307692307693
B_k9_2od_x0.8,init,2,4,0.07692307692307693
B_k9_2od_x0.8,init,2,5,0.16666666666666666
B_k9_2od_x0.8,init,2,6,0.07692307692307693
B_k9_2od_x0.8,init,2,7,0.2222222222222222
B_k9_2od_x0.8,init,2,8,0.16666666666666666
B_k9_2od_x0.8,init,2,9,0.07692307692307693
B_k9_2od_x0.8,init,3,4,0.125
B_k9_2od_x0.8,init,3,5,0.125
B_k9_2od_x0.8,init,3,6,0.125
B_k9_2od_x0.8,init,3,7,0.15384615384615385
B_k9_2od_x0.8,init,3,8,0.2
B_k9_2od_x0.8,init,3,9,0.058823529411764705
B_k9_2od_x0.8,init,4,5,0.058823529411764705
B_k9_2od_x0.8,init,4,6,0.058823529411764705
B_k9_2od_x0.8,init,4,7,0.07142857142857142
B_k9_2od_x0.8,init,4,8,0.125
B_k9_2od_x0.8,init,4,9,0.2
B_k9_2od_x0.8,init,5,6,0.125
B_k9_2od_x0.8,init,5,7,0.07142857142857142
B_k9_2od_x0.8,init,5,8,0.058823529411764705
B_k9_2od_x0.8,init,5,9,0.058823529411764705
B_k9_2od_x0.8,init,6,7,0.07142857142857142
B_k9_2od_x0.8,init,6,8,0.125
B_k9_2od_x0.8,init,6,9,0.125
B_k9_2od_x0.8,init,7,8,0.07142857142857142
B_k9_2od_x0.8,init,7,9,0.07142857142857142
B_k9_2od_x0.8,init,8,9,0.058823529411764705
B_k9_2od_x0.8,mutation,0,1,0.2
B_k9_2od_x0.8,mutation,0,2,0.125
B_k9_2od_x0.8,mutation,0,3,0.058823529411764705
B_k9_2od_x0.8,mutation,0,4,0.125
B_k9_2od_x0.8,mutation,0,5,0.058823529411764705
B_k9_2od_x0.8,mutation,0,6,0.058823529411764705
B_k9_2od_x0.8,mutation,0,7,0.058823529411764705
B_k9_2od_x0.8,mutation,0,8,0.058823529411764705
B_k9_2od_x0.8,mutation,0,9,0.2727272727272727
B_k9_2od_x0.8,mutation,1,2,0.125
B_k9_2od_x0.8,mutation,1,3,0.125
B_k9_2od_x0.8,mutation,1,4,0.125
B_k9_2od_x0.8,mutation,1,5,0.2
B_k9_2od_x0.8,mutation,1,6,0.125
B_k9_2od_x0.8,mutation,1,7,0.125
B_k9_2od_x0.8,mutation,1,8,0.058823529411764705
B_k9_2od_x0.8,mutation,1,9,0.16666666666666666
B_k9_2od_x0.8,mutation,2,3,0.125
B_k9_2od_x0.8,mutation,2,4,0.2
B_k9_2od_x0.8,mutation,2,5,0.058823529411764705
B_k9_2od_x0.8,mutation,2,6,0.058823529411764705
B_k9_2od_x0.8,mutation,2,7,0.2857142857142857
B_k9_2od_x0.8,mutation,2,8,0.2
B_k9_2od_x0.8,mutation,2,9,0.07692307692307693
B_k9_2od_x0.8,mutation,3,4,0.125
B_k9_2od_x0.8,mutation,3,5,0.2857142857142857
B_k9_2od_x0.8,mutation,3,6,0.2
B_k9_2od_x0.8,mutation,3,7,0.125
B_k9_2od_x0.8,mutation,3,8,0.2857142857142857
B_k9_2od_x0.8,mutation,3,9,0.07692307692307693
B_k9_2od_x0.8,mutation,4,5,0.058823529411764705
B_k9_2od_x0.8,mutation,4,6,0.058823529411764705
B_k9_2od_x0.8,mutation,4,7,0.125
B_k9_2od_x0.8,mutation,4,8,0.125
B_k9_2od_x0.8,mutation,4,9,0.07692307692307693
B_k9_2od_x0.8,mutation,5,6,0.125
B_k9_2od_x0.8,mutation,5,7,0.2857142857142857
B_k9_2od_x0.8,mutation,5,8,0.2857142857142857
B_k9_2od_x0.8,mutation,5,9,0.07692307692307693
B_k9_2od_x0.8,mutation,6,7,0.058823529411764705
B_k9_2od_x0.8,mutation,6,8,0.125
B_k9_2od_x0.8,mutation,6,9,0.07692307692307693
B_k9_2od_x0.8,mutation,7,8,0.2857142857142857
B_k9_2od_x0.8,mutation,7,9,0.16666666666666666
B_k9_2od_x0.8,mutation,8,9,0.07692307692307693
B_k9_2od_x0.8,none,0,1,0.125
B_k9_2od_x0.8,none,0,2,0.2
B_k9_2od_x0.8,none,0,3,0.125
B_k9_2od_x0.8,none,0,4,0.125
B_k9_2od_x0.8,none,0,5,0.38461538461538464
B_k9_2od_x0.8,none,0,6,0.125
B_k9_2od_x0.8,none,0,7,0.125
B_k9_2od_x0.8,none,0,8,0.125
B_k9_2od_x0.8,none,0,9,0.125
B_k9_2od_x0.8,none,1,2,0.058823529411764705
B_k9_2od_x0.8,none,1,3,0.125
B_k9_2od_x0.8,none,1,4,0.058823529411764705
B_k9_2od_x0.8,none,1,5,0.058823529411764705
B_k9_2od_x0.8,none,1,6,0.058823529411764705
B_k9_2od_x0.8,none,1,7,0.058823529411764705
B_k9_2od_x0.8,none,1,8,0.058823529411764705
B_k9_2od_x0.8,none,1,9,0.125
B_k9_2od_x0.8,none,2,3,0.058823529411764705
B_k9_2od_x0.8,none,2,4,0.125
B_k9_2od_x0.8,none,2,5,0.2
B_k9_2od_x0.8,none,2,6,0.125
B_k9_2od_x0.8,none,2,7,0.2
B_k9_2od_x0.8,none,2,8,0.125
B_k9_2od_x0.8,none,2,9,0.2857142857142857
B_k9_2od_x0.8,none,3,4,0.058823529411764705
B_k9_2od_x0.8,none,3,5,0.125
B_k9_2od_x0.8,none,3,6,0.125
B_k9_2od_x0.8,none,3,7,0.125
B_k9_2od_x0.8,none,3,8,0.058823529411764705
B_k9_2od_x0.8,none,3,9,0.125
B_k9_2od_x0.8,none,4,5,0.125
B_k9_2od_x0.8,none,4,6,0.125
B_k9_2od_x0.8,none,4,7,0.058823529411764705
B_k9_2od_x0.8,none,4,8,0.2857142857142857
B_k9_2od_x0.8,none,4,9,0.058823529411764705
B_k9_2od_x0.8,none,5,6,0.125
B_k9_2od_x0.8,none,5,7,0.058823529411764705
B_k9_2od_x0.8,none,5,8,0.2
B_k9_2od_x0.8,none,5,9,0.125
B_k9_2od_x0.8,none,6,7,0.125
B_k9_2od_x0.8,none,6,8,0.125
B_k9_2od_x0.8,none,6,9,0.125
B_k9_2od_x0.8,none,7,8,0.125
B_k9_2od_x0.8,none,7,9,0.125
B_k9_2od_x0.8,none,8,9,0.125
B_k9_2od_x1.0,both,0,1,0.2857142857142857
B_k9_2od_x1.0,both,0,2,0.125
B_k9_2od_x1.0,both,0,3,0.125
B_k9_2od_x1.0,both,0,4,0.2857142857142857
B_k9_2od_x1.0,both,0,5,0.058823529411764705
B_k9_2od_x1.0,both,0,6,0.058823529411764705
B_k9_2od_x1.0,both,0,7,0.2
B_k9_2od_x1.0,both,0,8,0.125
B_k9_2od_x1.0,both,0,9,0.125
B_k9_2od_x1.0,both,1,2,0.2
B_k9_2od_x1.0,both,1,3,0.125
B_k9_2od_x1.0,both,1,4,0.058823529411764705
B_k9_2od_x1.0,both,1,5,0.2
B_k9_2od_x1.0,both,1,6,0.058823529411764705
B_k9_2od_x1.0,both,1,7,0.2857142857142857
B_k9_2od_x1.0,both,1,8,0.058823529411764705
B_k9_2od_x1.0,both,1,9,0.2857142857142857
B_k9_2od_x1.0,both,2,3,0.125
B_k9_2od_x1.0,both,2,4,0.058823529411764705
B_k9_2od_x1.0,both,2,5,0.058823529411764705
B_k9_2od_x1.0,both,2,6,0.058823529411764705
B_k9_2od_x1.0,both,2,7,0.2
B_k9_2od_x1.0,both,2,8,0.058823529411764705
B_k9_2od_x1.0,both,2,9,0.2
B_k9_2od_x1.0,both,3,4,0.38461538461538464
B_k9_2od_x1.0,both,3,5,0.125
B_k9_2od_x1.0,both,3,6,0.125
B_k9_2od_x1.0,both,3,7,0.2
B_k9_2od_x1.0,both,3,8,0.125
B_k9_2od_x1.0,both,3,9,0.2
B_k9_2od_x1.0,both,4,5,0.125
B_k9_2od_x1.0,both,4,6,0.125
B_k9_2od_x1.0,both,4,7,0.2
B_k9_2od_x1.0,both,4,8,0.125
B_k9_2od_x1.0,both,4,9,0.058823529411764705
B_k9_2od_x1.0,both,5,6,0.125
B_k9_2od_x1.0,both,5,7,0.125
B_k9_2od_x1.0,both,5,8,0.058823529411764705
B_k9_2od_x1.0,both,5,9,0.2
B_k9_2od_x1.0,both,6,7,0.058823529411764705
B_k9_2od_x1.0,both,6,8,0.125
B_k9_2od_x1.0,both,6,9,0.125
B_k9_2od_x1.0,both,7,8,0.0
B_k9_2od_x1.0,both,7,9,0.38461538461538464
B_k9_2od_x1.0,both,8,9,0.125
B_k9_2od_x1.0,init,0,1,0.058823529411764705
B_k9_2od_x1.0,init,0,2,0.125
B_k9_2od_x1.0,init,0,3,0.058823529411764705
B_k9_2od_x1.0,init,0,4,0.058823529411764705
B_k9_2od_x1.0,init,0,5,0.125
B_k9_2od_x1.0,init,0,6,0.058823529411764705
B_k9_2od_x1.0,init,0,7,0.058823529411764705
B_k9_2od_x1.0,init,0,8,0.058823529411764705
B_k9_2od_x1.0,init,0,9,0.125
B_k9_2od_x1.0,init,1,2,0.058823529411764705
B_k9_2od_x1.0,init,1,3,0.125
B_k9_2od_x1.0,init,1,4,0.2
B_k9_2od_x1.0,init,1,5,0.058823529411764705
B_k9_2od_x1.0,init,1,6,0.38461538461538464
B_k9_2od_x1.0,init,1,7,0.058823529411764705
B_k9_2od_x1.0,init,1,8,0.125
B_k9_2od_x1.0,init,1,9,0.125
B_k9_2od_x1.0,init,2,3,0.058823529411764705
B_k9_2od_x1.0,init,2,4,0.125
B_k9_2od_x1.0,init,2,5,0.2857142857142857
B_k9_2od_x1.0,init,2,6,0.125
B_k9_2od_x1.0,init,2,7,0.125
B_k9_2od_x1.0,init,2,8,0.058823529411764705
B_k9_2od_x1.0,init,2,9,0.058823529411764705
B_k9_2od_x1.0,init,3,4,0.058823529411764705
B_k9_2od_x1.0,init,3,5,0.058823529411764705
B_k9_2od_x1.0,init,3,6,0.2
B_k9_2od_x1.0,init,3,7,0.125
B_k9_2od_x1.0,init,3,8,0.125
B_k9_2od_x1.0,init,3,9,0.058823529411764705
B_k9_2od_x1.0,init,4,5,0.2
B_k9_2od_x1.0,init,4,6,0.125
B_k9_2od_x1.0,init,4,7,0.058823529411764705
B_k9_2od_x1.0,init,4,8,0.058823529411764705
B_k9_2od_x1.0,init,4,9,0.125
B_k9_2od_x1.0,init,5,6,0.125
B_k9_2od_x1.0,init,5,7,0.058823529411764705
B_k9_2od_x1.0,init,5,8,0.058823529411764705
B_k9_2od_x1.0,init,5,9,0.058823529411764705
B_k9_2od_x1.0,init,6,7,0.058823529411764705
B_k9_2od_x1.0,init,6,8,0.125
B_k9_2od_x1.0,init,6,9,0.125
B_k9_2od_x1.0,init,7,8,0.125
B_k9_2od_x1.0,init,7,9,0.2
B_k9_2od_x1.0,init,8,9,0.058823529411764705
B_k9_2od_x1.0,mutation,0,1,0.38461538461538464
B_k9_2od_x1.0,mutation,0,2,0.058823529411764705
B_k9_2od_x1.0,mutation,0,3,0.125
B_k9_2od_x1.0,mutation,0,4,0.125
B_k9_2od_x1.0,mutation,0,5,0.125
B_k9_2od_x1.0,mutation,0,6,0.058823529411764705
B_k9_2od_x1.0,mutation,0,7,0.125
B_k9_2od_x1.0,mutation,0,8,0.125
B_k9_2od_x1.0,mutation,0,9,0.2
B_k9_2od_x1.0,mutation,1,2,0.058823529411764705
B_k9_2od_x1.0,mutation,1,3,0.0
B_k9_2od_x1.0,mutation,1,4,0.0
B_k9_2od_x1.0,mutation,1,5,0.058823529411764705
B_k9_2od_x1.0,mutation,1,6,0.058823529411764705
B_k9_2od_x1.0,mutation,1,7,0.125
B_k9_2od_x1.0,mutation,1,8,0.125
B_k9_2od_x1.0,mutation,1,9,0.058823529411764705
B_k9_2od_x1.0,mutation,2,3,0.2
B_k9_2od_x1.0,mutation,2,4,0.2857142857142857
B_k9_2od_x1.0,mutation,2,5,0.125
B_k9_2od_x1.0,mutation,2,6,0.058823529411764705
B_k9_2od_x1.0,mutation,2,7,0.2
B_k9_2od_x1.0,mutation,2,8,0.2
B_k9_2od_x1.0,mutation,2,9,0.2
B_k9_2od_x1.0,mutation,3,4,0.2
B_k9_2od_x1.0,mutation,3,5,0.2
B_k9_2od_x1.0,mutation,3,6,0.058823529411764705
B_k9_2od_x1.0,mutation,3,7,0.2857142857142857
B_k9_2od_x1.0,mutation,3,8,0.125
B_k9_2od_x1.0,mutation,3,9,0.2
B_k9_2od_x1.0,mutation,4,5,0.2
B_k9_2od_x1.0,mutation,4,6,0.058823529411764705
B_k9_2od_x1.0,mutation,4,7,0.125
B_k9_2od_x1.0,mutation,4,8,0.125
B_k9_2od_x1.0,mutation,4,9,0.2857142857142857
B_k9_2od_x1.0,mutation,5,6,0.125
B_k9_2od_x1.0,mutation,5,7,0.2857142857142857
B_k9_2od_x1.0,mutation,5,8,0.058823529411764705
B_k9_2od_x1.0,mutation,5,9,0.2
B_k9_2od_x1.0,mutation,6,7,0.125
B_k9_2od_x1.0,mutation,6,8,0.125
B_k9_2od_x1.0,mutation,6,9,0.058823529411764705
B_k9_2od_x1.0,mutation,7,8,0.2
B_k9_2od_x1.0,mutation,7,9,0.2
B_k9_2od_x1.0,mutation,8,9,0.2
B_k9_2od_x1.0,none,0,1,0.125
B_k9_2od_x1.0,none,0,2,0.2
B_k9_2od_x1.0,none,0,3,0.125
B_k9_2od_x1.0,none,0,4,0.058823529411764705
B_k9_2od_x1.0,none,0,5,0.125
B_k9_2od_x1.0,none,0,6,0.058823529411764705
B_k9_2od_x1.0,none,0,7,0.125
B_k9_2od_x1.0,none,0,8,0.058823529411764705
B_k9_2od_x1.0,none,0,9,0.2
B_k9_2od_x1.0,none,1,2,0.125
B_k9_2od_x1.0,none,1,3,0.125
B_k9_2od_x1.0,none,1,4,0.2
B_k9_2od_x1.0,none,1,5,0.2
B_k9_2od_x1.0,none,1,6,0.058823529411764705
B_k9_2od_x1.0,none,1,7,0.2
B_k9_2od_x1.0,none,1,8,0.125
B_k9_2od_x1.0,none,1,9,0.058823529411764705
B_k9_2od_x1.0,none,2,3,0.2
B_k9_2od_x1.0,none,2,4,0.125
B_k9_2od_x1.0,none,2,5,0.2
B_k9_2od_x1.0,none,2,6,0.058823529411764705
B_k9_2od_x1.0,none,2,7,0.2857142857142857
B_k9_2od_x1.0,none,2,8,0.125
B_k9_2od_x1.0,none,2,9,0.058823529411764705
B_k9_2od_x1.0,none,3,4,0.058823529411764705
B_k9_2od_x1.0,none,3,5,0.125
B_k9_2od_x1.0,none,3,6,0.125
B_k9_2od_x1.0,none,3,7,0.125
B_k9_2od_x1.0,none,3,8,0.125
B_k9_2od_x1.0,none,3,9,0.058823529411764705
B_k9_2od_x1.0,none,4,5,0.058823529411764705
B_k9_2od_x1.0,none,4,6,0.058823529411764705
B_k9_2od_x1.0,none,4,7,0.058823529411764705
B_k9_2od_x1.0,none,4,8,0.125
B_k9_2od_x1.0,none,4,9,0.058823529411764705
B_k9_2od_x1.0,none,5,6,0.125
B_k9_2od_x1.0,none,5,7,0.2
B_k9_2od_x1.0,none,5,8,0.125
B_k9_2od_x1.0,none,5,9,0.058823529411764705
B_k9_2od_x1.0,none,6,7,0.125
B_k9_2od_x1.0,none,6,8,0.125
B_k9_2od_x1.0,none,6,9,0.2
B_k9_2od_x1.0,none,7,8,0.125
B_k9_2od_x1.0,none,7,9,0.058823529411764705
B_k9_2od_x1.0,none,8,9,0.058823529411764705
B_k9_2od_x1.2,both,0,1,0.058823529411764705
B_k9_2od_x1.2,both,0,2,0.058823529411764705
B_k9_2od_x1.2,both,0,3,0.058823529411764705
B_k9_2od_x1.2,both,0,4,0.058823529411764705
B_k9_2od_x1.2,both,0,5,0.058823529411764705
B_k9_2od_x1.2,both,0,6,0.058823529411764705
B_k9_2od_x1.2,both,0,7,0.058823529411764705
B_k9_2od_x1.2,both,0,8,0.0
B_k9_2od_x1.2,both,0,9,0.2
B_k9_2od_x1.2,both,1,2,0.125
B_k9_2od_x1.2,both,1,3,0.058823529411764705
B_k9_2od_x1.2,both,1,4,0.38461538461538464
B_k9_2od_x1.2,both,1,5,0.0
B_k9_2od_x1.2,both,1,6,0.058823529411764705
B_k9_2od_x1.2,both,1,7,0.058823529411764705
B_k9_2od_x1.2,both,1,8,0.125
B_k9_2od_x1.2,both,1,9,0.2
B_k9_2od_x1.2,both,2,3,0.058823529411764705
B_k9_2od_x1.2,both,2,4,0.125
B_k9_2od_x1.2,both,2,5,0.058823529411764705
B_k9_2od_x1.2,both,2,6,0.0
B_k9_2od_x1.2,both,2,7,0.058823529411764705
B_k9_2od_x1.2,both,2,8,0.2
B_k9_2od_x1.2,both,2,9,0.0
B_k9_2od_x1.2,both,3,4,0.058823529411764705
B_k9_2od_x1.2,both,3,5,0.058823529411764705
B_k9_2od_x1.2,both,3,6,0.0
B_k9_2od_x1.2,both,3,7,0.2
B_k9_2od_x1.2,both,3,8,0.125
B_k9_2od_x1.2,both,3,9,0.0
B_k9_2od_x1.2,both,4,5,0.058823529411764705
B_k9_2od_x1.2,both,4,6,0.125
B_k9_2od_x1.2,both,4,7,0.058823529411764705
B_k9_2od_x1.2,both,4,8,0.058823529411764705
B_k9_2od_x1.2,both,4,9,0.2857142857142857
B_k9_2od_x1.2,both,5,6,0.38461538461538464
B_k9_2od_x1.2,both,5,7,0.058823529411764705
B_k9_2od_x1.2,both,5,8,0.058823529411764705
B_k9_2od_x1.2,both,5,9,0.058823529411764705
B_k9_2od_x1.2,both,6,7,0.058823529411764705
B_k9_2od_x1.2,both,6,8,0.058823529411764705
B_k9_2od_x1.2,both,6,9,0.2
B_k9_2od_x1.2,both,7,8,0.2
B_k9_2od_x1.2,both,7,9,0.0
B_k9_2od_x1.2,both,8,9,0.0
B_k9_2od_x1.2,init,0,1,0.058823529411764705
B_k9_2od_x1.2,init,0,2,0.0
B_k9_2od_x1.2,init,0,3,0.0
B_k9_2od_x1.2,init,0,4,0.058823529411764705
B_k9_2od_x1.2,init,0,5,0.125
B_k9_2od_x1.2,init,0,6,0.2
B_k9_2od_x1.2,init,0,7,0.125
B_k9_2od_x1.2,init,0,8,0.058823529411764705
B_k9_2od_x1.2,init,0,9,0.058823529411764705
B_k9_2od_x1.2,init,1,2,0.0
B_k9_2od_x1.2,init,1,3,0.2
B_k9_2od_x1.2,init,1,4,0.125
B_k9_2od_x1.2,init,1,5,0.0
B_k9_2od_x1.2,init,1,6,0.058823529411764705
B_k9_2od_x1.2,init,1,7,0.058823529411764705
B_k9_2od_x1.2,init,1,8,0.058823529411764705
B_k9_2od_x1.2,init,1,9,0.058823529411764705
B_k9_2od_x1.2,init,2,3,0.0
B_k9_2od_x1.2,init,2,4,0.058823529411764705
B_k9_2od_x1.2,init,2,5,0.058823529411764705
B_k9_2od_x1.2,init,2,6,0.058823529411764705
B_k9_2od_x1.2,init,2,7,0.125
B_k9_2od_x1.2,init,2,8,0.2
B_k9_2od_x1.2,init,2,9,0.2
B_k9_2od_x1.2,init,3,4,0.125
B_k9_2od_x1.2,init,3,5,0.125
B_k9_2od_x1.2,init,3,6,0.0
B_k9_2od_x1.2,init,3,7,0.0
B_k9_2od_x1.2,init,3,8,0.125
B_k9_2od_x1.2,init,3,9,0.125
B_k9_2od_x1.2,init,4,5,0.125
B_k9_2od_x1.2,init,4,6,0.058823529411764705
B_k9_2od_x1.2,init,4,7,0.058823529411764705
B_k9_2od_x1.2,init,4,8,0.125
B_k9_2od_x1.2,init,4,9,0.058823529411764705
B_k9_2od_x1.2,init,5,6,0.058823529411764705
B_k9_2od_x1.2,init,5,7,0.058823529411764705
B_k9_2od_x1.2,init,5,8,0.2
B_k9_2od_x1.2,init,5,9,0.2
B_k9_2od_x1.2,init,6,7,0.125
B_k9_2od_x1.2,init,6,8,0.058823529411764705
B_k9_2od_x1.2,init,6,9,0.058823529411764705
B_k9_2od_x1.2,init,7,8,0.0
B_k9_2od_x1.2,init,7,9,0.2
B_k9_2od_x1.2,init,8,9,0.058823529411764705
B_k9_2od_x1.2,mutation,0,1,0.125
B_k9_2od_x1.2,mutation,0,2,0.058823529411764705
B_k9_2od_x1.2,mutation,0,3,0.2
B_k9_2od_x1.2,mutation,0,4,0.058823529411764705
B_k9_2od_x1.2,mutation,0,5,0.125
B_k9_2od_x1.2,mutation,0,6,0.125
B_k9_2od_x1.2,mutation,0,7,0.125
B_k9_2od_x1.2,mutation,0,8,0.125
B_k9_2od_x1.2,mutation,0,9,0.058823529411764705
B_k9_2od_x1.2,mutation,1,2,0.2857142857142857
B_k9_2od_x1.2,mutation,1,3,0.2
B_k9_2od_x1.2,mutation,1,4,0.2857142857142857
B_k9_2od_x1.2,mutation,1,5,0.125
B_k9_2od_x1.2,mutation,1,6,0.2
B_k9_2od_x1.2,mutation,1,7,0.058823529411764705
B_k9_2od_x1.2,mutation,1,8,0.2
B_k9_2od_x1.2,mutation,1,9,0.2
B_k9_2od_x1.2,mutation,2,3,0.125
B_k9_2od_x1.2,mutation,2,4,0.2
B_k9_2od_x1.2,mutation,2,5,0.058823529411764705
B_k9_2od_x1.2,mutation,2,6,0.058823529411764705
B_k9_2od_x1.2,mutation,2,7,0.058823529411764705
B_k9_2od_x1.2,mutation,2,8,0.2857142857142857
B_k9_2od_x1.2,mutation,2,9,0.2
B_k9_2od_x1.2,mutation,3,4,0.2
B_k9_2od_x1.2,mutation,3,5,0.2857142857142857
B_k9_2od_x1.2,mutation,3,6,0.2
B_k9_2od_x1.2,mutation,3,7,0.125
B_k9_2od_x1.2,mutation,3,8,0.125
B_k9_2od_x1.2,mutation,3,9,0.125
B_k9_2od_x1.2,mutation,4,5,0.058823529411764705
B_k9_2od_x1.2,mutation,4,6,0.058823529411764705
B_k9_2od_x1.2,mutation,4,7,0.0
B_k9_2od_x1.2,mutation,4,8,0.058823529411764705
B_k9_2od_x1.2,mutation,4,9,0.2
B_k9_2od_x1.2,mutation,5,6,0.125
B_k9_2od_x1.2,mutation,5,7,0.058823529411764705
B_k9_2od_x1.2,mutation,5,8,0.125
B_k9_2od_x1.2,mutation,5,9,0.125
B_k9_2od_x1.2,mutation,6,7,0.38461538461538464
B_k9_2od_x1.2,mutation,6,8,0.125
B_k9_2od_x1.2,mutation,6,9,0.0
B_k9_2od_x1.2,mutation,7,8,0.125
B_k9_2od_x1.2,mutation,7,9,0.0
B_k9_2od_x1.2,mutation,8,9,0.2
B_k9_2od_x1.2,none,0,1,0.058823529411764705
B_k9_2od_x1.2,none,0,2,0.125
B_k9_2od_x1.2,none,0,3,0.0
B_k9_2od_x1.2,none,0,4,0.058823529411764705
B_k9_2od_x1.2,none,0,5,0.058823529411764705
B_k9_2od_x1.2,none,0,6,0.125
B_k9_2od_x1.2,none,0,7,0.125
B_k9_2od_x1.2,none,0,8,0.058823529411764705
B_k9_2od_x1.2,none,0,9,0.058823529411764705
B_k9_2od_x1.2,none,1,2,0.058823529411764705
B_k9_2od_x1.2,none,1,3,0.125
B_k9_2od_x1.2,none,1,4,0.058823529411764705
B_k9_2od_x1.2,none,1,5,0.125
B_k9_2od_x1.2,none,1,6,0.058823529411764705
B_k9_2od_x1.2,none,1,7,0.0
B_k9_2od_x1.2,none,1,8,0.058823529411764705
B_k9_2od_x1.2,none,1,9,0.058823529411764705
B_k9_2od_x1.2,none,2,3,0.058823529411764705
B_k9_2od_x1.2,none,2,4,0.058823529411764705
B_k9_2od_x1.2,none,2,5,0.058823529411764705
B_k9_2od_x1.2,none,2,6,0.058823529411764705
B_k9_2od_x1.2,none,2,7,0.0
B_k9_2od_x1.2,none,2,8,0.0
B_k9_2od_x1.2,none,2,9,0.058823529411764705
B_k9_2od_x1.2,none,3,4,0.058823529411764705
B_k9_2od_x1.2,none,3,5,0.058823529411764705
B_k9_2od_x1.2,none,3,6,0.125
B_k9_2od_x1.2,none,3,7,0.058823529411764705
B_k9_2od_x1.2,none,3,8,0.058823529411764705
B_k9_2od_x1.2,none,3,9,0.058823529411764705
B_k9_2od_x1.2,none,4,5,0.0
B_k9_2od_x1.2,none,4,6,0.125
B_k9_2od_x1.2,none,4,7,0.058823529411764705
B_k9_2od_x1.2,none,4,8,0.0
B_k9_2od_x1.2,none,4,9,0.058823529411764705
B_k9_2od_x1.2,none,5,6,0.058823529411764705
B_k9_2od_x1.2,none,5,7,0.125
B_k9_2od_x1.2,none,5,8,0.058823529411764705
B_k9_2od_x1.2,none,5,9,0.0
B_k9_2od_x1.2,none,6,7,0.125
B_k9_2od_x1.2,none,6,8,0.0
B_k9_2od_x1.2,none,6,9,0.058823529411764705
B_k9_2od_x1.2,none,7,8,0.125
B_k9_2od_x1.2,none,7,9,0.058823529411764705
B_k9_2od_x1.2,none,8,9,0.058823529411764705
B_k9_3od_x0.8,both,0,1,0.058823529411764705
B_k9_3od_x0.8,both,0,2,0.2857142857142857
B_k9_3od_x0.8,both,0,3,0.125
B_k9_3od_x0.8,both,0,4,0.2857142857142857
B_k9_3od_x0.8,both,0,5,0.2857142857142857
B_k9_3od_x0.8,both,0,6,0.2
B_k9_3od_x0.8,both,0,7,0.058823529411764705
B_k9_3od_x0.8,both,0,8,0.0
B_k9_3od_x0.8,both,0,9,0.07692307692307693
B_k9_3od_x0.8,both,1,2,0.058823529411764705
B_k9_3od_x0.8,both,1,3,0.125
B_k9_3od_x0.8,both,1,4,0.125
B_k9_3od_x0.8,both,1,5,0.058823529411764705
B_k9_3od_x0.8,both,1,6,0.125
B_k9_3od_x0.8,both,1,7,0.125
B_k9_3od_x0.8,both,1,8,0.125
B_k9_3od_x0.8,both,1,9,0.16666666666666666
B_k9_3od_x0.8,both,2,3,0.125
B_k9_3od_x0.8,both,2,4,0.2857142857142857
B_k9_3od_x0.8,both,2,5,0.2
B_k9_3od_x0.8,both,2,6,0.2
B_k9_3od_x0.8,both,2,7,0.2
B_k9_3od_x0.8,both,2,8,0.0
B_k9_3od_x0.8,both,2,9,0.07692307692307693
B_k9_3od_x0.8,both,3,4,0.2
B_k9_3od_x0.8,both,3,5,0.38461538461538464
B_k9_3od_x0.8,both,3,6,0.058823529411764705
B_k9_3od_x0.8,both,3,7,0.2
B_k9_3od_x0.8,both,3,8,0.058823529411764705
B_k9_3od_x0.8,both,3,9,0.07692307692307693
B_k9_3od_x0.8,both,4,5,0.38461538461538464
B_k9_3od_x0.8,both,4,6,0.2857142857142857
B_k9_3od_x0.8,both,4,7,0.2
B_k9_3od_x0.8,both,4,8,0.125
B_k9_3od_x0.8,both,4,9,0.07692307692307693
B_k9_3od_x0.8,both,5,6,0.2
B_k9_3od_x0.8,both,5,7,0.2
B_k9_3od_x0.8,both,5,8,0.058823529411764705
B_k9_3od_x0.8,both,5,9,0.16666666666666666
B_k9_3od_x0.8,both,6,7,0.058823529411764705
B_k9_3od_x0.8,both,6,8,0.058823529411764705
B_k9_3od_x0.8,both,6,9,0.07692307692307693
B_k9_3od_x0.8,both,7,8,0.2857142857142857
B_k9_3od_x0.8,both,7,9,0.0
B_k9_3od_x0.8,both,8,9,0.07692307692307693
B_k9_3od_x0.8,init,0,1,0.058823529411764705
B_k9_3od_x0.8,init,0,2,0.125
B_k9_3od_x0.8,init,0,3,0.058823529411764705
B_k9_3od_x0.8,init,0,4,0.058823529411764705
B_k9_3od_x0.8,init,0,5,0.125
B_k9_3od_x0.8,init,0,6,0.058823529411764705
B_k9_3od_x0.8,init,0,7,0.125
B_k9_3od_x0.8,init,0,8,0.125
B_k9_3od_x0.8,init,0,9,0.125
B_k9_3od_x0.8,init,1,2,0.058823529411764705
B_k9_3od_x0.8,init,1,3,0.2
B_k9_3od_x0.8,init,1,4,0.2
B_k9_3od_x0.8,init,1,5,0.058823529411764705
B_k9_3od_x0.8,init,1,6,0.058823529411764705
B_k9_3od_x0.8,init,1,7,0.058823529411764705
B_k9_3od_x0.8,init,1,8,0.125
B_k9_3od_x0.8,init,1,9,0.058823529411764705
B_k9_3od_x0.8,init,2,3,0.058823529411764705
B_k9_3od_x0.8,init,2,4,0.058823529411764705
B_k9_3od_x0.8,init,2,5,0.2
B_k9_3od_x0.8,init,2,6,0.125
B_k9_3od_x0.8,init,2,7,0.2857142857142857
B_k9_3od_x0.8,init,2,8,0.058823529411764705
B_k9_3od_x0.8,init,2,9,0.058823529411764705
B_k9_3od_x0.8,init,3,4,0.2
B_k9_3od_x0.8,init,3,5,0.125
B_k9_3od_x0.8,init,3,6,0.0
B_k9_3od_x0.8,init,3,7,0.125
B_k9_3od_x0.8,init,3,8,0.058823529411764705
B_k9_3od_x0.8,init,3,9,0.058823529411764705
B_k9_3od_x0.8,init,4,5,0.058823529411764705
B_k9_3od_x0.8,init,4,6,0.0
B_k9_3od_x0.8,init,4,7,0.058823529411764705
B_k9_3od_x0.8,init,4,8,0.125
B_k9_3od_x0.8,init,4,9,0.058823529411764705
B_k9_3od_x0.8,init,5,6,0.125
B_k9_3od_x0.8,init,5,7,0.2857142857142857
B_k9_3od_x0.8,init,5,8,0.058823529411764705
B_k9_3od_x0.8,init,5,9,0.058823529411764705
B_k9_3od_x0.8,init,6,7,0.125
B_k9_3od_x0.8,init,6,8,0.058823529411764705
B_k9_3od_x0.8,init,6,9,0.125
B_k9_3od_x0.8,init,7,8,0.058823529411764705
B_k9_3od_x0.8,init,7,9,0.125
B_k9_3od_x0.8,init,8,9,0.0
B_k9_3od_x0.8,mutation,0,1,0.2
B_k9_3od_x0.8,mutation,0,2,0.058823529411764705
B_k9_3od_x0.8,mutation,0,3,0.125
B_k9_3od_x0.8,mutation,0,4,0.0
B_k9_3od_x0.8,mutation,0,5,0.125
B_k9_3od_x0.8,mutation,0,6,0.125
B_k9_3od_x0.8,mutation,0,7,0.2
B_k9_3od_x0.8,mutation,0,8,0.058823529411764705
B_k9_3od_x0.8,mutation,0,9,0.2857142857142857
B_k9_3od_x0.8,mutation,1,2,0.2
B_k9_3od_x0.8,mutation,1,3,0.125
B_k9_3od_x0.8,mutation,1,4,0.0
B_k9_3od_x0.8,mutation,1,5,0.058823529411764705
B_k9_3od_x0.8,mutation,1,6,0.2
B_k9_3od_x0.8,mutation,1,7,0.2
B_k9_3od_x0.8,mutation,1,8,0.2
B_k9_3od_x0.8,mutation,1,9,0.38461538461538464
B_k9_3od_x0.8,mutation,2,3,0.2
B_k9_3od_x0.8,mutation,2,4,0.2
B_k9_3od_x0.8,mutation,2,5,0.2
B_k9_3od_x0.8,mutation,2,6,0.058823529411764705
B_k9_3od_x0.8,mutation,2,7,0.058823529411764705
B_k9_3od_x0.8,mutation,2,8,0.2857142857142857
B_k9_3od_x0.8,mutation,2,9,0.058823529411764705
B_k9_3od_x0.8,mutation,3,4,0.2
B_k9_3od_x0.8,mutation,3,5,0.058823529411764705
B_k9_3od_x0.8,mutation,3,6,0.0
B_k9_3od_x0.8,mutation,3,7,0.0
B_k9_3od_x0.8,mutation,3,8,0.125
B_k9_3od_x0.8,mutation,3,9,0.058823529411764705
B_k9_3od_x0.8,mutation,4,5,0.058823529411764705
B_k9_3od_x0.8,mutation,4,6,0.0
B_k9_3od_x0.8,mutation,4,7,0.0
B_k9_3od_x0.8,mutation,4,8,0.2
B_k9_3od_x0.8,mutation,4,9,0.058823529411764705
B_k9_3od_x0.8,mutation,5,6,0.0
B_k9_3od_x0.8,mutation,5,7,0.0
B_k9_3od_x0.8,mutation,5,8,0.125
B_k9_3od_x0.8,mutation,5,9,0.0
B_k9_3od_x0.8,mutation,6,7,0.2857142857142857
B_k9_3od_x0.8,mutation,6,8,0.058823529411764705
B_k9_3od_x0.8,mutation,6,9,0.2
B_k9_3od_x0.8,mutation,7,8,0.125
B_k9_3od_x0.8,mutation,7,9,0.2
B_k9_3od_x0.8,mutation,8,9,0.058823529411764705
B_k9_3od_x0.8,none,0,1,0.058823529411764705
B_k9_3od_x0.8,none,0,2,0.125
B_k9_3od_x0.8,none,0,3,0.125
B_k9_3od_x0.8,none,0,4,0.125
B_k9_3od_x0.8,none,0,5,0.058823529411764705
B_k9_3od_x0.8,none,0,6,0.058823529411764705
B_k9_3od_x0.8,none,0,7,0.058823529411764705
B_k9_3od_x0.8,none,0,8,0.058823529411764705
B_k9_3od_x0.8,none,0,9,0.058823529411764705
B_k9_3od_x0.8,none,1,2,0.0
B_k9_3od_x0.8,none,1,3,0.058823529411764705
B_k9_3od_x0.8,none,1,4,0.0
B_k9_3od_x0.8,none,1,5,0.125
B_k9_3od_x0.8,none,1,6,0.0
B_k9_3od_x0.8,none,1,7,0.0
B_k9_3od_x0.8,none,1,8,0.0
B_k9_3od_x0.8,none,1,9,0.2857142857142857
B_k9_3od_x0.8,none,2,3,0.058823529411764705
B_k9_3od_x0.8,none,2,4,0.125
B_k9_3od_x0.8,none,2,5,0.0
B_k9_3od_x0.8,none,2,6,0.2
B_k9_3od_x0.8,none,2,7,0.058823529411764705
B_k9_3od_x0.8,none,2,8,0.125
B_k9_3od_x0.8,none,2,9,0.0
B_k9_3od_x0.8,none,3,4,0.125
B_k9_3od_x0.8,none,3,5,0.0
B_k9_3od_x0.8,none,3,6,0.125
B_k9_3od_x0.8,none,3,7,0.2857142857142857
B_k9_3od_x0.8,none,3,8,0.125
B_k9_3od_x0.8,none,3,9,0.0
B_k9_3od_x0.8,none,4,5,0.0
B_k9_3od_x0.8,none,4,6,0.125
B_k9_3od_x0.8,none,4,7,0.058823529411764705
B_k9_3od_x0.8,none,4,8,0.2
B_k9_3od_x0.8,none,4,9,0.058823529411764705
B_k9_3od_x0.8,none,5,6,0.058823529411764705
B_k9_3od_x0.8,none,5,7,0.125
B_k9_3od_x0.8,none,5,8,0.0
B_k9_3od_x0.8,none,5,9,0.125
B_k9_3od_x0.8,none,6,7,0.058823529411764705
B_k9_3od_x0.8,none,6,8,0.38461538461538464
B_k9_3od_x0.8,none,6,9,0.058823529411764705
B_k9_3od_x0.8,none,7,8,0.125
B_k9_3od_x0.8,none,7,9,0.0
B_k9_3od_x0.8,none,8,9,0.125
B_k9_3od_x1.0,both,0,1,0.125
B_k9_3od_x1.0,both,0,2,0.125
B_k9_3od_x1.0,both,0,3,0.125
B_k9_3od_x1.0,both,0,4,0.125
B_k9_3od_x1.0,both,0,5,0.058823529411764705
B_k9_3od_x1.0,both,0,6,0.125
B_k9_3od_x1.0,both,0,7,0.058823529411764705
B_k9_3od_x1.0,both,0,8,0.125
B_k9_3od_x1.0,both,0,9,0.125
B_k9_3od_x1.0,both,1,2,0.125
B_k9_3od_x1.0,both,1,3,0.125
B_k9_3od_x1.0,both,1,4,0.125
B_k9_3od_x1.0,both,1,5,0.125
B_k9_3od_x1.0,both,1,6,0.125
B_k9_3od_x1.0,both,1,7,0.125
B_k9_3od_x1.0,both,1,8,0.125
B_k9_3od_x1.0,both,1,9,0.2857142857142857
B_k9_3od_x1.0,both,2,3,0.38461538461538464
B_k9_3od_x1.0,both,2,4,0.38461538461538464
B_k9_3od_x1.0,both,2,5,0.2
B_k9_3od_x1.0,both,2,6,0.2857142857142857
B_k9_3od_x1.0,both,2,7,0.125
B_k9_3od_x1.0,both,2,8,0.38461538461538464
B_k9_3od_x1.0,both,2,9,0.2857142857142857
B_k9_3od_x1.0,both,3,4,0.2857142857142857
B_k9_3od_x1.0,both,3,5,0.2857142857142857
B_k9_3od_x1.0,both,3,6,0.5
B_k9_3od_x1.0,both,3,7,0.2
B_k9_3od_x1.0,both,3,8,0.2
B_k9_3od_x1.0,both,3,9,0.2
B_k9_3od_x1.0,both,4,5,0.125
B_k9_3od_x1.0,both,4,6,0.2857142857142857
B_k9_3od_x1.0,both,4,7,0.2
B_k9_3od_x1.0,both,4,8,0.2
B_k9_3od_x1.0,both,4,9,0.125
B_k9_3od_x1.0,both,5,6,0.125
B_k9_3od_x1.0,both,5,7,0.0
B_k9_3od_x1.0,both,5,8,0.125
B_k9_3od_x1.0,both,5,9,0.2
B_k9_3od_x1.0,both,6,7,0.2
B_k9_3od_x1.0,both,6,8,0.2
B_k9_3od_x1.0,both,6,9,0.2
B_k9_3od_x1.0,both,7,8,0.125
B_k9_3od_x1.0,both,7,9,0.058823529411764705
B_k9_3od_x1.0,both,8,9,0.2857142857142857
B_k9_3od_x1.0,init,0,1,0.125
B_k9_3od_x1.0,init,0,2,0.125
B_k9_3od_x1.0,init,0,3,0.125
B_k9_3od_x1.0,init,0,4,0.058823529411764705
B_k9_3od_x1.0,init,0,5,0.2
B_k9_3od_x1.0,init,0,6,0.125
B_k9_3od_x1.0,init,0,7,0.058823529411764705
B_k9_3od_x1.0,init,0,8,0.058823529411764705
B_k9_3od_x1.0,init,0,9,0.0
B_k9_3od_x1.0,init,1,2,0.125
B_k9_3od_x1.0,init,1,3,0.2
B_k9_3od_x1.0,init,1,4,0.125
B_k9_3od_x1.0,init,1,5,0.058823529411764705
B_k9_3od_x1.0,init,1,6,0.125
B_k9_3od_x1.0,init,1,7,0.2
B_k9_3od_x1.0,init,1,8,0.058823529411764705
B_k9_3od_x1.0,init,1,9,0.0
B_k9_3od_x1.0,init,2,3,0.2
B_k9_3od_x1.0,init,2,4,0.058823529411764705
B_k9_3od_x1.0,init,2,5,0.125
B_k9_3od_x1.0,init,2,6,0.058823529411764705
B_k9_3od_x1.0,init,2,7,0.125
B_k9_3od_x1.0,init,2,8,0.2857142857142857
B_k9_3od_x1.0,init,2,9,0.0
B_k9_3od_x1.0,init,3,4,0.125
B_k9_3od_x1.0,init,3,5,0.2
B_k9_3od_x1.0,init,3,6,0.2
B_k9_3od_x1.0,init,3,7,0.058823529411764705
B_k9_3od_x1.0,init,3,8,0.125
B_k9_3od_x1.0,init,3,9,0.0
B_k9_3od_x1.0,init,4,5,0.2
B_k9_3od_x1.0,init,4,6,0.125
B_k9_3od_x1.0,init,4,7,0.2
B_k9_3od_x1.0,init,4,8,0.058823529411764705
B_k9_3od_x1.0,init,4,9,0.058823529411764705
B_k9_3od_x1.0,init,5,6,0.2
B_k9_3od_x1.0,init,5,7,0.058823529411764705
B_k9_3od_x1.0,init,5,8,0.125
B_k9_3od_x1.0,init,5,9,0.0
B_k9_3od_x1.0,init,6,7,0.125
B_k9_3od_x1.0,init,6,8,0.058823529411764705
B_k9_3od_x1.0,init,6,9,0.0
B_k9_3od_x1.0,init,7,8,0.125
B_k9_3od_x1.0,init,7,9,0.058823529411764705
B_k9_3od_x1.0,init,8,9,0.058823529411764705
B_k9_3od_x1.0,mutation,0,1,0.125
B_k9_3od_x1.0,mutation,0,2,0.2857142857142857
B_k9_3od_x1.0,mutation,0,3,0.058823529411764705
B_k9_3od_x1.0,mutation,0,4,0.2
B_k9_3od_x1.0,mutation,0,5,0.125
B_k9_3od_x1.0,mutation,0,6,0.2
B_k9_3od_x1.0,mutation,0,7,0.058823529411764705
B_k9_3od_x1.0,mutation,0,8,0.125
B_k9_3od_x1.0,mutation,0,9,0.058823529411764705
B_k9_3od_x1.0,mutation,1,2,0.125
B_k9_3od_x1.0,mutation,1,3,0.0
B_k9_3od_x1.0,mutation,1,4,0.2
B_k9_3od_x1.0,mutation,1,5,0.2
B_k9_3od_x1.0,mutation,1,6,0.125
B_k9_3od_x1.0,mutation,1,7,0.125
B_k9_3od_x1.0,mutation,1,8,0.125
B_k9_3od_x1.0,mutation,1,9,0.2
B_k9_3od_x1.0,mutation,2,3,0.058823529411764705
B_k9_3od_x1.0,mutation,2,4,0.2857142857142857
B_k9_3od_x1.0,mutation,2,5,0.2
B_k9_3od_x1.0,mutation,2,6,0.125
B_k9_3od_x1.0,mutation,2,7,0.125
B_k9_3od_x1.0,mutation,2,8,0.058823529411764705
B_k9_3od_x1.0,mutation,2,9,0.125
B_k9_3od_x1.0,mutation,3,4,0.125
B_k9_3od_x1.0,mutation,3,5,0.058823529411764705
B_k9_3od_x1.0,mutation,3,6,0.2
B_k9_3od_x1.0,mutation,3,7,0.058823529411764705
B_k9_3od_x1.0,mutation,3,8,0.058823529411764705
B_k9_3od_x1.0,mutation,3,9,0.125
B_k9_3od_x1.0,mutation,4,5,0.2
B_k9_3od_x1.0,mutation,4,6,0.2
B_k9_3od_x1.0,mutation,4,7,0.125
B_k9_3od_x1.0,mutation,4,8,0.2857142857142857
B_k9_3od_x1.0,mutation,4,9,0.125
B_k9_3od_x1.0,mutation,5,6,0.2
B_k9_3od_x1.0,mutation,5,7,0.2
B_k9_3od_x1.0,mutation,5,8,0.2
B_k9_3od_x1.0,mutation,5,9,0.2
B_k9_3od_x1.0,mutation,6,7,0.2
B_k9_3od_x1.0,mutation,6,8,0.2
B_k9_3od_x1.0,mutation,6,9,0.2857142857142857
B_k9_3od_x1.0,mutation,7,8,0.125
B_k9_3od_x1.0,mutation,7,9,0.2857142857142857
B_k9_3od_x1.0,mutation,8,9,0.125
B_k9_3od_x1.0,none,0,1,0.058823529411764705
B_k9_3od_x1.0,none,0,2,0.125
B_k9_3od_x1.0,none,0,3,0.058823529411764705
B_k9_3od_x1.0,none,0,4,0.058823529411764705
B_k9_3od_x1.0,none,0,5,0.058823529411764705
B_k9_3od_x1.0,none,0,6,0.058823529411764705
B_k9_3od_x1.0,none,0,7,0.2
B_k9_3od_x1.0,none,0,8,0.15384615384615385
B_k9_3od_x1.0,none,0,9,0.2857142857142857
B_k9_3od_x1.0,none,1,2,0.058823529411764705
B_k9_3od_x1.0,none,1,3,0.058823529411764705
B_k9_3od_x1.0,none,1,4,0.125
B_k9_3od_x1.0,none,1,5,0.058823529411764705
B_k9_3od_x1.0,none,1,6,0.125
B_k9_3od_x1.0,none,1,7,0.058823529411764705
B_k9_3od_x1.0,none,1,8,0.07142857142857142
B_k9_3od_x1.0,none,1,9,0.125
B_k9_3od_x1.0,none,2,3,0.058823529411764705
B_k9_3od_x1.0,none,2,4,0.058823529411764705
B_k9_3od_x1.0,none,2,5,0.058823529411764705
B_k9_3od_x1.0,none,2,6,0.125
B_k9_3od_x1.0,none,2,7,0.2
B_k9_3od_x1.0,none,2,8,0.15384615384615385
B_k9_3od_x1.0,none,2,9,0.125
B_k9_3od_x1.0,none,3,4,0.058823529411764705
B_k9_3od_x1.0,none,3,5,0.058823529411764705
B_k9_3od_x1.0,none,3,6,0.125
B_k9_3od_x1.0,none,3,7,0.0
B_k9_3od_x1.0,none,3,8,0.0
B_k9_3od_x1.0,none,3,9,0.0
B_k9_3od_x1.0,none,4,5,0.125
B_k9_3od_x1.0,none,4,6,0.058823529411764705
B_k9_3od_x1.0,none,4,7,0.0
B_k9_3od_x1.0,none,4,8,0.07142857142857142
B_k9_3od_x1.0,none,4,9,0.0
B_k9_3od_x1.0,none,5,6,0.058823529411764705
B_k9_3od_x1.0,none,5,7,0.058823529411764705
B_k9_3od_x1.0,none,5,8,0.07142857142857142
B_k9_3od_x1.0,none,5,9,0.0
B_k9_3od_x1.0,none,6,7,0.058823529411764705
B_k9_3od_x1.0,none,6,8,0.25
B_k9_3od_x1.0,none,6,9,0.125
B_k9_3od_x1.0,none,7,8,0.15384615384615385
B_k9_3od_x1.0,none,7,9,0.125
B_k9_3od_x1.0,none,8,9,0.36363636363636365
B_k9_3od_x1.2,both,0,1,0.125
B_k9_3od_x1.2,both,0,2,0.125
B_k9_3od_x1.2,both,0,3,0.125
B_k9_3od_x1.2,both,0,4,0.125
B_k9_3od_x1.2,both,0,5,0.125
B_k9_3od_x1.2,both,0,6,0.125
B_k9_3od_x1.2,both,0,7,0.125
B_k9_3od_x1.2,both,0,8,0.058823529411764705
B_k9_3od_x1.2,both,0,9,0.125
B_k9_3od_x1.2,both,1,2,0.058823529411764705
B_k9_3od_x1.2,both,1,3,0.058823529411764705
B_k9_3od_x1.2,both,1,4,0.125
B_k9_3od_x1.2,both,1,5,0.125
B_k9_3od_x1.2,both,1,6,0.058823529411764705
B_k9_3od_x1.2,both,1,7,0.0
B_k9_3od_x1.2,both,1,8,0.2
B_k9_3od_x1.2,both,1,9,0.2857142857142857
B_k9_3od_x1.2,both,2,3,0.058823529411764705
B_k9_3od_x1.2,both,2,4,0.2
B_k9_3od_x1.2,both,2,5,0.0
B_k9_3od_x1.2,both,2,6,0.058823529411764705
B_k9_3od_x1.2,both,2,7,0.058823529411764705
B_k9_3od_x1.2,both,2,8,0.058823529411764705
B_k9_3od_x1.2,both,2,9,0.125
B_k9_3od_x1.2,both,3,4,0.058823529411764705
B_k9_3od_x1.2,both,3,5,0.2
B_k9_3od_x1.2,both,3,6,0.058823529411764705
B_k9_3od_x1.2,both,3,7,0.058823529411764705
B_k9_3od_x1.2,both,3,8,0.125
B_k9_3od_x1.2,both,3,9,0.058823529411764705
B_k9_3od_x1.2,both,4,5,0.058823529411764705
B_k9_3od_x1.2,both,4,6,0.125
B_k9_3od_x1.2,both,4,7,0.125
B_k9_3od_x1.2,both,4,8,0.0
B_k9_3od_x1.2,both,4,9,0.058823529411764705
B_k9_3od_x1.2,both,5,6,0.0
B_k9_3od_x1.2,both,5,7,0.058823529411764705
B_k9_3od_x1.2,both,5,8,0.058823529411764705
B_k9_3od_x1.2,both,5,9,0.2857142857142857
B_k9_3od_x1.2,both,6,7,0.058823529411764705
B_k9_3od_x1.2,both,6,8,0.0
B_k9_3od_x1.2,both,6,9,0.058823529411764705
B_k9_3od_x1.2,both,7,8,0.125
B_k9_3od_x1.2,both,7,9,0.0
B_k9_3od_x1.2,both,8,9,0.125
B_k9_3od_x1.2,init,0,1,0.058823529411764705
B_k9_3od_x1.2,init,0,2,0.0
B_k9_3od_x1.2,init,0,3,0.0
B_k9_3od_x1.2,init,0,4,0.058823529411764705
B_k9_3od_x1.2,init,0,5,0.0
B_k9_3od_x1.2,init,0,6,0.125
B_k9_3od_x1.2,init,0,7,0.058823529411764705
B_k9_3od_x1.2,init,0,8,0.125
B_k9_3od_x1.2,init,0,9,0.0
B_k9_3od_x1.2,init,1,2,0.058823529411764705
B_k9_3od_x1.2,init,1,3,0.2
B_k9_3od_x1.2,init,1,4,0.0
B_k9_3od_x1.2,init,1,5,0.058823529411764705
B_k9_3od_x1.2,init,1,6,0.058823529411764705
B_k9_3od_x1.2,init,1,7,0.0
B_k9_3od_x1.2,init,1,8,0.058823529411764705
B_k9_3od_x1.2,init,1,9,0.058823529411764705
B_k9_3od_x1.2,init,2,3,0.0
B_k9_3od_x1.2,init,2,4,0.0
B_k9_3od_x1.2,init,2,5,0.125
B_k9_3od_x1.2,init,2,6,0.058823529411764705
B_k9_3od_x1.2,init,2,7,0.0
B_k9_3od_x1.2,init,2,8,0.0
B_k9_3od_x1.2,init,2,9,0.058823529411764705
B_k9_3od_x1.2,init,3,4,0.058823529411764705
B_k9_3od_x1.2,init,3,5,0.125
B_k9_3od_x1.2,init,3,6,0.0
B_k9_3od_x1.2,init,3,7,0.125
B_k9_3od_x1.2,init,3,8,0.058823529411764705
B_k9_3od_x1.2,init,3,9,0.125
B_k9_3od_x1.2,init,4,5,0.125
B_k9_3od_x1.2,init,4,6,0.0
B_k9_3od_x1.2,init,4,7,0.0
B_k9_3od_x1.2,init,4,8,0.125
B_k9_3od_x1.2,init,4,9,0.0
B_k9_3od_x1.2,init,5,6,0.0
B_k9_3od_x1.2,init,5,7,0.058823529411764705
B_k9_3od_x1.2,init,5,8,0.058823529411764705
B_k9_3od_x1.2,init,5,9,0.125
B_k9_3od_x1.2,init,6,7,0.058823529411764705
B_k9_3od_x1.2,init,6,8,0.058823529411764705
B_k9_3od_x1.2,init,6,9,0.058823529411764705
B_k9_3od_x1.2,init,7,8,0.0
B_k9_3od_x1.2,init,7,9,0.0
B_k9_3od_x1.2,init,8,9,0.058823529411764705
B_k9_3od_x1.2,mutation,0,1,0.2857142857142857
B_k9_3od_x1.2,mutation,0,2,0.058823529411764705
B_k9_3od_x1.2,mutation,0,3,0.125
B_k9_3od_x1.2,mutation,0,4,0.125
B_k9_3od_x1.2,mutation,0,5,0.0
B_k9_3od_x1.2,mutation,0,6,0.125
B_k9_3od_x1.2,mutation,0,7,0.125
B_k9_3od_x1.2,mutation,0,8,0.0
B_k9_3od_x1.2,mutation,0,9,0.058823529411764705
B_k9_3od_x1.2,mutation,1,2,0.058823529411764705
B_k9_3od_x1.2,mutation,1,3,0.058823529411764705
B_k9_3od_x1.2,mutation,1,4,0.058823529411764705
B_k9_3od_x1.2,mutation,1,5,0.125
B_k9_3od_x1.2,mutation,1,6,0.058823529411764705
B_k9_3od_x1.2,mutation,1,7,0.125
B_k9_3od_x1.2,mutation,1,8,0.058823529411764705
B_k9_3od_x1.2,mutation,1,9,0.125
B_k9_3od_x1.2,mutation,2,3,0.058823529411764705
B_k9_3od_x1.2,mutation,2,4,0.125
B_k9_3od_x1.2,mutation,2,5,0.058823529411764705
B_k9_3od_x1.2,mutation,2,6,0.2
B_k9_3od_x1.2,mutation,2,7,0.0
B_k9_3od_x1.2,mutation,2,8,0.0
B_k9_3od_x1.2,mutation,2,9,0.0
B_k9_3od_x1.2,mutation,3,4,0.125
B_k9_3od_x1.2,mutation,3,5,0.125
B_k9_3od_x1.2,mutation,3,6,0.058823529411764705
B_k9_3od_x1.2,mutation,3,7,0.125
B_k9_3od_x1.2,mutation,3,8,0.058823529411764705
B_k9_3od_x1.2,mutation,3,9,0.125
B_k9_3od_x1.2,mutation,4,5,0.125
B_k9_3od_x1.2,mutation,4,6,0.058823529411764705
B_k9_3od_x1.2,mutation,4,7,0.125
B_k9_3od_x1.2,mutation,4,8,0.0
B_k9_3od_x1.2,mutation,4,9,0.125
B_k9_3od_x1.2,mutation,5,6,0.0
B_k9_3od_x1.2,mutation,5,7,0.125
B_k9_3od_x1.2,mutation,5,8,0.058823529411764705
B_k9_3od_x1.2,mutation,5,9,0.0
B_k9_3od_x1.2,mutation,6,7,0.058823529411764705
B_k9_3od_x1.2,mutation,6,8,0.058823529411764705
B_k9_3od_x1.2,mutation,6,9,0.058823529411764705
B_k9_3od_x1.2,mutation,7,8,0.125
B_k9_3od_x1.2,mutation,7,9,0.058823529411764705
B_k9_3od_x1.2,mutation,8,9,0.0
B_k9_3od_x1.2,none,0,1,0.058823529411764705
B_k9_3od_x1.2,none,0,2,0.058823529411764705
B_k9_3od_x1.2,none,0,3,0.0
B_k9_3od_x1.2,none,0,4,0.058823529411764705
B_k9_3od_x1.2,none,0,5,0.058823529411764705
B_k9_3od_x1.2,none,0,6,0.058823529411764705
B_k9_3od_x1.2,none,0,7,0.0
B_k9_3od_x1.2,none,0,8,0.058823529411764705
B_k9_3od_x1.2,none,0,9,0.058823529411764705
B_k9_3od_x1.2,none,1,2,0.125
B_k9_3od_x1.2,none,1,3,0.125
B_k9_3od_x1.2,none,1,4,0.125
B_k9_3od_x1.2,none,1,5,0.125
B_k9_3od_x1.2,none,1,6,0.125
B_k9_3od_x1.2,none,1,7,0.058823529411764705
B_k9_3od_x1.2,none,1,8,0.058823529411764705
B_k9_3od_x1.2,none,1,9,0.058823529411764705
B_k9_3od_x1.2,none,2,3,0.125
B_k9_3od_x1.2,none,2,4,0.058823529411764705
B_k9_3od_x1.2,none,2,5,0.0
B_k9_3od_x1.2,none,2,6,0.0
B_k9_3od_x1.2,none,2,7,0.058823529411764705
B_k9_3od_x1.2,none,2,8,0.2
B_k9_3od_x1.2,none,2,9,0.058823529411764705
B_k9_3od_x1.2,none,3,4,0.125
B_k9_3od_x1.2,none,3,5,0.058823529411764705
B_k9_3od_x1.2,none,3,6,0.0
B_k9_3od_x1.2,none,3,7,0.125
B_k9_3od_x1.2,none,3,8,0.058823529411764705
B_k9_3od_x1.2,none,3,9,0.2
B_k9_3od_x1.2,none,4,5,0.125
B_k9_3od_x1.2,none,4,6,0.125
B_k9_3od_x1.2,none,4,7,0.2
B_k9_3od_x1.2,none,4,8,0.0
B_k9_3od_x1.2,none,4,9,0.125
B_k9_3od_x1.2,none,5,6,0.125
B_k9_3od_x1.2,none,5,7,0.125
B_k9_3od_x1.2,none,5,8,0.0
B_k9_3od_x1.2,none,5,9,0.058823529411764705
B_k9_3od_x1.2,none,6,7,0.0
B_k9_3od_x1.2,none,6,8,0.0
B_k9_3od_x1.2,none,6,9,0.058823529411764705
B_k9_3od_x1.2,none,7,8,0.0
B_k9_3od_x1.2,none,7,9,0.2857142857142857
B_k9_3od_x1.2,none,8,9,0.0
C_k9_1od_x0.8,both,0,1,0.2
C_k9_1od_x0.8,both,0,2,0.125
C_k9_1od_x0.8,both,0,3,0.2
C_k9_1od_x0.8,both,0,4,0.058823529411764705
C_k9_1od_x0.8,both,0,5,0.5
C_k9_1od_x0.8,both,0,6,0.058823529411764705
C_k9_1od_x0.8,both,0,7,0.125
C_k9_1od_x0.8,both,0,8,0.058823529411764705
C_k9_1od_x0.8,both,0,9,0.2
C_k9_1od_x0.8,both,1,2,0.125
C_k9_1od_x0.8,both,1,3,0.125
C_k9_1od_x0.8,both,1,4,0.058823529411764705
C_k9_1od_x0.8,both,1,5,0.2857142857142857
C_k9_1od_x0.8,both,1,6,0.125
C_k9_1od_x0.8,both,1,7,0.058823529411764705
C_k9_1od_x0.8,both,1,8,0.125
C_k9_1od_x0.8,both,1,9,0.2857142857142857
C_k9_1od_x0.8,both,2,3,0.125
C_k9_1od_x0.8,both,2,4,0.125
C_k9_1od_x0.8,both,2,5,0.125
C_k9_1od_x0.8,both,2,6,0.2
C_k9_1od_x0.8,both,2,7,0.125
C_k9_1od_x0.8,both,2,8,0.058823529411764705
C_k9_1od_x0.8,both,2,9,0.125
C_k9_1od_x0.8,both,3,4,0.2
C_k9_1od_x0.8,both,3,5,0.2
C_k9_1od_x0.8,both,3,6,0.058823529411764705
C_k9_1od_x0.8,both,3,7,0.2
C_k9_1od_x0.8,both,3,8,0.058823529411764705
C_k9_1od_x0.8,both,3,9,0.125
C_k9_1od_x0.8,both,4,5,0.125
C_k9_1od_x0.8,both,4,6,0.2
C_k9_1od_x0.8,both,4,7,0.125
C_k9_1od_x0.8,both,4,8,0.125
C_k9_1od_x0.8,both,4,9,0.125
C_k9_1od_x0.8,both,5,6,0.125
C_k9_1od_x0.8,both,5,7,0.058823529411764705
C_k9_1od_x0.8,both,5,8,0.058823529411764705
C_k9_1od_x0.8,both,5,9,0.2
C_k9_1od_x0.8,both,6,7,0.2
C_k9_1od_x0.8,both,6,8,0.125
C_k9_1od_x0.8,both,6,9,0.058823529411764705
C_k9_1od_x0.8,both,7,8,0.058823529411764705
C_k9_1od_x0.8,both,7,9,0.125
C_k9_1od_x0.8,both,8,9,0.058823529411764705
C_k9_1od_x0.8,init,0,1,0.125
C_k9_1od_x0.8,init,0,2,0.058823529411764705
C_k9_1od_x0.8,init,0,3,0.2
C_k9_1od_x0.8,init,0,4,0.125
C_k9_1od_x0.8,init,0,5,0.125
C_k9_1od_x0.8,init,0,6,0.058823529411764705
C_k9_1od_x0.8,init,0,7,0.125
C_k9_1od_x0.8,init,0,8,0.125
C_k9_1od_x0.8,init,0,9,0.058823529411764705
C_k9_1od_x0.8,init,1,2,0.125
C_k9_1od_x0.8,init,1,3,0.058823529411764705
C_k9_1od_x0.8,init,1,4,0.2
C_k9_1od_x0.8,init,1,5,0.058823529411764705
C_k9_1od_x0.8,init,1,6,0.125
C_k9_1od_x0.8,init,1,7,0.2
C_k9_1od_x0.8,init,1,8,0.2
C_k9_1od_x0.8,init,1,9,0.058823529411764705
C_k9_1od_x0.8,init,2,3,0.2857142857142857
C_k9_1od_x0.8,init,2,4,0.125
C_k9_1od_x0.8,init,2,5,0.125
C_k9_1od_x0.8,init,2,6,0.125
C_k9_1od_x0.8,init,2,7,0.125
C_k9_1od_x0.8,init,2,8,0.2
C_k9_1od_x0.8,init,2,9,0.125
C_k9_1od_x0.8,init,3,4,0.125
C_k9_1od_x0.8,init,3,5,0.125
C_k9_1od_x0.8,init,3,6,0.125
C_k9_1od_x0.8,init,3,7,0.125
C_k9_1od_x0.8,init,3,8,0.125
C_k9_1od_x0.8,init,3,9,0.125
C_k9_1od_x0.8,init,4,5,0.125
C_k9_1od_x0.8,init,4,6,0.125
C_k9_1od_x0.8,init,4,7,0.2
C_k9_1od_x0.8,init,4,8,0.058823529411764705
C_k9_1od_x0.8,init,4,9,0.058823529411764705
C_k9_1od_x0.8,init,5,6,0.2
C_k9_1od_x0.8,init,5,7,0.2
C_k9_1od_x0.8,init,5,8,0.125
C_k9_1od_x0.8,init,5,9,0.125
C_k9_1od_x0.8,init,6,7,0.2
C_k9_1od_x0.8,init,6,8,0.058823529411764705
C_k9_1od_x0.8,init,6,9,0.058823529411764705
C_k9_1od_x0.8,init,7,8,0.058823529411764705
C_k9_1od_x0.8,init,7,9,0.125
C_k9_1od_x0.8,init,8,9,0.125
C_k9_1od_x0.8,mutation,0,1,0.2857142857142857
C_k9_1od_x0.8,mutation,0,2,0.2
C_k9_1od_x0.8,mutation,0,3,0.058823529411764705
C_k9_1od_x0.8,mutation,0,4,0.058823529411764705
C_k9_1od_x0.8,mutation,0,5,0.125
C_k9_1od_x0.8,mutation,0,6,0.125
C_k9_1od_x0.8,mutation,0,7,0.2857142857142857
C_k9_1od_x0.8,mutation,0,8,0.058823529411764705
C_k9_1od_x0.8,mutation,0,9,0.058823529411764705
C_k9_1od_x0.8,mutation,1,2,0.058823529411764705
C_k9_1od_x0.8,mutation,1,3,0.058823529411764705
C_k9_1od_x0.8,mutation,1,4,0.058823529411764705
C_k9_1od_x0.8,mutation,1,5,0.058823529411764705
C_k9_1od_x0.8,mutation,1,6,0.058823529411764705
C_k9_1od_x0.8,mutation,1,7,0.2
C_k9_1od_x0.8,mutation,1,8,0.058823529411764705
C_k9_1od_x0.8,mutation,1,9,0.2
C_k9_1od_x0.8,mutation,2,3,0.2857142857142857
C_k9_1od_x0.8,mutation,2,4,0.2857142857142857
C_k9_1od_x0.8,mutation,2,5,0.125
C_k9_1od_x0.8,mutation,2,6,0.125
C_k9_1od_x0.8,mutation,2,7,0.125
C_k9_1od_x0.8,mutation,2,8,0.058823529411764705
C_k9_1od_x0.8,mutation,2,9,0.058823529411764705
C_k9_1od_x0.8,mutation,3,4,0.2
C_k9_1od_x0.8,mutation,3,5,0.2
C_k9_1od_x0.8,mutation,3,6,0.058823529411764705
C_k9_1od_x0.8,mutation,3,7,0.125
C_k9_1od_x0.8,mutation,3,8,0.058823529411764705
C_k9_1od_x0.8,mutation,3,9,0.2
C_k9_1od_x0.8,mutation,4,5,0.058823529411764705
C_k9_1od_x0.8,mutation,4,6,0.2
C_k9_1od_x0.8,mutation,4,7,0.058823529411764705
C_k9_1od_x0.8,mutation,4,8,0.125
C_k9_1od_x0.8,mutation,4,9,0.058823529411764705
C_k9_1od_x0.8,mutation,5,6,0.2
C_k9_1od_x0.8,mutation,5,7,0.058823529411764705
C_k9_1od_x0.8,mutation,5,8,0.2857142857142857
C_k9_1od_x0.8,mutation,5,9,0.125
C_k9_1od_x0.8,mutation,6,7,0.058823529411764705
C_k9_1od_x0.8,mutation,6,8,0.2
C_k9_1od_x0.8,mutation,6,9,0.058823529411764705
C_k9_1od_x0.8,mutation,7,8,0.058823529411764705
C_k9_1od_x0.8,mutation,7,9,0.2
C_k9_1od_x0.8,mutation,8,9,0.058823529411764705
C_k9_1od_x0.8,none,0,1,0.125
C_k9_1od_x0.8,none,0,2,0.2
C_k9_1od_x0.8,none,0,3,0.125
C_k9_1od_x0.8,none,0,4,0.058823529411764705
C_k9_1od_x0.8,none,0,5,0.058823529411764705
C_k9_1od_x0.8,none,0,6,0.2
C_k9_1od_x0.8,none,0,7,0.2
C_k9_1od_x0.8,none,0,8,0.2
C_k9_1od_x0.8,none,0,9,0.125
C_k9_1od_x0.8,none,1,2,0.058823529411764705
C_k9_1od_x0.8,none,1,3,0.058823529411764705
C_k9_1od_x0.8,none,1,4,0.125
C_k9_1od_x0.8,none,1,5,0.125
C_k9_1od_x0.8,none,1,6,0.125
C_k9_1od_x0.8,none,1,7,0.2
C_k9_1od_x0.8,none,1,8,0.125
C_k9_1od_x0.8,none,1,9,0.125
C_k9_1od_x0.8,none,2,3,0.125
C_k9_1od_x0.8,none,2,4,0.125
C_k9_1od_x0.8,none,2,5,0.125
C_k9_1od_x0.8,none,2,6,0.2
C_k9_1od_x0.8,none,2,7,0.2
C_k9_1od_x0.8,none,2,8,0.2
C_k9_1od_x0.8,none,2,9,0.125
C_k9_1od_x0.8,none,3,4,0.125
C_k9_1od_x0.8,none,3,5,0.058823529411764705
C_k9_1od_x0.8,none,3,6,0.2
C_k9_1od_x0.8,none,3,7,0.125
C_k9_1od_x0.8,none,3,8,0.058823529411764705
C_k9_1od_x0.8,none,3,9,0.058823529411764705
C_k9_1od_x0.8,none,4,5,0.125
C_k9_1od_x0.8,none,4,6,0.125
C_k9_1od_x0.8,none,4,7,0.2
C_k9_1od_x0.8,none,4,8,0.058823529411764705
C_k9_1od_x0.8,none,4,9,0.058823529411764705
C_k9_1od_x0.8,none,5,6,0.058823529411764705
C_k9_1od_x0.8,none,5,7,0.058823529411764705
C_k9_1od_x0.8,none,5,8,0.058823529411764705
C_k9_1od_x0.8,none,5,9,0.058823529411764705
C_k9_1od_x0.8,none,6,7,0.2857142857142857
C_k9_1od_x0.8,none,6,8,0.2
C_k9_1od_x0.8,none,6,9,0.2
C_k9_1od_x0.8,none,7,8,0.2
C_k9_1od_x0.8,none,7,9,0.125
C_k9_1od_x0.8,none,8,9,0.2
C_k9_1od_x1.0,both,0,1,0.125
C_k9_1od_x1.0,both,0,2,0.125
C_k9_1od_x1.0,both,0,3,0.125
C_k9_1od_x1.0,both,0,4,0.058823529411764705
C_k9_1od_x1.0,both,0,5,0.2
C_k9_1od_x1.0,both,0,6,0.125
C_k9_1od_x1.0,both,0,7,0.058823529411764705
C_k9_1od_x1.0,both,0,8,0.125
C_k9_1od_x1.0,both,0,9,0.125
C_k9_1od_x1.0,both,1,2,0.058823529411764705
C_k9_1od_x1.0,both,1,3,0.125
C_k9_1od_x1.0,both,1,4,0.125
C_k9_1od_x1.0,both,1,5,0.058823529411764705
C_k9_1od_x1.0,both,1,6,0.058823529411764705
C_k9_1od_x1.0,both,1,7,0.2
C_k9_1od_x1.0,both,1,8,0.125
C_k9_1od_x1.0,both,1,9,0.125
C_k9_1od_x1.0,both,2,3,0.125
C_k9_1od_x1.0,both,2,4,0.058823529411764705
C_k9_1od_x1.0,both,2,5,0.125
C_k9_1od_x1.0,both,2,6,0.125
C_k9_1od_x1.0,both,2,7,0.058823529411764705
C_k9_1od_x1.0,both,2,8,0.125
C_k9_1od_x1.0,both,2,9,0.058823529411764705
C_k9_1od_x1.0,both,3,4,0.2
C_k9_1od_x1.0,both,3,5,0.2
C_k9_1od_x1.0,both,3,6,0.2
C_k9_1od_x1.0,both,3,7,0.125
C_k9_1od_x1.0,both,3,8,0.125
C_k9_1od_x1.0,both,3,9,0.058823529411764705
C_k9_1od_x1.0,both,4,5,0.058823529411764705
C_k9_1od_x1.0,both,4,6,0.0
C_k9_1od_x1.0,both,4,7,0.125
C_k9_1od_x1.0,both,4,8,0.125
C_k9_1od_x1.0,both,4,9,0.125
C_k9_1od_x1.0,both,5,6,0.058823529411764705
C_k9_1od_x1.0,both,5,7,0.058823529411764705
C_k9_1od_x1.0,both,5,8,0.058823529411764705
C_k9_1od_x1.0,both,5,9,0.058823529411764705
C_k9_1od_x1.0,both,6,7,0.058823529411764705
C_k9_1od_x1.0,both,6,8,0.125
C_k9_1od_x1.0,both,6,9,0.058823529411764705
C_k9_1od_x1.0,both,7,8,0.2
C_k9_1od_x1.0,both,7,9,0.125
C_k9_1od_x1.0,both,8,9,0.125
C_k9_1od_x1.0,init,0,1,0.125
C_k9_1od_x1.0,init,0,2,0.125
C_k9_1od_x1.0,init,0,3,0.058823529411764705
C_k9_1od_x1.0,init,0,4,0.058823529411764705
C_k9_1od_x1.0,init,0,5,0.058823529411764705
C_k9_1od_x1.0,init,0,6,0.125
C_k9_1od_x1.0,init,0,7,0.058823529411764705
C_k9_1od_x1.0,init,0,8,0.125
C_k9_1od_x1.0,init,0,9,0.058823529411764705
C_k9_1od_x1.0,init,1,2,0.125
C_k9_1od_x1.0,init,1,3,0.125
C_k9_1od_x1.0,init,1,4,0.0
C_k9_1od_x1.0,init,1,5,0.058823529411764705
C_k9_1od_x1.0,init,1,6,0.2
C_k9_1od_x1.0,init,1,7,0.058823529411764705
C_k9_1od_x1.0,init,1,8,0.125
C_k9_1od_x1.0,init,1,9,0.058823529411764705
C_k9_1od_x1.0,init,2,3,0.2
C_k9_1od_x1.0,init,2,4,0.125
C_k9_1od_x1.0,init,2,5,0.125
C_k9_1od_x1.0,init,2,6,0.058823529411764705
C_k9_1od_x1.0,init,2,7,0.2857142857142857
C_k9_1od_x1.0,init,2,8,0.2
C_k9_1od_x1.0,init,2,9,0.2
C_k9_1od_x1.0,init,3,4,0.125
C_k9_1od_x1.0,init,3,5,0.125
C_k9_1od_x1.0,init,3,6,0.058823529411764705
C_k9_1od_x1.0,init,3,7,0.2857142857142857
C_k9_1od_x1.0,init,3,8,0.058823529411764705
C_k9_1od_x1.0,init,3,9,0.125
C_k9_1od_x1.0,init,4,5,0.125
C_k9_1od_x1.0,init,4,6,0.0
C_k9_1od_x1.0,init,4,7,0.058823529411764705
C_k9_1od_x1.0,init,4,8,0.058823529411764705
C_k9_1od_x1.0,init,4,9,0.125
C_k9_1od_x1.0,init,5,6,0.2
C_k9_1od_x1.0,init,5,7,0.125
C_k9_1od_x1.0,init,5,8,0.058823529411764705
C_k9_1od_x1.0,init,5,9,0.058823529411764705
C_k9_1od_x1.0,init,6,7,0.058823529411764705
C_k9_1od_x1.0,init,6,8,0.125
C_k9_1od_x1.0,init,6,9,0.058823529411764705
C_k9_1od_x1.0,init,7,8,0.125
C_k9_1od_x1.0,init,7,9,0.2
C_k9_1od_x1.0,init,8,9,0.058823529411764705
C_k9_1od_x1.0,mutation,0,1,0.125
C_k9_1od_x1.0,mutation,0,2,0.125
C_k9_1od_x1.0,mutation,0,3,0.125
C_k9_1od_x1.0,mutation,0,4,0.125
C_k9_1od_x1.0,mutation,0,5,0.2
C_k9_1od_x1.0,mutation,0,6,0.2
C_k9_1od_x1.0,mutation,0,7,0.2
C_k9_1od_x1.0,mutation,0,8,0.125
C_k9_1od_x1.0,mutation,0,9,0.125
C_k9_1od_x1.0,mutation,1,2,0.125
C_k9_1od_x1.0,mutation,1,3,0.125
C_k9_1od_x1.0,mutation,1,4,0.058823529411764705
C_k9_1od_x1.0,mutation,1,5,0.125
C_k9_1od_x1.0,mutation,1,6,0.058823529411764705
C_k9_1od_x1.0,mutation,1,7,0.125
C_k9_1od_x1.0,mutation,1,8,0.058823529411764705
C_k9_1od_x1.0,mutation,1,9,0.058823529411764705
C_k9_1od_x1.0,mutation,2,3,0.125
C_k9_1od_x1.0,mutation,2,4,0.2
C_k9_1od_x1.0,mutation,2,5,0.2
C_k9_1od_x1.0,mutation,2,6,0.2
C_k9_1od_x1.0,mutation,2,7,0.058823529411764705
C_k9_1od_x1.0,mutation,2,8,0.2
C_k9_1od_x1.0,mutation,2,9,0.058823529411764705
C_k9_1od_x1.0,mutation,3,4,0.2857142857142857
C_k9_1od_x1.0,mutation,3,5,0.125
C_k9_1od_x1.0,mutation,3,6,0.125
C_k9_1od_x1.0,mutation,3,7,0.2857142857142857
C_k9_1od_x1.0,mutation,3,8,0.125
C_k9_1od_x1.0,mutation,3,9,0.125
C_k9_1od_x1.0,mutation,4,5,0.2857142857142857
C_k9_1od_x1.0,mutation,4,6,0.125
C_k9_1od_x1.0,mutation,4,7,0.125
C_k9_1od_x1.0,mutation,4,8,0.2
C_k9_1od_x1.0,mutation,4,9,0.125
C_k9_1od_x1.0,mutation,5,6,0.125
C_k9_1od_x1.0,mutation,5,7,0.058823529411764705
C_k9_1od_x1.0,mutation,5,8,0.125
C_k9_1od_x1.0,mutation,5,9,0.125
C_k9_1od_x1.0,mutation,6,7,0.125
C_k9_1od_x1.0,mutation,6,8,0.125
C_k9_1od_x1.0,mutation,6,9,0.2
C_k9_1od_x1.0,mutation,7,8,0.058823529411764705
C_k9_1od_x1.0,mutation,7,9,0.058823529411764705
C_k9_1od_x1.0,mutation,8,9,0.125
C_k9_1od_x1.0,none,0,1,0.16666666666666666
C_k9_1od_x1.0,none,0,2,0.2
C_k9_1od_x1.0,none,0,3,0.2857142857142857
C_k9_1od_x1.0,none,0,4,0.2
C_k9_1od_x1.0,none,0,5,0.058823529411764705
C_k9_1od_x1.0,none,0,6,0.125
C_k9_1od_x1.0,none,0,7,0.125
C_k9_1od_x1.0,none,0,8,0.125
C_k9_1od_x1.0,none,0,9,0.125
C_k9_1od_x1.0,none,1,2,0.07692307692307693
C_k9_1od_x1.0,none,1,3,0.07692307692307693
C_k9_1od_x1.0,none,1,4,0.07692307692307693
C_k9_1od_x1.0,none,1,5,0.07692307692307693
C_k9_1od_x1.0,none,1,6,0.0
C_k9_1od_x1.0,none,1,7,0.0
C_k9_1od_x1.0,none,1,8,0.16666666666666666
C_k9_1od_x1.0,none,1,9,0.07692307692307693
C_k9_1od_x1.0,none,2,3,0.2
C_k9_1od_x1.0,none,2,4,0.058823529411764705
C_k9_1od_x1.0,none,2,5,0.125
C_k9_1od_x1.0,none,2,6,0.0
C_k9_1od_x1.0,none,2,7,0.0
C_k9_1od_x1.0,none,2,8,0.0
C_k9_1od_x1.0,none,2,9,0.0
C_k9_1od_x1.0,none,3,4,0.2
C_k9_1od_x1.0,none,3,5,0.125
C_k9_1od_x1.0,none,3,6,0.2
C_k9_1od_x1.0,none,3,7,0.125
C_k9_1od_x1.0,none,3,8,0.2
C_k9_1od_x1.0,none,3,9,0.125
C_k9_1od_x1.0,none,4,5,0.058823529411764705
C_k9_1od_x1.0,none,4,6,0.125
C_k9_1od_x1.0,none,4,7,0.2
C_k9_1od_x1.0,none,4,8,0.125
C_k9_1od_x1.0,none,4,9,0.125
C_k9_1od_x1.0,none,5,6,0.0
C_k9_1od_x1.0,none,5,7,0.058823529411764705
C_k9_1od_x1.0,none,5,8,0.0
C_k9_1od_x1.0,none,5,9,0.058823529411764705
C_k9_1od_x1.0,none,6,7,0.2857142857142857
C_k9_1od_x1.0,none,6,8,0.125
C_k9_1od_x1.0,none,6,9,0.125
C_k9_1od_x1.0,none,7,8,0.125
C_k9_1od_x1.0,none,7,9,0.125
C_k9_1od_x1.0,none,8,9,0.2
C_k9_1od_x1.2,both,0,1,0.125
C_k9_1od_x1.2,both,0,2,0.2857142857142857
C_k9_1od_x1.2,both,0,3,0.2857142857142857
C_k9_1od_x1.2,both,0,4,0.2
C_k9_1od_x1.2,both,0,5,0.125
C_k9_1od_x1.2,both,0,6,0.2857142857142857
C_k9_1od_x1.2,both,0,7,0.2
C_k9_1od_x1.2,both,0,8,0.2
C_k9_1od_x1.2,both,0,9,0.2
C_k9_1od_x1.2,both,1,2,0.2
C_k9_1od_x1.2,both,1,3,0.2
C_k9_1od_x1.2,both,1,4,0.2
C_k9_1od_x1.2,both,1,5,0.2
C_k9_1od_x1.2,both,1,6,0.2
C_k9_1od_x1.2,both,1,7,0.125
C_k9_1od_x1.2,both,1,8,0.2857142857142857
C_k9_1od_x1.2,both,1,9,0.058823529411764705
C_k9_1od_x1.2,both,2,3,0.2
C_k9_1od_x1.2,both,2,4,0.2857142857142857
C_k9_1od_x1.2,both,2,5,0.2
C_k9_1od_x1.2,both,2,6,0.2857142857142857
C_k9_1od_x1.2,both,2,7,0.2
C_k9_1od_x1.2,both,2,8,0.2
C_k9_1od_x1.2,both,2,9,0.2
C_k9_1od_x1.2,both,3,4,0.5
C_k9_1od_x1.2,both,3,5,0.2
C_k9_1od_x1.2,both,3,6,0.2
C_k9_1od_x1.2,both,3,7,0.2
C_k9_1od_x1.2,both,3,8,0.2857142857142857
C_k9_1od_x1.2,both,3,9,0.2
C_k9_1od_x1.2,both,4,5,0.125
C_k9_1od_x1.2,both,4,6,0.125
C_k9_1od_x1.2,both,4,7,0.2
C_k9_1od_x1.2,both,4,8,0.2857142857142857
C_k9_1od_x1.2,both,4,9,0.125
C_k9_1od_x1.2,both,5,6,0.38461538461538464
C_k9_1od_x1.2,both,5,7,0.125
C_k9_1od_x1.2,both,5,8,0.2
C_k9_1od_x1.2,both,5,9,0.058823529411764705
C_k9_1od_x1.2,both,6,7,0.2
C_k9_1od_x1.2,both,6,8,0.2
C_k9_1od_x1.2,both,6,9,0.058823529411764705
C_k9_1od_x1.2,both,7,8,0.2
C_k9_1od_x1.2,both,7,9,0.125
C_k9_1od_x1.2,both,8,9,0.125
C_k9_1od_x1.2,init,0,1,0.058823529411764705
C_k9_1od_x1.2,init,0,2,0.125
C_k9_1od_x1.2,init,0,3,0.2
C_k9_1od_x1.2,init,0,4,0.0
C_k9_1od_x1.2,init,0,5,0.058823529411764705
C_k9_1od_x1.2,init,0,6,0.125
C_k9_1od_x1.2,init,0,7,0.2857142857142857
C_k9_1od_x1.2,init,0,8,0.125
C_k9_1od_x1.2,init,0,9,0.058823529411764705
C_k9_1od_x1.2,init,1,2,0.125
C_k9_1od_x1.2,init,1,3,0.125
C_k9_1od_x1.2,init,1,4,0.0
C_k9_1od_x1.2,init,1,5,0.058823529411764705
C_k9_1od_x1.2,init,1,6,0.058823529411764705
C_k9_1od_x1.2,init,1,7,0.058823529411764705
C_k9_1od_x1.2,init,1,8,0.058823529411764705
C_k9_1od_x1.2,init,1,9,0.2857142857142857
C_k9_1od_x1.2,init,2,3,0.0
C_k9_1od_x1.2,init,2,4,0.0
C_k9_1od_x1.2,init,2,5,0.058823529411764705
C_k9_1od_x1.2,init,2,6,0.0
C_k9_1od_x1.2,init,2,7,0.125
C_k9_1od_x1.2,init,2,8,0.058823529411764705
C_k9_1od_x1.2,init,2,9,0.058823529411764705
C_k9_1od_x1.2,init,3,4,0.058823529411764705
C_k9_1od_x1.2,init,3,5,0.125
C_k9_1od_x1.2,init,3,6,0.058823529411764705
C_k9_1od_x1.2,init,3,7,0.2
C_k9_1od_x1.2,init,3,8,0.125
C_k9_1od_x1.2,init,3,9,0.058823529411764705
C_k9_1od_x1.2,init,4,5,0.2
C_k9_1od_x1.2,init,4,6,0.0
C_k9_1od_x1.2,init,4,7,0.2
C_k9_1od_x1.2,init,4,8,0.125
C_k9_1od_x1.2,init,4,9,0.058823529411764705
C_k9_1od_x1.2,init,5,6,0.125
C_k9_1od_x1.2,init,5,7,0.2857142857142857
C_k9_1od_x1.2,init,5,8,0.2
C_k9_1od_x1.2,init,5,9,0.125
C_k9_1od_x1.2,init,6,7,0.125
C_k9_1od_x1.2,init,6,8,0.058823529411764705
C_k9_1od_x1.2,init,6,9,0.058823529411764705
C_k9_1od_x1.2,init,7,8,0.2857142857142857
C_k9_1od_x1.2,init,7,9,0.125
C_k9_1od_x1.2,init,8,9,0.058823529411764705
C_k9_1od_x1.2,mutation,0,1,0.2857142857142857
C_k9_1od_x1.2,mutation,0,2,0.125
C_k9_1od_x1.2,mutation,0,3,0.2857142857142857
C_k9_1od_x1.2,mutation,0,4,0.38461538461538464
C_k9_1od_x1.2,mutation,0,5,0.2857142857142857
C_k9_1od_x1.2,mutation,0,6,0.2
C_k9_1od_x1.2,mutation,0,7,0.058823529411764705
C_k9_1od_x1.2,mutation,0,8,0.2
C_k9_1od_x1.2,mutation,0,9,0.2
C_k9_1od_x1.2,mutation,1,2,0.125
C_k9_1od_x1.2,mutation,1,3,0.2857142857142857
C_k9_1od_x1.2,mutation,1,4,0.2
C_k9_1od_x1.2,mutation,1,5,0.38461538461538464
C_k9_1od_x1.2,mutation,1,6,0.125
C_k9_1od_x1.2,mutation,1,7,0.125
C_k9_1od_x1.2,mutation,1,8,0.2857142857142857
C_k9_1od_x1.2,mutation,1,9,0.125
C_k9_1od_x1.2,mutation,2,3,0.2
C_k9_1od_x1.2,mutation,2,4,0.125
C_k9_1od_x1.2,mutation,2,5,0.125
C_k9_1od_x1.2,mutation,2,6,0.125
C_k9_1od_x1.2,mutation,2,7,0.2
C_k9_1od_x1.2,mutation,2,8,0.058823529411764705
C_k9_1od_x1.2,mutation,2,9,0.125
C_k9_1od_x1.2,mutation,3,4,0.2857142857142857
C_k9_1od_x1.2,mutation,3,5,0.2857142857142857
C_k9_1od_x1.2,mutation,3,6,0.2
C_k9_1od_x1.2,mutation,3,7,0.058823529411764705
C_k9_1od_x1.2,mutation,3,8,0.125
C_k9_1od_x1.2,mutation,3,9,0.2
C_k9_1od_x1.2,mutation,4,5,0.2857142857142857
C_k9_1od_x1.2,mutation,4,6,0.2857142857142857
C_k9_1od_x1.2,mutation,4,7,0.058823529411764705
C_k9_1od_x1.2,mutation,4,8,0.125
C_k9_1od_x1.2,mutation,4,9,0.2
C_k9_1od_x1.2,mutation,5,6,0.2
C_k9_1od_x1.2,mutation,5,7,0.058823529411764705
C_k9_1od_x1.2,mutation,5,8,0.2
C_k9_1od_x1.2,mutation,5,9,0.2857142857142857
C_k9_1od_x1.2,mutation,6,7,0.058823529411764705
C_k9_1od_x1.2,mutation,6,8,0.125
C_k9_1od_x1.2,mutation,6,9,0.2
C_k9_1od_x1.2,mutation,7,8,0.058823529411764705
C_k9_1od_x1.2,mutation,7,9,0.2
C_k9_1od_x1.2,mutation,8,9,0.125
C_k9_1od_x1.2,none,0,1,0.2
C_k9_1od_x1.2,none,0,2,0.2
C_k9_1od_x1.2,none,0,3,0.125
C_k9_1od_x1.2,none,0,4,0.2
C_k9_1od_x1.2,none,0,5,0.0
C_k9_1od_x1.2,none,0,6,0.058823529411764705
C_k9_1od_x1.2,none,0,7,0.0
C_k9_1od_x1.2,none,0,8,0.125
C_k9_1od_x1.2,none,0,9,0.058823529411764705
C_k9_1od_x1.2,none,1,2,0.125
C_k9_1od_x1.2,none,1,3,0.125
C_k9_1od_x1.2,none,1,4,0.058823529411764705
C_k9_1od_x1.2,none,1,5,0.0
C_k9_1od_x1.2,none,1,6,0.058823529411764705
C_k9_1od_x1.2,none,1,7,0.125
C_k9_1od_x1.2,none,1,8,0.2
C_k9_1od_x1.2,none,1,9,0.125
C_k9_1od_x1.2,none,2,3,0.058823529411764705
C_k9_1od_x1.2,none,2,4,0.125
C_k9_1od_x1.2,none,2,5,0.0
C_k9_1od_x1.2,none,2,6,0.058823529411764705
C_k9_1od_x1.2,none,2,7,0.0
C_k9_1od_x1.2,none,2,8,0.125
C_k9_1od_x1.2,none,2,9,0.058823529411764705
C_k9_1od_x1.2,none,3,4,0.125
C_k9_1od_x1.2,none,3,5,0.058823529411764705
C_k9_1od_x1.2,none,3,6,0.125
C_k9_1od_x1.2,none,3,7,0.2857142857142857
C_k9_1od_x1.2,none,3,8,0.2
C_k9_1od_x1.2,none,3,9,0.058823529411764705
C_k9_1od_x1.2,none,4,5,0.125
C_k9_1od_x1.2,none,4,6,0.125
C_k9_1od_x1.2,none,4,7,0.125
C_k9_1od_x1.2,none,4,8,0.2
C_k9_1od_x1.2,none,4,9,0.2
C_k9_1od_x1.2,none,5,6,0.058823529411764705
C_k9_1od_x1.2,none,5,7,0.125
C_k9_1od_x1.2,none,5,8,0.2
C_k9_1od_x1.2,none,5,9,0.058823529411764705
C_k9_1od_x1.2,none,6,7,0.125
C_k9_1od_x1.2,none,6,8,0.2
C_k9_1od_x1.2,none,6,9,0.058823529411764705
C_k9_1od_x1.2,none,7,8,0.125
C_k9_1od_x1.2,none,7,9,0.2
C_k9_1od_x1.2,none,8,9,0.125
C_k9_2od_x0.8,both,0,1,0.2
C_k9_2od_x0.8,both,0,2,0.0
C_k9_2od_x0.8,both,0,3,0.0
C_k9_2od_x0.8,both,0,4,0.125
C_k9_2od_x0.8,both,0,5,0.058823529411764705
C_k9_2od_x0.8,both,0,6,0.0
C_k9_2od_x0.8,both,0,7,0.125
C_k9_2od_x0.8,both,0,8,0.2
C_k9_2od_x0.8,both,0,9,0.058823529411764705
C_k9_2od_x0.8,both,1,2,0.2
C_k9_2od_x0.8,both,1,3,0.125
C_k9_2od_x0.8,both,1,4,0.058823529411764705
C_k9_2od_x0.8,both,1,5,0.2
C_k9_2od_x0.8,both,1,6,0.058823529411764705
C_k9_2od_x0.8,both,1,7,0.125
C_k9_2od_x0.8,both,1,8,0.2
C_k9_2od_x0.8,both,1,9,0.125
C_k9_2od_x0.8,both,2,3,0.2
C_k9_2od_x0.8,both,2,4,0.058823529411764705
C_k9_2od_x0.8,both,2,5,0.125
C_k9_2od_x0.8,both,2,6,0.0
C_k9_2od_x0.8,both,2,7,0.058823529411764705
C_k9_2od_x0.8,both,2,8,0.0
C_k9_2od_x0.8,both,2,9,0.058823529411764705
C_k9_2od_x0.8,both,3,4,0.058823529411764705
C_k9_2od_x0.8,both,3,5,0.058823529411764705
C_k9_2od_x0.8,both,3,6,0.058823529411764705
C_k9_2od_x0.8,both,3,7,0.0
C_k9_2od_x0.8,both,3,8,0.058823529411764705
C_k9_2od_x0.8,both,3,9,0.2
C_k9_2od_x0.8,both,4,5,0.125
C_k9_2od_x0.8,both,4,6,0.125
C_k9_2od_x0.8,both,4,7,0.058823529411764705
C_k9_2od_x0.8,both,4,8,0.0
C_k9_2od_x0.8,both,4,9,0.2
C_k9_2od_x0.8,both,5,6,0.0
C_k9_2od_x0.8,both,5,7,0.058823529411764705
C_k9_2od_x0.8,both,5,8,0.0
C_k9_2od_x0.8,both,5,9,0.058823529411764705
C_k9_2od_x0.8,both,6,7,0.058823529411764705
C_k9_2od_x0.8,both,6,8,0.058823529411764705
C_k9_2od_x0.8,both,6,9,0.058823529411764705
C_k9_2od_x0.8,both,7,8,0.125
C_k9_2od_x0.8,both,7,9,0.0
C_k9_2od_x0.8,both,8,9,0.125
C_k9_2od_x0.8,init,0,1,0.0
C_k9_2od_x0.8,init,0,2,0.058823529411764705
C_k9_2od_x0.8,init,0,3,0.125
C_k9_2od_x0.8,init,0,4,0.2
C_k9_2od_x0.8,init,0,5,0.058823529411764705
C_k9_2od_x0.8,init,0,6,0.058823529411764705
C_k9_2od_x0.8,init,0,7,0.058823529411764705
C_k9_2od_x0.8,init,0,8,0.125
C_k9_2od_x0.8,init,0,9,0.125
C_k9_2od_x0.8,init,1,2,0.125
C_k9_2od_x0.8,init,1,3,0.0
C_k9_2od_x0.8,init,1,4,0.058823529411764705
C_k9_2od_x0.8,init,1,5,0.058823529411764705
C_k9_2od_x0.8,init,1,6,0.0
C_k9_2od_x0.8,init,1,7,0.0
C_k9_2od_x0.8,init,1,8,0.0
C_k9_2od_x0.8,init,1,9,0.058823529411764705
C_k9_2od_x0.8,init,2,3,0.058823529411764705
C_k9_2od_x0.8,init,2,4,0.058823529411764705
C_k9_2od_x0.8,init,2,5,0.058823529411764705
C_k9_2od_x0.8,init,2,6,0.058823529411764705
C_k9_2od_x0.8,init,2,7,0.2
C_k9_2od_x0.8,init,2,8,0.125
C_k9_2od_x0.8,init,2,9,0.125
C_k9_2od_x0.8,init,3,4,0.2
C_k9_2od_x0.8,init,3,5,0.125
C_k9_2od_x0.8,init,3,6,0.125
C_k9_2od_x0.8,init,3,7,0.0
C_k9_2od_x0.8,init,3,8,0.0
C_k9_2od_x0.8,init,3,9,0.0
C_k9_2od_x0.8,init,4,5,0.2
C_k9_2od_x0.8,init,4,6,0.0
C_k9_2od_x0.8,init,4,7,0.058823529411764705
C_k9_2od_x0.8,init,4,8,0.058823529411764705
C_k9_2od_x0.8,init,4,9,0.058823529411764705
C_k9_2od_x0.8,init,5,6,0.058823529411764705
C_k9_2od_x0.8,init,5,7,0.125
C_k9_2od_x0.8,init,5,8,0.058823529411764705
C_k9_2od_x0.8,init,5,9,0.058823529411764705
C_k9_2od_x0.8,init,6,7,0.0
C_k9_2od_x0.8,init,6,8,0.125
C_k9_2od_x0.8,init,6,9,0.0
C_k9_2od_x0.8,init,7,8,0.125
C_k9_2od_x0.8,init,7,9,0.125
C_k9_2od_x0.8,init,8,9,0.058823529411764705
C_k9_2od_x0.8,mutation,0,1,0.058823529411764705
C_k9_2od_x0.8,mutation,0,2,0.0
C_k9_2od_x0.8,mutation,0,3,0.2
C_k9_2od_x0.8,mutation,0,4,0.07142857142857142
C_k9_2od_x0.8,mutation,0,5,0.058823529411764705
C_k9_2od_x0.8,mutation,0,6,0.2
C_k9_2od_x0.8,mutation,0,7,0.058823529411764705
C_k9_2od_x0.8,mutation,0,8,0.125
C_k9_2od_x0.8,mutation,0,9,0.058823529411764705
C_k9_2od_x0.8,mutation,1,2,0.0
C_k9_2od_x0.8,mutation,1,3,0.2
C_k9_2od_x0.8,mutation,1,4,0.0
C_k9_2od_x0.8,mutation,1,5,0.058823529411764705
C_k9_2od_x0.8,mutation,1,6,0.125
C_k9_2od_x0.8,mutation,1,7,0.125
C_k9_2od_x0.8,mutation,1,8,0.125
C_k9_2od_x0.8,mutation,1,9,0.125
C_k9_2od_x0.8,mutation,2,3,0.0
C_k9_2od_x0.8,mutation,2,4,0.07142857142857142
C_k9_2od_x0.8,mutation,2,5,0.125
C_k9_2od_x0.8,mutation,2,6,0.058823529411764705
C_k9_2od_x0.8,mutation,2,7,0.125
C_k9_2od_x0.8,mutation,2,8,0.058823529411764705
C_k9_2od_x0.8,mutation,2,9,0.125
C_k9_2od_x0.8,mutation,3,4,0.15384615384615385
C_k9_2od_x0.8,mutation,3,5,0.058823529411764705
C_k9_2od_x0.8,mutation,3,6,0.058823529411764705
C_k9_2od_x0.8,mutation,3,7,0.058823529411764705
C_k9_2od_x0.8,mutation,3,8,0.125
C_k9_2od_x0.8,mutation,3,9,0.125
C_k9_2od_x0.8,mutation,4,5,0.0
C_k9_2od_x0.8,mutation,4,6,0.0
C_k9_2od_x0.8,mutation,4,7,0.0
C_k9_2od_x0.8,mutation,4,8,0.0
C_k9_2od_x0.8,mutation,4,9,0.0
C_k9_2od_x0.8,mutation,5,6,0.058823529411764705
C_k9_2od_x0.8,mutation,5,7,0.058823529411764705
C_k9_2od_x0.8,mutation,5,8,0.2857142857142857
C_k9_2od_x0.8,mutation,5,9,0.058823529411764705
C_k9_2od_x0.8,mutation,6,7,0.38461538461538464
C_k9_2od_x0.8,mutation,6,8,0.2
C_k9_2od_x0.8,mutation,6,9,0.2
C_k9_2od_x0.8,mutation,7,8,0.125
C_k9_2od_x0.8,mutation,7,9,0.058823529411764705
C_k9_2od_x0.8,mutation,8,9,0.125
C_k9_2od_x0.8,none,0,1,0.0
C_k9_2od_x0.8,none,0,2,0.125
C_k9_2od_x0.8,none,0,3,0.0
C_k9_2od_x0.8,none,0,4,0.15384615384615385
C_k9_2od_x0.8,none,0,5,0.058823529411764705
C_k9_2od_x0.8,none,0,6,0.058823529411764705
C_k9_2od_x0.8,none,0,7,0.2
C_k9_2od_x0.8,none,0,8,0.0
C_k9_2od_x0.8,none,0,9,0.0
C_k9_2od_x0.8,none,1,2,0.125
C_k9_2od_x0.8,none,1,3,0.058823529411764705
C_k9_2od_x0.8,none,1,4,0.07142857142857142
C_k9_2od_x0.8,none,1,5,0.058823529411764705
C_k9_2od_x0.8,none,1,6,0.058823529411764705
C_k9_2od_x0.8,none,1,7,0.0
C_k9_2od_x0.8,none,1,8,0.058823529411764705
C_k9_2od_x0.8,none,1,9,0.058823529411764705
C_k9_2od_x0.8,none,2,3,0.0
C_k9_2od_x0.8,none,2,4,0.0
C_k9_2od_x0.8,none,2,5,0.0
C_k9_2od_x0.8,none,2,6,0.058823529411764705
C_k9_2od_x0.8,none,2,7,0.125
C_k9_2od_x0.8,none,2,8,0.0
C_k9_2od_x0.8,none,2,9,0.0
C_k9_2od_x0.8,none,3,4,0.07142857142857142
C_k9_2od_x0.8,none,3,5,0.058823529411764705
C_k9_2od_x0.8,none,3,6,0.2
C_k9_2od_x0.8,none,3,7,0.2
C_k9_2od_x0.8,none,3,8,0.2857142857142857
C_k9_2od_x0.8,none,3,9,0.125
C_k9_2od_x0.8,none,4,5,0.07142857142857142
C_k9_2od_x0.8,none,4,6,0.07142857142857142
C_k9_2od_x0.8,none,4,7,0.0
C_k9_2od_x0.8,none,4,8,0.07142857142857142
C_k9_2od_x0.8,none,4,9,0.15384615384615385
C_k9_2od_x0.8,none,5,6,0.2
C_k9_2od_x0.8,none,5,7,0.058823529411764705
C_k9_2od_x0.8,none,5,8,0.2857142857142857
C_k9_2od_x0.8,none,5,9,0.2
C_k9_2od_x0.8,none,6,7,0.125
C_k9_2od_x0.8,none,6,8,0.2857142857142857
C_k9_2od_x0.8,none,6,9,0.125
C_k9_2od_x0.8,none,7,8,0.0
C_k9_2od_x0.8,none,7,9,0.0
C_k9_2od_x0.8,none,8,9,0.125
C_k9_2od_x1.0,both,0,1,0.0
C_k9_2od_x1.0,both,0,2,0.058823529411764705
C_k9_2od_x1.0,both,0,3,0.058823529411764705
C_k9_2od_x1.0,both,0,4,0.058823529411764705
C_k9_2od_x1.0,both,0,5,0.058823529411764705
C_k9_2od_x1.0,both,0,6,0.125
C_k9_2od_x1.0,both,0,7,0.058823529411764705
C_k9_2od_x1.0,both,0,8,0.125
C_k9_2od_x1.0,both,0,9,0.07692307692307693
C_k9_2od_x1.0,both,1,2,0.0
C_k9_2od_x1.0,both,1,3,0.058823529411764705
C_k9_2od_x1.0,both,1,4,0.058823529411764705
C_k9_2od_x1.0,both,1,5,0.058823529411764705
C_k9_2od_x1.0,both,1,6,0.125
C_k9_2od_x1.0,both,1,7,0.058823529411764705
C_k9_2od_x1.0,both,1,8,0.125
C_k9_2od_x1.0,both,1,9,0.0
C_k9_2od_x1.0,both,2,3,0.058823529411764705
C_k9_2od_x1.0,both,2,4,0.2
C_k9_2od_x1.0,both,2,5,0.0
C_k9_2od_x1.0,both,2,6,0.058823529411764705
C_k9_2od_x1.0,both,2,7,0.058823529411764705
C_k9_2od_x1.0,both,2,8,0.058823529411764705
C_k9_2od_x1.0,both,2,9,0.16666666666666666
C_k9_2od_x1.0,both,3,4,0.0
C_k9_2od_x1.0,both,3,5,0.058823529411764705
C_k9_2od_x1.0,both,3,6,0.058823529411764705
C_k9_2od_x1.0,both,3,7,0.058823529411764705
C_k9_2od_x1.0,both,3,8,0.058823529411764705
C_k9_2od_x1.0,both,3,9,0.16666666666666666
C_k9_2od_x1.0,both,4,5,0.0
C_k9_2od_x1.0,both,4,6,0.058823529411764705
C_k9_2od_x1.0,both,4,7,0.125
C_k9_2od_x1.0,both,4,8,0.0
C_k9_2od_x1.0,both,4,9,0.0
C_k9_2od_x1.0,both,5,6,0.058823529411764705
C_k9_2od_x1.0,both,5,7,0.125
C_k9_2od_x1.0,both,5,8,0.058823529411764705
C_k9_2od_x1.0,both,5,9,0.07692307692307693
C_k9_2od_x1.0,both,6,7,0.2
C_k9_2od_x1.0,both,6,8,0.125
C_k9_2od_x1.0,both,6,9,0.07692307692307693
C_k9_2od_x1.0,both,7,8,0.2
C_k9_2od_x1.0,both,7,9,0.07692307692307693
C_k9_2od_x1.0,both,8,9,0.07692307692307693
C_k9_2od_x1.0,init,0,1,0.058823529411764705
C_k9_2od_x1.0,init,0,2,0.058823529411764705
C_k9_2od_x1.0,init,0,3,0.058823529411764705
C_k9_2od_x1.0,init,0,4,0.0
C_k9_2od_x1.0,init,0,5,0.058823529411764705
C_k9_2od_x1.0,init,0,6,0.058823529411764705
C_k9_2od_x1.0,init,0,7,0.125
C_k9_2od_x1.0,init,0,8,0.125
C_k9_2od_x1.0,init,0,9,0.125
C_k9_2od_x1.0,init,1,2,0.2
C_k9_2od_x1.0,init,1,3,0.125
C_k9_2od_x1.0,init,1,4,0.2
C_k9_2od_x1.0,init,1,5,0.2
C_k9_2od_x1.0,init,1,6,0.2
C_k9_2od_x1.0,init,1,7,0.058823529411764705
C_k9_2od_x1.0,init,1,8,0.0
C_k9_2od_x1.0,init,1,9,0.125
C_k9_2od_x1.0,init,2,3,0.2
C_k9_2od_x1.0,init,2,4,0.125
C_k9_2od_x1.0,init,2,5,0.2
C_k9_2od_x1.0,init,2,6,0.2
C_k9_2od_x1.0,init,2,7,0.058823529411764705
C_k9_2od_x1.0,init,2,8,0.0
C_k9_2od_x1.0,init,2,9,0.058823529411764705
C_k9_2od_x1.0,init,3,4,0.058823529411764705
C_k9_2od_x1.0,init,3,5,0.125
C_k9_2od_x1.0,init,3,6,0.125
C_k9_2od_x1.0,init,3,7,0.058823529411764705
C_k9_2od_x1.0,init,3,8,0.125
C_k9_2od_x1.0,init,3,9,0.2
C_k9_2od_x1.0,init,4,5,0.058823529411764705
C_k9_2od_x1.0,init,4,6,0.058823529411764705
C_k9_2od_x1.0,init,4,7,0.0
C_k9_2od_x1.0,init,4,8,0.0
C_k9_2od_x1.0,init,4,9,0.125
C_k9_2od_x1.0,init,5,6,0.5
C_k9_2od_x1.0,init,5,7,0.058823529411764705
C_k9_2od_x1.0,init,5,8,0.0
C_k9_2od_x1.0,init,5,9,0.125
C_k9_2od_x1.0,init,6,7,0.0
C_k9_2od_x1.0,init,6,8,0.0
C_k9_2od_x1.0,init,6,9,0.058823529411764705
C_k9_2od_x1.0,init,7,8,0.058823529411764705
C_k9_2od_x1.0,init,7,9,0.0
C_k9_2od_x1.0,init,8,9,0.058823529411764705
C_k9_2od_x1.0,mutation,0,1,0.0
C_k9_2od_x1.0,mutation,0,2,0.0
C_k9_2od_x1.0,mutation,0,3,0.1
C_k9_2od_x1.0,mutation,0,4,0.2
C_k9_2od_x1.0,mutation,0,5,0.0
C_k9_2od_x1.0,mutation,0,6,0.125
C_k9_2od_x1.0,mutation,0,7,0.058823529411764705
C_k9_2od_x1.0,mutation,0,8,0.2
C_k9_2od_x1.0,mutation,0,9,0.125
C_k9_2od_x1.0,mutation,1,2,0.125
C_k9_2od_x1.0,mutation,1,3,0.1
C_k9_2od_x1.0,mutation,1,4,0.058823529411764705
C_k9_2od_x1.0,mutation,1,5,0.0
C_k9_2od_x1.0,mutation,1,6,0.058823529411764705
C_k9_2od_x1.0,mutation,1,7,0.058823529411764705
C_k9_2od_x1.0,mutation,1,8,0.125
C_k9_2od_x1.0,mutation,1,9,0.0
C_k9_2od_x1.0,mutation,2,3,0.1
C_k9_2od_x1.0,mutation,2,4,0.0
C_k9_2od_x1.0,mutation,2,5,0.2
C_k9_2od_x1.0,mutation,2,6,0.125
C_k9_2od_x1.0,mutation,2,7,0.058823529411764705
C_k9_2od_x1.0,mutation,2,8,0.058823529411764705
C_k9_2od_x1.0,mutation,2,9,0.2
C_k9_2od_x1.0,mutation,3,4,0.0
C_k9_2od_x1.0,mutation,3,5,0.0
C_k9_2od_x1.0,mutation,3,6,0.0
C_k9_2od_x1.0,mutation,3,7,0.0
C_k9_2od_x1.0,mutation,3,8,0.1
C_k9_2od_x1.0,mutation,3,9,0.0
C_k9_2od_x1.0,mutation,4,5,0.058823529411764705
C_k9_2od_x1.0,mutation,4,6,0.125
C_k9_2od_x1.0,mutation,4,7,0.0
C_k9_2od_x1.0,mutation,4,8,0.2857142857142857
C_k9_2od_x1.0,mutation,4,9,0.058823529411764705
C_k9_2od_x1.0,mutation,5,6,0.058823529411764705
C_k9_2od_x1.0,mutation,5,7,0.125
C_k9_2od_x1.0,mutation,5,8,0.0
C_k9_2od_x1.0,mutation,5,9,0.058823529411764705
C_k9_2od_x1.0,mutation,6,7,0.058823529411764705
C_k9_2od_x1.0,mutation,6,8,0.125
C_k9_2od_x1.0,mutation,6,9,0.0
C_k9_2od_x1.0,mutation,7,8,0.0
C_k9_2od_x1.0,mutation,7,9,0.058823529411764705
C_k9_2od_x1.0,mutation,8,9,0.058823529411764705
C_k9_2od_x1.0,none,0,1,0.058823529411764705
C_k9_2od_x1.0,none,0,2,0.058823529411764705
C_k9_2od_x1.0,none,0,3,0.058823529411764705
C_k9_2od_x1.0,none,0,4,0.0
C_k9_2od_x1.0,none,0,5,0.125
C_k9_2od_x1.0,none,0,6,0.125
C_k9_2od_x1.0,none,0,7,0.058823529411764705
C_k9_2od_x1.0,none,0,8,0.125
C_k9_2od_x1.0,none,0,9,0.058823529411764705
C_k9_2od_x1.0,none,1,2,0.058823529411764705
C_k9_2od_x1.0,none,1,3,0.0
C_k9_2od_x1.0,none,1,4,0.125
C_k9_2od_x1.0,none,1,5,0.058823529411764705
C_k9_2od_x1.0,none,1,6,0.0
C_k9_2od_x1.0,none,1,7,0.0
C_k9_2od_x1.0,none,1,8,0.058823529411764705
C_k9_2od_x1.0,none,1,9,0.058823529411764705
C_k9_2od_x1.0,none,2,3,0.058823529411764705
C_k9_2od_x1.0,none,2,4,0.2
C_k9_2od_x1.0,none,2,5,0.058823529411764705
C_k9_2od_x1.0,none,2,6,0.058823529411764705
C_k9_2od_x1.0,none,2,7,0.125
C_k9_2od_x1.0,none,2,8,0.2
C_k9_2od_x1.0,none,2,9,0.125
C_k9_2od_x1.0,none,3,4,0.058823529411764705
C_k9_2od_x1.0,none,3,5,0.058823529411764705
C_k9_2od_x1.0,none,3,6,0.058823529411764705
C_k9_2od_x1.0,none,3,7,0.2
C_k9_2od_x1.0,none,3,8,0.0
C_k9_2od_x1.0,none,3,9,0.058823529411764705
C_k9_2od_x1.0,none,4,5,0.125
C_k9_2od_x1.0,none,4,6,0.0
C_k9_2od_x1.0,none,4,7,0.2
C_k9_2od_x1.0,none,4,8,0.125
C_k9_2od_x1.0,none,4,9,0.058823529411764705
C_k9_2od_x1.0,none,5,6,0.0
C_k9_2od_x1.0,none,5,7,0.058823529411764705
C_k9_2od_x1.0,none,5,8,0.058823529411764705
C_k9_2od_x1.0,none,5,9,0.0
C_k9_2od_x1.0,none,6,7,0.2
C_k9_2od_x1.0,none,6,8,0.125
C_k9_2od_x1.0,none,6,9,0.125
C_k9_2od_x1.0,none,7,8,0.058823529411764705
C_k9_2od_x1.0,none,7,9,0.058823529411764705
C_k9_2od_x1.0,none,8,9,0.125
C_k9_2od_x1.2,both,0,1,0.0
C_k9_2od_x1.2,both,0,2,0.0
C_k9_2od_x1.2,both,0,3,0.058823529411764705
C_k9_2od_x1.2,both,0,4,0.125
C_k9_2od_x1.2,both,0,5,0.2
C_k9_2od_x1.2,both,0,6,0.125
C_k9_2od_x1.2,both,0,7,0.0
C_k9_2od_x1.2,both,0,8,0.058823529411764705
C_k9_2od_x1.2,both,0,9,0.058823529411764705
C_k9_2od_x1.2,both,1,2,0.058823529411764705
C_k9_2od_x1.2,both,1,3,0.058823529411764705
C_k9_2od_x1.2,both,1,4,0.058823529411764705
C_k9_2od_x1.2,both,1,5,0.058823529411764705
C_k9_2od_x1.2,both,1,6,0.058823529411764705
C_k9_2od_x1.2,both,1,7,0.058823529411764705
C_k9_2od_x1.2,both,1,8,0.125
C_k9_2od_x1.2,both,1,9,0.058823529411764705
C_k9_2od_x1.2,both,2,3,0.0
C_k9_2od_x1.2,both,2,4,0.0
C_k9_2od_x1.2,both,2,5,0.0
C_k9_2od_x1.2,both,2,6,0.058823529411764705
C_k9_2od_x1.2,both,2,7,0.0
C_k9_2od_x1.2,both,2,8,0.125
C_k9_2od_x1.2,both,2,9,0.0
C_k9_2od_x1.2,both,3,4,0.125
C_k9_2od_x1.2,both,3,5,0.125
C_k9_2od_x1.2,both,3,6,0.2857142857142857
C_k9_2od_x1.2,both,3,7,0.058823529411764705
C_k9_2od_x1.2,both,3,8,0.125
C_k9_2od_x1.2,both,3,9,0.125
C_k9_2od_x1.2,both,4,5,0.125
C_k9_2od_x1.2,both,4,6,0.125
C_k9_2od_x1.2,both,4,7,0.058823529411764705
C_k9_2od_x1.2,both,4,8,0.058823529411764705
C_k9_2od_x1.2,both,4,9,0.125
C_k9_2od_x1.2,both,5,6,0.125
C_k9_2od_x1.2,both,5,7,0.058823529411764705
C_k9_2od_x1.2,both,5,8,0.058823529411764705
C_k9_2od_x1.2,both,5,9,0.125
C_k9_2od_x1.2,both,6,7,0.125
C_k9_2od_x1.2,both,6,8,0.0
C_k9_2od_x1.2,both,6,9,0.058823529411764705
C_k9_2od_x1.2,both,7,8,0.0
C_k9_2od_x1.2,both,7,9,0.058823529411764705
C_k9_2od_x1.2,both,8,9,0.058823529411764705
C_k9_2od_x1.2,init,0,1,0.125
C_k9_2od_x1.2,init,0,2,0.058823529411764705
C_k9_2od_x1.2,init,0,3,0.125
C_k9_2od_x1.2,init,0,4,0.0
C_k9_2od_x1.2,init,0,5,0.125
C_k9_2od_x1.2,init,0,6,0.125
C_k9_2od_x1.2,init,0,7,0.058823529411764705
C_k9_2od_x1.2,init,0,8,0.058823529411764705
C_k9_2od_x1.2,init,0,9,0.125
C_k9_2od_x1.2,init,1,2,0.058823529411764705
C_k9_2od_x1.2,init,1,3,0.0
C_k9_2od_x1.2,init,1,4,0.125
C_k9_2od_x1.2,init,1,5,0.0
C_k9_2od_x1.2,init,1,6,0.0
C_k9_2od_x1.2,init,1,7,0.125
C_k9_2od_x1.2,init,1,8,0.125
C_k9_2od_x1.2,init,1,9,0.125
C_k9_2od_x1.2,init,2,3,0.125
C_k9_2od_x1.2,init,2,4,0.058823529411764705
C_k9_2od_x1.2,init,2,5,0.125
C_k9_2od_x1.2,init,2,6,0.2
C_k9_2od_x1.2,init,2,7,0.058823529411764705
C_k9_2od_x1.2,init,2,8,0.058823529411764705
C_k9_2od_x1.2,init,2,9,0.058823529411764705
C_k9_2od_x1.2,init,3,4,0.125
C_k9_2od_x1.2,init,3,5,0.2
C_k9_2od_x1.2,init,3,6,0.058823529411764705
C_k9_2od_x1.2,init,3,7,0.058823529411764705
C_k9_2od_x1.2,init,3,8,0.0
C_k9_2od_x1.2,init,3,9,0.2
C_k9_2od_x1.2,init,4,5,0.125
C_k9_2od_x1.2,init,4,6,0.125
C_k9_2od_x1.2,init,4,7,0.058823529411764705
C_k9_2od_x1.2,init,4,8,0.058823529411764705
C_k9_2od_x1.2,init,4,9,0.0
C_k9_2od_x1.2,init,5,6,0.058823529411764705
C_k9_2od_x1.2,init,5,7,0.0
C_k9_2od_x1.2,init,5,8,0.0
C_k9_2od_x1.2,init,5,9,0.058823529411764705
C_k9_2od_x1.2,init,6,7,0.0
C_k9_2od_x1.2,init,6,8,0.058823529411764705
C_k9_2od_x1.2,init,6,9,0.0
C_k9_2od_x1.2,init,7,8,0.0
C_k9_2od_x1.2,init,7,9,0.058823529411764705
C_k9_2od_x1.2,init,8,9,0.058823529411764705
C_k9_2od_x1.2,mutation,0,1,0.2
C_k9_2od_x1.2,mutation,0,2,0.125
C_k9_2od_x1.2,mutation,0,3,0.058823529411764705
C_k9_2od_x1.2,mutation,0,4,0.0
C_k9_2od_x1.2,mutation,0,5,0.058823529411764705
C_k9_2od_x1.2,mutation,0,6,0.058823529411764705
C_k9_2od_x1.2,mutation,0,7,0.058823529411764705
C_k9_2od_x1.2,mutation,0,8,0.058823529411764705
C_k9_2od_x1.2,mutation,0,9,0.0
C_k9_2od_x1.2,mutation,1,2,0.058823529411764705
C_k9_2od_x1.2,mutation,1,3,0.058823529411764705
C_k9_2od_x1.2,mutation,1,4,0.125
C_k9_2od_x1.2,mutation,1,5,0.058823529411764705
C_k9_2od_x1.2,mutation,1,6,0.0
C_k9_2od_x1.2,mutation,1,7,0.125
C_k9_2od_x1.2,mutation,1,8,0.0
C_k9_2od_x1.2,mutation,1,9,0.058823529411764705
C_k9_2od_x1.2,mutation,2,3,0.058823529411764705
C_k9_2od_x1.2,mutation,2,4,0.125
C_k9_2od_x1.2,mutation,2,5,0.125
C_k9_2od_x1.2,mutation,2,6,0.125
C_k9_2od_x1.2,mutation,2,7,0.058823529411764705
C_k9_2od_x1.2,mutation,2,8,0.058823529411764705
C_k9_2od_x1.2,mutation,2,9,0.0
C_k9_2od_x1.2,mutation,3,4,0.058823529411764705
C_k9_2od_x1.2,mutation,3,5,0.0
C_k9_2od_x1.2,mutation,3,6,0.0
C_k9_2od_x1.2,mutation,3,7,0.058823529411764705
C_k9_2od_x1.2,mutation,3,8,0.058823529411764705
C_k9_2od_x1.2,mutation,3,9,0.0
C_k9_2od_x1.2,mutation,4,5,0.0
C_k9_2od_x1.2,mutation,4,6,0.058823529411764705
C_k9_2od_x1.2,mutation,4,7,0.0
C_k9_2od_x1.2,mutation,4,8,0.058823529411764705
C_k9_2od_x1.2,mutation,4,9,0.058823529411764705
C_k9_2od_x1.2,mutation,5,6,0.38461538461538464
C_k9_2od_x1.2,mutation,5,7,0.2
C_k9_2od_x1.2,mutation,5,8,0.0
C_k9_2od_x1.2,mutation,5,9,0.058823529411764705
C_k9_2od_x1.2,mutation,6,7,0.058823529411764705
C_k9_2od_x1.2,mutation,6,8,0.058823529411764705
C_k9_2od_x1.2,mutation,6,9,0.0
C_k9_2od_x1.2,mutation,7,8,0.0
C_k9_2od_x1.2,mutation,7,9,0.058823529411764705
C_k9_2od_x1.2,mutation,8,9,0.125
C_k9_2od_x1.2,none,0,1,0.0
C_k9_2od_x1.2,none,0,2,0.058823529411764705
C_k9_2od_x1.2,none,0,3,0.058823529411764705
C_k9_2od_x1.2,none,0,4,0.0
C_k9_2od_x1.2,none,0,5,0.058823529411764705
C_k9_2od_x1.2,none,0,6,0.0
C_k9_2od_x1.2,none,0,7,0.058823529411764705
C_k9_2od_x1.2,none,0,8,0.058823529411764705
C_k9_2od_x1.2,none,0,9,0.0
C_k9_2od_x1.2,none,1,2,0.07692307692307693
C_k9_2od_x1.2,none,1,3,0.0
C_k9_2od_x1.2,none,1,4,0.0
C_k9_2od_x1.2,none,1,5,0.0
C_k9_2od_x1.2,none,1,6,0.07692307692307693
C_k9_2od_x1.2,none,1,7,0.07692307692307693
C_k9_2od_x1.2,none,1,8,0.0
C_k9_2od_x1.2,none,1,9,0.07692307692307693
C_k9_2od_x1.2,none,2,3,0.058823529411764705
C_k9_2od_x1.2,none,2,4,0.058823529411764705
C_k9_2od_x1.2,none,2,5,0.125
C_k9_2od_x1.2,none,2,6,0.125
C_k9_2od_x1.2,none,2,7,0.0
C_k9_2od_x1.2,none,2,8,0.125
C_k9_2od_x1.2,none,2,9,0.058823529411764705
C_k9_2od_x1.2,none,3,4,0.0
C_k9_2od_x1.2,none,3,5,0.058823529411764705
C_k9_2od_x1.2,none,3,6,0.058823529411764705
C_k9_2od_x1.2,none,3,7,0.058823529411764705
C_k9_2od_x1.2,none,3,8,0.0
C_k9_2od_x1.2,none,3,9,0.0
C_k9_2od_x1.2,none,4,5,0.2
C_k9_2od_x1.2,none,4,6,0.058823529411764705
C_k9_2od_x1.2,none,4,7,0.125
C_k9_2od_x1.2,none,4,8,0.0
C_k9_2od_x1.2,none,4,9,0.058823529411764705
C_k9_2od_x1.2,none,5,6,0.058823529411764705
C_k9_2od_x1.2,none,5,7,0.0
C_k9_2od_x1.2,none,5,8,0.058823529411764705
C_k9_2od_x1.2,none,5,9,0.058823529411764705
C_k9_2od_x1.2,none,6,7,0.058823529411764705
C_k9_2od_x1.2,none,6,8,0.125
C_k9_2od_x1.2,none,6,9,0.058823529411764705
C_k9_2od_x1.2,none,7,8,0.0
C_k9_2od_x1.2,none,7,9,0.058823529411764705
C_k9_2od_x1.2,none,8,9,0.0
C_k9_3od_x0.8,both,0,1,0.125
C_k9_3od_x0.8,both,0,2,0.058823529411764705
C_k9_3od_x0.8,both,0,3,0.058823529411764705
C_k9_3od_x0.8,both,0,4,0.0
C_k9_3od_x0.8,both,0,5,0.0
C_k9_3od_x0.8,both,0,6,0.0
C_k9_3od_x0.8,both,0,7,0.058823529411764705
C_k9_3od_x0.8,both,0,8,0.058823529411764705
C_k9_3od_x0.8,both,0,9,0.058823529411764705
C_k9_3od_x0.8,both,1,2,0.125
C_k9_3od_x0.8,both,1,3,0.125
C_k9_3od_x0.8,both,1,4,0.2857142857142857
C_k9_3od_x0.8,both,1,5,0.058823529411764705
C_k9_3od_x0.8,both,1,6,0.058823529411764705
C_k9_3od_x0.8,both,1,7,0.125
C_k9_3od_x0.8,both,1,8,0.058823529411764705
C_k9_3od_x0.8,both,1,9,0.125
C_k9_3od_x0.8,both,2,3,0.058823529411764705
C_k9_3od_x0.8,both,2,4,0.2
C_k9_3od_x0.8,both,2,5,0.125
C_k9_3od_x0.8,both,2,6,0.058823529411764705
C_k9_3od_x0.8,both,2,7,0.2
C_k9_3od_x0.8,both,2,8,0.2857142857142857
C_k9_3od_x0.8,both,2,9,0.125
C_k9_3od_x0.8,both,3,4,0.058823529411764705
C_k9_3od_x0.8,both,3,5,0.058823529411764705
C_k9_3od_x0.8,both,3,6,0.058823529411764705
C_k9_3od_x0.8,both,3,7,0.058823529411764705
C_k9_3od_x0.8,both,3,8,0.125
C_k9_3od_x0.8,both,3,9,0.058823529411764705
C_k9_3od_x0.8,both,4,5,0.2
C_k9_3od_x0.8,both,4,6,0.058823529411764705
C_k9_3od_x0.8,both,4,7,0.058823529411764705
C_k9_3od_x0.8,both,4,8,0.058823529411764705
C_k9_3od_x0.8,both,4,9,0.2
C_k9_3od_x0.8,both,5,6,0.125
C_k9_3od_x0.8,both,5,7,0.125
C_k9_3od_x0.8,both,5,8,0.2
C_k9_3od_x0.8,both,5,9,0.125
C_k9_3od_x0.8,both,6,7,0.058823529411764705
C_k9_3od_x0.8,both,6,8,0.058823529411764705
C_k9_3od_x0.8,both,6,9,0.125
C_k9_3od_x0.8,both,7,8,0.125
C_k9_3od_x0.8,both,7,9,0.125
C_k9_3od_x0.8,both,8,9,0.058823529411764705
C_k9_3od_x0.8,init,0,1,0.125
C_k9_3od_x0.8,init,0,2,0.058823529411764705
C_k9_3od_x0.8,init,0,3,0.058823529411764705
C_k9_3od_x0.8,init,0,4,0.058823529411764705
C_k9_3od_x0.8,init,0,5,0.058823529411764705
C_k9_3od_x0.8,init,0,6,0.058823529411764705
C_k9_3od_x0.8,init,0,7,0.0
C_k9_3od_x0.8,init,0,8,0.058823529411764705
C_k9_3od_x0.8,init,0,9,0.125
C_k9_3od_x0.8,init,1,2,0.058823529411764705
C_k9_3od_x0.8,init,1,3,0.058823529411764705
C_k9_3od_x0.8,init,1,4,0.058823529411764705
C_k9_3od_x0.8,init,1,5,0.058823529411764705
C_k9_3od_x0.8,init,1,6,0.125
C_k9_3od_x0.8,init,1,7,0.058823529411764705
C_k9_3od_x0.8,init,1,8,0.058823529411764705
C_k9_3od_x0.8,init,1,9,0.058823529411764705
C_k9_3od_x0.8,init,2,3,0.058823529411764705
C_k9_3od_x0.8,init,2,4,0.058823529411764705
C_k9_3od_x0.8,init,2,5,0.058823529411764705
C_k9_3od_x0.8,init,2,6,0.058823529411764705
C_k9_3od_x0.8,init,2,7,0.0
C_k9_3od_x0.8,init,2,8,0.0
C_k9_3od_x0.8,init,2,9,0.0
C_k9_3od_x0.8,init,3,4,0.125
C_k9_3od_x0.8,init,3,5,0.0
C_k9_3od_x0.8,init,3,6,0.125
C_k9_3od_x0.8,init,3,7,0.058823529411764705
C_k9_3od_x0.8,init,3,8,0.058823529411764705
C_k9_3od_x0.8,init,3,9,0.058823529411764705
C_k9_3od_x0.8,init,4,5,0.125
C_k9_3od_x0.8,init,4,6,0.058823529411764705
C_k9_3od_x0.8,init,4,7,0.058823529411764705
C_k9_3od_x0.8,init,4,8,0.125
C_k9_3od_x0.8,init,4,9,0.125
C_k9_3od_x0.8,init,5,6,0.058823529411764705
C_k9_3od_x0.8,init,5,7,0.2
C_k9_3od_x0.8,init,5,8,0.0
C_k9_3od_x0.8,init,5,9,0.058823529411764705
C_k9_3od_x0.8,init,6,7,0.125
C_k9_3od_x0.8,init,6,8,0.125
C_k9_3od_x0.8,init,6,9,0.0
C_k9_3od_x0.8,init,7,8,0.058823529411764705
C_k9_3od_x0.8,init,7,9,0.0
C_k9_3od_x0.8,init,8,9,0.058823529411764705
C_k9_3od_x0.8,mutation,0,1,0.125
C_k9_3od_x0.8,mutation,0,2,0.0
C_k9_3od_x0.8,mutation,0,3,0.125
C_k9_3od_x0.8,mutation,0,4,0.058823529411764705
C_k9_3od_x0.8,mutation,0,5,0.058823529411764705
C_k9_3od_x0.8,mutation,0,6,0.058823529411764705
C_k9_3od_x0.8,mutation,0,7,0.125
C_k9_3od_x0.8,mutation,0,8,0.058823529411764705
C_k9_3od_x0.8,mutation,0,9,0.07142857142857142
C_k9_3od_x0.8,mutation,1,2,0.0
C_k9_3od_x0.8,mutation,1,3,0.058823529411764705
C_k9_3od_x0.8,mutation,1,4,0.0
C_k9_3od_x0.8,mutation,1,5,0.0
C_k9_3od_x0.8,mutation,1,6,0.0
C_k9_3od_x0.8,mutation,1,7,0.125
C_k9_3od_x0.8,mutation,1,8,0.125
C_k9_3od_x0.8,mutation,1,9,0.15384615384615385
C_k9_3od_x0.8,mutation,2,3,0.058823529411764705
C_k9_3od_x0.8,mutation,2,4,0.125
C_k9_3od_x0.8,mutation,2,5,0.058823529411764705
C_k9_3od_x0.8,mutation,2,6,0.058823529411764705
C_k9_3od_x0.8,mutation,2,7,0.058823529411764705
C_k9_3od_x0.8,mutation,2,8,0.058823529411764705
C_k9_3od_x0.8,mutation,2,9,0.0
C_k9_3od_x0.8,mutation,3,4,0.058823529411764705
C_k9_3od_x0.8,mutation,3,5,0.0
C_k9_3od_x0.8,mutation,3,6,0.125
C_k9_3od_x0.8,mutation,3,7,0.125
C_k9_3od_x0.8,mutation,3,8,0.0
C_k9_3od_x0.8,mutation,3,9,0.0
C_k9_3od_x0.8,mutation,4,5,0.058823529411764705
C_k9_3od_x0.8,mutation,4,6,0.058823529411764705
C_k9_3od_x0.8,mutation,4,7,0.0
C_k9_3od_x0.8,mutation,4,8,0.0
C_k9_3od_x0.8,mutation,4,9,0.25
C_k9_3od_x0.8,mutation,5,6,0.058823529411764705
C_k9_3od_x0.8,mutation,5,7,0.0
C_k9_3od_x0.8,mutation,5,8,0.058823529411764705
C_k9_3od_x0.8,mutation,5,9,0.07142857142857142
C_k9_3od_x0.8,mutation,6,7,0.125
C_k9_3od_x0.8,mutation,6,8,0.058823529411764705
C_k9_3od_x0.8,mutation,6,9,0.07142857142857142
C_k9_3od_x0.8,mutation,7,8,0.0
C_k9_3od_x0.8,mutation,7,9,0.0
C_k9_3od_x0.8,mutation,8,9,0.0
C_k9_3od_x0.8,none,0,1,0.0
C_k9_3od_x0.8,none,0,2,0.058823529411764705
C_k9_3od_x0.8,none,0,3,0.058823529411764705
C_k9_3od_x0.8,none,0,4,0.0
C_k9_3od_x0.8,none,0,5,0.058823529411764705
C_k9_3od_x0.8,none,0,6,0.0
C_k9_3od_x0.8,none,0,7,0.058823529411764705
C_k9_3od_x0.8,none,0,8,0.125
C_k9_3od_x0.8,none,0,9,0.0
C_k9_3od_x0.8,none,1,2,0.058823529411764705
C_k9_3od_x0.8,none,1,3,0.0
C_k9_3od_x0.8,none,1,4,0.058823529411764705
C_k9_3od_x0.8,none,1,5,0.058823529411764705
C_k9_3od_x0.8,none,1,6,0.058823529411764705
C_k9_3od_x0.8,none,1,7,0.058823529411764705
C_k9_3od_x0.8,none,1,8,0.125
C_k9_3od_x0.8,none,1,9,0.2
C_k9_3od_x0.8,none,2,3,0.2857142857142857
C_k9_3od_x0.8,none,2,4,0.058823529411764705
C_k9_3od_x0.8,none,2,5,0.125
C_k9_3od_x0.8,none,2,6,0.058823529411764705
C_k9_3od_x0.8,none,2,7,0.125
C_k9_3od_x0.8,none,2,8,0.125
C_k9_3od_x0.8,none,2,9,0.058823529411764705
C_k9_3od_x0.8,none,3,4,0.058823529411764705
C_k9_3od_x0.8,none,3,5,0.058823529411764705
C_k9_3od_x0.8,none,3,6,0.058823529411764705
C_k9_3od_x0.8,none,3,7,0.058823529411764705
C_k9_3od_x0.8,none,3,8,0.058823529411764705
C_k9_3od_x0.8,none,3,9,0.058823529411764705
C_k9_3od_x0.8,none,4,5,0.125
C_k9_3od_x0.8,none,4,6,0.058823529411764705
C_k9_3od_x0.8,none,4,7,0.125
C_k9_3od_x0.8,none,4,8,0.0
C_k9_3od_x0.8,none,4,9,0.058823529411764705
C_k9_3od_x0.8,none,5,6,0.058823529411764705
C_k9_3od_x0.8,none,5,7,0.058823529411764705
C_k9_3od_x0.8,none,5,8,0.058823529411764705
C_k9_3od_x0.8,none,5,9,0.058823529411764705
C_k9_3od_x0.8,none,6,7,0.125
C_k9_3od_x0.8,none,6,8,0.058823529411764705
C_k9_3od_x0.8,none,6,9,0.0
C_k9_3od_x0.8,none,7,8,0.125
C_k9_3od_x0.8,none,7,9,0.0
C_k9_3od_x0.8,none,8,9,0.058823529411764705
C_k9_3od_x1.0,both,0,1,0.058823529411764705
C_k9_3od_x1.0,both,0,2,0.125
C_k9_3od_x1.0,both,0,3,0.058823529411764705
C_k9_3od_x1.0,both,0,4,0.2
C_k9_3od_x1.0,both,0,5,0.058823529411764705
C_k9_3od_x1.0,both,0,6,0.2
C_k9_3od_x1.0,both,0,7,0.058823529411764705
C_k9_3od_x1.0,both,0,8,0.125
C_k9_3od_x1.0,both,0,9,0.2
C_k9_3od_x1.0,both,1,2,0.2
C_k9_3od_x1.0,both,1,3,0.125
C_k9_3od_x1.0,both,1,4,0.2
C_k9_3od_x1.0,both,1,5,0.058823529411764705
C_k9_3od_x1.0,both,1,6,0.125
C_k9_3od_x1.0,both,1,7,0.125
C_k9_3od_x1.0,both,1,8,0.058823529411764705
C_k9_3od_x1.0,both,1,9,0.058823529411764705
C_k9_3od_x1.0,both,2,3,0.2857142857142857
C_k9_3od_x1.0,both,2,4,0.125
C_k9_3od_x1.0,both,2,5,0.058823529411764705
C_k9_3od_x1.0,both,2,6,0.125
C_k9_3od_x1.0,both,2,7,0.125
C_k9_3od_x1.0,both,2,8,0.058823529411764705
C_k9_3od_x1.0,both,2,9,0.2
C_k9_3od_x1.0,both,3,4,0.125
C_k9_3od_x1.0,both,3,5,0.125
C_k9_3od_x1.0,both,3,6,0.2
C_k9_3od_x1.0,both,3,7,0.2
C_k9_3od_x1.0,both,3,8,0.058823529411764705
C_k9_3od_x1.0,both,3,9,0.058823529411764705
C_k9_3od_x1.0,both,4,5,0.058823529411764705
C_k9_3od_x1.0,both,4,6,0.2
C_k9_3od_x1.0,both,4,7,0.2
C_k9_3od_x1.0,both,4,8,0.125
C_k9_3od_x1.0,both,4,9,0.125
C_k9_3od_x1.0,both,5,6,0.058823529411764705
C_k9_3od_x1.0,both,5,7,0.125
C_k9_3od_x1.0,both,5,8,0.0
C_k9_3od_x1.0,both,5,9,0.058823529411764705
C_k9_3od_x1.0,both,6,7,0.2857142857142857
C_k9_3od_x1.0,both,6,8,0.058823529411764705
C_k9_3od_x1.0,both,6,9,0.058823529411764705
C_k9_3od_x1.0,both,7,8,0.2
C_k9_3od_x1.0,both,7,9,0.125
C_k9_3od_x1.0,both,8,9,0.125
C_k9_3od_x1.0,init,0,1,0.0
C_k9_3od_x1.0,init,0,2,0.2
C_k9_3od_x1.0,init,0,3,0.125
C_k9_3od_x1.0,init,0,4,0.1111111111111111
C_k9_3od_x1.0,init,0,5,0.0
C_k9_3od_x1.0,init,0,6,0.125
C_k9_3od_x1.0,init,0,7,0.125
C_k9_3od_x1.0,init,0,8,0.125
C_k9_3od_x1.0,init,0,9,0.125
C_k9_3od_x1.0,init,1,2,0.0
C_k9_3od_x1.0,init,1,3,0.058823529411764705
C_k9_3od_x1.0,init,1,4,0.0
C_k9_3od_x1.0,init,1,5,0.058823529411764705
C_k9_3od_x1.0,init,1,6,0.058823529411764705
C_k9_3od_x1.0,init,1,7,0.058823529411764705
C_k9_3od_x1.0,init,1,8,0.0
C_k9_3od_x1.0,init,1,9,0.058823529411764705
C_k9_3od_x1.0,init,2,3,0.0
C_k9_3od_x1.0,init,2,4,0.1111111111111111
C_k9_3od_x1.0,init,2,5,0.058823529411764705
C_k9_3od_x1.0,init,2,6,0.058823529411764705
C_k9_3od_x1.0,init,2,7,0.125
C_k9_3od_x1.0,init,2,8,0.2
C_k9_3od_x1.0,init,2,9,0.125
C_k9_3od_x1.0,init,3,4,0.0
C_k9_3od_x1.0,init,3,5,0.058823529411764705
C_k9_3od_x1.0,init,3,6,0.0
C_k9_3od_x1.0,init,3,7,0.058823529411764705
C_k9_3od_x1.0,init,3,8,0.0
C_k9_3od_x1.0,init,3,9,0.058823529411764705
C_k9_3od_x1.0,init,4,5,0.0
C_k9_3od_x1.0,init,4,6,0.1111111111111111
C_k9_3od_x1.0,init,4,7,0.1111111111111111
C_k9_3od_x1.0,init,4,8,0.1111111111111111
C_k9_3od_x1.0,init,4,9,0.0
C_k9_3od_x1.0,init,5,6,0.0
C_k9_3od_x1.0,init,5,7,0.2
C_k9_3od_x1.0,init,5,8,0.058823529411764705
C_k9_3od_x1.0,init,5,9,0.0
C_k9_3od_x1.0,init,6,7,0.125
C_k9_3od_x1.0,init,6,8,0.058823529411764705
C_k9_3od_x1.0,init,6,9,0.058823529411764705
C_k9_3od_x1.0,init,7,8,0.125
C_k9_3od_x1.0,init,7,9,0.125
C_k9_3od_x1.0,init,8,9,0.125
C_k9_3od_x1.0,mutation,0,1,0.058823529411764705
C_k9_3od_x1.0,mutation,0,2,0.2
C_k9_3od_x1.0,mutation,0,3,0.0
C_k9_3od_x1.0,mutation,0,4,0.2
C_k9_3od_x1.0,mutation,0,5,0.125
C_k9_3od_x1.0,mutation,0,6,0.125
C_k9_3od_x1.0,mutation,0,7,0.125
C_k9_3od_x1.0,mutation,0,8,0.058823529411764705
C_k9_3od_x1.0,mutation,0,9,0.125
C_k9_3od_x1.0,mutation,1,2,0.2857142857142857
C_k9_3od_x1.0,mutation,1,3,0.2
C_k9_3od_x1.0,mutation,1,4,0.058823529411764705
C_k9_3od_x1.0,mutation,1,5,0.2
C_k9_3od_x1.0,mutation,1,6,0.38461538461538464
C_k9_3od_x1.0,mutation,1,7,0.2857142857142857
C_k9_3od_x1.0,mutation,1,8,0.2
C_k9_3od_x1.0,mutation,1,9,0.2857142857142857
C_k9_3od_x1.0,mutation,2,3,0.2857142857142857
C_k9_3od_x1.0,mutation,2,4,0.125
C_k9_3od_x1.0,mutation,2,5,0.2
C_k9_3od_x1.0,mutation,2,6,0.38461538461538464
C_k9_3od_x1.0,mutation,2,7,0.2857142857142857
C_k9_3od_x1.0,mutation,2,8,0.125
C_k9_3od_x1.0,mutation,2,9,0.2857142857142857
C_k9_3od_x1.0,mutation,3,4,0.0
C_k9_3od_x1.0,mutation,3,5,0.125
C_k9_3od_x1.0,mutation,3,6,0.2
C_k9_3od_x1.0,mutation,3,7,0.2
C_k9_3od_x1.0,mutation,3,8,0.058823529411764705
C_k9_3od_x1.0,mutation,3,9,0.2
C_k9_3od_x1.0,mutation,4,5,0.125
C_k9_3od_x1.0,mutation,4,6,0.058823529411764705
C_k9_3od_x1.0,mutation,4,7,0.125
C_k9_3od_x1.0,mutation,4,8,0.058823529411764705
C_k9_3od_x1.0,mutation,4,9,0.058823529411764705
C_k9_3od_x1.0,mutation,5,6,0.2
C_k9_3od_x1.0,mutation,5,7,0.2
C_k9_3od_x1.0,mutation,5,8,0.125
C_k9_3od_x1.0,mutation,5,9,0.2
C_k9_3od_x1.0,mutation,6,7,0.2857142857142857
C_k9_3od_x1.0,mutation,6,8,0.125
C_k9_3od_x1.0,mutation,6,9,0.2
C_k9_3od_x1.0,mutation,7,8,0.2
C_k9_3od_x1.0,mutation,7,9,0.2
C_k9_3od_x1.0,mutation,8,9,0.125
C_k9_3od_x1.0,none,0,1,0.125
C_k9_3od_x1.0,none,0,2,0.0
C_k9_3od_x1.0,none,0,3,0.058823529411764705
C_k9_3od_x1.0,none,0,4,0.0
C_k9_3od_x1.0,none,0,5,0.125
C_k9_3od_x1.0,none,0,6,0.2
C_k9_3od_x1.0,none,0,7,0.0
C_k9_3od_x1.0,none,0,8,0.058823529411764705
C_k9_3od_x1.0,none,0,9,0.058823529411764705
C_k9_3od_x1.0,none,1,2,0.058823529411764705
C_k9_3od_x1.0,none,1,3,0.0
C_k9_3od_x1.0,none,1,4,0.0
C_k9_3od_x1.0,none,1,5,0.2
C_k9_3od_x1.0,none,1,6,0.058823529411764705
C_k9_3od_x1.0,none,1,7,0.0
C_k9_3od_x1.0,none,1,8,0.2
C_k9_3od_x1.0,none,1,9,0.058823529411764705
C_k9_3od_x1.0,none,2,3,0.125
C_k9_3od_x1.0,none,2,4,0.058823529411764705
C_k9_3od_x1.0,none,2,5,0.125
C_k9_3od_x1.0,none,2,6,0.125
C_k9_3od_x1.0,none,2,7,0.2
C_k9_3od_x1.0,none,2,8,0.058823529411764705
C_k9_3od_x1.0,none,2,9,0.058823529411764705
C_k9_3od_x1.0,none,3,4,0.125
C_k9_3od_x1.0,none,3,5,0.058823529411764705
C_k9_3od_x1.0,none,3,6,0.125
C_k9_3od_x1.0,none,3,7,0.125
C_k9_3od_x1.0,none,3,8,0.0
C_k9_3od_x1.0,none,3,9,0.125
C_k9_3od_x1.0,none,4,5,0.0
C_k9_3od_x1.0,none,4,6,0.058823529411764705
C_k9_3od_x1.0,none,4,7,0.125
C_k9_3od_x1.0,none,4,8,0.0
C_k9_3od_x1.0,none,4,9,0.125
C_k9_3od_x1.0,none,5,6,0.058823529411764705
C_k9_3od_x1.0,none,5,7,0.058823529411764705
C_k9_3od_x1.0,none,5,8,0.2
C_k9_3od_x1.0,none,5,9,0.2
C_k9_3od_x1.0,none,6,7,0.058823529411764705
C_k9_3od_x1.0,none,6,8,0.058823529411764705
C_k9_3od_x1.0,none,6,9,0.058823529411764705
C_k9_3od_x1.0,none,7,8,0.0
C_k9_3od_x1.0,none,7,9,0.125
C_k9_3od_x1.0,none,8,9,0.058823529411764705
C_k9_3od_x1.2,both,0,1,0.058823529411764705
C_k9_3od_x1.2,both,0,2,0.0
C_k9_3od_x1.2,both,0,3,0.125
C_k9_3od_x1.2,both,0,4,0.058823529411764705
C_k9_3od_x1.2,both,0,5,0.125
C_k9_3od_x1.2,both,0,6,0.2
C_k9_3od_x1.2,both,0,7,0.058823529411764705
C_k9_3od_x1.2,both,0,8,0.058823529411764705
C_k9_3od_x1.2,both,0,9,0.0
C_k9_3od_x1.2,both,1,2,0.1
C_k9_3od_x1.2,both,1,3,0.125
C_k9_3od_x1.2,both,1,4,0.058823529411764705
C_k9_3od_x1.2,both,1,5,0.2
C_k9_3od_x1.2,both,1,6,0.2
C_k9_3od_x1.2,both,1,7,0.125
C_k9_3od_x1.2,both,1,8,0.0
C_k9_3od_x1.2,both,1,9,0.0
C_k9_3od_x1.2,both,2,3,0.0
C_k9_3od_x1.2,both,2,4,0.1
C_k9_3od_x1.2,both,2,5,0.0
C_k9_3od_x1.2,both,2,6,0.0
C_k9_3od_x1.2,both,2,7,0.1
C_k9_3od_x1.2,both,2,8,0.0
C_k9_3od_x1.2,both,2,9,0.0
C_k9_3od_x1.2,both,3,4,0.2857142857142857
C_k9_3od_x1.2,both,3,5,0.2
C_k9_3od_x1.2,both,3,6,0.125
C_k9_3od_x1.2,both,3,7,0.058823529411764705
C_k9_3od_x1.2,both,3,8,0.058823529411764705
C_k9_3od_x1.2,both,3,9,0.125
C_k9_3od_x1.2,both,4,5,0.125
C_k9_3od_x1.2,both,4,6,0.125
C_k9_3od_x1.2,both,4,7,0.125
C_k9_3od_x1.2,both,4,8,0.058823529411764705
C_k9_3od_x1.2,both,4,9,0.058823529411764705
C_k9_3od_x1.2,both,5,6,0.2857142857142857
C_k9_3od_x1.2,both,5,7,0.058823529411764705
C_k9_3od_x1.2,both,5,8,0.125
C_k9_3od_x1.2,both,5,9,0.058823529411764705
C_k9_3od_x1.2,both,6,7,0.125
C_k9_3od_x1.2,both,6,8,0.125
C_k9_3od_x1.2,both,6,9,0.058823529411764705
C_k9_3od_x1.2,both,7,8,0.125
C_k9_3od_x1.2,both,7,9,0.058823529411764705
C_k9_3od_x1.2,both,8,9,0.0
C_k9_3od_x1.2,init,0,1,0.2
C_k9_3od_x1.2,init,0,2,0.058823529411764705
C_k9_3od_x1.2,init,0,3,0.2
C_k9_3od_x1.2,init,0,4,0.125
C_k9_3od_x1.2,init,0,5,0.0
C_k9_3od_x1.2,init,0,6,0.125
C_k9_3od_x1.2,init,0,7,0.125
C_k9_3od_x1.2,init,0,8,0.058823529411764705
C_k9_3od_x1.2,init,0,9,0.125
C_k9_3od_x1.2,init,1,2,0.058823529411764705
C_k9_3od_x1.2,init,1,3,0.058823529411764705
C_k9_3od_x1.2,init,1,4,0.125
C_k9_3od_x1.2,init,1,5,0.058823529411764705
C_k9_3od_x1.2,init,1,6,0.125
C_k9_3od_x1.2,init,1,7,0.125
C_k9_3od_x1.2,init,1,8,0.125
C_k9_3od_x1.2,init,1,9,0.125
C_k9_3od_x1.2,init,2,3,0.125
C_k9_3od_x1.2,init,2,4,0.125
C_k9_3od_x1.2,init,2,5,0.0
C_k9_3od_x1.2,init,2,6,0.058823529411764705
C_k9_3od_x1.2,init,2,7,0.058823529411764705
C_k9_3od_x1.2,init,2,8,0.058823529411764705
C_k9_3od_x1.2,init,2,9,0.058823529411764705
C_k9_3od_x1.2,init,3,4,0.125
C_k9_3od_x1.2,init,3,5,0.0
C_k9_3od_x1.2,init,3,6,0.058823529411764705
C_k9_3od_x1.2,init,3,7,0.058823529411764705
C_k9_3od_x1.2,init,3,8,0.125
C_k9_3od_x1.2,init,3,9,0.125
C_k9_3od_x1.2,init,4,5,0.058823529411764705
C_k9_3od_x1.2,init,4,6,0.058823529411764705
C_k9_3od_x1.2,init,4,7,0.058823529411764705
C_k9_3od_x1.2,init,4,8,0.058823529411764705
C_k9_3od_x1.2,init,4,9,0.058823529411764705
C_k9_3od_x1.2,init,5,6,0.0
C_k9_3od_x1.2,init,5,7,0.2
C_k9_3od_x1.2,init,5,8,0.125
C_k9_3od_x1.2,init,5,9,0.0
C_k9_3od_x1.2,init,6,7,0.058823529411764705
C_k9_3od_x1.2,init,6,8,0.058823529411764705
C_k9_3od_x1.2,init,6,9,0.2
C_k9_3od_x1.2,init,7,8,0.2
C_k9_3od_x1.2,init,7,9,0.125
C_k9_3od_x1.2,init,8,9,0.2857142857142857
C_k9_3od_x1.2,mutation,0,1,0.2
C_k9_3od_x1.2,mutation,0,2,0.125
C_k9_3od_x1.2,mutation,0,3,0.2
C_k9_3od_x1.2,mutation,0,4,0.125
C_k9_3od_x1.2,mutation,0,5,0.2857142857142857
C_k9_3od_x1.2,mutation,0,6,0.2
C_k9_3od_x1.2,mutation,0,7,0.2
C_k9_3od_x1.2,mutation,0,8,0.058823529411764705
C_k9_3od_x1.2,mutation,0,9,0.058823529411764705
C_k9_3od_x1.2,mutation,1,2,0.058823529411764705
C_k9_3od_x1.2,mutation,1,3,0.125
C_k9_3od_x1.2,mutation,1,4,0.058823529411764705
C_k9_3od_x1.2,mutation,1,5,0.2857142857142857
C_k9_3od_x1.2,mutation,1,6,0.125
C_k9_3od_x1.2,mutation,1,7,0.2
C_k9_3od_x1.2,mutation,1,8,0.2
C_k9_3od_x1.2,mutation,1,9,0.058823529411764705
C_k9_3od_x1.2,mutation,2,3,0.058823529411764705
C_k9_3od_x1.2,mutation,2,4,0.125
C_k9_3od_x1.2,mutation,2,5,0.058823529411764705
C_k9_3od_x1.2,mutation,2,6,0.058823529411764705
C_k9_3od_x1.2,mutation,2,7,0.2
C_k9_3od_x1.2,mutation,2,8,0.2
C_k9_3od_x1.2,mutation,2,9,0.125
C_k9_3od_x1.2,mutation,3,4,0.058823529411764705
C_k9_3od_x1.2,mutation,3,5,0.125
C_k9_3od_x1.2,mutation,3,6,0.2
C_k9_3od_x1.2,mutation,3,7,0.2857142857142857
C_k9_3od_x1.2,mutation,3,8,0.058823529411764705
C_k9_3od_x1.2,mutation,3,9,0.2
C_k9_3od_x1.2,mutation,4,5,0.058823529411764705
C_k9_3od_x1.2,mutation,4,6,0.058823529411764705
C_k9_3od_x1.2,mutation,4,7,0.058823529411764705
C_k9_3od_x1.2,mutation,4,8,0.125
C_k9_3od_x1.2,mutation,4,9,0.125
C_k9_3od_x1.2,mutation,5,6,0.2
C_k9_3od_x1.2,mutation,5,7,0.058823529411764705
C_k9_3od_x1.2,mutation,5,8,0.125
C_k9_3od_x1.2,mutation,5,9,0.125
C_k9_3od_x1.2,mutation,6,7,0.125
C_k9_3od_x1.2,mutation,6,8,0.058823529411764705
C_k9_3od_x1.2,mutation,6,9,0.058823529411764705
C_k9_3od_x1.2,mutation,7,8,0.125
C_k9_3od_x1.2,mutation,7,9,0.125
C_k9_3od_x1.2,mutation,8,9,0.125
C_k9_3od_x1.2,none,0,1,0.0
C_k9_3od_x1.2,none,0,2,0.058823529411764705
C_k9_3od_x1.2,none,0,3,0.125
C_k9_3od_x1.2,none,0,4,0.2
C_k9_3od_x1.2,none,0,5,0.125
C_k9_3od_x1.2,none,0,6,0.125
C_k9_3od_x1.2,none,0,7,0.125
C_k9_3od_x1.2,none,0,8,0.058823529411764705
C_k9_3od_x1.2,none,0,9,0.058823529411764705
C_k9_3od_x1.2,none,1,2,0.07142857142857142
C_k9_3od_x1.2,none,1,3,0.07142857142857142
C_k9_3od_x1.2,none,1,4,0.07142857142857142
C_k9_3od_x1.2,none,1,5,0.07142857142857142
C_k9_3od_x1.2,none,1,6,0.07142857142857142
C_k9_3od_x1.2,none,1,7,0.0
C_k9_3od_x1.2,none,1,8,0.0
C_k9_3od_x1.2,none,1,9,0.0
C_k9_3od_x1.2,none,2,3,0.058823529411764705
C_k9_3od_x1.2,none,2,4,0.125
C_k9_3od_x1.2,none,2,5,0.058823529411764705
C_k9_3od_x1.2,none,2,6,0.058823529411764705
C_k9_3od_x1.2,none,2,7,0.2857142857142857
C_k9_3od_x1.2,none,2,8,0.125
C_k9_3od_x1.2,none,2,9,0.125
C_k9_3od_x1.2,none,3,4,0.125
C_k9_3od_x1.2,none,3,5,0.058823529411764705
C_k9_3od_x1.2,none,3,6,0.2
C_k9_3od_x1.2,none,3,7,0.125
C_k9_3od_x1.2,none,3,8,0.058823529411764705
C_k9_3od_x1.2,none,3,9,0.125
C_k9_3od_x1.2,none,4,5,0.058823529411764705
C_k9_3od_x1.2,none,4,6,0.2857142857142857
C_k9_3od_x1.2,none,4,7,0.2
C_k9_3od_x1.2,none,4,8,0.058823529411764705
C_k9_3od_x1.2,none,4,9,0.2
C_k9_3od_x1.2,none,5,6,0.2
C_k9_3od_x1.2,none,5,7,0.058823529411764705
C_k9_3od_x1.2,none,5,8,0.058823529411764705
C_k9_3od_x1.2,none,5,9,0.058823529411764705
C_k9_3od_x1.2,none,6,7,0.2
C_k9_3od_x1.2,none,6,8,0.058823529411764705
C_k9_3od_x1.2,none,6,9,0.2
C_k9_3od_x1.2,none,7,8,0.125
C_k9_3od_x1.2,none,7,9,0.38461538461538464
C_k9_3od_x1.2,none,8,9,0.058823529411764705
D_k9_1od_x0.8,both,0,1,0.2
D_k9_1od_x0.8,both,0,2,0.125
D_k9_1od_x0.8,both,0,3,0.058823529411764705
D_k9_1od_x0.8,both,0,4,0.125
D_k9_1od_x0.8,both,0,5,0.058823529411764705
D_k9_1od_x0.8,both,0,6,0.125
D_k9_1od_x0.8,both,0,7,0.058823529411764705
D_k9_1od_x0.8,both,0,8,0.125
D_k9_1od_x0.8,both,0,9,0.058823529411764705
D_k9_1od_x0.8,both,1,2,0.2
D_k9_1od_x0.8,both,1,3,0.125
D_k9_1od_x0.8,both,1,4,0.125
D_k9_1od_x0.8,both,1,5,0.058823529411764705
D_k9_1od_x0.8,both,1,6,0.2
D_k9_1od_x0.8,both,1,7,0.125
D_k9_1od_x0.8,both,1,8,0.2
D_k9_1od_x0.8,both,1,9,0.058823529411764705
D_k9_1od_x0.8,both,2,3,0.2
D_k9_1od_x0.8,both,2,4,0.125
D_k9_1od_x0.8,both,2,5,0.058823529411764705
D_k9_1od_x0.8,both,2,6,0.058823529411764705
D_k9_1od_x0.8,both,2,7,0.2
D_k9_1od_x0.8,both,2,8,0.058823529411764705
D_k9_1od_x0.8,both,2,9,0.125
D_k9_1od_x0.8,both,3,4,0.2
D_k9_1od_x0.8,both,3,5,0.058823529411764705
D_k9_1od_x0.8,both,3,6,0.125
D_k9_1od_x0.8,both,3,7,0.058823529411764705
D_k9_1od_x0.8,both,3,8,0.125
D_k9_1od_x0.8,both,3,9,0.058823529411764705
D_k9_1od_x0.8,both,4,5,0.125
D_k9_1od_x0.8,both,4,6,0.058823529411764705
D_k9_1od_x0.8,both,4,7,0.058823529411764705
D_k9_1od_x0.8,both,4,8,0.125
D_k9_1od_x0.8,both,4,9,0.058823529411764705
D_k9_1od_x0.8,both,5,6,0.058823529411764705
D_k9_1od_x0.8,both,5,7,0.125
D_k9_1od_x0.8,both,5,8,0.058823529411764705
D_k9_1od_x0.8,both,5,9,0.125
D_k9_1od_x0.8,both,6,7,0.058823529411764705
D_k9_1od_x0.8,both,6,8,0.125
D_k9_1od_x0.8,both,6,9,0.2
D_k9_1od_x0.8,both,7,8,0.125
D_k9_1od_x0.8,both,7,9,0.2
D_k9_1od_x0.8,both,8,9,0.058823529411764705
D_k9_1od_x0.8,init,0,1,0.058823529411764705
D_k9_1od_x0.8,init,0,2,0.0
D_k9_1od_x0.8,init,0,3,0.058823529411764705
D_k9_1od_x0.8,init,0,4,0.058823529411764705
D_k9_1od_x0.8,init,0,5,0.058823529411764705
D_k9_1od_x0.8,init,0,6,0.058823529411764705
D_k9_1od_x0.8,init,0,7,0.0
D_k9_1od_x0.8,init,0,8,0.0
D_k9_1od_x0.8,init,0,9,0.125
D_k9_1od_x0.8,init,1,2,0.2857142857142857
D_k9_1od_x0.8,init,1,3,0.125
D_k9_1od_x0.8,init,1,4,0.058823529411764705
D_k9_1od_x0.8,init,1,5,0.0
D_k9_1od_x0.8,init,1,6,0.2
D_k9_1od_x0.8,init,1,7,0.125
D_k9_1od_x0.8,init,1,8,0.2
D_k9_1od_x0.8,init,1,9,0.125
D_k9_1od_x0.8,init,2,3,0.125
D_k9_1od_x0.8,init,2,4,0.058823529411764705
D_k9_1od_x0.8,init,2,5,0.0
D_k9_1od_x0.8,init,2,6,0.2
D_k9_1od_x0.8,init,2,7,0.125
D_k9_1od_x0.8,init,2,8,0.125
D_k9_1od_x0.8,init,2,9,0.125
D_k9_1od_x0.8,init,3,4,0.0
D_k9_1od_x0.8,init,3,5,0.0
D_k9_1od_x0.8,init,3,6,0.125
D_k9_1od_x0.8,init,3,7,0.125
D_k9_1od_x0.8,init,3,8,0.2
D_k9_1od_x0.8,init,3,9,0.125
D_k9_1od_x0.8,init,4,5,0.2
D_k9_1od_x0.8,init,4,6,0.0
D_k9_1od_x0.8,init,4,7,0.2
D_k9_1od_x0.8,init,4,8,0.0
D_k9_1od_x0.8,init,4,9,0.058823529411764705
D_k9_1od_x0.8,init,5,6,0.0
D_k9_1od_x0.8,init,5,7,0.058823529411764705
D_k9_1od_x0.8,init,5,8,0.0
D_k9_1od_x0.8,init,5,9,0.058823529411764705
D_k9_1od_x0.8,init,6,7,0.125
D_k9_1od_x0.8,init,6,8,0.125
D_k9_1od_x0.8,init,6,9,0.058823529411764705
D_k9_1od_x0.8,init,7,8,0.125
D_k9_1od_x0.8,init,7,9,0.058823529411764705
D_k9_1od_x0.8,init,8,9,0.125
D_k9_1od_x0.8,mutation,0,1,0.125
D_k9_1od_x0.8,mutation,0,2,0.058823529411764705
D_k9_1od_x0.8,mutation,0,3,0.2
D_k9_1od_x0.8,mutation,0,4,0.2
D_k9_1od_x0.8,mutation,0,5,0.2
D_k9_1od_x0.8,mutation,0,6,0.058823529411764705
D_k9_1od_x0.8,mutation,0,7,0.058823529411764705
D_k9_1od_x0.8,mutation,0,8,0.2
D_k9_1od_x0.8,mutation,0,9,0.2
D_k9_1od_x0.8,mutation,1,2,0.058823529411764705
D_k9_1od_x0.8,mutation,1,3,0.058823529411764705
D_k9_1od_x0.8,mutation,1,4,0.125
D_k9_1od_x0.8,mutation,1,5,0.125
D_k9_1od_x0.8,mutation,1,6,0.125
D_k9_1od_x0.8,mutation,1,7,0.125
D_k9_1od_x0.8,mutation,1,8,0.058823529411764705
D_k9_1od_x0.8,mutation,1,9,0.125
D_k9_1od_x0.8,mutation,2,3,0.058823529411764705
D_k9_1od_x0.8,mutation,2,4,0.125
D_k9_1od_x0.8,mutation,2,5,0.125
D_k9_1od_x0.8,mutation,2,6,0.125
D_k9_1od_x0.8,mutation,2,7,0.2857142857142857
D_k9_1od_x0.8,mutation,2,8,0.058823529411764705
D_k9_1od_x0.8,mutation,2,9,0.125
D_k9_1od_x0.8,mutation,3,4,0.058823529411764705
D_k9_1od_x0.8,mutation,3,5,0.058823529411764705
D_k9_1od_x0.8,mutation,3,6,0.125
D_k9_1od_x0.8,mutation,3,7,0.058823529411764705
D_k9_1od_x0.8,mutation,3,8,0.058823529411764705
D_k9_1od_x0.8,mutation,3,9,0.058823529411764705
D_k9_1od_x0.8,mutation,4,5,0.125
D_k9_1od_x0.8,mutation,4,6,0.058823529411764705
D_k9_1od_x0.8,mutation,4,7,0.125
D_k9_1od_x0.8,mutation,4,8,0.058823529411764705
D_k9_1od_x0.8,mutation,4,9,0.2
D_k9_1od_x0.8,mutation,5,6,0.058823529411764705
D_k9_1od_x0.8,mutation,5,7,0.058823529411764705
D_k9_1od_x0.8,mutation,5,8,0.058823529411764705
D_k9_1od_x0.8,mutation,5,9,0.2857142857142857
D_k9_1od_x0.8,mutation,6,7,0.2
D_k9_1od_x0.8,mutation,6,8,0.058823529411764705
D_k9_1od_x0.8,mutation,6,9,0.125
D_k9_1od_x0.8,mutation,7,8,0.125
D_k9_1od_x0.8,mutation,7,9,0.058823529411764705
D_k9_1od_x0.8,mutation,8,9,0.125
D_k9_1od_x0.8,none,0,1,0.125
D_k9_1od_x0.8,none,0,2,0.058823529411764705
D_k9_1od_x0.8,none,0,3,0.2
D_k9_1od_x0.8,none,0,4,0.058823529411764705
D_k9_1od_x0.8,none,0,5,0.2
D_k9_1od_x0.8,none,0,6,0.058823529411764705
D_k9_1od_x0.8,none,0,7,0.2857142857142857
D_k9_1od_x0.8,none,0,8,0.058823529411764705
D_k9_1od_x0.8,none,0,9,0.058823529411764705
D_k9_1od_x0.8,none,1,2,0.058823529411764705
D_k9_1od_x0.8,none,1,3,0.0
D_k9_1od_x0.8,none,1,4,0.125
D_k9_1od_x0.8,none,1,5,0.0
D_k9_1od_x0.8,none,1,6,0.0
D_k9_1od_x0.8,none,1,7,0.125
D_k9_1od_x0.8,none,1,8,0.058823529411764705
D_k9_1od_x0.8,none,1,9,0.058823529411764705
D_k9_1od_x0.8,none,2,3,0.058823529411764705
D_k9_1od_x0.8,none,2,4,0.058823529411764705
D_k9_1od_x0.8,none,2,5,0.058823529411764705
D_k9_1od_x0.8,none,2,6,0.058823529411764705
D_k9_1od_x0.8,none,2,7,0.125
D_k9_1od_x0.8,none,2,8,0.125
D_k9_1od_x0.8,none,2,9,0.2
D_k9_1od_x0.8,none,3,4,0.125
D_k9_1od_x0.8,none,3,5,0.2
D_k9_1od_x0.8,none,3,6,0.125
D_k9_1od_x0.8,none,3,7,0.125
D_k9_1od_x0.8,none,3,8,0.125
D_k9_1od_x0.8,none,3,9,0.058823529411764705
D_k9_1od_x0.8,none,4,5,0.125
D_k9_1od_x0.8,none,4,6,0.058823529411764705
D_k9_1od_x0.8,none,4,7,0.058823529411764705
D_k9_1od_x0.8,none,4,8,0.125
D_k9_1od_x0.8,none,4,9,0.058823529411764705
D_k9_1od_x0.8,none,5,6,0.058823529411764705
D_k9_1od_x0.8,none,5,7,0.2
D_k9_1od_x0.8,none,5,8,0.125
D_k9_1od_x0.8,none,5,9,0.058823529411764705
D_k9_1od_x0.8,none,6,7,0.058823529411764705
D_k9_1od_x0.8,none,6,8,0.125
D_k9_1od_x0.8,none,6,9,0.058823529411764705
D_k9_1od_x0.8,none,7,8,0.058823529411764705
D_k9_1od_x0.8,none,7,9,0.125
D_k9_1od_x0.8,none,8,9,0.058823529411764705
D_k9_1od_x1.0,both,0,1,0.125
D_k9_1od_x1.0,both,0,2,0.125
D_k9_1od_x1.0,both,0,3,0.058823529411764705
D_k9_1od_x1.0,both,0,4,0.058823529411764705
D_k9_1od_x1.0,both,0,5,0.058823529411764705
D_k9_1od_x1.0,both,0,6,0.2
D_k9_1od_x1.0,both,0,7,0.125
D_k9_1od_x1.0,both,0,8,0.2
D_k9_1od_x1.0,both,0,9,0.125
D_k9_1od_x1.0,both,1,2,0.058823529411764705
D_k9_1od_x1.0,both,1,3,0.2
D_k9_1od_x1.0,both,1,4,0.125
D_k9_1od_x1.0,both,1,5,0.125
D_k9_1od_x1.0,both,1,6,0.125
D_k9_1od_x1.0,both,1,7,0.058823529411764705
D_k9_1od_x1.0,both,1,8,0.058823529411764705
D_k9_1od_x1.0,both,1,9,0.2
D_k9_1od_x1.0,both,2,3,0.125
D_k9_1od_x1.0,both,2,4,0.125
D_k9_1od_x1.0,both,2,5,0.2
D_k9_1od_x1.0,both,2,6,0.058823529411764705
D_k9_1od_x1.0,both,2,7,0.0
D_k9_1od_x1.0,both,2,8,0.058823529411764705
D_k9_1od_x1.0,both,2,9,0.125
D_k9_1od_x1.0,both,3,4,0.2
D_k9_1od_x1.0,both,3,5,0.2
D_k9_1od_x1.0,both,3,6,0.2
D_k9_1od_x1.0,both,3,7,0.058823529411764705
D_k9_1od_x1.0,both,3,8,0.125
D_k9_1od_x1.0,both,3,9,0.125
D_k9_1od_x1.0,both,4,5,0.2857142857142857
D_k9_1od_x1.0,both,4,6,0.2
D_k9_1od_x1.0,both,4,7,0.0
D_k9_1od_x1.0,both,4,8,0.125
D_k9_1od_x1.0,both,4,9,0.2
D_k9_1od_x1.0,both,5,6,0.2
D_k9_1od_x1.0,both,5,7,0.0
D_k9_1od_x1.0,both,5,8,0.058823529411764705
D_k9_1od_x1.0,both,5,9,0.125
D_k9_1od_x1.0,both,6,7,0.0
D_k9_1od_x1.0,both,6,8,0.2
D_k9_1od_x1.0,both,6,9,0.125
D_k9_1od_x1.0,both,7,8,0.125
D_k9_1od_x1.0,both,7,9,0.058823529411764705
D_k9_1od_x1.0,both,8,9,0.058823529411764705
D_k9_1od_x1.0,init,0,1,0.125
D_k9_1od_x1.0,init,0,2,0.0
D_k9_1od_x1.0,init,0,3,0.2857142857142857
D_k9_1od_x1.0,init,0,4,0.125
D_k9_1od_x1.0,init,0,5,0.125
D_k9_1od_x1.0,init,0,6,0.125
D_k9_1od_x1.0,init,0,7,0.058823529411764705
D_k9_1od_x1.0,init,0,8,0.2
D_k9_1od_x1.0,init,0,9,0.058823529411764705
D_k9_1od_x1.0,init,1,2,0.0
D_k9_1od_x1.0,init,1,3,0.125
D_k9_1od_x1.0,init,1,4,0.2857142857142857
D_k9_1od_x1.0,init,1,5,0.058823529411764705
D_k9_1od_x1.0,init,1,6,0.058823529411764705
D_k9_1od_x1.0,init,1,7,0.2
D_k9_1od_x1.0,init,1,8,0.125
D_k9_1od_x1.0,init,1,9,0.2
D_k9_1od_x1.0,init,2,3,0.0
D_k9_1od_x1.0,init,2,4,0.058823529411764705
D_k9_1od_x1.0,init,2,5,0.0
D_k9_1od_x1.0,init,2,6,0.0
D_k9_1od_x1.0,init,2,7,0.058823529411764705
D_k9_1od_x1.0,init,2,8,0.0
D_k9_1od_x1.0,init,2,9,0.0
D_k9_1od_x1.0,init,3,4,0.058823529411764705
D_k9_1od_x1.0,init,3,5,0.058823529411764705
D_k9_1od_x1.0,init,3,6,0.058823529411764705
D_k9_1od_x1.0,init,3,7,0.058823529411764705
D_k9_1od_x1.0,init,3,8,0.2
D_k9_1od_x1.0,init,3,9,0.058823529411764705
D_k9_1od_x1.0,init,4,5,0.058823529411764705
D_k9_1od_x1.0,init,4,6,0.058823529411764705
D_k9_1od_x1.0,init,4,7,0.125
D_k9_1od_x1.0,init,4,8,0.125
D_k9_1od_x1.0,init,4,9,0.125
D_k9_1od_x1.0,init,5,6,0.38461538461538464
D_k9_1od_x1.0,init,5,7,0.125
D_k9_1od_x1.0,init,5,8,0.2
D_k9_1od_x1.0,init,5,9,0.2
D_k9_1od_x1.0,init,6,7,0.125
D_k9_1od_x1.0,init,6,8,0.125
D_k9_1od_x1.0,init,6,9,0.2
D_k9_1od_x1.0,init,7,8,0.125
D_k9_1od_x1.0,init,7,9,0.125
D_k9_1od_x1.0,init,8,9,0.2
D_k9_1od_x1.0,mutation,0,1,0.2
D_k9_1od_x1.0,mutation,0,2,0.058823529411764705
D_k9_1od_x1.0,mutation,0,3,0.125
D_k9_1od_x1.0,mutation,0,4,0.125
D_k9_1od_x1.0,mutation,0,5,0.06666666666666667
D_k9_1od_x1.0,mutation,0,6,0.125
D_k9_1od_x1.0,mutation,0,7,0.2857142857142857
D_k9_1od_x1.0,mutation,0,8,0.2
D_k9_1od_x1.0,mutation,0,9,0.058823529411764705
D_k9_1od_x1.0,mutation,1,2,0.2
D_k9_1od_x1.0,mutation,1,3,0.2
D_k9_1od_x1.0,mutation,1,4,0.125
D_k9_1od_x1.0,mutation,1,5,0.0
D_k9_1od_x1.0,mutation,1,6,0.125
D_k9_1od_x1.0,mutation,1,7,0.058823529411764705
D_k9_1od_x1.0,mutation,1,8,0.058823529411764705
D_k9_1od_x1.0,mutation,1,9,0.125
D_k9_1od_x1.0,mutation,2,3,0.125
D_k9_1od_x1.0,mutation,2,4,0.125
D_k9_1od_x1.0,mutation,2,5,0.14285714285714285
D_k9_1od_x1.0,mutation,2,6,0.058823529411764705
D_k9_1od_x1.0,mutation,2,7,0.058823529411764705
D_k9_1od_x1.0,mutation,2,8,0.058823529411764705
D_k9_1od_x1.0,mutation,2,9,0.2
D_k9_1od_x1.0,mutation,3,4,0.2857142857142857
D_k9_1od_x1.0,mutation,3,5,0.0
D_k9_1od_x1.0,mutation,3,6,0.125
D_k9_1od_x1.0,mutation,3,7,0.2
D_k9_1od_x1.0,mutation,3,8,0.125
D_k9_1od_x1.0,mutation,3,9,0.2857142857142857
D_k9_1od_x1.0,mutation,4,5,0.0
D_k9_1od_x1.0,mutation,4,6,0.125
D_k9_1od_x1.0,mutation,4,7,0.2
D_k9_1od_x1.0,mutation,4,8,0.125
D_k9_1od_x1.0,mutation,4,9,0.2
D_k9_1od_x1.0,mutation,5,6,0.0
D_k9_1od_x1.0,mutation,5,7,0.23076923076923078
D_k9_1od_x1.0,mutation,5,8,0.0
D_k9_1od_x1.0,mutation,5,9,0.0
D_k9_1od_x1.0,mutation,6,7,0.125
D_k9_1od_x1.0,mutation,6,8,0.125
D_k9_1od_x1.0,mutation,6,9,0.125
D_k9_1od_x1.0,mutation,7,8,0.2
D_k9_1od_x1.0,mutation,7,9,0.125
D_k9_1od_x1.0,mutation,8,9,0.125
D_k9_1od_x1.0,none,0,1,0.2
D_k9_1od_x1.0,none,0,2,0.125
D_k9_1od_x1.0,none,0,3,0.125
D_k9_1od_x1.0,none,0,4,0.2
D_k9_1od_x1.0,none,0,5,0.0
D_k9_1od_x1.0,none,0,6,0.058823529411764705
D_k9_1od_x1.0,none,0,7,0.2
D_k9_1od_x1.0,none,0,8,0.2
D_k9_1od_x1.0,none,0,9,0.125
D_k9_1od_x1.0,none,1,2,0.2857142857142857
D_k9_1od_x1.0,none,1,3,0.125
D_k9_1od_x1.0,none,1,4,0.2
D_k9_1od_x1.0,none,1,5,0.14285714285714285
D_k9_1od_x1.0,none,1,6,0.0
D_k9_1od_x1.0,none,1,7,0.2
D_k9_1od_x1.0,none,1,8,0.125
D_k9_1od_x1.0,none,1,9,0.058823529411764705
D_k9_1od_x1.0,none,2,3,0.125
D_k9_1od_x1.0,none,2,4,0.125
D_k9_1od_x1.0,none,2,5,0.06666666666666667
D_k9_1od_x1.0,none,2,6,0.0
D_k9_1od_x1.0,none,2,7,0.2
D_k9_1od_x1.0,none,2,8,0.058823529411764705
D_k9_1od_x1.0,none,2,9,0.058823529411764705
D_k9_1od_x1.0,none,3,4,0.2
D_k9_1od_x1.0,none,3,5,0.0
D_k9_1od_x1.0,none,3,6,0.125
D_k9_1od_x1.0,none,3,7,0.2
D_k9_1od_x1.0,none,3,8,0.125
D_k9_1od_x1.0,none,3,9,0.125
D_k9_1od_x1.0,none,4,5,0.0
D_k9_1od_x1.0,none,4,6,0.0
D_k9_1od_x1.0,none,4,7,0.2
D_k9_1od_x1.0,none,4,8,0.125
D_k9_1od_x1.0,none,4,9,0.2
D_k9_1od_x1.0,none,5,6,0.0
D_k9_1od_x1.0,none,5,7,0.06666666666666667
D_k9_1od_x1.0,none,5,8,0.06666666666666667
D_k9_1od_x1.0,none,5,9,0.0
D_k9_1od_x1.0,none,6,7,0.058823529411764705
D_k9_1od_x1.0,none,6,8,0.058823529411764705
D_k9_1od_x1.0,none,6,9,0.0
D_k9_1od_x1.0,none,7,8,0.125
D_k9_1od_x1.0,none,7,9,0.058823529411764705
D_k9_1od_x1.0,none,8,9,0.058823529411764705
D_k9_1od_x1.2,both,0,1,0.058823529411764705
D_k9_1od_x1.2,both,0,2,0.125
D_k9_1od_x1.2,both,0,3,0.058823529411764705
D_k9_1od_x1.2,both,0,4,0.2
D_k9_1od_x1.2,both,0,5,0.058823529411764705
D_k9_1od_x1.2,both,0,6,0.058823529411764705
D_k9_1od_x1.2,both,0,7,0.125
D_k9_1od_x1.2,both,0,8,0.058823529411764705
D_k9_1od_x1.2,both,0,9,0.125
D_k9_1od_x1.2,both,1,2,0.125
D_k9_1od_x1.2,both,1,3,0.125
D_k9_1od_x1.2,both,1,4,0.058823529411764705
D_k9_1od_x1.2,both,1,5,0.2
D_k9_1od_x1.2,both,1,6,0.125
D_k9_1od_x1.2,both,1,7,0.125
D_k9_1od_x1.2,both,1,8,0.058823529411764705
D_k9_1od_x1.2,both,1,9,0.058823529411764705
D_k9_1od_x1.2,both,2,3,0.2857142857142857
D_k9_1od_x1.2,both,2,4,0.058823529411764705
D_k9_1od_x1.2,both,2,5,0.058823529411764705
D_k9_1od_x1.2,both,2,6,0.125
D_k9_1od_x1.2,both,2,7,0.125
D_k9_1od_x1.2,both,2,8,0.058823529411764705
D_k9_1od_x1.2,both,2,9,0.125
D_k9_1od_x1.2,both,3,4,0.058823529411764705
D_k9_1od_x1.2,both,3,5,0.2
D_k9_1od_x1.2,both,3,6,0.125
D_k9_1od_x1.2,both,3,7,0.125
D_k9_1od_x1.2,both,3,8,0.125
D_k9_1od_x1.2,both,3,9,0.058823529411764705
D_k9_1od_x1.2,both,4,5,0.058823529411764705
D_k9_1od_x1.2,both,4,6,0.125
D_k9_1od_x1.2,both,4,7,0.125
D_k9_1od_x1.2,both,4,8,0.38461538461538464
D_k9_1od_x1.2,both,4,9,0.058823529411764705
D_k9_1od_x1.2,both,5,6,0.2
D_k9_1od_x1.2,both,5,7,0.2857142857142857
D_k9_1od_x1.2,both,5,8,0.058823529411764705
D_k9_1od_x1.2,both,5,9,0.125
D_k9_1od_x1.2,both,6,7,0.2
D_k9_1od_x1.2,both,6,8,0.2
D_k9_1od_x1.2,both,6,9,0.125
D_k9_1od_x1.2,both,7,8,0.058823529411764705
D_k9_1od_x1.2,both,7,9,0.2
D_k9_1od_x1.2,both,8,9,0.058823529411764705
D_k9_1od_x1.2,init,0,1,0.2
D_k9_1od_x1.2,init,0,2,0.125
D_k9_1od_x1.2,init,0,3,0.125
D_k9_1od_x1.2,init,0,4,0.125
D_k9_1od_x1.2,init,0,5,0.058823529411764705
D_k9_1od_x1.2,init,0,6,0.2
D_k9_1od_x1.2,init,0,7,0.058823529411764705
D_k9_1od_x1.2,init,0,8,0.125
D_k9_1od_x1.2,init,0,9,0.058823529411764705
D_k9_1od_x1.2,init,1,2,0.125
D_k9_1od_x1.2,init,1,3,0.125
D_k9_1od_x1.2,init,1,4,0.2
D_k9_1od_x1.2,init,1,5,0.2
D_k9_1od_x1.2,init,1,6,0.2
D_k9_1od_x1.2,init,1,7,0.058823529411764705
D_k9_1od_x1.2,init,1,8,0.125
D_k9_1od_x1.2,init,1,9,0.2
D_k9_1od_x1.2,init,2,3,0.125
D_k9_1od_x1.2,init,2,4,0.125
D_k9_1od_x1.2,init,2,5,0.125
D_k9_1od_x1.2,init,2,6,0.058823529411764705
D_k9_1od_x1.2,init,2,7,0.058823529411764705
D_k9_1od_x1.2,init,2,8,0.2
D_k9_1od_x1.2,init,2,9,0.125
D_k9_1od_x1.2,init,3,4,0.2
D_k9_1od_x1.2,init,3,5,0.058823529411764705
D_k9_1od_x1.2,init,3,6,0.125
D_k9_1od_x1.2,init,3,7,0.058823529411764705
D_k9_1od_x1.2,init,3,8,0.2
D_k9_1od_x1.2,init,3,9,0.2
D_k9_1od_x1.2,init,4,5,0.125
D_k9_1od_x1.2,init,4,6,0.058823529411764705
D_k9_1od_x1.2,init,4,7,0.058823529411764705
D_k9_1od_x1.2,init,4,8,0.058823529411764705
D_k9_1od_x1.2,init,4,9,0.2
D_k9_1od_x1.2,init,5,6,0.058823529411764705
D_k9_1od_x1.2,init,5,7,0.125
D_k9_1od_x1.2,init,5,8,0.058823529411764705
D_k9_1od_x1.2,init,5,9,0.2
D_k9_1od_x1.2,init,6,7,0.058823529411764705
D_k9_1od_x1.2,init,6,8,0.125
D_k9_1od_x1.2,init,6,9,0.125
D_k9_1od_x1.2,init,7,8,0.058823529411764705
D_k9_1od_x1.2,init,7,9,0.058823529411764705
D_k9_1od_x1.2,init,8,9,0.125
D_k9_1od_x1.2,mutation,0,1,0.125
D_k9_1od_x1.2,mutation,0,2,0.125
D_k9_1od_x1.2,mutation,0,3,0.2
D_k9_1od_x1.2,mutation,0,4,0.2
D_k9_1od_x1.2,mutation,0,5,0.125
D_k9_1od_x1.2,mutation,0,6,0.125
D_k9_1od_x1.2,mutation,0,7,0.2
D_k9_1od_x1.2,mutation,0,8,0.058823529411764705
D_k9_1od_x1.2,mutation,0,9,0.125
D_k9_1od_x1.2,mutation,1,2,0.2
D_k9_1od_x1.2,mutation,1,3,0.2
D_k9_1od_x1.2,mutation,1,4,0.125
D_k9_1od_x1.2,mutation,1,5,0.125
D_k9_1od_x1.2,mutation,1,6,0.125
D_k9_1od_x1.2,mutation,1,7,0.058823529411764705
D_k9_1od_x1.2,mutation,1,8,0.125
D_k9_1od_x1.2,mutation,1,9,0.2857142857142857
D_k9_1od_x1.2,mutation,2,3,0.058823529411764705
D_k9_1od_x1.2,mutation,2,4,0.2
D_k9_1od_x1.2,mutation,2,5,0.125
D_k9_1od_x1.2,mutation,2,6,0.2
D_k9_1od_x1.2,mutation,2,7,0.2
D_k9_1od_x1.2,mutation,2,8,0.2
D_k9_1od_x1.2,mutation,2,9,0.125
D_k9_1od_x1.2,mutation,3,4,0.058823529411764705
D_k9_1od_x1.2,mutation,3,5,0.2
D_k9_1od_x1.2,mutation,3,6,0.125
D_k9_1od_x1.2,mutation,3,7,0.125
D_k9_1od_x1.2,mutation,3,8,0.2
D_k9_1od_x1.2,mutation,3,9,0.2857142857142857
D_k9_1od_x1.2,mutation,4,5,0.125
D_k9_1od_x1.2,mutation,4,6,0.125
D_k9_1od_x1.2,mutation,4,7,0.125
D_k9_1od_x1.2,mutation,4,8,0.125
D_k9_1od_x1.2,mutation,4,9,0.125
D_k9_1od_x1.2,mutation,5,6,0.125
D_k9_1od_x1.2,mutation,5,7,0.125
D_k9_1od_x1.2,mutation,5,8,0.0
D_k9_1od_x1.2,mutation,5,9,0.2857142857142857
D_k9_1od_x1.2,mutation,6,7,0.2857142857142857
D_k9_1od_x1.2,mutation,6,8,0.125
D_k9_1od_x1.2,mutation,6,9,0.058823529411764705
D_k9_1od_x1.2,mutation,7,8,0.058823529411764705
D_k9_1od_x1.2,mutation,7,9,0.058823529411764705
D_k9_1od_x1.2,mutation,8,9,0.2
D_k9_1od_x1.2,none,0,1,0.058823529411764705
D_k9_1od_x1.2,none,0,2,0.058823529411764705
D_k9_1od_x1.2,none,0,3,0.125
D_k9_1od_x1.2,none,0,4,0.125
D_k9_1od_x1.2,none,0,5,0.058823529411764705
D_k9_1od_x1.2,none,0,6,0.058823529411764705
D_k9_1od_x1.2,none,0,7,0.058823529411764705
D_k9_1od_x1.2,none,0,8,0.058823529411764705
D_k9_1od_x1.2,none,0,9,0.125
D_k9_1od_x1.2,none,1,2,0.058823529411764705
D_k9_1od_x1.2,none,1,3,0.0
D_k9_1od_x1.2,none,1,4,0.058823529411764705
D_k9_1od_x1.2,none,1,5,0.0
D_k9_1od_x1.2,none,1,6,0.058823529411764705
D_k9_1od_x1.2,none,1,7,0.058823529411764705
D_k9_1od_x1.2,none,1,8,0.2
D_k9_1od_x1.2,none,1,9,0.058823529411764705
D_k9_1od_x1.2,none,2,3,0.058823529411764705
D_k9_1od_x1.2,none,2,4,0.058823529411764705
D_k9_1od_x1.2,none,2,5,0.125
D_k9_1od_x1.2,none,2,6,0.2
D_k9_1od_x1.2,none,2,7,0.058823529411764705
D_k9_1od_x1.2,none,2,8,0.2
D_k9_1od_x1.2,none,2,9,0.058823529411764705
D_k9_1od_x1.2,none,3,4,0.058823529411764705
D_k9_1od_x1.2,none,3,5,0.058823529411764705
D_k9_1od_x1.2,none,3,6,0.058823529411764705
D_k9_1od_x1.2,none,3,7,0.0
D_k9_1od_x1.2,none,3,8,0.058823529411764705
D_k9_1od_x1.2,none,3,9,0.125
D_k9_1od_x1.2,none,4,5,0.058823529411764705
D_k9_1od_x1.2,none,4,6,0.058823529411764705
D_k9_1od_x1.2,none,4,7,0.058823529411764705
D_k9_1od_x1.2,none,4,8,0.058823529411764705
D_k9_1od_x1.2,none,4,9,0.058823529411764705
D_k9_1od_x1.2,none,5,6,0.2
D_k9_1od_x1.2,none,5,7,0.058823529411764705
D_k9_1od_x1.2,none,5,8,0.058823529411764705
D_k9_1od_x1.2,none,5,9,0.125
D_k9_1od_x1.2,none,6,7,0.058823529411764705
D_k9_1od_x1.2,none,6,8,0.2857142857142857
D_k9_1od_x1.2,none,6,9,0.2
D_k9_1od_x1.2,none,7,8,0.058823529411764705
D_k9_1od_x1.2,none,7,9,0.058823529411764705
D_k9_1od_x1.2,none,8,9,0.2
D_k9_2od_x0.8,both,0,1,0.125
D_k9_2od_x0.8,both,0,2,0.2
D_k9_2od_x0.8,both,0,3,0.2
D_k9_2od_x0.8,both,0,4,0.2857142857142857
D_k9_2od_x0.8,both,0,5,0.125
D_k9_2od_x0.8,both,0,6,0.2
D_k9_2od_x0.8,both,0,7,0.0
D_k9_2od_x0.8,both,0,8,0.058823529411764705
D_k9_2od_x0.8,both,0,9,0.125
D_k9_2od_x0.8,both,1,2,0.125
D_k9_2od_x0.8,both,1,3,0.125
D_k9_2od_x0.8,both,1,4,0.058823529411764705
D_k9_2od_x0.8,both,1,5,0.125
D_k9_2od_x0.8,both,1,6,0.058823529411764705
D_k9_2od_x0.8,both,1,7,0.0
D_k9_2od_x0.8,both,1,8,0.0
D_k9_2od_x0.8,both,1,9,0.058823529411764705
D_k9_2od_x0.8,both,2,3,0.125
D_k9_2od_x0.8,both,2,4,0.058823529411764705
D_k9_2od_x0.8,both,2,5,0.125
D_k9_2od_x0.8,both,2,6,0.2
D_k9_2od_x0.8,both,2,7,0.058823529411764705
D_k9_2od_x0.8,both,2,8,0.058823529411764705
D_k9_2od_x0.8,both,2,9,0.058823529411764705
D_k9_2od_x0.8,both,3,4,0.2
D_k9_2od_x0.8,both,3,5,0.2857142857142857
D_k9_2od_x0.8,both,3,6,0.2
D_k9_2od_x0.8,both,3,7,0.125
D_k9_2od_x0.8,both,3,8,0.125
D_k9_2od_x0.8,both,3,9,0.058823529411764705
D_k9_2od_x0.8,both,4,5,0.125
D_k9_2od_x0.8,both,4,6,0.058823529411764705
D_k9_2od_x0.8,both,4,7,0.125
D_k9_2od_x0.8,both,4,8,0.125
D_k9_2od_x0.8,both,4,9,0.125
D_k9_2od_x0.8,both,5,6,0.2
D_k9_2od_x0.8,both,5,7,0.125
D_k9_2od_x0.8,both,5,8,0.2
D_k9_2od_x0.8,both,5,9,0.058823529411764705
D_k9_2od_x0.8,both,6,7,0.125
D_k9_2od_x0.8,both,6,8,0.125
D_k9_2od_x0.8,both,6,9,0.058823529411764705
D_k9_2od_x0.8,both,7,8,0.2
D_k9_2od_x0.8,both,7,9,0.058823529411764705
D_k9_2od_x0.8,both,8,9,0.2857142857142857
D_k9_2od_x0.8,init,0,1,0.0
D_k9_2od_x0.8,init,0,2,0.058823529411764705
D_k9_2od_x0.8,init,0,3,0.0
D_k9_2od_x0.8,init,0,4,0.058823529411764705
D_k9_2od_x0.8,init,0,5,0.058823529411764705
D_k9_2od_x0.8,init,0,6,0.058823529411764705
D_k9_2od_x0.8,init,0,7,0.0
D_k9_2od_x0.8,init,0,8,0.2
D_k9_2od_x0.8,init,0,9,0.125
D_k9_2od_x0.8,init,1,2,0.125
D_k9_2od_x0.8,init,1,3,0.125
D_k9_2od_x0.8,init,1,4,0.058823529411764705
D_k9_2od_x0.8,init,1,5,0.058823529411764705
D_k9_2od_x0.8,init,1,6,0.0
D_k9_2od_x0.8,init,1,7,0.125
D_k9_2od_x0.8,init,1,8,0.058823529411764705
D_k9_2od_x0.8,init,1,9,0.2
D_k9_2od_x0.8,init,2,3,0.058823529411764705
D_k9_2od_x0.8,init,2,4,0.058823529411764705
D_k9_2od_x0.8,init,2,5,0.058823529411764705
D_k9_2od_x0.8,init,2,6,0.0
D_k9_2od_x0.8,init,2,7,0.125
D_k9_2od_x0.8,init,2,8,0.058823529411764705
D_k9_2od_x0.8,init,2,9,0.125
D_k9_2od_x0.8,init,3,4,0.2
D_k9_2od_x0.8,init,3,5,0.0
D_k9_2od_x0.8,init,3,6,0.0
D_k9_2od_x0.8,init,3,7,0.058823529411764705
D_k9_2od_x0.8,init,3,8,0.058823529411764705
D_k9_2od_x0.8,init,3,9,0.058823529411764705
D_k9_2od_x0.8,init,4,5,0.125
D_k9_2od_x0.8,init,4,6,0.2857142857142857
D_k9_2od_x0.8,init,4,7,0.125
D_k9_2od_x0.8,init,4,8,0.0
D_k9_2od_x0.8,init,4,9,0.125
D_k9_2od_x0.8,init,5,6,0.058823529411764705
D_k9_2od_x0.8,init,5,7,0.0
D_k9_2od_x0.8,init,5,8,0.125
D_k9_2od_x0.8,init,5,9,0.2857142857142857
D_k9_2od_x0.8,init,6,7,0.125
D_k9_2od_x0.8,init,6,8,0.0
D_k9_2od_x0.8,init,6,9,0.125
D_k9_2od_x0.8,init,7,8,0.058823529411764705
D_k9_2od_x0.8,init,7,9,0.058823529411764705
D_k9_2od_x0.8,init,8,9,0.125
D_k9_2od_x0.8,mutation,0,1,0.058823529411764705
D_k9_2od_x0.8,mutation,0,2,0.125
D_k9_2od_x0.8,mutation,0,3,0.125
D_k9_2od_x0.8,mutation,0,4,0.2
D_k9_2od_x0.8,mutation,0,5,0.058823529411764705
D_k9_2od_x0.8,mutation,0,6,0.125
D_k9_2od_x0.8,mutation,0,7,0.058823529411764705
D_k9_2od_x0.8,mutation,0,8,0.125
D_k9_2od_x0.8,mutation,0,9,0.125
D_k9_2od_x0.8,mutation,1,2,0.2
D_k9_2od_x0.8,mutation,1,3,0.058823529411764705
D_k9_2od_x0.8,mutation,1,4,0.125
D_k9_2od_x0.8,mutation,1,5,0.058823529411764705
D_k9_2od_x0.8,mutation,1,6,0.2
D_k9_2od_x0.8,mutation,1,7,0.0
D_k9_2od_x0.8,mutation,1,8,0.2
D_k9_2od_x0.8,mutation,1,9,0.0
D_k9_2od_x0.8,mutation,2,3,0.125
D_k9_2od_x0.8,mutation,2,4,0.058823529411764705
D_k9_2od_x0.8,mutation,2,5,0.125
D_k9_2od_x0.8,mutation,2,6,0.058823529411764705
D_k9_2od_x0.8,mutation,2,7,0.0
D_k9_2od_x0.8,mutation,2,8,0.058823529411764705
D_k9_2od_x0.8,mutation,2,9,0.0
D_k9_2od_x0.8,mutation,3,4,0.058823529411764705
D_k9_2od_x0.8,mutation,3,5,0.125
D_k9_2od_x0.8,mutation,3,6,0.058823529411764705
D_k9_2od_x0.8,mutation,3,7,0.058823529411764705
D_k9_2od_x0.8,mutation,3,8,0.125
D_k9_2od_x0.8,mutation,3,9,0.058823529411764705
D_k9_2od_x0.8,mutation,4,5,0.125
D_k9_2od_x0.8,mutation,4,6,0.2
D_k9_2od_x0.8,mutation,4,7,0.058823529411764705
D_k9_2od_x0.8,mutation,4,8,0.125
D_k9_2od_x0.8,mutation,4,9,0.2
D_k9_2od_x0.8,mutation,5,6,0.2
D_k9_2od_x0.8,mutation,5,7,0.058823529411764705
D_k9_2od_x0.8,mutation,5,8,0.058823529411764705
D_k9_2od_x0.8,mutation,5,9,0.2
D_k9_2od_x0.8,mutation,6,7,0.125
D_k9_2od_x0.8,mutation,6,8,0.125
D_k9_2od_x0.8,mutation,6,9,0.2
D_k9_2od_x0.8,mutation,7,8,0.058823529411764705
D_k9_2od_x0.8,mutation,7,9,0.125
D_k9_2od_x0.8,mutation,8,9,0.0
D_k9_2od_x0.8,none,0,1,0.125
D_k9_2od_x0.8,none,0,2,0.058823529411764705
D_k9_2od_x0.8,none,0,3,0.125
D_k9_2od_x0.8,none,0,4,0.058823529411764705
D_k9_2od_x0.8,none,0,5,0.2857142857142857
D_k9_2od_x0.8,none,0,6,0.058823529411764705
D_k9_2od_x0.8,none,0,7,0.125
D_k9_2od_x0.8,none,0,8,0.0
D_k9_2od_x0.8,none,0,9,0.2
D_k9_2od_x0.8,none,1,2,0.125
D_k9_2od_x0.8,none,1,3,0.0
D_k9_2od_x0.8,none,1,4,0.125
D_k9_2od_x0.8,none,1,5,0.058823529411764705
D_k9_2od_x0.8,none,1,6,0.125
D_k9_2od_x0.8,none,1,7,0.0
D_k9_2od_x0.8,none,1,8,0.058823529411764705
D_k9_2od_x0.8,none,1,9,0.2857142857142857
D_k9_2od_x0.8,none,2,3,0.058823529411764705
D_k9_2od_x0.8,none,2,4,0.058823529411764705
D_k9_2od_x0.8,none,2,5,0.2
D_k9_2od_x0.8,none,2,6,0.058823529411764705
D_k9_2od_x0.8,none,2,7,0.0
D_k9_2od_x0.8,none,2,8,0.058823529411764705
D_k9_2od_x0.8,none,2,9,0.125
D_k9_2od_x0.8,none,3,4,0.058823529411764705
D_k9_2od_x0.8,none,3,5,0.125
D_k9_2od_x0.8,none,3,6,0.058823529411764705
D_k9_2od_x0.8,none,3,7,0.058823529411764705
D_k9_2od_x0.8,none,3,8,0.058823529411764705
D_k9_2od_x0.8,none,3,9,0.058823529411764705
D_k9_2od_x0.8,none,4,5,0.058823529411764705
D_k9_2od_x0.8,none,4,6,0.125
D_k9_2od_x0.8,none,4,7,0.058823529411764705
D_k9_2od_x0.8,none,4,8,0.0
D_k9_2od_x0.8,none,4,9,0.2
D_k9_2od_x0.8,none,5,6,0.058823529411764705
D_k9_2od_x0.8,none,5,7,0.058823529411764705
D_k9_2od_x0.8,none,5,8,0.2
D_k9_2od_x0.8,none,5,9,0.125
D_k9_2od_x0.8,none,6,7,0.058823529411764705
D_k9_2od_x0.8,none,6,8,0.058823529411764705
D_k9_2od_x0.8,none,6,9,0.125
D_k9_2od_x0.8,none,7,8,0.0
D_k9_2od_x0.8,none,7,9,0.0
D_k9_2od_x0.8,none,8,9,0.0
D_k9_2od_x1.0,both,0,1,0.125
D_k9_2od_x1.0,both,0,2,0.058823529411764705
D_k9_2od_x1.0,both,0,3,0.058823529411764705
D_k9_2od_x1.0,both,0,4,0.125
D_k9_2od_x1.0,both,0,5,0.2
D_k9_2od_x1.0,both,0,6,0.38461538461538464
D_k9_2od_x1.0,both,0,7,0.2857142857142857
D_k9_2od_x1.0,both,0,8,0.2
D_k9_2od_x1.0,both,0,9,0.0
D_k9_2od_x1.0,both,1,2,0.0
D_k9_2od_x1.0,both,1,3,0.2
D_k9_2od_x1.0,both,1,4,0.0
D_k9_2od_x1.0,both,1,5,0.125
D_k9_2od_x1.0,both,1,6,0.125
D_k9_2od_x1.0,both,1,7,0.125
D_k9_2od_x1.0,both,1,8,0.125
D_k9_2od_x1.0,both,1,9,0.0
D_k9_2od_x1.0,both,2,3,0.058823529411764705
D_k9_2od_x1.0,both,2,4,0.2857142857142857
D_k9_2od_x1.0,both,2,5,0.058823529411764705
D_k9_2od_x1.0,both,2,6,0.125
D_k9_2od_x1.0,both,2,7,0.058823529411764705
D_k9_2od_x1.0,both,2,8,0.125
D_k9_2od_x1.0,both,2,9,0.125
D_k9_2od_x1.0,both,3,4,0.125
D_k9_2od_x1.0,both,3,5,0.058823529411764705
D_k9_2od_x1.0,both,3,6,0.058823529411764705
D_k9_2od_x1.0,both,3,7,0.125
D_k9_2od_x1.0,both,3,8,0.2
D_k9_2od_x1.0,both,3,9,0.125
D_k9_2od_x1.0,both,4,5,0.058823529411764705
D_k9_2od_x1.0,both,4,6,0.125
D_k9_2od_x1.0,both,4,7,0.125
D_k9_2od_x1.0,both,4,8,0.2
D_k9_2od_x1.0,both,4,9,0.058823529411764705
D_k9_2od_x1.0,both,5,6,0.125
D_k9_2od_x1.0,both,5,7,0.125
D_k9_2od_x1.0,both,5,8,0.125
D_k9_2od_x1.0,both,5,9,0.0
D_k9_2od_x1.0,both,6,7,0.2857142857142857
D_k9_2od_x1.0,both,6,8,0.2
D_k9_2od_x1.0,both,6,9,0.0
D_k9_2od_x1.0,both,7,8,0.2
D_k9_2od_x1.0,both,7,9,0.058823529411764705
D_k9_2od_x1.0,both,8,9,0.058823529411764705
D_k9_2od_x1.0,init,0,1,0.2
D_k9_2od_x1.0,init,0,2,0.125
D_k9_2od_x1.0,init,0,3,0.058823529411764705
D_k9_2od_x1.0,init,0,4,0.0
D_k9_2od_x1.0,init,0,5,0.125
D_k9_2od_x1.0,init,0,6,0.0
D_k9_2od_x1.0,init,0,7,0.058823529411764705
D_k9_2od_x1.0,init,0,8,0.058823529411764705
D_k9_2od_x1.0,init,0,9,0.07142857142857142
D_k9_2od_x1.0,init,1,2,0.0
D_k9_2od_x1.0,init,1,3,0.058823529411764705
D_k9_2od_x1.0,init,1,4,0.058823529411764705
D_k9_2od_x1.0,init,1,5,0.125
D_k9_2od_x1.0,init,1,6,0.058823529411764705
D_k9_2od_x1.0,init,1,7,0.058823529411764705
D_k9_2od_x1.0,init,1,8,0.0
D_k9_2od_x1.0,init,1,9,0.07142857142857142
D_k9_2od_x1.0,init,2,3,0.125
D_k9_2od_x1.0,init,2,4,0.0
D_k9_2od_x1.0,init,2,5,0.125
D_k9_2od_x1.0,init,2,6,0.058823529411764705
D_k9_2od_x1.0,init,2,7,0.058823529411764705
D_k9_2od_x1.0,init,2,8,0.125
D_k9_2od_x1.0,init,2,9,0.0
D_k9_2od_x1.0,init,3,4,0.058823529411764705
D_k9_2od_x1.0,init,3,5,0.125
D_k9_2od_x1.0,init,3,6,0.058823529411764705
D_k9_2od_x1.0,init,3,7,0.058823529411764705
D_k9_2od_x1.0,init,3,8,0.058823529411764705
D_k9_2od_x1.0,init,3,9,0.07142857142857142
D_k9_2od_x1.0,init,4,5,0.125
D_k9_2od_x1.0,init,4,6,0.2
D_k9_2od_x1.0,init,4,7,0.0
D_k9_2od_x1.0,init,4,8,0.0
D_k9_2od_x1.0,init,4,9,0.0
D_k9_2od_x1.0,init,5,6,0.0
D_k9_2od_x1.0,init,5,7,0.058823529411764705
D_k9_2od_x1.0,init,5,8,0.058823529411764705
D_k9_2od_x1.0,init,5,9,0.0
D_k9_2od_x1.0,init,6,7,0.125
D_k9_2od_x1.0,init,6,8,0.0
D_k9_2od_x1.0,init,6,9,0.0
D_k9_2od_x1.0,init,7,8,0.0
D_k9_2od_x1.0,init,7,9,0.07142857142857142
D_k9_2od_x1.0,init,8,9,0.0
D_k9_2od_x1.0,mutation,0,1,0.125
D_k9_2od_x1.0,mutation,0,2,0.058823529411764705
D_k9_2od_x1.0,mutation,0,3,0.2
D_k9_2od_x1.0,mutation,0,4,0.058823529411764705
D_k9_2od_x1.0,mutation,0,5,0.058823529411764705
D_k9_2od_x1.0,mutation,0,6,0.125
D_k9_2od_x1.0,mutation,0,7,0.125
D_k9_2od_x1.0,mutation,0,8,0.125
D_k9_2od_x1.0,mutation,0,9,0.058823529411764705
D_k9_2od_x1.0,mutation,1,2,0.058823529411764705
D_k9_2od_x1.0,mutation,1,3,0.2857142857142857
D_k9_2od_x1.0,mutation,1,4,0.058823529411764705
D_k9_2od_x1.0,mutation,1,5,0.125
D_k9_2od_x1.0,mutation,1,6,0.125
D_k9_2od_x1.0,mutation,1,7,0.2
D_k9_2od_x1.0,mutation,1,8,0.2
D_k9_2od_x1.0,mutation,1,9,0.125
D_k9_2od_x1.0,mutation,2,3,0.058823529411764705
D_k9_2od_x1.0,mutation,2,4,0.125
D_k9_2od_x1.0,mutation,2,5,0.2
D_k9_2od_x1.0,mutation,2,6,0.2
D_k9_2od_x1.0,mutation,2,7,0.2857142857142857
D_k9_2od_x1.0,mutation,2,8,0.2
D_k9_2od_x1.0,mutation,2,9,0.125
D_k9_2od_x1.0,mutation,3,4,0.2
D_k9_2od_x1.0,mutation,3,5,0.125
D_k9_2od_x1.0,mutation,3,6,0.2
D_k9_2od_x1.0,mutation,3,7,0.2857142857142857
D_k9_2od_x1.0,mutation,3,8,0.125
D_k9_2od_x1.0,mutation,3,9,0.125
D_k9_2od_x1.0,mutation,4,5,0.125
D_k9_2od_x1.0,mutation,4,6,0.058823529411764705
D_k9_2od_x1.0,mutation,4,7,0.2
D_k9_2od_x1.0,mutation,4,8,0.058823529411764705
D_k9_2od_x1.0,mutation,4,9,0.125
D_k9_2od_x1.0,mutation,5,6,0.058823529411764705
D_k9_2od_x1.0,mutation,5,7,0.2
D_k9_2od_x1.0,mutation,5,8,0.125
D_k9_2od_x1.0,mutation,5,9,0.058823529411764705
D_k9_2od_x1.0,mutation,6,7,0.2
D_k9_2od_x1.0,mutation,6,8,0.125
D_k9_2od_x1.0,mutation,6,9,0.058823529411764705
D_k9_2od_x1.0,mutation,7,8,0.125
D_k9_2od_x1.0,mutation,7,9,0.2
D_k9_2od_x1.0,mutation,8,9,0.125
D_k9_2od_x1.0,none,0,1,0.0
D_k9_2od_x1.0,none,0,2,0.125
D_k9_2od_x1.0,none,0,3,0.058823529411764705
D_k9_2od_x1.0,none,0,4,0.058823529411764705
D_k9_2od_x1.0,none,0,5,0.0
D_k9_2od_x1.0,none,0,6,0.125
D_k9_2od_x1.0,none,0,7,0.0
D_k9_2od_x1.0,none,0,8,0.058823529411764705
D_k9_2od_x1.0,none,0,9,0.125
D_k9_2od_x1.0,none,1,2,0.0
D_k9_2od_x1.0,none,1,3,0.0
D_k9_2od_x1.0,none,1,4,0.0
D_k9_2od_x1.0,none,1,5,0.058823529411764705
D_k9_2od_x1.0,none,1,6,0.125
D_k9_2od_x1.0,none,1,7,0.2857142857142857
D_k9_2od_x1.0,none,1,8,0.2
D_k9_2od_x1.0,none,1,9,0.058823529411764705
D_k9_2od_x1.0,none,2,3,0.0
D_k9_2od_x1.0,none,2,4,0.125
D_k9_2od_x1.0,none,2,5,0.0
D_k9_2od_x1.0,none,2,6,0.125
D_k9_2od_x1.0,none,2,7,0.0
D_k9_2od_x1.0,none,2,8,0.0
D_k9_2od_x1.0,none,2,9,0.0
D_k9_2od_x1.0,none,3,4,0.058823529411764705
D_k9_2od_x1.0,none,3,5,0.125
D_k9_2od_x1.0,none,3,6,0.125
D_k9_2od_x1.0,none,3,7,0.058823529411764705
D_k9_2od_x1.0,none,3,8,0.0
D_k9_2od_x1.0,none,3,9,0.125
D_k9_2od_x1.0,none,4,5,0.0
D_k9_2od_x1.0,none,4,6,0.058823529411764705
D_k9_2od_x1.0,none,4,7,0.0
D_k9_2od_x1.0,none,4,8,0.0
D_k9_2od_x1.0,none,4,9,0.058823529411764705
D_k9_2od_x1.0,none,5,6,0.0
D_k9_2od_x1.0,none,5,7,0.125
D_k9_2od_x1.0,none,5,8,0.0
D_k9_2od_x1.0,none,5,9,0.0
D_k9_2od_x1.0,none,6,7,0.0
D_k9_2od_x1.0,none,6,8,0.058823529411764705
D_k9_2od_x1.0,none,6,9,0.058823529411764705
D_k9_2od_x1.0,none,7,8,0.125
D_k9_2od_x1.0,none,7,9,0.058823529411764705
D_k9_2od_x1.0,none,8,9,0.058823529411764705
D_k9_2od_x1.2,both,0,1,0.125
D_k9_2od_x1.2,both,0,2,0.058823529411764705
D_k9_2od_x1.2,both,0,3,0.058823529411764705
D_k9_2od_x1.2,both,0,4,0.058823529411764705
D_k9_2od_x1.2,both,0,5,0.38461538461538464
D_k9_2od_x1.2,both,0,6,0.125
D_k9_2od_x1.2,both,0,7,0.058823529411764705
D_k9_2od_x1.2,both,0,8,0.058823529411764705
D_k9_2od_x1.2,both,0,9,0.2
D_k9_2od_x1.2,both,1,2,0.2
D_k9_2od_x1.2,both,1,3,0.125
D_k9_2od_x1.2,both,1,4,0.2
D_k9_2od_x1.2,both,1,5,0.125
D_k9_2od_x1.2,both,1,6,0.125
D_k9_2od_x1.2,both,1,7,0.125
D_k9_2od_x1.2,both,1,8,0.058823529411764705
D_k9_2od_x1.2,both,1,9,0.058823529411764705
D_k9_2od_x1.2,both,2,3,0.2
D_k9_2od_x1.2,both,2,4,0.058823529411764705
D_k9_2od_x1.2,both,2,5,0.125
D_k9_2od_x1.2,both,2,6,0.2857142857142857
D_k9_2od_x1.2,both,2,7,0.2
D_k9_2od_x1.2,both,2,8,0.0
D_k9_2od_x1.2,both,2,9,0.125
D_k9_2od_x1.2,both,3,4,0.0
D_k9_2od_x1.2,both,3,5,0.058823529411764705
D_k9_2od_x1.2,both,3,6,0.058823529411764705
D_k9_2od_x1.2,both,3,7,0.125
D_k9_2od_x1.2,both,3,8,0.0
D_k9_2od_x1.2,both,3,9,0.0
D_k9_2od_x1.2,both,4,5,0.058823529411764705
D_k9_2od_x1.2,both,4,6,0.125
D_k9_2od_x1.2,both,4,7,0.125
D_k9_2od_x1.2,both,4,8,0.0
D_k9_2od_x1.2,both,4,9,0.2
D_k9_2od_x1.2,both,5,6,0.125
D_k9_2od_x1.2,both,5,7,0.125
D_k9_2od_x1.2,both,5,8,0.058823529411764705
D_k9_2od_x1.2,both,5,9,0.125
D_k9_2od_x1.2,both,6,7,0.058823529411764705
D_k9_2od_x1.2,both,6,8,0.0
D_k9_2od_x1.2,both,6,9,0.125
D_k9_2od_x1.2,both,7,8,0.058823529411764705
D_k9_2od_x1.2,both,7,9,0.2
D_k9_2od_x1.2,both,8,9,0.0
D_k9_2od_x1.2,init,0,1,0.058823529411764705
D_k9_2od_x1.2,init,0,2,0.125
D_k9_2od_x1.2,init,0,3,0.058823529411764705
D_k9_2od_x1.2,init,0,4,0.058823529411764705
D_k9_2od_x1.2,init,0,5,0.125
D_k9_2od_x1.2,init,0,6,0.058823529411764705
D_k9_2od_x1.2,init,0,7,0.058823529411764705
D_k9_2od_x1.2,init,0,8,0.0
D_k9_2od_x1.2,init,0,9,0.125
D_k9_2od_x1.2,init,1,2,0.2
D_k9_2od_x1.2,init,1,3,0.2
D_k9_2od_x1.2,init,1,4,0.125
D_k9_2od_x1.2,init,1,5,0.125
D_k9_2od_x1.2,init,1,6,0.058823529411764705
D_k9_2od_x1.2,init,1,7,0.2
D_k9_2od_x1.2,init,1,8,0.125
D_k9_2od_x1.2,init,1,9,0.2
D_k9_2od_x1.2,init,2,3,0.125
D_k9_2od_x1.2,init,2,4,0.2
D_k9_2od_x1.2,init,2,5,0.125
D_k9_2od_x1.2,init,2,6,0.125
D_k9_2od_x1.2,init,2,7,0.058823529411764705
D_k9_2od_x1.2,init,2,8,0.2
D_k9_2od_x1.2,init,2,9,0.125
D_k9_2od_x1.2,init,3,4,0.058823529411764705
D_k9_2od_x1.2,init,3,5,0.125
D_k9_2od_x1.2,init,3,6,0.125
D_k9_2od_x1.2,init,3,7,0.058823529411764705
D_k9_2od_x1.2,init,3,8,0.058823529411764705
D_k9_2od_x1.2,init,3,9,0.125
D_k9_2od_x1.2,init,4,5,0.058823529411764705
D_k9_2od_x1.2,init,4,6,0.125
D_k9_2od_x1.2,init,4,7,0.125
D_k9_2od_x1.2,init,4,8,0.058823529411764705
D_k9_2od_x1.2,init,4,9,0.2857142857142857
D_k9_2od_x1.2,init,5,6,0.2
D_k9_2od_x1.2,init,5,7,0.0
D_k9_2od_x1.2,init,5,8,0.125
D_k9_2od_x1.2,init,5,9,0.058823529411764705
D_k9_2od_x1.2,init,6,7,0.0
D_k9_2od_x1.2,init,6,8,0.2
D_k9_2od_x1.2,init,6,9,0.058823529411764705
D_k9_2od_x1.2,init,7,8,0.058823529411764705
D_k9_2od_x1.2,init,7,9,0.058823529411764705
D_k9_2od_x1.2,init,8,9,0.0
D_k9_2od_x1.2,mutation,0,1,0.058823529411764705
D_k9_2od_x1.2,mutation,0,2,0.058823529411764705
D_k9_2od_x1.2,mutation,0,3,0.38461538461538464
D_k9_2od_x1.2,mutation,0,4,0.125
D_k9_2od_x1.2,mutation,0,5,0.0
D_k9_2od_x1.2,mutation,0,6,0.0
D_k9_2od_x1.2,mutation,0,7,0.2
D_k9_2od_x1.2,mutation,0,8,0.2
D_k9_2od_x1.2,mutation,0,9,0.2
D_k9_2od_x1.2,mutation,1,2,0.125
D_k9_2od_x1.2,mutation,1,3,0.058823529411764705
D_k9_2od_x1.2,mutation,1,4,0.0
D_k9_2od_x1.2,mutation,1,5,0.125
D_k9_2od_x1.2,mutation,1,6,0.058823529411764705
D_k9_2od_x1.2,mutation,1,7,0.2
D_k9_2od_x1.2,mutation,1,8,0.058823529411764705
D_k9_2od_x1.2,mutation,1,9,0.125
D_k9_2od_x1.2,mutation,2,3,0.125
D_k9_2od_x1.2,mutation,2,4,0.0
D_k9_2od_x1.2,mutation,2,5,0.0
D_k9_2od_x1.2,mutation,2,6,0.058823529411764705
D_k9_2od_x1.2,mutation,2,7,0.058823529411764705
D_k9_2od_x1.2,mutation,2,8,0.125
D_k9_2od_x1.2,mutation,2,9,0.058823529411764705
D_k9_2od_x1.2,mutation,3,4,0.058823529411764705
D_k9_2od_x1.2,mutation,3,5,0.058823529411764705
D_k9_2od_x1.2,mutation,3,6,0.0
D_k9_2od_x1.2,mutation,3,7,0.125
D_k9_2od_x1.2,mutation,3,8,0.125
D_k9_2od_x1.2,mutation,3,9,0.125
D_k9_2od_x1.2,mutation,4,5,0.0
D_k9_2od_x1.2,mutation,4,6,0.058823529411764705
D_k9_2od_x1.2,mutation,4,7,0.0
D_k9_2od_x1.2,mutation,4,8,0.125
D_k9_2od_x1.2,mutation,4,9,0.125
D_k9_2od_x1.2,mutation,5,6,0.0
D_k9_2od_x1.2,mutation,5,7,0.125
D_k9_2od_x1.2,mutation,5,8,0.125
D_k9_2od_x1.2,mutation,5,9,0.058823529411764705
D_k9_2od_x1.2,mutation,6,7,0.125
D_k9_2od_x1.2,mutation,6,8,0.058823529411764705
D_k9_2od_x1.2,mutation,6,9,0.0
D_k9_2od_x1.2,mutation,7,8,0.058823529411764705
D_k9_2od_x1.2,mutation,7,9,0.2
D_k9_2od_x1.2,mutation,8,9,0.058823529411764705
D_k9_2od_x1.2,none,0,1,0.058823529411764705
D_k9_2od_x1.2,none,0,2,0.058823529411764705
D_k9_2od_x1.2,none,0,3,0.058823529411764705
D_k9_2od_x1.2,none,0,4,0.125
D_k9_2od_x1.2,none,0,5,0.0
D_k9_2od_x1.2,none,0,6,0.125
D_k9_2od_x1.2,none,0,7,0.2
D_k9_2od_x1.2,none,0,8,0.058823529411764705
D_k9_2od_x1.2,none,0,9,0.0
D_k9_2od_x1.2,none,1,2,0.125
D_k9_2od_x1.2,none,1,3,0.058823529411764705
D_k9_2od_x1.2,none,1,4,0.058823529411764705
D_k9_2od_x1.2,none,1,5,0.125
D_k9_2od_x1.2,none,1,6,0.058823529411764705
D_k9_2od_x1.2,none,1,7,0.125
D_k9_2od_x1.2,none,1,8,0.058823529411764705
D_k9_2od_x1.2,none,1,9,0.2
D_k9_2od_x1.2,none,2,3,0.058823529411764705
D_k9_2od_x1.2,none,2,4,0.058823529411764705
D_k9_2od_x1.2,none,2,5,0.2
D_k9_2od_x1.2,none,2,6,0.125
D_k9_2od_x1.2,none,2,7,0.058823529411764705
D_k9_2od_x1.2,none,2,8,0.2
D_k9_2od_x1.2,none,2,9,0.058823529411764705
D_k9_2od_x1.2,none,3,4,0.058823529411764705
D_k9_2od_x1.2,none,3,5,0.125
D_k9_2od_x1.2,none,3,6,0.058823529411764705
D_k9_2od_x1.2,none,3,7,0.125
D_k9_2od_x1.2,none,3,8,0.0
D_k9_2od_x1.2,none,3,9,0.125
D_k9_2od_x1.2,none,4,5,0.058823529411764705
D_k9_2od_x1.2,none,4,6,0.058823529411764705
D_k9_2od_x1.2,none,4,7,0.058823529411764705
D_k9_2od_x1.2,none,4,8,0.058823529411764705
D_k9_2od_x1.2,none,4,9,0.0
D_k9_2od_x1.2,none,5,6,0.0
D_k9_2od_x1.2,none,5,7,0.0
D_k9_2od_x1.2,none,5,8,0.125
D_k9_2od_x1.2,none,5,9,0.0
D_k9_2od_x1.2,none,6,7,0.058823529411764705
D_k9_2od_x1.2,none,6,8,0.058823529411764705
D_k9_2od_x1.2,none,6,9,0.0
D_k9_2od_x1.2,none,7,8,0.058823529411764705
D_k9_2od_x1.2,none,7,9,0.058823529411764705
D_k9_2od_x1.2,none,8,9,0.058823529411764705
D_k9_3od_x0.8,both,0,1,0.125
D_k9_3od_x0.8,both,0,2,0.125
D_k9_3od_x0.8,both,0,3,0.2857142857142857
D_k9_3od_x0.8,both,0,4,0.125
D_k9_3od_x0.8,both,0,5,0.058823529411764705
D_k9_3od_x0.8,both,0,6,0.125
D_k9_3od_x0.8,both,0,7,0.38461538461538464
D_k9_3od_x0.8,both,0,8,0.125
D_k9_3od_x0.8,both,0,9,0.125
D_k9_3od_x0.8,both,1,2,0.058823529411764705
D_k9_3od_x0.8,both,1,3,0.058823529411764705
D_k9_3od_x0.8,both,1,4,0.125
D_k9_3od_x0.8,both,1,5,0.0
D_k9_3od_x0.8,both,1,6,0.125
D_k9_3od_x0.8,both,1,7,0.125
D_k9_3od_x0.8,both,1,8,0.125
D_k9_3od_x0.8,both,1,9,0.125
D_k9_3od_x0.8,both,2,3,0.2
D_k9_3od_x0.8,both,2,4,0.2
D_k9_3od_x0.8,both,2,5,0.125
D_k9_3od_x0.8,both,2,6,0.2
D_k9_3od_x0.8,both,2,7,0.058823529411764705
D_k9_3od_x0.8,both,2,8,0.058823529411764705
D_k9_3od_x0.8,both,2,9,0.2
D_k9_3od_x0.8,both,3,4,0.38461538461538464
D_k9_3od_x0.8,both,3,5,0.2857142857142857
D_k9_3od_x0.8,both,3,6,0.125
D_k9_3od_x0.8,both,3,7,0.2
D_k9_3od_x0.8,both,3,8,0.2
D_k9_3od_x0.8,both,3,9,0.2
D_k9_3od_x0.8,both,4,5,0.2857142857142857
D_k9_3od_x0.8,both,4,6,0.2857142857142857
D_k9_3od_x0.8,both,4,7,0.125
D_k9_3od_x0.8,both,4,8,0.2
D_k9_3od_x0.8,both,4,9,0.2
D_k9_3od_x0.8,both,5,6,0.2
D_k9_3od_x0.8,both,5,7,0.058823529411764705
D_k9_3od_x0.8,both,5,8,0.2
D_k9_3od_x0.8,both,5,9,0.2
D_k9_3od_x0.8,both,6,7,0.058823529411764705
D_k9_3od_x0.8,both,6,8,0.125
D_k9_3od_x0.8,both,6,9,0.2
D_k9_3od_x0.8,both,7,8,0.058823529411764705
D_k9_3od_x0.8,both,7,9,0.058823529411764705
D_k9_3od_x0.8,both,8,9,0.125
D_k9_3od_x0.8,init,0,1,0.0
D_k9_3od_x0.8,init,0,2,0.0
D_k9_3od_x0.8,init,0,3,0.058823529411764705
D_k9_3od_x0.8,init,0,4,0.058823529411764705
D_k9_3od_x0.8,init,0,5,0.2
D_k9_3od_x0.8,init,0,6,0.0
D_k9_3od_x0.8,init,0,7,0.058823529411764705
D_k9_3od_x0.8,init,0,8,0.0
D_k9_3od_x0.8,init,0,9,0.058823529411764705
D_k9_3od_x0.8,init,1,2,0.058823529411764705
D_k9_3od_x0.8,init,1,3,0.2
D_k9_3od_x0.8,init,1,4,0.0
D_k9_3od_x0.8,init,1,5,0.0
D_k9_3od_x0.8,init,1,6,0.2
D_k9_3od_x0.8,init,1,7,0.058823529411764705
D_k9_3od_x0.8,init,1,8,0.2
D_k9_3od_x0.8,init,1,9,0.058823529411764705
D_k9_3od_x0.8,init,2,3,0.058823529411764705
D_k9_3od_x0.8,init,2,4,0.125
D_k9_3od_x0.8,init,2,5,0.058823529411764705
D_k9_3od_x0.8,init,2,6,0.2
D_k9_3od_x0.8,init,2,7,0.058823529411764705
D_k9_3od_x0.8,init,2,8,0.125
D_k9_3od_x0.8,init,2,9,0.2
D_k9_3od_x0.8,init,3,4,0.0
D_k9_3od_x0.8,init,3,5,0.0
D_k9_3od_x0.8,init,3,6,0.125
D_k9_3od_x0.8,init,3,7,0.2
D_k9_3od_x0.8,init,3,8,0.125
D_k9_3od_x0.8,init,3,9,0.058823529411764705
D_k9_3od_x0.8,init,4,5,0.058823529411764705
D_k9_3od_x0.8,init,4,6,0.0
D_k9_3od_x0.8,init,4,7,0.058823529411764705
D_k9_3od_x0.8,init,4,8,0.0
D_k9_3od_x0.8,init,4,9,0.058823529411764705
D_k9_3od_x0.8,init,5,6,0.0
D_k9_3od_x0.8,init,5,7,0.2
D_k9_3od_x0.8,init,5,8,0.058823529411764705
D_k9_3od_x0.8,init,5,9,0.058823529411764705
D_k9_3od_x0.8,init,6,7,0.125
D_k9_3od_x0.8,init,6,8,0.125
D_k9_3od_x0.8,init,6,9,0.125
D_k9_3od_x0.8,init,7,8,0.2
D_k9_3od_x0.8,init,7,9,0.125
D_k9_3od_x0.8,init,8,9,0.058823529411764705
D_k9_3od_x0.8,mutation,0,1,0.38461538461538464
D_k9_3od_x0.8,mutation,0,2,0.058823529411764705
D_k9_3od_x0.8,mutation,0,3,0.058823529411764705
D_k9_3od_x0.8,mutation,0,4,0.2
D_k9_3od_x0.8,mutation,0,5,0.0
D_k9_3od_x0.8,mutation,0,6,0.125
D_k9_3od_x0.8,mutation,0,7,0.125
D_k9_3od_x0.8,mutation,0,8,0.0
D_k9_3od_x0.8,mutation,0,9,0.058823529411764705
D_k9_3od_x0.8,mutation,1,2,0.058823529411764705
D_k9_3od_x0.8,mutation,1,3,0.125
D_k9_3od_x0.8,mutation,1,4,0.125
D_k9_3od_x0.8,mutation,1,5,0.0
D_k9_3od_x0.8,mutation,1,6,0.058823529411764705
D_k9_3od_x0.8,mutation,1,7,0.125
D_k9_3od_x0.8,mutation,1,8,0.125
D_k9_3od_x0.8,mutation,1,9,0.125
D_k9_3od_x0.8,mutation,2,3,0.2
D_k9_3od_x0.8,mutation,2,4,0.058823529411764705
D_k9_3od_x0.8,mutation,2,5,0.2857142857142857
D_k9_3od_x0.8,mutation,2,6,0.2857142857142857
D_k9_3od_x0.8,mutation,2,7,0.058823529411764705
D_k9_3od_x0.8,mutation,2,8,0.2857142857142857
D_k9_3od_x0.8,mutation,2,9,0.2857142857142857
D_k9_3od_x0.8,mutation,3,4,0.0
D_k9_3od_x0.8,mutation,3,5,0.125
D_k9_3od_x0.8,mutation,3,6,0.125
D_k9_3od_x0.8,mutation,3,7,0.058823529411764705
D_k9_3od_x0.8,mutation,3,8,0.125
D_k9_3od_x0.8,mutation,3,9,0.058823529411764705
D_k9_3od_x0.8,mutation,4,5,0.125
D_k9_3od_x0.8,mutation,4,6,0.2
D_k9_3od_x0.8,mutation,4,7,0.125
D_k9_3od_x0.8,mutation,4,8,0.125
D_k9_3od_x0.8,mutation,4,9,0.125
D_k9_3od_x0.8,mutation,5,6,0.2
D_k9_3od_x0.8,mutation,5,7,0.125
D_k9_3od_x0.8,mutation,5,8,0.38461538461538464
D_k9_3od_x0.8,mutation,5,9,0.2857142857142857
D_k9_3od_x0.8,mutation,6,7,0.058823529411764705
D_k9_3od_x0.8,mutation,6,8,0.2857142857142857
D_k9_3od_x0.8,mutation,6,9,0.125
D_k9_3od_x0.8,mutation,7,8,0.058823529411764705
D_k9_3od_x0.8,mutation,7,9,0.2
D_k9_3od_x0.8,mutation,8,9,0.2
D_k9_3od_x0.8,none,0,1,0.125
D_k9_3od_x0.8,none,0,2,0.058823529411764705
D_k9_3od_x0.8,none,0,3,0.0
D_k9_3od_x0.8,none,0,4,0.058823529411764705
D_k9_3od_x0.8,none,0,5,0.058823529411764705
D_k9_3od_x0.8,none,0,6,0.0
D_k9_3od_x0.8,none,0,7,0.2
D_k9_3od_x0.8,none,0,8,0.125
D_k9_3od_x0.8,none,0,9,0.125
D_k9_3od_x0.8,none,1,2,0.2857142857142857
D_k9_3od_x0.8,none,1,3,0.38461538461538464
D_k9_3od_x0.8,none,1,4,0.125
D_k9_3od_x0.8,none,1,5,0.2
D_k9_3od_x0.8,none,1,6,0.2
D_k9_3od_x0.8,none,1,7,0.0
D_k9_3od_x0.8,none,1,8,0.2857142857142857
D_k9_3od_x0.8,none,1,9,0.058823529411764705
D_k9_3od_x0.8,none,2,3,0.2
D_k9_3od_x0.8,none,2,4,0.2857142857142857
D_k9_3od_x0.8,none,2,5,0.2
D_k9_3od_x0.8,none,2,6,0.125
D_k9_3od_x0.8,none,2,7,0.0
D_k9_3od_x0.8,none,2,8,0.125
D_k9_3od_x0.8,none,2,9,0.125
D_k9_3od_x0.8,none,3,4,0.058823529411764705
D_k9_3od_x0.8,none,3,5,0.125
D_k9_3od_x0.8,none,3,6,0.125
D_k9_3od_x0.8,none,3,7,0.0
D_k9_3od_x0.8,none,3,8,0.125
D_k9_3od_x0.8,none,3,9,0.058823529411764705
D_k9_3od_x0.8,none,4,5,0.125
D_k9_3od_x0.8,none,4,6,0.2
D_k9_3od_x0.8,none,4,7,0.058823529411764705
D_k9_3od_x0.8,none,4,8,0.125
D_k9_3od_x0.8,none,4,9,0.058823529411764705
D_k9_3od_x0.8,none,5,6,0.2
D_k9_3od_x0.8,none,5,7,0.0
D_k9_3od_x0.8,none,5,8,0.125
D_k9_3od_x0.8,none,5,9,0.058823529411764705
D_k9_3od_x0.8,none,6,7,0.0
D_k9_3od_x0.8,none,6,8,0.2857142857142857
D_k9_3od_x0.8,none,6,9,0.058823529411764705
D_k9_3od_x0.8,none,7,8,0.058823529411764705
D_k9_3od_x0.8,none,7,9,0.125
D_k9_3od_x0.8,none,8,9,0.125
D_k9_3od_x1.0,both,0,1,0.058823529411764705
D_k9_3od_x1.0,both,0,2,0.125
D_k9_3od_x1.0,both,0,3,0.058823529411764705
D_k9_3od_x1.0,both,0,4,0.2
D_k9_3od_x1.0,both,0,5,0.2
D_k9_3od_x1.0,both,0,6,0.2
D_k9_3od_x1.0,both,0,7,0.125
D_k9_3od_x1.0,both,0,8,0.38461538461538464
D_k9_3od_x1.0,both,0,9,0.2
D_k9_3od_x1.0,both,1,2,0.125
D_k9_3od_x1.0,both,1,3,0.125
D_k9_3od_x1.0,both,1,4,0.058823529411764705
D_k9_3od_x1.0,both,1,5,0.125
D_k9_3od_x1.0,both,1,6,0.2
D_k9_3od_x1.0,both,1,7,0.125
D_k9_3od_x1.0,both,1,8,0.125
D_k9_3od_x1.0,both,1,9,0.058823529411764705
D_k9_3od_x1.0,both,2,3,0.2
D_k9_3od_x1.0,both,2,4,0.058823529411764705
D_k9_3od_x1.0,both,2,5,0.058823529411764705
D_k9_3od_x1.0,both,2,6,0.0
D_k9_3od_x1.0,both,2,7,0.125
D_k9_3od_x1.0,both,2,8,0.058823529411764705
D_k9_3od_x1.0,both,2,9,0.0
D_k9_3od_x1.0,both,3,4,0.058823529411764705
D_k9_3od_x1.0,both,3,5,0.0
D_k9_3od_x1.0,both,3,6,0.0
D_k9_3od_x1.0,both,3,7,0.125
D_k9_3od_x1.0,both,3,8,0.0
D_k9_3od_x1.0,both,3,9,0.058823529411764705
D_k9_3od_x1.0,both,4,5,0.125
D_k9_3od_x1.0,both,4,6,0.2857142857142857
D_k9_3od_x1.0,both,4,7,0.058823529411764705
D_k9_3od_x1.0,both,4,8,0.2
D_k9_3od_x1.0,both,4,9,0.2
D_k9_3od_x1.0,both,5,6,0.2857142857142857
D_k9_3od_x1.0,both,5,7,0.125
D_k9_3od_x1.0,both,5,8,0.2
D_k9_3od_x1.0,both,5,9,0.2
D_k9_3od_x1.0,both,6,7,0.058823529411764705
D_k9_3od_x1.0,both,6,8,0.2
D_k9_3od_x1.0,both,6,9,0.2857142857142857
D_k9_3od_x1.0,both,7,8,0.125
D_k9_3od_x1.0,both,7,9,0.125
D_k9_3od_x1.0,both,8,9,0.2
D_k9_3od_x1.0,init,0,1,0.2
D_k9_3od_x1.0,init,0,2,0.2
D_k9_3od_x1.0,init,0,3,0.2
D_k9_3od_x1.0,init,0,4,0.2857142857142857
D_k9_3od_x1.0,init,0,5,0.058823529411764705
D_k9_3od_x1.0,init,0,6,0.058823529411764705
D_k9_3od_x1.0,init,0,7,0.0
D_k9_3od_x1.0,init,0,8,0.125
D_k9_3od_x1.0,init,0,9,0.058823529411764705
D_k9_3od_x1.0,init,1,2,0.2857142857142857
D_k9_3od_x1.0,init,1,3,0.2
D_k9_3od_x1.0,init,1,4,0.058823529411764705
D_k9_3od_x1.0,init,1,5,0.058823529411764705
D_k9_3od_x1.0,init,1,6,0.058823529411764705
D_k9_3od_x1.0,init,1,7,0.0
D_k9_3od_x1.0,init,1,8,0.0
D_k9_3od_x1.0,init,1,9,0.058823529411764705
D_k9_3od_x1.0,init,2,3,0.125
D_k9_3od_x1.0,init,2,4,0.058823529411764705
D_k9_3od_x1.0,init,2,5,0.2
D_k9_3od_x1.0,init,2,6,0.125
D_k9_3od_x1.0,init,2,7,0.0
D_k9_3od_x1.0,init,2,8,0.0
D_k9_3od_x1.0,init,2,9,0.058823529411764705
D_k9_3od_x1.0,init,3,4,0.2
D_k9_3od_x1.0,init,3,5,0.125
D_k9_3od_x1.0,init,3,6,0.058823529411764705
D_k9_3od_x1.0,init,3,7,0.0
D_k9_3od_x1.0,init,3,8,0.0
D_k9_3od_x1.0,init,3,9,0.058823529411764705
D_k9_3od_x1.0,init,4,5,0.058823529411764705
D_k9_3od_x1.0,init,4,6,0.125
D_k9_3od_x1.0,init,4,7,0.125
D_k9_3od_x1.0,init,4,8,0.125
D_k9_3od_x1.0,init,4,9,0.2
D_k9_3od_x1.0,init,5,6,0.058823529411764705
D_k9_3od_x1.0,init,5,7,0.125
D_k9_3od_x1.0,init,5,8,0.125
D_k9_3od_x1.0,init,5,9,0.058823529411764705
D_k9_3od_x1.0,init,6,7,0.125
D_k9_3od_x1.0,init,6,8,0.125
D_k9_3od_x1.0,init,6,9,0.125
D_k9_3od_x1.0,init,7,8,0.125
D_k9_3od_x1.0,init,7,9,0.058823529411764705
D_k9_3od_x1.0,init,8,9,0.058823529411764705
D_k9_3od_x1.0,mutation,0,1,0.125
D_k9_3od_x1.0,mutation,0,2,0.125
D_k9_3od_x1.0,mutation,0,3,0.125
D_k9_3od_x1.0,mutation,0,4,0.125
D_k9_3od_x1.0,mutation,0,5,0.125
D_k9_3od_x1.0,mutation,0,6,0.2
D_k9_3od_x1.0,mutation,0,7,0.125
D_k9_3od_x1.0,mutation,0,8,0.125
D_k9_3od_x1.0,mutation,0,9,0.058823529411764705
D_k9_3od_x1.0,mutation,1,2,0.058823529411764705
D_k9_3od_x1.0,mutation,1,3,0.38461538461538464
D_k9_3od_x1.0,mutation,1,4,0.125
D_k9_3od_x1.0,mutation,1,5,0.058823529411764705
D_k9_3od_x1.0,mutation,1,6,0.2
D_k9_3od_x1.0,mutation,1,7,0.058823529411764705
D_k9_3od_x1.0,mutation,1,8,0.125
D_k9_3od_x1.0,mutation,1,9,0.125
D_k9_3od_x1.0,mutation,2,3,0.058823529411764705
D_k9_3od_x1.0,mutation,2,4,0.058823529411764705
D_k9_3od_x1.0,mutation,2,5,0.2857142857142857
D_k9_3od_x1.0,mutation,2,6,0.125
D_k9_3od_x1.0,mutation,2,7,0.125
D_k9_3od_x1.0,mutation,2,8,0.2
D_k9_3od_x1.0,mutation,2,9,0.2
D_k9_3od_x1.0,mutation,3,4,0.058823529411764705
D_k9_3od_x1.0,mutation,3,5,0.058823529411764705
D_k9_3od_x1.0,mutation,3,6,0.2
D_k9_3od_x1.0,mutation,3,7,0.058823529411764705
D_k9_3od_x1.0,mutation,3,8,0.058823529411764705
D_k9_3od_x1.0,mutation,3,9,0.125
D_k9_3od_x1.0,mutation,4,5,0.125
D_k9_3od_x1.0,mutation,4,6,0.058823529411764705
D_k9_3od_x1.0,mutation,4,7,0.058823529411764705
D_k9_3od_x1.0,mutation,4,8,0.125
D_k9_3od_x1.0,mutation,4,9,0.058823529411764705
D_k9_3od_x1.0,mutation,5,6,0.2
D_k9_3od_x1.0,mutation,5,7,0.2
D_k9_3od_x1.0,mutation,5,8,0.2857142857142857
D_k9_3od_x1.0,mutation,5,9,0.38461538461538464
D_k9_3od_x1.0,mutation,6,7,0.058823529411764705
D_k9_3od_x1.0,mutation,6,8,0.058823529411764705
D_k9_3od_x1.0,mutation,6,9,0.125
D_k9_3od_x1.0,mutation,7,8,0.125
D_k9_3od_x1.0,mutation,7,9,0.125
D_k9_3od_x1.0,mutation,8,9,0.2
D_k9_3od_x1.0,none,0,1,0.058823529411764705
D_k9_3od_x1.0,none,0,2,0.058823529411764705
D_k9_3od_x1.0,none,0,3,0.058823529411764705
D_k9_3od_x1.0,none,0,4,0.058823529411764705
D_k9_3od_x1.0,none,0,5,0.125
D_k9_3od_x1.0,none,0,6,0.125
D_k9_3od_x1.0,none,0,7,0.058823529411764705
D_k9_3od_x1.0,none,0,8,0.2
D_k9_3od_x1.0,none,0,9,0.2857142857142857
D_k9_3od_x1.0,none,1,2,0.058823529411764705
D_k9_3od_x1.0,none,1,3,0.058823529411764705
D_k9_3od_x1.0,none,1,4,0.058823529411764705
D_k9_3od_x1.0,none,1,5,0.125
D_k9_3od_x1.0,none,1,6,0.058823529411764705
D_k9_3od_x1.0,none,1,7,0.125
D_k9_3od_x1.0,none,1,8,0.125
D_k9_3od_x1.0,none,1,9,0.125
D_k9_3od_x1.0,none,2,3,0.058823529411764705
D_k9_3od_x1.0,none,2,4,0.125
D_k9_3od_x1.0,none,2,5,0.058823529411764705
D_k9_3od_x1.0,none,2,6,0.2
D_k9_3od_x1.0,none,2,7,0.0
D_k9_3od_x1.0,none,2,8,0.125
D_k9_3od_x1.0,none,2,9,0.125
D_k9_3od_x1.0,none,3,4,0.0
D_k9_3od_x1.0,none,3,5,0.058823529411764705
D_k9_3od_x1.0,none,3,6,0.2
D_k9_3od_x1.0,none,3,7,0.125
D_k9_3od_x1.0,none,3,8,0.2
D_k9_3od_x1.0,none,3,9,0.0
D_k9_3od_x1.0,none,4,5,0.125
D_k9_3od_x1.0,none,4,6,0.125
D_k9_3od_x1.0,none,4,7,0.0
D_k9_3od_x1.0,none,4,8,0.058823529411764705
D_k9_3od_x1.0,none,4,9,0.125
D_k9_3od_x1.0,none,5,6,0.2
D_k9_3od_x1.0,none,5,7,0.125
D_k9_3od_x1.0,none,5,8,0.125
D_k9_3od_x1.0,none,5,9,0.125
D_k9_3od_x1.0,none,6,7,0.058823529411764705
D_k9_3od_x1.0,none,6,8,0.2857142857142857
D_k9_3od_x1.0,none,6,9,0.058823529411764705
D_k9_3od_x1.0,none,7,8,0.2
D_k9_3od_x1.0,none,7,9,0.125
D_k9_3od_x1.0,none,8,9,0.125
D_k9_3od_x1.2,both,0,1,0.125
D_k9_3od_x1.2,both,0,2,0.125
D_k9_3od_x1.2,both,0,3,0.125
D_k9_3od_x1.2,both,0,4,0.058823529411764705
D_k9_3od_x1.2,both,0,5,0.058823529411764705
D_k9_3od_x1.2,both,0,6,0.058823529411764705
D_k9_3od_x1.2,both,0,7,0.125
D_k9_3od_x1.2,both,0,8,0.125
D_k9_3od_x1.2,both,0,9,0.2
D_k9_3od_x1.2,both,1,2,0.2
D_k9_3od_x1.2,both,1,3,0.2857142857142857
D_k9_3od_x1.2,both,1,4,0.2
D_k9_3od_x1.2,both,1,5,0.2
D_k9_3od_x1.2,both,1,6,0.2
D_k9_3od_x1.2,both,1,7,0.2
D_k9_3od_x1.2,both,1,8,0.2857142857142857
D_k9_3od_x1.2,both,1,9,0.125
D_k9_3od_x1.2,both,2,3,0.125
D_k9_3od_x1.2,both,2,4,0.2
D_k9_3od_x1.2,both,2,5,0.2
D_k9_3od_x1.2,both,2,6,0.125
D_k9_3od_x1.2,both,2,7,0.2857142857142857
D_k9_3od_x1.2,both,2,8,0.125
D_k9_3od_x1.2,both,2,9,0.2
D_k9_3od_x1.2,both,3,4,0.125
D_k9_3od_x1.2,both,3,5,0.2857142857142857
D_k9_3od_x1.2,both,3,6,0.125
D_k9_3od_x1.2,both,3,7,0.2
D_k9_3od_x1.2,both,3,8,0.125
D_k9_3od_x1.2,both,3,9,0.058823529411764705
D_k9_3od_x1.2,both,4,5,0.125
D_k9_3od_x1.2,both,4,6,0.058823529411764705
D_k9_3od_x1.2,both,4,7,0.125
D_k9_3od_x1.2,both,4,8,0.125
D_k9_3od_x1.2,both,4,9,0.058823529411764705
D_k9_3od_x1.2,both,5,6,0.2
D_k9_3od_x1.2,both,5,7,0.2857142857142857
D_k9_3od_x1.2,both,5,8,0.2
D_k9_3od_x1.2,both,5,9,0.058823529411764705
D_k9_3od_x1.2,both,6,7,0.2
D_k9_3od_x1.2,both,6,8,0.058823529411764705
D_k9_3od_x1.2,both,6,9,0.058823529411764705
D_k9_3od_x1.2,both,7,8,0.125
D_k9_3od_x1.2,both,7,9,0.058823529411764705
D_k9_3od_x1.2,both,8,9,0.2
D_k9_3od_x1.2,init,0,1,0.058823529411764705
D_k9_3od_x1.2,init,0,2,0.058823529411764705
D_k9_3od_x1.2,init,0,3,0.2
D_k9_3od_x1.2,init,0,4,0.058823529411764705
D_k9_3od_x1.2,init,0,5,0.058823529411764705
D_k9_3od_x1.2,init,0,6,0.058823529411764705
D_k9_3od_x1.2,init,0,7,0.058823529411764705
D_k9_3od_x1.2,init,0,8,0.058823529411764705
D_k9_3od_x1.2,init,0,9,0.125
D_k9_3od_x1.2,init,1,2,0.058823529411764705
D_k9_3od_x1.2,init,1,3,0.2
D_k9_3od_x1.2,init,1,4,0.2857142857142857
D_k9_3od_x1.2,init,1,5,0.2
D_k9_3od_x1.2,init,1,6,0.125
D_k9_3od_x1.2,init,1,7,0.058823529411764705
D_k9_3od_x1.2,init,1,8,0.0
D_k9_3od_x1.2,init,1,9,0.058823529411764705
D_k9_3od_x1.2,init,2,3,0.2
D_k9_3od_x1.2,init,2,4,0.058823529411764705
D_k9_3od_x1.2,init,2,5,0.058823529411764705
D_k9_3od_x1.2,init,2,6,0.125
D_k9_3od_x1.2,init,2,7,0.2
D_k9_3od_x1.2,init,2,8,0.058823529411764705
D_k9_3od_x1.2,init,2,9,0.2
D_k9_3od_x1.2,init,3,4,0.125
D_k9_3od_x1.2,init,3,5,0.125
D_k9_3od_x1.2,init,3,6,0.125
D_k9_3od_x1.2,init,3,7,0.125
D_k9_3od_x1.2,init,3,8,0.058823529411764705
D_k9_3od_x1.2,init,3,9,0.2
D_k9_3od_x1.2,init,4,5,0.2857142857142857
D_k9_3od_x1.2,init,4,6,0.2
D_k9_3od_x1.2,init,4,7,0.125
D_k9_3od_x1.2,init,4,8,0.058823529411764705
D_k9_3od_x1.2,init,4,9,0.2
D_k9_3od_x1.2,init,5,6,0.2857142857142857
D_k9_3od_x1.2,init,5,7,0.125
D_k9_3od_x1.2,init,5,8,0.125
D_k9_3od_x1.2,init,5,9,0.2
D_k9_3od_x1.2,init,6,7,0.2
D_k9_3od_x1.2,init,6,8,0.058823529411764705
D_k9_3od_x1.2,init,6,9,0.2857142857142857
D_k9_3od_x1.2,init,7,8,0.058823529411764705
D_k9_3od_x1.2,init,7,9,0.2
D_k9_3od_x1.2,init,8,9,0.058823529411764705
D_k9_3od_x1.2,mutation,0,1,0.2
D_k9_3od_x1.2,mutation,0,2,0.2
D_k9_3od_x1.2,mutation,0,3,0.058823529411764705
D_k9_3od_x1.2,mutation,0,4,0.125
D_k9_3od_x1.2,mutation,0,5,0.125
D_k9_3od_x1.2,mutation,0,6,0.125
D_k9_3od_x1.2,mutation,0,7,0.125
D_k9_3od_x1.2,mutation,0,8,0.058823529411764705
D_k9_3od_x1.2,mutation,0,9,0.2857142857142857
D_k9_3od_x1.2,mutation,1,2,0.2
D_k9_3od_x1.2,mutation,1,3,0.2
D_k9_3od_x1.2,mutation,1,4,0.125
D_k9_3od_x1.2,mutation,1,5,0.2
D_k9_3od_x1.2,mutation,1,6,0.2
D_k9_3od_x1.2,mutation,1,7,0.2857142857142857
D_k9_3od_x1.2,mutation,1,8,0.125
D_k9_3od_x1.2,mutation,1,9,0.2
D_k9_3od_x1.2,mutation,2,3,0.2
D_k9_3od_x1.2,mutation,2,4,0.125
D_k9_3od_x1.2,mutation,2,5,0.2
D_k9_3od_x1.2,mutation,2,6,0.125
D_k9_3od_x1.2,mutation,2,7,0.2857142857142857
D_k9_3od_x1.2,mutation,2,8,0.058823529411764705
D_k9_3od_x1.2,mutation,2,9,0.38461538461538464
D_k9_3od_x1.2,mutation,3,4,0.125
D_k9_3od_x1.2,mutation,3,5,0.38461538461538464
D_k9_3od_x1.2,mutation,3,6,0.125
D_k9_3od_x1.2,mutation,3,7,0.125
D_k9_3od_x1.2,mutation,3,8,0.125
D_k9_3od_x1.2,mutation,3,9,0.125
D_k9_3od_x1.2,mutation,4,5,0.125
D_k9_3od_x1.2,mutation,4,6,0.2
D_k9_3od_x1.2,mutation,4,7,0.125
D_k9_3od_x1.2,mutation,4,8,0.058823529411764705
D_k9_3od_x1.2,mutation,4,9,0.125
D_k9_3od_x1.2,mutation,5,6,0.2857142857142857
D_k9_3od_x1.2,mutation,5,7,0.2
D_k9_3od_x1.2,mutation,5,8,0.125
D_k9_3od_x1.2,mutation,5,9,0.2
D_k9_3od_x1.2,mutation,6,7,0.2857142857142857
D_k9_3od_x1.2,mutation,6,8,0.125
D_k9_3od_x1.2,mutation,6,9,0.125
D_k9_3od_x1.2,mutation,7,8,0.058823529411764705
D_k9_3od_x1.2,mutation,7,9,0.125
D_k9_3od_x1.2,mutation,8,9,0.058823529411764705
D_k9_3od_x1.2,none,0,1,0.058823529411764705
D_k9_3od_x1.2,none,0,2,0.125
D_k9_3od_x1.2,none,0,3,0.125
D_k9_3od_x1.2,none,0,4,0.058823529411764705
D_k9_3od_x1.2,none,0,5,0.125
D_k9_3od_x1.2,none,0,6,0.125
D_k9_3od_x1.2,none,0,7,0.125
D_k9_3od_x1.2,none,0,8,0.2857142857142857
D_k9_3od_x1.2,none,0,9,0.125
D_k9_3od_x1.2,none,1,2,0.125
D_k9_3od_x1.2,none,1,3,0.2857142857142857
D_k9_3od_x1.2,none,1,4,0.2
D_k9_3od_x1.2,none,1,5,0.0
D_k9_3od_x1.2,none,1,6,0.125
D_k9_3od_x1.2,none,1,7,0.125
D_k9_3od_x1.2,none,1,8,0.058823529411764705
D_k9_3od_x1.2,none,1,9,0.058823529411764705
D_k9_3od_x1.2,none,2,3,0.058823529411764705
D_k9_3od_x1.2,none,2,4,0.2
D_k9_3od_x1.2,none,2,5,0.125
D_k9_3od_x1.2,none,2,6,0.058823529411764705
D_k9_3od_x1.2,none,2,7,0.058823529411764705
D_k9_3od_x1.2,none,2,8,0.125
D_k9_3od_x1.2,none,2,9,0.058823529411764705
D_k9_3od_x1.2,none,3,4,0.058823529411764705
D_k9_3od_x1.2,none,3,5,0.0
D_k9_3od_x1.2,none,3,6,0.058823529411764705
D_k9_3od_x1.2,none,3,7,0.125
D_k9_3od_x1.2,none,3,8,0.125
D_k9_3od_x1.2,none,3,9,0.058823529411764705
D_k9_3od_x1.2,none,4,5,0.058823529411764705
D_k9_3od_x1.2,none,4,6,0.125
D_k9_3od_x1.2,none,4,7,0.058823529411764705
D_k9_3od_x1.2,none,4,8,0.058823529411764705
D_k9_3od_x1.2,none,4,9,0.125
D_k9_3od_x1.2,none,5,6,0.058823529411764705
D_k9_3od_x1.2,none,5,7,0.125
D_k9_3od_x1.2,none,5,8,0.125
D_k9_3od_x1.2,none,5,9,0.125
D_k9_3od_x1.2,none,6,7,0.125
D_k9_3od_x1.2,none,6,8,0.058823529411764705
D_k9_3od_x1.2,none,6,9,0.2
D_k9_3od_x1.2,none,7,8,0.2
D_k9_3od_x1.2,none,7,9,0.125
D_k9_3od_x1.2,none,8,9,0.125
J_k9_6od_x0.8,both,0,1,0.06666666666666667
J_k9_6od_x0.8,both,0,2,0.0
J_k9_6od_x0.8,both,0,3,0.06666666666666667
J_k9_6od_x0.8,both,0,4,0.1
J_k9_6od_x0.8,both,0,5,0.0
J_k9_6od_x0.8,both,0,6,0.06666666666666667
J_k9_6od_x0.8,both,0,7,0.06666666666666667
J_k9_6od_x0.8,both,0,8,0.06666666666666667
J_k9_6od_x0.8,both,0,9,0.06666666666666667
J_k9_6od_x0.8,both,1,2,0.058823529411764705
J_k9_6od_x0.8,both,1,3,0.058823529411764705
J_k9_6od_x0.8,both,1,4,0.08333333333333333
J_k9_6od_x0.8,both,1,5,0.058823529411764705
J_k9_6od_x0.8,both,1,6,0.0
J_k9_6od_x0.8,both,1,7,0.058823529411764705
J_k9_6od_x0.8,both,1,8,0.058823529411764705
J_k9_6od_x0.8,both,1,9,0.058823529411764705
J_k9_6od_x0.8,both,2,3,0.058823529411764705
J_k9_6od_x0.8,both,2,4,0.0
J_k9_6od_x0.8,both,2,5,0.0
J_k9_6od_x0.8,both,2,6,0.058823529411764705
J_k9_6od_x0.8,both,2,7,0.0
J_k9_6od_x0.8,both,2,8,0.0
J_k9_6od_x0.8,both,2,9,0.0
J_k9_6od_x0.8,both,3,4,0.08333333333333333
J_k9_6od_x0.8,both,3,5,0.0
J_k9_6od_x0.8,both,3,6,0.0
J_k9_6od_x0.8,both,3,7,0.058823529411764705
J_k9_6od_x0.8,both,3,8,0.058823529411764705
J_k9_6od_x0.8,both,3,9,0.125
J_k9_6od_x0.8,both,4,5,0.0
J_k9_6od_x0.8,both,4,6,0.0
J_k9_6od_x0.8,both,4,7,0.08333333333333333
J_k9_6od_x0.8,both,4,8,0.08333333333333333
J_k9_6od_x0.8,both,4,9,0.08333333333333333
J_k9_6od_x0.8,both,5,6,0.0
J_k9_6od_x0.8,both,5,7,0.0
J_k9_6od_x0.8,both,5,8,0.0
J_k9_6od_x0.8,both,5,9,0.0
J_k9_6od_x0.8,both,6,7,0.0
J_k9_6od_x0.8,both,6,8,0.0
J_k9_6od_x0.8,both,6,9,0.058823529411764705
J_k9_6od_x0.8,both,7,8,0.058823529411764705
J_k9_6od_x0.8,both,7,9,0.125
J_k9_6od_x0.8,both,8,9,0.058823529411764705
J_k9_6od_x0.8,init,0,1,0.06666666666666667
J_k9_6od_x0.8,init,0,2,0.06666666666666667
J_k9_6od_x0.8,init,0,3,0.06666666666666667
J_k9_6od_x0.8,init,0,4,0.1
J_k9_6od_x0.8,init,0,5,0.06666666666666667
J_k9_6od_x0.8,init,0,6,0.06666666666666667
J_k9_6od_x0.8,init,0,7,0.06666666666666667
J_k9_6od_x0.8,init,0,8,0.06666666666666667
J_k9_6od_x0.8,init,0,9,0.09090909090909091
J_k9_6od_x0.8,init,1,2,0.058823529411764705
J_k9_6od_x0.8,init,1,3,0.058823529411764705
J_k9_6od_x0.8,init,1,4,0.08333333333333333
J_k9_6od_x0.8,init,1,5,0.058823529411764705
J_k9_6od_x0.8,init,1,6,0.058823529411764705
J_k9_6od_x0.8,init,1,7,0.058823529411764705
J_k9_6od_x0.8,init,1,8,0.058823529411764705
J_k9_6od_x0.8,init,1,9,0.07692307692307693
J_k9_6od_x0.8,init,2,3,0.058823529411764705
J_k9_6od_x0.8,init,2,4,0.08333333333333333
J_k9_6od_x0.8,init,2,5,0.058823529411764705
J_k9_6od_x0.8,init,2,6,0.058823529411764705
J_k9_6od_x0.8,init,2,7,0.058823529411764705
J_k9_6od_x0.8,init,2,8,0.058823529411764705
J_k9_6od_x0.8,init,2,9,0.07692307692307693
J_k9_6od_x0.8,init,3,4,0.08333333333333333
J_k9_6od_x0.8,init,3,5,0.058823529411764705
J_k9_6od_x0.8,init,3,6,0.058823529411764705
J_k9_6od_x0.8,init,3,7,0.058823529411764705
J_k9_6od_x0.8,init,3,8,0.058823529411764705
J_k9_6od_x0.8,init,3,9,0.07692307692307693
J_k9_6od_x0.8,init,4,5,0.08333333333333333
J_k9_6od_x0.8,init,4,6,0.08333333333333333
J_k9_6od_x0.8,init,4,7,0.08333333333333333
J_k9_6od_x0.8,init,4,8,0.08333333333333333
J_k9_6od_x0.8,init,4,9,0.125
J_k9_6od_x0.8,init,5,6,0.058823529411764705
J_k9_6od_x0.8,init,5,7,0.058823529411764705
J_k9_6od_x0.8,init,5,8,0.058823529411764705
J_k9_6od_x0.8,init,5,9,0.07692307692307693
J_k9_6od_x0.8,init,6,7,0.058823529411764705
J_k9_6od_x0.8,init,6,8,0.058823529411764705
J_k9_6od_x0.8,init,6,9,0.07692307692307693
J_k9_6od_x0.8,init,7,8,0.058823529411764705
J_k9_6od_x0.8,init,7,9,0.16666666666666666
J_k9_6od_x0.8,init,8,9,0.07692307692307693
J_k9_6od_x0.8,mutation,0,1,0.0
J_k9_6od_x0.8,mutation,0,2,0.0
J_k9_6od_x0.8,mutation,0,3,0.0
J_k9_6od_x0.8,mutation,0,4,0.058823529411764705
J_k9_6od_x0.8,mutation,0,5,0.0
J_k9_6od_x0.8,mutation,0,6,0.0
J_k9_6od_x0.8,mutation,0,7,0.0
J_k9_6od_x0.8,mutation,0,8,0.0
J_k9_6od_x0.8,mutation,0,9,0.0
J_k9_6od_x0.8,mutation,1,2,0.0
J_k9_6od_x0.8,mutation,1,3,0.058823529411764705
J_k9_6od_x0.8,mutation,1,4,0.058823529411764705
J_k9_6od_x0.8,mutation,1,5,0.058823529411764705
J_k9_6od_x0.8,mutation,1,6,0.058823529411764705
J_k9_6od_x0.8,mutation,1,7,0.058823529411764705
J_k9_6od_x0.8,mutation,1,8,0.058823529411764705
J_k9_6od_x0.8,mutation,1,9,0.058823529411764705
J_k9_6od_x0.8,mutation,2,3,0.0
J_k9_6od_x0.8,mutation,2,4,0.0
J_k9_6od_x0.8,mutation,2,5,0.0
J_k9_6od_x0.8,mutation,2,6,0.0
J_k9_6od_x0.8,mutation,2,7,0.0
J_k9_6od_x0.8,mutation,2,8,0.0
J_k9_6od_x0.8,mutation,2,9,0.0
J_k9_6od_x0.8,mutation,3,4,0.0
J_k9_6od_x0.8,mutation,3,5,0.125
J_k9_6od_x0.8,mutation,3,6,0.058823529411764705
J_k9_6od_x0.8,mutation,3,7,0.058823529411764705
J_k9_6od_x0.8,mutation,3,8,0.058823529411764705
J_k9_6od_x0.8,mutation,3,9,0.058823529411764705
J_k9_6od_x0.8,mutation,4,5,0.058823529411764705
J_k9_6od_x0.8,mutation,4,6,0.0
J_k9_6od_x0.8,mutation,4,7,0.0
J_k9_6od_x0.8,mutation,4,8,0.0
J_k9_6od_x0.8,mutation,4,9,0.0
J_k9_6od_x0.8,mutation,5,6,0.058823529411764705
J_k9_6od_x0.8,mutation,5,7,0.125
J_k9_6od_x0.8,mutation,5,8,0.125
J_k9_6od_x0.8,mutation,5,9,0.058823529411764705
J_k9_6od_x0.8,mutation,6,7,0.058823529411764705
J_k9_6od_x0.8,mutation,6,8,0.058823529411764705
J_k9_6od_x0.8,mutation,6,9,0.058823529411764705
J_k9_6od_x0.8,mutation,7,8,0.058823529411764705
J_k9_6od_x0.8,mutation,7,9,0.058823529411764705
J_k9_6od_x0.8,mutation,8,9,0.058823529411764705
J_k9_6od_x0.8,none,0,1,0.0
J_k9_6od_x0.8,none,0,2,0.0
J_k9_6od_x0.8,none,0,3,0.0
J_k9_6od_x0.8,none,0,4,0.0
J_k9_6od_x0.8,none,0,5,0.0
J_k9_6od_x0.8,none,0,6,0.0
J_k9_6od_x0.8,none,0,7,0.0
J_k9_6od_x0.8,none,0,8,0.0
J_k9_6od_x0.8,none,0,9,0.0
J_k9_6od_x0.8,none,1,2,0.058823529411764705
J_k9_6od_x0.8,none,1,3,0.058823529411764705
J_k9_6od_x0.8,none,1,4,0.058823529411764705
J_k9_6od_x0.8,none,1,5,0.058823529411764705
J_k9_6od_x0.8,none,1,6,0.058823529411764705
J_k9_6od_x0.8,none,1,7,0.058823529411764705
J_k9_6od_x0.8,none,1,8,0.058823529411764705
J_k9_6od_x0.8,none,1,9,0.0
J_k9_6od_x0.8,none,2,3,0.058823529411764705
J_k9_6od_x0.8,none,2,4,0.058823529411764705
J_k9_6od_x0.8,none,2,5,0.058823529411764705
J_k9_6od_x0.8,none,2,6,0.058823529411764705
J_k9_6od_x0.8,none,2,7,0.058823529411764705
J_k9_6od_x0.8,none,2,8,0.058823529411764705
J_k9_6od_x0.8,none,2,9,0.0
J_k9_6od_x0.8,none,3,4,0.058823529411764705
J_k9_6od_x0.8,none,3,5,0.058823529411764705
J_k9_6od_x0.8,none,3,6,0.058823529411764705
J_k9_6od_x0.8,none,3,7,0.058823529411764705
J_k9_6od_x0.8,none,3,8,0.058823529411764705
J_k9_6od_x0.8,none,3,9,0.0
J_k9_6od_x0.8,none,4,5,0.058823529411764705
J_k9_6od_x0.8,none,4,6,0.058823529411764705
J_k9_6od_x0.8,none,4,7,0.058823529411764705
J_k9_6od_x0.8,none,4,8,0.058823529411764705
J_k9_6od_x0.8,none,4,9,0.0
J_k9_6od_x0.8,none,5,6,0.058823529411764705
J_k9_6od_x0.8,none,5,7,0.058823529411764705
J_k9_6od_x0.8,none,5,8,0.058823529411764705
J_k9_6od_x0.8,none,5,9,0.0
J_k9_6od_x0.8,none,6,7,0.058823529411764705
J_k9_6od_x0.8,none,6,8,0.058823529411764705
J_k9_6od_x0.8,none,6,9,0.0
J_k9_6od_x0.8,none,7,8,0.058823529411764705
J_k9_6od_x0.8,none,7,9,0.0
J_k9_6od_x0.8,none,8,9,0.058823529411764705
J_k9_6od_x1.0,both,0,1,0.08333333333333333
J_k9_6od_x1.0,both,0,2,0.08333333333333333
J_k9_6od_x1.0,both,0,3,0.08333333333333333
J_k9_6od_x1.0,both,0,4,0.08333333333333333
J_k9_6od_x1.0,both,0,5,0.08333333333333333
J_k9_6od_x1.0,both,0,6,0.08333333333333333
J_k9_6od_x1.0,both,0,7,0.08333333333333333
J_k9_6od_x1.0,both,0,8,0.08333333333333333
J_k9_6od_x1.0,both,0,9,0.08333333333333333
J_k9_6od_x1.0,both,1,2,0.058823529411764705
J_k9_6od_x1.0,both,1,3,0.058823529411764705
J_k9_6od_x1.0,both,1,4,0.058823529411764705
J_k9_6od_x1.0,both,1,5,0.125
J_k9_6od_x1.0,both,1,6,0.058823529411764705
J_k9_6od_x1.0,both,1,7,0.058823529411764705
J_k9_6od_x1.0,both,1,8,0.125
J_k9_6od_x1.0,both,1,9,0.2
J_k9_6od_x1.0,both,2,3,0.058823529411764705
J_k9_6od_x1.0,both,2,4,0.058823529411764705
J_k9_6od_x1.0,both,2,5,0.058823529411764705
J_k9_6od_x1.0,both,2,6,0.058823529411764705
J_k9_6od_x1.0,both,2,7,0.058823529411764705
J_k9_6od_x1.0,both,2,8,0.058823529411764705
J_k9_6od_x1.0,both,2,9,0.125
J_k9_6od_x1.0,both,3,4,0.058823529411764705
J_k9_6od_x1.0,both,3,5,0.058823529411764705
J_k9_6od_x1.0,both,3,6,0.058823529411764705
J_k9_6od_x1.0,both,3,7,0.058823529411764705
J_k9_6od_x1.0,both,3,8,0.058823529411764705
J_k9_6od_x1.0,both,3,9,0.058823529411764705
J_k9_6od_x1.0,both,4,5,0.058823529411764705
J_k9_6od_x1.0,both,4,6,0.058823529411764705
J_k9_6od_x1.0,both,4,7,0.058823529411764705
J_k9_6od_x1.0,both,4,8,0.058823529411764705
J_k9_6od_x1.0,both,4,9,0.058823529411764705
J_k9_6od_x1.0,both,5,6,0.058823529411764705
J_k9_6od_x1.0,both,5,7,0.058823529411764705
J_k9_6od_x1.0,both,5,8,0.125
J_k9_6od_x1.0,both,5,9,0.125
J_k9_6od_x1.0,both,6,7,0.125
J_k9_6od_x1.0,both,6,8,0.058823529411764705
J_k9_6od_x1.0,both,6,9,0.058823529411764705
J_k9_6od_x1.0,both,7,8,0.058823529411764705
J_k9_6od_x1.0,both,7,9,0.058823529411764705
J_k9_6od_x1.0,both,8,9,0.125
J_k9_6od_x1.0,init,0,1,0.058823529411764705
J_k9_6od_x1.0,init,0,2,0.058823529411764705
J_k9_6od_x1.0,init,0,3,0.058823529411764705
J_k9_6od_x1.0,init,0,4,0.058823529411764705
J_k9_6od_x1.0,init,0,5,0.058823529411764705
J_k9_6od_x1.0,init,0,6,0.058823529411764705
J_k9_6od_x1.0,init,0,7,0.058823529411764705
J_k9_6od_x1.0,init,0,8,0.058823529411764705
J_k9_6od_x1.0,init,0,9,0.058823529411764705
J_k9_6od_x1.0,init,1,2,0.058823529411764705
J_k9_6od_x1.0,init,1,3,0.058823529411764705
J_k9_6od_x1.0,init,1,4,0.058823529411764705
J_k9_6od_x1.0,init,1,5,0.058823529411764705
J_k9_6od_x1.0,init,1,6,0.058823529411764705
J_k9_6od_x1.0,init,1,7,0.058823529411764705
J_k9_6od_x1.0,init,1,8,0.058823529411764705
J_k9_6od_x1.0,init,1,9,0.058823529411764705
J_k9_6od_x1.0,init,2,3,0.058823529411764705
J_k9_6od_x1.0,init,2,4,0.058823529411764705
J_k9_6od_x1.0,init,2,5,0.058823529411764705
J_k9_6od_x1.0,init,2,6,0.058823529411764705
J_k9_6od_x1.0,init,2,7,0.058823529411764705
J_k9_6od_x1.0,init,2,8,0.058823529411764705
J_k9_6od_x1.0,init,2,9,0.058823529411764705
J_k9_6od_x1.0,init,3,4,0.058823529411764705
J_k9_6od_x1.0,init,3,5,0.058823529411764705
J_k9_6od_x1.0,init,3,6,0.058823529411764705
J_k9_6od_x1.0,init,3,7,0.058823529411764705
J_k9_6od_x1.0,init,3,8,0.058823529411764705
J_k9_6od_x1.0,init,3,9,0.058823529411764705
J_k9_6od_x1.0,init,4,5,0.058823529411764705
J_k9_6od_x1.0,init,4,6,0.058823529411764705
J_k9_6od_x1.0,init,4,7,0.058823529411764705
J_k9_6od_x1.0,init,4,8,0.058823529411764705
J_k9_6od_x1.0,init,4,9,0.058823529411764705
J_k9_6od_x1.0,init,5,6,0.058823529411764705
J_k9_6od_x1.0,init,5,7,0.058823529411764705
J_k9_6od_x1.0,init,5,8,0.058823529411764705
J_k9_6od_x1.0,init,5,9,0.058823529411764705
J_k9_6od_x1.0,init,6,7,0.058823529411764705
J_k9_6od_x1.0,init,6,8,0.058823529411764705
J_k9_6od_x1.0,init,6,9,0.058823529411764705
J_k9_6od_x1.0,init,7,8,0.058823529411764705
J_k9_6od_x1.0,init,7,9,0.058823529411764705
J_k9_6od_x1.0,init,8,9,0.058823529411764705
J_k9_6od_x1.0,mutation,0,1,0.125
J_k9_6od_x1.0,mutation,0,2,0.0
J_k9_6od_x1.0,mutation,0,3,0.0
J_k9_6od_x1.0,mutation,0,4,0.0
J_k9_6od_x1.0,mutation,0,5,0.0
J_k9_6od_x1.0,mutation,0,6,0.0
J_k9_6od_x1.0,mutation,0,7,0.058823529411764705
J_k9_6od_x1.0,mutation,0,8,0.0
J_k9_6od_x1.0,mutation,0,9,0.0
J_k9_6od_x1.0,mutation,1,2,0.0
J_k9_6od_x1.0,mutation,1,3,0.0
J_k9_6od_x1.0,mutation,1,4,0.0
J_k9_6od_x1.0,mutation,1,5,0.0
J_k9_6od_x1.0,mutation,1,6,0.0
J_k9_6od_x1.0,mutation,1,7,0.058823529411764705
J_k9_6od_x1.0,mutation,1,8,0.0
J_k9_6od_x1.0,mutation,1,9,0.0
J_k9_6od_x1.0,mutation,2,3,0.058823529411764705
J_k9_6od_x1.0,mutation,2,4,0.058823529411764705
J_k9_6od_x1.0,mutation,2,5,0.058823529411764705
J_k9_6od_x1.0,mutation,2,6,0.058823529411764705
J_k9_6od_x1.0,mutation,2,7,0.0
J_k9_6od_x1.0,mutation,2,8,0.125
J_k9_6od_x1.0,mutation,2,9,0.125
J_k9_6od_x1.0,mutation,3,4,0.125
J_k9_6od_x1.0,mutation,3,5,0.058823529411764705
J_k9_6od_x1.0,mutation,3,6,0.125
J_k9_6od_x1.0,mutation,3,7,0.0
J_k9_6od_x1.0,mutation,3,8,0.058823529411764705
J_k9_6od_x1.0,mutation,3,9,0.058823529411764705
J_k9_6od_x1.0,mutation,4,5,0.058823529411764705
J_k9_6od_x1.0,mutation,4,6,0.058823529411764705
J_k9_6od_x1.0,mutation,4,7,0.0
J_k9_6od_x1.0,mutation,4,8,0.058823529411764705
J_k9_6od_x1.0,mutation,4,9,0.058823529411764705
J_k9_6od_x1.0,mutation,5,6,0.058823529411764705
J_k9_6od_x1.0,mutation,5,7,0.0
J_k9_6od_x1.0,mutation,5,8,0.058823529411764705
J_k9_6od_x1.0,mutation,5,9,0.058823529411764705
J_k9_6od_x1.0,mutation,6,7,0.0
J_k9_6od_x1.0,mutation,6,8,0.058823529411764705
J_k9_6od_x1.0,mutation,6,9,0.058823529411764705
J_k9_6od_x1.0,mutation,7,8,0.0
J_k9_6od_x1.0,mutation,7,9,0.0
J_k9_6od_x1.0,mutation,8,9,0.058823529411764705
J_k9_6od_x1.0,none,0,1,0.058823529411764705
J_k9_6od_x1.0,none,0,2,0.058823529411764705
J_k9_6od_x1.0,none,0,3,0.0
J_k9_6od_x1.0,none,0,4,0.058823529411764705
J_k9_6od_x1.0,none,0,5,0.058823529411764705
J_k9_6od_x1.0,none,0,6,0.058823529411764705
J_k9_6od_x1.0,none,0,7,0.0
J_k9_6od_x1.0,none,0,8,0.058823529411764705
J_k9_6od_x1.0,none,0,9,0.058823529411764705
J_k9_6od_x1.0,none,1,2,0.058823529411764705
J_k9_6od_x1.0,none,1,3,0.0
J_k9_6od_x1.0,none,1,4,0.058823529411764705
J_k9_6od_x1.0,none,1,5,0.058823529411764705
J_k9_6od_x1.0,none,1,6,0.058823529411764705
J_k9_6od_x1.0,none,1,7,0.0
J_k9_6od_x1.0,none,1,8,0.058823529411764705
J_k9_6od_x1.0,none,1,9,0.058823529411764705
J_k9_6od_x1.0,none,2,3,0.0
J_k9_6od_x1.0,none,2,4,0.058823529411764705
J_k9_6od_x1.0,none,2,5,0.058823529411764705
J_k9_6od_x1.0,none,2,6,0.125
J_k9_6od_x1.0,none,2,7,0.0
J_k9_6od_x1.0,none,2,8,0.058823529411764705
J_k9_6od_x1.0,none,2,9,0.058823529411764705
J_k9_6od_x1.0,none,3,4,0.0
J_k9_6od_x1.0,none,3,5,0.0
J_k9_6od_x1.0,none,3,6,0.0
J_k9_6od_x1.0,none,3,7,0.0
J_k9_6od_x1.0,none,3,8,0.0
J_k9_6od_x1.0,none,3,9,0.0
J_k9_6od_x1.0,none,4,5,0.058823529411764705
J_k9_6od_x1.0,none,4,6,0.058823529411764705
J_k9_6od_x1.0,none,4,7,0.0
J_k9_6od_x1.0,none,4,8,0.058823529411764705
J_k9_6od_x1.0,none,4,9,0.058823529411764705
J_k9_6od_x1.0,none,5,6,0.058823529411764705
J_k9_6od_x1.0,none,5,7,0.0
J_k9_6od_x1.0,none,5,8,0.058823529411764705
J_k9_6od_x1.0,none,5,9,0.058823529411764705
J_k9_6od_x1.0,none,6,7,0.0
J_k9_6od_x1.0,none,6,8,0.058823529411764705
J_k9_6od_x1.0,none,6,9,0.058823529411764705
J_k9_6od_x1.0,none,7,8,0.0
J_k9_6od_x1.0,none,7,9,0.0
J_k9_6od_x1.0,none,8,9,0.058823529411764705
J_k9_6od_x1.2,both,0,1,0.058823529411764705
J_k9_6od_x1.2,both,0,2,0.058823529411764705
J_k9_6od_x1.2,both,0,3,0.125
J_k9_6od_x1.2,both,0,4,0.0
J_k9_6od_x1.2,both,0,5,0.0625
J_k9_6od_x1.2,both,0,6,0.058823529411764705
J_k9_6od_x1.2,both,0,7,0.058823529411764705
J_k9_6od_x1.2,both,0,8,0.125
J_k9_6od_x1.2,both,0,9,0.058823529411764705
J_k9_6od_x1.2,both,1,2,0.058823529411764705
J_k9_6od_x1.2,both,1,3,0.058823529411764705
J_k9_6od_x1.2,both,1,4,0.0
J_k9_6od_x1.2,both,1,5,0.0625
J_k9_6od_x1.2,both,1,6,0.125
J_k9_6od_x1.2,both,1,7,0.058823529411764705
J_k9_6od_x1.2,both,1,8,0.125
J_k9_6od_x1.2,both,1,9,0.058823529411764705
J_k9_6od_x1.2,both,2,3,0.058823529411764705
J_k9_6od_x1.2,both,2,4,0.0
J_k9_6od_x1.2,both,2,5,0.0625
J_k9_6od_x1.2,both,2,6,0.125
J_k9_6od_x1.2,both,2,7,0.058823529411764705
J_k9_6od_x1.2,both,2,8,0.058823529411764705
J_k9_6od_x1.2,both,2,9,0.058823529411764705
J_k9_6od_x1.2,both,3,4,0.0
J_k9_6od_x1.2,both,3,5,0.0625
J_k9_6od_x1.2,both,3,6,0.058823529411764705
J_k9_6od_x1.2,both,3,7,0.125
J_k9_6od_x1.2,both,3,8,0.125
J_k9_6od_x1.2,both,3,9,0.058823529411764705
J_k9_6od_x1.2,both,4,5,0.0
J_k9_6od_x1.2,both,4,6,0.0
J_k9_6od_x1.2,both,4,7,0.0
J_k9_6od_x1.2,both,4,8,0.0
J_k9_6od_x1.2,both,4,9,0.0
J_k9_6od_x1.2,both,5,6,0.0625
J_k9_6od_x1.2,both,5,7,0.0625
J_k9_6od_x1.2,both,5,8,0.0625
J_k9_6od_x1.2,both,5,9,0.0625
J_k9_6od_x1.2,both,6,7,0.058823529411764705
J_k9_6od_x1.2,both,6,8,0.058823529411764705
J_k9_6od_x1.2,both,6,9,0.058823529411764705
J_k9_6od_x1.2,both,7,8,0.058823529411764705
J_k9_6od_x1.2,both,7,9,0.058823529411764705
J_k9_6od_x1.2,both,8,9,0.058823529411764705
J_k9_6od_x1.2,init,0,1,0.058823529411764705
J_k9_6od_x1.2,init,0,2,0.0
J_k9_6od_x1.2,init,0,3,0.058823529411764705
J_k9_6od_x1.2,init,0,4,0.058823529411764705
J_k9_6od_x1.2,init,0,5,0.0625
J_k9_6od_x1.2,init,0,6,0.058823529411764705
J_k9_6od_x1.2,init,0,7,0.0
J_k9_6od_x1.2,init,0,8,0.058823529411764705
J_k9_6od_x1.2,init,0,9,0.125
J_k9_6od_x1.2,init,1,2,0.0
J_k9_6od_x1.2,init,1,3,0.058823529411764705
J_k9_6od_x1.2,init,1,4,0.058823529411764705
J_k9_6od_x1.2,init,1,5,0.0625
J_k9_6od_x1.2,init,1,6,0.058823529411764705
J_k9_6od_x1.2,init,1,7,0.0
J_k9_6od_x1.2,init,1,8,0.058823529411764705
J_k9_6od_x1.2,init,1,9,0.058823529411764705
J_k9_6od_x1.2,init,2,3,0.0
J_k9_6od_x1.2,init,2,4,0.058823529411764705
J_k9_6od_x1.2,init,2,5,0.0
J_k9_6od_x1.2,init,2,6,0.0
J_k9_6od_x1.2,init,2,7,0.0
J_k9_6od_x1.2,init,2,8,0.0
J_k9_6od_x1.2,init,2,9,0.0
J_k9_6od_x1.2,init,3,4,0.058823529411764705
J_k9_6od_x1.2,init,3,5,0.0625
J_k9_6od_x1.2,init,3,6,0.058823529411764705
J_k9_6od_x1.2,init,3,7,0.0
J_k9_6od_x1.2,init,3,8,0.058823529411764705
J_k9_6od_x1.2,init,3,9,0.058823529411764705
J_k9_6od_x1.2,init,4,5,0.13333333333333333
J_k9_6od_x1.2,init,4,6,0.058823529411764705
J_k9_6od_x1.2,init,4,7,0.0
J_k9_6od_x1.2,init,4,8,0.058823529411764705
J_k9_6od_x1.2,init,4,9,0.058823529411764705
J_k9_6od_x1.2,init,5,6,0.0625
J_k9_6od_x1.2,init,5,7,0.0
J_k9_6od_x1.2,init,5,8,0.0625
J_k9_6od_x1.2,init,5,9,0.0625
J_k9_6od_x1.2,init,6,7,0.058823529411764705
J_k9_6od_x1.2,init,6,8,0.058823529411764705
J_k9_6od_x1.2,init,6,9,0.058823529411764705
J_k9_6od_x1.2,init,7,8,0.0
J_k9_6od_x1.2,init,7,9,0.0
J_k9_6od_x1.2,init,8,9,0.058823529411764705
J_k9_6od_x1.2,mutation,0,1,0.125
J_k9_6od_x1.2,mutation,0,2,0.058823529411764705
J_k9_6od_x1.2,mutation,0,3,0.058823529411764705
J_k9_6od_x1.2,mutation,0,4,0.058823529411764705
J_k9_6od_x1.2,mutation,0,5,0.058823529411764705
J_k9_6od_x1.2,mutation,0,6,0.058823529411764705
J_k9_6od_x1.2,mutation,0,7,0.0
J_k9_6od_x1.2,mutation,0,8,0.058823529411764705
J_k9_6od_x1.2,mutation,0,9,0.058823529411764705
J_k9_6od_x1.2,mutation,1,2,0.058823529411764705
J_k9_6od_x1.2,mutation,1,3,0.058823529411764705
J_k9_6od_x1.2,mutation,1,4,0.058823529411764705
J_k9_6od_x1.2,mutation,1,5,0.058823529411764705
J_k9_6od_x1.2,mutation,1,6,0.058823529411764705
J_k9_6od_x1.2,mutation,1,7,0.0
J_k9_6od_x1.2,mutation,1,8,0.058823529411764705
J_k9_6od_x1.2,mutation,1,9,0.058823529411764705
J_k9_6od_x1.2,mutation,2,3,0.058823529411764705
J_k9_6od_x1.2,mutation,2,4,0.058823529411764705
J_k9_6od_x1.2,mutation,2,5,0.058823529411764705
J_k9_6od_x1.2,mutation,2,6,0.058823529411764705
J_k9_6od_x1.2,mutation,2,7,0.0
J_k9_6od_x1.2,mutation,2,8,0.058823529411764705
J_k9_6od_x1.2,mutation,2,9,0.058823529411764705
J_k9_6od_x1.2,mutation,3,4,0.058823529411764705
J_k9_6od_x1.2,mutation,3,5,0.058823529411764705
J_k9_6od_x1.2,mutation,3,6,0.125
J_k9_6od_x1.2,mutation,3,7,0.0
J_k9_6od_x1.2,mutation,3,8,0.058823529411764705
J_k9_6od_x1.2,mutation,3,9,0.058823529411764705
J_k9_6od_x1.2,mutation,4,5,0.058823529411764705
J_k9_6od_x1.2,mutation,4,6,0.058823529411764705
J_k9_6od_x1.2,mutation,4,7,0.0
J_k9_6od_x1.2,mutation,4,8,0.058823529411764705
J_k9_6od_x1.2,mutation,4,9,0.058823529411764705
J_k9_6od_x1.2,mutation,5,6,0.058823529411764705
J_k9_6od_x1.2,mutation,5,7,0.0
J_k9_6od_x1.2,mutation,5,8,0.058823529411764705
J_k9_6od_x1.2,mutation,5,9,0.058823529411764705
J_k9_6od_x1.2,mutation,6,7,0.058823529411764705
J_k9_6od_x1.2,mutation,6,8,0.058823529411764705
J_k9_6od_x1.2,mutation,6,9,0.058823529411764705
J_k9_6od_x1.2,mutation,7,8,0.0
J_k9_6od_x1.2,mutation,7,9,0.0
J_k9_6od_x1.2,mutation,8,9,0.125
J_k9_6od_x1.2,none,0,1,0.058823529411764705
J_k9_6od_x1.2,none,0,2,0.058823529411764705
J_k9_6od_x1.2,none,0,3,0.058823529411764705
J_k9_6od_x1.2,none,0,4,0.058823529411764705
J_k9_6od_x1.2,none,0,5,0.058823529411764705
J_k9_6od_x1.2,none,0,6,0.058823529411764705
J_k9_6od_x1.2,none,0,7,0.0
J_k9_6od_x1.2,none,0,8,0.058823529411764705
J_k9_6od_x1.2,none,0,9,0.058823529411764705
J_k9_6od_x1.2,none,1,2,0.058823529411764705
J_k9_6od_x1.2,none,1,3,0.058823529411764705
J_k9_6od_x1.2,none,1,4,0.058823529411764705
J_k9_6od_x1.2,none,1,5,0.058823529411764705
J_k9_6od_x1.2,none,1,6,0.058823529411764705
J_k9_6od_x1.2,none,1,7,0.0
J_k9_6od_x1.2,none,1,8,0.058823529411764705
J_k9_6od_x1.2,none,1,9,0.058823529411764705
J_k9_6od_x1.2,none,2,3,0.058823529411764705
J_k9_6od_x1.2,none,2,4,0.058823529411764705
J_k9_6od_x1.2,none,2,5,0.058823529411764705
J_k9_6od_x1.2,none,2,6,0.058823529411764705
J_k9_6od_x1.2,none,2,7,0.0
J_k9_6od_x1.2,none,2,8,0.058823529411764705
J_k9_6od_x1.2,none,2,9,0.058823529411764705
J_k9_6od_x1.2,none,3,4,0.058823529411764705
J_k9_6od_x1.2,none,3,5,0.058823529411764705
J_k9_6od_x1.2,none,3,6,0.058823529411764705
J_k9_6od_x1.2,none,3,7,0.0
J_k9_6od_x1.2,none,3,8,0.125
J_k9_6od_x1.2,none,3,9,0.058823529411764705
J_k9_6od_x1.2,none,4,5,0.058823529411764705
J_k9_6od_x1.2,none,4,6,0.058823529411764705
J_k9_6od_x1.2,none,4,7,0.0
J_k9_6od_x1.2,none,4,8,0.058823529411764705
J_k9_6od_x1.2,none,4,9,0.058823529411764705
J_k9_6od_x1.2,none,5,6,0.125
J_k9_6od_x1.2,none,5,7,0.0
J_k9_6od_x1.2,none,5,8,0.058823529411764705
J_k9_6od_x1.2,none,5,9,0.058823529411764705
J_k9_6od_x1.2,none,6,7,0.0
J_k9_6od_x1.2,none,6,8,0.058823529411764705
J_k9_6od_x1.2,none,6,9,0.058823529411764705
J_k9_6od_x1.2,none,7,8,0.0
J_k9_6od_x1.2,none,7,9,0.0
J_k9_6od_x1.2,none,8,9,0.058823529411764705
