instance_id,mode,edge,count_in_seed_bests,share_in_seed_bests
A_k4_1od_x0.8,both,E6,8,0.8
A_k4_1od_x0.8,both,E42,7,0.7
A_k4_1od_x0.8,both,E23,6,0.6
A_k4_1od_x0.8,both,E16,4,0.4
A_k4_1od_x0.8,both,E1,2,0.2
A_k4_1od_x0.8,both,E15,2,0.2
A_k4_1od_x0.8,both,E17,2,0.2
A_k4_1od_x0.8,both,E20,2,0.2
A_k4_1od_x0.8,both,E41,2,0.2
A_k4_1od_x0.8,both,E11,1,0.1
A_k4_1od_x0.8,both,E14,1,0.1
A_k4_1od_x0.8,both,E21,1,0.1
A_k4_1od_x0.8,both,E27,1,0.1
A_k4_1od_x0.8,both,E7,1,0.1
A_k4_1od_x0.8,init,E6,8,0.8
A_k4_1od_x0.8,init,E41,6,0.6
A_k4_1od_x0.8,init,E14,5,0.5
A_k4_1od_x0.8,init,E42,4,0.4
A_k4_1od_x0.8,init,E12,3,0.3
A_k4_1od_x0.8,init,E17,3,0.3
A_k4_1od_x0.8,init,E23,3,0.3
A_k4_1od_x0.8,init,E3,3,0.3
A_k4_1od_x0.8,init,E15,2,0.2
A_k4_1od_x0.8,init,E16,2,0.2
A_k4_1od_x0.8,init,E21,1,0.1
A_k4_1od_x0.8,mutation,E6,8,0.8
A_k4_1od_x0.8,mutation,E23,5,0.5
A_k4_1od_x0.8,mutation,E16,4,0.4
A_k4_1od_x0.8,mutation,E41,4,0.4
A_k4_1od_x0.8,mutation,E42,4,0.4
A_k4_1od_x0.8,mutation,E14,2,0.2
A_k4_1od_x0.8,mutation,E17,2,0.2
A_k4_1od_x0.8,mutation,E38,2,0.2
A_k4_1od_x0.8,mutation,E1,1,0.1
A_k4_1od_x0.8,mutation,E12,1,0.1
A_k4_1od_x0.8,mutation,E15,1,0.1
A_k4_1od_x0.8,mutation,E19,1,0.1
A_k4_1od_x0.8,mutation,E30,1,0.1
A_k4_1od_x0.8,mutation,E33,1,0.1
A_k4_1od_x0.8,mutation,E5,1,0.1
A_k4_1od_x0.8,mutation,E7,1,0.1
A_k4_1od_x0.8,mutation,E8,1,0.1
A_k4_1od_x0.8,none,E16,6,0.6
A_k4_1od_x0.8,none,E41,5,0.5
A_k4_1od_x0.8,none,E6,5,0.5
A_k4_1od_x0.8,none,E42,4,0.4
A_k4_1od_x0.8,none,E11,3,0.3
A_k4_1od_x0.8,none,E14,3,0.3
A_k4_1od_x0.8,none,E32,3,0.3
A_k4_1od_x0.8,none,E17,2,0.2
A_k4_1od_x0.8,none,E21,2,0.2
A_k4_1od_x0.8,none,E33,2,0.2
A_k4_1od_x0.8,none,E1,1,0.1
A_k4_1od_x0.8,none,E15,1,0.1
A_k4_1od_x0.8,none,E23,1,0.1
A_k4_1od_x0.8,none,E36,1,0.1
A_k4_1od_x0.8,none,E5,1,0.1
A_k4_1od_x1.0,both,E42,8,0.8
A_k4_1od_x1.0,both,E16,4,0.4
A_k4_1od_x1.0,both,E23,4,0.4
A_k4_1od_x1.0,both,E27,4,0.4
A_k4_1od_x1.0,both,E6,4,0.4
A_k4_1od_x1.0,both,E21,3,0.3
A_k4_1od_x1.0,both,E5,3,0.3
A_k4_1od_x1.0,both,E14,2,0.2
A_k4_1od_x1.0,both,E33,2,0.2
A_k4_1od_x1.0,both,E1,1,0.1
A_k4_1od_x1.0,both,E17,1,0.1
A_k4_1od_x1.0,both,E18,1,0.1
A_k4_1od_x1.0,both,E3,1,0.1
A_k4_1od_x1.0,both,E37,1,0.1
A_k4_1od_x1.0,both,E41,1,0.1
A_k4_1od_x1.0,init,E23,6,0.6
A_k4_1od_x1.0,init,E42,6,0.6
A_k4_1od_x1.0,init,E33,5,0.5
A_k4_1od_x1.0,init,E6,3,0.3
A_k4_1od_x1.0,init,E14,2,0.2
A_k4_1od_x1.0,init,E32,2,0.2
A_k4_1od_x1.0,init,E36,2,0.2
A_k4_1od_x1.0,init,E41,2,0.2
A_k4_1od_x1.0,init,E1,1,0.1
A_k4_1od_x1.0,init,E11,1,0.1
A_k4_1od_x1.0,init,E12,1,0.1
A_k4_1od_x1.0,init,E13,1,0.1
A_k4_1od_x1.0,init,E18,1,0.1
A_k4_1od_x1.0,init,E20,1,0.1
A_k4_1od_x1.0,init,E27,1,0.1
A_k4_1od_x1.0,init,E30,1,0.1
A_k4_1od_x1.0,init,E38,1,0.1
A_k4_1od_x1.0,init,E39,1,0.1
A_k4_1od_x1.0,init,E7,1,0.1
A_k4_1od_x1.0,init,E8,1,0.1
A_k4_1od_x1.0,mutation,E41,7,0.7
A_k4_1od_x1.0,mutation,E16,5,0.5
A_k4_1od_x1.0,mutation,E12,4,0.4
A_k4_1od_x1.0,mutation,E6,4,0.4
A_k4_1od_x1.0,mutation,E5,3,0.3
A_k4_1od_x1.0,mutation,E17,2,0.2
A_k4_1od_x1.0,mutation,E38,2,0.2
A_k4_1od_x1.0,mutation,E42,2,0.2
A_k4_1od_x1.0,mutation,E14,1,0.1
A_k4_1od_x1.0,mutation,E15,1,0.1
A_k4_1od_x1.0,mutation,E19,1,0.1
A_k4_1od_x1.0,mutation,E21,1,0.1
A_k4_1od_x1.0,mutation,E23,1,0.1
A_k4_1od_x1.0,mutation,E27,1,0.1
A_k4_1od_x1.0,mutation,E30,1,0.1
A_k4_1od_x1.0,mutation,E32,1,0.1
A_k4_1od_x1.0,mutation,E33,1,0.1
A_k4_1od_x1.0,mutation,E39,1,0.1
A_k4_1od_x1.0,mutation,E8,1,0.1
A_k4_1od_x1.0,none,E23,6,0.6
A_k4_1od_x1.0,none,E42,6,0.6
A_k4_1od_x1.0,none,E12,4,0.4
A_k4_1od_x1.0,none,E1,3,0.3
A_k4_1od_x1.0,none,E38,3,0.3
A_k4_1od_x1.0,none,E20,2,0.2
A_k4_1od_x1.0,none,E41,2,0.2
A_k4_1od_x1.0,none,E6,2,0.2
A_k4_1od_x1.0,none,E11,1,0.1
A_k4_1od_x1.0,none,E14,1,0.1
A_k4_1od_x1.0,none,E15,1,0.1
A_k4_1od_x1.0,none,E16,1,0.1
A_k4_1od_x1.0,none,E18,1,0.1
A_k4_1od_x1.0,none,E21,1,0.1
A_k4_1od_x1.0,none,E3,1,0.1
A_k4_1od_x1.0,none,E33,1,0.1
A_k4_1od_x1.0,none,E39,1,0.1
A_k4_1od_x1.0,none,E4,1,0.1
A_k4_1od_x1.0,none,E5,1,0.1
A_k4_1od_x1.0,none,E8,1,0.1
A_k4_2od_x0.8,both,E27,10,1.0
A_k4_2od_x0.8,both,E42,10,1.0
A_k4_2od_x0.8,both,E12,2,0.2
A_k4_2od_x0.8,both,E16,2,0.2
A_k4_2od_x0.8,both,E23,2,0.2
A_k4_2od_x0.8,both,E37,2,0.2
A_k4_2od_x0.8,both,E5,2,0.2
A_k4_2od_x0.8,both,E6,2,0.2
A_k4_2od_x0.8,both,E1,1,0.1
A_k4_2od_x0.8,both,E11,1,0.1
A_k4_2od_x0.8,both,E14,1,0.1
A_k4_2od_x0.8,both,E30,1,0.1
A_k4_2od_x0.8,both,E35,1,0.1
A_k4_2od_x0.8,both,E36,1,0.1
A_k4_2od_x0.8,both,E38,1,0.1
A_k4_2od_x0.8,both,E8,1,0.1
A_k4_2od_x0.8,init,E27,10,1.0
A_k4_2od_x0.8,init,E42,9,0.9
A_k4_2od_x0.8,init,E23,3,0.3
A_k4_2od_x0.8,init,E12,2,0.2
A_k4_2od_x0.8,init,E16,2,0.2
A_k4_2od_x0.8,init,E3,2,0.2
A_k4_2od_x0.8,init,E5,2,0.2
A_k4_2od_x0.8,init,E8,2,0.2
A_k4_2od_x0.8,init,E11,1,0.1
A_k4_2od_x0.8,init,E17,1,0.1
A_k4_2od_x0.8,init,E19,1,0.1
A_k4_2od_x0.8,init,E20,1,0.1
A_k4_2od_x0.8,init,E33,1,0.1
A_k4_2od_x0.8,init,E35,1,0.1
A_k4_2od_x0.8,init,E36,1,0.1
A_k4_2od_x0.8,init,E6,1,0.1
A_k4_2od_x0.8,mutation,E27,10,1.0
A_k4_2od_x0.8,mutation,E42,10,1.0
A_k4_2od_x0.8,mutation,E16,4,0.4
A_k4_2od_x0.8,mutation,E12,3,0.3
A_k4_2od_x0.8,mutation,E21,2,0.2
A_k4_2od_x0.8,mutation,E3,2,0.2
A_k4_2od_x0.8,mutation,E5,2,0.2
A_k4_2od_x0.8,mutation,E1,1,0.1
A_k4_2od_x0.8,mutation,E23,1,0.1
A_k4_2od_x0.8,mutation,E25,1,0.1
A_k4_2od_x0.8,mutation,E35,1,0.1
A_k4_2od_x0.8,mutation,E37,1,0.1
A_k4_2od_x0.8,mutation,E6,1,0.1
A_k4_2od_x0.8,mutation,E8,1,0.1
A_k4_2od_x0.8,none,E27,10,1.0
A_k4_2od_x0.8,none,E42,10,1.0
A_k4_2od_x0.8,none,E23,4,0.4
A_k4_2od_x0.8,none,E16,2,0.2
A_k4_2od_x0.8,none,E19,2,0.2
A_k4_2od_x0.8,none,E36,2,0.2
A_k4_2od_x0.8,none,E38,2,0.2
A_k4_2od_x0.8,none,E6,2,0.2
A_k4_2od_x0.8,none,E12,1,0.1
A_k4_2od_x0.8,none,E15,1,0.1
A_k4_2od_x0.8,none,E30,1,0.1
A_k4_2od_x0.8,none,E33,1,0.1
A_k4_2od_x0.8,none,E35,1,0.1
A_k4_2od_x1.0,both,E27,10,1.0
A_k4_2od_x1.0,both,E42,10,1.0
A_k4_2od_x1.0,both,E21,8,0.8
A_k4_2od_x1.0,both,E16,3,0.3
A_k4_2od_x1.0,both,E8,2,0.2
A_k4_2od_x1.0,both,E10,1,0.1
A_k4_2od_x1.0,both,E14,1,0.1
A_k4_2od_x1.0,both,E23,1,0.1
A_k4_2od_x1.0,both,E25,1,0.1
A_k4_2od_x1.0,both,E38,1,0.1
A_k4_2od_x1.0,both,E4,1,0.1
A_k4_2od_x1.0,both,E5,1,0.1
A_k4_2od_x1.0,init,E27,9,0.9
A_k4_2od_x1.0,init,E21,8,0.8
A_k4_2od_x1.0,init,E42,8,0.8
A_k4_2od_x1.0,init,E12,3,0.3
A_k4_2od_x1.0,init,E16,3,0.3
A_k4_2od_x1.0,init,E14,2,0.2
A_k4_2od_x1.0,init,E6,2,0.2
A_k4_2od_x1.0,init,E17,1,0.1
A_k4_2od_x1.0,init,E20,1,0.1
A_k4_2od_x1.0,init,E23,1,0.1
A_k4_2od_x1.0,init,E38,1,0.1
A_k4_2od_x1.0,init,E5,1,0.1
A_k4_2od_x1.0,mutation,E27,10,1.0
A_k4_2od_x1.0,mutation,E42,10,1.0
A_k4_2od_x1.0,mutation,E21,4,0.4
A_k4_2od_x1.0,mutation,E23,3,0.3
A_k4_2od_x1.0,mutation,E5,3,0.3
A_k4_2od_x1.0,mutation,E6,3,0.3
A_k4_2od_x1.0,mutation,E10,1,0.1
A_k4_2od_x1.0,mutation,E17,1,0.1
A_k4_2od_x1.0,mutation,E3,1,0.1
A_k4_2od_x1.0,mutation,E30,1,0.1
A_k4_2od_x1.0,mutation,E33,1,0.1
A_k4_2od_x1.0,mutation,E35,1,0.1
A_k4_2od_x1.0,mutation,E38,1,0.1
A_k4_2od_x1.0,none,E27,10,1.0
A_k4_2od_x1.0,none,E21,8,0.8
A_k4_2od_x1.0,none,E42,6,0.6
A_k4_2od_x1.0,none,E16,3,0.3
A_k4_2od_x1.0,none,E17,2,0.2
A_k4_2od_x1.0,none,E25,2,0.2
A_k4_2od_x1.0,none,E6,2,0.2
A_k4_2od_x1.0,none,E11,1,0.1
A_k4_2od_x1.0,none,E15,1,0.1
A_k4_2od_x1.0,none,E20,1,0.1
A_k4_2od_x1.0,none,E23,1,0.1
A_k4_2od_x1.0,none,E33,1,0.1
A_k4_2od_x1.0,none,E45,1,0.1
A_k4_2od_x1.0,none,E5,1,0.1
A_k4_2od_x1.2,both,E27,10,1.0
A_k4_2od_x1.2,both,E23,5,0.5
A_k4_2od_x1.2,both,E35,4,0.4
A_k4_2od_x1.2,both,E10,2,0.2
A_k4_2od_x1.2,both,E12,2,0.2
A_k4_2od_x1.2,both,E14,2,0.2
A_k4_2od_x1.2,both,E41,2,0.2
A_k4_2od_x1.2,both,E5,2,0.2
A_k4_2od_x1.2,both,E1,1,0.1
A_k4_2od_x1.2,both,E11,1,0.1
A_k4_2od_x1.2,both,E13,1,0.1
A_k4_2od_x1.2,both,E21,1,0.1
A_k4_2od_x1.2,both,E24,1,0.1
A_k4_2od_x1.2,both,E30,1,0.1
A_k4_2od_x1.2,both,E33,1,0.1
A_k4_2od_x1.2,both,E38,1,0.1
A_k4_2od_x1.2,both,E4,1,0.1
A_k4_2od_x1.2,both,E6,1,0.1
A_k4_2od_x1.2,both,E8,1,0.1
A_k4_2od_x1.2,init,E27,10,1.0
A_k4_2od_x1.2,init,E23,5,0.5
A_k4_2od_x1.2,init,E4,3,0.3
A_k4_2od_x1.2,init,E1,2,0.2
A_k4_2od_x1.2,init,E12,2,0.2
A_k4_2od_x1.2,init,E21,2,0.2
A_k4_2od_x1.2,init,E30,2,0.2
A_k4_2od_x1.2,init,E6,2,0.2
A_k4_2od_x1.2,init,E10,1,0.1
A_k4_2od_x1.2,init,E15,1,0.1
A_k4_2od_x1.2,init,E16,1,0.1
A_k4_2od_x1.2,init,E17,1,0.1
A_k4_2od_x1.2,init,E24,1,0.1
A_k4_2od_x1.2,init,E25,1,0.1
A_k4_2od_x1.2,init,E3,1,0.1
A_k4_2od_x1.2,init,E33,1,0.1
A_k4_2od_x1.2,init,E38,1,0.1
A_k4_2od_x1.2,init,E41,1,0.1
A_k4_2od_x1.2,init,E42,1,0.1
A_k4_2od_x1.2,init,E8,1,0.1
A_k4_2od_x1.2,mutation,E27,10,1.0
A_k4_2od_x1.2,mutation,E23,4,0.4
A_k4_2od_x1.2,mutation,E5,4,0.4
A_k4_2od_x1.2,mutation,E1,3,0.3
A_k4_2od_x1.2,mutation,E21,2,0.2
A_k4_2od_x1.2,mutation,E39,2,0.2
A_k4_2od_x1.2,mutation,E41,2,0.2
A_k4_2od_x1.2,mutation,E8,2,0.2
A_k4_2od_x1.2,mutation,E11,1,0.1
A_k4_2od_x1.2,mutation,E12,1,0.1
A_k4_2od_x1.2,mutation,E14,1,0.1
A_k4_2od_x1.2,mutation,E19,1,0.1
A_k4_2od_x1.2,mutation,E3,1,0.1
A_k4_2od_x1.2,mutation,E33,1,0.1
A_k4_2od_x1.2,mutation,E35,1,0.1
A_k4_2od_x1.2,mutation,E36,1,0.1
A_k4_2od_x1.2,mutation,E37,1,0.1
A_k4_2od_x1.2,mutation,E38,1,0.1
A_k4_2od_x1.2,mutation,E4,1,0.1
A_k4_2od_x1.2,none,E27,10,1.0
A_k4_2od_x1.2,none,E12,2,0.2
A_k4_2od_x1.2,none,E21,2,0.2
A_k4_2od_x1.2,none,E23,2,0.2
A_k4_2od_x1.2,none,E24,2,0.2
A_k4_2od_x1.2,none,E35,2,0.2
A_k4_2od_x1.2,none,E38,2,0.2
A_k4_2od_x1.2,none,E4,2,0.2
A_k4_2od_x1.2,none,E5,2,0.2
A_k4_2od_x1.2,none,E1,1,0.1
A_k4_2od_x1.2,none,E10,1,0.1
A_k4_2od_x1.2,none,E11,1,0.1
A_k4_2od_x1.2,none,E13,1,0.1
A_k4_2od_x1.2,none,E14,1,0.1
A_k4_2od_x1.2,none,E15,1,0.1
A_k4_2od_x1.2,none,E19,1,0.1
A_k4_2od_x1.2,none,E3,1,0.1
A_k4_2od_x1.2,none,E30,1,0.1
A_k4_2od_x1.2,none,E33,1,0.1
A_k4_2od_x1.2,none,E36,1,0.1
A_k4_2od_x1.2,none,E37,1,0.1
A_k4_2od_x1.2,none,E41,1,0.1
A_k4_2od_x1.2,none,E8,1,0.1
A_k4_3od_x0.8,both,E42,10,1.0
A_k4_3od_x0.8,both,E27,9,0.9
A_k4_3od_x0.8,both,E20,6,0.6
A_k4_3od_x0.8,both,E21,5,0.5
A_k4_3od_x0.8,both,E1,4,0.4
A_k4_3od_x0.8,both,E23,3,0.3
A_k4_3od_x0.8,both,E16,2,0.2
A_k4_3od_x0.8,both,E38,1,0.1
A_k4_3od_x0.8,init,E27,10,1.0
A_k4_3od_x0.8,init,E42,9,0.9
A_k4_3od_x0.8,init,E20,4,0.4
A_k4_3od_x0.8,init,E1,3,0.3
A_k4_3od_x0.8,init,E21,3,0.3
A_k4_3od_x0.8,init,E16,2,0.2
A_k4_3od_x0.8,init,E23,2,0.2
A_k4_3od_x0.8,init,E25,2,0.2
A_k4_3od_x0.8,init,E14,1,0.1
A_k4_3od_x0.8,init,E15,1,0.1
A_k4_3od_x0.8,init,E17,1,0.1
A_k4_3od_x0.8,init,E39,1,0.1
A_k4_3od_x0.8,init,E6,1,0.1
A_k4_3od_x0.8,mutation,E42,10,1.0
A_k4_3od_x0.8,mutation,E27,9,0.9
A_k4_3od_x0.8,mutation,E20,7,0.7
A_k4_3od_x0.8,mutation,E21,5,0.5
A_k4_3od_x0.8,mutation,E23,4,0.4
A_k4_3od_x0.8,mutation,E6,2,0.2
A_k4_3od_x0.8,mutation,E1,1,0.1
A_k4_3od_x0.8,mutation,E14,1,0.1
A_k4_3od_x0.8,mutation,E8,1,0.1
A_k4_3od_x0.8,none,E42,9,0.9
A_k4_3od_x0.8,none,E21,8,0.8
A_k4_3od_x0.8,none,E27,6,0.6
A_k4_3od_x0.8,none,E1,4,0.4
A_k4_3od_x0.8,none,E16,2,0.2
A_k4_3od_x0.8,none,E17,2,0.2
A_k4_3od_x0.8,none,E20,2,0.2
A_k4_3od_x0.8,none,E14,1,0.1
A_k4_3od_x0.8,none,E15,1,0.1
A_k4_3od_x0.8,none,E23,1,0.1
A_k4_3od_x0.8,none,E3,1,0.1
A_k4_3od_x0.8,none,E33,1,0.1
A_k4_3od_x0.8,none,E38,1,0.1
A_k4_3od_x0.8,none,E8,1,0.1
A_k4_3od_x1.0,both,E27,10,1.0
A_k4_3od_x1.0,both,E21,8,0.8
A_k4_3od_x1.0,both,E42,6,0.6
A_k4_3od_x1.0,both,E16,4,0.4
A_k4_3od_x1.0,both,E1,2,0.2
A_k4_3od_x1.0,both,E17,2,0.2
A_k4_3od_x1.0,both,E19,2,0.2
A_k4_3od_x1.0,both,E10,1,0.1
A_k4_3od_x1.0,both,E20,1,0.1
A_k4_3od_x1.0,both,E3,1,0.1
A_k4_3od_x1.0,both,E30,1,0.1
A_k4_3od_x1.0,both,E6,1,0.1
A_k4_3od_x1.0,both,E8,1,0.1
A_k4_3od_x1.0,init,E21,10,1.0
A_k4_3od_x1.0,init,E27,7,0.7
A_k4_3od_x1.0,init,E42,6,0.6
A_k4_3od_x1.0,init,E1,5,0.5
A_k4_3od_x1.0,init,E17,2,0.2
A_k4_3od_x1.0,init,E37,2,0.2
A_k4_3od_x1.0,init,E11,1,0.1
A_k4_3od_x1.0,init,E16,1,0.1
A_k4_3od_x1.0,init,E20,1,0.1
A_k4_3od_x1.0,init,E23,1,0.1
A_k4_3od_x1.0,init,E30,1,0.1
A_k4_3od_x1.0,init,E32,1,0.1
A_k4_3od_x1.0,init,E36,1,0.1
A_k4_3od_x1.0,init,E5,1,0.1
A_k4_3od_x1.0,mutation,E21,9,0.9
A_k4_3od_x1.0,mutation,E42,8,0.8
A_k4_3od_x1.0,mutation,E27,6,0.6
A_k4_3od_x1.0,mutation,E16,4,0.4
A_k4_3od_x1.0,mutation,E20,4,0.4
A_k4_3od_x1.0,mutation,E11,2,0.2
A_k4_3od_x1.0,mutation,E17,2,0.2
A_k4_3od_x1.0,mutation,E25,2,0.2
A_k4_3od_x1.0,mutation,E1,1,0.1
A_k4_3od_x1.0,mutation,E19,1,0.1
A_k4_3od_x1.0,mutation,E30,1,0.1
A_k4_3od_x1.0,none,E42,9,0.9
A_k4_3od_x1.0,none,E27,8,0.8
A_k4_3od_x1.0,none,E21,5,0.5
A_k4_3od_x1.0,none,E16,3,0.3
A_k4_3od_x1.0,none,E1,2,0.2
A_k4_3od_x1.0,none,E20,2,0.2
A_k4_3od_x1.0,none,E23,2,0.2
A_k4_3od_x1.0,none,E10,1,0.1
A_k4_3od_x1.0,none,E13,1,0.1
A_k4_3od_x1.0,none,E17,1,0.1
A_k4_3od_x1.0,none,E24,1,0.1
A_k4_3od_x1.0,none,E3,1,0.1
A_k4_3od_x1.0,none,E30,1,0.1
A_k4_3od_x1.0,none,E38,1,0.1
A_k4_3od_x1.0,none,E41,1,0.1
A_k4_3od_x1.0,none,E6,1,0.1
A_k4_3od_x1.2,both,E27,10,1.0
A_k4_3od_x1.2,both,E21,6,0.6
A_k4_3od_x1.2,both,E42,5,0.5
A_k4_3od_x1.2,both,E20,4,0.4
A_k4_3od_x1.2,both,E30,3,0.3
A_k4_3od_x1.2,both,E36,3,0.3
A_k4_3od_x1.2,both,E17,2,0.2
A_k4_3od_x1.2,both,E39,2,0.2
A_k4_3od_x1.2,both,E1,1,0.1
A_k4_3od_x1.2,both,E32,1,0.1
A_k4_3od_x1.2,both,E37,1,0.1
A_k4_3od_x1.2,both,E6,1,0.1
A_k4_3od_x1.2,both,E7,1,0.1
A_k4_3od_x1.2,init,E27,9,0.9
A_k4_3od_x1.2,init,E20,6,0.6
A_k4_3od_x1.2,init,E21,5,0.5
A_k4_3od_x1.2,init,E33,4,0.4
A_k4_3od_x1.2,init,E23,3,0.3
A_k4_3od_x1.2,init,E39,2,0.2
A_k4_3od_x1.2,init,E42,2,0.2
A_k4_3od_x1.2,init,E1,1,0.1
A_k4_3od_x1.2,init,E10,1,0.1
A_k4_3od_x1.2,init,E15,1,0.1
A_k4_3od_x1.2,init,E19,1,0.1
A_k4_3od_x1.2,init,E30,1,0.1
A_k4_3od_x1.2,init,E36,1,0.1
A_k4_3od_x1.2,init,E4,1,0.1
A_k4_3od_x1.2,init,E41,1,0.1
A_k4_3od_x1.2,init,E45,1,0.1
A_k4_3od_x1.2,mutation,E27,9,0.9
A_k4_3od_x1.2,mutation,E21,7,0.7
A_k4_3od_x1.2,mutation,E42,5,0.5
A_k4_3od_x1.2,mutation,E20,4,0.4
A_k4_3od_x1.2,mutation,E1,2,0.2
A_k4_3od_x1.2,mutation,E23,2,0.2
A_k4_3od_x1.2,mutation,E41,2,0.2
A_k4_3od_x1.2,mutation,E14,1,0.1
A_k4_3od_x1.2,mutation,E15,1,0.1
A_k4_3od_x1.2,mutation,E24,1,0.1
A_k4_3od_x1.2,mutation,E36,1,0.1
A_k4_3od_x1.2,mutation,E37,1,0.1
A_k4_3od_x1.2,mutation,E39,1,0.1
A_k4_3od_x1.2,mutation,E4,1,0.1
A_k4_3od_x1.2,mutation,E6,1,0.1
A_k4_3od_x1.2,mutation,E8,1,0.1
A_k4_3od_x1.2,none,E27,9,0.9
A_k4_3od_x1.2,none,E21,6,0.6
A_k4_3od_x1.2,none,E20,4,0.4
A_k4_3od_x1.2,none,E33,3,0.3
A_k4_3od_x1.2,none,E42,3,0.3
A_k4_3od_x1.2,none,E11,2,0.2
A_k4_3od_x1.2,none,E17,2,0.2
A_k4_3od_x1.2,none,E23,2,0.2
A_k4_3od_x1.2,none,E24,2,0.2
A_k4_3od_x1.2,none,E39,2,0.2
A_k4_3od_x1.2,none,E1,1,0.1
A_k4_3od_x1.2,none,E32,1,0.1
A_k4_3od_x1.2,none,E38,1,0.1
A_k4_3od_x1.2,none,E41,1,0.1
A_k4_3od_x1.2,none,E6,1,0.1
B_k9_1od_x0.8,both,-E11,9,0.9
B_k9_1od_x0.8,both,E9,7,0.7
B_k9_1od_x0.8,both,-E9,6,0.6
B_k9_1od_x0.8,both,E12,6,0.6
B_k9_1od_x0.8,both,-E52,5,0.5
B_k9_1od_x0.8,both,-E45,4,0.4
B_k9_1od_x0.8,both,E62,4,0.4
B_k9_1od_x0.8,both,E25,3,0.3
B_k9_1od_x0.8,both,E45,3,0.3
B_k9_1od_x0.8,both,E56,3,0.3
B_k9_1od_x0.8,both,E6,3,0.3
B_k9_1od_x0.8,both,-E30,2,0.2
B_k9_1od_x0.8,both,-E7,2,0.2
B_k9_1od_x0.8,both,E19,2,0.2
B_k9_1od_x0.8,both,E29,2,0.2
B_k9_1od_x0.8,both,E40,2,0.2
B_k9_1od_x0.8,both,-E13,1,0.1
B_k9_1od_x0.8,both,-E17,1,0.1
B_k9_1od_x0.8,both,-E19,1,0.1
B_k9_1od_x0.8,both,-E22,1,0.1
B_k9_1od_x0.8,both,-E23,1,0.1
B_k9_1od_x0.8,both,-E31,1,0.1
B_k9_1od_x0.8,both,-E41,1,0.1
B_k9_1od_x0.8,both,-E44,1,0.1
B_k9_1od_x0.8,both,-E46,1,0.1
B_k9_1od_x0.8,both,-E47,1,0.1
B_k9_1od_x0.8,both,-E63,1,0.1
B_k9_1od_x0.8,both,E11,1,0.1
B_k9_1od_x0.8,both,E110,1,0.1
B_k9_1od_x0.8,both,E13,1,0.1
B_k9_1od_x0.8,both,E14,1,0.1
B_k9_1od_x0.8,both,E15,1,0.1
B_k9_1od_x0.8,both,E20,1,0.1
B_k9_1od_x0.8,both,E27,1,0.1
B_k9_1od_x0.8,both,E28,1,0.1
B_k9_1od_x0.8,both,E32,1,0.1
B_k9_1od_x0.8,both,E33,1,0.1
B_k9_1od_x0.8,both,E38,1,0.1
B_k9_1od_x0.8,both,E51,1,0.1
B_k9_1od_x0.8,both,E53,1,0.1
B_k9_1od_x0.8,both,E59,1,0.1
B_k9_1od_x0.8,both,E64,1,0.1
B_k9_1od_x0.8,both,E8,1,0.1
B_k9_1od_x0.8,init,-E11,6,0.6
B_k9_1od_x0.8,init,E47,4,0.4
B_k9_1od_x0.8,init,-E46,3,0.3
B_k9_1od_x0.8,init,-E64,3,0.3
B_k9_1od_x0.8,init,E12,3,0.3
B_k9_1od_x0.8,init,E25,3,0.3
B_k9_1od_x0.8,init,E32,3,0.3
B_k9_1od_x0.8,init,E9,3,0.3
B_k9_1od_x0.8,init,-E17,2,0.2
B_k9_1od_x0.8,init,-E30,2,0.2
B_k9_1od_x0.8,init,-E32,2,0.2
B_k9_1od_x0.8,init,-E40,2,0.2
B_k9_1od_x0.8,init,-E44,2,0.2
B_k9_1od_x0.8,init,-E45,2,0.2
B_k9_1od_x0.8,init,-E51,2,0.2
B_k9_1od_x0.8,init,-E8,2,0.2
B_k9_1od_x0.8,init,E11,2,0.2
B_k9_1od_x0.8,init,E30,2,0.2
B_k9_1od_x0.8,init,E34,2,0.2
B_k9_1od_x0.8,init,E51,2,0.2
B_k9_1od_x0.8,init,E59,2,0.2
B_k9_1od_x0.8,init,E62,2,0.2
B_k9_1od_x0.8,init,E64,2,0.2
B_k9_1od_x0.8,init,-E12,1,0.1
B_k9_1od_x0.8,init,-E13,1,0.1
B_k9_1od_x0.8,init,-E20,1,0.1
B_k9_1od_x0.8,init,-E27,1,0.1
B_k9_1od_x0.8,init,-E28,1,0.1
B_k9_1od_x0.8,init,-E31,1,0.1
B_k9_1od_x0.8,init,-E35,1,0.1
B_k9_1od_x0.8,init,-E39,1,0.1
B_k9_1od_x0.8,init,-E47,1,0.1
B_k9_1od_x0.8,init,-E52,1,0.1
B_k9_1od_x0.8,init,-E53,1,0.1
B_k9_1od_x0.8,init,-E58,1,0.1
B_k9_1od_x0.8,init,-E9,1,0.1
B_k9_1od_x0.8,init,E110,1,0.1
B_k9_1od_x0.8,init,E14,1,0.1
B_k9_1od_x0.8,init,E16,1,0.1
B_k9_1od_x0.8,init,E17,1,0.1
B_k9_1od_x0.8,init,E19,1,0.1
B_k9_1od_x0.8,init,E21,1,0.1
B_k9_1od_x0.8,init,E22,1,0.1
B_k9_1od_x0.8,init,E24,1,0.1
B_k9_1od_x0.8,init,E28,1,0.1
B_k9_1od_x0.8,init,E31,1,0.1
B_k9_1od_x0.8,init,E43,1,0.1
B_k9_1od_x0.8,init,E45,1,0.1
B_k9_1od_x0.8,init,E49,1,0.1
B_k9_1od_x0.8,init,E57,1,0.1
B_k9_1od_x0.8,init,E6,1,0.1
B_k9_1od_x0.8,init,E63,1,0.1
B_k9_1od_x0.8,init,E8,1,0.1
B_k9_1od_x0.8,mutation,-E11,7,0.7
B_k9_1od_x0.8,mutation,E9,7,0.7
B_k9_1od_x0.8,mutation,-E45,6,0.6
B_k9_1od_x0.8,mutation,E12,5,0.5
B_k9_1od_x0.8,mutation,E25,5,0.5
B_k9_1od_x0.8,mutation,E40,5,0.5
B_k9_1od_x0.8,mutation,E56,5,0.5
B_k9_1od_x0.8,mutation,-E9,4,0.4
B_k9_1od_x0.8,mutation,-E52,3,0.3
B_k9_1od_x0.8,mutation,-E12,2,0.2
B_k9_1od_x0.8,mutation,-E20,2,0.2
B_k9_1od_x0.8,mutation,-E29,2,0.2
B_k9_1od_x0.8,mutation,-E30,2,0.2
B_k9_1od_x0.8,mutation,-E44,2,0.2
B_k9_1od_x0.8,mutation,E14,2,0.2
B_k9_1od_x0.8,mutation,E19,2,0.2
B_k9_1od_x0.8,mutation,E22,2,0.2
B_k9_1od_x0.8,mutation,E30,2,0.2
B_k9_1od_x0.8,mutation,E38,2,0.2
B_k9_1od_x0.8,mutation,E50,2,0.2
B_k9_1od_x0.8,mutation,E64,2,0.2
B_k9_1od_x0.8,mutation,-E13,1,0.1
B_k9_1od_x0.8,mutation,-E26,1,0.1
B_k9_1od_x0.8,mutation,-E31,1,0.1
B_k9_1od_x0.8,mutation,-E43,1,0.1
B_k9_1od_x0.8,mutation,-E47,1,0.1
B_k9_1od_x0.8,mutation,-E51,1,0.1
B_k9_1od_x0.8,mutation,-E58,1,0.1
B_k9_1od_x0.8,mutation,E110,1,0.1
B_k9_1od_x0.8,mutation,E20,1,0.1
B_k9_1od_x0.8,mutation,E28,1,0.1
B_k9_1od_x0.8,mutation,E29,1,0.1
B_k9_1od_x0.8,mutation,E32,1,0.1
B_k9_1od_x0.8,mutation,E45,1,0.1
B_k9_1od_x0.8,mutation,E47,1,0.1
B_k9_1od_x0.8,mutation,E53,1,0.1
B_k9_1od_x0.8,mutation,E57,1,0.1
B_k9_1od_x0.8,mutation,E6,1,0.1
B_k9_1od_x0.8,mutation,E62,1,0.1
B_k9_1od_x0.8,mutation,E7,1,0.1
B_k9_1od_x0.8,none,-E11,6,0.6
B_k9_1od_x0.8,none,E40,4,0.4
B_k9_1od_x0.8,none,E9,4,0.4
B_k9_1od_x0.8,none,-E43,3,0.3
B_k9_1od_x0.8,none,E12,3,0.3
B_k9_1od_x0.8,none,E22,3,0.3
B_k9_1od_x0.8,none,-E14,2,0.2
B_k9_1od_x0.8,none,-E15,2,0.2
B_k9_1od_x0.8,none,-E19,2,0.2
B_k9_1od_x0.8,none,-E20,2,0.2
B_k9_1od_x0.8,none,-E41,2,0.2
B_k9_1od_x0.8,none,-E44,2,0.2
B_k9_1od_x0.8,none,-E46,2,0.2
B_k9_1od_x0.8,none,E11,2,0.2
B_k9_1od_x0.8,none,E110,2,0.2
B_k9_1od_x0.8,none,E19,2,0.2
B_k9_1od_x0.8,none,E23,2,0.2
B_k9_1od_x0.8,none,E27,2,0.2
B_k9_1od_x0.8,none,E29,2,0.2
B_k9_1od_x0.8,none,E31,2,0.2
B_k9_1od_x0.8,none,E51,2,0.2
B_k9_1od_x0.8,none,E59,2,0.2
B_k9_1od_x0.8,none,-E13,1,0.1
B_k9_1od_x0.8,none,-E21,1,0.1
B_k9_1od_x0.8,none,-E26,1,0.1
B_k9_1od_x0.8,none,-E27,1,0.1
B_k9_1od_x0.8,none,-E29,1,0.1
B_k9_1od_x0.8,none,-E30,1,0.1
B_k9_1od_x0.8,none,-E32,1,0.1
B_k9_1od_x0.8,none,-E35,1,0.1
B_k9_1od_x0.8,none,-E40,1,0.1
B_k9_1od_x0.8,none,-E45,1,0.1
B_k9_1od_x0.8,none,-E51,1,0.1
B_k9_1od_x0.8,none,-E58,1,0.1
B_k9_1od_x0.8,none,-E6,1,0.1
B_k9_1od_x0.8,none,-E63,1,0.1
B_k9_1od_x0.8,none,-E64,1,0.1
B_k9_1od_x0.8,none,-E7,1,0.1
B_k9_1od_x0.8,none,-E9,1,0.1
B_k9_1od_x0.8,none,E16,1,0.1
B_k9_1od_x0.8,none,E17,1,0.1
B_k9_1od_x0.8,none,E20,1,0.1
B_k9_1od_x0.8,none,E24,1,0.1
B_k9_1od_x0.8,none,E28,1,0.1
B_k9_1od_x0.8,none,E30,1,0.1
B_k9_1od_x0.8,none,E34,1,0.1
B_k9_1od_x0.8,none,E39,1,0.1
B_k9_1od_x0.8,none,E45,1,0.1
B_k9_1od_x0.8,none,E47,1,0.1
B_k9_1od_x0.8,none,E53,1,0.1
B_k9_1od_x0.8,none,E57,1,0.1
B_k9_1od_x0.8,none,E58,1,0.1
B_k9_1od_x0.8,none,E6,1,0.1
B_k9_1od_x0.8,none,E8,1,0.1
B_k9_1od_x1.0,both,-E11,8,0.8
B_k9_1od_x1.0,both,E9,6,0.6
B_k9_1od_x1.0,both,-E12,4,0.4
B_k9_1od_x1.0,both,-E27,4,0.4
B_k9_1od_x1.0,both,-E8,4,0.4
B_k9_1od_x1.0,both,E12,3,0.3
B_k9_1od_x1.0,both,E47,3,0.3
B_k9_1od_x1.0,both,E8,3,0.3
B_k9_1od_x1.0,both,-E13,2,0.2
B_k9_1od_x1.0,both,-E21,2,0.2
B_k9_1od_x1.0,both,-E46,2,0.2
B_k9_1od_x1.0,both,-E7,2,0.2
B_k9_1od_x1.0,both,E17,2,0.2
B_k9_1od_x1.0,both,E19,2,0.2
B_k9_1od_x1.0,both,E22,2,0.2
B_k9_1od_x1.0,both,E40,2,0.2
B_k9_1od_x1.0,both,E50,2,0.2
B_k9_1od_x1.0,both,E56,2,0.2
B_k9_1od_x1.0,both,E58,2,0.2
B_k9_1od_x1.0,both,E6,2,0.2
B_k9_1od_x1.0,both,-E14,1,0.1
B_k9_1od_x1.0,both,-E16,1,0.1
B_k9_1od_x1.0,both,-E20,1,0.1
B_k9_1od_x1.0,both,-E23,1,0.1
B_k9_1od_x1.0,both,-E30,1,0.1
B_k9_1od_x1.0,both,-E32,1,0.1
B_k9_1od_x1.0,both,-E39,1,0.1
B_k9_1od_x1.0,both,-E45,1,0.1
B_k9_1od_x1.0,both,-E47,1,0.1
B_k9_1od_x1.0,both,-E51,1,0.1
B_k9_1od_x1.0,both,-E52,1,0.1
B_k9_1od_x1.0,both,-E53,1,0.1
B_k9_1od_x1.0,both,-E63,1,0.1
B_k9_1od_x1.0,both,E11,1,0.1
B_k9_1od_x1.0,both,E110,1,0.1
B_k9_1od_x1.0,both,E13,1,0.1
B_k9_1od_x1.0,both,E15,1,0.1
B_k9_1od_x1.0,both,E16,1,0.1
B_k9_1od_x1.0,both,E20,1,0.1
B_k9_1od_x1.0,both,E21,1,0.1
B_k9_1od_x1.0,both,E23,1,0.1
B_k9_1od_x1.0,both,E28,1,0.1
B_k9_1od_x1.0,both,E29,1,0.1
B_k9_1od_x1.0,both,E32,1,0.1
B_k9_1od_x1.0,both,E34,1,0.1
B_k9_1od_x1.0,both,E38,1,0.1
B_k9_1od_x1.0,both,E39,1,0.1
B_k9_1od_x1.0,both,E43,1,0.1
B_k9_1od_x1.0,both,E46,1,0.1
B_k9_1od_x1.0,both,E63,1,0.1
B_k9_1od_x1.0,both,E7,1,0.1
B_k9_1od_x1.0,init,-E11,7,0.7
B_k9_1od_x1.0,init,E9,6,0.6
B_k9_1od_x1.0,init,-E30,3,0.3
B_k9_1od_x1.0,init,-E32,3,0.3
B_k9_1od_x1.0,init,E11,3,0.3
B_k9_1od_x1.0,init,E27,3,0.3
B_k9_1od_x1.0,init,E56,3,0.3
B_k9_1od_x1.0,init,E62,3,0.3
B_k9_1od_x1.0,init,-E26,2,0.2
B_k9_1od_x1.0,init,-E39,2,0.2
B_k9_1od_x1.0,init,-E45,2,0.2
B_k9_1od_x1.0,init,E12,2,0.2
B_k9_1od_x1.0,init,E15,2,0.2
B_k9_1od_x1.0,init,E17,2,0.2
B_k9_1od_x1.0,init,E20,2,0.2
B_k9_1od_x1.0,init,E21,2,0.2
B_k9_1od_x1.0,init,E40,2,0.2
B_k9_1od_x1.0,init,E6,2,0.2
B_k9_1od_x1.0,init,E63,2,0.2
B_k9_1od_x1.0,init,E7,2,0.2
B_k9_1od_x1.0,init,E8,2,0.2
B_k9_1od_x1.0,init,-E13,1,0.1
B_k9_1od_x1.0,init,-E15,1,0.1
B_k9_1od_x1.0,init,-E17,1,0.1
B_k9_1od_x1.0,init,-E29,1,0.1
B_k9_1od_x1.0,init,-E31,1,0.1
B_k9_1od_x1.0,init,-E38,1,0.1
B_k9_1od_x1.0,init,-E43,1,0.1
B_k9_1od_x1.0,init,-E44,1,0.1
B_k9_1od_x1.0,init,-E58,1,0.1
B_k9_1od_x1.0,init,-E64,1,0.1
B_k9_1od_x1.0,init,-E7,1,0.1
B_k9_1od_x1.0,init,-E8,1,0.1
B_k9_1od_x1.0,init,-E9,1,0.1
B_k9_1od_x1.0,init,E10,1,0.1
B_k9_1od_x1.0,init,E13,1,0.1
B_k9_1od_x1.0,init,E14,1,0.1
B_k9_1od_x1.0,init,E16,1,0.1
B_k9_1od_x1.0,init,E19,1,0.1
B_k9_1od_x1.0,init,E22,1,0.1
B_k9_1od_x1.0,init,E30,1,0.1
B_k9_1od_x1.0,init,E33,1,0.1
B_k9_1od_x1.0,init,E34,1,0.1
B_k9_1od_x1.0,init,E38,1,0.1
B_k9_1od_x1.0,init,E43,1,0.1
B_k9_1od_x1.0,init,E47,1,0.1
B_k9_1od_x1.0,init,E49,1,0.1
B_k9_1od_x1.0,init,E50,1,0.1
B_k9_1od_x1.0,init,E51,1,0.1
B_k9_1od_x1.0,init,E58,1,0.1
B_k9_1od_x1.0,mutation,E9,9,0.9
B_k9_1od_x1.0,mutation,-E11,6,0.6
B_k9_1od_x1.0,mutation,-E12,3,0.3
B_k9_1od_x1.0,mutation,-E22,3,0.3
B_k9_1od_x1.0,mutation,-E29,3,0.3
B_k9_1od_x1.0,mutation,-E46,3,0.3
B_k9_1od_x1.0,mutation,-E9,3,0.3
B_k9_1od_x1.0,mutation,E56,3,0.3
B_k9_1od_x1.0,mutation,-E45,2,0.2
B_k9_1od_x1.0,mutation,-E58,2,0.2
B_k9_1od_x1.0,mutation,-E63,2,0.2
B_k9_1od_x1.0,mutation,-E8,2,0.2
B_k9_1od_x1.0,mutation,E110,2,0.2
B_k9_1od_x1.0,mutation,E12,2,0.2
B_k9_1od_x1.0,mutation,E15,2,0.2
B_k9_1od_x1.0,mutation,E20,2,0.2
B_k9_1od_x1.0,mutation,E22,2,0.2
B_k9_1od_x1.0,mutation,E27,2,0.2
B_k9_1od_x1.0,mutation,E29,2,0.2
B_k9_1od_x1.0,mutation,E30,2,0.2
B_k9_1od_x1.0,mutation,E47,2,0.2
B_k9_1od_x1.0,mutation,E7,2,0.2
B_k9_1od_x1.0,mutation,E8,2,0.2
B_k9_1od_x1.0,mutation,-E14,1,0.1
B_k9_1od_x1.0,mutation,-E19,1,0.1
B_k9_1od_x1.0,mutation,-E20,1,0.1
B_k9_1od_x1.0,mutation,-E26,1,0.1
B_k9_1od_x1.0,mutation,-E27,1,0.1
B_k9_1od_x1.0,mutation,-E31,1,0.1
B_k9_1od_x1.0,mutation,-E35,1,0.1
B_k9_1od_x1.0,mutation,-E38,1,0.1
B_k9_1od_x1.0,mutation,-E39,1,0.1
B_k9_1od_x1.0,mutation,-E40,1,0.1
B_k9_1od_x1.0,mutation,-E41,1,0.1
B_k9_1od_x1.0,mutation,-E47,1,0.1
B_k9_1od_x1.0,mutation,-E51,1,0.1
B_k9_1od_x1.0,mutation,-E52,1,0.1
B_k9_1od_x1.0,mutation,-E7,1,0.1
B_k9_1od_x1.0,mutation,E11,1,0.1
B_k9_1od_x1.0,mutation,E13,1,0.1
B_k9_1od_x1.0,mutation,E19,1,0.1
B_k9_1od_x1.0,mutation,E23,1,0.1
B_k9_1od_x1.0,mutation,E40,1,0.1
B_k9_1od_x1.0,mutation,E50,1,0.1
B_k9_1od_x1.0,mutation,E51,1,0.1
B_k9_1od_x1.0,mutation,E53,1,0.1
B_k9_1od_x1.0,mutation,E57,1,0.1
B_k9_1od_x1.0,mutation,E6,1,0.1
B_k9_1od_x1.0,mutation,E63,1,0.1
B_k9_1od_x1.0,mutation,E64,1,0.1
B_k9_1od_x1.0,none,-E11,6,0.6
B_k9_1od_x1.0,none,E9,5,0.5
B_k9_1od_x1.0,none,-E14,3,0.3
B_k9_1od_x1.0,none,-E19,3,0.3
B_k9_1od_x1.0,none,-E26,3,0.3
B_k9_1od_x1.0,none,-E35,3,0.3
B_k9_1od_x1.0,none,E27,3,0.3
B_k9_1od_x1.0,none,E47,3,0.3
B_k9_1od_x1.0,none,E57,3,0.3
B_k9_1od_x1.0,none,E8,3,0.3
B_k9_1od_x1.0,none,-E20,2,0.2
B_k9_1od_x1.0,none,-E31,2,0.2
B_k9_1od_x1.0,none,-E46,2,0.2
B_k9_1od_x1.0,none,-E52,2,0.2
B_k9_1od_x1.0,none,-E8,2,0.2
B_k9_1od_x1.0,none,E24,2,0.2
B_k9_1od_x1.0,none,E29,2,0.2
B_k9_1od_x1.0,none,E40,2,0.2
B_k9_1od_x1.0,none,E43,2,0.2
B_k9_1od_x1.0,none,E64,2,0.2
B_k9_1od_x1.0,none,-E13,1,0.1
B_k9_1od_x1.0,none,-E17,1,0.1
B_k9_1od_x1.0,none,-E22,1,0.1
B_k9_1od_x1.0,none,-E23,1,0.1
B_k9_1od_x1.0,none,-E27,1,0.1
B_k9_1od_x1.0,none,-E30,1,0.1
B_k9_1od_x1.0,none,-E32,1,0.1
B_k9_1od_x1.0,none,-E39,1,0.1
B_k9_1od_x1.0,none,-E40,1,0.1
B_k9_1od_x1.0,none,-E41,1,0.1
B_k9_1od_x1.0,none,-E44,1,0.1
B_k9_1od_x1.0,none,-E45,1,0.1
B_k9_1od_x1.0,none,-E47,1,0.1
B_k9_1od_x1.0,none,-E50,1,0.1
B_k9_1od_x1.0,none,-E58,1,0.1
B_k9_1od_x1.0,none,E110,1,0.1
B_k9_1od_x1.0,none,E12,1,0.1
B_k9_1od_x1.0,none,E14,1,0.1
B_k9_1od_x1.0,none,E15,1,0.1
B_k9_1od_x1.0,none,E16,1,0.1
B_k9_1od_x1.0,none,E19,1,0.1
B_k9_1od_x1.0,none,E20,1,0.1
B_k9_1od_x1.0,none,E21,1,0.1
B_k9_1od_x1.0,none,E22,1,0.1
B_k9_1od_x1.0,none,E32,1,0.1
B_k9_1od_x1.0,none,E38,1,0.1
B_k9_1od_x1.0,none,E49,1,0.1
B_k9_1od_x1.0,none,E50,1,0.1
B_k9_1od_x1.0,none,E51,1,0.1
B_k9_1od_x1.0,none,E56,1,0.1
B_k9_1od_x1.0,none,E58,1,0.1
B_k9_1od_x1.0,none,E6,1,0.1
B_k9_1od_x1.0,none,E62,1,0.1
B_k9_1od_x1.0,none,E63,1,0.1
B_k9_1od_x1.0,none,E7,1,0.1
B_k9_1od_x1.2,both,E9,10,1.0
B_k9_1od_x1.2,both,-E11,6,0.6
B_k9_1od_x1.2,both,E12,6,0.6
B_k9_1od_x1.2,both,-E45,4,0.4
B_k9_1od_x1.2,both,-E47,4,0.4
B_k9_1od_x1.2,both,-E26,3,0.3
B_k9_1od_x1.2,both,-E9,3,0.3
B_k9_1od_x1.2,both,E110,3,0.3
B_k9_1od_x1.2,both,E20,3,0.3
B_k9_1od_x1.2,both,-E17,2,0.2
B_k9_1od_x1.2,both,-E23,2,0.2
B_k9_1od_x1.2,both,-E43,2,0.2
B_k9_1od_x1.2,both,-E51,2,0.2
B_k9_1od_x1.2,both,-E64,2,0.2
B_k9_1od_x1.2,both,E33,2,0.2
B_k9_1od_x1.2,both,E40,2,0.2
B_k9_1od_x1.2,both,E51,2,0.2
B_k9_1od_x1.2,both,E58,2,0.2
B_k9_1od_x1.2,both,E63,2,0.2
B_k9_1od_x1.2,both,-E12,1,0.1
B_k9_1od_x1.2,both,-E13,1,0.1
B_k9_1od_x1.2,both,-E20,1,0.1
B_k9_1od_x1.2,both,-E27,1,0.1
B_k9_1od_x1.2,both,-E29,1,0.1
B_k9_1od_x1.2,both,-E31,1,0.1
B_k9_1od_x1.2,both,-E32,1,0.1
B_k9_1od_x1.2,both,-E35,1,0.1
B_k9_1od_x1.2,both,-E38,1,0.1
B_k9_1od_x1.2,both,-E41,1,0.1
B_k9_1od_x1.2,both,-E46,1,0.1
B_k9_1od_x1.2,both,-E52,1,0.1
B_k9_1od_x1.2,both,-E58,1,0.1
B_k9_1od_x1.2,both,-E7,1,0.1
B_k9_1od_x1.2,both,E14,1,0.1
B_k9_1od_x1.2,both,E15,1,0.1
B_k9_1od_x1.2,both,E16,1,0.1
B_k9_1od_x1.2,both,E17,1,0.1
B_k9_1od_x1.2,both,E19,1,0.1
B_k9_1od_x1.2,both,E23,1,0.1
B_k9_1od_x1.2,both,E28,1,0.1
B_k9_1od_x1.2,both,E29,1,0.1
B_k9_1od_x1.2,both,E34,1,0.1
B_k9_1od_x1.2,both,E38,1,0.1
B_k9_1od_x1.2,both,E39,1,0.1
B_k9_1od_x1.2,both,E53,1,0.1
B_k9_1od_x1.2,both,E6,1,0.1
B_k9_1od_x1.2,both,E8,1,0.1
B_k9_1od_x1.2,init,-E11,7,0.7
B_k9_1od_x1.2,init,E9,7,0.7
B_k9_1od_x1.2,init,E16,5,0.5
B_k9_1od_x1.2,init,E12,4,0.4
B_k9_1od_x1.2,init,-E12,3,0.3
B_k9_1od_x1.2,init,-E15,2,0.2
B_k9_1od_x1.2,init,-E27,2,0.2
B_k9_1od_x1.2,init,-E35,2,0.2
B_k9_1od_x1.2,init,-E43,2,0.2
B_k9_1od_x1.2,init,-E44,2,0.2
B_k9_1od_x1.2,init,-E45,2,0.2
B_k9_1od_x1.2,init,-E58,2,0.2
B_k9_1od_x1.2,init,-E9,2,0.2
B_k9_1od_x1.2,init,E14,2,0.2
B_k9_1od_x1.2,init,E17,2,0.2
B_k9_1od_x1.2,init,E24,2,0.2
B_k9_1od_x1.2,init,E29,2,0.2
B_k9_1od_x1.2,init,E43,2,0.2
B_k9_1od_x1.2,init,E47,2,0.2
B_k9_1od_x1.2,init,E50,2,0.2
B_k9_1od_x1.2,init,E52,2,0.2
B_k9_1od_x1.2,init,E53,2,0.2
B_k9_1od_x1.2,init,E62,2,0.2
B_k9_1od_x1.2,init,-E13,1,0.1
B_k9_1od_x1.2,init,-E21,1,0.1
B_k9_1od_x1.2,init,-E22,1,0.1
B_k9_1od_x1.2,init,-E26,1,0.1
B_k9_1od_x1.2,init,-E29,1,0.1
B_k9_1od_x1.2,init,-E31,1,0.1
B_k9_1od_x1.2,init,-E32,1,0.1
B_k9_1od_x1.2,init,-E41,1,0.1
B_k9_1od_x1.2,init,-E46,1,0.1
B_k9_1od_x1.2,init,-E50,1,0.1
B_k9_1od_x1.2,init,-E51,1,0.1
B_k9_1od_x1.2,init,-E52,1,0.1
B_k9_1od_x1.2,init,-E6,1,0.1
B_k9_1od_x1.2,init,-E63,1,0.1
B_k9_1od_x1.2,init,-E7,1,0.1
B_k9_1od_x1.2,init,-E8,1,0.1
B_k9_1od_x1.2,init,E11,1,0.1
B_k9_1od_x1.2,init,E110,1,0.1
B_k9_1od_x1.2,init,E20,1,0.1
B_k9_1od_x1.2,init,E22,1,0.1
B_k9_1od_x1.2,init,E25,1,0.1
B_k9_1od_x1.2,init,E33,1,0.1
B_k9_1od_x1.2,init,E34,1,0.1
B_k9_1od_x1.2,init,E38,1,0.1
B_k9_1od_x1.2,init,E63,1,0.1
B_k9_1od_x1.2,init,E64,1,0.1
B_k9_1od_x1.2,init,E8,1,0.1
B_k9_1od_x1.2,mutation,E9,10,1.0
B_k9_1od_x1.2,mutation,E12,8,0.8
B_k9_1od_x1.2,mutation,-E26,3,0.3
B_k9_1od_x1.2,mutation,-E8,3,0.3
B_k9_1od_x1.2,mutation,E15,3,0.3
B_k9_1od_x1.2,mutation,E40,3,0.3
B_k9_1od_x1.2,mutation,-E11,2,0.2
B_k9_1od_x1.2,mutation,-E12,2,0.2
B_k9_1od_x1.2,mutation,-E14,2,0.2
B_k9_1od_x1.2,mutation,-E22,2,0.2
B_k9_1od_x1.2,mutation,-E29,2,0.2
B_k9_1od_x1.2,mutation,-E31,2,0.2
B_k9_1od_x1.2,mutation,-E43,2,0.2
B_k9_1od_x1.2,mutation,-E45,2,0.2
B_k9_1od_x1.2,mutation,-E52,2,0.2
B_k9_1od_x1.2,mutation,-E9,2,0.2
B_k9_1od_x1.2,mutation,E14,2,0.2
B_k9_1od_x1.2,mutation,E21,2,0.2
B_k9_1od_x1.2,mutation,E23,2,0.2
B_k9_1od_x1.2,mutation,E50,2,0.2
B_k9_1od_x1.2,mutation,E51,2,0.2
B_k9_1od_x1.2,mutation,E53,2,0.2
B_k9_1od_x1.2,mutation,E62,2,0.2
B_k9_1od_x1.2,mutation,-E13,1,0.1
B_k9_1od_x1.2,mutation,-E20,1,0.1
B_k9_1od_x1.2,mutation,-E28,1,0.1
B_k9_1od_x1.2,mutation,-E30,1,0.1
B_k9_1od_x1.2,mutation,-E32,1,0.1
B_k9_1od_x1.2,mutation,-E35,1,0.1
B_k9_1od_x1.2,mutation,-E40,1,0.1
B_k9_1od_x1.2,mutation,-E44,1,0.1
B_k9_1od_x1.2,mutation,-E47,1,0.1
B_k9_1od_x1.2,mutation,-E50,1,0.1
B_k9_1od_x1.2,mutation,-E51,1,0.1
B_k9_1od_x1.2,mutation,-E6,1,0.1
B_k9_1od_x1.2,mutation,-E63,1,0.1
B_k9_1od_x1.2,mutation,E10,1,0.1
B_k9_1od_x1.2,mutation,E110,1,0.1
B_k9_1od_x1.2,mutation,E13,1,0.1
B_k9_1od_x1.2,mutation,E17,1,0.1
B_k9_1od_x1.2,mutation,E26,1,0.1
B_k9_1od_x1.2,mutation,E32,1,0.1
B_k9_1od_x1.2,mutation,E33,1,0.1
B_k9_1od_x1.2,mutation,E38,1,0.1
B_k9_1od_x1.2,mutation,E49,1,0.1
B_k9_1od_x1.2,mutation,E56,1,0.1
B_k9_1od_x1.2,mutation,E57,1,0.1
B_k9_1od_x1.2,mutation,E6,1,0.1
B_k9_1od_x1.2,mutation,E63,1,0.1
B_k9_1od_x1.2,none,E9,6,0.6
B_k9_1od_x1.2,none,-E11,5,0.5
B_k9_1od_x1.2,none,E12,5,0.5
B_k9_1od_x1.2,none,-E45,4,0.4
B_k9_1od_x1.2,none,-E26,3,0.3
B_k9_1od_x1.2,none,-E32,3,0.3
B_k9_1od_x1.2,none,E40,3,0.3
B_k9_1od_x1.2,none,E56,3,0.3
B_k9_1od_x1.2,none,E6,3,0.3
B_k9_1od_x1.2,none,-E15,2,0.2
B_k9_1od_x1.2,none,-E23,2,0.2
B_k9_1od_x1.2,none,-E28,2,0.2
B_k9_1od_x1.2,none,-E46,2,0.2
B_k9_1od_x1.2,none,-E7,2,0.2
B_k9_1od_x1.2,none,E110,2,0.2
B_k9_1od_x1.2,none,E17,2,0.2
B_k9_1od_x1.2,none,E28,2,0.2
B_k9_1od_x1.2,none,E29,2,0.2
B_k9_1od_x1.2,none,E38,2,0.2
B_k9_1od_x1.2,none,E39,2,0.2
B_k9_1od_x1.2,none,E49,2,0.2
B_k9_1od_x1.2,none,-E19,1,0.1
B_k9_1od_x1.2,none,-E25,1,0.1
B_k9_1od_x1.2,none,-E29,1,0.1
B_k9_1od_x1.2,none,-E30,1,0.1
B_k9_1od_x1.2,none,-E41,1,0.1
B_k9_1od_x1.2,none,-E43,1,0.1
B_k9_1od_x1.2,none,-E44,1,0.1
B_k9_1od_x1.2,none,-E50,1,0.1
B_k9_1od_x1.2,none,-E52,1,0.1
B_k9_1od_x1.2,none,-E53,1,0.1
B_k9_1od_x1.2,none,-E58,1,0.1
B_k9_1od_x1.2,none,-E64,1,0.1
B_k9_1od_x1.2,none,-E8,1,0.1
B_k9_1od_x1.2,none,-E9,1,0.1
B_k9_1od_x1.2,none,E11,1,0.1
B_k9_1od_x1.2,none,E14,1,0.1
B_k9_1od_x1.2,none,E21,1,0.1
B_k9_1od_x1.2,none,E23,1,0.1
B_k9_1od_x1.2,none,E24,1,0.1
B_k9_1od_x1.2,none,E31,1,0.1
B_k9_1od_x1.2,none,E32,1,0.1
B_k9_1od_x1.2,none,E34,1,0.1
B_k9_1od_x1.2,none,E50,1,0.1
B_k9_1od_x1.2,none,E51,1,0.1
B_k9_1od_x1.2,none,E53,1,0.1
B_k9_1od_x1.2,none,E62,1,0.1
B_k9_1od_x1.2,none,E63,1,0.1
B_k9_1od_x1.2,none,E8,1,0.1
B_k9_2od_x0.8,both,E8,10,1.0
B_k9_2od_x0.8,both,E52,6,0.6
B_k9_2od_x0.8,both,E63,6,0.6
B_k9_2od_x0.8,both,-E11,5,0.5
B_k9_2od_x0.8,both,E33,4,0.4
B_k9_2od_x0.8,both,-E12,2,0.2
B_k9_2od_x0.8,both,-E13,2,0.2
B_k9_2od_x0.8,both,-E15,2,0.2
B_k9_2od_x0.8,both,-E20,2,0.2
B_k9_2od_x0.8,both,-E21,2,0.2
B_k9_2od_x0.8,both,-E27,2,0.2
B_k9_2od_x0.8,both,-E38,2,0.2
B_k9_2od_x0.8,both,-E43,2,0.2
B_k9_2od_x0.8,both,-E51,2,0.2
B_k9_2od_x0.8,both,-E53,2,0.2
B_k9_2od_x0.8,both,-E64,2,0.2
B_k9_2od_x0.8,both,E110,2,0.2
B_k9_2od_x0.8,both,E43,2,0.2
B_k9_2od_x0.8,both,E7,2,0.2
B_k9_2od_x0.8,both,-E14,1,0.1
B_k9_2od_x0.8,both,-E16,1,0.1
B_k9_2od_x0.8,both,-E17,1,0.1
B_k9_2od_x0.8,both,-E22,1,0.1
B_k9_2od_x0.8,both,-E30,1,0.1
B_k9_2od_x0.8,both,-E40,1,0.1
B_k9_2od_x0.8,both,-E46,1,0.1
B_k9_2od_x0.8,both,-E47,1,0.1
B_k9_2od_x0.8,both,-E52,1,0.1
B_k9_2od_x0.8,both,-E58,1,0.1
B_k9_2od_x0.8,both,-E6,1,0.1
B_k9_2od_x0.8,both,-E8,1,0.1
B_k9_2od_x0.8,both,-E9,1,0.1
B_k9_2od_x0.8,both,E11,1,0.1
B_k9_2od_x0.8,both,E16,1,0.1
B_k9_2od_x0.8,both,E17,1,0.1
B_k9_2od_x0.8,both,E21,1,0.1
B_k9_2od_x0.8,both,E22,1,0.1
B_k9_2od_x0.8,both,E24,1,0.1
B_k9_2od_x0.8,both,E25,1,0.1
B_k9_2od_x0.8,both,E26,1,0.1
B_k9_2od_x0.8,both,E29,1,0.1
B_k9_2od_x0.8,both,E30,1,0.1
B_k9_2od_x0.8,both,E31,1,0.1
B_k9_2od_x0.8,both,E32,1,0.1
B_k9_2od_x0.8,both,E38,1,0.1
B_k9_2od_x0.8,both,E39,1,0.1
B_k9_2od_x0.8,both,E53,1,0.1
B_k9_2od_x0.8,both,E57,1,0.1
B_k9_2od_x0.8,both,E59,1,0.1
B_k9_2od_x0.8,both,E9,1,0.1
B_k9_2od_x0.8,init,E8,10,1.0
B_k9_2od_x0.8,init,-E21,4,0.4
B_k9_2od_x0.8,init,E64,4,0.4
B_k9_2od_x0.8,init,E39,3,0.3
B_k9_2od_x0.8,init,-E13,2,0.2
B_k9_2od_x0.8,init,-E43,2,0.2
B_k9_2od_x0.8,init,-E52,2,0.2
B_k9_2od_x0.8,init,-E53,2,0.2
B_k9_2od_x0.8,init,-E8,2,0.2
B_k9_2od_x0.8,init,E14,2,0.2
B_k9_2od_x0.8,init,E21,2,0.2
B_k9_2od_x0.8,init,E24,2,0.2
B_k9_2od_x0.8,init,E32,2,0.2
B_k9_2od_x0.8,init,E41,2,0.2
B_k9_2od_x0.8,init,E47,2,0.2
B_k9_2od_x0.8,init,E50,2,0.2
B_k9_2od_x0.8,init,E58,2,0.2
B_k9_2od_x0.8,init,E63,2,0.2
B_k9_2od_x0.8,init,-E12,1,0.1
B_k9_2od_x0.8,init,-E17,1,0.1
B_k9_2od_x0.8,init,-E19,1,0.1
B_k9_2od_x0.8,init,-E20,1,0.1
B_k9_2od_x0.8,init,-E22,1,0.1
B_k9_2od_x0.8,init,-E25,1,0.1
B_k9_2od_x0.8,init,-E26,1,0.1
B_k9_2od_x0.8,init,-E27,1,0.1
B_k9_2od_x0.8,init,-E30,1,0.1
B_k9_2od_x0.8,init,-E35,1,0.1
B_k9_2od_x0.8,init,-E38,1,0.1
B_k9_2od_x0.8,init,-E40,1,0.1
B_k9_2od_x0.8,init,-E44,1,0.1
B_k9_2od_x0.8,init,-E50,1,0.1
B_k9_2od_x0.8,init,-E51,1,0.1
B_k9_2od_x0.8,init,-E6,1,0.1
B_k9_2od_x0.8,init,-E64,1,0.1
B_k9_2od_x0.8,init,-E7,1,0.1
B_k9_2od_x0.8,init,-E9,1,0.1
B_k9_2od_x0.8,init,E11,1,0.1
B_k9_2od_x0.8,init,E110,1,0.1
B_k9_2od_x0.8,init,E12,1,0.1
B_k9_2od_x0.8,init,E16,1,0.1
B_k9_2od_x0.8,init,E17,1,0.1
B_k9_2od_x0.8,init,E22,1,0.1
B_k9_2od_x0.8,init,E28,1,0.1
B_k9_2od_x0.8,init,E29,1,0.1
B_k9_2od_x0.8,init,E30,1,0.1
B_k9_2od_x0.8,init,E34,1,0.1
B_k9_2od_x0.8,init,E43,1,0.1
B_k9_2od_x0.8,init,E45,1,0.1
B_k9_2od_x0.8,init,E52,1,0.1
B_k9_2od_x0.8,init,E56,1,0.1
B_k9_2od_x0.8,init,E7,1,0.1
B_k9_2od_x0.8,mutation,E8,10,1.0
B_k9_2od_x0.8,mutation,E52,5,0.5
B_k9_2od_x0.8,mutation,E11,4,0.4
B_k9_2od_x0.8,mutation,E21,4,0.4
B_k9_2od_x0.8,mutation,-E26,3,0.3
B_k9_2od_x0.8,mutation,-E30,3,0.3
B_k9_2od_x0.8,mutation,E12,3,0.3
B_k9_2od_x0.8,mutation,E33,3,0.3
B_k9_2od_x0.8,mutation,E58,3,0.3
B_k9_2od_x0.8,mutation,-E29,2,0.2
B_k9_2od_x0.8,mutation,-E35,2,0.2
B_k9_2od_x0.8,mutation,-E46,2,0.2
B_k9_2od_x0.8,mutation,-E64,2,0.2
B_k9_2od_x0.8,mutation,E110,2,0.2
B_k9_2od_x0.8,mutation,E26,2,0.2
B_k9_2od_x0.8,mutation,E45,2,0.2
B_k9_2od_x0.8,mutation,E62,2,0.2
B_k9_2od_x0.8,mutation,E64,2,0.2
B_k9_2od_x0.8,mutation,-E13,1,0.1
B_k9_2od_x0.8,mutation,-E15,1,0.1
B_k9_2od_x0.8,mutation,-E20,1,0.1
B_k9_2od_x0.8,mutation,-E22,1,0.1
B_k9_2od_x0.8,mutation,-E27,1,0.1
B_k9_2od_x0.8,mutation,-E28,1,0.1
B_k9_2od_x0.8,mutation,-E32,1,0.1
B_k9_2od_x0.8,mutation,-E40,1,0.1
B_k9_2od_x0.8,mutation,-E44,1,0.1
B_k9_2od_x0.8,mutation,-E47,1,0.1
B_k9_2od_x0.8,mutation,-E50,1,0.1
B_k9_2od_x0.8,mutation,-E53,1,0.1
B_k9_2od_x0.8,mutation,-E58,1,0.1
B_k9_2od_x0.8,mutation,-E7,1,0.1
B_k9_2od_x0.8,mutation,-E9,1,0.1
B_k9_2od_x0.8,mutation,E14,1,0.1
B_k9_2od_x0.8,mutation,E16,1,0.1
B_k9_2od_x0.8,mutation,E23,1,0.1
B_k9_2od_x0.8,mutation,E24,1,0.1
B_k9_2od_x0.8,mutation,E27,1,0.1
B_k9_2od_x0.8,mutation,E28,1,0.1
B_k9_2od_x0.8,mutation,E29,1,0.1
B_k9_2od_x0.8,mutation,E34,1,0.1
B_k9_2od_x0.8,mutation,E43,1,0.1
B_k9_2od_x0.8,mutation,E50,1,0.1
B_k9_2od_x0.8,mutation,E51,1,0.1
B_k9_2od_x0.8,mutation,E53,1,0.1
B_k9_2od_x0.8,mutation,E63,1,0.1
B_k9_2od_x0.8,mutation,E7,1,0.1
B_k9_2od_x0.8,mutation,E9,1,0.1
B_k9_2od_x0.8,none,E8,10,1.0
B_k9_2od_x0.8,none,-E35,4,0.4
B_k9_2od_x0.8,none,-E9,4,0.4
B_k9_2od_x0.8,none,E53,4,0.4
B_k9_2od_x0.8,none,E58,4,0.4
B_k9_2od_x0.8,none,E24,3,0.3
B_k9_2od_x0.8,none,E33,3,0.3
B_k9_2od_x0.8,none,-E13,2,0.2
B_k9_2od_x0.8,none,-E29,2,0.2
B_k9_2od_x0.8,none,-E44,2,0.2
B_k9_2od_x0.8,none,-E53,2,0.2
B_k9_2od_x0.8,none,-E6,2,0.2
B_k9_2od_x0.8,none,-E8,2,0.2
B_k9_2od_x0.8,none,E10,2,0.2
B_k9_2od_x0.8,none,E14,2,0.2
B_k9_2od_x0.8,none,E21,2,0.2
B_k9_2od_x0.8,none,E34,2,0.2
B_k9_2od_x0.8,none,E39,2,0.2
B_k9_2od_x0.8,none,E45,2,0.2
B_k9_2od_x0.8,none,E47,2,0.2
B_k9_2od_x0.8,none,E7,2,0.2
B_k9_2od_x0.8,none,-E11,1,0.1
B_k9_2od_x0.8,none,-E14,1,0.1
B_k9_2od_x0.8,none,-E20,1,0.1
B_k9_2od_x0.8,none,-E21,1,0.1
B_k9_2od_x0.8,none,-E23,1,0.1
B_k9_2od_x0.8,none,-E28,1,0.1
B_k9_2od_x0.8,none,-E30,1,0.1
B_k9_2od_x0.8,none,-E31,1,0.1
B_k9_2od_x0.8,none,-E38,1,0.1
B_k9_2od_x0.8,none,-E46,1,0.1
B_k9_2od_x0.8,none,-E58,1,0.1
B_k9_2od_x0.8,none,-E7,1,0.1
B_k9_2od_x0.8,none,E110,1,0.1
B_k9_2od_x0.8,none,E12,1,0.1
B_k9_2od_x0.8,none,E15,1,0.1
B_k9_2od_x0.8,none,E16,1,0.1
B_k9_2od_x0.8,none,E26,1,0.1
B_k9_2od_x0.8,none,E27,1,0.1
B_k9_2od_x0.8,none,E32,1,0.1
B_k9_2od_x0.8,none,E38,1,0.1
B_k9_2od_x0.8,none,E41,1,0.1
B_k9_2od_x0.8,none,E43,1,0.1
B_k9_2od_x0.8,none,E46,1,0.1
B_k9_2od_x0.8,none,E50,1,0.1
B_k9_2od_x0.8,none,E51,1,0.1
B_k9_2od_x0.8,none,E56,1,0.1
B_k9_2od_x0.8,none,E57,1,0.1
B_k9_2od_x0.8,none,E62,1,0.1
B_k9_2od_x0.8,none,E63,1,0.1
B_k9_2od_x0.8,none,E64,1,0.1
B_k9_2od_x1.0,both,E8,8,0.8
B_k9_2od_x1.0,both,-E7,6,0.6
B_k9_2od_x1.0,both,-E30,4,0.4
B_k9_2od_x1.0,both,-E47,4,0.4
B_k9_2od_x1.0,both,E110,4,0.4
B_k9_2od_x1.0,both,E26,4,0.4
B_k9_2od_x1.0,both,E58,4,0.4
B_k9_2od_x1.0,both,-E29,3,0.3
B_k9_2od_x1.0,both,-E45,3,0.3
B_k9_2od_x1.0,both,-E64,3,0.3
B_k9_2od_x1.0,both,E16,3,0.3
B_k9_2od_x1.0,both,E46,3,0.3
B_k9_2od_x1.0,both,-E16,2,0.2
B_k9_2od_x1.0,both,-E19,2,0.2
B_k9_2od_x1.0,both,-E26,2,0.2
B_k9_2od_x1.0,both,-E50,2,0.2
B_k9_2od_x1.0,both,-E8,2,0.2
B_k9_2od_x1.0,both,-E9,2,0.2
B_k9_2od_x1.0,both,E11,2,0.2
B_k9_2od_x1.0,both,E12,2,0.2
B_k9_2od_x1.0,both,E21,2,0.2
B_k9_2od_x1.0,both,E51,2,0.2
B_k9_2od_x1.0,both,E63,2,0.2
B_k9_2od_x1.0,both,-E12,1,0.1
B_k9_2od_x1.0,both,-E14,1,0.1
B_k9_2od_x1.0,both,-E17,1,0.1
B_k9_2od_x1.0,both,-E20,1,0.1
B_k9_2od_x1.0,both,-E21,1,0.1
B_k9_2od_x1.0,both,-E23,1,0.1
B_k9_2od_x1.0,both,-E52,1,0.1
B_k9_2od_x1.0,both,-E58,1,0.1
B_k9_2od_x1.0,both,E17,1,0.1
B_k9_2od_x1.0,both,E19,1,0.1
B_k9_2od_x1.0,both,E23,1,0.1
B_k9_2od_x1.0,both,E24,1,0.1
B_k9_2od_x1.0,both,E28,1,0.1
B_k9_2od_x1.0,both,E39,1,0.1
B_k9_2od_x1.0,both,E49,1,0.1
B_k9_2od_x1.0,both,E50,1,0.1
B_k9_2od_x1.0,both,E52,1,0.1
B_k9_2od_x1.0,both,E59,1,0.1
B_k9_2od_x1.0,both,E6,1,0.1
B_k9_2od_x1.0,init,E8,10,1.0
B_k9_2od_x1.0,init,E58,4,0.4
B_k9_2od_x1.0,init,-E11,3,0.3
B_k9_2od_x1.0,init,-E35,3,0.3
B_k9_2od_x1.0,init,-E47,3,0.3
B_k9_2od_x1.0,init,E12,3,0.3
B_k9_2od_x1.0,init,-E16,2,0.2
B_k9_2od_x1.0,init,-E23,2,0.2
B_k9_2od_x1.0,init,-E43,2,0.2
B_k9_2od_x1.0,init,-E64,2,0.2
B_k9_2od_x1.0,init,-E7,2,0.2
B_k9_2od_x1.0,init,-E9,2,0.2
B_k9_2od_x1.0,init,E17,2,0.2
B_k9_2od_x1.0,init,E24,2,0.2
B_k9_2od_x1.0,init,E29,2,0.2
B_k9_2od_x1.0,init,E33,2,0.2
B_k9_2od_x1.0,init,E50,2,0.2
B_k9_2od_x1.0,init,E52,2,0.2
B_k9_2od_x1.0,init,E53,2,0.2
B_k9_2od_x1.0,init,E64,2,0.2
B_k9_2od_x1.0,init,-E12,1,0.1
B_k9_2od_x1.0,init,-E15,1,0.1
B_k9_2od_x1.0,init,-E21,1,0.1
B_k9_2od_x1.0,init,-E22,1,0.1
B_k9_2od_x1.0,init,-E25,1,0.1
B_k9_2od_x1.0,init,-E28,1,0.1
B_k9_2od_x1.0,init,-E30,1,0.1
B_k9_2od_x1.0,init,-E32,1,0.1
B_k9_2od_x1.0,init,-E40,1,0.1
B_k9_2od_x1.0,init,-E44,1,0.1
B_k9_2od_x1.0,init,-E46,1,0.1
B_k9_2od_x1.0,init,-E50,1,0.1
B_k9_2od_x1.0,init,-E51,1,0.1
B_k9_2od_x1.0,init,-E52,1,0.1
B_k9_2od_x1.0,init,-E53,1,0.1
B_k9_2od_x1.0,init,-E58,1,0.1
B_k9_2od_x1.0,init,-E6,1,0.1
B_k9_2od_x1.0,init,-E8,1,0.1
B_k9_2od_x1.0,init,E11,1,0.1
B_k9_2od_x1.0,init,E110,1,0.1
B_k9_2od_x1.0,init,E14,1,0.1
B_k9_2od_x1.0,init,E16,1,0.1
B_k9_2od_x1.0,init,E19,1,0.1
B_k9_2od_x1.0,init,E27,1,0.1
B_k9_2od_x1.0,init,E30,1,0.1
B_k9_2od_x1.0,init,E31,1,0.1
B_k9_2od_x1.0,init,E32,1,0.1
B_k9_2od_x1.0,init,E38,1,0.1
B_k9_2od_x1.0,init,E39,1,0.1
B_k9_2od_x1.0,init,E43,1,0.1
B_k9_2od_x1.0,init,E45,1,0.1
B_k9_2od_x1.0,init,E46,1,0.1
B_k9_2od_x1.0,init,E56,1,0.1
B_k9_2od_x1.0,init,E62,1,0.1
B_k9_2od_x1.0,init,E63,1,0.1
B_k9_2od_x1.0,init,E7,1,0.1
B_k9_2od_x1.0,mutation,E8,8,0.8
B_k9_2od_x1.0,mutation,E58,6,0.6
B_k9_2od_x1.0,mutation,-E7,5,0.5
B_k9_2od_x1.0,mutation,-E30,4,0.4
B_k9_2od_x1.0,mutation,-E45,4,0.4
B_k9_2od_x1.0,mutation,-E47,4,0.4
B_k9_2od_x1.0,mutation,-E64,4,0.4
B_k9_2od_x1.0,mutation,E22,4,0.4
B_k9_2od_x1.0,mutation,-E21,3,0.3
B_k9_2od_x1.0,mutation,E12,3,0.3
B_k9_2od_x1.0,mutation,-E22,2,0.2
B_k9_2od_x1.0,mutation,-E26,2,0.2
B_k9_2od_x1.0,mutation,-E29,2,0.2
B_k9_2od_x1.0,mutation,-E44,2,0.2
B_k9_2od_x1.0,mutation,E11,2,0.2
B_k9_2od_x1.0,mutation,E16,2,0.2
B_k9_2od_x1.0,mutation,E26,2,0.2
B_k9_2od_x1.0,mutation,E28,2,0.2
B_k9_2od_x1.0,mutation,E49,2,0.2
B_k9_2od_x1.0,mutation,E6,2,0.2
B_k9_2od_x1.0,mutation,-E13,1,0.1
B_k9_2od_x1.0,mutation,-E14,1,0.1
B_k9_2od_x1.0,mutation,-E15,1,0.1
B_k9_2od_x1.0,mutation,-E17,1,0.1
B_k9_2od_x1.0,mutation,-E19,1,0.1
B_k9_2od_x1.0,mutation,-E25,1,0.1
B_k9_2od_x1.0,mutation,-E31,1,0.1
B_k9_2od_x1.0,mutation,-E40,1,0.1
B_k9_2od_x1.0,mutation,-E58,1,0.1
B_k9_2od_x1.0,mutation,E21,1,0.1
B_k9_2od_x1.0,mutation,E23,1,0.1
B_k9_2od_x1.0,mutation,E29,1,0.1
B_k9_2od_x1.0,mutation,E33,1,0.1
B_k9_2od_x1.0,mutation,E34,1,0.1
B_k9_2od_x1.0,mutation,E40,1,0.1
B_k9_2od_x1.0,mutation,E46,1,0.1
B_k9_2od_x1.0,mutation,E47,1,0.1
B_k9_2od_x1.0,mutation,E50,1,0.1
B_k9_2od_x1.0,mutation,E51,1,0.1
B_k9_2od_x1.0,mutation,E52,1,0.1
B_k9_2od_x1.0,mutation,E62,1,0.1
B_k9_2od_x1.0,mutation,E63,1,0.1
B_k9_2od_x1.0,mutation,E64,1,0.1
B_k9_2od_x1.0,mutation,E7,1,0.1
B_k9_2od_x1.0,mutation,E9,1,0.1
B_k9_2od_x1.0,none,E8,10,1.0
B_k9_2od_x1.0,none,-E11,5,0.5
B_k9_2od_x1.0,none,E58,4,0.4
B_k9_2od_x1.0,none,-E16,3,0.3
B_k9_2od_x1.0,none,E43,3,0.3
B_k9_2od_x1.0,none,-E19,2,0.2
B_k9_2od_x1.0,none,-E21,2,0.2
B_k9_2od_x1.0,none,-E23,2,0.2
B_k9_2od_x1.0,none,-E35,2,0.2
B_k9_2od_x1.0,none,-E45,2,0.2
B_k9_2od_x1.0,none,-E52,2,0.2
B_k9_2od_x1.0,none,-E7,2,0.2
B_k9_2od_x1.0,none,-E8,2,0.2
B_k9_2od_x1.0,none,E10,2,0.2
B_k9_2od_x1.0,none,E14,2,0.2
B_k9_2od_x1.0,none,E17,2,0.2
B_k9_2od_x1.0,none,E21,2,0.2
B_k9_2od_x1.0,none,E24,2,0.2
B_k9_2od_x1.0,none,E25,2,0.2
B_k9_2od_x1.0,none,E26,2,0.2
B_k9_2od_x1.0,none,E40,2,0.2
B_k9_2od_x1.0,none,E62,2,0.2
B_k9_2od_x1.0,none,E64,2,0.2
B_k9_2od_x1.0,none,-E12,1,0.1
B_k9_2od_x1.0,none,-E13,1,0.1
B_k9_2od_x1.0,none,-E17,1,0.1
B_k9_2od_x1.0,none,-E20,1,0.1
B_k9_2od_x1.0,none,-E22,1,0.1
B_k9_2od_x1.0,none,-E27,1,0.1
B_k9_2od_x1.0,none,-E28,1,0.1
B_k9_2od_x1.0,none,-E30,1,0.1
B_k9_2od_x1.0,none,-E38,1,0.1
B_k9_2od_x1.0,none,-E44,1,0.1
B_k9_2od_x1.0,none,-E47,1,0.1
B_k9_2od_x1.0,none,-E50,1,0.1
B_k9_2od_x1.0,none,-E58,1,0.1
B_k9_2od_x1.0,none,-E6,1,0.1
B_k9_2od_x1.0,none,-E64,1,0.1
B_k9_2od_x1.0,none,-E9,1,0.1
B_k9_2od_x1.0,none,E110,1,0.1
B_k9_2od_x1.0,none,E12,1,0.1
B_k9_2od_x1.0,none,E15,1,0.1
B_k9_2od_x1.0,none,E16,1,0.1
B_k9_2od_x1.0,none,E28,1,0.1
B_k9_2od_x1.0,none,E30,1,0.1
B_k9_2od_x1.0,none,E41,1,0.1
B_k9_2od_x1.0,none,E47,1,0.1
B_k9_2od_x1.0,none,E52,1,0.1
B_k9_2od_x1.0,none,E53,1,0.1
B_k9_2od_x1.0,none,E56,1,0.1
B_k9_2od_x1.0,none,E59,1,0.1
B_k9_2od_x1.0,none,E63,1,0.1
B_k9_2od_x1.2,both,-E16,4,0.4
B_k9_2od_x1.2,both,-E29,4,0.4
B_k9_2od_x1.2,both,E34,4,0.4
B_k9_2od_x1.2,both,E38,4,0.4
B_k9_2od_x1.2,both,E8,4,0.4
B_k9_2od_x1.2,both,-E12,3,0.3
B_k9_2od_x1.2,both,-E13,3,0.3
B_k9_2od_x1.2,both,-E43,3,0.3
B_k9_2od_x1.2,both,-E58,3,0.3
B_k9_2od_x1.2,both,-E7,3,0.3
B_k9_2od_x1.2,both,E39,3,0.3
B_k9_2od_x1.2,both,E52,3,0.3
B_k9_2od_x1.2,both,E64,3,0.3
B_k9_2od_x1.2,both,-E21,2,0.2
B_k9_2od_x1.2,both,-E44,2,0.2
B_k9_2od_x1.2,both,-E46,2,0.2
B_k9_2od_x1.2,both,-E47,2,0.2
B_k9_2od_x1.2,both,E11,2,0.2
B_k9_2od_x1.2,both,E14,2,0.2
B_k9_2od_x1.2,both,E25,2,0.2
B_k9_2od_x1.2,both,E32,2,0.2
B_k9_2od_x1.2,both,E51,2,0.2
B_k9_2od_x1.2,both,E58,2,0.2
B_k9_2od_x1.2,both,E63,2,0.2
B_k9_2od_x1.2,both,-E11,1,0.1
B_k9_2od_x1.2,both,-E19,1,0.1
B_k9_2od_x1.2,both,-E22,1,0.1
B_k9_2od_x1.2,both,-E26,1,0.1
B_k9_2od_x1.2,both,-E27,1,0.1
B_k9_2od_x1.2,both,-E40,1,0.1
B_k9_2od_x1.2,both,-E50,1,0.1
B_k9_2od_x1.2,both,-E52,1,0.1
B_k9_2od_x1.2,both,-E53,1,0.1
B_k9_2od_x1.2,both,-E64,1,0.1
B_k9_2od_x1.2,both,-E9,1,0.1
B_k9_2od_x1.2,both,E110,1,0.1
B_k9_2od_x1.2,both,E12,1,0.1
B_k9_2od_x1.2,both,E17,1,0.1
B_k9_2od_x1.2,both,E21,1,0.1
B_k9_2od_x1.2,both,E22,1,0.1
B_k9_2od_x1.2,both,E26,1,0.1
B_k9_2od_x1.2,both,E29,1,0.1
B_k9_2od_x1.2,both,E40,1,0.1
B_k9_2od_x1.2,both,E43,1,0.1
B_k9_2od_x1.2,both,E49,1,0.1
B_k9_2od_x1.2,both,E53,1,0.1
B_k9_2od_x1.2,both,E56,1,0.1
B_k9_2od_x1.2,both,E6,1,0.1
B_k9_2od_x1.2,init,-E11,5,0.5
B_k9_2od_x1.2,init,E8,5,0.5
B_k9_2od_x1.2,init,-E58,4,0.4
B_k9_2od_x1.2,init,E52,4,0.4
B_k9_2od_x1.2,init,-E25,3,0.3
B_k9_2od_x1.2,init,-E26,3,0.3
B_k9_2od_x1.2,init,-E53,3,0.3
B_k9_2od_x1.2,init,E12,3,0.3
B_k9_2od_x1.2,init,E45,3,0.3
B_k9_2od_x1.2,init,E58,3,0.3
B_k9_2od_x1.2,init,-E22,2,0.2
B_k9_2od_x1.2,init,-E23,2,0.2
B_k9_2od_x1.2,init,-E46,2,0.2
B_k9_2od_x1.2,init,-E6,2,0.2
B_k9_2od_x1.2,init,-E64,2,0.2
B_k9_2od_x1.2,init,-E7,2,0.2
B_k9_2od_x1.2,init,E10,2,0.2
B_k9_2od_x1.2,init,E24,2,0.2
B_k9_2od_x1.2,init,E32,2,0.2
B_k9_2od_x1.2,init,E39,2,0.2
B_k9_2od_x1.2,init,E40,2,0.2
B_k9_2od_x1.2,init,E46,2,0.2
B_k9_2od_x1.2,init,-E13,1,0.1
B_k9_2od_x1.2,init,-E14,1,0.1
B_k9_2od_x1.2,init,-E21,1,0.1
B_k9_2od_x1.2,init,-E28,1,0.1
B_k9_2od_x1.2,init,-E30,1,0.1
B_k9_2od_x1.2,init,-E38,1,0.1
B_k9_2od_x1.2,init,-E40,1,0.1
B_k9_2od_x1.2,init,-E45,1,0.1
B_k9_2od_x1.2,init,-E47,1,0.1
B_k9_2od_x1.2,init,-E50,1,0.1
B_k9_2od_x1.2,init,-E52,1,0.1
B_k9_2od_x1.2,init,-E8,1,0.1
B_k9_2od_x1.2,init,-E9,1,0.1
B_k9_2od_x1.2,init,E11,1,0.1
B_k9_2od_x1.2,init,E110,1,0.1
B_k9_2od_x1.2,init,E13,1,0.1
B_k9_2od_x1.2,init,E14,1,0.1
B_k9_2od_x1.2,init,E16,1,0.1
B_k9_2od_x1.2,init,E21,1,0.1
B_k9_2od_x1.2,init,E28,1,0.1
B_k9_2od_x1.2,init,E31,1,0.1
B_k9_2od_x1.2,init,E47,1,0.1
B_k9_2od_x1.2,init,E49,1,0.1
B_k9_2od_x1.2,init,E51,1,0.1
B_k9_2od_x1.2,init,E53,1,0.1
B_k9_2od_x1.2,init,E56,1,0.1
B_k9_2od_x1.2,init,E57,1,0.1
B_k9_2od_x1.2,init,E63,1,0.1
B_k9_2od_x1.2,init,E64,1,0.1
B_k9_2od_x1.2,init,E9,1,0.1
B_k9_2od_x1.2,mutation,-E58,6,0.6
B_k9_2od_x1.2,mutation,-E30,5,0.5
B_k9_2od_x1.2,mutation,-E43,5,0.5
B_k9_2od_x1.2,mutation,E64,5,0.5
B_k9_2od_x1.2,mutation,-E13,4,0.4
B_k9_2od_x1.2,mutation,E28,4,0.4
B_k9_2od_x1.2,mutation,E34,4,0.4
B_k9_2od_x1.2,mutation,E39,4,0.4
B_k9_2od_x1.2,mutation,-E12,3,0.3
B_k9_2od_x1.2,mutation,-E26,3,0.3
B_k9_2od_x1.2,mutation,-E64,3,0.3
B_k9_2od_x1.2,mutation,E51,3,0.3
B_k9_2od_x1.2,mutation,E52,3,0.3
B_k9_2od_x1.2,mutation,-E29,2,0.2
B_k9_2od_x1.2,mutation,-E47,2,0.2
B_k9_2od_x1.2,mutation,-E50,2,0.2
B_k9_2od_x1.2,mutation,-E9,2,0.2
B_k9_2od_x1.2,mutation,E27,2,0.2
B_k9_2od_x1.2,mutation,E32,2,0.2
B_k9_2od_x1.2,mutation,E38,2,0.2
B_k9_2od_x1.2,mutation,E49,2,0.2
B_k9_2od_x1.2,mutation,E53,2,0.2
B_k9_2od_x1.2,mutation,E58,2,0.2
B_k9_2od_x1.2,mutation,E8,2,0.2
B_k9_2od_x1.2,mutation,-E16,1,0.1
B_k9_2od_x1.2,mutation,-E20,1,0.1
B_k9_2od_x1.2,mutation,-E22,1,0.1
B_k9_2od_x1.2,mutation,-E25,1,0.1
B_k9_2od_x1.2,mutation,-E38,1,0.1
B_k9_2od_x1.2,mutation,-E44,1,0.1
B_k9_2od_x1.2,mutation,E11,1,0.1
B_k9_2od_x1.2,mutation,E12,1,0.1
B_k9_2od_x1.2,mutation,E17,1,0.1
B_k9_2od_x1.2,mutation,E22,1,0.1
B_k9_2od_x1.2,mutation,E23,1,0.1
B_k9_2od_x1.2,mutation,E29,1,0.1
B_k9_2od_x1.2,mutation,E43,1,0.1
B_k9_2od_x1.2,mutation,E45,1,0.1
B_k9_2od_x1.2,mutation,E47,1,0.1
B_k9_2od_x1.2,mutation,E57,1,0.1
B_k9_2od_x1.2,none,-E64,4,0.4
B_k9_2od_x1.2,none,E58,4,0.4
B_k9_2od_x1.2,none,-E21,3,0.3
B_k9_2od_x1.2,none,-E47,3,0.3
B_k9_2od_x1.2,none,-E52,3,0.3
B_k9_2od_x1.2,none,E10,3,0.3
B_k9_2od_x1.2,none,E38,3,0.3
B_k9_2od_x1.2,none,E45,3,0.3
B_k9_2od_x1.2,none,E52,3,0.3
B_k9_2od_x1.2,none,E8,3,0.3
B_k9_2od_x1.2,none,-E14,2,0.2
B_k9_2od_x1.2,none,-E29,2,0.2
B_k9_2od_x1.2,none,-E40,2,0.2
B_k9_2od_x1.2,none,-E50,2,0.2
B_k9_2od_x1.2,none,-E58,2,0.2
B_k9_2od_x1.2,none,E14,2,0.2
B_k9_2od_x1.2,none,E16,2,0.2
B_k9_2od_x1.2,none,E24,2,0.2
B_k9_2od_x1.2,none,E40,2,0.2
B_k9_2od_x1.2,none,E49,2,0.2
B_k9_2od_x1.2,none,E57,2,0.2
B_k9_2od_x1.2,none,-E11,1,0.1
B_k9_2od_x1.2,none,-E12,1,0.1
B_k9_2od_x1.2,none,-E13,1,0.1
B_k9_2od_x1.2,none,-E16,1,0.1
B_k9_2od_x1.2,none,-E19,1,0.1
B_k9_2od_x1.2,none,-E23,1,0.1
B_k9_2od_x1.2,none,-E26,1,0.1
B_k9_2od_x1.2,none,-E30,1,0.1
B_k9_2od_x1.2,none,-E31,1,0.1
B_k9_2od_x1.2,none,-E32,1,0.1
B_k9_2od_x1.2,none,-E43,1,0.1
B_k9_2od_x1.2,none,-E44,1,0.1
B_k9_2od_x1.2,none,-E46,1,0.1
B_k9_2od_x1.2,none,-E6,1,0.1
B_k9_2od_x1.2,none,-E7,1,0.1
B_k9_2od_x1.2,none,-E9,1,0.1
B_k9_2od_x1.2,none,E15,1,0.1
B_k9_2od_x1.2,none,E23,1,0.1
B_k9_2od_x1.2,none,E25,1,0.1
B_k9_2od_x1.2,none,E26,1,0.1
B_k9_2od_x1.2,none,E27,1,0.1
B_k9_2od_x1.2,none,E28,1,0.1
B_k9_2od_x1.2,none,E29,1,0.1
B_k9_2od_x1.2,none,E31,1,0.1
B_k9_2od_x1.2,none,E33,1,0.1
B_k9_2od_x1.2,none,E34,1,0.1
B_k9_2od_x1.2,none,E39,1,0.1
B_k9_2od_x1.2,none,E43,1,0.1
B_k9_2od_x1.2,none,E46,1,0.1
B_k9_2od_x1.2,none,E47,1,0.1
B_k9_2od_x1.2,none,E50,1,0.1
B_k9_2od_x1.2,none,E53,1,0.1
B_k9_2od_x1.2,none,E59,1,0.1
B_k9_2od_x1.2,none,E62,1,0.1
B_k9_2od_x1.2,none,E64,1,0.1
B_k9_2od_x1.2,none,E9,1,0.1
B_k9_3od_x0.8,both,E6,8,0.8
B_k9_3od_x0.8,both,E10,6,0.6
B_k9_3od_x0.8,both,-E28,5,0.5
B_k9_3od_x0.8,both,E17,5,0.5
B_k9_3od_x0.8,both,-E27,4,0.4
B_k9_3od_x0.8,both,-E11,3,0.3
B_k9_3od_x0.8,both,-E12,3,0.3
B_k9_3od_x0.8,both,-E46,3,0.3
B_k9_3od_x0.8,both,-E52,3,0.3
B_k9_3od_x0.8,both,-E8,3,0.3
B_k9_3od_x0.8,both,E30,3,0.3
B_k9_3od_x0.8,both,-E13,2,0.2
B_k9_3od_x0.8,both,-E14,2,0.2
B_k9_3od_x0.8,both,-E39,2,0.2
B_k9_3od_x0.8,both,-E43,2,0.2
B_k9_3od_x0.8,both,-E44,2,0.2
B_k9_3od_x0.8,both,-E6,2,0.2
B_k9_3od_x0.8,both,E22,2,0.2
B_k9_3od_x0.8,both,E63,2,0.2
B_k9_3od_x0.8,both,E8,2,0.2
B_k9_3od_x0.8,both,-E15,1,0.1
B_k9_3od_x0.8,both,-E17,1,0.1
B_k9_3od_x0.8,both,-E19,1,0.1
B_k9_3od_x0.8,both,-E20,1,0.1
B_k9_3od_x0.8,both,-E23,1,0.1
B_k9_3od_x0.8,both,-E47,1,0.1
B_k9_3od_x0.8,both,-E58,1,0.1
B_k9_3od_x0.8,both,-E7,1,0.1
B_k9_3od_x0.8,both,E21,1,0.1
B_k9_3od_x0.8,both,E23,1,0.1
B_k9_3od_x0.8,both,E24,1,0.1
B_k9_3od_x0.8,both,E25,1,0.1
B_k9_3od_x0.8,both,E26,1,0.1
B_k9_3od_x0.8,both,E27,1,0.1
B_k9_3od_x0.8,both,E33,1,0.1
B_k9_3od_x0.8,both,E34,1,0.1
B_k9_3od_x0.8,both,E39,1,0.1
B_k9_3od_x0.8,both,E41,1,0.1
B_k9_3od_x0.8,both,E47,1,0.1
B_k9_3od_x0.8,both,E52,1,0.1
B_k9_3od_x0.8,both,E56,1,0.1
B_k9_3od_x0.8,both,E57,1,0.1
B_k9_3od_x0.8,init,E6,6,0.6
B_k9_3od_x0.8,init,-E28,5,0.5
B_k9_3od_x0.8,init,E10,5,0.5
B_k9_3od_x0.8,init,E52,5,0.5
B_k9_3od_x0.8,init,E8,4,0.4
B_k9_3od_x0.8,init,-E30,3,0.3
B_k9_3od_x0.8,init,E22,3,0.3
B_k9_3od_x0.8,init,E43,3,0.3
B_k9_3od_x0.8,init,-E14,2,0.2
B_k9_3od_x0.8,init,-E50,2,0.2
B_k9_3od_x0.8,init,-E9,2,0.2
B_k9_3od_x0.8,init,E14,2,0.2
B_k9_3od_x0.8,init,E24,2,0.2
B_k9_3od_x0.8,init,E31,2,0.2
B_k9_3od_x0.8,init,E46,2,0.2
B_k9_3od_x0.8,init,E51,2,0.2
B_k9_3od_x0.8,init,E62,2,0.2
B_k9_3od_x0.8,init,E7,2,0.2
B_k9_3od_x0.8,init,-E11,1,0.1
B_k9_3od_x0.8,init,-E15,1,0.1
B_k9_3od_x0.8,init,-E17,1,0.1
B_k9_3od_x0.8,init,-E19,1,0.1
B_k9_3od_x0.8,init,-E22,1,0.1
B_k9_3od_x0.8,init,-E35,1,0.1
B_k9_3od_x0.8,init,-E38,1,0.1
B_k9_3od_x0.8,init,-E39,1,0.1
B_k9_3od_x0.8,init,-E40,1,0.1
B_k9_3od_x0.8,init,-E45,1,0.1
B_k9_3od_x0.8,init,-E46,1,0.1
B_k9_3od_x0.8,init,-E47,1,0.1
B_k9_3od_x0.8,init,-E52,1,0.1
B_k9_3od_x0.8,init,-E53,1,0.1
B_k9_3od_x0.8,init,-E58,1,0.1
B_k9_3od_x0.8,init,-E6,1,0.1
B_k9_3od_x0.8,init,-E64,1,0.1
B_k9_3od_x0.8,init,-E7,1,0.1
B_k9_3od_x0.8,init,-E8,1,0.1
B_k9_3od_x0.8,init,E11,1,0.1
B_k9_3od_x0.8,init,E110,1,0.1
B_k9_3od_x0.8,init,E13,1,0.1
B_k9_3od_x0.8,init,E15,1,0.1
B_k9_3od_x0.8,init,E17,1,0.1
B_k9_3od_x0.8,init,E19,1,0.1
B_k9_3od_x0.8,init,E21,1,0.1
B_k9_3od_x0.8,init,E23,1,0.1
B_k9_3od_x0.8,init,E27,1,0.1
B_k9_3od_x0.8,init,E28,1,0.1
B_k9_3od_x0.8,init,E30,1,0.1
B_k9_3od_x0.8,init,E33,1,0.1
B_k9_3od_x0.8,init,E34,1,0.1
B_k9_3od_x0.8,init,E40,1,0.1
B_k9_3od_x0.8,init,E41,1,0.1
B_k9_3od_x0.8,init,E49,1,0.1
B_k9_3od_x0.8,init,E9,1,0.1
B_k9_3od_x0.8,mutation,-E28,5,0.5
B_k9_3od_x0.8,mutation,E10,5,0.5
B_k9_3od_x0.8,mutation,E17,5,0.5
B_k9_3od_x0.8,mutation,E6,5,0.5
B_k9_3od_x0.8,mutation,E8,5,0.5
B_k9_3od_x0.8,mutation,-E11,4,0.4
B_k9_3od_x0.8,mutation,E52,4,0.4
B_k9_3od_x0.8,mutation,-E27,3,0.3
B_k9_3od_x0.8,mutation,-E52,3,0.3
B_k9_3od_x0.8,mutation,E31,3,0.3
B_k9_3od_x0.8,mutation,-E17,2,0.2
B_k9_3od_x0.8,mutation,-E46,2,0.2
B_k9_3od_x0.8,mutation,-E53,2,0.2
B_k9_3od_x0.8,mutation,-E64,2,0.2
B_k9_3od_x0.8,mutation,-E7,2,0.2
B_k9_3od_x0.8,mutation,E110,2,0.2
B_k9_3od_x0.8,mutation,E13,2,0.2
B_k9_3od_x0.8,mutation,E22,2,0.2
B_k9_3od_x0.8,mutation,E24,2,0.2
B_k9_3od_x0.8,mutation,E25,2,0.2
B_k9_3od_x0.8,mutation,E40,2,0.2
B_k9_3od_x0.8,mutation,-E12,1,0.1
B_k9_3od_x0.8,mutation,-E13,1,0.1
B_k9_3od_x0.8,mutation,-E14,1,0.1
B_k9_3od_x0.8,mutation,-E15,1,0.1
B_k9_3od_x0.8,mutation,-E29,1,0.1
B_k9_3od_x0.8,mutation,-E30,1,0.1
B_k9_3od_x0.8,mutation,-E31,1,0.1
B_k9_3od_x0.8,mutation,-E32,1,0.1
B_k9_3od_x0.8,mutation,-E39,1,0.1
B_k9_3od_x0.8,mutation,-E51,1,0.1
B_k9_3od_x0.8,mutation,-E9,1,0.1
B_k9_3od_x0.8,mutation,E15,1,0.1
B_k9_3od_x0.8,mutation,E16,1,0.1
B_k9_3od_x0.8,mutation,E23,1,0.1
B_k9_3od_x0.8,mutation,E27,1,0.1
B_k9_3od_x0.8,mutation,E28,1,0.1
B_k9_3od_x0.8,mutation,E29,1,0.1
B_k9_3od_x0.8,mutation,E30,1,0.1
B_k9_3od_x0.8,mutation,E43,1,0.1
B_k9_3od_x0.8,mutation,E45,1,0.1
B_k9_3od_x0.8,mutation,E46,1,0.1
B_k9_3od_x0.8,mutation,E50,1,0.1
B_k9_3od_x0.8,mutation,E51,1,0.1
B_k9_3od_x0.8,mutation,E56,1,0.1
B_k9_3od_x0.8,mutation,E59,1,0.1
B_k9_3od_x0.8,mutation,E9,1,0.1
B_k9_3od_x0.8,none,E6,7,0.7
B_k9_3od_x0.8,none,E10,4,0.4
B_k9_3od_x0.8,none,E31,4,0.4
B_k9_3od_x0.8,none,-E19,3,0.3
B_k9_3od_x0.8,none,-E26,3,0.3
B_k9_3od_x0.8,none,E53,3,0.3
B_k9_3od_x0.8,none,E8,3,0.3
B_k9_3od_x0.8,none,-E30,2,0.2
B_k9_3od_x0.8,none,-E40,2,0.2
B_k9_3od_x0.8,none,-E47,2,0.2
B_k9_3od_x0.8,none,-E51,2,0.2
B_k9_3od_x0.8,none,-E53,2,0.2
B_k9_3od_x0.8,none,E13,2,0.2
B_k9_3od_x0.8,none,E21,2,0.2
B_k9_3od_x0.8,none,E22,2,0.2
B_k9_3od_x0.8,none,E23,2,0.2
B_k9_3od_x0.8,none,E24,2,0.2
B_k9_3od_x0.8,none,E27,2,0.2
B_k9_3od_x0.8,none,E30,2,0.2
B_k9_3od_x0.8,none,E32,2,0.2
B_k9_3od_x0.8,none,E34,2,0.2
B_k9_3od_x0.8,none,E52,2,0.2
B_k9_3od_x0.8,none,E57,2,0.2
B_k9_3od_x0.8,none,-E11,1,0.1
B_k9_3od_x0.8,none,-E12,1,0.1
B_k9_3od_x0.8,none,-E14,1,0.1
B_k9_3od_x0.8,none,-E16,1,0.1
B_k9_3od_x0.8,none,-E17,1,0.1
B_k9_3od_x0.8,none,-E21,1,0.1
B_k9_3od_x0.8,none,-E22,1,0.1
B_k9_3od_x0.8,none,-E28,1,0.1
B_k9_3od_x0.8,none,-E29,1,0.1
B_k9_3od_x0.8,none,-E32,1,0.1
B_k9_3od_x0.8,none,-E35,1,0.1
B_k9_3od_x0.8,none,-E38,1,0.1
B_k9_3od_x0.8,none,-E43,1,0.1
B_k9_3od_x0.8,none,-E46,1,0.1
B_k9_3od_x0.8,none,-E50,1,0.1
B_k9_3od_x0.8,none,-E52,1,0.1
B_k9_3od_x0.8,none,-E58,1,0.1
B_k9_3od_x0.8,none,-E7,1,0.1
B_k9_3od_x0.8,none,-E8,1,0.1
B_k9_3od_x0.8,none,E110,1,0.1
B_k9_3od_x0.8,none,E19,1,0.1
B_k9_3od_x0.8,none,E33,1,0.1
B_k9_3od_x0.8,none,E43,1,0.1
B_k9_3od_x0.8,none,E45,1,0.1
B_k9_3od_x0.8,none,E47,1,0.1
B_k9_3od_x0.8,none,E49,1,0.1
B_k9_3od_x0.8,none,E51,1,0.1
B_k9_3od_x0.8,none,E56,1,0.1
B_k9_3od_x0.8,none,E62,1,0.1
B_k9_3od_x0.8,none,E64,1,0.1
B_k9_3od_x0.8,none,E9,1,0.1
B_k9_3od_x1.0,both,E40,9,0.9
B_k9_3od_x1.0,both,E7,8,0.8
B_k9_3od_x1.0,both,-E58,6,0.6
B_k9_3od_x1.0,both,E9,6,0.6
B_k9_3od_x1.0,both,-E35,3,0.3
B_k9_3od_x1.0,both,-E64,3,0.3
B_k9_3od_x1.0,both,E25,3,0.3
B_k9_3od_x1.0,both,E28,3,0.3
B_k9_3od_x1.0,both,E64,3,0.3
B_k9_3od_x1.0,both,-E19,2,0.2
B_k9_3od_x1.0,both,-E20,2,0.2
B_k9_3od_x1.0,both,-E27,2,0.2
B_k9_3od_x1.0,both,-E30,2,0.2
B_k9_3od_x1.0,both,-E38,2,0.2
B_k9_3od_x1.0,both,-E40,2,0.2
B_k9_3od_x1.0,both,-E50,2,0.2
B_k9_3od_x1.0,both,E11,2,0.2
B_k9_3od_x1.0,both,E15,2,0.2
B_k9_3od_x1.0,both,E23,2,0.2
B_k9_3od_x1.0,both,E29,2,0.2
B_k9_3od_x1.0,both,E31,2,0.2
B_k9_3od_x1.0,both,E51,2,0.2
B_k9_3od_x1.0,both,-E12,1,0.1
B_k9_3od_x1.0,both,-E13,1,0.1
B_k9_3od_x1.0,both,-E17,1,0.1
B_k9_3od_x1.0,both,-E21,1,0.1
B_k9_3od_x1.0,both,-E26,1,0.1
B_k9_3od_x1.0,both,-E29,1,0.1
B_k9_3od_x1.0,both,-E44,1,0.1
B_k9_3od_x1.0,both,-E46,1,0.1
B_k9_3od_x1.0,both,E24,1,0.1
B_k9_3od_x1.0,both,E30,1,0.1
B_k9_3od_x1.0,both,E34,1,0.1
B_k9_3od_x1.0,both,E39,1,0.1
B_k9_3od_x1.0,both,E43,1,0.1
B_k9_3od_x1.0,both,E45,1,0.1
B_k9_3od_x1.0,both,E49,1,0.1
B_k9_3od_x1.0,both,E50,1,0.1
B_k9_3od_x1.0,both,E53,1,0.1
B_k9_3od_x1.0,both,E56,1,0.1
B_k9_3od_x1.0,both,E57,1,0.1
B_k9_3od_x1.0,both,E63,1,0.1
B_k9_3od_x1.0,init,E40,7,0.7
B_k9_3od_x1.0,init,-E21,4,0.4
B_k9_3od_x1.0,init,-E58,4,0.4
B_k9_3od_x1.0,init,E43,4,0.4
B_k9_3od_x1.0,init,E7,4,0.4
B_k9_3od_x1.0,init,E9,4,0.4
B_k9_3od_x1.0,init,-E9,3,0.3
B_k9_3od_x1.0,init,E29,3,0.3
B_k9_3od_x1.0,init,E59,3,0.3
B_k9_3od_x1.0,init,E8,3,0.3
B_k9_3od_x1.0,init,-E11,2,0.2
B_k9_3od_x1.0,init,-E38,2,0.2
B_k9_3od_x1.0,init,-E47,2,0.2
B_k9_3od_x1.0,init,-E51,2,0.2
B_k9_3od_x1.0,init,-E64,2,0.2
B_k9_3od_x1.0,init,E23,2,0.2
B_k9_3od_x1.0,init,E31,2,0.2
B_k9_3od_x1.0,init,E41,2,0.2
B_k9_3od_x1.0,init,E47,2,0.2
B_k9_3od_x1.0,init,E51,2,0.2
B_k9_3od_x1.0,init,E53,2,0.2
B_k9_3od_x1.0,init,E56,2,0.2
B_k9_3od_x1.0,init,-E12,1,0.1
B_k9_3od_x1.0,init,-E16,1,0.1
B_k9_3od_x1.0,init,-E26,1,0.1
B_k9_3od_x1.0,init,-E30,1,0.1
B_k9_3od_x1.0,init,-E31,1,0.1
B_k9_3od_x1.0,init,-E39,1,0.1
B_k9_3od_x1.0,init,-E40,1,0.1
B_k9_3od_x1.0,init,-E44,1,0.1
B_k9_3od_x1.0,init,-E46,1,0.1
B_k9_3od_x1.0,init,-E52,1,0.1
B_k9_3od_x1.0,init,-E53,1,0.1
B_k9_3od_x1.0,init,-E6,1,0.1
B_k9_3od_x1.0,init,-E8,1,0.1
B_k9_3od_x1.0,init,E110,1,0.1
B_k9_3od_x1.0,init,E13,1,0.1
B_k9_3od_x1.0,init,E14,1,0.1
B_k9_3od_x1.0,init,E15,1,0.1
B_k9_3od_x1.0,init,E17,1,0.1
B_k9_3od_x1.0,init,E19,1,0.1
B_k9_3od_x1.0,init,E24,1,0.1
B_k9_3od_x1.0,init,E30,1,0.1
B_k9_3od_x1.0,init,E39,1,0.1
B_k9_3od_x1.0,init,E49,1,0.1
B_k9_3od_x1.0,init,E50,1,0.1
B_k9_3od_x1.0,init,E58,1,0.1
B_k9_3od_x1.0,init,E63,1,0.1
B_k9_3od_x1.0,init,E64,1,0.1
B_k9_3od_x1.0,mutation,E40,9,0.9
B_k9_3od_x1.0,mutation,E7,7,0.7
B_k9_3od_x1.0,mutation,-E58,6,0.6
B_k9_3od_x1.0,mutation,E9,5,0.5
B_k9_3od_x1.0,mutation,-E43,3,0.3
B_k9_3od_x1.0,mutation,-E46,3,0.3
B_k9_3od_x1.0,mutation,-E64,3,0.3
B_k9_3od_x1.0,mutation,E47,3,0.3
B_k9_3od_x1.0,mutation,E63,3,0.3
B_k9_3od_x1.0,mutation,-E27,2,0.2
B_k9_3od_x1.0,mutation,-E7,2,0.2
B_k9_3od_x1.0,mutation,-E9,2,0.2
B_k9_3od_x1.0,mutation,E13,2,0.2
B_k9_3od_x1.0,mutation,E28,2,0.2
B_k9_3od_x1.0,mutation,E33,2,0.2
B_k9_3od_x1.0,mutation,E53,2,0.2
B_k9_3od_x1.0,mutation,E64,2,0.2
B_k9_3od_x1.0,mutation,-E11,1,0.1
B_k9_3od_x1.0,mutation,-E12,1,0.1
B_k9_3od_x1.0,mutation,-E16,1,0.1
B_k9_3od_x1.0,mutation,-E17,1,0.1
B_k9_3od_x1.0,mutation,-E20,1,0.1
B_k9_3od_x1.0,mutation,-E21,1,0.1
B_k9_3od_x1.0,mutation,-E26,1,0.1
B_k9_3od_x1.0,mutation,-E32,1,0.1
B_k9_3od_x1.0,mutation,-E38,1,0.1
B_k9_3od_x1.0,mutation,-E39,1,0.1
B_k9_3od_x1.0,mutation,-E40,1,0.1
B_k9_3od_x1.0,mutation,-E44,1,0.1
B_k9_3od_x1.0,mutation,-E45,1,0.1
B_k9_3od_x1.0,mutation,-E51,1,0.1
B_k9_3od_x1.0,mutation,-E52,1,0.1
B_k9_3od_x1.0,mutation,E11,1,0.1
B_k9_3od_x1.0,mutation,E15,1,0.1
B_k9_3od_x1.0,mutation,E22,1,0.1
B_k9_3od_x1.0,mutation,E25,1,0.1
B_k9_3od_x1.0,mutation,E26,1,0.1
B_k9_3od_x1.0,mutation,E27,1,0.1
B_k9_3od_x1.0,mutation,E29,1,0.1
B_k9_3od_x1.0,mutation,E30,1,0.1
B_k9_3od_x1.0,mutation,E31,1,0.1
B_k9_3od_x1.0,mutation,E34,1,0.1
B_k9_3od_x1.0,mutation,E41,1,0.1
B_k9_3od_x1.0,mutation,E43,1,0.1
B_k9_3od_x1.0,mutation,E49,1,0.1
B_k9_3od_x1.0,mutation,E52,1,0.1
B_k9_3od_x1.0,mutation,E58,1,0.1
B_k9_3od_x1.0,mutation,E59,1,0.1
B_k9_3od_x1.0,mutation,E8,1,0.1
B_k9_3od_x1.0,none,E40,6,0.6
B_k9_3od_x1.0,none,E9,5,0.5
B_k9_3od_x1.0,none,-E14,4,0.4
B_k9_3od_x1.0,none,E7,4,0.4
B_k9_3od_x1.0,none,-E29,3,0.3
B_k9_3od_x1.0,none,-E35,3,0.3
B_k9_3od_x1.0,none,-E8,3,0.3
B_k9_3od_x1.0,none,E21,3,0.3
B_k9_3od_x1.0,none,-E13,2,0.2
B_k9_3od_x1.0,none,-E20,2,0.2
B_k9_3od_x1.0,none,-E27,2,0.2
B_k9_3od_x1.0,none,-E38,2,0.2
B_k9_3od_x1.0,none,-E46,2,0.2
B_k9_3od_x1.0,none,-E50,2,0.2
B_k9_3od_x1.0,none,-E53,2,0.2
B_k9_3od_x1.0,none,-E7,2,0.2
B_k9_3od_x1.0,none,E13,2,0.2
B_k9_3od_x1.0,none,E23,2,0.2
B_k9_3od_x1.0,none,E24,2,0.2
B_k9_3od_x1.0,none,E27,2,0.2
B_k9_3od_x1.0,none,E30,2,0.2
B_k9_3od_x1.0,none,E39,2,0.2
B_k9_3od_x1.0,none,E46,2,0.2
B_k9_3od_x1.0,none,-E11,1,0.1
B_k9_3od_x1.0,none,-E12,1,0.1
B_k9_3od_x1.0,none,-E22,1,0.1
B_k9_3od_x1.0,none,-E25,1,0.1
B_k9_3od_x1.0,none,-E26,1,0.1
B_k9_3od_x1.0,none,-E31,1,0.1
B_k9_3od_x1.0,none,-E32,1,0.1
B_k9_3od_x1.0,none,-E43,1,0.1
B_k9_3od_x1.0,none,-E44,1,0.1
B_k9_3od_x1.0,none,-E58,1,0.1
B_k9_3od_x1.0,none,-E9,1,0.1
B_k9_3od_x1.0,none,E16,1,0.1
B_k9_3od_x1.0,none,E17,1,0.1
B_k9_3od_x1.0,none,E19,1,0.1
B_k9_3od_x1.0,none,E25,1,0.1
B_k9_3od_x1.0,none,E28,1,0.1
B_k9_3od_x1.0,none,E31,1,0.1
B_k9_3od_x1.0,none,E32,1,0.1
B_k9_3od_x1.0,none,E49,1,0.1
B_k9_3od_x1.0,none,E50,1,0.1
B_k9_3od_x1.0,none,E51,1,0.1
B_k9_3od_x1.0,none,E56,1,0.1
B_k9_3od_x1.0,none,E57,1,0.1
B_k9_3od_x1.0,none,E62,1,0.1
B_k9_3od_x1.0,none,E64,1,0.1
B_k9_3od_x1.0,none,E8,1,0.1
B_k9_3od_x1.2,both,-E14,4,0.4
B_k9_3od_x1.2,both,-E20,4,0.4
B_k9_3od_x1.2,both,-E7,4,0.4
B_k9_3od_x1.2,both,-E9,4,0.4
B_k9_3od_x1.2,both,E16,4,0.4
B_k9_3od_x1.2,both,-E11,3,0.3
B_k9_3od_x1.2,both,-E17,3,0.3
B_k9_3od_x1.2,both,-E27,3,0.3
B_k9_3od_x1.2,both,-E29,3,0.3
B_k9_3od_x1.2,both,-E50,3,0.3
B_k9_3od_x1.2,both,E24,3,0.3
B_k9_3od_x1.2,both,E27,3,0.3
B_k9_3od_x1.2,both,E28,3,0.3
B_k9_3od_x1.2,both,-E21,2,0.2
B_k9_3od_x1.2,both,-E38,2,0.2
B_k9_3od_x1.2,both,-E40,2,0.2
B_k9_3od_x1.2,both,-E47,2,0.2
B_k9_3od_x1.2,both,-E52,2,0.2
B_k9_3od_x1.2,both,E110,2,0.2
B_k9_3od_x1.2,both,E22,2,0.2
B_k9_3od_x1.2,both,E31,2,0.2
B_k9_3od_x1.2,both,E39,2,0.2
B_k9_3od_x1.2,both,E46,2,0.2
B_k9_3od_x1.2,both,E49,2,0.2
B_k9_3od_x1.2,both,E56,2,0.2
B_k9_3od_x1.2,both,E63,2,0.2
B_k9_3od_x1.2,both,-E13,1,0.1
B_k9_3od_x1.2,both,-E15,1,0.1
B_k9_3od_x1.2,both,-E19,1,0.1
B_k9_3od_x1.2,both,-E22,1,0.1
B_k9_3od_x1.2,both,-E31,1,0.1
B_k9_3od_x1.2,both,-E44,1,0.1
B_k9_3od_x1.2,both,-E46,1,0.1
B_k9_3od_x1.2,both,-E53,1,0.1
B_k9_3od_x1.2,both,-E6,1,0.1
B_k9_3od_x1.2,both,-E64,1,0.1
B_k9_3od_x1.2,both,-E8,1,0.1
B_k9_3od_x1.2,both,E13,1,0.1
B_k9_3od_x1.2,both,E19,1,0.1
B_k9_3od_x1.2,both,E33,1,0.1
B_k9_3od_x1.2,both,E43,1,0.1
B_k9_3od_x1.2,both,E45,1,0.1
B_k9_3od_x1.2,both,E47,1,0.1
B_k9_3od_x1.2,both,E52,1,0.1
B_k9_3od_x1.2,both,E57,1,0.1
B_k9_3od_x1.2,both,E58,1,0.1
B_k9_3od_x1.2,init,-E15,4,0.4
B_k9_3od_x1.2,init,-E46,3,0.3
B_k9_3od_x1.2,init,-E9,3,0.3
B_k9_3od_x1.2,init,E16,3,0.3
B_k9_3od_x1.2,init,E40,3,0.3
B_k9_3od_x1.2,init,-E11,2,0.2
B_k9_3od_x1.2,init,-E17,2,0.2
B_k9_3od_x1.2,init,-E26,2,0.2
B_k9_3od_x1.2,init,-E29,2,0.2
B_k9_3od_x1.2,init,-E30,2,0.2
B_k9_3od_x1.2,init,-E35,2,0.2
B_k9_3od_x1.2,init,-E38,2,0.2
B_k9_3od_x1.2,init,-E39,2,0.2
B_k9_3od_x1.2,init,-E44,2,0.2
B_k9_3od_x1.2,init,-E52,2,0.2
B_k9_3od_x1.2,init,-E53,2,0.2
B_k9_3od_x1.2,init,-E7,2,0.2
B_k9_3od_x1.2,init,-E8,2,0.2
B_k9_3od_x1.2,init,E15,2,0.2
B_k9_3od_x1.2,init,E24,2,0.2
B_k9_3od_x1.2,init,E25,2,0.2
B_k9_3od_x1.2,init,E27,2,0.2
B_k9_3od_x1.2,init,E43,2,0.2
B_k9_3od_x1.2,init,E47,2,0.2
B_k9_3od_x1.2,init,E52,2,0.2
B_k9_3od_x1.2,init,E63,2,0.2
B_k9_3od_x1.2,init,-E12,1,0.1
B_k9_3od_x1.2,init,-E14,1,0.1
B_k9_3od_x1.2,init,-E19,1,0.1
B_k9_3od_x1.2,init,-E20,1,0.1
B_k9_3od_x1.2,init,-E21,1,0.1
B_k9_3od_x1.2,init,-E22,1,0.1
B_k9_3od_x1.2,init,-E23,1,0.1
B_k9_3od_x1.2,init,-E27,1,0.1
B_k9_3od_x1.2,init,-E28,1,0.1
B_k9_3od_x1.2,init,-E32,1,0.1
B_k9_3od_x1.2,init,-E40,1,0.1
B_k9_3od_x1.2,init,-E43,1,0.1
B_k9_3od_x1.2,init,-E58,1,0.1
B_k9_3od_x1.2,init,E10,1,0.1
B_k9_3od_x1.2,init,E11,1,0.1
B_k9_3od_x1.2,init,E110,1,0.1
B_k9_3od_x1.2,init,E17,1,0.1
B_k9_3od_x1.2,init,E19,1,0.1
B_k9_3od_x1.2,init,E26,1,0.1
B_k9_3od_x1.2,init,E28,1,0.1
B_k9_3od_x1.2,init,E29,1,0.1
B_k9_3od_x1.2,init,E33,1,0.1
B_k9_3od_x1.2,init,E39,1,0.1
B_k9_3od_x1.2,init,E41,1,0.1
B_k9_3od_x1.2,init,E45,1,0.1
B_k9_3od_x1.2,init,E49,1,0.1
B_k9_3od_x1.2,init,E53,1,0.1
B_k9_3od_x1.2,init,E56,1,0.1
B_k9_3od_x1.2,init,E59,1,0.1
B_k9_3od_x1.2,init,E6,1,0.1
B_k9_3od_x1.2,init,E62,1,0.1
B_k9_3od_x1.2,init,E7,1,0.1
B_k9_3od_x1.2,mutation,E49,6,0.6
B_k9_3od_x1.2,mutation,-E11,4,0.4
B_k9_3od_x1.2,mutation,-E9,4,0.4
B_k9_3od_x1.2,mutation,-E14,3,0.3
B_k9_3od_x1.2,mutation,-E17,3,0.3
B_k9_3od_x1.2,mutation,-E30,3,0.3
B_k9_3od_x1.2,mutation,E30,3,0.3
B_k9_3od_x1.2,mutation,-E13,2,0.2
B_k9_3od_x1.2,mutation,-E19,2,0.2
B_k9_3od_x1.2,mutation,-E40,2,0.2
B_k9_3od_x1.2,mutation,-E43,2,0.2
B_k9_3od_x1.2,mutation,-E47,2,0.2
B_k9_3od_x1.2,mutation,-E51,2,0.2
B_k9_3od_x1.2,mutation,-E52,2,0.2
B_k9_3od_x1.2,mutation,-E58,2,0.2
B_k9_3od_x1.2,mutation,-E64,2,0.2
B_k9_3od_x1.2,mutation,-E7,2,0.2
B_k9_3od_x1.2,mutation,E11,2,0.2
B_k9_3od_x1.2,mutation,E13,2,0.2
B_k9_3od_x1.2,mutation,E22,2,0.2
B_k9_3od_x1.2,mutation,E28,2,0.2
B_k9_3od_x1.2,mutation,E31,2,0.2
B_k9_3od_x1.2,mutation,E32,2,0.2
B_k9_3od_x1.2,mutation,E33,2,0.2
B_k9_3od_x1.2,mutation,E46,2,0.2
B_k9_3od_x1.2,mutation,E62,2,0.2
B_k9_3od_x1.2,mutation,-E20,1,0.1
B_k9_3od_x1.2,mutation,-E21,1,0.1
B_k9_3od_x1.2,mutation,-E22,1,0.1
B_k9_3od_x1.2,mutation,-E23,1,0.1
B_k9_3od_x1.2,mutation,-E26,1,0.1
B_k9_3od_x1.2,mutation,-E27,1,0.1
B_k9_3od_x1.2,mutation,-E31,1,0.1
B_k9_3od_x1.2,mutation,-E39,1,0.1
B_k9_3od_x1.2,mutation,-E46,1,0.1
B_k9_3od_x1.2,mutation,-E50,1,0.1
B_k9_3od_x1.2,mutation,-E6,1,0.1
B_k9_3od_x1.2,mutation,-E63,1,0.1
B_k9_3od_x1.2,mutation,E110,1,0.1
B_k9_3od_x1.2,mutation,E16,1,0.1
B_k9_3od_x1.2,mutation,E23,1,0.1
B_k9_3od_x1.2,mutation,E24,1,0.1
B_k9_3od_x1.2,mutation,E27,1,0.1
B_k9_3od_x1.2,mutation,E39,1,0.1
B_k9_3od_x1.2,mutation,E40,1,0.1
B_k9_3od_x1.2,mutation,E43,1,0.1
B_k9_3od_x1.2,mutation,E45,1,0.1
B_k9_3od_x1.2,mutation,E50,1,0.1
B_k9_3od_x1.2,mutation,E51,1,0.1
B_k9_3od_x1.2,mutation,E56,1,0.1
B_k9_3od_x1.2,mutation,E58,1,0.1
B_k9_3od_x1.2,mutation,E64,1,0.1
B_k9_3od_x1.2,none,E51,6,0.6
B_k9_3od_x1.2,none,-E11,4,0.4
B_k9_3od_x1.2,none,-E39,4,0.4
B_k9_3od_x1.2,none,-E12,3,0.3
B_k9_3od_x1.2,none,-E32,3,0.3
B_k9_3od_x1.2,none,-E51,3,0.3
B_k9_3od_x1.2,none,-E9,3,0.3
B_k9_3od_x1.2,none,E47,3,0.3
B_k9_3od_x1.2,none,E62,3,0.3
B_k9_3od_x1.2,none,E63,3,0.3
B_k9_3od_x1.2,none,-E16,2,0.2
B_k9_3od_x1.2,none,-E38,2,0.2
B_k9_3od_x1.2,none,-E43,2,0.2
B_k9_3od_x1.2,none,-E47,2,0.2
B_k9_3od_x1.2,none,-E52,2,0.2
B_k9_3od_x1.2,none,-E7,2,0.2
B_k9_3od_x1.2,none,E10,2,0.2
B_k9_3od_x1.2,none,E53,2,0.2
B_k9_3od_x1.2,none,-E13,1,0.1
B_k9_3od_x1.2,none,-E15,1,0.1
B_k9_3od_x1.2,none,-E17,1,0.1
B_k9_3od_x1.2,none,-E19,1,0.1
B_k9_3od_x1.2,none,-E21,1,0.1
B_k9_3od_x1.2,none,-E23,1,0.1
B_k9_3od_x1.2,none,-E26,1,0.1
B_k9_3od_x1.2,none,-E29,1,0.1
B_k9_3od_x1.2,none,-E30,1,0.1
B_k9_3od_x1.2,none,-E31,1,0.1
B_k9_3od_x1.2,none,-E35,1,0.1
B_k9_3od_x1.2,none,-E44,1,0.1
B_k9_3od_x1.2,none,-E45,1,0.1
B_k9_3od_x1.2,none,-E46,1,0.1
B_k9_3od_x1.2,none,-E6,1,0.1
B_k9_3od_x1.2,none,-E63,1,0.1
B_k9_3od_x1.2,none,-E64,1,0.1
B_k9_3od_x1.2,none,E110,1,0.1
B_k9_3od_x1.2,none,E13,1,0.1
B_k9_3od_x1.2,none,E16,1,0.1
B_k9_3od_x1.2,none,E19,1,0.1
B_k9_3od_x1.2,none,E22,1,0.1
B_k9_3od_x1.2,none,E23,1,0.1
B_k9_3od_x1.2,none,E24,1,0.1
B_k9_3od_x1.2,none,E25,1,0.1
B_k9_3od_x1.2,none,E28,1,0.1
B_k9_3od_x1.2,none,E29,1,0.1
B_k9_3od_x1.2,none,E30,1,0.1
B_k9_3od_x1.2,none,E31,1,0.1
B_k9_3od_x1.2,none,E34,1,0.1
B_k9_3od_x1.2,none,E39,1,0.1
B_k9_3od_x1.2,none,E40,1,0.1
B_k9_3od_x1.2,none,E43,1,0.1
B_k9_3od_x1.2,none,E45,1,0.1
B_k9_3od_x1.2,none,E50,1,0.1
B_k9_3od_x1.2,none,E52,1,0.1
B_k9_3od_x1.2,none,E56,1,0.1
B_k9_3od_x1.2,none,E7,1,0.1
B_k9_3od_x1.2,none,E9,1,0.1
C_k9_1od_x0.8,both,E6,10,1.0
C_k9_1od_x0.8,both,-E11,6,0.6
C_k9_1od_x0.8,both,E26,4,0.4
C_k9_1od_x0.8,both,-E16,3,0.3
C_k9_1od_x0.8,both,-E2,3,0.3
C_k9_1od_x0.8,both,-E46,3,0.3
C_k9_1od_x0.8,both,E110,3,0.3
C_k9_1od_x0.8,both,E28,3,0.3
C_k9_1od_x0.8,both,E4,3,0.3
C_k9_1od_x0.8,both,-E31,2,0.2
C_k9_1od_x0.8,both,-E39,2,0.2
C_k9_1od_x0.8,both,-E47,2,0.2
C_k9_1od_x0.8,both,-E64,2,0.2
C_k9_1od_x0.8,both,-E7,2,0.2
C_k9_1od_x0.8,both,E15,2,0.2
C_k9_1od_x0.8,both,E3,2,0.2
C_k9_1od_x0.8,both,E32,2,0.2
C_k9_1od_x0.8,both,E46,2,0.2
C_k9_1od_x0.8,both,E56,2,0.2
C_k9_1od_x0.8,both,E63,2,0.2
C_k9_1od_x0.8,both,-E0,1,0.1
C_k9_1od_x0.8,both,-E1,1,0.1
C_k9_1od_x0.8,both,-E14,1,0.1
C_k9_1od_x0.8,both,-E19,1,0.1
C_k9_1od_x0.8,both,-E27,1,0.1
C_k9_1od_x0.8,both,-E29,1,0.1
C_k9_1od_x0.8,both,-E30,1,0.1
C_k9_1od_x0.8,both,-E4,1,0.1
C_k9_1od_x0.8,both,-E41,1,0.1
C_k9_1od_x0.8,both,-E43,1,0.1
C_k9_1od_x0.8,both,-E45,1,0.1
C_k9_1od_x0.8,both,-E50,1,0.1
C_k9_1od_x0.8,both,-E52,1,0.1
C_k9_1od_x0.8,both,-E63,1,0.1
C_k9_1od_x0.8,both,E0,1,0.1
C_k9_1od_x0.8,both,E1,1,0.1
C_k9_1od_x0.8,both,E12,1,0.1
C_k9_1od_x0.8,both,E2,1,0.1
C_k9_1od_x0.8,both,E20,1,0.1
C_k9_1od_x0.8,both,E25,1,0.1
C_k9_1od_x0.8,both,E27,1,0.1
C_k9_1od_x0.8,both,E30,1,0.1
C_k9_1od_x0.8,both,E31,1,0.1
C_k9_1od_x0.8,both,E33,1,0.1
C_k9_1od_x0.8,both,E40,1,0.1
C_k9_1od_x0.8,both,E47,1,0.1
C_k9_1od_x0.8,both,E51,1,0.1
C_k9_1od_x0.8,both,E64,1,0.1
C_k9_1od_x0.8,both,E7,1,0.1
C_k9_1od_x0.8,both,E9,1,0.1
C_k9_1od_x0.8,init,E6,10,1.0
C_k9_1od_x0.8,init,-E11,6,0.6
C_k9_1od_x0.8,init,-E1,3,0.3
C_k9_1od_x0.8,init,-E2,3,0.3
C_k9_1od_x0.8,init,-E58,3,0.3
C_k9_1od_x0.8,init,E26,3,0.3
C_k9_1od_x0.8,init,E47,3,0.3
C_k9_1od_x0.8,init,E9,3,0.3
C_k9_1od_x0.8,init,-E16,2,0.2
C_k9_1od_x0.8,init,-E39,2,0.2
C_k9_1od_x0.8,init,-E4,2,0.2
C_k9_1od_x0.8,init,-E43,2,0.2
C_k9_1od_x0.8,init,E15,2,0.2
C_k9_1od_x0.8,init,E19,2,0.2
C_k9_1od_x0.8,init,E21,2,0.2
C_k9_1od_x0.8,init,E29,2,0.2
C_k9_1od_x0.8,init,E4,2,0.2
C_k9_1od_x0.8,init,E43,2,0.2
C_k9_1od_x0.8,init,E45,2,0.2
C_k9_1od_x0.8,init,E50,2,0.2
C_k9_1od_x0.8,init,-E12,1,0.1
C_k9_1od_x0.8,init,-E14,1,0.1
C_k9_1od_x0.8,init,-E15,1,0.1
C_k9_1od_x0.8,init,-E19,1,0.1
C_k9_1od_x0.8,init,-E21,1,0.1
C_k9_1od_x0.8,init,-E23,1,0.1
C_k9_1od_x0.8,init,-E26,1,0.1
C_k9_1od_x0.8,init,-E28,1,0.1
C_k9_1od_x0.8,init,-E3,1,0.1
C_k9_1od_x0.8,init,-E32,1,0.1
C_k9_1od_x0.8,init,-E40,1,0.1
C_k9_1od_x0.8,init,-E46,1,0.1
C_k9_1od_x0.8,init,-E51,1,0.1
C_k9_1od_x0.8,init,-E52,1,0.1
C_k9_1od_x0.8,init,-E63,1,0.1
C_k9_1od_x0.8,init,-E64,1,0.1
C_k9_1od_x0.8,init,-E7,1,0.1
C_k9_1od_x0.8,init,-E8,1,0.1
C_k9_1od_x0.8,init,-E9,1,0.1
C_k9_1od_x0.8,init,E0,1,0.1
C_k9_1od_x0.8,init,E1,1,0.1
C_k9_1od_x0.8,init,E11,1,0.1
C_k9_1od_x0.8,init,E12,1,0.1
C_k9_1od_x0.8,init,E14,1,0.1
C_k9_1od_x0.8,init,E16,1,0.1
C_k9_1od_x0.8,init,E20,1,0.1
C_k9_1od_x0.8,init,E23,1,0.1
C_k9_1od_x0.8,init,E27,1,0.1
C_k9_1od_x0.8,init,E28,1,0.1
C_k9_1od_x0.8,init,E32,1,0.1
C_k9_1od_x0.8,init,E33,1,0.1
C_k9_1od_x0.8,init,E51,1,0.1
C_k9_1od_x0.8,mutation,E6,10,1.0
C_k9_1od_x0.8,mutation,-E11,3,0.3
C_k9_1od_x0.8,mutation,-E16,3,0.3
C_k9_1od_x0.8,mutation,-E2,3,0.3
C_k9_1od_x0.8,mutation,-E50,3,0.3
C_k9_1od_x0.8,mutation,-E6,3,0.3
C_k9_1od_x0.8,mutation,E16,3,0.3
C_k9_1od_x0.8,mutation,E26,3,0.3
C_k9_1od_x0.8,mutation,E27,3,0.3
C_k9_1od_x0.8,mutation,E28,3,0.3
C_k9_1od_x0.8,mutation,E9,3,0.3
C_k9_1od_x0.8,mutation,-E12,2,0.2
C_k9_1od_x0.8,mutation,-E19,2,0.2
C_k9_1od_x0.8,mutation,-E29,2,0.2
C_k9_1od_x0.8,mutation,-E38,2,0.2
C_k9_1od_x0.8,mutation,-E39,2,0.2
C_k9_1od_x0.8,mutation,-E41,2,0.2
C_k9_1od_x0.8,mutation,-E43,2,0.2
C_k9_1od_x0.8,mutation,E11,2,0.2
C_k9_1od_x0.8,mutation,E2,2,0.2
C_k9_1od_x0.8,mutation,E30,2,0.2
C_k9_1od_x0.8,mutation,E31,2,0.2
C_k9_1od_x0.8,mutation,E50,2,0.2
C_k9_1od_x0.8,mutation,E63,2,0.2
C_k9_1od_x0.8,mutation,-E15,1,0.1
C_k9_1od_x0.8,mutation,-E17,1,0.1
C_k9_1od_x0.8,mutation,-E20,1,0.1
C_k9_1od_x0.8,mutation,-E21,1,0.1
C_k9_1od_x0.8,mutation,-E3,1,0.1
C_k9_1od_x0.8,mutation,-E30,1,0.1
C_k9_1od_x0.8,mutation,-E35,1,0.1
C_k9_1od_x0.8,mutation,-E4,1,0.1
C_k9_1od_x0.8,mutation,-E52,1,0.1
C_k9_1od_x0.8,mutation,-E63,1,0.1
C_k9_1od_x0.8,mutation,-E8,1,0.1
C_k9_1od_x0.8,mutation,E1,1,0.1
C_k9_1od_x0.8,mutation,E110,1,0.1
C_k9_1od_x0.8,mutation,E17,1,0.1
C_k9_1od_x0.8,mutation,E21,1,0.1
C_k9_1od_x0.8,mutation,E23,1,0.1
C_k9_1od_x0.8,mutation,E29,1,0.1
C_k9_1od_x0.8,mutation,E32,1,0.1
C_k9_1od_x0.8,mutation,E4,1,0.1
C_k9_1od_x0.8,mutation,E51,1,0.1
C_k9_1od_x0.8,mutation,E56,1,0.1
C_k9_1od_x0.8,mutation,E57,1,0.1
C_k9_1od_x0.8,mutation,E64,1,0.1
C_k9_1od_x0.8,mutation,E7,1,0.1
C_k9_1od_x0.8,none,E6,10,1.0
C_k9_1od_x0.8,none,-E4,6,0.6
C_k9_1od_x0.8,none,-E16,4,0.4
C_k9_1od_x0.8,none,-E46,3,0.3
C_k9_1od_x0.8,none,-E63,3,0.3
C_k9_1od_x0.8,none,E4,3,0.3
C_k9_1od_x0.8,none,E40,3,0.3
C_k9_1od_x0.8,none,E9,3,0.3
C_k9_1od_x0.8,none,-E17,2,0.2
C_k9_1od_x0.8,none,-E2,2,0.2
C_k9_1od_x0.8,none,-E27,2,0.2
C_k9_1od_x0.8,none,-E31,2,0.2
C_k9_1od_x0.8,none,-E32,2,0.2
C_k9_1od_x0.8,none,-E39,2,0.2
C_k9_1od_x0.8,none,-E58,2,0.2
C_k9_1od_x0.8,none,E11,2,0.2
C_k9_1od_x0.8,none,E16,2,0.2
C_k9_1od_x0.8,none,E2,2,0.2
C_k9_1od_x0.8,none,E3,2,0.2
C_k9_1od_x0.8,none,E56,2,0.2
C_k9_1od_x0.8,none,-E0,1,0.1
C_k9_1od_x0.8,none,-E14,1,0.1
C_k9_1od_x0.8,none,-E21,1,0.1
C_k9_1od_x0.8,none,-E25,1,0.1
C_k9_1od_x0.8,none,-E28,1,0.1
C_k9_1od_x0.8,none,-E3,1,0.1
C_k9_1od_x0.8,none,-E30,1,0.1
C_k9_1od_x0.8,none,-E35,1,0.1
C_k9_1od_x0.8,none,-E45,1,0.1
C_k9_1od_x0.8,none,-E47,1,0.1
C_k9_1od_x0.8,none,-E51,1,0.1
C_k9_1od_x0.8,none,-E52,1,0.1
C_k9_1od_x0.8,none,-E8,1,0.1
C_k9_1od_x0.8,none,-E9,1,0.1
C_k9_1od_x0.8,none,E0,1,0.1
C_k9_1od_x0.8,none,E110,1,0.1
C_k9_1od_x0.8,none,E12,1,0.1
C_k9_1od_x0.8,none,E14,1,0.1
C_k9_1od_x0.8,none,E19,1,0.1
C_k9_1od_x0.8,none,E21,1,0.1
C_k9_1od_x0.8,none,E26,1,0.1
C_k9_1od_x0.8,none,E28,1,0.1
C_k9_1od_x0.8,none,E32,1,0.1
C_k9_1od_x0.8,none,E33,1,0.1
C_k9_1od_x0.8,none,E38,1,0.1
C_k9_1od_x0.8,none,E41,1,0.1
C_k9_1od_x0.8,none,E43,1,0.1
C_k9_1od_x0.8,none,E49,1,0.1
C_k9_1od_x0.8,none,E51,1,0.1
C_k9_1od_x0.8,none,E53,1,0.1
C_k9_1od_x0.8,none,E7,1,0.1
C_k9_1od_x1.0,both,E6,9,0.9
C_k9_1od_x1.0,both,-E4,5,0.5
C_k9_1od_x1.0,both,-E64,4,0.4
C_k9_1od_x1.0,both,-E9,4,0.4
C_k9_1od_x1.0,both,-E11,3,0.3
C_k9_1od_x1.0,both,-E16,3,0.3
C_k9_1od_x1.0,both,-E19,3,0.3
C_k9_1od_x1.0,both,-E29,2,0.2
C_k9_1od_x1.0,both,-E32,2,0.2
C_k9_1od_x1.0,both,-E52,2,0.2
C_k9_1od_x1.0,both,E11,2,0.2
C_k9_1od_x1.0,both,E14,2,0.2
C_k9_1od_x1.0,both,E27,2,0.2
C_k9_1od_x1.0,both,E33,2,0.2
C_k9_1od_x1.0,both,E4,2,0.2
C_k9_1od_x1.0,both,E45,2,0.2
C_k9_1od_x1.0,both,E47,2,0.2
C_k9_1od_x1.0,both,E9,2,0.2
C_k9_1od_x1.0,both,-E14,1,0.1
C_k9_1od_x1.0,both,-E17,1,0.1
C_k9_1od_x1.0,both,-E2,1,0.1
C_k9_1od_x1.0,both,-E20,1,0.1
C_k9_1od_x1.0,both,-E21,1,0.1
C_k9_1od_x1.0,both,-E26,1,0.1
C_k9_1od_x1.0,both,-E27,1,0.1
C_k9_1od_x1.0,both,-E3,1,0.1
C_k9_1od_x1.0,both,-E30,1,0.1
C_k9_1od_x1.0,both,-E38,1,0.1
C_k9_1od_x1.0,both,-E39,1,0.1
C_k9_1od_x1.0,both,-E41,1,0.1
C_k9_1od_x1.0,both,-E45,1,0.1
C_k9_1od_x1.0,both,-E50,1,0.1
C_k9_1od_x1.0,both,-E51,1,0.1
C_k9_1od_x1.0,both,-E63,1,0.1
C_k9_1od_x1.0,both,-E7,1,0.1
C_k9_1od_x1.0,both,E1,1,0.1
C_k9_1od_x1.0,both,E12,1,0.1
C_k9_1od_x1.0,both,E15,1,0.1
C_k9_1od_x1.0,both,E16,1,0.1
C_k9_1od_x1.0,both,E20,1,0.1
C_k9_1od_x1.0,both,E23,1,0.1
C_k9_1od_x1.0,both,E25,1,0.1
C_k9_1od_x1.0,both,E28,1,0.1
C_k9_1od_x1.0,both,E3,1,0.1
C_k9_1od_x1.0,both,E31,1,0.1
C_k9_1od_x1.0,both,E32,1,0.1
C_k9_1od_x1.0,both,E34,1,0.1
C_k9_1od_x1.0,both,E38,1,0.1
C_k9_1od_x1.0,both,E40,1,0.1
C_k9_1od_x1.0,both,E46,1,0.1
C_k9_1od_x1.0,both,E50,1,0.1
C_k9_1od_x1.0,both,E51,1,0.1
C_k9_1od_x1.0,both,E56,1,0.1
C_k9_1od_x1.0,both,E57,1,0.1
C_k9_1od_x1.0,both,E63,1,0.1
C_k9_1od_x1.0,init,E6,9,0.9
C_k9_1od_x1.0,init,-E4,5,0.5
C_k9_1od_x1.0,init,-E11,4,0.4
C_k9_1od_x1.0,init,E4,4,0.4
C_k9_1od_x1.0,init,-E8,3,0.3
C_k9_1od_x1.0,init,E9,3,0.3
C_k9_1od_x1.0,init,-E2,2,0.2
C_k9_1od_x1.0,init,-E20,2,0.2
C_k9_1od_x1.0,init,-E3,2,0.2
C_k9_1od_x1.0,init,-E30,2,0.2
C_k9_1od_x1.0,init,-E39,2,0.2
C_k9_1od_x1.0,init,-E51,2,0.2
C_k9_1od_x1.0,init,E1,2,0.2
C_k9_1od_x1.0,init,E14,2,0.2
C_k9_1od_x1.0,init,E15,2,0.2
C_k9_1od_x1.0,init,E2,2,0.2
C_k9_1od_x1.0,init,E25,2,0.2
C_k9_1od_x1.0,init,E31,2,0.2
C_k9_1od_x1.0,init,E32,2,0.2
C_k9_1od_x1.0,init,E62,2,0.2
C_k9_1od_x1.0,init,-E0,1,0.1
C_k9_1od_x1.0,init,-E12,1,0.1
C_k9_1od_x1.0,init,-E14,1,0.1
C_k9_1od_x1.0,init,-E15,1,0.1
C_k9_1od_x1.0,init,-E17,1,0.1
C_k9_1od_x1.0,init,-E19,1,0.1
C_k9_1od_x1.0,init,-E23,1,0.1
C_k9_1od_x1.0,init,-E26,1,0.1
C_k9_1od_x1.0,init,-E27,1,0.1
C_k9_1od_x1.0,init,-E35,1,0.1
C_k9_1od_x1.0,init,-E38,1,0.1
C_k9_1od_x1.0,init,-E41,1,0.1
C_k9_1od_x1.0,init,-E46,1,0.1
C_k9_1od_x1.0,init,-E50,1,0.1
C_k9_1od_x1.0,init,-E6,1,0.1
C_k9_1od_x1.0,init,-E63,1,0.1
C_k9_1od_x1.0,init,E0,1,0.1
C_k9_1od_x1.0,init,E16,1,0.1
C_k9_1od_x1.0,init,E19,1,0.1
C_k9_1od_x1.0,init,E21,1,0.1
C_k9_1od_x1.0,init,E26,1,0.1
C_k9_1od_x1.0,init,E27,1,0.1
C_k9_1od_x1.0,init,E28,1,0.1
C_k9_1od_x1.0,init,E29,1,0.1
C_k9_1od_x1.0,init,E33,1,0.1
C_k9_1od_x1.0,init,E34,1,0.1
C_k9_1od_x1.0,init,E40,1,0.1
C_k9_1od_x1.0,init,E45,1,0.1
C_k9_1od_x1.0,init,E49,1,0.1
C_k9_1od_x1.0,init,E50,1,0.1
C_k9_1od_x1.0,init,E51,1,0.1
C_k9_1od_x1.0,init,E56,1,0.1
C_k9_1od_x1.0,init,E63,1,0.1
C_k9_1od_x1.0,init,E64,1,0.1
C_k9_1od_x1.0,mutation,E6,10,1.0
C_k9_1od_x1.0,mutation,-E4,7,0.7
C_k9_1od_x1.0,mutation,E12,3,0.3
C_k9_1od_x1.0,mutation,E4,3,0.3
C_k9_1od_x1.0,mutation,E63,3,0.3
C_k9_1od_x1.0,mutation,E9,3,0.3
C_k9_1od_x1.0,mutation,-E0,2,0.2
C_k9_1od_x1.0,mutation,-E11,2,0.2
C_k9_1od_x1.0,mutation,-E12,2,0.2
C_k9_1od_x1.0,mutation,-E19,2,0.2
C_k9_1od_x1.0,mutation,-E28,2,0.2
C_k9_1od_x1.0,mutation,-E30,2,0.2
C_k9_1od_x1.0,mutation,-E32,2,0.2
C_k9_1od_x1.0,mutation,-E38,2,0.2
C_k9_1od_x1.0,mutation,-E47,2,0.2
C_k9_1od_x1.0,mutation,-E52,2,0.2
C_k9_1od_x1.0,mutation,-E64,2,0.2
C_k9_1od_x1.0,mutation,E17,2,0.2
C_k9_1od_x1.0,mutation,E3,2,0.2
C_k9_1od_x1.0,mutation,E38,2,0.2
C_k9_1od_x1.0,mutation,E43,2,0.2
C_k9_1od_x1.0,mutation,E45,2,0.2
C_k9_1od_x1.0,mutation,E49,2,0.2
C_k9_1od_x1.0,mutation,E51,2,0.2
C_k9_1od_x1.0,mutation,-E1,1,0.1
C_k9_1od_x1.0,mutation,-E14,1,0.1
C_k9_1od_x1.0,mutation,-E21,1,0.1
C_k9_1od_x1.0,mutation,-E23,1,0.1
C_k9_1od_x1.0,mutation,-E27,1,0.1
C_k9_1od_x1.0,mutation,-E29,1,0.1
C_k9_1od_x1.0,mutation,-E39,1,0.1
C_k9_1od_x1.0,mutation,-E43,1,0.1
C_k9_1od_x1.0,mutation,-E45,1,0.1
C_k9_1od_x1.0,mutation,-E6,1,0.1
C_k9_1od_x1.0,mutation,-E63,1,0.1
C_k9_1od_x1.0,mutation,-E7,1,0.1
C_k9_1od_x1.0,mutation,-E8,1,0.1
C_k9_1od_x1.0,mutation,E1,1,0.1
C_k9_1od_x1.0,mutation,E14,1,0.1
C_k9_1od_x1.0,mutation,E15,1,0.1
C_k9_1od_x1.0,mutation,E19,1,0.1
C_k9_1od_x1.0,mutation,E2,1,0.1
C_k9_1od_x1.0,mutation,E23,1,0.1
C_k9_1od_x1.0,mutation,E25,1,0.1
C_k9_1od_x1.0,mutation,E27,1,0.1
C_k9_1od_x1.0,mutation,E28,1,0.1
C_k9_1od_x1.0,mutation,E40,1,0.1
C_k9_1od_x1.0,mutation,E57,1,0.1
C_k9_1od_x1.0,mutation,E64,1,0.1
C_k9_1od_x1.0,none,-E11,7,0.7
C_k9_1od_x1.0,none,E6,7,0.7
C_k9_1od_x1.0,none,-E4,6,0.6
C_k9_1od_x1.0,none,E45,3,0.3
C_k9_1od_x1.0,none,E47,3,0.3
C_k9_1od_x1.0,none,-E12,2,0.2
C_k9_1od_x1.0,none,-E14,2,0.2
C_k9_1od_x1.0,none,-E2,2,0.2
C_k9_1od_x1.0,none,-E26,2,0.2
C_k9_1od_x1.0,none,-E52,2,0.2
C_k9_1od_x1.0,none,-E63,2,0.2
C_k9_1od_x1.0,none,E2,2,0.2
C_k9_1od_x1.0,none,E23,2,0.2
C_k9_1od_x1.0,none,E29,2,0.2
C_k9_1od_x1.0,none,E32,2,0.2
C_k9_1od_x1.0,none,E43,2,0.2
C_k9_1od_x1.0,none,E46,2,0.2
C_k9_1od_x1.0,none,E9,2,0.2
C_k9_1od_x1.0,none,-E1,1,0.1
C_k9_1od_x1.0,none,-E15,1,0.1
C_k9_1od_x1.0,none,-E16,1,0.1
C_k9_1od_x1.0,none,-E17,1,0.1
C_k9_1od_x1.0,none,-E23,1,0.1
C_k9_1od_x1.0,none,-E27,1,0.1
C_k9_1od_x1.0,none,-E3,1,0.1
C_k9_1od_x1.0,none,-E30,1,0.1
C_k9_1od_x1.0,none,-E32,1,0.1
C_k9_1od_x1.0,none,-E35,1,0.1
C_k9_1od_x1.0,none,-E38,1,0.1
C_k9_1od_x1.0,none,-E43,1,0.1
C_k9_1od_x1.0,none,-E44,1,0.1
C_k9_1od_x1.0,none,-E47,1,0.1
C_k9_1od_x1.0,none,-E6,1,0.1
C_k9_1od_x1.0,none,-E7,1,0.1
C_k9_1od_x1.0,none,-E9,1,0.1
C_k9_1od_x1.0,none,E0,1,0.1
C_k9_1od_x1.0,none,E11,1,0.1
C_k9_1od_x1.0,none,E110,1,0.1
C_k9_1od_x1.0,none,E16,1,0.1
C_k9_1od_x1.0,none,E17,1,0.1
C_k9_1od_x1.0,none,E19,1,0.1
C_k9_1od_x1.0,none,E25,1,0.1
C_k9_1od_x1.0,none,E28,1,0.1
C_k9_1od_x1.0,none,E31,1,0.1
C_k9_1od_x1.0,none,E33,1,0.1
C_k9_1od_x1.0,none,E38,1,0.1
C_k9_1od_x1.0,none,E40,1,0.1
C_k9_1od_x1.0,none,E49,1,0.1
C_k9_1od_x1.0,none,E50,1,0.1
C_k9_1od_x1.0,none,E51,1,0.1
C_k9_1od_x1.0,none,E52,1,0.1
C_k9_1od_x1.0,none,E62,1,0.1
C_k9_1od_x1.2,both,-E11,10,1.0
C_k9_1od_x1.2,both,E6,9,0.9
C_k9_1od_x1.2,both,-E4,7,0.7
C_k9_1od_x1.2,both,-E35,4,0.4
C_k9_1od_x1.2,both,-E52,4,0.4
C_k9_1od_x1.2,both,-E16,3,0.3
C_k9_1od_x1.2,both,-E41,3,0.3
C_k9_1od_x1.2,both,E17,3,0.3
C_k9_1od_x1.2,both,-E1,2,0.2
C_k9_1od_x1.2,both,-E20,2,0.2
C_k9_1od_x1.2,both,-E46,2,0.2
C_k9_1od_x1.2,both,-E51,2,0.2
C_k9_1od_x1.2,both,-E9,2,0.2
C_k9_1od_x1.2,both,E110,2,0.2
C_k9_1od_x1.2,both,E4,2,0.2
C_k9_1od_x1.2,both,E43,2,0.2
C_k9_1od_x1.2,both,E56,2,0.2
C_k9_1od_x1.2,both,E62,2,0.2
C_k9_1od_x1.2,both,-E0,1,0.1
C_k9_1od_x1.2,both,-E19,1,0.1
C_k9_1od_x1.2,both,-E23,1,0.1
C_k9_1od_x1.2,both,-E27,1,0.1
C_k9_1od_x1.2,both,-E29,1,0.1
C_k9_1od_x1.2,both,-E30,1,0.1
C_k9_1od_x1.2,both,-E47,1,0.1
C_k9_1od_x1.2,both,-E7,1,0.1
C_k9_1od_x1.2,both,-E8,1,0.1
C_k9_1od_x1.2,both,E11,1,0.1
C_k9_1od_x1.2,both,E14,1,0.1
C_k9_1od_x1.2,both,E16,1,0.1
C_k9_1od_x1.2,both,E19,1,0.1
C_k9_1od_x1.2,both,E20,1,0.1
C_k9_1od_x1.2,both,E21,1,0.1
C_k9_1od_x1.2,both,E23,1,0.1
C_k9_1od_x1.2,both,E25,1,0.1
C_k9_1od_x1.2,both,E29,1,0.1
C_k9_1od_x1.2,both,E3,1,0.1
C_k9_1od_x1.2,both,E30,1,0.1
C_k9_1od_x1.2,both,E32,1,0.1
C_k9_1od_x1.2,both,E34,1,0.1
C_k9_1od_x1.2,both,E38,1,0.1
C_k9_1od_x1.2,both,E40,1,0.1
C_k9_1od_x1.2,both,E45,1,0.1
C_k9_1od_x1.2,both,E50,1,0.1
C_k9_1od_x1.2,both,E57,1,0.1
C_k9_1od_x1.2,init,E6,8,0.8
C_k9_1od_x1.2,init,-E11,4,0.4
C_k9_1od_x1.2,init,-E15,4,0.4
C_k9_1od_x1.2,init,-E35,4,0.4
C_k9_1od_x1.2,init,E31,4,0.4
C_k9_1od_x1.2,init,-E4,3,0.3
C_k9_1od_x1.2,init,-E52,3,0.3
C_k9_1od_x1.2,init,E30,3,0.3
C_k9_1od_x1.2,init,E9,3,0.3
C_k9_1od_x1.2,init,-E1,2,0.2
C_k9_1od_x1.2,init,-E16,2,0.2
C_k9_1od_x1.2,init,-E23,2,0.2
C_k9_1od_x1.2,init,-E38,2,0.2
C_k9_1od_x1.2,init,-E41,2,0.2
C_k9_1od_x1.2,init,-E46,2,0.2
C_k9_1od_x1.2,init,E23,2,0.2
C_k9_1od_x1.2,init,E4,2,0.2
C_k9_1od_x1.2,init,E45,2,0.2
C_k9_1od_x1.2,init,E57,2,0.2
C_k9_1od_x1.2,init,-E0,1,0.1
C_k9_1od_x1.2,init,-E12,1,0.1
C_k9_1od_x1.2,init,-E14,1,0.1
C_k9_1od_x1.2,init,-E17,1,0.1
C_k9_1od_x1.2,init,-E19,1,0.1
C_k9_1od_x1.2,init,-E2,1,0.1
C_k9_1od_x1.2,init,-E27,1,0.1
C_k9_1od_x1.2,init,-E29,1,0.1
C_k9_1od_x1.2,init,-E31,1,0.1
C_k9_1od_x1.2,init,-E39,1,0.1
C_k9_1od_x1.2,init,-E45,1,0.1
C_k9_1od_x1.2,init,-E47,1,0.1
C_k9_1od_x1.2,init,-E53,1,0.1
C_k9_1od_x1.2,init,-E58,1,0.1
C_k9_1od_x1.2,init,-E63,1,0.1
C_k9_1od_x1.2,init,-E64,1,0.1
C_k9_1od_x1.2,init,-E7,1,0.1
C_k9_1od_x1.2,init,-E8,1,0.1
C_k9_1od_x1.2,init,E110,1,0.1
C_k9_1od_x1.2,init,E15,1,0.1
C_k9_1od_x1.2,init,E17,1,0.1
C_k9_1od_x1.2,init,E2,1,0.1
C_k9_1od_x1.2,init,E20,1,0.1
C_k9_1od_x1.2,init,E28,1,0.1
C_k9_1od_x1.2,init,E29,1,0.1
C_k9_1od_x1.2,init,E33,1,0.1
C_k9_1od_x1.2,init,E34,1,0.1
C_k9_1od_x1.2,init,E38,1,0.1
C_k9_1od_x1.2,init,E40,1,0.1
C_k9_1od_x1.2,init,E43,1,0.1
C_k9_1od_x1.2,init,E47,1,0.1
C_k9_1od_x1.2,init,E50,1,0.1
C_k9_1od_x1.2,init,E53,1,0.1
C_k9_1od_x1.2,init,E56,1,0.1
C_k9_1od_x1.2,mutation,-E11,8,0.8
C_k9_1od_x1.2,mutation,-E4,8,0.8
C_k9_1od_x1.2,mutation,E6,8,0.8
C_k9_1od_x1.2,mutation,-E46,5,0.5
C_k9_1od_x1.2,mutation,E4,4,0.4
C_k9_1od_x1.2,mutation,E15,3,0.3
C_k9_1od_x1.2,mutation,E17,3,0.3
C_k9_1od_x1.2,mutation,E19,3,0.3
C_k9_1od_x1.2,mutation,E28,3,0.3
C_k9_1od_x1.2,mutation,-E0,2,0.2
C_k9_1od_x1.2,mutation,-E23,2,0.2
C_k9_1od_x1.2,mutation,-E28,2,0.2
C_k9_1od_x1.2,mutation,-E32,2,0.2
C_k9_1od_x1.2,mutation,-E39,2,0.2
C_k9_1od_x1.2,mutation,-E50,2,0.2
C_k9_1od_x1.2,mutation,-E51,2,0.2
C_k9_1od_x1.2,mutation,E1,2,0.2
C_k9_1od_x1.2,mutation,E2,2,0.2
C_k9_1od_x1.2,mutation,E25,2,0.2
C_k9_1od_x1.2,mutation,-E1,1,0.1
C_k9_1od_x1.2,mutation,-E16,1,0.1
C_k9_1od_x1.2,mutation,-E2,1,0.1
C_k9_1od_x1.2,mutation,-E26,1,0.1
C_k9_1od_x1.2,mutation,-E29,1,0.1
C_k9_1od_x1.2,mutation,-E3,1,0.1
C_k9_1od_x1.2,mutation,-E35,1,0.1
C_k9_1od_x1.2,mutation,-E41,1,0.1
C_k9_1od_x1.2,mutation,-E52,1,0.1
C_k9_1od_x1.2,mutation,-E58,1,0.1
C_k9_1od_x1.2,mutation,-E64,1,0.1
C_k9_1od_x1.2,mutation,-E7,1,0.1
C_k9_1od_x1.2,mutation,E10,1,0.1
C_k9_1od_x1.2,mutation,E11,1,0.1
C_k9_1od_x1.2,mutation,E110,1,0.1
C_k9_1od_x1.2,mutation,E16,1,0.1
C_k9_1od_x1.2,mutation,E21,1,0.1
C_k9_1od_x1.2,mutation,E26,1,0.1
C_k9_1od_x1.2,mutation,E29,1,0.1
C_k9_1od_x1.2,mutation,E32,1,0.1
C_k9_1od_x1.2,mutation,E38,1,0.1
C_k9_1od_x1.2,mutation,E45,1,0.1
C_k9_1od_x1.2,mutation,E47,1,0.1
C_k9_1od_x1.2,mutation,E50,1,0.1
C_k9_1od_x1.2,mutation,E62,1,0.1
C_k9_1od_x1.2,none,E6,7,0.7
C_k9_1od_x1.2,none,-E11,6,0.6
C_k9_1od_x1.2,none,-E4,5,0.5
C_k9_1od_x1.2,none,E4,5,0.5
C_k9_1od_x1.2,none,-E7,3,0.3
C_k9_1od_x1.2,none,E15,3,0.3
C_k9_1od_x1.2,none,E45,3,0.3
C_k9_1od_x1.2,none,-E0,2,0.2
C_k9_1od_x1.2,none,-E1,2,0.2
C_k9_1od_x1.2,none,-E19,2,0.2
C_k9_1od_x1.2,none,-E45,2,0.2
C_k9_1od_x1.2,none,-E52,2,0.2
C_k9_1od_x1.2,none,-E63,2,0.2
C_k9_1od_x1.2,none,-E9,2,0.2
C_k9_1od_x1.2,none,E11,2,0.2
C_k9_1od_x1.2,none,E2,2,0.2
C_k9_1od_x1.2,none,E20,2,0.2
C_k9_1od_x1.2,none,E23,2,0.2
C_k9_1od_x1.2,none,E27,2,0.2
C_k9_1od_x1.2,none,E28,2,0.2
C_k9_1od_x1.2,none,E32,2,0.2
C_k9_1od_x1.2,none,E57,2,0.2
C_k9_1od_x1.2,none,-E12,1,0.1
C_k9_1od_x1.2,none,-E16,1,0.1
C_k9_1od_x1.2,none,-E2,1,0.1
C_k9_1od_x1.2,none,-E20,1,0.1
C_k9_1od_x1.2,none,-E25,1,0.1
C_k9_1od_x1.2,none,-E28,1,0.1
C_k9_1od_x1.2,none,-E3,1,0.1
C_k9_1od_x1.2,none,-E30,1,0.1
C_k9_1od_x1.2,none,-E31,1,0.1
C_k9_1od_x1.2,none,-E39,1,0.1
C_k9_1od_x1.2,none,-E41,1,0.1
C_k9_1od_x1.2,none,-E50,1,0.1
C_k9_1od_x1.2,none,-E64,1,0.1
C_k9_1od_x1.2,none,E0,1,0.1
C_k9_1od_x1.2,none,E12,1,0.1
C_k9_1od_x1.2,none,E17,1,0.1
C_k9_1od_x1.2,none,E19,1,0.1
C_k9_1od_x1.2,none,E21,1,0.1
C_k9_1od_x1.2,none,E25,1,0.1
C_k9_1od_x1.2,none,E26,1,0.1
C_k9_1od_x1.2,none,E30,1,0.1
C_k9_1od_x1.2,none,E38,1,0.1
C_k9_1od_x1.2,none,E40,1,0.1
C_k9_1od_x1.2,none,E47,1,0.1
C_k9_1od_x1.2,none,E51,1,0.1
C_k9_1od_x1.2,none,E62,1,0.1
C_k9_1od_x1.2,none,E63,1,0.1
C_k9_1od_x1.2,none,E64,1,0.1
C_k9_2od_x0.8,both,E15,5,0.5
C_k9_2od_x0.8,both,-E14,4,0.4
C_k9_2od_x0.8,both,-E46,4,0.4
C_k9_2od_x0.8,both,-E6,4,0.4
C_k9_2od_x0.8,both,-E21,3,0.3
C_k9_2od_x0.8,both,-E4,3,0.3
C_k9_2od_x0.8,both,-E40,3,0.3
C_k9_2od_x0.8,both,E110,3,0.3
C_k9_2od_x0.8,both,E45,3,0.3
C_k9_2od_x0.8,both,E46,3,0.3
C_k9_2od_x0.8,both,-E0,2,0.2
C_k9_2od_x0.8,both,-E17,2,0.2
C_k9_2od_x0.8,both,-E19,2,0.2
C_k9_2od_x0.8,both,-E23,2,0.2
C_k9_2od_x0.8,both,-E28,2,0.2
C_k9_2od_x0.8,both,-E29,2,0.2
C_k9_2od_x0.8,both,-E30,2,0.2
C_k9_2od_x0.8,both,-E31,2,0.2
C_k9_2od_x0.8,both,-E44,2,0.2
C_k9_2od_x0.8,both,-E47,2,0.2
C_k9_2od_x0.8,both,-E50,2,0.2
C_k9_2od_x0.8,both,-E51,2,0.2
C_k9_2od_x0.8,both,-E58,2,0.2
C_k9_2od_x0.8,both,E11,2,0.2
C_k9_2od_x0.8,both,E47,2,0.2
C_k9_2od_x0.8,both,-E1,1,0.1
C_k9_2od_x0.8,both,-E11,1,0.1
C_k9_2od_x0.8,both,-E12,1,0.1
C_k9_2od_x0.8,both,-E16,1,0.1
C_k9_2od_x0.8,both,-E20,1,0.1
C_k9_2od_x0.8,both,-E26,1,0.1
C_k9_2od_x0.8,both,-E32,1,0.1
C_k9_2od_x0.8,both,-E39,1,0.1
C_k9_2od_x0.8,both,-E52,1,0.1
C_k9_2od_x0.8,both,-E64,1,0.1
C_k9_2od_x0.8,both,E1,1,0.1
C_k9_2od_x0.8,both,E17,1,0.1
C_k9_2od_x0.8,both,E2,1,0.1
C_k9_2od_x0.8,both,E21,1,0.1
C_k9_2od_x0.8,both,E31,1,0.1
C_k9_2od_x0.8,both,E32,1,0.1
C_k9_2od_x0.8,both,E43,1,0.1
C_k9_2od_x0.8,both,E49,1,0.1
C_k9_2od_x0.8,both,E50,1,0.1
C_k9_2od_x0.8,both,E51,1,0.1
C_k9_2od_x0.8,both,E53,1,0.1
C_k9_2od_x0.8,both,E57,1,0.1
C_k9_2od_x0.8,both,E62,1,0.1
C_k9_2od_x0.8,both,E63,1,0.1
C_k9_2od_x0.8,both,E9,1,0.1
C_k9_2od_x0.8,init,-E40,7,0.7
C_k9_2od_x0.8,init,-E14,3,0.3
C_k9_2od_x0.8,init,-E23,3,0.3
C_k9_2od_x0.8,init,-E6,3,0.3
C_k9_2od_x0.8,init,E15,3,0.3
C_k9_2od_x0.8,init,E45,3,0.3
C_k9_2od_x0.8,init,-E11,2,0.2
C_k9_2od_x0.8,init,-E17,2,0.2
C_k9_2od_x0.8,init,-E20,2,0.2
C_k9_2od_x0.8,init,-E30,2,0.2
C_k9_2od_x0.8,init,-E31,2,0.2
C_k9_2od_x0.8,init,-E4,2,0.2
C_k9_2od_x0.8,init,-E50,2,0.2
C_k9_2od_x0.8,init,-E58,2,0.2
C_k9_2od_x0.8,init,-E64,2,0.2
C_k9_2od_x0.8,init,E0,2,0.2
C_k9_2od_x0.8,init,E19,2,0.2
C_k9_2od_x0.8,init,E2,2,0.2
C_k9_2od_x0.8,init,E25,2,0.2
C_k9_2od_x0.8,init,E27,2,0.2
C_k9_2od_x0.8,init,E34,2,0.2
C_k9_2od_x0.8,init,E4,2,0.2
C_k9_2od_x0.8,init,E53,2,0.2
C_k9_2od_x0.8,init,E56,2,0.2
C_k9_2od_x0.8,init,-E12,1,0.1
C_k9_2od_x0.8,init,-E15,1,0.1
C_k9_2od_x0.8,init,-E16,1,0.1
C_k9_2od_x0.8,init,-E19,1,0.1
C_k9_2od_x0.8,init,-E2,1,0.1
C_k9_2od_x0.8,init,-E25,1,0.1
C_k9_2od_x0.8,init,-E27,1,0.1
C_k9_2od_x0.8,init,-E28,1,0.1
C_k9_2od_x0.8,init,-E3,1,0.1
C_k9_2od_x0.8,init,-E39,1,0.1
C_k9_2od_x0.8,init,-E46,1,0.1
C_k9_2od_x0.8,init,-E47,1,0.1
C_k9_2od_x0.8,init,-E51,1,0.1
C_k9_2od_x0.8,init,-E52,1,0.1
C_k9_2od_x0.8,init,-E63,1,0.1
C_k9_2od_x0.8,init,-E9,1,0.1
C_k9_2od_x0.8,init,E1,1,0.1
C_k9_2od_x0.8,init,E17,1,0.1
C_k9_2od_x0.8,init,E21,1,0.1
C_k9_2od_x0.8,init,E23,1,0.1
C_k9_2od_x0.8,init,E30,1,0.1
C_k9_2od_x0.8,init,E31,1,0.1
C_k9_2od_x0.8,init,E33,1,0.1
C_k9_2od_x0.8,init,E38,1,0.1
C_k9_2od_x0.8,init,E39,1,0.1
C_k9_2od_x0.8,init,E40,1,0.1
C_k9_2od_x0.8,init,E47,1,0.1
C_k9_2od_x0.8,init,E49,1,0.1
C_k9_2od_x0.8,init,E6,1,0.1
C_k9_2od_x0.8,init,E63,1,0.1
C_k9_2od_x0.8,init,E7,1,0.1
C_k9_2od_x0.8,init,E9,1,0.1
C_k9_2od_x0.8,mutation,E11,6,0.6
C_k9_2od_x0.8,mutation,-E40,5,0.5
C_k9_2od_x0.8,mutation,-E29,4,0.4
C_k9_2od_x0.8,mutation,-E31,3,0.3
C_k9_2od_x0.8,mutation,-E4,3,0.3
C_k9_2od_x0.8,mutation,E12,3,0.3
C_k9_2od_x0.8,mutation,E15,3,0.3
C_k9_2od_x0.8,mutation,E23,3,0.3
C_k9_2od_x0.8,mutation,E25,3,0.3
C_k9_2od_x0.8,mutation,E29,3,0.3
C_k9_2od_x0.8,mutation,E45,3,0.3
C_k9_2od_x0.8,mutation,-E11,2,0.2
C_k9_2od_x0.8,mutation,-E12,2,0.2
C_k9_2od_x0.8,mutation,-E14,2,0.2
C_k9_2od_x0.8,mutation,-E19,2,0.2
C_k9_2od_x0.8,mutation,-E2,2,0.2
C_k9_2od_x0.8,mutation,-E20,2,0.2
C_k9_2od_x0.8,mutation,-E30,2,0.2
C_k9_2od_x0.8,mutation,-E39,2,0.2
C_k9_2od_x0.8,mutation,-E44,2,0.2
C_k9_2od_x0.8,mutation,E30,2,0.2
C_k9_2od_x0.8,mutation,E32,2,0.2
C_k9_2od_x0.8,mutation,-E15,1,0.1
C_k9_2od_x0.8,mutation,-E21,1,0.1
C_k9_2od_x0.8,mutation,-E23,1,0.1
C_k9_2od_x0.8,mutation,-E27,1,0.1
C_k9_2od_x0.8,mutation,-E32,1,0.1
C_k9_2od_x0.8,mutation,-E38,1,0.1
C_k9_2od_x0.8,mutation,-E46,1,0.1
C_k9_2od_x0.8,mutation,-E47,1,0.1
C_k9_2od_x0.8,mutation,-E50,1,0.1
C_k9_2od_x0.8,mutation,-E51,1,0.1
C_k9_2od_x0.8,mutation,-E58,1,0.1
C_k9_2od_x0.8,mutation,E0,1,0.1
C_k9_2od_x0.8,mutation,E1,1,0.1
C_k9_2od_x0.8,mutation,E110,1,0.1
C_k9_2od_x0.8,mutation,E14,1,0.1
C_k9_2od_x0.8,mutation,E21,1,0.1
C_k9_2od_x0.8,mutation,E31,1,0.1
C_k9_2od_x0.8,mutation,E34,1,0.1
C_k9_2od_x0.8,mutation,E4,1,0.1
C_k9_2od_x0.8,mutation,E40,1,0.1
C_k9_2od_x0.8,mutation,E43,1,0.1
C_k9_2od_x0.8,mutation,E46,1,0.1
C_k9_2od_x0.8,mutation,E47,1,0.1
C_k9_2od_x0.8,mutation,E49,1,0.1
C_k9_2od_x0.8,mutation,E57,1,0.1
C_k9_2od_x0.8,mutation,E9,1,0.1
C_k9_2od_x0.8,none,E45,7,0.7
C_k9_2od_x0.8,none,-E40,4,0.4
C_k9_2od_x0.8,none,-E6,4,0.4
C_k9_2od_x0.8,none,-E19,3,0.3
C_k9_2od_x0.8,none,-E39,3,0.3
C_k9_2od_x0.8,none,-E47,3,0.3
C_k9_2od_x0.8,none,-E8,3,0.3
C_k9_2od_x0.8,none,-E14,2,0.2
C_k9_2od_x0.8,none,-E20,2,0.2
C_k9_2od_x0.8,none,-E27,2,0.2
C_k9_2od_x0.8,none,-E4,2,0.2
C_k9_2od_x0.8,none,-E44,2,0.2
C_k9_2od_x0.8,none,-E58,2,0.2
C_k9_2od_x0.8,none,-E7,2,0.2
C_k9_2od_x0.8,none,-E9,2,0.2
C_k9_2od_x0.8,none,E2,2,0.2
C_k9_2od_x0.8,none,E3,2,0.2
C_k9_2od_x0.8,none,E46,2,0.2
C_k9_2od_x0.8,none,E47,2,0.2
C_k9_2od_x0.8,none,E57,2,0.2
C_k9_2od_x0.8,none,E6,2,0.2
C_k9_2od_x0.8,none,E9,2,0.2
C_k9_2od_x0.8,none,-E17,1,0.1
C_k9_2od_x0.8,none,-E2,1,0.1
C_k9_2od_x0.8,none,-E21,1,0.1
C_k9_2od_x0.8,none,-E25,1,0.1
C_k9_2od_x0.8,none,-E26,1,0.1
C_k9_2od_x0.8,none,-E28,1,0.1
C_k9_2od_x0.8,none,-E3,1,0.1
C_k9_2od_x0.8,none,-E30,1,0.1
C_k9_2od_x0.8,none,-E35,1,0.1
C_k9_2od_x0.8,none,-E43,1,0.1
C_k9_2od_x0.8,none,-E46,1,0.1
C_k9_2od_x0.8,none,-E52,1,0.1
C_k9_2od_x0.8,none,-E64,1,0.1
C_k9_2od_x0.8,none,E1,1,0.1
C_k9_2od_x0.8,none,E11,1,0.1
C_k9_2od_x0.8,none,E15,1,0.1
C_k9_2od_x0.8,none,E19,1,0.1
C_k9_2od_x0.8,none,E26,1,0.1
C_k9_2od_x0.8,none,E31,1,0.1
C_k9_2od_x0.8,none,E32,1,0.1
C_k9_2od_x0.8,none,E33,1,0.1
C_k9_2od_x0.8,none,E38,1,0.1
C_k9_2od_x0.8,none,E39,1,0.1
C_k9_2od_x0.8,none,E4,1,0.1
C_k9_2od_x0.8,none,E41,1,0.1
C_k9_2od_x0.8,none,E43,1,0.1
C_k9_2od_x0.8,none,E49,1,0.1
C_k9_2od_x0.8,none,E50,1,0.1
C_k9_2od_x0.8,none,E53,1,0.1
C_k9_2od_x0.8,none,E64,1,0.1
C_k9_2od_x1.0,both,E23,5,0.5
C_k9_2od_x1.0,both,-E11,4,0.4
C_k9_2od_x1.0,both,-E64,4,0.4
C_k9_2od_x1.0,both,E21,4,0.4
C_k9_2od_x1.0,both,E16,3,0.3
C_k9_2od_x1.0,both,E34,3,0.3
C_k9_2od_x1.0,both,-E0,2,0.2
C_k9_2od_x1.0,both,-E1,2,0.2
C_k9_2od_x1.0,both,-E14,2,0.2
C_k9_2od_x1.0,both,-E15,2,0.2
C_k9_2od_x1.0,both,-E17,2,0.2
C_k9_2od_x1.0,both,-E23,2,0.2
C_k9_2od_x1.0,both,-E30,2,0.2
C_k9_2od_x1.0,both,-E47,2,0.2
C_k9_2od_x1.0,both,E1,2,0.2
C_k9_2od_x1.0,both,E25,2,0.2
C_k9_2od_x1.0,both,E32,2,0.2
C_k9_2od_x1.0,both,E33,2,0.2
C_k9_2od_x1.0,both,E38,2,0.2
C_k9_2od_x1.0,both,E46,2,0.2
C_k9_2od_x1.0,both,E50,2,0.2
C_k9_2od_x1.0,both,E51,2,0.2
C_k9_2od_x1.0,both,E62,2,0.2
C_k9_2od_x1.0,both,E64,2,0.2
C_k9_2od_x1.0,both,-E12,1,0.1
C_k9_2od_x1.0,both,-E2,1,0.1
C_k9_2od_x1.0,both,-E26,1,0.1
C_k9_2od_x1.0,both,-E27,1,0.1
C_k9_2od_x1.0,both,-E28,1,0.1
C_k9_2od_x1.0,both,-E3,1,0.1
C_k9_2od_x1.0,both,-E31,1,0.1
C_k9_2od_x1.0,both,-E39,1,0.1
C_k9_2od_x1.0,both,-E4,1,0.1
C_k9_2od_x1.0,both,-E43,1,0.1
C_k9_2od_x1.0,both,-E46,1,0.1
C_k9_2od_x1.0,both,-E50,1,0.1
C_k9_2od_x1.0,both,-E6,1,0.1
C_k9_2od_x1.0,both,-E9,1,0.1
C_k9_2od_x1.0,both,E0,1,0.1
C_k9_2od_x1.0,both,E11,1,0.1
C_k9_2od_x1.0,both,E110,1,0.1
C_k9_2od_x1.0,both,E12,1,0.1
C_k9_2od_x1.0,both,E15,1,0.1
C_k9_2od_x1.0,both,E19,1,0.1
C_k9_2od_x1.0,both,E2,1,0.1
C_k9_2od_x1.0,both,E3,1,0.1
C_k9_2od_x1.0,both,E30,1,0.1
C_k9_2od_x1.0,both,E31,1,0.1
C_k9_2od_x1.0,both,E39,1,0.1
C_k9_2od_x1.0,both,E56,1,0.1
C_k9_2od_x1.0,both,E57,1,0.1
C_k9_2od_x1.0,init,E15,7,0.7
C_k9_2od_x1.0,init,-E6,5,0.5
C_k9_2od_x1.0,init,-E47,4,0.4
C_k9_2od_x1.0,init,E34,4,0.4
C_k9_2od_x1.0,init,-E11,3,0.3
C_k9_2od_x1.0,init,E47,3,0.3
C_k9_2od_x1.0,init,E51,3,0.3
C_k9_2od_x1.0,init,E64,3,0.3
C_k9_2od_x1.0,init,-E3,2,0.2
C_k9_2od_x1.0,init,-E4,2,0.2
C_k9_2od_x1.0,init,-E9,2,0.2
C_k9_2od_x1.0,init,E16,2,0.2
C_k9_2od_x1.0,init,E23,2,0.2
C_k9_2od_x1.0,init,E28,2,0.2
C_k9_2od_x1.0,init,E31,2,0.2
C_k9_2od_x1.0,init,E33,2,0.2
C_k9_2od_x1.0,init,E43,2,0.2
C_k9_2od_x1.0,init,E46,2,0.2
C_k9_2od_x1.0,init,E56,2,0.2
C_k9_2od_x1.0,init,E58,2,0.2
C_k9_2od_x1.0,init,E59,2,0.2
C_k9_2od_x1.0,init,-E0,1,0.1
C_k9_2od_x1.0,init,-E1,1,0.1
C_k9_2od_x1.0,init,-E16,1,0.1
C_k9_2od_x1.0,init,-E2,1,0.1
C_k9_2od_x1.0,init,-E20,1,0.1
C_k9_2od_x1.0,init,-E23,1,0.1
C_k9_2od_x1.0,init,-E26,1,0.1
C_k9_2od_x1.0,init,-E27,1,0.1
C_k9_2od_x1.0,init,-E29,1,0.1
C_k9_2od_x1.0,init,-E30,1,0.1
C_k9_2od_x1.0,init,-E31,1,0.1
C_k9_2od_x1.0,init,-E38,1,0.1
C_k9_2od_x1.0,init,-E43,1,0.1
C_k9_2od_x1.0,init,-E44,1,0.1
C_k9_2od_x1.0,init,-E46,1,0.1
C_k9_2od_x1.0,init,-E58,1,0.1
C_k9_2od_x1.0,init,-E64,1,0.1
C_k9_2od_x1.0,init,-E8,1,0.1
C_k9_2od_x1.0,init,E110,1,0.1
C_k9_2od_x1.0,init,E14,1,0.1
C_k9_2od_x1.0,init,E2,1,0.1
C_k9_2od_x1.0,init,E21,1,0.1
C_k9_2od_x1.0,init,E24,1,0.1
C_k9_2od_x1.0,init,E3,1,0.1
C_k9_2od_x1.0,init,E30,1,0.1
C_k9_2od_x1.0,init,E32,1,0.1
C_k9_2od_x1.0,init,E39,1,0.1
C_k9_2od_x1.0,init,E49,1,0.1
C_k9_2od_x1.0,init,E50,1,0.1
C_k9_2od_x1.0,init,E53,1,0.1
C_k9_2od_x1.0,init,E57,1,0.1
C_k9_2od_x1.0,init,E63,1,0.1
C_k9_2od_x1.0,mutation,-E11,4,0.4
C_k9_2od_x1.0,mutation,-E2,3,0.3
C_k9_2od_x1.0,mutation,-E23,3,0.3
C_k9_2od_x1.0,mutation,-E28,3,0.3
C_k9_2od_x1.0,mutation,-E31,3,0.3
C_k9_2od_x1.0,mutation,-E4,3,0.3
C_k9_2od_x1.0,mutation,-E6,3,0.3
C_k9_2od_x1.0,mutation,E0,3,0.3
C_k9_2od_x1.0,mutation,E29,3,0.3
C_k9_2od_x1.0,mutation,E38,3,0.3
C_k9_2od_x1.0,mutation,E56,3,0.3
C_k9_2od_x1.0,mutation,-E1,2,0.2
C_k9_2od_x1.0,mutation,-E14,2,0.2
C_k9_2od_x1.0,mutation,-E50,2,0.2
C_k9_2od_x1.0,mutation,-E7,2,0.2
C_k9_2od_x1.0,mutation,E15,2,0.2
C_k9_2od_x1.0,mutation,E16,2,0.2
C_k9_2od_x1.0,mutation,E19,2,0.2
C_k9_2od_x1.0,mutation,E2,2,0.2
C_k9_2od_x1.0,mutation,E25,2,0.2
C_k9_2od_x1.0,mutation,E27,2,0.2
C_k9_2od_x1.0,mutation,E28,2,0.2
C_k9_2od_x1.0,mutation,E40,2,0.2
C_k9_2od_x1.0,mutation,E46,2,0.2
C_k9_2od_x1.0,mutation,-E0,1,0.1
C_k9_2od_x1.0,mutation,-E17,1,0.1
C_k9_2od_x1.0,mutation,-E19,1,0.1
C_k9_2od_x1.0,mutation,-E27,1,0.1
C_k9_2od_x1.0,mutation,-E3,1,0.1
C_k9_2od_x1.0,mutation,-E35,1,0.1
C_k9_2od_x1.0,mutation,-E58,1,0.1
C_k9_2od_x1.0,mutation,E1,1,0.1
C_k9_2od_x1.0,mutation,E12,1,0.1
C_k9_2od_x1.0,mutation,E14,1,0.1
C_k9_2od_x1.0,mutation,E21,1,0.1
C_k9_2od_x1.0,mutation,E23,1,0.1
C_k9_2od_x1.0,mutation,E24,1,0.1
C_k9_2od_x1.0,mutation,E26,1,0.1
C_k9_2od_x1.0,mutation,E3,1,0.1
C_k9_2od_x1.0,mutation,E32,1,0.1
C_k9_2od_x1.0,mutation,E34,1,0.1
C_k9_2od_x1.0,mutation,E39,1,0.1
C_k9_2od_x1.0,mutation,E4,1,0.1
C_k9_2od_x1.0,mutation,E43,1,0.1
C_k9_2od_x1.0,mutation,E57,1,0.1
C_k9_2od_x1.0,mutation,E62,1,0.1
C_k9_2od_x1.0,mutation,E63,1,0.1
C_k9_2od_x1.0,none,-E11,4,0.4
C_k9_2od_x1.0,none,-E14,4,0.4
C_k9_2od_x1.0,none,-E26,4,0.4
C_k9_2od_x1.0,none,-E4,4,0.4
C_k9_2od_x1.0,none,-E50,4,0.4
C_k9_2od_x1.0,none,-E27,3,0.3
C_k9_2od_x1.0,none,-E63,3,0.3
C_k9_2od_x1.0,none,E28,3,0.3
C_k9_2od_x1.0,none,E40,3,0.3
C_k9_2od_x1.0,none,E58,3,0.3
C_k9_2od_x1.0,none,-E1,2,0.2
C_k9_2od_x1.0,none,-E12,2,0.2
C_k9_2od_x1.0,none,-E17,2,0.2
C_k9_2od_x1.0,none,-E25,2,0.2
C_k9_2od_x1.0,none,-E35,2,0.2
C_k9_2od_x1.0,none,E11,2,0.2
C_k9_2od_x1.0,none,E2,2,0.2
C_k9_2od_x1.0,none,E30,2,0.2
C_k9_2od_x1.0,none,E38,2,0.2
C_k9_2od_x1.0,none,E45,2,0.2
C_k9_2od_x1.0,none,E51,2,0.2
C_k9_2od_x1.0,none,E57,2,0.2
C_k9_2od_x1.0,none,E59,2,0.2
C_k9_2od_x1.0,none,-E16,1,0.1
C_k9_2od_x1.0,none,-E19,1,0.1
C_k9_2od_x1.0,none,-E23,1,0.1
C_k9_2od_x1.0,none,-E38,1,0.1
C_k9_2od_x1.0,none,-E43,1,0.1
C_k9_2od_x1.0,none,-E47,1,0.1
C_k9_2od_x1.0,none,-E6,1,0.1
C_k9_2od_x1.0,none,-E64,1,0.1
C_k9_2od_x1.0,none,-E7,1,0.1
C_k9_2od_x1.0,none,-E9,1,0.1
C_k9_2od_x1.0,none,E1,1,0.1
C_k9_2od_x1.0,none,E15,1,0.1
C_k9_2od_x1.0,none,E19,1,0.1
C_k9_2od_x1.0,none,E21,1,0.1
C_k9_2od_x1.0,none,E23,1,0.1
C_k9_2od_x1.0,none,E25,1,0.1
C_k9_2od_x1.0,none,E26,1,0.1
C_k9_2od_x1.0,none,E27,1,0.1
C_k9_2od_x1.0,none,E29,1,0.1
C_k9_2od_x1.0,none,E31,1,0.1
C_k9_2od_x1.0,none,E33,1,0.1
C_k9_2od_x1.0,none,E34,1,0.1
C_k9_2od_x1.0,none,E39,1,0.1
C_k9_2od_x1.0,none,E43,1,0.1
C_k9_2od_x1.0,none,E47,1,0.1
C_k9_2od_x1.0,none,E53,1,0.1
C_k9_2od_x1.0,none,E56,1,0.1
C_k9_2od_x1.0,none,E63,1,0.1
C_k9_2od_x1.0,none,E64,1,0.1
C_k9_2od_x1.2,both,E45,6,0.6
C_k9_2od_x1.2,both,-E0,4,0.4
C_k9_2od_x1.2,both,E15,4,0.4
C_k9_2od_x1.2,both,-E11,3,0.3
C_k9_2od_x1.2,both,E25,3,0.3
C_k9_2od_x1.2,both,E34,3,0.3
C_k9_2od_x1.2,both,E4,3,0.3
C_k9_2od_x1.2,both,-E1,2,0.2
C_k9_2od_x1.2,both,-E3,2,0.2
C_k9_2od_x1.2,both,-E38,2,0.2
C_k9_2od_x1.2,both,-E4,2,0.2
C_k9_2od_x1.2,both,-E44,2,0.2
C_k9_2od_x1.2,both,-E58,2,0.2
C_k9_2od_x1.2,both,-E6,2,0.2
C_k9_2od_x1.2,both,-E9,2,0.2
C_k9_2od_x1.2,both,E1,2,0.2
C_k9_2od_x1.2,both,E11,2,0.2
C_k9_2od_x1.2,both,E110,2,0.2
C_k9_2od_x1.2,both,E2,2,0.2
C_k9_2od_x1.2,both,E30,2,0.2
C_k9_2od_x1.2,both,E53,2,0.2
C_k9_2od_x1.2,both,E56,2,0.2
C_k9_2od_x1.2,both,-E12,1,0.1
C_k9_2od_x1.2,both,-E16,1,0.1
C_k9_2od_x1.2,both,-E20,1,0.1
C_k9_2od_x1.2,both,-E25,1,0.1
C_k9_2od_x1.2,both,-E26,1,0.1
C_k9_2od_x1.2,both,-E27,1,0.1
C_k9_2od_x1.2,both,-E29,1,0.1
C_k9_2od_x1.2,both,-E30,1,0.1
C_k9_2od_x1.2,both,-E35,1,0.1
C_k9_2od_x1.2,both,-E43,1,0.1
C_k9_2od_x1.2,both,-E47,1,0.1
C_k9_2od_x1.2,both,-E50,1,0.1
C_k9_2od_x1.2,both,-E63,1,0.1
C_k9_2od_x1.2,both,-E64,1,0.1
C_k9_2od_x1.2,both,-E7,1,0.1
C_k9_2od_x1.2,both,E0,1,0.1
C_k9_2od_x1.2,both,E12,1,0.1
C_k9_2od_x1.2,both,E16,1,0.1
C_k9_2od_x1.2,both,E17,1,0.1
C_k9_2od_x1.2,both,E19,1,0.1
C_k9_2od_x1.2,both,E23,1,0.1
C_k9_2od_x1.2,both,E28,1,0.1
C_k9_2od_x1.2,both,E29,1,0.1
C_k9_2od_x1.2,both,E31,1,0.1
C_k9_2od_x1.2,both,E33,1,0.1
C_k9_2od_x1.2,both,E43,1,0.1
C_k9_2od_x1.2,both,E47,1,0.1
C_k9_2od_x1.2,both,E49,1,0.1
C_k9_2od_x1.2,both,E50,1,0.1
C_k9_2od_x1.2,both,E51,1,0.1
C_k9_2od_x1.2,both,E57,1,0.1
C_k9_2od_x1.2,both,E6,1,0.1
C_k9_2od_x1.2,both,E62,1,0.1
C_k9_2od_x1.2,both,E63,1,0.1
C_k9_2od_x1.2,init,-E6,4,0.4
C_k9_2od_x1.2,init,E0,4,0.4
C_k9_2od_x1.2,init,E16,4,0.4
C_k9_2od_x1.2,init,E45,4,0.4
C_k9_2od_x1.2,init,E6,4,0.4
C_k9_2od_x1.2,init,-E11,3,0.3
C_k9_2od_x1.2,init,-E23,3,0.3
C_k9_2od_x1.2,init,-E4,3,0.3
C_k9_2od_x1.2,init,E15,3,0.3
C_k9_2od_x1.2,init,E49,3,0.3
C_k9_2od_x1.2,init,-E16,2,0.2
C_k9_2od_x1.2,init,-E28,2,0.2
C_k9_2od_x1.2,init,-E7,2,0.2
C_k9_2od_x1.2,init,-E8,2,0.2
C_k9_2od_x1.2,init,E12,2,0.2
C_k9_2od_x1.2,init,E2,2,0.2
C_k9_2od_x1.2,init,E28,2,0.2
C_k9_2od_x1.2,init,E38,2,0.2
C_k9_2od_x1.2,init,E63,2,0.2
C_k9_2od_x1.2,init,-E1,1,0.1
C_k9_2od_x1.2,init,-E14,1,0.1
C_k9_2od_x1.2,init,-E15,1,0.1
C_k9_2od_x1.2,init,-E2,1,0.1
C_k9_2od_x1.2,init,-E20,1,0.1
C_k9_2od_x1.2,init,-E21,1,0.1
C_k9_2od_x1.2,init,-E27,1,0.1
C_k9_2od_x1.2,init,-E29,1,0.1
C_k9_2od_x1.2,init,-E3,1,0.1
C_k9_2od_x1.2,init,-E31,1,0.1
C_k9_2od_x1.2,init,-E35,1,0.1
C_k9_2od_x1.2,init,-E38,1,0.1
C_k9_2od_x1.2,init,-E39,1,0.1
C_k9_2od_x1.2,init,-E40,1,0.1
C_k9_2od_x1.2,init,-E46,1,0.1
C_k9_2od_x1.2,init,-E47,1,0.1
C_k9_2od_x1.2,init,-E50,1,0.1
C_k9_2od_x1.2,init,-E51,1,0.1
C_k9_2od_x1.2,init,-E52,1,0.1
C_k9_2od_x1.2,init,-E64,1,0.1
C_k9_2od_x1.2,init,E1,1,0.1
C_k9_2od_x1.2,init,E17,1,0.1
C_k9_2od_x1.2,init,E19,1,0.1
C_k9_2od_x1.2,init,E25,1,0.1
C_k9_2od_x1.2,init,E26,1,0.1
C_k9_2od_x1.2,init,E29,1,0.1
C_k9_2od_x1.2,init,E3,1,0.1
C_k9_2od_x1.2,init,E30,1,0.1
C_k9_2od_x1.2,init,E33,1,0.1
C_k9_2od_x1.2,init,E34,1,0.1
C_k9_2od_x1.2,init,E39,1,0.1
C_k9_2od_x1.2,init,E4,1,0.1
C_k9_2od_x1.2,init,E40,1,0.1
C_k9_2od_x1.2,init,E46,1,0.1
C_k9_2od_x1.2,init,E47,1,0.1
C_k9_2od_x1.2,init,E50,1,0.1
C_k9_2od_x1.2,init,E56,1,0.1
C_k9_2od_x1.2,mutation,E6,4,0.4
C_k9_2od_x1.2,mutation,-E1,3,0.3
C_k9_2od_x1.2,mutation,-E25,3,0.3
C_k9_2od_x1.2,mutation,-E4,3,0.3
C_k9_2od_x1.2,mutation,E0,3,0.3
C_k9_2od_x1.2,mutation,E25,3,0.3
C_k9_2od_x1.2,mutation,E28,3,0.3
C_k9_2od_x1.2,mutation,E45,3,0.3
C_k9_2od_x1.2,mutation,E53,3,0.3
C_k9_2od_x1.2,mutation,-E0,2,0.2
C_k9_2od_x1.2,mutation,-E16,2,0.2
C_k9_2od_x1.2,mutation,-E2,2,0.2
C_k9_2od_x1.2,mutation,-E20,2,0.2
C_k9_2od_x1.2,mutation,-E28,2,0.2
C_k9_2od_x1.2,mutation,-E3,2,0.2
C_k9_2od_x1.2,mutation,-E30,2,0.2
C_k9_2od_x1.2,mutation,-E38,2,0.2
C_k9_2od_x1.2,mutation,-E7,2,0.2
C_k9_2od_x1.2,mutation,-E9,2,0.2
C_k9_2od_x1.2,mutation,E110,2,0.2
C_k9_2od_x1.2,mutation,E15,2,0.2
C_k9_2od_x1.2,mutation,E4,2,0.2
C_k9_2od_x1.2,mutation,E43,2,0.2
C_k9_2od_x1.2,mutation,E56,2,0.2
C_k9_2od_x1.2,mutation,E57,2,0.2
C_k9_2od_x1.2,mutation,E63,2,0.2
C_k9_2od_x1.2,mutation,-E14,1,0.1
C_k9_2od_x1.2,mutation,-E23,1,0.1
C_k9_2od_x1.2,mutation,-E29,1,0.1
C_k9_2od_x1.2,mutation,-E32,1,0.1
C_k9_2od_x1.2,mutation,-E39,1,0.1
C_k9_2od_x1.2,mutation,-E40,1,0.1
C_k9_2od_x1.2,mutation,-E44,1,0.1
C_k9_2od_x1.2,mutation,-E46,1,0.1
C_k9_2od_x1.2,mutation,-E51,1,0.1
C_k9_2od_x1.2,mutation,-E52,1,0.1
C_k9_2od_x1.2,mutation,-E58,1,0.1
C_k9_2od_x1.2,mutation,-E6,1,0.1
C_k9_2od_x1.2,mutation,-E64,1,0.1
C_k9_2od_x1.2,mutation,E1,1,0.1
C_k9_2od_x1.2,mutation,E12,1,0.1
C_k9_2od_x1.2,mutation,E16,1,0.1
C_k9_2od_x1.2,mutation,E19,1,0.1
C_k9_2od_x1.2,mutation,E2,1,0.1
C_k9_2od_x1.2,mutation,E21,1,0.1
C_k9_2od_x1.2,mutation,E23,1,0.1
C_k9_2od_x1.2,mutation,E26,1,0.1
C_k9_2od_x1.2,mutation,E3,1,0.1
C_k9_2od_x1.2,mutation,E30,1,0.1
C_k9_2od_x1.2,mutation,E31,1,0.1
C_k9_2od_x1.2,mutation,E33,1,0.1
C_k9_2od_x1.2,mutation,E38,1,0.1
C_k9_2od_x1.2,mutation,E47,1,0.1
C_k9_2od_x1.2,mutation,E49,1,0.1
C_k9_2od_x1.2,none,-E11,3,0.3
C_k9_2od_x1.2,none,-E31,3,0.3
C_k9_2od_x1.2,none,-E9,3,0.3
C_k9_2od_x1.2,none,E11,3,0.3
C_k9_2od_x1.2,none,E17,3,0.3
C_k9_2od_x1.2,none,E34,3,0.3
C_k9_2od_x1.2,none,E45,3,0.3
C_k9_2od_x1.2,none,-E17,2,0.2
C_k9_2od_x1.2,none,-E2,2,0.2
C_k9_2od_x1.2,none,-E20,2,0.2
C_k9_2od_x1.2,none,-E21,2,0.2
C_k9_2od_x1.2,none,-E27,2,0.2
C_k9_2od_x1.2,none,-E28,2,0.2
C_k9_2od_x1.2,none,-E35,2,0.2
C_k9_2od_x1.2,none,-E38,2,0.2
C_k9_2od_x1.2,none,-E40,2,0.2
C_k9_2od_x1.2,none,-E47,2,0.2
C_k9_2od_x1.2,none,-E8,2,0.2
C_k9_2od_x1.2,none,E14,2,0.2
C_k9_2od_x1.2,none,E16,2,0.2
C_k9_2od_x1.2,none,E28,2,0.2
C_k9_2od_x1.2,none,E53,2,0.2
C_k9_2od_x1.2,none,-E1,1,0.1
C_k9_2od_x1.2,none,-E14,1,0.1
C_k9_2od_x1.2,none,-E15,1,0.1
C_k9_2od_x1.2,none,-E16,1,0.1
C_k9_2od_x1.2,none,-E19,1,0.1
C_k9_2od_x1.2,none,-E23,1,0.1
C_k9_2od_x1.2,none,-E39,1,0.1
C_k9_2od_x1.2,none,-E43,1,0.1
C_k9_2od_x1.2,none,-E51,1,0.1
C_k9_2od_x1.2,none,-E52,1,0.1
C_k9_2od_x1.2,none,-E6,1,0.1
C_k9_2od_x1.2,none,-E7,1,0.1
C_k9_2od_x1.2,none,E0,1,0.1
C_k9_2od_x1.2,none,E1,1,0.1
C_k9_2od_x1.2,none,E15,1,0.1
C_k9_2od_x1.2,none,E19,1,0.1
C_k9_2od_x1.2,none,E2,1,0.1
C_k9_2od_x1.2,none,E21,1,0.1
C_k9_2od_x1.2,none,E25,1,0.1
C_k9_2od_x1.2,none,E29,1,0.1
C_k9_2od_x1.2,none,E3,1,0.1
C_k9_2od_x1.2,none,E30,1,0.1
C_k9_2od_x1.2,none,E31,1,0.1
C_k9_2od_x1.2,none,E32,1,0.1
C_k9_2od_x1.2,none,E33,1,0.1
C_k9_2od_x1.2,none,E39,1,0.1
C_k9_2od_x1.2,none,E4,1,0.1
C_k9_2od_x1.2,none,E43,1,0.1
C_k9_2od_x1.2,none,E47,1,0.1
C_k9_2od_x1.2,none,E50,1,0.1
C_k9_2od_x1.2,none,E51,1,0.1
C_k9_2od_x1.2,none,E52,1,0.1
C_k9_2od_x1.2,none,E56,1,0.1
C_k9_2od_x1.2,none,E58,1,0.1
C_k9_2od_x1.2,none,E62,1,0.1
C_k9_3od_x0.8,both,E6,9,0.9
C_k9_3od_x0.8,both,E0,4,0.4
C_k9_3od_x0.8,both,-E19,3,0.3
C_k9_3od_x0.8,both,-E3,3,0.3
C_k9_3od_x0.8,both,-E4,3,0.3
C_k9_3od_x0.8,both,-E47,3,0.3
C_k9_3od_x0.8,both,E3,3,0.3
C_k9_3od_x0.8,both,E31,3,0.3
C_k9_3od_x0.8,both,-E0,2,0.2
C_k9_3od_x0.8,both,-E17,2,0.2
C_k9_3od_x0.8,both,-E26,2,0.2
C_k9_3od_x0.8,both,-E30,2,0.2
C_k9_3od_x0.8,both,-E44,2,0.2
C_k9_3od_x0.8,both,-E7,2,0.2
C_k9_3od_x0.8,both,E26,2,0.2
C_k9_3od_x0.8,both,E28,2,0.2
C_k9_3od_x0.8,both,E4,2,0.2
C_k9_3od_x0.8,both,E40,2,0.2
C_k9_3od_x0.8,both,E51,2,0.2
C_k9_3od_x0.8,both,E57,2,0.2
C_k9_3od_x0.8,both,-E12,1,0.1
C_k9_3od_x0.8,both,-E14,1,0.1
C_k9_3od_x0.8,both,-E15,1,0.1
C_k9_3od_x0.8,both,-E16,1,0.1
C_k9_3od_x0.8,both,-E23,1,0.1
C_k9_3od_x0.8,both,-E28,1,0.1
C_k9_3od_x0.8,both,-E29,1,0.1
C_k9_3od_x0.8,both,-E31,1,0.1
C_k9_3od_x0.8,both,-E32,1,0.1
C_k9_3od_x0.8,both,-E39,1,0.1
C_k9_3od_x0.8,both,-E43,1,0.1
C_k9_3od_x0.8,both,-E45,1,0.1
C_k9_3od_x0.8,both,-E50,1,0.1
C_k9_3od_x0.8,both,-E52,1,0.1
C_k9_3od_x0.8,both,-E53,1,0.1
C_k9_3od_x0.8,both,-E63,1,0.1
C_k9_3od_x0.8,both,-E64,1,0.1
C_k9_3od_x0.8,both,-E8,1,0.1
C_k9_3od_x0.8,both,E1,1,0.1
C_k9_3od_x0.8,both,E11,1,0.1
C_k9_3od_x0.8,both,E110,1,0.1
C_k9_3od_x0.8,both,E14,1,0.1
C_k9_3od_x0.8,both,E19,1,0.1
C_k9_3od_x0.8,both,E21,1,0.1
C_k9_3od_x0.8,both,E23,1,0.1
C_k9_3od_x0.8,both,E30,1,0.1
C_k9_3od_x0.8,both,E32,1,0.1
C_k9_3od_x0.8,both,E45,1,0.1
C_k9_3od_x0.8,both,E47,1,0.1
C_k9_3od_x0.8,both,E52,1,0.1
C_k9_3od_x0.8,both,E58,1,0.1
C_k9_3od_x0.8,both,E63,1,0.1
C_k9_3od_x0.8,both,E64,1,0.1
C_k9_3od_x0.8,both,E7,1,0.1
C_k9_3od_x0.8,both,E9,1,0.1
C_k9_3od_x0.8,init,E6,5,0.5
C_k9_3od_x0.8,init,E7,4,0.4
C_k9_3od_x0.8,init,-E11,3,0.3
C_k9_3od_x0.8,init,-E17,3,0.3
C_k9_3od_x0.8,init,-E63,3,0.3
C_k9_3od_x0.8,init,-E8,3,0.3
C_k9_3od_x0.8,init,E3,3,0.3
C_k9_3od_x0.8,init,E45,3,0.3
C_k9_3od_x0.8,init,E64,3,0.3
C_k9_3od_x0.8,init,-E14,2,0.2
C_k9_3od_x0.8,init,-E23,2,0.2
C_k9_3od_x0.8,init,-E35,2,0.2
C_k9_3od_x0.8,init,-E4,2,0.2
C_k9_3od_x0.8,init,-E47,2,0.2
C_k9_3od_x0.8,init,-E58,2,0.2
C_k9_3od_x0.8,init,-E64,2,0.2
C_k9_3od_x0.8,init,E16,2,0.2
C_k9_3od_x0.8,init,E19,2,0.2
C_k9_3od_x0.8,init,E33,2,0.2
C_k9_3od_x0.8,init,E57,2,0.2
C_k9_3od_x0.8,init,E9,2,0.2
C_k9_3od_x0.8,init,-E12,1,0.1
C_k9_3od_x0.8,init,-E15,1,0.1
C_k9_3od_x0.8,init,-E19,1,0.1
C_k9_3od_x0.8,init,-E2,1,0.1
C_k9_3od_x0.8,init,-E21,1,0.1
C_k9_3od_x0.8,init,-E25,1,0.1
C_k9_3od_x0.8,init,-E26,1,0.1
C_k9_3od_x0.8,init,-E28,1,0.1
C_k9_3od_x0.8,init,-E40,1,0.1
C_k9_3od_x0.8,init,-E44,1,0.1
C_k9_3od_x0.8,init,-E46,1,0.1
C_k9_3od_x0.8,init,-E51,1,0.1
C_k9_3od_x0.8,init,-E52,1,0.1
C_k9_3od_x0.8,init,-E6,1,0.1
C_k9_3od_x0.8,init,-E7,1,0.1
C_k9_3od_x0.8,init,E0,1,0.1
C_k9_3od_x0.8,init,E1,1,0.1
C_k9_3od_x0.8,init,E15,1,0.1
C_k9_3od_x0.8,init,E23,1,0.1
C_k9_3od_x0.8,init,E25,1,0.1
C_k9_3od_x0.8,init,E26,1,0.1
C_k9_3od_x0.8,init,E27,1,0.1
C_k9_3od_x0.8,init,E28,1,0.1
C_k9_3od_x0.8,init,E29,1,0.1
C_k9_3od_x0.8,init,E30,1,0.1
C_k9_3od_x0.8,init,E31,1,0.1
C_k9_3od_x0.8,init,E34,1,0.1
C_k9_3od_x0.8,init,E39,1,0.1
C_k9_3od_x0.8,init,E43,1,0.1
C_k9_3od_x0.8,init,E46,1,0.1
C_k9_3od_x0.8,init,E47,1,0.1
C_k9_3od_x0.8,init,E49,1,0.1
C_k9_3od_x0.8,init,E50,1,0.1
C_k9_3od_x0.8,init,E56,1,0.1
C_k9_3od_x0.8,init,E59,1,0.1
C_k9_3od_x0.8,init,E63,1,0.1
C_k9_3od_x0.8,mutation,E6,4,0.4
C_k9_3od_x0.8,mutation,-E1,3,0.3
C_k9_3od_x0.8,mutation,-E14,3,0.3
C_k9_3od_x0.8,mutation,-E40,3,0.3
C_k9_3od_x0.8,mutation,E47,3,0.3
C_k9_3od_x0.8,mutation,E7,3,0.3
C_k9_3od_x0.8,mutation,-E0,2,0.2
C_k9_3od_x0.8,mutation,-E19,2,0.2
C_k9_3od_x0.8,mutation,-E28,2,0.2
C_k9_3od_x0.8,mutation,-E3,2,0.2
C_k9_3od_x0.8,mutation,-E39,2,0.2
C_k9_3od_x0.8,mutation,-E4,2,0.2
C_k9_3od_x0.8,mutation,-E47,2,0.2
C_k9_3od_x0.8,mutation,-E51,2,0.2
C_k9_3od_x0.8,mutation,-E6,2,0.2
C_k9_3od_x0.8,mutation,E11,2,0.2
C_k9_3od_x0.8,mutation,E16,2,0.2
C_k9_3od_x0.8,mutation,E21,2,0.2
C_k9_3od_x0.8,mutation,E23,2,0.2
C_k9_3od_x0.8,mutation,E28,2,0.2
C_k9_3od_x0.8,mutation,E29,2,0.2
C_k9_3od_x0.8,mutation,E3,2,0.2
C_k9_3od_x0.8,mutation,E30,2,0.2
C_k9_3od_x0.8,mutation,E31,2,0.2
C_k9_3od_x0.8,mutation,E49,2,0.2
C_k9_3od_x0.8,mutation,E56,2,0.2
C_k9_3od_x0.8,mutation,E64,2,0.2
C_k9_3od_x0.8,mutation,-E11,1,0.1
C_k9_3od_x0.8,mutation,-E15,1,0.1
C_k9_3od_x0.8,mutation,-E17,1,0.1
C_k9_3od_x0.8,mutation,-E21,1,0.1
C_k9_3od_x0.8,mutation,-E26,1,0.1
C_k9_3od_x0.8,mutation,-E32,1,0.1
C_k9_3od_x0.8,mutation,-E35,1,0.1
C_k9_3od_x0.8,mutation,-E43,1,0.1
C_k9_3od_x0.8,mutation,-E50,1,0.1
C_k9_3od_x0.8,mutation,-E64,1,0.1
C_k9_3od_x0.8,mutation,-E7,1,0.1
C_k9_3od_x0.8,mutation,E0,1,0.1
C_k9_3od_x0.8,mutation,E110,1,0.1
C_k9_3od_x0.8,mutation,E14,1,0.1
C_k9_3od_x0.8,mutation,E15,1,0.1
C_k9_3od_x0.8,mutation,E17,1,0.1
C_k9_3od_x0.8,mutation,E19,1,0.1
C_k9_3od_x0.8,mutation,E2,1,0.1
C_k9_3od_x0.8,mutation,E24,1,0.1
C_k9_3od_x0.8,mutation,E25,1,0.1
C_k9_3od_x0.8,mutation,E27,1,0.1
C_k9_3od_x0.8,mutation,E39,1,0.1
C_k9_3od_x0.8,mutation,E46,1,0.1
C_k9_3od_x0.8,mutation,E50,1,0.1
C_k9_3od_x0.8,mutation,E52,1,0.1
C_k9_3od_x0.8,mutation,E63,1,0.1
C_k9_3od_x0.8,none,E6,5,0.5
C_k9_3od_x0.8,none,-E35,4,0.4
C_k9_3od_x0.8,none,-E6,4,0.4
C_k9_3od_x0.8,none,E7,4,0.4
C_k9_3od_x0.8,none,E110,3,0.3
C_k9_3od_x0.8,none,E19,3,0.3
C_k9_3od_x0.8,none,E40,3,0.3
C_k9_3od_x0.8,none,E9,3,0.3
C_k9_3od_x0.8,none,-E14,2,0.2
C_k9_3od_x0.8,none,-E30,2,0.2
C_k9_3od_x0.8,none,-E40,2,0.2
C_k9_3od_x0.8,none,-E51,2,0.2
C_k9_3od_x0.8,none,-E7,2,0.2
C_k9_3od_x0.8,none,E3,2,0.2
C_k9_3od_x0.8,none,E4,2,0.2
C_k9_3od_x0.8,none,E45,2,0.2
C_k9_3od_x0.8,none,E49,2,0.2
C_k9_3od_x0.8,none,E52,2,0.2
C_k9_3od_x0.8,none,E62,2,0.2
C_k9_3od_x0.8,none,-E12,1,0.1
C_k9_3od_x0.8,none,-E19,1,0.1
C_k9_3od_x0.8,none,-E2,1,0.1
C_k9_3od_x0.8,none,-E21,1,0.1
C_k9_3od_x0.8,none,-E26,1,0.1
C_k9_3od_x0.8,none,-E27,1,0.1
C_k9_3od_x0.8,none,-E29,1,0.1
C_k9_3od_x0.8,none,-E31,1,0.1
C_k9_3od_x0.8,none,-E38,1,0.1
C_k9_3od_x0.8,none,-E4,1,0.1
C_k9_3od_x0.8,none,-E43,1,0.1
C_k9_3od_x0.8,none,-E47,1,0.1
C_k9_3od_x0.8,none,-E52,1,0.1
C_k9_3od_x0.8,none,-E63,1,0.1
C_k9_3od_x0.8,none,-E64,1,0.1
C_k9_3od_x0.8,none,-E8,1,0.1
C_k9_3od_x0.8,none,E0,1,0.1
C_k9_3od_x0.8,none,E11,1,0.1
C_k9_3od_x0.8,none,E14,1,0.1
C_k9_3od_x0.8,none,E15,1,0.1
C_k9_3od_x0.8,none,E16,1,0.1
C_k9_3od_x0.8,none,E17,1,0.1
C_k9_3od_x0.8,none,E2,1,0.1
C_k9_3od_x0.8,none,E25,1,0.1
C_k9_3od_x0.8,none,E26,1,0.1
C_k9_3od_x0.8,none,E28,1,0.1
C_k9_3od_x0.8,none,E29,1,0.1
C_k9_3od_x0.8,none,E31,1,0.1
C_k9_3od_x0.8,none,E32,1,0.1
C_k9_3od_x0.8,none,E33,1,0.1
C_k9_3od_x0.8,none,E34,1,0.1
C_k9_3od_x0.8,none,E43,1,0.1
C_k9_3od_x0.8,none,E46,1,0.1
C_k9_3od_x0.8,none,E47,1,0.1
C_k9_3od_x0.8,none,E51,1,0.1
C_k9_3od_x0.8,none,E53,1,0.1
C_k9_3od_x0.8,none,E56,1,0.1
C_k9_3od_x0.8,none,E57,1,0.1
C_k9_3od_x0.8,none,E63,1,0.1
C_k9_3od_x1.0,both,E6,9,0.9
C_k9_3od_x1.0,both,E9,7,0.7
C_k9_3od_x1.0,both,-E2,3,0.3
C_k9_3od_x1.0,both,-E31,3,0.3
C_k9_3od_x1.0,both,-E44,3,0.3
C_k9_3od_x1.0,both,-E51,3,0.3
C_k9_3od_x1.0,both,E15,3,0.3
C_k9_3od_x1.0,both,E50,3,0.3
C_k9_3od_x1.0,both,-E39,2,0.2
C_k9_3od_x1.0,both,-E50,2,0.2
C_k9_3od_x1.0,both,-E52,2,0.2
C_k9_3od_x1.0,both,-E58,2,0.2
C_k9_3od_x1.0,both,-E6,2,0.2
C_k9_3od_x1.0,both,-E8,2,0.2
C_k9_3od_x1.0,both,E1,2,0.2
C_k9_3od_x1.0,both,E19,2,0.2
C_k9_3od_x1.0,both,E27,2,0.2
C_k9_3od_x1.0,both,E32,2,0.2
C_k9_3od_x1.0,both,E34,2,0.2
C_k9_3od_x1.0,both,E56,2,0.2
C_k9_3od_x1.0,both,-E0,1,0.1
C_k9_3od_x1.0,both,-E12,1,0.1
C_k9_3od_x1.0,both,-E14,1,0.1
C_k9_3od_x1.0,both,-E15,1,0.1
C_k9_3od_x1.0,both,-E17,1,0.1
C_k9_3od_x1.0,both,-E20,1,0.1
C_k9_3od_x1.0,both,-E23,1,0.1
C_k9_3od_x1.0,both,-E25,1,0.1
C_k9_3od_x1.0,both,-E27,1,0.1
C_k9_3od_x1.0,both,-E28,1,0.1
C_k9_3od_x1.0,both,-E3,1,0.1
C_k9_3od_x1.0,both,-E30,1,0.1
C_k9_3od_x1.0,both,-E32,1,0.1
C_k9_3od_x1.0,both,-E35,1,0.1
C_k9_3od_x1.0,both,-E38,1,0.1
C_k9_3od_x1.0,both,-E4,1,0.1
C_k9_3od_x1.0,both,-E40,1,0.1
C_k9_3od_x1.0,both,-E45,1,0.1
C_k9_3od_x1.0,both,-E47,1,0.1
C_k9_3od_x1.0,both,-E7,1,0.1
C_k9_3od_x1.0,both,E16,1,0.1
C_k9_3od_x1.0,both,E17,1,0.1
C_k9_3od_x1.0,both,E2,1,0.1
C_k9_3od_x1.0,both,E23,1,0.1
C_k9_3od_x1.0,both,E25,1,0.1
C_k9_3od_x1.0,both,E26,1,0.1
C_k9_3od_x1.0,both,E29,1,0.1
C_k9_3od_x1.0,both,E4,1,0.1
C_k9_3od_x1.0,both,E43,1,0.1
C_k9_3od_x1.0,both,E63,1,0.1
C_k9_3od_x1.0,both,E64,1,0.1
C_k9_3od_x1.0,both,E7,1,0.1
C_k9_3od_x1.0,init,E6,6,0.6
C_k9_3od_x1.0,init,E9,4,0.4
C_k9_3od_x1.0,init,-E19,3,0.3
C_k9_3od_x1.0,init,-E46,3,0.3
C_k9_3od_x1.0,init,E25,3,0.3
C_k9_3od_x1.0,init,E7,3,0.3
C_k9_3od_x1.0,init,-E1,2,0.2
C_k9_3od_x1.0,init,-E11,2,0.2
C_k9_3od_x1.0,init,-E15,2,0.2
C_k9_3od_x1.0,init,-E2,2,0.2
C_k9_3od_x1.0,init,-E29,2,0.2
C_k9_3od_x1.0,init,-E40,2,0.2
C_k9_3od_x1.0,init,-E51,2,0.2
C_k9_3od_x1.0,init,-E64,2,0.2
C_k9_3od_x1.0,init,-E8,2,0.2
C_k9_3od_x1.0,init,-E9,2,0.2
C_k9_3od_x1.0,init,E14,2,0.2
C_k9_3od_x1.0,init,E2,2,0.2
C_k9_3od_x1.0,init,E30,2,0.2
C_k9_3od_x1.0,init,E39,2,0.2
C_k9_3od_x1.0,init,E4,2,0.2
C_k9_3od_x1.0,init,E57,2,0.2
C_k9_3od_x1.0,init,-E16,1,0.1
C_k9_3od_x1.0,init,-E17,1,0.1
C_k9_3od_x1.0,init,-E20,1,0.1
C_k9_3od_x1.0,init,-E21,1,0.1
C_k9_3od_x1.0,init,-E23,1,0.1
C_k9_3od_x1.0,init,-E25,1,0.1
C_k9_3od_x1.0,init,-E26,1,0.1
C_k9_3od_x1.0,init,-E27,1,0.1
C_k9_3od_x1.0,init,-E3,1,0.1
C_k9_3od_x1.0,init,-E30,1,0.1
C_k9_3od_x1.0,init,-E45,1,0.1
C_k9_3od_x1.0,init,-E50,1,0.1
C_k9_3od_x1.0,init,-E58,1,0.1
C_k9_3od_x1.0,init,-E7,1,0.1
C_k9_3od_x1.0,init,E1,1,0.1
C_k9_3od_x1.0,init,E11,1,0.1
C_k9_3od_x1.0,init,E17,1,0.1
C_k9_3od_x1.0,init,E19,1,0.1
C_k9_3od_x1.0,init,E21,1,0.1
C_k9_3od_x1.0,init,E27,1,0.1
C_k9_3od_x1.0,init,E3,1,0.1
C_k9_3od_x1.0,init,E31,1,0.1
C_k9_3od_x1.0,init,E34,1,0.1
C_k9_3od_x1.0,init,E40,1,0.1
C_k9_3od_x1.0,init,E41,1,0.1
C_k9_3od_x1.0,init,E43,1,0.1
C_k9_3od_x1.0,init,E46,1,0.1
C_k9_3od_x1.0,init,E50,1,0.1
C_k9_3od_x1.0,mutation,E6,9,0.9
C_k9_3od_x1.0,mutation,E9,8,0.8
C_k9_3od_x1.0,mutation,-E2,6,0.6
C_k9_3od_x1.0,mutation,E56,5,0.5
C_k9_3od_x1.0,mutation,-E29,4,0.4
C_k9_3od_x1.0,mutation,E28,3,0.3
C_k9_3od_x1.0,mutation,E32,3,0.3
C_k9_3od_x1.0,mutation,E50,3,0.3
C_k9_3od_x1.0,mutation,-E20,2,0.2
C_k9_3od_x1.0,mutation,-E39,2,0.2
C_k9_3od_x1.0,mutation,-E64,2,0.2
C_k9_3od_x1.0,mutation,-E8,2,0.2
C_k9_3od_x1.0,mutation,-E9,2,0.2
C_k9_3od_x1.0,mutation,E11,2,0.2
C_k9_3od_x1.0,mutation,E17,2,0.2
C_k9_3od_x1.0,mutation,E19,2,0.2
C_k9_3od_x1.0,mutation,E3,2,0.2
C_k9_3od_x1.0,mutation,E63,2,0.2
C_k9_3od_x1.0,mutation,-E0,1,0.1
C_k9_3od_x1.0,mutation,-E12,1,0.1
C_k9_3od_x1.0,mutation,-E14,1,0.1
C_k9_3od_x1.0,mutation,-E21,1,0.1
C_k9_3od_x1.0,mutation,-E25,1,0.1
C_k9_3od_x1.0,mutation,-E26,1,0.1
C_k9_3od_x1.0,mutation,-E27,1,0.1
C_k9_3od_x1.0,mutation,-E28,1,0.1
C_k9_3od_x1.0,mutation,-E30,1,0.1
C_k9_3od_x1.0,mutation,-E31,1,0.1
C_k9_3od_x1.0,mutation,-E32,1,0.1
C_k9_3od_x1.0,mutation,-E35,1,0.1
C_k9_3od_x1.0,mutation,-E4,1,0.1
C_k9_3od_x1.0,mutation,-E43,1,0.1
C_k9_3od_x1.0,mutation,-E51,1,0.1
C_k9_3od_x1.0,mutation,-E63,1,0.1
C_k9_3od_x1.0,mutation,E0,1,0.1
C_k9_3od_x1.0,mutation,E14,1,0.1
C_k9_3od_x1.0,mutation,E21,1,0.1
C_k9_3od_x1.0,mutation,E25,1,0.1
C_k9_3od_x1.0,mutation,E27,1,0.1
C_k9_3od_x1.0,mutation,E30,1,0.1
C_k9_3od_x1.0,mutation,E31,1,0.1
C_k9_3od_x1.0,mutation,E34,1,0.1
C_k9_3od_x1.0,mutation,E43,1,0.1
C_k9_3od_x1.0,mutation,E46,1,0.1
C_k9_3od_x1.0,mutation,E47,1,0.1
C_k9_3od_x1.0,mutation,E51,1,0.1
C_k9_3od_x1.0,mutation,E52,1,0.1
C_k9_3od_x1.0,none,E6,6,0.6
C_k9_3od_x1.0,none,E7,5,0.5
C_k9_3od_x1.0,none,E9,4,0.4
C_k9_3od_x1.0,none,-E23,3,0.3
C_k9_3od_x1.0,none,E2,3,0.3
C_k9_3od_x1.0,none,E31,3,0.3
C_k9_3od_x1.0,none,E32,3,0.3
C_k9_3od_x1.0,none,E57,3,0.3
C_k9_3od_x1.0,none,-E15,2,0.2
C_k9_3od_x1.0,none,-E2,2,0.2
C_k9_3od_x1.0,none,-E28,2,0.2
C_k9_3od_x1.0,none,-E6,2,0.2
C_k9_3od_x1.0,none,-E8,2,0.2
C_k9_3od_x1.0,none,E15,2,0.2
C_k9_3od_x1.0,none,E17,2,0.2
C_k9_3od_x1.0,none,E19,2,0.2
C_k9_3od_x1.0,none,E26,2,0.2
C_k9_3od_x1.0,none,E4,2,0.2
C_k9_3od_x1.0,none,E40,2,0.2
C_k9_3od_x1.0,none,E45,2,0.2
C_k9_3od_x1.0,none,E51,2,0.2
C_k9_3od_x1.0,none,-E1,1,0.1
C_k9_3od_x1.0,none,-E11,1,0.1
C_k9_3od_x1.0,none,-E12,1,0.1
C_k9_3od_x1.0,none,-E14,1,0.1
C_k9_3od_x1.0,none,-E16,1,0.1
C_k9_3od_x1.0,none,-E20,1,0.1
C_k9_3od_x1.0,none,-E21,1,0.1
C_k9_3od_x1.0,none,-E25,1,0.1
C_k9_3od_x1.0,none,-E27,1,0.1
C_k9_3od_x1.0,none,-E29,1,0.1
C_k9_3od_x1.0,none,-E35,1,0.1
C_k9_3od_x1.0,none,-E40,1,0.1
C_k9_3od_x1.0,none,-E46,1,0.1
C_k9_3od_x1.0,none,-E47,1,0.1
C_k9_3od_x1.0,none,-E51,1,0.1
C_k9_3od_x1.0,none,-E63,1,0.1
C_k9_3od_x1.0,none,-E64,1,0.1
C_k9_3od_x1.0,none,-E7,1,0.1
C_k9_3od_x1.0,none,E0,1,0.1
C_k9_3od_x1.0,none,E1,1,0.1
C_k9_3od_x1.0,none,E11,1,0.1
C_k9_3od_x1.0,none,E110,1,0.1
C_k9_3od_x1.0,none,E14,1,0.1
C_k9_3od_x1.0,none,E21,1,0.1
C_k9_3od_x1.0,none,E25,1,0.1
C_k9_3od_x1.0,none,E28,1,0.1
C_k9_3od_x1.0,none,E3,1,0.1
C_k9_3od_x1.0,none,E30,1,0.1
C_k9_3od_x1.0,none,E33,1,0.1
C_k9_3od_x1.0,none,E49,1,0.1
C_k9_3od_x1.0,none,E58,1,0.1
C_k9_3od_x1.0,none,E63,1,0.1
C_k9_3od_x1.0,none,E64,1,0.1
C_k9_3od_x1.0,none,E8,1,0.1
C_k9_3od_x1.2,both,E6,7,0.7
C_k9_3od_x1.2,both,-E11,4,0.4
C_k9_3od_x1.2,both,-E39,4,0.4
C_k9_3od_x1.2,both,-E46,3,0.3
C_k9_3od_x1.2,both,-E64,3,0.3
C_k9_3od_x1.2,both,-E7,3,0.3
C_k9_3od_x1.2,both,E110,3,0.3
C_k9_3od_x1.2,both,E14,3,0.3
C_k9_3od_x1.2,both,-E0,2,0.2
C_k9_3od_x1.2,both,-E16,2,0.2
C_k9_3od_x1.2,both,-E3,2,0.2
C_k9_3od_x1.2,both,-E47,2,0.2
C_k9_3od_x1.2,both,-E51,2,0.2
C_k9_3od_x1.2,both,E0,2,0.2
C_k9_3od_x1.2,both,E11,2,0.2
C_k9_3od_x1.2,both,E16,2,0.2
C_k9_3od_x1.2,both,E23,2,0.2
C_k9_3od_x1.2,both,E24,2,0.2
C_k9_3od_x1.2,both,E30,2,0.2
C_k9_3od_x1.2,both,E33,2,0.2
C_k9_3od_x1.2,both,E47,2,0.2
C_k9_3od_x1.2,both,E51,2,0.2
C_k9_3od_x1.2,both,-E12,1,0.1
C_k9_3od_x1.2,both,-E17,1,0.1
C_k9_3od_x1.2,both,-E21,1,0.1
C_k9_3od_x1.2,both,-E23,1,0.1
C_k9_3od_x1.2,both,-E4,1,0.1
C_k9_3od_x1.2,both,-E43,1,0.1
C_k9_3od_x1.2,both,-E50,1,0.1
C_k9_3od_x1.2,both,-E53,1,0.1
C_k9_3od_x1.2,both,-E58,1,0.1
C_k9_3od_x1.2,both,-E6,1,0.1
C_k9_3od_x1.2,both,-E8,1,0.1
C_k9_3od_x1.2,both,-E9,1,0.1
C_k9_3od_x1.2,both,E15,1,0.1
C_k9_3od_x1.2,both,E19,1,0.1
C_k9_3od_x1.2,both,E21,1,0.1
C_k9_3od_x1.2,both,E29,1,0.1
C_k9_3od_x1.2,both,E3,1,0.1
C_k9_3od_x1.2,both,E31,1,0.1
C_k9_3od_x1.2,both,E32,1,0.1
C_k9_3od_x1.2,both,E39,1,0.1
C_k9_3od_x1.2,both,E40,1,0.1
C_k9_3od_x1.2,both,E50,1,0.1
C_k9_3od_x1.2,both,E56,1,0.1
C_k9_3od_x1.2,both,E57,1,0.1
C_k9_3od_x1.2,both,E58,1,0.1
C_k9_3od_x1.2,init,E6,9,0.9
C_k9_3od_x1.2,init,-E14,3,0.3
C_k9_3od_x1.2,init,-E17,3,0.3
C_k9_3od_x1.2,init,-E40,3,0.3
C_k9_3od_x1.2,init,E11,3,0.3
C_k9_3od_x1.2,init,E45,3,0.3
C_k9_3od_x1.2,init,-E11,2,0.2
C_k9_3od_x1.2,init,-E16,2,0.2
C_k9_3od_x1.2,init,-E23,2,0.2
C_k9_3od_x1.2,init,-E43,2,0.2
C_k9_3od_x1.2,init,-E44,2,0.2
C_k9_3od_x1.2,init,-E46,2,0.2
C_k9_3od_x1.2,init,-E51,2,0.2
C_k9_3od_x1.2,init,-E7,2,0.2
C_k9_3od_x1.2,init,-E8,2,0.2
C_k9_3od_x1.2,init,E0,2,0.2
C_k9_3od_x1.2,init,E14,2,0.2
C_k9_3od_x1.2,init,E23,2,0.2
C_k9_3od_x1.2,init,E3,2,0.2
C_k9_3od_x1.2,init,E30,2,0.2
C_k9_3od_x1.2,init,E32,2,0.2
C_k9_3od_x1.2,init,E49,2,0.2
C_k9_3od_x1.2,init,E63,2,0.2
C_k9_3od_x1.2,init,E9,2,0.2
C_k9_3od_x1.2,init,-E0,1,0.1
C_k9_3od_x1.2,init,-E1,1,0.1
C_k9_3od_x1.2,init,-E12,1,0.1
C_k9_3od_x1.2,init,-E15,1,0.1
C_k9_3od_x1.2,init,-E19,1,0.1
C_k9_3od_x1.2,init,-E2,1,0.1
C_k9_3od_x1.2,init,-E20,1,0.1
C_k9_3od_x1.2,init,-E27,1,0.1
C_k9_3od_x1.2,init,-E28,1,0.1
C_k9_3od_x1.2,init,-E29,1,0.1
C_k9_3od_x1.2,init,-E31,1,0.1
C_k9_3od_x1.2,init,-E45,1,0.1
C_k9_3od_x1.2,init,-E50,1,0.1
C_k9_3od_x1.2,init,-E52,1,0.1
C_k9_3od_x1.2,init,-E58,1,0.1
C_k9_3od_x1.2,init,-E6,1,0.1
C_k9_3od_x1.2,init,-E64,1,0.1
C_k9_3od_x1.2,init,E110,1,0.1
C_k9_3od_x1.2,init,E16,1,0.1
C_k9_3od_x1.2,init,E17,1,0.1
C_k9_3od_x1.2,init,E19,1,0.1
C_k9_3od_x1.2,init,E28,1,0.1
C_k9_3od_x1.2,init,E34,1,0.1
C_k9_3od_x1.2,init,E43,1,0.1
C_k9_3od_x1.2,init,E50,1,0.1
C_k9_3od_x1.2,init,E51,1,0.1
C_k9_3od_x1.2,init,E53,1,0.1
C_k9_3od_x1.2,init,E57,1,0.1
C_k9_3od_x1.2,init,E7,1,0.1
C_k9_3od_x1.2,init,E8,1,0.1
C_k9_3od_x1.2,mutation,E6,10,1.0
C_k9_3od_x1.2,mutation,E110,4,0.4
C_k9_3od_x1.2,mutation,E32,4,0.4
C_k9_3od_x1.2,mutation,E47,4,0.4
C_k9_3od_x1.2,mutation,-E14,3,0.3
C_k9_3od_x1.2,mutation,-E6,3,0.3
C_k9_3od_x1.2,mutation,-E64,3,0.3
C_k9_3od_x1.2,mutation,E1,3,0.3
C_k9_3od_x1.2,mutation,E26,3,0.3
C_k9_3od_x1.2,mutation,-E0,2,0.2
C_k9_3od_x1.2,mutation,-E1,2,0.2
C_k9_3od_x1.2,mutation,-E19,2,0.2
C_k9_3od_x1.2,mutation,-E20,2,0.2
C_k9_3od_x1.2,mutation,-E51,2,0.2
C_k9_3od_x1.2,mutation,-E58,2,0.2
C_k9_3od_x1.2,mutation,E15,2,0.2
C_k9_3od_x1.2,mutation,E16,2,0.2
C_k9_3od_x1.2,mutation,E27,2,0.2
C_k9_3od_x1.2,mutation,E3,2,0.2
C_k9_3od_x1.2,mutation,E30,2,0.2
C_k9_3od_x1.2,mutation,E31,2,0.2
C_k9_3od_x1.2,mutation,E51,2,0.2
C_k9_3od_x1.2,mutation,-E11,1,0.1
C_k9_3od_x1.2,mutation,-E21,1,0.1
C_k9_3od_x1.2,mutation,-E23,1,0.1
C_k9_3od_x1.2,mutation,-E26,1,0.1
C_k9_3od_x1.2,mutation,-E27,1,0.1
C_k9_3od_x1.2,mutation,-E28,1,0.1
C_k9_3od_x1.2,mutation,-E29,1,0.1
C_k9_3od_x1.2,mutation,-E31,1,0.1
C_k9_3od_x1.2,mutation,-E4,1,0.1
C_k9_3od_x1.2,mutation,-E40,1,0.1
C_k9_3od_x1.2,mutation,-E46,1,0.1
C_k9_3od_x1.2,mutation,-E50,1,0.1
C_k9_3od_x1.2,mutation,-E52,1,0.1
C_k9_3od_x1.2,mutation,E0,1,0.1
C_k9_3od_x1.2,mutation,E14,1,0.1
C_k9_3od_x1.2,mutation,E25,1,0.1
C_k9_3od_x1.2,mutation,E28,1,0.1
C_k9_3od_x1.2,mutation,E29,1,0.1
C_k9_3od_x1.2,mutation,E4,1,0.1
C_k9_3od_x1.2,mutation,E40,1,0.1
C_k9_3od_x1.2,mutation,E45,1,0.1
C_k9_3od_x1.2,mutation,E46,1,0.1
C_k9_3od_x1.2,mutation,E56,1,0.1
C_k9_3od_x1.2,mutation,E57,1,0.1
C_k9_3od_x1.2,mutation,E63,1,0.1
C_k9_3od_x1.2,mutation,E64,1,0.1
C_k9_3od_x1.2,mutation,E9,1,0.1
C_k9_3od_x1.2,none,E6,9,0.9
C_k9_3od_x1.2,none,-E58,5,0.5
C_k9_3od_x1.2,none,E16,4,0.4
C_k9_3od_x1.2,none,-E26,3,0.3
C_k9_3od_x1.2,none,-E8,3,0.3
C_k9_3od_x1.2,none,E4,3,0.3
C_k9_3od_x1.2,none,E49,3,0.3
C_k9_3od_x1.2,none,-E11,2,0.2
C_k9_3od_x1.2,none,-E16,2,0.2
C_k9_3od_x1.2,none,-E17,2,0.2
C_k9_3od_x1.2,none,-E21,2,0.2
C_k9_3od_x1.2,none,-E30,2,0.2
C_k9_3od_x1.2,none,-E39,2,0.2
C_k9_3od_x1.2,none,-E40,2,0.2
C_k9_3od_x1.2,none,-E45,2,0.2
C_k9_3od_x1.2,none,-E6,2,0.2
C_k9_3od_x1.2,none,E11,2,0.2
C_k9_3od_x1.2,none,E17,2,0.2
C_k9_3od_x1.2,none,E47,2,0.2
C_k9_3od_x1.2,none,-E0,1,0.1
C_k9_3od_x1.2,none,-E14,1,0.1
C_k9_3od_x1.2,none,-E20,1,0.1
C_k9_3od_x1.2,none,-E28,1,0.1
C_k9_3od_x1.2,none,-E29,1,0.1
C_k9_3od_x1.2,none,-E35,1,0.1
C_k9_3od_x1.2,none,-E43,1,0.1
C_k9_3od_x1.2,none,-E44,1,0.1
C_k9_3od_x1.2,none,-E46,1,0.1
C_k9_3od_x1.2,none,-E50,1,0.1
C_k9_3od_x1.2,none,-E51,1,0.1
C_k9_3od_x1.2,none,-E64,1,0.1
C_k9_3od_x1.2,none,-E7,1,0.1
C_k9_3od_x1.2,none,E1,1,0.1
C_k9_3od_x1.2,none,E110,1,0.1
C_k9_3od_x1.2,none,E15,1,0.1
C_k9_3od_x1.2,none,E21,1,0.1
C_k9_3od_x1.2,none,E23,1,0.1
C_k9_3od_x1.2,none,E25,1,0.1
C_k9_3od_x1.2,none,E26,1,0.1
C_k9_3od_x1.2,none,E28,1,0.1
C_k9_3od_x1.2,none,E3,1,0.1
C_k9_3od_x1.2,none,E30,1,0.1
C_k9_3od_x1.2,none,E32,1,0.1
C_k9_3od_x1.2,none,E33,1,0.1
C_k9_3od_x1.2,none,E39,1,0.1
C_k9_3od_x1.2,none,E40,1,0.1
C_k9_3od_x1.2,none,E45,1,0.1
C_k9_3od_x1.2,none,E56,1,0.1
C_k9_3od_x1.2,none,E57,1,0.1
C_k9_3od_x1.2,none,E63,1,0.1
C_k9_3od_x1.2,none,E7,1,0.1
C_k9_3od_x1.2,none,E9,1,0.1
D_k9_1od_x0.8,both,E9,10,1.0
D_k9_1od_x0.8,both,E3,4,0.4
D_k9_1od_x0.8,both,E21,3,0.3
D_k9_1od_x0.8,both,E31,3,0.3
D_k9_1od_x0.8,both,E45,3,0.3
D_k9_1od_x0.8,both,E52,3,0.3
D_k9_1od_x0.8,both,-E1,2,0.2
D_k9_1od_x0.8,both,-E15,2,0.2
D_k9_1od_x0.8,both,-E19,2,0.2
D_k9_1od_x0.8,both,-E21,2,0.2
D_k9_1od_x0.8,both,-E27,2,0.2
D_k9_1od_x0.8,both,-E31,2,0.2
D_k9_1od_x0.8,both,-E45,2,0.2
D_k9_1od_x0.8,both,-E8,2,0.2
D_k9_1od_x0.8,both,E0,2,0.2
D_k9_1od_x0.8,both,E23,2,0.2
D_k9_1od_x0.8,both,E25,2,0.2
D_k9_1od_x0.8,both,E26,2,0.2
D_k9_1od_x0.8,both,E28,2,0.2
D_k9_1od_x0.8,both,E33,2,0.2
D_k9_1od_x0.8,both,E49,2,0.2
D_k9_1od_x0.8,both,E50,2,0.2
D_k9_1od_x0.8,both,E7,2,0.2
D_k9_1od_x0.8,both,-E14,1,0.1
D_k9_1od_x0.8,both,-E16,1,0.1
D_k9_1od_x0.8,both,-E20,1,0.1
D_k9_1od_x0.8,both,-E26,1,0.1
D_k9_1od_x0.8,both,-E29,1,0.1
D_k9_1od_x0.8,both,-E35,1,0.1
D_k9_1od_x0.8,both,-E39,1,0.1
D_k9_1od_x0.8,both,-E4,1,0.1
D_k9_1od_x0.8,both,-E41,1,0.1
D_k9_1od_x0.8,both,-E46,1,0.1
D_k9_1od_x0.8,both,-E47,1,0.1
D_k9_1od_x0.8,both,-E58,1,0.1
D_k9_1od_x0.8,both,-E6,1,0.1
D_k9_1od_x0.8,both,-E64,1,0.1
D_k9_1od_x0.8,both,-E7,1,0.1
D_k9_1od_x0.8,both,E15,1,0.1
D_k9_1od_x0.8,both,E16,1,0.1
D_k9_1od_x0.8,both,E17,1,0.1
D_k9_1od_x0.8,both,E19,1,0.1
D_k9_1od_x0.8,both,E2,1,0.1
D_k9_1od_x0.8,both,E27,1,0.1
D_k9_1od_x0.8,both,E29,1,0.1
D_k9_1od_x0.8,both,E30,1,0.1
D_k9_1od_x0.8,both,E34,1,0.1
D_k9_1od_x0.8,both,E38,1,0.1
D_k9_1od_x0.8,both,E5,1,0.1
D_k9_1od_x0.8,both,E56,1,0.1
D_k9_1od_x0.8,both,E59,1,0.1
D_k9_1od_x0.8,both,E63,1,0.1
D_k9_1od_x0.8,both,E64,1,0.1
D_k9_1od_x0.8,init,E9,7,0.7
D_k9_1od_x0.8,init,E45,6,0.6
D_k9_1od_x0.8,init,-E32,3,0.3
D_k9_1od_x0.8,init,-E45,3,0.3
D_k9_1od_x0.8,init,E12,3,0.3
D_k9_1od_x0.8,init,E30,3,0.3
D_k9_1od_x0.8,init,E52,3,0.3
D_k9_1od_x0.8,init,E6,3,0.3
D_k9_1od_x0.8,init,-E19,2,0.2
D_k9_1od_x0.8,init,-E21,2,0.2
D_k9_1od_x0.8,init,-E28,2,0.2
D_k9_1od_x0.8,init,-E39,2,0.2
D_k9_1od_x0.8,init,-E6,2,0.2
D_k9_1od_x0.8,init,E17,2,0.2
D_k9_1od_x0.8,init,E3,2,0.2
D_k9_1od_x0.8,init,E33,2,0.2
D_k9_1od_x0.8,init,E41,2,0.2
D_k9_1od_x0.8,init,E64,2,0.2
D_k9_1od_x0.8,init,-E11,1,0.1
D_k9_1od_x0.8,init,-E12,1,0.1
D_k9_1od_x0.8,init,-E17,1,0.1
D_k9_1od_x0.8,init,-E26,1,0.1
D_k9_1od_x0.8,init,-E3,1,0.1
D_k9_1od_x0.8,init,-E35,1,0.1
D_k9_1od_x0.8,init,-E38,1,0.1
D_k9_1od_x0.8,init,-E4,1,0.1
D_k9_1od_x0.8,init,-E41,1,0.1
D_k9_1od_x0.8,init,-E43,1,0.1
D_k9_1od_x0.8,init,-E44,1,0.1
D_k9_1od_x0.8,init,-E5,1,0.1
D_k9_1od_x0.8,init,-E50,1,0.1
D_k9_1od_x0.8,init,-E52,1,0.1
D_k9_1od_x0.8,init,-E53,1,0.1
D_k9_1od_x0.8,init,-E64,1,0.1
D_k9_1od_x0.8,init,-E7,1,0.1
D_k9_1od_x0.8,init,-E8,1,0.1
D_k9_1od_x0.8,init,-E9,1,0.1
D_k9_1od_x0.8,init,E0,1,0.1
D_k9_1od_x0.8,init,E19,1,0.1
D_k9_1od_x0.8,init,E2,1,0.1
D_k9_1od_x0.8,init,E20,1,0.1
D_k9_1od_x0.8,init,E23,1,0.1
D_k9_1od_x0.8,init,E26,1,0.1
D_k9_1od_x0.8,init,E27,1,0.1
D_k9_1od_x0.8,init,E31,1,0.1
D_k9_1od_x0.8,init,E32,1,0.1
D_k9_1od_x0.8,init,E4,1,0.1
D_k9_1od_x0.8,init,E40,1,0.1
D_k9_1od_x0.8,init,E43,1,0.1
D_k9_1od_x0.8,init,E49,1,0.1
D_k9_1od_x0.8,init,E5,1,0.1
D_k9_1od_x0.8,init,E56,1,0.1
D_k9_1od_x0.8,init,E57,1,0.1
D_k9_1od_x0.8,init,E59,1,0.1
D_k9_1od_x0.8,init,E62,1,0.1
D_k9_1od_x0.8,init,E63,1,0.1
D_k9_1od_x0.8,init,E7,1,0.1
D_k9_1od_x0.8,mutation,E9,9,0.9
D_k9_1od_x0.8,mutation,E3,6,0.6
D_k9_1od_x0.8,mutation,-E0,3,0.3
D_k9_1od_x0.8,mutation,-E41,3,0.3
D_k9_1od_x0.8,mutation,E28,3,0.3
D_k9_1od_x0.8,mutation,E63,3,0.3
D_k9_1od_x0.8,mutation,E7,3,0.3
D_k9_1od_x0.8,mutation,-E1,2,0.2
D_k9_1od_x0.8,mutation,-E27,2,0.2
D_k9_1od_x0.8,mutation,-E32,2,0.2
D_k9_1od_x0.8,mutation,-E35,2,0.2
D_k9_1od_x0.8,mutation,-E43,2,0.2
D_k9_1od_x0.8,mutation,-E58,2,0.2
D_k9_1od_x0.8,mutation,E0,2,0.2
D_k9_1od_x0.8,mutation,E14,2,0.2
D_k9_1od_x0.8,mutation,E16,2,0.2
D_k9_1od_x0.8,mutation,E17,2,0.2
D_k9_1od_x0.8,mutation,E19,2,0.2
D_k9_1od_x0.8,mutation,E23,2,0.2
D_k9_1od_x0.8,mutation,E34,2,0.2
D_k9_1od_x0.8,mutation,E43,2,0.2
D_k9_1od_x0.8,mutation,E45,2,0.2
D_k9_1od_x0.8,mutation,-E14,1,0.1
D_k9_1od_x0.8,mutation,-E17,1,0.1
D_k9_1od_x0.8,mutation,-E19,1,0.1
D_k9_1od_x0.8,mutation,-E21,1,0.1
D_k9_1od_x0.8,mutation,-E23,1,0.1
D_k9_1od_x0.8,mutation,-E28,1,0.1
D_k9_1od_x0.8,mutation,-E39,1,0.1
D_k9_1od_x0.8,mutation,-E46,1,0.1
D_k9_1od_x0.8,mutation,-E47,1,0.1
D_k9_1od_x0.8,mutation,-E5,1,0.1
D_k9_1od_x0.8,mutation,-E50,1,0.1
D_k9_1od_x0.8,mutation,-E6,1,0.1
D_k9_1od_x0.8,mutation,-E63,1,0.1
D_k9_1od_x0.8,mutation,-E8,1,0.1
D_k9_1od_x0.8,mutation,E12,1,0.1
D_k9_1od_x0.8,mutation,E15,1,0.1
D_k9_1od_x0.8,mutation,E2,1,0.1
D_k9_1od_x0.8,mutation,E20,1,0.1
D_k9_1od_x0.8,mutation,E25,1,0.1
D_k9_1od_x0.8,mutation,E30,1,0.1
D_k9_1od_x0.8,mutation,E31,1,0.1
D_k9_1od_x0.8,mutation,E32,1,0.1
D_k9_1od_x0.8,mutation,E33,1,0.1
D_k9_1od_x0.8,mutation,E39,1,0.1
D_k9_1od_x0.8,mutation,E49,1,0.1
D_k9_1od_x0.8,mutation,E5,1,0.1
D_k9_1od_x0.8,mutation,E50,1,0.1
D_k9_1od_x0.8,mutation,E52,1,0.1
D_k9_1od_x0.8,mutation,E53,1,0.1
D_k9_1od_x0.8,mutation,E59,1,0.1
D_k9_1od_x0.8,none,E9,9,0.9
D_k9_1od_x0.8,none,E3,4,0.4
D_k9_1od_x0.8,none,-E64,3,0.3
D_k9_1od_x0.8,none,E25,3,0.3
D_k9_1od_x0.8,none,E30,3,0.3
D_k9_1od_x0.8,none,-E1,2,0.2
D_k9_1od_x0.8,none,-E26,2,0.2
D_k9_1od_x0.8,none,-E29,2,0.2
D_k9_1od_x0.8,none,-E35,2,0.2
D_k9_1od_x0.8,none,-E39,2,0.2
D_k9_1od_x0.8,none,-E40,2,0.2
D_k9_1od_x0.8,none,-E44,2,0.2
D_k9_1od_x0.8,none,-E45,2,0.2
D_k9_1od_x0.8,none,-E8,2,0.2
D_k9_1od_x0.8,none,E20,2,0.2
D_k9_1od_x0.8,none,E28,2,0.2
D_k9_1od_x0.8,none,E29,2,0.2
D_k9_1od_x0.8,none,E33,2,0.2
D_k9_1od_x0.8,none,E43,2,0.2
D_k9_1od_x0.8,none,E45,2,0.2
D_k9_1od_x0.8,none,E52,2,0.2
D_k9_1od_x0.8,none,E53,2,0.2
D_k9_1od_x0.8,none,E7,2,0.2
D_k9_1od_x0.8,none,-E0,1,0.1
D_k9_1od_x0.8,none,-E14,1,0.1
D_k9_1od_x0.8,none,-E17,1,0.1
D_k9_1od_x0.8,none,-E19,1,0.1
D_k9_1od_x0.8,none,-E21,1,0.1
D_k9_1od_x0.8,none,-E23,1,0.1
D_k9_1od_x0.8,none,-E27,1,0.1
D_k9_1od_x0.8,none,-E3,1,0.1
D_k9_1od_x0.8,none,-E31,1,0.1
D_k9_1od_x0.8,none,-E32,1,0.1
D_k9_1od_x0.8,none,-E4,1,0.1
D_k9_1od_x0.8,none,-E50,1,0.1
D_k9_1od_x0.8,none,-E58,1,0.1
D_k9_1od_x0.8,none,-E6,1,0.1
D_k9_1od_x0.8,none,-E7,1,0.1
D_k9_1od_x0.8,none,-E9,1,0.1
D_k9_1od_x0.8,none,E12,1,0.1
D_k9_1od_x0.8,none,E14,1,0.1
D_k9_1od_x0.8,none,E15,1,0.1
D_k9_1od_x0.8,none,E19,1,0.1
D_k9_1od_x0.8,none,E21,1,0.1
D_k9_1od_x0.8,none,E23,1,0.1
D_k9_1od_x0.8,none,E27,1,0.1
D_k9_1od_x0.8,none,E32,1,0.1
D_k9_1od_x0.8,none,E40,1,0.1
D_k9_1od_x0.8,none,E41,1,0.1
D_k9_1od_x0.8,none,E49,1,0.1
D_k9_1od_x0.8,none,E57,1,0.1
D_k9_1od_x0.8,none,E59,1,0.1
D_k9_1od_x0.8,none,E62,1,0.1
D_k9_1od_x0.8,none,E63,1,0.1
D_k9_1od_x0.8,none,E64,1,0.1
D_k9_1od_x1.0,both,E9,9,0.9
D_k9_1od_x1.0,both,E45,6,0.6
D_k9_1od_x1.0,both,-E16,4,0.4
D_k9_1od_x1.0,both,-E39,3,0.3
D_k9_1od_x1.0,both,E28,3,0.3
D_k9_1od_x1.0,both,E57,3,0.3
D_k9_1od_x1.0,both,-E11,2,0.2
D_k9_1od_x1.0,both,-E20,2,0.2
D_k9_1od_x1.0,both,-E31,2,0.2
D_k9_1od_x1.0,both,-E46,2,0.2
D_k9_1od_x1.0,both,-E50,2,0.2
D_k9_1od_x1.0,both,-E52,2,0.2
D_k9_1od_x1.0,both,-E58,2,0.2
D_k9_1od_x1.0,both,E26,2,0.2
D_k9_1od_x1.0,both,E3,2,0.2
D_k9_1od_x1.0,both,E31,2,0.2
D_k9_1od_x1.0,both,E32,2,0.2
D_k9_1od_x1.0,both,E38,2,0.2
D_k9_1od_x1.0,both,E56,2,0.2
D_k9_1od_x1.0,both,E58,2,0.2
D_k9_1od_x1.0,both,E6,2,0.2
D_k9_1od_x1.0,both,E62,2,0.2
D_k9_1od_x1.0,both,E64,2,0.2
D_k9_1od_x1.0,both,E7,2,0.2
D_k9_1od_x1.0,both,-E14,1,0.1
D_k9_1od_x1.0,both,-E15,1,0.1
D_k9_1od_x1.0,both,-E19,1,0.1
D_k9_1od_x1.0,both,-E21,1,0.1
D_k9_1od_x1.0,both,-E23,1,0.1
D_k9_1od_x1.0,both,-E29,1,0.1
D_k9_1od_x1.0,both,-E32,1,0.1
D_k9_1od_x1.0,both,-E35,1,0.1
D_k9_1od_x1.0,both,-E4,1,0.1
D_k9_1od_x1.0,both,-E45,1,0.1
D_k9_1od_x1.0,both,-E5,1,0.1
D_k9_1od_x1.0,both,-E6,1,0.1
D_k9_1od_x1.0,both,-E64,1,0.1
D_k9_1od_x1.0,both,-E8,1,0.1
D_k9_1od_x1.0,both,-E9,1,0.1
D_k9_1od_x1.0,both,E12,1,0.1
D_k9_1od_x1.0,both,E17,1,0.1
D_k9_1od_x1.0,both,E2,1,0.1
D_k9_1od_x1.0,both,E20,1,0.1
D_k9_1od_x1.0,both,E23,1,0.1
D_k9_1od_x1.0,both,E25,1,0.1
D_k9_1od_x1.0,both,E34,1,0.1
D_k9_1od_x1.0,both,E39,1,0.1
D_k9_1od_x1.0,both,E40,1,0.1
D_k9_1od_x1.0,both,E43,1,0.1
D_k9_1od_x1.0,both,E50,1,0.1
D_k9_1od_x1.0,init,E9,9,0.9
D_k9_1od_x1.0,init,E41,5,0.5
D_k9_1od_x1.0,init,-E23,3,0.3
D_k9_1od_x1.0,init,-E28,3,0.3
D_k9_1od_x1.0,init,-E30,3,0.3
D_k9_1od_x1.0,init,-E31,3,0.3
D_k9_1od_x1.0,init,E21,3,0.3
D_k9_1od_x1.0,init,E45,3,0.3
D_k9_1od_x1.0,init,E49,3,0.3
D_k9_1od_x1.0,init,-E19,2,0.2
D_k9_1od_x1.0,init,-E38,2,0.2
D_k9_1od_x1.0,init,-E39,2,0.2
D_k9_1od_x1.0,init,-E45,2,0.2
D_k9_1od_x1.0,init,-E50,2,0.2
D_k9_1od_x1.0,init,E20,2,0.2
D_k9_1od_x1.0,init,E26,2,0.2
D_k9_1od_x1.0,init,E27,2,0.2
D_k9_1od_x1.0,init,E28,2,0.2
D_k9_1od_x1.0,init,E30,2,0.2
D_k9_1od_x1.0,init,E43,2,0.2
D_k9_1od_x1.0,init,-E0,1,0.1
D_k9_1od_x1.0,init,-E1,1,0.1
D_k9_1od_x1.0,init,-E25,1,0.1
D_k9_1od_x1.0,init,-E27,1,0.1
D_k9_1od_x1.0,init,-E3,1,0.1
D_k9_1od_x1.0,init,-E32,1,0.1
D_k9_1od_x1.0,init,-E35,1,0.1
D_k9_1od_x1.0,init,-E4,1,0.1
D_k9_1od_x1.0,init,-E41,1,0.1
D_k9_1od_x1.0,init,-E43,1,0.1
D_k9_1od_x1.0,init,-E44,1,0.1
D_k9_1od_x1.0,init,-E46,1,0.1
D_k9_1od_x1.0,init,-E47,1,0.1
D_k9_1od_x1.0,init,-E52,1,0.1
D_k9_1od_x1.0,init,-E53,1,0.1
D_k9_1od_x1.0,init,-E58,1,0.1
D_k9_1od_x1.0,init,-E7,1,0.1
D_k9_1od_x1.0,init,-E8,1,0.1
D_k9_1od_x1.0,init,-E9,1,0.1
D_k9_1od_x1.0,init,E0,1,0.1
D_k9_1od_x1.0,init,E12,1,0.1
D_k9_1od_x1.0,init,E23,1,0.1
D_k9_1od_x1.0,init,E25,1,0.1
D_k9_1od_x1.0,init,E29,1,0.1
D_k9_1od_x1.0,init,E3,1,0.1
D_k9_1od_x1.0,init,E32,1,0.1
D_k9_1od_x1.0,init,E33,1,0.1
D_k9_1od_x1.0,init,E38,1,0.1
D_k9_1od_x1.0,init,E39,1,0.1
D_k9_1od_x1.0,init,E59,1,0.1
D_k9_1od_x1.0,init,E62,1,0.1
D_k9_1od_x1.0,init,E63,1,0.1
D_k9_1od_x1.0,init,E7,1,0.1
D_k9_1od_x1.0,mutation,E9,9,0.9
D_k9_1od_x1.0,mutation,-E39,5,0.5
D_k9_1od_x1.0,mutation,E28,5,0.5
D_k9_1od_x1.0,mutation,E45,5,0.5
D_k9_1od_x1.0,mutation,-E35,3,0.3
D_k9_1od_x1.0,mutation,-E8,3,0.3
D_k9_1od_x1.0,mutation,-E16,2,0.2
D_k9_1od_x1.0,mutation,-E25,2,0.2
D_k9_1od_x1.0,mutation,-E41,2,0.2
D_k9_1od_x1.0,mutation,-E45,2,0.2
D_k9_1od_x1.0,mutation,-E47,2,0.2
D_k9_1od_x1.0,mutation,-E5,2,0.2
D_k9_1od_x1.0,mutation,-E50,2,0.2
D_k9_1od_x1.0,mutation,E12,2,0.2
D_k9_1od_x1.0,mutation,E15,2,0.2
D_k9_1od_x1.0,mutation,E17,2,0.2
D_k9_1od_x1.0,mutation,E43,2,0.2
D_k9_1od_x1.0,mutation,E49,2,0.2
D_k9_1od_x1.0,mutation,E57,2,0.2
D_k9_1od_x1.0,mutation,E6,2,0.2
D_k9_1od_x1.0,mutation,-E12,1,0.1
D_k9_1od_x1.0,mutation,-E14,1,0.1
D_k9_1od_x1.0,mutation,-E20,1,0.1
D_k9_1od_x1.0,mutation,-E21,1,0.1
D_k9_1od_x1.0,mutation,-E23,1,0.1
D_k9_1od_x1.0,mutation,-E27,1,0.1
D_k9_1od_x1.0,mutation,-E3,1,0.1
D_k9_1od_x1.0,mutation,-E32,1,0.1
D_k9_1od_x1.0,mutation,-E38,1,0.1
D_k9_1od_x1.0,mutation,-E46,1,0.1
D_k9_1od_x1.0,mutation,-E52,1,0.1
D_k9_1od_x1.0,mutation,-E6,1,0.1
D_k9_1od_x1.0,mutation,-E63,1,0.1
D_k9_1od_x1.0,mutation,E14,1,0.1
D_k9_1od_x1.0,mutation,E16,1,0.1
D_k9_1od_x1.0,mutation,E19,1,0.1
D_k9_1od_x1.0,mutation,E20,1,0.1
D_k9_1od_x1.0,mutation,E21,1,0.1
D_k9_1od_x1.0,mutation,E23,1,0.1
D_k9_1od_x1.0,mutation,E26,1,0.1
D_k9_1od_x1.0,mutation,E30,1,0.1
D_k9_1od_x1.0,mutation,E38,1,0.1
D_k9_1od_x1.0,mutation,E39,1,0.1
D_k9_1od_x1.0,mutation,E4,1,0.1
D_k9_1od_x1.0,mutation,E41,1,0.1
D_k9_1od_x1.0,mutation,E46,1,0.1
D_k9_1od_x1.0,mutation,E52,1,0.1
D_k9_1od_x1.0,mutation,E58,1,0.1
D_k9_1od_x1.0,mutation,E62,1,0.1
D_k9_1od_x1.0,mutation,E63,1,0.1
D_k9_1od_x1.0,none,E9,8,0.8
D_k9_1od_x1.0,none,E45,6,0.6
D_k9_1od_x1.0,none,E57,4,0.4
D_k9_1od_x1.0,none,-E1,3,0.3
D_k9_1od_x1.0,none,-E23,3,0.3
D_k9_1od_x1.0,none,E28,3,0.3
D_k9_1od_x1.0,none,E33,3,0.3
D_k9_1od_x1.0,none,-E12,2,0.2
D_k9_1od_x1.0,none,-E16,2,0.2
D_k9_1od_x1.0,none,-E17,2,0.2
D_k9_1od_x1.0,none,-E28,2,0.2
D_k9_1od_x1.0,none,-E39,2,0.2
D_k9_1od_x1.0,none,-E43,2,0.2
D_k9_1od_x1.0,none,-E45,2,0.2
D_k9_1od_x1.0,none,-E47,2,0.2
D_k9_1od_x1.0,none,E29,2,0.2
D_k9_1od_x1.0,none,E3,2,0.2
D_k9_1od_x1.0,none,E32,2,0.2
D_k9_1od_x1.0,none,E34,2,0.2
D_k9_1od_x1.0,none,E63,2,0.2
D_k9_1od_x1.0,none,-E0,1,0.1
D_k9_1od_x1.0,none,-E11,1,0.1
D_k9_1od_x1.0,none,-E15,1,0.1
D_k9_1od_x1.0,none,-E21,1,0.1
D_k9_1od_x1.0,none,-E25,1,0.1
D_k9_1od_x1.0,none,-E27,1,0.1
D_k9_1od_x1.0,none,-E3,1,0.1
D_k9_1od_x1.0,none,-E30,1,0.1
D_k9_1od_x1.0,none,-E38,1,0.1
D_k9_1od_x1.0,none,-E4,1,0.1
D_k9_1od_x1.0,none,-E44,1,0.1
D_k9_1od_x1.0,none,-E5,1,0.1
D_k9_1od_x1.0,none,-E52,1,0.1
D_k9_1od_x1.0,none,-E58,1,0.1
D_k9_1od_x1.0,none,-E63,1,0.1
D_k9_1od_x1.0,none,-E7,1,0.1
D_k9_1od_x1.0,none,-E8,1,0.1
D_k9_1od_x1.0,none,E0,1,0.1
D_k9_1od_x1.0,none,E11,1,0.1
D_k9_1od_x1.0,none,E12,1,0.1
D_k9_1od_x1.0,none,E15,1,0.1
D_k9_1od_x1.0,none,E2,1,0.1
D_k9_1od_x1.0,none,E20,1,0.1
D_k9_1od_x1.0,none,E25,1,0.1
D_k9_1od_x1.0,none,E31,1,0.1
D_k9_1od_x1.0,none,E4,1,0.1
D_k9_1od_x1.0,none,E43,1,0.1
D_k9_1od_x1.0,none,E46,1,0.1
D_k9_1od_x1.0,none,E5,1,0.1
D_k9_1od_x1.0,none,E53,1,0.1
D_k9_1od_x1.0,none,E6,1,0.1
D_k9_1od_x1.0,none,E64,1,0.1
D_k9_1od_x1.2,both,E9,10,1.0
D_k9_1od_x1.2,both,-E43,4,0.4
D_k9_1od_x1.2,both,E26,4,0.4
D_k9_1od_x1.2,both,E28,4,0.4
D_k9_1od_x1.2,both,-E21,3,0.3
D_k9_1od_x1.2,both,-E9,3,0.3
D_k9_1od_x1.2,both,E21,3,0.3
D_k9_1od_x1.2,both,-E20,2,0.2
D_k9_1od_x1.2,both,-E27,2,0.2
D_k9_1od_x1.2,both,-E53,2,0.2
D_k9_1od_x1.2,both,-E63,2,0.2
D_k9_1od_x1.2,both,-E8,2,0.2
D_k9_1od_x1.2,both,E10,2,0.2
D_k9_1od_x1.2,both,E11,2,0.2
D_k9_1od_x1.2,both,E14,2,0.2
D_k9_1od_x1.2,both,E15,2,0.2
D_k9_1od_x1.2,both,E20,2,0.2
D_k9_1od_x1.2,both,E23,2,0.2
D_k9_1od_x1.2,both,E25,2,0.2
D_k9_1od_x1.2,both,E3,2,0.2
D_k9_1od_x1.2,both,E43,2,0.2
D_k9_1od_x1.2,both,-E0,1,0.1
D_k9_1od_x1.2,both,-E11,1,0.1
D_k9_1od_x1.2,both,-E12,1,0.1
D_k9_1od_x1.2,both,-E15,1,0.1
D_k9_1od_x1.2,both,-E23,1,0.1
D_k9_1od_x1.2,both,-E25,1,0.1
D_k9_1od_x1.2,both,-E28,1,0.1
D_k9_1od_x1.2,both,-E3,1,0.1
D_k9_1od_x1.2,both,-E32,1,0.1
D_k9_1od_x1.2,both,-E39,1,0.1
D_k9_1od_x1.2,both,-E46,1,0.1
D_k9_1od_x1.2,both,-E50,1,0.1
D_k9_1od_x1.2,both,-E58,1,0.1
D_k9_1od_x1.2,both,-E64,1,0.1
D_k9_1od_x1.2,both,-E7,1,0.1
D_k9_1od_x1.2,both,E17,1,0.1
D_k9_1od_x1.2,both,E19,1,0.1
D_k9_1od_x1.2,both,E29,1,0.1
D_k9_1od_x1.2,both,E30,1,0.1
D_k9_1od_x1.2,both,E33,1,0.1
D_k9_1od_x1.2,both,E34,1,0.1
D_k9_1od_x1.2,both,E39,1,0.1
D_k9_1od_x1.2,both,E40,1,0.1
D_k9_1od_x1.2,both,E41,1,0.1
D_k9_1od_x1.2,both,E45,1,0.1
D_k9_1od_x1.2,both,E47,1,0.1
D_k9_1od_x1.2,both,E50,1,0.1
D_k9_1od_x1.2,both,E57,1,0.1
D_k9_1od_x1.2,both,E58,1,0.1
D_k9_1od_x1.2,both,E63,1,0.1
D_k9_1od_x1.2,both,E64,1,0.1
D_k9_1od_x1.2,init,E9,9,0.9
D_k9_1od_x1.2,init,-E35,5,0.5
D_k9_1od_x1.2,init,E28,5,0.5
D_k9_1od_x1.2,init,-E45,4,0.4
D_k9_1od_x1.2,init,E45,4,0.4
D_k9_1od_x1.2,init,-E8,3,0.3
D_k9_1od_x1.2,init,E57,3,0.3
D_k9_1od_x1.2,init,-E12,2,0.2
D_k9_1od_x1.2,init,-E17,2,0.2
D_k9_1od_x1.2,init,-E32,2,0.2
D_k9_1od_x1.2,init,-E4,2,0.2
D_k9_1od_x1.2,init,-E40,2,0.2
D_k9_1od_x1.2,init,-E64,2,0.2
D_k9_1od_x1.2,init,E0,2,0.2
D_k9_1od_x1.2,init,E12,2,0.2
D_k9_1od_x1.2,init,E20,2,0.2
D_k9_1od_x1.2,init,E23,2,0.2
D_k9_1od_x1.2,init,E43,2,0.2
D_k9_1od_x1.2,init,E59,2,0.2
D_k9_1od_x1.2,init,-E0,1,0.1
D_k9_1od_x1.2,init,-E1,1,0.1
D_k9_1od_x1.2,init,-E11,1,0.1
D_k9_1od_x1.2,init,-E15,1,0.1
D_k9_1od_x1.2,init,-E19,1,0.1
D_k9_1od_x1.2,init,-E20,1,0.1
D_k9_1od_x1.2,init,-E23,1,0.1
D_k9_1od_x1.2,init,-E27,1,0.1
D_k9_1od_x1.2,init,-E28,1,0.1
D_k9_1od_x1.2,init,-E29,1,0.1
D_k9_1od_x1.2,init,-E43,1,0.1
D_k9_1od_x1.2,init,-E46,1,0.1
D_k9_1od_x1.2,init,-E47,1,0.1
D_k9_1od_x1.2,init,-E53,1,0.1
D_k9_1od_x1.2,init,-E58,1,0.1
D_k9_1od_x1.2,init,E14,1,0.1
D_k9_1od_x1.2,init,E15,1,0.1
D_k9_1od_x1.2,init,E16,1,0.1
D_k9_1od_x1.2,init,E27,1,0.1
D_k9_1od_x1.2,init,E29,1,0.1
D_k9_1od_x1.2,init,E33,1,0.1
D_k9_1od_x1.2,init,E34,1,0.1
D_k9_1od_x1.2,init,E4,1,0.1
D_k9_1od_x1.2,init,E41,1,0.1
D_k9_1od_x1.2,init,E47,1,0.1
D_k9_1od_x1.2,init,E49,1,0.1
D_k9_1od_x1.2,init,E50,1,0.1
D_k9_1od_x1.2,init,E52,1,0.1
D_k9_1od_x1.2,init,E53,1,0.1
D_k9_1od_x1.2,init,E58,1,0.1
D_k9_1od_x1.2,init,E6,1,0.1
D_k9_1od_x1.2,init,E64,1,0.1
D_k9_1od_x1.2,init,E7,1,0.1
D_k9_1od_x1.2,mutation,E9,9,0.9
D_k9_1od_x1.2,mutation,-E11,6,0.6
D_k9_1od_x1.2,mutation,E26,5,0.5
D_k9_1od_x1.2,mutation,-E9,4,0.4
D_k9_1od_x1.2,mutation,E45,4,0.4
D_k9_1od_x1.2,mutation,-E23,3,0.3
D_k9_1od_x1.2,mutation,E10,3,0.3
D_k9_1od_x1.2,mutation,E15,3,0.3
D_k9_1od_x1.2,mutation,E28,3,0.3
D_k9_1od_x1.2,mutation,E3,3,0.3
D_k9_1od_x1.2,mutation,E43,3,0.3
D_k9_1od_x1.2,mutation,-E19,2,0.2
D_k9_1od_x1.2,mutation,-E21,2,0.2
D_k9_1od_x1.2,mutation,-E30,2,0.2
D_k9_1od_x1.2,mutation,-E43,2,0.2
D_k9_1od_x1.2,mutation,E20,2,0.2
D_k9_1od_x1.2,mutation,E23,2,0.2
D_k9_1od_x1.2,mutation,E29,2,0.2
D_k9_1od_x1.2,mutation,E30,2,0.2
D_k9_1od_x1.2,mutation,E53,2,0.2
D_k9_1od_x1.2,mutation,E64,2,0.2
D_k9_1od_x1.2,mutation,-E15,1,0.1
D_k9_1od_x1.2,mutation,-E26,1,0.1
D_k9_1od_x1.2,mutation,-E28,1,0.1
D_k9_1od_x1.2,mutation,-E38,1,0.1
D_k9_1od_x1.2,mutation,-E41,1,0.1
D_k9_1od_x1.2,mutation,-E47,1,0.1
D_k9_1od_x1.2,mutation,-E5,1,0.1
D_k9_1od_x1.2,mutation,-E50,1,0.1
D_k9_1od_x1.2,mutation,-E58,1,0.1
D_k9_1od_x1.2,mutation,-E6,1,0.1
D_k9_1od_x1.2,mutation,-E64,1,0.1
D_k9_1od_x1.2,mutation,-E8,1,0.1
D_k9_1od_x1.2,mutation,E11,1,0.1
D_k9_1od_x1.2,mutation,E12,1,0.1
D_k9_1od_x1.2,mutation,E16,1,0.1
D_k9_1od_x1.2,mutation,E27,1,0.1
D_k9_1od_x1.2,mutation,E31,1,0.1
D_k9_1od_x1.2,mutation,E32,1,0.1
D_k9_1od_x1.2,mutation,E33,1,0.1
D_k9_1od_x1.2,mutation,E34,1,0.1
D_k9_1od_x1.2,mutation,E4,1,0.1
D_k9_1od_x1.2,mutation,E46,1,0.1
D_k9_1od_x1.2,mutation,E50,1,0.1
D_k9_1od_x1.2,mutation,E62,1,0.1
D_k9_1od_x1.2,none,E9,8,0.8
D_k9_1od_x1.2,none,E45,5,0.5
D_k9_1od_x1.2,none,-E43,3,0.3
D_k9_1od_x1.2,none,-E9,3,0.3
D_k9_1od_x1.2,none,E11,3,0.3
D_k9_1od_x1.2,none,E59,3,0.3
D_k9_1od_x1.2,none,-E0,2,0.2
D_k9_1od_x1.2,none,-E11,2,0.2
D_k9_1od_x1.2,none,-E15,2,0.2
D_k9_1od_x1.2,none,-E16,2,0.2
D_k9_1od_x1.2,none,-E23,2,0.2
D_k9_1od_x1.2,none,E12,2,0.2
D_k9_1od_x1.2,none,E28,2,0.2
D_k9_1od_x1.2,none,E32,2,0.2
D_k9_1od_x1.2,none,E4,2,0.2
D_k9_1od_x1.2,none,E47,2,0.2
D_k9_1od_x1.2,none,E56,2,0.2
D_k9_1od_x1.2,none,E62,2,0.2
D_k9_1od_x1.2,none,E64,2,0.2
D_k9_1od_x1.2,none,-E1,1,0.1
D_k9_1od_x1.2,none,-E12,1,0.1
D_k9_1od_x1.2,none,-E14,1,0.1
D_k9_1od_x1.2,none,-E17,1,0.1
D_k9_1od_x1.2,none,-E19,1,0.1
D_k9_1od_x1.2,none,-E21,1,0.1
D_k9_1od_x1.2,none,-E26,1,0.1
D_k9_1od_x1.2,none,-E28,1,0.1
D_k9_1od_x1.2,none,-E30,1,0.1
D_k9_1od_x1.2,none,-E31,1,0.1
D_k9_1od_x1.2,none,-E38,1,0.1
D_k9_1od_x1.2,none,-E4,1,0.1
D_k9_1od_x1.2,none,-E40,1,0.1
D_k9_1od_x1.2,none,-E45,1,0.1
D_k9_1od_x1.2,none,-E46,1,0.1
D_k9_1od_x1.2,none,-E50,1,0.1
D_k9_1od_x1.2,none,-E52,1,0.1
D_k9_1od_x1.2,none,-E6,1,0.1
D_k9_1od_x1.2,none,-E63,1,0.1
D_k9_1od_x1.2,none,-E64,1,0.1
D_k9_1od_x1.2,none,-E7,1,0.1
D_k9_1od_x1.2,none,E0,1,0.1
D_k9_1od_x1.2,none,E1,1,0.1
D_k9_1od_x1.2,none,E10,1,0.1
D_k9_1od_x1.2,none,E17,1,0.1
D_k9_1od_x1.2,none,E20,1,0.1
D_k9_1od_x1.2,none,E21,1,0.1
D_k9_1od_x1.2,none,E23,1,0.1
D_k9_1od_x1.2,none,E25,1,0.1
D_k9_1od_x1.2,none,E27,1,0.1
D_k9_1od_x1.2,none,E29,1,0.1
D_k9_1od_x1.2,none,E31,1,0.1
D_k9_1od_x1.2,none,E34,1,0.1
D_k9_1od_x1.2,none,E41,1,0.1
D_k9_1od_x1.2,none,E43,1,0.1
D_k9_1od_x1.2,none,E49,1,0.1
D_k9_1od_x1.2,none,E52,1,0.1
D_k9_1od_x1.2,none,E58,1,0.1
D_k9_1od_x1.2,none,E6,1,0.1
D_k9_2od_x0.8,both,-E8,8,0.8
D_k9_2od_x0.8,both,-E28,4,0.4
D_k9_2od_x0.8,both,-E30,4,0.4
D_k9_2od_x0.8,both,-E47,4,0.4
D_k9_2od_x0.8,both,E21,4,0.4
D_k9_2od_x0.8,both,-E23,3,0.3
D_k9_2od_x0.8,both,-E29,3,0.3
D_k9_2od_x0.8,both,-E5,3,0.3
D_k9_2od_x0.8,both,-E7,3,0.3
D_k9_2od_x0.8,both,E11,3,0.3
D_k9_2od_x0.8,both,E29,3,0.3
D_k9_2od_x0.8,both,E53,3,0.3
D_k9_2od_x0.8,both,-E11,2,0.2
D_k9_2od_x0.8,both,-E19,2,0.2
D_k9_2od_x0.8,both,-E21,2,0.2
D_k9_2od_x0.8,both,-E25,2,0.2
D_k9_2od_x0.8,both,-E27,2,0.2
D_k9_2od_x0.8,both,-E46,2,0.2
D_k9_2od_x0.8,both,-E6,2,0.2
D_k9_2od_x0.8,both,E0,2,0.2
D_k9_2od_x0.8,both,E12,2,0.2
D_k9_2od_x0.8,both,E17,2,0.2
D_k9_2od_x0.8,both,E31,2,0.2
D_k9_2od_x0.8,both,E47,2,0.2
D_k9_2od_x0.8,both,E50,2,0.2
D_k9_2od_x0.8,both,-E16,1,0.1
D_k9_2od_x0.8,both,-E17,1,0.1
D_k9_2od_x0.8,both,-E20,1,0.1
D_k9_2od_x0.8,both,-E3,1,0.1
D_k9_2od_x0.8,both,-E50,1,0.1
D_k9_2od_x0.8,both,-E52,1,0.1
D_k9_2od_x0.8,both,-E53,1,0.1
D_k9_2od_x0.8,both,E1,1,0.1
D_k9_2od_x0.8,both,E14,1,0.1
D_k9_2od_x0.8,both,E23,1,0.1
D_k9_2od_x0.8,both,E25,1,0.1
D_k9_2od_x0.8,both,E26,1,0.1
D_k9_2od_x0.8,both,E27,1,0.1
D_k9_2od_x0.8,both,E28,1,0.1
D_k9_2od_x0.8,both,E30,1,0.1
D_k9_2od_x0.8,both,E32,1,0.1
D_k9_2od_x0.8,both,E34,1,0.1
D_k9_2od_x0.8,both,E41,1,0.1
D_k9_2od_x0.8,both,E43,1,0.1
D_k9_2od_x0.8,init,-E29,5,0.5
D_k9_2od_x0.8,init,E28,5,0.5
D_k9_2od_x0.8,init,-E8,4,0.4
D_k9_2od_x0.8,init,-E23,3,0.3
D_k9_2od_x0.8,init,-E5,3,0.3
D_k9_2od_x0.8,init,E21,3,0.3
D_k9_2od_x0.8,init,E34,3,0.3
D_k9_2od_x0.8,init,E41,3,0.3
D_k9_2od_x0.8,init,E45,3,0.3
D_k9_2od_x0.8,init,-E1,2,0.2
D_k9_2od_x0.8,init,-E15,2,0.2
D_k9_2od_x0.8,init,-E19,2,0.2
D_k9_2od_x0.8,init,-E27,2,0.2
D_k9_2od_x0.8,init,-E28,2,0.2
D_k9_2od_x0.8,init,-E3,2,0.2
D_k9_2od_x0.8,init,-E35,2,0.2
D_k9_2od_x0.8,init,-E53,2,0.2
D_k9_2od_x0.8,init,-E58,2,0.2
D_k9_2od_x0.8,init,-E64,2,0.2
D_k9_2od_x0.8,init,E19,2,0.2
D_k9_2od_x0.8,init,E29,2,0.2
D_k9_2od_x0.8,init,E3,2,0.2
D_k9_2od_x0.8,init,E30,2,0.2
D_k9_2od_x0.8,init,E32,2,0.2
D_k9_2od_x0.8,init,E63,2,0.2
D_k9_2od_x0.8,init,-E16,1,0.1
D_k9_2od_x0.8,init,-E26,1,0.1
D_k9_2od_x0.8,init,-E30,1,0.1
D_k9_2od_x0.8,init,-E31,1,0.1
D_k9_2od_x0.8,init,-E32,1,0.1
D_k9_2od_x0.8,init,-E4,1,0.1
D_k9_2od_x0.8,init,-E50,1,0.1
D_k9_2od_x0.8,init,-E6,1,0.1
D_k9_2od_x0.8,init,-E7,1,0.1
D_k9_2od_x0.8,init,E1,1,0.1
D_k9_2od_x0.8,init,E11,1,0.1
D_k9_2od_x0.8,init,E12,1,0.1
D_k9_2od_x0.8,init,E14,1,0.1
D_k9_2od_x0.8,init,E16,1,0.1
D_k9_2od_x0.8,init,E17,1,0.1
D_k9_2od_x0.8,init,E26,1,0.1
D_k9_2od_x0.8,init,E27,1,0.1
D_k9_2od_x0.8,init,E33,1,0.1
D_k9_2od_x0.8,init,E38,1,0.1
D_k9_2od_x0.8,init,E39,1,0.1
D_k9_2od_x0.8,init,E47,1,0.1
D_k9_2od_x0.8,init,E49,1,0.1
D_k9_2od_x0.8,init,E56,1,0.1
D_k9_2od_x0.8,init,E57,1,0.1
D_k9_2od_x0.8,init,E58,1,0.1
D_k9_2od_x0.8,init,E9,1,0.1
D_k9_2od_x0.8,mutation,-E8,8,0.8
D_k9_2od_x0.8,mutation,-E30,5,0.5
D_k9_2od_x0.8,mutation,E47,4,0.4
D_k9_2od_x0.8,mutation,-E47,3,0.3
D_k9_2od_x0.8,mutation,E21,3,0.3
D_k9_2od_x0.8,mutation,E3,3,0.3
D_k9_2od_x0.8,mutation,E63,3,0.3
D_k9_2od_x0.8,mutation,-E15,2,0.2
D_k9_2od_x0.8,mutation,-E16,2,0.2
D_k9_2od_x0.8,mutation,-E21,2,0.2
D_k9_2od_x0.8,mutation,-E27,2,0.2
D_k9_2od_x0.8,mutation,-E28,2,0.2
D_k9_2od_x0.8,mutation,-E3,2,0.2
D_k9_2od_x0.8,mutation,-E46,2,0.2
D_k9_2od_x0.8,mutation,-E6,2,0.2
D_k9_2od_x0.8,mutation,-E64,2,0.2
D_k9_2od_x0.8,mutation,-E7,2,0.2
D_k9_2od_x0.8,mutation,E0,2,0.2
D_k9_2od_x0.8,mutation,E11,2,0.2
D_k9_2od_x0.8,mutation,E23,2,0.2
D_k9_2od_x0.8,mutation,E29,2,0.2
D_k9_2od_x0.8,mutation,E31,2,0.2
D_k9_2od_x0.8,mutation,E52,2,0.2
D_k9_2od_x0.8,mutation,E9,2,0.2
D_k9_2od_x0.8,mutation,-E12,1,0.1
D_k9_2od_x0.8,mutation,-E14,1,0.1
D_k9_2od_x0.8,mutation,-E17,1,0.1
D_k9_2od_x0.8,mutation,-E19,1,0.1
D_k9_2od_x0.8,mutation,-E23,1,0.1
D_k9_2od_x0.8,mutation,-E25,1,0.1
D_k9_2od_x0.8,mutation,-E26,1,0.1
D_k9_2od_x0.8,mutation,-E32,1,0.1
D_k9_2od_x0.8,mutation,-E5,1,0.1
D_k9_2od_x0.8,mutation,-E50,1,0.1
D_k9_2od_x0.8,mutation,-E53,1,0.1
D_k9_2od_x0.8,mutation,E1,1,0.1
D_k9_2od_x0.8,mutation,E12,1,0.1
D_k9_2od_x0.8,mutation,E14,1,0.1
D_k9_2od_x0.8,mutation,E16,1,0.1
D_k9_2od_x0.8,mutation,E19,1,0.1
D_k9_2od_x0.8,mutation,E2,1,0.1
D_k9_2od_x0.8,mutation,E27,1,0.1
D_k9_2od_x0.8,mutation,E30,1,0.1
D_k9_2od_x0.8,mutation,E32,1,0.1
D_k9_2od_x0.8,mutation,E34,1,0.1
D_k9_2od_x0.8,mutation,E43,1,0.1
D_k9_2od_x0.8,mutation,E45,1,0.1
D_k9_2od_x0.8,mutation,E5,1,0.1
D_k9_2od_x0.8,mutation,E50,1,0.1
D_k9_2od_x0.8,mutation,E57,1,0.1
D_k9_2od_x0.8,mutation,E64,1,0.1
D_k9_2od_x0.8,none,-E8,6,0.6
D_k9_2od_x0.8,none,E21,5,0.5
D_k9_2od_x0.8,none,-E12,3,0.3
D_k9_2od_x0.8,none,-E39,3,0.3
D_k9_2od_x0.8,none,-E46,3,0.3
D_k9_2od_x0.8,none,-E50,3,0.3
D_k9_2od_x0.8,none,-E7,3,0.3
D_k9_2od_x0.8,none,E26,3,0.3
D_k9_2od_x0.8,none,E38,3,0.3
D_k9_2od_x0.8,none,E8,3,0.3
D_k9_2od_x0.8,none,-E0,2,0.2
D_k9_2od_x0.8,none,-E15,2,0.2
D_k9_2od_x0.8,none,-E27,2,0.2
D_k9_2od_x0.8,none,-E3,2,0.2
D_k9_2od_x0.8,none,-E31,2,0.2
D_k9_2od_x0.8,none,-E52,2,0.2
D_k9_2od_x0.8,none,-E53,2,0.2
D_k9_2od_x0.8,none,-E6,2,0.2
D_k9_2od_x0.8,none,E19,2,0.2
D_k9_2od_x0.8,none,E28,2,0.2
D_k9_2od_x0.8,none,E45,2,0.2
D_k9_2od_x0.8,none,E52,2,0.2
D_k9_2od_x0.8,none,E64,2,0.2
D_k9_2od_x0.8,none,-E1,1,0.1
D_k9_2od_x0.8,none,-E16,1,0.1
D_k9_2od_x0.8,none,-E19,1,0.1
D_k9_2od_x0.8,none,-E23,1,0.1
D_k9_2od_x0.8,none,-E25,1,0.1
D_k9_2od_x0.8,none,-E30,1,0.1
D_k9_2od_x0.8,none,-E35,1,0.1
D_k9_2od_x0.8,none,-E38,1,0.1
D_k9_2od_x0.8,none,-E4,1,0.1
D_k9_2od_x0.8,none,-E43,1,0.1
D_k9_2od_x0.8,none,-E44,1,0.1
D_k9_2od_x0.8,none,-E58,1,0.1
D_k9_2od_x0.8,none,E1,1,0.1
D_k9_2od_x0.8,none,E11,1,0.1
D_k9_2od_x0.8,none,E14,1,0.1
D_k9_2od_x0.8,none,E17,1,0.1
D_k9_2od_x0.8,none,E29,1,0.1
D_k9_2od_x0.8,none,E3,1,0.1
D_k9_2od_x0.8,none,E32,1,0.1
D_k9_2od_x0.8,none,E33,1,0.1
D_k9_2od_x0.8,none,E4,1,0.1
D_k9_2od_x0.8,none,E47,1,0.1
D_k9_2od_x0.8,none,E5,1,0.1
D_k9_2od_x0.8,none,E53,1,0.1
D_k9_2od_x0.8,none,E56,1,0.1
D_k9_2od_x0.8,none,E62,1,0.1
D_k9_2od_x0.8,none,E63,1,0.1
D_k9_2od_x0.8,none,E7,1,0.1
D_k9_2od_x0.8,none,E9,1,0.1
D_k9_2od_x1.0,both,E9,7,0.7
D_k9_2od_x1.0,both,E28,6,0.6
D_k9_2od_x1.0,both,-E0,4,0.4
D_k9_2od_x1.0,both,-E6,4,0.4
D_k9_2od_x1.0,both,E45,4,0.4
D_k9_2od_x1.0,both,E63,4,0.4
D_k9_2od_x1.0,both,-E14,3,0.3
D_k9_2od_x1.0,both,-E8,3,0.3
D_k9_2od_x1.0,both,E11,3,0.3
D_k9_2od_x1.0,both,E58,3,0.3
D_k9_2od_x1.0,both,-E11,2,0.2
D_k9_2od_x1.0,both,-E21,2,0.2
D_k9_2od_x1.0,both,-E30,2,0.2
D_k9_2od_x1.0,both,-E39,2,0.2
D_k9_2od_x1.0,both,E0,2,0.2
D_k9_2od_x1.0,both,E19,2,0.2
D_k9_2od_x1.0,both,E21,2,0.2
D_k9_2od_x1.0,both,E23,2,0.2
D_k9_2od_x1.0,both,E32,2,0.2
D_k9_2od_x1.0,both,E41,2,0.2
D_k9_2od_x1.0,both,E5,2,0.2
D_k9_2od_x1.0,both,-E17,1,0.1
D_k9_2od_x1.0,both,-E19,1,0.1
D_k9_2od_x1.0,both,-E20,1,0.1
D_k9_2od_x1.0,both,-E31,1,0.1
D_k9_2od_x1.0,both,-E32,1,0.1
D_k9_2od_x1.0,both,-E4,1,0.1
D_k9_2od_x1.0,both,-E43,1,0.1
D_k9_2od_x1.0,both,-E52,1,0.1
D_k9_2od_x1.0,both,-E58,1,0.1
D_k9_2od_x1.0,both,-E64,1,0.1
D_k9_2od_x1.0,both,-E9,1,0.1
D_k9_2od_x1.0,both,E10,1,0.1
D_k9_2od_x1.0,both,E25,1,0.1
D_k9_2od_x1.0,both,E26,1,0.1
D_k9_2od_x1.0,both,E33,1,0.1
D_k9_2od_x1.0,both,E38,1,0.1
D_k9_2od_x1.0,both,E39,1,0.1
D_k9_2od_x1.0,both,E4,1,0.1
D_k9_2od_x1.0,both,E40,1,0.1
D_k9_2od_x1.0,both,E43,1,0.1
D_k9_2od_x1.0,both,E46,1,0.1
D_k9_2od_x1.0,both,E49,1,0.1
D_k9_2od_x1.0,both,E50,1,0.1
D_k9_2od_x1.0,both,E52,1,0.1
D_k9_2od_x1.0,both,E56,1,0.1
D_k9_2od_x1.0,both,E57,1,0.1
D_k9_2od_x1.0,both,E7,1,0.1
D_k9_2od_x1.0,init,-E16,4,0.4
D_k9_2od_x1.0,init,E19,4,0.4
D_k9_2od_x1.0,init,E26,4,0.4
D_k9_2od_x1.0,init,-E38,3,0.3
D_k9_2od_x1.0,init,-E8,3,0.3
D_k9_2od_x1.0,init,E45,3,0.3
D_k9_2od_x1.0,init,-E11,2,0.2
D_k9_2od_x1.0,init,-E17,2,0.2
D_k9_2od_x1.0,init,-E47,2,0.2
D_k9_2od_x1.0,init,-E5,2,0.2
D_k9_2od_x1.0,init,-E52,2,0.2
D_k9_2od_x1.0,init,-E7,2,0.2
D_k9_2od_x1.0,init,E10,2,0.2
D_k9_2od_x1.0,init,E12,2,0.2
D_k9_2od_x1.0,init,E17,2,0.2
D_k9_2od_x1.0,init,E25,2,0.2
D_k9_2od_x1.0,init,E32,2,0.2
D_k9_2od_x1.0,init,E34,2,0.2
D_k9_2od_x1.0,init,E41,2,0.2
D_k9_2od_x1.0,init,E56,2,0.2
D_k9_2od_x1.0,init,E62,2,0.2
D_k9_2od_x1.0,init,E9,2,0.2
D_k9_2od_x1.0,init,-E0,1,0.1
D_k9_2od_x1.0,init,-E1,1,0.1
D_k9_2od_x1.0,init,-E14,1,0.1
D_k9_2od_x1.0,init,-E15,1,0.1
D_k9_2od_x1.0,init,-E19,1,0.1
D_k9_2od_x1.0,init,-E20,1,0.1
D_k9_2od_x1.0,init,-E23,1,0.1
D_k9_2od_x1.0,init,-E26,1,0.1
D_k9_2od_x1.0,init,-E28,1,0.1
D_k9_2od_x1.0,init,-E3,1,0.1
D_k9_2od_x1.0,init,-E30,1,0.1
D_k9_2od_x1.0,init,-E31,1,0.1
D_k9_2od_x1.0,init,-E39,1,0.1
D_k9_2od_x1.0,init,-E4,1,0.1
D_k9_2od_x1.0,init,-E43,1,0.1
D_k9_2od_x1.0,init,-E44,1,0.1
D_k9_2od_x1.0,init,-E50,1,0.1
D_k9_2od_x1.0,init,-E64,1,0.1
D_k9_2od_x1.0,init,-E9,1,0.1
D_k9_2od_x1.0,init,E16,1,0.1
D_k9_2od_x1.0,init,E2,1,0.1
D_k9_2od_x1.0,init,E28,1,0.1
D_k9_2od_x1.0,init,E29,1,0.1
D_k9_2od_x1.0,init,E33,1,0.1
D_k9_2od_x1.0,init,E38,1,0.1
D_k9_2od_x1.0,init,E39,1,0.1
D_k9_2od_x1.0,init,E43,1,0.1
D_k9_2od_x1.0,init,E5,1,0.1
D_k9_2od_x1.0,init,E50,1,0.1
D_k9_2od_x1.0,init,E52,1,0.1
D_k9_2od_x1.0,init,E59,1,0.1
D_k9_2od_x1.0,init,E63,1,0.1
D_k9_2od_x1.0,init,E7,1,0.1
D_k9_2od_x1.0,init,E8,1,0.1
D_k9_2od_x1.0,mutation,E19,6,0.6
D_k9_2od_x1.0,mutation,E9,6,0.6
D_k9_2od_x1.0,mutation,E31,5,0.5
D_k9_2od_x1.0,mutation,-E52,4,0.4
D_k9_2od_x1.0,mutation,-E8,4,0.4
D_k9_2od_x1.0,mutation,E28,4,0.4
D_k9_2od_x1.0,mutation,E41,4,0.4
D_k9_2od_x1.0,mutation,E62,4,0.4
D_k9_2od_x1.0,mutation,-E11,3,0.3
D_k9_2od_x1.0,mutation,-E38,3,0.3
D_k9_2od_x1.0,mutation,-E47,3,0.3
D_k9_2od_x1.0,mutation,-E6,3,0.3
D_k9_2od_x1.0,mutation,E45,3,0.3
D_k9_2od_x1.0,mutation,E63,3,0.3
D_k9_2od_x1.0,mutation,-E50,2,0.2
D_k9_2od_x1.0,mutation,-E53,2,0.2
D_k9_2od_x1.0,mutation,E21,2,0.2
D_k9_2od_x1.0,mutation,E32,2,0.2
D_k9_2od_x1.0,mutation,E5,2,0.2
D_k9_2od_x1.0,mutation,E50,2,0.2
D_k9_2od_x1.0,mutation,E64,2,0.2
D_k9_2od_x1.0,mutation,E7,2,0.2
D_k9_2od_x1.0,mutation,-E0,1,0.1
D_k9_2od_x1.0,mutation,-E15,1,0.1
D_k9_2od_x1.0,mutation,-E26,1,0.1
D_k9_2od_x1.0,mutation,-E27,1,0.1
D_k9_2od_x1.0,mutation,-E30,1,0.1
D_k9_2od_x1.0,mutation,-E35,1,0.1
D_k9_2od_x1.0,mutation,-E39,1,0.1
D_k9_2od_x1.0,mutation,-E4,1,0.1
D_k9_2od_x1.0,mutation,-E64,1,0.1
D_k9_2od_x1.0,mutation,-E9,1,0.1
D_k9_2od_x1.0,mutation,E0,1,0.1
D_k9_2od_x1.0,mutation,E14,1,0.1
D_k9_2od_x1.0,mutation,E16,1,0.1
D_k9_2od_x1.0,mutation,E25,1,0.1
D_k9_2od_x1.0,mutation,E27,1,0.1
D_k9_2od_x1.0,mutation,E38,1,0.1
D_k9_2od_x1.0,mutation,E53,1,0.1
D_k9_2od_x1.0,mutation,E56,1,0.1
D_k9_2od_x1.0,mutation,E57,1,0.1
D_k9_2od_x1.0,none,E9,4,0.4
D_k9_2od_x1.0,none,-E38,3,0.3
D_k9_2od_x1.0,none,-E52,3,0.3
D_k9_2od_x1.0,none,-E8,3,0.3
D_k9_2od_x1.0,none,E19,3,0.3
D_k9_2od_x1.0,none,E21,3,0.3
D_k9_2od_x1.0,none,E28,3,0.3
D_k9_2od_x1.0,none,E29,3,0.3
D_k9_2od_x1.0,none,-E0,2,0.2
D_k9_2od_x1.0,none,-E25,2,0.2
D_k9_2od_x1.0,none,-E27,2,0.2
D_k9_2od_x1.0,none,-E46,2,0.2
D_k9_2od_x1.0,none,-E47,2,0.2
D_k9_2od_x1.0,none,-E6,2,0.2
D_k9_2od_x1.0,none,E26,2,0.2
D_k9_2od_x1.0,none,E31,2,0.2
D_k9_2od_x1.0,none,E32,2,0.2
D_k9_2od_x1.0,none,E33,2,0.2
D_k9_2od_x1.0,none,E45,2,0.2
D_k9_2od_x1.0,none,E5,2,0.2
D_k9_2od_x1.0,none,E53,2,0.2
D_k9_2od_x1.0,none,E56,2,0.2
D_k9_2od_x1.0,none,E58,2,0.2
D_k9_2od_x1.0,none,-E1,1,0.1
D_k9_2od_x1.0,none,-E11,1,0.1
D_k9_2od_x1.0,none,-E17,1,0.1
D_k9_2od_x1.0,none,-E2,1,0.1
D_k9_2od_x1.0,none,-E20,1,0.1
D_k9_2od_x1.0,none,-E21,1,0.1
D_k9_2od_x1.0,none,-E23,1,0.1
D_k9_2od_x1.0,none,-E29,1,0.1
D_k9_2od_x1.0,none,-E3,1,0.1
D_k9_2od_x1.0,none,-E30,1,0.1
D_k9_2od_x1.0,none,-E4,1,0.1
D_k9_2od_x1.0,none,-E5,1,0.1
D_k9_2od_x1.0,none,-E50,1,0.1
D_k9_2od_x1.0,none,-E64,1,0.1
D_k9_2od_x1.0,none,-E7,1,0.1
D_k9_2od_x1.0,none,-E9,1,0.1
D_k9_2od_x1.0,none,E11,1,0.1
D_k9_2od_x1.0,none,E12,1,0.1
D_k9_2od_x1.0,none,E14,1,0.1
D_k9_2od_x1.0,none,E15,1,0.1
D_k9_2od_x1.0,none,E23,1,0.1
D_k9_2od_x1.0,none,E24,1,0.1
D_k9_2od_x1.0,none,E30,1,0.1
D_k9_2od_x1.0,none,E34,1,0.1
D_k9_2od_x1.0,none,E38,1,0.1
D_k9_2od_x1.0,none,E4,1,0.1
D_k9_2od_x1.0,none,E40,1,0.1
D_k9_2od_x1.0,none,E41,1,0.1
D_k9_2od_x1.0,none,E47,1,0.1
D_k9_2od_x1.0,none,E49,1,0.1
D_k9_2od_x1.0,none,E50,1,0.1
D_k9_2od_x1.0,none,E57,1,0.1
D_k9_2od_x1.0,none,E59,1,0.1
D_k9_2od_x1.0,none,E7,1,0.1
D_k9_2od_x1.0,none,E8,1,0.1
D_k9_2od_x1.2,both,E9,8,0.8
D_k9_2od_x1.2,both,E31,4,0.4
D_k9_2od_x1.2,both,E45,4,0.4
D_k9_2od_x1.2,both,-E32,3,0.3
D_k9_2od_x1.2,both,-E6,3,0.3
D_k9_2od_x1.2,both,E11,3,0.3
D_k9_2od_x1.2,both,E19,3,0.3
D_k9_2od_x1.2,both,E26,3,0.3
D_k9_2od_x1.2,both,E4,3,0.3
D_k9_2od_x1.2,both,E63,3,0.3
D_k9_2od_x1.2,both,-E1,2,0.2
D_k9_2od_x1.2,both,-E12,2,0.2
D_k9_2od_x1.2,both,-E3,2,0.2
D_k9_2od_x1.2,both,-E43,2,0.2
D_k9_2od_x1.2,both,-E44,2,0.2
D_k9_2od_x1.2,both,-E46,2,0.2
D_k9_2od_x1.2,both,E0,2,0.2
D_k9_2od_x1.2,both,E17,2,0.2
D_k9_2od_x1.2,both,E2,2,0.2
D_k9_2od_x1.2,both,E21,2,0.2
D_k9_2od_x1.2,both,E28,2,0.2
D_k9_2od_x1.2,both,E30,2,0.2
D_k9_2od_x1.2,both,E53,2,0.2
D_k9_2od_x1.2,both,-E17,1,0.1
D_k9_2od_x1.2,both,-E19,1,0.1
D_k9_2od_x1.2,both,-E23,1,0.1
D_k9_2od_x1.2,both,-E27,1,0.1
D_k9_2od_x1.2,both,-E28,1,0.1
D_k9_2od_x1.2,both,-E31,1,0.1
D_k9_2od_x1.2,both,-E38,1,0.1
D_k9_2od_x1.2,both,-E4,1,0.1
D_k9_2od_x1.2,both,-E47,1,0.1
D_k9_2od_x1.2,both,-E5,1,0.1
D_k9_2od_x1.2,both,-E52,1,0.1
D_k9_2od_x1.2,both,-E64,1,0.1
D_k9_2od_x1.2,both,-E7,1,0.1
D_k9_2od_x1.2,both,-E8,1,0.1
D_k9_2od_x1.2,both,-E9,1,0.1
D_k9_2od_x1.2,both,E12,1,0.1
D_k9_2od_x1.2,both,E14,1,0.1
D_k9_2od_x1.2,both,E15,1,0.1
D_k9_2od_x1.2,both,E16,1,0.1
D_k9_2od_x1.2,both,E32,1,0.1
D_k9_2od_x1.2,both,E34,1,0.1
D_k9_2od_x1.2,both,E39,1,0.1
D_k9_2od_x1.2,both,E5,1,0.1
D_k9_2od_x1.2,both,E52,1,0.1
D_k9_2od_x1.2,both,E56,1,0.1
D_k9_2od_x1.2,both,E59,1,0.1
D_k9_2od_x1.2,both,E7,1,0.1
D_k9_2od_x1.2,init,-E8,8,0.8
D_k9_2od_x1.2,init,-E38,5,0.5
D_k9_2od_x1.2,init,E9,5,0.5
D_k9_2od_x1.2,init,E12,3,0.3
D_k9_2od_x1.2,init,E19,3,0.3
D_k9_2od_x1.2,init,E21,3,0.3
D_k9_2od_x1.2,init,E50,3,0.3
D_k9_2od_x1.2,init,E62,3,0.3
D_k9_2od_x1.2,init,-E11,2,0.2
D_k9_2od_x1.2,init,-E19,2,0.2
D_k9_2od_x1.2,init,-E20,2,0.2
D_k9_2od_x1.2,init,-E27,2,0.2
D_k9_2od_x1.2,init,-E28,2,0.2
D_k9_2od_x1.2,init,-E30,2,0.2
D_k9_2od_x1.2,init,-E39,2,0.2
D_k9_2od_x1.2,init,-E52,2,0.2
D_k9_2od_x1.2,init,E14,2,0.2
D_k9_2od_x1.2,init,E28,2,0.2
D_k9_2od_x1.2,init,E33,2,0.2
D_k9_2od_x1.2,init,E45,2,0.2
D_k9_2od_x1.2,init,E52,2,0.2
D_k9_2od_x1.2,init,-E14,1,0.1
D_k9_2od_x1.2,init,-E15,1,0.1
D_k9_2od_x1.2,init,-E16,1,0.1
D_k9_2od_x1.2,init,-E21,1,0.1
D_k9_2od_x1.2,init,-E26,1,0.1
D_k9_2od_x1.2,init,-E3,1,0.1
D_k9_2od_x1.2,init,-E32,1,0.1
D_k9_2od_x1.2,init,-E43,1,0.1
D_k9_2od_x1.2,init,-E44,1,0.1
D_k9_2od_x1.2,init,-E47,1,0.1
D_k9_2od_x1.2,init,-E5,1,0.1
D_k9_2od_x1.2,init,-E50,1,0.1
D_k9_2od_x1.2,init,-E53,1,0.1
D_k9_2od_x1.2,init,-E58,1,0.1
D_k9_2od_x1.2,init,-E6,1,0.1
D_k9_2od_x1.2,init,-E64,1,0.1
D_k9_2od_x1.2,init,-E7,1,0.1
D_k9_2od_x1.2,init,-E9,1,0.1
D_k9_2od_x1.2,init,E0,1,0.1
D_k9_2od_x1.2,init,E17,1,0.1
D_k9_2od_x1.2,init,E23,1,0.1
D_k9_2od_x1.2,init,E39,1,0.1
D_k9_2od_x1.2,init,E4,1,0.1
D_k9_2od_x1.2,init,E46,1,0.1
D_k9_2od_x1.2,init,E49,1,0.1
D_k9_2od_x1.2,init,E56,1,0.1
D_k9_2od_x1.2,init,E59,1,0.1
D_k9_2od_x1.2,init,E6,1,0.1
D_k9_2od_x1.2,init,E63,1,0.1
D_k9_2od_x1.2,init,E64,1,0.1
D_k9_2od_x1.2,init,E7,1,0.1
D_k9_2od_x1.2,mutation,E9,6,0.6
D_k9_2od_x1.2,mutation,-E8,4,0.4
D_k9_2od_x1.2,mutation,E29,4,0.4
D_k9_2od_x1.2,mutation,-E27,3,0.3
D_k9_2od_x1.2,mutation,-E43,3,0.3
D_k9_2od_x1.2,mutation,-E46,3,0.3
D_k9_2od_x1.2,mutation,-E7,3,0.3
D_k9_2od_x1.2,mutation,E12,3,0.3
D_k9_2od_x1.2,mutation,E21,3,0.3
D_k9_2od_x1.2,mutation,E32,3,0.3
D_k9_2od_x1.2,mutation,-E0,2,0.2
D_k9_2od_x1.2,mutation,-E1,2,0.2
D_k9_2od_x1.2,mutation,-E12,2,0.2
D_k9_2od_x1.2,mutation,-E30,2,0.2
D_k9_2od_x1.2,mutation,-E31,2,0.2
D_k9_2od_x1.2,mutation,-E47,2,0.2
D_k9_2od_x1.2,mutation,-E52,2,0.2
D_k9_2od_x1.2,mutation,-E53,2,0.2
D_k9_2od_x1.2,mutation,E14,2,0.2
D_k9_2od_x1.2,mutation,E19,2,0.2
D_k9_2od_x1.2,mutation,E26,2,0.2
D_k9_2od_x1.2,mutation,E45,2,0.2
D_k9_2od_x1.2,mutation,E50,2,0.2
D_k9_2od_x1.2,mutation,E52,2,0.2
D_k9_2od_x1.2,mutation,E57,2,0.2
D_k9_2od_x1.2,mutation,-E15,1,0.1
D_k9_2od_x1.2,mutation,-E19,1,0.1
D_k9_2od_x1.2,mutation,-E21,1,0.1
D_k9_2od_x1.2,mutation,-E28,1,0.1
D_k9_2od_x1.2,mutation,-E29,1,0.1
D_k9_2od_x1.2,mutation,-E3,1,0.1
D_k9_2od_x1.2,mutation,-E32,1,0.1
D_k9_2od_x1.2,mutation,-E39,1,0.1
D_k9_2od_x1.2,mutation,-E4,1,0.1
D_k9_2od_x1.2,mutation,-E5,1,0.1
D_k9_2od_x1.2,mutation,-E50,1,0.1
D_k9_2od_x1.2,mutation,-E6,1,0.1
D_k9_2od_x1.2,mutation,-E64,1,0.1
D_k9_2od_x1.2,mutation,E10,1,0.1
D_k9_2od_x1.2,mutation,E11,1,0.1
D_k9_2od_x1.2,mutation,E25,1,0.1
D_k9_2od_x1.2,mutation,E31,1,0.1
D_k9_2od_x1.2,mutation,E33,1,0.1
D_k9_2od_x1.2,mutation,E34,1,0.1
D_k9_2od_x1.2,mutation,E38,1,0.1
D_k9_2od_x1.2,mutation,E40,1,0.1
D_k9_2od_x1.2,mutation,E53,1,0.1
D_k9_2od_x1.2,mutation,E56,1,0.1
D_k9_2od_x1.2,mutation,E59,1,0.1
D_k9_2od_x1.2,mutation,E63,1,0.1
D_k9_2od_x1.2,none,E9,5,0.5
D_k9_2od_x1.2,none,E26,4,0.4
D_k9_2od_x1.2,none,-E1,3,0.3
D_k9_2od_x1.2,none,-E27,3,0.3
D_k9_2od_x1.2,none,-E30,3,0.3
D_k9_2od_x1.2,none,-E52,3,0.3
D_k9_2od_x1.2,none,-E8,3,0.3
D_k9_2od_x1.2,none,E4,3,0.3
D_k9_2od_x1.2,none,E45,3,0.3
D_k9_2od_x1.2,none,E62,3,0.3
D_k9_2od_x1.2,none,-E19,2,0.2
D_k9_2od_x1.2,none,-E20,2,0.2
D_k9_2od_x1.2,none,-E25,2,0.2
D_k9_2od_x1.2,none,-E35,2,0.2
D_k9_2od_x1.2,none,-E5,2,0.2
D_k9_2od_x1.2,none,-E50,2,0.2
D_k9_2od_x1.2,none,-E64,2,0.2
D_k9_2od_x1.2,none,E11,2,0.2
D_k9_2od_x1.2,none,E16,2,0.2
D_k9_2od_x1.2,none,E19,2,0.2
D_k9_2od_x1.2,none,E21,2,0.2
D_k9_2od_x1.2,none,E28,2,0.2
D_k9_2od_x1.2,none,E41,2,0.2
D_k9_2od_x1.2,none,E53,2,0.2
D_k9_2od_x1.2,none,E56,2,0.2
D_k9_2od_x1.2,none,-E11,1,0.1
D_k9_2od_x1.2,none,-E12,1,0.1
D_k9_2od_x1.2,none,-E14,1,0.1
D_k9_2od_x1.2,none,-E16,1,0.1
D_k9_2od_x1.2,none,-E17,1,0.1
D_k9_2od_x1.2,none,-E23,1,0.1
D_k9_2od_x1.2,none,-E38,1,0.1
D_k9_2od_x1.2,none,-E39,1,0.1
D_k9_2od_x1.2,none,-E43,1,0.1
D_k9_2od_x1.2,none,-E44,1,0.1
D_k9_2od_x1.2,none,-E46,1,0.1
D_k9_2od_x1.2,none,-E53,1,0.1
D_k9_2od_x1.2,none,-E58,1,0.1
D_k9_2od_x1.2,none,-E6,1,0.1
D_k9_2od_x1.2,none,-E7,1,0.1
D_k9_2od_x1.2,none,-E9,1,0.1
D_k9_2od_x1.2,none,E12,1,0.1
D_k9_2od_x1.2,none,E14,1,0.1
D_k9_2od_x1.2,none,E15,1,0.1
D_k9_2od_x1.2,none,E17,1,0.1
D_k9_2od_x1.2,none,E25,1,0.1
D_k9_2od_x1.2,none,E27,1,0.1
D_k9_2od_x1.2,none,E33,1,0.1
D_k9_2od_x1.2,none,E38,1,0.1
D_k9_2od_x1.2,none,E39,1,0.1
D_k9_2od_x1.2,none,E49,1,0.1
D_k9_2od_x1.2,none,E64,1,0.1
D_k9_3od_x0.8,both,E9,7,0.7
D_k9_3od_x0.8,both,-E27,6,0.6
D_k9_3od_x0.8,both,E7,6,0.6
D_k9_3od_x0.8,both,E30,5,0.5
D_k9_3od_x0.8,both,-E46,4,0.4
D_k9_3od_x0.8,both,-E5,4,0.4
D_k9_3od_x0.8,both,-E64,4,0.4
D_k9_3od_x0.8,both,E6,4,0.4
D_k9_3od_x0.8,both,-E26,3,0.3
D_k9_3od_x0.8,both,-E28,3,0.3
D_k9_3od_x0.8,both,-E7,3,0.3
D_k9_3od_x0.8,both,E25,3,0.3
D_k9_3od_x0.8,both,E49,3,0.3
D_k9_3od_x0.8,both,-E14,2,0.2
D_k9_3od_x0.8,both,-E32,2,0.2
D_k9_3od_x0.8,both,-E8,2,0.2
D_k9_3od_x0.8,both,E0,2,0.2
D_k9_3od_x0.8,both,E4,2,0.2
D_k9_3od_x0.8,both,E56,2,0.2
D_k9_3od_x0.8,both,-E1,1,0.1
D_k9_3od_x0.8,both,-E12,1,0.1
D_k9_3od_x0.8,both,-E15,1,0.1
D_k9_3od_x0.8,both,-E17,1,0.1
D_k9_3od_x0.8,both,-E19,1,0.1
D_k9_3od_x0.8,both,-E20,1,0.1
D_k9_3od_x0.8,both,-E35,1,0.1
D_k9_3od_x0.8,both,-E45,1,0.1
D_k9_3od_x0.8,both,-E52,1,0.1
D_k9_3od_x0.8,both,-E58,1,0.1
D_k9_3od_x0.8,both,E1,1,0.1
D_k9_3od_x0.8,both,E15,1,0.1
D_k9_3od_x0.8,both,E19,1,0.1
D_k9_3od_x0.8,both,E2,1,0.1
D_k9_3od_x0.8,both,E21,1,0.1
D_k9_3od_x0.8,both,E23,1,0.1
D_k9_3od_x0.8,both,E31,1,0.1
D_k9_3od_x0.8,both,E32,1,0.1
D_k9_3od_x0.8,both,E34,1,0.1
D_k9_3od_x0.8,both,E45,1,0.1
D_k9_3od_x0.8,both,E52,1,0.1
D_k9_3od_x0.8,both,E57,1,0.1
D_k9_3od_x0.8,both,E63,1,0.1
D_k9_3od_x0.8,init,E7,7,0.7
D_k9_3od_x0.8,init,E9,5,0.5
D_k9_3od_x0.8,init,-E21,3,0.3
D_k9_3od_x0.8,init,-E3,3,0.3
D_k9_3od_x0.8,init,-E35,3,0.3
D_k9_3od_x0.8,init,E19,3,0.3
D_k9_3od_x0.8,init,E47,3,0.3
D_k9_3od_x0.8,init,-E11,2,0.2
D_k9_3od_x0.8,init,-E20,2,0.2
D_k9_3od_x0.8,init,-E39,2,0.2
D_k9_3od_x0.8,init,-E44,2,0.2
D_k9_3od_x0.8,init,-E6,2,0.2
D_k9_3od_x0.8,init,-E8,2,0.2
D_k9_3od_x0.8,init,E15,2,0.2
D_k9_3od_x0.8,init,E2,2,0.2
D_k9_3od_x0.8,init,E25,2,0.2
D_k9_3od_x0.8,init,E3,2,0.2
D_k9_3od_x0.8,init,E33,2,0.2
D_k9_3od_x0.8,init,E34,2,0.2
D_k9_3od_x0.8,init,E50,2,0.2
D_k9_3od_x0.8,init,E58,2,0.2
D_k9_3od_x0.8,init,-E14,1,0.1
D_k9_3od_x0.8,init,-E15,1,0.1
D_k9_3od_x0.8,init,-E16,1,0.1
D_k9_3od_x0.8,init,-E17,1,0.1
D_k9_3od_x0.8,init,-E19,1,0.1
D_k9_3od_x0.8,init,-E2,1,0.1
D_k9_3od_x0.8,init,-E25,1,0.1
D_k9_3od_x0.8,init,-E28,1,0.1
D_k9_3od_x0.8,init,-E40,1,0.1
D_k9_3od_x0.8,init,-E43,1,0.1
D_k9_3od_x0.8,init,-E46,1,0.1
D_k9_3od_x0.8,init,-E47,1,0.1
D_k9_3od_x0.8,init,-E5,1,0.1
D_k9_3od_x0.8,init,-E52,1,0.1
D_k9_3od_x0.8,init,-E58,1,0.1
D_k9_3od_x0.8,init,-E64,1,0.1
D_k9_3od_x0.8,init,-E9,1,0.1
D_k9_3od_x0.8,init,E11,1,0.1
D_k9_3od_x0.8,init,E14,1,0.1
D_k9_3od_x0.8,init,E17,1,0.1
D_k9_3od_x0.8,init,E23,1,0.1
D_k9_3od_x0.8,init,E26,1,0.1
D_k9_3od_x0.8,init,E28,1,0.1
D_k9_3od_x0.8,init,E31,1,0.1
D_k9_3od_x0.8,init,E32,1,0.1
D_k9_3od_x0.8,init,E39,1,0.1
D_k9_3od_x0.8,init,E43,1,0.1
D_k9_3od_x0.8,init,E45,1,0.1
D_k9_3od_x0.8,init,E46,1,0.1
D_k9_3od_x0.8,init,E49,1,0.1
D_k9_3od_x0.8,init,E5,1,0.1
D_k9_3od_x0.8,init,E53,1,0.1
D_k9_3od_x0.8,init,E56,1,0.1
D_k9_3od_x0.8,init,E59,1,0.1
D_k9_3od_x0.8,init,E62,1,0.1
D_k9_3od_x0.8,mutation,E9,7,0.7
D_k9_3od_x0.8,mutation,E6,5,0.5
D_k9_3od_x0.8,mutation,E7,5,0.5
D_k9_3od_x0.8,mutation,-E12,4,0.4
D_k9_3od_x0.8,mutation,-E45,4,0.4
D_k9_3od_x0.8,mutation,-E8,4,0.4
D_k9_3od_x0.8,mutation,E4,4,0.4
D_k9_3od_x0.8,mutation,-E28,3,0.3
D_k9_3od_x0.8,mutation,-E46,3,0.3
D_k9_3od_x0.8,mutation,-E7,3,0.3
D_k9_3od_x0.8,mutation,E25,3,0.3
D_k9_3od_x0.8,mutation,E49,3,0.3
D_k9_3od_x0.8,mutation,E56,3,0.3
D_k9_3od_x0.8,mutation,E64,3,0.3
D_k9_3od_x0.8,mutation,-E14,2,0.2
D_k9_3od_x0.8,mutation,-E17,2,0.2
D_k9_3od_x0.8,mutation,-E26,2,0.2
D_k9_3od_x0.8,mutation,-E27,2,0.2
D_k9_3od_x0.8,mutation,E2,2,0.2
D_k9_3od_x0.8,mutation,E30,2,0.2
D_k9_3od_x0.8,mutation,E31,2,0.2
D_k9_3od_x0.8,mutation,E34,2,0.2
D_k9_3od_x0.8,mutation,E53,2,0.2
D_k9_3od_x0.8,mutation,-E1,1,0.1
D_k9_3od_x0.8,mutation,-E15,1,0.1
D_k9_3od_x0.8,mutation,-E32,1,0.1
D_k9_3od_x0.8,mutation,-E35,1,0.1
D_k9_3od_x0.8,mutation,-E4,1,0.1
D_k9_3od_x0.8,mutation,-E40,1,0.1
D_k9_3od_x0.8,mutation,-E5,1,0.1
D_k9_3od_x0.8,mutation,-E50,1,0.1
D_k9_3od_x0.8,mutation,-E52,1,0.1
D_k9_3od_x0.8,mutation,-E64,1,0.1
D_k9_3od_x0.8,mutation,E1,1,0.1
D_k9_3od_x0.8,mutation,E11,1,0.1
D_k9_3od_x0.8,mutation,E14,1,0.1
D_k9_3od_x0.8,mutation,E19,1,0.1
D_k9_3od_x0.8,mutation,E21,1,0.1
D_k9_3od_x0.8,mutation,E26,1,0.1
D_k9_3od_x0.8,mutation,E52,1,0.1
D_k9_3od_x0.8,mutation,E58,1,0.1
D_k9_3od_x0.8,none,E7,8,0.8
D_k9_3od_x0.8,none,E19,5,0.5
D_k9_3od_x0.8,none,E8,5,0.5
D_k9_3od_x0.8,none,-E15,3,0.3
D_k9_3od_x0.8,none,-E43,3,0.3
D_k9_3od_x0.8,none,-E44,3,0.3
D_k9_3od_x0.8,none,-E58,3,0.3
D_k9_3od_x0.8,none,E3,3,0.3
D_k9_3od_x0.8,none,E31,3,0.3
D_k9_3od_x0.8,none,E63,3,0.3
D_k9_3od_x0.8,none,E9,3,0.3
D_k9_3od_x0.8,none,-E12,2,0.2
D_k9_3od_x0.8,none,-E14,2,0.2
D_k9_3od_x0.8,none,-E26,2,0.2
D_k9_3od_x0.8,none,-E28,2,0.2
D_k9_3od_x0.8,none,-E35,2,0.2
D_k9_3od_x0.8,none,E24,2,0.2
D_k9_3od_x0.8,none,E4,2,0.2
D_k9_3od_x0.8,none,E53,2,0.2
D_k9_3od_x0.8,none,E56,2,0.2
D_k9_3od_x0.8,none,E58,2,0.2
D_k9_3od_x0.8,none,E64,2,0.2
D_k9_3od_x0.8,none,-E0,1,0.1
D_k9_3od_x0.8,none,-E1,1,0.1
D_k9_3od_x0.8,none,-E11,1,0.1
D_k9_3od_x0.8,none,-E19,1,0.1
D_k9_3od_x0.8,none,-E21,1,0.1
D_k9_3od_x0.8,none,-E27,1,0.1
D_k9_3od_x0.8,none,-E3,1,0.1
D_k9_3od_x0.8,none,-E30,1,0.1
D_k9_3od_x0.8,none,-E32,1,0.1
D_k9_3od_x0.8,none,-E40,1,0.1
D_k9_3od_x0.8,none,-E45,1,0.1
D_k9_3od_x0.8,none,-E46,1,0.1
D_k9_3od_x0.8,none,-E50,1,0.1
D_k9_3od_x0.8,none,-E52,1,0.1
D_k9_3od_x0.8,none,-E64,1,0.1
D_k9_3od_x0.8,none,E0,1,0.1
D_k9_3od_x0.8,none,E10,1,0.1
D_k9_3od_x0.8,none,E11,1,0.1
D_k9_3od_x0.8,none,E17,1,0.1
D_k9_3od_x0.8,none,E2,1,0.1
D_k9_3od_x0.8,none,E23,1,0.1
D_k9_3od_x0.8,none,E29,1,0.1
D_k9_3od_x0.8,none,E43,1,0.1
D_k9_3od_x0.8,none,E45,1,0.1
D_k9_3od_x0.8,none,E5,1,0.1
D_k9_3od_x0.8,none,E50,1,0.1
D_k9_3od_x1.0,both,E9,8,0.8
D_k9_3od_x1.0,both,E6,6,0.6
D_k9_3od_x1.0,both,-E12,5,0.5
D_k9_3od_x1.0,both,E40,5,0.5
D_k9_3od_x1.0,both,E7,4,0.4
D_k9_3od_x1.0,both,E11,3,0.3
D_k9_3od_x1.0,both,E52,3,0.3
D_k9_3od_x1.0,both,E8,3,0.3
D_k9_3od_x1.0,both,-E11,2,0.2
D_k9_3od_x1.0,both,-E16,2,0.2
D_k9_3od_x1.0,both,-E3,2,0.2
D_k9_3od_x1.0,both,-E5,2,0.2
D_k9_3od_x1.0,both,-E58,2,0.2
D_k9_3od_x1.0,both,-E64,2,0.2
D_k9_3od_x1.0,both,-E9,2,0.2
D_k9_3od_x1.0,both,E23,2,0.2
D_k9_3od_x1.0,both,E26,2,0.2
D_k9_3od_x1.0,both,E30,2,0.2
D_k9_3od_x1.0,both,E31,2,0.2
D_k9_3od_x1.0,both,E57,2,0.2
D_k9_3od_x1.0,both,-E15,1,0.1
D_k9_3od_x1.0,both,-E26,1,0.1
D_k9_3od_x1.0,both,-E28,1,0.1
D_k9_3od_x1.0,both,-E29,1,0.1
D_k9_3od_x1.0,both,-E31,1,0.1
D_k9_3od_x1.0,both,-E32,1,0.1
D_k9_3od_x1.0,both,-E35,1,0.1
D_k9_3od_x1.0,both,-E46,1,0.1
D_k9_3od_x1.0,both,-E47,1,0.1
D_k9_3od_x1.0,both,-E7,1,0.1
D_k9_3od_x1.0,both,E0,1,0.1
D_k9_3od_x1.0,both,E15,1,0.1
D_k9_3od_x1.0,both,E16,1,0.1
D_k9_3od_x1.0,both,E17,1,0.1
D_k9_3od_x1.0,both,E2,1,0.1
D_k9_3od_x1.0,both,E21,1,0.1
D_k9_3od_x1.0,both,E24,1,0.1
D_k9_3od_x1.0,both,E25,1,0.1
D_k9_3od_x1.0,both,E28,1,0.1
D_k9_3od_x1.0,both,E3,1,0.1
D_k9_3od_x1.0,both,E4,1,0.1
D_k9_3od_x1.0,both,E41,1,0.1
D_k9_3od_x1.0,both,E43,1,0.1
D_k9_3od_x1.0,both,E47,1,0.1
D_k9_3od_x1.0,both,E5,1,0.1
D_k9_3od_x1.0,both,E56,1,0.1
D_k9_3od_x1.0,both,E59,1,0.1
D_k9_3od_x1.0,both,E62,1,0.1
D_k9_3od_x1.0,both,E64,1,0.1
D_k9_3od_x1.0,init,E7,7,0.7
D_k9_3od_x1.0,init,E9,6,0.6
D_k9_3od_x1.0,init,E8,5,0.5
D_k9_3od_x1.0,init,-E38,3,0.3
D_k9_3od_x1.0,init,E14,3,0.3
D_k9_3od_x1.0,init,E19,3,0.3
D_k9_3od_x1.0,init,-E15,2,0.2
D_k9_3od_x1.0,init,-E29,2,0.2
D_k9_3od_x1.0,init,-E35,2,0.2
D_k9_3od_x1.0,init,-E39,2,0.2
D_k9_3od_x1.0,init,-E43,2,0.2
D_k9_3od_x1.0,init,-E46,2,0.2
D_k9_3od_x1.0,init,-E6,2,0.2
D_k9_3od_x1.0,init,-E64,2,0.2
D_k9_3od_x1.0,init,-E7,2,0.2
D_k9_3od_x1.0,init,E10,2,0.2
D_k9_3od_x1.0,init,E2,2,0.2
D_k9_3od_x1.0,init,E27,2,0.2
D_k9_3od_x1.0,init,E33,2,0.2
D_k9_3od_x1.0,init,E46,2,0.2
D_k9_3od_x1.0,init,E52,2,0.2
D_k9_3od_x1.0,init,E56,2,0.2
D_k9_3od_x1.0,init,-E0,1,0.1
D_k9_3od_x1.0,init,-E1,1,0.1
D_k9_3od_x1.0,init,-E11,1,0.1
D_k9_3od_x1.0,init,-E16,1,0.1
D_k9_3od_x1.0,init,-E2,1,0.1
D_k9_3od_x1.0,init,-E26,1,0.1
D_k9_3od_x1.0,init,-E27,1,0.1
D_k9_3od_x1.0,init,-E28,1,0.1
D_k9_3od_x1.0,init,-E30,1,0.1
D_k9_3od_x1.0,init,-E40,1,0.1
D_k9_3od_x1.0,init,-E44,1,0.1
D_k9_3od_x1.0,init,-E5,1,0.1
D_k9_3od_x1.0,init,-E52,1,0.1
D_k9_3od_x1.0,init,-E8,1,0.1
D_k9_3od_x1.0,init,E0,1,0.1
D_k9_3od_x1.0,init,E11,1,0.1
D_k9_3od_x1.0,init,E15,1,0.1
D_k9_3od_x1.0,init,E16,1,0.1
D_k9_3od_x1.0,init,E17,1,0.1
D_k9_3od_x1.0,init,E28,1,0.1
D_k9_3od_x1.0,init,E29,1,0.1
D_k9_3od_x1.0,init,E34,1,0.1
D_k9_3od_x1.0,init,E39,1,0.1
D_k9_3od_x1.0,init,E40,1,0.1
D_k9_3od_x1.0,init,E41,1,0.1
D_k9_3od_x1.0,init,E47,1,0.1
D_k9_3od_x1.0,init,E50,1,0.1
D_k9_3od_x1.0,init,E57,1,0.1
D_k9_3od_x1.0,init,E6,1,0.1
D_k9_3od_x1.0,init,E62,1,0.1
D_k9_3od_x1.0,init,E63,1,0.1
D_k9_3od_x1.0,mutation,E9,9,0.9
D_k9_3od_x1.0,mutation,E6,5,0.5
D_k9_3od_x1.0,mutation,E7,5,0.5
D_k9_3od_x1.0,mutation,E31,4,0.4
D_k9_3od_x1.0,mutation,E59,4,0.4
D_k9_3od_x1.0,mutation,-E16,3,0.3
D_k9_3od_x1.0,mutation,-E3,3,0.3
D_k9_3od_x1.0,mutation,E30,3,0.3
D_k9_3od_x1.0,mutation,E40,3,0.3
D_k9_3od_x1.0,mutation,E52,3,0.3
D_k9_3od_x1.0,mutation,-E26,2,0.2
D_k9_3od_x1.0,mutation,-E46,2,0.2
D_k9_3od_x1.0,mutation,-E52,2,0.2
D_k9_3od_x1.0,mutation,-E53,2,0.2
D_k9_3od_x1.0,mutation,-E7,2,0.2
D_k9_3od_x1.0,mutation,-E9,2,0.2
D_k9_3od_x1.0,mutation,E21,2,0.2
D_k9_3od_x1.0,mutation,E23,2,0.2
D_k9_3od_x1.0,mutation,E24,2,0.2
D_k9_3od_x1.0,mutation,E8,2,0.2
D_k9_3od_x1.0,mutation,-E11,1,0.1
D_k9_3od_x1.0,mutation,-E12,1,0.1
D_k9_3od_x1.0,mutation,-E14,1,0.1
D_k9_3od_x1.0,mutation,-E15,1,0.1
D_k9_3od_x1.0,mutation,-E19,1,0.1
D_k9_3od_x1.0,mutation,-E20,1,0.1
D_k9_3od_x1.0,mutation,-E21,1,0.1
D_k9_3od_x1.0,mutation,-E27,1,0.1
D_k9_3od_x1.0,mutation,-E28,1,0.1
D_k9_3od_x1.0,mutation,-E29,1,0.1
D_k9_3od_x1.0,mutation,-E31,1,0.1
D_k9_3od_x1.0,mutation,-E32,1,0.1
D_k9_3od_x1.0,mutation,-E38,1,0.1
D_k9_3od_x1.0,mutation,-E4,1,0.1
D_k9_3od_x1.0,mutation,-E58,1,0.1
D_k9_3od_x1.0,mutation,-E64,1,0.1
D_k9_3od_x1.0,mutation,-E8,1,0.1
D_k9_3od_x1.0,mutation,E11,1,0.1
D_k9_3od_x1.0,mutation,E15,1,0.1
D_k9_3od_x1.0,mutation,E2,1,0.1
D_k9_3od_x1.0,mutation,E28,1,0.1
D_k9_3od_x1.0,mutation,E3,1,0.1
D_k9_3od_x1.0,mutation,E32,1,0.1
D_k9_3od_x1.0,mutation,E4,1,0.1
D_k9_3od_x1.0,mutation,E45,1,0.1
D_k9_3od_x1.0,mutation,E47,1,0.1
D_k9_3od_x1.0,mutation,E50,1,0.1
D_k9_3od_x1.0,mutation,E56,1,0.1
D_k9_3od_x1.0,none,E6,6,0.6
D_k9_3od_x1.0,none,E7,6,0.6
D_k9_3od_x1.0,none,E9,6,0.6
D_k9_3od_x1.0,none,-E27,4,0.4
D_k9_3od_x1.0,none,-E44,4,0.4
D_k9_3od_x1.0,none,E8,4,0.4
D_k9_3od_x1.0,none,E3,3,0.3
D_k9_3od_x1.0,none,E41,3,0.3
D_k9_3od_x1.0,none,-E15,2,0.2
D_k9_3od_x1.0,none,-E28,2,0.2
D_k9_3od_x1.0,none,-E46,2,0.2
D_k9_3od_x1.0,none,-E8,2,0.2
D_k9_3od_x1.0,none,E21,2,0.2
D_k9_3od_x1.0,none,E40,2,0.2
D_k9_3od_x1.0,none,E53,2,0.2
D_k9_3od_x1.0,none,E59,2,0.2
D_k9_3od_x1.0,none,-E0,1,0.1
D_k9_3od_x1.0,none,-E1,1,0.1
D_k9_3od_x1.0,none,-E11,1,0.1
D_k9_3od_x1.0,none,-E14,1,0.1
D_k9_3od_x1.0,none,-E16,1,0.1
D_k9_3od_x1.0,none,-E17,1,0.1
D_k9_3od_x1.0,none,-E23,1,0.1
D_k9_3od_x1.0,none,-E29,1,0.1
D_k9_3od_x1.0,none,-E3,1,0.1
D_k9_3od_x1.0,none,-E30,1,0.1
D_k9_3od_x1.0,none,-E31,1,0.1
D_k9_3od_x1.0,none,-E35,1,0.1
D_k9_3od_x1.0,none,-E38,1,0.1
D_k9_3od_x1.0,none,-E39,1,0.1
D_k9_3od_x1.0,none,-E40,1,0.1
D_k9_3od_x1.0,none,-E45,1,0.1
D_k9_3od_x1.0,none,-E5,1,0.1
D_k9_3od_x1.0,none,-E58,1,0.1
D_k9_3od_x1.0,none,-E6,1,0.1
D_k9_3od_x1.0,none,-E64,1,0.1
D_k9_3od_x1.0,none,E0,1,0.1
D_k9_3od_x1.0,none,E1,1,0.1
D_k9_3od_x1.0,none,E10,1,0.1
D_k9_3od_x1.0,none,E11,1,0.1
D_k9_3od_x1.0,none,E17,1,0.1
D_k9_3od_x1.0,none,E19,1,0.1
D_k9_3od_x1.0,none,E23,1,0.1
D_k9_3od_x1.0,none,E25,1,0.1
D_k9_3od_x1.0,none,E26,1,0.1
D_k9_3od_x1.0,none,E28,1,0.1
D_k9_3od_x1.0,none,E29,1,0.1
D_k9_3od_x1.0,none,E30,1,0.1
D_k9_3od_x1.0,none,E43,1,0.1
D_k9_3od_x1.0,none,E49,1,0.1
D_k9_3od_x1.0,none,E50,1,0.1
D_k9_3od_x1.0,none,E52,1,0.1
D_k9_3od_x1.0,none,E56,1,0.1
D_k9_3od_x1.0,none,E57,1,0.1
D_k9_3od_x1.2,both,E9,9,0.9
D_k9_3od_x1.2,both,E7,7,0.7
D_k9_3od_x1.2,both,-E35,6,0.6
D_k9_3od_x1.2,both,E26,4,0.4
D_k9_3od_x1.2,both,-E12,3,0.3
D_k9_3od_x1.2,both,-E64,3,0.3
D_k9_3od_x1.2,both,E16,3,0.3
D_k9_3od_x1.2,both,E25,3,0.3
D_k9_3od_x1.2,both,-E11,2,0.2
D_k9_3od_x1.2,both,-E27,2,0.2
D_k9_3od_x1.2,both,-E29,2,0.2
D_k9_3od_x1.2,both,-E30,2,0.2
D_k9_3od_x1.2,both,-E39,2,0.2
D_k9_3od_x1.2,both,-E44,2,0.2
D_k9_3od_x1.2,both,E14,2,0.2
D_k9_3od_x1.2,both,E15,2,0.2
D_k9_3od_x1.2,both,E29,2,0.2
D_k9_3od_x1.2,both,E32,2,0.2
D_k9_3od_x1.2,both,E34,2,0.2
D_k9_3od_x1.2,both,E47,2,0.2
D_k9_3od_x1.2,both,E6,2,0.2
D_k9_3od_x1.2,both,E63,2,0.2
D_k9_3od_x1.2,both,-E0,1,0.1
D_k9_3od_x1.2,both,-E1,1,0.1
D_k9_3od_x1.2,both,-E14,1,0.1
D_k9_3od_x1.2,both,-E21,1,0.1
D_k9_3od_x1.2,both,-E23,1,0.1
D_k9_3od_x1.2,both,-E28,1,0.1
D_k9_3od_x1.2,both,-E3,1,0.1
D_k9_3od_x1.2,both,-E32,1,0.1
D_k9_3od_x1.2,both,-E4,1,0.1
D_k9_3od_x1.2,both,-E43,1,0.1
D_k9_3od_x1.2,both,-E5,1,0.1
D_k9_3od_x1.2,both,-E6,1,0.1
D_k9_3od_x1.2,both,-E7,1,0.1
D_k9_3od_x1.2,both,E1,1,0.1
D_k9_3od_x1.2,both,E11,1,0.1
D_k9_3od_x1.2,both,E19,1,0.1
D_k9_3od_x1.2,both,E2,1,0.1
D_k9_3od_x1.2,both,E23,1,0.1
D_k9_3od_x1.2,both,E3,1,0.1
D_k9_3od_x1.2,both,E30,1,0.1
D_k9_3od_x1.2,both,E40,1,0.1
D_k9_3od_x1.2,both,E41,1,0.1
D_k9_3od_x1.2,both,E52,1,0.1
D_k9_3od_x1.2,both,E58,1,0.1
D_k9_3od_x1.2,init,E7,8,0.8
D_k9_3od_x1.2,init,E9,8,0.8
D_k9_3od_x1.2,init,-E14,4,0.4
D_k9_3od_x1.2,init,E6,4,0.4
D_k9_3od_x1.2,init,-E16,3,0.3
D_k9_3od_x1.2,init,E4,3,0.3
D_k9_3od_x1.2,init,-E0,2,0.2
D_k9_3od_x1.2,init,-E1,2,0.2
D_k9_3od_x1.2,init,-E20,2,0.2
D_k9_3od_x1.2,init,-E21,2,0.2
D_k9_3od_x1.2,init,-E26,2,0.2
D_k9_3od_x1.2,init,-E28,2,0.2
D_k9_3od_x1.2,init,-E43,2,0.2
D_k9_3od_x1.2,init,-E46,2,0.2
D_k9_3od_x1.2,init,-E52,2,0.2
D_k9_3od_x1.2,init,E15,2,0.2
D_k9_3od_x1.2,init,E29,2,0.2
D_k9_3od_x1.2,init,E3,2,0.2
D_k9_3od_x1.2,init,E39,2,0.2
D_k9_3od_x1.2,init,E5,2,0.2
D_k9_3od_x1.2,init,E50,2,0.2
D_k9_3od_x1.2,init,E56,2,0.2
D_k9_3od_x1.2,init,-E15,1,0.1
D_k9_3od_x1.2,init,-E19,1,0.1
D_k9_3od_x1.2,init,-E23,1,0.1
D_k9_3od_x1.2,init,-E25,1,0.1
D_k9_3od_x1.2,init,-E29,1,0.1
D_k9_3od_x1.2,init,-E35,1,0.1
D_k9_3od_x1.2,init,-E47,1,0.1
D_k9_3od_x1.2,init,-E5,1,0.1
D_k9_3od_x1.2,init,-E50,1,0.1
D_k9_3od_x1.2,init,-E58,1,0.1
D_k9_3od_x1.2,init,-E6,1,0.1
D_k9_3od_x1.2,init,-E64,1,0.1
D_k9_3od_x1.2,init,-E7,1,0.1
D_k9_3od_x1.2,init,-E8,1,0.1
D_k9_3od_x1.2,init,E11,1,0.1
D_k9_3od_x1.2,init,E19,1,0.1
D_k9_3od_x1.2,init,E2,1,0.1
D_k9_3od_x1.2,init,E21,1,0.1
D_k9_3od_x1.2,init,E27,1,0.1
D_k9_3od_x1.2,init,E28,1,0.1
D_k9_3od_x1.2,init,E30,1,0.1
D_k9_3od_x1.2,init,E31,1,0.1
D_k9_3od_x1.2,init,E32,1,0.1
D_k9_3od_x1.2,init,E33,1,0.1
D_k9_3od_x1.2,init,E41,1,0.1
D_k9_3od_x1.2,init,E46,1,0.1
D_k9_3od_x1.2,init,E53,1,0.1
D_k9_3od_x1.2,init,E57,1,0.1
D_k9_3od_x1.2,mutation,E7,9,0.9
D_k9_3od_x1.2,mutation,E9,8,0.8
D_k9_3od_x1.2,mutation,-E12,5,0.5
D_k9_3od_x1.2,mutation,-E35,5,0.5
D_k9_3od_x1.2,mutation,E26,4,0.4
D_k9_3od_x1.2,mutation,-E64,3,0.3
D_k9_3od_x1.2,mutation,E25,3,0.3
D_k9_3od_x1.2,mutation,E29,3,0.3
D_k9_3od_x1.2,mutation,E6,3,0.3
D_k9_3od_x1.2,mutation,-E14,2,0.2
D_k9_3od_x1.2,mutation,-E20,2,0.2
D_k9_3od_x1.2,mutation,-E28,2,0.2
D_k9_3od_x1.2,mutation,-E50,2,0.2
D_k9_3od_x1.2,mutation,-E7,2,0.2
D_k9_3od_x1.2,mutation,E19,2,0.2
D_k9_3od_x1.2,mutation,E2,2,0.2
D_k9_3od_x1.2,mutation,E21,2,0.2
D_k9_3od_x1.2,mutation,E34,2,0.2
D_k9_3od_x1.2,mutation,E58,2,0.2
D_k9_3od_x1.2,mutation,-E11,1,0.1
D_k9_3od_x1.2,mutation,-E15,1,0.1
D_k9_3od_x1.2,mutation,-E17,1,0.1
D_k9_3od_x1.2,mutation,-E19,1,0.1
D_k9_3od_x1.2,mutation,-E23,1,0.1
D_k9_3od_x1.2,mutation,-E25,1,0.1
D_k9_3od_x1.2,mutation,-E27,1,0.1
D_k9_3od_x1.2,mutation,-E30,1,0.1
D_k9_3od_x1.2,mutation,-E39,1,0.1
D_k9_3od_x1.2,mutation,-E46,1,0.1
D_k9_3od_x1.2,mutation,-E47,1,0.1
D_k9_3od_x1.2,mutation,E1,1,0.1
D_k9_3od_x1.2,mutation,E11,1,0.1
D_k9_3od_x1.2,mutation,E16,1,0.1
D_k9_3od_x1.2,mutation,E23,1,0.1
D_k9_3od_x1.2,mutation,E27,1,0.1
D_k9_3od_x1.2,mutation,E28,1,0.1
D_k9_3od_x1.2,mutation,E3,1,0.1
D_k9_3od_x1.2,mutation,E31,1,0.1
D_k9_3od_x1.2,mutation,E4,1,0.1
D_k9_3od_x1.2,mutation,E40,1,0.1
D_k9_3od_x1.2,mutation,E46,1,0.1
D_k9_3od_x1.2,mutation,E47,1,0.1
D_k9_3od_x1.2,mutation,E53,1,0.1
D_k9_3od_x1.2,mutation,E57,1,0.1
D_k9_3od_x1.2,mutation,E63,1,0.1
D_k9_3od_x1.2,mutation,E64,1,0.1
D_k9_3od_x1.2,none,E9,9,0.9
D_k9_3od_x1.2,none,E7,5,0.5
D_k9_3od_x1.2,none,-E12,3,0.3
D_k9_3od_x1.2,none,-E52,3,0.3
D_k9_3od_x1.2,none,E19,3,0.3
D_k9_3od_x1.2,none,E26,3,0.3
D_k9_3od_x1.2,none,E59,3,0.3
D_k9_3od_x1.2,none,-E0,2,0.2
D_k9_3od_x1.2,none,-E15,2,0.2
D_k9_3od_x1.2,none,-E19,2,0.2
D_k9_3od_x1.2,none,-E26,2,0.2
D_k9_3od_x1.2,none,-E3,2,0.2
D_k9_3od_x1.2,none,-E39,2,0.2
D_k9_3od_x1.2,none,-E43,2,0.2
D_k9_3od_x1.2,none,-E5,2,0.2
D_k9_3od_x1.2,none,-E58,2,0.2
D_k9_3od_x1.2,none,-E64,2,0.2
D_k9_3od_x1.2,none,-E7,2,0.2
D_k9_3od_x1.2,none,-E9,2,0.2
D_k9_3od_x1.2,none,E0,2,0.2
D_k9_3od_x1.2,none,E16,2,0.2
D_k9_3od_x1.2,none,E21,2,0.2
D_k9_3od_x1.2,none,E50,2,0.2
D_k9_3od_x1.2,none,E53,2,0.2
D_k9_3od_x1.2,none,-E11,1,0.1
D_k9_3od_x1.2,none,-E16,1,0.1
D_k9_3od_x1.2,none,-E17,1,0.1
D_k9_3od_x1.2,none,-E20,1,0.1
D_k9_3od_x1.2,none,-E23,1,0.1
D_k9_3od_x1.2,none,-E27,1,0.1
D_k9_3od_x1.2,none,-E29,1,0.1
D_k9_3od_x1.2,none,-E30,1,0.1
D_k9_3od_x1.2,none,-E35,1,0.1
D_k9_3od_x1.2,none,-E4,1,0.1
D_k9_3od_x1.2,none,-E44,1,0.1
D_k9_3od_x1.2,none,-E46,1,0.1
D_k9_3od_x1.2,none,-E47,1,0.1
D_k9_3od_x1.2,none,-E6,1,0.1
D_k9_3od_x1.2,none,E15,1,0.1
D_k9_3od_x1.2,none,E17,1,0.1
D_k9_3od_x1.2,none,E27,1,0.1
D_k9_3od_x1.2,none,E29,1,0.1
D_k9_3od_x1.2,none,E30,1,0.1
D_k9_3od_x1.2,none,E32,1,0.1
D_k9_3od_x1.2,none,E34,1,0.1
D_k9_3od_x1.2,none,E4,1,0.1
D_k9_3od_x1.2,none,E40,1,0.1
D_k9_3od_x1.2,none,E45,1,0.1
D_k9_3od_x1.2,none,E5,1,0.1
D_k9_3od_x1.2,none,E57,1,0.1
D_k9_3od_x1.2,none,E6,1,0.1
J_k9_6od_x0.8,both,4935286#2,7,0.7
J_k9_6od_x0.8,both,-7924760#5,2,0.2
J_k9_6od_x0.8,both,-814061747#2,2,0.2
J_k9_6od_x0.8,both,-834922892#2,2,0.2
J_k9_6od_x0.8,both,36851884,2,0.2
J_k9_6od_x0.8,both,474166985#6,2,0.2
J_k9_6od_x0.8,both,478100148,2,0.2
J_k9_6od_x0.8,both,4935286#3,2,0.2
J_k9_6od_x0.8,both,803012921#2,2,0.2
J_k9_6od_x0.8,both,-106652025#0,1,0.1
J_k9_6od_x0.8,both,-111681903#0,1,0.1
J_k9_6od_x0.8,both,-172251699#1,1,0.1
J_k9_6od_x0.8,both,-219796126#5,1,0.1
J_k9_6od_x0.8,both,-219797807#3,1,0.1
J_k9_6od_x0.8,both,-37548821#1,1,0.1
J_k9_6od_x0.8,both,-410942714#1,1,0.1
J_k9_6od_x0.8,both,-4877788#5,1,0.1
J_k9_6od_x0.8,both,-4970253#1,1,0.1
J_k9_6od_x0.8,both,-5197045#1,1,0.1
J_k9_6od_x0.8,both,-6263816#3,1,0.1
J_k9_6od_x0.8,both,-6263818#1,1,0.1
J_k9_6od_x0.8,both,-782714966#0,1,0.1
J_k9_6od_x0.8,both,-7924768,1,0.1
J_k9_6od_x0.8,both,-803012921#1,1,0.1
J_k9_6od_x0.8,both,-814061747#10,1,0.1
J_k9_6od_x0.8,both,-876343448#1,1,0.1
J_k9_6od_x0.8,both,-876343449#2,1,0.1
J_k9_6od_x0.8,both,-876343452#1,1,0.1
J_k9_6od_x0.8,both,-gneE0,1,0.1
J_k9_6od_x0.8,both,106651991#1,1,0.1
J_k9_6od_x0.8,both,106652003#0,1,0.1
J_k9_6od_x0.8,both,111677669#1,1,0.1
J_k9_6od_x0.8,both,127625589,1,0.1
J_k9_6od_x0.8,both,172249931#1,1,0.1
J_k9_6od_x0.8,both,219797798#3,1,0.1
J_k9_6od_x0.8,both,231819415#0,1,0.1
J_k9_6od_x0.8,both,231819500,1,0.1
J_k9_6od_x0.8,both,23464956#0,1,0.1
J_k9_6od_x0.8,both,255228349#0,1,0.1
J_k9_6od_x0.8,both,255228357,1,0.1
J_k9_6od_x0.8,both,255228360,1,0.1
J_k9_6od_x0.8,both,25970859#0,1,0.1
J_k9_6od_x0.8,both,36847354#1,1,0.1
J_k9_6od_x0.8,both,36851877#1,1,0.1
J_k9_6od_x0.8,both,36851894,1,0.1
J_k9_6od_x0.8,both,40009020#2,1,0.1
J_k9_6od_x0.8,both,40009020#7,1,0.1
J_k9_6od_x0.8,both,474168056#1,1,0.1
J_k9_6od_x0.8,both,474168602#2,1,0.1
J_k9_6od_x0.8,both,478100154#0,1,0.1
J_k9_6od_x0.8,both,4877786#0,1,0.1
J_k9_6od_x0.8,both,4911107#0,1,0.1
J_k9_6od_x0.8,both,4950115#2,1,0.1
J_k9_6od_x0.8,both,498037591,1,0.1
J_k9_6od_x0.8,both,5055277#4,1,0.1
J_k9_6od_x0.8,both,61902777#0,1,0.1
J_k9_6od_x0.8,both,61902797#1,1,0.1
J_k9_6od_x0.8,both,61902804,1,0.1
J_k9_6od_x0.8,both,61902806#0,1,0.1
J_k9_6od_x0.8,both,61902824#0,1,0.1
J_k9_6od_x0.8,both,747796587#1,1,0.1
J_k9_6od_x0.8,both,7924760#1,1,0.1
J_k9_6od_x0.8,both,814061747#2,1,0.1
J_k9_6od_x0.8,both,828195561#1,1,0.1
J_k9_6od_x0.8,both,876057371,1,0.1
J_k9_6od_x0.8,both,876057378#1,1,0.1
J_k9_6od_x0.8,both,876343448#2,1,0.1
J_k9_6od_x0.8,both,876343449#1,1,0.1
J_k9_6od_x0.8,both,882243017,1,0.1
J_k9_6od_x0.8,init,4935286#2,10,1.0
J_k9_6od_x0.8,init,-120682116#0,2,0.2
J_k9_6od_x0.8,init,-106651997#0,1,0.1
J_k9_6od_x0.8,init,-106651999#0,1,0.1
J_k9_6od_x0.8,init,-106652025#1,1,0.1
J_k9_6od_x0.8,init,-111681903#1,1,0.1
J_k9_6od_x0.8,init,-124266855#5,1,0.1
J_k9_6od_x0.8,init,-172249928#2,1,0.1
J_k9_6od_x0.8,init,-172251695#0,1,0.1
J_k9_6od_x0.8,init,-219797807#3,1,0.1
J_k9_6od_x0.8,init,-219798593#0,1,0.1
J_k9_6od_x0.8,init,-240042189,1,0.1
J_k9_6od_x0.8,init,-26947645#2,1,0.1
J_k9_6od_x0.8,init,-36970994#2,1,0.1
J_k9_6od_x0.8,init,-37627664#6,1,0.1
J_k9_6od_x0.8,init,-410942714#1,1,0.1
J_k9_6od_x0.8,init,-4877788#5,1,0.1
J_k9_6od_x0.8,init,-4935286#1,1,0.1
J_k9_6od_x0.8,init,-4970254#2,1,0.1
J_k9_6od_x0.8,init,-498033359#1,1,0.1
J_k9_6od_x0.8,init,-5197064#1,1,0.1
J_k9_6od_x0.8,init,-782714971#3,1,0.1
J_k9_6od_x0.8,init,-787570921,1,0.1
J_k9_6od_x0.8,init,-7924760#5,1,0.1
J_k9_6od_x0.8,init,-803012921#1,1,0.1
J_k9_6od_x0.8,init,-834922892#2,1,0.1
J_k9_6od_x0.8,init,-876343451#0,1,0.1
J_k9_6od_x0.8,init,-880137009#0,1,0.1
J_k9_6od_x0.8,init,-gneE0,1,0.1
J_k9_6od_x0.8,init,106651991#2,1,0.1
J_k9_6od_x0.8,init,111677668#4,1,0.1
J_k9_6od_x0.8,init,124266855#7,1,0.1
J_k9_6od_x0.8,init,127625589,1,0.1
J_k9_6od_x0.8,init,172249930#1,1,0.1
J_k9_6od_x0.8,init,219796113#0,1,0.1
J_k9_6od_x0.8,init,219796117#0,1,0.1
J_k9_6od_x0.8,init,219796126#6,1,0.1
J_k9_6od_x0.8,init,219797783#1,1,0.1
J_k9_6od_x0.8,init,219797787#0,1,0.1
J_k9_6od_x0.8,init,219797792#1,1,0.1
J_k9_6od_x0.8,init,219797807#2,1,0.1
J_k9_6od_x0.8,init,231819501#0,1,0.1
J_k9_6od_x0.8,init,25072977,1,0.1
J_k9_6od_x0.8,init,25142441#3,1,0.1
J_k9_6od_x0.8,init,255228354#1,1,0.1
J_k9_6od_x0.8,init,36851747#2,1,0.1
J_k9_6od_x0.8,init,36852266#1,1,0.1
J_k9_6od_x0.8,init,37628709#0,1,0.1
J_k9_6od_x0.8,init,37651116#3,1,0.1
J_k9_6od_x0.8,init,465886916#1,1,0.1
J_k9_6od_x0.8,init,478100154#0,1,0.1
J_k9_6od_x0.8,init,4877788#0,1,0.1
J_k9_6od_x0.8,init,4894991#2,1,0.1
J_k9_6od_x0.8,init,4894996#0,1,0.1
J_k9_6od_x0.8,init,4911107#1,1,0.1
J_k9_6od_x0.8,init,4911109#0,1,0.1
J_k9_6od_x0.8,init,4935299#1,1,0.1
J_k9_6od_x0.8,init,498037591,1,0.1
J_k9_6od_x0.8,init,5029408,1,0.1
J_k9_6od_x0.8,init,575692603#2,1,0.1
J_k9_6od_x0.8,init,61902760,1,0.1
J_k9_6od_x0.8,init,61902777#0,1,0.1
J_k9_6od_x0.8,init,61902788,1,0.1
J_k9_6od_x0.8,init,712622897#1,1,0.1
J_k9_6od_x0.8,init,7925270#0,1,0.1
J_k9_6od_x0.8,init,814303496#0,1,0.1
J_k9_6od_x0.8,init,828195561#1,1,0.1
J_k9_6od_x0.8,init,876057378#1,1,0.1
J_k9_6od_x0.8,init,876343452#2,1,0.1
J_k9_6od_x0.8,mutation,4935286#2,7,0.7
J_k9_6od_x0.8,mutation,-36851747#2,2,0.2
J_k9_6od_x0.8,mutation,-678743174,2,0.2
J_k9_6od_x0.8,mutation,25970859#0,2,0.2
J_k9_6od_x0.8,mutation,37627664#1,2,0.2
J_k9_6od_x0.8,mutation,747796587#1,2,0.2
J_k9_6od_x0.8,mutation,876343449#1,2,0.2
J_k9_6od_x0.8,mutation,-106652013#0,1,0.1
J_k9_6od_x0.8,mutation,-172251694#0,1,0.1
J_k9_6od_x0.8,mutation,-219796102#0,1,0.1
J_k9_6od_x0.8,mutation,-219796106#0,1,0.1
J_k9_6od_x0.8,mutation,-219797787#1,1,0.1
J_k9_6od_x0.8,mutation,-220934962,1,0.1
J_k9_6od_x0.8,mutation,-25142441#4,1,0.1
J_k9_6od_x0.8,mutation,-280335872,1,0.1
J_k9_6od_x0.8,mutation,-37551447,1,0.1
J_k9_6od_x0.8,mutation,-465885893#0,1,0.1
J_k9_6od_x0.8,mutation,-4894997#1,1,0.1
J_k9_6od_x0.8,mutation,-4935286#1,1,0.1
J_k9_6od_x0.8,mutation,-4950117#1,1,0.1
J_k9_6od_x0.8,mutation,-502325083,1,0.1
J_k9_6od_x0.8,mutation,-712622897#1,1,0.1
J_k9_6od_x0.8,mutation,-747494340,1,0.1
J_k9_6od_x0.8,mutation,-761190893,1,0.1
J_k9_6od_x0.8,mutation,-803012921#1,1,0.1
J_k9_6od_x0.8,mutation,-876057378#0,1,0.1
J_k9_6od_x0.8,mutation,-876057378#2,1,0.1
J_k9_6od_x0.8,mutation,-876343449#2,1,0.1
J_k9_6od_x0.8,mutation,-876343452#7,1,0.1
J_k9_6od_x0.8,mutation,-882243018,1,0.1
J_k9_6od_x0.8,mutation,106652002,1,0.1
J_k9_6od_x0.8,mutation,106652007#0,1,0.1
J_k9_6od_x0.8,mutation,120682116#4,1,0.1
J_k9_6od_x0.8,mutation,172249930#0,1,0.1
J_k9_6od_x0.8,mutation,172251695#0,1,0.1
J_k9_6od_x0.8,mutation,219796106#1,1,0.1
J_k9_6od_x0.8,mutation,219796113#2,1,0.1
J_k9_6od_x0.8,mutation,219797783#0,1,0.1
J_k9_6od_x0.8,mutation,220736154#0,1,0.1
J_k9_6od_x0.8,mutation,23464956#0,1,0.1
J_k9_6od_x0.8,mutation,25072978,1,0.1
J_k9_6od_x0.8,mutation,255228354#0,1,0.1
J_k9_6od_x0.8,mutation,27267512#0,1,0.1
J_k9_6od_x0.8,mutation,274763815#0,1,0.1
J_k9_6od_x0.8,mutation,274763815#1,1,0.1
J_k9_6od_x0.8,mutation,36847354#4,1,0.1
J_k9_6od_x0.8,mutation,36847663#1,1,0.1
J_k9_6od_x0.8,mutation,36851882,1,0.1
J_k9_6od_x0.8,mutation,36851883,1,0.1
J_k9_6od_x0.8,mutation,36851884,1,0.1
J_k9_6od_x0.8,mutation,36851894,1,0.1
J_k9_6od_x0.8,mutation,37628709#0,1,0.1
J_k9_6od_x0.8,mutation,37649100#0,1,0.1
J_k9_6od_x0.8,mutation,40009021#1,1,0.1
J_k9_6od_x0.8,mutation,474166985#0,1,0.1
J_k9_6od_x0.8,mutation,474168602#2,1,0.1
J_k9_6od_x0.8,mutation,478100148,1,0.1
J_k9_6od_x0.8,mutation,4935286#3,1,0.1
J_k9_6od_x0.8,mutation,5197053#0,1,0.1
J_k9_6od_x0.8,mutation,5197061#1,1,0.1
J_k9_6od_x0.8,mutation,5197063,1,0.1
J_k9_6od_x0.8,mutation,61652408#0,1,0.1
J_k9_6od_x0.8,mutation,61902779#0,1,0.1
J_k9_6od_x0.8,mutation,61902804,1,0.1
J_k9_6od_x0.8,mutation,69421990#0,1,0.1
J_k9_6od_x0.8,mutation,783647336,1,0.1
J_k9_6od_x0.8,mutation,787570921,1,0.1
J_k9_6od_x0.8,mutation,803012921#2,1,0.1
J_k9_6od_x0.8,mutation,813586708#0,1,0.1
J_k9_6od_x0.8,mutation,813586708#1,1,0.1
J_k9_6od_x0.8,mutation,814061747#5,1,0.1
J_k9_6od_x0.8,mutation,876057372,1,0.1
J_k9_6od_x0.8,mutation,876057378#1,1,0.1
J_k9_6od_x0.8,mutation,876057378#4,1,0.1
J_k9_6od_x0.8,mutation,876343451#3,1,0.1
J_k9_6od_x0.8,mutation,876343452#5,1,0.1
J_k9_6od_x0.8,mutation,96687079#0,1,0.1
J_k9_6od_x0.8,mutation,96687079#1,1,0.1
J_k9_6od_x0.8,none,4935286#2,8,0.8
J_k9_6od_x0.8,none,834922892#1,2,0.2
J_k9_6od_x0.8,none,-120682116#1,1,0.1
J_k9_6od_x0.8,none,-172249928#0,1,0.1
J_k9_6od_x0.8,none,-172251692#1,1,0.1
J_k9_6od_x0.8,none,-205590836#2,1,0.1
J_k9_6od_x0.8,none,-23359215#2,1,0.1
J_k9_6od_x0.8,none,-240042189,1,0.1
J_k9_6od_x0.8,none,-240042196#3,1,0.1
J_k9_6od_x0.8,none,-325795946#0,1,0.1
J_k9_6od_x0.8,none,-36970994#2,1,0.1
J_k9_6od_x0.8,none,-36974908#0,1,0.1
J_k9_6od_x0.8,none,-40033611,1,0.1
J_k9_6od_x0.8,none,-410947640#0,1,0.1
J_k9_6od_x0.8,none,-4877786#1,1,0.1
J_k9_6od_x0.8,none,-4895001#0,1,0.1
J_k9_6od_x0.8,none,-4935286#1,1,0.1
J_k9_6od_x0.8,none,-4950115#2,1,0.1
J_k9_6od_x0.8,none,-4970256#5,1,0.1
J_k9_6od_x0.8,none,-4970256#8,1,0.1
J_k9_6od_x0.8,none,-502361001,1,0.1
J_k9_6od_x0.8,none,-5197053#1,1,0.1
J_k9_6od_x0.8,none,-5197064#0,1,0.1
J_k9_6od_x0.8,none,-5197064#1,1,0.1
J_k9_6od_x0.8,none,-7365262,1,0.1
J_k9_6od_x0.8,none,-774894964,1,0.1
J_k9_6od_x0.8,none,-814061747#1,1,0.1
J_k9_6od_x0.8,none,-814061747#2,1,0.1
J_k9_6od_x0.8,none,-876057378#2,1,0.1
J_k9_6od_x0.8,none,-876343448#0,1,0.1
J_k9_6od_x0.8,none,-876343449#1,1,0.1
J_k9_6od_x0.8,none,-876343451#1,1,0.1
J_k9_6od_x0.8,none,10271492#0,1,0.1
J_k9_6od_x0.8,none,106652008,1,0.1
J_k9_6od_x0.8,none,106652011,1,0.1
J_k9_6od_x0.8,none,106652029#2,1,0.1
J_k9_6od_x0.8,none,107864729#1,1,0.1
J_k9_6od_x0.8,none,120682116#1,1,0.1
J_k9_6od_x0.8,none,172249927,1,0.1
J_k9_6od_x0.8,none,172249930#0,1,0.1
J_k9_6od_x0.8,none,172249931#1,1,0.1
J_k9_6od_x0.8,none,219796113#5,1,0.1
J_k9_6od_x0.8,none,219797779,1,0.1
J_k9_6od_x0.8,none,219797801#1,1,0.1
J_k9_6od_x0.8,none,220736154#1,1,0.1
J_k9_6od_x0.8,none,25142441#5,1,0.1
J_k9_6od_x0.8,none,255228349#0,1,0.1
J_k9_6od_x0.8,none,26216781#3,1,0.1
J_k9_6od_x0.8,none,280335871,1,0.1
J_k9_6od_x0.8,none,36851861,1,0.1
J_k9_6od_x0.8,none,36851883,1,0.1
J_k9_6od_x0.8,none,36970994#2,1,0.1
J_k9_6od_x0.8,none,37551477,1,0.1
J_k9_6od_x0.8,none,37628709#1,1,0.1
J_k9_6od_x0.8,none,41766849#1,1,0.1
J_k9_6od_x0.8,none,465885895#0,1,0.1
J_k9_6od_x0.8,none,465886917#0,1,0.1
J_k9_6od_x0.8,none,474166985#1,1,0.1
J_k9_6od_x0.8,none,474168602#1,1,0.1
J_k9_6od_x0.8,none,478100143,1,0.1
J_k9_6od_x0.8,none,4894996#2,1,0.1
J_k9_6od_x0.8,none,4924949#0,1,0.1
J_k9_6od_x0.8,none,4935287#0,1,0.1
J_k9_6od_x0.8,none,4970253#1,1,0.1
J_k9_6od_x0.8,none,4970254#2,1,0.1
J_k9_6od_x0.8,none,4970256#7,1,0.1
J_k9_6od_x0.8,none,5055277#6,1,0.1
J_k9_6od_x0.8,none,5197061#2,1,0.1
J_k9_6od_x0.8,none,5197062#0,1,0.1
J_k9_6od_x0.8,none,5197062#2,1,0.1
J_k9_6od_x0.8,none,535519490#0,1,0.1
J_k9_6od_x0.8,none,535519490#1,1,0.1
J_k9_6od_x0.8,none,61652404#1,1,0.1
J_k9_6od_x0.8,none,627579930#0,1,0.1
J_k9_6od_x0.8,none,712622896,1,0.1
J_k9_6od_x0.8,none,712622899#2,1,0.1
J_k9_6od_x0.8,none,7924763,1,0.1
J_k9_6od_x0.8,none,803012921#2,1,0.1
J_k9_6od_x0.8,none,814061747#5,1,0.1
J_k9_6od_x0.8,none,876057377#1,1,0.1
J_k9_6od_x0.8,none,876343452#7,1,0.1
J_k9_6od_x0.8,none,96687079#1,1,0.1
J_k9_6od_x1.0,both,4935286#2,10,1.0
J_k9_6od_x1.0,both,-814061747#3,3,0.3
J_k9_6od_x1.0,both,478100153,3,0.3
J_k9_6od_x1.0,both,-120682114#1,2,0.2
J_k9_6od_x1.0,both,-828195561#1,2,0.2
J_k9_6od_x1.0,both,61902797#1,2,0.2
J_k9_6od_x1.0,both,-106652024,1,0.1
J_k9_6od_x1.0,both,-111677669#1,1,0.1
J_k9_6od_x1.0,both,-120682114#3,1,0.1
J_k9_6od_x1.0,both,-124266855#7,1,0.1
J_k9_6od_x1.0,both,-172249926#1,1,0.1
J_k9_6od_x1.0,both,-219796102#0,1,0.1
J_k9_6od_x1.0,both,-219797787#0,1,0.1
J_k9_6od_x1.0,both,-220934958,1,0.1
J_k9_6od_x1.0,both,-240042189,1,0.1
J_k9_6od_x1.0,both,-240042196#3,1,0.1
J_k9_6od_x1.0,both,-25142441#2,1,0.1
J_k9_6od_x1.0,both,-36269567,1,0.1
J_k9_6od_x1.0,both,-37627664#0,1,0.1
J_k9_6od_x1.0,both,-4894996#1,1,0.1
J_k9_6od_x1.0,both,-4894996#2,1,0.1
J_k9_6od_x1.0,both,-4970253#0,1,0.1
J_k9_6od_x1.0,both,-5197045#1,1,0.1
J_k9_6od_x1.0,both,-5236308#1,1,0.1
J_k9_6od_x1.0,both,-6263816#1,1,0.1
J_k9_6od_x1.0,both,-652756923#1,1,0.1
J_k9_6od_x1.0,both,-760785104#2,1,0.1
J_k9_6od_x1.0,both,-813586708#1,1,0.1
J_k9_6od_x1.0,both,-814061747#10,1,0.1
J_k9_6od_x1.0,both,106651991#2,1,0.1
J_k9_6od_x1.0,both,106651992,1,0.1
J_k9_6od_x1.0,both,106652016,1,0.1
J_k9_6od_x1.0,both,120682116#4,1,0.1
J_k9_6od_x1.0,both,124266855#5,1,0.1
J_k9_6od_x1.0,both,127625589,1,0.1
J_k9_6od_x1.0,both,172249931#3,1,0.1
J_k9_6od_x1.0,both,172251699#2,1,0.1
J_k9_6od_x1.0,both,219796125,1,0.1
J_k9_6od_x1.0,both,219797795,1,0.1
J_k9_6od_x1.0,both,220487593,1,0.1
J_k9_6od_x1.0,both,220934942,1,0.1
J_k9_6od_x1.0,both,25072978,1,0.1
J_k9_6od_x1.0,both,255228360,1,0.1
J_k9_6od_x1.0,both,275267982,1,0.1
J_k9_6od_x1.0,both,355530777,1,0.1
J_k9_6od_x1.0,both,36847354#1,1,0.1
J_k9_6od_x1.0,both,36852266#1,1,0.1
J_k9_6od_x1.0,both,36852290,1,0.1
J_k9_6od_x1.0,both,36971780,1,0.1
J_k9_6od_x1.0,both,465886916#0,1,0.1
J_k9_6od_x1.0,both,478100145,1,0.1
J_k9_6od_x1.0,both,4924947#1,1,0.1
J_k9_6od_x1.0,both,4970251#0,1,0.1
J_k9_6od_x1.0,both,5197062#2,1,0.1
J_k9_6od_x1.0,both,6074658#3,1,0.1
J_k9_6od_x1.0,both,61902767,1,0.1
J_k9_6od_x1.0,both,61902802,1,0.1
J_k9_6od_x1.0,both,61902804,1,0.1
J_k9_6od_x1.0,both,74277990,1,0.1
J_k9_6od_x1.0,both,782714966#1,1,0.1
J_k9_6od_x1.0,both,782714971#1,1,0.1
J_k9_6od_x1.0,both,7924760#3,1,0.1
J_k9_6od_x1.0,both,814061747#1,1,0.1
J_k9_6od_x1.0,both,814061747#5,1,0.1
J_k9_6od_x1.0,both,876057377#1,1,0.1
J_k9_6od_x1.0,both,880137009#0,1,0.1
J_k9_6od_x1.0,both,880137009#1,1,0.1
J_k9_6od_x1.0,both,96687079#4,1,0.1
J_k9_6od_x1.0,both,gneE3,1,0.1
J_k9_6od_x1.0,init,4935286#2,10,1.0
J_k9_6od_x1.0,init,-106651999#3,1,0.1
J_k9_6od_x1.0,init,-106652013#0,1,0.1
J_k9_6od_x1.0,init,-172251694#1,1,0.1
J_k9_6od_x1.0,init,-172251699#1,1,0.1
J_k9_6od_x1.0,init,-219796118#3,1,0.1
J_k9_6od_x1.0,init,-219797787#0,1,0.1
J_k9_6od_x1.0,init,-219797787#1,1,0.1
J_k9_6od_x1.0,init,-219797807#1,1,0.1
J_k9_6od_x1.0,init,-23464956#0,1,0.1
J_k9_6od_x1.0,init,-23707342,1,0.1
J_k9_6od_x1.0,init,-37628709#0,1,0.1
J_k9_6od_x1.0,init,-37650111#1,1,0.1
J_k9_6od_x1.0,init,-4894996#2,1,0.1
J_k9_6od_x1.0,init,-4924949#0,1,0.1
J_k9_6od_x1.0,init,-4970255#1,1,0.1
J_k9_6od_x1.0,init,-4970256#0,1,0.1
J_k9_6od_x1.0,init,-498033359#1,1,0.1
J_k9_6od_x1.0,init,-5055277#1,1,0.1
J_k9_6od_x1.0,init,-5197062#3,1,0.1
J_k9_6od_x1.0,init,-5236308#1,1,0.1
J_k9_6od_x1.0,init,-6272848#2,1,0.1
J_k9_6od_x1.0,init,-652756923#0,1,0.1
J_k9_6od_x1.0,init,-712622895,1,0.1
J_k9_6od_x1.0,init,-712622899#2,1,0.1
J_k9_6od_x1.0,init,-747494340,1,0.1
J_k9_6od_x1.0,init,-782714971#4,1,0.1
J_k9_6od_x1.0,init,-814061747#3,1,0.1
J_k9_6od_x1.0,init,-876057378#6,1,0.1
J_k9_6od_x1.0,init,-876343448#5,1,0.1
J_k9_6od_x1.0,init,-876343452#0,1,0.1
J_k9_6od_x1.0,init,-880137009#0,1,0.1
J_k9_6od_x1.0,init,-96687079#4,1,0.1
J_k9_6od_x1.0,init,106651997#0,1,0.1
J_k9_6od_x1.0,init,106651997#1,1,0.1
J_k9_6od_x1.0,init,106652005#0,1,0.1
J_k9_6od_x1.0,init,106652007#0,1,0.1
J_k9_6od_x1.0,init,106652024,1,0.1
J_k9_6od_x1.0,init,120682116#0,1,0.1
J_k9_6od_x1.0,init,120682116#1,1,0.1
J_k9_6od_x1.0,init,120682116#6,1,0.1
J_k9_6od_x1.0,init,131942152,1,0.1
J_k9_6od_x1.0,init,172249930#1,1,0.1
J_k9_6od_x1.0,init,172251697#2,1,0.1
J_k9_6od_x1.0,init,172251698#0,1,0.1
J_k9_6od_x1.0,init,172251698#3,1,0.1
J_k9_6od_x1.0,init,219796113#7,1,0.1
J_k9_6od_x1.0,init,219796118#0,1,0.1
J_k9_6od_x1.0,init,219796126#4,1,0.1
J_k9_6od_x1.0,init,219797783#2,1,0.1
J_k9_6od_x1.0,init,219822390,1,0.1
J_k9_6od_x1.0,init,231819413,1,0.1
J_k9_6od_x1.0,init,231819415#1,1,0.1
J_k9_6od_x1.0,init,255228345,1,0.1
J_k9_6od_x1.0,init,255228351,1,0.1
J_k9_6od_x1.0,init,274763813#0,1,0.1
J_k9_6od_x1.0,init,274763814#1,1,0.1
J_k9_6od_x1.0,init,325795946#2,1,0.1
J_k9_6od_x1.0,init,332644488,1,0.1
J_k9_6od_x1.0,init,36852252,1,0.1
J_k9_6od_x1.0,init,36974892,1,0.1
J_k9_6od_x1.0,init,36974908#1,1,0.1
J_k9_6od_x1.0,init,37627664#4,1,0.1
J_k9_6od_x1.0,init,474166985#1,1,0.1
J_k9_6od_x1.0,init,474166985#6,1,0.1
J_k9_6od_x1.0,init,478100148,1,0.1
J_k9_6od_x1.0,init,4894997#0,1,0.1
J_k9_6od_x1.0,init,4911109#0,1,0.1
J_k9_6od_x1.0,init,4935287#1,1,0.1
J_k9_6od_x1.0,init,498033359#2,1,0.1
J_k9_6od_x1.0,init,5197045#0,1,0.1
J_k9_6od_x1.0,init,60942914#0,1,0.1
J_k9_6od_x1.0,init,627579930#1,1,0.1
J_k9_6od_x1.0,init,760785104#2,1,0.1
J_k9_6od_x1.0,init,782714970,1,0.1
J_k9_6od_x1.0,init,782714971#0,1,0.1
J_k9_6od_x1.0,init,803012921#1,1,0.1
J_k9_6od_x1.0,init,814061747#9,1,0.1
J_k9_6od_x1.0,init,876057377#1,1,0.1
J_k9_6od_x1.0,init,876057378#1,1,0.1
J_k9_6od_x1.0,init,880137009#0,1,0.1
J_k9_6od_x1.0,mutation,4935286#2,7,0.7
J_k9_6od_x1.0,mutation,-535519490#1,3,0.3
J_k9_6od_x1.0,mutation,-311298662#0,2,0.2
J_k9_6od_x1.0,mutation,-814061747#9,2,0.2
J_k9_6od_x1.0,mutation,803012921#1,2,0.2
J_k9_6od_x1.0,mutation,8050332,2,0.2
J_k9_6od_x1.0,mutation,876343448#2,2,0.2
J_k9_6od_x1.0,mutation,-106651999#1,1,0.1
J_k9_6od_x1.0,mutation,-111677668#0,1,0.1
J_k9_6od_x1.0,mutation,-111677669#3,1,0.1
J_k9_6od_x1.0,mutation,-124266855#5,1,0.1
J_k9_6od_x1.0,mutation,-219796106#1,1,0.1
J_k9_6od_x1.0,mutation,-23359215#0,1,0.1
J_k9_6od_x1.0,mutation,-25143145#0,1,0.1
J_k9_6od_x1.0,mutation,-311298682#0,1,0.1
J_k9_6od_x1.0,mutation,-36851802,1,0.1
J_k9_6od_x1.0,mutation,-36851858,1,0.1
J_k9_6od_x1.0,mutation,-37551339#1,1,0.1
J_k9_6od_x1.0,mutation,-4924947#0,1,0.1
J_k9_6od_x1.0,mutation,-4970256#1,1,0.1
J_k9_6od_x1.0,mutation,-498033359#3,1,0.1
J_k9_6od_x1.0,mutation,-5026771,1,0.1
J_k9_6od_x1.0,mutation,-6263816#0,1,0.1
J_k9_6od_x1.0,mutation,-782714971#3,1,0.1
J_k9_6od_x1.0,mutation,-784700120,1,0.1
J_k9_6od_x1.0,mutation,-803012921#0,1,0.1
J_k9_6od_x1.0,mutation,-814061747#2,1,0.1
J_k9_6od_x1.0,mutation,-814303496#1,1,0.1
J_k9_6od_x1.0,mutation,-835443463#2,1,0.1
J_k9_6od_x1.0,mutation,-876343448#3,1,0.1
J_k9_6od_x1.0,mutation,-876343449#0,1,0.1
J_k9_6od_x1.0,mutation,-876343451#0,1,0.1
J_k9_6od_x1.0,mutation,-876343451#1,1,0.1
J_k9_6od_x1.0,mutation,-876343452#4,1,0.1
J_k9_6od_x1.0,mutation,-880137009#1,1,0.1
J_k9_6od_x1.0,mutation,10271492#0,1,0.1
J_k9_6od_x1.0,mutation,111677669#1,1,0.1
J_k9_6od_x1.0,mutation,120682116#0,1,0.1
J_k9_6od_x1.0,mutation,172251695#1,1,0.1
J_k9_6od_x1.0,mutation,219796125,1,0.1
J_k9_6od_x1.0,mutation,219822390,1,0.1
J_k9_6od_x1.0,mutation,231818115#1,1,0.1
J_k9_6od_x1.0,mutation,231819413,1,0.1
J_k9_6od_x1.0,mutation,25072974#2,1,0.1
J_k9_6od_x1.0,mutation,255228360,1,0.1
J_k9_6od_x1.0,mutation,274763815#1,1,0.1
J_k9_6od_x1.0,mutation,36847354#1,1,0.1
J_k9_6od_x1.0,mutation,36851882,1,0.1
J_k9_6od_x1.0,mutation,36971780,1,0.1
J_k9_6od_x1.0,mutation,37649100#1,1,0.1
J_k9_6od_x1.0,mutation,37651116#3,1,0.1
J_k9_6od_x1.0,mutation,41766849#1,1,0.1
J_k9_6od_x1.0,mutation,465886916#0,1,0.1
J_k9_6od_x1.0,mutation,474166985#5,1,0.1
J_k9_6od_x1.0,mutation,474168056#1,1,0.1
J_k9_6od_x1.0,mutation,4877786#2,1,0.1
J_k9_6od_x1.0,mutation,4911107#5,1,0.1
J_k9_6od_x1.0,mutation,4929432#0,1,0.1
J_k9_6od_x1.0,mutation,4970254#3,1,0.1
J_k9_6od_x1.0,mutation,4970256#5,1,0.1
J_k9_6od_x1.0,mutation,5029410#0,1,0.1
J_k9_6od_x1.0,mutation,5055277#1,1,0.1
J_k9_6od_x1.0,mutation,5055277#6,1,0.1
J_k9_6od_x1.0,mutation,535519490#0,1,0.1
J_k9_6od_x1.0,mutation,61652408#1,1,0.1
J_k9_6od_x1.0,mutation,61902797#1,1,0.1
J_k9_6od_x1.0,mutation,61902822,1,0.1
J_k9_6od_x1.0,mutation,6263818#2,1,0.1
J_k9_6od_x1.0,mutation,652756923#0,1,0.1
J_k9_6od_x1.0,mutation,782714971#1,1,0.1
J_k9_6od_x1.0,mutation,814061747#0,1,0.1
J_k9_6od_x1.0,mutation,866713606#0,1,0.1
J_k9_6od_x1.0,mutation,876057372,1,0.1
J_k9_6od_x1.0,mutation,876057378#3,1,0.1
J_k9_6od_x1.0,mutation,876343448#1,1,0.1
J_k9_6od_x1.0,mutation,876343448#5,1,0.1
J_k9_6od_x1.0,mutation,96687079#0,1,0.1
J_k9_6od_x1.0,none,4935286#2,8,0.8
J_k9_6od_x1.0,none,4877788#5,2,0.2
J_k9_6od_x1.0,none,-106652009#1,1,0.1
J_k9_6od_x1.0,none,-111681905#1,1,0.1
J_k9_6od_x1.0,none,-124266855#2,1,0.1
J_k9_6od_x1.0,none,-127625589,1,0.1
J_k9_6od_x1.0,none,-172251688,1,0.1
J_k9_6od_x1.0,none,-172251698#2,1,0.1
J_k9_6od_x1.0,none,-219796100#2,1,0.1
J_k9_6od_x1.0,none,-219797807#0,1,0.1
J_k9_6od_x1.0,none,-219822390,1,0.1
J_k9_6od_x1.0,none,-220934958,1,0.1
J_k9_6od_x1.0,none,-231819410#3,1,0.1
J_k9_6od_x1.0,none,-240042189,1,0.1
J_k9_6od_x1.0,none,-25142441#1,1,0.1
J_k9_6od_x1.0,none,-28298231,1,0.1
J_k9_6od_x1.0,none,-311298658,1,0.1
J_k9_6od_x1.0,none,-311298665,1,0.1
J_k9_6od_x1.0,none,-325795946#0,1,0.1
J_k9_6od_x1.0,none,-36851747#0,1,0.1
J_k9_6od_x1.0,none,-37627664#4,1,0.1
J_k9_6od_x1.0,none,-40009020#7,1,0.1
J_k9_6od_x1.0,none,-40033611,1,0.1
J_k9_6od_x1.0,none,-465886918#1,1,0.1
J_k9_6od_x1.0,none,-4877786#3,1,0.1
J_k9_6od_x1.0,none,-4894992#2,1,0.1
J_k9_6od_x1.0,none,-4894996#0,1,0.1
J_k9_6od_x1.0,none,-4894996#2,1,0.1
J_k9_6od_x1.0,none,-4894999,1,0.1
J_k9_6od_x1.0,none,-4929432#0,1,0.1
J_k9_6od_x1.0,none,-498033359#2,1,0.1
J_k9_6od_x1.0,none,-5029409#0,1,0.1
J_k9_6od_x1.0,none,-5029409#1,1,0.1
J_k9_6od_x1.0,none,-535519490#1,1,0.1
J_k9_6od_x1.0,none,-761190893,1,0.1
J_k9_6od_x1.0,none,-7924760#4,1,0.1
J_k9_6od_x1.0,none,-7924768,1,0.1
J_k9_6od_x1.0,none,-813586707#0,1,0.1
J_k9_6od_x1.0,none,-876343449#1,1,0.1
J_k9_6od_x1.0,none,106652007#0,1,0.1
J_k9_6od_x1.0,none,106652010#1,1,0.1
J_k9_6od_x1.0,none,111677668#3,1,0.1
J_k9_6od_x1.0,none,120682114#3,1,0.1
J_k9_6od_x1.0,none,124266855#6,1,0.1
J_k9_6od_x1.0,none,172249931#0,1,0.1
J_k9_6od_x1.0,none,172251695#1,1,0.1
J_k9_6od_x1.0,none,172251698#2,1,0.1
J_k9_6od_x1.0,none,219796126#4,1,0.1
J_k9_6od_x1.0,none,219797783#3,1,0.1
J_k9_6od_x1.0,none,219797784#0,1,0.1
J_k9_6od_x1.0,none,219822382#0,1,0.1
J_k9_6od_x1.0,none,219822417#1,1,0.1
J_k9_6od_x1.0,none,220934962,1,0.1
J_k9_6od_x1.0,none,231819412,1,0.1
J_k9_6od_x1.0,none,255228360,1,0.1
J_k9_6od_x1.0,none,280335866#4,1,0.1
J_k9_6od_x1.0,none,28468730#0,1,0.1
J_k9_6od_x1.0,none,332644488,1,0.1
J_k9_6od_x1.0,none,36847354#0,1,0.1
J_k9_6od_x1.0,none,36974908#1,1,0.1
J_k9_6od_x1.0,none,37551339#0,1,0.1
J_k9_6od_x1.0,none,37551339#1,1,0.1
J_k9_6od_x1.0,none,41766849#1,1,0.1
J_k9_6od_x1.0,none,465886918#1,1,0.1
J_k9_6od_x1.0,none,4877788#2,1,0.1
J_k9_6od_x1.0,none,4894992#3,1,0.1
J_k9_6od_x1.0,none,4970256#7,1,0.1
J_k9_6od_x1.0,none,5029408,1,0.1
J_k9_6od_x1.0,none,5055277#4,1,0.1
J_k9_6od_x1.0,none,5057604,1,0.1
J_k9_6od_x1.0,none,5197053#3,1,0.1
J_k9_6od_x1.0,none,5197062#4,1,0.1
J_k9_6od_x1.0,none,5197064#2,1,0.1
J_k9_6od_x1.0,none,58621262#1,1,0.1
J_k9_6od_x1.0,none,6074658#1,1,0.1
J_k9_6od_x1.0,none,6263818#0,1,0.1
J_k9_6od_x1.0,none,761190893,1,0.1
J_k9_6od_x1.0,none,7924755,1,0.1
J_k9_6od_x1.0,none,876057377#1,1,0.1
J_k9_6od_x1.0,none,876343452#5,1,0.1
J_k9_6od_x1.0,none,876343452#6,1,0.1
J_k9_6od_x1.0,none,880137009#0,1,0.1
J_k9_6od_x1.2,both,-535519490#1,9,0.9
J_k9_6od_x1.2,both,-96687079#4,3,0.3
J_k9_6od_x1.2,both,-220934962,2,0.2
J_k9_6od_x1.2,both,-37551339#0,2,0.2
J_k9_6od_x1.2,both,-535519490#0,2,0.2
J_k9_6od_x1.2,both,-6272848#2,2,0.2
J_k9_6od_x1.2,both,-111681903#3,1,0.1
J_k9_6od_x1.2,both,-219796118#0,1,0.1
J_k9_6od_x1.2,both,-219797807#1,1,0.1
J_k9_6od_x1.2,both,-219797807#3,1,0.1
J_k9_6od_x1.2,both,-240042195#0,1,0.1
J_k9_6od_x1.2,both,-240042196#2,1,0.1
J_k9_6od_x1.2,both,-25142441#1,1,0.1
J_k9_6od_x1.2,both,-274763815#1,1,0.1
J_k9_6od_x1.2,both,-280335874#0,1,0.1
J_k9_6od_x1.2,both,-28468730#0,1,0.1
J_k9_6od_x1.2,both,-311298682#0,1,0.1
J_k9_6od_x1.2,both,-36970994#1,1,0.1
J_k9_6od_x1.2,both,-40009020#0,1,0.1
J_k9_6od_x1.2,both,-4877786#2,1,0.1
J_k9_6od_x1.2,both,-4877788#4,1,0.1
J_k9_6od_x1.2,both,-4911107#0,1,0.1
J_k9_6od_x1.2,both,-498037590,1,0.1
J_k9_6od_x1.2,both,-502361003,1,0.1
J_k9_6od_x1.2,both,-5029408,1,0.1
J_k9_6od_x1.2,both,-5197053#0,1,0.1
J_k9_6od_x1.2,both,-7924760#1,1,0.1
J_k9_6od_x1.2,both,-803012921#0,1,0.1
J_k9_6od_x1.2,both,-803012921#1,1,0.1
J_k9_6od_x1.2,both,-813586709,1,0.1
J_k9_6od_x1.2,both,-880137010,1,0.1
J_k9_6od_x1.2,both,-880140407,1,0.1
J_k9_6od_x1.2,both,106651999#3,1,0.1
J_k9_6od_x1.2,both,111677669#3,1,0.1
J_k9_6od_x1.2,both,111677669#4,1,0.1
J_k9_6od_x1.2,both,111681905#2,1,0.1
J_k9_6od_x1.2,both,120682116#4,1,0.1
J_k9_6od_x1.2,both,172249928#1,1,0.1
J_k9_6od_x1.2,both,172251690,1,0.1
J_k9_6od_x1.2,both,172251699#1,1,0.1
J_k9_6od_x1.2,both,219796102#1,1,0.1
J_k9_6od_x1.2,both,219796104#1,1,0.1
J_k9_6od_x1.2,both,219796124#1,1,0.1
J_k9_6od_x1.2,both,219797780,1,0.1
J_k9_6od_x1.2,both,24337240#0,1,0.1
J_k9_6od_x1.2,both,25142441#5,1,0.1
J_k9_6od_x1.2,both,26216780#1,1,0.1
J_k9_6od_x1.2,both,26216781#1,1,0.1
J_k9_6od_x1.2,both,274763815#1,1,0.1
J_k9_6od_x1.2,both,280335871,1,0.1
J_k9_6od_x1.2,both,280335872,1,0.1
J_k9_6od_x1.2,both,36847663#1,1,0.1
J_k9_6od_x1.2,both,40009020#7,1,0.1
J_k9_6od_x1.2,both,465885893#0,1,0.1
J_k9_6od_x1.2,both,4894996#2,1,0.1
J_k9_6od_x1.2,both,4935286#0,1,0.1
J_k9_6od_x1.2,both,4935286#2,1,0.1
J_k9_6od_x1.2,both,498037590,1,0.1
J_k9_6od_x1.2,both,5055277#4,1,0.1
J_k9_6od_x1.2,both,5197053#3,1,0.1
J_k9_6od_x1.2,both,5197062#2,1,0.1
J_k9_6od_x1.2,both,6074658#2,1,0.1
J_k9_6od_x1.2,both,60942914#1,1,0.1
J_k9_6od_x1.2,both,61902746#1,1,0.1
J_k9_6od_x1.2,both,61902802,1,0.1
J_k9_6od_x1.2,both,627579930#0,1,0.1
J_k9_6od_x1.2,both,69421989,1,0.1
J_k9_6od_x1.2,both,778869028,1,0.1
J_k9_6od_x1.2,both,814303496#0,1,0.1
J_k9_6od_x1.2,both,8162045,1,0.1
J_k9_6od_x1.2,both,876057368,1,0.1
J_k9_6od_x1.2,both,876057376,1,0.1
J_k9_6od_x1.2,both,876343449#4,1,0.1
J_k9_6od_x1.2,both,876343451#1,1,0.1
J_k9_6od_x1.2,both,gneE0,1,0.1
J_k9_6od_x1.2,init,-535519490#1,8,0.8
J_k9_6od_x1.2,init,-120682116#0,2,0.2
J_k9_6od_x1.2,init,-4970255#1,2,0.2
J_k9_6od_x1.2,init,127624156,2,0.2
J_k9_6od_x1.2,init,274763815#1,2,0.2
J_k9_6od_x1.2,init,-106651997#0,1,0.1
J_k9_6od_x1.2,init,-106652025#3,1,0.1
J_k9_6od_x1.2,init,-111677669#3,1,0.1
J_k9_6od_x1.2,init,-111681903#0,1,0.1
J_k9_6od_x1.2,init,-120682116#3,1,0.1
J_k9_6od_x1.2,init,-120682116#4,1,0.1
J_k9_6od_x1.2,init,-172249928#0,1,0.1
J_k9_6od_x1.2,init,-172251688,1,0.1
J_k9_6od_x1.2,init,-219797787#1,1,0.1
J_k9_6od_x1.2,init,-219797807#1,1,0.1
J_k9_6od_x1.2,init,-23707342,1,0.1
J_k9_6od_x1.2,init,-240042196#0,1,0.1
J_k9_6od_x1.2,init,-24337240#2,1,0.1
J_k9_6od_x1.2,init,-280335874#0,1,0.1
J_k9_6od_x1.2,init,-28468730#0,1,0.1
J_k9_6od_x1.2,init,-37551339#2,1,0.1
J_k9_6od_x1.2,init,-37650111#1,1,0.1
J_k9_6od_x1.2,init,-40009020#0,1,0.1
J_k9_6od_x1.2,init,-4877786#0,1,0.1
J_k9_6od_x1.2,init,-4877788#2,1,0.1
J_k9_6od_x1.2,init,-4877791,1,0.1
J_k9_6od_x1.2,init,-4894992#1,1,0.1
J_k9_6od_x1.2,init,-4911107#1,1,0.1
J_k9_6od_x1.2,init,-4911109#0,1,0.1
J_k9_6od_x1.2,init,-4970253#0,1,0.1
J_k9_6od_x1.2,init,-498037590,1,0.1
J_k9_6od_x1.2,init,-5055277#4,1,0.1
J_k9_6od_x1.2,init,-5197053#0,1,0.1
J_k9_6od_x1.2,init,-5197061#1,1,0.1
J_k9_6od_x1.2,init,-782714971#2,1,0.1
J_k9_6od_x1.2,init,-803012921#1,1,0.1
J_k9_6od_x1.2,init,-813586709,1,0.1
J_k9_6od_x1.2,init,-835443464,1,0.1
J_k9_6od_x1.2,init,-876343448#3,1,0.1
J_k9_6od_x1.2,init,106652008,1,0.1
J_k9_6od_x1.2,init,106652009#2,1,0.1
J_k9_6od_x1.2,init,106652010#0,1,0.1
J_k9_6od_x1.2,init,107864729#2,1,0.1
J_k9_6od_x1.2,init,124266855#7,1,0.1
J_k9_6od_x1.2,init,127625589,1,0.1
J_k9_6od_x1.2,init,219796104#4,1,0.1
J_k9_6od_x1.2,init,219796113#8,1,0.1
J_k9_6od_x1.2,init,219796117#1,1,0.1
J_k9_6od_x1.2,init,219796126#5,1,0.1
J_k9_6od_x1.2,init,219797783#0,1,0.1
J_k9_6od_x1.2,init,219797796#0,1,0.1
J_k9_6od_x1.2,init,219798592,1,0.1
J_k9_6od_x1.2,init,231819412,1,0.1
J_k9_6od_x1.2,init,23359215#1,1,0.1
J_k9_6od_x1.2,init,240042195#2,1,0.1
J_k9_6od_x1.2,init,24337240#4,1,0.1
J_k9_6od_x1.2,init,248740644#0,1,0.1
J_k9_6od_x1.2,init,25072974#0,1,0.1
J_k9_6od_x1.2,init,25142441#5,1,0.1
J_k9_6od_x1.2,init,26216780#1,1,0.1
J_k9_6od_x1.2,init,26947645#2,1,0.1
J_k9_6od_x1.2,init,27267512#2,1,0.1
J_k9_6od_x1.2,init,28468730#1,1,0.1
J_k9_6od_x1.2,init,36847663#1,1,0.1
J_k9_6od_x1.2,init,36974908#1,1,0.1
J_k9_6od_x1.2,init,465886918#1,1,0.1
J_k9_6od_x1.2,init,478100144,1,0.1
J_k9_6od_x1.2,init,4929432#1,1,0.1
J_k9_6od_x1.2,init,4935286#1,1,0.1
J_k9_6od_x1.2,init,4935286#2,1,0.1
J_k9_6od_x1.2,init,502361003,1,0.1
J_k9_6od_x1.2,init,5197062#1,1,0.1
J_k9_6od_x1.2,init,61902788,1,0.1
J_k9_6od_x1.2,init,62229567,1,0.1
J_k9_6od_x1.2,init,69421990#0,1,0.1
J_k9_6od_x1.2,init,7924760#1,1,0.1
J_k9_6od_x1.2,init,828203038#2,1,0.1
J_k9_6od_x1.2,init,835443463#2,1,0.1
J_k9_6od_x1.2,mutation,-535519490#1,9,0.9
J_k9_6od_x1.2,mutation,-25142441#1,2,0.2
J_k9_6od_x1.2,mutation,-782714966#1,2,0.2
J_k9_6od_x1.2,mutation,-814061747#9,2,0.2
J_k9_6od_x1.2,mutation,111681903#0,2,0.2
J_k9_6od_x1.2,mutation,-111677669#3,1,0.1
J_k9_6od_x1.2,mutation,-120682113#0,1,0.1
J_k9_6od_x1.2,mutation,-120682116#0,1,0.1
J_k9_6od_x1.2,mutation,-124266855#7,1,0.1
J_k9_6od_x1.2,mutation,-127625589,1,0.1
J_k9_6od_x1.2,mutation,-172251690,1,0.1
J_k9_6od_x1.2,mutation,-172251699#1,1,0.1
J_k9_6od_x1.2,mutation,-219796106#0,1,0.1
J_k9_6od_x1.2,mutation,-219796118#1,1,0.1
J_k9_6od_x1.2,mutation,-231819410#2,1,0.1
J_k9_6od_x1.2,mutation,-23359215#0,1,0.1
J_k9_6od_x1.2,mutation,-240042189,1,0.1
J_k9_6od_x1.2,mutation,-240042196#3,1,0.1
J_k9_6od_x1.2,mutation,-25142441#4,1,0.1
J_k9_6od_x1.2,mutation,-274763813#2,1,0.1
J_k9_6od_x1.2,mutation,-274763815#1,1,0.1
J_k9_6od_x1.2,mutation,-325795946#0,1,0.1
J_k9_6od_x1.2,mutation,-37551339#2,1,0.1
J_k9_6od_x1.2,mutation,-37627664#2,1,0.1
J_k9_6od_x1.2,mutation,-37628709#0,1,0.1
J_k9_6od_x1.2,mutation,-410942713,1,0.1
J_k9_6od_x1.2,mutation,-4877788#4,1,0.1
J_k9_6od_x1.2,mutation,-4894996#1,1,0.1
J_k9_6od_x1.2,mutation,-4895001#0,1,0.1
J_k9_6od_x1.2,mutation,-712622897#2,1,0.1
J_k9_6od_x1.2,mutation,-712622899#2,1,0.1
J_k9_6od_x1.2,mutation,-782714971#4,1,0.1
J_k9_6od_x1.2,mutation,-783907721#1,1,0.1
J_k9_6od_x1.2,mutation,-828195561#0,1,0.1
J_k9_6od_x1.2,mutation,-876057368,1,0.1
J_k9_6od_x1.2,mutation,-876343451#1,1,0.1
J_k9_6od_x1.2,mutation,-876343452#1,1,0.1
J_k9_6od_x1.2,mutation,106651991#2,1,0.1
J_k9_6od_x1.2,mutation,106651997#1,1,0.1
J_k9_6od_x1.2,mutation,106652009#1,1,0.1
J_k9_6od_x1.2,mutation,106652030#2,1,0.1
J_k9_6od_x1.2,mutation,120682115,1,0.1
J_k9_6od_x1.2,mutation,219796102#0,1,0.1
J_k9_6od_x1.2,mutation,219796104#4,1,0.1
J_k9_6od_x1.2,mutation,219796113#5,1,0.1
J_k9_6od_x1.2,mutation,219796113#7,1,0.1
J_k9_6od_x1.2,mutation,219796126#6,1,0.1
J_k9_6od_x1.2,mutation,219797783#1,1,0.1
J_k9_6od_x1.2,mutation,219797795,1,0.1
J_k9_6od_x1.2,mutation,25142441#5,1,0.1
J_k9_6od_x1.2,mutation,25143145#1,1,0.1
J_k9_6od_x1.2,mutation,26216781#1,1,0.1
J_k9_6od_x1.2,mutation,274763813#4,1,0.1
J_k9_6od_x1.2,mutation,36269567,1,0.1
J_k9_6od_x1.2,mutation,37628709#1,1,0.1
J_k9_6od_x1.2,mutation,41766849#3,1,0.1
J_k9_6od_x1.2,mutation,4924947#2,1,0.1
J_k9_6od_x1.2,mutation,4935286#0,1,0.1
J_k9_6od_x1.2,mutation,4935286#2,1,0.1
J_k9_6od_x1.2,mutation,4935287#0,1,0.1
J_k9_6od_x1.2,mutation,4950115#2,1,0.1
J_k9_6od_x1.2,mutation,4970254#0,1,0.1
J_k9_6od_x1.2,mutation,4970254#4,1,0.1
J_k9_6od_x1.2,mutation,498033359#2,1,0.1
J_k9_6od_x1.2,mutation,5197053#3,1,0.1
J_k9_6od_x1.2,mutation,5236305#0,1,0.1
J_k9_6od_x1.2,mutation,61652404#1,1,0.1
J_k9_6od_x1.2,mutation,61902797#1,1,0.1
J_k9_6od_x1.2,mutation,61902806#0,1,0.1
J_k9_6od_x1.2,mutation,712622896,1,0.1
J_k9_6od_x1.2,mutation,747494340,1,0.1
J_k9_6od_x1.2,mutation,803012921#1,1,0.1
J_k9_6od_x1.2,mutation,814061747#8,1,0.1
J_k9_6od_x1.2,mutation,814303496#1,1,0.1
J_k9_6od_x1.2,mutation,8162045,1,0.1
J_k9_6od_x1.2,mutation,821347183,1,0.1
J_k9_6od_x1.2,mutation,876343451#1,1,0.1
J_k9_6od_x1.2,mutation,882243017,1,0.1
J_k9_6od_x1.2,none,-535519490#1,9,0.9
J_k9_6od_x1.2,none,-172249931#2,2,0.2
J_k9_6od_x1.2,none,106652003#0,2,0.2
J_k9_6od_x1.2,none,-106652024,1,0.1
J_k9_6od_x1.2,none,-124266855#1,1,0.1
J_k9_6od_x1.2,none,-124266855#5,1,0.1
J_k9_6od_x1.2,none,-172249926#1,1,0.1
J_k9_6od_x1.2,none,-172251699#1,1,0.1
J_k9_6od_x1.2,none,-219796100#1,1,0.1
J_k9_6od_x1.2,none,-219797807#3,1,0.1
J_k9_6od_x1.2,none,-25142441#3,1,0.1
J_k9_6od_x1.2,none,-274763813#4,1,0.1
J_k9_6od_x1.2,none,-274763815#1,1,0.1
J_k9_6od_x1.2,none,-28468732#0,1,0.1
J_k9_6od_x1.2,none,-37551339#2,1,0.1
J_k9_6od_x1.2,none,-37627664#0,1,0.1
J_k9_6od_x1.2,none,-37627664#3,1,0.1
J_k9_6od_x1.2,none,-4877785,1,0.1
J_k9_6od_x1.2,none,-4877786#3,1,0.1
J_k9_6od_x1.2,none,-4895001#0,1,0.1
J_k9_6od_x1.2,none,-4911107#0,1,0.1
J_k9_6od_x1.2,none,-4924947#2,1,0.1
J_k9_6od_x1.2,none,-4929432#1,1,0.1
J_k9_6od_x1.2,none,-4929432#2,1,0.1
J_k9_6od_x1.2,none,-4950115#2,1,0.1
J_k9_6od_x1.2,none,-4950193,1,0.1
J_k9_6od_x1.2,none,-4970255#2,1,0.1
J_k9_6od_x1.2,none,-4970256#6,1,0.1
J_k9_6od_x1.2,none,-502325083,1,0.1
J_k9_6od_x1.2,none,-502361001,1,0.1
J_k9_6od_x1.2,none,-5197045#1,1,0.1
J_k9_6od_x1.2,none,-5197053#2,1,0.1
J_k9_6od_x1.2,none,-6263818#1,1,0.1
J_k9_6od_x1.2,none,-652756923#0,1,0.1
J_k9_6od_x1.2,none,-760785104#0,1,0.1
J_k9_6od_x1.2,none,-814061747#9,1,0.1
J_k9_6od_x1.2,none,-835443464,1,0.1
J_k9_6od_x1.2,none,106651997#0,1,0.1
J_k9_6od_x1.2,none,106652005#1,1,0.1
J_k9_6od_x1.2,none,106652007#2,1,0.1
J_k9_6od_x1.2,none,106652025#1,1,0.1
J_k9_6od_x1.2,none,120682116#7,1,0.1
J_k9_6od_x1.2,none,172249931#2,1,0.1
J_k9_6od_x1.2,none,219796106#0,1,0.1
J_k9_6od_x1.2,none,219796113#0,1,0.1
J_k9_6od_x1.2,none,219796126#3,1,0.1
J_k9_6od_x1.2,none,220934962,1,0.1
J_k9_6od_x1.2,none,231818115#1,1,0.1
J_k9_6od_x1.2,none,23359215#2,1,0.1
J_k9_6od_x1.2,none,24337240#3,1,0.1
J_k9_6od_x1.2,none,255228359,1,0.1
J_k9_6od_x1.2,none,280335866#0,1,0.1
J_k9_6od_x1.2,none,280335866#1,1,0.1
J_k9_6od_x1.2,none,332644488,1,0.1
J_k9_6od_x1.2,none,37649100#0,1,0.1
J_k9_6od_x1.2,none,37651116#1,1,0.1
J_k9_6od_x1.2,none,465885895#1,1,0.1
J_k9_6od_x1.2,none,474166985#1,1,0.1
J_k9_6od_x1.2,none,474168056#1,1,0.1
J_k9_6od_x1.2,none,4877788#2,1,0.1
J_k9_6od_x1.2,none,4970253#1,1,0.1
J_k9_6od_x1.2,none,4970254#5,1,0.1
J_k9_6od_x1.2,none,4970256#8,1,0.1
J_k9_6od_x1.2,none,5029410#1,1,0.1
J_k9_6od_x1.2,none,5055277#4,1,0.1
J_k9_6od_x1.2,none,5197053#2,1,0.1
J_k9_6od_x1.2,none,5197061#1,1,0.1
J_k9_6od_x1.2,none,5236308#1,1,0.1
J_k9_6od_x1.2,none,6263815#0,1,0.1
J_k9_6od_x1.2,none,70018790#1,1,0.1
J_k9_6od_x1.2,none,747796587#1,1,0.1
J_k9_6od_x1.2,none,783647325#0,1,0.1
J_k9_6od_x1.2,none,803012921#0,1,0.1
J_k9_6od_x1.2,none,814303496#1,1,0.1
J_k9_6od_x1.2,none,876057378#2,1,0.1
J_k9_6od_x1.2,none,876343449#2,1,0.1
J_k9_6od_x1.2,none,880140407,1,0.1
J_k9_6od_x1.2,none,96687079#0,1,0.1
J_k9_6od_x1.2,none,96687079#3,1,0.1
J_k9_6od_x1.2,none,gneE3,1,0.1
