gen,idx,k,score,closed_edges,run_dir,tripinfo
1,0,8,449.78866666666664,-502325084#1;-535519490#1;4935286#3;4970256#8;502325084#3;5197062#3;747448014;783907721#0,runs_J_k16_plain\mutation_seed0\g001_i000,runs_J_k16_plain\mutation_seed0\g001_i000\tripinfo.xml
1,1,12,575.692,-120682114#1;-205590836#0;-311298662#1;-5197062#4;111677669#0;24337240#5;24337240#7;26216781#1;311298682#0;4935286#3;498033359#3;876057378#1,runs_J_k16_plain\mutation_seed0\g001_i001,runs_J_k16_plain\mutation_seed0\g001_i001\tripinfo.xml
1,2,10,594.3046666666667,-205590836#0;-5197062#4;-782714971#4;-783907721#1;-783907721#2;131942152;26216781#3;37628709#0;4935286#1;7924772,runs_J_k16_plain\mutation_seed0\g001_i002,runs_J_k16_plain\mutation_seed0\g001_i002\tripinfo.xml
1,3,8,653.2433333333333,-25970859#0;-4950193;-498033359#1;-880137009#1;28468732#1;311298662#1;498033359#1;58621262#1,runs_J_k16_plain\mutation_seed0\g001_i003,runs_J_k16_plain\mutation_seed0\g001_i003\tripinfo.xml
1,4,12,642.0953333333333,-120682114#2;-24337240#0;-25970859#0;-25970859#1;-783907721#0;120682114#1;120682114#3;26216781#2;26216781#3;4935286#0;4970256#5;58621262#0,runs_J_k16_plain\mutation_seed0\g001_i004,runs_J_k16_plain\mutation_seed0\g001_i004\tripinfo.xml
1,5,13,601.7386666666666,-24337240#7;-74277990;-880137009#0;111681903#1;111681903#3;111681905#1;28468730#0;311298658;4935286#2;535519490#0;58621262#0;876057378#4;876343449#0,runs_J_k16_plain\mutation_seed0\g001_i005,runs_J_k16_plain\mutation_seed0\g001_i005\tripinfo.xml
1,6,7,638.19,-24337240#6;-4950193;111681905#2;37628709#1;502325084#0;5197062#3;747448014,runs_J_k16_plain\mutation_seed0\g001_i006,runs_J_k16_plain\mutation_seed0\g001_i006\tripinfo.xml
1,7,14,465.3826666666667,-24337240#0;-24337240#3;-74277990;-782714966#1;111677669#1;111681905#1;26216779#1;26216781#3;4935286#2;502325084#0;502325084#3;535519490#1;62826731;782714971#2,runs_J_k16_plain\mutation_seed0\g001_i007,runs_J_k16_plain\mutation_seed0\g001_i007\tripinfo.xml
1,8,7,656.4013333333334,-111677668#3;-111681903#1;-205590836#0;-24337240#1;25970859#1;311298682#0;58621262#1,runs_J_k16_plain\mutation_seed0\g001_i008,runs_J_k16_plain\mutation_seed0\g001_i008\tripinfo.xml
1,9,8,1000000000000.0,-120682114#1;-25970859#0;24337240#1;26216779#0;26216781#0;28468732#1;876057378#1;876057378#3,runs_J_k16_plain\mutation_seed0\g001_i009,runs_J_k16_plain\mutation_seed0\g001_i009\tripinfo.xml
1,10,9,760.528,-120682114#3;-74277990;111681903#2;131942152;25970859#1;28468730#1;498033359#3;58621262#0;783907721#1,runs_J_k16_plain\mutation_seed0\g001_i010,runs_J_k16_plain\mutation_seed0\g001_i010\tripinfo.xml
1,11,8,652.2986666666667,-311298658;-74277990;-783907721#1;111681905#2;26216781#2;502325084#1;782714971#3;876057378#2,runs_J_k16_plain\mutation_seed0\g001_i011,runs_J_k16_plain\mutation_seed0\g001_i011\tripinfo.xml
1,12,9,660.2493333333333,-7365262;-782714971#4;-783907721#1;111677669#1;24337240#0;58621262#0;58621262#1;783907721#2;835445203,runs_J_k16_plain\mutation_seed0\g001_i012,runs_J_k16_plain\mutation_seed0\g001_i012\tripinfo.xml
1,13,7,696.8306666666666,-111681903#3;-24337240#0;-880137009#1;111681903#1;131942152;25970859#1;835443464,runs_J_k16_plain\mutation_seed0\g001_i013,runs_J_k16_plain\mutation_seed0\g001_i013\tripinfo.xml
1,14,8,621.3773333333334,-311298658;-835443464;111677669#1;111677669#5;111681903#1;4970256#6;876057378#2;880137010,runs_J_k16_plain\mutation_seed0\g001_i014,runs_J_k16_plain\mutation_seed0\g001_i014\tripinfo.xml
1,15,8,1497.4853333333333,-24337240#7;-502325084#1;-880140407;120682114#2;311298662#0;783907721#0;876057378#4;880137009#0,runs_J_k16_plain\mutation_seed0\g001_i015,runs_J_k16_plain\mutation_seed0\g001_i015\tripinfo.xml
1,16,9,605.102,-498033359#1;111677669#0;26216781#0;28468730#1;37628709#0;4935286#3;502325084#1;535519490#0;782714971#0,runs_J_k16_plain\mutation_seed0\g001_i016,runs_J_k16_plain\mutation_seed0\g001_i016\tripinfo.xml
1,17,12,715.8006666666666,-111681903#0;-24337240#7;-4950193;-5197062#4;-783907721#2;-876343449#2;-880137009#0;24337240#4;311298685;782714971#2;835445203;876057378#3,runs_J_k16_plain\mutation_seed0\g001_i017,runs_J_k16_plain\mutation_seed0\g001_i017\tripinfo.xml
1,18,8,711.2826666666666,-120682114#2;-311298685;-535519490#1;-876343449#1;111681903#2;24337240#4;28468730#1;58621262#0,runs_J_k16_plain\mutation_seed0\g001_i018,runs_J_k16_plain\mutation_seed0\g001_i018\tripinfo.xml
1,19,5,663.5406666666667,4935286#0;502325084#1;5197062#4;535519490#1;876057376,runs_J_k16_plain\mutation_seed0\g001_i019,runs_J_k16_plain\mutation_seed0\g001_i019\tripinfo.xml
1,20,5,644.456,-7365262;26216779#0;311298685;498033359#0;876057378#3,runs_J_k16_plain\mutation_seed0\g001_i020,runs_J_k16_plain\mutation_seed0\g001_i020\tripinfo.xml
1,21,10,809.0013333333334,-24337240#7;-74277990;-782714966#0;-880140407;111681903#2;24337240#0;24337240#1;4935286#1;783907721#2;876057378#5,runs_J_k16_plain\mutation_seed0\g001_i021,runs_J_k16_plain\mutation_seed0\g001_i021\tripinfo.xml
1,22,8,583.694,-28298231;-311298658;111677669#0;28468730#1;4970256#5;783907721#0;835445203;876057378#1,runs_J_k16_plain\mutation_seed0\g001_i022,runs_J_k16_plain\mutation_seed0\g001_i022\tripinfo.xml
1,23,4,645.0146666666667,-111677671#0;-120682114#2;-7365262;835445203,runs_J_k16_plain\mutation_seed0\g001_i023,runs_J_k16_plain\mutation_seed0\g001_i023\tripinfo.xml
2,0,8,449.78866666666664,-502325084#1;-535519490#1;4935286#3;4970256#8;502325084#3;5197062#3;747448014;783907721#0,runs_J_k16_plain\mutation_seed0\g002_i000,runs_J_k16_plain\mutation_seed0\g002_i000\tripinfo.xml
2,1,16,1000000000000.0,-24337240#3;-311298665;-311298685;-498033359#1;-74277990;-782714966#1;111677669#1;111677669#3;120682114#3;502325084#0;502325084#3;535519490#0;535519490#1;62826731;782714966#1;876057378#3,runs_J_k16_plain\mutation_seed0\g002_i001,runs_J_k16_plain\mutation_seed0\g002_i001\tripinfo.xml
2,2,16,431.78,-111681903#3;-24337240#0;-24337240#3;-74277990;-782714966#1;-876343449#2;111677669#3;111681905#1;25970859#0;311298685;4935286#2;4935286#3;502325084#0;502325084#3;535519490#1;62826731,runs_J_k16_plain\mutation_seed0\g002_i002,runs_J_k16_plain\mutation_seed0\g002_i002\tripinfo.xml
2,3,16,626.9426666666667,-311298665;-498033359#3;-5197062#4;-782714971#2;-783907721#0;111677668#4;111681903#3;120682114#1;24337240#5;26216781#1;26216781#2;311298682#0;4935286#0;4935299#1;783907721#2;876057378#2,runs_J_k16_plain\mutation_seed0\g002_i003,runs_J_k16_plain\mutation_seed0\g002_i003\tripinfo.xml
2,4,16,1000000000000.0,-111681903#2;-120682114#2;-25970859#0;-502325084#1;-535519490#1;-74277990;120682114#3;24337240#7;311298685;4935286#3;498033359#3;782714966#1;783907721#2;876057378#1;876057378#5;876343449#0,runs_J_k16_plain\mutation_seed0\g002_i004,runs_J_k16_plain\mutation_seed0\g002_i004\tripinfo.xml
2,5,16,593.1933333333334,-24337240#6;-25970859#1;-535519490#0;-535519490#1;-74277990;28468730#1;4935286#0;4935286#3;4970256#5;4970256#8;502325084#3;62826731;747448014;782714966#0;876057378#4;880137010,runs_J_k16_plain\mutation_seed0\g002_i005,runs_J_k16_plain\mutation_seed0\g002_i005\tripinfo.xml
2,6,16,406.606,-120682114#1;-120682114#2;-502325084#3;111677668#3;24337240#7;26216779#1;311298665;37628709#0;4935286#2;4970256#8;498033359#2;502325084#1;502325084#3;747448014;783907721#0;876343449#0,runs_J_k16_plain\mutation_seed0\g002_i006,runs_J_k16_plain\mutation_seed0\g002_i006\tripinfo.xml
2,7,16,1000000000000.0,-111681903#1;-311298665;-535519490#0;-7365262;-782714966#1;111677669#0;111677669#3;26216779#0;28468730#0;311298665;311298685;4935286#2;4970256#7;4970256#8;498033359#0;502325084#3,runs_J_k16_plain\mutation_seed0\g002_i007,runs_J_k16_plain\mutation_seed0\g002_i007\tripinfo.xml
2,8,16,1000000000000.0,-111681903#2;-25970859#1;-311298665;-4950193;-535519490#1;-782714971#2;-782714971#3;111677669#4;26216781#0;37628709#1;4935286#0;4935286#2;4970256#8;5197062#3;783907721#0;783907721#2,runs_J_k16_plain\mutation_seed0\g002_i008,runs_J_k16_plain\mutation_seed0\g002_i008\tripinfo.xml
2,9,14,420.79533333333336,-111681903#1;-120682114#2;-25970859#1;-5197062#4;-74277990;26216781#0;4935286#2;4970256#5;4970256#8;535519490#1;58621262#0;62826731;782714966#0;880137009#0,runs_J_k16_plain\mutation_seed0\g002_i009,runs_J_k16_plain\mutation_seed0\g002_i009\tripinfo.xml
2,10,16,1000000000000.0,-120682114#1;-24337240#3;-311298665;-782714966#1;-835443464;111677669#0;111677669#1;111681903#3;26216781#3;311298662#0;4935286#2;502325084#0;502325084#3;782714966#0;876057378#4;876343449#1,runs_J_k16_plain\mutation_seed0\g002_i010,runs_J_k16_plain\mutation_seed0\g002_i010\tripinfo.xml
2,11,16,1000000000000.0,-120682114#1;-205590836#0;-311298662#1;-311298665;-311298682#0;-5197062#4;-7365262;-782714971#4;-835443464;111681903#0;311298665;4935286#3;498033359#2;498033359#3;876057378#1;876057378#3,runs_J_k16_plain\mutation_seed0\g002_i011,runs_J_k16_plain\mutation_seed0\g002_i011\tripinfo.xml
2,12,16,1000000000000.0,-111677668#3;-205590836#0;-311298665;-783907721#1;-783907721#2;111677668#4;111677669#2;24337240#3;26216781#3;28468730#0;37628709#0;4935286#1;4935286#2;498033359#1;535519490#0;782714971#1,runs_J_k16_plain\mutation_seed0\g002_i012,runs_J_k16_plain\mutation_seed0\g002_i012\tripinfo.xml
2,13,16,1000000000000.0,-311298665;-5197062#3;-5197062#4;111677669#5;24337240#1;24337240#5;26216781#0;311298682#0;37628709#0;37628709#1;4935286#1;4935286#2;502325084#3;5197062#3;876057378#3;876343449#2,runs_J_k16_plain\mutation_seed0\g002_i013,runs_J_k16_plain\mutation_seed0\g002_i013\tripinfo.xml
2,14,16,1000000000000.0,-24337240#6;-311298658;-311298665;-835445203;111677669#0;111677669#2;24337240#7;311298658;311298682#0;4935286#2;4935286#3;4970256#8;747448014;782714971#1;876057378#0;880137009#1,runs_J_k16_plain\mutation_seed0\g002_i014,runs_J_k16_plain\mutation_seed0\g002_i014\tripinfo.xml
2,15,16,1000000000000.0,-111681903#3;-120682114#2;-311298658;-311298665;-535519490#0;-535519490#1;-7365262;111677669#0;111681903#0;28468730#0;498033359#3;7924772;835445203;876057378#0;876057378#3;880137010,runs_J_k16_plain\mutation_seed0\g002_i015,runs_J_k16_plain\mutation_seed0\g002_i015\tripinfo.xml
2,16,16,484.83866666666665,-28298231;-498033359#3;-74277990;111677669#0;26216781#2;28468730#1;311298665;37628709#0;4935286#1;4935286#2;4935286#3;498033359#0;502325084#3;783907721#0;876057376;876057378#4,runs_J_k16_plain\mutation_seed0\g002_i016,runs_J_k16_plain\mutation_seed0\g002_i016\tripinfo.xml
2,17,16,1000000000000.0,-25970859#0;-311298665;-311298685;-535519490#0;-535519490#1;-782714966#0;-783907721#1;111677668#4;111677669#5;120682114#1;5197062#3;747448014;782714971#3;783907721#0;876057378#2;876057378#5,runs_J_k16_plain\mutation_seed0\g002_i017,runs_J_k16_plain\mutation_seed0\g002_i017\tripinfo.xml
2,18,9,437.2986666666667,-120682114#1;-502325084#0;-535519490#1;-880140407;111681905#2;502325084#1;502325084#3;782714971#0;876057378#3,runs_J_k16_plain\mutation_seed0\g002_i018,runs_J_k16_plain\mutation_seed0\g002_i018\tripinfo.xml
2,19,16,1000000000000.0,-111681903#0;-24337240#6;-25970859#1;-311298665;-4950193;-502325084#3;-535519490#1;-782714971#4;24337240#7;37628709#0;4935286#2;4935286#3;4970256#6;502325084#1;5197062#3;876343449#1,runs_J_k16_plain\mutation_seed0\g002_i019,runs_J_k16_plain\mutation_seed0\g002_i019\tripinfo.xml
2,20,16,1000000000000.0,-4950193;-876343449#1;111681905#2;120682114#1;24337240#3;26216779#1;26216781#0;28468730#0;4935286#2;5197062#4;58621262#0;782714971#1;876057376;876057378#2;876057378#3;880137009#0,runs_J_k16_plain\mutation_seed0\g002_i020,runs_J_k16_plain\mutation_seed0\g002_i020\tripinfo.xml
2,21,16,1000000000000.0,-311298665;-498033359#0;-535519490#1;-783907721#0;111677669#0;111681905#1;205590836#2;25970859#1;311298682#0;4935286#1;4970256#6;4970256#7;498033359#0;498033359#3;876057378#1;876343449#0,runs_J_k16_plain\mutation_seed0\g002_i021,runs_J_k16_plain\mutation_seed0\g002_i021\tripinfo.xml
2,22,16,1000000000000.0,-120682114#1;-24337240#4;-28298231;-311298658;-311298665;-502325084#3;-535519490#1;-74277990;-782714971#4;-880137009#0;24337240#5;24337240#7;4935286#2;4935286#3;535519490#0;747448014,runs_J_k16_plain\mutation_seed0\g002_i022,runs_J_k16_plain\mutation_seed0\g002_i022\tripinfo.xml
2,23,11,5615.5633333333335,-311298665;-5197062#4;-782714971#4;-783907721#1;111681903#2;131942152;26216781#3;37628709#0;4935299#1;62826731;782714971#3,runs_J_k16_plain\mutation_seed0\g002_i023,runs_J_k16_plain\mutation_seed0\g002_i023\tripinfo.xml
3,0,16,406.606,-120682114#1;-120682114#2;-502325084#3;111677668#3;24337240#7;26216779#1;311298665;37628709#0;4935286#2;4970256#8;498033359#2;502325084#1;502325084#3;747448014;783907721#0;876343449#0,runs_J_k16_plain\mutation_seed0\g003_i000,runs_J_k16_plain\mutation_seed0\g003_i000\tripinfo.xml
3,1,16,1000000000000.0,-111681903#1;-311298665;-311298685;-535519490#1;-74277990;-782714971#2;111677669#0;111681903#3;120682114#1;24337240#0;25970859#0;37628709#1;4935286#0;4970256#8;835443464;876343449#0,runs_J_k16_plain\mutation_seed0\g003_i001,runs_J_k16_plain\mutation_seed0\g003_i001\tripinfo.xml
3,2,15,1000000000000.0,-311298662#1;-311298665;-498033359#3;-782714971#3;-782714971#4;-783907721#0;111677668#4;24337240#1;24337240#5;26216781#0;26216781#2;28468730#0;4935286#2;4935286#3;4970256#5,runs_J_k16_plain\mutation_seed0\g003_i002,runs_J_k16_plain\mutation_seed0\g003_i002\tripinfo.xml
3,3,16,633.21,-311298658;-502325084#1;-5197062#4;-535519490#1;-782714971#2;111677668#0;111677668#3;111677668#4;26216779#1;26216781#1;28468732#1;311298682#0;4935286#2;4970256#7;535519490#1;876343449#0,runs_J_k16_plain\mutation_seed0\g003_i003,runs_J_k16_plain\mutation_seed0\g003_i003\tripinfo.xml
3,4,16,620.71,-24337240#0;-24337240#6;-25970859#1;-4950193;-782714971#2;111681903#3;120682114#1;24337240#4;24337240#5;311298662#0;311298665;4970256#6;502325084#0;502325084#1;876057378#2;880140407,runs_J_k16_plain\mutation_seed0\g003_i004,runs_J_k16_plain\mutation_seed0\g003_i004\tripinfo.xml
3,5,16,664.3633333333333,-120682114#1;-24337240#7;-25970859#1;-535519490#1;111681903#2;111681905#2;26216781#1;28468730#1;311298662#1;4935286#1;4935286#2;4970256#5;4970256#8;502325084#3;782714971#2;835443464,runs_J_k16_plain\mutation_seed0\g003_i005,runs_J_k16_plain\mutation_seed0\g003_i005\tripinfo.xml
3,6,16,619.7353333333333,-120682114#2;-502325084#0;-74277990;-876343449#2;111677669#2;111681903#2;120682114#1;26216781#2;4935286#0;4935286#1;502325084#1;62826731;782714966#0;876057378#0;876057378#3;880137010,runs_J_k16_plain\mutation_seed0\g003_i006,runs_J_k16_plain\mutation_seed0\g003_i006\tripinfo.xml
3,7,16,576.9213333333333,-498033359#0;-535519490#1;-7365262;-782714971#4;-835445203;111681905#2;24337240#7;25970859#1;4935286#2;498033359#3;502325084#1;502325084#3;747448014;835443464;876057378#4;880137010,runs_J_k16_plain\mutation_seed0\g003_i007,runs_J_k16_plain\mutation_seed0\g003_i007\tripinfo.xml
3,8,16,576.684,-120682114#1;-24337240#2;-24337240#6;-5197062#4;-535519490#1;111677669#2;120682114#2;131942152;26216781#3;311298662#1;37628709#0;4970256#5;4970256#8;58621262#1;876057378#2;876343449#0,runs_J_k16_plain\mutation_seed0\g003_i008,runs_J_k16_plain\mutation_seed0\g003_i008\tripinfo.xml
3,9,16,1000000000000.0,-120682114#1;-24337240#4;-311298662#1;-311298665;-502325084#3;-5197062#4;24337240#7;26216779#1;37628709#0;4970256#8;502325084#1;58621262#1;782714966#1;782714971#1;782714971#4;835443464,runs_J_k16_plain\mutation_seed0\g003_i009,runs_J_k16_plain\mutation_seed0\g003_i009\tripinfo.xml
3,10,16,1000000000000.0,-120682114#2;-311298665;-502325084#3;-535519490#1;24337240#2;26216779#1;311298662#1;37628709#0;4970256#8;498033359#2;502325084#1;747448014;782710712;782714966#0;783907721#0;876057378#5,runs_J_k16_plain\mutation_seed0\g003_i010,runs_J_k16_plain\mutation_seed0\g003_i010\tripinfo.xml
3,11,16,576.52,-24337240#1;-25970859#1;-311298662#1;-498033359#2;-5197062#4;-74277990;-782714971#3;205590836#2;24337240#0;24337240#7;311298662#0;311298665;4970256#8;498033359#1;502325084#1;876343449#0,runs_J_k16_plain\mutation_seed0\g003_i011,runs_J_k16_plain\mutation_seed0\g003_i011\tripinfo.xml
3,12,16,1000000000000.0,-111681903#3;-120682114#1;-311298665;-74277990;-782714966#1;111681905#1;131942152;26216781#0;311298658;311298662#1;4935286#2;4935286#3;4970256#5;4970256#8;535519490#1;880137009#0,runs_J_k16_plain\mutation_seed0\g003_i012,runs_J_k16_plain\mutation_seed0\g003_i012\tripinfo.xml
3,13,16,685.1726666666667,-24337240#3;-24337240#4;-25970859#1;-4950193;-502325084#3;111681903#3;111681905#1;26216779#1;26216781#0;26216781#2;28468730#0;502325084#1;502325084#3;5197062#3;535519490#1;876343449#1,runs_J_k16_plain\mutation_seed0\g003_i013,runs_J_k16_plain\mutation_seed0\g003_i013\tripinfo.xml
3,14,16,1000000000000.0,-111681903#0;-111681903#2;-25970859#0;-25970859#1;-311298665;-535519490#1;-74277990;-782714971#4;111677668#4;111681905#2;25970859#0;37628709#0;4935286#2;4970256#5;4970256#6;876343449#1,runs_J_k16_plain\mutation_seed0\g003_i014,runs_J_k16_plain\mutation_seed0\g003_i014\tripinfo.xml
3,15,16,441.81266666666664,-111681903#2;-24337240#4;-28298231;-311298685;-498033359#1;-74277990;-782714971#4;-835445203;24337240#7;26216781#1;311298682#0;4935286#2;4970256#8;502325084#3;5197062#4;783907721#0,runs_J_k16_plain\mutation_seed0\g003_i015,runs_J_k16_plain\mutation_seed0\g003_i015\tripinfo.xml
3,16,16,525.3966666666666,-120682114#1;-120682114#2;-24337240#3;-311298662#0;-311298662#1;-311298665;-502325084#3;-782714966#0;-880137009#0;111677669#3;24337240#7;311298682#0;37628709#0;535519490#1;782714971#4;876343449#0,runs_J_k16_plain\mutation_seed0\g003_i016,runs_J_k16_plain\mutation_seed0\g003_i016\tripinfo.xml
3,17,16,1000000000000.0,-24337240#3;-25970859#1;-311298665;-535519490#1;-74277990;-835445203;-880137009#0;111677669#2;111681905#1;28468730#1;4970256#8;498033359#3;502325084#0;502325084#3;876057378#2;876057378#5,runs_J_k16_plain\mutation_seed0\g003_i017,runs_J_k16_plain\mutation_seed0\g003_i017\tripinfo.xml
3,18,16,1000000000000.0,-111681903#3;-205590836#0;-24337240#0;-24337240#6;-311298662#1;-311298665;-7365262;-783907721#1;26216781#0;26216781#2;4935286#1;4935299#1;5197062#3;782714966#0;783907721#1;7924772,runs_J_k16_plain\mutation_seed0\g003_i018,runs_J_k16_plain\mutation_seed0\g003_i018\tripinfo.xml
3,19,16,1139.6553333333334,-111681903#3;-24337240#3;-311298658;-502325084#1;-5197062#3;-535519490#1;-835443464;-876343449#0;-876343449#2;111681903#2;24337240#7;311298685;498033359#2;502325084#3;747448014;876057378#5,runs_J_k16_plain\mutation_seed0\g003_i019,runs_J_k16_plain\mutation_seed0\g003_i019\tripinfo.xml
3,20,16,1000000000000.0,-24337240#0;-311298665;-498033359#0;-74277990;-880140407;111677669#3;120682114#1;120682114#2;25970859#0;26216781#1;4935286#1;4935286#3;4970256#5;502325084#0;782714971#0;782714971#2,runs_J_k16_plain\mutation_seed0\g003_i020,runs_J_k16_plain\mutation_seed0\g003_i020\tripinfo.xml
3,21,15,604.5466666666666,-111677668#3;-120682114#1;-205590836#0;-498033359#0;-5197062#4;111681903#2;26216781#0;4970256#8;502325084#1;502325084#3;747448014;782714971#4;783907721#0;876343449#0;880137009#1,runs_J_k16_plain\mutation_seed0\g003_i021,runs_J_k16_plain\mutation_seed0\g003_i021\tripinfo.xml
3,22,16,1000000000000.0,-120682114#2;-120682114#3;-311298658;-311298665;-876343449#0;28468730#0;311298662#1;311298665;37628709#0;4935286#1;4970256#5;4970256#8;498033359#2;502325084#1;502325084#3;782710712,runs_J_k16_plain\mutation_seed0\g003_i022,runs_J_k16_plain\mutation_seed0\g003_i022\tripinfo.xml
3,23,16,1000000000000.0,-120682114#1;-311298665;-311298685;-502325084#0;-502325084#1;-502325084#3;-7365262;-782714971#4;111681903#2;120682114#2;28468730#0;311298665;4935286#3;498033359#3;502325084#0;782714971#0,runs_J_k16_plain\mutation_seed0\g003_i023,runs_J_k16_plain\mutation_seed0\g003_i023\tripinfo.xml
4,0,16,406.606,-120682114#1;-120682114#2;-502325084#3;111677668#3;24337240#7;26216779#1;311298665;37628709#0;4935286#2;4970256#8;498033359#2;502325084#1;502325084#3;747448014;783907721#0;876343449#0,runs_J_k16_plain\mutation_seed0\g004_i000,runs_J_k16_plain\mutation_seed0\g004_i000\tripinfo.xml
4,1,16,1000000000000.0,-25970859#0;-311298662#0;-311298665;-7365262;-782714971#1;111681903#2;4935286#0;4935286#1;4935286#2;4970256#8;502325084#1;502325084#3;5197062#4;835443464;880137010;880140407,runs_J_k16_plain\mutation_seed0\g004_i001,runs_J_k16_plain\mutation_seed0\g004_i001\tripinfo.xml
4,2,16,1000000000000.0,-120682114#2;-311298658;-311298665;-498033359#1;-502325084#0;-74277990;-782714971#3;-782714971#4;-835443464;-876343449#2;24337240#1;311298665;498033359#3;502325084#1;502325084#3;62826731,runs_J_k16_plain\mutation_seed0\g004_i002,runs_J_k16_plain\mutation_seed0\g004_i002\tripinfo.xml
4,3,16,690.2066666666667,-111681903#3;-311298662#0;-311298665;-498033359#0;-498033359#1;-535519490#1;111677671#0;111681905#2;120682114#1;24337240#2;24337240#7;311298662#0;502325084#1;782714971#1;835443464;876343449#0,runs_J_k16_plain\mutation_seed0\g004_i003,runs_J_k16_plain\mutation_seed0\g004_i003\tripinfo.xml
4,4,16,1000000000000.0,-120682114#2;-311298665;-498033359#2;-5197062#4;-535519490#0;-535519490#1;-880140407;24337240#1;4935286#2;498033359#3;502325084#1;502325084#3;5197062#3;782714971#2;782714971#4;880137010,runs_J_k16_plain\mutation_seed0\g004_i004,runs_J_k16_plain\mutation_seed0\g004_i004\tripinfo.xml
4,5,15,1000000000000.0,-111677668#4;-120682114#1;-24337240#3;-311298658;-311298665;-498033359#3;-535519490#1;111677668#3;111677669#2;24337240#5;37628709#0;4935286#2;4970256#8;5197062#3;782714971#3,runs_J_k16_plain\mutation_seed0\g004_i005,runs_J_k16_plain\mutation_seed0\g004_i005\tripinfo.xml
4,6,16,638.0186666666667,-120682114#2;-28468730#0;-498033359#1;-502325084#3;-535519490#1;-782714971#2;-783907721#1;-835445203;111681903#1;4935286#0;4935286#2;4935286#3;4970256#8;502325084#3;5197062#4;783907721#0,runs_J_k16_plain\mutation_seed0\g004_i006,runs_J_k16_plain\mutation_seed0\g004_i006\tripinfo.xml
4,7,16,1000000000000.0,-111681903#2;-311298658;-311298665;-311298685;-4950193;-5197062#4;-535519490#1;-835445203;24337240#7;37628709#0;502325084#1;5197062#4;535519490#0;782714971#0;876057378#1;876343449#0,runs_J_k16_plain\mutation_seed0\g004_i007,runs_J_k16_plain\mutation_seed0\g004_i007\tripinfo.xml
4,8,16,1000000000000.0,-111677671#0;-24337240#1;-28298231;-311298665;-74277990;-835445203;131942152;205590836#2;24337240#7;25970859#0;26216781#0;26216781#1;26216781#3;4970256#5;4970256#8;782714966#1,runs_J_k16_plain\mutation_seed0\g004_i008,runs_J_k16_plain\mutation_seed0\g004_i008\tripinfo.xml
4,9,16,609.6066666666667,-111677671#0;-111681903#3;-120682114#2;-24337240#1;-24337240#2;-311298658;-502325084#1;-5197062#4;-535519490#1;-7365262;-782714971#0;-782714971#2;-782714971#4;25970859#1;26216781#1;28468732#1,runs_J_k16_plain\mutation_seed0\g004_i009,runs_J_k16_plain\mutation_seed0\g004_i009\tripinfo.xml
4,10,16,591.7133333333334,-25970859#0;-311298662#0;-502325084#3;-880137009#0;111677669#1;26216779#1;26216781#2;311298682#0;311298685;498033359#2;502325084#3;5197062#4;747448014;782710712;783907721#0;876343449#0,runs_J_k16_plain\mutation_seed0\g004_i010,runs_J_k16_plain\mutation_seed0\g004_i010\tripinfo.xml
4,11,10,635.998,-28468730#0;-5197062#4;-535519490#1;-7365262;26216779#0;311298682#0;4935286#2;4970256#8;58621262#0;58621262#1,runs_J_k16_plain\mutation_seed0\g004_i011,runs_J_k16_plain\mutation_seed0\g004_i011\tripinfo.xml
4,12,16,437.9033333333333,-111681903#1;-120682114#1;-205590836#0;-311298665;-498033359#0;-782714971#2;111677669#5;131942152;24337240#7;311298662#1;502325084#3;58621262#1;782714971#3;782714971#4;876057378#2;876343449#0,runs_J_k16_plain\mutation_seed0\g004_i012,runs_J_k16_plain\mutation_seed0\g004_i012\tripinfo.xml
4,13,16,576.52,-24337240#4;-24337240#7;-28298231;-311298662#1;-311298665;-311298685;-498033359#1;-498033359#3;-783907721#1;311298662#0;311298682#0;4970256#8;5197062#4;782710712;876057378#3;880137010,runs_J_k16_plain\mutation_seed0\g004_i013,runs_J_k16_plain\mutation_seed0\g004_i013\tripinfo.xml
4,14,16,1000000000000.0,-111681903#2;-120682114#1;-24337240#4;-311298665;-535519490#1;-74277990;-782714971#4;-835445203;-880140407;120682114#3;24337240#7;26216781#1;26216781#3;4935286#2;876057378#4;876343449#0,runs_J_k16_plain\mutation_seed0\g004_i014,runs_J_k16_plain\mutation_seed0\g004_i014\tripinfo.xml
4,15,16,1000000000000.0,-111681903#3;-24337240#1;-28298231;-311298665;-311298685;-498033359#0;-74277990;-782714971#1;24337240#5;26216781#0;311298665;4935286#2;502325084#1;502325084#3;5197062#3;783907721#0,runs_J_k16_plain\mutation_seed0\g004_i015,runs_J_k16_plain\mutation_seed0\g004_i015\tripinfo.xml
4,16,16,710.4666666666667,-111681903#1;-111681903#2;-24337240#4;-28468730#0;-4950193;-498033359#0;-782714971#3;-880137009#1;111681903#3;24337240#7;26216781#1;26216781#2;5197062#3;535519490#1;782714971#4;783907721#2,runs_J_k16_plain\mutation_seed0\g004_i016,runs_J_k16_plain\mutation_seed0\g004_i016\tripinfo.xml
4,17,16,387.2013333333333,-111681903#2;-311298658;-498033359#2;-502325084#1;-74277990;-783907721#0;-835445203;111677669#4;111681905#1;26216781#1;28468732#1;4935286#2;502325084#3;747448014;782710712;835443464,runs_J_k16_plain\mutation_seed0\g004_i017,runs_J_k16_plain\mutation_seed0\g004_i017\tripinfo.xml
4,18,16,644.456,-502325084#1;-5197062#4;-782714971#2;-782714971#4;-880137009#0;111677668#3;26216779#1;311298665;311298682#0;4935286#2;498033359#3;502325084#3;782714966#1;876057378#4;876343449#2;880137010,runs_J_k16_plain\mutation_seed0\g004_i018,runs_J_k16_plain\mutation_seed0\g004_i018\tripinfo.xml
4,19,16,1000000000000.0,-311298662#0;-311298665;-5197062#4;-535519490#1;-782714966#0;111677668#4;111681905#2;26216781#1;26216781#3;311298662#1;37628709#0;4935286#1;4935299#1;4970256#8;535519490#1;782714966#1,runs_J_k16_plain\mutation_seed0\g004_i019,runs_J_k16_plain\mutation_seed0\g004_i019\tripinfo.xml
4,20,16,666.1513333333334,-111677671#0;-120682114#1;-24337240#3;-311298658;-498033359#1;-535519490#1;-783907721#0;111677669#5;111681903#3;24337240#7;26216779#1;28468730#1;311298662#1;502325084#3;58621262#1;876343449#0,runs_J_k16_plain\mutation_seed0\g004_i020,runs_J_k16_plain\mutation_seed0\g004_i020\tripinfo.xml
4,21,16,1000000000000.0,-111677668#3;-205590836#0;-24337240#0;-24337240#1;-24337240#6;-25970859#1;-311298665;-535519490#0;-535519490#1;-782714971#3;120682114#1;311298662#0;498033359#3;62826731;835443464;876057378#4,runs_J_k16_plain\mutation_seed0\g004_i021,runs_J_k16_plain\mutation_seed0\g004_i021\tripinfo.xml
4,22,8,1000000000000.0,-311298665;24337240#7;26216781#0;502325084#0;783907721#2;7924772;876343449#0;880137010,runs_J_k16_plain\mutation_seed0\g004_i022,runs_J_k16_plain\mutation_seed0\g004_i022\tripinfo.xml
4,23,16,1000000000000.0,-111681903#2;-311298658;-311298685;-498033359#1;131942152;24337240#5;24337240#7;26216781#1;311298682#0;37628709#0;4935286#2;502325084#1;502325084#3;782714971#3;783907721#0;880137009#0,runs_J_k16_plain\mutation_seed0\g004_i023,runs_J_k16_plain\mutation_seed0\g004_i023\tripinfo.xml
5,0,16,387.2013333333333,-111681903#2;-311298658;-498033359#2;-502325084#1;-74277990;-783907721#0;-835445203;111677669#4;111681905#1;26216781#1;28468732#1;4935286#2;502325084#3;747448014;782710712;835443464,runs_J_k16_plain\mutation_seed0\g005_i000,runs_J_k16_plain\mutation_seed0\g005_i000\tripinfo.xml
5,1,16,1000000000000.0,-24337240#7;-311298662#0;-311298665;-498033359#0;-502325084#3;-535519490#1;-782714966#0;111677671#0;111681903#0;120682114#3;24337240#5;28468730#0;28468732#1;37628709#0;502325084#1;747448014,runs_J_k16_plain\mutation_seed0\g005_i001,runs_J_k16_plain\mutation_seed0\g005_i001\tripinfo.xml
5,2,16,1000000000000.0,-120682114#2;-311298665;-498033359#1;111677668#3;111681905#2;26216781#1;311298665;37628709#1;502325084#1;5197062#4;782714971#1;782714971#4;783907721#0;835443464;876057378#2;876343449#0,runs_J_k16_plain\mutation_seed0\g005_i002,runs_J_k16_plain\mutation_seed0\g005_i002\tripinfo.xml
5,3,16,360.37,-120682114#3;-24337240#7;-28298231;-311298658;-311298662#1;-498033359#3;-5197062#3;-535519490#1;-783907721#1;111677669#3;24337240#5;311298682#0;4935286#2;782710712;835443464;880137010,runs_J_k16_plain\mutation_seed0\g005_i003,runs_J_k16_plain\mutation_seed0\g005_i003\tripinfo.xml
5,4,16,423.83,-120682114#3;-311298662#1;-311298665;-498033359#1;-502325084#3;-535519490#1;-782714971#2;-783907721#1;-876343449#2;26216781#0;311298662#0;37628709#0;4935286#2;502325084#3;5197062#4;782710712,runs_J_k16_plain\mutation_seed0\g005_i004,runs_J_k16_plain\mutation_seed0\g005_i004\tripinfo.xml
5,5,16,662.1753333333334,-111681903#2;-24337240#4;-311298658;-782714971#2;-835445203;-876343449#2;111681903#0;111681905#1;28468732#1;4935286#1;4935286#3;535519490#1;782714971#0;782714971#3;782714971#4;835443464,runs_J_k16_plain\mutation_seed0\g005_i005,runs_J_k16_plain\mutation_seed0\g005_i005\tripinfo.xml
5,6,16,1000000000000.0,-111681903#2;-205590836#0;-24337240#3;-311298665;-498033359#0;-782714966#1;-876343449#1;111677669#2;111677669#4;131942152;28468730#1;502325084#3;782714971#3;782714971#4;835443464;876057378#2,runs_J_k16_plain\mutation_seed0\g005_i006,runs_J_k16_plain\mutation_seed0\g005_i006\tripinfo.xml
5,7,16,449.84,-111677668#3;-111681903#2;-25970859#0;-311298665;-498033359#0;-535519490#1;-782714971#3;111681903#2;111681905#2;120682114#1;24337240#2;311298682#0;4935286#2;782714971#1;783907721#0;835443464,runs_J_k16_plain\mutation_seed0\g005_i007,runs_J_k16_plain\mutation_seed0\g005_i007\tripinfo.xml
5,8,9,1000000000000.0,-111677668#0;-311298665;-7365262;111677669#1;111677671#0;24337240#1;24337240#7;28468730#1;502325084#3,runs_J_k16_plain\mutation_seed0\g005_i008,runs_J_k16_plain\mutation_seed0\g005_i008\tripinfo.xml
5,9,8,4397.655333333333,-111677668#0;-311298665;-498033359#1;-535519490#1;28468730#0;311298658;782714966#1;876057378#3,runs_J_k16_plain\mutation_seed0\g005_i009,runs_J_k16_plain\mutation_seed0\g005_i009\tripinfo.xml
5,10,16,1000000000000.0,-24337240#4;-535519490#1;-74277990;-783907721#0;-783907721#1;-835445203;111677669#4;111681905#1;26216781#0;26216781#1;26216781#3;4970256#7;502325084#3;782710712;782714971#4;880137010,runs_J_k16_plain\mutation_seed0\g005_i010,runs_J_k16_plain\mutation_seed0\g005_i010\tripinfo.xml
5,11,16,1000000000000.0,-24337240#1;-24337240#4;-24337240#6;-311298658;-311298665;-311298685;-782714971#4;26216781#1;26216781#3;28468732#1;311298685;37628709#0;4935286#2;782714971#4;876057378#3;880137010,runs_J_k16_plain\mutation_seed0\g005_i011,runs_J_k16_plain\mutation_seed0\g005_i011\tripinfo.xml
5,12,16,527.2253333333333,-111677671#0;-120682114#2;-24337240#7;-28468730#0;-498033359#1;-502325084#1;-535519490#1;-782714971#0;-782714971#2;111677668#4;311298662#0;311298685;37628709#0;4935286#2;4935286#3;747448014,runs_J_k16_plain\mutation_seed0\g005_i012,runs_J_k16_plain\mutation_seed0\g005_i012\tripinfo.xml
5,13,16,381.81666666666666,-120682114#1;-24337240#3;-24337240#4;-24337240#7;-311298685;-498033359#3;-880137009#1;111677669#1;28468732#0;28468732#1;4935286#2;5197062#4;782710712;876057378#5;880137009#0;880137010,runs_J_k16_plain\mutation_seed0\g005_i013,runs_J_k16_plain\mutation_seed0\g005_i013\tripinfo.xml
5,14,16,505.6906666666667,-111677668#3;-111681903#1;-24337240#4;-311298662#1;-311298685;-782714971#2;-782714971#3;111677671#0;28468732#1;311298662#0;311298682#0;4935286#3;4970256#8;5197062#4;876343449#2;880140407,runs_J_k16_plain\mutation_seed0\g005_i014,runs_J_k16_plain\mutation_seed0\g005_i014\tripinfo.xml
5,15,16,1000000000000.0,-24337240#2;-25970859#1;-311298665;-498033359#2;-7365262;-74277990;-782714971#2;-783907721#0;120682114#3;28468732#1;37628709#0;498033359#0;498033359#1;535519490#0;835443464;835445203,runs_J_k16_plain\mutation_seed0\g005_i015,runs_J_k16_plain\mutation_seed0\g005_i015\tripinfo.xml
5,16,16,1000000000000.0,-111681903#2;-111681903#3;-24337240#4;-311298665;-498033359#2;-502325084#3;-5197062#4;-782714971#0;-835445203;111677669#2;111677669#4;4935286#2;4935286#3;502325084#3;782710712;782714971#1,runs_J_k16_plain\mutation_seed0\g005_i016,runs_J_k16_plain\mutation_seed0\g005_i016\tripinfo.xml
5,17,16,1000000000000.0,-111681903#3;-120682114#1;-24337240#1;-24337240#2;-311298665;-498033359#3;-502325084#1;-7365262;-835443464;-880137009#1;111677668#0;111681905#1;131942152;28468732#1;876057378#3;876057378#5,runs_J_k16_plain\mutation_seed0\g005_i017,runs_J_k16_plain\mutation_seed0\g005_i017\tripinfo.xml
5,18,16,658.8346666666666,-111681903#3;-24337240#1;-24337240#4;-28298231;-311298658;-311298665;-311298682#0;-782714966#1;-782714971#2;-782714971#3;111677668#4;311298682#0;4935286#2;4970256#8;5197062#4;876057378#3,runs_J_k16_plain\mutation_seed0\g005_i018,runs_J_k16_plain\mutation_seed0\g005_i018\tripinfo.xml
5,19,16,646.5,-782714971#1;-782714971#3;-783907721#1;-835443464;111677668#3;111677669#2;26216779#0;28468730#0;311298685;37628709#0;4970256#6;498033359#2;502325084#3;747448014;783907721#0;880140407,runs_J_k16_plain\mutation_seed0\g005_i019,runs_J_k16_plain\mutation_seed0\g005_i019\tripinfo.xml
5,20,16,1000000000000.0,-28298231;-311298665;-502325084#1;-783907721#0;111677668#3;111681903#0;25970859#0;26216779#1;311298665;4935286#2;498033359#2;498033359#3;502325084#1;747448014;783907721#0;880137009#1,runs_J_k16_plain\mutation_seed0\g005_i020,runs_J_k16_plain\mutation_seed0\g005_i020\tripinfo.xml
5,21,16,387.61333333333334,-111681903#1;-111681903#3;-24337240#4;-24337240#7;-25970859#1;-311298665;-311298685;-880140407;26216781#1;311298658;311298665;37628709#0;4935286#2;782710712;876057378#3;880137010,runs_J_k16_plain\mutation_seed0\g005_i021,runs_J_k16_plain\mutation_seed0\g005_i021\tripinfo.xml
5,22,16,393.084,-111681903#1;-311298665;-498033359#1;-782714971#1;-783907721#1;-835443464;-835445203;111681905#2;24337240#7;28468730#1;311298665;4970256#7;502325084#1;5197062#4;747448014;782714966#1,runs_J_k16_plain\mutation_seed0\g005_i022,runs_J_k16_plain\mutation_seed0\g005_i022\tripinfo.xml
5,23,16,575.6,-111677671#0;-120682114#1;-120682114#2;-498033359#1;-502325084#1;-5197062#4;-535519490#1;-782714971#4;111681903#1;120682114#1;131942152;26216779#1;26216781#2;535519490#1;58621262#1;876057378#0,runs_J_k16_plain\mutation_seed0\g005_i023,runs_J_k16_plain\mutation_seed0\g005_i023\tripinfo.xml
6,0,16,360.37,-120682114#3;-24337240#7;-28298231;-311298658;-311298662#1;-498033359#3;-5197062#3;-535519490#1;-783907721#1;111677669#3;24337240#5;311298682#0;4935286#2;782710712;835443464;880137010,runs_J_k16_plain\mutation_seed0\g006_i000,runs_J_k16_plain\mutation_seed0\g006_i000\tripinfo.xml
6,1,16,1000000000000.0,-111677668#0;-24337240#1;-24337240#2;-311298658;-311298665;-535519490#1;-7365262;-782714971#3;-783907721#0;120682114#2;120682114#3;24337240#1;26216779#0;4935286#2;835443464;876057378#5,runs_J_k16_plain\mutation_seed0\g006_i001,runs_J_k16_plain\mutation_seed0\g006_i001\tripinfo.xml
6,2,11,1000000000000.0,-24337240#0;-28298231;-311298665;-311298682#0;-74277990;311298658;4935286#3;62826731;835443464;876057378#2;876057378#3,runs_J_k16_plain\mutation_seed0\g006_i002,runs_J_k16_plain\mutation_seed0\g006_i002\tripinfo.xml
6,3,16,1000000000000.0,-111681903#1;-24337240#4;-311298665;-782714971#1;-782714971#3;-783907721#1;24337240#1;26216779#0;28468730#0;311298685;4935286#2;498033359#2;498033359#3;502325084#3;747448014;880140407,runs_J_k16_plain\mutation_seed0\g006_i003,runs_J_k16_plain\mutation_seed0\g006_i003\tripinfo.xml
6,4,16,1000000000000.0,-111681903#1;-111681903#3;-120682114#3;-24337240#1;-311298658;-311298665;-498033359#1;-535519490#0;-783907721#1;-835445203;-876343449#0;28468730#1;311298665;4970256#7;502325084#1;782714971#1,runs_J_k16_plain\mutation_seed0\g006_i004,runs_J_k16_plain\mutation_seed0\g006_i004\tripinfo.xml
6,5,16,1000000000000.0,-24337240#3;-498033359#3;-535519490#1;-783907721#0;-783907721#1;-880137009#1;311298662#1;4970256#8;502325084#3;5197062#4;62826731;782710712;782714971#3;783907721#0;835443464;880137010,runs_J_k16_plain\mutation_seed0\g006_i005,runs_J_k16_plain\mutation_seed0\g006_i005\tripinfo.xml
6,6,13,1000000000000.0,-24337240#0;-311298658;-311298685;111677669#1;111677671#0;111681905#2;24337240#5;28468730#0;28468732#0;311298665;535519490#1;876343449#2;880137009#0,runs_J_k16_plain\mutation_seed0\g006_i006,runs_J_k16_plain\mutation_seed0\g006_i006\tripinfo.xml
6,7,16,675.988,-311298658;-311298665;-311298682#0;-74277990;-782714971#2;-782714971#3;-835445203;111677668#4;28468732#0;311298682#0;4970256#8;498033359#3;5197062#4;782710712;782714971#2;876057378#5,runs_J_k16_plain\mutation_seed0\g006_i007,runs_J_k16_plain\mutation_seed0\g006_i007\tripinfo.xml
6,8,16,665.5393333333334,-28298231;-311298658;-311298685;-498033359#2;-502325084#0;-502325084#1;-783907721#0;24337240#0;26216781#1;4970256#5;502325084#0;502325084#3;747448014;782714971#1;876057378#1;880137009#0,runs_J_k16_plain\mutation_seed0\g006_i008,runs_J_k16_plain\mutation_seed0\g006_i008\tripinfo.xml
6,9,16,649.378,-111677668#4;-535519490#1;-783907721#1;-835445203;111677669#3;111677669#4;111681903#2;111681903#3;111681905#2;24337240#5;26216781#3;28468732#1;311298662#0;4935286#0;4935286#2;498033359#2,runs_J_k16_plain\mutation_seed0\g006_i009,runs_J_k16_plain\mutation_seed0\g006_i009\tripinfo.xml
6,10,14,1000000000000.0,-111681903#1;-120682114#3;-24337240#4;-28298231;-5197062#3;-535519490#1;111677668#3;111677669#2;26216779#0;4935286#3;876057378#2;876343449#0;880137010;880140407,runs_J_k16_plain\mutation_seed0\g006_i010,runs_J_k16_plain\mutation_seed0\g006_i010\tripinfo.xml
6,11,16,1000000000000.0,-311298665;-311298682#0;-498033359#1;-502325084#1;-535519490#1;-783907721#0;-835445203;205590836#2;25970859#0;26216781#2;4935286#2;58621262#1;747448014;782710712;783907721#0;876057378#0,runs_J_k16_plain\mutation_seed0\g006_i011,runs_J_k16_plain\mutation_seed0\g006_i011\tripinfo.xml
6,12,16,1000000000000.0,-111677671#0;-111681903#0;-24337240#6;-311298662#0;-311298665;-502325084#1;-535519490#1;111677669#5;111681903#1;111681903#2;26216779#1;26216781#2;28468732#1;311298665;835443464;876057378#0,runs_J_k16_plain\mutation_seed0\g006_i012,runs_J_k16_plain\mutation_seed0\g006_i012\tripinfo.xml
6,13,16,1000000000000.0,-311298665;-311298685;-502325084#3;111677671#0;111681903#2;111681905#2;311298682#0;37628709#0;4935286#3;498033359#2;502325084#0;502325084#3;782714966#1;782714971#1;876343449#2;880140407,runs_J_k16_plain\mutation_seed0\g006_i013,runs_J_k16_plain\mutation_seed0\g006_i013\tripinfo.xml
6,14,16,1000000000000.0,-111677671#0;-120682114#2;-24337240#7;-25970859#1;-28468730#0;-311298665;-311298685;-782714971#4;111677669#1;24337240#3;498033359#3;782710712;7924772;876057378#5;880137009#0;880137010,runs_J_k16_plain\mutation_seed0\g006_i014,runs_J_k16_plain\mutation_seed0\g006_i014\tripinfo.xml
6,15,16,2124.652,-111681903#3;-120682114#3;-24337240#2;-24337240#7;-498033359#3;-535519490#1;-782714966#1;-876343449#2;-880137009#1;26216781#1;28468732#0;311298658;4970256#8;502325084#3;782710712;782714971#2,runs_J_k16_plain\mutation_seed0\g006_i015,runs_J_k16_plain\mutation_seed0\g006_i015\tripinfo.xml
6,16,16,1000000000000.0,-111681903#1;-24337240#7;-311298662#1;-311298665;-311298685;-5197062#3;-782714971#3;-835445203;111677669#5;311298665;4935286#2;62826731;782710712;782714971#3;876057376;876057378#3,runs_J_k16_plain\mutation_seed0\g006_i016,runs_J_k16_plain\mutation_seed0\g006_i016\tripinfo.xml
6,17,16,1000000000000.0,-28298231;-311298658;-311298665;-502325084#1;-835445203;-876343449#2;111677669#4;24337240#7;26216781#0;26216781#1;311298682#0;4935286#2;4970256#6;4970256#7;5197062#4;747448014,runs_J_k16_plain\mutation_seed0\g006_i017,runs_J_k16_plain\mutation_seed0\g006_i017\tripinfo.xml
6,18,16,681.7013333333333,-111681903#2;-502325084#1;-5197062#4;-535519490#1;-876343449#1;111677668#4;111677669#3;26216781#3;28468730#1;37628709#1;4935286#2;502325084#3;62826731;747448014;782714966#1;880137009#1,runs_J_k16_plain\mutation_seed0\g006_i018,runs_J_k16_plain\mutation_seed0\g006_i018\tripinfo.xml
6,19,16,1000000000000.0,-111681903#2;-111681903#3;-24337240#1;-311298665;-502325084#0;-502325084#1;-74277990;-783907721#0;111681905#2;24337240#3;26216781#1;28468732#1;502325084#3;835443464;876057376;876057378#3,runs_J_k16_plain\mutation_seed0\g006_i019,runs_J_k16_plain\mutation_seed0\g006_i019\tripinfo.xml
6,20,16,1000000000000.0,-111681903#2;-311298658;-311298665;-498033359#2;-74277990;-783907721#0;111677669#4;111681903#2;111681905#1;205590836#2;26216781#1;37628709#1;502325084#3;747448014;782714971#0;835443464,runs_J_k16_plain\mutation_seed0\g006_i020,runs_J_k16_plain\mutation_seed0\g006_i020\tripinfo.xml
6,21,10,1000000000000.0,-205590836#0;-24337240#2;-311298658;-311298662#1;-311298665;-535519490#0;111677669#0;5197062#4;782710712;876057378#3,runs_J_k16_plain\mutation_seed0\g006_i021,runs_J_k16_plain\mutation_seed0\g006_i021\tripinfo.xml
6,22,16,405.45,-24337240#2;-28468730#0;-498033359#2;-498033359#3;-502325084#1;-782714971#1;-783907721#0;-835445203;111681903#1;111681903#3;4935286#0;4935286#2;498033359#0;502325084#3;747448014;835443464,runs_J_k16_plain\mutation_seed0\g006_i022,runs_J_k16_plain\mutation_seed0\g006_i022\tripinfo.xml
6,23,16,1000000000000.0,-311298662#0;-311298662#1;-311298665;-498033359#3;-502325084#3;-535519490#1;-835445203;-876343449#0;111677669#4;26216779#1;26216781#1;28468732#1;4935286#1;4935286#2;876057376;880140407,runs_J_k16_plain\mutation_seed0\g006_i023,runs_J_k16_plain\mutation_seed0\g006_i023\tripinfo.xml
7,0,16,360.37,-120682114#3;-24337240#7;-28298231;-311298658;-311298662#1;-498033359#3;-5197062#3;-535519490#1;-783907721#1;111677669#3;24337240#5;311298682#0;4935286#2;782710712;835443464;880137010,runs_J_k16_plain\mutation_seed0\g007_i000,runs_J_k16_plain\mutation_seed0\g007_i000\tripinfo.xml
7,1,16,632.53,-24337240#6;-311298662#0;-311298665;-535519490#1;-782714971#1;-783907721#1;-835445203;111677669#3;111677669#5;26216781#2;26216781#3;311298658;311298662#0;311298685;62826731;747448014,runs_J_k16_plain\mutation_seed0\g007_i001,runs_J_k16_plain\mutation_seed0\g007_i001\tripinfo.xml
7,2,4,622.5486666666667,-205590836#0;-311298658;111677671#0;4935286#0,runs_J_k16_plain\mutation_seed0\g007_i002,runs_J_k16_plain\mutation_seed0\g007_i002\tripinfo.xml
7,3,16,1000000000000.0,-24337240#0;-28298231;-311298665;-498033359#3;-502325084#3;-535519490#1;-835445203;111677669#3;25970859#0;26216781#1;4935286#1;4935286#2;4935286#3;5197062#4;535519490#0;782710712,runs_J_k16_plain\mutation_seed0\g007_i003,runs_J_k16_plain\mutation_seed0\g007_i003\tripinfo.xml
7,4,6,1000000000000.0,-311298662#0;-311298665;28468730#0;4935299#1;782714971#4;876057378#4,runs_J_k16_plain\mutation_seed0\g007_i004,runs_J_k16_plain\mutation_seed0\g007_i004\tripinfo.xml
7,5,8,1000000000000.0,-28298231;-311298665;-535519490#1;-782714971#2;205590836#2;4935286#2;835443464;880137010,runs_J_k16_plain\mutation_seed0\g007_i005,runs_J_k16_plain\mutation_seed0\g007_i005\tripinfo.xml
7,6,16,467.552,-111677668#4;-111681903#0;-111681903#3;-311298665;-502325084#1;-535519490#1;-783907721#0;-783907721#1;-835445203;111677669#4;111681903#2;111681903#3;311298662#0;311298682#0;498033359#2;876057378#3,runs_J_k16_plain\mutation_seed0\g007_i006,runs_J_k16_plain\mutation_seed0\g007_i006\tripinfo.xml
7,7,16,462.0366666666667,-205590836#0;-24337240#2;-24337240#7;-311298658;-498033359#3;-835443464;24337240#3;311298682#0;4935286#0;4935286#2;4970256#7;4970256#8;5197062#4;747448014;782710712;782714971#1,runs_J_k16_plain\mutation_seed0\g007_i007,runs_J_k16_plain\mutation_seed0\g007_i007\tripinfo.xml
7,8,16,1000000000000.0,-24337240#3;-24337240#6;-311298665;-498033359#3;-535519490#1;-782714966#1;-783907721#1;-876343449#1;-880137009#1;111681905#1;111681905#2;120682114#3;24337240#3;26216781#3;498033359#0;502325084#3,runs_J_k16_plain\mutation_seed0\g007_i008,runs_J_k16_plain\mutation_seed0\g007_i008\tripinfo.xml
7,9,16,742.352,-24337240#2;-25970859#1;-311298662#0;-4950193;-498033359#3;-782714971#1;-782714971#2;-783907721#0;-835445203;24337240#5;5197062#3;5197062#4;62826731;747448014;782714971#2;876057378#4,runs_J_k16_plain\mutation_seed0\g007_i009,runs_J_k16_plain\mutation_seed0\g007_i009\tripinfo.xml
7,10,16,1000000000000.0,-205590836#0;-25970859#1;-28468730#0;-311298665;-502325084#0;-535519490#1;-74277990;-782714971#3;-835445203;-880137009#1;120682114#1;120682114#3;4935286#2;4970256#5;4970256#8;783907721#1,runs_J_k16_plain\mutation_seed0\g007_i010,runs_J_k16_plain\mutation_seed0\g007_i010\tripinfo.xml
7,11,16,456.37333333333333,-111681903#3;-311298665;-498033359#2;-498033359#3;-535519490#1;-7365262;-783907721#1;-876343449#1;24337240#2;24337240#4;25970859#1;28468730#1;4935286#2;498033359#0;5197062#3;876057378#3,runs_J_k16_plain\mutation_seed0\g007_i011,runs_J_k16_plain\mutation_seed0\g007_i011\tripinfo.xml
7,12,15,478.766,-24337240#2;-24337240#6;-24337240#7;-311298658;-498033359#3;-502325084#3;-535519490#1;-783907721#0;111677669#3;111681903#3;120682114#3;24337240#5;4935286#2;4935299#1;7924772,runs_J_k16_plain\mutation_seed0\g007_i012,runs_J_k16_plain\mutation_seed0\g007_i012\tripinfo.xml
7,13,16,1000000000000.0,-111681903#3;-311298665;-498033359#2;-498033359#3;-502325084#1;-782714966#0;-782714971#1;-783907721#1;-835445203;111681903#3;24337240#3;26216779#1;4935286#2;4935286#3;535519490#1;747448014,runs_J_k16_plain\mutation_seed0\g007_i013,runs_J_k16_plain\mutation_seed0\g007_i013\tripinfo.xml
7,14,8,700.2173333333334,-111677668#4;-28468730#0;-880137009#1;111681903#1;26216781#1;4935286#0;62826731;782714971#2,runs_J_k16_plain\mutation_seed0\g007_i014,runs_J_k16_plain\mutation_seed0\g007_i014\tripinfo.xml
7,15,16,1000000000000.0,-311298665;-498033359#2;-502325084#1;-782714971#3;-783907721#0;111677671#0;111681903#2;311298685;4935286#2;4935286#3;4970256#5;4970256#7;498033359#2;498033359#3;747448014;880137009#0,runs_J_k16_plain\mutation_seed0\g007_i015,runs_J_k16_plain\mutation_seed0\g007_i015\tripinfo.xml
7,16,16,1000000000000.0,-24337240#4;-28298231;-311298665;-311298685;-498033359#2;-535519490#1;26216781#1;28468732#1;4970256#6;498033359#0;498033359#2;502325084#0;502325084#3;535519490#0;747448014;880140407,runs_J_k16_plain\mutation_seed0\g007_i016,runs_J_k16_plain\mutation_seed0\g007_i016\tripinfo.xml
7,17,16,1000000000000.0,-24337240#1;-311298662#1;-311298665;-498033359#2;-5197062#3;-782714971#2;111677669#2;205590836#2;24337240#0;24337240#4;26216781#0;26216781#1;498033359#1;782710712;876057378#1;876057378#5,runs_J_k16_plain\mutation_seed0\g007_i017,runs_J_k16_plain\mutation_seed0\g007_i017\tripinfo.xml
7,18,13,1000000000000.0,-120682114#3;-28298231;-311298658;-311298665;-498033359#0;-5197062#4;-535519490#1;311298665;37628709#1;4935286#2;4970256#5;747448014;835443464,runs_J_k16_plain\mutation_seed0\g007_i018,runs_J_k16_plain\mutation_seed0\g007_i018\tripinfo.xml
7,19,16,762.4146666666667,-111681903#3;-24337240#1;-311298658;-311298685;-4950193;-498033359#2;-535519490#1;-782714971#2;24337240#5;24337240#7;26216781#1;26216781#3;311298662#0;4970256#5;502325084#0;782714971#4,runs_J_k16_plain\mutation_seed0\g007_i019,runs_J_k16_plain\mutation_seed0\g007_i019\tripinfo.xml
7,20,16,1000000000000.0,-111677671#0;-28298231;-311298665;-502325084#0;-5197062#4;-535519490#1;-783907721#1;111677669#3;111677669#4;111681903#2;111681903#3;111681905#2;498033359#1;498033359#2;58621262#1;876343449#2,runs_J_k16_plain\mutation_seed0\g007_i020,runs_J_k16_plain\mutation_seed0\g007_i020\tripinfo.xml
7,21,12,1000000000000.0,-24337240#3;-28298231;-311298665;-498033359#2;-835445203;111681903#1;24337240#3;24337240#7;26216779#1;28468730#1;4935286#2;502325084#3,runs_J_k16_plain\mutation_seed0\g007_i021,runs_J_k16_plain\mutation_seed0\g007_i021\tripinfo.xml
7,22,16,494.34066666666666,-24337240#0;-28298231;-498033359#2;-498033359#3;-502325084#1;-782714966#1;-782714971#2;111677668#0;24337240#0;4935286#2;498033359#0;535519490#1;58621262#0;747448014;782714971#1;876057378#5,runs_J_k16_plain\mutation_seed0\g007_i022,runs_J_k16_plain\mutation_seed0\g007_i022\tripinfo.xml
7,23,16,1000000000000.0,-24337240#3;-311298665;-502325084#0;-74277990;-876343449#1;111677668#3;24337240#0;24337240#1;26216779#1;26216781#1;26216781#3;4935286#2;498033359#3;62826731;782714971#0;876057378#1,runs_J_k16_plain\mutation_seed0\g007_i023,runs_J_k16_plain\mutation_seed0\g007_i023\tripinfo.xml
8,0,16,360.37,-120682114#3;-24337240#7;-28298231;-311298658;-311298662#1;-498033359#3;-5197062#3;-535519490#1;-783907721#1;111677669#3;24337240#5;311298682#0;4935286#2;782710712;835443464;880137010,runs_J_k16_plain\mutation_seed0\g008_i000,runs_J_k16_plain\mutation_seed0\g008_i000\tripinfo.xml
8,1,7,644.456,-311298658;-782714966#0;26216779#1;62826731;747448014;782710712;783907721#1,runs_J_k16_plain\mutation_seed0\g008_i001,runs_J_k16_plain\mutation_seed0\g008_i001\tripinfo.xml
8,2,16,364.402,-24337240#2;-25970859#1;-311298658;-311298665;-535519490#1;-835443464;111677669#5;111681903#1;26216781#0;4935286#0;4935286#2;4935299#1;4970256#8;58621262#1;876057378#4;880140407,runs_J_k16_plain\mutation_seed0\g008_i002,runs_J_k16_plain\mutation_seed0\g008_i002\tripinfo.xml
8,3,16,724.8106666666666,-111681903#3;-25970859#1;-311298658;-311298685;-498033359#2;-535519490#1;-7365262;-74277990;-880137009#1;24337240#2;24337240#5;26216779#1;28468730#1;37628709#0;5197062#3;876057378#0,runs_J_k16_plain\mutation_seed0\g008_i003,runs_J_k16_plain\mutation_seed0\g008_i003\tripinfo.xml
8,4,16,1327.9106666666667,-111681903#0;-111681903#3;-24337240#1;-25970859#1;-311298658;-311298665;-783907721#1;24337240#0;24337240#7;25970859#1;26216781#3;28468730#0;4935286#1;498033359#0;502325084#3;876057378#3,runs_J_k16_plain\mutation_seed0\g008_i004,runs_J_k16_plain\mutation_seed0\g008_i004\tripinfo.xml
8,5,1,644.456,-111677668#3,runs_J_k16_plain\mutation_seed0\g008_i005,runs_J_k16_plain\mutation_seed0\g008_i005\tripinfo.xml
8,6,16,385.85333333333335,-24337240#7;-25970859#0;-25970859#1;-311298658;-311298665;-5197062#3;-783907721#2;111681903#3;24337240#2;24337240#5;311298665;311298682#0;4935286#2;5197062#3;782710712;880137010,runs_J_k16_plain\mutation_seed0\g008_i006,runs_J_k16_plain\mutation_seed0\g008_i006\tripinfo.xml
8,7,16,1000000000000.0,-111681903#3;-24337240#2;-24337240#4;-311298658;-311298665;-498033359#3;-7365262;-782714966#0;-782714971#1;-783907721#0;111677669#3;111681903#3;120682114#3;4935286#1;498033359#0;783907721#2,runs_J_k16_plain\mutation_seed0\g008_i007,runs_J_k16_plain\mutation_seed0\g008_i007\tripinfo.xml
8,8,16,1000000000000.0,-24337240#2;-311298658;-311298665;-502325084#3;-783907721#0;-783907721#1;-783907721#2;-876343449#1;24337240#4;24337240#5;4935286#2;4935299#1;502325084#0;5197062#3;782710712;876343449#2,runs_J_k16_plain\mutation_seed0\g008_i008,runs_J_k16_plain\mutation_seed0\g008_i008\tripinfo.xml
8,9,16,396.67533333333336,-111681903#2;-24337240#3;-311298665;-498033359#2;-502325084#1;-783907721#1;111681903#1;24337240#4;26216781#0;28468730#1;311298662#1;4935286#0;4935286#3;4970256#7;498033359#1;876057378#1,runs_J_k16_plain\mutation_seed0\g008_i009,runs_J_k16_plain\mutation_seed0\g008_i009\tripinfo.xml
8,10,10,624.3066666666666,-111677668#0;-24337240#1;-24337240#6;-498033359#2;-498033359#3;26216781#1;28468730#1;498033359#0;5197062#3;880137010,runs_J_k16_plain\mutation_seed0\g008_i010,runs_J_k16_plain\mutation_seed0\g008_i010\tripinfo.xml
8,11,16,1000000000000.0,-24337240#0;-28298231;-311298665;-311298682#0;-498033359#2;-783907721#0;-880137009#1;111677668#3;24337240#0;24337240#2;26216781#2;311298665;4970256#6;747448014;7924772;876057378#3,runs_J_k16_plain\mutation_seed0\g008_i011,runs_J_k16_plain\mutation_seed0\g008_i011\tripinfo.xml
8,12,16,1000000000000.0,-111677668#3;-24337240#0;-24337240#2;-311298658;-311298665;-498033359#3;-502325084#3;-880140407;111677669#1;111681903#2;120682114#3;24337240#5;4935286#0;4935286#1;498033359#0;782714971#1,runs_J_k16_plain\mutation_seed0\g008_i012,runs_J_k16_plain\mutation_seed0\g008_i012\tripinfo.xml
8,13,16,1000000000000.0,-24337240#4;-28298231;-311298658;-311298662#0;-311298665;-535519490#1;-74277990;-880137009#1;25970859#0;26216781#1;311298662#0;4970256#6;4970256#7;5197062#3;747448014;876057376,runs_J_k16_plain\mutation_seed0\g008_i013,runs_J_k16_plain\mutation_seed0\g008_i013\tripinfo.xml
8,14,3,644.456,-311298682#0;-835445203;747448014,runs_J_k16_plain\mutation_seed0\g008_i014,runs_J_k16_plain\mutation_seed0\g008_i014\tripinfo.xml
8,15,16,591.7133333333334,-24337240#3;-311298658;-311298662#0;-5197062#3;-535519490#1;-880137009#1;111677669#3;26216779#1;26216781#0;4935286#2;4970256#7;5197062#4;58621262#0;58621262#1;62826731;783907721#2,runs_J_k16_plain\mutation_seed0\g008_i015,runs_J_k16_plain\mutation_seed0\g008_i015\tripinfo.xml
8,16,16,1000000000000.0,-311298658;-311298665;-5197062#3;-782714971#2;-783907721#1;-835445203;111677669#0;111677669#4;120682114#2;26216781#2;311298665;311298685;37628709#0;37628709#1;535519490#0;747448014,runs_J_k16_plain\mutation_seed0\g008_i016,runs_J_k16_plain\mutation_seed0\g008_i016\tripinfo.xml
8,17,16,1000000000000.0,-111681903#0;-120682114#3;-24337240#7;-502325084#0;-535519490#1;-782714971#2;-783907721#2;25970859#1;26216781#3;4935286#3;4970256#5;498033359#2;502325084#0;782710712;876057378#1;880137009#1,runs_J_k16_plain\mutation_seed0\g008_i017,runs_J_k16_plain\mutation_seed0\g008_i017\tripinfo.xml
8,18,16,1000000000000.0,-24337240#1;-311298658;-311298665;-498033359#2;-5197062#3;-783907721#1;-835443464;-876343449#1;111677669#0;24337240#0;24337240#5;24337240#7;25970859#1;26216781#1;4935286#2;747448014,runs_J_k16_plain\mutation_seed0\g008_i018,runs_J_k16_plain\mutation_seed0\g008_i018\tripinfo.xml
8,19,12,1000000000000.0,-120682114#2;-120682114#3;-311298662#1;-311298665;-5197062#4;-782714966#0;111677668#4;111677669#3;120682114#2;24337240#0;28468730#0;835443464,runs_J_k16_plain\mutation_seed0\g008_i019,runs_J_k16_plain\mutation_seed0\g008_i019\tripinfo.xml
8,20,11,423.41333333333336,-28298231;-311298665;-502325084#3;-535519490#1;-74277990;-783907721#1;-876343449#0;24337240#1;311298682#0;876057378#1;880137010,runs_J_k16_plain\mutation_seed0\g008_i020,runs_J_k16_plain\mutation_seed0\g008_i020\tripinfo.xml
8,21,16,1000000000000.0,-25970859#1;-28298231;-311298658;-311298662#0;-311298665;-498033359#3;-782714971#1;-783907721#0;-876343449#2;120682114#1;24337240#3;498033359#3;5197062#4;782714971#2;782714971#4;880137009#0,runs_J_k16_plain\mutation_seed0\g008_i021,runs_J_k16_plain\mutation_seed0\g008_i021\tripinfo.xml
8,22,16,457.1546666666667,-24337240#7;-28468730#0;-311298665;-782714971#2;-783907721#0;131942152;24337240#3;311298682#0;37628709#1;4970256#8;498033359#1;502325084#1;5197062#4;62826731;747448014;782714971#4,runs_J_k16_plain\mutation_seed0\g008_i022,runs_J_k16_plain\mutation_seed0\g008_i022\tripinfo.xml
8,23,16,644.9866666666667,-24337240#3;-498033359#3;-535519490#1;-783907721#1;111677668#4;111677669#2;24337240#2;311298662#0;4935286#2;498033359#2;58621262#0;782710712;783907721#0;876057378#5;880137009#1;880140407,runs_J_k16_plain\mutation_seed0\g008_i023,runs_J_k16_plain\mutation_seed0\g008_i023\tripinfo.xml
9,0,16,360.37,-120682114#3;-24337240#7;-28298231;-311298658;-311298662#1;-498033359#3;-5197062#3;-535519490#1;-783907721#1;111677669#3;24337240#5;311298682#0;4935286#2;782710712;835443464;880137010,runs_J_k16_plain\mutation_seed0\g009_i000,runs_J_k16_plain\mutation_seed0\g009_i000\tripinfo.xml
9,1,1,644.456,-111677668#0,runs_J_k16_plain\mutation_seed0\g009_i001,runs_J_k16_plain\mutation_seed0\g009_i001\tripinfo.xml
9,2,12,1000000000000.0,-24337240#6;-311298665;-311298682#0;-535519490#1;-74277990;-876343449#0;24337240#7;26216781#1;311298682#0;4935286#2;4935286#3;4970256#7,runs_J_k16_plain\mutation_seed0\g009_i002,runs_J_k16_plain\mutation_seed0\g009_i002\tripinfo.xml
9,3,12,1000000000000.0,-24337240#3;-24337240#4;-25970859#1;-311298658;-311298665;111677671#0;111681903#0;4935286#2;4970256#6;5197062#4;62826731;782714971#2,runs_J_k16_plain\mutation_seed0\g009_i003,runs_J_k16_plain\mutation_seed0\g009_i003\tripinfo.xml
9,4,16,698.7013333333333,-311298658;-311298662#0;-502325084#3;-5197062#3;-74277990;-782714971#0;25970859#0;26216781#1;311298662#0;4970256#7;4970256#8;502325084#3;58621262#1;782714971#4;876057378#3;876343449#0,runs_J_k16_plain\mutation_seed0\g009_i004,runs_J_k16_plain\mutation_seed0\g009_i004\tripinfo.xml
9,5,16,406.958,-111681903#0;-111681903#2;-24337240#1;-24337240#3;-311298662#1;-783907721#1;111681903#1;24337240#3;26216781#2;311298662#1;311298682#0;4935286#2;783907721#2;876057376;876057378#1;876057378#5,runs_J_k16_plain\mutation_seed0\g009_i005,runs_J_k16_plain\mutation_seed0\g009_i005\tripinfo.xml
9,6,16,545.7386666666666,-24337240#6;-24337240#7;-311298658;-498033359#1;-502325084#1;-5197062#3;-535519490#1;111677668#3;111677669#3;111681903#2;24337240#5;28468730#1;311298662#1;4935286#2;4935286#3;782710712,runs_J_k16_plain\mutation_seed0\g009_i006,runs_J_k16_plain\mutation_seed0\g009_i006\tripinfo.xml
9,7,16,472.5473333333333,-24337240#7;-311298685;-5197062#3;-876343449#0;111677669#5;131942152;24337240#1;24337240#2;26216781#3;4935286#2;498033359#1;502325084#3;782714966#0;835445203;876057378#0;876057378#5,runs_J_k16_plain\mutation_seed0\g009_i007,runs_J_k16_plain\mutation_seed0\g009_i007\tripinfo.xml
9,8,16,644.456,-25970859#0;-311298658;-311298665;-783907721#2;111677668#3;111681903#3;120682114#2;26216781#2;26216781#3;28468732#0;311298682#0;4935286#3;4970256#6;782710712;876343449#1;880137010,runs_J_k16_plain\mutation_seed0\g009_i008,runs_J_k16_plain\mutation_seed0\g009_i008\tripinfo.xml
9,9,16,642.5373333333333,-25970859#1;-311298658;-5197062#4;-535519490#1;-782714971#3;-783907721#1;-880137009#1;111677669#1;120682114#1;311298665;4935286#0;4935286#2;4970256#8;535519490#1;58621262#0;782714971#4,runs_J_k16_plain\mutation_seed0\g009_i009,runs_J_k16_plain\mutation_seed0\g009_i009\tripinfo.xml
9,10,16,1000000000000.0,-311298665;-498033359#1;-502325084#3;-535519490#1;-782714971#1;-876343449#0;-876343449#1;111677669#4;120682114#3;24337240#1;26216781#3;311298685;4935286#0;4935286#2;4935299#1;782714971#2,runs_J_k16_plain\mutation_seed0\g009_i010,runs_J_k16_plain\mutation_seed0\g009_i010\tripinfo.xml
9,11,16,1000000000000.0,-24337240#2;-311298665;-535519490#0;111677669#5;111677671#0;111681903#1;111681903#2;120682114#3;26216779#0;26216781#2;4935286#0;4935286#1;4970256#8;62826731;782710712;782714971#1,runs_J_k16_plain\mutation_seed0\g009_i011,runs_J_k16_plain\mutation_seed0\g009_i011\tripinfo.xml
9,12,14,1000000000000.0,-24337240#2;-25970859#1;-311298665;-311298685;-783907721#0;-835443464;111677668#0;111681905#1;28468732#1;4935286#2;4935286#3;4935299#1;782714966#1;876057376,runs_J_k16_plain\mutation_seed0\g009_i012,runs_J_k16_plain\mutation_seed0\g009_i012\tripinfo.xml
9,13,16,1000000000000.0,-120682114#3;-24337240#7;-28298231;-311298662#1;-311298665;-498033359#3;-502325084#0;-535519490#1;24337240#5;26216779#0;4935286#0;4935286#3;747448014;782710712;782714971#4;835443464,runs_J_k16_plain\mutation_seed0\g009_i013,runs_J_k16_plain\mutation_seed0\g009_i013\tripinfo.xml
9,14,16,1000000000000.0,-120682114#3;-24337240#2;-28298231;-311298658;-311298662#1;-311298665;-535519490#1;-835445203;111677669#3;111677671#0;4935286#0;4935286#2;4970256#5;5197062#4;782710712;782714971#3,runs_J_k16_plain\mutation_seed0\g009_i014,runs_J_k16_plain\mutation_seed0\g009_i014\tripinfo.xml
9,15,16,1000000000000.0,-111681903#1;-28298231;-311298658;-311298665;-5197062#3;-535519490#0;-835443464;111677669#3;111677669#5;120682114#1;205590836#2;24337240#1;24337240#7;311298665;876343449#1;880137010,runs_J_k16_plain\mutation_seed0\g009_i015,runs_J_k16_plain\mutation_seed0\g009_i015\tripinfo.xml
9,16,16,1000000000000.0,-311298665;-5197062#3;-5197062#4;-74277990;-782714966#0;-782714971#2;111677668#3;24337240#3;26216781#0;26216781#2;311298665;4935286#2;4970256#7;502325084#3;782714971#2;835443464,runs_J_k16_plain\mutation_seed0\g009_i016,runs_J_k16_plain\mutation_seed0\g009_i016\tripinfo.xml
9,17,16,644.456,-24337240#6;-311298665;-876343449#1;111677668#3;111677669#2;24337240#2;26216779#0;26216779#1;26216781#0;311298682#0;4935286#0;4935286#2;5197062#3;62826731;747448014;876057378#5,runs_J_k16_plain\mutation_seed0\g009_i017,runs_J_k16_plain\mutation_seed0\g009_i017\tripinfo.xml
9,18,3,644.456,-111677668#3;-311298658;311298682#0,runs_J_k16_plain\mutation_seed0\g009_i018,runs_J_k16_plain\mutation_seed0\g009_i018\tripinfo.xml
9,19,16,391.79066666666665,-498033359#3;111677668#3;111677668#4;131942152;311298662#0;4935286#2;498033359#1;502325084#1;5197062#4;62826731;747448014;782710712;782714966#1;782714971#2;7924772;876057378#1,runs_J_k16_plain\mutation_seed0\g009_i019,runs_J_k16_plain\mutation_seed0\g009_i019\tripinfo.xml
9,20,11,475.23533333333336,-24337240#4;-28468730#0;-311298665;-782714966#1;-782714971#2;-783907721#0;-783907721#1;502325084#0;535519490#0;835443464;880137010,runs_J_k16_plain\mutation_seed0\g009_i020,runs_J_k16_plain\mutation_seed0\g009_i020\tripinfo.xml
9,21,16,1000000000000.0,-24337240#2;-25970859#0;-311298658;-311298665;-498033359#3;-502325084#1;-535519490#1;-782714966#0;-835443464;131942152;26216781#0;28468730#1;4935286#0;498033359#0;782714971#1;880140407,runs_J_k16_plain\mutation_seed0\g009_i021,runs_J_k16_plain\mutation_seed0\g009_i021\tripinfo.xml
9,22,16,1000000000000.0,-111677668#0;-111677668#4;-25970859#0;-311298665;-498033359#2;-535519490#1;-783907721#0;-783907721#1;-880137009#1;111681903#0;4935286#0;4935286#3;4970256#8;783907721#2;876057378#4;880137010,runs_J_k16_plain\mutation_seed0\g009_i022,runs_J_k16_plain\mutation_seed0\g009_i022\tripinfo.xml
9,23,16,667.2773333333333,-111677668#0;-111677668#3;-24337240#7;-498033359#1;-535519490#1;-74277990;-783907721#0;-783907721#2;26216781#3;311298665;311298682#0;4970256#5;4970256#8;62826731;747448014;782714971#4,runs_J_k16_plain\mutation_seed0\g009_i023,runs_J_k16_plain\mutation_seed0\g009_i023\tripinfo.xml
10,0,16,360.37,-120682114#3;-24337240#7;-28298231;-311298658;-311298662#1;-498033359#3;-5197062#3;-535519490#1;-783907721#1;111677669#3;24337240#5;311298682#0;4935286#2;782710712;835443464;880137010,runs_J_k16_plain\mutation_seed0\g010_i000,runs_J_k16_plain\mutation_seed0\g010_i000\tripinfo.xml
10,1,11,350.96,-111677668#0;-111681903#2;-880137009#1;111677669#2;111677669#3;111681903#1;4935286#2;4935286#3;4970256#5;835443464;876057378#1,runs_J_k16_plain\mutation_seed0\g010_i001,runs_J_k16_plain\mutation_seed0\g010_i001\tripinfo.xml
10,2,16,1000000000000.0,-111681903#2;-311298662#1;-311298665;-4950193;-502325084#3;-782714971#3;-783907721#1;-835445203;24337240#7;311298682#0;37628709#0;4935286#2;4935286#3;4970256#6;782714966#1;783907721#2,runs_J_k16_plain\mutation_seed0\g010_i002,runs_J_k16_plain\mutation_seed0\g010_i002\tripinfo.xml
10,3,16,644.456,-24337240#3;-25970859#0;-311298658;-311298662#1;-311298665;-498033359#3;-782714966#1;-783907721#1;111677668#3;26216781#2;28468730#0;311298662#1;311298682#0;4935286#2;4935286#3;876057378#1,runs_J_k16_plain\mutation_seed0\g010_i003,runs_J_k16_plain\mutation_seed0\g010_i003\tripinfo.xml
10,4,16,1000000000000.0,-111681903#2;-24337240#1;-311298665;-782714966#0;111681903#1;111681903#3;120682114#2;26216779#1;26216781#3;4935286#2;876057376;876057378#1;876057378#5;876343449#1;880137009#0;880137010,runs_J_k16_plain\mutation_seed0\g010_i004,runs_J_k16_plain\mutation_seed0\g010_i004\tripinfo.xml
10,5,16,1000000000000.0,-311298658;-311298665;-498033359#3;-5197062#3;-535519490#1;-835445203;111677669#3;111681903#0;111681903#3;25970859#1;4935286#3;782710712;782714971#0;835443464;876057376;880137010,runs_J_k16_plain\mutation_seed0\g010_i005,runs_J_k16_plain\mutation_seed0\g010_i005\tripinfo.xml
10,6,16,626.8853333333333,-25970859#0;-28298231;-311298658;-535519490#1;-782714971#4;-783907721#1;-783907721#2;111677668#4;131942152;28468732#0;311298665;4970256#5;782710712;782714971#2;783907721#0;876343449#1,runs_J_k16_plain\mutation_seed0\g010_i006,runs_J_k16_plain\mutation_seed0\g010_i006\tripinfo.xml
10,7,10,833.896,-111677668#0;-311298662#0;-311298662#1;-783907721#2;28468730#1;502325084#3;535519490#0;783907721#1;876057378#1;880137009#0,runs_J_k16_plain\mutation_seed0\g010_i007,runs_J_k16_plain\mutation_seed0\g010_i007\tripinfo.xml
10,8,16,1000000000000.0,-111677668#0;-111677668#4;-311298665;-535519490#1;111677669#0;111677669#4;120682114#2;24337240#5;311298665;37628709#0;37628709#1;4935286#1;4935286#2;782714971#4;783907721#2;876057378#5,runs_J_k16_plain\mutation_seed0\g010_i008,runs_J_k16_plain\mutation_seed0\g010_i008\tripinfo.xml
10,9,16,1000000000000.0,-24337240#7;-311298665;-311298685;-4950193;-5197062#3;-535519490#1;-782714971#4;-783907721#2;-876343449#0;120682114#2;4935286#2;498033359#1;502325084#3;535519490#0;835445203;876057378#0,runs_J_k16_plain\mutation_seed0\g010_i009,runs_J_k16_plain\mutation_seed0\g010_i009\tripinfo.xml
10,10,10,1187.396,-111677668#0;-24337240#3;-5197062#3;-535519490#1;120682114#2;24337240#1;26216781#3;4935286#2;835445203;876057378#4,runs_J_k16_plain\mutation_seed0\g010_i010,runs_J_k16_plain\mutation_seed0\g010_i010\tripinfo.xml
10,11,16,1000000000000.0,-111681903#3;-7365262;-782714971#4;111677668#4;111677669#1;111677669#2;111677669#5;111681903#2;131942152;26216779#1;28468730#0;28468732#1;4935286#1;502325084#1;62826731;876057378#1,runs_J_k16_plain\mutation_seed0\g010_i011,runs_J_k16_plain\mutation_seed0\g010_i011\tripinfo.xml
10,12,10,1000000000000.0,-311298658;-311298665;4935286#0;4935286#2;4970256#8;498033359#1;62826731;782714971#1;7924772;876057378#5,runs_J_k16_plain\mutation_seed0\g010_i012,runs_J_k16_plain\mutation_seed0\g010_i012\tripinfo.xml
10,13,16,1000000000000.0,-311298665;-498033359#3;-782714966#1;-880137009#0;111677668#3;111677668#4;111681903#3;24337240#1;26216779#0;311298662#1;311298665;4935286#2;62826731;782714971#2;7924772;880137010,runs_J_k16_plain\mutation_seed0\g010_i013,runs_J_k16_plain\mutation_seed0\g010_i013\tripinfo.xml
10,14,16,477.45466666666664,-25970859#1;-498033359#3;-782714966#0;111677668#4;120682114#3;131942152;24337240#0;25970859#1;4935286#2;498033359#1;498033359#2;502325084#1;5197062#4;782714966#1;782714971#2;876057378#1,runs_J_k16_plain\mutation_seed0\g010_i014,runs_J_k16_plain\mutation_seed0\g010_i014\tripinfo.xml
10,15,16,1000000000000.0,-111677668#4;-24337240#2;-28468730#0;-311298658;-311298665;-498033359#3;-502325084#3;-535519490#1;111677668#3;111677669#2;24337240#5;25970859#1;311298662#1;4935286#2;782714971#1;880137010,runs_J_k16_plain\mutation_seed0\g010_i015,runs_J_k16_plain\mutation_seed0\g010_i015\tripinfo.xml
10,16,16,596.6693333333334,-24337240#4;-24337240#7;-311298665;-783907721#0;-783907721#1;24337240#5;28468730#1;4935286#2;502325084#0;535519490#0;782710712;782714971#2;835443464;876057376;876057378#2;876343449#0,runs_J_k16_plain\mutation_seed0\g010_i016,runs_J_k16_plain\mutation_seed0\g010_i016\tripinfo.xml
10,17,16,1000000000000.0,-311298665;-498033359#1;-7365262;-782714971#1;-876343449#0;111677669#5;120682114#1;24337240#1;24337240#4;24337240#5;4935286#2;498033359#1;502325084#0;502325084#3;782714966#0;876057378#2,runs_J_k16_plain\mutation_seed0\g010_i017,runs_J_k16_plain\mutation_seed0\g010_i017\tripinfo.xml
10,18,6,1000000000000.0,-24337240#7;-311298665;-4950193;24337240#5;782714966#0;782714971#1,runs_J_k16_plain\mutation_seed0\g010_i018,runs_J_k16_plain\mutation_seed0\g010_i018\tripinfo.xml
10,19,16,1000000000000.0,-311298658;-311298665;-535519490#1;-782714971#2;-876343449#2;111677669#3;120682114#2;205590836#2;24337240#5;24337240#7;4970256#8;498033359#1;782710712;7924772;835443464;835445203,runs_J_k16_plain\mutation_seed0\g010_i019,runs_J_k16_plain\mutation_seed0\g010_i019\tripinfo.xml
10,20,16,418.004,-24337240#7;-311298658;-311298665;-498033359#1;-502325084#0;-783907721#1;-880137009#0;111677669#3;111681903#2;111681903#3;28468730#1;311298662#1;311298682#0;4935286#2;4935286#3;782714971#2,runs_J_k16_plain\mutation_seed0\g010_i020,runs_J_k16_plain\mutation_seed0\g010_i020\tripinfo.xml
10,21,16,654.8946666666667,-111677668#3;-24337240#3;-311298662#0;-782714971#0;131942152;24337240#5;25970859#0;26216781#1;26216781#2;26216781#3;28468732#1;311298662#0;502325084#3;5197062#4;782714966#1;876057378#1,runs_J_k16_plain\mutation_seed0\g010_i021,runs_J_k16_plain\mutation_seed0\g010_i021\tripinfo.xml
10,22,16,1000000000000.0,-311298658;-311298665;-311298682#0;-502325084#3;111677668#3;111677668#4;131942152;311298662#0;4935286#2;4970256#7;747448014;782714971#0;7924772;876057376;876057378#3;880137010,runs_J_k16_plain\mutation_seed0\g010_i022,runs_J_k16_plain\mutation_seed0\g010_i022\tripinfo.xml
10,23,16,1000000000000.0,-120682114#3;-24337240#0;-311298665;-498033359#0;-498033359#1;-498033359#3;-502325084#3;-782714971#1;111677669#3;111677669#4;24337240#5;4935286#3;782714966#0;782714971#2;876057376;876057378#4,runs_J_k16_plain\mutation_seed0\g010_i023,runs_J_k16_plain\mutation_seed0\g010_i023\tripinfo.xml
11,0,11,350.96,-111677668#0;-111681903#2;-880137009#1;111677669#2;111677669#3;111681903#1;4935286#2;4935286#3;4970256#5;835443464;876057378#1,runs_J_k16_plain\mutation_seed0\g011_i000,runs_J_k16_plain\mutation_seed0\g011_i000\tripinfo.xml
11,1,16,646.4513333333333,-24337240#3;-311298662#1;-311298665;-7365262;-782714971#3;-783907721#1;111677669#4;131942152;24337240#2;24337240#5;4935286#2;498033359#3;502325084#3;5197062#4;835443464;876343449#0,runs_J_k16_plain\mutation_seed0\g011_i001,runs_J_k16_plain\mutation_seed0\g011_i001\tripinfo.xml
11,2,12,1000000000000.0,-111677668#3;-120682114#3;-25970859#1;-311298662#1;-311298665;-535519490#1;-783907721#0;111681903#3;24337240#5;835443464;880137009#1;880137010,runs_J_k16_plain\mutation_seed0\g011_i002,runs_J_k16_plain\mutation_seed0\g011_i002\tripinfo.xml
11,3,16,498.33133333333336,-111681903#0;-24337240#2;-783907721#1;-880137009#1;111677669#3;111681903#2;26216779#1;26216781#1;4935286#2;4935299#1;498033359#0;62826731;782714971#2;782714971#4;783907721#0;835443464,runs_J_k16_plain\mutation_seed0\g011_i003,runs_J_k16_plain\mutation_seed0\g011_i003\tripinfo.xml
11,4,16,609.612,-111681903#2;-498033359#1;-5197062#4;-535519490#1;-782714971#0;-880137009#0;111677668#3;111677669#1;111677669#2;111681903#1;111681903#3;25970859#1;311298662#1;311298682#0;4935286#3;5197062#4,runs_J_k16_plain\mutation_seed0\g011_i004,runs_J_k16_plain\mutation_seed0\g011_i004\tripinfo.xml
11,5,16,673.898,-120682114#2;-25970859#0;-311298682#0;-535519490#1;-783907721#1;-880137009#0;111677668#4;120682114#1;131942152;28468732#0;311298665;4970256#5;502325084#0;876057376;876057378#1;876343449#1,runs_J_k16_plain\mutation_seed0\g011_i005,runs_J_k16_plain\mutation_seed0\g011_i005\tripinfo.xml
11,6,16,628.5366666666666,-25970859#1;-28298231;-311298682#0;-502325084#1;-782714966#0;-783907721#1;120682114#3;131942152;311298662#1;37628709#0;498033359#1;782710712;782714966#1;783907721#0;876057378#4;880137009#1,runs_J_k16_plain\mutation_seed0\g011_i006,runs_J_k16_plain\mutation_seed0\g011_i006\tripinfo.xml
11,7,16,1000000000000.0,-111677668#0;-111677668#4;-111681903#2;-24337240#2;-311298662#0;-311298665;-783907721#0;111677669#5;24337240#7;25970859#1;4935286#2;4970256#5;498033359#1;535519490#0;835443464;880137009#1,runs_J_k16_plain\mutation_seed0\g011_i007,runs_J_k16_plain\mutation_seed0\g011_i007\tripinfo.xml
11,8,16,2448.287333333333,-498033359#3;-535519490#1;-783907721#2;111677669#3;111681903#3;120682114#2;25970859#1;311298685;4935286#2;498033359#1;502325084#3;782710712;782714966#0;782714971#0;783907721#1;876057378#4,runs_J_k16_plain\mutation_seed0\g011_i008,runs_J_k16_plain\mutation_seed0\g011_i008\tripinfo.xml
11,9,16,1000000000000.0,-111681903#0;-111681903#2;-120682114#2;-311298658;-311298665;-311298682#0;-783907721#1;-876343449#1;-880137009#0;111681903#2;24337240#1;26216779#1;311298662#1;498033359#1;876057378#0;876343449#2,runs_J_k16_plain\mutation_seed0\g011_i009,runs_J_k16_plain\mutation_seed0\g011_i009\tripinfo.xml
11,10,16,1000000000000.0,-111677668#3;-111681903#1;-120682114#3;-205590836#0;-311298665;-880137009#1;111677669#1;111677669#3;111681903#1;120682114#3;26216781#0;28468730#1;782714971#1;782714971#2;876057378#1;876057378#3,runs_J_k16_plain\mutation_seed0\g011_i010,runs_J_k16_plain\mutation_seed0\g011_i010\tripinfo.xml
11,11,16,853.3906666666667,-311298658;-311298662#1;-311298682#0;-502325084#0;-502325084#1;111677669#2;111681905#2;24337240#3;311298665;4935286#2;4935286#3;502325084#0;782714971#2;783907721#1;876057378#1;876057378#3,runs_J_k16_plain\mutation_seed0\g011_i011,runs_J_k16_plain\mutation_seed0\g011_i011\tripinfo.xml
11,12,16,1000000000000.0,-111677668#0;-311298658;-498033359#3;-535519490#1;-880137009#1;111677668#4;111677669#0;111677669#3;311298662#0;311298685;4970256#7;782714971#0;876057378#1;876057378#4;880137009#0;880140407,runs_J_k16_plain\mutation_seed0\g011_i012,runs_J_k16_plain\mutation_seed0\g011_i012\tripinfo.xml
11,13,16,1000000000000.0,-111677668#0;-24337240#0;-311298665;-498033359#2;-535519490#1;111677669#3;111681903#1;24337240#7;26216781#2;311298665;4935286#2;4970256#5;782714971#4;835443464;880137009#0;880140407,runs_J_k16_plain\mutation_seed0\g011_i013,runs_J_k16_plain\mutation_seed0\g011_i013\tripinfo.xml
11,14,12,1000000000000.0,-111681903#1;-111681903#2;-24337240#7;-498033359#2;-498033359#3;-535519490#1;-783907721#1;120682114#1;311298682#0;782714971#4;835443464;880137010,runs_J_k16_plain\mutation_seed0\g011_i014,runs_J_k16_plain\mutation_seed0\g011_i014\tripinfo.xml
11,15,16,688.842,-111677668#0;-24337240#4;-24337240#7;-498033359#2;-782714971#0;-782714971#2;-880137009#1;111677669#2;111681903#2;311298662#0;4935286#3;502325084#3;5197062#4;535519490#0;876057378#1;876057378#5,runs_J_k16_plain\mutation_seed0\g011_i015,runs_J_k16_plain\mutation_seed0\g011_i015\tripinfo.xml
11,16,10,1000000000000.0,-111681903#2;-311298665;26216779#1;26216781#2;311298662#1;4935286#3;782714966#1;876057376;876057378#1;876057378#4,runs_J_k16_plain\mutation_seed0\g011_i016,runs_J_k16_plain\mutation_seed0\g011_i016\tripinfo.xml
11,17,16,1000000000000.0,-25970859#0;-25970859#1;-311298662#1;-311298665;-498033359#1;-782714971#1;111677669#3;111681905#2;24337240#1;4935286#3;4970256#5;4970256#7;535519490#0;782710712;782714971#2;876057378#2,runs_J_k16_plain\mutation_seed0\g011_i017,runs_J_k16_plain\mutation_seed0\g011_i017\tripinfo.xml
11,18,16,578.2473333333334,-24337240#3;-28298231;-311298658;-782714971#4;-783907721#2;-835445203;111677668#3;111677668#4;24337240#2;26216781#0;28468732#0;4935286#2;5197062#4;782714971#2;783907721#0;876057376,runs_J_k16_plain\mutation_seed0\g011_i018,runs_J_k16_plain\mutation_seed0\g011_i018\tripinfo.xml
11,19,16,678.1946666666666,-311298658;-498033359#2;-498033359#3;-535519490#1;-782714971#1;111677669#3;111677669#4;111681903#1;24337240#5;4935286#3;4970256#5;498033359#0;5197062#3;782714971#2;876057376;876057378#1,runs_J_k16_plain\mutation_seed0\g011_i019,runs_J_k16_plain\mutation_seed0\g011_i019\tripinfo.xml
11,20,16,393.818,-111681903#2;-24337240#3;-311298662#1;-502325084#3;-782714971#1;-880137009#1;111677669#3;111677669#4;111677669#5;24337240#0;24337240#3;37628709#0;4935286#2;4935286#3;782714971#3;876057378#4,runs_J_k16_plain\mutation_seed0\g011_i020,runs_J_k16_plain\mutation_seed0\g011_i020\tripinfo.xml
11,21,16,1000000000000.0,-25970859#1;-311298662#0;-311298662#1;-311298665;-782714966#1;111677669#5;131942152;4935286#2;498033359#1;498033359#2;5197062#4;782714966#1;783907721#1;876057378#1;880137010;880140407,runs_J_k16_plain\mutation_seed0\g011_i021,runs_J_k16_plain\mutation_seed0\g011_i021\tripinfo.xml
11,22,16,1000000000000.0,-111681903#2;-25970859#1;-498033359#3;-5197062#3;-535519490#0;111677668#4;111681905#1;24337240#0;26216779#1;311298665;4935286#2;498033359#2;5197062#4;782710712;782714966#1;880137010,runs_J_k16_plain\mutation_seed0\g011_i022,runs_J_k16_plain\mutation_seed0\g011_i022\tripinfo.xml
11,23,16,1000000000000.0,-111681903#0;-24337240#7;-25970859#1;-311298658;-311298662#1;-311298665;-498033359#2;-502325084#1;111677669#3;311298665;4935286#2;498033359#0;782714966#0;782714966#1;835443464;880140407,runs_J_k16_plain\mutation_seed0\g011_i023,runs_J_k16_plain\mutation_seed0\g011_i023\tripinfo.xml
12,0,11,350.96,-111677668#0;-111681903#2;-880137009#1;111677669#2;111677669#3;111681903#1;4935286#2;4935286#3;4970256#5;835443464;876057378#1,runs_J_k16_plain\mutation_seed0\g012_i000,runs_J_k16_plain\mutation_seed0\g012_i000\tripinfo.xml
12,1,16,1000000000000.0,-311298658;-311298665;-498033359#3;-782714971#0;-876343449#2;24337240#0;24337240#3;4935286#0;4970256#5;498033359#0;5197062#4;58621262#1;782714966#1;835443464;876057376;876057378#3,runs_J_k16_plain\mutation_seed0\g012_i001,runs_J_k16_plain\mutation_seed0\g012_i001\tripinfo.xml
12,2,16,1000000000000.0,-24337240#0;-24337240#3;-28298231;-311298658;-311298665;-535519490#1;-782714971#4;-783907721#1;-880137009#1;111677669#3;111681903#1;111681905#1;24337240#2;24337240#5;37628709#0;4935286#3,runs_J_k16_plain\mutation_seed0\g012_i002,runs_J_k16_plain\mutation_seed0\g012_i002\tripinfo.xml
12,3,15,1000000000000.0,-111677671#0;-311298662#1;-311298665;-502325084#1;-783907721#1;-880137009#0;120682114#1;120682114#3;131942152;26216779#1;26216781#2;4935286#3;498033359#1;62826731;876343449#0,runs_J_k16_plain\mutation_seed0\g012_i003,runs_J_k16_plain\mutation_seed0\g012_i003\tripinfo.xml
12,4,3,647.9853333333333,-880140407;502325084#0;782714966#1,runs_J_k16_plain\mutation_seed0\g012_i004,runs_J_k16_plain\mutation_seed0\g012_i004\tripinfo.xml
12,5,16,923.16,-111681903#0;-311298658;-74277990;-783907721#1;111677668#4;111677669#2;26216779#1;4935299#1;502325084#3;782714971#2;782714971#4;783907721#0;7924772;835443464;876057376;880137010,runs_J_k16_plain\mutation_seed0\g012_i005,runs_J_k16_plain\mutation_seed0\g012_i005\tripinfo.xml
12,6,16,385.62733333333335,-111681903#0;-311298658;-5197062#4;-880137009#1;111677669#3;26216779#0;26216779#1;311298665;4935286#2;4935299#1;498033359#0;502325084#3;535519490#1;782714971#4;783907721#0;876057378#0,runs_J_k16_plain\mutation_seed0\g012_i006,runs_J_k16_plain\mutation_seed0\g012_i006\tripinfo.xml
12,7,10,990.4406666666666,-111681903#1;-24337240#7;-498033359#2;-783907721#2;24337240#7;28468730#0;4970256#7;782710712;7924772;876057378#5,runs_J_k16_plain\mutation_seed0\g012_i007,runs_J_k16_plain\mutation_seed0\g012_i007\tripinfo.xml
12,8,16,1000000000000.0,-205590836#0;-311298665;-498033359#2;-535519490#1;-7365262;-782714966#0;-880137009#0;-880137009#1;26216781#0;311298662#1;4935286#1;4935286#2;5197062#4;535519490#0;783907721#0;876057378#1,runs_J_k16_plain\mutation_seed0\g012_i008,runs_J_k16_plain\mutation_seed0\g012_i008\tripinfo.xml
12,9,16,1000000000000.0,-24337240#3;-311298665;-782714966#0;-835443464;111681903#0;111681905#1;311298662#1;311298685;37628709#0;498033359#1;782710712;782714966#0;783907721#1;876057378#5;876343449#1;880137009#1,runs_J_k16_plain\mutation_seed0\g012_i009,runs_J_k16_plain\mutation_seed0\g012_i009\tripinfo.xml
12,10,16,1000000000000.0,-120682114#1;-28298231;-311298665;-311298682#0;-498033359#0;-502325084#1;-880137009#0;120682114#2;131942152;28468732#0;4935286#2;4935286#3;498033359#1;782714966#1;782714971#0;876057378#4,runs_J_k16_plain\mutation_seed0\g012_i010,runs_J_k16_plain\mutation_seed0\g012_i010\tripinfo.xml
12,11,16,1000000000000.0,-111681903#2;-24337240#0;-24337240#3;-24337240#6;-311298662#1;-311298665;-502325084#3;-782714971#1;111677669#3;111677669#5;24337240#3;24337240#7;26216781#0;4935286#2;782710712;782714971#2,runs_J_k16_plain\mutation_seed0\g012_i011,runs_J_k16_plain\mutation_seed0\g012_i011\tripinfo.xml
12,12,16,1000000000000.0,-111681903#2;-24337240#3;-311298665;-502325084#3;-782714971#1;-835443464;-880137009#1;111681903#2;24337240#0;24337240#3;311298665;4935286#2;4970256#7;782714971#3;876057378#2;880137010,runs_J_k16_plain\mutation_seed0\g012_i012,runs_J_k16_plain\mutation_seed0\g012_i012\tripinfo.xml
12,13,11,1000000000000.0,-111677668#4;-120682114#2;-24337240#3;-311298665;-502325084#3;111677669#0;120682114#2;25970859#1;311298685;62826731;782714971#2,runs_J_k16_plain\mutation_seed0\g012_i013,runs_J_k16_plain\mutation_seed0\g012_i013\tripinfo.xml
12,14,16,1000000000000.0,-311298665;-498033359#1;-502325084#3;-535519490#1;-74277990;-782714966#0;-782714971#0;-880137009#1;111677669#3;111677669#4;4935286#3;498033359#3;502325084#3;782710712;782714966#0;880140407,runs_J_k16_plain\mutation_seed0\g012_i014,runs_J_k16_plain\mutation_seed0\g012_i014\tripinfo.xml
12,15,16,438.62466666666666,-111677668#0;-111677668#4;-111681903#2;-24337240#6;-502325084#0;-535519490#0;-782714966#0;111677669#2;111677669#3;111681903#2;111681905#2;4935286#3;535519490#1;782714971#4;876057378#1;876057378#3,runs_J_k16_plain\mutation_seed0\g012_i015,runs_J_k16_plain\mutation_seed0\g012_i015\tripinfo.xml
12,16,16,1000000000000.0,-111677668#4;-24337240#4;-25970859#1;-28468730#0;-311298658;-311298665;-535519490#1;-783907721#0;311298665;4935286#3;4970256#8;502325084#0;783907721#1;783907721#2;835443464;880137010,runs_J_k16_plain\mutation_seed0\g012_i016,runs_J_k16_plain\mutation_seed0\g012_i016\tripinfo.xml
12,17,3,629.3966666666666,-880137009#1;111677669#2;58621262#0,runs_J_k16_plain\mutation_seed0\g012_i017,runs_J_k16_plain\mutation_seed0\g012_i017\tripinfo.xml
12,18,16,1917.9506666666666,-24337240#6;-28468730#0;-311298662#1;-502325084#0;120682114#1;24337240#2;24337240#3;37628709#0;4935286#2;4935286#3;498033359#0;498033359#2;782714971#2;782714971#4;783907721#2;835445203,runs_J_k16_plain\mutation_seed0\g012_i018,runs_J_k16_plain\mutation_seed0\g012_i018\tripinfo.xml
12,19,16,1000000000000.0,-111681903#2;-120682114#1;-25970859#0;-311298662#1;-311298665;-502325084#3;-876343449#0;-876343449#2;111677669#3;24337240#0;24337240#5;311298662#0;4935286#2;4935286#3;782714971#1;783907721#1,runs_J_k16_plain\mutation_seed0\g012_i019,runs_J_k16_plain\mutation_seed0\g012_i019\tripinfo.xml
12,20,16,479.14,-24337240#3;-25970859#1;-28298231;-311298658;-311298662#1;-5197062#3;-5197062#4;-7365262;-782714971#1;-783907721#0;111677669#3;4935286#2;4935286#3;876057378#2;876057378#4;876343449#0,runs_J_k16_plain\mutation_seed0\g012_i020,runs_J_k16_plain\mutation_seed0\g012_i020\tripinfo.xml
12,21,16,1000000000000.0,-311298665;-498033359#0;-498033359#1;-5197062#4;-782714966#0;-782714971#0;-783907721#2;111677668#3;111681903#0;111681903#3;25970859#1;311298662#1;5197062#4;535519490#1;782710712;782714966#1,runs_J_k16_plain\mutation_seed0\g012_i021,runs_J_k16_plain\mutation_seed0\g012_i021\tripinfo.xml
12,22,14,1000000000000.0,-111677668#4;-111681903#2;-311298665;-835443464;-880140407;131942152;26216781#1;311298662#1;4935286#2;498033359#1;535519490#1;7924772;876057378#0;880137009#1,runs_J_k16_plain\mutation_seed0\g012_i022,runs_J_k16_plain\mutation_seed0\g012_i022\tripinfo.xml
12,23,2,621.0706666666666,-111677668#3;-782714971#4,runs_J_k16_plain\mutation_seed0\g012_i023,runs_J_k16_plain\mutation_seed0\g012_i023\tripinfo.xml
13,0,11,350.96,-111677668#0;-111681903#2;-880137009#1;111677669#2;111677669#3;111681903#1;4935286#2;4935286#3;4970256#5;835443464;876057378#1,runs_J_k16_plain\mutation_seed0\g013_i000,runs_J_k16_plain\mutation_seed0\g013_i000\tripinfo.xml
13,1,7,484.50466666666665,-876343449#2;-880137009#1;111677669#3;311298665;4935286#1;4970256#6;876057376,runs_J_k16_plain\mutation_seed0\g013_i001,runs_J_k16_plain\mutation_seed0\g013_i001\tripinfo.xml
13,2,16,488.1206666666667,-111677668#0;-111681903#3;-120682114#1;-5197062#4;-535519490#1;-835445203;-876343449#1;-880137009#1;111677669#3;111681903#1;111681903#2;26216781#2;311298685;535519490#0;835443464;876057378#2,runs_J_k16_plain\mutation_seed0\g013_i002,runs_J_k16_plain\mutation_seed0\g013_i002\tripinfo.xml
13,3,16,2458.114,-111681903#3;-25970859#1;-311298658;-535519490#1;-7365262;-835445203;111681905#1;24337240#1;25970859#0;26216781#1;37628709#1;4935286#2;502325084#3;5197062#3;876057378#1;880137010,runs_J_k16_plain\mutation_seed0\g013_i003,runs_J_k16_plain\mutation_seed0\g013_i003\tripinfo.xml
13,4,16,1000000000000.0,-24337240#3;-28298231;-311298662#1;-535519490#1;-782714971#1;-880140407;111681903#3;37628709#0;4935286#3;4970256#6;4970256#8;498033359#1;502325084#0;782714966#1;876057378#2;880137010,runs_J_k16_plain\mutation_seed0\g013_i004,runs_J_k16_plain\mutation_seed0\g013_i004\tripinfo.xml
13,5,16,1000000000000.0,-111681903#2;-24337240#4;-535519490#0;-535519490#1;-7365262;111681903#1;111681905#2;26216781#0;311298662#1;4935286#3;4970256#5;4970256#8;502325084#0;782714971#4;835443464;835445203,runs_J_k16_plain\mutation_seed0\g013_i005,runs_J_k16_plain\mutation_seed0\g013_i005\tripinfo.xml
13,6,16,640.272,-111677668#0;-111677671#0;-535519490#1;-835443464;111677668#3;111677669#4;111681903#0;111681903#2;111681905#2;311298665;37628709#0;4935286#3;4970256#6;5197062#4;783907721#1;876057378#3,runs_J_k16_plain\mutation_seed0\g013_i006,runs_J_k16_plain\mutation_seed0\g013_i006\tripinfo.xml
13,7,16,1000000000000.0,-111681903#2;-25970859#1;-311298665;-498033359#1;-502325084#0;-502325084#1;-5197062#3;-782714971#1;-782714971#2;-876343449#1;111681905#2;120682114#1;5197062#3;535519490#1;876057378#2;876057378#3,runs_J_k16_plain\mutation_seed0\g013_i007,runs_J_k16_plain\mutation_seed0\g013_i007\tripinfo.xml
13,8,16,1000000000000.0,-25970859#1;-311298665;-498033359#3;-5197062#3;-5197062#4;-535519490#1;111677668#4;111677669#2;111681903#2;24337240#2;25970859#0;26216779#0;28468730#0;4935286#2;782714966#0;782714971#4,runs_J_k16_plain\mutation_seed0\g013_i008,runs_J_k16_plain\mutation_seed0\g013_i008\tripinfo.xml
13,9,16,1000000000000.0,-111681903#2;-24337240#7;-311298665;-502325084#0;-783907721#2;-876343449#2;111677669#2;111677669#3;24337240#7;4935286#3;58621262#1;782714971#0;782714971#4;783907721#2;876057376;876057378#1,runs_J_k16_plain\mutation_seed0\g013_i009,runs_J_k16_plain\mutation_seed0\g013_i009\tripinfo.xml
13,10,16,1000000000000.0,-111677668#0;-111677668#4;-111681903#1;-311298665;-502325084#0;-535519490#0;-782714966#0;-782714966#1;-880137009#0;120682114#1;120682114#3;24337240#7;311298662#1;62826731;876057378#1;876057378#2,runs_J_k16_plain\mutation_seed0\g013_i010,runs_J_k16_plain\mutation_seed0\g013_i010\tripinfo.xml
13,11,16,1000000000000.0,-24337240#3;-24337240#4;-5197062#3;-535519490#1;-880137009#1;111677669#0;111677669#5;111681903#2;120682114#1;120682114#2;24337240#2;24337240#5;4935286#2;498033359#0;62826731;783907721#1,runs_J_k16_plain\mutation_seed0\g013_i011,runs_J_k16_plain\mutation_seed0\g013_i011\tripinfo.xml
13,12,16,1340.634,-111677668#4;-120682114#2;-311298658;-5197062#3;-535519490#1;-880137009#0;111677669#2;24337240#0;25970859#1;26216779#1;311298685;4935286#2;4935286#3;782714971#2;876057378#0;876057378#1,runs_J_k16_plain\mutation_seed0\g013_i012,runs_J_k16_plain\mutation_seed0\g013_i012\tripinfo.xml
13,13,6,701.3006666666666,-783907721#2;111677669#2;111677671#0;111681903#1;28468732#0;4970256#7,runs_J_k16_plain\mutation_seed0\g013_i013,runs_J_k16_plain\mutation_seed0\g013_i013\tripinfo.xml
13,14,16,426.664,-120682114#1;-24337240#7;-311298658;-535519490#0;-782714971#2;-876343449#2;-880137009#1;111677669#3;24337240#7;311298662#1;4935286#2;498033359#1;498033359#2;7924772;835443464;876057378#5,runs_J_k16_plain\mutation_seed0\g013_i014,runs_J_k16_plain\mutation_seed0\g013_i014\tripinfo.xml
13,15,16,899.4646666666666,-24337240#3;-28468730#0;-311298658;-311298665;-498033359#0;-782714971#2;111677668#0;111677669#4;28468732#1;311298665;4935286#1;4935286#2;4935286#3;58621262#1;783907721#0;876057378#0,runs_J_k16_plain\mutation_seed0\g013_i015,runs_J_k16_plain\mutation_seed0\g013_i015\tripinfo.xml
13,16,16,644.456,-25970859#1;-311298662#1;-5197062#4;-7365262;-782714971#1;-783907721#0;-880137009#1;111677668#3;120682114#2;24337240#1;311298682#0;37628709#1;4970256#8;782714971#0;876343449#0;880137010,runs_J_k16_plain\mutation_seed0\g013_i016,runs_J_k16_plain\mutation_seed0\g013_i016\tripinfo.xml
13,17,4,644.456,111677669#2;111681903#3;58621262#0;880140407,runs_J_k16_plain\mutation_seed0\g013_i017,runs_J_k16_plain\mutation_seed0\g013_i017\tripinfo.xml
13,18,16,668.166,-111677668#4;-311298658;-311298665;-498033359#1;-498033359#2;-5197062#3;-535519490#1;-782714971#4;111677669#2;111677669#4;111677669#5;311298658;311298682#0;37628709#0;4935286#2;782714971#4,runs_J_k16_plain\mutation_seed0\g013_i018,runs_J_k16_plain\mutation_seed0\g013_i018\tripinfo.xml
13,19,16,1000000000000.0,-111677668#0;-111681903#2;-311298662#0;-311298665;-498033359#0;-880140407;111677669#2;111677669#3;111681903#1;26216781#3;4935286#2;4970256#5;535519490#1;747448014;835443464;880137009#1,runs_J_k16_plain\mutation_seed0\g013_i019,runs_J_k16_plain\mutation_seed0\g013_i019\tripinfo.xml
13,20,16,1000000000000.0,-24337240#7;-311298665;-502325084#1;-5197062#3;-783907721#0;-783907721#1;-880137009#1;131942152;311298685;4935286#2;4935286#3;4970256#5;4970256#7;502325084#1;7924772;876057378#0,runs_J_k16_plain\mutation_seed0\g013_i020,runs_J_k16_plain\mutation_seed0\g013_i020\tripinfo.xml
13,21,16,467.9653333333333,-111677668#4;-311298658;-502325084#3;-5197062#3;111677669#1;111681903#2;111681905#2;26216781#0;28468730#1;4935286#3;4935299#1;5197062#3;782714971#4;876057378#3;876057378#4;880140407,runs_J_k16_plain\mutation_seed0\g013_i021,runs_J_k16_plain\mutation_seed0\g013_i021\tripinfo.xml
13,22,9,415.3686666666667,-4950193;-502325084#0;111677669#2;111677669#3;24337240#0;4935286#2;4935286#3;535519490#1;782714971#3,runs_J_k16_plain\mutation_seed0\g013_i022,runs_J_k16_plain\mutation_seed0\g013_i022\tripinfo.xml
13,23,6,1000000000000.0,-311298665;-502325084#3;111681905#2;28468730#1;4935286#1;535519490#1,runs_J_k16_plain\mutation_seed0\g013_i023,runs_J_k16_plain\mutation_seed0\g013_i023\tripinfo.xml
14,0,11,350.96,-111677668#0;-111681903#2;-880137009#1;111677669#2;111677669#3;111681903#1;4935286#2;4935286#3;4970256#5;835443464;876057378#1,runs_J_k16_plain\mutation_seed0\g014_i000,runs_J_k16_plain\mutation_seed0\g014_i000\tripinfo.xml
14,1,16,2906.44,-311298682#0;-5197062#4;-535519490#1;-782714966#0;-782714966#1;-782714971#1;-835445203;111681903#2;111681905#2;120682114#1;311298685;4935286#0;4935286#3;535519490#1;835443464;835445203,runs_J_k16_plain\mutation_seed0\g014_i001,runs_J_k16_plain\mutation_seed0\g014_i001\tripinfo.xml
14,2,16,1000000000000.0,-111677668#0;-111677668#4;-311298665;-502325084#3;-782714971#4;111677669#3;111681903#1;111681905#1;311298662#1;535519490#0;782714966#0;782714971#0;783907721#0;876057378#2;876057378#4;880140407,runs_J_k16_plain\mutation_seed0\g014_i002,runs_J_k16_plain\mutation_seed0\g014_i002\tripinfo.xml
14,3,16,1000000000000.0,-111681903#0;-311298665;-535519490#1;-783907721#2;-880137009#1;111677669#2;111681903#2;24337240#3;24337240#5;24337240#7;311298662#1;311298665;4935286#1;747448014;782714966#0;835443464,runs_J_k16_plain\mutation_seed0\g014_i003,runs_J_k16_plain\mutation_seed0\g014_i003\tripinfo.xml
14,4,16,1000000000000.0,-24337240#4;-311298665;-782714966#1;-782714971#1;-782714971#2;-876343449#2;111681903#1;120682114#2;24337240#0;24337240#1;4970256#6;498033359#1;5197062#3;782714966#1;876057378#1;880137009#0,runs_J_k16_plain\mutation_seed0\g014_i004,runs_J_k16_plain\mutation_seed0\g014_i004\tripinfo.xml
14,5,16,688.0593333333334,-120682114#1;-120682114#2;-120682114#3;-502325084#0;-7365262;-880137009#1;111677669#3;111681905#2;24337240#7;26216781#0;311298662#0;4935286#2;4970256#7;782714971#3;783907721#0;876057376,runs_J_k16_plain\mutation_seed0\g014_i005,runs_J_k16_plain\mutation_seed0\g014_i005\tripinfo.xml
14,6,16,1000000000000.0,-120682114#2;-311298665;-4950193;-782714971#2;-782714971#3;111677669#2;111677669#3;24337240#0;24337240#4;26216781#2;311298665;311298685;502325084#0;502325084#1;876057378#0;876343449#0,runs_J_k16_plain\mutation_seed0\g014_i006,runs_J_k16_plain\mutation_seed0\g014_i006\tripinfo.xml
14,7,16,475.46,-111677668#4;-311298685;-4950193;-498033359#1;-498033359#3;-502325084#0;-502325084#3;-535519490#1;111677669#0;25970859#0;26216781#2;26216781#3;4935286#2;4935286#3;502325084#3;535519490#1,runs_J_k16_plain\mutation_seed0\g014_i007,runs_J_k16_plain\mutation_seed0\g014_i007\tripinfo.xml
14,8,16,1000000000000.0,-24337240#4;-311298665;-782714966#1;111677669#0;111677669#2;111677669#4;120682114#2;28468732#0;37628709#0;4935286#2;782714971#0;782714971#3;782714971#4;835443464;880137010;880140407,runs_J_k16_plain\mutation_seed0\g014_i008,runs_J_k16_plain\mutation_seed0\g014_i008\tripinfo.xml
14,9,16,1000000000000.0,-24337240#7;-311298665;-498033359#1;-498033359#2;-502325084#3;-880140407;111677669#4;111681903#2;26216779#0;28468732#1;311298665;311298682#0;37628709#0;4935286#2;4970256#7;782714971#4,runs_J_k16_plain\mutation_seed0\g014_i009,runs_J_k16_plain\mutation_seed0\g014_i009\tripinfo.xml
14,10,15,666.7146666666666,-120682114#1;-24337240#6;-24337240#7;-535519490#0;-535519490#1;-782714971#3;24337240#3;24337240#7;28468730#1;311298682#0;311298685;4935286#3;498033359#2;783907721#2;835443464,runs_J_k16_plain\mutation_seed0\g014_i010,runs_J_k16_plain\mutation_seed0\g014_i010\tripinfo.xml
14,11,16,4030.4546666666665,-111677668#0;-111681903#1;-120682114#1;-311298658;-4950193;-498033359#0;-5197062#3;-876343449#0;-876343449#1;-880137009#1;111681903#1;311298665;535519490#0;835443464;876057378#5;880137010,runs_J_k16_plain\mutation_seed0\g014_i011,runs_J_k16_plain\mutation_seed0\g014_i011\tripinfo.xml
14,12,16,1000000000000.0,-111681903#3;-120682114#1;-24337240#1;-311298665;-535519490#1;-782714971#3;-835445203;-876343449#2;111677671#0;28468730#1;311298662#1;498033359#2;535519490#0;782714971#4;835443464;880137010,runs_J_k16_plain\mutation_seed0\g014_i012,runs_J_k16_plain\mutation_seed0\g014_i012\tripinfo.xml
14,13,16,692.726,-111677668#0;-24337240#7;-782714971#1;-783907721#1;-783907721#2;-876343449#1;-880137009#1;111677669#2;111677669#3;111681903#1;311298665;311298682#0;4935286#3;5197062#3;876057378#3;880140407,runs_J_k16_plain\mutation_seed0\g014_i013,runs_J_k16_plain\mutation_seed0\g014_i013\tripinfo.xml
14,14,16,1000000000000.0,-25970859#1;-311298665;-5197062#3;-5197062#4;111677668#3;111677669#0;111681903#2;24337240#1;26216781#0;4935286#2;4970256#5;498033359#2;782714971#0;835443464;876057378#4;880140407,runs_J_k16_plain\mutation_seed0\g014_i014,runs_J_k16_plain\mutation_seed0\g014_i014\tripinfo.xml
14,15,16,1000000000000.0,-28298231;-311298658;-311298665;-502325084#3;-535519490#0;-535519490#1;-782714966#0;111681903#2;28468730#1;311298665;4935286#1;4935286#2;782710712;782714971#4;876057378#3;876057378#4,runs_J_k16_plain\mutation_seed0\g014_i015,runs_J_k16_plain\mutation_seed0\g014_i015\tripinfo.xml
14,16,4,762.2586666666666,-111677668#4;24337240#0;311298665;4935286#3,runs_J_k16_plain\mutation_seed0\g014_i016,runs_J_k16_plain\mutation_seed0\g014_i016\tripinfo.xml
14,17,16,739.9946666666667,-24337240#6;-311298665;-498033359#1;-535519490#0;-7365262;-782714971#2;-835445203;-880137009#1;24337240#4;24337240#5;25970859#0;26216781#3;311298658;4935286#1;4935286#2;876057378#3,runs_J_k16_plain\mutation_seed0\g014_i017,runs_J_k16_plain\mutation_seed0\g014_i017\tripinfo.xml
14,18,16,1000000000000.0,-111677668#4;-120682114#1;-24337240#7;-498033359#3;-876343449#2;-880140407;111681905#1;24337240#7;26216779#0;311298685;4970256#6;498033359#1;502325084#0;58621262#1;7924772;835443464,runs_J_k16_plain\mutation_seed0\g014_i018,runs_J_k16_plain\mutation_seed0\g014_i018\tripinfo.xml
14,19,16,1000000000000.0,-111677668#0;-111681903#0;-111681903#2;-311298665;-535519490#1;-880137009#1;111677668#3;111677669#2;111677669#3;24337240#1;26216779#1;28468730#1;4935286#2;4970256#5;782714966#1;782714971#3,runs_J_k16_plain\mutation_seed0\g014_i019,runs_J_k16_plain\mutation_seed0\g014_i019\tripinfo.xml
14,20,16,1000000000000.0,-311298662#1;-502325084#0;-5197062#4;-783907721#2;111681903#0;111681903#1;131942152;24337240#7;37628709#1;4935286#2;4935286#3;835443464;835445203;876057378#3;876343449#1;880137010,runs_J_k16_plain\mutation_seed0\g014_i020,runs_J_k16_plain\mutation_seed0\g014_i020\tripinfo.xml
14,21,16,885.1313333333334,-111677668#3;-24337240#3;-311298658;-535519490#1;-876343449#2;111677669#2;111677669#3;111677669#5;111681903#1;311298662#0;311298662#1;311298665;4935286#2;4970256#6;498033359#2;835443464,runs_J_k16_plain\mutation_seed0\g014_i021,runs_J_k16_plain\mutation_seed0\g014_i021\tripinfo.xml
14,22,16,1000000000000.0,-311298665;-498033359#2;-502325084#1;-535519490#0;111677669#2;111677669#3;111681903#1;120682114#2;24337240#7;4935286#2;4935286#3;498033359#0;498033359#2;835445203;876057376;876057378#5,runs_J_k16_plain\mutation_seed0\g014_i022,runs_J_k16_plain\mutation_seed0\g014_i022\tripinfo.xml
14,23,16,1000000000000.0,-24337240#2;-311298665;-4950193;-535519490#1;111677669#3;111681905#1;131942152;24337240#0;4935286#1;4935286#2;4935286#3;4970256#5;502325084#0;782714971#0;783907721#0;835445203,runs_J_k16_plain\mutation_seed0\g014_i023,runs_J_k16_plain\mutation_seed0\g014_i023\tripinfo.xml
15,0,11,350.96,-111677668#0;-111681903#2;-880137009#1;111677669#2;111677669#3;111681903#1;4935286#2;4935286#3;4970256#5;835443464;876057378#1,runs_J_k16_plain\mutation_seed0\g015_i000,runs_J_k16_plain\mutation_seed0\g015_i000\tripinfo.xml
15,1,6,644.456,-74277990;111677669#2;26216781#1;26216781#2;876057376;876057378#0,runs_J_k16_plain\mutation_seed0\g015_i001,runs_J_k16_plain\mutation_seed0\g015_i001\tripinfo.xml
15,2,16,406.42066666666665,-111677668#0;-120682114#3;-24337240#7;-74277990;-783907721#1;26216781#2;4935286#2;4935286#3;5197062#3;535519490#1;58621262#0;62826731;782714966#0;876057378#1;876057378#5;876343449#2,runs_J_k16_plain\mutation_seed0\g015_i002,runs_J_k16_plain\mutation_seed0\g015_i002\tripinfo.xml
15,3,16,1000000000000.0,-111681903#3;-120682114#1;-24337240#6;-311298665;-782714966#0;-835443464;24337240#3;26216779#0;28468730#1;311298662#1;4935286#2;4935286#3;498033359#2;62826731;876057378#2;876057378#5,runs_J_k16_plain\mutation_seed0\g015_i003,runs_J_k16_plain\mutation_seed0\g015_i003\tripinfo.xml
15,4,16,644.456,-535519490#1;-782714971#3;111677668#3;111677669#2;111677669#3;111677669#5;111681903#1;111681903#2;111681905#1;205590836#2;24337240#7;311298662#1;311298665;4970256#6;876057378#3;880137009#1,runs_J_k16_plain\mutation_seed0\g015_i004,runs_J_k16_plain\mutation_seed0\g015_i004\tripinfo.xml
15,5,16,4079.4493333333335,-111677668#4;-111677671#0;-24337240#7;-311298658;-311298665;-782714971#1;-783907721#2;111677669#0;111681903#1;24337240#0;26216781#3;311298682#0;498033359#0;782714971#0;835445203;880140407,runs_J_k16_plain\mutation_seed0\g015_i005,runs_J_k16_plain\mutation_seed0\g015_i005\tripinfo.xml
15,6,13,4419.961333333334,-111677668#0;-4950193;-502325084#3;-535519490#1;-876343449#1;120682114#2;25970859#0;502325084#3;5197062#3;535519490#1;7924772;876057378#1;880137009#1,runs_J_k16_plain\mutation_seed0\g015_i006,runs_J_k16_plain\mutation_seed0\g015_i006\tripinfo.xml
15,7,16,650.5393333333334,-24337240#7;-25970859#0;-498033359#0;-535519490#0;-535519490#1;-782714971#4;111681903#1;24337240#0;24337240#7;311298682#0;311298685;4935286#3;498033359#2;782714971#0;783907721#2;880140407,runs_J_k16_plain\mutation_seed0\g015_i007,runs_J_k16_plain\mutation_seed0\g015_i007\tripinfo.xml
15,8,9,415.9773333333333,-111677668#0;-24337240#6;-24337240#7;-25970859#1;24337240#3;4935286#2;4970256#5;835443464;876057378#1,runs_J_k16_plain\mutation_seed0\g015_i008,runs_J_k16_plain\mutation_seed0\g015_i008\tripinfo.xml
15,9,16,634.7133333333334,-24337240#7;-4950193;-502325084#1;-535519490#1;-782714971#3;-782714971#4;-876343449#2;-880140407;111677669#1;111677669#4;24337240#7;311298685;4935286#2;58621262#0;782714971#4;876057378#2,runs_J_k16_plain\mutation_seed0\g015_i009,runs_J_k16_plain\mutation_seed0\g015_i009\tripinfo.xml
15,10,16,695.7413333333334,-120682114#1;-24337240#0;-311298682#0;-498033359#1;-502325084#3;-782714971#1;-782714971#2;-876343449#0;111677668#3;24337240#3;26216779#0;311298682#0;311298685;4935286#2;502325084#1;783907721#2,runs_J_k16_plain\mutation_seed0\g015_i010,runs_J_k16_plain\mutation_seed0\g015_i010\tripinfo.xml
15,11,16,1000000000000.0,-120682114#1;-311298665;-4950193;-498033359#0;-876343449#0;111677669#3;24337240#0;26216781#0;311298682#0;4935286#0;4935286#2;502325084#1;535519490#0;782714971#4;783907721#0;835445203,runs_J_k16_plain\mutation_seed0\g015_i011,runs_J_k16_plain\mutation_seed0\g015_i011\tripinfo.xml
15,12,16,1000000000000.0,-24337240#6;-24337240#7;-311298665;-498033359#3;-535519490#0;-876343449#0;111677668#4;24337240#0;24337240#1;28468730#1;4935286#3;4970256#5;4970256#6;502325084#0;5197062#4;782714971#0,runs_J_k16_plain\mutation_seed0\g015_i012,runs_J_k16_plain\mutation_seed0\g015_i012\tripinfo.xml
15,13,16,747.0386666666667,-24337240#1;-24337240#4;-24337240#6;-311298658;-502325084#3;-535519490#1;-782714971#1;-782714971#4;111677671#0;24337240#0;24337240#1;4935286#2;4935286#3;498033359#3;502325084#1;58621262#1,runs_J_k16_plain\mutation_seed0\g015_i013,runs_J_k16_plain\mutation_seed0\g015_i013\tripinfo.xml
15,14,16,1000000000000.0,-24337240#7;-311298665;-498033359#0;-535519490#1;-876343449#1;111677669#0;111677669#5;111681903#1;24337240#7;28468730#1;311298665;4935286#2;535519490#1;782714971#4;876057378#4;876343449#1,runs_J_k16_plain\mutation_seed0\g015_i014,runs_J_k16_plain\mutation_seed0\g015_i014\tripinfo.xml
15,15,16,637.286,-111677671#0;-25970859#0;-498033359#1;-498033359#3;-535519490#1;-74277990;-782714966#0;-782714971#2;-880137009#1;111681903#1;120682114#3;25970859#0;311298665;498033359#1;502325084#3;5197062#4,runs_J_k16_plain\mutation_seed0\g015_i015,runs_J_k16_plain\mutation_seed0\g015_i015\tripinfo.xml
15,16,16,1000000000000.0,-311298658;-311298665;-498033359#1;-502325084#0;-502325084#3;-535519490#0;-535519490#1;-782714971#3;-783907721#0;-835445203;-880137009#0;24337240#0;24337240#5;26216781#3;4935299#1;58621262#1,runs_J_k16_plain\mutation_seed0\g015_i016,runs_J_k16_plain\mutation_seed0\g015_i016\tripinfo.xml
15,17,16,571.9073333333333,-111681903#2;-120682114#3;-311298658;-502325084#3;-5197062#3;-7365262;-783907721#2;111677671#0;111681903#3;25970859#0;4935286#3;535519490#0;535519490#1;782714966#1;783907721#0;876057376,runs_J_k16_plain\mutation_seed0\g015_i017,runs_J_k16_plain\mutation_seed0\g015_i017\tripinfo.xml
15,18,16,1000000000000.0,-111677668#4;-25970859#0;-25970859#1;-311298665;-4950193;-535519490#1;-876343449#0;-880140407;111677669#1;111681905#2;120682114#3;26216781#0;4935286#2;502325084#3;783907721#2;876057378#4,runs_J_k16_plain\mutation_seed0\g015_i018,runs_J_k16_plain\mutation_seed0\g015_i018\tripinfo.xml
15,19,16,1000000000000.0,-111677668#3;-111681903#3;-120682114#1;-120682114#2;-311298665;-782714971#1;-782714971#3;-876343449#2;111681905#2;24337240#1;24337240#7;4935286#2;4935286#3;502325084#3;5197062#3;783907721#2,runs_J_k16_plain\mutation_seed0\g015_i019,runs_J_k16_plain\mutation_seed0\g015_i019\tripinfo.xml
15,20,16,1000000000000.0,-111677668#3;-120682114#2;-311298658;-311298665;-782714966#0;-782714966#1;-876343449#0;120682114#1;24337240#5;28468730#1;4935286#0;535519490#1;782714971#3;782714971#4;835443464;835445203,runs_J_k16_plain\mutation_seed0\g015_i020,runs_J_k16_plain\mutation_seed0\g015_i020\tripinfo.xml
15,21,12,469.934,-24337240#6;-4950193;-535519490#1;-835443464;111677669#4;26216781#2;311298662#0;311298662#1;311298682#0;4935286#3;4970256#6;880137010,runs_J_k16_plain\mutation_seed0\g015_i021,runs_J_k16_plain\mutation_seed0\g015_i021\tripinfo.xml
15,22,16,1873.3093333333334,-111681903#1;-120682114#1;-311298658;-311298662#0;-535519490#0;-535519490#1;-880137009#1;111677669#2;111677669#3;28468730#0;28468730#1;498033359#2;783907721#2;835443464;876343449#0;880137009#0,runs_J_k16_plain\mutation_seed0\g015_i022,runs_J_k16_plain\mutation_seed0\g015_i022\tripinfo.xml
15,23,16,1000000000000.0,-120682114#3;-24337240#1;-24337240#6;-311298665;-502325084#1;-782714971#1;-782714971#3;111677669#1;111681903#0;24337240#7;25970859#1;502325084#3;535519490#0;782714971#4;783907721#2;880137010,runs_J_k16_plain\mutation_seed0\g015_i023,runs_J_k16_plain\mutation_seed0\g015_i023\tripinfo.xml
