gen,idx,k,score,closed_edges,run_dir,tripinfo
1,0,11,530.874,-111681903#0;-120682114#3;-535519490#1;-782714971#4;-783907721#2;111681905#2;25970859#0;28468732#1;502325084#3;876057378#1;876343449#2,runs_J_k16_plain\none_seed9\g001_i000,runs_J_k16_plain\none_seed9\g001_i000\tripinfo.xml
1,1,8,926.358,-111681903#1;-498033359#2;-782714971#0;-782714971#4;120682114#1;58621262#0;783907721#0;783907721#2,runs_J_k16_plain\none_seed9\g001_i001,runs_J_k16_plain\none_seed9\g001_i001\tripinfo.xml
1,2,9,625.332,-28298231;111677669#4;111681903#2;28468732#1;37628709#0;498033359#2;502325084#1;502325084#3;7924772,runs_J_k16_plain\none_seed9\g001_i002,runs_J_k16_plain\none_seed9\g001_i002\tripinfo.xml
1,3,7,600.7633333333333,-111681903#3;-24337240#3;-24337240#6;-880137009#1;111677669#3;26216781#1;58621262#1,runs_J_k16_plain\none_seed9\g001_i003,runs_J_k16_plain\none_seed9\g001_i003\tripinfo.xml
1,4,10,418.5953333333333,-311298662#1;-502325084#1;-5197062#4;-535519490#1;-876343449#2;111677669#4;498033359#2;498033359#3;782714971#0;876057378#2,runs_J_k16_plain\none_seed9\g001_i004,runs_J_k16_plain\none_seed9\g001_i004\tripinfo.xml
1,5,12,1974.4726666666666,-111677671#0;-782714971#4;111677669#5;111681903#2;120682114#2;28468732#0;4935286#3;4970256#8;502325084#1;502325084#3;62826731;876057376,runs_J_k16_plain\none_seed9\g001_i005,runs_J_k16_plain\none_seed9\g001_i005\tripinfo.xml
1,6,8,789.1113333333333,-120682114#1;-28298231;-880140407;111677669#5;111681905#2;24337240#3;4970256#8;880137010,runs_J_k16_plain\none_seed9\g001_i006,runs_J_k16_plain\none_seed9\g001_i006\tripinfo.xml
1,7,8,969.9393333333334,-120682114#1;-24337240#3;-311298685;-880137009#1;26216781#0;26216781#2;28468732#1;311298658,runs_J_k16_plain\none_seed9\g001_i007,runs_J_k16_plain\none_seed9\g001_i007\tripinfo.xml
1,8,8,749.8073333333333,-498033359#3;111677668#0;111677668#3;26216781#2;311298685;498033359#2;783907721#1;880137010,runs_J_k16_plain\none_seed9\g001_i008,runs_J_k16_plain\none_seed9\g001_i008\tripinfo.xml
1,9,5,484.50466666666665,-120682114#1;-5197062#4;26216781#2;311298665;747448014,runs_J_k16_plain\none_seed9\g001_i009,runs_J_k16_plain\none_seed9\g001_i009\tripinfo.xml
1,10,8,817.9966666666667,-111677671#0;-498033359#1;-876343449#0;111677668#0;111681903#0;111681903#3;24337240#0;498033359#1,runs_J_k16_plain\none_seed9\g001_i010,runs_J_k16_plain\none_seed9\g001_i010\tripinfo.xml
1,11,9,1000000000000.0,-7365262;-835445203;111677668#3;111677669#4;111681903#3;58621262#1;782714971#3;876057378#3;876343449#2,runs_J_k16_plain\none_seed9\g001_i011,runs_J_k16_plain\none_seed9\g001_i011\tripinfo.xml
1,12,9,649.2806666666667,-311298665;-783907721#1;-876343449#2;25970859#0;26216781#2;26216781#3;311298658;37628709#1;4935286#1,runs_J_k16_plain\none_seed9\g001_i012,runs_J_k16_plain\none_seed9\g001_i012\tripinfo.xml
1,13,8,624.8393333333333,-25970859#0;-7365262;-782714971#1;-880137009#1;111681903#3;24337240#2;782714971#3;783907721#0,runs_J_k16_plain\none_seed9\g001_i013,runs_J_k16_plain\none_seed9\g001_i013\tripinfo.xml
1,14,12,625.5506666666666,-4950193;111681903#0;24337240#7;26216779#0;26216781#3;4935286#0;4970256#6;502325084#3;747448014;783907721#0;876057378#5;876343449#1,runs_J_k16_plain\none_seed9\g001_i014,runs_J_k16_plain\none_seed9\g001_i014\tripinfo.xml
1,15,14,602.598,-120682114#3;-535519490#1;-782714971#0;-782714971#1;111677669#0;111681905#1;24337240#0;24337240#2;24337240#3;26216781#2;4935286#0;4970256#8;782714971#0;835443464,runs_J_k16_plain\none_seed9\g001_i015,runs_J_k16_plain\none_seed9\g001_i015\tripinfo.xml
1,16,9,1508.508,-111677668#0;-111681903#3;-498033359#2;111677669#2;28468732#0;4970256#6;782714971#2;7924772;835445203,runs_J_k16_plain\none_seed9\g001_i016,runs_J_k16_plain\none_seed9\g001_i016\tripinfo.xml
1,17,7,649.7,-111681903#1;111681903#0;26216779#1;311298662#1;4935286#0;876343449#0;880137009#0,runs_J_k16_plain\none_seed9\g001_i017,runs_J_k16_plain\none_seed9\g001_i017\tripinfo.xml
1,18,8,581.2773333333333,-25970859#0;-25970859#1;-502325084#0;-782714971#2;-880137009#0;111681903#2;120682114#1;26216781#2,runs_J_k16_plain\none_seed9\g001_i018,runs_J_k16_plain\none_seed9\g001_i018\tripinfo.xml
1,19,7,644.456,-24337240#1;-311298662#1;-782714971#1;111677669#4;37628709#1;876343449#0;876343449#1,runs_J_k16_plain\none_seed9\g001_i019,runs_J_k16_plain\none_seed9\g001_i019\tripinfo.xml
1,20,9,488.6213333333333,-111677668#4;-4950193;-782714971#0;111677669#0;311298662#1;311298665;37628709#1;4935286#1;502325084#1,runs_J_k16_plain\none_seed9\g001_i020,runs_J_k16_plain\none_seed9\g001_i020\tripinfo.xml
1,21,12,1381.454,-311298682#0;-782714966#0;-782714971#0;-782714971#3;-782714971#4;-783907721#1;-880137009#1;111677669#4;120682114#2;24337240#0;25970859#1;4970256#7,runs_J_k16_plain\none_seed9\g001_i021,runs_J_k16_plain\none_seed9\g001_i021\tripinfo.xml
1,22,8,1000000000000.0,-25970859#0;-311298665;-311298685;-880140407;111681905#1;5197062#4;782714971#3;876343449#0,runs_J_k16_plain\none_seed9\g001_i022,runs_J_k16_plain\none_seed9\g001_i022\tripinfo.xml
1,23,13,725.3233333333334,-24337240#1;-502325084#0;-876343449#2;120682114#1;24337240#2;25970859#1;4935299#1;498033359#0;535519490#0;58621262#0;876057378#4;876343449#0;880137010,runs_J_k16_plain\none_seed9\g001_i023,runs_J_k16_plain\none_seed9\g001_i023\tripinfo.xml
2,0,10,418.5953333333333,-311298662#1;-502325084#1;-5197062#4;-535519490#1;-876343449#2;111677669#4;498033359#2;498033359#3;782714971#0;876057378#2,runs_J_k16_plain\none_seed9\g002_i000,runs_J_k16_plain\none_seed9\g002_i000\tripinfo.xml
2,1,16,1000000000000.0,-28468730#0;-311298662#1;-311298665;-502325084#1;-782714971#4;-783907721#0;-876343449#0;111677668#4;111681905#2;120682114#2;25970859#0;28468730#0;4935286#3;782714971#0;876057378#1;876057378#2,runs_J_k16_plain\none_seed9\g002_i001,runs_J_k16_plain\none_seed9\g002_i001\tripinfo.xml
2,2,16,699.878,-111681903#0;-205590836#0;-535519490#1;-74277990;-782714971#0;-782714971#1;111677668#4;111677669#4;111681903#1;111681903#3;24337240#4;26216779#0;28468730#1;28468732#1;498033359#2;783907721#1,runs_J_k16_plain\none_seed9\g002_i002,runs_J_k16_plain\none_seed9\g002_i002\tripinfo.xml
2,3,16,855.694,-205590836#0;-24337240#7;-25970859#0;-498033359#0;-782714971#1;-876343449#0;-880137009#1;111681903#1;111681903#3;131942152;24337240#0;26216781#0;311298658;4970256#6;502325084#3;782714971#3,runs_J_k16_plain\none_seed9\g002_i003,runs_J_k16_plain\none_seed9\g002_i003\tripinfo.xml
2,4,3,740.6273333333334,-311298662#1;111677668#4;24337240#5,runs_J_k16_plain\none_seed9\g002_i004,runs_J_k16_plain\none_seed9\g002_i004\tripinfo.xml
2,5,16,723.9833333333333,-111677668#0;-111677668#3;-111677668#4;-120682114#3;-4950193;-498033359#0;-5197062#3;-782714971#3;25970859#0;26216781#3;311298665;37628709#1;4970256#7;502325084#0;782714971#0;7924772,runs_J_k16_plain\none_seed9\g002_i005,runs_J_k16_plain\none_seed9\g002_i005\tripinfo.xml
2,6,7,1000000000000.0,-311298665;-782714971#0;26216779#1;37628709#1;782714971#1;783907721#0;876057378#3,runs_J_k16_plain\none_seed9\g002_i006,runs_J_k16_plain\none_seed9\g002_i006\tripinfo.xml
2,7,16,646.3433333333334,-111681903#1;-4950193;-782714971#0;-782714971#4;111677669#5;25970859#1;26216779#1;28468730#0;28468732#1;311298662#1;311298665;37628709#1;4935286#1;535519490#0;535519490#1;876057378#1,runs_J_k16_plain\none_seed9\g002_i007,runs_J_k16_plain\none_seed9\g002_i007\tripinfo.xml
2,8,16,1000000000000.0,-25970859#0;-25970859#1;-502325084#0;-535519490#1;-876343449#1;-880137009#0;-880140407;111677669#1;120682114#1;24337240#2;24337240#3;26216781#2;28468730#1;4935286#2;876343449#2;880137010,runs_J_k16_plain\none_seed9\g002_i008,runs_J_k16_plain\none_seed9\g002_i008\tripinfo.xml
2,9,16,1051.9366666666667,-120682114#3;-24337240#6;-28298231;-535519490#0;-783907721#1;111677668#4;111677669#0;111681905#1;120682114#3;24337240#0;25970859#1;26216781#1;4935286#1;4970256#8;502325084#1;880137009#1,runs_J_k16_plain\none_seed9\g002_i009,runs_J_k16_plain\none_seed9\g002_i009\tripinfo.xml
2,10,15,1000000000000.0,-120682114#1;-24337240#7;-311298665;-782714971#1;-835445203;-880140407;24337240#2;24337240#5;25970859#1;4935286#0;4935286#2;58621262#1;782714971#0;7924772;876343449#2,runs_J_k16_plain\none_seed9\g002_i010,runs_J_k16_plain\none_seed9\g002_i010\tripinfo.xml
2,11,16,1000000000000.0,-311298662#1;-498033359#1;-5197062#4;-535519490#0;-535519490#1;-783907721#0;-835445203;-876343449#1;-876343449#2;111677669#4;311298682#0;498033359#2;498033359#3;782714971#0;876057378#2;876057378#3,runs_J_k16_plain\none_seed9\g002_i011,runs_J_k16_plain\none_seed9\g002_i011\tripinfo.xml
2,12,16,1000000000000.0,-502325084#1;-5197062#4;-535519490#1;-7365262;-876343449#2;111681903#1;111681903#3;37628709#0;4935299#1;498033359#2;498033359#3;502325084#0;747448014;782714971#0;782714971#4;876343449#0,runs_J_k16_plain\none_seed9\g002_i012,runs_J_k16_plain\none_seed9\g002_i012\tripinfo.xml
2,13,16,1000000000000.0,-111677668#4;-24337240#6;-25970859#0;-498033359#1;-7365262;-782714971#1;-880137009#1;111681903#3;120682114#1;24337240#0;37628709#0;37628709#1;4935286#1;4935286#3;502325084#1;782714971#3,runs_J_k16_plain\none_seed9\g002_i013,runs_J_k16_plain\none_seed9\g002_i013\tripinfo.xml
2,14,9,1206.5573333333334,-24337240#0;-25970859#0;-880137009#1;111677669#5;111677671#0;111681903#2;24337240#7;876057376;880137009#1,runs_J_k16_plain\none_seed9\g002_i014,runs_J_k16_plain\none_seed9\g002_i014\tripinfo.xml
2,15,16,756.9233333333333,-111681903#3;-25970859#0;-25970859#1;-498033359#0;-502325084#0;-782714971#2;-880140407;120682114#1;205590836#2;24337240#4;24337240#5;26216781#0;26216781#2;498033359#0;876057378#3;880137009#0,runs_J_k16_plain\none_seed9\g002_i015,runs_J_k16_plain\none_seed9\g002_i015\tripinfo.xml
2,16,16,749.266,-111677671#0;-120682114#1;-120682114#2;-25970859#0;-498033359#1;-502325084#0;-7365262;-876343449#0;111677669#0;111681903#2;120682114#1;24337240#1;24337240#7;26216781#2;5197062#4;782714966#0,runs_J_k16_plain\none_seed9\g002_i016,runs_J_k16_plain\none_seed9\g002_i016\tripinfo.xml
2,17,16,1000000000000.0,-111677668#4;-24337240#6;-24337240#7;-25970859#0;-311298685;-4950193;-782714966#1;-876343449#1;111677669#0;28468730#0;311298662#1;4935286#1;783907721#2;835443464;876343449#1;880137010,runs_J_k16_plain\none_seed9\g002_i017,runs_J_k16_plain\none_seed9\g002_i017\tripinfo.xml
2,18,16,1000000000000.0,-120682114#3;-311298662#0;-311298665;-311298685;-535519490#1;-782714971#1;111677669#0;111681905#1;24337240#0;26216781#2;4970256#8;782714966#1;782714971#1;835443464;876057378#0;880137009#0,runs_J_k16_plain\none_seed9\g002_i018,runs_J_k16_plain\none_seed9\g002_i018\tripinfo.xml
2,19,16,1095.8,-24337240#3;-24337240#6;-311298662#1;-4950193;-535519490#1;-782714971#4;-783907721#2;-880137009#0;120682114#2;26216779#0;58621262#1;62826731;7924772;835443464;835445203;876343449#2,runs_J_k16_plain\none_seed9\g002_i019,runs_J_k16_plain\none_seed9\g002_i019\tripinfo.xml
2,20,16,768.0053333333333,-111677668#4;-111677671#0;-111681903#0;-120682114#3;-311298658;-498033359#0;-7365262;-782714971#4;-880137009#1;111681905#2;24337240#5;25970859#0;28468732#1;4970256#7;5197062#3;876057378#5,runs_J_k16_plain\none_seed9\g002_i020,runs_J_k16_plain\none_seed9\g002_i020\tripinfo.xml
2,21,16,508.772,-24337240#0;-498033359#1;-502325084#1;-782714971#0;-835443464;-876343449#0;-876343449#2;111677669#1;26216781#2;37628709#0;4935286#3;498033359#2;5197062#3;58621262#1;782714971#3;876057378#2,runs_J_k16_plain\none_seed9\g002_i021,runs_J_k16_plain\none_seed9\g002_i021\tripinfo.xml
2,22,16,910.6626666666667,-111677668#0;-120682114#2;-502325084#0;-5197062#4;-535519490#0;-535519490#1;-783907721#0;111677668#0;111677669#0;111677669#4;111681905#2;311298662#1;37628709#1;498033359#3;502325084#1;782714971#0,runs_J_k16_plain\none_seed9\g002_i022,runs_J_k16_plain\none_seed9\g002_i022\tripinfo.xml
2,23,14,689.2226666666667,-111677668#4;-311298662#1;-4950193;-535519490#0;-880137009#0;-880137009#1;111677669#0;120682114#1;24337240#7;26216781#2;28468730#1;502325084#3;783907721#0;876343449#1,runs_J_k16_plain\none_seed9\g002_i023,runs_J_k16_plain\none_seed9\g002_i023\tripinfo.xml
3,0,10,418.5953333333333,-311298662#1;-502325084#1;-5197062#4;-535519490#1;-876343449#2;111677669#4;498033359#2;498033359#3;782714971#0;876057378#2,runs_J_k16_plain\none_seed9\g003_i000,runs_J_k16_plain\none_seed9\g003_i000\tripinfo.xml
3,1,3,644.456,-111681903#0;-783907721#0;498033359#2,runs_J_k16_plain\none_seed9\g003_i001,runs_J_k16_plain\none_seed9\g003_i001\tripinfo.xml
3,2,16,1000000000000.0,-498033359#3;-502325084#1;-782714966#0;-782714971#0;-835443464;-835445203;-876343449#2;111677668#3;111677671#0;24337240#1;28468730#1;498033359#2;5197062#3;5197062#4;782714971#3;880137009#0,runs_J_k16_plain\none_seed9\g003_i002,runs_J_k16_plain\none_seed9\g003_i002\tripinfo.xml
3,3,16,2854.796,-111677668#3;-111681903#0;-311298658;-311298662#1;-535519490#1;-782714971#3;-880137009#1;111681903#1;24337240#2;24337240#5;311298685;498033359#0;498033359#2;498033359#3;782714971#0;835443464,runs_J_k16_plain\none_seed9\g003_i003,runs_J_k16_plain\none_seed9\g003_i003\tripinfo.xml
3,4,16,784.4786666666666,-205590836#0;-311298662#1;-502325084#3;-5197062#4;-782714971#3;-876343449#2;-880137009#0;111677668#0;111681905#1;24337240#4;311298685;4935286#0;4935299#1;498033359#2;502325084#3;880137009#0,runs_J_k16_plain\none_seed9\g003_i004,runs_J_k16_plain\none_seed9\g003_i004\tripinfo.xml
3,5,16,637.6533333333333,-111677668#4;-120682114#2;-205590836#0;-535519490#1;-782714971#0;-880137009#1;24337240#4;24337240#7;26216779#1;28468732#1;311298662#1;311298665;37628709#1;4935286#1;535519490#1;880140407,runs_J_k16_plain\none_seed9\g003_i005,runs_J_k16_plain\none_seed9\g003_i005\tripinfo.xml
3,6,16,1000000000000.0,-111681903#0;-120682114#2;-4950193;-498033359#0;-782714971#1;-782714971#4;111677669#4;120682114#1;24337240#1;26216779#0;26216781#1;28468730#0;28468732#1;498033359#2;783907721#2;876057378#1,runs_J_k16_plain\none_seed9\g003_i006,runs_J_k16_plain\none_seed9\g003_i006\tripinfo.xml
3,7,16,1587.3553333333334,-111677668#0;-111677668#4;-205590836#0;-24337240#0;-25970859#1;-498033359#0;-880137009#1;120682114#2;24337240#0;26216781#0;26216781#3;37628709#0;4970256#6;4970256#7;502325084#0;876343449#1,runs_J_k16_plain\none_seed9\g003_i007,runs_J_k16_plain\none_seed9\g003_i007\tripinfo.xml
3,8,6,767.9766666666667,-111677668#4;-498033359#0;-782714971#3;111677668#4;311298665;876057378#1,runs_J_k16_plain\none_seed9\g003_i008,runs_J_k16_plain\none_seed9\g003_i008\tripinfo.xml
3,9,10,685.6166666666667,-205590836#0;-24337240#0;-311298662#0;-311298685;-782714971#1;111677668#0;205590836#2;28468730#1;4970256#7;7924772,runs_J_k16_plain\none_seed9\g003_i009,runs_J_k16_plain\none_seed9\g003_i009\tripinfo.xml
3,10,16,899.9766666666667,-111677668#4;-25970859#1;-498033359#0;-782714971#0;-782714971#1;-783907721#1;111677668#0;111681903#1;111681903#3;26216779#0;28468732#1;4935286#1;4970256#8;502325084#3;782714971#2;876057378#4,runs_J_k16_plain\none_seed9\g003_i010,runs_J_k16_plain\none_seed9\g003_i010\tripinfo.xml
3,11,16,861.394,-111681903#2;-205590836#0;-25970859#0;-782714971#1;-876343449#0;111677669#5;111681905#2;24337240#2;26216781#0;4970256#5;498033359#2;502325084#3;5197062#4;782714966#0;783907721#2;876057378#1,runs_J_k16_plain\none_seed9\g003_i011,runs_J_k16_plain\none_seed9\g003_i011\tripinfo.xml
3,12,16,685.186,-111677668#4;-24337240#2;-24337240#7;-311298662#1;-876343449#2;111677669#4;24337240#0;24337240#5;26216779#1;28468730#1;311298658;4970256#8;498033359#2;747448014;782714971#4;880137009#0,runs_J_k16_plain\none_seed9\g003_i012,runs_J_k16_plain\none_seed9\g003_i012\tripinfo.xml
3,13,16,456.4166666666667,-111677668#3;-111677668#4;-111681903#2;-120682114#1;-120682114#3;-24337240#0;-24337240#4;-835445203;-876343449#1;111677669#0;24337240#1;24337240#4;24337240#7;311298665;37628709#1;876057378#5,runs_J_k16_plain\none_seed9\g003_i013,runs_J_k16_plain\none_seed9\g003_i013\tripinfo.xml
3,14,16,791.6146666666667,-111677668#0;-111677668#4;-111677671#0;-120682114#2;-502325084#0;-5197062#3;-7365262;-876343449#0;24337240#5;26216779#0;26216781#3;502325084#0;62826731;782714966#0;782714966#1;782714971#2,runs_J_k16_plain\none_seed9\g003_i014,runs_J_k16_plain\none_seed9\g003_i014\tripinfo.xml
3,15,16,1000000000000.0,-111677671#0;-111681903#0;-498033359#1;-498033359#3;-7365262;-783907721#0;-835443464;111681903#2;120682114#1;26216781#0;26216781#2;62826731;782714971#3;835443464;876057378#0;880137009#0,runs_J_k16_plain\none_seed9\g003_i015,runs_J_k16_plain\none_seed9\g003_i015\tripinfo.xml
3,16,16,685.054,-120682114#2;-311298658;-498033359#1;-782714966#1;-783907721#2;-876343449#0;-876343449#2;24337240#2;24337240#3;26216781#2;37628709#0;58621262#1;782714966#0;782714971#2;835443464;876057378#2,runs_J_k16_plain\none_seed9\g003_i016,runs_J_k16_plain\none_seed9\g003_i016\tripinfo.xml
3,17,16,2097.8506666666667,-111681903#0;-311298662#1;-502325084#0;-782714971#0;-835443464;111677669#5;24337240#5;4935286#2;4935286#3;498033359#2;5197062#3;782714971#3;782714971#4;783907721#0;876057378#2;876057378#3,runs_J_k16_plain\none_seed9\g003_i017,runs_J_k16_plain\none_seed9\g003_i017\tripinfo.xml
3,18,16,1103.092,-25970859#1;-498033359#0;-502325084#1;-535519490#0;-876343449#0;-876343449#2;111677669#2;111681903#2;24337240#5;28468730#0;311298658;37628709#0;58621262#1;782714971#3;876343449#2;880140407,runs_J_k16_plain\none_seed9\g003_i018,runs_J_k16_plain\none_seed9\g003_i018\tripinfo.xml
3,19,16,1657.4753333333333,-120682114#2;-24337240#6;-28468730#0;-311298685;-535519490#0;-876343449#1;-876343449#2;-880137009#1;111677669#0;120682114#1;28468730#0;311298685;783907721#0;7924772;880137009#0;880137010,runs_J_k16_plain\none_seed9\g003_i019,runs_J_k16_plain\none_seed9\g003_i019\tripinfo.xml
3,20,13,624.1746666666667,-24337240#7;-311298662#1;-311298682#0;-311298685;-535519490#0;-7365262;-835443464;-876343449#1;111677669#0;24337240#5;4935286#1;782714971#1;835443464,runs_J_k16_plain\none_seed9\g003_i020,runs_J_k16_plain\none_seed9\g003_i020\tripinfo.xml
3,21,16,455.456,-111681903#1;-498033359#1;-502325084#1;-5197062#3;-74277990;25970859#0;25970859#1;37628709#1;4935286#1;4935286#3;4970256#5;498033359#2;502325084#0;535519490#0;535519490#1;876057378#1,runs_J_k16_plain\none_seed9\g003_i021,runs_J_k16_plain\none_seed9\g003_i021\tripinfo.xml
3,22,13,597.9513333333333,-4950193;111677669#0;111681903#0;25970859#0;26216779#1;26216781#2;28468732#0;311298662#1;311298665;498033359#1;498033359#3;535519490#0;876057378#2,runs_J_k16_plain\none_seed9\g003_i022,runs_J_k16_plain\none_seed9\g003_i022\tripinfo.xml
3,23,16,2748.2066666666665,-498033359#1;-502325084#1;-535519490#0;-782714971#0;-783907721#2;-876343449#2;205590836#2;25970859#0;37628709#0;498033359#2;502325084#0;5197062#3;58621262#1;782714971#3;783907721#0;876057378#2,runs_J_k16_plain\none_seed9\g003_i023,runs_J_k16_plain\none_seed9\g003_i023\tripinfo.xml
4,0,10,418.5953333333333,-311298662#1;-502325084#1;-5197062#4;-535519490#1;-876343449#2;111677669#4;498033359#2;498033359#3;782714971#0;876057378#2,runs_J_k16_plain\none_seed9\g004_i000,runs_J_k16_plain\none_seed9\g004_i000\tripinfo.xml
4,1,11,536.2833333333333,-111677671#0;-502325084#1;-535519490#1;-7365262;-782714966#0;111681903#3;24337240#0;26216779#1;782714971#1;783907721#2;876057378#0,runs_J_k16_plain\none_seed9\g004_i001,runs_J_k16_plain\none_seed9\g004_i001\tripinfo.xml
4,2,12,704.344,-120682114#2;-502325084#0;-876343449#0;-876343449#1;111677668#3;24337240#4;24337240#5;26216779#0;26216781#3;311298665;782714966#0;876057376,runs_J_k16_plain\none_seed9\g004_i002,runs_J_k16_plain\none_seed9\g004_i002\tripinfo.xml
4,3,16,455.456,-28298231;111677668#4;111681903#3;25970859#0;25970859#1;311298662#1;37628709#1;4935286#1;4935286#3;4935299#1;4970256#5;498033359#2;502325084#0;5197062#4;535519490#0;535519490#1,runs_J_k16_plain\none_seed9\g004_i003,runs_J_k16_plain\none_seed9\g004_i003\tripinfo.xml
4,4,16,965.2846666666667,-28298231;-311298682#0;-498033359#1;-498033359#3;-502325084#1;-5197062#3;-74277990;111677671#0;25970859#0;311298658;4970256#5;502325084#0;62826731;747448014;876343449#0;880137009#1,runs_J_k16_plain\none_seed9\g004_i004,runs_J_k16_plain\none_seed9\g004_i004\tripinfo.xml
4,5,16,805.6533333333333,-111681903#1;-120682114#3;-24337240#4;-24337240#6;-498033359#1;-498033359#3;-5197062#3;-783907721#1;111681903#1;24337240#4;24337240#7;4970256#7;498033359#1;498033359#2;782714971#0;876057378#5,runs_J_k16_plain\none_seed9\g004_i005,runs_J_k16_plain\none_seed9\g004_i005\tripinfo.xml
4,6,16,685.7013333333333,-111677668#4;-111681903#3;-24337240#2;-74277990;111681905#2;120682114#1;120682114#2;25970859#1;26216779#0;37628709#1;4935286#1;4970256#5;502325084#0;502325084#3;535519490#1;880137009#1,runs_J_k16_plain\none_seed9\g004_i006,runs_J_k16_plain\none_seed9\g004_i006\tripinfo.xml
4,7,16,581.4686666666666,-311298662#1;-311298685;-498033359#2;-502325084#1;-535519490#0;-7365262;-74277990;-876343449#1;-880137009#0;25970859#1;37628709#1;4935286#3;498033359#1;498033359#2;7924772;876057378#2,runs_J_k16_plain\none_seed9\g004_i007,runs_J_k16_plain\none_seed9\g004_i007\tripinfo.xml
4,8,16,751.7606666666667,-311298658;-311298662#0;-311298682#0;-783907721#0;111677669#0;111677669#2;111681903#2;111681903#3;24337240#5;37628709#0;4935286#1;4935286#2;4970256#5;498033359#0;502325084#0;535519490#1,runs_J_k16_plain\none_seed9\g004_i008,runs_J_k16_plain\none_seed9\g004_i008\tripinfo.xml
4,9,16,1156.49,-111681903#1;-24337240#1;-502325084#0;111677669#0;26216781#2;311298662#1;4935286#1;4935286#3;4970256#5;4970256#6;4970256#8;498033359#3;535519490#0;876057378#1;876343449#2;880137009#1,runs_J_k16_plain\none_seed9\g004_i009,runs_J_k16_plain\none_seed9\g004_i009\tripinfo.xml
4,10,5,579.692,-311298662#0;-74277990;28468732#0;4970256#5;783907721#0,runs_J_k16_plain\none_seed9\g004_i010,runs_J_k16_plain\none_seed9\g004_i010\tripinfo.xml
4,11,16,1000000000000.0,-120682114#1;-835445203;111677669#5;111677671#0;120682114#2;24337240#1;24337240#2;24337240#7;26216779#1;26216781#2;311298665;37628709#0;37628709#1;498033359#3;876343449#1;880140407,runs_J_k16_plain\none_seed9\g004_i011,runs_J_k16_plain\none_seed9\g004_i011\tripinfo.xml
4,12,16,746.8813333333334,-111677668#3;-111681903#2;-120682114#3;-24337240#6;-24337240#7;-4950193;-535519490#0;-782714971#4;-880137009#0;111677669#0;120682114#1;25970859#0;28468732#1;311298662#1;498033359#0;7924772,runs_J_k16_plain\none_seed9\g004_i012,runs_J_k16_plain\none_seed9\g004_i012\tripinfo.xml
4,13,14,609.7373333333334,-111677668#4;-120682114#1;-24337240#7;-311298662#1;-311298685;-4950193;-502325084#1;-535519490#0;-782714966#1;111681903#2;311298658;37628709#0;58621262#1;835443464,runs_J_k16_plain\none_seed9\g004_i013,runs_J_k16_plain\none_seed9\g004_i013\tripinfo.xml
4,14,16,654.8253333333333,-311298682#0;-311298685;-498033359#0;-535519490#0;-782714971#2;-783907721#0;-835443464;-876343449#0;-876343449#2;111677669#0;111677669#2;111677669#3;24337240#5;4935299#1;58621262#0;782714971#1,runs_J_k16_plain\none_seed9\g004_i014,runs_J_k16_plain\none_seed9\g004_i014\tripinfo.xml
4,15,16,683.3926666666666,-111677668#0;-111677668#4;-111677671#0;-24337240#0;-498033359#3;-5197062#3;-7365262;-782714971#3;-876343449#0;111677669#0;25970859#0;4970256#5;62826731;782714971#2;783907721#0;835443464,runs_J_k16_plain\none_seed9\g004_i015,runs_J_k16_plain\none_seed9\g004_i015\tripinfo.xml
4,16,12,971.5953333333333,-24337240#3;-28298231;-502325084#0;-74277990;-876343449#2;26216781#2;28468730#0;311298658;37628709#0;498033359#2;498033359#3;782714966#1,runs_J_k16_plain\none_seed9\g004_i016,runs_J_k16_plain\none_seed9\g004_i016\tripinfo.xml
4,17,5,644.456,-111677668#3;-311298658;-498033359#3;-782714966#0;24337240#4,runs_J_k16_plain\none_seed9\g004_i017,runs_J_k16_plain\none_seed9\g004_i017\tripinfo.xml
4,18,16,643.768,-111677668#4;-111681903#1;-311298662#1;-783907721#1;-783907721#2;-835443464;111677668#3;24337240#1;24337240#7;37628709#1;498033359#3;502325084#3;58621262#1;782714966#0;876057378#5;880137009#0,runs_J_k16_plain\none_seed9\g004_i018,runs_J_k16_plain\none_seed9\g004_i018\tripinfo.xml
4,19,16,653.0326666666666,-111677668#3;-24337240#2;-24337240#3;-311298658;-835443464;111677669#0;111681903#3;120682114#3;26216779#1;4935286#1;498033359#1;498033359#3;502325084#0;535519490#0;747448014;7924772,runs_J_k16_plain\none_seed9\g004_i019,runs_J_k16_plain\none_seed9\g004_i019\tripinfo.xml
4,20,16,1684.5906666666667,-111677668#3;-111677671#0;-111681903#2;-120682114#3;-24337240#1;-24337240#2;-25970859#1;-4950193;-876343449#1;111677669#0;120682114#2;4970256#7;782714966#0;782714966#1;782714971#3;876057378#5,runs_J_k16_plain\none_seed9\g004_i020,runs_J_k16_plain\none_seed9\g004_i020\tripinfo.xml
4,21,16,564.012,-111677668#0;-24337240#0;-24337240#1;-311298685;-782714971#1;-880137009#0;111677669#0;111677669#2;26216779#1;26216781#2;28468732#1;311298662#1;311298665;498033359#1;498033359#3;58621262#0,runs_J_k16_plain\none_seed9\g004_i021,runs_J_k16_plain\none_seed9\g004_i021\tripinfo.xml
4,22,16,583.0833333333334,-120682114#2;-205590836#0;-24337240#7;-4950193;-5197062#3;-5197062#4;111681903#0;24337240#3;24337240#7;28468732#1;311298665;37628709#1;4935286#1;502325084#1;782714966#1;782714971#2,runs_J_k16_plain\none_seed9\g004_i022,runs_J_k16_plain\none_seed9\g004_i022\tripinfo.xml
4,23,16,491.522,-111677668#4;-535519490#1;-782714971#0;-783907721#0;-783907721#1;111677669#0;24337240#0;24337240#4;26216779#1;26216781#1;28468732#0;28468732#1;37628709#1;498033359#2;535519490#1;880137009#0,runs_J_k16_plain\none_seed9\g004_i023,runs_J_k16_plain\none_seed9\g004_i023\tripinfo.xml
5,0,10,418.5953333333333,-311298662#1;-502325084#1;-5197062#4;-535519490#1;-876343449#2;111677669#4;498033359#2;498033359#3;782714971#0;876057378#2,runs_J_k16_plain\none_seed9\g005_i000,runs_J_k16_plain\none_seed9\g005_i000\tripinfo.xml
5,1,16,1774.82,-24337240#0;-311298662#0;-535519490#1;-783907721#1;-783907721#2;111677669#2;111681903#1;120682114#2;120682114#3;131942152;26216779#1;4970256#5;498033359#2;5197062#4;782714966#0;880137009#0,runs_J_k16_plain\none_seed9\g005_i001,runs_J_k16_plain\none_seed9\g005_i001\tripinfo.xml
5,2,16,640.9246666666667,-111677668#4;-111681903#2;-311298665;-502325084#1;-502325084#3;-74277990;-783907721#0;111677669#0;26216781#2;28468732#0;498033359#3;782714971#1;783907721#0;880137009#0;880137010;880140407,runs_J_k16_plain\none_seed9\g005_i002,runs_J_k16_plain\none_seed9\g005_i002\tripinfo.xml
5,3,16,543.862,-24337240#1;-311298662#0;-311298662#1;-498033359#2;-502325084#1;-5197062#3;-74277990;111681903#1;37628709#1;498033359#1;498033359#3;5197062#4;58621262#1;876057378#2;876343449#0;880140407,runs_J_k16_plain\none_seed9\g005_i003,runs_J_k16_plain\none_seed9\g005_i003\tripinfo.xml
5,4,16,601.5606666666666,-111677668#0;-311298685;-502325084#0;-535519490#0;-7365262;-74277990;-876343449#0;-880137009#0;111677669#4;24337240#3;28468730#0;4935286#1;4970256#6;5197062#3;7924772;876343449#0,runs_J_k16_plain\none_seed9\g005_i004,runs_J_k16_plain\none_seed9\g005_i004\tripinfo.xml
5,5,16,604.73,-24337240#7;-28468730#0;-311298658;-502325084#3;-74277990;-783907721#0;111677669#2;26216781#1;28468730#0;28468732#0;311298662#1;37628709#1;4935286#1;535519490#1;747448014;7924772,runs_J_k16_plain\none_seed9\g005_i005,runs_J_k16_plain\none_seed9\g005_i005\tripinfo.xml
5,6,16,603.8146666666667,-28298231;-502325084#3;-783907721#1;24337240#0;24337240#4;25970859#0;25970859#1;26216779#1;37628709#1;4935299#1;4970256#5;4970256#6;5197062#3;782714966#0;782714971#0;876057378#1,runs_J_k16_plain\none_seed9\g005_i006,runs_J_k16_plain\none_seed9\g005_i006\tripinfo.xml
5,7,16,1618.7113333333334,-205590836#0;-498033359#2;-502325084#3;-5197062#3;-783907721#1;111681905#1;111681905#2;120682114#2;37628709#1;498033359#2;498033359#3;747448014;782714966#1;782714971#0;782714971#2;7924772,runs_J_k16_plain\none_seed9\g005_i007,runs_J_k16_plain\none_seed9\g005_i007\tripinfo.xml
5,8,16,873.014,-24337240#1;-24337240#7;-25970859#0;-311298662#1;-4950193;-502325084#1;111681903#0;311298662#1;311298665;4935286#1;4935299#1;535519490#1;782714966#1;782714971#0;835445203;880137009#0,runs_J_k16_plain\none_seed9\g005_i008,runs_J_k16_plain\none_seed9\g005_i008\tripinfo.xml
5,9,16,734.1893333333334,-24337240#0;-782714971#1;-880137009#0;111677668#0;111677668#4;111681903#3;25970859#0;26216779#1;28468732#1;311298665;498033359#1;498033359#2;502325084#0;535519490#0;835443464;876057378#5,runs_J_k16_plain\none_seed9\g005_i009,runs_J_k16_plain\none_seed9\g005_i009\tripinfo.xml
5,10,16,1000000000000.0,-24337240#0;-24337240#6;-28298231;111677669#2;111677669#5;26216781#2;311298662#0;311298662#1;37628709#0;4935299#1;4970256#5;498033359#1;498033359#3;5197062#3;58621262#0;783907721#2,runs_J_k16_plain\none_seed9\g005_i010,runs_J_k16_plain\none_seed9\g005_i010\tripinfo.xml
5,11,16,1000000000000.0,-24337240#0;-535519490#1;-876343449#2;111677669#0;111677669#2;111681903#0;205590836#2;28468730#0;28468732#0;37628709#0;4970256#5;498033359#0;502325084#3;5197062#3;783907721#0;880137009#1,runs_J_k16_plain\none_seed9\g005_i011,runs_J_k16_plain\none_seed9\g005_i011\tripinfo.xml
5,12,16,646.5486666666667,-24337240#3;-24337240#4;-28298231;-311298682#0;-5197062#4;-782714971#3;-876343449#0;-880137009#1;26216779#0;26216781#0;498033359#2;535519490#0;58621262#0;782714971#0;782714971#2;876057378#2,runs_J_k16_plain\none_seed9\g005_i012,runs_J_k16_plain\none_seed9\g005_i012\tripinfo.xml
5,13,16,1000000000000.0,-111677668#0;-120682114#1;-311298685;-502325084#1;-782714966#0;-783907721#2;111681903#3;120682114#3;24337240#4;26216781#0;28468732#0;37628709#0;498033359#0;782714966#1;782714971#1;880137009#0,runs_J_k16_plain\none_seed9\g005_i013,runs_J_k16_plain\none_seed9\g005_i013\tripinfo.xml
5,14,1,644.456,-311298682#0,runs_J_k16_plain\none_seed9\g005_i014,runs_J_k16_plain\none_seed9\g005_i014\tripinfo.xml
5,15,16,609.7846666666667,-25970859#0;-28298231;-311298685;-535519490#0;-783907721#2;111681903#3;205590836#2;24337240#0;24337240#2;25970859#0;25970859#1;28468732#1;498033359#3;535519490#1;782710712;7924772,runs_J_k16_plain\none_seed9\g005_i015,runs_J_k16_plain\none_seed9\g005_i015\tripinfo.xml
5,16,16,737.8213333333333,-111681903#0;-24337240#0;-782714971#0;-876343449#2;111677668#4;111677669#4;24337240#1;26216781#2;311298662#1;311298665;311298682#0;4935286#1;498033359#1;5197062#4;58621262#1;876343449#1,runs_J_k16_plain\none_seed9\g005_i016,runs_J_k16_plain\none_seed9\g005_i016\tripinfo.xml
5,17,16,1073.01,-24337240#7;-498033359#0;-535519490#0;-7365262;120682114#1;25970859#1;26216781#3;28468732#1;311298658;311298662#1;4935286#3;498033359#0;498033359#2;58621262#1;782714966#0;783907721#2,runs_J_k16_plain\none_seed9\g005_i017,runs_J_k16_plain\none_seed9\g005_i017\tripinfo.xml
5,18,16,694.7373333333334,-111677668#3;-24337240#7;-311298685;-498033359#2;-498033359#3;-782714971#4;-880137009#0;111677669#0;111681903#3;111681905#1;120682114#1;25970859#0;28468732#1;4970256#5;498033359#1;5197062#4,runs_J_k16_plain\none_seed9\g005_i018,runs_J_k16_plain\none_seed9\g005_i018\tripinfo.xml
5,19,16,670.93,-120682114#2;-205590836#0;-28468730#0;-311298685;-498033359#0;-5197062#4;-782714971#1;111681903#3;111681905#1;131942152;24337240#3;26216779#1;4935286#1;498033359#0;62826731;782714966#1,runs_J_k16_plain\none_seed9\g005_i019,runs_J_k16_plain\none_seed9\g005_i019\tripinfo.xml
5,20,14,436.22333333333336,-111677671#0;-111681903#0;-4950193;-502325084#1;-782714966#0;111677669#5;111681903#0;28468732#1;311298665;37628709#1;782714971#2;782714971#4;783907721#0;876057378#0,runs_J_k16_plain\none_seed9\g005_i020,runs_J_k16_plain\none_seed9\g005_i020\tripinfo.xml
5,21,16,1000000000000.0,-111681903#2;-24337240#3;-311298658;-311298665;-782714971#0;-783907721#1;111677669#0;111681903#3;120682114#3;24337240#3;25970859#1;4935286#2;4970256#6;502325084#0;876057376;876057378#0,runs_J_k16_plain\none_seed9\g005_i021,runs_J_k16_plain\none_seed9\g005_i021\tripinfo.xml
5,22,15,594.0433333333333,-311298662#1;-311298682#0;-5197062#4;111681903#3;205590836#2;24337240#3;26216779#1;4935286#3;498033359#1;498033359#2;502325084#0;5197062#3;535519490#0;782714971#0;7924772,runs_J_k16_plain\none_seed9\g005_i022,runs_J_k16_plain\none_seed9\g005_i022\tripinfo.xml
5,23,12,2205.134,-111677668#3;-24337240#6;-535519490#1;-782714966#1;-880137009#1;111677668#3;28468732#1;311298662#1;4935286#1;498033359#3;5197062#4;535519490#0,runs_J_k16_plain\none_seed9\g005_i023,runs_J_k16_plain\none_seed9\g005_i023\tripinfo.xml
6,0,10,418.5953333333333,-311298662#1;-502325084#1;-5197062#4;-535519490#1;-876343449#2;111677669#4;498033359#2;498033359#3;782714971#0;876057378#2,runs_J_k16_plain\none_seed9\g006_i000,runs_J_k16_plain\none_seed9\g006_i000\tripinfo.xml
6,1,16,605.448,-111677668#4;-311298662#1;-502325084#1;-5197062#3;-782714971#2;-783907721#0;111681903#1;120682114#3;26216781#0;28468732#0;5197062#4;535519490#0;58621262#1;782714971#3;835445203;880140407,runs_J_k16_plain\none_seed9\g006_i001,runs_J_k16_plain\none_seed9\g006_i001\tripinfo.xml
6,2,16,1717.52,-111681903#3;-24337240#1;-28468730#0;-74277990;-876343449#2;120682114#2;26216779#0;26216781#2;311298685;37628709#1;498033359#3;502325084#1;535519490#0;783907721#0;876057378#2;876343449#0,runs_J_k16_plain\none_seed9\g006_i002,runs_J_k16_plain\none_seed9\g006_i002\tripinfo.xml
6,3,16,1320.332,-25970859#0;-4950193;-502325084#1;-5197062#4;-782714966#0;-782714971#0;-876343449#2;120682114#2;311298662#0;311298685;37628709#0;37628709#1;4970256#7;498033359#2;535519490#0;782714971#0,runs_J_k16_plain\none_seed9\g006_i003,runs_J_k16_plain\none_seed9\g006_i003\tripinfo.xml
6,4,16,1057.9373333333333,-111681903#2;-311298658;-311298662#1;-502325084#1;-5197062#4;-535519490#1;-876343449#0;-880140407;111677669#5;24337240#2;4935286#0;498033359#2;498033359#3;782714966#1;782714971#0;835445203,runs_J_k16_plain\none_seed9\g006_i004,runs_J_k16_plain\none_seed9\g006_i004\tripinfo.xml
6,5,16,835.1173333333334,-24337240#1;-311298662#0;-311298682#0;-502325084#1;111677668#0;111677668#3;111677668#4;111681903#1;120682114#3;28468732#1;311298662#1;311298685;4935299#1;4970256#8;498033359#0;782714971#0,runs_J_k16_plain\none_seed9\g006_i005,runs_J_k16_plain\none_seed9\g006_i005\tripinfo.xml
6,6,16,542.51,-111681903#3;-24337240#6;-24337240#7;-25970859#0;-783907721#2;-876343449#2;111677671#0;111681903#0;111681903#3;25970859#1;311298662#0;311298662#1;311298665;4935286#3;535519490#1;835445203,runs_J_k16_plain\none_seed9\g006_i006,runs_J_k16_plain\none_seed9\g006_i006\tripinfo.xml
6,7,9,598.6233333333333,-24337240#6;-311298682#0;-876343449#2;26216779#1;37628709#1;498033359#0;502325084#3;5197062#3;876057378#1,runs_J_k16_plain\none_seed9\g006_i007,runs_J_k16_plain\none_seed9\g006_i007\tripinfo.xml
6,8,16,637.8573333333334,-120682114#1;-311298662#1;-5197062#4;-535519490#0;-783907721#1;111677671#0;111681903#2;120682114#2;205590836#2;26216779#1;4935286#3;4935299#1;498033359#1;502325084#0;535519490#0;876343449#1,runs_J_k16_plain\none_seed9\g006_i008,runs_J_k16_plain\none_seed9\g006_i008\tripinfo.xml
6,9,16,436.2393333333333,-311298658;-4950193;-74277990;-782714966#1;-782714971#0;-782714971#1;-783907721#0;-783907721#1;111677669#2;26216781#1;28468730#0;37628709#1;4970256#5;747448014;7924772;880140407,runs_J_k16_plain\none_seed9\g006_i009,runs_J_k16_plain\none_seed9\g006_i009\tripinfo.xml
6,10,16,789.608,-111681903#0;-111681903#2;-502325084#0;120682114#1;24337240#1;25970859#1;28468732#1;311298658;311298685;4935286#3;498033359#0;58621262#1;782714971#0;782714971#1;782714971#4;783907721#2,runs_J_k16_plain\none_seed9\g006_i010,runs_J_k16_plain\none_seed9\g006_i010\tripinfo.xml
6,11,16,1000000000000.0,-28298231;-311298665;-311298685;-502325084#1;-783907721#2;111681903#3;120682114#2;24337240#2;25970859#1;28468732#1;37628709#1;502325084#0;502325084#1;535519490#1;782714971#4;876057378#0,runs_J_k16_plain\none_seed9\g006_i011,runs_J_k16_plain\none_seed9\g006_i011\tripinfo.xml
6,12,12,728.886,-111677671#0;-120682114#3;-24337240#2;-25970859#0;-4950193;-498033359#3;-782714966#0;-782714971#2;120682114#3;25970859#0;4970256#6;4970256#8,runs_J_k16_plain\none_seed9\g006_i012,runs_J_k16_plain\none_seed9\g006_i012\tripinfo.xml
6,13,16,673.2373333333334,-120682114#2;-28468730#0;-311298685;-502325084#1;-5197062#4;111681905#1;131942152;25970859#0;311298685;4935286#0;4935299#1;498033359#0;782714966#0;876057376;876057378#0;880137009#1,runs_J_k16_plain\none_seed9\g006_i013,runs_J_k16_plain\none_seed9\g006_i013\tripinfo.xml
6,14,16,448.136,-24337240#6;-311298662#0;-311298685;-498033359#3;-74277990;111681903#3;131942152;26216779#1;26216781#2;311298685;4970256#6;782714971#3;835445203;876057378#4;876343449#0;880140407,runs_J_k16_plain\none_seed9\g006_i014,runs_J_k16_plain\none_seed9\g006_i014\tripinfo.xml
6,15,16,686.3186666666667,-111681903#3;-24337240#3;-4950193;-782714971#1;-782714971#3;-876343449#0;-880137009#0;-880137009#1;4970256#7;498033359#2;502325084#3;535519490#0;58621262#0;782714966#1;782714971#0;782714971#2,runs_J_k16_plain\none_seed9\g006_i015,runs_J_k16_plain\none_seed9\g006_i015\tripinfo.xml
6,16,16,456.81266666666664,-111677671#0;-24337240#3;-24337240#4;-4950193;-502325084#1;-783907721#0;26216779#0;26216781#2;28468732#1;311298665;37628709#1;62826731;782714971#4;783907721#0;876057378#0;880137009#1,runs_J_k16_plain\none_seed9\g006_i016,runs_J_k16_plain\none_seed9\g006_i016\tripinfo.xml
6,17,16,977.2973333333333,-311298682#0;-311298685;-502325084#0;-535519490#0;-835443464;24337240#4;26216779#1;37628709#1;4935299#1;4970256#6;502325084#0;502325084#1;5197062#3;782714966#0;782714971#4;783907721#0,runs_J_k16_plain\none_seed9\g006_i017,runs_J_k16_plain\none_seed9\g006_i017\tripinfo.xml
6,18,16,639.15,-111677671#0;-24337240#6;-502325084#3;-7365262;-74277990;-782714971#4;111681905#2;24337240#0;24337240#3;25970859#0;25970859#1;311298662#0;311298662#1;37628709#1;4970256#5;876057376,runs_J_k16_plain\none_seed9\g006_i018,runs_J_k16_plain\none_seed9\g006_i018\tripinfo.xml
6,19,16,645.518,-111681903#0;-502325084#0;-535519490#1;-7365262;-74277990;131942152;24337240#3;26216779#1;311298662#1;311298665;4935286#1;4935286#3;4970256#6;498033359#3;876057376;876343449#1,runs_J_k16_plain\none_seed9\g006_i019,runs_J_k16_plain\none_seed9\g006_i019\tripinfo.xml
6,20,16,1914.394,-111681903#3;-120682114#1;-25970859#0;-28298231;-311298685;-783907721#2;-835443464;-880137009#1;24337240#2;25970859#1;28468732#1;37628709#0;498033359#3;782710712;876057378#2;880137010,runs_J_k16_plain\none_seed9\g006_i020,runs_J_k16_plain\none_seed9\g006_i020\tripinfo.xml
6,21,16,752.8886666666667,-120682114#2;-24337240#4;-4950193;-5197062#4;-876343449#0;111677669#4;28468730#1;311298662#0;4970256#5;498033359#2;502325084#3;782714971#0;782714971#2;835443464;876057378#2;880137009#0,runs_J_k16_plain\none_seed9\g006_i021,runs_J_k16_plain\none_seed9\g006_i021\tripinfo.xml
6,22,11,757.166,-120682114#2;-24337240#0;-311298682#0;-880137009#0;-880140407;111681903#0;26216779#0;498033359#2;535519490#0;62826731;782714971#3,runs_J_k16_plain\none_seed9\g006_i022,runs_J_k16_plain\none_seed9\g006_i022\tripinfo.xml
6,23,16,518.1433333333333,-25970859#1;-783907721#0;-783907721#1;-876343449#2;-880137009#0;111677669#4;24337240#2;25970859#1;26216779#1;311298665;37628709#1;498033359#2;5197062#3;782714966#0;782714971#0;783907721#0,runs_J_k16_plain\none_seed9\g006_i023,runs_J_k16_plain\none_seed9\g006_i023\tripinfo.xml
7,0,10,418.5953333333333,-311298662#1;-502325084#1;-5197062#4;-535519490#1;-876343449#2;111677669#4;498033359#2;498033359#3;782714971#0;876057378#2,runs_J_k16_plain\none_seed9\g007_i000,runs_J_k16_plain\none_seed9\g007_i000\tripinfo.xml
7,1,16,451.446,-120682114#3;-24337240#2;-25970859#0;-28298231;-782714966#1;-783907721#0;111681903#3;25970859#0;25970859#1;28468730#0;502325084#1;747448014;782714966#0;782714971#4;876057376;880140407,runs_J_k16_plain\none_seed9\g007_i001,runs_J_k16_plain\none_seed9\g007_i001\tripinfo.xml
7,2,12,599.4026666666666,-111677671#0;-4950193;-5197062#3;-880140407;111677669#2;111677669#5;25970859#0;26216781#1;311298658;782714971#4;835443464;876057376,runs_J_k16_plain\none_seed9\g007_i002,runs_J_k16_plain\none_seed9\g007_i002\tripinfo.xml
7,3,16,690.7586666666666,-111677668#3;-111677668#4;-25970859#1;-311298662#0;-502325084#0;-502325084#1;-502325084#3;-782714971#4;-783907721#1;-876343449#2;111677669#4;26216779#0;4970256#6;498033359#2;498033359#3;502325084#3,runs_J_k16_plain\none_seed9\g007_i003,runs_J_k16_plain\none_seed9\g007_i003\tripinfo.xml
7,4,14,944.7933333333333,-111681903#3;-24337240#3;-311298682#0;-5197062#4;-835445203;-876343449#2;-880137009#0;-880137009#1;24337240#2;26216779#1;311298658;783907721#1;835445203;876057378#1,runs_J_k16_plain\none_seed9\g007_i004,runs_J_k16_plain\none_seed9\g007_i004\tripinfo.xml
7,5,16,618.1233333333333,-120682114#2;-24337240#6;-24337240#7;-535519490#1;-782714971#2;111681903#1;111681905#1;24337240#3;311298662#0;37628709#1;5197062#3;5197062#4;535519490#0;58621262#1;835445203;876057376,runs_J_k16_plain\none_seed9\g007_i005,runs_J_k16_plain\none_seed9\g007_i005\tripinfo.xml
7,6,16,653.5373333333333,-24337240#2;-311298662#1;-502325084#3;-5197062#3;-5197062#4;-7365262;-783907721#0;-783907721#2;-880137009#1;25970859#1;26216781#0;28468732#0;311298662#1;37628709#0;783907721#2;876057378#5,runs_J_k16_plain\none_seed9\g007_i006,runs_J_k16_plain\none_seed9\g007_i006\tripinfo.xml
7,7,16,1299.3566666666666,-111681903#2;-24337240#0;-24337240#6;-311298658;-783907721#0;-880137009#0;-880137009#1;111677668#4;111681903#2;120682114#2;131942152;24337240#3;26216781#2;4935286#3;498033359#1;535519490#1,runs_J_k16_plain\none_seed9\g007_i007,runs_J_k16_plain\none_seed9\g007_i007\tripinfo.xml
7,8,16,1000000000000.0,-120682114#3;-311298662#1;-4950193;-5197062#4;-783907721#1;111677669#2;111681905#1;120682114#2;26216779#1;311298685;502325084#1;7924772;876343449#1;876343449#2;880137010;880140407,runs_J_k16_plain\none_seed9\g007_i008,runs_J_k16_plain\none_seed9\g007_i008\tripinfo.xml
7,9,16,350.0006666666667,-111677671#0;-24337240#1;-28468730#0;-498033359#0;-5197062#4;111677669#4;111681903#0;24337240#2;26216779#0;28468732#1;37628709#1;4935286#2;498033359#3;62826731;835443464;876057378#2,runs_J_k16_plain\none_seed9\g007_i009,runs_J_k16_plain\none_seed9\g007_i009\tripinfo.xml
7,10,16,764.2813333333334,-24337240#4;-311298685;-4950193;-502325084#1;-783907721#0;-876343449#2;311298658;311298665;37628709#1;4970256#5;4970256#6;502325084#3;782714971#0;835445203;876343449#0;880137010,runs_J_k16_plain\none_seed9\g007_i010,runs_J_k16_plain\none_seed9\g007_i010\tripinfo.xml
7,11,16,609.6073333333334,-111677668#0;-111677671#0;-498033359#3;-74277990;-835445203;-880137009#0;111677669#2;111681905#2;205590836#2;25970859#0;26216779#1;28468732#0;311298665;4970256#6;5197062#3;782714971#0,runs_J_k16_plain\none_seed9\g007_i011,runs_J_k16_plain\none_seed9\g007_i011\tripinfo.xml
7,12,16,1000000000000.0,-24337240#3;-25970859#1;-311298685;-498033359#0;-535519490#1;-783907721#0;-783907721#1;-835445203;111681903#0;131942152;24337240#2;26216779#1;4935286#3;782714966#0;783907721#2;835445203,runs_J_k16_plain\none_seed9\g007_i012,runs_J_k16_plain\none_seed9\g007_i012\tripinfo.xml
7,13,16,534.8846666666667,-111681903#0;-205590836#0;-28468730#0;-782714971#0;-782714971#1;-783907721#1;-876343449#0;-876343449#1;111677669#2;4935286#3;747448014;782714971#0;783907721#1;7924772;876057378#2;880140407,runs_J_k16_plain\none_seed9\g007_i013,runs_J_k16_plain\none_seed9\g007_i013\tripinfo.xml
7,14,16,473.72933333333333,-120682114#1;-311298658;-4950193;-74277990;-782714971#0;-782714971#1;-783907721#0;-783907721#1;37628709#1;4970256#5;502325084#3;5197062#4;747448014;782714971#3;7924772;880140407,runs_J_k16_plain\none_seed9\g007_i014,runs_J_k16_plain\none_seed9\g007_i014\tripinfo.xml
7,15,9,939.4173333333333,-111677671#0;-111681903#0;-4950193;311298658;498033359#2;498033359#3;5197062#3;535519490#1;880137009#1,runs_J_k16_plain\none_seed9\g007_i015,runs_J_k16_plain\none_seed9\g007_i015\tripinfo.xml
7,16,16,717.4613333333333,-24337240#3;-311298662#1;-502325084#1;-783907721#0;-783907721#2;120682114#3;26216781#1;311298662#0;311298682#0;535519490#0;62826731;783907721#0;876057378#0;876057378#2;876057378#3;880137009#1,runs_J_k16_plain\none_seed9\g007_i016,runs_J_k16_plain\none_seed9\g007_i016\tripinfo.xml
7,17,11,622.062,-25970859#0;-4950193;-782714971#1;-783907721#2;131942152;311298685;37628709#1;502325084#0;535519490#1;876057378#2;876343449#1,runs_J_k16_plain\none_seed9\g007_i017,runs_J_k16_plain\none_seed9\g007_i017\tripinfo.xml
7,18,16,1478.9446666666668,-111677668#0;-25970859#0;-311298685;-498033359#0;-5197062#4;-835443464;111677669#2;111677671#0;111681903#2;120682114#2;120682114#3;205590836#2;24337240#1;26216779#1;28468730#0;747448014,runs_J_k16_plain\none_seed9\g007_i018,runs_J_k16_plain\none_seed9\g007_i018\tripinfo.xml
7,19,16,1000000000000.0,-120682114#2;-25970859#0;-311298665;-5197062#3;-5197062#4;-535519490#1;-783907721#2;-876343449#2;25970859#1;26216781#3;28468730#1;311298662#0;311298685;4935299#1;782714971#0;876057378#2,runs_J_k16_plain\none_seed9\g007_i019,runs_J_k16_plain\none_seed9\g007_i019\tripinfo.xml
7,20,16,631.5333333333333,-24337240#0;-535519490#1;111677668#3;111677669#4;111681903#0;24337240#3;24337240#5;26216779#1;311298658;4935286#1;4935286#3;4970256#8;498033359#3;782714971#0;835445203;876057378#2,runs_J_k16_plain\none_seed9\g007_i020,runs_J_k16_plain\none_seed9\g007_i020\tripinfo.xml
7,21,16,1558.1046666666666,-4950193;-835443464;-876343449#2;111677669#4;120682114#2;24337240#0;25970859#1;311298662#1;311298685;498033359#2;498033359#3;58621262#1;782714971#0;876057378#1;876057378#2;876343449#0,runs_J_k16_plain\none_seed9\g007_i021,runs_J_k16_plain\none_seed9\g007_i021\tripinfo.xml
7,22,16,1000000000000.0,-25970859#0;-28468730#0;-311298662#0;-502325084#1;-5197062#4;-535519490#1;-782714971#2;-835443464;111677668#3;111677669#4;120682114#2;311298665;37628709#1;498033359#2;498033359#3;782714971#0,runs_J_k16_plain\none_seed9\g007_i022,runs_J_k16_plain\none_seed9\g007_i022\tripinfo.xml
7,23,16,1132.968,-111677668#0;-111677671#0;-111681903#2;-24337240#4;-311298685;-783907721#0;120682114#2;26216779#0;26216781#2;311298662#1;311298665;37628709#1;498033359#3;783907721#0;876057378#2;876343449#2,runs_J_k16_plain\none_seed9\g007_i023,runs_J_k16_plain\none_seed9\g007_i023\tripinfo.xml
8,0,16,350.0006666666667,-111677671#0;-24337240#1;-28468730#0;-498033359#0;-5197062#4;111677669#4;111681903#0;24337240#2;26216779#0;28468732#1;37628709#1;4935286#2;498033359#3;62826731;835443464;876057378#2,runs_J_k16_plain\none_seed9\g008_i000,runs_J_k16_plain\none_seed9\g008_i000\tripinfo.xml
8,1,11,769.428,-111677668#3;-111677671#0;-120682114#2;-24337240#6;-498033359#3;-502325084#3;24337240#2;26216779#1;311298665;5197062#4;535519490#0,runs_J_k16_plain\none_seed9\g008_i001,runs_J_k16_plain\none_seed9\g008_i001\tripinfo.xml
8,2,16,1000000000000.0,-111677668#0;-311298662#0;-311298665;-498033359#3;-502325084#0;-783907721#1;111681903#1;111681905#2;311298662#1;4935299#1;498033359#1;498033359#3;502325084#3;5197062#3;535519490#0;782714971#0,runs_J_k16_plain\none_seed9\g008_i002,runs_J_k16_plain\none_seed9\g008_i002\tripinfo.xml
8,3,16,584.2913333333333,-111677668#0;-120682114#1;-311298662#0;-311298685;-4950193;-535519490#1;-74277990;-783907721#0;-880137009#0;24337240#4;311298658;311298685;4970256#6;5197062#4;783907721#1;880137009#1,runs_J_k16_plain\none_seed9\g008_i003,runs_J_k16_plain\none_seed9\g008_i003\tripinfo.xml
8,4,16,647.4693333333333,-111677671#0;-120682114#2;-498033359#3;-502325084#0;-502325084#1;-7365262;-835445203;111677669#0;111677669#2;131942152;24337240#5;37628709#1;747448014;7924772;835445203;876057378#0,runs_J_k16_plain\none_seed9\g008_i004,runs_J_k16_plain\none_seed9\g008_i004\tripinfo.xml
8,5,16,525.8406666666667,-311298662#1;-502325084#0;-502325084#1;-502325084#3;-7365262;-783907721#0;120682114#1;25970859#0;26216779#0;311298685;37628709#0;4935286#3;4935299#1;4970256#8;835443464;876343449#1,runs_J_k16_plain\none_seed9\g008_i005,runs_J_k16_plain\none_seed9\g008_i005\tripinfo.xml
8,6,16,426.8093333333333,-111677668#4;-120682114#1;-311298662#1;-311298685;-4950193;-5197062#3;-876343449#2;-880137009#1;111681905#2;24337240#5;25970859#1;26216781#0;28468732#0;4935286#2;783907721#2;876057378#5,runs_J_k16_plain\none_seed9\g008_i006,runs_J_k16_plain\none_seed9\g008_i006\tripinfo.xml
8,7,16,943.078,-24337240#6;-782714966#0;-782714966#1;-782714971#3;111677669#4;111681903#0;24337240#3;24337240#5;311298682#0;311298685;37628709#1;502325084#1;5197062#3;535519490#0;58621262#1;782714971#3,runs_J_k16_plain\none_seed9\g008_i007,runs_J_k16_plain\none_seed9\g008_i007\tripinfo.xml
8,8,5,581.7293333333333,-111677668#3;-24337240#2;-498033359#0;-5197062#4;535519490#0,runs_J_k16_plain\none_seed9\g008_i008,runs_J_k16_plain\none_seed9\g008_i008\tripinfo.xml
8,9,16,749.2753333333334,-111681903#1;-120682114#2;-205590836#0;-24337240#1;-311298662#1;-498033359#3;-502325084#0;-5197062#3;-5197062#4;-535519490#0;-782714971#3;24337240#0;498033359#0;58621262#0;782714971#4;880137009#0,runs_J_k16_plain\none_seed9\g008_i009,runs_J_k16_plain\none_seed9\g008_i009\tripinfo.xml
8,10,16,721.3866666666667,-111677671#0;-311298658;-535519490#1;-782714966#1;-782714971#4;-880140407;111677669#2;111677669#5;24337240#0;24337240#3;26216781#1;311298662#0;4935286#2;4970256#6;535519490#1;835443464,runs_J_k16_plain\none_seed9\g008_i010,runs_J_k16_plain\none_seed9\g008_i010\tripinfo.xml
8,11,16,1000000000000.0,-111677671#0;-24337240#1;-311298658;-311298662#1;-311298665;-311298685;-5197062#4;-782714966#0;111681903#0;111681905#1;120682114#2;26216779#0;37628709#1;62826731;782714971#4;876057378#0,runs_J_k16_plain\none_seed9\g008_i011,runs_J_k16_plain\none_seed9\g008_i011\tripinfo.xml
8,12,12,740.7746666666667,-311298682#0;-498033359#3;-5197062#4;-535519490#1;-782714971#2;498033359#2;58621262#0;782714966#1;782714971#0;876057378#2;876057378#4;876343449#0,runs_J_k16_plain\none_seed9\g008_i012,runs_J_k16_plain\none_seed9\g008_i012\tripinfo.xml
8,13,16,1000000000000.0,-25970859#0;-311298665;-74277990;-835445203;-880137009#0;111681905#2;24337240#3;26216779#0;26216779#1;28468730#0;37628709#1;4970256#6;4970256#8;502325084#3;782714966#0;876057378#0,runs_J_k16_plain\none_seed9\g008_i013,runs_J_k16_plain\none_seed9\g008_i013\tripinfo.xml
8,14,16,620.9713333333333,-111681903#2;-24337240#0;-24337240#4;-311298658;-502325084#3;-783907721#1;111677669#3;111681905#1;120682114#3;205590836#2;26216779#1;28468732#0;4970256#5;782714971#0;782714971#3;783907721#2,runs_J_k16_plain\none_seed9\g008_i014,runs_J_k16_plain\none_seed9\g008_i014\tripinfo.xml
8,15,16,1607.894,-24337240#2;-25970859#0;-28298231;-311298682#0;-880140407;111677669#5;120682114#2;24337240#1;26216781#0;311298685;37628709#1;502325084#0;535519490#0;876057376;876343449#1;880140407,runs_J_k16_plain\none_seed9\g008_i015,runs_J_k16_plain\none_seed9\g008_i015\tripinfo.xml
8,16,16,651.8346666666666,-111681903#2;-120682114#3;-24337240#6;-74277990;-782714966#0;-782714971#1;-783907721#0;111677669#0;111677669#5;111681903#3;26216779#1;311298665;535519490#1;747448014;782714971#4;876057378#2,runs_J_k16_plain\none_seed9\g008_i016,runs_J_k16_plain\none_seed9\g008_i016\tripinfo.xml
8,17,16,1000000000000.0,-111681903#0;-4950193;-498033359#3;-782714971#1;-783907721#2;-835445203;111681903#2;131942152;26216781#2;28468732#1;4970256#8;502325084#0;502325084#3;5197062#3;880137010;880140407,runs_J_k16_plain\none_seed9\g008_i017,runs_J_k16_plain\none_seed9\g008_i017\tripinfo.xml
8,18,16,486.9073333333333,-111677668#0;-111681903#0;-205590836#0;-24337240#3;-876343449#1;-876343449#2;-880140407;111677669#2;747448014;782714966#1;782714971#0;783907721#0;783907721#1;835445203;876057378#2;880140407,runs_J_k16_plain\none_seed9\g008_i018,runs_J_k16_plain\none_seed9\g008_i018\tripinfo.xml
8,19,16,726.38,-111677668#3;-111681903#2;-120682114#3;-24337240#2;-535519490#0;-835445203;111677669#4;28468730#0;37628709#1;502325084#3;782714971#0;782714971#3;7924772;876057378#4;876057378#5;880140407,runs_J_k16_plain\none_seed9\g008_i019,runs_J_k16_plain\none_seed9\g008_i019\tripinfo.xml
8,20,16,644.456,-24337240#0;-25970859#0;-311298658;-782714971#1;-783907721#0;111677668#0;111681903#3;311298682#0;4970256#5;4970256#7;747448014;782714971#2;782714971#3;782714971#4;876057378#2;880140407,runs_J_k16_plain\none_seed9\g008_i020,runs_J_k16_plain\none_seed9\g008_i020\tripinfo.xml
8,21,16,388.874,-111677671#0;-120682114#3;-25970859#0;-782714971#0;-876343449#2;111677669#4;24337240#0;24337240#7;26216779#0;311298662#1;37628709#1;4935286#2;498033359#3;502325084#0;62826731;747448014,runs_J_k16_plain\none_seed9\g008_i021,runs_J_k16_plain\none_seed9\g008_i021\tripinfo.xml
8,22,7,638.608,-111681903#3;-28468730#0;-535519490#0;-880140407;24337240#2;311298662#1;835445203,runs_J_k16_plain\none_seed9\g008_i022,runs_J_k16_plain\none_seed9\g008_i022\tripinfo.xml
8,23,7,667.2266666666667,-24337240#4;-783907721#2;24337240#4;311298685;535519490#1;876057378#2;880137009#1,runs_J_k16_plain\none_seed9\g008_i023,runs_J_k16_plain\none_seed9\g008_i023\tripinfo.xml
9,0,16,350.0006666666667,-111677671#0;-24337240#1;-28468730#0;-498033359#0;-5197062#4;111677669#4;111681903#0;24337240#2;26216779#0;28468732#1;37628709#1;4935286#2;498033359#3;62826731;835443464;876057378#2,runs_J_k16_plain\none_seed9\g009_i000,runs_J_k16_plain\none_seed9\g009_i000\tripinfo.xml
9,1,16,625.8053333333334,-311298662#1;-311298685;-498033359#0;-782714971#2;111681903#1;111681905#2;24337240#1;24337240#5;28468730#0;311298662#0;311298665;783907721#2;876057376;876343449#0;880137009#1;880140407,runs_J_k16_plain\none_seed9\g009_i001,runs_J_k16_plain\none_seed9\g009_i001\tripinfo.xml
9,2,16,705.702,-111677668#3;-120682114#1;-498033359#3;-502325084#3;-876343449#1;-876343449#2;111677669#0;111677669#2;26216779#1;26216781#0;28468732#0;311298665;535519490#0;783907721#0;7924772;876057378#5,runs_J_k16_plain\none_seed9\g009_i002,runs_J_k16_plain\none_seed9\g009_i002\tripinfo.xml
9,3,16,448.00533333333334,-111677668#0;-111677671#0;-111681903#3;-120682114#3;-24337240#3;-498033359#0;-782714971#4;-876343449#2;24337240#0;28468732#0;311298662#1;37628709#1;4935286#2;498033359#3;783907721#2;876343449#0,runs_J_k16_plain\none_seed9\g009_i003,runs_J_k16_plain\none_seed9\g009_i003\tripinfo.xml
9,4,11,371.94533333333334,-111681903#3;-24337240#6;-311298662#0;-502325084#3;-782714971#0;-783907721#1;-835445203;24337240#0;37628709#1;4935286#2;502325084#0,runs_J_k16_plain\none_seed9\g009_i004,runs_J_k16_plain\none_seed9\g009_i004\tripinfo.xml
9,5,16,1210.076,-120682114#3;-25970859#1;-311298662#1;-4950193;-498033359#0;-876343449#2;111681905#2;25970859#1;28468730#0;28468732#0;311298662#0;311298665;4935299#1;502325084#1;876057378#5;880137009#1,runs_J_k16_plain\none_seed9\g009_i005,runs_J_k16_plain\none_seed9\g009_i005\tripinfo.xml
9,6,16,812.492,-111677668#4;-120682114#1;-24337240#1;-311298685;-782714966#0;-782714966#1;-880137009#1;111677669#1;111681903#3;24337240#5;26216781#0;311298682#0;311298685;498033359#0;782714971#3;783907721#1,runs_J_k16_plain\none_seed9\g009_i006,runs_J_k16_plain\none_seed9\g009_i006\tripinfo.xml
9,7,16,1084.3593333333333,-111677668#4;-111681903#3;-311298658;-4950193;-5197062#3;-880140407;24337240#4;25970859#1;26216781#0;28468732#0;311298658;311298662#1;4970256#6;498033359#1;782714971#3;880137009#1,runs_J_k16_plain\none_seed9\g009_i007,runs_J_k16_plain\none_seed9\g009_i007\tripinfo.xml
9,8,16,576.52,-111677668#3;-28468730#0;-311298665;-311298685;-535519490#1;-74277990;120682114#1;24337240#1;24337240#2;24337240#7;311298662#0;4935286#2;4970256#6;782714966#1;782714971#0;835445203,runs_J_k16_plain\none_seed9\g009_i008,runs_J_k16_plain\none_seed9\g009_i008\tripinfo.xml
9,9,16,808.2326666666667,-205590836#0;-24337240#7;-25970859#1;-28298231;-535519490#1;-880137009#0;-880140407;111677669#2;24337240#2;26216781#0;4970256#5;782714971#0;876057378#1;880137009#0;880137009#1;880140407,runs_J_k16_plain\none_seed9\g009_i009,runs_J_k16_plain\none_seed9\g009_i009\tripinfo.xml
9,10,16,644.9073333333333,-111677671#0;-111681903#0;-111681903#3;-498033359#2;-535519490#0;-876343449#1;-876343449#2;111681903#1;120682114#1;25970859#1;26216779#1;62826731;783907721#1;7924772;835445203;876057378#2,runs_J_k16_plain\none_seed9\g009_i010,runs_J_k16_plain\none_seed9\g009_i010\tripinfo.xml
9,11,15,409.436,-24337240#7;-311298662#0;-311298685;-502325084#0;-880140407;111677669#2;111681903#0;25970859#0;26216779#0;26216781#3;28468732#1;311298685;4935286#2;835443464;835445203,runs_J_k16_plain\none_seed9\g009_i011,runs_J_k16_plain\none_seed9\g009_i011\tripinfo.xml
9,12,16,592.6946666666666,-111677671#0;-24337240#4;-24337240#7;-535519490#0;-782714971#0;-880140407;111677669#3;120682114#1;24337240#2;24337240#5;37628709#1;4935286#3;4970256#5;535519490#1;747448014;876057378#2,runs_J_k16_plain\none_seed9\g009_i012,runs_J_k16_plain\none_seed9\g009_i012\tripinfo.xml
9,13,16,602.1226666666666,-24337240#1;-311298658;-311298685;-535519490#0;-880137009#1;111681903#3;111681905#1;111681905#2;131942152;205590836#2;24337240#0;26216779#1;26216781#0;4935286#1;4935299#1;747448014,runs_J_k16_plain\none_seed9\g009_i013,runs_J_k16_plain\none_seed9\g009_i013\tripinfo.xml
9,14,16,1614.99,-111677668#4;-111681903#3;-311298685;-5197062#3;-782714971#2;-783907721#1;-876343449#2;-880137009#0;111677668#4;120682114#3;131942152;24337240#5;25970859#1;28468732#0;4935286#1;58621262#0,runs_J_k16_plain\none_seed9\g009_i014,runs_J_k16_plain\none_seed9\g009_i014\tripinfo.xml
9,15,16,713.5973333333334,-24337240#1;-28468730#0;-311298662#0;-311298685;-5197062#4;-782714971#1;111677669#4;205590836#2;24337240#2;28468732#1;311298662#0;37628709#1;502325084#3;62826731;782714971#4;835443464,runs_J_k16_plain\none_seed9\g009_i015,runs_J_k16_plain\none_seed9\g009_i015\tripinfo.xml
9,16,16,3801.378,-111677671#0;-120682114#2;-24337240#1;-498033359#0;-876343449#2;111681903#0;111681903#3;24337240#2;747448014;835443464;835445203;876057376;876057378#2;876057378#5;880137010;880140407,runs_J_k16_plain\none_seed9\g009_i016,runs_J_k16_plain\none_seed9\g009_i016\tripinfo.xml
9,17,16,897.6846666666667,-28468730#0;-311298682#0;-498033359#0;-880137009#0;111677669#4;111681903#0;111681903#1;131942152;24337240#0;24337240#1;28468732#1;311298658;311298662#0;62826731;747448014;880137010,runs_J_k16_plain\none_seed9\g009_i017,runs_J_k16_plain\none_seed9\g009_i017\tripinfo.xml
9,18,16,385.20666666666665,-111681903#2;-24337240#1;-502325084#1;-5197062#4;-835445203;111677669#2;111677669#4;120682114#1;120682114#3;24337240#4;28468732#1;37628709#1;4935286#2;498033359#3;835443464;876343449#0,runs_J_k16_plain\none_seed9\g009_i018,runs_J_k16_plain\none_seed9\g009_i018\tripinfo.xml
9,19,15,1000000000000.0,-311298662#0;-311298662#1;-498033359#3;-7365262;-835443464;-876343449#2;120682114#1;25970859#0;37628709#0;4935286#3;502325084#0;782714971#3;783907721#2;876057378#1;876057378#5,runs_J_k16_plain\none_seed9\g009_i019,runs_J_k16_plain\none_seed9\g009_i019\tripinfo.xml
9,20,16,583.8953333333334,-111677668#4;-111681903#0;-311298662#1;-502325084#3;-5197062#3;-783907721#0;111681903#0;24337240#5;25970859#1;28468732#0;311298685;4970256#8;535519490#1;835443464;876057378#4;880137010,runs_J_k16_plain\none_seed9\g009_i020,runs_J_k16_plain\none_seed9\g009_i020\tripinfo.xml
9,21,11,1067.2066666666667,-111677671#0;-120682114#1;-25970859#0;-4950193;111681903#0;111681905#1;24337240#7;311298658;4970256#6;498033359#3;880137009#1,runs_J_k16_plain\none_seed9\g009_i021,runs_J_k16_plain\none_seed9\g009_i021\tripinfo.xml
9,22,8,651.212,-205590836#0;-24337240#3;-880140407;111677671#0;747448014;782710712;835445203;880137010,runs_J_k16_plain\none_seed9\g009_i022,runs_J_k16_plain\none_seed9\g009_i022\tripinfo.xml
9,23,10,711.5486666666667,-111677668#4;-502325084#0;-876343449#2;111681903#3;24337240#2;25970859#1;535519490#0;783907721#1;835445203;876057378#5,runs_J_k16_plain\none_seed9\g009_i023,runs_J_k16_plain\none_seed9\g009_i023\tripinfo.xml
10,0,16,350.0006666666667,-111677671#0;-24337240#1;-28468730#0;-498033359#0;-5197062#4;111677669#4;111681903#0;24337240#2;26216779#0;28468732#1;37628709#1;4935286#2;498033359#3;62826731;835443464;876057378#2,runs_J_k16_plain\none_seed9\g010_i000,runs_J_k16_plain\none_seed9\g010_i000\tripinfo.xml
10,1,12,1000000000000.0,-120682114#1;-24337240#3;-24337240#6;-311298665;-498033359#3;-5197062#4;-876343449#0;-876343449#2;111677671#0;24337240#1;4970256#8;876343449#1,runs_J_k16_plain\none_seed9\g010_i001,runs_J_k16_plain\none_seed9\g010_i001\tripinfo.xml
10,2,16,637.3813333333334,-111681903#2;-24337240#4;-24337240#6;-502325084#3;-7365262;-782714971#0;-782714971#3;-876343449#1;111677669#0;26216779#1;26216781#0;26216781#3;37628709#1;62826731;782714971#3;876343449#1,runs_J_k16_plain\none_seed9\g010_i002,runs_J_k16_plain\none_seed9\g010_i002\tripinfo.xml
10,3,16,1000000000000.0,-111677668#4;-111681903#3;-502325084#0;-502325084#1;-74277990;-876343449#1;111677668#0;111681903#2;111681903#3;24337240#2;25970859#1;502325084#1;5197062#4;535519490#0;876343449#1;880137010,runs_J_k16_plain\none_seed9\g010_i003,runs_J_k16_plain\none_seed9\g010_i003\tripinfo.xml
10,4,16,1057.3893333333333,-120682114#2;-24337240#1;-24337240#6;-502325084#3;-782714971#1;-783907721#1;-880137009#0;111677669#0;111681903#2;24337240#0;26216781#0;311298658;37628709#1;502325084#0;535519490#1;783907721#1,runs_J_k16_plain\none_seed9\g010_i004,runs_J_k16_plain\none_seed9\g010_i004\tripinfo.xml
10,5,15,403.93,-24337240#1;-24337240#7;-311298682#0;-782714971#3;-880140407;111677669#0;111677669#2;111677669#3;25970859#0;26216779#0;311298685;4935286#2;782714966#0;835443464;835445203,runs_J_k16_plain\none_seed9\g010_i005,runs_J_k16_plain\none_seed9\g010_i005\tripinfo.xml
10,6,16,786.3493333333333,-111677668#0;-111677668#4;-24337240#4;-502325084#1;-835445203;-876343449#0;111677669#4;111677671#0;120682114#3;205590836#2;26216781#1;28468732#1;37628709#1;498033359#3;782714966#1;782714971#4,runs_J_k16_plain\none_seed9\g010_i006,runs_J_k16_plain\none_seed9\g010_i006\tripinfo.xml
10,7,6,534.2526666666666,-498033359#0;-782714971#2;-880140407;311298685;5197062#3;880140407,runs_J_k16_plain\none_seed9\g010_i007,runs_J_k16_plain\none_seed9\g010_i007\tripinfo.xml
10,8,7,1000000000000.0,-111677668#3;24337240#1;28468730#0;311298662#0;535519490#1;783907721#0;876057378#4,runs_J_k16_plain\none_seed9\g010_i008,runs_J_k16_plain\none_seed9\g010_i008\tripinfo.xml
10,9,16,413.842,-111677671#0;-111681903#0;-24337240#6;-25970859#1;-4950193;-835443464;-876343449#2;111681903#3;205590836#2;24337240#0;4935286#2;4970256#5;502325084#0;782714971#3;7924772;876343449#2,runs_J_k16_plain\none_seed9\g010_i009,runs_J_k16_plain\none_seed9\g010_i009\tripinfo.xml
10,10,16,658.536,-111681903#3;-24337240#6;-311298662#0;-498033359#2;-782714971#0;-783907721#1;-835445203;111681903#1;25970859#1;37628709#1;498033359#2;498033359#3;782714971#2;783907721#1;835443464;876057378#4,runs_J_k16_plain\none_seed9\g010_i010,runs_J_k16_plain\none_seed9\g010_i010\tripinfo.xml
10,11,16,1000000000000.0,-120682114#3;-311298662#0;-311298685;-498033359#3;-783907721#0;-876343449#1;111677669#2;111681903#0;25970859#0;26216779#0;26216781#1;28468730#0;498033359#3;835443464;835445203;880137010,runs_J_k16_plain\none_seed9\g010_i011,runs_J_k16_plain\none_seed9\g010_i011\tripinfo.xml
10,12,16,1000000000000.0,-120682114#1;-120682114#3;-24337240#1;-311298662#0;-311298685;-502325084#0;-782714971#3;111677669#2;111681903#3;25970859#0;28468732#0;311298685;835445203;876057376;876343449#0;880137010,runs_J_k16_plain\none_seed9\g010_i012,runs_J_k16_plain\none_seed9\g010_i012\tripinfo.xml
10,13,15,637.7133333333334,-24337240#2;-311298662#0;-311298662#1;-835443464;-876343449#1;111677668#4;111677669#2;120682114#3;25970859#0;28468732#1;311298685;4935286#1;498033359#3;502325084#3;876343449#0,runs_J_k16_plain\none_seed9\g010_i013,runs_J_k16_plain\none_seed9\g010_i013\tripinfo.xml
10,14,2,373.832,-111677668#3;4935286#2,runs_J_k16_plain\none_seed9\g010_i014,runs_J_k16_plain\none_seed9\g010_i014\tripinfo.xml
10,15,16,675.0106666666667,-111677671#0;-111681903#0;-28468730#0;-782714971#2;-876343449#0;-876343449#1;-876343449#2;-880140407;111681903#0;311298662#0;58621262#1;782710712;782714971#4;835445203;876057376;876057378#2,runs_J_k16_plain\none_seed9\g010_i015,runs_J_k16_plain\none_seed9\g010_i015\tripinfo.xml
10,16,16,479.8546666666667,-24337240#3;-25970859#1;-498033359#2;-535519490#0;-880137009#1;24337240#2;24337240#7;26216779#0;26216781#2;28468732#1;4935286#2;535519490#1;62826731;782714966#1;7924772;835443464,runs_J_k16_plain\none_seed9\g010_i016,runs_J_k16_plain\none_seed9\g010_i016\tripinfo.xml
10,17,16,411.87733333333335,-111681903#1;-28468730#0;-498033359#0;-502325084#0;-5197062#4;111681903#0;24337240#0;24337240#4;26216779#0;26216779#1;26216781#3;28468730#1;311298662#0;4935286#2;498033359#3;782714971#0,runs_J_k16_plain\none_seed9\g010_i017,runs_J_k16_plain\none_seed9\g010_i017\tripinfo.xml
10,18,16,626.3706666666667,-311298685;-535519490#1;-74277990;111681903#0;120682114#3;24337240#3;26216781#1;311298665;37628709#1;4935286#2;4970256#7;498033359#0;62826731;782710712;782714966#1;835443464,runs_J_k16_plain\none_seed9\g010_i018,runs_J_k16_plain\none_seed9\g010_i018\tripinfo.xml
10,19,13,740.0233333333333,-25970859#0;-28298231;-311298665;-535519490#0;111681905#2;120682114#1;24337240#1;24337240#2;24337240#7;311298662#0;311298665;876057378#3;880137009#0,runs_J_k16_plain\none_seed9\g010_i019,runs_J_k16_plain\none_seed9\g010_i019\tripinfo.xml
10,20,16,1000000000000.0,-111677668#3;-24337240#6;-25970859#1;-311298685;-535519490#1;-74277990;111677671#0;120682114#1;24337240#1;24337240#2;311298685;4935286#2;782714971#0;835445203;876343449#2;880137010,runs_J_k16_plain\none_seed9\g010_i020,runs_J_k16_plain\none_seed9\g010_i020\tripinfo.xml
10,21,16,1451.278,-24337240#6;-498033359#0;-498033359#2;-783907721#0;111681903#2;120682114#2;131942152;25970859#1;28468732#0;28468732#1;311298685;498033359#3;502325084#1;782710712;782714966#1;835443464,runs_J_k16_plain\none_seed9\g010_i021,runs_J_k16_plain\none_seed9\g010_i021\tripinfo.xml
10,22,16,788.448,-111677671#0;-111681903#0;-25970859#1;-311298662#1;-783907721#2;111677668#0;24337240#2;24337240#5;26216779#0;28468732#0;311298682#0;4970256#7;4970256#8;535519490#1;62826731;783907721#1,runs_J_k16_plain\none_seed9\g010_i022,runs_J_k16_plain\none_seed9\g010_i022\tripinfo.xml
10,23,16,643.1726666666667,-111677671#0;-24337240#1;-24337240#3;-311298662#0;111681903#0;26216779#0;26216779#1;28468732#0;28468732#1;4970256#6;498033359#3;502325084#0;782714971#0;782714971#2;835443464;876057378#2,runs_J_k16_plain\none_seed9\g010_i023,runs_J_k16_plain\none_seed9\g010_i023\tripinfo.xml
11,0,16,350.0006666666667,-111677671#0;-24337240#1;-28468730#0;-498033359#0;-5197062#4;111677669#4;111681903#0;24337240#2;26216779#0;28468732#1;37628709#1;4935286#2;498033359#3;62826731;835443464;876057378#2,runs_J_k16_plain\none_seed9\g011_i000,runs_J_k16_plain\none_seed9\g011_i000\tripinfo.xml
11,1,16,650.6493333333333,-111677668#3;-24337240#1;111681903#0;111681903#3;24337240#2;25970859#0;25970859#1;311298665;37628709#1;4970256#5;498033359#3;502325084#1;58621262#0;783907721#2;835445203;876343449#1,runs_J_k16_plain\none_seed9\g011_i001,runs_J_k16_plain\none_seed9\g011_i001\tripinfo.xml
11,2,16,414.3226666666667,-111677671#0;-111681903#0;-28298231;-28468730#0;-498033359#0;-5197062#4;-782714971#0;111677669#4;111677669#5;120682114#3;24337240#7;26216779#0;4935286#2;782710712;782714971#2;835443464,runs_J_k16_plain\none_seed9\g011_i002,runs_J_k16_plain\none_seed9\g011_i002\tripinfo.xml
11,3,16,431.2366666666667,-111677668#3;-111681903#3;-120682114#2;-24337240#4;-25970859#0;-311298685;111677668#4;111681903#2;24337240#4;26216779#1;26216781#2;311298662#0;37628709#1;4935286#2;782714966#1;880137009#0,runs_J_k16_plain\none_seed9\g011_i003,runs_J_k16_plain\none_seed9\g011_i003\tripinfo.xml
11,4,16,623.0893333333333,-111677668#4;-24337240#6;-311298662#0;-74277990;-782714966#1;-835443464;-876343449#1;111677668#4;111677669#2;205590836#2;24337240#2;28468732#1;498033359#3;782714966#0;876343449#0;880137010,runs_J_k16_plain\none_seed9\g011_i004,runs_J_k16_plain\none_seed9\g011_i004\tripinfo.xml
11,5,11,596.9326666666667,-111677671#0;-7365262;-782714966#1;-782714971#0;-835445203;111681905#2;205590836#2;4935286#3;5197062#4;782714966#0;835445203,runs_J_k16_plain\none_seed9\g011_i005,runs_J_k16_plain\none_seed9\g011_i005\tripinfo.xml
11,6,16,1000000000000.0,-25970859#1;-502325084#3;-535519490#0;111681905#2;120682114#1;24337240#0;24337240#1;24337240#7;311298665;502325084#0;782714971#3;783907721#1;7924772;835445203;876057378#3;880137009#0,runs_J_k16_plain\none_seed9\g011_i006,runs_J_k16_plain\none_seed9\g011_i006\tripinfo.xml
11,7,16,666.734,-111677668#3;-120682114#2;-120682114#3;-311298658;-498033359#0;-502325084#0;-783907721#1;111677668#4;111681903#0;111681903#3;24337240#0;26216779#0;26216779#1;28468730#1;498033359#3;502325084#0,runs_J_k16_plain\none_seed9\g011_i007,runs_J_k16_plain\none_seed9\g011_i007\tripinfo.xml
11,8,16,589.3386666666667,-24337240#0;-25970859#0;-28468730#0;-498033359#0;-5197062#4;-7365262;-880137009#0;111681903#0;111681903#3;24337240#0;24337240#1;24337240#4;26216779#0;26216779#1;535519490#0;782710712,runs_J_k16_plain\none_seed9\g011_i008,runs_J_k16_plain\none_seed9\g011_i008\tripinfo.xml
11,9,16,607.8766666666667,-111681903#1;-24337240#3;-28468730#0;-311298658;-498033359#0;-5197062#4;111681903#0;205590836#2;24337240#3;24337240#4;26216779#0;26216779#1;498033359#3;535519490#1;62826731;782714966#1,runs_J_k16_plain\none_seed9\g011_i009,runs_J_k16_plain\none_seed9\g011_i009\tripinfo.xml
11,10,16,424.9166666666667,-24337240#1;-311298662#0;-498033359#0;-783907721#0;-783907721#1;111677669#0;111677669#4;111681903#0;24337240#2;26216779#0;26216781#3;28468730#0;311298662#0;4935286#2;498033359#1;498033359#3,runs_J_k16_plain\none_seed9\g011_i010,runs_J_k16_plain\none_seed9\g011_i010\tripinfo.xml
11,11,16,748.1606666666667,-111677671#0;-111681903#0;-25970859#0;-498033359#3;-782714966#0;-835443464;111681903#3;24337240#0;24337240#1;26216781#2;58621262#0;782714971#3;782714971#4;835443464;876057378#1;876343449#1,runs_J_k16_plain\none_seed9\g011_i011,runs_J_k16_plain\none_seed9\g011_i011\tripinfo.xml
11,12,16,550.95,-205590836#0;-24337240#1;-24337240#3;-25970859#1;111681903#1;24337240#3;24337240#7;26216779#0;26216779#1;28468732#1;4935286#2;4970256#5;535519490#0;783907721#0;783907721#2;7924772,runs_J_k16_plain\none_seed9\g011_i012,runs_J_k16_plain\none_seed9\g011_i012\tripinfo.xml
11,13,16,899.3906666666667,-24337240#1;-24337240#7;-28468730#0;-498033359#0;-782714966#0;120682114#3;24337240#2;26216781#3;28468732#1;311298665;4935286#0;4970256#7;4970256#8;498033359#3;535519490#0;876057378#1,runs_J_k16_plain\none_seed9\g011_i013,runs_J_k16_plain\none_seed9\g011_i013\tripinfo.xml
11,14,16,768.4213333333333,-25970859#0;-498033359#2;-783907721#2;-835443464;-880137009#1;111677668#0;24337240#0;24337240#4;24337240#5;26216781#3;28468730#1;28468732#0;311298662#0;498033359#2;782714971#0;876057378#5,runs_J_k16_plain\none_seed9\g011_i014,runs_J_k16_plain\none_seed9\g011_i014\tripinfo.xml
11,15,16,1000000000000.0,-311298658;-498033359#0;-535519490#1;111681903#0;24337240#3;26216781#1;26216781#2;26216781#3;28468732#1;37628709#1;4935286#2;782714966#1;783907721#1;835443464;876057378#0;876057378#1,runs_J_k16_plain\none_seed9\g011_i015,runs_J_k16_plain\none_seed9\g011_i015\tripinfo.xml
11,16,2,644.456,-880140407;111677668#3,runs_J_k16_plain\none_seed9\g011_i016,runs_J_k16_plain\none_seed9\g011_i016\tripinfo.xml
11,17,16,1000000000000.0,-111681903#0;-120682114#3;-24337240#7;-311298662#0;-498033359#0;-783907721#2;111677668#0;111677669#3;120682114#1;26216779#0;28468730#1;311298685;4935286#2;5197062#3;783907721#2;835443464,runs_J_k16_plain\none_seed9\g011_i017,runs_J_k16_plain\none_seed9\g011_i017\tripinfo.xml
11,18,16,951.0506666666666,-24337240#1;-24337240#2;-24337240#6;-28298231;-311298662#0;-498033359#0;-5197062#4;-880137009#0;111677669#2;111677669#5;25970859#0;26216779#1;28468730#1;311298662#0;782714966#0;880137009#0,runs_J_k16_plain\none_seed9\g011_i018,runs_J_k16_plain\none_seed9\g011_i018\tripinfo.xml
11,19,16,402.73266666666666,-24337240#0;-782714971#3;-880137009#1;111677669#2;111677669#3;24337240#7;26216779#0;311298665;311298685;4935286#2;498033359#0;498033359#1;498033359#3;782714966#0;7924772;835443464,runs_J_k16_plain\none_seed9\g011_i019,runs_J_k16_plain\none_seed9\g011_i019\tripinfo.xml
11,20,16,1000000000000.0,-24337240#1;-24337240#6;-24337240#7;-4950193;-502325084#3;-535519490#0;-783907721#1;-880137009#1;120682114#1;120682114#2;24337240#2;24337240#7;311298682#0;782714966#1;876057376;880137009#1,runs_J_k16_plain\none_seed9\g011_i020,runs_J_k16_plain\none_seed9\g011_i020\tripinfo.xml
11,21,12,538.1506666666667,-25970859#1;-502325084#1;-782714971#0;111677669#3;111681903#3;4935286#2;4970256#5;5197062#3;782714971#2;782714971#3;7924772;876343449#2,runs_J_k16_plain\none_seed9\g011_i021,runs_J_k16_plain\none_seed9\g011_i021\tripinfo.xml
11,22,10,1400.0446666666667,-111677668#3;-120682114#3;-25970859#1;-502325084#3;-5197062#3;111677669#3;111677669#4;120682114#2;24337240#0;782714971#3,runs_J_k16_plain\none_seed9\g011_i022,runs_J_k16_plain\none_seed9\g011_i022\tripinfo.xml
11,23,16,746.8753333333333,-111677668#0;-111677668#4;-111681903#1;-24337240#4;111677669#3;24337240#5;25970859#1;26216779#0;26216781#0;28468732#1;311298662#0;37628709#1;498033359#3;502325084#3;58621262#0;782714966#0,runs_J_k16_plain\none_seed9\g011_i023,runs_J_k16_plain\none_seed9\g011_i023\tripinfo.xml
12,0,16,350.0006666666667,-111677671#0;-24337240#1;-28468730#0;-498033359#0;-5197062#4;111677669#4;111681903#0;24337240#2;26216779#0;28468732#1;37628709#1;4935286#2;498033359#3;62826731;835443464;876057378#2,runs_J_k16_plain\none_seed9\g012_i000,runs_J_k16_plain\none_seed9\g012_i000\tripinfo.xml
12,1,16,660.7046666666666,-25970859#1;-498033359#3;-876343449#2;-880137009#1;111677669#2;24337240#3;24337240#4;24337240#7;28468730#1;498033359#0;498033359#1;502325084#0;5197062#3;535519490#0;58621262#0;783907721#1,runs_J_k16_plain\none_seed9\g012_i001,runs_J_k16_plain\none_seed9\g012_i001\tripinfo.xml
12,2,3,661.2246666666666,-311298682#0;111681903#0;26216779#0,runs_J_k16_plain\none_seed9\g012_i002,runs_J_k16_plain\none_seed9\g012_i002\tripinfo.xml
12,3,15,615.6086666666666,-111677668#0;-24337240#0;-311298662#0;-880137009#1;111681903#0;111681903#3;24337240#0;24337240#1;24337240#4;26216779#1;498033359#2;535519490#0;782714966#1;876343449#2;880137009#1,runs_J_k16_plain\none_seed9\g012_i003,runs_J_k16_plain\none_seed9\g012_i003\tripinfo.xml
12,4,16,547.4393333333334,-24337240#4;-535519490#1;-880137009#1;111677669#2;24337240#4;24337240#7;26216781#0;26216781#2;311298662#0;4935286#1;4935286#2;4970256#8;498033359#0;498033359#3;782714966#0;7924772,runs_J_k16_plain\none_seed9\g012_i004,runs_J_k16_plain\none_seed9\g012_i004\tripinfo.xml
12,5,16,1000000000000.0,-111677668#3;-24337240#1;-311298662#1;-311298685;-535519490#0;-835443464;111677668#4;111681903#3;205590836#2;24337240#7;25970859#1;26216779#0;311298662#1;37628709#1;782714971#2;880137009#0,runs_J_k16_plain\none_seed9\g012_i005,runs_J_k16_plain\none_seed9\g012_i005\tripinfo.xml
12,6,16,1000000000000.0,-111677668#3;-120682114#3;-28468730#0;-311298662#1;111677668#4;111681903#0;111681905#2;26216781#2;311298665;4935286#2;782714966#1;782714971#4;783907721#2;876057378#3;876343449#0;876343449#1,runs_J_k16_plain\none_seed9\g012_i006,runs_J_k16_plain\none_seed9\g012_i006\tripinfo.xml
12,7,5,675.1406666666667,-111677668#4;111677668#4;498033359#1;498033359#3;783907721#2,runs_J_k16_plain\none_seed9\g012_i007,runs_J_k16_plain\none_seed9\g012_i007\tripinfo.xml
12,8,16,585.3333333333334,-111677668#0;-24337240#0;-498033359#1;-783907721#1;-876343449#1;111677668#3;111677669#3;111677669#4;24337240#5;311298665;4970256#7;4970256#8;498033359#0;58621262#0;835443464;876343449#2,runs_J_k16_plain\none_seed9\g012_i008,runs_J_k16_plain\none_seed9\g012_i008\tripinfo.xml
12,9,16,807.888,-111677668#0;-111681903#0;-24337240#1;-25970859#1;-311298685;-498033359#0;-782714971#1;111677668#3;311298662#0;4935286#0;4970256#7;782714971#1;783907721#1;7924772;876057378#5;876343449#1,runs_J_k16_plain\none_seed9\g012_i009,runs_J_k16_plain\none_seed9\g012_i009\tripinfo.xml
12,10,16,421.30533333333335,-28298231;-782714966#0;-782714971#0;111681903#0;111681903#2;24337240#2;24337240#4;26216781#3;28468732#1;4935286#2;4970256#8;498033359#2;498033359#3;5197062#3;535519490#0;876343449#2,runs_J_k16_plain\none_seed9\g012_i010,runs_J_k16_plain\none_seed9\g012_i010\tripinfo.xml
12,11,16,709.0633333333334,-205590836#0;-28298231;-311298662#0;-783907721#2;111677669#3;111677669#5;111681903#0;26216779#0;26216781#0;26216781#3;28468732#0;28468732#1;311298662#0;4935286#2;498033359#3;502325084#1,runs_J_k16_plain\none_seed9\g012_i011,runs_J_k16_plain\none_seed9\g012_i011\tripinfo.xml
12,12,16,464.46666666666664,-111677671#0;-24337240#1;-24337240#3;-28468730#0;-876343449#1;24337240#3;24337240#7;26216779#0;26216781#3;311298685;37628709#1;4935286#2;4970256#8;782710712;782714971#2;835443464,runs_J_k16_plain\none_seed9\g012_i012,runs_J_k16_plain\none_seed9\g012_i012\tripinfo.xml
12,13,16,543.5246666666667,-24337240#0;-25970859#1;111677668#3;111677669#2;111677669#4;111681903#1;26216781#3;311298662#0;311298665;311298685;37628709#1;4970256#7;498033359#3;782714966#0;835445203;876057378#1,runs_J_k16_plain\none_seed9\g012_i013,runs_J_k16_plain\none_seed9\g012_i013\tripinfo.xml
12,14,16,3148.49,-111677671#0;-24337240#1;-498033359#0;-880140407;111677669#3;28468732#0;4970256#8;498033359#1;498033359#3;62826731;782714971#3;7924772;835443464;835445203;876057378#2;880137010,runs_J_k16_plain\none_seed9\g012_i014,runs_J_k16_plain\none_seed9\g012_i014\tripinfo.xml
12,15,16,1064.6873333333333,-24337240#7;-25970859#1;111677668#3;120682114#3;24337240#3;24337240#5;26216779#1;28468732#1;311298665;4935286#3;535519490#0;58621262#0;783907721#2;835443464;876057378#3;876057378#4,runs_J_k16_plain\none_seed9\g012_i015,runs_J_k16_plain\none_seed9\g012_i015\tripinfo.xml
12,16,16,1864.6326666666666,-111681903#3;-24337240#1;-311298662#0;-498033359#3;-876343449#1;-880137009#1;24337240#7;25970859#0;26216779#0;311298662#0;311298682#0;4935286#2;4970256#5;498033359#0;7924772;876343449#2,runs_J_k16_plain\none_seed9\g012_i016,runs_J_k16_plain\none_seed9\g012_i016\tripinfo.xml
12,17,16,842.3813333333334,-111681903#1;-24337240#4;-24337240#7;-782714971#1;111677669#2;24337240#7;26216779#0;26216781#1;28468730#0;311298665;311298682#0;498033359#0;498033359#1;782710712;782714971#0;835443464,runs_J_k16_plain\none_seed9\g012_i017,runs_J_k16_plain\none_seed9\g012_i017\tripinfo.xml
12,18,16,474.098,-111677668#0;-111681903#0;-24337240#0;-876343449#2;111677669#2;111677669#3;24337240#7;28468732#1;311298665;311298685;37628709#0;498033359#1;62826731;782714966#0;7924772;835443464,runs_J_k16_plain\none_seed9\g012_i018,runs_J_k16_plain\none_seed9\g012_i018\tripinfo.xml
12,19,16,738.8533333333334,-111681903#3;-311298685;-498033359#0;-502325084#0;-5197062#4;-783907721#0;-783907721#1;111677668#4;111677669#0;111681903#0;26216779#0;28468730#0;311298662#0;311298665;5197062#3;783907721#1,runs_J_k16_plain\none_seed9\g012_i019,runs_J_k16_plain\none_seed9\g012_i019\tripinfo.xml
12,20,16,1000000000000.0,-28298231;-311298662#0;-311298665;-498033359#0;-782714971#1;-783907721#0;120682114#1;120682114#3;24337240#2;24337240#5;28468732#1;311298662#0;498033359#1;498033359#3;5197062#4;876057376,runs_J_k16_plain\none_seed9\g012_i020,runs_J_k16_plain\none_seed9\g012_i020\tripinfo.xml
12,21,12,1000000000000.0,-111677668#4;-311298685;-535519490#0;111677668#4;111677669#1;111677669#2;205590836#2;24337240#2;28468730#0;28468732#1;58621262#0;880137009#1,runs_J_k16_plain\none_seed9\g012_i021,runs_J_k16_plain\none_seed9\g012_i021\tripinfo.xml
12,22,16,1832.6766666666667,-111677671#0;-111681903#3;-120682114#2;-24337240#6;-25970859#1;-311298662#0;-502325084#0;-782714966#1;-835443464;-876343449#1;111677671#0;37628709#1;4970256#6;502325084#0;5197062#4;880137010,runs_J_k16_plain\none_seed9\g012_i022,runs_J_k16_plain\none_seed9\g012_i022\tripinfo.xml
12,23,4,637.1193333333333,-24337240#2;-880140407;24337240#7;7924772,runs_J_k16_plain\none_seed9\g012_i023,runs_J_k16_plain\none_seed9\g012_i023\tripinfo.xml
13,0,16,350.0006666666667,-111677671#0;-24337240#1;-28468730#0;-498033359#0;-5197062#4;111677669#4;111681903#0;24337240#2;26216779#0;28468732#1;37628709#1;4935286#2;498033359#3;62826731;835443464;876057378#2,runs_J_k16_plain\none_seed9\g013_i000,runs_J_k16_plain\none_seed9\g013_i000\tripinfo.xml
13,1,16,800.2606666666667,-111677668#0;-24337240#3;-311298662#0;-498033359#0;-5197062#3;-782714966#0;-782714971#2;111681903#0;26216781#0;28468730#1;311298665;4935286#3;782714966#1;782714971#0;835443464;876057378#0,runs_J_k16_plain\none_seed9\g013_i001,runs_J_k16_plain\none_seed9\g013_i001\tripinfo.xml
13,2,16,700.0906666666667,-111681903#0;-205590836#0;-311298662#0;-311298682#0;-782714966#1;-782714971#2;120682114#3;24337240#2;24337240#4;24337240#7;26216781#2;28468732#1;502325084#1;535519490#0;782714966#0;876057378#5,runs_J_k16_plain\none_seed9\g013_i002,runs_J_k16_plain\none_seed9\g013_i002\tripinfo.xml
13,3,16,815.1853333333333,-111677671#0;-24337240#1;-28468730#0;-311298662#1;111677668#0;111681905#2;24337240#2;28468730#1;28468732#1;37628709#1;498033359#3;5197062#4;62826731;782714971#3;876057376;876057378#2,runs_J_k16_plain\none_seed9\g013_i003,runs_J_k16_plain\none_seed9\g013_i003\tripinfo.xml
13,4,16,444.1906666666667,-111677671#0;-111681903#1;-111681903#3;-24337240#1;-74277990;-782714971#1;-783907721#2;-835443464;111677669#4;26216779#0;26216781#2;37628709#1;4935286#2;498033359#0;835443464;876343449#2,runs_J_k16_plain\none_seed9\g013_i004,runs_J_k16_plain\none_seed9\g013_i004\tripinfo.xml
13,5,16,622.9913333333334,-111677668#0;-111681903#0;-24337240#0;-24337240#3;-311298662#0;-498033359#2;-502325084#1;111677668#3;111677669#0;111677669#2;24337240#0;24337240#1;498033359#2;5197062#3;782714966#1;876343449#0,runs_J_k16_plain\none_seed9\g013_i005,runs_J_k16_plain\none_seed9\g013_i005\tripinfo.xml
13,6,16,602.458,-111677668#0;-111677668#3;-111677668#4;-111681903#3;-205590836#0;-782714971#3;-880137009#1;111677669#1;111681903#0;111681905#1;111681905#2;311298662#1;37628709#0;498033359#1;5197062#3;535519490#0,runs_J_k16_plain\none_seed9\g013_i006,runs_J_k16_plain\none_seed9\g013_i006\tripinfo.xml
13,7,16,394.39933333333335,-111677668#4;-24337240#0;111677669#1;111677669#5;26216781#3;311298662#0;311298662#1;311298665;37628709#1;4935286#0;4935286#2;535519490#1;782714966#0;835445203;876057378#1;876057378#2,runs_J_k16_plain\none_seed9\g013_i007,runs_J_k16_plain\none_seed9\g013_i007\tripinfo.xml
13,8,16,1000000000000.0,-120682114#3;-28298231;-311298665;-311298682#0;-782714966#0;-782714971#3;-876343449#2;-880137009#0;111681903#2;24337240#2;24337240#4;25970859#0;4935299#1;5197062#3;783907721#0;876343449#0,runs_J_k16_plain\none_seed9\g013_i008,runs_J_k16_plain\none_seed9\g013_i008\tripinfo.xml
13,9,16,629.8393333333333,-111681903#0;-111681903#2;-120682114#3;-24337240#7;-782714966#1;-876343449#1;111677669#5;111681903#3;24337240#2;24337240#3;26216781#3;37628709#1;4935286#2;498033359#3;782710712;835443464,runs_J_k16_plain\none_seed9\g013_i009,runs_J_k16_plain\none_seed9\g013_i009\tripinfo.xml
13,10,16,492.018,-111681903#3;-24337240#4;-25970859#1;-28468730#0;-5197062#4;111677669#4;24337240#2;37628709#1;4935286#2;498033359#3;5197062#3;782714971#0;835443464;876057376;876343449#0;880137009#1,runs_J_k16_plain\none_seed9\g013_i010,runs_J_k16_plain\none_seed9\g013_i010\tripinfo.xml
13,11,16,666.3453333333333,-24337240#1;-28468730#0;-311298682#0;-502325084#0;-7365262;-783907721#1;-783907721#2;-880137009#1;111681903#0;28468732#0;28468732#1;311298682#0;311298685;4935286#0;835443464;876343449#2,runs_J_k16_plain\none_seed9\g013_i011,runs_J_k16_plain\none_seed9\g013_i011\tripinfo.xml
13,12,16,432.94866666666667,-111677671#0;-311298662#0;-502325084#1;-502325084#3;-782714971#0;111681905#1;24337240#2;24337240#3;26216779#0;26216781#3;4935286#2;4970256#6;4970256#8;498033359#3;5197062#3;876343449#2,runs_J_k16_plain\none_seed9\g013_i012,runs_J_k16_plain\none_seed9\g013_i012\tripinfo.xml
13,13,16,459.88733333333334,-120682114#1;-28468730#0;-311298682#0;-502325084#1;-7365262;120682114#3;25970859#1;28468732#1;311298662#1;4935286#2;4970256#8;502325084#3;7924772;835443464;876057378#1;880137009#1,runs_J_k16_plain\none_seed9\g013_i013,runs_J_k16_plain\none_seed9\g013_i013\tripinfo.xml
13,14,16,609.524,-111677668#4;-4950193;-5197062#4;-782714971#0;111677669#4;111681903#0;24337240#2;26216779#0;37628709#1;4970256#5;498033359#3;502325084#1;782714966#1;783907721#1;876057378#2;876343449#2,runs_J_k16_plain\none_seed9\g013_i014,runs_J_k16_plain\none_seed9\g013_i014\tripinfo.xml
13,15,16,626.2206666666667,-111677671#0;-24337240#1;-28468730#0;-502325084#1;-783907721#1;111677669#2;24337240#3;311298658;311298685;37628709#1;4935286#2;4935286#3;4970256#8;535519490#1;782714966#0;876057378#3,runs_J_k16_plain\none_seed9\g013_i015,runs_J_k16_plain\none_seed9\g013_i015\tripinfo.xml
13,16,16,1377.0566666666666,-24337240#6;-28468730#0;-498033359#0;-782714971#2;-880137009#1;120682114#2;24337240#2;26216779#0;311298662#1;311298682#0;4935286#1;4970256#8;498033359#3;62826731;835443464;876057378#2,runs_J_k16_plain\none_seed9\g013_i016,runs_J_k16_plain\none_seed9\g013_i016\tripinfo.xml
13,17,16,639.5246666666667,-24337240#2;-24337240#6;-498033359#2;-7365262;111677669#1;111677669#3;111681903#3;111681905#1;26216779#0;37628709#0;5197062#4;58621262#0;782710712;835443464;880137009#1;880137010,runs_J_k16_plain\none_seed9\g013_i017,runs_J_k16_plain\none_seed9\g013_i017\tripinfo.xml
13,18,16,855.096,-111677671#0;-120682114#2;-24337240#0;-24337240#1;-311298662#1;-311298682#0;-876343449#1;111677669#4;111681903#0;24337240#3;25970859#1;311298665;4970256#7;876057378#3;876343449#0;876343449#2,runs_J_k16_plain\none_seed9\g013_i018,runs_J_k16_plain\none_seed9\g013_i018\tripinfo.xml
13,19,16,380.12333333333333,-111681903#0;-111681903#2;-311298658;-311298662#1;-498033359#0;-498033359#3;111677669#0;111677669#4;111681903#0;28468730#1;37628709#1;4935286#2;4970256#5;782714966#0;782714966#1;835443464,runs_J_k16_plain\none_seed9\g013_i019,runs_J_k16_plain\none_seed9\g013_i019\tripinfo.xml
13,20,16,1000000000000.0,-111677668#0;-28468730#0;-311298662#0;-311298685;-5197062#4;-74277990;-880140407;111677669#2;131942152;24337240#1;26216779#1;26216781#3;28468732#1;535519490#0;783907721#2;876343449#2,runs_J_k16_plain\none_seed9\g013_i020,runs_J_k16_plain\none_seed9\g013_i020\tripinfo.xml
13,21,16,387.73266666666666,-28298231;-311298662#0;111677669#4;111681903#0;111681903#2;24337240#2;24337240#3;25970859#1;4935286#2;498033359#2;5197062#3;835443464;876057378#1;876343449#1;876343449#2;880137009#1,runs_J_k16_plain\none_seed9\g013_i021,runs_J_k16_plain\none_seed9\g013_i021\tripinfo.xml
13,22,16,861.6713333333333,-120682114#1;-24337240#0;-25970859#0;-782714971#0;-880137009#1;111681903#0;24337240#0;28468730#1;311298658;4935286#1;498033359#2;535519490#0;535519490#1;58621262#0;876343449#0;876343449#2,runs_J_k16_plain\none_seed9\g013_i022,runs_J_k16_plain\none_seed9\g013_i022\tripinfo.xml
13,23,16,1802.46,-111681903#3;-24337240#1;-28468730#0;-311298662#1;-502325084#0;-876343449#1;111677668#3;111681903#0;111681903#1;24337240#7;26216781#3;4935286#0;4935286#2;782710712;876057378#1;876057378#5,runs_J_k16_plain\none_seed9\g013_i023,runs_J_k16_plain\none_seed9\g013_i023\tripinfo.xml
14,0,16,350.0006666666667,-111677671#0;-24337240#1;-28468730#0;-498033359#0;-5197062#4;111677669#4;111681903#0;24337240#2;26216779#0;28468732#1;37628709#1;4935286#2;498033359#3;62826731;835443464;876057378#2,runs_J_k16_plain\none_seed9\g014_i000,runs_J_k16_plain\none_seed9\g014_i000\tripinfo.xml
14,1,11,432.44666666666666,-111681903#3;-782714971#3;-783907721#1;111677669#5;311298665;4935286#3;498033359#0;502325084#1;5197062#3;876057378#1;876057378#3,runs_J_k16_plain\none_seed9\g014_i001,runs_J_k16_plain\none_seed9\g014_i001\tripinfo.xml
14,2,16,614.7393333333333,-111677668#0;-120682114#3;-835443464;-876343449#1;111677669#0;111681903#0;24337240#2;311298662#0;4935286#0;4935286#1;535519490#1;58621262#1;835443464;876057378#1;876343449#2;880137009#1,runs_J_k16_plain\none_seed9\g014_i002,runs_J_k16_plain\none_seed9\g014_i002\tripinfo.xml
14,3,16,441.848,-111677668#4;-24337240#3;-24337240#6;-311298658;-5197062#4;-783907721#2;-876343449#0;26216781#2;37628709#1;4935286#2;4935299#1;4970256#5;498033359#3;502325084#1;58621262#1;876343449#0,runs_J_k16_plain\none_seed9\g014_i003,runs_J_k16_plain\none_seed9\g014_i003\tripinfo.xml
14,4,16,421.8546666666667,-111681903#1;-111681903#3;-498033359#0;-498033359#3;-5197062#3;-74277990;-782714971#1;111681905#2;28468730#1;4935286#2;4970256#5;498033359#0;5197062#3;58621262#0;783907721#1;876057378#3,runs_J_k16_plain\none_seed9\g014_i004,runs_J_k16_plain\none_seed9\g014_i004\tripinfo.xml
14,5,16,513.134,-111681903#3;-120682114#1;-24337240#6;-311298662#0;-311298662#1;-502325084#1;26216779#1;26216781#3;37628709#1;4935286#2;4970256#6;4970256#7;4970256#8;782714971#3;783907721#0;835445203,runs_J_k16_plain\none_seed9\g014_i005,runs_J_k16_plain\none_seed9\g014_i005\tripinfo.xml
14,6,16,676.02,-111677671#0;-24337240#0;-24337240#7;-311298665;-498033359#1;-783907721#1;111677669#1;111681905#1;24337240#2;26216781#3;311298662#0;4970256#6;5197062#3;535519490#1;876057378#1;876343449#2,runs_J_k16_plain\none_seed9\g014_i006,runs_J_k16_plain\none_seed9\g014_i006\tripinfo.xml
14,7,8,370.17066666666665,-111677668#0;111677669#2;111681903#2;24337240#2;25970859#1;4935286#2;876057378#1;880137009#0,runs_J_k16_plain\none_seed9\g014_i007,runs_J_k16_plain\none_seed9\g014_i007\tripinfo.xml
14,8,16,1279.3746666666666,-111677671#0;-111681903#3;-24337240#1;-498033359#0;-502325084#0;111677669#4;111681903#3;24337240#2;24337240#7;26216779#0;28468732#1;37628709#1;4970256#5;782714971#2;876057378#5;876343449#1,runs_J_k16_plain\none_seed9\g014_i008,runs_J_k16_plain\none_seed9\g014_i008\tripinfo.xml
14,9,16,650.9033333333333,-24337240#0;-25970859#1;-535519490#0;-7365262;-782714971#1;-880137009#0;111677669#2;120682114#3;28468730#1;37628709#1;4935286#2;783907721#0;835443464;876057378#1;876057378#3;880137009#1,runs_J_k16_plain\none_seed9\g014_i009,runs_J_k16_plain\none_seed9\g014_i009\tripinfo.xml
14,10,16,627.6746666666667,-120682114#1;-24337240#1;-24337240#4;-28468730#0;-502325084#3;-74277990;120682114#1;24337240#2;24337240#5;25970859#1;28468732#1;311298662#1;311298682#0;782714971#1;783907721#2;876343449#2,runs_J_k16_plain\none_seed9\g014_i010,runs_J_k16_plain\none_seed9\g014_i010\tripinfo.xml
14,11,16,1195.8106666666667,-111681903#0;-111681903#3;-311298662#1;-7365262;111677669#0;111681903#3;120682114#3;24337240#2;24337240#7;25970859#1;498033359#2;535519490#1;782714971#1;7924772;876343449#0;880137009#1,runs_J_k16_plain\none_seed9\g014_i011,runs_J_k16_plain\none_seed9\g014_i011\tripinfo.xml
14,12,13,1000000000000.0,-24337240#3;-311298665;-311298682#0;-5197062#4;-876343449#1;111681903#1;4935286#2;5197062#3;782714971#0;835443464;876057376;876343449#0;880137009#1,runs_J_k16_plain\none_seed9\g014_i012,runs_J_k16_plain\none_seed9\g014_i012\tripinfo.xml
14,13,16,1000000000000.0,-111677668#0;-111681903#0;-311298665;-311298685;-782714971#2;111677669#0;111677669#2;24337240#0;24337240#1;25970859#0;311298685;4935299#1;5197062#3;876057378#4;876057378#5;876343449#0,runs_J_k16_plain\none_seed9\g014_i013,runs_J_k16_plain\none_seed9\g014_i013\tripinfo.xml
14,14,16,664.9186666666667,-111677668#4;-111681903#3;-24337240#2;-498033359#0;-782714971#1;-835443464;111677669#4;111681905#2;24337240#2;24337240#7;26216779#0;28468732#1;4935286#2;4935286#3;835443464;876343449#2,runs_J_k16_plain\none_seed9\g014_i014,runs_J_k16_plain\none_seed9\g014_i014\tripinfo.xml
14,15,16,792.8346666666666,-24337240#1;-311298658;-311298662#1;-498033359#3;111677669#4;111681903#0;24337240#3;24337240#5;25970859#1;311298665;4970256#6;835443464;876057378#1;876343449#1;880137009#1;880140407,runs_J_k16_plain\none_seed9\g014_i015,runs_J_k16_plain\none_seed9\g014_i015\tripinfo.xml
14,16,16,772.1586666666667,-111677671#0;-111681903#0;-111681903#1;-498033359#2;-535519490#1;-783907721#2;-835443464;120682114#1;28468732#0;4935286#2;498033359#0;498033359#3;535519490#0;835443464;876343449#2;880137009#1,runs_J_k16_plain\none_seed9\g014_i016,runs_J_k16_plain\none_seed9\g014_i016\tripinfo.xml
14,17,16,601.4333333333333,-111681903#3;-24337240#6;-311298658;-311298662#0;-502325084#1;-5197062#4;-782714966#0;-782714966#1;-876343449#2;-880137009#0;111681903#0;311298662#1;747448014;782714966#1;782714971#0;783907721#2,runs_J_k16_plain\none_seed9\g014_i017,runs_J_k16_plain\none_seed9\g014_i017\tripinfo.xml
14,18,16,632.472,-24337240#3;-782714966#1;-782714971#0;-782714971#1;-783907721#1;-876343449#1;-880137009#1;111677668#0;111677669#1;26216781#0;28468730#0;311298665;4935286#3;498033359#0;498033359#1;535519490#0,runs_J_k16_plain\none_seed9\g014_i018,runs_J_k16_plain\none_seed9\g014_i018\tripinfo.xml
14,19,16,503.06666666666666,-111677671#0;-111681903#2;-28468730#0;-311298685;-498033359#0;-535519490#1;-782714971#2;-782714971#4;-876343449#2;111677669#0;111677669#4;111681903#0;120682114#1;4935286#2;4935286#3;876057378#2,runs_J_k16_plain\none_seed9\g014_i019,runs_J_k16_plain\none_seed9\g014_i019\tripinfo.xml
14,20,16,576.9213333333333,-24337240#7;-311298658;-498033359#0;-5197062#4;-74277990;-782714966#1;-880140407;111681903#0;111681905#2;24337240#7;28468732#1;37628709#1;4935286#2;782714966#0;782714971#1;835443464,runs_J_k16_plain\none_seed9\g014_i020,runs_J_k16_plain\none_seed9\g014_i020\tripinfo.xml
14,21,16,662.572,-782714971#3;111677669#0;111677669#4;111681903#0;111681903#3;205590836#2;25970859#1;26216779#1;26216781#0;28468730#1;37628709#1;4970256#6;498033359#3;782714966#0;782714966#1;876057378#2,runs_J_k16_plain\none_seed9\g014_i021,runs_J_k16_plain\none_seed9\g014_i021\tripinfo.xml
14,22,16,467.11133333333333,-28468730#0;-311298658;-498033359#0;-5197062#4;-7365262;111681903#0;25970859#0;28468732#1;37628709#0;37628709#1;4935299#1;502325084#0;535519490#0;782714971#4;835443464;835445203,runs_J_k16_plain\none_seed9\g014_i022,runs_J_k16_plain\none_seed9\g014_i022\tripinfo.xml
14,23,16,649.7713333333334,-111677668#0;-111677668#4;-111681903#1;-205590836#0;-24337240#2;-24337240#7;-782714971#3;-876343449#0;111677669#0;111681903#0;24337240#1;24337240#7;28468730#1;37628709#0;498033359#0;880137009#1,runs_J_k16_plain\none_seed9\g014_i023,runs_J_k16_plain\none_seed9\g014_i023\tripinfo.xml
15,0,16,350.0006666666667,-111677671#0;-24337240#1;-28468730#0;-498033359#0;-5197062#4;111677669#4;111681903#0;24337240#2;26216779#0;28468732#1;37628709#1;4935286#2;498033359#3;62826731;835443464;876057378#2,runs_J_k16_plain\none_seed9\g015_i000,runs_J_k16_plain\none_seed9\g015_i000\tripinfo.xml
15,1,4,727.614,-111677668#0;-111681903#0;-111681903#2;311298665,runs_J_k16_plain\none_seed9\g015_i001,runs_J_k16_plain\none_seed9\g015_i001\tripinfo.xml
15,2,16,695.3226666666667,-111677668#0;-502325084#1;-782714971#0;-783907721#1;111681903#2;111681905#2;24337240#2;25970859#0;25970859#1;311298662#0;311298682#0;4935286#2;498033359#2;876057378#1;880137009#0;880137010,runs_J_k16_plain\none_seed9\g015_i002,runs_J_k16_plain\none_seed9\g015_i002\tripinfo.xml
15,3,16,366.3206666666667,-24337240#1;-498033359#0;-5197062#4;-782714966#1;-782714971#2;205590836#2;24337240#2;26216779#0;28468730#0;37628709#1;4935286#2;4970256#8;747448014;783907721#1;835443464;876057378#2,runs_J_k16_plain\none_seed9\g015_i003,runs_J_k16_plain\none_seed9\g015_i003\tripinfo.xml
15,4,16,1244.094,-111677671#0;-24337240#1;-498033359#0;-498033359#3;-5197062#4;111677669#1;111677669#4;111681903#0;120682114#2;25970859#0;26216779#0;28468732#1;4935286#2;4970256#7;498033359#3;747448014,runs_J_k16_plain\none_seed9\g015_i004,runs_J_k16_plain\none_seed9\g015_i004\tripinfo.xml
15,5,16,1291.0153333333333,-111681903#0;-24337240#0;-24337240#1;-782714966#1;111681903#0;120682114#2;24337240#0;26216781#0;37628709#1;4935286#2;4970256#5;498033359#3;58621262#0;62826731;876057378#2;880137009#0,runs_J_k16_plain\none_seed9\g015_i005,runs_J_k16_plain\none_seed9\g015_i005\tripinfo.xml
15,6,16,687.2666666666667,-111677668#0;-120682114#3;-25970859#1;-28468730#0;-5197062#4;-876343449#0;111677669#3;111681903#0;111681903#2;25970859#1;26216779#1;28468730#0;502325084#1;5197062#3;876057378#1;876057378#5,runs_J_k16_plain\none_seed9\g015_i006,runs_J_k16_plain\none_seed9\g015_i006\tripinfo.xml
15,7,16,802.7286666666666,-535519490#0;-782714966#1;-880140407;111677668#0;111677669#5;26216779#0;28468732#0;311298682#0;37628709#1;4935286#1;4970256#8;782714971#4;835443464;876343449#1;876343449#2;880137010,runs_J_k16_plain\none_seed9\g015_i007,runs_J_k16_plain\none_seed9\g015_i007\tripinfo.xml
15,8,16,518.336,-24337240#1;-498033359#0;-5197062#4;-783907721#0;-880137009#0;111681903#0;111681905#2;37628709#1;4935286#2;498033359#0;5197062#3;535519490#1;782714966#0;783907721#2;835443464;880137009#0,runs_J_k16_plain\none_seed9\g015_i008,runs_J_k16_plain\none_seed9\g015_i008\tripinfo.xml
15,9,16,552.0266666666666,-111677671#0;-111681903#2;-205590836#0;-24337240#0;-28468730#0;-311298662#0;-311298685;-535519490#1;-782714971#4;111677669#0;111677669#1;111681903#0;111681903#2;205590836#2;4935286#2;502325084#1,runs_J_k16_plain\none_seed9\g015_i009,runs_J_k16_plain\none_seed9\g015_i009\tripinfo.xml
15,10,16,1000000000000.0,-111677671#0;-111681903#2;-311298685;-782714966#0;-782714971#2;111677668#4;111681903#0;111681905#1;205590836#2;24337240#2;26216781#3;28468730#0;4935286#2;4935286#3;502325084#3;876057378#2,runs_J_k16_plain\none_seed9\g015_i010,runs_J_k16_plain\none_seed9\g015_i010\tripinfo.xml
15,11,16,600.214,-111681903#1;-205590836#0;-5197062#3;-7365262;-74277990;111677669#3;111681905#2;120682114#3;4935286#3;502325084#0;502325084#3;58621262#0;782710712;876057378#2;876057378#3;876057378#5,runs_J_k16_plain\none_seed9\g015_i011,runs_J_k16_plain\none_seed9\g015_i011\tripinfo.xml
15,12,16,691.0326666666666,-120682114#2;-311298685;-498033359#0;-74277990;-782714971#4;-783907721#2;111681905#2;26216779#0;311298662#1;4970256#5;4970256#6;498033359#0;58621262#0;782714966#0;783907721#1;876057378#3,runs_J_k16_plain\none_seed9\g015_i012,runs_J_k16_plain\none_seed9\g015_i012\tripinfo.xml
15,13,16,601.4173333333333,-111677671#0;-24337240#2;-24337240#6;-311298662#1;-535519490#1;-74277990;-782714971#2;-782714971#3;111677669#3;26216779#1;4935286#3;4935299#1;4970256#7;783907721#0;876057378#0;876057378#1,runs_J_k16_plain\none_seed9\g015_i013,runs_J_k16_plain\none_seed9\g015_i013\tripinfo.xml
15,14,12,508.38733333333334,-111681903#2;-311298682#0;111677671#0;26216781#3;311298662#0;311298665;311298685;37628709#1;5197062#3;535519490#0;782714966#1;782714971#3,runs_J_k16_plain\none_seed9\g015_i014,runs_J_k16_plain\none_seed9\g015_i014\tripinfo.xml
15,15,16,727.1253333333333,-311298662#1;-5197062#3;-7365262;-74277990;-782714966#1;111677669#0;111677669#4;111677671#0;311298662#1;498033359#1;502325084#3;58621262#0;747448014;782714971#4;783907721#2;880137010,runs_J_k16_plain\none_seed9\g015_i015,runs_J_k16_plain\none_seed9\g015_i015\tripinfo.xml
15,16,16,657.4806666666667,-111677671#0;-311298682#0;-782714966#0;-782714971#2;-782714971#4;-876343449#2;-880137009#0;111677668#4;111681903#0;111681905#2;205590836#2;4970256#6;782714966#0;782714971#0;876343449#1;876343449#2,runs_J_k16_plain\none_seed9\g015_i016,runs_J_k16_plain\none_seed9\g015_i016\tripinfo.xml
15,17,16,812.0693333333334,-111677671#0;-24337240#1;-25970859#0;-498033359#3;-74277990;-782714971#1;111681903#0;24337240#7;26216781#2;28468732#1;4935286#2;4970256#5;498033359#2;5197062#3;58621262#0;835445203,runs_J_k16_plain\none_seed9\g015_i017,runs_J_k16_plain\none_seed9\g015_i017\tripinfo.xml
15,18,16,766.936,-111681903#1;-498033359#1;-5197062#3;-783907721#1;-876343449#0;111681903#0;111681905#2;120682114#3;25970859#0;26216779#0;37628709#0;37628709#1;4970256#5;498033359#3;5197062#3;58621262#1,runs_J_k16_plain\none_seed9\g015_i018,runs_J_k16_plain\none_seed9\g015_i018\tripinfo.xml
15,19,16,398.0726666666667,-24337240#0;-28298231;-880137009#1;111677668#3;111677669#5;111681903#2;111681903#3;28468732#0;4935286#2;5197062#4;535519490#0;535519490#1;7924772;876343449#2;880137009#0;880137009#1,runs_J_k16_plain\none_seed9\g015_i019,runs_J_k16_plain\none_seed9\g015_i019\tripinfo.xml
15,20,16,610.904,-111677668#0;-111681903#2;-311298658;-502325084#1;-782714971#2;-876343449#1;111681903#2;25970859#0;25970859#1;28468730#1;4935286#2;535519490#0;876057378#1;876057378#5;876343449#2;880137009#0,runs_J_k16_plain\none_seed9\g015_i020,runs_J_k16_plain\none_seed9\g015_i020\tripinfo.xml
15,21,16,1686.0913333333333,-111681903#3;-5197062#3;-782714971#2;111681903#0;111681903#2;120682114#2;24337240#7;311298665;4935286#2;5197062#3;62826731;782714971#2;835443464;876057378#2;876057378#3;880137009#0,runs_J_k16_plain\none_seed9\g015_i021,runs_J_k16_plain\none_seed9\g015_i021\tripinfo.xml
15,22,16,520.412,-111677668#0;-111677671#0;-111681903#1;-24337240#6;-311298662#1;-311298685;-498033359#3;-74277990;-782714966#1;-782714971#1;-782714971#3;26216779#0;311298662#1;4935286#2;498033359#3;876057378#1,runs_J_k16_plain\none_seed9\g015_i022,runs_J_k16_plain\none_seed9\g015_i022\tripinfo.xml
15,23,16,593.318,-111681903#3;-120682114#3;-498033359#3;-5197062#4;-782714966#0;-782714971#3;111677668#4;111677669#2;111677669#5;111681903#0;26216781#1;4935286#3;498033359#0;58621262#1;876057378#3;880137009#0,runs_J_k16_plain\none_seed9\g015_i023,runs_J_k16_plain\none_seed9\g015_i023\tripinfo.xml
