gen,idx,k,score,closed_edges,run_dir,tripinfo
1,0,8,632.7413333333334,-502325084#0;-535519490#1;-7365262;111677671#0;111681905#2;24337240#3;26216781#3;4935286#2,runs_J_k16_plain\both_seed0\g001_i000,runs_J_k16_plain\both_seed0\g001_i000\tripinfo.xml
1,1,14,1000000000000.0,-111681903#1;-24337240#7;-311298658;-311298665;-782714971#2;111677669#0;205590836#2;26216781#1;4935286#2;4935286#3;498033359#0;535519490#1;876057376;876343449#2,runs_J_k16_plain\both_seed0\g001_i001,runs_J_k16_plain\both_seed0\g001_i001\tripinfo.xml
1,2,2,1000000000000.0,-311298665;4935286#2,runs_J_k16_plain\both_seed0\g001_i002,runs_J_k16_plain\both_seed0\g001_i002\tripinfo.xml
1,3,9,742.2653333333334,-111681903#1;-311298685;-535519490#1;-782714971#1;111681905#2;24337240#5;25970859#0;311298665;835445203,runs_J_k16_plain\both_seed0\g001_i003,runs_J_k16_plain\both_seed0\g001_i003\tripinfo.xml
1,4,11,1000000000000.0,-24337240#4;-28298231;-311298662#0;-311298665;-498033359#1;-7365262;120682114#1;28468730#1;311298662#0;311298662#1;37628709#1,runs_J_k16_plain\both_seed0\g001_i004,runs_J_k16_plain\both_seed0\g001_i004\tripinfo.xml
1,5,13,1000000000000.0,-120682114#3;-25970859#1;-311298658;-311298665;-498033359#0;-782714966#0;-782714971#0;-782714971#4;24337240#3;4935286#2;4970256#6;498033359#2;876343449#1,runs_J_k16_plain\both_seed0\g001_i005,runs_J_k16_plain\both_seed0\g001_i005\tripinfo.xml
1,6,10,1000000000000.0,-24337240#6;-311298658;-311298665;-535519490#1;111677668#0;111677669#0;111681905#2;120682114#2;37628709#0;876057378#0,runs_J_k16_plain\both_seed0\g001_i006,runs_J_k16_plain\both_seed0\g001_i006\tripinfo.xml
1,7,16,1000000000000.0,-111677668#3;-111681903#1;-311298665;-5197062#3;111677669#3;120682114#2;205590836#2;24337240#0;25970859#1;311298662#0;311298665;4935286#2;4970256#8;782714966#1;876057378#3;876057378#5,runs_J_k16_plain\both_seed0\g001_i007,runs_J_k16_plain\both_seed0\g001_i007\tripinfo.xml
1,8,12,379.62266666666665,-311298665;-5197062#3;-880137009#0;120682114#3;26216781#2;37628709#0;4935286#0;4935286#2;4935299#1;58621262#1;62826731;876057378#2,runs_J_k16_plain\both_seed0\g001_i008,runs_J_k16_plain\both_seed0\g001_i008\tripinfo.xml
1,9,7,1000000000000.0,-111681903#1;-311298665;-535519490#1;131942152;24337240#4;25970859#0;28468732#1,runs_J_k16_plain\both_seed0\g001_i009,runs_J_k16_plain\both_seed0\g001_i009\tripinfo.xml
1,10,5,1000000000000.0,-311298665;111681905#2;120682114#1;24337240#0;4935286#2,runs_J_k16_plain\both_seed0\g001_i010,runs_J_k16_plain\both_seed0\g001_i010\tripinfo.xml
1,11,10,495.498,-311298662#0;-498033359#0;-535519490#1;-7365262;28468730#1;4935286#1;4935286#3;782710712;782714966#0;782714971#4,runs_J_k16_plain\both_seed0\g001_i011,runs_J_k16_plain\both_seed0\g001_i011\tripinfo.xml
1,12,5,1000000000000.0,-311298665;28468730#0;4935286#2;535519490#0;880140407,runs_J_k16_plain\both_seed0\g001_i012,runs_J_k16_plain\both_seed0\g001_i012\tripinfo.xml
1,13,4,1000000000000.0,-311298665;111681905#2;4935286#3;502325084#0,runs_J_k16_plain\both_seed0\g001_i013,runs_J_k16_plain\both_seed0\g001_i013\tripinfo.xml
1,14,9,436.92533333333336,-111677671#0;-24337240#7;-535519490#1;-782714971#0;37628709#1;4935286#2;502325084#3;535519490#0;876343449#1,runs_J_k16_plain\both_seed0\g001_i014,runs_J_k16_plain\both_seed0\g001_i014\tripinfo.xml
1,15,5,1000000000000.0,-24337240#2;-311298665;-311298685;111677668#4;4935286#2,runs_J_k16_plain\both_seed0\g001_i015,runs_J_k16_plain\both_seed0\g001_i015\tripinfo.xml
1,16,10,1000000000000.0,-111681903#0;-120682114#1;-311298665;-535519490#1;25970859#1;26216779#1;4935286#1;4935286#2;783907721#2;876057378#2,runs_J_k16_plain\both_seed0\g001_i016,runs_J_k16_plain\both_seed0\g001_i016\tripinfo.xml
1,17,4,373.832,111677669#3;24337240#0;24337240#7;4935286#2,runs_J_k16_plain\both_seed0\g001_i017,runs_J_k16_plain\both_seed0\g001_i017\tripinfo.xml
1,18,3,1000000000000.0,-311298665;-502325084#1;-5197062#3,runs_J_k16_plain\both_seed0\g001_i018,runs_J_k16_plain\both_seed0\g001_i018\tripinfo.xml
1,19,11,1000000000000.0,-111681903#0;-205590836#0;-24337240#3;-311298665;-498033359#2;-7365262;-876343449#0;37628709#1;4935286#0;4935286#2;876057376,runs_J_k16_plain\both_seed0\g001_i019,runs_J_k16_plain\both_seed0\g001_i019\tripinfo.xml
1,20,16,1000000000000.0,-111681903#1;-311298665;-498033359#0;-502325084#0;-782714971#1;111677669#3;205590836#2;26216779#1;311298658;4935286#2;498033359#0;5197062#4;535519490#1;782714966#0;876057378#4;880137010,runs_J_k16_plain\both_seed0\g001_i020,runs_J_k16_plain\both_seed0\g001_i020\tripinfo.xml
1,21,4,1000000000000.0,-311298665;311298685;4935286#2;876057376,runs_J_k16_plain\both_seed0\g001_i021,runs_J_k16_plain\both_seed0\g001_i021\tripinfo.xml
1,22,12,1000000000000.0,-111681903#2;-311298658;-311298665;-498033359#1;-535519490#1;-782714971#3;111677668#4;111681905#2;205590836#2;28468732#0;4935286#2;5197062#4,runs_J_k16_plain\both_seed0\g001_i022,runs_J_k16_plain\both_seed0\g001_i022\tripinfo.xml
1,23,13,1000000000000.0,-24337240#4;-28468730#0;-311298665;-311298682#0;-535519490#1;-876343449#0;111681903#1;111681905#1;131942152;4935286#2;782714971#0;835445203;876057378#3,runs_J_k16_plain\both_seed0\g001_i023,runs_J_k16_plain\both_seed0\g001_i023\tripinfo.xml
2,0,4,373.832,111677669#3;24337240#0;24337240#7;4935286#2,runs_J_k16_plain\both_seed0\g002_i000,runs_J_k16_plain\both_seed0\g002_i000\tripinfo.xml
2,1,6,802.7286666666666,-74277990;111677669#5;111681903#3;24337240#7;58621262#0;880140407,runs_J_k16_plain\both_seed0\g002_i001,runs_J_k16_plain\both_seed0\g002_i001\tripinfo.xml
2,2,16,646.4166666666666,-24337240#4;-25970859#1;-535519490#1;-782714971#4;-880140407;111677669#3;120682114#1;24337240#0;26216781#0;28468730#0;4935286#1;4935286#2;5197062#4;747448014;782714971#2;783907721#0,runs_J_k16_plain\both_seed0\g002_i002,runs_J_k16_plain\both_seed0\g002_i002\tripinfo.xml
2,3,16,602.336,-25970859#0;-311298665;-498033359#0;-5197062#3;-535519490#1;-783907721#0;-880137009#0;120682114#3;25970859#0;28468732#0;311298662#1;4935286#2;4935286#3;4970256#5;58621262#1;7924772,runs_J_k16_plain\both_seed0\g002_i003,runs_J_k16_plain\both_seed0\g002_i003\tripinfo.xml
2,4,16,1000000000000.0,-120682114#2;-24337240#0;-24337240#4;-502325084#0;-7365262;111677668#4;111677669#2;111677669#4;311298662#0;37628709#0;4935286#0;782710712;782714966#0;782714971#4;783907721#2;876057376,runs_J_k16_plain\both_seed0\g002_i004,runs_J_k16_plain\both_seed0\g002_i004\tripinfo.xml
2,5,16,1000000000000.0,-25970859#0;-311298662#0;-311298665;-502325084#0;-535519490#1;-880140407;111677668#0;111681903#2;111681905#1;111681905#2;25970859#0;26216781#3;4970256#7;535519490#1;835443464;876057378#0,runs_J_k16_plain\both_seed0\g002_i005,runs_J_k16_plain\both_seed0\g002_i005\tripinfo.xml
2,6,16,671.632,-111681903#2;-311298665;-5197062#4;-535519490#1;-835443464;111677669#3;111677671#0;111681903#2;111681905#2;120682114#2;24337240#3;25970859#0;311298682#0;311298685;4935299#1;498033359#2,runs_J_k16_plain\both_seed0\g002_i006,runs_J_k16_plain\both_seed0\g002_i006\tripinfo.xml
2,7,11,3135.8686666666667,-111677668#0;-311298665;-498033359#0;-7365262;24337240#0;24337240#1;4935286#2;58621262#1;782714966#0;782714971#3;783907721#0,runs_J_k16_plain\both_seed0\g002_i007,runs_J_k16_plain\both_seed0\g002_i007\tripinfo.xml
2,8,10,1000000000000.0,-111677668#4;-311298665;-311298685;-782714971#2;-876343449#0;111677671#0;111681903#3;120682114#2;4935286#2;4935286#3,runs_J_k16_plain\both_seed0\g002_i008,runs_J_k16_plain\both_seed0\g002_i008\tripinfo.xml
2,9,16,1000000000000.0,-111681903#1;-25970859#1;-311298662#0;-311298665;-498033359#2;-5197062#3;-783907721#0;205590836#2;24337240#0;24337240#3;24337240#5;311298662#0;311298662#1;4935286#2;782714966#1;835445203,runs_J_k16_plain\both_seed0\g002_i009,runs_J_k16_plain\both_seed0\g002_i009\tripinfo.xml
2,10,9,592.7753333333334,-24337240#1;111677669#1;111681905#2;24337240#2;25970859#1;4970256#8;876057376;876057378#3;876057378#5,runs_J_k16_plain\both_seed0\g002_i010,runs_J_k16_plain\both_seed0\g002_i010\tripinfo.xml
2,11,16,1000000000000.0,-24337240#1;-24337240#6;-311298665;-535519490#1;111677669#3;111681905#2;120682114#1;26216779#1;26216781#1;26216781#3;311298662#0;4935286#1;4935286#2;4970256#8;502325084#1;880137009#1,runs_J_k16_plain\both_seed0\g002_i011,runs_J_k16_plain\both_seed0\g002_i011\tripinfo.xml
2,12,16,1000000000000.0,-111681903#2;-120682114#2;-311298665;-502325084#0;-7365262;-74277990;-880137009#1;111677669#2;111677669#5;111681903#1;111681903#2;24337240#0;28468730#1;4935286#0;4935286#2;876057378#0,runs_J_k16_plain\both_seed0\g002_i012,runs_J_k16_plain\both_seed0\g002_i012\tripinfo.xml
2,13,16,506.39,-120682114#3;-311298685;-498033359#0;-880137009#0;-880137009#1;111677669#4;24337240#1;24337240#3;26216781#0;4935286#3;4970256#6;498033359#2;782710712;876057378#3;876057378#4;876343449#1,runs_J_k16_plain\both_seed0\g002_i013,runs_J_k16_plain\both_seed0\g002_i013\tripinfo.xml
2,14,16,1000000000000.0,-311298665;-498033359#0;-498033359#2;-535519490#1;-7365262;-782714971#0;-835445203;111677671#0;120682114#1;26216779#0;4935286#1;4935286#2;4935286#3;502325084#3;782714966#1;876343449#1,runs_J_k16_plain\both_seed0\g002_i014,runs_J_k16_plain\both_seed0\g002_i014\tripinfo.xml
2,15,16,1000000000000.0,-25970859#1;-311298658;-311298665;-535519490#1;-74277990;-880137009#1;111677669#3;111677669#4;111681903#1;111681903#2;24337240#1;24337240#7;4935286#2;4935286#3;783907721#1;876343449#1,runs_J_k16_plain\both_seed0\g002_i015,runs_J_k16_plain\both_seed0\g002_i015\tripinfo.xml
2,16,16,1000000000000.0,-111677671#0;-111681903#2;-24337240#6;-311298665;-498033359#2;-535519490#1;-880140407;111677668#3;111677669#1;24337240#0;24337240#3;24337240#7;311298685;37628709#1;4935286#3;535519490#0,runs_J_k16_plain\both_seed0\g002_i016,runs_J_k16_plain\both_seed0\g002_i016\tripinfo.xml
2,17,14,1000000000000.0,-111681903#1;-120682114#2;-24337240#7;-311298665;-880137009#0;111677669#0;311298685;4935286#3;498033359#0;502325084#3;535519490#0;782714971#1;783907721#1;876057378#5,runs_J_k16_plain\both_seed0\g002_i017,runs_J_k16_plain\both_seed0\g002_i017\tripinfo.xml
2,18,16,404.538,-24337240#3;-24337240#6;-311298658;-782714971#0;-782714971#2;111677669#4;120682114#1;131942152;24337240#3;24337240#7;26216779#0;26216781#0;4935286#2;4935286#3;535519490#0;876057378#0,runs_J_k16_plain\both_seed0\g002_i018,runs_J_k16_plain\both_seed0\g002_i018\tripinfo.xml
2,19,16,2574.526,-311298665;-498033359#0;-535519490#1;-7365262;111677669#0;111677669#3;24337240#1;311298682#0;37628709#0;4935286#1;4970256#7;502325084#3;535519490#0;62826731;782714966#0;876343449#0,runs_J_k16_plain\both_seed0\g002_i019,runs_J_k16_plain\both_seed0\g002_i019\tripinfo.xml
2,20,16,625.0533333333333,-120682114#3;-24337240#7;-311298682#0;-498033359#2;-535519490#1;-783907721#2;-876343449#0;111677671#0;24337240#0;37628709#1;4935286#2;4935286#3;498033359#0;502325084#0;783907721#0;876343449#1,runs_J_k16_plain\both_seed0\g002_i020,runs_J_k16_plain\both_seed0\g002_i020\tripinfo.xml
2,21,8,1000000000000.0,-311298665;-4950193;-502325084#3;-7365262;-782714971#4;131942152;5197062#3;876057378#3,runs_J_k16_plain\both_seed0\g002_i021,runs_J_k16_plain\both_seed0\g002_i021\tripinfo.xml
2,22,7,573.8333333333334,-28468730#0;-311298682#0;-311298685;-876343449#0;111681905#2;782714971#0;835445203,runs_J_k16_plain\both_seed0\g002_i022,runs_J_k16_plain\both_seed0\g002_i022\tripinfo.xml
2,23,3,1000000000000.0,-24337240#6;-311298665;-4950193,runs_J_k16_plain\both_seed0\g002_i023,runs_J_k16_plain\both_seed0\g002_i023\tripinfo.xml
3,0,4,373.832,111677669#3;24337240#0;24337240#7;4935286#2,runs_J_k16_plain\both_seed0\g003_i000,runs_J_k16_plain\both_seed0\g003_i000\tripinfo.xml
3,1,12,1000000000000.0,-111677668#0;-24337240#0;-311298665;-782714971#2;111677669#0;111681903#3;26216779#0;26216781#2;311298662#1;4935286#2;535519490#0;782714971#3,runs_J_k16_plain\both_seed0\g003_i001,runs_J_k16_plain\both_seed0\g003_i001\tripinfo.xml
3,2,16,1000000000000.0,-24337240#6;-311298658;-311298665;-311298685;-535519490#1;-782714966#1;-783907721#0;111677669#3;111677669#4;131942152;24337240#0;24337240#3;28468730#0;498033359#0;498033359#2;876343449#1,runs_J_k16_plain\both_seed0\g003_i002,runs_J_k16_plain\both_seed0\g003_i002\tripinfo.xml
3,3,16,1000000000000.0,-24337240#4;-28298231;-311298658;-311298665;-498033359#0;-535519490#0;-535519490#1;-880137009#0;111677669#4;120682114#1;26216779#1;311298682#0;37628709#1;4935286#3;782714971#3;876057378#4,runs_J_k16_plain\both_seed0\g003_i003,runs_J_k16_plain\both_seed0\g003_i003\tripinfo.xml
3,4,16,1000000000000.0,-24337240#2;-24337240#7;-311298665;-502325084#0;-782714966#1;-782714971#1;111677669#3;24337240#0;4935286#2;4935286#3;4970256#6;4970256#8;498033359#2;782710712;782714966#1;876057378#3,runs_J_k16_plain\both_seed0\g003_i004,runs_J_k16_plain\both_seed0\g003_i004\tripinfo.xml
3,5,16,408.464,-25970859#1;-311298682#0;-498033359#1;-498033359#2;-782714971#0;120682114#1;24337240#7;25970859#1;4935286#2;4935286#3;4970256#8;502325084#1;58621262#0;876057378#5;876343449#2;880137009#0,runs_J_k16_plain\both_seed0\g003_i005,runs_J_k16_plain\both_seed0\g003_i005\tripinfo.xml
3,6,16,476.01866666666666,-111677668#0;-120682114#3;-24337240#1;-311298658;-311298665;-498033359#2;-782714966#1;111677669#1;111677669#4;111681905#2;131942152;24337240#2;28468730#0;311298682#0;4970256#8;535519490#0,runs_J_k16_plain\both_seed0\g003_i006,runs_J_k16_plain\both_seed0\g003_i006\tripinfo.xml
3,7,16,1000000000000.0,-28468730#0;-311298658;-311298662#0;-311298665;-535519490#1;-782714971#2;111677669#3;111677671#0;24337240#0;24337240#3;24337240#5;24337240#7;28468732#0;311298662#1;37628709#1;5197062#3,runs_J_k16_plain\both_seed0\g003_i007,runs_J_k16_plain\both_seed0\g003_i007\tripinfo.xml
3,8,7,595.3586666666666,-111681903#1;-535519490#1;111677669#4;24337240#7;4935286#2;58621262#0;7924772,runs_J_k16_plain\both_seed0\g003_i008,runs_J_k16_plain\both_seed0\g003_i008\tripinfo.xml
3,9,16,1620.4346666666668,-111681903#2;-24337240#1;-311298658;-5197062#3;-535519490#1;-880137009#1;111677669#3;111677669#4;111677671#0;120682114#2;24337240#3;4935286#2;4935286#3;4970256#5;782710712;876343449#1,runs_J_k16_plain\both_seed0\g003_i009,runs_J_k16_plain\both_seed0\g003_i009\tripinfo.xml
3,10,16,393.9053333333333,-111677668#0;-311298665;-498033359#0;-502325084#1;-835443464;111681903#2;111681905#2;24337240#1;26216781#0;311298658;311298685;4935286#2;498033359#3;782714971#2;876057378#4;880137009#1,runs_J_k16_plain\both_seed0\g003_i010,runs_J_k16_plain\both_seed0\g003_i010\tripinfo.xml
3,11,16,1000000000000.0,-111681903#3;-120682114#3;-24337240#7;-311298658;-311298665;-311298685;111677668#0;111677669#4;24337240#3;26216781#0;4935286#2;4935299#1;498033359#0;498033359#2;782710712;876057378#3,runs_J_k16_plain\both_seed0\g003_i011,runs_J_k16_plain\both_seed0\g003_i011\tripinfo.xml
3,12,16,1000000000000.0,-24337240#6;-311298665;-311298685;-535519490#0;-782714966#1;-782714971#0;-880137009#0;120682114#1;28468730#1;28468732#1;4935286#2;4970256#5;4970256#6;535519490#0;782714971#1;876057378#0,runs_J_k16_plain\both_seed0\g003_i012,runs_J_k16_plain\both_seed0\g003_i012\tripinfo.xml
3,13,16,694.0546666666667,-111677671#0;-111681903#1;-120682114#3;-24337240#1;-498033359#0;-498033359#1;-835445203;111677669#4;111681903#3;24337240#0;24337240#1;26216781#0;28468732#0;502325084#0;782714971#1;876057378#3,runs_J_k16_plain\both_seed0\g003_i013,runs_J_k16_plain\both_seed0\g003_i013\tripinfo.xml
3,14,16,576.0653333333333,-24337240#1;-24337240#4;-783907721#0;-880137009#0;-880137009#1;111681905#2;24337240#2;25970859#1;26216781#1;4935286#3;4970256#5;4970256#8;5197062#3;58621262#0;876057378#3;876057378#4,runs_J_k16_plain\both_seed0\g003_i014,runs_J_k16_plain\both_seed0\g003_i014\tripinfo.xml
3,15,16,1000000000000.0,-111677668#0;-311298665;-498033359#0;-502325084#3;-782714971#3;-783907721#0;-880137009#0;111677669#0;24337240#2;24337240#7;26216781#2;4935286#2;4935286#3;5197062#3;58621262#1;876057378#0,runs_J_k16_plain\both_seed0\g003_i015,runs_J_k16_plain\both_seed0\g003_i015\tripinfo.xml
3,16,16,1000000000000.0,-205590836#0;-24337240#0;-311298665;-498033359#0;-5197062#3;-535519490#1;-782714971#2;-880137009#0;311298662#1;311298665;37628709#0;4935286#2;4935286#3;58621262#1;7924772;876057378#0,runs_J_k16_plain\both_seed0\g003_i016,runs_J_k16_plain\both_seed0\g003_i016\tripinfo.xml
3,17,16,546.2613333333334,-111677668#4;-111681903#2;-311298658;-311298665;-498033359#0;-502325084#0;111677669#3;24337240#5;24337240#7;25970859#1;28468732#0;4935286#2;502325084#3;58621262#1;835445203;876057378#1,runs_J_k16_plain\both_seed0\g003_i017,runs_J_k16_plain\both_seed0\g003_i017\tripinfo.xml
3,18,16,349.38866666666667,-311298665;-5197062#3;-535519490#1;-876343449#0;-880137009#0;111681905#2;28468732#1;311298658;311298662#1;4935286#2;4935286#3;4970256#5;535519490#1;876057376;876343449#0;880140407,runs_J_k16_plain\both_seed0\g003_i018,runs_J_k16_plain\both_seed0\g003_i018\tripinfo.xml
3,19,16,1000000000000.0,-311298658;-311298665;-311298682#0;-535519490#1;-74277990;-876343449#1;111677669#0;111677669#3;120682114#1;24337240#0;26216779#0;26216781#0;311298685;4935286#1;4935286#2;880137009#1,runs_J_k16_plain\both_seed0\g003_i019,runs_J_k16_plain\both_seed0\g003_i019\tripinfo.xml
3,20,16,1000000000000.0,-205590836#0;-24337240#3;-24337240#6;-25970859#1;-311298665;-535519490#1;111677669#1;111677669#3;120682114#2;131942152;24337240#1;24337240#3;24337240#7;26216781#0;4935286#2;498033359#0,runs_J_k16_plain\both_seed0\g003_i020,runs_J_k16_plain\both_seed0\g003_i020\tripinfo.xml
3,21,16,1000000000000.0,-111681903#1;-24337240#1;-311298665;-782714971#2;111677669#2;111681905#2;26216781#3;311298665;4935286#2;502325084#3;535519490#0;782714971#2;782714971#3;835445203;876057376;876057378#1,runs_J_k16_plain\both_seed0\g003_i021,runs_J_k16_plain\both_seed0\g003_i021\tripinfo.xml
3,22,16,1000000000000.0,-111677671#0;-24337240#1;-24337240#2;-24337240#4;-311298658;-311298665;-311298682#0;-782714966#0;-783907721#2;-876343449#0;111677669#1;111681905#2;25970859#1;4935286#1;4970256#8;783907721#0,runs_J_k16_plain\both_seed0\g003_i022,runs_J_k16_plain\both_seed0\g003_i022\tripinfo.xml
3,23,16,1270.2453333333333,-120682114#3;-311298662#0;-311298665;-5197062#3;-535519490#1;-782714966#1;111677669#2;111677669#3;111681903#2;120682114#2;24337240#7;26216779#1;28468732#0;4935286#2;782710712;880137009#0,runs_J_k16_plain\both_seed0\g003_i023,runs_J_k16_plain\both_seed0\g003_i023\tripinfo.xml
4,0,16,349.38866666666667,-311298665;-5197062#3;-535519490#1;-876343449#0;-880137009#0;111681905#2;28468732#1;311298658;311298662#1;4935286#2;4935286#3;4970256#5;535519490#1;876057376;876343449#0;880140407,runs_J_k16_plain\both_seed0\g004_i000,runs_J_k16_plain\both_seed0\g004_i000\tripinfo.xml
4,1,16,1000000000000.0,-24337240#2;-311298665;-311298682#0;-74277990;-782714971#0;24337240#0;24337240#7;25970859#1;26216781#0;4935299#1;4970256#6;4970256#8;498033359#0;876057378#0;880137009#0;880140407,runs_J_k16_plain\both_seed0\g004_i001,runs_J_k16_plain\both_seed0\g004_i001\tripinfo.xml
4,2,16,764.07,-111681903#3;-311298658;-498033359#1;-5197062#3;-535519490#1;-876343449#0;111681905#1;24337240#3;311298665;4935286#2;4970256#8;782710712;876057378#3;876057378#5;876343449#2;880137009#0,runs_J_k16_plain\both_seed0\g004_i002,runs_J_k16_plain\both_seed0\g004_i002\tripinfo.xml
4,3,16,1000000000000.0,-24337240#1;-24337240#4;-311298665;111677669#4;111681903#0;26216781#1;311298662#1;4935286#0;4935286#3;4970256#5;4970256#8;5197062#3;782714971#2;783907721#2;876057378#3;876057378#4,runs_J_k16_plain\both_seed0\g004_i003,runs_J_k16_plain\both_seed0\g004_i003\tripinfo.xml
4,4,5,549.0053333333333,-4950193;-7365262;-783907721#0;4935286#3;498033359#0,runs_J_k16_plain\both_seed0\g004_i004,runs_J_k16_plain\both_seed0\g004_i004\tripinfo.xml
4,5,15,634.5646666666667,-24337240#7;-311298662#0;-502325084#0;-502325084#3;-5197062#4;-535519490#1;-880137009#0;-880137009#1;24337240#3;25970859#1;4935286#3;4935299#1;58621262#0;58621262#1;782714971#3,runs_J_k16_plain\both_seed0\g004_i005,runs_J_k16_plain\both_seed0\g004_i005\tripinfo.xml
4,6,16,727.0466666666666,-111681903#2;-24337240#4;-783907721#0;-876343449#0;24337240#5;24337240#7;26216779#0;28468732#1;4935286#3;4970256#8;502325084#1;502325084#3;5197062#3;62826731;782714966#1;876057378#1,runs_J_k16_plain\both_seed0\g004_i006,runs_J_k16_plain\both_seed0\g004_i006\tripinfo.xml
4,7,15,368.55733333333336,-111677668#0;-120682114#3;-24337240#1;-311298685;-498033359#1;-502325084#3;-5197062#4;111677669#1;24337240#0;24337240#7;4935286#2;502325084#3;5197062#4;62826731;783907721#1,runs_J_k16_plain\both_seed0\g004_i007,runs_J_k16_plain\both_seed0\g004_i007\tripinfo.xml
4,8,16,576.9213333333333,-311298665;-498033359#0;-498033359#2;-5197062#3;111677668#0;111677669#3;111681903#3;111681905#2;24337240#2;25970859#1;26216781#0;28468730#0;311298682#0;4970256#6;782714966#1;876057378#0,runs_J_k16_plain\both_seed0\g004_i008,runs_J_k16_plain\both_seed0\g004_i008\tripinfo.xml
4,9,11,1000000000000.0,-25970859#0;-311298658;-498033359#0;111677669#2;120682114#3;24337240#3;28468730#0;28468732#0;5197062#3;782710712;880137009#0,runs_J_k16_plain\both_seed0\g004_i009,runs_J_k16_plain\both_seed0\g004_i009\tripinfo.xml
4,10,16,405.7026666666667,-24337240#4;-311298682#0;-783907721#0;111677669#3;111677669#4;24337240#4;26216781#0;28468730#1;4935286#2;4970256#8;502325084#1;5197062#4;58621262#0;747448014;782710712;782714971#1,runs_J_k16_plain\both_seed0\g004_i010,runs_J_k16_plain\both_seed0\g004_i010\tripinfo.xml
4,11,16,1000000000000.0,-25970859#1;-311298658;-311298665;-311298682#0;-502325084#3;-5197062#3;-535519490#1;-876343449#0;120682114#1;26216781#2;4935286#3;4970256#5;4970256#6;498033359#0;5197062#4;876343449#2,runs_J_k16_plain\both_seed0\g004_i011,runs_J_k16_plain\both_seed0\g004_i011\tripinfo.xml
4,12,16,1000000000000.0,-28298231;-311298665;-498033359#2;-535519490#0;-535519490#1;-782714971#0;-783907721#2;-835445203;-880137009#0;-880137009#1;111681905#2;120682114#1;26216779#1;4935286#2;4935286#3;880140407,runs_J_k16_plain\both_seed0\g004_i012,runs_J_k16_plain\both_seed0\g004_i012\tripinfo.xml
4,13,16,389.0233333333333,-111681903#1;-25970859#1;-311298658;-311298665;-535519490#1;-74277990;-782714971#0;-782714971#3;24337240#7;311298682#0;4935286#2;502325084#1;502325084#3;783907721#1;876343449#0;880137009#1,runs_J_k16_plain\both_seed0\g004_i013,runs_J_k16_plain\both_seed0\g004_i013\tripinfo.xml
4,14,16,602.0886666666667,-111681903#2;-498033359#2;-5197062#3;-7365262;-783907721#0;-835443464;111677669#1;111677669#3;24337240#5;26216779#1;28468732#1;311298662#1;4935286#2;876057376;876057378#1;876343449#0,runs_J_k16_plain\both_seed0\g004_i014,runs_J_k16_plain\both_seed0\g004_i014\tripinfo.xml
4,15,16,1000000000000.0,-120682114#3;-311298658;-502325084#3;-74277990;-880137009#1;111677669#3;111681903#0;24337240#0;37628709#0;4935286#2;4970256#5;782710712;7924772;835443464;876057376;880137010,runs_J_k16_plain\both_seed0\g004_i015,runs_J_k16_plain\both_seed0\g004_i015\tripinfo.xml
4,16,16,576.9213333333333,-111681903#3;-120682114#1;-5197062#3;-7365262;-880137009#0;-880137009#1;111681905#2;28468732#1;311298662#1;311298665;4935286#3;783907721#2;876057378#2;876057378#4;876343449#0;880140407,runs_J_k16_plain\both_seed0\g004_i016,runs_J_k16_plain\both_seed0\g004_i016\tripinfo.xml
4,17,16,1880.3666666666666,-111677668#4;-111681903#3;-311298658;-535519490#1;-7365262;-782714971#0;111677669#0;111677669#3;24337240#5;25970859#1;311298665;4935286#3;4970256#8;502325084#3;782714971#4;835445203,runs_J_k16_plain\both_seed0\g004_i017,runs_J_k16_plain\both_seed0\g004_i017\tripinfo.xml
4,18,3,644.456,-4950193;24337240#1;876057376,runs_J_k16_plain\both_seed0\g004_i018,runs_J_k16_plain\both_seed0\g004_i018\tripinfo.xml
4,19,16,629.3966666666666,-24337240#0;-24337240#1;-28468730#0;-311298682#0;-5197062#3;-782714971#0;-782714971#2;-876343449#0;-876343449#2;-880137009#0;28468732#1;4935286#1;4935286#2;535519490#1;58621262#0;7924772,runs_J_k16_plain\both_seed0\g004_i019,runs_J_k16_plain\both_seed0\g004_i019\tripinfo.xml
4,20,16,1000000000000.0,-111681903#2;-24337240#3;-311298658;-311298665;-782714971#0;-880140407;111677669#3;111681903#0;24337240#2;24337240#7;26216781#2;4970256#5;535519490#0;876057376;876057378#3;876343449#0,runs_J_k16_plain\both_seed0\g004_i020,runs_J_k16_plain\both_seed0\g004_i020\tripinfo.xml
4,21,16,1000000000000.0,-111681903#2;-120682114#3;-311298658;-311298665;-535519490#1;-782714966#1;-783907721#0;111677668#3;111677669#4;111681903#1;131942152;25970859#0;4935286#2;4935299#1;502325084#0;535519490#1,runs_J_k16_plain\both_seed0\g004_i021,runs_J_k16_plain\both_seed0\g004_i021\tripinfo.xml
4,22,16,4400.164,-120682114#3;-28298231;-311298658;-311298665;-498033359#1;-498033359#2;-498033359#3;111677669#4;24337240#0;28468730#0;311298662#0;311298682#0;502325084#3;62826731;782714971#2;835443464,runs_J_k16_plain\both_seed0\g004_i022,runs_J_k16_plain\both_seed0\g004_i022\tripinfo.xml
4,23,15,370.29533333333336,-120682114#3;-311298658;-311298665;-498033359#2;-502325084#0;-535519490#1;-835443464;-880140407;24337240#3;4935286#1;4935286#2;4935286#3;535519490#0;58621262#1;880137009#1,runs_J_k16_plain\both_seed0\g004_i023,runs_J_k16_plain\both_seed0\g004_i023\tripinfo.xml
5,0,16,349.38866666666667,-311298665;-5197062#3;-535519490#1;-876343449#0;-880137009#0;111681905#2;28468732#1;311298658;311298662#1;4935286#2;4935286#3;4970256#5;535519490#1;876057376;876343449#0;880140407,runs_J_k16_plain\both_seed0\g005_i000,runs_J_k16_plain\both_seed0\g005_i000\tripinfo.xml
5,1,16,1000000000000.0,-24337240#1;-311298658;-311298665;-5197062#3;-535519490#1;-782714971#0;-876343449#0;111681903#0;24337240#2;311298665;311298682#0;498033359#2;502325084#3;876057378#4;876343449#0;880140407,runs_J_k16_plain\both_seed0\g005_i001,runs_J_k16_plain\both_seed0\g005_i001\tripinfo.xml
5,2,16,773.232,-111681903#2;-25970859#1;-311298658;-311298662#0;-5197062#3;-535519490#1;-782714971#3;111681905#2;24337240#4;24337240#7;311298665;311298682#0;4935286#2;4935286#3;535519490#1;782714971#0,runs_J_k16_plain\both_seed0\g005_i002,runs_J_k16_plain\both_seed0\g005_i002\tripinfo.xml
5,3,16,1000000000000.0,-120682114#3;-311298665;-498033359#3;-7365262;-880137009#1;111681903#0;111681903#3;111681905#2;311298665;502325084#1;5197062#3;535519490#0;782710712;783907721#2;876057378#2;880137009#0,runs_J_k16_plain\both_seed0\g005_i003,runs_J_k16_plain\both_seed0\g005_i003\tripinfo.xml
5,4,16,1000000000000.0,-24337240#0;-28468730#0;-311298665;-498033359#2;-5197062#3;-835443464;-880137009#0;-880140407;111677669#3;120682114#1;205590836#2;24337240#3;4935286#3;4970256#6;876343449#0;880137009#1,runs_J_k16_plain\both_seed0\g005_i004,runs_J_k16_plain\both_seed0\g005_i004\tripinfo.xml
5,5,16,1000000000000.0,-120682114#3;-311298658;-311298665;-502325084#1;-876343449#0;-880140407;24337240#3;311298662#1;37628709#1;4935286#1;4935286#2;4935286#3;783907721#2;876343449#0;880137009#1;880140407,runs_J_k16_plain\both_seed0\g005_i005,runs_J_k16_plain\both_seed0\g005_i005\tripinfo.xml
5,6,14,1000000000000.0,-120682114#1;-24337240#6;-311298665;-502325084#1;-535519490#1;-7365262;111677668#3;111677669#0;111681905#2;131942152;205590836#2;4935286#3;876057376;876057378#4,runs_J_k16_plain\both_seed0\g005_i006,runs_J_k16_plain\both_seed0\g005_i006\tripinfo.xml
5,7,16,1000000000000.0,-24337240#0;-24337240#7;-311298658;-311298665;-880137009#0;24337240#0;24337240#1;26216779#0;26216779#1;311298662#1;4935286#2;498033359#1;876057378#1;876343449#0;876343449#2;880137010,runs_J_k16_plain\both_seed0\g005_i007,runs_J_k16_plain\both_seed0\g005_i007\tripinfo.xml
5,8,16,1000000000000.0,-24337240#1;-25970859#0;-311298658;-311298665;-311298685;-5197062#3;-535519490#1;-880137009#0;111681905#2;311298662#1;4935299#1;4970256#8;498033359#3;782714971#2;876343449#0;880140407,runs_J_k16_plain\both_seed0\g005_i008,runs_J_k16_plain\both_seed0\g005_i008\tripinfo.xml
5,9,16,1000000000000.0,-120682114#2;-25970859#0;-311298665;-5197062#3;-535519490#1;-782714966#0;-783907721#0;24337240#4;24337240#5;26216781#1;28468730#1;311298662#1;4935286#3;535519490#1;62826731;876057378#1,runs_J_k16_plain\both_seed0\g005_i009,runs_J_k16_plain\both_seed0\g005_i009\tripinfo.xml
5,10,16,537.9926666666667,-111681903#2;-24337240#0;-311298662#0;-502325084#0;-502325084#3;-5197062#3;-535519490#1;-7365262;-74277990;-835443464;-880137009#0;111677669#1;25970859#1;311298685;4935286#2;782714971#0,runs_J_k16_plain\both_seed0\g005_i010,runs_J_k16_plain\both_seed0\g005_i010\tripinfo.xml
5,11,16,1000000000000.0,-111681903#0;-111681903#2;-24337240#1;-311298665;-783907721#0;111677669#1;111681903#0;24337240#5;24337240#7;26216779#0;28468732#1;4935286#2;4970256#8;782714966#1;876057378#1;876057378#3,runs_J_k16_plain\both_seed0\g005_i011,runs_J_k16_plain\both_seed0\g005_i011\tripinfo.xml
5,12,13,498.58,-111677668#4;-5197062#3;-782714971#1;-876343449#0;111681905#2;24337240#4;28468732#1;37628709#0;4935286#2;4935286#3;535519490#1;782714971#0;880140407,runs_J_k16_plain\both_seed0\g005_i012,runs_J_k16_plain\both_seed0\g005_i012\tripinfo.xml
5,13,16,496.13466666666665,-120682114#3;-311298685;-5197062#4;-535519490#1;-880137009#1;111677669#0;26216779#1;26216781#2;311298665;498033359#3;5197062#4;62826731;782714966#0;782714971#4;783907721#1;876343449#0,runs_J_k16_plain\both_seed0\g005_i013,runs_J_k16_plain\both_seed0\g005_i013\tripinfo.xml
5,14,16,599.04,-120682114#3;-24337240#0;-24337240#1;-28298231;-502325084#3;-880137009#0;24337240#0;24337240#7;28468732#1;311298665;4935286#3;502325084#3;5197062#4;876057376;876343449#2;880140407,runs_J_k16_plain\both_seed0\g005_i014,runs_J_k16_plain\both_seed0\g005_i014\tripinfo.xml
5,15,16,1000000000000.0,-111677671#0;-120682114#2;-311298665;-498033359#2;-5197062#3;-782714971#3;111677668#0;111677669#1;111677669#3;111681903#3;24337240#7;26216781#0;311298662#0;782714966#1;783907721#1;876343449#0,runs_J_k16_plain\both_seed0\g005_i015,runs_J_k16_plain\both_seed0\g005_i015\tripinfo.xml
5,16,11,685.1473333333333,-111681903#0;-111681903#1;-25970859#0;-783907721#0;120682114#3;24337240#7;25970859#1;498033359#3;502325084#3;783907721#1;876057378#0,runs_J_k16_plain\both_seed0\g005_i016,runs_J_k16_plain\both_seed0\g005_i016\tripinfo.xml
5,17,16,1000000000000.0,-111677668#3;-4950193;-5197062#4;-7365262;-782714971#4;120682114#3;28468730#1;311298658;37628709#0;4935286#2;4935286#3;498033359#0;535519490#0;535519490#1;876057378#2;880140407,runs_J_k16_plain\both_seed0\g005_i017,runs_J_k16_plain\both_seed0\g005_i017\tripinfo.xml
5,18,16,480.34133333333335,-24337240#4;-311298658;-311298682#0;-502325084#3;-782714971#0;-783907721#0;111677669#1;111677669#3;111681905#1;4935286#3;4970256#8;5197062#4;782710712;876057376;876057378#2;876057378#4,runs_J_k16_plain\both_seed0\g005_i018,runs_J_k16_plain\both_seed0\g005_i018\tripinfo.xml
5,19,16,614.2046666666666,-311298658;-311298685;-502325084#0;-880137009#1;111681903#3;111681905#1;24337240#2;24337240#7;28468730#0;4935286#2;4970256#7;58621262#1;782714971#1;782714971#4;783907721#2;880140407,runs_J_k16_plain\both_seed0\g005_i019,runs_J_k16_plain\both_seed0\g005_i019\tripinfo.xml
5,20,16,466.73133333333334,-111677668#0;-111677671#0;-311298658;-498033359#0;-498033359#2;24337240#3;26216781#0;26216781#2;311298682#0;4935286#2;4935286#3;5197062#3;7924772;876057378#0;880137009#1;880140407,runs_J_k16_plain\both_seed0\g005_i020,runs_J_k16_plain\both_seed0\g005_i020\tripinfo.xml
5,21,16,500.242,-111677668#0;-120682114#2;-498033359#0;-5197062#4;-782714971#2;111677668#3;111677668#4;111681905#1;24337240#5;24337240#7;26216781#1;4935286#3;4970256#5;4970256#7;502325084#1;502325084#3,runs_J_k16_plain\both_seed0\g005_i021,runs_J_k16_plain\both_seed0\g005_i021\tripinfo.xml
5,22,16,1000000000000.0,-24337240#1;-24337240#7;-28298231;-311298665;-835445203;-876343449#0;111677668#0;111677669#1;120682114#2;24337240#0;24337240#3;24337240#7;28468732#1;4935286#2;62826731;782714966#1,runs_J_k16_plain\both_seed0\g005_i022,runs_J_k16_plain\both_seed0\g005_i022\tripinfo.xml
5,23,16,2110.920666666667,-111677671#0;-111681903#1;-498033359#2;-5197062#3;-782714966#1;-782714971#1;-782714971#4;-876343449#0;111681903#3;24337240#2;25970859#1;26216781#0;28468730#0;4970256#6;5197062#4;835443464,runs_J_k16_plain\both_seed0\g005_i023,runs_J_k16_plain\both_seed0\g005_i023\tripinfo.xml
6,0,16,349.38866666666667,-311298665;-5197062#3;-535519490#1;-876343449#0;-880137009#0;111681905#2;28468732#1;311298658;311298662#1;4935286#2;4935286#3;4970256#5;535519490#1;876057376;876343449#0;880140407,runs_J_k16_plain\both_seed0\g006_i000,runs_J_k16_plain\both_seed0\g006_i000\tripinfo.xml
6,1,16,660.326,-111681903#1;-120682114#3;-205590836#0;-311298658;-498033359#2;-502325084#0;-782714971#1;111681903#3;28468730#0;311298662#0;4935286#2;4935286#3;4970256#5;5197062#4;58621262#1;880140407,runs_J_k16_plain\both_seed0\g006_i001,runs_J_k16_plain\both_seed0\g006_i001\tripinfo.xml
6,2,16,406.91333333333336,-311298658;-311298682#0;-782714971#0;-782714971#3;111677669#1;111677669#2;111681903#1;111681905#1;111681905#2;24337240#4;24337240#7;25970859#0;4935286#2;4970256#7;782714971#1;876057378#4,runs_J_k16_plain\both_seed0\g006_i002,runs_J_k16_plain\both_seed0\g006_i002\tripinfo.xml
6,3,7,427.46666666666664,-111677671#0;-311298658;-311298682#0;-502325084#0;26216781#2;311298685;4935286#3,runs_J_k16_plain\both_seed0\g006_i003,runs_J_k16_plain\both_seed0\g006_i003\tripinfo.xml
6,4,10,1000000000000.0,-311298665;-502325084#0;-5197062#3;-7365262;-74277990;-880137009#0;111677669#4;24337240#3;26216781#0;28468730#1,runs_J_k16_plain\both_seed0\g006_i004,runs_J_k16_plain\both_seed0\g006_i004\tripinfo.xml
6,5,16,1000000000000.0,-24337240#7;-28468730#0;-311298665;-498033359#3;-502325084#1;111677669#1;111681905#1;24337240#0;28468732#0;311298665;311298685;4970256#8;5197062#4;782710712;876057376;876057378#2,runs_J_k16_plain\both_seed0\g006_i005,runs_J_k16_plain\both_seed0\g006_i005\tripinfo.xml
6,6,16,6468.428666666667,-111681903#0;-311298658;-311298682#0;-502325084#3;-535519490#1;-782714971#0;-783907721#0;26216781#3;28468730#1;4935286#3;5197062#3;5197062#4;782710712;782714966#0;876057376;880137010,runs_J_k16_plain\both_seed0\g006_i006,runs_J_k16_plain\both_seed0\g006_i006\tripinfo.xml
6,7,14,484.50466666666665,-111681903#1;-24337240#1;-311298665;-311298682#0;-5197062#4;-782714971#0;-783907721#0;-880137009#1;26216779#0;28468732#0;311298665;58621262#1;62826731;782710712,runs_J_k16_plain\both_seed0\g006_i007,runs_J_k16_plain\both_seed0\g006_i007\tripinfo.xml
6,8,16,558.854,-205590836#0;-311298658;-311298685;-4950193;-498033359#0;-498033359#1;111677669#0;111677669#1;111677669#3;111681905#2;26216781#2;4935286#3;782714966#1;782714971#2;782714971#4;783907721#0,runs_J_k16_plain\both_seed0\g006_i008,runs_J_k16_plain\both_seed0\g006_i008\tripinfo.xml
6,9,8,624.0046666666667,-120682114#2;-24337240#4;-311298658;111677669#4;24337240#4;502325084#3;5197062#4;876057376,runs_J_k16_plain\both_seed0\g006_i009,runs_J_k16_plain\both_seed0\g006_i009\tripinfo.xml
6,10,16,621.1666666666666,-120682114#3;-502325084#1;-502325084#3;-835445203;111677668#3;111677669#1;111677669#3;26216779#0;311298682#0;4935286#2;5197062#4;535519490#1;782714971#4;876057378#2;876057378#4;876343449#1,runs_J_k16_plain\both_seed0\g006_i010,runs_J_k16_plain\both_seed0\g006_i010\tripinfo.xml
6,11,16,1000000000000.0,-311298662#0;-311298665;-502325084#3;-5197062#3;-5197062#4;-535519490#1;-7365262;-782714966#0;-782714971#2;-782714971#4;111677668#4;24337240#1;26216781#0;311298662#0;498033359#3;876057378#2,runs_J_k16_plain\both_seed0\g006_i011,runs_J_k16_plain\both_seed0\g006_i011\tripinfo.xml
6,12,16,1000000000000.0,-111681903#0;-24337240#4;-311298665;-5197062#3;-783907721#0;-835443464;-876343449#2;-880137009#0;111677669#1;24337240#2;311298685;4935286#2;4935286#3;4970256#8;782710712;782714971#0,runs_J_k16_plain\both_seed0\g006_i012,runs_J_k16_plain\both_seed0\g006_i012\tripinfo.xml
6,13,16,1000000000000.0,-111681903#0;-24337240#0;-311298658;-311298665;-311298685;-5197062#3;-535519490#1;-876343449#0;111677669#0;111677669#2;111681905#2;131942152;498033359#2;498033359#3;535519490#1;876057376,runs_J_k16_plain\both_seed0\g006_i013,runs_J_k16_plain\both_seed0\g006_i013\tripinfo.xml
6,14,16,1000000000000.0,-311298658;-311298665;-5197062#3;-535519490#1;111681905#2;311298662#1;37628709#1;4935286#1;4935286#2;4935286#3;4970256#5;5197062#3;747448014;835445203;876343449#0;880140407,runs_J_k16_plain\both_seed0\g006_i014,runs_J_k16_plain\both_seed0\g006_i014\tripinfo.xml
6,15,16,389.15,-111677668#0;-24337240#4;-24337240#6;-783907721#0;111677669#1;111681905#1;111681905#2;24337240#7;26216781#1;311298665;4935286#2;4935286#3;4970256#5;498033359#1;5197062#4;58621262#1,runs_J_k16_plain\both_seed0\g006_i015,runs_J_k16_plain\both_seed0\g006_i015\tripinfo.xml
6,16,16,1000000000000.0,-311298682#0;-782714971#2;-783907721#0;-876343449#0;111677668#3;111677668#4;111677669#3;111681903#2;24337240#2;25970859#0;4970256#7;58621262#1;747448014;782714971#0;876343449#0;880137010,runs_J_k16_plain\both_seed0\g006_i016,runs_J_k16_plain\both_seed0\g006_i016\tripinfo.xml
6,17,10,1464.5013333333334,-120682114#3;-502325084#3;111677669#4;111681903#3;24337240#2;24337240#5;28468730#0;5197062#4;783907721#2;876343449#2,runs_J_k16_plain\both_seed0\g006_i017,runs_J_k16_plain\both_seed0\g006_i017\tripinfo.xml
6,18,16,1000000000000.0,-111677671#0;-24337240#0;-24337240#1;-311298665;-7365262;-782714971#2;-880137009#0;111681903#1;24337240#3;37628709#0;4935286#3;5197062#3;782714971#4;876057378#0;876057378#5;876343449#2,runs_J_k16_plain\both_seed0\g006_i018,runs_J_k16_plain\both_seed0\g006_i018\tripinfo.xml
6,19,16,1000000000000.0,-120682114#1;-24337240#4;-311298658;-311298665;-535519490#1;-876343449#1;111677669#1;111681905#1;25970859#1;37628709#0;4935286#0;4935286#2;4970256#8;782714966#0;876057378#2;876057378#4,runs_J_k16_plain\both_seed0\g006_i019,runs_J_k16_plain\both_seed0\g006_i019\tripinfo.xml
6,20,16,473.308,-25970859#0;-311298658;-498033359#2;-502325084#3;-535519490#1;-782714971#0;111677668#4;111677669#3;26216781#2;4935299#1;4970256#8;58621262#1;783907721#0;835445203;876057376;880140407,runs_J_k16_plain\both_seed0\g006_i020,runs_J_k16_plain\both_seed0\g006_i020\tripinfo.xml
6,21,16,1000000000000.0,-311298665;-4950193;-5197062#4;-782714971#1;-876343449#1;131942152;24337240#7;26216781#2;28468730#0;4935286#0;4935286#2;4935286#3;4970256#5;502325084#3;782714971#4;835443464,runs_J_k16_plain\both_seed0\g006_i021,runs_J_k16_plain\both_seed0\g006_i021\tripinfo.xml
6,22,16,1000000000000.0,-111677668#0;-120682114#2;-24337240#3;-311298665;-498033359#0;-5197062#4;-535519490#1;-783907721#0;111677668#3;111677668#4;24337240#7;4970256#7;498033359#3;502325084#3;535519490#1;880140407,runs_J_k16_plain\both_seed0\g006_i022,runs_J_k16_plain\both_seed0\g006_i022\tripinfo.xml
6,23,16,487.768,-24337240#4;-498033359#0;-535519490#1;-876343449#0;111677669#1;111677669#3;131942152;24337240#3;311298682#0;4935286#2;4935286#3;5197062#4;782714971#0;876057378#0;876057378#2;876057378#4,runs_J_k16_plain\both_seed0\g006_i023,runs_J_k16_plain\both_seed0\g006_i023\tripinfo.xml
7,0,16,349.38866666666667,-311298665;-5197062#3;-535519490#1;-876343449#0;-880137009#0;111681905#2;28468732#1;311298658;311298662#1;4935286#2;4935286#3;4970256#5;535519490#1;876057376;876343449#0;880140407,runs_J_k16_plain\both_seed0\g007_i000,runs_J_k16_plain\both_seed0\g007_i000\tripinfo.xml
7,1,16,1000000000000.0,-111677671#0;-311298658;-311298665;-502325084#0;-7365262;-835445203;111677669#0;111681903#0;111681905#2;24337240#1;24337240#2;4935286#2;4935286#3;4970256#6;5197062#3;783907721#1,runs_J_k16_plain\both_seed0\g007_i001,runs_J_k16_plain\both_seed0\g007_i001\tripinfo.xml
7,2,16,1000000000000.0,-311298658;-311298665;-311298682#0;-311298685;-5197062#3;111677669#1;111677669#3;311298662#0;311298665;311298685;4970256#5;498033359#3;782714966#1;782714971#2;782714971#4;876343449#0,runs_J_k16_plain\both_seed0\g007_i002,runs_J_k16_plain\both_seed0\g007_i002\tripinfo.xml
7,3,16,1000000000000.0,-24337240#1;-502325084#3;-74277990;-782714971#0;-782714971#3;111677669#1;24337240#4;26216781#2;28468732#1;4935286#2;498033359#2;5197062#3;535519490#1;782714971#1;835445203;880140407,runs_J_k16_plain\both_seed0\g007_i003,runs_J_k16_plain\both_seed0\g007_i003\tripinfo.xml
7,4,16,1000000000000.0,-111681903#1;-120682114#2;-311298658;-311298665;-5197062#4;-782714971#4;-783907721#0;-876343449#2;111677668#3;111677668#4;111677669#1;111681905#2;24337240#7;4935286#2;4935286#3;4970256#8,runs_J_k16_plain\both_seed0\g007_i004,runs_J_k16_plain\both_seed0\g007_i004\tripinfo.xml
7,5,14,1000000000000.0,-24337240#7;-311298658;-311298665;-311298682#0;-498033359#2;-535519490#1;111681903#0;26216781#0;26216781#2;4935286#2;4935286#3;5197062#3;782714971#2;876057378#0,runs_J_k16_plain\both_seed0\g007_i005,runs_J_k16_plain\both_seed0\g007_i005\tripinfo.xml
7,6,16,681.994,-111677668#4;-111677671#0;-25970859#1;-311298658;-502325084#0;-782714966#1;-782714971#0;-835445203;111681903#2;24337240#4;28468732#0;311298685;4970256#5;502325084#1;876057378#1;876057378#5,runs_J_k16_plain\both_seed0\g007_i006,runs_J_k16_plain\both_seed0\g007_i006\tripinfo.xml
7,7,16,608.5606666666666,-311298665;-5197062#3;-535519490#1;-876343449#0;111681903#0;111681905#2;120682114#1;24337240#0;28468732#1;311298662#1;37628709#0;4935286#3;782710712;782714966#1;783907721#2;876057376,runs_J_k16_plain\both_seed0\g007_i007,runs_J_k16_plain\both_seed0\g007_i007\tripinfo.xml
7,8,16,806.9173333333333,-111681903#2;-24337240#0;-25970859#1;-311298682#0;-311298685;-502325084#1;-835443464;111677669#1;111677669#2;24337240#1;24337240#4;24337240#7;26216781#2;26216781#3;782714971#1;876343449#0,runs_J_k16_plain\both_seed0\g007_i008,runs_J_k16_plain\both_seed0\g007_i008\tripinfo.xml
7,9,16,1000000000000.0,-111681903#0;-25970859#1;-28298231;-311298662#0;-311298665;-311298682#0;-502325084#0;-880137009#1;111681903#0;111681905#2;311298665;4935286#2;502325084#3;5197062#4;876057378#1;876057378#5,runs_J_k16_plain\both_seed0\g007_i009,runs_J_k16_plain\both_seed0\g007_i009\tripinfo.xml
7,10,16,3338.9933333333333,-111677671#0;-120682114#2;-205590836#0;-311298658;-535519490#1;111681903#0;24337240#2;26216781#2;28468732#1;311298662#1;4935286#2;4935286#3;5197062#4;876057376;876057378#1;876057378#2,runs_J_k16_plain\both_seed0\g007_i010,runs_J_k16_plain\both_seed0\g007_i010\tripinfo.xml
7,11,16,685.2726666666666,-205590836#0;-28298231;-311298658;-311298682#0;-498033359#3;-502325084#0;-782714971#1;111677668#4;205590836#2;26216781#2;311298665;4935286#3;4970256#5;5197062#4;782714971#0;880140407,runs_J_k16_plain\both_seed0\g007_i011,runs_J_k16_plain\both_seed0\g007_i011\tripinfo.xml
7,12,16,2423.6186666666667,-120682114#3;-24337240#1;-24337240#3;-535519490#1;-782714966#1;-876343449#0;111681903#1;111681905#2;311298658;311298662#1;4935286#2;4935286#3;4970256#8;535519490#1;782714966#1;876057376,runs_J_k16_plain\both_seed0\g007_i012,runs_J_k16_plain\both_seed0\g007_i012\tripinfo.xml
7,13,7,685.996,-535519490#1;-74277990;28468730#1;4970256#5;876343449#0;880137009#1;880137010,runs_J_k16_plain\both_seed0\g007_i013,runs_J_k16_plain\both_seed0\g007_i013\tripinfo.xml
7,14,16,1000000000000.0,-111681903#1;-311298658;-311298665;-5197062#3;-835443464;-876343449#0;-880137009#0;24337240#0;26216781#1;311298665;4935286#2;4935299#1;535519490#1;876057376;876057378#1;876057378#5,runs_J_k16_plain\both_seed0\g007_i014,runs_J_k16_plain\both_seed0\g007_i014\tripinfo.xml
7,15,16,732.6793333333334,-24337240#4;-535519490#1;-876343449#2;111677669#1;111677669#3;111677671#0;24337240#0;28468730#1;4935286#2;4935286#3;4970256#8;498033359#0;502325084#1;5197062#3;58621262#1;782714971#0,runs_J_k16_plain\both_seed0\g007_i015,runs_J_k16_plain\both_seed0\g007_i015\tripinfo.xml
7,16,16,1000000000000.0,-111681903#0;-24337240#4;-311298665;-535519490#1;-782714971#0;-880137009#0;-880137009#1;111677669#1;24337240#0;26216781#2;311298685;4970256#8;747448014;876057378#3;876343449#0;880137010,runs_J_k16_plain\both_seed0\g007_i016,runs_J_k16_plain\both_seed0\g007_i016\tripinfo.xml
7,17,16,430.654,-311298658;-5197062#4;-782714971#0;-835445203;111677669#1;111677669#2;111681905#1;111681905#2;24337240#7;25970859#0;25970859#1;26216781#2;4935286#2;498033359#2;782710712;782714971#1,runs_J_k16_plain\both_seed0\g007_i017,runs_J_k16_plain\both_seed0\g007_i017\tripinfo.xml
7,18,16,1000000000000.0,-502325084#0;-535519490#1;-782714971#0;111681903#3;111681905#2;24337240#4;24337240#7;4935286#3;4970256#7;4970256#8;782714966#0;782714971#0;782714971#1;876057378#4;876057378#5;876343449#1,runs_J_k16_plain\both_seed0\g007_i018,runs_J_k16_plain\both_seed0\g007_i018\tripinfo.xml
7,19,16,1000000000000.0,-111681903#3;-24337240#4;-311298665;-783907721#1;111677669#1;111677669#5;111681905#2;24337240#7;26216779#0;28468730#0;4970256#6;502325084#1;5197062#4;782714971#0;876057376;876343449#1,runs_J_k16_plain\both_seed0\g007_i019,runs_J_k16_plain\both_seed0\g007_i019\tripinfo.xml
7,20,13,1000000000000.0,-120682114#2;-24337240#4;-24337240#6;-24337240#7;-311298665;-502325084#3;-535519490#1;-783907721#0;111677668#0;111681905#1;498033359#1;58621262#1;876057378#4,runs_J_k16_plain\both_seed0\g007_i020,runs_J_k16_plain\both_seed0\g007_i020\tripinfo.xml
7,21,16,600.3073333333333,-24337240#2;-24337240#4;-535519490#1;-782714971#4;-783907721#0;111677669#0;111677669#1;111681905#2;26216781#1;26216781#2;311298665;311298682#0;4935286#3;535519490#0;747448014;876343449#0,runs_J_k16_plain\both_seed0\g007_i021,runs_J_k16_plain\both_seed0\g007_i021\tripinfo.xml
7,22,16,1212.1453333333334,-111677668#0;-24337240#6;-311298658;-311298665;-502325084#0;-535519490#1;111677669#5;111681905#1;120682114#2;24337240#7;311298685;4935286#3;4970256#7;58621262#1;782714966#1;876057378#3,runs_J_k16_plain\both_seed0\g007_i022,runs_J_k16_plain\both_seed0\g007_i022\tripinfo.xml
7,23,3,644.456,-535519490#1;131942152;58621262#0,runs_J_k16_plain\both_seed0\g007_i023,runs_J_k16_plain\both_seed0\g007_i023\tripinfo.xml
8,0,16,349.38866666666667,-311298665;-5197062#3;-535519490#1;-876343449#0;-880137009#0;111681905#2;28468732#1;311298658;311298662#1;4935286#2;4935286#3;4970256#5;535519490#1;876057376;876343449#0;880140407,runs_J_k16_plain\both_seed0\g008_i000,runs_J_k16_plain\both_seed0\g008_i000\tripinfo.xml
8,1,16,656.0033333333333,-24337240#4;-24337240#7;-311298665;-782714971#2;-783907721#0;111677668#4;111677669#1;111681903#3;111681905#1;24337240#7;25970859#1;26216781#0;311298662#0;311298662#1;498033359#2;876343449#1,runs_J_k16_plain\both_seed0\g008_i001,runs_J_k16_plain\both_seed0\g008_i001\tripinfo.xml
8,2,16,754.952,-25970859#1;-311298658;-311298662#0;-782714971#0;111677668#0;111681905#1;111681905#2;131942152;24337240#5;311298665;311298682#0;4935286#3;782710712;782714971#1;876057378#3;876057378#4,runs_J_k16_plain\both_seed0\g008_i002,runs_J_k16_plain\both_seed0\g008_i002\tripinfo.xml
8,3,16,1000000000000.0,-205590836#0;-25970859#1;-311298658;-311298665;-4950193;-498033359#2;-535519490#0;-535519490#1;-782714971#0;24337240#0;25970859#1;28468732#1;311298665;4935286#3;4970256#7;502325084#1,runs_J_k16_plain\both_seed0\g008_i003,runs_J_k16_plain\both_seed0\g008_i003\tripinfo.xml
8,4,16,425.77,-120682114#2;-24337240#4;-24337240#7;-311298682#0;-498033359#3;-502325084#0;111681905#1;111681905#2;24337240#5;4935286#2;5197062#4;782714966#0;835445203;876057376;876343449#0;880137009#0,runs_J_k16_plain\both_seed0\g008_i004,runs_J_k16_plain\both_seed0\g008_i004\tripinfo.xml
8,5,10,1000000000000.0,-311298665;-5197062#3;111677668#0;111677669#3;205590836#2;37628709#0;535519490#1;782714971#2;7924772;876057376,runs_J_k16_plain\both_seed0\g008_i005,runs_J_k16_plain\both_seed0\g008_i005\tripinfo.xml
8,6,16,1000000000000.0,-120682114#3;-24337240#2;-311298658;-311298665;-311298682#0;-535519490#1;-783907721#2;111681905#1;111681905#2;26216779#1;28468730#0;28468730#1;311298658;4970256#5;535519490#1;782714971#1,runs_J_k16_plain\both_seed0\g008_i006,runs_J_k16_plain\both_seed0\g008_i006\tripinfo.xml
8,7,10,1000000000000.0,-111677668#0;-111681903#1;-311298665;-311298685;-535519490#1;-876343449#0;-876343449#2;111677669#0;311298665;37628709#0,runs_J_k16_plain\both_seed0\g008_i007,runs_J_k16_plain\both_seed0\g008_i007\tripinfo.xml
8,8,16,466.4753333333333,-311298685;-498033359#1;-5197062#3;-535519490#1;-782714966#0;-876343449#0;311298662#1;311298665;4970256#5;4970256#6;498033359#3;535519490#1;58621262#1;782714966#1;876057376;876343449#0,runs_J_k16_plain\both_seed0\g008_i008,runs_J_k16_plain\both_seed0\g008_i008\tripinfo.xml
8,9,16,511.496,-111681903#2;-120682114#1;-24337240#7;-535519490#1;-782714966#1;-783907721#0;111677669#2;131942152;28468730#0;28468732#0;311298662#0;4935286#2;4935286#3;502325084#1;62826731;876057378#3,runs_J_k16_plain\both_seed0\g008_i009,runs_J_k16_plain\both_seed0\g008_i009\tripinfo.xml
8,10,16,1388.798,-24337240#2;-782714971#4;-876343449#1;111677669#0;111677669#1;111681905#2;120682114#2;24337240#4;26216781#1;26216781#2;311298682#0;58621262#0;747448014;783907721#2;876057378#3;876057378#5,runs_J_k16_plain\both_seed0\g008_i010,runs_J_k16_plain\both_seed0\g008_i010\tripinfo.xml
8,11,9,1000000000000.0,-111677671#0;-311298662#0;-311298665;-535519490#1;-782714966#0;-880137009#0;111681903#3;4935286#3;62826731,runs_J_k16_plain\both_seed0\g008_i011,runs_J_k16_plain\both_seed0\g008_i011\tripinfo.xml
8,12,16,1000000000000.0,-311298658;-498033359#0;-502325084#0;-535519490#1;-782714971#0;-782714971#2;-835445203;111681905#1;120682114#3;311298685;4970256#5;5197062#4;782714971#2;782714971#4;876057376;880137009#1,runs_J_k16_plain\both_seed0\g008_i012,runs_J_k16_plain\both_seed0\g008_i012\tripinfo.xml
8,13,9,784.1346666666667,-111677668#3;-111681903#2;-535519490#1;-876343449#2;111681905#1;26216781#3;502325084#1;58621262#0;880137009#1,runs_J_k16_plain\both_seed0\g008_i013,runs_J_k16_plain\both_seed0\g008_i013\tripinfo.xml
8,14,16,625.1226666666666,-24337240#6;-311298658;-311298665;-4950193;-535519490#1;-835445203;26216779#0;28468732#1;4935286#0;4935286#2;4970256#5;502325084#3;62826731;876057376;876343449#0;880137009#0,runs_J_k16_plain\both_seed0\g008_i014,runs_J_k16_plain\both_seed0\g008_i014\tripinfo.xml
8,15,15,651.6066666666667,-24337240#7;-311298665;-535519490#1;-782714971#2;-782714971#4;-880137009#0;24337240#4;28468732#1;4970256#5;535519490#0;535519490#1;782714971#1;782714971#3;783907721#0;876343449#0,runs_J_k16_plain\both_seed0\g008_i015,runs_J_k16_plain\both_seed0\g008_i015\tripinfo.xml
8,16,16,612.4453333333333,-24337240#2;-311298658;-535519490#0;111677669#0;111677669#1;111677669#3;111681905#2;205590836#2;26216781#1;28468732#0;4935286#3;498033359#3;782710712;876343449#0;880137009#0;880140407,runs_J_k16_plain\both_seed0\g008_i016,runs_J_k16_plain\both_seed0\g008_i016\tripinfo.xml
8,17,3,479.66866666666664,-535519490#1;502325084#1;876057378#4,runs_J_k16_plain\both_seed0\g008_i017,runs_J_k16_plain\both_seed0\g008_i017\tripinfo.xml
8,18,16,439.5113333333333,-111681903#1;-311298665;-5197062#4;-835445203;-876343449#2;111677669#1;111677669#2;26216781#2;28468730#1;4935286#2;4935286#3;498033359#2;502325084#1;58621262#1;876057378#4;876343449#2,runs_J_k16_plain\both_seed0\g008_i018,runs_J_k16_plain\both_seed0\g008_i018\tripinfo.xml
8,19,16,1000000000000.0,-111677668#4;-111681903#0;-311298665;-4950193;-5197062#3;-535519490#0;-535519490#1;-835445203;-876343449#0;-880140407;131942152;24337240#2;4935286#2;4970256#7;876057378#2;880137009#1,runs_J_k16_plain\both_seed0\g008_i019,runs_J_k16_plain\both_seed0\g008_i019\tripinfo.xml
8,20,14,1000000000000.0,-111677671#0;-120682114#1;-311298665;-535519490#1;111681903#3;131942152;205590836#2;24337240#0;311298682#0;4935286#2;4935299#1;4970256#8;498033359#0;880137010,runs_J_k16_plain\both_seed0\g008_i020,runs_J_k16_plain\both_seed0\g008_i020\tripinfo.xml
8,21,16,671.828,-111681903#2;-25970859#1;-311298658;-498033359#1;-498033359#2;-782714971#0;111677668#3;111681903#1;24337240#4;28468732#0;311298685;4970256#5;502325084#1;58621262#1;782714971#4;880137009#0,runs_J_k16_plain\both_seed0\g008_i021,runs_J_k16_plain\both_seed0\g008_i021\tripinfo.xml
8,22,16,641.324,-24337240#2;-24337240#4;-311298662#0;-535519490#1;-782714971#2;-782714971#4;111677668#4;111677669#0;111681905#2;26216781#1;311298662#1;311298665;4935286#2;4935286#3;535519490#0;782714971#4,runs_J_k16_plain\both_seed0\g008_i022,runs_J_k16_plain\both_seed0\g008_i022\tripinfo.xml
8,23,16,704.8086666666667,-111681903#0;-24337240#1;-24337240#2;-24337240#6;-311298658;-782714966#1;111677668#3;111677669#0;111677669#2;111681903#2;24337240#1;26216781#3;311298685;502325084#1;782714971#1;876057378#1,runs_J_k16_plain\both_seed0\g008_i023,runs_J_k16_plain\both_seed0\g008_i023\tripinfo.xml
9,0,16,349.38866666666667,-311298665;-5197062#3;-535519490#1;-876343449#0;-880137009#0;111681905#2;28468732#1;311298658;311298662#1;4935286#2;4935286#3;4970256#5;535519490#1;876057376;876343449#0;880140407,runs_J_k16_plain\both_seed0\g009_i000,runs_J_k16_plain\both_seed0\g009_i000\tripinfo.xml
9,1,16,1000000000000.0,-311298658;-311298665;-5197062#3;-74277990;111677669#1;111677669#2;311298665;4935286#3;502325084#1;502325084#3;5197062#4;535519490#0;783907721#1;876057378#4;876343449#2;880137010,runs_J_k16_plain\both_seed0\g009_i001,runs_J_k16_plain\both_seed0\g009_i001\tripinfo.xml
9,2,16,1733.368,-120682114#3;-311298658;-311298665;-498033359#3;-535519490#1;111677669#1;120682114#2;24337240#3;24337240#7;26216779#0;26216781#2;28468732#1;4935286#0;498033359#2;58621262#1;880137009#0,runs_J_k16_plain\both_seed0\g009_i002,runs_J_k16_plain\both_seed0\g009_i002\tripinfo.xml
9,3,16,647.9666666666667,-111681903#3;-502325084#1;-535519490#1;-835443464;-835445203;-876343449#2;111677669#2;111681903#3;28468730#1;311298662#1;4935286#1;4970256#7;498033359#0;5197062#3;58621262#1;880140407,runs_J_k16_plain\both_seed0\g009_i003,runs_J_k16_plain\both_seed0\g009_i003\tripinfo.xml
9,4,16,700.11,-311298665;-535519490#1;-782714971#3;-783907721#0;111677668#4;111677669#1;111681905#1;28468732#0;4935286#3;498033359#2;498033359#3;782710712;782714971#0;782714971#1;783907721#1;876343449#2,runs_J_k16_plain\both_seed0\g009_i004,runs_J_k16_plain\both_seed0\g009_i004\tripinfo.xml
9,5,16,393.0493333333333,-120682114#3;-7365262;-782714971#0;-835445203;111681905#2;26216781#1;28468730#1;37628709#0;4935286#2;4935286#3;4970256#5;498033359#2;502325084#1;535519490#1;876057378#2;880137009#1,runs_J_k16_plain\both_seed0\g009_i005,runs_J_k16_plain\both_seed0\g009_i005\tripinfo.xml
9,6,16,666.286,-120682114#2;-498033359#1;-5197062#3;-5197062#4;-535519490#0;-535519490#1;-782714971#3;-876343449#0;111677669#2;28468732#1;311298665;4935286#2;4935286#3;58621262#1;783907721#2;876057378#4,runs_J_k16_plain\both_seed0\g009_i006,runs_J_k16_plain\both_seed0\g009_i006\tripinfo.xml
9,7,16,382.188,-28468730#0;-498033359#1;-5197062#3;-876343449#0;111677669#1;111681903#2;26216779#1;28468732#1;37628709#1;4935286#2;4970256#5;502325084#1;782714966#1;835443464;876057378#4;876343449#0,runs_J_k16_plain\both_seed0\g009_i007,runs_J_k16_plain\both_seed0\g009_i007\tripinfo.xml
9,8,16,436.502,-111681903#3;-120682114#3;-5197062#3;-5197062#4;-876343449#0;120682114#3;205590836#2;28468730#0;311298662#1;311298665;4935286#0;4935286#3;4970256#5;4970256#8;5197062#4;58621262#1,runs_J_k16_plain\both_seed0\g009_i008,runs_J_k16_plain\both_seed0\g009_i008\tripinfo.xml
9,9,12,600.036,-311298662#1;-535519490#1;-782714966#0;-782714971#3;-783907721#0;-876343449#0;311298662#0;4970256#8;58621262#1;62826731;783907721#2;876057376,runs_J_k16_plain\both_seed0\g009_i009,runs_J_k16_plain\both_seed0\g009_i009\tripinfo.xml
9,10,16,1000000000000.0,-120682114#1;-24337240#6;-311298665;-535519490#1;-782714966#1;26216779#0;28468732#0;311298662#1;311298665;4935286#3;4970256#6;498033359#3;502325084#1;62826731;782714971#2;876057378#3,runs_J_k16_plain\both_seed0\g009_i010,runs_J_k16_plain\both_seed0\g009_i010\tripinfo.xml
9,11,16,500.4986666666667,-24337240#0;-24337240#2;-24337240#4;-311298662#0;-498033359#0;-74277990;-782714971#3;-782714971#4;111677669#0;26216779#0;311298662#1;4935286#3;4970256#5;535519490#0;7924772;876057378#5,runs_J_k16_plain\both_seed0\g009_i011,runs_J_k16_plain\both_seed0\g009_i011\tripinfo.xml
9,12,16,1000000000000.0,-24337240#1;-311298658;-311298665;-5197062#3;-535519490#1;-782714971#1;-876343449#0;-880137009#0;28468732#1;4935286#2;502325084#1;535519490#1;782710712;782714971#0;876057378#3;880137010,runs_J_k16_plain\both_seed0\g009_i012,runs_J_k16_plain\both_seed0\g009_i012\tripinfo.xml
9,13,16,1000000000000.0,-24337240#3;-311298665;-782714971#3;-835445203;-876343449#1;-880137009#0;26216781#2;28468732#1;311298665;37628709#0;4935286#0;4935286#2;4970256#6;7924772;876343449#1;880140407,runs_J_k16_plain\both_seed0\g009_i013,runs_J_k16_plain\both_seed0\g009_i013\tripinfo.xml
9,14,16,490.75666666666666,-120682114#2;-24337240#4;-311298665;-502325084#0;111677668#3;111677669#4;120682114#1;26216779#0;28468732#0;37628709#0;4935286#3;4970256#6;502325084#3;782714971#0;876057378#4;880137009#0,runs_J_k16_plain\both_seed0\g009_i014,runs_J_k16_plain\both_seed0\g009_i014\tripinfo.xml
9,15,16,621.0726666666667,-24337240#6;-311298665;-535519490#1;-782714971#2;-783907721#0;111677668#4;25970859#1;311298662#0;311298682#0;4935286#2;4935286#3;502325084#1;5197062#3;62826731;876057378#1;876057378#4,runs_J_k16_plain\both_seed0\g009_i015,runs_J_k16_plain\both_seed0\g009_i015\tripinfo.xml
9,16,16,1000000000000.0,-120682114#1;-311298665;-782714966#1;-782714971#4;-783907721#0;111677669#2;111677669#4;111681903#1;25970859#1;26216781#1;311298662#1;4935286#3;498033359#1;535519490#0;835445203;876057378#3,runs_J_k16_plain\both_seed0\g009_i016,runs_J_k16_plain\both_seed0\g009_i016\tripinfo.xml
9,17,16,701.8553333333333,-111677668#3;-311298662#0;-502325084#3;-5197062#3;-835443464;-876343449#0;111677671#0;111681905#2;311298662#1;4935286#3;4970256#5;4970256#6;498033359#2;535519490#1;58621262#1;782714971#2,runs_J_k16_plain\both_seed0\g009_i017,runs_J_k16_plain\both_seed0\g009_i017\tripinfo.xml
9,18,16,1000000000000.0,-111681903#1;-120682114#1;-24337240#4;-311298662#1;-311298665;-311298685;-535519490#1;111677669#0;120682114#1;28468732#0;311298665;498033359#3;535519490#1;62826731;876057378#3;876057378#5,runs_J_k16_plain\both_seed0\g009_i018,runs_J_k16_plain\both_seed0\g009_i018\tripinfo.xml
9,19,16,717.5646666666667,-111681903#1;-205590836#0;-311298658;-5197062#4;-535519490#1;-835445203;111677668#4;111677669#4;28468730#1;4935286#2;4970256#6;502325084#1;58621262#1;782714966#1;876057378#4;880137010,runs_J_k16_plain\both_seed0\g009_i019,runs_J_k16_plain\both_seed0\g009_i019\tripinfo.xml
9,20,16,1000000000000.0,-24337240#1;-311298665;-535519490#1;-835443464;-880137009#0;111677669#0;111681903#1;111681903#2;28468732#1;311298685;4935286#1;4935286#2;502325084#3;747448014;782714971#2;876057378#1,runs_J_k16_plain\both_seed0\g009_i020,runs_J_k16_plain\both_seed0\g009_i020\tripinfo.xml
9,21,16,2914.692,-120682114#2;-311298665;-498033359#3;-5197062#3;-535519490#1;111681905#2;26216781#2;4935286#2;4970256#5;4970256#8;498033359#3;58621262#1;782714966#1;782714971#1;783907721#2;835445203,runs_J_k16_plain\both_seed0\g009_i021,runs_J_k16_plain\both_seed0\g009_i021\tripinfo.xml
9,22,8,641.71,-311298685;-782714971#0;-782714971#2;-876343449#0;24337240#3;26216779#0;535519490#1;876057376,runs_J_k16_plain\both_seed0\g009_i022,runs_J_k16_plain\both_seed0\g009_i022\tripinfo.xml
9,23,16,1000000000000.0,-111677671#0;-205590836#0;-24337240#0;-311298658;-311298665;-311298685;-4950193;-5197062#3;24337240#3;24337240#4;26216779#0;4935286#2;4970256#5;498033359#2;782714966#1;880140407,runs_J_k16_plain\both_seed0\g009_i023,runs_J_k16_plain\both_seed0\g009_i023\tripinfo.xml
10,0,16,349.38866666666667,-311298665;-5197062#3;-535519490#1;-876343449#0;-880137009#0;111681905#2;28468732#1;311298658;311298662#1;4935286#2;4935286#3;4970256#5;535519490#1;876057376;876343449#0;880140407,runs_J_k16_plain\both_seed0\g010_i000,runs_J_k16_plain\both_seed0\g010_i000\tripinfo.xml
10,1,15,1000000000000.0,-111681903#2;-205590836#0;-311298665;-502325084#0;-502325084#3;-535519490#0;-535519490#1;-782714971#3;-876343449#0;26216779#0;311298662#1;37628709#0;498033359#2;62826731;835445203,runs_J_k16_plain\both_seed0\g010_i001,runs_J_k16_plain\both_seed0\g010_i001\tripinfo.xml
10,2,16,642.6493333333333,-5197062#3;-782714966#1;-782714971#1;-783907721#0;111681905#2;25970859#1;26216781#2;311298662#0;311298682#0;4935286#1;4935286#3;62826731;782714971#0;782714971#2;876057378#1;876057378#4,runs_J_k16_plain\both_seed0\g010_i002,runs_J_k16_plain\both_seed0\g010_i002\tripinfo.xml
10,3,6,634.0733333333334,-120682114#1;-120682114#2;-5197062#3;26216779#1;4970256#7;7924772,runs_J_k16_plain\both_seed0\g010_i003,runs_J_k16_plain\both_seed0\g010_i003\tripinfo.xml
10,4,16,472.42266666666666,-498033359#3;-5197062#4;-835445203;-876343449#0;-880140407;120682114#3;205590836#2;28468730#1;311298665;37628709#0;4935286#0;4970256#8;782714966#1;782714971#3;782714971#4;876057378#4,runs_J_k16_plain\both_seed0\g010_i004,runs_J_k16_plain\both_seed0\g010_i004\tripinfo.xml
10,5,16,1000000000000.0,-111681903#0;-24337240#4;-24337240#6;-311298665;-311298682#0;-535519490#0;-535519490#1;-783907721#0;24337240#0;26216781#1;26216781#2;4935286#2;4970256#7;498033359#3;876057378#4;876343449#2,runs_J_k16_plain\both_seed0\g010_i005,runs_J_k16_plain\both_seed0\g010_i005\tripinfo.xml
10,6,16,800.3226666666667,-5197062#3;-535519490#1;-782714966#1;-876343449#2;111677668#4;111677669#1;111681903#0;111681905#2;25970859#1;26216779#1;4935286#2;4935286#3;502325084#1;58621262#1;62826731;876057378#5,runs_J_k16_plain\both_seed0\g010_i006,runs_J_k16_plain\both_seed0\g010_i006\tripinfo.xml
10,7,16,2627.86,-111681903#0;-120682114#3;-25970859#1;-311298665;-783907721#1;111681903#1;111681903#2;120682114#1;311298685;4935286#2;4970256#5;535519490#0;782714966#1;835443464;876057378#0;876057378#4,runs_J_k16_plain\both_seed0\g010_i007,runs_J_k16_plain\both_seed0\g010_i007\tripinfo.xml
10,8,16,1000000000000.0,-111681903#3;-311298665;-5197062#3;-876343449#0;-880137009#1;205590836#2;24337240#3;311298662#1;4935286#0;4935286#2;4970256#5;4970256#8;535519490#0;835443464;876057378#0;876343449#0,runs_J_k16_plain\both_seed0\g010_i008,runs_J_k16_plain\both_seed0\g010_i008\tripinfo.xml
10,9,16,872.5226666666666,-111681903#3;-120682114#1;-498033359#0;-782714971#0;-782714971#3;-782714971#4;-876343449#0;111677669#4;26216779#0;28468732#0;311298665;4935286#2;5197062#4;782714966#0;783907721#2;876057378#2,runs_J_k16_plain\both_seed0\g010_i009,runs_J_k16_plain\both_seed0\g010_i009\tripinfo.xml
10,10,16,1000000000000.0,-111677668#3;-120682114#3;-24337240#0;-24337240#1;-24337240#2;-311298665;-7365262;-783907721#2;111677669#0;26216781#2;311298658;37628709#0;4935286#2;535519490#1;876057378#5;880140407,runs_J_k16_plain\both_seed0\g010_i010,runs_J_k16_plain\both_seed0\g010_i010\tripinfo.xml
10,11,16,1000000000000.0,-24337240#6;-311298665;-5197062#3;-535519490#1;-876343449#0;111677669#1;111677669#2;111681903#3;311298682#0;4935286#2;4935286#3;498033359#0;502325084#1;502325084#3;62826731;747448014,runs_J_k16_plain\both_seed0\g010_i011,runs_J_k16_plain\both_seed0\g010_i011\tripinfo.xml
10,12,16,1000000000000.0,-111677671#0;-111681903#3;-311298665;-535519490#1;-880137009#0;111681903#2;111681905#2;24337240#0;26216781#3;311298685;37628709#0;4935286#2;4970256#5;5197062#3;535519490#1;876057378#1,runs_J_k16_plain\both_seed0\g010_i012,runs_J_k16_plain\both_seed0\g010_i012\tripinfo.xml
10,13,16,1000000000000.0,-120682114#3;-311298665;-502325084#1;-5197062#3;-7365262;-782714971#1;-876343449#0;120682114#3;205590836#2;4935286#3;4970256#7;4970256#8;498033359#2;782714971#4;783907721#2;876057376,runs_J_k16_plain\both_seed0\g010_i013,runs_J_k16_plain\both_seed0\g010_i013\tripinfo.xml
10,14,11,606.0646666666667,-502325084#0;-5197062#3;-880137009#0;111681903#3;111681905#2;28468730#0;28468732#1;311298665;535519490#0;535519490#1;58621262#1,runs_J_k16_plain\both_seed0\g010_i014,runs_J_k16_plain\both_seed0\g010_i014\tripinfo.xml
10,15,12,1000000000000.0,-311298662#1;-311298665;-498033359#1;-876343449#0;-876343449#1;111677669#3;37628709#0;37628709#1;4935286#2;58621262#1;782714966#1;835443464,runs_J_k16_plain\both_seed0\g010_i015,runs_J_k16_plain\both_seed0\g010_i015\tripinfo.xml
10,16,16,1000000000000.0,-24337240#2;-28468730#0;-311298665;-782714966#0;-782714971#2;-876343449#1;-880137009#0;111681903#2;120682114#1;24337240#0;26216781#2;28468730#1;498033359#3;502325084#1;535519490#0;876343449#2,runs_J_k16_plain\both_seed0\g010_i016,runs_J_k16_plain\both_seed0\g010_i016\tripinfo.xml
10,17,16,1000000000000.0,-311298662#1;-783907721#2;-835443464;-835445203;111681905#2;37628709#0;4935286#1;4935299#1;4970256#5;502325084#1;535519490#1;747448014;782714971#4;876057378#3;876057378#4;880140407,runs_J_k16_plain\both_seed0\g010_i017,runs_J_k16_plain\both_seed0\g010_i017\tripinfo.xml
10,18,12,1000000000000.0,-111681903#3;-120682114#2;-311298665;-782714971#0;-876343449#2;111677669#3;111681905#2;4935286#2;498033359#2;535519490#1;782714971#0;880137009#1,runs_J_k16_plain\both_seed0\g010_i018,runs_J_k16_plain\both_seed0\g010_i018\tripinfo.xml
10,19,9,555.5013333333334,-111677668#3;-24337240#3;-311298662#0;-5197062#3;-5197062#4;-535519490#1;111677671#0;28468730#1;4970256#8,runs_J_k16_plain\both_seed0\g010_i019,runs_J_k16_plain\both_seed0\g010_i019\tripinfo.xml
10,20,16,638.3333333333334,-111681903#3;-502325084#1;-502325084#3;-5197062#3;-835445203;-876343449#0;24337240#4;28468730#0;311298665;4935286#2;4970256#5;4970256#7;876057378#0;876057378#3;876343449#1;880140407,runs_J_k16_plain\both_seed0\g010_i020,runs_J_k16_plain\both_seed0\g010_i020\tripinfo.xml
10,21,16,1000000000000.0,-24337240#4;-311298665;-498033359#0;-535519490#1;-74277990;-782714966#1;-782714971#2;26216779#0;311298665;4935286#3;4970256#5;4970256#8;535519490#0;58621262#1;782710712;876343449#0,runs_J_k16_plain\both_seed0\g010_i021,runs_J_k16_plain\both_seed0\g010_i021\tripinfo.xml
10,22,16,1214.3606666666667,-120682114#3;-311298662#0;-876343449#0;-880137009#0;111677669#1;111681905#2;120682114#2;26216779#0;28468732#1;311298662#1;311298682#0;4935286#3;4970256#5;4970256#7;535519490#1;880140407,runs_J_k16_plain\both_seed0\g010_i022,runs_J_k16_plain\both_seed0\g010_i022\tripinfo.xml
10,23,13,1000000000000.0,-311298665;-502325084#0;-502325084#3;-876343449#0;-876343449#2;120682114#2;205590836#2;26216779#0;4935286#2;62826731;782714971#3;876057376;876057378#4,runs_J_k16_plain\both_seed0\g010_i023,runs_J_k16_plain\both_seed0\g010_i023\tripinfo.xml
11,0,16,349.38866666666667,-311298665;-5197062#3;-535519490#1;-876343449#0;-880137009#0;111681905#2;28468732#1;311298658;311298662#1;4935286#2;4935286#3;4970256#5;535519490#1;876057376;876343449#0;880140407,runs_J_k16_plain\both_seed0\g011_i000,runs_J_k16_plain\both_seed0\g011_i000\tripinfo.xml
11,1,16,642.4093333333333,-24337240#7;-311298658;-498033359#2;-535519490#1;-876343449#0;120682114#3;28468730#1;311298665;37628709#1;4935286#3;502325084#0;535519490#1;782714971#4;876057376;876057378#1;876057378#4,runs_J_k16_plain\both_seed0\g011_i001,runs_J_k16_plain\both_seed0\g011_i001\tripinfo.xml
11,2,16,576.9213333333333,-111677668#0;-24337240#3;-311298665;-498033359#3;-535519490#1;-74277990;-876343449#0;-876343449#1;111677668#4;111681905#2;28468732#1;311298665;4935286#2;4935286#3;876057378#2;880137009#0,runs_J_k16_plain\both_seed0\g011_i002,runs_J_k16_plain\both_seed0\g011_i002\tripinfo.xml
11,3,16,600.2766666666666,-311298658;-311298665;-876343449#0;111677669#0;111681905#1;111681905#2;24337240#7;28468732#1;311298662#0;311298682#0;4935286#3;4970256#8;782714966#0;782714971#0;876057378#1;876057378#4,runs_J_k16_plain\both_seed0\g011_i003,runs_J_k16_plain\both_seed0\g011_i003\tripinfo.xml
11,4,16,629.5773333333333,-111677668#0;-111681903#1;-24337240#6;111681905#2;25970859#0;25970859#1;26216781#2;311298658;4935286#1;4935286#2;4935286#3;498033359#3;535519490#1;876057378#3;876057378#4;880140407,runs_J_k16_plain\both_seed0\g011_i004,runs_J_k16_plain\both_seed0\g011_i004\tripinfo.xml
11,5,16,1000000000000.0,-111677671#0;-111681903#3;-120682114#3;-28298231;-311298665;-498033359#0;-502325084#1;-502325084#3;-782714971#2;-876343449#0;24337240#4;4935286#2;4935299#1;4970256#7;498033359#3;876057378#3,runs_J_k16_plain\both_seed0\g011_i005,runs_J_k16_plain\both_seed0\g011_i005\tripinfo.xml
11,6,16,2185.162,-498033359#1;-5197062#4;-783907721#0;-876343449#0;111677669#1;111681903#1;120682114#2;131942152;311298665;37628709#0;4935286#0;4935286#2;4970256#5;4970256#7;782714971#0;880140407,runs_J_k16_plain\both_seed0\g011_i006,runs_J_k16_plain\both_seed0\g011_i006\tripinfo.xml
11,7,16,686.1373333333333,-111681903#2;-111681903#3;-502325084#1;-5197062#3;-7365262;-782714971#1;-782714971#3;-835445203;-876343449#2;111677669#5;205590836#2;24337240#7;502325084#3;782714966#0;782714971#4;876057378#1,runs_J_k16_plain\both_seed0\g011_i007,runs_J_k16_plain\both_seed0\g011_i007\tripinfo.xml
11,8,16,1000000000000.0,-120682114#1;-311298665;-535519490#1;-782714971#0;-782714971#3;-876343449#0;120682114#3;24337240#0;24337240#2;26216779#0;26216781#2;4935286#0;4935286#2;782714966#0;7924772;876057378#2,runs_J_k16_plain\both_seed0\g011_i008,runs_J_k16_plain\both_seed0\g011_i008\tripinfo.xml
11,9,16,414.958,-120682114#2;-24337240#6;-24337240#7;-876343449#0;111681905#2;26216779#0;28468732#0;28468732#1;311298662#1;4935286#2;4935286#3;4970256#5;502325084#0;782714971#0;876343449#0;876343449#1,runs_J_k16_plain\both_seed0\g011_i009,runs_J_k16_plain\both_seed0\g011_i009\tripinfo.xml
11,10,16,1000000000000.0,-311298658;-311298662#0;-502325084#3;-535519490#1;-782714966#0;-782714971#1;-782714971#3;-876343449#0;24337240#0;28468730#1;311298665;4935286#0;782714971#3;783907721#2;876057376;880137009#1,runs_J_k16_plain\both_seed0\g011_i010,runs_J_k16_plain\both_seed0\g011_i010\tripinfo.xml
11,11,16,1000000000000.0,-111677671#0;-120682114#2;-311298665;-535519490#1;-783907721#0;111677669#0;111681905#2;205590836#2;26216781#2;4935286#1;4935286#2;4970256#7;498033359#2;876343449#2;880137009#0;880137010,runs_J_k16_plain\both_seed0\g011_i011,runs_J_k16_plain\both_seed0\g011_i011\tripinfo.xml
11,12,16,566.0446666666667,-120682114#1;-311298685;-5197062#3;-782714971#1;-876343449#2;26216781#1;28468730#0;311298662#0;4935286#2;498033359#2;535519490#1;782714966#0;782714966#1;7924772;876057378#1;876057378#4,runs_J_k16_plain\both_seed0\g011_i012,runs_J_k16_plain\both_seed0\g011_i012\tripinfo.xml
11,13,16,1000000000000.0,-111681903#3;-24337240#7;-311298665;-502325084#1;-502325084#3;-535519490#1;-782714971#0;-782714971#4;-876343449#0;-880137009#0;111677669#4;111681903#3;120682114#1;24337240#5;4935286#2;498033359#3,runs_J_k16_plain\both_seed0\g011_i013,runs_J_k16_plain\both_seed0\g011_i013\tripinfo.xml
11,14,16,1000000000000.0,-120682114#3;-24337240#1;-311298665;-502325084#3;-74277990;-876343449#0;111677668#3;311298665;4935286#2;4970256#5;4970256#7;498033359#3;782714966#0;835445203;876057378#2;876343449#0,runs_J_k16_plain\both_seed0\g011_i014,runs_J_k16_plain\both_seed0\g011_i014\tripinfo.xml
11,15,16,655.88,-24337240#4;-28298231;-502325084#1;-782714966#1;-783907721#0;111677669#4;111681903#2;24337240#4;311298658;4935286#0;4935286#2;4935286#3;4935299#1;498033359#3;502325084#1;876343449#2,runs_J_k16_plain\both_seed0\g011_i015,runs_J_k16_plain\both_seed0\g011_i015\tripinfo.xml
11,16,12,1000000000000.0,-111677668#0;-120682114#3;-311298665;-782714966#0;-783907721#2;-876343449#1;111681905#2;120682114#1;24337240#1;311298682#0;782714971#0;876057378#4,runs_J_k16_plain\both_seed0\g011_i016,runs_J_k16_plain\both_seed0\g011_i016\tripinfo.xml
11,17,12,2375.9113333333335,-111677668#0;-111677668#4;-111681903#3;-498033359#1;-5197062#3;-782714966#1;-782714971#2;28468730#1;311298662#1;835443464;876057378#3;880140407,runs_J_k16_plain\both_seed0\g011_i017,runs_J_k16_plain\both_seed0\g011_i017\tripinfo.xml
11,18,16,1000000000000.0,-120682114#1;-205590836#0;-24337240#3;-311298662#0;-498033359#2;-502325084#0;-5197062#3;-5197062#4;-782714966#1;-782714971#3;-835445203;-876343449#0;28468730#0;311298665;4970256#8;783907721#2,runs_J_k16_plain\both_seed0\g011_i018,runs_J_k16_plain\both_seed0\g011_i018\tripinfo.xml
11,19,16,507.6426666666667,-120682114#3;-311298685;-5197062#4;-535519490#1;-7365262;-782714966#1;-835445203;-880137009#0;-880140407;28468730#0;28468730#1;311298682#0;502325084#3;535519490#0;782714966#1;880140407,runs_J_k16_plain\both_seed0\g011_i019,runs_J_k16_plain\both_seed0\g011_i019\tripinfo.xml
11,20,16,1536.858,-111677668#3;-24337240#2;111681905#2;120682114#2;120682114#3;205590836#2;26216779#0;4935286#3;4970256#5;502325084#0;535519490#1;62826731;782714971#2;783907721#0;876343449#1;876343449#2,runs_J_k16_plain\both_seed0\g011_i020,runs_J_k16_plain\both_seed0\g011_i020\tripinfo.xml
11,21,14,1000000000000.0,-111677668#4;-311298658;-311298665;-498033359#3;-535519490#1;-7365262;-835445203;26216781#0;26216781#2;37628709#0;4935286#2;782714971#4;876057378#4;876343449#1,runs_J_k16_plain\both_seed0\g011_i021,runs_J_k16_plain\both_seed0\g011_i021\tripinfo.xml
11,22,16,465.22266666666667,-25970859#1;-498033359#3;-782714971#2;-835445203;-876343449#0;28468730#1;311298665;37628709#0;4935286#1;4970256#8;498033359#3;58621262#1;782714966#1;782714971#3;782714971#4;7924772,runs_J_k16_plain\both_seed0\g011_i022,runs_J_k16_plain\both_seed0\g011_i022\tripinfo.xml
11,23,16,1541.6313333333333,-111681903#3;-502325084#0;-782714971#0;-782714971#3;111677668#3;111681903#3;111681905#2;26216781#0;28468732#0;311298665;4935286#1;4935286#2;782714966#1;835445203;876057376;876057378#3,runs_J_k16_plain\both_seed0\g011_i023,runs_J_k16_plain\both_seed0\g011_i023\tripinfo.xml
12,0,16,349.38866666666667,-311298665;-5197062#3;-535519490#1;-876343449#0;-880137009#0;111681905#2;28468732#1;311298658;311298662#1;4935286#2;4935286#3;4970256#5;535519490#1;876057376;876343449#0;880140407,runs_J_k16_plain\both_seed0\g012_i000,runs_J_k16_plain\both_seed0\g012_i000\tripinfo.xml
12,1,16,700.8153333333333,-25970859#0;-876343449#0;-880140407;111681903#2;26216779#0;28468732#0;28468732#1;311298662#0;311298682#0;498033359#2;535519490#1;782714966#1;782714971#0;783907721#1;7924772;876343449#0,runs_J_k16_plain\both_seed0\g012_i001,runs_J_k16_plain\both_seed0\g012_i001\tripinfo.xml
12,2,16,537.338,-120682114#1;-120682114#2;-24337240#7;-311298665;-782714966#0;-782714971#1;-783907721#2;111677669#5;28468732#0;4935286#3;4935299#1;502325084#0;747448014;782714966#0;876057378#1;880137009#1,runs_J_k16_plain\both_seed0\g012_i002,runs_J_k16_plain\both_seed0\g012_i002\tripinfo.xml
12,3,16,544.3353333333333,-120682114#1;-24337240#0;-502325084#3;-7365262;-835443464;-876343449#0;-876343449#1;111677669#4;111681903#2;26216781#0;28468732#1;37628709#0;4935286#3;4935299#1;876057376;876343449#0,runs_J_k16_plain\both_seed0\g012_i003,runs_J_k16_plain\both_seed0\g012_i003\tripinfo.xml
12,4,16,1000000000000.0,-120682114#1;-24337240#4;-24337240#7;-311298658;-311298665;-498033359#1;-502325084#1;-5197062#3;111681905#2;311298665;4935286#2;4935286#3;498033359#3;535519490#1;783907721#0;876343449#2,runs_J_k16_plain\both_seed0\g012_i004,runs_J_k16_plain\both_seed0\g012_i004\tripinfo.xml
12,5,16,493.69733333333335,-24337240#1;-311298685;-498033359#3;-5197062#3;-782714971#2;-880137009#0;25970859#1;28468730#0;311298662#1;311298665;5197062#4;535519490#0;782714966#1;782714971#2;782714971#3;876057376,runs_J_k16_plain\both_seed0\g012_i005,runs_J_k16_plain\both_seed0\g012_i005\tripinfo.xml
12,6,16,609.912,-111677668#3;-311298665;-498033359#3;-835445203;111677669#4;111681903#0;111681905#1;28468730#1;311298685;37628709#1;4935286#1;58621262#1;782714971#4;835445203;876343449#0;880140407,runs_J_k16_plain\both_seed0\g012_i006,runs_J_k16_plain\both_seed0\g012_i006\tripinfo.xml
12,7,16,644.456,-311298665;-311298685;-498033359#1;-74277990;-782714966#1;111677668#4;25970859#0;28468732#0;28468732#1;311298658;311298665;4935286#0;4935286#2;4935286#3;876057378#4;880137010,runs_J_k16_plain\both_seed0\g012_i007,runs_J_k16_plain\both_seed0\g012_i007\tripinfo.xml
12,8,16,1000000000000.0,-111677668#0;-111681903#1;-24337240#3;-24337240#6;-311298665;-535519490#1;-880137009#0;111681905#2;26216781#2;4935286#2;4935286#3;5197062#4;782714971#1;783907721#0;876343449#2;880137009#0,runs_J_k16_plain\both_seed0\g012_i008,runs_J_k16_plain\both_seed0\g012_i008\tripinfo.xml
12,9,12,1000000000000.0,-111677668#3;-311298665;-7365262;-835445203;-880137009#0;-880140407;120682114#2;205590836#2;28468730#0;4935286#2;876057378#0;876343449#1,runs_J_k16_plain\both_seed0\g012_i009,runs_J_k16_plain\both_seed0\g012_i009\tripinfo.xml
12,10,5,1000000000000.0,-311298665;-311298685;311298682#0;4935286#0;783907721#0,runs_J_k16_plain\both_seed0\g012_i010,runs_J_k16_plain\both_seed0\g012_i010\tripinfo.xml
12,11,16,1000000000000.0,-24337240#4;-25970859#1;-311298665;-311298682#0;-311298685;-7365262;-782714966#1;-835445203;-876343449#0;205590836#2;24337240#3;24337240#5;28468730#1;747448014;7924772;876343449#1,runs_J_k16_plain\both_seed0\g012_i011,runs_J_k16_plain\both_seed0\g012_i011\tripinfo.xml
12,12,12,604.8066666666666,-835445203;24337240#1;24337240#4;26216781#3;28468730#0;311298665;311298682#0;37628709#0;4935286#2;498033359#0;58621262#1;880140407,runs_J_k16_plain\both_seed0\g012_i012,runs_J_k16_plain\both_seed0\g012_i012\tripinfo.xml
12,13,16,396.89,-111677671#0;-835445203;-876343449#0;-876343449#2;111677669#0;111677669#4;24337240#7;28468730#0;28468730#1;311298682#0;4935286#2;502325084#3;58621262#1;62826731;782714966#0;7924772,runs_J_k16_plain\both_seed0\g012_i013,runs_J_k16_plain\both_seed0\g012_i013\tripinfo.xml
12,14,14,559.4046666666667,-120682114#3;-311298658;-5197062#4;-535519490#1;-835445203;-880137009#1;111681903#1;111681905#2;131942152;311298682#0;4935286#2;4970256#8;876057378#1;876057378#4,runs_J_k16_plain\both_seed0\g012_i014,runs_J_k16_plain\both_seed0\g012_i014\tripinfo.xml
12,15,16,1000000000000.0,-111677668#4;-24337240#0;-311298665;-535519490#1;111681903#2;26216781#0;28468730#0;311298662#0;311298665;311298685;4935299#1;4970256#7;498033359#2;502325084#1;535519490#1;876343449#2,runs_J_k16_plain\both_seed0\g012_i015,runs_J_k16_plain\both_seed0\g012_i015\tripinfo.xml
12,16,16,1000000000000.0,-111681903#3;-120682114#3;-24337240#4;-502325084#1;-5197062#3;-535519490#1;-876343449#2;111677668#4;111677669#4;26216779#1;498033359#0;498033359#3;58621262#0;783907721#1;7924772;835445203,runs_J_k16_plain\both_seed0\g012_i016,runs_J_k16_plain\both_seed0\g012_i016\tripinfo.xml
12,17,16,718.8986666666667,-24337240#0;-25970859#1;-311298658;-311298662#1;-782714971#2;-876343449#0;111681905#2;26216779#1;311298665;4935286#2;4935286#3;4970256#5;4970256#7;782714966#1;876057378#0;876343449#1,runs_J_k16_plain\both_seed0\g012_i017,runs_J_k16_plain\both_seed0\g012_i017\tripinfo.xml
12,18,16,644.456,-111677668#0;-24337240#6;-24337240#7;-311298658;-311298665;-7365262;-835445203;24337240#7;26216779#0;28468730#1;311298662#1;37628709#0;4935286#1;4935286#2;782714971#2;876343449#0,runs_J_k16_plain\both_seed0\g012_i018,runs_J_k16_plain\both_seed0\g012_i018\tripinfo.xml
12,19,6,1000000000000.0,-111677668#0;-24337240#0;-311298665;-5197062#3;28468730#0;28468730#1,runs_J_k16_plain\both_seed0\g012_i019,runs_J_k16_plain\both_seed0\g012_i019\tripinfo.xml
12,20,16,1000000000000.0,-111681903#1;-311298665;-782714971#4;-876343449#2;111681905#2;131942152;26216781#1;4935286#1;4935286#2;498033359#2;498033359#3;535519490#1;62826731;782714966#1;876057376;876057378#1,runs_J_k16_plain\both_seed0\g012_i020,runs_J_k16_plain\both_seed0\g012_i020\tripinfo.xml
12,21,14,492.20533333333333,-120682114#3;-24337240#3;-535519490#1;-782714966#1;-783907721#1;111677669#2;24337240#1;28468730#0;28468730#1;4935286#2;502325084#3;782714966#1;876343449#1;880140407,runs_J_k16_plain\both_seed0\g012_i021,runs_J_k16_plain\both_seed0\g012_i021\tripinfo.xml
12,22,11,598.6233333333333,-311298665;-5197062#4;-535519490#1;205590836#2;24337240#5;28468730#1;37628709#0;4935286#2;502325084#3;58621262#1;880140407,runs_J_k16_plain\both_seed0\g012_i022,runs_J_k16_plain\both_seed0\g012_i022\tripinfo.xml
12,23,13,1000000000000.0,-111677671#0;-24337240#2;-311298658;-311298665;-498033359#0;-5197062#3;-535519490#1;-876343449#2;111681905#2;311298662#1;4935286#3;783907721#0;880137010,runs_J_k16_plain\both_seed0\g012_i023,runs_J_k16_plain\both_seed0\g012_i023\tripinfo.xml
13,0,16,349.38866666666667,-311298665;-5197062#3;-535519490#1;-876343449#0;-880137009#0;111681905#2;28468732#1;311298658;311298662#1;4935286#2;4935286#3;4970256#5;535519490#1;876057376;876343449#0;880140407,runs_J_k16_plain\both_seed0\g013_i000,runs_J_k16_plain\both_seed0\g013_i000\tripinfo.xml
13,1,16,1181.3453333333334,-111681903#0;-120682114#1;-205590836#0;-311298658;-311298665;-782714966#0;-783907721#2;-876343449#1;111677668#3;111677669#0;24337240#7;4935286#1;4935286#2;4935286#3;58621262#1;747448014,runs_J_k16_plain\both_seed0\g013_i001,runs_J_k16_plain\both_seed0\g013_i001\tripinfo.xml
13,2,16,1000000000000.0,-111677668#0;-311298658;-311298665;-502325084#1;-535519490#0;-535519490#1;-876343449#0;111681903#1;111681903#3;26216779#0;28468730#1;311298662#1;311298665;4935299#1;782714971#1;876057378#1,runs_J_k16_plain\both_seed0\g013_i002,runs_J_k16_plain\both_seed0\g013_i002\tripinfo.xml
13,3,13,635.4733333333334,-120682114#1;-28468730#0;-535519490#1;-74277990;-783907721#1;24337240#1;26216781#2;28468730#0;28468730#1;311298662#1;4935286#2;535519490#1;783907721#1,runs_J_k16_plain\both_seed0\g013_i003,runs_J_k16_plain\both_seed0\g013_i003\tripinfo.xml
13,4,16,804.872,-111677668#4;-120682114#3;-24337240#3;-498033359#0;-502325084#1;-535519490#1;-876343449#0;26216781#0;28468730#0;28468732#1;502325084#0;502325084#3;58621262#0;62826731;876343449#1;880140407,runs_J_k16_plain\both_seed0\g013_i004,runs_J_k16_plain\both_seed0\g013_i004\tripinfo.xml
13,5,16,648.508,-24337240#0;-24337240#1;-24337240#7;-783907721#1;-876343449#0;111677669#5;111681905#2;131942152;24337240#5;25970859#1;28468732#0;4935286#3;498033359#2;782714971#0;783907721#2;7924772,runs_J_k16_plain\both_seed0\g013_i005,runs_J_k16_plain\both_seed0\g013_i005\tripinfo.xml
13,6,16,673.964,-120682114#2;-311298662#0;-502325084#1;-502325084#3;-7365262;-880140407;111677669#3;26216781#0;311298662#0;311298682#0;4970256#7;535519490#1;876057376;876057378#3;876343449#0;876343449#1,runs_J_k16_plain\both_seed0\g013_i006,runs_J_k16_plain\both_seed0\g013_i006\tripinfo.xml
13,7,16,1000000000000.0,-120682114#1;-24337240#0;-311298665;-7365262;-835443464;-876343449#1;111677669#0;111681903#2;28468730#0;28468732#1;311298662#1;37628709#0;782714971#2;876057376;876057378#0;876343449#0,runs_J_k16_plain\both_seed0\g013_i007,runs_J_k16_plain\both_seed0\g013_i007\tripinfo.xml
13,8,14,1000000000000.0,-120682114#1;-24337240#1;-25970859#1;-311298662#0;-311298665;-498033359#0;-7365262;-876343449#1;111681903#2;4935286#2;4935286#3;783907721#2;7924772;876343449#0,runs_J_k16_plain\both_seed0\g013_i008,runs_J_k16_plain\both_seed0\g013_i008\tripinfo.xml
13,9,16,1000000000000.0,-120682114#3;-25970859#0;-28468730#0;-311298665;-502325084#3;-535519490#1;-880137009#0;111677669#0;24337240#1;26216779#1;28468730#1;28468732#1;4935286#2;498033359#1;502325084#3;62826731,runs_J_k16_plain\both_seed0\g013_i009,runs_J_k16_plain\both_seed0\g013_i009\tripinfo.xml
13,10,16,628.558,-111677671#0;-28298231;-311298685;-5197062#3;-880137009#0;111681905#1;111681905#2;26216781#3;28468730#1;311298658;311298665;4970256#5;4970256#7;498033359#1;58621262#1;782714966#0,runs_J_k16_plain\both_seed0\g013_i010,runs_J_k16_plain\both_seed0\g013_i010\tripinfo.xml
13,11,16,637.8846666666667,-111681903#0;-111681903#3;-28298231;-502325084#3;-535519490#1;-835445203;-880140407;111677668#4;28468730#1;28468732#0;311298662#1;311298682#0;535519490#0;782714971#2;876057378#0;880137009#0,runs_J_k16_plain\both_seed0\g013_i011,runs_J_k16_plain\both_seed0\g013_i011\tripinfo.xml
13,12,16,1000000000000.0,-111677671#0;-311298665;-502325084#1;-535519490#1;111681905#1;24337240#4;24337240#7;311298665;4935286#2;4935286#3;502325084#3;58621262#1;782714966#0;782714966#1;782714971#3;876057376,runs_J_k16_plain\both_seed0\g013_i012,runs_J_k16_plain\both_seed0\g013_i012\tripinfo.xml
13,13,16,1000000000000.0,-120682114#1;-311298665;-311298685;-498033359#3;-502325084#1;-5197062#3;-535519490#1;-880137009#0;-880140407;111681903#2;131942152;311298662#1;311298665;498033359#2;782714966#0;876343449#2,runs_J_k16_plain\both_seed0\g013_i013,runs_J_k16_plain\both_seed0\g013_i013\tripinfo.xml
13,14,16,492.204,-111681903#3;-24337240#4;-24337240#7;-28468730#0;-5197062#3;-5197062#4;-782714971#2;-876343449#1;25970859#1;4935286#0;4935286#2;498033359#3;5197062#4;747448014;782714971#1;880140407,runs_J_k16_plain\both_seed0\g013_i014,runs_J_k16_plain\both_seed0\g013_i014\tripinfo.xml
13,15,16,765.58,-120682114#2;-28468730#0;-311298685;-5197062#3;-535519490#1;-782714971#2;111681905#2;25970859#1;28468730#0;311298665;4935286#2;5197062#4;782714971#2;876057378#2;880137009#0;880137009#1,runs_J_k16_plain\both_seed0\g013_i015,runs_J_k16_plain\both_seed0\g013_i015\tripinfo.xml
13,16,16,1163.98,-111677671#0;-120682114#2;-28468730#0;-311298658;-535519490#1;-782714971#2;-835445203;-880137009#1;111681903#2;120682114#2;131942152;26216781#3;311298682#0;4935286#2;62826731;876343449#0,runs_J_k16_plain\both_seed0\g013_i016,runs_J_k16_plain\both_seed0\g013_i016\tripinfo.xml
13,17,16,473.072,-111677668#3;-111677668#4;-835445203;-876343449#0;-876343449#2;-880137009#0;111677669#1;111681903#1;311298665;4970256#5;498033359#1;502325084#3;58621262#1;62826731;782714966#0;7924772,runs_J_k16_plain\both_seed0\g013_i017,runs_J_k16_plain\both_seed0\g013_i017\tripinfo.xml
13,18,16,585.7206666666667,-111677671#0;-311298665;-5197062#3;-7365262;111677669#4;111681905#1;111681905#2;120682114#1;24337240#0;28468732#1;311298665;4935286#1;535519490#1;58621262#1;876057378#2;880140407,runs_J_k16_plain\both_seed0\g013_i018,runs_J_k16_plain\both_seed0\g013_i018\tripinfo.xml
13,19,16,1000000000000.0,-120682114#3;-24337240#3;-311298665;-4950193;-502325084#3;111677669#1;24337240#5;311298658;4935286#0;4935286#3;498033359#2;835443464;876057378#4;876343449#1;876343449#2;880137010,runs_J_k16_plain\both_seed0\g013_i019,runs_J_k16_plain\both_seed0\g013_i019\tripinfo.xml
13,20,16,392.884,-111677668#0;-111681903#3;-120682114#1;-120682114#2;-311298658;-311298665;-498033359#1;-74277990;-783907721#1;111677668#4;25970859#0;28468732#1;4935286#0;4935286#1;4935286#2;4935286#3,runs_J_k16_plain\both_seed0\g013_i020,runs_J_k16_plain\both_seed0\g013_i020\tripinfo.xml
13,21,16,1000000000000.0,-24337240#7;-311298658;-311298665;-311298685;-502325084#3;-74277990;-783907721#1;111677669#4;24337240#1;28468730#1;28468732#0;4935299#1;502325084#3;782714966#1;782714971#0;876057378#5,runs_J_k16_plain\both_seed0\g013_i021,runs_J_k16_plain\both_seed0\g013_i021\tripinfo.xml
13,22,16,707.6613333333333,-111677668#0;-120682114#2;-535519490#1;-7365262;-782714966#0;-782714971#1;-782714971#4;-835445203;111677669#2;28468730#0;4935286#2;5197062#4;782714966#0;783907721#2;876057378#5;876343449#1,runs_J_k16_plain\both_seed0\g013_i022,runs_J_k16_plain\both_seed0\g013_i022\tripinfo.xml
13,23,16,1000000000000.0,-111677671#0;-24337240#0;-311298658;-311298665;-782714966#0;-876343449#1;111677668#0;111681903#3;28468730#0;28468730#1;28468732#1;4935286#3;4970256#5;4970256#8;876057376;876343449#0,runs_J_k16_plain\both_seed0\g013_i023,runs_J_k16_plain\both_seed0\g013_i023\tripinfo.xml
14,0,16,349.38866666666667,-311298665;-5197062#3;-535519490#1;-876343449#0;-880137009#0;111681905#2;28468732#1;311298658;311298662#1;4935286#2;4935286#3;4970256#5;535519490#1;876057376;876343449#0;880140407,runs_J_k16_plain\both_seed0\g014_i000,runs_J_k16_plain\both_seed0\g014_i000\tripinfo.xml
14,1,16,1519.326,-111681903#3;-120682114#2;-28468730#0;-5197062#3;-535519490#1;-876343449#2;111681903#2;24337240#7;25970859#1;26216781#0;4935286#2;4935286#3;4970256#7;782714966#1;782714971#3;876057378#2,runs_J_k16_plain\both_seed0\g014_i001,runs_J_k16_plain\both_seed0\g014_i001\tripinfo.xml
14,2,16,1000000000000.0,-24337240#2;-24337240#4;-311298665;-311298685;-5197062#3;-535519490#1;-876343449#1;111677669#0;111681905#2;24337240#3;25970859#1;4935286#0;4935286#2;747448014;876343449#1;880140407,runs_J_k16_plain\both_seed0\g014_i002,runs_J_k16_plain\both_seed0\g014_i002\tripinfo.xml
14,3,13,599.9253333333334,-111677668#0;-111677668#4;-24337240#4;-782714966#0;-876343449#0;111677668#4;205590836#2;4970256#5;498033359#1;535519490#1;58621262#1;876057378#0;876057378#2,runs_J_k16_plain\both_seed0\g014_i003,runs_J_k16_plain\both_seed0\g014_i003\tripinfo.xml
14,4,16,1000000000000.0,-111677668#3;-111681903#3;-120682114#1;-24337240#0;-311298658;-311298665;-74277990;-782714971#3;-876343449#2;111677668#4;24337240#5;25970859#0;28468732#1;4935286#1;502325084#3;880137010,runs_J_k16_plain\both_seed0\g014_i004,runs_J_k16_plain\both_seed0\g014_i004\tripinfo.xml
14,5,16,1000000000000.0,-111677668#0;-120682114#2;-205590836#0;-24337240#0;-311298658;-311298685;-498033359#1;-535519490#1;-783907721#1;111677668#4;205590836#2;25970859#0;37628709#0;4935286#0;4935286#1;4970256#8,runs_J_k16_plain\both_seed0\g014_i005,runs_J_k16_plain\both_seed0\g014_i005\tripinfo.xml
14,6,16,629.1093333333333,-28298231;-311298685;-5197062#3;-535519490#0;-782714971#0;-835445203;-880137009#0;131942152;28468730#1;4970256#5;4970256#7;498033359#1;58621262#1;782714966#0;782714971#1;876057376,runs_J_k16_plain\both_seed0\g014_i006,runs_J_k16_plain\both_seed0\g014_i006\tripinfo.xml
14,7,16,1000000000000.0,-311298665;-498033359#3;-782714966#1;-835445203;-876343449#0;111681903#0;24337240#2;28468732#1;311298658;37628709#0;502325084#1;535519490#1;782714971#0;782714971#2;7924772;876057378#0,runs_J_k16_plain\both_seed0\g014_i007,runs_J_k16_plain\both_seed0\g014_i007\tripinfo.xml
14,8,16,690.328,-111677668#4;-205590836#0;-535519490#1;-783907721#2;-835445203;-876343449#2;-880137009#0;111677668#3;111681905#2;120682114#1;311298662#1;311298665;37628709#1;4935286#2;502325084#3;782714966#0,runs_J_k16_plain\both_seed0\g014_i008,runs_J_k16_plain\both_seed0\g014_i008\tripinfo.xml
14,9,16,1000000000000.0,-24337240#1;-5197062#3;-535519490#1;-7365262;-782714971#4;-876343449#0;111677669#5;311298658;4935286#0;4935299#1;4970256#5;5197062#4;782714971#1;783907721#2;880137009#1;880140407,runs_J_k16_plain\both_seed0\g014_i009,runs_J_k16_plain\both_seed0\g014_i009\tripinfo.xml
14,10,16,494.304,-24337240#2;-25970859#1;-311298658;-311298665;-782714971#1;-880137009#0;111681905#2;311298658;311298662#1;311298685;4935286#2;4935286#3;782710712;876057376;876057378#5;876343449#2,runs_J_k16_plain\both_seed0\g014_i010,runs_J_k16_plain\both_seed0\g014_i010\tripinfo.xml
14,11,16,1000000000000.0,-111677668#3;-120682114#3;-24337240#7;-25970859#1;-28468730#0;-502325084#1;-5197062#3;-535519490#1;-782714971#1;-876343449#1;111677668#0;747448014;782714971#1;876057378#1;880137009#0;880140407,runs_J_k16_plain\both_seed0\g014_i011,runs_J_k16_plain\both_seed0\g014_i011\tripinfo.xml
14,12,16,662.5413333333333,-111677668#0;-24337240#4;-24337240#7;-5197062#3;-782714971#2;111677671#0;205590836#2;28468732#0;498033359#0;498033359#1;498033359#2;535519490#0;747448014;782714971#1;880137009#0;880140407,runs_J_k16_plain\both_seed0\g014_i012,runs_J_k16_plain\both_seed0\g014_i012\tripinfo.xml
14,13,16,1000000000000.0,-111677668#3;-24337240#4;-24337240#7;-28468730#0;-311298665;-5197062#3;-7365262;-782714971#2;-876343449#1;25970859#1;4935286#1;502325084#0;5197062#4;747448014;783907721#1;880140407,runs_J_k16_plain\both_seed0\g014_i013,runs_J_k16_plain\both_seed0\g014_i013\tripinfo.xml
14,14,16,803.5746666666666,-111677668#3;-111677668#4;-24337240#7;-835445203;111677669#1;111681903#1;111681903#2;26216781#2;311298662#0;311298665;4935286#2;498033359#1;502325084#3;58621262#1;62826731;876057378#5,runs_J_k16_plain\both_seed0\g014_i014,runs_J_k16_plain\both_seed0\g014_i014\tripinfo.xml
14,15,16,1000000000000.0,-120682114#1;-205590836#0;-28468730#0;-311298662#0;-311298665;-535519490#1;-880137009#0;111677669#1;111681903#1;311298662#1;37628709#0;4935286#0;4935286#3;498033359#3;782710712;783907721#0,runs_J_k16_plain\both_seed0\g014_i015,runs_J_k16_plain\both_seed0\g014_i015\tripinfo.xml
14,16,16,456.31733333333335,-111677668#0;-120682114#3;-311298658;-502325084#3;-74277990;-783907721#1;111681903#3;205590836#2;26216781#2;4935286#2;4935286#3;502325084#3;62826731;782714971#0;783907721#0;876343449#1,runs_J_k16_plain\both_seed0\g014_i016,runs_J_k16_plain\both_seed0\g014_i016\tripinfo.xml
14,17,16,1420.8326666666667,-111677668#0;-111681903#3;-120682114#2;-205590836#0;-24337240#6;-311298685;-782714966#0;-835445203;111677668#3;25970859#0;26216781#0;28468732#1;4935286#0;4935286#1;4935286#2;782714971#4,runs_J_k16_plain\both_seed0\g014_i017,runs_J_k16_plain\both_seed0\g014_i017\tripinfo.xml
14,18,16,658.594,-111681903#3;-120682114#1;-120682114#2;-28468730#0;-311298658;-498033359#1;-535519490#0;-535519490#1;-7365262;-783907721#1;111677668#0;4935286#0;4935286#1;783907721#2;876057378#4;876343449#2,runs_J_k16_plain\both_seed0\g014_i018,runs_J_k16_plain\both_seed0\g014_i018\tripinfo.xml
14,19,16,1000000000000.0,-24337240#3;-311298658;-311298665;-311298685;-5197062#3;-783907721#2;111681905#2;26216781#3;311298665;4935286#1;4935286#2;4970256#5;4970256#7;502325084#1;58621262#1;782714966#0,runs_J_k16_plain\both_seed0\g014_i019,runs_J_k16_plain\both_seed0\g014_i019\tripinfo.xml
14,20,16,1000000000000.0,-111677668#4;-120682114#2;-782714971#0;-876343449#0;24337240#3;24337240#4;28468730#1;4935286#2;4970256#5;4970256#7;62826731;782714966#0;782714966#1;783907721#2;876057378#1;876057378#3,runs_J_k16_plain\both_seed0\g014_i020,runs_J_k16_plain\both_seed0\g014_i020\tripinfo.xml
14,21,16,695.1473333333333,-111677671#0;-120682114#2;-24337240#7;-311298658;-5197062#3;-535519490#1;111681905#2;120682114#1;28468732#1;311298662#1;311298685;37628709#0;4935286#2;4970256#5;876057376;880140407,runs_J_k16_plain\both_seed0\g014_i021,runs_J_k16_plain\both_seed0\g014_i021\tripinfo.xml
14,22,3,1000000000000.0,-311298665;-5197062#3;111677669#4,runs_J_k16_plain\both_seed0\g014_i022,runs_J_k16_plain\both_seed0\g014_i022\tripinfo.xml
14,23,16,634.3,-311298685;-498033359#2;-876343449#1;111677668#4;111677669#0;28468730#1;28468732#1;311298662#1;4935286#2;4935286#3;4970256#5;498033359#1;58621262#1;876057376;876057378#4;880140407,runs_J_k16_plain\both_seed0\g014_i023,runs_J_k16_plain\both_seed0\g014_i023\tripinfo.xml
15,0,16,349.38866666666667,-311298665;-5197062#3;-535519490#1;-876343449#0;-880137009#0;111681905#2;28468732#1;311298658;311298662#1;4935286#2;4935286#3;4970256#5;535519490#1;876057376;876343449#0;880140407,runs_J_k16_plain\both_seed0\g015_i000,runs_J_k16_plain\both_seed0\g015_i000\tripinfo.xml
15,1,16,711.022,-111677668#4;-111677671#0;-5197062#3;-835443464;-835445203;-876343449#0;-876343449#2;-880137009#0;-880140407;111677668#3;111677669#0;4970256#7;502325084#3;535519490#0;535519490#1;747448014,runs_J_k16_plain\both_seed0\g015_i001,runs_J_k16_plain\both_seed0\g015_i001\tripinfo.xml
15,2,16,1000000000000.0,-24337240#6;-28468730#0;-311298665;-498033359#2;-535519490#1;111681903#0;111681905#2;24337240#3;28468732#1;311298662#1;311298665;311298682#0;4935286#1;782714971#2;876343449#0;880140407,runs_J_k16_plain\both_seed0\g015_i002,runs_J_k16_plain\both_seed0\g015_i002\tripinfo.xml
15,3,16,1000000000000.0,-111677668#0;-111681903#3;-120682114#1;-311298658;-311298665;-498033359#0;-498033359#3;-5197062#4;-782714971#1;-876343449#0;120682114#2;4935286#0;4970256#5;58621262#1;782714966#0;876343449#0,runs_J_k16_plain\both_seed0\g015_i003,runs_J_k16_plain\both_seed0\g015_i003\tripinfo.xml
15,4,13,1000000000000.0,-111677668#4;-120682114#2;-311298665;-502325084#1;-535519490#1;-7365262;-783907721#1;111677668#3;24337240#0;783907721#2;876057378#2;876343449#2;880137010,runs_J_k16_plain\both_seed0\g015_i004,runs_J_k16_plain\both_seed0\g015_i004\tripinfo.xml
15,5,13,470.844,-24337240#7;-4950193;-535519490#0;-782714971#2;-783907721#1;-835445203;111681903#1;205590836#2;28468732#0;58621262#0;782714971#2;7924772;835445203,runs_J_k16_plain\both_seed0\g015_i005,runs_J_k16_plain\both_seed0\g015_i005\tripinfo.xml
15,6,16,1473.774,-311298665;-782714971#2;-876343449#0;-876343449#1;111677669#0;111677669#1;111677669#5;111677671#0;111681903#2;24337240#0;311298665;498033359#1;535519490#0;58621262#1;62826731;835443464,runs_J_k16_plain\both_seed0\g015_i006,runs_J_k16_plain\both_seed0\g015_i006\tripinfo.xml
15,7,16,373.832,-120682114#2;-24337240#7;-311298658;-311298685;-498033359#2;-502325084#0;-5197062#3;-876343449#1;131942152;37628709#0;4935286#2;4935286#3;876057376;876057378#1;876057378#3;876343449#1,runs_J_k16_plain\both_seed0\g015_i007,runs_J_k16_plain\both_seed0\g015_i007\tripinfo.xml
15,8,16,515.87,-111681903#0;-120682114#2;-782714966#0;-782714971#2;-876343449#2;111681905#2;24337240#3;28468732#1;311298662#1;311298685;4935286#2;4935299#1;498033359#1;876057378#4;876343449#2;880140407,runs_J_k16_plain\both_seed0\g015_i008,runs_J_k16_plain\both_seed0\g015_i008\tripinfo.xml
15,9,16,565.2926666666667,-311298658;-502325084#3;-7365262;-782714971#0;-782714971#2;111677668#4;111681905#1;205590836#2;311298662#0;4935286#1;4935286#2;4970256#5;535519490#0;782714966#1;876057376;876057378#2,runs_J_k16_plain\both_seed0\g015_i009,runs_J_k16_plain\both_seed0\g015_i009\tripinfo.xml
15,10,16,681.266,-311298665;-535519490#1;-782714966#0;-783907721#1;111677668#0;24337240#2;26216781#2;4935286#1;4935286#2;4935299#1;498033359#1;58621262#1;62826731;876057378#0;876057378#4;876343449#2,runs_J_k16_plain\both_seed0\g015_i010,runs_J_k16_plain\both_seed0\g015_i010\tripinfo.xml
15,11,6,380.0353333333333,-111677668#4;-535519490#1;-782714966#0;205590836#2;876057378#2;876057378#4,runs_J_k16_plain\both_seed0\g015_i011,runs_J_k16_plain\both_seed0\g015_i011\tripinfo.xml
15,12,16,1000000000000.0,-24337240#1;-24337240#4;-311298658;-498033359#1;-535519490#0;-535519490#1;-7365262;-74277990;-783907721#1;111677669#1;111681905#2;26216781#2;37628709#0;4935286#0;4970256#5;502325084#3,runs_J_k16_plain\both_seed0\g015_i012,runs_J_k16_plain\both_seed0\g015_i012\tripinfo.xml
15,13,16,739.6526666666666,-311298662#0;-5197062#4;-74277990;-783907721#2;111681903#2;111681905#2;28468730#0;311298658;311298682#0;4935286#2;498033359#0;535519490#1;62826731;835445203;876057378#0;876057378#3,runs_J_k16_plain\both_seed0\g015_i013,runs_J_k16_plain\both_seed0\g015_i013\tripinfo.xml
15,14,14,1000000000000.0,-111677668#0;-120682114#1;-24337240#7;-311298665;-5197062#3;-535519490#1;28468730#0;4935286#2;498033359#1;535519490#0;782714971#0;876057378#4;876343449#0;876343449#2,runs_J_k16_plain\both_seed0\g015_i014,runs_J_k16_plain\both_seed0\g015_i014\tripinfo.xml
15,15,16,700.2933333333333,-111677668#0;-205590836#0;-24337240#1;-24337240#2;-24337240#4;-5197062#3;-782714966#0;-782714971#3;-783907721#2;-876343449#2;120682114#3;205590836#2;4970256#7;498033359#1;876057378#4;880137009#0,runs_J_k16_plain\both_seed0\g015_i015,runs_J_k16_plain\both_seed0\g015_i015\tripinfo.xml
15,16,15,413.44466666666665,-111677668#0;-24337240#4;-24337240#7;-498033359#0;-5197062#3;-782714971#2;-876343449#1;24337240#7;498033359#1;535519490#0;535519490#1;747448014;876057378#2;880137009#1;880140407,runs_J_k16_plain\both_seed0\g015_i016,runs_J_k16_plain\both_seed0\g015_i016\tripinfo.xml
15,17,16,1000000000000.0,-120682114#3;-311298665;-535519490#1;-783907721#1;-835445203;-876343449#2;120682114#3;311298665;37628709#1;502325084#3;535519490#1;782714971#0;783907721#0;783907721#2;876057378#1;876343449#2,runs_J_k16_plain\both_seed0\g015_i017,runs_J_k16_plain\both_seed0\g015_i017\tripinfo.xml
15,18,16,625.9806666666667,-28298231;-311298658;-502325084#3;-782714971#4;111677668#3;111681903#0;111681905#2;24337240#0;26216781#2;311298658;311298662#1;4935286#2;498033359#2;502325084#3;782714966#0;835445203,runs_J_k16_plain\both_seed0\g015_i018,runs_J_k16_plain\both_seed0\g015_i018\tripinfo.xml
15,19,16,632.726,-111677668#0;-111677668#4;-535519490#1;-876343449#1;111681903#3;205590836#2;25970859#1;26216781#2;311298665;4935286#2;4935286#3;4970256#5;4970256#7;876057378#0;876057378#1;876057378#5,runs_J_k16_plain\both_seed0\g015_i019,runs_J_k16_plain\both_seed0\g015_i019\tripinfo.xml
15,20,16,1000000000000.0,-111677671#0;-111681903#1;-120682114#3;-24337240#4;-311298665;-502325084#1;-74277990;-782714966#0;-835445203;111677668#0;111677668#3;205590836#2;24337240#2;4935286#3;783907721#0;876057378#3,runs_J_k16_plain\both_seed0\g015_i020,runs_J_k16_plain\both_seed0\g015_i020\tripinfo.xml
15,21,16,366.2753333333333,-24337240#6;-311298658;-498033359#2;-502325084#3;-782714966#0;-783907721#0;111677669#0;311298662#1;311298685;4935286#2;4935286#3;62826731;783907721#0;876057376;876057378#4;876343449#2,runs_J_k16_plain\both_seed0\g015_i021,runs_J_k16_plain\both_seed0\g015_i021\tripinfo.xml
15,22,16,1465.322,-111677668#0;-111681903#0;-111681903#1;-120682114#2;-120682114#3;-74277990;111681903#3;120682114#2;205590836#2;28468730#1;4935286#2;4935286#3;502325084#3;535519490#1;58621262#1;880140407,runs_J_k16_plain\both_seed0\g015_i022,runs_J_k16_plain\both_seed0\g015_i022\tripinfo.xml
15,23,16,1000000000000.0,-28468730#0;-311298658;-498033359#1;-502325084#3;-535519490#1;-74277990;-782714966#1;-783907721#0;-783907721#1;111681903#1;111681903#3;205590836#2;26216781#0;4935286#0;782714971#0;876343449#1,runs_J_k16_plain\both_seed0\g015_i023,runs_J_k16_plain\both_seed0\g015_i023\tripinfo.xml
