eval,k,score,accepted,best_score,temp,closed_edges,run_dir
0,1,352.346000,1,352.346000,5.0000,E29,D:\PSPS\runs_reviewer\A_k4_3od_x1.0\sa_seed4\e0000
2,1,307.786000,1,307.786000,5.0000,E35,D:\PSPS\runs_reviewer\A_k4_3od_x1.0\sa_seed4\e0001
3,1,309.555000,1,307.786000,4.9554,E14,D:\PSPS\runs_reviewer\A_k4_3od_x1.0\sa_seed4\e0002
4,0,315.812000,0,307.786000,4.9111,,D:\PSPS\runs_reviewer\A_k4_3od_x1.0\sa_seed4\e0003
5,1,310.890000,1,307.786000,4.8673,E24,D:\PSPS\runs_reviewer\A_k4_3od_x1.0\sa_seed4\e0004
6,1,308.567000,1,307.786000,4.8239,E15,D:\PSPS\runs_reviewer\A_k4_3od_x1.0\sa_seed4\e0005
7,1,283.118000,1,283.118000,4.7808,E10,D:\PSPS\runs_reviewer\A_k4_3od_x1.0\sa_seed4\e0006
8,1,341.586000,0,283.118000,4.7381,E22,D:\PSPS\runs_reviewer\A_k4_3od_x1.0\sa_seed4\e0007
8,1,308.567000,0,283.118000,4.6958,E15,(cache)
8,0,315.812000,0,283.118000,4.6539,,(cache)
9,2,296.064000,0,283.118000,4.6124,"E10,E27",D:\PSPS\runs_reviewer\A_k4_3od_x1.0\sa_seed4\e0008
9,0,315.812000,0,283.118000,4.5712,,(cache)
10,1,309.073000,0,283.118000,4.5304,E6,D:\PSPS\runs_reviewer\A_k4_3od_x1.0\sa_seed4\e0009
10,0,315.812000,0,283.118000,4.4900,,(cache)
10,0,315.812000,0,283.118000,4.4499,,(cache)
10,1,310.890000,0,283.118000,4.4102,E24,(cache)
10,1,308.567000,0,283.118000,4.3708,E15,(cache)
11,1,306.479000,0,283.118000,4.3318,E43,D:\PSPS\runs_reviewer\A_k4_3od_x1.0\sa_seed4\e0010
11,1,341.586000,0,283.118000,4.2931,E22,(cache)
12,1,299.278000,0,283.118000,4.2548,E38,D:\PSPS\runs_reviewer\A_k4_3od_x1.0\sa_seed4\e0011
13,2,288.857000,0,283.118000,4.2168,"E10,E7",D:\PSPS\runs_reviewer\A_k4_3od_x1.0\sa_seed4\e0012
13,0,315.812000,0,283.118000,4.1792,,(cache)
14,1,311.897000,0,283.118000,4.1419,E13,D:\PSPS\runs_reviewer\A_k4_3od_x1.0\sa_seed4\e0013
14,0,315.812000,0,283.118000,4.1049,,(cache)
14,1,352.346000,0,283.118000,4.0683,E29,(cache)
14,1,308.567000,0,283.118000,4.0319,E15,(cache)
15,1,300.078000,0,283.118000,3.9960,E11,D:\PSPS\runs_reviewer\A_k4_3od_x1.0\sa_seed4\e0014
16,1,315.812000,0,283.118000,3.9603,E36,D:\PSPS\runs_reviewer\A_k4_3od_x1.0\sa_seed4\e0015
16,1,299.278000,0,283.118000,3.9249,E38,(cache)
17,2,313.485000,0,283.118000,3.8899,"E10,E8",D:\PSPS\runs_reviewer\A_k4_3od_x1.0\sa_seed4\e0016
17,1,309.073000,0,283.118000,3.8552,E6,(cache)
18,2,277.222000,1,277.222000,3.8208,"E10,E20",D:\PSPS\runs_reviewer\A_k4_3od_x1.0\sa_seed4\e0017
19,2,319.681000,0,277.222000,3.7867,"E10,E34",D:\PSPS\runs_reviewer\A_k4_3od_x1.0\sa_seed4\e0018
20,3,286.304000,0,277.222000,3.7529,"E10,E20,E24",D:\PSPS\runs_reviewer\A_k4_3od_x1.0\sa_seed4\e0019
21,2,300.445000,0,277.222000,3.7194,"E17,E20",D:\PSPS\runs_reviewer\A_k4_3od_x1.0\sa_seed4\e0020
22,2,315.812000,0,277.222000,3.6862,"E19,E20",D:\PSPS\runs_reviewer\A_k4_3od_x1.0\sa_seed4\e0021
23,1,298.399000,0,277.222000,3.6533,E20,D:\PSPS\runs_reviewer\A_k4_3od_x1.0\sa_seed4\e0022
24,2,303.673000,0,277.222000,3.6207,"E10,E17",D:\PSPS\runs_reviewer\A_k4_3od_x1.0\sa_seed4\e0023
25,3,290.660000,0,277.222000,3.5883,"E10,E20,E23",D:\PSPS\runs_reviewer\A_k4_3od_x1.0\sa_seed4\e0024
26,2,304.044000,0,277.222000,3.5563,"E10,E39",D:\PSPS\runs_reviewer\A_k4_3od_x1.0\sa_seed4\e0025
27,2,303.425000,0,277.222000,3.5246,"E10,E37",D:\PSPS\runs_reviewer\A_k4_3od_x1.0\sa_seed4\e0026
27,3,286.304000,0,277.222000,3.4931,"E10,E20,E24",(cache)
28,2,287.063000,0,277.222000,3.4619,"E10,E12",D:\PSPS\runs_reviewer\A_k4_3od_x1.0\sa_seed4\e0027
28,1,298.399000,0,277.222000,3.4310,E20,(cache)
29,3,282.533000,1,277.222000,3.4004,"E10,E20,E27",D:\PSPS\runs_reviewer\A_k4_3od_x1.0\sa_seed4\e0028
30,3,306.096000,0,277.222000,3.3700,"E10,E20,E32",D:\PSPS\runs_reviewer\A_k4_3od_x1.0\sa_seed4\e0029
30,2,296.064000,0,277.222000,3.3400,"E10,E27",(cache)
31,3,311.338000,0,277.222000,3.3101,"E10,E27,E43",D:\PSPS\runs_reviewer\A_k4_3od_x1.0\sa_seed4\e0030
32,3,271.073000,1,271.073000,3.2806,"E20,E27,E8",D:\PSPS\runs_reviewer\A_k4_3od_x1.0\sa_seed4\e0031
33,3,277.932000,0,271.073000,3.2513,"E20,E27,E3",D:\PSPS\runs_reviewer\A_k4_3od_x1.0\sa_seed4\e0032
34,3,275.690000,1,271.073000,3.2223,"E20,E27,E37",D:\PSPS\runs_reviewer\A_k4_3od_x1.0\sa_seed4\e0033
35,3,286.387000,0,271.073000,3.1935,"E20,E32,E37",D:\PSPS\runs_reviewer\A_k4_3od_x1.0\sa_seed4\e0034
36,3,280.385000,0,271.073000,3.1650,"E20,E27,E29",D:\PSPS\runs_reviewer\A_k4_3od_x1.0\sa_seed4\e0035
37,3,287.441000,0,271.073000,3.1368,"E20,E27,E36",D:\PSPS\runs_reviewer\A_k4_3od_x1.0\sa_seed4\e0036
38,3,278.685000,0,271.073000,3.1088,"E12,E27,E37",D:\PSPS\runs_reviewer\A_k4_3od_x1.0\sa_seed4\e0037
39,4,271.630000,1,271.073000,3.0810,"E20,E27,E37,E8",D:\PSPS\runs_reviewer\A_k4_3od_x1.0\sa_seed4\e0038
39,3,275.690000,0,271.073000,3.0535,"E20,E27,E37",(cache)
40,4,294.310000,0,271.073000,3.0263,"E1,E20,E37,E8",D:\PSPS\runs_reviewer\A_k4_3od_x1.0\sa_seed4\e0039
41,4,298.197000,0,271.073000,2.9993,"E26,E27,E37,E8",D:\PSPS\runs_reviewer\A_k4_3od_x1.0\sa_seed4\e0040
42,3,289.804000,0,271.073000,2.9725,"E20,E37,E8",D:\PSPS\runs_reviewer\A_k4_3od_x1.0\sa_seed4\e0041
43,4,281.561000,0,271.073000,2.9459,"E19,E20,E27,E8",D:\PSPS\runs_reviewer\A_k4_3od_x1.0\sa_seed4\e0042
43,3,275.690000,1,271.073000,2.9197,"E20,E27,E37",(cache)
44,3,284.342000,0,271.073000,2.8936,"E16,E20,E37",D:\PSPS\runs_reviewer\A_k4_3od_x1.0\sa_seed4\e0043
45,3,280.335000,0,271.073000,2.8678,"E17,E27,E37",D:\PSPS\runs_reviewer\A_k4_3od_x1.0\sa_seed4\e0044
46,2,278.685000,1,271.073000,2.8422,"E27,E37",D:\PSPS\runs_reviewer\A_k4_3od_x1.0\sa_seed4\e0045
47,2,306.978000,0,271.073000,2.8168,"E13,E37",D:\PSPS\runs_reviewer\A_k4_3od_x1.0\sa_seed4\e0046
48,3,293.410000,0,271.073000,2.7917,"E27,E34,E37",D:\PSPS\runs_reviewer\A_k4_3od_x1.0\sa_seed4\e0047
49,2,313.952000,0,271.073000,2.7667,"E34,E37",D:\PSPS\runs_reviewer\A_k4_3od_x1.0\sa_seed4\e0048
50,3,278.685000,1,271.073000,2.7420,"E15,E27,E37",D:\PSPS\runs_reviewer\A_k4_3od_x1.0\sa_seed4\e0049
51,3,277.990000,1,271.073000,2.7176,"E15,E17,E27",D:\PSPS\runs_reviewer\A_k4_3od_x1.0\sa_seed4\e0050
52,3,290.444000,0,271.073000,2.6933,"E15,E27,E45",D:\PSPS\runs_reviewer\A_k4_3od_x1.0\sa_seed4\e0051
53,4,285.804000,0,271.073000,2.6693,"E13,E15,E17,E27",D:\PSPS\runs_reviewer\A_k4_3od_x1.0\sa_seed4\e0052
54,3,320.659000,0,271.073000,2.6454,"E15,E27,E31",D:\PSPS\runs_reviewer\A_k4_3od_x1.0\sa_seed4\e0053
55,2,277.747000,1,271.073000,2.6218,"E17,E27",D:\PSPS\runs_reviewer\A_k4_3od_x1.0\sa_seed4\e0054
56,2,275.690000,1,271.073000,2.5984,"E20,E27",D:\PSPS\runs_reviewer\A_k4_3od_x1.0\sa_seed4\e0055
57,2,300.460000,0,271.073000,2.5752,"E20,E31",D:\PSPS\runs_reviewer\A_k4_3od_x1.0\sa_seed4\e0056
58,2,268.886000,1,268.886000,2.5522,"E27,E5",D:\PSPS\runs_reviewer\A_k4_3od_x1.0\sa_seed4\e0057
59,2,272.709000,1,268.886000,2.5295,"E1,E27",D:\PSPS\runs_reviewer\A_k4_3od_x1.0\sa_seed4\e0058
60,2,293.351000,0,268.886000,2.5069,"E1,E42",D:\PSPS\runs_reviewer\A_k4_3od_x1.0\sa_seed4\e0059
61,1,280.385000,0,268.886000,2.4845,E27,D:\PSPS\runs_reviewer\A_k4_3od_x1.0\sa_seed4\e0060
62,2,277.173000,0,268.886000,2.4623,"E27,E33",D:\PSPS\runs_reviewer\A_k4_3od_x1.0\sa_seed4\e0061
63,2,299.380000,0,268.886000,2.4403,"E1,E13",D:\PSPS\runs_reviewer\A_k4_3od_x1.0\sa_seed4\e0062
64,3,282.656000,0,268.886000,2.4186,"E1,E27,E7",D:\PSPS\runs_reviewer\A_k4_3od_x1.0\sa_seed4\e0063
65,1,313.484000,0,268.886000,2.3970,E1,D:\PSPS\runs_reviewer\A_k4_3od_x1.0\sa_seed4\e0064
66,3,272.709000,1,268.886000,2.3756,"E1,E27,E36",D:\PSPS\runs_reviewer\A_k4_3od_x1.0\sa_seed4\e0065
67,3,310.074000,0,268.886000,2.3544,"E1,E26,E27",D:\PSPS\runs_reviewer\A_k4_3od_x1.0\sa_seed4\e0066
68,3,311.382000,0,268.886000,2.3334,"E1,E18,E36",D:\PSPS\runs_reviewer\A_k4_3od_x1.0\sa_seed4\e0067
69,3,254.012000,1,254.012000,2.3125,"E1,E21,E36",D:\PSPS\runs_reviewer\A_k4_3od_x1.0\sa_seed4\e0068
70,3,264.247000,0,254.012000,2.2919,"E1,E21,E23",D:\PSPS\runs_reviewer\A_k4_3od_x1.0\sa_seed4\e0069
71,2,290.127000,0,254.012000,2.2714,"E21,E36",D:\PSPS\runs_reviewer\A_k4_3od_x1.0\sa_seed4\e0070
72,3,264.410000,0,254.012000,2.2512,"E1,E21,E32",D:\PSPS\runs_reviewer\A_k4_3od_x1.0\sa_seed4\e0071
73,3,276.148000,0,254.012000,2.2311,"E21,E30,E36",D:\PSPS\runs_reviewer\A_k4_3od_x1.0\sa_seed4\e0072
73,2,290.127000,0,254.012000,2.2111,"E21,E36",(cache)
74,3,268.495000,0,254.012000,2.1914,"E20,E21,E36",D:\PSPS\runs_reviewer\A_k4_3od_x1.0\sa_seed4\e0073
75,4,272.659000,0,254.012000,2.1718,"E1,E21,E36,E8",D:\PSPS\runs_reviewer\A_k4_3od_x1.0\sa_seed4\e0074
76,3,276.365000,0,254.012000,2.1525,"E17,E21,E36",D:\PSPS\runs_reviewer\A_k4_3od_x1.0\sa_seed4\e0075
77,3,253.699000,1,253.699000,2.1332,"E1,E21,E30",D:\PSPS\runs_reviewer\A_k4_3od_x1.0\sa_seed4\e0076
78,4,298.903000,0,253.699000,2.1142,"E1,E21,E26,E30",D:\PSPS\runs_reviewer\A_k4_3od_x1.0\sa_seed4\e0077
79,3,288.206000,0,253.699000,2.0953,"E1,E30,E31",D:\PSPS\runs_reviewer\A_k4_3od_x1.0\sa_seed4\e0078
80,3,255.834000,0,253.699000,2.0766,"E1,E21,E6",D:\PSPS\runs_reviewer\A_k4_3od_x1.0\sa_seed4\e0079
81,4,254.037000,1,253.699000,2.0581,"E1,E21,E30,E37",D:\PSPS\runs_reviewer\A_k4_3od_x1.0\sa_seed4\e0080
82,4,254.919000,1,253.699000,2.0397,"E1,E21,E3,E30",D:\PSPS\runs_reviewer\A_k4_3od_x1.0\sa_seed4\e0081
83,4,269.355000,0,253.699000,2.0215,"E1,E27,E3,E30",D:\PSPS\runs_reviewer\A_k4_3od_x1.0\sa_seed4\e0082
83,3,253.699000,1,253.699000,2.0035,"E1,E21,E30",(cache)
84,4,263.882000,0,253.699000,1.9856,"E1,E21,E30,E36",D:\PSPS\runs_reviewer\A_k4_3od_x1.0\sa_seed4\e0083
85,3,257.850000,0,253.699000,1.9679,"E21,E30,E45",D:\PSPS\runs_reviewer\A_k4_3od_x1.0\sa_seed4\e0084
86,3,266.013000,0,253.699000,1.9503,"E21,E30,E31",D:\PSPS\runs_reviewer\A_k4_3od_x1.0\sa_seed4\e0085
87,4,247.602000,1,247.602000,1.9329,"E1,E21,E25,E30",D:\PSPS\runs_reviewer\A_k4_3od_x1.0\sa_seed4\e0086
88,3,273.438000,0,247.602000,1.9156,"E21,E25,E30",D:\PSPS\runs_reviewer\A_k4_3od_x1.0\sa_seed4\e0087
89,4,255.646000,0,247.602000,1.8985,"E1,E14,E21,E30",D:\PSPS\runs_reviewer\A_k4_3od_x1.0\sa_seed4\e0088
90,4,273.932000,0,247.602000,1.8816,"E1,E20,E21,E25",D:\PSPS\runs_reviewer\A_k4_3od_x1.0\sa_seed4\e0089
91,4,287.518000,0,247.602000,1.8648,"E1,E11,E25,E30",D:\PSPS\runs_reviewer\A_k4_3od_x1.0\sa_seed4\e0090
92,4,281.634000,0,247.602000,1.8482,"E21,E24,E25,E30",D:\PSPS\runs_reviewer\A_k4_3od_x1.0\sa_seed4\e0091
93,4,262.662000,0,247.602000,1.8317,"E1,E17,E21,E30",D:\PSPS\runs_reviewer\A_k4_3od_x1.0\sa_seed4\e0092
94,4,276.493000,0,247.602000,1.8153,"E1,E22,E25,E30",D:\PSPS\runs_reviewer\A_k4_3od_x1.0\sa_seed4\e0093
95,4,262.136000,0,247.602000,1.7991,"E1,E15,E21,E30",D:\PSPS\runs_reviewer\A_k4_3od_x1.0\sa_seed4\e0094
96,4,260.006000,0,247.602000,1.7830,"E1,E21,E25,E5",D:\PSPS\runs_reviewer\A_k4_3od_x1.0\sa_seed4\e0095
97,4,291.024000,0,247.602000,1.7671,"E21,E25,E30,E43",D:\PSPS\runs_reviewer\A_k4_3od_x1.0\sa_seed4\e0096
98,4,336.341000,0,247.602000,1.7514,"E1,E21,E25,E29",D:\PSPS\runs_reviewer\A_k4_3od_x1.0\sa_seed4\e0097
99,4,277.872000,0,247.602000,1.7357,"E1,E21,E30,E38",D:\PSPS\runs_reviewer\A_k4_3od_x1.0\sa_seed4\e0098
100,4,271.612000,0,247.602000,1.7202,"E21,E25,E30,E4",D:\PSPS\runs_reviewer\A_k4_3od_x1.0\sa_seed4\e0099
101,4,294.563000,0,247.602000,1.7049,"E1,E25,E30,E32",D:\PSPS\runs_reviewer\A_k4_3od_x1.0\sa_seed4\e0100
102,4,307.925000,0,247.602000,1.6897,"E1,E10,E25,E30",D:\PSPS\runs_reviewer\A_k4_3od_x1.0\sa_seed4\e0101
103,4,319.812000,0,247.602000,1.6746,"E1,E25,E30,E43",D:\PSPS\runs_reviewer\A_k4_3od_x1.0\sa_seed4\e0102
104,3,269.007000,0,247.602000,1.6596,"E1,E21,E25",D:\PSPS\runs_reviewer\A_k4_3od_x1.0\sa_seed4\e0103
105,4,267.868000,0,247.602000,1.6448,"E1,E25,E30,E6",D:\PSPS\runs_reviewer\A_k4_3od_x1.0\sa_seed4\e0104
106,4,271.795000,0,247.602000,1.6301,"E1,E21,E25,E32",D:\PSPS\runs_reviewer\A_k4_3od_x1.0\sa_seed4\e0105
107,4,260.698000,0,247.602000,1.6156,"E1,E21,E24,E30",D:\PSPS\runs_reviewer\A_k4_3od_x1.0\sa_seed4\e0106
108,4,308.085000,0,247.602000,1.6012,"E1,E21,E30,E43",D:\PSPS\runs_reviewer\A_k4_3od_x1.0\sa_seed4\e0107
109,4,253.856000,0,247.602000,1.5869,"E1,E21,E27,E30",D:\PSPS\runs_reviewer\A_k4_3od_x1.0\sa_seed4\e0108
110,4,262.415000,0,247.602000,1.5727,"E1,E21,E25,E33",D:\PSPS\runs_reviewer\A_k4_3od_x1.0\sa_seed4\e0109
111,4,291.412000,0,247.602000,1.5587,"E1,E15,E25,E30",D:\PSPS\runs_reviewer\A_k4_3od_x1.0\sa_seed4\e0110
112,3,263.815000,0,247.602000,1.5447,"E1,E25,E30",D:\PSPS\runs_reviewer\A_k4_3od_x1.0\sa_seed4\e0111
113,4,281.523000,0,247.602000,1.5310,"E1,E25,E30,E34",D:\PSPS\runs_reviewer\A_k4_3od_x1.0\sa_seed4\e0112
114,4,295.547000,0,247.602000,1.5173,"E21,E25,E30,E5",D:\PSPS\runs_reviewer\A_k4_3od_x1.0\sa_seed4\e0113
115,4,282.878000,0,247.602000,1.5038,"E21,E25,E3,E30",D:\PSPS\runs_reviewer\A_k4_3od_x1.0\sa_seed4\e0114
116,4,284.489000,0,247.602000,1.4903,"E1,E10,E21,E25",D:\PSPS\runs_reviewer\A_k4_3od_x1.0\sa_seed4\e0115
117,4,265.772000,0,247.602000,1.4770,"E1,E25,E30,E36",D:\PSPS\runs_reviewer\A_k4_3od_x1.0\sa_seed4\e0116
117,4,271.795000,0,247.602000,1.4638,"E1,E21,E25,E32",(cache)
117,3,273.438000,0,247.602000,1.4508,"E21,E25,E30",(cache)
117,3,273.438000,0,247.602000,1.4378,"E21,E25,E30",(cache)
118,4,239.532000,1,239.532000,1.4250,"E1,E21,E30,E8",D:\PSPS\runs_reviewer\A_k4_3od_x1.0\sa_seed4\e0117
119,4,258.135000,0,239.532000,1.4123,"E1,E21,E39,E8",D:\PSPS\runs_reviewer\A_k4_3od_x1.0\sa_seed4\e0118
120,4,234.403000,1,234.403000,1.3997,"E1,E21,E30,E42",D:\PSPS\runs_reviewer\A_k4_3od_x1.0\sa_seed4\e0119
121,4,260.347000,0,234.403000,1.3872,"E1,E21,E30,E33",D:\PSPS\runs_reviewer\A_k4_3od_x1.0\sa_seed4\e0120
122,3,245.025000,0,234.403000,1.3748,"E1,E21,E42",D:\PSPS\runs_reviewer\A_k4_3od_x1.0\sa_seed4\e0121
123,4,223.893000,1,223.893000,1.3625,"E1,E21,E27,E42",D:\PSPS\runs_reviewer\A_k4_3od_x1.0\sa_seed4\e0122
124,4,237.122000,0,223.893000,1.3504,"E1,E11,E21,E27",D:\PSPS\runs_reviewer\A_k4_3od_x1.0\sa_seed4\e0123
125,4,248.491000,0,223.893000,1.3383,"E1,E18,E21,E42",D:\PSPS\runs_reviewer\A_k4_3od_x1.0\sa_seed4\e0124
126,4,260.376000,0,223.893000,1.3264,"E1,E15,E27,E42",D:\PSPS\runs_reviewer\A_k4_3od_x1.0\sa_seed4\e0125
127,4,248.268000,0,223.893000,1.3145,"E1,E21,E24,E27",D:\PSPS\runs_reviewer\A_k4_3od_x1.0\sa_seed4\e0126
128,4,264.358000,0,223.893000,1.3028,"E1,E10,E21,E27",D:\PSPS\runs_reviewer\A_k4_3od_x1.0\sa_seed4\e0127
129,4,237.221000,0,223.893000,1.2912,"E20,E21,E27,E42",D:\PSPS\runs_reviewer\A_k4_3od_x1.0\sa_seed4\e0128
130,4,256.373000,0,223.893000,1.2796,"E1,E17,E21,E42",D:\PSPS\runs_reviewer\A_k4_3od_x1.0\sa_seed4\e0129
131,4,260.473000,0,223.893000,1.2682,"E1,E14,E27,E42",D:\PSPS\runs_reviewer\A_k4_3od_x1.0\sa_seed4\e0130
132,4,290.581000,0,223.893000,1.2569,"E1,E22,E27,E42",D:\PSPS\runs_reviewer\A_k4_3od_x1.0\sa_seed4\e0131
133,4,241.549000,0,223.893000,1.2457,"E1,E21,E33,E42",D:\PSPS\runs_reviewer\A_k4_3od_x1.0\sa_seed4\e0132
134,4,308.439000,0,223.893000,1.2345,"E1,E20,E27,E42",D:\PSPS\runs_reviewer\A_k4_3od_x1.0\sa_seed4\e0133
134,4,237.221000,0,223.893000,1.2235,"E20,E21,E27,E42",(cache)
135,4,246.557000,0,223.893000,1.2126,"E21,E27,E42,E45",D:\PSPS\runs_reviewer\A_k4_3od_x1.0\sa_seed4\e0134
136,4,272.252000,0,223.893000,1.2018,"E1,E21,E27,E37",D:\PSPS\runs_reviewer\A_k4_3od_x1.0\sa_seed4\e0135
136,3,245.025000,0,223.893000,1.1911,"E1,E21,E42",(cache)
137,3,236.759000,0,223.893000,1.1804,"E21,E27,E42",D:\PSPS\runs_reviewer\A_k4_3od_x1.0\sa_seed4\e0136
137,4,290.581000,0,223.893000,1.1699,"E1,E22,E27,E42",(cache)
138,4,252.827000,0,223.893000,1.1594,"E1,E21,E26,E42",D:\PSPS\runs_reviewer\A_k4_3od_x1.0\sa_seed4\e0137
139,4,275.575000,0,223.893000,1.1491,"E1,E21,E27,E34",D:\PSPS\runs_reviewer\A_k4_3od_x1.0\sa_seed4\e0138
140,4,238.633000,0,223.893000,1.1388,"E1,E25,E27,E42",D:\PSPS\runs_reviewer\A_k4_3od_x1.0\sa_seed4\e0139
141,4,283.267000,0,223.893000,1.1287,"E1,E27,E42,E7",D:\PSPS\runs_reviewer\A_k4_3od_x1.0\sa_seed4\e0140
142,4,245.291000,0,223.893000,1.1186,"E1,E21,E23,E42",D:\PSPS\runs_reviewer\A_k4_3od_x1.0\sa_seed4\e0141
143,4,266.538000,0,223.893000,1.1086,"E1,E21,E27,E7",D:\PSPS\runs_reviewer\A_k4_3od_x1.0\sa_seed4\e0142
144,4,260.376000,0,223.893000,1.0987,"E1,E27,E37,E42",D:\PSPS\runs_reviewer\A_k4_3od_x1.0\sa_seed4\e0143
145,3,252.498000,0,223.893000,1.0889,"E1,E21,E27",D:\PSPS\runs_reviewer\A_k4_3od_x1.0\sa_seed4\e0144
146,4,256.585000,0,223.893000,1.0792,"E1,E27,E4,E42",D:\PSPS\runs_reviewer\A_k4_3od_x1.0\sa_seed4\e0145
147,3,260.376000,0,223.893000,1.0696,"E1,E27,E42",D:\PSPS\runs_reviewer\A_k4_3od_x1.0\sa_seed4\e0146
148,4,227.561000,0,223.893000,1.0600,"E21,E27,E42,E8",D:\PSPS\runs_reviewer\A_k4_3od_x1.0\sa_seed4\e0147
148,3,260.376000,0,223.893000,1.0506,"E1,E27,E42",(cache)
148,4,290.581000,0,223.893000,1.0412,"E1,E22,E27,E42",(cache)
148,4,237.122000,0,223.893000,1.0319,"E1,E11,E21,E27",(cache)
149,4,261.523000,0,223.893000,1.0227,"E1,E12,E27,E42",D:\PSPS\runs_reviewer\A_k4_3od_x1.0\sa_seed4\e0148
150,4,232.563000,0,223.893000,1.0135,"E1,E21,E25,E27",D:\PSPS\runs_reviewer\A_k4_3od_x1.0\sa_seed4\e0149
151,4,254.565000,0,223.893000,1.0045,"E1,E20,E21,E42",D:\PSPS\runs_reviewer\A_k4_3od_x1.0\sa_seed4\e0150
152,4,280.503000,0,223.893000,0.9955,"E1,E21,E29,E42",D:\PSPS\runs_reviewer\A_k4_3od_x1.0\sa_seed4\e0151
152,4,283.267000,0,223.893000,0.9866,"E1,E27,E42,E7",(cache)
153,4,269.096000,0,223.893000,0.9778,"E1,E21,E27,E45",D:\PSPS\runs_reviewer\A_k4_3od_x1.0\sa_seed4\e0152
154,4,241.102000,0,223.893000,0.9691,"E1,E23,E27,E42",D:\PSPS\runs_reviewer\A_k4_3od_x1.0\sa_seed4\e0153
155,4,275.799000,0,223.893000,0.9605,"E1,E13,E21,E42",D:\PSPS\runs_reviewer\A_k4_3od_x1.0\sa_seed4\e0154
156,4,250.811000,0,223.893000,0.9519,"E1,E13,E27,E42",D:\PSPS\runs_reviewer\A_k4_3od_x1.0\sa_seed4\e0155
156,4,275.799000,0,223.893000,0.9434,"E1,E13,E21,E42",(cache)
156,4,248.268000,0,223.893000,0.9350,"E1,E21,E24,E27",(cache)
156,4,248.491000,0,223.893000,0.9266,"E1,E18,E21,E42",(cache)
157,4,267.935000,0,223.893000,0.9183,"E1,E10,E21,E42",D:\PSPS\runs_reviewer\A_k4_3od_x1.0\sa_seed4\e0156
157,4,260.473000,0,223.893000,0.9102,"E1,E14,E27,E42",(cache)
158,4,238.920000,0,223.893000,0.9020,"E21,E27,E39,E42",D:\PSPS\runs_reviewer\A_k4_3od_x1.0\sa_seed4\e0157
158,4,290.581000,0,223.893000,0.8940,"E1,E22,E27,E42",(cache)
159,4,236.759000,0,223.893000,0.8860,"E15,E21,E27,E42",D:\PSPS\runs_reviewer\A_k4_3od_x1.0\sa_seed4\e0158
160,4,252.403000,0,223.893000,0.8781,"E1,E21,E27,E6",D:\PSPS\runs_reviewer\A_k4_3od_x1.0\sa_seed4\e0159
160,4,308.439000,0,223.893000,0.8702,"E1,E20,E27,E42",(cache)
161,4,243.473000,0,223.893000,0.8625,"E13,E21,E27,E42",D:\PSPS\runs_reviewer\A_k4_3od_x1.0\sa_seed4\e0160
162,4,241.879000,0,223.893000,0.8548,"E1,E16,E21,E42",D:\PSPS\runs_reviewer\A_k4_3od_x1.0\sa_seed4\e0161
163,4,224.053000,1,223.893000,0.8472,"E18,E21,E27,E42",D:\PSPS\runs_reviewer\A_k4_3od_x1.0\sa_seed4\e0162
164,4,262.528000,0,223.893000,0.8396,"E1,E18,E27,E42",D:\PSPS\runs_reviewer\A_k4_3od_x1.0\sa_seed4\e0163
165,4,273.220000,0,223.893000,0.8321,"E18,E21,E27,E7",D:\PSPS\runs_reviewer\A_k4_3od_x1.0\sa_seed4\e0164
166,4,255.902000,0,223.893000,0.8247,"E18,E19,E21,E42",D:\PSPS\runs_reviewer\A_k4_3od_x1.0\sa_seed4\e0165
167,4,262.637000,0,223.893000,0.8173,"E18,E27,E4,E42",D:\PSPS\runs_reviewer\A_k4_3od_x1.0\sa_seed4\e0166
168,4,269.291000,0,223.893000,0.8100,"E18,E27,E42,E8",D:\PSPS\runs_reviewer\A_k4_3od_x1.0\sa_seed4\e0167
169,3,255.902000,0,223.893000,0.8028,"E18,E21,E42",D:\PSPS\runs_reviewer\A_k4_3od_x1.0\sa_seed4\e0168
170,4,258.801000,0,223.893000,0.7956,"E18,E21,E32,E42",D:\PSPS\runs_reviewer\A_k4_3od_x1.0\sa_seed4\e0169
170,4,273.220000,0,223.893000,0.7885,"E18,E21,E27,E7",(cache)
171,4,250.678000,0,223.893000,0.7815,"E18,E27,E35,E42",D:\PSPS\runs_reviewer\A_k4_3od_x1.0\sa_seed4\e0170
172,4,257.753000,0,223.893000,0.7745,"E18,E27,E33,E42",D:\PSPS\runs_reviewer\A_k4_3od_x1.0\sa_seed4\e0171
173,4,276.702000,0,223.893000,0.7676,"E21,E27,E31,E42",D:\PSPS\runs_reviewer\A_k4_3od_x1.0\sa_seed4\e0172
173,4,262.528000,0,223.893000,0.7607,"E1,E18,E27,E42",(cache)
174,4,279.567000,0,223.893000,0.7539,"E18,E21,E27,E35",D:\PSPS\runs_reviewer\A_k4_3od_x1.0\sa_seed4\e0173
175,3,268.971000,0,223.893000,0.7472,"E18,E21,E27",D:\PSPS\runs_reviewer\A_k4_3od_x1.0\sa_seed4\e0174
176,4,231.377000,0,223.893000,0.7405,"E21,E27,E33,E42",D:\PSPS\runs_reviewer\A_k4_3od_x1.0\sa_seed4\e0175
177,4,230.879000,0,223.893000,0.7339,"E21,E27,E38,E42",D:\PSPS\runs_reviewer\A_k4_3od_x1.0\sa_seed4\e0176
177,4,238.920000,0,223.893000,0.7274,"E21,E27,E39,E42",(cache)
178,4,265.404000,0,223.893000,0.7209,"E18,E21,E33,E42",D:\PSPS\runs_reviewer\A_k4_3od_x1.0\sa_seed4\e0177
178,4,248.491000,0,223.893000,0.7145,"E1,E18,E21,E42",(cache)
179,3,265.443000,0,223.893000,0.7081,"E18,E27,E42",D:\PSPS\runs_reviewer\A_k4_3od_x1.0\sa_seed4\e0178
179,3,236.759000,0,223.893000,0.7018,"E21,E27,E42",(cache)
180,4,283.679000,0,223.893000,0.6955,"E18,E21,E27,E4",D:\PSPS\runs_reviewer\A_k4_3od_x1.0\sa_seed4\e0179
181,4,251.164000,0,223.893000,0.6893,"E14,E18,E21,E42",D:\PSPS\runs_reviewer\A_k4_3od_x1.0\sa_seed4\e0180
182,4,256.838000,0,223.893000,0.6831,"E18,E21,E27,E41",D:\PSPS\runs_reviewer\A_k4_3od_x1.0\sa_seed4\e0181
182,3,255.902000,0,223.893000,0.6770,"E18,E21,E42",(cache)
183,4,236.482000,0,223.893000,0.6710,"E21,E27,E37,E42",D:\PSPS\runs_reviewer\A_k4_3od_x1.0\sa_seed4\e0182
184,4,242.479000,0,223.893000,0.6650,"E21,E27,E36,E42",D:\PSPS\runs_reviewer\A_k4_3od_x1.0\sa_seed4\e0183
184,3,255.902000,0,223.893000,0.6591,"E18,E21,E42",(cache)
185,4,276.141000,0,223.893000,0.6532,"E18,E21,E39,E42",D:\PSPS\runs_reviewer\A_k4_3od_x1.0\sa_seed4\e0184
186,4,238.735000,0,223.893000,0.6474,"E18,E27,E42,E6",D:\PSPS\runs_reviewer\A_k4_3od_x1.0\sa_seed4\e0185
186,3,265.443000,0,223.893000,0.6416,"E18,E27,E42",(cache)
187,4,267.585000,0,223.893000,0.6358,"E18,E21,E27,E39",D:\PSPS\runs_reviewer\A_k4_3od_x1.0\sa_seed4\e0186
187,4,246.557000,0,223.893000,0.6302,"E21,E27,E42,E45",(cache)
187,3,255.902000,0,223.893000,0.6245,"E18,E21,E42",(cache)
188,4,252.945000,0,223.893000,0.6190,"E18,E23,E27,E42",D:\PSPS\runs_reviewer\A_k4_3od_x1.0\sa_seed4\e0187
189,4,305.221000,0,223.893000,0.6134,"E18,E21,E27,E29",D:\PSPS\runs_reviewer\A_k4_3od_x1.0\sa_seed4\e0188
190,4,268.355000,0,223.893000,0.6080,"E18,E21,E27,E45",D:\PSPS\runs_reviewer\A_k4_3od_x1.0\sa_seed4\e0189
191,4,231.370000,0,223.893000,0.6025,"E21,E27,E42,E5",D:\PSPS\runs_reviewer\A_k4_3od_x1.0\sa_seed4\e0190
191,3,255.902000,0,223.893000,0.5972,"E18,E21,E42",(cache)
192,4,273.667000,0,223.893000,0.5918,"E18,E27,E42,E7",D:\PSPS\runs_reviewer\A_k4_3od_x1.0\sa_seed4\e0191
192,3,255.902000,0,223.893000,0.5866,"E18,E21,E42",(cache)
193,4,262.144000,0,223.893000,0.5813,"E18,E21,E25,E42",D:\PSPS\runs_reviewer\A_k4_3od_x1.0\sa_seed4\e0192
193,4,262.637000,0,223.893000,0.5761,"E18,E27,E4,E42",(cache)
193,4,243.473000,0,223.893000,0.5710,"E13,E21,E27,E42",(cache)
194,4,261.059000,0,223.893000,0.5659,"E18,E21,E25,E27",D:\PSPS\runs_reviewer\A_k4_3od_x1.0\sa_seed4\e0193
194,4,273.667000,0,223.893000,0.5608,"E18,E27,E42,E7",(cache)
194,4,252.945000,0,223.893000,0.5558,"E18,E23,E27,E42",(cache)
195,4,282.382000,0,223.893000,0.5509,"E18,E21,E27,E5",D:\PSPS\runs_reviewer\A_k4_3od_x1.0\sa_seed4\e0194
196,4,261.749000,0,223.893000,0.5460,"E18,E27,E37,E42",D:\PSPS\runs_reviewer\A_k4_3od_x1.0\sa_seed4\e0195
197,4,269.007000,0,223.893000,0.5411,"E16,E18,E21,E42",D:\PSPS\runs_reviewer\A_k4_3od_x1.0\sa_seed4\e0196
197,4,231.377000,0,223.893000,0.5363,"E21,E27,E33,E42",(cache)
197,3,236.759000,0,223.893000,0.5315,"E21,E27,E42",(cache)
198,4,265.820000,0,223.893000,0.5267,"E12,E18,E21,E27",D:\PSPS\runs_reviewer\A_k4_3od_x1.0\sa_seed4\e0197
198,4,243.473000,0,223.893000,0.5220,"E13,E21,E27,E42",(cache)
198,3,268.971000,0,223.893000,0.5174,"E18,E21,E27",(cache)
198,3,236.759000,0,223.893000,0.5127,"E21,E27,E42",(cache)
199,4,247.256000,0,223.893000,0.5082,"E18,E20,E21,E27",D:\PSPS\runs_reviewer\A_k4_3od_x1.0\sa_seed4\e0198
199,3,268.971000,0,223.893000,0.5036,"E18,E21,E27",(cache)
199,3,265.443000,0,223.893000,0.4991,"E18,E27,E42",(cache)
200,4,234.812000,0,223.893000,0.4947,"E21,E27,E3,E42",D:\PSPS\runs_reviewer\A_k4_3od_x1.0\sa_seed4\e0199
201,4,247.213000,0,223.893000,0.4903,"E21,E27,E30,E42",D:\PSPS\runs_reviewer\A_k4_3od_x1.0\sa_seed4\e0200
201,4,247.256000,0,223.893000,0.4859,"E18,E20,E21,E27",(cache)
202,4,329.997000,0,223.893000,0.4815,"E18,E22,E27,E42",D:\PSPS\runs_reviewer\A_k4_3od_x1.0\sa_seed4\e0201
203,4,245.084000,0,223.893000,0.4773,"E21,E27,E42,E7",D:\PSPS\runs_reviewer\A_k4_3od_x1.0\sa_seed4\e0202
204,4,275.173000,0,223.893000,0.4730,"E14,E18,E21,E27",D:\PSPS\runs_reviewer\A_k4_3od_x1.0\sa_seed4\e0203
205,4,247.620000,0,223.893000,0.4688,"E18,E21,E3,E42",D:\PSPS\runs_reviewer\A_k4_3od_x1.0\sa_seed4\e0204
205,4,269.007000,0,223.893000,0.4646,"E16,E18,E21,E42",(cache)
206,4,274.698000,0,223.893000,0.4604,"E18,E21,E42,E6",D:\PSPS\runs_reviewer\A_k4_3od_x1.0\sa_seed4\e0205
206,3,255.902000,0,223.893000,0.4563,"E18,E21,E42",(cache)
207,4,262.603000,0,223.893000,0.4523,"E18,E21,E42,E45",D:\PSPS\runs_reviewer\A_k4_3od_x1.0\sa_seed4\e0206
208,4,267.541000,0,223.893000,0.4482,"E18,E27,E42,E45",D:\PSPS\runs_reviewer\A_k4_3od_x1.0\sa_seed4\e0207
208,4,231.377000,0,223.893000,0.4442,"E21,E27,E33,E42",(cache)
208,4,273.220000,0,223.893000,0.4403,"E18,E21,E27,E7",(cache)
209,4,260.295000,0,223.893000,0.4363,"E17,E18,E27,E42",D:\PSPS\runs_reviewer\A_k4_3od_x1.0\sa_seed4\e0208
209,3,268.971000,0,223.893000,0.4324,"E18,E21,E27",(cache)
209,4,256.838000,0,223.893000,0.4286,"E18,E21,E27,E41",(cache)
209,4,269.007000,0,223.893000,0.4247,"E16,E18,E21,E42",(cache)
209,3,268.971000,0,223.893000,0.4210,"E18,E21,E27",(cache)
209,4,245.084000,0,223.893000,0.4172,"E21,E27,E42,E7",(cache)
209,4,247.256000,0,223.893000,0.4135,"E18,E20,E21,E27",(cache)
210,4,266.902000,0,223.893000,0.4098,"E18,E21,E27,E36",D:\PSPS\runs_reviewer\A_k4_3od_x1.0\sa_seed4\e0209
211,4,260.883000,0,223.893000,0.4061,"E18,E25,E27,E42",D:\PSPS\runs_reviewer\A_k4_3od_x1.0\sa_seed4\e0210
212,4,272.470000,0,223.893000,0.4025,"E18,E21,E23,E27",D:\PSPS\runs_reviewer\A_k4_3od_x1.0\sa_seed4\e0211
212,3,255.902000,0,223.893000,0.3989,"E18,E21,E42",(cache)
213,4,265.443000,0,223.893000,0.3953,"E18,E27,E39,E42",D:\PSPS\runs_reviewer\A_k4_3od_x1.0\sa_seed4\e0212
214,4,265.784000,0,223.893000,0.3918,"E12,E18,E27,E42",D:\PSPS\runs_reviewer\A_k4_3od_x1.0\sa_seed4\e0213
215,4,280.072000,0,223.893000,0.3883,"E18,E21,E27,E6",D:\PSPS\runs_reviewer\A_k4_3od_x1.0\sa_seed4\e0214
216,4,252.155000,0,223.893000,0.3848,"E17,E18,E21,E42",D:\PSPS\runs_reviewer\A_k4_3od_x1.0\sa_seed4\e0215
216,3,268.971000,0,223.893000,0.3814,"E18,E21,E27",(cache)
217,4,292.057000,0,223.893000,0.3780,"E18,E21,E27,E34",D:\PSPS\runs_reviewer\A_k4_3od_x1.0\sa_seed4\e0216
218,4,265.443000,0,223.893000,0.3746,"E18,E27,E36,E42",D:\PSPS\runs_reviewer\A_k4_3od_x1.0\sa_seed4\e0217
218,3,255.902000,0,223.893000,0.3713,"E18,E21,E42",(cache)
218,3,255.902000,0,223.893000,0.3680,"E18,E21,E42",(cache)
218,4,329.997000,0,223.893000,0.3647,"E18,E22,E27,E42",(cache)
219,4,268.937000,0,223.893000,0.3614,"E13,E18,E21,E27",D:\PSPS\runs_reviewer\A_k4_3od_x1.0\sa_seed4\e0218
220,4,265.443000,0,223.893000,0.3582,"E18,E27,E3,E42",D:\PSPS\runs_reviewer\A_k4_3od_x1.0\sa_seed4\e0219
220,4,267.585000,0,223.893000,0.3550,"E18,E21,E27,E39",(cache)
221,4,298.382000,0,223.893000,0.3518,"E10,E21,E27,E42",D:\PSPS\runs_reviewer\A_k4_3od_x1.0\sa_seed4\e0220
221,3,255.902000,0,223.893000,0.3487,"E18,E21,E42",(cache)
221,4,258.801000,0,223.893000,0.3456,"E18,E21,E32,E42",(cache)
221,3,265.443000,0,223.893000,0.3425,"E18,E27,E42",(cache)
222,4,284.696000,0,223.893000,0.3394,"E18,E21,E29,E42",D:\PSPS\runs_reviewer\A_k4_3od_x1.0\sa_seed4\e0221
222,4,265.784000,0,223.893000,0.3364,"E12,E18,E27,E42",(cache)
223,4,265.443000,0,223.893000,0.3334,"E15,E18,E27,E42",D:\PSPS\runs_reviewer\A_k4_3od_x1.0\sa_seed4\e0222
223,4,262.603000,0,223.893000,0.3304,"E18,E21,E42,E45",(cache)
223,4,266.902000,0,223.893000,0.3275,"E18,E21,E27,E36",(cache)
223,3,265.443000,0,223.893000,0.3246,"E18,E27,E42",(cache)
223,3,265.443000,0,223.893000,0.3217,"E18,E27,E42",(cache)
223,4,234.812000,0,223.893000,0.3188,"E21,E27,E3,E42",(cache)
224,4,277.580000,0,223.893000,0.3160,"E18,E21,E27,E30",D:\PSPS\runs_reviewer\A_k4_3od_x1.0\sa_seed4\e0223
224,3,255.902000,0,223.893000,0.3131,"E18,E21,E42",(cache)
224,3,255.902000,0,223.893000,0.3103,"E18,E21,E42",(cache)
225,4,265.443000,0,223.893000,0.3076,"E18,E19,E27,E42",D:\PSPS\runs_reviewer\A_k4_3od_x1.0\sa_seed4\e0224
226,4,253.864000,0,223.893000,0.3048,"E13,E18,E21,E42",D:\PSPS\runs_reviewer\A_k4_3od_x1.0\sa_seed4\e0225
226,3,268.971000,0,223.893000,0.3021,"E18,E21,E27",(cache)
226,3,265.443000,0,223.893000,0.2994,"E18,E27,E42",(cache)
226,3,265.443000,0,223.893000,0.2967,"E18,E27,E42",(cache)
227,4,269.159000,0,223.893000,0.2941,"E18,E27,E32,E42",D:\PSPS\runs_reviewer\A_k4_3od_x1.0\sa_seed4\e0226
227,4,262.637000,0,223.893000,0.2915,"E18,E27,E4,E42",(cache)
227,4,267.541000,0,223.893000,0.2889,"E18,E27,E42,E45",(cache)
227,4,255.902000,0,223.893000,0.2863,"E18,E19,E21,E42",(cache)
228,4,240.778000,0,223.893000,0.2837,"E17,E21,E27,E42",D:\PSPS\runs_reviewer\A_k4_3od_x1.0\sa_seed4\e0227
229,4,259.013000,0,223.893000,0.2812,"E18,E21,E41,E42",D:\PSPS\runs_reviewer\A_k4_3od_x1.0\sa_seed4\e0228
230,4,251.879000,0,223.893000,0.2787,"E21,E27,E35,E42",D:\PSPS\runs_reviewer\A_k4_3od_x1.0\sa_seed4\e0229
231,4,265.155000,0,223.893000,0.2762,"E18,E21,E27,E8",D:\PSPS\runs_reviewer\A_k4_3od_x1.0\sa_seed4\e0230
231,3,265.443000,0,223.893000,0.2737,"E18,E27,E42",(cache)
232,4,255.553000,0,223.893000,0.2713,"E18,E27,E38,E42",D:\PSPS\runs_reviewer\A_k4_3od_x1.0\sa_seed4\e0231
233,4,266.673000,0,223.893000,0.2689,"E18,E27,E41,E42",D:\PSPS\runs_reviewer\A_k4_3od_x1.0\sa_seed4\e0232
233,4,262.637000,0,223.893000,0.2665,"E18,E27,E4,E42",(cache)
233,4,245.084000,0,223.893000,0.2641,"E21,E27,E42,E7",(cache)
233,4,257.753000,0,223.893000,0.2617,"E18,E27,E33,E42",(cache)
234,4,300.264000,0,223.893000,0.2594,"E18,E21,E27,E32",D:\PSPS\runs_reviewer\A_k4_3od_x1.0\sa_seed4\e0233
235,4,263.064000,0,223.893000,0.2571,"E11,E18,E21,E42",D:\PSPS\runs_reviewer\A_k4_3od_x1.0\sa_seed4\e0234
235,4,247.256000,0,223.893000,0.2548,"E18,E20,E21,E27",(cache)
236,4,257.348000,0,223.893000,0.2525,"E18,E24,E27,E42",D:\PSPS\runs_reviewer\A_k4_3od_x1.0\sa_seed4\e0235
237,4,237.938000,0,223.893000,0.2503,"E14,E21,E27,E42",D:\PSPS\runs_reviewer\A_k4_3od_x1.0\sa_seed4\e0236
238,4,259.328000,0,223.893000,0.2480,"E13,E18,E27,E42",D:\PSPS\runs_reviewer\A_k4_3od_x1.0\sa_seed4\e0237
239,4,252.155000,0,223.893000,0.2458,"E12,E18,E21,E42",D:\PSPS\runs_reviewer\A_k4_3od_x1.0\sa_seed4\e0238
239,4,256.838000,0,223.893000,0.2436,"E18,E21,E27,E41",(cache)
240,4,265.332000,0,223.893000,0.2414,"E18,E21,E42,E5",D:\PSPS\runs_reviewer\A_k4_3od_x1.0\sa_seed4\e0239
240,4,276.702000,0,223.893000,0.2393,"E21,E27,E31,E42",(cache)
240,3,255.902000,0,223.893000,0.2371,"E18,E21,E42",(cache)
240,4,253.864000,0,223.893000,0.2350,"E13,E18,E21,E42",(cache)
240,4,273.220000,0,223.893000,0.2329,"E18,E21,E27,E7",(cache)
241,4,271.806000,0,223.893000,0.2309,"E18,E21,E27,E43",D:\PSPS\runs_reviewer\A_k4_3od_x1.0\sa_seed4\e0240
241,3,268.971000,0,223.893000,0.2288,"E18,E21,E27",(cache)
241,4,238.735000,0,223.893000,0.2267,"E18,E27,E42,E6",(cache)
242,4,261.974000,0,223.893000,0.2247,"E18,E21,E37,E42",D:\PSPS\runs_reviewer\A_k4_3od_x1.0\sa_seed4\e0241
242,4,246.557000,0,223.893000,0.2227,"E21,E27,E42,E45",(cache)
242,3,265.443000,0,223.893000,0.2207,"E18,E27,E42",(cache)
242,4,265.443000,0,223.893000,0.2188,"E15,E18,E27,E42",(cache)
243,4,291.083000,0,223.893000,0.2168,"E18,E21,E26,E27",D:\PSPS\runs_reviewer\A_k4_3od_x1.0\sa_seed4\e0242
243,4,268.937000,0,223.893000,0.2149,"E13,E18,E21,E27",(cache)
243,3,236.759000,0,223.893000,0.2130,"E21,E27,E42",(cache)
243,4,269.291000,0,223.893000,0.2111,"E18,E27,E42,E8",(cache)
243,4,237.221000,0,223.893000,0.2092,"E20,E21,E27,E42",(cache)
244,4,264.750000,0,223.893000,0.2073,"E18,E21,E24,E42",D:\PSPS\runs_reviewer\A_k4_3od_x1.0\sa_seed4\e0243
244,4,267.585000,0,223.893000,0.2055,"E18,E21,E27,E39",(cache)
244,4,280.072000,0,223.893000,0.2036,"E18,E21,E27,E6",(cache)
244,4,268.937000,0,223.893000,0.2018,"E13,E18,E21,E27",(cache)
244,3,255.902000,0,223.893000,0.2000,"E18,E21,E42",(cache)
245,4,255.177000,0,223.893000,0.1982,"E18,E21,E23,E42",D:\PSPS\runs_reviewer\A_k4_3od_x1.0\sa_seed4\e0244
245,3,265.443000,0,223.893000,0.1964,"E18,E27,E42",(cache)
245,4,262.603000,0,223.893000,0.1947,"E18,E21,E42,E45",(cache)
245,4,267.541000,0,223.893000,0.1930,"E18,E27,E42,E45",(cache)
246,4,274.807000,0,223.893000,0.1912,"E21,E27,E42,E43",D:\PSPS\runs_reviewer\A_k4_3od_x1.0\sa_seed4\e0245
247,4,239.656000,0,223.893000,0.1895,"E21,E27,E42,E6",D:\PSPS\runs_reviewer\A_k4_3od_x1.0\sa_seed4\e0246
247,4,256.838000,0,223.893000,0.1878,"E18,E21,E27,E41",(cache)
248,4,293.045000,0,223.893000,0.1862,"E18,E27,E31,E42",D:\PSPS\runs_reviewer\A_k4_3od_x1.0\sa_seed4\e0247
248,4,259.328000,0,223.893000,0.1845,"E13,E18,E27,E42",(cache)
248,4,237.221000,0,223.893000,0.1828,"E20,E21,E27,E42",(cache)
248,4,240.778000,0,223.893000,0.1812,"E17,E21,E27,E42",(cache)
249,4,264.874000,0,223.893000,0.1796,"E18,E27,E42,E5",D:\PSPS\runs_reviewer\A_k4_3od_x1.0\sa_seed4\e0248
249,3,255.902000,0,223.893000,0.1780,"E18,E21,E42",(cache)
250,4,269.930000,0,223.893000,0.1764,"E18,E21,E27,E33",D:\PSPS\runs_reviewer\A_k4_3od_x1.0\sa_seed4\e0249
250,3,255.902000,0,223.893000,0.1748,"E18,E21,E42",(cache)
250,4,276.702000,0,223.893000,0.1733,"E21,E27,E31,E42",(cache)
251,4,274.807000,0,223.893000,0.1717,"E21,E26,E27,E42",D:\PSPS\runs_reviewer\A_k4_3od_x1.0\sa_seed4\e0250
251,3,255.902000,0,223.893000,0.1702,"E18,E21,E42",(cache)
251,4,253.864000,0,223.893000,0.1687,"E13,E18,E21,E42",(cache)
251,4,277.580000,0,223.893000,0.1672,"E18,E21,E27,E30",(cache)
251,4,264.874000,0,223.893000,0.1657,"E18,E27,E42,E5",(cache)
251,3,255.902000,0,223.893000,0.1642,"E18,E21,E42",(cache)
251,3,268.971000,0,223.893000,0.1627,"E18,E21,E27",(cache)
251,3,268.971000,0,223.893000,0.1613,"E18,E21,E27",(cache)
251,4,240.778000,0,223.893000,0.1598,"E17,E21,E27,E42",(cache)
251,4,269.159000,0,223.893000,0.1584,"E18,E27,E32,E42",(cache)
251,3,265.443000,0,223.893000,0.1570,"E18,E27,E42",(cache)
251,3,265.443000,0,223.893000,0.1556,"E18,E27,E42",(cache)
251,3,236.759000,0,223.893000,0.1542,"E21,E27,E42",(cache)
251,4,269.291000,0,223.893000,0.1528,"E18,E27,E42,E8",(cache)
251,4,252.155000,0,223.893000,0.1515,"E17,E18,E21,E42",(cache)
251,3,265.443000,0,223.893000,0.1501,"E18,E27,E42",(cache)
251,4,236.759000,0,223.893000,0.1488,"E15,E21,E27,E42",(cache)
251,3,236.759000,0,223.893000,0.1474,"E21,E27,E42",(cache)
251,4,264.750000,0,223.893000,0.1461,"E18,E21,E24,E42",(cache)
251,4,250.678000,0,223.893000,0.1448,"E18,E27,E35,E42",(cache)
251,3,236.759000,0,223.893000,0.1435,"E21,E27,E42",(cache)
251,4,255.553000,0,223.893000,0.1423,"E18,E27,E38,E42",(cache)
251,3,268.971000,0,223.893000,0.1410,"E18,E21,E27",(cache)
251,4,284.696000,0,223.893000,0.1397,"E18,E21,E29,E42",(cache)
251,3,265.443000,0,223.893000,0.1385,"E18,E27,E42",(cache)
251,4,257.753000,0,223.893000,0.1372,"E18,E27,E33,E42",(cache)
251,4,265.443000,0,223.893000,0.1360,"E18,E27,E39,E42",(cache)
251,3,255.902000,0,223.893000,0.1348,"E18,E21,E42",(cache)
251,4,268.355000,0,223.893000,0.1336,"E18,E21,E27,E45",(cache)
252,4,229.686000,0,223.893000,0.1324,"E21,E24,E27,E42",D:\PSPS\runs_reviewer\A_k4_3od_x1.0\sa_seed4\e0251
252,3,255.902000,0,223.893000,0.1312,"E18,E21,E42",(cache)
252,4,236.759000,0,223.893000,0.1301,"E15,E21,E27,E42",(cache)
252,4,252.155000,0,223.893000,0.1289,"E12,E18,E21,E42",(cache)
252,3,268.971000,0,223.893000,0.1277,"E18,E21,E27",(cache)
252,4,255.553000,0,223.893000,0.1266,"E18,E27,E38,E42",(cache)
252,4,277.580000,0,223.893000,0.1255,"E18,E21,E27,E30",(cache)
252,3,268.971000,0,223.893000,0.1244,"E18,E21,E27",(cache)
252,4,265.443000,0,223.893000,0.1232,"E15,E18,E27,E42",(cache)
252,4,251.879000,0,223.893000,0.1221,"E21,E27,E35,E42",(cache)
252,4,274.698000,0,223.893000,0.1211,"E18,E21,E42,E6",(cache)
253,4,271.714000,0,223.893000,0.1200,"E18,E21,E36,E42",D:\PSPS\runs_reviewer\A_k4_3od_x1.0\sa_seed4\e0252
253,4,265.443000,0,223.893000,0.1189,"E18,E27,E36,E42",(cache)
253,4,265.404000,0,223.893000,0.1178,"E18,E21,E33,E42",(cache)
253,3,236.759000,0,223.893000,0.1168,"E21,E27,E42",(cache)
253,3,255.902000,0,223.893000,0.1157,"E18,E21,E42",(cache)
253,3,265.443000,0,223.893000,0.1147,"E18,E27,E42",(cache)
253,4,329.997000,0,223.893000,0.1137,"E18,E22,E27,E42",(cache)
254,4,265.820000,0,223.893000,0.1127,"E17,E18,E21,E27",D:\PSPS\runs_reviewer\A_k4_3od_x1.0\sa_seed4\e0253
255,4,267.583000,0,223.893000,0.1117,"E18,E21,E31,E42",D:\PSPS\runs_reviewer\A_k4_3od_x1.0\sa_seed4\e0254
255,4,265.784000,0,223.893000,0.1107,"E12,E18,E27,E42",(cache)
255,4,231.370000,0,223.893000,0.1097,"E21,E27,E42,E5",(cache)
255,4,269.159000,0,223.893000,0.1087,"E18,E27,E32,E42",(cache)
256,4,295.321000,0,223.893000,0.1077,"E18,E21,E22,E42",D:\PSPS\runs_reviewer\A_k4_3od_x1.0\sa_seed4\e0255
256,4,271.714000,0,223.893000,0.1068,"E18,E21,E36,E42",(cache)
256,4,268.355000,0,223.893000,0.1058,"E18,E21,E27,E45",(cache)
256,4,262.603000,0,223.893000,0.1049,"E18,E21,E42,E45",(cache)
256,4,257.348000,0,223.893000,0.1039,"E18,E24,E27,E42",(cache)
256,4,259.328000,0,223.893000,0.1030,"E13,E18,E27,E42",(cache)
257,4,268.627000,0,223.893000,0.1021,"E11,E18,E27,E42",D:\PSPS\runs_reviewer\A_k4_3od_x1.0\sa_seed4\e0256
258,4,273.578000,0,223.893000,0.1012,"E18,E27,E34,E42",D:\PSPS\runs_reviewer\A_k4_3od_x1.0\sa_seed4\e0257
258,4,246.557000,0,223.893000,0.1003,"E21,E27,E42,E45",(cache)
258,4,258.801000,0,223.893000,0.0994,"E18,E21,E32,E42",(cache)
258,4,265.820000,0,223.893000,0.0985,"E17,E18,E21,E27",(cache)
258,4,273.667000,0,223.893000,0.0976,"E18,E27,E42,E7",(cache)
259,4,243.832000,0,223.893000,0.0967,"E21,E23,E27,E42",D:\PSPS\runs_reviewer\A_k4_3od_x1.0\sa_seed4\e0258
259,4,274.807000,0,223.893000,0.0959,"E21,E27,E42,E43",(cache)
259,3,255.902000,0,223.893000,0.0950,"E18,E21,E42",(cache)
259,4,267.585000,0,223.893000,0.0942,"E18,E21,E27,E39",(cache)
260,4,259.570000,0,223.893000,0.0933,"E18,E27,E30,E42",D:\PSPS\runs_reviewer\A_k4_3od_x1.0\sa_seed4\e0259
260,4,266.902000,0,223.893000,0.0925,"E18,E21,E27,E36",(cache)
260,3,268.971000,0,223.893000,0.0917,"E18,E21,E27",(cache)
260,4,265.443000,0,223.893000,0.0909,"E18,E27,E39,E42",(cache)
260,4,251.879000,0,223.893000,0.0900,"E21,E27,E35,E42",(cache)
260,4,238.735000,0,223.893000,0.0892,"E18,E27,E42,E6",(cache)
260,4,269.159000,0,223.893000,0.0884,"E18,E27,E32,E42",(cache)
260,4,284.696000,0,223.893000,0.0877,"E18,E21,E29,E42",(cache)
260,4,298.382000,0,223.893000,0.0869,"E10,E21,E27,E42",(cache)
260,4,261.059000,0,223.893000,0.0861,"E18,E21,E25,E27",(cache)
261,4,324.552000,0,223.893000,0.0853,"E18,E27,E29,E42",D:\PSPS\runs_reviewer\A_k4_3od_x1.0\sa_seed4\e0260
261,4,259.570000,0,223.893000,0.0846,"E18,E27,E30,E42",(cache)
262,4,262.783000,0,223.893000,0.0838,"E16,E18,E21,E27",D:\PSPS\runs_reviewer\A_k4_3od_x1.0\sa_seed4\e0261
263,4,285.431000,0,223.893000,0.0831,"E14,E18,E27,E42",D:\PSPS\runs_reviewer\A_k4_3od_x1.0\sa_seed4\e0262
263,4,255.902000,0,223.893000,0.0823,"E18,E19,E21,E42",(cache)
263,4,269.007000,0,223.893000,0.0816,"E16,E18,E21,E42",(cache)
263,4,255.902000,0,223.893000,0.0809,"E18,E19,E21,E42",(cache)
263,3,236.759000,0,223.893000,0.0801,"E21,E27,E42",(cache)
263,4,275.173000,0,223.893000,0.0794,"E14,E18,E21,E27",(cache)
263,4,329.997000,0,223.893000,0.0787,"E18,E22,E27,E42",(cache)
263,4,271.806000,0,223.893000,0.0780,"E18,E21,E27,E43",(cache)
264,4,263.896000,0,223.893000,0.0773,"E18,E21,E27,E38",D:\PSPS\runs_reviewer\A_k4_3od_x1.0\sa_seed4\e0263
264,4,267.585000,0,223.893000,0.0766,"E18,E21,E27,E39",(cache)
264,4,329.997000,0,223.893000,0.0759,"E18,E22,E27,E42",(cache)
265,4,293.618000,0,223.893000,0.0753,"E21,E27,E29,E42",D:\PSPS\runs_reviewer\A_k4_3od_x1.0\sa_seed4\e0264
265,4,260.295000,0,223.893000,0.0746,"E17,E18,E27,E42",(cache)
265,4,262.603000,0,223.893000,0.0739,"E18,E21,E42,E45",(cache)
265,3,255.902000,0,223.893000,0.0733,"E18,E21,E42",(cache)
266,4,279.380000,0,223.893000,0.0726,"E11,E18,E21,E27",D:\PSPS\runs_reviewer\A_k4_3od_x1.0\sa_seed4\e0265
266,4,258.801000,0,223.893000,0.0720,"E18,E21,E32,E42",(cache)
266,4,238.735000,0,223.893000,0.0713,"E18,E27,E42,E6",(cache)
266,4,253.864000,0,223.893000,0.0707,"E13,E18,E21,E42",(cache)
266,4,245.084000,0,223.893000,0.0701,"E21,E27,E42,E7",(cache)
266,4,269.930000,0,223.893000,0.0694,"E18,E21,E27,E33",(cache)
266,4,269.291000,0,223.893000,0.0688,"E18,E27,E42,E8",(cache)
266,4,295.321000,0,223.893000,0.0682,"E18,E21,E22,E42",(cache)
266,3,236.759000,0,223.893000,0.0676,"E21,E27,E42",(cache)
266,4,273.578000,0,223.893000,0.0670,"E18,E27,E34,E42",(cache)
266,3,236.759000,0,223.893000,0.0664,"E21,E27,E42",(cache)
266,4,243.473000,0,223.893000,0.0658,"E13,E21,E27,E42",(cache)
266,4,234.812000,0,223.893000,0.0652,"E21,E27,E3,E42",(cache)
266,4,247.213000,0,223.893000,0.0646,"E21,E27,E30,E42",(cache)
267,4,239.403000,0,223.893000,0.0640,"E12,E21,E27,E42",D:\PSPS\runs_reviewer\A_k4_3od_x1.0\sa_seed4\e0266
267,3,255.902000,0,223.893000,0.0635,"E18,E21,E42",(cache)
267,3,268.971000,0,223.893000,0.0629,"E18,E21,E27",(cache)
267,4,268.627000,0,223.893000,0.0623,"E11,E18,E27,E42",(cache)
267,4,252.155000,0,223.893000,0.0618,"E12,E18,E21,E42",(cache)
267,4,283.679000,0,223.893000,0.0612,"E18,E21,E27,E4",(cache)
267,4,265.820000,0,223.893000,0.0607,"E12,E18,E21,E27",(cache)
268,4,293.045000,0,223.893000,0.0602,"E18,E27,E42,E43",D:\PSPS\runs_reviewer\A_k4_3od_x1.0\sa_seed4\e0267
268,4,291.083000,0,223.893000,0.0596,"E18,E21,E26,E27",(cache)
268,4,237.221000,0,223.893000,0.0591,"E20,E21,E27,E42",(cache)
268,4,266.902000,0,223.893000,0.0586,"E18,E21,E27,E36",(cache)
268,4,292.057000,0,223.893000,0.0580,"E18,E21,E27,E34",(cache)
268,3,268.971000,0,223.893000,0.0575,"E18,E21,E27",(cache)
268,4,262.603000,0,223.893000,0.0570,"E18,E21,E42,E45",(cache)
269,4,249.864000,0,223.893000,0.0565,"E21,E27,E4,E42",D:\PSPS\runs_reviewer\A_k4_3od_x1.0\sa_seed4\e0268
269,4,261.974000,0,223.893000,0.0560,"E18,E21,E37,E42",(cache)
269,3,268.971000,0,223.893000,0.0555,"E18,E21,E27",(cache)
269,4,238.735000,0,223.893000,0.0550,"E18,E27,E42,E6",(cache)
270,4,262.512000,0,223.893000,0.0545,"E18,E21,E30,E42",D:\PSPS\runs_reviewer\A_k4_3od_x1.0\sa_seed4\e0269
270,4,239.403000,0,223.893000,0.0540,"E12,E21,E27,E42",(cache)
270,4,248.491000,0,223.893000,0.0535,"E1,E18,E21,E42",(cache)
270,4,255.177000,0,223.893000,0.0531,"E18,E21,E23,E42",(cache)
270,4,260.883000,0,223.893000,0.0526,"E18,E25,E27,E42",(cache)
271,4,267.950000,0,223.893000,0.0521,"E21,E22,E27,E42",D:\PSPS\runs_reviewer\A_k4_3od_x1.0\sa_seed4\e0270
272,4,272.532000,0,223.893000,0.0516,"E18,E21,E35,E42",D:\PSPS\runs_reviewer\A_k4_3od_x1.0\sa_seed4\e0271
272,4,259.328000,0,223.893000,0.0512,"E13,E18,E27,E42",(cache)
273,4,264.960000,0,223.893000,0.0507,"E18,E21,E4,E42",D:\PSPS\runs_reviewer\A_k4_3od_x1.0\sa_seed4\e0272
273,3,236.759000,0,223.893000,0.0503,"E21,E27,E42",(cache)
273,4,265.332000,0,223.893000,0.0498,"E18,E21,E42,E5",(cache)
273,3,255.902000,0,223.893000,0.0494,"E18,E21,E42",(cache)
273,4,247.256000,0,223.893000,0.0489,"E18,E20,E21,E27",(cache)
273,3,268.971000,0,223.893000,0.0485,"E18,E21,E27",(cache)
273,4,279.380000,0,223.893000,0.0481,"E11,E18,E21,E27",(cache)
273,4,269.159000,0,223.893000,0.0476,"E18,E27,E32,E42",(cache)
273,4,284.696000,0,223.893000,0.0472,"E18,E21,E29,E42",(cache)
273,4,262.528000,0,223.893000,0.0468,"E1,E18,E27,E42",(cache)
273,4,247.620000,0,223.893000,0.0464,"E18,E21,E3,E42",(cache)
273,4,251.164000,0,223.893000,0.0460,"E14,E18,E21,E42",(cache)
273,4,236.759000,0,223.893000,0.0456,"E15,E21,E27,E42",(cache)
273,3,236.759000,0,223.893000,0.0451,"E21,E27,E42",(cache)
273,3,268.971000,0,223.893000,0.0447,"E18,E21,E27",(cache)
273,4,236.759000,0,223.893000,0.0443,"E15,E21,E27,E42",(cache)
273,3,255.902000,0,223.893000,0.0439,"E18,E21,E42",(cache)
273,3,236.759000,0,223.893000,0.0436,"E21,E27,E42",(cache)
273,3,255.902000,0,223.893000,0.0432,"E18,E21,E42",(cache)
273,4,236.759000,0,223.893000,0.0428,"E15,E21,E27,E42",(cache)
273,4,251.164000,0,223.893000,0.0424,"E14,E18,E21,E42",(cache)
273,4,247.213000,0,223.893000,0.0420,"E21,E27,E30,E42",(cache)
273,3,268.971000,0,223.893000,0.0416,"E18,E21,E27",(cache)
273,4,279.380000,0,223.893000,0.0413,"E11,E18,E21,E27",(cache)
273,4,237.938000,0,223.893000,0.0409,"E14,E21,E27,E42",(cache)
273,4,264.874000,0,223.893000,0.0405,"E18,E27,E42,E5",(cache)
273,4,293.045000,0,223.893000,0.0402,"E18,E27,E31,E42",(cache)
274,4,283.921000,0,223.893000,0.0398,"E15,E18,E21,E27",D:\PSPS\runs_reviewer\A_k4_3od_x1.0\sa_seed4\e0273
275,4,277.293000,0,223.893000,0.0395,"E18,E21,E42,E7",D:\PSPS\runs_reviewer\A_k4_3od_x1.0\sa_seed4\e0274
275,4,282.382000,0,223.893000,0.0391,"E18,E21,E27,E5",(cache)
275,4,265.404000,0,223.893000,0.0388,"E18,E21,E33,E42",(cache)
275,4,247.213000,0,223.893000,0.0384,"E21,E27,E30,E42",(cache)
275,4,231.377000,0,223.893000,0.0381,"E21,E27,E33,E42",(cache)
275,4,242.479000,0,223.893000,0.0377,"E21,E27,E36,E42",(cache)
275,3,236.759000,0,223.893000,0.0374,"E21,E27,E42",(cache)
275,4,261.059000,0,223.893000,0.0371,"E18,E21,E25,E27",(cache)
276,4,260.866000,0,223.893000,0.0367,"E18,E21,E27,E37",D:\PSPS\runs_reviewer\A_k4_3od_x1.0\sa_seed4\e0275
276,4,265.332000,0,223.893000,0.0364,"E18,E21,E42,E5",(cache)
276,3,265.443000,0,223.893000,0.0361,"E18,E27,E42",(cache)
276,4,265.443000,0,223.893000,0.0358,"E18,E27,E39,E42",(cache)
276,4,260.295000,0,223.893000,0.0354,"E17,E18,E27,E42",(cache)
277,4,230.928000,0,223.893000,0.0351,"E11,E21,E27,E42",D:\PSPS\runs_reviewer\A_k4_3od_x1.0\sa_seed4\e0276
277,4,293.045000,0,223.893000,0.0348,"E18,E27,E31,E42",(cache)
278,4,293.045000,0,223.893000,0.0345,"E18,E26,E27,E42",D:\PSPS\runs_reviewer\A_k4_3od_x1.0\sa_seed4\e0277
278,3,255.902000,0,223.893000,0.0342,"E18,E21,E42",(cache)
279,4,309.621000,0,223.893000,0.0339,"E18,E21,E42,E43",D:\PSPS\runs_reviewer\A_k4_3od_x1.0\sa_seed4\e0278
279,4,223.893000,1,223.893000,0.0336,"E1,E21,E27,E42",(cache)
279,4,238.920000,0,223.893000,0.0333,"E21,E27,E39,E42",(cache)
279,3,252.498000,0,223.893000,0.0330,"E1,E21,E27",(cache)
280,4,245.408000,0,223.893000,0.0327,"E1,E21,E36,E42",D:\PSPS\runs_reviewer\A_k4_3od_x1.0\sa_seed4\e0279
281,4,224.053000,0,223.893000,0.0324,"E19,E21,E27,E42",D:\PSPS\runs_reviewer\A_k4_3od_x1.0\sa_seed4\e0280
281,3,260.376000,0,223.893000,0.0321,"E1,E27,E42",(cache)
281,4,239.403000,0,223.893000,0.0318,"E12,E21,E27,E42",(cache)
282,4,254.051000,0,223.893000,0.0315,"E1,E21,E42,E45",D:\PSPS\runs_reviewer\A_k4_3od_x1.0\sa_seed4\e0281
282,4,250.811000,0,223.893000,0.0313,"E1,E13,E27,E42",(cache)
283,4,242.268000,0,223.893000,0.0310,"E21,E25,E27,E42",D:\PSPS\runs_reviewer\A_k4_3od_x1.0\sa_seed4\e0282
283,3,260.376000,0,223.893000,0.0307,"E1,E27,E42",(cache)
283,4,238.920000,0,223.893000,0.0304,"E21,E27,E39,E42",(cache)
283,4,298.382000,0,223.893000,0.0302,"E10,E21,E27,E42",(cache)
283,4,262.528000,0,223.893000,0.0299,"E1,E18,E27,E42",(cache)
284,4,258.133000,0,223.893000,0.0296,"E1,E19,E21,E27",D:\PSPS\runs_reviewer\A_k4_3od_x1.0\sa_seed4\e0283
284,3,260.376000,0,223.893000,0.0294,"E1,E27,E42",(cache)
285,4,260.769000,0,223.893000,0.0291,"E1,E24,E27,E42",D:\PSPS\runs_reviewer\A_k4_3od_x1.0\sa_seed4\e0284
286,4,252.498000,0,223.893000,0.0288,"E1,E21,E27,E3",D:\PSPS\runs_reviewer\A_k4_3od_x1.0\sa_seed4\e0285
287,4,245.025000,0,223.893000,0.0286,"E1,E15,E21,E42",D:\PSPS\runs_reviewer\A_k4_3od_x1.0\sa_seed4\e0286
288,4,243.011000,0,223.893000,0.0283,"E1,E21,E42,E8",D:\PSPS\runs_reviewer\A_k4_3od_x1.0\sa_seed4\e0287
288,4,237.122000,0,223.893000,0.0281,"E1,E11,E21,E27",(cache)
288,4,239.656000,0,223.893000,0.0278,"E21,E27,E42,E6",(cache)
288,3,245.025000,0,223.893000,0.0276,"E1,E21,E42",(cache)
288,4,298.382000,0,223.893000,0.0273,"E10,E21,E27,E42",(cache)
288,4,224.053000,0,223.893000,0.0271,"E18,E21,E27,E42",(cache)
289,4,254.658000,0,223.893000,0.0268,"E1,E21,E27,E35",D:\PSPS\runs_reviewer\A_k4_3od_x1.0\sa_seed4\e0288
289,3,245.025000,0,223.893000,0.0266,"E1,E21,E42",(cache)
290,4,245.108000,0,223.893000,0.0264,"E1,E21,E27,E38",D:\PSPS\runs_reviewer\A_k4_3od_x1.0\sa_seed4\e0289
291,4,234.306000,0,223.893000,0.0261,"E1,E21,E41,E42",D:\PSPS\runs_reviewer\A_k4_3od_x1.0\sa_seed4\e0290
292,4,256.690000,0,223.893000,0.0259,"E1,E21,E42,E6",D:\PSPS\runs_reviewer\A_k4_3od_x1.0\sa_seed4\e0291
292,4,248.491000,0,223.893000,0.0257,"E1,E18,E21,E42",(cache)
293,4,287.706000,0,223.893000,0.0254,"E1,E21,E27,E31",D:\PSPS\runs_reviewer\A_k4_3od_x1.0\sa_seed4\e0292
294,4,230.708000,0,223.893000,0.0252,"E1,E16,E27,E42",D:\PSPS\runs_reviewer\A_k4_3od_x1.0\sa_seed4\e0293
294,3,236.759000,0,223.893000,0.0250,"E21,E27,E42",(cache)
295,4,276.836000,0,223.893000,0.0248,"E21,E27,E34,E42",D:\PSPS\runs_reviewer\A_k4_3od_x1.0\sa_seed4\e0294
295,4,232.563000,0,223.893000,0.0245,"E1,E21,E25,E27",(cache)
295,4,241.549000,0,223.893000,0.0243,"E1,E21,E33,E42",(cache)
296,4,253.547000,0,223.893000,0.0241,"E1,E21,E27,E8",D:\PSPS\runs_reviewer\A_k4_3od_x1.0\sa_seed4\e0295
296,4,245.084000,0,223.893000,0.0239,"E21,E27,E42,E7",(cache)
296,4,260.376000,0,223.893000,0.0237,"E1,E15,E27,E42",(cache)
296,4,272.252000,0,223.893000,0.0235,"E1,E21,E27,E37",(cache)
297,4,261.380000,0,223.893000,0.0233,"E1,E21,E4,E42",D:\PSPS\runs_reviewer\A_k4_3od_x1.0\sa_seed4\e0296
297,3,236.759000,0,223.893000,0.0230,"E21,E27,E42",(cache)
297,3,236.759000,0,223.893000,0.0228,"E21,E27,E42",(cache)
297,3,252.498000,0,223.893000,0.0226,"E1,E21,E27",(cache)
297,4,249.864000,0,223.893000,0.0224,"E21,E27,E4,E42",(cache)
298,4,258.133000,0,223.893000,0.0222,"E1,E18,E21,E27",D:\PSPS\runs_reviewer\A_k4_3od_x1.0\sa_seed4\e0297
299,4,266.175000,0,223.893000,0.0220,"E1,E12,E21,E27",D:\PSPS\runs_reviewer\A_k4_3od_x1.0\sa_seed4\e0298
300,4,252.498000,0,223.893000,0.0218,"E1,E15,E21,E27",D:\PSPS\runs_reviewer\A_k4_3od_x1.0\sa_seed4\e0299
300,4,283.267000,0,223.893000,0.0216,"E1,E27,E42,E7",(cache)
300,4,232.563000,0,223.893000,0.0215,"E1,E21,E25,E27",(cache)
300,4,236.482000,0,223.893000,0.0213,"E21,E27,E37,E42",(cache)
301,4,238.848000,0,223.893000,0.0211,"E1,E27,E42,E6",D:\PSPS\runs_reviewer\A_k4_3od_x1.0\sa_seed4\e0300
301,4,240.778000,0,223.893000,0.0209,"E17,E21,E27,E42",(cache)
302,4,260.376000,0,223.893000,0.0207,"E1,E27,E36,E42",D:\PSPS\runs_reviewer\A_k4_3od_x1.0\sa_seed4\e0301
302,3,252.498000,0,223.893000,0.0205,"E1,E21,E27",(cache)
302,4,247.213000,0,223.893000,0.0203,"E21,E27,E30,E42",(cache)
302,3,252.498000,0,223.893000,0.0201,"E1,E21,E27",(cache)
302,3,252.498000,0,223.893000,0.0200,"E1,E21,E27",(cache)
302,4,254.051000,0,223.893000,0.0198,"E1,E21,E42,E45",(cache)
302,3,245.025000,0,223.893000,0.0196,"E1,E21,E42",(cache)
303,4,257.027000,0,223.893000,0.0194,"E1,E11,E27,E42",D:\PSPS\runs_reviewer\A_k4_3od_x1.0\sa_seed4\e0302
304,4,284.035000,0,223.893000,0.0193,"E1,E21,E27,E29",D:\PSPS\runs_reviewer\A_k4_3od_x1.0\sa_seed4\e0303
304,4,267.935000,0,223.893000,0.0191,"E1,E10,E21,E42",(cache)
304,3,236.759000,0,223.893000,0.0189,"E21,E27,E42",(cache)
305,4,259.849000,0,223.893000,0.0188,"E1,E27,E33,E42",D:\PSPS\runs_reviewer\A_k4_3od_x1.0\sa_seed4\e0304
306,4,260.376000,0,223.893000,0.0186,"E1,E19,E27,E42",D:\PSPS\runs_reviewer\A_k4_3od_x1.0\sa_seed4\e0305
307,4,292.295000,0,223.893000,0.0184,"E1,E21,E34,E42",D:\PSPS\runs_reviewer\A_k4_3od_x1.0\sa_seed4\e0306
307,4,260.473000,0,223.893000,0.0183,"E1,E14,E27,E42",(cache)
307,3,252.498000,0,223.893000,0.0181,"E1,E21,E27",(cache)
307,4,274.807000,0,223.893000,0.0179,"E21,E26,E27,E42",(cache)
307,4,254.051000,0,223.893000,0.0178,"E1,E21,E42,E45",(cache)
308,4,262.294000,0,223.893000,0.0176,"E1,E14,E21,E27",D:\PSPS\runs_reviewer\A_k4_3od_x1.0\sa_seed4\e0307
308,4,245.291000,0,223.893000,0.0175,"E1,E21,E23,E42",(cache)
308,3,252.498000,0,223.893000,0.0173,"E1,E21,E27",(cache)
308,4,267.935000,0,223.893000,0.0171,"E1,E10,E21,E42",(cache)
309,4,239.472000,0,223.893000,0.0170,"E1,E14,E21,E42",D:\PSPS\runs_reviewer\A_k4_3od_x1.0\sa_seed4\e0308
309,4,275.575000,0,223.893000,0.0168,"E1,E21,E27,E34",(cache)
309,3,260.376000,0,223.893000,0.0167,"E1,E27,E42",(cache)
309,3,260.376000,0,223.893000,0.0165,"E1,E27,E42",(cache)
309,3,245.025000,0,223.893000,0.0164,"E1,E21,E42",(cache)
309,4,229.686000,0,223.893000,0.0162,"E21,E24,E27,E42",(cache)
309,4,256.690000,0,223.893000,0.0161,"E1,E21,E42,E6",(cache)
309,4,274.807000,0,223.893000,0.0160,"E21,E27,E42,E43",(cache)
309,4,224.053000,0,223.893000,0.0158,"E18,E21,E27,E42",(cache)
309,3,236.759000,0,223.893000,0.0157,"E21,E27,E42",(cache)
309,4,230.708000,0,223.893000,0.0155,"E1,E16,E27,E42",(cache)
309,3,236.759000,0,223.893000,0.0154,"E21,E27,E42",(cache)
310,4,260.376000,0,223.893000,0.0153,"E1,E27,E30,E42",D:\PSPS\runs_reviewer\A_k4_3od_x1.0\sa_seed4\e0309
310,4,280.503000,0,223.893000,0.0151,"E1,E21,E29,E42",(cache)
310,3,236.759000,0,223.893000,0.0150,"E21,E27,E42",(cache)
310,3,245.025000,0,223.893000,0.0149,"E1,E21,E42",(cache)
311,4,263.182000,0,223.893000,0.0147,"E1,E21,E27,E5",D:\PSPS\runs_reviewer\A_k4_3od_x1.0\sa_seed4\e0310
311,4,287.706000,0,223.893000,0.0146,"E1,E21,E27,E31",(cache)
312,4,299.062000,0,223.893000,0.0145,"E1,E27,E29,E42",D:\PSPS\runs_reviewer\A_k4_3od_x1.0\sa_seed4\e0311
312,4,275.575000,0,223.893000,0.0143,"E1,E21,E27,E34",(cache)
312,3,252.498000,0,223.893000,0.0142,"E1,E21,E27",(cache)
312,4,230.879000,0,223.893000,0.0141,"E21,E27,E38,E42",(cache)
312,4,260.376000,0,223.893000,0.0139,"E1,E19,E27,E42",(cache)
312,4,290.581000,0,223.893000,0.0138,"E1,E22,E27,E42",(cache)
312,3,245.025000,0,223.893000,0.0137,"E1,E21,E42",(cache)
313,4,253.503000,0,223.893000,0.0136,"E1,E21,E32,E42",D:\PSPS\runs_reviewer\A_k4_3od_x1.0\sa_seed4\e0312
313,3,245.025000,0,223.893000,0.0135,"E1,E21,E42",(cache)
313,4,254.658000,0,223.893000,0.0133,"E1,E21,E27,E35",(cache)
313,3,260.376000,0,223.893000,0.0132,"E1,E27,E42",(cache)
314,4,271.902000,0,223.893000,0.0131,"E1,E21,E42,E7",D:\PSPS\runs_reviewer\A_k4_3od_x1.0\sa_seed4\e0313
315,4,262.395000,0,223.893000,0.0130,"E1,E21,E24,E42",D:\PSPS\runs_reviewer\A_k4_3od_x1.0\sa_seed4\e0314
315,3,252.498000,0,223.893000,0.0129,"E1,E21,E27",(cache)
315,4,247.213000,0,223.893000,0.0128,"E21,E27,E30,E42",(cache)
315,3,252.498000,0,223.893000,0.0126,"E1,E21,E27",(cache)
315,4,239.472000,0,223.893000,0.0125,"E1,E14,E21,E42",(cache)
315,3,260.376000,0,223.893000,0.0124,"E1,E27,E42",(cache)
315,3,252.498000,0,223.893000,0.0123,"E1,E21,E27",(cache)
315,4,258.133000,0,223.893000,0.0122,"E1,E19,E21,E27",(cache)
316,4,264.199000,0,223.893000,0.0121,"E1,E13,E21,E27",D:\PSPS\runs_reviewer\A_k4_3od_x1.0\sa_seed4\e0315
316,4,238.848000,0,223.893000,0.0120,"E1,E27,E42,E6",(cache)
316,4,299.062000,0,223.893000,0.0119,"E1,E27,E29,E42",(cache)
317,4,280.910000,0,223.893000,0.0118,"E1,E21,E22,E27",D:\PSPS\runs_reviewer\A_k4_3od_x1.0\sa_seed4\e0316
317,4,298.382000,0,223.893000,0.0117,"E10,E21,E27,E42",(cache)
317,3,252.498000,0,223.893000,0.0116,"E1,E21,E27",(cache)
317,3,245.025000,0,223.893000,0.0115,"E1,E21,E42",(cache)
317,4,260.376000,0,223.893000,0.0113,"E1,E27,E30,E42",(cache)
317,3,260.376000,0,223.893000,0.0112,"E1,E27,E42",(cache)
317,3,260.376000,0,223.893000,0.0111,"E1,E27,E42",(cache)
317,4,245.084000,0,223.893000,0.0110,"E21,E27,E42,E7",(cache)
317,4,254.051000,0,223.893000,0.0109,"E1,E21,E42,E45",(cache)
317,4,254.051000,0,223.893000,0.0109,"E1,E21,E42,E45",(cache)
317,4,284.035000,0,223.893000,0.0108,"E1,E21,E27,E29",(cache)
317,4,261.523000,0,223.893000,0.0107,"E1,E12,E27,E42",(cache)
317,4,262.395000,0,223.893000,0.0106,"E1,E21,E24,E42",(cache)
317,3,236.759000,0,223.893000,0.0105,"E21,E27,E42",(cache)
317,4,242.268000,0,223.893000,0.0104,"E21,E25,E27,E42",(cache)
317,4,252.827000,0,223.893000,0.0103,"E1,E21,E26,E42",(cache)
318,4,273.886000,0,223.893000,0.0102,"E1,E21,E26,E27",D:\PSPS\runs_reviewer\A_k4_3od_x1.0\sa_seed4\e0317
318,4,267.935000,0,223.893000,0.0101,"E1,E10,E21,E42",(cache)
319,4,241.102000,0,223.893000,0.0100,"E1,E21,E37,E42",D:\PSPS\runs_reviewer\A_k4_3od_x1.0\sa_seed4\e0318
319,4,231.370000,0,223.893000,0.0099,"E21,E27,E42,E5",(cache)
319,4,260.473000,0,223.893000,0.0098,"E1,E14,E27,E42",(cache)
320,4,261.051000,0,223.893000,0.0097,"E1,E27,E42,E8",D:\PSPS\runs_reviewer\A_k4_3od_x1.0\sa_seed4\e0319
320,4,260.376000,0,223.893000,0.0097,"E1,E15,E27,E42",(cache)
320,4,234.403000,0,223.893000,0.0096,"E1,E21,E30,E42",(cache)
320,4,261.523000,0,223.893000,0.0095,"E1,E12,E27,E42",(cache)
320,4,253.503000,0,223.893000,0.0094,"E1,E21,E32,E42",(cache)
320,4,287.706000,0,223.893000,0.0093,"E1,E21,E27,E31",(cache)
320,3,252.498000,0,223.893000,0.0092,"E1,E21,E27",(cache)
320,4,275.799000,0,223.893000,0.0092,"E1,E13,E21,E42",(cache)
320,4,230.879000,0,223.893000,0.0091,"E21,E27,E38,E42",(cache)
320,4,246.557000,0,223.893000,0.0090,"E21,E27,E42,E45",(cache)
320,4,269.096000,0,223.893000,0.0089,"E1,E21,E27,E45",(cache)
320,4,293.618000,0,223.893000,0.0088,"E21,E27,E29,E42",(cache)
321,4,251.315000,0,223.893000,0.0088,"E1,E21,E25,E42",D:\PSPS\runs_reviewer\A_k4_3od_x1.0\sa_seed4\e0320
322,4,234.275000,0,223.893000,0.0087,"E21,E27,E32,E42",D:\PSPS\runs_reviewer\A_k4_3od_x1.0\sa_seed4\e0321
322,4,260.376000,0,223.893000,0.0086,"E1,E27,E36,E42",(cache)
322,4,227.561000,0,223.893000,0.0085,"E21,E27,E42,E8",(cache)
322,4,293.618000,0,223.893000,0.0084,"E21,E27,E29,E42",(cache)
322,4,299.062000,0,223.893000,0.0084,"E1,E27,E29,E42",(cache)
322,4,245.025000,0,223.893000,0.0083,"E1,E15,E21,E42",(cache)
322,4,248.491000,0,223.893000,0.0082,"E1,E18,E21,E42",(cache)
323,4,250.199000,0,223.893000,0.0081,"E1,E20,E21,E27",D:\PSPS\runs_reviewer\A_k4_3od_x1.0\sa_seed4\e0322
323,3,260.376000,0,223.893000,0.0081,"E1,E27,E42",(cache)
323,4,252.498000,0,223.893000,0.0080,"E1,E21,E27,E3",(cache)
323,4,254.051000,0,223.893000,0.0079,"E1,E21,E42,E45",(cache)
323,4,287.706000,0,223.893000,0.0079,"E1,E21,E27,E31",(cache)
323,4,238.633000,0,223.893000,0.0078,"E1,E25,E27,E42",(cache)
323,4,259.849000,0,223.893000,0.0077,"E1,E27,E33,E42",(cache)
323,3,245.025000,0,223.893000,0.0076,"E1,E21,E42",(cache)
323,4,276.836000,0,223.893000,0.0076,"E21,E27,E34,E42",(cache)
323,4,280.503000,0,223.893000,0.0075,"E1,E21,E29,E42",(cache)
323,3,252.498000,0,223.893000,0.0074,"E1,E21,E27",(cache)
323,4,230.879000,0,223.893000,0.0074,"E21,E27,E38,E42",(cache)
324,4,243.093000,0,223.893000,0.0073,"E1,E21,E3,E42",D:\PSPS\runs_reviewer\A_k4_3od_x1.0\sa_seed4\e0323
324,3,236.759000,0,223.893000,0.0072,"E21,E27,E42",(cache)
324,4,239.472000,0,223.893000,0.0072,"E1,E14,E21,E42",(cache)
324,4,254.658000,0,223.893000,0.0071,"E1,E21,E27,E35",(cache)
325,4,264.027000,0,223.893000,0.0071,"E1,E21,E31,E42",D:\PSPS\runs_reviewer\A_k4_3od_x1.0\sa_seed4\e0324
325,4,253.856000,0,223.893000,0.0070,"E1,E21,E27,E30",(cache)
325,4,250.811000,0,223.893000,0.0069,"E1,E13,E27,E42",(cache)
326,4,239.198000,0,223.893000,0.0069,"E1,E17,E27,E42",D:\PSPS\runs_reviewer\A_k4_3od_x1.0\sa_seed4\e0325
326,4,298.382000,0,223.893000,0.0068,"E10,E21,E27,E42",(cache)
327,4,260.376000,0,223.893000,0.0067,"E1,E27,E3,E42",D:\PSPS\runs_reviewer\A_k4_3od_x1.0\sa_seed4\e0326
327,4,271.902000,0,223.893000,0.0067,"E1,E21,E42,E7",(cache)
328,4,251.211000,0,223.893000,0.0066,"E1,E21,E27,E41",D:\PSPS\runs_reviewer\A_k4_3od_x1.0\sa_seed4\e0327
328,4,245.408000,0,223.893000,0.0066,"E1,E21,E36,E42",(cache)
329,4,285.162000,0,223.893000,0.0065,"E1,E21,E22,E42",D:\PSPS\runs_reviewer\A_k4_3od_x1.0\sa_seed4\e0328
329,4,298.382000,0,223.893000,0.0065,"E10,E21,E27,E42",(cache)
329,3,236.759000,0,223.893000,0.0064,"E21,E27,E42",(cache)
329,4,248.268000,0,223.893000,0.0063,"E1,E21,E24,E27",(cache)
329,4,260.376000,0,223.893000,0.0063,"E1,E27,E37,E42",(cache)
329,4,252.498000,0,223.893000,0.0062,"E1,E15,E21,E27",(cache)
329,3,236.759000,0,223.893000,0.0062,"E21,E27,E42",(cache)
329,3,236.759000,0,223.893000,0.0061,"E21,E27,E42",(cache)
329,4,239.198000,0,223.893000,0.0061,"E1,E17,E27,E42",(cache)
329,3,252.498000,0,223.893000,0.0060,"E1,E21,E27",(cache)
330,4,257.824000,0,223.893000,0.0060,"E1,E21,E27,E39",D:\PSPS\runs_reviewer\A_k4_3od_x1.0\sa_seed4\e0329
330,4,238.848000,0,223.893000,0.0059,"E1,E27,E42,E6",(cache)
330,4,260.376000,0,223.893000,0.0058,"E1,E27,E30,E42",(cache)
330,3,260.376000,0,223.893000,0.0058,"E1,E27,E42",(cache)
330,4,261.051000,0,223.893000,0.0057,"E1,E27,E42,E8",(cache)
330,4,308.439000,0,223.893000,0.0057,"E1,E20,E27,E42",(cache)
330,3,260.376000,0,223.893000,0.0056,"E1,E27,E42",(cache)
330,4,229.686000,0,223.893000,0.0056,"E21,E24,E27,E42",(cache)
330,4,276.836000,0,223.893000,0.0055,"E21,E27,E34,E42",(cache)
330,4,260.376000,0,223.893000,0.0055,"E1,E27,E36,E42",(cache)
330,3,245.025000,0,223.893000,0.0054,"E1,E21,E42",(cache)
330,4,234.306000,0,223.893000,0.0054,"E1,E21,E41,E42",(cache)
330,4,236.482000,0,223.893000,0.0053,"E21,E27,E37,E42",(cache)
331,4,248.491000,0,223.893000,0.0053,"E1,E19,E21,E42",D:\PSPS\runs_reviewer\A_k4_3od_x1.0\sa_seed4\e0330
331,4,293.618000,0,223.893000,0.0052,"E21,E27,E29,E42",(cache)
331,3,245.025000,0,223.893000,0.0052,"E1,E21,E42",(cache)
332,4,256.587000,0,223.893000,0.0052,"E1,E21,E27,E4",D:\PSPS\runs_reviewer\A_k4_3od_x1.0\sa_seed4\e0331
332,3,252.498000,0,223.893000,0.0051,"E1,E21,E27",(cache)
332,4,271.902000,0,223.893000,0.0051,"E1,E21,E42,E7",(cache)
332,4,264.199000,0,223.893000,0.0050,"E1,E13,E21,E27",(cache)
332,4,267.935000,0,223.893000,0.0050,"E1,E10,E21,E42",(cache)
333,4,286.067000,0,223.893000,0.0049,"E1,E21,E27,E43",D:\PSPS\runs_reviewer\A_k4_3od_x1.0\sa_seed4\e0332
333,4,264.199000,0,223.893000,0.0049,"E1,E13,E21,E27",(cache)
333,4,238.920000,0,223.893000,0.0048,"E21,E27,E39,E42",(cache)
333,3,236.759000,0,223.893000,0.0048,"E21,E27,E42",(cache)
333,4,285.162000,0,223.893000,0.0048,"E1,E21,E22,E42",(cache)
333,4,256.690000,0,223.893000,0.0047,"E1,E21,E42,E6",(cache)
333,3,236.759000,0,223.893000,0.0047,"E21,E27,E42",(cache)
334,4,251.365000,0,223.893000,0.0046,"E1,E17,E21,E27",D:\PSPS\runs_reviewer\A_k4_3od_x1.0\sa_seed4\e0333
334,4,239.656000,0,223.893000,0.0046,"E21,E27,E42,E6",(cache)
334,4,256.587000,0,223.893000,0.0045,"E1,E21,E27,E4",(cache)
334,4,243.832000,0,223.893000,0.0045,"E21,E23,E27,E42",(cache)
334,4,236.482000,0,223.893000,0.0045,"E21,E27,E37,E42",(cache)
334,3,236.759000,0,223.893000,0.0044,"E21,E27,E42",(cache)
335,4,255.049000,0,223.893000,0.0044,"E1,E27,E39,E42",D:\PSPS\runs_reviewer\A_k4_3od_x1.0\sa_seed4\e0334
335,4,241.102000,0,223.893000,0.0043,"E1,E23,E27,E42",(cache)
335,4,241.879000,0,223.893000,0.0043,"E1,E16,E21,E42",(cache)
335,4,227.561000,0,223.893000,0.0043,"E21,E27,E42,E8",(cache)
335,4,234.403000,0,223.893000,0.0042,"E1,E21,E30,E42",(cache)
335,3,236.759000,0,223.893000,0.0042,"E21,E27,E42",(cache)
335,4,247.213000,0,223.893000,0.0042,"E21,E27,E30,E42",(cache)
336,4,264.098000,0,223.893000,0.0041,"E1,E21,E27,E36",D:\PSPS\runs_reviewer\A_k4_3od_x1.0\sa_seed4\e0335
336,4,290.581000,0,223.893000,0.0041,"E1,E22,E27,E42",(cache)
336,4,283.267000,0,223.893000,0.0040,"E1,E27,E42,E7",(cache)
336,4,243.093000,0,223.893000,0.0040,"E1,E21,E3,E42",(cache)
336,3,245.025000,0,223.893000,0.0040,"E1,E21,E42",(cache)
337,4,238.210000,0,223.893000,0.0039,"E1,E21,E39,E42",D:\PSPS\runs_reviewer\A_k4_3od_x1.0\sa_seed4\e0336
338,4,229.631000,0,223.893000,0.0039,"E16,E21,E27,E42",D:\PSPS\runs_reviewer\A_k4_3od_x1.0\sa_seed4\e0337
338,4,267.950000,0,223.893000,0.0039,"E21,E22,E27,E42",(cache)
338,4,237.122000,0,223.893000,0.0038,"E1,E11,E21,E27",(cache)
338,4,238.848000,0,223.893000,0.0038,"E1,E27,E42,E6",(cache)
338,3,236.759000,0,223.893000,0.0038,"E21,E27,E42",(cache)
338,4,274.807000,0,223.893000,0.0037,"E21,E26,E27,E42",(cache)
338,4,246.557000,0,223.893000,0.0037,"E21,E27,E42,E45",(cache)
338,4,236.482000,0,223.893000,0.0037,"E21,E27,E37,E42",(cache)
339,4,251.729000,0,223.893000,0.0036,"E1,E27,E41,E42",D:\PSPS\runs_reviewer\A_k4_3od_x1.0\sa_seed4\e0338
339,3,245.025000,0,223.893000,0.0036,"E1,E21,E42",(cache)
339,3,260.376000,0,223.893000,0.0036,"E1,E27,E42",(cache)
339,3,236.759000,0,223.893000,0.0035,"E21,E27,E42",(cache)
339,3,236.759000,0,223.893000,0.0035,"E21,E27,E42",(cache)
340,4,245.284000,0,223.893000,0.0035,"E1,E16,E21,E27",D:\PSPS\runs_reviewer\A_k4_3od_x1.0\sa_seed4\e0339
340,3,260.376000,0,223.893000,0.0034,"E1,E27,E42",(cache)
340,3,245.025000,0,223.893000,0.0034,"E1,E21,E42",(cache)
340,4,230.928000,0,223.893000,0.0034,"E11,E21,E27,E42",(cache)
340,3,236.759000,0,223.893000,0.0034,"E21,E27,E42",(cache)
340,4,234.275000,0,223.893000,0.0033,"E21,E27,E32,E42",(cache)
340,4,249.864000,0,223.893000,0.0033,"E21,E27,E4,E42",(cache)
340,4,249.864000,0,223.893000,0.0033,"E21,E27,E4,E42",(cache)
340,4,251.211000,0,223.893000,0.0032,"E1,E21,E27,E41",(cache)
340,4,258.133000,0,223.893000,0.0032,"E1,E19,E21,E27",(cache)
341,4,231.076000,0,223.893000,0.0032,"E21,E27,E41,E42",D:\PSPS\runs_reviewer\A_k4_3od_x1.0\sa_seed4\e0340
341,4,234.403000,0,223.893000,0.0031,"E1,E21,E30,E42",(cache)
341,3,236.759000,0,223.893000,0.0031,"E21,E27,E42",(cache)
341,3,236.759000,0,223.893000,0.0031,"E21,E27,E42",(cache)
341,3,260.376000,0,223.893000,0.0031,"E1,E27,E42",(cache)
341,3,245.025000,0,223.893000,0.0030,"E1,E21,E42",(cache)
342,4,249.032000,0,223.893000,0.0030,"E1,E21,E38,E42",D:\PSPS\runs_reviewer\A_k4_3od_x1.0\sa_seed4\e0341
342,4,237.122000,0,223.893000,0.0030,"E1,E11,E21,E27",(cache)
342,4,258.133000,0,223.893000,0.0030,"E1,E19,E21,E27",(cache)
343,4,262.231000,0,223.893000,0.0029,"E1,E21,E42,E43",D:\PSPS\runs_reviewer\A_k4_3od_x1.0\sa_seed4\e0342
343,4,253.547000,0,223.893000,0.0029,"E1,E21,E27,E8",(cache)
343,4,234.812000,0,223.893000,0.0029,"E21,E27,E3,E42",(cache)
343,4,284.035000,0,223.893000,0.0029,"E1,E21,E27,E29",(cache)
343,4,293.618000,0,223.893000,0.0028,"E21,E27,E29,E42",(cache)
343,4,247.213000,0,223.893000,0.0028,"E21,E27,E30,E42",(cache)
343,4,239.472000,0,223.893000,0.0028,"E1,E14,E21,E42",(cache)
343,4,248.268000,0,223.893000,0.0028,"E1,E21,E24,E27",(cache)
343,4,237.221000,0,223.893000,0.0027,"E20,E21,E27,E42",(cache)
344,4,253.207000,0,223.893000,0.0027,"E1,E12,E21,E42",D:\PSPS\runs_reviewer\A_k4_3od_x1.0\sa_seed4\e0343
344,4,286.067000,0,223.893000,0.0027,"E1,E21,E27,E43",(cache)
344,3,260.376000,0,223.893000,0.0027,"E1,E27,E42",(cache)
345,4,251.829000,0,223.893000,0.0026,"E1,E27,E32,E42",D:\PSPS\runs_reviewer\A_k4_3od_x1.0\sa_seed4\e0344
345,4,251.729000,0,223.893000,0.0026,"E1,E27,E41,E42",(cache)
345,4,248.491000,0,223.893000,0.0026,"E1,E19,E21,E42",(cache)
345,3,236.759000,0,223.893000,0.0026,"E21,E27,E42",(cache)
345,4,227.561000,0,223.893000,0.0025,"E21,E27,E42,E8",(cache)
345,4,229.686000,0,223.893000,0.0025,"E21,E24,E27,E42",(cache)
345,4,262.231000,0,223.893000,0.0025,"E1,E21,E42,E43",(cache)
345,4,266.175000,0,223.893000,0.0025,"E1,E12,E21,E27",(cache)
346,4,244.768000,0,223.893000,0.0024,"E1,E11,E21,E42",D:\PSPS\runs_reviewer\A_k4_3od_x1.0\sa_seed4\e0345
346,4,245.025000,0,223.893000,0.0024,"E1,E15,E21,E42",(cache)
346,4,250.199000,0,223.893000,0.0024,"E1,E20,E21,E27",(cache)
346,4,267.950000,0,223.893000,0.0024,"E21,E22,E27,E42",(cache)
346,4,229.686000,0,223.893000,0.0024,"E21,E24,E27,E42",(cache)
346,4,245.025000,0,223.893000,0.0023,"E1,E15,E21,E42",(cache)
346,4,261.380000,0,223.893000,0.0023,"E1,E21,E4,E42",(cache)
347,4,295.293000,0,223.893000,0.0023,"E1,E27,E42,E43",D:\PSPS\runs_reviewer\A_k4_3od_x1.0\sa_seed4\e0346
347,3,245.025000,0,223.893000,0.0023,"E1,E21,E42",(cache)
347,4,242.479000,0,223.893000,0.0023,"E21,E27,E36,E42",(cache)
347,3,245.025000,0,223.893000,0.0022,"E1,E21,E42",(cache)
348,4,273.986000,0,223.893000,0.0022,"E1,E27,E42,E5",D:\PSPS\runs_reviewer\A_k4_3od_x1.0\sa_seed4\e0347
348,4,286.067000,0,223.893000,0.0022,"E1,E21,E27,E43",(cache)
348,4,260.376000,0,223.893000,0.0022,"E1,E27,E30,E42",(cache)
348,4,245.108000,0,223.893000,0.0022,"E1,E21,E27,E38",(cache)
348,4,274.807000,0,223.893000,0.0021,"E21,E26,E27,E42",(cache)
348,4,245.291000,0,223.893000,0.0021,"E1,E21,E23,E42",(cache)
348,4,264.098000,0,223.893000,0.0021,"E1,E21,E27,E36",(cache)
348,4,236.482000,0,223.893000,0.0021,"E21,E27,E37,E42",(cache)
348,4,229.631000,0,223.893000,0.0021,"E16,E21,E27,E42",(cache)
348,4,276.702000,0,223.893000,0.0020,"E21,E27,E31,E42",(cache)
348,3,260.376000,0,223.893000,0.0020,"E1,E27,E42",(cache)
348,4,299.062000,0,223.893000,0.0020,"E1,E27,E29,E42",(cache)
348,4,241.102000,0,223.893000,0.0020,"E1,E21,E37,E42",(cache)
348,3,245.025000,0,223.893000,0.0020,"E1,E21,E42",(cache)
348,4,248.491000,0,223.893000,0.0020,"E1,E18,E21,E42",(cache)
348,4,239.198000,0,223.893000,0.0019,"E1,E17,E27,E42",(cache)
348,3,260.376000,0,223.893000,0.0019,"E1,E27,E42",(cache)
348,4,231.377000,0,223.893000,0.0019,"E21,E27,E33,E42",(cache)
348,3,236.759000,0,223.893000,0.0019,"E21,E27,E42",(cache)
348,3,245.025000,0,223.893000,0.0019,"E1,E21,E42",(cache)
348,4,256.587000,0,223.893000,0.0019,"E1,E21,E27,E4",(cache)
348,3,236.759000,0,223.893000,0.0018,"E21,E27,E42",(cache)
348,4,260.376000,0,223.893000,0.0018,"E1,E19,E27,E42",(cache)
348,3,236.759000,0,223.893000,0.0018,"E21,E27,E42",(cache)
348,4,253.207000,0,223.893000,0.0018,"E1,E12,E21,E42",(cache)
348,4,260.376000,0,223.893000,0.0018,"E1,E27,E37,E42",(cache)
348,3,245.025000,0,223.893000,0.0018,"E1,E21,E42",(cache)
348,3,245.025000,0,223.893000,0.0017,"E1,E21,E42",(cache)
348,4,241.879000,0,223.893000,0.0017,"E1,E16,E21,E42",(cache)
348,3,245.025000,0,223.893000,0.0017,"E1,E21,E42",(cache)
348,4,280.503000,0,223.893000,0.0017,"E1,E21,E29,E42",(cache)
348,3,252.498000,0,223.893000,0.0017,"E1,E21,E27",(cache)
348,4,272.252000,0,223.893000,0.0017,"E1,E21,E27,E37",(cache)
349,4,262.665000,0,223.893000,0.0017,"E1,E21,E27,E33",D:\PSPS\runs_reviewer\A_k4_3od_x1.0\sa_seed4\e0348
349,4,245.284000,0,223.893000,0.0016,"E1,E16,E21,E27",(cache)
349,4,260.376000,0,223.893000,0.0016,"E1,E27,E3,E42",(cache)
349,3,260.376000,0,223.893000,0.0016,"E1,E27,E42",(cache)
349,4,232.563000,0,223.893000,0.0016,"E1,E21,E25,E27",(cache)
349,4,255.049000,0,223.893000,0.0016,"E1,E27,E39,E42",(cache)
349,4,286.067000,0,223.893000,0.0016,"E1,E21,E27,E43",(cache)
349,3,252.498000,0,223.893000,0.0016,"E1,E21,E27",(cache)
349,4,237.122000,0,223.893000,0.0015,"E1,E11,E21,E27",(cache)
349,4,258.133000,0,223.893000,0.0015,"E1,E18,E21,E27",(cache)
349,3,245.025000,0,223.893000,0.0015,"E1,E21,E42",(cache)
349,4,256.373000,0,223.893000,0.0015,"E1,E17,E21,E42",(cache)
349,3,245.025000,0,223.893000,0.0015,"E1,E21,E42",(cache)
349,3,260.376000,0,223.893000,0.0015,"E1,E27,E42",(cache)
349,3,252.498000,0,223.893000,0.0015,"E1,E21,E27",(cache)
349,4,231.377000,0,223.893000,0.0014,"E21,E27,E33,E42",(cache)
349,4,256.690000,0,223.893000,0.0014,"E1,E21,E42,E6",(cache)
349,4,264.027000,0,223.893000,0.0014,"E1,E21,E31,E42",(cache)
349,4,238.633000,0,223.893000,0.0014,"E1,E25,E27,E42",(cache)
349,3,260.376000,0,223.893000,0.0014,"E1,E27,E42",(cache)
349,4,261.523000,0,223.893000,0.0014,"E1,E12,E27,E42",(cache)
349,4,262.528000,0,223.893000,0.0014,"E1,E18,E27,E42",(cache)
349,4,243.473000,0,223.893000,0.0014,"E13,E21,E27,E42",(cache)
349,4,238.920000,0,223.893000,0.0013,"E21,E27,E39,E42",(cache)
349,4,242.268000,0,223.893000,0.0013,"E21,E25,E27,E42",(cache)
349,4,239.403000,0,223.893000,0.0013,"E12,E21,E27,E42",(cache)
349,3,260.376000,0,223.893000,0.0013,"E1,E27,E42",(cache)
349,4,260.376000,0,223.893000,0.0013,"E1,E19,E27,E42",(cache)
350,4,295.293000,0,223.893000,0.0013,"E1,E26,E27,E42",D:\PSPS\runs_reviewer\A_k4_3od_x1.0\sa_seed4\e0349
350,4,264.098000,0,223.893000,0.0013,"E1,E21,E27,E36",(cache)
350,3,236.759000,0,223.893000,0.0013,"E21,E27,E42",(cache)
350,4,252.498000,0,223.893000,0.0013,"E1,E21,E27,E3",(cache)
351,4,256.666000,0,223.893000,0.0012,"E1,E27,E34,E42",D:\PSPS\runs_reviewer\A_k4_3od_x1.0\sa_seed4\e0350
351,4,238.210000,0,223.893000,0.0012,"E1,E21,E39,E42",(cache)
351,4,262.528000,0,223.893000,0.0012,"E1,E18,E27,E42",(cache)
351,4,255.049000,0,223.893000,0.0012,"E1,E27,E39,E42",(cache)
351,3,245.025000,0,223.893000,0.0012,"E1,E21,E42",(cache)
351,4,246.557000,0,223.893000,0.0012,"E21,E27,E42,E45",(cache)
351,4,264.027000,0,223.893000,0.0012,"E1,E21,E31,E42",(cache)
351,4,253.207000,0,223.893000,0.0012,"E1,E12,E21,E42",(cache)
351,3,252.498000,0,223.893000,0.0012,"E1,E21,E27",(cache)
351,4,250.811000,0,223.893000,0.0011,"E1,E13,E27,E42",(cache)
351,4,241.102000,0,223.893000,0.0011,"E1,E23,E27,E42",(cache)
351,4,239.198000,0,223.893000,0.0011,"E1,E17,E27,E42",(cache)
351,3,260.376000,0,223.893000,0.0011,"E1,E27,E42",(cache)
352,4,261.841000,0,223.893000,0.0011,"E1,E21,E35,E42",D:\PSPS\runs_reviewer\A_k4_3od_x1.0\sa_seed4\e0351
352,4,245.025000,0,223.893000,0.0011,"E1,E15,E21,E42",(cache)
352,4,234.812000,0,223.893000,0.0011,"E21,E27,E3,E42",(cache)
352,4,285.162000,0,223.893000,0.0011,"E1,E21,E22,E42",(cache)
352,4,280.910000,0,223.893000,0.0011,"E1,E21,E22,E27",(cache)
352,4,262.231000,0,223.893000,0.0011,"E1,E21,E42,E43",(cache)
352,4,275.575000,0,223.893000,0.0010,"E1,E21,E27,E34",(cache)
352,4,245.025000,0,223.893000,0.0010,"E1,E15,E21,E42",(cache)
352,3,236.759000,0,223.893000,0.0010,"E21,E27,E42",(cache)
352,4,261.841000,0,223.893000,0.0010,"E1,E21,E35,E42",(cache)
352,4,249.864000,0,223.893000,0.0010,"E21,E27,E4,E42",(cache)
352,3,236.759000,0,223.893000,0.0010,"E21,E27,E42",(cache)
352,4,253.856000,0,223.893000,0.0010,"E1,E21,E27,E30",(cache)
352,3,245.025000,0,223.893000,0.0010,"E1,E21,E42",(cache)
352,4,276.702000,0,223.893000,0.0010,"E21,E27,E31,E42",(cache)
352,4,264.098000,0,223.893000,0.0010,"E1,E21,E27,E36",(cache)
352,4,251.829000,0,223.893000,0.0010,"E1,E27,E32,E42",(cache)
352,4,232.563000,0,223.893000,0.0009,"E1,E21,E25,E27",(cache)
352,4,274.807000,0,223.893000,0.0009,"E21,E27,E42,E43",(cache)
352,4,253.856000,0,223.893000,0.0009,"E1,E21,E27,E30",(cache)
352,4,293.618000,0,223.893000,0.0009,"E21,E27,E29,E42",(cache)
352,3,252.498000,0,223.893000,0.0009,"E1,E21,E27",(cache)
352,4,252.827000,0,223.893000,0.0009,"E1,E21,E26,E42",(cache)
352,4,241.102000,0,223.893000,0.0009,"E1,E23,E27,E42",(cache)
352,4,241.102000,0,223.893000,0.0009,"E1,E21,E37,E42",(cache)
352,4,251.729000,0,223.893000,0.0009,"E1,E27,E41,E42",(cache)
352,3,236.759000,0,223.893000,0.0009,"E21,E27,E42",(cache)
352,4,245.284000,0,223.893000,0.0009,"E1,E16,E21,E27",(cache)
352,4,238.210000,0,223.893000,0.0009,"E1,E21,E39,E42",(cache)
352,3,236.759000,0,223.893000,0.0009,"E21,E27,E42",(cache)
352,3,252.498000,0,223.893000,0.0008,"E1,E21,E27",(cache)
352,4,248.491000,0,223.893000,0.0008,"E1,E19,E21,E42",(cache)
352,4,266.538000,0,223.893000,0.0008,"E1,E21,E27,E7",(cache)
352,4,263.182000,0,223.893000,0.0008,"E1,E21,E27,E5",(cache)
352,4,295.293000,0,223.893000,0.0008,"E1,E27,E42,E43",(cache)
352,4,256.666000,0,223.893000,0.0008,"E1,E27,E34,E42",(cache)
352,4,251.315000,0,223.893000,0.0008,"E1,E21,E25,E42",(cache)
352,4,246.557000,0,223.893000,0.0008,"E21,E27,E42,E45",(cache)
352,3,236.759000,0,223.893000,0.0008,"E21,E27,E42",(cache)
352,4,254.565000,0,223.893000,0.0008,"E1,E20,E21,E42",(cache)
352,4,264.358000,0,223.893000,0.0008,"E1,E10,E21,E27",(cache)
352,4,262.528000,0,223.893000,0.0008,"E1,E18,E27,E42",(cache)
353,4,420.260000,0,223.893000,0.0008,"E1,E10,E27,E42",D:\PSPS\runs_reviewer\A_k4_3od_x1.0\sa_seed4\e0352
353,3,260.376000,0,223.893000,0.0008,"E1,E27,E42",(cache)
353,3,252.498000,0,223.893000,0.0007,"E1,E21,E27",(cache)
353,4,283.267000,0,223.893000,0.0007,"E1,E27,E42,E7",(cache)
353,4,257.824000,0,223.893000,0.0007,"E1,E21,E27,E39",(cache)
353,4,224.053000,0,223.893000,0.0007,"E19,E21,E27,E42",(cache)
353,4,238.210000,0,223.893000,0.0007,"E1,E21,E39,E42",(cache)
353,4,251.211000,0,223.893000,0.0007,"E1,E21,E27,E41",(cache)
353,4,241.879000,0,223.893000,0.0007,"E1,E16,E21,E42",(cache)
353,3,236.759000,0,223.893000,0.0007,"E21,E27,E42",(cache)
353,4,260.376000,0,223.893000,0.0007,"E1,E27,E3,E42",(cache)
353,3,260.376000,0,223.893000,0.0007,"E1,E27,E42",(cache)
353,4,259.849000,0,223.893000,0.0007,"E1,E27,E33,E42",(cache)
353,4,236.482000,0,223.893000,0.0007,"E21,E27,E37,E42",(cache)
354,4,259.408000,0,223.893000,0.0007,"E1,E21,E27,E32",D:\PSPS\runs_reviewer\A_k4_3od_x1.0\sa_seed4\e0353
354,3,252.498000,0,223.893000,0.0007,"E1,E21,E27",(cache)
354,4,247.213000,0,223.893000,0.0007,"E21,E27,E30,E42",(cache)
354,4,229.686000,0,223.893000,0.0006,"E21,E24,E27,E42",(cache)
354,3,245.025000,0,223.893000,0.0006,"E1,E21,E42",(cache)
354,3,245.025000,0,223.893000,0.0006,"E1,E21,E42",(cache)
354,4,239.403000,0,223.893000,0.0006,"E12,E21,E27,E42",(cache)
354,4,269.096000,0,223.893000,0.0006,"E1,E21,E27,E45",(cache)
354,3,252.498000,0,223.893000,0.0006,"E1,E21,E27",(cache)
354,4,259.408000,0,223.893000,0.0006,"E1,E21,E27,E32",(cache)
354,3,245.025000,0,223.893000,0.0006,"E1,E21,E42",(cache)
354,4,239.198000,0,223.893000,0.0006,"E1,E17,E27,E42",(cache)
354,4,245.291000,0,223.893000,0.0006,"E1,E21,E23,E42",(cache)
354,4,227.561000,0,223.893000,0.0006,"E21,E27,E42,E8",(cache)
354,4,286.067000,0,223.893000,0.0006,"E1,E21,E27,E43",(cache)
354,4,276.702000,0,223.893000,0.0006,"E21,E27,E31,E42",(cache)
354,4,230.708000,0,223.893000,0.0006,"E1,E16,E27,E42",(cache)
354,4,246.557000,0,223.893000,0.0006,"E21,E27,E42,E45",(cache)
354,3,245.025000,0,223.893000,0.0006,"E1,E21,E42",(cache)
354,4,256.373000,0,223.893000,0.0006,"E1,E17,E21,E42",(cache)
354,4,245.108000,0,223.893000,0.0006,"E1,E21,E27,E38",(cache)
354,3,260.376000,0,223.893000,0.0006,"E1,E27,E42",(cache)
354,4,245.408000,0,223.893000,0.0005,"E1,E21,E36,E42",(cache)
354,4,252.403000,0,223.893000,0.0005,"E1,E21,E27,E6",(cache)
354,4,280.503000,0,223.893000,0.0005,"E1,E21,E29,E42",(cache)
354,3,236.759000,0,223.893000,0.0005,"E21,E27,E42",(cache)
354,3,245.025000,0,223.893000,0.0005,"E1,E21,E42",(cache)
354,4,264.027000,0,223.893000,0.0005,"E1,E21,E31,E42",(cache)
354,4,241.102000,0,223.893000,0.0005,"E1,E23,E27,E42",(cache)
354,4,253.503000,0,223.893000,0.0005,"E1,E21,E32,E42",(cache)
354,4,269.096000,0,223.893000,0.0005,"E1,E21,E27,E45",(cache)
354,3,260.376000,0,223.893000,0.0005,"E1,E27,E42",(cache)
354,4,248.268000,0,223.893000,0.0005,"E1,E21,E24,E27",(cache)
354,3,260.376000,0,223.893000,0.0005,"E1,E27,E42",(cache)
354,4,227.561000,0,223.893000,0.0005,"E21,E27,E42,E8",(cache)
354,3,252.498000,0,223.893000,0.0005,"E1,E21,E27",(cache)
354,4,244.768000,0,223.893000,0.0005,"E1,E11,E21,E42",(cache)
354,3,245.025000,0,223.893000,0.0005,"E1,E21,E42",(cache)
354,4,230.708000,0,223.893000,0.0005,"E1,E16,E27,E42",(cache)
354,3,245.025000,0,223.893000,0.0005,"E1,E21,E42",(cache)
354,4,264.358000,0,223.893000,0.0005,"E1,E10,E21,E27",(cache)
354,4,243.093000,0,223.893000,0.0005,"E1,E21,E3,E42",(cache)
354,4,251.829000,0,223.893000,0.0005,"E1,E27,E32,E42",(cache)
354,4,245.408000,0,223.893000,0.0005,"E1,E21,E36,E42",(cache)
354,3,260.376000,0,223.893000,0.0004,"E1,E27,E42",(cache)
354,4,232.563000,0,223.893000,0.0004,"E1,E21,E25,E27",(cache)
354,4,283.267000,0,223.893000,0.0004,"E1,E27,E42,E7",(cache)
354,3,252.498000,0,223.893000,0.0004,"E1,E21,E27",(cache)
354,4,275.575000,0,223.893000,0.0004,"E1,E21,E27,E34",(cache)
354,4,241.102000,0,223.893000,0.0004,"E1,E21,E37,E42",(cache)
354,4,262.231000,0,223.893000,0.0004,"E1,E21,E42,E43",(cache)
354,4,260.376000,0,223.893000,0.0004,"E1,E15,E27,E42",(cache)
354,3,252.498000,0,223.893000,0.0004,"E1,E21,E27",(cache)
354,4,224.053000,0,223.893000,0.0004,"E19,E21,E27,E42",(cache)
354,3,260.376000,0,223.893000,0.0004,"E1,E27,E42",(cache)
354,4,261.380000,0,223.893000,0.0004,"E1,E21,E4,E42",(cache)
354,4,252.403000,0,223.893000,0.0004,"E1,E21,E27,E6",(cache)
354,4,241.549000,0,223.893000,0.0004,"E1,E21,E33,E42",(cache)
354,4,275.799000,0,223.893000,0.0004,"E1,E13,E21,E42",(cache)
354,4,230.928000,0,223.893000,0.0004,"E11,E21,E27,E42",(cache)
354,4,224.053000,0,223.893000,0.0004,"E19,E21,E27,E42",(cache)
354,3,236.759000,0,223.893000,0.0004,"E21,E27,E42",(cache)
354,3,260.376000,0,223.893000,0.0004,"E1,E27,E42",(cache)
354,4,242.479000,0,223.893000,0.0004,"E21,E27,E36,E42",(cache)
354,4,248.268000,0,223.893000,0.0004,"E1,E21,E24,E27",(cache)
354,4,234.812000,0,223.893000,0.0004,"E21,E27,E3,E42",(cache)
354,3,252.498000,0,223.893000,0.0004,"E1,E21,E27",(cache)
354,4,257.824000,0,223.893000,0.0004,"E1,E21,E27,E39",(cache)
354,3,245.025000,0,223.893000,0.0004,"E1,E21,E42",(cache)
354,4,229.631000,0,223.893000,0.0004,"E16,E21,E27,E42",(cache)
354,4,224.053000,0,223.893000,0.0004,"E19,E21,E27,E42",(cache)
354,4,264.027000,0,223.893000,0.0004,"E1,E21,E31,E42",(cache)
354,4,254.565000,0,223.893000,0.0004,"E1,E20,E21,E42",(cache)
354,4,237.122000,0,223.893000,0.0003,"E1,E11,E21,E27",(cache)
354,3,252.498000,0,223.893000,0.0003,"E1,E21,E27",(cache)
354,4,276.836000,0,223.893000,0.0003,"E21,E27,E34,E42",(cache)
354,4,241.549000,0,223.893000,0.0003,"E1,E21,E33,E42",(cache)
354,3,245.025000,0,223.893000,0.0003,"E1,E21,E42",(cache)
354,4,260.473000,0,223.893000,0.0003,"E1,E14,E27,E42",(cache)
354,4,254.051000,0,223.893000,0.0003,"E1,E21,E42,E45",(cache)
354,4,253.503000,0,223.893000,0.0003,"E1,E21,E32,E42",(cache)
354,3,245.025000,0,223.893000,0.0003,"E1,E21,E42",(cache)
354,4,259.849000,0,223.893000,0.0003,"E1,E27,E33,E42",(cache)
354,4,273.886000,0,223.893000,0.0003,"E1,E21,E26,E27",(cache)
354,4,273.986000,0,223.893000,0.0003,"E1,E27,E42,E5",(cache)
354,4,229.631000,0,223.893000,0.0003,"E16,E21,E27,E42",(cache)
354,3,245.025000,0,223.893000,0.0003,"E1,E21,E42",(cache)
354,4,267.950000,0,223.893000,0.0003,"E21,E22,E27,E42",(cache)
354,3,252.498000,0,223.893000,0.0003,"E1,E21,E27",(cache)
354,4,275.575000,0,223.893000,0.0003,"E1,E21,E27,E34",(cache)
354,4,252.498000,0,223.893000,0.0003,"E1,E15,E21,E27",(cache)
354,4,250.811000,0,223.893000,0.0003,"E1,E13,E27,E42",(cache)
354,4,295.293000,0,223.893000,0.0003,"E1,E27,E42,E43",(cache)
354,4,298.382000,0,223.893000,0.0003,"E10,E21,E27,E42",(cache)
354,3,236.759000,0,223.893000,0.0003,"E21,E27,E42",(cache)
354,4,241.549000,0,223.893000,0.0003,"E1,E21,E33,E42",(cache)
355,4,244.083000,0,223.893000,0.0003,"E1,E21,E23,E27",D:\PSPS\runs_reviewer\A_k4_3od_x1.0\sa_seed4\e0354
355,4,238.633000,0,223.893000,0.0003,"E1,E25,E27,E42",(cache)
355,3,260.376000,0,223.893000,0.0003,"E1,E27,E42",(cache)
355,4,236.759000,0,223.893000,0.0003,"E15,E21,E27,E42",(cache)
355,4,261.523000,0,223.893000,0.0003,"E1,E12,E27,E42",(cache)
355,4,243.093000,0,223.893000,0.0003,"E1,E21,E3,E42",(cache)
355,4,260.376000,0,223.893000,0.0003,"E1,E15,E27,E42",(cache)
355,3,252.498000,0,223.893000,0.0003,"E1,E21,E27",(cache)
355,4,295.293000,0,223.893000,0.0003,"E1,E26,E27,E42",(cache)
355,4,238.210000,0,223.893000,0.0003,"E1,E21,E39,E42",(cache)
355,3,252.498000,0,223.893000,0.0003,"E1,E21,E27",(cache)
355,4,239.472000,0,223.893000,0.0003,"E1,E14,E21,E42",(cache)
355,4,224.053000,0,223.893000,0.0003,"E19,E21,E27,E42",(cache)
355,4,251.315000,0,223.893000,0.0003,"E1,E21,E25,E42",(cache)
355,3,245.025000,0,223.893000,0.0002,"E1,E21,E42",(cache)
355,3,252.498000,0,223.893000,0.0002,"E1,E21,E27",(cache)
355,4,250.199000,0,223.893000,0.0002,"E1,E20,E21,E27",(cache)
355,4,237.122000,0,223.893000,0.0002,"E1,E11,E21,E27",(cache)
355,3,245.025000,0,223.893000,0.0002,"E1,E21,E42",(cache)
355,4,286.067000,0,223.893000,0.0002,"E1,E21,E27,E43",(cache)
355,4,253.503000,0,223.893000,0.0002,"E1,E21,E32,E42",(cache)
355,4,275.799000,0,223.893000,0.0002,"E1,E13,E21,E42",(cache)
356,4,264.926000,0,223.893000,0.0002,"E1,E27,E38,E42",D:\PSPS\runs_reviewer\A_k4_3od_x1.0\sa_seed4\e0355
356,4,262.528000,0,223.893000,0.0002,"E1,E18,E27,E42",(cache)
356,4,230.928000,0,223.893000,0.0002,"E11,E21,E27,E42",(cache)
356,3,252.498000,0,223.893000,0.0002,"E1,E21,E27",(cache)
356,4,283.267000,0,223.893000,0.0002,"E1,E27,E42,E7",(cache)
356,3,252.498000,0,223.893000,0.0002,"E1,E21,E27",(cache)
356,4,234.306000,0,223.893000,0.0002,"E1,E21,E41,E42",(cache)
356,4,254.565000,0,223.893000,0.0002,"E1,E20,E21,E42",(cache)
356,3,245.025000,0,223.893000,0.0002,"E1,E21,E42",(cache)
356,3,260.376000,0,223.893000,0.0002,"E1,E27,E42",(cache)
356,4,243.473000,0,223.893000,0.0002,"E13,E21,E27,E42",(cache)
356,3,236.759000,0,223.893000,0.0002,"E21,E27,E42",(cache)
356,3,236.759000,0,223.893000,0.0002,"E21,E27,E42",(cache)
356,4,287.706000,0,223.893000,0.0002,"E1,E21,E27,E31",(cache)
356,4,254.051000,0,223.893000,0.0002,"E1,E21,E42,E45",(cache)
356,4,266.538000,0,223.893000,0.0002,"E1,E21,E27,E7",(cache)
356,4,267.950000,0,223.893000,0.0002,"E21,E22,E27,E42",(cache)
356,4,262.294000,0,223.893000,0.0002,"E1,E14,E21,E27",(cache)
356,4,290.581000,0,223.893000,0.0002,"E1,E22,E27,E42",(cache)
356,4,253.856000,0,223.893000,0.0002,"E1,E21,E27,E30",(cache)
356,4,266.175000,0,223.893000,0.0002,"E1,E12,E21,E27",(cache)
356,3,236.759000,0,223.893000,0.0002,"E21,E27,E42",(cache)
356,4,252.498000,0,223.893000,0.0002,"E1,E15,E21,E27",(cache)
356,3,245.025000,0,223.893000,0.0002,"E1,E21,E42",(cache)
356,4,256.690000,0,223.893000,0.0002,"E1,E21,E42,E6",(cache)
356,4,257.027000,0,223.893000,0.0002,"E1,E11,E27,E42",(cache)
356,4,231.076000,0,223.893000,0.0002,"E21,E27,E41,E42",(cache)
356,4,245.108000,0,223.893000,0.0002,"E1,E21,E27,E38",(cache)
356,4,251.829000,0,223.893000,0.0002,"E1,E27,E32,E42",(cache)
356,4,239.198000,0,223.893000,0.0002,"E1,E17,E27,E42",(cache)
356,4,308.439000,0,223.893000,0.0002,"E1,E20,E27,E42",(cache)
356,4,230.708000,0,223.893000,0.0002,"E1,E16,E27,E42",(cache)
356,3,245.025000,0,223.893000,0.0002,"E1,E21,E42",(cache)
356,4,258.133000,0,223.893000,0.0002,"E1,E18,E21,E27",(cache)
356,4,286.067000,0,223.893000,0.0002,"E1,E21,E27,E43",(cache)
356,4,224.053000,0,223.893000,0.0002,"E19,E21,E27,E42",(cache)
356,4,248.491000,0,223.893000,0.0002,"E1,E19,E21,E42",(cache)
356,4,256.585000,0,223.893000,0.0002,"E1,E27,E4,E42",(cache)
356,4,263.182000,0,223.893000,0.0002,"E1,E21,E27,E5",(cache)
356,4,261.380000,0,223.893000,0.0002,"E1,E21,E4,E42",(cache)
356,4,234.275000,0,223.893000,0.0002,"E21,E27,E32,E42",(cache)
356,4,251.729000,0,223.893000,0.0002,"E1,E27,E41,E42",(cache)
356,4,286.067000,0,223.893000,0.0002,"E1,E21,E27,E43",(cache)
356,3,245.025000,0,223.893000,0.0002,"E1,E21,E42",(cache)
356,4,257.027000,0,223.893000,0.0002,"E1,E11,E27,E42",(cache)
356,4,257.824000,0,223.893000,0.0002,"E1,E21,E27,E39",(cache)
356,4,227.561000,0,223.893000,0.0002,"E21,E27,E42,E8",(cache)
356,4,241.102000,0,223.893000,0.0002,"E1,E21,E37,E42",(cache)
356,4,286.067000,0,223.893000,0.0002,"E1,E21,E27,E43",(cache)
356,4,251.315000,0,223.893000,0.0001,"E1,E21,E25,E42",(cache)
356,4,249.864000,0,223.893000,0.0001,"E21,E27,E4,E42",(cache)
357,4,295.293000,0,223.893000,0.0001,"E1,E27,E31,E42",D:\PSPS\runs_reviewer\A_k4_3od_x1.0\sa_seed4\e0356
357,4,273.886000,0,223.893000,0.0001,"E1,E21,E26,E27",(cache)
357,4,253.207000,0,223.893000,0.0001,"E1,E12,E21,E42",(cache)
357,3,236.759000,0,223.893000,0.0001,"E21,E27,E42",(cache)
357,3,245.025000,0,223.893000,0.0001,"E1,E21,E42",(cache)
357,4,224.053000,0,223.893000,0.0001,"E19,E21,E27,E42",(cache)
357,4,260.769000,0,223.893000,0.0001,"E1,E24,E27,E42",(cache)
357,4,261.051000,0,223.893000,0.0001,"E1,E27,E42,E8",(cache)
357,3,236.759000,0,223.893000,0.0001,"E21,E27,E42",(cache)
357,4,260.769000,0,223.893000,0.0001,"E1,E24,E27,E42",(cache)
357,4,244.083000,0,223.893000,0.0001,"E1,E21,E23,E27",(cache)
357,4,245.025000,0,223.893000,0.0001,"E1,E15,E21,E42",(cache)
357,4,264.358000,0,223.893000,0.0001,"E1,E10,E21,E27",(cache)
357,4,262.294000,0,223.893000,0.0001,"E1,E14,E21,E27",(cache)
357,4,230.879000,0,223.893000,0.0001,"E21,E27,E38,E42",(cache)
357,3,260.376000,0,223.893000,0.0001,"E1,E27,E42",(cache)
357,4,274.807000,0,223.893000,0.0001,"E21,E27,E42,E43",(cache)
357,4,238.920000,0,223.893000,0.0001,"E21,E27,E39,E42",(cache)
357,3,260.376000,0,223.893000,0.0001,"E1,E27,E42",(cache)
357,4,254.565000,0,223.893000,0.0001,"E1,E20,E21,E42",(cache)
357,3,245.025000,0,223.893000,0.0001,"E1,E21,E42",(cache)
357,4,261.841000,0,223.893000,0.0001,"E1,E21,E35,E42",(cache)
357,4,255.049000,0,223.893000,0.0001,"E1,E27,E39,E42",(cache)
357,3,236.759000,0,223.893000,0.0001,"E21,E27,E42",(cache)
357,3,252.498000,0,223.893000,0.0001,"E1,E21,E27",(cache)
357,4,253.503000,0,223.893000,0.0001,"E1,E21,E32,E42",(cache)
357,4,261.841000,0,223.893000,0.0001,"E1,E21,E35,E42",(cache)
357,3,260.376000,0,223.893000,0.0001,"E1,E27,E42",(cache)
357,4,245.025000,0,223.893000,0.0001,"E1,E15,E21,E42",(cache)
357,4,266.538000,0,223.893000,0.0001,"E1,E21,E27,E7",(cache)
357,4,259.849000,0,223.893000,0.0001,"E1,E27,E33,E42",(cache)
357,4,274.807000,0,223.893000,0.0001,"E21,E27,E42,E43",(cache)
357,4,247.213000,0,223.893000,0.0001,"E21,E27,E30,E42",(cache)
357,3,252.498000,0,223.893000,0.0001,"E1,E21,E27",(cache)
357,4,262.294000,0,223.893000,0.0001,"E1,E14,E21,E27",(cache)
357,4,248.491000,0,223.893000,0.0001,"E1,E19,E21,E42",(cache)
357,4,251.211000,0,223.893000,0.0001,"E1,E21,E27,E41",(cache)
357,4,420.260000,0,223.893000,0.0001,"E1,E10,E27,E42",(cache)
357,3,245.025000,0,223.893000,0.0001,"E1,E21,E42",(cache)
357,4,224.053000,0,223.893000,0.0001,"E19,E21,E27,E42",(cache)
357,3,245.025000,0,223.893000,0.0001,"E1,E21,E42",(cache)
357,4,248.491000,0,223.893000,0.0001,"E1,E19,E21,E42",(cache)
357,4,239.656000,0,223.893000,0.0001,"E21,E27,E42,E6",(cache)
357,4,241.102000,0,223.893000,0.0001,"E1,E21,E37,E42",(cache)
357,4,259.408000,0,223.893000,0.0001,"E1,E21,E27,E32",(cache)
357,4,275.799000,0,223.893000,0.0001,"E1,E13,E21,E42",(cache)
357,3,260.376000,0,223.893000,0.0001,"E1,E27,E42",(cache)
357,4,251.365000,0,223.893000,0.0001,"E1,E17,E21,E27",(cache)
357,4,239.198000,0,223.893000,0.0001,"E1,E17,E27,E42",(cache)
357,4,261.380000,0,223.893000,0.0001,"E1,E21,E4,E42",(cache)
357,4,262.294000,0,223.893000,0.0001,"E1,E14,E21,E27",(cache)
357,3,252.498000,0,223.893000,0.0001,"E1,E21,E27",(cache)
357,3,260.376000,0,223.893000,0.0001,"E1,E27,E42",(cache)
357,4,245.284000,0,223.893000,0.0001,"E1,E16,E21,E27",(cache)
357,4,252.827000,0,223.893000,0.0001,"E1,E21,E26,E42",(cache)
357,4,308.439000,0,223.893000,0.0001,"E1,E20,E27,E42",(cache)
357,4,260.376000,0,223.893000,0.0001,"E1,E15,E27,E42",(cache)
357,3,252.498000,0,223.893000,0.0001,"E1,E21,E27",(cache)
357,3,245.025000,0,223.893000,0.0001,"E1,E21,E42",(cache)
357,4,266.175000,0,223.893000,0.0001,"E1,E12,E21,E27",(cache)
357,4,252.403000,0,223.893000,0.0001,"E1,E21,E27,E6",(cache)
357,4,286.067000,0,223.893000,0.0001,"E1,E21,E27,E43",(cache)
357,3,236.759000,0,223.893000,0.0001,"E21,E27,E42",(cache)
357,4,293.618000,0,223.893000,0.0001,"E21,E27,E29,E42",(cache)
357,4,276.702000,0,223.893000,0.0001,"E21,E27,E31,E42",(cache)
357,3,260.376000,0,223.893000,0.0001,"E1,E27,E42",(cache)
357,3,245.025000,0,223.893000,0.0001,"E1,E21,E42",(cache)
357,4,240.778000,0,223.893000,0.0001,"E17,E21,E27,E42",(cache)
357,3,252.498000,0,223.893000,0.0001,"E1,E21,E27",(cache)
357,4,260.376000,0,223.893000,0.0001,"E1,E27,E37,E42",(cache)
357,3,236.759000,0,223.893000,0.0001,"E21,E27,E42",(cache)
357,4,254.658000,0,223.893000,0.0001,"E1,E21,E27,E35",(cache)
357,4,276.836000,0,223.893000,0.0001,"E21,E27,E34,E42",(cache)
357,4,255.049000,0,223.893000,0.0001,"E1,E27,E39,E42",(cache)
357,4,245.408000,0,223.893000,0.0001,"E1,E21,E36,E42",(cache)
357,4,251.365000,0,223.893000,0.0001,"E1,E17,E21,E27",(cache)
357,3,236.759000,0,223.893000,0.0001,"E21,E27,E42",(cache)
357,3,252.498000,0,223.893000,0.0001,"E1,E21,E27",(cache)
357,4,264.358000,0,223.893000,0.0001,"E1,E10,E21,E27",(cache)
357,4,271.902000,0,223.893000,0.0001,"E1,E21,E42,E7",(cache)
357,4,240.778000,0,223.893000,0.0001,"E17,E21,E27,E42",(cache)
357,3,260.376000,0,223.893000,0.0001,"E1,E27,E42",(cache)
357,3,260.376000,0,223.893000,0.0001,"E1,E27,E42",(cache)
357,4,234.403000,0,223.893000,0.0001,"E1,E21,E30,E42",(cache)
357,4,256.587000,0,223.893000,0.0001,"E1,E21,E27,E4",(cache)
357,4,275.575000,0,223.893000,0.0001,"E1,E21,E27,E34",(cache)
357,4,274.807000,0,223.893000,0.0001,"E21,E27,E42,E43",(cache)
357,4,253.503000,0,223.893000,0.0001,"E1,E21,E32,E42",(cache)
357,4,245.408000,0,223.893000,0.0001,"E1,E21,E36,E42",(cache)
357,4,261.523000,0,223.893000,0.0001,"E1,E12,E27,E42",(cache)
357,3,236.759000,0,223.893000,0.0001,"E21,E27,E42",(cache)
357,3,245.025000,0,223.893000,0.0001,"E1,E21,E42",(cache)
357,4,248.491000,0,223.893000,0.0001,"E1,E19,E21,E42",(cache)
357,4,242.479000,0,223.893000,0.0001,"E21,E27,E36,E42",(cache)
357,4,252.498000,0,223.893000,0.0001,"E1,E21,E27,E3",(cache)
357,4,238.920000,0,223.893000,0.0001,"E21,E27,E39,E42",(cache)
357,4,245.408000,0,223.893000,0.0001,"E1,E21,E36,E42",(cache)
357,4,293.618000,0,223.893000,0.0001,"E21,E27,E29,E42",(cache)
357,4,276.836000,0,223.893000,0.0001,"E21,E27,E34,E42",(cache)
357,4,234.403000,0,223.893000,0.0001,"E1,E21,E30,E42",(cache)
357,4,231.370000,0,223.893000,0.0001,"E21,E27,E42,E5",(cache)
357,4,251.879000,0,223.893000,0.0001,"E21,E27,E35,E42",(cache)
357,4,261.051000,0,223.893000,0.0001,"E1,E27,E42,E8",(cache)
357,3,252.498000,0,223.893000,0.0001,"E1,E21,E27",(cache)
357,4,260.473000,0,223.893000,0.0001,"E1,E14,E27,E42",(cache)
357,4,264.199000,0,223.893000,0.0001,"E1,E13,E21,E27",(cache)
357,3,252.498000,0,223.893000,0.0001,"E1,E21,E27",(cache)
357,4,264.027000,0,223.893000,0.0001,"E1,E21,E31,E42",(cache)
357,3,245.025000,0,223.893000,0.0001,"E1,E21,E42",(cache)
357,3,245.025000,0,223.893000,0.0001,"E1,E21,E42",(cache)
357,3,245.025000,0,223.893000,0.0001,"E1,E21,E42",(cache)
357,4,234.812000,0,223.893000,0.0001,"E21,E27,E3,E42",(cache)
357,4,420.260000,0,223.893000,0.0001,"E1,E10,E27,E42",(cache)
357,3,236.759000,0,223.893000,0.0001,"E21,E27,E42",(cache)
357,4,262.528000,0,223.893000,0.0001,"E1,E18,E27,E42",(cache)
357,4,269.096000,0,223.893000,0.0001,"E1,E21,E27,E45",(cache)
357,4,290.581000,0,223.893000,0.0001,"E1,E22,E27,E42",(cache)
357,3,245.025000,0,223.893000,0.0001,"E1,E21,E42",(cache)
357,4,234.812000,0,223.893000,0.0001,"E21,E27,E3,E42",(cache)
357,4,274.807000,0,223.893000,0.0001,"E21,E27,E42,E43",(cache)
357,4,276.836000,0,223.893000,0.0001,"E21,E27,E34,E42",(cache)
357,4,234.812000,0,223.893000,0.0000,"E21,E27,E3,E42",(cache)
357,4,280.503000,0,223.893000,0.0000,"E1,E21,E29,E42",(cache)
357,4,262.231000,0,223.893000,0.0000,"E1,E21,E42,E43",(cache)
357,4,257.027000,0,223.893000,0.0000,"E1,E11,E27,E42",(cache)
357,4,231.370000,0,223.893000,0.0000,"E21,E27,E42,E5",(cache)
357,4,269.096000,0,223.893000,0.0000,"E1,E21,E27,E45",(cache)
357,4,261.051000,0,223.893000,0.0000,"E1,E27,E42,E8",(cache)
357,3,252.498000,0,223.893000,0.0000,"E1,E21,E27",(cache)
357,4,263.182000,0,223.893000,0.0000,"E1,E21,E27,E5",(cache)
357,4,258.133000,0,223.893000,0.0000,"E1,E18,E21,E27",(cache)
357,4,256.373000,0,223.893000,0.0000,"E1,E17,E21,E42",(cache)
357,4,254.051000,0,223.893000,0.0000,"E1,E21,E42,E45",(cache)
357,4,269.096000,0,223.893000,0.0000,"E1,E21,E27,E45",(cache)
357,3,236.759000,0,223.893000,0.0000,"E21,E27,E42",(cache)
357,3,245.025000,0,223.893000,0.0000,"E1,E21,E42",(cache)
357,3,260.376000,0,223.893000,0.0000,"E1,E27,E42",(cache)
357,4,245.291000,0,223.893000,0.0000,"E1,E21,E23,E42",(cache)
357,3,245.025000,0,223.893000,0.0000,"E1,E21,E42",(cache)
357,3,245.025000,0,223.893000,0.0000,"E1,E21,E42",(cache)
357,3,245.025000,0,223.893000,0.0000,"E1,E21,E42",(cache)
357,4,259.408000,0,223.893000,0.0000,"E1,E21,E27,E32",(cache)
357,4,256.585000,0,223.893000,0.0000,"E1,E27,E4,E42",(cache)
357,4,256.587000,0,223.893000,0.0000,"E1,E21,E27,E4",(cache)
357,4,264.199000,0,223.893000,0.0000,"E1,E13,E21,E27",(cache)
357,4,274.807000,0,223.893000,0.0000,"E21,E26,E27,E42",(cache)
357,4,230.879000,0,223.893000,0.0000,"E21,E27,E38,E42",(cache)
357,3,252.498000,0,223.893000,0.0000,"E1,E21,E27",(cache)
357,4,284.035000,0,223.893000,0.0000,"E1,E21,E27,E29",(cache)
357,3,245.025000,0,223.893000,0.0000,"E1,E21,E42",(cache)
357,4,237.221000,0,223.893000,0.0000,"E20,E21,E27,E42",(cache)
357,4,264.027000,0,223.893000,0.0000,"E1,E21,E31,E42",(cache)
357,4,243.473000,0,223.893000,0.0000,"E13,E21,E27,E42",(cache)
358,4,245.216000,0,223.893000,0.0000,"E1,E27,E42,E45",D:\PSPS\runs_reviewer\A_k4_3od_x1.0\sa_seed4\e0357
358,3,245.025000,0,223.893000,0.0000,"E1,E21,E42",(cache)
358,4,246.557000,0,223.893000,0.0000,"E21,E27,E42,E45",(cache)
358,3,236.759000,0,223.893000,0.0000,"E21,E27,E42",(cache)
358,3,252.498000,0,223.893000,0.0000,"E1,E21,E27",(cache)
358,4,262.294000,0,223.893000,0.0000,"E1,E14,E21,E27",(cache)
358,4,243.473000,0,223.893000,0.0000,"E13,E21,E27,E42",(cache)
358,3,252.498000,0,223.893000,0.0000,"E1,E21,E27",(cache)
358,4,273.986000,0,223.893000,0.0000,"E1,E27,E42,E5",(cache)
358,4,262.395000,0,223.893000,0.0000,"E1,E21,E24,E42",(cache)
358,3,252.498000,0,223.893000,0.0000,"E1,E21,E27",(cache)
358,4,251.729000,0,223.893000,0.0000,"E1,E27,E41,E42",(cache)
358,4,243.011000,0,223.893000,0.0000,"E1,E21,E42,E8",(cache)
358,4,256.690000,0,223.893000,0.0000,"E1,E21,E42,E6",(cache)
358,3,236.759000,0,223.893000,0.0000,"E21,E27,E42",(cache)
358,3,236.759000,0,223.893000,0.0000,"E21,E27,E42",(cache)
358,4,244.083000,0,223.893000,0.0000,"E1,E21,E23,E27",(cache)
358,4,260.376000,0,223.893000,0.0000,"E1,E27,E36,E42",(cache)
358,3,252.498000,0,223.893000,0.0000,"E1,E21,E27",(cache)
358,4,253.856000,0,223.893000,0.0000,"E1,E21,E27,E30",(cache)
358,3,245.025000,0,223.893000,0.0000,"E1,E21,E42",(cache)
358,4,261.523000,0,223.893000,0.0000,"E1,E12,E27,E42",(cache)
358,4,252.498000,0,223.893000,0.0000,"E1,E15,E21,E27",(cache)
358,4,239.403000,0,223.893000,0.0000,"E12,E21,E27,E42",(cache)
358,4,274.807000,0,223.893000,0.0000,"E21,E27,E42,E43",(cache)
358,4,247.213000,0,223.893000,0.0000,"E21,E27,E30,E42",(cache)
358,4,256.585000,0,223.893000,0.0000,"E1,E27,E4,E42",(cache)
358,4,292.295000,0,223.893000,0.0000,"E1,E21,E34,E42",(cache)
358,4,245.408000,0,223.893000,0.0000,"E1,E21,E36,E42",(cache)
358,4,276.702000,0,223.893000,0.0000,"E21,E27,E31,E42",(cache)
358,4,249.864000,0,223.893000,0.0000,"E21,E27,E4,E42",(cache)
358,4,261.523000,0,223.893000,0.0000,"E1,E12,E27,E42",(cache)
358,3,245.025000,0,223.893000,0.0000,"E1,E21,E42",(cache)
358,4,267.935000,0,223.893000,0.0000,"E1,E10,E21,E42",(cache)
358,3,245.025000,0,223.893000,0.0000,"E1,E21,E42",(cache)
358,4,266.538000,0,223.893000,0.0000,"E1,E21,E27,E7",(cache)
358,3,252.498000,0,223.893000,0.0000,"E1,E21,E27",(cache)
358,4,245.084000,0,223.893000,0.0000,"E21,E27,E42,E7",(cache)
358,3,260.376000,0,223.893000,0.0000,"E1,E27,E42",(cache)
358,4,262.665000,0,223.893000,0.0000,"E1,E21,E27,E33",(cache)
358,4,263.182000,0,223.893000,0.0000,"E1,E21,E27,E5",(cache)
358,3,245.025000,0,223.893000,0.0000,"E1,E21,E42",(cache)
358,4,252.403000,0,223.893000,0.0000,"E1,E21,E27,E6",(cache)
358,4,266.538000,0,223.893000,0.0000,"E1,E21,E27,E7",(cache)
358,3,245.025000,0,223.893000,0.0000,"E1,E21,E42",(cache)
358,4,243.093000,0,223.893000,0.0000,"E1,E21,E3,E42",(cache)
358,4,250.199000,0,223.893000,0.0000,"E1,E20,E21,E27",(cache)
358,3,260.376000,0,223.893000,0.0000,"E1,E27,E42",(cache)
358,4,236.759000,0,223.893000,0.0000,"E15,E21,E27,E42",(cache)
358,4,251.211000,0,223.893000,0.0000,"E1,E21,E27,E41",(cache)
358,4,261.380000,0,223.893000,0.0000,"E1,E21,E4,E42",(cache)
358,4,262.231000,0,223.893000,0.0000,"E1,E21,E42,E43",(cache)
358,4,231.377000,0,223.893000,0.0000,"E21,E27,E33,E42",(cache)
358,4,230.708000,0,223.893000,0.0000,"E1,E16,E27,E42",(cache)
358,4,261.523000,0,223.893000,0.0000,"E1,E12,E27,E42",(cache)
358,4,262.665000,0,223.893000,0.0000,"E1,E21,E27,E33",(cache)
358,4,264.027000,0,223.893000,0.0000,"E1,E21,E31,E42",(cache)
358,4,273.986000,0,223.893000,0.0000,"E1,E27,E42,E5",(cache)
358,4,269.096000,0,223.893000,0.0000,"E1,E21,E27,E45",(cache)
358,4,244.083000,0,223.893000,0.0000,"E1,E21,E23,E27",(cache)
358,4,240.778000,0,223.893000,0.0000,"E17,E21,E27,E42",(cache)
358,4,251.879000,0,223.893000,0.0000,"E21,E27,E35,E42",(cache)
358,4,244.083000,0,223.893000,0.0000,"E1,E21,E23,E27",(cache)
358,3,260.376000,0,223.893000,0.0000,"E1,E27,E42",(cache)
358,3,245.025000,0,223.893000,0.0000,"E1,E21,E42",(cache)
358,3,245.025000,0,223.893000,0.0000,"E1,E21,E42",(cache)
358,4,264.027000,0,223.893000,0.0000,"E1,E21,E31,E42",(cache)
358,3,245.025000,0,223.893000,0.0000,"E1,E21,E42",(cache)
358,4,234.306000,0,223.893000,0.0000,"E1,E21,E41,E42",(cache)
358,4,239.403000,0,223.893000,0.0000,"E12,E21,E27,E42",(cache)
358,4,237.938000,0,223.893000,0.0000,"E14,E21,E27,E42",(cache)
358,4,286.067000,0,223.893000,0.0000,"E1,E21,E27,E43",(cache)
358,3,236.759000,0,223.893000,0.0000,"E21,E27,E42",(cache)
358,3,252.498000,0,223.893000,0.0000,"E1,E21,E27",(cache)
358,4,262.528000,0,223.893000,0.0000,"E1,E18,E27,E42",(cache)
358,4,241.549000,0,223.893000,0.0000,"E1,E21,E33,E42",(cache)
358,4,253.856000,0,223.893000,0.0000,"E1,E21,E27,E30",(cache)
358,4,258.133000,0,223.893000,0.0000,"E1,E18,E21,E27",(cache)
358,4,292.295000,0,223.893000,0.0000,"E1,E21,E34,E42",(cache)
358,4,261.841000,0,223.893000,0.0000,"E1,E21,E35,E42",(cache)
358,4,283.267000,0,223.893000,0.0000,"E1,E27,E42,E7",(cache)
358,3,252.498000,0,223.893000,0.0000,"E1,E21,E27",(cache)
358,4,252.498000,0,223.893000,0.0000,"E1,E21,E27,E3",(cache)
358,4,262.528000,0,223.893000,0.0000,"E1,E18,E27,E42",(cache)
358,4,293.618000,0,223.893000,0.0000,"E21,E27,E29,E42",(cache)
358,3,236.759000,0,223.893000,0.0000,"E21,E27,E42",(cache)
358,4,308.439000,0,223.893000,0.0000,"E1,E20,E27,E42",(cache)
358,3,245.025000,0,223.893000,0.0000,"E1,E21,E42",(cache)
358,4,253.503000,0,223.893000,0.0000,"E1,E21,E32,E42",(cache)
358,4,251.211000,0,223.893000,0.0000,"E1,E21,E27,E41",(cache)
358,4,234.812000,0,223.893000,0.0000,"E21,E27,E3,E42",(cache)
358,4,234.403000,0,223.893000,0.0000,"E1,E21,E30,E42",(cache)
358,4,255.049000,0,223.893000,0.0000,"E1,E27,E39,E42",(cache)
358,3,236.759000,0,223.893000,0.0000,"E21,E27,E42",(cache)
358,4,292.295000,0,223.893000,0.0000,"E1,E21,E34,E42",(cache)
358,4,229.631000,0,223.893000,0.0000,"E16,E21,E27,E42",(cache)
358,3,260.376000,0,223.893000,0.0000,"E1,E27,E42",(cache)
358,4,248.268000,0,223.893000,0.0000,"E1,E21,E24,E27",(cache)
358,4,241.879000,0,223.893000,0.0000,"E1,E16,E21,E42",(cache)
358,4,229.686000,0,223.893000,0.0000,"E21,E24,E27,E42",(cache)
358,4,238.633000,0,223.893000,0.0000,"E1,E25,E27,E42",(cache)
358,4,290.581000,0,223.893000,0.0000,"E1,E22,E27,E42",(cache)
358,4,254.658000,0,223.893000,0.0000,"E1,E21,E27,E35",(cache)
358,3,236.759000,0,223.893000,0.0000,"E21,E27,E42",(cache)
358,4,253.856000,0,223.893000,0.0000,"E1,E21,E27,E30",(cache)
358,3,236.759000,0,223.893000,0.0000,"E21,E27,E42",(cache)
358,3,245.025000,0,223.893000,0.0000,"E1,E21,E42",(cache)
358,4,237.122000,0,223.893000,0.0000,"E1,E11,E21,E27",(cache)
358,4,249.032000,0,223.893000,0.0000,"E1,E21,E38,E42",(cache)
358,4,295.293000,0,223.893000,0.0000,"E1,E26,E27,E42",(cache)
358,3,245.025000,0,223.893000,0.0000,"E1,E21,E42",(cache)
358,3,236.759000,0,223.893000,0.0000,"E21,E27,E42",(cache)
358,4,227.561000,0,223.893000,0.0000,"E21,E27,E42,E8",(cache)
358,4,227.561000,0,223.893000,0.0000,"E21,E27,E42,E8",(cache)
358,4,249.032000,0,223.893000,0.0000,"E1,E21,E38,E42",(cache)
358,4,236.482000,0,223.893000,0.0000,"E21,E27,E37,E42",(cache)
358,4,231.377000,0,223.893000,0.0000,"E21,E27,E33,E42",(cache)
358,4,274.807000,0,223.893000,0.0000,"E21,E26,E27,E42",(cache)
358,4,241.879000,0,223.893000,0.0000,"E1,E16,E21,E42",(cache)
358,4,251.729000,0,223.893000,0.0000,"E1,E27,E41,E42",(cache)
358,4,269.096000,0,223.893000,0.0000,"E1,E21,E27,E45",(cache)
358,3,260.376000,0,223.893000,0.0000,"E1,E27,E42",(cache)
358,4,264.027000,0,223.893000,0.0000,"E1,E21,E31,E42",(cache)
358,4,256.373000,0,223.893000,0.0000,"E1,E17,E21,E42",(cache)
358,4,237.122000,0,223.893000,0.0000,"E1,E11,E21,E27",(cache)
358,4,237.938000,0,223.893000,0.0000,"E14,E21,E27,E42",(cache)
358,4,234.275000,0,223.893000,0.0000,"E21,E27,E32,E42",(cache)
358,3,252.498000,0,223.893000,0.0000,"E1,E21,E27",(cache)
358,4,262.528000,0,223.893000,0.0000,"E1,E18,E27,E42",(cache)
358,4,230.708000,0,223.893000,0.0000,"E1,E16,E27,E42",(cache)
358,4,251.829000,0,223.893000,0.0000,"E1,E27,E32,E42",(cache)
358,4,290.581000,0,223.893000,0.0000,"E1,E22,E27,E42",(cache)
358,3,236.759000,0,223.893000,0.0000,"E21,E27,E42",(cache)
358,3,252.498000,0,223.893000,0.0000,"E1,E21,E27",(cache)
358,4,260.376000,0,223.893000,0.0000,"E1,E27,E3,E42",(cache)
358,4,253.547000,0,223.893000,0.0000,"E1,E21,E27,E8",(cache)
358,4,262.528000,0,223.893000,0.0000,"E1,E18,E27,E42",(cache)
358,4,234.275000,0,223.893000,0.0000,"E21,E27,E32,E42",(cache)
358,4,261.380000,0,223.893000,0.0000,"E1,E21,E4,E42",(cache)
358,4,258.133000,0,223.893000,0.0000,"E1,E18,E21,E27",(cache)
358,4,256.585000,0,223.893000,0.0000,"E1,E27,E4,E42",(cache)
358,4,272.252000,0,223.893000,0.0000,"E1,E21,E27,E37",(cache)
358,4,283.267000,0,223.893000,0.0000,"E1,E27,E42,E7",(cache)
358,4,283.267000,0,223.893000,0.0000,"E1,E27,E42,E7",(cache)
358,4,253.503000,0,223.893000,0.0000,"E1,E21,E32,E42",(cache)
358,4,264.199000,0,223.893000,0.0000,"E1,E13,E21,E27",(cache)
358,4,260.376000,0,223.893000,0.0000,"E1,E27,E3,E42",(cache)
358,3,252.498000,0,223.893000,0.0000,"E1,E21,E27",(cache)
358,4,264.926000,0,223.893000,0.0000,"E1,E27,E38,E42",(cache)
358,4,248.491000,0,223.893000,0.0000,"E1,E19,E21,E42",(cache)
358,4,245.108000,0,223.893000,0.0000,"E1,E21,E27,E38",(cache)
358,4,264.098000,0,223.893000,0.0000,"E1,E21,E27,E36",(cache)
358,4,272.252000,0,223.893000,0.0000,"E1,E21,E27,E37",(cache)
358,4,295.293000,0,223.893000,0.0000,"E1,E27,E42,E43",(cache)
358,4,298.382000,0,223.893000,0.0000,"E10,E21,E27,E42",(cache)
358,4,266.175000,0,223.893000,0.0000,"E1,E12,E21,E27",(cache)
358,4,271.902000,0,223.893000,0.0000,"E1,E21,E42,E7",(cache)
358,3,245.025000,0,223.893000,0.0000,"E1,E21,E42",(cache)
358,3,236.759000,0,223.893000,0.0000,"E21,E27,E42",(cache)
358,4,273.986000,0,223.893000,0.0000,"E1,E27,E42,E5",(cache)
358,3,260.376000,0,223.893000,0.0000,"E1,E27,E42",(cache)
358,4,256.587000,0,223.893000,0.0000,"E1,E21,E27,E4",(cache)
358,4,295.293000,0,223.893000,0.0000,"E1,E26,E27,E42",(cache)
358,4,264.098000,0,223.893000,0.0000,"E1,E21,E27,E36",(cache)
358,4,261.380000,0,223.893000,0.0000,"E1,E21,E4,E42",(cache)
358,4,264.358000,0,223.893000,0.0000,"E1,E10,E21,E27",(cache)
358,4,251.315000,0,223.893000,0.0000,"E1,E21,E25,E42",(cache)
358,4,257.027000,0,223.893000,0.0000,"E1,E11,E27,E42",(cache)
358,4,274.807000,0,223.893000,0.0000,"E21,E26,E27,E42",(cache)
358,4,234.403000,0,223.893000,0.0000,"E1,E21,E30,E42",(cache)
358,4,239.403000,0,223.893000,0.0000,"E12,E21,E27,E42",(cache)
358,4,245.408000,0,223.893000,0.0000,"E1,E21,E36,E42",(cache)
358,3,252.498000,0,223.893000,0.0000,"E1,E21,E27",(cache)
358,4,256.690000,0,223.893000,0.0000,"E1,E21,E42,E6",(cache)
358,3,236.759000,0,223.893000,0.0000,"E21,E27,E42",(cache)
358,4,276.702000,0,223.893000,0.0000,"E21,E27,E31,E42",(cache)
358,4,260.376000,0,223.893000,0.0000,"E1,E27,E36,E42",(cache)
358,4,241.549000,0,223.893000,0.0000,"E1,E21,E33,E42",(cache)
358,4,293.618000,0,223.893000,0.0000,"E21,E27,E29,E42",(cache)
358,4,260.376000,0,223.893000,0.0000,"E1,E19,E27,E42",(cache)
358,4,285.162000,0,223.893000,0.0000,"E1,E21,E22,E42",(cache)
358,4,260.376000,0,223.893000,0.0000,"E1,E19,E27,E42",(cache)
358,4,420.260000,0,223.893000,0.0000,"E1,E10,E27,E42",(cache)
358,3,252.498000,0,223.893000,0.0000,"E1,E21,E27",(cache)
358,4,251.211000,0,223.893000,0.0000,"E1,E21,E27,E41",(cache)
358,3,236.759000,0,223.893000,0.0000,"E21,E27,E42",(cache)
358,4,285.162000,0,223.893000,0.0000,"E1,E21,E22,E42",(cache)
358,4,238.210000,0,223.893000,0.0000,"E1,E21,E39,E42",(cache)
358,4,283.267000,0,223.893000,0.0000,"E1,E27,E42,E7",(cache)
358,4,275.799000,0,223.893000,0.0000,"E1,E13,E21,E42",(cache)
358,3,245.025000,0,223.893000,0.0000,"E1,E21,E42",(cache)
358,4,253.547000,0,223.893000,0.0000,"E1,E21,E27,E8",(cache)
358,4,260.376000,0,223.893000,0.0000,"E1,E27,E37,E42",(cache)
358,4,252.498000,0,223.893000,0.0000,"E1,E21,E27,E3",(cache)
358,4,240.778000,0,223.893000,0.0000,"E17,E21,E27,E42",(cache)
358,3,245.025000,0,223.893000,0.0000,"E1,E21,E42",(cache)
358,4,256.666000,0,223.893000,0.0000,"E1,E27,E34,E42",(cache)
358,3,252.498000,0,223.893000,0.0000,"E1,E21,E27",(cache)
358,4,245.084000,0,223.893000,0.0000,"E21,E27,E42,E7",(cache)
358,4,230.708000,0,223.893000,0.0000,"E1,E16,E27,E42",(cache)
358,4,251.315000,0,223.893000,0.0000,"E1,E21,E25,E42",(cache)
358,3,236.759000,0,223.893000,0.0000,"E21,E27,E42",(cache)
358,4,246.557000,0,223.893000,0.0000,"E21,E27,E42,E45",(cache)
358,4,236.759000,0,223.893000,0.0000,"E15,E21,E27,E42",(cache)
358,4,290.581000,0,223.893000,0.0000,"E1,E22,E27,E42",(cache)
358,4,266.175000,0,223.893000,0.0000,"E1,E12,E21,E27",(cache)
358,4,232.563000,0,223.893000,0.0000,"E1,E21,E25,E27",(cache)
358,4,249.032000,0,223.893000,0.0000,"E1,E21,E38,E42",(cache)
358,4,241.102000,0,223.893000,0.0000,"E1,E23,E27,E42",(cache)
358,3,260.376000,0,223.893000,0.0000,"E1,E27,E42",(cache)
359,4,259.549000,0,223.893000,0.0000,"E1,E27,E35,E42",D:\PSPS\runs_reviewer\A_k4_3od_x1.0\sa_seed4\e0358
359,4,260.376000,0,223.893000,0.0000,"E1,E27,E36,E42",(cache)
359,4,248.491000,0,223.893000,0.0000,"E1,E18,E21,E42",(cache)
359,3,236.759000,0,223.893000,0.0000,"E21,E27,E42",(cache)
359,3,236.759000,0,223.893000,0.0000,"E21,E27,E42",(cache)
359,4,234.306000,0,223.893000,0.0000,"E1,E21,E41,E42",(cache)
359,4,273.986000,0,223.893000,0.0000,"E1,E27,E42,E5",(cache)
359,3,252.498000,0,223.893000,0.0000,"E1,E21,E27",(cache)
359,3,252.498000,0,223.893000,0.0000,"E1,E21,E27",(cache)
359,3,236.759000,0,223.893000,0.0000,"E21,E27,E42",(cache)
359,3,236.759000,0,223.893000,0.0000,"E21,E27,E42",(cache)
359,4,264.199000,0,223.893000,0.0000,"E1,E13,E21,E27",(cache)
359,4,231.076000,0,223.893000,0.0000,"E21,E27,E41,E42",(cache)
359,4,260.376000,0,223.893000,0.0000,"E1,E19,E27,E42",(cache)
359,4,263.182000,0,223.893000,0.0000,"E1,E21,E27,E5",(cache)
359,4,231.076000,0,223.893000,0.0000,"E21,E27,E41,E42",(cache)
359,4,230.879000,0,223.893000,0.0000,"E21,E27,E38,E42",(cache)
359,4,275.799000,0,223.893000,0.0000,"E1,E13,E21,E42",(cache)
359,4,253.503000,0,223.893000,0.0000,"E1,E21,E32,E42",(cache)
359,4,241.549000,0,223.893000,0.0000,"E1,E21,E33,E42",(cache)
359,4,276.836000,0,223.893000,0.0000,"E21,E27,E34,E42",(cache)
359,4,274.807000,0,223.893000,0.0000,"E21,E26,E27,E42",(cache)
359,4,262.528000,0,223.893000,0.0000,"E1,E18,E27,E42",(cache)
359,4,264.027000,0,223.893000,0.0000,"E1,E21,E31,E42",(cache)
359,3,236.759000,0,223.893000,0.0000,"E21,E27,E42",(cache)
359,4,264.199000,0,223.893000,0.0000,"E1,E13,E21,E27",(cache)
359,4,237.221000,0,223.893000,0.0000,"E20,E21,E27,E42",(cache)
359,4,253.503000,0,223.893000,0.0000,"E1,E21,E32,E42",(cache)
359,4,251.365000,0,223.893000,0.0000,"E1,E17,E21,E27",(cache)
359,4,239.656000,0,223.893000,0.0000,"E21,E27,E42,E6",(cache)
359,4,258.133000,0,223.893000,0.0000,"E1,E18,E21,E27",(cache)
359,4,261.523000,0,223.893000,0.0000,"E1,E12,E27,E42",(cache)
359,3,245.025000,0,223.893000,0.0000,"E1,E21,E42",(cache)
359,4,261.841000,0,223.893000,0.0000,"E1,E21,E35,E42",(cache)
359,3,236.759000,0,223.893000,0.0000,"E21,E27,E42",(cache)
359,4,269.096000,0,223.893000,0.0000,"E1,E21,E27,E45",(cache)
359,4,262.665000,0,223.893000,0.0000,"E1,E21,E27,E33",(cache)
359,3,252.498000,0,223.893000,0.0000,"E1,E21,E27",(cache)
359,4,257.027000,0,223.893000,0.0000,"E1,E11,E27,E42",(cache)
359,4,227.561000,0,223.893000,0.0000,"E21,E27,E42,E8",(cache)
359,3,236.759000,0,223.893000,0.0000,"E21,E27,E42",(cache)
359,3,260.376000,0,223.893000,0.0000,"E1,E27,E42",(cache)
359,4,256.587000,0,223.893000,0.0000,"E1,E21,E27,E4",(cache)
359,4,256.585000,0,223.893000,0.0000,"E1,E27,E4,E42",(cache)
359,4,266.175000,0,223.893000,0.0000,"E1,E12,E21,E27",(cache)
359,4,262.294000,0,223.893000,0.0000,"E1,E14,E21,E27",(cache)
359,4,260.376000,0,223.893000,0.0000,"E1,E27,E37,E42",(cache)
359,4,245.284000,0,223.893000,0.0000,"E1,E16,E21,E27",(cache)
359,4,237.122000,0,223.893000,0.0000,"E1,E11,E21,E27",(cache)
359,4,236.759000,0,223.893000,0.0000,"E15,E21,E27,E42",(cache)
359,4,245.025000,0,223.893000,0.0000,"E1,E15,E21,E42",(cache)
359,4,251.829000,0,223.893000,0.0000,"E1,E27,E32,E42",(cache)
359,4,274.807000,0,223.893000,0.0000,"E21,E27,E42,E43",(cache)
359,4,260.473000,0,223.893000,0.0000,"E1,E14,E27,E42",(cache)
359,4,237.938000,0,223.893000,0.0000,"E14,E21,E27,E42",(cache)
359,4,237.221000,0,223.893000,0.0000,"E20,E21,E27,E42",(cache)
359,4,239.656000,0,223.893000,0.0000,"E21,E27,E42,E6",(cache)
359,4,252.827000,0,223.893000,0.0000,"E1,E21,E26,E42",(cache)
359,3,245.025000,0,223.893000,0.0000,"E1,E21,E42",(cache)
359,4,230.708000,0,223.893000,0.0000,"E1,E16,E27,E42",(cache)
359,4,224.053000,0,223.893000,0.0000,"E19,E21,E27,E42",(cache)
359,3,260.376000,0,223.893000,0.0000,"E1,E27,E42",(cache)
359,3,236.759000,0,223.893000,0.0000,"E21,E27,E42",(cache)
359,4,285.162000,0,223.893000,0.0000,"E1,E21,E22,E42",(cache)
359,3,252.498000,0,223.893000,0.0000,"E1,E21,E27",(cache)
359,3,252.498000,0,223.893000,0.0000,"E1,E21,E27",(cache)
359,4,252.403000,0,223.893000,0.0000,"E1,E21,E27,E6",(cache)
359,4,224.053000,0,223.893000,0.0000,"E19,E21,E27,E42",(cache)
359,4,256.666000,0,223.893000,0.0000,"E1,E27,E34,E42",(cache)
359,4,251.729000,0,223.893000,0.0000,"E1,E27,E41,E42",(cache)
359,4,245.084000,0,223.893000,0.0000,"E21,E27,E42,E7",(cache)
359,3,252.498000,0,223.893000,0.0000,"E1,E21,E27",(cache)
359,4,242.268000,0,223.893000,0.0000,"E21,E25,E27,E42",(cache)
359,4,249.032000,0,223.893000,0.0000,"E1,E21,E38,E42",(cache)
359,4,248.491000,0,223.893000,0.0000,"E1,E18,E21,E42",(cache)
359,3,236.759000,0,223.893000,0.0000,"E21,E27,E42",(cache)
359,4,224.053000,0,223.893000,0.0000,"E18,E21,E27,E42",(cache)
359,4,256.585000,0,223.893000,0.0000,"E1,E27,E4,E42",(cache)
359,4,290.581000,0,223.893000,0.0000,"E1,E22,E27,E42",(cache)
359,4,262.395000,0,223.893000,0.0000,"E1,E21,E24,E42",(cache)
359,4,252.498000,0,223.893000,0.0000,"E1,E21,E27,E3",(cache)
359,4,234.403000,0,223.893000,0.0000,"E1,E21,E30,E42",(cache)
359,4,258.133000,0,223.893000,0.0000,"E1,E18,E21,E27",(cache)
359,3,260.376000,0,223.893000,0.0000,"E1,E27,E42",(cache)
359,3,236.759000,0,223.893000,0.0000,"E21,E27,E42",(cache)
359,4,251.315000,0,223.893000,0.0000,"E1,E21,E25,E42",(cache)
359,4,259.408000,0,223.893000,0.0000,"E1,E21,E27,E32",(cache)
359,4,267.935000,0,223.893000,0.0000,"E1,E10,E21,E42",(cache)
359,3,252.498000,0,223.893000,0.0000,"E1,E21,E27",(cache)
359,4,263.182000,0,223.893000,0.0000,"E1,E21,E27,E5",(cache)
359,3,252.498000,0,223.893000,0.0000,"E1,E21,E27",(cache)
359,4,238.920000,0,223.893000,0.0000,"E21,E27,E39,E42",(cache)
359,4,260.376000,0,223.893000,0.0000,"E1,E15,E27,E42",(cache)
359,3,260.376000,0,223.893000,0.0000,"E1,E27,E42",(cache)
359,4,287.706000,0,223.893000,0.0000,"E1,E21,E27,E31",(cache)
359,4,272.252000,0,223.893000,0.0000,"E1,E21,E27,E37",(cache)
359,4,243.093000,0,223.893000,0.0000,"E1,E21,E3,E42",(cache)
359,4,292.295000,0,223.893000,0.0000,"E1,E21,E34,E42",(cache)
359,4,238.920000,0,223.893000,0.0000,"E21,E27,E39,E42",(cache)
359,4,236.759000,0,223.893000,0.0000,"E15,E21,E27,E42",(cache)
359,4,229.686000,0,223.893000,0.0000,"E21,E24,E27,E42",(cache)
359,4,262.528000,0,223.893000,0.0000,"E1,E18,E27,E42",(cache)
359,4,258.133000,0,223.893000,0.0000,"E1,E18,E21,E27",(cache)
359,4,287.706000,0,223.893000,0.0000,"E1,E21,E27,E31",(cache)
359,3,236.759000,0,223.893000,0.0000,"E21,E27,E42",(cache)
359,4,234.275000,0,223.893000,0.0000,"E21,E27,E32,E42",(cache)
359,4,245.025000,0,223.893000,0.0000,"E1,E15,E21,E42",(cache)
359,3,245.025000,0,223.893000,0.0000,"E1,E21,E42",(cache)
359,4,243.011000,0,223.893000,0.0000,"E1,E21,E42,E8",(cache)
359,4,275.799000,0,223.893000,0.0000,"E1,E13,E21,E42",(cache)
359,4,267.950000,0,223.893000,0.0000,"E21,E22,E27,E42",(cache)
359,4,231.377000,0,223.893000,0.0000,"E21,E27,E33,E42",(cache)
359,3,252.498000,0,223.893000,0.0000,"E1,E21,E27",(cache)
359,3,245.025000,0,223.893000,0.0000,"E1,E21,E42",(cache)
359,4,237.122000,0,223.893000,0.0000,"E1,E11,E21,E27",(cache)
359,4,247.213000,0,223.893000,0.0000,"E21,E27,E30,E42",(cache)
359,4,257.824000,0,223.893000,0.0000,"E1,E21,E27,E39",(cache)
359,3,245.025000,0,223.893000,0.0000,"E1,E21,E42",(cache)
359,3,236.759000,0,223.893000,0.0000,"E21,E27,E42",(cache)
359,4,252.403000,0,223.893000,0.0000,"E1,E21,E27,E6",(cache)
359,4,273.886000,0,223.893000,0.0000,"E1,E21,E26,E27",(cache)
359,4,227.561000,0,223.893000,0.0000,"E21,E27,E42,E8",(cache)
359,4,283.267000,0,223.893000,0.0000,"E1,E27,E42,E7",(cache)
359,4,275.575000,0,223.893000,0.0000,"E1,E21,E27,E34",(cache)
359,4,252.498000,0,223.893000,0.0000,"E1,E15,E21,E27",(cache)
359,4,239.198000,0,223.893000,0.0000,"E1,E17,E27,E42",(cache)
359,3,260.376000,0,223.893000,0.0000,"E1,E27,E42",(cache)
359,4,245.216000,0,223.893000,0.0000,"E1,E27,E42,E45",(cache)
359,3,236.759000,0,223.893000,0.0000,"E21,E27,E42",(cache)
359,3,260.376000,0,223.893000,0.0000,"E1,E27,E42",(cache)
359,4,245.108000,0,223.893000,0.0000,"E1,E21,E27,E38",(cache)
359,4,256.373000,0,223.893000,0.0000,"E1,E17,E21,E42",(cache)
359,4,252.498000,0,223.893000,0.0000,"E1,E21,E27,E3",(cache)
359,3,252.498000,0,223.893000,0.0000,"E1,E21,E27",(cache)
359,4,299.062000,0,223.893000,0.0000,"E1,E27,E29,E42",(cache)
359,4,245.084000,0,223.893000,0.0000,"E21,E27,E42,E7",(cache)
359,4,241.879000,0,223.893000,0.0000,"E1,E16,E21,E42",(cache)
359,4,236.759000,0,223.893000,0.0000,"E15,E21,E27,E42",(cache)
359,3,252.498000,0,223.893000,0.0000,"E1,E21,E27",(cache)
359,4,230.708000,0,223.893000,0.0000,"E1,E16,E27,E42",(cache)
359,4,272.252000,0,223.893000,0.0000,"E1,E21,E27,E37",(cache)
359,3,260.376000,0,223.893000,0.0000,"E1,E27,E42",(cache)
359,4,238.633000,0,223.893000,0.0000,"E1,E25,E27,E42",(cache)
359,4,261.380000,0,223.893000,0.0000,"E1,E21,E4,E42",(cache)
359,3,252.498000,0,223.893000,0.0000,"E1,E21,E27",(cache)
359,3,245.025000,0,223.893000,0.0000,"E1,E21,E42",(cache)
359,4,224.053000,0,223.893000,0.0000,"E18,E21,E27,E42",(cache)
359,4,238.920000,0,223.893000,0.0000,"E21,E27,E39,E42",(cache)
359,4,231.377000,0,223.893000,0.0000,"E21,E27,E33,E42",(cache)
359,4,239.403000,0,223.893000,0.0000,"E12,E21,E27,E42",(cache)
359,4,259.408000,0,223.893000,0.0000,"E1,E21,E27,E32",(cache)
359,4,234.403000,0,223.893000,0.0000,"E1,E21,E30,E42",(cache)
359,4,293.618000,0,223.893000,0.0000,"E21,E27,E29,E42",(cache)
359,4,239.656000,0,223.893000,0.0000,"E21,E27,E42,E6",(cache)
359,4,249.032000,0,223.893000,0.0000,"E1,E21,E38,E42",(cache)
359,4,237.122000,0,223.893000,0.0000,"E1,E11,E21,E27",(cache)
359,3,245.025000,0,223.893000,0.0000,"E1,E21,E42",(cache)
359,4,252.403000,0,223.893000,0.0000,"E1,E21,E27,E6",(cache)
359,4,245.084000,0,223.893000,0.0000,"E21,E27,E42,E7",(cache)
359,4,271.902000,0,223.893000,0.0000,"E1,E21,E42,E7",(cache)
359,4,224.053000,0,223.893000,0.0000,"E19,E21,E27,E42",(cache)
359,4,237.122000,0,223.893000,0.0000,"E1,E11,E21,E27",(cache)
359,4,264.926000,0,223.893000,0.0000,"E1,E27,E38,E42",(cache)
359,3,252.498000,0,223.893000,0.0000,"E1,E21,E27",(cache)
359,3,252.498000,0,223.893000,0.0000,"E1,E21,E27",(cache)
359,4,260.473000,0,223.893000,0.0000,"E1,E14,E27,E42",(cache)
359,4,236.482000,0,223.893000,0.0000,"E21,E27,E37,E42",(cache)
359,3,236.759000,0,223.893000,0.0000,"E21,E27,E42",(cache)
359,4,227.561000,0,223.893000,0.0000,"E21,E27,E42,E8",(cache)
359,4,262.528000,0,223.893000,0.0000,"E1,E18,E27,E42",(cache)
359,3,252.498000,0,223.893000,0.0000,"E1,E21,E27",(cache)
359,4,258.133000,0,223.893000,0.0000,"E1,E18,E21,E27",(cache)
359,3,245.025000,0,223.893000,0.0000,"E1,E21,E42",(cache)
359,4,239.198000,0,223.893000,0.0000,"E1,E17,E27,E42",(cache)
359,4,227.561000,0,223.893000,0.0000,"E21,E27,E42,E8",(cache)
359,3,236.759000,0,223.893000,0.0000,"E21,E27,E42",(cache)
359,4,283.267000,0,223.893000,0.0000,"E1,E27,E42,E7",(cache)
359,4,249.864000,0,223.893000,0.0000,"E21,E27,E4,E42",(cache)
359,4,252.498000,0,223.893000,0.0000,"E1,E15,E21,E27",(cache)
360,4,261.625000,0,223.893000,0.0000,"E1,E21,E42,E5",D:\PSPS\runs_reviewer\A_k4_3od_x1.0\sa_seed4\e0359
