gen,idx,k,score,closed_edges,run_dir,tripinfo
1,0,16,1000000000000.0,-120682114#2;-24337240#1;-25970859#0;-25970859#1;-311298665;-502325084#1;-876343449#1;111681903#0;111681903#1;26216779#0;4935286#3;502325084#3;5197062#3;782714971#4;876057378#2;876057378#3,runs_J_k16_plain\none_seed1\g001_i000,runs_J_k16_plain\none_seed1\g001_i000\tripinfo.xml
1,1,9,834.7833333333333,-24337240#7;-25970859#1;-74277990;111681905#2;26216781#3;311298658;498033359#1;498033359#2;880140407,runs_J_k16_plain\none_seed1\g001_i001,runs_J_k16_plain\none_seed1\g001_i001\tripinfo.xml
1,2,7,526.27,-311298682#0;-783907721#1;111677669#1;24337240#0;4935286#3;783907721#1;835443464,runs_J_k16_plain\none_seed1\g001_i002,runs_J_k16_plain\none_seed1\g001_i002\tripinfo.xml
1,3,7,641.364,-25970859#1;-498033359#1;-782714971#3;131942152;24337240#4;498033359#1;876343449#0,runs_J_k16_plain\none_seed1\g001_i003,runs_J_k16_plain\none_seed1\g001_i003\tripinfo.xml
1,4,9,626.2286666666666,-24337240#6;-4950193;-5197062#4;-7365262;-782714971#0;24337240#4;26216781#0;28468730#1;747448014,runs_J_k16_plain\none_seed1\g001_i004,runs_J_k16_plain\none_seed1\g001_i004\tripinfo.xml
1,5,5,649.0873333333333,-498033359#1;-880137009#0;111677669#0;4935286#0;62826731,runs_J_k16_plain\none_seed1\g001_i005,runs_J_k16_plain\none_seed1\g001_i005\tripinfo.xml
1,6,8,1963.8086666666666,-28298231;120682114#2;120682114#3;25970859#0;26216781#2;311298658;311298662#0;876057378#0,runs_J_k16_plain\none_seed1\g001_i006,runs_J_k16_plain\none_seed1\g001_i006\tripinfo.xml
1,7,9,610.728,-120682114#2;-311298662#1;-311298682#0;-311298685;111681903#0;26216781#3;37628709#0;4970256#5;835443464,runs_J_k16_plain\none_seed1\g001_i007,runs_J_k16_plain\none_seed1\g001_i007\tripinfo.xml
1,8,4,373.832,205590836#2;311298662#1;4935286#2;747448014,runs_J_k16_plain\none_seed1\g001_i008,runs_J_k16_plain\none_seed1\g001_i008\tripinfo.xml
1,9,11,1000000000000.0,-111677671#0;-24337240#4;111677668#3;111677669#2;24337240#4;24337240#7;26216779#0;26216781#2;4935286#1;4935286#2;783907721#2,runs_J_k16_plain\none_seed1\g001_i009,runs_J_k16_plain\none_seed1\g001_i009\tripinfo.xml
1,10,12,583.4486666666667,-111677668#0;-535519490#1;-782714971#0;-876343449#1;111681905#1;131942152;24337240#1;24337240#2;28468730#1;4935286#2;58621262#0;880137009#1,runs_J_k16_plain\none_seed1\g001_i010,runs_J_k16_plain\none_seed1\g001_i010\tripinfo.xml
1,11,10,615.292,-5197062#3;-782714971#2;-783907721#0;120682114#1;25970859#1;26216781#0;4935286#3;502325084#1;876057376;876343449#1,runs_J_k16_plain\none_seed1\g001_i011,runs_J_k16_plain\none_seed1\g001_i011\tripinfo.xml
1,12,4,393.21866666666665,-24337240#7;-782714971#0;111677669#0;4935286#2,runs_J_k16_plain\none_seed1\g001_i012,runs_J_k16_plain\none_seed1\g001_i012\tripinfo.xml
1,13,8,634.8046666666667,111677668#3;111677669#0;24337240#7;26216781#3;311298685;4970256#8;498033359#3;880137009#1,runs_J_k16_plain\none_seed1\g001_i013,runs_J_k16_plain\none_seed1\g001_i013\tripinfo.xml
1,14,6,666.176,-782714971#4;111677669#4;24337240#4;26216781#1;498033359#0;535519490#0,runs_J_k16_plain\none_seed1\g001_i014,runs_J_k16_plain\none_seed1\g001_i014\tripinfo.xml
1,15,16,1000000000000.0,-120682114#1;-24337240#7;-311298665;-502325084#1;-5197062#3;-876343449#2;111681903#3;25970859#1;311298662#0;311298662#1;311298685;498033359#0;498033359#2;535519490#0;782710712;835445203,runs_J_k16_plain\none_seed1\g001_i015,runs_J_k16_plain\none_seed1\g001_i015\tripinfo.xml
1,16,7,801.5846666666666,-5197062#4;-783907721#0;111677668#0;311298662#0;37628709#0;4970256#5;498033359#3,runs_J_k16_plain\none_seed1\g001_i016,runs_J_k16_plain\none_seed1\g001_i016\tripinfo.xml
1,17,7,404.8346666666667,-111677668#3;-782714971#4;25970859#0;26216779#1;37628709#1;535519490#0;835443464,runs_J_k16_plain\none_seed1\g001_i017,runs_J_k16_plain\none_seed1\g001_i017\tripinfo.xml
1,18,7,631.1413333333334,-498033359#3;-782714971#4;111677668#3;120682114#3;28468732#1;498033359#0;835445203,runs_J_k16_plain\none_seed1\g001_i018,runs_J_k16_plain\none_seed1\g001_i018\tripinfo.xml
1,19,11,619.67,-120682114#3;-498033359#2;-782714971#1;-876343449#0;111677668#4;24337240#1;24337240#2;4935286#1;876057378#1;876343449#0;876343449#1,runs_J_k16_plain\none_seed1\g001_i019,runs_J_k16_plain\none_seed1\g001_i019\tripinfo.xml
1,20,4,749.8073333333333,-876343449#0;111677668#0;4970256#6;876343449#1,runs_J_k16_plain\none_seed1\g001_i020,runs_J_k16_plain\none_seed1\g001_i020\tripinfo.xml
1,21,10,628.6926666666667,-111677668#3;-535519490#0;-535519490#1;-782714971#3;111677669#1;111681905#2;26216781#2;311298662#0;747448014;876057378#1,runs_J_k16_plain\none_seed1\g001_i021,runs_J_k16_plain\none_seed1\g001_i021\tripinfo.xml
1,22,6,453.54066666666665,-535519490#1;-782714971#2;120682114#1;24337240#2;4970256#5;498033359#0,runs_J_k16_plain\none_seed1\g001_i022,runs_J_k16_plain\none_seed1\g001_i022\tripinfo.xml
1,23,7,454.73466666666667,-111681903#3;-24337240#3;-876343449#2;111681903#3;120682114#1;28468730#1;4935286#3,runs_J_k16_plain\none_seed1\g001_i023,runs_J_k16_plain\none_seed1\g001_i023\tripinfo.xml
2,0,4,373.832,205590836#2;311298662#1;4935286#2;747448014,runs_J_k16_plain\none_seed1\g002_i000,runs_J_k16_plain\none_seed1\g002_i000\tripinfo.xml
2,1,16,1000000000000.0,-111677668#3;-535519490#1;-782714971#2;-880137009#0;-880140407;24337240#2;311298665;311298685;4935286#0;498033359#0;502325084#3;535519490#0;535519490#1;747448014;835445203;880137010,runs_J_k16_plain\none_seed1\g002_i001,runs_J_k16_plain\none_seed1\g002_i001\tripinfo.xml
2,2,16,645.0553333333334,-111681903#1;-782714966#0;-782714971#2;-782714971#4;-876343449#0;-880137009#0;111677668#4;111681903#1;25970859#0;26216779#0;37628709#1;498033359#3;5197062#4;782714971#1;876057378#2;876343449#2,runs_J_k16_plain\none_seed1\g002_i002,runs_J_k16_plain\none_seed1\g002_i002\tripinfo.xml
2,3,6,880.7626666666666,-111677668#3;-782714971#4;311298658;37628709#1;5197062#3;782714966#1,runs_J_k16_plain\none_seed1\g002_i003,runs_J_k16_plain\none_seed1\g002_i003\tripinfo.xml
2,4,16,504.0726666666667,-120682114#3;-24337240#1;-24337240#7;-25970859#0;-311298662#1;-782714966#0;-782714971#0;111681903#3;111681905#1;25970859#1;26216781#2;311298662#1;4935286#2;4970256#8;782714966#1;835445203,runs_J_k16_plain\none_seed1\g002_i004,runs_J_k16_plain\none_seed1\g002_i004\tripinfo.xml
2,5,16,470.3186666666667,-111681903#1;-120682114#1;-24337240#4;-311298662#1;-535519490#1;-74277990;-783907721#1;-876343449#2;111681903#3;120682114#1;24337240#0;24337240#2;4935286#3;782714966#0;876057376;876343449#0,runs_J_k16_plain\none_seed1\g002_i005,runs_J_k16_plain\none_seed1\g002_i005\tripinfo.xml
2,6,16,514.212,-24337240#3;-24337240#4;-28298231;-498033359#0;-7365262;-782714966#0;-782714971#4;-835443464;-880140407;28468730#1;311298662#0;4935286#3;782714966#0;783907721#1;783907721#2;835443464,runs_J_k16_plain\none_seed1\g002_i006,runs_J_k16_plain\none_seed1\g002_i006\tripinfo.xml
2,7,15,1000000000000.0,-111681903#0;-120682114#3;-311298658;-311298665;-782714971#0;-876343449#1;111677669#0;111681903#1;25970859#1;4935286#2;4935286#3;782714971#0;782714971#3;783907721#2;876343449#2,runs_J_k16_plain\none_seed1\g002_i007,runs_J_k16_plain\none_seed1\g002_i007\tripinfo.xml
2,8,10,741.4646666666666,-111677668#0;-111677668#3;-24337240#0;-782714971#0;-782714971#4;111677668#0;111677668#3;111681905#1;782714966#1;880137009#1,runs_J_k16_plain\none_seed1\g002_i008,runs_J_k16_plain\none_seed1\g002_i008\tripinfo.xml
2,9,16,687.0266666666666,-28468730#0;-498033359#1;-5197062#3;-876343449#1;111677668#3;111677669#0;111677669#3;111681903#0;205590836#2;26216781#0;311298662#1;311298685;4935286#1;58621262#0;782714971#3;880137009#1,runs_J_k16_plain\none_seed1\g002_i009,runs_J_k16_plain\none_seed1\g002_i009\tripinfo.xml
2,10,16,1000000000000.0,-120682114#1;-311298665;-311298682#0;-782714966#0;111677669#5;120682114#2;24337240#0;25970859#1;4935286#2;4970256#7;498033359#0;502325084#1;747448014;835443464;876057378#4;876057378#5,runs_J_k16_plain\none_seed1\g002_i010,runs_J_k16_plain\none_seed1\g002_i010\tripinfo.xml
2,11,16,768.332,-111677668#0;-111677671#0;-120682114#3;-24337240#0;-311298685;-498033359#2;-782714971#1;111677668#3;111677669#2;111681903#2;24337240#2;4935286#1;4970256#5;62826731;835443464;876343449#1,runs_J_k16_plain\none_seed1\g002_i011,runs_J_k16_plain\none_seed1\g002_i011\tripinfo.xml
2,12,16,772.426,-111677668#0;-111681903#3;-120682114#3;-311298662#0;-498033359#1;-535519490#1;-876343449#0;111677669#5;120682114#1;131942152;24337240#1;24337240#2;28468730#0;311298658;5197062#3;876343449#0,runs_J_k16_plain\none_seed1\g002_i012,runs_J_k16_plain\none_seed1\g002_i012\tripinfo.xml
2,13,8,433.9773333333333,-498033359#1;111677668#3;28468732#1;4935286#2;498033359#0;502325084#1;502325084#3;58621262#0,runs_J_k16_plain\none_seed1\g002_i013,runs_J_k16_plain\none_seed1\g002_i013\tripinfo.xml
2,14,16,819.076,-120682114#2;-24337240#1;-28468730#0;-498033359#3;-502325084#1;-5197062#3;-5197062#4;-835443464;120682114#1;25970859#1;26216779#0;26216781#1;535519490#0;535519490#1;782714971#0;876057378#4,runs_J_k16_plain\none_seed1\g002_i014,runs_J_k16_plain\none_seed1\g002_i014\tripinfo.xml
2,15,16,457.8106666666667,-111677668#0;-111677668#4;-24337240#6;-311298662#0;-498033359#1;-835443464;-835445203;111677669#0;111677669#5;111677671#0;205590836#2;28468732#0;28468732#1;311298662#1;4935286#2;4935299#1,runs_J_k16_plain\none_seed1\g002_i015,runs_J_k16_plain\none_seed1\g002_i015\tripinfo.xml
2,16,16,504.922,-111681903#0;-120682114#2;-24337240#4;-24337240#7;-311298685;-498033359#1;-5197062#4;-782714971#0;-782714971#1;111677669#3;111681903#0;26216779#0;4935286#2;535519490#0;58621262#1;782714971#3,runs_J_k16_plain\none_seed1\g002_i016,runs_J_k16_plain\none_seed1\g002_i016\tripinfo.xml
2,17,16,742.7146666666666,-111677668#0;-111677668#4;-24337240#2;-498033359#0;-876343449#1;111677668#0;111681905#1;131942152;24337240#2;25970859#0;37628709#1;4970256#6;502325084#3;782714971#1;835443464;880137009#1,runs_J_k16_plain\none_seed1\g002_i017,runs_J_k16_plain\none_seed1\g002_i017\tripinfo.xml
2,18,16,678.83,-111677668#3;-120682114#1;-311298685;-7365262;-782714971#4;111677668#4;120682114#2;25970859#0;28468730#1;37628709#1;498033359#0;498033359#3;58621262#0;782714971#0;782714971#1;835443464,runs_J_k16_plain\none_seed1\g002_i018,runs_J_k16_plain\none_seed1\g002_i018\tripinfo.xml
2,19,16,457.4653333333333,-111677668#0;-111677668#3;-311298658;-502325084#1;-782714971#4;-880137009#1;111677668#3;24337240#4;26216781#2;4935286#3;498033359#0;5197062#4;62826731;783907721#1;835445203;876057378#3,runs_J_k16_plain\none_seed1\g002_i019,runs_J_k16_plain\none_seed1\g002_i019\tripinfo.xml
2,20,16,995.6873333333333,-498033359#2;-498033359#3;-782714966#0;-782714971#0;-782714971#2;-782714971#4;-880137009#0;111677668#0;111677668#4;26216781#1;28468732#1;4935286#1;4970256#5;498033359#0;498033359#3;880137009#0,runs_J_k16_plain\none_seed1\g002_i020,runs_J_k16_plain\none_seed1\g002_i020\tripinfo.xml
2,21,16,868.6153333333333,-24337240#0;-311298685;-502325084#3;-5197062#3;-782714971#4;-876343449#1;-880140407;111677669#5;120682114#1;131942152;24337240#4;311298658;37628709#0;4935286#1;498033359#2;835443464,runs_J_k16_plain\none_seed1\g002_i021,runs_J_k16_plain\none_seed1\g002_i021\tripinfo.xml
2,22,16,1000000000000.0,-120682114#2;-24337240#1;-311298685;-535519490#0;-535519490#1;-783907721#1;111677669#5;120682114#1;24337240#0;26216779#1;37628709#0;37628709#1;5197062#3;535519490#0;535519490#1;782714971#3,runs_J_k16_plain\none_seed1\g002_i022,runs_J_k16_plain\none_seed1\g002_i022\tripinfo.xml
2,23,16,686.5306666666667,-120682114#3;-24337240#6;-24337240#7;111677669#0;120682114#1;120682114#2;24337240#2;26216781#0;28468732#0;311298665;4970256#5;4970256#6;782714971#2;783907721#1;835445203;880140407,runs_J_k16_plain\none_seed1\g002_i023,runs_J_k16_plain\none_seed1\g002_i023\tripinfo.xml
3,0,4,373.832,205590836#2;311298662#1;4935286#2;747448014,runs_J_k16_plain\none_seed1\g003_i000,runs_J_k16_plain\none_seed1\g003_i000\tripinfo.xml
3,1,16,678.952,-120682114#3;-24337240#0;-24337240#6;-25970859#0;-311298665;-782714971#0;111677668#0;111677669#3;111677669#4;111681903#3;26216781#2;311298658;311298662#1;498033359#0;5197062#3;782714966#1,runs_J_k16_plain\none_seed1\g003_i001,runs_J_k16_plain\none_seed1\g003_i001\tripinfo.xml
3,2,16,491.9146666666667,-111681903#2;-24337240#7;-25970859#0;-311298662#1;-498033359#0;-502325084#1;205590836#2;24337240#1;25970859#1;26216781#2;28468732#1;311298665;4935299#1;4970256#5;4970256#8;782714971#0,runs_J_k16_plain\none_seed1\g003_i002,runs_J_k16_plain\none_seed1\g003_i002\tripinfo.xml
3,3,15,1000000000000.0,-111677668#3;-111681903#2;-205590836#0;-311298685;-498033359#2;-7365262;111677669#0;28468730#1;4935286#0;4935286#2;498033359#0;58621262#0;782714966#1;783907721#2;876343449#2,runs_J_k16_plain\none_seed1\g003_i003,runs_J_k16_plain\none_seed1\g003_i003\tripinfo.xml
3,4,16,752.3246666666666,-24337240#4;-782714966#0;-782714971#1;-782714971#2;-782714971#4;111677668#3;24337240#1;25970859#0;25970859#1;4970256#6;5197062#4;58621262#0;782714971#1;835443464;876057378#5;880140407,runs_J_k16_plain\none_seed1\g003_i004,runs_J_k16_plain\none_seed1\g003_i004\tripinfo.xml
3,5,16,594.4786666666666,-311298662#0;-502325084#1;-5197062#4;-782714966#0;111681903#1;131942152;24337240#1;26216781#2;311298658;4935286#2;4935286#3;502325084#0;62826731;876057378#3;876343449#0;880137010,runs_J_k16_plain\none_seed1\g003_i005,runs_J_k16_plain\none_seed1\g003_i005\tripinfo.xml
3,6,16,1000000000000.0,-111677668#0;-111677668#3;-120682114#2;-311298665;-782714971#0;-782714971#4;111677669#5;120682114#2;24337240#1;26216781#2;311298658;311298662#1;498033359#0;5197062#3;5197062#4;835443464,runs_J_k16_plain\none_seed1\g003_i006,runs_J_k16_plain\none_seed1\g003_i006\tripinfo.xml
3,7,16,1000000000000.0,-24337240#6;-24337240#7;-25970859#0;-498033359#1;-5197062#3;-535519490#1;-880137009#0;111681903#3;28468730#0;311298662#1;4935299#1;4970256#8;58621262#0;62826731;747448014;876057378#5,runs_J_k16_plain\none_seed1\g003_i007,runs_J_k16_plain\none_seed1\g003_i007\tripinfo.xml
3,8,16,645.7093333333333,-111681903#2;-24337240#7;-311298662#0;-74277990;-782714966#0;111677669#5;111681905#2;120682114#2;205590836#2;28468732#0;28468732#1;311298662#1;4935286#2;4935299#1;782714966#1;782714971#1,runs_J_k16_plain\none_seed1\g003_i008,runs_J_k16_plain\none_seed1\g003_i008\tripinfo.xml
3,9,16,619.9953333333333,-24337240#7;-498033359#1;-502325084#1;-535519490#0;-782714971#0;-783907721#0;-880137009#1;111677669#3;111681903#0;111681903#1;111681905#1;26216779#0;28468730#1;37628709#0;37628709#1;876057378#0,runs_J_k16_plain\none_seed1\g003_i009,runs_J_k16_plain\none_seed1\g003_i009\tripinfo.xml
3,10,1,644.456,-111677668#3,runs_J_k16_plain\none_seed1\g003_i010,runs_J_k16_plain\none_seed1\g003_i010\tripinfo.xml
3,11,16,905.7433333333333,-111677668#4;-111681903#0;-311298658;-311298685;-498033359#1;-5197062#4;-782714966#1;-782714971#0;111677669#0;111677669#5;26216779#0;28468732#1;311298662#1;37628709#1;58621262#0;782714971#4,runs_J_k16_plain\none_seed1\g003_i011,runs_J_k16_plain\none_seed1\g003_i011\tripinfo.xml
3,12,16,624.054,-28298231;-311298662#0;-311298685;-498033359#1;-498033359#2;-498033359#3;-782714971#0;-782714971#2;111681903#3;28468730#0;28468732#0;311298682#0;4970256#8;498033359#3;58621262#1;876343449#1,runs_J_k16_plain\none_seed1\g003_i012,runs_J_k16_plain\none_seed1\g003_i012\tripinfo.xml
3,13,16,643.104,-111677668#0;-24337240#7;-311298658;-535519490#0;111677669#0;111681903#2;205590836#2;24337240#1;25970859#0;28468730#1;311298682#0;498033359#1;502325084#1;58621262#0;782714966#0;876057378#4,runs_J_k16_plain\none_seed1\g003_i013,runs_J_k16_plain\none_seed1\g003_i013\tripinfo.xml
3,14,16,795.316,-205590836#0;-24337240#6;-498033359#1;111677668#3;111677669#5;28468732#1;311298662#1;311298685;37628709#0;4970256#5;498033359#0;498033359#2;502325084#3;535519490#0;880137009#1;880137010,runs_J_k16_plain\none_seed1\g003_i014,runs_J_k16_plain\none_seed1\g003_i014\tripinfo.xml
3,15,16,531.2946666666667,-5197062#3;-782714966#0;-782714971#4;111677668#3;111681903#1;131942152;24337240#3;24337240#4;26216779#0;28468732#0;37628709#1;4935286#3;5197062#3;5197062#4;747448014;835445203,runs_J_k16_plain\none_seed1\g003_i015,runs_J_k16_plain\none_seed1\g003_i015\tripinfo.xml
3,16,16,772.4373333333333,-111677668#3;-24337240#7;-498033359#1;-502325084#1;-782714971#4;-835443464;-880137009#1;111681905#1;111681905#2;26216779#1;311298662#1;311298682#0;502325084#3;62826731;782714971#2;876057378#3,runs_J_k16_plain\none_seed1\g003_i016,runs_J_k16_plain\none_seed1\g003_i016\tripinfo.xml
3,17,16,633.2793333333333,-111677668#3;-111677671#0;-120682114#3;-24337240#6;-880137009#1;111677669#2;111681903#2;24337240#1;24337240#2;311298665;311298682#0;4935286#1;4970256#5;502325084#1;535519490#1;747448014,runs_J_k16_plain\none_seed1\g003_i017,runs_J_k16_plain\none_seed1\g003_i017\tripinfo.xml
3,18,16,407.504,-120682114#2;-498033359#2;111677668#3;111677669#1;205590836#2;26216779#1;26216781#0;26216781#3;311298662#0;311298662#1;4935286#2;4970256#5;4970256#7;535519490#0;876057376;876343449#1,runs_J_k16_plain\none_seed1\g003_i018,runs_J_k16_plain\none_seed1\g003_i018\tripinfo.xml
3,19,16,597.5146666666667,-111677668#3;-24337240#4;-502325084#1;-74277990;-876343449#1;-880137009#1;25970859#0;26216781#2;28468732#1;311298665;498033359#0;498033359#1;5197062#4;535519490#1;835443464;876057378#3,runs_J_k16_plain\none_seed1\g003_i019,runs_J_k16_plain\none_seed1\g003_i019\tripinfo.xml
3,20,16,610.7446666666667,-111677668#0;-111681903#0;-24337240#2;-498033359#1;111677669#2;120682114#1;131942152;205590836#2;24337240#4;311298685;5197062#3;62826731;747448014;782714971#4;835445203;876057378#5,runs_J_k16_plain\none_seed1\g003_i020,runs_J_k16_plain\none_seed1\g003_i020\tripinfo.xml
3,21,16,521.6213333333334,-111681903#2;-111681903#3;-24337240#3;-28298231;-498033359#0;-782714966#0;-782714971#4;-783907721#0;28468730#1;4935286#3;4970256#8;58621262#0;782714966#0;783907721#1;835443464;880137010,runs_J_k16_plain\none_seed1\g003_i021,runs_J_k16_plain\none_seed1\g003_i021\tripinfo.xml
3,22,16,1000000000000.0,-24337240#3;-24337240#4;-28298231;-498033359#0;-502325084#0;-835443464;111681903#2;120682114#2;24337240#1;311298662#0;37628709#0;498033359#3;782714966#0;782714971#1;783907721#2;7924772,runs_J_k16_plain\none_seed1\g003_i022,runs_J_k16_plain\none_seed1\g003_i022\tripinfo.xml
3,23,16,1000000000000.0,-111681903#0;-24337240#6;-28298231;-311298662#0;-498033359#1;-502325084#1;-782714971#3;-835445203;111677669#0;24337240#5;26216781#2;28468732#0;4935286#2;4935299#1;4970256#7;783907721#2,runs_J_k16_plain\none_seed1\g003_i023,runs_J_k16_plain\none_seed1\g003_i023\tripinfo.xml
4,0,4,373.832,205590836#2;311298662#1;4935286#2;747448014,runs_J_k16_plain\none_seed1\g004_i000,runs_J_k16_plain\none_seed1\g004_i000\tripinfo.xml
4,1,16,533.2893333333334,-24337240#6;-311298682#0;-311298685;-5197062#4;-782714966#0;-782714966#1;111681903#1;131942152;26216779#0;37628709#1;4935286#3;5197062#3;62826731;747448014;782714971#0;876057378#2,runs_J_k16_plain\none_seed1\g004_i001,runs_J_k16_plain\none_seed1\g004_i001\tripinfo.xml
4,2,16,980.0153333333334,-4950193;-5197062#3;-782714966#0;-782714971#3;111681903#1;131942152;25970859#1;26216781#2;28468732#0;311298658;4935299#1;4970256#5;5197062#4;835445203;876057378#3;880137009#0,runs_J_k16_plain\none_seed1\g004_i002,runs_J_k16_plain\none_seed1\g004_i002\tripinfo.xml
4,3,16,644.456,-111677668#3;-74277990;111677668#4;111677669#0;131942152;205590836#2;26216779#1;26216781#1;26216781#2;28468732#1;311298658;502325084#3;5197062#4;535519490#0;835443464;876057378#3,runs_J_k16_plain\none_seed1\g004_i003,runs_J_k16_plain\none_seed1\g004_i003\tripinfo.xml
4,4,16,687.6053333333333,-24337240#3;-25970859#1;-498033359#2;-502325084#3;-876343449#1;111681903#2;111681905#1;24337240#4;25970859#0;26216779#1;4935286#0;4935299#1;782714971#1;783907721#0;876057378#2;876343449#1,runs_J_k16_plain\none_seed1\g004_i004,runs_J_k16_plain\none_seed1\g004_i004\tripinfo.xml
4,5,16,680.0373333333333,-120682114#2;-28298231;-498033359#2;-876343449#1;111677669#1;111677669#3;111681903#0;26216779#1;26216781#2;311298662#0;4970256#6;5197062#4;535519490#0;782714971#1;876057378#3;876343449#1,runs_J_k16_plain\none_seed1\g004_i005,runs_J_k16_plain\none_seed1\g004_i005\tripinfo.xml
4,6,7,1007.6873333333333,-502325084#0;-782714971#4;111677669#5;24337240#7;28468732#1;311298665;876057376,runs_J_k16_plain\none_seed1\g004_i006,runs_J_k16_plain\none_seed1\g004_i006\tripinfo.xml
4,7,16,497.26533333333333,-24337240#6;-5197062#3;-535519490#1;-782714971#2;-782714971#4;-835443464;111677668#3;111677669#1;111681903#1;24337240#3;26216779#0;28468732#0;37628709#1;4935286#3;5197062#3;782714966#0,runs_J_k16_plain\none_seed1\g004_i007,runs_J_k16_plain\none_seed1\g004_i007\tripinfo.xml
4,8,16,593.328,-111677668#0;-120682114#2;111677668#3;111677669#1;111677669#4;24337240#3;24337240#4;26216779#1;311298662#1;4935286#1;4935286#2;4970256#5;4970256#7;782714966#1;835445203;876343449#1,runs_J_k16_plain\none_seed1\g004_i008,runs_J_k16_plain\none_seed1\g004_i008\tripinfo.xml
4,9,16,613.6213333333334,-5197062#4;-782714971#4;-783907721#2;-880137009#1;111681903#2;131942152;24337240#1;24337240#2;24337240#3;24337240#4;26216781#3;37628709#0;4970256#5;747448014;835445203;876057376,runs_J_k16_plain\none_seed1\g004_i009,runs_J_k16_plain\none_seed1\g004_i009\tripinfo.xml
4,10,13,602.5786666666667,-111677668#4;-5197062#3;-880137009#0;24337240#1;26216779#0;28468730#1;28468732#0;311298682#0;4970256#6;498033359#0;5197062#4;535519490#1;747448014,runs_J_k16_plain\none_seed1\g004_i010,runs_J_k16_plain\none_seed1\g004_i010\tripinfo.xml
4,11,10,1000000000000.0,-311298665;-498033359#2;25970859#1;26216781#3;28468730#1;28468732#1;4935286#3;535519490#0;535519490#1;835445203,runs_J_k16_plain\none_seed1\g004_i011,runs_J_k16_plain\none_seed1\g004_i011\tripinfo.xml
4,12,16,626.2286666666666,-111681903#2;-120682114#3;-28468730#0;-502325084#1;-502325084#3;-782714966#0;-782714966#1;-876343449#0;-876343449#1;111677669#1;205590836#2;26216779#0;26216781#0;4970256#6;5197062#4;876057378#0,runs_J_k16_plain\none_seed1\g004_i012,runs_J_k16_plain\none_seed1\g004_i012\tripinfo.xml
4,13,16,388.3706666666667,-111681903#1;-111681903#2;-120682114#1;-120682114#3;-205590836#0;-24337240#6;-311298685;-498033359#2;111681905#2;205590836#2;26216781#3;4935286#2;4970256#7;535519490#0;782710712;880137009#0,runs_J_k16_plain\none_seed1\g004_i013,runs_J_k16_plain\none_seed1\g004_i013\tripinfo.xml
4,14,16,389.4293333333333,-25970859#0;-783907721#0;111677668#3;111677669#2;120682114#3;26216779#1;26216781#0;311298662#0;37628709#1;4935286#2;502325084#0;747448014;7924772;876057376;876057378#5;876343449#1,runs_J_k16_plain\none_seed1\g004_i014,runs_J_k16_plain\none_seed1\g004_i014\tripinfo.xml
4,15,12,468.1313333333333,-5197062#3;-7365262;-880137009#0;111677668#3;24337240#2;26216781#0;26216781#1;4935286#0;4935286#2;4970256#7;535519490#0;782710712,runs_J_k16_plain\none_seed1\g004_i015,runs_J_k16_plain\none_seed1\g004_i015\tripinfo.xml
4,16,16,644.456,-28468730#0;-311298685;-498033359#2;-835445203;-880137009#0;111677668#4;111681903#2;131942152;205590836#2;24337240#5;26216781#3;311298662#1;4935286#2;747448014;7924772;876057376,runs_J_k16_plain\none_seed1\g004_i016,runs_J_k16_plain\none_seed1\g004_i016\tripinfo.xml
4,17,16,618.3713333333334,-120682114#2;-498033359#1;-783907721#0;-876343449#2;111677668#3;111681903#0;111681903#1;24337240#0;25970859#1;28468730#1;37628709#0;37628709#1;4970256#6;62826731;876057378#0;876343449#0,runs_J_k16_plain\none_seed1\g004_i017,runs_J_k16_plain\none_seed1\g004_i017\tripinfo.xml
4,18,6,656.0073333333333,-111677668#4;-120682114#2;-24337240#6;120682114#3;311298662#1;4970256#8,runs_J_k16_plain\none_seed1\g004_i018,runs_J_k16_plain\none_seed1\g004_i018\tripinfo.xml
4,19,16,616.3173333333333,-111681903#0;-120682114#3;-502325084#3;-535519490#0;-835443464;-880140407;111681903#2;111681905#1;120682114#1;24337240#0;4935286#0;4935286#2;498033359#1;498033359#3;58621262#0;747448014,runs_J_k16_plain\none_seed1\g004_i019,runs_J_k16_plain\none_seed1\g004_i019\tripinfo.xml
4,20,16,721.802,-111677668#0;-24337240#6;-876343449#1;111677669#1;111677669#2;205590836#2;24337240#5;26216779#1;26216781#0;28468730#0;311298662#0;311298685;4970256#5;4970256#7;876057378#2;876343449#1,runs_J_k16_plain\none_seed1\g004_i020,runs_J_k16_plain\none_seed1\g004_i020\tripinfo.xml
4,21,16,631.0806666666666,-111677668#3;-24337240#3;-24337240#6;-782714971#4;-783907721#2;-880137009#1;111677669#3;24337240#2;311298682#0;37628709#1;4970256#5;4970256#8;502325084#0;535519490#1;747448014;876057378#5,runs_J_k16_plain\none_seed1\g004_i021,runs_J_k16_plain\none_seed1\g004_i021\tripinfo.xml
4,22,16,364.2866666666667,-205590836#0;-24337240#6;-498033359#2;-835445203;111677669#1;205590836#2;24337240#2;26216781#0;311298662#0;311298662#1;4935286#2;535519490#0;782714971#0;876057376;876343449#0;876343449#1,runs_J_k16_plain\none_seed1\g004_i022,runs_J_k16_plain\none_seed1\g004_i022\tripinfo.xml
4,23,16,656.7593333333333,-111681903#0;-311298682#0;-502325084#0;-74277990;111677669#2;111677669#3;111681903#0;111681903#2;131942152;205590836#2;4970256#6;502325084#1;5197062#3;747448014;782714971#1;835445203,runs_J_k16_plain\none_seed1\g004_i023,runs_J_k16_plain\none_seed1\g004_i023\tripinfo.xml
5,0,16,364.2866666666667,-205590836#0;-24337240#6;-498033359#2;-835445203;111677669#1;205590836#2;24337240#2;26216781#0;311298662#0;311298662#1;4935286#2;535519490#0;782714971#0;876057376;876343449#0;876343449#1,runs_J_k16_plain\none_seed1\g005_i000,runs_J_k16_plain\none_seed1\g005_i000\tripinfo.xml
5,1,16,634.4,-111677671#0;-111681903#2;-120682114#1;-205590836#0;-24337240#6;-5197062#3;-782714971#1;-835443464;-876343449#0;111681903#1;111681905#2;26216779#0;37628709#1;4935286#0;535519490#0;58621262#0,runs_J_k16_plain\none_seed1\g005_i001,runs_J_k16_plain\none_seed1\g005_i001\tripinfo.xml
5,2,16,545.9673333333334,-24337240#1;-24337240#6;-24337240#7;-311298658;-311298662#1;-498033359#2;-5197062#4;-535519490#1;-782714966#0;205590836#2;28468730#1;28468732#0;4935286#0;4935286#3;782710712;782714966#1,runs_J_k16_plain\none_seed1\g005_i002,runs_J_k16_plain\none_seed1\g005_i002\tripinfo.xml
5,3,13,383.30533333333335,-111677668#4;-24337240#4;-4950193;-835445203;111677669#1;111677669#4;131942152;26216779#1;37628709#0;4935286#2;4970256#7;876057378#2;876343449#1,runs_J_k16_plain\none_seed1\g005_i003,runs_J_k16_plain\none_seed1\g005_i003\tripinfo.xml
5,4,16,556.3733333333333,-111677668#0;-498033359#3;-782714966#0;-782714966#1;-835443464;-876343449#2;111677668#0;24337240#3;26216779#0;26216779#1;311298662#1;4935286#2;4935286#3;498033359#2;782714966#0;783907721#0,runs_J_k16_plain\none_seed1\g005_i004,runs_J_k16_plain\none_seed1\g005_i004\tripinfo.xml
5,5,16,521.3593333333333,-111677668#4;-111677671#0;-5197062#3;-5197062#4;-835443464;111677669#2;24337240#7;26216779#0;28468730#1;4935286#0;4935286#3;4970256#6;535519490#1;747448014;876057378#1;880137010,runs_J_k16_plain\none_seed1\g005_i005,runs_J_k16_plain\none_seed1\g005_i005\tripinfo.xml
5,6,16,977.164,-311298682#0;-498033359#2;-876343449#0;-880137009#0;120682114#2;26216781#0;28468730#0;311298662#1;37628709#0;4935286#2;5197062#4;535519490#1;747448014;835443464;876057378#0;876343449#2,runs_J_k16_plain\none_seed1\g005_i006,runs_J_k16_plain\none_seed1\g005_i006\tripinfo.xml
5,7,16,439.18066666666664,-111681903#3;-205590836#0;-311298662#0;-498033359#2;-782714971#4;-880137009#0;-880137009#1;111681903#3;24337240#2;311298662#0;311298662#1;4935286#2;4970256#5;782714966#0;876057378#0;876343449#1,runs_J_k16_plain\none_seed1\g005_i007,runs_J_k16_plain\none_seed1\g005_i007\tripinfo.xml
5,8,16,587.4746666666666,-111677668#3;-111677668#4;-111681903#2;-782714971#0;311298662#1;311298682#0;37628709#0;4935286#3;502325084#0;535519490#1;58621262#0;747448014;782714971#0;783907721#1;876057378#5;880137009#0,runs_J_k16_plain\none_seed1\g005_i008,runs_J_k16_plain\none_seed1\g005_i008\tripinfo.xml
5,9,16,651.85,-111681903#1;-5197062#3;-782714971#3;-782714971#4;-880137009#0;111677668#3;111677669#4;111681903#2;120682114#3;24337240#4;26216779#1;311298662#0;4970256#5;4970256#6;7924772;876057378#5,runs_J_k16_plain\none_seed1\g005_i009,runs_J_k16_plain\none_seed1\g005_i009\tripinfo.xml
5,10,9,642.4793333333333,-111677668#0;-111681903#2;-120682114#2;111677668#3;25970859#0;311298665;37628709#1;498033359#1;876343449#0,runs_J_k16_plain\none_seed1\g005_i010,runs_J_k16_plain\none_seed1\g005_i010\tripinfo.xml
5,11,16,611.3713333333334,-111677668#3;-205590836#0;-24337240#7;-502325084#0;-782714971#1;-782714971#3;111681903#0;131942152;205590836#2;311298662#1;4935299#1;498033359#1;782714971#2;835445203;876343449#1;880137009#1,runs_J_k16_plain\none_seed1\g005_i011,runs_J_k16_plain\none_seed1\g005_i011\tripinfo.xml
5,12,16,742.4766666666667,-111677668#3;-24337240#1;-28468730#0;-876343449#2;111677668#4;205590836#2;26216781#1;26216781#2;498033359#1;535519490#0;782714971#0;783907721#2;835443464;876057378#2;876057378#3;876343449#2,runs_J_k16_plain\none_seed1\g005_i012,runs_J_k16_plain\none_seed1\g005_i012\tripinfo.xml
5,13,16,378.56533333333334,-120682114#2;-311298662#1;-74277990;-783907721#1;111677668#4;120682114#1;24337240#1;28468730#1;311298662#1;4935286#2;4970256#6;535519490#1;747448014;783907721#0;783907721#1;876057378#3,runs_J_k16_plain\none_seed1\g005_i013,runs_J_k16_plain\none_seed1\g005_i013\tripinfo.xml
5,14,8,1808.3466666666666,-111677668#4;-498033359#0;120682114#2;24337240#0;26216779#0;28468732#0;311298658;58621262#0,runs_J_k16_plain\none_seed1\g005_i014,runs_J_k16_plain\none_seed1\g005_i014\tripinfo.xml
5,15,16,1000000000000.0,-24337240#6;-311298662#1;-311298682#0;-782714971#0;-782714971#1;-835445203;111677668#0;111677669#1;120682114#3;26216779#0;26216781#3;4935286#2;502325084#1;535519490#0;876343449#1;880137010,runs_J_k16_plain\none_seed1\g005_i015,runs_J_k16_plain\none_seed1\g005_i015\tripinfo.xml
5,16,10,687.1686666666667,-111681903#1;-24337240#6;-498033359#3;-783907721#0;111681905#2;24337240#2;535519490#0;782714971#0;876343449#1;880137009#1,runs_J_k16_plain\none_seed1\g005_i016,runs_J_k16_plain\none_seed1\g005_i016\tripinfo.xml
5,17,16,639.9986666666666,-120682114#1;-311298662#1;111681903#0;120682114#1;26216779#1;26216781#0;26216781#1;28468730#0;28468732#0;28468732#1;311298662#0;37628709#1;4970256#5;535519490#0;747448014;876057376,runs_J_k16_plain\none_seed1\g005_i017,runs_J_k16_plain\none_seed1\g005_i017\tripinfo.xml
5,18,16,426.996,-25970859#0;-311298682#0;-311298685;-498033359#3;-502325084#1;-7365262;111677669#2;111681905#2;24337240#0;24337240#1;26216781#0;26216781#1;4935286#0;4935286#2;782714971#1;876057378#3,runs_J_k16_plain\none_seed1\g005_i018,runs_J_k16_plain\none_seed1\g005_i018\tripinfo.xml
5,19,16,366.9146666666667,-205590836#0;-24337240#6;-5197062#3;-835445203;120682114#3;131942152;205590836#2;24337240#1;24337240#2;26216781#1;311298662#0;4935286#2;498033359#0;782710712;876057376;876343449#1,runs_J_k16_plain\none_seed1\g005_i019,runs_J_k16_plain\none_seed1\g005_i019\tripinfo.xml
5,20,16,768.2033333333334,-498033359#3;-783907721#1;111677668#0;111677668#3;205590836#2;24337240#1;24337240#2;26216779#0;311298662#0;37628709#0;502325084#0;747448014;782714971#2;7924772;876057378#5;876343449#2,runs_J_k16_plain\none_seed1\g005_i020,runs_J_k16_plain\none_seed1\g005_i020\tripinfo.xml
5,21,16,378.68266666666665,-111677668#3;-120682114#1;-205590836#0;-24337240#4;-311298658;-498033359#0;-782714966#1;-835443464;-876343449#1;205590836#2;311298662#1;4935286#2;498033359#1;747448014;876057378#3;876343449#1,runs_J_k16_plain\none_seed1\g005_i021,runs_J_k16_plain\none_seed1\g005_i021\tripinfo.xml
5,22,16,418.12,-111681903#2;-120682114#2;-120682114#3;-24337240#3;-28298231;-311298685;-5197062#3;-782714966#0;111677671#0;120682114#3;26216779#0;4935286#2;4970256#5;782714966#0;783907721#1;876057376,runs_J_k16_plain\none_seed1\g005_i022,runs_J_k16_plain\none_seed1\g005_i022\tripinfo.xml
5,23,16,579.2853333333334,-111681903#3;-120682114#1;-205590836#0;-24337240#6;-28298231;-311298685;-498033359#0;-782714966#0;-835443464;111677669#2;205590836#2;4935286#0;4970256#7;535519490#0;62826731;876343449#0,runs_J_k16_plain\none_seed1\g005_i023,runs_J_k16_plain\none_seed1\g005_i023\tripinfo.xml
6,0,16,364.2866666666667,-205590836#0;-24337240#6;-498033359#2;-835445203;111677669#1;205590836#2;24337240#2;26216781#0;311298662#0;311298662#1;4935286#2;535519490#0;782714971#0;876057376;876343449#0;876343449#1,runs_J_k16_plain\none_seed1\g006_i000,runs_J_k16_plain\none_seed1\g006_i000\tripinfo.xml
6,1,16,644.456,-205590836#0;-24337240#4;-311298658;-4950193;-498033359#1;-5197062#4;24337240#0;24337240#2;26216779#1;26216781#0;26216781#2;4935286#0;876057378#2;876343449#0;876343449#1;876343449#2,runs_J_k16_plain\none_seed1\g006_i001,runs_J_k16_plain\none_seed1\g006_i001\tripinfo.xml
6,2,16,763.0833333333334,-111677668#4;-24337240#2;-24337240#4;-24337240#6;-28468730#0;111677669#1;111677669#5;111681903#1;131942152;311298662#0;311298662#1;37628709#1;4935286#2;5197062#3;782714971#0;782714971#1,runs_J_k16_plain\none_seed1\g006_i002,runs_J_k16_plain\none_seed1\g006_i002\tripinfo.xml
6,3,16,643.4153333333334,-205590836#0;-24337240#0;-24337240#6;-498033359#2;-535519490#0;-782714971#3;-835445203;-876343449#2;24337240#2;26216781#0;4970256#5;535519490#1;782710712;782714971#0;876343449#0;876343449#1,runs_J_k16_plain\none_seed1\g006_i003,runs_J_k16_plain\none_seed1\g006_i003\tripinfo.xml
6,4,16,615.1666666666666,-205590836#0;-24337240#4;-24337240#6;-498033359#2;-5197062#4;-535519490#0;-783907721#1;-835445203;24337240#2;26216779#1;498033359#3;62826731;747448014;782714971#0;876057376;876343449#1,runs_J_k16_plain\none_seed1\g006_i004,runs_J_k16_plain\none_seed1\g006_i004\tripinfo.xml
6,5,16,695.504,-24337240#6;-4950193;-535519490#0;-782714966#1;-835443464;111677669#0;111681903#1;120682114#1;24337240#2;25970859#0;26216779#1;28468730#0;311298662#0;535519490#0;782714966#0;876343449#1,runs_J_k16_plain\none_seed1\g006_i005,runs_J_k16_plain\none_seed1\g006_i005\tripinfo.xml
6,6,16,389.6446666666667,-120682114#1;-24337240#2;-24337240#3;-74277990;-835445203;111681903#1;111681905#1;24337240#4;28468730#0;311298662#1;4935286#2;4935286#3;4970256#7;835445203;876057378#2;876343449#1,runs_J_k16_plain\none_seed1\g006_i006,runs_J_k16_plain\none_seed1\g006_i006\tripinfo.xml
6,7,16,1000000000000.0,-25970859#0;-311298658;-311298662#1;-311298665;-5197062#4;-782714971#4;24337240#1;26216781#3;311298662#0;311298662#1;4970256#6;498033359#0;782714966#0;835443464;876057378#0;876057378#3,runs_J_k16_plain\none_seed1\g006_i007,runs_J_k16_plain\none_seed1\g006_i007\tripinfo.xml
6,8,16,664.9573333333333,-111681903#3;-24337240#0;-502325084#0;-502325084#1;111677669#4;111677669#5;111681903#2;120682114#1;311298662#1;4970256#5;5197062#3;747448014;782714971#0;783907721#0;783907721#1;876057378#3,runs_J_k16_plain\none_seed1\g006_i008,runs_J_k16_plain\none_seed1\g006_i008\tripinfo.xml
6,9,16,473.41066666666666,-24337240#2;-24337240#6;-498033359#2;-5197062#3;-5197062#4;-74277990;-835445203;205590836#2;25970859#1;311298662#1;4935286#2;4970256#5;498033359#0;535519490#0;62826731;782714971#1,runs_J_k16_plain\none_seed1\g006_i009,runs_J_k16_plain\none_seed1\g006_i009\tripinfo.xml
6,10,16,1000000000000.0,111677669#3;111681905#1;120682114#3;24337240#1;26216781#1;311298662#0;311298662#1;4935286#3;782710712;782714971#0;783907721#1;835445203;876057376;876057378#5;876343449#1;880137010,runs_J_k16_plain\none_seed1\g006_i010,runs_J_k16_plain\none_seed1\g006_i010\tripinfo.xml
6,11,16,1000000000000.0,-120682114#1;-24337240#4;-24337240#6;-28468730#0;-498033359#2;-535519490#1;-74277990;111677668#4;205590836#2;24337240#2;311298662#0;4935286#1;4935286#2;502325084#1;535519490#0;783907721#0,runs_J_k16_plain\none_seed1\g006_i011,runs_J_k16_plain\none_seed1\g006_i011\tripinfo.xml
6,12,16,912.2393333333333,-205590836#0;-311298658;-311298662#1;-498033359#3;-835443464;-835445203;120682114#1;26216781#3;28468730#1;311298662#1;4970256#6;535519490#1;58621262#0;782714971#1;782714971#3;876343449#1,runs_J_k16_plain\none_seed1\g006_i012,runs_J_k16_plain\none_seed1\g006_i012\tripinfo.xml
6,13,16,389.2726666666667,-111681903#0;-111681903#3;-205590836#0;-311298662#0;-5197062#4;-782714966#1;205590836#2;24337240#2;311298662#0;311298662#1;4935286#2;4970256#6;782714966#0;782714966#1;876343449#1;880137009#1,runs_J_k16_plain\none_seed1\g006_i013,runs_J_k16_plain\none_seed1\g006_i013\tripinfo.xml
6,14,16,400.21,-111681903#2;-120682114#3;-205590836#0;-498033359#1;-498033359#2;-835445203;111677669#1;111681905#2;131942152;4935286#2;502325084#3;782714971#0;835445203;876057376;876343449#0;876343449#1,runs_J_k16_plain\none_seed1\g006_i014,runs_J_k16_plain\none_seed1\g006_i014\tripinfo.xml
6,15,7,1000000000000.0,-111681903#2;-24337240#2;-311298665;111677669#2;28468732#0;782714966#0;876057376,runs_J_k16_plain\none_seed1\g006_i015,runs_J_k16_plain\none_seed1\g006_i015\tripinfo.xml
6,16,16,687.9426666666667,-111681903#1;-111681903#2;-120682114#2;-120682114#3;-24337240#6;-4950193;-535519490#1;-7365262;-782714966#1;111677671#0;120682114#3;62826731;782714966#0;783907721#1;876057376;880137009#1,runs_J_k16_plain\none_seed1\g006_i016,runs_J_k16_plain\none_seed1\g006_i016\tripinfo.xml
6,17,16,682.822,-111677668#3;-28468730#0;-880137009#1;111681903#0;120682114#1;131942152;26216781#2;311298662#0;311298662#1;4970256#5;498033359#1;5197062#4;782714966#0;7924772;835445203;876057378#0,runs_J_k16_plain\none_seed1\g006_i017,runs_J_k16_plain\none_seed1\g006_i017\tripinfo.xml
6,18,16,1000000000000.0,-205590836#0;-24337240#4;-311298665;-502325084#0;-502325084#3;-782714971#3;111677668#3;111677668#4;205590836#2;24337240#5;28468730#1;311298662#1;502325084#3;782714971#3;7924772;876343449#1,runs_J_k16_plain\none_seed1\g006_i018,runs_J_k16_plain\none_seed1\g006_i018\tripinfo.xml
6,19,16,740.0586666666667,-205590836#0;120682114#3;131942152;24337240#1;26216781#1;311298662#0;4970256#5;498033359#0;5197062#4;58621262#0;782710712;782714971#2;783907721#0;876057376;876343449#1;880137009#1,runs_J_k16_plain\none_seed1\g006_i019,runs_J_k16_plain\none_seed1\g006_i019\tripinfo.xml
6,20,16,627.1053333333333,-205590836#0;-24337240#6;-5197062#3;-782714971#1;-782714971#3;120682114#3;131942152;205590836#2;24337240#1;24337240#4;311298662#1;4935286#0;782710712;782714971#3;876057376;876343449#1,runs_J_k16_plain\none_seed1\g006_i020,runs_J_k16_plain\none_seed1\g006_i020\tripinfo.xml
6,21,16,2449.8053333333332,-111681903#3;-120682114#1;-205590836#0;-24337240#6;-782714966#0;-835445203;111677669#1;26216781#0;311298662#0;311298662#1;4935286#2;498033359#0;782714966#0;876057376;876343449#0;880140407,runs_J_k16_plain\none_seed1\g006_i021,runs_J_k16_plain\none_seed1\g006_i021\tripinfo.xml
6,22,16,705.4453333333333,-205590836#0;-24337240#2;-24337240#7;-502325084#1;-782714971#0;-880140407;111677668#4;311298662#0;37628709#0;4935286#0;502325084#1;58621262#0;782710712;876057376;876343449#1;880137009#1,runs_J_k16_plain\none_seed1\g006_i022,runs_J_k16_plain\none_seed1\g006_i022\tripinfo.xml
6,23,16,663.382,-25970859#0;-502325084#0;-502325084#1;-7365262;-782714966#1;-880140407;111677668#0;111677671#0;120682114#1;24337240#1;28468730#1;4935286#0;4935286#2;4970256#6;498033359#1;782714971#1,runs_J_k16_plain\none_seed1\g006_i023,runs_J_k16_plain\none_seed1\g006_i023\tripinfo.xml
7,0,16,364.2866666666667,-205590836#0;-24337240#6;-498033359#2;-835445203;111677669#1;205590836#2;24337240#2;26216781#0;311298662#0;311298662#1;4935286#2;535519490#0;782714971#0;876057376;876343449#0;876343449#1,runs_J_k16_plain\none_seed1\g007_i000,runs_J_k16_plain\none_seed1\g007_i000\tripinfo.xml
7,1,16,601.2686666666667,-205590836#0;-24337240#4;-24337240#6;-498033359#2;-782714971#0;-835445203;-876343449#1;111677669#1;111681905#2;24337240#4;26216779#1;782714971#0;876057378#0;876343449#0;876343449#1;880137010,runs_J_k16_plain\none_seed1\g007_i001,runs_J_k16_plain\none_seed1\g007_i001\tripinfo.xml
7,2,16,518.5493333333334,-498033359#2;-535519490#0;-782714971#1;-782714971#4;-835445203;111681903#0;24337240#5;26216781#0;4935286#2;4970256#5;502325084#0;535519490#0;747448014;782714966#1;782714971#0;876343449#1,runs_J_k16_plain\none_seed1\g007_i002,runs_J_k16_plain\none_seed1\g007_i002\tripinfo.xml
7,3,16,613.752,-111681903#2;-502325084#3;-535519490#0;111677669#1;111677669#5;131942152;24337240#1;24337240#2;25970859#1;26216781#2;4935286#2;502325084#3;782714971#0;876057378#5;876343449#1;880137009#1,runs_J_k16_plain\none_seed1\g007_i003,runs_J_k16_plain\none_seed1\g007_i003\tripinfo.xml
7,4,16,674.418,-205590836#0;-311298658;-498033359#1;-535519490#0;-7365262;111677669#1;28468730#0;498033359#3;5197062#4;62826731;747448014;782714971#0;782714971#3;835445203;876057378#3;876343449#1,runs_J_k16_plain\none_seed1\g007_i004,runs_J_k16_plain\none_seed1\g007_i004\tripinfo.xml
7,5,16,385.99066666666664,-205590836#0;-311298662#1;-783907721#0;-835445203;-876343449#1;111677669#5;111681905#2;26216781#2;28468732#1;311298658;4935286#2;502325084#1;502325084#3;876057376;876057378#5;876343449#0,runs_J_k16_plain\none_seed1\g007_i005,runs_J_k16_plain\none_seed1\g007_i005\tripinfo.xml
7,6,16,429.458,-24337240#2;-28298231;-74277990;-783907721#1;111677671#0;131942152;24337240#4;26216779#1;26216781#1;311298662#0;4935286#2;4935299#1;4970256#7;498033359#0;835445203;876343449#1,runs_J_k16_plain\none_seed1\g007_i006,runs_J_k16_plain\none_seed1\g007_i006\tripinfo.xml
7,7,16,569.586,-24337240#3;-498033359#2;-502325084#1;-783907721#1;111677669#5;205590836#2;24337240#7;311298685;4935286#2;502325084#1;5197062#3;535519490#0;62826731;747448014;783907721#0;876057378#3,runs_J_k16_plain\none_seed1\g007_i007,runs_J_k16_plain\none_seed1\g007_i007\tripinfo.xml
7,8,16,667.0866666666667,-111681903#0;-24337240#2;-498033359#2;-5197062#4;-835445203;-876343449#1;111677669#4;120682114#1;25970859#1;26216781#3;311298662#1;4970256#5;498033359#0;502325084#0;782714971#0;876057376,runs_J_k16_plain\none_seed1\g007_i008,runs_J_k16_plain\none_seed1\g007_i008\tripinfo.xml
7,9,16,1000000000000.0,-111681903#0;-205590836#0;-24337240#6;-535519490#0;111677669#2;111681903#1;120682114#1;120682114#3;24337240#5;26216781#3;4970256#5;5197062#4;782714971#0;7924772;876343449#2;880137009#0,runs_J_k16_plain\none_seed1\g007_i009,runs_J_k16_plain\none_seed1\g007_i009\tripinfo.xml
7,10,16,1000000000000.0,-311298665;-502325084#0;-5197062#4;-835445203;-876343449#2;-880137009#0;-880137009#1;111681905#2;120682114#2;131942152;25970859#0;26216781#0;311298662#1;498033359#1;5197062#4;835445203,runs_J_k16_plain\none_seed1\g007_i010,runs_J_k16_plain\none_seed1\g007_i010\tripinfo.xml
7,11,13,648.272,-311298685;-4950193;-782714971#4;111681903#3;24337240#2;24337240#7;26216781#0;4970256#6;502325084#1;535519490#0;782714971#0;876343449#0;876343449#1,runs_J_k16_plain\none_seed1\g007_i011,runs_J_k16_plain\none_seed1\g007_i011\tripinfo.xml
7,12,5,606.1886666666667,-311298682#0;-782714971#3;24337240#2;5197062#3;876057378#4,runs_J_k16_plain\none_seed1\g007_i012,runs_J_k16_plain\none_seed1\g007_i012\tripinfo.xml
7,13,16,963.4926666666667,-111681903#0;-25970859#0;-311298662#0;-498033359#2;-502325084#1;-782714966#1;111677668#0;111677671#0;28468730#1;311298662#0;311298662#1;4935286#0;502325084#1;782710712;782714966#1;880137009#0,runs_J_k16_plain\none_seed1\g007_i013,runs_J_k16_plain\none_seed1\g007_i013\tripinfo.xml
7,14,16,631.1786666666667,-205590836#0;-25970859#0;-502325084#0;-7365262;-880137009#1;120682114#1;24337240#1;25970859#1;28468730#0;311298662#1;311298665;4935286#3;4970256#6;502325084#1;782714966#0;880137009#0,runs_J_k16_plain\none_seed1\g007_i014,runs_J_k16_plain\none_seed1\g007_i014\tripinfo.xml
7,15,9,731.5846666666666,-111677668#0;-120682114#1;-783907721#0;-876343449#2;311298662#0;498033359#2;782714971#0;835443464;876343449#1,runs_J_k16_plain\none_seed1\g007_i015,runs_J_k16_plain\none_seed1\g007_i015\tripinfo.xml
7,16,16,648.58,-24337240#2;-24337240#4;-24337240#6;-311298662#0;-498033359#2;-502325084#1;111677669#1;111681903#0;111681905#1;131942152;205590836#2;26216781#3;4970256#7;5197062#4;876343449#0;880137009#0,runs_J_k16_plain\none_seed1\g007_i016,runs_J_k16_plain\none_seed1\g007_i016\tripinfo.xml
7,17,16,650.8013333333333,-111677668#4;-111681903#3;-205590836#0;-24337240#2;111677668#3;111681905#1;24337240#4;24337240#7;26216779#1;311298662#1;4935286#3;498033359#2;782714966#0;782714966#1;782714971#3;835445203,runs_J_k16_plain\none_seed1\g007_i017,runs_J_k16_plain\none_seed1\g007_i017\tripinfo.xml
7,18,16,537.7786666666667,-24337240#2;-311298662#0;-502325084#1;-835445203;111681905#1;205590836#2;24337240#2;25970859#1;311298662#1;311298685;4935286#2;4970256#6;502325084#3;535519490#0;782714971#4;876343449#1,runs_J_k16_plain\none_seed1\g007_i018,runs_J_k16_plain\none_seed1\g007_i018\tripinfo.xml
7,19,11,632.9606666666666,-111677668#0;-24337240#3;-311298658;-74277990;-782714971#2;-782714971#3;24337240#4;28468732#0;311298662#1;535519490#0;782714971#2,runs_J_k16_plain\none_seed1\g007_i019,runs_J_k16_plain\none_seed1\g007_i019\tripinfo.xml
7,20,16,576.52,-24337240#6;-28468730#0;-498033359#1;-498033359#2;-783907721#1;111677669#1;111677669#2;111681905#1;26216779#1;311298658;311298662#0;4935286#2;835445203;876057376;876343449#0;880137010,runs_J_k16_plain\none_seed1\g007_i020,runs_J_k16_plain\none_seed1\g007_i020\tripinfo.xml
7,21,16,752.6953333333333,-111681903#3;-205590836#0;-24337240#4;-311298662#0;-311298685;-498033359#0;111677668#3;311298662#1;4970256#6;4970256#7;58621262#0;782714966#0;783907721#1;835445203;876057378#4;880137009#1,runs_J_k16_plain\none_seed1\g007_i021,runs_J_k16_plain\none_seed1\g007_i021\tripinfo.xml
7,22,16,495.68733333333336,-111677668#0;-205590836#0;-498033359#2;-835445203;-876343449#1;111677669#4;120682114#1;24337240#3;26216781#0;311298662#0;4935286#2;535519490#0;782714971#3;783907721#1;876343449#1;880137009#0,runs_J_k16_plain\none_seed1\g007_i022,runs_J_k16_plain\none_seed1\g007_i022\tripinfo.xml
7,23,16,369.49333333333334,-205590836#0;-24337240#2;-24337240#3;-24337240#6;-498033359#2;-535519490#0;-782714966#0;-835445203;-876343449#2;111681905#1;26216781#1;311298662#1;4935286#2;535519490#1;782710712;7924772,runs_J_k16_plain\none_seed1\g007_i023,runs_J_k16_plain\none_seed1\g007_i023\tripinfo.xml
8,0,16,364.2866666666667,-205590836#0;-24337240#6;-498033359#2;-835445203;111677669#1;205590836#2;24337240#2;26216781#0;311298662#0;311298662#1;4935286#2;535519490#0;782714971#0;876057376;876343449#0;876343449#1,runs_J_k16_plain\none_seed1\g008_i000,runs_J_k16_plain\none_seed1\g008_i000\tripinfo.xml
8,1,16,628.3373333333333,-111677671#0;-24337240#1;-782714971#0;-783907721#0;-876343449#1;111681905#2;205590836#2;24337240#0;24337240#5;28468730#0;311298658;4970256#5;747448014;782714966#1;876057376;876057378#0,runs_J_k16_plain\none_seed1\g008_i001,runs_J_k16_plain\none_seed1\g008_i001\tripinfo.xml
8,2,16,759.662,-205590836#0;-28468730#0;-311298662#1;-311298682#0;-502325084#3;-782714971#1;111677669#5;111681903#0;24337240#4;24337240#5;26216781#0;311298662#1;498033359#3;502325084#0;835445203;876057378#5,runs_J_k16_plain\none_seed1\g008_i002,runs_J_k16_plain\none_seed1\g008_i002\tripinfo.xml
8,3,16,509.17066666666665,-498033359#0;-498033359#2;-502325084#1;-535519490#0;-876343449#1;-880137009#1;111677668#0;111677669#0;111677669#3;111681903#1;24337240#4;25970859#0;4935286#2;535519490#0;783907721#1;835445203,runs_J_k16_plain\none_seed1\g008_i003,runs_J_k16_plain\none_seed1\g008_i003\tripinfo.xml
8,4,16,1185.3673333333334,-111677671#0;-24337240#1;-782714971#0;111677669#1;111677669#5;111677671#0;111681903#0;131942152;24337240#1;26216779#1;311298662#0;4935286#2;4970256#5;4970256#7;747448014;782714966#1,runs_J_k16_plain\none_seed1\g008_i004,runs_J_k16_plain\none_seed1\g008_i004\tripinfo.xml
8,5,16,734.62,-24337240#2;-311298685;-5197062#3;-782714971#3;111677669#4;120682114#1;25970859#1;26216781#1;28468730#1;37628709#0;62826731;782714971#3;876057378#0;876057378#4;876343449#2;880137009#1,runs_J_k16_plain\none_seed1\g008_i005,runs_J_k16_plain\none_seed1\g008_i005\tripinfo.xml
8,6,7,1000000000000.0,-111677668#0;-782714971#1;-782714971#3;-876343449#1;26216781#0;4935286#0;880137009#0,runs_J_k16_plain\none_seed1\g008_i006,runs_J_k16_plain\none_seed1\g008_i006\tripinfo.xml
8,7,16,563.438,-111677671#0;-120682114#1;-24337240#7;-311298662#0;-498033359#2;-782714971#1;120682114#3;24337240#5;26216781#0;28468732#0;4935286#0;4935286#2;535519490#1;7924772;876343449#1;876343449#2,runs_J_k16_plain\none_seed1\g008_i007,runs_J_k16_plain\none_seed1\g008_i007\tripinfo.xml
8,8,16,626.954,-205590836#0;-24337240#2;-24337240#3;-24337240#6;-28468730#0;-311298658;-498033359#3;-535519490#0;-782714966#0;-782714971#4;-876343449#2;311298662#1;502325084#0;747448014;782710712;782714966#1,runs_J_k16_plain\none_seed1\g008_i008,runs_J_k16_plain\none_seed1\g008_i008\tripinfo.xml
8,9,16,601.956,-120682114#3;-24337240#1;-24337240#2;-28298231;-311298662#0;-876343449#0;111677669#1;111681905#2;205590836#2;24337240#7;26216781#0;311298662#1;4935286#2;4935299#1;876343449#1;876343449#2,runs_J_k16_plain\none_seed1\g008_i009,runs_J_k16_plain\none_seed1\g008_i009\tripinfo.xml
8,10,16,723.91,-498033359#2;-502325084#3;-783907721#1;-876343449#1;111681903#0;24337240#4;26216781#3;311298662#0;4970256#7;498033359#0;535519490#0;535519490#1;58621262#0;7924772;835445203;876343449#0,runs_J_k16_plain\none_seed1\g008_i010,runs_J_k16_plain\none_seed1\g008_i010\tripinfo.xml
8,11,16,1113.1833333333334,-111677668#3;-111677671#0;-24337240#3;-24337240#6;-535519490#0;-782714966#0;-835445203;-880137009#0;111677669#3;120682114#1;24337240#2;24337240#7;26216781#1;311298658;37628709#1;58621262#0,runs_J_k16_plain\none_seed1\g008_i011,runs_J_k16_plain\none_seed1\g008_i011\tripinfo.xml
8,12,16,760.6886666666667,-205590836#0;-24337240#2;-28468730#0;-876343449#2;111677669#4;24337240#5;26216781#2;311298662#1;37628709#0;37628709#1;498033359#0;5197062#3;783907721#1;783907721#2;7924772;835445203,runs_J_k16_plain\none_seed1\g008_i012,runs_J_k16_plain\none_seed1\g008_i012\tripinfo.xml
8,13,16,594.816,-205590836#0;-311298662#0;-498033359#3;-782714971#2;-835445203;111677668#3;120682114#1;28468730#1;28468732#1;4935286#2;535519490#0;782714971#0;783907721#1;783907721#2;876057378#4;880137009#0,runs_J_k16_plain\none_seed1\g008_i013,runs_J_k16_plain\none_seed1\g008_i013\tripinfo.xml
8,14,13,644.456,-111677668#0;-24337240#1;-311298665;-498033359#2;111677668#0;111677669#4;24337240#2;311298658;4935286#2;782714971#1;782714971#3;876057378#4;876343449#1,runs_J_k16_plain\none_seed1\g008_i014,runs_J_k16_plain\none_seed1\g008_i014\tripinfo.xml
8,15,5,1642.528,-535519490#0;-783907721#1;111681903#3;4970256#5;782714971#0,runs_J_k16_plain\none_seed1\g008_i015,runs_J_k16_plain\none_seed1\g008_i015\tripinfo.xml
8,16,16,473.94466666666665,-24337240#0;-24337240#2;-5197062#4;-782714971#4;111681903#0;111681903#2;26216779#1;28468730#0;4935286#3;4935299#1;4970256#7;498033359#2;502325084#0;747448014;876343449#1;880140407,runs_J_k16_plain\none_seed1\g008_i016,runs_J_k16_plain\none_seed1\g008_i016\tripinfo.xml
8,17,15,657.554,-782714971#2;-835445203;-880140407;111677669#4;120682114#1;24337240#0;24337240#2;25970859#0;28468730#1;311298682#0;498033359#2;502325084#3;782714966#1;876343449#1;876343449#2,runs_J_k16_plain\none_seed1\g008_i017,runs_J_k16_plain\none_seed1\g008_i017\tripinfo.xml
8,18,16,655.7953333333334,-25970859#1;-498033359#2;-782714966#1;111681903#3;111681905#1;205590836#2;24337240#3;24337240#4;26216781#0;782714971#0;783907721#0;783907721#1;835445203;876057376;876343449#0;880137010,runs_J_k16_plain\none_seed1\g008_i018,runs_J_k16_plain\none_seed1\g008_i018\tripinfo.xml
8,19,16,1000000000000.0,-111677668#0;-111681903#2;-205590836#0;-502325084#0;-535519490#1;-782714966#0;-880140407;111677668#0;111677669#4;120682114#3;311298662#0;4970256#8;782714971#2;782714971#3;783907721#2;880137009#0,runs_J_k16_plain\none_seed1\g008_i019,runs_J_k16_plain\none_seed1\g008_i019\tripinfo.xml
8,20,15,921.6666666666666,-111677668#0;-111681903#1;-24337240#1;-25970859#0;-782714971#0;-782714971#3;-835445203;-876343449#1;120682114#1;25970859#0;311298658;311298662#0;4970256#5;502325084#3;876057378#3,runs_J_k16_plain\none_seed1\g008_i020,runs_J_k16_plain\none_seed1\g008_i020\tripinfo.xml
8,21,15,1197.0306666666668,-311298658;-498033359#1;-502325084#1;-835445203;-876343449#1;-880137009#0;-880137009#1;24337240#7;25970859#1;28468730#0;311298662#0;311298685;4935286#2;783907721#0;876057378#1,runs_J_k16_plain\none_seed1\g008_i021,runs_J_k16_plain\none_seed1\g008_i021\tripinfo.xml
8,22,16,780.7546666666667,-205590836#0;-498033359#2;-74277990;-783907721#1;111677668#0;111677669#5;24337240#2;311298662#1;311298685;4970256#7;498033359#2;502325084#3;535519490#0;58621262#0;62826731;876057378#1,runs_J_k16_plain\none_seed1\g008_i022,runs_J_k16_plain\none_seed1\g008_i022\tripinfo.xml
8,23,13,369.318,-111681903#2;-120682114#1;-205590836#0;-24337240#3;-502325084#1;-835445203;-876343449#2;26216779#1;4935286#2;747448014;782710712;782714971#4;7924772,runs_J_k16_plain\none_seed1\g008_i023,runs_J_k16_plain\none_seed1\g008_i023\tripinfo.xml
9,0,16,364.2866666666667,-205590836#0;-24337240#6;-498033359#2;-835445203;111677669#1;205590836#2;24337240#2;26216781#0;311298662#0;311298662#1;4935286#2;535519490#0;782714971#0;876057376;876343449#0;876343449#1,runs_J_k16_plain\none_seed1\g009_i000,runs_J_k16_plain\none_seed1\g009_i000\tripinfo.xml
9,1,16,756.0993333333333,-111677668#0;-24337240#1;-782714966#1;-835445203;-876343449#2;111677668#4;111681905#1;120682114#1;26216781#0;26216781#3;498033359#1;502325084#0;782714971#0;783907721#0;783907721#1;880137010,runs_J_k16_plain\none_seed1\g009_i001,runs_J_k16_plain\none_seed1\g009_i001\tripinfo.xml
9,2,16,425.7266666666667,-205590836#0;-25970859#1;-782714966#0;111677668#3;120682114#3;24337240#2;24337240#3;28468732#0;4935286#2;782714971#0;783907721#1;783907721#2;835445203;876057376;876057378#2;876343449#2,runs_J_k16_plain\none_seed1\g009_i002,runs_J_k16_plain\none_seed1\g009_i002\tripinfo.xml
9,3,16,527.0313333333334,-120682114#3;-205590836#0;-24337240#1;-24337240#4;-498033359#2;-535519490#1;-7365262;-782714971#3;-880140407;111681905#2;24337240#2;26216781#0;311298662#1;4935286#2;502325084#0;782714971#0,runs_J_k16_plain\none_seed1\g009_i003,runs_J_k16_plain\none_seed1\g009_i003\tripinfo.xml
9,4,16,661.3006666666666,-24337240#2;-311298682#0;-498033359#2;-876343449#0;111677669#5;24337240#1;24337240#7;26216781#0;311298662#1;4935286#2;498033359#1;5197062#4;535519490#0;876343449#0;876343449#1;876343449#2,runs_J_k16_plain\none_seed1\g009_i004,runs_J_k16_plain\none_seed1\g009_i004\tripinfo.xml
9,5,16,667.568,-111677671#0;-111681903#2;-205590836#0;-24337240#3;-28468730#0;-311298658;-502325084#0;-74277990;111677669#3;24337240#0;25970859#0;26216781#1;782710712;782714971#4;876057378#4;880137009#1,runs_J_k16_plain\none_seed1\g009_i005,runs_J_k16_plain\none_seed1\g009_i005\tripinfo.xml
9,6,16,663.0953333333333,-498033359#0;-498033359#3;-502325084#1;-535519490#1;-782714971#0;-782714971#4;-880140407;24337240#4;28468730#1;311298662#0;4935286#2;502325084#0;747448014;782714971#2;783907721#2;880137009#0,runs_J_k16_plain\none_seed1\g009_i006,runs_J_k16_plain\none_seed1\g009_i006\tripinfo.xml
9,7,16,697.9993333333333,-111681903#1;-24337240#2;-24337240#3;-498033359#0;-498033359#1;-502325084#3;-535519490#0;111677668#0;111677668#3;111677669#0;111681903#1;205590836#2;535519490#0;783907721#1;876057376;876057378#1,runs_J_k16_plain\none_seed1\g009_i007,runs_J_k16_plain\none_seed1\g009_i007\tripinfo.xml
9,8,16,949.3026666666667,-24337240#6;-498033359#2;-498033359#3;-880137009#1;111677669#3;111681903#0;111681903#3;111681905#2;120682114#2;25970859#0;4935286#1;4970256#8;782710712;782714966#0;782714966#1;783907721#0,runs_J_k16_plain\none_seed1\g009_i008,runs_J_k16_plain\none_seed1\g009_i008\tripinfo.xml
9,9,16,739.5246666666667,-311298662#0;-498033359#3;-782714971#1;-782714971#2;-835445203;-880140407;205590836#2;24337240#3;24337240#4;26216781#0;28468732#1;311298662#0;37628709#0;876343449#1;880137009#0;880137010,runs_J_k16_plain\none_seed1\g009_i009,runs_J_k16_plain\none_seed1\g009_i009\tripinfo.xml
9,10,16,1449.3853333333334,-111677668#0;-111681903#3;-311298685;-498033359#0;-502325084#1;-535519490#0;-782714966#1;-835445203;-876343449#2;111677668#0;111677668#3;111681903#1;28468730#1;4935286#1;4935286#2;62826731,runs_J_k16_plain\none_seed1\g009_i010,runs_J_k16_plain\none_seed1\g009_i010\tripinfo.xml
9,11,16,681.47,-498033359#0;-535519490#1;-7365262;-782714966#1;-782714971#2;-782714971#4;-835445203;111677669#0;111681903#2;311298665;4935286#1;502325084#0;535519490#0;876343449#1;876343449#2;880140407,runs_J_k16_plain\none_seed1\g009_i011,runs_J_k16_plain\none_seed1\g009_i011\tripinfo.xml
9,12,16,1313.2353333333333,-111681903#1;-24337240#3;-24337240#6;-876343449#1;111677668#0;111681903#1;24337240#1;26216781#3;28468730#0;4935286#3;4970256#7;498033359#1;502325084#0;535519490#1;783907721#1;876343449#1,runs_J_k16_plain\none_seed1\g009_i012,runs_J_k16_plain\none_seed1\g009_i012\tripinfo.xml
9,13,16,1000000000000.0,-111677671#0;-120682114#1;-120682114#2;-205590836#0;-24337240#7;-5197062#3;-876343449#0;111677671#0;26216781#0;28468732#0;4935286#0;4935286#2;535519490#1;835443464;876343449#2;880137010,runs_J_k16_plain\none_seed1\g009_i013,runs_J_k16_plain\none_seed1\g009_i013\tripinfo.xml
9,14,16,623.296,-111677668#4;-111681903#0;-111681903#1;-120682114#1;-535519490#1;-782714971#0;-783907721#1;-876343449#2;24337240#5;25970859#1;26216779#1;311298685;4935286#2;498033359#1;747448014;782714971#4,runs_J_k16_plain\none_seed1\g009_i014,runs_J_k16_plain\none_seed1\g009_i014\tripinfo.xml
9,15,16,637.2286666666666,-111681903#0;-24337240#2;-24337240#6;-25970859#0;-498033359#2;-502325084#1;-535519490#1;-782714971#2;-835445203;111677668#4;111677669#0;111677669#1;111677671#0;205590836#2;24337240#2;747448014,runs_J_k16_plain\none_seed1\g009_i015,runs_J_k16_plain\none_seed1\g009_i015\tripinfo.xml
9,16,16,1580.1093333333333,-205590836#0;-502325084#1;-5197062#4;-535519490#0;-782714971#4;111681903#0;120682114#2;26216781#1;311298662#1;311298665;4935286#2;4935299#1;502325084#0;747448014;782714966#0;876343449#1,runs_J_k16_plain\none_seed1\g009_i016,runs_J_k16_plain\none_seed1\g009_i016\tripinfo.xml
9,17,16,551.6086666666666,-24337240#0;-24337240#2;-5197062#4;111681903#0;111681903#2;120682114#1;26216781#1;28468730#0;28468732#1;4935286#3;502325084#0;58621262#0;747448014;782714971#0;783907721#2;876343449#1,runs_J_k16_plain\none_seed1\g009_i017,runs_J_k16_plain\none_seed1\g009_i017\tripinfo.xml
9,18,16,578.494,-111681903#2;-205590836#0;-24337240#2;-5197062#4;-782714971#4;-783907721#0;111677669#0;111681903#0;111681903#2;120682114#3;4935286#3;4935299#1;498033359#0;498033359#2;876343449#1;876343449#2,runs_J_k16_plain\none_seed1\g009_i018,runs_J_k16_plain\none_seed1\g009_i018\tripinfo.xml
9,19,16,1000000000000.0,-111677671#0;-205590836#0;-311298662#0;-311298682#0;-74277990;-835445203;111677669#5;24337240#2;26216781#0;26216781#1;4935286#0;4935286#1;783907721#2;876057378#4;876343449#1;880137009#1,runs_J_k16_plain\none_seed1\g009_i019,runs_J_k16_plain\none_seed1\g009_i019\tripinfo.xml
9,20,16,940.374,-120682114#1;-25970859#0;-311298662#0;-4950193;-498033359#3;-782714971#1;-782714971#2;-835443464;28468730#1;4935286#1;4935286#2;502325084#0;5197062#3;535519490#1;876343449#2;880137009#0,runs_J_k16_plain\none_seed1\g009_i020,runs_J_k16_plain\none_seed1\g009_i020\tripinfo.xml
9,21,16,1000000000000.0,-111677668#4;-111681903#2;-120682114#1;-120682114#3;-311298658;-311298662#1;-311298665;-498033359#2;-880140407;111677669#2;111677669#3;28468732#1;4935286#2;4935286#3;498033359#2;7924772,runs_J_k16_plain\none_seed1\g009_i021,runs_J_k16_plain\none_seed1\g009_i021\tripinfo.xml
9,22,16,532.2326666666667,-111677668#3;-111677671#0;-205590836#0;-502325084#3;-782714966#0;-782714966#1;111677669#1;26216779#1;26216781#0;311298662#0;4935286#0;4935286#2;782714971#0;782714971#4;783907721#0;880137009#1,runs_J_k16_plain\none_seed1\g009_i022,runs_J_k16_plain\none_seed1\g009_i022\tripinfo.xml
9,23,9,724.3873333333333,-120682114#2;-120682114#3;-502325084#3;-783907721#0;111677668#0;111677669#1;535519490#0;876057376;876057378#5,runs_J_k16_plain\none_seed1\g009_i023,runs_J_k16_plain\none_seed1\g009_i023\tripinfo.xml
10,0,16,364.2866666666667,-205590836#0;-24337240#6;-498033359#2;-835445203;111677669#1;205590836#2;24337240#2;26216781#0;311298662#0;311298662#1;4935286#2;535519490#0;782714971#0;876057376;876343449#0;876343449#1,runs_J_k16_plain\none_seed1\g010_i000,runs_J_k16_plain\none_seed1\g010_i000\tripinfo.xml
10,1,16,1111.2873333333334,-120682114#2;-498033359#3;-782714971#1;-835445203;-876343449#1;24337240#0;26216779#1;26216781#0;28468730#1;311298662#0;311298662#1;37628709#0;782714971#4;783907721#2;876057378#0;880137009#0,runs_J_k16_plain\none_seed1\g010_i001,runs_J_k16_plain\none_seed1\g010_i001\tripinfo.xml
10,2,16,1168.466,-24337240#4;-311298662#0;-74277990;-782714966#0;-782714971#2;120682114#2;120682114#3;205590836#2;26216781#0;28468732#1;311298665;4935286#2;782714966#1;782714971#0;876057378#5;880137010,runs_J_k16_plain\none_seed1\g010_i002,runs_J_k16_plain\none_seed1\g010_i002\tripinfo.xml
10,3,14,643.84,-111681903#0;-205590836#0;-24337240#6;-311298682#0;-498033359#1;-876343449#0;24337240#1;4970256#6;498033359#1;502325084#3;5197062#4;58621262#1;782714971#2;876343449#1,runs_J_k16_plain\none_seed1\g010_i003,runs_J_k16_plain\none_seed1\g010_i003\tripinfo.xml
10,4,16,449.0593333333333,-205590836#0;-24337240#2;-25970859#1;-782714966#0;111677668#3;111677669#2;205590836#2;24337240#2;4935286#2;4970256#6;5197062#4;58621262#1;782714971#0;782714971#3;835445203;876057376,runs_J_k16_plain\none_seed1\g010_i004,runs_J_k16_plain\none_seed1\g010_i004\tripinfo.xml
10,5,16,1000000000000.0,-111681903#1;-120682114#3;-24337240#3;-782714971#1;-782714971#2;-880140407;111677668#4;111677669#5;28468730#0;28468732#0;311298665;502325084#0;62826731;782714971#0;876057376;876057378#3,runs_J_k16_plain\none_seed1\g010_i005,runs_J_k16_plain\none_seed1\g010_i005\tripinfo.xml
10,6,16,1095.9953333333333,-120682114#1;-120682114#3;-205590836#0;-24337240#1;-24337240#2;-25970859#0;-535519490#1;-782714971#3;111677669#1;111681903#1;120682114#1;311298658;4935286#2;58621262#0;782714971#0;782714971#2,runs_J_k16_plain\none_seed1\g010_i006,runs_J_k16_plain\none_seed1\g010_i006\tripinfo.xml
10,7,16,483.50866666666667,-24337240#4;-311298685;-498033359#2;-535519490#1;-7365262;111677668#4;111677669#0;24337240#3;25970859#0;26216781#2;4935286#2;4970256#8;62826731;747448014;782714966#1;782714971#0,runs_J_k16_plain\none_seed1\g010_i007,runs_J_k16_plain\none_seed1\g010_i007\tripinfo.xml
10,8,16,781.5893333333333,-111681903#3;-205590836#0;-24337240#1;-25970859#0;-498033359#2;-7365262;-782714971#2;-782714971#3;-835445203;111677669#1;111677669#4;111677669#5;111681903#2;24337240#0;311298662#1;876343449#1,runs_J_k16_plain\none_seed1\g010_i008,runs_J_k16_plain\none_seed1\g010_i008\tripinfo.xml
10,9,16,486.64,-205590836#0;-835445203;-880137009#1;111681905#1;24337240#2;24337240#5;24337240#7;26216781#3;4935286#2;4935299#1;4970256#7;502325084#3;535519490#0;835445203;876057378#2;876343449#2,runs_J_k16_plain\none_seed1\g010_i009,runs_J_k16_plain\none_seed1\g010_i009\tripinfo.xml
10,10,16,639.32,-205590836#0;-24337240#1;-24337240#3;-24337240#4;-498033359#2;-782714971#0;-782714971#4;111677669#1;120682114#3;24337240#2;311298662#0;311298662#1;4935286#1;4935286#2;782710712;876343449#0,runs_J_k16_plain\none_seed1\g010_i010,runs_J_k16_plain\none_seed1\g010_i010\tripinfo.xml
10,11,16,643.0773333333333,-111681903#1;-205590836#0;-502325084#3;-5197062#4;-782714966#0;-782714971#2;-880140407;111681903#1;205590836#2;25970859#1;26216779#1;26216781#0;37628709#1;747448014;782714971#0;783907721#0,runs_J_k16_plain\none_seed1\g010_i011,runs_J_k16_plain\none_seed1\g010_i011\tripinfo.xml
10,12,16,2278.256,-24337240#2;-535519490#0;-782714966#0;-876343449#0;-880137009#0;111681903#0;26216779#1;28468730#1;311298662#0;535519490#0;782714971#4;783907721#1;7924772;835443464;876057378#5;880137009#1,runs_J_k16_plain\none_seed1\g010_i012,runs_J_k16_plain\none_seed1\g010_i012\tripinfo.xml
10,13,13,485.68466666666666,-111677668#3;-24337240#6;111677669#0;205590836#2;24337240#3;26216781#0;4935286#0;4935286#2;782714971#4;783907721#0;876343449#1;876343449#2;880140407,runs_J_k16_plain\none_seed1\g010_i013,runs_J_k16_plain\none_seed1\g010_i013\tripinfo.xml
10,14,16,472.562,-111677671#0;-205590836#0;-24337240#6;-498033359#2;-502325084#3;111677669#1;120682114#1;120682114#3;24337240#3;26216781#0;311298662#0;311298662#1;4935286#2;498033359#2;502325084#0;876343449#0,runs_J_k16_plain\none_seed1\g010_i014,runs_J_k16_plain\none_seed1\g010_i014\tripinfo.xml
10,15,15,736.5286666666667,-120682114#3;-205590836#0;-24337240#4;-28298231;-74277990;-782714971#2;-782714971#3;-783907721#1;111677669#4;111681905#2;24337240#2;4970256#7;502325084#0;535519490#0;835445203,runs_J_k16_plain\none_seed1\g010_i015,runs_J_k16_plain\none_seed1\g010_i015\tripinfo.xml
10,16,16,388.84,-24337240#6;-28468730#0;-311298662#1;-498033359#1;111677669#1;111677669#4;205590836#2;24337240#2;311298662#0;4935286#2;498033359#3;535519490#0;782714966#0;782714971#0;782714971#4;7924772,runs_J_k16_plain\none_seed1\g010_i016,runs_J_k16_plain\none_seed1\g010_i016\tripinfo.xml
10,17,16,1000000000000.0,-498033359#2;-535519490#1;-7365262;-782714971#3;-782714971#4;-835445203;-876343449#0;131942152;24337240#0;26216779#1;37628709#0;4935286#1;535519490#0;782714971#2;876343449#1;880140407,runs_J_k16_plain\none_seed1\g010_i017,runs_J_k16_plain\none_seed1\g010_i017\tripinfo.xml
10,18,16,816.266,-111677671#0;-24337240#6;-28468730#0;-782714966#1;111681903#2;120682114#3;24337240#4;26216781#0;26216781#1;311298658;4970256#7;4970256#8;535519490#0;747448014;876343449#1;876343449#2,runs_J_k16_plain\none_seed1\g010_i018,runs_J_k16_plain\none_seed1\g010_i018\tripinfo.xml
10,19,16,409.916,-111681903#1;-111681903#3;-120682114#2;-782714971#0;-783907721#1;24337240#4;24337240#5;25970859#1;26216779#1;28468730#1;311298662#1;37628709#0;4935286#2;62826731;747448014;782714971#4,runs_J_k16_plain\none_seed1\g010_i019,runs_J_k16_plain\none_seed1\g010_i019\tripinfo.xml
10,20,13,644.456,-502325084#1;-535519490#0;-835445203;111677668#4;111677669#1;111677671#0;26216781#0;311298658;37628709#1;4970256#5;4970256#8;782714971#2;835443464,runs_J_k16_plain\none_seed1\g010_i020,runs_J_k16_plain\none_seed1\g010_i020\tripinfo.xml
10,21,16,415.94933333333336,-205590836#0;-24337240#6;-311298662#1;-311298685;-498033359#2;-782714971#0;111677669#5;311298658;311298662#0;311298662#1;37628709#0;4935286#2;58621262#0;782714971#0;876057378#1;876343449#1,runs_J_k16_plain\none_seed1\g010_i021,runs_J_k16_plain\none_seed1\g010_i021\tripinfo.xml
10,22,16,470.85,-111677668#3;-111677671#0;-111681903#0;-205590836#0;-311298658;-782714966#1;-783907721#0;111681903#0;24337240#4;24337240#5;26216779#1;26216781#0;311298662#0;4935286#2;782714971#0;782714971#4,runs_J_k16_plain\none_seed1\g010_i022,runs_J_k16_plain\none_seed1\g010_i022\tripinfo.xml
10,23,16,641.7733333333333,-205590836#0;-24337240#4;-24337240#6;-880140407;111677669#0;111677669#1;205590836#2;24337240#2;311298682#0;498033359#0;498033359#3;502325084#0;502325084#3;876057376;876343449#0;876343449#1,runs_J_k16_plain\none_seed1\g010_i023,runs_J_k16_plain\none_seed1\g010_i023\tripinfo.xml
11,0,16,364.2866666666667,-205590836#0;-24337240#6;-498033359#2;-835445203;111677669#1;205590836#2;24337240#2;26216781#0;311298662#0;311298662#1;4935286#2;535519490#0;782714971#0;876057376;876343449#0;876343449#1,runs_J_k16_plain\none_seed1\g011_i000,runs_J_k16_plain\none_seed1\g011_i000\tripinfo.xml
11,1,16,620.506,-24337240#2;-24337240#4;-5197062#3;-880140407;111681905#1;24337240#1;24337240#5;26216781#3;311298662#1;4935286#2;58621262#0;782714966#1;782714971#1;782714971#2;876057376;876343449#2,runs_J_k16_plain\none_seed1\g011_i001,runs_J_k16_plain\none_seed1\g011_i001\tripinfo.xml
11,2,7,953.7046666666666,-28298231;-880137009#1;111677671#0;311298658;502325084#0;876343449#0;876343449#1,runs_J_k16_plain\none_seed1\g011_i002,runs_J_k16_plain\none_seed1\g011_i002\tripinfo.xml
11,3,16,485.7033333333333,-111677671#0;-782714966#1;-783907721#2;-876343449#0;-876343449#2;-880137009#1;111677668#3;205590836#2;311298665;311298685;37628709#0;4970256#6;62826731;782714971#0;782714971#4;876057378#4,runs_J_k16_plain\none_seed1\g011_i003,runs_J_k16_plain\none_seed1\g011_i003\tripinfo.xml
11,4,16,445.76533333333333,-111681903#1;-120682114#3;-782714966#0;-876343449#0;111677669#2;25970859#1;26216779#1;311298662#1;4935286#2;5197062#3;5197062#4;782714966#0;782714971#3;876057378#5;876343449#2;880137009#1,runs_J_k16_plain\none_seed1\g011_i004,runs_J_k16_plain\none_seed1\g011_i004\tripinfo.xml
11,5,16,1000000000000.0,-120682114#2;-24337240#1;-24337240#6;-311298658;111681903#1;111681905#2;205590836#2;311298662#1;311298685;37628709#1;4935286#3;782710712;782714971#4;876057378#1;876343449#1;880137010,runs_J_k16_plain\none_seed1\g011_i005,runs_J_k16_plain\none_seed1\g011_i005\tripinfo.xml
11,6,16,1012.508,-111681903#3;-24337240#6;-311298662#0;-5197062#3;-782714966#0;-782714971#0;111677669#5;25970859#1;311298658;5197062#4;535519490#0;58621262#0;782714971#0;835445203;876343449#1;880140407,runs_J_k16_plain\none_seed1\g011_i006,runs_J_k16_plain\none_seed1\g011_i006\tripinfo.xml
11,7,16,638.348,-111681903#1;-120682114#1;-24337240#6;-311298665;-498033359#2;-5197062#4;-835445203;24337240#5;311298662#0;311298662#1;4935286#0;502325084#0;782714971#0;876057376;876343449#0;876343449#2,runs_J_k16_plain\none_seed1\g011_i007,runs_J_k16_plain\none_seed1\g011_i007\tripinfo.xml
11,8,16,712.6746666666667,-111677668#4;-205590836#0;-24337240#7;-782714966#1;-835445203;111681903#0;205590836#2;24337240#1;24337240#2;26216779#0;311298662#0;311298662#1;782714971#2;783907721#1;876343449#1;880137009#0,runs_J_k16_plain\none_seed1\g011_i008,runs_J_k16_plain\none_seed1\g011_i008\tripinfo.xml
11,9,16,2197.9146666666666,-205590836#0;-25970859#1;-311298682#0;-311298685;-880137009#0;111677669#1;205590836#2;24337240#3;26216779#0;26216781#0;311298662#1;37628709#0;4935286#2;498033359#2;876343449#0;880137010,runs_J_k16_plain\none_seed1\g011_i009,runs_J_k16_plain\none_seed1\g011_i009\tripinfo.xml
11,10,16,977.184,-28468730#0;-835445203;111677669#1;111681903#3;120682114#1;28468730#0;311298662#0;311298662#1;4935286#2;498033359#3;535519490#0;782714971#0;783907721#0;876057378#0;876343449#0;876343449#1,runs_J_k16_plain\none_seed1\g011_i010,runs_J_k16_plain\none_seed1\g011_i010\tripinfo.xml
11,11,11,1000000000000.0,-311298682#0;-782714966#1;-876343449#1;111677671#0;311298662#0;37628709#0;4970256#7;502325084#3;5197062#3;783907721#2;835445203,runs_J_k16_plain\none_seed1\g011_i011,runs_J_k16_plain\none_seed1\g011_i011\tripinfo.xml
11,12,16,551.9153333333334,-111681903#1;-205590836#0;-28468730#0;-498033359#2;111677669#1;111681903#0;111681903#3;111681905#1;25970859#1;26216781#3;4935286#2;502325084#1;535519490#0;782714971#3;876057376;876343449#2,runs_J_k16_plain\none_seed1\g011_i012,runs_J_k16_plain\none_seed1\g011_i012\tripinfo.xml
11,13,16,620.384,-205590836#0;-5197062#4;-535519490#0;-782714966#0;-782714971#2;111677668#3;111681905#2;120682114#3;24337240#2;24337240#5;311298662#1;4935286#3;4935299#1;502325084#3;835443464;876057378#1,runs_J_k16_plain\none_seed1\g011_i013,runs_J_k16_plain\none_seed1\g011_i013\tripinfo.xml
11,14,7,624.3113333333333,-880137009#0;-880137009#1;111681905#1;120682114#1;24337240#7;535519490#0;747448014,runs_J_k16_plain\none_seed1\g011_i014,runs_J_k16_plain\none_seed1\g011_i014\tripinfo.xml
11,15,16,467.3686666666667,-24337240#6;-311298658;-311298682#0;-311298685;205590836#2;24337240#2;26216781#3;311298662#0;4935286#2;5197062#4;535519490#0;782714971#0;835445203;876057378#1;876057378#4;876343449#1,runs_J_k16_plain\none_seed1\g011_i015,runs_J_k16_plain\none_seed1\g011_i015\tripinfo.xml
11,16,16,1515.1233333333332,-120682114#2;-205590836#0;-24337240#2;-24337240#7;-783907721#0;111677669#1;120682114#2;25970859#0;26216781#0;28468730#1;4970256#5;4970256#6;58621262#1;782714971#0;782714971#3;876343449#0,runs_J_k16_plain\none_seed1\g011_i016,runs_J_k16_plain\none_seed1\g011_i016\tripinfo.xml
11,17,16,941.8213333333333,-111681903#3;-120682114#2;-205590836#0;-28468730#0;-311298662#0;-498033359#2;-498033359#3;-782714971#0;111677669#5;24337240#4;25970859#1;37628709#0;4935299#1;58621262#0;782714971#4;876343449#1,runs_J_k16_plain\none_seed1\g011_i017,runs_J_k16_plain\none_seed1\g011_i017\tripinfo.xml
11,18,16,789.4973333333334,-111677671#0;-111681903#3;-24337240#1;-24337240#6;-311298685;-880137009#0;-880140407;111677669#4;120682114#1;26216779#0;26216779#1;311298662#1;37628709#0;782714971#0;782714971#3;876057378#0,runs_J_k16_plain\none_seed1\g011_i018,runs_J_k16_plain\none_seed1\g011_i018\tripinfo.xml
11,19,16,509.32733333333334,-205590836#0;-24337240#1;-782714971#1;-782714971#3;-835445203;111677669#1;111677669#2;24337240#1;24337240#2;311298662#0;5197062#3;535519490#0;782714966#0;782714971#4;876343449#0;876343449#1,runs_J_k16_plain\none_seed1\g011_i019,runs_J_k16_plain\none_seed1\g011_i019\tripinfo.xml
11,20,16,689.04,-205590836#0;-24337240#2;-24337240#4;-782714966#0;-782714966#1;-783907721#0;-835445203;111681903#2;205590836#2;24337240#5;26216779#1;311298662#1;535519490#0;58621262#1;782714971#0;876343449#0,runs_J_k16_plain\none_seed1\g011_i020,runs_J_k16_plain\none_seed1\g011_i020\tripinfo.xml
11,21,16,682.5126666666666,-120682114#1;-205590836#0;-24337240#6;-311298662#0;-498033359#2;-502325084#1;-783907721#1;120682114#1;24337240#2;24337240#5;24337240#7;26216781#0;37628709#1;4970256#7;782714966#0;876343449#2,runs_J_k16_plain\none_seed1\g011_i021,runs_J_k16_plain\none_seed1\g011_i021\tripinfo.xml
11,22,16,868.2733333333333,-205590836#0;-835445203;-876343449#1;-880137009#1;120682114#3;24337240#0;24337240#3;24337240#7;26216781#3;311298658;311298662#1;37628709#0;502325084#3;5197062#4;747448014;876057378#5,runs_J_k16_plain\none_seed1\g011_i022,runs_J_k16_plain\none_seed1\g011_i022\tripinfo.xml
11,23,8,759.0933333333334,-311298658;-311298682#0;-835445203;111681903#2;311298662#1;58621262#0;782714971#0;876057378#1,runs_J_k16_plain\none_seed1\g011_i023,runs_J_k16_plain\none_seed1\g011_i023\tripinfo.xml
12,0,16,364.2866666666667,-205590836#0;-24337240#6;-498033359#2;-835445203;111677669#1;205590836#2;24337240#2;26216781#0;311298662#0;311298662#1;4935286#2;535519490#0;782714971#0;876057376;876343449#0;876343449#1,runs_J_k16_plain\none_seed1\g012_i000,runs_J_k16_plain\none_seed1\g012_i000\tripinfo.xml
12,1,16,655.9626666666667,-24337240#6;-311298682#0;-5197062#3;-876343449#0;111677668#4;205590836#2;24337240#7;26216781#2;28468730#1;311298662#0;4935299#1;498033359#1;58621262#0;782714971#0;835445203;876057378#1,runs_J_k16_plain\none_seed1\g012_i001,runs_J_k16_plain\none_seed1\g012_i001\tripinfo.xml
12,2,16,482.25466666666665,-111677668#4;-28468730#0;-311298685;-498033359#2;-782714971#4;-835445203;-876343449#0;-880140407;111677669#3;111681903#1;25970859#0;311298662#1;4935286#1;498033359#1;535519490#0;782714971#0,runs_J_k16_plain\none_seed1\g012_i002,runs_J_k16_plain\none_seed1\g012_i002\tripinfo.xml
12,3,9,675.1586666666667,-28298231;26216781#3;5197062#3;535519490#0;782714966#0;782714966#1;782714971#1;782714971#3;876057378#1,runs_J_k16_plain\none_seed1\g012_i003,runs_J_k16_plain\none_seed1\g012_i003\tripinfo.xml
12,4,16,707.1426666666666,-311298658;-311298662#0;-311298685;-7365262;25970859#1;4935286#2;4935286#3;4970256#6;4970256#8;535519490#1;62826731;782714971#3;783907721#2;835445203;876057378#1;880137009#1,runs_J_k16_plain\none_seed1\g012_i004,runs_J_k16_plain\none_seed1\g012_i004\tripinfo.xml
12,5,16,631.254,-205590836#0;-24337240#6;-28298231;-311298682#0;-782714971#4;-783907721#0;111681903#0;26216779#1;26216781#3;311298662#1;4935286#2;4935286#3;502325084#1;5197062#3;782714971#3;876057376,runs_J_k16_plain\none_seed1\g012_i005,runs_J_k16_plain\none_seed1\g012_i005\tripinfo.xml
12,6,16,620.3813333333334,-205590836#0;-24337240#6;-28468730#0;-498033359#2;-835445203;-880137009#1;111677669#1;111681905#1;24337240#4;25970859#1;311298662#1;37628709#1;58621262#0;876343449#0;876343449#2;880140407,runs_J_k16_plain\none_seed1\g012_i006,runs_J_k16_plain\none_seed1\g012_i006\tripinfo.xml
12,7,16,829.78,-120682114#1;-502325084#0;-5197062#3;-7365262;-876343449#0;111677668#3;111677669#0;24337240#1;28468730#1;311298665;4935286#2;502325084#1;782714966#0;782714971#4;876057378#2;876343449#1,runs_J_k16_plain\none_seed1\g012_i007,runs_J_k16_plain\none_seed1\g012_i007\tripinfo.xml
12,8,16,639.994,-24337240#1;-24337240#4;-782714966#1;-835445203;111677671#0;131942152;311298682#0;311298685;4935299#1;747448014;782714966#0;782714971#4;783907721#0;783907721#2;876343449#0;876343449#2,runs_J_k16_plain\none_seed1\g012_i008,runs_J_k16_plain\none_seed1\g012_i008\tripinfo.xml
12,9,16,394.9526666666667,-120682114#3;-782714966#0;-782714966#1;-876343449#0;111677669#1;111681903#3;26216779#0;311298662#1;311298685;37628709#1;4935286#2;5197062#4;535519490#0;835443464;835445203;876057378#1,runs_J_k16_plain\none_seed1\g012_i009,runs_J_k16_plain\none_seed1\g012_i009\tripinfo.xml
12,10,2,660.004,-835443464;111677671#0,runs_J_k16_plain\none_seed1\g012_i010,runs_J_k16_plain\none_seed1\g012_i010\tripinfo.xml
12,11,16,1000000000000.0,-24337240#1;-498033359#0;-498033359#2;-782714966#0;-782714966#1;25970859#1;26216779#1;311298682#0;37628709#0;5197062#3;58621262#0;782714966#1;782714971#2;876057378#5;876343449#2;880137009#0,runs_J_k16_plain\none_seed1\g012_i011,runs_J_k16_plain\none_seed1\g012_i011\tripinfo.xml
12,12,16,683.208,-111677668#4;-205590836#0;-311298658;-782714966#0;-782714971#2;-783907721#0;-876343449#2;111677669#2;120682114#1;205590836#2;24337240#1;26216779#1;5197062#4;58621262#1;782714966#0;782714971#0,runs_J_k16_plain\none_seed1\g012_i012,runs_J_k16_plain\none_seed1\g012_i012\tripinfo.xml
12,13,16,1000000000000.0,-111677668#4;-120682114#3;-311298665;-782714966#1;-783907721#1;111677668#3;111677668#4;111677669#1;311298662#1;37628709#0;4970256#6;535519490#0;782714966#0;782714971#4;835445203;876343449#0,runs_J_k16_plain\none_seed1\g012_i013,runs_J_k16_plain\none_seed1\g012_i013\tripinfo.xml
12,14,16,1000000000000.0,-111677671#0;-24337240#6;-311298685;-535519490#1;-782714971#1;-876343449#0;-880137009#1;111681903#3;24337240#2;24337240#4;311298685;4935286#2;62826731;835445203;876057378#4;880137010,runs_J_k16_plain\none_seed1\g012_i014,runs_J_k16_plain\none_seed1\g012_i014\tripinfo.xml
12,15,16,869.5146666666667,-28298231;-502325084#0;-502325084#1;-782714966#1;-783907721#2;-835445203;111677668#3;24337240#2;24337240#7;26216781#0;26216781#2;311298685;502325084#1;62826731;876057378#2;876343449#1,runs_J_k16_plain\none_seed1\g012_i015,runs_J_k16_plain\none_seed1\g012_i015\tripinfo.xml
12,16,16,1000000000000.0,-111677668#3;-111681903#0;-24337240#6;-498033359#2;-502325084#1;-876343449#0;-880137009#1;111681903#2;205590836#2;24337240#1;311298665;37628709#0;502325084#1;782714971#0;782714971#3;880140407,runs_J_k16_plain\none_seed1\g012_i016,runs_J_k16_plain\none_seed1\g012_i016\tripinfo.xml
12,17,16,1000000000000.0,-111681903#0;-111681903#2;-24337240#7;-25970859#1;-311298665;-502325084#1;-782714966#1;-783907721#2;111677668#3;120682114#2;4935286#2;4970256#6;5197062#3;62826731;782714966#1;782714971#4,runs_J_k16_plain\none_seed1\g012_i017,runs_J_k16_plain\none_seed1\g012_i017\tripinfo.xml
12,18,16,599.5866666666667,-120682114#3;111681905#1;205590836#2;26216781#0;311298662#1;311298685;37628709#1;498033359#0;535519490#0;535519490#1;58621262#0;782714971#0;876057376;876057378#4;880137009#0;880140407,runs_J_k16_plain\none_seed1\g012_i018,runs_J_k16_plain\none_seed1\g012_i018\tripinfo.xml
12,19,16,702.8466666666667,-24337240#7;-311298662#0;-311298682#0;-502325084#0;-535519490#0;-835445203;111681903#3;24337240#3;26216779#0;26216781#2;4970256#7;502325084#1;535519490#0;535519490#1;783907721#1;876057376,runs_J_k16_plain\none_seed1\g012_i019,runs_J_k16_plain\none_seed1\g012_i019\tripinfo.xml
12,20,16,941.318,-111677668#4;-111681903#2;-28468730#0;-502325084#1;-782714966#1;111677668#0;111677669#1;111677669#3;24337240#7;26216781#3;28468732#1;535519490#0;782714971#3;783907721#1;876343449#1;876343449#2,runs_J_k16_plain\none_seed1\g012_i020,runs_J_k16_plain\none_seed1\g012_i020\tripinfo.xml
12,21,16,368.03866666666664,-120682114#1;-120682114#3;-24337240#6;-783907721#2;111681903#3;205590836#2;28468732#1;4935286#2;498033359#3;58621262#1;782714971#0;7924772;876057378#2;876057378#3;876343449#1;876343449#2,runs_J_k16_plain\none_seed1\g012_i021,runs_J_k16_plain\none_seed1\g012_i021\tripinfo.xml
12,22,16,794.7193333333333,-24337240#0;-311298685;111677669#1;111677669#4;24337240#2;24337240#4;26216779#0;26216781#3;311298662#0;311298662#1;498033359#0;5197062#3;782714971#3;835445203;876057378#1;876343449#2,runs_J_k16_plain\none_seed1\g012_i022,runs_J_k16_plain\none_seed1\g012_i022\tripinfo.xml
12,23,16,634.4606666666666,-28468730#0;-782714971#4;111681905#1;205590836#2;26216779#0;28468730#1;28468732#1;311298662#0;311298662#1;37628709#1;498033359#2;535519490#0;783907721#0;783907721#1;876057376;880137009#1,runs_J_k16_plain\none_seed1\g012_i023,runs_J_k16_plain\none_seed1\g012_i023\tripinfo.xml
13,0,16,364.2866666666667,-205590836#0;-24337240#6;-498033359#2;-835445203;111677669#1;205590836#2;24337240#2;26216781#0;311298662#0;311298662#1;4935286#2;535519490#0;782714971#0;876057376;876343449#0;876343449#1,runs_J_k16_plain\none_seed1\g013_i000,runs_J_k16_plain\none_seed1\g013_i000\tripinfo.xml
13,1,16,690.158,-111681903#0;-120682114#2;-24337240#2;111677669#1;205590836#2;311298658;311298662#0;37628709#0;4935286#0;4935286#2;4970256#7;535519490#0;782714971#0;835445203;876057378#1;876343449#0,runs_J_k16_plain\none_seed1\g013_i001,runs_J_k16_plain\none_seed1\g013_i001\tripinfo.xml
13,2,16,625.6273333333334,-24337240#7;-498033359#2;-74277990;111677669#1;24337240#0;24337240#1;24337240#2;24337240#7;26216779#0;28468732#0;311298662#1;311298682#0;4935286#2;4970256#6;876057376;880137009#0,runs_J_k16_plain\none_seed1\g013_i002,runs_J_k16_plain\none_seed1\g013_i002\tripinfo.xml
13,3,16,384.6213333333333,-311298662#0;-311298685;-502325084#0;-782714971#0;-782714971#1;111681905#1;28468730#1;28468732#1;311298682#0;37628709#0;4935286#2;4970256#6;4970256#8;535519490#1;782714966#0;783907721#0,runs_J_k16_plain\none_seed1\g013_i003,runs_J_k16_plain\none_seed1\g013_i003\tripinfo.xml
13,4,16,500.11333333333334,-111681903#1;-24337240#4;-25970859#0;-835445203;111681905#1;24337240#7;4935286#2;498033359#2;535519490#0;782714966#1;782714971#3;783907721#1;7924772;835445203;876057378#1;880137009#1,runs_J_k16_plain\none_seed1\g013_i004,runs_J_k16_plain\none_seed1\g013_i004\tripinfo.xml
13,5,16,380.22866666666664,-24337240#6;-5197062#4;-876343449#2;111677669#1;111681905#2;26216781#0;311298662#0;4935286#2;498033359#0;535519490#1;58621262#0;782714971#2;876057376;876057378#5;876343449#0;876343449#1,runs_J_k16_plain\none_seed1\g013_i005,runs_J_k16_plain\none_seed1\g013_i005\tripinfo.xml
13,6,16,440.72066666666666,-111677668#0;-205590836#0;-24337240#4;-24337240#7;-498033359#2;205590836#2;24337240#1;26216781#0;311298662#0;4935286#3;4935299#1;535519490#0;535519490#1;747448014;876057378#1;876343449#1,runs_J_k16_plain\none_seed1\g013_i006,runs_J_k16_plain\none_seed1\g013_i006\tripinfo.xml
13,7,16,601.6666666666666,-111681903#2;-205590836#0;-24337240#4;-835445203;-876343449#0;-880140407;25970859#0;25970859#1;26216781#1;311298662#1;747448014;782714971#2;783907721#1;783907721#2;876057378#1;876343449#0,runs_J_k16_plain\none_seed1\g013_i007,runs_J_k16_plain\none_seed1\g013_i007\tripinfo.xml
13,8,16,499.69866666666667,-111677668#4;-205590836#0;-24337240#6;-498033359#3;-535519490#1;-782714971#3;-835445203;111677669#3;111677669#4;111681903#3;26216781#3;311298662#1;37628709#0;502325084#3;535519490#0;876343449#2,runs_J_k16_plain\none_seed1\g013_i008,runs_J_k16_plain\none_seed1\g013_i008\tripinfo.xml
13,9,16,788.964,-111681903#3;-120682114#1;-24337240#2;-24337240#6;-311298658;-498033359#1;-498033359#2;-783907721#1;111677669#1;24337240#2;535519490#0;58621262#0;782714971#2;783907721#1;876343449#0;880137009#0,runs_J_k16_plain\none_seed1\g013_i009,runs_J_k16_plain\none_seed1\g013_i009\tripinfo.xml
13,10,16,480.72133333333335,-120682114#1;-205590836#0;-24337240#3;-28468730#0;-498033359#2;-5197062#3;-876343449#0;-880137009#1;111677669#1;24337240#4;28468730#0;311298662#1;4935286#2;4970256#5;876057376;880140407,runs_J_k16_plain\none_seed1\g013_i010,runs_J_k16_plain\none_seed1\g013_i010\tripinfo.xml
13,11,11,726.8706666666667,-111677668#4;-782714971#4;-783907721#2;205590836#2;25970859#0;311298658;311298662#1;37628709#1;4935286#0;535519490#0;783907721#1,runs_J_k16_plain\none_seed1\g013_i011,runs_J_k16_plain\none_seed1\g013_i011\tripinfo.xml
13,12,12,827.526,-28468730#0;-498033359#2;111677668#0;111681903#0;111681905#1;120682114#3;25970859#0;4970256#7;498033359#1;783907721#0;783907721#1;876057376,runs_J_k16_plain\none_seed1\g013_i012,runs_J_k16_plain\none_seed1\g013_i012\tripinfo.xml
13,13,16,646.7913333333333,-311298685;-498033359#2;-74277990;111677669#0;111677669#3;111681903#2;24337240#2;26216779#0;4970256#7;498033359#1;498033359#2;5197062#3;535519490#0;783907721#2;835443464;835445203,runs_J_k16_plain\none_seed1\g013_i013,runs_J_k16_plain\none_seed1\g013_i013\tripinfo.xml
13,14,16,513.9153333333334,-311298682#0;-782714966#1;-782714971#1;-876343449#0;111677669#1;111677669#3;111681903#3;25970859#0;311298662#1;311298685;37628709#1;4935286#2;498033359#1;5197062#4;535519490#0;876057378#2,runs_J_k16_plain\none_seed1\g013_i014,runs_J_k16_plain\none_seed1\g013_i014\tripinfo.xml
13,15,16,491.1406666666667,-205590836#0;-24337240#3;-498033359#2;-7365262;205590836#2;26216781#0;26216781#1;28468732#0;311298662#0;311298662#1;4935286#0;4935286#2;4935286#3;502325084#1;535519490#1;876343449#0,runs_J_k16_plain\none_seed1\g013_i015,runs_J_k16_plain\none_seed1\g013_i015\tripinfo.xml
13,16,16,650.3186666666667,-24337240#0;-24337240#6;-498033359#2;-498033359#3;-880137009#0;120682114#3;24337240#2;24337240#3;24337240#5;26216781#0;37628709#0;58621262#0;747448014;782714971#0;876057378#4;880137009#1,runs_J_k16_plain\none_seed1\g013_i016,runs_J_k16_plain\none_seed1\g013_i016\tripinfo.xml
13,17,16,436.31266666666664,-120682114#1;-120682114#3;-311298658;-311298685;-782714966#1;-783907721#0;111681903#3;120682114#2;131942152;24337240#0;24337240#1;24337240#5;4935286#2;782714966#0;782714971#0;876057378#2,runs_J_k16_plain\none_seed1\g013_i017,runs_J_k16_plain\none_seed1\g013_i017\tripinfo.xml
13,18,16,1653.496,-111677671#0;-205590836#0;-311298665;111677669#5;111681903#1;120682114#2;24337240#4;26216779#1;311298682#0;37628709#1;498033359#0;58621262#1;782714966#0;782714971#0;835445203;876343449#2,runs_J_k16_plain\none_seed1\g013_i018,runs_J_k16_plain\none_seed1\g013_i018\tripinfo.xml
13,19,16,718.9433333333334,-111681903#3;-24337240#2;-24337240#4;-502325084#0;-5197062#3;-782714971#4;-880140407;111677668#4;24337240#7;26216781#1;311298662#0;782714966#0;783907721#0;876057378#3;876343449#0;876343449#1,runs_J_k16_plain\none_seed1\g013_i019,runs_J_k16_plain\none_seed1\g013_i019\tripinfo.xml
13,20,6,604.9973333333334,-782714966#1;111677669#0;111677671#0;131942152;26216781#0;311298685,runs_J_k16_plain\none_seed1\g013_i020,runs_J_k16_plain\none_seed1\g013_i020\tripinfo.xml
13,21,16,375.51866666666666,-24337240#6;-502325084#0;-782714971#2;-783907721#2;-835443464;-835445203;-880137009#0;205590836#2;26216781#1;37628709#1;4935286#2;4970256#5;498033359#1;5197062#3;58621262#1;876057376,runs_J_k16_plain\none_seed1\g013_i021,runs_J_k16_plain\none_seed1\g013_i021\tripinfo.xml
13,22,16,374.06,-111677668#4;-111677671#0;-111681903#3;-205590836#0;-498033359#2;205590836#2;26216781#0;28468732#1;37628709#1;4935286#2;502325084#1;502325084#3;535519490#0;747448014;876057378#2;876343449#0,runs_J_k16_plain\none_seed1\g013_i022,runs_J_k16_plain\none_seed1\g013_i022\tripinfo.xml
13,23,16,1000000000000.0,-205590836#0;-311298662#1;-311298682#0;-5197062#3;-783907721#2;111677668#4;111677669#1;111681905#1;311298685;37628709#1;782710712;876057378#2;876343449#1;876343449#2;880137009#0;880140407,runs_J_k16_plain\none_seed1\g013_i023,runs_J_k16_plain\none_seed1\g013_i023\tripinfo.xml
14,0,16,364.2866666666667,-205590836#0;-24337240#6;-498033359#2;-835445203;111677669#1;205590836#2;24337240#2;26216781#0;311298662#0;311298662#1;4935286#2;535519490#0;782714971#0;876057376;876343449#0;876343449#1,runs_J_k16_plain\none_seed1\g014_i000,runs_J_k16_plain\none_seed1\g014_i000\tripinfo.xml
14,1,16,603.2226666666667,-502325084#0;-5197062#4;-782714971#2;-783907721#2;24337240#2;26216781#0;26216781#2;28468730#0;311298662#0;311298682#0;498033359#2;782714966#0;782714971#1;876057378#5;876343449#0;880137010,runs_J_k16_plain\none_seed1\g014_i001,runs_J_k16_plain\none_seed1\g014_i001\tripinfo.xml
14,2,14,626.332,-111681903#0;-498033359#2;-835443464;-880137009#1;205590836#2;4970256#5;498033359#1;502325084#1;5197062#3;58621262#1;835445203;876057376;876057378#4;876343449#1,runs_J_k16_plain\none_seed1\g014_i002,runs_J_k16_plain\none_seed1\g014_i002\tripinfo.xml
14,3,16,406.458,-111681903#3;-205590836#0;-498033359#2;111677669#0;24337240#1;24337240#3;24337240#4;311298662#1;37628709#0;4935299#1;4970256#7;5197062#4;535519490#0;535519490#1;747448014;876343449#0,runs_J_k16_plain\none_seed1\g014_i003,runs_J_k16_plain\none_seed1\g014_i003\tripinfo.xml
14,4,16,1000000000000.0,-498033359#3;-782714971#3;-876343449#0;-880140407;111677669#3;111681903#3;205590836#2;26216781#0;28468730#0;311298662#0;311298682#0;782714971#3;783907721#0;876057378#1;876343449#1;876343449#2,runs_J_k16_plain\none_seed1\g014_i004,runs_J_k16_plain\none_seed1\g014_i004\tripinfo.xml
14,5,16,404.2986666666667,-120682114#3;-24337240#3;-311298685;-502325084#0;-5197062#3;-7365262;-876343449#0;24337240#0;26216781#0;311298662#0;37628709#1;4935286#2;4970256#5;502325084#1;782714971#2;880137009#1,runs_J_k16_plain\none_seed1\g014_i005,runs_J_k16_plain\none_seed1\g014_i005\tripinfo.xml
14,6,16,2434.256,-205590836#0;-24337240#3;-74277990;-782714966#1;-880137009#1;111677669#5;25970859#1;26216779#0;28468730#0;311298662#1;4935286#0;4935286#1;4935286#3;535519490#1;835445203;876343449#0,runs_J_k16_plain\none_seed1\g014_i006,runs_J_k16_plain\none_seed1\g014_i006\tripinfo.xml
14,7,16,1000000000000.0,-205590836#0;-24337240#1;-25970859#1;-311298665;-835445203;4935286#2;4935299#1;4970256#5;498033359#3;502325084#1;502325084#3;535519490#0;747448014;782714971#1;782714971#2;876057378#2,runs_J_k16_plain\none_seed1\g014_i007,runs_J_k16_plain\none_seed1\g014_i007\tripinfo.xml
14,8,7,373.832,-111677668#0;-205590836#0;-498033359#2;24337240#0;26216779#0;4935286#2;747448014,runs_J_k16_plain\none_seed1\g014_i008,runs_J_k16_plain\none_seed1\g014_i008\tripinfo.xml
14,9,16,717.378,-111677668#4;-120682114#1;-205590836#0;-498033359#2;-5197062#4;-835445203;111677669#0;131942152;24337240#2;535519490#0;782714966#0;782714971#0;782714971#2;783907721#1;876343449#0;876343449#1,runs_J_k16_plain\none_seed1\g014_i009,runs_J_k16_plain\none_seed1\g014_i009\tripinfo.xml
14,10,16,598.4306666666666,-205590836#0;-24337240#6;-311298658;-498033359#3;-535519490#1;-782714971#3;111677669#4;26216781#0;311298658;311298662#1;4935299#1;4970256#5;4970256#8;782714971#0;876057376;880137010,runs_J_k16_plain\none_seed1\g014_i010,runs_J_k16_plain\none_seed1\g014_i010\tripinfo.xml
14,11,16,1317.1266666666668,-111677668#4;-111677671#0;-111681903#0;-782714966#1;-782714971#2;-880140407;205590836#2;24337240#1;311298658;311298665;311298682#0;311298685;502325084#3;782714966#0;782714971#0;876057378#2,runs_J_k16_plain\none_seed1\g014_i011,runs_J_k16_plain\none_seed1\g014_i011\tripinfo.xml
14,12,16,378.3913333333333,-120682114#2;-120682114#3;-205590836#0;-28468730#0;-311298658;-5197062#3;-782714971#0;-783907721#0;-880137009#1;111677669#3;24337240#4;24337240#5;26216781#0;28468732#1;4935286#2;498033359#2,runs_J_k16_plain\none_seed1\g014_i012,runs_J_k16_plain\none_seed1\g014_i012\tripinfo.xml
14,13,9,410.3086666666667,-205590836#0;-782714971#3;205590836#2;26216781#3;37628709#0;4935286#2;535519490#0;876057376;876343449#2,runs_J_k16_plain\none_seed1\g014_i013,runs_J_k16_plain\none_seed1\g014_i013\tripinfo.xml
14,14,16,389.354,-24337240#1;-24337240#6;-311298682#0;-498033359#1;-498033359#2;-535519490#1;-782714971#0;111681903#3;25970859#0;26216781#0;37628709#1;498033359#2;876057378#1;876057378#4;876343449#0;876343449#1,runs_J_k16_plain\none_seed1\g014_i014,runs_J_k16_plain\none_seed1\g014_i014\tripinfo.xml
14,15,16,539.762,-205590836#0;-24337240#6;-498033359#1;-835445203;111677669#3;111681903#1;205590836#2;26216781#0;26216781#2;311298665;4970256#7;498033359#1;502325084#1;5197062#4;782714966#1;876343449#0,runs_J_k16_plain\none_seed1\g014_i015,runs_J_k16_plain\none_seed1\g014_i015\tripinfo.xml
14,16,14,762.668,-120682114#2;-28468730#0;-311298662#0;-498033359#3;-74277990;-835445203;111681905#2;24337240#1;26216779#0;37628709#0;535519490#0;782710712;783907721#2;876057376,runs_J_k16_plain\none_seed1\g014_i016,runs_J_k16_plain\none_seed1\g014_i016\tripinfo.xml
14,17,16,707.5953333333333,-111677668#4;-111677671#0;-120682114#1;-120682114#3;-311298658;-311298685;-498033359#0;-498033359#2;-502325084#1;-7365262;-783907721#2;131942152;26216781#0;535519490#0;835443464;876057378#2,runs_J_k16_plain\none_seed1\g014_i017,runs_J_k16_plain\none_seed1\g014_i017\tripinfo.xml
14,18,7,982.2226666666667,-4950193;-498033359#2;-5197062#4;-783907721#0;28468732#1;311298658;782714971#0,runs_J_k16_plain\none_seed1\g014_i018,runs_J_k16_plain\none_seed1\g014_i018\tripinfo.xml
14,19,16,1000000000000.0,-111677671#0;-111681903#0;-111681903#3;-120682114#2;-535519490#0;120682114#3;26216781#0;26216781#2;28468732#1;311298662#1;4935286#2;4970256#7;535519490#0;782714966#0;876343449#0;880137010,runs_J_k16_plain\none_seed1\g014_i019,runs_J_k16_plain\none_seed1\g014_i019\tripinfo.xml
14,20,16,840.5553333333334,-24337240#1;-24337240#6;-25970859#1;-498033359#2;-502325084#1;-7365262;-835445203;111677669#4;24337240#4;311298662#1;311298685;4935286#1;782710712;783907721#2;876057376;876343449#1,runs_J_k16_plain\none_seed1\g014_i020,runs_J_k16_plain\none_seed1\g014_i020\tripinfo.xml
14,21,16,1039.6853333333333,-782714966#1;-782714971#2;-782714971#3;-835445203;-876343449#0;111677668#4;111677669#3;120682114#1;311298662#0;311298662#1;37628709#0;498033359#1;502325084#0;535519490#0;58621262#0;782714971#0,runs_J_k16_plain\none_seed1\g014_i021,runs_J_k16_plain\none_seed1\g014_i021\tripinfo.xml
14,22,16,596.3993333333333,-205590836#0;-24337240#4;-24337240#6;-25970859#0;-311298682#0;111677669#1;111677669#3;25970859#0;25970859#1;26216781#2;311298662#1;311298685;502325084#1;535519490#0;782710712;876057378#0,runs_J_k16_plain\none_seed1\g014_i022,runs_J_k16_plain\none_seed1\g014_i022\tripinfo.xml
14,23,10,836.5066666666667,-311298682#0;111681903#1;24337240#3;25970859#1;26216781#0;311298658;37628709#1;4970256#5;4970256#6;747448014,runs_J_k16_plain\none_seed1\g014_i023,runs_J_k16_plain\none_seed1\g014_i023\tripinfo.xml
15,0,16,364.2866666666667,-205590836#0;-24337240#6;-498033359#2;-835445203;111677669#1;205590836#2;24337240#2;26216781#0;311298662#0;311298662#1;4935286#2;535519490#0;782714971#0;876057376;876343449#0;876343449#1,runs_J_k16_plain\none_seed1\g015_i000,runs_J_k16_plain\none_seed1\g015_i000\tripinfo.xml
15,1,16,926.308,-24337240#3;-74277990;-880140407;111677669#5;131942152;24337240#2;25970859#1;28468732#0;311298662#0;4935286#0;4935299#1;4970256#5;782714971#0;782714971#2;782714971#4;876057376,runs_J_k16_plain\none_seed1\g015_i001,runs_J_k16_plain\none_seed1\g015_i001\tripinfo.xml
15,2,16,1329.0746666666666,-111681903#3;-120682114#3;-205590836#0;-502325084#3;-5197062#4;-783907721#2;111677668#0;120682114#3;26216781#0;311298665;37628709#1;4935286#2;502325084#1;783907721#1;7924772;880137009#1,runs_J_k16_plain\none_seed1\g015_i002,runs_J_k16_plain\none_seed1\g015_i002\tripinfo.xml
15,3,16,750.2246666666666,-111681903#2;-311298662#1;-502325084#3;-783907721#0;-783907721#2;111677669#0;111677669#3;24337240#5;26216781#0;311298658;37628709#1;498033359#2;535519490#0;7924772;876057378#0;876057378#1,runs_J_k16_plain\none_seed1\g015_i003,runs_J_k16_plain\none_seed1\g015_i003\tripinfo.xml
15,4,16,1494.0293333333334,-111677668#0;-205590836#0;-24337240#6;-24337240#7;-311298658;-498033359#2;-502325084#0;-535519490#1;-782714966#1;120682114#2;26216779#1;311298682#0;4970256#5;747448014;835445203;876343449#0,runs_J_k16_plain\none_seed1\g015_i004,runs_J_k16_plain\none_seed1\g015_i004\tripinfo.xml
15,5,16,1000000000000.0,-311298685;-498033359#2;-5197062#3;-535519490#1;-782714971#0;-782714971#4;-876343449#0;-880137009#0;111681903#3;111681905#1;24337240#4;26216781#0;498033359#2;535519490#1;782710712;880137010,runs_J_k16_plain\none_seed1\g015_i005,runs_J_k16_plain\none_seed1\g015_i005\tripinfo.xml
15,6,12,695.6333333333333,-24337240#1;-311298682#0;-498033359#1;-5197062#3;-782714966#0;-880137009#0;-880137009#1;111677671#0;24337240#5;37628709#1;782714971#2;876343449#1,runs_J_k16_plain\none_seed1\g015_i006,runs_J_k16_plain\none_seed1\g015_i006\tripinfo.xml
15,7,16,668.27,-24337240#1;-24337240#3;-28298231;-311298685;-5197062#3;-7365262;-782714971#2;-876343449#0;111677669#1;111677671#0;131942152;311298662#0;37628709#1;498033359#0;782714966#0;876057376,runs_J_k16_plain\none_seed1\g015_i007,runs_J_k16_plain\none_seed1\g015_i007\tripinfo.xml
15,8,12,2055.058,-111677668#3;111677669#5;111681905#2;120682114#2;205590836#2;26216781#0;311298658;498033359#0;782714971#0;782714971#2;782714971#4;876343449#0,runs_J_k16_plain\none_seed1\g015_i008,runs_J_k16_plain\none_seed1\g015_i008\tripinfo.xml
15,9,13,473.31533333333334,-876343449#2;111677668#3;111677669#1;205590836#2;24337240#2;311298662#1;4935286#1;4935286#2;498033359#0;498033359#1;876057376;876343449#1;880140407,runs_J_k16_plain\none_seed1\g015_i009,runs_J_k16_plain\none_seed1\g015_i009\tripinfo.xml
15,10,16,529.0306666666667,-24337240#2;-24337240#6;-311298662#1;-7365262;-835445203;24337240#2;24337240#3;26216781#0;4935286#2;535519490#0;782714971#3;876057378#0;876343449#0;876343449#1;880137009#0;880137010,runs_J_k16_plain\none_seed1\g015_i010,runs_J_k16_plain\none_seed1\g015_i010\tripinfo.xml
15,11,16,446.6073333333333,-111677668#0;-24337240#0;-782714971#1;-783907721#0;-876343449#0;-880137009#0;24337240#0;311298665;37628709#0;4935286#1;4935286#2;535519490#0;782714966#1;782714971#3;835445203;880137009#1,runs_J_k16_plain\none_seed1\g015_i011,runs_J_k16_plain\none_seed1\g015_i011\tripinfo.xml
15,12,16,579.466,-120682114#1;-205590836#0;-311298658;-498033359#2;-502325084#1;111677669#1;111681905#1;205590836#2;24337240#0;311298662#0;4970256#5;535519490#0;58621262#1;782714971#0;835445203;876343449#0,runs_J_k16_plain\none_seed1\g015_i012,runs_J_k16_plain\none_seed1\g015_i012\tripinfo.xml
15,13,16,527.068,-111681903#3;-24337240#6;-5197062#3;-5197062#4;-783907721#2;111677669#1;111677669#2;24337240#0;24337240#1;26216781#0;311298662#1;4935286#2;502325084#1;782714971#0;782714971#2;876343449#1,runs_J_k16_plain\none_seed1\g015_i013,runs_J_k16_plain\none_seed1\g015_i013\tripinfo.xml
15,14,16,653.858,-120682114#3;-24337240#1;-24337240#3;-311298685;-498033359#2;-502325084#0;-7365262;-782714971#1;205590836#2;24337240#3;311298662#0;37628709#1;4970256#5;502325084#1;747448014;876343449#0,runs_J_k16_plain\none_seed1\g015_i014,runs_J_k16_plain\none_seed1\g015_i014\tripinfo.xml
15,15,3,644.456,-111677668#3;-876343449#2;26216779#0,runs_J_k16_plain\none_seed1\g015_i015,runs_J_k16_plain\none_seed1\g015_i015\tripinfo.xml
15,16,10,616.716,-111681903#2;-311298682#0;111681903#3;25970859#0;311298662#0;498033359#2;747448014;835445203;876057378#4;876343449#0,runs_J_k16_plain\none_seed1\g015_i016,runs_J_k16_plain\none_seed1\g015_i016\tripinfo.xml
15,17,16,416.43266666666665,-24337240#6;-311298658;-782714966#0;111677669#2;111681903#3;26216779#0;28468730#0;37628709#0;4935286#1;4935286#2;498033359#0;498033359#2;876057376;876057378#4;876343449#2;880140407,runs_J_k16_plain\none_seed1\g015_i017,runs_J_k16_plain\none_seed1\g015_i017\tripinfo.xml
15,18,16,647.666,-111677668#0;-111681903#2;-205590836#0;-24337240#6;-5197062#4;-835443464;131942152;205590836#2;24337240#0;25970859#0;26216781#0;26216781#3;5197062#4;782714971#2;782714971#3;876343449#1,runs_J_k16_plain\none_seed1\g015_i018,runs_J_k16_plain\none_seed1\g015_i018\tripinfo.xml
15,19,16,674.288,-111681903#2;-24337240#2;-502325084#0;-502325084#1;-5197062#3;-880137009#0;111677669#5;25970859#0;311298658;311298662#0;37628709#1;4935286#2;4970256#5;498033359#2;782714971#2;876057378#5,runs_J_k16_plain\none_seed1\g015_i019,runs_J_k16_plain\none_seed1\g015_i019\tripinfo.xml
15,20,16,614.054,-111681903#3;-205590836#0;-28468730#0;-311298682#0;-498033359#3;-502325084#3;-782714971#3;205590836#2;24337240#3;26216779#0;26216781#3;4935286#1;535519490#0;58621262#1;876057376;876057378#0,runs_J_k16_plain\none_seed1\g015_i020,runs_J_k16_plain\none_seed1\g015_i020\tripinfo.xml
15,21,16,681.6753333333334,-111677668#3;-111681903#2;-25970859#0;-311298685;-498033359#3;-5197062#3;-7365262;111681903#1;205590836#2;24337240#0;311298662#0;4935299#1;498033359#0;502325084#1;876057378#1;876057378#4,runs_J_k16_plain\none_seed1\g015_i021,runs_J_k16_plain\none_seed1\g015_i021\tripinfo.xml
15,22,16,553.11,-120682114#3;-24337240#3;-24337240#4;-498033359#2;-502325084#0;-782714971#1;-876343449#0;-880137009#1;111677669#3;111677669#4;26216781#0;311298685;498033359#1;535519490#1;58621262#1;876057378#3,runs_J_k16_plain\none_seed1\g015_i022,runs_J_k16_plain\none_seed1\g015_i022\tripinfo.xml
15,23,16,750.1906666666666,-111681903#1;-120682114#1;-120682114#3;-24337240#6;-28468730#0;-876343449#0;205590836#2;24337240#1;26216779#1;26216781#0;26216781#2;37628709#1;4970256#5;498033359#1;782714966#0;783907721#2,runs_J_k16_plain\none_seed1\g015_i023,runs_J_k16_plain\none_seed1\g015_i023\tripinfo.xml
