gen,idx,k,score,closed_edges,run_dir,tripinfo
1,0,3,1000000000000.0,-311298665;4970256#6;782710712,runs_J_k16_plain\init_seed6\g001_i000,runs_J_k16_plain\init_seed6\g001_i000\tripinfo.xml
1,1,10,1000000000000.0,-120682114#1;-311298665;-535519490#1;111677668#4;111677669#2;120682114#3;24337240#1;25970859#1;26216781#3;4970256#6,runs_J_k16_plain\init_seed6\g001_i001,runs_J_k16_plain\init_seed6\g001_i001\tripinfo.xml
1,2,9,1000000000000.0,-311298665;-5197062#4;-535519490#1;111677669#5;4935286#2;4935286#3;4970256#5;876057378#2;880140407,runs_J_k16_plain\init_seed6\g001_i002,runs_J_k16_plain\init_seed6\g001_i002\tripinfo.xml
1,3,2,644.456,24337240#2;311298662#1,runs_J_k16_plain\init_seed6\g001_i003,runs_J_k16_plain\init_seed6\g001_i003\tripinfo.xml
1,4,1,373.832,4935286#2,runs_J_k16_plain\init_seed6\g001_i004,runs_J_k16_plain\init_seed6\g001_i004\tripinfo.xml
1,5,5,1000000000000.0,-311298665;-5197062#4;4935286#2;4970256#5;835443464,runs_J_k16_plain\init_seed6\g001_i005,runs_J_k16_plain\init_seed6\g001_i005\tripinfo.xml
1,6,16,881.9606666666666,-28298231;-311298665;-498033359#0;-498033359#1;-5197062#3;-535519490#0;-782714971#0;-783907721#0;28468732#1;311298658;4935286#2;782714966#0;782714966#1;783907721#1;876343449#2;880137009#1,runs_J_k16_plain\init_seed6\g001_i006,runs_J_k16_plain\init_seed6\g001_i006\tripinfo.xml
1,7,12,1000000000000.0,-24337240#3;-311298665;-311298682#0;-535519490#0;-783907721#1;311298662#1;311298682#0;37628709#1;4935286#0;4935286#2;4970256#7;783907721#1,runs_J_k16_plain\init_seed6\g001_i007,runs_J_k16_plain\init_seed6\g001_i007\tripinfo.xml
1,8,11,1000000000000.0,-205590836#0;-24337240#6;-311298665;-535519490#0;111677668#0;205590836#2;24337240#3;28468732#1;4935286#2;498033359#3;876057378#2,runs_J_k16_plain\init_seed6\g001_i008,runs_J_k16_plain\init_seed6\g001_i008\tripinfo.xml
1,9,1,644.456,-876343449#0,runs_J_k16_plain\init_seed6\g001_i009,runs_J_k16_plain\init_seed6\g001_i009\tripinfo.xml
1,10,9,1000000000000.0,-120682114#2;-311298665;-498033359#0;-782714971#0;111677671#0;111681903#2;311298665;4970256#8;5197062#4,runs_J_k16_plain\init_seed6\g001_i010,runs_J_k16_plain\init_seed6\g001_i010\tripinfo.xml
1,11,16,1000000000000.0,-111677671#0;-205590836#0;-24337240#0;-25970859#1;-311298665;-876343449#2;111681903#0;111681903#3;111681905#2;120682114#1;24337240#4;26216781#0;311298662#0;4935286#2;4970256#5;835443464,runs_J_k16_plain\init_seed6\g001_i011,runs_J_k16_plain\init_seed6\g001_i011\tripinfo.xml
1,12,7,1000000000000.0,-111677671#0;-120682114#3;-24337240#3;-311298665;-502325084#3;26216781#0;498033359#1,runs_J_k16_plain\init_seed6\g001_i012,runs_J_k16_plain\init_seed6\g001_i012\tripinfo.xml
1,13,14,1000000000000.0,-111677671#0;-28298231;-311298665;-5197062#4;-535519490#1;-835443464;111677669#0;205590836#2;25970859#1;4935286#2;502325084#1;876057378#5;876343449#0;876343449#2,runs_J_k16_plain\init_seed6\g001_i013,runs_J_k16_plain\init_seed6\g001_i013\tripinfo.xml
1,14,4,1000000000000.0,-311298665;-4950193;4935286#2;7924772,runs_J_k16_plain\init_seed6\g001_i014,runs_J_k16_plain\init_seed6\g001_i014\tripinfo.xml
1,15,7,1000000000000.0,-111681903#3;-120682114#3;-311298665;-311298682#0;-535519490#1;782714971#2;876057378#1,runs_J_k16_plain\init_seed6\g001_i015,runs_J_k16_plain\init_seed6\g001_i015\tripinfo.xml
1,16,9,1000000000000.0,-24337240#3;-311298665;111681903#0;24337240#5;25970859#1;28468732#0;5197062#4;62826731;876057378#4,runs_J_k16_plain\init_seed6\g001_i016,runs_J_k16_plain\init_seed6\g001_i016\tripinfo.xml
1,17,3,1000000000000.0,-311298665;782714971#1;782714971#3,runs_J_k16_plain\init_seed6\g001_i017,runs_J_k16_plain\init_seed6\g001_i017\tripinfo.xml
1,18,12,644.456,-111677668#4;-111677671#0;-111681903#1;-311298658;-535519490#1;-782714971#1;28468730#0;311298662#1;37628709#0;4935286#2;4935286#3;783907721#2,runs_J_k16_plain\init_seed6\g001_i018,runs_J_k16_plain\init_seed6\g001_i018\tripinfo.xml
1,19,11,1000000000000.0,-111681903#2;-28468730#0;-311298665;-782714971#3;120682114#1;26216781#3;4935286#2;4970256#6;498033359#2;782714971#2;835445203,runs_J_k16_plain\init_seed6\g001_i019,runs_J_k16_plain\init_seed6\g001_i019\tripinfo.xml
1,20,3,1000000000000.0,-205590836#0;-311298665;4935286#2,runs_J_k16_plain\init_seed6\g001_i020,runs_J_k16_plain\init_seed6\g001_i020\tripinfo.xml
1,21,12,1000000000000.0,-28468730#0;-311298665;-535519490#1;-782714971#0;-782714971#3;28468732#1;4935286#2;4935286#3;4970256#5;498033359#3;782714971#1;782714971#2,runs_J_k16_plain\init_seed6\g001_i021,runs_J_k16_plain\init_seed6\g001_i021\tripinfo.xml
1,22,14,393.93533333333335,-111677668#0;-311298665;-880137009#1;24337240#4;26216781#0;28468732#1;311298665;311298682#0;4935286#2;4970256#8;498033359#2;782714971#2;783907721#1;876057378#5,runs_J_k16_plain\init_seed6\g001_i022,runs_J_k16_plain\init_seed6\g001_i022\tripinfo.xml
1,23,9,1000000000000.0,-120682114#2;-311298665;-535519490#1;-782714971#2;-783907721#2;24337240#7;311298665;4935286#2;4970256#6,runs_J_k16_plain\init_seed6\g001_i023,runs_J_k16_plain\init_seed6\g001_i023\tripinfo.xml
2,0,1,373.832,4935286#2,runs_J_k16_plain\init_seed6\g002_i000,runs_J_k16_plain\init_seed6\g002_i000\tripinfo.xml
2,1,16,614.72,-111681903#0;-24337240#0;-24337240#6;-311298662#1;-311298665;-311298682#0;-782714971#0;-783907721#0;111681903#2;24337240#1;26216781#2;28468732#1;4970256#8;783907721#1;876343449#2;880137009#1,runs_J_k16_plain\init_seed6\g002_i001,runs_J_k16_plain\init_seed6\g002_i001\tripinfo.xml
2,2,16,583.238,-111681903#0;-111681903#1;-120682114#2;-28298231;-498033359#0;-880140407;111677668#0;111677668#3;311298662#1;311298685;4935286#2;4970256#6;502325084#0;58621262#0;782714966#0;876343449#2,runs_J_k16_plain\init_seed6\g002_i002,runs_J_k16_plain\init_seed6\g002_i002\tripinfo.xml
2,3,16,731.8446666666666,-111677668#0;-311298662#1;-7365262;-782714966#1;-782714971#3;111681905#1;24337240#2;24337240#4;37628709#0;4935286#3;4970256#8;502325084#0;502325084#1;876343449#1;880137009#0;880137010,runs_J_k16_plain\init_seed6\g002_i003,runs_J_k16_plain\init_seed6\g002_i003\tripinfo.xml
2,4,16,1356.6833333333334,-24337240#6;-782714971#0;-880137009#1;111677669#5;111681905#1;111681905#2;28468730#0;28468732#1;4935286#2;498033359#2;498033359#3;782714971#1;782714971#2;783907721#2;835443464;880137009#1,runs_J_k16_plain\init_seed6\g002_i004,runs_J_k16_plain\init_seed6\g002_i004\tripinfo.xml
2,5,16,1000000000000.0,-311298665;-311298682#0;-498033359#1;-498033359#2;-782714971#3;111677669#0;120682114#3;24337240#1;25970859#0;26216779#1;4970256#6;782714971#0;876057378#2;876343449#0;876343449#2;880140407,runs_J_k16_plain\init_seed6\g002_i005,runs_J_k16_plain\init_seed6\g002_i005\tripinfo.xml
2,6,16,352.63666666666666,-120682114#1;-311298665;-5197062#4;-535519490#1;-783907721#1;-880137009#0;111677669#2;111677669#4;111681903#0;28468730#1;311298682#0;37628709#0;4935286#3;498033359#0;502325084#1;876343449#2,runs_J_k16_plain\init_seed6\g002_i006,runs_J_k16_plain\init_seed6\g002_i006\tripinfo.xml
2,7,16,635.86,-111677671#0;-24337240#6;-498033359#3;-876343449#0;24337240#1;24337240#5;26216781#1;28468730#0;28468730#1;28468732#0;28468732#1;311298662#1;37628709#0;4970256#7;498033359#2;876343449#2,runs_J_k16_plain\init_seed6\g002_i007,runs_J_k16_plain\init_seed6\g002_i007\tripinfo.xml
2,8,13,1000000000000.0,-111677668#4;-111677671#0;-111681903#1;-24337240#4;-311298658;-535519490#1;-7365262;-783907721#1;-876343449#0;111677668#0;4935286#3;876343449#0;880140407,runs_J_k16_plain\init_seed6\g002_i008,runs_J_k16_plain\init_seed6\g002_i008\tripinfo.xml
2,9,16,663.2026666666667,-111681903#2;-498033359#1;-502325084#3;-782714966#0;-835445203;120682114#3;24337240#3;24337240#4;24337240#5;26216781#2;311298682#0;4970256#8;58621262#1;62826731;782710712;876057378#5,runs_J_k16_plain\init_seed6\g002_i009,runs_J_k16_plain\init_seed6\g002_i009\tripinfo.xml
2,10,9,1000000000000.0,-24337240#0;-311298665;111681903#1;26216781#0;535519490#1;782710712;782714966#0;783907721#0;783907721#1,runs_J_k16_plain\init_seed6\g002_i010,runs_J_k16_plain\init_seed6\g002_i010\tripinfo.xml
2,11,16,654.5646666666667,-111677671#0;-111681903#3;-24337240#4;-25970859#1;-4950193;26216779#0;26216779#1;28468730#0;311298662#0;4935286#3;4970256#7;498033359#0;502325084#0;783907721#0;876057378#4;880140407,runs_J_k16_plain\init_seed6\g002_i011,runs_J_k16_plain\init_seed6\g002_i011\tripinfo.xml
2,12,16,1000000000000.0,-111677668#0;-111677668#4;-111681903#2;-25970859#1;-498033359#2;-5197062#3;-535519490#0;-782714971#1;-876343449#1;111677669#1;111681903#1;111681903#2;24337240#2;782714971#2;783907721#2;880140407,runs_J_k16_plain\init_seed6\g002_i012,runs_J_k16_plain\init_seed6\g002_i012\tripinfo.xml
2,13,7,1000000000000.0,-28298231;-311298665;-502325084#0;-502325084#1;4935299#1;5197062#4;747448014,runs_J_k16_plain\init_seed6\g002_i013,runs_J_k16_plain\init_seed6\g002_i013\tripinfo.xml
2,14,13,622.702,-111677668#4;-120682114#2;-120682114#3;-25970859#1;-311298662#1;-502325084#3;-535519490#0;-74277990;111681903#2;311298685;4970256#6;498033359#3;7924772,runs_J_k16_plain\init_seed6\g002_i014,runs_J_k16_plain\init_seed6\g002_i014\tripinfo.xml
2,15,16,811.512,-111677671#0;-24337240#1;-24337240#3;-24337240#7;-311298662#0;-311298665;-782714966#0;111677669#5;24337240#5;311298682#0;311298685;4935286#2;498033359#1;62826731;782710712;876343449#2,runs_J_k16_plain\init_seed6\g002_i015,runs_J_k16_plain\init_seed6\g002_i015\tripinfo.xml
2,16,16,455.99133333333333,-24337240#0;-498033359#1;-498033359#3;111681903#1;120682114#1;24337240#5;311298662#1;37628709#1;4935286#0;4935286#2;4970256#7;498033359#0;502325084#3;62826731;783907721#1;876057378#4,runs_J_k16_plain\init_seed6\g002_i016,runs_J_k16_plain\init_seed6\g002_i016\tripinfo.xml
2,17,14,689.342,-24337240#0;-4950193;-498033359#0;-782714971#1;-783907721#0;111677669#0;111681905#1;28468732#1;311298685;498033359#3;62826731;782714971#4;783907721#1;876057378#3,runs_J_k16_plain\init_seed6\g002_i017,runs_J_k16_plain\init_seed6\g002_i017\tripinfo.xml
2,18,16,534.4693333333333,-311298658;-311298665;-498033359#1;-535519490#0;-782714971#0;205590836#2;26216779#1;28468732#1;311298658;4935286#1;4935286#3;5197062#3;782710712;782714966#0;782714971#1;876343449#2,runs_J_k16_plain\init_seed6\g002_i018,runs_J_k16_plain\init_seed6\g002_i018\tripinfo.xml
2,19,12,696.186,-111677668#4;-111677671#0;-205590836#0;-24337240#2;-782714971#1;311298658;37628709#0;4935286#3;782714971#1;782714971#2;783907721#0;876057378#3,runs_J_k16_plain\init_seed6\g002_i019,runs_J_k16_plain\init_seed6\g002_i019\tripinfo.xml
2,20,16,515.9053333333334,-111677671#0;-111681903#3;-311298658;-5197062#3;-535519490#1;-782714966#0;-782714971#3;111681903#1;111681903#2;24337240#5;26216779#0;311298662#1;311298685;4935286#0;4935286#2;782714971#0,runs_J_k16_plain\init_seed6\g002_i020,runs_J_k16_plain\init_seed6\g002_i020\tripinfo.xml
2,21,16,578.1513333333334,-111677668#4;-111677671#0;-535519490#0;111677668#3;111681903#0;28468730#0;311298662#0;311298662#1;37628709#0;498033359#2;502325084#1;58621262#0;782714971#3;835443464;876057378#2;876057378#3,runs_J_k16_plain\init_seed6\g002_i021,runs_J_k16_plain\init_seed6\g002_i021\tripinfo.xml
2,22,16,854.1226666666666,-111681903#1;-24337240#3;-311298658;-74277990;-782714971#1;111681903#0;24337240#0;24337240#2;28468730#1;311298662#0;311298662#1;37628709#0;782714971#3;783907721#2;835443464;876057378#0,runs_J_k16_plain\init_seed6\g002_i022,runs_J_k16_plain\init_seed6\g002_i022\tripinfo.xml
2,23,16,652.006,-111677668#4;-111677671#0;-111681903#1;-24337240#1;-24337240#7;-311298658;-535519490#1;-782714971#1;111677668#3;25970859#1;28468732#1;311298662#1;37628709#0;4935286#3;783907721#2;880140407,runs_J_k16_plain\init_seed6\g002_i023,runs_J_k16_plain\init_seed6\g002_i023\tripinfo.xml
3,0,16,352.63666666666666,-120682114#1;-311298665;-5197062#4;-535519490#1;-783907721#1;-880137009#0;111677669#2;111677669#4;111681903#0;28468730#1;311298682#0;37628709#0;4935286#3;498033359#0;502325084#1;876343449#2,runs_J_k16_plain\init_seed6\g003_i000,runs_J_k16_plain\init_seed6\g003_i000\tripinfo.xml
3,1,16,669.1313333333334,-24337240#2;-25970859#0;-311298658;-5197062#4;-782714971#0;-783907721#1;-835445203;-876343449#1;111681903#2;311298658;311298665;4935286#2;58621262#0;62826731;747448014;782714966#0,runs_J_k16_plain\init_seed6\g003_i001,runs_J_k16_plain\init_seed6\g003_i001\tripinfo.xml
3,2,16,663.904,-111677671#0;-24337240#3;-502325084#3;-880137009#0;111677669#4;311298662#1;37628709#0;37628709#1;4935299#1;4970256#5;58621262#0;58621262#1;782714971#4;835445203;876057376;876057378#1,runs_J_k16_plain\init_seed6\g003_i002,runs_J_k16_plain\init_seed6\g003_i002\tripinfo.xml
3,3,16,1000000000000.0,-24337240#1;-311298665;-498033359#3;-502325084#1;-783907721#1;-880137009#0;24337240#4;24337240#5;24337240#7;26216779#1;4935286#3;498033359#0;502325084#1;7924772;876057378#4;876343449#2,runs_J_k16_plain\init_seed6\g003_i003,runs_J_k16_plain\init_seed6\g003_i003\tripinfo.xml
3,4,16,2103.392,-111677668#3;-120682114#1;-120682114#2;-24337240#4;-25970859#1;-311298685;-5197062#4;-535519490#1;-880137009#0;111677669#2;111677669#4;37628709#0;4935286#3;498033359#0;782714971#2;876343449#2,runs_J_k16_plain\init_seed6\g003_i004,runs_J_k16_plain\init_seed6\g003_i004\tripinfo.xml
3,5,16,726.0206666666667,-24337240#2;-25970859#1;-535519490#0;-782714966#1;-782714971#2;111677668#0;111677668#4;111681903#0;111681903#2;24337240#0;24337240#4;311298682#0;4935286#2;782714966#1;876057378#1;880137009#1,runs_J_k16_plain\init_seed6\g003_i005,runs_J_k16_plain\init_seed6\g003_i005\tripinfo.xml
3,6,16,2238.5493333333334,-311298685;-5197062#4;-876343449#1;111677669#2;111677669#3;120682114#3;26216779#0;311298662#1;4935286#2;4935299#1;498033359#3;782714971#2;783907721#1;835445203;880137009#0;880140407,runs_J_k16_plain\init_seed6\g003_i006,runs_J_k16_plain\init_seed6\g003_i006\tripinfo.xml
3,7,16,769.796,-498033359#3;-880137009#1;205590836#2;24337240#4;311298662#0;311298662#1;311298682#0;37628709#1;5197062#3;5197062#4;782714971#0;782714971#3;7924772;835445203;876057378#3;876343449#2,runs_J_k16_plain\init_seed6\g003_i007,runs_J_k16_plain\init_seed6\g003_i007\tripinfo.xml
3,8,16,730.5706666666666,-111677671#0;-24337240#0;-25970859#0;-535519490#0;111681903#1;120682114#1;24337240#5;311298662#1;498033359#0;498033359#2;502325084#1;502325084#3;58621262#0;747448014;876057378#2;876343449#2,runs_J_k16_plain\init_seed6\g003_i008,runs_J_k16_plain\init_seed6\g003_i008\tripinfo.xml
3,9,16,1309.034,-111677668#4;-111677671#0;-111681903#3;-24337240#1;-24337240#2;-311298662#0;-4950193;-535519490#1;-782714966#0;111677669#2;111681903#3;131942152;24337240#7;4935286#3;4970256#7;880137009#0,runs_J_k16_plain\init_seed6\g003_i009,runs_J_k16_plain\init_seed6\g003_i009\tripinfo.xml
3,10,16,608.2833333333333,-111677671#0;-311298658;-502325084#3;-5197062#3;-783907721#0;-876343449#0;111681903#2;24337240#5;25970859#1;26216779#0;311298685;782714971#0;783907721#2;835443464;880137009#1;880140407,runs_J_k16_plain\init_seed6\g003_i010,runs_J_k16_plain\init_seed6\g003_i010\tripinfo.xml
3,11,16,1144.3693333333333,-120682114#2;-24337240#3;-311298658;111677668#3;120682114#2;131942152;28468730#0;28468732#1;311298685;4935286#2;4970256#5;4970256#6;498033359#0;502325084#0;782714966#0;835445203,runs_J_k16_plain\init_seed6\g003_i011,runs_J_k16_plain\init_seed6\g003_i011\tripinfo.xml
3,12,13,392.676,-111681903#0;-111681903#1;-111681903#3;-205590836#0;-24337240#2;-28298231;-74277990;-880140407;111677669#1;24337240#4;26216781#1;4935286#2;880137009#1,runs_J_k16_plain\init_seed6\g003_i012,runs_J_k16_plain\init_seed6\g003_i012\tripinfo.xml
3,13,16,756.554,-120682114#2;-24337240#1;-24337240#4;-498033359#0;-782714966#0;-782714971#3;-835443464;-880137009#1;111681903#0;111681903#1;24337240#5;311298685;4935286#0;782714966#0;876057376;876057378#3,runs_J_k16_plain\init_seed6\g003_i013,runs_J_k16_plain\init_seed6\g003_i013\tripinfo.xml
3,14,16,676.8666666666667,-111677671#0;-111681903#1;-311298658;-311298662#1;-5197062#3;111677668#3;111677669#5;111681903#1;111681903#2;120682114#1;24337240#5;26216781#1;4935286#2;782714971#0;783907721#1;876343449#2,runs_J_k16_plain\init_seed6\g003_i014,runs_J_k16_plain\init_seed6\g003_i014\tripinfo.xml
3,15,16,1000000000000.0,-111681903#2;-311298658;-311298665;-498033359#1;-502325084#0;-535519490#0;205590836#2;24337240#0;24337240#2;26216779#1;26216781#1;4935286#2;4970256#7;5197062#3;782714966#0;835445203,runs_J_k16_plain\init_seed6\g003_i015,runs_J_k16_plain\init_seed6\g003_i015\tripinfo.xml
3,16,16,644.456,-24337240#3;-5197062#4;-535519490#0;111677668#0;111681903#2;205590836#2;24337240#0;26216779#1;311298658;4935286#3;5197062#3;62826731;782710712;782714966#0;782714971#1;876343449#2,runs_J_k16_plain\init_seed6\g003_i016,runs_J_k16_plain\init_seed6\g003_i016\tripinfo.xml
3,17,16,866.818,-120682114#1;-24337240#6;-28468730#0;-502325084#0;-782714966#0;-782714971#4;-876343449#0;111677669#5;28468730#0;4935286#0;4970256#7;58621262#1;782714971#4;783907721#1;876343449#2;880137009#1,runs_J_k16_plain\init_seed6\g003_i017,runs_J_k16_plain\init_seed6\g003_i017\tripinfo.xml
3,18,16,541.85,-120682114#1;-5197062#4;-535519490#1;-7365262;-782714971#2;-835443464;-876343449#0;-880137009#0;24337240#5;24337240#7;26216781#1;28468730#0;28468730#1;28468732#0;876057378#2;876343449#2,runs_J_k16_plain\init_seed6\g003_i018,runs_J_k16_plain\init_seed6\g003_i018\tripinfo.xml
3,19,16,1000000000000.0,-111677668#0;-111677668#4;-111677671#0;-498033359#2;-502325084#1;-535519490#0;-835443464;111681903#2;26216781#1;311298662#1;37628709#0;4935299#1;4970256#8;782714971#2;7924772;876057378#2,runs_J_k16_plain\init_seed6\g003_i019,runs_J_k16_plain\init_seed6\g003_i019\tripinfo.xml
3,20,16,349.8573333333333,-111677668#3;-111677668#4;-120682114#2;-205590836#0;-311298662#1;-498033359#3;-502325084#3;-535519490#0;-782714971#3;-783907721#1;111681903#0;26216781#1;28468730#0;311298685;498033359#3;880137010,runs_J_k16_plain\init_seed6\g003_i020,runs_J_k16_plain\init_seed6\g003_i020\tripinfo.xml
3,21,16,905.9186666666667,-111677668#4;-111681903#0;-120682114#2;-25970859#0;-498033359#0;-782714971#0;-783907721#1;24337240#7;26216779#1;26216781#2;28468730#0;311298658;58621262#1;782714971#2;876057378#0;880137009#1,runs_J_k16_plain\init_seed6\g003_i021,runs_J_k16_plain\init_seed6\g003_i021\tripinfo.xml
3,22,14,367.06,-120682114#1;-24337240#2;-28298231;-5197062#3;111681903#3;24337240#5;28468730#1;28468732#1;37628709#0;4935286#2;5197062#4;782714971#1;782714971#4;783907721#0,runs_J_k16_plain\init_seed6\g003_i022,runs_J_k16_plain\init_seed6\g003_i022\tripinfo.xml
3,23,12,478.37533333333334,-120682114#1;-311298665;-311298685;-5197062#4;-783907721#1;111677669#2;111681903#2;26216781#0;28468730#1;311298662#1;311298682#0;498033359#0,runs_J_k16_plain\init_seed6\g003_i023,runs_J_k16_plain\init_seed6\g003_i023\tripinfo.xml
4,0,16,349.8573333333333,-111677668#3;-111677668#4;-120682114#2;-205590836#0;-311298662#1;-498033359#3;-502325084#3;-535519490#0;-782714971#3;-783907721#1;111681903#0;26216781#1;28468730#0;311298685;498033359#3;880137010,runs_J_k16_plain\init_seed6\g004_i000,runs_J_k16_plain\init_seed6\g004_i000\tripinfo.xml
4,1,16,579.626,-111681903#2;-311298685;-498033359#2;-5197062#4;-535519490#1;111681903#0;28468730#1;311298682#0;37628709#0;4935299#1;502325084#1;502325084#3;782714966#1;782714971#0;782714971#4;876343449#2,runs_J_k16_plain\init_seed6\g004_i001,runs_J_k16_plain\init_seed6\g004_i001\tripinfo.xml
4,2,16,860.9853333333333,-111681903#1;-111681903#2;-120682114#1;-24337240#1;-311298685;-5197062#4;-782714971#2;-783907721#1;111677669#0;111681903#0;26216781#0;4935286#0;4970256#8;498033359#0;502325084#0;782714971#0,runs_J_k16_plain\init_seed6\g004_i002,runs_J_k16_plain\init_seed6\g004_i002\tripinfo.xml
4,3,16,1000000000000.0,-120682114#1;-24337240#3;-311298665;-5197062#4;-535519490#1;-7365262;-782714971#0;111677669#2;111677669#4;131942152;24337240#4;28468730#1;311298682#0;37628709#0;782714971#4;876057378#0,runs_J_k16_plain\init_seed6\g004_i003,runs_J_k16_plain\init_seed6\g004_i003\tripinfo.xml
4,4,16,733.716,-205590836#0;-5197062#4;-782714971#1;-783907721#1;-876343449#0;-880137009#0;111677669#0;24337240#5;24337240#7;25970859#1;28468730#1;311298682#0;498033359#0;502325084#1;5197062#4;782714971#2,runs_J_k16_plain\init_seed6\g004_i004,runs_J_k16_plain\init_seed6\g004_i004\tripinfo.xml
4,5,16,1000000000000.0,-111677668#3;-120682114#3;-205590836#0;-502325084#3;-782714966#1;-782714971#2;-782714971#3;-783907721#1;111677669#5;26216779#0;4935286#2;498033359#3;502325084#1;782714966#0;835445203;880137010,runs_J_k16_plain\init_seed6\g004_i005,runs_J_k16_plain\init_seed6\g004_i005\tripinfo.xml
4,6,16,471.49333333333334,-111677668#4;-205590836#0;-311298662#1;-311298665;-498033359#3;-535519490#1;-782714971#3;-783907721#0;-783907721#1;111681903#0;311298662#1;311298685;498033359#3;835443464;835445203;880137010,runs_J_k16_plain\init_seed6\g004_i006,runs_J_k16_plain\init_seed6\g004_i006\tripinfo.xml
4,7,16,651.36,-120682114#1;-205590836#0;-311298658;-4950193;-5197062#4;-782714966#1;-782714971#3;-783907721#1;-876343449#0;111681903#0;25970859#0;28468730#1;498033359#0;783907721#1;876057378#0;876343449#2,runs_J_k16_plain\init_seed6\g004_i007,runs_J_k16_plain\init_seed6\g004_i007\tripinfo.xml
4,8,14,617.8926666666666,-111677668#3;-120682114#1;-24337240#0;-535519490#1;-782714971#4;-783907721#1;-835443464;-880137009#0;111677669#5;28468732#0;37628709#0;498033359#3;502325084#0;782714966#0,runs_J_k16_plain\init_seed6\g004_i008,runs_J_k16_plain\init_seed6\g004_i008\tripinfo.xml
4,9,16,1655.3013333333333,-111681903#0;-111681903#1;-111681903#3;-498033359#3;-74277990;-782714971#4;-783907721#0;111677668#0;111677668#4;111677669#1;120682114#2;24337240#2;4935286#2;747448014;876343449#0;880137009#1,runs_J_k16_plain\init_seed6\g004_i009,runs_J_k16_plain\init_seed6\g004_i009\tripinfo.xml
4,10,16,774.8053333333334,-111681903#3;-205590836#0;-24337240#0;-24337240#2;-24337240#7;-28298231;-74277990;26216779#1;311298662#1;311298665;4935286#0;4935286#2;502325084#0;782714966#0;876057376;880137009#1,runs_J_k16_plain\init_seed6\g004_i010,runs_J_k16_plain\init_seed6\g004_i010\tripinfo.xml
4,11,13,1000000000000.0,-311298665;-311298682#0;-498033359#1;-782714966#0;-835443464;111677669#4;4970256#5;4970256#6;502325084#0;782714971#1;835445203;876343449#1;880137009#0,runs_J_k16_plain\init_seed6\g004_i011,runs_J_k16_plain\init_seed6\g004_i011\tripinfo.xml
4,12,16,699.5773333333333,-4950193;-502325084#0;-535519490#0;-782714971#4;-835443464;-880140407;131942152;25970859#0;26216781#3;311298658;5197062#3;747448014;782714966#0;782714971#1;782714971#2;835445203,runs_J_k16_plain\init_seed6\g004_i012,runs_J_k16_plain\init_seed6\g004_i012\tripinfo.xml
4,13,16,399.258,-111677671#0;-111681903#1;-120682114#1;-28298231;-5197062#4;-782714966#0;-783907721#0;-876343449#0;26216779#0;311298665;37628709#0;4935286#3;498033359#0;498033359#2;782714966#0;876343449#2,runs_J_k16_plain\init_seed6\g004_i013,runs_J_k16_plain\init_seed6\g004_i013\tripinfo.xml
4,14,16,644.456,-311298658;-311298665;-498033359#3;-835445203;-880137009#0;-880140407;111677668#3;111681903#3;120682114#1;311298682#0;4935286#3;502325084#0;502325084#3;782714966#1;782714971#0;876343449#2,runs_J_k16_plain\init_seed6\g004_i014,runs_J_k16_plain\init_seed6\g004_i014\tripinfo.xml
4,15,16,629.072,-111677668#3;-111681903#1;-111681903#3;-205590836#0;-498033359#0;-498033359#3;-5197062#3;-74277990;-880140407;111681905#1;120682114#1;26216781#1;5197062#3;835445203;876057378#4;876343449#2,runs_J_k16_plain\init_seed6\g004_i015,runs_J_k16_plain\init_seed6\g004_i015\tripinfo.xml
4,16,16,1241.6073333333334,-111677671#0;-111681903#1;-120682114#2;-835445203;111677668#3;111677669#1;111681903#0;24337240#5;26216779#0;26216781#1;37628709#1;535519490#1;782714971#0;782714971#3;783907721#1;876057378#4,runs_J_k16_plain\init_seed6\g004_i016,runs_J_k16_plain\init_seed6\g004_i016\tripinfo.xml
4,17,16,848.4433333333334,-120682114#1;-25970859#0;-311298662#1;-535519490#1;-7365262;-782714966#0;-782714971#2;111681903#3;24337240#5;24337240#7;28468732#0;311298658;5197062#4;782714971#1;782714971#4;880137009#1,runs_J_k16_plain\init_seed6\g004_i017,runs_J_k16_plain\init_seed6\g004_i017\tripinfo.xml
4,18,16,957.9133333333333,-111681903#3;-24337240#7;-28298231;-311298658;-311298682#0;-876343449#0;-876343449#2;111677669#2;25970859#1;26216781#1;28468730#1;28468732#1;311298658;782714971#4;876057378#2;876343449#2,runs_J_k16_plain\init_seed6\g004_i018,runs_J_k16_plain\init_seed6\g004_i018\tripinfo.xml
4,19,16,642.364,-120682114#3;-502325084#1;-502325084#3;-535519490#0;-7365262;-880137009#0;111677669#4;111681903#0;111681903#2;26216779#0;28468732#1;311298685;4970256#6;835445203;880137009#1;880140407,runs_J_k16_plain\init_seed6\g004_i019,runs_J_k16_plain\init_seed6\g004_i019\tripinfo.xml
4,20,16,1394.8933333333334,-111677671#0;-24337240#3;-24337240#6;-74277990;-782714971#2;-880137009#0;111677669#3;111681903#2;111681903#3;120682114#2;25970859#1;4970256#6;498033359#3;58621262#0;782714971#0;876057378#4,runs_J_k16_plain\init_seed6\g004_i020,runs_J_k16_plain\init_seed6\g004_i020\tripinfo.xml
4,21,16,387.61333333333334,-24337240#2;-28298231;-28468730#0;-5197062#4;-7365262;-835443464;-880137009#0;111677669#1;111677669#4;24337240#5;26216779#0;28468730#1;311298665;4935286#2;782714971#4;876343449#0,runs_J_k16_plain\init_seed6\g004_i021,runs_J_k16_plain\init_seed6\g004_i021\tripinfo.xml
4,22,16,624.6333333333333,-28298231;-502325084#3;-5197062#3;-782714971#2;-880137009#0;-880140407;24337240#5;28468730#1;37628709#0;4935299#1;782710712;782714971#2;783907721#0;876057376;876057378#2;876343449#2,runs_J_k16_plain\init_seed6\g004_i022,runs_J_k16_plain\init_seed6\g004_i022\tripinfo.xml
4,23,16,398.0,-24337240#3;-5197062#4;-7365262;-876343449#1;-880137009#0;111681905#2;311298665;4935286#2;4970256#6;498033359#1;747448014;782714966#0;783907721#1;835445203;876057378#1;880137010,runs_J_k16_plain\init_seed6\g004_i023,runs_J_k16_plain\init_seed6\g004_i023\tripinfo.xml
5,0,16,349.8573333333333,-111677668#3;-111677668#4;-120682114#2;-205590836#0;-311298662#1;-498033359#3;-502325084#3;-535519490#0;-782714971#3;-783907721#1;111681903#0;26216781#1;28468730#0;311298685;498033359#3;880137010,runs_J_k16_plain\init_seed6\g005_i000,runs_J_k16_plain\init_seed6\g005_i000\tripinfo.xml
5,1,16,495.80466666666666,-111681903#1;-311298662#1;-498033359#2;-498033359#3;-502325084#3;-535519490#0;-782714966#0;-782714971#3;-783907721#0;-783907721#1;-876343449#0;111677669#1;111681903#0;25970859#1;26216781#1;4935286#3,runs_J_k16_plain\init_seed6\g005_i001,runs_J_k16_plain\init_seed6\g005_i001\tripinfo.xml
5,2,16,864.18,-111677668#4;-111681903#1;-120682114#1;-120682114#2;-498033359#1;-498033359#2;-782714966#0;111677668#0;26216781#0;28468730#0;502325084#1;535519490#1;782714966#0;782714971#2;876057378#5;876343449#2,runs_J_k16_plain\init_seed6\g005_i002,runs_J_k16_plain\init_seed6\g005_i002\tripinfo.xml
5,3,16,1000000000000.0,-205590836#0;-24337240#0;-24337240#4;-311298662#0;-498033359#3;-502325084#1;-5197062#3;-535519490#1;111681903#1;120682114#1;4935286#2;835443464;835445203;876343449#2;880137010;880140407,runs_J_k16_plain\init_seed6\g005_i003,runs_J_k16_plain\init_seed6\g005_i003\tripinfo.xml
5,4,15,1000000000000.0,-205590836#0;-498033359#1;-498033359#3;-782714971#2;-783907721#0;-876343449#0;120682114#2;205590836#2;311298662#1;311298685;37628709#0;4935286#0;4970256#6;498033359#3;880137010,runs_J_k16_plain\init_seed6\g005_i004,runs_J_k16_plain\init_seed6\g005_i004\tripinfo.xml
5,5,16,790.548,-111681903#3;-205590836#0;-24337240#0;-782714971#3;-783907721#1;-880137009#0;26216781#0;28468732#0;311298662#1;311298685;4970256#5;502325084#0;535519490#0;782714966#1;783907721#1;880140407,runs_J_k16_plain\init_seed6\g005_i005,runs_J_k16_plain\init_seed6\g005_i005\tripinfo.xml
5,6,16,1000000000000.0,-28468730#0;-311298662#1;-311298665;-498033359#3;-535519490#1;-782714971#4;-783907721#0;-783907721#1;-835443464;111677668#0;111677668#3;111681905#1;26216779#1;37628709#0;876057376;876343449#1,runs_J_k16_plain\init_seed6\g005_i006,runs_J_k16_plain\init_seed6\g005_i006\tripinfo.xml
5,7,16,1000000000000.0,-205590836#0;-311298662#1;-311298665;-5197062#4;-7365262;-835443464;-876343449#2;111677669#4;311298662#1;311298665;311298685;4970256#8;502325084#0;502325084#1;782714966#1;835443464,runs_J_k16_plain\init_seed6\g005_i007,runs_J_k16_plain\init_seed6\g005_i007\tripinfo.xml
5,8,16,1000000000000.0,-24337240#2;-28298231;-311298665;-535519490#0;-782714966#0;-783907721#0;-880137009#0;111677669#1;111681903#0;26216781#1;311298662#1;4935286#2;782710712;835443464;880137009#1;880137010,runs_J_k16_plain\init_seed6\g005_i008,runs_J_k16_plain\init_seed6\g005_i008\tripinfo.xml
5,9,14,634.056,-24337240#3;-782714971#0;-782714971#1;-880140407;111677668#4;25970859#0;311298665;4935286#2;4935299#1;498033359#1;498033359#3;535519490#0;747448014;835445203,runs_J_k16_plain\init_seed6\g005_i009,runs_J_k16_plain\init_seed6\g005_i009\tripinfo.xml
5,10,16,1570.6633333333334,-111677668#3;-111677671#0;-111681903#1;-111681903#3;-205590836#0;-498033359#0;-782714971#4;120682114#1;24337240#3;24337240#4;25970859#0;25970859#1;26216781#0;26216781#1;783907721#2;835445203,runs_J_k16_plain\init_seed6\g005_i010,runs_J_k16_plain\init_seed6\g005_i010\tripinfo.xml
5,11,15,780.202,-498033359#2;-502325084#3;-5197062#4;-835445203;111677668#3;111677669#5;24337240#7;28468730#1;5197062#4;535519490#0;782714966#1;782714971#0;782714971#4;876057378#3;876343449#2,runs_J_k16_plain\init_seed6\g005_i011,runs_J_k16_plain\init_seed6\g005_i011\tripinfo.xml
5,12,16,434.4046666666667,-111677671#0;-24337240#0;-28298231;-498033359#2;-498033359#3;-5197062#4;-782714966#0;-880137009#1;24337240#7;26216779#0;311298665;498033359#0;747448014;782714971#2;876057378#1;876057378#5,runs_J_k16_plain\init_seed6\g005_i012,runs_J_k16_plain\init_seed6\g005_i012\tripinfo.xml
5,13,8,602.0886666666667,-24337240#2;-4950193;-835443464;111677669#1;111677669#4;24337240#1;26216779#0;876057378#4,runs_J_k16_plain\init_seed6\g005_i013,runs_J_k16_plain\init_seed6\g005_i013\tripinfo.xml
5,14,16,576.9213333333333,-111681903#2;-120682114#2;-24337240#0;-25970859#0;-498033359#3;-782714966#0;-835445203;-880140407;111677668#3;111681905#2;120682114#1;311298682#0;37628709#1;4935286#3;4970256#7;835445203,runs_J_k16_plain\init_seed6\g005_i014,runs_J_k16_plain\init_seed6\g005_i014\tripinfo.xml
5,15,16,670.534,-205590836#0;-24337240#6;-498033359#3;-782714971#2;-835443464;111677669#4;111681903#0;111681903#3;24337240#7;28468730#1;311298662#1;37628709#0;502325084#0;782710712;782714971#3;876057378#5,runs_J_k16_plain\init_seed6\g005_i015,runs_J_k16_plain\init_seed6\g005_i015\tripinfo.xml
5,16,8,461.318,-535519490#1;-782714971#3;-783907721#1;120682114#3;24337240#5;4935286#1;782714966#0;835443464,runs_J_k16_plain\init_seed6\g005_i016,runs_J_k16_plain\init_seed6\g005_i016\tripinfo.xml
5,17,16,441.566,-111677668#3;-111677668#4;-24337240#7;-502325084#3;-74277990;-782714971#3;-880137009#0;111681903#3;28468730#0;311298665;4935286#3;4970256#7;58621262#1;747448014;783907721#2;880137010,runs_J_k16_plain\init_seed6\g005_i017,runs_J_k16_plain\init_seed6\g005_i017\tripinfo.xml
5,18,16,732.3553333333333,-111681903#1;-120682114#2;-205590836#0;-311298682#0;-498033359#3;-502325084#1;-835445203;111677668#3;111677669#4;111681903#1;111681903#3;131942152;26216781#1;311298685;37628709#0;876057378#4,runs_J_k16_plain\init_seed6\g005_i018,runs_J_k16_plain\init_seed6\g005_i018\tripinfo.xml
5,19,16,719.2853333333334,-111681903#2;-311298662#0;-498033359#3;-502325084#3;-5197062#3;-5197062#4;111681903#1;24337240#4;26216779#0;28468730#1;37628709#0;782714971#0;782714971#2;782714971#4;7924772;880137009#0,runs_J_k16_plain\init_seed6\g005_i019,runs_J_k16_plain\init_seed6\g005_i019\tripinfo.xml
5,20,16,1000000000000.0,-24337240#2;-28298231;-5197062#4;-535519490#1;-782714971#4;-880137009#0;4970256#6;4970256#7;498033359#2;782710712;783907721#0;835445203;876057378#2;876343449#0;876343449#2;880137009#0,runs_J_k16_plain\init_seed6\g005_i020,runs_J_k16_plain\init_seed6\g005_i020\tripinfo.xml
5,21,15,4456.718,-111677668#3;-205590836#0;-498033359#3;-5197062#4;-782714966#0;-783907721#1;131942152;26216779#0;311298662#1;311298665;311298685;37628709#1;4935286#3;502325084#0;880137010,runs_J_k16_plain\init_seed6\g005_i021,runs_J_k16_plain\init_seed6\g005_i021\tripinfo.xml
5,22,16,3725.8986666666665,-111677668#4;-111677671#0;-111681903#1;-111681903#2;-311298662#1;-498033359#0;-782714966#0;-782714971#4;-876343449#0;-880137009#0;111677668#0;120682114#1;26216781#1;311298662#0;311298685;498033359#3,runs_J_k16_plain\init_seed6\g005_i022,runs_J_k16_plain\init_seed6\g005_i022\tripinfo.xml
5,23,16,692.4293333333334,-111677668#3;-111677668#4;-24337240#3;-24337240#6;-311298662#1;-535519490#0;-535519490#1;-782714971#3;-835445203;28468732#0;311298662#1;311298685;498033359#1;782714971#4;783907721#1;876057378#1,runs_J_k16_plain\init_seed6\g005_i023,runs_J_k16_plain\init_seed6\g005_i023\tripinfo.xml
6,0,16,349.8573333333333,-111677668#3;-111677668#4;-120682114#2;-205590836#0;-311298662#1;-498033359#3;-502325084#3;-535519490#0;-782714971#3;-783907721#1;111681903#0;26216781#1;28468730#0;311298685;498033359#3;880137010,runs_J_k16_plain\init_seed6\g006_i000,runs_J_k16_plain\init_seed6\g006_i000\tripinfo.xml
6,1,16,1149.5286666666666,-111677668#3;-120682114#2;-24337240#3;-24337240#4;-498033359#0;-782714971#3;-783907721#1;24337240#5;26216781#0;28468732#0;311298658;311298685;4935286#1;4935299#1;782714971#1;876057378#0,runs_J_k16_plain\init_seed6\g006_i001,runs_J_k16_plain\init_seed6\g006_i001\tripinfo.xml
6,2,16,674.8093333333334,-111681903#1;-24337240#0;-24337240#3;-24337240#6;-498033359#0;-502325084#3;-535519490#1;-782714971#3;-880140407;120682114#3;24337240#5;26216779#0;28468732#0;28468732#1;782714966#0;782714971#1,runs_J_k16_plain\init_seed6\g006_i002,runs_J_k16_plain\init_seed6\g006_i002\tripinfo.xml
6,3,16,605.5553333333334,-111677668#4;-24337240#0;-782714966#1;-835445203;-880137009#1;111677669#0;111677669#1;25970859#1;311298665;311298682#0;4970256#7;498033359#3;58621262#1;876057378#5;876343449#2;880137010,runs_J_k16_plain\init_seed6\g006_i003,runs_J_k16_plain\init_seed6\g006_i003\tripinfo.xml
6,4,16,2042.0926666666667,-111677668#4;-24337240#7;-25970859#0;-535519490#0;-535519490#1;-74277990;-880137009#0;111677669#0;26216779#0;26216781#2;37628709#0;4970256#8;5197062#3;58621262#1;782714971#2;783907721#2,runs_J_k16_plain\init_seed6\g006_i004,runs_J_k16_plain\init_seed6\g006_i004\tripinfo.xml
6,5,16,1000000000000.0,-111677668#3;-111677668#4;-111677671#0;-111681903#2;-120682114#2;-205590836#0;-311298662#0;-783907721#1;-783907721#2;111677668#3;111681903#0;28468730#0;4970256#6;535519490#1;876057378#0;880137009#1,runs_J_k16_plain\init_seed6\g006_i005,runs_J_k16_plain\init_seed6\g006_i005\tripinfo.xml
6,6,3,629.6866666666666,-28298231;-782714971#2;782714971#1,runs_J_k16_plain\init_seed6\g006_i006,runs_J_k16_plain\init_seed6\g006_i006\tripinfo.xml
6,7,16,644.456,-111677671#0;-5197062#4;-7365262;-782714971#4;120682114#3;205590836#2;24337240#5;24337240#7;26216779#0;4935299#1;4970256#6;498033359#0;782714966#0;782714971#2;783907721#0;835443464,runs_J_k16_plain\init_seed6\g006_i007,runs_J_k16_plain\init_seed6\g006_i007\tripinfo.xml
6,8,16,703.7113333333333,-24337240#0;-28298231;-311298682#0;-498033359#2;-498033359#3;-782714971#0;111681903#1;120682114#3;24337240#5;24337240#7;37628709#0;4970256#5;4970256#8;783907721#0;876057378#2;880137009#0,runs_J_k16_plain\init_seed6\g006_i008,runs_J_k16_plain\init_seed6\g006_i008\tripinfo.xml
6,9,16,622.2073333333333,-111681903#0;-205590836#0;-24337240#0;-24337240#3;-24337240#6;-28298231;-28468730#0;-311298662#1;-880137009#1;24337240#2;26216781#2;498033359#1;747448014;782714971#4;783907721#1;876343449#0,runs_J_k16_plain\init_seed6\g006_i009,runs_J_k16_plain\init_seed6\g006_i009\tripinfo.xml
6,10,16,644.1746666666667,-111677668#4;-111681903#1;-205590836#0;-24337240#6;-5197062#4;-782714966#1;111681903#3;24337240#2;25970859#1;26216779#0;28468732#0;311298662#1;311298685;498033359#0;747448014;876057378#5,runs_J_k16_plain\init_seed6\g006_i010,runs_J_k16_plain\init_seed6\g006_i010\tripinfo.xml
6,11,16,626.2286666666666,-111677668#3;-111677671#0;-205590836#0;-25970859#1;-311298662#1;-4950193;-782714971#3;111677669#3;111677669#5;26216781#0;37628709#1;498033359#1;498033359#3;783907721#1;876057378#0;876057378#1,runs_J_k16_plain\init_seed6\g006_i011,runs_J_k16_plain\init_seed6\g006_i011\tripinfo.xml
6,12,16,1000000000000.0,-120682114#2;-205590836#0;-311298662#1;-502325084#3;-535519490#0;111677669#1;26216779#1;26216781#1;28468732#0;311298662#1;311298665;37628709#0;4935286#0;58621262#1;782714971#4;880137010,runs_J_k16_plain\init_seed6\g006_i012,runs_J_k16_plain\init_seed6\g006_i012\tripinfo.xml
6,13,14,639.556,-111677668#3;-111677671#0;-311298662#1;-498033359#0;-502325084#0;-535519490#0;-783907721#1;-880137009#0;25970859#1;498033359#1;498033359#2;58621262#0;782714966#0;7924772,runs_J_k16_plain\init_seed6\g006_i013,runs_J_k16_plain\init_seed6\g006_i013\tripinfo.xml
6,14,16,694.98,-111677668#3;-111677668#4;-111681903#3;-120682114#2;-205590836#0;-24337240#0;-782714971#4;-783907721#1;111677669#2;120682114#1;205590836#2;26216781#1;26216781#3;58621262#0;782714966#0;835443464,runs_J_k16_plain\init_seed6\g006_i014,runs_J_k16_plain\init_seed6\g006_i014\tripinfo.xml
6,15,16,1000000000000.0,-111681903#1;-120682114#2;-311298685;-498033359#3;-535519490#0;-782714966#0;-782714971#3;111677669#1;111681903#0;25970859#1;311298658;4935286#3;4970256#6;782714966#0;783907721#1;880137010,runs_J_k16_plain\init_seed6\g006_i015,runs_J_k16_plain\init_seed6\g006_i015\tripinfo.xml
6,16,12,645.368,-111681903#3;-120682114#3;-24337240#1;-311298662#1;-311298682#0;-498033359#2;-783907721#0;111681903#0;111681903#1;24337240#0;498033359#0;498033359#3,runs_J_k16_plain\init_seed6\g006_i016,runs_J_k16_plain\init_seed6\g006_i016\tripinfo.xml
6,17,16,1000000000000.0,-111677668#3;-111677668#4;-120682114#2;-24337240#7;-498033359#0;-782714971#3;111681903#1;24337240#1;311298682#0;311298685;4970256#7;498033359#3;58621262#1;876057378#0;880137009#1;880137010,runs_J_k16_plain\init_seed6\g006_i017,runs_J_k16_plain\init_seed6\g006_i017\tripinfo.xml
6,18,16,570.6,-111681903#0;-28468730#0;-498033359#0;-498033359#3;-535519490#0;-74277990;-782714971#3;111681903#0;111681903#2;111681903#3;26216779#0;311298662#0;58621262#0;747448014;782714971#3;880137010,runs_J_k16_plain\init_seed6\g006_i018,runs_J_k16_plain\init_seed6\g006_i018\tripinfo.xml
6,19,16,722.1133333333333,-120682114#1;-24337240#3;-28298231;-498033359#1;-782714971#0;111677669#5;120682114#3;311298662#0;4935286#1;4970256#7;498033359#1;502325084#3;747448014;782714971#4;7924772;876057378#4,runs_J_k16_plain\init_seed6\g006_i019,runs_J_k16_plain\init_seed6\g006_i019\tripinfo.xml
6,20,12,621.2893333333334,-111677668#4;-205590836#0;-24337240#6;-24337240#7;-498033359#2;-783907721#2;111681903#3;24337240#4;26216779#0;4935299#1;4970256#6;747448014,runs_J_k16_plain\init_seed6\g006_i020,runs_J_k16_plain\init_seed6\g006_i020\tripinfo.xml
6,21,16,975.7186666666666,-311298662#0;-498033359#1;-782714971#2;-782714971#3;-783907721#1;111681903#3;24337240#3;24337240#7;498033359#1;502325084#0;782710712;783907721#0;835443464;876057376;876057378#4;880137010,runs_J_k16_plain\init_seed6\g006_i021,runs_J_k16_plain\init_seed6\g006_i021\tripinfo.xml
6,22,16,1000000000000.0,-111681903#0;-111681903#2;-24337240#0;-498033359#3;-502325084#3;-835443464;-876343449#2;-880137009#0;120682114#1;28468730#0;311298662#0;37628709#0;783907721#2;876057378#0;876057378#2;880137009#1,runs_J_k16_plain\init_seed6\g006_i022,runs_J_k16_plain\init_seed6\g006_i022\tripinfo.xml
6,23,16,1280.638,-24337240#1;-498033359#2;-782714971#0;-782714971#3;-783907721#1;-876343449#2;-880137009#1;111677669#4;120682114#2;120682114#3;26216779#0;26216779#1;4935286#0;4970256#5;7924772;876057378#1,runs_J_k16_plain\init_seed6\g006_i023,runs_J_k16_plain\init_seed6\g006_i023\tripinfo.xml
7,0,16,349.8573333333333,-111677668#3;-111677668#4;-120682114#2;-205590836#0;-311298662#1;-498033359#3;-502325084#3;-535519490#0;-782714971#3;-783907721#1;111681903#0;26216781#1;28468730#0;311298685;498033359#3;880137010,runs_J_k16_plain\init_seed6\g007_i000,runs_J_k16_plain\init_seed6\g007_i000\tripinfo.xml
7,1,16,829.576,-111677671#0;-782714966#1;-782714971#2;-835443464;111677668#0;111677669#4;111681903#3;24337240#4;26216781#2;4970256#6;502325084#0;782714971#2;783907721#0;835443464;876057376;876057378#4,runs_J_k16_plain\init_seed6\g007_i001,runs_J_k16_plain\init_seed6\g007_i001\tripinfo.xml
7,2,16,634.6906666666666,-111677668#4;-205590836#0;-24337240#0;-24337240#1;-311298685;-498033359#1;-498033359#2;-535519490#0;-783907721#1;111677669#0;24337240#3;24337240#7;4935299#1;498033359#1;876057378#3;876343449#0,runs_J_k16_plain\init_seed6\g007_i002,runs_J_k16_plain\init_seed6\g007_i002\tripinfo.xml
7,3,16,662.888,-111677668#4;-498033359#2;-498033359#3;-782714971#2;-782714971#3;-782714971#4;111677668#0;311298662#0;37628709#1;4970256#6;58621262#0;747448014;782714966#1;782714971#0;835445203;876057378#0,runs_J_k16_plain\init_seed6\g007_i003,runs_J_k16_plain\init_seed6\g007_i003\tripinfo.xml
7,4,16,1240.8106666666667,-24337240#6;-24337240#7;-311298662#0;-498033359#2;-5197062#4;-835443464;-835445203;111677668#0;111681903#3;24337240#0;24337240#4;311298662#0;535519490#1;58621262#0;747448014;880137010,runs_J_k16_plain\init_seed6\g007_i004,runs_J_k16_plain\init_seed6\g007_i004\tripinfo.xml
7,5,16,617.8446666666666,-120682114#3;-24337240#0;-535519490#0;-782714966#0;-876343449#0;131942152;26216781#2;28468732#1;311298662#0;311298662#1;311298685;747448014;782714971#2;782714971#4;876057378#4;876343449#2,runs_J_k16_plain\init_seed6\g007_i005,runs_J_k16_plain\init_seed6\g007_i005\tripinfo.xml
7,6,15,673.6986666666667,-120682114#1;-24337240#2;-28298231;-498033359#1;-782714971#0;-782714971#1;-782714971#2;-876343449#2;-880137009#0;4970256#7;498033359#1;502325084#3;782710712;782714971#1;876343449#1,runs_J_k16_plain\init_seed6\g007_i006,runs_J_k16_plain\init_seed6\g007_i006\tripinfo.xml
7,7,11,593.0726666666667,-111677668#3;-782714966#1;-782714971#2;-783907721#1;111677669#2;111681903#3;25970859#1;311298682#0;782714971#2;783907721#1;880140407,runs_J_k16_plain\init_seed6\g007_i007,runs_J_k16_plain\init_seed6\g007_i007\tripinfo.xml
7,8,9,406.174,-111677668#3;111677669#0;25970859#1;28468730#1;4935286#2;5197062#4;747448014;7924772;876343449#2,runs_J_k16_plain\init_seed6\g007_i008,runs_J_k16_plain\init_seed6\g007_i008\tripinfo.xml
7,9,6,2209.71,311298662#0;4935286#1;782714966#1;782714971#1;876057378#0;880137010,runs_J_k16_plain\init_seed6\g007_i009,runs_J_k16_plain\init_seed6\g007_i009\tripinfo.xml
7,10,16,1000000000000.0,-25970859#1;-311298662#1;-311298665;-4950193;-782714966#1;-782714971#2;111677669#5;111681903#0;111681903#3;111681905#2;26216781#0;498033359#1;498033359#3;783907721#0;783907721#1;876057376,runs_J_k16_plain\init_seed6\g007_i010,runs_J_k16_plain\init_seed6\g007_i010\tripinfo.xml
7,11,16,656.0613333333333,-111677671#0;-120682114#2;-205590836#0;-25970859#1;-28468730#0;-782714971#3;-782714971#4;-835443464;-876343449#2;111681903#3;120682114#1;502325084#0;502325084#1;535519490#0;783907721#0;876057378#2,runs_J_k16_plain\init_seed6\g007_i011,runs_J_k16_plain\init_seed6\g007_i011\tripinfo.xml
7,12,16,537.79,-111681903#0;-502325084#1;-5197062#4;-782714971#3;-783907721#1;111677668#0;111677669#0;111677669#5;24337240#7;311298685;498033359#3;502325084#3;783907721#1;876057376;876057378#1;880137010,runs_J_k16_plain\init_seed6\g007_i012,runs_J_k16_plain\init_seed6\g007_i012\tripinfo.xml
7,13,8,651.1513333333334,-24337240#0;-24337240#6;-783907721#2;111677669#0;24337240#4;498033359#3;876057376;876057378#4,runs_J_k16_plain\init_seed6\g007_i013,runs_J_k16_plain\init_seed6\g007_i013\tripinfo.xml
7,14,16,685.55,-111677668#4;-24337240#0;-25970859#1;-782714966#1;-880137009#1;111677669#0;111677669#4;25970859#1;311298662#1;311298682#0;311298685;4970256#7;58621262#0;58621262#1;876343449#2;880137010,runs_J_k16_plain\init_seed6\g007_i014,runs_J_k16_plain\init_seed6\g007_i014\tripinfo.xml
7,15,16,952.192,-111677668#0;-111681903#0;-111681903#2;-205590836#0;-24337240#0;-24337240#3;-24337240#6;-5197062#4;111677669#0;26216781#3;311298658;4970256#7;498033359#1;782714971#4;7924772;876057378#0,runs_J_k16_plain\init_seed6\g007_i015,runs_J_k16_plain\init_seed6\g007_i015\tripinfo.xml
7,16,16,610.4746666666666,-311298662#1;-498033359#2;-498033359#3;-835445203;111677669#1;205590836#2;24337240#0;24337240#2;26216779#0;26216781#2;26216781#3;4970256#6;5197062#3;747448014;783907721#1;876343449#0,runs_J_k16_plain\init_seed6\g007_i016,runs_J_k16_plain\init_seed6\g007_i016\tripinfo.xml
7,17,16,637.37,-111677668#3;-111681903#0;-120682114#2;-24337240#1;-28468730#0;-782714966#1;-783907721#1;111681903#0;311298662#0;4935286#3;502325084#0;502325084#1;5197062#4;535519490#0;782714971#4;783907721#2,runs_J_k16_plain\init_seed6\g007_i017,runs_J_k16_plain\init_seed6\g007_i017\tripinfo.xml
7,18,16,749.9186666666667,-111681903#2;-205590836#0;-24337240#3;-311298682#0;-783907721#0;111677668#0;111681903#1;24337240#0;24337240#2;26216781#1;28468730#0;502325084#1;747448014;876057378#2;876343449#0;880137010,runs_J_k16_plain\init_seed6\g007_i018,runs_J_k16_plain\init_seed6\g007_i018\tripinfo.xml
7,19,13,1000000000000.0,-24337240#7;-28468730#0;-311298665;-498033359#0;-74277990;111681903#2;311298662#0;4970256#6;782714971#3;782714971#4;7924772;876343449#0;880137010,runs_J_k16_plain\init_seed6\g007_i019,runs_J_k16_plain\init_seed6\g007_i019\tripinfo.xml
7,20,16,1000000000000.0,-111677668#4;-111681903#0;-28468730#0;-535519490#0;-74277990;-835445203;111677669#2;111677669#3;111677669#4;24337240#0;26216779#0;26216781#1;747448014;782714971#3;783907721#0;876057378#0,runs_J_k16_plain\init_seed6\g007_i020,runs_J_k16_plain\init_seed6\g007_i020\tripinfo.xml
7,21,16,644.456,-111677668#3;-120682114#2;-24337240#4;-28468730#0;-498033359#2;-782714971#3;-783907721#1;111677668#4;111681903#0;311298658;311298685;37628709#1;4935299#1;498033359#3;502325084#1;782714971#3,runs_J_k16_plain\init_seed6\g007_i021,runs_J_k16_plain\init_seed6\g007_i021\tripinfo.xml
7,22,16,1000000000000.0,-111677668#3;-120682114#2;-205590836#0;-24337240#3;-311298665;-782714971#1;-782714971#3;-835445203;24337240#3;24337240#7;26216781#0;311298685;4970256#7;502325084#0;782714971#1;876343449#0,runs_J_k16_plain\init_seed6\g007_i022,runs_J_k16_plain\init_seed6\g007_i022\tripinfo.xml
7,23,16,655.3406666666667,-111677668#4;-205590836#0;-502325084#3;-5197062#3;-535519490#0;-782714971#4;111681903#0;131942152;26216781#1;26216781#3;311298665;311298685;4970256#7;498033359#3;58621262#1;876057378#4,runs_J_k16_plain\init_seed6\g007_i023,runs_J_k16_plain\init_seed6\g007_i023\tripinfo.xml
8,0,16,349.8573333333333,-111677668#3;-111677668#4;-120682114#2;-205590836#0;-311298662#1;-498033359#3;-502325084#3;-535519490#0;-782714971#3;-783907721#1;111681903#0;26216781#1;28468730#0;311298685;498033359#3;880137010,runs_J_k16_plain\init_seed6\g008_i000,runs_J_k16_plain\init_seed6\g008_i000\tripinfo.xml
8,1,16,663.2173333333334,-5197062#4;-782714971#3;-876343449#2;111677668#0;111677669#2;111677669#5;24337240#7;28468730#1;4970256#6;502325084#1;502325084#3;782714966#0;782714971#1;783907721#1;835445203;876057378#3,runs_J_k16_plain\init_seed6\g008_i001,runs_J_k16_plain\init_seed6\g008_i001\tripinfo.xml
8,2,16,481.756,-111677668#3;-111681903#3;-24337240#3;-24337240#4;-782714966#0;111677668#0;111677669#0;25970859#0;28468732#1;311298685;4935286#2;5197062#4;747448014;835443464;876057378#3;876343449#2,runs_J_k16_plain\init_seed6\g008_i002,runs_J_k16_plain\init_seed6\g008_i002\tripinfo.xml
8,3,5,722.4206666666666,-498033359#2;-880140407;205590836#2;24337240#3;782714971#3,runs_J_k16_plain\init_seed6\g008_i003,runs_J_k16_plain\init_seed6\g008_i003\tripinfo.xml
8,4,16,615.1706666666666,-111677668#4;-111677671#0;-111681903#1;-783907721#0;111677668#3;111677669#1;111677669#3;205590836#2;26216781#2;311298662#1;4970256#5;498033359#3;747448014;783907721#0;783907721#1;835445203,runs_J_k16_plain\init_seed6\g008_i004,runs_J_k16_plain\init_seed6\g008_i004\tripinfo.xml
8,5,16,647.6013333333333,-111677668#4;-311298665;-5197062#4;-74277990;-782714971#3;-835445203;111677669#1;111681903#2;24337240#0;26216779#1;28468730#1;311298682#0;5197062#4;7924772;835445203;876343449#0,runs_J_k16_plain\init_seed6\g008_i005,runs_J_k16_plain\init_seed6\g008_i005\tripinfo.xml
8,6,16,424.704,-111677668#3;-120682114#1;-24337240#7;-28468730#0;-498033359#0;-498033359#2;-498033359#3;111677669#0;111677669#1;24337240#2;26216779#0;4935286#2;535519490#0;782714966#0;783907721#1;876343449#2,runs_J_k16_plain\init_seed6\g008_i006,runs_J_k16_plain\init_seed6\g008_i006\tripinfo.xml
8,7,16,701.084,-120682114#1;-205590836#0;-782714966#0;-782714971#2;-783907721#1;111677668#0;111677668#3;111677669#2;111677669#4;111681903#3;25970859#1;311298658;311298682#0;62826731;782714971#2;783907721#1,runs_J_k16_plain\init_seed6\g008_i007,runs_J_k16_plain\init_seed6\g008_i007\tripinfo.xml
8,8,14,617.368,-120682114#2;-311298662#0;-782714966#1;-783907721#1;111677668#4;111677671#0;111681903#1;24337240#0;311298662#0;498033359#2;502325084#1;5197062#4;783907721#2;880140407,runs_J_k16_plain\init_seed6\g008_i008,runs_J_k16_plain\init_seed6\g008_i008\tripinfo.xml
8,9,16,2336.767333333333,-111677668#3;-111681903#0;-111681903#1;-311298658;-311298662#0;-502325084#0;-782714966#0;-782714971#2;111677668#0;111677669#0;111677669#5;24337240#0;498033359#2;782714971#4;876057378#1;876343449#2,runs_J_k16_plain\init_seed6\g008_i009,runs_J_k16_plain\init_seed6\g008_i009\tripinfo.xml
8,10,16,1000000000000.0,-111677671#0;-111681903#0;-25970859#1;-28468730#0;-502325084#1;-5197062#4;111677669#2;111677669#4;111681903#0;26216781#3;498033359#3;502325084#1;5197062#3;5197062#4;783907721#2;876057378#0,runs_J_k16_plain\init_seed6\g008_i010,runs_J_k16_plain\init_seed6\g008_i010\tripinfo.xml
8,11,16,785.128,-111681903#0;-120682114#3;-24337240#4;-311298662#1;-502325084#1;-782714971#3;-835445203;111677668#0;111681903#2;25970859#0;26216781#2;311298662#0;311298685;4935299#1;498033359#3;782714971#4,runs_J_k16_plain\init_seed6\g008_i011,runs_J_k16_plain\init_seed6\g008_i011\tripinfo.xml
8,12,16,669.9446666666666,-311298685;-502325084#1;-782714966#0;-782714966#1;-782714971#3;-783907721#1;-876343449#0;111677669#0;111681903#0;111681903#2;131942152;24337240#4;28468732#0;28468732#1;311298685;4970256#6,runs_J_k16_plain\init_seed6\g008_i012,runs_J_k16_plain\init_seed6\g008_i012\tripinfo.xml
8,13,16,2754.2786666666666,-205590836#0;-25970859#1;-502325084#0;-502325084#1;-535519490#1;-835443464;111677669#0;111681903#3;25970859#1;311298662#1;311298682#0;502325084#0;782714971#2;783907721#1;876343449#1;880140407,runs_J_k16_plain\init_seed6\g008_i013,runs_J_k16_plain\init_seed6\g008_i013\tripinfo.xml
8,14,16,1499.366,-111677671#0;-24337240#0;-24337240#1;-28468730#0;-502325084#1;-5197062#4;-782714971#1;-782714971#3;-782714971#4;-876343449#2;111681903#0;120682114#2;498033359#2;502325084#1;747448014;782714971#3,runs_J_k16_plain\init_seed6\g008_i014,runs_J_k16_plain\init_seed6\g008_i014\tripinfo.xml
8,15,16,787.15,-24337240#1;-498033359#0;-783907721#1;111677669#0;111681903#0;28468732#1;311298662#0;4935286#1;498033359#1;747448014;782714966#0;782714971#0;782714971#3;783907721#2;876057378#4;880137010,runs_J_k16_plain\init_seed6\g008_i015,runs_J_k16_plain\init_seed6\g008_i015\tripinfo.xml
8,16,16,1148.922,-111681903#0;-120682114#2;-502325084#1;-535519490#1;-782714966#1;111681905#2;120682114#2;205590836#2;28468730#0;311298662#0;311298662#1;311298685;498033359#0;502325084#0;5197062#4;835445203,runs_J_k16_plain\init_seed6\g008_i016,runs_J_k16_plain\init_seed6\g008_i016\tripinfo.xml
8,17,14,644.018,-311298662#1;-502325084#0;-74277990;-782714971#3;-783907721#1;205590836#2;24337240#7;26216781#1;37628709#1;4970256#7;502325084#0;62826731;876057376;876057378#5,runs_J_k16_plain\init_seed6\g008_i017,runs_J_k16_plain\init_seed6\g008_i017\tripinfo.xml
8,18,13,455.4,-111677668#3;-111681903#0;-502325084#3;-5197062#3;-5197062#4;-782714966#0;-782714971#3;-783907721#1;111681905#1;502325084#3;535519490#0;783907721#2;880140407,runs_J_k16_plain\init_seed6\g008_i018,runs_J_k16_plain\init_seed6\g008_i018\tripinfo.xml
8,19,16,1000000000000.0,-111677668#3;-24337240#6;-311298685;-5197062#3;-535519490#0;-782714971#3;-783907721#1;-835443464;111677668#0;111677669#0;111681905#1;205590836#2;311298685;4970256#7;783907721#0;876057378#1,runs_J_k16_plain\init_seed6\g008_i019,runs_J_k16_plain\init_seed6\g008_i019\tripinfo.xml
8,20,5,644.456,-111677668#0;-120682114#2;747448014;7924772;880137010,runs_J_k16_plain\init_seed6\g008_i020,runs_J_k16_plain\init_seed6\g008_i020\tripinfo.xml
8,21,16,864.3133333333334,-111677668#0;-24337240#0;-311298662#1;-535519490#0;-782714971#0;-835443464;111677669#0;24337240#2;24337240#4;26216781#2;28468732#1;311298662#1;311298685;498033359#2;783907721#0;783907721#2,runs_J_k16_plain\init_seed6\g008_i021,runs_J_k16_plain\init_seed6\g008_i021\tripinfo.xml
8,22,16,576.52,-7365262;-782714971#4;111677668#4;24337240#2;28468730#1;311298662#0;311298662#1;311298682#0;37628709#0;502325084#3;5197062#4;747448014;782714971#4;783907721#2;7924772;876343449#2,runs_J_k16_plain\init_seed6\g008_i022,runs_J_k16_plain\init_seed6\g008_i022\tripinfo.xml
8,23,16,999.158,-111677668#3;-205590836#0;-24337240#6;-498033359#3;-502325084#3;-782714971#3;-783907721#1;-876343449#0;111681903#2;26216781#1;311298685;498033359#3;502325084#1;782714971#0;783907721#0;880137009#0,runs_J_k16_plain\init_seed6\g008_i023,runs_J_k16_plain\init_seed6\g008_i023\tripinfo.xml
9,0,16,349.8573333333333,-111677668#3;-111677668#4;-120682114#2;-205590836#0;-311298662#1;-498033359#3;-502325084#3;-535519490#0;-782714971#3;-783907721#1;111681903#0;26216781#1;28468730#0;311298685;498033359#3;880137010,runs_J_k16_plain\init_seed6\g009_i000,runs_J_k16_plain\init_seed6\g009_i000\tripinfo.xml
9,1,14,1000000000000.0,-24337240#4;-498033359#2;-535519490#0;-782714966#0;-782714971#0;-782714971#3;-880140407;111677671#0;24337240#7;25970859#0;26216781#1;37628709#0;782714966#0;876343449#2,runs_J_k16_plain\init_seed6\g009_i001,runs_J_k16_plain\init_seed6\g009_i001\tripinfo.xml
9,2,16,373.832,-111677668#3;-205590836#0;-24337240#3;-24337240#7;-502325084#1;-5197062#3;-7365262;-783907721#1;111681903#2;24337240#0;28468732#1;4935286#2;4935286#3;4970256#6;747448014;783907721#1,runs_J_k16_plain\init_seed6\g009_i002,runs_J_k16_plain\init_seed6\g009_i002\tripinfo.xml
9,3,16,474.32,-111677668#3;-120682114#2;-205590836#0;-24337240#4;-24337240#7;-782714966#0;-782714971#3;111677669#0;111677669#1;131942152;26216779#0;28468732#0;311298685;4935286#2;502325084#0;782714971#3,runs_J_k16_plain\init_seed6\g009_i003,runs_J_k16_plain\init_seed6\g009_i003\tripinfo.xml
9,4,16,1107.4373333333333,-111681903#1;-120682114#1;-24337240#4;-498033359#0;-498033359#2;-782714966#1;-782714971#3;-880137009#1;111677668#0;111677669#0;111677669#1;111677669#5;111681903#0;111681903#2;24337240#2;782710712,runs_J_k16_plain\init_seed6\g009_i004,runs_J_k16_plain\init_seed6\g009_i004\tripinfo.xml
9,5,9,678.9606666666666,-311298682#0;-498033359#1;-5197062#3;-5197062#4;111677669#0;111677669#3;26216779#0;783907721#2;880140407,runs_J_k16_plain\init_seed6\g009_i005,runs_J_k16_plain\init_seed6\g009_i005\tripinfo.xml
9,6,16,413.0493333333333,-111681903#0;-120682114#1;-28468730#0;-498033359#2;-502325084#3;-782714971#4;-783907721#1;-876343449#0;111677668#3;24337240#2;4935286#2;502325084#3;535519490#1;747448014;782714966#0;782714971#3,runs_J_k16_plain\init_seed6\g009_i006,runs_J_k16_plain\init_seed6\g009_i006\tripinfo.xml
9,7,16,1000000000000.0,-120682114#2;-24337240#7;-498033359#1;-502325084#3;111677669#4;111681903#1;205590836#2;24337240#1;26216781#1;28468730#0;311298662#1;4935286#0;502325084#1;5197062#4;782714966#1;783907721#2,runs_J_k16_plain\init_seed6\g009_i007,runs_J_k16_plain\init_seed6\g009_i007\tripinfo.xml
9,8,16,803.2146666666666,-111677671#0;-120682114#2;-24337240#0;-25970859#1;-311298658;-498033359#1;-502325084#3;-782714971#3;-835445203;111677668#4;111681903#0;24337240#0;311298685;498033359#2;876057376;880140407,runs_J_k16_plain\init_seed6\g009_i008,runs_J_k16_plain\init_seed6\g009_i008\tripinfo.xml
9,9,16,378.1206666666667,-111677668#3;-24337240#4;-502325084#1;-782714966#0;-782714971#2;-783907721#0;111677668#3;111681905#2;24337240#3;24337240#7;26216781#1;4935286#2;535519490#1;58621262#0;62826731;876057378#3,runs_J_k16_plain\init_seed6\g009_i009,runs_J_k16_plain\init_seed6\g009_i009\tripinfo.xml
9,10,16,629.5053333333333,-111677668#0;-111681903#3;-24337240#3;-4950193;-783907721#1;-835443464;205590836#2;24337240#4;25970859#0;28468732#1;311298658;311298685;498033359#1;62826731;782714971#2;835443464,runs_J_k16_plain\init_seed6\g009_i010,runs_J_k16_plain\init_seed6\g009_i010\tripinfo.xml
9,11,9,352.20866666666666,-111681903#3;-24337240#3;-24337240#4;-783907721#2;111681903#1;28468732#1;4935286#2;747448014;876057378#3,runs_J_k16_plain\init_seed6\g009_i011,runs_J_k16_plain\init_seed6\g009_i011\tripinfo.xml
9,12,16,666.14,-24337240#3;-311298662#1;-502325084#3;-5197062#4;-782714966#0;-782714971#4;-783907721#0;-876343449#0;111677668#0;111677668#3;111677669#0;25970859#0;28468732#1;311298658;5197062#4;782714971#0,runs_J_k16_plain\init_seed6\g009_i012,runs_J_k16_plain\init_seed6\g009_i012\tripinfo.xml
9,13,16,602.4693333333333,-120682114#1;-205590836#0;-782714966#0;-782714971#1;111677668#0;111677668#3;111677669#4;25970859#1;26216779#0;26216779#1;26216781#0;26216781#3;311298658;782714971#3;876057378#2;876057378#5,runs_J_k16_plain\init_seed6\g009_i013,runs_J_k16_plain\init_seed6\g009_i013\tripinfo.xml
9,14,9,492.4646666666667,-111677668#4;111677669#0;28468732#1;37628709#0;4935286#2;5197062#4;747448014;876057378#3;880140407,runs_J_k16_plain\init_seed6\g009_i014,runs_J_k16_plain\init_seed6\g009_i014\tripinfo.xml
9,15,14,675.2446666666667,-498033359#3;-782714966#0;-783907721#1;111677668#0;111677668#3;111677669#4;111681903#0;120682114#1;24337240#2;25970859#1;26216781#2;311298658;498033359#2;782714971#3,runs_J_k16_plain\init_seed6\g009_i015,runs_J_k16_plain\init_seed6\g009_i015\tripinfo.xml
9,16,16,929.1773333333333,-120682114#1;-311298685;-782714966#1;-782714971#2;111681903#3;120682114#1;205590836#2;24337240#0;24337240#5;26216781#1;311298658;502325084#3;58621262#1;62826731;782714971#1;782714971#2,runs_J_k16_plain\init_seed6\g009_i016,runs_J_k16_plain\init_seed6\g009_i016\tripinfo.xml
9,17,16,1000000000000.0,-25970859#0;-502325084#0;-783907721#1;-880137009#0;205590836#2;24337240#5;24337240#7;25970859#0;25970859#1;37628709#0;37628709#1;4935286#1;502325084#0;535519490#0;876057378#0;880140407,runs_J_k16_plain\init_seed6\g009_i017,runs_J_k16_plain\init_seed6\g009_i017\tripinfo.xml
9,18,1,644.456,-111677668#3,runs_J_k16_plain\init_seed6\g009_i018,runs_J_k16_plain\init_seed6\g009_i018\tripinfo.xml
9,19,16,1000000000000.0,-111677668#3;-111677668#4;-120682114#1;-120682114#2;-498033359#0;-535519490#0;-782714971#0;-783907721#1;111681905#1;26216781#2;4935286#2;502325084#0;502325084#3;783907721#1;876057378#3;876343449#2,runs_J_k16_plain\init_seed6\g009_i019,runs_J_k16_plain\init_seed6\g009_i019\tripinfo.xml
9,20,10,725.6593333333333,-311298662#1;-311298682#0;-311298685;-498033359#0;-502325084#3;111681903#0;24337240#0;26216781#1;26216781#3;782714966#0,runs_J_k16_plain\init_seed6\g009_i020,runs_J_k16_plain\init_seed6\g009_i020\tripinfo.xml
9,21,13,695.4633333333334,-111677671#0;-111681903#1;-24337240#1;-311298662#0;-311298662#1;-4950193;-782714971#1;-783907721#0;-876343449#1;111677669#3;311298662#1;783907721#1;876057378#0,runs_J_k16_plain\init_seed6\g009_i021,runs_J_k16_plain\init_seed6\g009_i021\tripinfo.xml
9,22,13,904.3286666666667,-24337240#3;-24337240#4;-311298665;-782714966#0;-782714971#2;111677669#0;111677669#5;25970859#0;28468732#1;311298658;5197062#4;58621262#1;876057378#3,runs_J_k16_plain\init_seed6\g009_i022,runs_J_k16_plain\init_seed6\g009_i022\tripinfo.xml
9,23,16,1000000000000.0,-111677668#3;-111681903#0;-24337240#2;-25970859#0;-502325084#3;-5197062#3;-782714971#3;-783907721#2;111681905#1;120682114#3;24337240#7;502325084#3;535519490#0;782714971#0;783907721#2;880140407,runs_J_k16_plain\init_seed6\g009_i023,runs_J_k16_plain\init_seed6\g009_i023\tripinfo.xml
10,0,16,349.8573333333333,-111677668#3;-111677668#4;-120682114#2;-205590836#0;-311298662#1;-498033359#3;-502325084#3;-535519490#0;-782714971#3;-783907721#1;111681903#0;26216781#1;28468730#0;311298685;498033359#3;880137010,runs_J_k16_plain\init_seed6\g010_i000,runs_J_k16_plain\init_seed6\g010_i000\tripinfo.xml
10,1,16,726.8426666666667,-205590836#0;-24337240#2;-24337240#3;-24337240#4;-5197062#4;-782714971#4;-783907721#2;111677669#1;111677669#4;111681903#0;111681903#1;28468732#1;311298682#0;502325084#1;5197062#3;876057378#1,runs_J_k16_plain\init_seed6\g010_i001,runs_J_k16_plain\init_seed6\g010_i001\tripinfo.xml
10,2,10,450.58133333333336,-111677668#3;-205590836#0;-5197062#3;111681903#2;111681903#3;28468732#1;4935286#3;4970256#6;835443464;876057378#3,runs_J_k16_plain\init_seed6\g010_i002,runs_J_k16_plain\init_seed6\g010_i002\tripinfo.xml
10,3,16,629.5953333333333,-111677668#0;-111681903#1;-120682114#2;-24337240#3;-311298685;-74277990;-782714966#0;-783907721#2;-876343449#0;-880137009#0;111677669#1;111681903#1;24337240#2;5197062#4;876057378#4;880140407,runs_J_k16_plain\init_seed6\g010_i003,runs_J_k16_plain\init_seed6\g010_i003\tripinfo.xml
10,4,16,1000000000000.0,-111681903#3;-24337240#4;-311298665;-311298682#0;-498033359#0;-535519490#0;-783907721#2;111677669#0;111677669#4;111681903#3;24337240#3;25970859#1;62826731;747448014;876057378#3;876057378#5,runs_J_k16_plain\init_seed6\g010_i004,runs_J_k16_plain\init_seed6\g010_i004\tripinfo.xml
10,5,16,595.37,-205590836#0;-24337240#3;-24337240#4;-24337240#6;-783907721#2;111677669#2;111681903#1;131942152;28468732#0;28468732#1;4935286#1;4935286#2;5197062#4;747448014;7924772;835445203,runs_J_k16_plain\init_seed6\g010_i005,runs_J_k16_plain\init_seed6\g010_i005\tripinfo.xml
10,6,16,540.1813333333333,-111677668#0;-111677668#3;-5197062#3;-5197062#4;-7365262;111681903#1;111681903#2;120682114#3;26216781#1;28468732#1;4935286#3;4970256#6;747448014;783907721#1;7924772;880137009#1,runs_J_k16_plain\init_seed6\g010_i006,runs_J_k16_plain\init_seed6\g010_i006\tripinfo.xml
10,7,16,1000000000000.0,-111677668#3;-25970859#1;-502325084#1;-502325084#3;-535519490#1;-880137009#1;120682114#2;205590836#2;26216781#1;26216781#3;311298662#1;4970256#8;502325084#1;782714971#1;880137010;880140407,runs_J_k16_plain\init_seed6\g010_i007,runs_J_k16_plain\init_seed6\g010_i007\tripinfo.xml
10,8,8,622.3493333333333,-111677668#3;-24337240#1;-498033359#1;-782714971#3;24337240#0;28468732#0;28468732#1;4970256#6,runs_J_k16_plain\init_seed6\g010_i008,runs_J_k16_plain\init_seed6\g010_i008\tripinfo.xml
10,9,16,415.70466666666664,-111677668#0;-498033359#0;-502325084#3;-535519490#0;111677669#0;111681905#1;205590836#2;28468732#0;28468732#1;37628709#0;4935286#0;4935286#2;498033359#1;747448014;782714971#3;876343449#0,runs_J_k16_plain\init_seed6\g010_i009,runs_J_k16_plain\init_seed6\g010_i009\tripinfo.xml
10,10,16,591.4113333333333,-111681903#0;-120682114#2;-24337240#3;-535519490#1;-782714971#0;-783907721#2;111677668#3;24337240#4;28468732#1;4935286#1;4935286#2;4935299#1;502325084#3;747448014;782714966#1;876057376,runs_J_k16_plain\init_seed6\g010_i010,runs_J_k16_plain\init_seed6\g010_i010\tripinfo.xml
10,11,16,749.0826666666667,-111681903#0;-120682114#2;-205590836#0;-24337240#4;-311298685;-498033359#2;-502325084#3;-783907721#2;111677669#1;111677669#5;131942152;24337240#0;311298665;4935286#2;502325084#3;5197062#3,runs_J_k16_plain\init_seed6\g010_i011,runs_J_k16_plain\init_seed6\g010_i011\tripinfo.xml
10,12,16,460.8786666666667,-111677668#0;-120682114#2;-782714966#0;-783907721#2;111677669#0;111677669#4;111681903#1;111681905#2;28468732#1;311298682#0;4935286#2;5197062#3;535519490#0;876057378#3;876343449#0;876343449#1,runs_J_k16_plain\init_seed6\g010_i012,runs_J_k16_plain\init_seed6\g010_i012\tripinfo.xml
10,13,16,496.4413333333333,-111677668#3;-205590836#0;-502325084#1;-782714966#1;-783907721#1;-876343449#0;111677668#4;111677669#0;111681903#2;26216781#1;26216781#3;311298662#0;4935286#3;535519490#1;783907721#1;880140407,runs_J_k16_plain\init_seed6\g010_i013,runs_J_k16_plain\init_seed6\g010_i013\tripinfo.xml
10,14,16,623.4306666666666,-120682114#1;-24337240#7;-311298662#0;-498033359#3;-502325084#1;-5197062#3;-880137009#0;24337240#2;24337240#3;24337240#7;502325084#3;58621262#0;747448014;783907721#1;835443464;880137009#0,runs_J_k16_plain\init_seed6\g010_i014,runs_J_k16_plain\init_seed6\g010_i014\tripinfo.xml
10,15,16,1000000000000.0,-111677668#0;-120682114#2;-24337240#0;-24337240#4;-24337240#6;-311298665;-782714966#0;-782714971#1;-782714971#2;-783907721#0;-835443464;120682114#2;24337240#7;4935286#3;535519490#1;62826731,runs_J_k16_plain\init_seed6\g010_i015,runs_J_k16_plain\init_seed6\g010_i015\tripinfo.xml
10,16,16,425.55533333333335,-111681903#1;-498033359#3;-502325084#0;-782714966#0;-782714971#2;111681903#1;111681905#2;120682114#1;24337240#7;26216781#0;26216781#1;311298682#0;4935286#2;4935286#3;62826731;783907721#0,runs_J_k16_plain\init_seed6\g010_i016,runs_J_k16_plain\init_seed6\g010_i016\tripinfo.xml
10,17,16,470.7613333333333,-120682114#2;-24337240#0;-24337240#4;-28468730#0;-498033359#1;-502325084#3;111677668#3;111677669#4;24337240#2;24337240#7;26216779#1;4935286#0;4935286#2;4935286#3;502325084#3;876057378#3,runs_J_k16_plain\init_seed6\g010_i017,runs_J_k16_plain\init_seed6\g010_i017\tripinfo.xml
10,18,16,578.1706666666666,-120682114#1;-502325084#1;-502325084#3;-782714971#4;-783907721#2;-880137009#1;111677669#0;111677669#1;111681903#1;24337240#2;25970859#0;25970859#1;4970256#5;747448014;782714971#3;880140407,runs_J_k16_plain\init_seed6\g010_i018,runs_J_k16_plain\init_seed6\g010_i018\tripinfo.xml
10,19,16,621.6406666666667,-24337240#3;-24337240#7;-25970859#0;-5197062#3;-74277990;-782714971#2;-783907721#0;111681903#2;111681903#3;311298662#0;311298662#1;4970256#6;58621262#0;62826731;782714966#1;7924772,runs_J_k16_plain\init_seed6\g010_i019,runs_J_k16_plain\init_seed6\g010_i019\tripinfo.xml
10,20,16,786.5426666666667,-111677668#3;-205590836#0;-502325084#1;-782714971#2;-782714971#4;-783907721#1;111677668#0;111677669#4;111681903#2;111681905#2;24337240#7;26216781#1;26216781#3;4935286#3;782714966#1;783907721#1,runs_J_k16_plain\init_seed6\g010_i020,runs_J_k16_plain\init_seed6\g010_i020\tripinfo.xml
10,21,16,708.6886666666667,-111681903#3;-502325084#1;-782714966#1;-835443464;-876343449#0;-876343449#1;111677669#0;111681903#1;111681903#2;26216781#3;28468732#1;498033359#3;502325084#1;782714971#1;783907721#1;880140407,runs_J_k16_plain\init_seed6\g010_i021,runs_J_k16_plain\init_seed6\g010_i021\tripinfo.xml
10,22,16,806.5413333333333,-502325084#3;-5197062#3;-7365262;-782714966#0;-782714971#0;-782714971#4;-783907721#0;-880137009#0;111677668#0;111681905#1;131942152;28468732#1;311298685;5197062#4;782714971#0;876057378#2,runs_J_k16_plain\init_seed6\g010_i022,runs_J_k16_plain\init_seed6\g010_i022\tripinfo.xml
10,23,16,618.7646666666667,-205590836#0;-24337240#4;-502325084#1;-7365262;-783907721#0;111677668#3;111677669#2;24337240#3;26216779#0;26216781#1;28468730#0;28468730#1;28468732#1;4935299#1;58621262#1;876057378#3,runs_J_k16_plain\init_seed6\g010_i023,runs_J_k16_plain\init_seed6\g010_i023\tripinfo.xml
11,0,16,349.8573333333333,-111677668#3;-111677668#4;-120682114#2;-205590836#0;-311298662#1;-498033359#3;-502325084#3;-535519490#0;-782714971#3;-783907721#1;111681903#0;26216781#1;28468730#0;311298685;498033359#3;880137010,runs_J_k16_plain\init_seed6\g011_i000,runs_J_k16_plain\init_seed6\g011_i000\tripinfo.xml
11,1,15,658.768,-311298662#1;-502325084#3;111677668#0;111677669#0;205590836#2;24337240#2;24337240#5;311298685;4935299#1;498033359#1;747448014;783907721#0;835445203;880137009#0;880140407,runs_J_k16_plain\init_seed6\g011_i001,runs_J_k16_plain\init_seed6\g011_i001\tripinfo.xml
11,2,16,1000000000000.0,-120682114#1;-311298665;-502325084#3;-5197062#3;-782714966#0;-783907721#0;-783907721#1;-880137009#1;111677669#5;111681903#1;111681903#3;24337240#0;26216781#0;4935299#1;782714971#3;880137010,runs_J_k16_plain\init_seed6\g011_i002,runs_J_k16_plain\init_seed6\g011_i002\tripinfo.xml
11,3,11,621.9966666666667,-111681903#0;-24337240#1;-24337240#7;-4950193;-782714966#0;-783907721#0;111677669#0;24337240#2;311298658;311298682#0;835443464,runs_J_k16_plain\init_seed6\g011_i003,runs_J_k16_plain\init_seed6\g011_i003\tripinfo.xml
11,4,16,444.1906666666667,-111681903#1;-120682114#2;-120682114#3;-24337240#0;-25970859#1;-498033359#2;-502325084#3;-535519490#0;-783907721#2;205590836#2;26216779#1;28468732#1;4935286#0;4935286#2;4935286#3;498033359#1,runs_J_k16_plain\init_seed6\g011_i004,runs_J_k16_plain\init_seed6\g011_i004\tripinfo.xml
11,5,16,1467.384,-111677668#0;-120682114#2;-205590836#0;-24337240#1;-502325084#0;-782714966#0;120682114#2;25970859#1;26216781#1;28468730#0;311298685;37628709#1;4935286#3;782714971#1;835445203;876057378#4,runs_J_k16_plain\init_seed6\g011_i005,runs_J_k16_plain\init_seed6\g011_i005\tripinfo.xml
11,6,16,601.5073333333333,-24337240#2;-25970859#1;-28298231;-311298662#1;-498033359#3;-7365262;-782714971#3;111681903#0;120682114#1;311298662#1;311298682#0;37628709#0;37628709#1;62826731;876057376;876057378#3,runs_J_k16_plain\init_seed6\g011_i006,runs_J_k16_plain\init_seed6\g011_i006\tripinfo.xml
11,7,16,1471.6573333333333,-111677668#0;-111681903#3;-502325084#0;-502325084#1;-782714966#0;-876343449#0;111677668#4;111677669#0;311298665;4970256#6;535519490#1;782714971#3;783907721#1;7924772;876057378#5;880140407,runs_J_k16_plain\init_seed6\g011_i007,runs_J_k16_plain\init_seed6\g011_i007\tripinfo.xml
11,8,16,3264.288666666667,-311298685;-502325084#1;-782714966#1;-876343449#2;111677669#0;111677669#1;25970859#0;26216781#3;311298662#0;37628709#0;4935286#1;4935286#3;747448014;835445203;880137010;880140407,runs_J_k16_plain\init_seed6\g011_i008,runs_J_k16_plain\init_seed6\g011_i008\tripinfo.xml
11,9,16,644.456,-111677671#0;-111681903#2;-498033359#1;-535519490#1;-782714971#0;-783907721#0;-880137009#1;26216779#0;311298665;311298682#0;4935286#0;4935286#2;782714966#1;876057376;876057378#3;876057378#4,runs_J_k16_plain\init_seed6\g011_i009,runs_J_k16_plain\init_seed6\g011_i009\tripinfo.xml
11,10,16,655.932,-111681903#0;-120682114#2;-120682114#3;-205590836#0;-24337240#6;-498033359#1;111677669#0;111677669#4;111681905#2;26216781#2;4935286#0;4935286#1;502325084#3;535519490#0;782714971#1;835445203,runs_J_k16_plain\init_seed6\g011_i010,runs_J_k16_plain\init_seed6\g011_i010\tripinfo.xml
11,11,16,504.9873333333333,-111677671#0;-111681903#1;-311298662#1;-782714966#0;111677669#1;111677669#2;111681905#2;205590836#2;24337240#1;24337240#7;26216781#1;311298682#0;4935286#3;782714971#0;7924772;876057378#2,runs_J_k16_plain\init_seed6\g011_i011,runs_J_k16_plain\init_seed6\g011_i011\tripinfo.xml
11,12,16,553.5753333333333,-111681903#2;-498033359#3;-5197062#3;-5197062#4;-835445203;111677669#5;111681903#1;120682114#3;25970859#1;26216781#1;311298685;4935286#2;4970256#6;782714971#2;782714971#4;783907721#0,runs_J_k16_plain\init_seed6\g011_i012,runs_J_k16_plain\init_seed6\g011_i012\tripinfo.xml
11,13,16,2609.074,-111677668#3;-111681903#2;-120682114#1;-311298685;-502325084#3;-535519490#0;111677669#0;111681903#1;24337240#2;26216781#1;28468730#0;58621262#0;782714971#4;783907721#0;876343449#2;880137010,runs_J_k16_plain\init_seed6\g011_i013,runs_J_k16_plain\init_seed6\g011_i013\tripinfo.xml
11,14,16,762.842,-111677668#0;-502325084#3;-5197062#4;-782714966#0;-783907721#1;-783907721#2;-880137009#1;111677668#0;111677669#0;111677669#1;25970859#1;4970256#5;498033359#1;498033359#3;880137009#1;880140407,runs_J_k16_plain\init_seed6\g011_i014,runs_J_k16_plain\init_seed6\g011_i014\tripinfo.xml
11,15,16,914.552,-111681903#1;-120682114#2;-28298231;-498033359#0;-535519490#0;-782714971#0;-783907721#2;111681903#2;4970256#5;747448014;782714966#1;782714971#2;783907721#1;835445203;876057378#2;880137009#1,runs_J_k16_plain\init_seed6\g011_i015,runs_J_k16_plain\init_seed6\g011_i015\tripinfo.xml
11,16,16,1369.218,-111677668#0;-111677668#3;-111681903#1;-111681903#3;-24337240#1;-502325084#1;-5197062#3;-783907721#1;-835443464;-876343449#0;111677668#3;120682114#3;37628709#1;502325084#3;747448014;7924772,runs_J_k16_plain\init_seed6\g011_i016,runs_J_k16_plain\init_seed6\g011_i016\tripinfo.xml
11,17,16,1000000000000.0,-111677668#0;-120682114#3;-205590836#0;-311298662#0;-311298662#1;-782714971#3;-876343449#2;111681903#2;111681905#2;311298685;37628709#1;4935286#3;498033359#1;783907721#2;835443464;880137010,runs_J_k16_plain\init_seed6\g011_i017,runs_J_k16_plain\init_seed6\g011_i017\tripinfo.xml
11,18,16,486.008,-24337240#1;-24337240#7;-498033359#0;-498033359#3;-535519490#1;111681905#1;205590836#2;26216781#0;26216781#1;28468732#0;4935286#0;4970256#8;5197062#4;747448014;876343449#0;880137009#0,runs_J_k16_plain\init_seed6\g011_i018,runs_J_k16_plain\init_seed6\g011_i018\tripinfo.xml
11,19,16,510.68533333333335,-111681903#1;-311298662#1;-311298665;-502325084#1;-502325084#3;-782714971#0;-782714971#3;-783907721#1;111677669#1;111681903#0;111681903#1;24337240#2;26216781#3;28468732#0;782714971#3;876343449#2,runs_J_k16_plain\init_seed6\g011_i019,runs_J_k16_plain\init_seed6\g011_i019\tripinfo.xml
11,20,16,4516.046666666667,-111677668#4;-120682114#1;-120682114#2;-24337240#1;-502325084#0;-502325084#3;-535519490#0;-535519490#1;-782714966#1;-783907721#2;25970859#0;28468732#0;4970256#5;498033359#3;782714971#4;880137010,runs_J_k16_plain\init_seed6\g011_i020,runs_J_k16_plain\init_seed6\g011_i020\tripinfo.xml
11,21,16,2548.1893333333333,-111681903#3;-120682114#2;-205590836#0;-502325084#3;-782714966#0;-782714966#1;-782714971#3;-783907721#1;111677668#3;111677668#4;111677669#0;111677669#1;311298662#0;311298662#1;498033359#3;876057378#5,runs_J_k16_plain\init_seed6\g011_i021,runs_J_k16_plain\init_seed6\g011_i021\tripinfo.xml
11,22,16,528.394,-24337240#4;-311298682#0;-311298685;-502325084#3;-74277990;-876343449#0;111677671#0;111681903#0;26216781#1;26216781#3;37628709#1;4935286#3;4970256#6;498033359#0;782714966#1;880140407,runs_J_k16_plain\init_seed6\g011_i022,runs_J_k16_plain\init_seed6\g011_i022\tripinfo.xml
11,23,6,629.0546666666667,-4950193;-783907721#1;111681903#3;24337240#2;26216781#3;747448014,runs_J_k16_plain\init_seed6\g011_i023,runs_J_k16_plain\init_seed6\g011_i023\tripinfo.xml
12,0,16,349.8573333333333,-111677668#3;-111677668#4;-120682114#2;-205590836#0;-311298662#1;-498033359#3;-502325084#3;-535519490#0;-782714971#3;-783907721#1;111681903#0;26216781#1;28468730#0;311298685;498033359#3;880137010,runs_J_k16_plain\init_seed6\g012_i000,runs_J_k16_plain\init_seed6\g012_i000\tripinfo.xml
12,1,16,654.922,-111681903#0;-311298685;-502325084#0;-783907721#1;111677668#4;120682114#3;205590836#2;24337240#1;25970859#0;26216779#0;26216779#1;4970256#6;4970256#8;498033359#0;502325084#1;782714971#0,runs_J_k16_plain\init_seed6\g012_i001,runs_J_k16_plain\init_seed6\g012_i001\tripinfo.xml
12,2,16,610.8646666666667,-111677668#0;-111681903#0;-120682114#3;-4950193;-782714966#1;-876343449#0;-876343449#1;111681903#3;120682114#3;25970859#0;26216779#0;37628709#1;747448014;7924772;835443464;835445203,runs_J_k16_plain\init_seed6\g012_i002,runs_J_k16_plain\init_seed6\g012_i002\tripinfo.xml
12,3,16,521.706,-498033359#3;-502325084#3;-782714971#3;111681903#0;120682114#1;120682114#2;131942152;24337240#2;26216781#3;28468730#1;37628709#0;37628709#1;498033359#3;58621262#1;747448014;782714971#4,runs_J_k16_plain\init_seed6\g012_i003,runs_J_k16_plain\init_seed6\g012_i003\tripinfo.xml
12,4,16,934.2966666666666,-111677668#3;-111681903#1;-111681903#2;-311298662#1;-502325084#3;-782714971#0;-782714971#3;-880140407;111677669#1;111677669#4;24337240#5;28468732#0;37628709#0;62826731;782714971#3;876057378#3,runs_J_k16_plain\init_seed6\g012_i004,runs_J_k16_plain\init_seed6\g012_i004\tripinfo.xml
12,5,16,668.7606666666667,-111677668#3;-24337240#0;-24337240#4;-24337240#7;-535519490#1;-782714966#0;-783907721#0;-880137009#0;111677669#1;111681905#2;4935286#1;4935286#3;62826731;876057378#2;876057378#5;880137009#1,runs_J_k16_plain\init_seed6\g012_i005,runs_J_k16_plain\init_seed6\g012_i005\tripinfo.xml
12,6,16,654.4713333333333,-111677671#0;-111681903#1;-311298658;-311298662#1;-311298682#0;-502325084#1;-782714971#1;-783907721#0;-835445203;111681905#1;24337240#2;26216781#1;26216781#2;5197062#4;535519490#1;747448014,runs_J_k16_plain\init_seed6\g012_i006,runs_J_k16_plain\init_seed6\g012_i006\tripinfo.xml
12,7,16,1000000000000.0,-24337240#0;-24337240#3;-498033359#3;-535519490#1;-782714971#3;-783907721#2;-835443464;205590836#2;26216779#0;26216781#0;311298682#0;4935286#3;498033359#1;747448014;783907721#2;835445203,runs_J_k16_plain\init_seed6\g012_i007,runs_J_k16_plain\init_seed6\g012_i007\tripinfo.xml
12,8,16,491.2633333333333,-120682114#3;-205590836#0;-24337240#0;-24337240#1;-24337240#2;-498033359#2;-502325084#1;-502325084#3;-7365262;111681905#2;24337240#0;24337240#4;26216779#1;37628709#1;4935286#0;4935286#3,runs_J_k16_plain\init_seed6\g012_i008,runs_J_k16_plain\init_seed6\g012_i008\tripinfo.xml
12,9,16,600.186,-24337240#1;-28468730#0;-311298682#0;-498033359#0;-782714966#1;-783907721#2;-876343449#0;111677669#2;24337240#1;37628709#1;4970256#5;4970256#6;498033359#0;747448014;782714971#2;880137009#0,runs_J_k16_plain\init_seed6\g012_i009,runs_J_k16_plain\init_seed6\g012_i009\tripinfo.xml
12,10,16,1000000000000.0,-111681903#1;-311298685;-498033359#0;-535519490#1;111677668#0;26216781#1;28468730#1;28468732#0;4935299#1;4970256#5;498033359#0;498033359#2;502325084#3;5197062#4;880137010;880140407,runs_J_k16_plain\init_seed6\g012_i010,runs_J_k16_plain\init_seed6\g012_i010\tripinfo.xml
12,11,16,632.6693333333334,-24337240#2;-25970859#1;-311298682#0;-498033359#3;-535519490#0;-7365262;-782714971#3;111677669#3;120682114#1;311298662#1;311298682#0;62826731;747448014;876057376;876057378#3;876057378#4,runs_J_k16_plain\init_seed6\g012_i011,runs_J_k16_plain\init_seed6\g012_i011\tripinfo.xml
12,12,16,892.0033333333333,-311298662#0;-4950193;-535519490#0;-7365262;-782714966#1;-782714971#1;111677671#0;111681903#0;24337240#3;26216781#3;37628709#1;502325084#3;535519490#0;782714966#0;783907721#1;880137009#0,runs_J_k16_plain\init_seed6\g012_i012,runs_J_k16_plain\init_seed6\g012_i012\tripinfo.xml
12,13,6,716.3186666666667,-120682114#2;-24337240#3;-783907721#1;4970256#7;782714971#3;876057378#0,runs_J_k16_plain\init_seed6\g012_i013,runs_J_k16_plain\init_seed6\g012_i013\tripinfo.xml
12,14,16,837.838,-24337240#2;-25970859#1;-28298231;-28468730#0;-782714971#0;-782714971#3;-876343449#2;111681903#0;111681903#1;311298662#1;311298682#0;782714966#0;782714971#3;7924772;876057378#5;876343449#2,runs_J_k16_plain\init_seed6\g012_i014,runs_J_k16_plain\init_seed6\g012_i014\tripinfo.xml
12,15,16,629.3966666666666,-111677671#0;-24337240#4;-24337240#7;-498033359#1;-782714971#0;-783907721#1;-835443464;111677669#1;205590836#2;24337240#0;26216781#1;28468730#0;311298685;58621262#0;747448014;876343449#1,runs_J_k16_plain\init_seed6\g012_i015,runs_J_k16_plain\init_seed6\g012_i015\tripinfo.xml
12,16,16,1223.2533333333333,-120682114#2;-24337240#0;-24337240#1;-24337240#2;-782714971#3;-835443464;111681903#0;120682114#1;24337240#2;26216781#1;28468732#0;28468732#1;311298665;498033359#1;498033359#3;782714971#2,runs_J_k16_plain\init_seed6\g012_i016,runs_J_k16_plain\init_seed6\g012_i016\tripinfo.xml
12,17,16,660.9713333333333,-111677668#3;-111681903#3;-120682114#3;-24337240#0;-4950193;-498033359#2;-498033359#3;-782714971#3;-880137009#0;25970859#0;28468732#1;311298662#0;37628709#0;37628709#1;4935286#0;502325084#0,runs_J_k16_plain\init_seed6\g012_i017,runs_J_k16_plain\init_seed6\g012_i017\tripinfo.xml
12,18,16,900.2606666666667,-120682114#2;-24337240#2;-25970859#1;-28298231;-502325084#3;-783907721#2;24337240#3;26216779#0;311298662#1;4935299#1;498033359#1;535519490#1;62826731;782714966#0;782714966#1;876343449#1,runs_J_k16_plain\init_seed6\g012_i018,runs_J_k16_plain\init_seed6\g012_i018\tripinfo.xml
12,19,16,402.4633333333333,-111681903#2;-111681903#3;-120682114#2;-120682114#3;-28468730#0;-535519490#0;-783907721#1;111677668#3;120682114#3;131942152;311298685;4935286#2;4970256#7;4970256#8;747448014;880137009#1,runs_J_k16_plain\init_seed6\g012_i019,runs_J_k16_plain\init_seed6\g012_i019\tripinfo.xml
12,20,16,1000000000000.0,-24337240#2;-28298231;-498033359#1;-498033359#3;-782714966#1;-783907721#1;111677669#5;24337240#2;24337240#3;25970859#1;4970256#7;5197062#4;782714971#4;783907721#0;876343449#0;880140407,runs_J_k16_plain\init_seed6\g012_i020,runs_J_k16_plain\init_seed6\g012_i020\tripinfo.xml
12,21,16,795.3833333333333,-111677668#3;-111677668#4;-205590836#0;-502325084#1;-5197062#4;-535519490#0;-782714966#1;-782714971#2;-782714971#3;111677668#3;28468730#0;4935286#0;498033359#3;502325084#0;782714971#0;876343449#0,runs_J_k16_plain\init_seed6\g012_i021,runs_J_k16_plain\init_seed6\g012_i021\tripinfo.xml
12,22,16,738.2706666666667,-205590836#0;-24337240#7;-311298662#1;-4950193;-502325084#1;-502325084#3;-535519490#0;-74277990;-782714966#1;-876343449#0;-876343449#2;120682114#3;311298685;747448014;783907721#1;880137010,runs_J_k16_plain\init_seed6\g012_i022,runs_J_k16_plain\init_seed6\g012_i022\tripinfo.xml
12,23,16,401.8093333333333,-120682114#1;-120682114#2;-311298662#1;-498033359#2;-502325084#3;-783907721#2;111677669#1;26216781#1;26216781#3;28468732#1;311298665;4935286#2;535519490#0;58621262#0;782714971#1;876057378#3,runs_J_k16_plain\init_seed6\g012_i023,runs_J_k16_plain\init_seed6\g012_i023\tripinfo.xml
13,0,16,349.8573333333333,-111677668#3;-111677668#4;-120682114#2;-205590836#0;-311298662#1;-498033359#3;-502325084#3;-535519490#0;-782714971#3;-783907721#1;111681903#0;26216781#1;28468730#0;311298685;498033359#3;880137010,runs_J_k16_plain\init_seed6\g013_i000,runs_J_k16_plain\init_seed6\g013_i000\tripinfo.xml
13,1,16,770.8973333333333,-111677671#0;-24337240#7;-25970859#1;-28468730#0;-311298682#0;-311298685;-782714971#1;-782714971#2;-782714971#3;111677669#2;311298685;4970256#5;4970256#7;782714966#1;782714971#2;876343449#1,runs_J_k16_plain\init_seed6\g013_i001,runs_J_k16_plain\init_seed6\g013_i001\tripinfo.xml
13,2,16,736.3486666666666,-111677668#3;-205590836#0;-24337240#1;-28468730#0;-311298662#0;-783907721#2;111677668#3;111677669#5;26216781#3;28468730#0;4935286#3;4970256#6;498033359#0;498033359#3;747448014;782714971#3,runs_J_k16_plain\init_seed6\g013_i002,runs_J_k16_plain\init_seed6\g013_i002\tripinfo.xml
13,3,16,1000000000000.0,-111681903#3;-120682114#2;-24337240#1;-24337240#4;-311298682#0;-498033359#0;-535519490#0;-876343449#0;111677669#5;131942152;24337240#1;25970859#1;311298662#0;5197062#4;876057378#5;880137009#0,runs_J_k16_plain\init_seed6\g013_i003,runs_J_k16_plain\init_seed6\g013_i003\tripinfo.xml
13,4,16,644.456,-120682114#3;-28468730#0;-311298682#0;-782714966#1;-783907721#2;111677668#3;111677669#2;111681903#3;120682114#3;131942152;205590836#2;28468730#1;311298658;4970256#6;747448014;835443464,runs_J_k16_plain\init_seed6\g013_i004,runs_J_k16_plain\init_seed6\g013_i004\tripinfo.xml
13,5,16,591.574,-120682114#1;-25970859#1;-28468730#0;-311298682#0;-498033359#3;111677669#0;120682114#1;24337240#4;311298682#0;311298685;4935299#1;498033359#2;747448014;876057378#3;876057378#4;876343449#0,runs_J_k16_plain\init_seed6\g013_i005,runs_J_k16_plain\init_seed6\g013_i005\tripinfo.xml
13,6,16,684.5026666666666,-111677671#0;-111681903#0;-120682114#2;-24337240#2;-311298658;-311298662#1;-535519490#0;-835443464;111677668#3;131942152;26216781#1;28468732#1;4935286#0;62826731;876057376;876057378#3,runs_J_k16_plain\init_seed6\g013_i006,runs_J_k16_plain\init_seed6\g013_i006\tripinfo.xml
13,7,16,925.3893333333333,-111681903#1;-24337240#1;-24337240#2;-28298231;-311298682#0;-498033359#3;-782714971#3;111677669#3;111677669#5;120682114#1;26216781#0;311298662#1;5197062#4;62826731;782714971#2;876057376,runs_J_k16_plain\init_seed6\g013_i007,runs_J_k16_plain\init_seed6\g013_i007\tripinfo.xml
13,8,16,644.456,-24337240#2;-498033359#3;-535519490#0;-7365262;-782714971#3;-783907721#1;-835443464;-880137009#1;205590836#2;4935286#0;4935286#1;4970256#6;62826731;876057378#3;876057378#4;876343449#0,runs_J_k16_plain\init_seed6\g013_i008,runs_J_k16_plain\init_seed6\g013_i008\tripinfo.xml
13,9,16,819.238,-111677668#3;-111677671#0;-311298662#1;-311298685;-782714971#0;-782714971#2;-782714971#3;-782714971#4;-876343449#0;-876343449#1;111677669#3;26216781#1;311298685;502325084#0;58621262#0;783907721#1,runs_J_k16_plain\init_seed6\g013_i009,runs_J_k16_plain\init_seed6\g013_i009\tripinfo.xml
13,10,16,432.30133333333333,-111677668#4;-120682114#2;-24337240#4;-311298662#1;-498033359#0;-502325084#0;-502325084#3;111677669#1;26216781#0;28468732#1;311298665;311298682#0;5197062#4;535519490#0;782714971#1;880137010,runs_J_k16_plain\init_seed6\g013_i010,runs_J_k16_plain\init_seed6\g013_i010\tripinfo.xml
13,11,16,523.1306666666667,-111681903#3;-25970859#0;-498033359#2;-502325084#3;-535519490#0;111681905#2;120682114#1;24337240#0;26216779#1;37628709#1;4935286#1;4970256#8;498033359#3;58621262#0;747448014;783907721#0,runs_J_k16_plain\init_seed6\g013_i011,runs_J_k16_plain\init_seed6\g013_i011\tripinfo.xml
13,12,15,651.494,-111677668#0;-111681903#0;-205590836#0;-782714966#0;-783907721#0;-876343449#0;111677671#0;120682114#3;24337240#0;25970859#0;26216779#0;4970256#5;747448014;782714971#4;783907721#0,runs_J_k16_plain\init_seed6\g013_i012,runs_J_k16_plain\init_seed6\g013_i012\tripinfo.xml
13,13,16,694.1646666666667,-24337240#3;-5197062#4;-782714971#2;-782714971#4;-783907721#2;-835445203;111677669#1;120682114#3;28468732#0;37628709#1;4970256#6;747448014;783907721#2;7924772;835445203;876057376,runs_J_k16_plain\init_seed6\g013_i013,runs_J_k16_plain\init_seed6\g013_i013\tripinfo.xml
13,14,16,724.4353333333333,-111677668#0;-111681903#3;-120682114#3;-25970859#0;-498033359#0;-876343449#0;-876343449#2;25970859#0;26216779#0;26216781#2;26216781#3;4970256#5;4970256#6;498033359#0;783907721#2;880137009#1,runs_J_k16_plain\init_seed6\g013_i014,runs_J_k16_plain\init_seed6\g013_i014\tripinfo.xml
13,15,7,760.4733333333334,-783907721#0;111681903#3;111681905#2;5197062#3;58621262#1;835445203;876343449#1,runs_J_k16_plain\init_seed6\g013_i015,runs_J_k16_plain\init_seed6\g013_i015\tripinfo.xml
13,16,16,1053.926,-24337240#0;-24337240#2;-24337240#7;-535519490#0;-535519490#1;-7365262;-782714966#0;-783907721#1;111677669#1;111681903#3;4935286#1;782714971#2;876057376;876057378#4;876057378#5;880137009#1,runs_J_k16_plain\init_seed6\g013_i016,runs_J_k16_plain\init_seed6\g013_i016\tripinfo.xml
13,17,16,628.416,-111677671#0;-205590836#0;-24337240#1;-25970859#1;-311298662#1;-502325084#0;-7365262;-782714966#0;-835443464;111681903#2;111681905#2;24337240#4;26216781#1;311298685;4970256#5;5197062#4,runs_J_k16_plain\init_seed6\g013_i017,runs_J_k16_plain\init_seed6\g013_i017\tripinfo.xml
13,18,16,423.558,-120682114#2;-120682114#3;-24337240#0;-782714966#1;-880137009#0;111677669#4;24337240#0;24337240#4;26216779#1;26216781#2;28468730#0;37628709#1;4935286#0;4935286#3;535519490#1;880137010,runs_J_k16_plain\init_seed6\g013_i018,runs_J_k16_plain\init_seed6\g013_i018\tripinfo.xml
13,19,16,600.6046666666666,-111677668#3;-111681903#1;-120682114#3;-205590836#0;-311298662#1;-498033359#3;-5197062#3;-535519490#0;-783907721#1;111677668#0;111681903#0;26216779#0;26216781#1;28468732#0;311298685;58621262#0,runs_J_k16_plain\init_seed6\g013_i019,runs_J_k16_plain\init_seed6\g013_i019\tripinfo.xml
13,20,16,1000000000000.0,-111681903#0;-311298662#1;-502325084#0;-74277990;-782714971#2;-782714971#3;-876343449#0;111677668#4;111681903#3;111681905#1;24337240#0;28468730#0;782710712;783907721#2;7924772;876057378#0,runs_J_k16_plain\init_seed6\g013_i020,runs_J_k16_plain\init_seed6\g013_i020\tripinfo.xml
13,21,16,730.8926666666666,-120682114#2;-205590836#0;-28468730#0;-498033359#3;-535519490#1;-7365262;-782714966#1;-783907721#2;111677668#0;111677669#0;24337240#0;24337240#4;37628709#1;498033359#0;5197062#4;782714971#3,runs_J_k16_plain\init_seed6\g013_i021,runs_J_k16_plain\init_seed6\g013_i021\tripinfo.xml
13,22,12,596.18,-24337240#2;-28298231;-311298682#0;-502325084#1;-880140407;111677669#1;24337240#1;25970859#0;28468732#0;4970256#5;498033359#3;782710712,runs_J_k16_plain\init_seed6\g013_i022,runs_J_k16_plain\init_seed6\g013_i022\tripinfo.xml
13,23,16,828.438,-311298685;-498033359#2;-498033359#3;-502325084#3;-782714966#1;-782714971#1;-783907721#1;-835445203;111677668#0;111681903#0;26216781#1;28468730#1;37628709#0;58621262#1;782714971#4;876057378#2,runs_J_k16_plain\init_seed6\g013_i023,runs_J_k16_plain\init_seed6\g013_i023\tripinfo.xml
14,0,16,349.8573333333333,-111677668#3;-111677668#4;-120682114#2;-205590836#0;-311298662#1;-498033359#3;-502325084#3;-535519490#0;-782714971#3;-783907721#1;111681903#0;26216781#1;28468730#0;311298685;498033359#3;880137010,runs_J_k16_plain\init_seed6\g014_i000,runs_J_k16_plain\init_seed6\g014_i000\tripinfo.xml
14,1,16,1000000000000.0,-111677668#3;-205590836#0;-24337240#0;-311298662#1;-502325084#3;-782714971#3;-835443464;-835445203;111681903#0;120682114#1;26216779#1;26216781#1;26216781#2;28468730#0;311298662#0;880137010,runs_J_k16_plain\init_seed6\g014_i001,runs_J_k16_plain\init_seed6\g014_i001\tripinfo.xml
14,2,16,681.266,-120682114#2;-120682114#3;-24337240#0;-24337240#2;-311298662#1;-535519490#0;-782714966#0;-783907721#1;111677668#0;111677669#4;311298665;4935286#3;4935299#1;498033359#3;535519490#1;876057378#1,runs_J_k16_plain\init_seed6\g014_i002,runs_J_k16_plain\init_seed6\g014_i002\tripinfo.xml
14,3,16,619.176,-111677668#0;-120682114#2;-24337240#6;-311298662#1;-498033359#0;-535519490#1;-782714971#2;111677668#3;111677671#0;111681903#0;131942152;24337240#1;26216781#0;26216781#1;498033359#0;782714971#1,runs_J_k16_plain\init_seed6\g014_i003,runs_J_k16_plain\init_seed6\g014_i003\tripinfo.xml
14,4,16,681.4,-120682114#3;-205590836#0;-24337240#4;-502325084#0;-5197062#3;-783907721#1;111677669#1;111677669#2;24337240#2;26216779#0;26216781#3;311298685;535519490#0;58621262#0;782714971#1;783907721#2,runs_J_k16_plain\init_seed6\g014_i004,runs_J_k16_plain\init_seed6\g014_i004\tripinfo.xml
14,5,16,644.456,-111677668#3;-24337240#1;-28468730#0;-498033359#3;-5197062#3;-5197062#4;-782714966#0;-782714971#4;111677668#3;111677669#5;24337240#5;28468730#0;311298662#1;311298682#0;747448014;876057378#3,runs_J_k16_plain\init_seed6\g014_i005,runs_J_k16_plain\init_seed6\g014_i005\tripinfo.xml
14,6,7,647.322,-120682114#2;-28468730#0;-311298682#0;111677669#0;24337240#0;498033359#2;747448014,runs_J_k16_plain\init_seed6\g014_i006,runs_J_k16_plain\init_seed6\g014_i006\tripinfo.xml
14,7,16,610.0393333333334,-24337240#0;-24337240#2;-24337240#6;-311298682#0;-502325084#1;-535519490#0;-880140407;24337240#2;24337240#4;25970859#0;26216779#1;37628709#0;37628709#1;502325084#0;58621262#1;782710712,runs_J_k16_plain\init_seed6\g014_i007,runs_J_k16_plain\init_seed6\g014_i007\tripinfo.xml
14,8,16,785.9426666666667,-120682114#2;-120682114#3;-28298231;-502325084#1;-782714966#1;111677669#4;24337240#0;24337240#2;26216781#2;311298658;4970256#5;535519490#1;782714971#3;835445203;876057378#5;876343449#0,runs_J_k16_plain\init_seed6\g014_i008,runs_J_k16_plain\init_seed6\g014_i008\tripinfo.xml
14,9,16,425.79,-111677668#0;-111681903#3;-24337240#1;-498033359#2;-502325084#1;-502325084#3;-535519490#0;-74277990;24337240#0;26216781#0;37628709#1;58621262#0;747448014;782714966#0;7924772;876057378#3,runs_J_k16_plain\init_seed6\g014_i009,runs_J_k16_plain\init_seed6\g014_i009\tripinfo.xml
14,10,16,1000000000000.0,-111677668#4;-111677671#0;-120682114#2;-205590836#0;-311298658;-502325084#0;-535519490#0;-7365262;-782714971#4;-783907721#1;-783907721#2;111681903#0;120682114#3;26216781#1;502325084#0;880137010,runs_J_k16_plain\init_seed6\g014_i010,runs_J_k16_plain\init_seed6\g014_i010\tripinfo.xml
14,11,16,646.1106666666667,-498033359#1;-498033359#3;-783907721#1;-876343449#2;111677668#4;24337240#0;24337240#7;26216781#1;26216781#3;498033359#2;502325084#1;58621262#0;783907721#1;876057378#4;876343449#0;880140407,runs_J_k16_plain\init_seed6\g014_i011,runs_J_k16_plain\init_seed6\g014_i011\tripinfo.xml
14,12,7,583.4486666666667,-120682114#3;-24337240#3;-311298682#0;-498033359#3;-5197062#3;-782714971#0;-876343449#1,runs_J_k16_plain\init_seed6\g014_i012,runs_J_k16_plain\init_seed6\g014_i012\tripinfo.xml
14,13,8,1156.8233333333333,-120682114#3;-25970859#1;-28298231;-498033359#3;-782714971#3;311298665;58621262#0;876343449#0,runs_J_k16_plain\init_seed6\g014_i013,runs_J_k16_plain\init_seed6\g014_i013\tripinfo.xml
14,14,16,628.51,-111681903#1;-205590836#0;-24337240#7;-311298682#0;-498033359#0;-535519490#0;111677669#0;111681903#0;26216779#0;28468732#0;311298682#0;535519490#1;782714971#1;876057378#3;880137010;880140407,runs_J_k16_plain\init_seed6\g014_i014,runs_J_k16_plain\init_seed6\g014_i014\tripinfo.xml
14,15,16,674.6013333333333,-111677668#4;-120682114#2;-311298685;-502325084#0;-502325084#3;-782714971#3;111677669#3;120682114#3;24337240#0;26216781#0;26216781#1;311298682#0;498033359#3;782714966#0;782714971#1;783907721#1,runs_J_k16_plain\init_seed6\g014_i015,runs_J_k16_plain\init_seed6\g014_i015\tripinfo.xml
14,16,6,767.852,-111677668#4;-311298662#1;-498033359#3;111677668#0;26216781#1;835443464,runs_J_k16_plain\init_seed6\g014_i016,runs_J_k16_plain\init_seed6\g014_i016\tripinfo.xml
14,17,16,1421.5313333333334,-111681903#3;-205590836#0;-25970859#1;-28468730#0;-311298662#1;-502325084#0;-5197062#4;-876343449#0;111677669#2;111681903#2;24337240#4;24337240#5;311298685;4970256#5;4970256#7;876343449#0,runs_J_k16_plain\init_seed6\g014_i017,runs_J_k16_plain\init_seed6\g014_i017\tripinfo.xml
14,18,16,652.9826666666667,-24337240#1;-311298662#1;-311298682#0;-498033359#3;-502325084#0;-74277990;-782714966#1;-783907721#0;111681903#0;111681905#2;28468732#1;311298662#0;311298685;5197062#4;876057378#2;876343449#1,runs_J_k16_plain\init_seed6\g014_i018,runs_J_k16_plain\init_seed6\g014_i018\tripinfo.xml
14,19,5,644.456,-498033359#1;-880137009#1;25970859#0;783907721#0;876057378#0,runs_J_k16_plain\init_seed6\g014_i019,runs_J_k16_plain\init_seed6\g014_i019\tripinfo.xml
14,20,16,644.456,-24337240#2;-311298682#0;-498033359#2;-502325084#1;-502325084#3;111677668#3;111677669#1;111681905#1;24337240#1;311298658;311298665;4935286#1;498033359#3;502325084#1;747448014;876343449#0,runs_J_k16_plain\init_seed6\g014_i020,runs_J_k16_plain\init_seed6\g014_i020\tripinfo.xml
14,21,16,625.386,-120682114#2;-28468730#0;-311298658;-4950193;-502325084#0;-535519490#0;-74277990;-880137009#1;111677669#0;131942152;24337240#4;311298682#0;62826731;747448014;782714966#1;876057378#3,runs_J_k16_plain\init_seed6\g014_i021,runs_J_k16_plain\init_seed6\g014_i021\tripinfo.xml
14,22,16,2651.1513333333332,-24337240#2;-25970859#1;-311298662#1;-498033359#3;-5197062#4;-835443464;120682114#2;311298682#0;311298685;4935299#1;498033359#2;502325084#3;876057376;876057378#3;876057378#4;876343449#0,runs_J_k16_plain\init_seed6\g014_i022,runs_J_k16_plain\init_seed6\g014_i022\tripinfo.xml
14,23,16,618.8906666666667,-111677671#0;-120682114#2;-120682114#3;-205590836#0;-311298682#0;-782714966#1;-880137009#0;111677668#0;111677669#4;25970859#0;25970859#1;26216779#1;311298662#0;311298682#0;311298685;7924772,runs_J_k16_plain\init_seed6\g014_i023,runs_J_k16_plain\init_seed6\g014_i023\tripinfo.xml
15,0,16,349.8573333333333,-111677668#3;-111677668#4;-120682114#2;-205590836#0;-311298662#1;-498033359#3;-502325084#3;-535519490#0;-782714971#3;-783907721#1;111681903#0;26216781#1;28468730#0;311298685;498033359#3;880137010,runs_J_k16_plain\init_seed6\g015_i000,runs_J_k16_plain\init_seed6\g015_i000\tripinfo.xml
15,1,16,6662.439333333334,-111681903#1;-205590836#0;-24337240#4;-498033359#0;-498033359#3;-535519490#0;-535519490#1;-835445203;111681903#0;26216779#0;311298658;4935286#2;5197062#3;535519490#1;7924772;880137010,runs_J_k16_plain\init_seed6\g015_i001,runs_J_k16_plain\init_seed6\g015_i001\tripinfo.xml
15,2,16,648.448,-111677671#0;-111681903#3;-24337240#1;-24337240#7;-311298682#0;-502325084#1;-535519490#0;-876343449#2;-880137009#1;26216779#1;311298682#0;535519490#1;835443464;876343449#1;876343449#2;880140407,runs_J_k16_plain\init_seed6\g015_i002,runs_J_k16_plain\init_seed6\g015_i002\tripinfo.xml
15,3,16,1057.892,-24337240#0;-24337240#2;-24337240#3;-25970859#1;-311298682#0;-498033359#3;-502325084#1;-782714971#0;-782714971#4;-783907721#0;25970859#0;26216779#1;311298658;4970256#7;876343449#0;876343449#2,runs_J_k16_plain\init_seed6\g015_i003,runs_J_k16_plain\init_seed6\g015_i003\tripinfo.xml
15,4,16,685.4266666666666,-120682114#1;-120682114#3;-24337240#6;-498033359#0;-5197062#4;-782714971#2;-835443464;-880140407;111677669#4;111681903#0;24337240#2;25970859#0;26216779#1;26216781#3;498033359#3;502325084#0,runs_J_k16_plain\init_seed6\g015_i004,runs_J_k16_plain\init_seed6\g015_i004\tripinfo.xml
15,5,16,848.31,-111677671#0;-205590836#0;-7365262;-782714966#1;-783907721#1;-876343449#2;-880137009#0;111677668#0;111677669#0;120682114#3;24337240#5;28468732#1;311298685;4935286#2;502325084#0;876057378#5,runs_J_k16_plain\init_seed6\g015_i005,runs_J_k16_plain\init_seed6\g015_i005\tripinfo.xml
15,6,9,731.124,-24337240#0;111677669#0;24337240#4;25970859#1;26216781#2;311298662#0;58621262#1;747448014;782710712,runs_J_k16_plain\init_seed6\g015_i006,runs_J_k16_plain\init_seed6\g015_i006\tripinfo.xml
15,7,16,1000000000000.0,-111677668#3;-111677668#4;-120682114#3;-205590836#0;-28468730#0;-535519490#0;-782714971#3;120682114#2;205590836#2;26216781#3;311298662#0;876057378#2;876057378#3;876343449#0;876343449#2;880137009#1,runs_J_k16_plain\init_seed6\g015_i007,runs_J_k16_plain\init_seed6\g015_i007\tripinfo.xml
15,8,16,1356.1453333333334,-111677671#0;-205590836#0;-24337240#3;-502325084#3;-782714966#1;-876343449#2;-880137009#0;111677668#0;120682114#2;24337240#2;26216779#1;28468730#0;37628709#1;7924772;876057378#3;880140407,runs_J_k16_plain\init_seed6\g015_i008,runs_J_k16_plain\init_seed6\g015_i008\tripinfo.xml
15,9,16,683.0886666666667,-24337240#3;-498033359#3;-502325084#3;-535519490#0;-783907721#0;-783907721#2;111677669#5;131942152;24337240#2;26216781#1;28468730#0;4970256#8;535519490#1;782714971#4;876057378#4;880137009#1,runs_J_k16_plain\init_seed6\g015_i009,runs_J_k16_plain\init_seed6\g015_i009\tripinfo.xml
15,10,11,677.8833333333333,-120682114#1;-311298662#1;-4950193;-782714971#3;-783907721#1;-876343449#1;28468730#0;311298685;498033359#3;876057376;876343449#1,runs_J_k16_plain\init_seed6\g015_i010,runs_J_k16_plain\init_seed6\g015_i010\tripinfo.xml
15,11,16,4735.5126666666665,-120682114#3;-311298662#1;-535519490#0;-782714966#1;-880137009#0;111681903#1;24337240#1;26216779#0;26216781#1;28468730#0;311298685;782710712;782714971#2;7924772;876057378#1;880137010,runs_J_k16_plain\init_seed6\g015_i011,runs_J_k16_plain\init_seed6\g015_i011\tripinfo.xml
15,12,3,606.968,-28298231;-311298662#0;-876343449#1,runs_J_k16_plain\init_seed6\g015_i012,runs_J_k16_plain\init_seed6\g015_i012\tripinfo.xml
15,13,16,677.63,-120682114#3;-311298662#1;-311298682#0;-498033359#1;-782714966#1;-783907721#1;111677669#3;24337240#2;25970859#0;311298682#0;311298685;4935286#0;502325084#0;58621262#1;782714971#0;7924772,runs_J_k16_plain\init_seed6\g015_i013,runs_J_k16_plain\init_seed6\g015_i013\tripinfo.xml
15,14,16,1497.6573333333333,-111677671#0;-111681903#2;-120682114#2;-205590836#0;-24337240#1;-311298662#1;-311298682#0;-835443464;111677668#0;111677669#3;111677669#4;120682114#2;25970859#1;37628709#0;498033359#0;782710712,runs_J_k16_plain\init_seed6\g015_i014,runs_J_k16_plain\init_seed6\g015_i014\tripinfo.xml
15,15,7,1255.8966666666668,-111677668#3;-205590836#0;-24337240#3;-311298662#0;-535519490#0;120682114#2;25970859#0,runs_J_k16_plain\init_seed6\g015_i015,runs_J_k16_plain\init_seed6\g015_i015\tripinfo.xml
15,16,16,668.1513333333334,-111677671#0;-311298662#1;-502325084#3;-535519490#1;-74277990;-876343449#0;111677669#2;28468730#0;311298665;311298685;4935286#1;4970256#6;498033359#3;502325084#1;535519490#0;876343449#0,runs_J_k16_plain\init_seed6\g015_i016,runs_J_k16_plain\init_seed6\g015_i016\tripinfo.xml
15,17,16,1397.734,-111677668#3;-111677668#4;-205590836#0;-24337240#6;-498033359#3;-502325084#3;-835443464;111677669#3;120682114#2;24337240#4;28468730#0;311298685;37628709#0;4935286#0;498033359#3;876057378#5,runs_J_k16_plain\init_seed6\g015_i017,runs_J_k16_plain\init_seed6\g015_i017\tripinfo.xml
15,18,16,657.4513333333333,-205590836#0;-24337240#2;-24337240#3;-311298682#0;-498033359#3;-502325084#1;-782714971#3;-783907721#1;111677669#0;111681905#2;24337240#7;311298658;58621262#0;58621262#1;782710712;876057378#2,runs_J_k16_plain\init_seed6\g015_i018,runs_J_k16_plain\init_seed6\g015_i018\tripinfo.xml
15,19,11,729.0273333333333,-111677668#0;-120682114#2;-120682114#3;-24337240#2;-502325084#1;111677669#2;111677669#4;26216779#0;311298662#0;58621262#0;876343449#1,runs_J_k16_plain\init_seed6\g015_i019,runs_J_k16_plain\init_seed6\g015_i019\tripinfo.xml
15,20,16,1000000000000.0,-111681903#0;-205590836#0;-311298665;-498033359#0;-5197062#4;-782714966#1;111681903#1;111681903#3;26216781#1;26216781#3;311298662#0;37628709#0;535519490#1;7924772;876057378#5;876343449#2,runs_J_k16_plain\init_seed6\g015_i020,runs_J_k16_plain\init_seed6\g015_i020\tripinfo.xml
15,21,16,773.5113333333334,-111677668#4;-111677671#0;-120682114#1;-120682114#2;-24337240#3;-311298658;-498033359#3;-502325084#3;-782714971#3;-783907721#0;-880137009#1;26216781#2;62826731;783907721#2;880137009#0;880137010,runs_J_k16_plain\init_seed6\g015_i021,runs_J_k16_plain\init_seed6\g015_i021\tripinfo.xml
15,22,16,2142.044,-111677668#3;-111677668#4;-111681903#3;-120682114#2;-24337240#0;-498033359#3;-5197062#3;-74277990;111677668#0;111677669#5;24337240#5;28468730#1;311298685;535519490#1;782714971#2;880137010,runs_J_k16_plain\init_seed6\g015_i022,runs_J_k16_plain\init_seed6\g015_i022\tripinfo.xml
15,23,15,722.1386666666667,-111677671#0;-24337240#2;-25970859#0;-311298682#0;-311298685;-782714966#1;-782714971#4;26216781#0;28468732#1;311298685;37628709#1;58621262#0;783907721#0;835443464;876343449#2,runs_J_k16_plain\init_seed6\g015_i023,runs_J_k16_plain\init_seed6\g015_i023\tripinfo.xml
