gen,idx,k,score,closed_edges,run_dir,tripinfo
1,0,8,449.78866666666664,-502325084#1;-535519490#1;4935286#3;4970256#8;502325084#3;5197062#3;747448014;783907721#0,runs_J_k16_plain\none_seed0\g001_i000,runs_J_k16_plain\none_seed0\g001_i000\tripinfo.xml
1,1,12,575.692,-120682114#1;-205590836#0;-311298662#1;-5197062#4;111677669#0;24337240#5;24337240#7;26216781#1;311298682#0;4935286#3;498033359#3;876057378#1,runs_J_k16_plain\none_seed0\g001_i001,runs_J_k16_plain\none_seed0\g001_i001\tripinfo.xml
1,2,10,594.3046666666667,-205590836#0;-5197062#4;-782714971#4;-783907721#1;-783907721#2;131942152;26216781#3;37628709#0;4935286#1;7924772,runs_J_k16_plain\none_seed0\g001_i002,runs_J_k16_plain\none_seed0\g001_i002\tripinfo.xml
1,3,8,653.2433333333333,-25970859#0;-4950193;-498033359#1;-880137009#1;28468732#1;311298662#1;498033359#1;58621262#1,runs_J_k16_plain\none_seed0\g001_i003,runs_J_k16_plain\none_seed0\g001_i003\tripinfo.xml
1,4,12,642.0953333333333,-120682114#2;-24337240#0;-25970859#0;-25970859#1;-783907721#0;120682114#1;120682114#3;26216781#2;26216781#3;4935286#0;4970256#5;58621262#0,runs_J_k16_plain\none_seed0\g001_i004,runs_J_k16_plain\none_seed0\g001_i004\tripinfo.xml
1,5,13,601.7386666666666,-24337240#7;-74277990;-880137009#0;111681903#1;111681903#3;111681905#1;28468730#0;311298658;4935286#2;535519490#0;58621262#0;876057378#4;876343449#0,runs_J_k16_plain\none_seed0\g001_i005,runs_J_k16_plain\none_seed0\g001_i005\tripinfo.xml
1,6,7,638.19,-24337240#6;-4950193;111681905#2;37628709#1;502325084#0;5197062#3;747448014,runs_J_k16_plain\none_seed0\g001_i006,runs_J_k16_plain\none_seed0\g001_i006\tripinfo.xml
1,7,14,465.3826666666667,-24337240#0;-24337240#3;-74277990;-782714966#1;111677669#1;111681905#1;26216779#1;26216781#3;4935286#2;502325084#0;502325084#3;535519490#1;62826731;782714971#2,runs_J_k16_plain\none_seed0\g001_i007,runs_J_k16_plain\none_seed0\g001_i007\tripinfo.xml
1,8,7,656.4013333333334,-111677668#3;-111681903#1;-205590836#0;-24337240#1;25970859#1;311298682#0;58621262#1,runs_J_k16_plain\none_seed0\g001_i008,runs_J_k16_plain\none_seed0\g001_i008\tripinfo.xml
1,9,8,1000000000000.0,-120682114#1;-25970859#0;24337240#1;26216779#0;26216781#0;28468732#1;876057378#1;876057378#3,runs_J_k16_plain\none_seed0\g001_i009,runs_J_k16_plain\none_seed0\g001_i009\tripinfo.xml
1,10,9,760.528,-120682114#3;-74277990;111681903#2;131942152;25970859#1;28468730#1;498033359#3;58621262#0;783907721#1,runs_J_k16_plain\none_seed0\g001_i010,runs_J_k16_plain\none_seed0\g001_i010\tripinfo.xml
1,11,8,652.2986666666667,-311298658;-74277990;-783907721#1;111681905#2;26216781#2;502325084#1;782714971#3;876057378#2,runs_J_k16_plain\none_seed0\g001_i011,runs_J_k16_plain\none_seed0\g001_i011\tripinfo.xml
1,12,9,660.2493333333333,-7365262;-782714971#4;-783907721#1;111677669#1;24337240#0;58621262#0;58621262#1;783907721#2;835445203,runs_J_k16_plain\none_seed0\g001_i012,runs_J_k16_plain\none_seed0\g001_i012\tripinfo.xml
1,13,7,696.8306666666666,-111681903#3;-24337240#0;-880137009#1;111681903#1;131942152;25970859#1;835443464,runs_J_k16_plain\none_seed0\g001_i013,runs_J_k16_plain\none_seed0\g001_i013\tripinfo.xml
1,14,8,621.3773333333334,-311298658;-835443464;111677669#1;111677669#5;111681903#1;4970256#6;876057378#2;880137010,runs_J_k16_plain\none_seed0\g001_i014,runs_J_k16_plain\none_seed0\g001_i014\tripinfo.xml
1,15,8,1497.4853333333333,-24337240#7;-502325084#1;-880140407;120682114#2;311298662#0;783907721#0;876057378#4;880137009#0,runs_J_k16_plain\none_seed0\g001_i015,runs_J_k16_plain\none_seed0\g001_i015\tripinfo.xml
1,16,9,605.102,-498033359#1;111677669#0;26216781#0;28468730#1;37628709#0;4935286#3;502325084#1;535519490#0;782714971#0,runs_J_k16_plain\none_seed0\g001_i016,runs_J_k16_plain\none_seed0\g001_i016\tripinfo.xml
1,17,12,715.8006666666666,-111681903#0;-24337240#7;-4950193;-5197062#4;-783907721#2;-876343449#2;-880137009#0;24337240#4;311298685;782714971#2;835445203;876057378#3,runs_J_k16_plain\none_seed0\g001_i017,runs_J_k16_plain\none_seed0\g001_i017\tripinfo.xml
1,18,8,711.2826666666666,-120682114#2;-311298685;-535519490#1;-876343449#1;111681903#2;24337240#4;28468730#1;58621262#0,runs_J_k16_plain\none_seed0\g001_i018,runs_J_k16_plain\none_seed0\g001_i018\tripinfo.xml
1,19,5,663.5406666666667,4935286#0;502325084#1;5197062#4;535519490#1;876057376,runs_J_k16_plain\none_seed0\g001_i019,runs_J_k16_plain\none_seed0\g001_i019\tripinfo.xml
1,20,5,644.456,-7365262;26216779#0;311298685;498033359#0;876057378#3,runs_J_k16_plain\none_seed0\g001_i020,runs_J_k16_plain\none_seed0\g001_i020\tripinfo.xml
1,21,10,809.0013333333334,-24337240#7;-74277990;-782714966#0;-880140407;111681903#2;24337240#0;24337240#1;4935286#1;783907721#2;876057378#5,runs_J_k16_plain\none_seed0\g001_i021,runs_J_k16_plain\none_seed0\g001_i021\tripinfo.xml
1,22,8,583.694,-28298231;-311298658;111677669#0;28468730#1;4970256#5;783907721#0;835445203;876057378#1,runs_J_k16_plain\none_seed0\g001_i022,runs_J_k16_plain\none_seed0\g001_i022\tripinfo.xml
1,23,4,645.0146666666667,-111677671#0;-120682114#2;-7365262;835445203,runs_J_k16_plain\none_seed0\g001_i023,runs_J_k16_plain\none_seed0\g001_i023\tripinfo.xml
2,0,8,449.78866666666664,-502325084#1;-535519490#1;4935286#3;4970256#8;502325084#3;5197062#3;747448014;783907721#0,runs_J_k16_plain\none_seed0\g002_i000,runs_J_k16_plain\none_seed0\g002_i000\tripinfo.xml
2,1,8,477.99666666666667,-24337240#3;-535519490#1;111677669#1;111677671#0;24337240#0;502325084#0;535519490#1;58621262#0,runs_J_k16_plain\none_seed0\g002_i001,runs_J_k16_plain\none_seed0\g002_i001\tripinfo.xml
2,2,16,768.476,-111681903#0;-24337240#0;-24337240#3;-74277990;-782714966#1;111681905#1;26216779#0;26216779#1;28468732#0;4970256#5;502325084#0;502325084#3;535519490#1;58621262#0;62826731;782714971#3,runs_J_k16_plain\none_seed0\g002_i002,runs_J_k16_plain\none_seed0\g002_i002\tripinfo.xml
2,3,16,737.5,-311298662#1;-311298685;-502325084#1;-782714971#2;-783907721#0;-880137009#1;111677669#4;120682114#1;24337240#5;26216781#1;26216781#2;311298682#0;4935286#0;4970256#5;876057378#1;876057378#3,runs_J_k16_plain\none_seed0\g002_i003,runs_J_k16_plain\none_seed0\g002_i003\tripinfo.xml
2,4,16,3360.7773333333334,-111681903#1;-120682114#2;-24337240#0;-782714966#1;111677668#0;111677669#5;120682114#1;24337240#7;28468730#0;498033359#3;58621262#0;783907721#0;835443464;876057378#1;876343449#0;876343449#1,runs_J_k16_plain\none_seed0\g002_i004,runs_J_k16_plain\none_seed0\g002_i004\tripinfo.xml
2,5,16,1000000000000.0,-24337240#2;-24337240#4;-502325084#3;-5197062#3;-535519490#1;24337240#2;4935286#2;4935286#3;4970256#8;498033359#2;502325084#3;782714971#1;783907721#0;783907721#1;876057378#5;880137010,runs_J_k16_plain\none_seed0\g002_i005,runs_J_k16_plain\none_seed0\g002_i005\tripinfo.xml
2,6,16,606.4706666666667,-111681903#1;-120682114#1;-782714971#1;24337240#0;24337240#7;37628709#1;4935286#1;4935286#3;4970256#5;498033359#2;498033359#3;502325084#3;747448014;782714971#0;835445203;876057378#5,runs_J_k16_plain\none_seed0\g002_i006,runs_J_k16_plain\none_seed0\g002_i006\tripinfo.xml
2,7,16,632.23,-111681903#0;-28468730#0;-7365262;111677668#3;111677669#1;111677669#2;111677669#3;26216779#0;311298685;4935299#1;4970256#6;498033359#0;498033359#1;5197062#4;747448014;782714966#0,runs_J_k16_plain\none_seed0\g002_i007,runs_J_k16_plain\none_seed0\g002_i007\tripinfo.xml
2,8,16,598.9093333333333,-111681903#1;-25970859#0;-311298685;-498033359#1;-7365262;-782714971#3;-782714971#4;111681903#0;24337240#3;37628709#0;4935286#1;4935286#3;4970256#8;5197062#3;783907721#0;876057378#1,runs_J_k16_plain\none_seed0\g002_i008,runs_J_k16_plain\none_seed0\g002_i008\tripinfo.xml
2,9,16,658.332,-111681903#0;-120682114#1;-24337240#2;-24337240#7;-502325084#3;-535519490#1;-782714971#3;4935286#2;4970256#6;4970256#7;498033359#1;535519490#1;58621262#0;62826731;782714966#1;876343449#2,runs_J_k16_plain\none_seed0\g002_i009,runs_J_k16_plain\none_seed0\g002_i009\tripinfo.xml
2,10,16,732.11,-111681903#3;-24337240#1;-311298685;-783907721#2;-876343449#2;111677669#1;111677669#4;111681905#1;311298658;311298662#0;4935286#2;502325084#3;5197062#3;782714971#0;876057378#4;876343449#1,runs_J_k16_plain\none_seed0\g002_i010,runs_J_k16_plain\none_seed0\g002_i010\tripinfo.xml
2,11,16,583.9246666666667,-120682114#1;-205590836#0;-28298231;-311298662#1;-311298682#0;-5197062#4;-782714971#1;-835445203;-880137009#0;111677669#0;28468730#1;4935286#3;498033359#3;502325084#0;876057378#1;876057378#3,runs_J_k16_plain\none_seed0\g002_i011,runs_J_k16_plain\none_seed0\g002_i011\tripinfo.xml
2,12,16,644.456,-111677668#3;-205590836#0;-498033359#2;-783907721#2;-876343449#1;111677669#3;111677671#0;131942152;26216781#2;28468732#0;311298682#0;37628709#0;4935286#1;498033359#2;58621262#0;782714971#2,runs_J_k16_plain\none_seed0\g002_i012,runs_J_k16_plain\none_seed0\g002_i012\tripinfo.xml
2,13,16,620.4966666666667,-311298662#1;-5197062#4;-535519490#0;111677669#0;111681905#1;24337240#1;24337240#5;26216781#1;26216781#3;28468730#0;28468732#0;4935286#0;502325084#3;5197062#3;876057378#2;876343449#2,runs_J_k16_plain\none_seed0\g002_i013,runs_J_k16_plain\none_seed0\g002_i013\tripinfo.xml
2,14,16,1411.822,-24337240#3;-24337240#6;-502325084#1;-782714971#3;-880140407;111677669#0;120682114#2;28468732#0;311298682#0;37628709#1;4935286#3;4970256#8;747448014;835445203;876057376;880137009#1,runs_J_k16_plain\none_seed0\g002_i014,runs_J_k16_plain\none_seed0\g002_i014\tripinfo.xml
2,15,10,1000000000000.0,-111681903#2;-120682114#2;-4950193;-5197062#3;-535519490#1;-7365262;5197062#4;876057376;876057378#1;880137010,runs_J_k16_plain\none_seed0\g002_i015,runs_J_k16_plain\none_seed0\g002_i015\tripinfo.xml
2,16,16,698.4613333333333,-28298231;-498033359#3;-782714971#2;111677669#3;28468730#0;28468730#1;311298685;4935286#1;4935286#2;4935299#1;502325084#1;535519490#1;747448014;783907721#0;835445203;876057378#4,runs_J_k16_plain\none_seed0\g002_i016,runs_J_k16_plain\none_seed0\g002_i016\tripinfo.xml
2,17,3,628.3486666666666,-783907721#1;111677669#3;876343449#1,runs_J_k16_plain\none_seed0\g002_i017,runs_J_k16_plain\none_seed0\g002_i017\tripinfo.xml
2,18,16,555.088,-120682114#1;-5197062#3;-74277990;-782714971#2;-880137009#0;111677668#0;111681905#2;205590836#2;4935286#3;502325084#1;502325084#3;747448014;782710712;782714971#4;835445203;876057378#2,runs_J_k16_plain\none_seed0\g002_i018,runs_J_k16_plain\none_seed0\g002_i018\tripinfo.xml
2,19,16,654.0013333333334,-111677668#4;-24337240#6;-25970859#1;-502325084#0;-782714971#2;-782714971#3;111677668#4;111677669#0;26216781#3;37628709#0;498033359#0;502325084#1;5197062#3;535519490#0;58621262#0;876343449#1,runs_J_k16_plain\none_seed0\g002_i019,runs_J_k16_plain\none_seed0\g002_i019\tripinfo.xml
2,20,14,621.728,111681905#2;24337240#3;26216781#0;28468730#1;311298662#0;311298662#1;4935286#3;4970256#6;782714971#3;783907721#0;835445203;876057378#5;876343449#0;880137009#0,runs_J_k16_plain\none_seed0\g002_i020,runs_J_k16_plain\none_seed0\g002_i020\tripinfo.xml
2,21,16,593.8533333333334,-4950193;-5197062#4;-782714971#2;111681903#1;111681905#1;205590836#2;28468730#0;311298658;37628709#1;4935286#2;4970256#7;498033359#0;498033359#3;502325084#0;876057378#1;876343449#0,runs_J_k16_plain\none_seed0\g002_i021,runs_J_k16_plain\none_seed0\g002_i021\tripinfo.xml
2,22,16,705.8486666666666,-120682114#1;-205590836#0;-28298231;-311298662#0;-311298662#1;-502325084#1;-74277990;-782714966#0;-782714971#1;-782714971#4;24337240#5;24337240#7;4935286#3;4970256#7;535519490#0;783907721#0,runs_J_k16_plain\none_seed0\g002_i022,runs_J_k16_plain\none_seed0\g002_i022\tripinfo.xml
2,23,16,633.9133333333333,-498033359#1;-5197062#4;-782714971#4;-783907721#1;111677668#3;131942152;24337240#2;26216781#3;28468730#1;28468732#1;4970256#6;62826731;782710712;876057376;876057378#0;876057378#4,runs_J_k16_plain\none_seed0\g002_i023,runs_J_k16_plain\none_seed0\g002_i023\tripinfo.xml
3,0,8,449.78866666666664,-502325084#1;-535519490#1;4935286#3;4970256#8;502325084#3;5197062#3;747448014;783907721#0,runs_J_k16_plain\none_seed0\g003_i000,runs_J_k16_plain\none_seed0\g003_i000\tripinfo.xml
3,1,16,625.8806666666667,-111677671#0;-311298658;-311298662#0;-5197062#4;111681903#3;4970256#6;4970256#8;498033359#0;502325084#3;5197062#3;782714971#4;783907721#0;835445203;876057378#2;876057378#5;876343449#2,runs_J_k16_plain\none_seed0\g003_i001,runs_J_k16_plain\none_seed0\g003_i001\tripinfo.xml
3,2,16,1000000000000.0,-205590836#0;-24337240#2;-498033359#3;-535519490#1;-782714966#0;-782714966#1;-835443464;-835445203;24337240#2;28468730#0;4970256#8;502325084#3;5197062#3;58621262#0;783907721#0;880137009#0,runs_J_k16_plain\none_seed0\g003_i002,runs_J_k16_plain\none_seed0\g003_i002\tripinfo.xml
3,3,16,421.59066666666666,-24337240#7;-498033359#1;-535519490#1;111677669#3;111681905#2;120682114#1;205590836#2;24337240#1;24337240#7;28468730#0;37628709#1;4935286#0;4970256#8;498033359#3;782710712;782714966#0,runs_J_k16_plain\none_seed0\g003_i003,runs_J_k16_plain\none_seed0\g003_i003\tripinfo.xml
3,4,16,2115.682,-111681903#1;-24337240#1;-311298685;-4950193;-502325084#0;-502325084#1;-7365262;-783907721#1;111681903#1;111681903#2;111681905#1;311298662#0;782714966#1;783907721#0;876057378#1;880137009#0,runs_J_k16_plain\none_seed0\g003_i004,runs_J_k16_plain\none_seed0\g003_i004\tripinfo.xml
3,5,16,1000000000000.0,-111677668#0;-120682114#1;-24337240#4;-535519490#1;-782714971#2;-880137009#0;111677669#0;24337240#4;26216781#0;26216781#1;311298658;311298662#1;4970256#6;782714971#1;783907721#2;876343449#1,runs_J_k16_plain\none_seed0\g003_i005,runs_J_k16_plain\none_seed0\g003_i005\tripinfo.xml
3,6,16,660.9706666666667,-24337240#1;-535519490#1;-783907721#1;111677668#0;26216781#2;28468732#1;4935286#3;498033359#0;502325084#1;58621262#1;747448014;782714971#3;782714971#4;835445203;876057376;876057378#2,runs_J_k16_plain\none_seed0\g003_i006,runs_J_k16_plain\none_seed0\g003_i006\tripinfo.xml
3,7,16,698.786,-28298231;-311298682#0;-502325084#0;-5197062#4;-782714966#0;-782714971#2;111677669#0;111681903#0;131942152;26216781#1;4970256#5;498033359#3;5197062#4;535519490#1;58621262#0;876057376,runs_J_k16_plain\none_seed0\g003_i007,runs_J_k16_plain\none_seed0\g003_i007\tripinfo.xml
3,8,12,1311.3313333333333,-120682114#2;-311298662#1;-535519490#1;-835445203;111677669#1;120682114#2;24337240#0;311298658;782714966#0;876057378#1;876343449#0;880137009#1,runs_J_k16_plain\none_seed0\g003_i008,runs_J_k16_plain\none_seed0\g003_i008\tripinfo.xml
3,9,16,631.3986666666667,-120682114#1;-24337240#1;-311298662#0;-502325084#1;-74277990;-782714971#1;24337240#7;4935286#3;4970256#5;4970256#6;498033359#2;502325084#0;782714966#1;782714971#1;783907721#0;876057378#5,runs_J_k16_plain\none_seed0\g003_i009,runs_J_k16_plain\none_seed0\g003_i009\tripinfo.xml
3,10,16,590.7986666666667,-24337240#2;-24337240#3;-498033359#2;111677669#1;111677671#0;111681905#1;24337240#1;28468730#1;311298662#1;4935286#3;498033359#0;498033359#2;498033359#3;535519490#1;782710712;782714971#0,runs_J_k16_plain\none_seed0\g003_i010,runs_J_k16_plain\none_seed0\g003_i010\tripinfo.xml
3,11,16,869.082,-120682114#1;-24337240#3;-25970859#1;-28468730#0;-782714966#1;-782714971#1;-782714971#4;205590836#2;26216781#0;28468732#1;311298685;37628709#1;783907721#2;876057378#0;876343449#0;880137009#1,runs_J_k16_plain\none_seed0\g003_i011,runs_J_k16_plain\none_seed0\g003_i011\tripinfo.xml
3,12,16,1000000000000.0,-111681903#1;-24337240#4;-28298231;-782714971#2;-783907721#1;111677668#3;24337240#5;24337240#7;28468730#0;28468730#1;498033359#3;535519490#1;62826731;782710712;782714971#3;876057378#4,runs_J_k16_plain\none_seed0\g003_i012,runs_J_k16_plain\none_seed0\g003_i012\tripinfo.xml
3,13,16,719.9706666666667,-120682114#3;-28468730#0;-74277990;-783907721#0;111681905#2;120682114#1;24337240#7;26216779#0;28468730#0;311298685;37628709#1;502325084#1;5197062#4;747448014;835445203;876057378#1,runs_J_k16_plain\none_seed0\g003_i013,runs_J_k16_plain\none_seed0\g003_i013\tripinfo.xml
3,14,16,748.32,-111681903#0;-120682114#1;-25970859#0;-311298658;-7365262;-876343449#0;111677668#0;111677668#3;111677669#1;205590836#2;4935286#0;4970256#8;502325084#3;747448014;876057378#2;876057378#3,runs_J_k16_plain\none_seed0\g003_i014,runs_J_k16_plain\none_seed0\g003_i014\tripinfo.xml
3,15,16,1570.76,-111681903#1;-25970859#0;-28468730#0;-498033359#3;-782714971#1;-782714971#3;-783907721#1;-783907721#2;120682114#2;26216781#3;28468730#1;502325084#0;502325084#3;782714966#1;782714971#3;876343449#1,runs_J_k16_plain\none_seed0\g003_i015,runs_J_k16_plain\none_seed0\g003_i015\tripinfo.xml
3,16,4,628.39,-111677668#4;-311298662#1;498033359#3;535519490#0,runs_J_k16_plain\none_seed0\g003_i016,runs_J_k16_plain\none_seed0\g003_i016\tripinfo.xml
3,17,16,607.848,-111681903#1;-4950193;-502325084#1;-835445203;120682114#1;120682114#3;24337240#7;26216781#1;28468732#1;4935286#3;4970256#8;502325084#3;5197062#3;747448014;876057378#3;880137009#1,runs_J_k16_plain\none_seed0\g003_i017,runs_J_k16_plain\none_seed0\g003_i017\tripinfo.xml
3,18,16,1000000000000.0,-111681903#3;-205590836#0;-25970859#0;-311298662#0;-311298662#1;-311298665;111677669#0;111677669#3;111681905#1;24337240#5;25970859#0;28468730#0;28468732#0;502325084#3;5197062#3;876343449#2,runs_J_k16_plain\none_seed0\g003_i018,runs_J_k16_plain\none_seed0\g003_i018\tripinfo.xml
3,19,9,854.498,-120682114#1;-25970859#0;-498033359#2;-782714971#1;28468730#1;4935286#1;4935286#3;782714966#1;876057378#0,runs_J_k16_plain\none_seed0\g003_i019,runs_J_k16_plain\none_seed0\g003_i019\tripinfo.xml
3,20,16,581.0393333333334,-111681903#1;-205590836#0;-24337240#6;-311298682#0;-535519490#1;-782714971#1;-835445203;111677669#4;120682114#3;24337240#0;24337240#2;24337240#3;37628709#0;502325084#0;783907721#0;876057378#0,runs_J_k16_plain\none_seed0\g003_i020,runs_J_k16_plain\none_seed0\g003_i020\tripinfo.xml
3,21,16,413.21933333333334,-111681903#1;-28468730#0;-311298685;-5197062#3;-535519490#1;-782714971#4;24337240#3;26216781#1;311298662#1;535519490#1;747448014;782710712;783907721#0;876057376;876057378#2;876343449#1,runs_J_k16_plain\none_seed0\g003_i021,runs_J_k16_plain\none_seed0\g003_i021\tripinfo.xml
3,22,16,628.532,-111681903#1;-24337240#3;-25970859#0;-498033359#3;-535519490#1;-7365262;-782714971#2;-782714971#3;4970256#6;4970256#7;502325084#3;5197062#3;782710712;782714971#4;835445203;876343449#2,runs_J_k16_plain\none_seed0\g003_i022,runs_J_k16_plain\none_seed0\g003_i022\tripinfo.xml
3,23,16,660.038,-24337240#6;-28298231;-498033359#2;-835445203;111677669#0;111677669#5;111681903#2;24337240#5;25970859#0;311298662#0;4935286#3;5197062#3;782714971#4;876057378#1;876343449#1;876343449#2,runs_J_k16_plain\none_seed0\g003_i023,runs_J_k16_plain\none_seed0\g003_i023\tripinfo.xml
4,0,16,413.21933333333334,-111681903#1;-28468730#0;-311298685;-5197062#3;-535519490#1;-782714971#4;24337240#3;26216781#1;311298662#1;535519490#1;747448014;782710712;783907721#0;876057376;876057378#2;876343449#1,runs_J_k16_plain\none_seed0\g004_i000,runs_J_k16_plain\none_seed0\g004_i000\tripinfo.xml
4,1,16,769.6093333333333,-111681903#2;-24337240#0;-24337240#7;-311298662#0;-311298662#1;-498033359#3;-5197062#3;-74277990;311298665;311298682#0;4935286#0;502325084#0;535519490#0;535519490#1;58621262#0;782710712,runs_J_k16_plain\none_seed0\g004_i001,runs_J_k16_plain\none_seed0\g004_i001\tripinfo.xml
4,2,16,630.5186666666667,-111677668#4;-111677671#0;-25970859#1;-311298658;-311298662#1;-498033359#3;-5197062#3;-782714971#3;-783907721#0;-876343449#1;205590836#2;24337240#1;26216781#0;311298662#1;498033359#3;535519490#0,runs_J_k16_plain\none_seed0\g004_i002,runs_J_k16_plain\none_seed0\g004_i002\tripinfo.xml
4,3,16,1000000000000.0,-111681903#1;-24337240#0;-24337240#6;-311298662#0;-5197062#3;-74277990;-835445203;111677668#3;111677669#1;120682114#3;25970859#0;783907721#2;876057376;876057378#0;876057378#3;876343449#0,runs_J_k16_plain\none_seed0\g004_i003,runs_J_k16_plain\none_seed0\g004_i003\tripinfo.xml
4,4,16,745.6606666666667,-111677668#4;-111681903#1;-120682114#1;-205590836#0;-4950193;-502325084#1;-835445203;111677669#3;120682114#2;28468732#1;502325084#0;502325084#3;5197062#3;747448014;782714971#3;783907721#0,runs_J_k16_plain\none_seed0\g004_i004,runs_J_k16_plain\none_seed0\g004_i004\tripinfo.xml
4,5,16,611.5606666666666,-111681903#0;-311298658;-502325084#1;-535519490#1;111677668#0;111677669#1;24337240#1;24337240#4;26216781#1;498033359#2;502325084#1;502325084#3;58621262#1;747448014;783907721#0;876057376,runs_J_k16_plain\none_seed0\g004_i005,runs_J_k16_plain\none_seed0\g004_i005\tripinfo.xml
4,6,16,560.9153333333334,-111677668#3;-24337240#1;111677669#0;111677669#1;205590836#2;24337240#0;28468730#1;28468732#1;4935286#3;4970256#7;498033359#0;498033359#1;5197062#3;5197062#4;62826731;835445203,runs_J_k16_plain\none_seed0\g004_i006,runs_J_k16_plain\none_seed0\g004_i006\tripinfo.xml
4,7,16,412.25466666666665,-111681903#2;-24337240#2;-24337240#3;-311298658;-7365262;-783907721#2;111677668#3;111677669#1;205590836#2;24337240#1;24337240#5;4935286#2;535519490#1;782714966#0;782714971#0;876057378#0,runs_J_k16_plain\none_seed0\g004_i007,runs_J_k16_plain\none_seed0\g004_i007\tripinfo.xml
4,8,16,620.4293333333334,-111681903#0;-25970859#0;-25970859#1;-502325084#1;-782714971#2;-876343449#0;111681903#2;111681905#1;120682114#2;24337240#1;25970859#0;28468730#1;311298662#1;498033359#0;498033359#3;5197062#3,runs_J_k16_plain\none_seed0\g004_i008,runs_J_k16_plain\none_seed0\g004_i008\tripinfo.xml
4,9,16,546.562,-111677668#0;-24337240#7;-25970859#1;-502325084#1;-535519490#1;-876343449#0;205590836#2;24337240#7;311298682#0;4935286#1;4935286#3;498033359#3;747448014;782714971#4;783907721#0;876057378#2,runs_J_k16_plain\none_seed0\g004_i009,runs_J_k16_plain\none_seed0\g004_i009\tripinfo.xml
4,10,16,612.184,-111677668#3;-111677671#0;-24337240#3;-498033359#1;-535519490#1;-74277990;-782714971#1;111677668#3;111681905#1;4970256#6;498033359#2;502325084#3;5197062#3;58621262#0;747448014;880140407,runs_J_k16_plain\none_seed0\g004_i010,runs_J_k16_plain\none_seed0\g004_i010\tripinfo.xml
4,11,16,962.2173333333334,-111681903#1;-24337240#3;-502325084#3;-5197062#3;-782714971#4;111681905#1;24337240#7;26216781#1;26216781#2;311298658;4935286#0;4970256#6;58621262#0;747448014;782714966#1;783907721#2,runs_J_k16_plain\none_seed0\g004_i011,runs_J_k16_plain\none_seed0\g004_i011\tripinfo.xml
4,12,16,1000000000000.0,-111681903#2;-498033359#2;-535519490#1;-782714966#0;111677669#1;111677669#2;26216781#1;311298662#1;311298682#0;4935286#0;498033359#2;535519490#1;782714971#0;783907721#0;783907721#2;876343449#1,runs_J_k16_plain\none_seed0\g004_i012,runs_J_k16_plain\none_seed0\g004_i012\tripinfo.xml
4,13,16,936.3126666666667,-111677668#4;-120682114#3;-5197062#4;111677669#2;311298658;4970256#5;498033359#0;498033359#2;5197062#3;62826731;782714971#4;783907721#0;835445203;876057378#2;876057378#5;880137010,runs_J_k16_plain\none_seed0\g004_i013,runs_J_k16_plain\none_seed0\g004_i013\tripinfo.xml
4,14,16,666.242,-111681903#0;-111681903#2;-5197062#4;-880140407;111677668#4;111677669#0;111681903#3;120682114#1;24337240#5;502325084#3;5197062#3;782714971#4;783907721#0;835445203;876057378#5;876343449#2,runs_J_k16_plain\none_seed0\g004_i014,runs_J_k16_plain\none_seed0\g004_i014\tripinfo.xml
4,15,16,551.5273333333333,-111681903#1;-28468730#0;-311298662#1;-498033359#0;-502325084#0;-502325084#3;-5197062#3;111677668#4;24337240#3;4935286#3;535519490#1;747448014;782714966#1;783907721#0;876343449#2;880137009#0,runs_J_k16_plain\none_seed0\g004_i015,runs_J_k16_plain\none_seed0\g004_i015\tripinfo.xml
4,16,7,450.2873333333333,-111677668#0;-111677671#0;-25970859#0;111677669#5;111677671#0;28468732#0;4935286#2,runs_J_k16_plain\none_seed0\g004_i016,runs_J_k16_plain\none_seed0\g004_i016\tripinfo.xml
4,17,16,629.7733333333333,-111681903#1;-28298231;-28468730#0;-498033359#3;-782714966#1;-782714971#0;24337240#3;311298658;4935299#1;4970256#7;5197062#4;782710712;876057376;876057378#2;876343449#0;876343449#2,runs_J_k16_plain\none_seed0\g004_i017,runs_J_k16_plain\none_seed0\g004_i017\tripinfo.xml
4,18,16,1000000000000.0,-24337240#3;-311298662#1;-311298665;-7365262;-782714971#1;-782714971#3;111677668#0;111677669#2;26216781#0;26216781#1;4970256#6;502325084#3;535519490#1;7924772;835445203;876057376,runs_J_k16_plain\none_seed0\g004_i018,runs_J_k16_plain\none_seed0\g004_i018\tripinfo.xml
4,19,16,630.174,-120682114#1;-311298662#1;-502325084#1;-535519490#1;-782714971#1;-835445203;111677669#1;111681905#2;25970859#1;4935286#3;5197062#3;747448014;782710712;783907721#0;876057378#0;876057378#3,runs_J_k16_plain\none_seed0\g004_i019,runs_J_k16_plain\none_seed0\g004_i019\tripinfo.xml
4,20,16,724.0293333333333,-28468730#0;-311298685;-498033359#1;-535519490#1;-782714966#0;-783907721#0;-876343449#1;28468732#0;4935286#1;4935286#3;502325084#0;5197062#3;782714966#1;783907721#0;876057378#1;876057378#2,runs_J_k16_plain\none_seed0\g004_i020,runs_J_k16_plain\none_seed0\g004_i020\tripinfo.xml
4,21,10,660.1186666666666,-111681903#1;-120682114#1;-5197062#4;-782714971#3;131942152;24337240#1;4935286#1;535519490#1;58621262#1;876057376,runs_J_k16_plain\none_seed0\g004_i021,runs_J_k16_plain\none_seed0\g004_i021\tripinfo.xml
4,22,11,551.488,-4950193;-535519490#1;-782714966#1;111677669#5;24337240#3;24337240#7;26216779#1;26216781#1;37628709#0;62826731;876343449#2,runs_J_k16_plain\none_seed0\g004_i022,runs_J_k16_plain\none_seed0\g004_i022\tripinfo.xml
4,23,15,444.6913333333333,-120682114#1;-205590836#0;-24337240#0;-24337240#6;-311298682#0;-498033359#0;-535519490#0;-535519490#1;-782714971#1;111677669#4;24337240#2;26216779#1;28468730#1;37628709#0;37628709#1,runs_J_k16_plain\none_seed0\g004_i023,runs_J_k16_plain\none_seed0\g004_i023\tripinfo.xml
5,0,16,412.25466666666665,-111681903#2;-24337240#2;-24337240#3;-311298658;-7365262;-783907721#2;111677668#3;111677669#1;205590836#2;24337240#1;24337240#5;4935286#2;535519490#1;782714966#0;782714971#0;876057378#0,runs_J_k16_plain\none_seed0\g005_i000,runs_J_k16_plain\none_seed0\g005_i000\tripinfo.xml
5,1,16,682.2293333333333,-120682114#1;-120682114#2;-311298682#0;-535519490#1;-782714971#1;-880137009#1;111677669#3;111677669#4;24337240#1;24337240#3;4935286#3;502325084#0;5197062#3;782714966#0;782714971#0;876057378#0,runs_J_k16_plain\none_seed0\g005_i001,runs_J_k16_plain\none_seed0\g005_i001\tripinfo.xml
5,2,16,385.054,-111677671#0;-111681903#2;-205590836#0;-24337240#4;-311298658;-7365262;-783907721#0;24337240#2;24337240#7;26216779#1;26216781#0;37628709#1;4935286#2;498033359#0;535519490#1;876057378#0,runs_J_k16_plain\none_seed0\g005_i002,runs_J_k16_plain\none_seed0\g005_i002\tripinfo.xml
5,3,16,567.3206666666666,-24337240#2;-24337240#7;-25970859#1;-4950193;-535519490#1;-7365262;-782714966#1;111677669#5;26216779#1;37628709#1;535519490#1;782714971#3;876057376;876057378#0;876343449#2;880137009#0,runs_J_k16_plain\none_seed0\g005_i003,runs_J_k16_plain\none_seed0\g005_i003\tripinfo.xml
5,4,13,1000000000000.0,-24337240#3;-311298665;-880137009#1;111677668#3;111677669#1;111677671#0;205590836#2;24337240#1;37628709#0;4935286#2;498033359#0;782714966#0;876343449#2,runs_J_k16_plain\none_seed0\g005_i004,runs_J_k16_plain\none_seed0\g005_i004\tripinfo.xml
5,5,16,645.5326666666666,-311298685;-4950193;-535519490#1;-835443464;-880137009#0;111677671#0;24337240#3;25970859#0;26216779#1;37628709#0;535519490#1;58621262#1;62826731;782714971#1;876057376;876343449#1,runs_J_k16_plain\none_seed0\g005_i005,runs_J_k16_plain\none_seed0\g005_i005\tripinfo.xml
5,6,16,796.0853333333333,-111681903#1;-24337240#7;-5197062#3;111677669#5;131942152;24337240#0;24337240#3;24337240#7;26216781#1;28468732#0;5197062#4;747448014;783907721#2;876343449#1;876343449#2;880137010,runs_J_k16_plain\none_seed0\g005_i006,runs_J_k16_plain\none_seed0\g005_i006\tripinfo.xml
5,7,16,791.7626666666666,-111681903#1;-111681903#2;-311298685;-5197062#3;-782714971#2;25970859#1;311298662#1;498033359#2;535519490#1;58621262#0;782714971#0;782714971#1;876057376;876057378#2;876343449#1;876343449#2,runs_J_k16_plain\none_seed0\g005_i007,runs_J_k16_plain\none_seed0\g005_i007\tripinfo.xml
5,8,16,644.456,-111677671#0;-111681903#1;-311298685;-535519490#1;-876343449#0;111681905#1;24337240#7;26216781#0;26216781#1;311298662#1;5197062#4;747448014;782710712;835445203;876057376;876057378#4,runs_J_k16_plain\none_seed0\g005_i008,runs_J_k16_plain\none_seed0\g005_i008\tripinfo.xml
5,9,16,1000000000000.0,-111677668#4;-24337240#6;-4950193;-535519490#1;-7365262;-782714966#1;-835443464;-835445203;111677669#5;111681903#0;24337240#7;26216779#1;37628709#0;535519490#0;62826731;876057378#2,runs_J_k16_plain\none_seed0\g005_i009,runs_J_k16_plain\none_seed0\g005_i009\tripinfo.xml
5,10,16,3166.1406666666667,-111677668#0;-111677668#4;-24337240#3;-498033359#1;-782714966#0;-782714966#1;111677669#5;24337240#3;24337240#7;26216781#1;311298658;498033359#0;502325084#0;782714971#2;7924772;835443464,runs_J_k16_plain\none_seed0\g005_i010,runs_J_k16_plain\none_seed0\g005_i010\tripinfo.xml
5,11,16,1586.5586666666666,-111681903#2;-111681903#3;-24337240#2;-502325084#0;-5197062#3;111677668#4;120682114#2;205590836#2;24337240#3;28468732#0;4935286#0;498033359#2;502325084#3;58621262#0;782714971#0;876057378#1,runs_J_k16_plain\none_seed0\g005_i011,runs_J_k16_plain\none_seed0\g005_i011\tripinfo.xml
5,12,16,580.354,-24337240#3;-24337240#7;-311298658;-311298662#1;-311298685;-498033359#0;-498033359#1;-502325084#3;-782714971#4;-876343449#2;24337240#1;26216781#1;4935286#3;502325084#3;876343449#0;880140407,runs_J_k16_plain\none_seed0\g005_i012,runs_J_k16_plain\none_seed0\g005_i012\tripinfo.xml
5,13,13,615.5353333333334,-111681903#0;-28298231;-498033359#1;-502325084#1;24337240#1;28468730#1;28468732#0;311298658;498033359#1;502325084#0;535519490#1;782710712;876057376,runs_J_k16_plain\none_seed0\g005_i013,runs_J_k16_plain\none_seed0\g005_i013\tripinfo.xml
5,14,16,766.0246666666667,-111677671#0;-120682114#1;-120682114#3;-24337240#1;-24337240#7;-782714966#0;-876343449#0;111677669#1;111677669#5;205590836#2;24337240#1;4935286#1;498033359#0;5197062#3;62826731;7924772,runs_J_k16_plain\none_seed0\g005_i014,runs_J_k16_plain\none_seed0\g005_i014\tripinfo.xml
5,15,7,629.3966666666666,-111677668#0;-876343449#0;24337240#7;58621262#0;747448014;783907721#0;876343449#0,runs_J_k16_plain\none_seed0\g005_i015,runs_J_k16_plain\none_seed0\g005_i015\tripinfo.xml
5,16,6,568.0666666666667,-5197062#3;-535519490#0;-535519490#1;24337240#3;782714971#3;876057376,runs_J_k16_plain\none_seed0\g005_i016,runs_J_k16_plain\none_seed0\g005_i016\tripinfo.xml
5,17,16,437.586,-111677668#3;-111681903#1;-120682114#1;-28468730#0;-5197062#3;-535519490#1;-880140407;111677669#4;111677671#0;111681903#2;111681903#3;24337240#3;28468730#0;311298662#0;876343449#0;876343449#2,runs_J_k16_plain\none_seed0\g005_i017,runs_J_k16_plain\none_seed0\g005_i017\tripinfo.xml
5,18,4,540.1813333333333,-311298682#0;-5197062#4;120682114#3;4935286#3,runs_J_k16_plain\none_seed0\g005_i018,runs_J_k16_plain\none_seed0\g005_i018\tripinfo.xml
5,19,16,745.418,-120682114#1;-24337240#7;-25970859#0;-498033359#3;-502325084#1;111677669#1;111677669#5;111681905#1;24337240#1;24337240#5;25970859#0;502325084#1;58621262#1;62826731;835445203;876057378#4,runs_J_k16_plain\none_seed0\g005_i019,runs_J_k16_plain\none_seed0\g005_i019\tripinfo.xml
5,20,16,608.4666666666667,-111677671#0;-24337240#3;-311298658;-498033359#0;-535519490#1;-880140407;111677669#1;24337240#1;24337240#4;24337240#5;4935286#2;747448014;782714971#4;783907721#0;783907721#1;876057376,runs_J_k16_plain\none_seed0\g005_i020,runs_J_k16_plain\none_seed0\g005_i020\tripinfo.xml
5,21,16,674.4733333333334,-111681903#2;-24337240#7;-502325084#1;-535519490#0;-782714966#0;111677668#4;111677669#3;111681903#1;111681905#1;26216781#2;4935286#1;4970256#5;58621262#0;58621262#1;782714966#0;782714971#4,runs_J_k16_plain\none_seed0\g005_i021,runs_J_k16_plain\none_seed0\g005_i021\tripinfo.xml
5,22,16,644.456,-24337240#2;-535519490#1;-7365262;-835443464;111677668#4;111677669#3;111681905#1;205590836#2;24337240#5;26216781#0;311298658;37628709#0;4935286#3;835443464;835445203;876057378#4,runs_J_k16_plain\none_seed0\g005_i022,runs_J_k16_plain\none_seed0\g005_i022\tripinfo.xml
5,23,13,644.456,-111677668#3;-24337240#0;-24337240#4;-25970859#0;-311298658;-498033359#0;-535519490#0;-7365262;111677668#4;111677671#0;26216781#1;311298682#0;37628709#0,runs_J_k16_plain\none_seed0\g005_i023,runs_J_k16_plain\none_seed0\g005_i023\tripinfo.xml
6,0,16,385.054,-111677671#0;-111681903#2;-205590836#0;-24337240#4;-311298658;-7365262;-783907721#0;24337240#2;24337240#7;26216779#1;26216781#0;37628709#1;4935286#2;498033359#0;535519490#1;876057378#0,runs_J_k16_plain\none_seed0\g006_i000,runs_J_k16_plain\none_seed0\g006_i000\tripinfo.xml
6,1,16,1000000000000.0,-120682114#2;-24337240#6;-311298658;-311298685;-535519490#1;-782714966#1;-835443464;120682114#2;26216779#1;311298658;4935286#0;4935286#3;4970256#7;783907721#1;835445203;876057376,runs_J_k16_plain\none_seed0\g006_i001,runs_J_k16_plain\none_seed0\g006_i001\tripinfo.xml
6,2,16,689.26,-111677668#3;-111677671#0;-502325084#0;-535519490#1;-876343449#0;-880140407;120682114#3;24337240#1;4970256#7;502325084#1;535519490#1;62826731;783907721#1;783907721#2;835443464;876343449#1,runs_J_k16_plain\none_seed0\g006_i002,runs_J_k16_plain\none_seed0\g006_i002\tripinfo.xml
6,3,16,1000000000000.0,-111681903#0;-111681903#3;-311298658;-535519490#1;-7365262;-876343449#0;111677668#3;111677669#1;24337240#2;28468732#1;311298665;782714966#0;782714971#0;782714971#2;835443464;876343449#1,runs_J_k16_plain\none_seed0\g006_i003,runs_J_k16_plain\none_seed0\g006_i003\tripinfo.xml
6,4,16,629.6626666666667,-205590836#0;-24337240#4;-311298658;-502325084#3;-7365262;-782714971#2;111677669#2;24337240#3;24337240#7;311298662#0;4935286#2;5197062#4;783907721#1;835443464;835445203;876057378#0,runs_J_k16_plain\none_seed0\g006_i004,runs_J_k16_plain\none_seed0\g006_i004\tripinfo.xml
6,5,16,1102.304,-24337240#6;-28468730#0;-7365262;-783907721#2;-835443464;111677669#4;111677671#0;111681903#2;24337240#5;26216781#1;28468730#0;28468730#1;311298682#0;4935286#2;4970256#8;876343449#2,runs_J_k16_plain\none_seed0\g006_i005,runs_J_k16_plain\none_seed0\g006_i005\tripinfo.xml
6,6,12,382.1533333333333,-120682114#1;-120682114#3;-24337240#3;-311298658;-783907721#1;111677669#5;120682114#1;311298662#1;4935286#2;4970256#7;783907721#1;7924772,runs_J_k16_plain\none_seed0\g006_i006,runs_J_k16_plain\none_seed0\g006_i006\tripinfo.xml
6,7,16,5022.164666666667,-111677668#4;-24337240#2;-311298662#1;-880140407;111677669#4;111677669#5;111677671#0;111681903#3;120682114#2;24337240#1;37628709#1;4935286#3;502325084#3;535519490#0;880137009#0;880140407,runs_J_k16_plain\none_seed0\g006_i007,runs_J_k16_plain\none_seed0\g006_i007\tripinfo.xml
6,8,16,765.3293333333334,-111677668#3;-111681903#3;-120682114#1;-311298685;-498033359#1;-782714971#4;-783907721#2;111677669#4;205590836#2;24337240#7;498033359#2;747448014;876343449#0;880137009#0;880137010;880140407,runs_J_k16_plain\none_seed0\g006_i008,runs_J_k16_plain\none_seed0\g006_i008\tripinfo.xml
6,9,16,764.0326666666666,-120682114#1;-502325084#1;-7365262;111677669#0;24337240#5;24337240#7;26216779#1;311298665;311298682#0;502325084#3;782714966#1;783907721#1;835445203;876057376;876057378#0;880137009#0,runs_J_k16_plain\none_seed0\g006_i009,runs_J_k16_plain\none_seed0\g006_i009\tripinfo.xml
6,10,16,1000000000000.0,-111681903#2;-24337240#0;-24337240#1;-311298665;-7365262;-782714966#1;111677668#4;111677669#5;24337240#1;25970859#1;311298665;311298685;535519490#1;783907721#0;876057378#0;876057378#1,runs_J_k16_plain\none_seed0\g006_i010,runs_J_k16_plain\none_seed0\g006_i010\tripinfo.xml
6,11,16,566.5693333333334,-111681903#2;-24337240#4;-25970859#1;-311298658;-498033359#0;-498033359#3;-876343449#2;111677668#3;111681903#3;24337240#1;24337240#5;26216779#1;4970256#5;502325084#3;876343449#0;880140407,runs_J_k16_plain\none_seed0\g006_i011,runs_J_k16_plain\none_seed0\g006_i011\tripinfo.xml
6,12,16,544.6246666666667,-111677668#4;-111677671#0;-311298658;-502325084#3;-782714971#4;111677668#0;24337240#2;26216779#1;26216781#0;37628709#1;4935286#2;4935286#3;4935299#1;498033359#3;502325084#1;783907721#0,runs_J_k16_plain\none_seed0\g006_i012,runs_J_k16_plain\none_seed0\g006_i012\tripinfo.xml
6,13,16,447.20933333333335,-24337240#6;-24337240#7;-311298658;-498033359#1;-535519490#1;-880137009#0;131942152;24337240#4;26216779#0;26216781#0;498033359#2;535519490#1;782714971#4;783907721#1;835443464;876057378#5,runs_J_k16_plain\none_seed0\g006_i013,runs_J_k16_plain\none_seed0\g006_i013\tripinfo.xml
6,14,16,617.06,-311298658;-311298682#0;-498033359#0;-535519490#0;111677668#3;111677669#1;111677669#2;24337240#1;24337240#5;311298662#1;311298682#0;4935286#3;502325084#3;782710712;783907721#0;880137009#1,runs_J_k16_plain\none_seed0\g006_i014,runs_J_k16_plain\none_seed0\g006_i014\tripinfo.xml
6,15,16,1000000000000.0,-205590836#0;-24337240#4;-311298685;-535519490#1;-7365262;-782714971#0;-782714971#1;-783907721#1;111677669#5;111681903#2;111681905#1;5197062#3;782714971#1;783907721#1;876057378#0;880137009#0,runs_J_k16_plain\none_seed0\g006_i015,runs_J_k16_plain\none_seed0\g006_i015\tripinfo.xml
6,16,16,386.08666666666664,-111681903#2;-4950193;-502325084#0;-502325084#1;-7365262;-782714971#1;-876343449#2;120682114#3;205590836#2;4935286#2;498033359#0;502325084#1;535519490#1;7924772;835443464;876057376,runs_J_k16_plain\none_seed0\g006_i016,runs_J_k16_plain\none_seed0\g006_i016\tripinfo.xml
6,17,10,606.2293333333333,-205590836#0;-311298682#0;-502325084#0;-880137009#1;37628709#1;535519490#1;782714971#4;7924772;876343449#0;876343449#1,runs_J_k16_plain\none_seed0\g006_i017,runs_J_k16_plain\none_seed0\g006_i017\tripinfo.xml
6,18,16,545.956,-111681903#1;-311298658;-7365262;-782714971#4;-835443464;-876343449#0;111677669#1;111681905#1;26216781#0;26216781#1;311298662#1;747448014;835445203;876057376;876057378#4;880140407,runs_J_k16_plain\none_seed0\g006_i018,runs_J_k16_plain\none_seed0\g006_i018\tripinfo.xml
6,19,16,402.2753333333333,-111681903#2;-24337240#2;-498033359#3;-783907721#2;-880137009#0;111677668#3;111677668#4;24337240#5;4935286#2;535519490#1;58621262#0;782714966#0;782714971#0;876057378#0;876057378#2;876057378#3,runs_J_k16_plain\none_seed0\g006_i019,runs_J_k16_plain\none_seed0\g006_i019\tripinfo.xml
6,20,16,492.75666666666666,-111681903#0;-24337240#4;-311298685;-7365262;-783907721#0;-783907721#2;-880137009#0;111677669#1;26216779#1;4935286#2;4970256#5;502325084#0;535519490#0;535519490#1;782714971#0;835445203,runs_J_k16_plain\none_seed0\g006_i020,runs_J_k16_plain\none_seed0\g006_i020\tripinfo.xml
6,21,16,1000000000000.0,-111677668#0;-111681903#0;-111681903#1;-111681903#2;-111681903#3;-120682114#3;-24337240#4;-311298685;-502325084#0;-535519490#1;-7365262;-880140407;111677668#3;24337240#5;4970256#6;782714971#4,runs_J_k16_plain\none_seed0\g006_i021,runs_J_k16_plain\none_seed0\g006_i021\tripinfo.xml
6,22,16,3088.29,-24337240#7;-311298658;-5197062#3;-5197062#4;-782714971#2;-880137009#0;111677669#0;24337240#0;4935286#2;4935286#3;4970256#7;782714971#0;835443464;876057376;880137009#0;880140407,runs_J_k16_plain\none_seed0\g006_i022,runs_J_k16_plain\none_seed0\g006_i022\tripinfo.xml
6,23,11,551.2633333333333,-111681903#0;-24337240#0;-25970859#0;111677668#4;111677669#0;24337240#0;498033359#1;835445203;876057378#1;876057378#4;880140407,runs_J_k16_plain\none_seed0\g006_i023,runs_J_k16_plain\none_seed0\g006_i023\tripinfo.xml
7,0,12,382.1533333333333,-120682114#1;-120682114#3;-24337240#3;-311298658;-783907721#1;111677669#5;120682114#1;311298662#1;4935286#2;4970256#7;783907721#1;7924772,runs_J_k16_plain\none_seed0\g007_i000,runs_J_k16_plain\none_seed0\g007_i000\tripinfo.xml
7,1,16,621.9673333333334,-24337240#4;-311298658;-498033359#3;-7365262;-74277990;-782714966#1;-782714971#4;111677668#0;111677671#0;24337240#2;26216779#1;4935286#3;4935299#1;4970256#7;782714966#0;880140407,runs_J_k16_plain\none_seed0\g007_i001,runs_J_k16_plain\none_seed0\g007_i001\tripinfo.xml
7,2,16,534.2966666666666,-205590836#0;-311298658;-502325084#0;-782714971#1;-783907721#0;-880137009#0;24337240#2;24337240#7;26216779#1;26216781#0;311298665;782714971#3;783907721#0;876057378#0;876057378#2;880137009#0,runs_J_k16_plain\none_seed0\g007_i002,runs_J_k16_plain\none_seed0\g007_i002\tripinfo.xml
7,3,16,495.5826666666667,-111677671#0;-311298658;-502325084#3;-782714966#1;-783907721#2;111677668#4;120682114#1;24337240#1;24337240#5;37628709#0;4935286#2;535519490#1;782714966#0;782714971#2;876057378#2;880137010,runs_J_k16_plain\none_seed0\g007_i003,runs_J_k16_plain\none_seed0\g007_i003\tripinfo.xml
7,4,16,603.0126666666666,-111681903#2;-498033359#1;-535519490#1;-880137009#1;111677668#3;111677669#0;24337240#1;24337240#3;24337240#4;311298665;4970256#7;782714971#2;782714971#4;783907721#1;876057378#5;880140407,runs_J_k16_plain\none_seed0\g007_i004,runs_J_k16_plain\none_seed0\g007_i004\tripinfo.xml
7,5,16,674.0486666666667,-24337240#0;-311298658;-498033359#0;-782714971#2;-782714971#4;111677668#3;24337240#5;26216779#1;311298682#0;4935286#3;4970256#5;498033359#0;535519490#0;58621262#1;835445203;880140407,runs_J_k16_plain\none_seed0\g007_i005,runs_J_k16_plain\none_seed0\g007_i005\tripinfo.xml
7,6,16,1384.8626666666667,-24337240#4;-498033359#0;-502325084#1;-835443464;-876343449#2;111681903#3;120682114#2;26216779#1;311298685;4935299#1;498033359#3;502325084#1;502325084#3;782710712;783907721#0;880140407,runs_J_k16_plain\none_seed0\g007_i006,runs_J_k16_plain\none_seed0\g007_i006\tripinfo.xml
7,7,16,4631.52,-111681903#2;-24337240#4;-25970859#0;-311298662#0;24337240#7;25970859#1;26216779#1;28468730#1;311298665;37628709#0;4935299#1;535519490#1;835445203;876057378#1;876057378#2;880137010,runs_J_k16_plain\none_seed0\g007_i007,runs_J_k16_plain\none_seed0\g007_i007\tripinfo.xml
7,8,16,432.998,-111677668#0;-24337240#0;-24337240#1;-502325084#3;-5197062#3;-74277990;-782714971#4;111677668#4;111677669#0;120682114#1;4935286#2;498033359#3;502325084#1;782714971#4;876057378#2;876057378#4,runs_J_k16_plain\none_seed0\g007_i008,runs_J_k16_plain\none_seed0\g007_i008\tripinfo.xml
7,9,16,394.8213333333333,-111677668#3;-205590836#0;-24337240#1;-498033359#0;-498033359#3;111677668#3;111677669#3;24337240#4;24337240#5;24337240#7;26216779#1;311298662#1;311298665;37628709#1;4935286#3;876057378#1,runs_J_k16_plain\none_seed0\g007_i009,runs_J_k16_plain\none_seed0\g007_i009\tripinfo.xml
7,10,16,351.5353333333333,-311298658;-311298662#0;-7365262;-783907721#0;-876343449#2;111681903#3;111681905#2;24337240#1;24337240#2;26216779#1;37628709#1;4935286#2;4970256#5;498033359#0;498033359#1;876343449#0,runs_J_k16_plain\none_seed0\g007_i010,runs_J_k16_plain\none_seed0\g007_i010\tripinfo.xml
7,11,16,612.9893333333333,-111681903#0;-25970859#0;-783907721#2;111677669#0;111677669#3;205590836#2;24337240#0;24337240#7;25970859#0;26216781#1;311298665;311298682#0;58621262#0;835443464;876057378#0;880137009#0,runs_J_k16_plain\none_seed0\g007_i011,runs_J_k16_plain\none_seed0\g007_i011\tripinfo.xml
7,12,16,796.398,-120682114#1;-24337240#7;-311298662#1;-502325084#1;111677669#0;24337240#5;25970859#0;498033359#1;502325084#3;5197062#3;58621262#0;782714966#1;835445203;876057378#0;876057378#1;876057378#2,runs_J_k16_plain\none_seed0\g007_i012,runs_J_k16_plain\none_seed0\g007_i012\tripinfo.xml
7,13,16,464.43666666666667,-120682114#1;-24337240#6;-4950193;-498033359#1;-876343449#2;111681905#2;131942152;24337240#4;26216781#0;311298682#0;4935286#2;4970256#5;502325084#0;535519490#1;58621262#0;876057378#1,runs_J_k16_plain\none_seed0\g007_i013,runs_J_k16_plain\none_seed0\g007_i013\tripinfo.xml
7,14,16,484.85266666666666,-111681903#3;-502325084#3;-535519490#1;-782714971#3;-783907721#0;-880137009#0;120682114#3;26216779#0;311298685;4970256#6;498033359#3;535519490#1;782714971#0;835443464;835445203;876057378#5,runs_J_k16_plain\none_seed0\g007_i014,runs_J_k16_plain\none_seed0\g007_i014\tripinfo.xml
7,15,16,388.74533333333335,-205590836#0;-24337240#4;-311298658;-4950193;-782714971#2;-876343449#1;-876343449#2;111677669#0;111677669#4;120682114#3;205590836#2;311298662#0;4935286#2;4935299#1;783907721#1;876057378#5,runs_J_k16_plain\none_seed0\g007_i015,runs_J_k16_plain\none_seed0\g007_i015\tripinfo.xml
7,16,16,1000000000000.0,-111677671#0;-111681903#1;-7365262;-782714966#0;-782714971#4;-876343449#0;120682114#3;24337240#2;4970256#5;4970256#6;4970256#8;782714971#4;783907721#2;876057376;876057378#4;880140407,runs_J_k16_plain\none_seed0\g007_i016,runs_J_k16_plain\none_seed0\g007_i016\tripinfo.xml
7,17,14,612.3713333333334,-24337240#1;-502325084#0;-782714971#1;-880137009#0;111677668#3;120682114#3;205590836#2;4970256#5;498033359#0;535519490#1;782710712;7924772;835443464;876057378#4,runs_J_k16_plain\none_seed0\g007_i017,runs_J_k16_plain\none_seed0\g007_i017\tripinfo.xml
7,18,16,1138.6373333333333,-120682114#1;-205590836#0;-311298682#0;-502325084#0;-535519490#1;-782714971#1;111677669#2;24337240#5;28468732#1;311298658;4935286#2;498033359#2;5197062#3;783907721#2;876343449#1;876343449#2,runs_J_k16_plain\none_seed0\g007_i018,runs_J_k16_plain\none_seed0\g007_i018\tripinfo.xml
7,19,13,670.1993333333334,-111677668#0;-120682114#1;-120682114#3;-24337240#6;111677668#3;111677669#5;311298682#0;4935286#2;4970256#7;502325084#3;782714966#0;876057378#5;876343449#1,runs_J_k16_plain\none_seed0\g007_i019,runs_J_k16_plain\none_seed0\g007_i019\tripinfo.xml
7,20,14,466.7126666666667,-111681903#1;-120682114#3;-24337240#1;-24337240#3;-25970859#0;-25970859#1;-502325084#1;-782714971#0;-783907721#2;-880137009#1;111681903#3;311298665;37628709#1;782714966#1,runs_J_k16_plain\none_seed0\g007_i020,runs_J_k16_plain\none_seed0\g007_i020\tripinfo.xml
7,21,10,1000000000000.0,-24337240#4;-25970859#1;-311298665;-535519490#1;-782714971#4;205590836#2;24337240#4;26216779#1;311298665;876057378#5,runs_J_k16_plain\none_seed0\g007_i021,runs_J_k16_plain\none_seed0\g007_i021\tripinfo.xml
7,22,16,1475.4486666666667,-498033359#0;-535519490#1;-782714971#4;-783907721#1;-880137009#0;111677668#3;111677669#4;120682114#2;131942152;26216779#0;311298662#1;311298665;4970256#5;782714971#4;783907721#1;835443464,runs_J_k16_plain\none_seed0\g007_i022,runs_J_k16_plain\none_seed0\g007_i022\tripinfo.xml
7,23,16,566.31,-24337240#7;-311298658;-311298682#0;-311298685;-535519490#1;-74277990;-782714966#1;111681903#1;24337240#0;24337240#1;26216781#2;4970256#7;4970256#8;783907721#1;7924772;876057378#0,runs_J_k16_plain\none_seed0\g007_i023,runs_J_k16_plain\none_seed0\g007_i023\tripinfo.xml
8,0,16,351.5353333333333,-311298658;-311298662#0;-7365262;-783907721#0;-876343449#2;111681903#3;111681905#2;24337240#1;24337240#2;26216779#1;37628709#1;4935286#2;4970256#5;498033359#0;498033359#1;876343449#0,runs_J_k16_plain\none_seed0\g008_i000,runs_J_k16_plain\none_seed0\g008_i000\tripinfo.xml
8,1,16,649.0873333333333,-111681903#2;-205590836#0;-24337240#0;-24337240#1;-25970859#0;-502325084#1;-74277990;-782714971#4;-783907721#2;111677668#0;111677669#0;24337240#3;311298665;311298682#0;4935286#2;58621262#1,runs_J_k16_plain\none_seed0\g008_i001,runs_J_k16_plain\none_seed0\g008_i001\tripinfo.xml
8,2,16,513.5626666666667,-24337240#2;-24337240#3;-25970859#1;-311298662#1;-5197062#3;-783907721#2;-880137009#1;111681905#2;120682114#1;311298665;4970256#8;502325084#1;502325084#3;7924772;876057378#2;876057378#4,runs_J_k16_plain\none_seed0\g008_i002,runs_J_k16_plain\none_seed0\g008_i002\tripinfo.xml
8,3,16,1000000000000.0,-111677671#0;-24337240#1;-25970859#0;-311298665;-5197062#3;-5197062#4;-7365262;-783907721#2;-880137009#1;111677669#0;37628709#1;4935286#0;58621262#1;835443464;876057378#1;876057378#4,runs_J_k16_plain\none_seed0\g008_i003,runs_J_k16_plain\none_seed0\g008_i003\tripinfo.xml
8,4,16,677.9053333333334,-111677668#0;-111681903#1;-24337240#3;-25970859#1;-311298662#1;-498033359#1;-5197062#3;111677669#5;111681903#1;311298658;498033359#3;502325084#3;7924772;835443464;876057378#4;880137009#1,runs_J_k16_plain\none_seed0\g008_i004,runs_J_k16_plain\none_seed0\g008_i004\tripinfo.xml
8,5,16,509.09933333333333,-205590836#0;-24337240#4;-311298685;-502325084#1;111677669#0;4935286#2;498033359#3;502325084#1;535519490#1;747448014;782714966#1;783907721#2;7924772;876057378#2;876057378#5;880140407,runs_J_k16_plain\none_seed0\g008_i005,runs_J_k16_plain\none_seed0\g008_i005\tripinfo.xml
8,6,16,697.8873333333333,-5197062#3;-5197062#4;-876343449#2;-880137009#0;111677668#4;111677669#0;111677669#4;120682114#3;25970859#0;4935286#1;4935299#1;782714971#1;782714971#3;835445203;876057378#3;876057378#4,runs_J_k16_plain\none_seed0\g008_i006,runs_J_k16_plain\none_seed0\g008_i006\tripinfo.xml
8,7,14,1099.9373333333333,-111681903#3;-498033359#0;111677669#4;111677671#0;24337240#1;24337240#4;26216779#1;26216781#0;37628709#1;4935286#2;5197062#4;782710712;782714971#3;876343449#2,runs_J_k16_plain\none_seed0\g008_i007,runs_J_k16_plain\none_seed0\g008_i007\tripinfo.xml
8,8,16,644.456,-111681903#0;-498033359#3;-5197062#4;-7365262;-783907721#0;-880137009#0;24337240#2;24337240#5;26216779#1;311298662#1;311298665;311298685;498033359#0;502325084#1;876057378#0;876057378#1,runs_J_k16_plain\none_seed0\g008_i008,runs_J_k16_plain\none_seed0\g008_i008\tripinfo.xml
8,9,16,450.144,-111681903#1;-120682114#1;-24337240#3;-24337240#4;-498033359#0;-782714971#2;-783907721#1;-876343449#1;120682114#3;26216779#0;4935286#2;4935286#3;5197062#4;62826731;783907721#1;7924772,runs_J_k16_plain\none_seed0\g008_i009,runs_J_k16_plain\none_seed0\g008_i009\tripinfo.xml
8,10,16,609.0386666666667,-120682114#3;-205590836#0;-24337240#7;-311298658;-4950193;-7365262;-782714971#4;-835445203;111677669#4;111681903#3;24337240#3;311298658;311298662#1;783907721#1;876057376;876343449#2,runs_J_k16_plain\none_seed0\g008_i010,runs_J_k16_plain\none_seed0\g008_i010\tripinfo.xml
8,11,16,651.3226666666667,-111677668#3;-24337240#1;-311298658;-4950193;-498033359#3;-782714966#0;111677669#3;24337240#7;26216781#2;28468732#1;311298662#0;37628709#1;4970256#6;4970256#7;7924772;876343449#1,runs_J_k16_plain\none_seed0\g008_i011,runs_J_k16_plain\none_seed0\g008_i011\tripinfo.xml
8,12,16,416.54333333333335,-111681903#2;-111681903#3;-120682114#3;-205590836#0;-28468730#0;-5197062#3;111677668#3;111677669#5;111681903#2;26216779#1;311298662#1;4935286#0;4935286#3;876057376;876057378#1;876057378#2,runs_J_k16_plain\none_seed0\g008_i012,runs_J_k16_plain\none_seed0\g008_i012\tripinfo.xml
8,13,16,651.7426666666667,-111681903#1;-111681903#2;-120682114#3;-24337240#1;-24337240#2;-24337240#3;-311298662#0;-7365262;-74277990;24337240#1;26216779#1;498033359#0;502325084#3;5197062#4;782710712;876343449#0,runs_J_k16_plain\none_seed0\g008_i013,runs_J_k16_plain\none_seed0\g008_i013\tripinfo.xml
8,14,16,1000000000000.0,-24337240#1;-25970859#0;-311298662#0;-498033359#1;-876343449#2;111677669#4;111677671#0;111681905#2;24337240#1;26216779#1;311298685;4970256#6;498033359#0;498033359#1;783907721#2;876343449#0,runs_J_k16_plain\none_seed0\g008_i014,runs_J_k16_plain\none_seed0\g008_i014\tripinfo.xml
8,15,16,675.008,-120682114#1;-205590836#0;-7365262;-782714971#3;-783907721#0;-876343449#1;111677668#3;120682114#3;24337240#1;24337240#5;26216779#1;311298662#1;4935286#2;4935286#3;62826731;876343449#0,runs_J_k16_plain\none_seed0\g008_i015,runs_J_k16_plain\none_seed0\g008_i015\tripinfo.xml
8,16,16,466.634,-111681903#0;-24337240#1;-311298658;-783907721#1;-835445203;-876343449#2;111681903#3;111681905#1;24337240#3;26216779#1;28468732#0;311298665;4970256#5;498033359#1;782714971#4;876057378#2,runs_J_k16_plain\none_seed0\g008_i016,runs_J_k16_plain\none_seed0\g008_i016\tripinfo.xml
8,17,16,637.9413333333333,-111681903#0;-24337240#4;-311298658;-311298662#1;-498033359#1;-783907721#0;-876343449#2;111677669#0;111681903#1;111681903#2;111681903#3;24337240#2;26216779#0;4970256#5;4970256#7;782714971#2,runs_J_k16_plain\none_seed0\g008_i017,runs_J_k16_plain\none_seed0\g008_i017\tripinfo.xml
8,18,16,1395.0026666666668,-24337240#7;-25970859#0;-311298658;-311298662#0;-7365262;-782714971#2;-783907721#0;-876343449#1;111681905#2;120682114#2;205590836#2;24337240#1;26216781#0;4935299#1;5197062#4;876057378#1,runs_J_k16_plain\none_seed0\g008_i018,runs_J_k16_plain\none_seed0\g008_i018\tripinfo.xml
8,19,16,1000000000000.0,-111677668#0;-782714971#0;-782714971#1;-876343449#2;111677669#4;120682114#1;28468730#1;4935286#2;4970256#5;498033359#1;502325084#1;58621262#0;782714966#0;783907721#2;876057378#0;880137009#0,runs_J_k16_plain\none_seed0\g008_i019,runs_J_k16_plain\none_seed0\g008_i019\tripinfo.xml
8,20,16,602.214,-24337240#2;-311298685;-502325084#1;-7365262;-74277990;111677668#4;111681905#2;120682114#3;26216781#1;37628709#1;498033359#0;498033359#1;62826731;876057378#2;876057378#4;876343449#0,runs_J_k16_plain\none_seed0\g008_i020,runs_J_k16_plain\none_seed0\g008_i020\tripinfo.xml
8,21,16,683.73,-24337240#1;-24337240#3;-25970859#1;-311298662#1;-502325084#3;-7365262;-783907721#0;-880137009#0;111681903#3;311298662#1;502325084#3;58621262#0;782714966#0;783907721#1;7924772;876343449#0,runs_J_k16_plain\none_seed0\g008_i021,runs_J_k16_plain\none_seed0\g008_i021\tripinfo.xml
8,22,16,551.4233333333333,-111681903#3;-120682114#1;-311298658;-311298662#0;-311298682#0;-7365262;-783907721#1;-876343449#2;-880137009#0;111677669#5;25970859#0;4970256#6;502325084#0;535519490#0;62826731;880137010,runs_J_k16_plain\none_seed0\g008_i022,runs_J_k16_plain\none_seed0\g008_i022\tripinfo.xml
8,23,16,386.444,-120682114#1;-205590836#0;-24337240#1;-311298658;-311298682#0;-498033359#3;-782714966#1;-782714971#3;-782714971#4;-876343449#0;-876343449#1;24337240#7;4935286#2;58621262#0;62826731;7924772,runs_J_k16_plain\none_seed0\g008_i023,runs_J_k16_plain\none_seed0\g008_i023\tripinfo.xml
9,0,16,351.5353333333333,-311298658;-311298662#0;-7365262;-783907721#0;-876343449#2;111681903#3;111681905#2;24337240#1;24337240#2;26216779#1;37628709#1;4935286#2;4970256#5;498033359#0;498033359#1;876343449#0,runs_J_k16_plain\none_seed0\g009_i000,runs_J_k16_plain\none_seed0\g009_i000\tripinfo.xml
9,1,13,630.258,-120682114#3;-24337240#0;-498033359#2;-876343449#2;111677668#3;131942152;24337240#1;24337240#2;26216779#1;37628709#1;4935286#1;535519490#1;58621262#1,runs_J_k16_plain\none_seed0\g009_i001,runs_J_k16_plain\none_seed0\g009_i001\tripinfo.xml
9,2,11,782.85,-24337240#4;-25970859#0;-25970859#1;-311298662#0;-782714971#1;-880140407;120682114#1;4935286#3;58621262#0;876057378#5;880137009#0,runs_J_k16_plain\none_seed0\g009_i002,runs_J_k16_plain\none_seed0\g009_i002\tripinfo.xml
9,3,16,514.856,-111681903#2;-120682114#3;-25970859#0;-535519490#1;-74277990;111677668#3;111681903#2;24337240#1;28468732#1;311298662#1;4935286#2;498033359#3;876057378#2;876057378#4;876343449#0;876343449#2,runs_J_k16_plain\none_seed0\g009_i003,runs_J_k16_plain\none_seed0\g009_i003\tripinfo.xml
9,4,16,802.1806666666666,-120682114#3;-311298662#0;-498033359#0;-783907721#0;-876343449#2;24337240#2;24337240#7;26216779#1;37628709#1;4935286#1;498033359#0;498033359#1;783907721#1;876057376;876057378#1;880137009#0,runs_J_k16_plain\none_seed0\g009_i004,runs_J_k16_plain\none_seed0\g009_i004\tripinfo.xml
9,5,16,614.7313333333333,-111681903#1;-24337240#2;-24337240#3;-24337240#4;-502325084#0;-876343449#1;111681905#2;120682114#3;24337240#4;26216779#0;502325084#3;58621262#1;783907721#1;7924772;876057378#4;880137009#1,runs_J_k16_plain\none_seed0\g009_i005,runs_J_k16_plain\none_seed0\g009_i005\tripinfo.xml
9,6,16,580.698,-111681903#3;-120682114#1;-24337240#4;-25970859#0;-25970859#1;-311298658;-311298662#0;-498033359#0;-7365262;-782714971#2;-783907721#1;-876343449#1;120682114#1;4970256#5;502325084#1;62826731,runs_J_k16_plain\none_seed0\g009_i006,runs_J_k16_plain\none_seed0\g009_i006\tripinfo.xml
9,7,16,368.8466666666667,-7365262;-782714971#2;-783907721#1;-876343449#2;-880137009#1;111677669#2;111681905#2;24337240#2;37628709#1;4935286#2;498033359#0;498033359#1;535519490#1;782710712;782714971#1;876343449#0,runs_J_k16_plain\none_seed0\g009_i007,runs_J_k16_plain\none_seed0\g009_i007\tripinfo.xml
9,8,16,372.31933333333336,-111677668#3;-111677668#4;-311298662#0;-782714971#4;-876343449#2;111677668#4;111677669#0;111681903#2;26216781#0;37628709#1;4935286#2;4935286#3;4970256#5;4970256#7;876343449#0;876343449#1,runs_J_k16_plain\none_seed0\g009_i008,runs_J_k16_plain\none_seed0\g009_i008\tripinfo.xml
9,9,16,1000000000000.0,-111677668#0;-111681903#0;-205590836#0;-24337240#1;-311298665;-876343449#0;-880137009#0;-880137009#1;111677668#0;111677668#3;28468732#0;37628709#1;498033359#2;502325084#1;782714971#2;876057378#2,runs_J_k16_plain\none_seed0\g009_i009,runs_J_k16_plain\none_seed0\g009_i009\tripinfo.xml
9,10,16,687.36,-111681903#3;-120682114#3;-28298231;-311298658;-5197062#3;-74277990;-783907721#1;-880137009#1;26216779#1;26216781#2;311298662#1;4935286#0;535519490#1;782710712;782714971#4;876057376,runs_J_k16_plain\none_seed0\g009_i010,runs_J_k16_plain\none_seed0\g009_i010\tripinfo.xml
9,11,16,530.8853333333333,-111681903#3;-120682114#1;-205590836#0;-24337240#4;-28468730#0;-311298658;-311298662#0;-311298685;-498033359#1;-74277990;111677668#3;111677669#0;24337240#2;37628709#1;4935286#3;4970256#5,runs_J_k16_plain\none_seed0\g009_i011,runs_J_k16_plain\none_seed0\g009_i011\tripinfo.xml
9,12,13,628.2706666666667,-111681903#2;-205590836#0;-311298682#0;-782714971#4;111677669#3;111681903#1;111681903#2;24337240#7;4970256#7;62826731;782714971#0;783907721#1;876057378#1,runs_J_k16_plain\none_seed0\g009_i012,runs_J_k16_plain\none_seed0\g009_i012\tripinfo.xml
9,13,16,595.6933333333334,-28298231;-311298682#0;-74277990;-880137009#0;111677669#5;26216781#1;311298665;311298682#0;4970256#5;4970256#6;502325084#0;502325084#3;535519490#0;62826731;782710712;876343449#1,runs_J_k16_plain\none_seed0\g009_i013,runs_J_k16_plain\none_seed0\g009_i013\tripinfo.xml
9,14,16,598.4753333333333,-111681903#2;-120682114#3;-205590836#0;-311298682#0;111677668#4;111677669#5;111681903#2;120682114#1;131942152;24337240#7;26216779#1;311298662#1;4935286#0;4935286#1;876057376;876057378#1,runs_J_k16_plain\none_seed0\g009_i014,runs_J_k16_plain\none_seed0\g009_i014\tripinfo.xml
9,15,16,573.3873333333333,-24337240#2;-311298682#0;-498033359#3;-7365262;-74277990;-782714966#1;-782714971#3;-876343449#0;-876343449#1;-880137009#0;111677669#5;24337240#7;4935286#2;835445203;876343449#1;880137010,runs_J_k16_plain\none_seed0\g009_i015,runs_J_k16_plain\none_seed0\g009_i015\tripinfo.xml
9,16,16,468.692,-111677671#0;-120682114#1;-205590836#0;-24337240#7;-28298231;-311298658;-311298662#0;-5197062#3;-782714971#4;-876343449#0;-880137009#0;120682114#2;311298662#1;498033359#2;535519490#0;62826731,runs_J_k16_plain\none_seed0\g009_i016,runs_J_k16_plain\none_seed0\g009_i016\tripinfo.xml
9,17,16,781.7513333333334,-111677671#0;-498033359#3;-5197062#3;-7365262;111677668#0;24337240#2;24337240#5;26216779#1;311298662#1;311298665;62826731;782714966#1;7924772;835443464;876057376;876057378#0,runs_J_k16_plain\none_seed0\g009_i017,runs_J_k16_plain\none_seed0\g009_i017\tripinfo.xml
9,18,16,630.0566666666666,-111681903#3;-24337240#6;-7365262;-783907721#2;111681903#2;25970859#1;28468730#0;28468730#1;37628709#1;4935286#0;498033359#0;502325084#1;5197062#3;58621262#1;876057378#1;876057378#4,runs_J_k16_plain\none_seed0\g009_i018,runs_J_k16_plain\none_seed0\g009_i018\tripinfo.xml
9,19,16,648.006,-120682114#1;-24337240#1;-28468730#0;-311298682#0;-498033359#0;-876343449#0;-876343449#1;111677668#4;24337240#7;4935286#0;4935299#1;783907721#1;7924772;835443464;876057376;880137009#1,runs_J_k16_plain\none_seed0\g009_i019,runs_J_k16_plain\none_seed0\g009_i019\tripinfo.xml
9,20,16,539.4826666666667,-205590836#0;-24337240#3;-311298658;111677669#4;120682114#3;26216781#0;26216781#2;28468730#0;28468732#1;311298665;37628709#1;4935286#2;4935286#3;5197062#3;58621262#0;7924772,runs_J_k16_plain\none_seed0\g009_i020,runs_J_k16_plain\none_seed0\g009_i020\tripinfo.xml
9,21,16,801.7986666666667,-5197062#4;-782714971#0;-783907721#2;-876343449#1;111681903#2;120682114#3;25970859#0;25970859#1;26216779#1;28468730#0;311298662#1;4935286#3;4970256#8;782714971#2;782714971#3;876057378#3,runs_J_k16_plain\none_seed0\g009_i021,runs_J_k16_plain\none_seed0\g009_i021\tripinfo.xml
9,22,16,769.3546666666666,-120682114#3;-24337240#4;-28468730#0;-311298658;-498033359#1;-880137009#0;-880137009#1;111677669#2;24337240#1;311298685;498033359#2;782714971#3;835445203;876057376;876057378#0;876057378#4,runs_J_k16_plain\none_seed0\g009_i022,runs_J_k16_plain\none_seed0\g009_i022\tripinfo.xml
9,23,16,783.3646666666667,-111681903#1;-120682114#1;-28468730#0;-782714971#1;-782714971#3;-783907721#1;-876343449#1;120682114#3;24337240#7;26216779#0;28468732#1;502325084#3;5197062#4;782710712;783907721#1;835445203,runs_J_k16_plain\none_seed0\g009_i023,runs_J_k16_plain\none_seed0\g009_i023\tripinfo.xml
10,0,16,351.5353333333333,-311298658;-311298662#0;-7365262;-783907721#0;-876343449#2;111681903#3;111681905#2;24337240#1;24337240#2;26216779#1;37628709#1;4935286#2;4970256#5;498033359#0;498033359#1;876343449#0,runs_J_k16_plain\none_seed0\g010_i000,runs_J_k16_plain\none_seed0\g010_i000\tripinfo.xml
10,1,12,651.8273333333333,-205590836#0;-24337240#3;-498033359#1;-880140407;111677671#0;111681903#3;111681905#1;111681905#2;37628709#0;498033359#1;535519490#1;876343449#0,runs_J_k16_plain\none_seed0\g010_i001,runs_J_k16_plain\none_seed0\g010_i001\tripinfo.xml
10,2,16,629.2053333333333,-311298658;-311298662#1;-7365262;-782714971#2;-783907721#1;-876343449#2;24337240#2;26216779#1;26216781#3;311298662#1;37628709#1;4935299#1;502325084#0;782710712;782714966#0;782714971#1,runs_J_k16_plain\none_seed0\g010_i002,runs_J_k16_plain\none_seed0\g010_i002\tripinfo.xml
10,3,16,604.8593333333333,-111677671#0;-311298658;-311298662#0;-498033359#0;-5197062#4;-74277990;-782714971#3;-783907721#0;111681905#1;26216781#3;311298662#0;4935286#1;498033359#0;535519490#1;782714966#1;876343449#0,runs_J_k16_plain\none_seed0\g010_i003,runs_J_k16_plain\none_seed0\g010_i003\tripinfo.xml
10,4,16,591.9233333333333,-111681903#3;-24337240#4;-25970859#0;-28468730#0;-311298662#0;-782714966#1;111677668#0;111677669#0;111681905#2;24337240#1;25970859#1;311298662#1;311298682#0;37628709#0;747448014;876343449#0,runs_J_k16_plain\none_seed0\g010_i004,runs_J_k16_plain\none_seed0\g010_i004\tripinfo.xml
10,5,16,642.6673333333333,-111677668#0;-24337240#7;-311298658;-311298662#0;-782714966#0;-783907721#0;-876343449#2;-880137009#0;111681903#0;24337240#1;24337240#2;26216779#1;26216781#2;311298662#1;5197062#3;876057378#5,runs_J_k16_plain\none_seed0\g010_i005,runs_J_k16_plain\none_seed0\g010_i005\tripinfo.xml
10,6,16,2186.7466666666664,-120682114#1;-311298658;-5197062#3;-5197062#4;-782714966#1;-876343449#0;111681903#3;111681905#2;120682114#2;24337240#3;4935286#2;498033359#0;835443464;876057378#1;876057378#2;876343449#0,runs_J_k16_plain\none_seed0\g010_i006,runs_J_k16_plain\none_seed0\g010_i006\tripinfo.xml
10,7,16,701.1813333333333,-111681903#1;-24337240#0;-25970859#1;-28468730#0;-311298658;111677669#0;111677669#3;111681903#3;24337240#2;24337240#5;26216781#0;37628709#1;4970256#5;498033359#0;58621262#0;876057378#0,runs_J_k16_plain\none_seed0\g010_i007,runs_J_k16_plain\none_seed0\g010_i007\tripinfo.xml
10,8,16,1000000000000.0,-205590836#0;-25970859#0;-311298658;-311298662#0;-502325084#1;-7365262;111677668#3;111681903#2;24337240#2;24337240#4;4970256#7;498033359#1;498033359#3;783907721#2;876057378#0;876343449#2,runs_J_k16_plain\none_seed0\g010_i008,runs_J_k16_plain\none_seed0\g010_i008\tripinfo.xml
10,9,16,450.0593333333333,-24337240#1;-25970859#1;-4950193;-876343449#2;-880137009#1;111677669#2;111681905#2;24337240#2;311298662#0;4935286#0;4935286#2;498033359#1;535519490#1;782714971#1;783907721#1;876057378#1,runs_J_k16_plain\none_seed0\g010_i009,runs_J_k16_plain\none_seed0\g010_i009\tripinfo.xml
10,10,16,1000000000000.0,-111681903#1;-7365262;-782714971#1;-783907721#1;-835445203;-876343449#2;-880137009#1;111681905#2;24337240#2;26216779#0;498033359#0;5197062#3;782714971#1;782714971#3;876343449#0;880137009#0,runs_J_k16_plain\none_seed0\g010_i010,runs_J_k16_plain\none_seed0\g010_i010\tripinfo.xml
10,11,16,787.1546666666667,-311298662#0;-783907721#1;-835445203;-876343449#2;-880137009#0;111677669#5;111681905#2;120682114#3;205590836#2;311298662#0;37628709#1;4935286#1;4970256#6;498033359#0;535519490#0;535519490#1,runs_J_k16_plain\none_seed0\g010_i011,runs_J_k16_plain\none_seed0\g010_i011\tripinfo.xml
10,12,16,600.5386666666667,-111677671#0;-24337240#7;-25970859#1;-5197062#3;-7365262;-74277990;-782714971#4;111677669#0;111677669#3;120682114#1;120682114#2;37628709#1;498033359#2;502325084#0;782710712;782714971#1,runs_J_k16_plain\none_seed0\g010_i012,runs_J_k16_plain\none_seed0\g010_i012\tripinfo.xml
10,13,16,644.456,-120682114#1;-24337240#3;-28298231;-782714971#0;-782714971#3;111677668#3;24337240#0;24337240#4;26216779#1;28468730#0;311298658;4935286#2;5197062#3;783907721#2;880137009#0;880137010,runs_J_k16_plain\none_seed0\g010_i013,runs_J_k16_plain\none_seed0\g010_i013\tripinfo.xml
10,14,16,417.972,-311298658;-311298685;-5197062#4;-7365262;-783907721#1;-835445203;-876343449#0;111677669#4;111677669#5;26216781#2;28468730#1;28468732#1;4935286#2;4935286#3;835445203;876057378#0,runs_J_k16_plain\none_seed0\g010_i014,runs_J_k16_plain\none_seed0\g010_i014\tripinfo.xml
10,15,13,558.8793333333333,-111677668#4;-120682114#1;-502325084#0;-782714971#4;-880137009#0;-880137009#1;111677669#1;111681905#2;131942152;26216781#0;37628709#1;783907721#0;876343449#0,runs_J_k16_plain\none_seed0\g010_i015,runs_J_k16_plain\none_seed0\g010_i015\tripinfo.xml
10,16,16,458.06333333333333,-111677668#3;-782714971#2;-783907721#1;111681903#2;25970859#0;26216779#1;37628709#1;4935286#0;498033359#0;498033359#1;502325084#1;5197062#3;535519490#0;835443464;876057378#0;876343449#0,runs_J_k16_plain\none_seed0\g010_i016,runs_J_k16_plain\none_seed0\g010_i016\tripinfo.xml
10,17,6,717.5506666666666,-120682114#2;-24337240#6;-4950193;28468732#0;502325084#0;782714971#4,runs_J_k16_plain\none_seed0\g010_i017,runs_J_k16_plain\none_seed0\g010_i017\tripinfo.xml
10,18,16,757.7413333333334,-111681903#2;-25970859#0;-25970859#1;-535519490#1;-74277990;-835443464;111677669#5;111681903#2;26216781#2;311298662#0;311298662#1;4935286#2;4970256#7;4970256#8;498033359#3;876343449#2,runs_J_k16_plain\none_seed0\g010_i018,runs_J_k16_plain\none_seed0\g010_i018\tripinfo.xml
10,19,16,656.7806666666667,-24337240#1;-7365262;-782714971#2;-783907721#1;111677671#0;26216781#2;28468730#1;311298658;4935286#2;4970256#5;5197062#4;782710712;782714971#1;782714971#4;835445203;876343449#0,runs_J_k16_plain\none_seed0\g010_i019,runs_J_k16_plain\none_seed0\g010_i019\tripinfo.xml
10,20,16,618.54,-120682114#2;-498033359#0;-782714966#0;-782714971#2;111677669#3;111681903#2;24337240#1;26216779#1;26216781#1;26216781#2;37628709#1;4935286#1;4935286#3;4935299#1;502325084#0;876343449#0,runs_J_k16_plain\none_seed0\g010_i020,runs_J_k16_plain\none_seed0\g010_i020\tripinfo.xml
10,21,16,1000000000000.0,-24337240#3;-311298662#0;-782714966#0;-880137009#1;111677668#4;28468730#0;311298685;37628709#1;4935286#2;4935286#3;4970256#7;782714971#3;835445203;876057378#1;876057378#5;876343449#1,runs_J_k16_plain\none_seed0\g010_i021,runs_J_k16_plain\none_seed0\g010_i021\tripinfo.xml
10,22,16,488.6206666666667,-111677668#4;-498033359#3;-502325084#1;-74277990;-782714966#1;-782714971#4;-783907721#0;-876343449#1;111677669#0;205590836#2;24337240#5;4935286#2;4970256#5;4970256#7;498033359#3;876343449#0,runs_J_k16_plain\none_seed0\g010_i022,runs_J_k16_plain\none_seed0\g010_i022\tripinfo.xml
10,23,8,635.8913333333334,-311298662#0;-4950193;111681903#3;120682114#3;24337240#2;24337240#4;498033359#1;782714966#1,runs_J_k16_plain\none_seed0\g010_i023,runs_J_k16_plain\none_seed0\g010_i023\tripinfo.xml
11,0,16,351.5353333333333,-311298658;-311298662#0;-7365262;-783907721#0;-876343449#2;111681903#3;111681905#2;24337240#1;24337240#2;26216779#1;37628709#1;4935286#2;4970256#5;498033359#0;498033359#1;876343449#0,runs_J_k16_plain\none_seed0\g011_i000,runs_J_k16_plain\none_seed0\g011_i000\tripinfo.xml
11,1,16,768.1933333333334,-24337240#7;-74277990;-782714971#2;-783907721#1;111677669#2;111677669#4;24337240#4;4935286#2;4935299#1;498033359#0;5197062#3;782714971#1;835443464;835445203;876057378#0;876343449#0,runs_J_k16_plain\none_seed0\g011_i001,runs_J_k16_plain\none_seed0\g011_i001\tripinfo.xml
11,2,16,564.14,-111677668#3;-111681903#0;-4950193;-783907721#1;-835445203;111677669#2;111681903#2;111681903#3;24337240#5;25970859#0;28468732#1;4935286#3;782714971#1;876057378#0;876343449#0;880137010,runs_J_k16_plain\none_seed0\g011_i002,runs_J_k16_plain\none_seed0\g011_i002\tripinfo.xml
11,3,16,742.8586666666666,-24337240#1;-311298658;-498033359#2;-5197062#4;-7365262;-835445203;-880137009#1;111677668#3;111677669#5;120682114#2;131942152;26216781#2;4935286#2;783907721#1;876057378#0;876057378#4,runs_J_k16_plain\none_seed0\g011_i003,runs_J_k16_plain\none_seed0\g011_i003\tripinfo.xml
11,4,16,387.20666666666665,-111677668#0;-311298658;-311298685;-5197062#4;-7365262;-876343449#2;111677668#3;111681905#2;28468732#1;4935286#2;4970256#8;498033359#0;58621262#1;835443464;835445203;876343449#0,runs_J_k16_plain\none_seed0\g011_i004,runs_J_k16_plain\none_seed0\g011_i004\tripinfo.xml
11,5,16,1000000000000.0,-24337240#1;-311298665;-4950193;-498033359#1;-498033359#2;-498033359#3;-7365262;-782714971#4;-876343449#0;111677669#4;111677669#5;24337240#4;26216781#2;26216781#3;28468730#1;498033359#1,runs_J_k16_plain\none_seed0\g011_i005,runs_J_k16_plain\none_seed0\g011_i005\tripinfo.xml
11,6,16,460.18333333333334,-311298658;-4950193;-5197062#4;-7365262;-782714971#0;-783907721#1;111677669#4;25970859#0;25970859#1;498033359#1;5197062#3;535519490#1;782714966#1;782714971#2;783907721#1;876057378#2,runs_J_k16_plain\none_seed0\g011_i006,runs_J_k16_plain\none_seed0\g011_i006\tripinfo.xml
11,7,16,1000000000000.0,-120682114#2;-120682114#3;-311298662#0;-498033359#0;-5197062#4;111681903#2;25970859#0;37628709#1;4935286#3;502325084#0;782714966#0;782714971#4;7924772;876343449#0;876343449#1;880137010,runs_J_k16_plain\none_seed0\g011_i007,runs_J_k16_plain\none_seed0\g011_i007\tripinfo.xml
11,8,16,360.152,-24337240#1;-25970859#0;-25970859#1;-311298658;-311298662#0;-782714971#3;-782714971#4;-835443464;-876343449#2;111681905#2;24337240#1;4935286#2;498033359#0;498033359#1;5197062#3;880137010,runs_J_k16_plain\none_seed0\g011_i008,runs_J_k16_plain\none_seed0\g011_i008\tripinfo.xml
11,9,16,652.522,-111677668#3;-111677671#0;-205590836#0;-311298658;-311298662#0;-498033359#0;-783907721#0;111677668#4;24337240#1;24337240#2;24337240#3;26216779#1;4935286#1;4970256#6;498033359#0;5197062#3,runs_J_k16_plain\none_seed0\g011_i009,runs_J_k16_plain\none_seed0\g011_i009\tripinfo.xml
11,10,15,648.6953333333333,-111677668#3;-111677668#4;-311298658;-311298662#0;-498033359#2;-502325084#0;-502325084#3;-74277990;-783907721#0;111681903#3;311298662#0;37628709#1;4970256#5;498033359#0;782714966#0,runs_J_k16_plain\none_seed0\g011_i010,runs_J_k16_plain\none_seed0\g011_i010\tripinfo.xml
11,11,16,713.7753333333334,-111677671#0;-111681903#2;-311298658;-311298662#0;-502325084#0;-502325084#1;-5197062#4;-876343449#2;-880140407;111677668#3;28468732#0;28468732#1;311298662#0;535519490#1;835445203;876057378#0,runs_J_k16_plain\none_seed0\g011_i011,runs_J_k16_plain\none_seed0\g011_i011\tripinfo.xml
11,12,16,733.4433333333334,-111677671#0;-311298658;-311298685;-498033359#0;-5197062#4;-7365262;-74277990;-880140407;111677669#4;111681905#1;24337240#0;26216779#0;4935286#1;4935286#2;502325084#1;535519490#1,runs_J_k16_plain\none_seed0\g011_i012,runs_J_k16_plain\none_seed0\g011_i012\tripinfo.xml
11,13,16,627.7466666666667,-311298658;-498033359#2;-74277990;-782714966#0;-782714971#4;-876343449#1;-876343449#2;111677669#5;28468730#1;4935286#1;4935286#2;498033359#2;498033359#3;58621262#1;835445203;876057378#0,runs_J_k16_plain\none_seed0\g011_i013,runs_J_k16_plain\none_seed0\g011_i013\tripinfo.xml
11,14,5,794.8606666666667,-111677668#4;-880140407;24337240#5;26216779#1;782714971#3,runs_J_k16_plain\none_seed0\g011_i014,runs_J_k16_plain\none_seed0\g011_i014\tripinfo.xml
11,15,16,504.0006666666667,-111677668#3;-111677671#0;-28468730#0;-498033359#1;-783907721#2;111677669#1;205590836#2;26216781#0;311298662#0;311298662#1;311298682#0;37628709#0;4935286#3;4970256#8;747448014;835443464,runs_J_k16_plain\none_seed0\g011_i015,runs_J_k16_plain\none_seed0\g011_i015\tripinfo.xml
11,16,16,1000000000000.0,-111681903#1;-311298665;-498033359#0;-502325084#0;-5197062#4;-535519490#1;111677669#0;24337240#1;26216781#1;311298685;37628709#1;4935286#2;58621262#1;782714971#1;782714971#3;876343449#0,runs_J_k16_plain\none_seed0\g011_i016,runs_J_k16_plain\none_seed0\g011_i016\tripinfo.xml
11,17,16,1567.9313333333334,-111681903#3;-24337240#6;-311298662#1;-502325084#0;-783907721#1;-835443464;111681903#2;111681903#3;4970256#7;498033359#1;502325084#1;535519490#0;876057378#0;876057378#5;876343449#0;880137009#0,runs_J_k16_plain\none_seed0\g011_i017,runs_J_k16_plain\none_seed0\g011_i017\tripinfo.xml
11,18,11,730.67,-111677668#4;-111677671#0;-498033359#1;-5197062#4;-782714971#2;-876343449#1;111681905#1;311298662#0;4935286#1;498033359#0;535519490#1,runs_J_k16_plain\none_seed0\g011_i018,runs_J_k16_plain\none_seed0\g011_i018\tripinfo.xml
11,19,16,362.56733333333335,-111681903#0;-535519490#0;-7365262;-782714966#1;-782714971#4;-783907721#0;-876343449#1;-876343449#2;-880137009#0;-880137009#1;111681903#3;111681905#2;311298662#0;4935286#2;62826731;876057378#1,runs_J_k16_plain\none_seed0\g011_i019,runs_J_k16_plain\none_seed0\g011_i019\tripinfo.xml
11,20,16,641.372,-311298658;-311298662#0;-311298662#1;-498033359#2;-782714971#4;111681903#1;131942152;26216781#0;26216781#3;28468732#1;37628709#0;37628709#1;498033359#1;502325084#1;7924772;876057378#2,runs_J_k16_plain\none_seed0\g011_i020,runs_J_k16_plain\none_seed0\g011_i020\tripinfo.xml
11,21,14,593.3333333333334,-111681903#3;-24337240#1;-25970859#0;-28468730#0;-311298682#0;-782714966#1;-876343449#2;24337240#1;311298682#0;37628709#0;535519490#1;782714971#2;782714971#3;876057378#4,runs_J_k16_plain\none_seed0\g011_i021,runs_J_k16_plain\none_seed0\g011_i021\tripinfo.xml
11,22,16,635.7726666666666,-111681903#0;-24337240#4;-25970859#1;-311298658;-311298662#0;-880137009#1;111677669#0;131942152;24337240#4;25970859#1;498033359#3;58621262#1;783907721#1;7924772;835445203;876057378#1,runs_J_k16_plain\none_seed0\g011_i022,runs_J_k16_plain\none_seed0\g011_i022\tripinfo.xml
11,23,16,776.0193333333333,-25970859#1;-28298231;-535519490#0;-880140407;111677669#1;111681905#1;111681905#2;24337240#5;26216779#1;26216781#0;26216781#2;498033359#1;498033359#3;58621262#0;876057378#0;876057378#3,runs_J_k16_plain\none_seed0\g011_i023,runs_J_k16_plain\none_seed0\g011_i023\tripinfo.xml
12,0,16,351.5353333333333,-311298658;-311298662#0;-7365262;-783907721#0;-876343449#2;111681903#3;111681905#2;24337240#1;24337240#2;26216779#1;37628709#1;4935286#2;4970256#5;498033359#0;498033359#1;876343449#0,runs_J_k16_plain\none_seed0\g012_i000,runs_J_k16_plain\none_seed0\g012_i000\tripinfo.xml
12,1,16,728.6313333333334,-120682114#2;-311298662#0;-311298685;-782714966#1;-782714971#0;-783907721#0;-876343449#2;111681905#2;24337240#2;26216779#1;311298682#0;4935299#1;4970256#5;4970256#8;782714971#2;876343449#0,runs_J_k16_plain\none_seed0\g012_i001,runs_J_k16_plain\none_seed0\g012_i001\tripinfo.xml
12,2,16,395.2513333333333,-205590836#0;-311298662#0;-498033359#1;-783907721#0;-835443464;-876343449#2;111681903#3;24337240#2;26216779#1;28468732#0;37628709#1;4935286#2;498033359#0;502325084#0;782714966#0;782714971#2,runs_J_k16_plain\none_seed0\g012_i002,runs_J_k16_plain\none_seed0\g012_i002\tripinfo.xml
12,3,16,625.8006666666666,-111677671#0;-111681903#2;-498033359#1;-502325084#0;205590836#2;26216781#0;28468730#1;28468732#0;28468732#1;311298682#0;4935286#0;4970256#8;498033359#1;535519490#1;782714971#3;880137009#1,runs_J_k16_plain\none_seed0\g012_i003,runs_J_k16_plain\none_seed0\g012_i003\tripinfo.xml
12,4,16,566.0286666666667,-111677668#3;-111681903#0;-24337240#1;-28468730#0;-311298662#0;-502325084#3;-5197062#4;-782714966#0;-876343449#1;111677668#4;24337240#5;26216781#0;311298662#0;311298662#1;835443464;876057378#0,runs_J_k16_plain\none_seed0\g012_i004,runs_J_k16_plain\none_seed0\g012_i004\tripinfo.xml
12,5,16,398.776,-311298658;-311298662#1;-782714971#0;-876343449#0;111677668#4;111681903#2;120682114#1;311298662#0;37628709#1;4935286#2;498033359#1;58621262#1;782714966#0;782714971#4;783907721#0;835443464,runs_J_k16_plain\none_seed0\g012_i005,runs_J_k16_plain\none_seed0\g012_i005\tripinfo.xml
12,6,7,1709.2726666666667,-111677668#0;111681903#1;205590836#2;24337240#7;28468732#1;782714971#1;782714971#3,runs_J_k16_plain\none_seed0\g012_i006,runs_J_k16_plain\none_seed0\g012_i006\tripinfo.xml
12,7,16,411.3453333333333,-111677668#0;-24337240#6;-502325084#0;-5197062#3;-5197062#4;-7365262;-783907721#1;111677668#3;111677671#0;26216781#3;311298665;4935286#2;498033359#0;58621262#1;782714971#1;835443464,runs_J_k16_plain\none_seed0\g012_i007,runs_J_k16_plain\none_seed0\g012_i007\tripinfo.xml
12,8,15,1633.606,-111681903#3;-24337240#6;-311298658;-311298685;-5197062#3;-5197062#4;-783907721#2;-876343449#2;111677669#4;37628709#1;498033359#0;502325084#3;58621262#1;835445203;876057376,runs_J_k16_plain\none_seed0\g012_i008,runs_J_k16_plain\none_seed0\g012_i008\tripinfo.xml
12,9,16,411.646,-111681903#0;-111681903#1;-205590836#0;-24337240#2;-25970859#1;-311298658;-311298662#0;111677669#0;111681905#2;24337240#1;37628709#1;4935286#2;782714971#3;835445203;876057378#1;876057378#3,runs_J_k16_plain\none_seed0\g012_i009,runs_J_k16_plain\none_seed0\g012_i009\tripinfo.xml
12,10,16,764.7846666666667,-311298658;-535519490#1;-876343449#2;111677669#0;131942152;24337240#2;25970859#1;26216779#1;311298662#0;498033359#0;58621262#1;62826731;782714966#0;7924772;835445203;876057378#4,runs_J_k16_plain\none_seed0\g012_i010,runs_J_k16_plain\none_seed0\g012_i010\tripinfo.xml
12,11,16,628.8166666666667,-111681903#0;-120682114#2;-120682114#3;-311298658;-311298662#0;-502325084#3;-783907721#2;-880137009#1;111677669#4;131942152;205590836#2;26216781#0;782714971#4;783907721#1;7924772;876057378#1,runs_J_k16_plain\none_seed0\g012_i011,runs_J_k16_plain\none_seed0\g012_i011\tripinfo.xml
12,12,15,393.442,-24337240#4;-25970859#1;-28468730#0;-7365262;111677668#3;111681905#2;120682114#1;205590836#2;25970859#1;311298662#0;4970256#8;498033359#2;535519490#1;835443464;876057378#4,runs_J_k16_plain\none_seed0\g012_i012,runs_J_k16_plain\none_seed0\g012_i012\tripinfo.xml
12,13,16,638.412,-205590836#0;-782714971#0;111677669#1;111681903#2;111681903#3;120682114#1;24337240#2;24337240#4;24337240#7;26216781#1;311298682#0;37628709#0;498033359#1;5197062#3;535519490#1;782714971#2,runs_J_k16_plain\none_seed0\g012_i013,runs_J_k16_plain\none_seed0\g012_i013\tripinfo.xml
12,14,16,1000000000000.0,-111681903#3;-311298662#0;-7365262;111677668#0;111677669#1;111681903#3;111681905#2;24337240#1;24337240#4;26216779#1;26216781#1;28468732#1;4935286#2;498033359#1;783907721#2;880137010,runs_J_k16_plain\none_seed0\g012_i014,runs_J_k16_plain\none_seed0\g012_i014\tripinfo.xml
12,15,16,627.8026666666667,-24337240#0;-24337240#6;-498033359#0;-7365262;-782714966#0;-782714971#4;-783907721#0;-876343449#2;111681905#2;37628709#1;4935286#0;4970256#8;498033359#0;498033359#1;876343449#1;876343449#2,runs_J_k16_plain\none_seed0\g012_i015,runs_J_k16_plain\none_seed0\g012_i015\tripinfo.xml
12,16,16,361.32,-111681903#0;-24337240#4;-311298685;-498033359#1;-782714966#0;-876343449#2;111681903#3;111681905#1;111681905#2;26216779#1;28468732#1;4935286#2;498033359#0;58621262#1;876057378#2;876057378#4,runs_J_k16_plain\none_seed0\g012_i016,runs_J_k16_plain\none_seed0\g012_i016\tripinfo.xml
12,17,8,629.3966666666666,-111681903#1;-205590836#0;-782714971#3;-782714971#4;498033359#3;58621262#0;747448014;876057378#3,runs_J_k16_plain\none_seed0\g012_i017,runs_J_k16_plain\none_seed0\g012_i017\tripinfo.xml
12,18,16,1000000000000.0,-111677668#4;-120682114#3;-5197062#4;-535519490#0;-782714966#1;-783907721#2;-835443464;-876343449#1;-876343449#2;111681905#2;131942152;24337240#1;5197062#3;58621262#1;876343449#1;880137010,runs_J_k16_plain\none_seed0\g012_i018,runs_J_k16_plain\none_seed0\g012_i018\tripinfo.xml
12,19,16,576.52,-120682114#3;-7365262;-835443464;-876343449#2;131942152;24337240#1;311298662#0;37628709#0;37628709#1;4935286#0;502325084#3;5197062#3;747448014;782714971#0;782714971#4;876343449#0,runs_J_k16_plain\none_seed0\g012_i019,runs_J_k16_plain\none_seed0\g012_i019\tripinfo.xml
12,20,8,748.4,-120682114#3;-311298658;-498033359#1;-880140407;26216781#0;311298665;311298682#0;783907721#1,runs_J_k16_plain\none_seed0\g012_i020,runs_J_k16_plain\none_seed0\g012_i020\tripinfo.xml
12,21,16,1000000000000.0,-111681903#0;-24337240#3;-535519490#0;-782714966#1;-782714971#1;-782714971#4;-880137009#0;111681903#2;111681905#2;131942152;28468730#1;311298662#0;62826731;876057378#1;876343449#0;880137010,runs_J_k16_plain\none_seed0\g012_i021,runs_J_k16_plain\none_seed0\g012_i021\tripinfo.xml
12,22,14,360.9653333333333,-111677668#0;-311298685;-782714966#1;-783907721#2;-876343449#2;-880137009#0;-880137009#1;111681903#0;111681903#3;111681905#2;28468730#0;4935286#2;62826731;880137010,runs_J_k16_plain\none_seed0\g012_i022,runs_J_k16_plain\none_seed0\g012_i022\tripinfo.xml
12,23,2,614.2046666666666,-4950193;782714971#1,runs_J_k16_plain\none_seed0\g012_i023,runs_J_k16_plain\none_seed0\g012_i023\tripinfo.xml
13,0,16,351.5353333333333,-311298658;-311298662#0;-7365262;-783907721#0;-876343449#2;111681903#3;111681905#2;24337240#1;24337240#2;26216779#1;37628709#1;4935286#2;4970256#5;498033359#0;498033359#1;876343449#0,runs_J_k16_plain\none_seed0\g013_i000,runs_J_k16_plain\none_seed0\g013_i000\tripinfo.xml
13,1,16,688.1006666666667,-111677668#0;-111677668#3;-120682114#1;-24337240#1;-4950193;-5197062#3;-5197062#4;111677669#3;111677669#5;24337240#2;4970256#7;498033359#0;502325084#0;782714971#1;835445203;876343449#0,runs_J_k16_plain\none_seed0\g013_i001,runs_J_k16_plain\none_seed0\g013_i001\tripinfo.xml
13,2,16,629.994,-111677671#0;-311298662#1;-498033359#1;-502325084#1;-880137009#1;111677668#4;120682114#1;205590836#2;28468732#0;311298662#0;37628709#1;58621262#1;783907721#0;835443464;876057378#2;876343449#1,runs_J_k16_plain\none_seed0\g013_i002,runs_J_k16_plain\none_seed0\g013_i002\tripinfo.xml
13,3,16,1000000000000.0,-111681903#1;-24337240#3;-311298662#0;-502325084#1;-502325084#3;-782714966#0;-783907721#2;-876343449#2;-880137009#1;111681903#1;120682114#3;26216779#0;26216781#0;4935286#2;835443464;880137010,runs_J_k16_plain\none_seed0\g013_i003,runs_J_k16_plain\none_seed0\g013_i003\tripinfo.xml
13,4,16,677.862,-111677668#0;-120682114#3;-311298685;-498033359#0;-502325084#3;-782714966#1;-880137009#0;111677669#2;111681903#3;24337240#5;26216779#1;311298662#0;58621262#0;58621262#1;782714966#0;782714971#2,runs_J_k16_plain\none_seed0\g013_i004,runs_J_k16_plain\none_seed0\g013_i004\tripinfo.xml
13,5,14,387.786,-205590836#0;-24337240#7;-311298658;-311298662#0;-4950193;-783907721#1;111677669#3;25970859#0;4935286#2;782714966#0;783907721#1;835445203;876057378#1;876343449#1,runs_J_k16_plain\none_seed0\g013_i005,runs_J_k16_plain\none_seed0\g013_i005\tripinfo.xml
13,6,16,402.572,-111681903#1;-24337240#2;-25970859#1;-311298662#0;-498033359#3;-876343449#0;111677668#4;111681905#2;120682114#1;26216779#0;28468732#0;37628709#1;4935286#2;782714966#0;782714971#2;876057378#3,runs_J_k16_plain\none_seed0\g013_i006,runs_J_k16_plain\none_seed0\g013_i006\tripinfo.xml
13,7,16,622.5486666666667,-111677668#0;-24337240#6;-502325084#0;-5197062#4;-783907721#1;-783907721#2;111677668#3;111677671#0;24337240#3;25970859#0;311298658;311298665;4935299#1;502325084#3;747448014;782714971#1,runs_J_k16_plain\none_seed0\g013_i007,runs_J_k16_plain\none_seed0\g013_i007\tripinfo.xml
13,8,16,878.7793333333333,-111677668#0;-24337240#3;-24337240#4;-311298662#0;-311298685;-5197062#3;-5197062#4;-7365262;-74277990;111677668#3;26216781#3;5197062#3;535519490#0;58621262#1;876057378#5;876343449#1,runs_J_k16_plain\none_seed0\g013_i008,runs_J_k16_plain\none_seed0\g013_i008\tripinfo.xml
13,9,16,764.928,-111677668#0;-111681903#0;-24337240#4;-498033359#1;111677669#1;28468730#0;28468730#1;28468732#1;311298665;311298682#0;4935286#2;4970256#6;498033359#0;58621262#1;782714966#1;876057378#4,runs_J_k16_plain\none_seed0\g013_i009,runs_J_k16_plain\none_seed0\g013_i009\tripinfo.xml
13,10,16,535.0486666666667,-24337240#1;-24337240#6;-502325084#0;-5197062#4;-782714971#2;111677668#3;111677668#4;111677669#2;111681903#1;24337240#7;26216781#3;4935286#2;498033359#0;782714971#1;783907721#2;835443464,runs_J_k16_plain\none_seed0\g013_i010,runs_J_k16_plain\none_seed0\g013_i010\tripinfo.xml
13,11,16,572.6133333333333,-111681903#1;-28468730#0;-311298658;-311298685;111677668#3;111677669#4;111681903#3;111681905#1;24337240#1;24337240#4;25970859#1;311298662#0;498033359#3;535519490#1;782714971#3;880137009#1,runs_J_k16_plain\none_seed0\g013_i011,runs_J_k16_plain\none_seed0\g013_i011\tripinfo.xml
13,12,16,433.86,-24337240#1;-24337240#4;-25970859#1;-311298682#0;-782714971#3;111677669#3;111681905#2;24337240#2;25970859#1;26216781#0;311298682#0;4935286#2;4970256#8;535519490#0;876057378#4;876343449#0,runs_J_k16_plain\none_seed0\g013_i012,runs_J_k16_plain\none_seed0\g013_i012\tripinfo.xml
13,13,16,675.384,-24337240#4;-25970859#1;-311298658;-7365262;-783907721#0;111677669#1;111681903#3;111681905#2;120682114#3;28468730#0;311298662#1;535519490#1;62826731;835443464;876057378#4;876343449#2,runs_J_k16_plain\none_seed0\g013_i013,runs_J_k16_plain\none_seed0\g013_i013\tripinfo.xml
13,14,16,563.95,-24337240#0;-880140407;111681905#1;111681905#2;120682114#3;205590836#2;24337240#1;24337240#2;25970859#1;26216779#1;4935286#2;498033359#0;498033359#1;498033359#2;5197062#3;876057378#1,runs_J_k16_plain\none_seed0\g013_i014,runs_J_k16_plain\none_seed0\g013_i014\tripinfo.xml
13,15,16,1000000000000.0,-24337240#7;-311298665;-7365262;-783907721#0;-876343449#2;111677669#5;205590836#2;25970859#1;26216779#1;4970256#5;498033359#1;535519490#0;782710712;835443464;876057378#4;880140407,runs_J_k16_plain\none_seed0\g013_i015,runs_J_k16_plain\none_seed0\g013_i015\tripinfo.xml
13,16,16,611.32,-311298685;-783907721#0;111681903#3;111681905#2;24337240#2;25970859#1;28468730#0;37628709#1;4935286#2;4935286#3;498033359#0;502325084#1;782714971#3;835443464;876343449#0;880140407,runs_J_k16_plain\none_seed0\g013_i016,runs_J_k16_plain\none_seed0\g013_i016\tripinfo.xml
13,17,16,744.5666666666667,-111677671#0;-205590836#0;-28468730#0;-311298685;-498033359#1;-782714966#0;-876343449#2;111681903#3;111681905#2;120682114#1;131942152;26216779#1;782714971#3;7924772;835443464;876057378#1,runs_J_k16_plain\none_seed0\g013_i017,runs_J_k16_plain\none_seed0\g013_i017\tripinfo.xml
13,18,16,634.742,-111681903#0;-25970859#1;-28468730#0;-311298662#0;-502325084#3;-535519490#0;111677668#3;111681905#2;25970859#1;26216779#1;311298662#0;4935286#3;498033359#2;502325084#0;58621262#0;880137010,runs_J_k16_plain\none_seed0\g013_i018,runs_J_k16_plain\none_seed0\g013_i018\tripinfo.xml
13,19,16,804.6253333333333,-24337240#1;-24337240#4;-25970859#0;-25970859#1;-876343449#1;111677669#3;120682114#1;24337240#4;311298662#0;4970256#7;498033359#0;498033359#2;5197062#4;535519490#1;58621262#1;62826731,runs_J_k16_plain\none_seed0\g013_i019,runs_J_k16_plain\none_seed0\g013_i019\tripinfo.xml
13,20,16,1000000000000.0,-25970859#0;-28298231;-7365262;-782714971#0;-782714971#3;-876343449#1;111677669#5;205590836#2;24337240#7;26216781#0;37628709#1;4970256#8;502325084#0;782710712;876057378#4;876057378#5,runs_J_k16_plain\none_seed0\g013_i020,runs_J_k16_plain\none_seed0\g013_i020\tripinfo.xml
13,21,16,700.0686666666667,-120682114#3;-24337240#3;-24337240#4;-25970859#1;-535519490#1;-782714966#1;-783907721#2;111677668#3;111677669#3;111677671#0;25970859#1;26216781#2;311298662#0;4935286#2;498033359#1;62826731,runs_J_k16_plain\none_seed0\g013_i021,runs_J_k16_plain\none_seed0\g013_i021\tripinfo.xml
13,22,16,627.4313333333333,-311298685;-782714971#0;-880140407;111681903#0;111681903#3;111681905#2;120682114#1;26216781#2;28468732#0;311298658;4935286#2;5197062#3;535519490#1;782714966#0;782714966#1;835445203,runs_J_k16_plain\none_seed0\g013_i022,runs_J_k16_plain\none_seed0\g013_i022\tripinfo.xml
13,23,13,398.61333333333334,-24337240#4;-835443464;111677668#4;111677669#0;111681903#3;111681905#1;131942152;28468732#0;4935286#0;4935286#2;782714971#1;876057378#0;876057378#4,runs_J_k16_plain\none_seed0\g013_i023,runs_J_k16_plain\none_seed0\g013_i023\tripinfo.xml
14,0,16,351.5353333333333,-311298658;-311298662#0;-7365262;-783907721#0;-876343449#2;111681903#3;111681905#2;24337240#1;24337240#2;26216779#1;37628709#1;4935286#2;4970256#5;498033359#0;498033359#1;876343449#0,runs_J_k16_plain\none_seed0\g014_i000,runs_J_k16_plain\none_seed0\g014_i000\tripinfo.xml
14,1,16,1229.8013333333333,-24337240#4;-782714971#0;-835443464;111677668#4;111677669#0;111681903#3;205590836#2;26216781#0;26216781#2;28468730#0;4935286#0;4935286#3;498033359#0;5197062#4;876057378#0;876057378#4,runs_J_k16_plain\none_seed0\g014_i001,runs_J_k16_plain\none_seed0\g014_i001\tripinfo.xml
14,2,16,659.8453333333333,-111677668#0;-24337240#2;-24337240#4;-24337240#7;-311298658;-502325084#3;111677669#0;111681903#3;111681905#1;120682114#3;131942152;24337240#7;28468730#1;28468732#0;4935286#0;880137009#1,runs_J_k16_plain\none_seed0\g014_i002,runs_J_k16_plain\none_seed0\g014_i002\tripinfo.xml
14,3,16,718.0966666666667,-111681903#0;-120682114#2;-311298685;-498033359#1;-7365262;-783907721#0;111681903#3;28468732#1;37628709#1;4970256#5;498033359#0;782714971#2;783907721#1;835443464;876343449#0;880137009#0,runs_J_k16_plain\none_seed0\g014_i003,runs_J_k16_plain\none_seed0\g014_i003\tripinfo.xml
14,4,16,487.89933333333335,-111681903#1;-782714971#0;111681905#2;120682114#1;131942152;26216779#0;28468730#0;37628709#1;4935286#2;498033359#2;502325084#1;502325084#3;782714966#0;782714971#3;876057378#3;880137010,runs_J_k16_plain\none_seed0\g014_i004,runs_J_k16_plain\none_seed0\g014_i004\tripinfo.xml
14,5,16,453.40066666666667,-311298662#0;-783907721#0;-783907721#2;-876343449#1;111677669#3;24337240#2;311298662#0;4935286#2;502325084#3;5197062#4;782714966#0;835445203;876057378#0;876343449#0;876343449#1;880137009#1,runs_J_k16_plain\none_seed0\g014_i005,runs_J_k16_plain\none_seed0\g014_i005\tripinfo.xml
14,6,16,695.7626666666666,-24337240#7;-311298658;-311298685;-4950193;-498033359#0;-783907721#1;-835445203;111677669#3;111681903#0;37628709#1;5197062#3;782714966#1;782714971#3;782714971#4;876057378#1;876343449#0,runs_J_k16_plain\none_seed0\g014_i006,runs_J_k16_plain\none_seed0\g014_i006\tripinfo.xml
14,7,9,538.8793333333333,-311298662#0;-5197062#3;111681905#2;26216779#0;4935286#3;498033359#0;498033359#1;835445203;876343449#2,runs_J_k16_plain\none_seed0\g014_i007,runs_J_k16_plain\none_seed0\g014_i007\tripinfo.xml
14,8,16,610.344,-111681903#2;-24337240#6;-24337240#7;-311298662#0;-5197062#4;-7365262;111677669#3;111681903#0;111681903#1;111681903#3;24337240#2;25970859#0;4970256#5;498033359#1;58621262#1;782714971#4,runs_J_k16_plain\none_seed0\g014_i008,runs_J_k16_plain\none_seed0\g014_i008\tripinfo.xml
14,9,16,783.9993333333333,-120682114#2;-205590836#0;-24337240#7;-28468730#0;-311298662#0;-782714971#4;111677669#0;111677669#3;111677671#0;111681903#3;131942152;26216779#1;28468730#1;783907721#2;835445203;876343449#1,runs_J_k16_plain\none_seed0\g014_i009,runs_J_k16_plain\none_seed0\g014_i009\tripinfo.xml
14,10,16,591.7133333333334,-205590836#0;-311298658;-311298662#0;-5197062#4;-782714971#1;-783907721#1;-835443464;111677669#1;111677669#2;25970859#0;26216779#1;28468732#0;311298665;4935286#0;4935286#2;498033359#0,runs_J_k16_plain\none_seed0\g014_i010,runs_J_k16_plain\none_seed0\g014_i010\tripinfo.xml
14,11,16,975.15,-111681903#1;-311298685;-782714966#1;-876343449#2;111677668#0;111681903#3;120682114#1;24337240#1;24337240#5;25970859#1;26216779#1;28468732#1;37628709#1;4935286#2;535519490#1;876343449#0,runs_J_k16_plain\none_seed0\g014_i011,runs_J_k16_plain\none_seed0\g014_i011\tripinfo.xml
14,12,16,1949.8673333333334,-111681903#3;-24337240#1;-311298658;-783907721#0;-876343449#2;111681903#3;111681905#1;111681905#2;120682114#2;24337240#1;24337240#4;26216779#1;311298658;37628709#0;498033359#1;58621262#0,runs_J_k16_plain\none_seed0\g014_i012,runs_J_k16_plain\none_seed0\g014_i012\tripinfo.xml
14,13,16,692.1866666666666,-205590836#0;-24337240#2;-24337240#7;-311298662#0;-783907721#1;-876343449#0;111677668#4;111681903#1;111681905#2;120682114#1;120682114#3;26216779#0;502325084#3;58621262#0;782714971#0;876057376,runs_J_k16_plain\none_seed0\g014_i013,runs_J_k16_plain\none_seed0\g014_i013\tripinfo.xml
14,14,6,630.9706666666667,-4950193;-835445203;24337240#3;311298685;782714966#0;876057378#1,runs_J_k16_plain\none_seed0\g014_i014,runs_J_k16_plain\none_seed0\g014_i014\tripinfo.xml
14,15,16,644.456,-111677668#0;-311298658;-311298665;-498033359#3;-5197062#4;-880140407;111677668#3;24337240#2;311298658;311298665;4935299#1;498033359#1;62826731;747448014;876343449#0;880140407,runs_J_k16_plain\none_seed0\g014_i015,runs_J_k16_plain\none_seed0\g014_i015\tripinfo.xml
14,16,16,444.35266666666666,-111681903#3;-120682114#2;-311298662#0;111681903#1;111681905#2;120682114#3;24337240#3;26216779#1;311298682#0;37628709#0;4935286#2;4970256#5;498033359#2;502325084#3;782714971#1;783907721#2,runs_J_k16_plain\none_seed0\g014_i016,runs_J_k16_plain\none_seed0\g014_i016\tripinfo.xml
14,17,16,1331.152,-24337240#1;-24337240#4;-311298682#0;-498033359#1;-782714971#0;-782714971#4;-783907721#0;111677669#2;120682114#1;131942152;24337240#2;25970859#1;311298682#0;4935286#2;4970256#8;876057378#4,runs_J_k16_plain\none_seed0\g014_i017,runs_J_k16_plain\none_seed0\g014_i017\tripinfo.xml
14,18,16,1000000000000.0,-24337240#4;-311298665;-4950193;-7365262;-782714966#1;111677669#3;111681905#2;24337240#2;25970859#1;26216781#0;311298662#0;4935286#2;4970256#5;4970256#8;498033359#3;876057378#3,runs_J_k16_plain\none_seed0\g014_i018,runs_J_k16_plain\none_seed0\g014_i018\tripinfo.xml
14,19,16,1000000000000.0,-24337240#1;-311298658;-498033359#3;-502325084#0;-5197062#4;111677668#3;111677668#4;111677669#2;111677669#5;24337240#7;4935286#2;535519490#0;782714971#1;782714971#3;783907721#2;876057378#4,runs_J_k16_plain\none_seed0\g014_i019,runs_J_k16_plain\none_seed0\g014_i019\tripinfo.xml
14,20,16,1000000000000.0,-24337240#1;-24337240#6;-311298682#0;-5197062#4;-782714971#2;111677668#4;111681903#1;120682114#1;131942152;24337240#0;4935299#1;4970256#8;498033359#0;782714971#0;783907721#2;835443464,runs_J_k16_plain\none_seed0\g014_i020,runs_J_k16_plain\none_seed0\g014_i020\tripinfo.xml
14,21,16,432.41866666666664,-205590836#0;-24337240#1;-24337240#7;-311298658;-4950193;-502325084#0;111681903#0;205590836#2;25970859#0;26216781#3;311298662#1;4935286#2;782714971#1;835445203;876057378#2;876343449#0,runs_J_k16_plain\none_seed0\g014_i021,runs_J_k16_plain\none_seed0\g014_i021\tripinfo.xml
14,22,16,374.8786666666667,-111677671#0;-120682114#2;-498033359#1;-498033359#2;-783907721#1;-876343449#1;111677668#4;111677669#2;205590836#2;24337240#7;4935286#2;4970256#5;782714971#0;835443464;876057378#1;876343449#1,runs_J_k16_plain\none_seed0\g014_i022,runs_J_k16_plain\none_seed0\g014_i022\tripinfo.xml
14,23,10,745.4013333333334,-111677668#0;-502325084#0;-783907721#1;111677668#3;111677671#0;24337240#0;24337240#3;311298658;4935299#1;782714971#1,runs_J_k16_plain\none_seed0\g014_i023,runs_J_k16_plain\none_seed0\g014_i023\tripinfo.xml
15,0,16,351.5353333333333,-311298658;-311298662#0;-7365262;-783907721#0;-876343449#2;111681903#3;111681905#2;24337240#1;24337240#2;26216779#1;37628709#1;4935286#2;4970256#5;498033359#0;498033359#1;876343449#0,runs_J_k16_plain\none_seed0\g015_i000,runs_J_k16_plain\none_seed0\g015_i000\tripinfo.xml
15,1,16,731.8506666666667,-205590836#0;-25970859#1;-311298658;-311298662#0;-311298682#0;-498033359#1;-5197062#3;-535519490#1;111677668#3;111681903#3;24337240#1;25970859#0;311298665;782714966#0;782714971#3;876343449#0,runs_J_k16_plain\none_seed0\g015_i001,runs_J_k16_plain\none_seed0\g015_i001\tripinfo.xml
15,2,16,814.3813333333334,-25970859#1;-4950193;-5197062#4;-7365262;-782714971#1;-783907721#0;-783907721#1;111677669#0;24337240#2;26216781#1;311298682#0;4935286#2;498033359#1;782714971#0;876343449#0;880140407,runs_J_k16_plain\none_seed0\g015_i002,runs_J_k16_plain\none_seed0\g015_i002\tripinfo.xml
15,3,16,671.182,-111681903#1;-111681903#2;-24337240#7;-311298662#0;-502325084#3;-783907721#1;111677668#4;111677669#3;111681903#3;24337240#2;24337240#7;4935286#1;498033359#0;5197062#4;876057378#0;880137009#1,runs_J_k16_plain\none_seed0\g015_i003,runs_J_k16_plain\none_seed0\g015_i003\tripinfo.xml
15,4,16,665.7653333333334,-24337240#0;-24337240#6;-24337240#7;-25970859#0;-311298662#0;-5197062#3;111681905#1;111681905#2;26216779#0;26216781#2;4935286#3;498033359#1;535519490#1;782714966#0;7924772;835445203,runs_J_k16_plain\none_seed0\g015_i004,runs_J_k16_plain\none_seed0\g015_i004\tripinfo.xml
15,5,16,839.766,-111677668#3;-111677671#0;-120682114#2;-311298662#0;-835445203;111677669#4;120682114#1;24337240#3;25970859#1;26216781#1;502325084#3;5197062#3;782714971#1;876057378#2;876057378#4;876057378#5,runs_J_k16_plain\none_seed0\g015_i005,runs_J_k16_plain\none_seed0\g015_i005\tripinfo.xml
15,6,16,1473.686,-311298665;-783907721#0;-783907721#2;-876343449#1;111681903#1;111681905#1;111681905#2;24337240#1;26216779#1;311298682#0;4970256#5;502325084#3;62826731;782714971#1;835445203;876057378#4,runs_J_k16_plain\none_seed0\g015_i006,runs_J_k16_plain\none_seed0\g015_i006\tripinfo.xml
15,7,16,667.016,-120682114#2;-24337240#0;-311298662#1;-498033359#1;-876343449#1;111677669#2;111681903#1;131942152;205590836#2;24337240#5;26216779#1;311298682#0;311298685;4970256#5;58621262#0;782714971#1,runs_J_k16_plain\none_seed0\g015_i007,runs_J_k16_plain\none_seed0\g015_i007\tripinfo.xml
15,8,16,683.2133333333334,-111681903#3;-120682114#2;-24337240#6;-311298662#0;-498033359#0;-502325084#1;111681903#2;111681905#2;120682114#1;26216781#1;311298658;4970256#5;502325084#3;782714971#0;835443464;876057378#3,runs_J_k16_plain\none_seed0\g015_i008,runs_J_k16_plain\none_seed0\g015_i008\tripinfo.xml
15,9,16,2657.766666666667,-120682114#2;-24337240#0;-28468730#0;-498033359#3;-502325084#0;-502325084#3;-535519490#1;-7365262;-782714966#1;131942152;311298662#1;37628709#1;4970256#8;747448014;876057378#2;876057378#5,runs_J_k16_plain\none_seed0\g015_i009,runs_J_k16_plain\none_seed0\g015_i009\tripinfo.xml
15,10,16,598.008,-24337240#1;-24337240#7;-311298682#0;-311298685;111677668#3;111677669#3;111681903#0;26216779#1;26216781#3;311298658;4935286#2;62826731;782714971#1;835443464;835445203;880140407,runs_J_k16_plain\none_seed0\g015_i010,runs_J_k16_plain\none_seed0\g015_i010\tripinfo.xml
15,11,16,1000000000000.0,-25970859#1;-311298665;-502325084#1;-783907721#1;-880137009#0;111677668#3;111677668#4;205590836#2;24337240#7;311298665;782714971#0;782714971#2;783907721#1;835445203;876057378#1;876343449#1,runs_J_k16_plain\none_seed0\g015_i011,runs_J_k16_plain\none_seed0\g015_i011\tripinfo.xml
15,12,16,732.6193333333333,-111677671#0;-311298658;-498033359#3;-74277990;-782714971#2;-835443464;111677668#0;111681903#3;111681905#1;120682114#1;25970859#1;37628709#0;4970256#5;498033359#1;498033359#3;876057378#1,runs_J_k16_plain\none_seed0\g015_i012,runs_J_k16_plain\none_seed0\g015_i012\tripinfo.xml
15,13,16,1000000000000.0,-120682114#2;-311298662#0;-311298662#1;-7365262;-880140407;111677669#0;26216779#0;37628709#0;4935286#2;498033359#0;498033359#2;5197062#3;782714971#3;783907721#2;876057376;876343449#1,runs_J_k16_plain\none_seed0\g015_i013,runs_J_k16_plain\none_seed0\g015_i013\tripinfo.xml
15,14,16,652.6526666666666,-111681903#0;-111681903#1;-24337240#3;-498033359#1;-7365262;-835445203;111681903#1;24337240#7;311298662#1;311298682#0;4970256#5;498033359#2;502325084#3;782714971#1;782714971#4;876057378#5,runs_J_k16_plain\none_seed0\g015_i014,runs_J_k16_plain\none_seed0\g015_i014\tripinfo.xml
15,15,16,1000000000000.0,-111681903#3;-120682114#2;-24337240#2;-311298662#0;-535519490#1;-782714971#0;-782714971#3;-783907721#2;-880137009#0;24337240#2;311298662#0;37628709#1;498033359#3;502325084#1;502325084#3;782714971#3,runs_J_k16_plain\none_seed0\g015_i015,runs_J_k16_plain\none_seed0\g015_i015\tripinfo.xml
15,16,16,807.93,-111677668#4;-111681903#1;-24337240#0;-24337240#2;-24337240#6;131942152;24337240#5;24337240#7;26216779#0;26216781#3;311298658;4935286#3;498033359#1;5197062#4;880137009#1;880137010,runs_J_k16_plain\none_seed0\g015_i016,runs_J_k16_plain\none_seed0\g015_i016\tripinfo.xml
15,17,16,439.46666666666664,-311298685;-502325084#1;-74277990;-880137009#0;111677669#2;111681903#1;111681905#2;28468730#0;28468732#0;37628709#1;4935286#0;4935286#2;498033359#0;782714971#0;7924772;876343449#2,runs_J_k16_plain\none_seed0\g015_i017,runs_J_k16_plain\none_seed0\g015_i017\tripinfo.xml
15,18,6,701.4366666666666,-311298685;-5197062#4;-782714971#1;-783907721#1;111677671#0;26216779#1,runs_J_k16_plain\none_seed0\g015_i018,runs_J_k16_plain\none_seed0\g015_i018\tripinfo.xml
15,19,7,635.532,-28468730#0;-311298682#0;111677669#2;24337240#1;25970859#0;26216779#1;502325084#0,runs_J_k16_plain\none_seed0\g015_i019,runs_J_k16_plain\none_seed0\g015_i019\tripinfo.xml
15,20,12,1586.8513333333333,-205590836#0;-25970859#0;-28298231;111677668#4;111677669#0;111677669#2;120682114#2;311298665;4935286#2;498033359#0;783907721#1;835443464,runs_J_k16_plain\none_seed0\g015_i020,runs_J_k16_plain\none_seed0\g015_i020\tripinfo.xml
15,21,12,747.5093333333333,-28298231;-311298658;-502325084#1;-835443464;111677668#3;111677669#2;111681903#1;24337240#4;28468732#1;311298665;4935286#0;62826731,runs_J_k16_plain\none_seed0\g015_i021,runs_J_k16_plain\none_seed0\g015_i021\tripinfo.xml
15,22,16,399.688,-111681903#1;-120682114#3;-205590836#0;-24337240#2;-311298662#0;-783907721#2;-835443464;-876343449#2;111677669#2;28468732#1;311298665;4935286#2;747448014;782714971#3;876343449#0;876343449#1,runs_J_k16_plain\none_seed0\g015_i022,runs_J_k16_plain\none_seed0\g015_i022\tripinfo.xml
15,23,16,594.7946666666667,-111681903#3;-311298658;-311298662#0;-782714971#3;111677669#3;111681905#2;205590836#2;24337240#2;24337240#3;26216779#1;26216781#0;26216781#2;4970256#5;498033359#1;782710712;876057378#0,runs_J_k16_plain\none_seed0\g015_i023,runs_J_k16_plain\none_seed0\g015_i023\tripinfo.xml
