gen,idx,k,score,closed_edges,run_dir,tripinfo
1,0,7,766.0046666666667,-111681903#0;-782714966#1;111677668#0;111677668#4;26216781#2;5197062#3;535519490#1,runs_J_k16_plain\none_seed6\g001_i000,runs_J_k16_plain\none_seed6\g001_i000\tripinfo.xml
1,1,7,628.08,-498033359#1;-782714971#4;24337240#3;26216779#0;58621262#0;782714971#4;783907721#1,runs_J_k16_plain\none_seed6\g001_i001,runs_J_k16_plain\none_seed6\g001_i001\tripinfo.xml
1,2,9,608.1706666666666,-311298662#1;24337240#0;24337240#2;28468732#1;311298682#0;5197062#3;58621262#0;782714966#0;782714966#1,runs_J_k16_plain\none_seed6\g001_i002,runs_J_k16_plain\none_seed6\g001_i002\tripinfo.xml
1,3,9,600.406,-311298685;-7365262;111677668#0;4935299#1;835445203;876057378#0;876057378#1;876057378#2;880137010,runs_J_k16_plain\none_seed6\g001_i003,runs_J_k16_plain\none_seed6\g001_i003\tripinfo.xml
1,4,9,881.6746666666667,-24337240#7;-502325084#1;-535519490#1;111677668#0;205590836#2;24337240#3;25970859#1;4935286#3;782714971#2,runs_J_k16_plain\none_seed6\g001_i004,runs_J_k16_plain\none_seed6\g001_i004\tripinfo.xml
1,5,13,624.312,-111681903#3;-120682114#3;-205590836#0;-25970859#0;-502325084#1;111677669#0;111677669#2;111677669#3;205590836#2;311298662#0;311298682#0;37628709#1;535519490#1,runs_J_k16_plain\none_seed6\g001_i005,runs_J_k16_plain\none_seed6\g001_i005\tripinfo.xml
1,6,13,382.194,-205590836#0;-24337240#4;-25970859#1;-311298682#0;-498033359#0;-782714971#4;111677669#2;131942152;205590836#2;37628709#1;4935286#2;535519490#0;783907721#1,runs_J_k16_plain\none_seed6\g001_i006,runs_J_k16_plain\none_seed6\g001_i006\tripinfo.xml
1,7,8,1604.3593333333333,-880140407;111677668#4;111681905#2;120682114#2;24337240#2;498033359#0;498033359#3;880137009#0,runs_J_k16_plain\none_seed6\g001_i007,runs_J_k16_plain\none_seed6\g001_i007\tripinfo.xml
1,8,11,674.77,-111677668#3;-24337240#7;-782714971#4;-783907721#1;131942152;25970859#0;26216781#3;4935286#1;4970256#6;5197062#4;782714971#2,runs_J_k16_plain\none_seed6\g001_i008,runs_J_k16_plain\none_seed6\g001_i008\tripinfo.xml
1,9,7,1162.376,-28468730#0;-311298685;-782714971#3;-880137009#0;311298658;311298682#0;5197062#3,runs_J_k16_plain\none_seed6\g001_i009,runs_J_k16_plain\none_seed6\g001_i009\tripinfo.xml
1,10,9,678.112,-311298662#0;-5197062#3;131942152;24337240#0;4970256#8;747448014;7924772;876057376;880137010,runs_J_k16_plain\none_seed6\g001_i010,runs_J_k16_plain\none_seed6\g001_i010\tripinfo.xml
1,11,7,673.4313333333333,-24337240#2;-502325084#1;-835443464;111681903#2;28468730#1;311298662#1;880137009#0,runs_J_k16_plain\none_seed6\g001_i011,runs_J_k16_plain\none_seed6\g001_i011\tripinfo.xml
1,12,8,613.7593333333333,-498033359#3;-5197062#3;120682114#1;26216779#0;28468730#0;28468732#0;311298662#0;498033359#1,runs_J_k16_plain\none_seed6\g001_i012,runs_J_k16_plain\none_seed6\g001_i012\tripinfo.xml
1,13,5,596.614,-120682114#2;-24337240#2;24337240#3;4970256#5;876343449#0,runs_J_k16_plain\none_seed6\g001_i013,runs_J_k16_plain\none_seed6\g001_i013\tripinfo.xml
1,14,10,1000000000000.0,-311298662#0;-835443464;-880137009#0;111677668#3;111677669#4;24337240#1;25970859#1;28468730#0;5197062#4;782714971#0,runs_J_k16_plain\none_seed6\g001_i014,runs_J_k16_plain\none_seed6\g001_i014\tripinfo.xml
1,15,8,637.2613333333334,-111681903#3;-24337240#3;-74277990;-782714966#0;111681903#2;111681903#3;782714971#3;7924772,runs_J_k16_plain\none_seed6\g001_i015,runs_J_k16_plain\none_seed6\g001_i015\tripinfo.xml
1,16,14,517.0626666666667,-120682114#2;-25970859#0;-498033359#0;-782714966#1;111677671#0;111681903#1;28468732#1;4935286#2;4970256#7;4970256#8;498033359#0;58621262#0;782710712;782714971#2,runs_J_k16_plain\none_seed6\g001_i016,runs_J_k16_plain\none_seed6\g001_i016\tripinfo.xml
1,17,9,665.5546666666667,-111681903#2;-782714971#1;-880137009#1;4970256#7;535519490#0;782714966#0;835443464;876057378#1;876343449#1,runs_J_k16_plain\none_seed6\g001_i017,runs_J_k16_plain\none_seed6\g001_i017\tripinfo.xml
1,18,6,644.456,-111677668#3;111677669#3;24337240#2;311298662#1;876057378#5;880137009#1,runs_J_k16_plain\none_seed6\g001_i018,runs_J_k16_plain\none_seed6\g001_i018\tripinfo.xml
1,19,10,627.4573333333333,-24337240#3;-28298231;-502325084#0;-783907721#0;-876343449#1;111677669#2;205590836#2;747448014;782714971#2;7924772,runs_J_k16_plain\none_seed6\g001_i019,runs_J_k16_plain\none_seed6\g001_i019\tripinfo.xml
1,20,7,699.3526666666667,-24337240#6;-783907721#1;-835443464;111677671#0;120682114#1;4935299#1;782714966#0,runs_J_k16_plain\none_seed6\g001_i020,runs_J_k16_plain\none_seed6\g001_i020\tripinfo.xml
1,21,11,730.7066666666667,-311298662#1;-782714971#0;26216781#2;311298662#0;311298685;498033359#0;498033359#2;535519490#0;782714971#4;783907721#0;783907721#2,runs_J_k16_plain\none_seed6\g001_i021,runs_J_k16_plain\none_seed6\g001_i021\tripinfo.xml
1,22,7,633.4666666666667,-111677668#0;111677669#1;25970859#0;26216779#0;26216781#3;4970256#8;876057378#4,runs_J_k16_plain\none_seed6\g001_i022,runs_J_k16_plain\none_seed6\g001_i022\tripinfo.xml
1,23,11,677.6946666666666,-111681903#0;-782714971#0;24337240#0;26216781#1;28468732#1;37628709#1;747448014;782714971#3;783907721#1;876057378#2;876343449#1,runs_J_k16_plain\none_seed6\g001_i023,runs_J_k16_plain\none_seed6\g001_i023\tripinfo.xml
2,0,13,382.194,-205590836#0;-24337240#4;-25970859#1;-311298682#0;-498033359#0;-782714971#4;111677669#2;131942152;205590836#2;37628709#1;4935286#2;535519490#0;783907721#1,runs_J_k16_plain\none_seed6\g002_i000,runs_J_k16_plain\none_seed6\g002_i000\tripinfo.xml
2,1,16,610.4673333333334,-111681903#3;-24337240#2;-535519490#0;-7365262;-835443464;111677668#3;111681903#0;111681905#2;120682114#1;28468730#1;37628709#0;498033359#2;782714966#1;835443464;835445203;876057378#2,runs_J_k16_plain\none_seed6\g002_i001,runs_J_k16_plain\none_seed6\g002_i001\tripinfo.xml
2,2,16,748.3633333333333,-25970859#1;-311298658;-5197062#3;-782714971#4;111681905#2;24337240#3;28468730#0;28468732#0;311298662#0;311298665;37628709#0;4935299#1;782714971#2;783907721#2;876057378#0;876057378#1,runs_J_k16_plain\none_seed6\g002_i002,runs_J_k16_plain\none_seed6\g002_i002\tripinfo.xml
2,3,16,644.456,-111677668#4;-24337240#3;-24337240#4;-498033359#2;-502325084#3;-782714966#0;-835445203;-880137009#0;-880140407;111677669#0;111681903#1;111681903#2;28468732#0;4935299#1;7924772;876057378#2,runs_J_k16_plain\none_seed6\g002_i003,runs_J_k16_plain\none_seed6\g002_i003\tripinfo.xml
2,4,11,1231.5973333333334,-111677668#4;-24337240#1;-835443464;111677669#5;111681903#2;120682114#3;26216779#1;311298682#0;5197062#3;535519490#0;782714971#3,runs_J_k16_plain\none_seed6\g002_i004,runs_J_k16_plain\none_seed6\g002_i004\tripinfo.xml
2,5,16,576.52,-205590836#0;-24337240#4;-74277990;111677669#1;111677669#3;24337240#5;26216779#0;28468730#0;311298662#0;311298662#1;37628709#1;4935286#3;4970256#5;782714971#3;783907721#0;880140407,runs_J_k16_plain\none_seed6\g002_i005,runs_J_k16_plain\none_seed6\g002_i005\tripinfo.xml
2,6,16,649.0873333333333,-120682114#3;-25970859#0;-311298665;-535519490#0;111677668#3;111677669#0;111681903#0;120682114#1;131942152;205590836#2;28468730#0;311298662#1;311298665;311298682#0;4935286#2;535519490#0,runs_J_k16_plain\none_seed6\g002_i006,runs_J_k16_plain\none_seed6\g002_i006\tripinfo.xml
2,7,16,667.2946666666667,-205590836#0;-24337240#1;-311298662#0;-311298685;-498033359#0;-782714971#4;-880137009#1;111677669#5;205590836#2;26216781#0;4970256#7;58621262#1;62826731;782714971#3;7924772;876057378#4,runs_J_k16_plain\none_seed6\g002_i007,runs_J_k16_plain\none_seed6\g002_i007\tripinfo.xml
2,8,16,412.03266666666667,-111681903#1;-24337240#3;-835443464;111677669#0;111681903#2;131942152;26216781#3;311298682#0;4935286#2;4935286#3;4935299#1;4970256#5;502325084#3;535519490#0;783907721#1;876057378#5,runs_J_k16_plain\none_seed6\g002_i008,runs_J_k16_plain\none_seed6\g002_i008\tripinfo.xml
2,9,6,644.456,-205590836#0;-876343449#2;111681905#1;24337240#0;876057378#0;876343449#0,runs_J_k16_plain\none_seed6\g002_i009,runs_J_k16_plain\none_seed6\g002_i009\tripinfo.xml
2,10,16,674.1113333333333,-111677668#0;-111677671#0;-120682114#2;-24337240#4;-502325084#0;-5197062#4;-876343449#1;205590836#2;24337240#2;311298662#0;311298682#0;4970256#6;498033359#3;502325084#3;5197062#4;58621262#0,runs_J_k16_plain\none_seed6\g002_i010,runs_J_k16_plain\none_seed6\g002_i010\tripinfo.xml
2,11,16,643.8233333333334,-311298662#1;-311298665;-311298682#0;-498033359#3;-502325084#0;-535519490#1;111677668#3;111681903#2;26216781#3;28468730#0;311298682#0;4970256#6;782714966#1;876057378#3;876343449#1;876343449#2,runs_J_k16_plain\none_seed6\g002_i011,runs_J_k16_plain\none_seed6\g002_i011\tripinfo.xml
2,12,12,692.1346666666667,-111677668#4;-111681903#2;-782714971#3;120682114#1;24337240#0;24337240#2;26216781#1;28468732#1;4970256#7;5197062#3;535519490#1;880137009#1,runs_J_k16_plain\none_seed6\g002_i012,runs_J_k16_plain\none_seed6\g002_i012\tripinfo.xml
2,13,16,602.2826666666666,-120682114#2;-24337240#1;-28298231;-782714966#0;-782714971#4;-876343449#0;111677669#5;111681903#1;111681905#2;24337240#3;26216781#1;311298685;835445203;876057378#1;876057378#3;880137010,runs_J_k16_plain\none_seed6\g002_i013,runs_J_k16_plain\none_seed6\g002_i013\tripinfo.xml
2,14,16,1653.716,-111681903#2;-311298682#0;-311298685;-502325084#3;111677671#0;120682114#2;24337240#4;26216779#0;311298662#0;311298665;5197062#4;782714966#0;782714971#2;783907721#0;783907721#1;835445203,runs_J_k16_plain\none_seed6\g002_i014,runs_J_k16_plain\none_seed6\g002_i014\tripinfo.xml
2,15,16,639.6933333333334,-25970859#0;-28298231;-311298685;-782714966#1;111677669#2;111677669#3;24337240#2;311298658;37628709#1;4935286#2;498033359#2;535519490#0;535519490#1;782714971#0;783907721#0;783907721#1,runs_J_k16_plain\none_seed6\g002_i015,runs_J_k16_plain\none_seed6\g002_i015\tripinfo.xml
2,16,15,621.4993333333333,-205590836#0;-24337240#3;-24337240#4;-311298662#0;-311298682#0;-502325084#1;-782714971#4;111677669#2;111681903#3;120682114#3;311298662#1;311298682#0;37628709#1;4970256#5;7924772,runs_J_k16_plain\none_seed6\g002_i016,runs_J_k16_plain\none_seed6\g002_i016\tripinfo.xml
2,17,11,667.8453333333333,-24337240#1;-782714966#1;111677669#3;111681905#2;24337240#7;28468732#1;4970256#6;498033359#0;58621262#0;782714966#0;782714971#2,runs_J_k16_plain\none_seed6\g002_i017,runs_J_k16_plain\none_seed6\g002_i017\tripinfo.xml
2,18,12,373.39,-25970859#0;-498033359#0;-783907721#0;111677671#0;111681903#3;111681905#2;131942152;28468732#1;4935286#2;498033359#0;58621262#0;783907721#1,runs_J_k16_plain\none_seed6\g002_i018,runs_J_k16_plain\none_seed6\g002_i018\tripinfo.xml
2,19,16,2507.142,-24337240#2;-24337240#7;-498033359#2;-782714966#1;24337240#3;28468730#1;311298682#0;4935286#0;4935299#1;58621262#1;62826731;782714971#2;835443464;876057378#0;876057378#1;876343449#0,runs_J_k16_plain\none_seed6\g002_i019,runs_J_k16_plain\none_seed6\g002_i019\tripinfo.xml
2,20,16,1000000000000.0,-111677671#0;-111681903#3;-24337240#0;-782714971#1;-880137009#1;111677668#0;111677671#0;120682114#3;131942152;311298662#0;37628709#0;498033359#1;5197062#4;58621262#1;782714966#1;876343449#1,runs_J_k16_plain\none_seed6\g002_i020,runs_J_k16_plain\none_seed6\g002_i020\tripinfo.xml
2,21,16,374.39733333333334,-120682114#2;-502325084#1;-7365262;-782714966#1;-783907721#1;-876343449#1;111677668#4;111681905#2;24337240#0;24337240#3;4935286#2;4970256#7;4970256#8;876057378#2;876343449#0;876343449#1,runs_J_k16_plain\none_seed6\g002_i021,runs_J_k16_plain\none_seed6\g002_i021\tripinfo.xml
2,22,16,606.3633333333333,-111677668#3;-502325084#0;-502325084#1;-876343449#2;111677669#2;24337240#2;24337240#7;26216781#0;28468732#1;4970256#5;4970256#7;498033359#0;502325084#0;783907721#0;876057378#1;880140407,runs_J_k16_plain\none_seed6\g002_i022,runs_J_k16_plain\none_seed6\g002_i022\tripinfo.xml
2,23,16,644.456,-24337240#2;-24337240#4;-311298685;-498033359#0;-782714966#0;-783907721#2;111677668#0;111677669#0;111677669#1;111681903#2;311298658;835445203;876057378#2;876057378#3;876343449#0;880137010,runs_J_k16_plain\none_seed6\g002_i023,runs_J_k16_plain\none_seed6\g002_i023\tripinfo.xml
3,0,12,373.39,-25970859#0;-498033359#0;-783907721#0;111677671#0;111681903#3;111681905#2;131942152;28468732#1;4935286#2;498033359#0;58621262#0;783907721#1,runs_J_k16_plain\none_seed6\g003_i000,runs_J_k16_plain\none_seed6\g003_i000\tripinfo.xml
3,1,16,645.4306666666666,-111681903#1;-111681903#3;-24337240#1;-4950193;-498033359#2;-535519490#1;-783907721#1;-835443464;111677669#0;111681905#1;24337240#4;311298682#0;4935286#2;4935286#3;876057378#5;880137009#0,runs_J_k16_plain\none_seed6\g003_i001,runs_J_k16_plain\none_seed6\g003_i001\tripinfo.xml
3,2,16,543.132,-24337240#3;-502325084#1;-782714971#2;111677669#0;131942152;24337240#7;4935286#2;4935286#3;4935299#1;498033359#1;498033359#2;502325084#3;783907721#1;876057378#1;876057378#2;880140407,runs_J_k16_plain\none_seed6\g003_i002,runs_J_k16_plain\none_seed6\g003_i002\tripinfo.xml
3,3,8,415.726,-311298682#0;131942152;205590836#2;25970859#0;535519490#0;747448014;783907721#0;876343449#1,runs_J_k16_plain\none_seed6\g003_i003,runs_J_k16_plain\none_seed6\g003_i003\tripinfo.xml
3,4,16,1000000000000.0,-205590836#0;-311298665;-502325084#0;-502325084#1;-782714971#4;111677669#1;111677669#2;111681905#2;131942152;205590836#2;4935286#2;4970256#7;498033359#0;502325084#0;747448014;783907721#1,runs_J_k16_plain\none_seed6\g003_i004,runs_J_k16_plain\none_seed6\g003_i004\tripinfo.xml
3,5,16,683.844,-311298665;-502325084#0;-535519490#1;-835443464;111677668#3;111677669#0;111681903#2;111681905#2;120682114#3;131942152;311298682#0;4935286#2;782714966#1;783907721#1;876343449#0;876343449#2,runs_J_k16_plain\none_seed6\g003_i005,runs_J_k16_plain\none_seed6\g003_i005\tripinfo.xml
3,6,16,972.624,-111681903#1;-24337240#1;-24337240#3;-25970859#0;-311298682#0;-498033359#3;111681903#2;25970859#0;28468732#0;311298682#0;4970256#5;498033359#2;502325084#0;876057378#3;876057378#5;876343449#1,runs_J_k16_plain\none_seed6\g003_i006,runs_J_k16_plain\none_seed6\g003_i006\tripinfo.xml
3,7,16,627.9046666666667,-111681903#1;-24337240#3;-782714971#3;-880137009#1;111677669#0;111677669#2;111677669#4;111677669#5;111681903#2;111681905#2;24337240#4;502325084#3;783907721#1;835445203;876057378#2;876057378#5,runs_J_k16_plain\none_seed6\g003_i007,runs_J_k16_plain\none_seed6\g003_i007\tripinfo.xml
3,8,16,390.58666666666664,-120682114#2;-7365262;-783907721#0;-783907721#1;-876343449#2;111677668#4;111677669#2;26216781#3;311298665;4935286#2;4935286#3;4970256#5;4970256#8;835443464;835445203;876343449#1,runs_J_k16_plain\none_seed6\g003_i008,runs_J_k16_plain\none_seed6\g003_i008\tripinfo.xml
3,9,16,628.2533333333333,-24337240#7;-498033359#0;-502325084#0;-74277990;24337240#5;24337240#7;28468730#0;311298662#0;311298662#1;311298685;498033359#0;502325084#3;58621262#1;876057378#1;880137009#0;880140407,runs_J_k16_plain\none_seed6\g003_i009,runs_J_k16_plain\none_seed6\g003_i009\tripinfo.xml
3,10,16,1000000000000.0,-25970859#1;-502325084#1;-535519490#1;-74277990;111677669#3;111681905#1;26216779#0;26216779#1;28468732#0;28468732#1;4935286#0;4970256#5;502325084#0;782714971#3;783907721#2;876057378#0,runs_J_k16_plain\none_seed6\g003_i010,runs_J_k16_plain\none_seed6\g003_i010\tripinfo.xml
3,11,16,694.6566666666666,-111681903#2;-120682114#2;-24337240#2;-24337240#3;-28298231;-311298682#0;-502325084#0;-502325084#1;-876343449#2;111681905#2;24337240#0;24337240#3;4970256#6;5197062#3;835445203;876343449#1,runs_J_k16_plain\none_seed6\g003_i011,runs_J_k16_plain\none_seed6\g003_i011\tripinfo.xml
3,12,16,638.0693333333334,-111677668#3;-498033359#2;-502325084#3;-782714966#1;111681903#1;111681905#2;24337240#2;28468732#1;311298682#0;4970256#5;4970256#8;782714971#2;782714971#3;876343449#1;880137009#1;880140407,runs_J_k16_plain\none_seed6\g003_i012,runs_J_k16_plain\none_seed6\g003_i012\tripinfo.xml
3,13,16,666.3326666666667,-111677668#3;-311298662#0;-498033359#1;-502325084#0;-502325084#3;-782714971#4;-783907721#1;-880137009#1;111677668#3;111677669#2;24337240#3;4970256#7;498033359#1;782714971#2;783907721#0;876057378#1,runs_J_k16_plain\none_seed6\g003_i013,runs_J_k16_plain\none_seed6\g003_i013\tripinfo.xml
3,14,8,351.10266666666666,-120682114#1;-311298682#0;-5197062#4;-783907721#2;205590836#2;24337240#0;28468732#1;4935286#2,runs_J_k16_plain\none_seed6\g003_i014,runs_J_k16_plain\none_seed6\g003_i014\tripinfo.xml
3,15,16,521.412,-24337240#6;-311298662#0;-311298682#0;-502325084#1;-7365262;-782714966#1;111677668#0;111681903#3;111681905#2;24337240#4;311298662#1;37628709#1;4935286#2;782714966#0;783907721#1;876343449#0,runs_J_k16_plain\none_seed6\g003_i015,runs_J_k16_plain\none_seed6\g003_i015\tripinfo.xml
3,16,11,454.98,-111681903#2;-205590836#0;-24337240#4;111681903#2;120682114#3;24337240#3;311298685;4935286#2;4970256#8;783907721#2;876057378#0,runs_J_k16_plain\none_seed6\g003_i016,runs_J_k16_plain\none_seed6\g003_i016\tripinfo.xml
3,17,16,693.5453333333334,-111677671#0;-205590836#0;-28468730#0;-311298662#1;-782714971#0;111677669#1;111677669#3;111677669#4;24337240#5;26216779#0;4935286#3;782714971#2;782714971#3;835445203;876343449#2;880140407,runs_J_k16_plain\none_seed6\g003_i017,runs_J_k16_plain\none_seed6\g003_i017\tripinfo.xml
3,18,16,621.072,-24337240#4;-498033359#2;111677669#3;111681903#2;111681905#2;24337240#5;28468730#0;311298662#1;4935286#2;62826731;782714971#0;782714971#2;782714971#3;782714971#4;783907721#0;783907721#2,runs_J_k16_plain\none_seed6\g003_i018,runs_J_k16_plain\none_seed6\g003_i018\tripinfo.xml
3,19,16,605.322,-24337240#7;-311298685;-498033359#0;-535519490#1;-782714971#4;111677669#3;111677671#0;111681905#2;26216779#1;28468732#0;311298665;37628709#1;4935286#2;498033359#0;58621262#0;783907721#1,runs_J_k16_plain\none_seed6\g003_i019,runs_J_k16_plain\none_seed6\g003_i019\tripinfo.xml
3,20,12,771.192,-498033359#0;-782714971#2;111677668#0;111681905#1;111681905#2;131942152;28468732#1;311298685;502325084#0;783907721#0;783907721#1;783907721#2,runs_J_k16_plain\none_seed6\g003_i020,runs_J_k16_plain\none_seed6\g003_i020\tripinfo.xml
3,21,16,378.55533333333335,-25970859#0;-498033359#2;-502325084#1;-7365262;-880137009#0;111677669#0;111681903#1;111681905#2;24337240#0;311298662#0;311298662#1;4935286#2;782714971#1;876057376;876057378#2;876343449#0,runs_J_k16_plain\none_seed6\g003_i021,runs_J_k16_plain\none_seed6\g003_i021\tripinfo.xml
3,22,16,644.456,-24337240#3;-311298665;-502325084#3;-7365262;-783907721#1;-876343449#0;111677668#4;111681903#0;120682114#3;26216781#1;311298682#0;4935286#2;498033359#2;876343449#0;876343449#1;880137010,runs_J_k16_plain\none_seed6\g003_i022,runs_J_k16_plain\none_seed6\g003_i022\tripinfo.xml
3,23,16,464.3806666666667,-111681903#1;-24337240#3;-782714971#0;-835443464;-880137009#1;111681903#2;25970859#0;26216781#3;311298682#0;4935286#2;4935299#1;4970256#5;4970256#8;502325084#1;502325084#3;782714971#4,runs_J_k16_plain\none_seed6\g003_i023,runs_J_k16_plain\none_seed6\g003_i023\tripinfo.xml
4,0,8,351.10266666666666,-120682114#1;-311298682#0;-5197062#4;-783907721#2;205590836#2;24337240#0;28468732#1;4935286#2,runs_J_k16_plain\none_seed6\g004_i000,runs_J_k16_plain\none_seed6\g004_i000\tripinfo.xml
4,1,16,791.734,-25970859#0;-311298685;-498033359#1;-880137009#0;111681903#3;24337240#0;28468730#1;28468732#1;4935286#1;4935286#2;498033359#0;498033359#2;876057376;876057378#2;876343449#2;880137009#0,runs_J_k16_plain\none_seed6\g004_i001,runs_J_k16_plain\none_seed6\g004_i001\tripinfo.xml
4,2,16,615.4806666666667,-111681903#1;-120682114#1;-782714971#0;-783907721#2;-876343449#0;-876343449#2;-880137009#0;111677668#0;131942152;205590836#2;311298665;37628709#1;498033359#0;58621262#0;876057376;876057378#1,runs_J_k16_plain\none_seed6\g004_i002,runs_J_k16_plain\none_seed6\g004_i002\tripinfo.xml
4,3,3,628.3486666666666,-783907721#1;24337240#1;876057378#3,runs_J_k16_plain\none_seed6\g004_i003,runs_J_k16_plain\none_seed6\g004_i003\tripinfo.xml
4,4,16,522.442,-111677671#0;-120682114#2;-311298662#1;-498033359#1;-783907721#0;-783907721#1;-876343449#2;111677668#4;111677669#3;26216781#3;28468730#1;4935286#2;4935286#3;835445203;876343449#1;880137009#0,runs_J_k16_plain\none_seed6\g004_i004,runs_J_k16_plain\none_seed6\g004_i004\tripinfo.xml
4,5,16,642.6346666666667,-24337240#4;-880140407;111681903#3;111681905#2;24337240#1;28468730#0;28468732#1;311298662#0;311298662#1;535519490#1;58621262#0;62826731;747448014;783907721#0;783907721#1;783907721#2,runs_J_k16_plain\none_seed6\g004_i005,runs_J_k16_plain\none_seed6\g004_i005\tripinfo.xml
4,6,11,1000000000000.0,-111681903#0;-311298665;-498033359#3;-5197062#3;-782714971#1;-876343449#0;28468730#1;311298662#0;498033359#0;782714971#2;782714971#4,runs_J_k16_plain\none_seed6\g004_i006,runs_J_k16_plain\none_seed6\g004_i006\tripinfo.xml
4,7,15,1615.6713333333332,-24337240#3;-311298665;-498033359#2;-880137009#0;-880137009#1;111677671#0;111681903#2;120682114#2;311298658;311298662#1;4935286#2;4970256#8;502325084#1;58621262#1;62826731,runs_J_k16_plain\none_seed6\g004_i007,runs_J_k16_plain\none_seed6\g004_i007\tripinfo.xml
4,8,16,688.5306666666667,-24337240#4;-498033359#3;-7365262;-782714971#1;111681903#2;311298662#0;311298682#0;4935286#1;4935286#2;4970256#5;498033359#2;782714971#1;782714971#3;783907721#1;7924772;876343449#2,runs_J_k16_plain\none_seed6\g004_i008,runs_J_k16_plain\none_seed6\g004_i008\tripinfo.xml
4,9,16,564.1793333333334,-111677671#0;-24337240#1;-24337240#2;-502325084#1;-7365262;-782714966#1;-876343449#2;111677669#0;111681905#2;205590836#2;311298662#1;498033359#1;498033359#2;502325084#3;880137009#1;880140407,runs_J_k16_plain\none_seed6\g004_i009,runs_J_k16_plain\none_seed6\g004_i009\tripinfo.xml
4,10,16,1000000000000.0,-24337240#3;-24337240#6;-28468730#0;-311298665;-502325084#1;-782714971#2;111681903#3;24337240#4;37628709#0;4935286#2;4970256#5;498033359#0;876057378#1;876057378#3;876343449#0;880137009#1,runs_J_k16_plain\none_seed6\g004_i010,runs_J_k16_plain\none_seed6\g004_i010\tripinfo.xml
4,11,16,378.752,-111681903#3;-24337240#6;-25970859#0;-498033359#2;-7365262;-783907721#0;-783907721#2;111677669#4;205590836#2;24337240#1;311298662#1;4935286#2;4970256#8;783907721#0;876057376;876057378#2,runs_J_k16_plain\none_seed6\g004_i011,runs_J_k16_plain\none_seed6\g004_i011\tripinfo.xml
4,12,16,661.2893333333334,-111681903#3;-24337240#6;-311298682#0;-5197062#4;-880137009#0;24337240#0;4935286#3;498033359#3;535519490#1;58621262#0;782714966#1;782714971#1;782714971#3;876343449#1;880137010;880140407,runs_J_k16_plain\none_seed6\g004_i012,runs_J_k16_plain\none_seed6\g004_i012\tripinfo.xml
4,13,2,622.5486666666667,111677671#0;783907721#0,runs_J_k16_plain\none_seed6\g004_i013,runs_J_k16_plain\none_seed6\g004_i013\tripinfo.xml
4,14,16,401.1186666666667,-111681903#0;-111681903#1;-28298231;-311298658;-498033359#0;-783907721#0;111681903#3;26216781#1;311298682#0;4935286#2;4935286#3;4970256#5;502325084#3;58621262#0;782714971#3;783907721#1,runs_J_k16_plain\none_seed6\g004_i014,runs_J_k16_plain\none_seed6\g004_i014\tripinfo.xml
4,15,8,444.1906666666667,-498033359#2;24337240#0;24337240#7;4935286#0;4935286#2;783907721#0;835443464;876057376,runs_J_k16_plain\none_seed6\g004_i015,runs_J_k16_plain\none_seed6\g004_i015\tripinfo.xml
4,16,7,1000000000000.0,-535519490#1;-782714966#0;111681903#3;4970256#7;876057376;876343449#1;880137009#0,runs_J_k16_plain\none_seed6\g004_i016,runs_J_k16_plain\none_seed6\g004_i016\tripinfo.xml
4,17,16,633.7353333333333,-24337240#6;-498033359#0;-498033359#1;-783907721#0;-876343449#2;111677668#4;111677669#2;4970256#5;4970256#7;4970256#8;498033359#0;5197062#3;783907721#1;835445203;876057378#2;880137010,runs_J_k16_plain\none_seed6\g004_i017,runs_J_k16_plain\none_seed6\g004_i017\tripinfo.xml
4,18,16,475.4886666666667,-111681903#1;-120682114#2;-25970859#1;-502325084#3;-782714971#1;-783907721#0;111677669#1;111677671#0;311298665;4935286#3;4970256#5;502325084#3;5197062#3;535519490#1;782714966#0;782714971#4,runs_J_k16_plain\none_seed6\g004_i018,runs_J_k16_plain\none_seed6\g004_i018\tripinfo.xml
4,19,16,801.7193333333333,-205590836#0;-28468730#0;-311298682#0;-5197062#4;-782714971#3;111677669#5;111681903#0;111681905#2;120682114#1;205590836#2;24337240#0;311298662#1;311298682#0;502325084#0;747448014;783907721#2,runs_J_k16_plain\none_seed6\g004_i019,runs_J_k16_plain\none_seed6\g004_i019\tripinfo.xml
4,20,16,1293.2166666666667,-25970859#0;-498033359#1;-498033359#2;111677669#3;111677669#5;111681903#2;24337240#4;28468730#0;28468732#1;782710712;782714971#2;782714971#3;782714971#4;783907721#0;7924772;876343449#1,runs_J_k16_plain\none_seed6\g004_i020,runs_J_k16_plain\none_seed6\g004_i020\tripinfo.xml
4,21,16,634.36,-25970859#0;-502325084#3;-783907721#0;-783907721#2;-876343449#1;111677671#0;111681903#3;205590836#2;24337240#2;24337240#4;25970859#0;28468732#0;311298662#1;4970256#8;498033359#1;876343449#1,runs_J_k16_plain\none_seed6\g004_i021,runs_J_k16_plain\none_seed6\g004_i021\tripinfo.xml
4,22,16,618.89,-111681903#3;-120682114#1;-25970859#0;-311298682#0;-783907721#2;111677669#3;111681905#2;120682114#2;131942152;28468732#1;311298658;311298685;4935286#2;747448014;876057378#0;876343449#2,runs_J_k16_plain\none_seed6\g004_i022,runs_J_k16_plain\none_seed6\g004_i022\tripinfo.xml
4,23,16,663.9913333333334,-120682114#2;-783907721#0;111677668#4;111681905#2;24337240#5;26216779#0;26216781#3;28468730#1;311298662#0;4935286#2;4935286#3;498033359#0;502325084#1;782714966#0;782714966#1;835443464,runs_J_k16_plain\none_seed6\g004_i023,runs_J_k16_plain\none_seed6\g004_i023\tripinfo.xml
5,0,8,351.10266666666666,-120682114#1;-311298682#0;-5197062#4;-783907721#2;205590836#2;24337240#0;28468732#1;4935286#2,runs_J_k16_plain\none_seed6\g005_i000,runs_J_k16_plain\none_seed6\g005_i000\tripinfo.xml
5,1,16,725.8033333333333,-111677671#0;-120682114#2;-28468730#0;-502325084#3;-5197062#4;-835443464;111677668#3;111681903#0;205590836#2;311298685;4970256#8;5197062#3;535519490#1;782714971#4;876057378#2;880137009#0,runs_J_k16_plain\none_seed6\g005_i001,runs_J_k16_plain\none_seed6\g005_i001\tripinfo.xml
5,2,16,1000000000000.0,-311298665;-502325084#3;-782714966#1;-782714971#2;-783907721#0;111677669#0;111677669#3;24337240#0;28468732#1;311298682#0;37628709#1;4935286#3;4970256#5;498033359#0;498033359#1;502325084#3,runs_J_k16_plain\none_seed6\g005_i002,runs_J_k16_plain\none_seed6\g005_i002\tripinfo.xml
5,3,16,621.8186666666667,-120682114#3;-311298662#0;-498033359#2;-782714966#1;111677669#1;111677669#3;111681903#1;26216781#1;26216781#3;28468730#1;4935286#0;62826731;782710712;782714966#1;876057378#4;876343449#1,runs_J_k16_plain\none_seed6\g005_i003,runs_J_k16_plain\none_seed6\g005_i003\tripinfo.xml
5,4,13,752.284,-25970859#1;-311298662#1;-498033359#1;-783907721#1;111677668#4;120682114#1;26216779#1;26216781#2;311298658;4935286#2;782714971#4;835445203;880140407,runs_J_k16_plain\none_seed6\g005_i004,runs_J_k16_plain\none_seed6\g005_i004\tripinfo.xml
5,5,16,3224.4293333333335,-111681903#1;-25970859#0;-782714966#0;111677669#3;111677669#5;111681903#3;111681905#1;120682114#2;26216781#1;311298658;311298662#0;311298682#0;4970256#5;498033359#0;535519490#0;876343449#2,runs_J_k16_plain\none_seed6\g005_i005,runs_J_k16_plain\none_seed6\g005_i005\tripinfo.xml
5,6,14,664.7106666666666,-498033359#0;-783907721#0;-880137009#1;111681905#2;120682114#3;131942152;26216779#1;28468732#1;311298662#1;498033359#0;747448014;782714971#3;876057378#0;876057378#2,runs_J_k16_plain\none_seed6\g005_i006,runs_J_k16_plain\none_seed6\g005_i006\tripinfo.xml
5,7,16,1024.8346666666666,-111681903#1;-311298658;-835445203;-880140407;111677668#4;24337240#1;28468732#0;311298665;311298682#0;4935286#2;502325084#1;502325084#3;58621262#0;782714971#2;835443464;876343449#1,runs_J_k16_plain\none_seed6\g005_i007,runs_J_k16_plain\none_seed6\g005_i007\tripinfo.xml
5,8,16,579.612,-111681903#1;-205590836#0;-502325084#0;-5197062#3;-535519490#1;-783907721#0;-835445203;111681905#2;24337240#5;26216779#1;26216781#1;26216781#3;28468730#1;502325084#1;535519490#0;782714966#0,runs_J_k16_plain\none_seed6\g005_i008,runs_J_k16_plain\none_seed6\g005_i008\tripinfo.xml
5,9,13,1349.9313333333334,-111681903#3;-502325084#1;-7365262;111677668#4;111677669#1;120682114#2;205590836#2;4970256#8;535519490#0;62826731;783907721#0;876057378#2;876343449#2,runs_J_k16_plain\none_seed6\g005_i009,runs_J_k16_plain\none_seed6\g005_i009\tripinfo.xml
5,10,13,624.074,-111681903#1;-24337240#4;-28298231;-311298658;-311298682#0;-783907721#0;111677668#0;25970859#0;26216779#0;311298682#0;4970256#5;498033359#0;535519490#1,runs_J_k16_plain\none_seed6\g005_i010,runs_J_k16_plain\none_seed6\g005_i010\tripinfo.xml
5,11,16,1000000000000.0,-120682114#3;-24337240#4;-311298662#1;-498033359#1;-535519490#1;-783907721#1;-783907721#2;-876343449#2;111677668#4;205590836#2;28468732#0;28468732#1;5197062#3;782714966#1;876057378#3;880137009#0,runs_J_k16_plain\none_seed6\g005_i011,runs_J_k16_plain\none_seed6\g005_i011\tripinfo.xml
5,12,16,458.6533333333333,-25970859#0;-311298682#0;-498033359#0;-535519490#1;-783907721#0;111677669#1;111677669#3;120682114#1;24337240#0;26216781#3;311298658;4935286#2;4935286#3;498033359#3;502325084#3;835443464,runs_J_k16_plain\none_seed6\g005_i012,runs_J_k16_plain\none_seed6\g005_i012\tripinfo.xml
5,13,16,833.8593333333333,-111677668#3;-111681903#1;-111681903#3;-311298658;-498033359#3;-5197062#4;-783907721#0;111681903#3;24337240#4;26216781#2;26216781#3;311298682#0;502325084#1;58621262#0;783907721#1;880137009#0,runs_J_k16_plain\none_seed6\g005_i013,runs_J_k16_plain\none_seed6\g005_i013\tripinfo.xml
5,14,16,603.9826666666667,-111677668#3;-111677671#0;-120682114#1;-311298658;-74277990;-783907721#0;111677668#0;111677668#4;111681905#2;25970859#0;28468730#1;4935286#2;535519490#1;58621262#0;835445203;880140407,runs_J_k16_plain\none_seed6\g005_i014,runs_J_k16_plain\none_seed6\g005_i014\tripinfo.xml
5,15,10,1000000000000.0,-311298658;-311298665;-498033359#0;-783907721#2;26216781#3;311298685;4935286#2;783907721#0;7924772;876057378#4,runs_J_k16_plain\none_seed6\g005_i015,runs_J_k16_plain\none_seed6\g005_i015\tripinfo.xml
5,16,12,373.35133333333334,-111677668#0;-111681903#0;-498033359#2;-783907721#0;111681905#2;28468732#1;4935286#2;4935286#3;502325084#3;58621262#0;782714971#1;876057378#5,runs_J_k16_plain\none_seed6\g005_i016,runs_J_k16_plain\none_seed6\g005_i016\tripinfo.xml
5,17,16,1903.7653333333333,-4950193;-5197062#4;-535519490#1;-876343449#2;-880137009#0;111677669#1;120682114#2;24337240#3;4935286#3;4970256#5;498033359#3;5197062#3;782714966#0;783907721#2;835443464;880140407,runs_J_k16_plain\none_seed6\g005_i017,runs_J_k16_plain\none_seed6\g005_i017\tripinfo.xml
5,18,16,1368.7393333333334,-111681903#3;-24337240#3;-24337240#6;-502325084#3;-783907721#1;111677669#3;111677671#0;120682114#3;24337240#4;24337240#5;28468730#1;4935286#3;502325084#1;58621262#0;782714971#1;876057376,runs_J_k16_plain\none_seed6\g005_i018,runs_J_k16_plain\none_seed6\g005_i018\tripinfo.xml
5,19,16,370.4,-111677671#0;-311298662#0;-498033359#1;-5197062#3;-880137009#0;131942152;24337240#0;28468730#1;4935286#0;4935286#2;58621262#1;835445203;876343449#0;876343449#1;876343449#2;880137009#1,runs_J_k16_plain\none_seed6\g005_i019,runs_J_k16_plain\none_seed6\g005_i019\tripinfo.xml
5,20,16,2976.0433333333335,-120682114#2;-24337240#0;-25970859#1;-498033359#2;-782714966#1;-783907721#2;-880137009#1;111677668#4;111677669#3;111681903#0;24337240#7;26216781#1;311298662#1;502325084#1;835443464;876057376,runs_J_k16_plain\none_seed6\g005_i020,runs_J_k16_plain\none_seed6\g005_i020\tripinfo.xml
5,21,16,669.792,-111681903#1;-120682114#1;-25970859#1;-28468730#0;-876343449#0;-876343449#1;-876343449#2;111681903#2;120682114#1;131942152;205590836#2;26216779#1;4970256#7;782714971#2;782714971#3;876343449#0,runs_J_k16_plain\none_seed6\g005_i021,runs_J_k16_plain\none_seed6\g005_i021\tripinfo.xml
5,22,16,644.456,-311298658;-5197062#3;-5197062#4;-782714966#1;-783907721#2;-876343449#2;111677669#5;111681905#1;205590836#2;28468730#0;28468732#1;37628709#1;58621262#1;782714966#1;876057378#1;880140407,runs_J_k16_plain\none_seed6\g005_i022,runs_J_k16_plain\none_seed6\g005_i022\tripinfo.xml
5,23,16,569.32,-111681903#1;-120682114#2;-311298682#0;-498033359#2;-502325084#3;26216779#1;26216781#1;311298662#0;4935286#3;502325084#3;535519490#1;747448014;782714966#0;783907721#0;835445203;876057378#2,runs_J_k16_plain\none_seed6\g005_i023,runs_J_k16_plain\none_seed6\g005_i023\tripinfo.xml
6,0,8,351.10266666666666,-120682114#1;-311298682#0;-5197062#4;-783907721#2;205590836#2;24337240#0;28468732#1;4935286#2,runs_J_k16_plain\none_seed6\g006_i000,runs_J_k16_plain\none_seed6\g006_i000\tripinfo.xml
6,1,16,596.7526666666666,-205590836#0;-24337240#4;-311298658;-498033359#0;-5197062#3;-5197062#4;-535519490#1;-782714966#0;111677668#3;111677669#1;111681905#1;205590836#2;24337240#3;28468730#0;28468732#1;58621262#1,runs_J_k16_plain\none_seed6\g006_i001,runs_J_k16_plain\none_seed6\g006_i001\tripinfo.xml
6,2,16,661.6806666666666,-111677668#3;-111677671#0;-111681903#2;-311298658;111677668#4;111681905#2;26216781#0;28468730#1;28468732#0;28468732#1;311298665;535519490#1;58621262#0;782714971#2;880137010;880140407,runs_J_k16_plain\none_seed6\g006_i002,runs_J_k16_plain\none_seed6\g006_i002\tripinfo.xml
6,3,16,1000000000000.0,-111681903#1;-111681903#2;-311298665;-311298682#0;-498033359#0;-498033359#1;-5197062#4;-782714971#1;120682114#2;24337240#3;28468730#1;311298662#0;4935299#1;502325084#3;535519490#0;835443464,runs_J_k16_plain\none_seed6\g006_i003,runs_J_k16_plain\none_seed6\g006_i003\tripinfo.xml
6,4,16,747.992,-111677668#3;-24337240#6;-502325084#0;-782714971#2;-876343449#0;-880137009#0;205590836#2;24337240#5;26216779#1;26216781#3;28468732#1;311298682#0;37628709#0;4935299#1;502325084#1;782714971#2,runs_J_k16_plain\none_seed6\g006_i004,runs_J_k16_plain\none_seed6\g006_i004\tripinfo.xml
6,5,16,375.56666666666666,-205590836#0;-24337240#4;-311298665;-502325084#3;-782714971#4;-783907721#2;111677669#2;24337240#0;25970859#1;26216781#1;28468732#1;37628709#0;4935286#2;502325084#1;58621262#1;876057378#3,runs_J_k16_plain\none_seed6\g006_i005,runs_J_k16_plain\none_seed6\g006_i005\tripinfo.xml
6,6,16,646.1106666666667,-120682114#1;-24337240#2;-498033359#0;-498033359#3;-502325084#0;-783907721#2;111681903#2;120682114#2;205590836#2;24337240#0;26216779#0;4935286#1;4935286#2;502325084#1;782710712;7924772,runs_J_k16_plain\none_seed6\g006_i006,runs_J_k16_plain\none_seed6\g006_i006\tripinfo.xml
6,7,16,717.2513333333334,-111681903#1;-24337240#4;-782714971#1;-876343449#0;-880137009#0;111677669#3;24337240#1;26216781#1;26216781#3;311298662#0;4935286#0;4970256#6;535519490#1;782714966#0;782714966#1;782714971#2,runs_J_k16_plain\none_seed6\g006_i007,runs_J_k16_plain\none_seed6\g006_i007\tripinfo.xml
6,8,16,531.0,-120682114#2;-120682114#3;-28298231;111681903#0;120682114#1;24337240#0;26216779#0;26216781#1;26216781#3;311298662#0;4970256#7;502325084#3;782714966#1;835445203;876343449#2;880140407,runs_J_k16_plain\none_seed6\g006_i008,runs_J_k16_plain\none_seed6\g006_i008\tripinfo.xml
6,9,16,644.9873333333334,-111681903#0;-120682114#3;-25970859#0;-782714971#3;-783907721#0;-783907721#2;111677669#1;111681903#0;120682114#1;25970859#0;26216781#1;26216781#3;502325084#3;835443464;876057378#2;876343449#2,runs_J_k16_plain\none_seed6\g006_i009,runs_J_k16_plain\none_seed6\g006_i009\tripinfo.xml
6,10,16,449.696,-498033359#1;-498033359#2;-7365262;-880137009#1;111677668#4;111677669#3;111677669#5;24337240#3;311298665;4935286#3;502325084#3;782714966#0;782714971#1;783907721#2;835443464;876057378#2,runs_J_k16_plain\none_seed6\g006_i010,runs_J_k16_plain\none_seed6\g006_i010\tripinfo.xml
6,11,16,644.456,-111681903#2;-498033359#0;-5197062#3;-5197062#4;-782714971#2;-835443464;-880137009#0;111677668#4;131942152;311298682#0;4935286#0;4970256#5;4970256#8;498033359#1;58621262#1;876343449#0,runs_J_k16_plain\none_seed6\g006_i011,runs_J_k16_plain\none_seed6\g006_i011\tripinfo.xml
6,12,16,878.5493333333334,-111677668#0;-111681903#0;-28468730#0;-5197062#3;-783907721#0;24337240#1;311298658;4935286#1;4935286#2;4935286#3;4970256#7;498033359#1;502325084#3;782714971#1;782714971#2;783907721#2,runs_J_k16_plain\none_seed6\g006_i012,runs_J_k16_plain\none_seed6\g006_i012\tripinfo.xml
6,13,16,605.3626666666667,-24337240#2;-311298658;-311298662#0;111677668#0;111677669#4;24337240#0;4935286#0;4935286#1;535519490#1;58621262#1;782714966#0;835445203;876057378#1;876343449#0;876343449#2;880137009#1,runs_J_k16_plain\none_seed6\g006_i013,runs_J_k16_plain\none_seed6\g006_i013\tripinfo.xml
6,14,16,648.174,-120682114#3;-311298682#0;-498033359#2;-498033359#3;-74277990;-835443464;-876343449#2;26216781#2;28468730#1;502325084#3;5197062#3;535519490#0;58621262#1;782714966#0;876057378#5;876343449#2,runs_J_k16_plain\none_seed6\g006_i014,runs_J_k16_plain\none_seed6\g006_i014\tripinfo.xml
6,15,16,1000000000000.0,-111681903#0;-25970859#0;-5197062#3;-535519490#1;111677669#2;111681905#2;24337240#0;26216779#0;26216781#3;4935286#2;782710712;782714966#0;782714966#1;782714971#2;835445203;876057378#2,runs_J_k16_plain\none_seed6\g006_i015,runs_J_k16_plain\none_seed6\g006_i015\tripinfo.xml
6,16,16,660.9153333333334,-111681903#3;-311298658;-311298682#0;-498033359#1;-502325084#0;-535519490#0;-835445203;-880137009#0;24337240#4;26216781#1;28468730#1;28468732#0;4935286#0;782714966#0;783907721#2;7924772,runs_J_k16_plain\none_seed6\g006_i016,runs_J_k16_plain\none_seed6\g006_i016\tripinfo.xml
6,17,16,659.488,-111677668#3;-120682114#1;-120682114#3;-498033359#2;-502325084#0;-782714966#1;111677669#3;26216781#2;28468730#1;28468732#1;4935286#0;4935286#1;4935286#2;747448014;782714971#0;782714971#2,runs_J_k16_plain\none_seed6\g006_i017,runs_J_k16_plain\none_seed6\g006_i017\tripinfo.xml
6,18,16,1840.3253333333334,-7365262;-782714971#4;-783907721#1;-783907721#2;111677669#1;24337240#0;28468730#1;311298658;4935286#0;4935286#1;4970256#8;502325084#0;782714966#0;876057378#4;876343449#1;880137009#1,runs_J_k16_plain\none_seed6\g006_i018,runs_J_k16_plain\none_seed6\g006_i018\tripinfo.xml
6,19,16,616.0846666666666,-111677671#0;-311298658;-311298662#0;-876343449#0;111681903#0;120682114#3;28468732#0;37628709#0;4935286#1;4935286#2;4935299#1;7924772;876057376;876057378#5;876343449#0;876343449#2,runs_J_k16_plain\none_seed6\g006_i019,runs_J_k16_plain\none_seed6\g006_i019\tripinfo.xml
6,20,16,723.7893333333334,-120682114#3;-24337240#0;-25970859#0;-498033359#1;-5197062#3;-5197062#4;111681905#2;24337240#0;28468732#0;4935286#1;4935286#2;498033359#2;58621262#0;783907721#0;783907721#1;876343449#1,runs_J_k16_plain\none_seed6\g006_i020,runs_J_k16_plain\none_seed6\g006_i020\tripinfo.xml
6,21,16,819.1313333333334,-111681903#0;-111681903#3;-120682114#1;-205590836#0;-5197062#4;-535519490#1;-783907721#2;111677669#5;111681903#1;111681905#2;26216779#0;28468732#1;4935286#1;4935286#2;782714966#1;783907721#1,runs_J_k16_plain\none_seed6\g006_i021,runs_J_k16_plain\none_seed6\g006_i021\tripinfo.xml
6,22,16,477.6933333333333,-120682114#2;-28468730#0;-311298662#0;-311298685;-535519490#1;-783907721#2;111677669#4;120682114#3;24337240#0;28468732#1;311298685;4935286#2;747448014;835445203;876057378#0;876057378#4,runs_J_k16_plain\none_seed6\g006_i022,runs_J_k16_plain\none_seed6\g006_i022\tripinfo.xml
6,23,16,568.474,-111677668#0;-111681903#1;-111681903#2;-28468730#0;-311298658;-502325084#0;-782714971#4;-783907721#2;-835445203;26216779#1;498033359#0;502325084#1;535519490#0;782714966#1;835445203;880140407,runs_J_k16_plain\none_seed6\g006_i023,runs_J_k16_plain\none_seed6\g006_i023\tripinfo.xml
7,0,8,351.10266666666666,-120682114#1;-311298682#0;-5197062#4;-783907721#2;205590836#2;24337240#0;28468732#1;4935286#2,runs_J_k16_plain\none_seed6\g007_i000,runs_J_k16_plain\none_seed6\g007_i000\tripinfo.xml
7,1,16,374.94,-120682114#2;-311298662#0;-311298685;-502325084#3;-782714971#4;-783907721#2;111677669#1;120682114#3;24337240#0;26216779#1;311298682#0;4935286#2;4970256#8;498033359#0;747448014;782714966#1,runs_J_k16_plain\none_seed6\g007_i001,runs_J_k16_plain\none_seed6\g007_i001\tripinfo.xml
7,2,16,749.638,-111677668#4;-120682114#2;-24337240#2;-28468730#0;-498033359#2;-783907721#2;111677669#4;111677669#5;498033359#2;782714966#0;782714971#1;782714971#2;876057378#0;876057378#4;880137009#1;880140407,runs_J_k16_plain\none_seed6\g007_i002,runs_J_k16_plain\none_seed6\g007_i002\tripinfo.xml
7,3,16,639.2613333333334,-120682114#1;-205590836#0;-498033359#1;-5197062#4;-876343449#0;120682114#2;24337240#0;24337240#3;4935286#1;4935286#2;502325084#0;782710712;876057376;876057378#4;876057378#5;876343449#2,runs_J_k16_plain\none_seed6\g007_i003,runs_J_k16_plain\none_seed6\g007_i003\tripinfo.xml
7,4,16,367.804,-111681903#0;-311298662#0;-498033359#3;-502325084#0;-783907721#2;-880137009#1;111677669#4;131942152;26216781#1;26216781#3;28468732#1;37628709#1;4935286#2;498033359#0;747448014;876057378#5,runs_J_k16_plain\none_seed6\g007_i004,runs_J_k16_plain\none_seed6\g007_i004\tripinfo.xml
7,5,16,664.2306666666667,-120682114#3;111677668#0;24337240#0;24337240#1;24337240#4;311298662#0;37628709#0;4935286#2;498033359#3;5197062#3;782710712;782714966#1;782714971#3;783907721#1;835445203;876343449#1,runs_J_k16_plain\none_seed6\g007_i005,runs_J_k16_plain\none_seed6\g007_i005\tripinfo.xml
7,6,8,698.442,-25970859#0;-498033359#1;-880140407;24337240#0;26216781#1;26216781#3;502325084#3;835445203,runs_J_k16_plain\none_seed6\g007_i006,runs_J_k16_plain\none_seed6\g007_i006\tripinfo.xml
7,7,16,713.0033333333333,-111677668#0;-205590836#0;-24337240#3;-24337240#4;-498033359#1;-7365262;-782714971#4;-783907721#2;111677668#4;111677669#1;24337240#3;502325084#1;502325084#3;782714971#0;782714971#2;876057378#2,runs_J_k16_plain\none_seed6\g007_i007,runs_J_k16_plain\none_seed6\g007_i007\tripinfo.xml
7,8,16,539.796,-111681903#2;-880137009#1;111677669#2;111681903#2;111681905#1;111681905#2;24337240#0;24337240#4;28468730#1;28468732#1;311298665;37628709#1;498033359#1;58621262#0;58621262#1;747448014,runs_J_k16_plain\none_seed6\g007_i008,runs_J_k16_plain\none_seed6\g007_i008\tripinfo.xml
7,9,9,385.82733333333334,-782714971#0;-880140407;111677668#4;311298665;37628709#1;4935286#2;58621262#0;876057378#0;876343449#0,runs_J_k16_plain\none_seed6\g007_i009,runs_J_k16_plain\none_seed6\g007_i009\tripinfo.xml
7,10,16,863.5946666666666,-120682114#2;-311298662#0;-5197062#3;-5197062#4;-535519490#0;-876343449#0;111677669#4;28468732#1;311298662#0;311298682#0;311298685;37628709#0;498033359#1;58621262#1;782714971#2;835445203,runs_J_k16_plain\none_seed6\g007_i010,runs_J_k16_plain\none_seed6\g007_i010\tripinfo.xml
7,11,10,1620.96,-111681903#0;-880140407;111681905#2;120682114#2;26216779#0;26216781#0;26216781#3;37628709#0;502325084#0;502325084#3,runs_J_k16_plain\none_seed6\g007_i011,runs_J_k16_plain\none_seed6\g007_i011\tripinfo.xml
7,12,16,1949.5146666666667,-24337240#4;-28298231;-502325084#0;-502325084#3;-535519490#0;-880137009#1;111677668#4;111677669#2;120682114#2;26216781#1;4935286#1;4935286#2;498033359#0;498033359#3;782714971#2;876057378#4,runs_J_k16_plain\none_seed6\g007_i012,runs_J_k16_plain\none_seed6\g007_i012\tripinfo.xml
7,13,16,703.272,-120682114#2;-205590836#0;-24337240#4;-25970859#0;-498033359#2;-502325084#3;-783907721#2;111677668#0;111677668#3;111677669#4;111681903#3;111681905#2;131942152;24337240#4;498033359#0;876057378#2,runs_J_k16_plain\none_seed6\g007_i013,runs_J_k16_plain\none_seed6\g007_i013\tripinfo.xml
7,14,16,739.7073333333333,-311298658;-535519490#0;111681905#2;120682114#1;120682114#2;25970859#1;26216781#1;28468732#0;4935286#0;4935286#2;4935286#3;535519490#1;58621262#1;782714971#1;876057378#1;876057378#3,runs_J_k16_plain\none_seed6\g007_i014,runs_J_k16_plain\none_seed6\g007_i014\tripinfo.xml
7,15,8,440.67066666666665,-111677668#4;-120682114#1;-28468730#0;-782714971#3;111681903#2;111681905#1;311298685;4935286#2,runs_J_k16_plain\none_seed6\g007_i015,runs_J_k16_plain\none_seed6\g007_i015\tripinfo.xml
7,16,16,351.24266666666665,-311298662#0;-311298662#1;-311298682#0;-502325084#3;-783907721#2;-876343449#2;111677669#4;111681905#1;205590836#2;26216779#0;311298685;4935286#2;4935286#3;4970256#7;876343449#2;880137010,runs_J_k16_plain\none_seed6\g007_i016,runs_J_k16_plain\none_seed6\g007_i016\tripinfo.xml
7,17,8,1000000000000.0,-311298682#0;111677668#3;311298685;4935286#3;498033359#0;498033359#2;783907721#2;835445203,runs_J_k16_plain\none_seed6\g007_i017,runs_J_k16_plain\none_seed6\g007_i017\tripinfo.xml
7,18,4,373.832,-4950193;111681903#3;4935286#2;4935286#3,runs_J_k16_plain\none_seed6\g007_i018,runs_J_k16_plain\none_seed6\g007_i018\tripinfo.xml
7,19,16,1538.316,-111681903#0;-111681903#1;-28468730#0;-498033359#3;-782714971#4;-783907721#2;-835443464;-835445203;111677668#0;111677669#1;311298685;502325084#1;876057378#2;876057378#3;876343449#1;876343449#2,runs_J_k16_plain\none_seed6\g007_i019,runs_J_k16_plain\none_seed6\g007_i019\tripinfo.xml
7,20,12,1000000000000.0,-311298662#0;-535519490#0;-783907721#0;111681903#0;26216779#1;26216781#1;4970256#7;782710712;782714966#0;835445203;880137010;880140407,runs_J_k16_plain\none_seed6\g007_i020,runs_J_k16_plain\none_seed6\g007_i020\tripinfo.xml
7,21,16,444.1906666666667,-111677668#0;-111677668#3;-205590836#0;-24337240#1;-502325084#3;-5197062#3;-783907721#0;-783907721#2;111681905#1;205590836#2;24337240#0;26216781#1;37628709#0;4935286#0;4935286#2;498033359#3,runs_J_k16_plain\none_seed6\g007_i021,runs_J_k16_plain\none_seed6\g007_i021\tripinfo.xml
7,22,6,1000000000000.0,-111681903#1;-120682114#1;-311298665;28468730#0;876343449#0;876343449#2,runs_J_k16_plain\none_seed6\g007_i022,runs_J_k16_plain\none_seed6\g007_i022\tripinfo.xml
7,23,16,653.9206666666666,-111681903#2;-120682114#3;-25970859#0;-28298231;-311298662#1;-783907721#2;111681905#2;24337240#0;28468732#1;311298682#0;311298685;4935299#1;498033359#1;782714966#1;782714971#2;876057378#0,runs_J_k16_plain\none_seed6\g007_i023,runs_J_k16_plain\none_seed6\g007_i023\tripinfo.xml
8,0,8,351.10266666666666,-120682114#1;-311298682#0;-5197062#4;-783907721#2;205590836#2;24337240#0;28468732#1;4935286#2,runs_J_k16_plain\none_seed6\g008_i000,runs_J_k16_plain\none_seed6\g008_i000\tripinfo.xml
8,1,16,443.446,-111677668#0;-111677671#0;-120682114#1;-24337240#3;-311298662#0;-876343449#2;111677668#4;111677669#3;111681903#2;111681905#1;28468732#0;311298685;4935286#2;782714971#0;783907721#0;835443464,runs_J_k16_plain\none_seed6\g008_i001,runs_J_k16_plain\none_seed6\g008_i001\tripinfo.xml
8,2,13,598.6233333333333,-111677668#4;-28468730#0;-502325084#3;-74277990;-782714971#2;-782714971#3;-880137009#1;111681905#1;28468732#1;37628709#0;4935299#1;502325084#3;876343449#2,runs_J_k16_plain\none_seed6\g008_i002,runs_J_k16_plain\none_seed6\g008_i002\tripinfo.xml
8,3,16,604.9353333333333,-111681903#0;-120682114#2;-24337240#0;-24337240#6;-498033359#2;-783907721#2;111681903#0;205590836#2;26216781#1;26216781#2;28468732#1;37628709#1;4970256#8;498033359#1;782714966#1;876343449#0,runs_J_k16_plain\none_seed6\g008_i003,runs_J_k16_plain\none_seed6\g008_i003\tripinfo.xml
8,4,16,372.034,-111677668#0;-24337240#7;-498033359#1;-498033359#3;-783907721#2;-876343449#1;-880137009#1;24337240#0;26216781#0;37628709#1;4935286#2;4935299#1;498033359#0;498033359#1;747448014;782714971#4,runs_J_k16_plain\none_seed6\g008_i004,runs_J_k16_plain\none_seed6\g008_i004\tripinfo.xml
8,5,13,644.456,-24337240#6;-28298231;-311298665;-5197062#3;-782714971#0;-880137009#1;111677668#0;111677668#4;111677669#0;120682114#3;311298682#0;747448014;782714966#1,runs_J_k16_plain\none_seed6\g008_i005,runs_J_k16_plain\none_seed6\g008_i005\tripinfo.xml
8,6,16,660.3173333333333,-24337240#0;-24337240#2;-24337240#7;-311298685;-502325084#3;-783907721#2;111677669#0;111677669#1;26216779#0;37628709#0;4970256#8;498033359#0;502325084#1;502325084#3;876057378#5;876343449#2,runs_J_k16_plain\none_seed6\g008_i006,runs_J_k16_plain\none_seed6\g008_i006\tripinfo.xml
8,7,16,680.948,-111681903#3;-120682114#3;-24337240#4;-28468730#0;-311298682#0;-5197062#4;-782714971#3;-783907721#2;24337240#0;26216779#1;26216781#0;28468732#1;311298662#0;502325084#3;876057378#1;876057378#3,runs_J_k16_plain\none_seed6\g008_i007,runs_J_k16_plain\none_seed6\g008_i007\tripinfo.xml
8,8,16,353.116,-111681903#3;-120682114#1;-205590836#0;-311298662#0;-311298682#0;-876343449#0;111681905#1;120682114#2;24337240#0;28468732#1;4935286#2;4935299#1;4970256#7;835445203;876057378#1;880137010,runs_J_k16_plain\none_seed6\g008_i008,runs_J_k16_plain\none_seed6\g008_i008\tripinfo.xml
8,9,16,640.5913333333333,-111681903#0;-111681903#2;-74277990;111677668#4;111681905#1;111681905#2;24337240#4;28468730#1;37628709#1;498033359#1;498033359#3;535519490#1;58621262#0;783907721#0;876057378#1;876057378#5,runs_J_k16_plain\none_seed6\g008_i009,runs_J_k16_plain\none_seed6\g008_i009\tripinfo.xml
8,10,16,483.57933333333335,-120682114#1;-311298662#0;-502325084#0;-5197062#4;-783907721#1;-876343449#2;-880137009#0;-880137009#1;131942152;26216781#3;311298665;498033359#3;502325084#1;5197062#4;747448014;876057378#3,runs_J_k16_plain\none_seed6\g008_i010,runs_J_k16_plain\none_seed6\g008_i010\tripinfo.xml
8,11,16,695.7233333333334,-111681903#2;-120682114#2;-25970859#0;-28298231;-311298682#0;-498033359#2;-498033359#3;111677669#0;111677669#1;111677669#4;311298682#0;4935286#3;4970256#8;498033359#0;535519490#1;880137009#0,runs_J_k16_plain\none_seed6\g008_i011,runs_J_k16_plain\none_seed6\g008_i011\tripinfo.xml
8,12,16,2235.364666666667,-111681903#3;-205590836#0;-24337240#2;-498033359#3;-5197062#3;-782714971#2;-783907721#2;111677668#0;111681903#3;111681905#2;24337240#0;26216779#1;4935286#0;4970256#7;498033359#0;498033359#1,runs_J_k16_plain\none_seed6\g008_i012,runs_J_k16_plain\none_seed6\g008_i012\tripinfo.xml
8,13,16,1000000000000.0,-111681903#1;-24337240#7;-502325084#0;-535519490#0;-783907721#2;-880137009#1;111681905#1;111681905#2;120682114#3;24337240#3;26216781#2;28468730#1;311298665;311298685;37628709#1;498033359#2,runs_J_k16_plain\none_seed6\g008_i013,runs_J_k16_plain\none_seed6\g008_i013\tripinfo.xml
8,14,16,638.866,-111681903#2;-498033359#2;-782714966#1;-876343449#0;111677669#2;111681903#1;24337240#0;24337240#7;28468730#0;4935286#1;4935286#2;4970256#5;498033359#1;498033359#3;58621262#0;747448014,runs_J_k16_plain\none_seed6\g008_i014,runs_J_k16_plain\none_seed6\g008_i014\tripinfo.xml
8,15,16,639.2646666666667,-120682114#2;-311298662#0;-311298685;-782714971#3;111677669#4;120682114#3;24337240#3;28468732#1;311298682#0;4970256#5;4970256#8;747448014;782714966#1;782714971#1;876057378#0;876057378#3,runs_J_k16_plain\none_seed6\g008_i015,runs_J_k16_plain\none_seed6\g008_i015\tripinfo.xml
8,16,16,1000000000000.0,-120682114#2;-205590836#0;-311298662#0;-311298665;-311298685;-7365262;111677669#1;111677669#3;37628709#0;37628709#1;4935286#2;498033359#0;498033359#1;782714966#1;876057378#2;880140407,runs_J_k16_plain\none_seed6\g008_i016,runs_J_k16_plain\none_seed6\g008_i016\tripinfo.xml
8,17,16,383.3453333333333,-120682114#1;-311298682#0;-783907721#2;-880137009#1;111677669#1;111677669#3;131942152;24337240#1;26216781#2;28468732#1;311298665;4935286#2;498033359#3;782714966#1;783907721#1;876057376,runs_J_k16_plain\none_seed6\g008_i017,runs_J_k16_plain\none_seed6\g008_i017\tripinfo.xml
8,18,16,610.94,-111681903#0;-120682114#3;-311298662#0;-5197062#4;111677668#4;111677669#3;111681905#1;111681905#2;24337240#4;311298662#0;4935286#2;5197062#3;747448014;783907721#1;7924772;876343449#1,runs_J_k16_plain\none_seed6\g008_i018,runs_J_k16_plain\none_seed6\g008_i018\tripinfo.xml
8,19,16,594.81,-311298662#0;-311298685;-498033359#2;-498033359#3;-782714971#1;-782714971#4;-783907721#1;-835443464;111677669#1;24337240#0;26216779#1;4935286#0;747448014;876057378#2;876057378#3;880137009#1,runs_J_k16_plain\none_seed6\g008_i019,runs_J_k16_plain\none_seed6\g008_i019\tripinfo.xml
8,20,16,1612.1733333333334,-111681903#0;-498033359#3;-502325084#0;-783907721#2;111677669#0;111677669#5;111681905#1;120682114#2;131942152;26216781#1;26216781#3;28468732#1;311298662#0;4935286#2;498033359#1;747448014,runs_J_k16_plain\none_seed6\g008_i020,runs_J_k16_plain\none_seed6\g008_i020\tripinfo.xml
8,21,16,484.24266666666665,-120682114#3;-28298231;-28468730#0;-311298682#0;-782714971#0;111681903#2;111681905#1;28468730#0;28468730#1;28468732#0;4935286#2;4970256#7;502325084#0;876057376;876343449#2;880140407,runs_J_k16_plain\none_seed6\g008_i021,runs_J_k16_plain\none_seed6\g008_i021\tripinfo.xml
8,22,16,564.9806666666667,-111677668#4;-24337240#0;-311298658;-311298662#0;-311298662#1;-4950193;-782714971#3;-876343449#2;111677669#1;111681905#1;205590836#2;24337240#5;26216781#0;4970256#6;502325084#0;880137010,runs_J_k16_plain\none_seed6\g008_i022,runs_J_k16_plain\none_seed6\g008_i022\tripinfo.xml
8,23,16,688.4706666666667,-111681903#2;-120682114#2;-120682114#3;-24337240#2;-25970859#1;-5197062#4;24337240#7;26216779#1;28468732#0;311298658;311298665;311298682#0;4935286#2;4935286#3;4970256#8;502325084#3,runs_J_k16_plain\none_seed6\g008_i023,runs_J_k16_plain\none_seed6\g008_i023\tripinfo.xml
9,0,8,351.10266666666666,-120682114#1;-311298682#0;-5197062#4;-783907721#2;205590836#2;24337240#0;28468732#1;4935286#2,runs_J_k16_plain\none_seed6\g009_i000,runs_J_k16_plain\none_seed6\g009_i000\tripinfo.xml
9,1,16,571.0133333333333,-120682114#1;-311298658;-498033359#3;-880137009#1;111677668#4;111677669#3;111681903#2;120682114#1;24337240#7;28468730#1;4935299#1;535519490#1;58621262#1;782714971#4;783907721#0;876343449#2,runs_J_k16_plain\none_seed6\g009_i001,runs_J_k16_plain\none_seed6\g009_i001\tripinfo.xml
9,2,16,1000000000000.0,-311298665;-498033359#1;-502325084#0;-502325084#3;-535519490#0;-74277990;-782714971#1;-783907721#2;-876343449#1;-876343449#2;111681905#1;311298685;37628709#1;4935286#2;498033359#1;782710712,runs_J_k16_plain\none_seed6\g009_i002,runs_J_k16_plain\none_seed6\g009_i002\tripinfo.xml
9,3,16,463.38,-28468730#0;-498033359#3;-5197062#4;-783907721#2;-876343449#1;-876343449#2;-880137009#1;111681903#2;131942152;26216781#3;311298665;37628709#1;4970256#5;62826731;782714966#0;835443464,runs_J_k16_plain\none_seed6\g009_i003,runs_J_k16_plain\none_seed6\g009_i003\tripinfo.xml
9,4,14,1403.6426666666666,-111681903#2;-28298231;-498033359#1;-502325084#3;-783907721#2;-880137009#0;-880137009#1;111677669#0;120682114#2;24337240#0;26216781#0;311298662#0;5197062#4;782714971#4,runs_J_k16_plain\none_seed6\g009_i004,runs_J_k16_plain\none_seed6\g009_i004\tripinfo.xml
9,5,16,1279.774,-311298658;-311298682#0;-502325084#3;-783907721#2;-880137009#1;111677669#3;120682114#2;26216781#0;26216781#3;28468730#1;311298665;498033359#3;782714966#1;782714971#0;783907721#1;876057378#0,runs_J_k16_plain\none_seed6\g009_i005,runs_J_k16_plain\none_seed6\g009_i005\tripinfo.xml
9,6,9,668.494,-24337240#7;-311298682#0;-498033359#1;-782714971#4;111681903#0;4935299#1;4970256#8;498033359#1;782714971#2,runs_J_k16_plain\none_seed6\g009_i006,runs_J_k16_plain\none_seed6\g009_i006\tripinfo.xml
9,7,16,674.5193333333333,-111677671#0;-111681903#1;-120682114#2;-24337240#0;-24337240#3;-311298662#0;-311298662#1;-782714966#0;-782714971#3;-876343449#2;111677669#3;24337240#4;28468732#0;498033359#3;502325084#1;782714971#2,runs_J_k16_plain\none_seed6\g009_i007,runs_J_k16_plain\none_seed6\g009_i007\tripinfo.xml
9,8,8,459.35266666666666,-28298231;-311298662#0;-783907721#1;311298685;4970256#7;498033359#3;876057378#3;880140407,runs_J_k16_plain\none_seed6\g009_i008,runs_J_k16_plain\none_seed6\g009_i008\tripinfo.xml
9,9,16,867.0146666666667,-502325084#0;-502325084#1;-783907721#1;-783907721#2;120682114#3;205590836#2;24337240#7;26216781#3;311298662#0;311298685;4935286#2;4970256#7;4970256#8;502325084#1;5197062#4;876057378#3,runs_J_k16_plain\none_seed6\g009_i009,runs_J_k16_plain\none_seed6\g009_i009\tripinfo.xml
9,10,16,800.9466666666667,-111681903#2;-120682114#3;-28298231;-311298662#0;-783907721#2;-876343449#2;-880137009#0;111677669#2;26216779#1;26216781#1;26216781#2;311298682#0;498033359#3;5197062#4;876057378#4;880137009#0,runs_J_k16_plain\none_seed6\g009_i010,runs_J_k16_plain\none_seed6\g009_i010\tripinfo.xml
9,11,16,621.608,-111677668#0;-498033359#0;111677668#4;111677669#0;111677669#2;111677669#5;111681903#1;205590836#2;28468732#0;4935286#2;498033359#0;876057378#0;876057378#2;876343449#2;880137009#0;880140407,runs_J_k16_plain\none_seed6\g009_i011,runs_J_k16_plain\none_seed6\g009_i011\tripinfo.xml
9,12,16,595.3713333333334,-120682114#1;-28298231;-782714971#0;111681903#1;111681903#2;111681905#1;28468732#1;311298665;311298685;4935299#1;535519490#0;535519490#1;876057376;876057378#1;876057378#3;880137009#1,runs_J_k16_plain\none_seed6\g009_i012,runs_J_k16_plain\none_seed6\g009_i012\tripinfo.xml
9,13,16,1000000000000.0,-111681903#2;-311298665;-311298685;-502325084#0;-5197062#4;-782714971#2;-876343449#2;-880137009#0;111677669#0;26216781#3;28468730#0;498033359#3;502325084#0;502325084#1;5197062#4;876057378#2,runs_J_k16_plain\none_seed6\g009_i013,runs_J_k16_plain\none_seed6\g009_i013\tripinfo.xml
9,14,16,392.93266666666665,-120682114#1;-28468730#0;-311298665;-783907721#0;-783907721#1;111681905#1;24337240#4;25970859#1;26216781#3;28468730#1;498033359#1;502325084#1;5197062#3;5197062#4;747448014;876343449#2,runs_J_k16_plain\none_seed6\g009_i014,runs_J_k16_plain\none_seed6\g009_i014\tripinfo.xml
9,15,15,537.052,-111677668#0;-111681903#0;-311298662#0;-535519490#1;-782714971#3;111677669#0;111677671#0;120682114#3;24337240#4;37628709#0;4935286#2;4970256#7;502325084#0;782714966#0;835443464,runs_J_k16_plain\none_seed6\g009_i015,runs_J_k16_plain\none_seed6\g009_i015\tripinfo.xml
9,16,16,1185.1266666666668,-120682114#1;-782714971#4;-876343449#2;111681905#1;24337240#0;4935286#2;4970256#7;498033359#2;502325084#3;535519490#1;782714971#0;783907721#0;876057376;876057378#5;876343449#2;880140407,runs_J_k16_plain\none_seed6\g009_i016,runs_J_k16_plain\none_seed6\g009_i016\tripinfo.xml
9,17,16,388.0106666666667,-111681903#3;-120682114#2;-311298662#0;-782714971#2;-782714971#3;-876343449#2;111677668#4;111681903#2;28468732#1;311298685;4935286#2;4935286#3;498033359#2;835443464;876057378#5;876343449#2,runs_J_k16_plain\none_seed6\g009_i017,runs_J_k16_plain\none_seed6\g009_i017\tripinfo.xml
9,18,16,644.5806666666666,-111677668#0;-111677668#4;-28468730#0;-502325084#3;-782714971#1;-782714971#4;-876343449#1;-880137009#1;111677669#3;111681903#2;24337240#4;24337240#5;37628709#0;4935299#1;502325084#3;782714971#0,runs_J_k16_plain\none_seed6\g009_i018,runs_J_k16_plain\none_seed6\g009_i018\tripinfo.xml
9,19,16,388.2366666666667,-205590836#0;-24337240#4;-502325084#3;-782714971#0;-782714971#3;111677669#4;111681903#2;111681905#2;28468732#0;28468732#1;4935286#2;4970256#7;498033359#2;58621262#0;782714971#0;7924772,runs_J_k16_plain\none_seed6\g009_i019,runs_J_k16_plain\none_seed6\g009_i019\tripinfo.xml
9,20,16,485.53333333333336,-111681903#1;-28468730#0;-311298662#1;-311298682#0;-502325084#0;-502325084#1;111681905#1;26216779#0;28468730#0;4935286#1;4970256#7;498033359#2;835445203;876057378#0;876343449#2;880140407,runs_J_k16_plain\none_seed6\g009_i020,runs_J_k16_plain\none_seed6\g009_i020\tripinfo.xml
9,21,16,692.8813333333334,-205590836#0;-311298658;-782714971#2;-783907721#0;-876343449#0;-876343449#2;111677669#2;120682114#3;24337240#0;24337240#7;26216781#0;498033359#3;502325084#1;5197062#4;58621262#0;880140407,runs_J_k16_plain\none_seed6\g009_i021,runs_J_k16_plain\none_seed6\g009_i021\tripinfo.xml
9,22,16,644.456,-111681903#2;-24337240#2;-311298662#1;-4950193;-498033359#2;111681905#1;205590836#2;24337240#7;26216781#0;311298662#1;4935286#1;4970256#5;4970256#6;498033359#1;747448014;876343449#0,runs_J_k16_plain\none_seed6\g009_i022,runs_J_k16_plain\none_seed6\g009_i022\tripinfo.xml
9,23,16,355.98266666666666,-24337240#1;-24337240#7;-502325084#3;-880137009#1;24337240#0;37628709#0;4935286#2;4970256#7;498033359#1;535519490#0;747448014;783907721#2;835445203;876057378#1;876343449#0;880137010,runs_J_k16_plain\none_seed6\g009_i023,runs_J_k16_plain\none_seed6\g009_i023\tripinfo.xml
10,0,8,351.10266666666666,-120682114#1;-311298682#0;-5197062#4;-783907721#2;205590836#2;24337240#0;28468732#1;4935286#2,runs_J_k16_plain\none_seed6\g010_i000,runs_J_k16_plain\none_seed6\g010_i000\tripinfo.xml
10,1,16,497.274,-28468730#0;-311298685;-7365262;-835445203;-876343449#2;-880137009#0;-880137009#1;131942152;26216779#0;311298665;4970256#6;5197062#3;535519490#1;62826731;782710712;782714966#0,runs_J_k16_plain\none_seed6\g010_i001,runs_J_k16_plain\none_seed6\g010_i001\tripinfo.xml
10,2,16,773.4473333333333,-111677671#0;-111681903#2;-111681903#3;-311298665;-311298682#0;-498033359#3;-876343449#1;111677669#1;111677669#3;111677669#4;131942152;311298665;311298682#0;4935286#2;782710712;782714966#0,runs_J_k16_plain\none_seed6\g010_i002,runs_J_k16_plain\none_seed6\g010_i002\tripinfo.xml
10,3,16,497.10133333333334,-24337240#7;-311298662#1;-498033359#0;-535519490#1;-876343449#2;111681903#2;24337240#2;26216779#1;28468732#0;28468732#1;4935286#2;498033359#0;535519490#0;835443464;876343449#1;876343449#2,runs_J_k16_plain\none_seed6\g010_i003,runs_J_k16_plain\none_seed6\g010_i003\tripinfo.xml
10,4,16,637.506,-111681903#3;-4950193;-535519490#0;-782714971#4;111677669#0;111681903#1;26216781#2;311298665;4935286#2;4935286#3;498033359#2;876057378#0;876057378#2;876057378#4;876057378#5;876343449#2,runs_J_k16_plain\none_seed6\g010_i004,runs_J_k16_plain\none_seed6\g010_i004\tripinfo.xml
10,5,16,789.1566666666666,-120682114#1;-311298658;-502325084#3;-783907721#2;111681905#2;120682114#3;24337240#4;25970859#1;26216781#2;311298665;4935299#1;5197062#3;5197062#4;535519490#1;876057378#3;880140407,runs_J_k16_plain\none_seed6\g010_i005,runs_J_k16_plain\none_seed6\g010_i005\tripinfo.xml
10,6,8,1000000000000.0,-311298665;-5197062#3;-835445203;-880137009#0;111677669#5;28468730#0;747448014;876057376,runs_J_k16_plain\none_seed6\g010_i006,runs_J_k16_plain\none_seed6\g010_i006\tripinfo.xml
10,7,16,545.658,-24337240#0;-24337240#7;-28468730#0;-502325084#3;-782714971#0;-880137009#1;111677669#4;111681903#0;26216779#0;4935286#2;498033359#2;502325084#0;535519490#0;783907721#2;7924772;880137010,runs_J_k16_plain\none_seed6\g010_i007,runs_J_k16_plain\none_seed6\g010_i007\tripinfo.xml
10,8,16,387.48133333333334,-205590836#0;-311298685;-502325084#3;-782714971#3;-783907721#0;111681903#1;24337240#0;26216781#0;26216781#3;4935286#2;58621262#0;58621262#1;782714971#4;783907721#2;835445203;880137010,runs_J_k16_plain\none_seed6\g010_i008,runs_J_k16_plain\none_seed6\g010_i008\tripinfo.xml
10,9,6,385.48533333333336,-24337240#6;-24337240#7;-783907721#0;28468730#0;4935286#2;62826731,runs_J_k16_plain\none_seed6\g010_i009,runs_J_k16_plain\none_seed6\g010_i009\tripinfo.xml
10,10,16,635.4726666666667,-111677671#0;-111681903#1;-28468730#0;-4950193;-5197062#4;-880137009#1;120682114#3;28468732#0;37628709#0;37628709#1;498033359#1;58621262#1;747448014;782714966#1;876057378#2;880137010,runs_J_k16_plain\none_seed6\g010_i010,runs_J_k16_plain\none_seed6\g010_i010\tripinfo.xml
10,11,16,449.8353333333333,-111677668#3;-120682114#1;-24337240#1;-24337240#2;-28468730#0;-498033359#3;-5197062#4;-74277990;-876343449#2;24337240#3;26216781#3;28468732#1;4935286#2;782714966#1;782714971#1;835443464,runs_J_k16_plain\none_seed6\g010_i011,runs_J_k16_plain\none_seed6\g010_i011\tripinfo.xml
10,12,16,577.4313333333333,-5197062#4;-876343449#0;-876343449#1;-876343449#2;111677668#4;111681903#2;131942152;26216781#3;311298685;4935286#0;4935286#1;4970256#6;782714966#0;7924772;835443464;876343449#2,runs_J_k16_plain\none_seed6\g010_i012,runs_J_k16_plain\none_seed6\g010_i012\tripinfo.xml
10,13,16,1000000000000.0,-111677668#3;-25970859#0;-498033359#1;-783907721#0;-783907721#2;111681903#1;111681905#1;120682114#2;25970859#0;26216779#0;37628709#0;4935286#2;498033359#1;5197062#3;782714971#2;876057378#4,runs_J_k16_plain\none_seed6\g010_i013,runs_J_k16_plain\none_seed6\g010_i013\tripinfo.xml
10,14,16,1000000000000.0,-111681903#1;-28298231;-311298682#0;-5197062#4;-782714971#0;-782714971#4;-880137009#1;111681903#0;205590836#2;24337240#4;24337240#7;28468732#1;535519490#0;876057378#1;876343449#1;880137009#0,runs_J_k16_plain\none_seed6\g010_i014,runs_J_k16_plain\none_seed6\g010_i014\tripinfo.xml
10,15,16,599.5866666666667,-205590836#0;-24337240#0;-24337240#4;-28298231;-311298682#0;-502325084#0;-535519490#0;-782714971#3;-880140407;111681905#1;24337240#0;37628709#0;58621262#0;782714971#0;880137010;880140407,runs_J_k16_plain\none_seed6\g010_i015,runs_J_k16_plain\none_seed6\g010_i015\tripinfo.xml
10,16,16,612.4453333333333,-111681903#1;-120682114#1;-25970859#1;-782714971#0;-876343449#0;111677668#3;111677669#0;111677669#4;111681905#2;205590836#2;24337240#7;25970859#0;26216779#0;28468732#1;311298682#0;498033359#2,runs_J_k16_plain\none_seed6\g010_i016,runs_J_k16_plain\none_seed6\g010_i016\tripinfo.xml
10,17,16,484.398,-4950193;-498033359#1;-5197062#4;-835445203;-876343449#2;-880137009#0;111677671#0;111681903#2;131942152;26216781#3;28468732#1;311298665;311298685;4970256#5;4970256#6;880137009#0,runs_J_k16_plain\none_seed6\g010_i017,runs_J_k16_plain\none_seed6\g010_i017\tripinfo.xml
10,18,11,705.47,-5197062#3;-5197062#4;-782714971#2;-782714971#3;-876343449#1;111677671#0;111681903#0;26216779#1;311298665;502325084#0;62826731,runs_J_k16_plain\none_seed6\g010_i018,runs_J_k16_plain\none_seed6\g010_i018\tripinfo.xml
10,19,16,2026.3766666666668,-111681903#3;-311298662#0;-311298662#1;-783907721#1;111677668#0;111677669#3;111677669#5;120682114#2;120682114#3;24337240#5;311298662#0;311298685;498033359#2;5197062#3;7924772;880140407,runs_J_k16_plain\none_seed6\g010_i019,runs_J_k16_plain\none_seed6\g010_i019\tripinfo.xml
10,20,16,515.2466666666667,-311298662#0;-5197062#4;-782714971#3;-876343449#2;111677668#4;111681903#1;111681903#2;24337240#5;311298685;4970256#8;782714971#3;782714971#4;876057378#1;876057378#3;880137009#1;880140407,runs_J_k16_plain\none_seed6\g010_i020,runs_J_k16_plain\none_seed6\g010_i020\tripinfo.xml
10,21,1,629.3966666666666,58621262#0,runs_J_k16_plain\none_seed6\g010_i021,runs_J_k16_plain\none_seed6\g010_i021\tripinfo.xml
10,22,16,406.64733333333334,-111681903#3;-311298662#0;-311298685;-498033359#3;-782714971#3;-782714971#4;-876343449#2;120682114#2;26216781#1;28468732#1;4935286#2;4935286#3;502325084#0;747448014;876057378#5;880137010,runs_J_k16_plain\none_seed6\g010_i022,runs_J_k16_plain\none_seed6\g010_i022\tripinfo.xml
10,23,16,736.61,-111681903#3;-120682114#1;-25970859#0;-25970859#1;-28468730#0;-783907721#0;24337240#7;26216781#1;37628709#1;498033359#1;5197062#3;782714966#0;782714971#4;783907721#0;876057376;876057378#0,runs_J_k16_plain\none_seed6\g010_i023,runs_J_k16_plain\none_seed6\g010_i023\tripinfo.xml
11,0,8,351.10266666666666,-120682114#1;-311298682#0;-5197062#4;-783907721#2;205590836#2;24337240#0;28468732#1;4935286#2,runs_J_k16_plain\none_seed6\g011_i000,runs_J_k16_plain\none_seed6\g011_i000\tripinfo.xml
11,1,16,361.1073333333333,-502325084#3;-782714971#0;-782714971#2;-783907721#2;-880137009#0;205590836#2;24337240#0;24337240#1;4935286#2;782714966#1;782714971#1;783907721#2;835443464;876057378#4;880137009#0;880137009#1,runs_J_k16_plain\none_seed6\g011_i001,runs_J_k16_plain\none_seed6\g011_i001\tripinfo.xml
11,2,16,378.74533333333335,-111681903#0;-24337240#7;-25970859#1;-28468730#0;-311298682#0;-835443464;-880137009#1;111677669#4;111681903#0;205590836#2;24337240#0;26216781#3;28468732#0;4935286#2;4970256#7;535519490#0,runs_J_k16_plain\none_seed6\g011_i002,runs_J_k16_plain\none_seed6\g011_i002\tripinfo.xml
11,3,16,1000000000000.0,-24337240#6;-24337240#7;-311298665;-311298685;-535519490#1;-782714971#0;-782714971#3;-783907721#0;111677669#3;4935286#2;58621262#1;782714971#4;835443464;835445203;876057378#3;876343449#2,runs_J_k16_plain\none_seed6\g011_i003,runs_J_k16_plain\none_seed6\g011_i003\tripinfo.xml
11,4,16,692.994,-205590836#0;-311298662#1;111681903#2;24337240#2;26216779#1;26216781#3;28468732#0;311298658;4935286#3;4970256#8;498033359#0;498033359#3;782714971#4;783907721#2;876057376;876057378#1,runs_J_k16_plain\none_seed6\g011_i004,runs_J_k16_plain\none_seed6\g011_i004\tripinfo.xml
11,5,16,2599.35,-24337240#6;-502325084#3;111677668#3;111681903#1;111681905#1;131942152;28468730#0;28468730#1;311298662#0;311298662#1;311298682#0;4935286#2;4935299#1;58621262#0;782714971#1;783907721#2,runs_J_k16_plain\none_seed6\g011_i005,runs_J_k16_plain\none_seed6\g011_i005\tripinfo.xml
11,6,16,1163.342,-111681903#2;-205590836#0;-24337240#7;-782714971#3;111677668#3;111677669#0;111677669#2;120682114#2;131942152;26216781#0;26216781#2;28468732#1;4935286#2;58621262#1;835445203;880137010,runs_J_k16_plain\none_seed6\g011_i006,runs_J_k16_plain\none_seed6\g011_i006\tripinfo.xml
11,7,16,856.122,-120682114#3;-311298662#0;-311298685;-782714971#3;-783907721#2;120682114#1;24337240#5;25970859#1;4970256#8;502325084#3;782710712;782714966#0;782714971#3;880137009#1;880137010;880140407,runs_J_k16_plain\none_seed6\g011_i007,runs_J_k16_plain\none_seed6\g011_i007\tripinfo.xml
11,8,16,746.4506666666666,-311298662#1;-782714966#1;111677669#0;111677669#5;111681903#2;205590836#2;24337240#2;26216779#1;28468732#0;311298662#1;4935286#2;4970256#5;502325084#3;535519490#0;876343449#2;880137009#0,runs_J_k16_plain\none_seed6\g011_i008,runs_J_k16_plain\none_seed6\g011_i008\tripinfo.xml
11,9,10,458.656,-111677668#0;-28468730#0;-502325084#1;-7365262;111681903#0;311298665;4935286#0;4935286#2;535519490#1;62826731,runs_J_k16_plain\none_seed6\g011_i009,runs_J_k16_plain\none_seed6\g011_i009\tripinfo.xml
11,10,16,596.252,-311298685;-498033359#3;-5197062#4;-782714971#4;-876343449#0;-876343449#2;-880137009#0;111677669#3;26216779#0;26216781#1;26216781#3;62826731;747448014;782714971#4;876057378#4;876343449#2,runs_J_k16_plain\none_seed6\g011_i010,runs_J_k16_plain\none_seed6\g011_i010\tripinfo.xml
11,11,16,719.2786666666667,-120682114#1;-4950193;-498033359#1;-502325084#3;-5197062#4;-782714966#1;-835445203;-880137009#0;111677671#0;28468730#1;28468732#1;311298658;311298665;311298685;58621262#1;880137009#0,runs_J_k16_plain\none_seed6\g011_i011,runs_J_k16_plain\none_seed6\g011_i011\tripinfo.xml
11,12,16,1000000000000.0,-24337240#6;-25970859#1;-311298662#0;-498033359#3;-535519490#1;-782714971#3;111677668#4;111681903#1;24337240#5;25970859#1;311298685;502325084#0;782714971#3;783907721#2;876057378#1;876057378#3,runs_J_k16_plain\none_seed6\g011_i012,runs_J_k16_plain\none_seed6\g011_i012\tripinfo.xml
11,13,16,387.8566666666667,-205590836#0;-24337240#0;-5197062#3;-782714971#2;-783907721#0;-876343449#0;111681903#1;26216781#3;311298658;4935286#0;4935286#2;782714971#4;783907721#2;835443464;876057378#3;876343449#1,runs_J_k16_plain\none_seed6\g011_i013,runs_J_k16_plain\none_seed6\g011_i013\tripinfo.xml
11,14,16,371.602,-111681903#3;-205590836#0;-782714966#0;111677668#4;111677669#0;120682114#1;24337240#0;26216779#0;28468730#1;311298685;4935286#2;4970256#6;4970256#7;498033359#0;835445203;876343449#2,runs_J_k16_plain\none_seed6\g011_i014,runs_J_k16_plain\none_seed6\g011_i014\tripinfo.xml
11,15,15,423.08733333333333,-24337240#7;-7365262;-74277990;-783907721#0;111677668#3;111677669#4;131942152;311298665;311298685;4935286#1;4935286#3;4935299#1;782710712;880137009#0;880137010,runs_J_k16_plain\none_seed6\g011_i015,runs_J_k16_plain\none_seed6\g011_i015\tripinfo.xml
11,16,16,729.2933333333333,-4950193;-876343449#2;111677671#0;26216781#3;28468730#0;28468732#1;4935286#1;4935286#2;4970256#6;498033359#0;502325084#0;5197062#3;835445203;876343449#0;876343449#1;876343449#2,runs_J_k16_plain\none_seed6\g011_i016,runs_J_k16_plain\none_seed6\g011_i016\tripinfo.xml
11,17,16,692.5013333333334,-111677668#3;-24337240#0;-498033359#3;-74277990;-782714971#4;-876343449#2;111677668#0;111677669#1;111677669#4;28468732#1;4935286#1;4970256#6;498033359#0;498033359#1;7924772;876343449#2,runs_J_k16_plain\none_seed6\g011_i017,runs_J_k16_plain\none_seed6\g011_i017\tripinfo.xml
11,18,16,786.998,-24337240#2;-24337240#7;-25970859#0;-28468730#0;-835445203;-880137009#1;111677669#0;111677669#1;111681903#0;111681903#2;26216779#0;311298658;782714971#1;783907721#2;876057378#1;880140407,runs_J_k16_plain\none_seed6\g011_i018,runs_J_k16_plain\none_seed6\g011_i018\tripinfo.xml
11,19,16,708.748,-205590836#0;-24337240#0;-28468730#0;-783907721#2;-880137009#1;111677669#1;205590836#2;24337240#0;26216779#0;26216779#1;4935299#1;498033359#1;502325084#0;782714966#1;783907721#0;876343449#2,runs_J_k16_plain\none_seed6\g011_i019,runs_J_k16_plain\none_seed6\g011_i019\tripinfo.xml
11,20,16,417.7626666666667,-120682114#1;-311298662#1;-5197062#4;-782714971#3;-880137009#0;111677669#1;111681903#1;120682114#3;24337240#0;24337240#3;25970859#0;26216781#3;4935286#2;4935299#1;58621262#1;835445203,runs_J_k16_plain\none_seed6\g011_i020,runs_J_k16_plain\none_seed6\g011_i020\tripinfo.xml
11,21,16,633.922,-24337240#0;-28468730#0;-311298662#0;-5197062#4;-535519490#0;-782714971#3;-783907721#2;111681903#1;111681903#2;205590836#2;24337240#5;24337240#7;4935286#1;782714971#4;876057378#3;880140407,runs_J_k16_plain\none_seed6\g011_i021,runs_J_k16_plain\none_seed6\g011_i021\tripinfo.xml
11,22,16,743.2366666666667,-111681903#0;-311298662#0;-311298682#0;-498033359#0;-876343449#2;111681903#0;111681903#1;24337240#5;311298665;311298685;5197062#4;783907721#2;7924772;835443464;876057378#1;880140407,runs_J_k16_plain\none_seed6\g011_i022,runs_J_k16_plain\none_seed6\g011_i022\tripinfo.xml
11,23,16,673.318,-111681903#0;-24337240#1;-311298662#1;-535519490#1;111677668#0;111681903#0;205590836#2;24337240#3;26216779#1;28468732#0;28468732#1;4935286#2;535519490#0;782714966#0;782714971#1;876057376,runs_J_k16_plain\none_seed6\g011_i023,runs_J_k16_plain\none_seed6\g011_i023\tripinfo.xml
12,0,8,351.10266666666666,-120682114#1;-311298682#0;-5197062#4;-783907721#2;205590836#2;24337240#0;28468732#1;4935286#2,runs_J_k16_plain\none_seed6\g012_i000,runs_J_k16_plain\none_seed6\g012_i000\tripinfo.xml
12,1,16,626.466,-111677668#3;-111681903#3;-120682114#3;-205590836#0;-498033359#0;-498033359#2;-782714966#0;-783907721#0;-783907721#1;26216779#0;26216781#0;311298682#0;311298685;4970256#7;876057378#3;876343449#2,runs_J_k16_plain\none_seed6\g012_i001,runs_J_k16_plain\none_seed6\g012_i001\tripinfo.xml
12,2,16,661.778,-111677671#0;-502325084#1;205590836#2;24337240#0;26216781#0;26216781#3;311298658;4935286#2;4970256#6;498033359#0;502325084#3;5197062#4;783907721#0;835445203;876057378#1;876343449#2,runs_J_k16_plain\none_seed6\g012_i002,runs_J_k16_plain\none_seed6\g012_i002\tripinfo.xml
12,3,16,709.552,-111677668#3;-24337240#3;-502325084#3;-880137009#0;111677668#4;111677669#2;111681905#1;205590836#2;24337240#0;28468732#1;4970256#7;782714966#1;783907721#0;835443464;876057378#3;880137009#0,runs_J_k16_plain\none_seed6\g012_i003,runs_J_k16_plain\none_seed6\g012_i003\tripinfo.xml
12,4,16,1000000000000.0,-74277990;-782714971#2;-783907721#2;205590836#2;24337240#1;26216781#1;4970256#6;535519490#1;782714966#0;782714966#1;782714971#1;783907721#0;783907721#2;835445203;876057378#4;880137009#0,runs_J_k16_plain\none_seed6\g012_i004,runs_J_k16_plain\none_seed6\g012_i004\tripinfo.xml
12,5,16,1000000000000.0,-120682114#2;-24337240#0;-24337240#3;-311298658;-311298665;-502325084#1;-502325084#3;-74277990;-880137009#1;26216779#0;311298658;4935286#2;783907721#2;835443464;876057378#3;880137009#0,runs_J_k16_plain\none_seed6\g012_i005,runs_J_k16_plain\none_seed6\g012_i005\tripinfo.xml
12,6,16,710.7153333333333,-111677668#0;-205590836#0;-311298685;-5197062#3;-880137009#1;24337240#1;26216781#3;4970256#7;535519490#1;58621262#0;783907721#2;7924772;835443464;835445203;880137009#0;880137009#1,runs_J_k16_plain\none_seed6\g012_i006,runs_J_k16_plain\none_seed6\g012_i006\tripinfo.xml
12,7,16,464.508,-24337240#3;-311298665;-498033359#1;-782714971#3;-880137009#0;-880137009#1;205590836#2;24337240#0;24337240#7;28468732#0;4935286#0;4935286#2;4970256#7;498033359#1;782714971#2;880137009#1,runs_J_k16_plain\none_seed6\g012_i007,runs_J_k16_plain\none_seed6\g012_i007\tripinfo.xml
12,8,16,1067.3573333333334,-111681903#0;-111681903#2;-24337240#7;-311298682#0;-502325084#1;-880137009#0;111677669#4;111681903#0;120682114#2;205590836#2;4935286#2;782714971#1;783907721#1;835445203;876057378#0;876057378#4,runs_J_k16_plain\none_seed6\g012_i008,runs_J_k16_plain\none_seed6\g012_i008\tripinfo.xml
12,9,16,529.5066666666667,-25970859#1;-311298658;-880137009#0;111677668#0;111677668#4;24337240#0;26216779#0;26216781#0;26216781#2;26216781#3;4935286#2;4970256#6;502325084#0;62826731;782710712;876057378#2,runs_J_k16_plain\none_seed6\g012_i009,runs_J_k16_plain\none_seed6\g012_i009\tripinfo.xml
12,10,16,1000000000000.0,-111681903#0;-111681903#3;-311298665;-782714966#0;-782714971#1;-876343449#0;-880137009#0;111677669#3;111677669#5;111681903#0;24337240#4;311298685;498033359#0;782714971#2;782714971#4;835445203,runs_J_k16_plain\none_seed6\g012_i010,runs_J_k16_plain\none_seed6\g012_i010\tripinfo.xml
12,11,16,471.4986666666667,-111681903#3;-120682114#1;-311298682#0;-502325084#1;-5197062#4;-7365262;-782714966#0;-783907721#2;111681905#1;120682114#1;120682114#3;24337240#0;24337240#3;26216779#0;4935286#2;880137009#0,runs_J_k16_plain\none_seed6\g012_i011,runs_J_k16_plain\none_seed6\g012_i011\tripinfo.xml
12,12,16,403.45866666666666,-120682114#1;-205590836#0;-311298682#0;-502325084#0;-876343449#0;111677669#0;111677671#0;111681903#2;205590836#2;24337240#0;37628709#1;4935286#2;4970256#5;4970256#7;835445203;876343449#2,runs_J_k16_plain\none_seed6\g012_i012,runs_J_k16_plain\none_seed6\g012_i012\tripinfo.xml
12,13,16,1000000000000.0,-120682114#1;-311298662#1;-535519490#0;-782714971#4;-783907721#2;111677668#0;111681905#2;205590836#2;25970859#0;4935286#2;5197062#3;782714971#1;783907721#2;876343449#0;880137009#0;880137009#1,runs_J_k16_plain\none_seed6\g012_i013,runs_J_k16_plain\none_seed6\g012_i013\tripinfo.xml
12,14,16,573.1833333333333,-111677671#0;-205590836#0;-25970859#0;-7365262;-74277990;-880137009#0;111677669#3;205590836#2;24337240#0;24337240#3;502325084#1;782714971#1;876057378#0;876057378#2;876057378#4;880137009#1,runs_J_k16_plain\none_seed6\g012_i014,runs_J_k16_plain\none_seed6\g012_i014\tripinfo.xml
12,15,16,1000000000000.0,-111677668#3;-24337240#4;-24337240#7;-25970859#1;-311298665;-7365262;-880137009#1;111677668#3;111681903#1;24337240#0;25970859#1;28468732#0;37628709#0;4935286#2;4935299#1;876343449#0,runs_J_k16_plain\none_seed6\g012_i015,runs_J_k16_plain\none_seed6\g012_i015\tripinfo.xml
12,16,16,1019.41,-205590836#0;-24337240#7;-28468730#0;-311298682#0;111677669#4;131942152;25970859#1;26216779#1;26216781#3;311298665;311298685;502325084#1;782710712;782714971#4;783907721#2;880137009#0,runs_J_k16_plain\none_seed6\g012_i016,runs_J_k16_plain\none_seed6\g012_i016\tripinfo.xml
12,17,16,671.2806666666667,-111677671#0;-111681903#0;-24337240#7;-5197062#4;-535519490#1;-880137009#0;111677669#3;111681903#0;120682114#1;26216781#3;28468732#0;4935286#1;4970256#7;502325084#3;876057378#4;880140407,runs_J_k16_plain\none_seed6\g012_i017,runs_J_k16_plain\none_seed6\g012_i017\tripinfo.xml
12,18,16,1000000000000.0,-311298682#0;-498033359#3;-782714971#0;-835443464;-876343449#0;111677669#0;111677669#4;26216779#0;26216781#3;4935286#2;4970256#5;535519490#0;58621262#1;62826731;783907721#2;876057378#4,runs_J_k16_plain\none_seed6\g012_i018,runs_J_k16_plain\none_seed6\g012_i018\tripinfo.xml
12,19,16,701.3626666666667,-205590836#0;-24337240#4;-498033359#2;-502325084#3;-782714966#1;111677668#4;120682114#1;24337240#4;311298685;4970256#6;58621262#0;747448014;782714971#4;783907721#1;783907721#2;835443464,runs_J_k16_plain\none_seed6\g012_i019,runs_J_k16_plain\none_seed6\g012_i019\tripinfo.xml
12,20,16,518.9406666666666,-120682114#2;-502325084#3;111677668#0;111681905#1;24337240#1;26216779#0;26216781#2;28468732#0;4935286#2;4970256#7;498033359#0;782714971#1;7924772;835443464;876057376;880137009#1,runs_J_k16_plain\none_seed6\g012_i020,runs_J_k16_plain\none_seed6\g012_i020\tripinfo.xml
12,21,16,644.456,-311298662#1;-74277990;111677668#4;111677669#4;24337240#0;24337240#3;25970859#0;26216779#0;26216779#1;311298682#0;311298685;4970256#7;498033359#2;7924772;876057378#1;880137010,runs_J_k16_plain\none_seed6\g012_i021,runs_J_k16_plain\none_seed6\g012_i021\tripinfo.xml
12,22,16,1000000000000.0,-24337240#0;-25970859#0;-311298662#1;-535519490#0;-782714971#2;111677668#4;111677669#0;120682114#3;131942152;311298662#0;4970256#5;4970256#6;498033359#0;535519490#0;880137009#0;880137010,runs_J_k16_plain\none_seed6\g012_i022,runs_J_k16_plain\none_seed6\g012_i022\tripinfo.xml
12,23,16,514.3593333333333,-111677671#0;-111681903#2;-111681903#3;-120682114#1;-311298658;-498033359#0;-498033359#1;-783907721#2;-835445203;-880137009#1;205590836#2;24337240#0;26216779#0;28468732#1;4935286#2;5197062#3,runs_J_k16_plain\none_seed6\g012_i023,runs_J_k16_plain\none_seed6\g012_i023\tripinfo.xml
13,0,8,351.10266666666666,-120682114#1;-311298682#0;-5197062#4;-783907721#2;205590836#2;24337240#0;28468732#1;4935286#2,runs_J_k16_plain\none_seed6\g013_i000,runs_J_k16_plain\none_seed6\g013_i000\tripinfo.xml
13,1,12,500.69666666666666,-25970859#1;-880137009#0;-880140407;111677668#4;111677669#3;111681905#1;26216781#0;26216781#2;62826731;782710712;835445203;880140407,runs_J_k16_plain\none_seed6\g013_i001,runs_J_k16_plain\none_seed6\g013_i001\tripinfo.xml
13,2,16,593.4486666666667,-120682114#1;-120682114#3;-311298682#0;-835445203;205590836#2;24337240#0;24337240#1;24337240#7;28468732#1;4935286#1;4935286#2;4970256#5;4970256#8;498033359#0;535519490#0;876057378#1,runs_J_k16_plain\none_seed6\g013_i002,runs_J_k16_plain\none_seed6\g013_i002\tripinfo.xml
13,3,16,368.94266666666664,-111681903#1;-205590836#0;-24337240#3;-311298662#0;-876343449#0;-880137009#0;111677669#2;205590836#2;24337240#0;26216779#0;28468732#1;311298662#0;4935286#2;876057376;876057378#4;876343449#1,runs_J_k16_plain\none_seed6\g013_i003,runs_J_k16_plain\none_seed6\g013_i003\tripinfo.xml
13,4,11,1000000000000.0,-502325084#0;-5197062#3;-5197062#4;120682114#3;24337240#7;25970859#0;37628709#0;4935286#2;5197062#4;835445203;876057378#1,runs_J_k16_plain\none_seed6\g013_i004,runs_J_k16_plain\none_seed6\g013_i004\tripinfo.xml
13,5,16,1000000000000.0,-120682114#1;-5197062#3;-783907721#0;111677668#4;120682114#2;24337240#0;24337240#3;25970859#0;311298665;37628709#1;4970256#7;498033359#2;7924772;835445203;876057378#4;880137010,runs_J_k16_plain\none_seed6\g013_i005,runs_J_k16_plain\none_seed6\g013_i005\tripinfo.xml
13,6,16,630.6013333333333,-502325084#0;-876343449#0;-876343449#2;111677668#4;111677669#4;111677671#0;111681903#2;24337240#0;26216779#0;28468732#0;4970256#7;498033359#1;535519490#0;58621262#1;782714971#1;880137010,runs_J_k16_plain\none_seed6\g013_i006,runs_J_k16_plain\none_seed6\g013_i006\tripinfo.xml
13,7,16,847.692,-111681903#0;-111681903#3;-120682114#1;-498033359#2;-502325084#3;-535519490#0;-782714971#0;-783907721#1;-783907721#2;111681903#0;24337240#5;311298682#0;4970256#7;62826731;782714971#2;782714971#4,runs_J_k16_plain\none_seed6\g013_i007,runs_J_k16_plain\none_seed6\g013_i007\tripinfo.xml
13,8,14,644.456,-111677671#0;-205590836#0;-311298658;-502325084#0;-5197062#3;-7365262;-783907721#0;-880137009#0;111677668#4;205590836#2;24337240#0;311298685;783907721#2;876057378#3,runs_J_k16_plain\none_seed6\g013_i008,runs_J_k16_plain\none_seed6\g013_i008\tripinfo.xml
13,9,16,1000000000000.0,-311298665;-498033359#1;-782714971#4;-880137009#0;-880137009#1;120682114#2;24337240#0;24337240#1;26216781#2;28468732#0;311298658;4935286#0;4970256#5;4970256#7;782714971#0;876057378#1,runs_J_k16_plain\none_seed6\g013_i009,runs_J_k16_plain\none_seed6\g013_i009\tripinfo.xml
13,10,10,1000000000000.0,-311298665;-782714971#3;-880137009#0;-880140407;205590836#2;24337240#7;311298658;5197062#4;782714971#4;880137009#1,runs_J_k16_plain\none_seed6\g013_i010,runs_J_k16_plain\none_seed6\g013_i010\tripinfo.xml
13,11,4,637.7086666666667,-111681903#0;24337240#1;25970859#0;876057376,runs_J_k16_plain\none_seed6\g013_i011,runs_J_k16_plain\none_seed6\g013_i011\tripinfo.xml
13,12,3,622.5486666666667,-876343449#1;-876343449#2;111677671#0,runs_J_k16_plain\none_seed6\g013_i012,runs_J_k16_plain\none_seed6\g013_i012\tripinfo.xml
13,13,9,664.17,-111677668#4;-782714971#0;120682114#3;26216779#0;28468732#1;782714971#0;782714971#4;880137009#0;880140407,runs_J_k16_plain\none_seed6\g013_i013,runs_J_k16_plain\none_seed6\g013_i013\tripinfo.xml
13,14,16,1000000000000.0,-25970859#1;-311298662#0;-311298665;-502325084#3;-782714971#2;24337240#1;25970859#0;26216779#0;311298662#1;37628709#0;4935286#2;4970256#7;782714971#1;835443464;876057376;880137009#1,runs_J_k16_plain\none_seed6\g013_i014,runs_J_k16_plain\none_seed6\g013_i014\tripinfo.xml
13,15,13,612.4693333333333,-111681903#1;-24337240#3;-311298682#0;-498033359#1;-5197062#4;-782714971#0;-880137009#1;205590836#2;24337240#7;4935286#1;498033359#1;502325084#1;876057378#0,runs_J_k16_plain\none_seed6\g013_i015,runs_J_k16_plain\none_seed6\g013_i015\tripinfo.xml
13,16,16,912.618,-24337240#2;-24337240#3;-28468730#0;-311298665;-311298685;-498033359#1;-535519490#1;111677668#0;205590836#2;24337240#7;28468732#0;4970256#5;498033359#1;498033359#3;876057378#1;880137009#1,runs_J_k16_plain\none_seed6\g013_i016,runs_J_k16_plain\none_seed6\g013_i016\tripinfo.xml
13,17,16,693.9033333333333,-111681903#1;-120682114#1;-782714971#3;-782714971#4;-783907721#2;-876343449#1;205590836#2;24337240#0;311298658;311298665;4935286#0;4970256#5;4970256#7;782714971#2;782714971#4;876057378#5,runs_J_k16_plain\none_seed6\g013_i017,runs_J_k16_plain\none_seed6\g013_i017\tripinfo.xml
13,18,16,944.292,-24337240#3;-498033359#1;-782714971#3;-880140407;111677668#0;111677668#3;24337240#7;26216781#3;4935286#0;4935286#1;4935286#2;4970256#7;747448014;782714966#1;782714971#2;880137009#1,runs_J_k16_plain\none_seed6\g013_i018,runs_J_k16_plain\none_seed6\g013_i018\tripinfo.xml
13,19,16,594.652,-111677671#0;-24337240#6;-25970859#0;-311298662#1;-498033359#1;-502325084#3;-74277990;-783907721#0;111677669#3;111677669#4;24337240#3;24337240#7;37628709#1;535519490#1;782714971#1;880137009#1,runs_J_k16_plain\none_seed6\g013_i019,runs_J_k16_plain\none_seed6\g013_i019\tripinfo.xml
13,20,16,1268.5226666666667,-24337240#1;120682114#2;205590836#2;24337240#0;24337240#3;26216781#2;28468730#1;311298682#0;311298685;498033359#2;58621262#0;782714971#1;835445203;876057378#2;880137009#1;880137010,runs_J_k16_plain\none_seed6\g013_i020,runs_J_k16_plain\none_seed6\g013_i020\tripinfo.xml
13,21,16,380.2273333333333,-111681903#1;-111681903#2;-111681903#3;-120682114#1;-24337240#2;-311298685;-7365262;-782714966#0;-880137009#1;111681903#0;111681903#3;111681905#1;24337240#0;4935286#2;4970256#7;876057378#3,runs_J_k16_plain\none_seed6\g013_i021,runs_J_k16_plain\none_seed6\g013_i021\tripinfo.xml
13,22,16,484.8706666666667,-120682114#1;-28468730#0;-311298682#0;-502325084#3;-5197062#4;-783907721#2;120682114#1;120682114#2;24337240#0;26216779#0;37628709#0;4935286#2;782714971#3;876057378#1;880137009#0;880137009#1,runs_J_k16_plain\none_seed6\g013_i022,runs_J_k16_plain\none_seed6\g013_i022\tripinfo.xml
13,23,16,592.352,-205590836#0;-311298662#1;-502325084#0;-783907721#1;-876343449#2;24337240#0;24337240#3;28468730#0;37628709#1;535519490#0;782714971#1;7924772;835443464;876057376;876057378#1;876343449#2,runs_J_k16_plain\none_seed6\g013_i023,runs_J_k16_plain\none_seed6\g013_i023\tripinfo.xml
14,0,8,351.10266666666666,-120682114#1;-311298682#0;-5197062#4;-783907721#2;205590836#2;24337240#0;28468732#1;4935286#2,runs_J_k16_plain\none_seed6\g014_i000,runs_J_k16_plain\none_seed6\g014_i000\tripinfo.xml
14,1,16,821.2373333333334,-120682114#1;-25970859#1;-880137009#0;111681905#2;120682114#1;24337240#0;24337240#4;26216781#0;26216781#1;28468732#1;4935299#1;62826731;835443464;835445203;880137009#0;880140407,runs_J_k16_plain\none_seed6\g014_i001,runs_J_k16_plain\none_seed6\g014_i001\tripinfo.xml
14,2,14,671.9873333333334,-111677668#4;-111681903#2;-111681903#3;-782714971#4;-783907721#1;111677668#4;111677669#3;111681903#3;111681905#1;111681905#2;205590836#2;24337240#2;782714971#2;876057378#1,runs_J_k16_plain\none_seed6\g014_i002,runs_J_k16_plain\none_seed6\g014_i002\tripinfo.xml
14,3,16,391.948,-111677668#3;-120682114#1;-24337240#2;-24337240#6;-311298662#0;-535519490#0;-782714966#0;-876343449#0;-880137009#0;205590836#2;24337240#0;4935286#2;498033359#0;747448014;782714971#2;876057378#4,runs_J_k16_plain\none_seed6\g014_i003,runs_J_k16_plain\none_seed6\g014_i003\tripinfo.xml
14,4,16,663.1533333333333,-205590836#0;-24337240#4;-311298682#0;-498033359#0;-535519490#0;-783907721#2;111677669#2;24337240#0;26216779#0;28468730#0;28468732#1;4935286#0;4935286#1;4935286#2;876057378#1;876057378#4,runs_J_k16_plain\none_seed6\g014_i004,runs_J_k16_plain\none_seed6\g014_i004\tripinfo.xml
14,5,16,348.2006666666667,-111681903#1;-120682114#1;-24337240#3;-25970859#0;-311298662#1;-4950193;-5197062#4;-782714971#1;-880137009#1;111681903#1;120682114#2;131942152;4935286#2;4970256#6;783907721#2;880137009#1,runs_J_k16_plain\none_seed6\g014_i005,runs_J_k16_plain\none_seed6\g014_i005\tripinfo.xml
14,6,16,826.0766666666667,-24337240#0;-25970859#0;-311298682#0;-498033359#1;-498033359#2;-502325084#3;-5197062#4;-7365262;-782714971#0;111677669#5;111681905#1;502325084#3;58621262#0;782714971#0;782714971#3;876057378#0,runs_J_k16_plain\none_seed6\g014_i006,runs_J_k16_plain\none_seed6\g014_i006\tripinfo.xml
14,7,16,647.622,-111677671#0;-111681903#2;-24337240#6;-311298682#0;-783907721#1;-783907721#2;-876343449#2;111677669#0;111677669#5;111681903#3;28468732#1;4935286#2;4970256#5;4970256#7;498033359#1;835443464,runs_J_k16_plain\none_seed6\g014_i007,runs_J_k16_plain\none_seed6\g014_i007\tripinfo.xml
14,8,13,640.8866666666667,-24337240#0;-311298662#1;-4950193;-498033359#3;-5197062#4;-880140407;111681903#2;120682114#1;25970859#0;876057378#0;876057378#2;876057378#3;880137009#1,runs_J_k16_plain\none_seed6\g014_i008,runs_J_k16_plain\none_seed6\g014_i008\tripinfo.xml
14,9,16,598.6233333333333,-111677671#0;-205590836#0;-24337240#3;-311298658;-880137009#0;111677669#3;205590836#2;28468732#1;4935286#1;502325084#3;5197062#3;747448014;876057376;876057378#0;876057378#1;876057378#3,runs_J_k16_plain\none_seed6\g014_i009,runs_J_k16_plain\none_seed6\g014_i009\tripinfo.xml
14,10,16,693.8146666666667,-111681903#1;-24337240#2;-24337240#4;-311298658;-311298662#1;-311298682#0;-783907721#1;-835443464;-880137009#0;111677669#1;311298685;4935286#3;782714971#0;876057378#4;876057378#5;876343449#1,runs_J_k16_plain\none_seed6\g014_i010,runs_J_k16_plain\none_seed6\g014_i010\tripinfo.xml
14,11,16,835.866,-111681903#1;-205590836#0;-311298662#0;-782714966#1;-782714971#2;-783907721#1;111677669#2;111681903#0;24337240#0;26216779#0;28468732#1;535519490#1;782714971#0;7924772;876057376;876057378#0,runs_J_k16_plain\none_seed6\g014_i011,runs_J_k16_plain\none_seed6\g014_i011\tripinfo.xml
14,12,16,613.2526666666666,-111681903#1;-120682114#1;-205590836#0;-24337240#1;-4950193;-535519490#0;-876343449#0;-880140407;111677669#2;111681905#1;26216779#1;28468730#0;311298662#0;498033359#3;7924772;876343449#1,runs_J_k16_plain\none_seed6\g014_i012,runs_J_k16_plain\none_seed6\g014_i012\tripinfo.xml
14,13,16,718.784,-120682114#3;-24337240#0;-24337240#3;-311298662#0;-311298682#0;-498033359#0;-783907721#2;-876343449#0;-880137009#0;111681903#1;24337240#0;4935286#0;502325084#1;535519490#0;876057378#4;876343449#0,runs_J_k16_plain\none_seed6\g014_i013,runs_J_k16_plain\none_seed6\g014_i013\tripinfo.xml
14,14,15,681.4346666666667,-111677668#0;-111677671#0;-24337240#3;-5197062#3;-876343449#2;111677669#5;111677671#0;205590836#2;24337240#0;25970859#0;25970859#1;311298662#0;782714966#0;783907721#1;876343449#1,runs_J_k16_plain\none_seed6\g014_i014,runs_J_k16_plain\none_seed6\g014_i014\tripinfo.xml
14,15,15,640.8353333333333,-111677668#0;-111677668#4;-111681903#3;-120682114#1;-120682114#3;-311298662#0;-311298685;-535519490#0;-7365262;205590836#2;24337240#7;28468732#0;498033359#0;62826731;876057378#1,runs_J_k16_plain\none_seed6\g014_i015,runs_J_k16_plain\none_seed6\g014_i015\tripinfo.xml
14,16,13,773.3753333333333,-111677668#0;-111681903#3;-120682114#1;-782714966#0;-782714971#2;-835445203;111677668#0;24337240#1;28468732#1;4935286#0;4970256#7;4970256#8;783907721#0,runs_J_k16_plain\none_seed6\g014_i016,runs_J_k16_plain\none_seed6\g014_i016\tripinfo.xml
14,17,16,649.5813333333333,-24337240#0;-28468730#0;-311298682#0;-311298685;-498033359#3;-5197062#4;-7365262;-835443464;111677669#3;111677671#0;111681903#0;205590836#2;28468732#1;4970256#5;5197062#4;535519490#0,runs_J_k16_plain\none_seed6\g014_i017,runs_J_k16_plain\none_seed6\g014_i017\tripinfo.xml
14,18,16,623.1493333333333,-111677668#4;-111681903#1;-120682114#1;-24337240#0;-28468730#0;-311298662#0;-782714966#0;-782714971#0;-782714971#2;-876343449#0;111681903#3;26216781#0;37628709#0;4935286#1;4935286#2;4935299#1,runs_J_k16_plain\none_seed6\g014_i018,runs_J_k16_plain\none_seed6\g014_i018\tripinfo.xml
14,19,16,503.8206666666667,-120682114#1;-25970859#0;-782714966#0;-876343449#1;111677668#4;26216781#0;26216781#2;28468732#1;498033359#2;747448014;782710712;782714971#3;7924772;835445203;876343449#1;880140407,runs_J_k16_plain\none_seed6\g014_i019,runs_J_k16_plain\none_seed6\g014_i019\tripinfo.xml
14,20,8,534.85,-782714971#4;-880137009#1;205590836#2;4935286#2;4970256#5;782710712;876057376;880140407,runs_J_k16_plain\none_seed6\g014_i020,runs_J_k16_plain\none_seed6\g014_i020\tripinfo.xml
14,21,16,373.3326666666667,-205590836#0;-311298662#1;-782714971#1;-876343449#0;-880137009#0;205590836#2;24337240#3;26216781#1;28468730#0;311298662#1;37628709#1;4935286#2;535519490#0;747448014;876057376;880137009#0,runs_J_k16_plain\none_seed6\g014_i021,runs_J_k16_plain\none_seed6\g014_i021\tripinfo.xml
14,22,1,644.456,876057376,runs_J_k16_plain\none_seed6\g014_i022,runs_J_k16_plain\none_seed6\g014_i022\tripinfo.xml
14,23,16,1103.8133333333333,-311298662#1;-782714971#3;-876343449#0;111677668#4;111677669#4;111677669#5;24337240#1;24337240#3;28468730#0;28468730#1;28468732#0;28468732#1;782714966#1;782714971#1;782714971#2;876057376,runs_J_k16_plain\none_seed6\g014_i023,runs_J_k16_plain\none_seed6\g014_i023\tripinfo.xml
15,0,16,348.2006666666667,-111681903#1;-120682114#1;-24337240#3;-25970859#0;-311298662#1;-4950193;-5197062#4;-782714971#1;-880137009#1;111681903#1;120682114#2;131942152;4935286#2;4970256#6;783907721#2;880137009#1,runs_J_k16_plain\none_seed6\g015_i000,runs_J_k16_plain\none_seed6\g015_i000\tripinfo.xml
15,1,16,1407.7146666666667,-111681903#1;-111681903#3;-24337240#1;-24337240#2;-502325084#0;-782714971#4;-880137009#0;111677669#4;120682114#2;26216781#1;26216781#3;4935286#3;4935299#1;4970256#5;782710712;876057376,runs_J_k16_plain\none_seed6\g015_i001,runs_J_k16_plain\none_seed6\g015_i001\tripinfo.xml
15,2,16,594.9433333333334,-120682114#3;-24337240#1;-502325084#1;-502325084#3;-782714971#3;-880137009#1;111681903#2;205590836#2;24337240#1;26216779#1;26216781#1;4935286#1;4935286#3;502325084#0;782714971#0;876057378#0,runs_J_k16_plain\none_seed6\g015_i002,runs_J_k16_plain\none_seed6\g015_i002\tripinfo.xml
15,3,16,1807.4266666666667,-111677668#3;-111681903#3;-205590836#0;-24337240#6;-502325084#3;-535519490#0;-782714966#0;-782714971#4;-783907721#2;-876343449#0;26216781#2;4935299#1;498033359#2;783907721#0;876343449#1;880140407,runs_J_k16_plain\none_seed6\g015_i003,runs_J_k16_plain\none_seed6\g015_i003\tripinfo.xml
15,4,16,706.7093333333333,-24337240#7;-502325084#3;-535519490#0;-782714966#0;-876343449#1;-876343449#2;111681905#1;205590836#2;24337240#0;24337240#5;28468732#1;498033359#0;535519490#0;747448014;876057378#2;876057378#4,runs_J_k16_plain\none_seed6\g015_i004,runs_J_k16_plain\none_seed6\g015_i004\tripinfo.xml
15,5,16,701.678,-111677668#3;-111681903#1;-311298662#1;-782714971#1;-835443464;-876343449#2;-880137009#0;120682114#3;37628709#0;502325084#3;58621262#0;782714971#3;783907721#2;835445203;876343449#1;880140407,runs_J_k16_plain\none_seed6\g015_i005,runs_J_k16_plain\none_seed6\g015_i005\tripinfo.xml
15,6,16,585.658,-120682114#1;-25970859#0;-4950193;-502325084#0;-5197062#4;-880137009#1;111677669#4;24337240#7;26216781#0;4935286#3;4970256#6;498033359#3;535519490#1;747448014;7924772;876057378#0,runs_J_k16_plain\none_seed6\g015_i006,runs_J_k16_plain\none_seed6\g015_i006\tripinfo.xml
15,7,16,1612.8113333333333,-311298662#1;-498033359#1;-498033359#2;-782714966#1;-782714971#4;111677669#3;111677669#5;120682114#2;205590836#2;24337240#1;24337240#3;24337240#7;37628709#1;498033359#0;7924772;876057378#0,runs_J_k16_plain\none_seed6\g015_i007,runs_J_k16_plain\none_seed6\g015_i007\tripinfo.xml
15,8,16,453.7853333333333,-205590836#0;-24337240#6;-28298231;-502325084#0;-835445203;-876343449#0;-880137009#0;111677668#3;111677669#3;26216779#0;4935286#2;502325084#3;535519490#0;747448014;876057376;876057378#5,runs_J_k16_plain\none_seed6\g015_i008,runs_J_k16_plain\none_seed6\g015_i008\tripinfo.xml
15,9,16,1000000000000.0,-111677668#4;-111681903#3;-120682114#1;-24337240#0;-311298662#0;-535519490#1;-782714971#0;205590836#2;24337240#0;25970859#0;26216781#0;28468732#0;4935286#1;4970256#6;4970256#8;876343449#0,runs_J_k16_plain\none_seed6\g015_i009,runs_J_k16_plain\none_seed6\g015_i009\tripinfo.xml
15,10,16,635.4153333333334,-120682114#3;-311298682#0;-502325084#0;-502325084#3;-5197062#4;-782714971#2;-876343449#0;-880137009#0;-880137009#1;111681903#3;24337240#0;28468732#1;311298665;782714971#1;876057378#1;880140407,runs_J_k16_plain\none_seed6\g015_i010,runs_J_k16_plain\none_seed6\g015_i010\tripinfo.xml
15,11,16,1595.976,-120682114#3;-311298658;-311298662#1;-535519490#1;-782714971#3;111677669#2;120682114#2;205590836#2;25970859#1;28468732#1;4935286#1;4970256#7;5197062#3;876057378#0;876057378#2;876057378#3,runs_J_k16_plain\none_seed6\g015_i011,runs_J_k16_plain\none_seed6\g015_i011\tripinfo.xml
15,12,16,627.9333333333333,-111677671#0;-24337240#7;-498033359#3;-5197062#4;-880137009#0;111677669#5;120682114#1;120682114#2;24337240#1;24337240#3;25970859#0;311298665;502325084#0;7924772;876057376;876057378#1,runs_J_k16_plain\none_seed6\g015_i012,runs_J_k16_plain\none_seed6\g015_i012\tripinfo.xml
15,13,16,464.3806666666667,-111681903#3;-120682114#1;-25970859#1;-311298682#0;-5197062#3;-5197062#4;-535519490#0;-783907721#0;24337240#4;26216781#2;28468730#0;28468732#1;4935286#2;502325084#0;535519490#0;876343449#0,runs_J_k16_plain\none_seed6\g015_i013,runs_J_k16_plain\none_seed6\g015_i013\tripinfo.xml
15,14,11,628.3486666666666,-205590836#0;-4950193;-498033359#1;-5197062#3;-74277990;-783907721#1;-880137009#0;-880137009#1;24337240#5;311298662#1;880137009#0,runs_J_k16_plain\none_seed6\g015_i014,runs_J_k16_plain\none_seed6\g015_i014\tripinfo.xml
15,15,16,428.92266666666666,-205590836#0;-25970859#0;-311298662#0;-5197062#4;-782714971#1;-782714971#3;-876343449#1;111677669#4;111681903#0;205590836#2;24337240#0;311298662#0;311298682#0;4935286#2;4970256#6;783907721#2,runs_J_k16_plain\none_seed6\g015_i015,runs_J_k16_plain\none_seed6\g015_i015\tripinfo.xml
15,16,8,393.072,-111681903#1;-120682114#1;-120682114#3;-311298665;-502325084#3;-783907721#1;111677668#3;28468730#1,runs_J_k16_plain\none_seed6\g015_i016,runs_J_k16_plain\none_seed6\g015_i016\tripinfo.xml
15,17,16,364.27933333333334,-111677671#0;-120682114#1;-24337240#2;-24337240#3;-24337240#6;-5197062#4;-782714966#0;-782714971#4;-876343449#2;-880137009#0;205590836#2;4935286#2;535519490#0;747448014;782714971#0;835443464,runs_J_k16_plain\none_seed6\g015_i017,runs_J_k16_plain\none_seed6\g015_i017\tripinfo.xml
15,18,16,708.0926666666667,-111677668#3;-120682114#1;-311298662#0;-311298685;-535519490#0;-782714966#0;-782714971#0;-783907721#2;-876343449#0;-876343449#1;311298662#1;4970256#7;498033359#0;5197062#4;535519490#1;876057378#4,runs_J_k16_plain\none_seed6\g015_i018,runs_J_k16_plain\none_seed6\g015_i018\tripinfo.xml
15,19,16,648.8386666666667,-24337240#0;-28468730#0;-311298662#1;-311298682#0;-498033359#0;-502325084#1;-5197062#4;-535519490#0;-783907721#2;205590836#2;24337240#4;25970859#1;26216781#2;782714971#0;782714971#1;876057378#1,runs_J_k16_plain\none_seed6\g015_i019,runs_J_k16_plain\none_seed6\g015_i019\tripinfo.xml
15,20,13,637.0906666666667,-111681903#2;-24337240#1;-311298658;-311298682#0;-311298685;-5197062#4;-782714971#0;-783907721#0;205590836#2;24337240#0;28468732#1;4935286#0;876057378#2,runs_J_k16_plain\none_seed6\g015_i020,runs_J_k16_plain\none_seed6\g015_i020\tripinfo.xml
15,21,12,1000000000000.0,-111677668#0;-111681903#2;-24337240#1;-311298662#0;-311298662#1;26216781#0;28468730#0;4970256#7;5197062#3;835445203;876343449#2;880137009#0,runs_J_k16_plain\none_seed6\g015_i021,runs_J_k16_plain\none_seed6\g015_i021\tripinfo.xml
15,22,16,816.2913333333333,-24337240#2;-24337240#7;-311298662#0;-311298662#1;-5197062#3;-535519490#0;-782714966#0;-876343449#1;111677668#0;24337240#3;28468730#1;37628709#1;4970256#6;747448014;876057376;880137009#0,runs_J_k16_plain\none_seed6\g015_i022,runs_J_k16_plain\none_seed6\g015_i022\tripinfo.xml
15,23,16,465.2493333333333,-111681903#1;-120682114#1;-24337240#4;-535519490#0;-876343449#0;-876343449#1;-880137009#1;111677669#2;111681903#1;111681905#1;26216781#3;37628709#0;4935286#2;4970256#6;535519490#0;876057376,runs_J_k16_plain\none_seed6\g015_i023,runs_J_k16_plain\none_seed6\g015_i023\tripinfo.xml
