gen,idx,k,score,closed_edges,run_dir,tripinfo
1,0,8,374.126,-24337240#4;111677669#0;120682114#3;28468732#1;37628709#0;4935286#2;783907721#0;876343449#0,runs_J_k16_plain\none_seed8\g001_i000,runs_J_k16_plain\none_seed8\g001_i000\tripinfo.xml
1,1,2,644.456,111681903#3;876057378#4,runs_J_k16_plain\none_seed8\g001_i001,runs_J_k16_plain\none_seed8\g001_i001\tripinfo.xml
1,2,7,612.5973333333334,-120682114#2;-311298662#1;-498033359#0;111681903#0;131942152;24337240#4;37628709#0,runs_J_k16_plain\none_seed8\g001_i002,runs_J_k16_plain\none_seed8\g001_i002\tripinfo.xml
1,3,3,618.5486666666667,25970859#1;311298682#0;5197062#4,runs_J_k16_plain\none_seed8\g001_i003,runs_J_k16_plain\none_seed8\g001_i003\tripinfo.xml
1,4,7,658.0206666666667,-111681903#1;-205590836#0;-782714971#1;-876343449#1;131942152;24337240#2;876057378#4,runs_J_k16_plain\none_seed8\g001_i004,runs_J_k16_plain\none_seed8\g001_i004\tripinfo.xml
1,5,10,1546.3593333333333,-111677671#0;-24337240#3;-502325084#3;-783907721#1;25970859#1;26216779#0;535519490#0;783907721#2;7924772;880137009#0,runs_J_k16_plain\none_seed8\g001_i005,runs_J_k16_plain\none_seed8\g001_i005\tripinfo.xml
1,6,9,648.6493333333333,-111677668#3;-311298685;-502325084#3;-782714971#1;-880137009#0;111677668#4;311298685;4935286#1;4970256#5,runs_J_k16_plain\none_seed8\g001_i006,runs_J_k16_plain\none_seed8\g001_i006\tripinfo.xml
1,7,9,457.83733333333333,-4950193;-498033359#1;-74277990;-783907721#0;28468730#1;311298665;535519490#0;62826731;782714966#0,runs_J_k16_plain\none_seed8\g001_i007,runs_J_k16_plain\none_seed8\g001_i007\tripinfo.xml
1,8,2,630.318,-111677668#3;111677669#1,runs_J_k16_plain\none_seed8\g001_i008,runs_J_k16_plain\none_seed8\g001_i008\tripinfo.xml
1,9,10,1000000000000.0,-24337240#0;-5197062#3;-876343449#2;4935286#0;4935286#2;4935286#3;498033359#2;5197062#4;783907721#2;876343449#2,runs_J_k16_plain\none_seed8\g001_i009,runs_J_k16_plain\none_seed8\g001_i009\tripinfo.xml
1,10,10,527.042,-120682114#2;-120682114#3;-24337240#3;-311298658;-498033359#2;-535519490#1;-835445203;120682114#3;4935286#1;782714971#0,runs_J_k16_plain\none_seed8\g001_i010,runs_J_k16_plain\none_seed8\g001_i010\tripinfo.xml
1,11,7,1000000000000.0,-311298665;-782714971#1;111677668#4;120682114#2;120682114#3;782714971#2;880137009#1,runs_J_k16_plain\none_seed8\g001_i011,runs_J_k16_plain\none_seed8\g001_i011\tripinfo.xml
1,12,6,665.52,-24337240#7;-5197062#3;-782714971#4;-880140407;498033359#3;502325084#3,runs_J_k16_plain\none_seed8\g001_i012,runs_J_k16_plain\none_seed8\g001_i012\tripinfo.xml
1,13,8,1000000000000.0,-28298231;-311298665;111677668#4;24337240#4;502325084#0;782714971#4;783907721#0;876057378#3,runs_J_k16_plain\none_seed8\g001_i013,runs_J_k16_plain\none_seed8\g001_i013\tripinfo.xml
1,14,7,1000000000000.0,-24337240#4;-25970859#1;-535519490#0;-783907721#0;111677668#4;24337240#5;782714971#2,runs_J_k16_plain\none_seed8\g001_i014,runs_J_k16_plain\none_seed8\g001_i014\tripinfo.xml
1,15,7,759.6293333333333,-311298658;-783907721#0;24337240#5;498033359#1;502325084#1;535519490#0;782714966#1,runs_J_k16_plain\none_seed8\g001_i015,runs_J_k16_plain\none_seed8\g001_i015\tripinfo.xml
1,16,8,696.4866666666667,-502325084#3;-5197062#3;-535519490#1;-7365262;111681903#1;24337240#3;311298662#0;782714971#2,runs_J_k16_plain\none_seed8\g001_i016,runs_J_k16_plain\none_seed8\g001_i016\tripinfo.xml
1,17,11,1000000000000.0,-120682114#2;-28468730#0;-498033359#3;-876343449#0;111681903#0;37628709#1;498033359#0;782714971#4;783907721#2;876057378#0;876057378#4,runs_J_k16_plain\none_seed8\g001_i017,runs_J_k16_plain\none_seed8\g001_i017\tripinfo.xml
1,18,8,636.796,-28468730#0;-311298658;-5197062#4;-782714971#3;111677668#4;28468732#0;311298662#1;58621262#0,runs_J_k16_plain\none_seed8\g001_i018,runs_J_k16_plain\none_seed8\g001_i018\tripinfo.xml
1,19,5,1000000000000.0,-498033359#0;-782714971#4;111677668#3;498033359#3;880137009#0,runs_J_k16_plain\none_seed8\g001_i019,runs_J_k16_plain\none_seed8\g001_i019\tripinfo.xml
1,20,11,664.396,-498033359#1;-835443464;-876343449#2;-880137009#1;120682114#3;4970256#7;4970256#8;502325084#0;876057376;876057378#3;876343449#2,runs_J_k16_plain\none_seed8\g001_i020,runs_J_k16_plain\none_seed8\g001_i020\tripinfo.xml
1,21,3,643.9946666666667,-876343449#2;111681903#2;28468730#0,runs_J_k16_plain\none_seed8\g001_i021,runs_J_k16_plain\none_seed8\g001_i021\tripinfo.xml
1,22,9,786.3213333333333,-111677668#3;-205590836#0;-311298662#1;-498033359#3;-782714971#3;111677669#5;782714971#1;783907721#0;876343449#2,runs_J_k16_plain\none_seed8\g001_i022,runs_J_k16_plain\none_seed8\g001_i022\tripinfo.xml
1,23,8,1139.3553333333334,-783907721#2;111677668#0;26216779#1;311298685;4970256#5;4970256#6;498033359#3;783907721#1,runs_J_k16_plain\none_seed8\g001_i023,runs_J_k16_plain\none_seed8\g001_i023\tripinfo.xml
2,0,8,374.126,-24337240#4;111677669#0;120682114#3;28468732#1;37628709#0;4935286#2;783907721#0;876343449#0,runs_J_k16_plain\none_seed8\g002_i000,runs_J_k16_plain\none_seed8\g002_i000\tripinfo.xml
2,1,7,753.1026666666667,-111677671#0;-782714971#1;-783907721#0;111677668#4;120682114#3;311298662#1;58621262#0,runs_J_k16_plain\none_seed8\g002_i001,runs_J_k16_plain\none_seed8\g002_i001\tripinfo.xml
2,2,16,400.7753333333333,-28468730#0;-311298658;-498033359#1;-498033359#3;-5197062#4;-782714966#0;111677669#1;120682114#3;205590836#2;26216779#1;311298665;311298682#0;4970256#8;62826731;782714966#0;880137010,runs_J_k16_plain\none_seed8\g002_i002,runs_J_k16_plain\none_seed8\g002_i002\tripinfo.xml
2,3,4,733.792,-4950193;-782714971#1;58621262#0;783907721#0,runs_J_k16_plain\none_seed8\g002_i003,runs_J_k16_plain\none_seed8\g002_i003\tripinfo.xml
2,4,16,658.0846666666666,-120682114#1;-24337240#4;-311298658;-498033359#0;-5197062#4;-835445203;-876343449#2;26216779#1;28468732#0;28468732#1;311298658;311298662#1;4935286#2;498033359#0;498033359#3;876057378#3,runs_J_k16_plain\none_seed8\g002_i004,runs_J_k16_plain\none_seed8\g002_i004\tripinfo.xml
2,5,16,449.88866666666667,-111677668#3;-24337240#2;-311298662#1;-782714971#0;-876343449#2;-880137009#1;111677668#0;111677669#5;4935286#2;4970256#7;498033359#1;783907721#0;876057378#2;876057378#3;876057378#5;880137009#0,runs_J_k16_plain\none_seed8\g002_i005,runs_J_k16_plain\none_seed8\g002_i005\tripinfo.xml
2,6,16,1341.8166666666666,-111681903#2;-120682114#1;-498033359#0;-502325084#0;-535519490#0;111677668#0;111677669#0;111677669#1;111681903#3;120682114#3;4970256#8;498033359#0;502325084#0;782714971#3;876057376;876343449#2,runs_J_k16_plain\none_seed8\g002_i006,runs_J_k16_plain\none_seed8\g002_i006\tripinfo.xml
2,7,16,819.4453333333333,-120682114#3;-24337240#2;-25970859#1;-311298658;-498033359#0;-498033359#2;-782714971#2;-782714971#4;-835443464;-835445203;-876343449#1;24337240#0;26216779#0;4935286#1;4935299#1;58621262#0,runs_J_k16_plain\none_seed8\g002_i007,runs_J_k16_plain\none_seed8\g002_i007\tripinfo.xml
2,8,16,746.57,-120682114#2;-24337240#3;-25970859#1;-4950193;-498033359#0;-535519490#1;111681905#1;131942152;24337240#4;28468732#0;4935299#1;58621262#1;782714971#0;7924772;835445203;876057378#0,runs_J_k16_plain\none_seed8\g002_i008,runs_J_k16_plain\none_seed8\g002_i008\tripinfo.xml
2,9,16,551.5893333333333,-24337240#6;-24337240#7;-311298662#1;-7365262;-783907721#0;28468730#1;28468732#1;311298685;37628709#0;4935286#2;4970256#7;535519490#0;782714966#1;782714971#3;835443464;880137010,runs_J_k16_plain\none_seed8\g002_i009,runs_J_k16_plain\none_seed8\g002_i009\tripinfo.xml
2,10,16,633.2393333333333,-120682114#2;-24337240#2;-24337240#4;-24337240#6;-311298662#0;-498033359#0;-502325084#0;-7365262;-783907721#2;111681903#0;24337240#4;28468730#0;4970256#7;4970256#8;747448014;876343449#0,runs_J_k16_plain\none_seed8\g002_i010,runs_J_k16_plain\none_seed8\g002_i010\tripinfo.xml
2,11,8,644.456,-24337240#4;-502325084#0;-835443464;24337240#4;26216779#1;37628709#0;783907721#0;876057376,runs_J_k16_plain\none_seed8\g002_i011,runs_J_k16_plain\none_seed8\g002_i011\tripinfo.xml
2,12,16,590.0206666666667,-120682114#2;-25970859#0;-498033359#0;-74277990;-876343449#2;111677668#4;111677669#0;120682114#1;120682114#3;311298685;62826731;747448014;782714971#4;783907721#2;876057378#1;876343449#0,runs_J_k16_plain\none_seed8\g002_i012,runs_J_k16_plain\none_seed8\g002_i012\tripinfo.xml
2,13,13,647.7486666666666,-120682114#2;-205590836#0;-24337240#6;-311298662#1;-311298682#0;-783907721#2;-835445203;111677669#0;111681903#0;131942152;205590836#2;782714966#1;782714971#1,runs_J_k16_plain\none_seed8\g002_i013,runs_J_k16_plain\none_seed8\g002_i013\tripinfo.xml
2,14,16,778.9366666666666,-111681903#0;-120682114#3;-28468730#0;-876343449#1;111677669#3;120682114#3;25970859#1;311298662#1;311298682#0;311298685;4970256#6;5197062#4;782714971#3;7924772;876057376;880137009#0,runs_J_k16_plain\none_seed8\g002_i014,runs_J_k16_plain\none_seed8\g002_i014\tripinfo.xml
2,15,16,490.1193333333333,-120682114#3;-24337240#3;-311298658;-311298682#0;-502325084#3;-5197062#3;-535519490#1;24337240#0;24337240#2;26216779#0;26216781#2;311298662#1;311298685;4935286#1;535519490#0;782714971#1,runs_J_k16_plain\none_seed8\g002_i015,runs_J_k16_plain\none_seed8\g002_i015\tripinfo.xml
2,16,16,723.6133333333333,-111677671#0;-111681903#3;-120682114#2;-28298231;-28468730#0;-311298658;-5197062#4;-782714971#3;-783907721#1;-835443464;-880137009#1;24337240#3;26216781#2;4970256#5;58621262#0;783907721#1,runs_J_k16_plain\none_seed8\g002_i016,runs_J_k16_plain\none_seed8\g002_i016\tripinfo.xml
2,17,16,607.7453333333333,-111681903#3;-24337240#3;-24337240#4;-535519490#1;-876343449#1;-876343449#2;111681903#2;24337240#3;28468732#1;37628709#0;4935286#2;782714966#1;782714971#4;876057378#2;876343449#0;880137009#1,runs_J_k16_plain\none_seed8\g002_i017,runs_J_k16_plain\none_seed8\g002_i017\tripinfo.xml
2,18,16,655.0393333333334,-111677668#0;-111681903#1;-28468730#0;-502325084#3;-782714966#1;-782714971#0;-782714971#1;111677669#0;502325084#3;535519490#0;58621262#0;782714966#0;782714971#2;783907721#1;876343449#2;880137010,runs_J_k16_plain\none_seed8\g002_i018,runs_J_k16_plain\none_seed8\g002_i018\tripinfo.xml
2,19,16,667.0206666666667,-24337240#0;-311298658;-311298662#0;-498033359#1;-498033359#2;-74277990;-782714966#0;-782714971#0;-782714971#2;-782714971#4;111677669#1;111677671#0;120682114#3;24337240#4;25970859#0;782714966#0,runs_J_k16_plain\none_seed8\g002_i019,runs_J_k16_plain\none_seed8\g002_i019\tripinfo.xml
2,20,16,1000000000000.0,-120682114#1;-120682114#2;-120682114#3;-24337240#4;-502325084#1;-535519490#0;-835445203;-876343449#2;26216781#1;28468730#1;28468732#0;311298665;4935286#1;5197062#3;62826731;782714971#0,runs_J_k16_plain\none_seed8\g002_i020,runs_J_k16_plain\none_seed8\g002_i020\tripinfo.xml
2,21,16,1000000000000.0,-24337240#4;-311298685;-4950193;-5197062#3;-535519490#0;-782714971#1;-782714971#3;-880137009#0;120682114#3;311298658;4970256#5;4970256#6;498033359#3;783907721#2;876057378#5;876343449#0,runs_J_k16_plain\none_seed8\g002_i021,runs_J_k16_plain\none_seed8\g002_i021\tripinfo.xml
2,22,16,1464.9286666666667,-24337240#1;-502325084#3;-880137009#0;111677668#4;120682114#2;24337240#0;24337240#7;28468732#0;28468732#1;311298685;5197062#4;58621262#1;782714966#0;782714971#1;876057378#0;876057378#2,runs_J_k16_plain\none_seed8\g002_i022,runs_J_k16_plain\none_seed8\g002_i022\tripinfo.xml
2,23,14,1000000000000.0,-111677671#0;-120682114#2;-311298665;-535519490#1;-782714971#0;26216781#0;4935286#1;4970256#6;4970256#7;502325084#3;747448014;782714966#0;783907721#1;876057378#1,runs_J_k16_plain\none_seed8\g002_i023,runs_J_k16_plain\none_seed8\g002_i023\tripinfo.xml
3,0,8,374.126,-24337240#4;111677669#0;120682114#3;28468732#1;37628709#0;4935286#2;783907721#0;876343449#0,runs_J_k16_plain\none_seed8\g003_i000,runs_J_k16_plain\none_seed8\g003_i000\tripinfo.xml
3,1,16,576.3706666666667,-120682114#2;-120682114#3;-25970859#1;-311298662#1;-311298682#0;-498033359#3;-502325084#3;-5197062#3;-783907721#0;-876343449#0;24337240#0;4970256#7;535519490#0;782714966#1;876057378#0;880137010,runs_J_k16_plain\none_seed8\g003_i001,runs_J_k16_plain\none_seed8\g003_i001\tripinfo.xml
3,2,16,495.18533333333335,-24337240#3;-24337240#7;-502325084#3;-782714971#3;-783907721#0;24337240#2;26216779#0;26216781#0;26216781#2;311298665;311298685;37628709#0;37628709#1;4935286#1;782714971#1;783907721#2,runs_J_k16_plain\none_seed8\g003_i002,runs_J_k16_plain\none_seed8\g003_i002\tripinfo.xml
3,3,16,528.4226666666667,-24337240#0;-498033359#0;-498033359#3;-783907721#1;-835445203;111677669#1;111681903#0;120682114#3;24337240#0;311298665;4935286#1;4970256#5;502325084#3;58621262#0;782714966#1;783907721#0,runs_J_k16_plain\none_seed8\g003_i003,runs_J_k16_plain\none_seed8\g003_i003\tripinfo.xml
3,4,16,540.3046666666667,-111677668#4;-28468730#0;-311298658;-835443464;111677669#2;120682114#3;24337240#3;311298665;311298682#0;37628709#0;4935286#2;498033359#0;535519490#1;876057378#0;880137009#1;880137010,runs_J_k16_plain\none_seed8\g003_i004,runs_J_k16_plain\none_seed8\g003_i004\tripinfo.xml
3,5,16,637.3373333333333,-74277990;-782714966#0;-782714971#0;-835445203;-876343449#2;111677669#5;26216781#0;311298662#1;37628709#1;4970256#8;62826731;782714966#1;876057378#1;876057378#2;876057378#5;880137009#1,runs_J_k16_plain\none_seed8\g003_i005,runs_J_k16_plain\none_seed8\g003_i005\tripinfo.xml
3,6,16,353.04533333333336,-111677668#3;-111677668#4;-24337240#2;-25970859#0;-782714971#1;111681903#1;120682114#1;311298685;4935286#2;4970256#7;747448014;783907721#0;783907721#2;876057378#1;876057378#3;880137009#1,runs_J_k16_plain\none_seed8\g003_i006,runs_J_k16_plain\none_seed8\g003_i006\tripinfo.xml
3,7,16,810.4826666666667,-311298658;-535519490#1;-782714971#1;-783907721#0;-880137009#1;111677669#2;111681905#2;26216779#0;28468730#1;28468732#1;4935286#1;782714966#0;782714966#1;782714971#1;783907721#2;876343449#0,runs_J_k16_plain\none_seed8\g003_i007,runs_J_k16_plain\none_seed8\g003_i007\tripinfo.xml
3,8,11,982.3793333333333,-111677668#4;-111677671#0;-24337240#7;-311298662#1;-5197062#3;-783907721#0;26216781#1;26216781#2;4970256#7;782714971#3;835443464,runs_J_k16_plain\none_seed8\g003_i008,runs_J_k16_plain\none_seed8\g003_i008\tripinfo.xml
3,9,13,567.08,-111677671#0;-111681903#3;-24337240#4;-783907721#2;111677669#0;28468732#1;311298662#0;4935286#3;502325084#1;58621262#0;7924772;876057378#3;876057378#4,runs_J_k16_plain\none_seed8\g003_i009,runs_J_k16_plain\none_seed8\g003_i009\tripinfo.xml
3,10,16,644.456,-24337240#4;-311298665;111677669#3;111677671#0;111681905#1;131942152;26216779#0;26216781#2;311298682#0;37628709#0;4935286#1;4935286#2;58621262#1;782714971#0;783907721#0;876343449#0,runs_J_k16_plain\none_seed8\g003_i010,runs_J_k16_plain\none_seed8\g003_i010\tripinfo.xml
3,11,16,503.42466666666667,-111681903#1;-311298662#0;-311298662#1;-782714966#1;-835445203;111677669#0;28468732#1;311298662#1;311298682#0;4935286#2;4970256#6;498033359#1;876057378#2;876057378#3;876343449#0;880140407,runs_J_k16_plain\none_seed8\g003_i011,runs_J_k16_plain\none_seed8\g003_i011\tripinfo.xml
3,12,14,624.2786666666667,-111681903#0;-24337240#4;-502325084#0;-782714966#0;-782714971#4;-783907721#0;111677668#0;111677669#5;111681903#0;4935286#2;502325084#0;535519490#1;58621262#1;880137009#0,runs_J_k16_plain\none_seed8\g003_i012,runs_J_k16_plain\none_seed8\g003_i012\tripinfo.xml
3,13,16,830.7533333333333,-111677668#3;-24337240#2;-311298662#1;-5197062#4;-782714971#0;-876343449#2;-880137009#1;111681903#0;111681903#2;111681905#1;24337240#2;24337240#7;4970256#7;783907721#1;876057378#2;880137009#0,runs_J_k16_plain\none_seed8\g003_i013,runs_J_k16_plain\none_seed8\g003_i013\tripinfo.xml
3,14,7,743.932,-111677668#3;-24337240#2;-782714966#0;-782714966#1;-876343449#2;111677668#0;783907721#0,runs_J_k16_plain\none_seed8\g003_i014,runs_J_k16_plain\none_seed8\g003_i014\tripinfo.xml
3,15,16,591.8346666666666,-111677668#4;-311298662#1;-498033359#1;-782714971#0;-783907721#2;-835443464;-876343449#2;111677669#1;26216779#0;26216779#1;28468732#0;311298682#0;4970256#8;747448014;876057378#3;880137010,runs_J_k16_plain\none_seed8\g003_i015,runs_J_k16_plain\none_seed8\g003_i015\tripinfo.xml
3,16,16,822.8873333333333,-498033359#3;-782714966#0;-783907721#1;111677668#0;111677669#5;111681905#1;120682114#3;25970859#1;28468730#0;311298665;4935286#2;58621262#1;782710712;782714966#0;782714971#3;880137009#0,runs_J_k16_plain\none_seed8\g003_i016,runs_J_k16_plain\none_seed8\g003_i016\tripinfo.xml
3,17,16,461.57933333333335,-205590836#0;-24337240#4;-25970859#0;-311298662#1;-502325084#0;-876343449#0;111681903#3;120682114#3;24337240#0;28468732#1;311298685;4935286#2;4970256#7;498033359#2;782714971#2;783907721#0,runs_J_k16_plain\none_seed8\g003_i017,runs_J_k16_plain\none_seed8\g003_i017\tripinfo.xml
3,18,12,635.2186666666666,-111681903#3;-311298662#1;-782714966#0;-782714971#0;111681905#2;37628709#0;498033359#1;782710712;782714966#0;783907721#0;876057378#5;876343449#1,runs_J_k16_plain\none_seed8\g003_i018,runs_J_k16_plain\none_seed8\g003_i018\tripinfo.xml
3,19,16,629.4233333333333,-120682114#1;-25970859#0;-311298682#0;-498033359#0;-880137009#0;111677668#4;111677669#3;111681905#1;120682114#2;120682114#3;4970256#6;62826731;747448014;782714966#0;783907721#2;876343449#1,runs_J_k16_plain\none_seed8\g003_i019,runs_J_k16_plain\none_seed8\g003_i019\tripinfo.xml
3,20,16,962.026,-111681903#0;-111681903#1;-120682114#2;-24337240#7;-25970859#0;-498033359#0;120682114#1;120682114#3;26216781#1;28468732#1;311298685;4970256#5;502325084#1;876057378#1;876057378#3;876343449#0,runs_J_k16_plain\none_seed8\g003_i020,runs_J_k16_plain\none_seed8\g003_i020\tripinfo.xml
3,21,10,1000000000000.0,-25970859#0;-7365262;-835445203;111677669#5;28468730#0;4970256#7;498033359#1;62826731;783907721#0;876057378#5,runs_J_k16_plain\none_seed8\g003_i021,runs_J_k16_plain\none_seed8\g003_i021\tripinfo.xml
3,22,16,756.3313333333333,-120682114#3;-24337240#0;-24337240#7;-25970859#1;-498033359#0;-502325084#1;-782714971#0;-876343449#2;111681903#0;24337240#0;24337240#1;28468732#1;4970256#7;498033359#3;876057376;876057378#2,runs_J_k16_plain\none_seed8\g003_i022,runs_J_k16_plain\none_seed8\g003_i022\tripinfo.xml
3,23,16,542.586,-24337240#2;-24337240#4;-25970859#1;-311298662#1;-782714966#0;-880137009#1;111677669#0;311298685;37628709#0;4935286#2;4970256#7;498033359#1;783907721#0;835443464;876057378#3;876057378#4,runs_J_k16_plain\none_seed8\g003_i023,runs_J_k16_plain\none_seed8\g003_i023\tripinfo.xml
4,0,16,353.04533333333336,-111677668#3;-111677668#4;-24337240#2;-25970859#0;-782714971#1;111681903#1;120682114#1;311298685;4935286#2;4970256#7;747448014;783907721#0;783907721#2;876057378#1;876057378#3;880137009#1,runs_J_k16_plain\none_seed8\g004_i000,runs_J_k16_plain\none_seed8\g004_i000\tripinfo.xml
4,1,16,670.8766666666667,-24337240#4;-311298682#0;111681903#2;120682114#3;24337240#0;26216779#1;4970256#7;502325084#0;747448014;782714971#2;783907721#0;835443464;835445203;876057378#4;876343449#0;876343449#1,runs_J_k16_plain\none_seed8\g004_i001,runs_J_k16_plain\none_seed8\g004_i001\tripinfo.xml
4,2,16,1000000000000.0,-111681903#2;-25970859#1;-311298662#1;-311298665;-502325084#0;-5197062#3;-835443464;-880137009#0;-880137009#1;111677669#0;111677671#0;24337240#1;25970859#0;4970256#7;782714966#0;783907721#0,runs_J_k16_plain\none_seed8\g004_i002,runs_J_k16_plain\none_seed8\g004_i002\tripinfo.xml
4,3,16,1668.2286666666666,-111681903#3;-24337240#6;-782714966#0;-782714971#0;-783907721#2;111677669#0;111681903#1;120682114#3;24337240#4;28468732#0;28468732#1;4935286#2;782714971#1;835445203;876057378#4;876343449#0,runs_J_k16_plain\none_seed8\g004_i003,runs_J_k16_plain\none_seed8\g004_i003\tripinfo.xml
4,4,16,637.27,-783907721#2;-835445203;111677669#1;24337240#4;24337240#7;28468732#0;28468732#1;37628709#0;498033359#1;502325084#1;7924772;876057376;876057378#0;876057378#2;876343449#0;876343449#1,runs_J_k16_plain\none_seed8\g004_i004,runs_J_k16_plain\none_seed8\g004_i004\tripinfo.xml
4,5,16,474.30466666666666,-111677668#3;-25970859#0;-782714971#2;-783907721#2;-880137009#1;24337240#5;28468730#0;311298685;37628709#0;4935286#2;4970256#7;498033359#1;58621262#1;783907721#0;876057378#1;876057378#4,runs_J_k16_plain\none_seed8\g004_i005,runs_J_k16_plain\none_seed8\g004_i005\tripinfo.xml
4,6,16,409.792,-111681903#3;-120682114#2;-7365262;111677669#2;111681903#1;111681903#2;26216781#0;28468730#1;4935286#2;498033359#1;498033359#2;783907721#0;835443464;876057376;876057378#3;876343449#2,runs_J_k16_plain\none_seed8\g004_i006,runs_J_k16_plain\none_seed8\g004_i006\tripinfo.xml
4,7,14,1000000000000.0,-111681903#3;-205590836#0;-498033359#3;-782714971#0;-876343449#2;111681903#1;111681905#1;26216781#3;311298665;782710712;782714966#0;783907721#2;876057376;876057378#5,runs_J_k16_plain\none_seed8\g004_i007,runs_J_k16_plain\none_seed8\g004_i007\tripinfo.xml
4,8,10,1657.7533333333333,-5197062#4;-835443464;-835445203;111677668#4;120682114#2;120682114#3;24337240#1;5197062#3;747448014;876343449#1,runs_J_k16_plain\none_seed8\g004_i008,runs_J_k16_plain\none_seed8\g004_i008\tripinfo.xml
4,9,16,1055.5113333333334,-24337240#0;-24337240#4;-498033359#0;111677669#2;111681903#3;120682114#2;120682114#3;24337240#4;28468732#1;311298682#0;37628709#1;4935286#2;498033359#2;783907721#0;876057378#1;876343449#0,runs_J_k16_plain\none_seed8\g004_i009,runs_J_k16_plain\none_seed8\g004_i009\tripinfo.xml
4,10,16,697.2653333333334,-111677668#0;-111677668#3;-111677668#4;120682114#1;26216779#0;4935286#2;4970256#7;498033359#0;498033359#3;502325084#0;502325084#3;782714971#3;783907721#0;7924772;876057378#3;876343449#0,runs_J_k16_plain\none_seed8\g004_i010,runs_J_k16_plain\none_seed8\g004_i010\tripinfo.xml
4,11,16,1099.4433333333334,-111677668#3;-111677668#4;-25970859#0;-498033359#3;-782714971#1;111677669#0;111681903#1;311298662#0;311298685;498033359#1;5197062#4;535519490#0;782714971#0;783907721#2;876057378#3;880137009#1,runs_J_k16_plain\none_seed8\g004_i011,runs_J_k16_plain\none_seed8\g004_i011\tripinfo.xml
4,12,16,644.456,-111677671#0;-24337240#1;-311298665;111677668#4;111681903#1;311298682#0;37628709#0;4935286#3;502325084#1;5197062#4;782710712;7924772;835445203;876057378#1;876057378#3;876343449#0,runs_J_k16_plain\none_seed8\g004_i012,runs_J_k16_plain\none_seed8\g004_i012\tripinfo.xml
4,13,16,659.502,-111677668#0;-111677668#3;-111681903#1;-311298662#1;-311298685;-498033359#3;-74277990;-783907721#0;120682114#1;28468732#0;311298685;4970256#7;783907721#0;835443464;876057378#1;880140407,runs_J_k16_plain\none_seed8\g004_i013,runs_J_k16_plain\none_seed8\g004_i013\tripinfo.xml
4,14,16,669.746,-120682114#2;-311298662#1;-5197062#3;-782714971#1;-782714971#2;-876343449#0;111681903#1;131942152;24337240#0;24337240#1;25970859#1;311298662#1;4970256#7;782714966#1;876057378#0;880137009#1,runs_J_k16_plain\none_seed8\g004_i014,runs_J_k16_plain\none_seed8\g004_i014\tripinfo.xml
4,15,16,1542.4306666666666,-24337240#4;-311298662#1;-7365262;-876343449#0;111677669#0;120682114#2;26216781#1;28468732#1;311298665;4935286#0;4970256#7;498033359#1;502325084#1;782714971#2;876057378#3;876057378#4,runs_J_k16_plain\none_seed8\g004_i015,runs_J_k16_plain\none_seed8\g004_i015\tripinfo.xml
4,16,16,687.7833333333333,-111677671#0;-24337240#4;-25970859#0;-502325084#0;-535519490#0;-7365262;111681903#3;120682114#3;24337240#0;26216781#0;498033359#2;535519490#0;782714971#4;7924772;876057378#3;880140407,runs_J_k16_plain\none_seed8\g004_i016,runs_J_k16_plain\none_seed8\g004_i016\tripinfo.xml
4,17,16,358.93666666666667,-120682114#1;-311298685;-74277990;-783907721#1;111681903#1;120682114#1;37628709#0;4935286#2;4935299#1;4970256#5;747448014;783907721#2;876057376;876057378#1;876057378#4;880137009#1,runs_J_k16_plain\none_seed8\g004_i017,runs_J_k16_plain\none_seed8\g004_i017\tripinfo.xml
4,18,16,1000000000000.0,-111677668#4;-24337240#1;-24337240#4;-7365262;-782714971#1;-782714971#3;111677669#0;111681903#1;25970859#1;311298685;4935286#0;4970256#7;782714971#3;783907721#0;876057378#5;880137010,runs_J_k16_plain\none_seed8\g004_i018,runs_J_k16_plain\none_seed8\g004_i018\tripinfo.xml
4,19,16,644.456,-24337240#2;-24337240#3;-24337240#4;-311298662#1;-782714966#0;-880137009#1;111677669#0;25970859#0;4970256#7;498033359#1;58621262#0;62826731;7924772;876057378#2;876057378#3;876057378#4,runs_J_k16_plain\none_seed8\g004_i019,runs_J_k16_plain\none_seed8\g004_i019\tripinfo.xml
4,20,16,531.7826666666666,-24337240#0;-24337240#4;-25970859#1;-783907721#2;111677668#0;111681903#1;25970859#0;311298685;535519490#0;747448014;782714971#1;783907721#0;876057378#2;876057378#3;876343449#0;880140407,runs_J_k16_plain\none_seed8\g004_i020,runs_J_k16_plain\none_seed8\g004_i020\tripinfo.xml
4,21,16,1068.732,-111677671#0;-24337240#1;-24337240#4;-535519490#1;-783907721#2;111677668#0;111677668#3;111677669#0;120682114#3;26216781#0;311298662#0;4935286#2;4970256#7;498033359#1;835443464;876343449#0,runs_J_k16_plain\none_seed8\g004_i021,runs_J_k16_plain\none_seed8\g004_i021\tripinfo.xml
4,22,16,460.88733333333334,-24337240#4;111677671#0;111681903#3;120682114#3;24337240#3;26216779#0;26216781#1;28468732#1;311298685;37628709#0;4935286#2;502325084#0;782714966#0;782714971#0;782714971#3;783907721#0,runs_J_k16_plain\none_seed8\g004_i022,runs_J_k16_plain\none_seed8\g004_i022\tripinfo.xml
4,23,15,670.592,-111677668#4;-24337240#2;-25970859#0;-782714971#2;-880137009#1;120682114#1;24337240#0;311298662#0;4970256#7;5197062#3;747448014;783907721#0;876057378#1;876057378#3;880137009#1,runs_J_k16_plain\none_seed8\g004_i023,runs_J_k16_plain\none_seed8\g004_i023\tripinfo.xml
5,0,16,353.04533333333336,-111677668#3;-111677668#4;-24337240#2;-25970859#0;-782714971#1;111681903#1;120682114#1;311298685;4935286#2;4970256#7;747448014;783907721#0;783907721#2;876057378#1;876057378#3;880137009#1,runs_J_k16_plain\none_seed8\g005_i000,runs_J_k16_plain\none_seed8\g005_i000\tripinfo.xml
5,1,16,418.178,-120682114#2;-120682114#3;-24337240#7;-502325084#0;-502325084#3;-7365262;-782714966#1;-876343449#1;111677669#4;26216781#0;4935286#2;4935299#1;498033359#1;58621262#1;783907721#2;876057378#3,runs_J_k16_plain\none_seed8\g005_i001,runs_J_k16_plain\none_seed8\g005_i001\tripinfo.xml
5,2,16,1735.696,-28468730#0;-311298662#1;-498033359#2;-535519490#0;-783907721#1;111677668#0;111677669#1;111681903#1;111681903#2;120682114#2;131942152;205590836#2;24337240#2;498033359#1;498033359#2;876057376,runs_J_k16_plain\none_seed8\g005_i002,runs_J_k16_plain\none_seed8\g005_i002\tripinfo.xml
5,3,16,637.9233333333333,-311298685;-783907721#2;111677669#1;111681905#1;24337240#1;24337240#4;24337240#7;25970859#1;26216779#0;37628709#0;498033359#1;502325084#1;7924772;876057376;876057378#2;876057378#5,runs_J_k16_plain\none_seed8\g005_i003,runs_J_k16_plain\none_seed8\g005_i003\tripinfo.xml
5,4,14,569.7366666666667,-24337240#1;-28298231;-5197062#4;-782714971#1;311298685;37628709#1;4970256#7;5197062#4;62826731;747448014;782714971#0;876057378#1;876057378#3;880140407,runs_J_k16_plain\none_seed8\g005_i004,runs_J_k16_plain\none_seed8\g005_i004\tripinfo.xml
5,5,16,707.7153333333333,-111677668#4;-111681903#2;-24337240#2;-311298685;-498033359#2;-502325084#0;-7365262;-782714971#1;28468732#1;783907721#0;835443464;876057378#0;876057378#1;876057378#3;876343449#0;880137009#1,runs_J_k16_plain\none_seed8\g005_i005,runs_J_k16_plain\none_seed8\g005_i005\tripinfo.xml
5,6,16,1000000000000.0,-111677668#3;-111677668#4;-120682114#2;-25970859#0;-28468730#0;-311298662#1;-782714971#1;-880140407;111677668#0;111681903#1;25970859#1;26216779#1;37628709#1;4970256#7;783907721#2;876057378#3,runs_J_k16_plain\none_seed8\g005_i006,runs_J_k16_plain\none_seed8\g005_i006\tripinfo.xml
5,7,16,647.1,-111681903#3;-25970859#0;-7365262;-782714971#1;205590836#2;24337240#0;25970859#1;28468732#0;311298662#1;311298665;4970256#7;502325084#1;58621262#0;782714971#3;783907721#0;876057378#5,runs_J_k16_plain\none_seed8\g005_i007,runs_J_k16_plain\none_seed8\g005_i007\tripinfo.xml
5,8,16,448.58666666666664,-120682114#2;-120682114#3;-311298662#1;-782714966#0;-782714971#0;-782714971#3;-783907721#1;-876343449#0;-876343449#2;111681903#2;131942152;4935286#2;498033359#1;876057376;876057378#0;880137009#1,runs_J_k16_plain\none_seed8\g005_i008,runs_J_k16_plain\none_seed8\g005_i008\tripinfo.xml
5,9,16,637.95,-120682114#1;-120682114#2;-311298658;-5197062#3;-782714971#2;205590836#2;24337240#0;24337240#4;311298662#1;4935286#1;4935286#2;4970256#7;747448014;783907721#2;880137009#0;880137009#1,runs_J_k16_plain\none_seed8\g005_i009,runs_J_k16_plain\none_seed8\g005_i009\tripinfo.xml
5,10,16,1000000000000.0,-111677671#0;-111681903#2;-24337240#1;-311298685;-782714971#3;111677669#2;111681903#1;120682114#1;311298662#1;37628709#0;4935299#1;4970256#5;498033359#3;783907721#2;876057376;880137009#1,runs_J_k16_plain\none_seed8\g005_i010,runs_J_k16_plain\none_seed8\g005_i010\tripinfo.xml
5,11,16,629.7686666666667,-120682114#2;-28298231;-782714966#0;-782714971#1;-876343449#0;-880137009#1;26216779#1;28468730#1;4935286#3;4970256#7;535519490#1;62826731;782714966#1;7924772;876057378#2;876057378#3,runs_J_k16_plain\none_seed8\g005_i011,runs_J_k16_plain\none_seed8\g005_i011\tripinfo.xml
5,12,16,633.0673333333333,-24337240#1;-24337240#2;-24337240#4;-311298662#0;-7365262;-782714971#4;-876343449#0;24337240#2;24337240#7;25970859#0;26216781#3;4970256#7;498033359#1;835445203;876057378#4;880137009#1,runs_J_k16_plain\none_seed8\g005_i012,runs_J_k16_plain\none_seed8\g005_i012\tripinfo.xml
5,13,16,386.69266666666664,-111677668#3;-111681903#0;-24337240#4;-502325084#1;-7365262;-782714971#4;-835445203;111677669#1;111681903#2;24337240#4;28468730#0;28468730#1;28468732#1;4935286#2;876057378#1;876057378#4,runs_J_k16_plain\none_seed8\g005_i013,runs_J_k16_plain\none_seed8\g005_i013\tripinfo.xml
5,14,16,594.7666666666667,-25970859#0;-7365262;-782714971#2;-783907721#2;-880137009#1;24337240#2;24337240#3;26216781#1;28468730#0;28468732#0;311298685;37628709#0;498033359#1;498033359#2;876057376;876343449#0,runs_J_k16_plain\none_seed8\g005_i014,runs_J_k16_plain\none_seed8\g005_i014\tripinfo.xml
5,15,16,412.0686666666667,-120682114#2;-24337240#1;-24337240#2;-28298231;-311298662#0;-311298685;-7365262;-880137009#1;111681903#1;111681903#2;4935286#2;498033359#2;876057378#0;876057378#3;876343449#1;876343449#2,runs_J_k16_plain\none_seed8\g005_i015,runs_J_k16_plain\none_seed8\g005_i015\tripinfo.xml
5,16,16,691.1306666666667,-24337240#1;-24337240#4;-782714966#1;-835445203;-876343449#0;111677671#0;120682114#3;205590836#2;24337240#3;26216779#0;26216781#2;37628709#0;4935286#0;498033359#3;782714971#0;782714971#1,runs_J_k16_plain\none_seed8\g005_i016,runs_J_k16_plain\none_seed8\g005_i016\tripinfo.xml
5,17,16,366.5246666666667,-205590836#0;-24337240#2;-24337240#4;111681903#1;26216779#1;28468730#1;311298685;4935286#2;4970256#7;4970256#8;5197062#4;58621262#0;747448014;783907721#0;783907721#2;876057378#1,runs_J_k16_plain\none_seed8\g005_i017,runs_J_k16_plain\none_seed8\g005_i017\tripinfo.xml
5,18,16,349.1786666666667,-111677668#3;-24337240#2;-24337240#4;-783907721#1;111681903#1;111681903#2;120682114#1;24337240#4;28468732#1;4935286#2;783907721#0;835443464;876057378#3;876057378#5;880137009#1;880137010,runs_J_k16_plain\none_seed8\g005_i018,runs_J_k16_plain\none_seed8\g005_i018\tripinfo.xml
5,19,9,636.414,-111681903#1;-24337240#4;-28468730#0;311298682#0;4970256#7;535519490#1;783907721#0;835443464;876057378#1,runs_J_k16_plain\none_seed8\g005_i019,runs_J_k16_plain\none_seed8\g005_i019\tripinfo.xml
5,20,15,605.2513333333334,-120682114#3;-311298662#1;-311298665;-4950193;-5197062#3;-876343449#0;24337240#0;26216779#0;28468732#0;311298685;4970256#5;4970256#7;747448014;783907721#0;876343449#0,runs_J_k16_plain\none_seed8\g005_i020,runs_J_k16_plain\none_seed8\g005_i020\tripinfo.xml
5,21,16,689.508,-111677668#0;-111677668#3;-25970859#0;-782714971#0;-782714971#4;111681903#1;111681905#2;120682114#1;26216779#1;37628709#0;4970256#7;5197062#3;535519490#0;782714971#2;782714971#3;7924772,runs_J_k16_plain\none_seed8\g005_i021,runs_J_k16_plain\none_seed8\g005_i021\tripinfo.xml
5,22,16,821.8653333333333,-111677671#0;-205590836#0;-24337240#2;-25970859#0;-782714971#1;-876343449#1;111677668#0;111677669#3;26216779#0;311298685;37628709#0;4935286#0;4970256#7;502325084#0;783907721#0;880137009#1,runs_J_k16_plain\none_seed8\g005_i022,runs_J_k16_plain\none_seed8\g005_i022\tripinfo.xml
5,23,16,616.6326666666666,-120682114#1;-502325084#3;-535519490#0;-535519490#1;-782714971#4;-783907721#1;-880137009#1;120682114#1;311298685;4935286#2;4935299#1;498033359#3;502325084#0;747448014;782710712;880137009#1,runs_J_k16_plain\none_seed8\g005_i023,runs_J_k16_plain\none_seed8\g005_i023\tripinfo.xml
6,0,16,349.1786666666667,-111677668#3;-24337240#2;-24337240#4;-783907721#1;111681903#1;111681903#2;120682114#1;24337240#4;28468732#1;4935286#2;783907721#0;835443464;876057378#3;876057378#5;880137009#1;880137010,runs_J_k16_plain\none_seed8\g006_i000,runs_J_k16_plain\none_seed8\g006_i000\tripinfo.xml
6,1,16,2548.1993333333335,-111677668#3;-111677668#4;-120682114#1;-120682114#2;-120682114#3;-24337240#2;-24337240#7;-782714966#1;-782714971#3;111681905#1;120682114#1;4935286#0;4935286#2;58621262#1;782714971#1;835443464,runs_J_k16_plain\none_seed8\g006_i001,runs_J_k16_plain\none_seed8\g006_i001\tripinfo.xml
6,2,16,1000000000000.0,-120682114#3;-24337240#2;-24337240#7;-25970859#0;-311298658;-4950193;-502325084#3;-783907721#1;205590836#2;24337240#4;4935299#1;4970256#5;783907721#2;835443464;876057378#5;880137010,runs_J_k16_plain\none_seed8\g006_i002,runs_J_k16_plain\none_seed8\g006_i002\tripinfo.xml
6,3,16,541.5233333333333,-111677668#3;-24337240#4;-25970859#1;-311298658;-782714966#1;-782714971#2;-783907721#2;-835445203;24337240#4;25970859#0;28468730#1;28468732#0;4935286#0;4935286#2;498033359#2;502325084#0,runs_J_k16_plain\none_seed8\g006_i003,runs_J_k16_plain\none_seed8\g006_i003\tripinfo.xml
6,4,16,487.60333333333335,-120682114#3;-4950193;-502325084#0;-502325084#3;-5197062#3;-782714966#1;-876343449#1;111677669#4;111681903#3;120682114#1;4935286#2;4970256#6;498033359#1;782714971#2;783907721#2;876057378#3,runs_J_k16_plain\none_seed8\g006_i004,runs_J_k16_plain\none_seed8\g006_i004\tripinfo.xml
6,5,16,1000000000000.0,-205590836#0;-24337240#1;-28298231;-498033359#2;-502325084#3;-880137009#0;111681903#1;24337240#3;25970859#1;311298658;783907721#0;876057378#0;876057378#1;876343449#1;876343449#2;880137010,runs_J_k16_plain\none_seed8\g006_i005,runs_J_k16_plain\none_seed8\g006_i005\tripinfo.xml
6,6,16,1447.0326666666667,-111681903#3;-24337240#2;-24337240#4;-28468730#0;-7365262;-782714971#3;-783907721#2;111677668#0;111681903#1;26216779#1;4935286#2;498033359#0;58621262#0;783907721#2;876343449#1;880140407,runs_J_k16_plain\none_seed8\g006_i006,runs_J_k16_plain\none_seed8\g006_i006\tripinfo.xml
6,7,16,365.2373333333333,-24337240#0;-24337240#1;-782714971#1;-783907721#0;111677668#3;111677669#0;111677669#2;111681903#1;120682114#1;131942152;4935286#2;4970256#8;747448014;782714971#0;783907721#0;876057378#1,runs_J_k16_plain\none_seed8\g006_i007,runs_J_k16_plain\none_seed8\g006_i007\tripinfo.xml
6,8,6,778.2713333333334,-25970859#0;111677669#4;111677671#0;24337240#1;4970256#8;58621262#0,runs_J_k16_plain\none_seed8\g006_i008,runs_J_k16_plain\none_seed8\g006_i008\tripinfo.xml
6,9,16,506.02733333333333,-24337240#0;-24337240#2;-311298658;-311298685;-7365262;25970859#0;4935286#2;4970256#7;498033359#1;498033359#2;502325084#0;58621262#1;782714971#2;783907721#0;783907721#2;835443464,runs_J_k16_plain\none_seed8\g006_i009,runs_J_k16_plain\none_seed8\g006_i009\tripinfo.xml
6,10,16,669.31,-205590836#0;-28298231;-311298662#0;-74277990;-880137009#1;26216779#0;28468732#0;4935286#1;4970256#8;502325084#1;535519490#0;62826731;747448014;876057378#1;876057378#3;876343449#1,runs_J_k16_plain\none_seed8\g006_i010,runs_J_k16_plain\none_seed8\g006_i010\tripinfo.xml
6,11,16,1000000000000.0,-111677671#0;-111681903#1;-111681903#2;-535519490#0;-783907721#1;-876343449#0;-876343449#1;111677668#0;111677668#3;111681903#1;4935286#2;4935299#1;783907721#2;835443464;876057378#0;876057378#3,runs_J_k16_plain\none_seed8\g006_i011,runs_J_k16_plain\none_seed8\g006_i011\tripinfo.xml
6,12,16,391.9753333333333,-120682114#2;-24337240#0;-502325084#1;-502325084#3;-782714966#1;-783907721#2;26216781#0;28468730#0;311298665;37628709#1;4935286#2;4970256#7;498033359#2;58621262#1;747448014;783907721#0,runs_J_k16_plain\none_seed8\g006_i012,runs_J_k16_plain\none_seed8\g006_i012\tripinfo.xml
6,13,16,1008.2426666666667,-111677671#0;-111681903#3;-535519490#0;-7365262;-835445203;-876343449#2;111677669#0;311298662#0;4970256#7;4970256#8;498033359#1;782714971#1;782714971#2;876057376;876057378#4;880137009#1,runs_J_k16_plain\none_seed8\g006_i013,runs_J_k16_plain\none_seed8\g006_i013\tripinfo.xml
6,14,3,644.456,111681903#2;26216779#1;876057378#0,runs_J_k16_plain\none_seed8\g006_i014,runs_J_k16_plain\none_seed8\g006_i014\tripinfo.xml
6,15,16,414.67133333333334,-111677668#4;-120682114#2;-311298685;-502325084#3;-74277990;-782714966#1;111681903#0;24337240#4;24337240#5;26216779#0;26216781#0;311298685;4935286#2;783907721#1;783907721#2;876057378#3,runs_J_k16_plain\none_seed8\g006_i015,runs_J_k16_plain\none_seed8\g006_i015\tripinfo.xml
6,16,16,1000000000000.0,-120682114#1;-205590836#0;-24337240#2;-7365262;111677669#4;311298662#0;311298685;4935299#1;4970256#7;498033359#1;5197062#3;5197062#4;58621262#1;783907721#2;876057378#3;880137010,runs_J_k16_plain\none_seed8\g006_i016,runs_J_k16_plain\none_seed8\g006_i016\tripinfo.xml
6,17,16,582.8706666666667,-111677671#0;-24337240#2;-28468730#0;-498033359#3;111681903#1;111681903#2;120682114#1;24337240#4;25970859#1;311298665;37628709#1;4935286#2;783907721#0;876057378#3;876057378#5;880137010,runs_J_k16_plain\none_seed8\g006_i017,runs_J_k16_plain\none_seed8\g006_i017\tripinfo.xml
6,18,16,693.9,-111677668#0;-111677668#3;-111677668#4;-24337240#2;-502325084#1;-783907721#0;-876343449#0;120682114#1;311298682#0;311298685;502325084#3;747448014;782714971#3;782714971#4;876057378#1;880137009#1,runs_J_k16_plain\none_seed8\g006_i018,runs_J_k16_plain\none_seed8\g006_i018\tripinfo.xml
6,19,16,674.834,-111677668#0;-111681903#2;-24337240#4;-24337240#6;-4950193;-782714971#3;-835443464;-876343449#0;-876343449#2;311298685;498033359#3;5197062#4;58621262#0;747448014;782714971#2;835443464,runs_J_k16_plain\none_seed8\g006_i019,runs_J_k16_plain\none_seed8\g006_i019\tripinfo.xml
6,20,16,674.8226666666667,-311298662#1;-311298682#0;-782714971#1;-782714971#3;-783907721#1;-880137009#1;26216779#1;28468730#1;311298658;311298685;4970256#5;498033359#3;535519490#0;783907721#0;876057378#1;876343449#0,runs_J_k16_plain\none_seed8\g006_i020,runs_J_k16_plain\none_seed8\g006_i020\tripinfo.xml
6,21,13,663.6066666666667,-111677668#3;-205590836#0;-782714971#1;-782714971#3;-880137009#0;111677668#4;111681903#2;24337240#0;25970859#1;4970256#6;62826731;783907721#2;876057378#0,runs_J_k16_plain\none_seed8\g006_i021,runs_J_k16_plain\none_seed8\g006_i021\tripinfo.xml
6,22,16,680.6966666666667,-120682114#2;-24337240#2;-24337240#7;-498033359#3;-783907721#0;111681903#1;131942152;311298682#0;498033359#0;58621262#0;782714966#1;782714971#0;876057376;876057378#1;876057378#3;876343449#0,runs_J_k16_plain\none_seed8\g006_i022,runs_J_k16_plain\none_seed8\g006_i022\tripinfo.xml
6,23,16,554.858,-24337240#2;-24337240#3;-25970859#1;-28468730#0;-498033359#2;-5197062#4;111677669#5;28468730#0;28468730#1;4935286#2;4970256#7;502325084#0;5197062#3;747448014;835443464;880137010,runs_J_k16_plain\none_seed8\g006_i023,runs_J_k16_plain\none_seed8\g006_i023\tripinfo.xml
7,0,16,349.1786666666667,-111677668#3;-24337240#2;-24337240#4;-783907721#1;111681903#1;111681903#2;120682114#1;24337240#4;28468732#1;4935286#2;783907721#0;835443464;876057378#3;876057378#5;880137009#1;880137010,runs_J_k16_plain\none_seed8\g007_i000,runs_J_k16_plain\none_seed8\g007_i000\tripinfo.xml
7,1,16,1090.71,-111677668#3;-24337240#4;-25970859#1;-498033359#2;111677669#1;111677669#2;111681903#1;131942152;37628709#1;4935286#2;4970256#5;498033359#2;502325084#0;747448014;7924772;880137010,runs_J_k16_plain\none_seed8\g007_i001,runs_J_k16_plain\none_seed8\g007_i001\tripinfo.xml
7,2,16,428.38733333333334,-205590836#0;-24337240#0;-24337240#1;-311298662#1;-782714971#3;-835445203;111681903#1;111681903#2;24337240#4;28468730#1;4935286#0;4935286#2;4970256#8;835445203;876057378#1;876057378#4,runs_J_k16_plain\none_seed8\g007_i002,runs_J_k16_plain\none_seed8\g007_i002\tripinfo.xml
7,3,16,442.01,-111677668#3;-111677671#0;-120682114#2;-24337240#2;-311298685;-74277990;-782714971#1;-782714971#4;111681903#3;120682114#1;24337240#1;26216779#0;26216781#0;311298682#0;4935286#2;880137009#1,runs_J_k16_plain\none_seed8\g007_i003,runs_J_k16_plain\none_seed8\g007_i003\tripinfo.xml
7,4,16,642.294,-111681903#0;-24337240#2;-4950193;-498033359#2;-502325084#3;-782714966#1;-783907721#0;111677669#2;111677669#5;111681905#1;24337240#2;24337240#4;502325084#3;747448014;782714971#0;876343449#0,runs_J_k16_plain\none_seed8\g007_i004,runs_J_k16_plain\none_seed8\g007_i004\tripinfo.xml
7,5,16,1000000000000.0,-24337240#0;-25970859#1;-498033359#3;-535519490#1;-7365262;111677669#4;25970859#0;26216779#0;4935286#1;4970256#7;4970256#8;498033359#0;498033359#1;782714971#2;783907721#2;835445203,runs_J_k16_plain\none_seed8\g007_i005,runs_J_k16_plain\none_seed8\g007_i005\tripinfo.xml
7,6,16,740.422,-24337240#0;-24337240#4;-880137009#1;111681903#2;24337240#0;26216779#1;26216781#1;28468730#0;28468732#1;502325084#0;58621262#0;58621262#1;782714966#0;783907721#0;876057378#0;880137009#0,runs_J_k16_plain\none_seed8\g007_i006,runs_J_k16_plain\none_seed8\g007_i006\tripinfo.xml
7,7,16,698.5586666666667,-111677668#4;-24337240#7;-4950193;-782714966#1;111681903#1;120682114#1;131942152;25970859#0;25970859#1;28468730#0;4935286#2;4970256#6;498033359#2;782714971#2;876057378#3;880137009#0,runs_J_k16_plain\none_seed8\g007_i007,runs_J_k16_plain\none_seed8\g007_i007\tripinfo.xml
7,8,16,672.978,-24337240#4;-311298662#1;-311298665;-5197062#3;-782714971#2;-835443464;-835445203;-880137009#0;111681903#3;28468730#1;28468732#0;4935286#0;782714971#2;835445203;876057376;880137009#0,runs_J_k16_plain\none_seed8\g007_i008,runs_J_k16_plain\none_seed8\g007_i008\tripinfo.xml
7,9,11,676.33,-111677671#0;-502325084#3;-74277990;-782714966#1;111677671#0;26216779#0;28468730#1;4935286#2;5197062#4;58621262#0;783907721#2,runs_J_k16_plain\none_seed8\g007_i009,runs_J_k16_plain\none_seed8\g007_i009\tripinfo.xml
7,10,16,504.23466666666667,-111677668#4;-24337240#0;-24337240#4;-311298658;-311298662#1;-498033359#1;-5197062#4;-835445203;111677668#4;111681903#1;26216781#1;28468730#1;4935286#0;4935286#2;498033359#0;880137010,runs_J_k16_plain\none_seed8\g007_i010,runs_J_k16_plain\none_seed8\g007_i010\tripinfo.xml
7,11,11,690.798,-311298685;-74277990;-782714971#1;-880137009#0;-880137009#1;24337240#0;311298685;783907721#2;876057376;876057378#5;876343449#0,runs_J_k16_plain\none_seed8\g007_i011,runs_J_k16_plain\none_seed8\g007_i011\tripinfo.xml
7,12,16,1000000000000.0,-111677668#4;-74277990;-782714971#1;111677668#4;111681903#1;120682114#3;131942152;24337240#4;24337240#5;26216779#0;28468730#0;4935286#1;4935286#2;4970256#6;783907721#2;876057378#0,runs_J_k16_plain\none_seed8\g007_i012,runs_J_k16_plain\none_seed8\g007_i012\tripinfo.xml
7,13,16,644.456,-24337240#0;-876343449#2;111677669#2;111681905#1;24337240#4;26216781#0;4935286#2;4935286#3;498033359#3;502325084#0;5197062#3;747448014;783907721#0;835443464;876057378#1;880137010,runs_J_k16_plain\none_seed8\g007_i013,runs_J_k16_plain\none_seed8\g007_i013\tripinfo.xml
7,14,16,685.0333333333333,-25970859#1;-311298662#1;-498033359#1;-502325084#0;111677668#0;111677669#1;111677669#5;111681903#2;120682114#1;28468732#1;37628709#1;58621262#1;783907721#0;835443464;876057378#0;880137010,runs_J_k16_plain\none_seed8\g007_i014,runs_J_k16_plain\none_seed8\g007_i014\tripinfo.xml
7,15,16,562.5886666666667,-111677671#0;-111681903#1;-24337240#1;-24337240#2;-535519490#0;-782714966#0;-783907721#0;111681903#2;120682114#1;24337240#4;26216781#3;28468732#0;28468732#1;783907721#0;783907721#2;880137010,runs_J_k16_plain\none_seed8\g007_i015,runs_J_k16_plain\none_seed8\g007_i015\tripinfo.xml
7,16,16,455.41266666666667,-25970859#1;-782714971#0;-782714971#3;-880137009#1;111677669#0;111677669#2;111681903#1;111681905#1;120682114#1;26216781#1;28468732#0;4935286#2;782710712;783907721#0;876057378#2;876057378#3,runs_J_k16_plain\none_seed8\g007_i016,runs_J_k16_plain\none_seed8\g007_i016\tripinfo.xml
7,17,15,501.9153333333333,-111677668#3;-24337240#2;-782714971#1;111677669#2;120682114#1;24337240#1;28468732#1;4935286#2;4970256#6;498033359#0;498033359#1;498033359#2;835443464;876057378#4;880137009#0,runs_J_k16_plain\none_seed8\g007_i017,runs_J_k16_plain\none_seed8\g007_i017\tripinfo.xml
7,18,16,671.08,-111677668#0;-24337240#0;-311298685;-502325084#0;-783907721#1;111677669#4;24337240#7;4935299#1;498033359#3;58621262#0;58621262#1;782714971#4;835443464;876057378#3;880137009#1;880137010,runs_J_k16_plain\none_seed8\g007_i018,runs_J_k16_plain\none_seed8\g007_i018\tripinfo.xml
7,19,16,702.5833333333334,-120682114#2;-205590836#0;-24337240#0;-24337240#2;-24337240#4;-28298231;-311298658;-311298685;-498033359#2;4935286#0;498033359#2;502325084#0;782714966#1;783907721#0;876057378#0;876057378#5,runs_J_k16_plain\none_seed8\g007_i019,runs_J_k16_plain\none_seed8\g007_i019\tripinfo.xml
7,20,16,713.7286666666666,-111681903#1;-120682114#1;-24337240#0;-502325084#3;-876343449#0;26216781#0;28468730#0;28468730#1;37628709#1;498033359#2;58621262#1;782714971#3;783907721#0;835443464;835445203;876057378#0,runs_J_k16_plain\none_seed8\g007_i020,runs_J_k16_plain\none_seed8\g007_i020\tripinfo.xml
7,21,16,580.2473333333334,-111677671#0;-120682114#3;-25970859#1;-502325084#1;-7365262;-74277990;-782714971#3;-783907721#2;-835445203;-876343449#0;111677669#4;24337240#1;24337240#7;25970859#0;28468730#1;4935286#2,runs_J_k16_plain\none_seed8\g007_i021,runs_J_k16_plain\none_seed8\g007_i021\tripinfo.xml
7,22,15,2688.6106666666665,-111681903#3;-120682114#2;-24337240#4;-782714966#1;-835443464;-880140407;131942152;25970859#0;311298665;4935286#0;4935286#2;498033359#2;502325084#0;7924772;876057376,runs_J_k16_plain\none_seed8\g007_i022,runs_J_k16_plain\none_seed8\g007_i022\tripinfo.xml
7,23,16,703.3513333333333,-111677668#0;-24337240#0;-24337240#2;-24337240#4;-502325084#0;-74277990;-782714971#1;111681903#2;111681905#1;24337240#4;26216779#0;26216781#2;311298685;783907721#1;7924772;876057378#5,runs_J_k16_plain\none_seed8\g007_i023,runs_J_k16_plain\none_seed8\g007_i023\tripinfo.xml
8,0,16,349.1786666666667,-111677668#3;-24337240#2;-24337240#4;-783907721#1;111681903#1;111681903#2;120682114#1;24337240#4;28468732#1;4935286#2;783907721#0;835443464;876057378#3;876057378#5;880137009#1;880137010,runs_J_k16_plain\none_seed8\g008_i000,runs_J_k16_plain\none_seed8\g008_i000\tripinfo.xml
8,1,16,421.80333333333334,-111677668#3;-111677671#0;-24337240#4;-24337240#6;-311298662#0;-74277990;-782714971#0;-783907721#0;-876343449#0;131942152;24337240#1;24337240#4;4935286#2;502325084#0;876057378#3;880137009#1,runs_J_k16_plain\none_seed8\g008_i001,runs_J_k16_plain\none_seed8\g008_i001\tripinfo.xml
8,2,16,529.546,-111677668#4;-120682114#3;-25970859#1;-502325084#3;-782714971#0;111677668#0;111677669#4;111681905#1;120682114#1;24337240#7;28468732#1;4935286#2;502325084#1;782714966#0;876057378#2;876057378#5,runs_J_k16_plain\none_seed8\g008_i002,runs_J_k16_plain\none_seed8\g008_i002\tripinfo.xml
8,3,16,1567.268,-24337240#4;-311298662#1;-782714966#0;-782714971#3;-880137009#1;111681903#1;111681903#2;120682114#2;28468730#1;4935286#0;4935286#2;498033359#0;502325084#0;782714971#0;876057378#0;876343449#2,runs_J_k16_plain\none_seed8\g008_i003,runs_J_k16_plain\none_seed8\g008_i003\tripinfo.xml
8,4,16,408.04466666666667,-111677668#0;-111681903#0;-111681903#3;-24337240#0;-24337240#1;-876343449#0;-876343449#1;24337240#1;24337240#7;4935286#2;4970256#8;498033359#1;835445203;876057378#1;876343449#0;880137010,runs_J_k16_plain\none_seed8\g008_i004,runs_J_k16_plain\none_seed8\g008_i004\tripinfo.xml
8,5,16,701.076,-111677668#3;-535519490#0;111677668#0;111681903#1;111681903#2;111681903#3;24337240#7;26216781#3;28468732#1;311298662#1;4935286#2;782714966#1;783907721#0;876057378#5;876343449#1;880137010,runs_J_k16_plain\none_seed8\g008_i005,runs_J_k16_plain\none_seed8\g008_i005\tripinfo.xml
8,6,16,904.2766666666666,-111677668#0;-111677668#3;-24337240#2;-782714971#4;111677669#2;111681903#2;24337240#1;24337240#2;26216781#1;28468732#1;311298658;4935286#3;498033359#1;835443464;876057378#4;880137009#0,runs_J_k16_plain\none_seed8\g008_i006,runs_J_k16_plain\none_seed8\g008_i006\tripinfo.xml
8,7,8,1208.992,-783907721#2;111677668#3;111677669#2;111677669#4;120682114#1;4970256#6;498033359#0;876057378#4,runs_J_k16_plain\none_seed8\g008_i007,runs_J_k16_plain\none_seed8\g008_i007\tripinfo.xml
8,8,16,605.4613333333333,-120682114#2;-24337240#2;-24337240#7;-535519490#0;-782714966#1;-782714971#1;111677668#3;26216781#0;28468732#1;311298662#0;311298682#0;498033359#0;782714966#1;782714971#4;783907721#0;876343449#1,runs_J_k16_plain\none_seed8\g008_i008,runs_J_k16_plain\none_seed8\g008_i008\tripinfo.xml
8,9,16,393.084,-111677668#0;-111681903#0;-205590836#0;-498033359#1;-783907721#0;-783907721#1;111677669#0;24337240#7;37628709#1;4935286#2;498033359#3;5197062#3;58621262#1;876057378#0;876057378#3;876343449#1,runs_J_k16_plain\none_seed8\g008_i009,runs_J_k16_plain\none_seed8\g008_i009\tripinfo.xml
8,10,16,742.4766666666667,-24337240#0;-24337240#1;-24337240#7;-25970859#0;-28298231;-502325084#0;-782714971#2;-835445203;26216779#0;28468730#1;535519490#0;535519490#1;782714971#4;835445203;876057378#1;876343449#2,runs_J_k16_plain\none_seed8\g008_i010,runs_J_k16_plain\none_seed8\g008_i010\tripinfo.xml
8,11,16,1000000000000.0,-535519490#0;-783907721#1;111677669#3;120682114#1;26216781#0;311298662#1;4935286#3;4935299#1;502325084#0;782714966#0;782714971#4;783907721#0;876057378#1;876057378#3;876343449#2;880137010,runs_J_k16_plain\none_seed8\g008_i011,runs_J_k16_plain\none_seed8\g008_i011\tripinfo.xml
8,12,16,1037.5493333333334,-24337240#0;-24337240#7;111681903#2;111681905#1;120682114#1;24337240#4;25970859#0;498033359#3;502325084#1;782714971#0;783907721#0;783907721#2;835443464;876057378#5;880137009#0;880137010,runs_J_k16_plain\none_seed8\g008_i012,runs_J_k16_plain\none_seed8\g008_i012\tripinfo.xml
8,13,16,2233.0086666666666,-120682114#2;-205590836#0;-24337240#1;-74277990;-782714966#1;-783907721#1;-876343449#2;111681905#1;26216781#0;28468730#1;311298662#1;4935299#1;535519490#1;782714971#3;876057378#5;880137009#1,runs_J_k16_plain\none_seed8\g008_i013,runs_J_k16_plain\none_seed8\g008_i013\tripinfo.xml
8,14,16,640.688,-111677668#0;-111677668#3;-111681903#0;-24337240#0;-24337240#7;-535519490#0;-782714966#0;-782714971#1;-782714971#3;111681903#1;24337240#7;25970859#1;28468730#0;311298682#0;835445203;876057378#4,runs_J_k16_plain\none_seed8\g008_i014,runs_J_k16_plain\none_seed8\g008_i014\tripinfo.xml
8,15,16,477.56466666666665,-111677668#3;-111677671#0;-120682114#1;-120682114#2;-24337240#2;-28468730#0;-311298658;-74277990;-782714971#4;-880137009#1;111677669#1;111681903#3;24337240#1;4935286#0;4935286#2;835443464,runs_J_k16_plain\none_seed8\g008_i015,runs_J_k16_plain\none_seed8\g008_i015\tripinfo.xml
8,16,16,482.51466666666664,-111677668#3;-111677671#0;-120682114#2;-24337240#2;-502325084#0;-782714971#1;-782714971#4;-783907721#0;111681903#3;111681905#2;120682114#1;26216781#0;26216781#1;4935286#2;783907721#2;876057378#1,runs_J_k16_plain\none_seed8\g008_i016,runs_J_k16_plain\none_seed8\g008_i016\tripinfo.xml
8,17,16,347.0713333333333,-111677668#3;-24337240#0;-24337240#2;-782714966#0;24337240#4;26216779#1;28468730#1;4935286#2;4970256#8;747448014;835443464;835445203;876057378#3;876343449#2;880137009#1;880137010,runs_J_k16_plain\none_seed8\g008_i017,runs_J_k16_plain\none_seed8\g008_i017\tripinfo.xml
8,18,16,515.3613333333333,-111681903#3;-311298685;-5197062#3;-7365262;-74277990;-782714971#1;111681903#1;120682114#1;26216779#0;28468732#1;311298682#0;4935286#2;782714966#0;783907721#0;876057378#3;880137009#1,runs_J_k16_plain\none_seed8\g008_i018,runs_J_k16_plain\none_seed8\g008_i018\tripinfo.xml
8,19,16,742.558,-111677668#3;-111677671#0;-24337240#2;-311298685;-782714971#1;-782714971#4;-880140407;111677669#4;131942152;24337240#1;26216781#0;311298682#0;4935286#2;498033359#2;783907721#2;7924772,runs_J_k16_plain\none_seed8\g008_i019,runs_J_k16_plain\none_seed8\g008_i019\tripinfo.xml
8,20,16,1000000000000.0,-111677671#0;-24337240#2;-28468730#0;-311298662#0;-311298665;-502325084#1;-782714971#1;-782714971#4;111677668#4;120682114#1;24337240#1;26216781#0;28468730#0;37628709#0;4935286#2;876343449#2,runs_J_k16_plain\none_seed8\g008_i020,runs_J_k16_plain\none_seed8\g008_i020\tripinfo.xml
8,21,16,1000000000000.0,-111677668#3;-24337240#2;-24337240#4;-311298665;-498033359#3;111681903#1;120682114#1;24337240#0;24337240#7;26216781#2;26216781#3;4935286#2;4970256#5;835443464;876057378#3;876343449#1,runs_J_k16_plain\none_seed8\g008_i021,runs_J_k16_plain\none_seed8\g008_i021\tripinfo.xml
8,22,16,351.50533333333334,-111677668#3;-24337240#4;-498033359#1;-502325084#1;-7365262;-835445203;-880137009#1;111681903#1;111681903#2;120682114#1;24337240#1;24337240#4;4935286#2;4935299#1;58621262#1;783907721#0,runs_J_k16_plain\none_seed8\g008_i022,runs_J_k16_plain\none_seed8\g008_i022\tripinfo.xml
8,23,16,1000000000000.0,-28298231;-311298662#1;-311298685;-74277990;-782714971#4;111681903#3;120682114#1;205590836#2;24337240#1;26216779#0;311298682#0;4935286#0;498033359#2;835443464;876343449#2;880137009#0,runs_J_k16_plain\none_seed8\g008_i023,runs_J_k16_plain\none_seed8\g008_i023\tripinfo.xml
9,0,16,347.0713333333333,-111677668#3;-24337240#0;-24337240#2;-782714966#0;24337240#4;26216779#1;28468730#1;4935286#2;4970256#8;747448014;835443464;835445203;876057378#3;876343449#2;880137009#1;880137010,runs_J_k16_plain\none_seed8\g009_i000,runs_J_k16_plain\none_seed8\g009_i000\tripinfo.xml
9,1,16,626.782,-111677668#0;-111681903#0;-311298658;-502325084#0;-783907721#0;-880137009#0;111677668#4;111677669#0;111681903#0;24337240#7;37628709#1;4935299#1;498033359#3;5197062#4;876057378#0;876057378#3,runs_J_k16_plain\none_seed8\g009_i001,runs_J_k16_plain\none_seed8\g009_i001\tripinfo.xml
9,2,12,371.246,-111677668#3;-502325084#3;-783907721#1;24337240#4;311298682#0;4935286#2;4935299#1;4970256#8;876057378#2;876057378#3;876343449#1;880137009#1,runs_J_k16_plain\none_seed8\g009_i002,runs_J_k16_plain\none_seed8\g009_i002\tripinfo.xml
9,3,11,647.5006666666667,-120682114#1;-311298682#0;-498033359#1;-782714971#3;120682114#2;24337240#3;4935286#1;5197062#3;783907721#0;835445203;876057378#3,runs_J_k16_plain\none_seed8\g009_i003,runs_J_k16_plain\none_seed8\g009_i003\tripinfo.xml
9,4,16,617.7126666666667,-24337240#0;-24337240#4;-502325084#1;-535519490#1;-7365262;-782714966#0;-835443464;111677668#0;131942152;26216781#2;4935286#1;4935286#2;62826731;782714971#2;835443464;876343449#2,runs_J_k16_plain\none_seed8\g009_i004,runs_J_k16_plain\none_seed8\g009_i004\tripinfo.xml
9,5,16,1000000000000.0,-111681903#1;-120682114#1;-120682114#2;-24337240#0;-24337240#1;-782714971#4;111677669#1;111677669#2;24337240#7;4935286#0;4970256#8;502325084#3;835443464;835445203;876343449#0;880137010,runs_J_k16_plain\none_seed8\g009_i005,runs_J_k16_plain\none_seed8\g009_i005\tripinfo.xml
9,6,16,1568.4766666666667,-24337240#2;-311298685;-876343449#0;-880137009#1;120682114#2;24337240#1;25970859#0;311298665;311298685;4970256#7;498033359#1;58621262#0;58621262#1;782714966#1;782714971#2;876057378#4,runs_J_k16_plain\none_seed8\g009_i006,runs_J_k16_plain\none_seed8\g009_i006\tripinfo.xml
9,7,16,369.756,-24337240#1;-28468730#0;111677669#3;24337240#1;28468732#0;28468732#1;311298658;311298662#0;4935286#2;502325084#1;747448014;782714971#2;835445203;876057376;876057378#2;876343449#0,runs_J_k16_plain\none_seed8\g009_i007,runs_J_k16_plain\none_seed8\g009_i007\tripinfo.xml
9,8,10,1000000000000.0,-111677668#0;-311298665;-498033359#2;-502325084#3;-876343449#1;-880140407;111677669#4;24337240#1;26216781#3;498033359#1,runs_J_k16_plain\none_seed8\g009_i008,runs_J_k16_plain\none_seed8\g009_i008\tripinfo.xml
9,9,16,852.3966666666666,-111677668#0;-111681903#0;-24337240#3;-502325084#3;-782714971#0;-880137009#0;111677668#0;120682114#1;24337240#3;24337240#7;4970256#8;5197062#3;782714971#2;783907721#0;876057378#0;876343449#1,runs_J_k16_plain\none_seed8\g009_i009,runs_J_k16_plain\none_seed8\g009_i009\tripinfo.xml
9,10,16,822.9393333333334,-111677668#4;-25970859#1;-782714971#1;111681905#1;120682114#3;24337240#0;24337240#4;24337240#7;25970859#0;26216781#1;28468730#0;28468732#1;4935286#2;58621262#1;876057378#0;876057378#3,runs_J_k16_plain\none_seed8\g009_i010,runs_J_k16_plain\none_seed8\g009_i010\tripinfo.xml
9,11,16,719.994,-120682114#2;-24337240#0;-24337240#1;-24337240#7;-28298231;-835443464;111677668#3;24337240#4;311298658;4935286#0;4935299#1;498033359#1;5197062#4;535519490#0;782714971#4;876343449#2,runs_J_k16_plain\none_seed8\g009_i011,runs_J_k16_plain\none_seed8\g009_i011\tripinfo.xml
9,12,16,367.1913333333333,-120682114#2;-120682114#3;-24337240#1;-502325084#3;-5197062#4;-782714971#3;-880137009#1;24337240#1;24337240#7;26216781#1;28468730#0;4935286#2;4970256#8;835445203;876057378#1;880137010,runs_J_k16_plain\none_seed8\g009_i012,runs_J_k16_plain\none_seed8\g009_i012\tripinfo.xml
9,13,13,441.7853333333333,-120682114#1;-28298231;-502325084#0;-782714971#2;-783907721#0;111681905#2;4935286#2;502325084#3;5197062#4;535519490#0;783907721#2;7924772;876057378#1,runs_J_k16_plain\none_seed8\g009_i013,runs_J_k16_plain\none_seed8\g009_i013\tripinfo.xml
9,14,16,1000000000000.0,-111681903#0;-111681903#1;-205590836#0;-311298665;-498033359#1;-498033359#3;-782714966#0;-782714966#1;-782714971#2;-783907721#1;-835445203;111681905#1;4935299#1;876057376;876057378#0;876057378#3,runs_J_k16_plain\none_seed8\g009_i014,runs_J_k16_plain\none_seed8\g009_i014\tripinfo.xml
9,15,16,1000000000000.0,-111677671#0;-111681903#2;-111681903#3;-120682114#1;-782714971#1;111677668#3;111677669#0;111681905#2;26216781#0;26216781#1;58621262#1;782714971#0;876057378#0;876057378#3;876343449#0;876343449#1,runs_J_k16_plain\none_seed8\g009_i015,runs_J_k16_plain\none_seed8\g009_i015\tripinfo.xml
9,16,16,602.0046666666667,-120682114#1;-205590836#0;-24337240#7;-502325084#0;-535519490#0;-783907721#0;-783907721#1;111677669#3;131942152;28468732#1;311298682#0;37628709#1;535519490#0;783907721#0;876343449#0;876343449#1,runs_J_k16_plain\none_seed8\g009_i016,runs_J_k16_plain\none_seed8\g009_i016\tripinfo.xml
9,17,16,1172.3766666666668,-111677671#0;-111681903#3;-120682114#3;-205590836#0;-502325084#0;-782714966#0;-783907721#0;24337240#7;26216781#0;37628709#0;4935286#2;782714971#3;782714971#4;783907721#2;876057378#0;876057378#1,runs_J_k16_plain\none_seed8\g009_i017,runs_J_k16_plain\none_seed8\g009_i017\tripinfo.xml
9,18,16,696.9386666666667,-111681903#0;-25970859#1;-502325084#0;-5197062#3;-74277990;-782714971#4;-783907721#0;-783907721#1;111681903#3;120682114#1;498033359#3;58621262#1;782714971#0;782714971#2;835443464;876343449#1,runs_J_k16_plain\none_seed8\g009_i018,runs_J_k16_plain\none_seed8\g009_i018\tripinfo.xml
9,19,8,364.7486666666667,-311298685;-4950193;111681903#1;4935286#2;4970256#8;535519490#0;62826731;835445203,runs_J_k16_plain\none_seed8\g009_i019,runs_J_k16_plain\none_seed8\g009_i019\tripinfo.xml
9,20,16,367.5853333333333,-498033359#1;-7365262;111681903#1;111681905#2;24337240#0;28468732#0;311298682#0;4935286#2;4935299#1;782714966#0;782714971#0;835443464;876057378#1;876057378#3;876343449#0;876343449#2,runs_J_k16_plain\none_seed8\g009_i020,runs_J_k16_plain\none_seed8\g009_i020\tripinfo.xml
9,21,16,425.1673333333333,-111681903#0;-120682114#3;-205590836#0;-24337240#0;-24337240#2;-4950193;-498033359#3;-535519490#1;111681903#1;120682114#1;24337240#1;24337240#4;28468730#0;28468732#0;782714966#1;876057378#5,runs_J_k16_plain\none_seed8\g009_i021,runs_J_k16_plain\none_seed8\g009_i021\tripinfo.xml
9,22,16,691.7946666666667,-120682114#2;-782714971#1;-783907721#0;-783907721#1;111677669#5;111681903#3;111681905#2;28468732#1;311298682#0;4970256#6;502325084#0;783907721#0;835443464;876057378#1;876057378#3;876343449#0,runs_J_k16_plain\none_seed8\g009_i022,runs_J_k16_plain\none_seed8\g009_i022\tripinfo.xml
9,23,16,1000000000000.0,-111677668#3;-24337240#0;-24337240#2;111677669#4;111681903#0;24337240#1;24337240#2;24337240#4;24337240#7;26216781#2;4935286#2;4970256#6;502325084#1;782714966#1;783907721#2;876057378#5,runs_J_k16_plain\none_seed8\g009_i023,runs_J_k16_plain\none_seed8\g009_i023\tripinfo.xml
10,0,16,347.0713333333333,-111677668#3;-24337240#0;-24337240#2;-782714966#0;24337240#4;26216779#1;28468730#1;4935286#2;4970256#8;747448014;835443464;835445203;876057378#3;876343449#2;880137009#1;880137010,runs_J_k16_plain\none_seed8\g010_i000,runs_J_k16_plain\none_seed8\g010_i000\tripinfo.xml
10,1,16,735.1466666666666,-205590836#0;-24337240#4;-25970859#1;-311298662#0;-498033359#2;-535519490#0;111677669#0;120682114#1;131942152;26216779#1;28468732#1;311298682#0;535519490#0;58621262#1;782714971#4;876343449#1,runs_J_k16_plain\none_seed8\g010_i001,runs_J_k16_plain\none_seed8\g010_i001\tripinfo.xml
10,2,16,821.5113333333334,-120682114#1;-4950193;-498033359#0;-498033359#1;-74277990;-835445203;111677669#1;111681903#1;120682114#1;24337240#5;26216781#0;4970256#8;498033359#0;5197062#3;62826731;747448014,runs_J_k16_plain\none_seed8\g010_i002,runs_J_k16_plain\none_seed8\g010_i002\tripinfo.xml
10,3,16,628.2373333333334,-311298658;-498033359#1;-502325084#0;-783907721#0;111677669#2;111677669#4;26216781#3;28468730#1;502325084#3;747448014;7924772;835443464;876057376;876057378#1;876057378#3;876343449#0,runs_J_k16_plain\none_seed8\g010_i003,runs_J_k16_plain\none_seed8\g010_i003\tripinfo.xml
10,4,16,1000000000000.0,-111677668#3;-111681903#3;-120682114#1;-24337240#0;-311298658;-311298665;-502325084#1;-782714966#0;120682114#1;24337240#3;24337240#4;25970859#1;535519490#0;876343449#0;876343449#2;880137010,runs_J_k16_plain\none_seed8\g010_i004,runs_J_k16_plain\none_seed8\g010_i004\tripinfo.xml
10,5,15,1000000000000.0,-111677668#3;-24337240#0;-24337240#2;-24337240#3;-311298665;-782714966#0;-880137009#0;111677669#0;205590836#2;26216779#1;311298685;835445203;876057378#3;876343449#2;880137009#1,runs_J_k16_plain\none_seed8\g010_i005,runs_J_k16_plain\none_seed8\g010_i005\tripinfo.xml
10,6,16,549.68,-502325084#0;-782714966#0;-876343449#2;-880137009#1;111681905#2;26216779#1;4935286#2;4970256#5;4970256#8;747448014;835443464;876057376;876057378#5;876343449#2;880137009#1;880137010,runs_J_k16_plain\none_seed8\g010_i006,runs_J_k16_plain\none_seed8\g010_i006\tripinfo.xml
10,7,16,1217.5726666666667,-120682114#1;-311298685;-535519490#0;-782714971#3;-783907721#0;-783907721#2;111681903#3;111681905#2;131942152;24337240#7;311298658;4935286#2;4935299#1;498033359#3;5197062#4;876343449#1,runs_J_k16_plain\none_seed8\g010_i007,runs_J_k16_plain\none_seed8\g010_i007\tripinfo.xml
10,8,16,517.9573333333333,-111677668#0;-111681903#0;-111681903#2;-25970859#0;-311298662#0;-502325084#0;-782714966#1;-783907721#0;111677671#0;111681905#1;4935286#3;4970256#5;4970256#7;4970256#8;498033359#3;835445203,runs_J_k16_plain\none_seed8\g010_i008,runs_J_k16_plain\none_seed8\g010_i008\tripinfo.xml
10,9,16,402.282,-120682114#1;-783907721#0;111677669#3;111681903#0;111681903#2;111681905#2;131942152;26216781#3;28468732#1;311298662#0;4935286#2;498033359#3;62826731;747448014;876057378#3;876057378#5,runs_J_k16_plain\none_seed8\g010_i009,runs_J_k16_plain\none_seed8\g010_i009\tripinfo.xml
10,10,16,1000000000000.0,-24337240#0;-24337240#2;-311298665;-311298685;-4950193;111681903#3;111681905#1;111681905#2;120682114#1;28468730#1;4970256#5;498033359#2;5197062#3;835443464;876057378#5;880137010,runs_J_k16_plain\none_seed8\g010_i010,runs_J_k16_plain\none_seed8\g010_i010\tripinfo.xml
10,11,15,1000000000000.0,-111681903#1;-28468730#0;-311298682#0;-502325084#3;111681903#1;111681903#2;111681905#2;24337240#1;26216781#1;28468730#0;4970256#7;4970256#8;62826731;782714966#0;783907721#0,runs_J_k16_plain\none_seed8\g010_i011,runs_J_k16_plain\none_seed8\g010_i011\tripinfo.xml
10,12,5,614.2046666666666,-4950193;498033359#3;782714971#1;876057378#1;876343449#2,runs_J_k16_plain\none_seed8\g010_i012,runs_J_k16_plain\none_seed8\g010_i012\tripinfo.xml
10,13,16,727.2386666666666,-111677668#3;-24337240#0;-24337240#7;-498033359#0;-782714971#3;-880137009#0;111681903#1;24337240#1;26216781#0;4935286#1;4970256#8;62826731;782714971#1;835443464;835445203;880137009#0,runs_J_k16_plain\none_seed8\g010_i013,runs_J_k16_plain\none_seed8\g010_i013\tripinfo.xml
10,14,16,366.5566666666667,-111677668#4;-502325084#3;-783907721#1;111677669#2;205590836#2;24337240#3;24337240#4;26216779#1;4935286#2;4935299#1;4970256#8;5197062#4;535519490#1;782714966#0;876057378#2;876343449#1,runs_J_k16_plain\none_seed8\g010_i014,runs_J_k16_plain\none_seed8\g010_i014\tripinfo.xml
10,15,16,511.1193333333333,-111681903#1;-120682114#1;-120682114#2;-24337240#0;-24337240#2;-24337240#7;-311298662#0;-4950193;-5197062#3;-783907721#0;111677669#2;26216779#1;28468730#0;4970256#8;835445203;880140407,runs_J_k16_plain\none_seed8\g010_i015,runs_J_k16_plain\none_seed8\g010_i015\tripinfo.xml
10,16,16,550.6246666666667,-205590836#0;-782714971#4;111677669#3;24337240#2;24337240#4;311298662#1;311298665;4935286#2;4935286#3;4935299#1;4970256#5;4970256#8;535519490#1;835443464;880137009#1;880137010,runs_J_k16_plain\none_seed8\g010_i016,runs_J_k16_plain\none_seed8\g010_i016\tripinfo.xml
10,17,16,644.456,-5197062#4;-782714971#1;111677668#3;111677669#4;111677669#5;120682114#2;205590836#2;24337240#0;28468730#0;28468732#0;311298682#0;4935286#2;4970256#5;782714971#0;782714971#4;835443464,runs_J_k16_plain\none_seed8\g010_i017,runs_J_k16_plain\none_seed8\g010_i017\tripinfo.xml
10,18,4,611.332,-111681903#2;-111681903#3;-880137009#1;782714971#1,runs_J_k16_plain\none_seed8\g010_i018,runs_J_k16_plain\none_seed8\g010_i018\tripinfo.xml
10,19,16,422.79333333333335,-120682114#2;-120682114#3;-24337240#0;-24337240#2;-502325084#3;-5197062#4;-783907721#2;-880137009#1;24337240#7;311298665;4935286#2;4970256#8;502325084#1;747448014;783907721#1;876057378#3,runs_J_k16_plain\none_seed8\g010_i019,runs_J_k16_plain\none_seed8\g010_i019\tripinfo.xml
10,20,16,646.048,-111677671#0;-120682114#3;-311298682#0;-782714971#3;-783907721#0;25970859#0;4935286#2;4935286#3;4935299#1;4970256#8;502325084#0;502325084#3;58621262#0;835445203;880137009#1;880137010,runs_J_k16_plain\none_seed8\g010_i020,runs_J_k16_plain\none_seed8\g010_i020\tripinfo.xml
10,21,16,604.832,-111681903#1;-111681903#2;-120682114#1;-24337240#2;-311298685;-782714971#2;111677668#0;25970859#0;4970256#8;502325084#3;58621262#1;62826731;747448014;782714971#0;835445203;876057378#1,runs_J_k16_plain\none_seed8\g010_i021,runs_J_k16_plain\none_seed8\g010_i021\tripinfo.xml
10,22,16,783.8086666666667,-24337240#6;-25970859#1;-28468730#0;-498033359#0;-502325084#1;-535519490#0;-7365262;-782714971#1;-876343449#0;28468732#1;311298662#0;502325084#1;535519490#0;782714971#1;7924772;876343449#0,runs_J_k16_plain\none_seed8\g010_i022,runs_J_k16_plain\none_seed8\g010_i022\tripinfo.xml
10,23,3,643.0993333333333,-111677668#3;37628709#0;4970256#8,runs_J_k16_plain\none_seed8\g010_i023,runs_J_k16_plain\none_seed8\g010_i023\tripinfo.xml
11,0,16,347.0713333333333,-111677668#3;-24337240#0;-24337240#2;-782714966#0;24337240#4;26216779#1;28468730#1;4935286#2;4970256#8;747448014;835443464;835445203;876057378#3;876343449#2;880137009#1;880137010,runs_J_k16_plain\none_seed8\g011_i000,runs_J_k16_plain\none_seed8\g011_i000\tripinfo.xml
11,1,16,645.672,-111681903#1;-120682114#2;-24337240#1;-535519490#1;-783907721#1;111681903#3;24337240#4;311298662#0;4935286#2;747448014;782714966#0;782714971#0;783907721#2;876057378#2;880137009#1;880137010,runs_J_k16_plain\none_seed8\g011_i001,runs_J_k16_plain\none_seed8\g011_i001\tripinfo.xml
11,2,16,1000000000000.0,-111681903#3;-24337240#2;-25970859#0;-782714966#0;-782714971#4;-783907721#1;111681903#3;24337240#4;25970859#1;26216779#1;28468730#0;4935286#2;782714966#0;782714971#3;876057378#1;880137009#1,runs_J_k16_plain\none_seed8\g011_i002,runs_J_k16_plain\none_seed8\g011_i002\tripinfo.xml
11,3,16,663.232,-24337240#0;-24337240#7;-5197062#3;-782714966#1;-783907721#0;-783907721#1;111677668#4;111681903#2;24337240#3;25970859#0;28468730#0;4935299#1;58621262#1;876057378#4;876343449#1;880140407,runs_J_k16_plain\none_seed8\g011_i003,runs_J_k16_plain\none_seed8\g011_i003\tripinfo.xml
11,4,11,693.6833333333333,-120682114#2;-24337240#0;-311298662#0;-498033359#2;-502325084#1;111677671#0;111681905#2;24337240#3;26216779#1;782714966#0;835445203,runs_J_k16_plain\none_seed8\g011_i004,runs_J_k16_plain\none_seed8\g011_i004\tripinfo.xml
11,5,16,824.6333333333333,-24337240#3;-25970859#1;-311298685;-502325084#1;-502325084#3;-782714971#1;-782714971#2;111677668#0;111677669#2;111681903#3;4970256#8;502325084#3;58621262#1;782714966#0;876057376;876057378#1,runs_J_k16_plain\none_seed8\g011_i005,runs_J_k16_plain\none_seed8\g011_i005\tripinfo.xml
11,6,16,649.5326666666666,-111677668#3;-111681903#1;-24337240#3;-25970859#1;-311298658;-502325084#3;-7365262;111677669#4;24337240#2;24337240#4;25970859#0;37628709#1;4935299#1;4970256#8;782714971#0;835445203,runs_J_k16_plain\none_seed8\g011_i006,runs_J_k16_plain\none_seed8\g011_i006\tripinfo.xml
11,7,16,1000000000000.0,-120682114#3;-24337240#2;-498033359#2;-502325084#3;-535519490#0;-782714971#2;-782714971#4;111677668#4;24337240#4;311298685;4970256#8;5197062#4;783907721#1;835443464;876057378#0;876343449#1,runs_J_k16_plain\none_seed8\g011_i007,runs_J_k16_plain\none_seed8\g011_i007\tripinfo.xml
11,8,9,638.54,-111677668#4;-120682114#3;-24337240#0;-502325084#0;-880137009#1;24337240#3;24337240#7;26216779#1;747448014,runs_J_k16_plain\none_seed8\g011_i008,runs_J_k16_plain\none_seed8\g011_i008\tripinfo.xml
11,9,10,709.662,-111681903#3;-120682114#1;-4950193;-783907721#1;24337240#1;24337240#4;26216779#1;498033359#3;782714971#2;876343449#2,runs_J_k16_plain\none_seed8\g011_i009,runs_J_k16_plain\none_seed8\g011_i009\tripinfo.xml
11,10,16,1103.39,-111681903#3;-24337240#2;-28468730#0;-498033359#0;-783907721#1;-880137009#0;111677669#2;120682114#1;26216781#3;311298658;4935299#1;4970256#6;62826731;782714971#2;880137009#0;880137009#1,runs_J_k16_plain\none_seed8\g011_i010,runs_J_k16_plain\none_seed8\g011_i010\tripinfo.xml
11,11,16,1000000000000.0,-111677668#3;-111677668#4;-24337240#0;-24337240#2;-311298665;-5197062#3;-74277990;-783907721#2;-876343449#0;-880137009#1;111677669#3;120682114#3;311298682#0;747448014;876057378#3;880137009#0,runs_J_k16_plain\none_seed8\g011_i011,runs_J_k16_plain\none_seed8\g011_i011\tripinfo.xml
11,12,9,1000000000000.0,-111677668#4;-5197062#4;-782714971#2;311298665;498033359#0;782714971#2;835443464;880137010;880140407,runs_J_k16_plain\none_seed8\g011_i012,runs_J_k16_plain\none_seed8\g011_i012\tripinfo.xml
11,13,2,644.456,111677668#4;24337240#2,runs_J_k16_plain\none_seed8\g011_i013,runs_J_k16_plain\none_seed8\g011_i013\tripinfo.xml
11,14,16,673.278,-111681903#1;-111681903#2;-24337240#7;-311298662#0;-7365262;-782714966#1;-782714971#0;24337240#4;26216779#0;26216779#1;4935286#0;4935299#1;498033359#0;783907721#0;876057376;876057378#2,runs_J_k16_plain\none_seed8\g011_i014,runs_J_k16_plain\none_seed8\g011_i014\tripinfo.xml
11,15,16,696.7086666666667,-111681903#2;-311298662#1;-502325084#3;-5197062#4;-782714971#3;111681905#1;111681905#2;26216779#1;28468732#0;37628709#0;4935299#1;58621262#0;782714966#0;782714971#3;876057376;876057378#5,runs_J_k16_plain\none_seed8\g011_i015,runs_J_k16_plain\none_seed8\g011_i015\tripinfo.xml
11,16,16,372.4866666666667,-111677671#0;-120682114#3;-782714971#1;-880137009#0;24337240#3;26216779#1;311298665;4935286#2;535519490#0;535519490#1;58621262#0;747448014;835443464;876057378#2;876343449#1;880137009#1,runs_J_k16_plain\none_seed8\g011_i016,runs_J_k16_plain\none_seed8\g011_i016\tripinfo.xml
11,17,16,1394.9306666666666,-120682114#2;-24337240#2;-24337240#7;-311298662#1;-502325084#3;-5197062#4;-782714966#0;-783907721#2;-876343449#2;-880137009#1;111677668#4;120682114#2;24337240#2;28468730#0;747448014;876057378#3,runs_J_k16_plain\none_seed8\g011_i017,runs_J_k16_plain\none_seed8\g011_i017\tripinfo.xml
11,18,7,484.50466666666665,-111677668#3;205590836#2;311298665;37628709#0;747448014;876057378#3;880137010,runs_J_k16_plain\none_seed8\g011_i018,runs_J_k16_plain\none_seed8\g011_i018\tripinfo.xml
11,19,16,402.272,-24337240#4;-24337240#6;-74277990;-783907721#0;111677669#3;111677669#5;111681903#0;111681903#2;131942152;26216781#3;28468730#1;4935286#2;747448014;782714971#4;876057378#5;880137009#1,runs_J_k16_plain\none_seed8\g011_i019,runs_J_k16_plain\none_seed8\g011_i019\tripinfo.xml
11,20,13,705.912,-120682114#1;-24337240#2;-4950193;-5197062#3;-782714971#2;131942152;25970859#0;26216781#3;4970256#7;4970256#8;747448014;782714966#0;876057378#5,runs_J_k16_plain\none_seed8\g011_i020,runs_J_k16_plain\none_seed8\g011_i020\tripinfo.xml
11,21,16,611.0513333333333,-111677668#0;-502325084#0;-502325084#3;-5197062#4;-782714971#4;-783907721#0;-835443464;25970859#1;311298662#1;311298682#0;4935286#3;4970256#5;4970256#8;58621262#1;835445203;876057378#3,runs_J_k16_plain\none_seed8\g011_i021,runs_J_k16_plain\none_seed8\g011_i021\tripinfo.xml
11,22,16,600.14,-111677668#0;-111681903#2;-24337240#0;-24337240#2;-311298662#0;-782714966#0;-782714966#1;-876343449#0;311298665;4935286#1;4970256#7;4970256#8;502325084#1;58621262#0;876057378#0;876057378#4,runs_J_k16_plain\none_seed8\g011_i022,runs_J_k16_plain\none_seed8\g011_i022\tripinfo.xml
11,23,16,633.102,-502325084#1;-782714966#0;-782714971#4;-880137009#1;111681905#2;26216779#1;26216781#2;311298685;37628709#0;4970256#5;4970256#8;498033359#1;835443464;876057378#4;876057378#5;876343449#2,runs_J_k16_plain\none_seed8\g011_i023,runs_J_k16_plain\none_seed8\g011_i023\tripinfo.xml
12,0,16,347.0713333333333,-111677668#3;-24337240#0;-24337240#2;-782714966#0;24337240#4;26216779#1;28468730#1;4935286#2;4970256#8;747448014;835443464;835445203;876057378#3;876343449#2;880137009#1;880137010,runs_J_k16_plain\none_seed8\g012_i000,runs_J_k16_plain\none_seed8\g012_i000\tripinfo.xml
12,1,16,407.07933333333335,-111677668#3;-111677671#0;-24337240#7;-25970859#1;-782714971#4;111677668#4;111677669#3;311298665;37628709#0;498033359#2;58621262#1;782714966#0;782714966#1;876057378#2;876057378#3;880137010,runs_J_k16_plain\none_seed8\g012_i001,runs_J_k16_plain\none_seed8\g012_i001\tripinfo.xml
12,2,16,623.3873333333333,-24337240#0;-502325084#0;-5197062#4;111677669#1;111677669#2;111677669#5;111681903#3;24337240#1;26216781#3;37628709#0;62826731;747448014;782714971#2;876057378#3;876343449#1;880137010,runs_J_k16_plain\none_seed8\g012_i002,runs_J_k16_plain\none_seed8\g012_i002\tripinfo.xml
12,3,16,691.6626666666667,-25970859#0;-4950193;-502325084#0;-782714966#0;-835443464;111677669#0;111677669#2;120682114#3;26216779#1;311298665;311298685;4935286#1;4970256#7;502325084#1;782714971#3;876057378#0,runs_J_k16_plain\none_seed8\g012_i003,runs_J_k16_plain\none_seed8\g012_i003\tripinfo.xml
12,4,16,555.8906666666667,-111677668#3;-24337240#0;-24337240#2;-4950193;-498033359#2;-535519490#0;-782714971#4;-835445203;120682114#3;311298665;37628709#0;4970256#8;747448014;782714966#1;782714971#4;876057378#4,runs_J_k16_plain\none_seed8\g012_i004,runs_J_k16_plain\none_seed8\g012_i004\tripinfo.xml
12,5,10,1000000000000.0,-24337240#0;-311298665;-5197062#4;111681905#2;205590836#2;5197062#3;876057378#0;876057378#4;876343449#1;876343449#2,runs_J_k16_plain\none_seed8\g012_i005,runs_J_k16_plain\none_seed8\g012_i005\tripinfo.xml
12,6,16,1000000000000.0,-111677668#0;-24337240#2;-24337240#7;-502325084#1;-5197062#3;-782714966#0;-782714966#1;-876343449#0;111677669#3;111681905#1;25970859#0;4970256#5;4970256#7;4970256#8;502325084#1;880137010,runs_J_k16_plain\none_seed8\g012_i006,runs_J_k16_plain\none_seed8\g012_i006\tripinfo.xml
12,7,16,1000000000000.0,-311298685;-498033359#1;-498033359#3;-535519490#1;-782714966#0;-782714971#1;-782714971#4;24337240#7;26216779#1;37628709#0;498033359#1;782714966#1;783907721#2;876057376;876057378#5;880137010,runs_J_k16_plain\none_seed8\g012_i007,runs_J_k16_plain\none_seed8\g012_i007\tripinfo.xml
12,8,16,555.9773333333334,-111681903#1;-24337240#1;-24337240#3;-28298231;-535519490#1;-880137009#1;111677669#1;111677669#4;24337240#4;28468732#0;4935286#2;4970256#6;4970256#8;782714971#0;876057378#4;876343449#2,runs_J_k16_plain\none_seed8\g012_i008,runs_J_k16_plain\none_seed8\g012_i008\tripinfo.xml
12,9,16,618.768,-111677668#0;-120682114#3;-25970859#0;-502325084#3;111677669#1;24337240#0;24337240#1;311298662#1;311298682#0;502325084#0;747448014;782714966#1;7924772;835443464;876343449#1;876343449#2,runs_J_k16_plain\none_seed8\g012_i009,runs_J_k16_plain\none_seed8\g012_i009\tripinfo.xml
12,10,16,673.5746666666666,-311298658;-782714971#4;-783907721#0;-880137009#0;111681903#0;24337240#7;311298665;502325084#3;535519490#1;62826731;782714966#0;782714971#2;783907721#0;876057378#2;876057378#3;876057378#5,runs_J_k16_plain\none_seed8\g012_i010,runs_J_k16_plain\none_seed8\g012_i010\tripinfo.xml
12,11,16,625.3373333333333,-111681903#0;-498033359#0;-498033359#2;-498033359#3;-535519490#0;-7365262;-782714971#1;-876343449#0;111677669#0;111677669#3;111681905#2;25970859#1;26216779#1;37628709#1;747448014;835443464,runs_J_k16_plain\none_seed8\g012_i011,runs_J_k16_plain\none_seed8\g012_i011\tripinfo.xml
12,12,16,1000000000000.0,-311298665;-498033359#3;-502325084#1;-782714966#0;-782714971#3;-880137009#1;111677668#3;24337240#5;26216779#1;311298685;37628709#0;4970256#5;4970256#8;58621262#1;835443464;880137009#1,runs_J_k16_plain\none_seed8\g012_i012,runs_J_k16_plain\none_seed8\g012_i012\tripinfo.xml
12,13,16,1012.344,-111677671#0;-120682114#3;-498033359#0;-502325084#1;-502325084#3;111677668#0;24337240#1;24337240#3;25970859#1;311298665;502325084#0;535519490#0;535519490#1;782714966#0;835443464;876343449#1,runs_J_k16_plain\none_seed8\g012_i013,runs_J_k16_plain\none_seed8\g012_i013\tripinfo.xml
12,14,2,617.06,-7365262;782710712,runs_J_k16_plain\none_seed8\g012_i014,runs_J_k16_plain\none_seed8\g012_i014\tripinfo.xml
12,15,16,507.0686666666667,-111677668#4;-111681903#3;-205590836#0;-24337240#2;-24337240#3;-782714971#1;-876343449#0;205590836#2;26216779#1;311298665;37628709#0;4970256#7;498033359#2;876057378#3;876057378#5;880137010,runs_J_k16_plain\none_seed8\g012_i015,runs_J_k16_plain\none_seed8\g012_i015\tripinfo.xml
12,16,14,466.2,-5197062#4;-7365262;-783907721#1;111681905#1;120682114#3;25970859#0;28468730#1;535519490#0;747448014;835443464;835445203;876057376;876057378#3;876343449#2,runs_J_k16_plain\none_seed8\g012_i016,runs_J_k16_plain\none_seed8\g012_i016\tripinfo.xml
12,17,16,570.7693333333333,-502325084#0;-5197062#3;-5197062#4;-835445203;-876343449#0;111681903#2;25970859#1;26216781#1;311298662#1;4935286#3;4970256#5;4970256#8;5197062#3;835443464;835445203;876057378#3,runs_J_k16_plain\none_seed8\g012_i017,runs_J_k16_plain\none_seed8\g012_i017\tripinfo.xml
12,18,16,428.146,-24337240#2;-782714966#0;-782714971#4;-783907721#0;111677669#4;111681905#2;26216781#2;28468730#0;28468730#1;37628709#1;4935286#2;502325084#3;58621262#1;747448014;782710712;835445203,runs_J_k16_plain\none_seed8\g012_i018,runs_J_k16_plain\none_seed8\g012_i018\tripinfo.xml
12,19,16,718.4606666666666,-111681903#3;-120682114#2;-24337240#0;-25970859#1;-782714966#0;-782714971#2;24337240#4;25970859#1;26216779#1;28468730#1;28468732#1;498033359#1;498033359#2;782714966#1;835443464;876057378#3,runs_J_k16_plain\none_seed8\g012_i019,runs_J_k16_plain\none_seed8\g012_i019\tripinfo.xml
12,20,16,383.70666666666665,-782714971#1;-782714971#3;-835445203;-880137009#0;131942152;26216779#1;28468732#0;311298665;37628709#0;4935286#2;4970256#7;4970256#8;58621262#0;747448014;782714971#0;835443464,runs_J_k16_plain\none_seed8\g012_i020,runs_J_k16_plain\none_seed8\g012_i020\tripinfo.xml
12,21,16,638.056,-111677671#0;-24337240#3;-24337240#7;-311298682#0;-74277990;-783907721#0;-880137009#1;111677669#5;111681903#2;111681905#2;131942152;311298685;4935286#1;4970256#8;876057378#0;876057378#4,runs_J_k16_plain\none_seed8\g012_i021,runs_J_k16_plain\none_seed8\g012_i021\tripinfo.xml
12,22,16,1208.9866666666667,-111681903#3;-120682114#3;-311298662#0;-498033359#2;-782714966#0;-880137009#0;111681903#0;120682114#2;120682114#3;24337240#2;311298685;4935286#2;498033359#1;747448014;835443464;876057378#3,runs_J_k16_plain\none_seed8\g012_i022,runs_J_k16_plain\none_seed8\g012_i022\tripinfo.xml
12,23,16,1460.0926666666667,-24337240#0;-311298682#0;-782714966#1;111677669#2;111677669#5;111677671#0;25970859#0;26216781#1;28468732#0;28468732#1;311298665;37628709#0;4935286#0;4935286#1;58621262#1;782714971#4,runs_J_k16_plain\none_seed8\g012_i023,runs_J_k16_plain\none_seed8\g012_i023\tripinfo.xml
13,0,16,347.0713333333333,-111677668#3;-24337240#0;-24337240#2;-782714966#0;24337240#4;26216779#1;28468730#1;4935286#2;4970256#8;747448014;835443464;835445203;876057378#3;876343449#2;880137009#1;880137010,runs_J_k16_plain\none_seed8\g013_i000,runs_J_k16_plain\none_seed8\g013_i000\tripinfo.xml
13,1,5,368.03866666666664,-111677668#3;-120682114#3;-782714966#0;4935286#2;782714971#0,runs_J_k16_plain\none_seed8\g013_i001,runs_J_k16_plain\none_seed8\g013_i001\tripinfo.xml
13,2,16,2430.4873333333335,-111677668#0;-111677671#0;-111681903#0;-111681903#2;-782714971#1;-782714971#3;-876343449#0;-876343449#2;-880140407;28468732#0;311298665;37628709#0;4935286#2;747448014;782714971#0;835443464,runs_J_k16_plain\none_seed8\g013_i002,runs_J_k16_plain\none_seed8\g013_i002\tripinfo.xml
13,3,13,1383.9766666666667,-111677668#0;-111677668#3;-111681903#1;-25970859#0;-25970859#1;-880137009#1;111677669#1;111677669#3;120682114#2;24337240#0;782714966#1;876057378#3;880137010,runs_J_k16_plain\none_seed8\g013_i003,runs_J_k16_plain\none_seed8\g013_i003\tripinfo.xml
13,4,16,648.0133333333333,-111677668#0;-24337240#1;-24337240#7;-498033359#3;-782714971#4;-835443464;111681905#1;24337240#1;26216781#0;311298682#0;37628709#0;4935299#1;4970256#5;4970256#6;782714966#0;876343449#2,runs_J_k16_plain\none_seed8\g013_i004,runs_J_k16_plain\none_seed8\g013_i004\tripinfo.xml
13,5,16,402.93533333333335,-111681903#1;-120682114#2;-24337240#1;-24337240#2;-28298231;-28468730#0;-502325084#1;-782714966#1;24337240#4;28468732#0;4935286#2;4970256#6;4970256#7;4970256#8;502325084#1;876343449#2,runs_J_k16_plain\none_seed8\g013_i005,runs_J_k16_plain\none_seed8\g013_i005\tripinfo.xml
13,6,16,350.6413333333333,-24337240#6;-311298662#1;-498033359#1;-835443464;111677668#4;111677669#0;111677669#4;111681903#1;26216779#1;4935286#2;4970256#8;747448014;782710712;876057378#4;876343449#2;880137010,runs_J_k16_plain\none_seed8\g013_i006,runs_J_k16_plain\none_seed8\g013_i006\tripinfo.xml
13,7,5,675.042,-120682114#1;-311298682#0;-498033359#1;835445203;876343449#2,runs_J_k16_plain\none_seed8\g013_i007,runs_J_k16_plain\none_seed8\g013_i007\tripinfo.xml
13,8,12,651.5713333333333,-111677668#3;-24337240#2;-311298685;-502325084#1;-782714966#0;-880140407;111677669#1;28468730#1;4970256#8;535519490#0;835443464;876057378#3,runs_J_k16_plain\none_seed8\g013_i008,runs_J_k16_plain\none_seed8\g013_i008\tripinfo.xml
13,9,16,591.7133333333334,-120682114#3;-24337240#0;-24337240#2;-28298231;-311298662#0;-835445203;111677669#4;111681903#1;26216781#2;28468730#1;58621262#1;62826731;747448014;835443464;876057378#3;880137009#1,runs_J_k16_plain\none_seed8\g013_i009,runs_J_k16_plain\none_seed8\g013_i009\tripinfo.xml
13,10,16,405.49133333333333,-120682114#3;-24337240#2;-311298662#0;-535519490#0;-782714966#0;-880140407;111677669#0;111681903#1;111681905#2;24337240#4;28468730#0;28468730#1;498033359#3;58621262#0;835445203;880137010,runs_J_k16_plain\none_seed8\g013_i010,runs_J_k16_plain\none_seed8\g013_i010\tripinfo.xml
13,11,16,429.732,-24337240#0;-24337240#2;-311298658;-502325084#3;-782714971#1;-835445203;-876343449#0;-876343449#2;131942152;24337240#4;28468730#0;4935286#0;498033359#2;502325084#3;747448014;880140407,runs_J_k16_plain\none_seed8\g013_i011,runs_J_k16_plain\none_seed8\g013_i011\tripinfo.xml
13,12,16,1298.616,-111677668#4;-111681903#3;-782714971#4;-880137009#0;111677669#3;24337240#0;24337240#4;24337240#5;26216779#1;26216781#1;311298665;37628709#0;498033359#1;782714966#1;835445203;880137010,runs_J_k16_plain\none_seed8\g013_i012,runs_J_k16_plain\none_seed8\g013_i012\tripinfo.xml
13,13,16,1000000000000.0,-111677668#0;-498033359#3;-535519490#1;-835443464;-835445203;111677668#4;24337240#0;24337240#1;24337240#5;4935299#1;4970256#7;498033359#2;5197062#3;782714966#1;783907721#2;876057378#5,runs_J_k16_plain\none_seed8\g013_i013,runs_J_k16_plain\none_seed8\g013_i013\tripinfo.xml
13,14,16,1000000000000.0,-111677671#0;-111681903#3;-25970859#0;-498033359#2;-535519490#0;-782714971#1;-835445203;-876343449#0;111677669#0;205590836#2;24337240#7;4970256#6;4970256#8;782714966#0;880137010;880140407,runs_J_k16_plain\none_seed8\g013_i014,runs_J_k16_plain\none_seed8\g013_i014\tripinfo.xml
13,15,16,439.6326666666667,-111681903#3;-205590836#0;-24337240#3;-498033359#2;-502325084#1;-782714971#1;-835445203;-880137009#0;-880140407;111677669#1;205590836#2;24337240#3;26216781#3;311298665;37628709#0;876057378#3,runs_J_k16_plain\none_seed8\g013_i015,runs_J_k16_plain\none_seed8\g013_i015\tripinfo.xml
13,16,16,993.0973333333334,-111677668#4;-24337240#3;-24337240#6;-535519490#0;111681903#1;205590836#2;311298665;37628709#0;502325084#3;5197062#4;876057378#3;876057378#5;876343449#1;880137009#1;880137010;880140407,runs_J_k16_plain\none_seed8\g013_i016,runs_J_k16_plain\none_seed8\g013_i016\tripinfo.xml
13,17,16,1424.1146666666666,-111681903#3;-205590836#0;-24337240#2;-782714971#1;-782714971#3;-783907721#1;-835445203;111677668#0;26216779#1;28468732#0;4935286#2;4970256#7;4970256#8;58621262#0;782714971#4;876057378#2,runs_J_k16_plain\none_seed8\g013_i017,runs_J_k16_plain\none_seed8\g013_i017\tripinfo.xml
13,18,16,1145.7866666666666,-498033359#3;-782714971#1;111677669#0;111681903#1;131942152;24337240#0;24337240#1;24337240#5;26216779#1;311298658;4970256#7;4970256#8;498033359#3;535519490#0;782714971#2;876057378#5,runs_J_k16_plain\none_seed8\g013_i018,runs_J_k16_plain\none_seed8\g013_i018\tripinfo.xml
13,19,16,401.934,-24337240#2;-24337240#4;-498033359#0;-782714971#3;111677669#1;26216779#1;37628709#0;37628709#1;4935286#2;4935286#3;4970256#7;58621262#0;747448014;835443464;835445203;876343449#0,runs_J_k16_plain\none_seed8\g013_i019,runs_J_k16_plain\none_seed8\g013_i019\tripinfo.xml
13,20,16,685.3773333333334,-120682114#1;-502325084#1;-782714966#0;-782714971#1;131942152;24337240#3;24337240#5;26216779#1;28468730#1;28468732#0;4970256#8;535519490#0;535519490#1;782714966#1;876057378#2;876343449#2,runs_J_k16_plain\none_seed8\g013_i020,runs_J_k16_plain\none_seed8\g013_i020\tripinfo.xml
13,21,16,791.154,-24337240#3;-311298685;-498033359#0;-5197062#4;-782714971#1;-835445203;111677669#5;111681905#1;120682114#1;26216781#0;37628709#0;535519490#0;747448014;782714971#0;835443464;880137009#0,runs_J_k16_plain\none_seed8\g013_i021,runs_J_k16_plain\none_seed8\g013_i021\tripinfo.xml
13,22,16,649.5746666666666,-120682114#2;131942152;25970859#0;28468730#1;28468732#0;311298658;4970256#6;502325084#3;535519490#0;58621262#0;747448014;782714971#2;835443464;876343449#2;880137009#0;880140407,runs_J_k16_plain\none_seed8\g013_i022,runs_J_k16_plain\none_seed8\g013_i022\tripinfo.xml
13,23,16,372.97133333333335,-24337240#3;-24337240#6;-25970859#0;-311298658;-311298662#1;-498033359#2;-783907721#1;111677669#1;205590836#2;24337240#2;26216781#1;4935286#2;502325084#3;747448014;876057378#2;876343449#1,runs_J_k16_plain\none_seed8\g013_i023,runs_J_k16_plain\none_seed8\g013_i023\tripinfo.xml
14,0,16,347.0713333333333,-111677668#3;-24337240#0;-24337240#2;-782714966#0;24337240#4;26216779#1;28468730#1;4935286#2;4970256#8;747448014;835443464;835445203;876057378#3;876343449#2;880137009#1;880137010,runs_J_k16_plain\none_seed8\g014_i000,runs_J_k16_plain\none_seed8\g014_i000\tripinfo.xml
14,1,6,600.406,-28468730#0;-311298685;-4950193;4935286#0;4970256#6;835445203,runs_J_k16_plain\none_seed8\g014_i001,runs_J_k16_plain\none_seed8\g014_i001\tripinfo.xml
14,2,16,1000000000000.0,-120682114#1;-24337240#0;-782714966#0;-880140407;111677669#4;24337240#4;24337240#5;4935299#1;498033359#2;747448014;782710712;782714966#1;783907721#1;835443464;876057378#3;880137010,runs_J_k16_plain\none_seed8\g014_i002,runs_J_k16_plain\none_seed8\g014_i002\tripinfo.xml
14,3,16,689.8326666666667,-24337240#4;-24337240#6;-28298231;-311298658;-498033359#0;-782714971#3;131942152;24337240#0;37628709#0;4935286#3;4970256#8;498033359#3;502325084#3;747448014;783907721#0;876057378#1,runs_J_k16_plain\none_seed8\g014_i003,runs_J_k16_plain\none_seed8\g014_i003\tripinfo.xml
14,4,16,644.456,-111677668#0;-111677668#3;-111681903#0;-24337240#2;-311298658;-7365262;24337240#7;25970859#0;26216779#0;37628709#1;4935286#0;498033359#2;747448014;782714971#3;835443464;835445203,runs_J_k16_plain\none_seed8\g014_i004,runs_J_k16_plain\none_seed8\g014_i004\tripinfo.xml
14,5,16,407.47933333333333,-111681903#2;-120682114#3;-311298662#1;-782714971#3;111677669#0;26216779#1;26216781#2;28468730#1;4935286#2;4970256#8;58621262#0;58621262#1;782714971#1;835443464;876057378#3;876343449#2,runs_J_k16_plain\none_seed8\g014_i005,runs_J_k16_plain\none_seed8\g014_i005\tripinfo.xml
14,6,16,662.1313333333334,-111681903#0;-24337240#2;-311298662#0;-535519490#0;-880137009#0;111677668#4;111681903#2;24337240#1;28468732#0;4970256#6;498033359#3;502325084#1;7924772;835445203;876057378#3;880137009#1,runs_J_k16_plain\none_seed8\g014_i006,runs_J_k16_plain\none_seed8\g014_i006\tripinfo.xml
14,7,16,618.0,-24337240#0;-24337240#7;-28298231;-498033359#2;111677669#2;111681903#0;120682114#3;131942152;24337240#4;4970256#8;502325084#0;747448014;835443464;876057378#3;876343449#2;880137009#0,runs_J_k16_plain\none_seed8\g014_i007,runs_J_k16_plain\none_seed8\g014_i007\tripinfo.xml
14,8,16,395.88,-111677668#3;-311298662#0;-498033359#1;-783907721#2;111677668#0;111681903#0;24337240#4;26216781#0;28468730#1;4935286#2;4935286#3;4970256#8;498033359#3;835445203;880137009#1;880137010,runs_J_k16_plain\none_seed8\g014_i008,runs_J_k16_plain\none_seed8\g014_i008\tripinfo.xml
14,9,16,633.4666666666667,-111677668#3;-24337240#1;-24337240#3;-24337240#6;-311298662#1;-4950193;-498033359#0;-7365262;-782714966#0;26216781#1;28468730#1;4970256#8;747448014;7924772;876343449#1;880137009#1,runs_J_k16_plain\none_seed8\g014_i009,runs_J_k16_plain\none_seed8\g014_i009\tripinfo.xml
14,10,16,599.5213333333334,-111677668#3;-120682114#2;-24337240#3;-25970859#0;-7365262;26216779#1;311298682#0;4935286#2;4935286#3;502325084#3;5197062#4;782714971#1;782714971#2;876057378#2;876057378#3;880140407,runs_J_k16_plain\none_seed8\g014_i010,runs_J_k16_plain\none_seed8\g014_i010\tripinfo.xml
14,11,16,499.2606666666667,-111677668#3;-25970859#0;-783907721#1;111681905#2;26216779#1;28468730#1;28468732#0;311298682#0;4935286#0;4935286#2;4970256#5;502325084#3;747448014;782714971#3;876343449#2;880140407,runs_J_k16_plain\none_seed8\g014_i011,runs_J_k16_plain\none_seed8\g014_i011\tripinfo.xml
14,12,16,352.7273333333333,-205590836#0;-24337240#2;-311298662#1;111677668#3;111677669#1;205590836#2;26216781#1;4935286#2;4970256#8;5197062#3;5197062#4;747448014;783907721#1;876057378#2;876057378#3;876343449#1,runs_J_k16_plain\none_seed8\g014_i012,runs_J_k16_plain\none_seed8\g014_i012\tripinfo.xml
14,13,16,673.1826666666667,-24337240#6;-7365262;-782714971#3;-835443464;111681905#2;26216779#1;28468732#1;4970256#7;498033359#2;58621262#0;747448014;782714966#0;835445203;876343449#0;876343449#2;880137010,runs_J_k16_plain\none_seed8\g014_i013,runs_J_k16_plain\none_seed8\g014_i013\tripinfo.xml
14,14,16,370.24466666666666,-111677668#4;-24337240#3;-498033359#1;111677668#4;111681903#0;111681905#1;120682114#1;26216779#1;311298685;37628709#1;4935286#2;4970256#8;747448014;7924772;835443464;876343449#0,runs_J_k16_plain\none_seed8\g014_i014,runs_J_k16_plain\none_seed8\g014_i014\tripinfo.xml
14,15,16,394.638,-24337240#0;-24337240#2;-502325084#3;-782714966#0;-876343449#0;111677668#3;111677668#4;111681903#0;111681905#1;24337240#4;26216781#0;26216781#1;4935286#0;535519490#1;747448014;880140407,runs_J_k16_plain\none_seed8\g014_i015,runs_J_k16_plain\none_seed8\g014_i015\tripinfo.xml
14,16,13,645.122,-111677668#0;-24337240#1;-311298658;-498033359#1;-5197062#3;-835443464;111677669#4;111681903#3;4970256#6;502325084#3;58621262#0;782714966#0;876057378#2,runs_J_k16_plain\none_seed8\g014_i016,runs_J_k16_plain\none_seed8\g014_i016\tripinfo.xml
14,17,16,608.688,-24337240#0;-7365262;-782714966#0;24337240#3;24337240#4;26216779#1;28468730#1;37628709#1;4970256#8;498033359#0;5197062#3;747448014;782714971#4;783907721#2;876057378#3;876057378#4,runs_J_k16_plain\none_seed8\g014_i017,runs_J_k16_plain\none_seed8\g014_i017\tripinfo.xml
14,18,16,1493.188,-120682114#3;-311298685;-498033359#3;-782714966#0;-782714971#0;-782714971#2;120682114#2;131942152;311298665;4935286#2;4970256#8;5197062#4;782714971#0;783907721#1;835443464;876343449#2,runs_J_k16_plain\none_seed8\g014_i018,runs_J_k16_plain\none_seed8\g014_i018\tripinfo.xml
14,19,9,484.50466666666665,-24337240#6;-5197062#4;205590836#2;26216781#1;311298665;37628709#0;782710712;876343449#1;876343449#2,runs_J_k16_plain\none_seed8\g014_i019,runs_J_k16_plain\none_seed8\g014_i019\tripinfo.xml
14,20,16,415.274,-111681903#1;-120682114#2;-205590836#0;-24337240#3;-24337240#6;-311298662#1;-783907721#1;205590836#2;24337240#3;25970859#1;4935286#2;4935299#1;502325084#3;58621262#0;747448014;880137009#1,runs_J_k16_plain\none_seed8\g014_i020,runs_J_k16_plain\none_seed8\g014_i020\tripinfo.xml
14,21,16,399.73133333333334,-111681903#0;-120682114#1;-24337240#6;-25970859#0;-311298658;-782714971#2;-783907721#0;-783907721#1;-783907721#2;120682114#2;4935286#2;502325084#1;747448014;782714971#3;876057378#2;876343449#0,runs_J_k16_plain\none_seed8\g014_i021,runs_J_k16_plain\none_seed8\g014_i021\tripinfo.xml
14,22,16,954.234,-120682114#1;-24337240#1;-24337240#2;-498033359#1;111677669#2;111681905#1;26216781#1;311298682#0;311298685;37628709#0;37628709#1;4970256#7;502325084#3;747448014;783907721#0;876057378#2,runs_J_k16_plain\none_seed8\g014_i022,runs_J_k16_plain\none_seed8\g014_i022\tripinfo.xml
14,23,16,649.0873333333333,-111681903#1;-24337240#6;-25970859#1;-498033359#1;-502325084#1;-782714971#3;-783907721#0;111677669#0;131942152;311298685;4935286#2;4970256#6;498033359#2;58621262#0;747448014;880140407,runs_J_k16_plain\none_seed8\g014_i023,runs_J_k16_plain\none_seed8\g014_i023\tripinfo.xml
15,0,16,347.0713333333333,-111677668#3;-24337240#0;-24337240#2;-782714966#0;24337240#4;26216779#1;28468730#1;4935286#2;4970256#8;747448014;835443464;835445203;876057378#3;876343449#2;880137009#1;880137010,runs_J_k16_plain\none_seed8\g015_i000,runs_J_k16_plain\none_seed8\g015_i000\tripinfo.xml
15,1,16,1000000000000.0,-111681903#0;-311298658;-311298665;-502325084#0;-502325084#1;-7365262;-782714971#1;111677669#0;120682114#2;205590836#2;24337240#0;4970256#8;502325084#1;835443464;835445203;876057378#2,runs_J_k16_plain\none_seed8\g015_i001,runs_J_k16_plain\none_seed8\g015_i001\tripinfo.xml
15,2,16,658.6746666666667,-111681903#3;-205590836#0;-24337240#2;-25970859#0;-535519490#1;-782714971#1;-783907721#1;111681903#2;24337240#4;28468730#1;4935286#2;498033359#0;502325084#1;747448014;876057378#5;880137009#1,runs_J_k16_plain\none_seed8\g015_i002,runs_J_k16_plain\none_seed8\g015_i002\tripinfo.xml
15,3,16,851.0913333333333,-311298658;-535519490#0;-835445203;111677668#4;111677669#5;120682114#1;131942152;26216779#1;28468730#1;28468732#1;4970256#8;498033359#0;747448014;782714966#0;782714971#0;835443464,runs_J_k16_plain\none_seed8\g015_i003,runs_J_k16_plain\none_seed8\g015_i003\tripinfo.xml
15,4,16,1116.408,-111677668#3;-111681903#3;-24337240#0;-24337240#2;-24337240#3;-876343449#1;120682114#2;24337240#5;26216779#1;37628709#0;4935286#2;4970256#8;5197062#4;58621262#0;7924772;880137010,runs_J_k16_plain\none_seed8\g015_i004,runs_J_k16_plain\none_seed8\g015_i004\tripinfo.xml
15,5,16,1000000000000.0,-111677668#4;-502325084#3;-782714966#1;-876343449#1;-876343449#2;111677668#0;111677668#4;111681903#0;26216779#0;26216781#0;28468730#0;28468730#1;498033359#2;782714966#1;782714971#2;876343449#0,runs_J_k16_plain\none_seed8\g015_i005,runs_J_k16_plain\none_seed8\g015_i005\tripinfo.xml
15,6,16,427.80533333333335,-111677668#3;-782714971#4;-876343449#1;111677668#4;111681905#1;120682114#1;24337240#3;28468730#1;311298685;37628709#1;4935286#2;4935286#3;502325084#1;747448014;876057378#5;880137010,runs_J_k16_plain\none_seed8\g015_i006,runs_J_k16_plain\none_seed8\g015_i006\tripinfo.xml
15,7,16,601.6666666666666,-111677668#3;-111677668#4;-783907721#0;-876343449#0;111677668#3;26216779#1;4935286#0;535519490#1;58621262#0;747448014;782714971#2;783907721#0;835443464;876057378#1;876343449#2;880140407,runs_J_k16_plain\none_seed8\g015_i007,runs_J_k16_plain\none_seed8\g015_i007\tripinfo.xml
15,8,5,601.6666666666666,-120682114#3;-311298685;-4950193;498033359#2;782714971#2,runs_J_k16_plain\none_seed8\g015_i008,runs_J_k16_plain\none_seed8\g015_i008\tripinfo.xml
15,9,16,630.5613333333333,-24337240#0;-783907721#1;111677668#3;111677668#4;111681905#1;24337240#4;26216781#0;26216781#1;28468732#0;311298662#0;5197062#3;5197062#4;783907721#1;7924772;876057378#2;880137009#1,runs_J_k16_plain\none_seed8\g015_i009,runs_J_k16_plain\none_seed8\g015_i009\tripinfo.xml
15,10,11,669.6166666666667,-111677668#4;-205590836#0;-24337240#0;-24337240#3;-782714966#1;111677669#1;205590836#2;4935286#0;502325084#1;535519490#1;783907721#0,runs_J_k16_plain\none_seed8\g015_i010,runs_J_k16_plain\none_seed8\g015_i010\tripinfo.xml
15,11,16,628.068,-120682114#3;-24337240#0;-24337240#6;-782714966#0;-782714971#3;-876343449#0;111677668#3;111681905#1;205590836#2;26216781#0;26216781#3;4935286#0;498033359#0;502325084#3;5197062#4;835443464,runs_J_k16_plain\none_seed8\g015_i011,runs_J_k16_plain\none_seed8\g015_i011\tripinfo.xml
15,12,11,642.4793333333333,-111681903#2;-28298231;-28468730#0;-502325084#3;111677668#4;111677669#0;111677669#4;26216779#1;311298665;747448014;880140407,runs_J_k16_plain\none_seed8\g015_i012,runs_J_k16_plain\none_seed8\g015_i012\tripinfo.xml
15,13,16,578.376,-111677668#4;-24337240#2;-24337240#3;-24337240#6;-498033359#1;-5197062#3;-835443464;111681905#1;25970859#1;26216781#0;26216781#1;4935286#2;4970256#8;62826731;876057378#2;880137010,runs_J_k16_plain\none_seed8\g015_i013,runs_J_k16_plain\none_seed8\g015_i013\tripinfo.xml
15,14,16,595.1633333333333,-24337240#3;-498033359#2;-5197062#4;111677671#0;205590836#2;25970859#1;311298685;37628709#1;4935286#2;4970256#8;498033359#2;5197062#4;747448014;782714971#1;783907721#1;835443464,runs_J_k16_plain\none_seed8\g015_i014,runs_J_k16_plain\none_seed8\g015_i014\tripinfo.xml
15,15,16,681.3153333333333,-24337240#0;-24337240#2;-782714966#0;111677669#3;111681903#0;131942152;24337240#4;26216781#1;28468730#0;498033359#1;535519490#1;782714971#2;782714971#4;835443464;876057378#3;876343449#2,runs_J_k16_plain\none_seed8\g015_i015,runs_J_k16_plain\none_seed8\g015_i015\tripinfo.xml
15,16,16,763.5293333333333,-111677668#4;-24337240#2;-502325084#3;-782714966#0;-876343449#0;111677668#0;111677668#4;24337240#1;24337240#4;26216781#0;28468730#1;4970256#5;4970256#8;498033359#1;535519490#1;880137010,runs_J_k16_plain\none_seed8\g015_i016,runs_J_k16_plain\none_seed8\g015_i016\tripinfo.xml
15,17,4,667.0466666666666,-24337240#4;4970256#5;7924772;876057378#2,runs_J_k16_plain\none_seed8\g015_i017,runs_J_k16_plain\none_seed8\g015_i017\tripinfo.xml
15,18,16,1000000000000.0,-120682114#3;-311298682#0;-782714971#3;-783907721#2;111677668#0;111677668#4;111677669#3;111677669#4;120682114#1;26216781#0;26216781#1;28468730#0;28468730#1;37628709#1;4935299#1;4970256#8,runs_J_k16_plain\none_seed8\g015_i018,runs_J_k16_plain\none_seed8\g015_i018\tripinfo.xml
15,19,16,644.456,-111677668#0;-24337240#7;-25970859#0;-311298665;-502325084#0;-502325084#3;111677668#4;24337240#3;311298658;311298662#1;311298682#0;37628709#0;502325084#1;535519490#0;876057378#2;876343449#0,runs_J_k16_plain\none_seed8\g015_i019,runs_J_k16_plain\none_seed8\g015_i019\tripinfo.xml
15,20,16,690.1006666666667,-24337240#6;-28298231;-311298662#0;-311298685;-782714971#0;111677669#5;111681903#0;205590836#2;26216779#1;26216781#1;26216781#2;311298658;782710712;782714971#3;876057378#0;880137009#0,runs_J_k16_plain\none_seed8\g015_i020,runs_J_k16_plain\none_seed8\g015_i020\tripinfo.xml
15,21,16,622.5486666666667,-111681903#3;-120682114#3;-24337240#2;-311298658;-782714966#0;111677668#3;111677671#0;120682114#3;24337240#4;25970859#1;26216781#1;311298658;502325084#0;535519490#1;747448014;880140407,runs_J_k16_plain\none_seed8\g015_i021,runs_J_k16_plain\none_seed8\g015_i021\tripinfo.xml
15,22,16,605.5486666666667,-205590836#0;-782714966#0;-782714971#1;-782714971#2;111677668#4;111677669#4;111681903#0;111681905#1;311298665;311298685;4935286#0;4970256#5;747448014;783907721#1;7924772;880140407,runs_J_k16_plain\none_seed8\g015_i022,runs_J_k16_plain\none_seed8\g015_i022\tripinfo.xml
15,23,16,369.66866666666664,-120682114#2;-205590836#0;-24337240#2;-311298662#1;-782714966#1;111677668#4;120682114#3;26216781#1;4935286#2;4970256#8;5197062#4;58621262#1;782714966#1;835445203;876057378#3;880137010,runs_J_k16_plain\none_seed8\g015_i023,runs_J_k16_plain\none_seed8\g015_i023\tripinfo.xml
