instance_id,mode,seed,sol_id,att_default,sumo_seed,att
A_k4_1od_x0.8,both,0,S0023,223.43625,201,221.035
A_k4_1od_x0.8,both,0,S0023,223.43625,202,223.70625
A_k4_1od_x0.8,both,0,S0023,223.43625,203,219.25125
A_k4_1od_x0.8,both,0,S0023,223.43625,204,230.9675
A_k4_1od_x0.8,both,0,S0023,223.43625,205,223.18625
A_k4_1od_x0.8,both,1,S0028,220.10375,201,224.62625
A_k4_1od_x0.8,both,1,S0028,220.10375,202,225.36375
A_k4_1od_x0.8,both,1,S0028,220.10375,203,217.26875
A_k4_1od_x0.8,both,1,S0028,220.10375,204,213.2025
A_k4_1od_x0.8,both,1,S0028,220.10375,205,217.68875
A_k4_1od_x0.8,both,2,S0001,220.695,201,230.02125
A_k4_1od_x0.8,both,2,S0001,220.695,202,225.23375
A_k4_1od_x0.8,both,2,S0001,220.695,203,225.2025
A_k4_1od_x0.8,both,2,S0001,220.695,204,225.7575
A_k4_1od_x0.8,both,2,S0001,220.695,205,226.42125
A_k4_1od_x0.8,both,3,S0022,225.78875,201,225.02
A_k4_1od_x0.8,both,3,S0022,225.78875,202,211.15
A_k4_1od_x0.8,both,3,S0022,225.78875,203,227.29375
A_k4_1od_x0.8,both,3,S0022,225.78875,204,218.64875
A_k4_1od_x0.8,both,3,S0022,225.78875,205,222.27625
A_k4_1od_x0.8,both,4,S0013,225.78875,201,225.02
A_k4_1od_x0.8,both,4,S0013,225.78875,202,211.15
A_k4_1od_x0.8,both,4,S0013,225.78875,203,227.29375
A_k4_1od_x0.8,both,4,S0013,225.78875,204,218.64875
A_k4_1od_x0.8,both,4,S0013,225.78875,205,225.215
A_k4_1od_x0.8,both,5,S0017,226.1025,201,222.06875
A_k4_1od_x0.8,both,5,S0017,226.1025,202,236.21375
A_k4_1od_x0.8,both,5,S0017,226.1025,203,234.48375
A_k4_1od_x0.8,both,5,S0017,226.1025,204,226.13625
A_k4_1od_x0.8,both,5,S0017,226.1025,205,231.455
A_k4_1od_x0.8,both,6,S0019,221.7325,201,218.20875
A_k4_1od_x0.8,both,6,S0019,221.7325,202,220.94125
A_k4_1od_x0.8,both,6,S0019,221.7325,203,210.225
A_k4_1od_x0.8,both,6,S0019,221.7325,204,215.08125
A_k4_1od_x0.8,both,6,S0019,221.7325,205,225.83875
A_k4_1od_x0.8,both,7,S0000,228.43125,201,230.05875
A_k4_1od_x0.8,both,7,S0000,228.43125,202,223.5125
A_k4_1od_x0.8,both,7,S0000,228.43125,203,226.1925
A_k4_1od_x0.8,both,7,S0000,228.43125,204,222.485
A_k4_1od_x0.8,both,7,S0000,228.43125,205,235.47625
A_k4_1od_x0.8,both,8,S0006,225.78875,201,225.02
A_k4_1od_x0.8,both,8,S0006,225.78875,202,211.15
A_k4_1od_x0.8,both,8,S0006,225.78875,203,226.6475
A_k4_1od_x0.8,both,8,S0006,225.78875,204,215.865
A_k4_1od_x0.8,both,8,S0006,225.78875,205,222.045
A_k4_1od_x0.8,both,9,S0009,215.53,201,224.05125
A_k4_1od_x0.8,both,9,S0009,215.53,202,222.7575
A_k4_1od_x0.8,both,9,S0009,215.53,203,217.8175
A_k4_1od_x0.8,both,9,S0009,215.53,204,223.55125
A_k4_1od_x0.8,both,9,S0009,215.53,205,214.79625
A_k4_1od_x0.8,init,0,S0007,222.22875,201,219.42125
A_k4_1od_x0.8,init,0,S0007,222.22875,202,221.42125
A_k4_1od_x0.8,init,0,S0007,222.22875,203,232.5225
A_k4_1od_x0.8,init,0,S0007,222.22875,204,223.48125
A_k4_1od_x0.8,init,0,S0007,222.22875,205,237.6375
A_k4_1od_x0.8,init,1,S0019,221.7325,201,218.20875
A_k4_1od_x0.8,init,1,S0019,221.7325,202,220.94125
A_k4_1od_x0.8,init,1,S0019,221.7325,203,210.225
A_k4_1od_x0.8,init,1,S0019,221.7325,204,215.08125
A_k4_1od_x0.8,init,1,S0019,221.7325,205,225.83875
A_k4_1od_x0.8,init,2,S0012,229.2475,201,228.81875
A_k4_1od_x0.8,init,2,S0012,229.2475,202,233.93125
A_k4_1od_x0.8,init,2,S0012,229.2475,203,226.19
A_k4_1od_x0.8,init,2,S0012,229.2475,204,224.43
A_k4_1od_x0.8,init,2,S0012,229.2475,205,227.30625
A_k4_1od_x0.8,init,3,S0010,228.57625,201,234.8325
A_k4_1od_x0.8,init,3,S0010,228.57625,202,225.2425
A_k4_1od_x0.8,init,3,S0010,228.57625,203,241.1
A_k4_1od_x0.8,init,3,S0010,228.57625,204,222.2175
A_k4_1od_x0.8,init,3,S0010,228.57625,205,227.915
A_k4_1od_x0.8,init,4,S0008,229.0075,201,225.11125
A_k4_1od_x0.8,init,4,S0008,229.0075,202,218.10375
A_k4_1od_x0.8,init,4,S0008,229.0075,203,226.3125
A_k4_1od_x0.8,init,4,S0008,229.0075,204,214.4275
A_k4_1od_x0.8,init,4,S0008,229.0075,205,223.8925
A_k4_1od_x0.8,init,5,S0007,222.22875,201,219.42125
A_k4_1od_x0.8,init,5,S0007,222.22875,202,221.42125
A_k4_1od_x0.8,init,5,S0007,222.22875,203,232.5225
A_k4_1od_x0.8,init,5,S0007,222.22875,204,223.48125
A_k4_1od_x0.8,init,5,S0007,222.22875,205,237.6375
A_k4_1od_x0.8,init,6,S0024,225.78875,201,225.02
A_k4_1od_x0.8,init,6,S0024,225.78875,202,211.15
A_k4_1od_x0.8,init,6,S0024,225.78875,203,227.29375
A_k4_1od_x0.8,init,6,S0024,225.78875,204,218.64875
A_k4_1od_x0.8,init,6,S0024,225.78875,205,225.215
A_k4_1od_x0.8,init,7,S0024,225.78875,201,225.02
A_k4_1od_x0.8,init,7,S0024,225.78875,202,211.15
A_k4_1od_x0.8,init,7,S0024,225.78875,203,227.29375
A_k4_1od_x0.8,init,7,S0024,225.78875,204,218.64875
A_k4_1od_x0.8,init,7,S0024,225.78875,205,225.215
A_k4_1od_x0.8,init,8,S0023,223.43625,201,221.035
A_k4_1od_x0.8,init,8,S0023,223.43625,202,223.70625
A_k4_1od_x0.8,init,8,S0023,223.43625,203,219.25125
A_k4_1od_x0.8,init,8,S0023,223.43625,204,230.9675
A_k4_1od_x0.8,init,8,S0023,223.43625,205,223.18625
A_k4_1od_x0.8,init,9,S0007,222.22875,201,219.42125
A_k4_1od_x0.8,init,9,S0007,222.22875,202,221.42125
A_k4_1od_x0.8,init,9,S0007,222.22875,203,232.5225
A_k4_1od_x0.8,init,9,S0007,222.22875,204,223.48125
A_k4_1od_x0.8,init,9,S0007,222.22875,205,237.6375
A_k4_1od_x0.8,mutation,0,S0028,220.10375,201,224.62625
A_k4_1od_x0.8,mutation,0,S0028,220.10375,202,225.36375
A_k4_1od_x0.8,mutation,0,S0028,220.10375,203,217.26875
A_k4_1od_x0.8,mutation,0,S0028,220.10375,204,213.2025
A_k4_1od_x0.8,mutation,0,S0028,220.10375,205,217.68875
A_k4_1od_x0.8,mutation,1,S0009,215.53,201,224.05125
A_k4_1od_x0.8,mutation,1,S0009,215.53,202,222.7575
A_k4_1od_x0.8,mutation,1,S0009,215.53,203,217.8175
A_k4_1od_x0.8,mutation,1,S0009,215.53,204,223.55125
A_k4_1od_x0.8,mutation,1,S0009,215.53,205,214.79625
A_k4_1od_x0.8,mutation,2,S0025,227.12875,201,228.4475
A_k4_1od_x0.8,mutation,2,S0025,227.12875,202,228.91875
A_k4_1od_x0.8,mutation,2,S0025,227.12875,203,232.38625
A_k4_1od_x0.8,mutation,2,S0025,227.12875,204,228.82125
A_k4_1od_x0.8,mutation,2,S0025,227.12875,205,230.0125
A_k4_1od_x0.8,mutation,3,S0018,221.33875,201,234.48375
A_k4_1od_x0.8,mutation,3,S0018,221.33875,202,216.38
A_k4_1od_x0.8,mutation,3,S0018,221.33875,203,219.98625
A_k4_1od_x0.8,mutation,3,S0018,221.33875,204,224.99
A_k4_1od_x0.8,mutation,3,S0018,221.33875,205,225.28375
A_k4_1od_x0.8,mutation,4,S0001,220.695,201,230.02125
A_k4_1od_x0.8,mutation,4,S0001,220.695,202,225.23375
A_k4_1od_x0.8,mutation,4,S0001,220.695,203,225.2025
A_k4_1od_x0.8,mutation,4,S0001,220.695,204,225.7575
A_k4_1od_x0.8,mutation,4,S0001,220.695,205,226.42125
A_k4_1od_x0.8,mutation,5,S0026,225.94625,201,220.05875
A_k4_1od_x0.8,mutation,5,S0026,225.94625,202,211.3
A_k4_1od_x0.8,mutation,5,S0026,225.94625,203,224.2375
A_k4_1od_x0.8,mutation,5,S0026,225.94625,204,208.35625
A_k4_1od_x0.8,mutation,5,S0026,225.94625,205,222.8075
A_k4_1od_x0.8,mutation,6,S0014,224.84625,201,218.51125
A_k4_1od_x0.8,mutation,6,S0014,224.84625,202,223.49375
A_k4_1od_x0.8,mutation,6,S0014,224.84625,203,227.94125
A_k4_1od_x0.8,mutation,6,S0014,224.84625,204,223.15
A_k4_1od_x0.8,mutation,6,S0014,224.84625,205,228.37125
A_k4_1od_x0.8,mutation,7,S0020,218.56375,201,222.03375
A_k4_1od_x0.8,mutation,7,S0020,218.56375,202,220.8975
A_k4_1od_x0.8,mutation,7,S0020,218.56375,203,229.1775
A_k4_1od_x0.8,mutation,7,S0020,218.56375,204,228.2325
A_k4_1od_x0.8,mutation,7,S0020,218.56375,205,231.01625
A_k4_1od_x0.8,mutation,8,S0007,222.22875,201,219.42125
A_k4_1od_x0.8,mutation,8,S0007,222.22875,202,221.42125
A_k4_1od_x0.8,mutation,8,S0007,222.22875,203,232.5225
A_k4_1od_x0.8,mutation,8,S0007,222.22875,204,223.48125
A_k4_1od_x0.8,mutation,8,S0007,222.22875,205,237.6375
A_k4_1od_x0.8,mutation,9,S0021,223.90875,201,242.40375
A_k4_1od_x0.8,mutation,9,S0021,223.90875,202,216.93625
A_k4_1od_x0.8,mutation,9,S0021,223.90875,203,234.0675
A_k4_1od_x0.8,mutation,9,S0021,223.90875,204,229.7125
A_k4_1od_x0.8,mutation,9,S0021,223.90875,205,233.6175
A_k4_1od_x0.8,none,0,S0009,215.53,201,224.05125
A_k4_1od_x0.8,none,0,S0009,215.53,202,222.7575
A_k4_1od_x0.8,none,0,S0009,215.53,203,217.8175
A_k4_1od_x0.8,none,0,S0009,215.53,204,223.55125
A_k4_1od_x0.8,none,0,S0009,215.53,205,214.79625
A_k4_1od_x0.8,none,1,S0019,221.7325,201,218.20875
A_k4_1od_x0.8,none,1,S0019,221.7325,202,220.94125
A_k4_1od_x0.8,none,1,S0019,221.7325,203,210.225
A_k4_1od_x0.8,none,1,S0019,221.7325,204,215.08125
A_k4_1od_x0.8,none,1,S0019,221.7325,205,225.83875
A_k4_1od_x0.8,none,2,S0011,224.4875,201,223.48625
A_k4_1od_x0.8,none,2,S0011,224.4875,202,229.78625
A_k4_1od_x0.8,none,2,S0011,224.4875,203,231.45125
A_k4_1od_x0.8,none,2,S0011,224.4875,204,223.5025
A_k4_1od_x0.8,none,2,S0011,224.4875,205,223.015
A_k4_1od_x0.8,none,3,S0016,226.71875,201,227.41875
A_k4_1od_x0.8,none,3,S0016,226.71875,202,232.53375
A_k4_1od_x0.8,none,3,S0016,226.71875,203,234.46875
A_k4_1od_x0.8,none,3,S0016,226.71875,204,228.2125
A_k4_1od_x0.8,none,3,S0016,226.71875,205,251.46875
A_k4_1od_x0.8,none,4,S0015,221.615,201,225.59
A_k4_1od_x0.8,none,4,S0015,221.615,202,234.5825
A_k4_1od_x0.8,none,4,S0015,221.615,203,237.12625
A_k4_1od_x0.8,none,4,S0015,221.615,204,222.8825
A_k4_1od_x0.8,none,4,S0015,221.615,205,238.55
A_k4_1od_x0.8,none,5,S0002,228.145,201,229.05125
A_k4_1od_x0.8,none,5,S0002,228.145,202,231.69375
A_k4_1od_x0.8,none,5,S0002,228.145,203,231.47625
A_k4_1od_x0.8,none,5,S0002,228.145,204,226.53625
A_k4_1od_x0.8,none,5,S0002,228.145,205,234.24375
A_k4_1od_x0.8,none,6,S0003,228.32625,201,234.4625
A_k4_1od_x0.8,none,6,S0003,228.32625,202,227.01375
A_k4_1od_x0.8,none,6,S0003,228.32625,203,226.3525
A_k4_1od_x0.8,none,6,S0003,228.32625,204,229.67
A_k4_1od_x0.8,none,6,S0003,228.32625,205,234.175
A_k4_1od_x0.8,none,7,S0027,221.98625,201,216.1025
A_k4_1od_x0.8,none,7,S0027,221.98625,202,221.975
A_k4_1od_x0.8,none,7,S0027,221.98625,203,217.86375
A_k4_1od_x0.8,none,7,S0027,221.98625,204,215.165
A_k4_1od_x0.8,none,7,S0027,221.98625,205,205.1875
A_k4_1od_x0.8,none,8,S0004,229.2975,201,265.09625
A_k4_1od_x0.8,none,8,S0004,229.2975,202,229.9725
A_k4_1od_x0.8,none,8,S0004,229.2975,203,240.71
A_k4_1od_x0.8,none,8,S0004,229.2975,204,234.91375
A_k4_1od_x0.8,none,8,S0004,229.2975,205,243.61625
A_k4_1od_x0.8,none,9,S0005,227.80625,201,227.00875
A_k4_1od_x0.8,none,9,S0005,227.80625,202,225.66875
A_k4_1od_x0.8,none,9,S0005,227.80625,203,236.15625
A_k4_1od_x0.8,none,9,S0005,227.80625,204,231.01125
A_k4_1od_x0.8,none,9,S0005,227.80625,205,228.5825
A_k4_1od_x1.0,both,0,S0024,258.046,201,260.873
A_k4_1od_x1.0,both,0,S0024,258.046,202,259.856
A_k4_1od_x1.0,both,0,S0024,258.046,203,256.152
A_k4_1od_x1.0,both,0,S0024,258.046,204,270.642
A_k4_1od_x1.0,both,0,S0024,258.046,205,247.3
A_k4_1od_x1.0,both,1,S0014,273.261,201,263.681
A_k4_1od_x1.0,both,1,S0014,273.261,202,282.787
A_k4_1od_x1.0,both,1,S0014,273.261,203,279.664
A_k4_1od_x1.0,both,1,S0014,273.261,204,285.074
A_k4_1od_x1.0,both,1,S0014,273.261,205,284.565
A_k4_1od_x1.0,both,2,S0029,266.637,201,282.688
A_k4_1od_x1.0,both,2,S0029,266.637,202,275.078
A_k4_1od_x1.0,both,2,S0029,266.637,203,268.474
A_k4_1od_x1.0,both,2,S0029,266.637,204,279.174
A_k4_1od_x1.0,both,2,S0029,266.637,205,270.561
A_k4_1od_x1.0,both,3,S0019,267.196,201,286.125
A_k4_1od_x1.0,both,3,S0019,267.196,202,289.727
A_k4_1od_x1.0,both,3,S0019,267.196,203,278.308
A_k4_1od_x1.0,both,3,S0019,267.196,204,282.557
A_k4_1od_x1.0,both,3,S0019,267.196,205,286.731
A_k4_1od_x1.0,both,4,S0016,274.341,201,273.448
A_k4_1od_x1.0,both,4,S0016,274.341,202,272.112
A_k4_1od_x1.0,both,4,S0016,274.341,203,273.914
A_k4_1od_x1.0,both,4,S0016,274.341,204,270.125
A_k4_1od_x1.0,both,4,S0016,274.341,205,263.964
A_k4_1od_x1.0,both,5,S0024,258.046,201,260.873
A_k4_1od_x1.0,both,5,S0024,258.046,202,259.856
A_k4_1od_x1.0,both,5,S0024,258.046,203,256.152
A_k4_1od_x1.0,both,5,S0024,258.046,204,270.642
A_k4_1od_x1.0,both,5,S0024,258.046,205,247.3
A_k4_1od_x1.0,both,6,S0022,270.478,201,306.514
A_k4_1od_x1.0,both,6,S0022,270.478,202,280.803
A_k4_1od_x1.0,both,6,S0022,270.478,203,296.769
A_k4_1od_x1.0,both,6,S0022,270.478,204,285.812
A_k4_1od_x1.0,both,6,S0022,270.478,205,283.422
A_k4_1od_x1.0,both,7,S0028,252.58,201,261.386
A_k4_1od_x1.0,both,7,S0028,252.58,202,238.099
A_k4_1od_x1.0,both,7,S0028,252.58,203,255.752
A_k4_1od_x1.0,both,7,S0028,252.58,204,280.889
A_k4_1od_x1.0,both,7,S0028,252.58,205,260.981
A_k4_1od_x1.0,both,8,S0003,261.567,201,264.494
A_k4_1od_x1.0,both,8,S0003,261.567,202,270.743
A_k4_1od_x1.0,both,8,S0003,261.567,203,269.151
A_k4_1od_x1.0,both,8,S0003,261.567,204,258.355
A_k4_1od_x1.0,both,8,S0003,261.567,205,277.911
A_k4_1od_x1.0,both,9,S0021,266.551,201,255.514
A_k4_1od_x1.0,both,9,S0021,266.551,202,262.003
A_k4_1od_x1.0,both,9,S0021,266.551,203,267.999
A_k4_1od_x1.0,both,9,S0021,266.551,204,265.548
A_k4_1od_x1.0,both,9,S0021,266.551,205,261.675
A_k4_1od_x1.0,init,0,S0024,258.046,201,260.873
A_k4_1od_x1.0,init,0,S0024,258.046,202,259.856
A_k4_1od_x1.0,init,0,S0024,258.046,203,256.152
A_k4_1od_x1.0,init,0,S0024,258.046,204,270.642
A_k4_1od_x1.0,init,0,S0024,258.046,205,247.3
A_k4_1od_x1.0,init,1,S0025,270.338,201,277.629
A_k4_1od_x1.0,init,1,S0025,270.338,202,265.885
A_k4_1od_x1.0,init,1,S0025,270.338,203,256.129
A_k4_1od_x1.0,init,1,S0025,270.338,204,270.124
A_k4_1od_x1.0,init,1,S0025,270.338,205,269.492
A_k4_1od_x1.0,init,2,S0005,254.925,201,286.868
A_k4_1od_x1.0,init,2,S0005,254.925,202,267.623
A_k4_1od_x1.0,init,2,S0005,254.925,203,278.41
A_k4_1od_x1.0,init,2,S0005,254.925,204,272.382
A_k4_1od_x1.0,init,2,S0005,254.925,205,252.594
A_k4_1od_x1.0,init,3,S0023,267.601,201,277.628
A_k4_1od_x1.0,init,3,S0023,267.601,202,297.078
A_k4_1od_x1.0,init,3,S0023,267.601,203,263.151
A_k4_1od_x1.0,init,3,S0023,267.601,204,270.767
A_k4_1od_x1.0,init,3,S0023,267.601,205,261.169
A_k4_1od_x1.0,init,4,S0027,263.536,201,275.299
A_k4_1od_x1.0,init,4,S0027,263.536,202,263.933
A_k4_1od_x1.0,init,4,S0027,263.536,203,272.797
A_k4_1od_x1.0,init,4,S0027,263.536,204,265.779
A_k4_1od_x1.0,init,4,S0027,263.536,205,251.062
A_k4_1od_x1.0,init,5,S0017,265.638,201,268.874
A_k4_1od_x1.0,init,5,S0017,265.638,202,250.722
A_k4_1od_x1.0,init,5,S0017,265.638,203,275.278
A_k4_1od_x1.0,init,5,S0017,265.638,204,264.347
A_k4_1od_x1.0,init,5,S0017,265.638,205,276.791
A_k4_1od_x1.0,init,6,S0006,273.932,201,275.257
A_k4_1od_x1.0,init,6,S0006,273.932,202,288.058
A_k4_1od_x1.0,init,6,S0006,273.932,203,292.328
A_k4_1od_x1.0,init,6,S0006,273.932,204,287.978
A_k4_1od_x1.0,init,6,S0006,273.932,205,280.947
A_k4_1od_x1.0,init,7,S0003,261.567,201,264.494
A_k4_1od_x1.0,init,7,S0003,261.567,202,270.743
A_k4_1od_x1.0,init,7,S0003,261.567,203,269.151
A_k4_1od_x1.0,init,7,S0003,261.567,204,258.355
A_k4_1od_x1.0,init,7,S0003,261.567,205,277.911
A_k4_1od_x1.0,init,8,S0015,267.997,201,285.807
A_k4_1od_x1.0,init,8,S0015,267.997,202,280.811
A_k4_1od_x1.0,init,8,S0015,267.997,203,289.263
A_k4_1od_x1.0,init,8,S0015,267.997,204,287.622
A_k4_1od_x1.0,init,8,S0015,267.997,205,293.664
A_k4_1od_x1.0,init,9,S0030,274.956,201,298.898
A_k4_1od_x1.0,init,9,S0030,274.956,202,293.268
A_k4_1od_x1.0,init,9,S0030,274.956,203,292.135
A_k4_1od_x1.0,init,9,S0030,274.956,204,281.036
A_k4_1od_x1.0,init,9,S0030,274.956,205,286.836
A_k4_1od_x1.0,mutation,0,S0013,270.506,201,286.051
A_k4_1od_x1.0,mutation,0,S0013,270.506,202,276.998
A_k4_1od_x1.0,mutation,0,S0013,270.506,203,275.584
A_k4_1od_x1.0,mutation,0,S0013,270.506,204,263.871
A_k4_1od_x1.0,mutation,0,S0013,270.506,205,282.764
A_k4_1od_x1.0,mutation,1,S0032,271.774,201,283.146
A_k4_1od_x1.0,mutation,1,S0032,271.774,202,268.371
A_k4_1od_x1.0,mutation,1,S0032,271.774,203,273.85
A_k4_1od_x1.0,mutation,1,S0032,271.774,204,295.616
A_k4_1od_x1.0,mutation,1,S0032,271.774,205,251.271
A_k4_1od_x1.0,mutation,2,S0011,269.221,201,270.283
A_k4_1od_x1.0,mutation,2,S0011,269.221,202,263.634
A_k4_1od_x1.0,mutation,2,S0011,269.221,203,270.483
A_k4_1od_x1.0,mutation,2,S0011,269.221,204,280.425
A_k4_1od_x1.0,mutation,2,S0011,269.221,205,273.055
A_k4_1od_x1.0,mutation,3,S0021,266.551,201,255.514
A_k4_1od_x1.0,mutation,3,S0021,266.551,202,262.003
A_k4_1od_x1.0,mutation,3,S0021,266.551,203,267.999
A_k4_1od_x1.0,mutation,3,S0021,266.551,204,265.548
A_k4_1od_x1.0,mutation,3,S0021,266.551,205,261.675
A_k4_1od_x1.0,mutation,4,S0031,273.185,201,277.19
A_k4_1od_x1.0,mutation,4,S0031,273.185,202,281.075
A_k4_1od_x1.0,mutation,4,S0031,273.185,203,290.424
A_k4_1od_x1.0,mutation,4,S0031,273.185,204,282.925
A_k4_1od_x1.0,mutation,4,S0031,273.185,205,294.831
A_k4_1od_x1.0,mutation,5,S0007,264.904,201,272.805
A_k4_1od_x1.0,mutation,5,S0007,264.904,202,271.892
A_k4_1od_x1.0,mutation,5,S0007,264.904,203,283.497
A_k4_1od_x1.0,mutation,5,S0007,264.904,204,274.309
A_k4_1od_x1.0,mutation,5,S0007,264.904,205,281.877
A_k4_1od_x1.0,mutation,6,S0018,261.808,201,267.833
A_k4_1od_x1.0,mutation,6,S0018,261.808,202,273.283
A_k4_1od_x1.0,mutation,6,S0018,261.808,203,272.091
A_k4_1od_x1.0,mutation,6,S0018,261.808,204,265.699
A_k4_1od_x1.0,mutation,6,S0018,261.808,205,270.82
A_k4_1od_x1.0,mutation,7,S0020,267.196,201,286.125
A_k4_1od_x1.0,mutation,7,S0020,267.196,202,289.727
A_k4_1od_x1.0,mutation,7,S0020,267.196,203,278.308
A_k4_1od_x1.0,mutation,7,S0020,267.196,204,282.557
A_k4_1od_x1.0,mutation,7,S0020,267.196,205,286.731
A_k4_1od_x1.0,mutation,8,S0012,273.328,201,300.615
A_k4_1od_x1.0,mutation,8,S0012,273.328,202,282.048
A_k4_1od_x1.0,mutation,8,S0012,273.328,203,282.376
A_k4_1od_x1.0,mutation,8,S0012,273.328,204,279.515
A_k4_1od_x1.0,mutation,8,S0012,273.328,205,276.709
A_k4_1od_x1.0,mutation,9,S0007,264.904,201,272.805
A_k4_1od_x1.0,mutation,9,S0007,264.904,202,271.892
A_k4_1od_x1.0,mutation,9,S0007,264.904,203,283.497
A_k4_1od_x1.0,mutation,9,S0007,264.904,204,274.309
A_k4_1od_x1.0,mutation,9,S0007,264.904,205,281.877
A_k4_1od_x1.0,none,0,S0001,272.822,201,286.713
A_k4_1od_x1.0,none,0,S0001,272.822,202,271.084
A_k4_1od_x1.0,none,0,S0001,272.822,203,281.864
A_k4_1od_x1.0,none,0,S0001,272.822,204,282.825
A_k4_1od_x1.0,none,0,S0001,272.822,205,280.201
A_k4_1od_x1.0,none,1,S0008,267.71,201,282.939
A_k4_1od_x1.0,none,1,S0008,267.71,202,267.384
A_k4_1od_x1.0,none,1,S0008,267.71,203,270.379
A_k4_1od_x1.0,none,1,S0008,267.71,204,267.414
A_k4_1od_x1.0,none,1,S0008,267.71,205,271.664
A_k4_1od_x1.0,none,2,S0026,268.593,201,283.224
A_k4_1od_x1.0,none,2,S0026,268.593,202,274.207
A_k4_1od_x1.0,none,2,S0026,268.593,203,264.79
A_k4_1od_x1.0,none,2,S0026,268.593,204,276.408
A_k4_1od_x1.0,none,2,S0026,268.593,205,264.856
A_k4_1od_x1.0,none,3,S0021,266.551,201,255.514
A_k4_1od_x1.0,none,3,S0021,266.551,202,262.003
A_k4_1od_x1.0,none,3,S0021,266.551,203,267.999
A_k4_1od_x1.0,none,3,S0021,266.551,204,265.548
A_k4_1od_x1.0,none,3,S0021,266.551,205,261.675
A_k4_1od_x1.0,none,4,S0010,271.075,201,270.696
A_k4_1od_x1.0,none,4,S0010,271.075,202,268.764
A_k4_1od_x1.0,none,4,S0010,271.075,203,289.224
A_k4_1od_x1.0,none,4,S0010,271.075,204,276.494
A_k4_1od_x1.0,none,4,S0010,271.075,205,278.244
A_k4_1od_x1.0,none,5,S0008,267.71,201,282.939
A_k4_1od_x1.0,none,5,S0008,267.71,202,267.384
A_k4_1od_x1.0,none,5,S0008,267.71,203,270.379
A_k4_1od_x1.0,none,5,S0008,267.71,204,267.414
A_k4_1od_x1.0,none,5,S0008,267.71,205,271.664
A_k4_1od_x1.0,none,6,S0002,268.257,201,298.814
A_k4_1od_x1.0,none,6,S0002,268.257,202,269.929
A_k4_1od_x1.0,none,6,S0002,268.257,203,281.113
A_k4_1od_x1.0,none,6,S0002,268.257,204,292.868
A_k4_1od_x1.0,none,6,S0002,268.257,205,280.52
A_k4_1od_x1.0,none,7,S0009,272.302,201,274.385
A_k4_1od_x1.0,none,7,S0009,272.302,202,269.682
A_k4_1od_x1.0,none,7,S0009,272.302,203,280.931
A_k4_1od_x1.0,none,7,S0009,272.302,204,270.124
A_k4_1od_x1.0,none,7,S0009,272.302,205,273.906
A_k4_1od_x1.0,none,8,S0004,263.125,201,267.901
A_k4_1od_x1.0,none,8,S0004,263.125,202,263.169
A_k4_1od_x1.0,none,8,S0004,263.125,203,266.236
A_k4_1od_x1.0,none,8,S0004,263.125,204,279.535
A_k4_1od_x1.0,none,8,S0004,263.125,205,262.749
A_k4_1od_x1.0,none,9,S0000,270.247,201,291.821
A_k4_1od_x1.0,none,9,S0000,270.247,202,271.6
A_k4_1od_x1.0,none,9,S0000,270.247,203,283.125
A_k4_1od_x1.0,none,9,S0000,270.247,204,302.53
A_k4_1od_x1.0,none,9,S0000,270.247,205,271.05
A_k4_1od_x1.2,both,0,S0031,265.957,201,265.536
A_k4_1od_x1.2,both,0,S0031,265.957,202,263.36
A_k4_1od_x1.2,both,0,S0031,265.957,203,272.116
A_k4_1od_x1.2,both,0,S0031,265.957,204,269.804
A_k4_1od_x1.2,both,0,S0031,265.957,205,252.506
A_k4_1od_x1.2,both,1,S0028,264.299,201,259.962
A_k4_1od_x1.2,both,1,S0028,264.299,202,288.982
A_k4_1od_x1.2,both,1,S0028,264.299,203,280.986
A_k4_1od_x1.2,both,1,S0028,264.299,204,264.202
A_k4_1od_x1.2,both,1,S0028,264.299,205,273.365
A_k4_1od_x1.2,both,2,S0011,269.839,201,262.594
A_k4_1od_x1.2,both,2,S0011,269.839,202,261.598
A_k4_1od_x1.2,both,2,S0011,269.839,203,267.524
A_k4_1od_x1.2,both,2,S0011,269.839,204,264.048
A_k4_1od_x1.2,both,2,S0011,269.839,205,265.544
A_k4_1od_x1.2,both,3,S0029,270.19,201,249.802
A_k4_1od_x1.2,both,3,S0029,270.19,202,290.837
A_k4_1od_x1.2,both,3,S0029,270.19,203,283.41
A_k4_1od_x1.2,both,3,S0029,270.19,204,280.459
A_k4_1od_x1.2,both,3,S0029,270.19,205,265.467
A_k4_1od_x1.2,both,4,S0008,269.221,201,270.283
A_k4_1od_x1.2,both,4,S0008,269.221,202,263.634
A_k4_1od_x1.2,both,4,S0008,269.221,203,270.483
A_k4_1od_x1.2,both,4,S0008,269.221,204,280.425
A_k4_1od_x1.2,both,4,S0008,269.221,205,273.055
A_k4_1od_x1.2,both,5,S0001,270.247,201,291.821
A_k4_1od_x1.2,both,5,S0001,270.247,202,271.6
A_k4_1od_x1.2,both,5,S0001,270.247,203,283.125
A_k4_1od_x1.2,both,5,S0001,270.247,204,302.53
A_k4_1od_x1.2,both,5,S0001,270.247,205,271.05
A_k4_1od_x1.2,both,6,S0021,256.605,201,284.93
A_k4_1od_x1.2,both,6,S0021,256.605,202,271.471
A_k4_1od_x1.2,both,6,S0021,256.605,203,275.32
A_k4_1od_x1.2,both,6,S0021,256.605,204,272.811
A_k4_1od_x1.2,both,6,S0021,256.605,205,259.988
A_k4_1od_x1.2,both,7,S0019,267.196,201,276.273
A_k4_1od_x1.2,both,7,S0019,267.196,202,270.709
A_k4_1od_x1.2,both,7,S0019,267.196,203,285.991
A_k4_1od_x1.2,both,7,S0019,267.196,204,270.042
A_k4_1od_x1.2,both,7,S0019,267.196,205,283.744
A_k4_1od_x1.2,both,8,S0005,271.737,201,281.438
A_k4_1od_x1.2,both,8,S0005,271.737,202,281.817
A_k4_1od_x1.2,both,8,S0005,271.737,203,273.528
A_k4_1od_x1.2,both,8,S0005,271.737,204,280.444
A_k4_1od_x1.2,both,8,S0005,271.737,205,275.63
A_k4_1od_x1.2,both,9,S0009,274.851,201,285.311
A_k4_1od_x1.2,both,9,S0009,274.851,202,279.366
A_k4_1od_x1.2,both,9,S0009,274.851,203,276.122
A_k4_1od_x1.2,both,9,S0009,274.851,204,288.452
A_k4_1od_x1.2,both,9,S0009,274.851,205,270.785
A_k4_1od_x1.2,init,0,S0031,265.957,201,265.536
A_k4_1od_x1.2,init,0,S0031,265.957,202,263.36
A_k4_1od_x1.2,init,0,S0031,265.957,203,272.116
A_k4_1od_x1.2,init,0,S0031,265.957,204,269.804
A_k4_1od_x1.2,init,0,S0031,265.957,205,252.506
A_k4_1od_x1.2,init,1,S0002,280.974,201,289.185
A_k4_1od_x1.2,init,1,S0002,280.974,202,292.35
A_k4_1od_x1.2,init,1,S0002,280.974,203,298.078
A_k4_1od_x1.2,init,1,S0002,280.974,204,292.086
A_k4_1od_x1.2,init,1,S0002,280.974,205,291.259
A_k4_1od_x1.2,init,2,S0027,275.154,201,271.645
A_k4_1od_x1.2,init,2,S0027,275.154,202,283.413
A_k4_1od_x1.2,init,2,S0027,275.154,203,261.128
A_k4_1od_x1.2,init,2,S0027,275.154,204,274.327
A_k4_1od_x1.2,init,2,S0027,275.154,205,285.044
A_k4_1od_x1.2,init,3,S0000,275.613,201,281.333
A_k4_1od_x1.2,init,3,S0000,275.613,202,284.955
A_k4_1od_x1.2,init,3,S0000,275.613,203,291.039
A_k4_1od_x1.2,init,3,S0000,275.613,204,280.548
A_k4_1od_x1.2,init,3,S0000,275.613,205,289.061
A_k4_1od_x1.2,init,4,S0006,271.213,201,271.686
A_k4_1od_x1.2,init,4,S0006,271.213,202,260.833
A_k4_1od_x1.2,init,4,S0006,271.213,203,263.566
A_k4_1od_x1.2,init,4,S0006,271.213,204,280.571
A_k4_1od_x1.2,init,4,S0006,271.213,205,274.219
A_k4_1od_x1.2,init,5,S0013,273.253,201,274.17
A_k4_1od_x1.2,init,5,S0013,273.253,202,276.611
A_k4_1od_x1.2,init,5,S0013,273.253,203,259.634
A_k4_1od_x1.2,init,5,S0013,273.253,204,268.496
A_k4_1od_x1.2,init,5,S0013,273.253,205,273.435
A_k4_1od_x1.2,init,6,S0016,267.196,201,286.125
A_k4_1od_x1.2,init,6,S0016,267.196,202,289.727
A_k4_1od_x1.2,init,6,S0016,267.196,203,278.308
A_k4_1od_x1.2,init,6,S0016,267.196,204,282.557
A_k4_1od_x1.2,init,6,S0016,267.196,205,286.731
A_k4_1od_x1.2,init,7,S0030,275.692,201,273.826
A_k4_1od_x1.2,init,7,S0030,275.692,202,272.359
A_k4_1od_x1.2,init,7,S0030,275.692,203,279.922
A_k4_1od_x1.2,init,7,S0030,275.692,204,292.769
A_k4_1od_x1.2,init,7,S0030,275.692,205,277.559
A_k4_1od_x1.2,init,8,S0004,271.058,201,274.267
A_k4_1od_x1.2,init,8,S0004,271.058,202,266.666
A_k4_1od_x1.2,init,8,S0004,271.058,203,279.788
A_k4_1od_x1.2,init,8,S0004,271.058,204,286.552
A_k4_1od_x1.2,init,8,S0004,271.058,205,272.116
A_k4_1od_x1.2,init,9,S0026,271.999,201,273.081
A_k4_1od_x1.2,init,9,S0026,271.999,202,276.297
A_k4_1od_x1.2,init,9,S0026,271.999,203,260.471
A_k4_1od_x1.2,init,9,S0026,271.999,204,279.51
A_k4_1od_x1.2,init,9,S0026,271.999,205,272.907
A_k4_1od_x1.2,mutation,0,S0007,268.8,201,278.257
A_k4_1od_x1.2,mutation,0,S0007,268.8,202,270.208
A_k4_1od_x1.2,mutation,0,S0007,268.8,203,269.66
A_k4_1od_x1.2,mutation,0,S0007,268.8,204,280.646
A_k4_1od_x1.2,mutation,0,S0007,268.8,205,273.241
A_k4_1od_x1.2,mutation,1,S0020,275.645,201,290.328
A_k4_1od_x1.2,mutation,1,S0020,275.645,202,286.426
A_k4_1od_x1.2,mutation,1,S0020,275.645,203,279.409
A_k4_1od_x1.2,mutation,1,S0020,275.645,204,286.561
A_k4_1od_x1.2,mutation,1,S0020,275.645,205,269.356
A_k4_1od_x1.2,mutation,2,S0018,267.196,201,286.125
A_k4_1od_x1.2,mutation,2,S0018,267.196,202,289.727
A_k4_1od_x1.2,mutation,2,S0018,267.196,203,278.308
A_k4_1od_x1.2,mutation,2,S0018,267.196,204,282.557
A_k4_1od_x1.2,mutation,2,S0018,267.196,205,286.731
A_k4_1od_x1.2,mutation,3,S0023,266.551,201,255.514
A_k4_1od_x1.2,mutation,3,S0023,266.551,202,262.003
A_k4_1od_x1.2,mutation,3,S0023,266.551,203,267.999
A_k4_1od_x1.2,mutation,3,S0023,266.551,204,265.548
A_k4_1od_x1.2,mutation,3,S0023,266.551,205,261.675
A_k4_1od_x1.2,mutation,4,S0012,270.862,201,275.612
A_k4_1od_x1.2,mutation,4,S0012,270.862,202,267.115
A_k4_1od_x1.2,mutation,4,S0012,270.862,203,281.262
A_k4_1od_x1.2,mutation,4,S0012,270.862,204,268.582
A_k4_1od_x1.2,mutation,4,S0012,270.862,205,263.692
A_k4_1od_x1.2,mutation,5,S0024,267.601,201,277.628
A_k4_1od_x1.2,mutation,5,S0024,267.601,202,297.078
A_k4_1od_x1.2,mutation,5,S0024,267.601,203,263.151
A_k4_1od_x1.2,mutation,5,S0024,267.601,204,270.767
A_k4_1od_x1.2,mutation,5,S0024,267.601,205,261.169
A_k4_1od_x1.2,mutation,6,S0017,269.986,201,288.446
A_k4_1od_x1.2,mutation,6,S0017,269.986,202,284.732
A_k4_1od_x1.2,mutation,6,S0017,269.986,203,293.636
A_k4_1od_x1.2,mutation,6,S0017,269.986,204,292.027
A_k4_1od_x1.2,mutation,6,S0017,269.986,205,272.022
A_k4_1od_x1.2,mutation,7,S0015,267.937,201,278.275
A_k4_1od_x1.2,mutation,7,S0015,267.937,202,260.442
A_k4_1od_x1.2,mutation,7,S0015,267.937,203,271.977
A_k4_1od_x1.2,mutation,7,S0015,267.937,204,288.162
A_k4_1od_x1.2,mutation,7,S0015,267.937,205,269.147
A_k4_1od_x1.2,mutation,8,S0034,252.58,201,261.386
A_k4_1od_x1.2,mutation,8,S0034,252.58,202,238.099
A_k4_1od_x1.2,mutation,8,S0034,252.58,203,255.752
A_k4_1od_x1.2,mutation,8,S0034,252.58,204,280.889
A_k4_1od_x1.2,mutation,8,S0034,252.58,205,260.981
A_k4_1od_x1.2,mutation,9,S0003,275.763,201,278.94
A_k4_1od_x1.2,mutation,9,S0003,275.763,202,274.798
A_k4_1od_x1.2,mutation,9,S0003,275.763,203,292.184
A_k4_1od_x1.2,mutation,9,S0003,275.763,204,303.816
A_k4_1od_x1.2,mutation,9,S0003,275.763,205,279.456
A_k4_1od_x1.2,none,0,S0010,277.436,201,275.317
A_k4_1od_x1.2,none,0,S0010,277.436,202,291.545
A_k4_1od_x1.2,none,0,S0010,277.436,203,265.971
A_k4_1od_x1.2,none,0,S0010,277.436,204,279.37
A_k4_1od_x1.2,none,0,S0010,277.436,205,291.096
A_k4_1od_x1.2,none,1,S0025,275.691,201,268.969
A_k4_1od_x1.2,none,1,S0025,275.691,202,275.567
A_k4_1od_x1.2,none,1,S0025,275.691,203,295.119
A_k4_1od_x1.2,none,1,S0025,275.691,204,268.658
A_k4_1od_x1.2,none,1,S0025,275.691,205,280.586
A_k4_1od_x1.2,none,2,S0022,273.008,201,284.659
A_k4_1od_x1.2,none,2,S0022,273.008,202,275.826
A_k4_1od_x1.2,none,2,S0022,273.008,203,300.691
A_k4_1od_x1.2,none,2,S0022,273.008,204,277.427
A_k4_1od_x1.2,none,2,S0022,273.008,205,281.31
A_k4_1od_x1.2,none,3,S0023,266.551,201,255.514
A_k4_1od_x1.2,none,3,S0023,266.551,202,262.003
A_k4_1od_x1.2,none,3,S0023,266.551,203,267.999
A_k4_1od_x1.2,none,3,S0023,266.551,204,265.548
A_k4_1od_x1.2,none,3,S0023,266.551,205,261.675
A_k4_1od_x1.2,none,4,S0036,276.188,201,287.694
A_k4_1od_x1.2,none,4,S0036,276.188,202,277.651
A_k4_1od_x1.2,none,4,S0036,276.188,203,281.657
A_k4_1od_x1.2,none,4,S0036,276.188,204,294.711
A_k4_1od_x1.2,none,4,S0036,276.188,205,256.112
A_k4_1od_x1.2,none,5,S0033,272.725,201,283.289
A_k4_1od_x1.2,none,5,S0033,272.725,202,267.078
A_k4_1od_x1.2,none,5,S0033,272.725,203,289.193
A_k4_1od_x1.2,none,5,S0033,272.725,204,264.39
A_k4_1od_x1.2,none,5,S0033,272.725,205,270.7
A_k4_1od_x1.2,none,6,S0014,262.599,201,276.826
A_k4_1od_x1.2,none,6,S0014,262.599,202,276.632
A_k4_1od_x1.2,none,6,S0014,262.599,203,290.202
A_k4_1od_x1.2,none,6,S0014,262.599,204,269.343
A_k4_1od_x1.2,none,6,S0014,262.599,205,289.064
A_k4_1od_x1.2,none,7,S0037,264.149,201,281.965
A_k4_1od_x1.2,none,7,S0037,264.149,202,256.526
A_k4_1od_x1.2,none,7,S0037,264.149,203,281.806
A_k4_1od_x1.2,none,7,S0037,264.149,204,287.171
A_k4_1od_x1.2,none,7,S0037,264.149,205,277.779
A_k4_1od_x1.2,none,8,S0032,275.518,201,269.603
A_k4_1od_x1.2,none,8,S0032,275.518,202,277.366
A_k4_1od_x1.2,none,8,S0032,275.518,203,258.284
A_k4_1od_x1.2,none,8,S0032,275.518,204,271.252
A_k4_1od_x1.2,none,8,S0032,275.518,205,277.734
A_k4_1od_x1.2,none,9,S0035,276.771,201,292.384
A_k4_1od_x1.2,none,9,S0035,276.771,202,295.067
A_k4_1od_x1.2,none,9,S0035,276.771,203,292.432
A_k4_1od_x1.2,none,9,S0035,276.771,204,287.204
A_k4_1od_x1.2,none,9,S0035,276.771,205,284.198
A_k4_2od_x0.8,both,0,S0006,195.8525,201,209.875
A_k4_2od_x0.8,both,0,S0006,195.8525,202,201.99625
A_k4_2od_x0.8,both,0,S0006,195.8525,203,195.01125
A_k4_2od_x0.8,both,0,S0006,195.8525,204,202.99125
A_k4_2od_x0.8,both,0,S0006,195.8525,205,199.6375
A_k4_2od_x0.8,both,1,S0001,195.38125,201,193.8075
A_k4_2od_x0.8,both,1,S0001,195.38125,202,196.30375
A_k4_2od_x0.8,both,1,S0001,195.38125,203,197.595
A_k4_2od_x0.8,both,1,S0001,195.38125,204,203.57
A_k4_2od_x0.8,both,1,S0001,195.38125,205,200.41375
A_k4_2od_x0.8,both,2,S0002,197.12125,201,200.4625
A_k4_2od_x0.8,both,2,S0002,197.12125,202,215.34125
A_k4_2od_x0.8,both,2,S0002,197.12125,203,200.66125
A_k4_2od_x0.8,both,2,S0002,197.12125,204,207.9
A_k4_2od_x0.8,both,2,S0002,197.12125,205,204.265
A_k4_2od_x0.8,both,3,S0022,198.29375,201,205.845
A_k4_2od_x0.8,both,3,S0022,198.29375,202,208.485
A_k4_2od_x0.8,both,3,S0022,198.29375,203,200.48625
A_k4_2od_x0.8,both,3,S0022,198.29375,204,213.285
A_k4_2od_x0.8,both,3,S0022,198.29375,205,197.32875
A_k4_2od_x0.8,both,4,S0005,197.29375,201,202.5675
A_k4_2od_x0.8,both,4,S0005,197.29375,202,211.61875
A_k4_2od_x0.8,both,4,S0005,197.29375,203,204.72125
A_k4_2od_x0.8,both,4,S0005,197.29375,204,204.0625
A_k4_2od_x0.8,both,4,S0005,197.29375,205,204.87
A_k4_2od_x0.8,both,5,S0011,196.14375,201,196.89
A_k4_2od_x0.8,both,5,S0011,196.14375,202,201.735
A_k4_2od_x0.8,both,5,S0011,196.14375,203,205.91625
A_k4_2od_x0.8,both,5,S0011,196.14375,204,202.35875
A_k4_2od_x0.8,both,5,S0011,196.14375,205,203.79
A_k4_2od_x0.8,both,6,S0024,198.68375,201,223.98375
A_k4_2od_x0.8,both,6,S0024,198.68375,202,210.4075
A_k4_2od_x0.8,both,6,S0024,198.68375,203,210.8475
A_k4_2od_x0.8,both,6,S0024,198.68375,204,209.29875
A_k4_2od_x0.8,both,6,S0024,198.68375,205,198.56125
A_k4_2od_x0.8,both,7,S0018,196.65875,201,205.28875
A_k4_2od_x0.8,both,7,S0018,196.65875,202,203.95875
A_k4_2od_x0.8,both,7,S0018,196.65875,203,209.32875
A_k4_2od_x0.8,both,7,S0018,196.65875,204,196.88
A_k4_2od_x0.8,both,7,S0018,196.65875,205,204.8725
A_k4_2od_x0.8,both,8,S0012,193.76375,201,202.86
A_k4_2od_x0.8,both,8,S0012,193.76375,202,208.2525
A_k4_2od_x0.8,both,8,S0012,193.76375,203,214.8225
A_k4_2od_x0.8,both,8,S0012,193.76375,204,214.82875
A_k4_2od_x0.8,both,8,S0012,193.76375,205,215.0125
A_k4_2od_x0.8,both,9,S0025,197.47625,201,223.98375
A_k4_2od_x0.8,both,9,S0025,197.47625,202,208.05125
A_k4_2od_x0.8,both,9,S0025,197.47625,203,215.87875
A_k4_2od_x0.8,both,9,S0025,197.47625,204,210.68875
A_k4_2od_x0.8,both,9,S0025,197.47625,205,197.8825
A_k4_2od_x0.8,init,0,S0012,193.76375,201,202.86
A_k4_2od_x0.8,init,0,S0012,193.76375,202,208.2525
A_k4_2od_x0.8,init,0,S0012,193.76375,203,214.8225
A_k4_2od_x0.8,init,0,S0012,193.76375,204,214.82875
A_k4_2od_x0.8,init,0,S0012,193.76375,205,215.0125
A_k4_2od_x0.8,init,1,S0012,193.76375,201,202.86
A_k4_2od_x0.8,init,1,S0012,193.76375,202,208.2525
A_k4_2od_x0.8,init,1,S0012,193.76375,203,214.8225
A_k4_2od_x0.8,init,1,S0012,193.76375,204,214.82875
A_k4_2od_x0.8,init,1,S0012,193.76375,205,215.0125
A_k4_2od_x0.8,init,2,S0002,197.12125,201,200.4625
A_k4_2od_x0.8,init,2,S0002,197.12125,202,215.34125
A_k4_2od_x0.8,init,2,S0002,197.12125,203,200.66125
A_k4_2od_x0.8,init,2,S0002,197.12125,204,207.9
A_k4_2od_x0.8,init,2,S0002,197.12125,205,204.265
A_k4_2od_x0.8,init,3,S0020,198.29375,201,205.845
A_k4_2od_x0.8,init,3,S0020,198.29375,202,208.485
A_k4_2od_x0.8,init,3,S0020,198.29375,203,207.55875
A_k4_2od_x0.8,init,3,S0020,198.29375,204,212.755
A_k4_2od_x0.8,init,3,S0020,198.29375,205,197.32875
A_k4_2od_x0.8,init,4,S0005,197.29375,201,202.5675
A_k4_2od_x0.8,init,4,S0005,197.29375,202,211.61875
A_k4_2od_x0.8,init,4,S0005,197.29375,203,204.72125
A_k4_2od_x0.8,init,4,S0005,197.29375,204,204.0625
A_k4_2od_x0.8,init,4,S0005,197.29375,205,204.87
A_k4_2od_x0.8,init,5,S0021,198.69875,201,223.98375
A_k4_2od_x0.8,init,5,S0021,198.69875,202,208.05125
A_k4_2od_x0.8,init,5,S0021,198.69875,203,215.87875
A_k4_2od_x0.8,init,5,S0021,198.69875,204,209.1825
A_k4_2od_x0.8,init,5,S0021,198.69875,205,197.8825
A_k4_2od_x0.8,init,6,S0014,197.75375,201,209.78375
A_k4_2od_x0.8,init,6,S0014,197.75375,202,209.22375
A_k4_2od_x0.8,init,6,S0014,197.75375,203,201.85375
A_k4_2od_x0.8,init,6,S0014,197.75375,204,194.89375
A_k4_2od_x0.8,init,6,S0014,197.75375,205,203.645
A_k4_2od_x0.8,init,7,S0017,198.52375,201,199.94375
A_k4_2od_x0.8,init,7,S0017,198.52375,202,204.2575
A_k4_2od_x0.8,init,7,S0017,198.52375,203,203.36
A_k4_2od_x0.8,init,7,S0017,198.52375,204,202.72375
A_k4_2od_x0.8,init,7,S0017,198.52375,205,198.21875
A_k4_2od_x0.8,init,8,S0013,204.9075,201,220.74125
A_k4_2od_x0.8,init,8,S0013,204.9075,202,223.2475
A_k4_2od_x0.8,init,8,S0013,204.9075,203,210.915
A_k4_2od_x0.8,init,8,S0013,204.9075,204,215.0775
A_k4_2od_x0.8,init,8,S0013,204.9075,205,222.38875
A_k4_2od_x0.8,init,9,S0019,190.63625,201,201.56
A_k4_2od_x0.8,init,9,S0019,190.63625,202,186.83375
A_k4_2od_x0.8,init,9,S0019,190.63625,203,195.47375
A_k4_2od_x0.8,init,9,S0019,190.63625,204,196.67375
A_k4_2od_x0.8,init,9,S0019,190.63625,205,189.4425
A_k4_2od_x0.8,mutation,0,S0019,190.63625,201,201.56
A_k4_2od_x0.8,mutation,0,S0019,190.63625,202,186.83375
A_k4_2od_x0.8,mutation,0,S0019,190.63625,203,195.47375
A_k4_2od_x0.8,mutation,0,S0019,190.63625,204,196.67375
A_k4_2od_x0.8,mutation,0,S0019,190.63625,205,189.4425
A_k4_2od_x0.8,mutation,1,S0025,197.47625,201,223.98375
A_k4_2od_x0.8,mutation,1,S0025,197.47625,202,208.05125
A_k4_2od_x0.8,mutation,1,S0025,197.47625,203,215.87875
A_k4_2od_x0.8,mutation,1,S0025,197.47625,204,210.68875
A_k4_2od_x0.8,mutation,1,S0025,197.47625,205,197.8825
A_k4_2od_x0.8,mutation,2,S0003,197.12125,201,200.4625
A_k4_2od_x0.8,mutation,2,S0003,197.12125,202,214.9425
A_k4_2od_x0.8,mutation,2,S0003,197.12125,203,200.66125
A_k4_2od_x0.8,mutation,2,S0003,197.12125,204,207.59375
A_k4_2od_x0.8,mutation,2,S0003,197.12125,205,204.265
A_k4_2od_x0.8,mutation,3,S0005,197.29375,201,202.5675
A_k4_2od_x0.8,mutation,3,S0005,197.29375,202,211.61875
A_k4_2od_x0.8,mutation,3,S0005,197.29375,203,204.72125
A_k4_2od_x0.8,mutation,3,S0005,197.29375,204,204.0625
A_k4_2od_x0.8,mutation,3,S0005,197.29375,205,204.87
A_k4_2od_x0.8,mutation,4,S0009,196.32625,201,209.43125
A_k4_2od_x0.8,mutation,4,S0009,196.32625,202,196.7025
A_k4_2od_x0.8,mutation,4,S0009,196.32625,203,212.42
A_k4_2od_x0.8,mutation,4,S0009,196.32625,204,216.575
A_k4_2od_x0.8,mutation,4,S0009,196.32625,205,200.77375
A_k4_2od_x0.8,mutation,5,S0008,197.96625,201,189.4175
A_k4_2od_x0.8,mutation,5,S0008,197.96625,202,206.20875
A_k4_2od_x0.8,mutation,5,S0008,197.96625,203,192.05625
A_k4_2od_x0.8,mutation,5,S0008,197.96625,204,196.97875
A_k4_2od_x0.8,mutation,5,S0008,197.96625,205,192.05375
A_k4_2od_x0.8,mutation,6,S0010,195.81125,201,208.39125
A_k4_2od_x0.8,mutation,6,S0010,195.81125,202,202.67
A_k4_2od_x0.8,mutation,6,S0010,195.81125,203,212.19375
A_k4_2od_x0.8,mutation,6,S0010,195.81125,204,208.63125
A_k4_2od_x0.8,mutation,6,S0010,195.81125,205,201.6
A_k4_2od_x0.8,mutation,7,S0000,196.4175,201,207.40375
A_k4_2od_x0.8,mutation,7,S0000,196.4175,202,199.465
A_k4_2od_x0.8,mutation,7,S0000,196.4175,203,203.33125
A_k4_2od_x0.8,mutation,7,S0000,196.4175,204,201.4925
A_k4_2od_x0.8,mutation,7,S0000,196.4175,205,205.71375
A_k4_2od_x0.8,mutation,8,S0012,193.76375,201,202.86
A_k4_2od_x0.8,mutation,8,S0012,193.76375,202,208.2525
A_k4_2od_x0.8,mutation,8,S0012,193.76375,203,214.8225
A_k4_2od_x0.8,mutation,8,S0012,193.76375,204,214.82875
A_k4_2od_x0.8,mutation,8,S0012,193.76375,205,215.0125
A_k4_2od_x0.8,mutation,9,S0016,200.91625,201,208.88
A_k4_2od_x0.8,mutation,9,S0016,200.91625,202,208.28625
A_k4_2od_x0.8,mutation,9,S0016,200.91625,203,218.82875
A_k4_2od_x0.8,mutation,9,S0016,200.91625,204,204.1475
A_k4_2od_x0.8,mutation,9,S0016,200.91625,205,212.51
A_k4_2od_x0.8,none,0,S0015,198.68375,201,223.98375
A_k4_2od_x0.8,none,0,S0015,198.68375,202,210.4075
A_k4_2od_x0.8,none,0,S0015,198.68375,203,210.8475
A_k4_2od_x0.8,none,0,S0015,198.68375,204,209.29875
A_k4_2od_x0.8,none,0,S0015,198.68375,205,198.56125
A_k4_2od_x0.8,none,1,S0014,197.75375,201,209.78375
A_k4_2od_x0.8,none,1,S0014,197.75375,202,209.22375
A_k4_2od_x0.8,none,1,S0014,197.75375,203,201.85375
A_k4_2od_x0.8,none,1,S0014,197.75375,204,194.89375
A_k4_2od_x0.8,none,1,S0014,197.75375,205,203.645
A_k4_2od_x0.8,none,2,S0004,197.12125,201,200.4625
A_k4_2od_x0.8,none,2,S0004,197.12125,202,214.9425
A_k4_2od_x0.8,none,2,S0004,197.12125,203,200.66125
A_k4_2od_x0.8,none,2,S0004,197.12125,204,207.59375
A_k4_2od_x0.8,none,2,S0004,197.12125,205,204.265
A_k4_2od_x0.8,none,3,S0017,198.52375,201,199.94375
A_k4_2od_x0.8,none,3,S0017,198.52375,202,204.2575
A_k4_2od_x0.8,none,3,S0017,198.52375,203,203.36
A_k4_2od_x0.8,none,3,S0017,198.52375,204,202.72375
A_k4_2od_x0.8,none,3,S0017,198.52375,205,198.21875
A_k4_2od_x0.8,none,4,S0022,198.29375,201,205.845
A_k4_2od_x0.8,none,4,S0022,198.29375,202,208.485
A_k4_2od_x0.8,none,4,S0022,198.29375,203,200.48625
A_k4_2od_x0.8,none,4,S0022,198.29375,204,213.285
A_k4_2od_x0.8,none,4,S0022,198.29375,205,197.32875
A_k4_2od_x0.8,none,5,S0011,196.14375,201,196.89
A_k4_2od_x0.8,none,5,S0011,196.14375,202,201.735
A_k4_2od_x0.8,none,5,S0011,196.14375,203,205.91625
A_k4_2od_x0.8,none,5,S0011,196.14375,204,202.35875
A_k4_2od_x0.8,none,5,S0011,196.14375,205,203.79
A_k4_2od_x0.8,none,6,S0007,197.75375,201,209.78375
A_k4_2od_x0.8,none,6,S0007,197.75375,202,209.22375
A_k4_2od_x0.8,none,6,S0007,197.75375,203,201.85375
A_k4_2od_x0.8,none,6,S0007,197.75375,204,194.89375
A_k4_2od_x0.8,none,6,S0007,197.75375,205,203.645
A_k4_2od_x0.8,none,7,S0018,196.65875,201,205.28875
A_k4_2od_x0.8,none,7,S0018,196.65875,202,203.95875
A_k4_2od_x0.8,none,7,S0018,196.65875,203,209.32875
A_k4_2od_x0.8,none,7,S0018,196.65875,204,196.88
A_k4_2od_x0.8,none,7,S0018,196.65875,205,204.8725
A_k4_2od_x0.8,none,8,S0023,192.9725,201,209.45625
A_k4_2od_x0.8,none,8,S0023,192.9725,202,205.61125
A_k4_2od_x0.8,none,8,S0023,192.9725,203,210.905
A_k4_2od_x0.8,none,8,S0023,192.9725,204,196.04375
A_k4_2od_x0.8,none,8,S0023,192.9725,205,194.76375
A_k4_2od_x0.8,none,9,S0011,196.14375,201,196.89
A_k4_2od_x0.8,none,9,S0011,196.14375,202,201.735
A_k4_2od_x0.8,none,9,S0011,196.14375,203,205.91625
A_k4_2od_x0.8,none,9,S0011,196.14375,204,202.35875
A_k4_2od_x0.8,none,9,S0011,196.14375,205,203.79
A_k4_2od_x1.0,both,0,S0001,252.321,201,254.562
A_k4_2od_x1.0,both,0,S0001,252.321,202,262.905
A_k4_2od_x1.0,both,0,S0001,252.321,203,268.301
A_k4_2od_x1.0,both,0,S0001,252.321,204,257.144
A_k4_2od_x1.0,both,0,S0001,252.321,205,276.74
A_k4_2od_x1.0,both,1,S0006,219.092,201,243.563
A_k4_2od_x1.0,both,1,S0006,219.092,202,237.585
A_k4_2od_x1.0,both,1,S0006,219.092,203,230.131
A_k4_2od_x1.0,both,1,S0006,219.092,204,245.679
A_k4_2od_x1.0,both,1,S0006,219.092,205,243.429
A_k4_2od_x1.0,both,2,S0009,224.741,201,232.727
A_k4_2od_x1.0,both,2,S0009,224.741,202,233.018
A_k4_2od_x1.0,both,2,S0009,224.741,203,247.752
A_k4_2od_x1.0,both,2,S0009,224.741,204,250.673
A_k4_2od_x1.0,both,2,S0009,224.741,205,243.006
A_k4_2od_x1.0,both,3,S0016,236.291,201,244.406
A_k4_2od_x1.0,both,3,S0016,236.291,202,303.521
A_k4_2od_x1.0,both,3,S0016,236.291,203,244.874
A_k4_2od_x1.0,both,3,S0016,236.291,204,263.953
A_k4_2od_x1.0,both,3,S0016,236.291,205,247.945
A_k4_2od_x1.0,both,4,S0019,236.081,201,302.87
A_k4_2od_x1.0,both,4,S0019,236.081,202,337.744
A_k4_2od_x1.0,both,4,S0019,236.081,203,320.427
A_k4_2od_x1.0,both,4,S0019,236.081,204,286.455
A_k4_2od_x1.0,both,4,S0019,236.081,205,292.016
A_k4_2od_x1.0,both,5,S0009,224.741,201,232.727
A_k4_2od_x1.0,both,5,S0009,224.741,202,233.018
A_k4_2od_x1.0,both,5,S0009,224.741,203,247.752
A_k4_2od_x1.0,both,5,S0009,224.741,204,250.673
A_k4_2od_x1.0,both,5,S0009,224.741,205,243.006
A_k4_2od_x1.0,both,6,S0018,241.379,201,243.326
A_k4_2od_x1.0,both,6,S0018,241.379,202,247.275
A_k4_2od_x1.0,both,6,S0018,241.379,203,255.341
A_k4_2od_x1.0,both,6,S0018,241.379,204,256.937
A_k4_2od_x1.0,both,6,S0018,241.379,205,232.981
A_k4_2od_x1.0,both,7,S0014,233.279,201,248.093
A_k4_2od_x1.0,both,7,S0014,233.279,202,241.364
A_k4_2od_x1.0,both,7,S0014,233.279,203,253.681
A_k4_2od_x1.0,both,7,S0014,233.279,204,265.902
A_k4_2od_x1.0,both,7,S0014,233.279,205,253.659
A_k4_2od_x1.0,both,8,S0009,224.741,201,232.727
A_k4_2od_x1.0,both,8,S0009,224.741,202,233.018
A_k4_2od_x1.0,both,8,S0009,224.741,203,247.752
A_k4_2od_x1.0,both,8,S0009,224.741,204,250.673
A_k4_2od_x1.0,both,8,S0009,224.741,205,243.006
A_k4_2od_x1.0,both,9,S0018,241.379,201,243.326
A_k4_2od_x1.0,both,9,S0018,241.379,202,247.275
A_k4_2od_x1.0,both,9,S0018,241.379,203,255.341
A_k4_2od_x1.0,both,9,S0018,241.379,204,256.937
A_k4_2od_x1.0,both,9,S0018,241.379,205,232.981
A_k4_2od_x1.0,init,0,S0012,232.019,201,240.876
A_k4_2od_x1.0,init,0,S0012,232.019,202,237.889
A_k4_2od_x1.0,init,0,S0012,232.019,203,236.117
A_k4_2od_x1.0,init,0,S0012,232.019,204,234.282
A_k4_2od_x1.0,init,0,S0012,232.019,205,242.717
A_k4_2od_x1.0,init,1,S0011,244.263,201,256.46
A_k4_2od_x1.0,init,1,S0011,244.263,202,307.7
A_k4_2od_x1.0,init,1,S0011,244.263,203,247.191
A_k4_2od_x1.0,init,1,S0011,244.263,204,256.436
A_k4_2od_x1.0,init,1,S0011,244.263,205,265.784
A_k4_2od_x1.0,init,2,S0005,251.549,201,260.782
A_k4_2od_x1.0,init,2,S0005,251.549,202,268.944
A_k4_2od_x1.0,init,2,S0005,251.549,203,262.277
A_k4_2od_x1.0,init,2,S0005,251.549,204,241.731
A_k4_2od_x1.0,init,2,S0005,251.549,205,249.86
A_k4_2od_x1.0,init,3,S0003,245.811,201,260.613
A_k4_2od_x1.0,init,3,S0003,245.811,202,283.134
A_k4_2od_x1.0,init,3,S0003,245.811,203,255.67
A_k4_2od_x1.0,init,3,S0003,245.811,204,251.481
A_k4_2od_x1.0,init,3,S0003,245.811,205,275.841
A_k4_2od_x1.0,init,4,S0010,252.02,201,270.013
A_k4_2od_x1.0,init,4,S0010,252.02,202,265.091
A_k4_2od_x1.0,init,4,S0010,252.02,203,267.825
A_k4_2od_x1.0,init,4,S0010,252.02,204,256.696
A_k4_2od_x1.0,init,4,S0010,252.02,205,264.694
A_k4_2od_x1.0,init,5,S0019,236.081,201,302.87
A_k4_2od_x1.0,init,5,S0019,236.081,202,337.744
A_k4_2od_x1.0,init,5,S0019,236.081,203,320.427
A_k4_2od_x1.0,init,5,S0019,236.081,204,286.455
A_k4_2od_x1.0,init,5,S0019,236.081,205,292.016
A_k4_2od_x1.0,init,6,S0009,224.741,201,232.727
A_k4_2od_x1.0,init,6,S0009,224.741,202,233.018
A_k4_2od_x1.0,init,6,S0009,224.741,203,247.752
A_k4_2od_x1.0,init,6,S0009,224.741,204,250.673
A_k4_2od_x1.0,init,6,S0009,224.741,205,243.006
A_k4_2od_x1.0,init,7,S0004,230.234,201,235.352
A_k4_2od_x1.0,init,7,S0004,230.234,202,253.698
A_k4_2od_x1.0,init,7,S0004,230.234,203,237.018
A_k4_2od_x1.0,init,7,S0004,230.234,204,240.988
A_k4_2od_x1.0,init,7,S0004,230.234,205,251.542
A_k4_2od_x1.0,init,8,S0016,236.291,201,244.406
A_k4_2od_x1.0,init,8,S0016,236.291,202,303.521
A_k4_2od_x1.0,init,8,S0016,236.291,203,244.874
A_k4_2od_x1.0,init,8,S0016,236.291,204,263.953
A_k4_2od_x1.0,init,8,S0016,236.291,205,247.945
A_k4_2od_x1.0,init,9,S0004,230.234,201,235.352
A_k4_2od_x1.0,init,9,S0004,230.234,202,253.698
A_k4_2od_x1.0,init,9,S0004,230.234,203,237.018
A_k4_2od_x1.0,init,9,S0004,230.234,204,240.988
A_k4_2od_x1.0,init,9,S0004,230.234,205,251.542
A_k4_2od_x1.0,mutation,0,S0019,236.081,201,302.87
A_k4_2od_x1.0,mutation,0,S0019,236.081,202,337.744
A_k4_2od_x1.0,mutation,0,S0019,236.081,203,320.427
A_k4_2od_x1.0,mutation,0,S0019,236.081,204,286.455
A_k4_2od_x1.0,mutation,0,S0019,236.081,205,292.016
A_k4_2od_x1.0,mutation,1,S0022,243.008,201,305.965
A_k4_2od_x1.0,mutation,1,S0022,243.008,202,264.121
A_k4_2od_x1.0,mutation,1,S0022,243.008,203,307.762
A_k4_2od_x1.0,mutation,1,S0022,243.008,204,280.538
A_k4_2od_x1.0,mutation,1,S0022,243.008,205,268.92
A_k4_2od_x1.0,mutation,2,S0021,243.33,201,291.457
A_k4_2od_x1.0,mutation,2,S0021,243.33,202,264.121
A_k4_2od_x1.0,mutation,2,S0021,243.33,203,304.38
A_k4_2od_x1.0,mutation,2,S0021,243.33,204,280.538
A_k4_2od_x1.0,mutation,2,S0021,243.33,205,269.414
A_k4_2od_x1.0,mutation,3,S0000,247.993,201,292.755
A_k4_2od_x1.0,mutation,3,S0000,247.993,202,251.365
A_k4_2od_x1.0,mutation,3,S0000,247.993,203,257.301
A_k4_2od_x1.0,mutation,3,S0000,247.993,204,237.115
A_k4_2od_x1.0,mutation,3,S0000,247.993,205,254.472
A_k4_2od_x1.0,mutation,4,S0012,232.019,201,240.876
A_k4_2od_x1.0,mutation,4,S0012,232.019,202,237.889
A_k4_2od_x1.0,mutation,4,S0012,232.019,203,236.117
A_k4_2od_x1.0,mutation,4,S0012,232.019,204,234.282
A_k4_2od_x1.0,mutation,4,S0012,232.019,205,242.717
A_k4_2od_x1.0,mutation,5,S0017,241.169,201,242.213
A_k4_2od_x1.0,mutation,5,S0017,241.169,202,234.287
A_k4_2od_x1.0,mutation,5,S0017,241.169,203,246.357
A_k4_2od_x1.0,mutation,5,S0017,241.169,204,242.512
A_k4_2od_x1.0,mutation,5,S0017,241.169,205,243.831
A_k4_2od_x1.0,mutation,6,S0015,246.577,201,254.374
A_k4_2od_x1.0,mutation,6,S0015,246.577,202,244.089
A_k4_2od_x1.0,mutation,6,S0015,246.577,203,247.921
A_k4_2od_x1.0,mutation,6,S0015,246.577,204,254.124
A_k4_2od_x1.0,mutation,6,S0015,246.577,205,266.0
A_k4_2od_x1.0,mutation,7,S0019,236.081,201,302.87
A_k4_2od_x1.0,mutation,7,S0019,236.081,202,337.744
A_k4_2od_x1.0,mutation,7,S0019,236.081,203,320.427
A_k4_2od_x1.0,mutation,7,S0019,236.081,204,286.455
A_k4_2od_x1.0,mutation,7,S0019,236.081,205,292.016
A_k4_2od_x1.0,mutation,8,S0019,236.081,201,302.87
A_k4_2od_x1.0,mutation,8,S0019,236.081,202,337.744
A_k4_2od_x1.0,mutation,8,S0019,236.081,203,320.427
A_k4_2od_x1.0,mutation,8,S0019,236.081,204,286.455
A_k4_2od_x1.0,mutation,8,S0019,236.081,205,292.016
A_k4_2od_x1.0,mutation,9,S0016,236.291,201,244.406
A_k4_2od_x1.0,mutation,9,S0016,236.291,202,303.521
A_k4_2od_x1.0,mutation,9,S0016,236.291,203,244.874
A_k4_2od_x1.0,mutation,9,S0016,236.291,204,263.953
A_k4_2od_x1.0,mutation,9,S0016,236.291,205,247.945
A_k4_2od_x1.0,none,0,S0009,224.741,201,232.727
A_k4_2od_x1.0,none,0,S0009,224.741,202,233.018
A_k4_2od_x1.0,none,0,S0009,224.741,203,247.752
A_k4_2od_x1.0,none,0,S0009,224.741,204,250.673
A_k4_2od_x1.0,none,0,S0009,224.741,205,243.006
A_k4_2od_x1.0,none,1,S0002,252.982,201,293.171
A_k4_2od_x1.0,none,1,S0002,252.982,202,284.235
A_k4_2od_x1.0,none,1,S0002,252.982,203,293.725
A_k4_2od_x1.0,none,1,S0002,252.982,204,270.686
A_k4_2od_x1.0,none,1,S0002,252.982,205,291.294
A_k4_2od_x1.0,none,2,S0010,252.02,201,270.013
A_k4_2od_x1.0,none,2,S0010,252.02,202,265.091
A_k4_2od_x1.0,none,2,S0010,252.02,203,267.825
A_k4_2od_x1.0,none,2,S0010,252.02,204,256.696
A_k4_2od_x1.0,none,2,S0010,252.02,205,264.694
A_k4_2od_x1.0,none,3,S0014,233.279,201,248.093
A_k4_2od_x1.0,none,3,S0014,233.279,202,241.364
A_k4_2od_x1.0,none,3,S0014,233.279,203,253.681
A_k4_2od_x1.0,none,3,S0014,233.279,204,265.902
A_k4_2od_x1.0,none,3,S0014,233.279,205,253.659
A_k4_2od_x1.0,none,4,S0007,246.375,201,249.846
A_k4_2od_x1.0,none,4,S0007,246.375,202,251.987
A_k4_2od_x1.0,none,4,S0007,246.375,203,262.659
A_k4_2od_x1.0,none,4,S0007,246.375,204,255.852
A_k4_2od_x1.0,none,4,S0007,246.375,205,243.577
A_k4_2od_x1.0,none,5,S0020,257.556,201,274.265
A_k4_2od_x1.0,none,5,S0020,257.556,202,274.019
A_k4_2od_x1.0,none,5,S0020,257.556,203,280.55
A_k4_2od_x1.0,none,5,S0020,257.556,204,275.467
A_k4_2od_x1.0,none,5,S0020,257.556,205,264.769
A_k4_2od_x1.0,none,6,S0012,232.019,201,240.876
A_k4_2od_x1.0,none,6,S0012,232.019,202,237.889
A_k4_2od_x1.0,none,6,S0012,232.019,203,236.117
A_k4_2od_x1.0,none,6,S0012,232.019,204,234.282
A_k4_2od_x1.0,none,6,S0012,232.019,205,242.717
A_k4_2od_x1.0,none,7,S0013,256.06,201,263.264
A_k4_2od_x1.0,none,7,S0013,256.06,202,262.529
A_k4_2od_x1.0,none,7,S0013,256.06,203,255.484
A_k4_2od_x1.0,none,7,S0013,256.06,204,252.127
A_k4_2od_x1.0,none,7,S0013,256.06,205,267.575
A_k4_2od_x1.0,none,8,S0014,233.279,201,248.093
A_k4_2od_x1.0,none,8,S0014,233.279,202,241.364
A_k4_2od_x1.0,none,8,S0014,233.279,203,253.681
A_k4_2od_x1.0,none,8,S0014,233.279,204,265.902
A_k4_2od_x1.0,none,8,S0014,233.279,205,253.659
A_k4_2od_x1.0,none,9,S0008,236.075,201,247.051
A_k4_2od_x1.0,none,9,S0008,236.075,202,265.606
A_k4_2od_x1.0,none,9,S0008,236.075,203,228.969
A_k4_2od_x1.0,none,9,S0008,236.075,204,241.393
A_k4_2od_x1.0,none,9,S0008,236.075,205,247.211
A_k4_2od_x1.2,both,0,S0005,315.9033333333333,201,365.87166666666667
A_k4_2od_x1.2,both,0,S0005,315.9033333333333,202,359.66
A_k4_2od_x1.2,both,0,S0005,315.9033333333333,203,362.4575
A_k4_2od_x1.2,both,0,S0005,315.9033333333333,204,348.8525
A_k4_2od_x1.2,both,0,S0005,315.9033333333333,205,357.49833333333333
A_k4_2od_x1.2,both,1,S0024,319.63666666666666,201,334.2075
A_k4_2od_x1.2,both,1,S0024,319.63666666666666,202,351.925
A_k4_2od_x1.2,both,1,S0024,319.63666666666666,203,329.65833333333336
A_k4_2od_x1.2,both,1,S0024,319.63666666666666,204,340.36333333333334
A_k4_2od_x1.2,both,1,S0024,319.63666666666666,205,331.79583333333335
A_k4_2od_x1.2,both,2,S0008,314.7583333333333,201,321.85583333333335
A_k4_2od_x1.2,both,2,S0008,314.7583333333333,202,324.0183333333333
A_k4_2od_x1.2,both,2,S0008,314.7583333333333,203,328.655
A_k4_2od_x1.2,both,2,S0008,314.7583333333333,204,317.115
A_k4_2od_x1.2,both,2,S0008,314.7583333333333,205,341.475
A_k4_2od_x1.2,both,3,S0026,311.2916666666667,201,377.07416666666666
A_k4_2od_x1.2,both,3,S0026,311.2916666666667,202,385.73583333333335
A_k4_2od_x1.2,both,3,S0026,311.2916666666667,203,351.9791666666667
A_k4_2od_x1.2,both,3,S0026,311.2916666666667,204,322.54333333333335
A_k4_2od_x1.2,both,3,S0026,311.2916666666667,205,366.88666666666666
A_k4_2od_x1.2,both,4,S0012,306.87583333333333,201,350.1575
A_k4_2od_x1.2,both,4,S0012,306.87583333333333,202,355.31916666666666
A_k4_2od_x1.2,both,4,S0012,306.87583333333333,203,358.3016666666667
A_k4_2od_x1.2,both,4,S0012,306.87583333333333,204,373.7866666666667
A_k4_2od_x1.2,both,4,S0012,306.87583333333333,205,320.99833333333333
A_k4_2od_x1.2,both,5,S0019,310.64166666666665,201,380.63916666666665
A_k4_2od_x1.2,both,5,S0019,310.64166666666665,202,372.575
A_k4_2od_x1.2,both,5,S0019,310.64166666666665,203,321.67833333333334
A_k4_2od_x1.2,both,5,S0019,310.64166666666665,204,354.1225
A_k4_2od_x1.2,both,5,S0019,310.64166666666665,205,336.24833333333333
A_k4_2od_x1.2,both,6,S0009,308.5541666666667,201,378.1066666666667
A_k4_2od_x1.2,both,6,S0009,308.5541666666667,202,331.255
A_k4_2od_x1.2,both,6,S0009,308.5541666666667,203,376.8475
A_k4_2od_x1.2,both,6,S0009,308.5541666666667,204,341.8066666666667
A_k4_2od_x1.2,both,6,S0009,308.5541666666667,205,319.50416666666666
A_k4_2od_x1.2,both,7,S0003,306.9825,201,354.1191666666667
A_k4_2od_x1.2,both,7,S0003,306.9825,202,355.26916666666665
A_k4_2od_x1.2,both,7,S0003,306.9825,203,322.56333333333333
A_k4_2od_x1.2,both,7,S0003,306.9825,204,331.4816666666667
A_k4_2od_x1.2,both,7,S0003,306.9825,205,361.22833333333335
A_k4_2od_x1.2,both,8,S0025,306.30083333333334,201,371.6116666666667
A_k4_2od_x1.2,both,8,S0025,306.30083333333334,202,385.8225
A_k4_2od_x1.2,both,8,S0025,306.30083333333334,203,327.44916666666666
A_k4_2od_x1.2,both,8,S0025,306.30083333333334,204,330.9716666666667
A_k4_2od_x1.2,both,8,S0025,306.30083333333334,205,345.5733333333333
A_k4_2od_x1.2,both,9,S0007,309.45416666666665,201,371.57416666666666
A_k4_2od_x1.2,both,9,S0007,309.45416666666665,202,337.56166666666667
A_k4_2od_x1.2,both,9,S0007,309.45416666666665,203,328.9558333333333
A_k4_2od_x1.2,both,9,S0007,309.45416666666665,204,343.1075
A_k4_2od_x1.2,both,9,S0007,309.45416666666665,205,367.12666666666667
A_k4_2od_x1.2,init,0,S0003,306.9825,201,354.1191666666667
A_k4_2od_x1.2,init,0,S0003,306.9825,202,355.26916666666665
A_k4_2od_x1.2,init,0,S0003,306.9825,203,322.56333333333333
A_k4_2od_x1.2,init,0,S0003,306.9825,204,331.4816666666667
A_k4_2od_x1.2,init,0,S0003,306.9825,205,361.22833333333335
A_k4_2od_x1.2,init,1,S0009,308.5541666666667,201,378.1066666666667
A_k4_2od_x1.2,init,1,S0009,308.5541666666667,202,331.255
A_k4_2od_x1.2,init,1,S0009,308.5541666666667,203,376.8475
A_k4_2od_x1.2,init,1,S0009,308.5541666666667,204,341.8066666666667
A_k4_2od_x1.2,init,1,S0009,308.5541666666667,205,319.50416666666666
A_k4_2od_x1.2,init,2,S0020,302.935,201,335.11833333333334
A_k4_2od_x1.2,init,2,S0020,302.935,202,340.0283333333333
A_k4_2od_x1.2,init,2,S0020,302.935,203,310.63166666666666
A_k4_2od_x1.2,init,2,S0020,302.935,204,333.13666666666666
A_k4_2od_x1.2,init,2,S0020,302.935,205,328.7708333333333
A_k4_2od_x1.2,init,3,S0015,319.68,201,363.8983333333333
A_k4_2od_x1.2,init,3,S0015,319.68,202,336.8183333333333
A_k4_2od_x1.2,init,3,S0015,319.68,203,329.48833333333334
A_k4_2od_x1.2,init,3,S0015,319.68,204,339.42833333333334
A_k4_2od_x1.2,init,3,S0015,319.68,205,353.1791666666667
A_k4_2od_x1.2,init,4,S0001,326.00083333333333,201,369.9658333333333
A_k4_2od_x1.2,init,4,S0001,326.00083333333333,202,324.74333333333334
A_k4_2od_x1.2,init,4,S0001,326.00083333333333,203,362.2133333333333
A_k4_2od_x1.2,init,4,S0001,326.00083333333333,204,339.25666666666666
A_k4_2od_x1.2,init,4,S0001,326.00083333333333,205,361.7583333333333
A_k4_2od_x1.2,init,5,S0027,330.4316666666667,201,349.4125
A_k4_2od_x1.2,init,5,S0027,330.4316666666667,202,343.8525
A_k4_2od_x1.2,init,5,S0027,330.4316666666667,203,313.9266666666667
A_k4_2od_x1.2,init,5,S0027,330.4316666666667,204,349.1975
A_k4_2od_x1.2,init,5,S0027,330.4316666666667,205,342.0441666666667
A_k4_2od_x1.2,init,6,S0019,310.64166666666665,201,380.63916666666665
A_k4_2od_x1.2,init,6,S0019,310.64166666666665,202,372.575
A_k4_2od_x1.2,init,6,S0019,310.64166666666665,203,321.67833333333334
A_k4_2od_x1.2,init,6,S0019,310.64166666666665,204,354.1225
A_k4_2od_x1.2,init,6,S0019,310.64166666666665,205,336.24833333333333
A_k4_2od_x1.2,init,7,S0006,315.93416666666667,201,387.74583333333334
A_k4_2od_x1.2,init,7,S0006,315.93416666666667,202,371.2416666666667
A_k4_2od_x1.2,init,7,S0006,315.93416666666667,203,348.8958333333333
A_k4_2od_x1.2,init,7,S0006,315.93416666666667,204,351.37916666666666
A_k4_2od_x1.2,init,7,S0006,315.93416666666667,205,325.4675
A_k4_2od_x1.2,init,8,S0009,308.5541666666667,201,378.1066666666667
A_k4_2od_x1.2,init,8,S0009,308.5541666666667,202,331.255
A_k4_2od_x1.2,init,8,S0009,308.5541666666667,203,376.8475
A_k4_2od_x1.2,init,8,S0009,308.5541666666667,204,341.8066666666667
A_k4_2od_x1.2,init,8,S0009,308.5541666666667,205,319.50416666666666
A_k4_2od_x1.2,init,9,S0014,316.0183333333333,201,366.08166666666665
A_k4_2od_x1.2,init,9,S0014,316.0183333333333,202,388.1191666666667
A_k4_2od_x1.2,init,9,S0014,316.0183333333333,203,336.7225
A_k4_2od_x1.2,init,9,S0014,316.0183333333333,204,339.9266666666667
A_k4_2od_x1.2,init,9,S0014,316.0183333333333,205,364.61
A_k4_2od_x1.2,mutation,0,S0018,310.93,201,354.9716666666667
A_k4_2od_x1.2,mutation,0,S0018,310.93,202,321.8616666666667
A_k4_2od_x1.2,mutation,0,S0018,310.93,203,336.9066666666667
A_k4_2od_x1.2,mutation,0,S0018,310.93,204,331.48
A_k4_2od_x1.2,mutation,0,S0018,310.93,205,331.35833333333335
A_k4_2od_x1.2,mutation,1,S0023,317.6625,201,340.7991666666667
A_k4_2od_x1.2,mutation,1,S0023,317.6625,202,398.13416666666666
A_k4_2od_x1.2,mutation,1,S0023,317.6625,203,345.5575
A_k4_2od_x1.2,mutation,1,S0023,317.6625,204,351.85333333333335
A_k4_2od_x1.2,mutation,1,S0023,317.6625,205,356.31583333333333
A_k4_2od_x1.2,mutation,2,S0017,317.94083333333333,201,345.68
A_k4_2od_x1.2,mutation,2,S0017,317.94083333333333,202,368.0133333333333
A_k4_2od_x1.2,mutation,2,S0017,317.94083333333333,203,348.79833333333335
A_k4_2od_x1.2,mutation,2,S0017,317.94083333333333,204,333.38416666666666
A_k4_2od_x1.2,mutation,2,S0017,317.94083333333333,205,348.9375
A_k4_2od_x1.2,mutation,3,S0026,311.2916666666667,201,377.07416666666666
A_k4_2od_x1.2,mutation,3,S0026,311.2916666666667,202,385.73583333333335
A_k4_2od_x1.2,mutation,3,S0026,311.2916666666667,203,351.9791666666667
A_k4_2od_x1.2,mutation,3,S0026,311.2916666666667,204,322.54333333333335
A_k4_2od_x1.2,mutation,3,S0026,311.2916666666667,205,366.88666666666666
A_k4_2od_x1.2,mutation,4,S0004,311.06,201,322.785
A_k4_2od_x1.2,mutation,4,S0004,311.06,202,370.3183333333333
A_k4_2od_x1.2,mutation,4,S0004,311.06,203,332.9533333333333
A_k4_2od_x1.2,mutation,4,S0004,311.06,204,340.4275
A_k4_2od_x1.2,mutation,4,S0004,311.06,205,334.23
A_k4_2od_x1.2,mutation,5,S0000,319.95666666666665,201,379.545
A_k4_2od_x1.2,mutation,5,S0000,319.95666666666665,202,343.3925
A_k4_2od_x1.2,mutation,5,S0000,319.95666666666665,203,357.36083333333335
A_k4_2od_x1.2,mutation,5,S0000,319.95666666666665,204,316.5775
A_k4_2od_x1.2,mutation,5,S0000,319.95666666666665,205,330.48
A_k4_2od_x1.2,mutation,6,S0021,315.2816666666667,201,349.985
A_k4_2od_x1.2,mutation,6,S0021,315.2816666666667,202,338.50333333333333
A_k4_2od_x1.2,mutation,6,S0021,315.2816666666667,203,318.02666666666664
A_k4_2od_x1.2,mutation,6,S0021,315.2816666666667,204,357.415
A_k4_2od_x1.2,mutation,6,S0021,315.2816666666667,205,353.56916666666666
A_k4_2od_x1.2,mutation,7,S0004,311.06,201,322.785
A_k4_2od_x1.2,mutation,7,S0004,311.06,202,370.3183333333333
A_k4_2od_x1.2,mutation,7,S0004,311.06,203,332.9533333333333
A_k4_2od_x1.2,mutation,7,S0004,311.06,204,340.4275
A_k4_2od_x1.2,mutation,7,S0004,311.06,205,334.23
A_k4_2od_x1.2,mutation,8,S0011,320.62833333333333,201,379.705
A_k4_2od_x1.2,mutation,8,S0011,320.62833333333333,202,350.73333333333335
A_k4_2od_x1.2,mutation,8,S0011,320.62833333333333,203,355.31416666666667
A_k4_2od_x1.2,mutation,8,S0011,320.62833333333333,204,337.475
A_k4_2od_x1.2,mutation,8,S0011,320.62833333333333,205,370.16
A_k4_2od_x1.2,mutation,9,S0012,306.87583333333333,201,350.1575
A_k4_2od_x1.2,mutation,9,S0012,306.87583333333333,202,355.31916666666666
A_k4_2od_x1.2,mutation,9,S0012,306.87583333333333,203,358.3016666666667
A_k4_2od_x1.2,mutation,9,S0012,306.87583333333333,204,373.7866666666667
A_k4_2od_x1.2,mutation,9,S0012,306.87583333333333,205,320.99833333333333
A_k4_2od_x1.2,none,0,S0020,302.935,201,335.11833333333334
A_k4_2od_x1.2,none,0,S0020,302.935,202,340.0283333333333
A_k4_2od_x1.2,none,0,S0020,302.935,203,310.63166666666666
A_k4_2od_x1.2,none,0,S0020,302.935,204,333.13666666666666
A_k4_2od_x1.2,none,0,S0020,302.935,205,328.7708333333333
A_k4_2od_x1.2,none,1,S0016,324.48,201,350.7808333333333
A_k4_2od_x1.2,none,1,S0016,324.48,202,374.57
A_k4_2od_x1.2,none,1,S0016,324.48,203,340.44916666666666
A_k4_2od_x1.2,none,1,S0016,324.48,204,382.94083333333333
A_k4_2od_x1.2,none,1,S0016,324.48,205,386.0
A_k4_2od_x1.2,none,2,S0022,321.855,201,378.58416666666665
A_k4_2od_x1.2,none,2,S0022,321.855,202,375.54083333333335
A_k4_2od_x1.2,none,2,S0022,321.855,203,348.11
A_k4_2od_x1.2,none,2,S0022,321.855,204,344.35
A_k4_2od_x1.2,none,2,S0022,321.855,205,382.78583333333336
A_k4_2od_x1.2,none,3,S0002,320.2183333333333,201,338.94083333333333
A_k4_2od_x1.2,none,3,S0002,320.2183333333333,202,353.2033333333333
A_k4_2od_x1.2,none,3,S0002,320.2183333333333,203,318.9825
A_k4_2od_x1.2,none,3,S0002,320.2183333333333,204,346.2966666666667
A_k4_2od_x1.2,none,3,S0002,320.2183333333333,205,347.0225
A_k4_2od_x1.2,none,4,S0025,306.30083333333334,201,371.6116666666667
A_k4_2od_x1.2,none,4,S0025,306.30083333333334,202,385.8225
A_k4_2od_x1.2,none,4,S0025,306.30083333333334,203,327.44916666666666
A_k4_2od_x1.2,none,4,S0025,306.30083333333334,204,330.9716666666667
A_k4_2od_x1.2,none,4,S0025,306.30083333333334,205,345.5733333333333
A_k4_2od_x1.2,none,5,S0005,315.9033333333333,201,365.87166666666667
A_k4_2od_x1.2,none,5,S0005,315.9033333333333,202,359.66
A_k4_2od_x1.2,none,5,S0005,315.9033333333333,203,362.4575
A_k4_2od_x1.2,none,5,S0005,315.9033333333333,204,348.8525
A_k4_2od_x1.2,none,5,S0005,315.9033333333333,205,357.49833333333333
A_k4_2od_x1.2,none,6,S0010,310.7216666666667,201,328.97833333333335
A_k4_2od_x1.2,none,6,S0010,310.7216666666667,202,358.87166666666667
A_k4_2od_x1.2,none,6,S0010,310.7216666666667,203,366.7775
A_k4_2od_x1.2,none,6,S0010,310.7216666666667,204,360.75416666666666
A_k4_2od_x1.2,none,6,S0010,310.7216666666667,205,373.4675
A_k4_2od_x1.2,none,7,S0018,310.93,201,354.9716666666667
A_k4_2od_x1.2,none,7,S0018,310.93,202,321.8616666666667
A_k4_2od_x1.2,none,7,S0018,310.93,203,336.9066666666667
A_k4_2od_x1.2,none,7,S0018,310.93,204,331.48
A_k4_2od_x1.2,none,7,S0018,310.93,205,331.35833333333335
A_k4_2od_x1.2,none,8,S0013,324.9716666666667,201,333.98
A_k4_2od_x1.2,none,8,S0013,324.9716666666667,202,396.0925
A_k4_2od_x1.2,none,8,S0013,324.9716666666667,203,367.9716666666667
A_k4_2od_x1.2,none,8,S0013,324.9716666666667,204,336.86333333333334
A_k4_2od_x1.2,none,8,S0013,324.9716666666667,205,384.48083333333335
A_k4_2od_x1.2,none,9,S0008,314.7583333333333,201,321.85583333333335
A_k4_2od_x1.2,none,9,S0008,314.7583333333333,202,324.0183333333333
A_k4_2od_x1.2,none,9,S0008,314.7583333333333,203,328.655
A_k4_2od_x1.2,none,9,S0008,314.7583333333333,204,317.115
A_k4_2od_x1.2,none,9,S0008,314.7583333333333,205,341.475
B_k9_1od_x0.8,both,0,S0018,622.599375,201,651.974375
B_k9_1od_x0.8,both,0,S0018,622.599375,202,638.276875
B_k9_1od_x0.8,both,0,S0018,622.599375,203,657.571875
B_k9_1od_x0.8,both,0,S0018,622.599375,204,661.71875
B_k9_1od_x0.8,both,0,S0018,622.599375,205,648.645625
B_k9_1od_x0.8,both,1,S0009,616.47,201,640.855625
B_k9_1od_x0.8,both,1,S0009,616.47,202,659.89875
B_k9_1od_x0.8,both,1,S0009,616.47,203,640.146875
B_k9_1od_x0.8,both,1,S0009,616.47,204,615.71125
B_k9_1od_x0.8,both,1,S0009,616.47,205,614.3375
B_k9_1od_x0.8,both,2,S0025,616.11875,201,643.11875
B_k9_1od_x0.8,both,2,S0025,616.11875,202,631.9825
B_k9_1od_x0.8,both,2,S0025,616.11875,203,659.33375
B_k9_1od_x0.8,both,2,S0025,616.11875,204,642.919375
B_k9_1od_x0.8,both,2,S0025,616.11875,205,627.74
B_k9_1od_x0.8,both,3,S0033,606.37125,201,630.284375
B_k9_1od_x0.8,both,3,S0033,606.37125,202,631.545
B_k9_1od_x0.8,both,3,S0033,606.37125,203,649.58875
B_k9_1od_x0.8,both,3,S0033,606.37125,204,655.225625
B_k9_1od_x0.8,both,3,S0033,606.37125,205,633.73875
B_k9_1od_x0.8,both,4,S0017,606.2625,201,608.985625
B_k9_1od_x0.8,both,4,S0017,606.2625,202,657.79
B_k9_1od_x0.8,both,4,S0017,606.2625,203,628.71625
B_k9_1od_x0.8,both,4,S0017,606.2625,204,637.728125
B_k9_1od_x0.8,both,4,S0017,606.2625,205,648.865
B_k9_1od_x0.8,both,5,S0006,610.500625,201,645.28625
B_k9_1od_x0.8,both,5,S0006,610.500625,202,624.06125
B_k9_1od_x0.8,both,5,S0006,610.500625,203,627.275625
B_k9_1od_x0.8,both,5,S0006,610.500625,204,617.576875
B_k9_1od_x0.8,both,5,S0006,610.500625,205,628.87625
B_k9_1od_x0.8,both,6,S0027,617.798125,201,658.68875
B_k9_1od_x0.8,both,6,S0027,617.798125,202,658.86
B_k9_1od_x0.8,both,6,S0027,617.798125,203,639.0975
B_k9_1od_x0.8,both,6,S0027,617.798125,204,647.854375
B_k9_1od_x0.8,both,6,S0027,617.798125,205,657.89625
B_k9_1od_x0.8,both,7,S0016,609.55625,201,636.123125
B_k9_1od_x0.8,both,7,S0016,609.55625,202,660.2725
B_k9_1od_x0.8,both,7,S0016,609.55625,203,628.100625
B_k9_1od_x0.8,both,7,S0016,609.55625,204,627.133125
B_k9_1od_x0.8,both,7,S0016,609.55625,205,616.285625
B_k9_1od_x0.8,both,8,S0012,608.071875,201,609.919375
B_k9_1od_x0.8,both,8,S0012,608.071875,202,647.42375
B_k9_1od_x0.8,both,8,S0012,608.071875,203,633.644375
B_k9_1od_x0.8,both,8,S0012,608.071875,204,605.31625
B_k9_1od_x0.8,both,8,S0012,608.071875,205,622.15625
B_k9_1od_x0.8,both,9,S0002,617.08125,201,641.526875
B_k9_1od_x0.8,both,9,S0002,617.08125,202,640.43375
B_k9_1od_x0.8,both,9,S0002,617.08125,203,632.02125
B_k9_1od_x0.8,both,9,S0002,617.08125,204,646.0075
B_k9_1od_x0.8,both,9,S0002,617.08125,205,634.761875
B_k9_1od_x0.8,init,0,S0019,613.269375,201,648.19125
B_k9_1od_x0.8,init,0,S0019,613.269375,202,655.203125
B_k9_1od_x0.8,init,0,S0019,613.269375,203,683.809375
B_k9_1od_x0.8,init,0,S0019,613.269375,204,653.18375
B_k9_1od_x0.8,init,0,S0019,613.269375,205,644.22125
B_k9_1od_x0.8,init,1,S0013,622.725,201,643.366875
B_k9_1od_x0.8,init,1,S0013,622.725,202,660.46375
B_k9_1od_x0.8,init,1,S0013,622.725,203,640.950625
B_k9_1od_x0.8,init,1,S0013,622.725,204,674.02625
B_k9_1od_x0.8,init,1,S0013,622.725,205,644.88875
B_k9_1od_x0.8,init,2,S0024,622.76875,201,639.939375
B_k9_1od_x0.8,init,2,S0024,622.76875,202,653.24875
B_k9_1od_x0.8,init,2,S0024,622.76875,203,632.131875
B_k9_1od_x0.8,init,2,S0024,622.76875,204,650.655625
B_k9_1od_x0.8,init,2,S0024,622.76875,205,637.526875
B_k9_1od_x0.8,init,3,S0031,619.514375,201,641.415625
B_k9_1od_x0.8,init,3,S0031,619.514375,202,649.5125
B_k9_1od_x0.8,init,3,S0031,619.514375,203,628.814375
B_k9_1od_x0.8,init,3,S0031,619.514375,204,637.280625
B_k9_1od_x0.8,init,3,S0031,619.514375,205,624.224375
B_k9_1od_x0.8,init,4,S0032,625.8,201,681.12125
B_k9_1od_x0.8,init,4,S0032,625.8,202,648.0775
B_k9_1od_x0.8,init,4,S0032,625.8,203,665.47625
B_k9_1od_x0.8,init,4,S0032,625.8,204,668.161875
B_k9_1od_x0.8,init,4,S0032,625.8,205,668.048125
B_k9_1od_x0.8,init,5,S0034,616.100625,201,631.03375
B_k9_1od_x0.8,init,5,S0034,616.100625,202,640.969375
B_k9_1od_x0.8,init,5,S0034,616.100625,203,642.35
B_k9_1od_x0.8,init,5,S0034,616.100625,204,637.864375
B_k9_1od_x0.8,init,5,S0034,616.100625,205,634.83625
B_k9_1od_x0.8,init,6,S0021,621.921875,201,653.8925
B_k9_1od_x0.8,init,6,S0021,621.921875,202,635.28375
B_k9_1od_x0.8,init,6,S0021,621.921875,203,641.28
B_k9_1od_x0.8,init,6,S0021,621.921875,204,652.604375
B_k9_1od_x0.8,init,6,S0021,621.921875,205,655.008125
B_k9_1od_x0.8,init,7,S0023,617.978125,201,654.303125
B_k9_1od_x0.8,init,7,S0023,617.978125,202,650.7175
B_k9_1od_x0.8,init,7,S0023,617.978125,203,660.22375
B_k9_1od_x0.8,init,7,S0023,617.978125,204,673.816875
B_k9_1od_x0.8,init,7,S0023,617.978125,205,649.5
B_k9_1od_x0.8,init,8,S0028,631.28375,201,641.18625
B_k9_1od_x0.8,init,8,S0028,631.28375,202,663.108125
B_k9_1od_x0.8,init,8,S0028,631.28375,203,658.921875
B_k9_1od_x0.8,init,8,S0028,631.28375,204,671.00375
B_k9_1od_x0.8,init,8,S0028,631.28375,205,653.665625
B_k9_1od_x0.8,init,9,S0020,616.225625,201,653.763125
B_k9_1od_x0.8,init,9,S0020,616.225625,202,646.76
B_k9_1od_x0.8,init,9,S0020,616.225625,203,649.30125
B_k9_1od_x0.8,init,9,S0020,616.225625,204,634.429375
B_k9_1od_x0.8,init,9,S0020,616.225625,205,649.935625
B_k9_1od_x0.8,mutation,0,S0029,615.284375,201,638.19
B_k9_1od_x0.8,mutation,0,S0029,615.284375,202,655.635
B_k9_1od_x0.8,mutation,0,S0029,615.284375,203,643.5375
B_k9_1od_x0.8,mutation,0,S0029,615.284375,204,666.355
B_k9_1od_x0.8,mutation,0,S0029,615.284375,205,653.719375
B_k9_1od_x0.8,mutation,1,S0022,608.071875,201,610.5775
B_k9_1od_x0.8,mutation,1,S0022,608.071875,202,652.12
B_k9_1od_x0.8,mutation,1,S0022,608.071875,203,631.96
B_k9_1od_x0.8,mutation,1,S0022,608.071875,204,605.31625
B_k9_1od_x0.8,mutation,1,S0022,608.071875,205,613.3425
B_k9_1od_x0.8,mutation,2,S0014,620.38125,201,645.4025
B_k9_1od_x0.8,mutation,2,S0014,620.38125,202,638.403125
B_k9_1od_x0.8,mutation,2,S0014,620.38125,203,653.900625
B_k9_1od_x0.8,mutation,2,S0014,620.38125,204,630.14375
B_k9_1od_x0.8,mutation,2,S0014,620.38125,205,645.388125
B_k9_1od_x0.8,mutation,3,S0001,615.4225,201,627.10125
B_k9_1od_x0.8,mutation,3,S0001,615.4225,202,636.864375
B_k9_1od_x0.8,mutation,3,S0001,615.4225,203,655.13375
B_k9_1od_x0.8,mutation,3,S0001,615.4225,204,647.143125
B_k9_1od_x0.8,mutation,3,S0001,615.4225,205,637.5275
B_k9_1od_x0.8,mutation,4,S0000,609.9025,201,638.2175
B_k9_1od_x0.8,mutation,4,S0000,609.9025,202,659.02375
B_k9_1od_x0.8,mutation,4,S0000,609.9025,203,632.743125
B_k9_1od_x0.8,mutation,4,S0000,609.9025,204,627.484375
B_k9_1od_x0.8,mutation,4,S0000,609.9025,205,630.4275
B_k9_1od_x0.8,mutation,5,S0010,608.504375,201,646.015
B_k9_1od_x0.8,mutation,5,S0010,608.504375,202,627.373125
B_k9_1od_x0.8,mutation,5,S0010,608.504375,203,644.22625
B_k9_1od_x0.8,mutation,5,S0010,608.504375,204,626.508125
B_k9_1od_x0.8,mutation,5,S0010,608.504375,205,648.005625
B_k9_1od_x0.8,mutation,6,S0039,617.778125,201,645.628125
B_k9_1od_x0.8,mutation,6,S0039,617.778125,202,663.761875
B_k9_1od_x0.8,mutation,6,S0039,617.778125,203,647.21625
B_k9_1od_x0.8,mutation,6,S0039,617.778125,204,631.815625
B_k9_1od_x0.8,mutation,6,S0039,617.778125,205,632.660625
B_k9_1od_x0.8,mutation,7,S0035,611.4425,201,648.9375
B_k9_1od_x0.8,mutation,7,S0035,611.4425,202,662.654375
B_k9_1od_x0.8,mutation,7,S0035,611.4425,203,638.823125
B_k9_1od_x0.8,mutation,7,S0035,611.4425,204,635.10625
B_k9_1od_x0.8,mutation,7,S0035,611.4425,205,627.954375
B_k9_1od_x0.8,mutation,8,S0015,610.499375,201,653.34375
B_k9_1od_x0.8,mutation,8,S0015,610.499375,202,629.423125
B_k9_1od_x0.8,mutation,8,S0015,610.499375,203,635.32125
B_k9_1od_x0.8,mutation,8,S0015,610.499375,204,648.001875
B_k9_1od_x0.8,mutation,8,S0015,610.499375,205,619.764375
B_k9_1od_x0.8,mutation,9,S0026,618.3075,201,639.245625
B_k9_1od_x0.8,mutation,9,S0026,618.3075,202,638.020625
B_k9_1od_x0.8,mutation,9,S0026,618.3075,203,653.714375
B_k9_1od_x0.8,mutation,9,S0026,618.3075,204,647.143125
B_k9_1od_x0.8,mutation,9,S0026,618.3075,205,652.903125
B_k9_1od_x0.8,none,0,S0011,616.395,201,635.480625
B_k9_1od_x0.8,none,0,S0011,616.395,202,633.42875
B_k9_1od_x0.8,none,0,S0011,616.395,203,651.129375
B_k9_1od_x0.8,none,0,S0011,616.395,204,683.4775
B_k9_1od_x0.8,none,0,S0011,616.395,205,648.826875
B_k9_1od_x0.8,none,1,S0008,617.978125,201,640.99875
B_k9_1od_x0.8,none,1,S0008,617.978125,202,645.848125
B_k9_1od_x0.8,none,1,S0008,617.978125,203,660.22625
B_k9_1od_x0.8,none,1,S0008,617.978125,204,689.98625
B_k9_1od_x0.8,none,1,S0008,617.978125,205,669.599375
B_k9_1od_x0.8,none,2,S0038,627.243125,201,658.96125
B_k9_1od_x0.8,none,2,S0038,627.243125,202,659.1675
B_k9_1od_x0.8,none,2,S0038,627.243125,203,648.80625
B_k9_1od_x0.8,none,2,S0038,627.243125,204,670.026875
B_k9_1od_x0.8,none,2,S0038,627.243125,205,669.7975
B_k9_1od_x0.8,none,3,S0003,616.51,201,638.990625
B_k9_1od_x0.8,none,3,S0003,616.51,202,639.186875
B_k9_1od_x0.8,none,3,S0003,616.51,203,653.234375
B_k9_1od_x0.8,none,3,S0003,616.51,204,653.424375
B_k9_1od_x0.8,none,3,S0003,616.51,205,646.430625
B_k9_1od_x0.8,none,4,S0007,618.878125,201,665.435625
B_k9_1od_x0.8,none,4,S0007,618.878125,202,646.1775
B_k9_1od_x0.8,none,4,S0007,618.878125,203,645.17375
B_k9_1od_x0.8,none,4,S0007,618.878125,204,659.3975
B_k9_1od_x0.8,none,4,S0007,618.878125,205,649.875625
B_k9_1od_x0.8,none,5,S0037,621.13,201,632.195625
B_k9_1od_x0.8,none,5,S0037,621.13,202,654.93375
B_k9_1od_x0.8,none,5,S0037,621.13,203,656.51625
B_k9_1od_x0.8,none,5,S0037,621.13,204,634.675
B_k9_1od_x0.8,none,5,S0037,621.13,205,640.700625
B_k9_1od_x0.8,none,6,S0030,623.325625,201,647.715625
B_k9_1od_x0.8,none,6,S0030,623.325625,202,637.88125
B_k9_1od_x0.8,none,6,S0030,623.325625,203,663.1775
B_k9_1od_x0.8,none,6,S0030,623.325625,204,655.619375
B_k9_1od_x0.8,none,6,S0030,623.325625,205,648.50125
B_k9_1od_x0.8,none,7,S0036,619.309375,201,647.988125
B_k9_1od_x0.8,none,7,S0036,619.309375,202,666.931875
B_k9_1od_x0.8,none,7,S0036,619.309375,203,645.37625
B_k9_1od_x0.8,none,7,S0036,619.309375,204,630.410625
B_k9_1od_x0.8,none,7,S0036,619.309375,205,646.148125
B_k9_1od_x0.8,none,8,S0004,617.978125,201,664.36375
B_k9_1od_x0.8,none,8,S0004,617.978125,202,648.655
B_k9_1od_x0.8,none,8,S0004,617.978125,203,666.3625
B_k9_1od_x0.8,none,8,S0004,617.978125,204,673.816875
B_k9_1od_x0.8,none,8,S0004,617.978125,205,649.5
B_k9_1od_x0.8,none,9,S0005,616.751875,201,633.61
B_k9_1od_x0.8,none,9,S0005,616.751875,202,647.936875
B_k9_1od_x0.8,none,9,S0005,616.751875,203,658.455625
B_k9_1od_x0.8,none,9,S0005,616.751875,204,643.79
B_k9_1od_x0.8,none,9,S0005,616.751875,205,638.3125
B_k9_1od_x1.0,both,0,S0002,615.412,201,644.4175
B_k9_1od_x1.0,both,0,S0002,615.412,202,660.984
B_k9_1od_x1.0,both,0,S0002,615.412,203,643.093
B_k9_1od_x1.0,both,0,S0002,615.412,204,650.2575
B_k9_1od_x1.0,both,0,S0002,615.412,205,631.4055
B_k9_1od_x1.0,both,1,S0020,616.1705,201,645.405
B_k9_1od_x1.0,both,1,S0020,616.1705,202,646.995
B_k9_1od_x1.0,both,1,S0020,616.1705,203,622.519
B_k9_1od_x1.0,both,1,S0020,616.1705,204,639.274
B_k9_1od_x1.0,both,1,S0020,616.1705,205,628.6275
B_k9_1od_x1.0,both,2,S0025,627.0225,201,667.227
B_k9_1od_x1.0,both,2,S0025,627.0225,202,660.6335
B_k9_1od_x1.0,both,2,S0025,627.0225,203,635.346
B_k9_1od_x1.0,both,2,S0025,627.0225,204,645.2695
B_k9_1od_x1.0,both,2,S0025,627.0225,205,639.793
B_k9_1od_x1.0,both,3,S0016,623.8155,201,651.801
B_k9_1od_x1.0,both,3,S0016,623.8155,202,650.6235
B_k9_1od_x1.0,both,3,S0016,623.8155,203,658.9225
B_k9_1od_x1.0,both,3,S0016,623.8155,204,648.413
B_k9_1od_x1.0,both,3,S0016,623.8155,205,663.6065
B_k9_1od_x1.0,both,4,S0001,616.625,201,639.778
B_k9_1od_x1.0,both,4,S0001,616.625,202,646.4955
B_k9_1od_x1.0,both,4,S0001,616.625,203,640.4585
B_k9_1od_x1.0,both,4,S0001,616.625,204,645.2505
B_k9_1od_x1.0,both,4,S0001,616.625,205,640.5545
B_k9_1od_x1.0,both,5,S0030,629.852,201,674.844
B_k9_1od_x1.0,both,5,S0030,629.852,202,646.2885
B_k9_1od_x1.0,both,5,S0030,629.852,203,660.7805
B_k9_1od_x1.0,both,5,S0030,629.852,204,661.067
B_k9_1od_x1.0,both,5,S0030,629.852,205,672.336
B_k9_1od_x1.0,both,6,S0029,627.1405,201,664.164
B_k9_1od_x1.0,both,6,S0029,627.1405,202,647.952
B_k9_1od_x1.0,both,6,S0029,627.1405,203,665.678
B_k9_1od_x1.0,both,6,S0029,627.1405,204,649.636
B_k9_1od_x1.0,both,6,S0029,627.1405,205,645.642
B_k9_1od_x1.0,both,7,S0012,625.127,201,645.827
B_k9_1od_x1.0,both,7,S0012,625.127,202,649.111
B_k9_1od_x1.0,both,7,S0012,625.127,203,641.9315
B_k9_1od_x1.0,both,7,S0012,625.127,204,650.1425
B_k9_1od_x1.0,both,7,S0012,625.127,205,653.446
B_k9_1od_x1.0,both,8,S0003,629.66,201,638.609
B_k9_1od_x1.0,both,8,S0003,629.66,202,633.659
B_k9_1od_x1.0,both,8,S0003,629.66,203,639.5645
B_k9_1od_x1.0,both,8,S0003,629.66,204,646.4135
B_k9_1od_x1.0,both,8,S0003,629.66,205,649.7475
B_k9_1od_x1.0,both,9,S0000,616.625,201,639.778
B_k9_1od_x1.0,both,9,S0000,616.625,202,646.4955
B_k9_1od_x1.0,both,9,S0000,616.625,203,644.411
B_k9_1od_x1.0,both,9,S0000,616.625,204,653.305
B_k9_1od_x1.0,both,9,S0000,616.625,205,638.839
B_k9_1od_x1.0,init,0,S0032,628.629,201,664.7805
B_k9_1od_x1.0,init,0,S0032,628.629,202,654.3985
B_k9_1od_x1.0,init,0,S0032,628.629,203,649.895
B_k9_1od_x1.0,init,0,S0032,628.629,204,657.3775
B_k9_1od_x1.0,init,0,S0032,628.629,205,663.8895
B_k9_1od_x1.0,init,1,S0026,616.625,201,627.6565
B_k9_1od_x1.0,init,1,S0026,616.625,202,641.2455
B_k9_1od_x1.0,init,1,S0026,616.625,203,636.8905
B_k9_1od_x1.0,init,1,S0026,616.625,204,653.619
B_k9_1od_x1.0,init,1,S0026,616.625,205,632.0005
B_k9_1od_x1.0,init,2,S0022,623.753,201,652.0525
B_k9_1od_x1.0,init,2,S0022,623.753,202,645.9775
B_k9_1od_x1.0,init,2,S0022,623.753,203,639.584
B_k9_1od_x1.0,init,2,S0022,623.753,204,618.1375
B_k9_1od_x1.0,init,2,S0022,623.753,205,644.6295
B_k9_1od_x1.0,init,3,S0017,621.6095,201,649.133
B_k9_1od_x1.0,init,3,S0017,621.6095,202,651.0395
B_k9_1od_x1.0,init,3,S0017,621.6095,203,644.0215
B_k9_1od_x1.0,init,3,S0017,621.6095,204,667.547
B_k9_1od_x1.0,init,3,S0017,621.6095,205,640.318
B_k9_1od_x1.0,init,4,S0037,632.5305,201,641.1215
B_k9_1od_x1.0,init,4,S0037,632.5305,202,631.6185
B_k9_1od_x1.0,init,4,S0037,632.5305,203,660.1055
B_k9_1od_x1.0,init,4,S0037,632.5305,204,652.6035
B_k9_1od_x1.0,init,4,S0037,632.5305,205,645.227
B_k9_1od_x1.0,init,5,S0038,636.2985,201,633.756
B_k9_1od_x1.0,init,5,S0038,636.2985,202,665.7035
B_k9_1od_x1.0,init,5,S0038,636.2985,203,634.192
B_k9_1od_x1.0,init,5,S0038,636.2985,204,642.0465
B_k9_1od_x1.0,init,5,S0038,636.2985,205,649.1605
B_k9_1od_x1.0,init,6,S0009,621.6505,201,626.311
B_k9_1od_x1.0,init,6,S0009,621.6505,202,635.922
B_k9_1od_x1.0,init,6,S0009,621.6505,203,623.449
B_k9_1od_x1.0,init,6,S0009,621.6505,204,652.623
B_k9_1od_x1.0,init,6,S0009,621.6505,205,638.888
B_k9_1od_x1.0,init,7,S0006,630.386,201,653.7245
B_k9_1od_x1.0,init,7,S0006,630.386,202,653.833
B_k9_1od_x1.0,init,7,S0006,630.386,203,651.789
B_k9_1od_x1.0,init,7,S0006,630.386,204,672.9675
B_k9_1od_x1.0,init,7,S0006,630.386,205,633.4005
B_k9_1od_x1.0,init,8,S0024,622.285,201,642.335
B_k9_1od_x1.0,init,8,S0024,622.285,202,645.605
B_k9_1od_x1.0,init,8,S0024,622.285,203,634.631
B_k9_1od_x1.0,init,8,S0024,622.285,204,647.081
B_k9_1od_x1.0,init,8,S0024,622.285,205,640.9785
B_k9_1od_x1.0,init,9,S0023,624.3025,201,648.0245
B_k9_1od_x1.0,init,9,S0023,624.3025,202,632.6025
B_k9_1od_x1.0,init,9,S0023,624.3025,203,627.856
B_k9_1od_x1.0,init,9,S0023,624.3025,204,648.198
B_k9_1od_x1.0,init,9,S0023,624.3025,205,645.077
B_k9_1od_x1.0,mutation,0,S0018,623.013,201,635.4045
B_k9_1od_x1.0,mutation,0,S0018,623.013,202,644.06
B_k9_1od_x1.0,mutation,0,S0018,623.013,203,644.46
B_k9_1od_x1.0,mutation,0,S0018,623.013,204,635.1435
B_k9_1od_x1.0,mutation,0,S0018,623.013,205,642.8015
B_k9_1od_x1.0,mutation,1,S0036,627.595,201,634.768
B_k9_1od_x1.0,mutation,1,S0036,627.595,202,641.468
B_k9_1od_x1.0,mutation,1,S0036,627.595,203,623.3765
B_k9_1od_x1.0,mutation,1,S0036,627.595,204,646.3735
B_k9_1od_x1.0,mutation,1,S0036,627.595,205,646.585
B_k9_1od_x1.0,mutation,2,S0027,628.2395,201,660.1895
B_k9_1od_x1.0,mutation,2,S0027,628.2395,202,654.375
B_k9_1od_x1.0,mutation,2,S0027,628.2395,203,652.506
B_k9_1od_x1.0,mutation,2,S0027,628.2395,204,657.408
B_k9_1od_x1.0,mutation,2,S0027,628.2395,205,652.811
B_k9_1od_x1.0,mutation,3,S0028,622.279,201,650.9055
B_k9_1od_x1.0,mutation,3,S0028,622.279,202,656.6675
B_k9_1od_x1.0,mutation,3,S0028,622.279,203,663.046
B_k9_1od_x1.0,mutation,3,S0028,622.279,204,660.145
B_k9_1od_x1.0,mutation,3,S0028,622.279,205,659.557
B_k9_1od_x1.0,mutation,4,S0019,621.2125,201,636.2565
B_k9_1od_x1.0,mutation,4,S0019,621.2125,202,640.839
B_k9_1od_x1.0,mutation,4,S0019,621.2125,203,629.566
B_k9_1od_x1.0,mutation,4,S0019,621.2125,204,649.981
B_k9_1od_x1.0,mutation,4,S0019,621.2125,205,642.6675
B_k9_1od_x1.0,mutation,5,S0034,628.112,201,636.477
B_k9_1od_x1.0,mutation,5,S0034,628.112,202,637.9925
B_k9_1od_x1.0,mutation,5,S0034,628.112,203,646.9825
B_k9_1od_x1.0,mutation,5,S0034,628.112,204,645.8625
B_k9_1od_x1.0,mutation,5,S0034,628.112,205,656.918
B_k9_1od_x1.0,mutation,6,S0014,620.9665,201,635.86
B_k9_1od_x1.0,mutation,6,S0014,620.9665,202,657.498
B_k9_1od_x1.0,mutation,6,S0014,620.9665,203,631.0135
B_k9_1od_x1.0,mutation,6,S0014,620.9665,204,648.915
B_k9_1od_x1.0,mutation,6,S0014,620.9665,205,634.457
B_k9_1od_x1.0,mutation,7,S0004,627.6275,201,644.9385
B_k9_1od_x1.0,mutation,7,S0004,627.6275,202,649.869
B_k9_1od_x1.0,mutation,7,S0004,627.6275,203,648.7755
B_k9_1od_x1.0,mutation,7,S0004,627.6275,204,635.795
B_k9_1od_x1.0,mutation,7,S0004,627.6275,205,648.605
B_k9_1od_x1.0,mutation,8,S0013,616.625,201,627.6565
B_k9_1od_x1.0,mutation,8,S0013,616.625,202,644.9085
B_k9_1od_x1.0,mutation,8,S0013,616.625,203,636.8905
B_k9_1od_x1.0,mutation,8,S0013,616.625,204,647.868
B_k9_1od_x1.0,mutation,8,S0013,616.625,205,632.0005
B_k9_1od_x1.0,mutation,9,S0008,622.0695,201,644.3725
B_k9_1od_x1.0,mutation,9,S0008,622.0695,202,632.908
B_k9_1od_x1.0,mutation,9,S0008,622.0695,203,635.0255
B_k9_1od_x1.0,mutation,9,S0008,622.0695,204,631.355
B_k9_1od_x1.0,mutation,9,S0008,622.0695,205,631.022
B_k9_1od_x1.0,none,0,S0035,627.638,201,649.7055
B_k9_1od_x1.0,none,0,S0035,627.638,202,655.461
B_k9_1od_x1.0,none,0,S0035,627.638,203,654.2055
B_k9_1od_x1.0,none,0,S0035,627.638,204,645.779
B_k9_1od_x1.0,none,0,S0035,627.638,205,649.257
B_k9_1od_x1.0,none,1,S0031,626.5065,201,666.398
B_k9_1od_x1.0,none,1,S0031,626.5065,202,666.559
B_k9_1od_x1.0,none,1,S0031,626.5065,203,663.816
B_k9_1od_x1.0,none,1,S0031,626.5065,204,656.0325
B_k9_1od_x1.0,none,1,S0031,626.5065,205,668.995
B_k9_1od_x1.0,none,2,S0007,617.2615,201,620.3005
B_k9_1od_x1.0,none,2,S0007,617.2615,202,633.6135
B_k9_1od_x1.0,none,2,S0007,617.2615,203,626.484
B_k9_1od_x1.0,none,2,S0007,617.2615,204,638.102
B_k9_1od_x1.0,none,2,S0007,617.2615,205,618.0995
B_k9_1od_x1.0,none,3,S0021,621.8395,201,652.0645
B_k9_1od_x1.0,none,3,S0021,621.8395,202,634.5465
B_k9_1od_x1.0,none,3,S0021,621.8395,203,651.409
B_k9_1od_x1.0,none,3,S0021,621.8395,204,652.2295
B_k9_1od_x1.0,none,3,S0021,621.8395,205,673.7565
B_k9_1od_x1.0,none,4,S0039,626.8045,201,638.776
B_k9_1od_x1.0,none,4,S0039,626.8045,202,659.113
B_k9_1od_x1.0,none,4,S0039,626.8045,203,667.01
B_k9_1od_x1.0,none,4,S0039,626.8045,204,644.576
B_k9_1od_x1.0,none,4,S0039,626.8045,205,662.54
B_k9_1od_x1.0,none,5,S0010,628.1975,201,653.4235
B_k9_1od_x1.0,none,5,S0010,628.1975,202,658.2485
B_k9_1od_x1.0,none,5,S0010,628.1975,203,641.8545
B_k9_1od_x1.0,none,5,S0010,628.1975,204,642.536
B_k9_1od_x1.0,none,5,S0010,628.1975,205,642.917
B_k9_1od_x1.0,none,6,S0033,620.7305,201,673.2965
B_k9_1od_x1.0,none,6,S0033,620.7305,202,669.4895
B_k9_1od_x1.0,none,6,S0033,620.7305,203,658.387
B_k9_1od_x1.0,none,6,S0033,620.7305,204,654.936
B_k9_1od_x1.0,none,6,S0033,620.7305,205,694.479
B_k9_1od_x1.0,none,7,S0005,623.7015,201,627.6565
B_k9_1od_x1.0,none,7,S0005,623.7015,202,649.152
B_k9_1od_x1.0,none,7,S0005,623.7015,203,636.8905
B_k9_1od_x1.0,none,7,S0005,623.7015,204,653.619
B_k9_1od_x1.0,none,7,S0005,623.7015,205,627.2445
B_k9_1od_x1.0,none,8,S0011,632.8275,201,652.8735
B_k9_1od_x1.0,none,8,S0011,632.8275,202,645.7735
B_k9_1od_x1.0,none,8,S0011,632.8275,203,660.717
B_k9_1od_x1.0,none,8,S0011,632.8275,204,645.2475
B_k9_1od_x1.0,none,8,S0011,632.8275,205,658.292
B_k9_1od_x1.0,none,9,S0015,622.958,201,652.393
B_k9_1od_x1.0,none,9,S0015,622.958,202,657.498
B_k9_1od_x1.0,none,9,S0015,622.958,203,641.2165
B_k9_1od_x1.0,none,9,S0015,622.958,204,645.757
B_k9_1od_x1.0,none,9,S0015,622.958,205,658.017
B_k9_1od_x1.2,both,0,S0015,615.7891666666667,201,659.8595833333334
B_k9_1od_x1.2,both,0,S0015,615.7891666666667,202,647.7891666666667
B_k9_1od_x1.2,both,0,S0015,615.7891666666667,203,640.9679166666666
B_k9_1od_x1.2,both,0,S0015,615.7891666666667,204,639.4025
B_k9_1od_x1.2,both,0,S0015,615.7891666666667,205,643.4158333333334
B_k9_1od_x1.2,both,1,S0001,626.7308333333333,201,657.3283333333334
B_k9_1od_x1.2,both,1,S0001,626.7308333333333,202,647.6966666666667
B_k9_1od_x1.2,both,1,S0001,626.7308333333333,203,641.3908333333334
B_k9_1od_x1.2,both,1,S0001,626.7308333333333,204,658.0516666666666
B_k9_1od_x1.2,both,1,S0001,626.7308333333333,205,640.7679166666667
B_k9_1od_x1.2,both,2,S0019,621.69625,201,640.59875
B_k9_1od_x1.2,both,2,S0019,621.69625,202,653.57375
B_k9_1od_x1.2,both,2,S0019,621.69625,203,637.8075
B_k9_1od_x1.2,both,2,S0019,621.69625,204,633.41625
B_k9_1od_x1.2,both,2,S0019,621.69625,205,639.57125
B_k9_1od_x1.2,both,3,S0037,623.06875,201,652.7333333333333
B_k9_1od_x1.2,both,3,S0037,623.06875,202,645.11
B_k9_1od_x1.2,both,3,S0037,623.06875,203,641.5954166666667
B_k9_1od_x1.2,both,3,S0037,623.06875,204,642.10125
B_k9_1od_x1.2,both,3,S0037,623.06875,205,633.6820833333334
B_k9_1od_x1.2,both,4,S0012,620.9433333333334,201,624.2270833333333
B_k9_1od_x1.2,both,4,S0012,620.9433333333334,202,655.1741666666667
B_k9_1od_x1.2,both,4,S0012,620.9433333333334,203,642.3025
B_k9_1od_x1.2,both,4,S0012,620.9433333333334,204,660.7591666666667
B_k9_1od_x1.2,both,4,S0012,620.9433333333334,205,652.84
B_k9_1od_x1.2,both,5,S0022,626.4929166666667,201,630.1416666666667
B_k9_1od_x1.2,both,5,S0022,626.4929166666667,202,634.3008333333333
B_k9_1od_x1.2,both,5,S0022,626.4929166666667,203,647.71375
B_k9_1od_x1.2,both,5,S0022,626.4929166666667,204,637.6320833333333
B_k9_1od_x1.2,both,5,S0022,626.4929166666667,205,636.4533333333334
B_k9_1od_x1.2,both,6,S0030,626.9291666666667,201,632.64875
B_k9_1od_x1.2,both,6,S0030,626.9291666666667,202,647.83125
B_k9_1od_x1.2,both,6,S0030,626.9291666666667,203,641.30875
B_k9_1od_x1.2,both,6,S0030,626.9291666666667,204,634.7670833333333
B_k9_1od_x1.2,both,6,S0030,626.9291666666667,205,655.3566666666667
B_k9_1od_x1.2,both,7,S0008,619.7720833333333,201,629.525
B_k9_1od_x1.2,both,7,S0008,619.7720833333333,202,650.88875
B_k9_1od_x1.2,both,7,S0008,619.7720833333333,203,646.3570833333333
B_k9_1od_x1.2,both,7,S0008,619.7720833333333,204,643.785
B_k9_1od_x1.2,both,7,S0008,619.7720833333333,205,613.4066666666666
B_k9_1od_x1.2,both,8,S0018,625.99125,201,638.2825
B_k9_1od_x1.2,both,8,S0018,625.99125,202,644.7991666666667
B_k9_1od_x1.2,both,8,S0018,625.99125,203,622.1204166666666
B_k9_1od_x1.2,both,8,S0018,625.99125,204,648.1008333333333
B_k9_1od_x1.2,both,8,S0018,625.99125,205,633.0575
B_k9_1od_x1.2,both,9,S0028,620.94625,201,638.6333333333333
B_k9_1od_x1.2,both,9,S0028,620.94625,202,641.4541666666667
B_k9_1od_x1.2,both,9,S0028,620.94625,203,646.3791666666667
B_k9_1od_x1.2,both,9,S0028,620.94625,204,641.5879166666666
B_k9_1od_x1.2,both,9,S0028,620.94625,205,656.2854166666667
B_k9_1od_x1.2,init,0,S0013,623.2,201,648.5045833333334
B_k9_1od_x1.2,init,0,S0013,623.2,202,636.1045833333334
B_k9_1od_x1.2,init,0,S0013,623.2,203,637.9620833333333
B_k9_1od_x1.2,init,0,S0013,623.2,204,660.4329166666666
B_k9_1od_x1.2,init,0,S0013,623.2,205,638.6658333333334
B_k9_1od_x1.2,init,1,S0010,621.5570833333334,201,626.7520833333333
B_k9_1od_x1.2,init,1,S0010,621.5570833333334,202,652.7720833333333
B_k9_1od_x1.2,init,1,S0010,621.5570833333334,203,658.51625
B_k9_1od_x1.2,init,1,S0010,621.5570833333334,204,639.9395833333333
B_k9_1od_x1.2,init,1,S0010,621.5570833333334,205,647.5545833333333
B_k9_1od_x1.2,init,2,S0006,626.3104166666667,201,646.93375
B_k9_1od_x1.2,init,2,S0006,626.3104166666667,202,631.2616666666667
B_k9_1od_x1.2,init,2,S0006,626.3104166666667,203,635.225
B_k9_1od_x1.2,init,2,S0006,626.3104166666667,204,645.0795833333333
B_k9_1od_x1.2,init,2,S0006,626.3104166666667,205,648.44125
B_k9_1od_x1.2,init,3,S0023,620.9925,201,639.8508333333333
B_k9_1od_x1.2,init,3,S0023,620.9925,202,639.7816666666666
B_k9_1od_x1.2,init,3,S0023,620.9925,203,642.8425
B_k9_1od_x1.2,init,3,S0023,620.9925,204,636.8304166666667
B_k9_1od_x1.2,init,3,S0023,620.9925,205,636.11375
B_k9_1od_x1.2,init,4,S0017,624.9641666666666,201,650.4975
B_k9_1od_x1.2,init,4,S0017,624.9641666666666,202,645.355
B_k9_1od_x1.2,init,4,S0017,624.9641666666666,203,639.9366666666666
B_k9_1od_x1.2,init,4,S0017,624.9641666666666,204,650.5491666666667
B_k9_1od_x1.2,init,4,S0017,624.9641666666666,205,624.9245833333333
B_k9_1od_x1.2,init,5,S0000,629.9333333333333,201,649.8116666666666
B_k9_1od_x1.2,init,5,S0000,629.9333333333333,202,642.06625
B_k9_1od_x1.2,init,5,S0000,629.9333333333333,203,645.06375
B_k9_1od_x1.2,init,5,S0000,629.9333333333333,204,651.3783333333333
B_k9_1od_x1.2,init,5,S0000,629.9333333333333,205,644.1375
B_k9_1od_x1.2,init,6,S0027,626.61875,201,636.8858333333334
B_k9_1od_x1.2,init,6,S0027,626.61875,202,642.1366666666667
B_k9_1od_x1.2,init,6,S0027,626.61875,203,647.93125
B_k9_1od_x1.2,init,6,S0027,626.61875,204,650.0475
B_k9_1od_x1.2,init,6,S0027,626.61875,205,651.2720833333333
B_k9_1od_x1.2,init,7,S0016,625.1408333333334,201,658.7604166666666
B_k9_1od_x1.2,init,7,S0016,625.1408333333334,202,645.4291666666667
B_k9_1od_x1.2,init,7,S0016,625.1408333333334,203,641.7033333333334
B_k9_1od_x1.2,init,7,S0016,625.1408333333334,204,627.1479166666667
B_k9_1od_x1.2,init,7,S0016,625.1408333333334,205,633.4095833333333
B_k9_1od_x1.2,init,8,S0003,624.6983333333334,201,665.23
B_k9_1od_x1.2,init,8,S0003,624.6983333333334,202,655.6041666666666
B_k9_1od_x1.2,init,8,S0003,624.6983333333334,203,643.6408333333334
B_k9_1od_x1.2,init,8,S0003,624.6983333333334,204,648.68625
B_k9_1od_x1.2,init,8,S0003,624.6983333333334,205,649.5470833333334
B_k9_1od_x1.2,init,9,S0021,627.2904166666667,201,643.3354166666667
B_k9_1od_x1.2,init,9,S0021,627.2904166666667,202,644.44125
B_k9_1od_x1.2,init,9,S0021,627.2904166666667,203,636.1483333333333
B_k9_1od_x1.2,init,9,S0021,627.2904166666667,204,634.2520833333333
B_k9_1od_x1.2,init,9,S0021,627.2904166666667,205,628.9808333333333
B_k9_1od_x1.2,mutation,0,S0002,629.8291666666667,201,644.3508333333333
B_k9_1od_x1.2,mutation,0,S0002,629.8291666666667,202,637.8495833333334
B_k9_1od_x1.2,mutation,0,S0002,629.8291666666667,203,655.83375
B_k9_1od_x1.2,mutation,0,S0002,629.8291666666667,204,668.8641666666666
B_k9_1od_x1.2,mutation,0,S0002,629.8291666666667,205,645.54625
B_k9_1od_x1.2,mutation,1,S0024,627.5420833333334,201,642.8025
B_k9_1od_x1.2,mutation,1,S0024,627.5420833333334,202,639.1845833333333
B_k9_1od_x1.2,mutation,1,S0024,627.5420833333334,203,648.13625
B_k9_1od_x1.2,mutation,1,S0024,627.5420833333334,204,642.2975
B_k9_1od_x1.2,mutation,1,S0024,627.5420833333334,205,631.0833333333334
B_k9_1od_x1.2,mutation,2,S0009,616.8620833333333,201,643.3779166666667
B_k9_1od_x1.2,mutation,2,S0009,616.8620833333333,202,647.56375
B_k9_1od_x1.2,mutation,2,S0009,616.8620833333333,203,644.5354166666667
B_k9_1od_x1.2,mutation,2,S0009,616.8620833333333,204,635.3808333333334
B_k9_1od_x1.2,mutation,2,S0009,616.8620833333333,205,633.5975
B_k9_1od_x1.2,mutation,3,S0020,626.9291666666667,201,636.81
B_k9_1od_x1.2,mutation,3,S0020,626.9291666666667,202,638.2404166666666
B_k9_1od_x1.2,mutation,3,S0020,626.9291666666667,203,640.4504166666667
B_k9_1od_x1.2,mutation,3,S0020,626.9291666666667,204,634.7670833333333
B_k9_1od_x1.2,mutation,3,S0020,626.9291666666667,205,655.3566666666667
B_k9_1od_x1.2,mutation,4,S0036,622.2875,201,652.2829166666667
B_k9_1od_x1.2,mutation,4,S0036,622.2875,202,647.15375
B_k9_1od_x1.2,mutation,4,S0036,622.2875,203,641.5954166666667
B_k9_1od_x1.2,mutation,4,S0036,622.2875,204,653.6179166666667
B_k9_1od_x1.2,mutation,4,S0036,622.2875,205,648.3970833333333
B_k9_1od_x1.2,mutation,5,S0029,623.37625,201,648.7929166666667
B_k9_1od_x1.2,mutation,5,S0029,623.37625,202,659.9570833333333
B_k9_1od_x1.2,mutation,5,S0029,623.37625,203,653.95375
B_k9_1od_x1.2,mutation,5,S0029,623.37625,204,653.0416666666666
B_k9_1od_x1.2,mutation,5,S0029,623.37625,205,650.8666666666667
B_k9_1od_x1.2,mutation,6,S0034,629.19375,201,636.8141666666667
B_k9_1od_x1.2,mutation,6,S0034,629.19375,202,647.4729166666667
B_k9_1od_x1.2,mutation,6,S0034,629.19375,203,657.2729166666667
B_k9_1od_x1.2,mutation,6,S0034,629.19375,204,661.505
B_k9_1od_x1.2,mutation,6,S0034,629.19375,205,647.4883333333333
B_k9_1od_x1.2,mutation,7,S0039,626.2429166666667,201,645.9545833333333
B_k9_1od_x1.2,mutation,7,S0039,626.2429166666667,202,643.00125
B_k9_1od_x1.2,mutation,7,S0039,626.2429166666667,203,636.11875
B_k9_1od_x1.2,mutation,7,S0039,626.2429166666667,204,614.0845833333333
B_k9_1od_x1.2,mutation,7,S0039,626.2429166666667,205,648.3208333333333
B_k9_1od_x1.2,mutation,8,S0025,626.4929166666667,201,636.0470833333334
B_k9_1od_x1.2,mutation,8,S0025,626.4929166666667,202,643.4425
B_k9_1od_x1.2,mutation,8,S0025,626.4929166666667,203,646.0675
B_k9_1od_x1.2,mutation,8,S0025,626.4929166666667,204,639.67375
B_k9_1od_x1.2,mutation,8,S0025,626.4929166666667,205,648.79
B_k9_1od_x1.2,mutation,9,S0032,626.4929166666667,201,639.5195833333333
B_k9_1od_x1.2,mutation,9,S0032,626.4929166666667,202,646.2229166666667
B_k9_1od_x1.2,mutation,9,S0032,626.4929166666667,203,647.8525
B_k9_1od_x1.2,mutation,9,S0032,626.4929166666667,204,628.2866666666666
B_k9_1od_x1.2,mutation,9,S0032,626.4929166666667,205,636.4533333333334
B_k9_1od_x1.2,none,0,S0038,623.5420833333334,201,637.6970833333334
B_k9_1od_x1.2,none,0,S0038,623.5420833333334,202,630.4741666666666
B_k9_1od_x1.2,none,0,S0038,623.5420833333334,203,650.9066666666666
B_k9_1od_x1.2,none,0,S0038,623.5420833333334,204,647.755
B_k9_1od_x1.2,none,0,S0038,623.5420833333334,205,632.1433333333333
B_k9_1od_x1.2,none,1,S0026,623.4466666666667,201,638.3625
B_k9_1od_x1.2,none,1,S0026,623.4466666666667,202,653.7841666666667
B_k9_1od_x1.2,none,1,S0026,623.4466666666667,203,651.7629166666667
B_k9_1od_x1.2,none,1,S0026,623.4466666666667,204,650.3758333333334
B_k9_1od_x1.2,none,1,S0026,623.4466666666667,205,640.7329166666667
B_k9_1od_x1.2,none,2,S0011,630.6420833333333,201,643.6204166666666
B_k9_1od_x1.2,none,2,S0011,630.6420833333333,202,655.83375
B_k9_1od_x1.2,none,2,S0011,630.6420833333333,203,646.0841666666666
B_k9_1od_x1.2,none,2,S0011,630.6420833333333,204,654.76125
B_k9_1od_x1.2,none,2,S0011,630.6420833333333,205,651.8616666666667
B_k9_1od_x1.2,none,3,S0014,630.7208333333333,201,635.3825
B_k9_1od_x1.2,none,3,S0014,630.7208333333333,202,627.0229166666667
B_k9_1od_x1.2,none,3,S0014,630.7208333333333,203,652.225
B_k9_1od_x1.2,none,3,S0014,630.7208333333333,204,632.4695833333334
B_k9_1od_x1.2,none,3,S0014,630.7208333333333,205,644.1291666666667
B_k9_1od_x1.2,none,4,S0031,623.2129166666666,201,634.7883333333333
B_k9_1od_x1.2,none,4,S0031,623.2129166666666,202,639.9916666666667
B_k9_1od_x1.2,none,4,S0031,623.2129166666666,203,637.8679166666667
B_k9_1od_x1.2,none,4,S0031,623.2129166666666,204,628.3129166666666
B_k9_1od_x1.2,none,4,S0031,623.2129166666666,205,643.8116666666666
B_k9_1od_x1.2,none,5,S0035,627.3995833333333,201,634.4029166666667
B_k9_1od_x1.2,none,5,S0035,627.3995833333333,202,646.01
B_k9_1od_x1.2,none,5,S0035,627.3995833333333,203,652.5566666666666
B_k9_1od_x1.2,none,5,S0035,627.3995833333333,204,646.3345833333333
B_k9_1od_x1.2,none,5,S0035,627.3995833333333,205,641.8704166666666
B_k9_1od_x1.2,none,6,S0007,620.9433333333334,201,627.72875
B_k9_1od_x1.2,none,6,S0007,620.9433333333334,202,650.9016666666666
B_k9_1od_x1.2,none,6,S0007,620.9433333333334,203,648.345
B_k9_1od_x1.2,none,6,S0007,620.9433333333334,204,639.7054166666667
B_k9_1od_x1.2,none,6,S0007,620.9433333333334,205,654.6191666666666
B_k9_1od_x1.2,none,7,S0004,626.8758333333334,201,649.7566666666667
B_k9_1od_x1.2,none,7,S0004,626.8758333333334,202,634.8095833333333
B_k9_1od_x1.2,none,7,S0004,626.8758333333334,203,622.5404166666667
B_k9_1od_x1.2,none,7,S0004,626.8758333333334,204,650.68
B_k9_1od_x1.2,none,7,S0004,626.8758333333334,205,618.9383333333334
B_k9_1od_x1.2,none,8,S0033,626.4929166666667,201,630.1416666666667
B_k9_1od_x1.2,none,8,S0033,626.4929166666667,202,631.42
B_k9_1od_x1.2,none,8,S0033,626.4929166666667,203,647.71375
B_k9_1od_x1.2,none,8,S0033,626.4929166666667,204,637.6320833333333
B_k9_1od_x1.2,none,8,S0033,626.4929166666667,205,622.5991666666666
B_k9_1od_x1.2,none,9,S0005,636.0083333333333,201,663.535
B_k9_1od_x1.2,none,9,S0005,636.0083333333333,202,654.0133333333333
B_k9_1od_x1.2,none,9,S0005,636.0083333333333,203,654.8570833333333
B_k9_1od_x1.2,none,9,S0005,636.0083333333333,204,663.0920833333333
B_k9_1od_x1.2,none,9,S0005,636.0083333333333,205,653.4229166666667
B_k9_2od_x0.8,both,0,S0018,595.213125,201,649.886875
B_k9_2od_x0.8,both,0,S0018,595.213125,202,620.39875
B_k9_2od_x0.8,both,0,S0018,595.213125,203,649.65875
B_k9_2od_x0.8,both,0,S0018,595.213125,204,627.4875
B_k9_2od_x0.8,both,0,S0018,595.213125,205,625.2875
B_k9_2od_x0.8,both,1,S0006,607.48625,201,664.105
B_k9_2od_x0.8,both,1,S0006,607.48625,202,638.264375
B_k9_2od_x0.8,both,1,S0006,607.48625,203,662.37375
B_k9_2od_x0.8,both,1,S0006,607.48625,204,641.824375
B_k9_2od_x0.8,both,1,S0006,607.48625,205,634.85625
B_k9_2od_x0.8,both,2,S0002,598.12125,201,653.01875
B_k9_2od_x0.8,both,2,S0002,598.12125,202,668.916875
B_k9_2od_x0.8,both,2,S0002,598.12125,203,673.64125
B_k9_2od_x0.8,both,2,S0002,598.12125,204,641.08125
B_k9_2od_x0.8,both,2,S0002,598.12125,205,650.736875
B_k9_2od_x0.8,both,3,S0001,595.456875,201,639.335625
B_k9_2od_x0.8,both,3,S0001,595.456875,202,643.581875
B_k9_2od_x0.8,both,3,S0001,595.456875,203,682.73375
B_k9_2od_x0.8,both,3,S0001,595.456875,204,633.8975
B_k9_2od_x0.8,both,3,S0001,595.456875,205,641.991875
B_k9_2od_x0.8,both,4,S0016,605.235625,201,631.134375
B_k9_2od_x0.8,both,4,S0016,605.235625,202,648.366875
B_k9_2od_x0.8,both,4,S0016,605.235625,203,669.021875
B_k9_2od_x0.8,both,4,S0016,605.235625,204,644.84625
B_k9_2od_x0.8,both,4,S0016,605.235625,205,628.323125
B_k9_2od_x0.8,both,5,S0015,602.0975,201,638.036875
B_k9_2od_x0.8,both,5,S0015,602.0975,202,641.069375
B_k9_2od_x0.8,both,5,S0015,602.0975,203,622.174375
B_k9_2od_x0.8,both,5,S0015,602.0975,204,610.53
B_k9_2od_x0.8,both,5,S0015,602.0975,205,633.10875
B_k9_2od_x0.8,both,6,S0000,602.40875,201,646.325625
B_k9_2od_x0.8,both,6,S0000,602.40875,202,636.046875
B_k9_2od_x0.8,both,6,S0000,602.40875,203,682.05625
B_k9_2od_x0.8,both,6,S0000,602.40875,204,616.47375
B_k9_2od_x0.8,both,6,S0000,602.40875,205,640.6425
B_k9_2od_x0.8,both,7,S0020,602.170625,201,642.259375
B_k9_2od_x0.8,both,7,S0020,602.170625,202,643.329375
B_k9_2od_x0.8,both,7,S0020,602.170625,203,659.3525
B_k9_2od_x0.8,both,7,S0020,602.170625,204,667.845
B_k9_2od_x0.8,both,7,S0020,602.170625,205,670.353125
B_k9_2od_x0.8,both,8,S0004,598.464375,201,652.91875
B_k9_2od_x0.8,both,8,S0004,598.464375,202,648.385
B_k9_2od_x0.8,both,8,S0004,598.464375,203,651.654375
B_k9_2od_x0.8,both,8,S0004,598.464375,204,638.82
B_k9_2od_x0.8,both,8,S0004,598.464375,205,645.94625
B_k9_2od_x0.8,both,9,S0005,606.098125,201,618.815625
B_k9_2od_x0.8,both,9,S0005,606.098125,202,656.361875
B_k9_2od_x0.8,both,9,S0005,606.098125,203,641.8725
B_k9_2od_x0.8,both,9,S0005,606.098125,204,605.400625
B_k9_2od_x0.8,both,9,S0005,606.098125,205,653.771875
B_k9_2od_x0.8,init,0,S0017,601.04125,201,645.18375
B_k9_2od_x0.8,init,0,S0017,601.04125,202,646.759375
B_k9_2od_x0.8,init,0,S0017,601.04125,203,673.929375
B_k9_2od_x0.8,init,0,S0017,601.04125,204,675.59875
B_k9_2od_x0.8,init,0,S0017,601.04125,205,650.1525
B_k9_2od_x0.8,init,1,S0019,607.02125,201,630.11625
B_k9_2od_x0.8,init,1,S0019,607.02125,202,617.17125
B_k9_2od_x0.8,init,1,S0019,607.02125,203,652.07375
B_k9_2od_x0.8,init,1,S0019,607.02125,204,643.44375
B_k9_2od_x0.8,init,1,S0019,607.02125,205,616.825625
B_k9_2od_x0.8,init,2,S0011,608.593125,201,651.835625
B_k9_2od_x0.8,init,2,S0011,608.593125,202,664.944375
B_k9_2od_x0.8,init,2,S0011,608.593125,203,657.499375
B_k9_2od_x0.8,init,2,S0011,608.593125,204,649.666875
B_k9_2od_x0.8,init,2,S0011,608.593125,205,646.796875
B_k9_2od_x0.8,init,3,S0024,604.95,201,629.43875
B_k9_2od_x0.8,init,3,S0024,604.95,202,649.674375
B_k9_2od_x0.8,init,3,S0024,604.95,203,670.485625
B_k9_2od_x0.8,init,3,S0024,604.95,204,632.049375
B_k9_2od_x0.8,init,3,S0024,604.95,205,643.44875
B_k9_2od_x0.8,init,4,S0025,598.255,201,645.038125
B_k9_2od_x0.8,init,4,S0025,598.255,202,630.62
B_k9_2od_x0.8,init,4,S0025,598.255,203,652.345
B_k9_2od_x0.8,init,4,S0025,598.255,204,622.678125
B_k9_2od_x0.8,init,4,S0025,598.255,205,624.425
B_k9_2od_x0.8,init,5,S0029,594.646875,201,627.74625
B_k9_2od_x0.8,init,5,S0029,594.646875,202,652.5475
B_k9_2od_x0.8,init,5,S0029,594.646875,203,636.045625
B_k9_2od_x0.8,init,5,S0029,594.646875,204,635.356875
B_k9_2od_x0.8,init,5,S0029,594.646875,205,631.575625
B_k9_2od_x0.8,init,6,S0007,606.77375,201,622.605625
B_k9_2od_x0.8,init,6,S0007,606.77375,202,630.593125
B_k9_2od_x0.8,init,6,S0007,606.77375,203,658.6825
B_k9_2od_x0.8,init,6,S0007,606.77375,204,606.878125
B_k9_2od_x0.8,init,6,S0007,606.77375,205,625.986875
B_k9_2od_x0.8,init,7,S0023,608.593125,201,651.835625
B_k9_2od_x0.8,init,7,S0023,608.593125,202,664.944375
B_k9_2od_x0.8,init,7,S0023,608.593125,203,657.499375
B_k9_2od_x0.8,init,7,S0023,608.593125,204,649.666875
B_k9_2od_x0.8,init,7,S0023,608.593125,205,646.796875
B_k9_2od_x0.8,init,8,S0008,607.319375,201,622.11125
B_k9_2od_x0.8,init,8,S0008,607.319375,202,619.801875
B_k9_2od_x0.8,init,8,S0008,607.319375,203,661.091875
B_k9_2od_x0.8,init,8,S0008,607.319375,204,637.28
B_k9_2od_x0.8,init,8,S0008,607.319375,205,626.951875
B_k9_2od_x0.8,init,9,S0038,605.826875,201,618.885
B_k9_2od_x0.8,init,9,S0038,605.826875,202,649.07125
B_k9_2od_x0.8,init,9,S0038,605.826875,203,618.03625
B_k9_2od_x0.8,init,9,S0038,605.826875,204,590.20375
B_k9_2od_x0.8,init,9,S0038,605.826875,205,629.788125
B_k9_2od_x0.8,mutation,0,S0026,608.593125,201,651.835625
B_k9_2od_x0.8,mutation,0,S0026,608.593125,202,664.944375
B_k9_2od_x0.8,mutation,0,S0026,608.593125,203,657.499375
B_k9_2od_x0.8,mutation,0,S0026,608.593125,204,649.666875
B_k9_2od_x0.8,mutation,0,S0026,608.593125,205,646.796875
B_k9_2od_x0.8,mutation,1,S0021,605.836875,201,629.558125
B_k9_2od_x0.8,mutation,1,S0021,605.836875,202,643.603125
B_k9_2od_x0.8,mutation,1,S0021,605.836875,203,649.408125
B_k9_2od_x0.8,mutation,1,S0021,605.836875,204,632.505625
B_k9_2od_x0.8,mutation,1,S0021,605.836875,205,634.499375
B_k9_2od_x0.8,mutation,2,S0036,593.41625,201,619.374375
B_k9_2od_x0.8,mutation,2,S0036,593.41625,202,644.103125
B_k9_2od_x0.8,mutation,2,S0036,593.41625,203,630.454375
B_k9_2od_x0.8,mutation,2,S0036,593.41625,204,630.045
B_k9_2od_x0.8,mutation,2,S0036,593.41625,205,638.73
B_k9_2od_x0.8,mutation,3,S0039,596.65125,201,639.279375
B_k9_2od_x0.8,mutation,3,S0039,596.65125,202,647.2625
B_k9_2od_x0.8,mutation,3,S0039,596.65125,203,654.111875
B_k9_2od_x0.8,mutation,3,S0039,596.65125,204,631.64625
B_k9_2od_x0.8,mutation,3,S0039,596.65125,205,635.4425
B_k9_2od_x0.8,mutation,4,S0032,606.139375,201,612.368125
B_k9_2od_x0.8,mutation,4,S0032,606.139375,202,630.1075
B_k9_2od_x0.8,mutation,4,S0032,606.139375,203,634.795
B_k9_2od_x0.8,mutation,4,S0032,606.139375,204,624.088125
B_k9_2od_x0.8,mutation,4,S0032,606.139375,205,632.11125
B_k9_2od_x0.8,mutation,5,S0030,607.645,201,648.934375
B_k9_2od_x0.8,mutation,5,S0030,607.645,202,657.368125
B_k9_2od_x0.8,mutation,5,S0030,607.645,203,660.771875
B_k9_2od_x0.8,mutation,5,S0030,607.645,204,648.541875
B_k9_2od_x0.8,mutation,5,S0030,607.645,205,636.90125
B_k9_2od_x0.8,mutation,6,S0014,601.959375,201,660.933125
B_k9_2od_x0.8,mutation,6,S0014,601.959375,202,617.221875
B_k9_2od_x0.8,mutation,6,S0014,601.959375,203,649.1375
B_k9_2od_x0.8,mutation,6,S0014,601.959375,204,654.06875
B_k9_2od_x0.8,mutation,6,S0014,601.959375,205,648.52125
B_k9_2od_x0.8,mutation,7,S0028,583.93125,201,645.4775
B_k9_2od_x0.8,mutation,7,S0028,583.93125,202,654.89625
B_k9_2od_x0.8,mutation,7,S0028,583.93125,203,651.8125
B_k9_2od_x0.8,mutation,7,S0028,583.93125,204,628.074375
B_k9_2od_x0.8,mutation,7,S0028,583.93125,205,645.223125
B_k9_2od_x0.8,mutation,8,S0034,603.858125,201,630.419375
B_k9_2od_x0.8,mutation,8,S0034,603.858125,202,655.4775
B_k9_2od_x0.8,mutation,8,S0034,603.858125,203,642.690625
B_k9_2od_x0.8,mutation,8,S0034,603.858125,204,574.953125
B_k9_2od_x0.8,mutation,8,S0034,603.858125,205,623.69
B_k9_2od_x0.8,mutation,9,S0009,608.593125,201,651.835625
B_k9_2od_x0.8,mutation,9,S0009,608.593125,202,664.944375
B_k9_2od_x0.8,mutation,9,S0009,608.593125,203,657.499375
B_k9_2od_x0.8,mutation,9,S0009,608.593125,204,649.666875
B_k9_2od_x0.8,mutation,9,S0009,608.593125,205,646.796875
B_k9_2od_x0.8,none,0,S0027,604.463125,201,660.580625
B_k9_2od_x0.8,none,0,S0027,604.463125,202,638.549375
B_k9_2od_x0.8,none,0,S0027,604.463125,203,652.62
B_k9_2od_x0.8,none,0,S0027,604.463125,204,630.12625
B_k9_2od_x0.8,none,0,S0027,604.463125,205,634.685
B_k9_2od_x0.8,none,1,S0031,602.36875,201,633.251875
B_k9_2od_x0.8,none,1,S0031,602.36875,202,653.740625
B_k9_2od_x0.8,none,1,S0031,602.36875,203,658.92625
B_k9_2od_x0.8,none,1,S0031,602.36875,204,648.829375
B_k9_2od_x0.8,none,1,S0031,602.36875,205,645.20375
B_k9_2od_x0.8,none,2,S0037,595.88125,201,660.781875
B_k9_2od_x0.8,none,2,S0037,595.88125,202,653.66125
B_k9_2od_x0.8,none,2,S0037,595.88125,203,600.764375
B_k9_2od_x0.8,none,2,S0037,595.88125,204,603.3475
B_k9_2od_x0.8,none,2,S0037,595.88125,205,650.98375
B_k9_2od_x0.8,none,3,S0013,591.620625,201,650.19375
B_k9_2od_x0.8,none,3,S0013,591.620625,202,662.25625
B_k9_2od_x0.8,none,3,S0013,591.620625,203,673.031875
B_k9_2od_x0.8,none,3,S0013,591.620625,204,641.534375
B_k9_2od_x0.8,none,3,S0013,591.620625,205,652.33875
B_k9_2od_x0.8,none,4,S0035,600.774375,201,629.551875
B_k9_2od_x0.8,none,4,S0035,600.774375,202,643.900625
B_k9_2od_x0.8,none,4,S0035,600.774375,203,632.836875
B_k9_2od_x0.8,none,4,S0035,600.774375,204,613.534375
B_k9_2od_x0.8,none,4,S0035,600.774375,205,635.293125
B_k9_2od_x0.8,none,5,S0003,598.744375,201,641.010625
B_k9_2od_x0.8,none,5,S0003,598.744375,202,648.87875
B_k9_2od_x0.8,none,5,S0003,598.744375,203,652.225
B_k9_2od_x0.8,none,5,S0003,598.744375,204,641.80375
B_k9_2od_x0.8,none,5,S0003,598.744375,205,647.62875
B_k9_2od_x0.8,none,6,S0012,608.593125,201,651.835625
B_k9_2od_x0.8,none,6,S0012,608.593125,202,664.944375
B_k9_2od_x0.8,none,6,S0012,608.593125,203,667.599375
B_k9_2od_x0.8,none,6,S0012,608.593125,204,649.666875
B_k9_2od_x0.8,none,6,S0012,608.593125,205,655.914375
B_k9_2od_x0.8,none,7,S0022,601.186875,201,620.6775
B_k9_2od_x0.8,none,7,S0022,601.186875,202,633.834375
B_k9_2od_x0.8,none,7,S0022,601.186875,203,649.411875
B_k9_2od_x0.8,none,7,S0022,601.186875,204,608.533125
B_k9_2od_x0.8,none,7,S0022,601.186875,205,660.13125
B_k9_2od_x0.8,none,8,S0010,604.768125,201,601.7025
B_k9_2od_x0.8,none,8,S0010,604.768125,202,623.52
B_k9_2od_x0.8,none,8,S0010,604.768125,203,624.741875
B_k9_2od_x0.8,none,8,S0010,604.768125,204,622.925625
B_k9_2od_x0.8,none,8,S0010,604.768125,205,641.473125
B_k9_2od_x0.8,none,9,S0033,605.865625,201,623.77125
B_k9_2od_x0.8,none,9,S0033,605.865625,202,638.445625
B_k9_2od_x0.8,none,9,S0033,605.865625,203,687.47375
B_k9_2od_x0.8,none,9,S0033,605.865625,204,638.4375
B_k9_2od_x0.8,none,9,S0033,605.865625,205,636.455625
B_k9_2od_x1.0,both,0,S0021,745.6345,201,766.469
B_k9_2od_x1.0,both,0,S0021,745.6345,202,781.1495
B_k9_2od_x1.0,both,0,S0021,745.6345,203,774.1455
B_k9_2od_x1.0,both,0,S0021,745.6345,204,768.6275
B_k9_2od_x1.0,both,0,S0021,745.6345,205,787.3565
B_k9_2od_x1.0,both,1,S0022,745.403,201,779.9555
B_k9_2od_x1.0,both,1,S0022,745.403,202,801.4815
B_k9_2od_x1.0,both,1,S0022,745.403,203,791.3575
B_k9_2od_x1.0,both,1,S0022,745.403,204,783.317
B_k9_2od_x1.0,both,1,S0022,745.403,205,772.823
B_k9_2od_x1.0,both,2,S0013,746.9955,201,768.5275
B_k9_2od_x1.0,both,2,S0013,746.9955,202,771.8895
B_k9_2od_x1.0,both,2,S0013,746.9955,203,749.675
B_k9_2od_x1.0,both,2,S0013,746.9955,204,787.402
B_k9_2od_x1.0,both,2,S0013,746.9955,205,776.4965
B_k9_2od_x1.0,both,3,S0023,729.8385,201,748.3895
B_k9_2od_x1.0,both,3,S0023,729.8385,202,757.609
B_k9_2od_x1.0,both,3,S0023,729.8385,203,790.523
B_k9_2od_x1.0,both,3,S0023,729.8385,204,765.3565
B_k9_2od_x1.0,both,3,S0023,729.8385,205,777.379
B_k9_2od_x1.0,both,4,S0033,740.1815,201,790.018
B_k9_2od_x1.0,both,4,S0033,740.1815,202,775.85
B_k9_2od_x1.0,both,4,S0033,740.1815,203,774.274
B_k9_2od_x1.0,both,4,S0033,740.1815,204,770.8275
B_k9_2od_x1.0,both,4,S0033,740.1815,205,776.563
B_k9_2od_x1.0,both,5,S0017,754.304,201,768.787
B_k9_2od_x1.0,both,5,S0017,754.304,202,788.8805
B_k9_2od_x1.0,both,5,S0017,754.304,203,789.4695
B_k9_2od_x1.0,both,5,S0017,754.304,204,783.871
B_k9_2od_x1.0,both,5,S0017,754.304,205,764.551
B_k9_2od_x1.0,both,6,S0016,750.942,201,779.813
B_k9_2od_x1.0,both,6,S0016,750.942,202,781.955
B_k9_2od_x1.0,both,6,S0016,750.942,203,775.4975
B_k9_2od_x1.0,both,6,S0016,750.942,204,775.8275
B_k9_2od_x1.0,both,6,S0016,750.942,205,796.177
B_k9_2od_x1.0,both,7,S0037,732.867,201,758.2895
B_k9_2od_x1.0,both,7,S0037,732.867,202,770.9445
B_k9_2od_x1.0,both,7,S0037,732.867,203,786.141
B_k9_2od_x1.0,both,7,S0037,732.867,204,756.1005
B_k9_2od_x1.0,both,7,S0037,732.867,205,779.4785
B_k9_2od_x1.0,both,8,S0008,746.3695,201,768.2665
B_k9_2od_x1.0,both,8,S0008,746.3695,202,771.155
B_k9_2od_x1.0,both,8,S0008,746.3695,203,764.3045
B_k9_2od_x1.0,both,8,S0008,746.3695,204,777.4765
B_k9_2od_x1.0,both,8,S0008,746.3695,205,797.3765
B_k9_2od_x1.0,both,9,S0026,745.6575,201,770.599
B_k9_2od_x1.0,both,9,S0026,745.6575,202,745.3495
B_k9_2od_x1.0,both,9,S0026,745.6575,203,799.0465
B_k9_2od_x1.0,both,9,S0026,745.6575,204,767.945
B_k9_2od_x1.0,both,9,S0026,745.6575,205,786.477
B_k9_2od_x1.0,init,0,S0009,731.154,201,778.7515
B_k9_2od_x1.0,init,0,S0009,731.154,202,756.649
B_k9_2od_x1.0,init,0,S0009,731.154,203,761.786
B_k9_2od_x1.0,init,0,S0009,731.154,204,757.6865
B_k9_2od_x1.0,init,0,S0009,731.154,205,760.6625
B_k9_2od_x1.0,init,1,S0004,749.579,201,758.488
B_k9_2od_x1.0,init,1,S0004,749.579,202,790.7805
B_k9_2od_x1.0,init,1,S0004,749.579,203,767.285
B_k9_2od_x1.0,init,1,S0004,749.579,204,780.928
B_k9_2od_x1.0,init,1,S0004,749.579,205,786.6135
B_k9_2od_x1.0,init,2,S0038,735.2505,201,776.4285
B_k9_2od_x1.0,init,2,S0038,735.2505,202,790.3615
B_k9_2od_x1.0,init,2,S0038,735.2505,203,767.858
B_k9_2od_x1.0,init,2,S0038,735.2505,204,784.367
B_k9_2od_x1.0,init,2,S0038,735.2505,205,780.352
B_k9_2od_x1.0,init,3,S0031,737.4735,201,760.114
B_k9_2od_x1.0,init,3,S0031,737.4735,202,743.4485
B_k9_2od_x1.0,init,3,S0031,737.4735,203,755.603
B_k9_2od_x1.0,init,3,S0031,737.4735,204,788.4305
B_k9_2od_x1.0,init,3,S0031,737.4735,205,772.1105
B_k9_2od_x1.0,init,4,S0039,735.0235,201,779.75
B_k9_2od_x1.0,init,4,S0039,735.0235,202,773.863
B_k9_2od_x1.0,init,4,S0039,735.0235,203,788.938
B_k9_2od_x1.0,init,4,S0039,735.0235,204,786.5715
B_k9_2od_x1.0,init,4,S0039,735.0235,205,781.2665
B_k9_2od_x1.0,init,5,S0032,743.8765,201,774.565
B_k9_2od_x1.0,init,5,S0032,743.8765,202,781.3585
B_k9_2od_x1.0,init,5,S0032,743.8765,203,771.0535
B_k9_2od_x1.0,init,5,S0032,743.8765,204,765.3535
B_k9_2od_x1.0,init,5,S0032,743.8765,205,775.8805
B_k9_2od_x1.0,init,6,S0005,738.0605,201,748.943
B_k9_2od_x1.0,init,6,S0005,738.0605,202,754.15
B_k9_2od_x1.0,init,6,S0005,738.0605,203,759.01
B_k9_2od_x1.0,init,6,S0005,738.0605,204,762.9545
B_k9_2od_x1.0,init,6,S0005,738.0605,205,757.1515
B_k9_2od_x1.0,init,7,S0015,744.138,201,774.6375
B_k9_2od_x1.0,init,7,S0015,744.138,202,776.282
B_k9_2od_x1.0,init,7,S0015,744.138,203,783.661
B_k9_2od_x1.0,init,7,S0015,744.138,204,777.8415
B_k9_2od_x1.0,init,7,S0015,744.138,205,787.436
B_k9_2od_x1.0,init,8,S0007,748.4935,201,767.0545
B_k9_2od_x1.0,init,8,S0007,748.4935,202,759.2215
B_k9_2od_x1.0,init,8,S0007,748.4935,203,772.9385
B_k9_2od_x1.0,init,8,S0007,748.4935,204,772.4775
B_k9_2od_x1.0,init,8,S0007,748.4935,205,763.844
B_k9_2od_x1.0,init,9,S0018,749.4565,201,777.895
B_k9_2od_x1.0,init,9,S0018,749.4565,202,764.6675
B_k9_2od_x1.0,init,9,S0018,749.4565,203,778.4595
B_k9_2od_x1.0,init,9,S0018,749.4565,204,769.9015
B_k9_2od_x1.0,init,9,S0018,749.4565,205,792.9395
B_k9_2od_x1.0,mutation,0,S0034,748.711,201,752.261
B_k9_2od_x1.0,mutation,0,S0034,748.711,202,769.139
B_k9_2od_x1.0,mutation,0,S0034,748.711,203,768.3835
B_k9_2od_x1.0,mutation,0,S0034,748.711,204,767.758
B_k9_2od_x1.0,mutation,0,S0034,748.711,205,759.832
B_k9_2od_x1.0,mutation,1,S0025,745.563,201,755.128
B_k9_2od_x1.0,mutation,1,S0025,745.563,202,778.1795
B_k9_2od_x1.0,mutation,1,S0025,745.563,203,761.638
B_k9_2od_x1.0,mutation,1,S0025,745.563,204,788.4605
B_k9_2od_x1.0,mutation,1,S0025,745.563,205,782.7
B_k9_2od_x1.0,mutation,2,S0014,744.2585,201,759.7085
B_k9_2od_x1.0,mutation,2,S0014,744.2585,202,766.8755
B_k9_2od_x1.0,mutation,2,S0014,744.2585,203,762.8295
B_k9_2od_x1.0,mutation,2,S0014,744.2585,204,761.91
B_k9_2od_x1.0,mutation,2,S0014,744.2585,205,781.2915
B_k9_2od_x1.0,mutation,3,S0011,744.988,201,755.6455
B_k9_2od_x1.0,mutation,3,S0011,744.988,202,754.3535
B_k9_2od_x1.0,mutation,3,S0011,744.988,203,756.839
B_k9_2od_x1.0,mutation,3,S0011,744.988,204,779.968
B_k9_2od_x1.0,mutation,3,S0011,744.988,205,783.799
B_k9_2od_x1.0,mutation,4,S0035,739.8415,201,763.7375
B_k9_2od_x1.0,mutation,4,S0035,739.8415,202,742.509
B_k9_2od_x1.0,mutation,4,S0035,739.8415,203,754.435
B_k9_2od_x1.0,mutation,4,S0035,739.8415,204,756.051
B_k9_2od_x1.0,mutation,4,S0035,739.8415,205,736.5735
B_k9_2od_x1.0,mutation,5,S0029,738.841,201,775.7995
B_k9_2od_x1.0,mutation,5,S0029,738.841,202,723.393
B_k9_2od_x1.0,mutation,5,S0029,738.841,203,774.542
B_k9_2od_x1.0,mutation,5,S0029,738.841,204,762.557
B_k9_2od_x1.0,mutation,5,S0029,738.841,205,773.5595
B_k9_2od_x1.0,mutation,6,S0019,743.458,201,772.947
B_k9_2od_x1.0,mutation,6,S0019,743.458,202,766.546
B_k9_2od_x1.0,mutation,6,S0019,743.458,203,767.957
B_k9_2od_x1.0,mutation,6,S0019,743.458,204,790.5015
B_k9_2od_x1.0,mutation,6,S0019,743.458,205,756.814
B_k9_2od_x1.0,mutation,7,S0028,736.908,201,760.593
B_k9_2od_x1.0,mutation,7,S0028,736.908,202,789.7945
B_k9_2od_x1.0,mutation,7,S0028,736.908,203,785.0795
B_k9_2od_x1.0,mutation,7,S0028,736.908,204,793.268
B_k9_2od_x1.0,mutation,7,S0028,736.908,205,778.5975
B_k9_2od_x1.0,mutation,8,S0024,752.2645,201,784.3435
B_k9_2od_x1.0,mutation,8,S0024,752.2645,202,782.553
B_k9_2od_x1.0,mutation,8,S0024,752.2645,203,783.464
B_k9_2od_x1.0,mutation,8,S0024,752.2645,204,772.9025
B_k9_2od_x1.0,mutation,8,S0024,752.2645,205,790.413
B_k9_2od_x1.0,mutation,9,S0027,742.0715,201,778.7665
B_k9_2od_x1.0,mutation,9,S0027,742.0715,202,788.1095
B_k9_2od_x1.0,mutation,9,S0027,742.0715,203,774.687
B_k9_2od_x1.0,mutation,9,S0027,742.0715,204,787.9725
B_k9_2od_x1.0,mutation,9,S0027,742.0715,205,768.5695
B_k9_2od_x1.0,none,0,S0020,752.9295,201,766.068
B_k9_2od_x1.0,none,0,S0020,752.9295,202,773.199
B_k9_2od_x1.0,none,0,S0020,752.9295,203,757.528
B_k9_2od_x1.0,none,0,S0020,752.9295,204,756.0805
B_k9_2od_x1.0,none,0,S0020,752.9295,205,760.578
B_k9_2od_x1.0,none,1,S0003,747.2805,201,766.22
B_k9_2od_x1.0,none,1,S0003,747.2805,202,777.6415
B_k9_2od_x1.0,none,1,S0003,747.2805,203,773.1615
B_k9_2od_x1.0,none,1,S0003,747.2805,204,784.107
B_k9_2od_x1.0,none,1,S0003,747.2805,205,786.5165
B_k9_2od_x1.0,none,2,S0001,742.303,201,785.9135
B_k9_2od_x1.0,none,2,S0001,742.303,202,780.9005
B_k9_2od_x1.0,none,2,S0001,742.303,203,762.8475
B_k9_2od_x1.0,none,2,S0001,742.303,204,760.99
B_k9_2od_x1.0,none,2,S0001,742.303,205,773.786
B_k9_2od_x1.0,none,3,S0010,740.5155,201,762.367
B_k9_2od_x1.0,none,3,S0010,740.5155,202,788.617
B_k9_2od_x1.0,none,3,S0010,740.5155,203,771.323
B_k9_2od_x1.0,none,3,S0010,740.5155,204,791.738
B_k9_2od_x1.0,none,3,S0010,740.5155,205,795.16
B_k9_2od_x1.0,none,4,S0012,730.553,201,768.7185
B_k9_2od_x1.0,none,4,S0012,730.553,202,782.295
B_k9_2od_x1.0,none,4,S0012,730.553,203,776.804
B_k9_2od_x1.0,none,4,S0012,730.553,204,759.5865
B_k9_2od_x1.0,none,4,S0012,730.553,205,779.9875
B_k9_2od_x1.0,none,5,S0002,731.2095,201,750.3525
B_k9_2od_x1.0,none,5,S0002,731.2095,202,769.36
B_k9_2od_x1.0,none,5,S0002,731.2095,203,773.05
B_k9_2od_x1.0,none,5,S0002,731.2095,204,753.6105
B_k9_2od_x1.0,none,5,S0002,731.2095,205,768.241
B_k9_2od_x1.0,none,6,S0036,748.754,201,782.9865
B_k9_2od_x1.0,none,6,S0036,748.754,202,761.6055
B_k9_2od_x1.0,none,6,S0036,748.754,203,765.861
B_k9_2od_x1.0,none,6,S0036,748.754,204,778.973
B_k9_2od_x1.0,none,6,S0036,748.754,205,765.612
B_k9_2od_x1.0,none,7,S0000,737.585,201,764.5545
B_k9_2od_x1.0,none,7,S0000,737.585,202,765.007
B_k9_2od_x1.0,none,7,S0000,737.585,203,787.614
B_k9_2od_x1.0,none,7,S0000,737.585,204,774.194
B_k9_2od_x1.0,none,7,S0000,737.585,205,791.1465
B_k9_2od_x1.0,none,8,S0006,750.674,201,775.715
B_k9_2od_x1.0,none,8,S0006,750.674,202,774.151
B_k9_2od_x1.0,none,8,S0006,750.674,203,773.998
B_k9_2od_x1.0,none,8,S0006,750.674,204,779.7175
B_k9_2od_x1.0,none,8,S0006,750.674,205,793.8515
B_k9_2od_x1.0,none,9,S0030,740.948,201,769.585
B_k9_2od_x1.0,none,9,S0030,740.948,202,763.5235
B_k9_2od_x1.0,none,9,S0030,740.948,203,772.221
B_k9_2od_x1.0,none,9,S0030,740.948,204,799.7075
B_k9_2od_x1.0,none,9,S0030,740.948,205,786.552
B_k9_2od_x1.2,both,0,S0028,780.605,201,814.8016666666666
B_k9_2od_x1.2,both,0,S0028,780.605,202,813.6154166666666
B_k9_2od_x1.2,both,0,S0028,780.605,203,815.93125
B_k9_2od_x1.2,both,0,S0028,780.605,204,806.1316666666667
B_k9_2od_x1.2,both,0,S0028,780.605,205,811.6208333333333
B_k9_2od_x1.2,both,1,S0008,781.85875,201,814.2504166666666
B_k9_2od_x1.2,both,1,S0008,781.85875,202,821.545
B_k9_2od_x1.2,both,1,S0008,781.85875,203,814.51
B_k9_2od_x1.2,both,1,S0008,781.85875,204,802.47875
B_k9_2od_x1.2,both,1,S0008,781.85875,205,802.7829166666667
B_k9_2od_x1.2,both,2,S0011,785.4041666666667,201,800.87875
B_k9_2od_x1.2,both,2,S0011,785.4041666666667,202,815.93
B_k9_2od_x1.2,both,2,S0011,785.4041666666667,203,799.7770833333333
B_k9_2od_x1.2,both,2,S0011,785.4041666666667,204,793.7354166666667
B_k9_2od_x1.2,both,2,S0011,785.4041666666667,205,825.4891666666666
B_k9_2od_x1.2,both,3,S0019,787.2691666666667,201,802.92125
B_k9_2od_x1.2,both,3,S0019,787.2691666666667,202,817.8433333333334
B_k9_2od_x1.2,both,3,S0019,787.2691666666667,203,795.5416666666666
B_k9_2od_x1.2,both,3,S0019,787.2691666666667,204,807.2029166666666
B_k9_2od_x1.2,both,3,S0019,787.2691666666667,205,821.2679166666667
B_k9_2od_x1.2,both,4,S0023,781.85875,201,797.3970833333333
B_k9_2od_x1.2,both,4,S0023,781.85875,202,821.545
B_k9_2od_x1.2,both,4,S0023,781.85875,203,814.51
B_k9_2od_x1.2,both,4,S0023,781.85875,204,802.47875
B_k9_2od_x1.2,both,4,S0023,781.85875,205,802.7829166666667
B_k9_2od_x1.2,both,5,S0037,782.6670833333334,201,803.2225
B_k9_2od_x1.2,both,5,S0037,782.6670833333334,202,807.8591666666666
B_k9_2od_x1.2,both,5,S0037,782.6670833333334,203,804.57625
B_k9_2od_x1.2,both,5,S0037,782.6670833333334,204,807.635
B_k9_2od_x1.2,both,5,S0037,782.6670833333334,205,800.5608333333333
B_k9_2od_x1.2,both,6,S0025,784.5595833333333,201,789.2825
B_k9_2od_x1.2,both,6,S0025,784.5595833333333,202,817.5758333333333
B_k9_2od_x1.2,both,6,S0025,784.5595833333333,203,809.2279166666667
B_k9_2od_x1.2,both,6,S0025,784.5595833333333,204,798.91625
B_k9_2od_x1.2,both,6,S0025,784.5595833333333,205,786.2091666666666
B_k9_2od_x1.2,both,7,S0016,780.785,201,803.5954166666667
B_k9_2od_x1.2,both,7,S0016,780.785,202,824.3254166666667
B_k9_2od_x1.2,both,7,S0016,780.785,203,818.6291666666667
B_k9_2od_x1.2,both,7,S0016,780.785,204,801.7791666666667
B_k9_2od_x1.2,both,7,S0016,780.785,205,819.57875
B_k9_2od_x1.2,both,8,S0000,784.3566666666667,201,803.8529166666667
B_k9_2od_x1.2,both,8,S0000,784.3566666666667,202,806.1933333333334
B_k9_2od_x1.2,both,8,S0000,784.3566666666667,203,800.25
B_k9_2od_x1.2,both,8,S0000,784.3566666666667,204,830.5208333333334
B_k9_2od_x1.2,both,8,S0000,784.3566666666667,205,790.0020833333333
B_k9_2od_x1.2,both,9,S0024,775.9233333333333,201,818.87375
B_k9_2od_x1.2,both,9,S0024,775.9233333333333,202,821.545
B_k9_2od_x1.2,both,9,S0024,775.9233333333333,203,811.46
B_k9_2od_x1.2,both,9,S0024,775.9233333333333,204,808.3025
B_k9_2od_x1.2,both,9,S0024,775.9233333333333,205,804.0291666666667
B_k9_2od_x1.2,init,0,S0029,784.1441666666667,201,800.6079166666667
B_k9_2od_x1.2,init,0,S0029,784.1441666666667,202,793.5354166666667
B_k9_2od_x1.2,init,0,S0029,784.1441666666667,203,814.1425
B_k9_2od_x1.2,init,0,S0029,784.1441666666667,204,810.2495833333334
B_k9_2od_x1.2,init,0,S0029,784.1441666666667,205,801.3558333333333
B_k9_2od_x1.2,init,1,S0021,780.7675,201,810.8
B_k9_2od_x1.2,init,1,S0021,780.7675,202,804.4841666666666
B_k9_2od_x1.2,init,1,S0021,780.7675,203,817.36375
B_k9_2od_x1.2,init,1,S0021,780.7675,204,801.6733333333333
B_k9_2od_x1.2,init,1,S0021,780.7675,205,796.2133333333334
B_k9_2od_x1.2,init,2,S0014,782.6316666666667,201,809.5220833333333
B_k9_2od_x1.2,init,2,S0014,782.6316666666667,202,834.6845833333333
B_k9_2od_x1.2,init,2,S0014,782.6316666666667,203,819.82875
B_k9_2od_x1.2,init,2,S0014,782.6316666666667,204,798.3433333333334
B_k9_2od_x1.2,init,2,S0014,782.6316666666667,205,807.3104166666667
B_k9_2od_x1.2,init,3,S0001,785.8633333333333,201,795.8
B_k9_2od_x1.2,init,3,S0001,785.8633333333333,202,810.5241666666667
B_k9_2od_x1.2,init,3,S0001,785.8633333333333,203,809.0266666666666
B_k9_2od_x1.2,init,3,S0001,785.8633333333333,204,802.9254166666667
B_k9_2od_x1.2,init,3,S0001,785.8633333333333,205,807.6916666666667
B_k9_2od_x1.2,init,4,S0006,775.3445833333334,201,797.4708333333333
B_k9_2od_x1.2,init,4,S0006,775.3445833333334,202,809.3116666666666
B_k9_2od_x1.2,init,4,S0006,775.3445833333334,203,796.3954166666666
B_k9_2od_x1.2,init,4,S0006,775.3445833333334,204,797.13
B_k9_2od_x1.2,init,4,S0006,775.3445833333334,205,807.1458333333334
B_k9_2od_x1.2,init,5,S0004,781.635,201,787.4816666666667
B_k9_2od_x1.2,init,5,S0004,781.635,202,790.8366666666667
B_k9_2od_x1.2,init,5,S0004,781.635,203,802.9291666666667
B_k9_2od_x1.2,init,5,S0004,781.635,204,796.7179166666666
B_k9_2od_x1.2,init,5,S0004,781.635,205,803.3908333333334
B_k9_2od_x1.2,init,6,S0031,781.49625,201,800.595
B_k9_2od_x1.2,init,6,S0031,781.49625,202,815.30875
B_k9_2od_x1.2,init,6,S0031,781.49625,203,829.1683333333333
B_k9_2od_x1.2,init,6,S0031,781.49625,204,795.1654166666667
B_k9_2od_x1.2,init,6,S0031,781.49625,205,817.09625
B_k9_2od_x1.2,init,7,S0030,777.63125,201,812.1091666666666
B_k9_2od_x1.2,init,7,S0030,777.63125,202,801.9254166666667
B_k9_2od_x1.2,init,7,S0030,777.63125,203,804.3645833333334
B_k9_2od_x1.2,init,7,S0030,777.63125,204,797.8791666666667
B_k9_2od_x1.2,init,7,S0030,777.63125,205,792.3416666666667
B_k9_2od_x1.2,init,8,S0003,786.37375,201,809.5275
B_k9_2od_x1.2,init,8,S0003,786.37375,202,801.9091666666667
B_k9_2od_x1.2,init,8,S0003,786.37375,203,807.2375
B_k9_2od_x1.2,init,8,S0003,786.37375,204,796.3720833333333
B_k9_2od_x1.2,init,8,S0003,786.37375,205,804.6866666666666
B_k9_2od_x1.2,init,9,S0002,786.4066666666666,201,803.415
B_k9_2od_x1.2,init,9,S0002,786.4066666666666,202,807.4391666666667
B_k9_2od_x1.2,init,9,S0002,786.4066666666666,203,802.60375
B_k9_2od_x1.2,init,9,S0002,786.4066666666666,204,807.8866666666667
B_k9_2od_x1.2,init,9,S0002,786.4066666666666,205,808.1508333333334
B_k9_2od_x1.2,mutation,0,S0013,778.9608333333333,201,810.3895833333333
B_k9_2od_x1.2,mutation,0,S0013,778.9608333333333,202,808.6525
B_k9_2od_x1.2,mutation,0,S0013,778.9608333333333,203,816.9170833333334
B_k9_2od_x1.2,mutation,0,S0013,778.9608333333333,204,817.9279166666666
B_k9_2od_x1.2,mutation,0,S0013,778.9608333333333,205,819.9495833333333
B_k9_2od_x1.2,mutation,1,S0034,787.4029166666667,201,806.7570833333333
B_k9_2od_x1.2,mutation,1,S0034,787.4029166666667,202,806.905
B_k9_2od_x1.2,mutation,1,S0034,787.4029166666667,203,806.5629166666666
B_k9_2od_x1.2,mutation,1,S0034,787.4029166666667,204,814.6316666666667
B_k9_2od_x1.2,mutation,1,S0034,787.4029166666667,205,807.29125
B_k9_2od_x1.2,mutation,2,S0012,782.6670833333334,201,808.0808333333333
B_k9_2od_x1.2,mutation,2,S0012,782.6670833333334,202,807.8591666666666
B_k9_2od_x1.2,mutation,2,S0012,782.6670833333334,203,812.0775
B_k9_2od_x1.2,mutation,2,S0012,782.6670833333334,204,807.635
B_k9_2od_x1.2,mutation,2,S0012,782.6670833333334,205,800.5608333333333
B_k9_2od_x1.2,mutation,3,S0017,786.6941666666667,201,814.5545833333333
B_k9_2od_x1.2,mutation,3,S0017,786.6941666666667,202,818.9604166666667
B_k9_2od_x1.2,mutation,3,S0017,786.6941666666667,203,813.9620833333333
B_k9_2od_x1.2,mutation,3,S0017,786.6941666666667,204,823.3533333333334
B_k9_2od_x1.2,mutation,3,S0017,786.6941666666667,205,813.0591666666667
B_k9_2od_x1.2,mutation,4,S0007,774.8066666666666,201,806.7570833333333
B_k9_2od_x1.2,mutation,4,S0007,774.8066666666666,202,806.905
B_k9_2od_x1.2,mutation,4,S0007,774.8066666666666,203,806.5629166666666
B_k9_2od_x1.2,mutation,4,S0007,774.8066666666666,204,814.2041666666667
B_k9_2od_x1.2,mutation,4,S0007,774.8066666666666,205,807.29125
B_k9_2od_x1.2,mutation,5,S0015,784.5045833333334,201,809.5820833333333
B_k9_2od_x1.2,mutation,5,S0015,784.5045833333334,202,803.2770833333333
B_k9_2od_x1.2,mutation,5,S0015,784.5045833333334,203,817.3491666666666
B_k9_2od_x1.2,mutation,5,S0015,784.5045833333334,204,809.64375
B_k9_2od_x1.2,mutation,5,S0015,784.5045833333334,205,790.24375
B_k9_2od_x1.2,mutation,6,S0035,786.2633333333333,201,807.93125
B_k9_2od_x1.2,mutation,6,S0035,786.2633333333333,202,819.5325
B_k9_2od_x1.2,mutation,6,S0035,786.2633333333333,203,821.14
B_k9_2od_x1.2,mutation,6,S0035,786.2633333333333,204,809.83375
B_k9_2od_x1.2,mutation,6,S0035,786.2633333333333,205,811.08375
B_k9_2od_x1.2,mutation,7,S0033,769.3795833333334,201,812.3641666666666
B_k9_2od_x1.2,mutation,7,S0033,769.3795833333334,202,806.7595833333334
B_k9_2od_x1.2,mutation,7,S0033,769.3795833333334,203,799.11125
B_k9_2od_x1.2,mutation,7,S0033,769.3795833333334,204,785.1120833333333
B_k9_2od_x1.2,mutation,7,S0033,769.3795833333334,205,797.0945833333334
B_k9_2od_x1.2,mutation,8,S0036,786.9845833333334,201,805.38625
B_k9_2od_x1.2,mutation,8,S0036,786.9845833333334,202,802.0158333333334
B_k9_2od_x1.2,mutation,8,S0036,786.9845833333334,203,821.10875
B_k9_2od_x1.2,mutation,8,S0036,786.9845833333334,204,813.31625
B_k9_2od_x1.2,mutation,8,S0036,786.9845833333334,205,812.3933333333333
B_k9_2od_x1.2,mutation,9,S0009,782.9883333333333,201,805.7141666666666
B_k9_2od_x1.2,mutation,9,S0009,782.9883333333333,202,808.0
B_k9_2od_x1.2,mutation,9,S0009,782.9883333333333,203,798.6741666666667
B_k9_2od_x1.2,mutation,9,S0009,782.9883333333333,204,804.4008333333334
B_k9_2od_x1.2,mutation,9,S0009,782.9883333333333,205,785.015
B_k9_2od_x1.2,none,0,S0027,781.49375,201,806.1408333333334
B_k9_2od_x1.2,none,0,S0027,781.49375,202,806.1745833333333
B_k9_2od_x1.2,none,0,S0027,781.49375,203,823.3733333333333
B_k9_2od_x1.2,none,0,S0027,781.49375,204,801.1979166666666
B_k9_2od_x1.2,none,0,S0027,781.49375,205,814.6254166666666
B_k9_2od_x1.2,none,1,S0010,782.3833333333333,201,825.4404166666667
B_k9_2od_x1.2,none,1,S0010,782.3833333333333,202,813.7608333333334
B_k9_2od_x1.2,none,1,S0010,782.3833333333333,203,810.1841666666667
B_k9_2od_x1.2,none,1,S0010,782.3833333333333,204,802.7895833333333
B_k9_2od_x1.2,none,1,S0010,782.3833333333333,205,818.34
B_k9_2od_x1.2,none,2,S0005,787.4054166666666,201,802.7916666666666
B_k9_2od_x1.2,none,2,S0005,787.4054166666666,202,809.1541666666667
B_k9_2od_x1.2,none,2,S0005,787.4054166666666,203,801.2804166666666
B_k9_2od_x1.2,none,2,S0005,787.4054166666666,204,798.2870833333334
B_k9_2od_x1.2,none,2,S0005,787.4054166666666,205,802.6141666666666
B_k9_2od_x1.2,none,3,S0039,786.3308333333333,201,807.0641666666667
B_k9_2od_x1.2,none,3,S0039,786.3308333333333,202,803.9470833333334
B_k9_2od_x1.2,none,3,S0039,786.3308333333333,203,801.4
B_k9_2od_x1.2,none,3,S0039,786.3308333333333,204,827.4183333333333
B_k9_2od_x1.2,none,3,S0039,786.3308333333333,205,809.0545833333333
B_k9_2od_x1.2,none,4,S0038,785.4966666666667,201,802.31875
B_k9_2od_x1.2,none,4,S0038,785.4966666666667,202,808.0
B_k9_2od_x1.2,none,4,S0038,785.4966666666667,203,798.6741666666667
B_k9_2od_x1.2,none,4,S0038,785.4966666666667,204,804.4775
B_k9_2od_x1.2,none,4,S0038,785.4966666666667,205,795.895
B_k9_2od_x1.2,none,5,S0026,788.5220833333333,201,792.44875
B_k9_2od_x1.2,none,5,S0026,788.5220833333333,202,824.1441666666667
B_k9_2od_x1.2,none,5,S0026,788.5220833333333,203,809.8775
B_k9_2od_x1.2,none,5,S0026,788.5220833333333,204,820.9258333333333
B_k9_2od_x1.2,none,5,S0026,788.5220833333333,205,811.43875
B_k9_2od_x1.2,none,6,S0022,778.1095833333334,201,790.38875
B_k9_2od_x1.2,none,6,S0022,778.1095833333334,202,796.0466666666666
B_k9_2od_x1.2,none,6,S0022,778.1095833333334,203,794.0920833333333
B_k9_2od_x1.2,none,6,S0022,778.1095833333334,204,790.6933333333334
B_k9_2od_x1.2,none,6,S0022,778.1095833333334,205,777.0175
B_k9_2od_x1.2,none,7,S0032,777.58125,201,794.3320833333333
B_k9_2od_x1.2,none,7,S0032,777.58125,202,801.4045833333333
B_k9_2od_x1.2,none,7,S0032,777.58125,203,789.3520833333333
B_k9_2od_x1.2,none,7,S0032,777.58125,204,794.8725
B_k9_2od_x1.2,none,7,S0032,777.58125,205,791.5025
B_k9_2od_x1.2,none,8,S0018,780.4379166666666,201,791.4333333333333
B_k9_2od_x1.2,none,8,S0018,780.4379166666666,202,808.1195833333334
B_k9_2od_x1.2,none,8,S0018,780.4379166666666,203,821.4641666666666
B_k9_2od_x1.2,none,8,S0018,780.4379166666666,204,793.47625
B_k9_2od_x1.2,none,8,S0018,780.4379166666666,205,808.7595833333334
B_k9_2od_x1.2,none,9,S0020,773.8875,201,796.3733333333333
B_k9_2od_x1.2,none,9,S0020,773.8875,202,806.2133333333334
B_k9_2od_x1.2,none,9,S0020,773.8875,203,790.58125
B_k9_2od_x1.2,none,9,S0020,773.8875,204,802.3833333333333
B_k9_2od_x1.2,none,9,S0020,773.8875,205,811.7875
B_k9_3od_x0.8,both,0,S0028,367.420625,201,400.3275
B_k9_3od_x0.8,both,0,S0028,367.420625,202,389.455625
B_k9_3od_x0.8,both,0,S0028,367.420625,203,392.35875
B_k9_3od_x0.8,both,0,S0028,367.420625,204,382.785625
B_k9_3od_x0.8,both,0,S0028,367.420625,205,388.883125
B_k9_3od_x0.8,both,1,S0011,368.22375,201,384.533125
B_k9_3od_x0.8,both,1,S0011,368.22375,202,396.879375
B_k9_3od_x0.8,both,1,S0011,368.22375,203,391.285625
B_k9_3od_x0.8,both,1,S0011,368.22375,204,379.1875
B_k9_3od_x0.8,both,1,S0011,368.22375,205,372.97875
B_k9_3od_x0.8,both,2,S0013,366.605625,201,397.32
B_k9_3od_x0.8,both,2,S0013,366.605625,202,428.414375
B_k9_3od_x0.8,both,2,S0013,366.605625,203,392.300625
B_k9_3od_x0.8,both,2,S0013,366.605625,204,382.395625
B_k9_3od_x0.8,both,2,S0013,366.605625,205,386.0175
B_k9_3od_x0.8,both,3,S0007,360.01125,201,396.950625
B_k9_3od_x0.8,both,3,S0007,360.01125,202,368.461875
B_k9_3od_x0.8,both,3,S0007,360.01125,203,400.775625
B_k9_3od_x0.8,both,3,S0007,360.01125,204,357.584375
B_k9_3od_x0.8,both,3,S0007,360.01125,205,393.486875
B_k9_3od_x0.8,both,4,S0014,367.52875,201,414.005
B_k9_3od_x0.8,both,4,S0014,367.52875,202,386.878125
B_k9_3od_x0.8,both,4,S0014,367.52875,203,388.19375
B_k9_3od_x0.8,both,4,S0014,367.52875,204,385.67625
B_k9_3od_x0.8,both,4,S0014,367.52875,205,387.503125
B_k9_3od_x0.8,both,5,S0002,365.298125,201,411.030625
B_k9_3od_x0.8,both,5,S0002,365.298125,202,394.466875
B_k9_3od_x0.8,both,5,S0002,365.298125,203,404.2025
B_k9_3od_x0.8,both,5,S0002,365.298125,204,398.298125
B_k9_3od_x0.8,both,5,S0002,365.298125,205,385.17625
B_k9_3od_x0.8,both,6,S0020,376.24,201,392.32125
B_k9_3od_x0.8,both,6,S0020,376.24,202,375.719375
B_k9_3od_x0.8,both,6,S0020,376.24,203,401.154375
B_k9_3od_x0.8,both,6,S0020,376.24,204,396.773125
B_k9_3od_x0.8,both,6,S0020,376.24,205,388.955625
B_k9_3od_x0.8,both,7,S0000,367.0,201,380.66
B_k9_3od_x0.8,both,7,S0000,367.0,202,381.365625
B_k9_3od_x0.8,both,7,S0000,367.0,203,417.60375
B_k9_3od_x0.8,both,7,S0000,367.0,204,394.234375
B_k9_3od_x0.8,both,7,S0000,367.0,205,378.075
B_k9_3od_x0.8,both,8,S0012,365.888125,201,393.343125
B_k9_3od_x0.8,both,8,S0012,365.888125,202,395.395
B_k9_3od_x0.8,both,8,S0012,365.888125,203,397.325
B_k9_3od_x0.8,both,8,S0012,365.888125,204,418.815625
B_k9_3od_x0.8,both,8,S0012,365.888125,205,414.020625
B_k9_3od_x0.8,both,9,S0016,380.5375,201,382.7725
B_k9_3od_x0.8,both,9,S0016,380.5375,202,416.6125
B_k9_3od_x0.8,both,9,S0016,380.5375,203,402.68375
B_k9_3od_x0.8,both,9,S0016,380.5375,204,386.968125
B_k9_3od_x0.8,both,9,S0016,380.5375,205,384.913125
B_k9_3od_x0.8,init,0,S0023,369.33125,201,396.74625
B_k9_3od_x0.8,init,0,S0023,369.33125,202,423.78875
B_k9_3od_x0.8,init,0,S0023,369.33125,203,374.055
B_k9_3od_x0.8,init,0,S0023,369.33125,204,394.30375
B_k9_3od_x0.8,init,0,S0023,369.33125,205,389.346875
B_k9_3od_x0.8,init,1,S0003,374.415,201,390.546875
B_k9_3od_x0.8,init,1,S0003,374.415,202,408.190625
B_k9_3od_x0.8,init,1,S0003,374.415,203,443.955625
B_k9_3od_x0.8,init,1,S0003,374.415,204,407.884375
B_k9_3od_x0.8,init,1,S0003,374.415,205,420.429375
B_k9_3od_x0.8,init,2,S0033,365.299375,201,378.480625
B_k9_3od_x0.8,init,2,S0033,365.299375,202,393.2575
B_k9_3od_x0.8,init,2,S0033,365.299375,203,396.520625
B_k9_3od_x0.8,init,2,S0033,365.299375,204,377.283125
B_k9_3od_x0.8,init,2,S0033,365.299375,205,408.99375
B_k9_3od_x0.8,init,3,S0034,373.678125,201,384.424375
B_k9_3od_x0.8,init,3,S0034,373.678125,202,409.0475
B_k9_3od_x0.8,init,3,S0034,373.678125,203,479.95125
B_k9_3od_x0.8,init,3,S0034,373.678125,204,440.92
B_k9_3od_x0.8,init,3,S0034,373.678125,205,405.881875
B_k9_3od_x0.8,init,4,S0017,376.18125,201,411.5075
B_k9_3od_x0.8,init,4,S0017,376.18125,202,445.3325
B_k9_3od_x0.8,init,4,S0017,376.18125,203,413.395625
B_k9_3od_x0.8,init,4,S0017,376.18125,204,387.443125
B_k9_3od_x0.8,init,4,S0017,376.18125,205,432.65625
B_k9_3od_x0.8,init,5,S0035,366.475,201,418.0725
B_k9_3od_x0.8,init,5,S0035,366.475,202,389.935
B_k9_3od_x0.8,init,5,S0035,366.475,203,385.32
B_k9_3od_x0.8,init,5,S0035,366.475,204,383.065625
B_k9_3od_x0.8,init,5,S0035,366.475,205,406.58875
B_k9_3od_x0.8,init,6,S0027,366.88875,201,396.023125
B_k9_3od_x0.8,init,6,S0027,366.88875,202,392.32375
B_k9_3od_x0.8,init,6,S0027,366.88875,203,427.258125
B_k9_3od_x0.8,init,6,S0027,366.88875,204,402.76375
B_k9_3od_x0.8,init,6,S0027,366.88875,205,416.156875
B_k9_3od_x0.8,init,7,S0032,367.30125,201,397.98375
B_k9_3od_x0.8,init,7,S0032,367.30125,202,387.681875
B_k9_3od_x0.8,init,7,S0032,367.30125,203,398.91375
B_k9_3od_x0.8,init,7,S0032,367.30125,204,381.090625
B_k9_3od_x0.8,init,7,S0032,367.30125,205,386.0175
B_k9_3od_x0.8,init,8,S0019,356.883125,201,392.566875
B_k9_3od_x0.8,init,8,S0019,356.883125,202,378.89125
B_k9_3od_x0.8,init,8,S0019,356.883125,203,386.39875
B_k9_3od_x0.8,init,8,S0019,356.883125,204,405.42625
B_k9_3od_x0.8,init,8,S0019,356.883125,205,431.815625
B_k9_3od_x0.8,init,9,S0036,363.84125,201,386.550625
B_k9_3od_x0.8,init,9,S0036,363.84125,202,408.130625
B_k9_3od_x0.8,init,9,S0036,363.84125,203,385.464375
B_k9_3od_x0.8,init,9,S0036,363.84125,204,372.649375
B_k9_3od_x0.8,init,9,S0036,363.84125,205,390.574375
B_k9_3od_x0.8,mutation,0,S0038,372.6275,201,398.3375
B_k9_3od_x0.8,mutation,0,S0038,372.6275,202,394.041875
B_k9_3od_x0.8,mutation,0,S0038,372.6275,203,380.333125
B_k9_3od_x0.8,mutation,0,S0038,372.6275,204,385.00875
B_k9_3od_x0.8,mutation,0,S0038,372.6275,205,382.271875
B_k9_3od_x0.8,mutation,1,S0006,365.775,201,405.451875
B_k9_3od_x0.8,mutation,1,S0006,365.775,202,411.90875
B_k9_3od_x0.8,mutation,1,S0006,365.775,203,382.83
B_k9_3od_x0.8,mutation,1,S0006,365.775,204,388.81875
B_k9_3od_x0.8,mutation,1,S0006,365.775,205,385.775625
B_k9_3od_x0.8,mutation,2,S0005,374.315,201,372.81
B_k9_3od_x0.8,mutation,2,S0005,374.315,202,388.743125
B_k9_3od_x0.8,mutation,2,S0005,374.315,203,404.8725
B_k9_3od_x0.8,mutation,2,S0005,374.315,204,383.303125
B_k9_3od_x0.8,mutation,2,S0005,374.315,205,419.343125
B_k9_3od_x0.8,mutation,3,S0039,366.3225,201,388.33
B_k9_3od_x0.8,mutation,3,S0039,366.3225,202,411.5625
B_k9_3od_x0.8,mutation,3,S0039,366.3225,203,412.110625
B_k9_3od_x0.8,mutation,3,S0039,366.3225,204,408.494375
B_k9_3od_x0.8,mutation,3,S0039,366.3225,205,415.585625
B_k9_3od_x0.8,mutation,4,S0018,373.155,201,399.05625
B_k9_3od_x0.8,mutation,4,S0018,373.155,202,398.78125
B_k9_3od_x0.8,mutation,4,S0018,373.155,203,432.8175
B_k9_3od_x0.8,mutation,4,S0018,373.155,204,414.1125
B_k9_3od_x0.8,mutation,4,S0018,373.155,205,457.6975
B_k9_3od_x0.8,mutation,5,S0001,365.15375,201,395.145
B_k9_3od_x0.8,mutation,5,S0001,365.15375,202,430.591875
B_k9_3od_x0.8,mutation,5,S0001,365.15375,203,396.02625
B_k9_3od_x0.8,mutation,5,S0001,365.15375,204,387.324375
B_k9_3od_x0.8,mutation,5,S0001,365.15375,205,384.13375
B_k9_3od_x0.8,mutation,6,S0010,365.185,201,390.785625
B_k9_3od_x0.8,mutation,6,S0010,365.185,202,388.840625
B_k9_3od_x0.8,mutation,6,S0010,365.185,203,391.658125
B_k9_3od_x0.8,mutation,6,S0010,365.185,204,378.588125
B_k9_3od_x0.8,mutation,6,S0010,365.185,205,410.998125
B_k9_3od_x0.8,mutation,7,S0031,362.818125,201,382.68
B_k9_3od_x0.8,mutation,7,S0031,362.818125,202,391.706875
B_k9_3od_x0.8,mutation,7,S0031,362.818125,203,388.305625
B_k9_3od_x0.8,mutation,7,S0031,362.818125,204,388.793125
B_k9_3od_x0.8,mutation,7,S0031,362.818125,205,405.56625
B_k9_3od_x0.8,mutation,8,S0004,371.453125,201,410.029375
B_k9_3od_x0.8,mutation,8,S0004,371.453125,202,403.360625
B_k9_3od_x0.8,mutation,8,S0004,371.453125,203,426.2
B_k9_3od_x0.8,mutation,8,S0004,371.453125,204,379.5475
B_k9_3od_x0.8,mutation,8,S0004,371.453125,205,410.2475
B_k9_3od_x0.8,mutation,9,S0022,360.135,201,375.283125
B_k9_3od_x0.8,mutation,9,S0022,360.135,202,375.24
B_k9_3od_x0.8,mutation,9,S0022,360.135,203,393.1375
B_k9_3od_x0.8,mutation,9,S0022,360.135,204,396.405625
B_k9_3od_x0.8,mutation,9,S0022,360.135,205,394.114375
B_k9_3od_x0.8,none,0,S0009,370.891875,201,406.485625
B_k9_3od_x0.8,none,0,S0009,370.891875,202,378.838125
B_k9_3od_x0.8,none,0,S0009,370.891875,203,407.13125
B_k9_3od_x0.8,none,0,S0009,370.891875,204,407.275625
B_k9_3od_x0.8,none,0,S0009,370.891875,205,385.939375
B_k9_3od_x0.8,none,1,S0029,374.991875,201,374.915625
B_k9_3od_x0.8,none,1,S0029,374.991875,202,407.383125
B_k9_3od_x0.8,none,1,S0029,374.991875,203,404.581875
B_k9_3od_x0.8,none,1,S0029,374.991875,204,402.953125
B_k9_3od_x0.8,none,1,S0029,374.991875,205,408.9925
B_k9_3od_x0.8,none,2,S0008,371.211875,201,378.558125
B_k9_3od_x0.8,none,2,S0008,371.211875,202,377.69
B_k9_3od_x0.8,none,2,S0008,371.211875,203,378.8925
B_k9_3od_x0.8,none,2,S0008,371.211875,204,394.155625
B_k9_3od_x0.8,none,2,S0008,371.211875,205,395.9175
B_k9_3od_x0.8,none,3,S0025,367.866875,201,392.516875
B_k9_3od_x0.8,none,3,S0025,367.866875,202,394.665
B_k9_3od_x0.8,none,3,S0025,367.866875,203,389.255625
B_k9_3od_x0.8,none,3,S0025,367.866875,204,389.8125
B_k9_3od_x0.8,none,3,S0025,367.866875,205,381.861875
B_k9_3od_x0.8,none,4,S0037,367.30125,201,398.40125
B_k9_3od_x0.8,none,4,S0037,367.30125,202,391.173125
B_k9_3od_x0.8,none,4,S0037,367.30125,203,398.0825
B_k9_3od_x0.8,none,4,S0037,367.30125,204,382.58125
B_k9_3od_x0.8,none,4,S0037,367.30125,205,388.058125
B_k9_3od_x0.8,none,5,S0015,369.885625,201,395.02125
B_k9_3od_x0.8,none,5,S0015,369.885625,202,411.493125
B_k9_3od_x0.8,none,5,S0015,369.885625,203,436.751875
B_k9_3od_x0.8,none,5,S0015,369.885625,204,428.375
B_k9_3od_x0.8,none,5,S0015,369.885625,205,432.90625
B_k9_3od_x0.8,none,6,S0030,365.959375,201,427.346875
B_k9_3od_x0.8,none,6,S0030,365.959375,202,388.694375
B_k9_3od_x0.8,none,6,S0030,365.959375,203,416.105625
B_k9_3od_x0.8,none,6,S0030,365.959375,204,385.621875
B_k9_3od_x0.8,none,6,S0030,365.959375,205,391.275625
B_k9_3od_x0.8,none,7,S0026,377.63625,201,400.965625
B_k9_3od_x0.8,none,7,S0026,377.63625,202,409.948125
B_k9_3od_x0.8,none,7,S0026,377.63625,203,403.5725
B_k9_3od_x0.8,none,7,S0026,377.63625,204,397.395
B_k9_3od_x0.8,none,7,S0026,377.63625,205,388.96125
B_k9_3od_x0.8,none,8,S0024,363.374375,201,408.705
B_k9_3od_x0.8,none,8,S0024,363.374375,202,407.46375
B_k9_3od_x0.8,none,8,S0024,363.374375,203,394.375625
B_k9_3od_x0.8,none,8,S0024,363.374375,204,381.088125
B_k9_3od_x0.8,none,8,S0024,363.374375,205,377.1075
B_k9_3od_x0.8,none,9,S0021,368.1675,201,367.096875
B_k9_3od_x0.8,none,9,S0021,368.1675,202,399.878125
B_k9_3od_x0.8,none,9,S0021,368.1675,203,381.9125
B_k9_3od_x0.8,none,9,S0021,368.1675,204,417.400625
B_k9_3od_x0.8,none,9,S0021,368.1675,205,386.154375
B_k9_3od_x1.0,both,0,S0034,471.5665,201,496.6475
B_k9_3od_x1.0,both,0,S0034,471.5665,202,538.692
B_k9_3od_x1.0,both,0,S0034,471.5665,203,507.5025
B_k9_3od_x1.0,both,0,S0034,471.5665,204,511.4475
B_k9_3od_x1.0,both,0,S0034,471.5665,205,504.2875
B_k9_3od_x1.0,both,1,S0028,471.1915,201,524.0035
B_k9_3od_x1.0,both,1,S0028,471.1915,202,513.0935
B_k9_3od_x1.0,both,1,S0028,471.1915,203,502.4965
B_k9_3od_x1.0,both,1,S0028,471.1915,204,527.1995
B_k9_3od_x1.0,both,1,S0028,471.1915,205,503.74
B_k9_3od_x1.0,both,2,S0020,461.859,201,490.543
B_k9_3od_x1.0,both,2,S0020,461.859,202,506.6485
B_k9_3od_x1.0,both,2,S0020,461.859,203,467.2235
B_k9_3od_x1.0,both,2,S0020,461.859,204,483.2675
B_k9_3od_x1.0,both,2,S0020,461.859,205,472.408
B_k9_3od_x1.0,both,3,S0005,470.233,201,490.6295
B_k9_3od_x1.0,both,3,S0005,470.233,202,467.608
B_k9_3od_x1.0,both,3,S0005,470.233,203,474.835
B_k9_3od_x1.0,both,3,S0005,470.233,204,490.8425
B_k9_3od_x1.0,both,3,S0005,470.233,205,485.747
B_k9_3od_x1.0,both,4,S0017,470.7345,201,470.87
B_k9_3od_x1.0,both,4,S0017,470.7345,202,499.309
B_k9_3od_x1.0,both,4,S0017,470.7345,203,493.9675
B_k9_3od_x1.0,both,4,S0017,470.7345,204,490.459
B_k9_3od_x1.0,both,4,S0017,470.7345,205,495.58
B_k9_3od_x1.0,both,5,S0016,478.274,201,533.532
B_k9_3od_x1.0,both,5,S0016,478.274,202,556.096
B_k9_3od_x1.0,both,5,S0016,478.274,203,497.695
B_k9_3od_x1.0,both,5,S0016,478.274,204,540.05
B_k9_3od_x1.0,both,5,S0016,478.274,205,514.3255
B_k9_3od_x1.0,both,6,S0030,471.143,201,497.058
B_k9_3od_x1.0,both,6,S0030,471.143,202,467.608
B_k9_3od_x1.0,both,6,S0030,471.143,203,463.7
B_k9_3od_x1.0,both,6,S0030,471.143,204,483.865
B_k9_3od_x1.0,both,6,S0030,471.143,205,485.747
B_k9_3od_x1.0,both,7,S0018,485.0875,201,501.817
B_k9_3od_x1.0,both,7,S0018,485.0875,202,491.3365
B_k9_3od_x1.0,both,7,S0018,485.0875,203,495.396
B_k9_3od_x1.0,both,7,S0018,485.0875,204,500.013
B_k9_3od_x1.0,both,7,S0018,485.0875,205,492.593
B_k9_3od_x1.0,both,8,S0010,476.677,201,508.3385
B_k9_3od_x1.0,both,8,S0010,476.677,202,514.2215
B_k9_3od_x1.0,both,8,S0010,476.677,203,500.755
B_k9_3od_x1.0,both,8,S0010,476.677,204,499.2475
B_k9_3od_x1.0,both,8,S0010,476.677,205,500.8485
B_k9_3od_x1.0,both,9,S0026,473.0795,201,505.634
B_k9_3od_x1.0,both,9,S0026,473.0795,202,498.217
B_k9_3od_x1.0,both,9,S0026,473.0795,203,521.3335
B_k9_3od_x1.0,both,9,S0026,473.0795,204,499.2145
B_k9_3od_x1.0,both,9,S0026,473.0795,205,489.001
B_k9_3od_x1.0,init,0,S0032,475.2,201,516.4465
B_k9_3od_x1.0,init,0,S0032,475.2,202,506.4365
B_k9_3od_x1.0,init,0,S0032,475.2,203,514.347
B_k9_3od_x1.0,init,0,S0032,475.2,204,506.5855
B_k9_3od_x1.0,init,0,S0032,475.2,205,503.187
B_k9_3od_x1.0,init,1,S0038,479.4145,201,492.623
B_k9_3od_x1.0,init,1,S0038,479.4145,202,523.7015
B_k9_3od_x1.0,init,1,S0038,479.4145,203,491.963
B_k9_3od_x1.0,init,1,S0038,479.4145,204,494.1
B_k9_3od_x1.0,init,1,S0038,479.4145,205,511.1485
B_k9_3od_x1.0,init,2,S0022,462.6865,201,523.245
B_k9_3od_x1.0,init,2,S0022,462.6865,202,498.9855
B_k9_3od_x1.0,init,2,S0022,462.6865,203,541.2075
B_k9_3od_x1.0,init,2,S0022,462.6865,204,513.98
B_k9_3od_x1.0,init,2,S0022,462.6865,205,508.557
B_k9_3od_x1.0,init,3,S0006,480.004,201,493.474
B_k9_3od_x1.0,init,3,S0006,480.004,202,490.6165
B_k9_3od_x1.0,init,3,S0006,480.004,203,480.7255
B_k9_3od_x1.0,init,3,S0006,480.004,204,506.474
B_k9_3od_x1.0,init,3,S0006,480.004,205,495.976
B_k9_3od_x1.0,init,4,S0021,486.493,201,519.7065
B_k9_3od_x1.0,init,4,S0021,486.493,202,516.5895
B_k9_3od_x1.0,init,4,S0021,486.493,203,497.019
B_k9_3od_x1.0,init,4,S0021,486.493,204,529.462
B_k9_3od_x1.0,init,4,S0021,486.493,205,494.455
B_k9_3od_x1.0,init,5,S0014,470.0475,201,482.1065
B_k9_3od_x1.0,init,5,S0014,470.0475,202,519.2915
B_k9_3od_x1.0,init,5,S0014,470.0475,203,495.186
B_k9_3od_x1.0,init,5,S0014,470.0475,204,484.9815
B_k9_3od_x1.0,init,5,S0014,470.0475,205,491.4815
B_k9_3od_x1.0,init,6,S0037,475.361,201,498.422
B_k9_3od_x1.0,init,6,S0037,475.361,202,523.161
B_k9_3od_x1.0,init,6,S0037,475.361,203,503.682
B_k9_3od_x1.0,init,6,S0037,475.361,204,497.7225
B_k9_3od_x1.0,init,6,S0037,475.361,205,490.85
B_k9_3od_x1.0,init,7,S0023,477.4215,201,499.249
B_k9_3od_x1.0,init,7,S0023,477.4215,202,518.7475
B_k9_3od_x1.0,init,7,S0023,477.4215,203,487.9985
B_k9_3od_x1.0,init,7,S0023,477.4215,204,512.6
B_k9_3od_x1.0,init,7,S0023,477.4215,205,516.331
B_k9_3od_x1.0,init,8,S0000,474.797,201,504.894
B_k9_3od_x1.0,init,8,S0000,474.797,202,496.539
B_k9_3od_x1.0,init,8,S0000,474.797,203,502.0465
B_k9_3od_x1.0,init,8,S0000,474.797,204,516.561
B_k9_3od_x1.0,init,8,S0000,474.797,205,489.926
B_k9_3od_x1.0,init,9,S0001,481.447,201,506.724
B_k9_3od_x1.0,init,9,S0001,481.447,202,513.7905
B_k9_3od_x1.0,init,9,S0001,481.447,203,511.1945
B_k9_3od_x1.0,init,9,S0001,481.447,204,526.172
B_k9_3od_x1.0,init,9,S0001,481.447,205,527.4895
B_k9_3od_x1.0,mutation,0,S0035,470.0685,201,497.691
B_k9_3od_x1.0,mutation,0,S0035,470.0685,202,489.6655
B_k9_3od_x1.0,mutation,0,S0035,470.0685,203,510.5595
B_k9_3od_x1.0,mutation,0,S0035,470.0685,204,491.288
B_k9_3od_x1.0,mutation,0,S0035,470.0685,205,496.455
B_k9_3od_x1.0,mutation,1,S0015,480.5015,201,499.604
B_k9_3od_x1.0,mutation,1,S0015,480.5015,202,487.371
B_k9_3od_x1.0,mutation,1,S0015,480.5015,203,493.543
B_k9_3od_x1.0,mutation,1,S0015,480.5015,204,475.1885
B_k9_3od_x1.0,mutation,1,S0015,480.5015,205,481.257
B_k9_3od_x1.0,mutation,2,S0002,473.8005,201,526.0895
B_k9_3od_x1.0,mutation,2,S0002,473.8005,202,479.087
B_k9_3od_x1.0,mutation,2,S0002,473.8005,203,489.737
B_k9_3od_x1.0,mutation,2,S0002,473.8005,204,502.293
B_k9_3od_x1.0,mutation,2,S0002,473.8005,205,495.3145
B_k9_3od_x1.0,mutation,3,S0019,478.6265,201,518.961
B_k9_3od_x1.0,mutation,3,S0019,478.6265,202,486.7335
B_k9_3od_x1.0,mutation,3,S0019,478.6265,203,541.2075
B_k9_3od_x1.0,mutation,3,S0019,478.6265,204,505.174
B_k9_3od_x1.0,mutation,3,S0019,478.6265,205,515.8255
B_k9_3od_x1.0,mutation,4,S0013,470.5195,201,507.37
B_k9_3od_x1.0,mutation,4,S0013,470.5195,202,504.1655
B_k9_3od_x1.0,mutation,4,S0013,470.5195,203,491.639
B_k9_3od_x1.0,mutation,4,S0013,470.5195,204,507.815
B_k9_3od_x1.0,mutation,4,S0013,470.5195,205,496.574
B_k9_3od_x1.0,mutation,5,S0031,476.1895,201,484.711
B_k9_3od_x1.0,mutation,5,S0031,476.1895,202,502.3975
B_k9_3od_x1.0,mutation,5,S0031,476.1895,203,478.8965
B_k9_3od_x1.0,mutation,5,S0031,476.1895,204,493.339
B_k9_3od_x1.0,mutation,5,S0031,476.1895,205,478.374
B_k9_3od_x1.0,mutation,6,S0033,468.967,201,535.417
B_k9_3od_x1.0,mutation,6,S0033,468.967,202,496.3885
B_k9_3od_x1.0,mutation,6,S0033,468.967,203,525.9745
B_k9_3od_x1.0,mutation,6,S0033,468.967,204,536.221
B_k9_3od_x1.0,mutation,6,S0033,468.967,205,518.2455
B_k9_3od_x1.0,mutation,7,S0007,480.3775,201,491.38
B_k9_3od_x1.0,mutation,7,S0007,480.3775,202,482.7895
B_k9_3od_x1.0,mutation,7,S0007,480.3775,203,478.522
B_k9_3od_x1.0,mutation,7,S0007,480.3775,204,495.3675
B_k9_3od_x1.0,mutation,7,S0007,480.3775,205,503.559
B_k9_3od_x1.0,mutation,8,S0024,479.5045,201,495.1885
B_k9_3od_x1.0,mutation,8,S0024,479.5045,202,514.3415
B_k9_3od_x1.0,mutation,8,S0024,479.5045,203,495.395
B_k9_3od_x1.0,mutation,8,S0024,479.5045,204,493.901
B_k9_3od_x1.0,mutation,8,S0024,479.5045,205,481.503
B_k9_3od_x1.0,mutation,9,S0036,476.935,201,500.529
B_k9_3od_x1.0,mutation,9,S0036,476.935,202,518.9945
B_k9_3od_x1.0,mutation,9,S0036,476.935,203,494.6865
B_k9_3od_x1.0,mutation,9,S0036,476.935,204,503.2455
B_k9_3od_x1.0,mutation,9,S0036,476.935,205,506.436
B_k9_3od_x1.0,none,0,S0027,479.6265,201,502.5385
B_k9_3od_x1.0,none,0,S0027,479.6265,202,489.8875
B_k9_3od_x1.0,none,0,S0027,479.6265,203,512.392
B_k9_3od_x1.0,none,0,S0027,479.6265,204,498.7965
B_k9_3od_x1.0,none,0,S0027,479.6265,205,516.951
B_k9_3od_x1.0,none,1,S0012,485.762,201,537.3005
B_k9_3od_x1.0,none,1,S0012,485.762,202,558.3765
B_k9_3od_x1.0,none,1,S0012,485.762,203,513.9775
B_k9_3od_x1.0,none,1,S0012,485.762,204,515.1595
B_k9_3od_x1.0,none,1,S0012,485.762,205,508.7465
B_k9_3od_x1.0,none,2,S0003,473.191,201,503.5865
B_k9_3od_x1.0,none,2,S0003,473.191,202,488.2705
B_k9_3od_x1.0,none,2,S0003,473.191,203,498.3275
B_k9_3od_x1.0,none,2,S0003,473.191,204,491.6925
B_k9_3od_x1.0,none,2,S0003,473.191,205,509.687
B_k9_3od_x1.0,none,3,S0009,486.0495,201,530.295
B_k9_3od_x1.0,none,3,S0009,486.0495,202,534.21
B_k9_3od_x1.0,none,3,S0009,486.0495,203,505.114
B_k9_3od_x1.0,none,3,S0009,486.0495,204,523.503
B_k9_3od_x1.0,none,3,S0009,486.0495,205,499.2695
B_k9_3od_x1.0,none,4,S0025,478.671,201,532.5685
B_k9_3od_x1.0,none,4,S0025,478.671,202,535.386
B_k9_3od_x1.0,none,4,S0025,478.671,203,492.675
B_k9_3od_x1.0,none,4,S0025,478.671,204,518.009
B_k9_3od_x1.0,none,4,S0025,478.671,205,519.779
B_k9_3od_x1.0,none,5,S0029,479.993,201,504.499
B_k9_3od_x1.0,none,5,S0029,479.993,202,511.064
B_k9_3od_x1.0,none,5,S0029,479.993,203,518.802
B_k9_3od_x1.0,none,5,S0029,479.993,204,513.517
B_k9_3od_x1.0,none,5,S0029,479.993,205,504.3505
B_k9_3od_x1.0,none,6,S0008,477.06,201,513.3975
B_k9_3od_x1.0,none,6,S0008,477.06,202,499.592
B_k9_3od_x1.0,none,6,S0008,477.06,203,526.156
B_k9_3od_x1.0,none,6,S0008,477.06,204,486.876
B_k9_3od_x1.0,none,6,S0008,477.06,205,509.547
B_k9_3od_x1.0,none,7,S0039,478.887,201,521.5495
B_k9_3od_x1.0,none,7,S0039,478.887,202,488.8205
B_k9_3od_x1.0,none,7,S0039,478.887,203,504.6855
B_k9_3od_x1.0,none,7,S0039,478.887,204,500.233
B_k9_3od_x1.0,none,7,S0039,478.887,205,487.9425
B_k9_3od_x1.0,none,8,S0011,484.849,201,503.3025
B_k9_3od_x1.0,none,8,S0011,484.849,202,503.464
B_k9_3od_x1.0,none,8,S0011,484.849,203,510.9415
B_k9_3od_x1.0,none,8,S0011,484.849,204,514.4765
B_k9_3od_x1.0,none,8,S0011,484.849,205,491.6515
B_k9_3od_x1.0,none,9,S0004,483.569,201,518.936
B_k9_3od_x1.0,none,9,S0004,483.569,202,526.9315
B_k9_3od_x1.0,none,9,S0004,483.569,203,496.8505
B_k9_3od_x1.0,none,9,S0004,483.569,204,509.132
B_k9_3od_x1.0,none,9,S0004,483.569,205,483.7745
B_k9_3od_x1.2,both,0,S0017,571.155,201,596.2175
B_k9_3od_x1.2,both,0,S0017,571.155,202,602.1745833333333
B_k9_3od_x1.2,both,0,S0017,571.155,203,599.7825
B_k9_3od_x1.2,both,0,S0017,571.155,204,624.3516666666667
B_k9_3od_x1.2,both,0,S0017,571.155,205,605.60375
B_k9_3od_x1.2,both,1,S0020,567.9483333333334,201,608.35875
B_k9_3od_x1.2,both,1,S0020,567.9483333333334,202,621.8366666666667
B_k9_3od_x1.2,both,1,S0020,567.9483333333334,203,595.1320833333333
B_k9_3od_x1.2,both,1,S0020,567.9483333333334,204,610.44625
B_k9_3od_x1.2,both,1,S0020,567.9483333333334,205,598.1083333333333
B_k9_3od_x1.2,both,2,S0005,573.0104166666666,201,599.96125
B_k9_3od_x1.2,both,2,S0005,573.0104166666666,202,596.9366666666666
B_k9_3od_x1.2,both,2,S0005,573.0104166666666,203,591.46875
B_k9_3od_x1.2,both,2,S0005,573.0104166666666,204,603.2295833333334
B_k9_3od_x1.2,both,2,S0005,573.0104166666666,205,601.9495833333333
B_k9_3od_x1.2,both,3,S0030,571.5104166666666,201,607.7566666666667
B_k9_3od_x1.2,both,3,S0030,571.5104166666666,202,598.1691666666667
B_k9_3od_x1.2,both,3,S0030,571.5104166666666,203,601.6729166666667
B_k9_3od_x1.2,both,3,S0030,571.5104166666666,204,595.5725
B_k9_3od_x1.2,both,3,S0030,571.5104166666666,205,610.1341666666667
B_k9_3od_x1.2,both,4,S0006,566.3791666666667,201,592.905
B_k9_3od_x1.2,both,4,S0006,566.3791666666667,202,609.53875
B_k9_3od_x1.2,both,4,S0006,566.3791666666667,203,587.7229166666667
B_k9_3od_x1.2,both,4,S0006,566.3791666666667,204,594.1533333333333
B_k9_3od_x1.2,both,4,S0006,566.3791666666667,205,603.9058333333334
B_k9_3od_x1.2,both,5,S0035,567.8016666666666,201,621.2183333333334
B_k9_3od_x1.2,both,5,S0035,567.8016666666666,202,591.1125
B_k9_3od_x1.2,both,5,S0035,567.8016666666666,203,610.5720833333334
B_k9_3od_x1.2,both,5,S0035,567.8016666666666,204,588.7958333333333
B_k9_3od_x1.2,both,5,S0035,567.8016666666666,205,601.0808333333333
B_k9_3od_x1.2,both,6,S0029,564.1025,201,601.6625
B_k9_3od_x1.2,both,6,S0029,564.1025,202,586.1441666666667
B_k9_3od_x1.2,both,6,S0029,564.1025,203,570.54
B_k9_3od_x1.2,both,6,S0029,564.1025,204,581.11625
B_k9_3od_x1.2,both,6,S0029,564.1025,205,608.6754166666667
B_k9_3od_x1.2,both,7,S0003,560.7925,201,611.2345833333334
B_k9_3od_x1.2,both,7,S0003,560.7925,202,599.7591666666667
B_k9_3od_x1.2,both,7,S0003,560.7925,203,578.4345833333333
B_k9_3od_x1.2,both,7,S0003,560.7925,204,589.22375
B_k9_3od_x1.2,both,7,S0003,560.7925,205,600.2866666666666
B_k9_3od_x1.2,both,8,S0031,569.0129166666667,201,607.05375
B_k9_3od_x1.2,both,8,S0031,569.0129166666667,202,599.0754166666667
B_k9_3od_x1.2,both,8,S0031,569.0129166666667,203,611.22375
B_k9_3od_x1.2,both,8,S0031,569.0129166666667,204,624.1841666666667
B_k9_3od_x1.2,both,8,S0031,569.0129166666667,205,611.3941666666667
B_k9_3od_x1.2,both,9,S0025,566.7466666666667,201,610.48375
B_k9_3od_x1.2,both,9,S0025,566.7466666666667,202,596.4233333333333
B_k9_3od_x1.2,both,9,S0025,566.7466666666667,203,605.91625
B_k9_3od_x1.2,both,9,S0025,566.7466666666667,204,589.8666666666667
B_k9_3od_x1.2,both,9,S0025,566.7466666666667,205,601.6279166666667
B_k9_3od_x1.2,init,0,S0012,567.1041666666666,201,574.7533333333333
B_k9_3od_x1.2,init,0,S0012,567.1041666666666,202,610.5216666666666
B_k9_3od_x1.2,init,0,S0012,567.1041666666666,203,598.6604166666667
B_k9_3od_x1.2,init,0,S0012,567.1041666666666,204,613.5075
B_k9_3od_x1.2,init,0,S0012,567.1041666666666,205,582.58
B_k9_3od_x1.2,init,1,S0004,569.3516666666667,201,600.0954166666667
B_k9_3od_x1.2,init,1,S0004,569.3516666666667,202,603.8791666666667
B_k9_3od_x1.2,init,1,S0004,569.3516666666667,203,613.1708333333333
B_k9_3od_x1.2,init,1,S0004,569.3516666666667,204,603.6241666666666
B_k9_3od_x1.2,init,1,S0004,569.3516666666667,205,617.9
B_k9_3od_x1.2,init,2,S0026,576.2658333333334,201,593.3379166666666
B_k9_3od_x1.2,init,2,S0026,576.2658333333334,202,613.9283333333333
B_k9_3od_x1.2,init,2,S0026,576.2658333333334,203,591.4045833333333
B_k9_3od_x1.2,init,2,S0026,576.2658333333334,204,614.2466666666667
B_k9_3od_x1.2,init,2,S0026,576.2658333333334,205,612.3295833333333
B_k9_3od_x1.2,init,3,S0013,574.4529166666666,201,631.9845833333334
B_k9_3od_x1.2,init,3,S0013,574.4529166666666,202,591.0129166666667
B_k9_3od_x1.2,init,3,S0013,574.4529166666666,203,599.2604166666666
B_k9_3od_x1.2,init,3,S0013,574.4529166666666,204,602.8491666666666
B_k9_3od_x1.2,init,3,S0013,574.4529166666666,205,617.51125
B_k9_3od_x1.2,init,4,S0032,567.20875,201,594.7841666666667
B_k9_3od_x1.2,init,4,S0032,567.20875,202,618.5679166666666
B_k9_3od_x1.2,init,4,S0032,567.20875,203,584.4983333333333
B_k9_3od_x1.2,init,4,S0032,567.20875,204,595.8420833333333
B_k9_3od_x1.2,init,4,S0032,567.20875,205,589.0870833333333
B_k9_3od_x1.2,init,5,S0034,567.20875,201,592.2904166666667
B_k9_3od_x1.2,init,5,S0034,567.20875,202,618.8916666666667
B_k9_3od_x1.2,init,5,S0034,567.20875,203,604.25
B_k9_3od_x1.2,init,5,S0034,567.20875,204,593.2933333333333
B_k9_3od_x1.2,init,5,S0034,567.20875,205,597.355
B_k9_3od_x1.2,init,6,S0028,566.1245833333334,201,598.4841666666666
B_k9_3od_x1.2,init,6,S0028,566.1245833333334,202,586.71375
B_k9_3od_x1.2,init,6,S0028,566.1245833333334,203,616.7425
B_k9_3od_x1.2,init,6,S0028,566.1245833333334,204,629.5941666666666
B_k9_3od_x1.2,init,6,S0028,566.1245833333334,205,589.8808333333334
B_k9_3od_x1.2,init,7,S0036,564.20875,201,607.0791666666667
B_k9_3od_x1.2,init,7,S0036,564.20875,202,623.2183333333334
B_k9_3od_x1.2,init,7,S0036,564.20875,203,599.01125
B_k9_3od_x1.2,init,7,S0036,564.20875,204,595.3820833333333
B_k9_3od_x1.2,init,7,S0036,564.20875,205,607.6716666666666
B_k9_3od_x1.2,init,8,S0021,579.5475,201,620.9470833333334
B_k9_3od_x1.2,init,8,S0021,579.5475,202,595.53375
B_k9_3od_x1.2,init,8,S0021,579.5475,203,583.6804166666667
B_k9_3od_x1.2,init,8,S0021,579.5475,204,607.23625
B_k9_3od_x1.2,init,8,S0021,579.5475,205,628.1704166666667
B_k9_3od_x1.2,init,9,S0023,571.2358333333333,201,588.1416666666667
B_k9_3od_x1.2,init,9,S0023,571.2358333333333,202,594.7745833333333
B_k9_3od_x1.2,init,9,S0023,571.2358333333333,203,585.77625
B_k9_3od_x1.2,init,9,S0023,571.2358333333333,204,613.2908333333334
B_k9_3od_x1.2,init,9,S0023,571.2358333333333,205,621.41375
B_k9_3od_x1.2,mutation,0,S0010,572.3683333333333,201,587.8529166666667
B_k9_3od_x1.2,mutation,0,S0010,572.3683333333333,202,607.9020833333333
B_k9_3od_x1.2,mutation,0,S0010,572.3683333333333,203,580.4558333333333
B_k9_3od_x1.2,mutation,0,S0010,572.3683333333333,204,592.8745833333334
B_k9_3od_x1.2,mutation,0,S0010,572.3683333333333,205,606.325
B_k9_3od_x1.2,mutation,1,S0039,567.1308333333334,201,607.08625
B_k9_3od_x1.2,mutation,1,S0039,567.1308333333334,202,608.6379166666667
B_k9_3od_x1.2,mutation,1,S0039,567.1308333333334,203,589.4370833333334
B_k9_3od_x1.2,mutation,1,S0039,567.1308333333334,204,595.7545833333334
B_k9_3od_x1.2,mutation,1,S0039,567.1308333333334,205,622.1920833333334
B_k9_3od_x1.2,mutation,2,S0008,572.01125,201,608.5433333333333
B_k9_3od_x1.2,mutation,2,S0008,572.01125,202,600.09875
B_k9_3od_x1.2,mutation,2,S0008,572.01125,203,609.5616666666666
B_k9_3od_x1.2,mutation,2,S0008,572.01125,204,601.89
B_k9_3od_x1.2,mutation,2,S0008,572.01125,205,594.5220833333333
B_k9_3od_x1.2,mutation,3,S0018,572.79625,201,615.005
B_k9_3od_x1.2,mutation,3,S0018,572.79625,202,607.1204166666666
B_k9_3od_x1.2,mutation,3,S0018,572.79625,203,619.6566666666666
B_k9_3od_x1.2,mutation,3,S0018,572.79625,204,596.1266666666667
B_k9_3od_x1.2,mutation,3,S0018,572.79625,205,585.7741666666667
B_k9_3od_x1.2,mutation,4,S0002,572.3470833333333,201,594.8245833333333
B_k9_3od_x1.2,mutation,4,S0002,572.3470833333333,202,591.5916666666667
B_k9_3od_x1.2,mutation,4,S0002,572.3470833333333,203,585.7941666666667
B_k9_3od_x1.2,mutation,4,S0002,572.3470833333333,204,610.3720833333333
B_k9_3od_x1.2,mutation,4,S0002,572.3470833333333,205,595.4533333333334
B_k9_3od_x1.2,mutation,5,S0019,570.64125,201,594.8916666666667
B_k9_3od_x1.2,mutation,5,S0019,570.64125,202,605.3391666666666
B_k9_3od_x1.2,mutation,5,S0019,570.64125,203,584.8716666666667
B_k9_3od_x1.2,mutation,5,S0019,570.64125,204,611.81
B_k9_3od_x1.2,mutation,5,S0019,570.64125,205,607.5641666666667
B_k9_3od_x1.2,mutation,6,S0009,574.4920833333333,201,604.4591666666666
B_k9_3od_x1.2,mutation,6,S0009,574.4920833333333,202,585.07
B_k9_3od_x1.2,mutation,6,S0009,574.4920833333333,203,605.4004166666666
B_k9_3od_x1.2,mutation,6,S0009,574.4920833333333,204,587.46
B_k9_3od_x1.2,mutation,6,S0009,574.4920833333333,205,592.2616666666667
B_k9_3od_x1.2,mutation,7,S0015,572.38125,201,607.1054166666667
B_k9_3od_x1.2,mutation,7,S0015,572.38125,202,598.0783333333334
B_k9_3od_x1.2,mutation,7,S0015,572.38125,203,611.1395833333333
B_k9_3od_x1.2,mutation,7,S0015,572.38125,204,611.2725
B_k9_3od_x1.2,mutation,7,S0015,572.38125,205,594.6733333333333
B_k9_3od_x1.2,mutation,8,S0027,573.98125,201,593.5579166666666
B_k9_3od_x1.2,mutation,8,S0027,573.98125,202,598.5616666666666
B_k9_3od_x1.2,mutation,8,S0027,573.98125,203,602.1191666666666
B_k9_3od_x1.2,mutation,8,S0027,573.98125,204,609.505
B_k9_3od_x1.2,mutation,8,S0027,573.98125,205,620.2904166666667
B_k9_3od_x1.2,mutation,9,S0038,573.3779166666667,201,593.6491666666667
B_k9_3od_x1.2,mutation,9,S0038,573.3779166666667,202,606.1654166666667
B_k9_3od_x1.2,mutation,9,S0038,573.3779166666667,203,596.68875
B_k9_3od_x1.2,mutation,9,S0038,573.3779166666667,204,619.7325
B_k9_3od_x1.2,mutation,9,S0038,573.3779166666667,205,602.2354166666667
B_k9_3od_x1.2,none,0,S0011,564.6841666666667,201,608.82875
B_k9_3od_x1.2,none,0,S0011,564.6841666666667,202,589.5745833333333
B_k9_3od_x1.2,none,0,S0011,564.6841666666667,203,601.795
B_k9_3od_x1.2,none,0,S0011,564.6841666666667,204,592.2583333333333
B_k9_3od_x1.2,none,0,S0011,564.6841666666667,205,611.15875
B_k9_3od_x1.2,none,1,S0001,562.6508333333334,201,603.2125
B_k9_3od_x1.2,none,1,S0001,562.6508333333334,202,595.3241666666667
B_k9_3od_x1.2,none,1,S0001,562.6508333333334,203,586.29125
B_k9_3od_x1.2,none,1,S0001,562.6508333333334,204,581.6533333333333
B_k9_3od_x1.2,none,1,S0001,562.6508333333334,205,591.9666666666667
B_k9_3od_x1.2,none,2,S0033,574.90375,201,651.4570833333333
B_k9_3od_x1.2,none,2,S0033,574.90375,202,614.7058333333333
B_k9_3od_x1.2,none,2,S0033,574.90375,203,603.6966666666667
B_k9_3od_x1.2,none,2,S0033,574.90375,204,611.4925
B_k9_3od_x1.2,none,2,S0033,574.90375,205,602.9291666666667
B_k9_3od_x1.2,none,3,S0016,569.8408333333333,201,597.9845833333334
B_k9_3od_x1.2,none,3,S0016,569.8408333333333,202,632.9804166666667
B_k9_3od_x1.2,none,3,S0016,569.8408333333333,203,607.8483333333334
B_k9_3od_x1.2,none,3,S0016,569.8408333333333,204,615.72875
B_k9_3od_x1.2,none,3,S0016,569.8408333333333,205,587.1275
B_k9_3od_x1.2,none,4,S0007,563.6666666666666,201,580.325
B_k9_3od_x1.2,none,4,S0007,563.6666666666666,202,602.3375
B_k9_3od_x1.2,none,4,S0007,563.6666666666666,203,592.69625
B_k9_3od_x1.2,none,4,S0007,563.6666666666666,204,577.92875
B_k9_3od_x1.2,none,4,S0007,563.6666666666666,205,609.4295833333333
B_k9_3od_x1.2,none,5,S0014,567.9966666666667,201,607.3933333333333
B_k9_3od_x1.2,none,5,S0014,567.9966666666667,202,602.9545833333333
B_k9_3od_x1.2,none,5,S0014,567.9966666666667,203,596.82125
B_k9_3od_x1.2,none,5,S0014,567.9966666666667,204,613.5854166666667
B_k9_3od_x1.2,none,5,S0014,567.9966666666667,205,599.61
B_k9_3od_x1.2,none,6,S0000,574.2904166666667,201,609.7470833333333
B_k9_3od_x1.2,none,6,S0000,574.2904166666667,202,603.32625
B_k9_3od_x1.2,none,6,S0000,574.2904166666667,203,627.0645833333333
B_k9_3od_x1.2,none,6,S0000,574.2904166666667,204,612.8045833333333
B_k9_3od_x1.2,none,6,S0000,574.2904166666667,205,615.25
B_k9_3od_x1.2,none,7,S0022,568.9933333333333,201,601.90875
B_k9_3od_x1.2,none,7,S0022,568.9933333333333,202,584.6875
B_k9_3od_x1.2,none,7,S0022,568.9933333333333,203,597.3533333333334
B_k9_3od_x1.2,none,7,S0022,568.9933333333333,204,606.6770833333334
B_k9_3od_x1.2,none,7,S0022,568.9933333333333,205,601.3708333333333
B_k9_3od_x1.2,none,8,S0037,574.4516666666667,201,586.1141666666666
B_k9_3od_x1.2,none,8,S0037,574.4516666666667,202,617.59
B_k9_3od_x1.2,none,8,S0037,574.4516666666667,203,615.07875
B_k9_3od_x1.2,none,8,S0037,574.4516666666667,204,596.2245833333334
B_k9_3od_x1.2,none,8,S0037,574.4516666666667,205,610.97375
B_k9_3od_x1.2,none,9,S0024,568.78625,201,592.06375
B_k9_3od_x1.2,none,9,S0024,568.78625,202,590.9370833333334
B_k9_3od_x1.2,none,9,S0024,568.78625,203,593.97125
B_k9_3od_x1.2,none,9,S0024,568.78625,204,616.5495833333333
B_k9_3od_x1.2,none,9,S0024,568.78625,205,600.86875
C_k9_1od_x0.8,both,0,S0017,438.486875,201,471.63875
C_k9_1od_x0.8,both,0,S0017,438.486875,202,456.753125
C_k9_1od_x0.8,both,0,S0017,438.486875,203,458.535
C_k9_1od_x0.8,both,0,S0017,438.486875,204,456.584375
C_k9_1od_x0.8,both,0,S0017,438.486875,205,457.920625
C_k9_1od_x0.8,both,1,S0016,438.486875,201,469.86375
C_k9_1od_x0.8,both,1,S0016,438.486875,202,459.463125
C_k9_1od_x0.8,both,1,S0016,438.486875,203,458.535
C_k9_1od_x0.8,both,1,S0016,438.486875,204,458.031875
C_k9_1od_x0.8,both,1,S0016,438.486875,205,470.75
C_k9_1od_x0.8,both,2,S0003,445.664375,201,468.543125
C_k9_1od_x0.8,both,2,S0003,445.664375,202,465.315
C_k9_1od_x0.8,both,2,S0003,445.664375,203,482.293125
C_k9_1od_x0.8,both,2,S0003,445.664375,204,458.564375
C_k9_1od_x0.8,both,2,S0003,445.664375,205,461.16875
C_k9_1od_x0.8,both,3,S0007,449.93625,201,457.408125
C_k9_1od_x0.8,both,3,S0007,449.93625,202,445.031875
C_k9_1od_x0.8,both,3,S0007,449.93625,203,443.70125
C_k9_1od_x0.8,both,3,S0007,449.93625,204,459.7375
C_k9_1od_x0.8,both,3,S0007,449.93625,205,456.09875
C_k9_1od_x0.8,both,4,S0030,448.62625,201,460.80375
C_k9_1od_x0.8,both,4,S0030,448.62625,202,449.019375
C_k9_1od_x0.8,both,4,S0030,448.62625,203,458.39375
C_k9_1od_x0.8,both,4,S0030,448.62625,204,458.515625
C_k9_1od_x0.8,both,4,S0030,448.62625,205,473.21875
C_k9_1od_x0.8,both,5,S0009,438.486875,201,471.63875
C_k9_1od_x0.8,both,5,S0009,438.486875,202,456.753125
C_k9_1od_x0.8,both,5,S0009,438.486875,203,458.535
C_k9_1od_x0.8,both,5,S0009,438.486875,204,458.84375
C_k9_1od_x0.8,both,5,S0009,438.486875,205,456.461875
C_k9_1od_x0.8,both,6,S0001,449.224375,201,463.434375
C_k9_1od_x0.8,both,6,S0001,449.224375,202,484.37875
C_k9_1od_x0.8,both,6,S0001,449.224375,203,476.624375
C_k9_1od_x0.8,both,6,S0001,449.224375,204,480.99625
C_k9_1od_x0.8,both,6,S0001,449.224375,205,471.74875
C_k9_1od_x0.8,both,7,S0032,446.635,201,471.84875
C_k9_1od_x0.8,both,7,S0032,446.635,202,486.266875
C_k9_1od_x0.8,both,7,S0032,446.635,203,483.615
C_k9_1od_x0.8,both,7,S0032,446.635,204,467.8925
C_k9_1od_x0.8,both,7,S0032,446.635,205,479.74625
C_k9_1od_x0.8,both,8,S0021,443.575,201,453.4775
C_k9_1od_x0.8,both,8,S0021,443.575,202,468.24625
C_k9_1od_x0.8,both,8,S0021,443.575,203,468.3125
C_k9_1od_x0.8,both,8,S0021,443.575,204,455.09375
C_k9_1od_x0.8,both,8,S0021,443.575,205,476.398125
C_k9_1od_x0.8,both,9,S0014,438.486875,201,473.769375
C_k9_1od_x0.8,both,9,S0014,438.486875,202,472.003125
C_k9_1od_x0.8,both,9,S0014,438.486875,203,458.535
C_k9_1od_x0.8,both,9,S0014,438.486875,204,458.031875
C_k9_1od_x0.8,both,9,S0014,438.486875,205,465.421875
C_k9_1od_x0.8,init,0,S0028,448.62625,201,468.151875
C_k9_1od_x0.8,init,0,S0028,448.62625,202,449.019375
C_k9_1od_x0.8,init,0,S0028,448.62625,203,458.39375
C_k9_1od_x0.8,init,0,S0028,448.62625,204,465.230625
C_k9_1od_x0.8,init,0,S0028,448.62625,205,473.21875
C_k9_1od_x0.8,init,1,S0005,448.22375,201,460.564375
C_k9_1od_x0.8,init,1,S0005,448.22375,202,465.646875
C_k9_1od_x0.8,init,1,S0005,448.22375,203,461.781875
C_k9_1od_x0.8,init,1,S0005,448.22375,204,459.489375
C_k9_1od_x0.8,init,1,S0005,448.22375,205,460.566875
C_k9_1od_x0.8,init,2,S0002,445.664375,201,468.543125
C_k9_1od_x0.8,init,2,S0002,445.664375,202,465.315
C_k9_1od_x0.8,init,2,S0002,445.664375,203,482.293125
C_k9_1od_x0.8,init,2,S0002,445.664375,204,458.564375
C_k9_1od_x0.8,init,2,S0002,445.664375,205,461.16875
C_k9_1od_x0.8,init,3,S0008,445.664375,201,460.695
C_k9_1od_x0.8,init,3,S0008,445.664375,202,465.315
C_k9_1od_x0.8,init,3,S0008,445.664375,203,482.293125
C_k9_1od_x0.8,init,3,S0008,445.664375,204,457.75875
C_k9_1od_x0.8,init,3,S0008,445.664375,205,461.16875
C_k9_1od_x0.8,init,4,S0012,447.893125,201,469.8625
C_k9_1od_x0.8,init,4,S0012,447.893125,202,459.038125
C_k9_1od_x0.8,init,4,S0012,447.893125,203,471.1475
C_k9_1od_x0.8,init,4,S0012,447.893125,204,467.11125
C_k9_1od_x0.8,init,4,S0012,447.893125,205,474.545625
C_k9_1od_x0.8,init,5,S0013,446.520625,201,466.82375
C_k9_1od_x0.8,init,5,S0013,446.520625,202,475.078125
C_k9_1od_x0.8,init,5,S0013,446.520625,203,473.098125
C_k9_1od_x0.8,init,5,S0013,446.520625,204,502.90375
C_k9_1od_x0.8,init,5,S0013,446.520625,205,463.681875
C_k9_1od_x0.8,init,6,S0006,438.486875,201,473.769375
C_k9_1od_x0.8,init,6,S0006,438.486875,202,469.50375
C_k9_1od_x0.8,init,6,S0006,438.486875,203,458.535
C_k9_1od_x0.8,init,6,S0006,438.486875,204,458.031875
C_k9_1od_x0.8,init,6,S0006,438.486875,205,465.421875
C_k9_1od_x0.8,init,7,S0018,438.486875,201,467.333125
C_k9_1od_x0.8,init,7,S0018,438.486875,202,469.50375
C_k9_1od_x0.8,init,7,S0018,438.486875,203,458.535
C_k9_1od_x0.8,init,7,S0018,438.486875,204,458.031875
C_k9_1od_x0.8,init,7,S0018,438.486875,205,465.421875
C_k9_1od_x0.8,init,8,S0004,447.764375,201,463.293125
C_k9_1od_x0.8,init,8,S0004,447.764375,202,450.891875
C_k9_1od_x0.8,init,8,S0004,447.764375,203,463.7525
C_k9_1od_x0.8,init,8,S0004,447.764375,204,455.31625
C_k9_1od_x0.8,init,8,S0004,447.764375,205,460.1675
C_k9_1od_x0.8,init,9,S0031,449.224375,201,463.434375
C_k9_1od_x0.8,init,9,S0031,449.224375,202,484.37875
C_k9_1od_x0.8,init,9,S0031,449.224375,203,476.624375
C_k9_1od_x0.8,init,9,S0031,449.224375,204,480.99625
C_k9_1od_x0.8,init,9,S0031,449.224375,205,471.74875
C_k9_1od_x0.8,mutation,0,S0010,438.486875,201,473.769375
C_k9_1od_x0.8,mutation,0,S0010,438.486875,202,469.50375
C_k9_1od_x0.8,mutation,0,S0010,438.486875,203,458.535
C_k9_1od_x0.8,mutation,0,S0010,438.486875,204,458.031875
C_k9_1od_x0.8,mutation,0,S0010,438.486875,205,465.421875
C_k9_1od_x0.8,mutation,1,S0011,438.486875,201,469.86375
C_k9_1od_x0.8,mutation,1,S0011,438.486875,202,469.50375
C_k9_1od_x0.8,mutation,1,S0011,438.486875,203,458.535
C_k9_1od_x0.8,mutation,1,S0011,438.486875,204,458.031875
C_k9_1od_x0.8,mutation,1,S0011,438.486875,205,465.421875
C_k9_1od_x0.8,mutation,2,S0022,449.224375,201,463.434375
C_k9_1od_x0.8,mutation,2,S0022,449.224375,202,484.37875
C_k9_1od_x0.8,mutation,2,S0022,449.224375,203,476.624375
C_k9_1od_x0.8,mutation,2,S0022,449.224375,204,480.99625
C_k9_1od_x0.8,mutation,2,S0022,449.224375,205,471.74875
C_k9_1od_x0.8,mutation,3,S0020,449.224375,201,463.434375
C_k9_1od_x0.8,mutation,3,S0020,449.224375,202,484.37875
C_k9_1od_x0.8,mutation,3,S0020,449.224375,203,476.624375
C_k9_1od_x0.8,mutation,3,S0020,449.224375,204,480.99625
C_k9_1od_x0.8,mutation,3,S0020,449.224375,205,471.74875
C_k9_1od_x0.8,mutation,4,S0033,449.34875,201,468.0775
C_k9_1od_x0.8,mutation,4,S0033,449.34875,202,487.28125
C_k9_1od_x0.8,mutation,4,S0033,449.34875,203,473.05875
C_k9_1od_x0.8,mutation,4,S0033,449.34875,204,468.55
C_k9_1od_x0.8,mutation,4,S0033,449.34875,205,479.070625
C_k9_1od_x0.8,mutation,5,S0019,448.62625,201,460.80375
C_k9_1od_x0.8,mutation,5,S0019,448.62625,202,449.019375
C_k9_1od_x0.8,mutation,5,S0019,448.62625,203,458.39375
C_k9_1od_x0.8,mutation,5,S0019,448.62625,204,458.515625
C_k9_1od_x0.8,mutation,5,S0019,448.62625,205,473.21875
C_k9_1od_x0.8,mutation,6,S0029,448.62625,201,468.151875
C_k9_1od_x0.8,mutation,6,S0029,448.62625,202,449.019375
C_k9_1od_x0.8,mutation,6,S0029,448.62625,203,458.39375
C_k9_1od_x0.8,mutation,6,S0029,448.62625,204,465.230625
C_k9_1od_x0.8,mutation,6,S0029,448.62625,205,473.21875
C_k9_1od_x0.8,mutation,7,S0015,438.486875,201,469.86375
C_k9_1od_x0.8,mutation,7,S0015,438.486875,202,472.003125
C_k9_1od_x0.8,mutation,7,S0015,438.486875,203,458.535
C_k9_1od_x0.8,mutation,7,S0015,438.486875,204,458.031875
C_k9_1od_x0.8,mutation,7,S0015,438.486875,205,465.421875
C_k9_1od_x0.8,mutation,8,S0023,448.62625,201,468.151875
C_k9_1od_x0.8,mutation,8,S0023,448.62625,202,449.019375
C_k9_1od_x0.8,mutation,8,S0023,448.62625,203,458.39375
C_k9_1od_x0.8,mutation,8,S0023,448.62625,204,465.230625
C_k9_1od_x0.8,mutation,8,S0023,448.62625,205,473.21875
C_k9_1od_x0.8,mutation,9,S0039,451.236875,201,476.7125
C_k9_1od_x0.8,mutation,9,S0039,451.236875,202,463.670625
C_k9_1od_x0.8,mutation,9,S0039,451.236875,203,475.804375
C_k9_1od_x0.8,mutation,9,S0039,451.236875,204,452.978125
C_k9_1od_x0.8,mutation,9,S0039,451.236875,205,461.39375
C_k9_1od_x0.8,none,0,S0037,441.5575,201,450.674375
C_k9_1od_x0.8,none,0,S0037,441.5575,202,464.68125
C_k9_1od_x0.8,none,0,S0037,441.5575,203,455.63375
C_k9_1od_x0.8,none,0,S0037,441.5575,204,457.184375
C_k9_1od_x0.8,none,0,S0037,441.5575,205,471.756875
C_k9_1od_x0.8,none,1,S0026,447.168125,201,452.50625
C_k9_1od_x0.8,none,1,S0026,447.168125,202,453.98
C_k9_1od_x0.8,none,1,S0026,447.168125,203,468.093125
C_k9_1od_x0.8,none,1,S0026,447.168125,204,461.43625
C_k9_1od_x0.8,none,1,S0026,447.168125,205,460.01375
C_k9_1od_x0.8,none,2,S0034,448.91125,201,461.81375
C_k9_1od_x0.8,none,2,S0034,448.91125,202,468.5525
C_k9_1od_x0.8,none,2,S0034,448.91125,203,468.70875
C_k9_1od_x0.8,none,2,S0034,448.91125,204,468.0375
C_k9_1od_x0.8,none,2,S0034,448.91125,205,477.45625
C_k9_1od_x0.8,none,3,S0036,448.63625,201,478.23875
C_k9_1od_x0.8,none,3,S0036,448.63625,202,491.34125
C_k9_1od_x0.8,none,3,S0036,448.63625,203,480.96875
C_k9_1od_x0.8,none,3,S0036,448.63625,204,469.528125
C_k9_1od_x0.8,none,3,S0036,448.63625,205,478.178125
C_k9_1od_x0.8,none,4,S0000,449.86375,201,460.03375
C_k9_1od_x0.8,none,4,S0000,449.86375,202,469.48
C_k9_1od_x0.8,none,4,S0000,449.86375,203,465.18625
C_k9_1od_x0.8,none,4,S0000,449.86375,204,468.2575
C_k9_1od_x0.8,none,4,S0000,449.86375,205,474.17125
C_k9_1od_x0.8,none,5,S0035,449.34875,201,464.246875
C_k9_1od_x0.8,none,5,S0035,449.34875,202,485.3925
C_k9_1od_x0.8,none,5,S0035,449.34875,203,464.354375
C_k9_1od_x0.8,none,5,S0035,449.34875,204,470.876875
C_k9_1od_x0.8,none,5,S0035,449.34875,205,459.175
C_k9_1od_x0.8,none,6,S0025,442.100625,201,450.59375
C_k9_1od_x0.8,none,6,S0025,442.100625,202,475.700625
C_k9_1od_x0.8,none,6,S0025,442.100625,203,444.886875
C_k9_1od_x0.8,none,6,S0025,442.100625,204,469.065625
C_k9_1od_x0.8,none,6,S0025,442.100625,205,468.57875
C_k9_1od_x0.8,none,7,S0024,447.275,201,454.41375
C_k9_1od_x0.8,none,7,S0024,447.275,202,467.421875
C_k9_1od_x0.8,none,7,S0024,447.275,203,454.6375
C_k9_1od_x0.8,none,7,S0024,447.275,204,472.591875
C_k9_1od_x0.8,none,7,S0024,447.275,205,465.32125
C_k9_1od_x0.8,none,8,S0027,435.23875,201,471.764375
C_k9_1od_x0.8,none,8,S0027,435.23875,202,477.23375
C_k9_1od_x0.8,none,8,S0027,435.23875,203,459.63625
C_k9_1od_x0.8,none,8,S0027,435.23875,204,473.403125
C_k9_1od_x0.8,none,8,S0027,435.23875,205,472.3775
C_k9_1od_x0.8,none,9,S0038,449.1775,201,452.43875
C_k9_1od_x0.8,none,9,S0038,449.1775,202,470.278125
C_k9_1od_x0.8,none,9,S0038,449.1775,203,455.734375
C_k9_1od_x0.8,none,9,S0038,449.1775,204,466.84
C_k9_1od_x0.8,none,9,S0038,449.1775,205,477.596875
C_k9_1od_x1.0,both,0,S0036,454.54,201,472.378
C_k9_1od_x1.0,both,0,S0036,454.54,202,473.9335
C_k9_1od_x1.0,both,0,S0036,454.54,203,462.458
C_k9_1od_x1.0,both,0,S0036,454.54,204,471.2295
C_k9_1od_x1.0,both,0,S0036,454.54,205,479.296
C_k9_1od_x1.0,both,1,S0012,453.7875,201,470.973
C_k9_1od_x1.0,both,1,S0012,453.7875,202,461.9945
C_k9_1od_x1.0,both,1,S0012,453.7875,203,472.0695
C_k9_1od_x1.0,both,1,S0012,453.7875,204,469.559
C_k9_1od_x1.0,both,1,S0012,453.7875,205,462.031
C_k9_1od_x1.0,both,2,S0033,452.158,201,461.862
C_k9_1od_x1.0,both,2,S0033,452.158,202,469.794
C_k9_1od_x1.0,both,2,S0033,452.158,203,474.159
C_k9_1od_x1.0,both,2,S0033,452.158,204,475.2335
C_k9_1od_x1.0,both,2,S0033,452.158,205,450.827
C_k9_1od_x1.0,both,3,S0023,451.508,201,457.989
C_k9_1od_x1.0,both,3,S0023,451.508,202,482.9835
C_k9_1od_x1.0,both,3,S0023,451.508,203,475.3475
C_k9_1od_x1.0,both,3,S0023,451.508,204,473.893
C_k9_1od_x1.0,both,3,S0023,451.508,205,465.6115
C_k9_1od_x1.0,both,4,S0027,449.437,201,461.7525
C_k9_1od_x1.0,both,4,S0027,449.437,202,489.3265
C_k9_1od_x1.0,both,4,S0027,449.437,203,474.41
C_k9_1od_x1.0,both,4,S0027,449.437,204,477.376
C_k9_1od_x1.0,both,4,S0027,449.437,205,473.5215
C_k9_1od_x1.0,both,5,S0032,456.2535,201,468.9465
C_k9_1od_x1.0,both,5,S0032,456.2535,202,470.1195
C_k9_1od_x1.0,both,5,S0032,456.2535,203,459.6235
C_k9_1od_x1.0,both,5,S0032,456.2535,204,467.6245
C_k9_1od_x1.0,both,5,S0032,456.2535,205,476.6855
C_k9_1od_x1.0,both,6,S0024,451.9345,201,479.4585
C_k9_1od_x1.0,both,6,S0024,451.9345,202,479.192
C_k9_1od_x1.0,both,6,S0024,451.9345,203,468.897
C_k9_1od_x1.0,both,6,S0024,451.9345,204,477.2575
C_k9_1od_x1.0,both,6,S0024,451.9345,205,465.8735
C_k9_1od_x1.0,both,7,S0011,452.263,201,467.5335
C_k9_1od_x1.0,both,7,S0011,452.263,202,456.6655
C_k9_1od_x1.0,both,7,S0011,452.263,203,464.315
C_k9_1od_x1.0,both,7,S0011,452.263,204,454.086
C_k9_1od_x1.0,both,7,S0011,452.263,205,466.5075
C_k9_1od_x1.0,both,8,S0029,456.789,201,474.6435
C_k9_1od_x1.0,both,8,S0029,456.789,202,468.578
C_k9_1od_x1.0,both,8,S0029,456.789,203,462.6015
C_k9_1od_x1.0,both,8,S0029,456.789,204,470.9185
C_k9_1od_x1.0,both,8,S0029,456.789,205,482.1465
C_k9_1od_x1.0,both,9,S0008,452.551,201,469.02
C_k9_1od_x1.0,both,9,S0008,452.551,202,471.582
C_k9_1od_x1.0,both,9,S0008,452.551,203,475.5855
C_k9_1od_x1.0,both,9,S0008,452.551,204,471.304
C_k9_1od_x1.0,both,9,S0008,452.551,205,481.6565
C_k9_1od_x1.0,init,0,S0025,456.789,201,474.6435
C_k9_1od_x1.0,init,0,S0025,456.789,202,468.578
C_k9_1od_x1.0,init,0,S0025,456.789,203,462.6015
C_k9_1od_x1.0,init,0,S0025,456.789,204,470.9185
C_k9_1od_x1.0,init,0,S0025,456.789,205,482.1465
C_k9_1od_x1.0,init,1,S0000,456.789,201,474.6435
C_k9_1od_x1.0,init,1,S0000,456.789,202,468.578
C_k9_1od_x1.0,init,1,S0000,456.789,203,462.6015
C_k9_1od_x1.0,init,1,S0000,456.789,204,470.9185
C_k9_1od_x1.0,init,1,S0000,456.789,205,482.1465
C_k9_1od_x1.0,init,2,S0017,443.212,201,461.7475
C_k9_1od_x1.0,init,2,S0017,443.212,202,465.0285
C_k9_1od_x1.0,init,2,S0017,443.212,203,480.052
C_k9_1od_x1.0,init,2,S0017,443.212,204,460.7205
C_k9_1od_x1.0,init,2,S0017,443.212,205,452.5425
C_k9_1od_x1.0,init,3,S0009,449.9565,201,465.321
C_k9_1od_x1.0,init,3,S0009,449.9565,202,464.0325
C_k9_1od_x1.0,init,3,S0009,449.9565,203,454.483
C_k9_1od_x1.0,init,3,S0009,449.9565,204,494.5775
C_k9_1od_x1.0,init,3,S0009,449.9565,205,473.36
C_k9_1od_x1.0,init,4,S0030,456.0685,201,468.4235
C_k9_1od_x1.0,init,4,S0030,456.0685,202,469.8855
C_k9_1od_x1.0,init,4,S0030,456.0685,203,476.9915
C_k9_1od_x1.0,init,4,S0030,456.0685,204,480.47
C_k9_1od_x1.0,init,4,S0030,456.0685,205,478.426
C_k9_1od_x1.0,init,5,S0013,452.551,201,469.02
C_k9_1od_x1.0,init,5,S0013,452.551,202,471.582
C_k9_1od_x1.0,init,5,S0013,452.551,203,475.5855
C_k9_1od_x1.0,init,5,S0013,452.551,204,471.304
C_k9_1od_x1.0,init,5,S0013,452.551,205,481.6565
C_k9_1od_x1.0,init,6,S0038,456.789,201,474.6435
C_k9_1od_x1.0,init,6,S0038,456.789,202,468.578
C_k9_1od_x1.0,init,6,S0038,456.789,203,462.6015
C_k9_1od_x1.0,init,6,S0038,456.789,204,470.9185
C_k9_1od_x1.0,init,6,S0038,456.789,205,482.1465
C_k9_1od_x1.0,init,7,S0015,453.9565,201,463.541
C_k9_1od_x1.0,init,7,S0015,453.9565,202,456.795
C_k9_1od_x1.0,init,7,S0015,453.9565,203,463.385
C_k9_1od_x1.0,init,7,S0015,453.9565,204,465.821
C_k9_1od_x1.0,init,7,S0015,453.9565,205,455.1765
C_k9_1od_x1.0,init,8,S0019,456.789,201,474.6435
C_k9_1od_x1.0,init,8,S0019,456.789,202,468.578
C_k9_1od_x1.0,init,8,S0019,456.789,203,462.6015
C_k9_1od_x1.0,init,8,S0019,456.789,204,470.9185
C_k9_1od_x1.0,init,8,S0019,456.789,205,482.1465
C_k9_1od_x1.0,init,9,S0035,452.4085,201,465.412
C_k9_1od_x1.0,init,9,S0035,452.4085,202,470.5305
C_k9_1od_x1.0,init,9,S0035,452.4085,203,478.494
C_k9_1od_x1.0,init,9,S0035,452.4085,204,461.842
C_k9_1od_x1.0,init,9,S0035,452.4085,205,474.992
C_k9_1od_x1.0,mutation,0,S0026,453.856,201,478.23
C_k9_1od_x1.0,mutation,0,S0026,453.856,202,477.0705
C_k9_1od_x1.0,mutation,0,S0026,453.856,203,455.8605
C_k9_1od_x1.0,mutation,0,S0026,453.856,204,478.9955
C_k9_1od_x1.0,mutation,0,S0026,453.856,205,480.5285
C_k9_1od_x1.0,mutation,1,S0037,449.437,201,470.9445
C_k9_1od_x1.0,mutation,1,S0037,449.437,202,489.3265
C_k9_1od_x1.0,mutation,1,S0037,449.437,203,474.575
C_k9_1od_x1.0,mutation,1,S0037,449.437,204,477.376
C_k9_1od_x1.0,mutation,1,S0037,449.437,205,472.724
C_k9_1od_x1.0,mutation,2,S0004,449.9565,201,465.321
C_k9_1od_x1.0,mutation,2,S0004,449.9565,202,464.0325
C_k9_1od_x1.0,mutation,2,S0004,449.9565,203,454.483
C_k9_1od_x1.0,mutation,2,S0004,449.9565,204,494.5775
C_k9_1od_x1.0,mutation,2,S0004,449.9565,205,473.36
C_k9_1od_x1.0,mutation,3,S0034,452.7135,201,456.2065
C_k9_1od_x1.0,mutation,3,S0034,452.7135,202,481.3415
C_k9_1od_x1.0,mutation,3,S0034,452.7135,203,479.85
C_k9_1od_x1.0,mutation,3,S0034,452.7135,204,453.0255
C_k9_1od_x1.0,mutation,3,S0034,452.7135,205,466.5155
C_k9_1od_x1.0,mutation,4,S0002,452.4085,201,459.982
C_k9_1od_x1.0,mutation,4,S0002,452.4085,202,472.911
C_k9_1od_x1.0,mutation,4,S0002,452.4085,203,478.494
C_k9_1od_x1.0,mutation,4,S0002,452.4085,204,472.542
C_k9_1od_x1.0,mutation,4,S0002,452.4085,205,473.951
C_k9_1od_x1.0,mutation,5,S0001,454.5155,201,470.4065
C_k9_1od_x1.0,mutation,5,S0001,454.5155,202,473.8805
C_k9_1od_x1.0,mutation,5,S0001,454.5155,203,472.344
C_k9_1od_x1.0,mutation,5,S0001,454.5155,204,462.7115
C_k9_1od_x1.0,mutation,5,S0001,454.5155,205,463.5355
C_k9_1od_x1.0,mutation,6,S0039,454.54,201,472.378
C_k9_1od_x1.0,mutation,6,S0039,454.54,202,473.9335
C_k9_1od_x1.0,mutation,6,S0039,454.54,203,462.458
C_k9_1od_x1.0,mutation,6,S0039,454.54,204,471.2295
C_k9_1od_x1.0,mutation,6,S0039,454.54,205,479.296
C_k9_1od_x1.0,mutation,7,S0028,455.6725,201,470.08
C_k9_1od_x1.0,mutation,7,S0028,455.6725,202,478.9375
C_k9_1od_x1.0,mutation,7,S0028,455.6725,203,468.9465
C_k9_1od_x1.0,mutation,7,S0028,455.6725,204,475.344
C_k9_1od_x1.0,mutation,7,S0028,455.6725,205,469.1615
C_k9_1od_x1.0,mutation,8,S0005,449.9565,201,465.321
C_k9_1od_x1.0,mutation,8,S0005,449.9565,202,464.0325
C_k9_1od_x1.0,mutation,8,S0005,449.9565,203,454.483
C_k9_1od_x1.0,mutation,8,S0005,449.9565,204,494.5775
C_k9_1od_x1.0,mutation,8,S0005,449.9565,205,473.36
C_k9_1od_x1.0,mutation,9,S0020,455.2375,201,473.396
C_k9_1od_x1.0,mutation,9,S0020,455.2375,202,484.0515
C_k9_1od_x1.0,mutation,9,S0020,455.2375,203,473.625
C_k9_1od_x1.0,mutation,9,S0020,455.2375,204,485.468
C_k9_1od_x1.0,mutation,9,S0020,455.2375,205,475.4715
C_k9_1od_x1.0,none,0,S0003,449.9565,201,465.321
C_k9_1od_x1.0,none,0,S0003,449.9565,202,464.0325
C_k9_1od_x1.0,none,0,S0003,449.9565,203,454.483
C_k9_1od_x1.0,none,0,S0003,449.9565,204,494.5775
C_k9_1od_x1.0,none,0,S0003,449.9565,205,473.36
C_k9_1od_x1.0,none,1,S0031,458.837,201,471.481
C_k9_1od_x1.0,none,1,S0031,458.837,202,474.559
C_k9_1od_x1.0,none,1,S0031,458.837,203,474.847
C_k9_1od_x1.0,none,1,S0031,458.837,204,472.7355
C_k9_1od_x1.0,none,1,S0031,458.837,205,476.36
C_k9_1od_x1.0,none,2,S0021,454.544,201,469.3935
C_k9_1od_x1.0,none,2,S0021,454.544,202,469.2765
C_k9_1od_x1.0,none,2,S0021,454.544,203,471.1635
C_k9_1od_x1.0,none,2,S0021,454.544,204,477.201
C_k9_1od_x1.0,none,2,S0021,454.544,205,470.1265
C_k9_1od_x1.0,none,3,S0006,451.2755,201,465.1765
C_k9_1od_x1.0,none,3,S0006,451.2755,202,471.3195
C_k9_1od_x1.0,none,3,S0006,451.2755,203,455.2895
C_k9_1od_x1.0,none,3,S0006,451.2755,204,462.21
C_k9_1od_x1.0,none,3,S0006,451.2755,205,466.5295
C_k9_1od_x1.0,none,4,S0016,452.938,201,475.912
C_k9_1od_x1.0,none,4,S0016,452.938,202,466.821
C_k9_1od_x1.0,none,4,S0016,452.938,203,473.0095
C_k9_1od_x1.0,none,4,S0016,452.938,204,462.6955
C_k9_1od_x1.0,none,4,S0016,452.938,205,472.8765
C_k9_1od_x1.0,none,5,S0022,451.6975,201,466.707
C_k9_1od_x1.0,none,5,S0022,451.6975,202,472.7255
C_k9_1od_x1.0,none,5,S0022,451.6975,203,473.879
C_k9_1od_x1.0,none,5,S0022,451.6975,204,476.465
C_k9_1od_x1.0,none,5,S0022,451.6975,205,465.8735
C_k9_1od_x1.0,none,6,S0007,456.287,201,463.804
C_k9_1od_x1.0,none,6,S0007,456.287,202,461.599
C_k9_1od_x1.0,none,6,S0007,456.287,203,469.875
C_k9_1od_x1.0,none,6,S0007,456.287,204,463.838
C_k9_1od_x1.0,none,6,S0007,456.287,205,461.815
C_k9_1od_x1.0,none,7,S0018,456.287,201,463.804
C_k9_1od_x1.0,none,7,S0018,456.287,202,461.599
C_k9_1od_x1.0,none,7,S0018,456.287,203,469.875
C_k9_1od_x1.0,none,7,S0018,456.287,204,463.838
C_k9_1od_x1.0,none,7,S0018,456.287,205,461.815
C_k9_1od_x1.0,none,8,S0014,452.551,201,469.02
C_k9_1od_x1.0,none,8,S0014,452.551,202,471.582
C_k9_1od_x1.0,none,8,S0014,452.551,203,475.5855
C_k9_1od_x1.0,none,8,S0014,452.551,204,471.304
C_k9_1od_x1.0,none,8,S0014,452.551,205,481.6565
C_k9_1od_x1.0,none,9,S0010,457.248,201,475.675
C_k9_1od_x1.0,none,9,S0010,457.248,202,477.7685
C_k9_1od_x1.0,none,9,S0010,457.248,203,471.354
C_k9_1od_x1.0,none,9,S0010,457.248,204,461.8825
C_k9_1od_x1.0,none,9,S0010,457.248,205,456.1485
C_k9_1od_x1.2,both,0,S0016,448.0275,201,472.705
C_k9_1od_x1.2,both,0,S0016,448.0275,202,454.33458333333334
C_k9_1od_x1.2,both,0,S0016,448.0275,203,454.69708333333335
C_k9_1od_x1.2,both,0,S0016,448.0275,204,473.62708333333336
C_k9_1od_x1.2,both,0,S0016,448.0275,205,449.81083333333333
C_k9_1od_x1.2,both,1,S0018,454.6075,201,471.13875
C_k9_1od_x1.2,both,1,S0018,454.6075,202,478.6308333333333
C_k9_1od_x1.2,both,1,S0018,454.6075,203,471.335
C_k9_1od_x1.2,both,1,S0018,454.6075,204,467.09458333333333
C_k9_1od_x1.2,both,1,S0018,454.6075,205,462.23583333333335
C_k9_1od_x1.2,both,2,S0029,451.92541666666665,201,474.225
C_k9_1od_x1.2,both,2,S0029,451.92541666666665,202,466.57708333333335
C_k9_1od_x1.2,both,2,S0029,451.92541666666665,203,458.65125
C_k9_1od_x1.2,both,2,S0029,451.92541666666665,204,464.31
C_k9_1od_x1.2,both,2,S0029,451.92541666666665,205,455.94208333333336
C_k9_1od_x1.2,both,3,S0007,449.75708333333336,201,475.59208333333333
C_k9_1od_x1.2,both,3,S0007,449.75708333333336,202,464.085
C_k9_1od_x1.2,both,3,S0007,449.75708333333336,203,463.185
C_k9_1od_x1.2,both,3,S0007,449.75708333333336,204,457.64916666666664
C_k9_1od_x1.2,both,3,S0007,449.75708333333336,205,477.6925
C_k9_1od_x1.2,both,4,S0009,451.92541666666665,201,474.225
C_k9_1od_x1.2,both,4,S0009,451.92541666666665,202,466.57708333333335
C_k9_1od_x1.2,both,4,S0009,451.92541666666665,203,459.77416666666664
C_k9_1od_x1.2,both,4,S0009,451.92541666666665,204,461.37666666666667
C_k9_1od_x1.2,both,4,S0009,451.92541666666665,205,451.52875
C_k9_1od_x1.2,both,5,S0022,446.3208333333333,201,444.74333333333334
C_k9_1od_x1.2,both,5,S0022,446.3208333333333,202,449.72583333333336
C_k9_1od_x1.2,both,5,S0022,446.3208333333333,203,453.8975
C_k9_1od_x1.2,both,5,S0022,446.3208333333333,204,456.635
C_k9_1od_x1.2,both,5,S0022,446.3208333333333,205,454.865
C_k9_1od_x1.2,both,6,S0017,446.3208333333333,201,455.3666666666667
C_k9_1od_x1.2,both,6,S0017,446.3208333333333,202,444.43
C_k9_1od_x1.2,both,6,S0017,446.3208333333333,203,449.335
C_k9_1od_x1.2,both,6,S0017,446.3208333333333,204,456.635
C_k9_1od_x1.2,both,6,S0017,446.3208333333333,205,454.865
C_k9_1od_x1.2,both,7,S0028,451.5220833333333,201,454.7775
C_k9_1od_x1.2,both,7,S0028,451.5220833333333,202,450.49041666666665
C_k9_1od_x1.2,both,7,S0028,451.5220833333333,203,458.2891666666667
C_k9_1od_x1.2,both,7,S0028,451.5220833333333,204,482.62083333333334
C_k9_1od_x1.2,both,7,S0028,451.5220833333333,205,459.35375
C_k9_1od_x1.2,both,8,S0001,443.38666666666666,201,475.59208333333333
C_k9_1od_x1.2,both,8,S0001,443.38666666666666,202,464.085
C_k9_1od_x1.2,both,8,S0001,443.38666666666666,203,463.185
C_k9_1od_x1.2,both,8,S0001,443.38666666666666,204,457.64916666666664
C_k9_1od_x1.2,both,8,S0001,443.38666666666666,205,452.4554166666667
C_k9_1od_x1.2,both,9,S0025,453.0708333333333,201,482.61791666666664
C_k9_1od_x1.2,both,9,S0025,453.0708333333333,202,483.35041666666666
C_k9_1od_x1.2,both,9,S0025,453.0708333333333,203,463.25083333333333
C_k9_1od_x1.2,both,9,S0025,453.0708333333333,204,469.9916666666667
C_k9_1od_x1.2,both,9,S0025,453.0708333333333,205,476.65375
C_k9_1od_x1.2,init,0,S0006,443.38666666666666,201,475.59208333333333
C_k9_1od_x1.2,init,0,S0006,443.38666666666666,202,464.085
C_k9_1od_x1.2,init,0,S0006,443.38666666666666,203,463.185
C_k9_1od_x1.2,init,0,S0006,443.38666666666666,204,457.64916666666664
C_k9_1od_x1.2,init,0,S0006,443.38666666666666,205,452.4554166666667
C_k9_1od_x1.2,init,1,S0037,458.9116666666667,201,470.00708333333336
C_k9_1od_x1.2,init,1,S0037,458.9116666666667,202,465.5995833333333
C_k9_1od_x1.2,init,1,S0037,458.9116666666667,203,456.5395833333333
C_k9_1od_x1.2,init,1,S0037,458.9116666666667,204,473.2316666666667
C_k9_1od_x1.2,init,1,S0037,458.9116666666667,205,460.1725
C_k9_1od_x1.2,init,2,S0023,460.10791666666665,201,476.82208333333335
C_k9_1od_x1.2,init,2,S0023,460.10791666666665,202,480.12291666666664
C_k9_1od_x1.2,init,2,S0023,460.10791666666665,203,479.0704166666667
C_k9_1od_x1.2,init,2,S0023,460.10791666666665,204,490.72125
C_k9_1od_x1.2,init,2,S0023,460.10791666666665,205,481.25166666666667
C_k9_1od_x1.2,init,3,S0000,459.0604166666666,201,468.7891666666667
C_k9_1od_x1.2,init,3,S0000,459.0604166666666,202,474.60625
C_k9_1od_x1.2,init,3,S0000,459.0604166666666,203,479.9225
C_k9_1od_x1.2,init,3,S0000,459.0604166666666,204,482.5154166666667
C_k9_1od_x1.2,init,3,S0000,459.0604166666666,205,468.70875
C_k9_1od_x1.2,init,4,S0033,449.66625,201,478.8854166666667
C_k9_1od_x1.2,init,4,S0033,449.66625,202,479.94208333333336
C_k9_1od_x1.2,init,4,S0033,449.66625,203,461.5104166666667
C_k9_1od_x1.2,init,4,S0033,449.66625,204,475.83
C_k9_1od_x1.2,init,4,S0033,449.66625,205,468.91875
C_k9_1od_x1.2,init,5,S0034,459.72083333333336,201,466.34125
C_k9_1od_x1.2,init,5,S0034,459.72083333333336,202,475.34458333333333
C_k9_1od_x1.2,init,5,S0034,459.72083333333336,203,474.445
C_k9_1od_x1.2,init,5,S0034,459.72083333333336,204,482.45958333333334
C_k9_1od_x1.2,init,5,S0034,459.72083333333336,205,466.89125
C_k9_1od_x1.2,init,6,S0032,452.5733333333333,201,465.1145833333333
C_k9_1od_x1.2,init,6,S0032,452.5733333333333,202,464.3975
C_k9_1od_x1.2,init,6,S0032,452.5733333333333,203,469.66041666666666
C_k9_1od_x1.2,init,6,S0032,452.5733333333333,204,473.32416666666666
C_k9_1od_x1.2,init,6,S0032,452.5733333333333,205,475.9795833333333
C_k9_1od_x1.2,init,7,S0013,451.92541666666665,201,474.225
C_k9_1od_x1.2,init,7,S0013,451.92541666666665,202,466.57708333333335
C_k9_1od_x1.2,init,7,S0013,451.92541666666665,203,458.30125
C_k9_1od_x1.2,init,7,S0013,451.92541666666665,204,464.31
C_k9_1od_x1.2,init,7,S0013,451.92541666666665,205,455.94208333333336
C_k9_1od_x1.2,init,8,S0014,454.8858333333333,201,471.13875
C_k9_1od_x1.2,init,8,S0014,454.8858333333333,202,470.7104166666667
C_k9_1od_x1.2,init,8,S0014,454.8858333333333,203,468.6116666666667
C_k9_1od_x1.2,init,8,S0014,454.8858333333333,204,465.62291666666664
C_k9_1od_x1.2,init,8,S0014,454.8858333333333,205,476.4370833333333
C_k9_1od_x1.2,init,9,S0035,458.9116666666667,201,470.00708333333336
C_k9_1od_x1.2,init,9,S0035,458.9116666666667,202,465.5995833333333
C_k9_1od_x1.2,init,9,S0035,458.9116666666667,203,456.5395833333333
C_k9_1od_x1.2,init,9,S0035,458.9116666666667,204,473.2316666666667
C_k9_1od_x1.2,init,9,S0035,458.9116666666667,205,460.1725
C_k9_1od_x1.2,mutation,0,S0031,443.38666666666666,201,475.59208333333333
C_k9_1od_x1.2,mutation,0,S0031,443.38666666666666,202,464.085
C_k9_1od_x1.2,mutation,0,S0031,443.38666666666666,203,463.185
C_k9_1od_x1.2,mutation,0,S0031,443.38666666666666,204,457.64916666666664
C_k9_1od_x1.2,mutation,0,S0031,443.38666666666666,205,452.4554166666667
C_k9_1od_x1.2,mutation,1,S0026,448.0275,201,472.705
C_k9_1od_x1.2,mutation,1,S0026,448.0275,202,452.9875
C_k9_1od_x1.2,mutation,1,S0026,448.0275,203,454.69708333333335
C_k9_1od_x1.2,mutation,1,S0026,448.0275,204,473.62708333333336
C_k9_1od_x1.2,mutation,1,S0026,448.0275,205,449.81083333333333
C_k9_1od_x1.2,mutation,2,S0011,445.37625,201,459.3883333333333
C_k9_1od_x1.2,mutation,2,S0011,445.37625,202,477.14166666666665
C_k9_1od_x1.2,mutation,2,S0011,445.37625,203,470.4220833333333
C_k9_1od_x1.2,mutation,2,S0011,445.37625,204,482.74666666666667
C_k9_1od_x1.2,mutation,2,S0011,445.37625,205,474.91833333333335
C_k9_1od_x1.2,mutation,3,S0015,449.75708333333336,201,475.59208333333333
C_k9_1od_x1.2,mutation,3,S0015,449.75708333333336,202,464.085
C_k9_1od_x1.2,mutation,3,S0015,449.75708333333336,203,463.185
C_k9_1od_x1.2,mutation,3,S0015,449.75708333333336,204,457.64916666666664
C_k9_1od_x1.2,mutation,3,S0015,449.75708333333336,205,477.6925
C_k9_1od_x1.2,mutation,4,S0021,449.3691666666667,201,457.42375
C_k9_1od_x1.2,mutation,4,S0021,449.3691666666667,202,461.95875
C_k9_1od_x1.2,mutation,4,S0021,449.3691666666667,203,459.0520833333333
C_k9_1od_x1.2,mutation,4,S0021,449.3691666666667,204,472.3075
C_k9_1od_x1.2,mutation,4,S0021,449.3691666666667,205,474.96625
C_k9_1od_x1.2,mutation,5,S0027,443.455,201,472.21875
C_k9_1od_x1.2,mutation,5,S0027,443.455,202,458.29333333333335
C_k9_1od_x1.2,mutation,5,S0027,443.455,203,448.2425
C_k9_1od_x1.2,mutation,5,S0027,443.455,204,464.3645833333333
C_k9_1od_x1.2,mutation,5,S0027,443.455,205,463.17041666666665
C_k9_1od_x1.2,mutation,6,S0024,447.79541666666665,201,472.0575
C_k9_1od_x1.2,mutation,6,S0024,447.79541666666665,202,470.6816666666667
C_k9_1od_x1.2,mutation,6,S0024,447.79541666666665,203,468.08166666666665
C_k9_1od_x1.2,mutation,6,S0024,447.79541666666665,204,465.67125
C_k9_1od_x1.2,mutation,6,S0024,447.79541666666665,205,472.6120833333333
C_k9_1od_x1.2,mutation,7,S0005,455.0266666666666,201,487.87375
C_k9_1od_x1.2,mutation,7,S0005,455.0266666666666,202,483.2579166666667
C_k9_1od_x1.2,mutation,7,S0005,455.0266666666666,203,480.51
C_k9_1od_x1.2,mutation,7,S0005,455.0266666666666,204,497.735
C_k9_1od_x1.2,mutation,7,S0005,455.0266666666666,205,489.88916666666665
C_k9_1od_x1.2,mutation,8,S0030,453.0708333333333,201,496.8020833333333
C_k9_1od_x1.2,mutation,8,S0030,453.0708333333333,202,483.35041666666666
C_k9_1od_x1.2,mutation,8,S0030,453.0708333333333,203,483.6375
C_k9_1od_x1.2,mutation,8,S0030,453.0708333333333,204,492.65833333333336
C_k9_1od_x1.2,mutation,8,S0030,453.0708333333333,205,470.5675
C_k9_1od_x1.2,mutation,9,S0003,446.3208333333333,201,444.74333333333334
C_k9_1od_x1.2,mutation,9,S0003,446.3208333333333,202,449.72583333333336
C_k9_1od_x1.2,mutation,9,S0003,446.3208333333333,203,453.8975
C_k9_1od_x1.2,mutation,9,S0003,446.3208333333333,204,456.635
C_k9_1od_x1.2,mutation,9,S0003,446.3208333333333,205,454.865
C_k9_1od_x1.2,none,0,S0010,455.0133333333333,201,470.23833333333334
C_k9_1od_x1.2,none,0,S0010,455.0133333333333,202,481.4479166666667
C_k9_1od_x1.2,none,0,S0010,455.0133333333333,203,468.37416666666667
C_k9_1od_x1.2,none,0,S0010,455.0133333333333,204,497.865
C_k9_1od_x1.2,none,0,S0010,455.0133333333333,205,465.16041666666666
C_k9_1od_x1.2,none,1,S0008,447.79541666666665,201,472.0575
C_k9_1od_x1.2,none,1,S0008,447.79541666666665,202,470.6816666666667
C_k9_1od_x1.2,none,1,S0008,447.79541666666665,203,468.08166666666665
C_k9_1od_x1.2,none,1,S0008,447.79541666666665,204,465.67125
C_k9_1od_x1.2,none,1,S0008,447.79541666666665,205,472.6120833333333
C_k9_1od_x1.2,none,2,S0019,453.0708333333333,201,482.61791666666664
C_k9_1od_x1.2,none,2,S0019,453.0708333333333,202,469.38916666666665
C_k9_1od_x1.2,none,2,S0019,453.0708333333333,203,463.25083333333333
C_k9_1od_x1.2,none,2,S0019,453.0708333333333,204,469.9916666666667
C_k9_1od_x1.2,none,2,S0019,453.0708333333333,205,476.65375
C_k9_1od_x1.2,none,3,S0039,456.94625,201,449.53791666666666
C_k9_1od_x1.2,none,3,S0039,456.94625,202,475.59791666666666
C_k9_1od_x1.2,none,3,S0039,456.94625,203,474.9325
C_k9_1od_x1.2,none,3,S0039,456.94625,204,470.5733333333333
C_k9_1od_x1.2,none,3,S0039,456.94625,205,450.05
C_k9_1od_x1.2,none,4,S0002,454.8858333333333,201,470.5341666666667
C_k9_1od_x1.2,none,4,S0002,454.8858333333333,202,463.26458333333335
C_k9_1od_x1.2,none,4,S0002,454.8858333333333,203,468.6116666666667
C_k9_1od_x1.2,none,4,S0002,454.8858333333333,204,465.62291666666664
C_k9_1od_x1.2,none,4,S0002,454.8858333333333,205,481.20625
C_k9_1od_x1.2,none,5,S0036,463.6833333333333,201,460.8545833333333
C_k9_1od_x1.2,none,5,S0036,463.6833333333333,202,476.52125
C_k9_1od_x1.2,none,5,S0036,463.6833333333333,203,467.14958333333334
C_k9_1od_x1.2,none,5,S0036,463.6833333333333,204,481.79625
C_k9_1od_x1.2,none,5,S0036,463.6833333333333,205,484.72041666666667
C_k9_1od_x1.2,none,6,S0038,459.0604166666666,201,468.7891666666667
C_k9_1od_x1.2,none,6,S0038,459.0604166666666,202,474.60625
C_k9_1od_x1.2,none,6,S0038,459.0604166666666,203,479.9225
C_k9_1od_x1.2,none,6,S0038,459.0604166666666,204,482.5154166666667
C_k9_1od_x1.2,none,6,S0038,459.0604166666666,205,468.70875
C_k9_1od_x1.2,none,7,S0004,459.0604166666666,201,478.60541666666666
C_k9_1od_x1.2,none,7,S0004,459.0604166666666,202,474.60625
C_k9_1od_x1.2,none,7,S0004,459.0604166666666,203,479.9225
C_k9_1od_x1.2,none,7,S0004,459.0604166666666,204,484.0025
C_k9_1od_x1.2,none,7,S0004,459.0604166666666,205,468.70875
C_k9_1od_x1.2,none,8,S0012,458.9325,201,462.97208333333333
C_k9_1od_x1.2,none,8,S0012,458.9325,202,462.02875
C_k9_1od_x1.2,none,8,S0012,458.9325,203,458.30125
C_k9_1od_x1.2,none,8,S0012,458.9325,204,467.8720833333333
C_k9_1od_x1.2,none,8,S0012,458.9325,205,461.6979166666667
C_k9_1od_x1.2,none,9,S0020,457.2083333333333,201,464.10125
C_k9_1od_x1.2,none,9,S0020,457.2083333333333,202,469.81708333333336
C_k9_1od_x1.2,none,9,S0020,457.2083333333333,203,465.74833333333333
C_k9_1od_x1.2,none,9,S0020,457.2083333333333,204,481.62958333333336
C_k9_1od_x1.2,none,9,S0020,457.2083333333333,205,453.28375
C_k9_2od_x0.8,both,0,S0000,795.728125,201,797.870625
C_k9_2od_x0.8,both,0,S0000,795.728125,202,834.48
C_k9_2od_x0.8,both,0,S0000,795.728125,203,820.88
C_k9_2od_x0.8,both,0,S0000,795.728125,204,820.96875
C_k9_2od_x0.8,both,0,S0000,795.728125,205,827.449375
C_k9_2od_x0.8,both,1,S0013,801.20625,201,815.975625
C_k9_2od_x0.8,both,1,S0013,801.20625,202,834.66625
C_k9_2od_x0.8,both,1,S0013,801.20625,203,811.0475
C_k9_2od_x0.8,both,1,S0013,801.20625,204,828.06875
C_k9_2od_x0.8,both,1,S0013,801.20625,205,831.71
C_k9_2od_x0.8,both,2,S0002,798.31,201,814.600625
C_k9_2od_x0.8,both,2,S0002,798.31,202,822.145
C_k9_2od_x0.8,both,2,S0002,798.31,203,811.105
C_k9_2od_x0.8,both,2,S0002,798.31,204,833.038125
C_k9_2od_x0.8,both,2,S0002,798.31,205,831.370625
C_k9_2od_x0.8,both,3,S0025,798.275,201,809.15125
C_k9_2od_x0.8,both,3,S0025,798.275,202,817.93375
C_k9_2od_x0.8,both,3,S0025,798.275,203,809.35625
C_k9_2od_x0.8,both,3,S0025,798.275,204,816.455
C_k9_2od_x0.8,both,3,S0025,798.275,205,814.4275
C_k9_2od_x0.8,both,4,S0001,799.74,201,829.56375
C_k9_2od_x0.8,both,4,S0001,799.74,202,824.243125
C_k9_2od_x0.8,both,4,S0001,799.74,203,823.9325
C_k9_2od_x0.8,both,4,S0001,799.74,204,816.71125
C_k9_2od_x0.8,both,4,S0001,799.74,205,823.76625
C_k9_2od_x0.8,both,5,S0035,796.33625,201,809.71125
C_k9_2od_x0.8,both,5,S0035,796.33625,202,824.688125
C_k9_2od_x0.8,both,5,S0035,796.33625,203,823.24125
C_k9_2od_x0.8,both,5,S0035,796.33625,204,822.34875
C_k9_2od_x0.8,both,5,S0035,796.33625,205,818.025625
C_k9_2od_x0.8,both,6,S0003,794.6,201,830.255
C_k9_2od_x0.8,both,6,S0003,794.6,202,830.6675
C_k9_2od_x0.8,both,6,S0003,794.6,203,819.08125
C_k9_2od_x0.8,both,6,S0003,794.6,204,838.56625
C_k9_2od_x0.8,both,6,S0003,794.6,205,813.20375
C_k9_2od_x0.8,both,7,S0014,800.303125,201,824.210625
C_k9_2od_x0.8,both,7,S0014,800.303125,202,850.421875
C_k9_2od_x0.8,both,7,S0014,800.303125,203,834.03125
C_k9_2od_x0.8,both,7,S0014,800.303125,204,826.490625
C_k9_2od_x0.8,both,7,S0014,800.303125,205,826.406875
C_k9_2od_x0.8,both,8,S0012,796.63,201,823.63625
C_k9_2od_x0.8,both,8,S0012,796.63,202,814.845
C_k9_2od_x0.8,both,8,S0012,796.63,203,816.195
C_k9_2od_x0.8,both,8,S0012,796.63,204,821.31
C_k9_2od_x0.8,both,8,S0012,796.63,205,810.61875
C_k9_2od_x0.8,both,9,S0011,797.97875,201,817.965
C_k9_2od_x0.8,both,9,S0011,797.97875,202,804.34
C_k9_2od_x0.8,both,9,S0011,797.97875,203,825.79625
C_k9_2od_x0.8,both,9,S0011,797.97875,204,832.990625
C_k9_2od_x0.8,both,9,S0011,797.97875,205,818.014375
C_k9_2od_x0.8,init,0,S0022,790.085,201,786.59125
C_k9_2od_x0.8,init,0,S0022,790.085,202,804.92125
C_k9_2od_x0.8,init,0,S0022,790.085,203,818.23
C_k9_2od_x0.8,init,0,S0022,790.085,204,820.219375
C_k9_2od_x0.8,init,0,S0022,790.085,205,815.481875
C_k9_2od_x0.8,init,1,S0015,799.808125,201,809.306875
C_k9_2od_x0.8,init,1,S0015,799.808125,202,828.228125
C_k9_2od_x0.8,init,1,S0015,799.808125,203,826.085
C_k9_2od_x0.8,init,1,S0015,799.808125,204,825.078125
C_k9_2od_x0.8,init,1,S0015,799.808125,205,823.31
C_k9_2od_x0.8,init,2,S0004,798.73875,201,814.491875
C_k9_2od_x0.8,init,2,S0004,798.73875,202,824.178125
C_k9_2od_x0.8,init,2,S0004,798.73875,203,822.7825
C_k9_2od_x0.8,init,2,S0004,798.73875,204,824.1925
C_k9_2od_x0.8,init,2,S0004,798.73875,205,817.201875
C_k9_2od_x0.8,init,3,S0005,801.0875,201,793.335
C_k9_2od_x0.8,init,3,S0005,801.0875,202,814.439375
C_k9_2od_x0.8,init,3,S0005,801.0875,203,811.689375
C_k9_2od_x0.8,init,3,S0005,801.0875,204,813.804375
C_k9_2od_x0.8,init,3,S0005,801.0875,205,820.645
C_k9_2od_x0.8,init,4,S0019,790.879375,201,832.541875
C_k9_2od_x0.8,init,4,S0019,790.879375,202,841.035
C_k9_2od_x0.8,init,4,S0019,790.879375,203,837.095625
C_k9_2od_x0.8,init,4,S0019,790.879375,204,832.155
C_k9_2od_x0.8,init,4,S0019,790.879375,205,802.208125
C_k9_2od_x0.8,init,5,S0018,793.750625,201,815.295
C_k9_2od_x0.8,init,5,S0018,793.750625,202,809.2275
C_k9_2od_x0.8,init,5,S0018,793.750625,203,839.446875
C_k9_2od_x0.8,init,5,S0018,793.750625,204,825.34625
C_k9_2od_x0.8,init,5,S0018,793.750625,205,820.1325
C_k9_2od_x0.8,init,6,S0009,802.82625,201,837.126875
C_k9_2od_x0.8,init,6,S0009,802.82625,202,831.558125
C_k9_2od_x0.8,init,6,S0009,802.82625,203,839.855625
C_k9_2od_x0.8,init,6,S0009,802.82625,204,841.14875
C_k9_2od_x0.8,init,6,S0009,802.82625,205,822.0975
C_k9_2od_x0.8,init,7,S0027,804.15625,201,824.135
C_k9_2od_x0.8,init,7,S0027,804.15625,202,825.479375
C_k9_2od_x0.8,init,7,S0027,804.15625,203,817.995
C_k9_2od_x0.8,init,7,S0027,804.15625,204,832.298125
C_k9_2od_x0.8,init,7,S0027,804.15625,205,816.928125
C_k9_2od_x0.8,init,8,S0023,796.711875,201,819.74125
C_k9_2od_x0.8,init,8,S0023,796.711875,202,836.034375
C_k9_2od_x0.8,init,8,S0023,796.711875,203,835.035
C_k9_2od_x0.8,init,8,S0023,796.711875,204,822.5475
C_k9_2od_x0.8,init,8,S0023,796.711875,205,821.090625
C_k9_2od_x0.8,init,9,S0033,795.0025,201,834.344375
C_k9_2od_x0.8,init,9,S0033,795.0025,202,854.24875
C_k9_2od_x0.8,init,9,S0033,795.0025,203,811.433125
C_k9_2od_x0.8,init,9,S0033,795.0025,204,848.600625
C_k9_2od_x0.8,init,9,S0033,795.0025,205,832.958125
C_k9_2od_x0.8,mutation,0,S0026,799.31,201,806.719375
C_k9_2od_x0.8,mutation,0,S0026,799.31,202,820.72
C_k9_2od_x0.8,mutation,0,S0026,799.31,203,815.128125
C_k9_2od_x0.8,mutation,0,S0026,799.31,204,828.354375
C_k9_2od_x0.8,mutation,0,S0026,799.31,205,813.966875
C_k9_2od_x0.8,mutation,1,S0036,799.73625,201,810.9
C_k9_2od_x0.8,mutation,1,S0036,799.73625,202,825.39625
C_k9_2od_x0.8,mutation,1,S0036,799.73625,203,828.855
C_k9_2od_x0.8,mutation,1,S0036,799.73625,204,837.9025
C_k9_2od_x0.8,mutation,1,S0036,799.73625,205,824.474375
C_k9_2od_x0.8,mutation,2,S0008,804.549375,201,812.844375
C_k9_2od_x0.8,mutation,2,S0008,804.549375,202,836.7975
C_k9_2od_x0.8,mutation,2,S0008,804.549375,203,816.128125
C_k9_2od_x0.8,mutation,2,S0008,804.549375,204,824.655625
C_k9_2od_x0.8,mutation,2,S0008,804.549375,205,819.42875
C_k9_2od_x0.8,mutation,3,S0021,789.839375,201,816.218125
C_k9_2od_x0.8,mutation,3,S0021,789.839375,202,821.089375
C_k9_2od_x0.8,mutation,3,S0021,789.839375,203,830.293125
C_k9_2od_x0.8,mutation,3,S0021,789.839375,204,824.88625
C_k9_2od_x0.8,mutation,3,S0021,789.839375,205,831.19125
C_k9_2od_x0.8,mutation,4,S0030,798.90375,201,842.233125
C_k9_2od_x0.8,mutation,4,S0030,798.90375,202,811.88
C_k9_2od_x0.8,mutation,4,S0030,798.90375,203,819.631875
C_k9_2od_x0.8,mutation,4,S0030,798.90375,204,825.83125
C_k9_2od_x0.8,mutation,4,S0030,798.90375,205,817.633125
C_k9_2od_x0.8,mutation,5,S0010,795.300625,201,814.125625
C_k9_2od_x0.8,mutation,5,S0010,795.300625,202,841.213125
C_k9_2od_x0.8,mutation,5,S0010,795.300625,203,830.13625
C_k9_2od_x0.8,mutation,5,S0010,795.300625,204,834.81625
C_k9_2od_x0.8,mutation,5,S0010,795.300625,205,821.2975
C_k9_2od_x0.8,mutation,6,S0007,797.28,201,813.27625
C_k9_2od_x0.8,mutation,6,S0007,797.28,202,821.049375
C_k9_2od_x0.8,mutation,6,S0007,797.28,203,853.056875
C_k9_2od_x0.8,mutation,6,S0007,797.28,204,828.825
C_k9_2od_x0.8,mutation,6,S0007,797.28,205,821.8675
C_k9_2od_x0.8,mutation,7,S0034,799.916875,201,820.323125
C_k9_2od_x0.8,mutation,7,S0034,799.916875,202,819.969375
C_k9_2od_x0.8,mutation,7,S0034,799.916875,203,821.899375
C_k9_2od_x0.8,mutation,7,S0034,799.916875,204,832.376875
C_k9_2od_x0.8,mutation,7,S0034,799.916875,205,815.20875
C_k9_2od_x0.8,mutation,8,S0017,797.255,201,804.56125
C_k9_2od_x0.8,mutation,8,S0017,797.255,202,821.2125
C_k9_2od_x0.8,mutation,8,S0017,797.255,203,833.806875
C_k9_2od_x0.8,mutation,8,S0017,797.255,204,822.805625
C_k9_2od_x0.8,mutation,8,S0017,797.255,205,821.064375
C_k9_2od_x0.8,mutation,9,S0006,797.9175,201,821.055
C_k9_2od_x0.8,mutation,9,S0006,797.9175,202,827.95875
C_k9_2od_x0.8,mutation,9,S0006,797.9175,203,822.626875
C_k9_2od_x0.8,mutation,9,S0006,797.9175,204,845.625
C_k9_2od_x0.8,mutation,9,S0006,797.9175,205,828.855625
C_k9_2od_x0.8,none,0,S0016,798.265625,201,827.1375
C_k9_2od_x0.8,none,0,S0016,798.265625,202,836.52
C_k9_2od_x0.8,none,0,S0016,798.265625,203,815.79
C_k9_2od_x0.8,none,0,S0016,798.265625,204,846.595625
C_k9_2od_x0.8,none,0,S0016,798.265625,205,832.938125
C_k9_2od_x0.8,none,1,S0032,795.89625,201,821.076875
C_k9_2od_x0.8,none,1,S0032,795.89625,202,822.855
C_k9_2od_x0.8,none,1,S0032,795.89625,203,821.01125
C_k9_2od_x0.8,none,1,S0032,795.89625,204,819.478125
C_k9_2od_x0.8,none,1,S0032,795.89625,205,815.265625
C_k9_2od_x0.8,none,2,S0020,795.2575,201,828.43375
C_k9_2od_x0.8,none,2,S0020,795.2575,202,841.234375
C_k9_2od_x0.8,none,2,S0020,795.2575,203,835.08
C_k9_2od_x0.8,none,2,S0020,795.2575,204,825.605625
C_k9_2od_x0.8,none,2,S0020,795.2575,205,829.95
C_k9_2od_x0.8,none,3,S0037,799.730625,201,815.7525
C_k9_2od_x0.8,none,3,S0037,799.730625,202,818.11375
C_k9_2od_x0.8,none,3,S0037,799.730625,203,835.7875
C_k9_2od_x0.8,none,3,S0037,799.730625,204,818.164375
C_k9_2od_x0.8,none,3,S0037,799.730625,205,808.15375
C_k9_2od_x0.8,none,4,S0030,798.90375,201,842.233125
C_k9_2od_x0.8,none,4,S0030,798.90375,202,811.88
C_k9_2od_x0.8,none,4,S0030,798.90375,203,819.631875
C_k9_2od_x0.8,none,4,S0030,798.90375,204,825.83125
C_k9_2od_x0.8,none,4,S0030,798.90375,205,817.633125
C_k9_2od_x0.8,none,5,S0024,791.5825,201,797.403125
C_k9_2od_x0.8,none,5,S0024,791.5825,202,830.82625
C_k9_2od_x0.8,none,5,S0024,791.5825,203,828.35125
C_k9_2od_x0.8,none,5,S0024,791.5825,204,827.220625
C_k9_2od_x0.8,none,5,S0024,791.5825,205,824.130625
C_k9_2od_x0.8,none,6,S0029,796.338125,201,796.465625
C_k9_2od_x0.8,none,6,S0029,796.338125,202,843.60125
C_k9_2od_x0.8,none,6,S0029,796.338125,203,824.675
C_k9_2od_x0.8,none,6,S0029,796.338125,204,832.91875
C_k9_2od_x0.8,none,6,S0029,796.338125,205,805.945
C_k9_2od_x0.8,none,7,S0038,802.633125,201,819.08125
C_k9_2od_x0.8,none,7,S0038,802.633125,202,823.059375
C_k9_2od_x0.8,none,7,S0038,802.633125,203,838.673125
C_k9_2od_x0.8,none,7,S0038,802.633125,204,824.50375
C_k9_2od_x0.8,none,7,S0038,802.633125,205,813.865
C_k9_2od_x0.8,none,8,S0028,793.24125,201,796.465625
C_k9_2od_x0.8,none,8,S0028,793.24125,202,812.24
C_k9_2od_x0.8,none,8,S0028,793.24125,203,824.6725
C_k9_2od_x0.8,none,8,S0028,793.24125,204,828.213125
C_k9_2od_x0.8,none,8,S0028,793.24125,205,816.695
C_k9_2od_x0.8,none,9,S0031,789.839375,201,816.218125
C_k9_2od_x0.8,none,9,S0031,789.839375,202,821.089375
C_k9_2od_x0.8,none,9,S0031,789.839375,203,830.293125
C_k9_2od_x0.8,none,9,S0031,789.839375,204,824.88625
C_k9_2od_x0.8,none,9,S0031,789.839375,205,831.19125
C_k9_2od_x1.0,both,0,S0024,810.893,201,842.685
C_k9_2od_x1.0,both,0,S0024,810.893,202,843.715
C_k9_2od_x1.0,both,0,S0024,810.893,203,838.039
C_k9_2od_x1.0,both,0,S0024,810.893,204,837.7405
C_k9_2od_x1.0,both,0,S0024,810.893,205,836.9545
C_k9_2od_x1.0,both,1,S0000,809.177,201,829.3905
C_k9_2od_x1.0,both,1,S0000,809.177,202,838.6305
C_k9_2od_x1.0,both,1,S0000,809.177,203,839.1225
C_k9_2od_x1.0,both,1,S0000,809.177,204,839.8805
C_k9_2od_x1.0,both,1,S0000,809.177,205,829.2655
C_k9_2od_x1.0,both,2,S0028,807.457,201,837.6785
C_k9_2od_x1.0,both,2,S0028,807.457,202,829.5555
C_k9_2od_x1.0,both,2,S0028,807.457,203,846.2875
C_k9_2od_x1.0,both,2,S0028,807.457,204,838.878
C_k9_2od_x1.0,both,2,S0028,807.457,205,852.5905
C_k9_2od_x1.0,both,3,S0003,812.007,201,838.0825
C_k9_2od_x1.0,both,3,S0003,812.007,202,849.006
C_k9_2od_x1.0,both,3,S0003,812.007,203,847.108
C_k9_2od_x1.0,both,3,S0003,812.007,204,846.715
C_k9_2od_x1.0,both,3,S0003,812.007,205,839.0865
C_k9_2od_x1.0,both,4,S0007,813.689,201,843.4845
C_k9_2od_x1.0,both,4,S0007,813.689,202,824.3815
C_k9_2od_x1.0,both,4,S0007,813.689,203,844.718
C_k9_2od_x1.0,both,4,S0007,813.689,204,835.1465
C_k9_2od_x1.0,both,4,S0007,813.689,205,846.1065
C_k9_2od_x1.0,both,5,S0020,808.928,201,842.497
C_k9_2od_x1.0,both,5,S0020,808.928,202,847.429
C_k9_2od_x1.0,both,5,S0020,808.928,203,839.683
C_k9_2od_x1.0,both,5,S0020,808.928,204,842.834
C_k9_2od_x1.0,both,5,S0020,808.928,205,832.678
C_k9_2od_x1.0,both,6,S0014,805.7975,201,834.0375
C_k9_2od_x1.0,both,6,S0014,805.7975,202,825.0155
C_k9_2od_x1.0,both,6,S0014,805.7975,203,848.1205
C_k9_2od_x1.0,both,6,S0014,805.7975,204,845.257
C_k9_2od_x1.0,both,6,S0014,805.7975,205,823.625
C_k9_2od_x1.0,both,7,S0015,813.0475,201,843.04
C_k9_2od_x1.0,both,7,S0015,813.0475,202,839.8235
C_k9_2od_x1.0,both,7,S0015,813.0475,203,844.2415
C_k9_2od_x1.0,both,7,S0015,813.0475,204,829.4855
C_k9_2od_x1.0,both,7,S0015,813.0475,205,823.4525
C_k9_2od_x1.0,both,8,S0012,812.06,201,840.587
C_k9_2od_x1.0,both,8,S0012,812.06,202,840.562
C_k9_2od_x1.0,both,8,S0012,812.06,203,854.734
C_k9_2od_x1.0,both,8,S0012,812.06,204,836.9545
C_k9_2od_x1.0,both,8,S0012,812.06,205,828.1505
C_k9_2od_x1.0,both,9,S0038,812.007,201,838.0825
C_k9_2od_x1.0,both,9,S0038,812.007,202,849.006
C_k9_2od_x1.0,both,9,S0038,812.007,203,847.108
C_k9_2od_x1.0,both,9,S0038,812.007,204,846.715
C_k9_2od_x1.0,both,9,S0038,812.007,205,839.0865
C_k9_2od_x1.0,init,0,S0036,804.854,201,846.241
C_k9_2od_x1.0,init,0,S0036,804.854,202,837.392
C_k9_2od_x1.0,init,0,S0036,804.854,203,839.936
C_k9_2od_x1.0,init,0,S0036,804.854,204,835.558
C_k9_2od_x1.0,init,0,S0036,804.854,205,852.088
C_k9_2od_x1.0,init,1,S0031,805.501,201,819.577
C_k9_2od_x1.0,init,1,S0031,805.501,202,859.33
C_k9_2od_x1.0,init,1,S0031,805.501,203,851.444
C_k9_2od_x1.0,init,1,S0031,805.501,204,835.5425
C_k9_2od_x1.0,init,1,S0031,805.501,205,845.477
C_k9_2od_x1.0,init,2,S0037,807.872,201,841.992
C_k9_2od_x1.0,init,2,S0037,807.872,202,836.029
C_k9_2od_x1.0,init,2,S0037,807.872,203,841.1865
C_k9_2od_x1.0,init,2,S0037,807.872,204,846.686
C_k9_2od_x1.0,init,2,S0037,807.872,205,842.282
C_k9_2od_x1.0,init,3,S0013,805.14,201,820.1455
C_k9_2od_x1.0,init,3,S0013,805.14,202,824.556
C_k9_2od_x1.0,init,3,S0013,805.14,203,838.947
C_k9_2od_x1.0,init,3,S0013,805.14,204,841.8105
C_k9_2od_x1.0,init,3,S0013,805.14,205,840.053
C_k9_2od_x1.0,init,4,S0032,804.329,201,828.393
C_k9_2od_x1.0,init,4,S0032,804.329,202,858.4415
C_k9_2od_x1.0,init,4,S0032,804.329,203,849.3675
C_k9_2od_x1.0,init,4,S0032,804.329,204,843.8055
C_k9_2od_x1.0,init,4,S0032,804.329,205,840.9795
C_k9_2od_x1.0,init,5,S0002,805.7975,201,832.214
C_k9_2od_x1.0,init,5,S0002,805.7975,202,821.42
C_k9_2od_x1.0,init,5,S0002,805.7975,203,848.2275
C_k9_2od_x1.0,init,5,S0002,805.7975,204,848.2455
C_k9_2od_x1.0,init,5,S0002,805.7975,205,827.05
C_k9_2od_x1.0,init,6,S0014,805.7975,201,834.0375
C_k9_2od_x1.0,init,6,S0014,805.7975,202,825.0155
C_k9_2od_x1.0,init,6,S0014,805.7975,203,848.1205
C_k9_2od_x1.0,init,6,S0014,805.7975,204,845.257
C_k9_2od_x1.0,init,6,S0014,805.7975,205,823.625
C_k9_2od_x1.0,init,7,S0035,810.1965,201,855.1775
C_k9_2od_x1.0,init,7,S0035,810.1965,202,829.782
C_k9_2od_x1.0,init,7,S0035,810.1965,203,848.183
C_k9_2od_x1.0,init,7,S0035,810.1965,204,848.6035
C_k9_2od_x1.0,init,7,S0035,810.1965,205,847.048
C_k9_2od_x1.0,init,8,S0008,809.445,201,837.172
C_k9_2od_x1.0,init,8,S0008,809.445,202,842.1595
C_k9_2od_x1.0,init,8,S0008,809.445,203,842.442
C_k9_2od_x1.0,init,8,S0008,809.445,204,841.0195
C_k9_2od_x1.0,init,8,S0008,809.445,205,830.259
C_k9_2od_x1.0,init,9,S0025,808.8005,201,834.5985
C_k9_2od_x1.0,init,9,S0025,808.8005,202,839.34
C_k9_2od_x1.0,init,9,S0025,808.8005,203,831.7815
C_k9_2od_x1.0,init,9,S0025,808.8005,204,860.3955
C_k9_2od_x1.0,init,9,S0025,808.8005,205,832.569
C_k9_2od_x1.0,mutation,0,S0029,809.445,201,837.172
C_k9_2od_x1.0,mutation,0,S0029,809.445,202,842.1595
C_k9_2od_x1.0,mutation,0,S0029,809.445,203,842.442
C_k9_2od_x1.0,mutation,0,S0029,809.445,204,841.0195
C_k9_2od_x1.0,mutation,0,S0029,809.445,205,830.259
C_k9_2od_x1.0,mutation,1,S0011,809.5645,201,825.444
C_k9_2od_x1.0,mutation,1,S0011,809.5645,202,834.174
C_k9_2od_x1.0,mutation,1,S0011,809.5645,203,857.053
C_k9_2od_x1.0,mutation,1,S0011,809.5645,204,850.8495
C_k9_2od_x1.0,mutation,1,S0011,809.5645,205,812.3
C_k9_2od_x1.0,mutation,2,S0010,802.3355,201,835.2605
C_k9_2od_x1.0,mutation,2,S0010,802.3355,202,844.15
C_k9_2od_x1.0,mutation,2,S0010,802.3355,203,831.684
C_k9_2od_x1.0,mutation,2,S0010,802.3355,204,823.563
C_k9_2od_x1.0,mutation,2,S0010,802.3355,205,821.899
C_k9_2od_x1.0,mutation,3,S0016,812.06,201,840.587
C_k9_2od_x1.0,mutation,3,S0016,812.06,202,840.562
C_k9_2od_x1.0,mutation,3,S0016,812.06,203,854.734
C_k9_2od_x1.0,mutation,3,S0016,812.06,204,836.9545
C_k9_2od_x1.0,mutation,3,S0016,812.06,205,828.1505
C_k9_2od_x1.0,mutation,4,S0001,808.851,201,831.8955
C_k9_2od_x1.0,mutation,4,S0001,808.851,202,840.4405
C_k9_2od_x1.0,mutation,4,S0001,808.851,203,839.6925
C_k9_2od_x1.0,mutation,4,S0001,808.851,204,828.87
C_k9_2od_x1.0,mutation,4,S0001,808.851,205,834.266
C_k9_2od_x1.0,mutation,5,S0023,806.934,201,839.605
C_k9_2od_x1.0,mutation,5,S0023,806.934,202,837.416
C_k9_2od_x1.0,mutation,5,S0023,806.934,203,840.043
C_k9_2od_x1.0,mutation,5,S0023,806.934,204,823.072
C_k9_2od_x1.0,mutation,5,S0023,806.934,205,835.8
C_k9_2od_x1.0,mutation,6,S0030,807.411,201,831.677
C_k9_2od_x1.0,mutation,6,S0030,807.411,202,835.7795
C_k9_2od_x1.0,mutation,6,S0030,807.411,203,837.404
C_k9_2od_x1.0,mutation,6,S0030,807.411,204,843.33
C_k9_2od_x1.0,mutation,6,S0030,807.411,205,821.349
C_k9_2od_x1.0,mutation,7,S0022,806.8335,201,834.62
C_k9_2od_x1.0,mutation,7,S0022,806.8335,202,830.281
C_k9_2od_x1.0,mutation,7,S0022,806.8335,203,845.9555
C_k9_2od_x1.0,mutation,7,S0022,806.8335,204,827.202
C_k9_2od_x1.0,mutation,7,S0022,806.8335,205,838.1185
C_k9_2od_x1.0,mutation,8,S0005,812.06,201,840.587
C_k9_2od_x1.0,mutation,8,S0005,812.06,202,840.562
C_k9_2od_x1.0,mutation,8,S0005,812.06,203,854.734
C_k9_2od_x1.0,mutation,8,S0005,812.06,204,836.9545
C_k9_2od_x1.0,mutation,8,S0005,812.06,205,828.1505
C_k9_2od_x1.0,mutation,9,S0033,804.854,201,846.241
C_k9_2od_x1.0,mutation,9,S0033,804.854,202,846.651
C_k9_2od_x1.0,mutation,9,S0033,804.854,203,839.936
C_k9_2od_x1.0,mutation,9,S0033,804.854,204,836.185
C_k9_2od_x1.0,mutation,9,S0033,804.854,205,854.457
C_k9_2od_x1.0,none,0,S0034,812.559,201,844.9985
C_k9_2od_x1.0,none,0,S0034,812.559,202,847.269
C_k9_2od_x1.0,none,0,S0034,812.559,203,836.671
C_k9_2od_x1.0,none,0,S0034,812.559,204,841.3835
C_k9_2od_x1.0,none,0,S0034,812.559,205,824.881
C_k9_2od_x1.0,none,1,S0026,813.548,201,843.687
C_k9_2od_x1.0,none,1,S0026,813.548,202,842.5795
C_k9_2od_x1.0,none,1,S0026,813.548,203,843.94
C_k9_2od_x1.0,none,1,S0026,813.548,204,835.311
C_k9_2od_x1.0,none,1,S0026,813.548,205,843.858
C_k9_2od_x1.0,none,2,S0009,810.502,201,841.327
C_k9_2od_x1.0,none,2,S0009,810.502,202,837.9685
C_k9_2od_x1.0,none,2,S0009,810.502,203,857.139
C_k9_2od_x1.0,none,2,S0009,810.502,204,837.3725
C_k9_2od_x1.0,none,2,S0009,810.502,205,830.2555
C_k9_2od_x1.0,none,3,S0017,808.754,201,839.554
C_k9_2od_x1.0,none,3,S0017,808.754,202,831.6085
C_k9_2od_x1.0,none,3,S0017,808.754,203,849.1325
C_k9_2od_x1.0,none,3,S0017,808.754,204,834.1435
C_k9_2od_x1.0,none,3,S0017,808.754,205,836.8415
C_k9_2od_x1.0,none,4,S0006,813.429,201,835.688
C_k9_2od_x1.0,none,4,S0006,813.429,202,854.913
C_k9_2od_x1.0,none,4,S0006,813.429,203,844.318
C_k9_2od_x1.0,none,4,S0006,813.429,204,846.6995
C_k9_2od_x1.0,none,4,S0006,813.429,205,820.778
C_k9_2od_x1.0,none,5,S0027,810.7335,201,832.605
C_k9_2od_x1.0,none,5,S0027,810.7335,202,832.6705
C_k9_2od_x1.0,none,5,S0027,810.7335,203,835.7085
C_k9_2od_x1.0,none,5,S0027,810.7335,204,836.828
C_k9_2od_x1.0,none,5,S0027,810.7335,205,836.665
C_k9_2od_x1.0,none,6,S0021,816.0555,201,849.791
C_k9_2od_x1.0,none,6,S0021,816.0555,202,843.1215
C_k9_2od_x1.0,none,6,S0021,816.0555,203,836.99
C_k9_2od_x1.0,none,6,S0021,816.0555,204,829.0815
C_k9_2od_x1.0,none,6,S0021,816.0555,205,837.229
C_k9_2od_x1.0,none,7,S0004,808.3275,201,844.3095
C_k9_2od_x1.0,none,7,S0004,808.3275,202,838.6425
C_k9_2od_x1.0,none,7,S0004,808.3275,203,837.1655
C_k9_2od_x1.0,none,7,S0004,808.3275,204,841.8805
C_k9_2od_x1.0,none,7,S0004,808.3275,205,832.2355
C_k9_2od_x1.0,none,8,S0019,812.5475,201,843.3765
C_k9_2od_x1.0,none,8,S0019,812.5475,202,840.3275
C_k9_2od_x1.0,none,8,S0019,812.5475,203,844.5225
C_k9_2od_x1.0,none,8,S0019,812.5475,204,849.903
C_k9_2od_x1.0,none,8,S0019,812.5475,205,861.2095
C_k9_2od_x1.0,none,9,S0018,810.896,201,839.716
C_k9_2od_x1.0,none,9,S0018,810.896,202,845.7415
C_k9_2od_x1.0,none,9,S0018,810.896,203,846.5305
C_k9_2od_x1.0,none,9,S0018,810.896,204,857.9345
C_k9_2od_x1.0,none,9,S0018,810.896,205,842.333
C_k9_2od_x1.2,both,0,S0037,826.2675,201,848.9041666666667
C_k9_2od_x1.2,both,0,S0037,826.2675,202,838.2491666666666
C_k9_2od_x1.2,both,0,S0037,826.2675,203,842.0133333333333
C_k9_2od_x1.2,both,0,S0037,826.2675,204,842.8275
C_k9_2od_x1.2,both,0,S0037,826.2675,205,840.65875
C_k9_2od_x1.2,both,1,S0001,822.5620833333334,201,852.30375
C_k9_2od_x1.2,both,1,S0001,822.5620833333334,202,832.4545833333333
C_k9_2od_x1.2,both,1,S0001,822.5620833333334,203,851.4045833333333
C_k9_2od_x1.2,both,1,S0001,822.5620833333334,204,844.27125
C_k9_2od_x1.2,both,1,S0001,822.5620833333334,205,839.1108333333333
C_k9_2od_x1.2,both,2,S0009,823.64875,201,853.3704166666666
C_k9_2od_x1.2,both,2,S0009,823.64875,202,853.225
C_k9_2od_x1.2,both,2,S0009,823.64875,203,867.9808333333333
C_k9_2od_x1.2,both,2,S0009,823.64875,204,843.8216666666667
C_k9_2od_x1.2,both,2,S0009,823.64875,205,840.97375
C_k9_2od_x1.2,both,3,S0004,825.2975,201,844.7291666666666
C_k9_2od_x1.2,both,3,S0004,825.2975,202,844.4220833333334
C_k9_2od_x1.2,both,3,S0004,825.2975,203,841.11625
C_k9_2od_x1.2,both,3,S0004,825.2975,204,842.4016666666666
C_k9_2od_x1.2,both,3,S0004,825.2975,205,839.1795833333333
C_k9_2od_x1.2,both,4,S0017,819.8370833333333,201,843.9366666666666
C_k9_2od_x1.2,both,4,S0017,819.8370833333333,202,824.1716666666666
C_k9_2od_x1.2,both,4,S0017,819.8370833333333,203,843.6529166666667
C_k9_2od_x1.2,both,4,S0017,819.8370833333333,204,837.5741666666667
C_k9_2od_x1.2,both,4,S0017,819.8370833333333,205,832.4679166666666
C_k9_2od_x1.2,both,5,S0005,827.2104166666667,201,827.36
C_k9_2od_x1.2,both,5,S0005,827.2104166666667,202,839.1591666666667
C_k9_2od_x1.2,both,5,S0005,827.2104166666667,203,842.7016666666667
C_k9_2od_x1.2,both,5,S0005,827.2104166666667,204,837.83375
C_k9_2od_x1.2,both,5,S0005,827.2104166666667,205,846.6504166666666
C_k9_2od_x1.2,both,6,S0019,822.6708333333333,201,833.7095833333333
C_k9_2od_x1.2,both,6,S0019,822.6708333333333,202,832.66125
C_k9_2od_x1.2,both,6,S0019,822.6708333333333,203,834.3529166666667
C_k9_2od_x1.2,both,6,S0019,822.6708333333333,204,841.43375
C_k9_2od_x1.2,both,6,S0019,822.6708333333333,205,836.8704166666666
C_k9_2od_x1.2,both,7,S0015,821.8216666666667,201,840.3270833333333
C_k9_2od_x1.2,both,7,S0015,821.8216666666667,202,843.4020833333333
C_k9_2od_x1.2,both,7,S0015,821.8216666666667,203,841.83375
C_k9_2od_x1.2,both,7,S0015,821.8216666666667,204,824.6504166666666
C_k9_2od_x1.2,both,7,S0015,821.8216666666667,205,856.1958333333333
C_k9_2od_x1.2,both,8,S0000,824.3941666666667,201,841.1775
C_k9_2od_x1.2,both,8,S0000,824.3941666666667,202,842.4275
C_k9_2od_x1.2,both,8,S0000,824.3941666666667,203,843.8029166666666
C_k9_2od_x1.2,both,8,S0000,824.3941666666667,204,839.8495833333334
C_k9_2od_x1.2,both,8,S0000,824.3941666666667,205,845.8458333333333
C_k9_2od_x1.2,both,9,S0024,825.5058333333334,201,824.7975
C_k9_2od_x1.2,both,9,S0024,825.5058333333334,202,839.4129166666667
C_k9_2od_x1.2,both,9,S0024,825.5058333333334,203,836.6120833333333
C_k9_2od_x1.2,both,9,S0024,825.5058333333334,204,840.845
C_k9_2od_x1.2,both,9,S0024,825.5058333333334,205,844.8158333333333
C_k9_2od_x1.2,init,0,S0036,819.8833333333333,201,844.2058333333333
C_k9_2od_x1.2,init,0,S0036,819.8833333333333,202,828.9725
C_k9_2od_x1.2,init,0,S0036,819.8833333333333,203,842.4891666666666
C_k9_2od_x1.2,init,0,S0036,819.8833333333333,204,838.4095833333333
C_k9_2od_x1.2,init,0,S0036,819.8833333333333,205,843.0633333333334
C_k9_2od_x1.2,init,1,S0018,821.9820833333333,201,849.2729166666667
C_k9_2od_x1.2,init,1,S0018,821.9820833333333,202,847.8725
C_k9_2od_x1.2,init,1,S0018,821.9820833333333,203,832.0545833333333
C_k9_2od_x1.2,init,1,S0018,821.9820833333333,204,835.5625
C_k9_2od_x1.2,init,1,S0018,821.9820833333333,205,838.7583333333333
C_k9_2od_x1.2,init,2,S0006,820.0791666666667,201,849.2266666666667
C_k9_2od_x1.2,init,2,S0006,820.0791666666667,202,831.5441666666667
C_k9_2od_x1.2,init,2,S0006,820.0791666666667,203,838.4766666666667
C_k9_2od_x1.2,init,2,S0006,820.0791666666667,204,840.5054166666666
C_k9_2od_x1.2,init,2,S0006,820.0791666666667,205,839.3825
C_k9_2od_x1.2,init,3,S0034,823.9470833333334,201,833.20375
C_k9_2od_x1.2,init,3,S0034,823.9470833333334,202,840.2845833333333
C_k9_2od_x1.2,init,3,S0034,823.9470833333334,203,844.4175
C_k9_2od_x1.2,init,3,S0034,823.9470833333334,204,835.37875
C_k9_2od_x1.2,init,3,S0034,823.9470833333334,205,834.9104166666667
C_k9_2od_x1.2,init,4,S0022,819.225,201,832.8845833333334
C_k9_2od_x1.2,init,4,S0022,819.225,202,839.5266666666666
C_k9_2od_x1.2,init,4,S0022,819.225,203,850.5304166666666
C_k9_2od_x1.2,init,4,S0022,819.225,204,842.5054166666666
C_k9_2od_x1.2,init,4,S0022,819.225,205,834.1445833333333
C_k9_2od_x1.2,init,5,S0029,820.4041666666667,201,841.6170833333333
C_k9_2od_x1.2,init,5,S0029,820.4041666666667,202,827.15875
C_k9_2od_x1.2,init,5,S0029,820.4041666666667,203,838.0641666666667
C_k9_2od_x1.2,init,5,S0029,820.4041666666667,204,847.6995833333333
C_k9_2od_x1.2,init,5,S0029,820.4041666666667,205,830.74375
C_k9_2od_x1.2,init,6,S0023,812.27125,201,833.0058333333334
C_k9_2od_x1.2,init,6,S0023,812.27125,202,849.1258333333334
C_k9_2od_x1.2,init,6,S0023,812.27125,203,857.80375
C_k9_2od_x1.2,init,6,S0023,812.27125,204,836.6308333333334
C_k9_2od_x1.2,init,6,S0023,812.27125,205,841.1783333333333
C_k9_2od_x1.2,init,7,S0014,821.8216666666667,201,840.3270833333333
C_k9_2od_x1.2,init,7,S0014,821.8216666666667,202,843.4020833333333
C_k9_2od_x1.2,init,7,S0014,821.8216666666667,203,841.83375
C_k9_2od_x1.2,init,7,S0014,821.8216666666667,204,824.6504166666666
C_k9_2od_x1.2,init,7,S0014,821.8216666666667,205,856.1958333333333
C_k9_2od_x1.2,init,8,S0020,823.0304166666666,201,846.6720833333334
C_k9_2od_x1.2,init,8,S0020,823.0304166666666,202,836.21375
C_k9_2od_x1.2,init,8,S0020,823.0304166666666,203,841.3483333333334
C_k9_2od_x1.2,init,8,S0020,823.0304166666666,204,840.4183333333333
C_k9_2od_x1.2,init,8,S0020,823.0304166666666,205,845.2425
C_k9_2od_x1.2,init,9,S0032,826.2066666666667,201,845.0745833333333
C_k9_2od_x1.2,init,9,S0032,826.2066666666667,202,837.6920833333334
C_k9_2od_x1.2,init,9,S0032,826.2066666666667,203,849.5891666666666
C_k9_2od_x1.2,init,9,S0032,826.2066666666667,204,848.1395833333333
C_k9_2od_x1.2,init,9,S0032,826.2066666666667,205,842.2675
C_k9_2od_x1.2,mutation,0,S0038,824.19625,201,840.07625
C_k9_2od_x1.2,mutation,0,S0038,824.19625,202,849.6779166666666
C_k9_2od_x1.2,mutation,0,S0038,824.19625,203,850.68125
C_k9_2od_x1.2,mutation,0,S0038,824.19625,204,848.2354166666667
C_k9_2od_x1.2,mutation,0,S0038,824.19625,205,843.9183333333333
C_k9_2od_x1.2,mutation,1,S0002,819.3729166666667,201,827.4875
C_k9_2od_x1.2,mutation,1,S0002,819.3729166666667,202,838.1358333333334
C_k9_2od_x1.2,mutation,1,S0002,819.3729166666667,203,834.72625
C_k9_2od_x1.2,mutation,1,S0002,819.3729166666667,204,835.9283333333333
C_k9_2od_x1.2,mutation,1,S0002,819.3729166666667,205,828.28875
C_k9_2od_x1.2,mutation,2,S0010,823.4104166666667,201,855.6204166666666
C_k9_2od_x1.2,mutation,2,S0010,823.4104166666667,202,852.115
C_k9_2od_x1.2,mutation,2,S0010,823.4104166666667,203,860.8741666666666
C_k9_2od_x1.2,mutation,2,S0010,823.4104166666667,204,843.3104166666667
C_k9_2od_x1.2,mutation,2,S0010,823.4104166666667,205,849.9495833333333
C_k9_2od_x1.2,mutation,3,S0011,816.76125,201,824.9354166666667
C_k9_2od_x1.2,mutation,3,S0011,816.76125,202,828.48125
C_k9_2od_x1.2,mutation,3,S0011,816.76125,203,856.0970833333333
C_k9_2od_x1.2,mutation,3,S0011,816.76125,204,860.3020833333334
C_k9_2od_x1.2,mutation,3,S0011,816.76125,205,837.96625
C_k9_2od_x1.2,mutation,4,S0003,826.1625,201,854.0933333333334
C_k9_2od_x1.2,mutation,4,S0003,826.1625,202,841.3433333333334
C_k9_2od_x1.2,mutation,4,S0003,826.1625,203,832.1166666666667
C_k9_2od_x1.2,mutation,4,S0003,826.1625,204,847.4825
C_k9_2od_x1.2,mutation,4,S0003,826.1625,205,829.6158333333333
C_k9_2od_x1.2,mutation,5,S0031,823.2408333333333,201,839.7491666666666
C_k9_2od_x1.2,mutation,5,S0031,823.2408333333333,202,840.6579166666667
C_k9_2od_x1.2,mutation,5,S0031,823.2408333333333,203,858.3133333333334
C_k9_2od_x1.2,mutation,5,S0031,823.2408333333333,204,852.9454166666667
C_k9_2od_x1.2,mutation,5,S0031,823.2408333333333,205,838.2258333333333
C_k9_2od_x1.2,mutation,6,S0030,820.32625,201,845.8604166666667
C_k9_2od_x1.2,mutation,6,S0030,820.32625,202,849.5925
C_k9_2od_x1.2,mutation,6,S0030,820.32625,203,850.8295833333333
C_k9_2od_x1.2,mutation,6,S0030,820.32625,204,836.19875
C_k9_2od_x1.2,mutation,6,S0030,820.32625,205,850.3566666666667
C_k9_2od_x1.2,mutation,7,S0039,826.07,201,847.1883333333334
C_k9_2od_x1.2,mutation,7,S0039,826.07,202,837.56125
C_k9_2od_x1.2,mutation,7,S0039,826.07,203,859.6654166666667
C_k9_2od_x1.2,mutation,7,S0039,826.07,204,828.69
C_k9_2od_x1.2,mutation,7,S0039,826.07,205,850.9454166666667
C_k9_2od_x1.2,mutation,8,S0008,824.9266666666666,201,841.4891666666666
C_k9_2od_x1.2,mutation,8,S0008,824.9266666666666,202,849.5979166666667
C_k9_2od_x1.2,mutation,8,S0008,824.9266666666666,203,833.18875
C_k9_2od_x1.2,mutation,8,S0008,824.9266666666666,204,850.22
C_k9_2od_x1.2,mutation,8,S0008,824.9266666666666,205,843.9029166666667
C_k9_2od_x1.2,mutation,9,S0025,823.0520833333334,201,843.3958333333334
C_k9_2od_x1.2,mutation,9,S0025,823.0520833333334,202,850.0454166666667
C_k9_2od_x1.2,mutation,9,S0025,823.0520833333334,203,844.94
C_k9_2od_x1.2,mutation,9,S0025,823.0520833333334,204,866.5391666666667
C_k9_2od_x1.2,mutation,9,S0025,823.0520833333334,205,849.9695833333334
C_k9_2od_x1.2,none,0,S0007,827.9420833333334,201,846.495
C_k9_2od_x1.2,none,0,S0007,827.9420833333334,202,835.9975
C_k9_2od_x1.2,none,0,S0007,827.9420833333334,203,852.6016666666667
C_k9_2od_x1.2,none,0,S0007,827.9420833333334,204,845.4004166666666
C_k9_2od_x1.2,none,0,S0007,827.9420833333334,205,851.20875
C_k9_2od_x1.2,none,1,S0016,821.8216666666667,201,840.3270833333333
C_k9_2od_x1.2,none,1,S0016,821.8216666666667,202,843.4020833333333
C_k9_2od_x1.2,none,1,S0016,821.8216666666667,203,841.83375
C_k9_2od_x1.2,none,1,S0016,821.8216666666667,204,824.6504166666666
C_k9_2od_x1.2,none,1,S0016,821.8216666666667,205,856.1958333333333
C_k9_2od_x1.2,none,2,S0035,820.3283333333334,201,827.8125
C_k9_2od_x1.2,none,2,S0035,820.3283333333334,202,826.0629166666666
C_k9_2od_x1.2,none,2,S0035,820.3283333333334,203,846.4470833333334
C_k9_2od_x1.2,none,2,S0035,820.3283333333334,204,856.11625
C_k9_2od_x1.2,none,2,S0035,820.3283333333334,205,846.2504166666666
C_k9_2od_x1.2,none,3,S0027,825.8875,201,838.4466666666667
C_k9_2od_x1.2,none,3,S0027,825.8875,202,842.6279166666667
C_k9_2od_x1.2,none,3,S0027,825.8875,203,848.4433333333334
C_k9_2od_x1.2,none,3,S0027,825.8875,204,852.6829166666666
C_k9_2od_x1.2,none,3,S0027,825.8875,205,830.7354166666667
C_k9_2od_x1.2,none,4,S0026,824.645,201,841.855
C_k9_2od_x1.2,none,4,S0026,824.645,202,827.55625
C_k9_2od_x1.2,none,4,S0026,824.645,203,862.1683333333333
C_k9_2od_x1.2,none,4,S0026,824.645,204,843.8395833333333
C_k9_2od_x1.2,none,4,S0026,824.645,205,842.0720833333334
C_k9_2od_x1.2,none,5,S0028,824.0545833333333,201,848.3875
C_k9_2od_x1.2,none,5,S0028,824.0545833333333,202,843.055
C_k9_2od_x1.2,none,5,S0028,824.0545833333333,203,837.5795833333333
C_k9_2od_x1.2,none,5,S0028,824.0545833333333,204,843.6970833333334
C_k9_2od_x1.2,none,5,S0028,824.0545833333333,205,833.72125
C_k9_2od_x1.2,none,6,S0013,821.8379166666666,201,858.55375
C_k9_2od_x1.2,none,6,S0013,821.8379166666666,202,845.2758333333334
C_k9_2od_x1.2,none,6,S0013,821.8379166666666,203,835.83625
C_k9_2od_x1.2,none,6,S0013,821.8379166666666,204,851.52125
C_k9_2od_x1.2,none,6,S0013,821.8379166666666,205,838.8566666666667
C_k9_2od_x1.2,none,7,S0033,826.7945833333333,201,858.525
C_k9_2od_x1.2,none,7,S0033,826.7945833333333,202,856.24375
C_k9_2od_x1.2,none,7,S0033,826.7945833333333,203,853.36
C_k9_2od_x1.2,none,7,S0033,826.7945833333333,204,843.2516666666667
C_k9_2od_x1.2,none,7,S0033,826.7945833333333,205,835.1508333333334
C_k9_2od_x1.2,none,8,S0021,821.83125,201,862.0758333333333
C_k9_2od_x1.2,none,8,S0021,821.83125,202,850.86375
C_k9_2od_x1.2,none,8,S0021,821.83125,203,849.9520833333333
C_k9_2od_x1.2,none,8,S0021,821.83125,204,848.6879166666666
C_k9_2od_x1.2,none,8,S0021,821.83125,205,852.2004166666667
C_k9_2od_x1.2,none,9,S0012,822.4016666666666,201,850.43125
C_k9_2od_x1.2,none,9,S0012,822.4016666666666,202,844.9979166666667
C_k9_2od_x1.2,none,9,S0012,822.4016666666666,203,855.4329166666666
C_k9_2od_x1.2,none,9,S0012,822.4016666666666,204,844.48375
C_k9_2od_x1.2,none,9,S0012,822.4016666666666,205,830.0820833333333
C_k9_3od_x0.8,both,0,S0017,452.00875,201,476.19
C_k9_3od_x0.8,both,0,S0017,452.00875,202,480.32875
C_k9_3od_x0.8,both,0,S0017,452.00875,203,489.458125
C_k9_3od_x0.8,both,0,S0017,452.00875,204,524.84375
C_k9_3od_x0.8,both,0,S0017,452.00875,205,486.38125
C_k9_3od_x0.8,both,1,S0027,447.08875,201,485.809375
C_k9_3od_x0.8,both,1,S0027,447.08875,202,486.915625
C_k9_3od_x0.8,both,1,S0027,447.08875,203,481.541875
C_k9_3od_x0.8,both,1,S0027,447.08875,204,489.6625
C_k9_3od_x0.8,both,1,S0027,447.08875,205,434.31625
C_k9_3od_x0.8,both,2,S0023,441.54375,201,484.90375
C_k9_3od_x0.8,both,2,S0023,441.54375,202,471.94
C_k9_3od_x0.8,both,2,S0023,441.54375,203,488.404375
C_k9_3od_x0.8,both,2,S0023,441.54375,204,492.441875
C_k9_3od_x0.8,both,2,S0023,441.54375,205,467.84
C_k9_3od_x0.8,both,3,S0034,439.763125,201,512.459375
C_k9_3od_x0.8,both,3,S0034,439.763125,202,470.573125
C_k9_3od_x0.8,both,3,S0034,439.763125,203,501.15875
C_k9_3od_x0.8,both,3,S0034,439.763125,204,495.1525
C_k9_3od_x0.8,both,3,S0034,439.763125,205,474.830625
C_k9_3od_x0.8,both,4,S0015,445.25875,201,485.134375
C_k9_3od_x0.8,both,4,S0015,445.25875,202,487.010625
C_k9_3od_x0.8,both,4,S0015,445.25875,203,505.705
C_k9_3od_x0.8,both,4,S0015,445.25875,204,490.855625
C_k9_3od_x0.8,both,4,S0015,445.25875,205,483.538125
C_k9_3od_x0.8,both,5,S0001,448.600625,201,484.100625
C_k9_3od_x0.8,both,5,S0001,448.600625,202,473.073125
C_k9_3od_x0.8,both,5,S0001,448.600625,203,475.971875
C_k9_3od_x0.8,both,5,S0001,448.600625,204,474.8125
C_k9_3od_x0.8,both,5,S0001,448.600625,205,474.71125
C_k9_3od_x0.8,both,6,S0019,438.7625,201,469.603125
C_k9_3od_x0.8,both,6,S0019,438.7625,202,467.754375
C_k9_3od_x0.8,both,6,S0019,438.7625,203,480.295
C_k9_3od_x0.8,both,6,S0019,438.7625,204,504.964375
C_k9_3od_x0.8,both,6,S0019,438.7625,205,488.7275
C_k9_3od_x0.8,both,7,S0032,443.884375,201,475.34625
C_k9_3od_x0.8,both,7,S0032,443.884375,202,476.470625
C_k9_3od_x0.8,both,7,S0032,443.884375,203,468.371875
C_k9_3od_x0.8,both,7,S0032,443.884375,204,514.310625
C_k9_3od_x0.8,both,7,S0032,443.884375,205,462.214375
C_k9_3od_x0.8,both,8,S0003,445.99875,201,491.6125
C_k9_3od_x0.8,both,8,S0003,445.99875,202,475.475
C_k9_3od_x0.8,both,8,S0003,445.99875,203,508.934375
C_k9_3od_x0.8,both,8,S0003,445.99875,204,493.244375
C_k9_3od_x0.8,both,8,S0003,445.99875,205,458.796875
C_k9_3od_x0.8,both,9,S0021,447.22,201,476.73
C_k9_3od_x0.8,both,9,S0021,447.22,202,459.084375
C_k9_3od_x0.8,both,9,S0021,447.22,203,471.781875
C_k9_3od_x0.8,both,9,S0021,447.22,204,503.321875
C_k9_3od_x0.8,both,9,S0021,447.22,205,470.99125
C_k9_3od_x0.8,init,0,S0006,448.40125,201,497.994375
C_k9_3od_x0.8,init,0,S0006,448.40125,202,477.019375
C_k9_3od_x0.8,init,0,S0006,448.40125,203,502.6075
C_k9_3od_x0.8,init,0,S0006,448.40125,204,460.694375
C_k9_3od_x0.8,init,0,S0006,448.40125,205,487.39875
C_k9_3od_x0.8,init,1,S0008,439.79625,201,473.728125
C_k9_3od_x0.8,init,1,S0008,439.79625,202,470.788125
C_k9_3od_x0.8,init,1,S0008,439.79625,203,491.4475
C_k9_3od_x0.8,init,1,S0008,439.79625,204,472.58125
C_k9_3od_x0.8,init,1,S0008,439.79625,205,464.531875
C_k9_3od_x0.8,init,2,S0022,446.130625,201,455.5075
C_k9_3od_x0.8,init,2,S0022,446.130625,202,473.45
C_k9_3od_x0.8,init,2,S0022,446.130625,203,488.514375
C_k9_3od_x0.8,init,2,S0022,446.130625,204,499.659375
C_k9_3od_x0.8,init,2,S0022,446.130625,205,468.405625
C_k9_3od_x0.8,init,3,S0009,446.97625,201,511.149375
C_k9_3od_x0.8,init,3,S0009,446.97625,202,465.670625
C_k9_3od_x0.8,init,3,S0009,446.97625,203,510.913125
C_k9_3od_x0.8,init,3,S0009,446.97625,204,508.71875
C_k9_3od_x0.8,init,3,S0009,446.97625,205,488.81375
C_k9_3od_x0.8,init,4,S0029,427.89625,201,481.105
C_k9_3od_x0.8,init,4,S0029,427.89625,202,475.215
C_k9_3od_x0.8,init,4,S0029,427.89625,203,488.87125
C_k9_3od_x0.8,init,4,S0029,427.89625,204,466.1375
C_k9_3od_x0.8,init,4,S0029,427.89625,205,459.2225
C_k9_3od_x0.8,init,5,S0031,447.715,201,483.155625
C_k9_3od_x0.8,init,5,S0031,447.715,202,466.816875
C_k9_3od_x0.8,init,5,S0031,447.715,203,501.7925
C_k9_3od_x0.8,init,5,S0031,447.715,204,464.118125
C_k9_3od_x0.8,init,5,S0031,447.715,205,475.556875
C_k9_3od_x0.8,init,6,S0020,442.584375,201,479.77375
C_k9_3od_x0.8,init,6,S0020,442.584375,202,495.586875
C_k9_3od_x0.8,init,6,S0020,442.584375,203,476.265625
C_k9_3od_x0.8,init,6,S0020,442.584375,204,478.431875
C_k9_3od_x0.8,init,6,S0020,442.584375,205,455.808125
C_k9_3od_x0.8,init,7,S0018,435.30625,201,483.91
C_k9_3od_x0.8,init,7,S0018,435.30625,202,499.106875
C_k9_3od_x0.8,init,7,S0018,435.30625,203,521.195
C_k9_3od_x0.8,init,7,S0018,435.30625,204,485.99375
C_k9_3od_x0.8,init,7,S0018,435.30625,205,459.525
C_k9_3od_x0.8,init,8,S0014,435.76625,201,464.68375
C_k9_3od_x0.8,init,8,S0014,435.76625,202,487.96
C_k9_3od_x0.8,init,8,S0014,435.76625,203,488.806875
C_k9_3od_x0.8,init,8,S0014,435.76625,204,487.048125
C_k9_3od_x0.8,init,8,S0014,435.76625,205,465.8775
C_k9_3od_x0.8,init,9,S0011,444.521875,201,457.13875
C_k9_3od_x0.8,init,9,S0011,444.521875,202,454.390625
C_k9_3od_x0.8,init,9,S0011,444.521875,203,467.32125
C_k9_3od_x0.8,init,9,S0011,444.521875,204,466.961875
C_k9_3od_x0.8,init,9,S0011,444.521875,205,452.37
C_k9_3od_x0.8,mutation,0,S0005,450.98625,201,483.95125
C_k9_3od_x0.8,mutation,0,S0005,450.98625,202,471.9175
C_k9_3od_x0.8,mutation,0,S0005,450.98625,203,469.15875
C_k9_3od_x0.8,mutation,0,S0005,450.98625,204,503.455
C_k9_3od_x0.8,mutation,0,S0005,450.98625,205,469.3175
C_k9_3od_x0.8,mutation,1,S0039,451.374375,201,465.299375
C_k9_3od_x0.8,mutation,1,S0039,451.374375,202,484.549375
C_k9_3od_x0.8,mutation,1,S0039,451.374375,203,494.213125
C_k9_3od_x0.8,mutation,1,S0039,451.374375,204,494.275
C_k9_3od_x0.8,mutation,1,S0039,451.374375,205,486.56875
C_k9_3od_x0.8,mutation,2,S0002,449.203125,201,498.324375
C_k9_3od_x0.8,mutation,2,S0002,449.203125,202,493.26875
C_k9_3od_x0.8,mutation,2,S0002,449.203125,203,504.465
C_k9_3od_x0.8,mutation,2,S0002,449.203125,204,492.2475
C_k9_3od_x0.8,mutation,2,S0002,449.203125,205,471.443125
C_k9_3od_x0.8,mutation,3,S0013,440.531875,201,502.951875
C_k9_3od_x0.8,mutation,3,S0013,440.531875,202,489.173125
C_k9_3od_x0.8,mutation,3,S0013,440.531875,203,515.68375
C_k9_3od_x0.8,mutation,3,S0013,440.531875,204,475.471875
C_k9_3od_x0.8,mutation,3,S0013,440.531875,205,478.733125
C_k9_3od_x0.8,mutation,4,S0012,436.648125,201,484.22875
C_k9_3od_x0.8,mutation,4,S0012,436.648125,202,475.44625
C_k9_3od_x0.8,mutation,4,S0012,436.648125,203,496.274375
C_k9_3od_x0.8,mutation,4,S0012,436.648125,204,482.39125
C_k9_3od_x0.8,mutation,4,S0012,436.648125,205,463.6675
C_k9_3od_x0.8,mutation,5,S0004,443.161875,201,498.061875
C_k9_3od_x0.8,mutation,5,S0004,443.161875,202,485.803125
C_k9_3od_x0.8,mutation,5,S0004,443.161875,203,479.801875
C_k9_3od_x0.8,mutation,5,S0004,443.161875,204,466.068125
C_k9_3od_x0.8,mutation,5,S0004,443.161875,205,454.16375
C_k9_3od_x0.8,mutation,6,S0000,453.7475,201,476.4425
C_k9_3od_x0.8,mutation,6,S0000,453.7475,202,489.610625
C_k9_3od_x0.8,mutation,6,S0000,453.7475,203,488.568125
C_k9_3od_x0.8,mutation,6,S0000,453.7475,204,471.723125
C_k9_3od_x0.8,mutation,6,S0000,453.7475,205,476.51875
C_k9_3od_x0.8,mutation,7,S0028,452.0875,201,497.41375
C_k9_3od_x0.8,mutation,7,S0028,452.0875,202,480.61375
C_k9_3od_x0.8,mutation,7,S0028,452.0875,203,477.98
C_k9_3od_x0.8,mutation,7,S0028,452.0875,204,478.7
C_k9_3od_x0.8,mutation,7,S0028,452.0875,205,477.066875
C_k9_3od_x0.8,mutation,8,S0007,451.798125,201,471.196875
C_k9_3od_x0.8,mutation,8,S0007,451.798125,202,478.589375
C_k9_3od_x0.8,mutation,8,S0007,451.798125,203,492.475
C_k9_3od_x0.8,mutation,8,S0007,451.798125,204,509.23
C_k9_3od_x0.8,mutation,8,S0007,451.798125,205,471.514375
C_k9_3od_x0.8,mutation,9,S0037,445.68,201,487.28375
C_k9_3od_x0.8,mutation,9,S0037,445.68,202,479.480625
C_k9_3od_x0.8,mutation,9,S0037,445.68,203,504.090625
C_k9_3od_x0.8,mutation,9,S0037,445.68,204,503.823125
C_k9_3od_x0.8,mutation,9,S0037,445.68,205,501.135
C_k9_3od_x0.8,none,0,S0033,447.88875,201,458.48125
C_k9_3od_x0.8,none,0,S0033,447.88875,202,491.55625
C_k9_3od_x0.8,none,0,S0033,447.88875,203,463.11375
C_k9_3od_x0.8,none,0,S0033,447.88875,204,488.3125
C_k9_3od_x0.8,none,0,S0033,447.88875,205,459.934375
C_k9_3od_x0.8,none,1,S0016,446.179375,201,478.419375
C_k9_3od_x0.8,none,1,S0016,446.179375,202,473.02875
C_k9_3od_x0.8,none,1,S0016,446.179375,203,475.725625
C_k9_3od_x0.8,none,1,S0016,446.179375,204,459.62
C_k9_3od_x0.8,none,1,S0016,446.179375,205,473.090625
C_k9_3od_x0.8,none,2,S0030,430.4125,201,495.455
C_k9_3od_x0.8,none,2,S0030,430.4125,202,499.731875
C_k9_3od_x0.8,none,2,S0030,430.4125,203,491.24625
C_k9_3od_x0.8,none,2,S0030,430.4125,204,474.374375
C_k9_3od_x0.8,none,2,S0030,430.4125,205,488.273125
C_k9_3od_x0.8,none,3,S0035,440.509375,201,499.07
C_k9_3od_x0.8,none,3,S0035,440.509375,202,490.925625
C_k9_3od_x0.8,none,3,S0035,440.509375,203,478.438125
C_k9_3od_x0.8,none,3,S0035,440.509375,204,502.466875
C_k9_3od_x0.8,none,3,S0035,440.509375,205,483.220625
C_k9_3od_x0.8,none,4,S0038,432.57,201,464.674375
C_k9_3od_x0.8,none,4,S0038,432.57,202,473.26625
C_k9_3od_x0.8,none,4,S0038,432.57,203,460.183125
C_k9_3od_x0.8,none,4,S0038,432.57,204,470.583125
C_k9_3od_x0.8,none,4,S0038,432.57,205,461.691875
C_k9_3od_x0.8,none,5,S0025,448.00375,201,458.596875
C_k9_3od_x0.8,none,5,S0025,448.00375,202,468.975
C_k9_3od_x0.8,none,5,S0025,448.00375,203,491.524375
C_k9_3od_x0.8,none,5,S0025,448.00375,204,461.766875
C_k9_3od_x0.8,none,5,S0025,448.00375,205,458.665
C_k9_3od_x0.8,none,6,S0026,439.33125,201,506.79625
C_k9_3od_x0.8,none,6,S0026,439.33125,202,470.769375
C_k9_3od_x0.8,none,6,S0026,439.33125,203,473.87375
C_k9_3od_x0.8,none,6,S0026,439.33125,204,512.535
C_k9_3od_x0.8,none,6,S0026,439.33125,205,486.70375
C_k9_3od_x0.8,none,7,S0036,444.590625,201,465.469375
C_k9_3od_x0.8,none,7,S0036,444.590625,202,501.5375
C_k9_3od_x0.8,none,7,S0036,444.590625,203,488.431875
C_k9_3od_x0.8,none,7,S0036,444.590625,204,459.95875
C_k9_3od_x0.8,none,7,S0036,444.590625,205,512.220625
C_k9_3od_x0.8,none,8,S0024,451.489375,201,476.076875
C_k9_3od_x0.8,none,8,S0024,451.489375,202,467.175625
C_k9_3od_x0.8,none,8,S0024,451.489375,203,477.015
C_k9_3od_x0.8,none,8,S0024,451.489375,204,455.8475
C_k9_3od_x0.8,none,8,S0024,451.489375,205,463.863125
C_k9_3od_x0.8,none,9,S0010,445.49125,201,470.80125
C_k9_3od_x0.8,none,9,S0010,445.49125,202,462.086875
C_k9_3od_x0.8,none,9,S0010,445.49125,203,447.984375
C_k9_3od_x0.8,none,9,S0010,445.49125,204,467.055
C_k9_3od_x0.8,none,9,S0010,445.49125,205,468.930625
C_k9_3od_x1.0,both,0,S0038,582.09,201,639.7235
C_k9_3od_x1.0,both,0,S0038,582.09,202,607.219
C_k9_3od_x1.0,both,0,S0038,582.09,203,628.9105
C_k9_3od_x1.0,both,0,S0038,582.09,204,615.4845
C_k9_3od_x1.0,both,0,S0038,582.09,205,622.7775
C_k9_3od_x1.0,both,1,S0008,577.975,201,625.04
C_k9_3od_x1.0,both,1,S0008,577.975,202,607.924
C_k9_3od_x1.0,both,1,S0008,577.975,203,642.472
C_k9_3od_x1.0,both,1,S0008,577.975,204,603.675
C_k9_3od_x1.0,both,1,S0008,577.975,205,620.9855
C_k9_3od_x1.0,both,2,S0037,589.0665,201,636.763
C_k9_3od_x1.0,both,2,S0037,589.0665,202,638.792
C_k9_3od_x1.0,both,2,S0037,589.0665,203,628.971
C_k9_3od_x1.0,both,2,S0037,589.0665,204,632.699
C_k9_3od_x1.0,both,2,S0037,589.0665,205,627.8415
C_k9_3od_x1.0,both,3,S0009,569.246,201,619.404
C_k9_3od_x1.0,both,3,S0009,569.246,202,615.1125
C_k9_3od_x1.0,both,3,S0009,569.246,203,594.505
C_k9_3od_x1.0,both,3,S0009,569.246,204,625.9495
C_k9_3od_x1.0,both,3,S0009,569.246,205,607.4385
C_k9_3od_x1.0,both,4,S0035,567.579,201,670.408
C_k9_3od_x1.0,both,4,S0035,567.579,202,600.771
C_k9_3od_x1.0,both,4,S0035,567.579,203,637.675
C_k9_3od_x1.0,both,4,S0035,567.579,204,623.664
C_k9_3od_x1.0,both,4,S0035,567.579,205,599.763
C_k9_3od_x1.0,both,5,S0000,592.2255,201,640.813
C_k9_3od_x1.0,both,5,S0000,592.2255,202,600.933
C_k9_3od_x1.0,both,5,S0000,592.2255,203,645.703
C_k9_3od_x1.0,both,5,S0000,592.2255,204,640.7475
C_k9_3od_x1.0,both,5,S0000,592.2255,205,624.898
C_k9_3od_x1.0,both,6,S0023,577.4035,201,627.045
C_k9_3od_x1.0,both,6,S0023,577.4035,202,652.789
C_k9_3od_x1.0,both,6,S0023,577.4035,203,646.8495
C_k9_3od_x1.0,both,6,S0023,577.4035,204,627.7265
C_k9_3od_x1.0,both,6,S0023,577.4035,205,658.0455
C_k9_3od_x1.0,both,7,S0019,577.9825,201,622.951
C_k9_3od_x1.0,both,7,S0019,577.9825,202,637.7455
C_k9_3od_x1.0,both,7,S0019,577.9825,203,647.4
C_k9_3od_x1.0,both,7,S0019,577.9825,204,642.3395
C_k9_3od_x1.0,both,7,S0019,577.9825,205,636.4925
C_k9_3od_x1.0,both,8,S0036,582.8625,201,646.046
C_k9_3od_x1.0,both,8,S0036,582.8625,202,604.8995
C_k9_3od_x1.0,both,8,S0036,582.8625,203,646.1185
C_k9_3od_x1.0,both,8,S0036,582.8625,204,651.928
C_k9_3od_x1.0,both,8,S0036,582.8625,205,601.5575
C_k9_3od_x1.0,both,9,S0030,588.061,201,661.5565
C_k9_3od_x1.0,both,9,S0030,588.061,202,629.7325
C_k9_3od_x1.0,both,9,S0030,588.061,203,649.098
C_k9_3od_x1.0,both,9,S0030,588.061,204,625.385
C_k9_3od_x1.0,both,9,S0030,588.061,205,624.5585
C_k9_3od_x1.0,init,0,S0003,589.691,201,644.47
C_k9_3od_x1.0,init,0,S0003,589.691,202,614.156
C_k9_3od_x1.0,init,0,S0003,589.691,203,631.043
C_k9_3od_x1.0,init,0,S0003,589.691,204,597.975
C_k9_3od_x1.0,init,0,S0003,589.691,205,623.653
C_k9_3od_x1.0,init,1,S0012,588.4975,201,644.823
C_k9_3od_x1.0,init,1,S0012,588.4975,202,668.5285
C_k9_3od_x1.0,init,1,S0012,588.4975,203,653.539
C_k9_3od_x1.0,init,1,S0012,588.4975,204,646.4085
C_k9_3od_x1.0,init,1,S0012,588.4975,205,684.845
C_k9_3od_x1.0,init,2,S0016,592.2255,201,640.9005
C_k9_3od_x1.0,init,2,S0016,592.2255,202,606.8665
C_k9_3od_x1.0,init,2,S0016,592.2255,203,640.379
C_k9_3od_x1.0,init,2,S0016,592.2255,204,640.7475
C_k9_3od_x1.0,init,2,S0016,592.2255,205,624.898
C_k9_3od_x1.0,init,3,S0002,589.0345,201,664.3225
C_k9_3od_x1.0,init,3,S0002,589.0345,202,630.1845
C_k9_3od_x1.0,init,3,S0002,589.0345,203,643.2125
C_k9_3od_x1.0,init,3,S0002,589.0345,204,654.597
C_k9_3od_x1.0,init,3,S0002,589.0345,205,647.8855
C_k9_3od_x1.0,init,4,S0039,592.833,201,639.8655
C_k9_3od_x1.0,init,4,S0039,592.833,202,606.8665
C_k9_3od_x1.0,init,4,S0039,592.833,203,641.188
C_k9_3od_x1.0,init,4,S0039,592.833,204,635.3375
C_k9_3od_x1.0,init,4,S0039,592.833,205,624.629
C_k9_3od_x1.0,init,5,S0031,591.4935,201,625.072
C_k9_3od_x1.0,init,5,S0031,591.4935,202,628.9215
C_k9_3od_x1.0,init,5,S0031,591.4935,203,645.352
C_k9_3od_x1.0,init,5,S0031,591.4935,204,638.56
C_k9_3od_x1.0,init,5,S0031,591.4935,205,628.461
C_k9_3od_x1.0,init,6,S0014,589.5975,201,641.4385
C_k9_3od_x1.0,init,6,S0014,589.5975,202,593.534
C_k9_3od_x1.0,init,6,S0014,589.5975,203,668.382
C_k9_3od_x1.0,init,6,S0014,589.5975,204,646.122
C_k9_3od_x1.0,init,6,S0014,589.5975,205,607.4465
C_k9_3od_x1.0,init,7,S0034,577.7415,201,607.8705
C_k9_3od_x1.0,init,7,S0034,577.7415,202,599.7065
C_k9_3od_x1.0,init,7,S0034,577.7415,203,599.9955
C_k9_3od_x1.0,init,7,S0034,577.7415,204,595.259
C_k9_3od_x1.0,init,7,S0034,577.7415,205,644.147
C_k9_3od_x1.0,init,8,S0026,582.242,201,612.199
C_k9_3od_x1.0,init,8,S0026,582.242,202,589.608
C_k9_3od_x1.0,init,8,S0026,582.242,203,633.126
C_k9_3od_x1.0,init,8,S0026,582.242,204,611.223
C_k9_3od_x1.0,init,8,S0026,582.242,205,605.5905
C_k9_3od_x1.0,init,9,S0015,590.9515,201,628.8535
C_k9_3od_x1.0,init,9,S0015,590.9515,202,653.957
C_k9_3od_x1.0,init,9,S0015,590.9515,203,663.628
C_k9_3od_x1.0,init,9,S0015,590.9515,204,649.17
C_k9_3od_x1.0,init,9,S0015,590.9515,205,649.355
C_k9_3od_x1.0,mutation,0,S0001,591.8235,201,647.4315
C_k9_3od_x1.0,mutation,0,S0001,591.8235,202,604.7445
C_k9_3od_x1.0,mutation,0,S0001,591.8235,203,642.021
C_k9_3od_x1.0,mutation,0,S0001,591.8235,204,630.939
C_k9_3od_x1.0,mutation,0,S0001,591.8235,205,639.7685
C_k9_3od_x1.0,mutation,1,S0021,588.842,201,623.6525
C_k9_3od_x1.0,mutation,1,S0021,588.842,202,631.379
C_k9_3od_x1.0,mutation,1,S0021,588.842,203,631.435
C_k9_3od_x1.0,mutation,1,S0021,588.842,204,592.2885
C_k9_3od_x1.0,mutation,1,S0021,588.842,205,606.6205
C_k9_3od_x1.0,mutation,2,S0022,591.33,201,645.8495
C_k9_3od_x1.0,mutation,2,S0022,591.33,202,590.746
C_k9_3od_x1.0,mutation,2,S0022,591.33,203,647.715
C_k9_3od_x1.0,mutation,2,S0022,591.33,204,619.4015
C_k9_3od_x1.0,mutation,2,S0022,591.33,205,596.407
C_k9_3od_x1.0,mutation,3,S0024,584.89,201,639.922
C_k9_3od_x1.0,mutation,3,S0024,584.89,202,630.975
C_k9_3od_x1.0,mutation,3,S0024,584.89,203,626.7705
C_k9_3od_x1.0,mutation,3,S0024,584.89,204,629.142
C_k9_3od_x1.0,mutation,3,S0024,584.89,205,669.236
C_k9_3od_x1.0,mutation,4,S0027,579.127,201,624.628
C_k9_3od_x1.0,mutation,4,S0027,579.127,202,602.0335
C_k9_3od_x1.0,mutation,4,S0027,579.127,203,646.4145
C_k9_3od_x1.0,mutation,4,S0027,579.127,204,625.963
C_k9_3od_x1.0,mutation,4,S0027,579.127,205,615.717
C_k9_3od_x1.0,mutation,5,S0020,579.6315,201,638.23
C_k9_3od_x1.0,mutation,5,S0020,579.6315,202,647.459
C_k9_3od_x1.0,mutation,5,S0020,579.6315,203,663.815
C_k9_3od_x1.0,mutation,5,S0020,579.6315,204,656.384
C_k9_3od_x1.0,mutation,5,S0020,579.6315,205,662.8215
C_k9_3od_x1.0,mutation,6,S0007,589.918,201,623.11
C_k9_3od_x1.0,mutation,6,S0007,589.918,202,629.1715
C_k9_3od_x1.0,mutation,6,S0007,589.918,203,660.3375
C_k9_3od_x1.0,mutation,6,S0007,589.918,204,622.783
C_k9_3od_x1.0,mutation,6,S0007,589.918,205,611.748
C_k9_3od_x1.0,mutation,7,S0017,588.143,201,633.641
C_k9_3od_x1.0,mutation,7,S0017,588.143,202,601.556
C_k9_3od_x1.0,mutation,7,S0017,588.143,203,630.9465
C_k9_3od_x1.0,mutation,7,S0017,588.143,204,614.6735
C_k9_3od_x1.0,mutation,7,S0017,588.143,205,613.3375
C_k9_3od_x1.0,mutation,8,S0011,583.637,201,643.317
C_k9_3od_x1.0,mutation,8,S0011,583.637,202,598.766
C_k9_3od_x1.0,mutation,8,S0011,583.637,203,633.5205
C_k9_3od_x1.0,mutation,8,S0011,583.637,204,609.2325
C_k9_3od_x1.0,mutation,8,S0011,583.637,205,619.317
C_k9_3od_x1.0,mutation,9,S0033,587.8205,201,636.091
C_k9_3od_x1.0,mutation,9,S0033,587.8205,202,628.076
C_k9_3od_x1.0,mutation,9,S0033,587.8205,203,655.5645
C_k9_3od_x1.0,mutation,9,S0033,587.8205,204,617.0755
C_k9_3od_x1.0,mutation,9,S0033,587.8205,205,612.22
C_k9_3od_x1.0,none,0,S0006,589.869,201,656.9845
C_k9_3od_x1.0,none,0,S0006,589.869,202,589.3955
C_k9_3od_x1.0,none,0,S0006,589.869,203,627.748
C_k9_3od_x1.0,none,0,S0006,589.869,204,624.354
C_k9_3od_x1.0,none,0,S0006,589.869,205,613.1985
C_k9_3od_x1.0,none,1,S0005,592.3035,201,637.62
C_k9_3od_x1.0,none,1,S0005,592.3035,202,601.8315
C_k9_3od_x1.0,none,1,S0005,592.3035,203,649.285
C_k9_3od_x1.0,none,1,S0005,592.3035,204,626.01
C_k9_3od_x1.0,none,1,S0005,592.3035,205,623.7945
C_k9_3od_x1.0,none,2,S0013,577.4795,201,650.7585
C_k9_3od_x1.0,none,2,S0013,577.4795,202,631.563
C_k9_3od_x1.0,none,2,S0013,577.4795,203,634.353
C_k9_3od_x1.0,none,2,S0013,577.4795,204,632.43
C_k9_3od_x1.0,none,2,S0013,577.4795,205,609.583
C_k9_3od_x1.0,none,3,S0032,590.729,201,641.977
C_k9_3od_x1.0,none,3,S0032,590.729,202,608.239
C_k9_3od_x1.0,none,3,S0032,590.729,203,602.7485
C_k9_3od_x1.0,none,3,S0032,590.729,204,659.488
C_k9_3od_x1.0,none,3,S0032,590.729,205,585.6975
C_k9_3od_x1.0,none,4,S0028,577.788,201,612.5015
C_k9_3od_x1.0,none,4,S0028,577.788,202,649.373
C_k9_3od_x1.0,none,4,S0028,577.788,203,675.3515
C_k9_3od_x1.0,none,4,S0028,577.788,204,619.013
C_k9_3od_x1.0,none,4,S0028,577.788,205,603.3385
C_k9_3od_x1.0,none,5,S0018,579.063,201,601.752
C_k9_3od_x1.0,none,5,S0018,579.063,202,613.3975
C_k9_3od_x1.0,none,5,S0018,579.063,203,624.841
C_k9_3od_x1.0,none,5,S0018,579.063,204,589.1835
C_k9_3od_x1.0,none,5,S0018,579.063,205,605.473
C_k9_3od_x1.0,none,6,S0010,585.4265,201,626.117
C_k9_3od_x1.0,none,6,S0010,585.4265,202,635.976
C_k9_3od_x1.0,none,6,S0010,585.4265,203,659.0425
C_k9_3od_x1.0,none,6,S0010,585.4265,204,641.0215
C_k9_3od_x1.0,none,6,S0010,585.4265,205,626.3935
C_k9_3od_x1.0,none,7,S0004,579.7685,201,650.26
C_k9_3od_x1.0,none,7,S0004,579.7685,202,593.7335
C_k9_3od_x1.0,none,7,S0004,579.7685,203,654.1695
C_k9_3od_x1.0,none,7,S0004,579.7685,204,650.391
C_k9_3od_x1.0,none,7,S0004,579.7685,205,658.1995
C_k9_3od_x1.0,none,8,S0029,592.2255,201,640.9005
C_k9_3od_x1.0,none,8,S0029,592.2255,202,606.8665
C_k9_3od_x1.0,none,8,S0029,592.2255,203,645.7955
C_k9_3od_x1.0,none,8,S0029,592.2255,204,640.7475
C_k9_3od_x1.0,none,8,S0029,592.2255,205,618.7755
C_k9_3od_x1.0,none,9,S0025,578.4645,201,612.0435
C_k9_3od_x1.0,none,9,S0025,578.4645,202,589.5295
C_k9_3od_x1.0,none,9,S0025,578.4645,203,655.744
C_k9_3od_x1.0,none,9,S0025,578.4645,204,570.119
C_k9_3od_x1.0,none,9,S0025,578.4645,205,588.9755
C_k9_3od_x1.2,both,0,S0026,671.6145833333334,201,686.7370833333333
C_k9_3od_x1.2,both,0,S0026,671.6145833333334,202,684.8504166666667
C_k9_3od_x1.2,both,0,S0026,671.6145833333334,203,698.1533333333333
C_k9_3od_x1.2,both,0,S0026,671.6145833333334,204,719.4770833333333
C_k9_3od_x1.2,both,0,S0026,671.6145833333334,205,703.34125
C_k9_3od_x1.2,both,1,S0014,673.8191666666667,201,721.2741666666667
C_k9_3od_x1.2,both,1,S0014,673.8191666666667,202,709.3691666666666
C_k9_3od_x1.2,both,1,S0014,673.8191666666667,203,698.8604166666667
C_k9_3od_x1.2,both,1,S0014,673.8191666666667,204,743.4341666666667
C_k9_3od_x1.2,both,1,S0014,673.8191666666667,205,718.4525
C_k9_3od_x1.2,both,2,S0038,674.43875,201,710.7033333333334
C_k9_3od_x1.2,both,2,S0038,674.43875,202,730.6870833333334
C_k9_3od_x1.2,both,2,S0038,674.43875,203,710.90125
C_k9_3od_x1.2,both,2,S0038,674.43875,204,734.9829166666667
C_k9_3od_x1.2,both,2,S0038,674.43875,205,698.6166666666667
C_k9_3od_x1.2,both,3,S0015,665.4433333333334,201,720.2858333333334
C_k9_3od_x1.2,both,3,S0015,665.4433333333334,202,689.9520833333333
C_k9_3od_x1.2,both,3,S0015,665.4433333333334,203,699.5925
C_k9_3od_x1.2,both,3,S0015,665.4433333333334,204,703.6483333333333
C_k9_3od_x1.2,both,3,S0015,665.4433333333334,205,712.1775
C_k9_3od_x1.2,both,4,S0031,665.9129166666667,201,696.0029166666667
C_k9_3od_x1.2,both,4,S0031,665.9129166666667,202,698.45125
C_k9_3od_x1.2,both,4,S0031,665.9129166666667,203,701.4429166666666
C_k9_3od_x1.2,both,4,S0031,665.9129166666667,204,705.48125
C_k9_3od_x1.2,both,4,S0031,665.9129166666667,205,690.36125
C_k9_3od_x1.2,both,5,S0013,671.0991666666666,201,693.10375
C_k9_3od_x1.2,both,5,S0013,671.0991666666666,202,696.0770833333333
C_k9_3od_x1.2,both,5,S0013,671.0991666666666,203,688.3566666666667
C_k9_3od_x1.2,both,5,S0013,671.0991666666666,204,711.0325
C_k9_3od_x1.2,both,5,S0013,671.0991666666666,205,687.75625
C_k9_3od_x1.2,both,6,S0000,668.74,201,710.8054166666667
C_k9_3od_x1.2,both,6,S0000,668.74,202,706.8541666666666
C_k9_3od_x1.2,both,6,S0000,668.74,203,672.945
C_k9_3od_x1.2,both,6,S0000,668.74,204,691.7725
C_k9_3od_x1.2,both,6,S0000,668.74,205,700.6145833333334
C_k9_3od_x1.2,both,7,S0001,667.1954166666667,201,718.0325
C_k9_3od_x1.2,both,7,S0001,667.1954166666667,202,702.2033333333334
C_k9_3od_x1.2,both,7,S0001,667.1954166666667,203,710.4525
C_k9_3od_x1.2,both,7,S0001,667.1954166666667,204,701.055
C_k9_3od_x1.2,both,7,S0001,667.1954166666667,205,698.6083333333333
C_k9_3od_x1.2,both,8,S0028,669.1191666666666,201,675.8766666666667
C_k9_3od_x1.2,both,8,S0028,669.1191666666666,202,689.1216666666667
C_k9_3od_x1.2,both,8,S0028,669.1191666666666,203,701.1191666666666
C_k9_3od_x1.2,both,8,S0028,669.1191666666666,204,690.6408333333334
C_k9_3od_x1.2,both,8,S0028,669.1191666666666,205,699.8695833333334
C_k9_3od_x1.2,both,9,S0034,670.1608333333334,201,700.4454166666667
C_k9_3od_x1.2,both,9,S0034,670.1608333333334,202,711.7270833333333
C_k9_3od_x1.2,both,9,S0034,670.1608333333334,203,711.5320833333334
C_k9_3od_x1.2,both,9,S0034,670.1608333333334,204,708.8358333333333
C_k9_3od_x1.2,both,9,S0034,670.1608333333334,205,708.8583333333333
C_k9_3od_x1.2,init,0,S0011,668.1383333333333,201,696.98875
C_k9_3od_x1.2,init,0,S0011,668.1383333333333,202,694.5804166666667
C_k9_3od_x1.2,init,0,S0011,668.1383333333333,203,701.52125
C_k9_3od_x1.2,init,0,S0011,668.1383333333333,204,695.0529166666666
C_k9_3od_x1.2,init,0,S0011,668.1383333333333,205,687.6833333333333
C_k9_3od_x1.2,init,1,S0002,667.3466666666667,201,672.9354166666667
C_k9_3od_x1.2,init,1,S0002,667.3466666666667,202,693.5025
C_k9_3od_x1.2,init,1,S0002,667.3466666666667,203,720.9716666666667
C_k9_3od_x1.2,init,1,S0002,667.3466666666667,204,698.6433333333333
C_k9_3od_x1.2,init,1,S0002,667.3466666666667,205,711.98875
C_k9_3od_x1.2,init,2,S0022,671.8120833333334,201,689.7258333333333
C_k9_3od_x1.2,init,2,S0022,671.8120833333334,202,693.9620833333333
C_k9_3od_x1.2,init,2,S0022,671.8120833333334,203,689.5441666666667
C_k9_3od_x1.2,init,2,S0022,671.8120833333334,204,701.3595833333334
C_k9_3od_x1.2,init,2,S0022,671.8120833333334,205,699.925
C_k9_3od_x1.2,init,3,S0012,670.8516666666667,201,707.4070833333334
C_k9_3od_x1.2,init,3,S0012,670.8516666666667,202,670.9258333333333
C_k9_3od_x1.2,init,3,S0012,670.8516666666667,203,692.1116666666667
C_k9_3od_x1.2,init,3,S0012,670.8516666666667,204,689.36
C_k9_3od_x1.2,init,3,S0012,670.8516666666667,205,701.0354166666667
C_k9_3od_x1.2,init,4,S0021,672.1854166666667,201,684.1633333333333
C_k9_3od_x1.2,init,4,S0021,672.1854166666667,202,700.3254166666667
C_k9_3od_x1.2,init,4,S0021,672.1854166666667,203,687.33625
C_k9_3od_x1.2,init,4,S0021,672.1854166666667,204,675.8275
C_k9_3od_x1.2,init,4,S0021,672.1854166666667,205,685.835
C_k9_3od_x1.2,init,5,S0017,673.5604166666667,201,686.6570833333334
C_k9_3od_x1.2,init,5,S0017,673.5604166666667,202,708.5270833333333
C_k9_3od_x1.2,init,5,S0017,673.5604166666667,203,701.7808333333334
C_k9_3od_x1.2,init,5,S0017,673.5604166666667,204,693.2920833333334
C_k9_3od_x1.2,init,5,S0017,673.5604166666667,205,699.54125
C_k9_3od_x1.2,init,6,S0006,667.4591666666666,201,705.5491666666667
C_k9_3od_x1.2,init,6,S0006,667.4591666666666,202,709.37875
C_k9_3od_x1.2,init,6,S0006,667.4591666666666,203,707.7775
C_k9_3od_x1.2,init,6,S0006,667.4591666666666,204,713.76875
C_k9_3od_x1.2,init,6,S0006,667.4591666666666,205,693.6645833333333
C_k9_3od_x1.2,init,7,S0027,672.7458333333333,201,694.0508333333333
C_k9_3od_x1.2,init,7,S0027,672.7458333333333,202,689.8320833333333
C_k9_3od_x1.2,init,7,S0027,672.7458333333333,203,697.1845833333333
C_k9_3od_x1.2,init,7,S0027,672.7458333333333,204,716.9983333333333
C_k9_3od_x1.2,init,7,S0027,672.7458333333333,205,687.2725
C_k9_3od_x1.2,init,8,S0024,673.7258333333333,201,690.9054166666666
C_k9_3od_x1.2,init,8,S0024,673.7258333333333,202,705.795
C_k9_3od_x1.2,init,8,S0024,673.7258333333333,203,724.3716666666667
C_k9_3od_x1.2,init,8,S0024,673.7258333333333,204,706.9054166666666
C_k9_3od_x1.2,init,8,S0024,673.7258333333333,205,697.1233333333333
C_k9_3od_x1.2,init,9,S0037,671.34125,201,729.0108333333334
C_k9_3od_x1.2,init,9,S0037,671.34125,202,710.9541666666667
C_k9_3od_x1.2,init,9,S0037,671.34125,203,703.5016666666667
C_k9_3od_x1.2,init,9,S0037,671.34125,204,702.46875
C_k9_3od_x1.2,init,9,S0037,671.34125,205,696.7895833333333
C_k9_3od_x1.2,mutation,0,S0005,672.6883333333334,201,708.0575
C_k9_3od_x1.2,mutation,0,S0005,672.6883333333334,202,694.3795833333334
C_k9_3od_x1.2,mutation,0,S0005,672.6883333333334,203,705.1445833333333
C_k9_3od_x1.2,mutation,0,S0005,672.6883333333334,204,701.64125
C_k9_3od_x1.2,mutation,0,S0005,672.6883333333334,205,713.2104166666667
C_k9_3od_x1.2,mutation,1,S0007,671.6395833333333,201,687.72625
C_k9_3od_x1.2,mutation,1,S0007,671.6395833333333,202,691.3754166666666
C_k9_3od_x1.2,mutation,1,S0007,671.6395833333333,203,700.4341666666667
C_k9_3od_x1.2,mutation,1,S0007,671.6395833333333,204,712.4866666666667
C_k9_3od_x1.2,mutation,1,S0007,671.6395833333333,205,695.5620833333334
C_k9_3od_x1.2,mutation,2,S0032,670.0404166666667,201,700.7441666666666
C_k9_3od_x1.2,mutation,2,S0032,670.0404166666667,202,696.3833333333333
C_k9_3od_x1.2,mutation,2,S0032,670.0404166666667,203,707.6395833333333
C_k9_3od_x1.2,mutation,2,S0032,670.0404166666667,204,705.6241666666666
C_k9_3od_x1.2,mutation,2,S0032,670.0404166666667,205,705.4495833333333
C_k9_3od_x1.2,mutation,3,S0009,665.78,201,678.42125
C_k9_3od_x1.2,mutation,3,S0009,665.78,202,692.7541666666667
C_k9_3od_x1.2,mutation,3,S0009,665.78,203,683.9079166666667
C_k9_3od_x1.2,mutation,3,S0009,665.78,204,693.5375
C_k9_3od_x1.2,mutation,3,S0009,665.78,205,694.5441666666667
C_k9_3od_x1.2,mutation,4,S0003,667.2154166666667,201,680.3179166666666
C_k9_3od_x1.2,mutation,4,S0003,667.2154166666667,202,688.8433333333334
C_k9_3od_x1.2,mutation,4,S0003,667.2154166666667,203,684.57
C_k9_3od_x1.2,mutation,4,S0003,667.2154166666667,204,696.00625
C_k9_3od_x1.2,mutation,4,S0003,667.2154166666667,205,710.6170833333333
C_k9_3od_x1.2,mutation,5,S0033,661.6558333333334,201,694.0175
C_k9_3od_x1.2,mutation,5,S0033,661.6558333333334,202,688.0304166666666
C_k9_3od_x1.2,mutation,5,S0033,661.6558333333334,203,704.6433333333333
C_k9_3od_x1.2,mutation,5,S0033,661.6558333333334,204,715.255
C_k9_3od_x1.2,mutation,5,S0033,661.6558333333334,205,699.31875
C_k9_3od_x1.2,mutation,6,S0039,664.81625,201,701.0433333333333
C_k9_3od_x1.2,mutation,6,S0039,664.81625,202,700.65375
C_k9_3od_x1.2,mutation,6,S0039,664.81625,203,696.865
C_k9_3od_x1.2,mutation,6,S0039,664.81625,204,690.37625
C_k9_3od_x1.2,mutation,6,S0039,664.81625,205,695.7008333333333
C_k9_3od_x1.2,mutation,7,S0019,668.9920833333333,201,683.535
C_k9_3od_x1.2,mutation,7,S0019,668.9920833333333,202,695.7004166666667
C_k9_3od_x1.2,mutation,7,S0019,668.9920833333333,203,694.6770833333334
C_k9_3od_x1.2,mutation,7,S0019,668.9920833333333,204,705.4391666666667
C_k9_3od_x1.2,mutation,7,S0019,668.9920833333333,205,713.8229166666666
C_k9_3od_x1.2,mutation,8,S0008,672.6904166666667,201,699.0425
C_k9_3od_x1.2,mutation,8,S0008,672.6904166666667,202,694.3575
C_k9_3od_x1.2,mutation,8,S0008,672.6904166666667,203,698.04125
C_k9_3od_x1.2,mutation,8,S0008,672.6904166666667,204,697.1208333333333
C_k9_3od_x1.2,mutation,8,S0008,672.6904166666667,205,708.1554166666666
C_k9_3od_x1.2,mutation,9,S0018,668.8441666666666,201,696.60625
C_k9_3od_x1.2,mutation,9,S0018,668.8441666666666,202,701.4775
C_k9_3od_x1.2,mutation,9,S0018,668.8441666666666,203,715.3416666666667
C_k9_3od_x1.2,mutation,9,S0018,668.8441666666666,204,696.9816666666667
C_k9_3od_x1.2,mutation,9,S0018,668.8441666666666,205,694.98125
C_k9_3od_x1.2,none,0,S0016,676.62375,201,682.2695833333333
C_k9_3od_x1.2,none,0,S0016,676.62375,202,713.9329166666666
C_k9_3od_x1.2,none,0,S0016,676.62375,203,687.0625
C_k9_3od_x1.2,none,0,S0016,676.62375,204,707.5020833333333
C_k9_3od_x1.2,none,0,S0016,676.62375,205,695.6408333333334
C_k9_3od_x1.2,none,1,S0023,679.4766666666667,201,729.24
C_k9_3od_x1.2,none,1,S0023,679.4766666666667,202,719.6616666666666
C_k9_3od_x1.2,none,1,S0023,679.4766666666667,203,705.485
C_k9_3od_x1.2,none,1,S0023,679.4766666666667,204,711.01625
C_k9_3od_x1.2,none,1,S0023,679.4766666666667,205,698.6908333333333
C_k9_3od_x1.2,none,2,S0025,671.9195833333333,201,687.9570833333333
C_k9_3od_x1.2,none,2,S0025,671.9195833333333,202,718.3975
C_k9_3od_x1.2,none,2,S0025,671.9195833333333,203,697.1008333333333
C_k9_3od_x1.2,none,2,S0025,671.9195833333333,204,702.0129166666667
C_k9_3od_x1.2,none,2,S0025,671.9195833333333,205,700.5566666666666
C_k9_3od_x1.2,none,3,S0010,668.1433333333333,201,694.8075
C_k9_3od_x1.2,none,3,S0010,668.1433333333333,202,691.0595833333333
C_k9_3od_x1.2,none,3,S0010,668.1433333333333,203,700.4245833333333
C_k9_3od_x1.2,none,3,S0010,668.1433333333333,204,695.4008333333334
C_k9_3od_x1.2,none,3,S0010,668.1433333333333,205,709.4479166666666
C_k9_3od_x1.2,none,4,S0035,670.8058333333333,201,688.3
C_k9_3od_x1.2,none,4,S0035,670.8058333333333,202,684.4045833333333
C_k9_3od_x1.2,none,4,S0035,670.8058333333333,203,709.8479166666667
C_k9_3od_x1.2,none,4,S0035,670.8058333333333,204,728.16125
C_k9_3od_x1.2,none,4,S0035,670.8058333333333,205,700.1666666666666
C_k9_3od_x1.2,none,5,S0036,664.1995833333333,201,711.49125
C_k9_3od_x1.2,none,5,S0036,664.1995833333333,202,695.4220833333334
C_k9_3od_x1.2,none,5,S0036,664.1995833333333,203,689.9675
C_k9_3od_x1.2,none,5,S0036,664.1995833333333,204,697.1866666666666
C_k9_3od_x1.2,none,5,S0036,664.1995833333333,205,688.97
C_k9_3od_x1.2,none,6,S0004,668.7725,201,676.7595833333334
C_k9_3od_x1.2,none,6,S0004,668.7725,202,689.12
C_k9_3od_x1.2,none,6,S0004,668.7725,203,713.3004166666667
C_k9_3od_x1.2,none,6,S0004,668.7725,204,683.68125
C_k9_3od_x1.2,none,6,S0004,668.7725,205,699.02375
C_k9_3od_x1.2,none,7,S0030,674.5316666666666,201,692.9275
C_k9_3od_x1.2,none,7,S0030,674.5316666666666,202,698.2979166666667
C_k9_3od_x1.2,none,7,S0030,674.5316666666666,203,705.7433333333333
C_k9_3od_x1.2,none,7,S0030,674.5316666666666,204,693.2545833333334
C_k9_3od_x1.2,none,7,S0030,674.5316666666666,205,706.5358333333334
C_k9_3od_x1.2,none,8,S0020,672.2779166666667,201,708.835
C_k9_3od_x1.2,none,8,S0020,672.2779166666667,202,692.4729166666667
C_k9_3od_x1.2,none,8,S0020,672.2779166666667,203,703.0525
C_k9_3od_x1.2,none,8,S0020,672.2779166666667,204,702.28625
C_k9_3od_x1.2,none,8,S0020,672.2779166666667,205,704.945
C_k9_3od_x1.2,none,9,S0029,672.0220833333333,201,691.9
C_k9_3od_x1.2,none,9,S0029,672.0220833333333,202,675.1375
C_k9_3od_x1.2,none,9,S0029,672.0220833333333,203,705.9608333333333
C_k9_3od_x1.2,none,9,S0029,672.0220833333333,204,687.4954166666666
C_k9_3od_x1.2,none,9,S0029,672.0220833333333,205,704.3679166666667
D_k9_1od_x0.8,both,0,S0016,514.259375,201,527.6625
D_k9_1od_x0.8,both,0,S0016,514.259375,202,527.41375
D_k9_1od_x0.8,both,0,S0016,514.259375,203,531.675
D_k9_1od_x0.8,both,0,S0016,514.259375,204,517.51125
D_k9_1od_x0.8,both,0,S0016,514.259375,205,527.3575
D_k9_1od_x0.8,both,1,S0014,513.570625,201,528.870625
D_k9_1od_x0.8,both,1,S0014,513.570625,202,532.28375
D_k9_1od_x0.8,both,1,S0014,513.570625,203,523.70875
D_k9_1od_x0.8,both,1,S0014,513.570625,204,523.788125
D_k9_1od_x0.8,both,1,S0014,513.570625,205,522.40875
D_k9_1od_x0.8,both,2,S0023,517.293125,201,524.605625
D_k9_1od_x0.8,both,2,S0023,517.293125,202,522.531875
D_k9_1od_x0.8,both,2,S0023,517.293125,203,527.274375
D_k9_1od_x0.8,both,2,S0023,517.293125,204,523.460625
D_k9_1od_x0.8,both,2,S0023,517.293125,205,518.194375
D_k9_1od_x0.8,both,3,S0004,511.525,201,524.605625
D_k9_1od_x0.8,both,3,S0004,511.525,202,522.531875
D_k9_1od_x0.8,both,3,S0004,511.525,203,524.0175
D_k9_1od_x0.8,both,3,S0004,511.525,204,523.460625
D_k9_1od_x0.8,both,3,S0004,511.525,205,526.95125
D_k9_1od_x0.8,both,4,S0015,515.598125,201,517.481875
D_k9_1od_x0.8,both,4,S0015,515.598125,202,518.87875
D_k9_1od_x0.8,both,4,S0015,515.598125,203,527.65
D_k9_1od_x0.8,both,4,S0015,515.598125,204,530.596875
D_k9_1od_x0.8,both,4,S0015,515.598125,205,519.98125
D_k9_1od_x0.8,both,5,S0028,510.858125,201,534.495625
D_k9_1od_x0.8,both,5,S0028,510.858125,202,529.723125
D_k9_1od_x0.8,both,5,S0028,510.858125,203,516.19125
D_k9_1od_x0.8,both,5,S0028,510.858125,204,517.234375
D_k9_1od_x0.8,both,5,S0028,510.858125,205,526.19875
D_k9_1od_x0.8,both,6,S0006,512.134375,201,525.211875
D_k9_1od_x0.8,both,6,S0006,512.134375,202,530.77125
D_k9_1od_x0.8,both,6,S0006,512.134375,203,528.075625
D_k9_1od_x0.8,both,6,S0006,512.134375,204,524.54125
D_k9_1od_x0.8,both,6,S0006,512.134375,205,518.631875
D_k9_1od_x0.8,both,7,S0027,512.140625,201,524.2975
D_k9_1od_x0.8,both,7,S0027,512.140625,202,523.320625
D_k9_1od_x0.8,both,7,S0027,512.140625,203,519.439375
D_k9_1od_x0.8,both,7,S0027,512.140625,204,524.620625
D_k9_1od_x0.8,both,7,S0027,512.140625,205,535.204375
D_k9_1od_x0.8,both,8,S0012,514.881875,201,521.091875
D_k9_1od_x0.8,both,8,S0012,514.881875,202,527.573125
D_k9_1od_x0.8,both,8,S0012,514.881875,203,522.3175
D_k9_1od_x0.8,both,8,S0012,514.881875,204,523.411875
D_k9_1od_x0.8,both,8,S0012,514.881875,205,525.841875
D_k9_1od_x0.8,both,9,S0032,511.730625,201,529.285
D_k9_1od_x0.8,both,9,S0032,511.730625,202,523.8
D_k9_1od_x0.8,both,9,S0032,511.730625,203,516.0775
D_k9_1od_x0.8,both,9,S0032,511.730625,204,518.491875
D_k9_1od_x0.8,both,9,S0032,511.730625,205,517.81625
D_k9_1od_x0.8,init,0,S0024,517.275625,201,522.911875
D_k9_1od_x0.8,init,0,S0024,517.275625,202,525.319375
D_k9_1od_x0.8,init,0,S0024,517.275625,203,528.85
D_k9_1od_x0.8,init,0,S0024,517.275625,204,533.496875
D_k9_1od_x0.8,init,0,S0024,517.275625,205,529.036875
D_k9_1od_x0.8,init,1,S0034,516.795,201,525.541875
D_k9_1od_x0.8,init,1,S0034,516.795,202,527.704375
D_k9_1od_x0.8,init,1,S0034,516.795,203,526.501875
D_k9_1od_x0.8,init,1,S0034,516.795,204,527.481875
D_k9_1od_x0.8,init,1,S0034,516.795,205,525.071875
D_k9_1od_x0.8,init,2,S0019,516.81125,201,518.759375
D_k9_1od_x0.8,init,2,S0019,516.81125,202,521.0075
D_k9_1od_x0.8,init,2,S0019,516.81125,203,525.6175
D_k9_1od_x0.8,init,2,S0019,516.81125,204,530.813125
D_k9_1od_x0.8,init,2,S0019,516.81125,205,533.90625
D_k9_1od_x0.8,init,3,S0009,510.615,201,529.081875
D_k9_1od_x0.8,init,3,S0009,510.615,202,527.645625
D_k9_1od_x0.8,init,3,S0009,510.615,203,520.619375
D_k9_1od_x0.8,init,3,S0009,510.615,204,521.899375
D_k9_1od_x0.8,init,3,S0009,510.615,205,520.759375
D_k9_1od_x0.8,init,4,S0021,513.99875,201,519.669375
D_k9_1od_x0.8,init,4,S0021,513.99875,202,527.1875
D_k9_1od_x0.8,init,4,S0021,513.99875,203,538.009375
D_k9_1od_x0.8,init,4,S0021,513.99875,204,536.71875
D_k9_1od_x0.8,init,4,S0021,513.99875,205,532.684375
D_k9_1od_x0.8,init,5,S0039,513.99875,201,519.669375
D_k9_1od_x0.8,init,5,S0039,513.99875,202,527.1875
D_k9_1od_x0.8,init,5,S0039,513.99875,203,538.009375
D_k9_1od_x0.8,init,5,S0039,513.99875,204,536.71875
D_k9_1od_x0.8,init,5,S0039,513.99875,205,532.684375
D_k9_1od_x0.8,init,6,S0029,511.345,201,528.069375
D_k9_1od_x0.8,init,6,S0029,511.345,202,526.4625
D_k9_1od_x0.8,init,6,S0029,511.345,203,522.873125
D_k9_1od_x0.8,init,6,S0029,511.345,204,519.68625
D_k9_1od_x0.8,init,6,S0029,511.345,205,517.534375
D_k9_1od_x0.8,init,7,S0018,513.105,201,517.363125
D_k9_1od_x0.8,init,7,S0018,513.105,202,522.413125
D_k9_1od_x0.8,init,7,S0018,513.105,203,529.12875
D_k9_1od_x0.8,init,7,S0018,513.105,204,526.49
D_k9_1od_x0.8,init,7,S0018,513.105,205,525.160625
D_k9_1od_x0.8,init,8,S0035,509.715,201,530.054375
D_k9_1od_x0.8,init,8,S0035,509.715,202,524.355625
D_k9_1od_x0.8,init,8,S0035,509.715,203,524.4325
D_k9_1od_x0.8,init,8,S0035,509.715,204,525.02
D_k9_1od_x0.8,init,8,S0035,509.715,205,512.220625
D_k9_1od_x0.8,init,9,S0010,512.139375,201,525.760625
D_k9_1od_x0.8,init,9,S0010,512.139375,202,530.77125
D_k9_1od_x0.8,init,9,S0010,512.139375,203,531.505625
D_k9_1od_x0.8,init,9,S0010,512.139375,204,528.305625
D_k9_1od_x0.8,init,9,S0010,512.139375,205,523.46375
D_k9_1od_x0.8,mutation,0,S0007,516.484375,201,526.901875
D_k9_1od_x0.8,mutation,0,S0007,516.484375,202,527.416875
D_k9_1od_x0.8,mutation,0,S0007,516.484375,203,528.621875
D_k9_1od_x0.8,mutation,0,S0007,516.484375,204,531.804375
D_k9_1od_x0.8,mutation,0,S0007,516.484375,205,531.039375
D_k9_1od_x0.8,mutation,1,S0020,512.134375,201,525.211875
D_k9_1od_x0.8,mutation,1,S0020,512.134375,202,530.77125
D_k9_1od_x0.8,mutation,1,S0020,512.134375,203,528.075625
D_k9_1od_x0.8,mutation,1,S0020,512.134375,204,524.54125
D_k9_1od_x0.8,mutation,1,S0020,512.134375,205,518.631875
D_k9_1od_x0.8,mutation,2,S0013,510.858125,201,531.755625
D_k9_1od_x0.8,mutation,2,S0013,510.858125,202,529.723125
D_k9_1od_x0.8,mutation,2,S0013,510.858125,203,516.19125
D_k9_1od_x0.8,mutation,2,S0013,510.858125,204,517.234375
D_k9_1od_x0.8,mutation,2,S0013,510.858125,205,526.699375
D_k9_1od_x0.8,mutation,3,S0000,516.575625,201,529.9175
D_k9_1od_x0.8,mutation,3,S0000,516.575625,202,526.4275
D_k9_1od_x0.8,mutation,3,S0000,516.575625,203,528.65875
D_k9_1od_x0.8,mutation,3,S0000,516.575625,204,527.2725
D_k9_1od_x0.8,mutation,3,S0000,516.575625,205,526.603125
D_k9_1od_x0.8,mutation,4,S0017,514.00125,201,524.345
D_k9_1od_x0.8,mutation,4,S0017,514.00125,202,530.22375
D_k9_1od_x0.8,mutation,4,S0017,514.00125,203,534.136875
D_k9_1od_x0.8,mutation,4,S0017,514.00125,204,524.38
D_k9_1od_x0.8,mutation,4,S0017,514.00125,205,525.731875
D_k9_1od_x0.8,mutation,5,S0033,516.951875,201,523.89
D_k9_1od_x0.8,mutation,5,S0033,516.951875,202,531.3825
D_k9_1od_x0.8,mutation,5,S0033,516.951875,203,536.570625
D_k9_1od_x0.8,mutation,5,S0033,516.951875,204,524.205
D_k9_1od_x0.8,mutation,5,S0033,516.951875,205,526.76
D_k9_1od_x0.8,mutation,6,S0003,512.0175,201,529.69
D_k9_1od_x0.8,mutation,6,S0003,512.0175,202,523.8
D_k9_1od_x0.8,mutation,6,S0003,512.0175,203,518.15625
D_k9_1od_x0.8,mutation,6,S0003,512.0175,204,516.63
D_k9_1od_x0.8,mutation,6,S0003,512.0175,205,515.01625
D_k9_1od_x0.8,mutation,7,S0001,509.715,201,530.054375
D_k9_1od_x0.8,mutation,7,S0001,509.715,202,524.355625
D_k9_1od_x0.8,mutation,7,S0001,509.715,203,524.4325
D_k9_1od_x0.8,mutation,7,S0001,509.715,204,525.02
D_k9_1od_x0.8,mutation,7,S0001,509.715,205,512.220625
D_k9_1od_x0.8,mutation,8,S0038,511.7125,201,520.16875
D_k9_1od_x0.8,mutation,8,S0038,511.7125,202,518.87875
D_k9_1od_x0.8,mutation,8,S0038,511.7125,203,527.65
D_k9_1od_x0.8,mutation,8,S0038,511.7125,204,530.596875
D_k9_1od_x0.8,mutation,8,S0038,511.7125,205,521.475625
D_k9_1od_x0.8,mutation,9,S0036,512.139375,201,525.211875
D_k9_1od_x0.8,mutation,9,S0036,512.139375,202,530.77125
D_k9_1od_x0.8,mutation,9,S0036,512.139375,203,528.075625
D_k9_1od_x0.8,mutation,9,S0036,512.139375,204,524.54125
D_k9_1od_x0.8,mutation,9,S0036,512.139375,205,518.631875
D_k9_1od_x0.8,none,0,S0026,512.139375,201,525.211875
D_k9_1od_x0.8,none,0,S0026,512.139375,202,530.77125
D_k9_1od_x0.8,none,0,S0026,512.139375,203,528.075625
D_k9_1od_x0.8,none,0,S0026,512.139375,204,524.54125
D_k9_1od_x0.8,none,0,S0026,512.139375,205,518.631875
D_k9_1od_x0.8,none,1,S0025,514.868125,201,524.86
D_k9_1od_x0.8,none,1,S0025,514.868125,202,534.484375
D_k9_1od_x0.8,none,1,S0025,514.868125,203,523.88625
D_k9_1od_x0.8,none,1,S0025,514.868125,204,530.950625
D_k9_1od_x0.8,none,1,S0025,514.868125,205,527.915
D_k9_1od_x0.8,none,2,S0037,511.4375,201,531.71375
D_k9_1od_x0.8,none,2,S0037,511.4375,202,527.53875
D_k9_1od_x0.8,none,2,S0037,511.4375,203,526.85875
D_k9_1od_x0.8,none,2,S0037,511.4375,204,522.115
D_k9_1od_x0.8,none,2,S0037,511.4375,205,526.8075
D_k9_1od_x0.8,none,3,S0002,512.139375,201,525.7
D_k9_1od_x0.8,none,3,S0002,512.139375,202,530.77125
D_k9_1od_x0.8,none,3,S0002,512.139375,203,528.075625
D_k9_1od_x0.8,none,3,S0002,512.139375,204,524.54125
D_k9_1od_x0.8,none,3,S0002,512.139375,205,518.631875
D_k9_1od_x0.8,none,4,S0030,516.795,201,525.541875
D_k9_1od_x0.8,none,4,S0030,516.795,202,527.2025
D_k9_1od_x0.8,none,4,S0030,516.795,203,536.395625
D_k9_1od_x0.8,none,4,S0030,516.795,204,530.546875
D_k9_1od_x0.8,none,4,S0030,516.795,205,524.176875
D_k9_1od_x0.8,none,5,S0005,512.134375,201,525.211875
D_k9_1od_x0.8,none,5,S0005,512.134375,202,530.77125
D_k9_1od_x0.8,none,5,S0005,512.134375,203,528.075625
D_k9_1od_x0.8,none,5,S0005,512.134375,204,524.54125
D_k9_1od_x0.8,none,5,S0005,512.134375,205,518.631875
D_k9_1od_x0.8,none,6,S0022,510.128125,201,530.170625
D_k9_1od_x0.8,none,6,S0022,510.128125,202,523.866875
D_k9_1od_x0.8,none,6,S0022,510.128125,203,521.60125
D_k9_1od_x0.8,none,6,S0022,510.128125,204,518.491875
D_k9_1od_x0.8,none,6,S0022,510.128125,205,530.191875
D_k9_1od_x0.8,none,7,S0008,512.139375,201,525.211875
D_k9_1od_x0.8,none,7,S0008,512.139375,202,530.77125
D_k9_1od_x0.8,none,7,S0008,512.139375,203,528.075625
D_k9_1od_x0.8,none,7,S0008,512.139375,204,524.54125
D_k9_1od_x0.8,none,7,S0008,512.139375,205,518.631875
D_k9_1od_x0.8,none,8,S0031,510.858125,201,531.755625
D_k9_1od_x0.8,none,8,S0031,510.858125,202,529.723125
D_k9_1od_x0.8,none,8,S0031,510.858125,203,516.19125
D_k9_1od_x0.8,none,8,S0031,510.858125,204,517.234375
D_k9_1od_x0.8,none,8,S0031,510.858125,205,526.699375
D_k9_1od_x0.8,none,9,S0011,513.084375,201,529.433125
D_k9_1od_x0.8,none,9,S0011,513.084375,202,526.65875
D_k9_1od_x0.8,none,9,S0011,513.084375,203,528.81875
D_k9_1od_x0.8,none,9,S0011,513.084375,204,522.565
D_k9_1od_x0.8,none,9,S0011,513.084375,205,507.5125
D_k9_1od_x1.0,both,0,S0007,513.094,201,522.9745
D_k9_1od_x1.0,both,0,S0007,513.094,202,530.147
D_k9_1od_x1.0,both,0,S0007,513.094,203,532.049
D_k9_1od_x1.0,both,0,S0007,513.094,204,521.4605
D_k9_1od_x1.0,both,0,S0007,513.094,205,524.849
D_k9_1od_x1.0,both,1,S0028,515.601,201,521.642
D_k9_1od_x1.0,both,1,S0028,515.601,202,528.845
D_k9_1od_x1.0,both,1,S0028,515.601,203,518.9645
D_k9_1od_x1.0,both,1,S0028,515.601,204,518.416
D_k9_1od_x1.0,both,1,S0028,515.601,205,520.2735
D_k9_1od_x1.0,both,2,S0011,514.722,201,520.9065
D_k9_1od_x1.0,both,2,S0011,514.722,202,521.881
D_k9_1od_x1.0,both,2,S0011,514.722,203,519.979
D_k9_1od_x1.0,both,2,S0011,514.722,204,529.988
D_k9_1od_x1.0,both,2,S0011,514.722,205,519.0355
D_k9_1od_x1.0,both,3,S0012,513.019,201,523.0325
D_k9_1od_x1.0,both,3,S0012,513.019,202,524.152
D_k9_1od_x1.0,both,3,S0012,513.019,203,525.1415
D_k9_1od_x1.0,both,3,S0012,513.019,204,525.8205
D_k9_1od_x1.0,both,3,S0012,513.019,205,524.0445
D_k9_1od_x1.0,both,4,S0015,513.019,201,523.0325
D_k9_1od_x1.0,both,4,S0015,513.019,202,523.7795
D_k9_1od_x1.0,both,4,S0015,513.019,203,525.1415
D_k9_1od_x1.0,both,4,S0015,513.019,204,525.8205
D_k9_1od_x1.0,both,4,S0015,513.019,205,524.0445
D_k9_1od_x1.0,both,5,S0017,513.019,201,523.0325
D_k9_1od_x1.0,both,5,S0017,513.019,202,523.7795
D_k9_1od_x1.0,both,5,S0017,513.019,203,525.1415
D_k9_1od_x1.0,both,5,S0017,513.019,204,525.8205
D_k9_1od_x1.0,both,5,S0017,513.019,205,524.0445
D_k9_1od_x1.0,both,6,S0006,513.019,201,523.0325
D_k9_1od_x1.0,both,6,S0006,513.019,202,523.7795
D_k9_1od_x1.0,both,6,S0006,513.019,203,525.1415
D_k9_1od_x1.0,both,6,S0006,513.019,204,525.8205
D_k9_1od_x1.0,both,6,S0006,513.019,205,524.0445
D_k9_1od_x1.0,both,7,S0021,515.529,201,524.846
D_k9_1od_x1.0,both,7,S0021,515.529,202,533.235
D_k9_1od_x1.0,both,7,S0021,515.529,203,532.175
D_k9_1od_x1.0,both,7,S0021,515.529,204,530.434
D_k9_1od_x1.0,both,7,S0021,515.529,205,520.2895
D_k9_1od_x1.0,both,8,S0038,517.7915,201,521.073
D_k9_1od_x1.0,both,8,S0038,517.7915,202,528.4615
D_k9_1od_x1.0,both,8,S0038,517.7915,203,527.3785
D_k9_1od_x1.0,both,8,S0038,517.7915,204,524.3195
D_k9_1od_x1.0,both,8,S0038,517.7915,205,524.0345
D_k9_1od_x1.0,both,9,S0022,515.2335,201,522.1175
D_k9_1od_x1.0,both,9,S0022,515.2335,202,521.152
D_k9_1od_x1.0,both,9,S0022,515.2335,203,523.5485
D_k9_1od_x1.0,both,9,S0022,515.2335,204,524.0385
D_k9_1od_x1.0,both,9,S0022,515.2335,205,517.968
D_k9_1od_x1.0,init,0,S0020,516.527,201,529.4455
D_k9_1od_x1.0,init,0,S0020,516.527,202,528.512
D_k9_1od_x1.0,init,0,S0020,516.527,203,531.9375
D_k9_1od_x1.0,init,0,S0020,516.527,204,526.6345
D_k9_1od_x1.0,init,0,S0020,516.527,205,523.107
D_k9_1od_x1.0,init,1,S0004,515.774,201,528.15
D_k9_1od_x1.0,init,1,S0004,515.774,202,527.312
D_k9_1od_x1.0,init,1,S0004,515.774,203,529.6235
D_k9_1od_x1.0,init,1,S0004,515.774,204,524.5625
D_k9_1od_x1.0,init,1,S0004,515.774,205,529.303
D_k9_1od_x1.0,init,2,S0032,514.831,201,535.6105
D_k9_1od_x1.0,init,2,S0032,514.831,202,532.954
D_k9_1od_x1.0,init,2,S0032,514.831,203,527.748
D_k9_1od_x1.0,init,2,S0032,514.831,204,530.8755
D_k9_1od_x1.0,init,2,S0032,514.831,205,530.632
D_k9_1od_x1.0,init,3,S0001,520.202,201,524.866
D_k9_1od_x1.0,init,3,S0001,520.202,202,523.2465
D_k9_1od_x1.0,init,3,S0001,520.202,203,527.587
D_k9_1od_x1.0,init,3,S0001,520.202,204,524.0375
D_k9_1od_x1.0,init,3,S0001,520.202,205,528.841
D_k9_1od_x1.0,init,4,S0037,516.3495,201,537.228
D_k9_1od_x1.0,init,4,S0037,516.3495,202,524.213
D_k9_1od_x1.0,init,4,S0037,516.3495,203,530.378
D_k9_1od_x1.0,init,4,S0037,516.3495,204,534.2265
D_k9_1od_x1.0,init,4,S0037,516.3495,205,530.464
D_k9_1od_x1.0,init,5,S0027,516.3155,201,517.865
D_k9_1od_x1.0,init,5,S0027,516.3155,202,521.749
D_k9_1od_x1.0,init,5,S0027,516.3155,203,526.4715
D_k9_1od_x1.0,init,5,S0027,516.3155,204,517.4725
D_k9_1od_x1.0,init,5,S0027,516.3155,205,521.628
D_k9_1od_x1.0,init,6,S0031,516.4885,201,517.865
D_k9_1od_x1.0,init,6,S0031,516.4885,202,525.4145
D_k9_1od_x1.0,init,6,S0031,516.4885,203,523.431
D_k9_1od_x1.0,init,6,S0031,516.4885,204,521.663
D_k9_1od_x1.0,init,6,S0031,516.4885,205,521.026
D_k9_1od_x1.0,init,7,S0034,515.1965,201,529.051
D_k9_1od_x1.0,init,7,S0034,515.1965,202,520.066
D_k9_1od_x1.0,init,7,S0034,515.1965,203,520.407
D_k9_1od_x1.0,init,7,S0034,515.1965,204,522.6175
D_k9_1od_x1.0,init,7,S0034,515.1965,205,526.6535
D_k9_1od_x1.0,init,8,S0024,514.361,201,527.8995
D_k9_1od_x1.0,init,8,S0024,514.361,202,537.3955
D_k9_1od_x1.0,init,8,S0024,514.361,203,522.1805
D_k9_1od_x1.0,init,8,S0024,514.361,204,528.7265
D_k9_1od_x1.0,init,8,S0024,514.361,205,525.9985
D_k9_1od_x1.0,init,9,S0026,514.3865,201,526.7845
D_k9_1od_x1.0,init,9,S0026,514.3865,202,532.8195
D_k9_1od_x1.0,init,9,S0026,514.3865,203,521.3445
D_k9_1od_x1.0,init,9,S0026,514.3865,204,522.1025
D_k9_1od_x1.0,init,9,S0026,514.3865,205,527.324
D_k9_1od_x1.0,mutation,0,S0016,515.9135,201,530.8525
D_k9_1od_x1.0,mutation,0,S0016,515.9135,202,525.767
D_k9_1od_x1.0,mutation,0,S0016,515.9135,203,521.474
D_k9_1od_x1.0,mutation,0,S0016,515.9135,204,524.317
D_k9_1od_x1.0,mutation,0,S0016,515.9135,205,527.1305
D_k9_1od_x1.0,mutation,1,S0018,513.019,201,523.0325
D_k9_1od_x1.0,mutation,1,S0018,513.019,202,523.7795
D_k9_1od_x1.0,mutation,1,S0018,513.019,203,525.1415
D_k9_1od_x1.0,mutation,1,S0018,513.019,204,521.4105
D_k9_1od_x1.0,mutation,1,S0018,513.019,205,529.235
D_k9_1od_x1.0,mutation,2,S0029,516.6245,201,527.978
D_k9_1od_x1.0,mutation,2,S0029,516.6245,202,530.1725
D_k9_1od_x1.0,mutation,2,S0029,516.6245,203,524.763
D_k9_1od_x1.0,mutation,2,S0029,516.6245,204,526.9765
D_k9_1od_x1.0,mutation,2,S0029,516.6245,205,524.201
D_k9_1od_x1.0,mutation,3,S0035,512.5365,201,512.922
D_k9_1od_x1.0,mutation,3,S0035,512.5365,202,527.4785
D_k9_1od_x1.0,mutation,3,S0035,512.5365,203,523.3205
D_k9_1od_x1.0,mutation,3,S0035,512.5365,204,527.065
D_k9_1od_x1.0,mutation,3,S0035,512.5365,205,520.361
D_k9_1od_x1.0,mutation,4,S0023,514.836,201,520.5185
D_k9_1od_x1.0,mutation,4,S0023,514.836,202,529.3355
D_k9_1od_x1.0,mutation,4,S0023,514.836,203,520.017
D_k9_1od_x1.0,mutation,4,S0023,514.836,204,523.5425
D_k9_1od_x1.0,mutation,4,S0023,514.836,205,520.5185
D_k9_1od_x1.0,mutation,5,S0025,508.6205,201,535.103
D_k9_1od_x1.0,mutation,5,S0025,508.6205,202,528.614
D_k9_1od_x1.0,mutation,5,S0025,508.6205,203,534.096
D_k9_1od_x1.0,mutation,5,S0025,508.6205,204,517.685
D_k9_1od_x1.0,mutation,5,S0025,508.6205,205,528.452
D_k9_1od_x1.0,mutation,6,S0033,515.838,201,524.7415
D_k9_1od_x1.0,mutation,6,S0033,515.838,202,522.569
D_k9_1od_x1.0,mutation,6,S0033,515.838,203,516.212
D_k9_1od_x1.0,mutation,6,S0033,515.838,204,524.429
D_k9_1od_x1.0,mutation,6,S0033,515.838,205,519.3445
D_k9_1od_x1.0,mutation,7,S0009,508.9535,201,516.8145
D_k9_1od_x1.0,mutation,7,S0009,508.9535,202,522.2285
D_k9_1od_x1.0,mutation,7,S0009,508.9535,203,527.102
D_k9_1od_x1.0,mutation,7,S0009,508.9535,204,519.6635
D_k9_1od_x1.0,mutation,7,S0009,508.9535,205,515.9775
D_k9_1od_x1.0,mutation,8,S0010,515.044,201,522.3485
D_k9_1od_x1.0,mutation,8,S0010,515.044,202,530.2575
D_k9_1od_x1.0,mutation,8,S0010,515.044,203,531.872
D_k9_1od_x1.0,mutation,8,S0010,515.044,204,523.7205
D_k9_1od_x1.0,mutation,8,S0010,515.044,205,526.559
D_k9_1od_x1.0,mutation,9,S0030,511.1855,201,517.389
D_k9_1od_x1.0,mutation,9,S0030,511.1855,202,525.064
D_k9_1od_x1.0,mutation,9,S0030,511.1855,203,519.708
D_k9_1od_x1.0,mutation,9,S0030,511.1855,204,520.4965
D_k9_1od_x1.0,mutation,9,S0030,511.1855,205,522.9665
D_k9_1od_x1.0,none,0,S0000,511.1855,201,517.389
D_k9_1od_x1.0,none,0,S0000,511.1855,202,525.064
D_k9_1od_x1.0,none,0,S0000,511.1855,203,519.708
D_k9_1od_x1.0,none,0,S0000,511.1855,204,520.4965
D_k9_1od_x1.0,none,0,S0000,511.1855,205,522.9665
D_k9_1od_x1.0,none,1,S0013,512.872,201,523.0325
D_k9_1od_x1.0,none,1,S0013,512.872,202,524.152
D_k9_1od_x1.0,none,1,S0013,512.872,203,522.0845
D_k9_1od_x1.0,none,1,S0013,512.872,204,525.8205
D_k9_1od_x1.0,none,1,S0013,512.872,205,524.0445
D_k9_1od_x1.0,none,2,S0014,513.019,201,523.0325
D_k9_1od_x1.0,none,2,S0014,513.019,202,524.893
D_k9_1od_x1.0,none,2,S0014,513.019,203,518.004
D_k9_1od_x1.0,none,2,S0014,513.019,204,525.8205
D_k9_1od_x1.0,none,2,S0014,513.019,205,524.0445
D_k9_1od_x1.0,none,3,S0002,515.6435,201,516.5995
D_k9_1od_x1.0,none,3,S0002,515.6435,202,526.061
D_k9_1od_x1.0,none,3,S0002,515.6435,203,524.8325
D_k9_1od_x1.0,none,3,S0002,515.6435,204,527.428
D_k9_1od_x1.0,none,3,S0002,515.6435,205,521.291
D_k9_1od_x1.0,none,4,S0008,516.3155,201,517.865
D_k9_1od_x1.0,none,4,S0008,516.3155,202,525.4145
D_k9_1od_x1.0,none,4,S0008,516.3155,203,526.4715
D_k9_1od_x1.0,none,4,S0008,516.3155,204,515.531
D_k9_1od_x1.0,none,4,S0008,516.3155,205,521.628
D_k9_1od_x1.0,none,5,S0025,508.6205,201,535.103
D_k9_1od_x1.0,none,5,S0025,508.6205,202,528.614
D_k9_1od_x1.0,none,5,S0025,508.6205,203,534.096
D_k9_1od_x1.0,none,5,S0025,508.6205,204,517.685
D_k9_1od_x1.0,none,5,S0025,508.6205,205,528.452
D_k9_1od_x1.0,none,6,S0036,517.0215,201,534.511
D_k9_1od_x1.0,none,6,S0036,517.0215,202,530.278
D_k9_1od_x1.0,none,6,S0036,517.0215,203,545.041
D_k9_1od_x1.0,none,6,S0036,517.0215,204,535.8365
D_k9_1od_x1.0,none,6,S0036,517.0215,205,530.537
D_k9_1od_x1.0,none,7,S0005,517.4955,201,525.123
D_k9_1od_x1.0,none,7,S0005,517.4955,202,532.654
D_k9_1od_x1.0,none,7,S0005,517.4955,203,527.489
D_k9_1od_x1.0,none,7,S0005,517.4955,204,529.814
D_k9_1od_x1.0,none,7,S0005,517.4955,205,529.4135
D_k9_1od_x1.0,none,8,S0003,517.359,201,522.8295
D_k9_1od_x1.0,none,8,S0003,517.359,202,524.3935
D_k9_1od_x1.0,none,8,S0003,517.359,203,521.4735
D_k9_1od_x1.0,none,8,S0003,517.359,204,530.5895
D_k9_1od_x1.0,none,8,S0003,517.359,205,536.344
D_k9_1od_x1.0,none,9,S0019,512.742,201,533.0955
D_k9_1od_x1.0,none,9,S0019,512.742,202,526.5675
D_k9_1od_x1.0,none,9,S0019,512.742,203,527.118
D_k9_1od_x1.0,none,9,S0019,512.742,204,521.4315
D_k9_1od_x1.0,none,9,S0019,512.742,205,519.461
D_k9_1od_x1.2,both,0,S0032,518.02,201,525.6733333333333
D_k9_1od_x1.2,both,0,S0032,518.02,202,528.9854166666667
D_k9_1od_x1.2,both,0,S0032,518.02,203,524.9941666666666
D_k9_1od_x1.2,both,0,S0032,518.02,204,526.81875
D_k9_1od_x1.2,both,0,S0032,518.02,205,533.015
D_k9_1od_x1.2,both,1,S0034,516.3854166666666,201,525.5025
D_k9_1od_x1.2,both,1,S0034,516.3854166666666,202,531.6516666666666
D_k9_1od_x1.2,both,1,S0034,516.3854166666666,203,525.7229166666667
D_k9_1od_x1.2,both,1,S0034,516.3854166666666,204,528.3895833333333
D_k9_1od_x1.2,both,1,S0034,516.3854166666666,205,522.1154166666666
D_k9_1od_x1.2,both,2,S0039,518.35375,201,526.2941666666667
D_k9_1od_x1.2,both,2,S0039,518.35375,202,532.2579166666667
D_k9_1od_x1.2,both,2,S0039,518.35375,203,525.5375
D_k9_1od_x1.2,both,2,S0039,518.35375,204,529.7429166666667
D_k9_1od_x1.2,both,2,S0039,518.35375,205,531.0066666666667
D_k9_1od_x1.2,both,3,S0030,518.35375,201,531.5129166666667
D_k9_1od_x1.2,both,3,S0030,518.35375,202,540.9633333333334
D_k9_1od_x1.2,both,3,S0030,518.35375,203,525.5375
D_k9_1od_x1.2,both,3,S0030,518.35375,204,529.7429166666667
D_k9_1od_x1.2,both,3,S0030,518.35375,205,528.225
D_k9_1od_x1.2,both,4,S0033,514.9029166666667,201,534.8541666666666
D_k9_1od_x1.2,both,4,S0033,514.9029166666667,202,530.03125
D_k9_1od_x1.2,both,4,S0033,514.9029166666667,203,528.1108333333333
D_k9_1od_x1.2,both,4,S0033,514.9029166666667,204,532.6316666666667
D_k9_1od_x1.2,both,4,S0033,514.9029166666667,205,526.27
D_k9_1od_x1.2,both,5,S0031,517.2108333333333,201,528.7129166666666
D_k9_1od_x1.2,both,5,S0031,517.2108333333333,202,522.0466666666666
D_k9_1od_x1.2,both,5,S0031,517.2108333333333,203,530.1708333333333
D_k9_1od_x1.2,both,5,S0031,517.2108333333333,204,520.1541666666667
D_k9_1od_x1.2,both,5,S0031,517.2108333333333,205,525.6391666666667
D_k9_1od_x1.2,both,6,S0026,516.9095833333333,201,521.4266666666666
D_k9_1od_x1.2,both,6,S0026,516.9095833333333,202,532.7316666666667
D_k9_1od_x1.2,both,6,S0026,516.9095833333333,203,531.0508333333333
D_k9_1od_x1.2,both,6,S0026,516.9095833333333,204,523.2295833333334
D_k9_1od_x1.2,both,6,S0026,516.9095833333333,205,517.5620833333334
D_k9_1od_x1.2,both,7,S0029,517.2108333333333,201,528.7129166666666
D_k9_1od_x1.2,both,7,S0029,517.2108333333333,202,522.0466666666666
D_k9_1od_x1.2,both,7,S0029,517.2108333333333,203,530.1708333333333
D_k9_1od_x1.2,both,7,S0029,517.2108333333333,204,520.1541666666667
D_k9_1od_x1.2,both,7,S0029,517.2108333333333,205,525.6391666666667
D_k9_1od_x1.2,both,8,S0008,514.9029166666667,201,534.8541666666666
D_k9_1od_x1.2,both,8,S0008,514.9029166666667,202,530.03125
D_k9_1od_x1.2,both,8,S0008,514.9029166666667,203,528.1108333333333
D_k9_1od_x1.2,both,8,S0008,514.9029166666667,204,532.6316666666667
D_k9_1od_x1.2,both,8,S0008,514.9029166666667,205,526.27
D_k9_1od_x1.2,both,9,S0000,518.7533333333333,201,526.425
D_k9_1od_x1.2,both,9,S0000,518.7533333333333,202,530.1095833333334
D_k9_1od_x1.2,both,9,S0000,518.7533333333333,203,526.1291666666667
D_k9_1od_x1.2,both,9,S0000,518.7533333333333,204,524.6895833333333
D_k9_1od_x1.2,both,9,S0000,518.7533333333333,205,522.3516666666667
D_k9_1od_x1.2,init,0,S0004,516.11375,201,531.0329166666667
D_k9_1od_x1.2,init,0,S0004,516.11375,202,516.8466666666667
D_k9_1od_x1.2,init,0,S0004,516.11375,203,523.2116666666667
D_k9_1od_x1.2,init,0,S0004,516.11375,204,519.2729166666667
D_k9_1od_x1.2,init,0,S0004,516.11375,205,518.3016666666666
D_k9_1od_x1.2,init,1,S0037,517.5733333333334,201,525.145
D_k9_1od_x1.2,init,1,S0037,517.5733333333334,202,523.1070833333333
D_k9_1od_x1.2,init,1,S0037,517.5733333333334,203,525.3670833333333
D_k9_1od_x1.2,init,1,S0037,517.5733333333334,204,518.0941666666666
D_k9_1od_x1.2,init,1,S0037,517.5733333333334,205,524.175
D_k9_1od_x1.2,init,2,S0024,520.03625,201,529.255
D_k9_1od_x1.2,init,2,S0024,520.03625,202,521.235
D_k9_1od_x1.2,init,2,S0024,520.03625,203,526.0058333333334
D_k9_1od_x1.2,init,2,S0024,520.03625,204,520.5575
D_k9_1od_x1.2,init,2,S0024,520.03625,205,525.4225
D_k9_1od_x1.2,init,3,S0017,516.9745833333334,201,528.3516666666667
D_k9_1od_x1.2,init,3,S0017,516.9745833333334,202,530.0275
D_k9_1od_x1.2,init,3,S0017,516.9745833333334,203,523.6783333333333
D_k9_1od_x1.2,init,3,S0017,516.9745833333334,204,524.5275
D_k9_1od_x1.2,init,3,S0017,516.9745833333334,205,522.2225
D_k9_1od_x1.2,init,4,S0018,516.2820833333334,201,525.4645833333333
D_k9_1od_x1.2,init,4,S0018,516.2820833333334,202,522.5741666666667
D_k9_1od_x1.2,init,4,S0018,516.2820833333334,203,526.56
D_k9_1od_x1.2,init,4,S0018,516.2820833333334,204,517.9216666666666
D_k9_1od_x1.2,init,4,S0018,516.2820833333334,205,520.6791666666667
D_k9_1od_x1.2,init,5,S0038,517.0133333333333,201,522.7054166666667
D_k9_1od_x1.2,init,5,S0038,517.0133333333333,202,526.92
D_k9_1od_x1.2,init,5,S0038,517.0133333333333,203,527.3066666666666
D_k9_1od_x1.2,init,5,S0038,517.0133333333333,204,520.18375
D_k9_1od_x1.2,init,5,S0038,517.0133333333333,205,522.6295833333334
D_k9_1od_x1.2,init,6,S0022,517.5745833333333,201,525.145
D_k9_1od_x1.2,init,6,S0022,517.5745833333333,202,526.9454166666667
D_k9_1od_x1.2,init,6,S0022,517.5745833333333,203,523.8195833333333
D_k9_1od_x1.2,init,6,S0022,517.5745833333333,204,519.1783333333333
D_k9_1od_x1.2,init,6,S0022,517.5745833333333,205,524.7666666666667
D_k9_1od_x1.2,init,7,S0001,519.0158333333334,201,526.0566666666666
D_k9_1od_x1.2,init,7,S0001,519.0158333333334,202,527.9970833333333
D_k9_1od_x1.2,init,7,S0001,519.0158333333334,203,532.525
D_k9_1od_x1.2,init,7,S0001,519.0158333333334,204,531.2470833333333
D_k9_1od_x1.2,init,7,S0001,519.0158333333334,205,526.0141666666667
D_k9_1od_x1.2,init,8,S0011,517.72375,201,530.74
D_k9_1od_x1.2,init,8,S0011,517.72375,202,522.1608333333334
D_k9_1od_x1.2,init,8,S0011,517.72375,203,521.825
D_k9_1od_x1.2,init,8,S0011,517.72375,204,523.3191666666667
D_k9_1od_x1.2,init,8,S0011,517.72375,205,516.70875
D_k9_1od_x1.2,init,9,S0036,516.5845833333333,201,523.5654166666667
D_k9_1od_x1.2,init,9,S0036,516.5845833333333,202,516.7995833333333
D_k9_1od_x1.2,init,9,S0036,516.5845833333333,203,527.26125
D_k9_1od_x1.2,init,9,S0036,516.5845833333333,204,522.14
D_k9_1od_x1.2,init,9,S0036,516.5845833333333,205,519.7829166666667
D_k9_1od_x1.2,mutation,0,S0009,520.43125,201,529.3316666666667
D_k9_1od_x1.2,mutation,0,S0009,520.43125,202,526.02125
D_k9_1od_x1.2,mutation,0,S0009,520.43125,203,527.30125
D_k9_1od_x1.2,mutation,0,S0009,520.43125,204,525.3766666666667
D_k9_1od_x1.2,mutation,0,S0009,520.43125,205,530.0845833333333
D_k9_1od_x1.2,mutation,1,S0035,518.3691666666666,201,524.4583333333334
D_k9_1od_x1.2,mutation,1,S0035,518.3691666666666,202,529.8391666666666
D_k9_1od_x1.2,mutation,1,S0035,518.3691666666666,203,529.8616666666667
D_k9_1od_x1.2,mutation,1,S0035,518.3691666666666,204,521.6254166666666
D_k9_1od_x1.2,mutation,1,S0035,518.3691666666666,205,529.5145833333333
D_k9_1od_x1.2,mutation,2,S0014,516.8591666666666,201,526.7904166666667
D_k9_1od_x1.2,mutation,2,S0014,516.8591666666666,202,530.7066666666667
D_k9_1od_x1.2,mutation,2,S0014,516.8591666666666,203,525.1225
D_k9_1od_x1.2,mutation,2,S0014,516.8591666666666,204,522.6925
D_k9_1od_x1.2,mutation,2,S0014,516.8591666666666,205,526.94125
D_k9_1od_x1.2,mutation,3,S0027,513.76875,201,523.505
D_k9_1od_x1.2,mutation,3,S0027,513.76875,202,519.3675
D_k9_1od_x1.2,mutation,3,S0027,513.76875,203,525.4570833333333
D_k9_1od_x1.2,mutation,3,S0027,513.76875,204,518.6670833333334
D_k9_1od_x1.2,mutation,3,S0027,513.76875,205,521.7316666666667
D_k9_1od_x1.2,mutation,4,S0010,514.9029166666667,201,537.15625
D_k9_1od_x1.2,mutation,4,S0010,514.9029166666667,202,530.03125
D_k9_1od_x1.2,mutation,4,S0010,514.9029166666667,203,527.9145833333333
D_k9_1od_x1.2,mutation,4,S0010,514.9029166666667,204,523.34875
D_k9_1od_x1.2,mutation,4,S0010,514.9029166666667,205,526.1491666666667
D_k9_1od_x1.2,mutation,5,S0015,519.33625,201,528.2879166666667
D_k9_1od_x1.2,mutation,5,S0015,519.33625,202,522.4808333333333
D_k9_1od_x1.2,mutation,5,S0015,519.33625,203,530.4104166666667
D_k9_1od_x1.2,mutation,5,S0015,519.33625,204,526.9183333333333
D_k9_1od_x1.2,mutation,5,S0015,519.33625,205,530.7433333333333
D_k9_1od_x1.2,mutation,6,S0007,517.755,201,521.38625
D_k9_1od_x1.2,mutation,6,S0007,517.755,202,531.8079166666666
D_k9_1od_x1.2,mutation,6,S0007,517.755,203,524.6420833333333
D_k9_1od_x1.2,mutation,6,S0007,517.755,204,524.2591666666667
D_k9_1od_x1.2,mutation,6,S0007,517.755,205,519.8633333333333
D_k9_1od_x1.2,mutation,7,S0013,517.2108333333333,201,528.7129166666666
D_k9_1od_x1.2,mutation,7,S0013,517.2108333333333,202,522.0466666666666
D_k9_1od_x1.2,mutation,7,S0013,517.2108333333333,203,530.1708333333333
D_k9_1od_x1.2,mutation,7,S0013,517.2108333333333,204,520.82375
D_k9_1od_x1.2,mutation,7,S0013,517.2108333333333,205,525.3925
D_k9_1od_x1.2,mutation,8,S0025,517.9929166666667,201,532.00875
D_k9_1od_x1.2,mutation,8,S0025,517.9929166666667,202,530.03125
D_k9_1od_x1.2,mutation,8,S0025,517.9929166666667,203,529.38375
D_k9_1od_x1.2,mutation,8,S0025,517.9929166666667,204,530.4991666666666
D_k9_1od_x1.2,mutation,8,S0025,517.9929166666667,205,525.5445833333333
D_k9_1od_x1.2,mutation,9,S0021,518.7466666666667,201,532.24
D_k9_1od_x1.2,mutation,9,S0021,518.7466666666667,202,524.4295833333333
D_k9_1od_x1.2,mutation,9,S0021,518.7466666666667,203,529.25375
D_k9_1od_x1.2,mutation,9,S0021,518.7466666666667,204,524.2945833333333
D_k9_1od_x1.2,mutation,9,S0021,518.7466666666667,205,530.44625
D_k9_1od_x1.2,none,0,S0020,520.73875,201,532.7329166666667
D_k9_1od_x1.2,none,0,S0020,520.73875,202,520.2404166666666
D_k9_1od_x1.2,none,0,S0020,520.73875,203,524.1216666666667
D_k9_1od_x1.2,none,0,S0020,520.73875,204,523.9466666666667
D_k9_1od_x1.2,none,0,S0020,520.73875,205,522.8720833333333
D_k9_1od_x1.2,none,1,S0002,515.7016666666667,201,535.8329166666666
D_k9_1od_x1.2,none,1,S0002,515.7016666666667,202,522.60625
D_k9_1od_x1.2,none,1,S0002,515.7016666666667,203,531.0225
D_k9_1od_x1.2,none,1,S0002,515.7016666666667,204,528.2545833333334
D_k9_1od_x1.2,none,1,S0002,515.7016666666667,205,533.7108333333333
D_k9_1od_x1.2,none,2,S0005,517.5745833333333,201,527.93125
D_k9_1od_x1.2,none,2,S0005,517.5745833333333,202,527.8745833333334
D_k9_1od_x1.2,none,2,S0005,517.5745833333333,203,523.9175
D_k9_1od_x1.2,none,2,S0005,517.5745833333333,204,520.6320833333333
D_k9_1od_x1.2,none,2,S0005,517.5745833333333,205,521.4520833333333
D_k9_1od_x1.2,none,3,S0016,519.0095833333334,201,531.3675
D_k9_1od_x1.2,none,3,S0016,519.0095833333334,202,529.0141666666667
D_k9_1od_x1.2,none,3,S0016,519.0095833333334,203,525.5470833333334
D_k9_1od_x1.2,none,3,S0016,519.0095833333334,204,528.3370833333333
D_k9_1od_x1.2,none,3,S0016,519.0095833333334,205,535.1975
D_k9_1od_x1.2,none,4,S0019,514.9029166666667,201,534.8541666666666
D_k9_1od_x1.2,none,4,S0019,514.9029166666667,202,530.03125
D_k9_1od_x1.2,none,4,S0019,514.9029166666667,203,528.1108333333333
D_k9_1od_x1.2,none,4,S0019,514.9029166666667,204,533.5504166666667
D_k9_1od_x1.2,none,4,S0019,514.9029166666667,205,526.27
D_k9_1od_x1.2,none,5,S0006,520.14125,201,529.81375
D_k9_1od_x1.2,none,5,S0006,520.14125,202,533.1316666666667
D_k9_1od_x1.2,none,5,S0006,520.14125,203,530.56
D_k9_1od_x1.2,none,5,S0006,520.14125,204,533.0820833333333
D_k9_1od_x1.2,none,5,S0006,520.14125,205,525.82
D_k9_1od_x1.2,none,6,S0023,518.68375,201,526.9404166666667
D_k9_1od_x1.2,none,6,S0023,518.68375,202,523.2695833333333
D_k9_1od_x1.2,none,6,S0023,518.68375,203,525.9108333333334
D_k9_1od_x1.2,none,6,S0023,518.68375,204,521.8225
D_k9_1od_x1.2,none,6,S0023,518.68375,205,522.7625
D_k9_1od_x1.2,none,7,S0012,511.3041666666667,201,512.81875
D_k9_1od_x1.2,none,7,S0012,511.3041666666667,202,517.8970833333333
D_k9_1od_x1.2,none,7,S0012,511.3041666666667,203,513.6645833333333
D_k9_1od_x1.2,none,7,S0012,511.3041666666667,204,516.5916666666667
D_k9_1od_x1.2,none,7,S0012,511.3041666666667,205,512.8883333333333
D_k9_1od_x1.2,none,8,S0003,518.9979166666667,201,526.2220833333333
D_k9_1od_x1.2,none,8,S0003,518.9979166666667,202,531.935
D_k9_1od_x1.2,none,8,S0003,518.9979166666667,203,528.3758333333334
D_k9_1od_x1.2,none,8,S0003,518.9979166666667,204,529.3416666666667
D_k9_1od_x1.2,none,8,S0003,518.9979166666667,205,527.2616666666667
D_k9_1od_x1.2,none,9,S0028,516.8354166666667,201,528.7129166666666
D_k9_1od_x1.2,none,9,S0028,516.8354166666667,202,522.0466666666666
D_k9_1od_x1.2,none,9,S0028,516.8354166666667,203,530.1708333333333
D_k9_1od_x1.2,none,9,S0028,516.8354166666667,204,520.8816666666667
D_k9_1od_x1.2,none,9,S0028,516.8354166666667,205,525.6391666666667
D_k9_2od_x0.8,both,0,S0036,716.956875,201,733.9225
D_k9_2od_x0.8,both,0,S0036,716.956875,202,733.93125
D_k9_2od_x0.8,both,0,S0036,716.956875,203,736.998125
D_k9_2od_x0.8,both,0,S0036,716.956875,204,720.316875
D_k9_2od_x0.8,both,0,S0036,716.956875,205,728.5125
D_k9_2od_x0.8,both,1,S0018,716.855,201,719.815625
D_k9_2od_x0.8,both,1,S0018,716.855,202,728.83875
D_k9_2od_x0.8,both,1,S0018,716.855,203,740.855
D_k9_2od_x0.8,both,1,S0018,716.855,204,730.948125
D_k9_2od_x0.8,both,1,S0018,716.855,205,726.665625
D_k9_2od_x0.8,both,2,S0019,714.284375,201,722.01875
D_k9_2od_x0.8,both,2,S0019,714.284375,202,728.65375
D_k9_2od_x0.8,both,2,S0019,714.284375,203,727.62875
D_k9_2od_x0.8,both,2,S0019,714.284375,204,723.450625
D_k9_2od_x0.8,both,2,S0019,714.284375,205,720.92
D_k9_2od_x0.8,both,3,S0023,717.5075,201,739.24125
D_k9_2od_x0.8,both,3,S0023,717.5075,202,727.8175
D_k9_2od_x0.8,both,3,S0023,717.5075,203,731.56375
D_k9_2od_x0.8,both,3,S0023,717.5075,204,727.391875
D_k9_2od_x0.8,both,3,S0023,717.5075,205,733.080625
D_k9_2od_x0.8,both,4,S0029,717.065,201,729.860625
D_k9_2od_x0.8,both,4,S0029,717.065,202,726.49
D_k9_2od_x0.8,both,4,S0029,717.065,203,741.273125
D_k9_2od_x0.8,both,4,S0029,717.065,204,733.4975
D_k9_2od_x0.8,both,4,S0029,717.065,205,726.616875
D_k9_2od_x0.8,both,5,S0024,717.2675,201,725.619375
D_k9_2od_x0.8,both,5,S0024,717.2675,202,727.93375
D_k9_2od_x0.8,both,5,S0024,717.2675,203,731.19
D_k9_2od_x0.8,both,5,S0024,717.2675,204,729.686875
D_k9_2od_x0.8,both,5,S0024,717.2675,205,731.083125
D_k9_2od_x0.8,both,6,S0006,716.06375,201,722.01875
D_k9_2od_x0.8,both,6,S0006,716.06375,202,728.65375
D_k9_2od_x0.8,both,6,S0006,716.06375,203,727.62875
D_k9_2od_x0.8,both,6,S0006,716.06375,204,723.450625
D_k9_2od_x0.8,both,6,S0006,716.06375,205,720.92
D_k9_2od_x0.8,both,7,S0027,719.4875,201,729.154375
D_k9_2od_x0.8,both,7,S0027,719.4875,202,730.418125
D_k9_2od_x0.8,both,7,S0027,719.4875,203,728.62875
D_k9_2od_x0.8,both,7,S0027,719.4875,204,732.5275
D_k9_2od_x0.8,both,7,S0027,719.4875,205,737.67125
D_k9_2od_x0.8,both,8,S0005,717.489375,201,730.314375
D_k9_2od_x0.8,both,8,S0005,717.489375,202,729.11375
D_k9_2od_x0.8,both,8,S0005,717.489375,203,721.904375
D_k9_2od_x0.8,both,8,S0005,717.489375,204,725.85
D_k9_2od_x0.8,both,8,S0005,717.489375,205,719.93625
D_k9_2od_x0.8,both,9,S0016,716.145,201,722.925625
D_k9_2od_x0.8,both,9,S0016,716.145,202,730.659375
D_k9_2od_x0.8,both,9,S0016,716.145,203,730.30125
D_k9_2od_x0.8,both,9,S0016,716.145,204,732.23625
D_k9_2od_x0.8,both,9,S0016,716.145,205,729.3675
D_k9_2od_x0.8,init,0,S0021,718.7725,201,737.9575
D_k9_2od_x0.8,init,0,S0021,718.7725,202,736.3575
D_k9_2od_x0.8,init,0,S0021,718.7725,203,724.38125
D_k9_2od_x0.8,init,0,S0021,718.7725,204,729.60125
D_k9_2od_x0.8,init,0,S0021,718.7725,205,728.41875
D_k9_2od_x0.8,init,1,S0035,719.055625,201,735.35375
D_k9_2od_x0.8,init,1,S0035,719.055625,202,720.37375
D_k9_2od_x0.8,init,1,S0035,719.055625,203,728.941875
D_k9_2od_x0.8,init,1,S0035,719.055625,204,722.473125
D_k9_2od_x0.8,init,1,S0035,719.055625,205,719.20875
D_k9_2od_x0.8,init,2,S0034,715.57375,201,727.81
D_k9_2od_x0.8,init,2,S0034,715.57375,202,733.114375
D_k9_2od_x0.8,init,2,S0034,715.57375,203,733.9175
D_k9_2od_x0.8,init,2,S0034,715.57375,204,726.899375
D_k9_2od_x0.8,init,2,S0034,715.57375,205,725.1075
D_k9_2od_x0.8,init,3,S0004,719.4875,201,729.154375
D_k9_2od_x0.8,init,3,S0004,719.4875,202,730.418125
D_k9_2od_x0.8,init,3,S0004,719.4875,203,728.62875
D_k9_2od_x0.8,init,3,S0004,719.4875,204,732.5275
D_k9_2od_x0.8,init,3,S0004,719.4875,205,737.67125
D_k9_2od_x0.8,init,4,S0002,717.5075,201,739.24125
D_k9_2od_x0.8,init,4,S0002,717.5075,202,730.0575
D_k9_2od_x0.8,init,4,S0002,717.5075,203,730.5875
D_k9_2od_x0.8,init,4,S0002,717.5075,204,727.391875
D_k9_2od_x0.8,init,4,S0002,717.5075,205,733.080625
D_k9_2od_x0.8,init,5,S0012,720.145,201,729.4625
D_k9_2od_x0.8,init,5,S0012,720.145,202,728.598125
D_k9_2od_x0.8,init,5,S0012,720.145,203,727.009375
D_k9_2od_x0.8,init,5,S0012,720.145,204,740.884375
D_k9_2od_x0.8,init,5,S0012,720.145,205,723.22125
D_k9_2od_x0.8,init,6,S0026,717.5075,201,725.173125
D_k9_2od_x0.8,init,6,S0026,717.5075,202,727.8175
D_k9_2od_x0.8,init,6,S0026,717.5075,203,731.56375
D_k9_2od_x0.8,init,6,S0026,717.5075,204,727.391875
D_k9_2od_x0.8,init,6,S0026,717.5075,205,733.080625
D_k9_2od_x0.8,init,7,S0028,717.265,201,727.1575
D_k9_2od_x0.8,init,7,S0028,717.265,202,733.7925
D_k9_2od_x0.8,init,7,S0028,717.265,203,727.045
D_k9_2od_x0.8,init,7,S0028,717.265,204,727.00125
D_k9_2od_x0.8,init,7,S0028,717.265,205,731.968125
D_k9_2od_x0.8,init,8,S0022,716.5925,201,726.908125
D_k9_2od_x0.8,init,8,S0022,716.5925,202,743.898125
D_k9_2od_x0.8,init,8,S0022,716.5925,203,728.53
D_k9_2od_x0.8,init,8,S0022,716.5925,204,730.374375
D_k9_2od_x0.8,init,8,S0022,716.5925,205,729.86875
D_k9_2od_x0.8,init,9,S0033,716.73625,201,724.98875
D_k9_2od_x0.8,init,9,S0033,716.73625,202,726.463125
D_k9_2od_x0.8,init,9,S0033,716.73625,203,732.61125
D_k9_2od_x0.8,init,9,S0033,716.73625,204,723.36
D_k9_2od_x0.8,init,9,S0033,716.73625,205,719.671875
D_k9_2od_x0.8,mutation,0,S0008,717.5075,201,739.24125
D_k9_2od_x0.8,mutation,0,S0008,717.5075,202,735.82375
D_k9_2od_x0.8,mutation,0,S0008,717.5075,203,731.56375
D_k9_2od_x0.8,mutation,0,S0008,717.5075,204,727.391875
D_k9_2od_x0.8,mutation,0,S0008,717.5075,205,733.080625
D_k9_2od_x0.8,mutation,1,S0010,717.5475,201,728.42625
D_k9_2od_x0.8,mutation,1,S0010,717.5475,202,737.304375
D_k9_2od_x0.8,mutation,1,S0010,717.5475,203,737.258125
D_k9_2od_x0.8,mutation,1,S0010,717.5475,204,730.6275
D_k9_2od_x0.8,mutation,1,S0010,717.5475,205,729.49
D_k9_2od_x0.8,mutation,2,S0017,717.5075,201,729.54125
D_k9_2od_x0.8,mutation,2,S0017,717.5075,202,732.774375
D_k9_2od_x0.8,mutation,2,S0017,717.5075,203,735.859375
D_k9_2od_x0.8,mutation,2,S0017,717.5075,204,730.104375
D_k9_2od_x0.8,mutation,2,S0017,717.5075,205,730.654375
D_k9_2od_x0.8,mutation,3,S0031,717.5075,201,730.985
D_k9_2od_x0.8,mutation,3,S0031,717.5075,202,727.8175
D_k9_2od_x0.8,mutation,3,S0031,717.5075,203,731.56375
D_k9_2od_x0.8,mutation,3,S0031,717.5075,204,727.391875
D_k9_2od_x0.8,mutation,3,S0031,717.5075,205,733.080625
D_k9_2od_x0.8,mutation,4,S0015,716.145,201,722.925625
D_k9_2od_x0.8,mutation,4,S0015,716.145,202,730.659375
D_k9_2od_x0.8,mutation,4,S0015,716.145,203,730.30125
D_k9_2od_x0.8,mutation,4,S0015,716.145,204,730.470625
D_k9_2od_x0.8,mutation,4,S0015,716.145,205,728.445625
D_k9_2od_x0.8,mutation,5,S0014,718.514375,201,722.599375
D_k9_2od_x0.8,mutation,5,S0014,718.514375,202,721.419375
D_k9_2od_x0.8,mutation,5,S0014,718.514375,203,736.084375
D_k9_2od_x0.8,mutation,5,S0014,718.514375,204,725.358125
D_k9_2od_x0.8,mutation,5,S0014,718.514375,205,721.581875
D_k9_2od_x0.8,mutation,6,S0025,714.8525,201,732.004375
D_k9_2od_x0.8,mutation,6,S0025,714.8525,202,732.86125
D_k9_2od_x0.8,mutation,6,S0025,714.8525,203,736.97125
D_k9_2od_x0.8,mutation,6,S0025,714.8525,204,733.213125
D_k9_2od_x0.8,mutation,6,S0025,714.8525,205,725.143125
D_k9_2od_x0.8,mutation,7,S0039,716.089375,201,736.04625
D_k9_2od_x0.8,mutation,7,S0039,716.089375,202,729.640625
D_k9_2od_x0.8,mutation,7,S0039,716.089375,203,729.70125
D_k9_2od_x0.8,mutation,7,S0039,716.089375,204,724.905625
D_k9_2od_x0.8,mutation,7,S0039,716.089375,205,716.115
D_k9_2od_x0.8,mutation,8,S0011,716.06375,201,722.01875
D_k9_2od_x0.8,mutation,8,S0011,716.06375,202,728.65375
D_k9_2od_x0.8,mutation,8,S0011,716.06375,203,727.62875
D_k9_2od_x0.8,mutation,8,S0011,716.06375,204,723.450625
D_k9_2od_x0.8,mutation,8,S0011,716.06375,205,720.92
D_k9_2od_x0.8,mutation,9,S0038,717.399375,201,750.12375
D_k9_2od_x0.8,mutation,9,S0038,717.399375,202,734.963125
D_k9_2od_x0.8,mutation,9,S0038,717.399375,203,737.7525
D_k9_2od_x0.8,mutation,9,S0038,717.399375,204,730.850625
D_k9_2od_x0.8,mutation,9,S0038,717.399375,205,729.643125
D_k9_2od_x0.8,none,0,S0009,717.183125,201,724.991875
D_k9_2od_x0.8,none,0,S0009,717.183125,202,731.020625
D_k9_2od_x0.8,none,0,S0009,717.183125,203,733.041875
D_k9_2od_x0.8,none,0,S0009,717.183125,204,736.721875
D_k9_2od_x0.8,none,0,S0009,717.183125,205,727.889375
D_k9_2od_x0.8,none,1,S0000,718.514375,201,730.79375
D_k9_2od_x0.8,none,1,S0000,718.514375,202,729.11625
D_k9_2od_x0.8,none,1,S0000,718.514375,203,735.23125
D_k9_2od_x0.8,none,1,S0000,718.514375,204,736.60875
D_k9_2od_x0.8,none,1,S0000,718.514375,205,727.263125
D_k9_2od_x0.8,none,2,S0001,718.615625,201,732.0225
D_k9_2od_x0.8,none,2,S0001,718.615625,202,737.056875
D_k9_2od_x0.8,none,2,S0001,718.615625,203,737.018125
D_k9_2od_x0.8,none,2,S0001,718.615625,204,730.00375
D_k9_2od_x0.8,none,2,S0001,718.615625,205,742.834375
D_k9_2od_x0.8,none,3,S0032,712.440625,201,720.240625
D_k9_2od_x0.8,none,3,S0032,712.440625,202,725.6625
D_k9_2od_x0.8,none,3,S0032,712.440625,203,738.3025
D_k9_2od_x0.8,none,3,S0032,712.440625,204,721.124375
D_k9_2od_x0.8,none,3,S0032,712.440625,205,721.69625
D_k9_2od_x0.8,none,4,S0020,717.878125,201,730.823125
D_k9_2od_x0.8,none,4,S0020,717.878125,202,724.365
D_k9_2od_x0.8,none,4,S0020,717.878125,203,739.3575
D_k9_2od_x0.8,none,4,S0020,717.878125,204,731.106875
D_k9_2od_x0.8,none,4,S0020,717.878125,205,733.7875
D_k9_2od_x0.8,none,5,S0013,718.92625,201,732.1525
D_k9_2od_x0.8,none,5,S0013,718.92625,202,725.76375
D_k9_2od_x0.8,none,5,S0013,718.92625,203,733.256875
D_k9_2od_x0.8,none,5,S0013,718.92625,204,730.576875
D_k9_2od_x0.8,none,5,S0013,718.92625,205,727.91375
D_k9_2od_x0.8,none,6,S0037,716.34125,201,717.016875
D_k9_2od_x0.8,none,6,S0037,716.34125,202,730.0025
D_k9_2od_x0.8,none,6,S0037,716.34125,203,725.535625
D_k9_2od_x0.8,none,6,S0037,716.34125,204,727.566875
D_k9_2od_x0.8,none,6,S0037,716.34125,205,721.33125
D_k9_2od_x0.8,none,7,S0030,719.93375,201,729.460625
D_k9_2od_x0.8,none,7,S0030,719.93375,202,736.625
D_k9_2od_x0.8,none,7,S0030,719.93375,203,730.035
D_k9_2od_x0.8,none,7,S0030,719.93375,204,723.141875
D_k9_2od_x0.8,none,7,S0030,719.93375,205,727.83
D_k9_2od_x0.8,none,8,S0003,720.985625,201,735.841875
D_k9_2od_x0.8,none,8,S0003,720.985625,202,735.183125
D_k9_2od_x0.8,none,8,S0003,720.985625,203,738.31875
D_k9_2od_x0.8,none,8,S0003,720.985625,204,741.77625
D_k9_2od_x0.8,none,8,S0003,720.985625,205,753.7775
D_k9_2od_x0.8,none,9,S0007,719.290625,201,730.775
D_k9_2od_x0.8,none,9,S0007,719.290625,202,735.825625
D_k9_2od_x0.8,none,9,S0007,719.290625,203,728.59375
D_k9_2od_x0.8,none,9,S0007,719.290625,204,729.183125
D_k9_2od_x0.8,none,9,S0007,719.290625,205,727.635625
D_k9_2od_x1.0,both,0,S0007,724.3435,201,736.02
D_k9_2od_x1.0,both,0,S0007,724.3435,202,739.559
D_k9_2od_x1.0,both,0,S0007,724.3435,203,738.4855
D_k9_2od_x1.0,both,0,S0007,724.3435,204,727.5125
D_k9_2od_x1.0,both,0,S0007,724.3435,205,734.1795
D_k9_2od_x1.0,both,1,S0010,723.3745,201,739.889
D_k9_2od_x1.0,both,1,S0010,723.3745,202,738.5865
D_k9_2od_x1.0,both,1,S0010,723.3745,203,738.681
D_k9_2od_x1.0,both,1,S0010,723.3745,204,736.436
D_k9_2od_x1.0,both,1,S0010,723.3745,205,742.0875
D_k9_2od_x1.0,both,2,S0026,727.7125,201,741.521
D_k9_2od_x1.0,both,2,S0026,727.7125,202,741.253
D_k9_2od_x1.0,both,2,S0026,727.7125,203,742.876
D_k9_2od_x1.0,both,2,S0026,727.7125,204,743.9395
D_k9_2od_x1.0,both,2,S0026,727.7125,205,733.147
D_k9_2od_x1.0,both,3,S0015,727.4415,201,732.662
D_k9_2od_x1.0,both,3,S0015,727.4415,202,738.426
D_k9_2od_x1.0,both,3,S0015,727.4415,203,745.131
D_k9_2od_x1.0,both,3,S0015,727.4415,204,738.998
D_k9_2od_x1.0,both,3,S0015,727.4415,205,733.7715
D_k9_2od_x1.0,both,4,S0002,726.104,201,730.428
D_k9_2od_x1.0,both,4,S0002,726.104,202,734.0995
D_k9_2od_x1.0,both,4,S0002,726.104,203,738.896
D_k9_2od_x1.0,both,4,S0002,726.104,204,728.8075
D_k9_2od_x1.0,both,4,S0002,726.104,205,737.9305
D_k9_2od_x1.0,both,5,S0034,727.3835,201,742.1685
D_k9_2od_x1.0,both,5,S0034,727.3835,202,735.935
D_k9_2od_x1.0,both,5,S0034,727.3835,203,739.22
D_k9_2od_x1.0,both,5,S0034,727.3835,204,736.453
D_k9_2od_x1.0,both,5,S0034,727.3835,205,737.221
D_k9_2od_x1.0,both,6,S0005,730.5425,201,742.694
D_k9_2od_x1.0,both,6,S0005,730.5425,202,741.121
D_k9_2od_x1.0,both,6,S0005,730.5425,203,743.382
D_k9_2od_x1.0,both,6,S0005,730.5425,204,737.069
D_k9_2od_x1.0,both,6,S0005,730.5425,205,735.921
D_k9_2od_x1.0,both,7,S0001,728.515,201,743.006
D_k9_2od_x1.0,both,7,S0001,728.515,202,746.573
D_k9_2od_x1.0,both,7,S0001,728.515,203,744.204
D_k9_2od_x1.0,both,7,S0001,728.515,204,736.3465
D_k9_2od_x1.0,both,7,S0001,728.515,205,740.82
D_k9_2od_x1.0,both,8,S0017,722.654,201,731.41
D_k9_2od_x1.0,both,8,S0017,722.654,202,742.217
D_k9_2od_x1.0,both,8,S0017,722.654,203,737.491
D_k9_2od_x1.0,both,8,S0017,722.654,204,728.2065
D_k9_2od_x1.0,both,8,S0017,722.654,205,727.4165
D_k9_2od_x1.0,both,9,S0025,727.3145,201,733.83
D_k9_2od_x1.0,both,9,S0025,727.3145,202,740.5805
D_k9_2od_x1.0,both,9,S0025,727.3145,203,748.49
D_k9_2od_x1.0,both,9,S0025,727.3145,204,740.307
D_k9_2od_x1.0,both,9,S0025,727.3145,205,738.7345
D_k9_2od_x1.0,init,0,S0032,727.4425,201,744.657
D_k9_2od_x1.0,init,0,S0032,727.4425,202,743.0905
D_k9_2od_x1.0,init,0,S0032,727.4425,203,742.046
D_k9_2od_x1.0,init,0,S0032,727.4425,204,736.6925
D_k9_2od_x1.0,init,0,S0032,727.4425,205,734.1315
D_k9_2od_x1.0,init,1,S0008,725.236,201,740.899
D_k9_2od_x1.0,init,1,S0008,725.236,202,742.5475
D_k9_2od_x1.0,init,1,S0008,725.236,203,735.174
D_k9_2od_x1.0,init,1,S0008,725.236,204,738.3885
D_k9_2od_x1.0,init,1,S0008,725.236,205,739.462
D_k9_2od_x1.0,init,2,S0020,728.41,201,730.132
D_k9_2od_x1.0,init,2,S0020,728.41,202,740.253
D_k9_2od_x1.0,init,2,S0020,728.41,203,739.3305
D_k9_2od_x1.0,init,2,S0020,728.41,204,729.777
D_k9_2od_x1.0,init,2,S0020,728.41,205,734.664
D_k9_2od_x1.0,init,3,S0019,728.48,201,730.496
D_k9_2od_x1.0,init,3,S0019,728.48,202,742.374
D_k9_2od_x1.0,init,3,S0019,728.48,203,735.711
D_k9_2od_x1.0,init,3,S0019,728.48,204,738.875
D_k9_2od_x1.0,init,3,S0019,728.48,205,740.609
D_k9_2od_x1.0,init,4,S0016,729.3305,201,740.6355
D_k9_2od_x1.0,init,4,S0016,729.3305,202,739.767
D_k9_2od_x1.0,init,4,S0016,729.3305,203,734.003
D_k9_2od_x1.0,init,4,S0016,729.3305,204,735.493
D_k9_2od_x1.0,init,4,S0016,729.3305,205,740.113
D_k9_2od_x1.0,init,5,S0000,728.6105,201,734.842
D_k9_2od_x1.0,init,5,S0000,728.6105,202,744.243
D_k9_2od_x1.0,init,5,S0000,728.6105,203,731.486
D_k9_2od_x1.0,init,5,S0000,728.6105,204,739.6095
D_k9_2od_x1.0,init,5,S0000,728.6105,205,736.634
D_k9_2od_x1.0,init,6,S0023,726.7515,201,735.402
D_k9_2od_x1.0,init,6,S0023,726.7515,202,737.136
D_k9_2od_x1.0,init,6,S0023,726.7515,203,740.1495
D_k9_2od_x1.0,init,6,S0023,726.7515,204,735.387
D_k9_2od_x1.0,init,6,S0023,726.7515,205,730.1105
D_k9_2od_x1.0,init,7,S0022,725.428,201,744.4715
D_k9_2od_x1.0,init,7,S0022,725.428,202,740.594
D_k9_2od_x1.0,init,7,S0022,725.428,203,742.092
D_k9_2od_x1.0,init,7,S0022,725.428,204,743.0205
D_k9_2od_x1.0,init,7,S0022,725.428,205,735.6045
D_k9_2od_x1.0,init,8,S0018,726.179,201,734.027
D_k9_2od_x1.0,init,8,S0018,726.179,202,742.4345
D_k9_2od_x1.0,init,8,S0018,726.179,203,743.4445
D_k9_2od_x1.0,init,8,S0018,726.179,204,745.5335
D_k9_2od_x1.0,init,8,S0018,726.179,205,743.266
D_k9_2od_x1.0,init,9,S0024,728.1235,201,750.1605
D_k9_2od_x1.0,init,9,S0024,728.1235,202,742.348
D_k9_2od_x1.0,init,9,S0024,728.1235,203,755.04
D_k9_2od_x1.0,init,9,S0024,728.1235,204,742.1685
D_k9_2od_x1.0,init,9,S0024,728.1235,205,748.608
D_k9_2od_x1.0,mutation,0,S0027,726.7585,201,745.2105
D_k9_2od_x1.0,mutation,0,S0027,726.7585,202,740.703
D_k9_2od_x1.0,mutation,0,S0027,726.7585,203,738.802
D_k9_2od_x1.0,mutation,0,S0027,726.7585,204,730.902
D_k9_2od_x1.0,mutation,0,S0027,726.7585,205,735.1655
D_k9_2od_x1.0,mutation,1,S0035,727.17,201,730.6055
D_k9_2od_x1.0,mutation,1,S0035,727.17,202,737.0065
D_k9_2od_x1.0,mutation,1,S0035,727.17,203,745.0905
D_k9_2od_x1.0,mutation,1,S0035,727.17,204,731.207
D_k9_2od_x1.0,mutation,1,S0035,727.17,205,732.074
D_k9_2od_x1.0,mutation,2,S0013,725.1895,201,741.088
D_k9_2od_x1.0,mutation,2,S0013,725.1895,202,739.048
D_k9_2od_x1.0,mutation,2,S0013,725.1895,203,746.1325
D_k9_2od_x1.0,mutation,2,S0013,725.1895,204,734.2685
D_k9_2od_x1.0,mutation,2,S0013,725.1895,205,737.3385
D_k9_2od_x1.0,mutation,3,S0038,724.7415,201,733.708
D_k9_2od_x1.0,mutation,3,S0038,724.7415,202,738.851
D_k9_2od_x1.0,mutation,3,S0038,724.7415,203,734.856
D_k9_2od_x1.0,mutation,3,S0038,724.7415,204,730.128
D_k9_2od_x1.0,mutation,3,S0038,724.7415,205,733.209
D_k9_2od_x1.0,mutation,4,S0037,725.8335,201,741.744
D_k9_2od_x1.0,mutation,4,S0037,725.8335,202,740.264
D_k9_2od_x1.0,mutation,4,S0037,725.8335,203,742.647
D_k9_2od_x1.0,mutation,4,S0037,725.8335,204,737.6335
D_k9_2od_x1.0,mutation,4,S0037,725.8335,205,736.231
D_k9_2od_x1.0,mutation,5,S0031,727.704,201,732.273
D_k9_2od_x1.0,mutation,5,S0031,727.704,202,730.1635
D_k9_2od_x1.0,mutation,5,S0031,727.704,203,738.98
D_k9_2od_x1.0,mutation,5,S0031,727.704,204,731.0295
D_k9_2od_x1.0,mutation,5,S0031,727.704,205,737.8715
D_k9_2od_x1.0,mutation,6,S0006,730.2095,201,728.7575
D_k9_2od_x1.0,mutation,6,S0006,730.2095,202,739.3745
D_k9_2od_x1.0,mutation,6,S0006,730.2095,203,734.8905
D_k9_2od_x1.0,mutation,6,S0006,730.2095,204,743.4895
D_k9_2od_x1.0,mutation,6,S0006,730.2095,205,739.898
D_k9_2od_x1.0,mutation,7,S0030,725.9875,201,735.0625
D_k9_2od_x1.0,mutation,7,S0030,725.9875,202,734.569
D_k9_2od_x1.0,mutation,7,S0030,725.9875,203,729.9715
D_k9_2od_x1.0,mutation,7,S0030,725.9875,204,733.823
D_k9_2od_x1.0,mutation,7,S0030,725.9875,205,731.468
D_k9_2od_x1.0,mutation,8,S0014,727.8155,201,733.059
D_k9_2od_x1.0,mutation,8,S0014,727.8155,202,739.408
D_k9_2od_x1.0,mutation,8,S0014,727.8155,203,735.345
D_k9_2od_x1.0,mutation,8,S0014,727.8155,204,741.2735
D_k9_2od_x1.0,mutation,8,S0014,727.8155,205,740.9645
D_k9_2od_x1.0,mutation,9,S0011,723.754,201,734.979
D_k9_2od_x1.0,mutation,9,S0011,723.754,202,738.028
D_k9_2od_x1.0,mutation,9,S0011,723.754,203,747.589
D_k9_2od_x1.0,mutation,9,S0011,723.754,204,740.889
D_k9_2od_x1.0,mutation,9,S0011,723.754,205,734.6065
D_k9_2od_x1.0,none,0,S0028,729.136,201,737.2785
D_k9_2od_x1.0,none,0,S0028,729.136,202,739.5525
D_k9_2od_x1.0,none,0,S0028,729.136,203,739.979
D_k9_2od_x1.0,none,0,S0028,729.136,204,740.737
D_k9_2od_x1.0,none,0,S0028,729.136,205,731.462
D_k9_2od_x1.0,none,1,S0003,724.9385,201,736.4215
D_k9_2od_x1.0,none,1,S0003,724.9385,202,735.5015
D_k9_2od_x1.0,none,1,S0003,724.9385,203,734.999
D_k9_2od_x1.0,none,1,S0003,724.9385,204,742.3455
D_k9_2od_x1.0,none,1,S0003,724.9385,205,734.187
D_k9_2od_x1.0,none,2,S0012,727.3145,201,733.83
D_k9_2od_x1.0,none,2,S0012,727.3145,202,740.5805
D_k9_2od_x1.0,none,2,S0012,727.3145,203,744.39
D_k9_2od_x1.0,none,2,S0012,727.3145,204,740.307
D_k9_2od_x1.0,none,2,S0012,727.3145,205,738.7345
D_k9_2od_x1.0,none,3,S0036,728.3575,201,743.0635
D_k9_2od_x1.0,none,3,S0036,728.3575,202,746.847
D_k9_2od_x1.0,none,3,S0036,728.3575,203,754.1715
D_k9_2od_x1.0,none,3,S0036,728.3575,204,746.9345
D_k9_2od_x1.0,none,3,S0036,728.3575,205,741.4595
D_k9_2od_x1.0,none,4,S0021,727.9375,201,734.6775
D_k9_2od_x1.0,none,4,S0021,727.9375,202,735.9765
D_k9_2od_x1.0,none,4,S0021,727.9375,203,740.528
D_k9_2od_x1.0,none,4,S0021,727.9375,204,743.261
D_k9_2od_x1.0,none,4,S0021,727.9375,205,731.6695
D_k9_2od_x1.0,none,5,S0029,727.6875,201,734.902
D_k9_2od_x1.0,none,5,S0029,727.6875,202,737.2365
D_k9_2od_x1.0,none,5,S0029,727.6875,203,740.8985
D_k9_2od_x1.0,none,5,S0029,727.6875,204,738.008
D_k9_2od_x1.0,none,5,S0029,727.6875,205,743.893
D_k9_2od_x1.0,none,6,S0004,725.479,201,736.7395
D_k9_2od_x1.0,none,6,S0004,725.479,202,738.5955
D_k9_2od_x1.0,none,6,S0004,725.479,203,743.943
D_k9_2od_x1.0,none,6,S0004,725.479,204,742.102
D_k9_2od_x1.0,none,6,S0004,725.479,205,738.407
D_k9_2od_x1.0,none,7,S0039,729.727,201,734.9155
D_k9_2od_x1.0,none,7,S0039,729.727,202,734.6645
D_k9_2od_x1.0,none,7,S0039,729.727,203,731.0325
D_k9_2od_x1.0,none,7,S0039,729.727,204,732.254
D_k9_2od_x1.0,none,7,S0039,729.727,205,736.812
D_k9_2od_x1.0,none,8,S0033,727.609,201,747.655
D_k9_2od_x1.0,none,8,S0033,727.609,202,736.932
D_k9_2od_x1.0,none,8,S0033,727.609,203,734.6485
D_k9_2od_x1.0,none,8,S0033,727.609,204,736.785
D_k9_2od_x1.0,none,8,S0033,727.609,205,736.399
D_k9_2od_x1.0,none,9,S0009,726.042,201,736.097
D_k9_2od_x1.0,none,9,S0009,726.042,202,740.436
D_k9_2od_x1.0,none,9,S0009,726.042,203,742.286
D_k9_2od_x1.0,none,9,S0009,726.042,204,734.821
D_k9_2od_x1.0,none,9,S0009,726.042,205,738.44
D_k9_2od_x1.2,both,0,S0037,729.705,201,737.67875
D_k9_2od_x1.2,both,0,S0037,729.705,202,742.50125
D_k9_2od_x1.2,both,0,S0037,729.705,203,742.73625
D_k9_2od_x1.2,both,0,S0037,729.705,204,742.2183333333334
D_k9_2od_x1.2,both,0,S0037,729.705,205,738.5204166666666
D_k9_2od_x1.2,both,1,S0007,732.0695833333333,201,742.2158333333333
D_k9_2od_x1.2,both,1,S0007,732.0695833333333,202,736.0383333333333
D_k9_2od_x1.2,both,1,S0007,732.0695833333333,203,742.6479166666667
D_k9_2od_x1.2,both,1,S0007,732.0695833333333,204,741.61875
D_k9_2od_x1.2,both,1,S0007,732.0695833333333,205,736.0191666666667
D_k9_2od_x1.2,both,2,S0036,731.5441666666667,201,739.375
D_k9_2od_x1.2,both,2,S0036,731.5441666666667,202,737.3258333333333
D_k9_2od_x1.2,both,2,S0036,731.5441666666667,203,743.2833333333333
D_k9_2od_x1.2,both,2,S0036,731.5441666666667,204,737.755
D_k9_2od_x1.2,both,2,S0036,731.5441666666667,205,733.9658333333333
D_k9_2od_x1.2,both,3,S0012,735.08625,201,746.9316666666666
D_k9_2od_x1.2,both,3,S0012,735.08625,202,747.5408333333334
D_k9_2od_x1.2,both,3,S0012,735.08625,203,749.3670833333333
D_k9_2od_x1.2,both,3,S0012,735.08625,204,743.6354166666666
D_k9_2od_x1.2,both,3,S0012,735.08625,205,740.6075
D_k9_2od_x1.2,both,4,S0004,732.8408333333333,201,733.59125
D_k9_2od_x1.2,both,4,S0004,732.8408333333333,202,738.24375
D_k9_2od_x1.2,both,4,S0004,732.8408333333333,203,738.9979166666667
D_k9_2od_x1.2,both,4,S0004,732.8408333333333,204,737.2679166666667
D_k9_2od_x1.2,both,4,S0004,732.8408333333333,205,736.66375
D_k9_2od_x1.2,both,5,S0032,729.705,201,737.67875
D_k9_2od_x1.2,both,5,S0032,729.705,202,741.5033333333333
D_k9_2od_x1.2,both,5,S0032,729.705,203,742.73625
D_k9_2od_x1.2,both,5,S0032,729.705,204,742.2183333333334
D_k9_2od_x1.2,both,5,S0032,729.705,205,734.7625
D_k9_2od_x1.2,both,6,S0022,733.5966666666667,201,746.6091666666666
D_k9_2od_x1.2,both,6,S0022,733.5966666666667,202,738.7275
D_k9_2od_x1.2,both,6,S0022,733.5966666666667,203,745.08125
D_k9_2od_x1.2,both,6,S0022,733.5966666666667,204,736.505
D_k9_2od_x1.2,both,6,S0022,733.5966666666667,205,739.5641666666667
D_k9_2od_x1.2,both,7,S0011,730.7295833333334,201,735.7016666666667
D_k9_2od_x1.2,both,7,S0011,730.7295833333334,202,740.3691666666666
D_k9_2od_x1.2,both,7,S0011,730.7295833333334,203,732.6566666666666
D_k9_2od_x1.2,both,7,S0011,730.7295833333334,204,739.9708333333333
D_k9_2od_x1.2,both,7,S0011,730.7295833333334,205,732.1995833333333
D_k9_2od_x1.2,both,8,S0027,733.84625,201,748.1004166666667
D_k9_2od_x1.2,both,8,S0027,733.84625,202,740.81625
D_k9_2od_x1.2,both,8,S0027,733.84625,203,746.3116666666666
D_k9_2od_x1.2,both,8,S0027,733.84625,204,746.0508333333333
D_k9_2od_x1.2,both,8,S0027,733.84625,205,744.2345833333334
D_k9_2od_x1.2,both,9,S0030,733.9666666666667,201,741.0470833333334
D_k9_2od_x1.2,both,9,S0030,733.9666666666667,202,736.83375
D_k9_2od_x1.2,both,9,S0030,733.9666666666667,203,746.53875
D_k9_2od_x1.2,both,9,S0030,733.9666666666667,204,740.9295833333333
D_k9_2od_x1.2,both,9,S0030,733.9666666666667,205,734.3858333333334
D_k9_2od_x1.2,init,0,S0009,734.0291666666667,201,739.24125
D_k9_2od_x1.2,init,0,S0009,734.0291666666667,202,750.6329166666667
D_k9_2od_x1.2,init,0,S0009,734.0291666666667,203,741.3604166666667
D_k9_2od_x1.2,init,0,S0009,734.0291666666667,204,743.0383333333333
D_k9_2od_x1.2,init,0,S0009,734.0291666666667,205,742.075
D_k9_2od_x1.2,init,1,S0021,734.5316666666666,201,738.85875
D_k9_2od_x1.2,init,1,S0021,734.5316666666666,202,746.39125
D_k9_2od_x1.2,init,1,S0021,734.5316666666666,203,742.2204166666667
D_k9_2od_x1.2,init,1,S0021,734.5316666666666,204,745.0033333333333
D_k9_2od_x1.2,init,1,S0021,734.5316666666666,205,739.6220833333333
D_k9_2od_x1.2,init,2,S0024,730.4533333333334,201,733.7725
D_k9_2od_x1.2,init,2,S0024,730.4533333333334,202,736.7533333333333
D_k9_2od_x1.2,init,2,S0024,730.4533333333334,203,739.3466666666667
D_k9_2od_x1.2,init,2,S0024,730.4533333333334,204,740.5841666666666
D_k9_2od_x1.2,init,2,S0024,730.4533333333334,205,742.4166666666666
D_k9_2od_x1.2,init,3,S0015,733.7645833333333,201,737.27375
D_k9_2od_x1.2,init,3,S0015,733.7645833333333,202,742.5945833333334
D_k9_2od_x1.2,init,3,S0015,733.7645833333333,203,736.8654166666666
D_k9_2od_x1.2,init,3,S0015,733.7645833333333,204,738.41375
D_k9_2od_x1.2,init,3,S0015,733.7645833333333,205,736.8104166666667
D_k9_2od_x1.2,init,4,S0028,731.9195833333333,201,738.2216666666667
D_k9_2od_x1.2,init,4,S0028,731.9195833333333,202,738.7308333333333
D_k9_2od_x1.2,init,4,S0028,731.9195833333333,203,729.9116666666666
D_k9_2od_x1.2,init,4,S0028,731.9195833333333,204,738.6020833333333
D_k9_2od_x1.2,init,4,S0028,731.9195833333333,205,738.90125
D_k9_2od_x1.2,init,5,S0008,732.4029166666667,201,740.39
D_k9_2od_x1.2,init,5,S0008,732.4029166666667,202,735.37125
D_k9_2od_x1.2,init,5,S0008,732.4029166666667,203,753.5483333333333
D_k9_2od_x1.2,init,5,S0008,732.4029166666667,204,745.0816666666667
D_k9_2od_x1.2,init,5,S0008,732.4029166666667,205,742.8179166666666
D_k9_2od_x1.2,init,6,S0018,730.7604166666666,201,740.3583333333333
D_k9_2od_x1.2,init,6,S0018,730.7604166666666,202,737.47375
D_k9_2od_x1.2,init,6,S0018,730.7604166666666,203,736.90875
D_k9_2od_x1.2,init,6,S0018,730.7604166666666,204,734.8183333333334
D_k9_2od_x1.2,init,6,S0018,730.7604166666666,205,731.7133333333334
D_k9_2od_x1.2,init,7,S0038,734.755,201,742.7704166666666
D_k9_2od_x1.2,init,7,S0038,734.755,202,746.8579166666667
D_k9_2od_x1.2,init,7,S0038,734.755,203,747.5516666666666
D_k9_2od_x1.2,init,7,S0038,734.755,204,746.92375
D_k9_2od_x1.2,init,7,S0038,734.755,205,741.0766666666667
D_k9_2od_x1.2,init,8,S0025,730.4804166666667,201,745.035
D_k9_2od_x1.2,init,8,S0025,730.4804166666667,202,742.2875
D_k9_2od_x1.2,init,8,S0025,730.4804166666667,203,741.2954166666667
D_k9_2od_x1.2,init,8,S0025,730.4804166666667,204,739.6645833333333
D_k9_2od_x1.2,init,8,S0025,730.4804166666667,205,739.55125
D_k9_2od_x1.2,init,9,S0031,734.8370833333333,201,741.1833333333333
D_k9_2od_x1.2,init,9,S0031,734.8370833333333,202,737.9779166666667
D_k9_2od_x1.2,init,9,S0031,734.8370833333333,203,737.47
D_k9_2od_x1.2,init,9,S0031,734.8370833333333,204,742.5570833333334
D_k9_2od_x1.2,init,9,S0031,734.8370833333333,205,744.8354166666667
D_k9_2od_x1.2,mutation,0,S0029,730.7604166666666,201,740.3583333333333
D_k9_2od_x1.2,mutation,0,S0029,730.7604166666666,202,737.47375
D_k9_2od_x1.2,mutation,0,S0029,730.7604166666666,203,741.2433333333333
D_k9_2od_x1.2,mutation,0,S0029,730.7604166666666,204,734.8183333333334
D_k9_2od_x1.2,mutation,0,S0029,730.7604166666666,205,731.7133333333334
D_k9_2od_x1.2,mutation,1,S0039,733.9975,201,738.22625
D_k9_2od_x1.2,mutation,1,S0039,733.9975,202,745.6283333333333
D_k9_2od_x1.2,mutation,1,S0039,733.9975,203,746.6475
D_k9_2od_x1.2,mutation,1,S0039,733.9975,204,743.7045833333333
D_k9_2od_x1.2,mutation,1,S0039,733.9975,205,742.4091666666667
D_k9_2od_x1.2,mutation,2,S0001,733.4679166666666,201,748.5620833333334
D_k9_2od_x1.2,mutation,2,S0001,733.4679166666666,202,743.7166666666667
D_k9_2od_x1.2,mutation,2,S0001,733.4679166666666,203,747.6683333333333
D_k9_2od_x1.2,mutation,2,S0001,733.4679166666666,204,743.4470833333334
D_k9_2od_x1.2,mutation,2,S0001,733.4679166666666,205,743.2995833333333
D_k9_2od_x1.2,mutation,3,S0026,732.4029166666667,201,738.7958333333333
D_k9_2od_x1.2,mutation,3,S0026,732.4029166666667,202,746.8466666666667
D_k9_2od_x1.2,mutation,3,S0026,732.4029166666667,203,747.4433333333334
D_k9_2od_x1.2,mutation,3,S0026,732.4029166666667,204,738.4870833333333
D_k9_2od_x1.2,mutation,3,S0026,732.4029166666667,205,737.5754166666667
D_k9_2od_x1.2,mutation,4,S0016,726.775,201,739.59375
D_k9_2od_x1.2,mutation,4,S0016,726.775,202,741.3904166666666
D_k9_2od_x1.2,mutation,4,S0016,726.775,203,738.7325
D_k9_2od_x1.2,mutation,4,S0016,726.775,204,742.7245833333334
D_k9_2od_x1.2,mutation,4,S0016,726.775,205,737.2125
D_k9_2od_x1.2,mutation,5,S0006,732.6295833333334,201,743.30875
D_k9_2od_x1.2,mutation,5,S0006,732.6295833333334,202,753.65
D_k9_2od_x1.2,mutation,5,S0006,732.6295833333334,203,745.3895833333333
D_k9_2od_x1.2,mutation,5,S0006,732.6295833333334,204,749.2729166666667
D_k9_2od_x1.2,mutation,5,S0006,732.6295833333334,205,746.97625
D_k9_2od_x1.2,mutation,6,S0010,733.3775,201,744.5229166666667
D_k9_2od_x1.2,mutation,6,S0010,733.3775,202,746.2995833333333
D_k9_2od_x1.2,mutation,6,S0010,733.3775,203,747.56875
D_k9_2od_x1.2,mutation,6,S0010,733.3775,204,745.8191666666667
D_k9_2od_x1.2,mutation,6,S0010,733.3775,205,741.2941666666667
D_k9_2od_x1.2,mutation,7,S0014,733.5575,201,745.2233333333334
D_k9_2od_x1.2,mutation,7,S0014,733.5575,202,745.4366666666666
D_k9_2od_x1.2,mutation,7,S0014,733.5575,203,753.0983333333334
D_k9_2od_x1.2,mutation,7,S0014,733.5575,204,740.93625
D_k9_2od_x1.2,mutation,7,S0014,733.5575,205,741.36625
D_k9_2od_x1.2,mutation,8,S0000,729.705,201,737.67875
D_k9_2od_x1.2,mutation,8,S0000,729.705,202,742.50125
D_k9_2od_x1.2,mutation,8,S0000,729.705,203,742.73625
D_k9_2od_x1.2,mutation,8,S0000,729.705,204,742.2183333333334
D_k9_2od_x1.2,mutation,8,S0000,729.705,205,738.5204166666666
D_k9_2od_x1.2,mutation,9,S0035,732.485,201,740.3583333333333
D_k9_2od_x1.2,mutation,9,S0035,732.485,202,737.47375
D_k9_2od_x1.2,mutation,9,S0035,732.485,203,736.90875
D_k9_2od_x1.2,mutation,9,S0035,732.485,204,734.8183333333334
D_k9_2od_x1.2,mutation,9,S0035,732.485,205,731.7133333333334
D_k9_2od_x1.2,none,0,S0033,731.9441666666667,201,738.9708333333333
D_k9_2od_x1.2,none,0,S0033,731.9441666666667,202,750.47625
D_k9_2od_x1.2,none,0,S0033,731.9441666666667,203,747.7029166666666
D_k9_2od_x1.2,none,0,S0033,731.9441666666667,204,745.91875
D_k9_2od_x1.2,none,0,S0033,731.9441666666667,205,736.825
D_k9_2od_x1.2,none,1,S0034,731.04375,201,740.4466666666667
D_k9_2od_x1.2,none,1,S0034,731.04375,202,741.2975
D_k9_2od_x1.2,none,1,S0034,731.04375,203,738.3708333333333
D_k9_2od_x1.2,none,1,S0034,731.04375,204,745.4758333333333
D_k9_2od_x1.2,none,1,S0034,731.04375,205,742.4895833333334
D_k9_2od_x1.2,none,2,S0002,732.47625,201,746.2033333333334
D_k9_2od_x1.2,none,2,S0002,732.47625,202,744.4641666666666
D_k9_2od_x1.2,none,2,S0002,732.47625,203,741.6616666666666
D_k9_2od_x1.2,none,2,S0002,732.47625,204,743.1083333333333
D_k9_2od_x1.2,none,2,S0002,732.47625,205,743.3391666666666
D_k9_2od_x1.2,none,3,S0020,736.29375,201,736.41
D_k9_2od_x1.2,none,3,S0020,736.29375,202,739.2045833333333
D_k9_2od_x1.2,none,3,S0020,736.29375,203,739.2125
D_k9_2od_x1.2,none,3,S0020,736.29375,204,743.51125
D_k9_2od_x1.2,none,3,S0020,736.29375,205,735.8316666666667
D_k9_2od_x1.2,none,4,S0013,729.1941666666667,201,737.6170833333333
D_k9_2od_x1.2,none,4,S0013,729.1941666666667,202,744.4833333333333
D_k9_2od_x1.2,none,4,S0013,729.1941666666667,203,740.29875
D_k9_2od_x1.2,none,4,S0013,729.1941666666667,204,744.8783333333333
D_k9_2od_x1.2,none,4,S0013,729.1941666666667,205,744.0841666666666
D_k9_2od_x1.2,none,5,S0019,732.8695833333334,201,735.80375
D_k9_2od_x1.2,none,5,S0019,732.8695833333334,202,741.90125
D_k9_2od_x1.2,none,5,S0019,732.8695833333334,203,741.0191666666667
D_k9_2od_x1.2,none,5,S0019,732.8695833333334,204,749.6429166666667
D_k9_2od_x1.2,none,5,S0019,732.8695833333334,205,740.25625
D_k9_2od_x1.2,none,6,S0003,737.3670833333333,201,739.8475
D_k9_2od_x1.2,none,6,S0003,737.3670833333333,202,741.49125
D_k9_2od_x1.2,none,6,S0003,737.3670833333333,203,747.5204166666666
D_k9_2od_x1.2,none,6,S0003,737.3670833333333,204,750.7125
D_k9_2od_x1.2,none,6,S0003,737.3670833333333,205,739.2129166666666
D_k9_2od_x1.2,none,7,S0005,734.2745833333333,201,743.5870833333333
D_k9_2od_x1.2,none,7,S0005,734.2745833333333,202,744.7629166666667
D_k9_2od_x1.2,none,7,S0005,734.2745833333333,203,737.9820833333333
D_k9_2od_x1.2,none,7,S0005,734.2745833333333,204,751.0054166666666
D_k9_2od_x1.2,none,7,S0005,734.2745833333333,205,745.21875
D_k9_2od_x1.2,none,8,S0017,730.6595833333333,201,742.97
D_k9_2od_x1.2,none,8,S0017,730.6595833333333,202,741.3529166666667
D_k9_2od_x1.2,none,8,S0017,730.6595833333333,203,746.125
D_k9_2od_x1.2,none,8,S0017,730.6595833333333,204,742.7516666666667
D_k9_2od_x1.2,none,8,S0017,730.6595833333333,205,738.46875
D_k9_2od_x1.2,none,9,S0023,733.0558333333333,201,750.55375
D_k9_2od_x1.2,none,9,S0023,733.0558333333333,202,747.3616666666667
D_k9_2od_x1.2,none,9,S0023,733.0558333333333,203,748.5266666666666
D_k9_2od_x1.2,none,9,S0023,733.0558333333333,204,743.0095833333334
D_k9_2od_x1.2,none,9,S0023,733.0558333333333,205,751.1883333333334
D_k9_3od_x0.8,both,0,S0039,488.081875,201,513.18375
D_k9_3od_x0.8,both,0,S0039,488.081875,202,514.45
D_k9_3od_x0.8,both,0,S0039,488.081875,203,516.425
D_k9_3od_x0.8,both,0,S0039,488.081875,204,517.670625
D_k9_3od_x0.8,both,0,S0039,488.081875,205,526.925
D_k9_3od_x0.8,both,1,S0001,486.42875,201,492.2875
D_k9_3od_x0.8,both,1,S0001,486.42875,202,500.245
D_k9_3od_x0.8,both,1,S0001,486.42875,203,508.3225
D_k9_3od_x0.8,both,1,S0001,486.42875,204,503.8025
D_k9_3od_x0.8,both,1,S0001,486.42875,205,498.835
D_k9_3od_x0.8,both,2,S0015,494.205625,201,521.2275
D_k9_3od_x0.8,both,2,S0015,494.205625,202,521.10625
D_k9_3od_x0.8,both,2,S0015,494.205625,203,533.3025
D_k9_3od_x0.8,both,2,S0015,494.205625,204,516.606875
D_k9_3od_x0.8,both,2,S0015,494.205625,205,532.21
D_k9_3od_x0.8,both,3,S0028,495.87375,201,499.053125
D_k9_3od_x0.8,both,3,S0028,495.87375,202,496.301875
D_k9_3od_x0.8,both,3,S0028,495.87375,203,504.64
D_k9_3od_x0.8,both,3,S0028,495.87375,204,514.52875
D_k9_3od_x0.8,both,3,S0028,495.87375,205,490.8775
D_k9_3od_x0.8,both,4,S0022,494.513125,201,518.414375
D_k9_3od_x0.8,both,4,S0022,494.513125,202,511.525
D_k9_3od_x0.8,both,4,S0022,494.513125,203,506.566875
D_k9_3od_x0.8,both,4,S0022,494.513125,204,510.8225
D_k9_3od_x0.8,both,4,S0022,494.513125,205,512.43625
D_k9_3od_x0.8,both,5,S0025,497.685,201,527.04625
D_k9_3od_x0.8,both,5,S0025,497.685,202,527.296875
D_k9_3od_x0.8,both,5,S0025,497.685,203,531.568125
D_k9_3od_x0.8,both,5,S0025,497.685,204,535.6525
D_k9_3od_x0.8,both,5,S0025,497.685,205,533.235
D_k9_3od_x0.8,both,6,S0014,499.88,201,497.5325
D_k9_3od_x0.8,both,6,S0014,499.88,202,508.115625
D_k9_3od_x0.8,both,6,S0014,499.88,203,512.929375
D_k9_3od_x0.8,both,6,S0014,499.88,204,501.53375
D_k9_3od_x0.8,both,6,S0014,499.88,205,512.155
D_k9_3od_x0.8,both,7,S0012,487.288125,201,508.57125
D_k9_3od_x0.8,both,7,S0012,487.288125,202,511.04625
D_k9_3od_x0.8,both,7,S0012,487.288125,203,509.10375
D_k9_3od_x0.8,both,7,S0012,487.288125,204,513.361875
D_k9_3od_x0.8,both,7,S0012,487.288125,205,502.031875
D_k9_3od_x0.8,both,8,S0036,495.693125,201,516.416875
D_k9_3od_x0.8,both,8,S0036,495.693125,202,511.035
D_k9_3od_x0.8,both,8,S0036,495.693125,203,508.5
D_k9_3od_x0.8,both,8,S0036,495.693125,204,526.331875
D_k9_3od_x0.8,both,8,S0036,495.693125,205,508.0325
D_k9_3od_x0.8,both,9,S0035,492.82625,201,525.373125
D_k9_3od_x0.8,both,9,S0035,492.82625,202,540.36875
D_k9_3od_x0.8,both,9,S0035,492.82625,203,515.365625
D_k9_3od_x0.8,both,9,S0035,492.82625,204,516.534375
D_k9_3od_x0.8,both,9,S0035,492.82625,205,507.611875
D_k9_3od_x0.8,init,0,S0021,494.914375,201,533.36125
D_k9_3od_x0.8,init,0,S0021,494.914375,202,516.62875
D_k9_3od_x0.8,init,0,S0021,494.914375,203,534.71625
D_k9_3od_x0.8,init,0,S0021,494.914375,204,524.281875
D_k9_3od_x0.8,init,0,S0021,494.914375,205,521.794375
D_k9_3od_x0.8,init,1,S0029,490.175,201,528.920625
D_k9_3od_x0.8,init,1,S0029,490.175,202,527.8825
D_k9_3od_x0.8,init,1,S0029,490.175,203,515.69125
D_k9_3od_x0.8,init,1,S0029,490.175,204,527.235625
D_k9_3od_x0.8,init,1,S0029,490.175,205,501.195625
D_k9_3od_x0.8,init,2,S0023,495.50875,201,528.406875
D_k9_3od_x0.8,init,2,S0023,495.50875,202,520.4
D_k9_3od_x0.8,init,2,S0023,495.50875,203,522.25
D_k9_3od_x0.8,init,2,S0023,495.50875,204,525.623125
D_k9_3od_x0.8,init,2,S0023,495.50875,205,532.085
D_k9_3od_x0.8,init,3,S0030,491.9075,201,529.89875
D_k9_3od_x0.8,init,3,S0030,491.9075,202,541.675625
D_k9_3od_x0.8,init,3,S0030,491.9075,203,544.6475
D_k9_3od_x0.8,init,3,S0030,491.9075,204,536.460625
D_k9_3od_x0.8,init,3,S0030,491.9075,205,532.275
D_k9_3od_x0.8,init,4,S0020,496.0175,201,516.960625
D_k9_3od_x0.8,init,4,S0020,496.0175,202,513.093125
D_k9_3od_x0.8,init,4,S0020,496.0175,203,513.756875
D_k9_3od_x0.8,init,4,S0020,496.0175,204,500.734375
D_k9_3od_x0.8,init,4,S0020,496.0175,205,508.233125
D_k9_3od_x0.8,init,5,S0005,486.525625,201,519.346875
D_k9_3od_x0.8,init,5,S0005,486.525625,202,514.805625
D_k9_3od_x0.8,init,5,S0005,486.525625,203,516.718125
D_k9_3od_x0.8,init,5,S0005,486.525625,204,520.220625
D_k9_3od_x0.8,init,5,S0005,486.525625,205,504.356875
D_k9_3od_x0.8,init,6,S0027,492.03625,201,514.893125
D_k9_3od_x0.8,init,6,S0027,492.03625,202,549.148125
D_k9_3od_x0.8,init,6,S0027,492.03625,203,520.485625
D_k9_3od_x0.8,init,6,S0027,492.03625,204,534.9625
D_k9_3od_x0.8,init,6,S0027,492.03625,205,538.313125
D_k9_3od_x0.8,init,7,S0006,495.71875,201,505.658125
D_k9_3od_x0.8,init,7,S0006,495.71875,202,507.75625
D_k9_3od_x0.8,init,7,S0006,495.71875,203,518.358125
D_k9_3od_x0.8,init,7,S0006,495.71875,204,526.80875
D_k9_3od_x0.8,init,7,S0006,495.71875,205,517.020625
D_k9_3od_x0.8,init,8,S0037,490.159375,201,489.810625
D_k9_3od_x0.8,init,8,S0037,490.159375,202,514.78625
D_k9_3od_x0.8,init,8,S0037,490.159375,203,520.76625
D_k9_3od_x0.8,init,8,S0037,490.159375,204,513.953125
D_k9_3od_x0.8,init,8,S0037,490.159375,205,523.81375
D_k9_3od_x0.8,init,9,S0016,500.698125,201,517.31
D_k9_3od_x0.8,init,9,S0016,500.698125,202,515.613125
D_k9_3od_x0.8,init,9,S0016,500.698125,203,515.5125
D_k9_3od_x0.8,init,9,S0016,500.698125,204,516.553125
D_k9_3od_x0.8,init,9,S0016,500.698125,205,502.976875
D_k9_3od_x0.8,mutation,0,S0002,493.161875,201,533.188125
D_k9_3od_x0.8,mutation,0,S0002,493.161875,202,531.356875
D_k9_3od_x0.8,mutation,0,S0002,493.161875,203,520.876875
D_k9_3od_x0.8,mutation,0,S0002,493.161875,204,529.69875
D_k9_3od_x0.8,mutation,0,S0002,493.161875,205,541.32125
D_k9_3od_x0.8,mutation,1,S0032,492.736875,201,530.828125
D_k9_3od_x0.8,mutation,1,S0032,492.736875,202,512.930625
D_k9_3od_x0.8,mutation,1,S0032,492.736875,203,516.853125
D_k9_3od_x0.8,mutation,1,S0032,492.736875,204,514.563125
D_k9_3od_x0.8,mutation,1,S0032,492.736875,205,514.710625
D_k9_3od_x0.8,mutation,2,S0013,486.82875,201,516.823125
D_k9_3od_x0.8,mutation,2,S0013,486.82875,202,503.35
D_k9_3od_x0.8,mutation,2,S0013,486.82875,203,504.979375
D_k9_3od_x0.8,mutation,2,S0013,486.82875,204,496.965
D_k9_3od_x0.8,mutation,2,S0013,486.82875,205,502.376875
D_k9_3od_x0.8,mutation,3,S0031,495.36625,201,533.805625
D_k9_3od_x0.8,mutation,3,S0031,495.36625,202,513.0625
D_k9_3od_x0.8,mutation,3,S0031,495.36625,203,535.1475
D_k9_3od_x0.8,mutation,3,S0031,495.36625,204,520.49125
D_k9_3od_x0.8,mutation,3,S0031,495.36625,205,536.53
D_k9_3od_x0.8,mutation,4,S0009,489.71,201,517.243125
D_k9_3od_x0.8,mutation,4,S0009,489.71,202,515.644375
D_k9_3od_x0.8,mutation,4,S0009,489.71,203,516.2825
D_k9_3od_x0.8,mutation,4,S0009,489.71,204,519.599375
D_k9_3od_x0.8,mutation,4,S0009,489.71,205,504.006875
D_k9_3od_x0.8,mutation,5,S0008,496.431875,201,503.62875
D_k9_3od_x0.8,mutation,5,S0008,496.431875,202,495.335
D_k9_3od_x0.8,mutation,5,S0008,496.431875,203,498.71875
D_k9_3od_x0.8,mutation,5,S0008,496.431875,204,525.241875
D_k9_3od_x0.8,mutation,5,S0008,496.431875,205,512.689375
D_k9_3od_x0.8,mutation,6,S0034,487.288125,201,508.57125
D_k9_3od_x0.8,mutation,6,S0034,487.288125,202,511.04625
D_k9_3od_x0.8,mutation,6,S0034,487.288125,203,509.10375
D_k9_3od_x0.8,mutation,6,S0034,487.288125,204,513.361875
D_k9_3od_x0.8,mutation,6,S0034,487.288125,205,502.70875
D_k9_3od_x0.8,mutation,7,S0024,488.703125,201,506.496875
D_k9_3od_x0.8,mutation,7,S0024,488.703125,202,499.0875
D_k9_3od_x0.8,mutation,7,S0024,488.703125,203,518.73
D_k9_3od_x0.8,mutation,7,S0024,488.703125,204,514.273125
D_k9_3od_x0.8,mutation,7,S0024,488.703125,205,515.4325
D_k9_3od_x0.8,mutation,8,S0018,496.431875,201,503.661875
D_k9_3od_x0.8,mutation,8,S0018,496.431875,202,495.335
D_k9_3od_x0.8,mutation,8,S0018,496.431875,203,501.600625
D_k9_3od_x0.8,mutation,8,S0018,496.431875,204,525.241875
D_k9_3od_x0.8,mutation,8,S0018,496.431875,205,512.689375
D_k9_3od_x0.8,mutation,9,S0011,494.513125,201,519.406875
D_k9_3od_x0.8,mutation,9,S0011,494.513125,202,507.12375
D_k9_3od_x0.8,mutation,9,S0011,494.513125,203,506.566875
D_k9_3od_x0.8,mutation,9,S0011,494.513125,204,504.629375
D_k9_3od_x0.8,mutation,9,S0011,494.513125,205,514.528125
D_k9_3od_x0.8,none,0,S0003,495.075,201,510.355625
D_k9_3od_x0.8,none,0,S0003,495.075,202,513.10125
D_k9_3od_x0.8,none,0,S0003,495.075,203,516.160625
D_k9_3od_x0.8,none,0,S0003,495.075,204,503.355625
D_k9_3od_x0.8,none,0,S0003,495.075,205,511.33
D_k9_3od_x0.8,none,1,S0000,489.09375,201,514.86375
D_k9_3od_x0.8,none,1,S0000,489.09375,202,537.045625
D_k9_3od_x0.8,none,1,S0000,489.09375,203,546.970625
D_k9_3od_x0.8,none,1,S0000,489.09375,204,524.969375
D_k9_3od_x0.8,none,1,S0000,489.09375,205,526.279375
D_k9_3od_x0.8,none,2,S0033,494.79,201,532.87125
D_k9_3od_x0.8,none,2,S0033,494.79,202,540.805625
D_k9_3od_x0.8,none,2,S0033,494.79,203,516.500625
D_k9_3od_x0.8,none,2,S0033,494.79,204,531.33625
D_k9_3od_x0.8,none,2,S0033,494.79,205,522.1725
D_k9_3od_x0.8,none,3,S0038,488.831875,201,514.1575
D_k9_3od_x0.8,none,3,S0038,488.831875,202,524.000625
D_k9_3od_x0.8,none,3,S0038,488.831875,203,520.073125
D_k9_3od_x0.8,none,3,S0038,488.831875,204,515.775
D_k9_3od_x0.8,none,3,S0038,488.831875,205,530.388125
D_k9_3od_x0.8,none,4,S0017,490.721875,201,513.446875
D_k9_3od_x0.8,none,4,S0017,490.721875,202,540.09875
D_k9_3od_x0.8,none,4,S0017,490.721875,203,515.896875
D_k9_3od_x0.8,none,4,S0017,490.721875,204,523.5525
D_k9_3od_x0.8,none,4,S0017,490.721875,205,508.345
D_k9_3od_x0.8,none,5,S0004,492.540625,201,503.40375
D_k9_3od_x0.8,none,5,S0004,492.540625,202,519.486875
D_k9_3od_x0.8,none,5,S0004,492.540625,203,517.128125
D_k9_3od_x0.8,none,5,S0004,492.540625,204,496.764375
D_k9_3od_x0.8,none,5,S0004,492.540625,205,512.7475
D_k9_3od_x0.8,none,6,S0019,491.664375,201,510.270625
D_k9_3od_x0.8,none,6,S0019,491.664375,202,504.66
D_k9_3od_x0.8,none,6,S0019,491.664375,203,521.425
D_k9_3od_x0.8,none,6,S0019,491.664375,204,525.186875
D_k9_3od_x0.8,none,6,S0019,491.664375,205,527.093125
D_k9_3od_x0.8,none,7,S0007,503.1775,201,523.130625
D_k9_3od_x0.8,none,7,S0007,503.1775,202,505.939375
D_k9_3od_x0.8,none,7,S0007,503.1775,203,518.2875
D_k9_3od_x0.8,none,7,S0007,503.1775,204,513.620625
D_k9_3od_x0.8,none,7,S0007,503.1775,205,512.42875
D_k9_3od_x0.8,none,8,S0010,494.946875,201,528.539375
D_k9_3od_x0.8,none,8,S0010,494.946875,202,534.51875
D_k9_3od_x0.8,none,8,S0010,494.946875,203,523.436875
D_k9_3od_x0.8,none,8,S0010,494.946875,204,533.658125
D_k9_3od_x0.8,none,8,S0010,494.946875,205,520.45
D_k9_3od_x0.8,none,9,S0026,496.515,201,513.016875
D_k9_3od_x0.8,none,9,S0026,496.515,202,516.453125
D_k9_3od_x0.8,none,9,S0026,496.515,203,506.139375
D_k9_3od_x0.8,none,9,S0026,496.515,204,536.306875
D_k9_3od_x0.8,none,9,S0026,496.515,205,518.3675
D_k9_3od_x1.0,both,0,S0009,595.713,201,635.9325
D_k9_3od_x1.0,both,0,S0009,595.713,202,639.9545
D_k9_3od_x1.0,both,0,S0009,595.713,203,635.8955
D_k9_3od_x1.0,both,0,S0009,595.713,204,636.89
D_k9_3od_x1.0,both,0,S0009,595.713,205,628.0825
D_k9_3od_x1.0,both,1,S0036,596.5555,201,635.4185
D_k9_3od_x1.0,both,1,S0036,596.5555,202,639.0455
D_k9_3od_x1.0,both,1,S0036,596.5555,203,614.5585
D_k9_3od_x1.0,both,1,S0036,596.5555,204,651.007
D_k9_3od_x1.0,both,1,S0036,596.5555,205,640.7015
D_k9_3od_x1.0,both,2,S0004,602.165,201,637.874
D_k9_3od_x1.0,both,2,S0004,602.165,202,648.299
D_k9_3od_x1.0,both,2,S0004,602.165,203,667.4945
D_k9_3od_x1.0,both,2,S0004,602.165,204,634.0325
D_k9_3od_x1.0,both,2,S0004,602.165,205,639.608
D_k9_3od_x1.0,both,3,S0018,590.5355,201,639.4695
D_k9_3od_x1.0,both,3,S0018,590.5355,202,625.8765
D_k9_3od_x1.0,both,3,S0018,590.5355,203,665.644
D_k9_3od_x1.0,both,3,S0018,590.5355,204,609.607
D_k9_3od_x1.0,both,3,S0018,590.5355,205,649.026
D_k9_3od_x1.0,both,4,S0007,593.279,201,613.1745
D_k9_3od_x1.0,both,4,S0007,593.279,202,639.784
D_k9_3od_x1.0,both,4,S0007,593.279,203,626.66
D_k9_3od_x1.0,both,4,S0007,593.279,204,639.3535
D_k9_3od_x1.0,both,4,S0007,593.279,205,626.73
D_k9_3od_x1.0,both,5,S0012,594.7005,201,616.196
D_k9_3od_x1.0,both,5,S0012,594.7005,202,635.961
D_k9_3od_x1.0,both,5,S0012,594.7005,203,634.7235
D_k9_3od_x1.0,both,5,S0012,594.7005,204,627.669
D_k9_3od_x1.0,both,5,S0012,594.7005,205,628.166
D_k9_3od_x1.0,both,6,S0022,599.204,201,608.49
D_k9_3od_x1.0,both,6,S0022,599.204,202,644.542
D_k9_3od_x1.0,both,6,S0022,599.204,203,632.274
D_k9_3od_x1.0,both,6,S0022,599.204,204,624.146
D_k9_3od_x1.0,both,6,S0022,599.204,205,610.1945
D_k9_3od_x1.0,both,7,S0011,597.452,201,628.029
D_k9_3od_x1.0,both,7,S0011,597.452,202,631.527
D_k9_3od_x1.0,both,7,S0011,597.452,203,607.039
D_k9_3od_x1.0,both,7,S0011,597.452,204,609.49
D_k9_3od_x1.0,both,7,S0011,597.452,205,622.2695
D_k9_3od_x1.0,both,8,S0010,589.4415,201,611.1885
D_k9_3od_x1.0,both,8,S0010,589.4415,202,624.0725
D_k9_3od_x1.0,both,8,S0010,589.4415,203,610.1
D_k9_3od_x1.0,both,8,S0010,589.4415,204,623.3465
D_k9_3od_x1.0,both,8,S0010,589.4415,205,648.8265
D_k9_3od_x1.0,both,9,S0028,594.8775,201,616.0865
D_k9_3od_x1.0,both,9,S0028,594.8775,202,655.168
D_k9_3od_x1.0,both,9,S0028,594.8775,203,647.033
D_k9_3od_x1.0,both,9,S0028,594.8775,204,642.6985
D_k9_3od_x1.0,both,9,S0028,594.8775,205,619.0095
D_k9_3od_x1.0,init,0,S0017,580.1595,201,619.911
D_k9_3od_x1.0,init,0,S0017,580.1595,202,651.1785
D_k9_3od_x1.0,init,0,S0017,580.1595,203,635.065
D_k9_3od_x1.0,init,0,S0017,580.1595,204,624.791
D_k9_3od_x1.0,init,0,S0017,580.1595,205,617.723
D_k9_3od_x1.0,init,1,S0025,591.759,201,639.276
D_k9_3od_x1.0,init,1,S0025,591.759,202,671.363
D_k9_3od_x1.0,init,1,S0025,591.759,203,637.0635
D_k9_3od_x1.0,init,1,S0025,591.759,204,663.2125
D_k9_3od_x1.0,init,1,S0025,591.759,205,634.215
D_k9_3od_x1.0,init,2,S0039,596.2995,201,624.674
D_k9_3od_x1.0,init,2,S0039,596.2995,202,673.6115
D_k9_3od_x1.0,init,2,S0039,596.2995,203,640.1435
D_k9_3od_x1.0,init,2,S0039,596.2995,204,631.82
D_k9_3od_x1.0,init,2,S0039,596.2995,205,652.0795
D_k9_3od_x1.0,init,3,S0023,598.2185,201,634.2355
D_k9_3od_x1.0,init,3,S0023,598.2185,202,665.5315
D_k9_3od_x1.0,init,3,S0023,598.2185,203,672.2335
D_k9_3od_x1.0,init,3,S0023,598.2185,204,649.585
D_k9_3od_x1.0,init,3,S0023,598.2185,205,678.281
D_k9_3od_x1.0,init,4,S0016,593.796,201,632.981
D_k9_3od_x1.0,init,4,S0016,593.796,202,615.721
D_k9_3od_x1.0,init,4,S0016,593.796,203,597.514
D_k9_3od_x1.0,init,4,S0016,593.796,204,578.9105
D_k9_3od_x1.0,init,4,S0016,593.796,205,615.7125
D_k9_3od_x1.0,init,5,S0029,608.7345,201,640.322
D_k9_3od_x1.0,init,5,S0029,608.7345,202,627.991
D_k9_3od_x1.0,init,5,S0029,608.7345,203,644.4405
D_k9_3od_x1.0,init,5,S0029,608.7345,204,640.0235
D_k9_3od_x1.0,init,5,S0029,608.7345,205,652.65
D_k9_3od_x1.0,init,6,S0037,601.0295,201,627.375
D_k9_3od_x1.0,init,6,S0037,601.0295,202,632.384
D_k9_3od_x1.0,init,6,S0037,601.0295,203,627.3285
D_k9_3od_x1.0,init,6,S0037,601.0295,204,617.0405
D_k9_3od_x1.0,init,6,S0037,601.0295,205,613.752
D_k9_3od_x1.0,init,7,S0033,599.828,201,630.581
D_k9_3od_x1.0,init,7,S0033,599.828,202,636.1835
D_k9_3od_x1.0,init,7,S0033,599.828,203,615.054
D_k9_3od_x1.0,init,7,S0033,599.828,204,608.8605
D_k9_3od_x1.0,init,7,S0033,599.828,205,630.3475
D_k9_3od_x1.0,init,8,S0000,601.7905,201,657.486
D_k9_3od_x1.0,init,8,S0000,601.7905,202,635.54
D_k9_3od_x1.0,init,8,S0000,601.7905,203,649.553
D_k9_3od_x1.0,init,8,S0000,601.7905,204,633.603
D_k9_3od_x1.0,init,8,S0000,601.7905,205,638.3975
D_k9_3od_x1.0,init,9,S0002,593.4305,201,620.705
D_k9_3od_x1.0,init,9,S0002,593.4305,202,630.812
D_k9_3od_x1.0,init,9,S0002,593.4305,203,619.2045
D_k9_3od_x1.0,init,9,S0002,593.4305,204,620.747
D_k9_3od_x1.0,init,9,S0002,593.4305,205,620.558
D_k9_3od_x1.0,mutation,0,S0019,610.9455,201,599.0835
D_k9_3od_x1.0,mutation,0,S0019,610.9455,202,614.8415
D_k9_3od_x1.0,mutation,0,S0019,610.9455,203,623.0485
D_k9_3od_x1.0,mutation,0,S0019,610.9455,204,619.5675
D_k9_3od_x1.0,mutation,0,S0019,610.9455,205,616.875
D_k9_3od_x1.0,mutation,1,S0034,598.6745,201,609.3675
D_k9_3od_x1.0,mutation,1,S0034,598.6745,202,641.771
D_k9_3od_x1.0,mutation,1,S0034,598.6745,203,646.905
D_k9_3od_x1.0,mutation,1,S0034,598.6745,204,644.332
D_k9_3od_x1.0,mutation,1,S0034,598.6745,205,632.355
D_k9_3od_x1.0,mutation,2,S0024,598.364,201,639.2355
D_k9_3od_x1.0,mutation,2,S0024,598.364,202,619.895
D_k9_3od_x1.0,mutation,2,S0024,598.364,203,613.2625
D_k9_3od_x1.0,mutation,2,S0024,598.364,204,608.342
D_k9_3od_x1.0,mutation,2,S0024,598.364,205,609.0255
D_k9_3od_x1.0,mutation,3,S0013,590.9485,201,600.551
D_k9_3od_x1.0,mutation,3,S0013,590.9485,202,626.1585
D_k9_3od_x1.0,mutation,3,S0013,590.9485,203,625.187
D_k9_3od_x1.0,mutation,3,S0013,590.9485,204,647.0915
D_k9_3od_x1.0,mutation,3,S0013,590.9485,205,618.8635
D_k9_3od_x1.0,mutation,4,S0026,602.535,201,642.926
D_k9_3od_x1.0,mutation,4,S0026,602.535,202,651.1995
D_k9_3od_x1.0,mutation,4,S0026,602.535,203,653.924
D_k9_3od_x1.0,mutation,4,S0026,602.535,204,650.8165
D_k9_3od_x1.0,mutation,4,S0026,602.535,205,634.3105
D_k9_3od_x1.0,mutation,5,S0021,601.4345,201,634.497
D_k9_3od_x1.0,mutation,5,S0021,601.4345,202,631.3225
D_k9_3od_x1.0,mutation,5,S0021,601.4345,203,633.7535
D_k9_3od_x1.0,mutation,5,S0021,601.4345,204,625.309
D_k9_3od_x1.0,mutation,5,S0021,601.4345,205,630.889
D_k9_3od_x1.0,mutation,6,S0008,601.4985,201,625.586
D_k9_3od_x1.0,mutation,6,S0008,601.4985,202,626.167
D_k9_3od_x1.0,mutation,6,S0008,601.4985,203,629.8255
D_k9_3od_x1.0,mutation,6,S0008,601.4985,204,640.2275
D_k9_3od_x1.0,mutation,6,S0008,601.4985,205,604.068
D_k9_3od_x1.0,mutation,7,S0027,599.4925,201,627.2775
D_k9_3od_x1.0,mutation,7,S0027,599.4925,202,636.1065
D_k9_3od_x1.0,mutation,7,S0027,599.4925,203,626.3135
D_k9_3od_x1.0,mutation,7,S0027,599.4925,204,653.4585
D_k9_3od_x1.0,mutation,7,S0027,599.4925,205,617.444
D_k9_3od_x1.0,mutation,8,S0032,596.2455,201,642.858
D_k9_3od_x1.0,mutation,8,S0032,596.2455,202,638.576
D_k9_3od_x1.0,mutation,8,S0032,596.2455,203,622.033
D_k9_3od_x1.0,mutation,8,S0032,596.2455,204,624.116
D_k9_3od_x1.0,mutation,8,S0032,596.2455,205,602.666
D_k9_3od_x1.0,mutation,9,S0006,598.9065,201,630.502
D_k9_3od_x1.0,mutation,9,S0006,598.9065,202,634.6725
D_k9_3od_x1.0,mutation,9,S0006,598.9065,203,635.6635
D_k9_3od_x1.0,mutation,9,S0006,598.9065,204,594.9975
D_k9_3od_x1.0,mutation,9,S0006,598.9065,205,621.2795
D_k9_3od_x1.0,none,0,S0003,591.3895,201,609.1065
D_k9_3od_x1.0,none,0,S0003,591.3895,202,633.935
D_k9_3od_x1.0,none,0,S0003,591.3895,203,613.0375
D_k9_3od_x1.0,none,0,S0003,591.3895,204,608.785
D_k9_3od_x1.0,none,0,S0003,591.3895,205,629.2465
D_k9_3od_x1.0,none,1,S0035,590.085,201,616.3775
D_k9_3od_x1.0,none,1,S0035,590.085,202,624.337
D_k9_3od_x1.0,none,1,S0035,590.085,203,644.266
D_k9_3od_x1.0,none,1,S0035,590.085,204,613.4495
D_k9_3od_x1.0,none,1,S0035,590.085,205,629.9275
D_k9_3od_x1.0,none,2,S0031,602.878,201,627.878
D_k9_3od_x1.0,none,2,S0031,602.878,202,684.8575
D_k9_3od_x1.0,none,2,S0031,602.878,203,659.311
D_k9_3od_x1.0,none,2,S0031,602.878,204,681.934
D_k9_3od_x1.0,none,2,S0031,602.878,205,634.5345
D_k9_3od_x1.0,none,3,S0020,611.245,201,637.9965
D_k9_3od_x1.0,none,3,S0020,611.245,202,645.7375
D_k9_3od_x1.0,none,3,S0020,611.245,203,642.163
D_k9_3od_x1.0,none,3,S0020,611.245,204,645.005
D_k9_3od_x1.0,none,3,S0020,611.245,205,643.1405
D_k9_3od_x1.0,none,4,S0001,610.6445,201,617.2835
D_k9_3od_x1.0,none,4,S0001,610.6445,202,648.493
D_k9_3od_x1.0,none,4,S0001,610.6445,203,617.453
D_k9_3od_x1.0,none,4,S0001,610.6445,204,636.388
D_k9_3od_x1.0,none,4,S0001,610.6445,205,656.807
D_k9_3od_x1.0,none,5,S0014,603.4415,201,607.905
D_k9_3od_x1.0,none,5,S0014,603.4415,202,628.184
D_k9_3od_x1.0,none,5,S0014,603.4415,203,624.348
D_k9_3od_x1.0,none,5,S0014,603.4415,204,613.506
D_k9_3od_x1.0,none,5,S0014,603.4415,205,623.2865
D_k9_3od_x1.0,none,6,S0030,596.391,201,654.2425
D_k9_3od_x1.0,none,6,S0030,596.391,202,673.6005
D_k9_3od_x1.0,none,6,S0030,596.391,203,645.1525
D_k9_3od_x1.0,none,6,S0030,596.391,204,625.0495
D_k9_3od_x1.0,none,6,S0030,596.391,205,624.724
D_k9_3od_x1.0,none,7,S0005,592.2565,201,595.088
D_k9_3od_x1.0,none,7,S0005,592.2565,202,619.479
D_k9_3od_x1.0,none,7,S0005,592.2565,203,605.567
D_k9_3od_x1.0,none,7,S0005,592.2565,204,639.6995
D_k9_3od_x1.0,none,7,S0005,592.2565,205,616.8475
D_k9_3od_x1.0,none,8,S0038,602.809,201,632.403
D_k9_3od_x1.0,none,8,S0038,602.809,202,654.524
D_k9_3od_x1.0,none,8,S0038,602.809,203,647.7045
D_k9_3od_x1.0,none,8,S0038,602.809,204,622.0635
D_k9_3od_x1.0,none,8,S0038,602.809,205,630.459
D_k9_3od_x1.0,none,9,S0015,606.4555,201,611.8395
D_k9_3od_x1.0,none,9,S0015,606.4555,202,648.085
D_k9_3od_x1.0,none,9,S0015,606.4555,203,656.247
D_k9_3od_x1.0,none,9,S0015,606.4555,204,659.352
D_k9_3od_x1.0,none,9,S0015,606.4555,205,640.437
D_k9_3od_x1.2,both,0,S0032,675.7425,201,698.9604166666667
D_k9_3od_x1.2,both,0,S0032,675.7425,202,691.3295833333333
D_k9_3od_x1.2,both,0,S0032,675.7425,203,681.7279166666667
D_k9_3od_x1.2,both,0,S0032,675.7425,204,682.29875
D_k9_3od_x1.2,both,0,S0032,675.7425,205,691.9520833333333
D_k9_3od_x1.2,both,1,S0008,674.2033333333334,201,674.3770833333333
D_k9_3od_x1.2,both,1,S0008,674.2033333333334,202,683.4575
D_k9_3od_x1.2,both,1,S0008,674.2033333333334,203,689.3391666666666
D_k9_3od_x1.2,both,1,S0008,674.2033333333334,204,680.3408333333333
D_k9_3od_x1.2,both,1,S0008,674.2033333333334,205,678.4591666666666
D_k9_3od_x1.2,both,2,S0018,667.4633333333334,201,683.4075
D_k9_3od_x1.2,both,2,S0018,667.4633333333334,202,690.82125
D_k9_3od_x1.2,both,2,S0018,667.4633333333334,203,702.5983333333334
D_k9_3od_x1.2,both,2,S0018,667.4633333333334,204,673.8229166666666
D_k9_3od_x1.2,both,2,S0018,667.4633333333334,205,685.0208333333334
D_k9_3od_x1.2,both,3,S0029,667.9395833333333,201,681.07375
D_k9_3od_x1.2,both,3,S0029,667.9395833333333,202,678.19375
D_k9_3od_x1.2,both,3,S0029,667.9395833333333,203,693.825
D_k9_3od_x1.2,both,3,S0029,667.9395833333333,204,684.44875
D_k9_3od_x1.2,both,3,S0029,667.9395833333333,205,672.1233333333333
D_k9_3od_x1.2,both,4,S0005,668.58625,201,686.3304166666667
D_k9_3od_x1.2,both,4,S0005,668.58625,202,693.3470833333333
D_k9_3od_x1.2,both,4,S0005,668.58625,203,689.8983333333333
D_k9_3od_x1.2,both,4,S0005,668.58625,204,694.1508333333334
D_k9_3od_x1.2,both,4,S0005,668.58625,205,686.3929166666667
D_k9_3od_x1.2,both,5,S0003,663.85875,201,683.58375
D_k9_3od_x1.2,both,5,S0003,663.85875,202,686.2679166666667
D_k9_3od_x1.2,both,5,S0003,663.85875,203,676.0475
D_k9_3od_x1.2,both,5,S0003,663.85875,204,682.3566666666667
D_k9_3od_x1.2,both,5,S0003,663.85875,205,682.2770833333333
D_k9_3od_x1.2,both,6,S0033,672.9654166666667,201,707.21375
D_k9_3od_x1.2,both,6,S0033,672.9654166666667,202,680.1579166666667
D_k9_3od_x1.2,both,6,S0033,672.9654166666667,203,701.255
D_k9_3od_x1.2,both,6,S0033,672.9654166666667,204,690.5725
D_k9_3od_x1.2,both,6,S0033,672.9654166666667,205,689.83
D_k9_3od_x1.2,both,7,S0020,666.4483333333334,201,676.2516666666667
D_k9_3od_x1.2,both,7,S0020,666.4483333333334,202,675.2608333333334
D_k9_3od_x1.2,both,7,S0020,666.4483333333334,203,686.4354166666667
D_k9_3od_x1.2,both,7,S0020,666.4483333333334,204,670.1954166666667
D_k9_3od_x1.2,both,7,S0020,666.4483333333334,205,687.8779166666667
D_k9_3od_x1.2,both,8,S0035,670.9716666666667,201,702.6558333333334
D_k9_3od_x1.2,both,8,S0035,670.9716666666667,202,692.1408333333334
D_k9_3od_x1.2,both,8,S0035,670.9716666666667,203,689.8579166666667
D_k9_3od_x1.2,both,8,S0035,670.9716666666667,204,676.6145833333334
D_k9_3od_x1.2,both,8,S0035,670.9716666666667,205,684.0154166666666
D_k9_3od_x1.2,both,9,S0009,674.3495833333334,201,693.8158333333333
D_k9_3od_x1.2,both,9,S0009,674.3495833333334,202,685.8533333333334
D_k9_3od_x1.2,both,9,S0009,674.3495833333334,203,696.8829166666667
D_k9_3od_x1.2,both,9,S0009,674.3495833333334,204,692.5191666666667
D_k9_3od_x1.2,both,9,S0009,674.3495833333334,205,686.9583333333334
D_k9_3od_x1.2,init,0,S0028,673.1245833333334,201,690.39
D_k9_3od_x1.2,init,0,S0028,673.1245833333334,202,684.0954166666667
D_k9_3od_x1.2,init,0,S0028,673.1245833333334,203,697.8545833333334
D_k9_3od_x1.2,init,0,S0028,673.1245833333334,204,684.7195833333334
D_k9_3od_x1.2,init,0,S0028,673.1245833333334,205,685.5358333333334
D_k9_3od_x1.2,init,1,S0000,672.5483333333333,201,699.2991666666667
D_k9_3od_x1.2,init,1,S0000,672.5483333333333,202,701.9070833333334
D_k9_3od_x1.2,init,1,S0000,672.5483333333333,203,722.8033333333333
D_k9_3od_x1.2,init,1,S0000,672.5483333333333,204,714.17
D_k9_3od_x1.2,init,1,S0000,672.5483333333333,205,689.1158333333333
D_k9_3od_x1.2,init,2,S0025,670.2295833333334,201,680.6641666666667
D_k9_3od_x1.2,init,2,S0025,670.2295833333334,202,685.2429166666667
D_k9_3od_x1.2,init,2,S0025,670.2295833333334,203,691.1904166666667
D_k9_3od_x1.2,init,2,S0025,670.2295833333334,204,692.3229166666666
D_k9_3od_x1.2,init,2,S0025,670.2295833333334,205,687.23125
D_k9_3od_x1.2,init,3,S0001,672.62375,201,702.4620833333333
D_k9_3od_x1.2,init,3,S0001,672.62375,202,696.4779166666667
D_k9_3od_x1.2,init,3,S0001,672.62375,203,683.1108333333333
D_k9_3od_x1.2,init,3,S0001,672.62375,204,681.5133333333333
D_k9_3od_x1.2,init,3,S0001,672.62375,205,702.78875
D_k9_3od_x1.2,init,4,S0006,671.2183333333334,201,672.115
D_k9_3od_x1.2,init,4,S0006,671.2183333333334,202,685.2220833333333
D_k9_3od_x1.2,init,4,S0006,671.2183333333334,203,673.2625
D_k9_3od_x1.2,init,4,S0006,671.2183333333334,204,667.2758333333334
D_k9_3od_x1.2,init,4,S0006,671.2183333333334,205,690.2825
D_k9_3od_x1.2,init,5,S0022,677.665,201,683.5454166666667
D_k9_3od_x1.2,init,5,S0022,677.665,202,694.0366666666666
D_k9_3od_x1.2,init,5,S0022,677.665,203,678.4841666666666
D_k9_3od_x1.2,init,5,S0022,677.665,204,682.2033333333334
D_k9_3od_x1.2,init,5,S0022,677.665,205,684.4566666666667
D_k9_3od_x1.2,init,6,S0021,672.1866666666666,201,677.2695833333333
D_k9_3od_x1.2,init,6,S0021,672.1866666666666,202,686.3175
D_k9_3od_x1.2,init,6,S0021,672.1866666666666,203,684.1116666666667
D_k9_3od_x1.2,init,6,S0021,672.1866666666666,204,691.22875
D_k9_3od_x1.2,init,6,S0021,672.1866666666666,205,688.1495833333333
D_k9_3od_x1.2,init,7,S0030,671.2058333333333,201,705.5429166666667
D_k9_3od_x1.2,init,7,S0030,671.2058333333333,202,699.1925
D_k9_3od_x1.2,init,7,S0030,671.2058333333333,203,692.3133333333334
D_k9_3od_x1.2,init,7,S0030,671.2058333333333,204,694.3854166666666
D_k9_3od_x1.2,init,7,S0030,671.2058333333333,205,683.5370833333334
D_k9_3od_x1.2,init,8,S0023,674.6758333333333,201,688.4275
D_k9_3od_x1.2,init,8,S0023,674.6758333333333,202,702.9129166666667
D_k9_3od_x1.2,init,8,S0023,674.6758333333333,203,670.9045833333333
D_k9_3od_x1.2,init,8,S0023,674.6758333333333,204,678.6391666666667
D_k9_3od_x1.2,init,8,S0023,674.6758333333333,205,710.5158333333334
D_k9_3od_x1.2,init,9,S0027,669.47125,201,682.8658333333333
D_k9_3od_x1.2,init,9,S0027,669.47125,202,698.2558333333334
D_k9_3od_x1.2,init,9,S0027,669.47125,203,700.41
D_k9_3od_x1.2,init,9,S0027,669.47125,204,680.4291666666667
D_k9_3od_x1.2,init,9,S0027,669.47125,205,695.3779166666667
D_k9_3od_x1.2,mutation,0,S0011,671.3633333333333,201,703.82125
D_k9_3od_x1.2,mutation,0,S0011,671.3633333333333,202,694.475
D_k9_3od_x1.2,mutation,0,S0011,671.3633333333333,203,692.0625
D_k9_3od_x1.2,mutation,0,S0011,671.3633333333333,204,681.4720833333333
D_k9_3od_x1.2,mutation,0,S0011,671.3633333333333,205,671.4183333333333
D_k9_3od_x1.2,mutation,1,S0037,668.3204166666667,201,703.37375
D_k9_3od_x1.2,mutation,1,S0037,668.3204166666667,202,685.5795833333333
D_k9_3od_x1.2,mutation,1,S0037,668.3204166666667,203,685.6225
D_k9_3od_x1.2,mutation,1,S0037,668.3204166666667,204,690.1220833333333
D_k9_3od_x1.2,mutation,1,S0037,668.3204166666667,205,686.1354166666666
D_k9_3od_x1.2,mutation,2,S0015,667.8170833333334,201,691.1245833333334
D_k9_3od_x1.2,mutation,2,S0015,667.8170833333334,202,697.3291666666667
D_k9_3od_x1.2,mutation,2,S0015,667.8170833333334,203,687.5995833333334
D_k9_3od_x1.2,mutation,2,S0015,667.8170833333334,204,696.82125
D_k9_3od_x1.2,mutation,2,S0015,667.8170833333334,205,678.74
D_k9_3od_x1.2,mutation,3,S0017,666.865,201,719.0370833333334
D_k9_3od_x1.2,mutation,3,S0017,666.865,202,693.1041666666666
D_k9_3od_x1.2,mutation,3,S0017,666.865,203,700.9241666666667
D_k9_3od_x1.2,mutation,3,S0017,666.865,204,699.15875
D_k9_3od_x1.2,mutation,3,S0017,666.865,205,692.7241666666666
D_k9_3od_x1.2,mutation,4,S0039,670.7929166666667,201,694.7141666666666
D_k9_3od_x1.2,mutation,4,S0039,670.7929166666667,202,700.8125
D_k9_3od_x1.2,mutation,4,S0039,670.7929166666667,203,695.62875
D_k9_3od_x1.2,mutation,4,S0039,670.7929166666667,204,684.0195833333333
D_k9_3od_x1.2,mutation,4,S0039,670.7929166666667,205,689.4495833333333
D_k9_3od_x1.2,mutation,5,S0016,668.7425,201,693.1616666666666
D_k9_3od_x1.2,mutation,5,S0016,668.7425,202,684.5479166666667
D_k9_3od_x1.2,mutation,5,S0016,668.7425,203,688.4045833333333
D_k9_3od_x1.2,mutation,5,S0016,668.7425,204,691.3895833333333
D_k9_3od_x1.2,mutation,5,S0016,668.7425,205,675.2395833333334
D_k9_3od_x1.2,mutation,6,S0034,667.71625,201,681.4025
D_k9_3od_x1.2,mutation,6,S0034,667.71625,202,675.84125
D_k9_3od_x1.2,mutation,6,S0034,667.71625,203,683.6129166666667
D_k9_3od_x1.2,mutation,6,S0034,667.71625,204,670.1204166666666
D_k9_3od_x1.2,mutation,6,S0034,667.71625,205,689.87375
D_k9_3od_x1.2,mutation,7,S0010,663.3733333333333,201,689.0345833333333
D_k9_3od_x1.2,mutation,7,S0010,663.3733333333333,202,681.1529166666667
D_k9_3od_x1.2,mutation,7,S0010,663.3733333333333,203,693.75875
D_k9_3od_x1.2,mutation,7,S0010,663.3733333333333,204,687.1504166666666
D_k9_3od_x1.2,mutation,7,S0010,663.3733333333333,205,689.6333333333333
D_k9_3od_x1.2,mutation,8,S0019,669.1725,201,704.9008333333334
D_k9_3od_x1.2,mutation,8,S0019,669.1725,202,695.4841666666666
D_k9_3od_x1.2,mutation,8,S0019,669.1725,203,719.6933333333334
D_k9_3od_x1.2,mutation,8,S0019,669.1725,204,698.7895833333333
D_k9_3od_x1.2,mutation,8,S0019,669.1725,205,686.6295833333334
D_k9_3od_x1.2,mutation,9,S0012,668.6275,201,679.1633333333333
D_k9_3od_x1.2,mutation,9,S0012,668.6275,202,671.8325
D_k9_3od_x1.2,mutation,9,S0012,668.6275,203,693.0195833333333
D_k9_3od_x1.2,mutation,9,S0012,668.6275,204,675.8816666666667
D_k9_3od_x1.2,mutation,9,S0012,668.6275,205,688.1345833333334
D_k9_3od_x1.2,none,0,S0024,670.1345833333334,201,670.69375
D_k9_3od_x1.2,none,0,S0024,670.1345833333334,202,692.0908333333333
D_k9_3od_x1.2,none,0,S0024,670.1345833333334,203,700.3654166666666
D_k9_3od_x1.2,none,0,S0024,670.1345833333334,204,681.9520833333333
D_k9_3od_x1.2,none,0,S0024,670.1345833333334,205,682.27625
D_k9_3od_x1.2,none,1,S0036,674.9004166666666,201,696.6841666666667
D_k9_3od_x1.2,none,1,S0036,674.9004166666666,202,690.4758333333333
D_k9_3od_x1.2,none,1,S0036,674.9004166666666,203,690.2904166666667
D_k9_3od_x1.2,none,1,S0036,674.9004166666666,204,689.3825
D_k9_3od_x1.2,none,1,S0036,674.9004166666666,205,697.61375
D_k9_3od_x1.2,none,2,S0007,671.9154166666667,201,698.88125
D_k9_3od_x1.2,none,2,S0007,671.9154166666667,202,699.5820833333333
D_k9_3od_x1.2,none,2,S0007,671.9154166666667,203,689.7633333333333
D_k9_3od_x1.2,none,2,S0007,671.9154166666667,204,683.51125
D_k9_3od_x1.2,none,2,S0007,671.9154166666667,205,685.9091666666667
D_k9_3od_x1.2,none,3,S0031,668.6995833333333,201,692.7675
D_k9_3od_x1.2,none,3,S0031,668.6995833333333,202,692.1408333333334
D_k9_3od_x1.2,none,3,S0031,668.6995833333333,203,689.8579166666667
D_k9_3od_x1.2,none,3,S0031,668.6995833333333,204,687.5008333333334
D_k9_3od_x1.2,none,3,S0031,668.6995833333333,205,683.4908333333333
D_k9_3od_x1.2,none,4,S0014,673.9125,201,684.2054166666667
D_k9_3od_x1.2,none,4,S0014,673.9125,202,686.1695833333333
D_k9_3od_x1.2,none,4,S0014,673.9125,203,699.1533333333333
D_k9_3od_x1.2,none,4,S0014,673.9125,204,691.6645833333333
D_k9_3od_x1.2,none,4,S0014,673.9125,205,686.9045833333333
D_k9_3od_x1.2,none,5,S0013,669.3716666666667,201,709.0433333333333
D_k9_3od_x1.2,none,5,S0013,669.3716666666667,202,704.3916666666667
D_k9_3od_x1.2,none,5,S0013,669.3716666666667,203,719.4975
D_k9_3od_x1.2,none,5,S0013,669.3716666666667,204,682.4733333333334
D_k9_3od_x1.2,none,5,S0013,669.3716666666667,205,716.02625
D_k9_3od_x1.2,none,6,S0002,673.5254166666666,201,697.6095833333334
D_k9_3od_x1.2,none,6,S0002,673.5254166666666,202,689.72875
D_k9_3od_x1.2,none,6,S0002,673.5254166666666,203,694.9070833333334
D_k9_3od_x1.2,none,6,S0002,673.5254166666666,204,684.8804166666666
D_k9_3od_x1.2,none,6,S0002,673.5254166666666,205,693.61625
D_k9_3od_x1.2,none,7,S0026,666.9358333333333,201,704.4070833333334
D_k9_3od_x1.2,none,7,S0026,666.9358333333333,202,682.2208333333333
D_k9_3od_x1.2,none,7,S0026,666.9358333333333,203,683.9383333333334
D_k9_3od_x1.2,none,7,S0026,666.9358333333333,204,682.46375
D_k9_3od_x1.2,none,7,S0026,666.9358333333333,205,689.4079166666667
D_k9_3od_x1.2,none,8,S0038,662.5358333333334,201,685.24625
D_k9_3od_x1.2,none,8,S0038,662.5358333333334,202,695.4675
D_k9_3od_x1.2,none,8,S0038,662.5358333333334,203,681.8375
D_k9_3od_x1.2,none,8,S0038,662.5358333333334,204,685.0979166666667
D_k9_3od_x1.2,none,8,S0038,662.5358333333334,205,677.4666666666667
D_k9_3od_x1.2,none,9,S0004,671.7133333333334,201,691.7304166666667
D_k9_3od_x1.2,none,9,S0004,671.7133333333334,202,693.8041666666667
D_k9_3od_x1.2,none,9,S0004,671.7133333333334,203,693.5733333333334
D_k9_3od_x1.2,none,9,S0004,671.7133333333334,204,689.5366666666666
D_k9_3od_x1.2,none,9,S0004,671.7133333333334,205,690.0679166666666
J_k9_6od_x0.8,both,0,S0017,328.0108333333333,201,335.3875
J_k9_6od_x0.8,both,0,S0017,328.0108333333333,202,328.52916666666664
J_k9_6od_x0.8,both,0,S0017,328.0108333333333,203,329.895
J_k9_6od_x0.8,both,0,S0017,328.0108333333333,204,327.5375
J_k9_6od_x0.8,both,0,S0017,328.0108333333333,205,325.01416666666665
J_k9_6od_x0.8,both,1,S0032,328.0108333333333,201,335.3875
J_k9_6od_x0.8,both,1,S0032,328.0108333333333,202,328.52916666666664
J_k9_6od_x0.8,both,1,S0032,328.0108333333333,203,329.895
J_k9_6od_x0.8,both,1,S0032,328.0108333333333,204,327.5375
J_k9_6od_x0.8,both,1,S0032,328.0108333333333,205,325.01416666666665
J_k9_6od_x0.8,both,2,S0036,343.9475,201,348.97583333333336
J_k9_6od_x0.8,both,2,S0036,343.9475,202,363.715
J_k9_6od_x0.8,both,2,S0036,343.9475,203,342.63416666666666
J_k9_6od_x0.8,both,2,S0036,343.9475,204,359.44083333333333
J_k9_6od_x0.8,both,2,S0036,343.9475,205,346.4875
J_k9_6od_x0.8,both,3,S0016,328.0108333333333,201,335.3875
J_k9_6od_x0.8,both,3,S0016,328.0108333333333,202,328.52916666666664
J_k9_6od_x0.8,both,3,S0016,328.0108333333333,203,329.895
J_k9_6od_x0.8,both,3,S0016,328.0108333333333,204,327.5375
J_k9_6od_x0.8,both,3,S0016,328.0108333333333,205,325.01416666666665
J_k9_6od_x0.8,both,4,S0035,328.0108333333333,201,335.3875
J_k9_6od_x0.8,both,4,S0035,328.0108333333333,202,328.52916666666664
J_k9_6od_x0.8,both,4,S0035,328.0108333333333,203,329.895
J_k9_6od_x0.8,both,4,S0035,328.0108333333333,204,327.5375
J_k9_6od_x0.8,both,4,S0035,328.0108333333333,205,325.01416666666665
J_k9_6od_x0.8,both,5,S0004,327.8825,201,331.4275
J_k9_6od_x0.8,both,5,S0004,327.8825,202,335.63
J_k9_6od_x0.8,both,5,S0004,327.8825,203,331.80833333333334
J_k9_6od_x0.8,both,5,S0004,327.8825,204,333.45916666666665
J_k9_6od_x0.8,both,5,S0004,327.8825,205,327.4841666666667
J_k9_6od_x0.8,both,6,S0033,334.2925,201,346.91083333333336
J_k9_6od_x0.8,both,6,S0033,334.2925,202,338.0566666666667
J_k9_6od_x0.8,both,6,S0033,334.2925,203,353.185
J_k9_6od_x0.8,both,6,S0033,334.2925,204,354.3491666666667
J_k9_6od_x0.8,both,6,S0033,334.2925,205,361.52666666666664
J_k9_6od_x0.8,both,7,S0028,327.0416666666667,201,326.2025
J_k9_6od_x0.8,both,7,S0028,327.0416666666667,202,326.33
J_k9_6od_x0.8,both,7,S0028,327.0416666666667,203,329.0683333333333
J_k9_6od_x0.8,both,7,S0028,327.0416666666667,204,326.1383333333333
J_k9_6od_x0.8,both,7,S0028,327.0416666666667,205,326.9166666666667
J_k9_6od_x0.8,both,8,S0012,328.0108333333333,201,335.3875
J_k9_6od_x0.8,both,8,S0012,328.0108333333333,202,328.52916666666664
J_k9_6od_x0.8,both,8,S0012,328.0108333333333,203,329.895
J_k9_6od_x0.8,both,8,S0012,328.0108333333333,204,327.5375
J_k9_6od_x0.8,both,8,S0012,328.0108333333333,205,325.01416666666665
J_k9_6od_x0.8,both,9,S0003,327.0416666666667,201,326.2025
J_k9_6od_x0.8,both,9,S0003,327.0416666666667,202,326.33
J_k9_6od_x0.8,both,9,S0003,327.0416666666667,203,329.0683333333333
J_k9_6od_x0.8,both,9,S0003,327.0416666666667,204,326.1383333333333
J_k9_6od_x0.8,both,9,S0003,327.0416666666667,205,326.9166666666667
J_k9_6od_x0.8,init,0,S0017,328.0108333333333,201,335.3875
J_k9_6od_x0.8,init,0,S0017,328.0108333333333,202,328.52916666666664
J_k9_6od_x0.8,init,0,S0017,328.0108333333333,203,329.895
J_k9_6od_x0.8,init,0,S0017,328.0108333333333,204,327.5375
J_k9_6od_x0.8,init,0,S0017,328.0108333333333,205,325.01416666666665
J_k9_6od_x0.8,init,1,S0000,327.635,201,329.07916666666665
J_k9_6od_x0.8,init,1,S0000,327.635,202,329.5258333333333
J_k9_6od_x0.8,init,1,S0000,327.635,203,328.2558333333333
J_k9_6od_x0.8,init,1,S0000,327.635,204,333.21416666666664
J_k9_6od_x0.8,init,1,S0000,327.635,205,329.66583333333335
J_k9_6od_x0.8,init,2,S0011,328.0108333333333,201,335.3875
J_k9_6od_x0.8,init,2,S0011,328.0108333333333,202,328.52916666666664
J_k9_6od_x0.8,init,2,S0011,328.0108333333333,203,329.895
J_k9_6od_x0.8,init,2,S0011,328.0108333333333,204,327.5375
J_k9_6od_x0.8,init,2,S0011,328.0108333333333,205,325.01416666666665
J_k9_6od_x0.8,init,3,S0037,328.0108333333333,201,335.3875
J_k9_6od_x0.8,init,3,S0037,328.0108333333333,202,328.52916666666664
J_k9_6od_x0.8,init,3,S0037,328.0108333333333,203,329.895
J_k9_6od_x0.8,init,3,S0037,328.0108333333333,204,327.5375
J_k9_6od_x0.8,init,3,S0037,328.0108333333333,205,325.01416666666665
J_k9_6od_x0.8,init,4,S0035,328.0108333333333,201,335.3875
J_k9_6od_x0.8,init,4,S0035,328.0108333333333,202,328.52916666666664
J_k9_6od_x0.8,init,4,S0035,328.0108333333333,203,329.895
J_k9_6od_x0.8,init,4,S0035,328.0108333333333,204,327.5375
J_k9_6od_x0.8,init,4,S0035,328.0108333333333,205,325.01416666666665
J_k9_6od_x0.8,init,5,S0008,328.0108333333333,201,335.3875
J_k9_6od_x0.8,init,5,S0008,328.0108333333333,202,328.52916666666664
J_k9_6od_x0.8,init,5,S0008,328.0108333333333,203,329.895
J_k9_6od_x0.8,init,5,S0008,328.0108333333333,204,327.5375
J_k9_6od_x0.8,init,5,S0008,328.0108333333333,205,325.01416666666665
J_k9_6od_x0.8,init,6,S0001,325.16333333333336,201,325.64666666666665
J_k9_6od_x0.8,init,6,S0001,325.16333333333336,202,327.1616666666667
J_k9_6od_x0.8,init,6,S0001,325.16333333333336,203,327.34
J_k9_6od_x0.8,init,6,S0001,325.16333333333336,204,325.62333333333333
J_k9_6od_x0.8,init,6,S0001,325.16333333333336,205,325.65166666666664
J_k9_6od_x0.8,init,7,S0005,325.3833333333333,201,324.385
J_k9_6od_x0.8,init,7,S0005,325.3833333333333,202,328.9941666666667
J_k9_6od_x0.8,init,7,S0005,325.3833333333333,203,327.6225
J_k9_6od_x0.8,init,7,S0005,325.3833333333333,204,326.4816666666667
J_k9_6od_x0.8,init,7,S0005,325.3833333333333,205,326.23333333333335
J_k9_6od_x0.8,init,8,S0010,328.0108333333333,201,335.3875
J_k9_6od_x0.8,init,8,S0010,328.0108333333333,202,328.52916666666664
J_k9_6od_x0.8,init,8,S0010,328.0108333333333,203,329.895
J_k9_6od_x0.8,init,8,S0010,328.0108333333333,204,327.5375
J_k9_6od_x0.8,init,8,S0010,328.0108333333333,205,325.01416666666665
J_k9_6od_x0.8,init,9,S0006,328.0108333333333,201,335.3875
J_k9_6od_x0.8,init,9,S0006,328.0108333333333,202,328.52916666666664
J_k9_6od_x0.8,init,9,S0006,328.0108333333333,203,329.895
J_k9_6od_x0.8,init,9,S0006,328.0108333333333,204,327.5375
J_k9_6od_x0.8,init,9,S0006,328.0108333333333,205,325.01416666666665
J_k9_6od_x0.8,mutation,0,S0014,322.17333333333335,201,324.68083333333334
J_k9_6od_x0.8,mutation,0,S0014,322.17333333333335,202,352.0283333333333
J_k9_6od_x0.8,mutation,0,S0014,322.17333333333335,203,336.6383333333333
J_k9_6od_x0.8,mutation,0,S0014,322.17333333333335,204,396.95166666666665
J_k9_6od_x0.8,mutation,0,S0014,322.17333333333335,205,398.975
J_k9_6od_x0.8,mutation,1,S0029,326.71,201,329.5125
J_k9_6od_x0.8,mutation,1,S0029,326.71,202,329.2441666666667
J_k9_6od_x0.8,mutation,1,S0029,326.71,203,329.9775
J_k9_6od_x0.8,mutation,1,S0029,326.71,204,329.315
J_k9_6od_x0.8,mutation,1,S0029,326.71,205,325.55
J_k9_6od_x0.8,mutation,2,S0034,343.9475,201,348.97583333333336
J_k9_6od_x0.8,mutation,2,S0034,343.9475,202,363.715
J_k9_6od_x0.8,mutation,2,S0034,343.9475,203,342.63416666666666
J_k9_6od_x0.8,mutation,2,S0034,343.9475,204,359.44083333333333
J_k9_6od_x0.8,mutation,2,S0034,343.9475,205,346.4875
J_k9_6od_x0.8,mutation,3,S0002,325.3833333333333,201,325.54
J_k9_6od_x0.8,mutation,3,S0002,325.3833333333333,202,327.59
J_k9_6od_x0.8,mutation,3,S0002,325.3833333333333,203,327.6225
J_k9_6od_x0.8,mutation,3,S0002,325.3833333333333,204,326.4816666666667
J_k9_6od_x0.8,mutation,3,S0002,325.3833333333333,205,326.23333333333335
J_k9_6od_x0.8,mutation,4,S0015,327.8825,201,331.4275
J_k9_6od_x0.8,mutation,4,S0015,327.8825,202,335.63
J_k9_6od_x0.8,mutation,4,S0015,327.8825,203,331.80833333333334
J_k9_6od_x0.8,mutation,4,S0015,327.8825,204,333.45916666666665
J_k9_6od_x0.8,mutation,4,S0015,327.8825,205,327.4841666666667
J_k9_6od_x0.8,mutation,5,S0025,328.0108333333333,201,335.3875
J_k9_6od_x0.8,mutation,5,S0025,328.0108333333333,202,328.52916666666664
J_k9_6od_x0.8,mutation,5,S0025,328.0108333333333,203,329.895
J_k9_6od_x0.8,mutation,5,S0025,328.0108333333333,204,327.5375
J_k9_6od_x0.8,mutation,5,S0025,328.0108333333333,205,325.01416666666665
J_k9_6od_x0.8,mutation,6,S0022,328.0108333333333,201,335.3875
J_k9_6od_x0.8,mutation,6,S0022,328.0108333333333,202,328.52916666666664
J_k9_6od_x0.8,mutation,6,S0022,328.0108333333333,203,329.895
J_k9_6od_x0.8,mutation,6,S0022,328.0108333333333,204,327.5375
J_k9_6od_x0.8,mutation,6,S0022,328.0108333333333,205,325.01416666666665
J_k9_6od_x0.8,mutation,7,S0018,328.0108333333333,201,335.3875
J_k9_6od_x0.8,mutation,7,S0018,328.0108333333333,202,328.52916666666664
J_k9_6od_x0.8,mutation,7,S0018,328.0108333333333,203,329.895
J_k9_6od_x0.8,mutation,7,S0018,328.0108333333333,204,327.5375
J_k9_6od_x0.8,mutation,7,S0018,328.0108333333333,205,325.01416666666665
J_k9_6od_x0.8,mutation,8,S0023,328.0108333333333,201,335.3875
J_k9_6od_x0.8,mutation,8,S0023,328.0108333333333,202,328.52916666666664
J_k9_6od_x0.8,mutation,8,S0023,328.0108333333333,203,329.895
J_k9_6od_x0.8,mutation,8,S0023,328.0108333333333,204,327.5375
J_k9_6od_x0.8,mutation,8,S0023,328.0108333333333,205,325.01416666666665
J_k9_6od_x0.8,mutation,9,S0030,327.635,201,329.07916666666665
J_k9_6od_x0.8,mutation,9,S0030,327.635,202,329.5258333333333
J_k9_6od_x0.8,mutation,9,S0030,327.635,203,328.2558333333333
J_k9_6od_x0.8,mutation,9,S0030,327.635,204,333.21416666666664
J_k9_6od_x0.8,mutation,9,S0030,327.635,205,329.66583333333335
J_k9_6od_x0.8,none,0,S0027,326.0025,201,339.3833333333333
J_k9_6od_x0.8,none,0,S0027,326.0025,202,339.26666666666665
J_k9_6od_x0.8,none,0,S0027,326.0025,203,327.77166666666665
J_k9_6od_x0.8,none,0,S0027,326.0025,204,359.56583333333333
J_k9_6od_x0.8,none,0,S0027,326.0025,205,323.4633333333333
J_k9_6od_x0.8,none,1,S0031,328.0108333333333,201,335.3875
J_k9_6od_x0.8,none,1,S0031,328.0108333333333,202,328.52916666666664
J_k9_6od_x0.8,none,1,S0031,328.0108333333333,203,329.895
J_k9_6od_x0.8,none,1,S0031,328.0108333333333,204,327.5375
J_k9_6od_x0.8,none,1,S0031,328.0108333333333,205,325.01416666666665
J_k9_6od_x0.8,none,2,S0024,328.0108333333333,201,335.3875
J_k9_6od_x0.8,none,2,S0024,328.0108333333333,202,328.52916666666664
J_k9_6od_x0.8,none,2,S0024,328.0108333333333,203,329.895
J_k9_6od_x0.8,none,2,S0024,328.0108333333333,204,327.5375
J_k9_6od_x0.8,none,2,S0024,328.0108333333333,205,325.01416666666665
J_k9_6od_x0.8,none,3,S0007,328.0108333333333,201,335.3875
J_k9_6od_x0.8,none,3,S0007,328.0108333333333,202,328.52916666666664
J_k9_6od_x0.8,none,3,S0007,328.0108333333333,203,329.895
J_k9_6od_x0.8,none,3,S0007,328.0108333333333,204,327.5375
J_k9_6od_x0.8,none,3,S0007,328.0108333333333,205,325.01416666666665
J_k9_6od_x0.8,none,4,S0026,328.0108333333333,201,335.3875
J_k9_6od_x0.8,none,4,S0026,328.0108333333333,202,328.52916666666664
J_k9_6od_x0.8,none,4,S0026,328.0108333333333,203,329.895
J_k9_6od_x0.8,none,4,S0026,328.0108333333333,204,327.5375
J_k9_6od_x0.8,none,4,S0026,328.0108333333333,205,325.01416666666665
J_k9_6od_x0.8,none,5,S0009,328.0108333333333,201,335.3875
J_k9_6od_x0.8,none,5,S0009,328.0108333333333,202,328.52916666666664
J_k9_6od_x0.8,none,5,S0009,328.0108333333333,203,329.895
J_k9_6od_x0.8,none,5,S0009,328.0108333333333,204,327.5375
J_k9_6od_x0.8,none,5,S0009,328.0108333333333,205,325.01416666666665
J_k9_6od_x0.8,none,6,S0021,328.0108333333333,201,335.3875
J_k9_6od_x0.8,none,6,S0021,328.0108333333333,202,328.52916666666664
J_k9_6od_x0.8,none,6,S0021,328.0108333333333,203,329.895
J_k9_6od_x0.8,none,6,S0021,328.0108333333333,204,327.5375
J_k9_6od_x0.8,none,6,S0021,328.0108333333333,205,325.01416666666665
J_k9_6od_x0.8,none,7,S0020,325.3833333333333,201,325.9166666666667
J_k9_6od_x0.8,none,7,S0020,325.3833333333333,202,327.40166666666664
J_k9_6od_x0.8,none,7,S0020,325.3833333333333,203,327.54083333333335
J_k9_6od_x0.8,none,7,S0020,325.3833333333333,204,326.4916666666667
J_k9_6od_x0.8,none,7,S0020,325.3833333333333,205,325.5158333333333
J_k9_6od_x0.8,none,8,S0019,327.635,201,329.07916666666665
J_k9_6od_x0.8,none,8,S0019,327.635,202,329.5258333333333
J_k9_6od_x0.8,none,8,S0019,327.635,203,328.2558333333333
J_k9_6od_x0.8,none,8,S0019,327.635,204,333.21416666666664
J_k9_6od_x0.8,none,8,S0019,327.635,205,329.66583333333335
J_k9_6od_x0.8,none,9,S0013,326.2391666666667,201,358.01916666666665
J_k9_6od_x0.8,none,9,S0013,326.2391666666667,202,335.80916666666667
J_k9_6od_x0.8,none,9,S0013,326.2391666666667,203,349.965
J_k9_6od_x0.8,none,9,S0013,326.2391666666667,204,358.7225
J_k9_6od_x0.8,none,9,S0013,326.2391666666667,205,347.4633333333333
J_k9_6od_x1.0,both,0,S0027,373.832,201,346.00466666666665
J_k9_6od_x1.0,both,0,S0027,373.832,202,353.17
J_k9_6od_x1.0,both,0,S0027,373.832,203,364.18466666666666
J_k9_6od_x1.0,both,0,S0027,373.832,204,362.2013333333333
J_k9_6od_x1.0,both,0,S0027,373.832,205,348.114
J_k9_6od_x1.0,both,1,S0018,373.832,201,346.00466666666665
J_k9_6od_x1.0,both,1,S0018,373.832,202,353.17
J_k9_6od_x1.0,both,1,S0018,373.832,203,364.18466666666666
J_k9_6od_x1.0,both,1,S0018,373.832,204,362.2013333333333
J_k9_6od_x1.0,both,1,S0018,373.832,205,348.114
J_k9_6od_x1.0,both,2,S0008,366.2073333333333,201,367.9746666666667
J_k9_6od_x1.0,both,2,S0008,366.2073333333333,202,407.1413333333333
J_k9_6od_x1.0,both,2,S0008,366.2073333333333,203,390.0706666666667
J_k9_6od_x1.0,both,2,S0008,366.2073333333333,204,388.982
J_k9_6od_x1.0,both,2,S0008,366.2073333333333,205,368.808
J_k9_6od_x1.0,both,3,S0004,338.6173333333333,201,337.8706666666667
J_k9_6od_x1.0,both,3,S0004,338.6173333333333,202,341.54466666666667
J_k9_6od_x1.0,both,3,S0004,338.6173333333333,203,341.6646666666667
J_k9_6od_x1.0,both,3,S0004,338.6173333333333,204,342.2626666666667
J_k9_6od_x1.0,both,3,S0004,338.6173333333333,205,337.2273333333333
J_k9_6od_x1.0,both,4,S0013,324.6326666666667,201,324.23
J_k9_6od_x1.0,both,4,S0013,324.6326666666667,202,332.584
J_k9_6od_x1.0,both,4,S0013,324.6326666666667,203,332.1573333333333
J_k9_6od_x1.0,both,4,S0013,324.6326666666667,204,338.0973333333333
J_k9_6od_x1.0,both,4,S0013,324.6326666666667,205,328.4986666666667
J_k9_6od_x1.0,both,5,S0010,362.95866666666666,201,380.18066666666664
J_k9_6od_x1.0,both,5,S0010,362.95866666666666,202,366.87733333333335
J_k9_6od_x1.0,both,5,S0010,362.95866666666666,203,366.058
J_k9_6od_x1.0,both,5,S0010,362.95866666666666,204,377.78133333333335
J_k9_6od_x1.0,both,5,S0010,362.95866666666666,205,349.84133333333335
J_k9_6od_x1.0,both,6,S0036,373.832,201,346.00466666666665
J_k9_6od_x1.0,both,6,S0036,373.832,202,353.17
J_k9_6od_x1.0,both,6,S0036,373.832,203,364.18466666666666
J_k9_6od_x1.0,both,6,S0036,373.832,204,362.2013333333333
J_k9_6od_x1.0,both,6,S0036,373.832,205,348.114
J_k9_6od_x1.0,both,7,S0039,373.832,201,346.00466666666665
J_k9_6od_x1.0,both,7,S0039,373.832,202,353.17
J_k9_6od_x1.0,both,7,S0039,373.832,203,364.18466666666666
J_k9_6od_x1.0,both,7,S0039,373.832,204,362.2013333333333
J_k9_6od_x1.0,both,7,S0039,373.832,205,348.114
J_k9_6od_x1.0,both,8,S0006,359.05733333333336,201,363.9633333333333
J_k9_6od_x1.0,both,8,S0006,359.05733333333336,202,405.428
J_k9_6od_x1.0,both,8,S0006,359.05733333333336,203,395.58733333333333
J_k9_6od_x1.0,both,8,S0006,359.05733333333336,204,357.104
J_k9_6od_x1.0,both,8,S0006,359.05733333333336,205,361.40866666666665
J_k9_6od_x1.0,both,9,S0009,366.2073333333333,201,367.9746666666667
J_k9_6od_x1.0,both,9,S0009,366.2073333333333,202,407.1413333333333
J_k9_6od_x1.0,both,9,S0009,366.2073333333333,203,390.0706666666667
J_k9_6od_x1.0,both,9,S0009,366.2073333333333,204,388.982
J_k9_6od_x1.0,both,9,S0009,366.2073333333333,205,368.808
J_k9_6od_x1.0,init,0,S0021,362.95866666666666,201,380.18066666666664
J_k9_6od_x1.0,init,0,S0021,362.95866666666666,202,366.87733333333335
J_k9_6od_x1.0,init,0,S0021,362.95866666666666,203,366.058
J_k9_6od_x1.0,init,0,S0021,362.95866666666666,204,377.78133333333335
J_k9_6od_x1.0,init,0,S0021,362.95866666666666,205,349.84133333333335
J_k9_6od_x1.0,init,1,S0037,354.518,201,380.9293333333333
J_k9_6od_x1.0,init,1,S0037,354.518,202,378.3333333333333
J_k9_6od_x1.0,init,1,S0037,354.518,203,370.00533333333334
J_k9_6od_x1.0,init,1,S0037,354.518,204,353.29133333333334
J_k9_6od_x1.0,init,1,S0037,354.518,205,364.13
J_k9_6od_x1.0,init,2,S0034,373.832,201,346.00466666666665
J_k9_6od_x1.0,init,2,S0034,373.832,202,353.17
J_k9_6od_x1.0,init,2,S0034,373.832,203,364.18466666666666
J_k9_6od_x1.0,init,2,S0034,373.832,204,362.2013333333333
J_k9_6od_x1.0,init,2,S0034,373.832,205,348.114
J_k9_6od_x1.0,init,3,S0026,373.832,201,346.00466666666665
J_k9_6od_x1.0,init,3,S0026,373.832,202,353.17
J_k9_6od_x1.0,init,3,S0026,373.832,203,364.18466666666666
J_k9_6od_x1.0,init,3,S0026,373.832,204,362.2013333333333
J_k9_6od_x1.0,init,3,S0026,373.832,205,348.114
J_k9_6od_x1.0,init,4,S0020,368.0386666666666,201,363.974
J_k9_6od_x1.0,init,4,S0020,368.0386666666666,202,423.202
J_k9_6od_x1.0,init,4,S0020,368.0386666666666,203,356.13933333333335
J_k9_6od_x1.0,init,4,S0020,368.0386666666666,204,367.6906666666667
J_k9_6od_x1.0,init,4,S0020,368.0386666666666,205,361.0686666666667
J_k9_6od_x1.0,init,5,S0003,339.0613333333333,201,340.87
J_k9_6od_x1.0,init,5,S0003,339.0613333333333,202,350.89933333333335
J_k9_6od_x1.0,init,5,S0003,339.0613333333333,203,344.186
J_k9_6od_x1.0,init,5,S0003,339.0613333333333,204,341.66866666666664
J_k9_6od_x1.0,init,5,S0003,339.0613333333333,205,358.938
J_k9_6od_x1.0,init,6,S0001,324.6326666666667,201,324.23
J_k9_6od_x1.0,init,6,S0001,324.6326666666667,202,332.584
J_k9_6od_x1.0,init,6,S0001,324.6326666666667,203,332.1573333333333
J_k9_6od_x1.0,init,6,S0001,324.6326666666667,204,338.0973333333333
J_k9_6od_x1.0,init,6,S0001,324.6326666666667,205,328.4986666666667
J_k9_6od_x1.0,init,7,S0016,342.53333333333336,201,343.92533333333336
J_k9_6od_x1.0,init,7,S0016,342.53333333333336,202,359.77666666666664
J_k9_6od_x1.0,init,7,S0016,342.53333333333336,203,348.5106666666667
J_k9_6od_x1.0,init,7,S0016,342.53333333333336,204,342.62333333333333
J_k9_6od_x1.0,init,7,S0016,342.53333333333336,205,340.13
J_k9_6od_x1.0,init,8,S0019,382.194,201,372.40133333333335
J_k9_6od_x1.0,init,8,S0019,382.194,202,364.8233333333333
J_k9_6od_x1.0,init,8,S0019,382.194,203,366.2386666666667
J_k9_6od_x1.0,init,8,S0019,382.194,204,357.6426666666667
J_k9_6od_x1.0,init,8,S0019,382.194,205,352.75866666666667
J_k9_6od_x1.0,init,9,S0017,342.53333333333336,201,343.92533333333336
J_k9_6od_x1.0,init,9,S0017,342.53333333333336,202,359.77666666666664
J_k9_6od_x1.0,init,9,S0017,342.53333333333336,203,348.5106666666667
J_k9_6od_x1.0,init,9,S0017,342.53333333333336,204,342.62333333333333
J_k9_6od_x1.0,init,9,S0017,342.53333333333336,205,340.13
J_k9_6od_x1.0,mutation,0,S0030,374.48,201,377.32
J_k9_6od_x1.0,mutation,0,S0030,374.48,202,384.28133333333335
J_k9_6od_x1.0,mutation,0,S0030,374.48,203,381.03333333333336
J_k9_6od_x1.0,mutation,0,S0030,374.48,204,415.478
J_k9_6od_x1.0,mutation,0,S0030,374.48,205,408.08133333333336
J_k9_6od_x1.0,mutation,1,S0028,374.48,201,377.32
J_k9_6od_x1.0,mutation,1,S0028,374.48,202,384.28133333333335
J_k9_6od_x1.0,mutation,1,S0028,374.48,203,381.03333333333336
J_k9_6od_x1.0,mutation,1,S0028,374.48,204,415.478
J_k9_6od_x1.0,mutation,1,S0028,374.48,205,408.08133333333336
J_k9_6od_x1.0,mutation,2,S0031,372.484,201,351.2033333333333
J_k9_6od_x1.0,mutation,2,S0031,372.484,202,360.5846666666667
J_k9_6od_x1.0,mutation,2,S0031,372.484,203,392.74666666666667
J_k9_6od_x1.0,mutation,2,S0031,372.484,204,393.79333333333335
J_k9_6od_x1.0,mutation,2,S0031,372.484,205,352.9293333333333
J_k9_6od_x1.0,mutation,3,S0032,361.248,201,346.00466666666665
J_k9_6od_x1.0,mutation,3,S0032,361.248,202,352.98266666666666
J_k9_6od_x1.0,mutation,3,S0032,361.248,203,364.18466666666666
J_k9_6od_x1.0,mutation,3,S0032,361.248,204,362.2013333333333
J_k9_6od_x1.0,mutation,3,S0032,361.248,205,348.114
J_k9_6od_x1.0,mutation,4,S0025,373.832,201,346.00466666666665
J_k9_6od_x1.0,mutation,4,S0025,373.832,202,353.17
J_k9_6od_x1.0,mutation,4,S0025,373.832,203,364.18466666666666
J_k9_6od_x1.0,mutation,4,S0025,373.832,204,362.2013333333333
J_k9_6od_x1.0,mutation,4,S0025,373.832,205,348.114
J_k9_6od_x1.0,mutation,5,S0012,373.832,201,346.00466666666665
J_k9_6od_x1.0,mutation,5,S0012,373.832,202,353.17
J_k9_6od_x1.0,mutation,5,S0012,373.832,203,364.18466666666666
J_k9_6od_x1.0,mutation,5,S0012,373.832,204,362.2013333333333
J_k9_6od_x1.0,mutation,5,S0012,373.832,205,348.114
J_k9_6od_x1.0,mutation,6,S0033,373.832,201,346.00466666666665
J_k9_6od_x1.0,mutation,6,S0033,373.832,202,353.17
J_k9_6od_x1.0,mutation,6,S0033,373.832,203,364.18466666666666
J_k9_6od_x1.0,mutation,6,S0033,373.832,204,362.2013333333333
J_k9_6od_x1.0,mutation,6,S0033,373.832,205,348.114
J_k9_6od_x1.0,mutation,7,S0038,380.0353333333333,201,389.1566666666667
J_k9_6od_x1.0,mutation,7,S0038,380.0353333333333,202,389.31533333333334
J_k9_6od_x1.0,mutation,7,S0038,380.0353333333333,203,477.58666666666664
J_k9_6od_x1.0,mutation,7,S0038,380.0353333333333,204,377.832
J_k9_6od_x1.0,mutation,7,S0038,380.0353333333333,205,427.916
J_k9_6od_x1.0,mutation,8,S0005,373.832,201,346.00466666666665
J_k9_6od_x1.0,mutation,8,S0005,373.832,202,353.17
J_k9_6od_x1.0,mutation,8,S0005,373.832,203,364.18466666666666
J_k9_6od_x1.0,mutation,8,S0005,373.832,204,362.2013333333333
J_k9_6od_x1.0,mutation,8,S0005,373.832,205,348.114
J_k9_6od_x1.0,mutation,9,S0000,359.05733333333336,201,363.9633333333333
J_k9_6od_x1.0,mutation,9,S0000,359.05733333333336,202,405.428
J_k9_6od_x1.0,mutation,9,S0000,359.05733333333336,203,395.58733333333333
J_k9_6od_x1.0,mutation,9,S0000,359.05733333333336,204,357.104
J_k9_6od_x1.0,mutation,9,S0000,359.05733333333336,205,361.40866666666665
J_k9_6od_x1.0,none,0,S0002,373.832,201,346.00466666666665
J_k9_6od_x1.0,none,0,S0002,373.832,202,353.17
J_k9_6od_x1.0,none,0,S0002,373.832,203,360.3913333333333
J_k9_6od_x1.0,none,0,S0002,373.832,204,362.2013333333333
J_k9_6od_x1.0,none,0,S0002,373.832,205,348.114
J_k9_6od_x1.0,none,1,S0022,338.6173333333333,201,337.8706666666667
J_k9_6od_x1.0,none,1,S0022,338.6173333333333,202,341.54466666666667
J_k9_6od_x1.0,none,1,S0022,338.6173333333333,203,341.6646666666667
J_k9_6od_x1.0,none,1,S0022,338.6173333333333,204,342.2626666666667
J_k9_6od_x1.0,none,1,S0022,338.6173333333333,205,337.2273333333333
J_k9_6od_x1.0,none,2,S0015,373.832,201,346.00466666666665
J_k9_6od_x1.0,none,2,S0015,373.832,202,353.17
J_k9_6od_x1.0,none,2,S0015,373.832,203,364.18466666666666
J_k9_6od_x1.0,none,2,S0015,373.832,204,362.2013333333333
J_k9_6od_x1.0,none,2,S0015,373.832,205,348.114
J_k9_6od_x1.0,none,3,S0023,380.0353333333333,201,389.1566666666667
J_k9_6od_x1.0,none,3,S0023,380.0353333333333,202,389.31533333333334
J_k9_6od_x1.0,none,3,S0023,380.0353333333333,203,477.58666666666664
J_k9_6od_x1.0,none,3,S0023,380.0353333333333,204,377.832
J_k9_6od_x1.0,none,3,S0023,380.0353333333333,205,427.916
J_k9_6od_x1.0,none,4,S0035,363.39,201,363.8593333333333
J_k9_6od_x1.0,none,4,S0035,363.39,202,364.81466666666665
J_k9_6od_x1.0,none,4,S0035,363.39,203,373.47866666666664
J_k9_6od_x1.0,none,4,S0035,363.39,204,382.1413333333333
J_k9_6od_x1.0,none,4,S0035,363.39,205,351.034
J_k9_6od_x1.0,none,5,S0014,373.832,201,346.00466666666665
J_k9_6od_x1.0,none,5,S0014,373.832,202,353.17
J_k9_6od_x1.0,none,5,S0014,373.832,203,364.18466666666666
J_k9_6od_x1.0,none,5,S0014,373.832,204,362.2013333333333
J_k9_6od_x1.0,none,5,S0014,373.832,205,348.114
J_k9_6od_x1.0,none,6,S0007,356.89866666666666,201,354.74466666666666
J_k9_6od_x1.0,none,6,S0007,356.89866666666666,202,403.6693333333333
J_k9_6od_x1.0,none,6,S0007,356.89866666666666,203,370.596
J_k9_6od_x1.0,none,6,S0007,356.89866666666666,204,380.4626666666667
J_k9_6od_x1.0,none,6,S0007,356.89866666666666,205,374.98533333333336
J_k9_6od_x1.0,none,7,S0024,347.8346666666667,201,349.36466666666666
J_k9_6od_x1.0,none,7,S0024,347.8346666666667,202,1000000000000.0
J_k9_6od_x1.0,none,7,S0024,347.8346666666667,203,1000000000000.0
J_k9_6od_x1.0,none,7,S0024,347.8346666666667,204,1000000000000.0
J_k9_6od_x1.0,none,7,S0024,347.8346666666667,205,351.2726666666667
J_k9_6od_x1.0,none,8,S0011,362.95866666666666,201,380.18066666666664
J_k9_6od_x1.0,none,8,S0011,362.95866666666666,202,366.87733333333335
J_k9_6od_x1.0,none,8,S0011,362.95866666666666,203,366.058
J_k9_6od_x1.0,none,8,S0011,362.95866666666666,204,377.78133333333335
J_k9_6od_x1.0,none,8,S0011,362.95866666666666,205,349.84133333333335
J_k9_6od_x1.0,none,9,S0029,364.726,201,360.1286666666667
J_k9_6od_x1.0,none,9,S0029,364.726,202,349.35066666666665
J_k9_6od_x1.0,none,9,S0029,364.726,203,372.4506666666667
J_k9_6od_x1.0,none,9,S0029,364.726,204,360.22
J_k9_6od_x1.0,none,9,S0029,364.726,205,347.866
J_k9_6od_x1.2,both,0,S0031,439.3355555555556,201,559.3027777777778
J_k9_6od_x1.2,both,0,S0031,439.3355555555556,202,1000000000000.0
J_k9_6od_x1.2,both,0,S0031,439.3355555555556,203,426.0661111111111
J_k9_6od_x1.2,both,0,S0031,439.3355555555556,204,481.42277777777775
J_k9_6od_x1.2,both,0,S0031,439.3355555555556,205,513.7616666666667
J_k9_6od_x1.2,both,1,S0036,434.6038888888889,201,554.6244444444444
J_k9_6od_x1.2,both,1,S0036,434.6038888888889,202,590.0705555555555
J_k9_6od_x1.2,both,1,S0036,434.6038888888889,203,1000000000000.0
J_k9_6od_x1.2,both,1,S0036,434.6038888888889,204,429.42055555555555
J_k9_6od_x1.2,both,1,S0036,434.6038888888889,205,460.40722222222223
J_k9_6od_x1.2,both,2,S0026,439.3355555555556,201,559.3027777777778
J_k9_6od_x1.2,both,2,S0026,439.3355555555556,202,1000000000000.0
J_k9_6od_x1.2,both,2,S0026,439.3355555555556,203,426.0661111111111
J_k9_6od_x1.2,both,2,S0026,439.3355555555556,204,481.42277777777775
J_k9_6od_x1.2,both,2,S0026,439.3355555555556,205,513.7616666666667
J_k9_6od_x1.2,both,3,S0022,425.4627777777778,201,559.3027777777778
J_k9_6od_x1.2,both,3,S0022,425.4627777777778,202,1000000000000.0
J_k9_6od_x1.2,both,3,S0022,425.4627777777778,203,464.7661111111111
J_k9_6od_x1.2,both,3,S0022,425.4627777777778,204,426.5805555555556
J_k9_6od_x1.2,both,3,S0022,425.4627777777778,205,539.0616666666666
J_k9_6od_x1.2,both,4,S0005,444.9811111111111,201,537.6211111111111
J_k9_6od_x1.2,both,4,S0005,444.9811111111111,202,543.1444444444444
J_k9_6od_x1.2,both,4,S0005,444.9811111111111,203,514.1711111111111
J_k9_6od_x1.2,both,4,S0005,444.9811111111111,204,535.7722222222222
J_k9_6od_x1.2,both,4,S0005,444.9811111111111,205,529.0816666666667
J_k9_6od_x1.2,both,5,S0033,439.3355555555556,201,559.3027777777778
J_k9_6od_x1.2,both,5,S0033,439.3355555555556,202,1000000000000.0
J_k9_6od_x1.2,both,5,S0033,439.3355555555556,203,427.81111111111113
J_k9_6od_x1.2,both,5,S0033,439.3355555555556,204,481.42277777777775
J_k9_6od_x1.2,both,5,S0033,439.3355555555556,205,513.7616666666667
J_k9_6od_x1.2,both,6,S0024,425.24611111111113,201,559.3027777777778
J_k9_6od_x1.2,both,6,S0024,425.24611111111113,202,1000000000000.0
J_k9_6od_x1.2,both,6,S0024,425.24611111111113,203,426.0661111111111
J_k9_6od_x1.2,both,6,S0024,425.24611111111113,204,430.64666666666665
J_k9_6od_x1.2,both,6,S0024,425.24611111111113,205,441.4111111111111
J_k9_6od_x1.2,both,7,S0029,425.4627777777778,201,559.3027777777778
J_k9_6od_x1.2,both,7,S0029,425.4627777777778,202,1000000000000.0
J_k9_6od_x1.2,both,7,S0029,425.4627777777778,203,464.7661111111111
J_k9_6od_x1.2,both,7,S0029,425.4627777777778,204,426.5805555555556
J_k9_6od_x1.2,both,7,S0029,425.4627777777778,205,539.0616666666666
J_k9_6od_x1.2,both,8,S0028,414.3994444444445,201,558.0322222222222
J_k9_6od_x1.2,both,8,S0028,414.3994444444445,202,1000000000000.0
J_k9_6od_x1.2,both,8,S0028,414.3994444444445,203,475.40277777777777
J_k9_6od_x1.2,both,8,S0028,414.3994444444445,204,431.87111111111113
J_k9_6od_x1.2,both,8,S0028,414.3994444444445,205,513.7616666666667
J_k9_6od_x1.2,both,9,S0025,439.3355555555556,201,559.3027777777778
J_k9_6od_x1.2,both,9,S0025,439.3355555555556,202,1000000000000.0
J_k9_6od_x1.2,both,9,S0025,439.3355555555556,203,426.0661111111111
J_k9_6od_x1.2,both,9,S0025,439.3355555555556,204,481.42277777777775
J_k9_6od_x1.2,both,9,S0025,439.3355555555556,205,513.7616666666667
J_k9_6od_x1.2,init,0,S0023,439.3355555555556,201,559.3027777777778
J_k9_6od_x1.2,init,0,S0023,439.3355555555556,202,1000000000000.0
J_k9_6od_x1.2,init,0,S0023,439.3355555555556,203,426.0661111111111
J_k9_6od_x1.2,init,0,S0023,439.3355555555556,204,481.42277777777775
J_k9_6od_x1.2,init,0,S0023,439.3355555555556,205,513.7616666666667
J_k9_6od_x1.2,init,1,S0000,439.3355555555556,201,559.3027777777778
J_k9_6od_x1.2,init,1,S0000,439.3355555555556,202,1000000000000.0
J_k9_6od_x1.2,init,1,S0000,439.3355555555556,203,426.0661111111111
J_k9_6od_x1.2,init,1,S0000,439.3355555555556,204,481.42277777777775
J_k9_6od_x1.2,init,1,S0000,439.3355555555556,205,513.7616666666667
J_k9_6od_x1.2,init,2,S0027,603.1061111111111,201,619.675
J_k9_6od_x1.2,init,2,S0027,603.1061111111111,202,1000000000000.0
J_k9_6od_x1.2,init,2,S0027,603.1061111111111,203,1000000000000.0
J_k9_6od_x1.2,init,2,S0027,603.1061111111111,204,614.2155555555555
J_k9_6od_x1.2,init,2,S0027,603.1061111111111,205,683.09
J_k9_6od_x1.2,init,3,S0003,424.65833333333336,201,543.3411111111111
J_k9_6od_x1.2,init,3,S0003,424.65833333333336,202,529.5477777777778
J_k9_6od_x1.2,init,3,S0003,424.65833333333336,203,1000000000000.0
J_k9_6od_x1.2,init,3,S0003,424.65833333333336,204,553.2672222222222
J_k9_6od_x1.2,init,3,S0003,424.65833333333336,205,417.2788888888889
J_k9_6od_x1.2,init,4,S0014,383.7361111111111,201,602.2766666666666
J_k9_6od_x1.2,init,4,S0014,383.7361111111111,202,543.3627777777778
J_k9_6od_x1.2,init,4,S0014,383.7361111111111,203,1000000000000.0
J_k9_6od_x1.2,init,4,S0014,383.7361111111111,204,616.1988888888889
J_k9_6od_x1.2,init,4,S0014,383.7361111111111,205,577.5361111111112
J_k9_6od_x1.2,init,5,S0033,439.3355555555556,201,559.3027777777778
J_k9_6od_x1.2,init,5,S0033,439.3355555555556,202,1000000000000.0
J_k9_6od_x1.2,init,5,S0033,439.3355555555556,203,427.81111111111113
J_k9_6od_x1.2,init,5,S0033,439.3355555555556,204,481.42277777777775
J_k9_6od_x1.2,init,5,S0033,439.3355555555556,205,513.7616666666667
J_k9_6od_x1.2,init,6,S0002,431.3622222222222,201,559.3027777777778
J_k9_6od_x1.2,init,6,S0002,431.3622222222222,202,1000000000000.0
J_k9_6od_x1.2,init,6,S0002,431.3622222222222,203,438.44166666666666
J_k9_6od_x1.2,init,6,S0002,431.3622222222222,204,443.81388888888887
J_k9_6od_x1.2,init,6,S0002,431.3622222222222,205,513.7616666666667
J_k9_6od_x1.2,init,7,S0008,513.2411111111111,201,530.9883333333333
J_k9_6od_x1.2,init,7,S0008,513.2411111111111,202,526.2905555555556
J_k9_6od_x1.2,init,7,S0008,513.2411111111111,203,561.8344444444444
J_k9_6od_x1.2,init,7,S0008,513.2411111111111,204,525.4255555555555
J_k9_6od_x1.2,init,7,S0008,513.2411111111111,205,520.4772222222222
J_k9_6od_x1.2,init,8,S0009,439.3355555555556,201,559.3027777777778
J_k9_6od_x1.2,init,8,S0009,439.3355555555556,202,1000000000000.0
J_k9_6od_x1.2,init,8,S0009,439.3355555555556,203,426.0661111111111
J_k9_6od_x1.2,init,8,S0009,439.3355555555556,204,481.42277777777775
J_k9_6od_x1.2,init,8,S0009,439.3355555555556,205,513.7616666666667
J_k9_6od_x1.2,init,9,S0037,439.3355555555556,201,559.3027777777778
J_k9_6od_x1.2,init,9,S0037,439.3355555555556,202,1000000000000.0
J_k9_6od_x1.2,init,9,S0037,439.3355555555556,203,426.0661111111111
J_k9_6od_x1.2,init,9,S0037,439.3355555555556,204,481.42277777777775
J_k9_6od_x1.2,init,9,S0037,439.3355555555556,205,513.7616666666667
J_k9_6od_x1.2,mutation,0,S0007,436.325,201,443.03555555555556
J_k9_6od_x1.2,mutation,0,S0007,436.325,202,594.0333333333333
J_k9_6od_x1.2,mutation,0,S0007,436.325,203,441.225
J_k9_6od_x1.2,mutation,0,S0007,436.325,204,446.15222222222224
J_k9_6od_x1.2,mutation,0,S0007,436.325,205,1000000000000.0
J_k9_6od_x1.2,mutation,1,S0004,439.3355555555556,201,559.3027777777778
J_k9_6od_x1.2,mutation,1,S0004,439.3355555555556,202,455.15444444444444
J_k9_6od_x1.2,mutation,1,S0004,439.3355555555556,203,436.34277777777777
J_k9_6od_x1.2,mutation,1,S0004,439.3355555555556,204,480.72833333333335
J_k9_6od_x1.2,mutation,1,S0004,439.3355555555556,205,513.7616666666667
J_k9_6od_x1.2,mutation,2,S0032,439.3355555555556,201,559.3027777777778
J_k9_6od_x1.2,mutation,2,S0032,439.3355555555556,202,1000000000000.0
J_k9_6od_x1.2,mutation,2,S0032,439.3355555555556,203,426.0661111111111
J_k9_6od_x1.2,mutation,2,S0032,439.3355555555556,204,481.42277777777775
J_k9_6od_x1.2,mutation,2,S0032,439.3355555555556,205,513.7616666666667
J_k9_6od_x1.2,mutation,3,S0013,430.21,201,1000000000000.0
J_k9_6od_x1.2,mutation,3,S0013,430.21,202,1000000000000.0
J_k9_6od_x1.2,mutation,3,S0013,430.21,203,427.3
J_k9_6od_x1.2,mutation,3,S0013,430.21,204,442.3977777777778
J_k9_6od_x1.2,mutation,3,S0013,430.21,205,464.7738888888889
J_k9_6od_x1.2,mutation,4,S0017,433.8305555555556,201,496.15277777777777
J_k9_6od_x1.2,mutation,4,S0017,433.8305555555556,202,1000000000000.0
J_k9_6od_x1.2,mutation,4,S0017,433.8305555555556,203,444.09055555555557
J_k9_6od_x1.2,mutation,4,S0017,433.8305555555556,204,425.11277777777775
J_k9_6od_x1.2,mutation,4,S0017,433.8305555555556,205,442.60833333333335
J_k9_6od_x1.2,mutation,5,S0021,383.7361111111111,201,602.2766666666666
J_k9_6od_x1.2,mutation,5,S0021,383.7361111111111,202,543.3627777777778
J_k9_6od_x1.2,mutation,5,S0021,383.7361111111111,203,1000000000000.0
J_k9_6od_x1.2,mutation,5,S0021,383.7361111111111,204,616.1988888888889
J_k9_6od_x1.2,mutation,5,S0021,383.7361111111111,205,577.5361111111112
J_k9_6od_x1.2,mutation,6,S0012,430.21,201,1000000000000.0
J_k9_6od_x1.2,mutation,6,S0012,430.21,202,1000000000000.0
J_k9_6od_x1.2,mutation,6,S0012,430.21,203,427.3
J_k9_6od_x1.2,mutation,6,S0012,430.21,204,442.3977777777778
J_k9_6od_x1.2,mutation,6,S0012,430.21,205,464.7738888888889
J_k9_6od_x1.2,mutation,7,S0006,412.9205555555556,201,460.84277777777777
J_k9_6od_x1.2,mutation,7,S0006,412.9205555555556,202,467.48055555555555
J_k9_6od_x1.2,mutation,7,S0006,412.9205555555556,203,439.60055555555556
J_k9_6od_x1.2,mutation,7,S0006,412.9205555555556,204,449.5805555555556
J_k9_6od_x1.2,mutation,7,S0006,412.9205555555556,205,433.95722222222224
J_k9_6od_x1.2,mutation,8,S0018,423.5438888888889,201,575.765
J_k9_6od_x1.2,mutation,8,S0018,423.5438888888889,202,521.4894444444444
J_k9_6od_x1.2,mutation,8,S0018,423.5438888888889,203,562.2127777777778
J_k9_6od_x1.2,mutation,8,S0018,423.5438888888889,204,454.57
J_k9_6od_x1.2,mutation,8,S0018,423.5438888888889,205,566.53
J_k9_6od_x1.2,mutation,9,S0030,423.5438888888889,201,575.5383333333333
J_k9_6od_x1.2,mutation,9,S0030,423.5438888888889,202,521.4894444444444
J_k9_6od_x1.2,mutation,9,S0030,423.5438888888889,203,562.2127777777778
J_k9_6od_x1.2,mutation,9,S0030,423.5438888888889,204,454.57
J_k9_6od_x1.2,mutation,9,S0030,423.5438888888889,205,566.53
J_k9_6od_x1.2,none,0,S0011,439.3355555555556,201,559.3027777777778
J_k9_6od_x1.2,none,0,S0011,439.3355555555556,202,1000000000000.0
J_k9_6od_x1.2,none,0,S0011,439.3355555555556,203,426.0661111111111
J_k9_6od_x1.2,none,0,S0011,439.3355555555556,204,484.59722222222223
J_k9_6od_x1.2,none,0,S0011,439.3355555555556,205,513.7616666666667
J_k9_6od_x1.2,none,1,S0020,439.3355555555556,201,559.3027777777778
J_k9_6od_x1.2,none,1,S0020,439.3355555555556,202,1000000000000.0
J_k9_6od_x1.2,none,1,S0020,439.3355555555556,203,479.7111111111111
J_k9_6od_x1.2,none,1,S0020,439.3355555555556,204,548.2555555555556
J_k9_6od_x1.2,none,1,S0020,439.3355555555556,205,513.7616666666667
J_k9_6od_x1.2,none,2,S0010,439.3355555555556,201,559.3027777777778
J_k9_6od_x1.2,none,2,S0010,439.3355555555556,202,1000000000000.0
J_k9_6od_x1.2,none,2,S0010,439.3355555555556,203,426.0661111111111
J_k9_6od_x1.2,none,2,S0010,439.3355555555556,204,481.42277777777775
J_k9_6od_x1.2,none,2,S0010,439.3355555555556,205,513.7616666666667
J_k9_6od_x1.2,none,3,S0034,383.7361111111111,201,602.9494444444445
J_k9_6od_x1.2,none,3,S0034,383.7361111111111,202,540.7222222222222
J_k9_6od_x1.2,none,3,S0034,383.7361111111111,203,621.4938888888889
J_k9_6od_x1.2,none,3,S0034,383.7361111111111,204,478.86833333333334
J_k9_6od_x1.2,none,3,S0034,383.7361111111111,205,485.49944444444446
J_k9_6od_x1.2,none,4,S0038,438.6433333333333,201,426.70944444444444
J_k9_6od_x1.2,none,4,S0038,438.6433333333333,202,1000000000000.0
J_k9_6od_x1.2,none,4,S0038,438.6433333333333,203,445.68555555555554
J_k9_6od_x1.2,none,4,S0038,438.6433333333333,204,500.24944444444446
J_k9_6od_x1.2,none,4,S0038,438.6433333333333,205,1000000000000.0
J_k9_6od_x1.2,none,5,S0015,439.3355555555556,201,559.3027777777778
J_k9_6od_x1.2,none,5,S0015,439.3355555555556,202,1000000000000.0
J_k9_6od_x1.2,none,5,S0015,439.3355555555556,203,426.0661111111111
J_k9_6od_x1.2,none,5,S0015,439.3355555555556,204,481.42277777777775
J_k9_6od_x1.2,none,5,S0015,439.3355555555556,205,513.7616666666667
J_k9_6od_x1.2,none,6,S0016,439.3355555555556,201,559.3027777777778
J_k9_6od_x1.2,none,6,S0016,439.3355555555556,202,1000000000000.0
J_k9_6od_x1.2,none,6,S0016,439.3355555555556,203,426.0661111111111
J_k9_6od_x1.2,none,6,S0016,439.3355555555556,204,481.42277777777775
J_k9_6od_x1.2,none,6,S0016,439.3355555555556,205,513.7616666666667
J_k9_6od_x1.2,none,7,S0001,555.5638888888889,201,570.8
J_k9_6od_x1.2,none,7,S0001,555.5638888888889,202,556.9988888888889
J_k9_6od_x1.2,none,7,S0001,555.5638888888889,203,548.0272222222222
J_k9_6od_x1.2,none,7,S0001,555.5638888888889,204,588.8744444444444
J_k9_6od_x1.2,none,7,S0001,555.5638888888889,205,655.1827777777778
J_k9_6od_x1.2,none,8,S0019,439.3355555555556,201,559.3027777777778
J_k9_6od_x1.2,none,8,S0019,439.3355555555556,202,1000000000000.0
J_k9_6od_x1.2,none,8,S0019,439.3355555555556,203,426.0661111111111
J_k9_6od_x1.2,none,8,S0019,439.3355555555556,204,481.42277777777775
J_k9_6od_x1.2,none,8,S0019,439.3355555555556,205,513.7616666666667
J_k9_6od_x1.2,none,9,S0035,439.3355555555556,201,559.3027777777778
J_k9_6od_x1.2,none,9,S0035,439.3355555555556,202,1000000000000.0
J_k9_6od_x1.2,none,9,S0035,439.3355555555556,203,426.0661111111111
J_k9_6od_x1.2,none,9,S0035,439.3355555555556,204,481.42277777777775
J_k9_6od_x1.2,none,9,S0035,439.3355555555556,205,513.7616666666667
A_k4_3od_x0.8,both,0,S0015,185.0225,201,189.2975
A_k4_3od_x0.8,both,0,S0015,185.0225,202,192.69125
A_k4_3od_x0.8,both,0,S0015,185.0225,203,192.655
A_k4_3od_x0.8,both,0,S0015,185.0225,204,185.66625
A_k4_3od_x0.8,both,0,S0015,185.0225,205,195.85
A_k4_3od_x0.8,both,1,S0023,187.75125,201,190.235
A_k4_3od_x0.8,both,1,S0023,187.75125,202,194.75375
A_k4_3od_x0.8,both,1,S0023,187.75125,203,191.9125
A_k4_3od_x0.8,both,1,S0023,187.75125,204,199.23125
A_k4_3od_x0.8,both,1,S0023,187.75125,205,197.0225
A_k4_3od_x0.8,both,2,S0016,182.035,201,190.5525
A_k4_3od_x0.8,both,2,S0016,182.035,202,187.905
A_k4_3od_x0.8,both,2,S0016,182.035,203,197.07375
A_k4_3od_x0.8,both,2,S0016,182.035,204,208.29
A_k4_3od_x0.8,both,2,S0016,182.035,205,185.38625
A_k4_3od_x0.8,both,3,S0022,181.0325,201,184.51625
A_k4_3od_x0.8,both,3,S0022,181.0325,202,186.70875
A_k4_3od_x0.8,both,3,S0022,181.0325,203,187.54375
A_k4_3od_x0.8,both,3,S0022,181.0325,204,178.99625
A_k4_3od_x0.8,both,3,S0022,181.0325,205,192.33375
A_k4_3od_x0.8,both,4,S0014,201.765,201,210.1875
A_k4_3od_x0.8,both,4,S0014,201.765,202,210.16625
A_k4_3od_x0.8,both,4,S0014,201.765,203,208.42125
A_k4_3od_x0.8,both,4,S0014,201.765,204,208.47625
A_k4_3od_x0.8,both,4,S0014,201.765,205,204.14625
A_k4_3od_x0.8,both,5,S0029,185.5775,201,198.52125
A_k4_3od_x0.8,both,5,S0029,185.5775,202,199.4425
A_k4_3od_x0.8,both,5,S0029,185.5775,203,202.06125
A_k4_3od_x0.8,both,5,S0029,185.5775,204,196.1375
A_k4_3od_x0.8,both,5,S0029,185.5775,205,196.3975
A_k4_3od_x0.8,both,6,S0022,181.0325,201,184.51625
A_k4_3od_x0.8,both,6,S0022,181.0325,202,186.70875
A_k4_3od_x0.8,both,6,S0022,181.0325,203,187.54375
A_k4_3od_x0.8,both,6,S0022,181.0325,204,178.99625
A_k4_3od_x0.8,both,6,S0022,181.0325,205,192.33375
A_k4_3od_x0.8,both,7,S0017,183.59375,201,194.4975
A_k4_3od_x0.8,both,7,S0017,183.59375,202,196.755
A_k4_3od_x0.8,both,7,S0017,183.59375,203,194.3025
A_k4_3od_x0.8,both,7,S0017,183.59375,204,194.62125
A_k4_3od_x0.8,both,7,S0017,183.59375,205,190.93
A_k4_3od_x0.8,both,8,S0010,189.695,201,195.62625
A_k4_3od_x0.8,both,8,S0010,189.695,202,203.7025
A_k4_3od_x0.8,both,8,S0010,189.695,203,193.54
A_k4_3od_x0.8,both,8,S0010,189.695,204,199.18375
A_k4_3od_x0.8,both,8,S0010,189.695,205,200.605
A_k4_3od_x0.8,both,9,S0002,187.2875,201,198.42125
A_k4_3od_x0.8,both,9,S0002,187.2875,202,195.94875
A_k4_3od_x0.8,both,9,S0002,187.2875,203,194.89
A_k4_3od_x0.8,both,9,S0002,187.2875,204,194.45
A_k4_3od_x0.8,both,9,S0002,187.2875,205,203.00125
A_k4_3od_x0.8,init,0,S0009,189.34875,201,189.70375
A_k4_3od_x0.8,init,0,S0009,189.34875,202,199.46875
A_k4_3od_x0.8,init,0,S0009,189.34875,203,187.625
A_k4_3od_x0.8,init,0,S0009,189.34875,204,186.22875
A_k4_3od_x0.8,init,0,S0009,189.34875,205,203.75125
A_k4_3od_x0.8,init,1,S0030,197.12,201,222.44125
A_k4_3od_x0.8,init,1,S0030,197.12,202,220.0625
A_k4_3od_x0.8,init,1,S0030,197.12,203,216.12375
A_k4_3od_x0.8,init,1,S0030,197.12,204,218.5075
A_k4_3od_x0.8,init,1,S0030,197.12,205,206.535
A_k4_3od_x0.8,init,2,S0017,183.59375,201,194.4975
A_k4_3od_x0.8,init,2,S0017,183.59375,202,196.755
A_k4_3od_x0.8,init,2,S0017,183.59375,203,194.3025
A_k4_3od_x0.8,init,2,S0017,183.59375,204,194.62125
A_k4_3od_x0.8,init,2,S0017,183.59375,205,190.93
A_k4_3od_x0.8,init,3,S0020,189.525,201,182.1425
A_k4_3od_x0.8,init,3,S0020,189.525,202,193.30875
A_k4_3od_x0.8,init,3,S0020,189.525,203,195.115
A_k4_3od_x0.8,init,3,S0020,189.525,204,193.48375
A_k4_3od_x0.8,init,3,S0020,189.525,205,191.37
A_k4_3od_x0.8,init,4,S0001,196.6475,201,196.99625
A_k4_3od_x0.8,init,4,S0001,196.6475,202,216.725
A_k4_3od_x0.8,init,4,S0001,196.6475,203,207.49125
A_k4_3od_x0.8,init,4,S0001,196.6475,204,198.6225
A_k4_3od_x0.8,init,4,S0001,196.6475,205,204.4825
A_k4_3od_x0.8,init,5,S0007,193.08125,201,192.4425
A_k4_3od_x0.8,init,5,S0007,193.08125,202,188.12875
A_k4_3od_x0.8,init,5,S0007,193.08125,203,192.1175
A_k4_3od_x0.8,init,5,S0007,193.08125,204,188.58
A_k4_3od_x0.8,init,5,S0007,193.08125,205,199.63625
A_k4_3od_x0.8,init,6,S0024,194.625,201,218.3325
A_k4_3od_x0.8,init,6,S0024,194.625,202,222.8925
A_k4_3od_x0.8,init,6,S0024,194.625,203,206.915
A_k4_3od_x0.8,init,6,S0024,194.625,204,219.93875
A_k4_3od_x0.8,init,6,S0024,194.625,205,206.73125
A_k4_3od_x0.8,init,7,S0005,191.63375,201,214.795
A_k4_3od_x0.8,init,7,S0005,191.63375,202,215.65375
A_k4_3od_x0.8,init,7,S0005,191.63375,203,221.45375
A_k4_3od_x0.8,init,7,S0005,191.63375,204,206.38
A_k4_3od_x0.8,init,7,S0005,191.63375,205,213.60375
A_k4_3od_x0.8,init,8,S0019,187.7625,201,191.905
A_k4_3od_x0.8,init,8,S0019,187.7625,202,192.01375
A_k4_3od_x0.8,init,8,S0019,187.7625,203,189.06375
A_k4_3od_x0.8,init,8,S0019,187.7625,204,199.31125
A_k4_3od_x0.8,init,8,S0019,187.7625,205,197.0225
A_k4_3od_x0.8,init,9,S0012,183.64,201,195.31375
A_k4_3od_x0.8,init,9,S0012,183.64,202,190.45125
A_k4_3od_x0.8,init,9,S0012,183.64,203,197.89875
A_k4_3od_x0.8,init,9,S0012,183.64,204,195.11625
A_k4_3od_x0.8,init,9,S0012,183.64,205,192.015
A_k4_3od_x0.8,mutation,0,S0026,185.17375,201,206.19
A_k4_3od_x0.8,mutation,0,S0026,185.17375,202,201.93625
A_k4_3od_x0.8,mutation,0,S0026,185.17375,203,193.36375
A_k4_3od_x0.8,mutation,0,S0026,185.17375,204,200.4725
A_k4_3od_x0.8,mutation,0,S0026,185.17375,205,211.18875
A_k4_3od_x0.8,mutation,1,S0025,184.725,201,193.43125
A_k4_3od_x0.8,mutation,1,S0025,184.725,202,197.07625
A_k4_3od_x0.8,mutation,1,S0025,184.725,203,194.02375
A_k4_3od_x0.8,mutation,1,S0025,184.725,204,195.115
A_k4_3od_x0.8,mutation,1,S0025,184.725,205,203.54875
A_k4_3od_x0.8,mutation,2,S0021,181.61875,201,182.62
A_k4_3od_x0.8,mutation,2,S0021,181.61875,202,187.84125
A_k4_3od_x0.8,mutation,2,S0021,181.61875,203,192.62
A_k4_3od_x0.8,mutation,2,S0021,181.61875,204,189.9975
A_k4_3od_x0.8,mutation,2,S0021,181.61875,205,191.48375
A_k4_3od_x0.8,mutation,3,S0011,184.86,201,190.2825
A_k4_3od_x0.8,mutation,3,S0011,184.86,202,192.15125
A_k4_3od_x0.8,mutation,3,S0011,184.86,203,181.73375
A_k4_3od_x0.8,mutation,3,S0011,184.86,204,190.45875
A_k4_3od_x0.8,mutation,3,S0011,184.86,205,192.13875
A_k4_3od_x0.8,mutation,4,S0004,181.055,201,188.25
A_k4_3od_x0.8,mutation,4,S0004,181.055,202,192.7275
A_k4_3od_x0.8,mutation,4,S0004,181.055,203,188.595
A_k4_3od_x0.8,mutation,4,S0004,181.055,204,182.21625
A_k4_3od_x0.8,mutation,4,S0004,181.055,205,193.7925
A_k4_3od_x0.8,mutation,5,S0007,193.08125,201,192.4425
A_k4_3od_x0.8,mutation,5,S0007,193.08125,202,188.12875
A_k4_3od_x0.8,mutation,5,S0007,193.08125,203,192.1175
A_k4_3od_x0.8,mutation,5,S0007,193.08125,204,188.58
A_k4_3od_x0.8,mutation,5,S0007,193.08125,205,199.63625
A_k4_3od_x0.8,mutation,6,S0016,182.035,201,190.5525
A_k4_3od_x0.8,mutation,6,S0016,182.035,202,187.905
A_k4_3od_x0.8,mutation,6,S0016,182.035,203,197.07375
A_k4_3od_x0.8,mutation,6,S0016,182.035,204,208.29
A_k4_3od_x0.8,mutation,6,S0016,182.035,205,185.38625
A_k4_3od_x0.8,mutation,7,S0028,188.23875,201,199.68125
A_k4_3od_x0.8,mutation,7,S0028,188.23875,202,199.105
A_k4_3od_x0.8,mutation,7,S0028,188.23875,203,189.83125
A_k4_3od_x0.8,mutation,7,S0028,188.23875,204,201.99
A_k4_3od_x0.8,mutation,7,S0028,188.23875,205,198.4225
A_k4_3od_x0.8,mutation,8,S0015,185.0225,201,189.2975
A_k4_3od_x0.8,mutation,8,S0015,185.0225,202,192.69125
A_k4_3od_x0.8,mutation,8,S0015,185.0225,203,192.655
A_k4_3od_x0.8,mutation,8,S0015,185.0225,204,185.66625
A_k4_3od_x0.8,mutation,8,S0015,185.0225,205,195.85
A_k4_3od_x0.8,mutation,9,S0025,184.725,201,193.43125
A_k4_3od_x0.8,mutation,9,S0025,184.725,202,197.07625
A_k4_3od_x0.8,mutation,9,S0025,184.725,203,194.02375
A_k4_3od_x0.8,mutation,9,S0025,184.725,204,195.115
A_k4_3od_x0.8,mutation,9,S0025,184.725,205,203.54875
A_k4_3od_x0.8,none,0,S0018,187.7625,201,191.905
A_k4_3od_x0.8,none,0,S0018,187.7625,202,192.01375
A_k4_3od_x0.8,none,0,S0018,187.7625,203,189.06375
A_k4_3od_x0.8,none,0,S0018,187.7625,204,199.31125
A_k4_3od_x0.8,none,0,S0018,187.7625,205,197.0225
A_k4_3od_x0.8,none,1,S0000,190.4975,201,215.39625
A_k4_3od_x0.8,none,1,S0000,190.4975,202,203.91375
A_k4_3od_x0.8,none,1,S0000,190.4975,203,205.34125
A_k4_3od_x0.8,none,1,S0000,190.4975,204,208.75375
A_k4_3od_x0.8,none,1,S0000,190.4975,205,209.86625
A_k4_3od_x0.8,none,2,S0006,190.4975,201,203.205
A_k4_3od_x0.8,none,2,S0006,190.4975,202,201.90125
A_k4_3od_x0.8,none,2,S0006,190.4975,203,208.97
A_k4_3od_x0.8,none,2,S0006,190.4975,204,206.5875
A_k4_3od_x0.8,none,2,S0006,190.4975,205,206.26625
A_k4_3od_x0.8,none,3,S0012,183.64,201,195.31375
A_k4_3od_x0.8,none,3,S0012,183.64,202,190.45125
A_k4_3od_x0.8,none,3,S0012,183.64,203,197.89875
A_k4_3od_x0.8,none,3,S0012,183.64,204,195.11625
A_k4_3od_x0.8,none,3,S0012,183.64,205,192.015
A_k4_3od_x0.8,none,4,S0027,192.07125,201,211.28375
A_k4_3od_x0.8,none,4,S0027,192.07125,202,213.47375
A_k4_3od_x0.8,none,4,S0027,192.07125,203,194.24125
A_k4_3od_x0.8,none,4,S0027,192.07125,204,196.32125
A_k4_3od_x0.8,none,4,S0027,192.07125,205,197.13125
A_k4_3od_x0.8,none,5,S0017,183.59375,201,194.4975
A_k4_3od_x0.8,none,5,S0017,183.59375,202,196.755
A_k4_3od_x0.8,none,5,S0017,183.59375,203,194.3025
A_k4_3od_x0.8,none,5,S0017,183.59375,204,194.62125
A_k4_3od_x0.8,none,5,S0017,183.59375,205,190.93
A_k4_3od_x0.8,none,6,S0013,194.93375,201,208.1975
A_k4_3od_x0.8,none,6,S0013,194.93375,202,198.38625
A_k4_3od_x0.8,none,6,S0013,194.93375,203,218.355
A_k4_3od_x0.8,none,6,S0013,194.93375,204,208.5425
A_k4_3od_x0.8,none,6,S0013,194.93375,205,205.325
A_k4_3od_x0.8,none,7,S0003,191.55,201,200.74625
A_k4_3od_x0.8,none,7,S0003,191.55,202,201.52625
A_k4_3od_x0.8,none,7,S0003,191.55,203,193.57875
A_k4_3od_x0.8,none,7,S0003,191.55,204,197.58625
A_k4_3od_x0.8,none,7,S0003,191.55,205,197.72875
A_k4_3od_x0.8,none,8,S0008,194.58375,201,192.00875
A_k4_3od_x0.8,none,8,S0008,194.58375,202,210.96625
A_k4_3od_x0.8,none,8,S0008,194.58375,203,221.085
A_k4_3od_x0.8,none,8,S0008,194.58375,204,208.5625
A_k4_3od_x0.8,none,8,S0008,194.58375,205,210.34625
A_k4_3od_x0.8,none,9,S0004,181.055,201,188.25
A_k4_3od_x0.8,none,9,S0004,181.055,202,192.7275
A_k4_3od_x0.8,none,9,S0004,181.055,203,188.595
A_k4_3od_x0.8,none,9,S0004,181.055,204,182.21625
A_k4_3od_x0.8,none,9,S0004,181.055,205,193.7925
A_k4_3od_x1.0,both,0,S0007,248.008,201,282.701
A_k4_3od_x1.0,both,0,S0007,248.008,202,279.561
A_k4_3od_x1.0,both,0,S0007,248.008,203,267.416
A_k4_3od_x1.0,both,0,S0007,248.008,204,251.397
A_k4_3od_x1.0,both,0,S0007,248.008,205,277.711
A_k4_3od_x1.0,both,1,S0025,227.561,201,224.89
A_k4_3od_x1.0,both,1,S0025,227.561,202,232.999
A_k4_3od_x1.0,both,1,S0025,227.561,203,239.61
A_k4_3od_x1.0,both,1,S0025,227.561,204,241.817
A_k4_3od_x1.0,both,1,S0025,227.561,205,232.262
A_k4_3od_x1.0,both,2,S0001,239.472,201,253.712
A_k4_3od_x1.0,both,2,S0001,239.472,202,236.688
A_k4_3od_x1.0,both,2,S0001,239.472,203,237.419
A_k4_3od_x1.0,both,2,S0001,239.472,204,251.781
A_k4_3od_x1.0,both,2,S0001,239.472,205,252.296
A_k4_3od_x1.0,both,3,S0022,231.377,201,229.247
A_k4_3od_x1.0,both,3,S0022,231.377,202,237.199
A_k4_3od_x1.0,both,3,S0022,231.377,203,232.202
A_k4_3od_x1.0,both,3,S0022,231.377,204,230.854
A_k4_3od_x1.0,both,3,S0022,231.377,205,238.01
A_k4_3od_x1.0,both,4,S0028,238.339,201,251.289
A_k4_3od_x1.0,both,4,S0028,238.339,202,262.39
A_k4_3od_x1.0,both,4,S0028,238.339,203,255.09
A_k4_3od_x1.0,both,4,S0028,238.339,204,255.757
A_k4_3od_x1.0,both,4,S0028,238.339,205,239.547
A_k4_3od_x1.0,both,5,S0024,239.656,201,236.129
A_k4_3od_x1.0,both,5,S0024,239.656,202,255.511
A_k4_3od_x1.0,both,5,S0024,239.656,203,245.366
A_k4_3od_x1.0,both,5,S0024,239.656,204,246.34
A_k4_3od_x1.0,both,5,S0024,239.656,205,248.504
A_k4_3od_x1.0,both,6,S0014,239.1,201,249.897
A_k4_3od_x1.0,both,6,S0014,239.1,202,244.636
A_k4_3od_x1.0,both,6,S0014,239.1,203,261.7
A_k4_3od_x1.0,both,6,S0014,239.1,204,256.718
A_k4_3od_x1.0,both,6,S0014,239.1,205,244.917
A_k4_3od_x1.0,both,7,S0016,224.053,201,232.232
A_k4_3od_x1.0,both,7,S0016,224.053,202,228.66
A_k4_3od_x1.0,both,7,S0016,224.053,203,247.158
A_k4_3od_x1.0,both,7,S0016,224.053,204,231.113
A_k4_3od_x1.0,both,7,S0016,224.053,205,231.291
A_k4_3od_x1.0,both,8,S0022,231.377,201,229.247
A_k4_3od_x1.0,both,8,S0022,231.377,202,237.199
A_k4_3od_x1.0,both,8,S0022,231.377,203,232.202
A_k4_3od_x1.0,both,8,S0022,231.377,204,230.854
A_k4_3od_x1.0,both,8,S0022,231.377,205,238.01
A_k4_3od_x1.0,both,9,S0020,229.686,201,237.643
A_k4_3od_x1.0,both,9,S0020,229.686,202,226.586
A_k4_3od_x1.0,both,9,S0020,229.686,203,231.414
A_k4_3od_x1.0,both,9,S0020,229.686,204,240.11
A_k4_3od_x1.0,both,9,S0020,229.686,205,262.371
A_k4_3od_x1.0,init,0,S0006,244.86,201,267.456
A_k4_3od_x1.0,init,0,S0006,244.86,202,267.595
A_k4_3od_x1.0,init,0,S0006,244.86,203,258.052
A_k4_3od_x1.0,init,0,S0006,244.86,204,263.809
A_k4_3od_x1.0,init,0,S0006,244.86,205,270.516
A_k4_3od_x1.0,init,1,S0003,239.198,201,258.375
A_k4_3od_x1.0,init,1,S0003,239.198,202,245.673
A_k4_3od_x1.0,init,1,S0003,239.198,203,244.232
A_k4_3od_x1.0,init,1,S0003,239.198,204,258.712
A_k4_3od_x1.0,init,1,S0003,239.198,205,246.35
A_k4_3od_x1.0,init,2,S0012,237.496,201,260.223
A_k4_3od_x1.0,init,2,S0012,237.496,202,247.624
A_k4_3od_x1.0,init,2,S0012,237.496,203,249.428
A_k4_3od_x1.0,init,2,S0012,237.496,204,248.562
A_k4_3od_x1.0,init,2,S0012,237.496,205,264.95
A_k4_3od_x1.0,init,3,S0002,244.011,201,269.508
A_k4_3od_x1.0,init,3,S0002,244.011,202,251.947
A_k4_3od_x1.0,init,3,S0002,244.011,203,253.054
A_k4_3od_x1.0,init,3,S0002,244.011,204,254.284
A_k4_3od_x1.0,init,3,S0002,244.011,205,261.167
A_k4_3od_x1.0,init,4,S0025,227.561,201,224.89
A_k4_3od_x1.0,init,4,S0025,227.561,202,232.999
A_k4_3od_x1.0,init,4,S0025,227.561,203,239.61
A_k4_3od_x1.0,init,4,S0025,227.561,204,241.817
A_k4_3od_x1.0,init,4,S0025,227.561,205,232.262
A_k4_3od_x1.0,init,5,S0017,237.279,201,268.456
A_k4_3od_x1.0,init,5,S0017,237.279,202,271.21
A_k4_3od_x1.0,init,5,S0017,237.279,203,261.949
A_k4_3od_x1.0,init,5,S0017,237.279,204,259.661
A_k4_3od_x1.0,init,5,S0017,237.279,205,264.224
A_k4_3od_x1.0,init,6,S0023,231.076,201,227.124
A_k4_3od_x1.0,init,6,S0023,231.076,202,237.833
A_k4_3od_x1.0,init,6,S0023,231.076,203,238.949
A_k4_3od_x1.0,init,6,S0023,231.076,204,251.048
A_k4_3od_x1.0,init,6,S0023,231.076,205,229.46
A_k4_3od_x1.0,init,7,S0026,238.338,201,255.949
A_k4_3od_x1.0,init,7,S0026,238.338,202,249.995
A_k4_3od_x1.0,init,7,S0026,238.338,203,265.344
A_k4_3od_x1.0,init,7,S0026,238.338,204,259.996
A_k4_3od_x1.0,init,7,S0026,238.338,205,260.529
A_k4_3od_x1.0,init,8,S0015,240.346,201,255.101
A_k4_3od_x1.0,init,8,S0015,240.346,202,245.8
A_k4_3od_x1.0,init,8,S0015,240.346,203,240.187
A_k4_3od_x1.0,init,8,S0015,240.346,204,260.248
A_k4_3od_x1.0,init,8,S0015,240.346,205,244.853
A_k4_3od_x1.0,init,9,S0004,244.86,201,272.856
A_k4_3od_x1.0,init,9,S0004,244.86,202,276.425
A_k4_3od_x1.0,init,9,S0004,244.86,203,275.552
A_k4_3od_x1.0,init,9,S0004,244.86,204,257.638
A_k4_3od_x1.0,init,9,S0004,244.86,205,271.73
A_k4_3od_x1.0,mutation,0,S0013,233.371,201,266.406
A_k4_3od_x1.0,mutation,0,S0013,233.371,202,241.886
A_k4_3od_x1.0,mutation,0,S0013,233.371,203,248.329
A_k4_3od_x1.0,mutation,0,S0013,233.371,204,245.482
A_k4_3od_x1.0,mutation,0,S0013,233.371,205,235.719
A_k4_3od_x1.0,mutation,1,S0008,230.928,201,241.792
A_k4_3od_x1.0,mutation,1,S0008,230.928,202,224.738
A_k4_3od_x1.0,mutation,1,S0008,230.928,203,238.255
A_k4_3od_x1.0,mutation,1,S0008,230.928,204,243.019
A_k4_3od_x1.0,mutation,1,S0008,230.928,205,234.084
A_k4_3od_x1.0,mutation,2,S0016,224.053,201,232.232
A_k4_3od_x1.0,mutation,2,S0016,224.053,202,228.66
A_k4_3od_x1.0,mutation,2,S0016,224.053,203,247.158
A_k4_3od_x1.0,mutation,2,S0016,224.053,204,231.113
A_k4_3od_x1.0,mutation,2,S0016,224.053,205,231.291
A_k4_3od_x1.0,mutation,3,S0016,224.053,201,232.232
A_k4_3od_x1.0,mutation,3,S0016,224.053,202,228.66
A_k4_3od_x1.0,mutation,3,S0016,224.053,203,247.158
A_k4_3od_x1.0,mutation,3,S0016,224.053,204,231.113
A_k4_3od_x1.0,mutation,3,S0016,224.053,205,231.291
A_k4_3od_x1.0,mutation,4,S0005,223.893,201,213.267
A_k4_3od_x1.0,mutation,4,S0005,223.893,202,221.098
A_k4_3od_x1.0,mutation,4,S0005,223.893,203,235.792
A_k4_3od_x1.0,mutation,4,S0005,223.893,204,229.109
A_k4_3od_x1.0,mutation,4,S0005,223.893,205,235.35
A_k4_3od_x1.0,mutation,5,S0020,229.686,201,237.643
A_k4_3od_x1.0,mutation,5,S0020,229.686,202,226.586
A_k4_3od_x1.0,mutation,5,S0020,229.686,203,231.414
A_k4_3od_x1.0,mutation,5,S0020,229.686,204,240.11
A_k4_3od_x1.0,mutation,5,S0020,229.686,205,262.371
A_k4_3od_x1.0,mutation,6,S0027,229.978,201,245.03
A_k4_3od_x1.0,mutation,6,S0027,229.978,202,232.875
A_k4_3od_x1.0,mutation,6,S0027,229.978,203,231.425
A_k4_3od_x1.0,mutation,6,S0027,229.978,204,233.616
A_k4_3od_x1.0,mutation,6,S0027,229.978,205,248.788
A_k4_3od_x1.0,mutation,7,S0018,241.902,201,248.241
A_k4_3od_x1.0,mutation,7,S0018,241.902,202,254.896
A_k4_3od_x1.0,mutation,7,S0018,241.902,203,250.082
A_k4_3od_x1.0,mutation,7,S0018,241.902,204,249.891
A_k4_3od_x1.0,mutation,7,S0018,241.902,205,245.393
A_k4_3od_x1.0,mutation,8,S0009,238.67,201,265.92
A_k4_3od_x1.0,mutation,8,S0009,238.67,202,267.089
A_k4_3od_x1.0,mutation,8,S0009,238.67,203,252.852
A_k4_3od_x1.0,mutation,8,S0009,238.67,204,270.547
A_k4_3od_x1.0,mutation,8,S0009,238.67,205,252.319
A_k4_3od_x1.0,mutation,9,S0025,227.561,201,224.89
A_k4_3od_x1.0,mutation,9,S0025,227.561,202,232.999
A_k4_3od_x1.0,mutation,9,S0025,227.561,203,239.61
A_k4_3od_x1.0,mutation,9,S0025,227.561,204,241.817
A_k4_3od_x1.0,mutation,9,S0025,227.561,205,232.262
A_k4_3od_x1.0,none,0,S0013,233.371,201,266.406
A_k4_3od_x1.0,none,0,S0013,233.371,202,241.886
A_k4_3od_x1.0,none,0,S0013,233.371,203,248.329
A_k4_3od_x1.0,none,0,S0013,233.371,204,245.482
A_k4_3od_x1.0,none,0,S0013,233.371,205,235.719
A_k4_3od_x1.0,none,1,S0003,239.198,201,258.375
A_k4_3od_x1.0,none,1,S0003,239.198,202,245.673
A_k4_3od_x1.0,none,1,S0003,239.198,203,244.232
A_k4_3od_x1.0,none,1,S0003,239.198,204,258.712
A_k4_3od_x1.0,none,1,S0003,239.198,205,246.35
A_k4_3od_x1.0,none,2,S0010,235.623,201,279.594
A_k4_3od_x1.0,none,2,S0010,235.623,202,266.813
A_k4_3od_x1.0,none,2,S0010,235.623,203,251.043
A_k4_3od_x1.0,none,2,S0010,235.623,204,247.889
A_k4_3od_x1.0,none,2,S0010,235.623,205,248.565
A_k4_3od_x1.0,none,3,S0019,243.491,201,265.751
A_k4_3od_x1.0,none,3,S0019,243.491,202,252.0
A_k4_3od_x1.0,none,3,S0019,243.491,203,274.342
A_k4_3od_x1.0,none,3,S0019,243.491,204,263.244
A_k4_3od_x1.0,none,3,S0019,243.491,205,254.317
A_k4_3od_x1.0,none,4,S0021,234.275,201,249.872
A_k4_3od_x1.0,none,4,S0021,234.275,202,234.956
A_k4_3od_x1.0,none,4,S0021,234.275,203,240.172
A_k4_3od_x1.0,none,4,S0021,234.275,204,249.856
A_k4_3od_x1.0,none,4,S0021,234.275,205,231.254
A_k4_3od_x1.0,none,5,S0013,233.371,201,266.406
A_k4_3od_x1.0,none,5,S0013,233.371,202,241.886
A_k4_3od_x1.0,none,5,S0013,233.371,203,248.329
A_k4_3od_x1.0,none,5,S0013,233.371,204,245.482
A_k4_3od_x1.0,none,5,S0013,233.371,205,235.719
A_k4_3od_x1.0,none,6,S0011,236.189,201,256.114
A_k4_3od_x1.0,none,6,S0011,236.189,202,253.388
A_k4_3od_x1.0,none,6,S0011,236.189,203,242.797
A_k4_3od_x1.0,none,6,S0011,236.189,204,237.863
A_k4_3od_x1.0,none,6,S0011,236.189,205,247.84
A_k4_3od_x1.0,none,7,S0000,243.118,201,261.382
A_k4_3od_x1.0,none,7,S0000,243.118,202,268.665
A_k4_3od_x1.0,none,7,S0000,243.118,203,251.955
A_k4_3od_x1.0,none,7,S0000,243.118,204,268.93
A_k4_3od_x1.0,none,7,S0000,243.118,205,269.225
A_k4_3od_x1.0,none,8,S0023,231.076,201,227.124
A_k4_3od_x1.0,none,8,S0023,231.076,202,237.833
A_k4_3od_x1.0,none,8,S0023,231.076,203,238.949
A_k4_3od_x1.0,none,8,S0023,231.076,204,251.048
A_k4_3od_x1.0,none,8,S0023,231.076,205,229.46
A_k4_3od_x1.0,none,9,S0008,230.928,201,241.792
A_k4_3od_x1.0,none,9,S0008,230.928,202,224.738
A_k4_3od_x1.0,none,9,S0008,230.928,203,238.255
A_k4_3od_x1.0,none,9,S0008,230.928,204,243.019
A_k4_3od_x1.0,none,9,S0008,230.928,205,234.084
A_k4_3od_x1.2,both,0,S0020,298.41333333333336,201,354.7416666666667
A_k4_3od_x1.2,both,0,S0020,298.41333333333336,202,340.6975
A_k4_3od_x1.2,both,0,S0020,298.41333333333336,203,347.305
A_k4_3od_x1.2,both,0,S0020,298.41333333333336,204,348.2416666666667
A_k4_3od_x1.2,both,0,S0020,298.41333333333336,205,307.405
A_k4_3od_x1.2,both,1,S0002,314.33666666666664,201,340.97333333333336
A_k4_3od_x1.2,both,1,S0002,314.33666666666664,202,336.58166666666665
A_k4_3od_x1.2,both,1,S0002,314.33666666666664,203,322.9275
A_k4_3od_x1.2,both,1,S0002,314.33666666666664,204,318.9141666666667
A_k4_3od_x1.2,both,1,S0002,314.33666666666664,205,317.9766666666667
A_k4_3od_x1.2,both,2,S0012,294.6975,201,357.4241666666667
A_k4_3od_x1.2,both,2,S0012,294.6975,202,351.175
A_k4_3od_x1.2,both,2,S0012,294.6975,203,343.0391666666667
A_k4_3od_x1.2,both,2,S0012,294.6975,204,338.9941666666667
A_k4_3od_x1.2,both,2,S0012,294.6975,205,353.32416666666666
A_k4_3od_x1.2,both,3,S0005,303.96166666666664,201,303.4691666666667
A_k4_3od_x1.2,both,3,S0005,303.96166666666664,202,360.1725
A_k4_3od_x1.2,both,3,S0005,303.96166666666664,203,316.4925
A_k4_3od_x1.2,both,3,S0005,303.96166666666664,204,349.70416666666665
A_k4_3od_x1.2,both,3,S0005,303.96166666666664,205,310.2033333333333
A_k4_3od_x1.2,both,4,S0022,309.675,201,363.4866666666667
A_k4_3od_x1.2,both,4,S0022,309.675,202,352.06166666666667
A_k4_3od_x1.2,both,4,S0022,309.675,203,356.0441666666667
A_k4_3od_x1.2,both,4,S0022,309.675,204,375.85583333333335
A_k4_3od_x1.2,both,4,S0022,309.675,205,346.00416666666666
A_k4_3od_x1.2,both,5,S0019,297.1525,201,333.30583333333334
A_k4_3od_x1.2,both,5,S0019,297.1525,202,320.9725
A_k4_3od_x1.2,both,5,S0019,297.1525,203,309.81083333333333
A_k4_3od_x1.2,both,5,S0019,297.1525,204,290.61083333333335
A_k4_3od_x1.2,both,5,S0019,297.1525,205,340.3525
A_k4_3od_x1.2,both,6,S0021,305.70916666666665,201,322.025
A_k4_3od_x1.2,both,6,S0021,305.70916666666665,202,331.8066666666667
A_k4_3od_x1.2,both,6,S0021,305.70916666666665,203,309.295
A_k4_3od_x1.2,both,6,S0021,305.70916666666665,204,351.9925
A_k4_3od_x1.2,both,6,S0021,305.70916666666665,205,326.2891666666667
A_k4_3od_x1.2,both,7,S0017,311.80333333333334,201,350.65416666666664
A_k4_3od_x1.2,both,7,S0017,311.80333333333334,202,351.43666666666667
A_k4_3od_x1.2,both,7,S0017,311.80333333333334,203,335.4716666666667
A_k4_3od_x1.2,both,7,S0017,311.80333333333334,204,348.325
A_k4_3od_x1.2,both,7,S0017,311.80333333333334,205,377.1741666666667
A_k4_3od_x1.2,both,8,S0008,290.00416666666666,201,310.17333333333335
A_k4_3od_x1.2,both,8,S0008,290.00416666666666,202,307.87166666666667
A_k4_3od_x1.2,both,8,S0008,290.00416666666666,203,293.6066666666667
A_k4_3od_x1.2,both,8,S0008,290.00416666666666,204,308.8775
A_k4_3od_x1.2,both,8,S0008,290.00416666666666,205,305.28333333333336
A_k4_3od_x1.2,both,9,S0013,314.675,201,328.36083333333335
A_k4_3od_x1.2,both,9,S0013,314.675,202,310.7225
A_k4_3od_x1.2,both,9,S0013,314.675,203,328.09583333333336
A_k4_3od_x1.2,both,9,S0013,314.675,204,326.8408333333333
A_k4_3od_x1.2,both,9,S0013,314.675,205,324.6141666666667
A_k4_3od_x1.2,init,0,S0020,298.41333333333336,201,354.7416666666667
A_k4_3od_x1.2,init,0,S0020,298.41333333333336,202,340.6975
A_k4_3od_x1.2,init,0,S0020,298.41333333333336,203,347.305
A_k4_3od_x1.2,init,0,S0020,298.41333333333336,204,348.2416666666667
A_k4_3od_x1.2,init,0,S0020,298.41333333333336,205,307.405
A_k4_3od_x1.2,init,1,S0015,293.535,201,334.11583333333334
A_k4_3od_x1.2,init,1,S0015,293.535,202,319.61083333333335
A_k4_3od_x1.2,init,1,S0015,293.535,203,340.8383333333333
A_k4_3od_x1.2,init,1,S0015,293.535,204,337.5075
A_k4_3od_x1.2,init,1,S0015,293.535,205,321.19666666666666
A_k4_3od_x1.2,init,2,S0011,305.1666666666667,201,315.3958333333333
A_k4_3od_x1.2,init,2,S0011,305.1666666666667,202,340.94083333333333
A_k4_3od_x1.2,init,2,S0011,305.1666666666667,203,322.29083333333335
A_k4_3od_x1.2,init,2,S0011,305.1666666666667,204,354.04833333333335
A_k4_3od_x1.2,init,2,S0011,305.1666666666667,205,310.23
A_k4_3od_x1.2,init,3,S0006,313.25333333333333,201,324.3308333333333
A_k4_3od_x1.2,init,3,S0006,313.25333333333333,202,332.36833333333334
A_k4_3od_x1.2,init,3,S0006,313.25333333333333,203,332.6433333333333
A_k4_3od_x1.2,init,3,S0006,313.25333333333333,204,328.2325
A_k4_3od_x1.2,init,3,S0006,313.25333333333333,205,334.195
A_k4_3od_x1.2,init,4,S0006,313.25333333333333,201,324.3308333333333
A_k4_3od_x1.2,init,4,S0006,313.25333333333333,202,332.36833333333334
A_k4_3od_x1.2,init,4,S0006,313.25333333333333,203,332.6433333333333
A_k4_3od_x1.2,init,4,S0006,313.25333333333333,204,328.2325
A_k4_3od_x1.2,init,4,S0006,313.25333333333333,205,334.195
A_k4_3od_x1.2,init,5,S0023,314.6016666666667,201,372.1508333333333
A_k4_3od_x1.2,init,5,S0023,314.6016666666667,202,324.43666666666667
A_k4_3od_x1.2,init,5,S0023,314.6016666666667,203,357.23583333333335
A_k4_3od_x1.2,init,5,S0023,314.6016666666667,204,329.9325
A_k4_3od_x1.2,init,5,S0023,314.6016666666667,205,323.2325
A_k4_3od_x1.2,init,6,S0012,294.6975,201,357.4241666666667
A_k4_3od_x1.2,init,6,S0012,294.6975,202,351.175
A_k4_3od_x1.2,init,6,S0012,294.6975,203,343.0391666666667
A_k4_3od_x1.2,init,6,S0012,294.6975,204,338.9941666666667
A_k4_3od_x1.2,init,6,S0012,294.6975,205,353.32416666666666
A_k4_3od_x1.2,init,7,S0018,315.62583333333333,201,287.2266666666667
A_k4_3od_x1.2,init,7,S0018,315.62583333333333,202,307.5466666666667
A_k4_3od_x1.2,init,7,S0018,315.62583333333333,203,295.95166666666665
A_k4_3od_x1.2,init,7,S0018,315.62583333333333,204,313.8066666666667
A_k4_3od_x1.2,init,7,S0018,315.62583333333333,205,314.66583333333335
A_k4_3od_x1.2,init,8,S0022,309.675,201,363.4866666666667
A_k4_3od_x1.2,init,8,S0022,309.675,202,352.06166666666667
A_k4_3od_x1.2,init,8,S0022,309.675,203,356.0441666666667
A_k4_3od_x1.2,init,8,S0022,309.675,204,375.85583333333335
A_k4_3od_x1.2,init,8,S0022,309.675,205,346.00416666666666
A_k4_3od_x1.2,init,9,S0009,310.16083333333336,201,312.2991666666667
A_k4_3od_x1.2,init,9,S0009,310.16083333333336,202,311.7375
A_k4_3od_x1.2,init,9,S0009,310.16083333333336,203,328.04333333333335
A_k4_3od_x1.2,init,9,S0009,310.16083333333336,204,307.2316666666667
A_k4_3od_x1.2,init,9,S0009,310.16083333333336,205,335.1175
A_k4_3od_x1.2,mutation,0,S0021,305.70916666666665,201,322.025
A_k4_3od_x1.2,mutation,0,S0021,305.70916666666665,202,331.8066666666667
A_k4_3od_x1.2,mutation,0,S0021,305.70916666666665,203,309.295
A_k4_3od_x1.2,mutation,0,S0021,305.70916666666665,204,351.9925
A_k4_3od_x1.2,mutation,0,S0021,305.70916666666665,205,326.2891666666667
A_k4_3od_x1.2,mutation,1,S0011,305.1666666666667,201,315.3958333333333
A_k4_3od_x1.2,mutation,1,S0011,305.1666666666667,202,340.94083333333333
A_k4_3od_x1.2,mutation,1,S0011,305.1666666666667,203,322.29083333333335
A_k4_3od_x1.2,mutation,1,S0011,305.1666666666667,204,354.04833333333335
A_k4_3od_x1.2,mutation,1,S0011,305.1666666666667,205,310.23
A_k4_3od_x1.2,mutation,2,S0024,300.75916666666666,201,361.83416666666665
A_k4_3od_x1.2,mutation,2,S0024,300.75916666666666,202,358.18
A_k4_3od_x1.2,mutation,2,S0024,300.75916666666666,203,369.1025
A_k4_3od_x1.2,mutation,2,S0024,300.75916666666666,204,330.6075
A_k4_3od_x1.2,mutation,2,S0024,300.75916666666666,205,334.62
A_k4_3od_x1.2,mutation,3,S0019,297.1525,201,333.30583333333334
A_k4_3od_x1.2,mutation,3,S0019,297.1525,202,320.9725
A_k4_3od_x1.2,mutation,3,S0019,297.1525,203,309.81083333333333
A_k4_3od_x1.2,mutation,3,S0019,297.1525,204,290.61083333333335
A_k4_3od_x1.2,mutation,3,S0019,297.1525,205,340.3525
A_k4_3od_x1.2,mutation,4,S0001,305.51666666666665,201,314.3808333333333
A_k4_3od_x1.2,mutation,4,S0001,305.51666666666665,202,302.7608333333333
A_k4_3od_x1.2,mutation,4,S0001,305.51666666666665,203,280.82916666666665
A_k4_3od_x1.2,mutation,4,S0001,305.51666666666665,204,309.35083333333336
A_k4_3od_x1.2,mutation,4,S0001,305.51666666666665,205,288.6025
A_k4_3od_x1.2,mutation,5,S0015,293.535,201,334.11583333333334
A_k4_3od_x1.2,mutation,5,S0015,293.535,202,319.61083333333335
A_k4_3od_x1.2,mutation,5,S0015,293.535,203,340.8383333333333
A_k4_3od_x1.2,mutation,5,S0015,293.535,204,337.5075
A_k4_3od_x1.2,mutation,5,S0015,293.535,205,321.19666666666666
A_k4_3od_x1.2,mutation,6,S0002,314.33666666666664,201,340.97333333333336
A_k4_3od_x1.2,mutation,6,S0002,314.33666666666664,202,336.58166666666665
A_k4_3od_x1.2,mutation,6,S0002,314.33666666666664,203,322.9275
A_k4_3od_x1.2,mutation,6,S0002,314.33666666666664,204,318.9141666666667
A_k4_3od_x1.2,mutation,6,S0002,314.33666666666664,205,317.9766666666667
A_k4_3od_x1.2,mutation,7,S0019,297.1525,201,333.30583333333334
A_k4_3od_x1.2,mutation,7,S0019,297.1525,202,320.9725
A_k4_3od_x1.2,mutation,7,S0019,297.1525,203,309.81083333333333
A_k4_3od_x1.2,mutation,7,S0019,297.1525,204,290.61083333333335
A_k4_3od_x1.2,mutation,7,S0019,297.1525,205,340.3525
A_k4_3od_x1.2,mutation,8,S0004,307.7283333333333,201,352.43666666666667
A_k4_3od_x1.2,mutation,8,S0004,307.7283333333333,202,353.05
A_k4_3od_x1.2,mutation,8,S0004,307.7283333333333,203,356.3225
A_k4_3od_x1.2,mutation,8,S0004,307.7283333333333,204,322.9175
A_k4_3od_x1.2,mutation,8,S0004,307.7283333333333,205,320.8875
A_k4_3od_x1.2,mutation,9,S0010,303.1533333333333,201,372.2266666666667
A_k4_3od_x1.2,mutation,9,S0010,303.1533333333333,202,309.4291666666667
A_k4_3od_x1.2,mutation,9,S0010,303.1533333333333,203,318.42583333333334
A_k4_3od_x1.2,mutation,9,S0010,303.1533333333333,204,319.95
A_k4_3od_x1.2,mutation,9,S0010,303.1533333333333,205,317.39416666666665
A_k4_3od_x1.2,none,0,S0011,305.1666666666667,201,315.3958333333333
A_k4_3od_x1.2,none,0,S0011,305.1666666666667,202,340.94083333333333
A_k4_3od_x1.2,none,0,S0011,305.1666666666667,203,322.29083333333335
A_k4_3od_x1.2,none,0,S0011,305.1666666666667,204,354.04833333333335
A_k4_3od_x1.2,none,0,S0011,305.1666666666667,205,310.23
A_k4_3od_x1.2,none,1,S0007,315.69916666666666,201,337.89166666666665
A_k4_3od_x1.2,none,1,S0007,315.69916666666666,202,346.31166666666667
A_k4_3od_x1.2,none,1,S0007,315.69916666666666,203,327.73083333333335
A_k4_3od_x1.2,none,1,S0007,315.69916666666666,204,326.99083333333334
A_k4_3od_x1.2,none,1,S0007,315.69916666666666,205,330.7225
A_k4_3od_x1.2,none,2,S0002,314.33666666666664,201,340.97333333333336
A_k4_3od_x1.2,none,2,S0002,314.33666666666664,202,336.58166666666665
A_k4_3od_x1.2,none,2,S0002,314.33666666666664,203,322.9275
A_k4_3od_x1.2,none,2,S0002,314.33666666666664,204,318.9141666666667
A_k4_3od_x1.2,none,2,S0002,314.33666666666664,205,317.9766666666667
A_k4_3od_x1.2,none,3,S0008,290.00416666666666,201,310.17333333333335
A_k4_3od_x1.2,none,3,S0008,290.00416666666666,202,307.87166666666667
A_k4_3od_x1.2,none,3,S0008,290.00416666666666,203,293.6066666666667
A_k4_3od_x1.2,none,3,S0008,290.00416666666666,204,308.8775
A_k4_3od_x1.2,none,3,S0008,290.00416666666666,205,305.28333333333336
A_k4_3od_x1.2,none,4,S0024,300.75916666666666,201,361.83416666666665
A_k4_3od_x1.2,none,4,S0024,300.75916666666666,202,358.18
A_k4_3od_x1.2,none,4,S0024,300.75916666666666,203,369.1025
A_k4_3od_x1.2,none,4,S0024,300.75916666666666,204,330.6075
A_k4_3od_x1.2,none,4,S0024,300.75916666666666,205,334.62
A_k4_3od_x1.2,none,5,S0016,293.535,201,334.11583333333334
A_k4_3od_x1.2,none,5,S0016,293.535,202,319.61083333333335
A_k4_3od_x1.2,none,5,S0016,293.535,203,340.8383333333333
A_k4_3od_x1.2,none,5,S0016,293.535,204,337.5075
A_k4_3od_x1.2,none,5,S0016,293.535,205,321.19666666666666
A_k4_3od_x1.2,none,6,S0000,299.8425,201,296.67333333333335
A_k4_3od_x1.2,none,6,S0000,299.8425,202,325.56
A_k4_3od_x1.2,none,6,S0000,299.8425,203,313.09
A_k4_3od_x1.2,none,6,S0000,299.8425,204,327.0466666666667
A_k4_3od_x1.2,none,6,S0000,299.8425,205,285.41
A_k4_3od_x1.2,none,7,S0003,317.3375,201,341.4175
A_k4_3od_x1.2,none,7,S0003,317.3375,202,354.02166666666665
A_k4_3od_x1.2,none,7,S0003,317.3375,203,329.105
A_k4_3od_x1.2,none,7,S0003,317.3375,204,319.7366666666667
A_k4_3od_x1.2,none,7,S0003,317.3375,205,317.33166666666665
A_k4_3od_x1.2,none,8,S0011,305.1666666666667,201,315.3958333333333
A_k4_3od_x1.2,none,8,S0011,305.1666666666667,202,340.94083333333333
A_k4_3od_x1.2,none,8,S0011,305.1666666666667,203,322.29083333333335
A_k4_3od_x1.2,none,8,S0011,305.1666666666667,204,354.04833333333335
A_k4_3od_x1.2,none,8,S0011,305.1666666666667,205,310.23
A_k4_3od_x1.2,none,9,S0014,308.5733333333333,201,338.0475
A_k4_3od_x1.2,none,9,S0014,308.5733333333333,202,323.85083333333336
A_k4_3od_x1.2,none,9,S0014,308.5733333333333,203,320.1041666666667
A_k4_3od_x1.2,none,9,S0014,308.5733333333333,204,333.385
A_k4_3od_x1.2,none,9,S0014,308.5733333333333,205,336.1716666666667
