gen,idx,k,score,closed_edges,run_dir,tripinfo
1,0,10,652.6553333333334,-111681903#2;-311298662#1;111681905#1;120682114#1;24337240#5;26216779#1;4935299#1;4970256#7;5197062#4;783907721#0,runs_J_k16_plain\none_seed3\g001_i000,runs_J_k16_plain\none_seed3\g001_i000\tripinfo.xml
1,1,10,636.7906666666667,-311298658;-74277990;-782714971#4;111681903#1;111681905#1;24337240#0;783907721#0;7924772;876057378#1;880137009#1,runs_J_k16_plain\none_seed3\g001_i001,runs_J_k16_plain\none_seed3\g001_i001\tripinfo.xml
1,2,2,602.0886666666667,-835443464;28468732#1,runs_J_k16_plain\none_seed3\g001_i002,runs_J_k16_plain\none_seed3\g001_i002\tripinfo.xml
1,3,12,667.1786666666667,-111677668#0;-498033359#2;-782714971#2;-876343449#0;24337240#7;4935286#0;498033359#1;502325084#3;62826731;876343449#2;880137009#0;880140407,runs_J_k16_plain\none_seed3\g001_i003,runs_J_k16_plain\none_seed3\g001_i003\tripinfo.xml
1,4,6,637.6686666666667,-120682114#2;-7365262;111677669#1;111677669#5;24337240#2;876057378#0,runs_J_k16_plain\none_seed3\g001_i004,runs_J_k16_plain\none_seed3\g001_i004\tripinfo.xml
1,5,9,674.396,-25970859#1;-498033359#2;-502325084#0;-782714971#0;-880140407;25970859#1;535519490#1;782714971#0;876057378#4,runs_J_k16_plain\none_seed3\g001_i005,runs_J_k16_plain\none_seed3\g001_i005\tripinfo.xml
1,6,6,464.81933333333336,-24337240#3;-535519490#1;4935286#2;62826731;782710712;876057378#3,runs_J_k16_plain\none_seed3\g001_i006,runs_J_k16_plain\none_seed3\g001_i006\tripinfo.xml
1,7,3,381.62266666666665,-111677671#0;-7365262;4935286#2,runs_J_k16_plain\none_seed3\g001_i007,runs_J_k16_plain\none_seed3\g001_i007\tripinfo.xml
1,8,13,1000000000000.0,-311298658;-498033359#3;-783907721#2;111677668#0;111677669#1;24337240#7;25970859#0;498033359#2;502325084#0;5197062#4;782714971#0;876057378#1;880137010,runs_J_k16_plain\none_seed3\g001_i008,runs_J_k16_plain\none_seed3\g001_i008\tripinfo.xml
1,9,4,632.7933333333333,-311298662#1;111681903#0;502325084#3;876057378#2,runs_J_k16_plain\none_seed3\g001_i009,runs_J_k16_plain\none_seed3\g001_i009\tripinfo.xml
1,10,8,644.9866666666667,-311298682#0;-498033359#0;-535519490#0;311298662#0;4935286#3;4970256#6;58621262#1;62826731,runs_J_k16_plain\none_seed3\g001_i010,runs_J_k16_plain\none_seed3\g001_i010\tripinfo.xml
1,11,6,644.456,-120682114#3;-311298685;24337240#2;311298682#0;782714966#1;876057378#3,runs_J_k16_plain\none_seed3\g001_i011,runs_J_k16_plain\none_seed3\g001_i011\tripinfo.xml
1,12,7,373.832,-24337240#2;-311298662#1;-783907721#0;111677669#4;4935286#2;876057378#3;880137010,runs_J_k16_plain\none_seed3\g001_i012,runs_J_k16_plain\none_seed3\g001_i012\tripinfo.xml
1,13,6,643.9946666666667,-28468730#0;-498033359#0;26216781#1;28468730#0;876057378#0;876343449#1,runs_J_k16_plain\none_seed3\g001_i013,runs_J_k16_plain\none_seed3\g001_i013\tripinfo.xml
1,14,5,593.5686666666667,-5197062#3;-782714966#1;111677669#4;783907721#1;876343449#0,runs_J_k16_plain\none_seed3\g001_i014,runs_J_k16_plain\none_seed3\g001_i014\tripinfo.xml
1,15,8,512.1586666666667,-311298662#0;-7365262;-782714966#0;-880140407;24337240#1;4935286#0;4935286#3;876343449#1,runs_J_k16_plain\none_seed3\g001_i015,runs_J_k16_plain\none_seed3\g001_i015\tripinfo.xml
1,16,5,597.934,-24337240#6;-782714971#0;4970256#6;4970256#7;58621262#0,runs_J_k16_plain\none_seed3\g001_i016,runs_J_k16_plain\none_seed3\g001_i016\tripinfo.xml
1,17,3,572.1526666666666,-205590836#0;-782714971#0;4970256#5,runs_J_k16_plain\none_seed3\g001_i017,runs_J_k16_plain\none_seed3\g001_i017\tripinfo.xml
1,18,10,622.1733333333333,-120682114#2;-205590836#0;-502325084#3;-5197062#3;-782714966#0;-835445203;25970859#1;26216781#2;311298662#1;498033359#0,runs_J_k16_plain\none_seed3\g001_i018,runs_J_k16_plain\none_seed3\g001_i018\tripinfo.xml
1,19,11,593.0253333333334,-111677668#3;-24337240#1;-28468730#0;-7365262;-835445203;-876343449#0;25970859#0;26216781#3;782714971#4;783907721#0;835445203,runs_J_k16_plain\none_seed3\g001_i019,runs_J_k16_plain\none_seed3\g001_i019\tripinfo.xml
1,20,7,625.7933333333333,-111681903#3;-24337240#2;-782714971#0;111677669#0;782714966#0;783907721#1;876057378#5,runs_J_k16_plain\none_seed3\g001_i020,runs_J_k16_plain\none_seed3\g001_i020\tripinfo.xml
1,21,9,644.456,-311298665;-5197062#4;111677668#4;111681903#2;24337240#0;311298658;311298682#0;498033359#3;5197062#3,runs_J_k16_plain\none_seed3\g001_i021,runs_J_k16_plain\none_seed3\g001_i021\tripinfo.xml
1,22,10,556.3486666666666,-24337240#3;-28298231;-835443464;131942152;24337240#4;28468732#0;4970256#6;535519490#0;782714971#4;876057376,runs_J_k16_plain\none_seed3\g001_i022,runs_J_k16_plain\none_seed3\g001_i022\tripinfo.xml
1,23,12,2092.096,-24337240#1;-24337240#2;-24337240#3;-28298231;-28468730#0;-502325084#1;-782714966#1;131942152;311298662#0;311298662#1;4935286#3;835443464,runs_J_k16_plain\none_seed3\g001_i023,runs_J_k16_plain\none_seed3\g001_i023\tripinfo.xml
2,0,7,373.832,-24337240#2;-311298662#1;-783907721#0;111677669#4;4935286#2;876057378#3;880137010,runs_J_k16_plain\none_seed3\g002_i000,runs_J_k16_plain\none_seed3\g002_i000\tripinfo.xml
2,1,16,576.9213333333333,-24337240#2;-535519490#1;-7365262;-783907721#0;111677669#3;111681903#1;111681905#2;131942152;28468732#1;311298665;4935286#3;535519490#1;782714966#1;783907721#0;876057378#5;876343449#1,runs_J_k16_plain\none_seed3\g002_i001,runs_J_k16_plain\none_seed3\g002_i001\tripinfo.xml
2,2,16,382.9986666666667,-111677671#0;-311298662#0;-502325084#0;-782714966#0;111677668#4;24337240#0;24337240#1;24337240#2;311298685;4935286#2;4970256#6;498033359#0;535519490#0;782714971#4;783907721#0;876057378#3,runs_J_k16_plain\none_seed3\g002_i002,runs_J_k16_plain\none_seed3\g002_i002\tripinfo.xml
2,3,16,661.1526666666666,-311298662#1;-498033359#1;-783907721#0;-835445203;111677669#4;111681903#0;111681903#3;25970859#1;26216781#2;26216781#3;535519490#1;783907721#2;7924772;876057378#2;876057378#3;876343449#2,runs_J_k16_plain\none_seed3\g002_i003,runs_J_k16_plain\none_seed3\g002_i003\tripinfo.xml
2,4,16,360.0346666666667,-120682114#2;-205590836#0;-25970859#0;-28298231;-311298665;-498033359#3;-502325084#1;-782714966#0;-783907721#1;26216779#0;311298682#0;4935286#2;4970256#7;62826731;782714971#4;880137009#0,runs_J_k16_plain\none_seed3\g002_i004,runs_J_k16_plain\none_seed3\g002_i004\tripinfo.xml
2,5,16,1159.2593333333334,-120682114#2;-782714971#1;-782714971#3;111677669#0;120682114#2;131942152;28468730#1;28468732#0;311298662#1;4935299#1;4970256#6;4970256#8;535519490#0;7924772;876057378#1;880140407,runs_J_k16_plain\none_seed3\g002_i005,runs_J_k16_plain\none_seed3\g002_i005\tripinfo.xml
2,6,16,392.8206666666667,-120682114#2;-28298231;-311298682#0;-5197062#4;-7365262;-782714966#0;-835443464;-876343449#1;111681905#2;205590836#2;24337240#4;28468732#1;4935286#2;782714971#1;782714971#3;876057376,runs_J_k16_plain\none_seed3\g002_i006,runs_J_k16_plain\none_seed3\g002_i006\tripinfo.xml
2,7,16,451.13733333333334,-205590836#0;-311298662#0;-502325084#1;-7365262;-782714966#0;-876343449#1;111681903#2;26216779#1;311298685;4935286#0;4935286#2;4935286#3;502325084#1;782714971#1;835443464;835445203,runs_J_k16_plain\none_seed3\g002_i007,runs_J_k16_plain\none_seed3\g002_i007\tripinfo.xml
2,8,16,1083.0733333333333,-24337240#1;-24337240#2;-24337240#7;-782714966#0;-880140407;111681903#1;111681903#2;24337240#1;311298665;502325084#1;5197062#3;782714971#0;782714971#1;782714971#3;876057378#3;876343449#1,runs_J_k16_plain\none_seed3\g002_i008,runs_J_k16_plain\none_seed3\g002_i008\tripinfo.xml
2,9,2,644.456,-880137009#1;876057378#3,runs_J_k16_plain\none_seed3\g002_i009,runs_J_k16_plain\none_seed3\g002_i009\tripinfo.xml
2,10,16,1000000000000.0,-24337240#6;-4950193;-498033359#3;-502325084#0;-782714971#0;111681903#3;24337240#1;24337240#4;24337240#7;26216781#2;4935286#1;4970256#7;535519490#1;58621262#0;783907721#2;835445203,runs_J_k16_plain\none_seed3\g002_i010,runs_J_k16_plain\none_seed3\g002_i010\tripinfo.xml
2,11,16,657.9266666666666,-498033359#3;-782714966#1;-783907721#0;-783907721#2;-876343449#1;-880137009#0;120682114#3;24337240#3;25970859#0;26216779#1;28468730#0;311298662#0;311298685;37628709#1;502325084#3;782714971#1,runs_J_k16_plain\none_seed3\g002_i011,runs_J_k16_plain\none_seed3\g002_i011\tripinfo.xml
2,12,16,479.412,-111677668#3;-120682114#1;-24337240#2;-24337240#6;-311298685;-498033359#1;-502325084#0;-782714966#0;-876343449#0;111677669#3;111677669#4;4935286#0;4935286#2;4970256#8;782714971#4;876057378#3,runs_J_k16_plain\none_seed3\g002_i012,runs_J_k16_plain\none_seed3\g002_i012\tripinfo.xml
2,13,16,639.4433333333334,-120682114#1;-24337240#3;-25970859#0;-28468730#0;-783907721#1;-880137009#0;111677669#4;111681903#0;111681905#2;26216781#3;28468730#1;4935286#0;4935286#1;4935286#2;535519490#1;876057378#3,runs_J_k16_plain\none_seed3\g002_i013,runs_J_k16_plain\none_seed3\g002_i013\tripinfo.xml
2,14,16,854.7513333333334,-24337240#3;-311298662#1;-535519490#1;-782714971#4;-783907721#0;-880137009#0;111677668#0;111677669#1;28468732#0;4935286#0;4935286#2;4970256#8;535519490#0;62826731;782710712;880137010,runs_J_k16_plain\none_seed3\g002_i014,runs_J_k16_plain\none_seed3\g002_i014\tripinfo.xml
2,15,11,565.1813333333333,-24337240#3;-311298662#0;-502325084#1;-880140407;24337240#5;26216781#2;4935286#1;782714966#1;782714971#2;783907721#1;835443464,runs_J_k16_plain\none_seed3\g002_i015,runs_J_k16_plain\none_seed3\g002_i015\tripinfo.xml
2,16,10,604.646,-28298231;-782714966#0;-835443464;-876343449#2;24337240#1;24337240#4;26216781#2;4970256#6;535519490#0;58621262#1,runs_J_k16_plain\none_seed3\g002_i016,runs_J_k16_plain\none_seed3\g002_i016\tripinfo.xml
2,17,16,586.2406666666667,-24337240#7;-25970859#1;-311298662#1;-498033359#0;-498033359#2;-782714971#2;-876343449#0;-876343449#1;111681903#0;111681905#1;24337240#4;25970859#0;26216781#0;4935286#3;7924772;876343449#0,runs_J_k16_plain\none_seed3\g002_i017,runs_J_k16_plain\none_seed3\g002_i017\tripinfo.xml
2,18,15,619.5986666666666,-111681903#0;-311298662#1;-5197062#3;-782714971#1;-783907721#1;-880137009#1;111677669#0;111681903#2;24337240#3;28468730#0;28468730#1;5197062#3;58621262#1;876057378#1;876057378#2,runs_J_k16_plain\none_seed3\g002_i018,runs_J_k16_plain\none_seed3\g002_i018\tripinfo.xml
2,19,12,387.246,-111677668#3;-311298685;-835445203;-876343449#2;111677669#0;111681903#2;4935286#2;4935286#3;876057378#0;876057378#1;876057378#3;876343449#1,runs_J_k16_plain\none_seed3\g002_i019,runs_J_k16_plain\none_seed3\g002_i019\tripinfo.xml
2,20,8,590.8053333333334,-24337240#1;-311298662#0;-4950193;-498033359#1;-5197062#3;-7365262;-783907721#0;120682114#1,runs_J_k16_plain\none_seed3\g002_i020,runs_J_k16_plain\none_seed3\g002_i020\tripinfo.xml
2,21,16,346.29,-120682114#2;-311298685;-502325084#3;-5197062#3;-835443464;205590836#2;26216781#0;37628709#1;4935286#2;5197062#4;62826731;782710712;783907721#0;876057378#3;876057378#5;880137010,runs_J_k16_plain\none_seed3\g002_i021,runs_J_k16_plain\none_seed3\g002_i021\tripinfo.xml
2,22,16,1318.5553333333332,-111681903#1;-111681903#3;-502325084#0;-783907721#2;111677669#0;111677669#1;24337240#4;25970859#1;28468730#0;4935286#2;4935299#1;62826731;782710712;782714971#3;835445203;876057378#3,runs_J_k16_plain\none_seed3\g002_i022,runs_J_k16_plain\none_seed3\g002_i022\tripinfo.xml
2,23,16,654.7833333333333,-111681903#0;-24337240#3;-28298231;-311298662#1;-311298685;-498033359#0;-5197062#3;4935286#1;4935286#2;4970256#5;4970256#6;4970256#8;502325084#0;782714971#0;782714971#4;876057378#3,runs_J_k16_plain\none_seed3\g002_i023,runs_J_k16_plain\none_seed3\g002_i023\tripinfo.xml
3,0,16,346.29,-120682114#2;-311298685;-502325084#3;-5197062#3;-835443464;205590836#2;26216781#0;37628709#1;4935286#2;5197062#4;62826731;782710712;783907721#0;876057378#3;876057378#5;880137010,runs_J_k16_plain\none_seed3\g003_i000,runs_J_k16_plain\none_seed3\g003_i000\tripinfo.xml
3,1,16,612.7473333333334,-111681903#0;-120682114#3;-24337240#4;-311298662#1;-5197062#3;111681903#2;24337240#4;4935286#1;4970256#6;782714971#0;782714971#4;835443464;876057376;876057378#2;876057378#5;876343449#2,runs_J_k16_plain\none_seed3\g003_i001,runs_J_k16_plain\none_seed3\g003_i001\tripinfo.xml
3,2,16,373.832,-111681903#0;-311298685;-502325084#1;-783907721#0;-835443464;-835445203;205590836#2;26216779#1;4935286#2;4935299#1;5197062#4;782710712;783907721#0;876057378#3;876057378#5;880137010,runs_J_k16_plain\none_seed3\g003_i002,runs_J_k16_plain\none_seed3\g003_i002\tripinfo.xml
3,3,16,628.958,-205590836#0;-28298231;-311298665;-498033359#3;-502325084#1;-782714966#0;-783907721#1;-876343449#1;111677669#2;111681905#2;25970859#0;311298682#0;4970256#5;498033359#0;62826731;880137009#0,runs_J_k16_plain\none_seed3\g003_i003,runs_J_k16_plain\none_seed3\g003_i003\tripinfo.xml
3,4,16,1125.9926666666668,-120682114#1;-205590836#0;-25970859#0;-28298231;-498033359#3;-783907721#1;24337240#4;311298658;311298682#0;498033359#1;5197062#3;62826731;782714966#1;783907721#1;783907721#2;880137009#0,runs_J_k16_plain\none_seed3\g003_i004,runs_J_k16_plain\none_seed3\g003_i004\tripinfo.xml
3,5,8,450.58133333333336,-311298682#0;111677669#0;131942152;28468732#1;4935286#1;4935286#3;876057378#2;876343449#1,runs_J_k16_plain\none_seed3\g003_i005,runs_J_k16_plain\none_seed3\g003_i005\tripinfo.xml
3,6,16,652.574,-311298682#0;-74277990;-876343449#2;111677669#0;111681903#2;111681905#2;24337240#5;24337240#7;311298658;4935286#2;5197062#4;535519490#1;782714971#4;876057378#1;876057378#3;876343449#1,runs_J_k16_plain\none_seed3\g003_i006,runs_J_k16_plain\none_seed3\g003_i006\tripinfo.xml
3,7,14,370.678,-111677668#4;-205590836#0;-7365262;-782714966#0;111677669#4;111681903#2;111681905#1;205590836#2;26216779#1;311298682#0;4935286#2;502325084#1;876343449#1;880137009#1,runs_J_k16_plain\none_seed3\g003_i007,runs_J_k16_plain\none_seed3\g003_i007\tripinfo.xml
3,8,16,1546.4473333333333,-120682114#2;-502325084#1;-502325084#3;-7365262;111681903#2;120682114#2;25970859#0;26216779#1;26216781#2;28468732#0;4935286#2;4935286#3;498033359#0;502325084#1;782714971#2;876057378#0,runs_J_k16_plain\none_seed3\g003_i008,runs_J_k16_plain\none_seed3\g003_i008\tripinfo.xml
3,9,16,667.1206666666667,-24337240#0;-311298685;-782714971#2;-783907721#0;111677669#5;24337240#1;311298658;311298662#1;4935286#0;498033359#2;502325084#1;5197062#3;62826731;782714971#4;835443464;876057378#3,runs_J_k16_plain\none_seed3\g003_i009,runs_J_k16_plain\none_seed3\g003_i009\tripinfo.xml
3,10,16,621.6693333333334,-24337240#2;-311298662#0;-311298662#1;-502325084#1;-876343449#2;-880137009#0;111681903#0;25970859#0;4935286#2;4935286#3;498033359#3;58621262#0;783907721#0;876057378#3;876343449#1;880137010,runs_J_k16_plain\none_seed3\g003_i010,runs_J_k16_plain\none_seed3\g003_i010\tripinfo.xml
3,11,7,594.3733333333333,-111677668#4;-120682114#2;-535519490#1;111681903#3;26216781#1;876343449#2;880137009#0,runs_J_k16_plain\none_seed3\g003_i011,runs_J_k16_plain\none_seed3\g003_i011\tripinfo.xml
3,12,16,437.6406666666667,-120682114#3;-28298231;-311298685;-502325084#1;-782714966#0;-783907721#1;111681903#1;120682114#3;26216779#0;311298682#0;4935286#2;4970256#5;502325084#3;782714971#4;7924772;876057378#4,runs_J_k16_plain\none_seed3\g003_i012,runs_J_k16_plain\none_seed3\g003_i012\tripinfo.xml
3,13,16,1000000000000.0,-24337240#2;-25970859#0;-311298662#1;-311298665;-5197062#4;-782714966#0;-783907721#0;-783907721#1;111677668#3;111677669#0;4935286#2;498033359#3;782714971#1;876057376;876343449#1;876343449#2,runs_J_k16_plain\none_seed3\g003_i013,runs_J_k16_plain\none_seed3\g003_i013\tripinfo.xml
3,14,16,1000000000000.0,-205590836#0;-28298231;-498033359#3;-502325084#1;-535519490#1;-876343449#1;111677669#4;24337240#3;311298662#0;498033359#1;58621262#1;782714971#4;876057378#3;880137009#0;880137009#1;880137010,runs_J_k16_plain\none_seed3\g003_i014,runs_J_k16_plain\none_seed3\g003_i014\tripinfo.xml
3,15,15,2713.676,-111677668#3;-24337240#7;-502325084#1;-5197062#3;-782714966#1;111677668#3;111677669#3;111681903#2;24337240#1;311298658;311298662#1;4935286#2;5197062#4;783907721#0;876057378#1,runs_J_k16_plain\none_seed3\g003_i015,runs_J_k16_plain\none_seed3\g003_i015\tripinfo.xml
3,16,16,644.456,-28298231;-311298685;111677668#0;120682114#2;24337240#7;311298682#0;4935286#2;4935299#1;502325084#0;5197062#3;62826731;876057378#0;876343449#1;880137009#0;880137010;880140407,runs_J_k16_plain\none_seed3\g003_i016,runs_J_k16_plain\none_seed3\g003_i016\tripinfo.xml
3,17,16,644.456,-24337240#1;-24337240#2;-311298662#1;-498033359#2;-502325084#3;-783907721#2;111677668#0;111677669#4;26216781#3;28468730#1;311298682#0;4970256#7;502325084#0;535519490#0;876057378#5;880137010,runs_J_k16_plain\none_seed3\g003_i017,runs_J_k16_plain\none_seed3\g003_i017\tripinfo.xml
3,18,16,391.54266666666666,-205590836#0;-25970859#0;-502325084#1;-502325084#3;-782714966#0;-783907721#0;-876343449#1;111677669#4;24337240#2;26216779#1;28468732#1;4935286#2;4970256#6;502325084#0;62826731;782714971#4,runs_J_k16_plain\none_seed3\g003_i018,runs_J_k16_plain\none_seed3\g003_i018\tripinfo.xml
3,19,16,1383.0406666666668,-111681903#3;-120682114#2;-120682114#3;-24337240#0;-24337240#3;-502325084#0;-782714966#0;-835443464;111677668#0;4935286#2;498033359#1;62826731;782714971#4;876057376;876057378#3;876057378#5,runs_J_k16_plain\none_seed3\g003_i019,runs_J_k16_plain\none_seed3\g003_i019\tripinfo.xml
3,20,16,643.0713333333333,-120682114#2;-24337240#6;-5197062#3;-782714971#1;-782714971#2;-876343449#0;111677669#4;37628709#1;4935286#0;5197062#4;62826731;782714966#1;783907721#0;7924772;876057378#3;880137010,runs_J_k16_plain\none_seed3\g003_i020,runs_J_k16_plain\none_seed3\g003_i020\tripinfo.xml
3,21,16,565.388,-111681903#1;-24337240#3;-24337240#7;-5197062#4;-7365262;-876343449#1;111677668#3;111681903#0;24337240#4;311298662#1;4935286#0;4935286#2;4935286#3;782714971#2;876057378#0;876057378#2,runs_J_k16_plain\none_seed3\g003_i021,runs_J_k16_plain\none_seed3\g003_i021\tripinfo.xml
3,22,7,574.354,-28298231;-498033359#2;-782714966#0;28468730#0;28468732#1;782710712;876057376,runs_J_k16_plain\none_seed3\g003_i022,runs_J_k16_plain\none_seed3\g003_i022\tripinfo.xml
3,23,16,668.336,-111677671#0;-28298231;-311298662#1;-7365262;-876343449#1;-880137009#1;111681905#2;205590836#2;28468730#1;311298685;502325084#1;62826731;747448014;783907721#0;876057376;880137010,runs_J_k16_plain\none_seed3\g003_i023,runs_J_k16_plain\none_seed3\g003_i023\tripinfo.xml
4,0,16,346.29,-120682114#2;-311298685;-502325084#3;-5197062#3;-835443464;205590836#2;26216781#0;37628709#1;4935286#2;5197062#4;62826731;782710712;783907721#0;876057378#3;876057378#5;880137010,runs_J_k16_plain\none_seed3\g004_i000,runs_J_k16_plain\none_seed3\g004_i000\tripinfo.xml
4,1,7,605.0213333333334,-311298682#0;24337240#2;24337240#4;26216781#0;5197062#4;782710712;876057378#3,runs_J_k16_plain\none_seed3\g004_i001,runs_J_k16_plain\none_seed3\g004_i001\tripinfo.xml
4,2,16,591.7133333333334,-311298662#0;-311298685;-5197062#4;-835443464;-835445203;-876343449#1;205590836#2;25970859#1;26216781#3;311298682#0;4935299#1;4970256#8;58621262#0;783907721#0;876057376;880137010,runs_J_k16_plain\none_seed3\g004_i002,runs_J_k16_plain\none_seed3\g004_i002\tripinfo.xml
4,3,16,587.5946666666666,-28298231;-311298685;-498033359#3;-502325084#3;-74277990;-782714971#4;-835443464;111677669#0;111677669#3;131942152;24337240#2;26216779#0;26216781#0;5197062#4;876057378#3;876057378#4,runs_J_k16_plain\none_seed3\g004_i003,runs_J_k16_plain\none_seed3\g004_i003\tripinfo.xml
4,4,16,923.6106666666667,-120682114#1;-28298231;-311298682#0;-502325084#3;-5197062#3;-5197062#4;-782714971#1;111677668#0;111677669#3;24337240#2;24337240#4;28468732#0;28468732#1;5197062#3;782710712;876057378#2,runs_J_k16_plain\none_seed3\g004_i004,runs_J_k16_plain\none_seed3\g004_i004\tripinfo.xml
4,5,14,629.7786666666667,-111677668#4;-498033359#0;-7365262;-782714971#2;-783907721#0;111677668#4;131942152;24337240#0;4935286#1;4935286#3;4970256#6;782714971#3;876057378#3;876343449#1,runs_J_k16_plain\none_seed3\g004_i005,runs_J_k16_plain\none_seed3\g004_i005\tripinfo.xml
4,6,16,1019.9186666666667,-120682114#1;-24337240#3;-28298231;-502325084#3;-782714971#3;-783907721#0;-876343449#1;111677669#4;111681903#2;120682114#1;24337240#2;28468732#1;311298658;498033359#2;62826731;835445203,runs_J_k16_plain\none_seed3\g004_i006,runs_J_k16_plain\none_seed3\g004_i006\tripinfo.xml
4,7,15,1000000000000.0,-120682114#2;-205590836#0;-311298665;-782714966#0;111681905#2;24337240#4;26216779#1;37628709#0;4935286#2;4935299#1;502325084#1;535519490#0;747448014;782714966#1;880137009#1,runs_J_k16_plain\none_seed3\g004_i007,runs_J_k16_plain\none_seed3\g004_i007\tripinfo.xml
4,8,16,469.6673333333333,-205590836#0;-5197062#4;-74277990;-835445203;111677669#1;111681903#2;111681903#3;111681905#1;26216779#1;26216781#2;4935286#2;498033359#3;502325084#1;535519490#1;876057378#3;876343449#1,runs_J_k16_plain\none_seed3\g004_i008,runs_J_k16_plain\none_seed3\g004_i008\tripinfo.xml
4,9,16,537.402,-111677668#0;-120682114#1;-120682114#2;-24337240#2;-25970859#1;-4950193;-5197062#4;-782714971#3;-782714971#4;-783907721#1;-880137009#0;111681903#1;24337240#5;25970859#0;4935286#3;4970256#5,runs_J_k16_plain\none_seed3\g004_i009,runs_J_k16_plain\none_seed3\g004_i009\tripinfo.xml
4,10,6,612.8466666666667,-28298231;-876343449#0;311298682#0;782714971#1;783907721#0;876343449#1,runs_J_k16_plain\none_seed3\g004_i010,runs_J_k16_plain\none_seed3\g004_i010\tripinfo.xml
4,11,16,633.5386666666667,-28298231;-28468730#0;-311298662#1;-498033359#2;-782714966#0;-782714971#3;205590836#2;24337240#0;24337240#7;25970859#1;28468732#1;498033359#3;782710712;782714971#1;876057376;876343449#0,runs_J_k16_plain\none_seed3\g004_i011,runs_J_k16_plain\none_seed3\g004_i011\tripinfo.xml
4,12,16,755.6866666666666,-120682114#2;-311298685;-782714971#2;-835443464;111681903#3;131942152;205590836#2;24337240#3;26216779#1;4935299#1;4970256#7;5197062#3;782710712;783907721#0;876057378#5;876343449#0,runs_J_k16_plain\none_seed3\g004_i012,runs_J_k16_plain\none_seed3\g004_i012\tripinfo.xml
4,13,16,1000000000000.0,-205590836#0;-25970859#0;-4950193;-502325084#1;-535519490#1;-783907721#2;-876343449#1;111677669#4;24337240#2;26216779#1;28468732#1;502325084#0;62826731;783907721#2;876057378#4;880137009#0,runs_J_k16_plain\none_seed3\g004_i013,runs_J_k16_plain\none_seed3\g004_i013\tripinfo.xml
4,14,16,717.052,-111681903#1;-25970859#0;-502325084#1;-502325084#3;-876343449#1;-880140407;111677669#4;131942152;24337240#2;28468732#1;4935286#2;4970256#6;502325084#0;62826731;876057378#2;880137009#1,runs_J_k16_plain\none_seed3\g004_i014,runs_J_k16_plain\none_seed3\g004_i014\tripinfo.xml
4,15,16,625.82,-120682114#2;-311298658;-311298685;-502325084#3;-782714971#3;111677669#0;111677669#4;24337240#0;26216781#0;26216781#3;28468732#1;4935286#1;498033359#1;58621262#1;62826731;876057378#2,runs_J_k16_plain\none_seed3\g004_i015,runs_J_k16_plain\none_seed3\g004_i015\tripinfo.xml
4,16,16,820.4573333333333,-311298682#0;-502325084#3;-835443464;-876343449#1;120682114#3;131942152;24337240#2;25970859#1;28468732#0;311298658;311298685;5197062#3;782714971#3;783907721#0;835445203;876057378#5,runs_J_k16_plain\none_seed3\g004_i016,runs_J_k16_plain\none_seed3\g004_i016\tripinfo.xml
4,17,16,397.32666666666665,-120682114#2;-24337240#1;-74277990;-782714966#0;-782714971#3;26216781#0;311298682#0;311298685;4935286#3;4970256#5;5197062#4;535519490#0;62826731;747448014;876057378#3;880137010,runs_J_k16_plain\none_seed3\g004_i017,runs_J_k16_plain\none_seed3\g004_i017\tripinfo.xml
4,18,16,621.6973333333333,-120682114#1;-311298662#0;-498033359#3;-502325084#3;-7365262;-782714971#1;111677668#3;111677669#0;111677669#5;205590836#2;24337240#3;26216781#0;28468732#1;4970256#6;782710712;7924772,runs_J_k16_plain\none_seed3\g004_i018,runs_J_k16_plain\none_seed3\g004_i018\tripinfo.xml
4,19,16,971.006,-502325084#0;-5197062#3;-783907721#0;120682114#1;120682114#2;311298658;311298682#0;37628709#1;4935286#0;62826731;747448014;782714971#3;782714971#4;783907721#0;7924772;876343449#1,runs_J_k16_plain\none_seed3\g004_i019,runs_J_k16_plain\none_seed3\g004_i019\tripinfo.xml
4,20,16,625.054,-111677668#0;-24337240#4;-311298665;-502325084#3;-535519490#0;-782714966#0;111677668#0;131942152;24337240#7;26216779#1;28468732#1;311298658;498033359#1;782714966#1;835445203;880137009#0,runs_J_k16_plain\none_seed3\g004_i020,runs_J_k16_plain\none_seed3\g004_i020\tripinfo.xml
4,21,16,380.2273333333333,-498033359#1;-498033359#2;-502325084#3;-7365262;-783907721#2;111677669#3;205590836#2;37628709#1;4935286#2;4970256#6;502325084#1;783907721#0;7924772;876057378#2;876057378#3;876343449#1,runs_J_k16_plain\none_seed3\g004_i021,runs_J_k16_plain\none_seed3\g004_i021\tripinfo.xml
4,22,16,565.392,-502325084#3;-782714966#0;-782714971#2;-835443464;205590836#2;25970859#0;25970859#1;26216779#1;37628709#0;37628709#1;4935286#2;4970256#7;5197062#4;58621262#1;782710712;876343449#1,runs_J_k16_plain\none_seed3\g004_i022,runs_J_k16_plain\none_seed3\g004_i022\tripinfo.xml
4,23,16,1000000000000.0,-111681903#2;-25970859#0;-28298231;-311298662#1;-311298665;-502325084#1;-5197062#4;-782714971#0;111677669#4;24337240#0;25970859#1;311298662#1;4970256#8;498033359#1;782710712;876057378#3,runs_J_k16_plain\none_seed3\g004_i023,runs_J_k16_plain\none_seed3\g004_i023\tripinfo.xml
5,0,16,346.29,-120682114#2;-311298685;-502325084#3;-5197062#3;-835443464;205590836#2;26216781#0;37628709#1;4935286#2;5197062#4;62826731;782710712;783907721#0;876057378#3;876057378#5;880137010,runs_J_k16_plain\none_seed3\g005_i000,runs_J_k16_plain\none_seed3\g005_i000\tripinfo.xml
5,1,16,650.1053333333333,-782714971#3;-783907721#0;-835445203;111677669#3;111677669#5;24337240#0;24337240#4;26216781#0;4935286#1;4935299#1;4970256#5;502325084#1;5197062#3;5197062#4;876057378#2;880137010,runs_J_k16_plain\none_seed3\g005_i001,runs_J_k16_plain\none_seed3\g005_i001\tripinfo.xml
5,2,16,655.6293333333333,-120682114#3;-24337240#2;-782714971#3;-880140407;111677668#0;26216781#0;26216781#2;311298685;5197062#4;535519490#0;535519490#1;747448014;876057378#0;876057378#3;876343449#1;880137010,runs_J_k16_plain\none_seed3\g005_i002,runs_J_k16_plain\none_seed3\g005_i002\tripinfo.xml
5,3,16,605.5406666666667,-120682114#3;-25970859#1;-311298658;-498033359#2;-535519490#0;-74277990;-782714966#0;111677669#0;24337240#2;28468730#0;311298685;37628709#1;4935286#3;747448014;782714971#2;876343449#1,runs_J_k16_plain\none_seed3\g005_i003,runs_J_k16_plain\none_seed3\g005_i003\tripinfo.xml
5,4,16,643.14,-120682114#2;-535519490#0;111677668#3;111677669#2;111681905#1;120682114#1;131942152;26216779#0;311298682#0;4970256#5;4970256#6;4970256#7;535519490#0;876057378#3;876057378#4;876343449#1,runs_J_k16_plain\none_seed3\g005_i004,runs_J_k16_plain\none_seed3\g005_i004\tripinfo.xml
5,5,16,722.1093333333333,-111681903#1;-24337240#6;-876343449#0;111681903#2;111681903#3;120682114#3;26216781#2;311298658;311298662#0;4935286#1;4935286#3;4970256#7;782714971#1;782714971#3;783907721#1;7924772,runs_J_k16_plain\none_seed3\g005_i005,runs_J_k16_plain\none_seed3\g005_i005\tripinfo.xml
5,6,16,868.14,-28298231;-502325084#0;-5197062#4;-74277990;-835445203;111677669#1;111681905#1;28468730#0;311298682#0;498033359#1;5197062#4;782714971#1;782714971#4;835443464;876057376;876057378#3,runs_J_k16_plain\none_seed3\g005_i006,runs_J_k16_plain\none_seed3\g005_i006\tripinfo.xml
5,7,16,742.202,-120682114#2;-205590836#0;-24337240#1;-782714966#1;-835445203;111681903#2;24337240#4;26216779#1;311298665;4935286#1;4970256#5;5197062#4;62826731;782714971#0;876057378#1;876343449#1,runs_J_k16_plain\none_seed3\g005_i007,runs_J_k16_plain\none_seed3\g005_i007\tripinfo.xml
5,8,16,467.8233333333333,-24337240#6;-498033359#0;-5197062#4;-74277990;-782714966#0;-835443464;24337240#0;26216781#0;311298682#0;4935286#3;4970256#5;502325084#1;62826731;835443464;876057378#3;880137010,runs_J_k16_plain\none_seed3\g005_i008,runs_J_k16_plain\none_seed3\g005_i008\tripinfo.xml
5,9,16,623.3273333333333,-111677668#0;-120682114#1;-120682114#3;-311298665;-502325084#3;-782714966#0;111677668#0;111677668#3;111681905#2;131942152;24337240#3;26216779#1;311298658;311298662#1;311298685;4970256#6,runs_J_k16_plain\none_seed3\g005_i009,runs_J_k16_plain\none_seed3\g005_i009\tripinfo.xml
5,10,16,629.2086666666667,-111681903#0;-24337240#6;-311298662#0;-311298682#0;-498033359#3;-502325084#3;111677669#0;205590836#2;24337240#2;24337240#3;26216781#0;498033359#1;58621262#1;835445203;876057378#1;880137009#0,runs_J_k16_plain\none_seed3\g005_i010,runs_J_k16_plain\none_seed3\g005_i010\tripinfo.xml
5,11,16,1000000000000.0,-120682114#3;-25970859#0;-502325084#3;-5197062#4;-782714971#4;111681903#3;111681905#1;120682114#2;26216779#0;498033359#2;502325084#1;782714971#2;783907721#2;835445203;876343449#1;880137009#0,runs_J_k16_plain\none_seed3\g005_i011,runs_J_k16_plain\none_seed3\g005_i011\tripinfo.xml
5,12,16,475.1913333333333,-111677668#4;-24337240#0;-4950193;-74277990;111677669#1;111677669#4;111681903#0;111681903#2;111681903#3;131942152;26216781#2;28468732#0;311298662#0;4935286#2;747448014;7924772,runs_J_k16_plain\none_seed3\g005_i012,runs_J_k16_plain\none_seed3\g005_i012\tripinfo.xml
5,13,16,1000000000000.0,-24337240#1;-28298231;-311298662#1;-311298665;-7365262;-876343449#0;111677668#3;111677671#0;131942152;24337240#4;25970859#1;26216781#1;37628709#0;782710712;782714971#1;876057376,runs_J_k16_plain\none_seed3\g005_i013,runs_J_k16_plain\none_seed3\g005_i013\tripinfo.xml
5,14,9,701.8033333333333,-111677668#3;-25970859#0;-502325084#3;-783907721#0;24337240#0;311298662#0;5197062#4;782714971#0;782714971#1,runs_J_k16_plain\none_seed3\g005_i014,runs_J_k16_plain\none_seed3\g005_i014\tripinfo.xml
5,15,16,1000000000000.0,-28298231;-502325084#3;-835443464;-876343449#1;111677668#0;24337240#3;26216781#0;26216781#1;311298658;311298685;4935286#1;4935286#3;58621262#1;782714971#1;783907721#0;835445203,runs_J_k16_plain\none_seed3\g005_i015,runs_J_k16_plain\none_seed3\g005_i015\tripinfo.xml
5,16,14,617.1013333333333,-111677668#3;-111681903#2;111677669#1;26216779#1;311298662#1;311298682#0;37628709#1;4970256#7;5197062#4;62826731;782714971#1;782714971#2;783907721#0;876343449#1,runs_J_k16_plain\none_seed3\g005_i016,runs_J_k16_plain\none_seed3\g005_i016\tripinfo.xml
5,17,16,1000000000000.0,-111681903#0;-311298685;-502325084#3;-535519490#1;-835445203;111677668#4;111677669#2;111677669#3;24337240#5;26216781#3;4970256#5;4970256#7;4970256#8;535519490#0;835445203;880137010,runs_J_k16_plain\none_seed3\g005_i017,runs_J_k16_plain\none_seed3\g005_i017\tripinfo.xml
5,18,7,556.1533333333333,-783907721#2;-876343449#2;26216779#0;311298685;4935286#3;782710712;783907721#0,runs_J_k16_plain\none_seed3\g005_i018,runs_J_k16_plain\none_seed3\g005_i018\tripinfo.xml
5,19,16,655.85,-205590836#0;-74277990;-782714971#4;-835445203;111681903#2;111681903#3;131942152;24337240#2;26216779#0;28468732#1;4935286#1;498033359#3;535519490#1;747448014;835445203;880137010,runs_J_k16_plain\none_seed3\g005_i019,runs_J_k16_plain\none_seed3\g005_i019\tripinfo.xml
5,20,15,1000000000000.0,-24337240#3;-502325084#3;-5197062#4;-783907721#1;-835443464;-835445203;111677669#3;111681903#1;111681903#2;25970859#0;26216779#1;782710712;835445203;876057378#4;880137010,runs_J_k16_plain\none_seed3\g005_i020,runs_J_k16_plain\none_seed3\g005_i020\tripinfo.xml
5,21,16,1000000000000.0,-111681903#2;-120682114#2;-498033359#2;-782714971#0;-782714971#3;-783907721#1;-835443464;-876343449#0;-876343449#2;111677671#0;24337240#3;37628709#0;37628709#1;4970256#7;5197062#4;880140407,runs_J_k16_plain\none_seed3\g005_i021,runs_J_k16_plain\none_seed3\g005_i021\tripinfo.xml
5,22,16,1000000000000.0,-111677671#0;-311298665;-498033359#2;-502325084#1;-782714966#1;-782714971#2;-782714971#4;-876343449#1;-880137009#1;111681903#1;205590836#2;25970859#0;25970859#1;26216779#1;58621262#1;876343449#0,runs_J_k16_plain\none_seed3\g005_i022,runs_J_k16_plain\none_seed3\g005_i022\tripinfo.xml
5,23,16,662.544,-120682114#2;-120682114#3;-502325084#3;-783907721#0;-835445203;-876343449#1;-880137009#0;25970859#1;311298682#0;4935299#1;4970256#8;5197062#4;782714966#0;835445203;876057376;880140407,runs_J_k16_plain\none_seed3\g005_i023,runs_J_k16_plain\none_seed3\g005_i023\tripinfo.xml
6,0,16,346.29,-120682114#2;-311298685;-502325084#3;-5197062#3;-835443464;205590836#2;26216781#0;37628709#1;4935286#2;5197062#4;62826731;782710712;783907721#0;876057378#3;876057378#5;880137010,runs_J_k16_plain\none_seed3\g006_i000,runs_J_k16_plain\none_seed3\g006_i000\tripinfo.xml
6,1,16,699.5366666666666,-120682114#1;-120682114#3;-311298658;-782714966#0;-876343449#1;111677669#0;111677669#4;24337240#2;28468730#0;311298662#1;311298685;498033359#0;58621262#1;782714966#1;782714971#2;876057378#2,runs_J_k16_plain\none_seed3\g006_i001,runs_J_k16_plain\none_seed3\g006_i001\tripinfo.xml
6,2,16,488.5366666666667,-120682114#1;-24337240#0;-25970859#0;-4950193;-5197062#3;-74277990;111677669#1;111677669#4;111681903#3;25970859#1;26216781#3;28468732#0;28468732#1;4935286#2;535519490#0;747448014,runs_J_k16_plain\none_seed3\g006_i002,runs_J_k16_plain\none_seed3\g006_i002\tripinfo.xml
6,3,16,536.6906666666666,-120682114#3;-25970859#1;-74277990;-783907721#1;-835445203;111677669#3;111681905#2;131942152;28468730#0;28468732#0;311298685;4935286#3;58621262#1;747448014;782714971#2;876343449#1,runs_J_k16_plain\none_seed3\g006_i003,runs_J_k16_plain\none_seed3\g006_i003\tripinfo.xml
6,4,16,1000000000000.0,-24337240#6;-25970859#1;-311298658;-535519490#0;-74277990;111677668#0;111677668#3;111677669#0;111677669#5;24337240#2;28468730#0;311298685;37628709#1;498033359#1;747448014;876343449#2,runs_J_k16_plain\none_seed3\g006_i004,runs_J_k16_plain\none_seed3\g006_i004\tripinfo.xml
6,5,16,540.0406666666667,-24337240#3;-311298685;-502325084#3;111677669#1;111681905#1;24337240#0;24337240#1;26216781#2;26216781#3;311298685;37628709#1;4935286#2;502325084#1;5197062#4;783907721#0;880140407,runs_J_k16_plain\none_seed3\g006_i005,runs_J_k16_plain\none_seed3\g006_i005\tripinfo.xml
6,6,16,644.456,-120682114#2;-311298682#0;-498033359#1;-502325084#0;-5197062#4;-782714966#0;-782714971#3;-835443464;-876343449#1;311298682#0;4970256#5;62826731;782710712;876057378#3;880137009#1;880137010,runs_J_k16_plain\none_seed3\g006_i006,runs_J_k16_plain\none_seed3\g006_i006\tripinfo.xml
6,7,16,1223.6186666666667,-111681903#3;-120682114#2;-498033359#2;-783907721#0;-835443464;-835445203;111681905#2;205590836#2;24337240#4;26216781#0;311298685;502325084#0;5197062#4;62826731;783907721#0;876057378#3,runs_J_k16_plain\none_seed3\g006_i007,runs_J_k16_plain\none_seed3\g006_i007\tripinfo.xml
6,8,16,654.2826666666666,-120682114#1;-120682114#3;-311298662#1;-782714966#0;111677668#0;111681905#2;120682114#3;131942152;25970859#0;26216779#1;311298658;311298685;4970256#5;4970256#6;502325084#0;876057378#4,runs_J_k16_plain\none_seed3\g006_i008,runs_J_k16_plain\none_seed3\g006_i008\tripinfo.xml
6,9,16,635.248,-111681903#0;-120682114#2;-24337240#6;-535519490#0;-835443464;131942152;205590836#2;24337240#2;26216781#0;37628709#0;4935286#1;502325084#3;62826731;783907721#0;876057378#3;880137009#0,runs_J_k16_plain\none_seed3\g006_i009,runs_J_k16_plain\none_seed3\g006_i009\tripinfo.xml
6,10,16,525.7413333333334,-311298685;-502325084#0;-502325084#3;-5197062#3;-535519490#0;-782714971#3;205590836#2;24337240#5;26216781#0;26216781#1;37628709#1;4935286#2;782710712;783907721#0;880137009#0;880140407,runs_J_k16_plain\none_seed3\g006_i010,runs_J_k16_plain\none_seed3\g006_i010\tripinfo.xml
6,11,16,670.218,-111677668#0;-120682114#1;-120682114#3;-24337240#6;-7365262;-74277990;-782714966#0;-782714971#1;111677668#0;111677669#0;111677671#0;24337240#0;26216781#1;311298658;498033359#1;782714971#1,runs_J_k16_plain\none_seed3\g006_i011,runs_J_k16_plain\none_seed3\g006_i011\tripinfo.xml
6,12,16,1774.3546666666666,-111681903#3;-311298685;-5197062#3;-782714966#1;-782714971#4;-783907721#0;-835443464;24337240#2;24337240#4;502325084#1;5197062#4;535519490#0;62826731;782710712;783907721#0;876057378#5,runs_J_k16_plain\none_seed3\g006_i012,runs_J_k16_plain\none_seed3\g006_i012\tripinfo.xml
6,13,16,913.642,-111677668#0;-24337240#3;-311298662#0;-498033359#0;-502325084#3;-782714971#3;111677668#0;111677668#3;111677669#2;111681905#2;120682114#3;131942152;26216781#3;37628709#1;782714971#4;783907721#2,runs_J_k16_plain\none_seed3\g006_i013,runs_J_k16_plain\none_seed3\g006_i013\tripinfo.xml
6,14,11,3679.0666666666666,-24337240#6;-28298231;-5197062#4;-782714966#1;-782714971#4;-835443464;131942152;24337240#3;311298658;498033359#2;880137010,runs_J_k16_plain\none_seed3\g006_i014,runs_J_k16_plain\none_seed3\g006_i014\tripinfo.xml
6,15,16,634.688,-205590836#0;-782714971#0;-835445203;111681905#2;24337240#3;26216781#0;311298662#1;37628709#0;37628709#1;4970256#6;535519490#1;62826731;782710712;783907721#0;835445203;876057378#3,runs_J_k16_plain\none_seed3\g006_i015,runs_J_k16_plain\none_seed3\g006_i015\tripinfo.xml
6,16,16,739.8333333333334,-111681903#1;-311298685;-502325084#3;-782714971#1;-782714971#4;-835443464;111677668#3;131942152;24337240#5;25970859#0;26216779#1;311298658;4935286#2;4970256#8;498033359#1;880137009#0,runs_J_k16_plain\none_seed3\g006_i016,runs_J_k16_plain\none_seed3\g006_i016\tripinfo.xml
6,17,16,1000000000000.0,-111677668#4;-111681903#3;-205590836#0;-24337240#4;-535519490#1;-782714971#2;-782714971#4;-835445203;111677668#0;111677669#2;111677669#3;111681903#3;24337240#1;747448014;782714966#0;876057378#2,runs_J_k16_plain\none_seed3\g006_i017,runs_J_k16_plain\none_seed3\g006_i017\tripinfo.xml
6,18,16,908.8193333333334,-24337240#0;-24337240#2;-74277990;-782714971#3;-783907721#1;-835445203;111677668#0;111677668#4;111677669#5;131942152;24337240#4;26216781#0;4935299#1;5197062#3;535519490#1;783907721#0,runs_J_k16_plain\none_seed3\g006_i018,runs_J_k16_plain\none_seed3\g006_i018\tripinfo.xml
6,19,16,1000000000000.0,-25970859#0;-4950193;-502325084#3;-74277990;-782714971#1;-783907721#0;-876343449#2;111677669#4;131942152;26216781#2;311298662#0;37628709#1;783907721#1;7924772;876343449#0;880137010,runs_J_k16_plain\none_seed3\g006_i019,runs_J_k16_plain\none_seed3\g006_i019\tripinfo.xml
6,20,16,390.93333333333334,-120682114#2;-502325084#3;-5197062#3;-782714966#0;-876343449#0;111677669#4;111681903#0;111681905#1;205590836#2;26216779#1;26216781#1;37628709#1;4935286#2;4970256#5;782714966#0;782714966#1,runs_J_k16_plain\none_seed3\g006_i020,runs_J_k16_plain\none_seed3\g006_i020\tripinfo.xml
6,21,16,653.3653333333333,-111677668#4;-111681903#2;-311298662#1;-782714971#4;-835445203;111677669#3;111681903#0;205590836#2;24337240#0;24337240#4;26216781#0;28468730#1;311298658;5197062#4;62826731;783907721#0,runs_J_k16_plain\none_seed3\g006_i021,runs_J_k16_plain\none_seed3\g006_i021\tripinfo.xml
6,22,16,2748.1386666666667,-111681903#2;-120682114#2;-24337240#1;-311298662#1;-535519490#0;-782714971#3;-783907721#0;-835445203;311298662#1;311298682#0;4970256#7;5197062#4;535519490#0;782714971#2;876057378#0;880137010,runs_J_k16_plain\none_seed3\g006_i022,runs_J_k16_plain\none_seed3\g006_i022\tripinfo.xml
6,23,16,1000000000000.0,-111681903#2;-28298231;-311298682#0;-5197062#4;-782714966#0;-782714971#4;111677668#0;24337240#1;24337240#3;25970859#1;26216781#0;26216781#1;835445203;876057376;876057378#3;880137010,runs_J_k16_plain\none_seed3\g006_i023,runs_J_k16_plain\none_seed3\g006_i023\tripinfo.xml
7,0,16,346.29,-120682114#2;-311298685;-502325084#3;-5197062#3;-835443464;205590836#2;26216781#0;37628709#1;4935286#2;5197062#4;62826731;782710712;783907721#0;876057378#3;876057378#5;880137010,runs_J_k16_plain\none_seed3\g007_i000,runs_J_k16_plain\none_seed3\g007_i000\tripinfo.xml
7,1,16,738.2786666666667,-120682114#1;-25970859#0;-74277990;-783907721#0;-880137009#0;111677669#4;111681903#0;24337240#7;26216781#3;28468732#1;502325084#1;5197062#3;535519490#0;58621262#1;747448014;880137009#1,runs_J_k16_plain\none_seed3\g007_i001,runs_J_k16_plain\none_seed3\g007_i001\tripinfo.xml
7,2,16,1000000000000.0,-111677671#0;-111681903#1;-311298662#0;-311298685;-502325084#3;-5197062#3;-835443464;120682114#1;205590836#2;28468730#1;498033359#3;7924772;876057378#3;876057378#5;880137010;880140407,runs_J_k16_plain\none_seed3\g007_i002,runs_J_k16_plain\none_seed3\g007_i002\tripinfo.xml
7,3,16,644.456,-311298662#1;-311298685;-502325084#0;-782714971#1;-782714971#2;-835443464;111677669#1;111677669#4;111677671#0;24337240#1;24337240#5;26216781#1;311298658;782714971#1;835443464;880137010,runs_J_k16_plain\none_seed3\g007_i003,runs_J_k16_plain\none_seed3\g007_i003\tripinfo.xml
7,4,16,1000000000000.0,-111677668#0;-120682114#3;-311298662#0;-502325084#3;-535519490#0;-782714971#1;-783907721#2;111681905#2;120682114#3;24337240#0;26216781#1;26216781#2;498033359#0;502325084#1;876057378#2;880137009#0,runs_J_k16_plain\none_seed3\g007_i004,runs_J_k16_plain\none_seed3\g007_i004\tripinfo.xml
7,5,16,742.7046666666666,-111677668#3;-5197062#3;-74277990;-782714971#0;-835443464;111677668#3;24337240#1;28468730#0;28468732#1;311298662#0;37628709#1;747448014;782714971#1;782714971#2;783907721#0;880137009#1,runs_J_k16_plain\none_seed3\g007_i005,runs_J_k16_plain\none_seed3\g007_i005\tripinfo.xml
7,6,16,502.06,-24337240#0;-28468730#0;-502325084#0;-5197062#3;-782714966#0;111677669#4;205590836#2;26216781#0;26216781#3;28468730#0;4935286#2;502325084#0;5197062#4;62826731;782710712;876057378#5,runs_J_k16_plain\none_seed3\g007_i006,runs_J_k16_plain\none_seed3\g007_i006\tripinfo.xml
7,7,16,1000000000000.0,-120682114#2;-24337240#3;-311298665;-502325084#0;-502325084#1;-74277990;-782714966#0;111681905#1;205590836#2;24337240#1;24337240#2;311298658;311298682#0;5197062#3;5197062#4;783907721#0,runs_J_k16_plain\none_seed3\g007_i007,runs_J_k16_plain\none_seed3\g007_i007\tripinfo.xml
7,8,16,1483.408,-311298685;-498033359#1;-535519490#0;-7365262;-782714971#3;111677669#1;111681905#1;111681905#2;120682114#2;24337240#0;26216781#1;26216781#2;311298665;4935286#2;502325084#1;782714966#1,runs_J_k16_plain\none_seed3\g007_i008,runs_J_k16_plain\none_seed3\g007_i008\tripinfo.xml
7,9,10,674.5153333333334,-24337240#0;-782714966#0;111677669#1;111677671#0;111681903#0;26216781#0;4970256#5;782714966#0;782714971#2;876057376,runs_J_k16_plain\none_seed3\g007_i009,runs_J_k16_plain\none_seed3\g007_i009\tripinfo.xml
7,10,16,382.686,-24337240#1;-24337240#4;-25970859#1;-782714971#4;111681903#0;205590836#2;24337240#1;26216779#1;37628709#1;4935286#2;58621262#0;782714966#1;782714971#0;783907721#0;835445203;880137009#1,runs_J_k16_plain\none_seed3\g007_i010,runs_J_k16_plain\none_seed3\g007_i010\tripinfo.xml
7,11,9,599.528,-782714971#0;-835445203;-876343449#1;-880140407;111677669#3;28468730#1;311298685;498033359#3;876343449#1,runs_J_k16_plain\none_seed3\g007_i011,runs_J_k16_plain\none_seed3\g007_i011\tripinfo.xml
7,12,16,621.9333333333333,-120682114#3;-24337240#1;-25970859#1;-311298658;-835445203;26216779#0;28468730#0;311298662#1;498033359#0;535519490#1;747448014;782714971#0;782714971#2;782714971#3;876057378#2;876057378#5,runs_J_k16_plain\none_seed3\g007_i012,runs_J_k16_plain\none_seed3\g007_i012\tripinfo.xml
7,13,16,418.30266666666665,-111681903#2;-205590836#0;-24337240#4;-502325084#1;-502325084#3;-876343449#1;205590836#2;25970859#0;311298662#1;37628709#1;4935286#0;4935286#2;4970256#7;498033359#3;782710712;782714971#3,runs_J_k16_plain\none_seed3\g007_i013,runs_J_k16_plain\none_seed3\g007_i013\tripinfo.xml
7,14,16,788.5986666666666,-120682114#2;-311298662#1;-5197062#3;-782714966#1;-782714971#1;-835443464;-835445203;111681903#0;111681905#1;24337240#5;26216781#1;37628709#0;37628709#1;4970256#6;535519490#1;782710712,runs_J_k16_plain\none_seed3\g007_i014,runs_J_k16_plain\none_seed3\g007_i014\tripinfo.xml
7,15,16,644.456,-111681903#2;-120682114#3;-24337240#6;-311298658;-498033359#1;-782714966#0;-782714971#3;111677668#0;111677669#0;26216779#1;311298658;37628709#0;4935286#0;5197062#3;782714966#1;7924772,runs_J_k16_plain\none_seed3\g007_i015,runs_J_k16_plain\none_seed3\g007_i015\tripinfo.xml
7,16,16,662.5573333333333,-111681903#1;-120682114#3;-205590836#0;-498033359#0;-782714966#0;-782714971#1;111677668#3;111681903#3;111681905#2;120682114#3;25970859#0;311298685;4970256#6;58621262#1;782714971#2;876057378#1,runs_J_k16_plain\none_seed3\g007_i016,runs_J_k16_plain\none_seed3\g007_i016\tripinfo.xml
7,17,12,703.5953333333333,-498033359#1;-876343449#1;111677669#1;24337240#1;26216781#3;311298665;311298682#0;4935286#0;4935286#2;498033359#1;498033359#2;782710712,runs_J_k16_plain\none_seed3\g007_i017,runs_J_k16_plain\none_seed3\g007_i017\tripinfo.xml
7,18,16,1000000000000.0,-24337240#0;-24337240#3;-311298662#0;-311298685;-782714971#3;-783907721#1;-835445203;111681903#2;111681903#3;26216781#3;37628709#0;4970256#5;876057378#3;880137009#1;880137010;880140407,runs_J_k16_plain\none_seed3\g007_i018,runs_J_k16_plain\none_seed3\g007_i018\tripinfo.xml
7,19,16,1538.692,-24337240#6;-535519490#0;-782714971#0;-782714971#1;-880137009#1;24337240#1;24337240#5;26216781#0;26216781#1;4970256#6;5197062#4;62826731;782710712;835443464;876057378#3;880137010,runs_J_k16_plain\none_seed3\g007_i019,runs_J_k16_plain\none_seed3\g007_i019\tripinfo.xml
7,20,6,510.024,-311298685;-4950193;-782714971#3;120682114#3;26216781#0;880140407,runs_J_k16_plain\none_seed3\g007_i020,runs_J_k16_plain\none_seed3\g007_i020\tripinfo.xml
7,21,8,719.416,-111681903#0;-111681903#1;-25970859#0;-502325084#3;111677669#4;24337240#0;62826731;880137009#1,runs_J_k16_plain\none_seed3\g007_i021,runs_J_k16_plain\none_seed3\g007_i021\tripinfo.xml
7,22,16,352.6453333333333,-120682114#2;-24337240#6;-311298662#0;-498033359#1;-835443464;111681903#3;26216781#0;37628709#0;37628709#1;4935286#2;4935299#1;498033359#1;58621262#1;782714966#0;876057378#3;880137009#0,runs_J_k16_plain\none_seed3\g007_i022,runs_J_k16_plain\none_seed3\g007_i022\tripinfo.xml
7,23,16,661.53,-120682114#2;-502325084#3;-782714971#2;-782714971#3;-876343449#0;111681903#1;205590836#2;24337240#5;26216779#1;37628709#1;4935286#1;498033359#3;62826731;782714966#0;876057378#3;876057378#5,runs_J_k16_plain\none_seed3\g007_i023,runs_J_k16_plain\none_seed3\g007_i023\tripinfo.xml
8,0,16,346.29,-120682114#2;-311298685;-502325084#3;-5197062#3;-835443464;205590836#2;26216781#0;37628709#1;4935286#2;5197062#4;62826731;782710712;783907721#0;876057378#3;876057378#5;880137010,runs_J_k16_plain\none_seed3\g008_i000,runs_J_k16_plain\none_seed3\g008_i000\tripinfo.xml
8,1,16,634.978,-205590836#0;-311298685;111677668#3;25970859#0;28468730#0;4935286#3;498033359#1;5197062#4;782714966#0;782714971#0;782714971#3;835445203;876057378#3;876057378#4;876057378#5;876343449#1,runs_J_k16_plain\none_seed3\g008_i001,runs_J_k16_plain\none_seed3\g008_i001\tripinfo.xml
8,2,16,639.042,-120682114#2;-28298231;-5197062#3;-782714971#2;-783907721#2;-876343449#1;25970859#0;26216781#0;311298685;37628709#1;4935299#1;502325084#0;58621262#1;62826731;782714966#0;876057378#3,runs_J_k16_plain\none_seed3\g008_i002,runs_J_k16_plain\none_seed3\g008_i002\tripinfo.xml
8,3,10,672.1406666666667,-111681903#1;-120682114#2;-311298662#1;-498033359#2;-880140407;111677669#4;111681903#1;24337240#5;782714971#1;880137010,runs_J_k16_plain\none_seed3\g008_i003,runs_J_k16_plain\none_seed3\g008_i003\tripinfo.xml
8,4,16,1000000000000.0,-111677668#0;-311298665;-502325084#0;-535519490#1;-7365262;-782714971#1;-782714971#3;120682114#3;4935286#0;498033359#3;502325084#3;782714971#1;835443464;876057378#1;876057378#3;876343449#1,runs_J_k16_plain\none_seed3\g008_i004,runs_J_k16_plain\none_seed3\g008_i004\tripinfo.xml
8,5,12,601.6666666666666,-24337240#1;-311298658;-502325084#3;-880140407;205590836#2;24337240#1;24337240#3;37628709#1;4970256#7;782714971#2;876057376;876343449#0,runs_J_k16_plain\none_seed3\g008_i005,runs_J_k16_plain\none_seed3\g008_i005\tripinfo.xml
8,6,16,576.52,-311298662#1;-782714971#1;-782714971#2;-835443464;-876343449#1;111677669#4;111677671#0;205590836#2;24337240#1;24337240#5;26216781#1;311298658;311298662#0;4970256#6;4970256#7;880137010,runs_J_k16_plain\none_seed3\g008_i006,runs_J_k16_plain\none_seed3\g008_i006\tripinfo.xml
8,7,16,1000000000000.0,-120682114#2;-498033359#1;-876343449#1;-880140407;111681903#3;131942152;24337240#5;25970859#1;37628709#1;4970256#7;498033359#3;502325084#0;58621262#1;782714966#1;880137009#0;880137010,runs_J_k16_plain\none_seed3\g008_i007,runs_J_k16_plain\none_seed3\g008_i007\tripinfo.xml
8,8,16,644.456,-111677671#0;-24337240#4;-311298685;111677668#0;205590836#2;24337240#3;311298658;37628709#1;4935286#0;4935286#2;58621262#1;782714966#0;782714971#3;876057378#1;876057378#2;876057378#3,runs_J_k16_plain\none_seed3\g008_i008,runs_J_k16_plain\none_seed3\g008_i008\tripinfo.xml
8,9,16,918.544,-111677668#0;-28468730#0;-535519490#1;-782714971#0;-835445203;-880140407;111677668#3;111677669#3;111677671#0;111681903#3;24337240#5;25970859#0;26216781#3;311298685;782714971#4;876343449#1,runs_J_k16_plain\none_seed3\g008_i009,runs_J_k16_plain\none_seed3\g008_i009\tripinfo.xml
8,10,15,692.9493333333334,-111681903#3;-28468730#0;-311298685;-498033359#3;-835445203;-876343449#1;111677668#0;111677669#3;120682114#1;28468730#1;311298685;4935299#1;5197062#4;782714971#2;876343449#1,runs_J_k16_plain\none_seed3\g008_i010,runs_J_k16_plain\none_seed3\g008_i010\tripinfo.xml
8,11,16,1000000000000.0,-28468730#0;-311298658;-498033359#3;-502325084#3;-535519490#0;-782714971#0;-880140407;111677669#2;205590836#2;24337240#2;28468730#1;37628709#1;498033359#3;62826731;782710712;783907721#2,runs_J_k16_plain\none_seed3\g008_i011,runs_J_k16_plain\none_seed3\g008_i011\tripinfo.xml
8,12,16,1000000000000.0,-311298662#0;-311298685;-502325084#3;-876343449#2;-880140407;111677669#3;111681903#3;26216781#3;28468730#0;311298685;4935286#2;498033359#2;783907721#0;835443464;876057378#3;876343449#1,runs_J_k16_plain\none_seed3\g008_i012,runs_J_k16_plain\none_seed3\g008_i012\tripinfo.xml
8,13,16,653.6513333333334,-502325084#0;-5197062#4;-782714971#1;-782714971#3;-835443464;-880137009#1;111677668#3;111681903#0;205590836#2;24337240#1;24337240#5;25970859#1;26216781#0;4935286#1;58621262#1;783907721#2,runs_J_k16_plain\none_seed3\g008_i013,runs_J_k16_plain\none_seed3\g008_i013\tripinfo.xml
8,14,16,670.5026666666666,-111677668#4;-111681903#1;-205590836#0;-498033359#2;-535519490#0;-835443464;111681905#2;24337240#1;28468730#0;5197062#4;58621262#0;62826731;782714971#0;782714971#2;876057378#3;876057378#5,runs_J_k16_plain\none_seed3\g008_i014,runs_J_k16_plain\none_seed3\g008_i014\tripinfo.xml
8,15,16,437.588,-111681903#2;-24337240#1;-25970859#1;-876343449#1;111681903#0;205590836#2;24337240#1;24337240#4;26216779#1;26216781#0;26216781#2;311298662#0;4935286#2;58621262#0;782710712;880137009#1,runs_J_k16_plain\none_seed3\g008_i015,runs_J_k16_plain\none_seed3\g008_i015\tripinfo.xml
8,16,16,646.4226666666667,-24337240#3;-311298685;-502325084#3;-782714966#1;111677669#3;24337240#0;24337240#3;25970859#0;28468732#0;311298662#1;37628709#1;4935286#0;498033359#3;747448014;835445203;876057378#0,runs_J_k16_plain\none_seed3\g008_i016,runs_J_k16_plain\none_seed3\g008_i016\tripinfo.xml
8,17,16,762.8,-111681903#0;-24337240#4;-28468730#0;-311298662#1;-311298682#0;111677669#1;111677669#4;111677671#0;24337240#1;25970859#0;26216781#2;37628709#1;5197062#3;58621262#0;782714971#0;835443464,runs_J_k16_plain\none_seed3\g008_i017,runs_J_k16_plain\none_seed3\g008_i017\tripinfo.xml
8,18,16,639.0073333333333,-311298662#1;-4950193;-498033359#3;-502325084#0;-5197062#3;-782714971#2;-880137009#0;111677671#0;24337240#0;498033359#2;502325084#0;782714971#3;782714971#4;783907721#0;880137009#1;880137010,runs_J_k16_plain\none_seed3\g008_i018,runs_J_k16_plain\none_seed3\g008_i018\tripinfo.xml
8,19,16,825.192,-111681903#2;-111681903#3;-120682114#2;111677669#3;111677669#5;111681903#0;205590836#2;26216779#1;311298662#1;37628709#1;4935286#0;4935299#1;4970256#7;58621262#0;782710712;782714971#0,runs_J_k16_plain\none_seed3\g008_i019,runs_J_k16_plain\none_seed3\g008_i019\tripinfo.xml
8,20,16,1000000000000.0,-111677671#0;-311298662#0;-498033359#3;-502325084#1;111681903#2;205590836#2;25970859#1;37628709#1;4935286#0;4935286#2;4935286#3;4970256#5;5197062#3;783907721#0;880137009#0;880137009#1,runs_J_k16_plain\none_seed3\g008_i020,runs_J_k16_plain\none_seed3\g008_i020\tripinfo.xml
8,21,16,381.13533333333334,-120682114#1;-502325084#3;-5197062#3;-880137009#1;111681903#0;120682114#2;205590836#2;24337240#1;4935286#2;4935299#1;498033359#0;782714971#0;783907721#0;876057378#0;876057378#2;876057378#5,runs_J_k16_plain\none_seed3\g008_i021,runs_J_k16_plain\none_seed3\g008_i021\tripinfo.xml
8,22,16,890.1453333333334,-24337240#1;-25970859#1;-311298685;-782714971#0;111677668#0;26216781#0;498033359#3;5197062#4;58621262#0;62826731;782710712;7924772;876057378#3;876343449#1;880137009#0;880137010,runs_J_k16_plain\none_seed3\g008_i022,runs_J_k16_plain\none_seed3\g008_i022\tripinfo.xml
8,23,16,407.2973333333333,-111681903#0;-24337240#2;-4950193;-502325084#0;-5197062#3;-535519490#1;-782714971#3;-876343449#1;111677669#2;24337240#5;26216779#0;28468730#0;498033359#3;5197062#4;62826731;876057376,runs_J_k16_plain\none_seed3\g008_i023,runs_J_k16_plain\none_seed3\g008_i023\tripinfo.xml
9,0,16,346.29,-120682114#2;-311298685;-502325084#3;-5197062#3;-835443464;205590836#2;26216781#0;37628709#1;4935286#2;5197062#4;62826731;782710712;783907721#0;876057378#3;876057378#5;880137010,runs_J_k16_plain\none_seed3\g009_i000,runs_J_k16_plain\none_seed3\g009_i000\tripinfo.xml
9,1,16,549.1526666666666,-111681903#0;-24337240#2;-24337240#6;-5197062#3;-535519490#1;-782714971#3;-876343449#1;111677669#2;24337240#5;26216781#1;26216781#2;311298682#0;37628709#0;4935286#3;498033359#3;782714971#0,runs_J_k16_plain\none_seed3\g009_i001,runs_J_k16_plain\none_seed3\g009_i001\tripinfo.xml
9,2,16,632.664,-120682114#1;-24337240#2;-24337240#4;-311298662#1;-4950193;111677669#4;120682114#2;24337240#3;4935299#1;4970256#8;5197062#4;62826731;783907721#0;876057376;876343449#0;876343449#1,runs_J_k16_plain\none_seed3\g009_i002,runs_J_k16_plain\none_seed3\g009_i002\tripinfo.xml
9,3,16,1000000000000.0,-111681903#0;-120682114#2;-24337240#3;-311298665;-311298685;-502325084#3;-535519490#0;111677669#4;205590836#2;26216781#0;37628709#1;4935286#2;5197062#4;782714966#0;783907721#0;876057378#2,runs_J_k16_plain\none_seed3\g009_i003,runs_J_k16_plain\none_seed3\g009_i003\tripinfo.xml
9,4,16,652.0093333333333,-24337240#1;-25970859#0;-25970859#1;-498033359#0;-782714971#0;-876343449#1;111677668#3;111681903#1;205590836#2;24337240#1;25970859#1;26216781#2;311298662#0;58621262#0;783907721#1;876343449#1,runs_J_k16_plain\none_seed3\g009_i004,runs_J_k16_plain\none_seed3\g009_i004\tripinfo.xml
9,5,12,394.65066666666667,-111681903#1;120682114#1;120682114#2;26216779#1;26216781#0;311298665;311298685;37628709#1;4935286#2;498033359#0;782710712;876057378#3,runs_J_k16_plain\none_seed3\g009_i005,runs_J_k16_plain\none_seed3\g009_i005\tripinfo.xml
9,6,16,737.362,-111677671#0;-25970859#0;-311298662#0;-498033359#3;-502325084#0;-502325084#1;-535519490#0;-876343449#0;-876343449#1;111677669#2;24337240#5;26216779#0;28468730#0;311298658;5197062#4;876057378#5,runs_J_k16_plain\none_seed3\g009_i006,runs_J_k16_plain\none_seed3\g009_i006\tripinfo.xml
9,7,16,367.46733333333333,-782714971#4;111681903#0;24337240#1;24337240#3;24337240#4;24337240#5;311298662#0;4935286#2;4970256#5;498033359#1;5197062#4;7924772;876057378#2;876057378#4;880137009#0;880137009#1,runs_J_k16_plain\none_seed3\g009_i007,runs_J_k16_plain\none_seed3\g009_i007\tripinfo.xml
9,8,12,644.456,-111677671#0;-111681903#0;-111681903#2;-4950193;-835443464;-876343449#2;111677669#2;111677669#5;26216779#0;311298685;37628709#0;5197062#4,runs_J_k16_plain\none_seed3\g009_i008,runs_J_k16_plain\none_seed3\g009_i008\tripinfo.xml
9,9,16,4681.857333333333,-111681903#1;-311298662#1;-5197062#3;-782714971#1;-782714971#2;-876343449#1;111677669#0;111677671#0;205590836#2;24337240#1;24337240#5;26216781#3;311298662#0;4970256#6;782714971#3;880137010,runs_J_k16_plain\none_seed3\g009_i009,runs_J_k16_plain\none_seed3\g009_i009\tripinfo.xml
9,10,16,376.67533333333336,-111677668#3;-24337240#7;-502325084#3;-7365262;-880137009#1;111677669#0;205590836#2;4935286#0;4935286#2;4935299#1;498033359#1;782714971#0;783907721#0;876057378#0;876057378#5;876343449#2,runs_J_k16_plain\none_seed3\g009_i010,runs_J_k16_plain\none_seed3\g009_i010\tripinfo.xml
9,11,16,383.89,-111681903#2;-24337240#3;-24337240#4;-25970859#1;-782714971#2;111677669#2;111681903#0;111681903#3;120682114#3;205590836#2;24337240#4;26216779#1;311298662#0;4935286#2;62826731;782710712,runs_J_k16_plain\none_seed3\g009_i011,runs_J_k16_plain\none_seed3\g009_i011\tripinfo.xml
9,12,16,769.03,-111681903#1;-111681903#2;-24337240#0;-25970859#1;-498033359#1;-782714966#0;111681903#0;111681905#1;24337240#0;24337240#5;26216779#1;311298662#0;4935286#2;4970256#5;876057378#5;880137009#1,runs_J_k16_plain\none_seed3\g009_i012,runs_J_k16_plain\none_seed3\g009_i012\tripinfo.xml
9,13,14,1000000000000.0,-311298665;-502325084#0;-502325084#3;-782714971#2;-835443464;111677669#4;111677671#0;205590836#2;24337240#1;24337240#4;498033359#1;502325084#0;783907721#1;880137010,runs_J_k16_plain\none_seed3\g009_i013,runs_J_k16_plain\none_seed3\g009_i013\tripinfo.xml
9,14,16,674.7286666666666,-120682114#3;-25970859#0;-311298662#1;-783907721#1;111677669#4;24337240#5;311298658;311298662#0;311298662#1;4970256#6;502325084#3;782710712;782714966#0;783907721#1;880137009#0;880137010,runs_J_k16_plain\none_seed3\g009_i014,runs_J_k16_plain\none_seed3\g009_i014\tripinfo.xml
9,15,16,364.354,-311298658;-782714971#0;-782714971#1;-835443464;-835445203;-876343449#1;131942152;24337240#4;26216781#0;26216781#1;37628709#1;4935286#2;502325084#3;58621262#0;782710712;876057378#0,runs_J_k16_plain\none_seed3\g009_i015,runs_J_k16_plain\none_seed3\g009_i015\tripinfo.xml
9,16,16,382.82533333333333,-111681903#2;-120682114#2;-311298662#1;-311298685;-502325084#3;-74277990;24337240#4;26216779#1;26216781#0;4935286#2;62826731;782714971#0;835445203;876057378#3;876343449#0;880137010,runs_J_k16_plain\none_seed3\g009_i016,runs_J_k16_plain\none_seed3\g009_i016\tripinfo.xml
9,17,16,531.0826666666667,-111681903#0;-120682114#3;-24337240#2;-28468730#0;-5197062#3;111677669#2;111681905#2;24337240#5;28468730#1;28468732#0;4935286#3;4935299#1;498033359#0;502325084#0;876057376;876057378#5,runs_J_k16_plain\none_seed3\g009_i017,runs_J_k16_plain\none_seed3\g009_i017\tripinfo.xml
9,18,11,1000000000000.0,-4950193;-5197062#3;-74277990;-835443464;205590836#2;28468730#0;4970256#8;783907721#0;876057378#0;876057378#2;880137009#1,runs_J_k16_plain\none_seed3\g009_i018,runs_J_k16_plain\none_seed3\g009_i018\tripinfo.xml
9,19,11,1000000000000.0,-111677668#3;-111681903#1;-28468730#0;-502325084#0;-782714971#2;111677669#4;111681903#2;311298685;498033359#2;782714971#0;783907721#2,runs_J_k16_plain\none_seed3\g009_i019,runs_J_k16_plain\none_seed3\g009_i019\tripinfo.xml
9,20,13,2297.864666666667,-111677668#0;-24337240#2;-311298685;-498033359#3;-5197062#3;-782714971#0;-782714971#4;-783907721#1;120682114#1;26216781#0;311298685;498033359#2;782714966#0,runs_J_k16_plain\none_seed3\g009_i020,runs_J_k16_plain\none_seed3\g009_i020\tripinfo.xml
9,21,9,665.0333333333333,-25970859#1;-498033359#3;-782714971#3;111677669#4;111677671#0;498033359#3;5197062#4;783907721#0;880137010,runs_J_k16_plain\none_seed3\g009_i021,runs_J_k16_plain\none_seed3\g009_i021\tripinfo.xml
9,22,16,658.6126666666667,-111681903#2;-502325084#0;-5197062#3;-782714971#2;-783907721#1;-835445203;-876343449#1;111677669#2;111681903#2;120682114#3;24337240#0;26216779#0;28468732#1;498033359#2;876057376;876343449#1,runs_J_k16_plain\none_seed3\g009_i022,runs_J_k16_plain\none_seed3\g009_i022\tripinfo.xml
9,23,14,505.3546666666667,-498033359#2;-782714971#2;-783907721#1;-835443464;111677669#2;111681903#1;111681903#2;131942152;26216781#1;311298662#0;311298665;4970256#7;498033359#0;876057378#0,runs_J_k16_plain\none_seed3\g009_i023,runs_J_k16_plain\none_seed3\g009_i023\tripinfo.xml
10,0,16,346.29,-120682114#2;-311298685;-502325084#3;-5197062#3;-835443464;205590836#2;26216781#0;37628709#1;4935286#2;5197062#4;62826731;782710712;783907721#0;876057378#3;876057378#5;880137010,runs_J_k16_plain\none_seed3\g010_i000,runs_J_k16_plain\none_seed3\g010_i000\tripinfo.xml
10,1,14,1000000000000.0,-111677671#0;-311298662#0;-498033359#3;-502325084#0;-782714971#2;-876343449#2;111677668#3;24337240#5;28468730#0;4935286#2;498033359#0;498033359#1;5197062#3;5197062#4,runs_J_k16_plain\none_seed3\g010_i001,runs_J_k16_plain\none_seed3\g010_i001\tripinfo.xml
10,2,16,1000000000000.0,-24337240#2;-25970859#0;-28468730#0;-311298665;-311298682#0;-5197062#3;-782714966#1;-876343449#0;111677669#2;120682114#2;24337240#5;28468730#0;28468730#1;498033359#0;835443464;876057376,runs_J_k16_plain\none_seed3\g010_i002,runs_J_k16_plain\none_seed3\g010_i002\tripinfo.xml
10,3,11,1282.9066666666668,-498033359#1;-880140407;111677671#0;111681905#1;120682114#2;120682114#3;311298665;37628709#1;4935286#2;498033359#0;502325084#1,runs_J_k16_plain\none_seed3\g010_i003,runs_J_k16_plain\none_seed3\g010_i003\tripinfo.xml
10,4,15,1527.2553333333333,-111681903#1;-24337240#6;-782714971#0;-783907721#1;111677669#1;111677669#2;120682114#2;24337240#3;4935299#1;4970256#8;62826731;782710712;835443464;876057376;876343449#1,runs_J_k16_plain\none_seed3\g010_i004,runs_J_k16_plain\none_seed3\g010_i004\tripinfo.xml
10,5,15,666.1433333333333,-111677668#3;-24337240#2;-502325084#3;-74277990;111677669#0;111677669#3;111677671#0;111681903#0;120682114#1;26216781#2;311298685;4935286#0;4935286#3;535519490#0;782714971#0,runs_J_k16_plain\none_seed3\g010_i005,runs_J_k16_plain\none_seed3\g010_i005\tripinfo.xml
10,6,16,641.6353333333333,-111681903#2;-28468730#0;-835443464;-876343449#0;-880137009#0;111681905#2;120682114#3;131942152;4935299#1;502325084#0;502325084#1;747448014;782714971#2;782714971#3;782714971#4;876057378#5,runs_J_k16_plain\none_seed3\g010_i006,runs_J_k16_plain\none_seed3\g010_i006\tripinfo.xml
10,7,16,1422.766,-111681903#1;-120682114#1;-24337240#0;-498033359#1;-876343449#1;-876343449#2;26216781#1;28468730#0;311298658;4935286#0;4935286#3;502325084#0;5197062#4;783907721#1;876057376;876343449#0,runs_J_k16_plain\none_seed3\g010_i007,runs_J_k16_plain\none_seed3\g010_i007\tripinfo.xml
10,8,16,464.4273333333333,-24337240#4;-502325084#0;-782714966#0;-876343449#2;-880140407;111677669#4;26216779#1;28468730#0;28468732#1;311298662#0;4935286#2;4935299#1;4970256#5;4970256#8;782710712;876343449#1,runs_J_k16_plain\none_seed3\g010_i008,runs_J_k16_plain\none_seed3\g010_i008\tripinfo.xml
10,9,16,2223.0873333333334,-111677668#3;-24337240#2;-28468730#0;-498033359#3;-782714971#2;111681903#0;120682114#2;24337240#4;311298662#0;4935299#1;4970256#8;498033359#3;502325084#3;5197062#4;782714971#3;7924772,runs_J_k16_plain\none_seed3\g010_i009,runs_J_k16_plain\none_seed3\g010_i009\tripinfo.xml
10,10,16,416.26933333333335,-111681903#1;-111681903#3;-205590836#0;-782714971#4;24337240#1;24337240#3;24337240#4;28468730#1;311298682#0;4935286#2;5197062#4;58621262#0;62826731;782714971#1;876343449#0;876343449#1,runs_J_k16_plain\none_seed3\g010_i010,runs_J_k16_plain\none_seed3\g010_i010\tripinfo.xml
10,11,16,431.17133333333334,-311298658;-782714971#1;-835445203;111677669#0;111677669#1;24337240#4;25970859#1;26216779#0;26216781#0;4935286#2;4935286#3;498033359#2;502325084#3;782710712;835445203;876057378#4,runs_J_k16_plain\none_seed3\g010_i011,runs_J_k16_plain\none_seed3\g010_i011\tripinfo.xml
10,12,16,510.804,-205590836#0;-28298231;-498033359#3;-502325084#3;-835443464;-835445203;-876343449#0;-876343449#1;24337240#3;24337240#5;311298662#0;37628709#1;4935286#2;747448014;7924772;880137009#0,runs_J_k16_plain\none_seed3\g010_i012,runs_J_k16_plain\none_seed3\g010_i012\tripinfo.xml
10,13,16,672.5746666666666,-111681903#1;-111681903#3;-24337240#6;-311298682#0;-311298685;-502325084#3;-7365262;111677668#4;24337240#0;28468730#0;28468732#1;4935286#0;498033359#1;782714971#0;835443464;876343449#2,runs_J_k16_plain\none_seed3\g010_i013,runs_J_k16_plain\none_seed3\g010_i013\tripinfo.xml
10,14,16,777.3646666666667,-502325084#0;-876343449#0;-880137009#1;111677668#0;111677669#0;24337240#3;26216781#0;28468732#0;37628709#1;498033359#0;502325084#0;782714966#1;782714971#1;7924772;876057378#0;876057378#3,runs_J_k16_plain\none_seed3\g010_i014,runs_J_k16_plain\none_seed3\g010_i014\tripinfo.xml
10,15,16,426.386,-25970859#1;-498033359#1;-502325084#3;-783907721#0;-876343449#1;111681903#0;111681905#2;28468730#0;311298662#0;4935286#2;747448014;782714971#3;876057378#2;876057378#4;876057378#5;880137009#0,runs_J_k16_plain\none_seed3\g010_i015,runs_J_k16_plain\none_seed3\g010_i015\tripinfo.xml
10,16,16,810.532,-111681903#3;-120682114#1;-5197062#3;-835443464;111681903#0;111681903#2;24337240#1;24337240#2;24337240#3;26216781#0;311298662#0;4970256#5;502325084#1;5197062#4;62826731;782714971#3,runs_J_k16_plain\none_seed3\g010_i016,runs_J_k16_plain\none_seed3\g010_i016\tripinfo.xml
10,17,16,1000000000000.0,-24337240#1;-311298662#1;111677669#1;111681903#0;205590836#2;24337240#4;26216781#3;498033359#1;502325084#3;782710712;782714971#2;782714971#4;876057378#2;876057378#3;880137009#0;880137010,runs_J_k16_plain\none_seed3\g010_i017,runs_J_k16_plain\none_seed3\g010_i017\tripinfo.xml
10,18,16,1000000000000.0,-111681903#1;-25970859#0;-25970859#1;-311298685;-835445203;111681903#3;120682114#3;26216779#0;26216779#1;311298662#0;4935286#2;782710712;876057378#0;876343449#0;876343449#1;880137010,runs_J_k16_plain\none_seed3\g010_i018,runs_J_k16_plain\none_seed3\g010_i018\tripinfo.xml
10,19,16,1128.234,-111677668#3;-111677668#4;-111681903#3;-25970859#0;-311298658;-835445203;111681903#2;131942152;26216781#0;26216781#2;37628709#1;4935286#2;4935299#1;783907721#0;835445203;876343449#2,runs_J_k16_plain\none_seed3\g010_i019,runs_J_k16_plain\none_seed3\g010_i019\tripinfo.xml
10,20,16,395.4646666666667,-24337240#0;-24337240#7;-311298682#0;-502325084#3;-7365262;-880137009#1;131942152;26216781#0;28468730#1;4935286#2;502325084#1;5197062#3;58621262#0;782710712;782714971#0;876057378#1,runs_J_k16_plain\none_seed3\g010_i020,runs_J_k16_plain\none_seed3\g010_i020\tripinfo.xml
10,21,16,975.5653333333333,-120682114#2;-24337240#4;-311298658;-311298685;-498033359#3;111681903#0;205590836#2;26216781#0;311298665;37628709#1;498033359#0;782710712;783907721#0;876057378#0;876057378#4;880140407,runs_J_k16_plain\none_seed3\g010_i021,runs_J_k16_plain\none_seed3\g010_i021\tripinfo.xml
10,22,16,711.6633333333333,-24337240#0;-24337240#2;-782714971#0;-782714971#1;-835443464;-835445203;24337240#7;26216779#0;26216781#0;4970256#8;498033359#0;502325084#1;62826731;835443464;835445203;876343449#0,runs_J_k16_plain\none_seed3\g010_i022,runs_J_k16_plain\none_seed3\g010_i022\tripinfo.xml
10,23,16,1006.068,-111681903#1;-24337240#3;-5197062#3;-880137009#1;111677668#3;111681905#1;120682114#2;26216779#1;26216781#0;26216781#1;311298662#1;311298665;37628709#1;498033359#2;782710712;876057378#3,runs_J_k16_plain\none_seed3\g010_i023,runs_J_k16_plain\none_seed3\g010_i023\tripinfo.xml
11,0,16,346.29,-120682114#2;-311298685;-502325084#3;-5197062#3;-835443464;205590836#2;26216781#0;37628709#1;4935286#2;5197062#4;62826731;782710712;783907721#0;876057378#3;876057378#5;880137010,runs_J_k16_plain\none_seed3\g011_i000,runs_J_k16_plain\none_seed3\g011_i000\tripinfo.xml
11,1,16,450.07533333333333,-205590836#0;-502325084#3;-74277990;-835443464;131942152;24337240#1;26216781#0;26216781#3;28468730#1;311298682#0;4935286#2;502325084#3;5197062#3;5197062#4;782714971#3;880137009#1,runs_J_k16_plain\none_seed3\g011_i001,runs_J_k16_plain\none_seed3\g011_i001\tripinfo.xml
11,2,16,781.5033333333333,-111681903#3;-24337240#0;-24337240#3;-5197062#3;-782714971#0;-782714971#4;-835445203;24337240#3;28468730#0;4935286#2;4935286#3;58621262#0;782710712;782714971#0;783907721#0;876057378#5,runs_J_k16_plain\none_seed3\g011_i002,runs_J_k16_plain\none_seed3\g011_i002\tripinfo.xml
11,3,16,639.0993333333333,-205590836#0;-24337240#4;-311298685;-74277990;-782714971#1;-783907721#0;111677668#4;111677669#1;111681903#0;26216781#0;28468730#0;4935286#0;58621262#1;62826731;876057378#0;876057378#2,runs_J_k16_plain\none_seed3\g011_i003,runs_J_k16_plain\none_seed3\g011_i003\tripinfo.xml
11,4,16,815.588,-111681903#1;-24337240#4;-311298658;-502325084#3;-74277990;111677668#0;111677668#3;24337240#0;25970859#1;311298662#0;498033359#0;782710712;782714971#0;876057378#2;876057378#4;876343449#2,runs_J_k16_plain\none_seed3\g011_i004,runs_J_k16_plain\none_seed3\g011_i004\tripinfo.xml
11,5,16,2699.2846666666665,-502325084#3;-5197062#4;111677669#1;111681903#3;120682114#3;311298682#0;311298685;4935286#2;5197062#4;62826731;7924772;835443464;876057378#1;876057378#3;876343449#0;880137010,runs_J_k16_plain\none_seed3\g011_i005,runs_J_k16_plain\none_seed3\g011_i005\tripinfo.xml
11,6,16,1041.394,-111681903#3;-205590836#0;-24337240#6;-24337240#7;-498033359#0;-498033359#2;-876343449#1;24337240#1;24337240#4;28468730#1;4935286#2;5197062#4;58621262#0;62826731;783907721#1;876343449#2,runs_J_k16_plain\none_seed3\g011_i006,runs_J_k16_plain\none_seed3\g011_i006\tripinfo.xml
11,7,11,711.022,-111681903#1;-74277990;111677668#3;111677669#5;111681903#0;24337240#4;28468730#1;311298662#0;502325084#1;876057378#4;880137009#1,runs_J_k16_plain\none_seed3\g011_i007,runs_J_k16_plain\none_seed3\g011_i007\tripinfo.xml
11,8,16,370.736,-111681903#3;-24337240#1;-498033359#1;-502325084#3;-783907721#0;-783907721#2;-835445203;-876343449#1;28468732#1;4935286#2;4935299#1;498033359#2;747448014;782710712;782714966#0;876057378#4,runs_J_k16_plain\none_seed3\g011_i008,runs_J_k16_plain\none_seed3\g011_i008\tripinfo.xml
11,9,16,1000000000000.0,-111677668#0;-25970859#1;-311298665;-498033359#1;-782714971#0;-782714971#1;-783907721#0;-876343449#1;111677668#4;28468730#0;311298662#0;835443464;835445203;876057378#2;876057378#4;876343449#0,runs_J_k16_plain\none_seed3\g011_i009,runs_J_k16_plain\none_seed3\g011_i009\tripinfo.xml
11,10,16,546.3206666666666,-111681903#1;-24337240#2;-782714971#0;-835443464;111677669#0;24337240#5;24337240#7;26216779#0;26216781#0;28468730#0;4935286#3;498033359#0;498033359#1;876057378#5;876343449#0;876343449#2,runs_J_k16_plain\none_seed3\g011_i010,runs_J_k16_plain\none_seed3\g011_i010\tripinfo.xml
11,11,16,853.454,-111681903#1;-205590836#0;-311298685;-782714971#4;-880140407;111677668#0;111677669#2;111677671#0;205590836#2;24337240#4;26216781#0;26216781#3;37628709#0;4970256#5;5197062#4;62826731,runs_J_k16_plain\none_seed3\g011_i011,runs_J_k16_plain\none_seed3\g011_i011\tripinfo.xml
11,12,16,701.3353333333333,-111681903#3;-120682114#2;-28298231;-502325084#3;-835443464;111677669#1;24337240#7;28468730#0;311298662#1;311298682#0;37628709#1;4935286#1;4935286#2;58621262#0;876057378#3;880137010,runs_J_k16_plain\none_seed3\g011_i012,runs_J_k16_plain\none_seed3\g011_i012\tripinfo.xml
11,13,5,630.318,-111677668#3;-111681903#0;-311298685;111677669#3;747448014,runs_J_k16_plain\none_seed3\g011_i013,runs_J_k16_plain\none_seed3\g011_i013\tripinfo.xml
11,14,16,644.456,-111677668#4;-120682114#2;-498033359#2;-502325084#3;-5197062#3;111677669#1;111681903#2;111681903#3;131942152;26216781#0;311298665;37628709#1;4935286#2;62826731;876057378#0;880140407,runs_J_k16_plain\none_seed3\g011_i014,runs_J_k16_plain\none_seed3\g011_i014\tripinfo.xml
11,15,16,1107.7366666666667,-111681903#1;-28298231;-311298682#0;-502325084#0;-782714971#3;-783907721#2;111677669#5;24337240#3;24337240#4;28468730#1;311298682#0;62826731;782714971#1;782714971#4;876343449#0;876343449#1,runs_J_k16_plain\none_seed3\g011_i015,runs_J_k16_plain\none_seed3\g011_i015\tripinfo.xml
11,16,16,652.832,-205590836#0;-24337240#3;-311298685;-498033359#3;-782714971#2;-782714971#4;-835445203;24337240#3;26216779#0;4935299#1;498033359#1;5197062#4;62826731;747448014;782714971#0;876343449#0,runs_J_k16_plain\none_seed3\g011_i016,runs_J_k16_plain\none_seed3\g011_i016\tripinfo.xml
11,17,16,697.7826666666666,-111677671#0;-24337240#4;-24337240#7;-28468730#0;-498033359#1;205590836#2;25970859#1;26216781#0;28468730#0;4970256#5;498033359#2;502325084#0;747448014;876057378#1;876057378#4;880137009#1,runs_J_k16_plain\none_seed3\g011_i017,runs_J_k16_plain\none_seed3\g011_i017\tripinfo.xml
11,18,16,1000000000000.0,-498033359#3;-782714971#1;-783907721#1;-835445203;-876343449#0;111677669#4;24337240#4;26216779#1;28468730#0;28468732#1;311298662#1;37628709#1;4935286#2;498033359#2;783907721#1;876343449#1,runs_J_k16_plain\none_seed3\g011_i018,runs_J_k16_plain\none_seed3\g011_i018\tripinfo.xml
11,19,16,463.67466666666667,-111681903#0;-111681903#1;-24337240#0;-311298658;111677669#0;111677671#0;131942152;205590836#2;26216781#0;26216781#3;28468730#1;4935286#2;502325084#1;782710712;782714966#0;783907721#0,runs_J_k16_plain\none_seed3\g011_i019,runs_J_k16_plain\none_seed3\g011_i019\tripinfo.xml
11,20,16,960.7373333333334,-28298231;-311298682#0;-535519490#0;-782714971#1;-880137009#1;111681903#2;111681903#3;131942152;311298658;37628709#1;498033359#0;5197062#3;58621262#0;782714971#0;835445203;876343449#2,runs_J_k16_plain\none_seed3\g011_i020,runs_J_k16_plain\none_seed3\g011_i020\tripinfo.xml
11,21,16,465.66,-311298682#0;-498033359#3;-7365262;-74277990;-782714971#1;-876343449#2;111677669#0;131942152;311298685;37628709#1;4935286#2;4935286#3;4935299#1;498033359#3;535519490#0;783907721#2,runs_J_k16_plain\none_seed3\g011_i021,runs_J_k16_plain\none_seed3\g011_i021\tripinfo.xml
11,22,16,1000000000000.0,-111677668#3;-111677668#4;-535519490#0;-876343449#2;111677669#0;111677669#1;111677669#3;111677671#0;24337240#2;24337240#4;37628709#1;4935286#3;498033359#2;5197062#4;783907721#0;835445203,runs_J_k16_plain\none_seed3\g011_i022,runs_J_k16_plain\none_seed3\g011_i022\tripinfo.xml
11,23,13,392.978,-120682114#3;-24337240#0;-24337240#7;-25970859#1;-311298682#0;-783907721#0;-876343449#1;26216781#0;4935286#2;502325084#1;5197062#3;58621262#0;782714966#0,runs_J_k16_plain\none_seed3\g011_i023,runs_J_k16_plain\none_seed3\g011_i023\tripinfo.xml
12,0,16,346.29,-120682114#2;-311298685;-502325084#3;-5197062#3;-835443464;205590836#2;26216781#0;37628709#1;4935286#2;5197062#4;62826731;782710712;783907721#0;876057378#3;876057378#5;880137010,runs_J_k16_plain\none_seed3\g012_i000,runs_J_k16_plain\none_seed3\g012_i000\tripinfo.xml
12,1,16,442.28333333333336,-111681903#1;-111681903#3;-120682114#1;-4950193;-498033359#1;-782714971#1;-783907721#2;-876343449#1;111677669#0;111677669#5;26216781#0;26216781#2;311298682#0;4935286#2;58621262#0;782714966#0,runs_J_k16_plain\none_seed3\g012_i001,runs_J_k16_plain\none_seed3\g012_i001\tripinfo.xml
12,2,16,1435.5446666666667,-502325084#3;-782714966#1;-782714971#1;-876343449#1;111677668#0;111681903#3;205590836#2;24337240#5;26216779#0;26216779#1;4935286#2;502325084#1;58621262#0;782710712;783907721#0;880137010,runs_J_k16_plain\none_seed3\g012_i002,runs_J_k16_plain\none_seed3\g012_i002\tripinfo.xml
12,3,16,590.5693333333334,-111681903#0;-24337240#0;-25970859#1;-502325084#1;-7365262;-782714971#4;-876343449#1;26216781#0;498033359#3;5197062#4;535519490#0;747448014;782714971#3;783907721#0;876057378#3;880137010,runs_J_k16_plain\none_seed3\g012_i003,runs_J_k16_plain\none_seed3\g012_i003\tripinfo.xml
12,4,16,1000000000000.0,-111677671#0;-498033359#2;-502325084#3;-535519490#0;-535519490#1;-782714966#1;-876343449#1;111677671#0;26216781#3;37628709#0;37628709#1;4935286#2;5197062#3;782714971#0;783907721#1;876057376,runs_J_k16_plain\none_seed3\g012_i004,runs_J_k16_plain\none_seed3\g012_i004\tripinfo.xml
12,5,7,417.164,-120682114#3;-25970859#1;311298682#0;4935286#2;5197062#3;782710712;782714971#0,runs_J_k16_plain\none_seed3\g012_i005,runs_J_k16_plain\none_seed3\g012_i005\tripinfo.xml
12,6,9,579.5633333333334,-111677668#0;-111677668#3;-535519490#1;111677671#0;111681903#3;26216781#0;747448014;783907721#0;783907721#2,runs_J_k16_plain\none_seed3\g012_i006,runs_J_k16_plain\none_seed3\g012_i006\tripinfo.xml
12,7,14,377.328,-111677668#0;-120682114#3;-24337240#0;-24337240#7;-4950193;-498033359#2;-783907721#0;25970859#0;26216781#0;4935286#2;502325084#3;747448014;782714966#0;7924772,runs_J_k16_plain\none_seed3\g012_i007,runs_J_k16_plain\none_seed3\g012_i007\tripinfo.xml
12,8,12,361.53,-111677668#0;-111677668#4;-120682114#3;-24337240#0;-498033359#0;-502325084#3;-782714971#2;-783907721#0;120682114#3;4935286#2;58621262#0;62826731,runs_J_k16_plain\none_seed3\g012_i008,runs_J_k16_plain\none_seed3\g012_i008\tripinfo.xml
12,9,16,442.082,-111681903#1;-120682114#3;-24337240#7;-498033359#2;-782714971#2;111677668#3;111677669#2;26216779#0;26216781#0;28468732#1;311298662#0;4935286#2;5197062#4;783907721#2;876343449#0;876343449#1,runs_J_k16_plain\none_seed3\g012_i009,runs_J_k16_plain\none_seed3\g012_i009\tripinfo.xml
12,10,16,1000000000000.0,-111677668#4;-24337240#2;-311298665;-5197062#3;-782714971#1;111677669#0;111677669#1;24337240#5;24337240#7;28468730#0;311298665;37628709#1;498033359#0;782714971#1;782714971#2;876057378#5,runs_J_k16_plain\none_seed3\g012_i010,runs_J_k16_plain\none_seed3\g012_i010\tripinfo.xml
12,11,16,479.1906666666667,-111681903#0;-111681903#1;-120682114#1;-502325084#3;-783907721#2;-876343449#0;111677668#4;111677669#1;111677669#4;131942152;24337240#0;26216781#3;4935286#2;782714966#0;835443464;876343449#2,runs_J_k16_plain\none_seed3\g012_i011,runs_J_k16_plain\none_seed3\g012_i011\tripinfo.xml
12,12,16,369.3786666666667,-24337240#4;-28468730#0;-498033359#1;-783907721#0;-876343449#1;111681903#3;24337240#4;26216781#0;28468730#1;311298682#0;4935286#2;498033359#2;502325084#1;58621262#0;782714971#4;876343449#2,runs_J_k16_plain\none_seed3\g012_i012,runs_J_k16_plain\none_seed3\g012_i012\tripinfo.xml
12,13,16,1502.628,-111681903#0;-111681903#1;-111681903#2;-205590836#0;-25970859#1;-782714971#4;120682114#2;24337240#1;311298665;311298685;4935286#1;4935286#2;782714971#3;876057378#5;876343449#0;876343449#2,runs_J_k16_plain\none_seed3\g012_i013,runs_J_k16_plain\none_seed3\g012_i013\tripinfo.xml
12,14,16,707.024,-24337240#4;-25970859#1;-28468730#0;-311298682#0;-782714971#0;-835443464;111677668#3;26216779#0;26216781#0;4935286#3;4935299#1;498033359#0;498033359#1;5197062#4;535519490#1;880137009#0,runs_J_k16_plain\none_seed3\g012_i014,runs_J_k16_plain\none_seed3\g012_i014\tripinfo.xml
12,15,16,647.6633333333333,-24337240#3;-28298231;-311298682#0;-5197062#4;-74277990;-783907721#1;-835443464;111681903#2;111681903#3;24337240#7;311298682#0;37628709#1;498033359#0;5197062#3;782714971#0;876057378#2,runs_J_k16_plain\none_seed3\g012_i015,runs_J_k16_plain\none_seed3\g012_i015\tripinfo.xml
12,16,16,811.1166666666667,-111681903#2;-28298231;-502325084#3;-782714971#0;-782714971#1;111677669#1;111677669#3;26216781#1;4970256#8;535519490#1;58621262#0;782714971#3;783907721#2;835445203;876343449#2;880137010,runs_J_k16_plain\none_seed3\g012_i016,runs_J_k16_plain\none_seed3\g012_i016\tripinfo.xml
12,17,16,649.654,-111677668#0;-120682114#1;-24337240#1;-24337240#2;-498033359#1;-502325084#1;-74277990;-783907721#1;111681903#0;205590836#2;26216781#0;4935299#1;498033359#2;535519490#1;782714966#0;7924772,runs_J_k16_plain\none_seed3\g012_i017,runs_J_k16_plain\none_seed3\g012_i017\tripinfo.xml
12,18,8,726.9573333333333,-782714971#0;111677668#4;111681903#2;4935286#0;58621262#1;876057378#2;876057378#5;876343449#1,runs_J_k16_plain\none_seed3\g012_i018,runs_J_k16_plain\none_seed3\g012_i018\tripinfo.xml
12,19,16,468.18533333333335,-111677668#0;-111677668#4;-24337240#2;-28468730#0;-498033359#2;-5197062#3;-782714971#0;-783907721#0;-835443464;111681905#1;24337240#7;26216779#1;26216781#0;4935286#3;62826731;876057378#4,runs_J_k16_plain\none_seed3\g012_i019,runs_J_k16_plain\none_seed3\g012_i019\tripinfo.xml
12,20,16,390.25933333333336,-120682114#3;-24337240#6;-25970859#1;-498033359#1;-502325084#3;-5197062#3;-5197062#4;-880137009#1;24337240#5;28468732#0;37628709#1;4935286#2;498033359#0;62826731;782714971#4;876343449#2,runs_J_k16_plain\none_seed3\g012_i020,runs_J_k16_plain\none_seed3\g012_i020\tripinfo.xml
12,21,16,384.74066666666664,-111681903#0;-24337240#2;-25970859#0;-311298685;-880140407;111677669#0;120682114#3;131942152;26216779#0;26216781#0;26216781#1;37628709#0;4935286#2;58621262#1;782714966#0;876057378#2,runs_J_k16_plain\none_seed3\g012_i021,runs_J_k16_plain\none_seed3\g012_i021\tripinfo.xml
12,22,7,641.514,-111681903#3;-782714971#4;111677668#4;28468732#0;502325084#1;747448014;782710712,runs_J_k16_plain\none_seed3\g012_i022,runs_J_k16_plain\none_seed3\g012_i022\tripinfo.xml
12,23,16,606.4906666666667,-311298685;-502325084#3;-5197062#3;-782714966#0;-835443464;-880137009#0;205590836#2;24337240#2;37628709#1;4935286#0;5197062#4;782710712;876057378#1;876057378#2;876057378#4;880137010,runs_J_k16_plain\none_seed3\g012_i023,runs_J_k16_plain\none_seed3\g012_i023\tripinfo.xml
13,0,16,346.29,-120682114#2;-311298685;-502325084#3;-5197062#3;-835443464;205590836#2;26216781#0;37628709#1;4935286#2;5197062#4;62826731;782710712;783907721#0;876057378#3;876057378#5;880137010,runs_J_k16_plain\none_seed3\g013_i000,runs_J_k16_plain\none_seed3\g013_i000\tripinfo.xml
13,1,16,629.6213333333334,-24337240#2;-24337240#7;-28468730#0;-311298682#0;-498033359#2;-7365262;-782714971#0;-782714971#2;-783907721#0;-876343449#2;24337240#7;26216781#0;4970256#8;5197062#4;62826731;835445203,runs_J_k16_plain\none_seed3\g013_i001,runs_J_k16_plain\none_seed3\g013_i001\tripinfo.xml
13,2,14,545.7366666666667,-111677668#0;-24337240#2;-498033359#2;-782714966#1;-782714971#4;-835443464;111677669#4;26216779#0;26216781#1;28468732#1;311298662#0;37628709#1;4935286#3;876057378#1,runs_J_k16_plain\none_seed3\g013_i002,runs_J_k16_plain\none_seed3\g013_i002\tripinfo.xml
13,3,16,652.7886666666667,-111677668#0;-111677668#4;-120682114#1;-120682114#3;-502325084#0;-783907721#2;-880137009#1;111677669#1;205590836#2;311298658;4935286#2;502325084#3;5197062#4;62826731;782714971#3;7924772,runs_J_k16_plain\none_seed3\g013_i003,runs_J_k16_plain\none_seed3\g013_i003\tripinfo.xml
13,4,16,468.13866666666667,-24337240#0;-5197062#4;-783907721#0;111677669#1;111681905#1;111681905#2;120682114#3;131942152;26216781#0;28468730#0;311298682#0;4935286#2;782710712;782714971#0;782714971#1;876343449#0,runs_J_k16_plain\none_seed3\g013_i004,runs_J_k16_plain\none_seed3\g013_i004\tripinfo.xml
13,5,16,662.0713333333333,-24337240#0;-311298662#0;-4950193;-498033359#1;-498033359#2;-880137009#0;111677671#0;111681903#2;24337240#5;311298682#0;4935286#0;58621262#0;782714966#0;876343449#0;876343449#2;880140407,runs_J_k16_plain\none_seed3\g013_i005,runs_J_k16_plain\none_seed3\g013_i005\tripinfo.xml
13,6,11,1000000000000.0,-111677671#0;-24337240#4;-24337240#7;-311298682#0;-782714966#1;111681903#3;26216781#0;37628709#0;502325084#1;502325084#3;880140407,runs_J_k16_plain\none_seed3\g013_i006,runs_J_k16_plain\none_seed3\g013_i006\tripinfo.xml
13,7,16,664.046,-120682114#3;-24337240#7;-535519490#0;-535519490#1;-782714966#0;111677669#4;24337240#3;26216779#1;311298662#0;37628709#1;4935286#2;5197062#4;58621262#0;62826731;783907721#0;876057378#3,runs_J_k16_plain\none_seed3\g013_i007,runs_J_k16_plain\none_seed3\g013_i007\tripinfo.xml
13,8,16,1000000000000.0,-111681903#1;-311298665;-783907721#1;111681903#1;205590836#2;25970859#0;26216781#0;26216781#1;4935286#2;4935299#1;5197062#4;747448014;783907721#0;783907721#2;876057376;876057378#5,runs_J_k16_plain\none_seed3\g013_i008,runs_J_k16_plain\none_seed3\g013_i008\tripinfo.xml
13,9,16,685.068,-25970859#0;-4950193;-498033359#2;-5197062#4;-782714971#1;25970859#0;26216779#1;28468730#1;4935286#0;498033359#2;502325084#3;535519490#1;58621262#1;782714971#4;876057376;876057378#2,runs_J_k16_plain\none_seed3\g013_i009,runs_J_k16_plain\none_seed3\g013_i009\tripinfo.xml
13,10,16,640.5193333333333,-111681903#0;-111681903#1;-205590836#0;-24337240#1;-24337240#2;-24337240#6;-311298685;-880140407;111681903#3;120682114#3;131942152;26216781#1;37628709#1;535519490#1;782714966#0;876057378#5,runs_J_k16_plain\none_seed3\g013_i010,runs_J_k16_plain\none_seed3\g013_i010\tripinfo.xml
13,11,9,1362.7093333333332,-111681903#2;-25970859#1;-502325084#1;-502325084#3;120682114#2;502325084#3;782710712;783907721#0;876057378#5,runs_J_k16_plain\none_seed3\g013_i011,runs_J_k16_plain\none_seed3\g013_i011\tripinfo.xml
13,12,16,593.7706666666667,-111681903#2;-120682114#2;-311298685;-502325084#3;-835443464;205590836#2;26216781#0;4970256#6;62826731;782714966#0;783907721#0;783907721#1;876057378#3;876057378#5;876343449#1;880137010,runs_J_k16_plain\none_seed3\g013_i012,runs_J_k16_plain\none_seed3\g013_i012\tripinfo.xml
13,13,11,352.7626666666667,-111677668#0;-120682114#3;-502325084#3;-782714971#4;-783907721#0;-783907721#1;120682114#3;24337240#4;4935286#2;58621262#0;747448014,runs_J_k16_plain\none_seed3\g013_i013,runs_J_k16_plain\none_seed3\g013_i013\tripinfo.xml
13,14,16,533.188,-111677668#0;-311298658;-311298662#0;-498033359#2;-502325084#0;-782714971#2;111681903#0;111681903#3;131942152;26216779#0;26216781#2;28468732#0;4935286#2;5197062#4;783907721#2;876343449#2,runs_J_k16_plain\none_seed3\g013_i014,runs_J_k16_plain\none_seed3\g013_i014\tripinfo.xml
13,15,16,674.372,-111681903#1;-24337240#3;-28468730#0;-311298685;-498033359#2;-783907721#2;-835443464;-876343449#1;111681905#2;26216781#0;58621262#0;62826731;782710712;782714966#0;876057378#3;876057378#4,runs_J_k16_plain\none_seed3\g013_i015,runs_J_k16_plain\none_seed3\g013_i015\tripinfo.xml
13,16,16,712.582,-28468730#0;-4950193;-5197062#3;-782714971#4;111677669#0;26216781#0;311298658;311298665;311298682#0;4935286#2;5197062#4;747448014;782714971#3;835445203;876057378#0;880137009#0,runs_J_k16_plain\none_seed3\g013_i016,runs_J_k16_plain\none_seed3\g013_i016\tripinfo.xml
13,17,16,644.456,-111681903#0;-24337240#6;-535519490#1;-782714971#0;-880137009#0;-880140407;111677668#3;120682114#2;131942152;24337240#7;311298658;37628709#0;498033359#3;502325084#0;783907721#1;835443464,runs_J_k16_plain\none_seed3\g013_i017,runs_J_k16_plain\none_seed3\g013_i017\tripinfo.xml
13,18,16,617.5873333333333,-111681903#0;-111681903#3;-120682114#1;-782714971#4;-876343449#1;111677668#0;111677668#3;111677669#4;26216781#0;4935286#3;58621262#1;782710712;782714966#0;783907721#1;876057378#2;880137010,runs_J_k16_plain\none_seed3\g013_i018,runs_J_k16_plain\none_seed3\g013_i018\tripinfo.xml
13,19,16,1419.398,-111677668#0;-111677668#3;-111677668#4;-111677671#0;-498033359#0;-502325084#0;-535519490#1;-782714966#0;120682114#2;28468730#0;4970256#8;747448014;782714971#3;783907721#2;876343449#0;880137010,runs_J_k16_plain\none_seed3\g013_i019,runs_J_k16_plain\none_seed3\g013_i019\tripinfo.xml
13,20,16,544.646,-111677668#4;-24337240#0;-311298658;-782714971#2;-782714971#3;-835443464;-835445203;111677668#4;111677671#0;111681903#3;131942152;26216781#0;4935286#2;62826731;783907721#0;876343449#0,runs_J_k16_plain\none_seed3\g013_i020,runs_J_k16_plain\none_seed3\g013_i020\tripinfo.xml
13,21,12,366.6773333333333,-111681903#0;-205590836#0;-782714971#0;-782714971#3;-783907721#2;111681903#3;131942152;26216781#0;37628709#0;4935286#2;5197062#4;876343449#2,runs_J_k16_plain\none_seed3\g013_i021,runs_J_k16_plain\none_seed3\g013_i021\tripinfo.xml
13,22,16,764.8133333333334,-111681903#0;-120682114#2;-24337240#4;-25970859#0;-28298231;-28468730#0;-498033359#1;-535519490#0;-835443464;-880140407;111677669#0;111681903#3;26216781#1;28468732#1;782710712;783907721#0,runs_J_k16_plain\none_seed3\g013_i022,runs_J_k16_plain\none_seed3\g013_i022\tripinfo.xml
13,23,16,1109.682,-111677671#0;-111681903#3;-120682114#3;-24337240#4;-311298662#0;-782714971#2;111677669#2;111681905#1;24337240#0;24337240#5;26216781#0;4935286#2;4970256#5;502325084#3;747448014;782714971#0,runs_J_k16_plain\none_seed3\g013_i023,runs_J_k16_plain\none_seed3\g013_i023\tripinfo.xml
14,0,16,346.29,-120682114#2;-311298685;-502325084#3;-5197062#3;-835443464;205590836#2;26216781#0;37628709#1;4935286#2;5197062#4;62826731;782710712;783907721#0;876057378#3;876057378#5;880137010,runs_J_k16_plain\none_seed3\g014_i000,runs_J_k16_plain\none_seed3\g014_i000\tripinfo.xml
14,1,7,1000000000000.0,-120682114#2;-311298662#0;-311298665;-783907721#1;205590836#2;782710712;880137010,runs_J_k16_plain\none_seed3\g014_i001,runs_J_k16_plain\none_seed3\g014_i001\tripinfo.xml
14,2,16,361.83666666666664,-120682114#2;-24337240#0;-311298658;-311298685;-502325084#3;-782714971#1;-782714971#2;24337240#3;24337240#4;4935286#2;4970256#6;782714966#0;783907721#0;7924772;876343449#1;880137010,runs_J_k16_plain\none_seed3\g014_i002,runs_J_k16_plain\none_seed3\g014_i002\tripinfo.xml
14,3,16,397.952,-111681903#3;-120682114#2;-311298662#0;-311298685;-498033359#3;-782714971#4;-835443464;111677669#2;111677671#0;131942152;205590836#2;26216781#0;311298662#0;4935286#2;782714971#0;880137009#1,runs_J_k16_plain\none_seed3\g014_i003,runs_J_k16_plain\none_seed3\g014_i003\tripinfo.xml
14,4,16,562.1633333333333,-111681903#0;-498033359#0;-502325084#3;111681903#0;111681903#1;111681903#3;25970859#0;26216781#0;4935286#0;4935286#2;4935299#1;502325084#3;5197062#4;783907721#2;876343449#0;876343449#2,runs_J_k16_plain\none_seed3\g014_i004,runs_J_k16_plain\none_seed3\g014_i004\tripinfo.xml
14,5,16,405.0,-24337240#1;-24337240#6;-311298662#1;-5197062#4;-835445203;111681905#2;24337240#1;26216781#0;28468730#1;4935286#2;58621262#0;62826731;782710712;782714971#0;782714971#4;835445203,runs_J_k16_plain\none_seed3\g014_i005,runs_J_k16_plain\none_seed3\g014_i005\tripinfo.xml
14,6,16,644.456,-311298658;-498033359#2;-502325084#1;-783907721#0;-783907721#1;111677668#3;111681905#1;120682114#3;24337240#3;26216779#0;311298682#0;37628709#1;782710712;835443464;876057378#5;876343449#0,runs_J_k16_plain\none_seed3\g014_i006,runs_J_k16_plain\none_seed3\g014_i006\tripinfo.xml
14,7,16,1000000000000.0,-111677668#3;-24337240#0;-24337240#2;-24337240#6;-311298665;-498033359#2;-783907721#0;120682114#3;24337240#2;24337240#7;26216779#0;26216781#3;4970256#6;498033359#2;62826731;835445203,runs_J_k16_plain\none_seed3\g014_i007,runs_J_k16_plain\none_seed3\g014_i007\tripinfo.xml
14,8,16,621.794,-24337240#2;-311298682#0;-498033359#0;-5197062#3;-782714966#1;-782714971#0;-782714971#2;111677669#2;26216781#0;37628709#1;4970256#8;498033359#0;535519490#1;782714966#0;782714971#0;876343449#1,runs_J_k16_plain\none_seed3\g014_i008,runs_J_k16_plain\none_seed3\g014_i008\tripinfo.xml
14,9,16,950.816,-111677668#4;-24337240#0;-782714971#4;-783907721#2;-835443464;-835445203;111677668#4;24337240#3;26216781#0;26216781#2;4935286#1;4935286#2;62826731;835445203;876343449#0;876343449#2,runs_J_k16_plain\none_seed3\g014_i009,runs_J_k16_plain\none_seed3\g014_i009\tripinfo.xml
14,10,12,712.6093333333333,-120682114#3;-24337240#6;-24337240#7;-835445203;111681903#3;131942152;26216781#0;26216781#3;5197062#4;783907721#0;876057378#5;880137009#0,runs_J_k16_plain\none_seed3\g014_i010,runs_J_k16_plain\none_seed3\g014_i010\tripinfo.xml
14,11,16,484.86333333333334,-24337240#2;-5197062#4;-782714971#0;-880140407;111677668#4;111677669#4;111681903#2;111681903#3;26216781#0;4935286#2;498033359#3;502325084#0;5197062#4;782710712;782714971#0;7924772,runs_J_k16_plain\none_seed3\g014_i011,runs_J_k16_plain\none_seed3\g014_i011\tripinfo.xml
14,12,16,1475.7713333333334,-311298685;-876343449#0;-880140407;111677668#4;111677669#1;111681905#1;26216779#1;28468730#0;37628709#0;4935286#0;4935286#2;782714971#1;835445203;876057378#4;876343449#0;876343449#2,runs_J_k16_plain\none_seed3\g014_i012,runs_J_k16_plain\none_seed3\g014_i012\tripinfo.xml
14,13,16,482.56933333333336,-24337240#6;-25970859#0;-502325084#3;-5197062#4;-782714971#4;-880137009#1;120682114#3;26216781#3;37628709#0;4935286#2;4970256#5;498033359#2;782714966#1;783907721#1;835445203;876057376,runs_J_k16_plain\none_seed3\g014_i013,runs_J_k16_plain\none_seed3\g014_i013\tripinfo.xml
14,14,16,433.4886666666667,-111677668#0;-111681903#3;-24337240#4;-502325084#1;-782714971#4;111677669#1;111677669#5;131942152;26216781#0;28468730#0;37628709#1;502325084#3;747448014;782714971#1;7924772;880140407,runs_J_k16_plain\none_seed3\g014_i014,runs_J_k16_plain\none_seed3\g014_i014\tripinfo.xml
14,15,16,524.2713333333334,-120682114#2;-24337240#3;-28468730#0;-311298685;-5197062#3;-782714971#3;-876343449#0;111677669#4;26216781#0;37628709#1;4935286#3;5197062#4;782710712;782714971#3;782714971#4;876057378#3,runs_J_k16_plain\none_seed3\g014_i015,runs_J_k16_plain\none_seed3\g014_i015\tripinfo.xml
14,16,16,1000000000000.0,-24337240#0;-498033359#0;-5197062#3;-535519490#0;111681903#1;131942152;205590836#2;24337240#3;26216779#1;26216781#3;4935286#3;535519490#1;876057378#0;876057378#5;876343449#0;880137010,runs_J_k16_plain\none_seed3\g014_i016,runs_J_k16_plain\none_seed3\g014_i016\tripinfo.xml
14,17,16,386.102,-111677671#0;-205590836#0;-502325084#3;-880140407;120682114#3;26216781#3;37628709#0;4935286#2;498033359#3;5197062#4;62826731;782710712;782714966#1;783907721#0;876057378#0;876343449#2,runs_J_k16_plain\none_seed3\g014_i017,runs_J_k16_plain\none_seed3\g014_i017\tripinfo.xml
14,18,16,484.99666666666667,-311298685;-502325084#1;-5197062#3;-7365262;-782714971#3;-835445203;131942152;24337240#1;26216781#0;26216781#2;311298662#1;37628709#1;4970256#6;7924772;876057378#5;880140407,runs_J_k16_plain\none_seed3\g014_i018,runs_J_k16_plain\none_seed3\g014_i018\tripinfo.xml
14,19,16,765.4633333333334,-111681903#3;-28468730#0;-311298662#0;-5197062#3;-5197062#4;24337240#3;25970859#1;26216781#0;4970256#8;62826731;782710712;782714971#3;783907721#0;835443464;835445203;876057378#0,runs_J_k16_plain\none_seed3\g014_i019,runs_J_k16_plain\none_seed3\g014_i019\tripinfo.xml
14,20,13,764.3546666666666,-28468730#0;-4950193;-782714966#0;111677669#0;205590836#2;26216781#0;26216781#3;311298658;311298685;4935299#1;58621262#1;876057378#1;880137010,runs_J_k16_plain\none_seed3\g014_i020,runs_J_k16_plain\none_seed3\g014_i020\tripinfo.xml
14,21,16,1000000000000.0,-120682114#2;-24337240#0;-498033359#0;-498033359#1;-502325084#3;-782714971#4;-783907721#0;26216779#1;28468730#0;4935286#2;502325084#0;58621262#0;782710712;782714966#1;876343449#2;880137009#0,runs_J_k16_plain\none_seed3\g014_i021,runs_J_k16_plain\none_seed3\g014_i021\tripinfo.xml
14,22,13,397.80266666666665,-111681903#0;-120682114#3;-24337240#6;-782714971#0;111681905#1;111681905#2;120682114#3;24337240#2;4935286#2;4970256#6;4970256#7;876057378#3;876343449#2,runs_J_k16_plain\none_seed3\g014_i022,runs_J_k16_plain\none_seed3\g014_i022\tripinfo.xml
14,23,16,589.712,-120682114#1;-24337240#7;-28468730#0;-311298662#0;-498033359#3;-782714971#2;111677668#4;111677669#4;131942152;205590836#2;24337240#0;28468732#0;28468732#1;498033359#1;876057378#3;876057378#5,runs_J_k16_plain\none_seed3\g014_i023,runs_J_k16_plain\none_seed3\g014_i023\tripinfo.xml
15,0,16,346.29,-120682114#2;-311298685;-502325084#3;-5197062#3;-835443464;205590836#2;26216781#0;37628709#1;4935286#2;5197062#4;62826731;782710712;783907721#0;876057378#3;876057378#5;880137010,runs_J_k16_plain\none_seed3\g015_i000,runs_J_k16_plain\none_seed3\g015_i000\tripinfo.xml
15,1,16,617.9586666666667,-120682114#2;-24337240#4;-498033359#0;-502325084#1;-880137009#0;-880137009#1;111677669#3;111677669#5;25970859#0;311298662#1;37628709#1;535519490#1;747448014;782714971#1;782714971#3;880140407,runs_J_k16_plain\none_seed3\g015_i001,runs_J_k16_plain\none_seed3\g015_i001\tripinfo.xml
15,2,16,622.7326666666667,-111681903#1;-24337240#4;-311298658;-311298685;-502325084#1;-782714971#4;111677668#3;111677669#1;111677669#5;131942152;25970859#1;37628709#1;747448014;7924772;876057378#3;876343449#2,runs_J_k16_plain\none_seed3\g015_i002,runs_J_k16_plain\none_seed3\g015_i002\tripinfo.xml
15,3,16,705.912,-111681903#1;-24337240#2;-311298685;-498033359#1;-502325084#3;-5197062#3;-876343449#0;111681905#1;131942152;26216779#0;26216781#3;37628709#1;498033359#1;782714966#0;783907721#1;876057378#5,runs_J_k16_plain\none_seed3\g015_i003,runs_J_k16_plain\none_seed3\g015_i003\tripinfo.xml
15,4,16,473.58933333333334,-24337240#3;-311298662#0;-782714966#0;-782714971#3;-783907721#1;-835443464;-876343449#2;-880137009#1;26216779#0;26216781#0;311298665;5197062#4;782714971#3;782714971#4;783907721#0;876057378#1,runs_J_k16_plain\none_seed3\g015_i004,runs_J_k16_plain\none_seed3\g015_i004\tripinfo.xml
15,5,9,765.34,-120682114#2;-24337240#4;-24337240#6;111677669#0;111677669#5;111681905#2;26216781#2;4935286#2;782710712,runs_J_k16_plain\none_seed3\g015_i005,runs_J_k16_plain\none_seed3\g015_i005\tripinfo.xml
15,6,16,612.5846666666666,-498033359#3;-502325084#0;-74277990;-782714971#4;-876343449#0;131942152;24337240#7;26216781#0;28468730#0;37628709#1;4935286#0;4935286#2;5197062#4;747448014;880137009#1;880140407,runs_J_k16_plain\none_seed3\g015_i006,runs_J_k16_plain\none_seed3\g015_i006\tripinfo.xml
15,7,11,784.4986666666666,-120682114#2;-24337240#1;-24337240#2;-311298685;-502325084#3;-5197062#3;-782714971#0;-835443464;782710712;783907721#0;835443464,runs_J_k16_plain\none_seed3\g015_i007,runs_J_k16_plain\none_seed3\g015_i007\tripinfo.xml
15,8,16,1000000000000.0,-120682114#2;-498033359#1;-835443464;-880137009#1;111677669#2;111677669#3;111677669#4;26216781#1;311298662#0;37628709#1;4935286#2;4970256#5;5197062#4;782714966#0;782714971#0;880137010,runs_J_k16_plain\none_seed3\g015_i008,runs_J_k16_plain\none_seed3\g015_i008\tripinfo.xml
15,9,8,1453.476,-120682114#3;-311298682#0;-502325084#3;-835443464;120682114#2;131942152;311298662#1;37628709#1,runs_J_k16_plain\none_seed3\g015_i009,runs_J_k16_plain\none_seed3\g015_i009\tripinfo.xml
15,10,16,621.058,-120682114#2;-311298662#0;-311298685;-502325084#3;-5197062#3;-782714971#3;-783907721#2;-876343449#0;24337240#4;26216781#0;37628709#1;498033359#2;62826731;782714966#1;782714971#0;7924772,runs_J_k16_plain\none_seed3\g015_i010,runs_J_k16_plain\none_seed3\g015_i010\tripinfo.xml
15,11,16,383.74066666666664,-311298662#0;-311298685;-498033359#3;-5197062#3;-782714971#3;-782714971#4;-835443464;111677669#1;131942152;205590836#2;24337240#0;311298665;37628709#1;4935286#2;498033359#3;782714971#4,runs_J_k16_plain\none_seed3\g015_i011,runs_J_k16_plain\none_seed3\g015_i011\tripinfo.xml
15,12,8,1000000000000.0,-111681903#3;-311298658;-311298665;111677671#0;26216781#0;782714971#3;880137009#1;880137010,runs_J_k16_plain\none_seed3\g015_i012,runs_J_k16_plain\none_seed3\g015_i012\tripinfo.xml
15,13,16,955.624,-24337240#4;-24337240#6;-311298658;-498033359#3;-7365262;-782714971#2;-782714971#3;24337240#3;24337240#4;28468732#1;311298658;4970256#7;782714966#0;782714966#1;876057378#3;876343449#1,runs_J_k16_plain\none_seed3\g015_i013,runs_J_k16_plain\none_seed3\g015_i013\tripinfo.xml
15,14,16,1000000000000.0,-24337240#0;-24337240#2;-311298658;-311298682#0;-498033359#3;-782714971#1;-782714971#2;111677671#0;131942152;24337240#4;4970256#6;498033359#2;783907721#0;835443464;876343449#1;880137010,runs_J_k16_plain\none_seed3\g015_i014,runs_J_k16_plain\none_seed3\g015_i014\tripinfo.xml
15,15,9,412.324,-120682114#1;-5197062#3;-535519490#0;111677671#0;111681905#2;28468732#0;4935286#2;4970256#7;782714971#0,runs_J_k16_plain\none_seed3\g015_i015,runs_J_k16_plain\none_seed3\g015_i015\tripinfo.xml
15,16,16,721.3153333333333,-120682114#2;-24337240#1;-24337240#6;-24337240#7;-311298662#1;-311298685;-535519490#0;-782714966#0;111677668#3;24337240#2;37628709#1;4935286#2;4970256#7;58621262#0;782714971#4;876057378#4,runs_J_k16_plain\none_seed3\g015_i016,runs_J_k16_plain\none_seed3\g015_i016\tripinfo.xml
15,17,16,644.108,-111677668#3;-111681903#3;-24337240#0;-311298658;-311298685;-498033359#0;-5197062#3;-782714966#1;111681905#1;24337240#3;26216781#0;4970256#6;782714971#2;782714971#3;876057378#3;876343449#1,runs_J_k16_plain\none_seed3\g015_i017,runs_J_k16_plain\none_seed3\g015_i017\tripinfo.xml
15,18,16,448.59066666666666,-111677668#0;-24337240#7;-311298685;-835443464;-880140407;24337240#2;26216781#3;311298682#0;4935286#2;4970256#7;5197062#4;58621262#0;62826731;747448014;876057378#5;880137010,runs_J_k16_plain\none_seed3\g015_i018,runs_J_k16_plain\none_seed3\g015_i018\tripinfo.xml
15,19,14,681.9333333333333,-24337240#0;-311298658;-4950193;-782714971#1;111681905#1;120682114#1;120682114#3;25970859#0;311298665;4970256#7;58621262#1;782714971#0;782714971#3;876343449#2,runs_J_k16_plain\none_seed3\g015_i019,runs_J_k16_plain\none_seed3\g015_i019\tripinfo.xml
15,20,16,388.912,-120682114#2;-120682114#3;-205590836#0;-498033359#3;-502325084#3;-782714966#0;-876343449#0;111681905#2;24337240#0;24337240#2;26216779#0;311298665;4935286#2;4970256#6;876057378#3;880137010,runs_J_k16_plain\none_seed3\g015_i020,runs_J_k16_plain\none_seed3\g015_i020\tripinfo.xml
15,21,16,1136.6933333333334,-111681903#3;-24337240#0;-28468730#0;-502325084#0;-782714971#4;111677668#3;120682114#2;24337240#1;26216781#0;26216781#2;311298662#1;4935286#3;502325084#0;782714966#0;7924772;880140407,runs_J_k16_plain\none_seed3\g015_i021,runs_J_k16_plain\none_seed3\g015_i021\tripinfo.xml
15,22,5,498.50466666666665,-498033359#2;111681905#2;502325084#3;876057378#0;880140407,runs_J_k16_plain\none_seed3\g015_i022,runs_J_k16_plain\none_seed3\g015_i022\tripinfo.xml
15,23,16,361.71666666666664,-28468730#0;-498033359#1;-5197062#4;-782714971#2;-880137009#1;111677668#3;111681903#1;205590836#2;28468732#0;28468732#1;4935286#2;4970256#5;498033359#1;783907721#1;876057378#1;876057378#3,runs_J_k16_plain\none_seed3\g015_i023,runs_J_k16_plain\none_seed3\g015_i023\tripinfo.xml
