instance_id,net,mode,seed,gen,n_indiv,distinct_genotypes,distinct_edges,mean_k
A_k4_1od_x0.8,A,both,0,1,24,22,29,2.2916666666666665
A_k4_1od_x0.8,A,both,0,2,23,23,31,4.0
A_k4_1od_x0.8,A,both,0,3,22,22,31,4.0
A_k4_1od_x0.8,A,both,0,4,22,22,31,4.0
A_k4_1od_x0.8,A,both,0,5,22,22,27,4.0
A_k4_1od_x0.8,A,both,0,6,23,23,31,4.0
A_k4_1od_x0.8,A,both,0,7,22,22,33,4.0
A_k4_1od_x0.8,A,both,0,8,22,22,31,4.0
A_k4_1od_x0.8,A,both,0,9,23,23,28,4.0
A_k4_1od_x0.8,A,both,0,10,22,22,31,4.0
A_k4_1od_x0.8,A,both,0,11,23,23,32,4.0
A_k4_1od_x0.8,A,both,0,12,22,22,29,4.0
A_k4_1od_x0.8,A,both,0,13,21,21,32,4.0
A_k4_1od_x0.8,A,both,0,14,23,23,35,4.0
A_k4_1od_x0.8,A,both,0,15,22,22,33,4.0
A_k4_1od_x0.8,A,both,1,1,24,18,26,1.875
A_k4_1od_x0.8,A,both,1,2,23,23,30,4.0
A_k4_1od_x0.8,A,both,1,3,23,23,32,4.0
A_k4_1od_x0.8,A,both,1,4,22,22,30,4.0
A_k4_1od_x0.8,A,both,1,5,23,23,32,4.0
A_k4_1od_x0.8,A,both,1,6,23,23,32,4.0
A_k4_1od_x0.8,A,both,1,7,22,22,33,4.0
A_k4_1od_x0.8,A,both,1,8,23,23,31,4.0
A_k4_1od_x0.8,A,both,1,9,23,23,29,4.0
A_k4_1od_x0.8,A,both,1,10,22,22,30,4.0
A_k4_1od_x0.8,A,both,1,11,23,23,29,4.0
A_k4_1od_x0.8,A,both,1,12,23,23,31,4.0
A_k4_1od_x0.8,A,both,1,13,22,22,30,4.0
A_k4_1od_x0.8,A,both,1,14,23,23,28,4.0
A_k4_1od_x0.8,A,both,1,15,23,23,28,4.0
A_k4_1od_x0.8,A,both,2,1,24,19,28,2.0
A_k4_1od_x0.8,A,both,2,2,23,23,32,4.0
A_k4_1od_x0.8,A,both,2,3,23,23,33,4.0
A_k4_1od_x0.8,A,both,2,4,23,23,30,4.0
A_k4_1od_x0.8,A,both,2,5,23,23,30,4.0
A_k4_1od_x0.8,A,both,2,6,22,22,28,4.0
A_k4_1od_x0.8,A,both,2,7,23,23,32,4.0
A_k4_1od_x0.8,A,both,2,8,23,23,31,4.0
A_k4_1od_x0.8,A,both,2,9,23,23,31,4.0
A_k4_1od_x0.8,A,both,2,10,23,23,33,4.0
A_k4_1od_x0.8,A,both,2,11,23,23,31,4.0
A_k4_1od_x0.8,A,both,2,12,23,23,33,4.0
A_k4_1od_x0.8,A,both,2,13,21,21,29,4.0
A_k4_1od_x0.8,A,both,2,14,23,23,31,4.0
A_k4_1od_x0.8,A,both,2,15,22,22,32,4.0
A_k4_1od_x0.8,A,both,3,1,24,21,28,2.4166666666666665
A_k4_1od_x0.8,A,both,3,2,23,23,27,4.0
A_k4_1od_x0.8,A,both,3,3,23,23,33,4.0
A_k4_1od_x0.8,A,both,3,4,23,23,30,4.0
A_k4_1od_x0.8,A,both,3,5,23,23,28,4.0
A_k4_1od_x0.8,A,both,3,6,23,23,31,4.0
A_k4_1od_x0.8,A,both,3,7,22,22,31,4.0
A_k4_1od_x0.8,A,both,3,8,22,22,28,4.0
A_k4_1od_x0.8,A,both,3,9,23,23,34,4.0
A_k4_1od_x0.8,A,both,3,10,23,23,30,4.0
A_k4_1od_x0.8,A,both,3,11,23,23,31,4.0
A_k4_1od_x0.8,A,both,3,12,23,23,30,4.0
A_k4_1od_x0.8,A,both,3,13,23,23,32,4.0
A_k4_1od_x0.8,A,both,3,14,23,23,34,4.0
A_k4_1od_x0.8,A,both,3,15,23,23,29,4.0
A_k4_1od_x0.8,A,both,4,1,24,17,25,1.5833333333333333
A_k4_1od_x0.8,A,both,4,2,23,23,33,4.0
A_k4_1od_x0.8,A,both,4,3,23,23,30,4.0
A_k4_1od_x0.8,A,both,4,4,23,23,34,4.0
A_k4_1od_x0.8,A,both,4,5,23,23,32,4.0
A_k4_1od_x0.8,A,both,4,6,23,23,28,4.0
A_k4_1od_x0.8,A,both,4,7,23,23,31,4.0
A_k4_1od_x0.8,A,both,4,8,22,22,26,4.0
A_k4_1od_x0.8,A,both,4,9,23,23,30,4.0
A_k4_1od_x0.8,A,both,4,10,23,23,32,4.0
A_k4_1od_x0.8,A,both,4,11,22,22,28,4.0
A_k4_1od_x0.8,A,both,4,12,23,23,31,4.0
A_k4_1od_x0.8,A,both,4,13,23,23,32,4.0
A_k4_1od_x0.8,A,both,4,14,23,23,30,4.0
A_k4_1od_x0.8,A,both,4,15,23,23,33,4.0
A_k4_1od_x0.8,A,both,5,1,24,19,26,1.875
A_k4_1od_x0.8,A,both,5,2,23,23,31,4.0
A_k4_1od_x0.8,A,both,5,3,23,23,31,4.0
A_k4_1od_x0.8,A,both,5,4,23,23,31,4.0
A_k4_1od_x0.8,A,both,5,5,23,23,30,4.0
A_k4_1od_x0.8,A,both,5,6,23,23,28,4.0
A_k4_1od_x0.8,A,both,5,7,23,23,32,4.0
A_k4_1od_x0.8,A,both,5,8,23,23,31,4.0
A_k4_1od_x0.8,A,both,5,9,22,22,32,4.0
A_k4_1od_x0.8,A,both,5,10,22,22,31,4.0
A_k4_1od_x0.8,A,both,5,11,23,23,33,4.0
A_k4_1od_x0.8,A,both,5,12,22,22,27,4.0
A_k4_1od_x0.8,A,both,5,13,22,22,31,4.0
A_k4_1od_x0.8,A,both,5,14,21,21,33,4.0
A_k4_1od_x0.8,A,both,5,15,21,21,31,4.0
A_k4_1od_x0.8,A,both,6,1,24,20,26,2.2083333333333335
A_k4_1od_x0.8,A,both,6,2,23,23,31,4.0
A_k4_1od_x0.8,A,both,6,3,23,23,33,4.0
A_k4_1od_x0.8,A,both,6,4,23,23,30,4.0
A_k4_1od_x0.8,A,both,6,5,23,23,33,4.0
A_k4_1od_x0.8,A,both,6,6,23,23,33,4.0
A_k4_1od_x0.8,A,both,6,7,23,23,29,4.0
A_k4_1od_x0.8,A,both,6,8,23,23,31,4.0
A_k4_1od_x0.8,A,both,6,9,22,22,31,4.0
A_k4_1od_x0.8,A,both,6,10,22,22,29,4.0
A_k4_1od_x0.8,A,both,6,11,23,23,31,4.0
A_k4_1od_x0.8,A,both,6,12,21,21,30,4.0
A_k4_1od_x0.8,A,both,6,13,21,21,27,4.0
A_k4_1od_x0.8,A,both,6,14,23,23,30,4.0
A_k4_1od_x0.8,A,both,6,15,21,21,28,4.0
A_k4_1od_x0.8,A,both,7,1,24,15,26,1.625
A_k4_1od_x0.8,A,both,7,2,23,23,29,4.0
A_k4_1od_x0.8,A,both,7,3,22,22,30,4.0
A_k4_1od_x0.8,A,both,7,4,22,22,30,4.0
A_k4_1od_x0.8,A,both,7,5,23,23,32,4.0
A_k4_1od_x0.8,A,both,7,6,23,23,27,4.0
A_k4_1od_x0.8,A,both,7,7,22,22,27,4.0
A_k4_1od_x0.8,A,both,7,8,23,23,32,4.0
A_k4_1od_x0.8,A,both,7,9,23,23,27,4.0
A_k4_1od_x0.8,A,both,7,10,23,23,31,4.0
A_k4_1od_x0.8,A,both,7,11,22,22,35,4.0
A_k4_1od_x0.8,A,both,7,12,23,23,30,4.0
A_k4_1od_x0.8,A,both,7,13,21,21,34,4.0
A_k4_1od_x0.8,A,both,7,14,23,23,35,4.0
A_k4_1od_x0.8,A,both,7,15,23,23,33,4.0
A_k4_1od_x0.8,A,both,8,1,24,20,24,1.875
A_k4_1od_x0.8,A,both,8,2,23,23,35,4.0
A_k4_1od_x0.8,A,both,8,3,23,23,32,4.0
A_k4_1od_x0.8,A,both,8,4,23,23,30,4.0
A_k4_1od_x0.8,A,both,8,5,22,22,33,4.0
A_k4_1od_x0.8,A,both,8,6,23,23,33,4.0
A_k4_1od_x0.8,A,both,8,7,22,22,33,4.0
A_k4_1od_x0.8,A,both,8,8,23,23,32,4.0
A_k4_1od_x0.8,A,both,8,9,23,23,34,4.0
A_k4_1od_x0.8,A,both,8,10,23,23,33,4.0
A_k4_1od_x0.8,A,both,8,11,22,22,29,4.0
A_k4_1od_x0.8,A,both,8,12,23,23,28,4.0
A_k4_1od_x0.8,A,both,8,13,23,23,29,4.0
A_k4_1od_x0.8,A,both,8,14,23,23,29,4.0
A_k4_1od_x0.8,A,both,8,15,22,22,32,4.0
A_k4_1od_x0.8,A,both,9,1,24,19,27,2.0416666666666665
A_k4_1od_x0.8,A,both,9,2,23,23,33,4.0
A_k4_1od_x0.8,A,both,9,3,23,23,33,4.0
A_k4_1od_x0.8,A,both,9,4,23,23,30,4.0
A_k4_1od_x0.8,A,both,9,5,23,23,34,4.0
A_k4_1od_x0.8,A,both,9,6,22,22,29,4.0
A_k4_1od_x0.8,A,both,9,7,23,23,28,4.0
A_k4_1od_x0.8,A,both,9,8,23,23,33,4.0
A_k4_1od_x0.8,A,both,9,9,23,23,29,4.0
A_k4_1od_x0.8,A,both,9,10,23,23,32,4.0
A_k4_1od_x0.8,A,both,9,11,23,23,34,4.0
A_k4_1od_x0.8,A,both,9,12,22,22,31,4.0
A_k4_1od_x0.8,A,both,9,13,23,23,29,4.0
A_k4_1od_x0.8,A,both,9,14,22,22,30,4.0
A_k4_1od_x0.8,A,both,9,15,21,21,30,4.0
A_k4_1od_x0.8,A,init,0,1,24,22,29,2.2916666666666665
A_k4_1od_x0.8,A,init,0,2,23,23,35,4.0
A_k4_1od_x0.8,A,init,0,3,23,23,35,4.0
A_k4_1od_x0.8,A,init,0,4,23,23,34,4.0
A_k4_1od_x0.8,A,init,0,5,23,23,34,4.0
A_k4_1od_x0.8,A,init,0,6,22,22,35,4.0
A_k4_1od_x0.8,A,init,0,7,23,23,35,4.0
A_k4_1od_x0.8,A,init,0,8,23,23,37,4.0
A_k4_1od_x0.8,A,init,0,9,23,23,30,4.0
A_k4_1od_x0.8,A,init,0,10,23,23,33,4.0
A_k4_1od_x0.8,A,init,0,11,23,23,33,4.0
A_k4_1od_x0.8,A,init,0,12,22,22,34,4.0
A_k4_1od_x0.8,A,init,0,13,23,23,36,4.0
A_k4_1od_x0.8,A,init,0,14,22,22,32,4.0
A_k4_1od_x0.8,A,init,0,15,23,23,37,4.0
A_k4_1od_x0.8,A,init,1,1,24,18,26,1.875
A_k4_1od_x0.8,A,init,1,2,23,23,33,4.0
A_k4_1od_x0.8,A,init,1,3,23,23,36,4.0
A_k4_1od_x0.8,A,init,1,4,23,23,34,4.0
A_k4_1od_x0.8,A,init,1,5,22,22,29,4.0
A_k4_1od_x0.8,A,init,1,6,23,22,37,4.0
A_k4_1od_x0.8,A,init,1,7,23,23,32,4.0
A_k4_1od_x0.8,A,init,1,8,23,23,38,4.0
A_k4_1od_x0.8,A,init,1,9,23,23,36,4.0
A_k4_1od_x0.8,A,init,1,10,23,23,36,4.0
A_k4_1od_x0.8,A,init,1,11,23,23,32,4.0
A_k4_1od_x0.8,A,init,1,12,23,23,34,4.0
A_k4_1od_x0.8,A,init,1,13,23,23,33,4.0
A_k4_1od_x0.8,A,init,1,14,23,23,34,4.0
A_k4_1od_x0.8,A,init,1,15,22,22,34,4.0
A_k4_1od_x0.8,A,init,2,1,24,19,28,2.0
A_k4_1od_x0.8,A,init,2,2,23,23,32,4.0
A_k4_1od_x0.8,A,init,2,3,23,23,34,4.0
A_k4_1od_x0.8,A,init,2,4,23,23,37,4.0
A_k4_1od_x0.8,A,init,2,5,23,23,33,4.0
A_k4_1od_x0.8,A,init,2,6,23,23,33,4.0
A_k4_1od_x0.8,A,init,2,7,22,22,35,4.0
A_k4_1od_x0.8,A,init,2,8,23,23,32,4.0
A_k4_1od_x0.8,A,init,2,9,22,22,33,4.0
A_k4_1od_x0.8,A,init,2,10,23,23,35,4.0
A_k4_1od_x0.8,A,init,2,11,23,23,36,4.0
A_k4_1od_x0.8,A,init,2,12,23,23,34,4.0
A_k4_1od_x0.8,A,init,2,13,23,23,35,4.0
A_k4_1od_x0.8,A,init,2,14,23,23,35,4.0
A_k4_1od_x0.8,A,init,2,15,23,23,35,4.0
A_k4_1od_x0.8,A,init,3,1,24,21,28,2.4166666666666665
A_k4_1od_x0.8,A,init,3,2,23,23,37,4.0
A_k4_1od_x0.8,A,init,3,3,22,22,32,4.0
A_k4_1od_x0.8,A,init,3,4,23,23,30,4.0
A_k4_1od_x0.8,A,init,3,5,22,22,33,4.0
A_k4_1od_x0.8,A,init,3,6,23,23,32,4.0
A_k4_1od_x0.8,A,init,3,7,23,23,31,4.0
A_k4_1od_x0.8,A,init,3,8,23,23,31,4.0
A_k4_1od_x0.8,A,init,3,9,23,23,31,4.0
A_k4_1od_x0.8,A,init,3,10,23,23,34,4.0
A_k4_1od_x0.8,A,init,3,11,23,23,36,4.0
A_k4_1od_x0.8,A,init,3,12,22,22,32,4.0
A_k4_1od_x0.8,A,init,3,13,23,23,33,4.0
A_k4_1od_x0.8,A,init,3,14,23,23,34,4.0
A_k4_1od_x0.8,A,init,3,15,23,23,38,4.0
A_k4_1od_x0.8,A,init,4,1,24,17,25,1.5833333333333333
A_k4_1od_x0.8,A,init,4,2,23,23,32,4.0
A_k4_1od_x0.8,A,init,4,3,22,22,31,4.0
A_k4_1od_x0.8,A,init,4,4,23,23,37,4.0
A_k4_1od_x0.8,A,init,4,5,23,23,33,4.0
A_k4_1od_x0.8,A,init,4,6,23,23,33,4.0
A_k4_1od_x0.8,A,init,4,7,23,23,31,4.0
A_k4_1od_x0.8,A,init,4,8,23,23,32,4.0
A_k4_1od_x0.8,A,init,4,9,23,23,35,4.0
A_k4_1od_x0.8,A,init,4,10,23,23,34,4.0
A_k4_1od_x0.8,A,init,4,11,23,23,36,4.0
A_k4_1od_x0.8,A,init,4,12,23,23,34,4.0
A_k4_1od_x0.8,A,init,4,13,23,23,37,4.0
A_k4_1od_x0.8,A,init,4,14,23,23,40,4.0
A_k4_1od_x0.8,A,init,4,15,22,22,37,4.0
A_k4_1od_x0.8,A,init,5,1,24,19,26,1.875
A_k4_1od_x0.8,A,init,5,2,23,23,36,4.0
A_k4_1od_x0.8,A,init,5,3,23,23,37,4.0
A_k4_1od_x0.8,A,init,5,4,23,23,36,4.0
A_k4_1od_x0.8,A,init,5,5,22,22,33,4.0
A_k4_1od_x0.8,A,init,5,6,22,22,33,4.0
A_k4_1od_x0.8,A,init,5,7,23,23,34,4.0
A_k4_1od_x0.8,A,init,5,8,23,23,34,4.0
A_k4_1od_x0.8,A,init,5,9,23,23,37,4.0
A_k4_1od_x0.8,A,init,5,10,23,23,33,4.0
A_k4_1od_x0.8,A,init,5,11,23,23,36,4.0
A_k4_1od_x0.8,A,init,5,12,23,23,30,4.0
A_k4_1od_x0.8,A,init,5,13,22,22,34,4.0
A_k4_1od_x0.8,A,init,5,14,23,23,33,4.0
A_k4_1od_x0.8,A,init,5,15,23,23,35,4.0
A_k4_1od_x0.8,A,init,6,1,24,20,26,2.2083333333333335
A_k4_1od_x0.8,A,init,6,2,22,22,33,4.0
A_k4_1od_x0.8,A,init,6,3,23,23,35,4.0
A_k4_1od_x0.8,A,init,6,4,23,23,36,4.0
A_k4_1od_x0.8,A,init,6,5,23,23,34,4.0
A_k4_1od_x0.8,A,init,6,6,23,23,33,4.0
A_k4_1od_x0.8,A,init,6,7,23,23,32,4.0
A_k4_1od_x0.8,A,init,6,8,23,23,35,4.0
A_k4_1od_x0.8,A,init,6,9,23,23,31,4.0
A_k4_1od_x0.8,A,init,6,10,23,23,34,4.0
A_k4_1od_x0.8,A,init,6,11,23,23,31,4.0
A_k4_1od_x0.8,A,init,6,12,23,23,35,4.0
A_k4_1od_x0.8,A,init,6,13,23,23,33,4.0
A_k4_1od_x0.8,A,init,6,14,23,23,34,4.0
A_k4_1od_x0.8,A,init,6,15,23,23,35,4.0
A_k4_1od_x0.8,A,init,7,1,24,15,26,1.625
A_k4_1od_x0.8,A,init,7,2,23,23,33,4.0
A_k4_1od_x0.8,A,init,7,3,22,22,33,4.0
A_k4_1od_x0.8,A,init,7,4,23,23,33,4.0
A_k4_1od_x0.8,A,init,7,5,23,23,35,4.0
A_k4_1od_x0.8,A,init,7,6,23,23,39,4.0
A_k4_1od_x0.8,A,init,7,7,21,21,33,4.0
A_k4_1od_x0.8,A,init,7,8,23,23,37,4.0
A_k4_1od_x0.8,A,init,7,9,23,23,36,4.0
A_k4_1od_x0.8,A,init,7,10,23,23,31,4.0
A_k4_1od_x0.8,A,init,7,11,22,22,34,4.0
A_k4_1od_x0.8,A,init,7,12,23,23,33,4.0
A_k4_1od_x0.8,A,init,7,13,23,23,36,4.0
A_k4_1od_x0.8,A,init,7,14,23,23,34,4.0
A_k4_1od_x0.8,A,init,7,15,23,23,36,4.0
A_k4_1od_x0.8,A,init,8,1,24,20,24,1.875
A_k4_1od_x0.8,A,init,8,2,23,23,38,4.0
A_k4_1od_x0.8,A,init,8,3,22,22,36,4.0
A_k4_1od_x0.8,A,init,8,4,23,23,35,4.0
A_k4_1od_x0.8,A,init,8,5,22,22,34,4.0
A_k4_1od_x0.8,A,init,8,6,23,23,37,4.0
A_k4_1od_x0.8,A,init,8,7,23,23,35,4.0
A_k4_1od_x0.8,A,init,8,8,22,22,35,4.0
A_k4_1od_x0.8,A,init,8,9,23,23,33,4.0
A_k4_1od_x0.8,A,init,8,10,20,20,29,4.0
A_k4_1od_x0.8,A,init,8,11,22,22,35,4.0
A_k4_1od_x0.8,A,init,8,12,22,22,35,4.0
A_k4_1od_x0.8,A,init,8,13,23,23,34,4.0
A_k4_1od_x0.8,A,init,8,14,22,22,34,4.0
A_k4_1od_x0.8,A,init,8,15,22,22,36,4.0
A_k4_1od_x0.8,A,init,9,1,24,19,27,2.0416666666666665
A_k4_1od_x0.8,A,init,9,2,23,23,36,4.0
A_k4_1od_x0.8,A,init,9,3,23,23,34,4.0
A_k4_1od_x0.8,A,init,9,4,23,23,31,4.0
A_k4_1od_x0.8,A,init,9,5,23,23,33,4.0
A_k4_1od_x0.8,A,init,9,6,23,23,27,4.0
A_k4_1od_x0.8,A,init,9,7,23,23,32,4.0
A_k4_1od_x0.8,A,init,9,8,23,23,32,4.0
A_k4_1od_x0.8,A,init,9,9,22,22,31,4.0
A_k4_1od_x0.8,A,init,9,10,23,23,35,4.0
A_k4_1od_x0.8,A,init,9,11,22,22,33,4.0
A_k4_1od_x0.8,A,init,9,12,23,23,33,4.0
A_k4_1od_x0.8,A,init,9,13,23,23,33,4.0
A_k4_1od_x0.8,A,init,9,14,21,21,32,4.0
A_k4_1od_x0.8,A,init,9,15,22,22,32,4.0
A_k4_1od_x0.8,A,mutation,0,1,24,23,35,2.5833333333333335
A_k4_1od_x0.8,A,mutation,0,2,23,23,32,4.0
A_k4_1od_x0.8,A,mutation,0,3,23,23,31,4.0
A_k4_1od_x0.8,A,mutation,0,4,23,23,31,4.0
A_k4_1od_x0.8,A,mutation,0,5,23,23,28,4.0
A_k4_1od_x0.8,A,mutation,0,6,23,23,32,4.0
A_k4_1od_x0.8,A,mutation,0,7,23,23,31,4.0
A_k4_1od_x0.8,A,mutation,0,8,23,23,30,4.0
A_k4_1od_x0.8,A,mutation,0,9,23,23,30,4.0
A_k4_1od_x0.8,A,mutation,0,10,22,22,31,4.0
A_k4_1od_x0.8,A,mutation,0,11,23,23,29,4.0
A_k4_1od_x0.8,A,mutation,0,12,22,22,34,4.0
A_k4_1od_x0.8,A,mutation,0,13,21,21,30,4.0
A_k4_1od_x0.8,A,mutation,0,14,23,23,28,4.0
A_k4_1od_x0.8,A,mutation,0,15,22,22,29,4.0
A_k4_1od_x0.8,A,mutation,1,1,24,23,26,2.0416666666666665
A_k4_1od_x0.8,A,mutation,1,2,23,23,36,4.0
A_k4_1od_x0.8,A,mutation,1,3,23,23,36,4.0
A_k4_1od_x0.8,A,mutation,1,4,23,23,34,4.0
A_k4_1od_x0.8,A,mutation,1,5,23,23,34,4.0
A_k4_1od_x0.8,A,mutation,1,6,23,23,30,4.0
A_k4_1od_x0.8,A,mutation,1,7,22,22,29,4.0
A_k4_1od_x0.8,A,mutation,1,8,23,23,32,4.0
A_k4_1od_x0.8,A,mutation,1,9,23,23,32,4.0
A_k4_1od_x0.8,A,mutation,1,10,23,23,31,4.0
A_k4_1od_x0.8,A,mutation,1,11,22,22,29,4.0
A_k4_1od_x0.8,A,mutation,1,12,23,23,28,4.0
A_k4_1od_x0.8,A,mutation,1,13,23,23,32,4.0
A_k4_1od_x0.8,A,mutation,1,14,22,22,25,4.0
A_k4_1od_x0.8,A,mutation,1,15,21,21,28,4.0
A_k4_1od_x0.8,A,mutation,2,1,24,21,33,2.1666666666666665
A_k4_1od_x0.8,A,mutation,2,2,23,23,34,4.0
A_k4_1od_x0.8,A,mutation,2,3,23,23,34,4.0
A_k4_1od_x0.8,A,mutation,2,4,23,23,31,4.0
A_k4_1od_x0.8,A,mutation,2,5,23,23,28,4.0
A_k4_1od_x0.8,A,mutation,2,6,23,23,27,4.0
A_k4_1od_x0.8,A,mutation,2,7,23,23,31,4.0
A_k4_1od_x0.8,A,mutation,2,8,23,23,33,4.0
A_k4_1od_x0.8,A,mutation,2,9,23,22,33,4.0
A_k4_1od_x0.8,A,mutation,2,10,23,23,32,4.0
A_k4_1od_x0.8,A,mutation,2,11,22,22,31,4.0
A_k4_1od_x0.8,A,mutation,2,12,22,22,29,4.0
A_k4_1od_x0.8,A,mutation,2,13,22,22,31,4.0
A_k4_1od_x0.8,A,mutation,2,14,23,23,32,4.0
A_k4_1od_x0.8,A,mutation,2,15,23,23,27,4.0
A_k4_1od_x0.8,A,mutation,3,1,24,22,26,2.0416666666666665
A_k4_1od_x0.8,A,mutation,3,2,23,23,33,4.0
A_k4_1od_x0.8,A,mutation,3,3,23,23,32,4.0
A_k4_1od_x0.8,A,mutation,3,4,22,22,33,4.0
A_k4_1od_x0.8,A,mutation,3,5,23,23,31,4.0
A_k4_1od_x0.8,A,mutation,3,6,23,23,33,4.0
A_k4_1od_x0.8,A,mutation,3,7,23,23,31,4.0
A_k4_1od_x0.8,A,mutation,3,8,22,22,34,4.0
A_k4_1od_x0.8,A,mutation,3,9,23,23,31,4.0
A_k4_1od_x0.8,A,mutation,3,10,23,23,29,4.0
A_k4_1od_x0.8,A,mutation,3,11,23,23,30,4.0
A_k4_1od_x0.8,A,mutation,3,12,22,22,32,4.0
A_k4_1od_x0.8,A,mutation,3,13,22,22,33,4.0
A_k4_1od_x0.8,A,mutation,3,14,22,22,30,4.0
A_k4_1od_x0.8,A,mutation,3,15,22,22,28,4.0
A_k4_1od_x0.8,A,mutation,4,1,24,20,27,1.9583333333333333
A_k4_1od_x0.8,A,mutation,4,2,23,22,35,4.0
A_k4_1od_x0.8,A,mutation,4,3,23,23,31,4.0
A_k4_1od_x0.8,A,mutation,4,4,23,23,33,4.0
A_k4_1od_x0.8,A,mutation,4,5,23,23,29,4.0
A_k4_1od_x0.8,A,mutation,4,6,23,23,30,4.0
A_k4_1od_x0.8,A,mutation,4,7,23,23,32,4.0
A_k4_1od_x0.8,A,mutation,4,8,23,23,30,4.0
A_k4_1od_x0.8,A,mutation,4,9,23,23,29,4.0
A_k4_1od_x0.8,A,mutation,4,10,23,23,31,4.0
A_k4_1od_x0.8,A,mutation,4,11,23,23,30,4.0
A_k4_1od_x0.8,A,mutation,4,12,22,22,32,4.0
A_k4_1od_x0.8,A,mutation,4,13,23,23,33,4.0
A_k4_1od_x0.8,A,mutation,4,14,22,22,32,4.0
A_k4_1od_x0.8,A,mutation,4,15,23,23,27,4.0
A_k4_1od_x0.8,A,mutation,5,1,24,23,27,2.0833333333333335
A_k4_1od_x0.8,A,mutation,5,2,23,23,34,4.0
A_k4_1od_x0.8,A,mutation,5,3,23,23,33,4.0
A_k4_1od_x0.8,A,mutation,5,4,23,23,32,4.0
A_k4_1od_x0.8,A,mutation,5,5,22,22,30,4.0
A_k4_1od_x0.8,A,mutation,5,6,23,23,28,4.0
A_k4_1od_x0.8,A,mutation,5,7,22,22,29,4.0
A_k4_1od_x0.8,A,mutation,5,8,23,23,32,4.0
A_k4_1od_x0.8,A,mutation,5,9,23,23,32,4.0
A_k4_1od_x0.8,A,mutation,5,10,23,23,32,4.0
A_k4_1od_x0.8,A,mutation,5,11,23,23,31,4.0
A_k4_1od_x0.8,A,mutation,5,12,23,23,32,4.0
A_k4_1od_x0.8,A,mutation,5,13,23,23,32,4.0
A_k4_1od_x0.8,A,mutation,5,14,21,21,28,4.0
A_k4_1od_x0.8,A,mutation,5,15,23,23,31,4.0
A_k4_1od_x0.8,A,mutation,6,1,24,24,29,2.3333333333333335
A_k4_1od_x0.8,A,mutation,6,2,23,23,37,4.0
A_k4_1od_x0.8,A,mutation,6,3,23,23,31,4.0
A_k4_1od_x0.8,A,mutation,6,4,22,22,28,4.0
A_k4_1od_x0.8,A,mutation,6,5,23,23,29,4.0
A_k4_1od_x0.8,A,mutation,6,6,22,22,31,4.0
A_k4_1od_x0.8,A,mutation,6,7,21,21,31,4.0
A_k4_1od_x0.8,A,mutation,6,8,23,22,31,4.0
A_k4_1od_x0.8,A,mutation,6,9,22,22,30,4.0
A_k4_1od_x0.8,A,mutation,6,10,22,22,32,4.0
A_k4_1od_x0.8,A,mutation,6,11,23,23,31,4.0
A_k4_1od_x0.8,A,mutation,6,12,23,23,33,4.0
A_k4_1od_x0.8,A,mutation,6,13,22,22,35,4.0
A_k4_1od_x0.8,A,mutation,6,14,23,23,32,4.0
A_k4_1od_x0.8,A,mutation,6,15,21,21,31,4.0
A_k4_1od_x0.8,A,mutation,7,1,24,23,32,2.3333333333333335
A_k4_1od_x0.8,A,mutation,7,2,23,23,31,4.0
A_k4_1od_x0.8,A,mutation,7,3,23,23,31,4.0
A_k4_1od_x0.8,A,mutation,7,4,23,23,33,4.0
A_k4_1od_x0.8,A,mutation,7,5,23,23,30,4.0
A_k4_1od_x0.8,A,mutation,7,6,23,23,29,4.0
A_k4_1od_x0.8,A,mutation,7,7,23,23,30,4.0
A_k4_1od_x0.8,A,mutation,7,8,23,23,33,4.0
A_k4_1od_x0.8,A,mutation,7,9,23,23,29,4.0
A_k4_1od_x0.8,A,mutation,7,10,23,23,32,4.0
A_k4_1od_x0.8,A,mutation,7,11,23,23,31,4.0
A_k4_1od_x0.8,A,mutation,7,12,23,23,30,4.0
A_k4_1od_x0.8,A,mutation,7,13,23,23,34,4.0
A_k4_1od_x0.8,A,mutation,7,14,22,22,29,4.0
A_k4_1od_x0.8,A,mutation,7,15,22,22,31,4.0
A_k4_1od_x0.8,A,mutation,8,1,24,19,24,1.5
A_k4_1od_x0.8,A,mutation,8,2,23,23,32,4.0
A_k4_1od_x0.8,A,mutation,8,3,23,23,34,4.0
A_k4_1od_x0.8,A,mutation,8,4,23,23,31,4.0
A_k4_1od_x0.8,A,mutation,8,5,23,23,30,4.0
A_k4_1od_x0.8,A,mutation,8,6,23,23,35,4.0
A_k4_1od_x0.8,A,mutation,8,7,23,23,30,4.0
A_k4_1od_x0.8,A,mutation,8,8,22,22,32,4.0
A_k4_1od_x0.8,A,mutation,8,9,22,22,33,4.0
A_k4_1od_x0.8,A,mutation,8,10,22,22,27,4.0
A_k4_1od_x0.8,A,mutation,8,11,23,23,29,4.0
A_k4_1od_x0.8,A,mutation,8,12,23,23,36,4.0
A_k4_1od_x0.8,A,mutation,8,13,23,23,32,4.0
A_k4_1od_x0.8,A,mutation,8,14,23,23,33,4.0
A_k4_1od_x0.8,A,mutation,8,15,22,22,35,4.0
A_k4_1od_x0.8,A,mutation,9,1,24,23,30,2.4166666666666665
A_k4_1od_x0.8,A,mutation,9,2,23,23,32,4.0
A_k4_1od_x0.8,A,mutation,9,3,23,23,31,4.0
A_k4_1od_x0.8,A,mutation,9,4,23,23,32,4.0
A_k4_1od_x0.8,A,mutation,9,5,23,23,30,4.0
A_k4_1od_x0.8,A,mutation,9,6,22,22,30,4.0
A_k4_1od_x0.8,A,mutation,9,7,22,22,31,4.0
A_k4_1od_x0.8,A,mutation,9,8,23,23,33,4.0
A_k4_1od_x0.8,A,mutation,9,9,23,23,29,4.0
A_k4_1od_x0.8,A,mutation,9,10,23,23,31,4.0
A_k4_1od_x0.8,A,mutation,9,11,23,23,31,4.0
A_k4_1od_x0.8,A,mutation,9,12,23,23,32,4.0
A_k4_1od_x0.8,A,mutation,9,13,22,22,30,4.0
A_k4_1od_x0.8,A,mutation,9,14,22,22,30,4.0
A_k4_1od_x0.8,A,mutation,9,15,23,23,31,4.0
A_k4_1od_x0.8,A,none,0,1,24,23,35,2.5833333333333335
A_k4_1od_x0.8,A,none,0,2,23,23,35,4.0
A_k4_1od_x0.8,A,none,0,3,23,23,34,4.0
A_k4_1od_x0.8,A,none,0,4,23,23,32,4.0
A_k4_1od_x0.8,A,none,0,5,23,23,34,4.0
A_k4_1od_x0.8,A,none,0,6,23,23,32,4.0
A_k4_1od_x0.8,A,none,0,7,23,23,35,4.0
A_k4_1od_x0.8,A,none,0,8,23,23,35,4.0
A_k4_1od_x0.8,A,none,0,9,22,22,34,4.0
A_k4_1od_x0.8,A,none,0,10,23,23,34,4.0
A_k4_1od_x0.8,A,none,0,11,23,23,36,4.0
A_k4_1od_x0.8,A,none,0,12,23,23,32,4.0
A_k4_1od_x0.8,A,none,0,13,22,22,30,4.0
A_k4_1od_x0.8,A,none,0,14,23,23,33,4.0
A_k4_1od_x0.8,A,none,0,15,23,23,32,4.0
A_k4_1od_x0.8,A,none,1,1,24,23,26,2.0416666666666665
A_k4_1od_x0.8,A,none,1,2,23,23,35,4.0
A_k4_1od_x0.8,A,none,1,3,23,23,33,4.0
A_k4_1od_x0.8,A,none,1,4,23,23,36,4.0
A_k4_1od_x0.8,A,none,1,5,23,23,34,4.0
A_k4_1od_x0.8,A,none,1,6,23,23,36,4.0
A_k4_1od_x0.8,A,none,1,7,23,23,34,4.0
A_k4_1od_x0.8,A,none,1,8,23,23,33,4.0
A_k4_1od_x0.8,A,none,1,9,23,23,34,4.0
A_k4_1od_x0.8,A,none,1,10,23,23,34,4.0
A_k4_1od_x0.8,A,none,1,11,23,23,34,4.0
A_k4_1od_x0.8,A,none,1,12,22,22,33,4.0
A_k4_1od_x0.8,A,none,1,13,23,23,33,4.0
A_k4_1od_x0.8,A,none,1,14,23,23,34,4.0
A_k4_1od_x0.8,A,none,1,15,23,23,32,4.0
A_k4_1od_x0.8,A,none,2,1,24,21,33,2.1666666666666665
A_k4_1od_x0.8,A,none,2,2,23,23,35,4.0
A_k4_1od_x0.8,A,none,2,3,23,23,34,4.0
A_k4_1od_x0.8,A,none,2,4,23,23,34,4.0
A_k4_1od_x0.8,A,none,2,5,23,23,34,4.0
A_k4_1od_x0.8,A,none,2,6,22,22,31,4.0
A_k4_1od_x0.8,A,none,2,7,23,23,36,4.0
A_k4_1od_x0.8,A,none,2,8,22,22,30,4.0
A_k4_1od_x0.8,A,none,2,9,23,23,33,4.0
A_k4_1od_x0.8,A,none,2,10,23,23,34,4.0
A_k4_1od_x0.8,A,none,2,11,20,20,33,4.0
A_k4_1od_x0.8,A,none,2,12,23,23,34,4.0
A_k4_1od_x0.8,A,none,2,13,22,22,37,4.0
A_k4_1od_x0.8,A,none,2,14,22,22,34,4.0
A_k4_1od_x0.8,A,none,2,15,23,23,37,4.0
A_k4_1od_x0.8,A,none,3,1,24,22,26,2.0416666666666665
A_k4_1od_x0.8,A,none,3,2,23,23,36,4.0
A_k4_1od_x0.8,A,none,3,3,22,22,35,4.0
A_k4_1od_x0.8,A,none,3,4,23,23,37,4.0
A_k4_1od_x0.8,A,none,3,5,23,23,36,4.0
A_k4_1od_x0.8,A,none,3,6,23,23,36,4.0
A_k4_1od_x0.8,A,none,3,7,23,23,35,4.0
A_k4_1od_x0.8,A,none,3,8,22,22,36,4.0
A_k4_1od_x0.8,A,none,3,9,22,22,32,4.0
A_k4_1od_x0.8,A,none,3,10,23,23,29,4.0
A_k4_1od_x0.8,A,none,3,11,22,22,32,4.0
A_k4_1od_x0.8,A,none,3,12,22,22,34,4.0
A_k4_1od_x0.8,A,none,3,13,23,23,34,4.0
A_k4_1od_x0.8,A,none,3,14,23,23,34,4.0
A_k4_1od_x0.8,A,none,3,15,23,23,34,4.0
A_k4_1od_x0.8,A,none,4,1,24,20,27,1.9583333333333333
A_k4_1od_x0.8,A,none,4,2,23,23,36,4.0
A_k4_1od_x0.8,A,none,4,3,23,23,34,4.0
A_k4_1od_x0.8,A,none,4,4,23,23,37,4.0
A_k4_1od_x0.8,A,none,4,5,23,23,34,4.0
A_k4_1od_x0.8,A,none,4,6,23,23,35,4.0
A_k4_1od_x0.8,A,none,4,7,22,22,32,4.0
A_k4_1od_x0.8,A,none,4,8,23,23,32,4.0
A_k4_1od_x0.8,A,none,4,9,23,23,35,4.0
A_k4_1od_x0.8,A,none,4,10,23,23,34,4.0
A_k4_1od_x0.8,A,none,4,11,23,23,35,4.0
A_k4_1od_x0.8,A,none,4,12,23,23,32,4.0
A_k4_1od_x0.8,A,none,4,13,23,23,33,4.0
A_k4_1od_x0.8,A,none,4,14,23,23,34,4.0
A_k4_1od_x0.8,A,none,4,15,23,23,33,4.0
A_k4_1od_x0.8,A,none,5,1,24,23,27,2.0833333333333335
A_k4_1od_x0.8,A,none,5,2,23,23,35,4.0
A_k4_1od_x0.8,A,none,5,3,23,23,36,4.0
A_k4_1od_x0.8,A,none,5,4,23,23,33,4.0
A_k4_1od_x0.8,A,none,5,5,23,23,32,4.0
A_k4_1od_x0.8,A,none,5,6,22,22,34,4.0
A_k4_1od_x0.8,A,none,5,7,23,23,33,4.0
A_k4_1od_x0.8,A,none,5,8,23,23,34,4.0
A_k4_1od_x0.8,A,none,5,9,23,23,33,4.0
A_k4_1od_x0.8,A,none,5,10,22,22,33,4.0
A_k4_1od_x0.8,A,none,5,11,23,23,32,4.0
A_k4_1od_x0.8,A,none,5,12,23,23,32,4.0
A_k4_1od_x0.8,A,none,5,13,23,22,32,4.0
A_k4_1od_x0.8,A,none,5,14,23,23,32,4.0
A_k4_1od_x0.8,A,none,5,15,23,23,32,4.0
A_k4_1od_x0.8,A,none,6,1,24,24,29,2.3333333333333335
A_k4_1od_x0.8,A,none,6,2,23,23,36,4.0
A_k4_1od_x0.8,A,none,6,3,23,23,35,4.0
A_k4_1od_x0.8,A,none,6,4,21,21,34,4.0
A_k4_1od_x0.8,A,none,6,5,23,23,32,4.0
A_k4_1od_x0.8,A,none,6,6,23,23,35,4.0
A_k4_1od_x0.8,A,none,6,7,23,23,34,4.0
A_k4_1od_x0.8,A,none,6,8,22,22,32,4.0
A_k4_1od_x0.8,A,none,6,9,22,22,36,4.0
A_k4_1od_x0.8,A,none,6,10,23,23,37,4.0
A_k4_1od_x0.8,A,none,6,11,23,23,34,4.0
A_k4_1od_x0.8,A,none,6,12,22,22,34,4.0
A_k4_1od_x0.8,A,none,6,13,23,23,37,4.0
A_k4_1od_x0.8,A,none,6,14,23,23,37,4.0
A_k4_1od_x0.8,A,none,6,15,23,23,34,4.0
A_k4_1od_x0.8,A,none,7,1,24,23,32,2.3333333333333335
A_k4_1od_x0.8,A,none,7,2,23,23,33,4.0
A_k4_1od_x0.8,A,none,7,3,23,23,30,4.0
A_k4_1od_x0.8,A,none,7,4,23,23,32,4.0
A_k4_1od_x0.8,A,none,7,5,22,22,33,4.0
A_k4_1od_x0.8,A,none,7,6,23,23,32,4.0
A_k4_1od_x0.8,A,none,7,7,22,22,31,4.0
A_k4_1od_x0.8,A,none,7,8,22,22,32,4.0
A_k4_1od_x0.8,A,none,7,9,22,22,35,4.0
A_k4_1od_x0.8,A,none,7,10,23,23,32,4.0
A_k4_1od_x0.8,A,none,7,11,22,22,34,4.0
A_k4_1od_x0.8,A,none,7,12,22,22,31,4.0
A_k4_1od_x0.8,A,none,7,13,23,23,31,4.0
A_k4_1od_x0.8,A,none,7,14,23,23,31,4.0
A_k4_1od_x0.8,A,none,7,15,22,22,33,4.0
A_k4_1od_x0.8,A,none,8,1,24,19,24,1.5
A_k4_1od_x0.8,A,none,8,2,23,23,35,4.0
A_k4_1od_x0.8,A,none,8,3,23,23,37,4.0
A_k4_1od_x0.8,A,none,8,4,23,23,36,4.0
A_k4_1od_x0.8,A,none,8,5,23,23,33,4.0
A_k4_1od_x0.8,A,none,8,6,23,23,35,4.0
A_k4_1od_x0.8,A,none,8,7,22,22,33,4.0
A_k4_1od_x0.8,A,none,8,8,23,23,34,4.0
A_k4_1od_x0.8,A,none,8,9,23,23,35,4.0
A_k4_1od_x0.8,A,none,8,10,23,23,35,4.0
A_k4_1od_x0.8,A,none,8,11,23,23,35,4.0
A_k4_1od_x0.8,A,none,8,12,23,23,35,4.0
A_k4_1od_x0.8,A,none,8,13,23,23,37,4.0
A_k4_1od_x0.8,A,none,8,14,23,22,33,4.0
A_k4_1od_x0.8,A,none,8,15,22,22,34,4.0
A_k4_1od_x0.8,A,none,9,1,24,23,30,2.4166666666666665
A_k4_1od_x0.8,A,none,9,2,23,23,33,4.0
A_k4_1od_x0.8,A,none,9,3,23,23,35,4.0
A_k4_1od_x0.8,A,none,9,4,23,23,40,4.0
A_k4_1od_x0.8,A,none,9,5,23,23,32,4.0
A_k4_1od_x0.8,A,none,9,6,23,23,35,4.0
A_k4_1od_x0.8,A,none,9,7,23,23,37,4.0
A_k4_1od_x0.8,A,none,9,8,23,23,35,4.0
A_k4_1od_x0.8,A,none,9,9,23,23,34,4.0
A_k4_1od_x0.8,A,none,9,10,23,23,37,4.0
A_k4_1od_x0.8,A,none,9,11,23,23,35,4.0
A_k4_1od_x0.8,A,none,9,12,22,22,33,4.0
A_k4_1od_x0.8,A,none,9,13,23,23,36,4.0
A_k4_1od_x0.8,A,none,9,14,23,23,34,4.0
A_k4_1od_x0.8,A,none,9,15,23,23,31,4.0
A_k4_1od_x1.0,A,both,0,1,24,22,28,2.2916666666666665
A_k4_1od_x1.0,A,both,0,2,23,23,27,4.0
A_k4_1od_x1.0,A,both,0,3,23,23,33,4.0
A_k4_1od_x1.0,A,both,0,4,23,23,32,4.0
A_k4_1od_x1.0,A,both,0,5,23,23,32,4.0
A_k4_1od_x1.0,A,both,0,6,23,23,31,4.0
A_k4_1od_x1.0,A,both,0,7,23,23,32,4.0
A_k4_1od_x1.0,A,both,0,8,22,22,33,4.0
A_k4_1od_x1.0,A,both,0,9,23,23,29,4.0
A_k4_1od_x1.0,A,both,0,10,22,22,33,4.0
A_k4_1od_x1.0,A,both,0,11,21,21,29,4.0
A_k4_1od_x1.0,A,both,0,12,22,22,32,4.0
A_k4_1od_x1.0,A,both,0,13,23,23,30,4.0
A_k4_1od_x1.0,A,both,0,14,23,23,28,4.0
A_k4_1od_x1.0,A,both,0,15,23,23,27,4.0
A_k4_1od_x1.0,A,both,1,1,24,18,27,1.875
A_k4_1od_x1.0,A,both,1,2,23,23,33,4.0
A_k4_1od_x1.0,A,both,1,3,22,22,30,4.0
A_k4_1od_x1.0,A,both,1,4,23,23,33,4.0
A_k4_1od_x1.0,A,both,1,5,23,23,32,4.0
A_k4_1od_x1.0,A,both,1,6,22,22,29,4.0
A_k4_1od_x1.0,A,both,1,7,23,23,30,4.0
A_k4_1od_x1.0,A,both,1,8,23,23,32,4.0
A_k4_1od_x1.0,A,both,1,9,23,23,31,4.0
A_k4_1od_x1.0,A,both,1,10,23,23,34,4.0
A_k4_1od_x1.0,A,both,1,11,23,23,29,4.0
A_k4_1od_x1.0,A,both,1,12,23,23,31,4.0
A_k4_1od_x1.0,A,both,1,13,23,23,31,4.0
A_k4_1od_x1.0,A,both,1,14,23,23,30,4.0
A_k4_1od_x1.0,A,both,1,15,23,23,32,4.0
A_k4_1od_x1.0,A,both,2,1,24,19,31,2.0
A_k4_1od_x1.0,A,both,2,2,22,22,29,4.0
A_k4_1od_x1.0,A,both,2,3,23,23,33,4.0
A_k4_1od_x1.0,A,both,2,4,23,23,29,4.0
A_k4_1od_x1.0,A,both,2,5,23,23,30,4.0
A_k4_1od_x1.0,A,both,2,6,23,23,32,4.0
A_k4_1od_x1.0,A,both,2,7,23,23,32,4.0
A_k4_1od_x1.0,A,both,2,8,23,23,33,4.0
A_k4_1od_x1.0,A,both,2,9,23,23,35,4.0
A_k4_1od_x1.0,A,both,2,10,23,23,35,4.0
A_k4_1od_x1.0,A,both,2,11,23,23,33,4.0
A_k4_1od_x1.0,A,both,2,12,23,23,31,4.0
A_k4_1od_x1.0,A,both,2,13,23,23,33,4.0
A_k4_1od_x1.0,A,both,2,14,23,23,33,4.0
A_k4_1od_x1.0,A,both,2,15,23,23,32,4.0
A_k4_1od_x1.0,A,both,3,1,24,22,27,2.4166666666666665
A_k4_1od_x1.0,A,both,3,2,23,23,33,4.0
A_k4_1od_x1.0,A,both,3,3,23,23,29,4.0
A_k4_1od_x1.0,A,both,3,4,22,22,32,4.0
A_k4_1od_x1.0,A,both,3,5,23,23,33,4.0
A_k4_1od_x1.0,A,both,3,6,23,23,30,4.0
A_k4_1od_x1.0,A,both,3,7,23,23,31,4.0
A_k4_1od_x1.0,A,both,3,8,23,23,33,4.0
A_k4_1od_x1.0,A,both,3,9,23,23,27,4.0
A_k4_1od_x1.0,A,both,3,10,23,23,33,4.0
A_k4_1od_x1.0,A,both,3,11,23,23,34,4.0
A_k4_1od_x1.0,A,both,3,12,22,22,33,4.0
A_k4_1od_x1.0,A,both,3,13,23,23,33,4.0
A_k4_1od_x1.0,A,both,3,14,23,23,32,4.0
A_k4_1od_x1.0,A,both,3,15,23,23,33,4.0
A_k4_1od_x1.0,A,both,4,1,24,18,22,1.5833333333333333
A_k4_1od_x1.0,A,both,4,2,23,23,34,4.0
A_k4_1od_x1.0,A,both,4,3,23,23,30,4.0
A_k4_1od_x1.0,A,both,4,4,23,23,31,4.0
A_k4_1od_x1.0,A,both,4,5,23,23,33,4.0
A_k4_1od_x1.0,A,both,4,6,22,22,31,4.0
A_k4_1od_x1.0,A,both,4,7,23,23,33,4.0
A_k4_1od_x1.0,A,both,4,8,23,23,33,4.0
A_k4_1od_x1.0,A,both,4,9,23,23,33,4.0
A_k4_1od_x1.0,A,both,4,10,23,23,32,4.0
A_k4_1od_x1.0,A,both,4,11,20,20,29,4.0
A_k4_1od_x1.0,A,both,4,12,22,22,30,4.0
A_k4_1od_x1.0,A,both,4,13,23,23,30,4.0
A_k4_1od_x1.0,A,both,4,14,22,22,32,4.0
A_k4_1od_x1.0,A,both,4,15,23,23,29,4.0
A_k4_1od_x1.0,A,both,5,1,24,20,25,1.875
A_k4_1od_x1.0,A,both,5,2,23,23,29,4.0
A_k4_1od_x1.0,A,both,5,3,23,23,34,4.0
A_k4_1od_x1.0,A,both,5,4,23,23,31,4.0
A_k4_1od_x1.0,A,both,5,5,23,23,34,4.0
A_k4_1od_x1.0,A,both,5,6,23,23,29,4.0
A_k4_1od_x1.0,A,both,5,7,23,23,34,4.0
A_k4_1od_x1.0,A,both,5,8,23,23,31,4.0
A_k4_1od_x1.0,A,both,5,9,23,23,31,4.0
A_k4_1od_x1.0,A,both,5,10,23,23,31,4.0
A_k4_1od_x1.0,A,both,5,11,23,23,33,4.0
A_k4_1od_x1.0,A,both,5,12,23,23,32,4.0
A_k4_1od_x1.0,A,both,5,13,23,23,32,4.0
A_k4_1od_x1.0,A,both,5,14,23,23,29,4.0
A_k4_1od_x1.0,A,both,5,15,23,23,33,4.0
A_k4_1od_x1.0,A,both,6,1,24,20,29,2.2083333333333335
A_k4_1od_x1.0,A,both,6,2,23,23,31,4.0
A_k4_1od_x1.0,A,both,6,3,22,22,28,4.0
A_k4_1od_x1.0,A,both,6,4,23,23,31,4.0
A_k4_1od_x1.0,A,both,6,5,23,23,34,4.0
A_k4_1od_x1.0,A,both,6,6,22,22,30,4.0
A_k4_1od_x1.0,A,both,6,7,22,22,27,4.0
A_k4_1od_x1.0,A,both,6,8,23,23,32,4.0
A_k4_1od_x1.0,A,both,6,9,22,22,29,4.0
A_k4_1od_x1.0,A,both,6,10,23,23,28,4.0
A_k4_1od_x1.0,A,both,6,11,23,23,29,4.0
A_k4_1od_x1.0,A,both,6,12,23,23,34,4.0
A_k4_1od_x1.0,A,both,6,13,20,20,31,4.0
A_k4_1od_x1.0,A,both,6,14,22,22,33,4.0
A_k4_1od_x1.0,A,both,6,15,23,23,32,4.0
A_k4_1od_x1.0,A,both,7,1,24,15,26,1.625
A_k4_1od_x1.0,A,both,7,2,23,23,32,4.0
A_k4_1od_x1.0,A,both,7,3,23,23,30,4.0
A_k4_1od_x1.0,A,both,7,4,23,23,33,4.0
A_k4_1od_x1.0,A,both,7,5,23,23,33,4.0
A_k4_1od_x1.0,A,both,7,6,23,23,32,4.0
A_k4_1od_x1.0,A,both,7,7,23,23,30,4.0
A_k4_1od_x1.0,A,both,7,8,23,23,34,4.0
A_k4_1od_x1.0,A,both,7,9,22,22,29,4.0
A_k4_1od_x1.0,A,both,7,10,22,22,34,4.0
A_k4_1od_x1.0,A,both,7,11,23,23,32,4.0
A_k4_1od_x1.0,A,both,7,12,23,23,35,4.0
A_k4_1od_x1.0,A,both,7,13,22,22,30,4.0
A_k4_1od_x1.0,A,both,7,14,23,23,33,4.0
A_k4_1od_x1.0,A,both,7,15,23,23,35,4.0
A_k4_1od_x1.0,A,both,8,1,24,20,25,1.875
A_k4_1od_x1.0,A,both,8,2,23,23,32,4.0
A_k4_1od_x1.0,A,both,8,3,23,23,34,4.0
A_k4_1od_x1.0,A,both,8,4,23,23,29,4.0
A_k4_1od_x1.0,A,both,8,5,23,23,33,4.0
A_k4_1od_x1.0,A,both,8,6,23,23,33,4.0
A_k4_1od_x1.0,A,both,8,7,22,22,32,4.0
A_k4_1od_x1.0,A,both,8,8,22,22,31,4.0
A_k4_1od_x1.0,A,both,8,9,22,22,29,4.0
A_k4_1od_x1.0,A,both,8,10,23,23,28,4.0
A_k4_1od_x1.0,A,both,8,11,23,23,30,4.0
A_k4_1od_x1.0,A,both,8,12,23,23,31,4.0
A_k4_1od_x1.0,A,both,8,13,23,23,32,4.0
A_k4_1od_x1.0,A,both,8,14,22,22,30,4.0
A_k4_1od_x1.0,A,both,8,15,23,23,32,4.0
A_k4_1od_x1.0,A,both,9,1,24,20,28,2.0416666666666665
A_k4_1od_x1.0,A,both,9,2,23,23,34,4.0
A_k4_1od_x1.0,A,both,9,3,23,23,31,4.0
A_k4_1od_x1.0,A,both,9,4,23,23,32,4.0
A_k4_1od_x1.0,A,both,9,5,23,23,31,4.0
A_k4_1od_x1.0,A,both,9,6,23,23,29,4.0
A_k4_1od_x1.0,A,both,9,7,22,22,28,4.0
A_k4_1od_x1.0,A,both,9,8,22,22,32,4.0
A_k4_1od_x1.0,A,both,9,9,23,23,34,4.0
A_k4_1od_x1.0,A,both,9,10,22,22,30,4.0
A_k4_1od_x1.0,A,both,9,11,23,23,31,4.0
A_k4_1od_x1.0,A,both,9,12,21,21,33,4.0
A_k4_1od_x1.0,A,both,9,13,23,23,34,4.0
A_k4_1od_x1.0,A,both,9,14,23,23,30,4.0
A_k4_1od_x1.0,A,both,9,15,23,23,31,4.0
A_k4_1od_x1.0,A,init,0,1,24,22,28,2.2916666666666665
A_k4_1od_x1.0,A,init,0,2,23,23,35,4.0
A_k4_1od_x1.0,A,init,0,3,23,23,31,4.0
A_k4_1od_x1.0,A,init,0,4,23,23,35,4.0
A_k4_1od_x1.0,A,init,0,5,23,22,33,4.0
A_k4_1od_x1.0,A,init,0,6,23,23,31,4.0
A_k4_1od_x1.0,A,init,0,7,23,23,34,4.0
A_k4_1od_x1.0,A,init,0,8,23,23,35,4.0
A_k4_1od_x1.0,A,init,0,9,23,23,33,4.0
A_k4_1od_x1.0,A,init,0,10,23,23,37,4.0
A_k4_1od_x1.0,A,init,0,11,23,23,35,4.0
A_k4_1od_x1.0,A,init,0,12,23,23,34,4.0
A_k4_1od_x1.0,A,init,0,13,23,23,37,4.0
A_k4_1od_x1.0,A,init,0,14,23,23,36,4.0
A_k4_1od_x1.0,A,init,0,15,23,23,31,4.0
A_k4_1od_x1.0,A,init,1,1,24,18,27,1.875
A_k4_1od_x1.0,A,init,1,2,23,23,33,4.0
A_k4_1od_x1.0,A,init,1,3,22,22,34,4.0
A_k4_1od_x1.0,A,init,1,4,23,23,34,4.0
A_k4_1od_x1.0,A,init,1,5,23,23,33,4.0
A_k4_1od_x1.0,A,init,1,6,23,23,35,4.0
A_k4_1od_x1.0,A,init,1,7,23,23,35,4.0
A_k4_1od_x1.0,A,init,1,8,23,23,33,4.0
A_k4_1od_x1.0,A,init,1,9,23,23,36,4.0
A_k4_1od_x1.0,A,init,1,10,23,23,32,4.0
A_k4_1od_x1.0,A,init,1,11,23,23,34,4.0
A_k4_1od_x1.0,A,init,1,12,23,23,35,4.0
A_k4_1od_x1.0,A,init,1,13,23,23,35,4.0
A_k4_1od_x1.0,A,init,1,14,23,23,35,4.0
A_k4_1od_x1.0,A,init,1,15,22,22,34,4.0
A_k4_1od_x1.0,A,init,2,1,24,19,31,2.0
A_k4_1od_x1.0,A,init,2,2,22,22,33,4.0
A_k4_1od_x1.0,A,init,2,3,23,23,36,4.0
A_k4_1od_x1.0,A,init,2,4,23,23,35,4.0
A_k4_1od_x1.0,A,init,2,5,22,22,33,4.0
A_k4_1od_x1.0,A,init,2,6,23,23,38,4.0
A_k4_1od_x1.0,A,init,2,7,22,22,34,4.0
A_k4_1od_x1.0,A,init,2,8,23,23,33,4.0
A_k4_1od_x1.0,A,init,2,9,23,23,38,4.0
A_k4_1od_x1.0,A,init,2,10,22,22,33,4.0
A_k4_1od_x1.0,A,init,2,11,23,23,36,4.0
A_k4_1od_x1.0,A,init,2,12,23,23,32,4.0
A_k4_1od_x1.0,A,init,2,13,23,23,33,4.0
A_k4_1od_x1.0,A,init,2,14,23,23,33,4.0
A_k4_1od_x1.0,A,init,2,15,23,23,31,4.0
A_k4_1od_x1.0,A,init,3,1,24,22,27,2.4166666666666665
A_k4_1od_x1.0,A,init,3,2,23,23,34,4.0
A_k4_1od_x1.0,A,init,3,3,23,23,33,4.0
A_k4_1od_x1.0,A,init,3,4,23,23,36,4.0
A_k4_1od_x1.0,A,init,3,5,23,23,34,4.0
A_k4_1od_x1.0,A,init,3,6,23,23,32,4.0
A_k4_1od_x1.0,A,init,3,7,23,23,36,4.0
A_k4_1od_x1.0,A,init,3,8,23,23,32,4.0
A_k4_1od_x1.0,A,init,3,9,23,23,36,4.0
A_k4_1od_x1.0,A,init,3,10,23,23,34,4.0
A_k4_1od_x1.0,A,init,3,11,23,23,34,4.0
A_k4_1od_x1.0,A,init,3,12,23,23,35,4.0
A_k4_1od_x1.0,A,init,3,13,23,23,28,4.0
A_k4_1od_x1.0,A,init,3,14,23,23,36,4.0
A_k4_1od_x1.0,A,init,3,15,23,23,34,4.0
A_k4_1od_x1.0,A,init,4,1,24,18,22,1.5833333333333333
A_k4_1od_x1.0,A,init,4,2,23,23,36,4.0
A_k4_1od_x1.0,A,init,4,3,23,23,32,4.0
A_k4_1od_x1.0,A,init,4,4,23,23,35,4.0
A_k4_1od_x1.0,A,init,4,5,23,23,33,4.0
A_k4_1od_x1.0,A,init,4,6,23,23,33,4.0
A_k4_1od_x1.0,A,init,4,7,23,23,31,4.0
A_k4_1od_x1.0,A,init,4,8,23,23,30,4.0
A_k4_1od_x1.0,A,init,4,9,23,23,34,4.0
A_k4_1od_x1.0,A,init,4,10,23,23,34,4.0
A_k4_1od_x1.0,A,init,4,11,23,23,31,4.0
A_k4_1od_x1.0,A,init,4,12,23,23,36,4.0
A_k4_1od_x1.0,A,init,4,13,23,23,37,4.0
A_k4_1od_x1.0,A,init,4,14,23,23,30,4.0
A_k4_1od_x1.0,A,init,4,15,23,23,32,4.0
A_k4_1od_x1.0,A,init,5,1,24,20,25,1.875
A_k4_1od_x1.0,A,init,5,2,23,23,32,4.0
A_k4_1od_x1.0,A,init,5,3,23,23,33,4.0
A_k4_1od_x1.0,A,init,5,4,23,23,36,4.0
A_k4_1od_x1.0,A,init,5,5,23,23,31,4.0
A_k4_1od_x1.0,A,init,5,6,22,22,33,4.0
A_k4_1od_x1.0,A,init,5,7,22,21,32,4.0
A_k4_1od_x1.0,A,init,5,8,23,23,35,4.0
A_k4_1od_x1.0,A,init,5,9,23,23,35,4.0
A_k4_1od_x1.0,A,init,5,10,23,23,35,4.0
A_k4_1od_x1.0,A,init,5,11,23,23,33,4.0
A_k4_1od_x1.0,A,init,5,12,23,23,30,4.0
A_k4_1od_x1.0,A,init,5,13,23,23,33,4.0
A_k4_1od_x1.0,A,init,5,14,23,23,31,4.0
A_k4_1od_x1.0,A,init,5,15,23,23,38,4.0
A_k4_1od_x1.0,A,init,6,1,24,20,29,2.2083333333333335
A_k4_1od_x1.0,A,init,6,2,23,23,37,4.0
A_k4_1od_x1.0,A,init,6,3,22,22,32,4.0
A_k4_1od_x1.0,A,init,6,4,23,23,34,4.0
A_k4_1od_x1.0,A,init,6,5,23,23,31,4.0
A_k4_1od_x1.0,A,init,6,6,23,23,34,4.0
A_k4_1od_x1.0,A,init,6,7,23,23,38,4.0
A_k4_1od_x1.0,A,init,6,8,23,23,35,4.0
A_k4_1od_x1.0,A,init,6,9,23,23,31,4.0
A_k4_1od_x1.0,A,init,6,10,23,23,32,4.0
A_k4_1od_x1.0,A,init,6,11,23,23,37,4.0
A_k4_1od_x1.0,A,init,6,12,23,23,35,4.0
A_k4_1od_x1.0,A,init,6,13,23,23,37,4.0
A_k4_1od_x1.0,A,init,6,14,23,23,34,4.0
A_k4_1od_x1.0,A,init,6,15,23,23,34,4.0
A_k4_1od_x1.0,A,init,7,1,24,15,26,1.625
A_k4_1od_x1.0,A,init,7,2,23,23,32,4.0
A_k4_1od_x1.0,A,init,7,3,22,22,34,4.0
A_k4_1od_x1.0,A,init,7,4,22,22,34,4.0
A_k4_1od_x1.0,A,init,7,5,23,23,30,4.0
A_k4_1od_x1.0,A,init,7,6,22,22,35,4.0
A_k4_1od_x1.0,A,init,7,7,23,23,35,4.0
A_k4_1od_x1.0,A,init,7,8,23,23,32,4.0
A_k4_1od_x1.0,A,init,7,9,23,23,34,4.0
A_k4_1od_x1.0,A,init,7,10,23,23,34,4.0
A_k4_1od_x1.0,A,init,7,11,23,23,33,4.0
A_k4_1od_x1.0,A,init,7,12,23,23,35,4.0
A_k4_1od_x1.0,A,init,7,13,23,23,30,4.0
A_k4_1od_x1.0,A,init,7,14,23,23,35,4.0
A_k4_1od_x1.0,A,init,7,15,23,23,34,4.0
A_k4_1od_x1.0,A,init,8,1,24,20,25,1.875
A_k4_1od_x1.0,A,init,8,2,23,23,36,4.0
A_k4_1od_x1.0,A,init,8,3,23,23,35,4.0
A_k4_1od_x1.0,A,init,8,4,23,23,32,4.0
A_k4_1od_x1.0,A,init,8,5,23,23,34,4.0
A_k4_1od_x1.0,A,init,8,6,22,22,35,4.0
A_k4_1od_x1.0,A,init,8,7,23,23,34,4.0
A_k4_1od_x1.0,A,init,8,8,23,23,33,4.0
A_k4_1od_x1.0,A,init,8,9,23,23,33,4.0
A_k4_1od_x1.0,A,init,8,10,23,23,35,4.0
A_k4_1od_x1.0,A,init,8,11,23,22,34,4.0
A_k4_1od_x1.0,A,init,8,12,23,23,37,4.0
A_k4_1od_x1.0,A,init,8,13,23,23,36,4.0
A_k4_1od_x1.0,A,init,8,14,23,23,33,4.0
A_k4_1od_x1.0,A,init,8,15,23,23,36,4.0
A_k4_1od_x1.0,A,init,9,1,24,20,28,2.0416666666666665
A_k4_1od_x1.0,A,init,9,2,23,23,38,4.0
A_k4_1od_x1.0,A,init,9,3,23,23,38,4.0
A_k4_1od_x1.0,A,init,9,4,23,23,34,4.0
A_k4_1od_x1.0,A,init,9,5,23,23,35,4.0
A_k4_1od_x1.0,A,init,9,6,23,23,30,4.0
A_k4_1od_x1.0,A,init,9,7,23,23,32,4.0
A_k4_1od_x1.0,A,init,9,8,23,23,33,4.0
A_k4_1od_x1.0,A,init,9,9,22,22,30,4.0
A_k4_1od_x1.0,A,init,9,10,23,23,32,4.0
A_k4_1od_x1.0,A,init,9,11,22,22,31,4.0
A_k4_1od_x1.0,A,init,9,12,20,20,30,4.0
A_k4_1od_x1.0,A,init,9,13,23,23,35,4.0
A_k4_1od_x1.0,A,init,9,14,23,23,31,4.0
A_k4_1od_x1.0,A,init,9,15,23,23,35,4.0
A_k4_1od_x1.0,A,mutation,0,1,24,23,35,2.5833333333333335
A_k4_1od_x1.0,A,mutation,0,2,23,23,32,4.0
A_k4_1od_x1.0,A,mutation,0,3,23,23,36,4.0
A_k4_1od_x1.0,A,mutation,0,4,23,23,31,4.0
A_k4_1od_x1.0,A,mutation,0,5,23,23,31,4.0
A_k4_1od_x1.0,A,mutation,0,6,23,23,31,4.0
A_k4_1od_x1.0,A,mutation,0,7,22,22,32,4.0
A_k4_1od_x1.0,A,mutation,0,8,23,23,35,4.0
A_k4_1od_x1.0,A,mutation,0,9,22,22,31,4.0
A_k4_1od_x1.0,A,mutation,0,10,22,22,34,4.0
A_k4_1od_x1.0,A,mutation,0,11,22,22,30,4.0
A_k4_1od_x1.0,A,mutation,0,12,22,22,29,4.0
A_k4_1od_x1.0,A,mutation,0,13,22,22,32,4.0
A_k4_1od_x1.0,A,mutation,0,14,23,23,31,4.0
A_k4_1od_x1.0,A,mutation,0,15,23,23,33,4.0
A_k4_1od_x1.0,A,mutation,1,1,24,23,26,2.0416666666666665
A_k4_1od_x1.0,A,mutation,1,2,23,23,29,4.0
A_k4_1od_x1.0,A,mutation,1,3,22,22,32,4.0
A_k4_1od_x1.0,A,mutation,1,4,23,23,29,4.0
A_k4_1od_x1.0,A,mutation,1,5,23,23,31,4.0
A_k4_1od_x1.0,A,mutation,1,6,23,23,31,4.0
A_k4_1od_x1.0,A,mutation,1,7,23,23,34,4.0
A_k4_1od_x1.0,A,mutation,1,8,23,23,30,4.0
A_k4_1od_x1.0,A,mutation,1,9,22,22,31,4.0
A_k4_1od_x1.0,A,mutation,1,10,23,23,31,4.0
A_k4_1od_x1.0,A,mutation,1,11,22,22,27,4.0
A_k4_1od_x1.0,A,mutation,1,12,23,23,33,4.0
A_k4_1od_x1.0,A,mutation,1,13,23,23,30,4.0
A_k4_1od_x1.0,A,mutation,1,14,23,23,28,4.0
A_k4_1od_x1.0,A,mutation,1,15,23,23,34,4.0
A_k4_1od_x1.0,A,mutation,2,1,24,21,33,2.1666666666666665
A_k4_1od_x1.0,A,mutation,2,2,23,23,32,4.0
A_k4_1od_x1.0,A,mutation,2,3,23,23,29,4.0
A_k4_1od_x1.0,A,mutation,2,4,23,23,27,4.0
A_k4_1od_x1.0,A,mutation,2,5,23,23,29,4.0
A_k4_1od_x1.0,A,mutation,2,6,23,23,33,4.0
A_k4_1od_x1.0,A,mutation,2,7,23,23,31,4.0
A_k4_1od_x1.0,A,mutation,2,8,22,22,25,4.0
A_k4_1od_x1.0,A,mutation,2,9,23,23,27,4.0
A_k4_1od_x1.0,A,mutation,2,10,22,22,32,4.0
A_k4_1od_x1.0,A,mutation,2,11,23,23,36,4.0
A_k4_1od_x1.0,A,mutation,2,12,21,21,28,4.0
A_k4_1od_x1.0,A,mutation,2,13,23,23,35,4.0
A_k4_1od_x1.0,A,mutation,2,14,22,22,31,4.0
A_k4_1od_x1.0,A,mutation,2,15,23,22,36,4.0
A_k4_1od_x1.0,A,mutation,3,1,24,22,26,2.0416666666666665
A_k4_1od_x1.0,A,mutation,3,2,23,23,33,4.0
A_k4_1od_x1.0,A,mutation,3,3,23,23,35,4.0
A_k4_1od_x1.0,A,mutation,3,4,23,23,32,4.0
A_k4_1od_x1.0,A,mutation,3,5,23,23,31,4.0
A_k4_1od_x1.0,A,mutation,3,6,23,23,32,4.0
A_k4_1od_x1.0,A,mutation,3,7,23,23,31,4.0
A_k4_1od_x1.0,A,mutation,3,8,23,23,32,4.0
A_k4_1od_x1.0,A,mutation,3,9,23,23,31,4.0
A_k4_1od_x1.0,A,mutation,3,10,23,23,31,4.0
A_k4_1od_x1.0,A,mutation,3,11,23,23,33,4.0
A_k4_1od_x1.0,A,mutation,3,12,23,23,30,4.0
A_k4_1od_x1.0,A,mutation,3,13,23,23,33,4.0
A_k4_1od_x1.0,A,mutation,3,14,23,23,30,4.0
A_k4_1od_x1.0,A,mutation,3,15,23,23,32,4.0
A_k4_1od_x1.0,A,mutation,4,1,24,20,27,1.9583333333333333
A_k4_1od_x1.0,A,mutation,4,2,23,23,33,4.0
A_k4_1od_x1.0,A,mutation,4,3,23,23,33,4.0
A_k4_1od_x1.0,A,mutation,4,4,23,23,34,4.0
A_k4_1od_x1.0,A,mutation,4,5,23,23,28,4.0
A_k4_1od_x1.0,A,mutation,4,6,23,23,32,4.0
A_k4_1od_x1.0,A,mutation,4,7,23,23,33,4.0
A_k4_1od_x1.0,A,mutation,4,8,23,23,29,4.0
A_k4_1od_x1.0,A,mutation,4,9,22,22,30,4.0
A_k4_1od_x1.0,A,mutation,4,10,23,23,31,4.0
A_k4_1od_x1.0,A,mutation,4,11,23,23,31,4.0
A_k4_1od_x1.0,A,mutation,4,12,22,22,32,4.0
A_k4_1od_x1.0,A,mutation,4,13,23,23,29,4.0
A_k4_1od_x1.0,A,mutation,4,14,23,23,30,4.0
A_k4_1od_x1.0,A,mutation,4,15,23,23,33,4.0
A_k4_1od_x1.0,A,mutation,5,1,24,23,27,2.0833333333333335
A_k4_1od_x1.0,A,mutation,5,2,23,23,31,4.0
A_k4_1od_x1.0,A,mutation,5,3,23,23,33,4.0
A_k4_1od_x1.0,A,mutation,5,4,22,22,32,4.0
A_k4_1od_x1.0,A,mutation,5,5,23,23,30,4.0
A_k4_1od_x1.0,A,mutation,5,6,23,23,27,4.0
A_k4_1od_x1.0,A,mutation,5,7,22,22,32,4.0
A_k4_1od_x1.0,A,mutation,5,8,23,23,32,4.0
A_k4_1od_x1.0,A,mutation,5,9,23,23,29,4.0
A_k4_1od_x1.0,A,mutation,5,10,22,22,29,4.0
A_k4_1od_x1.0,A,mutation,5,11,23,23,30,4.0
A_k4_1od_x1.0,A,mutation,5,12,23,23,31,4.0
A_k4_1od_x1.0,A,mutation,5,13,23,23,32,4.0
A_k4_1od_x1.0,A,mutation,5,14,23,23,33,4.0
A_k4_1od_x1.0,A,mutation,5,15,23,23,34,4.0
A_k4_1od_x1.0,A,mutation,6,1,24,24,29,2.3333333333333335
A_k4_1od_x1.0,A,mutation,6,2,23,23,35,4.0
A_k4_1od_x1.0,A,mutation,6,3,22,22,32,4.0
A_k4_1od_x1.0,A,mutation,6,4,23,23,33,4.0
A_k4_1od_x1.0,A,mutation,6,5,22,22,27,4.0
A_k4_1od_x1.0,A,mutation,6,6,23,23,32,4.0
A_k4_1od_x1.0,A,mutation,6,7,22,22,28,4.0
A_k4_1od_x1.0,A,mutation,6,8,23,23,30,4.0
A_k4_1od_x1.0,A,mutation,6,9,23,23,31,4.0
A_k4_1od_x1.0,A,mutation,6,10,23,23,31,4.0
A_k4_1od_x1.0,A,mutation,6,11,23,23,33,4.0
A_k4_1od_x1.0,A,mutation,6,12,23,23,32,4.0
A_k4_1od_x1.0,A,mutation,6,13,23,23,32,4.0
A_k4_1od_x1.0,A,mutation,6,14,23,23,30,4.0
A_k4_1od_x1.0,A,mutation,6,15,23,23,35,4.0
A_k4_1od_x1.0,A,mutation,7,1,24,23,32,2.3333333333333335
A_k4_1od_x1.0,A,mutation,7,2,23,23,33,4.0
A_k4_1od_x1.0,A,mutation,7,3,23,23,30,4.0
A_k4_1od_x1.0,A,mutation,7,4,22,22,36,4.0
A_k4_1od_x1.0,A,mutation,7,5,23,23,32,4.0
A_k4_1od_x1.0,A,mutation,7,6,23,23,32,4.0
A_k4_1od_x1.0,A,mutation,7,7,23,23,30,4.0
A_k4_1od_x1.0,A,mutation,7,8,23,23,30,4.0
A_k4_1od_x1.0,A,mutation,7,9,23,23,30,4.0
A_k4_1od_x1.0,A,mutation,7,10,23,23,27,4.0
A_k4_1od_x1.0,A,mutation,7,11,23,23,31,4.0
A_k4_1od_x1.0,A,mutation,7,12,22,22,32,4.0
A_k4_1od_x1.0,A,mutation,7,13,23,23,33,4.0
A_k4_1od_x1.0,A,mutation,7,14,23,23,29,4.0
A_k4_1od_x1.0,A,mutation,7,15,23,23,35,4.0
A_k4_1od_x1.0,A,mutation,8,1,24,19,24,1.5
A_k4_1od_x1.0,A,mutation,8,2,23,23,33,4.0
A_k4_1od_x1.0,A,mutation,8,3,23,23,31,4.0
A_k4_1od_x1.0,A,mutation,8,4,23,23,31,4.0
A_k4_1od_x1.0,A,mutation,8,5,23,23,31,4.0
A_k4_1od_x1.0,A,mutation,8,6,23,23,32,4.0
A_k4_1od_x1.0,A,mutation,8,7,23,23,34,4.0
A_k4_1od_x1.0,A,mutation,8,8,23,23,33,4.0
A_k4_1od_x1.0,A,mutation,8,9,22,22,34,4.0
A_k4_1od_x1.0,A,mutation,8,10,23,23,34,4.0
A_k4_1od_x1.0,A,mutation,8,11,23,23,34,4.0
A_k4_1od_x1.0,A,mutation,8,12,23,23,33,4.0
A_k4_1od_x1.0,A,mutation,8,13,22,22,32,4.0
A_k4_1od_x1.0,A,mutation,8,14,22,22,31,4.0
A_k4_1od_x1.0,A,mutation,8,15,22,22,30,4.0
A_k4_1od_x1.0,A,mutation,9,1,24,23,30,2.4166666666666665
A_k4_1od_x1.0,A,mutation,9,2,23,23,33,4.0
A_k4_1od_x1.0,A,mutation,9,3,22,22,33,4.0
A_k4_1od_x1.0,A,mutation,9,4,23,23,31,4.0
A_k4_1od_x1.0,A,mutation,9,5,23,23,32,4.0
A_k4_1od_x1.0,A,mutation,9,6,23,23,29,4.0
A_k4_1od_x1.0,A,mutation,9,7,23,23,30,4.0
A_k4_1od_x1.0,A,mutation,9,8,23,23,32,4.0
A_k4_1od_x1.0,A,mutation,9,9,23,23,32,4.0
A_k4_1od_x1.0,A,mutation,9,10,23,23,29,4.0
A_k4_1od_x1.0,A,mutation,9,11,23,23,33,4.0
A_k4_1od_x1.0,A,mutation,9,12,23,23,32,4.0
A_k4_1od_x1.0,A,mutation,9,13,23,23,30,4.0
A_k4_1od_x1.0,A,mutation,9,14,23,23,32,4.0
A_k4_1od_x1.0,A,mutation,9,15,23,23,32,4.0
A_k4_1od_x1.0,A,none,0,1,24,23,35,2.5833333333333335
A_k4_1od_x1.0,A,none,0,2,23,23,34,4.0
A_k4_1od_x1.0,A,none,0,3,23,23,38,4.0
A_k4_1od_x1.0,A,none,0,4,23,23,40,4.0
A_k4_1od_x1.0,A,none,0,5,23,23,34,4.0
A_k4_1od_x1.0,A,none,0,6,23,22,32,4.0
A_k4_1od_x1.0,A,none,0,7,23,23,31,4.0
A_k4_1od_x1.0,A,none,0,8,23,23,32,4.0
A_k4_1od_x1.0,A,none,0,9,22,22,35,4.0
A_k4_1od_x1.0,A,none,0,10,23,23,32,4.0
A_k4_1od_x1.0,A,none,0,11,23,23,31,4.0
A_k4_1od_x1.0,A,none,0,12,23,23,36,4.0
A_k4_1od_x1.0,A,none,0,13,23,23,34,4.0
A_k4_1od_x1.0,A,none,0,14,23,23,31,4.0
A_k4_1od_x1.0,A,none,0,15,23,23,33,4.0
A_k4_1od_x1.0,A,none,1,1,24,23,26,2.0416666666666665
A_k4_1od_x1.0,A,none,1,2,23,23,34,4.0
A_k4_1od_x1.0,A,none,1,3,23,23,35,4.0
A_k4_1od_x1.0,A,none,1,4,23,23,34,4.0
A_k4_1od_x1.0,A,none,1,5,23,23,35,4.0
A_k4_1od_x1.0,A,none,1,6,23,23,32,4.0
A_k4_1od_x1.0,A,none,1,7,23,23,30,4.0
A_k4_1od_x1.0,A,none,1,8,23,23,36,4.0
A_k4_1od_x1.0,A,none,1,9,23,23,36,4.0
A_k4_1od_x1.0,A,none,1,10,21,21,37,4.0
A_k4_1od_x1.0,A,none,1,11,23,23,36,4.0
A_k4_1od_x1.0,A,none,1,12,23,23,33,4.0
A_k4_1od_x1.0,A,none,1,13,23,23,34,4.0
A_k4_1od_x1.0,A,none,1,14,23,22,33,4.0
A_k4_1od_x1.0,A,none,1,15,22,22,32,4.0
A_k4_1od_x1.0,A,none,2,1,24,21,33,2.1666666666666665
A_k4_1od_x1.0,A,none,2,2,23,23,34,4.0
A_k4_1od_x1.0,A,none,2,3,23,23,32,4.0
A_k4_1od_x1.0,A,none,2,4,23,23,37,4.0
A_k4_1od_x1.0,A,none,2,5,23,23,33,4.0
A_k4_1od_x1.0,A,none,2,6,23,23,35,4.0
A_k4_1od_x1.0,A,none,2,7,22,22,33,4.0
A_k4_1od_x1.0,A,none,2,8,22,22,32,4.0
A_k4_1od_x1.0,A,none,2,9,23,23,34,4.0
A_k4_1od_x1.0,A,none,2,10,23,23,35,4.0
A_k4_1od_x1.0,A,none,2,11,23,23,34,4.0
A_k4_1od_x1.0,A,none,2,12,23,23,32,4.0
A_k4_1od_x1.0,A,none,2,13,23,23,33,4.0
A_k4_1od_x1.0,A,none,2,14,22,22,32,4.0
A_k4_1od_x1.0,A,none,2,15,22,22,30,4.0
A_k4_1od_x1.0,A,none,3,1,24,22,26,2.0416666666666665
A_k4_1od_x1.0,A,none,3,2,23,23,37,4.0
A_k4_1od_x1.0,A,none,3,3,23,23,35,4.0
A_k4_1od_x1.0,A,none,3,4,23,23,34,4.0
A_k4_1od_x1.0,A,none,3,5,23,23,35,4.0
A_k4_1od_x1.0,A,none,3,6,23,23,36,4.0
A_k4_1od_x1.0,A,none,3,7,23,23,36,4.0
A_k4_1od_x1.0,A,none,3,8,23,23,33,4.0
A_k4_1od_x1.0,A,none,3,9,23,23,35,4.0
A_k4_1od_x1.0,A,none,3,10,22,22,36,4.0
A_k4_1od_x1.0,A,none,3,11,23,23,35,4.0
A_k4_1od_x1.0,A,none,3,12,22,22,35,4.0
A_k4_1od_x1.0,A,none,3,13,23,23,38,4.0
A_k4_1od_x1.0,A,none,3,14,22,22,38,4.0
A_k4_1od_x1.0,A,none,3,15,23,23,34,4.0
A_k4_1od_x1.0,A,none,4,1,24,20,27,1.9583333333333333
A_k4_1od_x1.0,A,none,4,2,23,23,32,4.0
A_k4_1od_x1.0,A,none,4,3,23,23,36,4.0
A_k4_1od_x1.0,A,none,4,4,23,23,33,4.0
A_k4_1od_x1.0,A,none,4,5,23,23,31,4.0
A_k4_1od_x1.0,A,none,4,6,23,23,30,4.0
A_k4_1od_x1.0,A,none,4,7,22,22,33,4.0
A_k4_1od_x1.0,A,none,4,8,23,23,34,4.0
A_k4_1od_x1.0,A,none,4,9,23,23,31,4.0
A_k4_1od_x1.0,A,none,4,10,23,23,35,4.0
A_k4_1od_x1.0,A,none,4,11,23,23,34,4.0
A_k4_1od_x1.0,A,none,4,12,23,23,35,4.0
A_k4_1od_x1.0,A,none,4,13,23,23,33,4.0
A_k4_1od_x1.0,A,none,4,14,22,22,35,4.0
A_k4_1od_x1.0,A,none,4,15,23,23,33,4.0
A_k4_1od_x1.0,A,none,5,1,24,23,27,2.0833333333333335
A_k4_1od_x1.0,A,none,5,2,23,23,33,4.0
A_k4_1od_x1.0,A,none,5,3,23,23,33,4.0
A_k4_1od_x1.0,A,none,5,4,23,23,34,4.0
A_k4_1od_x1.0,A,none,5,5,23,23,36,4.0
A_k4_1od_x1.0,A,none,5,6,23,23,33,4.0
A_k4_1od_x1.0,A,none,5,7,22,22,35,4.0
A_k4_1od_x1.0,A,none,5,8,23,23,35,4.0
A_k4_1od_x1.0,A,none,5,9,23,23,38,4.0
A_k4_1od_x1.0,A,none,5,10,23,23,32,4.0
A_k4_1od_x1.0,A,none,5,11,23,23,36,4.0
A_k4_1od_x1.0,A,none,5,12,23,23,35,4.0
A_k4_1od_x1.0,A,none,5,13,23,23,35,4.0
A_k4_1od_x1.0,A,none,5,14,23,23,36,4.0
A_k4_1od_x1.0,A,none,5,15,23,23,36,4.0
A_k4_1od_x1.0,A,none,6,1,24,24,29,2.3333333333333335
A_k4_1od_x1.0,A,none,6,2,23,23,37,4.0
A_k4_1od_x1.0,A,none,6,3,23,23,38,4.0
A_k4_1od_x1.0,A,none,6,4,23,23,36,4.0
A_k4_1od_x1.0,A,none,6,5,23,23,34,4.0
A_k4_1od_x1.0,A,none,6,6,23,23,31,4.0
A_k4_1od_x1.0,A,none,6,7,23,23,32,4.0
A_k4_1od_x1.0,A,none,6,8,23,23,33,4.0
A_k4_1od_x1.0,A,none,6,9,23,23,35,4.0
A_k4_1od_x1.0,A,none,6,10,23,23,32,4.0
A_k4_1od_x1.0,A,none,6,11,21,21,33,4.0
A_k4_1od_x1.0,A,none,6,12,23,23,34,4.0
A_k4_1od_x1.0,A,none,6,13,23,23,29,4.0
A_k4_1od_x1.0,A,none,6,14,23,23,35,4.0
A_k4_1od_x1.0,A,none,6,15,23,23,34,4.0
A_k4_1od_x1.0,A,none,7,1,24,23,32,2.3333333333333335
A_k4_1od_x1.0,A,none,7,2,23,23,35,4.0
A_k4_1od_x1.0,A,none,7,3,22,22,35,4.0
A_k4_1od_x1.0,A,none,7,4,23,23,34,4.0
A_k4_1od_x1.0,A,none,7,5,23,23,32,4.0
A_k4_1od_x1.0,A,none,7,6,23,23,36,4.0
A_k4_1od_x1.0,A,none,7,7,23,23,35,4.0
A_k4_1od_x1.0,A,none,7,8,23,23,34,4.0
A_k4_1od_x1.0,A,none,7,9,23,23,33,4.0
A_k4_1od_x1.0,A,none,7,10,23,23,34,4.0
A_k4_1od_x1.0,A,none,7,11,23,23,32,4.0
A_k4_1od_x1.0,A,none,7,12,23,23,36,4.0
A_k4_1od_x1.0,A,none,7,13,23,23,36,4.0
A_k4_1od_x1.0,A,none,7,14,23,23,33,4.0
A_k4_1od_x1.0,A,none,7,15,23,23,37,4.0
A_k4_1od_x1.0,A,none,8,1,24,19,24,1.5
A_k4_1od_x1.0,A,none,8,2,23,23,34,4.0
A_k4_1od_x1.0,A,none,8,3,23,23,37,4.0
A_k4_1od_x1.0,A,none,8,4,23,23,35,4.0
A_k4_1od_x1.0,A,none,8,5,23,23,34,4.0
A_k4_1od_x1.0,A,none,8,6,23,23,34,4.0
A_k4_1od_x1.0,A,none,8,7,23,23,34,4.0
A_k4_1od_x1.0,A,none,8,8,23,22,29,4.0
A_k4_1od_x1.0,A,none,8,9,23,23,34,4.0
A_k4_1od_x1.0,A,none,8,10,23,23,34,4.0
A_k4_1od_x1.0,A,none,8,11,22,22,35,4.0
A_k4_1od_x1.0,A,none,8,12,23,23,36,4.0
A_k4_1od_x1.0,A,none,8,13,23,23,31,4.0
A_k4_1od_x1.0,A,none,8,14,23,23,33,4.0
A_k4_1od_x1.0,A,none,8,15,23,23,35,4.0
A_k4_1od_x1.0,A,none,9,1,24,23,30,2.4166666666666665
A_k4_1od_x1.0,A,none,9,2,23,23,34,4.0
A_k4_1od_x1.0,A,none,9,3,23,23,34,4.0
A_k4_1od_x1.0,A,none,9,4,22,22,36,4.0
A_k4_1od_x1.0,A,none,9,5,22,22,33,4.0
A_k4_1od_x1.0,A,none,9,6,23,23,32,4.0
A_k4_1od_x1.0,A,none,9,7,22,22,34,4.0
A_k4_1od_x1.0,A,none,9,8,23,23,34,4.0
A_k4_1od_x1.0,A,none,9,9,23,23,34,4.0
A_k4_1od_x1.0,A,none,9,10,23,23,30,4.0
A_k4_1od_x1.0,A,none,9,11,22,22,35,4.0
A_k4_1od_x1.0,A,none,9,12,23,23,38,4.0
A_k4_1od_x1.0,A,none,9,13,23,23,35,4.0
A_k4_1od_x1.0,A,none,9,14,23,23,36,4.0
A_k4_1od_x1.0,A,none,9,15,23,23,33,4.0
A_k4_2od_x0.8,A,both,0,1,24,22,28,2.2916666666666665
A_k4_2od_x0.8,A,both,0,2,23,23,33,4.0
A_k4_2od_x0.8,A,both,0,3,22,22,30,4.0
A_k4_2od_x0.8,A,both,0,4,22,22,27,4.0
A_k4_2od_x0.8,A,both,0,5,23,23,28,4.0
A_k4_2od_x0.8,A,both,0,6,23,23,29,4.0
A_k4_2od_x0.8,A,both,0,7,22,22,25,4.0
A_k4_2od_x0.8,A,both,0,8,23,22,27,4.0
A_k4_2od_x0.8,A,both,0,9,23,23,33,4.0
A_k4_2od_x0.8,A,both,0,10,23,23,27,4.0
A_k4_2od_x0.8,A,both,0,11,22,22,26,4.0
A_k4_2od_x0.8,A,both,0,12,23,23,30,4.0
A_k4_2od_x0.8,A,both,0,13,22,22,27,4.0
A_k4_2od_x0.8,A,both,0,14,19,19,25,4.0
A_k4_2od_x0.8,A,both,0,15,22,22,32,4.0
A_k4_2od_x0.8,A,both,1,1,24,18,22,1.875
A_k4_2od_x0.8,A,both,1,2,23,23,30,4.0
A_k4_2od_x0.8,A,both,1,3,21,21,29,4.0
A_k4_2od_x0.8,A,both,1,4,23,23,25,4.0
A_k4_2od_x0.8,A,both,1,5,22,22,30,4.0
A_k4_2od_x0.8,A,both,1,6,23,23,29,4.0
A_k4_2od_x0.8,A,both,1,7,23,23,30,4.0
A_k4_2od_x0.8,A,both,1,8,21,21,29,4.0
A_k4_2od_x0.8,A,both,1,9,21,21,24,4.0
A_k4_2od_x0.8,A,both,1,10,23,23,30,4.0
A_k4_2od_x0.8,A,both,1,11,21,21,29,4.0
A_k4_2od_x0.8,A,both,1,12,23,23,30,4.0
A_k4_2od_x0.8,A,both,1,13,23,23,29,4.0
A_k4_2od_x0.8,A,both,1,14,23,23,31,4.0
A_k4_2od_x0.8,A,both,1,15,22,22,29,4.0
A_k4_2od_x0.8,A,both,2,1,24,18,23,2.0
A_k4_2od_x0.8,A,both,2,2,23,23,29,4.0
A_k4_2od_x0.8,A,both,2,3,23,23,26,4.0
A_k4_2od_x0.8,A,both,2,4,22,22,29,4.0
A_k4_2od_x0.8,A,both,2,5,22,22,29,4.0
A_k4_2od_x0.8,A,both,2,6,21,21,30,4.0
A_k4_2od_x0.8,A,both,2,7,23,23,30,4.0
A_k4_2od_x0.8,A,both,2,8,23,22,29,4.0
A_k4_2od_x0.8,A,both,2,9,20,20,31,4.0
A_k4_2od_x0.8,A,both,2,10,23,23,28,4.0
A_k4_2od_x0.8,A,both,2,11,21,21,28,4.0
A_k4_2od_x0.8,A,both,2,12,22,22,28,4.0
A_k4_2od_x0.8,A,both,2,13,22,21,23,4.0
A_k4_2od_x0.8,A,both,2,14,20,20,29,4.0
A_k4_2od_x0.8,A,both,2,15,22,22,28,4.0
A_k4_2od_x0.8,A,both,3,1,24,21,28,2.4166666666666665
A_k4_2od_x0.8,A,both,3,2,23,23,30,4.0
A_k4_2od_x0.8,A,both,3,3,23,23,31,4.0
A_k4_2od_x0.8,A,both,3,4,23,23,29,4.0
A_k4_2od_x0.8,A,both,3,5,23,23,28,4.0
A_k4_2od_x0.8,A,both,3,6,22,22,26,4.0
A_k4_2od_x0.8,A,both,3,7,23,23,31,4.0
A_k4_2od_x0.8,A,both,3,8,22,22,27,4.0
A_k4_2od_x0.8,A,both,3,9,21,21,27,4.0
A_k4_2od_x0.8,A,both,3,10,23,23,29,4.0
A_k4_2od_x0.8,A,both,3,11,22,22,30,4.0
A_k4_2od_x0.8,A,both,3,12,23,23,29,4.0
A_k4_2od_x0.8,A,both,3,13,22,22,28,4.0
A_k4_2od_x0.8,A,both,3,14,22,22,32,4.0
A_k4_2od_x0.8,A,both,3,15,22,22,27,4.0
A_k4_2od_x0.8,A,both,4,1,24,18,22,1.5833333333333333
A_k4_2od_x0.8,A,both,4,2,23,23,26,4.0
A_k4_2od_x0.8,A,both,4,3,23,23,29,4.0
A_k4_2od_x0.8,A,both,4,4,22,22,29,4.0
A_k4_2od_x0.8,A,both,4,5,22,22,30,4.0
A_k4_2od_x0.8,A,both,4,6,23,23,27,4.0
A_k4_2od_x0.8,A,both,4,7,23,23,28,4.0
A_k4_2od_x0.8,A,both,4,8,20,20,27,4.0
A_k4_2od_x0.8,A,both,4,9,23,23,28,4.0
A_k4_2od_x0.8,A,both,4,10,23,23,26,4.0
A_k4_2od_x0.8,A,both,4,11,22,22,26,4.0
A_k4_2od_x0.8,A,both,4,12,22,22,28,4.0
A_k4_2od_x0.8,A,both,4,13,23,23,28,4.0
A_k4_2od_x0.8,A,both,4,14,22,22,24,4.0
A_k4_2od_x0.8,A,both,4,15,21,21,28,4.0
A_k4_2od_x0.8,A,both,5,1,24,19,25,1.875
A_k4_2od_x0.8,A,both,5,2,23,23,30,4.0
A_k4_2od_x0.8,A,both,5,3,23,23,31,4.0
A_k4_2od_x0.8,A,both,5,4,23,23,31,4.0
A_k4_2od_x0.8,A,both,5,5,23,23,31,4.0
A_k4_2od_x0.8,A,both,5,6,23,23,30,4.0
A_k4_2od_x0.8,A,both,5,7,21,21,30,4.0
A_k4_2od_x0.8,A,both,5,8,23,23,27,4.0
A_k4_2od_x0.8,A,both,5,9,23,23,26,4.0
A_k4_2od_x0.8,A,both,5,10,23,23,30,4.0
A_k4_2od_x0.8,A,both,5,11,22,22,27,4.0
A_k4_2od_x0.8,A,both,5,12,22,22,29,4.0
A_k4_2od_x0.8,A,both,5,13,23,23,28,4.0
A_k4_2od_x0.8,A,both,5,14,21,21,25,4.0
A_k4_2od_x0.8,A,both,5,15,23,23,26,4.0
A_k4_2od_x0.8,A,both,6,1,24,20,27,2.2083333333333335
A_k4_2od_x0.8,A,both,6,2,23,23,32,4.0
A_k4_2od_x0.8,A,both,6,3,23,22,28,4.0
A_k4_2od_x0.8,A,both,6,4,23,23,28,4.0
A_k4_2od_x0.8,A,both,6,5,23,23,29,4.0
A_k4_2od_x0.8,A,both,6,6,23,22,29,4.0
A_k4_2od_x0.8,A,both,6,7,23,23,26,4.0
A_k4_2od_x0.8,A,both,6,8,22,22,28,4.0
A_k4_2od_x0.8,A,both,6,9,23,23,33,4.0
A_k4_2od_x0.8,A,both,6,10,22,22,27,4.0
A_k4_2od_x0.8,A,both,6,11,23,23,33,4.0
A_k4_2od_x0.8,A,both,6,12,22,22,26,4.0
A_k4_2od_x0.8,A,both,6,13,22,22,29,4.0
A_k4_2od_x0.8,A,both,6,14,23,23,26,4.0
A_k4_2od_x0.8,A,both,6,15,22,22,30,4.0
A_k4_2od_x0.8,A,both,7,1,24,15,23,1.625
A_k4_2od_x0.8,A,both,7,2,23,23,30,4.0
A_k4_2od_x0.8,A,both,7,3,23,23,26,4.0
A_k4_2od_x0.8,A,both,7,4,23,23,32,4.0
A_k4_2od_x0.8,A,both,7,5,23,23,30,4.0
A_k4_2od_x0.8,A,both,7,6,23,22,28,4.0
A_k4_2od_x0.8,A,both,7,7,21,21,25,4.0
A_k4_2od_x0.8,A,both,7,8,21,21,24,4.0
A_k4_2od_x0.8,A,both,7,9,23,23,29,4.0
A_k4_2od_x0.8,A,both,7,10,23,23,28,4.0
A_k4_2od_x0.8,A,both,7,11,23,23,27,4.0
A_k4_2od_x0.8,A,both,7,12,22,22,27,4.0
A_k4_2od_x0.8,A,both,7,13,21,21,29,4.0
A_k4_2od_x0.8,A,both,7,14,23,23,30,4.0
A_k4_2od_x0.8,A,both,7,15,23,23,29,4.0
A_k4_2od_x0.8,A,both,8,1,24,20,26,1.875
A_k4_2od_x0.8,A,both,8,2,23,22,30,4.0
A_k4_2od_x0.8,A,both,8,3,22,22,27,4.0
A_k4_2od_x0.8,A,both,8,4,23,22,28,4.0
A_k4_2od_x0.8,A,both,8,5,23,23,26,4.0
A_k4_2od_x0.8,A,both,8,6,23,23,31,4.0
A_k4_2od_x0.8,A,both,8,7,22,22,27,4.0
A_k4_2od_x0.8,A,both,8,8,22,22,26,4.0
A_k4_2od_x0.8,A,both,8,9,23,23,31,4.0
A_k4_2od_x0.8,A,both,8,10,23,23,30,4.0
A_k4_2od_x0.8,A,both,8,11,23,23,31,4.0
A_k4_2od_x0.8,A,both,8,12,19,19,26,4.0
A_k4_2od_x0.8,A,both,8,13,23,23,29,4.0
A_k4_2od_x0.8,A,both,8,14,23,23,29,4.0
A_k4_2od_x0.8,A,both,8,15,22,22,29,4.0
A_k4_2od_x0.8,A,both,9,1,24,20,26,2.0416666666666665
A_k4_2od_x0.8,A,both,9,2,23,23,33,4.0
A_k4_2od_x0.8,A,both,9,3,23,23,30,4.0
A_k4_2od_x0.8,A,both,9,4,23,22,25,4.0
A_k4_2od_x0.8,A,both,9,5,23,23,29,4.0
A_k4_2od_x0.8,A,both,9,6,23,23,27,4.0
A_k4_2od_x0.8,A,both,9,7,23,23,29,4.0
A_k4_2od_x0.8,A,both,9,8,23,23,26,4.0
A_k4_2od_x0.8,A,both,9,9,20,20,27,4.0
A_k4_2od_x0.8,A,both,9,10,22,22,28,4.0
A_k4_2od_x0.8,A,both,9,11,22,22,25,4.0
A_k4_2od_x0.8,A,both,9,12,21,21,27,4.0
A_k4_2od_x0.8,A,both,9,13,22,22,28,4.0
A_k4_2od_x0.8,A,both,9,14,23,22,27,4.0
A_k4_2od_x0.8,A,both,9,15,22,22,30,4.0
A_k4_2od_x0.8,A,init,0,1,24,22,28,2.2916666666666665
A_k4_2od_x0.8,A,init,0,2,23,23,37,4.0
A_k4_2od_x0.8,A,init,0,3,23,23,32,4.0
A_k4_2od_x0.8,A,init,0,4,23,23,35,4.0
A_k4_2od_x0.8,A,init,0,5,23,23,31,4.0
A_k4_2od_x0.8,A,init,0,6,23,23,31,4.0
A_k4_2od_x0.8,A,init,0,7,23,23,31,4.0
A_k4_2od_x0.8,A,init,0,8,21,21,32,4.0
A_k4_2od_x0.8,A,init,0,9,23,23,31,4.0
A_k4_2od_x0.8,A,init,0,10,22,22,32,4.0
A_k4_2od_x0.8,A,init,0,11,23,23,29,4.0
A_k4_2od_x0.8,A,init,0,12,23,23,32,4.0
A_k4_2od_x0.8,A,init,0,13,23,23,30,4.0
A_k4_2od_x0.8,A,init,0,14,22,22,34,4.0
A_k4_2od_x0.8,A,init,0,15,23,23,30,4.0
A_k4_2od_x0.8,A,init,1,1,24,18,22,1.875
A_k4_2od_x0.8,A,init,1,2,23,23,35,4.0
A_k4_2od_x0.8,A,init,1,3,23,23,33,4.0
A_k4_2od_x0.8,A,init,1,4,23,23,32,4.0
A_k4_2od_x0.8,A,init,1,5,23,23,37,4.0
A_k4_2od_x0.8,A,init,1,6,23,23,33,4.0
A_k4_2od_x0.8,A,init,1,7,23,23,35,4.0
A_k4_2od_x0.8,A,init,1,8,23,23,33,4.0
A_k4_2od_x0.8,A,init,1,9,23,23,30,4.0
A_k4_2od_x0.8,A,init,1,10,23,23,33,4.0
A_k4_2od_x0.8,A,init,1,11,23,23,33,4.0
A_k4_2od_x0.8,A,init,1,12,23,23,32,4.0
A_k4_2od_x0.8,A,init,1,13,22,22,31,4.0
A_k4_2od_x0.8,A,init,1,14,23,23,31,4.0
A_k4_2od_x0.8,A,init,1,15,23,22,35,4.0
A_k4_2od_x0.8,A,init,2,1,24,18,23,2.0
A_k4_2od_x0.8,A,init,2,2,23,23,34,4.0
A_k4_2od_x0.8,A,init,2,3,23,23,31,4.0
A_k4_2od_x0.8,A,init,2,4,23,23,33,4.0
A_k4_2od_x0.8,A,init,2,5,23,23,34,4.0
A_k4_2od_x0.8,A,init,2,6,22,22,31,4.0
A_k4_2od_x0.8,A,init,2,7,23,23,34,4.0
A_k4_2od_x0.8,A,init,2,8,22,22,35,4.0
A_k4_2od_x0.8,A,init,2,9,23,23,32,4.0
A_k4_2od_x0.8,A,init,2,10,23,23,34,4.0
A_k4_2od_x0.8,A,init,2,11,23,23,32,4.0
A_k4_2od_x0.8,A,init,2,12,23,23,31,4.0
A_k4_2od_x0.8,A,init,2,13,23,23,36,4.0
A_k4_2od_x0.8,A,init,2,14,22,22,32,4.0
A_k4_2od_x0.8,A,init,2,15,23,23,29,4.0
A_k4_2od_x0.8,A,init,3,1,24,21,28,2.4166666666666665
A_k4_2od_x0.8,A,init,3,2,23,23,32,4.0
A_k4_2od_x0.8,A,init,3,3,23,23,32,4.0
A_k4_2od_x0.8,A,init,3,4,23,23,34,4.0
A_k4_2od_x0.8,A,init,3,5,23,23,36,4.0
A_k4_2od_x0.8,A,init,3,6,23,23,32,4.0
A_k4_2od_x0.8,A,init,3,7,23,23,33,4.0
A_k4_2od_x0.8,A,init,3,8,22,22,32,4.0
A_k4_2od_x0.8,A,init,3,9,22,22,34,4.0
A_k4_2od_x0.8,A,init,3,10,23,23,34,4.0
A_k4_2od_x0.8,A,init,3,11,23,23,30,4.0
A_k4_2od_x0.8,A,init,3,12,23,23,34,4.0
A_k4_2od_x0.8,A,init,3,13,22,22,34,4.0
A_k4_2od_x0.8,A,init,3,14,23,23,36,4.0
A_k4_2od_x0.8,A,init,3,15,23,23,32,4.0
A_k4_2od_x0.8,A,init,4,1,24,18,22,1.5833333333333333
A_k4_2od_x0.8,A,init,4,2,23,23,34,4.0
A_k4_2od_x0.8,A,init,4,3,23,23,36,4.0
A_k4_2od_x0.8,A,init,4,4,23,23,35,4.0
A_k4_2od_x0.8,A,init,4,5,23,23,34,4.0
A_k4_2od_x0.8,A,init,4,6,23,23,31,4.0
A_k4_2od_x0.8,A,init,4,7,22,22,33,4.0
A_k4_2od_x0.8,A,init,4,8,23,23,33,4.0
A_k4_2od_x0.8,A,init,4,9,22,21,26,4.0
A_k4_2od_x0.8,A,init,4,10,23,22,36,4.0
A_k4_2od_x0.8,A,init,4,11,21,21,31,4.0
A_k4_2od_x0.8,A,init,4,12,23,23,35,4.0
A_k4_2od_x0.8,A,init,4,13,23,23,33,4.0
A_k4_2od_x0.8,A,init,4,14,23,23,32,4.0
A_k4_2od_x0.8,A,init,4,15,23,23,32,4.0
A_k4_2od_x0.8,A,init,5,1,24,19,25,1.875
A_k4_2od_x0.8,A,init,5,2,23,23,34,4.0
A_k4_2od_x0.8,A,init,5,3,23,23,33,4.0
A_k4_2od_x0.8,A,init,5,4,23,23,32,4.0
A_k4_2od_x0.8,A,init,5,5,23,23,37,4.0
A_k4_2od_x0.8,A,init,5,6,22,22,34,4.0
A_k4_2od_x0.8,A,init,5,7,23,23,32,4.0
A_k4_2od_x0.8,A,init,5,8,23,23,27,4.0
A_k4_2od_x0.8,A,init,5,9,23,23,29,4.0
A_k4_2od_x0.8,A,init,5,10,23,23,31,4.0
A_k4_2od_x0.8,A,init,5,11,23,22,33,4.0
A_k4_2od_x0.8,A,init,5,12,23,23,35,4.0
A_k4_2od_x0.8,A,init,5,13,23,23,33,4.0
A_k4_2od_x0.8,A,init,5,14,23,23,34,4.0
A_k4_2od_x0.8,A,init,5,15,23,23,33,4.0
A_k4_2od_x0.8,A,init,6,1,24,20,27,2.2083333333333335
A_k4_2od_x0.8,A,init,6,2,23,23,34,4.0
A_k4_2od_x0.8,A,init,6,3,23,23,34,4.0
A_k4_2od_x0.8,A,init,6,4,23,23,32,4.0
A_k4_2od_x0.8,A,init,6,5,22,22,32,4.0
A_k4_2od_x0.8,A,init,6,6,23,23,31,4.0
A_k4_2od_x0.8,A,init,6,7,23,23,33,4.0
A_k4_2od_x0.8,A,init,6,8,23,23,34,4.0
A_k4_2od_x0.8,A,init,6,9,23,23,34,4.0
A_k4_2od_x0.8,A,init,6,10,23,23,31,4.0
A_k4_2od_x0.8,A,init,6,11,23,23,33,4.0
A_k4_2od_x0.8,A,init,6,12,23,23,30,4.0
A_k4_2od_x0.8,A,init,6,13,22,22,33,4.0
A_k4_2od_x0.8,A,init,6,14,22,22,31,4.0
A_k4_2od_x0.8,A,init,6,15,22,22,31,4.0
A_k4_2od_x0.8,A,init,7,1,24,15,23,1.625
A_k4_2od_x0.8,A,init,7,2,23,23,35,4.0
A_k4_2od_x0.8,A,init,7,3,23,23,32,4.0
A_k4_2od_x0.8,A,init,7,4,23,23,35,4.0
A_k4_2od_x0.8,A,init,7,5,23,23,33,4.0
A_k4_2od_x0.8,A,init,7,6,23,23,37,4.0
A_k4_2od_x0.8,A,init,7,7,22,22,33,4.0
A_k4_2od_x0.8,A,init,7,8,23,23,33,4.0
A_k4_2od_x0.8,A,init,7,9,23,23,32,4.0
A_k4_2od_x0.8,A,init,7,10,23,23,32,4.0
A_k4_2od_x0.8,A,init,7,11,23,23,35,4.0
A_k4_2od_x0.8,A,init,7,12,23,23,37,4.0
A_k4_2od_x0.8,A,init,7,13,23,23,29,4.0
A_k4_2od_x0.8,A,init,7,14,23,23,35,4.0
A_k4_2od_x0.8,A,init,7,15,23,23,36,4.0
A_k4_2od_x0.8,A,init,8,1,24,20,26,1.875
A_k4_2od_x0.8,A,init,8,2,23,23,34,4.0
A_k4_2od_x0.8,A,init,8,3,23,23,35,4.0
A_k4_2od_x0.8,A,init,8,4,23,23,33,4.0
A_k4_2od_x0.8,A,init,8,5,23,23,33,4.0
A_k4_2od_x0.8,A,init,8,6,22,22,33,4.0
A_k4_2od_x0.8,A,init,8,7,23,23,32,4.0
A_k4_2od_x0.8,A,init,8,8,23,23,33,4.0
A_k4_2od_x0.8,A,init,8,9,23,23,34,4.0
A_k4_2od_x0.8,A,init,8,10,23,23,31,4.0
A_k4_2od_x0.8,A,init,8,11,22,22,31,4.0
A_k4_2od_x0.8,A,init,8,12,23,23,36,4.0
A_k4_2od_x0.8,A,init,8,13,22,22,35,4.0
A_k4_2od_x0.8,A,init,8,14,23,23,33,4.0
A_k4_2od_x0.8,A,init,8,15,22,22,33,4.0
A_k4_2od_x0.8,A,init,9,1,24,20,26,2.0416666666666665
A_k4_2od_x0.8,A,init,9,2,23,23,38,4.0
A_k4_2od_x0.8,A,init,9,3,23,23,34,4.0
A_k4_2od_x0.8,A,init,9,4,23,23,33,4.0
A_k4_2od_x0.8,A,init,9,5,23,23,34,4.0
A_k4_2od_x0.8,A,init,9,6,23,23,32,4.0
A_k4_2od_x0.8,A,init,9,7,23,23,32,4.0
A_k4_2od_x0.8,A,init,9,8,22,22,32,4.0
A_k4_2od_x0.8,A,init,9,9,23,23,34,4.0
A_k4_2od_x0.8,A,init,9,10,23,23,32,4.0
A_k4_2od_x0.8,A,init,9,11,23,23,32,4.0
A_k4_2od_x0.8,A,init,9,12,22,22,36,4.0
A_k4_2od_x0.8,A,init,9,13,23,23,34,4.0
A_k4_2od_x0.8,A,init,9,14,23,23,35,4.0
A_k4_2od_x0.8,A,init,9,15,22,22,32,4.0
A_k4_2od_x0.8,A,mutation,0,1,24,20,23,1.8333333333333333
A_k4_2od_x0.8,A,mutation,0,2,23,23,28,4.0
A_k4_2od_x0.8,A,mutation,0,3,22,22,30,4.0
A_k4_2od_x0.8,A,mutation,0,4,23,23,29,4.0
A_k4_2od_x0.8,A,mutation,0,5,22,22,30,4.0
A_k4_2od_x0.8,A,mutation,0,6,23,23,31,4.0
A_k4_2od_x0.8,A,mutation,0,7,23,23,28,4.0
A_k4_2od_x0.8,A,mutation,0,8,21,21,25,4.0
A_k4_2od_x0.8,A,mutation,0,9,23,23,25,4.0
A_k4_2od_x0.8,A,mutation,0,10,20,20,29,4.0
A_k4_2od_x0.8,A,mutation,0,11,21,21,25,4.0
A_k4_2od_x0.8,A,mutation,0,12,23,23,27,4.0
A_k4_2od_x0.8,A,mutation,0,13,23,23,31,4.0
A_k4_2od_x0.8,A,mutation,0,14,22,22,25,4.0
A_k4_2od_x0.8,A,mutation,0,15,23,23,31,4.0
A_k4_2od_x0.8,A,mutation,1,1,24,22,28,1.9166666666666667
A_k4_2od_x0.8,A,mutation,1,2,23,23,29,4.0
A_k4_2od_x0.8,A,mutation,1,3,23,23,30,4.0
A_k4_2od_x0.8,A,mutation,1,4,22,22,28,4.0
A_k4_2od_x0.8,A,mutation,1,5,22,22,26,4.0
A_k4_2od_x0.8,A,mutation,1,6,22,22,29,4.0
A_k4_2od_x0.8,A,mutation,1,7,23,23,31,4.0
A_k4_2od_x0.8,A,mutation,1,8,23,23,27,4.0
A_k4_2od_x0.8,A,mutation,1,9,22,22,29,4.0
A_k4_2od_x0.8,A,mutation,1,10,21,21,26,4.0
A_k4_2od_x0.8,A,mutation,1,11,23,23,28,4.0
A_k4_2od_x0.8,A,mutation,1,12,23,23,29,4.0
A_k4_2od_x0.8,A,mutation,1,13,23,23,31,4.0
A_k4_2od_x0.8,A,mutation,1,14,23,23,27,4.0
A_k4_2od_x0.8,A,mutation,1,15,22,22,32,4.0
A_k4_2od_x0.8,A,mutation,2,1,24,22,29,1.75
A_k4_2od_x0.8,A,mutation,2,2,23,23,28,4.0
A_k4_2od_x0.8,A,mutation,2,3,23,23,30,4.0
A_k4_2od_x0.8,A,mutation,2,4,22,22,29,4.0
A_k4_2od_x0.8,A,mutation,2,5,23,23,27,4.0
A_k4_2od_x0.8,A,mutation,2,6,21,21,29,4.0
A_k4_2od_x0.8,A,mutation,2,7,22,22,27,4.0
A_k4_2od_x0.8,A,mutation,2,8,22,22,26,4.0
A_k4_2od_x0.8,A,mutation,2,9,23,22,26,4.0
A_k4_2od_x0.8,A,mutation,2,10,22,22,33,4.0
A_k4_2od_x0.8,A,mutation,2,11,22,22,28,4.0
A_k4_2od_x0.8,A,mutation,2,12,21,21,28,4.0
A_k4_2od_x0.8,A,mutation,2,13,21,21,29,4.0
A_k4_2od_x0.8,A,mutation,2,14,21,21,30,4.0
A_k4_2od_x0.8,A,mutation,2,15,22,22,28,4.0
A_k4_2od_x0.8,A,mutation,3,1,24,23,27,1.9583333333333333
A_k4_2od_x0.8,A,mutation,3,2,23,23,32,4.0
A_k4_2od_x0.8,A,mutation,3,3,23,23,30,4.0
A_k4_2od_x0.8,A,mutation,3,4,23,23,33,4.0
A_k4_2od_x0.8,A,mutation,3,5,22,22,27,4.0
A_k4_2od_x0.8,A,mutation,3,6,23,23,27,4.0
A_k4_2od_x0.8,A,mutation,3,7,22,22,28,4.0
A_k4_2od_x0.8,A,mutation,3,8,23,23,24,4.0
A_k4_2od_x0.8,A,mutation,3,9,21,21,31,4.0
A_k4_2od_x0.8,A,mutation,3,10,21,21,30,4.0
A_k4_2od_x0.8,A,mutation,3,11,22,22,27,4.0
A_k4_2od_x0.8,A,mutation,3,12,23,22,30,4.0
A_k4_2od_x0.8,A,mutation,3,13,21,21,27,4.0
A_k4_2od_x0.8,A,mutation,3,14,19,19,26,4.0
A_k4_2od_x0.8,A,mutation,3,15,23,23,30,4.0
A_k4_2od_x0.8,A,mutation,4,1,24,24,30,2.2083333333333335
A_k4_2od_x0.8,A,mutation,4,2,23,23,30,4.0
A_k4_2od_x0.8,A,mutation,4,3,23,23,29,4.0
A_k4_2od_x0.8,A,mutation,4,4,22,22,25,4.0
A_k4_2od_x0.8,A,mutation,4,5,23,23,28,4.0
A_k4_2od_x0.8,A,mutation,4,6,23,23,33,4.0
A_k4_2od_x0.8,A,mutation,4,7,22,22,28,4.0
A_k4_2od_x0.8,A,mutation,4,8,23,23,27,4.0
A_k4_2od_x0.8,A,mutation,4,9,23,23,33,4.0
A_k4_2od_x0.8,A,mutation,4,10,22,22,28,4.0
A_k4_2od_x0.8,A,mutation,4,11,23,23,27,4.0
A_k4_2od_x0.8,A,mutation,4,12,22,22,27,4.0
A_k4_2od_x0.8,A,mutation,4,13,22,22,30,4.0
A_k4_2od_x0.8,A,mutation,4,14,23,22,31,4.0
A_k4_2od_x0.8,A,mutation,4,15,20,20,28,4.0
A_k4_2od_x0.8,A,mutation,5,1,24,22,27,2.375
A_k4_2od_x0.8,A,mutation,5,2,23,23,32,4.0
A_k4_2od_x0.8,A,mutation,5,3,22,22,27,4.0
A_k4_2od_x0.8,A,mutation,5,4,23,23,32,4.0
A_k4_2od_x0.8,A,mutation,5,5,23,23,29,4.0
A_k4_2od_x0.8,A,mutation,5,6,23,23,27,4.0
A_k4_2od_x0.8,A,mutation,5,7,23,23,26,4.0
A_k4_2od_x0.8,A,mutation,5,8,23,23,28,4.0
A_k4_2od_x0.8,A,mutation,5,9,23,22,29,4.0
A_k4_2od_x0.8,A,mutation,5,10,23,23,28,4.0
A_k4_2od_x0.8,A,mutation,5,11,21,21,28,4.0
A_k4_2od_x0.8,A,mutation,5,12,23,23,29,4.0
A_k4_2od_x0.8,A,mutation,5,13,23,23,29,4.0
A_k4_2od_x0.8,A,mutation,5,14,21,21,27,4.0
A_k4_2od_x0.8,A,mutation,5,15,23,23,28,4.0
A_k4_2od_x0.8,A,mutation,6,1,24,21,27,1.9583333333333333
A_k4_2od_x0.8,A,mutation,6,2,23,23,31,4.0
A_k4_2od_x0.8,A,mutation,6,3,23,23,29,4.0
A_k4_2od_x0.8,A,mutation,6,4,23,23,31,4.0
A_k4_2od_x0.8,A,mutation,6,5,23,23,28,4.0
A_k4_2od_x0.8,A,mutation,6,6,22,22,30,4.0
A_k4_2od_x0.8,A,mutation,6,7,22,22,31,4.0
A_k4_2od_x0.8,A,mutation,6,8,23,23,25,4.0
A_k4_2od_x0.8,A,mutation,6,9,22,22,26,4.0
A_k4_2od_x0.8,A,mutation,6,10,23,23,31,4.0
A_k4_2od_x0.8,A,mutation,6,11,23,23,28,4.0
A_k4_2od_x0.8,A,mutation,6,12,23,23,29,4.0
A_k4_2od_x0.8,A,mutation,6,13,22,22,28,4.0
A_k4_2od_x0.8,A,mutation,6,14,21,21,28,4.0
A_k4_2od_x0.8,A,mutation,6,15,22,22,28,4.0
A_k4_2od_x0.8,A,mutation,7,1,24,24,33,2.2916666666666665
A_k4_2od_x0.8,A,mutation,7,2,23,23,33,4.0
A_k4_2od_x0.8,A,mutation,7,3,22,22,26,4.0
A_k4_2od_x0.8,A,mutation,7,4,22,22,28,4.0
A_k4_2od_x0.8,A,mutation,7,5,23,23,32,4.0
A_k4_2od_x0.8,A,mutation,7,6,22,22,29,4.0
A_k4_2od_x0.8,A,mutation,7,7,22,22,30,4.0
A_k4_2od_x0.8,A,mutation,7,8,21,21,26,4.0
A_k4_2od_x0.8,A,mutation,7,9,22,21,29,4.0
A_k4_2od_x0.8,A,mutation,7,10,20,20,24,4.0
A_k4_2od_x0.8,A,mutation,7,11,23,23,30,4.0
A_k4_2od_x0.8,A,mutation,7,12,20,20,29,4.0
A_k4_2od_x0.8,A,mutation,7,13,21,21,28,4.0
A_k4_2od_x0.8,A,mutation,7,14,22,22,31,4.0
A_k4_2od_x0.8,A,mutation,7,15,23,23,27,4.0
A_k4_2od_x0.8,A,mutation,8,1,24,18,19,1.4166666666666667
A_k4_2od_x0.8,A,mutation,8,2,23,23,27,4.0
A_k4_2od_x0.8,A,mutation,8,3,23,23,29,4.0
A_k4_2od_x0.8,A,mutation,8,4,22,22,27,4.0
A_k4_2od_x0.8,A,mutation,8,5,23,23,27,4.0
A_k4_2od_x0.8,A,mutation,8,6,23,23,30,4.0
A_k4_2od_x0.8,A,mutation,8,7,23,23,31,4.0
A_k4_2od_x0.8,A,mutation,8,8,23,23,26,4.0
A_k4_2od_x0.8,A,mutation,8,9,22,22,29,4.0
A_k4_2od_x0.8,A,mutation,8,10,23,23,33,4.0
A_k4_2od_x0.8,A,mutation,8,11,21,21,27,4.0
A_k4_2od_x0.8,A,mutation,8,12,21,21,27,4.0
A_k4_2od_x0.8,A,mutation,8,13,20,20,30,4.0
A_k4_2od_x0.8,A,mutation,8,14,22,22,28,4.0
A_k4_2od_x0.8,A,mutation,8,15,22,22,25,4.0
A_k4_2od_x0.8,A,mutation,9,1,24,23,29,2.25
A_k4_2od_x0.8,A,mutation,9,2,23,23,29,4.0
A_k4_2od_x0.8,A,mutation,9,3,23,23,32,4.0
A_k4_2od_x0.8,A,mutation,9,4,23,23,25,4.0
A_k4_2od_x0.8,A,mutation,9,5,23,23,26,4.0
A_k4_2od_x0.8,A,mutation,9,6,23,23,29,4.0
A_k4_2od_x0.8,A,mutation,9,7,22,22,24,4.0
A_k4_2od_x0.8,A,mutation,9,8,23,23,28,4.0
A_k4_2od_x0.8,A,mutation,9,9,23,23,29,4.0
A_k4_2od_x0.8,A,mutation,9,10,22,22,30,4.0
A_k4_2od_x0.8,A,mutation,9,11,23,23,27,4.0
A_k4_2od_x0.8,A,mutation,9,12,23,23,33,4.0
A_k4_2od_x0.8,A,mutation,9,13,22,22,30,4.0
A_k4_2od_x0.8,A,mutation,9,14,22,22,29,4.0
A_k4_2od_x0.8,A,mutation,9,15,23,23,29,4.0
A_k4_2od_x0.8,A,none,0,1,24,20,23,1.8333333333333333
A_k4_2od_x0.8,A,none,0,2,23,23,34,4.0
A_k4_2od_x0.8,A,none,0,3,23,23,30,4.0
A_k4_2od_x0.8,A,none,0,4,23,23,33,4.0
A_k4_2od_x0.8,A,none,0,5,23,23,35,4.0
A_k4_2od_x0.8,A,none,0,6,22,22,29,4.0
A_k4_2od_x0.8,A,none,0,7,23,23,31,4.0
A_k4_2od_x0.8,A,none,0,8,23,22,34,4.0
A_k4_2od_x0.8,A,none,0,9,22,22,35,4.0
A_k4_2od_x0.8,A,none,0,10,23,23,31,4.0
A_k4_2od_x0.8,A,none,0,11,22,22,35,4.0
A_k4_2od_x0.8,A,none,0,12,23,23,34,4.0
A_k4_2od_x0.8,A,none,0,13,23,23,30,4.0
A_k4_2od_x0.8,A,none,0,14,23,23,32,4.0
A_k4_2od_x0.8,A,none,0,15,22,22,30,4.0
A_k4_2od_x0.8,A,none,1,1,24,22,28,1.9166666666666667
A_k4_2od_x0.8,A,none,1,2,23,23,35,4.0
A_k4_2od_x0.8,A,none,1,3,23,23,35,4.0
A_k4_2od_x0.8,A,none,1,4,23,23,35,4.0
A_k4_2od_x0.8,A,none,1,5,23,23,35,4.0
A_k4_2od_x0.8,A,none,1,6,23,23,35,4.0
A_k4_2od_x0.8,A,none,1,7,23,23,37,4.0
A_k4_2od_x0.8,A,none,1,8,23,23,33,4.0
A_k4_2od_x0.8,A,none,1,9,23,23,30,4.0
A_k4_2od_x0.8,A,none,1,10,23,23,31,4.0
A_k4_2od_x0.8,A,none,1,11,23,23,33,4.0
A_k4_2od_x0.8,A,none,1,12,23,23,35,4.0
A_k4_2od_x0.8,A,none,1,13,23,23,35,4.0
A_k4_2od_x0.8,A,none,1,14,22,22,34,4.0
A_k4_2od_x0.8,A,none,1,15,23,23,33,4.0
A_k4_2od_x0.8,A,none,2,1,24,22,29,1.75
A_k4_2od_x0.8,A,none,2,2,23,23,37,4.0
A_k4_2od_x0.8,A,none,2,3,23,23,34,4.0
A_k4_2od_x0.8,A,none,2,4,22,22,35,4.0
A_k4_2od_x0.8,A,none,2,5,23,23,32,4.0
A_k4_2od_x0.8,A,none,2,6,23,23,34,4.0
A_k4_2od_x0.8,A,none,2,7,23,23,32,4.0
A_k4_2od_x0.8,A,none,2,8,21,21,31,4.0
A_k4_2od_x0.8,A,none,2,9,22,21,29,4.0
A_k4_2od_x0.8,A,none,2,10,22,22,31,4.0
A_k4_2od_x0.8,A,none,2,11,23,23,35,4.0
A_k4_2od_x0.8,A,none,2,12,23,23,33,4.0
A_k4_2od_x0.8,A,none,2,13,23,23,33,4.0
A_k4_2od_x0.8,A,none,2,14,22,22,33,4.0
A_k4_2od_x0.8,A,none,2,15,23,23,32,4.0
A_k4_2od_x0.8,A,none,3,1,24,23,27,1.9583333333333333
A_k4_2od_x0.8,A,none,3,2,23,23,34,4.0
A_k4_2od_x0.8,A,none,3,3,23,23,33,4.0
A_k4_2od_x0.8,A,none,3,4,23,23,34,4.0
A_k4_2od_x0.8,A,none,3,5,23,23,33,4.0
A_k4_2od_x0.8,A,none,3,6,23,23,32,4.0
A_k4_2od_x0.8,A,none,3,7,23,23,34,4.0
A_k4_2od_x0.8,A,none,3,8,22,22,33,4.0
A_k4_2od_x0.8,A,none,3,9,23,23,37,4.0
A_k4_2od_x0.8,A,none,3,10,22,22,35,4.0
A_k4_2od_x0.8,A,none,3,11,23,23,33,4.0
A_k4_2od_x0.8,A,none,3,12,23,23,36,4.0
A_k4_2od_x0.8,A,none,3,13,22,22,34,4.0
A_k4_2od_x0.8,A,none,3,14,23,23,32,4.0
A_k4_2od_x0.8,A,none,3,15,22,22,34,4.0
A_k4_2od_x0.8,A,none,4,1,24,24,30,2.2083333333333335
A_k4_2od_x0.8,A,none,4,2,23,23,33,4.0
A_k4_2od_x0.8,A,none,4,3,23,23,34,4.0
A_k4_2od_x0.8,A,none,4,4,23,23,33,4.0
A_k4_2od_x0.8,A,none,4,5,22,22,33,4.0
A_k4_2od_x0.8,A,none,4,6,23,23,36,4.0
A_k4_2od_x0.8,A,none,4,7,23,23,30,4.0
A_k4_2od_x0.8,A,none,4,8,22,22,33,4.0
A_k4_2od_x0.8,A,none,4,9,22,22,32,4.0
A_k4_2od_x0.8,A,none,4,10,23,23,35,4.0
A_k4_2od_x0.8,A,none,4,11,23,23,32,4.0
A_k4_2od_x0.8,A,none,4,12,22,22,31,4.0
A_k4_2od_x0.8,A,none,4,13,23,23,34,4.0
A_k4_2od_x0.8,A,none,4,14,22,22,32,4.0
A_k4_2od_x0.8,A,none,4,15,22,22,33,4.0
A_k4_2od_x0.8,A,none,5,1,24,22,27,2.375
A_k4_2od_x0.8,A,none,5,2,23,23,37,4.0
A_k4_2od_x0.8,A,none,5,3,23,23,33,4.0
A_k4_2od_x0.8,A,none,5,4,22,22,35,4.0
A_k4_2od_x0.8,A,none,5,5,23,23,33,4.0
A_k4_2od_x0.8,A,none,5,6,23,23,32,4.0
A_k4_2od_x0.8,A,none,5,7,23,23,34,4.0
A_k4_2od_x0.8,A,none,5,8,22,22,34,4.0
A_k4_2od_x0.8,A,none,5,9,22,22,33,4.0
A_k4_2od_x0.8,A,none,5,10,22,22,33,4.0
A_k4_2od_x0.8,A,none,5,11,23,23,35,4.0
A_k4_2od_x0.8,A,none,5,12,22,22,35,4.0
A_k4_2od_x0.8,A,none,5,13,22,22,33,4.0
A_k4_2od_x0.8,A,none,5,14,22,22,31,4.0
A_k4_2od_x0.8,A,none,5,15,22,22,31,4.0
A_k4_2od_x0.8,A,none,6,1,24,21,27,1.9583333333333333
A_k4_2od_x0.8,A,none,6,2,23,23,34,4.0
A_k4_2od_x0.8,A,none,6,3,23,23,33,4.0
A_k4_2od_x0.8,A,none,6,4,23,23,34,4.0
A_k4_2od_x0.8,A,none,6,5,23,23,34,4.0
A_k4_2od_x0.8,A,none,6,6,23,23,33,4.0
A_k4_2od_x0.8,A,none,6,7,23,23,33,4.0
A_k4_2od_x0.8,A,none,6,8,23,23,33,4.0
A_k4_2od_x0.8,A,none,6,9,23,23,35,4.0
A_k4_2od_x0.8,A,none,6,10,22,22,29,4.0
A_k4_2od_x0.8,A,none,6,11,23,23,36,4.0
A_k4_2od_x0.8,A,none,6,12,22,22,34,4.0
A_k4_2od_x0.8,A,none,6,13,23,23,31,4.0
A_k4_2od_x0.8,A,none,6,14,23,23,34,4.0
A_k4_2od_x0.8,A,none,6,15,23,23,34,4.0
A_k4_2od_x0.8,A,none,7,1,24,24,33,2.2916666666666665
A_k4_2od_x0.8,A,none,7,2,23,23,34,4.0
A_k4_2od_x0.8,A,none,7,3,23,23,36,4.0
A_k4_2od_x0.8,A,none,7,4,23,23,35,4.0
A_k4_2od_x0.8,A,none,7,5,23,23,32,4.0
A_k4_2od_x0.8,A,none,7,6,22,22,34,4.0
A_k4_2od_x0.8,A,none,7,7,23,23,34,4.0
A_k4_2od_x0.8,A,none,7,8,23,23,34,4.0
A_k4_2od_x0.8,A,none,7,9,23,23,33,4.0
A_k4_2od_x0.8,A,none,7,10,23,23,31,4.0
A_k4_2od_x0.8,A,none,7,11,23,23,30,4.0
A_k4_2od_x0.8,A,none,7,12,23,23,35,4.0
A_k4_2od_x0.8,A,none,7,13,23,23,35,4.0
A_k4_2od_x0.8,A,none,7,14,23,23,34,4.0
A_k4_2od_x0.8,A,none,7,15,23,23,32,4.0
A_k4_2od_x0.8,A,none,8,1,24,18,19,1.4166666666666667
A_k4_2od_x0.8,A,none,8,2,23,23,36,4.0
A_k4_2od_x0.8,A,none,8,3,23,23,34,4.0
A_k4_2od_x0.8,A,none,8,4,23,23,31,4.0
A_k4_2od_x0.8,A,none,8,5,23,23,34,4.0
A_k4_2od_x0.8,A,none,8,6,23,23,33,4.0
A_k4_2od_x0.8,A,none,8,7,23,23,35,4.0
A_k4_2od_x0.8,A,none,8,8,23,23,34,4.0
A_k4_2od_x0.8,A,none,8,9,23,23,31,4.0
A_k4_2od_x0.8,A,none,8,10,23,23,35,4.0
A_k4_2od_x0.8,A,none,8,11,23,23,33,4.0
A_k4_2od_x0.8,A,none,8,12,22,22,33,4.0
A_k4_2od_x0.8,A,none,8,13,22,22,34,4.0
A_k4_2od_x0.8,A,none,8,14,22,22,35,4.0
A_k4_2od_x0.8,A,none,8,15,22,22,33,4.0
A_k4_2od_x0.8,A,none,9,1,24,23,29,2.25
A_k4_2od_x0.8,A,none,9,2,23,23,31,4.0
A_k4_2od_x0.8,A,none,9,3,23,23,31,4.0
A_k4_2od_x0.8,A,none,9,4,23,23,35,4.0
A_k4_2od_x0.8,A,none,9,5,22,22,35,4.0
A_k4_2od_x0.8,A,none,9,6,23,23,33,4.0
A_k4_2od_x0.8,A,none,9,7,23,23,35,4.0
A_k4_2od_x0.8,A,none,9,8,23,23,36,4.0
A_k4_2od_x0.8,A,none,9,9,23,23,35,4.0
A_k4_2od_x0.8,A,none,9,10,23,23,32,4.0
A_k4_2od_x0.8,A,none,9,11,23,23,30,4.0
A_k4_2od_x0.8,A,none,9,12,23,23,35,4.0
A_k4_2od_x0.8,A,none,9,13,23,23,35,4.0
A_k4_2od_x0.8,A,none,9,14,23,23,31,4.0
A_k4_2od_x0.8,A,none,9,15,21,21,31,4.0
A_k4_2od_x1.0,A,both,0,1,24,22,25,2.2916666666666665
A_k4_2od_x1.0,A,both,0,2,23,23,27,4.0
A_k4_2od_x1.0,A,both,0,3,22,22,27,4.0
A_k4_2od_x1.0,A,both,0,4,23,23,28,4.0
A_k4_2od_x1.0,A,both,0,5,23,23,29,4.0
A_k4_2od_x1.0,A,both,0,6,23,22,28,4.0
A_k4_2od_x1.0,A,both,0,7,23,23,31,4.0
A_k4_2od_x1.0,A,both,0,8,23,23,28,4.0
A_k4_2od_x1.0,A,both,0,9,23,23,26,4.0
A_k4_2od_x1.0,A,both,0,10,20,20,26,4.0
A_k4_2od_x1.0,A,both,0,11,23,23,29,4.0
A_k4_2od_x1.0,A,both,0,12,22,22,26,4.0
A_k4_2od_x1.0,A,both,0,13,23,22,29,4.0
A_k4_2od_x1.0,A,both,0,14,22,22,27,4.0
A_k4_2od_x1.0,A,both,0,15,22,22,27,4.0
A_k4_2od_x1.0,A,both,1,1,24,18,21,1.875
A_k4_2od_x1.0,A,both,1,2,23,23,27,4.0
A_k4_2od_x1.0,A,both,1,3,23,23,26,4.0
A_k4_2od_x1.0,A,both,1,4,23,23,30,4.0
A_k4_2od_x1.0,A,both,1,5,23,23,30,4.0
A_k4_2od_x1.0,A,both,1,6,22,22,29,4.0
A_k4_2od_x1.0,A,both,1,7,23,23,31,4.0
A_k4_2od_x1.0,A,both,1,8,21,21,29,4.0
A_k4_2od_x1.0,A,both,1,9,21,21,28,4.0
A_k4_2od_x1.0,A,both,1,10,23,23,30,4.0
A_k4_2od_x1.0,A,both,1,11,23,23,33,4.0
A_k4_2od_x1.0,A,both,1,12,23,23,30,4.0
A_k4_2od_x1.0,A,both,1,13,22,22,28,4.0
A_k4_2od_x1.0,A,both,1,14,22,21,29,4.0
A_k4_2od_x1.0,A,both,1,15,21,21,27,4.0
A_k4_2od_x1.0,A,both,2,1,24,19,24,2.0
A_k4_2od_x1.0,A,both,2,2,23,23,26,4.0
A_k4_2od_x1.0,A,both,2,3,22,22,27,4.0
A_k4_2od_x1.0,A,both,2,4,23,23,28,4.0
A_k4_2od_x1.0,A,both,2,5,23,23,30,4.0
A_k4_2od_x1.0,A,both,2,6,23,23,29,4.0
A_k4_2od_x1.0,A,both,2,7,23,23,29,4.0
A_k4_2od_x1.0,A,both,2,8,22,22,30,4.0
A_k4_2od_x1.0,A,both,2,9,23,23,28,4.0
A_k4_2od_x1.0,A,both,2,10,23,22,26,4.0
A_k4_2od_x1.0,A,both,2,11,23,23,29,4.0
A_k4_2od_x1.0,A,both,2,12,23,23,29,4.0
A_k4_2od_x1.0,A,both,2,13,23,23,29,4.0
A_k4_2od_x1.0,A,both,2,14,23,23,31,4.0
A_k4_2od_x1.0,A,both,2,15,23,23,28,4.0
A_k4_2od_x1.0,A,both,3,1,24,21,25,2.4166666666666665
A_k4_2od_x1.0,A,both,3,2,23,23,28,4.0
A_k4_2od_x1.0,A,both,3,3,23,23,29,4.0
A_k4_2od_x1.0,A,both,3,4,23,23,27,4.0
A_k4_2od_x1.0,A,both,3,5,23,23,29,4.0
A_k4_2od_x1.0,A,both,3,6,23,23,32,4.0
A_k4_2od_x1.0,A,both,3,7,21,21,26,4.0
A_k4_2od_x1.0,A,both,3,8,23,23,26,4.0
A_k4_2od_x1.0,A,both,3,9,21,21,30,4.0
A_k4_2od_x1.0,A,both,3,10,22,22,29,4.0
A_k4_2od_x1.0,A,both,3,11,22,21,29,4.0
A_k4_2od_x1.0,A,both,3,12,22,21,28,4.0
A_k4_2od_x1.0,A,both,3,13,22,22,28,4.0
A_k4_2od_x1.0,A,both,3,14,22,22,30,4.0
A_k4_2od_x1.0,A,both,3,15,23,23,29,4.0
A_k4_2od_x1.0,A,both,4,1,24,18,21,1.5833333333333333
A_k4_2od_x1.0,A,both,4,2,23,23,33,4.0
A_k4_2od_x1.0,A,both,4,3,22,22,33,4.0
A_k4_2od_x1.0,A,both,4,4,23,23,27,4.0
A_k4_2od_x1.0,A,both,4,5,22,22,29,4.0
A_k4_2od_x1.0,A,both,4,6,23,23,27,4.0
A_k4_2od_x1.0,A,both,4,7,21,21,29,4.0
A_k4_2od_x1.0,A,both,4,8,23,23,30,4.0
A_k4_2od_x1.0,A,both,4,9,22,22,27,4.0
A_k4_2od_x1.0,A,both,4,10,23,23,29,4.0
A_k4_2od_x1.0,A,both,4,11,23,23,28,4.0
A_k4_2od_x1.0,A,both,4,12,22,22,29,4.0
A_k4_2od_x1.0,A,both,4,13,22,22,30,4.0
A_k4_2od_x1.0,A,both,4,14,22,22,30,4.0
A_k4_2od_x1.0,A,both,4,15,22,22,27,4.0
A_k4_2od_x1.0,A,both,5,1,24,19,24,1.875
A_k4_2od_x1.0,A,both,5,2,23,23,32,4.0
A_k4_2od_x1.0,A,both,5,3,23,23,27,4.0
A_k4_2od_x1.0,A,both,5,4,23,23,30,4.0
A_k4_2od_x1.0,A,both,5,5,22,22,28,4.0
A_k4_2od_x1.0,A,both,5,6,21,21,27,4.0
A_k4_2od_x1.0,A,both,5,7,23,23,29,4.0
A_k4_2od_x1.0,A,both,5,8,23,23,28,4.0
A_k4_2od_x1.0,A,both,5,9,23,23,30,4.0
A_k4_2od_x1.0,A,both,5,10,23,23,30,4.0
A_k4_2od_x1.0,A,both,5,11,22,22,29,4.0
A_k4_2od_x1.0,A,both,5,12,23,23,27,4.0
A_k4_2od_x1.0,A,both,5,13,21,21,24,4.0
A_k4_2od_x1.0,A,both,5,14,22,22,29,4.0
A_k4_2od_x1.0,A,both,5,15,20,20,28,4.0
A_k4_2od_x1.0,A,both,6,1,24,20,29,2.2083333333333335
A_k4_2od_x1.0,A,both,6,2,23,23,31,4.0
A_k4_2od_x1.0,A,both,6,3,23,23,29,4.0
A_k4_2od_x1.0,A,both,6,4,22,22,33,4.0
A_k4_2od_x1.0,A,both,6,5,23,23,26,4.0
A_k4_2od_x1.0,A,both,6,6,22,22,28,4.0
A_k4_2od_x1.0,A,both,6,7,23,23,29,4.0
A_k4_2od_x1.0,A,both,6,8,23,23,30,4.0
A_k4_2od_x1.0,A,both,6,9,22,22,30,4.0
A_k4_2od_x1.0,A,both,6,10,21,21,28,4.0
A_k4_2od_x1.0,A,both,6,11,23,23,29,4.0
A_k4_2od_x1.0,A,both,6,12,22,22,28,4.0
A_k4_2od_x1.0,A,both,6,13,23,23,26,4.0
A_k4_2od_x1.0,A,both,6,14,18,18,26,4.0
A_k4_2od_x1.0,A,both,6,15,22,22,30,4.0
A_k4_2od_x1.0,A,both,7,1,24,15,24,1.625
A_k4_2od_x1.0,A,both,7,2,23,23,29,4.0
A_k4_2od_x1.0,A,both,7,3,23,23,27,4.0
A_k4_2od_x1.0,A,both,7,4,23,23,28,4.0
A_k4_2od_x1.0,A,both,7,5,23,23,32,4.0
A_k4_2od_x1.0,A,both,7,6,23,23,28,4.0
A_k4_2od_x1.0,A,both,7,7,23,23,29,4.0
A_k4_2od_x1.0,A,both,7,8,23,23,27,4.0
A_k4_2od_x1.0,A,both,7,9,23,21,27,4.0
A_k4_2od_x1.0,A,both,7,10,21,21,24,4.0
A_k4_2od_x1.0,A,both,7,11,23,23,30,4.0
A_k4_2od_x1.0,A,both,7,12,23,23,26,4.0
A_k4_2od_x1.0,A,both,7,13,21,21,27,4.0
A_k4_2od_x1.0,A,both,7,14,21,21,29,4.0
A_k4_2od_x1.0,A,both,7,15,22,22,28,4.0
A_k4_2od_x1.0,A,both,8,1,24,20,20,1.875
A_k4_2od_x1.0,A,both,8,2,23,23,28,4.0
A_k4_2od_x1.0,A,both,8,3,23,23,26,4.0
A_k4_2od_x1.0,A,both,8,4,23,23,30,4.0
A_k4_2od_x1.0,A,both,8,5,22,22,29,4.0
A_k4_2od_x1.0,A,both,8,6,23,23,28,4.0
A_k4_2od_x1.0,A,both,8,7,23,23,29,4.0
A_k4_2od_x1.0,A,both,8,8,22,22,30,4.0
A_k4_2od_x1.0,A,both,8,9,21,21,28,4.0
A_k4_2od_x1.0,A,both,8,10,23,23,32,4.0
A_k4_2od_x1.0,A,both,8,11,21,21,29,4.0
A_k4_2od_x1.0,A,both,8,12,23,23,28,4.0
A_k4_2od_x1.0,A,both,8,13,22,22,32,4.0
A_k4_2od_x1.0,A,both,8,14,22,22,28,4.0
A_k4_2od_x1.0,A,both,8,15,20,20,29,4.0
A_k4_2od_x1.0,A,both,9,1,24,19,26,2.0416666666666665
A_k4_2od_x1.0,A,both,9,2,23,23,31,4.0
A_k4_2od_x1.0,A,both,9,3,23,23,30,4.0
A_k4_2od_x1.0,A,both,9,4,22,22,25,4.0
A_k4_2od_x1.0,A,both,9,5,23,23,30,4.0
A_k4_2od_x1.0,A,both,9,6,22,21,28,4.0
A_k4_2od_x1.0,A,both,9,7,22,22,28,4.0
A_k4_2od_x1.0,A,both,9,8,23,23,28,4.0
A_k4_2od_x1.0,A,both,9,9,21,21,26,4.0
A_k4_2od_x1.0,A,both,9,10,22,22,26,4.0
A_k4_2od_x1.0,A,both,9,11,23,23,27,4.0
A_k4_2od_x1.0,A,both,9,12,23,22,27,4.0
A_k4_2od_x1.0,A,both,9,13,23,23,30,4.0
A_k4_2od_x1.0,A,both,9,14,22,22,28,4.0
A_k4_2od_x1.0,A,both,9,15,23,23,30,4.0
A_k4_2od_x1.0,A,init,0,1,24,22,25,2.2916666666666665
A_k4_2od_x1.0,A,init,0,2,23,23,34,4.0
A_k4_2od_x1.0,A,init,0,3,23,23,32,4.0
A_k4_2od_x1.0,A,init,0,4,22,22,33,4.0
A_k4_2od_x1.0,A,init,0,5,23,23,32,4.0
A_k4_2od_x1.0,A,init,0,6,23,23,32,4.0
A_k4_2od_x1.0,A,init,0,7,23,23,33,4.0
A_k4_2od_x1.0,A,init,0,8,23,23,35,4.0
A_k4_2od_x1.0,A,init,0,9,23,23,32,4.0
A_k4_2od_x1.0,A,init,0,10,23,23,34,4.0
A_k4_2od_x1.0,A,init,0,11,23,23,32,4.0
A_k4_2od_x1.0,A,init,0,12,23,23,34,4.0
A_k4_2od_x1.0,A,init,0,13,23,23,35,4.0
A_k4_2od_x1.0,A,init,0,14,23,23,31,4.0
A_k4_2od_x1.0,A,init,0,15,23,23,31,4.0
A_k4_2od_x1.0,A,init,1,1,24,18,21,1.875
A_k4_2od_x1.0,A,init,1,2,23,23,31,4.0
A_k4_2od_x1.0,A,init,1,3,23,23,32,4.0
A_k4_2od_x1.0,A,init,1,4,23,23,35,4.0
A_k4_2od_x1.0,A,init,1,5,23,23,35,4.0
A_k4_2od_x1.0,A,init,1,6,23,23,35,4.0
A_k4_2od_x1.0,A,init,1,7,23,23,31,4.0
A_k4_2od_x1.0,A,init,1,8,23,23,31,4.0
A_k4_2od_x1.0,A,init,1,9,21,21,34,4.0
A_k4_2od_x1.0,A,init,1,10,23,23,33,4.0
A_k4_2od_x1.0,A,init,1,11,23,23,36,4.0
A_k4_2od_x1.0,A,init,1,12,23,23,31,4.0
A_k4_2od_x1.0,A,init,1,13,22,22,34,4.0
A_k4_2od_x1.0,A,init,1,14,22,22,28,4.0
A_k4_2od_x1.0,A,init,1,15,23,23,35,4.0
A_k4_2od_x1.0,A,init,2,1,24,19,24,2.0
A_k4_2od_x1.0,A,init,2,2,23,23,35,4.0
A_k4_2od_x1.0,A,init,2,3,23,23,33,4.0
A_k4_2od_x1.0,A,init,2,4,23,23,34,4.0
A_k4_2od_x1.0,A,init,2,5,23,23,32,4.0
A_k4_2od_x1.0,A,init,2,6,23,23,34,4.0
A_k4_2od_x1.0,A,init,2,7,23,23,33,4.0
A_k4_2od_x1.0,A,init,2,8,23,23,34,4.0
A_k4_2od_x1.0,A,init,2,9,23,23,31,4.0
A_k4_2od_x1.0,A,init,2,10,23,23,34,4.0
A_k4_2od_x1.0,A,init,2,11,23,23,36,4.0
A_k4_2od_x1.0,A,init,2,12,23,23,34,4.0
A_k4_2od_x1.0,A,init,2,13,23,23,35,4.0
A_k4_2od_x1.0,A,init,2,14,23,23,30,4.0
A_k4_2od_x1.0,A,init,2,15,22,22,31,4.0
A_k4_2od_x1.0,A,init,3,1,24,21,25,2.4166666666666665
A_k4_2od_x1.0,A,init,3,2,23,23,36,4.0
A_k4_2od_x1.0,A,init,3,3,22,22,29,4.0
A_k4_2od_x1.0,A,init,3,4,23,23,34,4.0
A_k4_2od_x1.0,A,init,3,5,22,22,32,4.0
A_k4_2od_x1.0,A,init,3,6,23,23,33,4.0
A_k4_2od_x1.0,A,init,3,7,23,23,34,4.0
A_k4_2od_x1.0,A,init,3,8,23,23,34,4.0
A_k4_2od_x1.0,A,init,3,9,23,23,36,4.0
A_k4_2od_x1.0,A,init,3,10,23,23,33,4.0
A_k4_2od_x1.0,A,init,3,11,22,22,32,4.0
A_k4_2od_x1.0,A,init,3,12,22,22,32,4.0
A_k4_2od_x1.0,A,init,3,13,23,23,35,4.0
A_k4_2od_x1.0,A,init,3,14,23,23,35,4.0
A_k4_2od_x1.0,A,init,3,15,23,23,31,4.0
A_k4_2od_x1.0,A,init,4,1,24,18,21,1.5833333333333333
A_k4_2od_x1.0,A,init,4,2,23,23,32,4.0
A_k4_2od_x1.0,A,init,4,3,23,23,34,4.0
A_k4_2od_x1.0,A,init,4,4,23,23,33,4.0
A_k4_2od_x1.0,A,init,4,5,23,23,34,4.0
A_k4_2od_x1.0,A,init,4,6,23,23,30,4.0
A_k4_2od_x1.0,A,init,4,7,23,23,32,4.0
A_k4_2od_x1.0,A,init,4,8,22,22,35,4.0
A_k4_2od_x1.0,A,init,4,9,22,22,31,4.0
A_k4_2od_x1.0,A,init,4,10,23,23,29,4.0
A_k4_2od_x1.0,A,init,4,11,21,21,31,4.0
A_k4_2od_x1.0,A,init,4,12,21,21,33,4.0
A_k4_2od_x1.0,A,init,4,13,23,23,32,4.0
A_k4_2od_x1.0,A,init,4,14,23,23,35,4.0
A_k4_2od_x1.0,A,init,4,15,23,23,31,4.0
A_k4_2od_x1.0,A,init,5,1,24,19,24,1.875
A_k4_2od_x1.0,A,init,5,2,23,23,32,4.0
A_k4_2od_x1.0,A,init,5,3,23,23,31,4.0
A_k4_2od_x1.0,A,init,5,4,23,23,34,4.0
A_k4_2od_x1.0,A,init,5,5,23,23,31,4.0
A_k4_2od_x1.0,A,init,5,6,22,22,35,4.0
A_k4_2od_x1.0,A,init,5,7,23,23,34,4.0
A_k4_2od_x1.0,A,init,5,8,22,22,33,4.0
A_k4_2od_x1.0,A,init,5,9,23,23,37,4.0
A_k4_2od_x1.0,A,init,5,10,23,23,35,4.0
A_k4_2od_x1.0,A,init,5,11,23,23,36,4.0
A_k4_2od_x1.0,A,init,5,12,23,23,32,4.0
A_k4_2od_x1.0,A,init,5,13,23,23,34,4.0
A_k4_2od_x1.0,A,init,5,14,23,23,35,4.0
A_k4_2od_x1.0,A,init,5,15,23,23,32,4.0
A_k4_2od_x1.0,A,init,6,1,24,20,29,2.2083333333333335
A_k4_2od_x1.0,A,init,6,2,23,23,36,4.0
A_k4_2od_x1.0,A,init,6,3,23,23,35,4.0
A_k4_2od_x1.0,A,init,6,4,23,23,33,4.0
A_k4_2od_x1.0,A,init,6,5,22,22,30,4.0
A_k4_2od_x1.0,A,init,6,6,23,23,33,4.0
A_k4_2od_x1.0,A,init,6,7,23,23,31,4.0
A_k4_2od_x1.0,A,init,6,8,23,23,35,4.0
A_k4_2od_x1.0,A,init,6,9,23,23,32,4.0
A_k4_2od_x1.0,A,init,6,10,22,22,31,4.0
A_k4_2od_x1.0,A,init,6,11,23,23,32,4.0
A_k4_2od_x1.0,A,init,6,12,23,23,32,4.0
A_k4_2od_x1.0,A,init,6,13,23,23,34,4.0
A_k4_2od_x1.0,A,init,6,14,23,23,35,4.0
A_k4_2od_x1.0,A,init,6,15,22,22,35,4.0
A_k4_2od_x1.0,A,init,7,1,24,15,24,1.625
A_k4_2od_x1.0,A,init,7,2,23,23,36,4.0
A_k4_2od_x1.0,A,init,7,3,23,23,33,4.0
A_k4_2od_x1.0,A,init,7,4,23,23,33,4.0
A_k4_2od_x1.0,A,init,7,5,23,23,31,4.0
A_k4_2od_x1.0,A,init,7,6,23,23,33,4.0
A_k4_2od_x1.0,A,init,7,7,23,23,34,4.0
A_k4_2od_x1.0,A,init,7,8,23,23,34,4.0
A_k4_2od_x1.0,A,init,7,9,22,22,31,4.0
A_k4_2od_x1.0,A,init,7,10,23,23,31,4.0
A_k4_2od_x1.0,A,init,7,11,21,21,30,4.0
A_k4_2od_x1.0,A,init,7,12,21,21,32,4.0
A_k4_2od_x1.0,A,init,7,13,22,22,33,4.0
A_k4_2od_x1.0,A,init,7,14,22,22,34,4.0
A_k4_2od_x1.0,A,init,7,15,22,22,31,4.0
A_k4_2od_x1.0,A,init,8,1,24,20,20,1.875
A_k4_2od_x1.0,A,init,8,2,23,23,33,4.0
A_k4_2od_x1.0,A,init,8,3,23,23,34,4.0
A_k4_2od_x1.0,A,init,8,4,22,22,32,4.0
A_k4_2od_x1.0,A,init,8,5,22,22,32,4.0
A_k4_2od_x1.0,A,init,8,6,23,23,35,4.0
A_k4_2od_x1.0,A,init,8,7,23,23,33,4.0
A_k4_2od_x1.0,A,init,8,8,23,23,33,4.0
A_k4_2od_x1.0,A,init,8,9,23,23,33,4.0
A_k4_2od_x1.0,A,init,8,10,23,23,33,4.0
A_k4_2od_x1.0,A,init,8,11,23,23,34,4.0
A_k4_2od_x1.0,A,init,8,12,23,23,30,4.0
A_k4_2od_x1.0,A,init,8,13,23,23,33,4.0
A_k4_2od_x1.0,A,init,8,14,22,22,32,4.0
A_k4_2od_x1.0,A,init,8,15,22,22,33,4.0
A_k4_2od_x1.0,A,init,9,1,24,19,26,2.0416666666666665
A_k4_2od_x1.0,A,init,9,2,23,23,36,4.0
A_k4_2od_x1.0,A,init,9,3,23,23,30,4.0
A_k4_2od_x1.0,A,init,9,4,23,23,33,4.0
A_k4_2od_x1.0,A,init,9,5,23,23,33,4.0
A_k4_2od_x1.0,A,init,9,6,23,23,32,4.0
A_k4_2od_x1.0,A,init,9,7,23,23,32,4.0
A_k4_2od_x1.0,A,init,9,8,23,23,32,4.0
A_k4_2od_x1.0,A,init,9,9,23,23,32,4.0
A_k4_2od_x1.0,A,init,9,10,23,23,34,4.0
A_k4_2od_x1.0,A,init,9,11,23,23,36,4.0
A_k4_2od_x1.0,A,init,9,12,23,23,37,4.0
A_k4_2od_x1.0,A,init,9,13,23,23,31,4.0
A_k4_2od_x1.0,A,init,9,14,23,23,33,4.0
A_k4_2od_x1.0,A,init,9,15,23,23,33,4.0
A_k4_2od_x1.0,A,mutation,0,1,24,20,23,1.8333333333333333
A_k4_2od_x1.0,A,mutation,0,2,23,23,29,4.0
A_k4_2od_x1.0,A,mutation,0,3,22,22,28,4.0
A_k4_2od_x1.0,A,mutation,0,4,23,23,30,4.0
A_k4_2od_x1.0,A,mutation,0,5,23,23,28,4.0
A_k4_2od_x1.0,A,mutation,0,6,23,23,25,4.0
A_k4_2od_x1.0,A,mutation,0,7,22,21,27,4.0
A_k4_2od_x1.0,A,mutation,0,8,21,21,31,4.0
A_k4_2od_x1.0,A,mutation,0,9,22,22,25,4.0
A_k4_2od_x1.0,A,mutation,0,10,23,23,29,4.0
A_k4_2od_x1.0,A,mutation,0,11,21,21,31,4.0
A_k4_2od_x1.0,A,mutation,0,12,23,23,27,4.0
A_k4_2od_x1.0,A,mutation,0,13,23,23,27,4.0
A_k4_2od_x1.0,A,mutation,0,14,22,22,29,4.0
A_k4_2od_x1.0,A,mutation,0,15,23,23,27,4.0
A_k4_2od_x1.0,A,mutation,1,1,24,22,28,1.9166666666666667
A_k4_2od_x1.0,A,mutation,1,2,23,23,31,4.0
A_k4_2od_x1.0,A,mutation,1,3,23,23,28,4.0
A_k4_2od_x1.0,A,mutation,1,4,23,23,28,4.0
A_k4_2od_x1.0,A,mutation,1,5,23,23,31,4.0
A_k4_2od_x1.0,A,mutation,1,6,22,22,30,4.0
A_k4_2od_x1.0,A,mutation,1,7,23,23,29,4.0
A_k4_2od_x1.0,A,mutation,1,8,23,23,29,4.0
A_k4_2od_x1.0,A,mutation,1,9,21,21,28,4.0
A_k4_2od_x1.0,A,mutation,1,10,23,23,25,4.0
A_k4_2od_x1.0,A,mutation,1,11,22,22,28,4.0
A_k4_2od_x1.0,A,mutation,1,12,21,21,25,4.0
A_k4_2od_x1.0,A,mutation,1,13,23,23,28,4.0
A_k4_2od_x1.0,A,mutation,1,14,21,21,28,4.0
A_k4_2od_x1.0,A,mutation,1,15,23,23,28,4.0
A_k4_2od_x1.0,A,mutation,2,1,24,22,29,1.75
A_k4_2od_x1.0,A,mutation,2,2,23,23,33,4.0
A_k4_2od_x1.0,A,mutation,2,3,23,23,32,4.0
A_k4_2od_x1.0,A,mutation,2,4,23,23,28,4.0
A_k4_2od_x1.0,A,mutation,2,5,23,23,31,4.0
A_k4_2od_x1.0,A,mutation,2,6,23,23,31,4.0
A_k4_2od_x1.0,A,mutation,2,7,23,23,31,4.0
A_k4_2od_x1.0,A,mutation,2,8,23,23,30,4.0
A_k4_2od_x1.0,A,mutation,2,9,21,21,27,4.0
A_k4_2od_x1.0,A,mutation,2,10,23,23,29,4.0
A_k4_2od_x1.0,A,mutation,2,11,22,22,25,4.0
A_k4_2od_x1.0,A,mutation,2,12,21,21,26,4.0
A_k4_2od_x1.0,A,mutation,2,13,19,19,26,4.0
A_k4_2od_x1.0,A,mutation,2,14,23,23,28,4.0
A_k4_2od_x1.0,A,mutation,2,15,23,23,28,4.0
A_k4_2od_x1.0,A,mutation,3,1,24,23,27,1.9583333333333333
A_k4_2od_x1.0,A,mutation,3,2,23,23,31,4.0
A_k4_2od_x1.0,A,mutation,3,3,22,22,28,4.0
A_k4_2od_x1.0,A,mutation,3,4,23,23,33,4.0
A_k4_2od_x1.0,A,mutation,3,5,23,23,29,4.0
A_k4_2od_x1.0,A,mutation,3,6,23,23,29,4.0
A_k4_2od_x1.0,A,mutation,3,7,23,23,27,4.0
A_k4_2od_x1.0,A,mutation,3,8,22,22,29,4.0
A_k4_2od_x1.0,A,mutation,3,9,23,23,31,4.0
A_k4_2od_x1.0,A,mutation,3,10,23,23,28,4.0
A_k4_2od_x1.0,A,mutation,3,11,23,23,32,4.0
A_k4_2od_x1.0,A,mutation,3,12,22,22,29,4.0
A_k4_2od_x1.0,A,mutation,3,13,23,23,29,4.0
A_k4_2od_x1.0,A,mutation,3,14,22,22,26,4.0
A_k4_2od_x1.0,A,mutation,3,15,23,23,29,4.0
A_k4_2od_x1.0,A,mutation,4,1,24,24,30,2.2083333333333335
A_k4_2od_x1.0,A,mutation,4,2,23,23,31,4.0
A_k4_2od_x1.0,A,mutation,4,3,23,23,27,4.0
A_k4_2od_x1.0,A,mutation,4,4,22,22,31,4.0
A_k4_2od_x1.0,A,mutation,4,5,22,22,26,4.0
A_k4_2od_x1.0,A,mutation,4,6,23,23,30,4.0
A_k4_2od_x1.0,A,mutation,4,7,23,23,31,4.0
A_k4_2od_x1.0,A,mutation,4,8,23,23,29,4.0
A_k4_2od_x1.0,A,mutation,4,9,22,22,29,4.0
A_k4_2od_x1.0,A,mutation,4,10,22,22,29,4.0
A_k4_2od_x1.0,A,mutation,4,11,20,20,28,4.0
A_k4_2od_x1.0,A,mutation,4,12,22,22,27,4.0
A_k4_2od_x1.0,A,mutation,4,13,22,22,31,4.0
A_k4_2od_x1.0,A,mutation,4,14,23,23,28,4.0
A_k4_2od_x1.0,A,mutation,4,15,21,21,27,4.0
A_k4_2od_x1.0,A,mutation,5,1,24,22,27,2.375
A_k4_2od_x1.0,A,mutation,5,2,23,23,30,4.0
A_k4_2od_x1.0,A,mutation,5,3,23,23,27,4.0
A_k4_2od_x1.0,A,mutation,5,4,23,23,30,4.0
A_k4_2od_x1.0,A,mutation,5,5,23,23,27,4.0
A_k4_2od_x1.0,A,mutation,5,6,23,23,29,4.0
A_k4_2od_x1.0,A,mutation,5,7,21,21,24,4.0
A_k4_2od_x1.0,A,mutation,5,8,21,21,26,4.0
A_k4_2od_x1.0,A,mutation,5,9,21,21,27,4.0
A_k4_2od_x1.0,A,mutation,5,10,23,23,28,4.0
A_k4_2od_x1.0,A,mutation,5,11,22,22,31,4.0
A_k4_2od_x1.0,A,mutation,5,12,22,22,28,4.0
A_k4_2od_x1.0,A,mutation,5,13,20,20,31,4.0
A_k4_2od_x1.0,A,mutation,5,14,22,22,32,4.0
A_k4_2od_x1.0,A,mutation,5,15,21,20,25,4.0
A_k4_2od_x1.0,A,mutation,6,1,24,21,27,1.9583333333333333
A_k4_2od_x1.0,A,mutation,6,2,23,23,29,4.0
A_k4_2od_x1.0,A,mutation,6,3,23,23,28,4.0
A_k4_2od_x1.0,A,mutation,6,4,23,23,25,4.0
A_k4_2od_x1.0,A,mutation,6,5,23,23,24,4.0
A_k4_2od_x1.0,A,mutation,6,6,23,23,32,4.0
A_k4_2od_x1.0,A,mutation,6,7,23,23,27,4.0
A_k4_2od_x1.0,A,mutation,6,8,22,22,28,4.0
A_k4_2od_x1.0,A,mutation,6,9,22,22,27,4.0
A_k4_2od_x1.0,A,mutation,6,10,22,22,30,4.0
A_k4_2od_x1.0,A,mutation,6,11,23,23,29,4.0
A_k4_2od_x1.0,A,mutation,6,12,23,23,29,4.0
A_k4_2od_x1.0,A,mutation,6,13,22,22,28,4.0
A_k4_2od_x1.0,A,mutation,6,14,22,22,28,4.0
A_k4_2od_x1.0,A,mutation,6,15,22,22,23,4.0
A_k4_2od_x1.0,A,mutation,7,1,24,24,33,2.2916666666666665
A_k4_2od_x1.0,A,mutation,7,2,23,23,28,4.0
A_k4_2od_x1.0,A,mutation,7,3,23,23,26,4.0
A_k4_2od_x1.0,A,mutation,7,4,23,23,28,4.0
A_k4_2od_x1.0,A,mutation,7,5,23,23,29,4.0
A_k4_2od_x1.0,A,mutation,7,6,22,22,25,4.0
A_k4_2od_x1.0,A,mutation,7,7,21,21,27,4.0
A_k4_2od_x1.0,A,mutation,7,8,23,23,30,4.0
A_k4_2od_x1.0,A,mutation,7,9,23,23,29,4.0
A_k4_2od_x1.0,A,mutation,7,10,23,23,24,4.0
A_k4_2od_x1.0,A,mutation,7,11,23,23,29,4.0
A_k4_2od_x1.0,A,mutation,7,12,23,23,31,4.0
A_k4_2od_x1.0,A,mutation,7,13,21,21,24,4.0
A_k4_2od_x1.0,A,mutation,7,14,23,23,26,4.0
A_k4_2od_x1.0,A,mutation,7,15,21,21,30,4.0
A_k4_2od_x1.0,A,mutation,8,1,24,18,19,1.4166666666666667
A_k4_2od_x1.0,A,mutation,8,2,23,23,29,4.0
A_k4_2od_x1.0,A,mutation,8,3,23,23,27,4.0
A_k4_2od_x1.0,A,mutation,8,4,23,23,32,4.0
A_k4_2od_x1.0,A,mutation,8,5,23,23,31,4.0
A_k4_2od_x1.0,A,mutation,8,6,23,23,25,4.0
A_k4_2od_x1.0,A,mutation,8,7,22,22,30,4.0
A_k4_2od_x1.0,A,mutation,8,8,22,22,25,4.0
A_k4_2od_x1.0,A,mutation,8,9,23,23,26,4.0
A_k4_2od_x1.0,A,mutation,8,10,23,23,27,4.0
A_k4_2od_x1.0,A,mutation,8,11,22,22,30,4.0
A_k4_2od_x1.0,A,mutation,8,12,21,20,28,4.0
A_k4_2od_x1.0,A,mutation,8,13,23,23,25,4.0
A_k4_2od_x1.0,A,mutation,8,14,22,22,30,4.0
A_k4_2od_x1.0,A,mutation,8,15,23,23,32,4.0
A_k4_2od_x1.0,A,mutation,9,1,24,23,29,2.25
A_k4_2od_x1.0,A,mutation,9,2,23,23,31,4.0
A_k4_2od_x1.0,A,mutation,9,3,23,23,30,4.0
A_k4_2od_x1.0,A,mutation,9,4,22,22,27,4.0
A_k4_2od_x1.0,A,mutation,9,5,22,22,28,4.0
A_k4_2od_x1.0,A,mutation,9,6,23,23,30,4.0
A_k4_2od_x1.0,A,mutation,9,7,23,23,29,4.0
A_k4_2od_x1.0,A,mutation,9,8,21,21,31,4.0
A_k4_2od_x1.0,A,mutation,9,9,21,21,26,4.0
A_k4_2od_x1.0,A,mutation,9,10,23,23,31,4.0
A_k4_2od_x1.0,A,mutation,9,11,22,22,29,4.0
A_k4_2od_x1.0,A,mutation,9,12,22,22,28,4.0
A_k4_2od_x1.0,A,mutation,9,13,23,23,30,4.0
A_k4_2od_x1.0,A,mutation,9,14,23,23,25,4.0
A_k4_2od_x1.0,A,mutation,9,15,19,19,28,4.0
A_k4_2od_x1.0,A,none,0,1,24,20,23,1.8333333333333333
A_k4_2od_x1.0,A,none,0,2,23,23,36,4.0
A_k4_2od_x1.0,A,none,0,3,23,23,34,4.0
A_k4_2od_x1.0,A,none,0,4,23,23,33,4.0
A_k4_2od_x1.0,A,none,0,5,23,23,32,4.0
A_k4_2od_x1.0,A,none,0,6,23,23,33,4.0
A_k4_2od_x1.0,A,none,0,7,23,23,36,4.0
A_k4_2od_x1.0,A,none,0,8,23,23,35,4.0
A_k4_2od_x1.0,A,none,0,9,23,23,32,4.0
A_k4_2od_x1.0,A,none,0,10,23,23,34,4.0
A_k4_2od_x1.0,A,none,0,11,23,23,29,4.0
A_k4_2od_x1.0,A,none,0,12,22,22,31,4.0
A_k4_2od_x1.0,A,none,0,13,23,23,32,4.0
A_k4_2od_x1.0,A,none,0,14,23,23,35,4.0
A_k4_2od_x1.0,A,none,0,15,23,23,35,4.0
A_k4_2od_x1.0,A,none,1,1,24,22,28,1.9166666666666667
A_k4_2od_x1.0,A,none,1,2,23,23,38,4.0
A_k4_2od_x1.0,A,none,1,3,23,23,33,4.0
A_k4_2od_x1.0,A,none,1,4,23,23,34,4.0
A_k4_2od_x1.0,A,none,1,5,23,23,36,4.0
A_k4_2od_x1.0,A,none,1,6,23,23,34,4.0
A_k4_2od_x1.0,A,none,1,7,23,23,35,4.0
A_k4_2od_x1.0,A,none,1,8,23,23,35,4.0
A_k4_2od_x1.0,A,none,1,9,23,23,33,4.0
A_k4_2od_x1.0,A,none,1,10,22,22,31,4.0
A_k4_2od_x1.0,A,none,1,11,23,23,35,4.0
A_k4_2od_x1.0,A,none,1,12,22,22,34,4.0
A_k4_2od_x1.0,A,none,1,13,23,23,34,4.0
A_k4_2od_x1.0,A,none,1,14,23,23,33,4.0
A_k4_2od_x1.0,A,none,1,15,23,23,34,4.0
A_k4_2od_x1.0,A,none,2,1,24,22,29,1.75
A_k4_2od_x1.0,A,none,2,2,23,23,35,4.0
A_k4_2od_x1.0,A,none,2,3,23,23,35,4.0
A_k4_2od_x1.0,A,none,2,4,23,23,33,4.0
A_k4_2od_x1.0,A,none,2,5,23,23,34,4.0
A_k4_2od_x1.0,A,none,2,6,22,22,33,4.0
A_k4_2od_x1.0,A,none,2,7,23,23,33,4.0
A_k4_2od_x1.0,A,none,2,8,23,23,32,4.0
A_k4_2od_x1.0,A,none,2,9,23,23,33,4.0
A_k4_2od_x1.0,A,none,2,10,22,22,35,4.0
A_k4_2od_x1.0,A,none,2,11,23,23,34,4.0
A_k4_2od_x1.0,A,none,2,12,23,23,36,4.0
A_k4_2od_x1.0,A,none,2,13,23,23,33,4.0
A_k4_2od_x1.0,A,none,2,14,23,23,34,4.0
A_k4_2od_x1.0,A,none,2,15,22,22,34,4.0
A_k4_2od_x1.0,A,none,3,1,24,23,27,1.9583333333333333
A_k4_2od_x1.0,A,none,3,2,23,23,36,4.0
A_k4_2od_x1.0,A,none,3,3,23,23,34,4.0
A_k4_2od_x1.0,A,none,3,4,23,23,32,4.0
A_k4_2od_x1.0,A,none,3,5,23,23,34,4.0
A_k4_2od_x1.0,A,none,3,6,22,22,30,4.0
A_k4_2od_x1.0,A,none,3,7,23,23,31,4.0
A_k4_2od_x1.0,A,none,3,8,23,23,29,4.0
A_k4_2od_x1.0,A,none,3,9,23,23,33,4.0
A_k4_2od_x1.0,A,none,3,10,23,23,33,4.0
A_k4_2od_x1.0,A,none,3,11,23,23,30,4.0
A_k4_2od_x1.0,A,none,3,12,23,23,33,4.0
A_k4_2od_x1.0,A,none,3,13,23,23,36,4.0
A_k4_2od_x1.0,A,none,3,14,21,21,29,4.0
A_k4_2od_x1.0,A,none,3,15,23,23,32,4.0
A_k4_2od_x1.0,A,none,4,1,24,24,30,2.2083333333333335
A_k4_2od_x1.0,A,none,4,2,23,23,33,4.0
A_k4_2od_x1.0,A,none,4,3,23,23,34,4.0
A_k4_2od_x1.0,A,none,4,4,23,23,30,4.0
A_k4_2od_x1.0,A,none,4,5,23,23,36,4.0
A_k4_2od_x1.0,A,none,4,6,23,23,33,4.0
A_k4_2od_x1.0,A,none,4,7,23,23,35,4.0
A_k4_2od_x1.0,A,none,4,8,23,23,33,4.0
A_k4_2od_x1.0,A,none,4,9,23,23,32,4.0
A_k4_2od_x1.0,A,none,4,10,23,23,36,4.0
A_k4_2od_x1.0,A,none,4,11,23,23,30,4.0
A_k4_2od_x1.0,A,none,4,12,21,21,31,4.0
A_k4_2od_x1.0,A,none,4,13,22,22,30,4.0
A_k4_2od_x1.0,A,none,4,14,22,22,32,4.0
A_k4_2od_x1.0,A,none,4,15,23,23,34,4.0
A_k4_2od_x1.0,A,none,5,1,24,22,27,2.375
A_k4_2od_x1.0,A,none,5,2,23,23,32,4.0
A_k4_2od_x1.0,A,none,5,3,23,23,34,4.0
A_k4_2od_x1.0,A,none,5,4,23,23,33,4.0
A_k4_2od_x1.0,A,none,5,5,23,23,33,4.0
A_k4_2od_x1.0,A,none,5,6,23,23,38,4.0
A_k4_2od_x1.0,A,none,5,7,22,22,32,4.0
A_k4_2od_x1.0,A,none,5,8,21,21,32,4.0
A_k4_2od_x1.0,A,none,5,9,23,23,34,4.0
A_k4_2od_x1.0,A,none,5,10,23,23,35,4.0
A_k4_2od_x1.0,A,none,5,11,23,23,31,4.0
A_k4_2od_x1.0,A,none,5,12,23,23,34,4.0
A_k4_2od_x1.0,A,none,5,13,22,22,32,4.0
A_k4_2od_x1.0,A,none,5,14,23,23,34,4.0
A_k4_2od_x1.0,A,none,5,15,21,21,34,4.0
A_k4_2od_x1.0,A,none,6,1,24,21,27,1.9583333333333333
A_k4_2od_x1.0,A,none,6,2,23,23,35,4.0
A_k4_2od_x1.0,A,none,6,3,23,23,34,4.0
A_k4_2od_x1.0,A,none,6,4,23,23,35,4.0
A_k4_2od_x1.0,A,none,6,5,23,23,35,4.0
A_k4_2od_x1.0,A,none,6,6,23,23,34,4.0
A_k4_2od_x1.0,A,none,6,7,23,23,32,4.0
A_k4_2od_x1.0,A,none,6,8,23,23,36,4.0
A_k4_2od_x1.0,A,none,6,9,23,23,34,4.0
A_k4_2od_x1.0,A,none,6,10,23,23,33,4.0
A_k4_2od_x1.0,A,none,6,11,21,21,29,4.0
A_k4_2od_x1.0,A,none,6,12,22,22,32,4.0
A_k4_2od_x1.0,A,none,6,13,23,23,31,4.0
A_k4_2od_x1.0,A,none,6,14,22,22,31,4.0
A_k4_2od_x1.0,A,none,6,15,22,22,28,4.0
A_k4_2od_x1.0,A,none,7,1,24,24,33,2.2916666666666665
A_k4_2od_x1.0,A,none,7,2,23,23,37,4.0
A_k4_2od_x1.0,A,none,7,3,23,23,33,4.0
A_k4_2od_x1.0,A,none,7,4,23,23,36,4.0
A_k4_2od_x1.0,A,none,7,5,23,23,33,4.0
A_k4_2od_x1.0,A,none,7,6,23,23,35,4.0
A_k4_2od_x1.0,A,none,7,7,23,23,34,4.0
A_k4_2od_x1.0,A,none,7,8,22,22,32,4.0
A_k4_2od_x1.0,A,none,7,9,23,23,33,4.0
A_k4_2od_x1.0,A,none,7,10,23,23,32,4.0
A_k4_2od_x1.0,A,none,7,11,23,23,35,4.0
A_k4_2od_x1.0,A,none,7,12,23,23,31,4.0
A_k4_2od_x1.0,A,none,7,13,23,23,30,4.0
A_k4_2od_x1.0,A,none,7,14,23,23,34,4.0
A_k4_2od_x1.0,A,none,7,15,23,23,36,4.0
A_k4_2od_x1.0,A,none,8,1,24,18,19,1.4166666666666667
A_k4_2od_x1.0,A,none,8,2,23,23,34,4.0
A_k4_2od_x1.0,A,none,8,3,23,23,33,4.0
A_k4_2od_x1.0,A,none,8,4,23,23,37,4.0
A_k4_2od_x1.0,A,none,8,5,23,23,34,4.0
A_k4_2od_x1.0,A,none,8,6,21,21,33,4.0
A_k4_2od_x1.0,A,none,8,7,23,23,31,4.0
A_k4_2od_x1.0,A,none,8,8,22,22,34,4.0
A_k4_2od_x1.0,A,none,8,9,23,23,36,4.0
A_k4_2od_x1.0,A,none,8,10,23,23,33,4.0
A_k4_2od_x1.0,A,none,8,11,22,22,33,4.0
A_k4_2od_x1.0,A,none,8,12,23,23,34,4.0
A_k4_2od_x1.0,A,none,8,13,23,23,32,4.0
A_k4_2od_x1.0,A,none,8,14,23,22,30,4.0
A_k4_2od_x1.0,A,none,8,15,23,23,32,4.0
A_k4_2od_x1.0,A,none,9,1,24,23,29,2.25
A_k4_2od_x1.0,A,none,9,2,23,23,36,4.0
A_k4_2od_x1.0,A,none,9,3,23,23,31,4.0
A_k4_2od_x1.0,A,none,9,4,22,22,33,4.0
A_k4_2od_x1.0,A,none,9,5,23,23,32,4.0
A_k4_2od_x1.0,A,none,9,6,23,23,31,4.0
A_k4_2od_x1.0,A,none,9,7,22,22,31,4.0
A_k4_2od_x1.0,A,none,9,8,23,23,34,4.0
A_k4_2od_x1.0,A,none,9,9,23,23,34,4.0
A_k4_2od_x1.0,A,none,9,10,23,23,34,4.0
A_k4_2od_x1.0,A,none,9,11,22,22,32,4.0
A_k4_2od_x1.0,A,none,9,12,23,23,32,4.0
A_k4_2od_x1.0,A,none,9,13,21,21,31,4.0
A_k4_2od_x1.0,A,none,9,14,23,23,35,4.0
A_k4_2od_x1.0,A,none,9,15,22,22,33,4.0
A_k4_2od_x1.2,A,both,0,1,24,21,26,2.2916666666666665
A_k4_2od_x1.2,A,both,0,2,23,23,30,4.0
A_k4_2od_x1.2,A,both,0,3,23,23,29,4.0
A_k4_2od_x1.2,A,both,0,4,21,21,29,4.0
A_k4_2od_x1.2,A,both,0,5,23,23,30,4.0
A_k4_2od_x1.2,A,both,0,6,23,23,32,4.0
A_k4_2od_x1.2,A,both,0,7,23,23,29,4.0
A_k4_2od_x1.2,A,both,0,8,22,22,30,4.0
A_k4_2od_x1.2,A,both,0,9,23,23,30,4.0
A_k4_2od_x1.2,A,both,0,10,23,23,31,4.0
A_k4_2od_x1.2,A,both,0,11,22,22,28,4.0
A_k4_2od_x1.2,A,both,0,12,23,22,26,4.0
A_k4_2od_x1.2,A,both,0,13,22,22,31,4.0
A_k4_2od_x1.2,A,both,0,14,23,23,28,4.0
A_k4_2od_x1.2,A,both,0,15,23,23,28,4.0
A_k4_2od_x1.2,A,both,1,1,24,16,22,1.875
A_k4_2od_x1.2,A,both,1,2,23,23,29,4.0
A_k4_2od_x1.2,A,both,1,3,23,23,31,4.0
A_k4_2od_x1.2,A,both,1,4,22,22,27,4.0
A_k4_2od_x1.2,A,both,1,5,23,22,27,4.0
A_k4_2od_x1.2,A,both,1,6,23,23,29,4.0
A_k4_2od_x1.2,A,both,1,7,23,23,30,4.0
A_k4_2od_x1.2,A,both,1,8,23,23,31,4.0
A_k4_2od_x1.2,A,both,1,9,21,21,31,4.0
A_k4_2od_x1.2,A,both,1,10,22,22,32,4.0
A_k4_2od_x1.2,A,both,1,11,23,23,25,4.0
A_k4_2od_x1.2,A,both,1,12,21,21,28,4.0
A_k4_2od_x1.2,A,both,1,13,22,22,28,4.0
A_k4_2od_x1.2,A,both,1,14,22,22,29,4.0
A_k4_2od_x1.2,A,both,1,15,21,21,28,4.0
A_k4_2od_x1.2,A,both,2,1,24,17,22,2.0
A_k4_2od_x1.2,A,both,2,2,23,23,30,4.0
A_k4_2od_x1.2,A,both,2,3,23,23,26,4.0
A_k4_2od_x1.2,A,both,2,4,22,22,29,4.0
A_k4_2od_x1.2,A,both,2,5,22,22,30,4.0
A_k4_2od_x1.2,A,both,2,6,21,21,28,4.0
A_k4_2od_x1.2,A,both,2,7,23,23,30,4.0
A_k4_2od_x1.2,A,both,2,8,23,23,33,4.0
A_k4_2od_x1.2,A,both,2,9,22,22,30,4.0
A_k4_2od_x1.2,A,both,2,10,23,23,30,4.0
A_k4_2od_x1.2,A,both,2,11,22,22,28,4.0
A_k4_2od_x1.2,A,both,2,12,23,23,30,4.0
A_k4_2od_x1.2,A,both,2,13,23,23,31,4.0
A_k4_2od_x1.2,A,both,2,14,22,22,26,4.0
A_k4_2od_x1.2,A,both,2,15,22,22,29,4.0
A_k4_2od_x1.2,A,both,3,1,24,19,26,2.4166666666666665
A_k4_2od_x1.2,A,both,3,2,23,23,32,4.0
A_k4_2od_x1.2,A,both,3,3,23,23,29,4.0
A_k4_2od_x1.2,A,both,3,4,23,23,29,4.0
A_k4_2od_x1.2,A,both,3,5,23,23,30,4.0
A_k4_2od_x1.2,A,both,3,6,23,23,33,4.0
A_k4_2od_x1.2,A,both,3,7,22,22,27,4.0
A_k4_2od_x1.2,A,both,3,8,23,23,33,4.0
A_k4_2od_x1.2,A,both,3,9,21,21,30,4.0
A_k4_2od_x1.2,A,both,3,10,21,21,29,4.0
A_k4_2od_x1.2,A,both,3,11,23,23,27,4.0
A_k4_2od_x1.2,A,both,3,12,23,23,28,4.0
A_k4_2od_x1.2,A,both,3,13,23,23,31,4.0
A_k4_2od_x1.2,A,both,3,14,22,22,28,4.0
A_k4_2od_x1.2,A,both,3,15,23,23,34,4.0
A_k4_2od_x1.2,A,both,4,1,24,15,18,1.5833333333333333
A_k4_2od_x1.2,A,both,4,2,23,23,31,4.0
A_k4_2od_x1.2,A,both,4,3,22,22,31,4.0
A_k4_2od_x1.2,A,both,4,4,22,22,27,4.0
A_k4_2od_x1.2,A,both,4,5,23,23,29,4.0
A_k4_2od_x1.2,A,both,4,6,22,22,30,4.0
A_k4_2od_x1.2,A,both,4,7,23,23,26,4.0
A_k4_2od_x1.2,A,both,4,8,23,22,28,4.0
A_k4_2od_x1.2,A,both,4,9,22,22,28,4.0
A_k4_2od_x1.2,A,both,4,10,23,23,28,4.0
A_k4_2od_x1.2,A,both,4,11,23,23,31,4.0
A_k4_2od_x1.2,A,both,4,12,23,23,30,4.0
A_k4_2od_x1.2,A,both,4,13,23,23,30,4.0
A_k4_2od_x1.2,A,both,4,14,22,22,34,4.0
A_k4_2od_x1.2,A,both,4,15,22,22,33,4.0
A_k4_2od_x1.2,A,both,5,1,24,17,17,1.875
A_k4_2od_x1.2,A,both,5,2,23,23,28,4.0
A_k4_2od_x1.2,A,both,5,3,21,21,29,4.0
A_k4_2od_x1.2,A,both,5,4,22,22,28,4.0
A_k4_2od_x1.2,A,both,5,5,23,23,28,4.0
A_k4_2od_x1.2,A,both,5,6,23,23,29,4.0
A_k4_2od_x1.2,A,both,5,7,23,23,27,4.0
A_k4_2od_x1.2,A,both,5,8,23,23,31,4.0
A_k4_2od_x1.2,A,both,5,9,23,23,29,4.0
A_k4_2od_x1.2,A,both,5,10,23,23,33,4.0
A_k4_2od_x1.2,A,both,5,11,23,23,29,4.0
A_k4_2od_x1.2,A,both,5,12,22,22,28,4.0
A_k4_2od_x1.2,A,both,5,13,23,23,33,4.0
A_k4_2od_x1.2,A,both,5,14,23,23,30,4.0
A_k4_2od_x1.2,A,both,5,15,23,23,29,4.0
A_k4_2od_x1.2,A,both,6,1,24,18,24,2.2083333333333335
A_k4_2od_x1.2,A,both,6,2,23,23,33,4.0
A_k4_2od_x1.2,A,both,6,3,23,23,28,4.0
A_k4_2od_x1.2,A,both,6,4,23,23,30,4.0
A_k4_2od_x1.2,A,both,6,5,23,23,31,4.0
A_k4_2od_x1.2,A,both,6,6,22,22,32,4.0
A_k4_2od_x1.2,A,both,6,7,22,22,29,4.0
A_k4_2od_x1.2,A,both,6,8,23,23,32,4.0
A_k4_2od_x1.2,A,both,6,9,22,22,25,4.0
A_k4_2od_x1.2,A,both,6,10,23,23,29,4.0
A_k4_2od_x1.2,A,both,6,11,23,23,28,4.0
A_k4_2od_x1.2,A,both,6,12,23,23,27,4.0
A_k4_2od_x1.2,A,both,6,13,22,22,31,4.0
A_k4_2od_x1.2,A,both,6,14,22,22,29,4.0
A_k4_2od_x1.2,A,both,6,15,23,23,28,4.0
A_k4_2od_x1.2,A,both,7,1,24,13,20,1.625
A_k4_2od_x1.2,A,both,7,2,23,23,30,4.0
A_k4_2od_x1.2,A,both,7,3,23,23,30,4.0
A_k4_2od_x1.2,A,both,7,4,23,23,29,4.0
A_k4_2od_x1.2,A,both,7,5,23,23,27,4.0
A_k4_2od_x1.2,A,both,7,6,23,23,29,4.0
A_k4_2od_x1.2,A,both,7,7,21,21,27,4.0
A_k4_2od_x1.2,A,both,7,8,22,22,32,4.0
A_k4_2od_x1.2,A,both,7,9,23,23,30,4.0
A_k4_2od_x1.2,A,both,7,10,23,23,30,4.0
A_k4_2od_x1.2,A,both,7,11,23,23,28,4.0
A_k4_2od_x1.2,A,both,7,12,19,19,25,4.0
A_k4_2od_x1.2,A,both,7,13,22,22,28,4.0
A_k4_2od_x1.2,A,both,7,14,22,22,32,4.0
A_k4_2od_x1.2,A,both,7,15,23,23,32,4.0
A_k4_2od_x1.2,A,both,8,1,24,16,21,1.875
A_k4_2od_x1.2,A,both,8,2,23,23,27,4.0
A_k4_2od_x1.2,A,both,8,3,23,23,28,4.0
A_k4_2od_x1.2,A,both,8,4,23,23,30,4.0
A_k4_2od_x1.2,A,both,8,5,22,22,28,4.0
A_k4_2od_x1.2,A,both,8,6,23,23,26,4.0
A_k4_2od_x1.2,A,both,8,7,21,21,26,4.0
A_k4_2od_x1.2,A,both,8,8,23,23,30,4.0
A_k4_2od_x1.2,A,both,8,9,23,23,28,4.0
A_k4_2od_x1.2,A,both,8,10,23,23,31,4.0
A_k4_2od_x1.2,A,both,8,11,22,22,31,4.0
A_k4_2od_x1.2,A,both,8,12,22,22,27,4.0
A_k4_2od_x1.2,A,both,8,13,23,23,30,4.0
A_k4_2od_x1.2,A,both,8,14,23,23,32,4.0
A_k4_2od_x1.2,A,both,8,15,22,22,28,4.0
A_k4_2od_x1.2,A,both,9,1,24,17,21,2.0416666666666665
A_k4_2od_x1.2,A,both,9,2,22,22,30,4.0
A_k4_2od_x1.2,A,both,9,3,23,23,29,4.0
A_k4_2od_x1.2,A,both,9,4,23,23,32,4.0
A_k4_2od_x1.2,A,both,9,5,22,22,32,4.0
A_k4_2od_x1.2,A,both,9,6,23,23,29,4.0
A_k4_2od_x1.2,A,both,9,7,23,23,28,4.0
A_k4_2od_x1.2,A,both,9,8,22,22,31,4.0
A_k4_2od_x1.2,A,both,9,9,23,23,30,4.0
A_k4_2od_x1.2,A,both,9,10,22,22,27,4.0
A_k4_2od_x1.2,A,both,9,11,22,22,30,4.0
A_k4_2od_x1.2,A,both,9,12,23,23,30,4.0
A_k4_2od_x1.2,A,both,9,13,23,23,28,4.0
A_k4_2od_x1.2,A,both,9,14,22,22,30,4.0
A_k4_2od_x1.2,A,both,9,15,21,21,29,4.0
A_k4_2od_x1.2,A,init,0,1,24,21,26,2.2916666666666665
A_k4_2od_x1.2,A,init,0,2,23,23,35,4.0
A_k4_2od_x1.2,A,init,0,3,23,23,32,4.0
A_k4_2od_x1.2,A,init,0,4,22,22,31,4.0
A_k4_2od_x1.2,A,init,0,5,23,23,32,4.0
A_k4_2od_x1.2,A,init,0,6,22,22,31,4.0
A_k4_2od_x1.2,A,init,0,7,23,23,33,4.0
A_k4_2od_x1.2,A,init,0,8,23,23,32,4.0
A_k4_2od_x1.2,A,init,0,9,23,23,35,4.0
A_k4_2od_x1.2,A,init,0,10,23,23,30,4.0
A_k4_2od_x1.2,A,init,0,11,23,23,32,4.0
A_k4_2od_x1.2,A,init,0,12,23,23,34,4.0
A_k4_2od_x1.2,A,init,0,13,23,23,33,4.0
A_k4_2od_x1.2,A,init,0,14,23,23,32,4.0
A_k4_2od_x1.2,A,init,0,15,23,23,35,4.0
A_k4_2od_x1.2,A,init,1,1,24,16,22,1.875
A_k4_2od_x1.2,A,init,1,2,23,23,34,4.0
A_k4_2od_x1.2,A,init,1,3,23,23,34,4.0
A_k4_2od_x1.2,A,init,1,4,23,23,34,4.0
A_k4_2od_x1.2,A,init,1,5,23,23,29,4.0
A_k4_2od_x1.2,A,init,1,6,23,23,32,4.0
A_k4_2od_x1.2,A,init,1,7,23,23,33,4.0
A_k4_2od_x1.2,A,init,1,8,23,23,32,4.0
A_k4_2od_x1.2,A,init,1,9,23,23,34,4.0
A_k4_2od_x1.2,A,init,1,10,22,22,33,4.0
A_k4_2od_x1.2,A,init,1,11,22,22,32,4.0
A_k4_2od_x1.2,A,init,1,12,22,22,29,4.0
A_k4_2od_x1.2,A,init,1,13,23,23,34,4.0
A_k4_2od_x1.2,A,init,1,14,23,23,36,4.0
A_k4_2od_x1.2,A,init,1,15,23,23,35,4.0
A_k4_2od_x1.2,A,init,2,1,24,17,22,2.0
A_k4_2od_x1.2,A,init,2,2,23,23,32,4.0
A_k4_2od_x1.2,A,init,2,3,23,23,35,4.0
A_k4_2od_x1.2,A,init,2,4,23,23,31,4.0
A_k4_2od_x1.2,A,init,2,5,23,22,35,4.0
A_k4_2od_x1.2,A,init,2,6,23,23,36,4.0
A_k4_2od_x1.2,A,init,2,7,23,23,35,4.0
A_k4_2od_x1.2,A,init,2,8,23,23,35,4.0
A_k4_2od_x1.2,A,init,2,9,23,23,35,4.0
A_k4_2od_x1.2,A,init,2,10,23,23,33,4.0
A_k4_2od_x1.2,A,init,2,11,23,23,34,4.0
A_k4_2od_x1.2,A,init,2,12,23,23,34,4.0
A_k4_2od_x1.2,A,init,2,13,23,23,34,4.0
A_k4_2od_x1.2,A,init,2,14,23,23,33,4.0
A_k4_2od_x1.2,A,init,2,15,23,23,35,4.0
A_k4_2od_x1.2,A,init,3,1,24,19,26,2.4166666666666665
A_k4_2od_x1.2,A,init,3,2,23,23,33,4.0
A_k4_2od_x1.2,A,init,3,3,23,23,33,4.0
A_k4_2od_x1.2,A,init,3,4,23,23,33,4.0
A_k4_2od_x1.2,A,init,3,5,23,23,35,4.0
A_k4_2od_x1.2,A,init,3,6,23,23,33,4.0
A_k4_2od_x1.2,A,init,3,7,22,21,32,4.0
A_k4_2od_x1.2,A,init,3,8,23,22,34,4.0
A_k4_2od_x1.2,A,init,3,9,23,23,29,4.0
A_k4_2od_x1.2,A,init,3,10,22,22,32,4.0
A_k4_2od_x1.2,A,init,3,11,23,23,35,4.0
A_k4_2od_x1.2,A,init,3,12,23,23,36,4.0
A_k4_2od_x1.2,A,init,3,13,23,23,33,4.0
A_k4_2od_x1.2,A,init,3,14,23,23,34,4.0
A_k4_2od_x1.2,A,init,3,15,23,23,33,4.0
A_k4_2od_x1.2,A,init,4,1,24,15,18,1.5833333333333333
A_k4_2od_x1.2,A,init,4,2,23,23,37,4.0
A_k4_2od_x1.2,A,init,4,3,23,23,35,4.0
A_k4_2od_x1.2,A,init,4,4,22,22,36,4.0
A_k4_2od_x1.2,A,init,4,5,23,23,33,4.0
A_k4_2od_x1.2,A,init,4,6,23,23,35,4.0
A_k4_2od_x1.2,A,init,4,7,23,23,32,4.0
A_k4_2od_x1.2,A,init,4,8,22,22,33,4.0
A_k4_2od_x1.2,A,init,4,9,22,22,27,4.0
A_k4_2od_x1.2,A,init,4,10,23,23,31,4.0
A_k4_2od_x1.2,A,init,4,11,23,23,32,4.0
A_k4_2od_x1.2,A,init,4,12,23,23,34,4.0
A_k4_2od_x1.2,A,init,4,13,23,23,37,4.0
A_k4_2od_x1.2,A,init,4,14,23,23,36,4.0
A_k4_2od_x1.2,A,init,4,15,23,23,36,4.0
A_k4_2od_x1.2,A,init,5,1,24,17,17,1.875
A_k4_2od_x1.2,A,init,5,2,23,23,34,4.0
A_k4_2od_x1.2,A,init,5,3,23,23,34,4.0
A_k4_2od_x1.2,A,init,5,4,23,23,36,4.0
A_k4_2od_x1.2,A,init,5,5,23,23,35,4.0
A_k4_2od_x1.2,A,init,5,6,23,23,31,4.0
A_k4_2od_x1.2,A,init,5,7,23,23,34,4.0
A_k4_2od_x1.2,A,init,5,8,23,23,34,4.0
A_k4_2od_x1.2,A,init,5,9,22,22,34,4.0
A_k4_2od_x1.2,A,init,5,10,23,23,34,4.0
A_k4_2od_x1.2,A,init,5,11,22,22,30,4.0
A_k4_2od_x1.2,A,init,5,12,22,22,34,4.0
A_k4_2od_x1.2,A,init,5,13,23,23,32,4.0
A_k4_2od_x1.2,A,init,5,14,23,23,34,4.0
A_k4_2od_x1.2,A,init,5,15,23,23,35,4.0
A_k4_2od_x1.2,A,init,6,1,24,18,24,2.2083333333333335
A_k4_2od_x1.2,A,init,6,2,23,23,31,4.0
A_k4_2od_x1.2,A,init,6,3,23,23,36,4.0
A_k4_2od_x1.2,A,init,6,4,23,23,33,4.0
A_k4_2od_x1.2,A,init,6,5,23,23,30,4.0
A_k4_2od_x1.2,A,init,6,6,22,22,33,4.0
A_k4_2od_x1.2,A,init,6,7,23,23,33,4.0
A_k4_2od_x1.2,A,init,6,8,22,22,30,4.0
A_k4_2od_x1.2,A,init,6,9,23,23,30,4.0
A_k4_2od_x1.2,A,init,6,10,22,22,32,4.0
A_k4_2od_x1.2,A,init,6,11,23,23,34,4.0
A_k4_2od_x1.2,A,init,6,12,22,22,35,4.0
A_k4_2od_x1.2,A,init,6,13,23,23,33,4.0
A_k4_2od_x1.2,A,init,6,14,23,23,33,4.0
A_k4_2od_x1.2,A,init,6,15,23,23,30,4.0
A_k4_2od_x1.2,A,init,7,1,24,13,20,1.625
A_k4_2od_x1.2,A,init,7,2,23,23,36,4.0
A_k4_2od_x1.2,A,init,7,3,23,23,32,4.0
A_k4_2od_x1.2,A,init,7,4,23,23,33,4.0
A_k4_2od_x1.2,A,init,7,5,23,23,31,4.0
A_k4_2od_x1.2,A,init,7,6,23,23,36,4.0
A_k4_2od_x1.2,A,init,7,7,23,23,36,4.0
A_k4_2od_x1.2,A,init,7,8,23,23,33,4.0
A_k4_2od_x1.2,A,init,7,9,23,23,33,4.0
A_k4_2od_x1.2,A,init,7,10,23,23,33,4.0
A_k4_2od_x1.2,A,init,7,11,23,23,35,4.0
A_k4_2od_x1.2,A,init,7,12,23,23,32,4.0
A_k4_2od_x1.2,A,init,7,13,23,22,32,4.0
A_k4_2od_x1.2,A,init,7,14,21,21,32,4.0
A_k4_2od_x1.2,A,init,7,15,23,23,35,4.0
A_k4_2od_x1.2,A,init,8,1,24,16,21,1.875
A_k4_2od_x1.2,A,init,8,2,23,23,33,4.0
A_k4_2od_x1.2,A,init,8,3,23,23,33,4.0
A_k4_2od_x1.2,A,init,8,4,23,23,33,4.0
A_k4_2od_x1.2,A,init,8,5,23,23,31,4.0
A_k4_2od_x1.2,A,init,8,6,22,22,35,4.0
A_k4_2od_x1.2,A,init,8,7,23,23,32,4.0
A_k4_2od_x1.2,A,init,8,8,23,23,35,4.0
A_k4_2od_x1.2,A,init,8,9,23,23,33,4.0
A_k4_2od_x1.2,A,init,8,10,23,23,30,4.0
A_k4_2od_x1.2,A,init,8,11,22,22,33,4.0
A_k4_2od_x1.2,A,init,8,12,23,23,34,4.0
A_k4_2od_x1.2,A,init,8,13,22,22,31,4.0
A_k4_2od_x1.2,A,init,8,14,23,23,34,4.0
A_k4_2od_x1.2,A,init,8,15,23,23,35,4.0
A_k4_2od_x1.2,A,init,9,1,24,17,21,2.0416666666666665
A_k4_2od_x1.2,A,init,9,2,23,23,33,4.0
A_k4_2od_x1.2,A,init,9,3,22,22,33,4.0
A_k4_2od_x1.2,A,init,9,4,23,23,36,4.0
A_k4_2od_x1.2,A,init,9,5,23,23,36,4.0
A_k4_2od_x1.2,A,init,9,6,23,23,31,4.0
A_k4_2od_x1.2,A,init,9,7,23,23,33,4.0
A_k4_2od_x1.2,A,init,9,8,22,22,32,4.0
A_k4_2od_x1.2,A,init,9,9,23,23,36,4.0
A_k4_2od_x1.2,A,init,9,10,23,23,31,4.0
A_k4_2od_x1.2,A,init,9,11,22,22,34,4.0
A_k4_2od_x1.2,A,init,9,12,23,23,34,4.0
A_k4_2od_x1.2,A,init,9,13,22,22,29,4.0
A_k4_2od_x1.2,A,init,9,14,23,23,36,4.0
A_k4_2od_x1.2,A,init,9,15,23,23,33,4.0
A_k4_2od_x1.2,A,mutation,0,1,24,20,23,1.8333333333333333
A_k4_2od_x1.2,A,mutation,0,2,23,23,30,4.0
A_k4_2od_x1.2,A,mutation,0,3,23,23,28,4.0
A_k4_2od_x1.2,A,mutation,0,4,22,22,33,4.0
A_k4_2od_x1.2,A,mutation,0,5,23,23,31,4.0
A_k4_2od_x1.2,A,mutation,0,6,21,21,28,4.0
A_k4_2od_x1.2,A,mutation,0,7,23,23,30,4.0
A_k4_2od_x1.2,A,mutation,0,8,23,23,29,4.0
A_k4_2od_x1.2,A,mutation,0,9,22,22,30,4.0
A_k4_2od_x1.2,A,mutation,0,10,21,20,30,4.0
A_k4_2od_x1.2,A,mutation,0,11,23,23,29,4.0
A_k4_2od_x1.2,A,mutation,0,12,22,22,29,4.0
A_k4_2od_x1.2,A,mutation,0,13,23,23,32,4.0
A_k4_2od_x1.2,A,mutation,0,14,23,23,32,4.0
A_k4_2od_x1.2,A,mutation,0,15,22,22,31,4.0
A_k4_2od_x1.2,A,mutation,1,1,24,22,28,1.9166666666666667
A_k4_2od_x1.2,A,mutation,1,2,23,23,30,4.0
A_k4_2od_x1.2,A,mutation,1,3,23,23,27,4.0
A_k4_2od_x1.2,A,mutation,1,4,23,23,32,4.0
A_k4_2od_x1.2,A,mutation,1,5,23,23,29,4.0
A_k4_2od_x1.2,A,mutation,1,6,23,23,30,4.0
A_k4_2od_x1.2,A,mutation,1,7,22,22,31,4.0
A_k4_2od_x1.2,A,mutation,1,8,23,23,30,4.0
A_k4_2od_x1.2,A,mutation,1,9,22,22,29,4.0
A_k4_2od_x1.2,A,mutation,1,10,23,23,29,4.0
A_k4_2od_x1.2,A,mutation,1,11,21,21,30,4.0
A_k4_2od_x1.2,A,mutation,1,12,22,22,32,4.0
A_k4_2od_x1.2,A,mutation,1,13,22,22,31,4.0
A_k4_2od_x1.2,A,mutation,1,14,22,22,28,4.0
A_k4_2od_x1.2,A,mutation,1,15,22,22,30,4.0
A_k4_2od_x1.2,A,mutation,2,1,24,22,29,1.75
A_k4_2od_x1.2,A,mutation,2,2,23,23,33,4.0
A_k4_2od_x1.2,A,mutation,2,3,23,23,33,4.0
A_k4_2od_x1.2,A,mutation,2,4,23,23,30,4.0
A_k4_2od_x1.2,A,mutation,2,5,22,22,29,4.0
A_k4_2od_x1.2,A,mutation,2,6,23,23,30,4.0
A_k4_2od_x1.2,A,mutation,2,7,23,23,33,4.0
A_k4_2od_x1.2,A,mutation,2,8,22,22,28,4.0
A_k4_2od_x1.2,A,mutation,2,9,22,22,27,4.0
A_k4_2od_x1.2,A,mutation,2,10,23,23,30,4.0
A_k4_2od_x1.2,A,mutation,2,11,22,22,27,4.0
A_k4_2od_x1.2,A,mutation,2,12,22,22,29,4.0
A_k4_2od_x1.2,A,mutation,2,13,22,22,31,4.0
A_k4_2od_x1.2,A,mutation,2,14,23,23,33,4.0
A_k4_2od_x1.2,A,mutation,2,15,23,23,32,4.0
A_k4_2od_x1.2,A,mutation,3,1,24,23,27,1.9583333333333333
A_k4_2od_x1.2,A,mutation,3,2,23,23,29,4.0
A_k4_2od_x1.2,A,mutation,3,3,23,23,29,4.0
A_k4_2od_x1.2,A,mutation,3,4,23,23,34,4.0
A_k4_2od_x1.2,A,mutation,3,5,22,22,28,4.0
A_k4_2od_x1.2,A,mutation,3,6,23,23,26,4.0
A_k4_2od_x1.2,A,mutation,3,7,22,22,28,4.0
A_k4_2od_x1.2,A,mutation,3,8,23,22,28,4.0
A_k4_2od_x1.2,A,mutation,3,9,23,23,30,4.0
A_k4_2od_x1.2,A,mutation,3,10,22,22,31,4.0
A_k4_2od_x1.2,A,mutation,3,11,22,22,28,4.0
A_k4_2od_x1.2,A,mutation,3,12,21,21,28,4.0
A_k4_2od_x1.2,A,mutation,3,13,23,23,29,4.0
A_k4_2od_x1.2,A,mutation,3,14,21,21,29,4.0
A_k4_2od_x1.2,A,mutation,3,15,23,23,27,4.0
A_k4_2od_x1.2,A,mutation,4,1,24,24,30,2.2083333333333335
A_k4_2od_x1.2,A,mutation,4,2,23,23,32,4.0
A_k4_2od_x1.2,A,mutation,4,3,23,23,30,4.0
A_k4_2od_x1.2,A,mutation,4,4,23,23,29,4.0
A_k4_2od_x1.2,A,mutation,4,5,23,23,31,4.0
A_k4_2od_x1.2,A,mutation,4,6,22,22,31,4.0
A_k4_2od_x1.2,A,mutation,4,7,23,23,31,4.0
A_k4_2od_x1.2,A,mutation,4,8,22,22,32,4.0
A_k4_2od_x1.2,A,mutation,4,9,21,21,33,4.0
A_k4_2od_x1.2,A,mutation,4,10,23,23,31,4.0
A_k4_2od_x1.2,A,mutation,4,11,23,23,33,4.0
A_k4_2od_x1.2,A,mutation,4,12,23,23,30,4.0
A_k4_2od_x1.2,A,mutation,4,13,23,23,29,4.0
A_k4_2od_x1.2,A,mutation,4,14,23,23,31,4.0
A_k4_2od_x1.2,A,mutation,4,15,23,23,31,4.0
A_k4_2od_x1.2,A,mutation,5,1,24,22,27,2.375
A_k4_2od_x1.2,A,mutation,5,2,23,23,32,4.0
A_k4_2od_x1.2,A,mutation,5,3,22,22,33,4.0
A_k4_2od_x1.2,A,mutation,5,4,23,23,29,4.0
A_k4_2od_x1.2,A,mutation,5,5,22,22,27,4.0
A_k4_2od_x1.2,A,mutation,5,6,23,23,32,4.0
A_k4_2od_x1.2,A,mutation,5,7,23,23,28,4.0
A_k4_2od_x1.2,A,mutation,5,8,23,23,32,4.0
A_k4_2od_x1.2,A,mutation,5,9,23,23,28,4.0
A_k4_2od_x1.2,A,mutation,5,10,22,22,27,4.0
A_k4_2od_x1.2,A,mutation,5,11,23,23,28,4.0
A_k4_2od_x1.2,A,mutation,5,12,23,23,30,4.0
A_k4_2od_x1.2,A,mutation,5,13,21,21,30,4.0
A_k4_2od_x1.2,A,mutation,5,14,22,22,34,4.0
A_k4_2od_x1.2,A,mutation,5,15,22,22,30,4.0
A_k4_2od_x1.2,A,mutation,6,1,24,21,27,1.9583333333333333
A_k4_2od_x1.2,A,mutation,6,2,23,23,30,4.0
A_k4_2od_x1.2,A,mutation,6,3,23,23,32,4.0
A_k4_2od_x1.2,A,mutation,6,4,23,23,31,4.0
A_k4_2od_x1.2,A,mutation,6,5,23,23,31,4.0
A_k4_2od_x1.2,A,mutation,6,6,23,23,28,4.0
A_k4_2od_x1.2,A,mutation,6,7,23,23,30,4.0
A_k4_2od_x1.2,A,mutation,6,8,22,22,31,4.0
A_k4_2od_x1.2,A,mutation,6,9,23,23,31,4.0
A_k4_2od_x1.2,A,mutation,6,10,23,23,29,4.0
A_k4_2od_x1.2,A,mutation,6,11,23,23,29,4.0
A_k4_2od_x1.2,A,mutation,6,12,22,22,32,4.0
A_k4_2od_x1.2,A,mutation,6,13,23,22,31,4.0
A_k4_2od_x1.2,A,mutation,6,14,22,22,30,4.0
A_k4_2od_x1.2,A,mutation,6,15,22,22,28,4.0
A_k4_2od_x1.2,A,mutation,7,1,24,24,33,2.2916666666666665
A_k4_2od_x1.2,A,mutation,7,2,23,23,28,4.0
A_k4_2od_x1.2,A,mutation,7,3,23,23,32,4.0
A_k4_2od_x1.2,A,mutation,7,4,23,23,27,4.0
A_k4_2od_x1.2,A,mutation,7,5,22,22,27,4.0
A_k4_2od_x1.2,A,mutation,7,6,23,23,31,4.0
A_k4_2od_x1.2,A,mutation,7,7,22,22,27,4.0
A_k4_2od_x1.2,A,mutation,7,8,23,23,28,4.0
A_k4_2od_x1.2,A,mutation,7,9,23,23,30,4.0
A_k4_2od_x1.2,A,mutation,7,10,22,22,30,4.0
A_k4_2od_x1.2,A,mutation,7,11,22,22,31,4.0
A_k4_2od_x1.2,A,mutation,7,12,22,22,29,4.0
A_k4_2od_x1.2,A,mutation,7,13,23,23,32,4.0
A_k4_2od_x1.2,A,mutation,7,14,23,23,28,4.0
A_k4_2od_x1.2,A,mutation,7,15,22,22,30,4.0
A_k4_2od_x1.2,A,mutation,8,1,24,18,19,1.4166666666666667
A_k4_2od_x1.2,A,mutation,8,2,23,23,30,4.0
A_k4_2od_x1.2,A,mutation,8,3,23,23,31,4.0
A_k4_2od_x1.2,A,mutation,8,4,23,23,28,4.0
A_k4_2od_x1.2,A,mutation,8,5,23,23,30,4.0
A_k4_2od_x1.2,A,mutation,8,6,23,23,30,4.0
A_k4_2od_x1.2,A,mutation,8,7,23,23,29,4.0
A_k4_2od_x1.2,A,mutation,8,8,23,23,31,4.0
A_k4_2od_x1.2,A,mutation,8,9,22,22,30,4.0
A_k4_2od_x1.2,A,mutation,8,10,22,22,29,4.0
A_k4_2od_x1.2,A,mutation,8,11,21,21,28,4.0
A_k4_2od_x1.2,A,mutation,8,12,22,22,28,4.0
A_k4_2od_x1.2,A,mutation,8,13,23,23,33,4.0
A_k4_2od_x1.2,A,mutation,8,14,22,22,33,4.0
A_k4_2od_x1.2,A,mutation,8,15,21,21,31,4.0
A_k4_2od_x1.2,A,mutation,9,1,24,23,29,2.25
A_k4_2od_x1.2,A,mutation,9,2,23,23,31,4.0
A_k4_2od_x1.2,A,mutation,9,3,23,23,30,4.0
A_k4_2od_x1.2,A,mutation,9,4,21,21,29,4.0
A_k4_2od_x1.2,A,mutation,9,5,23,23,29,4.0
A_k4_2od_x1.2,A,mutation,9,6,23,23,30,4.0
A_k4_2od_x1.2,A,mutation,9,7,22,22,31,4.0
A_k4_2od_x1.2,A,mutation,9,8,23,23,31,4.0
A_k4_2od_x1.2,A,mutation,9,9,22,22,28,4.0
A_k4_2od_x1.2,A,mutation,9,10,23,23,29,4.0
A_k4_2od_x1.2,A,mutation,9,11,23,23,29,4.0
A_k4_2od_x1.2,A,mutation,9,12,21,21,26,4.0
A_k4_2od_x1.2,A,mutation,9,13,23,23,28,4.0
A_k4_2od_x1.2,A,mutation,9,14,23,23,28,4.0
A_k4_2od_x1.2,A,mutation,9,15,23,23,30,4.0
A_k4_2od_x1.2,A,none,0,1,24,20,23,1.8333333333333333
A_k4_2od_x1.2,A,none,0,2,23,23,34,4.0
A_k4_2od_x1.2,A,none,0,3,23,23,35,4.0
A_k4_2od_x1.2,A,none,0,4,21,21,29,4.0
A_k4_2od_x1.2,A,none,0,5,23,23,32,4.0
A_k4_2od_x1.2,A,none,0,6,22,22,34,4.0
A_k4_2od_x1.2,A,none,0,7,23,23,32,4.0
A_k4_2od_x1.2,A,none,0,8,23,23,35,4.0
A_k4_2od_x1.2,A,none,0,9,23,23,33,4.0
A_k4_2od_x1.2,A,none,0,10,23,23,34,4.0
A_k4_2od_x1.2,A,none,0,11,23,23,29,4.0
A_k4_2od_x1.2,A,none,0,12,23,23,32,4.0
A_k4_2od_x1.2,A,none,0,13,23,23,34,4.0
A_k4_2od_x1.2,A,none,0,14,23,23,31,4.0
A_k4_2od_x1.2,A,none,0,15,23,23,35,4.0
A_k4_2od_x1.2,A,none,1,1,24,22,28,1.9166666666666667
A_k4_2od_x1.2,A,none,1,2,23,23,33,4.0
A_k4_2od_x1.2,A,none,1,3,23,23,37,4.0
A_k4_2od_x1.2,A,none,1,4,22,22,34,4.0
A_k4_2od_x1.2,A,none,1,5,23,23,33,4.0
A_k4_2od_x1.2,A,none,1,6,22,22,30,4.0
A_k4_2od_x1.2,A,none,1,7,23,23,35,4.0
A_k4_2od_x1.2,A,none,1,8,23,23,33,4.0
A_k4_2od_x1.2,A,none,1,9,23,23,36,4.0
A_k4_2od_x1.2,A,none,1,10,23,23,35,4.0
A_k4_2od_x1.2,A,none,1,11,22,22,33,4.0
A_k4_2od_x1.2,A,none,1,12,23,23,34,4.0
A_k4_2od_x1.2,A,none,1,13,23,23,33,4.0
A_k4_2od_x1.2,A,none,1,14,23,23,35,4.0
A_k4_2od_x1.2,A,none,1,15,23,23,32,4.0
A_k4_2od_x1.2,A,none,2,1,24,22,29,1.75
A_k4_2od_x1.2,A,none,2,2,23,23,36,4.0
A_k4_2od_x1.2,A,none,2,3,23,23,39,4.0
A_k4_2od_x1.2,A,none,2,4,23,23,33,4.0
A_k4_2od_x1.2,A,none,2,5,23,23,36,4.0
A_k4_2od_x1.2,A,none,2,6,22,22,34,4.0
A_k4_2od_x1.2,A,none,2,7,23,23,33,4.0
A_k4_2od_x1.2,A,none,2,8,23,23,36,4.0
A_k4_2od_x1.2,A,none,2,9,23,23,35,4.0
A_k4_2od_x1.2,A,none,2,10,23,23,34,4.0
A_k4_2od_x1.2,A,none,2,11,22,22,33,4.0
A_k4_2od_x1.2,A,none,2,12,23,23,35,4.0
A_k4_2od_x1.2,A,none,2,13,23,23,37,4.0
A_k4_2od_x1.2,A,none,2,14,22,22,34,4.0
A_k4_2od_x1.2,A,none,2,15,22,22,32,4.0
A_k4_2od_x1.2,A,none,3,1,24,23,27,1.9583333333333333
A_k4_2od_x1.2,A,none,3,2,23,23,33,4.0
A_k4_2od_x1.2,A,none,3,3,23,23,36,4.0
A_k4_2od_x1.2,A,none,3,4,23,23,34,4.0
A_k4_2od_x1.2,A,none,3,5,23,23,31,4.0
A_k4_2od_x1.2,A,none,3,6,21,21,35,4.0
A_k4_2od_x1.2,A,none,3,7,23,23,34,4.0
A_k4_2od_x1.2,A,none,3,8,23,23,35,4.0
A_k4_2od_x1.2,A,none,3,9,22,22,33,4.0
A_k4_2od_x1.2,A,none,3,10,23,23,34,4.0
A_k4_2od_x1.2,A,none,3,11,22,22,30,4.0
A_k4_2od_x1.2,A,none,3,12,23,23,32,4.0
A_k4_2od_x1.2,A,none,3,13,22,22,32,4.0
A_k4_2od_x1.2,A,none,3,14,22,22,30,4.0
A_k4_2od_x1.2,A,none,3,15,22,22,34,4.0
A_k4_2od_x1.2,A,none,4,1,24,24,30,2.2083333333333335
A_k4_2od_x1.2,A,none,4,2,23,23,37,4.0
A_k4_2od_x1.2,A,none,4,3,23,23,31,4.0
A_k4_2od_x1.2,A,none,4,4,23,23,34,4.0
A_k4_2od_x1.2,A,none,4,5,23,23,33,4.0
A_k4_2od_x1.2,A,none,4,6,23,23,34,4.0
A_k4_2od_x1.2,A,none,4,7,22,22,32,4.0
A_k4_2od_x1.2,A,none,4,8,23,23,35,4.0
A_k4_2od_x1.2,A,none,4,9,23,23,34,4.0
A_k4_2od_x1.2,A,none,4,10,22,22,33,4.0
A_k4_2od_x1.2,A,none,4,11,23,23,33,4.0
A_k4_2od_x1.2,A,none,4,12,22,22,32,4.0
A_k4_2od_x1.2,A,none,4,13,23,23,34,4.0
A_k4_2od_x1.2,A,none,4,14,23,23,35,4.0
A_k4_2od_x1.2,A,none,4,15,23,23,31,4.0
A_k4_2od_x1.2,A,none,5,1,24,22,27,2.375
A_k4_2od_x1.2,A,none,5,2,23,23,31,4.0
A_k4_2od_x1.2,A,none,5,3,23,23,33,4.0
A_k4_2od_x1.2,A,none,5,4,23,22,32,4.0
A_k4_2od_x1.2,A,none,5,5,23,23,37,4.0
A_k4_2od_x1.2,A,none,5,6,23,23,34,4.0
A_k4_2od_x1.2,A,none,5,7,23,23,34,4.0
A_k4_2od_x1.2,A,none,5,8,23,23,34,4.0
A_k4_2od_x1.2,A,none,5,9,23,23,33,4.0
A_k4_2od_x1.2,A,none,5,10,23,23,34,4.0
A_k4_2od_x1.2,A,none,5,11,23,23,32,4.0
A_k4_2od_x1.2,A,none,5,12,23,23,30,4.0
A_k4_2od_x1.2,A,none,5,13,23,23,35,4.0
A_k4_2od_x1.2,A,none,5,14,23,23,34,4.0
A_k4_2od_x1.2,A,none,5,15,23,23,34,4.0
A_k4_2od_x1.2,A,none,6,1,24,21,27,1.9583333333333333
A_k4_2od_x1.2,A,none,6,2,23,23,32,4.0
A_k4_2od_x1.2,A,none,6,3,23,23,34,4.0
A_k4_2od_x1.2,A,none,6,4,23,23,30,4.0
A_k4_2od_x1.2,A,none,6,5,23,23,36,4.0
A_k4_2od_x1.2,A,none,6,6,23,23,34,4.0
A_k4_2od_x1.2,A,none,6,7,22,22,32,4.0
A_k4_2od_x1.2,A,none,6,8,23,23,33,4.0
A_k4_2od_x1.2,A,none,6,9,23,23,31,4.0
A_k4_2od_x1.2,A,none,6,10,23,23,32,4.0
A_k4_2od_x1.2,A,none,6,11,22,22,36,4.0
A_k4_2od_x1.2,A,none,6,12,22,22,32,4.0
A_k4_2od_x1.2,A,none,6,13,23,23,34,4.0
A_k4_2od_x1.2,A,none,6,14,23,23,33,4.0
A_k4_2od_x1.2,A,none,6,15,23,23,34,4.0
A_k4_2od_x1.2,A,none,7,1,24,24,33,2.2916666666666665
A_k4_2od_x1.2,A,none,7,2,23,23,32,4.0
A_k4_2od_x1.2,A,none,7,3,23,23,31,4.0
A_k4_2od_x1.2,A,none,7,4,23,23,33,4.0
A_k4_2od_x1.2,A,none,7,5,23,23,31,4.0
A_k4_2od_x1.2,A,none,7,6,23,23,37,4.0
A_k4_2od_x1.2,A,none,7,7,22,22,31,4.0
A_k4_2od_x1.2,A,none,7,8,22,22,31,4.0
A_k4_2od_x1.2,A,none,7,9,23,23,31,4.0
A_k4_2od_x1.2,A,none,7,10,22,22,33,4.0
A_k4_2od_x1.2,A,none,7,11,20,20,33,4.0
A_k4_2od_x1.2,A,none,7,12,22,22,35,4.0
A_k4_2od_x1.2,A,none,7,13,23,23,33,4.0
A_k4_2od_x1.2,A,none,7,14,23,23,32,4.0
A_k4_2od_x1.2,A,none,7,15,23,23,33,4.0
A_k4_2od_x1.2,A,none,8,1,24,18,19,1.4166666666666667
A_k4_2od_x1.2,A,none,8,2,23,23,36,4.0
A_k4_2od_x1.2,A,none,8,3,23,23,34,4.0
A_k4_2od_x1.2,A,none,8,4,23,23,33,4.0
A_k4_2od_x1.2,A,none,8,5,23,23,31,4.0
A_k4_2od_x1.2,A,none,8,6,23,23,32,4.0
A_k4_2od_x1.2,A,none,8,7,22,22,30,4.0
A_k4_2od_x1.2,A,none,8,8,23,23,33,4.0
A_k4_2od_x1.2,A,none,8,9,23,23,33,4.0
A_k4_2od_x1.2,A,none,8,10,23,23,32,4.0
A_k4_2od_x1.2,A,none,8,11,23,23,33,4.0
A_k4_2od_x1.2,A,none,8,12,22,22,32,4.0
A_k4_2od_x1.2,A,none,8,13,23,23,34,4.0
A_k4_2od_x1.2,A,none,8,14,23,23,33,4.0
A_k4_2od_x1.2,A,none,8,15,23,23,34,4.0
A_k4_2od_x1.2,A,none,9,1,24,23,29,2.25
A_k4_2od_x1.2,A,none,9,2,23,23,34,4.0
A_k4_2od_x1.2,A,none,9,3,23,23,32,4.0
A_k4_2od_x1.2,A,none,9,4,22,22,35,4.0
A_k4_2od_x1.2,A,none,9,5,23,23,35,4.0
A_k4_2od_x1.2,A,none,9,6,23,23,36,4.0
A_k4_2od_x1.2,A,none,9,7,22,22,35,4.0
A_k4_2od_x1.2,A,none,9,8,23,23,34,4.0
A_k4_2od_x1.2,A,none,9,9,22,22,34,4.0
A_k4_2od_x1.2,A,none,9,10,22,22,32,4.0
A_k4_2od_x1.2,A,none,9,11,23,23,32,4.0
A_k4_2od_x1.2,A,none,9,12,20,20,29,4.0
A_k4_2od_x1.2,A,none,9,13,23,23,30,4.0
A_k4_2od_x1.2,A,none,9,14,23,23,34,4.0
A_k4_2od_x1.2,A,none,9,15,23,23,30,4.0
A_k4_3od_x0.8,A,both,0,1,24,22,28,2.2916666666666665
A_k4_3od_x0.8,A,both,0,2,24,24,34,4.0
A_k4_3od_x0.8,A,both,0,3,24,23,32,4.0
A_k4_3od_x0.8,A,both,0,4,24,24,30,4.0
A_k4_3od_x0.8,A,both,0,5,24,24,33,4.0
A_k4_3od_x0.8,A,both,0,6,24,24,35,4.0
A_k4_3od_x0.8,A,both,0,7,24,24,28,4.0
A_k4_3od_x0.8,A,both,0,8,24,24,31,4.0
A_k4_3od_x0.8,A,both,0,9,24,24,32,4.0
A_k4_3od_x0.8,A,both,0,10,24,24,31,4.0
A_k4_3od_x0.8,A,both,0,11,24,24,30,4.0
A_k4_3od_x0.8,A,both,0,12,24,23,29,4.0
A_k4_3od_x0.8,A,both,0,13,24,24,34,4.0
A_k4_3od_x0.8,A,both,0,14,24,24,29,4.0
A_k4_3od_x0.8,A,both,0,15,24,24,30,4.0
A_k4_3od_x0.8,A,both,1,1,24,18,25,1.875
A_k4_3od_x0.8,A,both,1,2,24,24,36,3.9583333333333335
A_k4_3od_x0.8,A,both,1,3,24,24,34,3.9583333333333335
A_k4_3od_x0.8,A,both,1,4,24,24,35,4.0
A_k4_3od_x0.8,A,both,1,5,24,24,31,4.0
A_k4_3od_x0.8,A,both,1,6,24,24,33,4.0
A_k4_3od_x0.8,A,both,1,7,24,24,29,4.0
A_k4_3od_x0.8,A,both,1,8,24,24,28,4.0
A_k4_3od_x0.8,A,both,1,9,24,24,33,4.0
A_k4_3od_x0.8,A,both,1,10,24,24,32,4.0
A_k4_3od_x0.8,A,both,1,11,24,24,34,4.0
A_k4_3od_x0.8,A,both,1,12,24,24,32,4.0
A_k4_3od_x0.8,A,both,1,13,24,23,32,4.0
A_k4_3od_x0.8,A,both,1,14,24,24,30,4.0
A_k4_3od_x0.8,A,both,1,15,24,24,31,4.0
A_k4_3od_x0.8,A,both,2,1,24,19,29,2.0
A_k4_3od_x0.8,A,both,2,2,24,24,37,3.9166666666666665
A_k4_3od_x0.8,A,both,2,3,24,24,34,4.0
A_k4_3od_x0.8,A,both,2,4,24,24,33,4.0
A_k4_3od_x0.8,A,both,2,5,24,24,31,4.0
A_k4_3od_x0.8,A,both,2,6,24,24,34,4.0
A_k4_3od_x0.8,A,both,2,7,24,24,32,4.0
A_k4_3od_x0.8,A,both,2,8,24,24,31,4.0
A_k4_3od_x0.8,A,both,2,9,24,24,30,4.0
A_k4_3od_x0.8,A,both,2,10,24,24,27,4.0
A_k4_3od_x0.8,A,both,2,11,24,24,30,4.0
A_k4_3od_x0.8,A,both,2,12,24,24,35,4.0
A_k4_3od_x0.8,A,both,2,13,24,24,32,4.0
A_k4_3od_x0.8,A,both,2,14,24,24,34,4.0
A_k4_3od_x0.8,A,both,2,15,24,24,31,4.0
A_k4_3od_x0.8,A,both,3,1,24,21,30,2.4166666666666665
A_k4_3od_x0.8,A,both,3,2,24,24,31,4.0
A_k4_3od_x0.8,A,both,3,3,24,23,31,4.0
A_k4_3od_x0.8,A,both,3,4,24,23,34,4.0
A_k4_3od_x0.8,A,both,3,5,24,23,31,4.0
A_k4_3od_x0.8,A,both,3,6,24,24,33,4.0
A_k4_3od_x0.8,A,both,3,7,24,24,30,4.0
A_k4_3od_x0.8,A,both,3,8,24,23,33,4.0
A_k4_3od_x0.8,A,both,3,9,24,24,31,4.0
A_k4_3od_x0.8,A,both,3,10,24,24,31,4.0
A_k4_3od_x0.8,A,both,3,11,24,24,31,4.0
A_k4_3od_x0.8,A,both,3,12,24,24,33,4.0
A_k4_3od_x0.8,A,both,3,13,24,24,30,4.0
A_k4_3od_x0.8,A,both,3,14,24,24,30,4.0
A_k4_3od_x0.8,A,both,3,15,24,24,29,4.0
A_k4_3od_x0.8,A,both,4,1,24,18,22,1.5833333333333333
A_k4_3od_x0.8,A,both,4,2,24,24,35,3.9583333333333335
A_k4_3od_x0.8,A,both,4,3,24,24,33,4.0
A_k4_3od_x0.8,A,both,4,4,24,24,31,4.0
A_k4_3od_x0.8,A,both,4,5,24,24,30,4.0
A_k4_3od_x0.8,A,both,4,6,24,24,31,4.0
A_k4_3od_x0.8,A,both,4,7,24,24,31,4.0
A_k4_3od_x0.8,A,both,4,8,24,24,35,4.0
A_k4_3od_x0.8,A,both,4,9,24,24,28,4.0
A_k4_3od_x0.8,A,both,4,10,24,24,28,4.0
A_k4_3od_x0.8,A,both,4,11,24,24,32,4.0
A_k4_3od_x0.8,A,both,4,12,24,24,32,4.0
A_k4_3od_x0.8,A,both,4,13,24,24,34,4.0
A_k4_3od_x0.8,A,both,4,14,24,24,33,4.0
A_k4_3od_x0.8,A,both,4,15,24,24,31,4.0
A_k4_3od_x0.8,A,both,5,1,24,20,27,1.875
A_k4_3od_x0.8,A,both,5,2,24,24,35,3.875
A_k4_3od_x0.8,A,both,5,3,24,24,31,4.0
A_k4_3od_x0.8,A,both,5,4,24,24,32,4.0
A_k4_3od_x0.8,A,both,5,5,24,24,31,4.0
A_k4_3od_x0.8,A,both,5,6,24,24,32,4.0
A_k4_3od_x0.8,A,both,5,7,24,23,31,4.0
A_k4_3od_x0.8,A,both,5,8,24,24,31,4.0
A_k4_3od_x0.8,A,both,5,9,24,24,30,4.0
A_k4_3od_x0.8,A,both,5,10,24,24,27,4.0
A_k4_3od_x0.8,A,both,5,11,24,23,30,4.0
A_k4_3od_x0.8,A,both,5,12,24,24,31,4.0
A_k4_3od_x0.8,A,both,5,13,24,24,34,4.0
A_k4_3od_x0.8,A,both,5,14,24,24,31,4.0
A_k4_3od_x0.8,A,both,5,15,24,24,31,4.0
A_k4_3od_x0.8,A,both,6,1,24,20,33,2.2083333333333335
A_k4_3od_x0.8,A,both,6,2,24,24,33,4.0
A_k4_3od_x0.8,A,both,6,3,24,24,34,4.0
A_k4_3od_x0.8,A,both,6,4,24,24,32,4.0
A_k4_3od_x0.8,A,both,6,5,24,24,34,4.0
A_k4_3od_x0.8,A,both,6,6,24,24,29,4.0
A_k4_3od_x0.8,A,both,6,7,24,24,34,4.0
A_k4_3od_x0.8,A,both,6,8,24,23,32,4.0
A_k4_3od_x0.8,A,both,6,9,24,24,33,4.0
A_k4_3od_x0.8,A,both,6,10,24,24,29,4.0
A_k4_3od_x0.8,A,both,6,11,24,24,30,4.0
A_k4_3od_x0.8,A,both,6,12,24,24,31,4.0
A_k4_3od_x0.8,A,both,6,13,24,24,32,4.0
A_k4_3od_x0.8,A,both,6,14,24,24,33,4.0
A_k4_3od_x0.8,A,both,6,15,24,24,30,4.0
A_k4_3od_x0.8,A,both,7,1,24,15,26,1.625
A_k4_3od_x0.8,A,both,7,2,24,24,34,4.0
A_k4_3od_x0.8,A,both,7,3,24,24,34,4.0
A_k4_3od_x0.8,A,both,7,4,24,24,33,4.0
A_k4_3od_x0.8,A,both,7,5,24,24,34,4.0
A_k4_3od_x0.8,A,both,7,6,24,24,34,4.0
A_k4_3od_x0.8,A,both,7,7,24,24,32,4.0
A_k4_3od_x0.8,A,both,7,8,24,24,33,4.0
A_k4_3od_x0.8,A,both,7,9,24,24,32,4.0
A_k4_3od_x0.8,A,both,7,10,24,24,30,4.0
A_k4_3od_x0.8,A,both,7,11,24,24,35,4.0
A_k4_3od_x0.8,A,both,7,12,24,24,29,4.0
A_k4_3od_x0.8,A,both,7,13,24,24,33,4.0
A_k4_3od_x0.8,A,both,7,14,24,24,34,4.0
A_k4_3od_x0.8,A,both,7,15,24,24,29,4.0
A_k4_3od_x0.8,A,both,8,1,24,19,27,1.875
A_k4_3od_x0.8,A,both,8,2,24,24,34,3.9583333333333335
A_k4_3od_x0.8,A,both,8,3,24,24,35,4.0
A_k4_3od_x0.8,A,both,8,4,24,24,31,4.0
A_k4_3od_x0.8,A,both,8,5,24,24,33,4.0
A_k4_3od_x0.8,A,both,8,6,24,24,29,4.0
A_k4_3od_x0.8,A,both,8,7,24,24,29,4.0
A_k4_3od_x0.8,A,both,8,8,24,24,32,4.0
A_k4_3od_x0.8,A,both,8,9,24,24,31,4.0
A_k4_3od_x0.8,A,both,8,10,24,24,30,4.0
A_k4_3od_x0.8,A,both,8,11,24,24,32,4.0
A_k4_3od_x0.8,A,both,8,12,24,24,32,4.0
A_k4_3od_x0.8,A,both,8,13,24,24,34,4.0
A_k4_3od_x0.8,A,both,8,14,24,24,31,4.0
A_k4_3od_x0.8,A,both,8,15,24,23,32,4.0
A_k4_3od_x0.8,A,both,9,1,24,20,30,2.0416666666666665
A_k4_3od_x0.8,A,both,9,2,24,24,33,3.9583333333333335
A_k4_3od_x0.8,A,both,9,3,24,24,36,4.0
A_k4_3od_x0.8,A,both,9,4,24,24,30,4.0
A_k4_3od_x0.8,A,both,9,5,24,24,36,4.0
A_k4_3od_x0.8,A,both,9,6,24,24,29,4.0
A_k4_3od_x0.8,A,both,9,7,24,24,28,4.0
A_k4_3od_x0.8,A,both,9,8,24,24,31,4.0
A_k4_3od_x0.8,A,both,9,9,24,24,31,4.0
A_k4_3od_x0.8,A,both,9,10,24,24,32,4.0
A_k4_3od_x0.8,A,both,9,11,24,24,30,4.0
A_k4_3od_x0.8,A,both,9,12,24,24,29,4.0
A_k4_3od_x0.8,A,both,9,13,24,24,28,4.0
A_k4_3od_x0.8,A,both,9,14,24,24,27,4.0
A_k4_3od_x0.8,A,both,9,15,24,23,33,4.0
A_k4_3od_x0.8,A,init,0,1,24,22,28,2.2916666666666665
A_k4_3od_x0.8,A,init,0,2,24,24,35,4.0
A_k4_3od_x0.8,A,init,0,3,24,24,34,4.0
A_k4_3od_x0.8,A,init,0,4,24,24,34,4.0
A_k4_3od_x0.8,A,init,0,5,24,24,34,4.0
A_k4_3od_x0.8,A,init,0,6,24,24,36,4.0
A_k4_3od_x0.8,A,init,0,7,24,24,32,4.0
A_k4_3od_x0.8,A,init,0,8,24,24,33,4.0
A_k4_3od_x0.8,A,init,0,9,24,24,34,4.0
A_k4_3od_x0.8,A,init,0,10,24,24,31,4.0
A_k4_3od_x0.8,A,init,0,11,24,24,31,4.0
A_k4_3od_x0.8,A,init,0,12,24,24,31,4.0
A_k4_3od_x0.8,A,init,0,13,24,24,32,4.0
A_k4_3od_x0.8,A,init,0,14,24,24,32,4.0
A_k4_3od_x0.8,A,init,0,15,24,24,35,4.0
A_k4_3od_x0.8,A,init,1,1,24,18,25,1.875
A_k4_3od_x0.8,A,init,1,2,24,24,34,3.9583333333333335
A_k4_3od_x0.8,A,init,1,3,24,24,33,3.9583333333333335
A_k4_3od_x0.8,A,init,1,4,24,24,34,4.0
A_k4_3od_x0.8,A,init,1,5,24,24,34,4.0
A_k4_3od_x0.8,A,init,1,6,24,24,34,4.0
A_k4_3od_x0.8,A,init,1,7,24,24,30,4.0
A_k4_3od_x0.8,A,init,1,8,24,24,30,4.0
A_k4_3od_x0.8,A,init,1,9,24,24,33,4.0
A_k4_3od_x0.8,A,init,1,10,24,24,31,4.0
A_k4_3od_x0.8,A,init,1,11,24,24,32,4.0
A_k4_3od_x0.8,A,init,1,12,24,24,31,4.0
A_k4_3od_x0.8,A,init,1,13,24,24,30,4.0
A_k4_3od_x0.8,A,init,1,14,24,24,30,4.0
A_k4_3od_x0.8,A,init,1,15,24,24,32,4.0
A_k4_3od_x0.8,A,init,2,1,24,19,29,2.0
A_k4_3od_x0.8,A,init,2,2,24,24,34,3.9166666666666665
A_k4_3od_x0.8,A,init,2,3,24,24,36,4.0
A_k4_3od_x0.8,A,init,2,4,24,24,32,4.0
A_k4_3od_x0.8,A,init,2,5,24,24,31,4.0
A_k4_3od_x0.8,A,init,2,6,24,24,34,4.0
A_k4_3od_x0.8,A,init,2,7,24,24,35,4.0
A_k4_3od_x0.8,A,init,2,8,24,24,30,4.0
A_k4_3od_x0.8,A,init,2,9,24,24,31,4.0
A_k4_3od_x0.8,A,init,2,10,24,24,35,4.0
A_k4_3od_x0.8,A,init,2,11,24,24,34,4.0
A_k4_3od_x0.8,A,init,2,12,24,24,35,4.0
A_k4_3od_x0.8,A,init,2,13,24,23,34,4.0
A_k4_3od_x0.8,A,init,2,14,24,23,31,4.0
A_k4_3od_x0.8,A,init,2,15,24,24,32,4.0
A_k4_3od_x0.8,A,init,3,1,24,21,30,2.4166666666666665
A_k4_3od_x0.8,A,init,3,2,24,24,34,4.0
A_k4_3od_x0.8,A,init,3,3,24,24,33,4.0
A_k4_3od_x0.8,A,init,3,4,24,24,34,4.0
A_k4_3od_x0.8,A,init,3,5,24,24,29,4.0
A_k4_3od_x0.8,A,init,3,6,24,23,31,4.0
A_k4_3od_x0.8,A,init,3,7,24,24,32,4.0
A_k4_3od_x0.8,A,init,3,8,24,24,32,4.0
A_k4_3od_x0.8,A,init,3,9,24,24,33,4.0
A_k4_3od_x0.8,A,init,3,10,24,24,31,4.0
A_k4_3od_x0.8,A,init,3,11,24,24,33,4.0
A_k4_3od_x0.8,A,init,3,12,24,24,33,4.0
A_k4_3od_x0.8,A,init,3,13,24,24,34,4.0
A_k4_3od_x0.8,A,init,3,14,24,24,32,4.0
A_k4_3od_x0.8,A,init,3,15,24,24,33,4.0
A_k4_3od_x0.8,A,init,4,1,24,18,22,1.5833333333333333
A_k4_3od_x0.8,A,init,4,2,24,24,33,3.9583333333333335
A_k4_3od_x0.8,A,init,4,3,24,24,32,4.0
A_k4_3od_x0.8,A,init,4,4,24,24,32,4.0
A_k4_3od_x0.8,A,init,4,5,24,24,33,4.0
A_k4_3od_x0.8,A,init,4,6,24,24,32,4.0
A_k4_3od_x0.8,A,init,4,7,24,24,33,4.0
A_k4_3od_x0.8,A,init,4,8,24,24,31,4.0
A_k4_3od_x0.8,A,init,4,9,24,23,31,4.0
A_k4_3od_x0.8,A,init,4,10,24,24,32,4.0
A_k4_3od_x0.8,A,init,4,11,24,24,32,4.0
A_k4_3od_x0.8,A,init,4,12,24,24,33,4.0
A_k4_3od_x0.8,A,init,4,13,24,24,30,4.0
A_k4_3od_x0.8,A,init,4,14,24,24,35,4.0
A_k4_3od_x0.8,A,init,4,15,24,24,33,4.0
A_k4_3od_x0.8,A,init,5,1,24,20,27,1.875
A_k4_3od_x0.8,A,init,5,2,24,24,36,3.875
A_k4_3od_x0.8,A,init,5,3,24,24,35,4.0
A_k4_3od_x0.8,A,init,5,4,24,24,32,4.0
A_k4_3od_x0.8,A,init,5,5,24,24,32,4.0
A_k4_3od_x0.8,A,init,5,6,24,23,29,4.0
A_k4_3od_x0.8,A,init,5,7,24,24,30,4.0
A_k4_3od_x0.8,A,init,5,8,24,24,34,4.0
A_k4_3od_x0.8,A,init,5,9,24,24,32,4.0
A_k4_3od_x0.8,A,init,5,10,24,24,30,4.0
A_k4_3od_x0.8,A,init,5,11,24,24,30,4.0
A_k4_3od_x0.8,A,init,5,12,24,24,32,4.0
A_k4_3od_x0.8,A,init,5,13,24,24,35,4.0
A_k4_3od_x0.8,A,init,5,14,24,24,37,4.0
A_k4_3od_x0.8,A,init,5,15,24,24,32,4.0
A_k4_3od_x0.8,A,init,6,1,24,20,33,2.2083333333333335
A_k4_3od_x0.8,A,init,6,2,24,24,31,4.0
A_k4_3od_x0.8,A,init,6,3,24,24,36,4.0
A_k4_3od_x0.8,A,init,6,4,24,24,34,4.0
A_k4_3od_x0.8,A,init,6,5,24,24,33,4.0
A_k4_3od_x0.8,A,init,6,6,24,24,37,4.0
A_k4_3od_x0.8,A,init,6,7,24,24,31,4.0
A_k4_3od_x0.8,A,init,6,8,24,24,33,4.0
A_k4_3od_x0.8,A,init,6,9,24,24,29,4.0
A_k4_3od_x0.8,A,init,6,10,24,24,31,4.0
A_k4_3od_x0.8,A,init,6,11,24,24,32,4.0
A_k4_3od_x0.8,A,init,6,12,24,24,31,4.0
A_k4_3od_x0.8,A,init,6,13,24,23,34,4.0
A_k4_3od_x0.8,A,init,6,14,24,23,30,4.0
A_k4_3od_x0.8,A,init,6,15,24,24,34,4.0
A_k4_3od_x0.8,A,init,7,1,24,15,26,1.625
A_k4_3od_x0.8,A,init,7,2,24,24,34,4.0
A_k4_3od_x0.8,A,init,7,3,24,24,32,4.0
A_k4_3od_x0.8,A,init,7,4,24,24,35,4.0
A_k4_3od_x0.8,A,init,7,5,24,24,33,4.0
A_k4_3od_x0.8,A,init,7,6,24,24,34,4.0
A_k4_3od_x0.8,A,init,7,7,24,24,34,4.0
A_k4_3od_x0.8,A,init,7,8,24,24,31,4.0
A_k4_3od_x0.8,A,init,7,9,24,24,34,4.0
A_k4_3od_x0.8,A,init,7,10,24,24,33,4.0
A_k4_3od_x0.8,A,init,7,11,24,24,33,4.0
A_k4_3od_x0.8,A,init,7,12,24,24,31,4.0
A_k4_3od_x0.8,A,init,7,13,24,24,33,4.0
A_k4_3od_x0.8,A,init,7,14,24,24,33,4.0
A_k4_3od_x0.8,A,init,7,15,24,24,32,4.0
A_k4_3od_x0.8,A,init,8,1,24,19,27,1.875
A_k4_3od_x0.8,A,init,8,2,24,24,36,3.9583333333333335
A_k4_3od_x0.8,A,init,8,3,24,24,35,4.0
A_k4_3od_x0.8,A,init,8,4,24,24,32,4.0
A_k4_3od_x0.8,A,init,8,5,24,24,33,4.0
A_k4_3od_x0.8,A,init,8,6,24,24,33,4.0
A_k4_3od_x0.8,A,init,8,7,24,24,34,4.0
A_k4_3od_x0.8,A,init,8,8,24,24,31,4.0
A_k4_3od_x0.8,A,init,8,9,24,24,37,4.0
A_k4_3od_x0.8,A,init,8,10,24,24,35,4.0
A_k4_3od_x0.8,A,init,8,11,24,24,34,4.0
A_k4_3od_x0.8,A,init,8,12,24,24,33,4.0
A_k4_3od_x0.8,A,init,8,13,24,24,34,4.0
A_k4_3od_x0.8,A,init,8,14,24,24,34,4.0
A_k4_3od_x0.8,A,init,8,15,24,24,28,4.0
A_k4_3od_x0.8,A,init,9,1,24,20,30,2.0416666666666665
A_k4_3od_x0.8,A,init,9,2,24,24,31,3.9583333333333335
A_k4_3od_x0.8,A,init,9,3,24,24,32,4.0
A_k4_3od_x0.8,A,init,9,4,24,24,35,4.0
A_k4_3od_x0.8,A,init,9,5,24,24,34,4.0
A_k4_3od_x0.8,A,init,9,6,24,24,36,4.0
A_k4_3od_x0.8,A,init,9,7,24,24,32,4.0
A_k4_3od_x0.8,A,init,9,8,24,24,31,4.0
A_k4_3od_x0.8,A,init,9,9,24,24,29,4.0
A_k4_3od_x0.8,A,init,9,10,24,24,32,4.0
A_k4_3od_x0.8,A,init,9,11,24,24,32,4.0
A_k4_3od_x0.8,A,init,9,12,24,24,31,4.0
A_k4_3od_x0.8,A,init,9,13,24,24,32,4.0
A_k4_3od_x0.8,A,init,9,14,24,24,34,4.0
A_k4_3od_x0.8,A,init,9,15,24,24,33,4.0
A_k4_3od_x0.8,A,mutation,0,1,24,24,26,1.7916666666666667
A_k4_3od_x0.8,A,mutation,0,2,24,24,34,4.0
A_k4_3od_x0.8,A,mutation,0,3,24,24,34,4.0
A_k4_3od_x0.8,A,mutation,0,4,24,24,34,4.0
A_k4_3od_x0.8,A,mutation,0,5,24,24,30,4.0
A_k4_3od_x0.8,A,mutation,0,6,24,24,34,4.0
A_k4_3od_x0.8,A,mutation,0,7,24,24,31,4.0
A_k4_3od_x0.8,A,mutation,0,8,24,24,33,4.0
A_k4_3od_x0.8,A,mutation,0,9,24,24,31,4.0
A_k4_3od_x0.8,A,mutation,0,10,24,24,31,4.0
A_k4_3od_x0.8,A,mutation,0,11,24,24,33,4.0
A_k4_3od_x0.8,A,mutation,0,12,24,24,33,4.0
A_k4_3od_x0.8,A,mutation,0,13,24,24,32,4.0
A_k4_3od_x0.8,A,mutation,0,14,24,24,31,4.0
A_k4_3od_x0.8,A,mutation,0,15,24,24,33,4.0
A_k4_3od_x0.8,A,mutation,1,1,24,24,28,2.0
A_k4_3od_x0.8,A,mutation,1,2,24,24,31,3.9166666666666665
A_k4_3od_x0.8,A,mutation,1,3,24,24,33,4.0
A_k4_3od_x0.8,A,mutation,1,4,24,24,32,4.0
A_k4_3od_x0.8,A,mutation,1,5,24,24,32,4.0
A_k4_3od_x0.8,A,mutation,1,6,24,24,33,4.0
A_k4_3od_x0.8,A,mutation,1,7,24,24,28,4.0
A_k4_3od_x0.8,A,mutation,1,8,24,24,31,4.0
A_k4_3od_x0.8,A,mutation,1,9,24,24,31,4.0
A_k4_3od_x0.8,A,mutation,1,10,24,24,31,4.0
A_k4_3od_x0.8,A,mutation,1,11,24,24,33,4.0
A_k4_3od_x0.8,A,mutation,1,12,24,24,31,4.0
A_k4_3od_x0.8,A,mutation,1,13,24,24,32,4.0
A_k4_3od_x0.8,A,mutation,1,14,24,24,32,4.0
A_k4_3od_x0.8,A,mutation,1,15,24,24,32,4.0
A_k4_3od_x0.8,A,mutation,2,1,24,20,27,1.75
A_k4_3od_x0.8,A,mutation,2,2,24,24,33,3.9166666666666665
A_k4_3od_x0.8,A,mutation,2,3,24,24,32,4.0
A_k4_3od_x0.8,A,mutation,2,4,24,24,33,4.0
A_k4_3od_x0.8,A,mutation,2,5,24,24,31,4.0
A_k4_3od_x0.8,A,mutation,2,6,24,24,31,4.0
A_k4_3od_x0.8,A,mutation,2,7,24,24,31,4.0
A_k4_3od_x0.8,A,mutation,2,8,24,24,32,4.0
A_k4_3od_x0.8,A,mutation,2,9,24,23,30,4.0
A_k4_3od_x0.8,A,mutation,2,10,24,23,30,4.0
A_k4_3od_x0.8,A,mutation,2,11,24,24,26,4.0
A_k4_3od_x0.8,A,mutation,2,12,24,24,33,4.0
A_k4_3od_x0.8,A,mutation,2,13,24,24,30,4.0
A_k4_3od_x0.8,A,mutation,2,14,24,24,31,4.0
A_k4_3od_x0.8,A,mutation,2,15,24,24,29,4.0
A_k4_3od_x0.8,A,mutation,3,1,24,21,26,1.9166666666666667
A_k4_3od_x0.8,A,mutation,3,2,24,24,36,3.8333333333333335
A_k4_3od_x0.8,A,mutation,3,3,24,24,32,4.0
A_k4_3od_x0.8,A,mutation,3,4,24,24,31,4.0
A_k4_3od_x0.8,A,mutation,3,5,24,24,31,4.0
A_k4_3od_x0.8,A,mutation,3,6,24,24,30,4.0
A_k4_3od_x0.8,A,mutation,3,7,24,24,29,4.0
A_k4_3od_x0.8,A,mutation,3,8,24,24,29,4.0
A_k4_3od_x0.8,A,mutation,3,9,24,24,30,4.0
A_k4_3od_x0.8,A,mutation,3,10,24,24,30,4.0
A_k4_3od_x0.8,A,mutation,3,11,24,24,34,4.0
A_k4_3od_x0.8,A,mutation,3,12,24,24,32,4.0
A_k4_3od_x0.8,A,mutation,3,13,24,24,30,4.0
A_k4_3od_x0.8,A,mutation,3,14,24,24,28,4.0
A_k4_3od_x0.8,A,mutation,3,15,24,24,30,4.0
A_k4_3od_x0.8,A,mutation,4,1,24,21,31,2.1666666666666665
A_k4_3od_x0.8,A,mutation,4,2,24,24,34,3.9166666666666665
A_k4_3od_x0.8,A,mutation,4,3,24,24,32,4.0
A_k4_3od_x0.8,A,mutation,4,4,24,23,29,4.0
A_k4_3od_x0.8,A,mutation,4,5,24,23,33,4.0
A_k4_3od_x0.8,A,mutation,4,6,24,24,31,4.0
A_k4_3od_x0.8,A,mutation,4,7,24,24,33,4.0
A_k4_3od_x0.8,A,mutation,4,8,24,24,30,4.0
A_k4_3od_x0.8,A,mutation,4,9,24,24,35,4.0
A_k4_3od_x0.8,A,mutation,4,10,24,24,30,4.0
A_k4_3od_x0.8,A,mutation,4,11,24,24,29,4.0
A_k4_3od_x0.8,A,mutation,4,12,24,24,32,4.0
A_k4_3od_x0.8,A,mutation,4,13,24,24,29,4.0
A_k4_3od_x0.8,A,mutation,4,14,24,24,29,4.0
A_k4_3od_x0.8,A,mutation,4,15,24,24,30,4.0
A_k4_3od_x0.8,A,mutation,5,1,24,20,24,1.75
A_k4_3od_x0.8,A,mutation,5,2,24,24,35,3.9166666666666665
A_k4_3od_x0.8,A,mutation,5,3,24,24,34,4.0
A_k4_3od_x0.8,A,mutation,5,4,24,23,33,4.0
A_k4_3od_x0.8,A,mutation,5,5,24,24,35,4.0
A_k4_3od_x0.8,A,mutation,5,6,24,24,30,4.0
A_k4_3od_x0.8,A,mutation,5,7,24,24,34,4.0
A_k4_3od_x0.8,A,mutation,5,8,24,24,34,4.0
A_k4_3od_x0.8,A,mutation,5,9,24,24,31,4.0
A_k4_3od_x0.8,A,mutation,5,10,24,24,30,4.0
A_k4_3od_x0.8,A,mutation,5,11,24,24,31,4.0
A_k4_3od_x0.8,A,mutation,5,12,24,24,34,4.0
A_k4_3od_x0.8,A,mutation,5,13,24,24,30,4.0
A_k4_3od_x0.8,A,mutation,5,14,24,24,29,4.0
A_k4_3od_x0.8,A,mutation,5,15,24,24,34,4.0
A_k4_3od_x0.8,A,mutation,6,1,24,23,32,2.25
A_k4_3od_x0.8,A,mutation,6,2,24,24,30,4.0
A_k4_3od_x0.8,A,mutation,6,3,24,24,31,4.0
A_k4_3od_x0.8,A,mutation,6,4,24,24,31,4.0
A_k4_3od_x0.8,A,mutation,6,5,24,24,33,4.0
A_k4_3od_x0.8,A,mutation,6,6,24,24,34,4.0
A_k4_3od_x0.8,A,mutation,6,7,24,24,32,4.0
A_k4_3od_x0.8,A,mutation,6,8,24,24,29,4.0
A_k4_3od_x0.8,A,mutation,6,9,24,24,31,4.0
A_k4_3od_x0.8,A,mutation,6,10,24,23,34,4.0
A_k4_3od_x0.8,A,mutation,6,11,24,24,29,4.0
A_k4_3od_x0.8,A,mutation,6,12,24,24,29,4.0
A_k4_3od_x0.8,A,mutation,6,13,24,24,32,4.0
A_k4_3od_x0.8,A,mutation,6,14,24,23,31,4.0
A_k4_3od_x0.8,A,mutation,6,15,24,23,31,4.0
A_k4_3od_x0.8,A,mutation,7,1,24,19,28,1.7916666666666667
A_k4_3od_x0.8,A,mutation,7,2,24,24,33,3.9166666666666665
A_k4_3od_x0.8,A,mutation,7,3,24,24,31,4.0
A_k4_3od_x0.8,A,mutation,7,4,24,24,33,4.0
A_k4_3od_x0.8,A,mutation,7,5,24,24,34,4.0
A_k4_3od_x0.8,A,mutation,7,6,24,24,32,4.0
A_k4_3od_x0.8,A,mutation,7,7,24,24,29,4.0
A_k4_3od_x0.8,A,mutation,7,8,24,23,31,4.0
A_k4_3od_x0.8,A,mutation,7,9,24,24,30,4.0
A_k4_3od_x0.8,A,mutation,7,10,24,23,34,4.0
A_k4_3od_x0.8,A,mutation,7,11,24,23,29,4.0
A_k4_3od_x0.8,A,mutation,7,12,24,24,32,4.0
A_k4_3od_x0.8,A,mutation,7,13,24,24,33,4.0
A_k4_3od_x0.8,A,mutation,7,14,24,24,34,4.0
A_k4_3od_x0.8,A,mutation,7,15,24,24,30,4.0
A_k4_3od_x0.8,A,mutation,8,1,24,20,22,1.375
A_k4_3od_x0.8,A,mutation,8,2,24,24,34,3.9166666666666665
A_k4_3od_x0.8,A,mutation,8,3,24,24,32,4.0
A_k4_3od_x0.8,A,mutation,8,4,24,24,33,4.0
A_k4_3od_x0.8,A,mutation,8,5,24,23,31,4.0
A_k4_3od_x0.8,A,mutation,8,6,24,24,32,4.0
A_k4_3od_x0.8,A,mutation,8,7,24,24,37,4.0
A_k4_3od_x0.8,A,mutation,8,8,24,24,32,4.0
A_k4_3od_x0.8,A,mutation,8,9,24,24,30,4.0
A_k4_3od_x0.8,A,mutation,8,10,24,24,33,4.0
A_k4_3od_x0.8,A,mutation,8,11,24,24,32,4.0
A_k4_3od_x0.8,A,mutation,8,12,24,24,31,4.0
A_k4_3od_x0.8,A,mutation,8,13,24,24,31,4.0
A_k4_3od_x0.8,A,mutation,8,14,24,24,30,4.0
A_k4_3od_x0.8,A,mutation,8,15,24,24,33,4.0
A_k4_3od_x0.8,A,mutation,9,1,24,24,26,2.1666666666666665
A_k4_3od_x0.8,A,mutation,9,2,24,24,33,3.875
A_k4_3od_x0.8,A,mutation,9,3,24,24,33,4.0
A_k4_3od_x0.8,A,mutation,9,4,24,23,31,4.0
A_k4_3od_x0.8,A,mutation,9,5,24,24,33,4.0
A_k4_3od_x0.8,A,mutation,9,6,24,24,32,4.0
A_k4_3od_x0.8,A,mutation,9,7,24,24,32,4.0
A_k4_3od_x0.8,A,mutation,9,8,24,24,31,4.0
A_k4_3od_x0.8,A,mutation,9,9,24,24,30,4.0
A_k4_3od_x0.8,A,mutation,9,10,24,24,30,4.0
A_k4_3od_x0.8,A,mutation,9,11,24,24,31,4.0
A_k4_3od_x0.8,A,mutation,9,12,24,24,32,4.0
A_k4_3od_x0.8,A,mutation,9,13,24,24,33,4.0
A_k4_3od_x0.8,A,mutation,9,14,24,24,30,4.0
A_k4_3od_x0.8,A,mutation,9,15,24,24,29,4.0
A_k4_3od_x0.8,A,none,0,1,24,24,26,1.7916666666666667
A_k4_3od_x0.8,A,none,0,2,24,24,33,4.0
A_k4_3od_x0.8,A,none,0,3,24,24,35,4.0
A_k4_3od_x0.8,A,none,0,4,24,24,35,4.0
A_k4_3od_x0.8,A,none,0,5,24,24,32,4.0
A_k4_3od_x0.8,A,none,0,6,24,24,31,4.0
A_k4_3od_x0.8,A,none,0,7,24,24,31,4.0
A_k4_3od_x0.8,A,none,0,8,24,24,33,4.0
A_k4_3od_x0.8,A,none,0,9,24,24,35,4.0
A_k4_3od_x0.8,A,none,0,10,24,24,32,4.0
A_k4_3od_x0.8,A,none,0,11,24,24,33,4.0
A_k4_3od_x0.8,A,none,0,12,24,24,34,4.0
A_k4_3od_x0.8,A,none,0,13,24,24,31,4.0
A_k4_3od_x0.8,A,none,0,14,24,24,32,4.0
A_k4_3od_x0.8,A,none,0,15,24,24,33,4.0
A_k4_3od_x0.8,A,none,1,1,24,24,28,2.0
A_k4_3od_x0.8,A,none,1,2,24,24,31,3.9166666666666665
A_k4_3od_x0.8,A,none,1,3,24,24,33,4.0
A_k4_3od_x0.8,A,none,1,4,24,24,34,4.0
A_k4_3od_x0.8,A,none,1,5,24,24,34,4.0
A_k4_3od_x0.8,A,none,1,6,24,24,31,4.0
A_k4_3od_x0.8,A,none,1,7,24,24,32,4.0
A_k4_3od_x0.8,A,none,1,8,24,24,31,4.0
A_k4_3od_x0.8,A,none,1,9,24,24,35,4.0
A_k4_3od_x0.8,A,none,1,10,24,24,34,4.0
A_k4_3od_x0.8,A,none,1,11,24,24,32,4.0
A_k4_3od_x0.8,A,none,1,12,24,24,32,4.0
A_k4_3od_x0.8,A,none,1,13,24,24,33,4.0
A_k4_3od_x0.8,A,none,1,14,24,24,28,4.0
A_k4_3od_x0.8,A,none,1,15,24,24,34,4.0
A_k4_3od_x0.8,A,none,2,1,24,20,27,1.75
A_k4_3od_x0.8,A,none,2,2,24,24,32,3.9166666666666665
A_k4_3od_x0.8,A,none,2,3,24,24,32,4.0
A_k4_3od_x0.8,A,none,2,4,24,24,34,4.0
A_k4_3od_x0.8,A,none,2,5,24,24,35,4.0
A_k4_3od_x0.8,A,none,2,6,24,24,36,4.0
A_k4_3od_x0.8,A,none,2,7,24,24,29,4.0
A_k4_3od_x0.8,A,none,2,8,24,24,31,4.0
A_k4_3od_x0.8,A,none,2,9,24,24,33,4.0
A_k4_3od_x0.8,A,none,2,10,24,24,35,4.0
A_k4_3od_x0.8,A,none,2,11,24,24,28,4.0
A_k4_3od_x0.8,A,none,2,12,24,24,34,4.0
A_k4_3od_x0.8,A,none,2,13,24,24,32,4.0
A_k4_3od_x0.8,A,none,2,14,24,24,35,4.0
A_k4_3od_x0.8,A,none,2,15,24,24,33,4.0
A_k4_3od_x0.8,A,none,3,1,24,21,26,1.9166666666666667
A_k4_3od_x0.8,A,none,3,2,24,24,36,3.8333333333333335
A_k4_3od_x0.8,A,none,3,3,24,24,36,4.0
A_k4_3od_x0.8,A,none,3,4,24,24,31,4.0
A_k4_3od_x0.8,A,none,3,5,24,24,30,4.0
A_k4_3od_x0.8,A,none,3,6,24,24,35,4.0
A_k4_3od_x0.8,A,none,3,7,24,24,32,4.0
A_k4_3od_x0.8,A,none,3,8,24,24,32,4.0
A_k4_3od_x0.8,A,none,3,9,24,24,32,4.0
A_k4_3od_x0.8,A,none,3,10,24,24,31,4.0
A_k4_3od_x0.8,A,none,3,11,24,24,34,4.0
A_k4_3od_x0.8,A,none,3,12,24,24,37,4.0
A_k4_3od_x0.8,A,none,3,13,24,24,33,4.0
A_k4_3od_x0.8,A,none,3,14,24,24,29,4.0
A_k4_3od_x0.8,A,none,3,15,24,24,35,4.0
A_k4_3od_x0.8,A,none,4,1,24,21,31,2.1666666666666665
A_k4_3od_x0.8,A,none,4,2,24,24,35,3.9166666666666665
A_k4_3od_x0.8,A,none,4,3,24,24,33,4.0
A_k4_3od_x0.8,A,none,4,4,24,24,33,4.0
A_k4_3od_x0.8,A,none,4,5,24,24,32,4.0
A_k4_3od_x0.8,A,none,4,6,24,24,33,4.0
A_k4_3od_x0.8,A,none,4,7,24,24,33,4.0
A_k4_3od_x0.8,A,none,4,8,24,24,33,4.0
A_k4_3od_x0.8,A,none,4,9,24,24,34,4.0
A_k4_3od_x0.8,A,none,4,10,24,24,32,4.0
A_k4_3od_x0.8,A,none,4,11,24,24,34,4.0
A_k4_3od_x0.8,A,none,4,12,24,24,30,4.0
A_k4_3od_x0.8,A,none,4,13,24,24,34,4.0
A_k4_3od_x0.8,A,none,4,14,24,24,35,4.0
A_k4_3od_x0.8,A,none,4,15,24,24,33,4.0
A_k4_3od_x0.8,A,none,5,1,24,20,24,1.75
A_k4_3od_x0.8,A,none,5,2,24,24,36,3.9166666666666665
A_k4_3od_x0.8,A,none,5,3,24,24,35,4.0
A_k4_3od_x0.8,A,none,5,4,24,24,30,4.0
A_k4_3od_x0.8,A,none,5,5,24,24,31,4.0
A_k4_3od_x0.8,A,none,5,6,24,24,30,4.0
A_k4_3od_x0.8,A,none,5,7,24,24,34,4.0
A_k4_3od_x0.8,A,none,5,8,24,24,31,4.0
A_k4_3od_x0.8,A,none,5,9,24,24,32,4.0
A_k4_3od_x0.8,A,none,5,10,24,24,35,4.0
A_k4_3od_x0.8,A,none,5,11,24,24,29,4.0
A_k4_3od_x0.8,A,none,5,12,24,24,33,4.0
A_k4_3od_x0.8,A,none,5,13,24,24,32,4.0
A_k4_3od_x0.8,A,none,5,14,24,24,33,4.0
A_k4_3od_x0.8,A,none,5,15,24,24,31,4.0
A_k4_3od_x0.8,A,none,6,1,24,23,32,2.25
A_k4_3od_x0.8,A,none,6,2,24,24,32,4.0
A_k4_3od_x0.8,A,none,6,3,24,24,33,4.0
A_k4_3od_x0.8,A,none,6,4,24,24,33,4.0
A_k4_3od_x0.8,A,none,6,5,24,24,35,4.0
A_k4_3od_x0.8,A,none,6,6,24,24,32,4.0
A_k4_3od_x0.8,A,none,6,7,24,24,34,4.0
A_k4_3od_x0.8,A,none,6,8,24,24,35,4.0
A_k4_3od_x0.8,A,none,6,9,24,24,35,4.0
A_k4_3od_x0.8,A,none,6,10,24,24,32,4.0
A_k4_3od_x0.8,A,none,6,11,24,24,29,4.0
A_k4_3od_x0.8,A,none,6,12,24,24,33,4.0
A_k4_3od_x0.8,A,none,6,13,24,23,29,4.0
A_k4_3od_x0.8,A,none,6,14,24,24,32,4.0
A_k4_3od_x0.8,A,none,6,15,24,24,28,4.0
A_k4_3od_x0.8,A,none,7,1,24,19,28,1.7916666666666667
A_k4_3od_x0.8,A,none,7,2,24,24,33,3.9166666666666665
A_k4_3od_x0.8,A,none,7,3,24,24,33,4.0
A_k4_3od_x0.8,A,none,7,4,24,24,31,4.0
A_k4_3od_x0.8,A,none,7,5,24,24,35,4.0
A_k4_3od_x0.8,A,none,7,6,24,24,32,4.0
A_k4_3od_x0.8,A,none,7,7,24,24,31,4.0
A_k4_3od_x0.8,A,none,7,8,24,24,32,4.0
A_k4_3od_x0.8,A,none,7,9,24,24,29,4.0
A_k4_3od_x0.8,A,none,7,10,24,24,34,4.0
A_k4_3od_x0.8,A,none,7,11,24,23,33,4.0
A_k4_3od_x0.8,A,none,7,12,24,24,32,4.0
A_k4_3od_x0.8,A,none,7,13,24,24,32,4.0
A_k4_3od_x0.8,A,none,7,14,24,24,32,4.0
A_k4_3od_x0.8,A,none,7,15,24,24,35,4.0
A_k4_3od_x0.8,A,none,8,1,24,20,22,1.375
A_k4_3od_x0.8,A,none,8,2,24,23,36,3.9166666666666665
A_k4_3od_x0.8,A,none,8,3,24,24,34,4.0
A_k4_3od_x0.8,A,none,8,4,24,24,31,4.0
A_k4_3od_x0.8,A,none,8,5,24,24,31,4.0
A_k4_3od_x0.8,A,none,8,6,24,24,32,4.0
A_k4_3od_x0.8,A,none,8,7,24,24,33,4.0
A_k4_3od_x0.8,A,none,8,8,24,24,32,4.0
A_k4_3od_x0.8,A,none,8,9,24,24,32,4.0
A_k4_3od_x0.8,A,none,8,10,24,23,29,4.0
A_k4_3od_x0.8,A,none,8,11,24,24,30,4.0
A_k4_3od_x0.8,A,none,8,12,24,24,33,4.0
A_k4_3od_x0.8,A,none,8,13,24,24,32,4.0
A_k4_3od_x0.8,A,none,8,14,24,24,31,4.0
A_k4_3od_x0.8,A,none,8,15,24,24,34,4.0
A_k4_3od_x0.8,A,none,9,1,24,24,26,2.1666666666666665
A_k4_3od_x0.8,A,none,9,2,24,24,33,3.875
A_k4_3od_x0.8,A,none,9,3,24,24,32,4.0
A_k4_3od_x0.8,A,none,9,4,24,24,33,4.0
A_k4_3od_x0.8,A,none,9,5,24,24,32,4.0
A_k4_3od_x0.8,A,none,9,6,24,24,29,4.0
A_k4_3od_x0.8,A,none,9,7,24,24,33,4.0
A_k4_3od_x0.8,A,none,9,8,24,24,32,4.0
A_k4_3od_x0.8,A,none,9,9,24,24,29,4.0
A_k4_3od_x0.8,A,none,9,10,24,24,33,4.0
A_k4_3od_x0.8,A,none,9,11,24,24,31,4.0
A_k4_3od_x0.8,A,none,9,12,24,24,31,4.0
A_k4_3od_x0.8,A,none,9,13,24,24,30,4.0
A_k4_3od_x0.8,A,none,9,14,24,24,34,4.0
A_k4_3od_x0.8,A,none,9,15,24,24,35,4.0
A_k4_3od_x1.0,A,both,0,1,24,22,29,2.2916666666666665
A_k4_3od_x1.0,A,both,0,2,24,24,37,3.9166666666666665
A_k4_3od_x1.0,A,both,0,3,24,24,35,4.0
A_k4_3od_x1.0,A,both,0,4,24,24,32,4.0
A_k4_3od_x1.0,A,both,0,5,24,24,35,4.0
A_k4_3od_x1.0,A,both,0,6,24,24,35,4.0
A_k4_3od_x1.0,A,both,0,7,24,24,33,4.0
A_k4_3od_x1.0,A,both,0,8,24,24,31,4.0
A_k4_3od_x1.0,A,both,0,9,24,24,31,4.0
A_k4_3od_x1.0,A,both,0,10,24,24,33,4.0
A_k4_3od_x1.0,A,both,0,11,24,24,31,4.0
A_k4_3od_x1.0,A,both,0,12,24,24,28,4.0
A_k4_3od_x1.0,A,both,0,13,24,24,34,4.0
A_k4_3od_x1.0,A,both,0,14,24,24,31,4.0
A_k4_3od_x1.0,A,both,0,15,24,24,29,4.0
A_k4_3od_x1.0,A,both,1,1,24,18,25,1.875
A_k4_3od_x1.0,A,both,1,2,24,24,34,3.9166666666666665
A_k4_3od_x1.0,A,both,1,3,24,24,32,4.0
A_k4_3od_x1.0,A,both,1,4,24,24,33,4.0
A_k4_3od_x1.0,A,both,1,5,24,24,33,4.0
A_k4_3od_x1.0,A,both,1,6,24,24,33,4.0
A_k4_3od_x1.0,A,both,1,7,24,24,35,4.0
A_k4_3od_x1.0,A,both,1,8,24,23,30,4.0
A_k4_3od_x1.0,A,both,1,9,24,23,30,4.0
A_k4_3od_x1.0,A,both,1,10,24,24,33,4.0
A_k4_3od_x1.0,A,both,1,11,24,24,31,4.0
A_k4_3od_x1.0,A,both,1,12,24,24,30,4.0
A_k4_3od_x1.0,A,both,1,13,24,24,32,4.0
A_k4_3od_x1.0,A,both,1,14,24,24,35,4.0
A_k4_3od_x1.0,A,both,1,15,24,24,34,4.0
A_k4_3od_x1.0,A,both,2,1,24,19,28,2.0
A_k4_3od_x1.0,A,both,2,2,24,24,34,3.9166666666666665
A_k4_3od_x1.0,A,both,2,3,24,24,36,4.0
A_k4_3od_x1.0,A,both,2,4,24,24,33,4.0
A_k4_3od_x1.0,A,both,2,5,24,24,34,4.0
A_k4_3od_x1.0,A,both,2,6,24,24,34,4.0
A_k4_3od_x1.0,A,both,2,7,24,24,30,4.0
A_k4_3od_x1.0,A,both,2,8,24,24,29,4.0
A_k4_3od_x1.0,A,both,2,9,24,24,33,4.0
A_k4_3od_x1.0,A,both,2,10,24,24,31,4.0
A_k4_3od_x1.0,A,both,2,11,24,24,32,4.0
A_k4_3od_x1.0,A,both,2,12,24,24,33,4.0
A_k4_3od_x1.0,A,both,2,13,24,24,30,4.0
A_k4_3od_x1.0,A,both,2,14,24,23,31,4.0
A_k4_3od_x1.0,A,both,2,15,24,24,34,4.0
A_k4_3od_x1.0,A,both,3,1,24,21,30,2.4166666666666665
A_k4_3od_x1.0,A,both,3,2,24,24,31,4.0
A_k4_3od_x1.0,A,both,3,3,24,24,30,4.0
A_k4_3od_x1.0,A,both,3,4,24,24,29,4.0
A_k4_3od_x1.0,A,both,3,5,24,24,33,4.0
A_k4_3od_x1.0,A,both,3,6,24,24,27,4.0
A_k4_3od_x1.0,A,both,3,7,24,24,30,4.0
A_k4_3od_x1.0,A,both,3,8,24,24,31,4.0
A_k4_3od_x1.0,A,both,3,9,24,24,28,4.0
A_k4_3od_x1.0,A,both,3,10,24,24,31,4.0
A_k4_3od_x1.0,A,both,3,11,24,24,31,4.0
A_k4_3od_x1.0,A,both,3,12,24,24,34,4.0
A_k4_3od_x1.0,A,both,3,13,24,24,33,4.0
A_k4_3od_x1.0,A,both,3,14,24,23,32,4.0
A_k4_3od_x1.0,A,both,3,15,24,24,31,4.0
A_k4_3od_x1.0,A,both,4,1,24,18,23,1.5833333333333333
A_k4_3od_x1.0,A,both,4,2,24,24,28,3.9583333333333335
A_k4_3od_x1.0,A,both,4,3,24,24,33,4.0
A_k4_3od_x1.0,A,both,4,4,24,24,33,4.0
A_k4_3od_x1.0,A,both,4,5,24,24,29,4.0
A_k4_3od_x1.0,A,both,4,6,24,24,33,4.0
A_k4_3od_x1.0,A,both,4,7,24,24,33,4.0
A_k4_3od_x1.0,A,both,4,8,24,24,32,4.0
A_k4_3od_x1.0,A,both,4,9,24,24,35,4.0
A_k4_3od_x1.0,A,both,4,10,24,24,33,4.0
A_k4_3od_x1.0,A,both,4,11,24,24,34,4.0
A_k4_3od_x1.0,A,both,4,12,24,24,35,4.0
A_k4_3od_x1.0,A,both,4,13,24,23,29,4.0
A_k4_3od_x1.0,A,both,4,14,24,24,31,4.0
A_k4_3od_x1.0,A,both,4,15,24,24,31,4.0
A_k4_3od_x1.0,A,both,5,1,24,19,27,1.875
A_k4_3od_x1.0,A,both,5,2,24,24,33,4.0
A_k4_3od_x1.0,A,both,5,3,24,24,32,4.0
A_k4_3od_x1.0,A,both,5,4,24,24,32,4.0
A_k4_3od_x1.0,A,both,5,5,24,24,33,4.0
A_k4_3od_x1.0,A,both,5,6,24,24,27,4.0
A_k4_3od_x1.0,A,both,5,7,24,24,31,4.0
A_k4_3od_x1.0,A,both,5,8,24,24,32,4.0
A_k4_3od_x1.0,A,both,5,9,24,24,31,4.0
A_k4_3od_x1.0,A,both,5,10,24,24,31,4.0
A_k4_3od_x1.0,A,both,5,11,24,24,31,4.0
A_k4_3od_x1.0,A,both,5,12,24,24,29,4.0
A_k4_3od_x1.0,A,both,5,13,24,24,33,4.0
A_k4_3od_x1.0,A,both,5,14,24,24,33,4.0
A_k4_3od_x1.0,A,both,5,15,24,24,33,4.0
A_k4_3od_x1.0,A,both,6,1,24,20,29,2.2083333333333335
A_k4_3od_x1.0,A,both,6,2,24,24,34,4.0
A_k4_3od_x1.0,A,both,6,3,24,24,33,4.0
A_k4_3od_x1.0,A,both,6,4,24,23,34,4.0
A_k4_3od_x1.0,A,both,6,5,24,24,32,4.0
A_k4_3od_x1.0,A,both,6,6,24,24,26,4.0
A_k4_3od_x1.0,A,both,6,7,24,24,30,4.0
A_k4_3od_x1.0,A,both,6,8,24,24,36,4.0
A_k4_3od_x1.0,A,both,6,9,24,24,33,4.0
A_k4_3od_x1.0,A,both,6,10,24,24,29,4.0
A_k4_3od_x1.0,A,both,6,11,24,24,34,4.0
A_k4_3od_x1.0,A,both,6,12,24,24,33,4.0
A_k4_3od_x1.0,A,both,6,13,24,24,32,4.0
A_k4_3od_x1.0,A,both,6,14,24,24,30,4.0
A_k4_3od_x1.0,A,both,6,15,24,23,27,4.0
A_k4_3od_x1.0,A,both,7,1,24,15,27,1.625
A_k4_3od_x1.0,A,both,7,2,24,24,35,4.0
A_k4_3od_x1.0,A,both,7,3,24,24,33,4.0
A_k4_3od_x1.0,A,both,7,4,24,24,36,4.0
A_k4_3od_x1.0,A,both,7,5,24,24,32,4.0
A_k4_3od_x1.0,A,both,7,6,24,24,32,4.0
A_k4_3od_x1.0,A,both,7,7,24,24,31,4.0
A_k4_3od_x1.0,A,both,7,8,24,24,30,4.0
A_k4_3od_x1.0,A,both,7,9,24,24,31,4.0
A_k4_3od_x1.0,A,both,7,10,24,24,32,4.0
A_k4_3od_x1.0,A,both,7,11,24,24,32,4.0
A_k4_3od_x1.0,A,both,7,12,24,24,30,4.0
A_k4_3od_x1.0,A,both,7,13,24,24,32,4.0
A_k4_3od_x1.0,A,both,7,14,24,24,32,4.0
A_k4_3od_x1.0,A,both,7,15,24,24,34,4.0
A_k4_3od_x1.0,A,both,8,1,24,21,26,1.875
A_k4_3od_x1.0,A,both,8,2,24,24,35,3.9583333333333335
A_k4_3od_x1.0,A,both,8,3,24,24,35,4.0
A_k4_3od_x1.0,A,both,8,4,24,24,32,4.0
A_k4_3od_x1.0,A,both,8,5,24,24,34,4.0
A_k4_3od_x1.0,A,both,8,6,24,24,37,4.0
A_k4_3od_x1.0,A,both,8,7,24,24,34,4.0
A_k4_3od_x1.0,A,both,8,8,24,24,29,4.0
A_k4_3od_x1.0,A,both,8,9,24,24,30,4.0
A_k4_3od_x1.0,A,both,8,10,24,24,33,4.0
A_k4_3od_x1.0,A,both,8,11,24,24,29,4.0
A_k4_3od_x1.0,A,both,8,12,24,24,32,4.0
A_k4_3od_x1.0,A,both,8,13,24,24,31,4.0
A_k4_3od_x1.0,A,both,8,14,24,24,31,4.0
A_k4_3od_x1.0,A,both,8,15,24,24,33,4.0
A_k4_3od_x1.0,A,both,9,1,24,20,29,2.0416666666666665
A_k4_3od_x1.0,A,both,9,2,24,24,32,3.875
A_k4_3od_x1.0,A,both,9,3,24,24,31,4.0
A_k4_3od_x1.0,A,both,9,4,24,24,31,4.0
A_k4_3od_x1.0,A,both,9,5,24,24,32,4.0
A_k4_3od_x1.0,A,both,9,6,24,24,32,4.0
A_k4_3od_x1.0,A,both,9,7,24,24,33,4.0
A_k4_3od_x1.0,A,both,9,8,24,24,31,4.0
A_k4_3od_x1.0,A,both,9,9,24,24,31,4.0
A_k4_3od_x1.0,A,both,9,10,24,24,34,4.0
A_k4_3od_x1.0,A,both,9,11,24,24,28,4.0
A_k4_3od_x1.0,A,both,9,12,24,24,34,4.0
A_k4_3od_x1.0,A,both,9,13,24,24,30,4.0
A_k4_3od_x1.0,A,both,9,14,24,24,32,4.0
A_k4_3od_x1.0,A,both,9,15,24,24,32,4.0
A_k4_3od_x1.0,A,init,0,1,24,22,29,2.2916666666666665
A_k4_3od_x1.0,A,init,0,2,24,24,35,3.9166666666666665
A_k4_3od_x1.0,A,init,0,3,24,24,34,4.0
A_k4_3od_x1.0,A,init,0,4,24,24,35,4.0
A_k4_3od_x1.0,A,init,0,5,24,24,32,4.0
A_k4_3od_x1.0,A,init,0,6,24,24,29,4.0
A_k4_3od_x1.0,A,init,0,7,24,24,27,4.0
A_k4_3od_x1.0,A,init,0,8,24,24,35,4.0
A_k4_3od_x1.0,A,init,0,9,24,24,33,4.0
A_k4_3od_x1.0,A,init,0,10,24,24,33,4.0
A_k4_3od_x1.0,A,init,0,11,24,24,32,4.0
A_k4_3od_x1.0,A,init,0,12,24,24,30,4.0
A_k4_3od_x1.0,A,init,0,13,24,24,34,4.0
A_k4_3od_x1.0,A,init,0,14,24,24,33,4.0
A_k4_3od_x1.0,A,init,0,15,24,24,30,4.0
A_k4_3od_x1.0,A,init,1,1,24,18,25,1.875
A_k4_3od_x1.0,A,init,1,2,24,24,35,3.9166666666666665
A_k4_3od_x1.0,A,init,1,3,24,24,34,3.9166666666666665
A_k4_3od_x1.0,A,init,1,4,24,24,32,4.0
A_k4_3od_x1.0,A,init,1,5,24,24,32,4.0
A_k4_3od_x1.0,A,init,1,6,24,24,34,4.0
A_k4_3od_x1.0,A,init,1,7,24,24,33,4.0
A_k4_3od_x1.0,A,init,1,8,24,24,31,4.0
A_k4_3od_x1.0,A,init,1,9,24,24,34,4.0
A_k4_3od_x1.0,A,init,1,10,24,24,35,4.0
A_k4_3od_x1.0,A,init,1,11,24,24,33,4.0
A_k4_3od_x1.0,A,init,1,12,24,23,32,4.0
A_k4_3od_x1.0,A,init,1,13,24,24,33,4.0
A_k4_3od_x1.0,A,init,1,14,24,24,35,4.0
A_k4_3od_x1.0,A,init,1,15,24,24,33,4.0
A_k4_3od_x1.0,A,init,2,1,24,19,28,2.0
A_k4_3od_x1.0,A,init,2,2,24,24,32,3.9166666666666665
A_k4_3od_x1.0,A,init,2,3,24,24,33,4.0
A_k4_3od_x1.0,A,init,2,4,24,24,32,4.0
A_k4_3od_x1.0,A,init,2,5,24,24,36,4.0
A_k4_3od_x1.0,A,init,2,6,24,24,34,4.0
A_k4_3od_x1.0,A,init,2,7,24,24,32,4.0
A_k4_3od_x1.0,A,init,2,8,24,24,30,4.0
A_k4_3od_x1.0,A,init,2,9,24,24,32,4.0
A_k4_3od_x1.0,A,init,2,10,24,24,33,4.0
A_k4_3od_x1.0,A,init,2,11,24,24,33,4.0
A_k4_3od_x1.0,A,init,2,12,24,24,33,4.0
A_k4_3od_x1.0,A,init,2,13,24,24,35,4.0
A_k4_3od_x1.0,A,init,2,14,24,23,35,4.0
A_k4_3od_x1.0,A,init,2,15,24,24,33,4.0
A_k4_3od_x1.0,A,init,3,1,24,21,30,2.4166666666666665
A_k4_3od_x1.0,A,init,3,2,24,24,33,4.0
A_k4_3od_x1.0,A,init,3,3,24,24,35,4.0
A_k4_3od_x1.0,A,init,3,4,24,24,33,4.0
A_k4_3od_x1.0,A,init,3,5,24,24,32,4.0
A_k4_3od_x1.0,A,init,3,6,24,24,29,4.0
A_k4_3od_x1.0,A,init,3,7,24,24,31,4.0
A_k4_3od_x1.0,A,init,3,8,24,24,32,4.0
A_k4_3od_x1.0,A,init,3,9,24,24,35,4.0
A_k4_3od_x1.0,A,init,3,10,24,24,33,4.0
A_k4_3od_x1.0,A,init,3,11,24,24,35,4.0
A_k4_3od_x1.0,A,init,3,12,24,24,34,4.0
A_k4_3od_x1.0,A,init,3,13,24,24,34,4.0
A_k4_3od_x1.0,A,init,3,14,24,24,33,4.0
A_k4_3od_x1.0,A,init,3,15,24,24,34,4.0
A_k4_3od_x1.0,A,init,4,1,24,18,23,1.5833333333333333
A_k4_3od_x1.0,A,init,4,2,24,24,29,3.9583333333333335
A_k4_3od_x1.0,A,init,4,3,24,24,32,4.0
A_k4_3od_x1.0,A,init,4,4,24,24,34,4.0
A_k4_3od_x1.0,A,init,4,5,24,24,35,4.0
A_k4_3od_x1.0,A,init,4,6,24,24,33,4.0
A_k4_3od_x1.0,A,init,4,7,24,24,33,4.0
A_k4_3od_x1.0,A,init,4,8,24,24,34,4.0
A_k4_3od_x1.0,A,init,4,9,24,24,36,4.0
A_k4_3od_x1.0,A,init,4,10,24,24,35,4.0
A_k4_3od_x1.0,A,init,4,11,24,24,32,4.0
A_k4_3od_x1.0,A,init,4,12,24,24,34,4.0
A_k4_3od_x1.0,A,init,4,13,24,24,34,4.0
A_k4_3od_x1.0,A,init,4,14,24,24,34,4.0
A_k4_3od_x1.0,A,init,4,15,24,24,35,4.0
A_k4_3od_x1.0,A,init,5,1,24,19,27,1.875
A_k4_3od_x1.0,A,init,5,2,24,24,32,4.0
A_k4_3od_x1.0,A,init,5,3,24,24,36,4.0
A_k4_3od_x1.0,A,init,5,4,24,24,37,4.0
A_k4_3od_x1.0,A,init,5,5,24,24,32,4.0
A_k4_3od_x1.0,A,init,5,6,24,24,33,4.0
A_k4_3od_x1.0,A,init,5,7,24,24,35,4.0
A_k4_3od_x1.0,A,init,5,8,24,24,34,4.0
A_k4_3od_x1.0,A,init,5,9,24,24,33,4.0
A_k4_3od_x1.0,A,init,5,10,24,23,32,4.0
A_k4_3od_x1.0,A,init,5,11,24,24,28,4.0
A_k4_3od_x1.0,A,init,5,12,24,24,31,4.0
A_k4_3od_x1.0,A,init,5,13,24,24,34,4.0
A_k4_3od_x1.0,A,init,5,14,24,24,34,4.0
A_k4_3od_x1.0,A,init,5,15,24,24,35,4.0
A_k4_3od_x1.0,A,init,6,1,24,20,29,2.2083333333333335
A_k4_3od_x1.0,A,init,6,2,24,24,34,4.0
A_k4_3od_x1.0,A,init,6,3,24,24,34,4.0
A_k4_3od_x1.0,A,init,6,4,24,24,31,4.0
A_k4_3od_x1.0,A,init,6,5,24,24,30,4.0
A_k4_3od_x1.0,A,init,6,6,24,24,34,4.0
A_k4_3od_x1.0,A,init,6,7,24,24,33,4.0
A_k4_3od_x1.0,A,init,6,8,24,24,33,4.0
A_k4_3od_x1.0,A,init,6,9,24,24,31,4.0
A_k4_3od_x1.0,A,init,6,10,24,24,35,4.0
A_k4_3od_x1.0,A,init,6,11,24,24,32,4.0
A_k4_3od_x1.0,A,init,6,12,24,23,35,4.0
A_k4_3od_x1.0,A,init,6,13,24,24,33,4.0
A_k4_3od_x1.0,A,init,6,14,24,24,35,4.0
A_k4_3od_x1.0,A,init,6,15,24,24,34,4.0
A_k4_3od_x1.0,A,init,7,1,24,15,27,1.625
A_k4_3od_x1.0,A,init,7,2,24,24,35,4.0
A_k4_3od_x1.0,A,init,7,3,24,24,34,4.0
A_k4_3od_x1.0,A,init,7,4,24,24,33,4.0
A_k4_3od_x1.0,A,init,7,5,24,24,30,4.0
A_k4_3od_x1.0,A,init,7,6,24,24,32,4.0
A_k4_3od_x1.0,A,init,7,7,24,24,31,4.0
A_k4_3od_x1.0,A,init,7,8,24,24,32,4.0
A_k4_3od_x1.0,A,init,7,9,24,24,32,4.0
A_k4_3od_x1.0,A,init,7,10,24,24,32,4.0
A_k4_3od_x1.0,A,init,7,11,24,24,32,4.0
A_k4_3od_x1.0,A,init,7,12,24,24,32,4.0
A_k4_3od_x1.0,A,init,7,13,24,24,29,4.0
A_k4_3od_x1.0,A,init,7,14,24,24,34,4.0
A_k4_3od_x1.0,A,init,7,15,24,24,32,4.0
A_k4_3od_x1.0,A,init,8,1,24,21,26,1.875
A_k4_3od_x1.0,A,init,8,2,24,24,36,3.9583333333333335
A_k4_3od_x1.0,A,init,8,3,24,24,35,4.0
A_k4_3od_x1.0,A,init,8,4,24,24,33,4.0
A_k4_3od_x1.0,A,init,8,5,24,24,33,4.0
A_k4_3od_x1.0,A,init,8,6,24,24,35,4.0
A_k4_3od_x1.0,A,init,8,7,24,24,34,4.0
A_k4_3od_x1.0,A,init,8,8,24,24,34,4.0
A_k4_3od_x1.0,A,init,8,9,24,24,34,4.0
A_k4_3od_x1.0,A,init,8,10,24,24,36,4.0
A_k4_3od_x1.0,A,init,8,11,24,24,31,4.0
A_k4_3od_x1.0,A,init,8,12,24,24,32,4.0
A_k4_3od_x1.0,A,init,8,13,24,24,32,4.0
A_k4_3od_x1.0,A,init,8,14,24,24,30,4.0
A_k4_3od_x1.0,A,init,8,15,24,24,34,4.0
A_k4_3od_x1.0,A,init,9,1,24,20,29,2.0416666666666665
A_k4_3od_x1.0,A,init,9,2,24,24,31,3.875
A_k4_3od_x1.0,A,init,9,3,24,24,33,4.0
A_k4_3od_x1.0,A,init,9,4,24,24,34,4.0
A_k4_3od_x1.0,A,init,9,5,24,24,35,4.0
A_k4_3od_x1.0,A,init,9,6,24,24,33,4.0
A_k4_3od_x1.0,A,init,9,7,24,24,34,4.0
A_k4_3od_x1.0,A,init,9,8,24,24,37,4.0
A_k4_3od_x1.0,A,init,9,9,24,24,32,4.0
A_k4_3od_x1.0,A,init,9,10,24,24,33,4.0
A_k4_3od_x1.0,A,init,9,11,24,24,35,4.0
A_k4_3od_x1.0,A,init,9,12,24,24,35,4.0
A_k4_3od_x1.0,A,init,9,13,24,24,33,4.0
A_k4_3od_x1.0,A,init,9,14,24,24,33,4.0
A_k4_3od_x1.0,A,init,9,15,24,24,33,4.0
A_k4_3od_x1.0,A,mutation,0,1,24,24,26,1.7916666666666667
A_k4_3od_x1.0,A,mutation,0,2,24,24,33,3.9583333333333335
A_k4_3od_x1.0,A,mutation,0,3,24,24,30,4.0
A_k4_3od_x1.0,A,mutation,0,4,24,24,33,4.0
A_k4_3od_x1.0,A,mutation,0,5,24,24,34,4.0
A_k4_3od_x1.0,A,mutation,0,6,24,24,34,4.0
A_k4_3od_x1.0,A,mutation,0,7,24,24,37,4.0
A_k4_3od_x1.0,A,mutation,0,8,24,24,32,4.0
A_k4_3od_x1.0,A,mutation,0,9,24,24,31,4.0
A_k4_3od_x1.0,A,mutation,0,10,24,24,33,4.0
A_k4_3od_x1.0,A,mutation,0,11,24,24,33,4.0
A_k4_3od_x1.0,A,mutation,0,12,24,24,31,4.0
A_k4_3od_x1.0,A,mutation,0,13,24,24,30,4.0
A_k4_3od_x1.0,A,mutation,0,14,24,24,32,4.0
A_k4_3od_x1.0,A,mutation,0,15,24,24,30,4.0
A_k4_3od_x1.0,A,mutation,1,1,24,24,28,2.0
A_k4_3od_x1.0,A,mutation,1,2,24,24,37,4.0
A_k4_3od_x1.0,A,mutation,1,3,24,24,32,4.0
A_k4_3od_x1.0,A,mutation,1,4,24,24,28,4.0
A_k4_3od_x1.0,A,mutation,1,5,24,24,36,4.0
A_k4_3od_x1.0,A,mutation,1,6,24,24,33,4.0
A_k4_3od_x1.0,A,mutation,1,7,24,24,35,4.0
A_k4_3od_x1.0,A,mutation,1,8,24,24,32,4.0
A_k4_3od_x1.0,A,mutation,1,9,24,24,31,4.0
A_k4_3od_x1.0,A,mutation,1,10,24,24,34,4.0
A_k4_3od_x1.0,A,mutation,1,11,24,23,33,4.0
A_k4_3od_x1.0,A,mutation,1,12,24,24,29,4.0
A_k4_3od_x1.0,A,mutation,1,13,24,24,33,4.0
A_k4_3od_x1.0,A,mutation,1,14,24,24,31,4.0
A_k4_3od_x1.0,A,mutation,1,15,24,24,33,4.0
A_k4_3od_x1.0,A,mutation,2,1,24,20,27,1.75
A_k4_3od_x1.0,A,mutation,2,2,24,24,37,4.0
A_k4_3od_x1.0,A,mutation,2,3,24,24,33,4.0
A_k4_3od_x1.0,A,mutation,2,4,24,22,35,4.0
A_k4_3od_x1.0,A,mutation,2,5,24,24,33,4.0
A_k4_3od_x1.0,A,mutation,2,6,24,24,31,4.0
A_k4_3od_x1.0,A,mutation,2,7,24,24,33,4.0
A_k4_3od_x1.0,A,mutation,2,8,24,24,32,4.0
A_k4_3od_x1.0,A,mutation,2,9,24,24,33,4.0
A_k4_3od_x1.0,A,mutation,2,10,24,24,31,4.0
A_k4_3od_x1.0,A,mutation,2,11,24,24,31,4.0
A_k4_3od_x1.0,A,mutation,2,12,24,24,31,4.0
A_k4_3od_x1.0,A,mutation,2,13,24,24,37,4.0
A_k4_3od_x1.0,A,mutation,2,14,24,24,33,4.0
A_k4_3od_x1.0,A,mutation,2,15,24,24,34,4.0
A_k4_3od_x1.0,A,mutation,3,1,24,21,26,1.9166666666666667
A_k4_3od_x1.0,A,mutation,3,2,24,24,32,4.0
A_k4_3od_x1.0,A,mutation,3,3,24,24,35,4.0
A_k4_3od_x1.0,A,mutation,3,4,24,23,29,4.0
A_k4_3od_x1.0,A,mutation,3,5,24,23,31,4.0
A_k4_3od_x1.0,A,mutation,3,6,24,24,29,4.0
A_k4_3od_x1.0,A,mutation,3,7,24,24,33,4.0
A_k4_3od_x1.0,A,mutation,3,8,24,24,34,4.0
A_k4_3od_x1.0,A,mutation,3,9,24,24,31,4.0
A_k4_3od_x1.0,A,mutation,3,10,24,24,34,4.0
A_k4_3od_x1.0,A,mutation,3,11,24,24,32,4.0
A_k4_3od_x1.0,A,mutation,3,12,24,24,27,4.0
A_k4_3od_x1.0,A,mutation,3,13,24,24,33,4.0
A_k4_3od_x1.0,A,mutation,3,14,24,24,29,4.0
A_k4_3od_x1.0,A,mutation,3,15,24,24,36,4.0
A_k4_3od_x1.0,A,mutation,4,1,24,21,31,2.1666666666666665
A_k4_3od_x1.0,A,mutation,4,2,24,24,34,3.9583333333333335
A_k4_3od_x1.0,A,mutation,4,3,24,24,34,4.0
A_k4_3od_x1.0,A,mutation,4,4,24,24,34,4.0
A_k4_3od_x1.0,A,mutation,4,5,24,24,32,4.0
A_k4_3od_x1.0,A,mutation,4,6,24,24,33,4.0
A_k4_3od_x1.0,A,mutation,4,7,24,24,31,4.0
A_k4_3od_x1.0,A,mutation,4,8,24,24,30,4.0
A_k4_3od_x1.0,A,mutation,4,9,24,24,32,4.0
A_k4_3od_x1.0,A,mutation,4,10,24,24,32,4.0
A_k4_3od_x1.0,A,mutation,4,11,24,24,31,4.0
A_k4_3od_x1.0,A,mutation,4,12,24,24,36,4.0
A_k4_3od_x1.0,A,mutation,4,13,24,24,33,4.0
A_k4_3od_x1.0,A,mutation,4,14,24,24,35,4.0
A_k4_3od_x1.0,A,mutation,4,15,24,24,33,4.0
A_k4_3od_x1.0,A,mutation,5,1,24,20,24,1.75
A_k4_3od_x1.0,A,mutation,5,2,24,24,36,3.9583333333333335
A_k4_3od_x1.0,A,mutation,5,3,24,24,33,4.0
A_k4_3od_x1.0,A,mutation,5,4,24,24,32,4.0
A_k4_3od_x1.0,A,mutation,5,5,24,24,34,4.0
A_k4_3od_x1.0,A,mutation,5,6,24,24,31,4.0
A_k4_3od_x1.0,A,mutation,5,7,24,24,32,4.0
A_k4_3od_x1.0,A,mutation,5,8,24,24,33,4.0
A_k4_3od_x1.0,A,mutation,5,9,24,23,36,4.0
A_k4_3od_x1.0,A,mutation,5,10,24,24,32,4.0
A_k4_3od_x1.0,A,mutation,5,11,24,23,31,4.0
A_k4_3od_x1.0,A,mutation,5,12,24,24,27,4.0
A_k4_3od_x1.0,A,mutation,5,13,24,24,32,4.0
A_k4_3od_x1.0,A,mutation,5,14,24,24,32,4.0
A_k4_3od_x1.0,A,mutation,5,15,24,24,30,4.0
A_k4_3od_x1.0,A,mutation,6,1,24,23,32,2.25
A_k4_3od_x1.0,A,mutation,6,2,24,24,34,4.0
A_k4_3od_x1.0,A,mutation,6,3,24,24,32,4.0
A_k4_3od_x1.0,A,mutation,6,4,24,24,32,4.0
A_k4_3od_x1.0,A,mutation,6,5,24,24,31,4.0
A_k4_3od_x1.0,A,mutation,6,6,24,24,33,4.0
A_k4_3od_x1.0,A,mutation,6,7,24,24,32,4.0
A_k4_3od_x1.0,A,mutation,6,8,24,24,31,4.0
A_k4_3od_x1.0,A,mutation,6,9,24,24,33,4.0
A_k4_3od_x1.0,A,mutation,6,10,24,24,34,4.0
A_k4_3od_x1.0,A,mutation,6,11,24,24,33,4.0
A_k4_3od_x1.0,A,mutation,6,12,24,24,33,4.0
A_k4_3od_x1.0,A,mutation,6,13,24,24,32,4.0
A_k4_3od_x1.0,A,mutation,6,14,24,24,33,4.0
A_k4_3od_x1.0,A,mutation,6,15,24,24,33,4.0
A_k4_3od_x1.0,A,mutation,7,1,24,19,28,1.7916666666666667
A_k4_3od_x1.0,A,mutation,7,2,24,24,34,3.875
A_k4_3od_x1.0,A,mutation,7,3,24,24,34,4.0
A_k4_3od_x1.0,A,mutation,7,4,24,24,31,4.0
A_k4_3od_x1.0,A,mutation,7,5,24,24,32,4.0
A_k4_3od_x1.0,A,mutation,7,6,24,24,28,4.0
A_k4_3od_x1.0,A,mutation,7,7,24,24,31,4.0
A_k4_3od_x1.0,A,mutation,7,8,24,24,32,4.0
A_k4_3od_x1.0,A,mutation,7,9,24,24,33,4.0
A_k4_3od_x1.0,A,mutation,7,10,24,24,30,4.0
A_k4_3od_x1.0,A,mutation,7,11,24,24,30,4.0
A_k4_3od_x1.0,A,mutation,7,12,24,24,32,4.0
A_k4_3od_x1.0,A,mutation,7,13,24,24,33,4.0
A_k4_3od_x1.0,A,mutation,7,14,24,24,34,4.0
A_k4_3od_x1.0,A,mutation,7,15,24,24,33,4.0
A_k4_3od_x1.0,A,mutation,8,1,24,20,22,1.375
A_k4_3od_x1.0,A,mutation,8,2,24,24,33,3.9166666666666665
A_k4_3od_x1.0,A,mutation,8,3,24,24,35,4.0
A_k4_3od_x1.0,A,mutation,8,4,24,24,32,4.0
A_k4_3od_x1.0,A,mutation,8,5,24,24,32,4.0
A_k4_3od_x1.0,A,mutation,8,6,24,23,30,4.0
A_k4_3od_x1.0,A,mutation,8,7,24,24,31,4.0
A_k4_3od_x1.0,A,mutation,8,8,24,23,33,4.0
A_k4_3od_x1.0,A,mutation,8,9,24,24,33,4.0
A_k4_3od_x1.0,A,mutation,8,10,24,24,33,4.0
A_k4_3od_x1.0,A,mutation,8,11,24,24,32,4.0
A_k4_3od_x1.0,A,mutation,8,12,24,24,31,4.0
A_k4_3od_x1.0,A,mutation,8,13,24,24,30,4.0
A_k4_3od_x1.0,A,mutation,8,14,24,24,33,4.0
A_k4_3od_x1.0,A,mutation,8,15,24,24,32,4.0
A_k4_3od_x1.0,A,mutation,9,1,24,24,26,2.1666666666666665
A_k4_3od_x1.0,A,mutation,9,2,24,24,34,3.9166666666666665
A_k4_3od_x1.0,A,mutation,9,3,24,24,33,4.0
A_k4_3od_x1.0,A,mutation,9,4,24,24,33,4.0
A_k4_3od_x1.0,A,mutation,9,5,24,24,33,4.0
A_k4_3od_x1.0,A,mutation,9,6,24,24,31,4.0
A_k4_3od_x1.0,A,mutation,9,7,24,24,32,4.0
A_k4_3od_x1.0,A,mutation,9,8,24,23,29,4.0
A_k4_3od_x1.0,A,mutation,9,9,24,24,32,4.0
A_k4_3od_x1.0,A,mutation,9,10,24,24,30,4.0
A_k4_3od_x1.0,A,mutation,9,11,24,24,31,4.0
A_k4_3od_x1.0,A,mutation,9,12,24,24,30,4.0
A_k4_3od_x1.0,A,mutation,9,13,24,24,32,4.0
A_k4_3od_x1.0,A,mutation,9,14,24,24,32,4.0
A_k4_3od_x1.0,A,mutation,9,15,24,24,29,4.0
A_k4_3od_x1.0,A,none,0,1,24,24,26,1.7916666666666667
A_k4_3od_x1.0,A,none,0,2,24,24,36,3.9583333333333335
A_k4_3od_x1.0,A,none,0,3,24,24,34,4.0
A_k4_3od_x1.0,A,none,0,4,24,24,35,4.0
A_k4_3od_x1.0,A,none,0,5,24,24,30,4.0
A_k4_3od_x1.0,A,none,0,6,24,24,31,4.0
A_k4_3od_x1.0,A,none,0,7,24,24,34,4.0
A_k4_3od_x1.0,A,none,0,8,24,24,34,4.0
A_k4_3od_x1.0,A,none,0,9,24,24,30,4.0
A_k4_3od_x1.0,A,none,0,10,24,24,29,4.0
A_k4_3od_x1.0,A,none,0,11,24,24,34,4.0
A_k4_3od_x1.0,A,none,0,12,24,24,30,4.0
A_k4_3od_x1.0,A,none,0,13,24,24,30,4.0
A_k4_3od_x1.0,A,none,0,14,24,24,32,4.0
A_k4_3od_x1.0,A,none,0,15,24,24,30,4.0
A_k4_3od_x1.0,A,none,1,1,24,24,28,2.0
A_k4_3od_x1.0,A,none,1,2,24,24,37,4.0
A_k4_3od_x1.0,A,none,1,3,24,24,34,4.0
A_k4_3od_x1.0,A,none,1,4,24,24,32,4.0
A_k4_3od_x1.0,A,none,1,5,24,24,31,4.0
A_k4_3od_x1.0,A,none,1,6,24,23,33,4.0
A_k4_3od_x1.0,A,none,1,7,24,24,34,4.0
A_k4_3od_x1.0,A,none,1,8,24,24,34,4.0
A_k4_3od_x1.0,A,none,1,9,24,24,35,4.0
A_k4_3od_x1.0,A,none,1,10,24,24,35,4.0
A_k4_3od_x1.0,A,none,1,11,24,24,31,4.0
A_k4_3od_x1.0,A,none,1,12,24,24,33,4.0
A_k4_3od_x1.0,A,none,1,13,24,24,32,4.0
A_k4_3od_x1.0,A,none,1,14,24,23,33,4.0
A_k4_3od_x1.0,A,none,1,15,24,24,32,4.0
A_k4_3od_x1.0,A,none,2,1,24,20,27,1.75
A_k4_3od_x1.0,A,none,2,2,24,24,37,4.0
A_k4_3od_x1.0,A,none,2,3,24,24,35,4.0
A_k4_3od_x1.0,A,none,2,4,24,24,32,4.0
A_k4_3od_x1.0,A,none,2,5,24,24,35,4.0
A_k4_3od_x1.0,A,none,2,6,24,24,34,4.0
A_k4_3od_x1.0,A,none,2,7,24,24,35,4.0
A_k4_3od_x1.0,A,none,2,8,24,24,30,4.0
A_k4_3od_x1.0,A,none,2,9,24,24,32,4.0
A_k4_3od_x1.0,A,none,2,10,24,24,34,4.0
A_k4_3od_x1.0,A,none,2,11,24,24,31,4.0
A_k4_3od_x1.0,A,none,2,12,24,24,34,4.0
A_k4_3od_x1.0,A,none,2,13,24,24,33,4.0
A_k4_3od_x1.0,A,none,2,14,24,24,28,4.0
A_k4_3od_x1.0,A,none,2,15,24,24,29,4.0
A_k4_3od_x1.0,A,none,3,1,24,21,26,1.9166666666666667
A_k4_3od_x1.0,A,none,3,2,24,24,33,4.0
A_k4_3od_x1.0,A,none,3,3,24,24,30,4.0
A_k4_3od_x1.0,A,none,3,4,24,24,33,4.0
A_k4_3od_x1.0,A,none,3,5,24,24,33,4.0
A_k4_3od_x1.0,A,none,3,6,24,24,33,4.0
A_k4_3od_x1.0,A,none,3,7,24,24,32,4.0
A_k4_3od_x1.0,A,none,3,8,24,24,31,4.0
A_k4_3od_x1.0,A,none,3,9,24,24,31,4.0
A_k4_3od_x1.0,A,none,3,10,24,24,34,4.0
A_k4_3od_x1.0,A,none,3,11,24,24,31,4.0
A_k4_3od_x1.0,A,none,3,12,24,24,30,4.0
A_k4_3od_x1.0,A,none,3,13,24,24,32,4.0
A_k4_3od_x1.0,A,none,3,14,24,24,34,4.0
A_k4_3od_x1.0,A,none,3,15,24,24,32,4.0
A_k4_3od_x1.0,A,none,4,1,24,21,31,2.1666666666666665
A_k4_3od_x1.0,A,none,4,2,24,24,37,3.9583333333333335
A_k4_3od_x1.0,A,none,4,3,24,24,37,4.0
A_k4_3od_x1.0,A,none,4,4,24,24,33,4.0
A_k4_3od_x1.0,A,none,4,5,24,24,31,4.0
A_k4_3od_x1.0,A,none,4,6,24,24,33,4.0
A_k4_3od_x1.0,A,none,4,7,24,24,35,4.0
A_k4_3od_x1.0,A,none,4,8,24,24,33,4.0
A_k4_3od_x1.0,A,none,4,9,24,24,34,4.0
A_k4_3od_x1.0,A,none,4,10,24,24,31,4.0
A_k4_3od_x1.0,A,none,4,11,24,24,32,4.0
A_k4_3od_x1.0,A,none,4,12,24,24,29,4.0
A_k4_3od_x1.0,A,none,4,13,24,24,30,4.0
A_k4_3od_x1.0,A,none,4,14,24,24,31,4.0
A_k4_3od_x1.0,A,none,4,15,24,24,29,4.0
A_k4_3od_x1.0,A,none,5,1,24,20,24,1.75
A_k4_3od_x1.0,A,none,5,2,24,24,34,3.9583333333333335
A_k4_3od_x1.0,A,none,5,3,24,24,33,3.9583333333333335
A_k4_3od_x1.0,A,none,5,4,24,24,31,3.9583333333333335
A_k4_3od_x1.0,A,none,5,5,24,24,33,4.0
A_k4_3od_x1.0,A,none,5,6,24,24,34,4.0
A_k4_3od_x1.0,A,none,5,7,24,24,32,4.0
A_k4_3od_x1.0,A,none,5,8,24,24,34,4.0
A_k4_3od_x1.0,A,none,5,9,24,24,33,4.0
A_k4_3od_x1.0,A,none,5,10,24,24,30,4.0
A_k4_3od_x1.0,A,none,5,11,24,24,31,4.0
A_k4_3od_x1.0,A,none,5,12,24,23,29,4.0
A_k4_3od_x1.0,A,none,5,13,24,24,30,4.0
A_k4_3od_x1.0,A,none,5,14,24,24,31,4.0
A_k4_3od_x1.0,A,none,5,15,24,24,32,4.0
A_k4_3od_x1.0,A,none,6,1,24,23,32,2.25
A_k4_3od_x1.0,A,none,6,2,24,24,35,4.0
A_k4_3od_x1.0,A,none,6,3,24,24,34,4.0
A_k4_3od_x1.0,A,none,6,4,24,24,31,4.0
A_k4_3od_x1.0,A,none,6,5,24,24,35,4.0
A_k4_3od_x1.0,A,none,6,6,24,24,33,4.0
A_k4_3od_x1.0,A,none,6,7,24,24,34,4.0
A_k4_3od_x1.0,A,none,6,8,24,24,34,4.0
A_k4_3od_x1.0,A,none,6,9,24,24,32,4.0
A_k4_3od_x1.0,A,none,6,10,24,23,29,4.0
A_k4_3od_x1.0,A,none,6,11,24,24,32,4.0
A_k4_3od_x1.0,A,none,6,12,24,24,34,4.0
A_k4_3od_x1.0,A,none,6,13,24,24,32,4.0
A_k4_3od_x1.0,A,none,6,14,24,24,31,4.0
A_k4_3od_x1.0,A,none,6,15,24,24,33,4.0
A_k4_3od_x1.0,A,none,7,1,24,19,28,1.7916666666666667
A_k4_3od_x1.0,A,none,7,2,24,24,31,3.875
A_k4_3od_x1.0,A,none,7,3,24,24,36,4.0
A_k4_3od_x1.0,A,none,7,4,24,23,34,4.0
A_k4_3od_x1.0,A,none,7,5,24,24,34,4.0
A_k4_3od_x1.0,A,none,7,6,24,24,33,4.0
A_k4_3od_x1.0,A,none,7,7,24,24,32,4.0
A_k4_3od_x1.0,A,none,7,8,24,24,29,4.0
A_k4_3od_x1.0,A,none,7,9,24,24,34,4.0
A_k4_3od_x1.0,A,none,7,10,24,24,32,4.0
A_k4_3od_x1.0,A,none,7,11,24,24,32,4.0
A_k4_3od_x1.0,A,none,7,12,24,24,34,4.0
A_k4_3od_x1.0,A,none,7,13,24,24,33,4.0
A_k4_3od_x1.0,A,none,7,14,24,24,34,4.0
A_k4_3od_x1.0,A,none,7,15,24,24,35,4.0
A_k4_3od_x1.0,A,none,8,1,24,20,22,1.375
A_k4_3od_x1.0,A,none,8,2,24,24,34,3.9166666666666665
A_k4_3od_x1.0,A,none,8,3,24,24,31,4.0
A_k4_3od_x1.0,A,none,8,4,24,24,31,4.0
A_k4_3od_x1.0,A,none,8,5,24,24,34,4.0
A_k4_3od_x1.0,A,none,8,6,24,24,34,4.0
A_k4_3od_x1.0,A,none,8,7,24,24,33,4.0
A_k4_3od_x1.0,A,none,8,8,24,24,34,4.0
A_k4_3od_x1.0,A,none,8,9,24,24,34,4.0
A_k4_3od_x1.0,A,none,8,10,24,24,34,4.0
A_k4_3od_x1.0,A,none,8,11,24,24,32,4.0
A_k4_3od_x1.0,A,none,8,12,24,24,34,4.0
A_k4_3od_x1.0,A,none,8,13,24,24,34,4.0
A_k4_3od_x1.0,A,none,8,14,24,24,36,4.0
A_k4_3od_x1.0,A,none,8,15,24,24,33,4.0
A_k4_3od_x1.0,A,none,9,1,24,24,26,2.1666666666666665
A_k4_3od_x1.0,A,none,9,2,24,24,35,3.9166666666666665
A_k4_3od_x1.0,A,none,9,3,24,24,33,4.0
A_k4_3od_x1.0,A,none,9,4,24,24,30,4.0
A_k4_3od_x1.0,A,none,9,5,24,23,34,4.0
A_k4_3od_x1.0,A,none,9,6,24,24,35,4.0
A_k4_3od_x1.0,A,none,9,7,24,24,30,4.0
A_k4_3od_x1.0,A,none,9,8,24,24,32,4.0
A_k4_3od_x1.0,A,none,9,9,24,24,31,4.0
A_k4_3od_x1.0,A,none,9,10,24,24,33,4.0
A_k4_3od_x1.0,A,none,9,11,24,24,33,4.0
A_k4_3od_x1.0,A,none,9,12,24,24,32,4.0
A_k4_3od_x1.0,A,none,9,13,24,24,33,4.0
A_k4_3od_x1.0,A,none,9,14,24,24,30,4.0
A_k4_3od_x1.0,A,none,9,15,24,24,38,4.0
A_k4_3od_x1.2,A,both,0,1,24,22,31,2.2916666666666665
A_k4_3od_x1.2,A,both,0,2,24,24,32,4.0
A_k4_3od_x1.2,A,both,0,3,24,24,34,4.0
A_k4_3od_x1.2,A,both,0,4,24,24,32,4.0
A_k4_3od_x1.2,A,both,0,5,24,24,34,4.0
A_k4_3od_x1.2,A,both,0,6,24,24,32,4.0
A_k4_3od_x1.2,A,both,0,7,24,24,33,4.0
A_k4_3od_x1.2,A,both,0,8,24,24,33,4.0
A_k4_3od_x1.2,A,both,0,9,24,24,32,4.0
A_k4_3od_x1.2,A,both,0,10,24,24,30,4.0
A_k4_3od_x1.2,A,both,0,11,24,24,33,4.0
A_k4_3od_x1.2,A,both,0,12,24,24,35,4.0
A_k4_3od_x1.2,A,both,0,13,24,24,31,4.0
A_k4_3od_x1.2,A,both,0,14,24,24,35,4.0
A_k4_3od_x1.2,A,both,0,15,24,24,33,4.0
A_k4_3od_x1.2,A,both,1,1,24,18,24,1.875
A_k4_3od_x1.2,A,both,1,2,24,24,35,3.9166666666666665
A_k4_3od_x1.2,A,both,1,3,24,23,32,4.0
A_k4_3od_x1.2,A,both,1,4,24,24,35,4.0
A_k4_3od_x1.2,A,both,1,5,24,24,36,4.0
A_k4_3od_x1.2,A,both,1,6,24,24,36,4.0
A_k4_3od_x1.2,A,both,1,7,24,24,34,4.0
A_k4_3od_x1.2,A,both,1,8,24,24,32,4.0
A_k4_3od_x1.2,A,both,1,9,24,24,30,4.0
A_k4_3od_x1.2,A,both,1,10,24,24,32,4.0
A_k4_3od_x1.2,A,both,1,11,24,24,36,4.0
A_k4_3od_x1.2,A,both,1,12,24,24,35,4.0
A_k4_3od_x1.2,A,both,1,13,24,24,32,4.0
A_k4_3od_x1.2,A,both,1,14,24,24,32,4.0
A_k4_3od_x1.2,A,both,1,15,24,24,34,4.0
A_k4_3od_x1.2,A,both,2,1,24,19,27,2.0
A_k4_3od_x1.2,A,both,2,2,24,24,36,3.9166666666666665
A_k4_3od_x1.2,A,both,2,3,24,24,35,3.9166666666666665
A_k4_3od_x1.2,A,both,2,4,24,24,34,4.0
A_k4_3od_x1.2,A,both,2,5,24,24,35,4.0
A_k4_3od_x1.2,A,both,2,6,24,24,33,4.0
A_k4_3od_x1.2,A,both,2,7,24,24,33,4.0
A_k4_3od_x1.2,A,both,2,8,24,24,33,4.0
A_k4_3od_x1.2,A,both,2,9,24,24,31,4.0
A_k4_3od_x1.2,A,both,2,10,24,24,35,4.0
A_k4_3od_x1.2,A,both,2,11,24,24,33,4.0
A_k4_3od_x1.2,A,both,2,12,24,24,32,4.0
A_k4_3od_x1.2,A,both,2,13,24,24,30,4.0
A_k4_3od_x1.2,A,both,2,14,24,24,33,4.0
A_k4_3od_x1.2,A,both,2,15,24,24,34,4.0
A_k4_3od_x1.2,A,both,3,1,24,22,31,2.4166666666666665
A_k4_3od_x1.2,A,both,3,2,24,24,34,4.0
A_k4_3od_x1.2,A,both,3,3,24,24,32,4.0
A_k4_3od_x1.2,A,both,3,4,24,23,33,4.0
A_k4_3od_x1.2,A,both,3,5,24,24,33,4.0
A_k4_3od_x1.2,A,both,3,6,24,24,34,4.0
A_k4_3od_x1.2,A,both,3,7,24,24,33,4.0
A_k4_3od_x1.2,A,both,3,8,24,24,30,4.0
A_k4_3od_x1.2,A,both,3,9,24,24,31,4.0
A_k4_3od_x1.2,A,both,3,10,24,24,31,4.0
A_k4_3od_x1.2,A,both,3,11,24,24,32,4.0
A_k4_3od_x1.2,A,both,3,12,24,24,34,4.0
A_k4_3od_x1.2,A,both,3,13,24,24,34,4.0
A_k4_3od_x1.2,A,both,3,14,24,24,32,4.0
A_k4_3od_x1.2,A,both,3,15,24,24,32,4.0
A_k4_3od_x1.2,A,both,4,1,24,17,25,1.5833333333333333
A_k4_3od_x1.2,A,both,4,2,24,24,36,4.0
A_k4_3od_x1.2,A,both,4,3,24,24,33,4.0
A_k4_3od_x1.2,A,both,4,4,24,24,36,4.0
A_k4_3od_x1.2,A,both,4,5,24,24,34,4.0
A_k4_3od_x1.2,A,both,4,6,24,24,34,4.0
A_k4_3od_x1.2,A,both,4,7,24,24,34,4.0
A_k4_3od_x1.2,A,both,4,8,24,24,32,4.0
A_k4_3od_x1.2,A,both,4,9,24,24,32,4.0
A_k4_3od_x1.2,A,both,4,10,24,24,32,4.0
A_k4_3od_x1.2,A,both,4,11,24,24,32,4.0
A_k4_3od_x1.2,A,both,4,12,24,24,35,4.0
A_k4_3od_x1.2,A,both,4,13,24,24,32,4.0
A_k4_3od_x1.2,A,both,4,14,24,24,33,4.0
A_k4_3od_x1.2,A,both,4,15,24,24,30,4.0
A_k4_3od_x1.2,A,both,5,1,24,20,25,1.875
A_k4_3od_x1.2,A,both,5,2,24,24,33,3.9583333333333335
A_k4_3od_x1.2,A,both,5,3,24,24,31,3.9583333333333335
A_k4_3od_x1.2,A,both,5,4,24,24,34,4.0
A_k4_3od_x1.2,A,both,5,5,24,24,33,4.0
A_k4_3od_x1.2,A,both,5,6,24,24,33,4.0
A_k4_3od_x1.2,A,both,5,7,24,24,29,4.0
A_k4_3od_x1.2,A,both,5,8,24,24,32,4.0
A_k4_3od_x1.2,A,both,5,9,24,24,29,4.0
A_k4_3od_x1.2,A,both,5,10,24,24,30,4.0
A_k4_3od_x1.2,A,both,5,11,24,24,35,4.0
A_k4_3od_x1.2,A,both,5,12,24,24,32,4.0
A_k4_3od_x1.2,A,both,5,13,24,24,31,4.0
A_k4_3od_x1.2,A,both,5,14,24,24,31,4.0
A_k4_3od_x1.2,A,both,5,15,24,24,30,4.0
A_k4_3od_x1.2,A,both,6,1,24,20,32,2.2083333333333335
A_k4_3od_x1.2,A,both,6,2,24,23,30,4.0
A_k4_3od_x1.2,A,both,6,3,24,24,34,4.0
A_k4_3od_x1.2,A,both,6,4,24,24,32,4.0
A_k4_3od_x1.2,A,both,6,5,24,24,33,4.0
A_k4_3od_x1.2,A,both,6,6,24,24,30,4.0
A_k4_3od_x1.2,A,both,6,7,24,24,32,4.0
A_k4_3od_x1.2,A,both,6,8,24,24,34,4.0
A_k4_3od_x1.2,A,both,6,9,24,24,31,4.0
A_k4_3od_x1.2,A,both,6,10,24,24,35,4.0
A_k4_3od_x1.2,A,both,6,11,24,24,32,4.0
A_k4_3od_x1.2,A,both,6,12,24,24,32,4.0
A_k4_3od_x1.2,A,both,6,13,24,24,33,4.0
A_k4_3od_x1.2,A,both,6,14,24,24,29,4.0
A_k4_3od_x1.2,A,both,6,15,24,24,33,4.0
A_k4_3od_x1.2,A,both,7,1,24,15,28,1.625
A_k4_3od_x1.2,A,both,7,2,24,24,35,4.0
A_k4_3od_x1.2,A,both,7,3,24,24,35,4.0
A_k4_3od_x1.2,A,both,7,4,24,24,33,4.0
A_k4_3od_x1.2,A,both,7,5,24,24,33,4.0
A_k4_3od_x1.2,A,both,7,6,24,24,31,4.0
A_k4_3od_x1.2,A,both,7,7,24,24,32,4.0
A_k4_3od_x1.2,A,both,7,8,24,24,30,4.0
A_k4_3od_x1.2,A,both,7,9,24,24,33,4.0
A_k4_3od_x1.2,A,both,7,10,24,24,34,4.0
A_k4_3od_x1.2,A,both,7,11,24,24,33,4.0
A_k4_3od_x1.2,A,both,7,12,24,24,33,4.0
A_k4_3od_x1.2,A,both,7,13,24,24,33,4.0
A_k4_3od_x1.2,A,both,7,14,24,24,34,4.0
A_k4_3od_x1.2,A,both,7,15,24,24,33,4.0
A_k4_3od_x1.2,A,both,8,1,24,21,30,1.875
A_k4_3od_x1.2,A,both,8,2,24,24,37,3.9583333333333335
A_k4_3od_x1.2,A,both,8,3,24,24,32,4.0
A_k4_3od_x1.2,A,both,8,4,24,24,34,4.0
A_k4_3od_x1.2,A,both,8,5,24,24,29,4.0
A_k4_3od_x1.2,A,both,8,6,24,24,31,4.0
A_k4_3od_x1.2,A,both,8,7,24,24,33,4.0
A_k4_3od_x1.2,A,both,8,8,24,24,32,4.0
A_k4_3od_x1.2,A,both,8,9,24,24,34,4.0
A_k4_3od_x1.2,A,both,8,10,24,24,30,4.0
A_k4_3od_x1.2,A,both,8,11,24,24,36,4.0
A_k4_3od_x1.2,A,both,8,12,24,24,33,4.0
A_k4_3od_x1.2,A,both,8,13,24,24,34,4.0
A_k4_3od_x1.2,A,both,8,14,24,24,32,4.0
A_k4_3od_x1.2,A,both,8,15,24,24,35,4.0
A_k4_3od_x1.2,A,both,9,1,24,20,31,2.0416666666666665
A_k4_3od_x1.2,A,both,9,2,24,24,34,4.0
A_k4_3od_x1.2,A,both,9,3,24,24,35,4.0
A_k4_3od_x1.2,A,both,9,4,24,24,33,4.0
A_k4_3od_x1.2,A,both,9,5,24,24,34,4.0
A_k4_3od_x1.2,A,both,9,6,24,24,33,4.0
A_k4_3od_x1.2,A,both,9,7,24,24,34,4.0
A_k4_3od_x1.2,A,both,9,8,24,24,36,4.0
A_k4_3od_x1.2,A,both,9,9,24,24,33,4.0
A_k4_3od_x1.2,A,both,9,10,24,24,33,4.0
A_k4_3od_x1.2,A,both,9,11,24,24,29,4.0
A_k4_3od_x1.2,A,both,9,12,24,24,32,4.0
A_k4_3od_x1.2,A,both,9,13,24,24,31,4.0
A_k4_3od_x1.2,A,both,9,14,24,24,30,4.0
A_k4_3od_x1.2,A,both,9,15,24,24,34,4.0
A_k4_3od_x1.2,A,init,0,1,24,22,31,2.2916666666666665
A_k4_3od_x1.2,A,init,0,2,24,24,33,4.0
A_k4_3od_x1.2,A,init,0,3,24,24,35,4.0
A_k4_3od_x1.2,A,init,0,4,24,24,35,4.0
A_k4_3od_x1.2,A,init,0,5,24,24,33,4.0
A_k4_3od_x1.2,A,init,0,6,24,24,34,4.0
A_k4_3od_x1.2,A,init,0,7,24,24,35,4.0
A_k4_3od_x1.2,A,init,0,8,24,24,36,4.0
A_k4_3od_x1.2,A,init,0,9,24,24,32,4.0
A_k4_3od_x1.2,A,init,0,10,24,24,34,4.0
A_k4_3od_x1.2,A,init,0,11,24,24,31,4.0
A_k4_3od_x1.2,A,init,0,12,24,24,35,4.0
A_k4_3od_x1.2,A,init,0,13,24,24,34,4.0
A_k4_3od_x1.2,A,init,0,14,24,24,33,4.0
A_k4_3od_x1.2,A,init,0,15,24,24,31,4.0
A_k4_3od_x1.2,A,init,1,1,24,18,24,1.875
A_k4_3od_x1.2,A,init,1,2,24,24,36,3.9166666666666665
A_k4_3od_x1.2,A,init,1,3,24,24,37,4.0
A_k4_3od_x1.2,A,init,1,4,24,24,35,4.0
A_k4_3od_x1.2,A,init,1,5,24,24,33,4.0
A_k4_3od_x1.2,A,init,1,6,24,24,36,4.0
A_k4_3od_x1.2,A,init,1,7,24,24,33,4.0
A_k4_3od_x1.2,A,init,1,8,24,24,32,4.0
A_k4_3od_x1.2,A,init,1,9,24,24,29,4.0
A_k4_3od_x1.2,A,init,1,10,24,24,33,4.0
A_k4_3od_x1.2,A,init,1,11,24,24,32,4.0
A_k4_3od_x1.2,A,init,1,12,24,24,33,4.0
A_k4_3od_x1.2,A,init,1,13,24,24,31,4.0
A_k4_3od_x1.2,A,init,1,14,24,24,32,4.0
A_k4_3od_x1.2,A,init,1,15,24,23,33,4.0
A_k4_3od_x1.2,A,init,2,1,24,19,27,2.0
A_k4_3od_x1.2,A,init,2,2,24,24,35,3.9166666666666665
A_k4_3od_x1.2,A,init,2,3,24,24,35,4.0
A_k4_3od_x1.2,A,init,2,4,24,24,35,4.0
A_k4_3od_x1.2,A,init,2,5,24,24,33,4.0
A_k4_3od_x1.2,A,init,2,6,24,24,33,4.0
A_k4_3od_x1.2,A,init,2,7,24,24,31,4.0
A_k4_3od_x1.2,A,init,2,8,24,24,33,4.0
A_k4_3od_x1.2,A,init,2,9,24,24,35,4.0
A_k4_3od_x1.2,A,init,2,10,24,24,31,4.0
A_k4_3od_x1.2,A,init,2,11,24,24,34,4.0
A_k4_3od_x1.2,A,init,2,12,24,24,35,4.0
A_k4_3od_x1.2,A,init,2,13,24,24,32,4.0
A_k4_3od_x1.2,A,init,2,14,24,24,32,4.0
A_k4_3od_x1.2,A,init,2,15,24,24,32,4.0
A_k4_3od_x1.2,A,init,3,1,24,22,31,2.4166666666666665
A_k4_3od_x1.2,A,init,3,2,24,24,34,4.0
A_k4_3od_x1.2,A,init,3,3,24,24,33,4.0
A_k4_3od_x1.2,A,init,3,4,24,24,36,4.0
A_k4_3od_x1.2,A,init,3,5,24,24,36,4.0
A_k4_3od_x1.2,A,init,3,6,24,24,35,4.0
A_k4_3od_x1.2,A,init,3,7,24,24,32,4.0
A_k4_3od_x1.2,A,init,3,8,24,24,33,4.0
A_k4_3od_x1.2,A,init,3,9,24,24,32,4.0
A_k4_3od_x1.2,A,init,3,10,24,24,31,4.0
A_k4_3od_x1.2,A,init,3,11,24,24,34,4.0
A_k4_3od_x1.2,A,init,3,12,24,24,32,4.0
A_k4_3od_x1.2,A,init,3,13,24,24,37,4.0
A_k4_3od_x1.2,A,init,3,14,24,23,31,4.0
A_k4_3od_x1.2,A,init,3,15,24,24,34,4.0
A_k4_3od_x1.2,A,init,4,1,24,17,25,1.5833333333333333
A_k4_3od_x1.2,A,init,4,2,24,24,35,4.0
A_k4_3od_x1.2,A,init,4,3,24,24,34,4.0
A_k4_3od_x1.2,A,init,4,4,24,24,34,4.0
A_k4_3od_x1.2,A,init,4,5,24,24,30,4.0
A_k4_3od_x1.2,A,init,4,6,24,24,33,4.0
A_k4_3od_x1.2,A,init,4,7,24,24,33,4.0
A_k4_3od_x1.2,A,init,4,8,24,24,29,4.0
A_k4_3od_x1.2,A,init,4,9,24,23,35,4.0
A_k4_3od_x1.2,A,init,4,10,24,24,34,4.0
A_k4_3od_x1.2,A,init,4,11,24,24,30,4.0
A_k4_3od_x1.2,A,init,4,12,24,24,30,4.0
A_k4_3od_x1.2,A,init,4,13,24,24,31,4.0
A_k4_3od_x1.2,A,init,4,14,24,24,32,4.0
A_k4_3od_x1.2,A,init,4,15,24,24,31,4.0
A_k4_3od_x1.2,A,init,5,1,24,20,25,1.875
A_k4_3od_x1.2,A,init,5,2,24,24,34,3.9583333333333335
A_k4_3od_x1.2,A,init,5,3,24,24,32,3.9583333333333335
A_k4_3od_x1.2,A,init,5,4,24,24,31,4.0
A_k4_3od_x1.2,A,init,5,5,24,24,31,4.0
A_k4_3od_x1.2,A,init,5,6,24,24,30,4.0
A_k4_3od_x1.2,A,init,5,7,24,24,35,4.0
A_k4_3od_x1.2,A,init,5,8,24,24,32,4.0
A_k4_3od_x1.2,A,init,5,9,24,23,31,4.0
A_k4_3od_x1.2,A,init,5,10,24,24,33,4.0
A_k4_3od_x1.2,A,init,5,11,24,24,34,4.0
A_k4_3od_x1.2,A,init,5,12,24,24,34,4.0
A_k4_3od_x1.2,A,init,5,13,24,24,34,4.0
A_k4_3od_x1.2,A,init,5,14,24,24,34,4.0
A_k4_3od_x1.2,A,init,5,15,24,24,33,4.0
A_k4_3od_x1.2,A,init,6,1,24,20,32,2.2083333333333335
A_k4_3od_x1.2,A,init,6,2,24,23,32,4.0
A_k4_3od_x1.2,A,init,6,3,24,24,30,4.0
A_k4_3od_x1.2,A,init,6,4,24,24,34,4.0
A_k4_3od_x1.2,A,init,6,5,24,24,37,4.0
A_k4_3od_x1.2,A,init,6,6,24,24,31,4.0
A_k4_3od_x1.2,A,init,6,7,24,24,34,4.0
A_k4_3od_x1.2,A,init,6,8,24,24,32,4.0
A_k4_3od_x1.2,A,init,6,9,24,24,31,4.0
A_k4_3od_x1.2,A,init,6,10,24,24,36,4.0
A_k4_3od_x1.2,A,init,6,11,24,24,34,4.0
A_k4_3od_x1.2,A,init,6,12,24,24,32,4.0
A_k4_3od_x1.2,A,init,6,13,24,24,34,4.0
A_k4_3od_x1.2,A,init,6,14,24,24,34,4.0
A_k4_3od_x1.2,A,init,6,15,24,24,31,4.0
A_k4_3od_x1.2,A,init,7,1,24,15,28,1.625
A_k4_3od_x1.2,A,init,7,2,24,24,35,4.0
A_k4_3od_x1.2,A,init,7,3,24,24,33,4.0
A_k4_3od_x1.2,A,init,7,4,24,24,34,4.0
A_k4_3od_x1.2,A,init,7,5,24,24,31,4.0
A_k4_3od_x1.2,A,init,7,6,24,24,35,4.0
A_k4_3od_x1.2,A,init,7,7,24,24,34,4.0
A_k4_3od_x1.2,A,init,7,8,24,24,32,4.0
A_k4_3od_x1.2,A,init,7,9,24,24,33,4.0
A_k4_3od_x1.2,A,init,7,10,24,24,34,4.0
A_k4_3od_x1.2,A,init,7,11,24,24,33,4.0
A_k4_3od_x1.2,A,init,7,12,24,24,32,4.0
A_k4_3od_x1.2,A,init,7,13,24,24,34,4.0
A_k4_3od_x1.2,A,init,7,14,24,24,33,4.0
A_k4_3od_x1.2,A,init,7,15,24,24,36,4.0
A_k4_3od_x1.2,A,init,8,1,24,21,30,1.875
A_k4_3od_x1.2,A,init,8,2,24,24,34,3.9583333333333335
A_k4_3od_x1.2,A,init,8,3,24,24,31,4.0
A_k4_3od_x1.2,A,init,8,4,24,24,34,4.0
A_k4_3od_x1.2,A,init,8,5,24,24,31,4.0
A_k4_3od_x1.2,A,init,8,6,24,24,33,4.0
A_k4_3od_x1.2,A,init,8,7,24,24,33,4.0
A_k4_3od_x1.2,A,init,8,8,24,24,36,4.0
A_k4_3od_x1.2,A,init,8,9,24,24,35,4.0
A_k4_3od_x1.2,A,init,8,10,24,24,35,4.0
A_k4_3od_x1.2,A,init,8,11,24,24,34,4.0
A_k4_3od_x1.2,A,init,8,12,24,24,30,4.0
A_k4_3od_x1.2,A,init,8,13,24,24,32,4.0
A_k4_3od_x1.2,A,init,8,14,24,24,34,4.0
A_k4_3od_x1.2,A,init,8,15,24,24,36,4.0
A_k4_3od_x1.2,A,init,9,1,24,20,31,2.0416666666666665
A_k4_3od_x1.2,A,init,9,2,24,24,33,4.0
A_k4_3od_x1.2,A,init,9,3,24,24,34,4.0
A_k4_3od_x1.2,A,init,9,4,24,24,35,4.0
A_k4_3od_x1.2,A,init,9,5,24,24,33,4.0
A_k4_3od_x1.2,A,init,9,6,24,24,31,4.0
A_k4_3od_x1.2,A,init,9,7,24,24,33,4.0
A_k4_3od_x1.2,A,init,9,8,24,24,35,4.0
A_k4_3od_x1.2,A,init,9,9,24,24,34,4.0
A_k4_3od_x1.2,A,init,9,10,24,24,37,4.0
A_k4_3od_x1.2,A,init,9,11,24,24,33,4.0
A_k4_3od_x1.2,A,init,9,12,24,24,35,4.0
A_k4_3od_x1.2,A,init,9,13,24,24,31,4.0
A_k4_3od_x1.2,A,init,9,14,24,24,33,4.0
A_k4_3od_x1.2,A,init,9,15,24,24,33,4.0
A_k4_3od_x1.2,A,mutation,0,1,24,24,26,1.7916666666666667
A_k4_3od_x1.2,A,mutation,0,2,24,24,35,3.9166666666666665
A_k4_3od_x1.2,A,mutation,0,3,24,24,33,4.0
A_k4_3od_x1.2,A,mutation,0,4,24,24,32,4.0
A_k4_3od_x1.2,A,mutation,0,5,24,24,31,4.0
A_k4_3od_x1.2,A,mutation,0,6,24,24,31,4.0
A_k4_3od_x1.2,A,mutation,0,7,24,24,36,4.0
A_k4_3od_x1.2,A,mutation,0,8,24,24,32,4.0
A_k4_3od_x1.2,A,mutation,0,9,24,24,35,4.0
A_k4_3od_x1.2,A,mutation,0,10,24,24,34,4.0
A_k4_3od_x1.2,A,mutation,0,11,24,24,36,4.0
A_k4_3od_x1.2,A,mutation,0,12,24,24,34,4.0
A_k4_3od_x1.2,A,mutation,0,13,24,24,35,4.0
A_k4_3od_x1.2,A,mutation,0,14,24,24,32,4.0
A_k4_3od_x1.2,A,mutation,0,15,24,24,33,4.0
A_k4_3od_x1.2,A,mutation,1,1,24,24,28,2.0
A_k4_3od_x1.2,A,mutation,1,2,24,24,35,3.9166666666666665
A_k4_3od_x1.2,A,mutation,1,3,24,24,33,4.0
A_k4_3od_x1.2,A,mutation,1,4,24,24,29,4.0
A_k4_3od_x1.2,A,mutation,1,5,24,24,31,4.0
A_k4_3od_x1.2,A,mutation,1,6,24,24,30,4.0
A_k4_3od_x1.2,A,mutation,1,7,24,24,32,4.0
A_k4_3od_x1.2,A,mutation,1,8,24,24,32,4.0
A_k4_3od_x1.2,A,mutation,1,9,24,24,31,4.0
A_k4_3od_x1.2,A,mutation,1,10,24,24,33,4.0
A_k4_3od_x1.2,A,mutation,1,11,24,24,35,4.0
A_k4_3od_x1.2,A,mutation,1,12,24,24,31,4.0
A_k4_3od_x1.2,A,mutation,1,13,24,24,31,4.0
A_k4_3od_x1.2,A,mutation,1,14,24,23,30,4.0
A_k4_3od_x1.2,A,mutation,1,15,24,24,32,4.0
A_k4_3od_x1.2,A,mutation,2,1,24,20,27,1.75
A_k4_3od_x1.2,A,mutation,2,2,24,24,36,3.9166666666666665
A_k4_3od_x1.2,A,mutation,2,3,24,24,33,4.0
A_k4_3od_x1.2,A,mutation,2,4,24,24,32,4.0
A_k4_3od_x1.2,A,mutation,2,5,24,24,32,4.0
A_k4_3od_x1.2,A,mutation,2,6,24,24,30,4.0
A_k4_3od_x1.2,A,mutation,2,7,24,24,34,4.0
A_k4_3od_x1.2,A,mutation,2,8,24,23,34,4.0
A_k4_3od_x1.2,A,mutation,2,9,24,24,34,4.0
A_k4_3od_x1.2,A,mutation,2,10,24,24,31,4.0
A_k4_3od_x1.2,A,mutation,2,11,24,24,31,4.0
A_k4_3od_x1.2,A,mutation,2,12,24,24,32,4.0
A_k4_3od_x1.2,A,mutation,2,13,24,24,32,4.0
A_k4_3od_x1.2,A,mutation,2,14,24,24,30,4.0
A_k4_3od_x1.2,A,mutation,2,15,24,24,32,4.0
A_k4_3od_x1.2,A,mutation,3,1,24,21,26,1.9166666666666667
A_k4_3od_x1.2,A,mutation,3,2,24,24,34,4.0
A_k4_3od_x1.2,A,mutation,3,3,24,24,34,4.0
A_k4_3od_x1.2,A,mutation,3,4,24,24,34,4.0
A_k4_3od_x1.2,A,mutation,3,5,24,24,36,4.0
A_k4_3od_x1.2,A,mutation,3,6,24,24,31,4.0
A_k4_3od_x1.2,A,mutation,3,7,24,24,34,4.0
A_k4_3od_x1.2,A,mutation,3,8,24,24,34,4.0
A_k4_3od_x1.2,A,mutation,3,9,24,24,35,4.0
A_k4_3od_x1.2,A,mutation,3,10,24,24,30,4.0
A_k4_3od_x1.2,A,mutation,3,11,24,24,31,4.0
A_k4_3od_x1.2,A,mutation,3,12,24,24,34,4.0
A_k4_3od_x1.2,A,mutation,3,13,24,24,31,4.0
A_k4_3od_x1.2,A,mutation,3,14,24,24,31,4.0
A_k4_3od_x1.2,A,mutation,3,15,24,24,33,4.0
A_k4_3od_x1.2,A,mutation,4,1,24,21,31,2.1666666666666665
A_k4_3od_x1.2,A,mutation,4,2,24,24,34,3.9166666666666665
A_k4_3od_x1.2,A,mutation,4,3,24,24,32,4.0
A_k4_3od_x1.2,A,mutation,4,4,24,24,34,4.0
A_k4_3od_x1.2,A,mutation,4,5,24,24,32,4.0
A_k4_3od_x1.2,A,mutation,4,6,24,24,33,4.0
A_k4_3od_x1.2,A,mutation,4,7,24,24,30,4.0
A_k4_3od_x1.2,A,mutation,4,8,24,24,31,4.0
A_k4_3od_x1.2,A,mutation,4,9,24,24,31,4.0
A_k4_3od_x1.2,A,mutation,4,10,24,24,30,4.0
A_k4_3od_x1.2,A,mutation,4,11,24,24,33,4.0
A_k4_3od_x1.2,A,mutation,4,12,24,23,28,4.0
A_k4_3od_x1.2,A,mutation,4,13,24,24,33,4.0
A_k4_3od_x1.2,A,mutation,4,14,24,24,34,4.0
A_k4_3od_x1.2,A,mutation,4,15,24,24,35,4.0
A_k4_3od_x1.2,A,mutation,5,1,24,20,24,1.75
A_k4_3od_x1.2,A,mutation,5,2,24,24,33,3.9583333333333335
A_k4_3od_x1.2,A,mutation,5,3,24,24,34,4.0
A_k4_3od_x1.2,A,mutation,5,4,24,24,36,4.0
A_k4_3od_x1.2,A,mutation,5,5,24,23,34,4.0
A_k4_3od_x1.2,A,mutation,5,6,24,24,32,4.0
A_k4_3od_x1.2,A,mutation,5,7,24,24,29,4.0
A_k4_3od_x1.2,A,mutation,5,8,24,24,29,4.0
A_k4_3od_x1.2,A,mutation,5,9,24,24,31,4.0
A_k4_3od_x1.2,A,mutation,5,10,24,24,30,4.0
A_k4_3od_x1.2,A,mutation,5,11,24,24,32,4.0
A_k4_3od_x1.2,A,mutation,5,12,24,24,34,4.0
A_k4_3od_x1.2,A,mutation,5,13,24,24,33,4.0
A_k4_3od_x1.2,A,mutation,5,14,24,24,34,4.0
A_k4_3od_x1.2,A,mutation,5,15,24,24,32,4.0
A_k4_3od_x1.2,A,mutation,6,1,24,23,32,2.25
A_k4_3od_x1.2,A,mutation,6,2,24,24,32,4.0
A_k4_3od_x1.2,A,mutation,6,3,24,24,33,4.0
A_k4_3od_x1.2,A,mutation,6,4,24,24,33,4.0
A_k4_3od_x1.2,A,mutation,6,5,24,24,35,4.0
A_k4_3od_x1.2,A,mutation,6,6,24,24,29,4.0
A_k4_3od_x1.2,A,mutation,6,7,24,24,30,4.0
A_k4_3od_x1.2,A,mutation,6,8,24,24,33,4.0
A_k4_3od_x1.2,A,mutation,6,9,24,24,30,4.0
A_k4_3od_x1.2,A,mutation,6,10,24,24,33,4.0
A_k4_3od_x1.2,A,mutation,6,11,24,24,32,4.0
A_k4_3od_x1.2,A,mutation,6,12,24,24,33,4.0
A_k4_3od_x1.2,A,mutation,6,13,24,24,34,4.0
A_k4_3od_x1.2,A,mutation,6,14,24,24,33,4.0
A_k4_3od_x1.2,A,mutation,6,15,24,24,33,4.0
A_k4_3od_x1.2,A,mutation,7,1,24,19,28,1.7916666666666667
A_k4_3od_x1.2,A,mutation,7,2,24,24,34,4.0
A_k4_3od_x1.2,A,mutation,7,3,24,24,33,4.0
A_k4_3od_x1.2,A,mutation,7,4,24,24,33,4.0
A_k4_3od_x1.2,A,mutation,7,5,24,23,33,4.0
A_k4_3od_x1.2,A,mutation,7,6,24,24,28,4.0
A_k4_3od_x1.2,A,mutation,7,7,24,23,31,4.0
A_k4_3od_x1.2,A,mutation,7,8,24,24,32,4.0
A_k4_3od_x1.2,A,mutation,7,9,24,24,34,4.0
A_k4_3od_x1.2,A,mutation,7,10,24,24,32,4.0
A_k4_3od_x1.2,A,mutation,7,11,24,24,33,4.0
A_k4_3od_x1.2,A,mutation,7,12,24,24,33,4.0
A_k4_3od_x1.2,A,mutation,7,13,24,24,35,4.0
A_k4_3od_x1.2,A,mutation,7,14,24,24,34,4.0
A_k4_3od_x1.2,A,mutation,7,15,24,24,34,4.0
A_k4_3od_x1.2,A,mutation,8,1,24,20,22,1.375
A_k4_3od_x1.2,A,mutation,8,2,24,24,35,3.9166666666666665
A_k4_3od_x1.2,A,mutation,8,3,24,24,34,4.0
A_k4_3od_x1.2,A,mutation,8,4,24,24,34,4.0
A_k4_3od_x1.2,A,mutation,8,5,24,24,33,4.0
A_k4_3od_x1.2,A,mutation,8,6,24,24,33,4.0
A_k4_3od_x1.2,A,mutation,8,7,24,24,31,4.0
A_k4_3od_x1.2,A,mutation,8,8,24,24,35,4.0
A_k4_3od_x1.2,A,mutation,8,9,24,24,34,4.0
A_k4_3od_x1.2,A,mutation,8,10,24,24,33,4.0
A_k4_3od_x1.2,A,mutation,8,11,24,24,32,4.0
A_k4_3od_x1.2,A,mutation,8,12,24,24,34,4.0
A_k4_3od_x1.2,A,mutation,8,13,24,24,30,4.0
A_k4_3od_x1.2,A,mutation,8,14,24,24,29,4.0
A_k4_3od_x1.2,A,mutation,8,15,24,24,33,4.0
A_k4_3od_x1.2,A,mutation,9,1,24,24,26,2.1666666666666665
A_k4_3od_x1.2,A,mutation,9,2,24,24,31,3.9166666666666665
A_k4_3od_x1.2,A,mutation,9,3,24,24,34,3.9166666666666665
A_k4_3od_x1.2,A,mutation,9,4,24,24,34,4.0
A_k4_3od_x1.2,A,mutation,9,5,24,24,35,4.0
A_k4_3od_x1.2,A,mutation,9,6,24,24,34,4.0
A_k4_3od_x1.2,A,mutation,9,7,24,24,32,4.0
A_k4_3od_x1.2,A,mutation,9,8,24,24,32,4.0
A_k4_3od_x1.2,A,mutation,9,9,24,24,29,4.0
A_k4_3od_x1.2,A,mutation,9,10,24,24,34,4.0
A_k4_3od_x1.2,A,mutation,9,11,24,24,35,4.0
A_k4_3od_x1.2,A,mutation,9,12,24,24,34,4.0
A_k4_3od_x1.2,A,mutation,9,13,24,24,35,4.0
A_k4_3od_x1.2,A,mutation,9,14,24,24,32,4.0
A_k4_3od_x1.2,A,mutation,9,15,24,24,30,4.0
A_k4_3od_x1.2,A,none,0,1,24,24,26,1.7916666666666667
A_k4_3od_x1.2,A,none,0,2,24,24,36,3.9166666666666665
A_k4_3od_x1.2,A,none,0,3,24,24,30,4.0
A_k4_3od_x1.2,A,none,0,4,24,24,33,4.0
A_k4_3od_x1.2,A,none,0,5,24,24,35,4.0
A_k4_3od_x1.2,A,none,0,6,24,24,33,4.0
A_k4_3od_x1.2,A,none,0,7,24,24,31,4.0
A_k4_3od_x1.2,A,none,0,8,24,24,32,4.0
A_k4_3od_x1.2,A,none,0,9,24,24,35,4.0
A_k4_3od_x1.2,A,none,0,10,24,24,31,4.0
A_k4_3od_x1.2,A,none,0,11,24,24,33,4.0
A_k4_3od_x1.2,A,none,0,12,24,24,33,4.0
A_k4_3od_x1.2,A,none,0,13,24,24,32,4.0
A_k4_3od_x1.2,A,none,0,14,24,23,31,4.0
A_k4_3od_x1.2,A,none,0,15,24,24,30,4.0
A_k4_3od_x1.2,A,none,1,1,24,24,28,2.0
A_k4_3od_x1.2,A,none,1,2,24,24,35,3.9166666666666665
A_k4_3od_x1.2,A,none,1,3,24,24,32,4.0
A_k4_3od_x1.2,A,none,1,4,24,24,31,4.0
A_k4_3od_x1.2,A,none,1,5,24,24,31,4.0
A_k4_3od_x1.2,A,none,1,6,24,23,29,4.0
A_k4_3od_x1.2,A,none,1,7,24,24,33,4.0
A_k4_3od_x1.2,A,none,1,8,24,24,31,4.0
A_k4_3od_x1.2,A,none,1,9,24,24,36,4.0
A_k4_3od_x1.2,A,none,1,10,24,24,32,4.0
A_k4_3od_x1.2,A,none,1,11,24,24,35,4.0
A_k4_3od_x1.2,A,none,1,12,24,24,34,4.0
A_k4_3od_x1.2,A,none,1,13,24,24,35,4.0
A_k4_3od_x1.2,A,none,1,14,24,23,34,4.0
A_k4_3od_x1.2,A,none,1,15,24,24,29,4.0
A_k4_3od_x1.2,A,none,2,1,24,20,27,1.75
A_k4_3od_x1.2,A,none,2,2,24,24,35,3.9166666666666665
A_k4_3od_x1.2,A,none,2,3,24,24,34,4.0
A_k4_3od_x1.2,A,none,2,4,24,24,32,4.0
A_k4_3od_x1.2,A,none,2,5,24,24,33,4.0
A_k4_3od_x1.2,A,none,2,6,24,24,33,4.0
A_k4_3od_x1.2,A,none,2,7,24,24,32,4.0
A_k4_3od_x1.2,A,none,2,8,24,24,32,4.0
A_k4_3od_x1.2,A,none,2,9,24,24,35,4.0
A_k4_3od_x1.2,A,none,2,10,24,24,32,4.0
A_k4_3od_x1.2,A,none,2,11,24,24,35,4.0
A_k4_3od_x1.2,A,none,2,12,24,24,32,4.0
A_k4_3od_x1.2,A,none,2,13,24,24,33,4.0
A_k4_3od_x1.2,A,none,2,14,24,24,33,4.0
A_k4_3od_x1.2,A,none,2,15,24,24,28,4.0
A_k4_3od_x1.2,A,none,3,1,24,21,26,1.9166666666666667
A_k4_3od_x1.2,A,none,3,2,24,24,33,4.0
A_k4_3od_x1.2,A,none,3,3,24,24,34,4.0
A_k4_3od_x1.2,A,none,3,4,24,24,34,4.0
A_k4_3od_x1.2,A,none,3,5,24,24,34,4.0
A_k4_3od_x1.2,A,none,3,6,24,24,34,4.0
A_k4_3od_x1.2,A,none,3,7,24,24,34,4.0
A_k4_3od_x1.2,A,none,3,8,24,23,31,4.0
A_k4_3od_x1.2,A,none,3,9,24,24,32,4.0
A_k4_3od_x1.2,A,none,3,10,24,24,31,4.0
A_k4_3od_x1.2,A,none,3,11,24,24,31,4.0
A_k4_3od_x1.2,A,none,3,12,24,24,32,4.0
A_k4_3od_x1.2,A,none,3,13,24,24,33,4.0
A_k4_3od_x1.2,A,none,3,14,24,24,33,4.0
A_k4_3od_x1.2,A,none,3,15,24,23,34,4.0
A_k4_3od_x1.2,A,none,4,1,24,21,31,2.1666666666666665
A_k4_3od_x1.2,A,none,4,2,24,24,34,3.9166666666666665
A_k4_3od_x1.2,A,none,4,3,24,24,32,4.0
A_k4_3od_x1.2,A,none,4,4,24,24,32,4.0
A_k4_3od_x1.2,A,none,4,5,24,24,31,4.0
A_k4_3od_x1.2,A,none,4,6,24,24,34,4.0
A_k4_3od_x1.2,A,none,4,7,24,24,32,4.0
A_k4_3od_x1.2,A,none,4,8,24,24,32,4.0
A_k4_3od_x1.2,A,none,4,9,24,24,33,4.0
A_k4_3od_x1.2,A,none,4,10,24,24,30,4.0
A_k4_3od_x1.2,A,none,4,11,24,24,33,4.0
A_k4_3od_x1.2,A,none,4,12,24,24,32,4.0
A_k4_3od_x1.2,A,none,4,13,24,24,32,4.0
A_k4_3od_x1.2,A,none,4,14,24,24,34,4.0
A_k4_3od_x1.2,A,none,4,15,24,24,34,4.0
A_k4_3od_x1.2,A,none,5,1,24,20,24,1.75
A_k4_3od_x1.2,A,none,5,2,24,24,35,3.9583333333333335
A_k4_3od_x1.2,A,none,5,3,24,24,32,3.9583333333333335
A_k4_3od_x1.2,A,none,5,4,24,24,34,3.9583333333333335
A_k4_3od_x1.2,A,none,5,5,24,23,33,4.0
A_k4_3od_x1.2,A,none,5,6,24,24,31,4.0
A_k4_3od_x1.2,A,none,5,7,24,24,34,4.0
A_k4_3od_x1.2,A,none,5,8,24,24,32,4.0
A_k4_3od_x1.2,A,none,5,9,24,24,30,4.0
A_k4_3od_x1.2,A,none,5,10,24,24,32,4.0
A_k4_3od_x1.2,A,none,5,11,24,24,31,4.0
A_k4_3od_x1.2,A,none,5,12,24,24,35,4.0
A_k4_3od_x1.2,A,none,5,13,24,24,35,4.0
A_k4_3od_x1.2,A,none,5,14,24,24,33,4.0
A_k4_3od_x1.2,A,none,5,15,24,24,32,4.0
A_k4_3od_x1.2,A,none,6,1,24,23,32,2.25
A_k4_3od_x1.2,A,none,6,2,24,24,32,4.0
A_k4_3od_x1.2,A,none,6,3,24,24,36,4.0
A_k4_3od_x1.2,A,none,6,4,24,24,36,4.0
A_k4_3od_x1.2,A,none,6,5,24,24,36,4.0
A_k4_3od_x1.2,A,none,6,6,24,24,32,4.0
A_k4_3od_x1.2,A,none,6,7,24,24,33,4.0
A_k4_3od_x1.2,A,none,6,8,24,24,30,4.0
A_k4_3od_x1.2,A,none,6,9,24,24,33,4.0
A_k4_3od_x1.2,A,none,6,10,24,24,32,4.0
A_k4_3od_x1.2,A,none,6,11,24,24,32,4.0
A_k4_3od_x1.2,A,none,6,12,24,23,33,4.0
A_k4_3od_x1.2,A,none,6,13,24,23,33,4.0
A_k4_3od_x1.2,A,none,6,14,24,24,30,4.0
A_k4_3od_x1.2,A,none,6,15,24,24,31,4.0
A_k4_3od_x1.2,A,none,7,1,24,19,28,1.7916666666666667
A_k4_3od_x1.2,A,none,7,2,24,24,34,4.0
A_k4_3od_x1.2,A,none,7,3,24,24,32,4.0
A_k4_3od_x1.2,A,none,7,4,24,24,33,4.0
A_k4_3od_x1.2,A,none,7,5,24,24,37,4.0
A_k4_3od_x1.2,A,none,7,6,24,24,31,4.0
A_k4_3od_x1.2,A,none,7,7,24,24,31,4.0
A_k4_3od_x1.2,A,none,7,8,24,24,31,4.0
A_k4_3od_x1.2,A,none,7,9,24,24,32,4.0
A_k4_3od_x1.2,A,none,7,10,24,24,32,4.0
A_k4_3od_x1.2,A,none,7,11,24,24,37,4.0
A_k4_3od_x1.2,A,none,7,12,24,24,31,4.0
A_k4_3od_x1.2,A,none,7,13,24,23,33,4.0
A_k4_3od_x1.2,A,none,7,14,24,24,33,4.0
A_k4_3od_x1.2,A,none,7,15,24,24,33,4.0
A_k4_3od_x1.2,A,none,8,1,24,20,22,1.375
A_k4_3od_x1.2,A,none,8,2,24,24,35,3.9166666666666665
A_k4_3od_x1.2,A,none,8,3,24,24,31,4.0
A_k4_3od_x1.2,A,none,8,4,24,24,34,4.0
A_k4_3od_x1.2,A,none,8,5,24,24,34,4.0
A_k4_3od_x1.2,A,none,8,6,24,24,34,4.0
A_k4_3od_x1.2,A,none,8,7,24,23,33,4.0
A_k4_3od_x1.2,A,none,8,8,24,23,31,4.0
A_k4_3od_x1.2,A,none,8,9,24,24,31,4.0
A_k4_3od_x1.2,A,none,8,10,24,24,28,4.0
A_k4_3od_x1.2,A,none,8,11,24,24,33,4.0
A_k4_3od_x1.2,A,none,8,12,24,24,33,4.0
A_k4_3od_x1.2,A,none,8,13,24,24,34,4.0
A_k4_3od_x1.2,A,none,8,14,24,24,35,4.0
A_k4_3od_x1.2,A,none,8,15,24,24,33,4.0
A_k4_3od_x1.2,A,none,9,1,24,24,26,2.1666666666666665
A_k4_3od_x1.2,A,none,9,2,24,24,33,3.9166666666666665
A_k4_3od_x1.2,A,none,9,3,24,24,36,4.0
A_k4_3od_x1.2,A,none,9,4,24,24,37,4.0
A_k4_3od_x1.2,A,none,9,5,24,24,32,4.0
A_k4_3od_x1.2,A,none,9,6,24,24,28,4.0
A_k4_3od_x1.2,A,none,9,7,24,24,35,4.0
A_k4_3od_x1.2,A,none,9,8,24,24,30,4.0
A_k4_3od_x1.2,A,none,9,9,24,24,33,4.0
A_k4_3od_x1.2,A,none,9,10,24,24,33,4.0
A_k4_3od_x1.2,A,none,9,11,24,24,35,4.0
A_k4_3od_x1.2,A,none,9,12,24,23,34,4.0
A_k4_3od_x1.2,A,none,9,13,24,24,37,4.0
A_k4_3od_x1.2,A,none,9,14,24,24,34,4.0
A_k4_3od_x1.2,A,none,9,15,24,24,31,4.0
B_k9_1od_x0.8,B,both,0,1,24,24,54,4.958333333333333
B_k9_1od_x0.8,B,both,0,2,23,23,65,9.0
B_k9_1od_x0.8,B,both,0,3,23,23,68,9.0
B_k9_1od_x0.8,B,both,0,4,23,23,67,9.0
B_k9_1od_x0.8,B,both,0,5,23,23,64,9.0
B_k9_1od_x0.8,B,both,0,6,23,23,72,9.0
B_k9_1od_x0.8,B,both,0,7,23,23,71,9.0
B_k9_1od_x0.8,B,both,0,8,23,23,64,9.0
B_k9_1od_x0.8,B,both,0,9,23,23,64,9.0
B_k9_1od_x0.8,B,both,0,10,23,23,64,9.0
B_k9_1od_x0.8,B,both,0,11,23,23,67,9.0
B_k9_1od_x0.8,B,both,0,12,23,23,70,9.0
B_k9_1od_x0.8,B,both,0,13,23,23,63,9.0
B_k9_1od_x0.8,B,both,0,14,23,23,65,9.0
B_k9_1od_x0.8,B,both,0,15,23,23,66,9.0
B_k9_1od_x0.8,B,both,1,1,24,22,55,4.375
B_k9_1od_x0.8,B,both,1,2,23,23,68,9.0
B_k9_1od_x0.8,B,both,1,3,23,23,60,9.0
B_k9_1od_x0.8,B,both,1,4,23,23,69,9.0
B_k9_1od_x0.8,B,both,1,5,23,23,66,9.0
B_k9_1od_x0.8,B,both,1,6,23,23,64,9.0
B_k9_1od_x0.8,B,both,1,7,23,23,66,9.0
B_k9_1od_x0.8,B,both,1,8,23,23,66,9.0
B_k9_1od_x0.8,B,both,1,9,23,23,63,9.0
B_k9_1od_x0.8,B,both,1,10,23,23,62,9.0
B_k9_1od_x0.8,B,both,1,11,23,23,69,9.0
B_k9_1od_x0.8,B,both,1,12,23,23,69,9.0
B_k9_1od_x0.8,B,both,1,13,23,23,69,9.0
B_k9_1od_x0.8,B,both,1,14,23,23,64,9.0
B_k9_1od_x0.8,B,both,1,15,23,23,72,9.0
B_k9_1od_x0.8,B,both,2,1,24,21,44,4.416666666666667
B_k9_1od_x0.8,B,both,2,2,23,23,72,9.0
B_k9_1od_x0.8,B,both,2,3,23,23,69,9.0
B_k9_1od_x0.8,B,both,2,4,23,23,63,9.0
B_k9_1od_x0.8,B,both,2,5,23,23,67,9.0
B_k9_1od_x0.8,B,both,2,6,23,23,67,9.0
B_k9_1od_x0.8,B,both,2,7,23,23,65,9.0
B_k9_1od_x0.8,B,both,2,8,23,23,65,9.0
B_k9_1od_x0.8,B,both,2,9,23,23,65,9.0
B_k9_1od_x0.8,B,both,2,10,23,23,66,9.0
B_k9_1od_x0.8,B,both,2,11,23,23,61,9.0
B_k9_1od_x0.8,B,both,2,12,23,23,64,9.0
B_k9_1od_x0.8,B,both,2,13,23,23,62,9.0
B_k9_1od_x0.8,B,both,2,14,23,23,69,9.0
B_k9_1od_x0.8,B,both,2,15,23,23,70,9.0
B_k9_1od_x0.8,B,both,3,1,24,24,57,5.416666666666667
B_k9_1od_x0.8,B,both,3,2,23,23,61,9.0
B_k9_1od_x0.8,B,both,3,3,23,23,66,9.0
B_k9_1od_x0.8,B,both,3,4,23,23,68,9.0
B_k9_1od_x0.8,B,both,3,5,23,23,63,9.0
B_k9_1od_x0.8,B,both,3,6,23,23,67,9.0
B_k9_1od_x0.8,B,both,3,7,23,23,66,9.0
B_k9_1od_x0.8,B,both,3,8,23,23,65,9.0
B_k9_1od_x0.8,B,both,3,9,23,23,67,9.0
B_k9_1od_x0.8,B,both,3,10,23,23,67,9.0
B_k9_1od_x0.8,B,both,3,11,23,23,71,9.0
B_k9_1od_x0.8,B,both,3,12,23,23,64,9.0
B_k9_1od_x0.8,B,both,3,13,23,23,68,9.0
B_k9_1od_x0.8,B,both,3,14,23,23,64,9.0
B_k9_1od_x0.8,B,both,3,15,23,23,62,9.0
B_k9_1od_x0.8,B,both,4,1,24,22,44,3.5416666666666665
B_k9_1od_x0.8,B,both,4,2,23,23,61,9.0
B_k9_1od_x0.8,B,both,4,3,23,23,65,9.0
B_k9_1od_x0.8,B,both,4,4,23,23,66,9.0
B_k9_1od_x0.8,B,both,4,5,23,23,66,9.0
B_k9_1od_x0.8,B,both,4,6,23,23,69,9.0
B_k9_1od_x0.8,B,both,4,7,23,23,66,9.0
B_k9_1od_x0.8,B,both,4,8,23,23,66,9.0
B_k9_1od_x0.8,B,both,4,9,23,23,67,9.0
B_k9_1od_x0.8,B,both,4,10,23,23,68,9.0
B_k9_1od_x0.8,B,both,4,11,23,23,68,9.0
B_k9_1od_x0.8,B,both,4,12,23,23,68,9.0
B_k9_1od_x0.8,B,both,4,13,23,23,63,9.0
B_k9_1od_x0.8,B,both,4,14,23,23,62,9.0
B_k9_1od_x0.8,B,both,4,15,23,23,62,9.0
B_k9_1od_x0.8,B,both,5,1,24,22,49,4.25
B_k9_1od_x0.8,B,both,5,2,23,23,64,9.0
B_k9_1od_x0.8,B,both,5,3,23,23,62,9.0
B_k9_1od_x0.8,B,both,5,4,23,23,69,9.0
B_k9_1od_x0.8,B,both,5,5,23,23,60,9.0
B_k9_1od_x0.8,B,both,5,6,23,23,67,9.0
B_k9_1od_x0.8,B,both,5,7,23,23,60,9.0
B_k9_1od_x0.8,B,both,5,8,23,23,67,9.0
B_k9_1od_x0.8,B,both,5,9,23,23,61,9.0
B_k9_1od_x0.8,B,both,5,10,23,23,66,9.0
B_k9_1od_x0.8,B,both,5,11,23,23,64,9.0
B_k9_1od_x0.8,B,both,5,12,23,23,65,9.0
B_k9_1od_x0.8,B,both,5,13,23,23,65,9.0
B_k9_1od_x0.8,B,both,5,14,23,23,66,9.0
B_k9_1od_x0.8,B,both,5,15,23,23,67,9.0
B_k9_1od_x0.8,B,both,6,1,24,22,55,4.958333333333333
B_k9_1od_x0.8,B,both,6,2,23,23,67,9.0
B_k9_1od_x0.8,B,both,6,3,23,23,67,9.0
B_k9_1od_x0.8,B,both,6,4,23,23,71,9.0
B_k9_1od_x0.8,B,both,6,5,23,23,63,9.0
B_k9_1od_x0.8,B,both,6,6,23,23,62,9.0
B_k9_1od_x0.8,B,both,6,7,23,23,63,9.0
B_k9_1od_x0.8,B,both,6,8,23,23,66,9.0
B_k9_1od_x0.8,B,both,6,9,23,23,67,9.0
B_k9_1od_x0.8,B,both,6,10,23,23,64,9.0
B_k9_1od_x0.8,B,both,6,11,23,23,67,9.0
B_k9_1od_x0.8,B,both,6,12,23,23,62,9.0
B_k9_1od_x0.8,B,both,6,13,23,23,65,9.0
B_k9_1od_x0.8,B,both,6,14,23,23,67,9.0
B_k9_1od_x0.8,B,both,6,15,23,23,61,9.0
B_k9_1od_x0.8,B,both,7,1,24,20,47,3.75
B_k9_1od_x0.8,B,both,7,2,23,23,70,9.0
B_k9_1od_x0.8,B,both,7,3,23,23,65,9.0
B_k9_1od_x0.8,B,both,7,4,23,23,68,9.0
B_k9_1od_x0.8,B,both,7,5,23,23,62,9.0
B_k9_1od_x0.8,B,both,7,6,23,23,65,9.0
B_k9_1od_x0.8,B,both,7,7,23,23,67,9.0
B_k9_1od_x0.8,B,both,7,8,23,23,66,9.0
B_k9_1od_x0.8,B,both,7,9,23,23,65,9.0
B_k9_1od_x0.8,B,both,7,10,23,23,68,9.0
B_k9_1od_x0.8,B,both,7,11,23,23,65,9.0
B_k9_1od_x0.8,B,both,7,12,23,23,65,9.0
B_k9_1od_x0.8,B,both,7,13,23,23,68,9.0
B_k9_1od_x0.8,B,both,7,14,23,23,65,9.0
B_k9_1od_x0.8,B,both,7,15,23,23,67,9.0
B_k9_1od_x0.8,B,both,8,1,24,23,47,4.375
B_k9_1od_x0.8,B,both,8,2,23,23,68,9.0
B_k9_1od_x0.8,B,both,8,3,23,23,69,9.0
B_k9_1od_x0.8,B,both,8,4,23,23,70,9.0
B_k9_1od_x0.8,B,both,8,5,23,23,70,9.0
B_k9_1od_x0.8,B,both,8,6,23,23,62,9.0
B_k9_1od_x0.8,B,both,8,7,23,23,68,9.0
B_k9_1od_x0.8,B,both,8,8,23,23,65,9.0
B_k9_1od_x0.8,B,both,8,9,23,23,66,9.0
B_k9_1od_x0.8,B,both,8,10,23,23,67,9.0
B_k9_1od_x0.8,B,both,8,11,23,23,62,9.0
B_k9_1od_x0.8,B,both,8,12,23,23,63,9.0
B_k9_1od_x0.8,B,both,8,13,23,23,62,9.0
B_k9_1od_x0.8,B,both,8,14,23,23,65,9.0
B_k9_1od_x0.8,B,both,8,15,23,23,66,9.0
B_k9_1od_x0.8,B,both,9,1,24,22,50,4.541666666666667
B_k9_1od_x0.8,B,both,9,2,23,23,67,9.0
B_k9_1od_x0.8,B,both,9,3,23,23,68,9.0
B_k9_1od_x0.8,B,both,9,4,23,23,67,9.0
B_k9_1od_x0.8,B,both,9,5,23,23,67,9.0
B_k9_1od_x0.8,B,both,9,6,23,23,66,9.0
B_k9_1od_x0.8,B,both,9,7,23,23,68,9.0
B_k9_1od_x0.8,B,both,9,8,23,23,68,9.0
B_k9_1od_x0.8,B,both,9,9,23,23,62,9.0
B_k9_1od_x0.8,B,both,9,10,23,23,67,9.0
B_k9_1od_x0.8,B,both,9,11,23,23,68,9.0
B_k9_1od_x0.8,B,both,9,12,23,23,68,9.0
B_k9_1od_x0.8,B,both,9,13,23,23,70,9.0
B_k9_1od_x0.8,B,both,9,14,23,23,65,9.0
B_k9_1od_x0.8,B,both,9,15,23,23,60,9.0
B_k9_1od_x0.8,B,init,0,1,24,24,54,4.958333333333333
B_k9_1od_x0.8,B,init,0,2,23,23,78,9.0
B_k9_1od_x0.8,B,init,0,3,23,23,72,9.0
B_k9_1od_x0.8,B,init,0,4,23,23,77,9.0
B_k9_1od_x0.8,B,init,0,5,23,23,75,9.0
B_k9_1od_x0.8,B,init,0,6,23,23,77,9.0
B_k9_1od_x0.8,B,init,0,7,23,23,81,9.0
B_k9_1od_x0.8,B,init,0,8,23,23,76,9.0
B_k9_1od_x0.8,B,init,0,9,23,23,73,9.0
B_k9_1od_x0.8,B,init,0,10,23,23,72,9.0
B_k9_1od_x0.8,B,init,0,11,23,23,78,9.0
B_k9_1od_x0.8,B,init,0,12,23,23,74,9.0
B_k9_1od_x0.8,B,init,0,13,23,23,79,9.0
B_k9_1od_x0.8,B,init,0,14,23,23,76,9.0
B_k9_1od_x0.8,B,init,0,15,23,23,81,9.0
B_k9_1od_x0.8,B,init,1,1,24,22,55,4.375
B_k9_1od_x0.8,B,init,1,2,23,23,78,9.0
B_k9_1od_x0.8,B,init,1,3,23,23,78,9.0
B_k9_1od_x0.8,B,init,1,4,23,23,77,9.0
B_k9_1od_x0.8,B,init,1,5,23,23,77,9.0
B_k9_1od_x0.8,B,init,1,6,23,23,70,9.0
B_k9_1od_x0.8,B,init,1,7,23,23,74,9.0
B_k9_1od_x0.8,B,init,1,8,23,23,78,9.0
B_k9_1od_x0.8,B,init,1,9,23,23,74,9.0
B_k9_1od_x0.8,B,init,1,10,23,23,73,9.0
B_k9_1od_x0.8,B,init,1,11,23,23,74,9.0
B_k9_1od_x0.8,B,init,1,12,23,23,77,9.0
B_k9_1od_x0.8,B,init,1,13,23,23,74,9.0
B_k9_1od_x0.8,B,init,1,14,23,23,74,9.0
B_k9_1od_x0.8,B,init,1,15,23,23,75,9.0
B_k9_1od_x0.8,B,init,2,1,24,21,44,4.416666666666667
B_k9_1od_x0.8,B,init,2,2,23,23,76,9.0
B_k9_1od_x0.8,B,init,2,3,23,23,77,9.0
B_k9_1od_x0.8,B,init,2,4,23,23,75,9.0
B_k9_1od_x0.8,B,init,2,5,23,23,76,9.0
B_k9_1od_x0.8,B,init,2,6,23,23,72,9.0
B_k9_1od_x0.8,B,init,2,7,23,23,73,9.0
B_k9_1od_x0.8,B,init,2,8,23,23,73,9.0
B_k9_1od_x0.8,B,init,2,9,23,23,83,9.0
B_k9_1od_x0.8,B,init,2,10,23,23,77,9.0
B_k9_1od_x0.8,B,init,2,11,23,23,72,9.0
B_k9_1od_x0.8,B,init,2,12,23,23,74,9.0
B_k9_1od_x0.8,B,init,2,13,23,23,77,9.0
B_k9_1od_x0.8,B,init,2,14,23,23,78,9.0
B_k9_1od_x0.8,B,init,2,15,23,23,77,9.0
B_k9_1od_x0.8,B,init,3,1,24,24,57,5.416666666666667
B_k9_1od_x0.8,B,init,3,2,23,23,75,9.0
B_k9_1od_x0.8,B,init,3,3,23,23,76,9.0
B_k9_1od_x0.8,B,init,3,4,23,23,76,9.0
B_k9_1od_x0.8,B,init,3,5,23,23,77,9.0
B_k9_1od_x0.8,B,init,3,6,23,23,77,9.0
B_k9_1od_x0.8,B,init,3,7,23,23,70,9.0
B_k9_1od_x0.8,B,init,3,8,23,23,75,9.0
B_k9_1od_x0.8,B,init,3,9,23,23,77,9.0
B_k9_1od_x0.8,B,init,3,10,23,23,76,9.0
B_k9_1od_x0.8,B,init,3,11,23,23,76,9.0
B_k9_1od_x0.8,B,init,3,12,23,23,76,9.0
B_k9_1od_x0.8,B,init,3,13,23,23,74,9.0
B_k9_1od_x0.8,B,init,3,14,23,23,70,9.0
B_k9_1od_x0.8,B,init,3,15,23,23,80,9.0
B_k9_1od_x0.8,B,init,4,1,24,22,44,3.5416666666666665
B_k9_1od_x0.8,B,init,4,2,23,23,73,9.0
B_k9_1od_x0.8,B,init,4,3,23,23,76,9.0
B_k9_1od_x0.8,B,init,4,4,23,23,78,9.0
B_k9_1od_x0.8,B,init,4,5,23,23,75,9.0
B_k9_1od_x0.8,B,init,4,6,23,23,76,9.0
B_k9_1od_x0.8,B,init,4,7,23,23,78,9.0
B_k9_1od_x0.8,B,init,4,8,23,23,76,9.0
B_k9_1od_x0.8,B,init,4,9,23,23,76,9.0
B_k9_1od_x0.8,B,init,4,10,23,23,73,9.0
B_k9_1od_x0.8,B,init,4,11,23,23,79,9.0
B_k9_1od_x0.8,B,init,4,12,23,23,80,9.0
B_k9_1od_x0.8,B,init,4,13,23,23,77,9.0
B_k9_1od_x0.8,B,init,4,14,23,23,77,9.0
B_k9_1od_x0.8,B,init,4,15,23,23,79,9.0
B_k9_1od_x0.8,B,init,5,1,24,22,49,4.25
B_k9_1od_x0.8,B,init,5,2,23,23,81,9.0
B_k9_1od_x0.8,B,init,5,3,23,23,75,9.0
B_k9_1od_x0.8,B,init,5,4,23,23,81,9.0
B_k9_1od_x0.8,B,init,5,5,23,23,79,9.0
B_k9_1od_x0.8,B,init,5,6,23,23,78,9.0
B_k9_1od_x0.8,B,init,5,7,23,23,77,9.0
B_k9_1od_x0.8,B,init,5,8,23,23,76,9.0
B_k9_1od_x0.8,B,init,5,9,23,23,76,9.0
B_k9_1od_x0.8,B,init,5,10,23,23,76,9.0
B_k9_1od_x0.8,B,init,5,11,23,23,77,9.0
B_k9_1od_x0.8,B,init,5,12,23,23,76,9.0
B_k9_1od_x0.8,B,init,5,13,23,23,78,9.0
B_k9_1od_x0.8,B,init,5,14,23,23,80,9.0
B_k9_1od_x0.8,B,init,5,15,23,23,77,9.0
B_k9_1od_x0.8,B,init,6,1,24,22,55,4.958333333333333
B_k9_1od_x0.8,B,init,6,2,23,23,77,9.0
B_k9_1od_x0.8,B,init,6,3,23,23,75,9.0
B_k9_1od_x0.8,B,init,6,4,23,23,75,9.0
B_k9_1od_x0.8,B,init,6,5,23,23,80,9.0
B_k9_1od_x0.8,B,init,6,6,23,23,77,9.0
B_k9_1od_x0.8,B,init,6,7,23,23,71,9.0
B_k9_1od_x0.8,B,init,6,8,23,23,74,9.0
B_k9_1od_x0.8,B,init,6,9,23,23,76,9.0
B_k9_1od_x0.8,B,init,6,10,23,23,73,9.0
B_k9_1od_x0.8,B,init,6,11,23,23,79,9.0
B_k9_1od_x0.8,B,init,6,12,23,23,76,9.0
B_k9_1od_x0.8,B,init,6,13,23,23,77,9.0
B_k9_1od_x0.8,B,init,6,14,23,23,71,9.0
B_k9_1od_x0.8,B,init,6,15,23,23,83,9.0
B_k9_1od_x0.8,B,init,7,1,24,20,47,3.75
B_k9_1od_x0.8,B,init,7,2,23,23,75,9.0
B_k9_1od_x0.8,B,init,7,3,23,23,77,9.0
B_k9_1od_x0.8,B,init,7,4,23,23,76,9.0
B_k9_1od_x0.8,B,init,7,5,23,23,74,9.0
B_k9_1od_x0.8,B,init,7,6,23,23,75,9.0
B_k9_1od_x0.8,B,init,7,7,23,23,78,9.0
B_k9_1od_x0.8,B,init,7,8,23,23,79,9.0
B_k9_1od_x0.8,B,init,7,9,23,23,80,9.0
B_k9_1od_x0.8,B,init,7,10,23,23,76,9.0
B_k9_1od_x0.8,B,init,7,11,23,23,78,9.0
B_k9_1od_x0.8,B,init,7,12,23,23,76,9.0
B_k9_1od_x0.8,B,init,7,13,23,23,77,9.0
B_k9_1od_x0.8,B,init,7,14,23,23,78,9.0
B_k9_1od_x0.8,B,init,7,15,23,23,77,9.0
B_k9_1od_x0.8,B,init,8,1,24,23,47,4.375
B_k9_1od_x0.8,B,init,8,2,23,23,80,9.0
B_k9_1od_x0.8,B,init,8,3,23,23,76,9.0
B_k9_1od_x0.8,B,init,8,4,23,23,75,9.0
B_k9_1od_x0.8,B,init,8,5,23,23,82,9.0
B_k9_1od_x0.8,B,init,8,6,23,23,80,9.0
B_k9_1od_x0.8,B,init,8,7,23,23,76,9.0
B_k9_1od_x0.8,B,init,8,8,23,23,78,9.0
B_k9_1od_x0.8,B,init,8,9,23,23,75,9.0
B_k9_1od_x0.8,B,init,8,10,23,23,70,9.0
B_k9_1od_x0.8,B,init,8,11,23,23,77,9.0
B_k9_1od_x0.8,B,init,8,12,23,23,75,9.0
B_k9_1od_x0.8,B,init,8,13,23,23,77,9.0
B_k9_1od_x0.8,B,init,8,14,23,23,82,9.0
B_k9_1od_x0.8,B,init,8,15,23,23,77,9.0
B_k9_1od_x0.8,B,init,9,1,24,22,50,4.541666666666667
B_k9_1od_x0.8,B,init,9,2,23,23,75,9.0
B_k9_1od_x0.8,B,init,9,3,23,23,80,9.0
B_k9_1od_x0.8,B,init,9,4,23,23,77,9.0
B_k9_1od_x0.8,B,init,9,5,23,23,76,9.0
B_k9_1od_x0.8,B,init,9,6,23,23,75,9.0
B_k9_1od_x0.8,B,init,9,7,23,23,77,9.0
B_k9_1od_x0.8,B,init,9,8,23,23,80,9.0
B_k9_1od_x0.8,B,init,9,9,23,23,79,9.0
B_k9_1od_x0.8,B,init,9,10,23,23,74,9.0
B_k9_1od_x0.8,B,init,9,11,23,23,78,9.0
B_k9_1od_x0.8,B,init,9,12,23,23,76,9.0
B_k9_1od_x0.8,B,init,9,13,23,23,78,9.0
B_k9_1od_x0.8,B,init,9,14,23,23,80,9.0
B_k9_1od_x0.8,B,init,9,15,23,23,79,9.0
B_k9_1od_x0.8,B,mutation,0,1,24,24,71,5.625
B_k9_1od_x0.8,B,mutation,0,2,23,23,67,9.0
B_k9_1od_x0.8,B,mutation,0,3,23,23,73,9.0
B_k9_1od_x0.8,B,mutation,0,4,23,23,69,9.0
B_k9_1od_x0.8,B,mutation,0,5,23,23,63,9.0
B_k9_1od_x0.8,B,mutation,0,6,23,23,63,9.0
B_k9_1od_x0.8,B,mutation,0,7,23,23,66,9.0
B_k9_1od_x0.8,B,mutation,0,8,23,23,64,9.0
B_k9_1od_x0.8,B,mutation,0,9,23,23,64,9.0
B_k9_1od_x0.8,B,mutation,0,10,23,23,65,9.0
B_k9_1od_x0.8,B,mutation,0,11,23,23,65,9.0
B_k9_1od_x0.8,B,mutation,0,12,23,23,64,9.0
B_k9_1od_x0.8,B,mutation,0,13,23,23,67,9.0
B_k9_1od_x0.8,B,mutation,0,14,23,23,62,9.0
B_k9_1od_x0.8,B,mutation,0,15,23,23,64,9.0
B_k9_1od_x0.8,B,mutation,1,1,24,24,70,4.791666666666667
B_k9_1od_x0.8,B,mutation,1,2,23,23,74,9.0
B_k9_1od_x0.8,B,mutation,1,3,23,23,72,9.0
B_k9_1od_x0.8,B,mutation,1,4,23,23,66,9.0
B_k9_1od_x0.8,B,mutation,1,5,23,23,68,9.0
B_k9_1od_x0.8,B,mutation,1,6,23,23,73,9.0
B_k9_1od_x0.8,B,mutation,1,7,23,23,61,9.0
B_k9_1od_x0.8,B,mutation,1,8,23,23,65,9.0
B_k9_1od_x0.8,B,mutation,1,9,23,23,73,9.0
B_k9_1od_x0.8,B,mutation,1,10,23,23,65,9.0
B_k9_1od_x0.8,B,mutation,1,11,23,23,62,9.0
B_k9_1od_x0.8,B,mutation,1,12,23,23,65,9.0
B_k9_1od_x0.8,B,mutation,1,13,23,23,62,9.0
B_k9_1od_x0.8,B,mutation,1,14,23,23,61,9.0
B_k9_1od_x0.8,B,mutation,1,15,23,23,60,9.0
B_k9_1od_x0.8,B,mutation,2,1,24,24,64,4.375
B_k9_1od_x0.8,B,mutation,2,2,23,23,70,9.0
B_k9_1od_x0.8,B,mutation,2,3,23,23,67,9.0
B_k9_1od_x0.8,B,mutation,2,4,23,23,72,9.0
B_k9_1od_x0.8,B,mutation,2,5,23,23,66,9.0
B_k9_1od_x0.8,B,mutation,2,6,23,23,67,9.0
B_k9_1od_x0.8,B,mutation,2,7,23,23,64,9.0
B_k9_1od_x0.8,B,mutation,2,8,23,23,70,9.0
B_k9_1od_x0.8,B,mutation,2,9,23,23,65,9.0
B_k9_1od_x0.8,B,mutation,2,10,23,23,69,9.0
B_k9_1od_x0.8,B,mutation,2,11,23,23,61,9.0
B_k9_1od_x0.8,B,mutation,2,12,23,23,68,9.0
B_k9_1od_x0.8,B,mutation,2,13,23,23,65,9.0
B_k9_1od_x0.8,B,mutation,2,14,23,23,66,9.0
B_k9_1od_x0.8,B,mutation,2,15,23,23,63,9.0
B_k9_1od_x0.8,B,mutation,3,1,24,24,65,4.083333333333333
B_k9_1od_x0.8,B,mutation,3,2,23,23,68,9.0
B_k9_1od_x0.8,B,mutation,3,3,23,23,67,9.0
B_k9_1od_x0.8,B,mutation,3,4,23,23,70,9.0
B_k9_1od_x0.8,B,mutation,3,5,23,23,68,9.0
B_k9_1od_x0.8,B,mutation,3,6,23,23,68,9.0
B_k9_1od_x0.8,B,mutation,3,7,23,23,65,9.0
B_k9_1od_x0.8,B,mutation,3,8,23,23,65,9.0
B_k9_1od_x0.8,B,mutation,3,9,23,23,64,9.0
B_k9_1od_x0.8,B,mutation,3,10,23,23,61,9.0
B_k9_1od_x0.8,B,mutation,3,11,23,23,60,9.0
B_k9_1od_x0.8,B,mutation,3,12,23,23,70,9.0
B_k9_1od_x0.8,B,mutation,3,13,23,23,63,9.0
B_k9_1od_x0.8,B,mutation,3,14,23,23,61,9.0
B_k9_1od_x0.8,B,mutation,3,15,23,23,71,9.0
B_k9_1od_x0.8,B,mutation,4,1,24,24,53,3.875
B_k9_1od_x0.8,B,mutation,4,2,23,23,69,9.0
B_k9_1od_x0.8,B,mutation,4,3,23,23,63,9.0
B_k9_1od_x0.8,B,mutation,4,4,23,23,70,9.0
B_k9_1od_x0.8,B,mutation,4,5,23,23,71,9.0
B_k9_1od_x0.8,B,mutation,4,6,23,23,66,9.0
B_k9_1od_x0.8,B,mutation,4,7,23,23,68,9.0
B_k9_1od_x0.8,B,mutation,4,8,23,23,67,9.0
B_k9_1od_x0.8,B,mutation,4,9,23,23,64,9.0
B_k9_1od_x0.8,B,mutation,4,10,23,23,62,9.0
B_k9_1od_x0.8,B,mutation,4,11,23,23,66,9.0
B_k9_1od_x0.8,B,mutation,4,12,23,23,61,9.0
B_k9_1od_x0.8,B,mutation,4,13,23,23,62,9.0
B_k9_1od_x0.8,B,mutation,4,14,23,23,67,9.0
B_k9_1od_x0.8,B,mutation,4,15,23,23,70,9.0
B_k9_1od_x0.8,B,mutation,5,1,24,24,66,4.583333333333333
B_k9_1od_x0.8,B,mutation,5,2,23,23,69,9.0
B_k9_1od_x0.8,B,mutation,5,3,23,23,65,9.0
B_k9_1od_x0.8,B,mutation,5,4,23,23,65,9.0
B_k9_1od_x0.8,B,mutation,5,5,23,23,62,9.0
B_k9_1od_x0.8,B,mutation,5,6,23,23,68,9.0
B_k9_1od_x0.8,B,mutation,5,7,23,23,69,9.0
B_k9_1od_x0.8,B,mutation,5,8,23,23,69,9.0
B_k9_1od_x0.8,B,mutation,5,9,23,23,65,9.0
B_k9_1od_x0.8,B,mutation,5,10,23,23,64,9.0
B_k9_1od_x0.8,B,mutation,5,11,23,23,67,9.0
B_k9_1od_x0.8,B,mutation,5,12,23,23,71,9.0
B_k9_1od_x0.8,B,mutation,5,13,23,23,68,9.0
B_k9_1od_x0.8,B,mutation,5,14,23,23,69,9.0
B_k9_1od_x0.8,B,mutation,5,15,23,23,65,9.0
B_k9_1od_x0.8,B,mutation,6,1,24,24,64,5.041666666666667
B_k9_1od_x0.8,B,mutation,6,2,23,23,69,9.0
B_k9_1od_x0.8,B,mutation,6,3,23,23,63,9.0
B_k9_1od_x0.8,B,mutation,6,4,23,23,63,9.0
B_k9_1od_x0.8,B,mutation,6,5,23,23,63,9.0
B_k9_1od_x0.8,B,mutation,6,6,23,23,67,9.0
B_k9_1od_x0.8,B,mutation,6,7,23,23,62,9.0
B_k9_1od_x0.8,B,mutation,6,8,23,23,69,9.0
B_k9_1od_x0.8,B,mutation,6,9,23,23,64,9.0
B_k9_1od_x0.8,B,mutation,6,10,23,23,66,9.0
B_k9_1od_x0.8,B,mutation,6,11,23,23,68,9.0
B_k9_1od_x0.8,B,mutation,6,12,23,23,60,9.0
B_k9_1od_x0.8,B,mutation,6,13,23,23,65,9.0
B_k9_1od_x0.8,B,mutation,6,14,23,23,62,9.0
B_k9_1od_x0.8,B,mutation,6,15,23,23,62,9.0
B_k9_1od_x0.8,B,mutation,7,1,24,24,67,5.166666666666667
B_k9_1od_x0.8,B,mutation,7,2,23,23,70,9.0
B_k9_1od_x0.8,B,mutation,7,3,23,23,68,9.0
B_k9_1od_x0.8,B,mutation,7,4,23,23,71,9.0
B_k9_1od_x0.8,B,mutation,7,5,23,23,61,9.0
B_k9_1od_x0.8,B,mutation,7,6,23,23,67,9.0
B_k9_1od_x0.8,B,mutation,7,7,23,23,64,9.0
B_k9_1od_x0.8,B,mutation,7,8,23,23,63,9.0
B_k9_1od_x0.8,B,mutation,7,9,23,23,59,9.0
B_k9_1od_x0.8,B,mutation,7,10,23,23,55,9.0
B_k9_1od_x0.8,B,mutation,7,11,23,23,66,9.0
B_k9_1od_x0.8,B,mutation,7,12,23,23,65,9.0
B_k9_1od_x0.8,B,mutation,7,13,23,23,63,9.0
B_k9_1od_x0.8,B,mutation,7,14,23,23,70,9.0
B_k9_1od_x0.8,B,mutation,7,15,23,23,69,9.0
B_k9_1od_x0.8,B,mutation,8,1,24,24,59,4.208333333333333
B_k9_1od_x0.8,B,mutation,8,2,23,23,72,9.0
B_k9_1od_x0.8,B,mutation,8,3,23,23,68,9.0
B_k9_1od_x0.8,B,mutation,8,4,23,23,70,9.0
B_k9_1od_x0.8,B,mutation,8,5,23,23,61,9.0
B_k9_1od_x0.8,B,mutation,8,6,23,23,66,9.0
B_k9_1od_x0.8,B,mutation,8,7,23,23,65,9.0
B_k9_1od_x0.8,B,mutation,8,8,23,23,63,9.0
B_k9_1od_x0.8,B,mutation,8,9,23,23,64,9.0
B_k9_1od_x0.8,B,mutation,8,10,23,23,62,9.0
B_k9_1od_x0.8,B,mutation,8,11,23,23,71,9.0
B_k9_1od_x0.8,B,mutation,8,12,23,23,67,9.0
B_k9_1od_x0.8,B,mutation,8,13,23,23,65,9.0
B_k9_1od_x0.8,B,mutation,8,14,23,23,66,9.0
B_k9_1od_x0.8,B,mutation,8,15,23,23,65,9.0
B_k9_1od_x0.8,B,mutation,9,1,24,24,69,4.916666666666667
B_k9_1od_x0.8,B,mutation,9,2,23,23,78,9.0
B_k9_1od_x0.8,B,mutation,9,3,23,23,64,9.0
B_k9_1od_x0.8,B,mutation,9,4,23,23,71,9.0
B_k9_1od_x0.8,B,mutation,9,5,23,23,70,9.0
B_k9_1od_x0.8,B,mutation,9,6,23,23,69,9.0
B_k9_1od_x0.8,B,mutation,9,7,23,23,65,9.0
B_k9_1od_x0.8,B,mutation,9,8,23,23,69,9.0
B_k9_1od_x0.8,B,mutation,9,9,23,23,62,9.0
B_k9_1od_x0.8,B,mutation,9,10,23,23,64,9.0
B_k9_1od_x0.8,B,mutation,9,11,23,23,64,9.0
B_k9_1od_x0.8,B,mutation,9,12,23,23,64,9.0
B_k9_1od_x0.8,B,mutation,9,13,23,23,65,9.0
B_k9_1od_x0.8,B,mutation,9,14,23,23,65,9.0
B_k9_1od_x0.8,B,mutation,9,15,23,23,64,9.0
B_k9_1od_x0.8,B,none,0,1,24,24,71,5.625
B_k9_1od_x0.8,B,none,0,2,23,23,83,9.0
B_k9_1od_x0.8,B,none,0,3,23,23,77,9.0
B_k9_1od_x0.8,B,none,0,4,23,23,80,9.0
B_k9_1od_x0.8,B,none,0,5,23,23,76,9.0
B_k9_1od_x0.8,B,none,0,6,23,23,71,9.0
B_k9_1od_x0.8,B,none,0,7,23,23,79,9.0
B_k9_1od_x0.8,B,none,0,8,23,23,80,9.0
B_k9_1od_x0.8,B,none,0,9,23,23,80,9.0
B_k9_1od_x0.8,B,none,0,10,23,23,78,9.0
B_k9_1od_x0.8,B,none,0,11,23,23,78,9.0
B_k9_1od_x0.8,B,none,0,12,23,23,78,9.0
B_k9_1od_x0.8,B,none,0,13,23,23,79,9.0
B_k9_1od_x0.8,B,none,0,14,23,23,77,9.0
B_k9_1od_x0.8,B,none,0,15,23,23,80,9.0
B_k9_1od_x0.8,B,none,1,1,24,24,70,4.791666666666667
B_k9_1od_x0.8,B,none,1,2,23,23,80,9.0
B_k9_1od_x0.8,B,none,1,3,23,23,76,9.0
B_k9_1od_x0.8,B,none,1,4,23,23,76,9.0
B_k9_1od_x0.8,B,none,1,5,23,23,75,9.0
B_k9_1od_x0.8,B,none,1,6,23,23,74,9.0
B_k9_1od_x0.8,B,none,1,7,23,23,75,9.0
B_k9_1od_x0.8,B,none,1,8,23,23,74,9.0
B_k9_1od_x0.8,B,none,1,9,23,23,81,9.0
B_k9_1od_x0.8,B,none,1,10,23,23,73,9.0
B_k9_1od_x0.8,B,none,1,11,23,23,78,9.0
B_k9_1od_x0.8,B,none,1,12,23,23,75,9.0
B_k9_1od_x0.8,B,none,1,13,23,23,78,9.0
B_k9_1od_x0.8,B,none,1,14,23,23,80,9.0
B_k9_1od_x0.8,B,none,1,15,23,23,77,9.0
B_k9_1od_x0.8,B,none,2,1,24,24,64,4.375
B_k9_1od_x0.8,B,none,2,2,23,23,82,9.0
B_k9_1od_x0.8,B,none,2,3,23,23,81,9.0
B_k9_1od_x0.8,B,none,2,4,23,23,77,9.0
B_k9_1od_x0.8,B,none,2,5,23,23,79,9.0
B_k9_1od_x0.8,B,none,2,6,23,23,78,9.0
B_k9_1od_x0.8,B,none,2,7,23,23,78,9.0
B_k9_1od_x0.8,B,none,2,8,23,23,71,9.0
B_k9_1od_x0.8,B,none,2,9,23,23,81,9.0
B_k9_1od_x0.8,B,none,2,10,23,23,77,9.0
B_k9_1od_x0.8,B,none,2,11,23,23,76,9.0
B_k9_1od_x0.8,B,none,2,12,23,23,78,9.0
B_k9_1od_x0.8,B,none,2,13,23,23,78,9.0
B_k9_1od_x0.8,B,none,2,14,23,23,77,9.0
B_k9_1od_x0.8,B,none,2,15,23,23,77,9.0
B_k9_1od_x0.8,B,none,3,1,24,24,65,4.083333333333333
B_k9_1od_x0.8,B,none,3,2,23,23,74,9.0
B_k9_1od_x0.8,B,none,3,3,23,23,74,9.0
B_k9_1od_x0.8,B,none,3,4,23,23,79,9.0
B_k9_1od_x0.8,B,none,3,5,23,23,76,9.0
B_k9_1od_x0.8,B,none,3,6,23,23,82,9.0
B_k9_1od_x0.8,B,none,3,7,23,23,79,9.0
B_k9_1od_x0.8,B,none,3,8,23,23,80,9.0
B_k9_1od_x0.8,B,none,3,9,23,23,76,9.0
B_k9_1od_x0.8,B,none,3,10,23,23,77,9.0
B_k9_1od_x0.8,B,none,3,11,23,23,74,9.0
B_k9_1od_x0.8,B,none,3,12,23,23,80,9.0
B_k9_1od_x0.8,B,none,3,13,23,23,76,9.0
B_k9_1od_x0.8,B,none,3,14,23,23,78,9.0
B_k9_1od_x0.8,B,none,3,15,23,23,78,9.0
B_k9_1od_x0.8,B,none,4,1,24,24,53,3.875
B_k9_1od_x0.8,B,none,4,2,23,23,80,9.0
B_k9_1od_x0.8,B,none,4,3,23,23,77,9.0
B_k9_1od_x0.8,B,none,4,4,23,23,78,9.0
B_k9_1od_x0.8,B,none,4,5,23,23,77,9.0
B_k9_1od_x0.8,B,none,4,6,23,23,76,9.0
B_k9_1od_x0.8,B,none,4,7,23,23,80,9.0
B_k9_1od_x0.8,B,none,4,8,23,23,75,9.0
B_k9_1od_x0.8,B,none,4,9,23,23,70,9.0
B_k9_1od_x0.8,B,none,4,10,23,23,79,9.0
B_k9_1od_x0.8,B,none,4,11,23,23,77,9.0
B_k9_1od_x0.8,B,none,4,12,23,23,77,9.0
B_k9_1od_x0.8,B,none,4,13,23,23,78,9.0
B_k9_1od_x0.8,B,none,4,14,23,23,76,9.0
B_k9_1od_x0.8,B,none,4,15,23,23,82,9.0
B_k9_1od_x0.8,B,none,5,1,24,24,66,4.583333333333333
B_k9_1od_x0.8,B,none,5,2,23,23,79,9.0
B_k9_1od_x0.8,B,none,5,3,23,23,77,9.0
B_k9_1od_x0.8,B,none,5,4,23,23,74,9.0
B_k9_1od_x0.8,B,none,5,5,23,23,86,9.0
B_k9_1od_x0.8,B,none,5,6,23,23,75,9.0
B_k9_1od_x0.8,B,none,5,7,23,23,71,9.0
B_k9_1od_x0.8,B,none,5,8,23,23,75,9.0
B_k9_1od_x0.8,B,none,5,9,23,23,82,9.0
B_k9_1od_x0.8,B,none,5,10,23,23,73,9.0
B_k9_1od_x0.8,B,none,5,11,23,23,77,9.0
B_k9_1od_x0.8,B,none,5,12,23,23,75,9.0
B_k9_1od_x0.8,B,none,5,13,23,23,82,9.0
B_k9_1od_x0.8,B,none,5,14,23,23,77,9.0
B_k9_1od_x0.8,B,none,5,15,23,23,77,9.0
B_k9_1od_x0.8,B,none,6,1,24,24,64,5.041666666666667
B_k9_1od_x0.8,B,none,6,2,23,23,80,9.0
B_k9_1od_x0.8,B,none,6,3,23,23,76,9.0
B_k9_1od_x0.8,B,none,6,4,23,23,77,9.0
B_k9_1od_x0.8,B,none,6,5,23,23,78,9.0
B_k9_1od_x0.8,B,none,6,6,23,23,78,9.0
B_k9_1od_x0.8,B,none,6,7,23,23,80,9.0
B_k9_1od_x0.8,B,none,6,8,23,23,72,9.0
B_k9_1od_x0.8,B,none,6,9,23,23,82,9.0
B_k9_1od_x0.8,B,none,6,10,23,23,75,9.0
B_k9_1od_x0.8,B,none,6,11,23,23,74,9.0
B_k9_1od_x0.8,B,none,6,12,23,23,76,9.0
B_k9_1od_x0.8,B,none,6,13,23,23,80,9.0
B_k9_1od_x0.8,B,none,6,14,23,23,74,9.0
B_k9_1od_x0.8,B,none,6,15,23,23,79,9.0
B_k9_1od_x0.8,B,none,7,1,24,24,67,5.166666666666667
B_k9_1od_x0.8,B,none,7,2,23,23,76,9.0
B_k9_1od_x0.8,B,none,7,3,23,23,79,9.0
B_k9_1od_x0.8,B,none,7,4,23,23,82,9.0
B_k9_1od_x0.8,B,none,7,5,23,23,81,9.0
B_k9_1od_x0.8,B,none,7,6,23,23,71,9.0
B_k9_1od_x0.8,B,none,7,7,23,23,80,9.0
B_k9_1od_x0.8,B,none,7,8,23,23,77,9.0
B_k9_1od_x0.8,B,none,7,9,23,23,86,9.0
B_k9_1od_x0.8,B,none,7,10,23,23,81,9.0
B_k9_1od_x0.8,B,none,7,11,23,23,76,9.0
B_k9_1od_x0.8,B,none,7,12,23,23,78,9.0
B_k9_1od_x0.8,B,none,7,13,23,23,77,9.0
B_k9_1od_x0.8,B,none,7,14,23,23,81,9.0
B_k9_1od_x0.8,B,none,7,15,23,23,77,9.0
B_k9_1od_x0.8,B,none,8,1,24,24,59,4.208333333333333
B_k9_1od_x0.8,B,none,8,2,23,23,80,9.0
B_k9_1od_x0.8,B,none,8,3,23,23,81,9.0
B_k9_1od_x0.8,B,none,8,4,23,23,78,9.0
B_k9_1od_x0.8,B,none,8,5,23,23,80,9.0
B_k9_1od_x0.8,B,none,8,6,23,23,76,9.0
B_k9_1od_x0.8,B,none,8,7,23,23,75,9.0
B_k9_1od_x0.8,B,none,8,8,23,23,80,9.0
B_k9_1od_x0.8,B,none,8,9,23,23,74,9.0
B_k9_1od_x0.8,B,none,8,10,23,23,79,9.0
B_k9_1od_x0.8,B,none,8,11,23,23,73,9.0
B_k9_1od_x0.8,B,none,8,12,23,23,78,9.0
B_k9_1od_x0.8,B,none,8,13,23,23,77,9.0
B_k9_1od_x0.8,B,none,8,14,23,23,82,9.0
B_k9_1od_x0.8,B,none,8,15,23,23,78,9.0
B_k9_1od_x0.8,B,none,9,1,24,24,69,4.916666666666667
B_k9_1od_x0.8,B,none,9,2,23,23,83,9.0
B_k9_1od_x0.8,B,none,9,3,23,23,82,9.0
B_k9_1od_x0.8,B,none,9,4,23,23,79,9.0
B_k9_1od_x0.8,B,none,9,5,23,23,79,9.0
B_k9_1od_x0.8,B,none,9,6,23,23,75,9.0
B_k9_1od_x0.8,B,none,9,7,23,23,79,9.0
B_k9_1od_x0.8,B,none,9,8,23,23,73,9.0
B_k9_1od_x0.8,B,none,9,9,23,23,74,9.0
B_k9_1od_x0.8,B,none,9,10,23,23,82,9.0
B_k9_1od_x0.8,B,none,9,11,23,23,75,9.0
B_k9_1od_x0.8,B,none,9,12,23,23,76,9.0
B_k9_1od_x0.8,B,none,9,13,23,23,75,9.0
B_k9_1od_x0.8,B,none,9,14,23,23,80,9.0
B_k9_1od_x0.8,B,none,9,15,23,23,73,9.0
B_k9_1od_x1.0,B,both,0,1,24,24,67,4.958333333333333
B_k9_1od_x1.0,B,both,0,2,23,23,72,9.0
B_k9_1od_x1.0,B,both,0,3,23,23,68,9.0
B_k9_1od_x1.0,B,both,0,4,23,23,69,9.0
B_k9_1od_x1.0,B,both,0,5,23,23,71,9.0
B_k9_1od_x1.0,B,both,0,6,23,23,69,9.0
B_k9_1od_x1.0,B,both,0,7,23,23,70,9.0
B_k9_1od_x1.0,B,both,0,8,23,23,69,9.0
B_k9_1od_x1.0,B,both,0,9,23,23,69,9.0
B_k9_1od_x1.0,B,both,0,10,23,23,69,9.0
B_k9_1od_x1.0,B,both,0,11,23,23,73,9.0
B_k9_1od_x1.0,B,both,0,12,23,23,71,9.0
B_k9_1od_x1.0,B,both,0,13,23,23,67,9.0
B_k9_1od_x1.0,B,both,0,14,23,23,76,9.0
B_k9_1od_x1.0,B,both,0,15,23,23,75,9.0
B_k9_1od_x1.0,B,both,1,1,24,22,58,4.375
B_k9_1od_x1.0,B,both,1,2,23,23,68,9.0
B_k9_1od_x1.0,B,both,1,3,23,23,72,9.0
B_k9_1od_x1.0,B,both,1,4,23,23,70,9.0
B_k9_1od_x1.0,B,both,1,5,23,23,70,9.0
B_k9_1od_x1.0,B,both,1,6,23,23,72,9.0
B_k9_1od_x1.0,B,both,1,7,23,23,68,9.0
B_k9_1od_x1.0,B,both,1,8,23,23,71,9.0
B_k9_1od_x1.0,B,both,1,9,23,23,70,9.0
B_k9_1od_x1.0,B,both,1,10,23,23,70,9.0
B_k9_1od_x1.0,B,both,1,11,23,23,66,9.0
B_k9_1od_x1.0,B,both,1,12,23,23,69,9.0
B_k9_1od_x1.0,B,both,1,13,23,23,70,9.0
B_k9_1od_x1.0,B,both,1,14,23,23,71,9.0
B_k9_1od_x1.0,B,both,1,15,23,23,69,9.0
B_k9_1od_x1.0,B,both,2,1,24,21,60,4.416666666666667
B_k9_1od_x1.0,B,both,2,2,23,23,75,9.0
B_k9_1od_x1.0,B,both,2,3,23,23,67,9.0
B_k9_1od_x1.0,B,both,2,4,23,23,66,9.0
B_k9_1od_x1.0,B,both,2,5,23,23,73,9.0
B_k9_1od_x1.0,B,both,2,6,23,23,71,9.0
B_k9_1od_x1.0,B,both,2,7,23,23,63,9.0
B_k9_1od_x1.0,B,both,2,8,23,23,72,9.0
B_k9_1od_x1.0,B,both,2,9,23,23,76,9.0
B_k9_1od_x1.0,B,both,2,10,23,23,68,9.0
B_k9_1od_x1.0,B,both,2,11,23,23,72,9.0
B_k9_1od_x1.0,B,both,2,12,23,23,68,9.0
B_k9_1od_x1.0,B,both,2,13,23,23,65,9.0
B_k9_1od_x1.0,B,both,2,14,23,23,69,9.0
B_k9_1od_x1.0,B,both,2,15,23,23,68,9.0
B_k9_1od_x1.0,B,both,3,1,24,24,62,5.416666666666667
B_k9_1od_x1.0,B,both,3,2,23,23,73,9.0
B_k9_1od_x1.0,B,both,3,3,23,23,69,9.0
B_k9_1od_x1.0,B,both,3,4,23,23,72,9.0
B_k9_1od_x1.0,B,both,3,5,23,23,68,9.0
B_k9_1od_x1.0,B,both,3,6,23,23,73,9.0
B_k9_1od_x1.0,B,both,3,7,23,23,70,9.0
B_k9_1od_x1.0,B,both,3,8,23,23,70,9.0
B_k9_1od_x1.0,B,both,3,9,23,23,75,9.0
B_k9_1od_x1.0,B,both,3,10,23,23,69,9.0
B_k9_1od_x1.0,B,both,3,11,23,23,73,9.0
B_k9_1od_x1.0,B,both,3,12,23,23,70,9.0
B_k9_1od_x1.0,B,both,3,13,23,23,69,9.0
B_k9_1od_x1.0,B,both,3,14,23,23,70,9.0
B_k9_1od_x1.0,B,both,3,15,23,23,64,9.0
B_k9_1od_x1.0,B,both,4,1,24,22,57,3.5416666666666665
B_k9_1od_x1.0,B,both,4,2,23,23,75,9.0
B_k9_1od_x1.0,B,both,4,3,23,23,73,9.0
B_k9_1od_x1.0,B,both,4,4,23,23,75,9.0
B_k9_1od_x1.0,B,both,4,5,23,23,70,9.0
B_k9_1od_x1.0,B,both,4,6,23,23,72,9.0
B_k9_1od_x1.0,B,both,4,7,23,23,70,9.0
B_k9_1od_x1.0,B,both,4,8,23,23,71,9.0
B_k9_1od_x1.0,B,both,4,9,23,23,70,9.0
B_k9_1od_x1.0,B,both,4,10,23,23,70,9.0
B_k9_1od_x1.0,B,both,4,11,23,23,67,9.0
B_k9_1od_x1.0,B,both,4,12,23,23,68,9.0
B_k9_1od_x1.0,B,both,4,13,23,23,69,9.0
B_k9_1od_x1.0,B,both,4,14,23,23,70,9.0
B_k9_1od_x1.0,B,both,4,15,23,23,73,9.0
B_k9_1od_x1.0,B,both,5,1,24,22,55,4.25
B_k9_1od_x1.0,B,both,5,2,23,23,70,9.0
B_k9_1od_x1.0,B,both,5,3,23,23,76,9.0
B_k9_1od_x1.0,B,both,5,4,23,23,73,9.0
B_k9_1od_x1.0,B,both,5,5,23,23,76,9.0
B_k9_1od_x1.0,B,both,5,6,23,23,70,9.0
B_k9_1od_x1.0,B,both,5,7,23,23,68,9.0
B_k9_1od_x1.0,B,both,5,8,23,23,73,9.0
B_k9_1od_x1.0,B,both,5,9,23,23,71,9.0
B_k9_1od_x1.0,B,both,5,10,23,23,66,9.0
B_k9_1od_x1.0,B,both,5,11,23,23,69,9.0
B_k9_1od_x1.0,B,both,5,12,23,23,70,9.0
B_k9_1od_x1.0,B,both,5,13,23,23,71,9.0
B_k9_1od_x1.0,B,both,5,14,23,23,73,9.0
B_k9_1od_x1.0,B,both,5,15,23,23,74,9.0
B_k9_1od_x1.0,B,both,6,1,24,22,64,4.958333333333333
B_k9_1od_x1.0,B,both,6,2,23,23,72,9.0
B_k9_1od_x1.0,B,both,6,3,23,23,70,9.0
B_k9_1od_x1.0,B,both,6,4,23,23,66,9.0
B_k9_1od_x1.0,B,both,6,5,23,23,72,9.0
B_k9_1od_x1.0,B,both,6,6,23,23,74,9.0
B_k9_1od_x1.0,B,both,6,7,23,23,72,9.0
B_k9_1od_x1.0,B,both,6,8,23,23,66,9.0
B_k9_1od_x1.0,B,both,6,9,23,23,71,9.0
B_k9_1od_x1.0,B,both,6,10,23,23,69,9.0
B_k9_1od_x1.0,B,both,6,11,23,23,69,9.0
B_k9_1od_x1.0,B,both,6,12,23,23,77,9.0
B_k9_1od_x1.0,B,both,6,13,23,23,67,9.0
B_k9_1od_x1.0,B,both,6,14,23,23,72,9.0
B_k9_1od_x1.0,B,both,6,15,23,23,69,9.0
B_k9_1od_x1.0,B,both,7,1,24,21,58,3.75
B_k9_1od_x1.0,B,both,7,2,23,23,76,9.0
B_k9_1od_x1.0,B,both,7,3,23,23,76,9.0
B_k9_1od_x1.0,B,both,7,4,23,23,74,9.0
B_k9_1od_x1.0,B,both,7,5,23,23,73,9.0
B_k9_1od_x1.0,B,both,7,6,23,23,74,9.0
B_k9_1od_x1.0,B,both,7,7,23,23,73,9.0
B_k9_1od_x1.0,B,both,7,8,23,23,70,9.0
B_k9_1od_x1.0,B,both,7,9,23,23,70,9.0
B_k9_1od_x1.0,B,both,7,10,23,23,72,9.0
B_k9_1od_x1.0,B,both,7,11,23,23,72,9.0
B_k9_1od_x1.0,B,both,7,12,23,23,68,9.0
B_k9_1od_x1.0,B,both,7,13,23,23,73,9.0
B_k9_1od_x1.0,B,both,7,14,23,23,68,9.0
B_k9_1od_x1.0,B,both,7,15,23,23,71,9.0
B_k9_1od_x1.0,B,both,8,1,24,23,59,4.375
B_k9_1od_x1.0,B,both,8,2,23,23,71,9.0
B_k9_1od_x1.0,B,both,8,3,23,23,71,9.0
B_k9_1od_x1.0,B,both,8,4,23,23,72,9.0
B_k9_1od_x1.0,B,both,8,5,23,23,69,9.0
B_k9_1od_x1.0,B,both,8,6,23,23,67,9.0
B_k9_1od_x1.0,B,both,8,7,23,23,64,9.0
B_k9_1od_x1.0,B,both,8,8,23,23,70,9.0
B_k9_1od_x1.0,B,both,8,9,23,23,72,9.0
B_k9_1od_x1.0,B,both,8,10,23,23,71,9.0
B_k9_1od_x1.0,B,both,8,11,23,23,66,9.0
B_k9_1od_x1.0,B,both,8,12,23,23,68,9.0
B_k9_1od_x1.0,B,both,8,13,23,23,73,9.0
B_k9_1od_x1.0,B,both,8,14,23,23,66,9.0
B_k9_1od_x1.0,B,both,8,15,23,23,74,9.0
B_k9_1od_x1.0,B,both,9,1,24,22,60,4.541666666666667
B_k9_1od_x1.0,B,both,9,2,23,23,73,9.0
B_k9_1od_x1.0,B,both,9,3,23,23,69,9.0
B_k9_1od_x1.0,B,both,9,4,23,23,75,9.0
B_k9_1od_x1.0,B,both,9,5,23,23,75,9.0
B_k9_1od_x1.0,B,both,9,6,23,23,69,9.0
B_k9_1od_x1.0,B,both,9,7,23,23,70,9.0
B_k9_1od_x1.0,B,both,9,8,23,23,67,9.0
B_k9_1od_x1.0,B,both,9,9,23,23,65,9.0
B_k9_1od_x1.0,B,both,9,10,23,23,69,9.0
B_k9_1od_x1.0,B,both,9,11,23,23,71,9.0
B_k9_1od_x1.0,B,both,9,12,23,23,76,9.0
B_k9_1od_x1.0,B,both,9,13,23,23,66,9.0
B_k9_1od_x1.0,B,both,9,14,23,23,72,9.0
B_k9_1od_x1.0,B,both,9,15,23,23,71,9.0
B_k9_1od_x1.0,B,init,0,1,24,24,67,4.958333333333333
B_k9_1od_x1.0,B,init,0,2,23,23,81,9.0
B_k9_1od_x1.0,B,init,0,3,23,23,81,9.0
B_k9_1od_x1.0,B,init,0,4,23,23,76,9.0
B_k9_1od_x1.0,B,init,0,5,23,23,76,9.0
B_k9_1od_x1.0,B,init,0,6,23,23,73,9.0
B_k9_1od_x1.0,B,init,0,7,23,23,71,9.0
B_k9_1od_x1.0,B,init,0,8,23,23,74,9.0
B_k9_1od_x1.0,B,init,0,9,23,23,80,9.0
B_k9_1od_x1.0,B,init,0,10,23,23,81,9.0
B_k9_1od_x1.0,B,init,0,11,23,23,72,9.0
B_k9_1od_x1.0,B,init,0,12,23,23,77,9.0
B_k9_1od_x1.0,B,init,0,13,23,23,80,9.0
B_k9_1od_x1.0,B,init,0,14,23,23,84,9.0
B_k9_1od_x1.0,B,init,0,15,23,23,77,9.0
B_k9_1od_x1.0,B,init,1,1,24,22,58,4.375
B_k9_1od_x1.0,B,init,1,2,23,23,74,9.0
B_k9_1od_x1.0,B,init,1,3,23,23,78,9.0
B_k9_1od_x1.0,B,init,1,4,23,23,79,9.0
B_k9_1od_x1.0,B,init,1,5,23,23,79,9.0
B_k9_1od_x1.0,B,init,1,6,23,23,75,9.0
B_k9_1od_x1.0,B,init,1,7,23,23,71,9.0
B_k9_1od_x1.0,B,init,1,8,23,23,80,9.0
B_k9_1od_x1.0,B,init,1,9,23,23,73,9.0
B_k9_1od_x1.0,B,init,1,10,23,23,77,9.0
B_k9_1od_x1.0,B,init,1,11,23,23,80,9.0
B_k9_1od_x1.0,B,init,1,12,23,23,76,9.0
B_k9_1od_x1.0,B,init,1,13,23,23,79,9.0
B_k9_1od_x1.0,B,init,1,14,23,23,75,9.0
B_k9_1od_x1.0,B,init,1,15,23,23,79,9.0
B_k9_1od_x1.0,B,init,2,1,24,21,60,4.416666666666667
B_k9_1od_x1.0,B,init,2,2,23,23,77,9.0
B_k9_1od_x1.0,B,init,2,3,23,23,79,9.0
B_k9_1od_x1.0,B,init,2,4,23,23,75,9.0
B_k9_1od_x1.0,B,init,2,5,23,23,76,9.0
B_k9_1od_x1.0,B,init,2,6,23,23,73,9.0
B_k9_1od_x1.0,B,init,2,7,23,23,78,9.0
B_k9_1od_x1.0,B,init,2,8,23,23,79,9.0
B_k9_1od_x1.0,B,init,2,9,23,23,75,9.0
B_k9_1od_x1.0,B,init,2,10,23,23,79,9.0
B_k9_1od_x1.0,B,init,2,11,23,23,73,9.0
B_k9_1od_x1.0,B,init,2,12,23,23,71,9.0
B_k9_1od_x1.0,B,init,2,13,23,23,74,9.0
B_k9_1od_x1.0,B,init,2,14,23,23,82,9.0
B_k9_1od_x1.0,B,init,2,15,23,23,78,9.0
B_k9_1od_x1.0,B,init,3,1,24,24,62,5.416666666666667
B_k9_1od_x1.0,B,init,3,2,23,23,76,9.0
B_k9_1od_x1.0,B,init,3,3,23,23,77,9.0
B_k9_1od_x1.0,B,init,3,4,23,23,80,9.0
B_k9_1od_x1.0,B,init,3,5,23,23,76,9.0
B_k9_1od_x1.0,B,init,3,6,23,23,78,9.0
B_k9_1od_x1.0,B,init,3,7,23,23,81,9.0
B_k9_1od_x1.0,B,init,3,8,23,23,76,9.0
B_k9_1od_x1.0,B,init,3,9,23,23,74,9.0
B_k9_1od_x1.0,B,init,3,10,23,23,78,9.0
B_k9_1od_x1.0,B,init,3,11,23,23,74,9.0
B_k9_1od_x1.0,B,init,3,12,23,23,73,9.0
B_k9_1od_x1.0,B,init,3,13,23,23,76,9.0
B_k9_1od_x1.0,B,init,3,14,23,23,72,9.0
B_k9_1od_x1.0,B,init,3,15,23,23,78,9.0
B_k9_1od_x1.0,B,init,4,1,24,22,57,3.5416666666666665
B_k9_1od_x1.0,B,init,4,2,23,23,79,9.0
B_k9_1od_x1.0,B,init,4,3,23,23,76,9.0
B_k9_1od_x1.0,B,init,4,4,23,23,80,9.0
B_k9_1od_x1.0,B,init,4,5,23,23,75,9.0
B_k9_1od_x1.0,B,init,4,6,23,23,74,9.0
B_k9_1od_x1.0,B,init,4,7,23,23,80,9.0
B_k9_1od_x1.0,B,init,4,8,23,23,79,9.0
B_k9_1od_x1.0,B,init,4,9,23,23,82,9.0
B_k9_1od_x1.0,B,init,4,10,23,23,74,9.0
B_k9_1od_x1.0,B,init,4,11,23,23,79,9.0
B_k9_1od_x1.0,B,init,4,12,23,23,77,9.0
B_k9_1od_x1.0,B,init,4,13,23,23,76,9.0
B_k9_1od_x1.0,B,init,4,14,23,23,76,9.0
B_k9_1od_x1.0,B,init,4,15,23,23,83,9.0
B_k9_1od_x1.0,B,init,5,1,24,22,55,4.25
B_k9_1od_x1.0,B,init,5,2,23,23,77,9.0
B_k9_1od_x1.0,B,init,5,3,23,23,77,9.0
B_k9_1od_x1.0,B,init,5,4,23,23,80,9.0
B_k9_1od_x1.0,B,init,5,5,23,23,81,9.0
B_k9_1od_x1.0,B,init,5,6,23,23,80,9.0
B_k9_1od_x1.0,B,init,5,7,23,23,82,9.0
B_k9_1od_x1.0,B,init,5,8,23,23,78,9.0
B_k9_1od_x1.0,B,init,5,9,23,23,72,9.0
B_k9_1od_x1.0,B,init,5,10,23,23,77,9.0
B_k9_1od_x1.0,B,init,5,11,23,23,77,9.0
B_k9_1od_x1.0,B,init,5,12,23,23,74,9.0
B_k9_1od_x1.0,B,init,5,13,23,23,78,9.0
B_k9_1od_x1.0,B,init,5,14,23,23,77,9.0
B_k9_1od_x1.0,B,init,5,15,23,23,76,9.0
B_k9_1od_x1.0,B,init,6,1,24,22,64,4.958333333333333
B_k9_1od_x1.0,B,init,6,2,23,23,76,9.0
B_k9_1od_x1.0,B,init,6,3,23,23,76,9.0
B_k9_1od_x1.0,B,init,6,4,23,23,73,9.0
B_k9_1od_x1.0,B,init,6,5,23,23,73,9.0
B_k9_1od_x1.0,B,init,6,6,23,23,79,9.0
B_k9_1od_x1.0,B,init,6,7,23,23,78,9.0
B_k9_1od_x1.0,B,init,6,8,23,23,78,9.0
B_k9_1od_x1.0,B,init,6,9,23,23,76,9.0
B_k9_1od_x1.0,B,init,6,10,23,23,76,9.0
B_k9_1od_x1.0,B,init,6,11,23,23,77,9.0
B_k9_1od_x1.0,B,init,6,12,23,23,76,9.0
B_k9_1od_x1.0,B,init,6,13,23,23,76,9.0
B_k9_1od_x1.0,B,init,6,14,23,23,78,9.0
B_k9_1od_x1.0,B,init,6,15,23,23,69,9.0
B_k9_1od_x1.0,B,init,7,1,24,21,58,3.75
B_k9_1od_x1.0,B,init,7,2,23,23,83,9.0
B_k9_1od_x1.0,B,init,7,3,23,23,79,9.0
B_k9_1od_x1.0,B,init,7,4,23,23,80,9.0
B_k9_1od_x1.0,B,init,7,5,23,23,73,9.0
B_k9_1od_x1.0,B,init,7,6,23,23,80,9.0
B_k9_1od_x1.0,B,init,7,7,23,23,79,9.0
B_k9_1od_x1.0,B,init,7,8,23,23,77,9.0
B_k9_1od_x1.0,B,init,7,9,23,23,79,9.0
B_k9_1od_x1.0,B,init,7,10,23,23,78,9.0
B_k9_1od_x1.0,B,init,7,11,23,23,74,9.0
B_k9_1od_x1.0,B,init,7,12,23,23,80,9.0
B_k9_1od_x1.0,B,init,7,13,23,23,73,9.0
B_k9_1od_x1.0,B,init,7,14,23,23,75,9.0
B_k9_1od_x1.0,B,init,7,15,23,23,78,9.0
B_k9_1od_x1.0,B,init,8,1,24,23,59,4.375
B_k9_1od_x1.0,B,init,8,2,23,23,77,9.0
B_k9_1od_x1.0,B,init,8,3,23,23,80,9.0
B_k9_1od_x1.0,B,init,8,4,23,23,80,9.0
B_k9_1od_x1.0,B,init,8,5,23,23,79,9.0
B_k9_1od_x1.0,B,init,8,6,23,23,81,9.0
B_k9_1od_x1.0,B,init,8,7,23,23,79,9.0
B_k9_1od_x1.0,B,init,8,8,23,23,80,9.0
B_k9_1od_x1.0,B,init,8,9,23,23,76,9.0
B_k9_1od_x1.0,B,init,8,10,23,23,72,9.0
B_k9_1od_x1.0,B,init,8,11,23,23,82,9.0
B_k9_1od_x1.0,B,init,8,12,23,23,75,9.0
B_k9_1od_x1.0,B,init,8,13,23,23,79,9.0
B_k9_1od_x1.0,B,init,8,14,23,23,79,9.0
B_k9_1od_x1.0,B,init,8,15,23,23,75,9.0
B_k9_1od_x1.0,B,init,9,1,24,22,60,4.541666666666667
B_k9_1od_x1.0,B,init,9,2,23,23,84,9.0
B_k9_1od_x1.0,B,init,9,3,23,23,79,9.0
B_k9_1od_x1.0,B,init,9,4,23,23,79,9.0
B_k9_1od_x1.0,B,init,9,5,23,23,78,9.0
B_k9_1od_x1.0,B,init,9,6,23,23,80,9.0
B_k9_1od_x1.0,B,init,9,7,23,23,76,9.0
B_k9_1od_x1.0,B,init,9,8,23,23,82,9.0
B_k9_1od_x1.0,B,init,9,9,23,23,76,9.0
B_k9_1od_x1.0,B,init,9,10,23,23,77,9.0
B_k9_1od_x1.0,B,init,9,11,23,23,78,9.0
B_k9_1od_x1.0,B,init,9,12,23,23,82,9.0
B_k9_1od_x1.0,B,init,9,13,23,23,74,9.0
B_k9_1od_x1.0,B,init,9,14,23,23,79,9.0
B_k9_1od_x1.0,B,init,9,15,23,23,79,9.0
B_k9_1od_x1.0,B,mutation,0,1,24,24,71,5.625
B_k9_1od_x1.0,B,mutation,0,2,23,23,74,9.0
B_k9_1od_x1.0,B,mutation,0,3,23,23,70,9.0
B_k9_1od_x1.0,B,mutation,0,4,23,23,71,9.0
B_k9_1od_x1.0,B,mutation,0,5,23,23,74,9.0
B_k9_1od_x1.0,B,mutation,0,6,23,23,67,9.0
B_k9_1od_x1.0,B,mutation,0,7,23,23,73,9.0
B_k9_1od_x1.0,B,mutation,0,8,23,23,72,9.0
B_k9_1od_x1.0,B,mutation,0,9,23,23,71,9.0
B_k9_1od_x1.0,B,mutation,0,10,23,23,68,9.0
B_k9_1od_x1.0,B,mutation,0,11,23,23,76,9.0
B_k9_1od_x1.0,B,mutation,0,12,23,23,71,9.0
B_k9_1od_x1.0,B,mutation,0,13,23,23,74,9.0
B_k9_1od_x1.0,B,mutation,0,14,23,23,68,9.0
B_k9_1od_x1.0,B,mutation,0,15,23,23,71,9.0
B_k9_1od_x1.0,B,mutation,1,1,24,24,70,4.791666666666667
B_k9_1od_x1.0,B,mutation,1,2,23,23,71,9.0
B_k9_1od_x1.0,B,mutation,1,3,23,23,72,9.0
B_k9_1od_x1.0,B,mutation,1,4,23,23,70,9.0
B_k9_1od_x1.0,B,mutation,1,5,23,23,73,9.0
B_k9_1od_x1.0,B,mutation,1,6,23,23,75,9.0
B_k9_1od_x1.0,B,mutation,1,7,23,23,70,9.0
B_k9_1od_x1.0,B,mutation,1,8,23,23,73,9.0
B_k9_1od_x1.0,B,mutation,1,9,23,23,70,9.0
B_k9_1od_x1.0,B,mutation,1,10,23,23,72,9.0
B_k9_1od_x1.0,B,mutation,1,11,23,23,78,9.0
B_k9_1od_x1.0,B,mutation,1,12,23,23,72,9.0
B_k9_1od_x1.0,B,mutation,1,13,23,23,75,9.0
B_k9_1od_x1.0,B,mutation,1,14,23,23,73,9.0
B_k9_1od_x1.0,B,mutation,1,15,23,23,74,9.0
B_k9_1od_x1.0,B,mutation,2,1,24,24,64,4.375
B_k9_1od_x1.0,B,mutation,2,2,23,23,75,9.0
B_k9_1od_x1.0,B,mutation,2,3,23,23,69,9.0
B_k9_1od_x1.0,B,mutation,2,4,23,23,71,9.0
B_k9_1od_x1.0,B,mutation,2,5,23,23,76,9.0
B_k9_1od_x1.0,B,mutation,2,6,23,23,70,9.0
B_k9_1od_x1.0,B,mutation,2,7,23,23,70,9.0
B_k9_1od_x1.0,B,mutation,2,8,23,23,68,9.0
B_k9_1od_x1.0,B,mutation,2,9,23,23,72,9.0
B_k9_1od_x1.0,B,mutation,2,10,23,23,70,9.0
B_k9_1od_x1.0,B,mutation,2,11,23,23,67,9.0
B_k9_1od_x1.0,B,mutation,2,12,23,23,71,9.0
B_k9_1od_x1.0,B,mutation,2,13,23,23,74,9.0
B_k9_1od_x1.0,B,mutation,2,14,23,23,70,9.0
B_k9_1od_x1.0,B,mutation,2,15,23,23,72,9.0
B_k9_1od_x1.0,B,mutation,3,1,24,24,65,4.083333333333333
B_k9_1od_x1.0,B,mutation,3,2,23,23,73,9.0
B_k9_1od_x1.0,B,mutation,3,3,23,23,71,9.0
B_k9_1od_x1.0,B,mutation,3,4,23,23,67,9.0
B_k9_1od_x1.0,B,mutation,3,5,23,23,70,9.0
B_k9_1od_x1.0,B,mutation,3,6,23,23,71,9.0
B_k9_1od_x1.0,B,mutation,3,7,23,23,70,9.0
B_k9_1od_x1.0,B,mutation,3,8,23,23,71,9.0
B_k9_1od_x1.0,B,mutation,3,9,23,23,72,9.0
B_k9_1od_x1.0,B,mutation,3,10,23,23,68,9.0
B_k9_1od_x1.0,B,mutation,3,11,23,23,73,9.0
B_k9_1od_x1.0,B,mutation,3,12,23,23,67,9.0
B_k9_1od_x1.0,B,mutation,3,13,23,23,70,9.0
B_k9_1od_x1.0,B,mutation,3,14,23,23,73,9.0
B_k9_1od_x1.0,B,mutation,3,15,23,23,71,9.0
B_k9_1od_x1.0,B,mutation,4,1,24,24,53,3.875
B_k9_1od_x1.0,B,mutation,4,2,23,23,78,9.0
B_k9_1od_x1.0,B,mutation,4,3,23,23,74,9.0
B_k9_1od_x1.0,B,mutation,4,4,23,23,74,9.0
B_k9_1od_x1.0,B,mutation,4,5,23,23,71,9.0
B_k9_1od_x1.0,B,mutation,4,6,23,23,74,9.0
B_k9_1od_x1.0,B,mutation,4,7,23,23,71,9.0
B_k9_1od_x1.0,B,mutation,4,8,23,23,75,9.0
B_k9_1od_x1.0,B,mutation,4,9,23,23,70,9.0
B_k9_1od_x1.0,B,mutation,4,10,23,23,74,9.0
B_k9_1od_x1.0,B,mutation,4,11,23,23,70,9.0
B_k9_1od_x1.0,B,mutation,4,12,23,23,71,9.0
B_k9_1od_x1.0,B,mutation,4,13,23,23,70,9.0
B_k9_1od_x1.0,B,mutation,4,14,23,23,69,9.0
B_k9_1od_x1.0,B,mutation,4,15,23,23,72,9.0
B_k9_1od_x1.0,B,mutation,5,1,24,24,66,4.583333333333333
B_k9_1od_x1.0,B,mutation,5,2,23,23,79,9.0
B_k9_1od_x1.0,B,mutation,5,3,23,23,77,9.0
B_k9_1od_x1.0,B,mutation,5,4,23,23,71,9.0
B_k9_1od_x1.0,B,mutation,5,5,23,23,69,9.0
B_k9_1od_x1.0,B,mutation,5,6,23,23,70,9.0
B_k9_1od_x1.0,B,mutation,5,7,23,23,69,9.0
B_k9_1od_x1.0,B,mutation,5,8,23,23,68,9.0
B_k9_1od_x1.0,B,mutation,5,9,23,23,68,9.0
B_k9_1od_x1.0,B,mutation,5,10,23,23,68,9.0
B_k9_1od_x1.0,B,mutation,5,11,23,23,76,9.0
B_k9_1od_x1.0,B,mutation,5,12,23,23,73,9.0
B_k9_1od_x1.0,B,mutation,5,13,23,23,73,9.0
B_k9_1od_x1.0,B,mutation,5,14,23,23,73,9.0
B_k9_1od_x1.0,B,mutation,5,15,23,23,61,9.0
B_k9_1od_x1.0,B,mutation,6,1,24,24,64,5.041666666666667
B_k9_1od_x1.0,B,mutation,6,2,23,23,75,9.0
B_k9_1od_x1.0,B,mutation,6,3,23,23,73,9.0
B_k9_1od_x1.0,B,mutation,6,4,23,23,74,9.0
B_k9_1od_x1.0,B,mutation,6,5,23,23,73,9.0
B_k9_1od_x1.0,B,mutation,6,6,23,23,67,9.0
B_k9_1od_x1.0,B,mutation,6,7,23,23,67,9.0
B_k9_1od_x1.0,B,mutation,6,8,23,23,72,9.0
B_k9_1od_x1.0,B,mutation,6,9,23,23,70,9.0
B_k9_1od_x1.0,B,mutation,6,10,23,23,70,9.0
B_k9_1od_x1.0,B,mutation,6,11,23,23,72,9.0
B_k9_1od_x1.0,B,mutation,6,12,23,23,71,9.0
B_k9_1od_x1.0,B,mutation,6,13,23,23,72,9.0
B_k9_1od_x1.0,B,mutation,6,14,23,23,70,9.0
B_k9_1od_x1.0,B,mutation,6,15,23,23,74,9.0
B_k9_1od_x1.0,B,mutation,7,1,24,24,67,5.166666666666667
B_k9_1od_x1.0,B,mutation,7,2,23,23,79,9.0
B_k9_1od_x1.0,B,mutation,7,3,23,23,71,9.0
B_k9_1od_x1.0,B,mutation,7,4,23,23,73,9.0
B_k9_1od_x1.0,B,mutation,7,5,23,23,69,9.0
B_k9_1od_x1.0,B,mutation,7,6,23,23,75,9.0
B_k9_1od_x1.0,B,mutation,7,7,23,23,76,9.0
B_k9_1od_x1.0,B,mutation,7,8,23,23,63,9.0
B_k9_1od_x1.0,B,mutation,7,9,23,23,67,9.0
B_k9_1od_x1.0,B,mutation,7,10,23,23,77,9.0
B_k9_1od_x1.0,B,mutation,7,11,23,23,73,9.0
B_k9_1od_x1.0,B,mutation,7,12,23,23,70,9.0
B_k9_1od_x1.0,B,mutation,7,13,23,23,69,9.0
B_k9_1od_x1.0,B,mutation,7,14,23,23,72,9.0
B_k9_1od_x1.0,B,mutation,7,15,23,23,71,9.0
B_k9_1od_x1.0,B,mutation,8,1,24,24,59,4.208333333333333
B_k9_1od_x1.0,B,mutation,8,2,23,23,77,9.0
B_k9_1od_x1.0,B,mutation,8,3,23,23,72,9.0
B_k9_1od_x1.0,B,mutation,8,4,23,23,73,9.0
B_k9_1od_x1.0,B,mutation,8,5,23,23,69,9.0
B_k9_1od_x1.0,B,mutation,8,6,23,23,66,9.0
B_k9_1od_x1.0,B,mutation,8,7,23,23,69,9.0
B_k9_1od_x1.0,B,mutation,8,8,23,23,72,9.0
B_k9_1od_x1.0,B,mutation,8,9,23,23,77,9.0
B_k9_1od_x1.0,B,mutation,8,10,23,23,72,9.0
B_k9_1od_x1.0,B,mutation,8,11,23,23,72,9.0
B_k9_1od_x1.0,B,mutation,8,12,23,23,70,9.0
B_k9_1od_x1.0,B,mutation,8,13,23,23,66,9.0
B_k9_1od_x1.0,B,mutation,8,14,23,23,71,9.0
B_k9_1od_x1.0,B,mutation,8,15,23,23,70,9.0
B_k9_1od_x1.0,B,mutation,9,1,24,24,69,4.916666666666667
B_k9_1od_x1.0,B,mutation,9,2,23,23,74,9.0
B_k9_1od_x1.0,B,mutation,9,3,23,23,71,9.0
B_k9_1od_x1.0,B,mutation,9,4,23,23,67,9.0
B_k9_1od_x1.0,B,mutation,9,5,23,23,67,9.0
B_k9_1od_x1.0,B,mutation,9,6,23,23,72,9.0
B_k9_1od_x1.0,B,mutation,9,7,23,23,73,9.0
B_k9_1od_x1.0,B,mutation,9,8,23,23,70,9.0
B_k9_1od_x1.0,B,mutation,9,9,23,23,75,9.0
B_k9_1od_x1.0,B,mutation,9,10,23,23,71,9.0
B_k9_1od_x1.0,B,mutation,9,11,23,23,71,9.0
B_k9_1od_x1.0,B,mutation,9,12,23,23,68,9.0
B_k9_1od_x1.0,B,mutation,9,13,23,23,66,9.0
B_k9_1od_x1.0,B,mutation,9,14,23,23,70,9.0
B_k9_1od_x1.0,B,mutation,9,15,23,23,70,9.0
B_k9_1od_x1.0,B,none,0,1,24,24,71,5.625
B_k9_1od_x1.0,B,none,0,2,23,23,81,9.0
B_k9_1od_x1.0,B,none,0,3,23,23,76,9.0
B_k9_1od_x1.0,B,none,0,4,23,23,80,9.0
B_k9_1od_x1.0,B,none,0,5,23,23,72,9.0
B_k9_1od_x1.0,B,none,0,6,23,23,74,9.0
B_k9_1od_x1.0,B,none,0,7,23,23,77,9.0
B_k9_1od_x1.0,B,none,0,8,23,23,76,9.0
B_k9_1od_x1.0,B,none,0,9,23,23,80,9.0
B_k9_1od_x1.0,B,none,0,10,23,23,77,9.0
B_k9_1od_x1.0,B,none,0,11,23,23,79,9.0
B_k9_1od_x1.0,B,none,0,12,23,23,80,9.0
B_k9_1od_x1.0,B,none,0,13,23,23,78,9.0
B_k9_1od_x1.0,B,none,0,14,23,23,83,9.0
B_k9_1od_x1.0,B,none,0,15,23,23,78,9.0
B_k9_1od_x1.0,B,none,1,1,24,24,70,4.791666666666667
B_k9_1od_x1.0,B,none,1,2,23,23,79,9.0
B_k9_1od_x1.0,B,none,1,3,23,23,78,9.0
B_k9_1od_x1.0,B,none,1,4,23,23,76,9.0
B_k9_1od_x1.0,B,none,1,5,23,23,77,9.0
B_k9_1od_x1.0,B,none,1,6,23,23,76,9.0
B_k9_1od_x1.0,B,none,1,7,23,23,74,9.0
B_k9_1od_x1.0,B,none,1,8,23,23,76,9.0
B_k9_1od_x1.0,B,none,1,9,23,23,72,9.0
B_k9_1od_x1.0,B,none,1,10,23,23,73,9.0
B_k9_1od_x1.0,B,none,1,11,23,23,79,9.0
B_k9_1od_x1.0,B,none,1,12,23,23,73,9.0
B_k9_1od_x1.0,B,none,1,13,23,23,77,9.0
B_k9_1od_x1.0,B,none,1,14,23,23,76,9.0
B_k9_1od_x1.0,B,none,1,15,23,23,76,9.0
B_k9_1od_x1.0,B,none,2,1,24,24,64,4.375
B_k9_1od_x1.0,B,none,2,2,23,23,79,9.0
B_k9_1od_x1.0,B,none,2,3,23,23,78,9.0
B_k9_1od_x1.0,B,none,2,4,23,23,72,9.0
B_k9_1od_x1.0,B,none,2,5,23,23,77,9.0
B_k9_1od_x1.0,B,none,2,6,23,23,79,9.0
B_k9_1od_x1.0,B,none,2,7,23,23,78,9.0
B_k9_1od_x1.0,B,none,2,8,23,23,79,9.0
B_k9_1od_x1.0,B,none,2,9,23,23,78,9.0
B_k9_1od_x1.0,B,none,2,10,23,23,80,9.0
B_k9_1od_x1.0,B,none,2,11,23,23,77,9.0
B_k9_1od_x1.0,B,none,2,12,23,23,80,9.0
B_k9_1od_x1.0,B,none,2,13,23,23,85,9.0
B_k9_1od_x1.0,B,none,2,14,23,23,74,9.0
B_k9_1od_x1.0,B,none,2,15,23,23,84,9.0
B_k9_1od_x1.0,B,none,3,1,24,24,65,4.083333333333333
B_k9_1od_x1.0,B,none,3,2,23,23,77,9.0
B_k9_1od_x1.0,B,none,3,3,23,23,78,9.0
B_k9_1od_x1.0,B,none,3,4,23,23,80,9.0
B_k9_1od_x1.0,B,none,3,5,23,23,80,9.0
B_k9_1od_x1.0,B,none,3,6,23,23,80,9.0
B_k9_1od_x1.0,B,none,3,7,23,23,74,9.0
B_k9_1od_x1.0,B,none,3,8,23,23,80,9.0
B_k9_1od_x1.0,B,none,3,9,23,23,72,9.0
B_k9_1od_x1.0,B,none,3,10,23,23,78,9.0
B_k9_1od_x1.0,B,none,3,11,23,23,79,9.0
B_k9_1od_x1.0,B,none,3,12,23,23,78,9.0
B_k9_1od_x1.0,B,none,3,13,23,23,81,9.0
B_k9_1od_x1.0,B,none,3,14,23,23,80,9.0
B_k9_1od_x1.0,B,none,3,15,23,23,81,9.0
B_k9_1od_x1.0,B,none,4,1,24,24,53,3.875
B_k9_1od_x1.0,B,none,4,2,23,23,78,9.0
B_k9_1od_x1.0,B,none,4,3,23,23,77,9.0
B_k9_1od_x1.0,B,none,4,4,23,23,81,9.0
B_k9_1od_x1.0,B,none,4,5,23,23,71,9.0
B_k9_1od_x1.0,B,none,4,6,23,23,78,9.0
B_k9_1od_x1.0,B,none,4,7,23,23,82,9.0
B_k9_1od_x1.0,B,none,4,8,23,23,77,9.0
B_k9_1od_x1.0,B,none,4,9,23,23,77,9.0
B_k9_1od_x1.0,B,none,4,10,23,23,78,9.0
B_k9_1od_x1.0,B,none,4,11,23,23,74,9.0
B_k9_1od_x1.0,B,none,4,12,23,23,76,9.0
B_k9_1od_x1.0,B,none,4,13,23,23,82,9.0
B_k9_1od_x1.0,B,none,4,14,23,23,80,9.0
B_k9_1od_x1.0,B,none,4,15,23,23,79,9.0
B_k9_1od_x1.0,B,none,5,1,24,24,66,4.583333333333333
B_k9_1od_x1.0,B,none,5,2,23,23,80,9.0
B_k9_1od_x1.0,B,none,5,3,23,23,81,9.0
B_k9_1od_x1.0,B,none,5,4,23,23,81,9.0
B_k9_1od_x1.0,B,none,5,5,23,23,77,9.0
B_k9_1od_x1.0,B,none,5,6,23,23,75,9.0
B_k9_1od_x1.0,B,none,5,7,23,23,77,9.0
B_k9_1od_x1.0,B,none,5,8,23,23,81,9.0
B_k9_1od_x1.0,B,none,5,9,23,23,76,9.0
B_k9_1od_x1.0,B,none,5,10,23,23,75,9.0
B_k9_1od_x1.0,B,none,5,11,23,23,75,9.0
B_k9_1od_x1.0,B,none,5,12,23,23,74,9.0
B_k9_1od_x1.0,B,none,5,13,23,23,73,9.0
B_k9_1od_x1.0,B,none,5,14,23,23,84,9.0
B_k9_1od_x1.0,B,none,5,15,23,23,78,9.0
B_k9_1od_x1.0,B,none,6,1,24,24,64,5.041666666666667
B_k9_1od_x1.0,B,none,6,2,23,23,72,9.0
B_k9_1od_x1.0,B,none,6,3,23,23,77,9.0
B_k9_1od_x1.0,B,none,6,4,23,23,79,9.0
B_k9_1od_x1.0,B,none,6,5,23,23,74,9.0
B_k9_1od_x1.0,B,none,6,6,23,23,71,9.0
B_k9_1od_x1.0,B,none,6,7,23,23,78,9.0
B_k9_1od_x1.0,B,none,6,8,23,23,77,9.0
B_k9_1od_x1.0,B,none,6,9,23,23,80,9.0
B_k9_1od_x1.0,B,none,6,10,23,23,75,9.0
B_k9_1od_x1.0,B,none,6,11,23,23,79,9.0
B_k9_1od_x1.0,B,none,6,12,23,23,81,9.0
B_k9_1od_x1.0,B,none,6,13,23,23,80,9.0
B_k9_1od_x1.0,B,none,6,14,23,23,75,9.0
B_k9_1od_x1.0,B,none,6,15,23,23,75,9.0
B_k9_1od_x1.0,B,none,7,1,24,24,67,5.166666666666667
B_k9_1od_x1.0,B,none,7,2,23,23,81,9.0
B_k9_1od_x1.0,B,none,7,3,23,23,81,9.0
B_k9_1od_x1.0,B,none,7,4,23,23,77,9.0
B_k9_1od_x1.0,B,none,7,5,23,23,81,9.0
B_k9_1od_x1.0,B,none,7,6,23,23,80,9.0
B_k9_1od_x1.0,B,none,7,7,23,23,77,9.0
B_k9_1od_x1.0,B,none,7,8,23,23,76,9.0
B_k9_1od_x1.0,B,none,7,9,23,23,74,9.0
B_k9_1od_x1.0,B,none,7,10,23,23,68,9.0
B_k9_1od_x1.0,B,none,7,11,23,23,79,9.0
B_k9_1od_x1.0,B,none,7,12,23,23,76,9.0
B_k9_1od_x1.0,B,none,7,13,23,23,70,9.0
B_k9_1od_x1.0,B,none,7,14,23,23,78,9.0
B_k9_1od_x1.0,B,none,7,15,23,23,76,9.0
B_k9_1od_x1.0,B,none,8,1,24,24,59,4.208333333333333
B_k9_1od_x1.0,B,none,8,2,23,23,84,9.0
B_k9_1od_x1.0,B,none,8,3,23,23,77,9.0
B_k9_1od_x1.0,B,none,8,4,23,23,78,9.0
B_k9_1od_x1.0,B,none,8,5,23,23,77,9.0
B_k9_1od_x1.0,B,none,8,6,23,23,77,9.0
B_k9_1od_x1.0,B,none,8,7,23,23,72,9.0
B_k9_1od_x1.0,B,none,8,8,23,23,81,9.0
B_k9_1od_x1.0,B,none,8,9,23,23,77,9.0
B_k9_1od_x1.0,B,none,8,10,23,23,70,9.0
B_k9_1od_x1.0,B,none,8,11,23,23,77,9.0
B_k9_1od_x1.0,B,none,8,12,23,23,76,9.0
B_k9_1od_x1.0,B,none,8,13,23,23,77,9.0
B_k9_1od_x1.0,B,none,8,14,23,23,78,9.0
B_k9_1od_x1.0,B,none,8,15,23,23,81,9.0
B_k9_1od_x1.0,B,none,9,1,24,24,69,4.916666666666667
B_k9_1od_x1.0,B,none,9,2,23,23,81,9.0
B_k9_1od_x1.0,B,none,9,3,23,23,81,9.0
B_k9_1od_x1.0,B,none,9,4,23,23,76,9.0
B_k9_1od_x1.0,B,none,9,5,23,23,76,9.0
B_k9_1od_x1.0,B,none,9,6,23,23,74,9.0
B_k9_1od_x1.0,B,none,9,7,23,23,79,9.0
B_k9_1od_x1.0,B,none,9,8,23,23,71,9.0
B_k9_1od_x1.0,B,none,9,9,23,23,82,9.0
B_k9_1od_x1.0,B,none,9,10,23,23,77,9.0
B_k9_1od_x1.0,B,none,9,11,23,23,78,9.0
B_k9_1od_x1.0,B,none,9,12,23,23,79,9.0
B_k9_1od_x1.0,B,none,9,13,23,23,80,9.0
B_k9_1od_x1.0,B,none,9,14,23,23,76,9.0
B_k9_1od_x1.0,B,none,9,15,23,23,83,9.0
B_k9_1od_x1.2,B,both,0,1,24,24,63,4.958333333333333
B_k9_1od_x1.2,B,both,0,2,23,23,74,9.0
B_k9_1od_x1.2,B,both,0,3,23,23,70,9.0
B_k9_1od_x1.2,B,both,0,4,23,23,72,9.0
B_k9_1od_x1.2,B,both,0,5,23,23,74,9.0
B_k9_1od_x1.2,B,both,0,6,23,23,67,9.0
B_k9_1od_x1.2,B,both,0,7,23,23,73,9.0
B_k9_1od_x1.2,B,both,0,8,23,23,66,9.0
B_k9_1od_x1.2,B,both,0,9,23,23,72,9.0
B_k9_1od_x1.2,B,both,0,10,23,23,70,9.0
B_k9_1od_x1.2,B,both,0,11,23,23,70,9.0
B_k9_1od_x1.2,B,both,0,12,23,23,69,9.0
B_k9_1od_x1.2,B,both,0,13,23,23,66,9.0
B_k9_1od_x1.2,B,both,0,14,23,23,70,9.0
B_k9_1od_x1.2,B,both,0,15,23,23,66,9.0
B_k9_1od_x1.2,B,both,1,1,24,22,53,4.375
B_k9_1od_x1.2,B,both,1,2,23,23,72,9.0
B_k9_1od_x1.2,B,both,1,3,23,23,74,9.0
B_k9_1od_x1.2,B,both,1,4,23,23,62,9.0
B_k9_1od_x1.2,B,both,1,5,23,23,67,9.0
B_k9_1od_x1.2,B,both,1,6,23,23,69,9.0
B_k9_1od_x1.2,B,both,1,7,23,23,71,9.0
B_k9_1od_x1.2,B,both,1,8,23,23,69,9.0
B_k9_1od_x1.2,B,both,1,9,23,23,69,9.0
B_k9_1od_x1.2,B,both,1,10,23,23,72,9.0
B_k9_1od_x1.2,B,both,1,11,23,23,65,9.0
B_k9_1od_x1.2,B,both,1,12,23,23,69,9.0
B_k9_1od_x1.2,B,both,1,13,23,23,73,9.0
B_k9_1od_x1.2,B,both,1,14,23,23,72,9.0
B_k9_1od_x1.2,B,both,1,15,23,23,70,9.0
B_k9_1od_x1.2,B,both,2,1,24,21,57,4.416666666666667
B_k9_1od_x1.2,B,both,2,2,23,23,71,9.0
B_k9_1od_x1.2,B,both,2,3,23,23,70,9.0
B_k9_1od_x1.2,B,both,2,4,23,23,70,9.0
B_k9_1od_x1.2,B,both,2,5,23,23,68,9.0
B_k9_1od_x1.2,B,both,2,6,23,23,65,9.0
B_k9_1od_x1.2,B,both,2,7,23,23,73,9.0
B_k9_1od_x1.2,B,both,2,8,23,23,77,9.0
B_k9_1od_x1.2,B,both,2,9,23,23,72,9.0
B_k9_1od_x1.2,B,both,2,10,23,23,69,9.0
B_k9_1od_x1.2,B,both,2,11,23,23,70,9.0
B_k9_1od_x1.2,B,both,2,12,23,23,74,9.0
B_k9_1od_x1.2,B,both,2,13,23,23,74,9.0
B_k9_1od_x1.2,B,both,2,14,23,23,70,9.0
B_k9_1od_x1.2,B,both,2,15,23,23,65,9.0
B_k9_1od_x1.2,B,both,3,1,24,24,60,5.416666666666667
B_k9_1od_x1.2,B,both,3,2,23,23,75,9.0
B_k9_1od_x1.2,B,both,3,3,23,23,73,9.0
B_k9_1od_x1.2,B,both,3,4,23,23,73,9.0
B_k9_1od_x1.2,B,both,3,5,23,23,72,9.0
B_k9_1od_x1.2,B,both,3,6,23,23,67,9.0
B_k9_1od_x1.2,B,both,3,7,23,23,73,9.0
B_k9_1od_x1.2,B,both,3,8,23,23,67,9.0
B_k9_1od_x1.2,B,both,3,9,23,23,66,9.0
B_k9_1od_x1.2,B,both,3,10,23,23,68,9.0
B_k9_1od_x1.2,B,both,3,11,23,23,70,9.0
B_k9_1od_x1.2,B,both,3,12,23,23,71,9.0
B_k9_1od_x1.2,B,both,3,13,23,23,73,9.0
B_k9_1od_x1.2,B,both,3,14,23,23,72,9.0
B_k9_1od_x1.2,B,both,3,15,23,23,67,9.0
B_k9_1od_x1.2,B,both,4,1,24,22,50,3.5416666666666665
B_k9_1od_x1.2,B,both,4,2,23,23,74,9.0
B_k9_1od_x1.2,B,both,4,3,23,23,68,9.0
B_k9_1od_x1.2,B,both,4,4,23,23,71,9.0
B_k9_1od_x1.2,B,both,4,5,23,23,73,9.0
B_k9_1od_x1.2,B,both,4,6,23,23,69,9.0
B_k9_1od_x1.2,B,both,4,7,23,23,71,9.0
B_k9_1od_x1.2,B,both,4,8,23,23,71,9.0
B_k9_1od_x1.2,B,both,4,9,23,23,70,9.0
B_k9_1od_x1.2,B,both,4,10,23,23,71,9.0
B_k9_1od_x1.2,B,both,4,11,23,23,72,9.0
B_k9_1od_x1.2,B,both,4,12,23,23,64,9.0
B_k9_1od_x1.2,B,both,4,13,23,23,70,9.0
B_k9_1od_x1.2,B,both,4,14,23,23,72,9.0
B_k9_1od_x1.2,B,both,4,15,23,23,73,9.0
B_k9_1od_x1.2,B,both,5,1,24,22,58,4.25
B_k9_1od_x1.2,B,both,5,2,23,23,75,9.0
B_k9_1od_x1.2,B,both,5,3,23,23,71,9.0
B_k9_1od_x1.2,B,both,5,4,23,23,74,9.0
B_k9_1od_x1.2,B,both,5,5,23,23,71,9.0
B_k9_1od_x1.2,B,both,5,6,23,23,69,9.0
B_k9_1od_x1.2,B,both,5,7,23,23,72,9.0
B_k9_1od_x1.2,B,both,5,8,23,23,71,9.0
B_k9_1od_x1.2,B,both,5,9,23,23,68,9.0
B_k9_1od_x1.2,B,both,5,10,23,23,67,9.0
B_k9_1od_x1.2,B,both,5,11,23,23,71,9.0
B_k9_1od_x1.2,B,both,5,12,23,23,71,9.0
B_k9_1od_x1.2,B,both,5,13,23,23,68,9.0
B_k9_1od_x1.2,B,both,5,14,23,23,69,9.0
B_k9_1od_x1.2,B,both,5,15,23,23,68,9.0
B_k9_1od_x1.2,B,both,6,1,24,22,63,4.958333333333333
B_k9_1od_x1.2,B,both,6,2,23,23,75,9.0
B_k9_1od_x1.2,B,both,6,3,23,23,72,9.0
B_k9_1od_x1.2,B,both,6,4,23,23,74,9.0
B_k9_1od_x1.2,B,both,6,5,23,23,70,9.0
B_k9_1od_x1.2,B,both,6,6,23,23,73,9.0
B_k9_1od_x1.2,B,both,6,7,23,23,71,9.0
B_k9_1od_x1.2,B,both,6,8,23,23,76,9.0
B_k9_1od_x1.2,B,both,6,9,23,23,72,9.0
B_k9_1od_x1.2,B,both,6,10,23,23,73,9.0
B_k9_1od_x1.2,B,both,6,11,23,23,66,9.0
B_k9_1od_x1.2,B,both,6,12,23,23,67,9.0
B_k9_1od_x1.2,B,both,6,13,23,23,73,9.0
B_k9_1od_x1.2,B,both,6,14,23,23,74,9.0
B_k9_1od_x1.2,B,both,6,15,23,23,67,9.0
B_k9_1od_x1.2,B,both,7,1,24,21,54,3.75
B_k9_1od_x1.2,B,both,7,2,23,23,77,9.0
B_k9_1od_x1.2,B,both,7,3,23,23,67,9.0
B_k9_1od_x1.2,B,both,7,4,23,23,68,9.0
B_k9_1od_x1.2,B,both,7,5,23,23,68,9.0
B_k9_1od_x1.2,B,both,7,6,23,23,69,9.0
B_k9_1od_x1.2,B,both,7,7,23,23,68,9.0
B_k9_1od_x1.2,B,both,7,8,23,23,76,9.0
B_k9_1od_x1.2,B,both,7,9,23,23,72,9.0
B_k9_1od_x1.2,B,both,7,10,23,23,65,9.0
B_k9_1od_x1.2,B,both,7,11,23,23,70,9.0
B_k9_1od_x1.2,B,both,7,12,23,23,66,9.0
B_k9_1od_x1.2,B,both,7,13,23,23,73,9.0
B_k9_1od_x1.2,B,both,7,14,23,23,73,9.0
B_k9_1od_x1.2,B,both,7,15,23,23,70,9.0
B_k9_1od_x1.2,B,both,8,1,24,23,57,4.375
B_k9_1od_x1.2,B,both,8,2,23,23,72,9.0
B_k9_1od_x1.2,B,both,8,3,23,23,71,9.0
B_k9_1od_x1.2,B,both,8,4,23,23,69,9.0
B_k9_1od_x1.2,B,both,8,5,23,23,72,9.0
B_k9_1od_x1.2,B,both,8,6,23,23,70,9.0
B_k9_1od_x1.2,B,both,8,7,23,23,78,9.0
B_k9_1od_x1.2,B,both,8,8,23,23,67,9.0
B_k9_1od_x1.2,B,both,8,9,23,23,71,9.0
B_k9_1od_x1.2,B,both,8,10,23,23,72,9.0
B_k9_1od_x1.2,B,both,8,11,23,23,72,9.0
B_k9_1od_x1.2,B,both,8,12,23,23,71,9.0
B_k9_1od_x1.2,B,both,8,13,23,23,66,9.0
B_k9_1od_x1.2,B,both,8,14,23,23,70,9.0
B_k9_1od_x1.2,B,both,8,15,23,23,69,9.0
B_k9_1od_x1.2,B,both,9,1,24,22,56,4.541666666666667
B_k9_1od_x1.2,B,both,9,2,23,23,76,9.0
B_k9_1od_x1.2,B,both,9,3,23,23,64,9.0
B_k9_1od_x1.2,B,both,9,4,23,23,66,9.0
B_k9_1od_x1.2,B,both,9,5,23,23,72,9.0
B_k9_1od_x1.2,B,both,9,6,23,23,67,9.0
B_k9_1od_x1.2,B,both,9,7,23,23,70,9.0
B_k9_1od_x1.2,B,both,9,8,23,23,71,9.0
B_k9_1od_x1.2,B,both,9,9,23,23,74,9.0
B_k9_1od_x1.2,B,both,9,10,23,23,72,9.0
B_k9_1od_x1.2,B,both,9,11,23,23,75,9.0
B_k9_1od_x1.2,B,both,9,12,23,23,75,9.0
B_k9_1od_x1.2,B,both,9,13,23,23,73,9.0
B_k9_1od_x1.2,B,both,9,14,23,23,74,9.0
B_k9_1od_x1.2,B,both,9,15,23,23,71,9.0
B_k9_1od_x1.2,B,init,0,1,24,24,63,4.958333333333333
B_k9_1od_x1.2,B,init,0,2,23,23,77,9.0
B_k9_1od_x1.2,B,init,0,3,23,23,77,9.0
B_k9_1od_x1.2,B,init,0,4,23,23,76,9.0
B_k9_1od_x1.2,B,init,0,5,23,23,75,9.0
B_k9_1od_x1.2,B,init,0,6,23,23,77,9.0
B_k9_1od_x1.2,B,init,0,7,23,23,76,9.0
B_k9_1od_x1.2,B,init,0,8,23,23,79,9.0
B_k9_1od_x1.2,B,init,0,9,23,23,80,9.0
B_k9_1od_x1.2,B,init,0,10,23,23,71,9.0
B_k9_1od_x1.2,B,init,0,11,23,23,75,9.0
B_k9_1od_x1.2,B,init,0,12,23,23,71,9.0
B_k9_1od_x1.2,B,init,0,13,23,23,77,9.0
B_k9_1od_x1.2,B,init,0,14,23,23,70,9.0
B_k9_1od_x1.2,B,init,0,15,23,23,80,9.0
B_k9_1od_x1.2,B,init,1,1,24,22,53,4.375
B_k9_1od_x1.2,B,init,1,2,23,23,74,9.0
B_k9_1od_x1.2,B,init,1,3,23,23,75,9.0
B_k9_1od_x1.2,B,init,1,4,23,23,81,9.0
B_k9_1od_x1.2,B,init,1,5,23,23,75,9.0
B_k9_1od_x1.2,B,init,1,6,23,23,80,9.0
B_k9_1od_x1.2,B,init,1,7,23,23,72,9.0
B_k9_1od_x1.2,B,init,1,8,23,23,68,9.0
B_k9_1od_x1.2,B,init,1,9,23,23,78,9.0
B_k9_1od_x1.2,B,init,1,10,23,23,75,9.0
B_k9_1od_x1.2,B,init,1,11,23,23,72,9.0
B_k9_1od_x1.2,B,init,1,12,23,23,76,9.0
B_k9_1od_x1.2,B,init,1,13,23,23,80,9.0
B_k9_1od_x1.2,B,init,1,14,23,23,78,9.0
B_k9_1od_x1.2,B,init,1,15,23,23,78,9.0
B_k9_1od_x1.2,B,init,2,1,24,21,57,4.416666666666667
B_k9_1od_x1.2,B,init,2,2,23,23,79,9.0
B_k9_1od_x1.2,B,init,2,3,23,23,75,9.0
B_k9_1od_x1.2,B,init,2,4,23,23,73,9.0
B_k9_1od_x1.2,B,init,2,5,23,23,78,9.0
B_k9_1od_x1.2,B,init,2,6,23,23,81,9.0
B_k9_1od_x1.2,B,init,2,7,23,23,72,9.0
B_k9_1od_x1.2,B,init,2,8,23,23,74,9.0
B_k9_1od_x1.2,B,init,2,9,23,23,76,9.0
B_k9_1od_x1.2,B,init,2,10,23,23,76,9.0
B_k9_1od_x1.2,B,init,2,11,23,23,81,9.0
B_k9_1od_x1.2,B,init,2,12,23,23,77,9.0
B_k9_1od_x1.2,B,init,2,13,23,23,78,9.0
B_k9_1od_x1.2,B,init,2,14,23,23,75,9.0
B_k9_1od_x1.2,B,init,2,15,23,23,77,9.0
B_k9_1od_x1.2,B,init,3,1,24,24,60,5.416666666666667
B_k9_1od_x1.2,B,init,3,2,23,23,82,9.0
B_k9_1od_x1.2,B,init,3,3,23,23,79,9.0
B_k9_1od_x1.2,B,init,3,4,23,23,76,9.0
B_k9_1od_x1.2,B,init,3,5,23,23,67,9.0
B_k9_1od_x1.2,B,init,3,6,23,23,78,9.0
B_k9_1od_x1.2,B,init,3,7,23,23,75,9.0
B_k9_1od_x1.2,B,init,3,8,23,23,81,9.0
B_k9_1od_x1.2,B,init,3,9,23,23,82,9.0
B_k9_1od_x1.2,B,init,3,10,23,23,80,9.0
B_k9_1od_x1.2,B,init,3,11,23,23,83,9.0
B_k9_1od_x1.2,B,init,3,12,23,23,80,9.0
B_k9_1od_x1.2,B,init,3,13,23,23,75,9.0
B_k9_1od_x1.2,B,init,3,14,23,23,72,9.0
B_k9_1od_x1.2,B,init,3,15,23,23,77,9.0
B_k9_1od_x1.2,B,init,4,1,24,22,50,3.5416666666666665
B_k9_1od_x1.2,B,init,4,2,23,23,79,9.0
B_k9_1od_x1.2,B,init,4,3,23,23,75,9.0
B_k9_1od_x1.2,B,init,4,4,23,23,79,9.0
B_k9_1od_x1.2,B,init,4,5,23,23,81,9.0
B_k9_1od_x1.2,B,init,4,6,23,23,77,9.0
B_k9_1od_x1.2,B,init,4,7,23,23,77,9.0
B_k9_1od_x1.2,B,init,4,8,23,23,78,9.0
B_k9_1od_x1.2,B,init,4,9,23,23,76,9.0
B_k9_1od_x1.2,B,init,4,10,23,23,77,9.0
B_k9_1od_x1.2,B,init,4,11,23,23,76,9.0
B_k9_1od_x1.2,B,init,4,12,23,23,76,9.0
B_k9_1od_x1.2,B,init,4,13,23,23,72,9.0
B_k9_1od_x1.2,B,init,4,14,23,23,73,9.0
B_k9_1od_x1.2,B,init,4,15,23,23,76,9.0
B_k9_1od_x1.2,B,init,5,1,24,22,58,4.25
B_k9_1od_x1.2,B,init,5,2,23,23,78,9.0
B_k9_1od_x1.2,B,init,5,3,23,23,75,9.0
B_k9_1od_x1.2,B,init,5,4,23,23,79,9.0
B_k9_1od_x1.2,B,init,5,5,23,23,78,9.0
B_k9_1od_x1.2,B,init,5,6,23,23,75,9.0
B_k9_1od_x1.2,B,init,5,7,23,23,77,9.0
B_k9_1od_x1.2,B,init,5,8,23,23,74,9.0
B_k9_1od_x1.2,B,init,5,9,23,23,74,9.0
B_k9_1od_x1.2,B,init,5,10,23,23,79,9.0
B_k9_1od_x1.2,B,init,5,11,23,23,72,9.0
B_k9_1od_x1.2,B,init,5,12,23,23,80,9.0
B_k9_1od_x1.2,B,init,5,13,23,23,71,9.0
B_k9_1od_x1.2,B,init,5,14,23,23,79,9.0
B_k9_1od_x1.2,B,init,5,15,23,23,74,9.0
B_k9_1od_x1.2,B,init,6,1,24,22,63,4.958333333333333
B_k9_1od_x1.2,B,init,6,2,23,23,79,9.0
B_k9_1od_x1.2,B,init,6,3,23,23,78,9.0
B_k9_1od_x1.2,B,init,6,4,23,23,77,9.0
B_k9_1od_x1.2,B,init,6,5,23,23,77,9.0
B_k9_1od_x1.2,B,init,6,6,23,23,77,9.0
B_k9_1od_x1.2,B,init,6,7,23,23,77,9.0
B_k9_1od_x1.2,B,init,6,8,23,23,77,9.0
B_k9_1od_x1.2,B,init,6,9,23,23,81,9.0
B_k9_1od_x1.2,B,init,6,10,23,23,78,9.0
B_k9_1od_x1.2,B,init,6,11,23,23,79,9.0
B_k9_1od_x1.2,B,init,6,12,23,23,77,9.0
B_k9_1od_x1.2,B,init,6,13,23,23,72,9.0
B_k9_1od_x1.2,B,init,6,14,23,23,72,9.0
B_k9_1od_x1.2,B,init,6,15,23,23,75,9.0
B_k9_1od_x1.2,B,init,7,1,24,21,54,3.75
B_k9_1od_x1.2,B,init,7,2,23,23,79,9.0
B_k9_1od_x1.2,B,init,7,3,23,23,81,9.0
B_k9_1od_x1.2,B,init,7,4,23,23,77,9.0
B_k9_1od_x1.2,B,init,7,5,23,23,77,9.0
B_k9_1od_x1.2,B,init,7,6,23,23,78,9.0
B_k9_1od_x1.2,B,init,7,7,23,23,75,9.0
B_k9_1od_x1.2,B,init,7,8,23,23,76,9.0
B_k9_1od_x1.2,B,init,7,9,23,23,75,9.0
B_k9_1od_x1.2,B,init,7,10,23,23,80,9.0
B_k9_1od_x1.2,B,init,7,11,23,23,72,9.0
B_k9_1od_x1.2,B,init,7,12,23,23,74,9.0
B_k9_1od_x1.2,B,init,7,13,23,23,74,9.0
B_k9_1od_x1.2,B,init,7,14,23,23,79,9.0
B_k9_1od_x1.2,B,init,7,15,23,23,73,9.0
B_k9_1od_x1.2,B,init,8,1,24,23,57,4.375
B_k9_1od_x1.2,B,init,8,2,23,23,78,9.0
B_k9_1od_x1.2,B,init,8,3,23,23,74,9.0
B_k9_1od_x1.2,B,init,8,4,23,23,77,9.0
B_k9_1od_x1.2,B,init,8,5,23,23,77,9.0
B_k9_1od_x1.2,B,init,8,6,23,23,77,9.0
B_k9_1od_x1.2,B,init,8,7,23,23,78,9.0
B_k9_1od_x1.2,B,init,8,8,23,23,77,9.0
B_k9_1od_x1.2,B,init,8,9,23,23,76,9.0
B_k9_1od_x1.2,B,init,8,10,23,23,76,9.0
B_k9_1od_x1.2,B,init,8,11,23,23,76,9.0
B_k9_1od_x1.2,B,init,8,12,23,23,76,9.0
B_k9_1od_x1.2,B,init,8,13,23,23,77,9.0
B_k9_1od_x1.2,B,init,8,14,23,23,75,9.0
B_k9_1od_x1.2,B,init,8,15,23,23,71,9.0
B_k9_1od_x1.2,B,init,9,1,24,22,56,4.541666666666667
B_k9_1od_x1.2,B,init,9,2,23,23,79,9.0
B_k9_1od_x1.2,B,init,9,3,23,23,78,9.0
B_k9_1od_x1.2,B,init,9,4,23,23,76,9.0
B_k9_1od_x1.2,B,init,9,5,23,23,76,9.0
B_k9_1od_x1.2,B,init,9,6,23,23,77,9.0
B_k9_1od_x1.2,B,init,9,7,23,23,78,9.0
B_k9_1od_x1.2,B,init,9,8,23,23,77,9.0
B_k9_1od_x1.2,B,init,9,9,23,23,79,9.0
B_k9_1od_x1.2,B,init,9,10,23,23,80,9.0
B_k9_1od_x1.2,B,init,9,11,23,23,74,9.0
B_k9_1od_x1.2,B,init,9,12,23,23,77,9.0
B_k9_1od_x1.2,B,init,9,13,23,23,76,9.0
B_k9_1od_x1.2,B,init,9,14,23,23,73,9.0
B_k9_1od_x1.2,B,init,9,15,23,23,82,9.0
B_k9_1od_x1.2,B,mutation,0,1,24,24,71,5.625
B_k9_1od_x1.2,B,mutation,0,2,23,23,71,9.0
B_k9_1od_x1.2,B,mutation,0,3,23,23,72,9.0
B_k9_1od_x1.2,B,mutation,0,4,23,23,72,9.0
B_k9_1od_x1.2,B,mutation,0,5,23,23,70,9.0
B_k9_1od_x1.2,B,mutation,0,6,23,23,68,9.0
B_k9_1od_x1.2,B,mutation,0,7,23,23,67,9.0
B_k9_1od_x1.2,B,mutation,0,8,23,23,71,9.0
B_k9_1od_x1.2,B,mutation,0,9,23,23,73,9.0
B_k9_1od_x1.2,B,mutation,0,10,23,23,68,9.0
B_k9_1od_x1.2,B,mutation,0,11,23,23,74,9.0
B_k9_1od_x1.2,B,mutation,0,12,23,23,70,9.0
B_k9_1od_x1.2,B,mutation,0,13,23,23,72,9.0
B_k9_1od_x1.2,B,mutation,0,14,23,23,74,9.0
B_k9_1od_x1.2,B,mutation,0,15,23,23,71,9.0
B_k9_1od_x1.2,B,mutation,1,1,24,24,70,4.791666666666667
B_k9_1od_x1.2,B,mutation,1,2,23,23,74,9.0
B_k9_1od_x1.2,B,mutation,1,3,23,23,70,9.0
B_k9_1od_x1.2,B,mutation,1,4,23,23,67,9.0
B_k9_1od_x1.2,B,mutation,1,5,23,23,70,9.0
B_k9_1od_x1.2,B,mutation,1,6,23,23,66,9.0
B_k9_1od_x1.2,B,mutation,1,7,23,23,70,9.0
B_k9_1od_x1.2,B,mutation,1,8,23,23,71,9.0
B_k9_1od_x1.2,B,mutation,1,9,23,23,70,9.0
B_k9_1od_x1.2,B,mutation,1,10,23,23,72,9.0
B_k9_1od_x1.2,B,mutation,1,11,23,23,68,9.0
B_k9_1od_x1.2,B,mutation,1,12,23,23,68,9.0
B_k9_1od_x1.2,B,mutation,1,13,23,23,70,9.0
B_k9_1od_x1.2,B,mutation,1,14,23,23,66,9.0
B_k9_1od_x1.2,B,mutation,1,15,23,23,71,9.0
B_k9_1od_x1.2,B,mutation,2,1,24,24,64,4.375
B_k9_1od_x1.2,B,mutation,2,2,23,23,73,9.0
B_k9_1od_x1.2,B,mutation,2,3,23,23,72,9.0
B_k9_1od_x1.2,B,mutation,2,4,23,23,73,9.0
B_k9_1od_x1.2,B,mutation,2,5,23,23,72,9.0
B_k9_1od_x1.2,B,mutation,2,6,23,23,70,9.0
B_k9_1od_x1.2,B,mutation,2,7,23,23,73,9.0
B_k9_1od_x1.2,B,mutation,2,8,23,23,68,9.0
B_k9_1od_x1.2,B,mutation,2,9,23,23,66,9.0
B_k9_1od_x1.2,B,mutation,2,10,23,23,68,9.0
B_k9_1od_x1.2,B,mutation,2,11,23,23,71,9.0
B_k9_1od_x1.2,B,mutation,2,12,23,23,72,9.0
B_k9_1od_x1.2,B,mutation,2,13,23,23,73,9.0
B_k9_1od_x1.2,B,mutation,2,14,23,23,71,9.0
B_k9_1od_x1.2,B,mutation,2,15,23,23,72,9.0
B_k9_1od_x1.2,B,mutation,3,1,24,24,65,4.083333333333333
B_k9_1od_x1.2,B,mutation,3,2,23,23,68,9.0
B_k9_1od_x1.2,B,mutation,3,3,23,23,70,9.0
B_k9_1od_x1.2,B,mutation,3,4,23,23,70,9.0
B_k9_1od_x1.2,B,mutation,3,5,23,23,67,9.0
B_k9_1od_x1.2,B,mutation,3,6,23,23,73,9.0
B_k9_1od_x1.2,B,mutation,3,7,23,23,71,9.0
B_k9_1od_x1.2,B,mutation,3,8,23,23,68,9.0
B_k9_1od_x1.2,B,mutation,3,9,23,23,66,9.0
B_k9_1od_x1.2,B,mutation,3,10,23,23,72,9.0
B_k9_1od_x1.2,B,mutation,3,11,23,23,68,9.0
B_k9_1od_x1.2,B,mutation,3,12,23,23,66,9.0
B_k9_1od_x1.2,B,mutation,3,13,23,23,72,9.0
B_k9_1od_x1.2,B,mutation,3,14,23,23,70,9.0
B_k9_1od_x1.2,B,mutation,3,15,23,23,69,9.0
B_k9_1od_x1.2,B,mutation,4,1,24,24,53,3.875
B_k9_1od_x1.2,B,mutation,4,2,23,23,75,9.0
B_k9_1od_x1.2,B,mutation,4,3,23,23,76,9.0
B_k9_1od_x1.2,B,mutation,4,4,23,23,75,9.0
B_k9_1od_x1.2,B,mutation,4,5,23,23,73,9.0
B_k9_1od_x1.2,B,mutation,4,6,23,23,64,9.0
B_k9_1od_x1.2,B,mutation,4,7,23,23,72,9.0
B_k9_1od_x1.2,B,mutation,4,8,23,23,71,9.0
B_k9_1od_x1.2,B,mutation,4,9,23,23,71,9.0
B_k9_1od_x1.2,B,mutation,4,10,23,23,72,9.0
B_k9_1od_x1.2,B,mutation,4,11,23,23,71,9.0
B_k9_1od_x1.2,B,mutation,4,12,23,23,69,9.0
B_k9_1od_x1.2,B,mutation,4,13,23,23,70,9.0
B_k9_1od_x1.2,B,mutation,4,14,23,23,70,9.0
B_k9_1od_x1.2,B,mutation,4,15,23,23,70,9.0
B_k9_1od_x1.2,B,mutation,5,1,24,24,66,4.583333333333333
B_k9_1od_x1.2,B,mutation,5,2,23,23,74,9.0
B_k9_1od_x1.2,B,mutation,5,3,23,23,77,9.0
B_k9_1od_x1.2,B,mutation,5,4,23,23,70,9.0
B_k9_1od_x1.2,B,mutation,5,5,23,23,76,9.0
B_k9_1od_x1.2,B,mutation,5,6,23,23,70,9.0
B_k9_1od_x1.2,B,mutation,5,7,23,23,71,9.0
B_k9_1od_x1.2,B,mutation,5,8,23,23,72,9.0
B_k9_1od_x1.2,B,mutation,5,9,23,23,69,9.0
B_k9_1od_x1.2,B,mutation,5,10,23,23,74,9.0
B_k9_1od_x1.2,B,mutation,5,11,23,23,70,9.0
B_k9_1od_x1.2,B,mutation,5,12,23,23,75,9.0
B_k9_1od_x1.2,B,mutation,5,13,23,23,72,9.0
B_k9_1od_x1.2,B,mutation,5,14,23,23,70,9.0
B_k9_1od_x1.2,B,mutation,5,15,23,23,63,9.0
B_k9_1od_x1.2,B,mutation,6,1,24,24,64,5.041666666666667
B_k9_1od_x1.2,B,mutation,6,2,23,23,75,9.0
B_k9_1od_x1.2,B,mutation,6,3,23,23,76,9.0
B_k9_1od_x1.2,B,mutation,6,4,23,23,75,9.0
B_k9_1od_x1.2,B,mutation,6,5,23,23,71,9.0
B_k9_1od_x1.2,B,mutation,6,6,23,23,73,9.0
B_k9_1od_x1.2,B,mutation,6,7,23,23,68,9.0
B_k9_1od_x1.2,B,mutation,6,8,23,23,70,9.0
B_k9_1od_x1.2,B,mutation,6,9,23,23,73,9.0
B_k9_1od_x1.2,B,mutation,6,10,23,23,66,9.0
B_k9_1od_x1.2,B,mutation,6,11,23,23,68,9.0
B_k9_1od_x1.2,B,mutation,6,12,23,23,69,9.0
B_k9_1od_x1.2,B,mutation,6,13,23,23,73,9.0
B_k9_1od_x1.2,B,mutation,6,14,23,23,70,9.0
B_k9_1od_x1.2,B,mutation,6,15,23,23,73,9.0
B_k9_1od_x1.2,B,mutation,7,1,24,24,67,5.166666666666667
B_k9_1od_x1.2,B,mutation,7,2,23,23,73,9.0
B_k9_1od_x1.2,B,mutation,7,3,23,23,72,9.0
B_k9_1od_x1.2,B,mutation,7,4,23,23,67,9.0
B_k9_1od_x1.2,B,mutation,7,5,23,23,70,9.0
B_k9_1od_x1.2,B,mutation,7,6,23,23,69,9.0
B_k9_1od_x1.2,B,mutation,7,7,23,23,72,9.0
B_k9_1od_x1.2,B,mutation,7,8,23,23,61,9.0
B_k9_1od_x1.2,B,mutation,7,9,23,23,69,9.0
B_k9_1od_x1.2,B,mutation,7,10,23,23,75,9.0
B_k9_1od_x1.2,B,mutation,7,11,23,23,76,9.0
B_k9_1od_x1.2,B,mutation,7,12,23,23,72,9.0
B_k9_1od_x1.2,B,mutation,7,13,23,23,72,9.0
B_k9_1od_x1.2,B,mutation,7,14,23,23,69,9.0
B_k9_1od_x1.2,B,mutation,7,15,23,23,72,9.0
B_k9_1od_x1.2,B,mutation,8,1,24,24,59,4.208333333333333
B_k9_1od_x1.2,B,mutation,8,2,23,23,70,9.0
B_k9_1od_x1.2,B,mutation,8,3,23,23,68,9.0
B_k9_1od_x1.2,B,mutation,8,4,23,23,74,9.0
B_k9_1od_x1.2,B,mutation,8,5,23,23,69,9.0
B_k9_1od_x1.2,B,mutation,8,6,23,23,76,9.0
B_k9_1od_x1.2,B,mutation,8,7,23,23,68,9.0
B_k9_1od_x1.2,B,mutation,8,8,23,23,75,9.0
B_k9_1od_x1.2,B,mutation,8,9,23,23,63,9.0
B_k9_1od_x1.2,B,mutation,8,10,23,23,66,9.0
B_k9_1od_x1.2,B,mutation,8,11,23,23,70,9.0
B_k9_1od_x1.2,B,mutation,8,12,23,23,68,9.0
B_k9_1od_x1.2,B,mutation,8,13,23,23,71,9.0
B_k9_1od_x1.2,B,mutation,8,14,23,23,69,9.0
B_k9_1od_x1.2,B,mutation,8,15,23,23,71,9.0
B_k9_1od_x1.2,B,mutation,9,1,24,24,69,4.916666666666667
B_k9_1od_x1.2,B,mutation,9,2,23,23,75,9.0
B_k9_1od_x1.2,B,mutation,9,3,23,23,73,9.0
B_k9_1od_x1.2,B,mutation,9,4,23,23,66,9.0
B_k9_1od_x1.2,B,mutation,9,5,23,23,66,9.0
B_k9_1od_x1.2,B,mutation,9,6,23,23,72,9.0
B_k9_1od_x1.2,B,mutation,9,7,23,23,69,9.0
B_k9_1od_x1.2,B,mutation,9,8,23,23,71,9.0
B_k9_1od_x1.2,B,mutation,9,9,23,23,72,9.0
B_k9_1od_x1.2,B,mutation,9,10,23,23,71,9.0
B_k9_1od_x1.2,B,mutation,9,11,23,23,64,9.0
B_k9_1od_x1.2,B,mutation,9,12,23,23,64,9.0
B_k9_1od_x1.2,B,mutation,9,13,23,23,69,9.0
B_k9_1od_x1.2,B,mutation,9,14,23,23,71,9.0
B_k9_1od_x1.2,B,mutation,9,15,23,23,71,9.0
B_k9_1od_x1.2,B,none,0,1,24,24,71,5.625
B_k9_1od_x1.2,B,none,0,2,23,23,78,9.0
B_k9_1od_x1.2,B,none,0,3,23,23,78,9.0
B_k9_1od_x1.2,B,none,0,4,23,23,84,9.0
B_k9_1od_x1.2,B,none,0,5,23,23,80,9.0
B_k9_1od_x1.2,B,none,0,6,23,23,79,9.0
B_k9_1od_x1.2,B,none,0,7,23,23,76,9.0
B_k9_1od_x1.2,B,none,0,8,23,23,75,9.0
B_k9_1od_x1.2,B,none,0,9,23,23,83,9.0
B_k9_1od_x1.2,B,none,0,10,23,23,78,9.0
B_k9_1od_x1.2,B,none,0,11,23,23,82,9.0
B_k9_1od_x1.2,B,none,0,12,23,23,81,9.0
B_k9_1od_x1.2,B,none,0,13,23,23,70,9.0
B_k9_1od_x1.2,B,none,0,14,23,23,76,9.0
B_k9_1od_x1.2,B,none,0,15,23,23,74,9.0
B_k9_1od_x1.2,B,none,1,1,24,24,70,4.791666666666667
B_k9_1od_x1.2,B,none,1,2,23,23,78,9.0
B_k9_1od_x1.2,B,none,1,3,23,23,75,9.0
B_k9_1od_x1.2,B,none,1,4,23,23,75,9.0
B_k9_1od_x1.2,B,none,1,5,23,23,78,9.0
B_k9_1od_x1.2,B,none,1,6,23,23,80,9.0
B_k9_1od_x1.2,B,none,1,7,23,23,80,9.0
B_k9_1od_x1.2,B,none,1,8,23,23,77,9.0
B_k9_1od_x1.2,B,none,1,9,23,23,71,9.0
B_k9_1od_x1.2,B,none,1,10,23,23,78,9.0
B_k9_1od_x1.2,B,none,1,11,23,23,78,9.0
B_k9_1od_x1.2,B,none,1,12,23,23,81,9.0
B_k9_1od_x1.2,B,none,1,13,23,23,81,9.0
B_k9_1od_x1.2,B,none,1,14,23,23,77,9.0
B_k9_1od_x1.2,B,none,1,15,23,23,79,9.0
B_k9_1od_x1.2,B,none,2,1,24,24,64,4.375
B_k9_1od_x1.2,B,none,2,2,23,23,77,9.0
B_k9_1od_x1.2,B,none,2,3,23,23,77,9.0
B_k9_1od_x1.2,B,none,2,4,23,23,82,9.0
B_k9_1od_x1.2,B,none,2,5,23,23,75,9.0
B_k9_1od_x1.2,B,none,2,6,23,23,73,9.0
B_k9_1od_x1.2,B,none,2,7,23,23,78,9.0
B_k9_1od_x1.2,B,none,2,8,23,23,84,9.0
B_k9_1od_x1.2,B,none,2,9,23,23,81,9.0
B_k9_1od_x1.2,B,none,2,10,23,23,83,9.0
B_k9_1od_x1.2,B,none,2,11,23,23,74,9.0
B_k9_1od_x1.2,B,none,2,12,23,23,79,9.0
B_k9_1od_x1.2,B,none,2,13,23,23,78,9.0
B_k9_1od_x1.2,B,none,2,14,23,23,78,9.0
B_k9_1od_x1.2,B,none,2,15,23,23,81,9.0
B_k9_1od_x1.2,B,none,3,1,24,24,65,4.083333333333333
B_k9_1od_x1.2,B,none,3,2,23,23,81,9.0
B_k9_1od_x1.2,B,none,3,3,23,23,77,9.0
B_k9_1od_x1.2,B,none,3,4,23,23,70,9.0
B_k9_1od_x1.2,B,none,3,5,23,23,76,9.0
B_k9_1od_x1.2,B,none,3,6,23,23,72,9.0
B_k9_1od_x1.2,B,none,3,7,23,23,81,9.0
B_k9_1od_x1.2,B,none,3,8,23,23,79,9.0
B_k9_1od_x1.2,B,none,3,9,23,23,79,9.0
B_k9_1od_x1.2,B,none,3,10,23,23,75,9.0
B_k9_1od_x1.2,B,none,3,11,23,23,76,9.0
B_k9_1od_x1.2,B,none,3,12,23,23,79,9.0
B_k9_1od_x1.2,B,none,3,13,23,23,78,9.0
B_k9_1od_x1.2,B,none,3,14,23,23,73,9.0
B_k9_1od_x1.2,B,none,3,15,23,23,77,9.0
B_k9_1od_x1.2,B,none,4,1,24,24,53,3.875
B_k9_1od_x1.2,B,none,4,2,23,23,81,9.0
B_k9_1od_x1.2,B,none,4,3,23,23,79,9.0
B_k9_1od_x1.2,B,none,4,4,23,23,78,9.0
B_k9_1od_x1.2,B,none,4,5,23,23,75,9.0
B_k9_1od_x1.2,B,none,4,6,23,23,81,9.0
B_k9_1od_x1.2,B,none,4,7,23,23,78,9.0
B_k9_1od_x1.2,B,none,4,8,23,23,78,9.0
B_k9_1od_x1.2,B,none,4,9,23,23,83,9.0
B_k9_1od_x1.2,B,none,4,10,23,23,78,9.0
B_k9_1od_x1.2,B,none,4,11,23,23,77,9.0
B_k9_1od_x1.2,B,none,4,12,23,23,77,9.0
B_k9_1od_x1.2,B,none,4,13,23,23,78,9.0
B_k9_1od_x1.2,B,none,4,14,23,23,71,9.0
B_k9_1od_x1.2,B,none,4,15,23,23,78,9.0
B_k9_1od_x1.2,B,none,5,1,24,24,66,4.583333333333333
B_k9_1od_x1.2,B,none,5,2,23,23,81,9.0
B_k9_1od_x1.2,B,none,5,3,23,23,78,9.0
B_k9_1od_x1.2,B,none,5,4,23,23,77,9.0
B_k9_1od_x1.2,B,none,5,5,23,23,72,9.0
B_k9_1od_x1.2,B,none,5,6,23,23,76,9.0
B_k9_1od_x1.2,B,none,5,7,23,23,78,9.0
B_k9_1od_x1.2,B,none,5,8,23,23,74,9.0
B_k9_1od_x1.2,B,none,5,9,23,23,73,9.0
B_k9_1od_x1.2,B,none,5,10,23,23,74,9.0
B_k9_1od_x1.2,B,none,5,11,23,23,73,9.0
B_k9_1od_x1.2,B,none,5,12,23,23,77,9.0
B_k9_1od_x1.2,B,none,5,13,23,23,81,9.0
B_k9_1od_x1.2,B,none,5,14,23,23,78,9.0
B_k9_1od_x1.2,B,none,5,15,23,23,76,9.0
B_k9_1od_x1.2,B,none,6,1,24,24,64,5.041666666666667
B_k9_1od_x1.2,B,none,6,2,23,23,78,9.0
B_k9_1od_x1.2,B,none,6,3,23,23,78,9.0
B_k9_1od_x1.2,B,none,6,4,23,23,76,9.0
B_k9_1od_x1.2,B,none,6,5,23,23,75,9.0
B_k9_1od_x1.2,B,none,6,6,23,23,79,9.0
B_k9_1od_x1.2,B,none,6,7,23,23,80,9.0
B_k9_1od_x1.2,B,none,6,8,23,23,79,9.0
B_k9_1od_x1.2,B,none,6,9,23,23,72,9.0
B_k9_1od_x1.2,B,none,6,10,23,23,78,9.0
B_k9_1od_x1.2,B,none,6,11,23,23,80,9.0
B_k9_1od_x1.2,B,none,6,12,23,23,80,9.0
B_k9_1od_x1.2,B,none,6,13,23,23,79,9.0
B_k9_1od_x1.2,B,none,6,14,23,23,70,9.0
B_k9_1od_x1.2,B,none,6,15,23,23,73,9.0
B_k9_1od_x1.2,B,none,7,1,24,24,67,5.166666666666667
B_k9_1od_x1.2,B,none,7,2,23,23,77,9.0
B_k9_1od_x1.2,B,none,7,3,23,23,81,9.0
B_k9_1od_x1.2,B,none,7,4,23,23,82,9.0
B_k9_1od_x1.2,B,none,7,5,23,23,78,9.0
B_k9_1od_x1.2,B,none,7,6,23,23,80,9.0
B_k9_1od_x1.2,B,none,7,7,23,23,80,9.0
B_k9_1od_x1.2,B,none,7,8,23,23,75,9.0
B_k9_1od_x1.2,B,none,7,9,23,23,79,9.0
B_k9_1od_x1.2,B,none,7,10,23,23,76,9.0
B_k9_1od_x1.2,B,none,7,11,23,23,76,9.0
B_k9_1od_x1.2,B,none,7,12,23,23,75,9.0
B_k9_1od_x1.2,B,none,7,13,23,23,73,9.0
B_k9_1od_x1.2,B,none,7,14,23,23,75,9.0
B_k9_1od_x1.2,B,none,7,15,23,23,77,9.0
B_k9_1od_x1.2,B,none,8,1,24,24,59,4.208333333333333
B_k9_1od_x1.2,B,none,8,2,23,23,77,9.0
B_k9_1od_x1.2,B,none,8,3,23,23,76,9.0
B_k9_1od_x1.2,B,none,8,4,23,23,77,9.0
B_k9_1od_x1.2,B,none,8,5,23,23,76,9.0
B_k9_1od_x1.2,B,none,8,6,23,23,73,9.0
B_k9_1od_x1.2,B,none,8,7,23,23,75,9.0
B_k9_1od_x1.2,B,none,8,8,23,23,72,9.0
B_k9_1od_x1.2,B,none,8,9,23,23,77,9.0
B_k9_1od_x1.2,B,none,8,10,23,23,76,9.0
B_k9_1od_x1.2,B,none,8,11,23,23,74,9.0
B_k9_1od_x1.2,B,none,8,12,23,23,74,9.0
B_k9_1od_x1.2,B,none,8,13,23,23,80,9.0
B_k9_1od_x1.2,B,none,8,14,23,23,79,9.0
B_k9_1od_x1.2,B,none,8,15,23,23,78,9.0
B_k9_1od_x1.2,B,none,9,1,24,24,69,4.916666666666667
B_k9_1od_x1.2,B,none,9,2,23,23,76,9.0
B_k9_1od_x1.2,B,none,9,3,23,23,75,9.0
B_k9_1od_x1.2,B,none,9,4,23,23,78,9.0
B_k9_1od_x1.2,B,none,9,5,23,23,79,9.0
B_k9_1od_x1.2,B,none,9,6,23,23,72,9.0
B_k9_1od_x1.2,B,none,9,7,23,23,79,9.0
B_k9_1od_x1.2,B,none,9,8,23,23,74,9.0
B_k9_1od_x1.2,B,none,9,9,23,23,77,9.0
B_k9_1od_x1.2,B,none,9,10,23,23,81,9.0
B_k9_1od_x1.2,B,none,9,11,23,23,76,9.0
B_k9_1od_x1.2,B,none,9,12,23,23,80,9.0
B_k9_1od_x1.2,B,none,9,13,23,23,73,9.0
B_k9_1od_x1.2,B,none,9,14,23,23,79,9.0
B_k9_1od_x1.2,B,none,9,15,23,23,77,9.0
B_k9_2od_x0.8,B,both,0,1,24,24,59,4.958333333333333
B_k9_2od_x0.8,B,both,0,2,23,23,67,9.0
B_k9_2od_x0.8,B,both,0,3,23,23,64,9.0
B_k9_2od_x0.8,B,both,0,4,23,23,65,9.0
B_k9_2od_x0.8,B,both,0,5,23,23,68,9.0
B_k9_2od_x0.8,B,both,0,6,23,23,62,9.0
B_k9_2od_x0.8,B,both,0,7,23,23,64,9.0
B_k9_2od_x0.8,B,both,0,8,23,23,67,9.0
B_k9_2od_x0.8,B,both,0,9,23,23,66,9.0
B_k9_2od_x0.8,B,both,0,10,23,23,69,9.0
B_k9_2od_x0.8,B,both,0,11,23,23,64,9.0
B_k9_2od_x0.8,B,both,0,12,23,23,64,9.0
B_k9_2od_x0.8,B,both,0,13,23,23,66,9.0
B_k9_2od_x0.8,B,both,0,14,23,23,64,9.0
B_k9_2od_x0.8,B,both,0,15,23,23,68,9.0
B_k9_2od_x0.8,B,both,1,1,24,21,45,4.375
B_k9_2od_x0.8,B,both,1,2,23,23,74,9.0
B_k9_2od_x0.8,B,both,1,3,23,23,64,9.0
B_k9_2od_x0.8,B,both,1,4,23,23,64,9.0
B_k9_2od_x0.8,B,both,1,5,23,23,68,9.0
B_k9_2od_x0.8,B,both,1,6,23,23,70,9.0
B_k9_2od_x0.8,B,both,1,7,23,23,67,9.0
B_k9_2od_x0.8,B,both,1,8,23,23,66,9.0
B_k9_2od_x0.8,B,both,1,9,23,23,61,9.0
B_k9_2od_x0.8,B,both,1,10,23,23,66,9.0
B_k9_2od_x0.8,B,both,1,11,23,23,68,9.0
B_k9_2od_x0.8,B,both,1,12,23,23,68,9.0
B_k9_2od_x0.8,B,both,1,13,23,23,66,9.0
B_k9_2od_x0.8,B,both,1,14,23,23,62,9.0
B_k9_2od_x0.8,B,both,1,15,23,23,71,9.0
B_k9_2od_x0.8,B,both,2,1,24,21,49,4.416666666666667
B_k9_2od_x0.8,B,both,2,2,23,23,59,9.0
B_k9_2od_x0.8,B,both,2,3,23,23,57,9.0
B_k9_2od_x0.8,B,both,2,4,23,23,70,9.0
B_k9_2od_x0.8,B,both,2,5,23,23,61,9.0
B_k9_2od_x0.8,B,both,2,6,23,23,65,9.0
B_k9_2od_x0.8,B,both,2,7,23,23,70,9.0
B_k9_2od_x0.8,B,both,2,8,23,23,64,9.0
B_k9_2od_x0.8,B,both,2,9,23,23,66,9.0
B_k9_2od_x0.8,B,both,2,10,23,23,67,9.0
B_k9_2od_x0.8,B,both,2,11,23,23,72,9.0
B_k9_2od_x0.8,B,both,2,12,23,23,62,9.0
B_k9_2od_x0.8,B,both,2,13,23,23,67,9.0
B_k9_2od_x0.8,B,both,2,14,23,23,65,9.0
B_k9_2od_x0.8,B,both,2,15,23,23,69,9.0
B_k9_2od_x0.8,B,both,3,1,24,24,57,5.416666666666667
B_k9_2od_x0.8,B,both,3,2,23,23,71,9.0
B_k9_2od_x0.8,B,both,3,3,23,23,65,9.0
B_k9_2od_x0.8,B,both,3,4,23,23,66,9.0
B_k9_2od_x0.8,B,both,3,5,23,23,71,9.0
B_k9_2od_x0.8,B,both,3,6,23,23,65,9.0
B_k9_2od_x0.8,B,both,3,7,23,23,68,9.0
B_k9_2od_x0.8,B,both,3,8,23,23,70,9.0
B_k9_2od_x0.8,B,both,3,9,23,23,77,9.0
B_k9_2od_x0.8,B,both,3,10,23,23,66,9.0
B_k9_2od_x0.8,B,both,3,11,23,23,64,9.0
B_k9_2od_x0.8,B,both,3,12,23,23,70,9.0
B_k9_2od_x0.8,B,both,3,13,23,23,65,9.0
B_k9_2od_x0.8,B,both,3,14,23,23,71,9.0
B_k9_2od_x0.8,B,both,3,15,23,23,68,9.0
B_k9_2od_x0.8,B,both,4,1,24,22,45,3.5416666666666665
B_k9_2od_x0.8,B,both,4,2,23,23,69,9.0
B_k9_2od_x0.8,B,both,4,3,23,23,71,9.0
B_k9_2od_x0.8,B,both,4,4,23,23,67,9.0
B_k9_2od_x0.8,B,both,4,5,23,23,71,9.0
B_k9_2od_x0.8,B,both,4,6,23,23,68,9.0
B_k9_2od_x0.8,B,both,4,7,23,23,66,9.0
B_k9_2od_x0.8,B,both,4,8,23,23,65,9.0
B_k9_2od_x0.8,B,both,4,9,23,23,63,9.0
B_k9_2od_x0.8,B,both,4,10,23,23,71,9.0
B_k9_2od_x0.8,B,both,4,11,23,23,68,9.0
B_k9_2od_x0.8,B,both,4,12,23,23,70,9.0
B_k9_2od_x0.8,B,both,4,13,23,23,70,9.0
B_k9_2od_x0.8,B,both,4,14,23,23,64,9.0
B_k9_2od_x0.8,B,both,4,15,23,23,63,9.0
B_k9_2od_x0.8,B,both,5,1,24,22,51,4.25
B_k9_2od_x0.8,B,both,5,2,23,23,64,9.0
B_k9_2od_x0.8,B,both,5,3,23,23,70,9.0
B_k9_2od_x0.8,B,both,5,4,23,23,69,9.0
B_k9_2od_x0.8,B,both,5,5,23,23,66,9.0
B_k9_2od_x0.8,B,both,5,6,23,23,62,9.0
B_k9_2od_x0.8,B,both,5,7,23,23,66,9.0
B_k9_2od_x0.8,B,both,5,8,23,23,72,9.0
B_k9_2od_x0.8,B,both,5,9,23,23,66,9.0
B_k9_2od_x0.8,B,both,5,10,23,23,69,9.0
B_k9_2od_x0.8,B,both,5,11,23,23,68,9.0
B_k9_2od_x0.8,B,both,5,12,23,23,65,9.0
B_k9_2od_x0.8,B,both,5,13,23,23,67,9.0
B_k9_2od_x0.8,B,both,5,14,23,23,67,9.0
B_k9_2od_x0.8,B,both,5,15,23,23,63,9.0
B_k9_2od_x0.8,B,both,6,1,24,22,58,4.958333333333333
B_k9_2od_x0.8,B,both,6,2,23,23,62,9.0
B_k9_2od_x0.8,B,both,6,3,23,23,65,9.0
B_k9_2od_x0.8,B,both,6,4,23,23,69,9.0
B_k9_2od_x0.8,B,both,6,5,23,23,70,9.0
B_k9_2od_x0.8,B,both,6,6,23,23,68,9.0
B_k9_2od_x0.8,B,both,6,7,23,23,69,9.0
B_k9_2od_x0.8,B,both,6,8,23,23,64,9.0
B_k9_2od_x0.8,B,both,6,9,23,23,68,9.0
B_k9_2od_x0.8,B,both,6,10,23,23,61,9.0
B_k9_2od_x0.8,B,both,6,11,23,23,63,9.0
B_k9_2od_x0.8,B,both,6,12,23,23,69,9.0
B_k9_2od_x0.8,B,both,6,13,23,23,60,9.0
B_k9_2od_x0.8,B,both,6,14,23,23,69,9.0
B_k9_2od_x0.8,B,both,6,15,23,23,72,9.0
B_k9_2od_x0.8,B,both,7,1,24,21,43,3.75
B_k9_2od_x0.8,B,both,7,2,23,23,68,9.0
B_k9_2od_x0.8,B,both,7,3,23,23,66,9.0
B_k9_2od_x0.8,B,both,7,4,23,23,66,9.0
B_k9_2od_x0.8,B,both,7,5,23,23,61,9.0
B_k9_2od_x0.8,B,both,7,6,23,23,66,9.0
B_k9_2od_x0.8,B,both,7,7,23,23,63,9.0
B_k9_2od_x0.8,B,both,7,8,23,23,68,9.0
B_k9_2od_x0.8,B,both,7,9,23,23,63,9.0
B_k9_2od_x0.8,B,both,7,10,23,23,66,9.0
B_k9_2od_x0.8,B,both,7,11,23,23,67,9.0
B_k9_2od_x0.8,B,both,7,12,23,23,61,9.0
B_k9_2od_x0.8,B,both,7,13,23,23,69,9.0
B_k9_2od_x0.8,B,both,7,14,23,23,68,9.0
B_k9_2od_x0.8,B,both,7,15,23,23,68,9.0
B_k9_2od_x0.8,B,both,8,1,24,23,54,4.375
B_k9_2od_x0.8,B,both,8,2,23,23,72,9.0
B_k9_2od_x0.8,B,both,8,3,23,23,72,9.0
B_k9_2od_x0.8,B,both,8,4,23,23,68,9.0
B_k9_2od_x0.8,B,both,8,5,23,23,72,9.0
B_k9_2od_x0.8,B,both,8,6,23,23,70,9.0
B_k9_2od_x0.8,B,both,8,7,23,23,71,9.0
B_k9_2od_x0.8,B,both,8,8,23,23,68,9.0
B_k9_2od_x0.8,B,both,8,9,23,23,72,9.0
B_k9_2od_x0.8,B,both,8,10,23,23,66,9.0
B_k9_2od_x0.8,B,both,8,11,23,23,67,9.0
B_k9_2od_x0.8,B,both,8,12,23,23,67,9.0
B_k9_2od_x0.8,B,both,8,13,23,23,63,9.0
B_k9_2od_x0.8,B,both,8,14,23,23,70,9.0
B_k9_2od_x0.8,B,both,8,15,23,23,68,9.0
B_k9_2od_x0.8,B,both,9,1,24,22,52,4.541666666666667
B_k9_2od_x0.8,B,both,9,2,23,23,68,9.0
B_k9_2od_x0.8,B,both,9,3,23,23,68,9.0
B_k9_2od_x0.8,B,both,9,4,23,23,69,9.0
B_k9_2od_x0.8,B,both,9,5,23,23,65,9.0
B_k9_2od_x0.8,B,both,9,6,23,23,66,9.0
B_k9_2od_x0.8,B,both,9,7,23,23,66,9.0
B_k9_2od_x0.8,B,both,9,8,23,23,68,9.0
B_k9_2od_x0.8,B,both,9,9,23,23,62,9.0
B_k9_2od_x0.8,B,both,9,10,23,23,70,9.0
B_k9_2od_x0.8,B,both,9,11,23,23,68,9.0
B_k9_2od_x0.8,B,both,9,12,23,23,68,9.0
B_k9_2od_x0.8,B,both,9,13,23,23,62,9.0
B_k9_2od_x0.8,B,both,9,14,23,23,67,9.0
B_k9_2od_x0.8,B,both,9,15,23,23,65,9.0
B_k9_2od_x0.8,B,init,0,1,24,24,59,4.958333333333333
B_k9_2od_x0.8,B,init,0,2,23,23,79,9.0
B_k9_2od_x0.8,B,init,0,3,23,23,82,9.0
B_k9_2od_x0.8,B,init,0,4,23,23,78,9.0
B_k9_2od_x0.8,B,init,0,5,23,23,78,9.0
B_k9_2od_x0.8,B,init,0,6,23,23,77,9.0
B_k9_2od_x0.8,B,init,0,7,23,23,80,9.0
B_k9_2od_x0.8,B,init,0,8,23,23,78,9.0
B_k9_2od_x0.8,B,init,0,9,23,23,77,9.0
B_k9_2od_x0.8,B,init,0,10,23,23,73,9.0
B_k9_2od_x0.8,B,init,0,11,23,23,75,9.0
B_k9_2od_x0.8,B,init,0,12,23,23,71,9.0
B_k9_2od_x0.8,B,init,0,13,23,23,81,9.0
B_k9_2od_x0.8,B,init,0,14,23,23,74,9.0
B_k9_2od_x0.8,B,init,0,15,23,23,73,9.0
B_k9_2od_x0.8,B,init,1,1,24,21,45,4.375
B_k9_2od_x0.8,B,init,1,2,23,23,76,9.0
B_k9_2od_x0.8,B,init,1,3,23,23,78,9.0
B_k9_2od_x0.8,B,init,1,4,23,23,75,9.0
B_k9_2od_x0.8,B,init,1,5,23,23,76,9.0
B_k9_2od_x0.8,B,init,1,6,23,23,77,9.0
B_k9_2od_x0.8,B,init,1,7,23,23,73,9.0
B_k9_2od_x0.8,B,init,1,8,23,23,75,9.0
B_k9_2od_x0.8,B,init,1,9,23,23,74,9.0
B_k9_2od_x0.8,B,init,1,10,23,23,77,9.0
B_k9_2od_x0.8,B,init,1,11,23,23,77,9.0
B_k9_2od_x0.8,B,init,1,12,23,23,76,9.0
B_k9_2od_x0.8,B,init,1,13,23,23,77,9.0
B_k9_2od_x0.8,B,init,1,14,23,23,79,9.0
B_k9_2od_x0.8,B,init,1,15,23,23,80,9.0
B_k9_2od_x0.8,B,init,2,1,24,21,49,4.416666666666667
B_k9_2od_x0.8,B,init,2,2,23,23,78,9.0
B_k9_2od_x0.8,B,init,2,3,23,23,82,9.0
B_k9_2od_x0.8,B,init,2,4,23,23,76,9.0
B_k9_2od_x0.8,B,init,2,5,23,23,74,9.0
B_k9_2od_x0.8,B,init,2,6,23,23,75,9.0
B_k9_2od_x0.8,B,init,2,7,23,23,75,9.0
B_k9_2od_x0.8,B,init,2,8,23,23,70,9.0
B_k9_2od_x0.8,B,init,2,9,23,23,72,9.0
B_k9_2od_x0.8,B,init,2,10,23,23,80,9.0
B_k9_2od_x0.8,B,init,2,11,23,23,75,9.0
B_k9_2od_x0.8,B,init,2,12,23,23,79,9.0
B_k9_2od_x0.8,B,init,2,13,23,23,80,9.0
B_k9_2od_x0.8,B,init,2,14,23,23,73,9.0
B_k9_2od_x0.8,B,init,2,15,23,23,77,9.0
B_k9_2od_x0.8,B,init,3,1,24,24,57,5.416666666666667
B_k9_2od_x0.8,B,init,3,2,23,23,77,9.0
B_k9_2od_x0.8,B,init,3,3,23,23,74,9.0
B_k9_2od_x0.8,B,init,3,4,23,23,75,9.0
B_k9_2od_x0.8,B,init,3,5,23,23,78,9.0
B_k9_2od_x0.8,B,init,3,6,23,23,79,9.0
B_k9_2od_x0.8,B,init,3,7,23,23,77,9.0
B_k9_2od_x0.8,B,init,3,8,23,23,74,9.0
B_k9_2od_x0.8,B,init,3,9,23,23,74,9.0
B_k9_2od_x0.8,B,init,3,10,23,23,76,9.0
B_k9_2od_x0.8,B,init,3,11,23,23,76,9.0
B_k9_2od_x0.8,B,init,3,12,23,23,76,9.0
B_k9_2od_x0.8,B,init,3,13,23,23,76,9.0
B_k9_2od_x0.8,B,init,3,14,23,23,73,9.0
B_k9_2od_x0.8,B,init,3,15,23,23,76,9.0
B_k9_2od_x0.8,B,init,4,1,24,22,45,3.5416666666666665
B_k9_2od_x0.8,B,init,4,2,23,23,77,9.0
B_k9_2od_x0.8,B,init,4,3,23,23,76,9.0
B_k9_2od_x0.8,B,init,4,4,23,23,77,9.0
B_k9_2od_x0.8,B,init,4,5,23,23,77,9.0
B_k9_2od_x0.8,B,init,4,6,23,23,77,9.0
B_k9_2od_x0.8,B,init,4,7,23,23,78,9.0
B_k9_2od_x0.8,B,init,4,8,23,23,74,9.0
B_k9_2od_x0.8,B,init,4,9,23,23,77,9.0
B_k9_2od_x0.8,B,init,4,10,23,23,75,9.0
B_k9_2od_x0.8,B,init,4,11,23,23,76,9.0
B_k9_2od_x0.8,B,init,4,12,23,23,73,9.0
B_k9_2od_x0.8,B,init,4,13,23,23,76,9.0
B_k9_2od_x0.8,B,init,4,14,23,23,76,9.0
B_k9_2od_x0.8,B,init,4,15,23,23,70,9.0
B_k9_2od_x0.8,B,init,5,1,24,22,51,4.25
B_k9_2od_x0.8,B,init,5,2,23,23,75,9.0
B_k9_2od_x0.8,B,init,5,3,23,23,74,9.0
B_k9_2od_x0.8,B,init,5,4,23,23,72,9.0
B_k9_2od_x0.8,B,init,5,5,23,23,74,9.0
B_k9_2od_x0.8,B,init,5,6,23,23,78,9.0
B_k9_2od_x0.8,B,init,5,7,23,23,74,9.0
B_k9_2od_x0.8,B,init,5,8,23,23,79,9.0
B_k9_2od_x0.8,B,init,5,9,23,23,78,9.0
B_k9_2od_x0.8,B,init,5,10,23,23,78,9.0
B_k9_2od_x0.8,B,init,5,11,23,23,74,9.0
B_k9_2od_x0.8,B,init,5,12,23,23,73,9.0
B_k9_2od_x0.8,B,init,5,13,23,23,76,9.0
B_k9_2od_x0.8,B,init,5,14,23,23,76,9.0
B_k9_2od_x0.8,B,init,5,15,23,23,72,9.0
B_k9_2od_x0.8,B,init,6,1,24,22,58,4.958333333333333
B_k9_2od_x0.8,B,init,6,2,23,23,73,9.0
B_k9_2od_x0.8,B,init,6,3,23,23,77,9.0
B_k9_2od_x0.8,B,init,6,4,23,23,79,9.0
B_k9_2od_x0.8,B,init,6,5,23,23,78,9.0
B_k9_2od_x0.8,B,init,6,6,23,23,77,9.0
B_k9_2od_x0.8,B,init,6,7,23,23,79,9.0
B_k9_2od_x0.8,B,init,6,8,23,23,75,9.0
B_k9_2od_x0.8,B,init,6,9,23,23,78,9.0
B_k9_2od_x0.8,B,init,6,10,23,23,77,9.0
B_k9_2od_x0.8,B,init,6,11,23,23,76,9.0
B_k9_2od_x0.8,B,init,6,12,23,23,82,9.0
B_k9_2od_x0.8,B,init,6,13,23,23,78,9.0
B_k9_2od_x0.8,B,init,6,14,23,23,77,9.0
B_k9_2od_x0.8,B,init,6,15,23,23,80,9.0
B_k9_2od_x0.8,B,init,7,1,24,21,43,3.75
B_k9_2od_x0.8,B,init,7,2,23,23,71,9.0
B_k9_2od_x0.8,B,init,7,3,23,23,71,9.0
B_k9_2od_x0.8,B,init,7,4,23,23,72,9.0
B_k9_2od_x0.8,B,init,7,5,23,23,78,9.0
B_k9_2od_x0.8,B,init,7,6,23,23,73,9.0
B_k9_2od_x0.8,B,init,7,7,23,23,75,9.0
B_k9_2od_x0.8,B,init,7,8,23,23,78,9.0
B_k9_2od_x0.8,B,init,7,9,23,23,74,9.0
B_k9_2od_x0.8,B,init,7,10,23,23,72,9.0
B_k9_2od_x0.8,B,init,7,11,23,23,74,9.0
B_k9_2od_x0.8,B,init,7,12,23,23,81,9.0
B_k9_2od_x0.8,B,init,7,13,23,23,80,9.0
B_k9_2od_x0.8,B,init,7,14,23,23,78,9.0
B_k9_2od_x0.8,B,init,7,15,23,23,70,9.0
B_k9_2od_x0.8,B,init,8,1,24,23,54,4.375
B_k9_2od_x0.8,B,init,8,2,23,23,75,9.0
B_k9_2od_x0.8,B,init,8,3,23,23,76,9.0
B_k9_2od_x0.8,B,init,8,4,23,23,77,9.0
B_k9_2od_x0.8,B,init,8,5,23,23,73,9.0
B_k9_2od_x0.8,B,init,8,6,23,23,75,9.0
B_k9_2od_x0.8,B,init,8,7,23,23,73,9.0
B_k9_2od_x0.8,B,init,8,8,23,23,70,9.0
B_k9_2od_x0.8,B,init,8,9,23,23,74,9.0
B_k9_2od_x0.8,B,init,8,10,23,23,76,9.0
B_k9_2od_x0.8,B,init,8,11,23,23,76,9.0
B_k9_2od_x0.8,B,init,8,12,23,23,77,9.0
B_k9_2od_x0.8,B,init,8,13,23,23,71,9.0
B_k9_2od_x0.8,B,init,8,14,23,23,77,9.0
B_k9_2od_x0.8,B,init,8,15,23,23,72,9.0
B_k9_2od_x0.8,B,init,9,1,24,22,52,4.541666666666667
B_k9_2od_x0.8,B,init,9,2,23,23,79,9.0
B_k9_2od_x0.8,B,init,9,3,23,23,76,9.0
B_k9_2od_x0.8,B,init,9,4,23,23,78,9.0
B_k9_2od_x0.8,B,init,9,5,23,23,75,9.0
B_k9_2od_x0.8,B,init,9,6,23,23,80,9.0
B_k9_2od_x0.8,B,init,9,7,23,23,74,9.0
B_k9_2od_x0.8,B,init,9,8,23,23,72,9.0
B_k9_2od_x0.8,B,init,9,9,23,23,73,9.0
B_k9_2od_x0.8,B,init,9,10,23,23,78,9.0
B_k9_2od_x0.8,B,init,9,11,23,23,73,9.0
B_k9_2od_x0.8,B,init,9,12,23,23,74,9.0
B_k9_2od_x0.8,B,init,9,13,23,23,78,9.0
B_k9_2od_x0.8,B,init,9,14,23,23,79,9.0
B_k9_2od_x0.8,B,init,9,15,23,23,76,9.0
B_k9_2od_x0.8,B,mutation,0,1,24,24,69,5.5
B_k9_2od_x0.8,B,mutation,0,2,23,23,70,9.0
B_k9_2od_x0.8,B,mutation,0,3,23,23,69,9.0
B_k9_2od_x0.8,B,mutation,0,4,23,23,71,9.0
B_k9_2od_x0.8,B,mutation,0,5,23,23,65,9.0
B_k9_2od_x0.8,B,mutation,0,6,23,23,71,9.0
B_k9_2od_x0.8,B,mutation,0,7,23,23,66,9.0
B_k9_2od_x0.8,B,mutation,0,8,23,23,59,9.0
B_k9_2od_x0.8,B,mutation,0,9,23,23,66,9.0
B_k9_2od_x0.8,B,mutation,0,10,23,23,62,9.0
B_k9_2od_x0.8,B,mutation,0,11,23,23,68,9.0
B_k9_2od_x0.8,B,mutation,0,12,23,23,67,9.0
B_k9_2od_x0.8,B,mutation,0,13,23,23,73,9.0
B_k9_2od_x0.8,B,mutation,0,14,23,23,72,9.0
B_k9_2od_x0.8,B,mutation,0,15,23,23,68,9.0
B_k9_2od_x0.8,B,mutation,1,1,24,24,64,4.708333333333333
B_k9_2od_x0.8,B,mutation,1,2,23,23,69,9.0
B_k9_2od_x0.8,B,mutation,1,3,23,23,67,9.0
B_k9_2od_x0.8,B,mutation,1,4,23,23,68,9.0
B_k9_2od_x0.8,B,mutation,1,5,23,23,66,9.0
B_k9_2od_x0.8,B,mutation,1,6,23,23,64,9.0
B_k9_2od_x0.8,B,mutation,1,7,23,23,69,9.0
B_k9_2od_x0.8,B,mutation,1,8,23,23,69,9.0
B_k9_2od_x0.8,B,mutation,1,9,23,23,66,9.0
B_k9_2od_x0.8,B,mutation,1,10,23,23,64,9.0
B_k9_2od_x0.8,B,mutation,1,11,23,23,65,9.0
B_k9_2od_x0.8,B,mutation,1,12,23,23,64,9.0
B_k9_2od_x0.8,B,mutation,1,13,23,23,65,9.0
B_k9_2od_x0.8,B,mutation,1,14,23,23,67,9.0
B_k9_2od_x0.8,B,mutation,1,15,23,23,67,9.0
B_k9_2od_x0.8,B,mutation,2,1,24,24,74,5.125
B_k9_2od_x0.8,B,mutation,2,2,23,23,74,9.0
B_k9_2od_x0.8,B,mutation,2,3,23,23,63,9.0
B_k9_2od_x0.8,B,mutation,2,4,23,23,66,9.0
B_k9_2od_x0.8,B,mutation,2,5,23,23,66,9.0
B_k9_2od_x0.8,B,mutation,2,6,23,23,63,9.0
B_k9_2od_x0.8,B,mutation,2,7,23,23,68,9.0
B_k9_2od_x0.8,B,mutation,2,8,23,23,69,9.0
B_k9_2od_x0.8,B,mutation,2,9,23,23,62,9.0
B_k9_2od_x0.8,B,mutation,2,10,23,23,66,9.0
B_k9_2od_x0.8,B,mutation,2,11,23,23,65,9.0
B_k9_2od_x0.8,B,mutation,2,12,23,23,68,9.0
B_k9_2od_x0.8,B,mutation,2,13,23,23,69,9.0
B_k9_2od_x0.8,B,mutation,2,14,23,23,69,9.0
B_k9_2od_x0.8,B,mutation,2,15,23,23,66,9.0
B_k9_2od_x0.8,B,mutation,3,1,24,24,56,4.0
B_k9_2od_x0.8,B,mutation,3,2,23,23,71,9.0
B_k9_2od_x0.8,B,mutation,3,3,23,23,65,9.0
B_k9_2od_x0.8,B,mutation,3,4,23,23,69,9.0
B_k9_2od_x0.8,B,mutation,3,5,23,23,68,9.0
B_k9_2od_x0.8,B,mutation,3,6,23,23,67,9.0
B_k9_2od_x0.8,B,mutation,3,7,23,23,65,9.0
B_k9_2od_x0.8,B,mutation,3,8,23,23,66,9.0
B_k9_2od_x0.8,B,mutation,3,9,23,23,69,9.0
B_k9_2od_x0.8,B,mutation,3,10,23,23,69,9.0
B_k9_2od_x0.8,B,mutation,3,11,23,23,67,9.0
B_k9_2od_x0.8,B,mutation,3,12,23,23,68,9.0
B_k9_2od_x0.8,B,mutation,3,13,23,23,64,9.0
B_k9_2od_x0.8,B,mutation,3,14,23,23,67,9.0
B_k9_2od_x0.8,B,mutation,3,15,23,23,72,9.0
B_k9_2od_x0.8,B,mutation,4,1,24,23,63,3.8333333333333335
B_k9_2od_x0.8,B,mutation,4,2,23,23,72,9.0
B_k9_2od_x0.8,B,mutation,4,3,23,23,62,9.0
B_k9_2od_x0.8,B,mutation,4,4,23,23,64,9.0
B_k9_2od_x0.8,B,mutation,4,5,23,23,66,9.0
B_k9_2od_x0.8,B,mutation,4,6,23,23,70,9.0
B_k9_2od_x0.8,B,mutation,4,7,23,23,62,9.0
B_k9_2od_x0.8,B,mutation,4,8,23,23,64,9.0
B_k9_2od_x0.8,B,mutation,4,9,23,23,66,9.0
B_k9_2od_x0.8,B,mutation,4,10,23,23,67,9.0
B_k9_2od_x0.8,B,mutation,4,11,23,23,65,9.0
B_k9_2od_x0.8,B,mutation,4,12,23,23,71,9.0
B_k9_2od_x0.8,B,mutation,4,13,23,23,63,9.0
B_k9_2od_x0.8,B,mutation,4,14,23,23,67,9.0
B_k9_2od_x0.8,B,mutation,4,15,23,23,64,9.0
B_k9_2od_x0.8,B,mutation,5,1,24,24,66,4.541666666666667
B_k9_2od_x0.8,B,mutation,5,2,23,23,69,9.0
B_k9_2od_x0.8,B,mutation,5,3,23,23,67,9.0
B_k9_2od_x0.8,B,mutation,5,4,23,23,66,9.0
B_k9_2od_x0.8,B,mutation,5,5,23,23,65,9.0
B_k9_2od_x0.8,B,mutation,5,6,23,23,68,9.0
B_k9_2od_x0.8,B,mutation,5,7,23,23,62,9.0
B_k9_2od_x0.8,B,mutation,5,8,23,23,67,9.0
B_k9_2od_x0.8,B,mutation,5,9,23,23,69,9.0
B_k9_2od_x0.8,B,mutation,5,10,23,23,66,9.0
B_k9_2od_x0.8,B,mutation,5,11,23,23,67,9.0
B_k9_2od_x0.8,B,mutation,5,12,23,23,65,9.0
B_k9_2od_x0.8,B,mutation,5,13,23,23,65,9.0
B_k9_2od_x0.8,B,mutation,5,14,23,23,62,9.0
B_k9_2od_x0.8,B,mutation,5,15,23,23,68,9.0
B_k9_2od_x0.8,B,mutation,6,1,24,24,65,5.041666666666667
B_k9_2od_x0.8,B,mutation,6,2,23,23,73,9.0
B_k9_2od_x0.8,B,mutation,6,3,23,23,72,9.0
B_k9_2od_x0.8,B,mutation,6,4,23,23,71,9.0
B_k9_2od_x0.8,B,mutation,6,5,23,23,69,9.0
B_k9_2od_x0.8,B,mutation,6,6,23,23,62,9.0
B_k9_2od_x0.8,B,mutation,6,7,23,23,67,9.0
B_k9_2od_x0.8,B,mutation,6,8,23,23,70,9.0
B_k9_2od_x0.8,B,mutation,6,9,23,23,64,9.0
B_k9_2od_x0.8,B,mutation,6,10,23,23,66,9.0
B_k9_2od_x0.8,B,mutation,6,11,23,23,68,9.0
B_k9_2od_x0.8,B,mutation,6,12,23,23,67,9.0
B_k9_2od_x0.8,B,mutation,6,13,23,23,64,9.0
B_k9_2od_x0.8,B,mutation,6,14,23,23,67,9.0
B_k9_2od_x0.8,B,mutation,6,15,23,23,67,9.0
B_k9_2od_x0.8,B,mutation,7,1,24,24,65,4.958333333333333
B_k9_2od_x0.8,B,mutation,7,2,23,23,68,9.0
B_k9_2od_x0.8,B,mutation,7,3,23,23,67,9.0
B_k9_2od_x0.8,B,mutation,7,4,23,23,62,9.0
B_k9_2od_x0.8,B,mutation,7,5,23,23,68,9.0
B_k9_2od_x0.8,B,mutation,7,6,23,23,63,9.0
B_k9_2od_x0.8,B,mutation,7,7,23,23,67,9.0
B_k9_2od_x0.8,B,mutation,7,8,23,23,62,9.0
B_k9_2od_x0.8,B,mutation,7,9,23,23,68,9.0
B_k9_2od_x0.8,B,mutation,7,10,23,23,68,9.0
B_k9_2od_x0.8,B,mutation,7,11,23,23,67,9.0
B_k9_2od_x0.8,B,mutation,7,12,23,23,67,9.0
B_k9_2od_x0.8,B,mutation,7,13,23,23,66,9.0
B_k9_2od_x0.8,B,mutation,7,14,23,23,70,9.0
B_k9_2od_x0.8,B,mutation,7,15,23,23,69,9.0
B_k9_2od_x0.8,B,mutation,8,1,24,24,62,4.083333333333333
B_k9_2od_x0.8,B,mutation,8,2,23,23,67,9.0
B_k9_2od_x0.8,B,mutation,8,3,23,23,66,9.0
B_k9_2od_x0.8,B,mutation,8,4,23,23,67,9.0
B_k9_2od_x0.8,B,mutation,8,5,23,23,65,9.0
B_k9_2od_x0.8,B,mutation,8,6,23,23,65,9.0
B_k9_2od_x0.8,B,mutation,8,7,23,23,68,9.0
B_k9_2od_x0.8,B,mutation,8,8,23,23,67,9.0
B_k9_2od_x0.8,B,mutation,8,9,23,23,65,9.0
B_k9_2od_x0.8,B,mutation,8,10,23,23,67,9.0
B_k9_2od_x0.8,B,mutation,8,11,23,23,65,9.0
B_k9_2od_x0.8,B,mutation,8,12,23,23,63,9.0
B_k9_2od_x0.8,B,mutation,8,13,23,23,67,9.0
B_k9_2od_x0.8,B,mutation,8,14,23,23,68,9.0
B_k9_2od_x0.8,B,mutation,8,15,23,23,65,9.0
B_k9_2od_x0.8,B,mutation,9,1,24,24,65,4.75
B_k9_2od_x0.8,B,mutation,9,2,23,23,70,9.0
B_k9_2od_x0.8,B,mutation,9,3,23,23,69,9.0
B_k9_2od_x0.8,B,mutation,9,4,23,23,72,9.0
B_k9_2od_x0.8,B,mutation,9,5,23,23,68,9.0
B_k9_2od_x0.8,B,mutation,9,6,23,23,65,9.0
B_k9_2od_x0.8,B,mutation,9,7,23,23,67,9.0
B_k9_2od_x0.8,B,mutation,9,8,23,23,72,9.0
B_k9_2od_x0.8,B,mutation,9,9,23,23,68,9.0
B_k9_2od_x0.8,B,mutation,9,10,23,23,70,9.0
B_k9_2od_x0.8,B,mutation,9,11,23,23,70,9.0
B_k9_2od_x0.8,B,mutation,9,12,23,23,67,9.0
B_k9_2od_x0.8,B,mutation,9,13,23,23,63,9.0
B_k9_2od_x0.8,B,mutation,9,14,23,23,66,9.0
B_k9_2od_x0.8,B,mutation,9,15,23,23,65,9.0
B_k9_2od_x0.8,B,none,0,1,24,24,69,5.5
B_k9_2od_x0.8,B,none,0,2,23,23,78,9.0
B_k9_2od_x0.8,B,none,0,3,23,23,73,9.0
B_k9_2od_x0.8,B,none,0,4,23,23,75,9.0
B_k9_2od_x0.8,B,none,0,5,23,23,76,9.0
B_k9_2od_x0.8,B,none,0,6,23,23,75,9.0
B_k9_2od_x0.8,B,none,0,7,23,23,80,9.0
B_k9_2od_x0.8,B,none,0,8,23,23,79,9.0
B_k9_2od_x0.8,B,none,0,9,23,23,72,9.0
B_k9_2od_x0.8,B,none,0,10,23,23,70,9.0
B_k9_2od_x0.8,B,none,0,11,23,23,78,9.0
B_k9_2od_x0.8,B,none,0,12,23,23,74,9.0
B_k9_2od_x0.8,B,none,0,13,23,23,75,9.0
B_k9_2od_x0.8,B,none,0,14,23,23,71,9.0
B_k9_2od_x0.8,B,none,0,15,23,23,75,9.0
B_k9_2od_x0.8,B,none,1,1,24,24,64,4.708333333333333
B_k9_2od_x0.8,B,none,1,2,23,23,73,9.0
B_k9_2od_x0.8,B,none,1,3,23,23,77,9.0
B_k9_2od_x0.8,B,none,1,4,23,23,69,9.0
B_k9_2od_x0.8,B,none,1,5,23,23,72,9.0
B_k9_2od_x0.8,B,none,1,6,23,23,74,9.0
B_k9_2od_x0.8,B,none,1,7,23,23,78,9.0
B_k9_2od_x0.8,B,none,1,8,23,23,77,9.0
B_k9_2od_x0.8,B,none,1,9,23,23,76,9.0
B_k9_2od_x0.8,B,none,1,10,23,23,77,9.0
B_k9_2od_x0.8,B,none,1,11,23,23,74,9.0
B_k9_2od_x0.8,B,none,1,12,23,23,79,9.0
B_k9_2od_x0.8,B,none,1,13,23,23,77,9.0
B_k9_2od_x0.8,B,none,1,14,23,23,77,9.0
B_k9_2od_x0.8,B,none,1,15,23,23,76,9.0
B_k9_2od_x0.8,B,none,2,1,24,24,74,5.125
B_k9_2od_x0.8,B,none,2,2,23,23,74,9.0
B_k9_2od_x0.8,B,none,2,3,23,23,78,9.0
B_k9_2od_x0.8,B,none,2,4,23,23,74,9.0
B_k9_2od_x0.8,B,none,2,5,23,23,74,9.0
B_k9_2od_x0.8,B,none,2,6,23,23,76,9.0
B_k9_2od_x0.8,B,none,2,7,23,23,72,9.0
B_k9_2od_x0.8,B,none,2,8,23,23,66,9.0
B_k9_2od_x0.8,B,none,2,9,23,23,77,9.0
B_k9_2od_x0.8,B,none,2,10,23,23,78,9.0
B_k9_2od_x0.8,B,none,2,11,23,23,80,9.0
B_k9_2od_x0.8,B,none,2,12,23,23,75,9.0
B_k9_2od_x0.8,B,none,2,13,23,23,73,9.0
B_k9_2od_x0.8,B,none,2,14,23,23,76,9.0
B_k9_2od_x0.8,B,none,2,15,23,23,76,9.0
B_k9_2od_x0.8,B,none,3,1,24,24,56,4.0
B_k9_2od_x0.8,B,none,3,2,23,23,80,9.0
B_k9_2od_x0.8,B,none,3,3,23,23,80,9.0
B_k9_2od_x0.8,B,none,3,4,23,23,78,9.0
B_k9_2od_x0.8,B,none,3,5,23,23,72,9.0
B_k9_2od_x0.8,B,none,3,6,23,23,82,9.0
B_k9_2od_x0.8,B,none,3,7,23,23,72,9.0
B_k9_2od_x0.8,B,none,3,8,23,23,71,9.0
B_k9_2od_x0.8,B,none,3,9,23,23,80,9.0
B_k9_2od_x0.8,B,none,3,10,23,23,75,9.0
B_k9_2od_x0.8,B,none,3,11,23,23,71,9.0
B_k9_2od_x0.8,B,none,3,12,23,23,74,9.0
B_k9_2od_x0.8,B,none,3,13,23,23,76,9.0
B_k9_2od_x0.8,B,none,3,14,23,23,77,9.0
B_k9_2od_x0.8,B,none,3,15,23,23,68,9.0
B_k9_2od_x0.8,B,none,4,1,24,23,63,3.8333333333333335
B_k9_2od_x0.8,B,none,4,2,23,23,80,9.0
B_k9_2od_x0.8,B,none,4,3,23,23,76,9.0
B_k9_2od_x0.8,B,none,4,4,23,23,75,9.0
B_k9_2od_x0.8,B,none,4,5,23,23,74,9.0
B_k9_2od_x0.8,B,none,4,6,23,23,76,9.0
B_k9_2od_x0.8,B,none,4,7,23,23,79,9.0
B_k9_2od_x0.8,B,none,4,8,23,23,76,9.0
B_k9_2od_x0.8,B,none,4,9,23,23,71,9.0
B_k9_2od_x0.8,B,none,4,10,23,23,78,9.0
B_k9_2od_x0.8,B,none,4,11,23,23,75,9.0
B_k9_2od_x0.8,B,none,4,12,23,23,78,9.0
B_k9_2od_x0.8,B,none,4,13,23,23,72,9.0
B_k9_2od_x0.8,B,none,4,14,23,23,70,9.0
B_k9_2od_x0.8,B,none,4,15,23,23,77,9.0
B_k9_2od_x0.8,B,none,5,1,24,24,66,4.541666666666667
B_k9_2od_x0.8,B,none,5,2,23,23,78,9.0
B_k9_2od_x0.8,B,none,5,3,23,23,80,9.0
B_k9_2od_x0.8,B,none,5,4,23,23,75,9.0
B_k9_2od_x0.8,B,none,5,5,23,23,77,9.0
B_k9_2od_x0.8,B,none,5,6,23,23,76,9.0
B_k9_2od_x0.8,B,none,5,7,23,23,74,9.0
B_k9_2od_x0.8,B,none,5,8,23,23,81,9.0
B_k9_2od_x0.8,B,none,5,9,23,23,74,9.0
B_k9_2od_x0.8,B,none,5,10,23,23,77,9.0
B_k9_2od_x0.8,B,none,5,11,23,23,75,9.0
B_k9_2od_x0.8,B,none,5,12,23,23,79,9.0
B_k9_2od_x0.8,B,none,5,13,23,23,76,9.0
B_k9_2od_x0.8,B,none,5,14,23,23,78,9.0
B_k9_2od_x0.8,B,none,5,15,23,23,78,9.0
B_k9_2od_x0.8,B,none,6,1,24,24,65,5.041666666666667
B_k9_2od_x0.8,B,none,6,2,23,23,79,9.0
B_k9_2od_x0.8,B,none,6,3,23,23,76,9.0
B_k9_2od_x0.8,B,none,6,4,23,23,72,9.0
B_k9_2od_x0.8,B,none,6,5,23,23,74,9.0
B_k9_2od_x0.8,B,none,6,6,23,23,74,9.0
B_k9_2od_x0.8,B,none,6,7,23,23,76,9.0
B_k9_2od_x0.8,B,none,6,8,23,23,78,9.0
B_k9_2od_x0.8,B,none,6,9,23,23,77,9.0
B_k9_2od_x0.8,B,none,6,10,23,23,76,9.0
B_k9_2od_x0.8,B,none,6,11,23,23,78,9.0
B_k9_2od_x0.8,B,none,6,12,23,23,73,9.0
B_k9_2od_x0.8,B,none,6,13,23,23,82,9.0
B_k9_2od_x0.8,B,none,6,14,23,23,78,9.0
B_k9_2od_x0.8,B,none,6,15,23,23,72,9.0
B_k9_2od_x0.8,B,none,7,1,24,24,65,4.958333333333333
B_k9_2od_x0.8,B,none,7,2,23,23,82,9.0
B_k9_2od_x0.8,B,none,7,3,23,23,77,9.0
B_k9_2od_x0.8,B,none,7,4,23,23,72,9.0
B_k9_2od_x0.8,B,none,7,5,23,23,80,9.0
B_k9_2od_x0.8,B,none,7,6,23,23,81,9.0
B_k9_2od_x0.8,B,none,7,7,23,23,78,9.0
B_k9_2od_x0.8,B,none,7,8,23,23,78,9.0
B_k9_2od_x0.8,B,none,7,9,23,23,78,9.0
B_k9_2od_x0.8,B,none,7,10,23,23,79,9.0
B_k9_2od_x0.8,B,none,7,11,23,23,76,9.0
B_k9_2od_x0.8,B,none,7,12,23,23,72,9.0
B_k9_2od_x0.8,B,none,7,13,23,23,71,9.0
B_k9_2od_x0.8,B,none,7,14,23,23,76,9.0
B_k9_2od_x0.8,B,none,7,15,23,23,74,9.0
B_k9_2od_x0.8,B,none,8,1,24,24,62,4.083333333333333
B_k9_2od_x0.8,B,none,8,2,23,23,78,9.0
B_k9_2od_x0.8,B,none,8,3,23,23,74,9.0
B_k9_2od_x0.8,B,none,8,4,23,23,79,9.0
B_k9_2od_x0.8,B,none,8,5,23,23,76,9.0
B_k9_2od_x0.8,B,none,8,6,23,23,69,9.0
B_k9_2od_x0.8,B,none,8,7,23,23,72,9.0
B_k9_2od_x0.8,B,none,8,8,23,23,73,9.0
B_k9_2od_x0.8,B,none,8,9,23,23,78,9.0
B_k9_2od_x0.8,B,none,8,10,23,23,76,9.0
B_k9_2od_x0.8,B,none,8,11,23,23,74,9.0
B_k9_2od_x0.8,B,none,8,12,23,23,76,9.0
B_k9_2od_x0.8,B,none,8,13,23,23,69,9.0
B_k9_2od_x0.8,B,none,8,14,23,23,78,9.0
B_k9_2od_x0.8,B,none,8,15,23,23,77,9.0
B_k9_2od_x0.8,B,none,9,1,24,24,65,4.75
B_k9_2od_x0.8,B,none,9,2,23,23,78,9.0
B_k9_2od_x0.8,B,none,9,3,23,23,76,9.0
B_k9_2od_x0.8,B,none,9,4,23,23,74,9.0
B_k9_2od_x0.8,B,none,9,5,23,23,78,9.0
B_k9_2od_x0.8,B,none,9,6,23,23,78,9.0
B_k9_2od_x0.8,B,none,9,7,23,23,73,9.0
B_k9_2od_x0.8,B,none,9,8,23,23,76,9.0
B_k9_2od_x0.8,B,none,9,9,23,23,77,9.0
B_k9_2od_x0.8,B,none,9,10,23,23,79,9.0
B_k9_2od_x0.8,B,none,9,11,23,23,74,9.0
B_k9_2od_x0.8,B,none,9,12,23,23,79,9.0
B_k9_2od_x0.8,B,none,9,13,23,23,75,9.0
B_k9_2od_x0.8,B,none,9,14,23,23,84,9.0
B_k9_2od_x0.8,B,none,9,15,23,23,74,9.0
B_k9_2od_x1.0,B,both,0,1,24,24,48,4.958333333333333
B_k9_2od_x1.0,B,both,0,2,23,23,64,9.0
B_k9_2od_x1.0,B,both,0,3,23,23,67,9.0
B_k9_2od_x1.0,B,both,0,4,23,23,63,9.0
B_k9_2od_x1.0,B,both,0,5,23,23,59,9.0
B_k9_2od_x1.0,B,both,0,6,23,23,57,9.0
B_k9_2od_x1.0,B,both,0,7,23,23,61,9.0
B_k9_2od_x1.0,B,both,0,8,23,23,57,9.0
B_k9_2od_x1.0,B,both,0,9,23,23,67,9.0
B_k9_2od_x1.0,B,both,0,10,23,23,62,9.0
B_k9_2od_x1.0,B,both,0,11,23,23,65,9.0
B_k9_2od_x1.0,B,both,0,12,23,23,59,9.0
B_k9_2od_x1.0,B,both,0,13,23,23,65,9.0
B_k9_2od_x1.0,B,both,0,14,23,23,67,9.0
B_k9_2od_x1.0,B,both,0,15,23,23,56,9.0
B_k9_2od_x1.0,B,both,1,1,24,22,48,4.375
B_k9_2od_x1.0,B,both,1,2,23,23,62,9.0
B_k9_2od_x1.0,B,both,1,3,23,23,63,9.0
B_k9_2od_x1.0,B,both,1,4,23,23,58,9.0
B_k9_2od_x1.0,B,both,1,5,23,23,56,9.0
B_k9_2od_x1.0,B,both,1,6,23,23,62,9.0
B_k9_2od_x1.0,B,both,1,7,23,23,61,9.0
B_k9_2od_x1.0,B,both,1,8,23,23,58,9.0
B_k9_2od_x1.0,B,both,1,9,23,23,58,9.0
B_k9_2od_x1.0,B,both,1,10,23,23,64,9.0
B_k9_2od_x1.0,B,both,1,11,23,23,62,9.0
B_k9_2od_x1.0,B,both,1,12,23,23,66,9.0
B_k9_2od_x1.0,B,both,1,13,23,23,59,9.0
B_k9_2od_x1.0,B,both,1,14,23,23,60,9.0
B_k9_2od_x1.0,B,both,1,15,23,23,70,9.0
B_k9_2od_x1.0,B,both,2,1,24,21,43,4.416666666666667
B_k9_2od_x1.0,B,both,2,2,23,23,63,9.0
B_k9_2od_x1.0,B,both,2,3,23,23,56,9.0
B_k9_2od_x1.0,B,both,2,4,23,23,62,9.0
B_k9_2od_x1.0,B,both,2,5,23,23,67,9.0
B_k9_2od_x1.0,B,both,2,6,23,23,56,9.0
B_k9_2od_x1.0,B,both,2,7,23,23,66,9.0
B_k9_2od_x1.0,B,both,2,8,23,23,57,9.0
B_k9_2od_x1.0,B,both,2,9,23,23,60,9.0
B_k9_2od_x1.0,B,both,2,10,23,23,59,9.0
B_k9_2od_x1.0,B,both,2,11,23,23,65,9.0
B_k9_2od_x1.0,B,both,2,12,23,23,62,9.0
B_k9_2od_x1.0,B,both,2,13,23,23,64,9.0
B_k9_2od_x1.0,B,both,2,14,23,23,63,9.0
B_k9_2od_x1.0,B,both,2,15,23,23,67,9.0
B_k9_2od_x1.0,B,both,3,1,24,24,49,5.416666666666667
B_k9_2od_x1.0,B,both,3,2,23,23,61,9.0
B_k9_2od_x1.0,B,both,3,3,23,23,63,9.0
B_k9_2od_x1.0,B,both,3,4,23,23,62,9.0
B_k9_2od_x1.0,B,both,3,5,23,23,59,9.0
B_k9_2od_x1.0,B,both,3,6,23,23,50,9.0
B_k9_2od_x1.0,B,both,3,7,23,23,64,9.0
B_k9_2od_x1.0,B,both,3,8,23,23,62,9.0
B_k9_2od_x1.0,B,both,3,9,23,23,61,9.0
B_k9_2od_x1.0,B,both,3,10,23,23,58,9.0
B_k9_2od_x1.0,B,both,3,11,23,23,62,9.0
B_k9_2od_x1.0,B,both,3,12,23,23,60,9.0
B_k9_2od_x1.0,B,both,3,13,23,23,61,9.0
B_k9_2od_x1.0,B,both,3,14,23,23,58,9.0
B_k9_2od_x1.0,B,both,3,15,23,23,61,9.0
B_k9_2od_x1.0,B,both,4,1,24,21,41,3.5416666666666665
B_k9_2od_x1.0,B,both,4,2,23,23,62,9.0
B_k9_2od_x1.0,B,both,4,3,23,23,63,9.0
B_k9_2od_x1.0,B,both,4,4,23,23,58,9.0
B_k9_2od_x1.0,B,both,4,5,23,23,65,9.0
B_k9_2od_x1.0,B,both,4,6,23,23,64,9.0
B_k9_2od_x1.0,B,both,4,7,23,23,59,9.0
B_k9_2od_x1.0,B,both,4,8,23,23,56,9.0
B_k9_2od_x1.0,B,both,4,9,23,23,60,9.0
B_k9_2od_x1.0,B,both,4,10,23,23,59,9.0
B_k9_2od_x1.0,B,both,4,11,23,23,67,9.0
B_k9_2od_x1.0,B,both,4,12,23,23,65,9.0
B_k9_2od_x1.0,B,both,4,13,23,23,65,9.0
B_k9_2od_x1.0,B,both,4,14,23,23,62,9.0
B_k9_2od_x1.0,B,both,4,15,23,23,61,9.0
B_k9_2od_x1.0,B,both,5,1,24,22,53,4.25
B_k9_2od_x1.0,B,both,5,2,23,23,66,9.0
B_k9_2od_x1.0,B,both,5,3,23,23,68,9.0
B_k9_2od_x1.0,B,both,5,4,23,23,64,9.0
B_k9_2od_x1.0,B,both,5,5,23,23,64,9.0
B_k9_2od_x1.0,B,both,5,6,23,23,63,9.0
B_k9_2od_x1.0,B,both,5,7,23,23,65,9.0
B_k9_2od_x1.0,B,both,5,8,23,23,66,9.0
B_k9_2od_x1.0,B,both,5,9,23,23,60,9.0
B_k9_2od_x1.0,B,both,5,10,23,23,59,9.0
B_k9_2od_x1.0,B,both,5,11,23,23,62,9.0
B_k9_2od_x1.0,B,both,5,12,23,23,61,9.0
B_k9_2od_x1.0,B,both,5,13,23,23,60,9.0
B_k9_2od_x1.0,B,both,5,14,23,23,62,9.0
B_k9_2od_x1.0,B,both,5,15,23,23,60,9.0
B_k9_2od_x1.0,B,both,6,1,24,22,50,4.958333333333333
B_k9_2od_x1.0,B,both,6,2,23,23,62,9.0
B_k9_2od_x1.0,B,both,6,3,23,23,61,9.0
B_k9_2od_x1.0,B,both,6,4,23,23,56,9.0
B_k9_2od_x1.0,B,both,6,5,23,23,60,9.0
B_k9_2od_x1.0,B,both,6,6,23,23,62,9.0
B_k9_2od_x1.0,B,both,6,7,23,23,58,9.0
B_k9_2od_x1.0,B,both,6,8,23,23,68,9.0
B_k9_2od_x1.0,B,both,6,9,23,23,63,9.0
B_k9_2od_x1.0,B,both,6,10,23,23,56,9.0
B_k9_2od_x1.0,B,both,6,11,23,23,63,9.0
B_k9_2od_x1.0,B,both,6,12,23,23,60,9.0
B_k9_2od_x1.0,B,both,6,13,23,23,61,9.0
B_k9_2od_x1.0,B,both,6,14,23,23,59,9.0
B_k9_2od_x1.0,B,both,6,15,23,23,64,9.0
B_k9_2od_x1.0,B,both,7,1,24,21,47,3.75
B_k9_2od_x1.0,B,both,7,2,23,23,63,9.0
B_k9_2od_x1.0,B,both,7,3,23,23,65,9.0
B_k9_2od_x1.0,B,both,7,4,23,23,64,9.0
B_k9_2od_x1.0,B,both,7,5,23,23,63,9.0
B_k9_2od_x1.0,B,both,7,6,23,23,57,9.0
B_k9_2od_x1.0,B,both,7,7,23,23,63,9.0
B_k9_2od_x1.0,B,both,7,8,23,23,60,9.0
B_k9_2od_x1.0,B,both,7,9,23,23,66,9.0
B_k9_2od_x1.0,B,both,7,10,23,23,60,9.0
B_k9_2od_x1.0,B,both,7,11,23,23,65,9.0
B_k9_2od_x1.0,B,both,7,12,23,23,67,9.0
B_k9_2od_x1.0,B,both,7,13,23,23,63,9.0
B_k9_2od_x1.0,B,both,7,14,23,23,54,9.0
B_k9_2od_x1.0,B,both,7,15,23,23,57,9.0
B_k9_2od_x1.0,B,both,8,1,24,23,52,4.375
B_k9_2od_x1.0,B,both,8,2,23,23,68,9.0
B_k9_2od_x1.0,B,both,8,3,23,23,58,9.0
B_k9_2od_x1.0,B,both,8,4,23,23,64,9.0
B_k9_2od_x1.0,B,both,8,5,23,23,60,9.0
B_k9_2od_x1.0,B,both,8,6,23,23,63,9.0
B_k9_2od_x1.0,B,both,8,7,23,23,61,9.0
B_k9_2od_x1.0,B,both,8,8,23,23,60,9.0
B_k9_2od_x1.0,B,both,8,9,23,23,64,9.0
B_k9_2od_x1.0,B,both,8,10,23,23,62,9.0
B_k9_2od_x1.0,B,both,8,11,23,23,62,9.0
B_k9_2od_x1.0,B,both,8,12,23,23,57,9.0
B_k9_2od_x1.0,B,both,8,13,23,23,59,9.0
B_k9_2od_x1.0,B,both,8,14,23,23,61,9.0
B_k9_2od_x1.0,B,both,8,15,23,23,63,9.0
B_k9_2od_x1.0,B,both,9,1,24,22,50,4.541666666666667
B_k9_2od_x1.0,B,both,9,2,23,23,65,9.0
B_k9_2od_x1.0,B,both,9,3,23,23,58,9.0
B_k9_2od_x1.0,B,both,9,4,23,23,62,9.0
B_k9_2od_x1.0,B,both,9,5,23,23,62,9.0
B_k9_2od_x1.0,B,both,9,6,23,23,61,9.0
B_k9_2od_x1.0,B,both,9,7,23,23,69,9.0
B_k9_2od_x1.0,B,both,9,8,23,23,62,9.0
B_k9_2od_x1.0,B,both,9,9,23,23,60,9.0
B_k9_2od_x1.0,B,both,9,10,23,23,56,9.0
B_k9_2od_x1.0,B,both,9,11,23,23,54,9.0
B_k9_2od_x1.0,B,both,9,12,23,23,59,9.0
B_k9_2od_x1.0,B,both,9,13,23,23,60,9.0
B_k9_2od_x1.0,B,both,9,14,23,23,63,9.0
B_k9_2od_x1.0,B,both,9,15,23,23,64,9.0
B_k9_2od_x1.0,B,init,0,1,24,24,48,4.958333333333333
B_k9_2od_x1.0,B,init,0,2,23,23,75,9.0
B_k9_2od_x1.0,B,init,0,3,23,23,80,9.0
B_k9_2od_x1.0,B,init,0,4,23,23,72,9.0
B_k9_2od_x1.0,B,init,0,5,23,23,76,9.0
B_k9_2od_x1.0,B,init,0,6,23,23,74,9.0
B_k9_2od_x1.0,B,init,0,7,23,23,76,9.0
B_k9_2od_x1.0,B,init,0,8,23,23,75,9.0
B_k9_2od_x1.0,B,init,0,9,23,23,76,9.0
B_k9_2od_x1.0,B,init,0,10,23,23,76,9.0
B_k9_2od_x1.0,B,init,0,11,23,23,78,9.0
B_k9_2od_x1.0,B,init,0,12,23,23,78,9.0
B_k9_2od_x1.0,B,init,0,13,23,23,73,9.0
B_k9_2od_x1.0,B,init,0,14,23,23,70,9.0
B_k9_2od_x1.0,B,init,0,15,23,23,68,9.0
B_k9_2od_x1.0,B,init,1,1,24,22,48,4.375
B_k9_2od_x1.0,B,init,1,2,23,23,78,9.0
B_k9_2od_x1.0,B,init,1,3,23,23,77,9.0
B_k9_2od_x1.0,B,init,1,4,23,23,75,9.0
B_k9_2od_x1.0,B,init,1,5,23,23,80,9.0
B_k9_2od_x1.0,B,init,1,6,23,23,76,9.0
B_k9_2od_x1.0,B,init,1,7,23,23,78,9.0
B_k9_2od_x1.0,B,init,1,8,23,23,73,9.0
B_k9_2od_x1.0,B,init,1,9,23,23,79,9.0
B_k9_2od_x1.0,B,init,1,10,23,23,74,9.0
B_k9_2od_x1.0,B,init,1,11,23,23,75,9.0
B_k9_2od_x1.0,B,init,1,12,23,23,79,9.0
B_k9_2od_x1.0,B,init,1,13,23,23,76,9.0
B_k9_2od_x1.0,B,init,1,14,23,23,76,9.0
B_k9_2od_x1.0,B,init,1,15,23,23,77,9.0
B_k9_2od_x1.0,B,init,2,1,24,21,43,4.416666666666667
B_k9_2od_x1.0,B,init,2,2,23,23,76,9.0
B_k9_2od_x1.0,B,init,2,3,23,23,83,9.0
B_k9_2od_x1.0,B,init,2,4,23,23,78,9.0
B_k9_2od_x1.0,B,init,2,5,23,23,76,9.0
B_k9_2od_x1.0,B,init,2,6,23,23,73,9.0
B_k9_2od_x1.0,B,init,2,7,23,23,76,9.0
B_k9_2od_x1.0,B,init,2,8,23,23,79,9.0
B_k9_2od_x1.0,B,init,2,9,23,23,72,9.0
B_k9_2od_x1.0,B,init,2,10,23,23,79,9.0
B_k9_2od_x1.0,B,init,2,11,23,23,75,9.0
B_k9_2od_x1.0,B,init,2,12,23,23,72,9.0
B_k9_2od_x1.0,B,init,2,13,23,23,71,9.0
B_k9_2od_x1.0,B,init,2,14,23,23,75,9.0
B_k9_2od_x1.0,B,init,2,15,23,23,72,9.0
B_k9_2od_x1.0,B,init,3,1,24,24,49,5.416666666666667
B_k9_2od_x1.0,B,init,3,2,23,23,79,9.0
B_k9_2od_x1.0,B,init,3,3,23,23,78,9.0
B_k9_2od_x1.0,B,init,3,4,23,23,80,9.0
B_k9_2od_x1.0,B,init,3,5,23,23,71,9.0
B_k9_2od_x1.0,B,init,3,6,23,23,74,9.0
B_k9_2od_x1.0,B,init,3,7,23,23,82,9.0
B_k9_2od_x1.0,B,init,3,8,23,23,72,9.0
B_k9_2od_x1.0,B,init,3,9,23,23,77,9.0
B_k9_2od_x1.0,B,init,3,10,23,23,72,9.0
B_k9_2od_x1.0,B,init,3,11,23,23,73,9.0
B_k9_2od_x1.0,B,init,3,12,23,23,80,9.0
B_k9_2od_x1.0,B,init,3,13,23,23,79,9.0
B_k9_2od_x1.0,B,init,3,14,23,23,78,9.0
B_k9_2od_x1.0,B,init,3,15,23,23,74,9.0
B_k9_2od_x1.0,B,init,4,1,24,21,41,3.5416666666666665
B_k9_2od_x1.0,B,init,4,2,23,23,81,9.0
B_k9_2od_x1.0,B,init,4,3,23,23,79,9.0
B_k9_2od_x1.0,B,init,4,4,23,23,79,9.0
B_k9_2od_x1.0,B,init,4,5,23,23,75,9.0
B_k9_2od_x1.0,B,init,4,6,23,23,76,9.0
B_k9_2od_x1.0,B,init,4,7,23,23,79,9.0
B_k9_2od_x1.0,B,init,4,8,23,23,74,9.0
B_k9_2od_x1.0,B,init,4,9,23,23,75,9.0
B_k9_2od_x1.0,B,init,4,10,23,23,75,9.0
B_k9_2od_x1.0,B,init,4,11,23,23,76,9.0
B_k9_2od_x1.0,B,init,4,12,23,23,74,9.0
B_k9_2od_x1.0,B,init,4,13,23,23,74,9.0
B_k9_2od_x1.0,B,init,4,14,23,23,78,9.0
B_k9_2od_x1.0,B,init,4,15,23,23,76,9.0
B_k9_2od_x1.0,B,init,5,1,24,22,53,4.25
B_k9_2od_x1.0,B,init,5,2,23,23,78,9.0
B_k9_2od_x1.0,B,init,5,3,23,23,77,9.0
B_k9_2od_x1.0,B,init,5,4,23,23,76,9.0
B_k9_2od_x1.0,B,init,5,5,23,23,75,9.0
B_k9_2od_x1.0,B,init,5,6,23,23,78,9.0
B_k9_2od_x1.0,B,init,5,7,23,23,76,9.0
B_k9_2od_x1.0,B,init,5,8,23,23,78,9.0
B_k9_2od_x1.0,B,init,5,9,23,23,79,9.0
B_k9_2od_x1.0,B,init,5,10,23,23,72,9.0
B_k9_2od_x1.0,B,init,5,11,23,23,78,9.0
B_k9_2od_x1.0,B,init,5,12,23,23,77,9.0
B_k9_2od_x1.0,B,init,5,13,23,23,80,9.0
B_k9_2od_x1.0,B,init,5,14,23,23,77,9.0
B_k9_2od_x1.0,B,init,5,15,23,23,78,9.0
B_k9_2od_x1.0,B,init,6,1,24,22,50,4.958333333333333
B_k9_2od_x1.0,B,init,6,2,23,23,75,9.0
B_k9_2od_x1.0,B,init,6,3,23,23,75,9.0
B_k9_2od_x1.0,B,init,6,4,23,23,76,9.0
B_k9_2od_x1.0,B,init,6,5,23,23,75,9.0
B_k9_2od_x1.0,B,init,6,6,23,23,71,9.0
B_k9_2od_x1.0,B,init,6,7,23,23,75,9.0
B_k9_2od_x1.0,B,init,6,8,23,23,76,9.0
B_k9_2od_x1.0,B,init,6,9,23,23,75,9.0
B_k9_2od_x1.0,B,init,6,10,23,23,76,9.0
B_k9_2od_x1.0,B,init,6,11,23,23,72,9.0
B_k9_2od_x1.0,B,init,6,12,23,23,74,9.0
B_k9_2od_x1.0,B,init,6,13,23,23,74,9.0
B_k9_2od_x1.0,B,init,6,14,23,23,75,9.0
B_k9_2od_x1.0,B,init,6,15,23,23,75,9.0
B_k9_2od_x1.0,B,init,7,1,24,21,47,3.75
B_k9_2od_x1.0,B,init,7,2,23,23,79,9.0
B_k9_2od_x1.0,B,init,7,3,23,23,78,9.0
B_k9_2od_x1.0,B,init,7,4,23,23,71,9.0
B_k9_2od_x1.0,B,init,7,5,23,23,74,9.0
B_k9_2od_x1.0,B,init,7,6,23,23,79,9.0
B_k9_2od_x1.0,B,init,7,7,23,23,74,9.0
B_k9_2od_x1.0,B,init,7,8,23,23,79,9.0
B_k9_2od_x1.0,B,init,7,9,23,23,72,9.0
B_k9_2od_x1.0,B,init,7,10,23,23,75,9.0
B_k9_2od_x1.0,B,init,7,11,23,23,78,9.0
B_k9_2od_x1.0,B,init,7,12,23,23,74,9.0
B_k9_2od_x1.0,B,init,7,13,23,23,73,9.0
B_k9_2od_x1.0,B,init,7,14,23,23,77,9.0
B_k9_2od_x1.0,B,init,7,15,23,23,75,9.0
B_k9_2od_x1.0,B,init,8,1,24,23,52,4.375
B_k9_2od_x1.0,B,init,8,2,23,23,78,9.0
B_k9_2od_x1.0,B,init,8,3,23,23,82,9.0
B_k9_2od_x1.0,B,init,8,4,23,23,76,9.0
B_k9_2od_x1.0,B,init,8,5,23,23,77,9.0
B_k9_2od_x1.0,B,init,8,6,23,23,77,9.0
B_k9_2od_x1.0,B,init,8,7,23,23,81,9.0
B_k9_2od_x1.0,B,init,8,8,23,23,77,9.0
B_k9_2od_x1.0,B,init,8,9,23,23,79,9.0
B_k9_2od_x1.0,B,init,8,10,23,23,78,9.0
B_k9_2od_x1.0,B,init,8,11,23,23,76,9.0
B_k9_2od_x1.0,B,init,8,12,23,23,73,9.0
B_k9_2od_x1.0,B,init,8,13,23,23,70,9.0
B_k9_2od_x1.0,B,init,8,14,23,23,71,9.0
B_k9_2od_x1.0,B,init,8,15,23,23,76,9.0
B_k9_2od_x1.0,B,init,9,1,24,22,50,4.541666666666667
B_k9_2od_x1.0,B,init,9,2,23,23,76,9.0
B_k9_2od_x1.0,B,init,9,3,23,23,79,9.0
B_k9_2od_x1.0,B,init,9,4,23,23,78,9.0
B_k9_2od_x1.0,B,init,9,5,23,23,77,9.0
B_k9_2od_x1.0,B,init,9,6,23,23,75,9.0
B_k9_2od_x1.0,B,init,9,7,23,23,76,9.0
B_k9_2od_x1.0,B,init,9,8,23,23,75,9.0
B_k9_2od_x1.0,B,init,9,9,23,23,68,9.0
B_k9_2od_x1.0,B,init,9,10,23,23,74,9.0
B_k9_2od_x1.0,B,init,9,11,23,23,78,9.0
B_k9_2od_x1.0,B,init,9,12,23,23,76,9.0
B_k9_2od_x1.0,B,init,9,13,23,23,73,9.0
B_k9_2od_x1.0,B,init,9,14,23,23,73,9.0
B_k9_2od_x1.0,B,init,9,15,23,23,79,9.0
B_k9_2od_x1.0,B,mutation,0,1,24,24,69,5.5
B_k9_2od_x1.0,B,mutation,0,2,23,23,61,9.0
B_k9_2od_x1.0,B,mutation,0,3,23,23,66,9.0
B_k9_2od_x1.0,B,mutation,0,4,23,23,65,9.0
B_k9_2od_x1.0,B,mutation,0,5,23,23,58,9.0
B_k9_2od_x1.0,B,mutation,0,6,23,23,57,9.0
B_k9_2od_x1.0,B,mutation,0,7,23,23,63,9.0
B_k9_2od_x1.0,B,mutation,0,8,23,23,61,9.0
B_k9_2od_x1.0,B,mutation,0,9,23,23,66,9.0
B_k9_2od_x1.0,B,mutation,0,10,23,23,59,9.0
B_k9_2od_x1.0,B,mutation,0,11,23,23,66,9.0
B_k9_2od_x1.0,B,mutation,0,12,23,23,63,9.0
B_k9_2od_x1.0,B,mutation,0,13,23,23,63,9.0
B_k9_2od_x1.0,B,mutation,0,14,23,23,63,9.0
B_k9_2od_x1.0,B,mutation,0,15,23,23,56,9.0
B_k9_2od_x1.0,B,mutation,1,1,24,24,64,4.708333333333333
B_k9_2od_x1.0,B,mutation,1,2,23,23,69,9.0
B_k9_2od_x1.0,B,mutation,1,3,23,23,63,9.0
B_k9_2od_x1.0,B,mutation,1,4,23,23,63,9.0
B_k9_2od_x1.0,B,mutation,1,5,23,23,66,9.0
B_k9_2od_x1.0,B,mutation,1,6,23,23,65,9.0
B_k9_2od_x1.0,B,mutation,1,7,23,23,62,9.0
B_k9_2od_x1.0,B,mutation,1,8,23,23,64,9.0
B_k9_2od_x1.0,B,mutation,1,9,23,23,60,9.0
B_k9_2od_x1.0,B,mutation,1,10,23,23,64,9.0
B_k9_2od_x1.0,B,mutation,1,11,23,23,58,9.0
B_k9_2od_x1.0,B,mutation,1,12,23,23,57,9.0
B_k9_2od_x1.0,B,mutation,1,13,23,23,60,9.0
B_k9_2od_x1.0,B,mutation,1,14,23,23,67,9.0
B_k9_2od_x1.0,B,mutation,1,15,23,23,60,9.0
B_k9_2od_x1.0,B,mutation,2,1,24,24,74,5.125
B_k9_2od_x1.0,B,mutation,2,2,23,23,65,9.0
B_k9_2od_x1.0,B,mutation,2,3,23,23,68,9.0
B_k9_2od_x1.0,B,mutation,2,4,23,23,65,9.0
B_k9_2od_x1.0,B,mutation,2,5,23,23,64,9.0
B_k9_2od_x1.0,B,mutation,2,6,23,23,63,9.0
B_k9_2od_x1.0,B,mutation,2,7,23,23,64,9.0
B_k9_2od_x1.0,B,mutation,2,8,23,23,63,9.0
B_k9_2od_x1.0,B,mutation,2,9,23,23,63,9.0
B_k9_2od_x1.0,B,mutation,2,10,23,23,66,9.0
B_k9_2od_x1.0,B,mutation,2,11,23,23,64,9.0
B_k9_2od_x1.0,B,mutation,2,12,23,23,60,9.0
B_k9_2od_x1.0,B,mutation,2,13,23,23,61,9.0
B_k9_2od_x1.0,B,mutation,2,14,23,23,59,9.0
B_k9_2od_x1.0,B,mutation,2,15,23,23,64,9.0
B_k9_2od_x1.0,B,mutation,3,1,24,24,56,4.0
B_k9_2od_x1.0,B,mutation,3,2,23,23,64,9.0
B_k9_2od_x1.0,B,mutation,3,3,23,23,60,9.0
B_k9_2od_x1.0,B,mutation,3,4,23,23,63,9.0
B_k9_2od_x1.0,B,mutation,3,5,23,23,61,9.0
B_k9_2od_x1.0,B,mutation,3,6,23,23,56,9.0
B_k9_2od_x1.0,B,mutation,3,7,23,23,64,9.0
B_k9_2od_x1.0,B,mutation,3,8,23,23,59,9.0
B_k9_2od_x1.0,B,mutation,3,9,23,23,55,9.0
B_k9_2od_x1.0,B,mutation,3,10,23,23,63,9.0
B_k9_2od_x1.0,B,mutation,3,11,23,23,66,9.0
B_k9_2od_x1.0,B,mutation,3,12,23,23,68,9.0
B_k9_2od_x1.0,B,mutation,3,13,23,23,66,9.0
B_k9_2od_x1.0,B,mutation,3,14,23,23,59,9.0
B_k9_2od_x1.0,B,mutation,3,15,23,23,61,9.0
B_k9_2od_x1.0,B,mutation,4,1,24,23,63,3.8333333333333335
B_k9_2od_x1.0,B,mutation,4,2,23,23,71,9.0
B_k9_2od_x1.0,B,mutation,4,3,23,23,65,9.0
B_k9_2od_x1.0,B,mutation,4,4,23,23,61,9.0
B_k9_2od_x1.0,B,mutation,4,5,23,23,61,9.0
B_k9_2od_x1.0,B,mutation,4,6,23,23,57,9.0
B_k9_2od_x1.0,B,mutation,4,7,23,23,62,9.0
B_k9_2od_x1.0,B,mutation,4,8,23,23,63,9.0
B_k9_2od_x1.0,B,mutation,4,9,23,23,61,9.0
B_k9_2od_x1.0,B,mutation,4,10,23,23,59,9.0
B_k9_2od_x1.0,B,mutation,4,11,23,23,60,9.0
B_k9_2od_x1.0,B,mutation,4,12,23,23,64,9.0
B_k9_2od_x1.0,B,mutation,4,13,23,23,60,9.0
B_k9_2od_x1.0,B,mutation,4,14,23,23,63,9.0
B_k9_2od_x1.0,B,mutation,4,15,23,23,63,9.0
B_k9_2od_x1.0,B,mutation,5,1,24,24,66,4.541666666666667
B_k9_2od_x1.0,B,mutation,5,2,23,23,65,9.0
B_k9_2od_x1.0,B,mutation,5,3,23,23,67,9.0
B_k9_2od_x1.0,B,mutation,5,4,23,23,63,9.0
B_k9_2od_x1.0,B,mutation,5,5,23,23,60,9.0
B_k9_2od_x1.0,B,mutation,5,6,23,23,65,9.0
B_k9_2od_x1.0,B,mutation,5,7,23,23,66,9.0
B_k9_2od_x1.0,B,mutation,5,8,23,23,68,9.0
B_k9_2od_x1.0,B,mutation,5,9,23,23,68,9.0
B_k9_2od_x1.0,B,mutation,5,10,23,23,64,9.0
B_k9_2od_x1.0,B,mutation,5,11,23,23,64,9.0
B_k9_2od_x1.0,B,mutation,5,12,23,23,64,9.0
B_k9_2od_x1.0,B,mutation,5,13,23,23,66,9.0
B_k9_2od_x1.0,B,mutation,5,14,23,23,61,9.0
B_k9_2od_x1.0,B,mutation,5,15,23,23,65,9.0
B_k9_2od_x1.0,B,mutation,6,1,24,24,65,5.041666666666667
B_k9_2od_x1.0,B,mutation,6,2,23,23,65,9.0
B_k9_2od_x1.0,B,mutation,6,3,23,23,64,9.0
B_k9_2od_x1.0,B,mutation,6,4,23,23,64,9.0
B_k9_2od_x1.0,B,mutation,6,5,23,23,61,9.0
B_k9_2od_x1.0,B,mutation,6,6,23,23,59,9.0
B_k9_2od_x1.0,B,mutation,6,7,23,23,61,9.0
B_k9_2od_x1.0,B,mutation,6,8,23,23,66,9.0
B_k9_2od_x1.0,B,mutation,6,9,23,23,63,9.0
B_k9_2od_x1.0,B,mutation,6,10,23,23,61,9.0
B_k9_2od_x1.0,B,mutation,6,11,23,23,63,9.0
B_k9_2od_x1.0,B,mutation,6,12,23,23,63,9.0
B_k9_2od_x1.0,B,mutation,6,13,23,23,62,9.0
B_k9_2od_x1.0,B,mutation,6,14,23,23,66,9.0
B_k9_2od_x1.0,B,mutation,6,15,23,23,63,9.0
B_k9_2od_x1.0,B,mutation,7,1,24,24,65,4.958333333333333
B_k9_2od_x1.0,B,mutation,7,2,23,23,69,9.0
B_k9_2od_x1.0,B,mutation,7,3,23,23,68,9.0
B_k9_2od_x1.0,B,mutation,7,4,23,23,61,9.0
B_k9_2od_x1.0,B,mutation,7,5,23,23,58,9.0
B_k9_2od_x1.0,B,mutation,7,6,23,23,62,9.0
B_k9_2od_x1.0,B,mutation,7,7,23,23,63,9.0
B_k9_2od_x1.0,B,mutation,7,8,23,23,57,9.0
B_k9_2od_x1.0,B,mutation,7,9,23,23,67,9.0
B_k9_2od_x1.0,B,mutation,7,10,23,23,64,9.0
B_k9_2od_x1.0,B,mutation,7,11,23,23,66,9.0
B_k9_2od_x1.0,B,mutation,7,12,23,23,58,9.0
B_k9_2od_x1.0,B,mutation,7,13,23,23,62,9.0
B_k9_2od_x1.0,B,mutation,7,14,23,23,60,9.0
B_k9_2od_x1.0,B,mutation,7,15,23,23,60,9.0
B_k9_2od_x1.0,B,mutation,8,1,24,24,62,4.083333333333333
B_k9_2od_x1.0,B,mutation,8,2,23,23,67,9.0
B_k9_2od_x1.0,B,mutation,8,3,23,23,62,9.0
B_k9_2od_x1.0,B,mutation,8,4,23,23,64,9.0
B_k9_2od_x1.0,B,mutation,8,5,23,23,65,9.0
B_k9_2od_x1.0,B,mutation,8,6,23,23,55,9.0
B_k9_2od_x1.0,B,mutation,8,7,23,23,54,9.0
B_k9_2od_x1.0,B,mutation,8,8,23,23,58,9.0
B_k9_2od_x1.0,B,mutation,8,9,23,23,58,9.0
B_k9_2od_x1.0,B,mutation,8,10,23,23,59,9.0
B_k9_2od_x1.0,B,mutation,8,11,23,23,60,9.0
B_k9_2od_x1.0,B,mutation,8,12,23,23,59,9.0
B_k9_2od_x1.0,B,mutation,8,13,23,23,66,9.0
B_k9_2od_x1.0,B,mutation,8,14,23,23,63,9.0
B_k9_2od_x1.0,B,mutation,8,15,23,23,65,9.0
B_k9_2od_x1.0,B,mutation,9,1,24,24,65,4.75
B_k9_2od_x1.0,B,mutation,9,2,23,23,65,9.0
B_k9_2od_x1.0,B,mutation,9,3,23,23,65,9.0
B_k9_2od_x1.0,B,mutation,9,4,23,23,65,9.0
B_k9_2od_x1.0,B,mutation,9,5,23,23,61,9.0
B_k9_2od_x1.0,B,mutation,9,6,23,23,60,9.0
B_k9_2od_x1.0,B,mutation,9,7,23,23,64,9.0
B_k9_2od_x1.0,B,mutation,9,8,23,23,61,9.0
B_k9_2od_x1.0,B,mutation,9,9,23,23,59,9.0
B_k9_2od_x1.0,B,mutation,9,10,23,23,63,9.0
B_k9_2od_x1.0,B,mutation,9,11,23,23,62,9.0
B_k9_2od_x1.0,B,mutation,9,12,23,23,65,9.0
B_k9_2od_x1.0,B,mutation,9,13,23,23,62,9.0
B_k9_2od_x1.0,B,mutation,9,14,23,23,59,9.0
B_k9_2od_x1.0,B,mutation,9,15,23,23,65,9.0
B_k9_2od_x1.0,B,none,0,1,24,24,69,5.5
B_k9_2od_x1.0,B,none,0,2,23,23,79,9.0
B_k9_2od_x1.0,B,none,0,3,23,23,82,9.0
B_k9_2od_x1.0,B,none,0,4,23,23,71,9.0
B_k9_2od_x1.0,B,none,0,5,23,23,74,9.0
B_k9_2od_x1.0,B,none,0,6,23,23,71,9.0
B_k9_2od_x1.0,B,none,0,7,23,23,78,9.0
B_k9_2od_x1.0,B,none,0,8,23,23,71,9.0
B_k9_2od_x1.0,B,none,0,9,23,23,76,9.0
B_k9_2od_x1.0,B,none,0,10,23,23,75,9.0
B_k9_2od_x1.0,B,none,0,11,23,23,75,9.0
B_k9_2od_x1.0,B,none,0,12,23,23,78,9.0
B_k9_2od_x1.0,B,none,0,13,23,23,75,9.0
B_k9_2od_x1.0,B,none,0,14,23,23,77,9.0
B_k9_2od_x1.0,B,none,0,15,23,23,69,9.0
B_k9_2od_x1.0,B,none,1,1,24,24,64,4.708333333333333
B_k9_2od_x1.0,B,none,1,2,23,23,80,9.0
B_k9_2od_x1.0,B,none,1,3,23,23,79,9.0
B_k9_2od_x1.0,B,none,1,4,23,23,77,9.0
B_k9_2od_x1.0,B,none,1,5,23,23,77,9.0
B_k9_2od_x1.0,B,none,1,6,23,23,74,9.0
B_k9_2od_x1.0,B,none,1,7,23,23,75,9.0
B_k9_2od_x1.0,B,none,1,8,23,23,82,9.0
B_k9_2od_x1.0,B,none,1,9,23,23,79,9.0
B_k9_2od_x1.0,B,none,1,10,23,23,79,9.0
B_k9_2od_x1.0,B,none,1,11,23,23,75,9.0
B_k9_2od_x1.0,B,none,1,12,23,23,74,9.0
B_k9_2od_x1.0,B,none,1,13,23,23,80,9.0
B_k9_2od_x1.0,B,none,1,14,23,23,78,9.0
B_k9_2od_x1.0,B,none,1,15,23,23,75,9.0
B_k9_2od_x1.0,B,none,2,1,24,24,74,5.125
B_k9_2od_x1.0,B,none,2,2,23,23,81,9.0
B_k9_2od_x1.0,B,none,2,3,23,23,79,9.0
B_k9_2od_x1.0,B,none,2,4,23,23,81,9.0
B_k9_2od_x1.0,B,none,2,5,23,23,79,9.0
B_k9_2od_x1.0,B,none,2,6,23,23,78,9.0
B_k9_2od_x1.0,B,none,2,7,23,23,72,9.0
B_k9_2od_x1.0,B,none,2,8,23,23,72,9.0
B_k9_2od_x1.0,B,none,2,9,23,23,72,9.0
B_k9_2od_x1.0,B,none,2,10,23,23,75,9.0
B_k9_2od_x1.0,B,none,2,11,23,23,78,9.0
B_k9_2od_x1.0,B,none,2,12,23,23,77,9.0
B_k9_2od_x1.0,B,none,2,13,23,23,74,9.0
B_k9_2od_x1.0,B,none,2,14,23,23,77,9.0
B_k9_2od_x1.0,B,none,2,15,23,23,75,9.0
B_k9_2od_x1.0,B,none,3,1,24,24,56,4.0
B_k9_2od_x1.0,B,none,3,2,23,23,82,9.0
B_k9_2od_x1.0,B,none,3,3,23,23,75,9.0
B_k9_2od_x1.0,B,none,3,4,23,23,71,9.0
B_k9_2od_x1.0,B,none,3,5,23,23,73,9.0
B_k9_2od_x1.0,B,none,3,6,23,23,76,9.0
B_k9_2od_x1.0,B,none,3,7,23,23,77,9.0
B_k9_2od_x1.0,B,none,3,8,23,23,79,9.0
B_k9_2od_x1.0,B,none,3,9,23,23,78,9.0
B_k9_2od_x1.0,B,none,3,10,23,23,76,9.0
B_k9_2od_x1.0,B,none,3,11,23,23,76,9.0
B_k9_2od_x1.0,B,none,3,12,23,23,79,9.0
B_k9_2od_x1.0,B,none,3,13,23,23,78,9.0
B_k9_2od_x1.0,B,none,3,14,23,23,77,9.0
B_k9_2od_x1.0,B,none,3,15,23,23,73,9.0
B_k9_2od_x1.0,B,none,4,1,24,23,63,3.8333333333333335
B_k9_2od_x1.0,B,none,4,2,23,23,74,9.0
B_k9_2od_x1.0,B,none,4,3,23,23,75,9.0
B_k9_2od_x1.0,B,none,4,4,23,23,76,9.0
B_k9_2od_x1.0,B,none,4,5,23,23,78,9.0
B_k9_2od_x1.0,B,none,4,6,23,23,77,9.0
B_k9_2od_x1.0,B,none,4,7,23,23,80,9.0
B_k9_2od_x1.0,B,none,4,8,23,23,78,9.0
B_k9_2od_x1.0,B,none,4,9,23,23,76,9.0
B_k9_2od_x1.0,B,none,4,10,23,23,70,9.0
B_k9_2od_x1.0,B,none,4,11,23,23,70,9.0
B_k9_2od_x1.0,B,none,4,12,23,23,78,9.0
B_k9_2od_x1.0,B,none,4,13,23,23,76,9.0
B_k9_2od_x1.0,B,none,4,14,23,23,75,9.0
B_k9_2od_x1.0,B,none,4,15,23,23,79,9.0
B_k9_2od_x1.0,B,none,5,1,24,24,66,4.541666666666667
B_k9_2od_x1.0,B,none,5,2,23,23,77,9.0
B_k9_2od_x1.0,B,none,5,3,23,23,76,9.0
B_k9_2od_x1.0,B,none,5,4,23,23,72,9.0
B_k9_2od_x1.0,B,none,5,5,23,23,72,9.0
B_k9_2od_x1.0,B,none,5,6,23,23,75,9.0
B_k9_2od_x1.0,B,none,5,7,23,23,83,9.0
B_k9_2od_x1.0,B,none,5,8,23,23,80,9.0
B_k9_2od_x1.0,B,none,5,9,23,23,77,9.0
B_k9_2od_x1.0,B,none,5,10,23,23,70,9.0
B_k9_2od_x1.0,B,none,5,11,23,23,74,9.0
B_k9_2od_x1.0,B,none,5,12,23,23,76,9.0
B_k9_2od_x1.0,B,none,5,13,23,23,74,9.0
B_k9_2od_x1.0,B,none,5,14,23,23,77,9.0
B_k9_2od_x1.0,B,none,5,15,23,23,78,9.0
B_k9_2od_x1.0,B,none,6,1,24,24,65,5.041666666666667
B_k9_2od_x1.0,B,none,6,2,23,23,75,9.0
B_k9_2od_x1.0,B,none,6,3,23,23,72,9.0
B_k9_2od_x1.0,B,none,6,4,23,23,79,9.0
B_k9_2od_x1.0,B,none,6,5,23,23,79,9.0
B_k9_2od_x1.0,B,none,6,6,23,23,74,9.0
B_k9_2od_x1.0,B,none,6,7,23,23,77,9.0
B_k9_2od_x1.0,B,none,6,8,23,23,71,9.0
B_k9_2od_x1.0,B,none,6,9,23,23,78,9.0
B_k9_2od_x1.0,B,none,6,10,23,23,82,9.0
B_k9_2od_x1.0,B,none,6,11,23,23,77,9.0
B_k9_2od_x1.0,B,none,6,12,23,23,72,9.0
B_k9_2od_x1.0,B,none,6,13,23,23,78,9.0
B_k9_2od_x1.0,B,none,6,14,23,23,75,9.0
B_k9_2od_x1.0,B,none,6,15,23,23,74,9.0
B_k9_2od_x1.0,B,none,7,1,24,24,65,4.958333333333333
B_k9_2od_x1.0,B,none,7,2,23,23,77,9.0
B_k9_2od_x1.0,B,none,7,3,23,23,76,9.0
B_k9_2od_x1.0,B,none,7,4,23,23,72,9.0
B_k9_2od_x1.0,B,none,7,5,23,23,78,9.0
B_k9_2od_x1.0,B,none,7,6,23,23,74,9.0
B_k9_2od_x1.0,B,none,7,7,23,23,76,9.0
B_k9_2od_x1.0,B,none,7,8,23,23,76,9.0
B_k9_2od_x1.0,B,none,7,9,23,23,80,9.0
B_k9_2od_x1.0,B,none,7,10,23,23,78,9.0
B_k9_2od_x1.0,B,none,7,11,23,23,76,9.0
B_k9_2od_x1.0,B,none,7,12,23,23,74,9.0
B_k9_2od_x1.0,B,none,7,13,23,23,75,9.0
B_k9_2od_x1.0,B,none,7,14,23,23,75,9.0
B_k9_2od_x1.0,B,none,7,15,23,23,77,9.0
B_k9_2od_x1.0,B,none,8,1,24,24,62,4.083333333333333
B_k9_2od_x1.0,B,none,8,2,23,23,78,9.0
B_k9_2od_x1.0,B,none,8,3,23,23,76,9.0
B_k9_2od_x1.0,B,none,8,4,23,23,82,9.0
B_k9_2od_x1.0,B,none,8,5,23,23,74,9.0
B_k9_2od_x1.0,B,none,8,6,23,23,76,9.0
B_k9_2od_x1.0,B,none,8,7,23,23,78,9.0
B_k9_2od_x1.0,B,none,8,8,23,23,73,9.0
B_k9_2od_x1.0,B,none,8,9,23,23,69,9.0
B_k9_2od_x1.0,B,none,8,10,23,23,76,9.0
B_k9_2od_x1.0,B,none,8,11,23,23,75,9.0
B_k9_2od_x1.0,B,none,8,12,23,23,76,9.0
B_k9_2od_x1.0,B,none,8,13,23,23,76,9.0
B_k9_2od_x1.0,B,none,8,14,23,23,75,9.0
B_k9_2od_x1.0,B,none,8,15,23,23,75,9.0
B_k9_2od_x1.0,B,none,9,1,24,24,65,4.75
B_k9_2od_x1.0,B,none,9,2,23,23,77,9.0
B_k9_2od_x1.0,B,none,9,3,23,23,79,9.0
B_k9_2od_x1.0,B,none,9,4,23,23,78,9.0
B_k9_2od_x1.0,B,none,9,5,23,23,73,9.0
B_k9_2od_x1.0,B,none,9,6,23,23,75,9.0
B_k9_2od_x1.0,B,none,9,7,23,23,73,9.0
B_k9_2od_x1.0,B,none,9,8,23,23,83,9.0
B_k9_2od_x1.0,B,none,9,9,23,23,77,9.0
B_k9_2od_x1.0,B,none,9,10,23,23,75,9.0
B_k9_2od_x1.0,B,none,9,11,23,23,75,9.0
B_k9_2od_x1.0,B,none,9,12,23,23,77,9.0
B_k9_2od_x1.0,B,none,9,13,23,23,74,9.0
B_k9_2od_x1.0,B,none,9,14,23,23,77,9.0
B_k9_2od_x1.0,B,none,9,15,23,23,78,9.0
B_k9_2od_x1.2,B,both,0,1,24,24,54,4.958333333333333
B_k9_2od_x1.2,B,both,0,2,23,23,69,9.0
B_k9_2od_x1.2,B,both,0,3,23,23,63,9.0
B_k9_2od_x1.2,B,both,0,4,23,23,61,9.0
B_k9_2od_x1.2,B,both,0,5,23,23,61,9.0
B_k9_2od_x1.2,B,both,0,6,23,23,65,9.0
B_k9_2od_x1.2,B,both,0,7,23,23,69,9.0
B_k9_2od_x1.2,B,both,0,8,23,23,64,9.0
B_k9_2od_x1.2,B,both,0,9,23,23,64,9.0
B_k9_2od_x1.2,B,both,0,10,23,23,66,9.0
B_k9_2od_x1.2,B,both,0,11,23,23,70,9.0
B_k9_2od_x1.2,B,both,0,12,23,23,56,9.0
B_k9_2od_x1.2,B,both,0,13,23,23,65,9.0
B_k9_2od_x1.2,B,both,0,14,23,23,62,9.0
B_k9_2od_x1.2,B,both,0,15,23,23,61,9.0
B_k9_2od_x1.2,B,both,1,1,24,22,49,4.375
B_k9_2od_x1.2,B,both,1,2,23,23,69,9.0
B_k9_2od_x1.2,B,both,1,3,23,23,62,9.0
B_k9_2od_x1.2,B,both,1,4,23,23,61,9.0
B_k9_2od_x1.2,B,both,1,5,23,23,63,9.0
B_k9_2od_x1.2,B,both,1,6,23,23,69,9.0
B_k9_2od_x1.2,B,both,1,7,23,23,61,9.0
B_k9_2od_x1.2,B,both,1,8,23,23,63,9.0
B_k9_2od_x1.2,B,both,1,9,23,23,68,9.0
B_k9_2od_x1.2,B,both,1,10,23,23,63,9.0
B_k9_2od_x1.2,B,both,1,11,23,23,62,9.0
B_k9_2od_x1.2,B,both,1,12,23,23,62,9.0
B_k9_2od_x1.2,B,both,1,13,23,23,58,9.0
B_k9_2od_x1.2,B,both,1,14,23,23,62,9.0
B_k9_2od_x1.2,B,both,1,15,23,23,57,9.0
B_k9_2od_x1.2,B,both,2,1,24,21,52,4.416666666666667
B_k9_2od_x1.2,B,both,2,2,23,23,60,9.0
B_k9_2od_x1.2,B,both,2,3,23,23,66,9.0
B_k9_2od_x1.2,B,both,2,4,23,23,56,9.0
B_k9_2od_x1.2,B,both,2,5,23,23,60,9.0
B_k9_2od_x1.2,B,both,2,6,23,23,60,9.0
B_k9_2od_x1.2,B,both,2,7,23,23,61,9.0
B_k9_2od_x1.2,B,both,2,8,23,23,62,9.0
B_k9_2od_x1.2,B,both,2,9,23,23,62,9.0
B_k9_2od_x1.2,B,both,2,10,23,23,60,9.0
B_k9_2od_x1.2,B,both,2,11,23,23,54,9.0
B_k9_2od_x1.2,B,both,2,12,23,23,60,9.0
B_k9_2od_x1.2,B,both,2,13,23,23,65,9.0
B_k9_2od_x1.2,B,both,2,14,23,23,59,9.0
B_k9_2od_x1.2,B,both,2,15,23,23,60,9.0
B_k9_2od_x1.2,B,both,3,1,24,24,52,5.416666666666667
B_k9_2od_x1.2,B,both,3,2,23,23,57,9.0
B_k9_2od_x1.2,B,both,3,3,23,23,57,9.0
B_k9_2od_x1.2,B,both,3,4,23,23,61,9.0
B_k9_2od_x1.2,B,both,3,5,23,23,60,9.0
B_k9_2od_x1.2,B,both,3,6,23,23,63,9.0
B_k9_2od_x1.2,B,both,3,7,23,23,64,9.0
B_k9_2od_x1.2,B,both,3,8,23,23,57,9.0
B_k9_2od_x1.2,B,both,3,9,23,23,61,9.0
B_k9_2od_x1.2,B,both,3,10,23,23,58,9.0
B_k9_2od_x1.2,B,both,3,11,23,23,58,9.0
B_k9_2od_x1.2,B,both,3,12,23,23,57,9.0
B_k9_2od_x1.2,B,both,3,13,23,23,61,9.0
B_k9_2od_x1.2,B,both,3,14,23,23,62,9.0
B_k9_2od_x1.2,B,both,3,15,23,23,64,9.0
B_k9_2od_x1.2,B,both,4,1,24,22,48,3.5416666666666665
B_k9_2od_x1.2,B,both,4,2,23,23,61,9.0
B_k9_2od_x1.2,B,both,4,3,23,23,57,9.0
B_k9_2od_x1.2,B,both,4,4,23,23,63,9.0
B_k9_2od_x1.2,B,both,4,5,23,23,62,9.0
B_k9_2od_x1.2,B,both,4,6,23,23,58,9.0
B_k9_2od_x1.2,B,both,4,7,23,23,58,9.0
B_k9_2od_x1.2,B,both,4,8,23,23,60,9.0
B_k9_2od_x1.2,B,both,4,9,23,23,64,9.0
B_k9_2od_x1.2,B,both,4,10,23,23,59,9.0
B_k9_2od_x1.2,B,both,4,11,23,23,63,9.0
B_k9_2od_x1.2,B,both,4,12,23,23,65,9.0
B_k9_2od_x1.2,B,both,4,13,23,23,59,9.0
B_k9_2od_x1.2,B,both,4,14,23,23,59,9.0
B_k9_2od_x1.2,B,both,4,15,23,23,61,9.0
B_k9_2od_x1.2,B,both,5,1,24,22,46,4.25
B_k9_2od_x1.2,B,both,5,2,23,23,69,9.0
B_k9_2od_x1.2,B,both,5,3,23,23,65,9.0
B_k9_2od_x1.2,B,both,5,4,23,23,64,9.0
B_k9_2od_x1.2,B,both,5,5,23,23,63,9.0
B_k9_2od_x1.2,B,both,5,6,23,23,64,9.0
B_k9_2od_x1.2,B,both,5,7,23,23,64,9.0
B_k9_2od_x1.2,B,both,5,8,23,23,64,9.0
B_k9_2od_x1.2,B,both,5,9,23,23,63,9.0
B_k9_2od_x1.2,B,both,5,10,23,23,60,9.0
B_k9_2od_x1.2,B,both,5,11,23,23,57,9.0
B_k9_2od_x1.2,B,both,5,12,23,23,60,9.0
B_k9_2od_x1.2,B,both,5,13,23,23,63,9.0
B_k9_2od_x1.2,B,both,5,14,23,23,62,9.0
B_k9_2od_x1.2,B,both,5,15,23,23,58,9.0
B_k9_2od_x1.2,B,both,6,1,24,22,60,4.958333333333333
B_k9_2od_x1.2,B,both,6,2,23,23,61,9.0
B_k9_2od_x1.2,B,both,6,3,23,23,62,9.0
B_k9_2od_x1.2,B,both,6,4,23,23,63,9.0
B_k9_2od_x1.2,B,both,6,5,23,23,61,9.0
B_k9_2od_x1.2,B,both,6,6,23,23,62,9.0
B_k9_2od_x1.2,B,both,6,7,23,23,57,9.0
B_k9_2od_x1.2,B,both,6,8,23,23,66,9.0
B_k9_2od_x1.2,B,both,6,9,23,23,65,9.0
B_k9_2od_x1.2,B,both,6,10,23,23,57,9.0
B_k9_2od_x1.2,B,both,6,11,23,23,63,9.0
B_k9_2od_x1.2,B,both,6,12,23,23,64,9.0
B_k9_2od_x1.2,B,both,6,13,23,23,63,9.0
B_k9_2od_x1.2,B,both,6,14,23,23,61,9.0
B_k9_2od_x1.2,B,both,6,15,23,23,63,9.0
B_k9_2od_x1.2,B,both,7,1,24,19,46,3.75
B_k9_2od_x1.2,B,both,7,2,23,23,60,9.0
B_k9_2od_x1.2,B,both,7,3,23,23,62,9.0
B_k9_2od_x1.2,B,both,7,4,23,23,62,9.0
B_k9_2od_x1.2,B,both,7,5,23,23,61,9.0
B_k9_2od_x1.2,B,both,7,6,23,23,60,9.0
B_k9_2od_x1.2,B,both,7,7,23,23,59,9.0
B_k9_2od_x1.2,B,both,7,8,23,23,59,9.0
B_k9_2od_x1.2,B,both,7,9,23,23,62,9.0
B_k9_2od_x1.2,B,both,7,10,23,23,64,9.0
B_k9_2od_x1.2,B,both,7,11,23,23,69,9.0
B_k9_2od_x1.2,B,both,7,12,23,23,59,9.0
B_k9_2od_x1.2,B,both,7,13,23,23,61,9.0
B_k9_2od_x1.2,B,both,7,14,23,23,56,9.0
B_k9_2od_x1.2,B,both,7,15,23,23,62,9.0
B_k9_2od_x1.2,B,both,8,1,24,23,52,4.375
B_k9_2od_x1.2,B,both,8,2,23,23,64,9.0
B_k9_2od_x1.2,B,both,8,3,23,23,60,9.0
B_k9_2od_x1.2,B,both,8,4,23,23,63,9.0
B_k9_2od_x1.2,B,both,8,5,23,23,65,9.0
B_k9_2od_x1.2,B,both,8,6,23,23,63,9.0
B_k9_2od_x1.2,B,both,8,7,23,23,57,9.0
B_k9_2od_x1.2,B,both,8,8,23,23,59,9.0
B_k9_2od_x1.2,B,both,8,9,23,23,60,9.0
B_k9_2od_x1.2,B,both,8,10,23,23,60,9.0
B_k9_2od_x1.2,B,both,8,11,23,23,60,9.0
B_k9_2od_x1.2,B,both,8,12,23,23,66,9.0
B_k9_2od_x1.2,B,both,8,13,23,23,59,9.0
B_k9_2od_x1.2,B,both,8,14,23,23,66,9.0
B_k9_2od_x1.2,B,both,8,15,23,23,59,9.0
B_k9_2od_x1.2,B,both,9,1,24,22,50,4.541666666666667
B_k9_2od_x1.2,B,both,9,2,23,23,67,9.0
B_k9_2od_x1.2,B,both,9,3,23,23,65,9.0
B_k9_2od_x1.2,B,both,9,4,23,23,60,9.0
B_k9_2od_x1.2,B,both,9,5,23,23,59,9.0
B_k9_2od_x1.2,B,both,9,6,23,23,62,9.0
B_k9_2od_x1.2,B,both,9,7,23,23,55,9.0
B_k9_2od_x1.2,B,both,9,8,23,23,61,9.0
B_k9_2od_x1.2,B,both,9,9,23,23,60,9.0
B_k9_2od_x1.2,B,both,9,10,23,23,60,9.0
B_k9_2od_x1.2,B,both,9,11,23,23,58,9.0
B_k9_2od_x1.2,B,both,9,12,23,23,60,9.0
B_k9_2od_x1.2,B,both,9,13,23,23,62,9.0
B_k9_2od_x1.2,B,both,9,14,23,23,62,9.0
B_k9_2od_x1.2,B,both,9,15,23,23,61,9.0
B_k9_2od_x1.2,B,init,0,1,24,24,54,4.958333333333333
B_k9_2od_x1.2,B,init,0,2,23,23,80,9.0
B_k9_2od_x1.2,B,init,0,3,23,23,78,9.0
B_k9_2od_x1.2,B,init,0,4,23,23,78,9.0
B_k9_2od_x1.2,B,init,0,5,23,23,76,9.0
B_k9_2od_x1.2,B,init,0,6,23,23,74,9.0
B_k9_2od_x1.2,B,init,0,7,23,23,77,9.0
B_k9_2od_x1.2,B,init,0,8,23,23,71,9.0
B_k9_2od_x1.2,B,init,0,9,23,23,78,9.0
B_k9_2od_x1.2,B,init,0,10,23,23,77,9.0
B_k9_2od_x1.2,B,init,0,11,23,23,72,9.0
B_k9_2od_x1.2,B,init,0,12,23,23,76,9.0
B_k9_2od_x1.2,B,init,0,13,23,23,72,9.0
B_k9_2od_x1.2,B,init,0,14,23,23,77,9.0
B_k9_2od_x1.2,B,init,0,15,23,23,77,9.0
B_k9_2od_x1.2,B,init,1,1,24,22,49,4.375
B_k9_2od_x1.2,B,init,1,2,23,23,83,9.0
B_k9_2od_x1.2,B,init,1,3,23,23,76,9.0
B_k9_2od_x1.2,B,init,1,4,23,23,77,9.0
B_k9_2od_x1.2,B,init,1,5,23,23,77,9.0
B_k9_2od_x1.2,B,init,1,6,23,23,74,9.0
B_k9_2od_x1.2,B,init,1,7,23,23,77,9.0
B_k9_2od_x1.2,B,init,1,8,23,23,77,9.0
B_k9_2od_x1.2,B,init,1,9,23,23,73,9.0
B_k9_2od_x1.2,B,init,1,10,23,23,74,9.0
B_k9_2od_x1.2,B,init,1,11,23,23,75,9.0
B_k9_2od_x1.2,B,init,1,12,23,23,74,9.0
B_k9_2od_x1.2,B,init,1,13,23,23,72,9.0
B_k9_2od_x1.2,B,init,1,14,23,23,77,9.0
B_k9_2od_x1.2,B,init,1,15,23,23,74,9.0
B_k9_2od_x1.2,B,init,2,1,24,21,52,4.416666666666667
B_k9_2od_x1.2,B,init,2,2,23,23,81,9.0
B_k9_2od_x1.2,B,init,2,3,23,23,76,9.0
B_k9_2od_x1.2,B,init,2,4,23,23,73,9.0
B_k9_2od_x1.2,B,init,2,5,23,23,71,9.0
B_k9_2od_x1.2,B,init,2,6,23,23,78,9.0
B_k9_2od_x1.2,B,init,2,7,23,23,75,9.0
B_k9_2od_x1.2,B,init,2,8,23,23,70,9.0
B_k9_2od_x1.2,B,init,2,9,23,23,81,9.0
B_k9_2od_x1.2,B,init,2,10,23,23,76,9.0
B_k9_2od_x1.2,B,init,2,11,23,23,79,9.0
B_k9_2od_x1.2,B,init,2,12,23,23,76,9.0
B_k9_2od_x1.2,B,init,2,13,23,23,80,9.0
B_k9_2od_x1.2,B,init,2,14,23,23,78,9.0
B_k9_2od_x1.2,B,init,2,15,23,23,72,9.0
B_k9_2od_x1.2,B,init,3,1,24,24,52,5.416666666666667
B_k9_2od_x1.2,B,init,3,2,23,23,77,9.0
B_k9_2od_x1.2,B,init,3,3,23,23,81,9.0
B_k9_2od_x1.2,B,init,3,4,23,23,74,9.0
B_k9_2od_x1.2,B,init,3,5,23,23,72,9.0
B_k9_2od_x1.2,B,init,3,6,23,23,75,9.0
B_k9_2od_x1.2,B,init,3,7,23,23,79,9.0
B_k9_2od_x1.2,B,init,3,8,23,23,73,9.0
B_k9_2od_x1.2,B,init,3,9,23,23,76,9.0
B_k9_2od_x1.2,B,init,3,10,23,23,77,9.0
B_k9_2od_x1.2,B,init,3,11,23,23,69,9.0
B_k9_2od_x1.2,B,init,3,12,23,23,80,9.0
B_k9_2od_x1.2,B,init,3,13,23,23,77,9.0
B_k9_2od_x1.2,B,init,3,14,23,23,78,9.0
B_k9_2od_x1.2,B,init,3,15,23,23,78,9.0
B_k9_2od_x1.2,B,init,4,1,24,22,48,3.5416666666666665
B_k9_2od_x1.2,B,init,4,2,23,23,78,9.0
B_k9_2od_x1.2,B,init,4,3,23,23,77,9.0
B_k9_2od_x1.2,B,init,4,4,23,23,80,9.0
B_k9_2od_x1.2,B,init,4,5,23,23,77,9.0
B_k9_2od_x1.2,B,init,4,6,23,23,74,9.0
B_k9_2od_x1.2,B,init,4,7,23,23,76,9.0
B_k9_2od_x1.2,B,init,4,8,23,23,71,9.0
B_k9_2od_x1.2,B,init,4,9,23,23,79,9.0
B_k9_2od_x1.2,B,init,4,10,23,23,72,9.0
B_k9_2od_x1.2,B,init,4,11,23,23,74,9.0
B_k9_2od_x1.2,B,init,4,12,23,23,77,9.0
B_k9_2od_x1.2,B,init,4,13,23,23,78,9.0
B_k9_2od_x1.2,B,init,4,14,23,23,78,9.0
B_k9_2od_x1.2,B,init,4,15,23,23,75,9.0
B_k9_2od_x1.2,B,init,5,1,24,22,46,4.25
B_k9_2od_x1.2,B,init,5,2,23,23,79,9.0
B_k9_2od_x1.2,B,init,5,3,23,23,81,9.0
B_k9_2od_x1.2,B,init,5,4,23,23,73,9.0
B_k9_2od_x1.2,B,init,5,5,23,23,76,9.0
B_k9_2od_x1.2,B,init,5,6,23,23,78,9.0
B_k9_2od_x1.2,B,init,5,7,23,23,73,9.0
B_k9_2od_x1.2,B,init,5,8,23,23,74,9.0
B_k9_2od_x1.2,B,init,5,9,23,23,79,9.0
B_k9_2od_x1.2,B,init,5,10,23,23,74,9.0
B_k9_2od_x1.2,B,init,5,11,23,23,75,9.0
B_k9_2od_x1.2,B,init,5,12,23,23,77,9.0
B_k9_2od_x1.2,B,init,5,13,23,23,81,9.0
B_k9_2od_x1.2,B,init,5,14,23,23,78,9.0
B_k9_2od_x1.2,B,init,5,15,23,23,77,9.0
B_k9_2od_x1.2,B,init,6,1,24,22,60,4.958333333333333
B_k9_2od_x1.2,B,init,6,2,23,23,75,9.0
B_k9_2od_x1.2,B,init,6,3,23,23,80,9.0
B_k9_2od_x1.2,B,init,6,4,23,23,77,9.0
B_k9_2od_x1.2,B,init,6,5,23,23,75,9.0
B_k9_2od_x1.2,B,init,6,6,23,23,74,9.0
B_k9_2od_x1.2,B,init,6,7,23,23,76,9.0
B_k9_2od_x1.2,B,init,6,8,23,23,73,9.0
B_k9_2od_x1.2,B,init,6,9,23,23,77,9.0
B_k9_2od_x1.2,B,init,6,10,23,23,79,9.0
B_k9_2od_x1.2,B,init,6,11,23,23,83,9.0
B_k9_2od_x1.2,B,init,6,12,23,23,73,9.0
B_k9_2od_x1.2,B,init,6,13,23,23,79,9.0
B_k9_2od_x1.2,B,init,6,14,23,23,74,9.0
B_k9_2od_x1.2,B,init,6,15,23,23,71,9.0
B_k9_2od_x1.2,B,init,7,1,24,19,46,3.75
B_k9_2od_x1.2,B,init,7,2,23,23,78,9.0
B_k9_2od_x1.2,B,init,7,3,23,23,76,9.0
B_k9_2od_x1.2,B,init,7,4,23,23,79,9.0
B_k9_2od_x1.2,B,init,7,5,23,23,79,9.0
B_k9_2od_x1.2,B,init,7,6,23,23,75,9.0
B_k9_2od_x1.2,B,init,7,7,23,23,76,9.0
B_k9_2od_x1.2,B,init,7,8,23,23,76,9.0
B_k9_2od_x1.2,B,init,7,9,23,23,72,9.0
B_k9_2od_x1.2,B,init,7,10,23,23,77,9.0
B_k9_2od_x1.2,B,init,7,11,23,23,76,9.0
B_k9_2od_x1.2,B,init,7,12,23,23,82,9.0
B_k9_2od_x1.2,B,init,7,13,23,23,71,9.0
B_k9_2od_x1.2,B,init,7,14,23,23,73,9.0
B_k9_2od_x1.2,B,init,7,15,23,23,74,9.0
B_k9_2od_x1.2,B,init,8,1,24,23,52,4.375
B_k9_2od_x1.2,B,init,8,2,23,23,78,9.0
B_k9_2od_x1.2,B,init,8,3,23,23,76,9.0
B_k9_2od_x1.2,B,init,8,4,23,23,76,9.0
B_k9_2od_x1.2,B,init,8,5,23,23,81,9.0
B_k9_2od_x1.2,B,init,8,6,23,23,79,9.0
B_k9_2od_x1.2,B,init,8,7,23,23,76,9.0
B_k9_2od_x1.2,B,init,8,8,23,23,79,9.0
B_k9_2od_x1.2,B,init,8,9,23,23,77,9.0
B_k9_2od_x1.2,B,init,8,10,23,23,78,9.0
B_k9_2od_x1.2,B,init,8,11,23,23,75,9.0
B_k9_2od_x1.2,B,init,8,12,23,23,73,9.0
B_k9_2od_x1.2,B,init,8,13,23,23,76,9.0
B_k9_2od_x1.2,B,init,8,14,23,23,81,9.0
B_k9_2od_x1.2,B,init,8,15,23,23,77,9.0
B_k9_2od_x1.2,B,init,9,1,24,22,50,4.541666666666667
B_k9_2od_x1.2,B,init,9,2,23,23,73,9.0
B_k9_2od_x1.2,B,init,9,3,23,23,77,9.0
B_k9_2od_x1.2,B,init,9,4,23,23,78,9.0
B_k9_2od_x1.2,B,init,9,5,23,23,78,9.0
B_k9_2od_x1.2,B,init,9,6,23,23,70,9.0
B_k9_2od_x1.2,B,init,9,7,23,23,74,9.0
B_k9_2od_x1.2,B,init,9,8,23,23,74,9.0
B_k9_2od_x1.2,B,init,9,9,23,23,72,9.0
B_k9_2od_x1.2,B,init,9,10,23,23,76,9.0
B_k9_2od_x1.2,B,init,9,11,23,23,73,9.0
B_k9_2od_x1.2,B,init,9,12,23,23,74,9.0
B_k9_2od_x1.2,B,init,9,13,23,23,76,9.0
B_k9_2od_x1.2,B,init,9,14,23,23,73,9.0
B_k9_2od_x1.2,B,init,9,15,23,23,72,9.0
B_k9_2od_x1.2,B,mutation,0,1,24,24,69,5.5
B_k9_2od_x1.2,B,mutation,0,2,23,23,72,9.0
B_k9_2od_x1.2,B,mutation,0,3,23,23,59,9.0
B_k9_2od_x1.2,B,mutation,0,4,23,23,63,9.0
B_k9_2od_x1.2,B,mutation,0,5,23,23,59,9.0
B_k9_2od_x1.2,B,mutation,0,6,23,23,62,9.0
B_k9_2od_x1.2,B,mutation,0,7,23,23,64,9.0
B_k9_2od_x1.2,B,mutation,0,8,23,23,65,9.0
B_k9_2od_x1.2,B,mutation,0,9,23,23,60,9.0
B_k9_2od_x1.2,B,mutation,0,10,23,23,64,9.0
B_k9_2od_x1.2,B,mutation,0,11,23,23,62,9.0
B_k9_2od_x1.2,B,mutation,0,12,23,23,63,9.0
B_k9_2od_x1.2,B,mutation,0,13,23,23,59,9.0
B_k9_2od_x1.2,B,mutation,0,14,23,23,61,9.0
B_k9_2od_x1.2,B,mutation,0,15,23,23,55,9.0
B_k9_2od_x1.2,B,mutation,1,1,24,24,64,4.708333333333333
B_k9_2od_x1.2,B,mutation,1,2,23,23,67,9.0
B_k9_2od_x1.2,B,mutation,1,3,23,23,63,9.0
B_k9_2od_x1.2,B,mutation,1,4,23,23,66,9.0
B_k9_2od_x1.2,B,mutation,1,5,23,23,60,9.0
B_k9_2od_x1.2,B,mutation,1,6,23,23,57,9.0
B_k9_2od_x1.2,B,mutation,1,7,23,23,57,9.0
B_k9_2od_x1.2,B,mutation,1,8,23,23,58,9.0
B_k9_2od_x1.2,B,mutation,1,9,23,23,62,9.0
B_k9_2od_x1.2,B,mutation,1,10,23,23,63,9.0
B_k9_2od_x1.2,B,mutation,1,11,23,23,59,9.0
B_k9_2od_x1.2,B,mutation,1,12,23,23,59,9.0
B_k9_2od_x1.2,B,mutation,1,13,23,23,60,9.0
B_k9_2od_x1.2,B,mutation,1,14,23,23,62,9.0
B_k9_2od_x1.2,B,mutation,1,15,23,23,62,9.0
B_k9_2od_x1.2,B,mutation,2,1,24,24,74,5.125
B_k9_2od_x1.2,B,mutation,2,2,23,23,66,9.0
B_k9_2od_x1.2,B,mutation,2,3,23,23,62,9.0
B_k9_2od_x1.2,B,mutation,2,4,23,23,63,9.0
B_k9_2od_x1.2,B,mutation,2,5,23,23,66,9.0
B_k9_2od_x1.2,B,mutation,2,6,23,23,60,9.0
B_k9_2od_x1.2,B,mutation,2,7,23,23,62,9.0
B_k9_2od_x1.2,B,mutation,2,8,23,23,58,9.0
B_k9_2od_x1.2,B,mutation,2,9,23,23,60,9.0
B_k9_2od_x1.2,B,mutation,2,10,23,23,64,9.0
B_k9_2od_x1.2,B,mutation,2,11,23,23,64,9.0
B_k9_2od_x1.2,B,mutation,2,12,23,23,62,9.0
B_k9_2od_x1.2,B,mutation,2,13,23,23,56,9.0
B_k9_2od_x1.2,B,mutation,2,14,23,23,58,9.0
B_k9_2od_x1.2,B,mutation,2,15,23,23,60,9.0
B_k9_2od_x1.2,B,mutation,3,1,24,24,56,4.0
B_k9_2od_x1.2,B,mutation,3,2,23,23,66,9.0
B_k9_2od_x1.2,B,mutation,3,3,23,23,61,9.0
B_k9_2od_x1.2,B,mutation,3,4,23,23,61,9.0
B_k9_2od_x1.2,B,mutation,3,5,23,23,65,9.0
B_k9_2od_x1.2,B,mutation,3,6,23,23,59,9.0
B_k9_2od_x1.2,B,mutation,3,7,23,23,61,9.0
B_k9_2od_x1.2,B,mutation,3,8,23,23,65,9.0
B_k9_2od_x1.2,B,mutation,3,9,23,23,58,9.0
B_k9_2od_x1.2,B,mutation,3,10,23,23,56,9.0
B_k9_2od_x1.2,B,mutation,3,11,23,23,65,9.0
B_k9_2od_x1.2,B,mutation,3,12,23,23,63,9.0
B_k9_2od_x1.2,B,mutation,3,13,23,23,56,9.0
B_k9_2od_x1.2,B,mutation,3,14,23,23,61,9.0
B_k9_2od_x1.2,B,mutation,3,15,23,23,66,9.0
B_k9_2od_x1.2,B,mutation,4,1,24,23,63,3.8333333333333335
B_k9_2od_x1.2,B,mutation,4,2,23,23,62,9.0
B_k9_2od_x1.2,B,mutation,4,3,23,23,63,9.0
B_k9_2od_x1.2,B,mutation,4,4,23,23,62,9.0
B_k9_2od_x1.2,B,mutation,4,5,23,23,62,9.0
B_k9_2od_x1.2,B,mutation,4,6,23,23,63,9.0
B_k9_2od_x1.2,B,mutation,4,7,23,23,59,9.0
B_k9_2od_x1.2,B,mutation,4,8,23,23,59,9.0
B_k9_2od_x1.2,B,mutation,4,9,23,23,55,9.0
B_k9_2od_x1.2,B,mutation,4,10,23,23,60,9.0
B_k9_2od_x1.2,B,mutation,4,11,23,23,62,9.0
B_k9_2od_x1.2,B,mutation,4,12,23,23,64,9.0
B_k9_2od_x1.2,B,mutation,4,13,23,23,59,9.0
B_k9_2od_x1.2,B,mutation,4,14,23,23,64,9.0
B_k9_2od_x1.2,B,mutation,4,15,23,23,60,9.0
B_k9_2od_x1.2,B,mutation,5,1,24,24,66,4.541666666666667
B_k9_2od_x1.2,B,mutation,5,2,23,23,72,9.0
B_k9_2od_x1.2,B,mutation,5,3,23,23,67,9.0
B_k9_2od_x1.2,B,mutation,5,4,23,23,69,9.0
B_k9_2od_x1.2,B,mutation,5,5,23,23,71,9.0
B_k9_2od_x1.2,B,mutation,5,6,23,23,60,9.0
B_k9_2od_x1.2,B,mutation,5,7,23,23,70,9.0
B_k9_2od_x1.2,B,mutation,5,8,23,23,66,9.0
B_k9_2od_x1.2,B,mutation,5,9,23,23,61,9.0
B_k9_2od_x1.2,B,mutation,5,10,23,23,60,9.0
B_k9_2od_x1.2,B,mutation,5,11,23,23,67,9.0
B_k9_2od_x1.2,B,mutation,5,12,23,23,64,9.0
B_k9_2od_x1.2,B,mutation,5,13,23,23,61,9.0
B_k9_2od_x1.2,B,mutation,5,14,23,23,62,9.0
B_k9_2od_x1.2,B,mutation,5,15,23,23,60,9.0
B_k9_2od_x1.2,B,mutation,6,1,24,24,65,5.041666666666667
B_k9_2od_x1.2,B,mutation,6,2,23,23,72,9.0
B_k9_2od_x1.2,B,mutation,6,3,23,23,59,9.0
B_k9_2od_x1.2,B,mutation,6,4,23,23,61,9.0
B_k9_2od_x1.2,B,mutation,6,5,23,23,63,9.0
B_k9_2od_x1.2,B,mutation,6,6,23,23,64,9.0
B_k9_2od_x1.2,B,mutation,6,7,23,23,57,9.0
B_k9_2od_x1.2,B,mutation,6,8,23,23,63,9.0
B_k9_2od_x1.2,B,mutation,6,9,23,23,65,9.0
B_k9_2od_x1.2,B,mutation,6,10,23,23,62,9.0
B_k9_2od_x1.2,B,mutation,6,11,23,23,56,9.0
B_k9_2od_x1.2,B,mutation,6,12,23,23,61,9.0
B_k9_2od_x1.2,B,mutation,6,13,23,23,64,9.0
B_k9_2od_x1.2,B,mutation,6,14,23,23,68,9.0
B_k9_2od_x1.2,B,mutation,6,15,23,23,59,9.0
B_k9_2od_x1.2,B,mutation,7,1,24,24,65,4.958333333333333
B_k9_2od_x1.2,B,mutation,7,2,23,23,65,9.0
B_k9_2od_x1.2,B,mutation,7,3,23,23,61,9.0
B_k9_2od_x1.2,B,mutation,7,4,23,23,58,9.0
B_k9_2od_x1.2,B,mutation,7,5,23,23,60,9.0
B_k9_2od_x1.2,B,mutation,7,6,23,23,60,9.0
B_k9_2od_x1.2,B,mutation,7,7,23,23,61,9.0
B_k9_2od_x1.2,B,mutation,7,8,23,23,58,9.0
B_k9_2od_x1.2,B,mutation,7,9,23,23,60,9.0
B_k9_2od_x1.2,B,mutation,7,10,23,23,64,9.0
B_k9_2od_x1.2,B,mutation,7,11,23,23,65,9.0
B_k9_2od_x1.2,B,mutation,7,12,23,23,60,9.0
B_k9_2od_x1.2,B,mutation,7,13,23,23,61,9.0
B_k9_2od_x1.2,B,mutation,7,14,23,23,62,9.0
B_k9_2od_x1.2,B,mutation,7,15,23,23,58,9.0
B_k9_2od_x1.2,B,mutation,8,1,24,24,62,4.083333333333333
B_k9_2od_x1.2,B,mutation,8,2,23,23,66,9.0
B_k9_2od_x1.2,B,mutation,8,3,23,23,66,9.0
B_k9_2od_x1.2,B,mutation,8,4,23,23,68,9.0
B_k9_2od_x1.2,B,mutation,8,5,23,23,56,9.0
B_k9_2od_x1.2,B,mutation,8,6,23,23,63,9.0
B_k9_2od_x1.2,B,mutation,8,7,23,23,62,9.0
B_k9_2od_x1.2,B,mutation,8,8,23,23,59,9.0
B_k9_2od_x1.2,B,mutation,8,9,23,23,57,9.0
B_k9_2od_x1.2,B,mutation,8,10,23,23,63,9.0
B_k9_2od_x1.2,B,mutation,8,11,23,23,60,9.0
B_k9_2od_x1.2,B,mutation,8,12,23,23,57,9.0
B_k9_2od_x1.2,B,mutation,8,13,23,23,62,9.0
B_k9_2od_x1.2,B,mutation,8,14,23,23,62,9.0
B_k9_2od_x1.2,B,mutation,8,15,23,23,58,9.0
B_k9_2od_x1.2,B,mutation,9,1,24,24,65,4.75
B_k9_2od_x1.2,B,mutation,9,2,23,23,69,9.0
B_k9_2od_x1.2,B,mutation,9,3,23,23,65,9.0
B_k9_2od_x1.2,B,mutation,9,4,23,23,64,9.0
B_k9_2od_x1.2,B,mutation,9,5,23,23,66,9.0
B_k9_2od_x1.2,B,mutation,9,6,23,23,62,9.0
B_k9_2od_x1.2,B,mutation,9,7,23,23,58,9.0
B_k9_2od_x1.2,B,mutation,9,8,23,23,62,9.0
B_k9_2od_x1.2,B,mutation,9,9,23,23,62,9.0
B_k9_2od_x1.2,B,mutation,9,10,23,23,56,9.0
B_k9_2od_x1.2,B,mutation,9,11,23,23,61,9.0
B_k9_2od_x1.2,B,mutation,9,12,23,23,61,9.0
B_k9_2od_x1.2,B,mutation,9,13,23,23,64,9.0
B_k9_2od_x1.2,B,mutation,9,14,23,23,61,9.0
B_k9_2od_x1.2,B,mutation,9,15,23,23,62,9.0
B_k9_2od_x1.2,B,none,0,1,24,24,69,5.5
B_k9_2od_x1.2,B,none,0,2,23,23,77,9.0
B_k9_2od_x1.2,B,none,0,3,23,23,79,9.0
B_k9_2od_x1.2,B,none,0,4,23,23,76,9.0
B_k9_2od_x1.2,B,none,0,5,23,23,71,9.0
B_k9_2od_x1.2,B,none,0,6,23,23,78,9.0
B_k9_2od_x1.2,B,none,0,7,23,23,74,9.0
B_k9_2od_x1.2,B,none,0,8,23,23,78,9.0
B_k9_2od_x1.2,B,none,0,9,23,23,79,9.0
B_k9_2od_x1.2,B,none,0,10,23,23,79,9.0
B_k9_2od_x1.2,B,none,0,11,23,23,74,9.0
B_k9_2od_x1.2,B,none,0,12,23,23,76,9.0
B_k9_2od_x1.2,B,none,0,13,23,23,77,9.0
B_k9_2od_x1.2,B,none,0,14,23,23,74,9.0
B_k9_2od_x1.2,B,none,0,15,23,23,74,9.0
B_k9_2od_x1.2,B,none,1,1,24,24,64,4.708333333333333
B_k9_2od_x1.2,B,none,1,2,23,23,80,9.0
B_k9_2od_x1.2,B,none,1,3,23,23,75,9.0
B_k9_2od_x1.2,B,none,1,4,23,23,76,9.0
B_k9_2od_x1.2,B,none,1,5,23,23,71,9.0
B_k9_2od_x1.2,B,none,1,6,23,23,75,9.0
B_k9_2od_x1.2,B,none,1,7,23,23,64,9.0
B_k9_2od_x1.2,B,none,1,8,23,23,74,9.0
B_k9_2od_x1.2,B,none,1,9,23,23,74,9.0
B_k9_2od_x1.2,B,none,1,10,23,23,79,9.0
B_k9_2od_x1.2,B,none,1,11,23,23,80,9.0
B_k9_2od_x1.2,B,none,1,12,23,23,78,9.0
B_k9_2od_x1.2,B,none,1,13,23,23,76,9.0
B_k9_2od_x1.2,B,none,1,14,23,23,77,9.0
B_k9_2od_x1.2,B,none,1,15,23,23,76,9.0
B_k9_2od_x1.2,B,none,2,1,24,24,74,5.125
B_k9_2od_x1.2,B,none,2,2,23,23,81,9.0
B_k9_2od_x1.2,B,none,2,3,23,23,81,9.0
B_k9_2od_x1.2,B,none,2,4,23,23,81,9.0
B_k9_2od_x1.2,B,none,2,5,23,23,72,9.0
B_k9_2od_x1.2,B,none,2,6,23,23,75,9.0
B_k9_2od_x1.2,B,none,2,7,23,23,74,9.0
B_k9_2od_x1.2,B,none,2,8,23,23,74,9.0
B_k9_2od_x1.2,B,none,2,9,23,23,76,9.0
B_k9_2od_x1.2,B,none,2,10,23,23,79,9.0
B_k9_2od_x1.2,B,none,2,11,23,23,79,9.0
B_k9_2od_x1.2,B,none,2,12,23,23,73,9.0
B_k9_2od_x1.2,B,none,2,13,23,23,76,9.0
B_k9_2od_x1.2,B,none,2,14,23,23,76,9.0
B_k9_2od_x1.2,B,none,2,15,23,23,73,9.0
B_k9_2od_x1.2,B,none,3,1,24,24,56,4.0
B_k9_2od_x1.2,B,none,3,2,23,23,81,9.0
B_k9_2od_x1.2,B,none,3,3,23,23,77,9.0
B_k9_2od_x1.2,B,none,3,4,23,23,77,9.0
B_k9_2od_x1.2,B,none,3,5,23,23,79,9.0
B_k9_2od_x1.2,B,none,3,6,23,23,76,9.0
B_k9_2od_x1.2,B,none,3,7,23,23,76,9.0
B_k9_2od_x1.2,B,none,3,8,23,23,72,9.0
B_k9_2od_x1.2,B,none,3,9,23,23,76,9.0
B_k9_2od_x1.2,B,none,3,10,23,23,74,9.0
B_k9_2od_x1.2,B,none,3,11,23,23,79,9.0
B_k9_2od_x1.2,B,none,3,12,23,23,70,9.0
B_k9_2od_x1.2,B,none,3,13,23,23,73,9.0
B_k9_2od_x1.2,B,none,3,14,23,23,79,9.0
B_k9_2od_x1.2,B,none,3,15,23,23,81,9.0
B_k9_2od_x1.2,B,none,4,1,24,23,63,3.8333333333333335
B_k9_2od_x1.2,B,none,4,2,23,23,80,9.0
B_k9_2od_x1.2,B,none,4,3,23,23,79,9.0
B_k9_2od_x1.2,B,none,4,4,23,23,81,9.0
B_k9_2od_x1.2,B,none,4,5,23,23,72,9.0
B_k9_2od_x1.2,B,none,4,6,23,23,81,9.0
B_k9_2od_x1.2,B,none,4,7,23,23,71,9.0
B_k9_2od_x1.2,B,none,4,8,23,23,74,9.0
B_k9_2od_x1.2,B,none,4,9,23,23,72,9.0
B_k9_2od_x1.2,B,none,4,10,23,23,73,9.0
B_k9_2od_x1.2,B,none,4,11,23,23,79,9.0
B_k9_2od_x1.2,B,none,4,12,23,23,72,9.0
B_k9_2od_x1.2,B,none,4,13,23,23,76,9.0
B_k9_2od_x1.2,B,none,4,14,23,23,79,9.0
B_k9_2od_x1.2,B,none,4,15,23,23,77,9.0
B_k9_2od_x1.2,B,none,5,1,24,24,66,4.541666666666667
B_k9_2od_x1.2,B,none,5,2,23,23,81,9.0
B_k9_2od_x1.2,B,none,5,3,23,23,77,9.0
B_k9_2od_x1.2,B,none,5,4,23,23,74,9.0
B_k9_2od_x1.2,B,none,5,5,23,23,77,9.0
B_k9_2od_x1.2,B,none,5,6,23,23,76,9.0
B_k9_2od_x1.2,B,none,5,7,23,23,81,9.0
B_k9_2od_x1.2,B,none,5,8,23,23,73,9.0
B_k9_2od_x1.2,B,none,5,9,23,23,75,9.0
B_k9_2od_x1.2,B,none,5,10,23,23,77,9.0
B_k9_2od_x1.2,B,none,5,11,23,23,74,9.0
B_k9_2od_x1.2,B,none,5,12,23,23,76,9.0
B_k9_2od_x1.2,B,none,5,13,23,23,76,9.0
B_k9_2od_x1.2,B,none,5,14,23,23,77,9.0
B_k9_2od_x1.2,B,none,5,15,23,23,74,9.0
B_k9_2od_x1.2,B,none,6,1,24,24,65,5.041666666666667
B_k9_2od_x1.2,B,none,6,2,23,23,78,9.0
B_k9_2od_x1.2,B,none,6,3,23,23,78,9.0
B_k9_2od_x1.2,B,none,6,4,23,23,74,9.0
B_k9_2od_x1.2,B,none,6,5,23,23,77,9.0
B_k9_2od_x1.2,B,none,6,6,23,23,77,9.0
B_k9_2od_x1.2,B,none,6,7,23,23,77,9.0
B_k9_2od_x1.2,B,none,6,8,23,23,77,9.0
B_k9_2od_x1.2,B,none,6,9,23,23,73,9.0
B_k9_2od_x1.2,B,none,6,10,23,23,75,9.0
B_k9_2od_x1.2,B,none,6,11,23,23,78,9.0
B_k9_2od_x1.2,B,none,6,12,23,23,76,9.0
B_k9_2od_x1.2,B,none,6,13,23,23,72,9.0
B_k9_2od_x1.2,B,none,6,14,23,23,75,9.0
B_k9_2od_x1.2,B,none,6,15,23,23,74,9.0
B_k9_2od_x1.2,B,none,7,1,24,24,65,4.958333333333333
B_k9_2od_x1.2,B,none,7,2,23,23,78,9.0
B_k9_2od_x1.2,B,none,7,3,23,23,75,9.0
B_k9_2od_x1.2,B,none,7,4,23,23,79,9.0
B_k9_2od_x1.2,B,none,7,5,23,23,73,9.0
B_k9_2od_x1.2,B,none,7,6,23,23,77,9.0
B_k9_2od_x1.2,B,none,7,7,23,23,72,9.0
B_k9_2od_x1.2,B,none,7,8,23,23,75,9.0
B_k9_2od_x1.2,B,none,7,9,23,23,77,9.0
B_k9_2od_x1.2,B,none,7,10,23,23,78,9.0
B_k9_2od_x1.2,B,none,7,11,23,23,77,9.0
B_k9_2od_x1.2,B,none,7,12,23,23,75,9.0
B_k9_2od_x1.2,B,none,7,13,23,23,78,9.0
B_k9_2od_x1.2,B,none,7,14,23,23,76,9.0
B_k9_2od_x1.2,B,none,7,15,23,23,80,9.0
B_k9_2od_x1.2,B,none,8,1,24,24,62,4.083333333333333
B_k9_2od_x1.2,B,none,8,2,23,23,72,9.0
B_k9_2od_x1.2,B,none,8,3,23,23,74,9.0
B_k9_2od_x1.2,B,none,8,4,23,23,77,9.0
B_k9_2od_x1.2,B,none,8,5,23,23,78,9.0
B_k9_2od_x1.2,B,none,8,6,23,23,74,9.0
B_k9_2od_x1.2,B,none,8,7,23,23,76,9.0
B_k9_2od_x1.2,B,none,8,8,23,23,73,9.0
B_k9_2od_x1.2,B,none,8,9,23,23,76,9.0
B_k9_2od_x1.2,B,none,8,10,23,23,78,9.0
B_k9_2od_x1.2,B,none,8,11,23,23,73,9.0
B_k9_2od_x1.2,B,none,8,12,23,23,77,9.0
B_k9_2od_x1.2,B,none,8,13,23,23,77,9.0
B_k9_2od_x1.2,B,none,8,14,23,23,78,9.0
B_k9_2od_x1.2,B,none,8,15,23,23,76,9.0
B_k9_2od_x1.2,B,none,9,1,24,24,65,4.75
B_k9_2od_x1.2,B,none,9,2,23,23,75,9.0
B_k9_2od_x1.2,B,none,9,3,23,23,78,9.0
B_k9_2od_x1.2,B,none,9,4,23,23,80,9.0
B_k9_2od_x1.2,B,none,9,5,23,23,73,9.0
B_k9_2od_x1.2,B,none,9,6,23,23,80,9.0
B_k9_2od_x1.2,B,none,9,7,23,23,76,9.0
B_k9_2od_x1.2,B,none,9,8,23,23,73,9.0
B_k9_2od_x1.2,B,none,9,9,23,23,78,9.0
B_k9_2od_x1.2,B,none,9,10,23,23,76,9.0
B_k9_2od_x1.2,B,none,9,11,23,23,75,9.0
B_k9_2od_x1.2,B,none,9,12,23,23,82,9.0
B_k9_2od_x1.2,B,none,9,13,23,23,73,9.0
B_k9_2od_x1.2,B,none,9,14,23,23,77,9.0
B_k9_2od_x1.2,B,none,9,15,23,23,74,9.0
B_k9_3od_x0.8,B,both,0,1,24,23,46,4.958333333333333
B_k9_3od_x0.8,B,both,0,2,23,23,62,9.0
B_k9_3od_x0.8,B,both,0,3,23,23,59,9.0
B_k9_3od_x0.8,B,both,0,4,23,23,62,9.0
B_k9_3od_x0.8,B,both,0,5,23,23,62,9.0
B_k9_3od_x0.8,B,both,0,6,23,23,60,9.0
B_k9_3od_x0.8,B,both,0,7,23,23,57,9.0
B_k9_3od_x0.8,B,both,0,8,23,23,60,9.0
B_k9_3od_x0.8,B,both,0,9,23,23,60,9.0
B_k9_3od_x0.8,B,both,0,10,23,23,60,9.0
B_k9_3od_x0.8,B,both,0,11,23,23,65,9.0
B_k9_3od_x0.8,B,both,0,12,23,23,60,9.0
B_k9_3od_x0.8,B,both,0,13,23,23,67,9.0
B_k9_3od_x0.8,B,both,0,14,23,23,65,9.0
B_k9_3od_x0.8,B,both,0,15,23,23,58,9.0
B_k9_3od_x0.8,B,both,1,1,24,22,43,4.375
B_k9_3od_x0.8,B,both,1,2,23,23,64,9.0
B_k9_3od_x0.8,B,both,1,3,23,23,61,9.0
B_k9_3od_x0.8,B,both,1,4,23,23,61,9.0
B_k9_3od_x0.8,B,both,1,5,23,23,59,9.0
B_k9_3od_x0.8,B,both,1,6,23,23,57,9.0
B_k9_3od_x0.8,B,both,1,7,23,23,57,9.0
B_k9_3od_x0.8,B,both,1,8,23,23,59,9.0
B_k9_3od_x0.8,B,both,1,9,23,23,64,9.0
B_k9_3od_x0.8,B,both,1,10,23,23,61,9.0
B_k9_3od_x0.8,B,both,1,11,23,23,61,9.0
B_k9_3od_x0.8,B,both,1,12,23,23,63,9.0
B_k9_3od_x0.8,B,both,1,13,23,23,65,9.0
B_k9_3od_x0.8,B,both,1,14,23,23,58,9.0
B_k9_3od_x0.8,B,both,1,15,23,23,60,9.0
B_k9_3od_x0.8,B,both,2,1,24,21,42,4.416666666666667
B_k9_3od_x0.8,B,both,2,2,23,23,62,9.0
B_k9_3od_x0.8,B,both,2,3,23,23,62,9.0
B_k9_3od_x0.8,B,both,2,4,23,23,61,9.0
B_k9_3od_x0.8,B,both,2,5,23,23,60,9.0
B_k9_3od_x0.8,B,both,2,6,23,23,63,9.0
B_k9_3od_x0.8,B,both,2,7,23,23,60,9.0
B_k9_3od_x0.8,B,both,2,8,23,23,64,9.0
B_k9_3od_x0.8,B,both,2,9,23,23,63,9.0
B_k9_3od_x0.8,B,both,2,10,23,23,63,9.0
B_k9_3od_x0.8,B,both,2,11,23,23,55,9.0
B_k9_3od_x0.8,B,both,2,12,23,23,56,9.0
B_k9_3od_x0.8,B,both,2,13,23,23,63,9.0
B_k9_3od_x0.8,B,both,2,14,23,23,62,9.0
B_k9_3od_x0.8,B,both,2,15,23,23,64,9.0
B_k9_3od_x0.8,B,both,3,1,24,24,48,5.416666666666667
B_k9_3od_x0.8,B,both,3,2,23,23,64,9.0
B_k9_3od_x0.8,B,both,3,3,23,23,64,9.0
B_k9_3od_x0.8,B,both,3,4,23,23,61,9.0
B_k9_3od_x0.8,B,both,3,5,23,23,52,9.0
B_k9_3od_x0.8,B,both,3,6,23,23,59,9.0
B_k9_3od_x0.8,B,both,3,7,23,23,59,9.0
B_k9_3od_x0.8,B,both,3,8,23,23,60,9.0
B_k9_3od_x0.8,B,both,3,9,23,23,66,9.0
B_k9_3od_x0.8,B,both,3,10,23,23,63,9.0
B_k9_3od_x0.8,B,both,3,11,23,23,62,9.0
B_k9_3od_x0.8,B,both,3,12,23,23,62,9.0
B_k9_3od_x0.8,B,both,3,13,23,23,63,9.0
B_k9_3od_x0.8,B,both,3,14,23,23,56,9.0
B_k9_3od_x0.8,B,both,3,15,23,23,61,9.0
B_k9_3od_x0.8,B,both,4,1,24,21,38,3.5416666666666665
B_k9_3od_x0.8,B,both,4,2,23,23,65,9.0
B_k9_3od_x0.8,B,both,4,3,23,23,60,9.0
B_k9_3od_x0.8,B,both,4,4,23,23,63,9.0
B_k9_3od_x0.8,B,both,4,5,23,23,63,9.0
B_k9_3od_x0.8,B,both,4,6,23,23,63,9.0
B_k9_3od_x0.8,B,both,4,7,23,23,61,9.0
B_k9_3od_x0.8,B,both,4,8,23,23,65,9.0
B_k9_3od_x0.8,B,both,4,9,23,23,65,9.0
B_k9_3od_x0.8,B,both,4,10,23,23,60,9.0
B_k9_3od_x0.8,B,both,4,11,23,23,59,9.0
B_k9_3od_x0.8,B,both,4,12,23,23,66,9.0
B_k9_3od_x0.8,B,both,4,13,23,23,57,9.0
B_k9_3od_x0.8,B,both,4,14,23,23,66,9.0
B_k9_3od_x0.8,B,both,4,15,23,23,53,9.0
B_k9_3od_x0.8,B,both,5,1,24,21,41,4.25
B_k9_3od_x0.8,B,both,5,2,23,23,55,9.0
B_k9_3od_x0.8,B,both,5,3,23,23,68,9.0
B_k9_3od_x0.8,B,both,5,4,23,23,66,9.0
B_k9_3od_x0.8,B,both,5,5,23,23,60,9.0
B_k9_3od_x0.8,B,both,5,6,23,23,63,9.0
B_k9_3od_x0.8,B,both,5,7,23,23,62,9.0
B_k9_3od_x0.8,B,both,5,8,23,23,60,9.0
B_k9_3od_x0.8,B,both,5,9,23,23,60,9.0
B_k9_3od_x0.8,B,both,5,10,23,23,60,9.0
B_k9_3od_x0.8,B,both,5,11,23,23,58,9.0
B_k9_3od_x0.8,B,both,5,12,23,23,62,9.0
B_k9_3od_x0.8,B,both,5,13,23,23,58,9.0
B_k9_3od_x0.8,B,both,5,14,23,23,62,9.0
B_k9_3od_x0.8,B,both,5,15,23,23,64,9.0
B_k9_3od_x0.8,B,both,6,1,24,22,43,4.958333333333333
B_k9_3od_x0.8,B,both,6,2,23,23,58,9.0
B_k9_3od_x0.8,B,both,6,3,23,23,57,9.0
B_k9_3od_x0.8,B,both,6,4,23,23,58,9.0
B_k9_3od_x0.8,B,both,6,5,23,23,64,9.0
B_k9_3od_x0.8,B,both,6,6,23,23,66,9.0
B_k9_3od_x0.8,B,both,6,7,23,23,59,9.0
B_k9_3od_x0.8,B,both,6,8,23,23,57,9.0
B_k9_3od_x0.8,B,both,6,9,23,23,54,9.0
B_k9_3od_x0.8,B,both,6,10,23,23,57,9.0
B_k9_3od_x0.8,B,both,6,11,23,23,62,9.0
B_k9_3od_x0.8,B,both,6,12,23,23,61,9.0
B_k9_3od_x0.8,B,both,6,13,23,23,57,9.0
B_k9_3od_x0.8,B,both,6,14,23,23,65,9.0
B_k9_3od_x0.8,B,both,6,15,23,23,64,9.0
B_k9_3od_x0.8,B,both,7,1,24,17,41,3.75
B_k9_3od_x0.8,B,both,7,2,23,23,57,9.0
B_k9_3od_x0.8,B,both,7,3,23,23,61,9.0
B_k9_3od_x0.8,B,both,7,4,23,23,60,9.0
B_k9_3od_x0.8,B,both,7,5,23,23,60,9.0
B_k9_3od_x0.8,B,both,7,6,23,23,56,9.0
B_k9_3od_x0.8,B,both,7,7,23,23,63,9.0
B_k9_3od_x0.8,B,both,7,8,23,23,61,9.0
B_k9_3od_x0.8,B,both,7,9,23,23,63,9.0
B_k9_3od_x0.8,B,both,7,10,23,23,64,9.0
B_k9_3od_x0.8,B,both,7,11,23,23,61,9.0
B_k9_3od_x0.8,B,both,7,12,23,23,64,9.0
B_k9_3od_x0.8,B,both,7,13,23,23,61,9.0
B_k9_3od_x0.8,B,both,7,14,23,23,64,9.0
B_k9_3od_x0.8,B,both,7,15,23,23,62,9.0
B_k9_3od_x0.8,B,both,8,1,24,22,45,4.375
B_k9_3od_x0.8,B,both,8,2,23,23,64,9.0
B_k9_3od_x0.8,B,both,8,3,23,23,58,9.0
B_k9_3od_x0.8,B,both,8,4,23,23,63,9.0
B_k9_3od_x0.8,B,both,8,5,23,23,60,9.0
B_k9_3od_x0.8,B,both,8,6,23,23,63,9.0
B_k9_3od_x0.8,B,both,8,7,23,23,56,9.0
B_k9_3od_x0.8,B,both,8,8,23,23,60,9.0
B_k9_3od_x0.8,B,both,8,9,23,23,63,9.0
B_k9_3od_x0.8,B,both,8,10,23,23,64,9.0
B_k9_3od_x0.8,B,both,8,11,23,23,61,9.0
B_k9_3od_x0.8,B,both,8,12,23,23,64,9.0
B_k9_3od_x0.8,B,both,8,13,23,23,60,9.0
B_k9_3od_x0.8,B,both,8,14,23,23,66,9.0
B_k9_3od_x0.8,B,both,8,15,23,23,63,9.0
B_k9_3od_x0.8,B,both,9,1,24,20,45,4.541666666666667
B_k9_3od_x0.8,B,both,9,2,23,23,66,9.0
B_k9_3od_x0.8,B,both,9,3,23,23,66,9.0
B_k9_3od_x0.8,B,both,9,4,23,23,61,9.0
B_k9_3od_x0.8,B,both,9,5,23,23,63,9.0
B_k9_3od_x0.8,B,both,9,6,23,23,67,9.0
B_k9_3od_x0.8,B,both,9,7,23,23,62,9.0
B_k9_3od_x0.8,B,both,9,8,23,23,65,9.0
B_k9_3od_x0.8,B,both,9,9,23,23,62,9.0
B_k9_3od_x0.8,B,both,9,10,23,23,64,9.0
B_k9_3od_x0.8,B,both,9,11,23,23,62,9.0
B_k9_3od_x0.8,B,both,9,12,23,23,60,9.0
B_k9_3od_x0.8,B,both,9,13,23,23,66,9.0
B_k9_3od_x0.8,B,both,9,14,23,23,66,9.0
B_k9_3od_x0.8,B,both,9,15,23,23,58,9.0
B_k9_3od_x0.8,B,init,0,1,24,23,46,4.958333333333333
B_k9_3od_x0.8,B,init,0,2,23,23,76,9.0
B_k9_3od_x0.8,B,init,0,3,23,23,77,9.0
B_k9_3od_x0.8,B,init,0,4,23,23,73,9.0
B_k9_3od_x0.8,B,init,0,5,23,23,72,9.0
B_k9_3od_x0.8,B,init,0,6,23,23,78,9.0
B_k9_3od_x0.8,B,init,0,7,23,23,73,9.0
B_k9_3od_x0.8,B,init,0,8,23,23,70,9.0
B_k9_3od_x0.8,B,init,0,9,23,23,76,9.0
B_k9_3od_x0.8,B,init,0,10,23,23,77,9.0
B_k9_3od_x0.8,B,init,0,11,23,23,71,9.0
B_k9_3od_x0.8,B,init,0,12,23,23,75,9.0
B_k9_3od_x0.8,B,init,0,13,23,23,74,9.0
B_k9_3od_x0.8,B,init,0,14,23,23,74,9.0
B_k9_3od_x0.8,B,init,0,15,23,23,77,9.0
B_k9_3od_x0.8,B,init,1,1,24,22,43,4.375
B_k9_3od_x0.8,B,init,1,2,23,23,77,9.0
B_k9_3od_x0.8,B,init,1,3,23,23,73,9.0
B_k9_3od_x0.8,B,init,1,4,23,23,75,9.0
B_k9_3od_x0.8,B,init,1,5,23,23,73,9.0
B_k9_3od_x0.8,B,init,1,6,23,23,70,9.0
B_k9_3od_x0.8,B,init,1,7,23,23,74,9.0
B_k9_3od_x0.8,B,init,1,8,23,23,74,9.0
B_k9_3od_x0.8,B,init,1,9,23,23,70,9.0
B_k9_3od_x0.8,B,init,1,10,23,23,71,9.0
B_k9_3od_x0.8,B,init,1,11,23,23,72,9.0
B_k9_3od_x0.8,B,init,1,12,23,23,77,9.0
B_k9_3od_x0.8,B,init,1,13,23,23,78,9.0
B_k9_3od_x0.8,B,init,1,14,23,23,76,9.0
B_k9_3od_x0.8,B,init,1,15,23,23,74,9.0
B_k9_3od_x0.8,B,init,2,1,24,21,42,4.416666666666667
B_k9_3od_x0.8,B,init,2,2,23,23,77,9.0
B_k9_3od_x0.8,B,init,2,3,23,23,73,9.0
B_k9_3od_x0.8,B,init,2,4,23,23,77,9.0
B_k9_3od_x0.8,B,init,2,5,23,23,78,9.0
B_k9_3od_x0.8,B,init,2,6,23,23,78,9.0
B_k9_3od_x0.8,B,init,2,7,23,23,74,9.0
B_k9_3od_x0.8,B,init,2,8,23,23,73,9.0
B_k9_3od_x0.8,B,init,2,9,23,23,77,9.0
B_k9_3od_x0.8,B,init,2,10,23,23,75,9.0
B_k9_3od_x0.8,B,init,2,11,23,23,75,9.0
B_k9_3od_x0.8,B,init,2,12,23,23,76,9.0
B_k9_3od_x0.8,B,init,2,13,23,23,72,9.0
B_k9_3od_x0.8,B,init,2,14,23,23,70,9.0
B_k9_3od_x0.8,B,init,2,15,23,23,76,9.0
B_k9_3od_x0.8,B,init,3,1,24,24,48,5.416666666666667
B_k9_3od_x0.8,B,init,3,2,23,23,74,9.0
B_k9_3od_x0.8,B,init,3,3,23,23,71,9.0
B_k9_3od_x0.8,B,init,3,4,23,23,75,9.0
B_k9_3od_x0.8,B,init,3,5,23,23,74,9.0
B_k9_3od_x0.8,B,init,3,6,23,23,75,9.0
B_k9_3od_x0.8,B,init,3,7,23,23,73,9.0
B_k9_3od_x0.8,B,init,3,8,23,23,76,9.0
B_k9_3od_x0.8,B,init,3,9,23,23,74,9.0
B_k9_3od_x0.8,B,init,3,10,23,23,78,9.0
B_k9_3od_x0.8,B,init,3,11,23,23,79,9.0
B_k9_3od_x0.8,B,init,3,12,23,23,76,9.0
B_k9_3od_x0.8,B,init,3,13,23,23,74,9.0
B_k9_3od_x0.8,B,init,3,14,23,23,76,9.0
B_k9_3od_x0.8,B,init,3,15,23,23,77,9.0
B_k9_3od_x0.8,B,init,4,1,24,21,38,3.5416666666666665
B_k9_3od_x0.8,B,init,4,2,23,23,72,9.0
B_k9_3od_x0.8,B,init,4,3,23,23,78,9.0
B_k9_3od_x0.8,B,init,4,4,23,23,71,9.0
B_k9_3od_x0.8,B,init,4,5,23,23,78,9.0
B_k9_3od_x0.8,B,init,4,6,23,23,70,9.0
B_k9_3od_x0.8,B,init,4,7,23,23,73,9.0
B_k9_3od_x0.8,B,init,4,8,23,23,68,9.0
B_k9_3od_x0.8,B,init,4,9,23,23,72,9.0
B_k9_3od_x0.8,B,init,4,10,23,23,74,9.0
B_k9_3od_x0.8,B,init,4,11,23,23,78,9.0
B_k9_3od_x0.8,B,init,4,12,23,23,72,9.0
B_k9_3od_x0.8,B,init,4,13,23,23,73,9.0
B_k9_3od_x0.8,B,init,4,14,23,23,79,9.0
B_k9_3od_x0.8,B,init,4,15,23,23,77,9.0
B_k9_3od_x0.8,B,init,5,1,24,21,41,4.25
B_k9_3od_x0.8,B,init,5,2,23,23,73,9.0
B_k9_3od_x0.8,B,init,5,3,23,23,74,9.0
B_k9_3od_x0.8,B,init,5,4,23,23,77,9.0
B_k9_3od_x0.8,B,init,5,5,23,23,74,9.0
B_k9_3od_x0.8,B,init,5,6,23,23,79,9.0
B_k9_3od_x0.8,B,init,5,7,23,23,73,9.0
B_k9_3od_x0.8,B,init,5,8,23,23,76,9.0
B_k9_3od_x0.8,B,init,5,9,23,23,76,9.0
B_k9_3od_x0.8,B,init,5,10,23,23,75,9.0
B_k9_3od_x0.8,B,init,5,11,23,23,78,9.0
B_k9_3od_x0.8,B,init,5,12,23,23,78,9.0
B_k9_3od_x0.8,B,init,5,13,23,23,71,9.0
B_k9_3od_x0.8,B,init,5,14,23,23,75,9.0
B_k9_3od_x0.8,B,init,5,15,23,23,75,9.0
B_k9_3od_x0.8,B,init,6,1,24,22,43,4.958333333333333
B_k9_3od_x0.8,B,init,6,2,23,23,71,9.0
B_k9_3od_x0.8,B,init,6,3,23,23,75,9.0
B_k9_3od_x0.8,B,init,6,4,23,23,78,9.0
B_k9_3od_x0.8,B,init,6,5,23,23,77,9.0
B_k9_3od_x0.8,B,init,6,6,23,23,74,9.0
B_k9_3od_x0.8,B,init,6,7,23,23,71,9.0
B_k9_3od_x0.8,B,init,6,8,23,23,74,9.0
B_k9_3od_x0.8,B,init,6,9,23,23,79,9.0
B_k9_3od_x0.8,B,init,6,10,23,23,81,9.0
B_k9_3od_x0.8,B,init,6,11,23,23,75,9.0
B_k9_3od_x0.8,B,init,6,12,23,23,71,9.0
B_k9_3od_x0.8,B,init,6,13,23,23,73,9.0
B_k9_3od_x0.8,B,init,6,14,23,23,79,9.0
B_k9_3od_x0.8,B,init,6,15,23,23,68,9.0
B_k9_3od_x0.8,B,init,7,1,24,17,41,3.75
B_k9_3od_x0.8,B,init,7,2,23,23,83,9.0
B_k9_3od_x0.8,B,init,7,3,23,23,74,9.0
B_k9_3od_x0.8,B,init,7,4,23,23,72,9.0
B_k9_3od_x0.8,B,init,7,5,23,23,74,9.0
B_k9_3od_x0.8,B,init,7,6,23,23,78,9.0
B_k9_3od_x0.8,B,init,7,7,23,23,78,9.0
B_k9_3od_x0.8,B,init,7,8,23,23,76,9.0
B_k9_3od_x0.8,B,init,7,9,23,23,74,9.0
B_k9_3od_x0.8,B,init,7,10,23,23,75,9.0
B_k9_3od_x0.8,B,init,7,11,23,23,74,9.0
B_k9_3od_x0.8,B,init,7,12,23,23,76,9.0
B_k9_3od_x0.8,B,init,7,13,23,23,76,9.0
B_k9_3od_x0.8,B,init,7,14,23,23,76,9.0
B_k9_3od_x0.8,B,init,7,15,23,23,73,9.0
B_k9_3od_x0.8,B,init,8,1,24,22,45,4.375
B_k9_3od_x0.8,B,init,8,2,23,23,80,9.0
B_k9_3od_x0.8,B,init,8,3,23,23,74,9.0
B_k9_3od_x0.8,B,init,8,4,23,23,72,9.0
B_k9_3od_x0.8,B,init,8,5,23,23,78,9.0
B_k9_3od_x0.8,B,init,8,6,23,23,74,9.0
B_k9_3od_x0.8,B,init,8,7,23,23,75,9.0
B_k9_3od_x0.8,B,init,8,8,23,23,74,9.0
B_k9_3od_x0.8,B,init,8,9,23,23,71,9.0
B_k9_3od_x0.8,B,init,8,10,23,23,75,9.0
B_k9_3od_x0.8,B,init,8,11,23,23,79,9.0
B_k9_3od_x0.8,B,init,8,12,23,23,73,9.0
B_k9_3od_x0.8,B,init,8,13,23,23,72,9.0
B_k9_3od_x0.8,B,init,8,14,23,23,72,9.0
B_k9_3od_x0.8,B,init,8,15,23,23,75,9.0
B_k9_3od_x0.8,B,init,9,1,24,20,45,4.541666666666667
B_k9_3od_x0.8,B,init,9,2,23,23,72,9.0
B_k9_3od_x0.8,B,init,9,3,23,23,74,9.0
B_k9_3od_x0.8,B,init,9,4,23,23,75,9.0
B_k9_3od_x0.8,B,init,9,5,23,23,73,9.0
B_k9_3od_x0.8,B,init,9,6,23,23,78,9.0
B_k9_3od_x0.8,B,init,9,7,23,23,78,9.0
B_k9_3od_x0.8,B,init,9,8,23,23,75,9.0
B_k9_3od_x0.8,B,init,9,9,23,23,76,9.0
B_k9_3od_x0.8,B,init,9,10,23,23,79,9.0
B_k9_3od_x0.8,B,init,9,11,23,23,75,9.0
B_k9_3od_x0.8,B,init,9,12,23,23,77,9.0
B_k9_3od_x0.8,B,init,9,13,23,23,71,9.0
B_k9_3od_x0.8,B,init,9,14,23,23,73,9.0
B_k9_3od_x0.8,B,init,9,15,23,23,75,9.0
B_k9_3od_x0.8,B,mutation,0,1,24,24,72,5.541666666666667
B_k9_3od_x0.8,B,mutation,0,2,23,23,64,9.0
B_k9_3od_x0.8,B,mutation,0,3,23,23,63,9.0
B_k9_3od_x0.8,B,mutation,0,4,23,23,63,9.0
B_k9_3od_x0.8,B,mutation,0,5,23,23,60,9.0
B_k9_3od_x0.8,B,mutation,0,6,23,23,68,9.0
B_k9_3od_x0.8,B,mutation,0,7,23,23,62,9.0
B_k9_3od_x0.8,B,mutation,0,8,23,23,57,9.0
B_k9_3od_x0.8,B,mutation,0,9,23,23,60,9.0
B_k9_3od_x0.8,B,mutation,0,10,23,23,65,9.0
B_k9_3od_x0.8,B,mutation,0,11,23,23,64,9.0
B_k9_3od_x0.8,B,mutation,0,12,23,23,63,9.0
B_k9_3od_x0.8,B,mutation,0,13,23,23,63,9.0
B_k9_3od_x0.8,B,mutation,0,14,23,23,67,9.0
B_k9_3od_x0.8,B,mutation,0,15,23,23,56,9.0
B_k9_3od_x0.8,B,mutation,1,1,24,24,64,4.708333333333333
B_k9_3od_x0.8,B,mutation,1,2,23,23,71,9.0
B_k9_3od_x0.8,B,mutation,1,3,23,23,63,9.0
B_k9_3od_x0.8,B,mutation,1,4,23,23,63,9.0
B_k9_3od_x0.8,B,mutation,1,5,23,23,61,9.0
B_k9_3od_x0.8,B,mutation,1,6,23,23,58,9.0
B_k9_3od_x0.8,B,mutation,1,7,23,23,60,9.0
B_k9_3od_x0.8,B,mutation,1,8,23,23,57,9.0
B_k9_3od_x0.8,B,mutation,1,9,23,23,63,9.0
B_k9_3od_x0.8,B,mutation,1,10,23,23,60,9.0
B_k9_3od_x0.8,B,mutation,1,11,23,23,65,9.0
B_k9_3od_x0.8,B,mutation,1,12,23,23,60,9.0
B_k9_3od_x0.8,B,mutation,1,13,23,23,60,9.0
B_k9_3od_x0.8,B,mutation,1,14,23,23,64,9.0
B_k9_3od_x0.8,B,mutation,1,15,23,23,64,9.0
B_k9_3od_x0.8,B,mutation,2,1,24,24,63,5.125
B_k9_3od_x0.8,B,mutation,2,2,23,23,65,9.0
B_k9_3od_x0.8,B,mutation,2,3,23,23,62,9.0
B_k9_3od_x0.8,B,mutation,2,4,23,23,65,9.0
B_k9_3od_x0.8,B,mutation,2,5,23,23,60,9.0
B_k9_3od_x0.8,B,mutation,2,6,23,23,65,9.0
B_k9_3od_x0.8,B,mutation,2,7,23,23,62,9.0
B_k9_3od_x0.8,B,mutation,2,8,23,23,60,9.0
B_k9_3od_x0.8,B,mutation,2,9,23,23,59,9.0
B_k9_3od_x0.8,B,mutation,2,10,23,23,62,9.0
B_k9_3od_x0.8,B,mutation,2,11,23,23,62,9.0
B_k9_3od_x0.8,B,mutation,2,12,23,23,65,9.0
B_k9_3od_x0.8,B,mutation,2,13,23,23,71,9.0
B_k9_3od_x0.8,B,mutation,2,14,23,23,63,9.0
B_k9_3od_x0.8,B,mutation,2,15,23,23,62,9.0
B_k9_3od_x0.8,B,mutation,3,1,24,24,56,3.9166666666666665
B_k9_3od_x0.8,B,mutation,3,2,23,23,67,9.0
B_k9_3od_x0.8,B,mutation,3,3,23,23,61,9.0
B_k9_3od_x0.8,B,mutation,3,4,23,23,64,9.0
B_k9_3od_x0.8,B,mutation,3,5,23,23,58,9.0
B_k9_3od_x0.8,B,mutation,3,6,23,23,61,9.0
B_k9_3od_x0.8,B,mutation,3,7,23,23,61,9.0
B_k9_3od_x0.8,B,mutation,3,8,23,23,58,9.0
B_k9_3od_x0.8,B,mutation,3,9,23,23,68,9.0
B_k9_3od_x0.8,B,mutation,3,10,23,23,62,9.0
B_k9_3od_x0.8,B,mutation,3,11,23,23,66,9.0
B_k9_3od_x0.8,B,mutation,3,12,23,23,59,9.0
B_k9_3od_x0.8,B,mutation,3,13,23,23,64,9.0
B_k9_3od_x0.8,B,mutation,3,14,23,23,60,9.0
B_k9_3od_x0.8,B,mutation,3,15,23,23,58,9.0
B_k9_3od_x0.8,B,mutation,4,1,24,24,62,3.7083333333333335
B_k9_3od_x0.8,B,mutation,4,2,23,23,67,9.0
B_k9_3od_x0.8,B,mutation,4,3,23,23,61,9.0
B_k9_3od_x0.8,B,mutation,4,4,23,23,60,9.0
B_k9_3od_x0.8,B,mutation,4,5,23,23,66,9.0
B_k9_3od_x0.8,B,mutation,4,6,23,23,58,9.0
B_k9_3od_x0.8,B,mutation,4,7,23,23,65,9.0
B_k9_3od_x0.8,B,mutation,4,8,23,23,65,9.0
B_k9_3od_x0.8,B,mutation,4,9,23,23,62,9.0
B_k9_3od_x0.8,B,mutation,4,10,23,23,56,9.0
B_k9_3od_x0.8,B,mutation,4,11,23,23,63,9.0
B_k9_3od_x0.8,B,mutation,4,12,23,23,63,9.0
B_k9_3od_x0.8,B,mutation,4,13,23,23,66,9.0
B_k9_3od_x0.8,B,mutation,4,14,23,23,59,9.0
B_k9_3od_x0.8,B,mutation,4,15,23,23,65,9.0
B_k9_3od_x0.8,B,mutation,5,1,24,24,62,4.458333333333333
B_k9_3od_x0.8,B,mutation,5,2,23,23,68,9.0
B_k9_3od_x0.8,B,mutation,5,3,23,23,63,9.0
B_k9_3od_x0.8,B,mutation,5,4,23,23,61,9.0
B_k9_3od_x0.8,B,mutation,5,5,23,23,69,9.0
B_k9_3od_x0.8,B,mutation,5,6,23,23,62,9.0
B_k9_3od_x0.8,B,mutation,5,7,23,23,64,9.0
B_k9_3od_x0.8,B,mutation,5,8,23,23,61,9.0
B_k9_3od_x0.8,B,mutation,5,9,23,23,70,9.0
B_k9_3od_x0.8,B,mutation,5,10,23,23,64,9.0
B_k9_3od_x0.8,B,mutation,5,11,23,23,60,9.0
B_k9_3od_x0.8,B,mutation,5,12,23,23,63,9.0
B_k9_3od_x0.8,B,mutation,5,13,23,23,60,9.0
B_k9_3od_x0.8,B,mutation,5,14,23,23,66,9.0
B_k9_3od_x0.8,B,mutation,5,15,23,23,66,9.0
B_k9_3od_x0.8,B,mutation,6,1,24,24,66,4.958333333333333
B_k9_3od_x0.8,B,mutation,6,2,23,23,66,9.0
B_k9_3od_x0.8,B,mutation,6,3,23,23,67,9.0
B_k9_3od_x0.8,B,mutation,6,4,23,23,64,9.0
B_k9_3od_x0.8,B,mutation,6,5,23,23,63,9.0
B_k9_3od_x0.8,B,mutation,6,6,23,23,62,9.0
B_k9_3od_x0.8,B,mutation,6,7,23,23,62,9.0
B_k9_3od_x0.8,B,mutation,6,8,23,23,61,9.0
B_k9_3od_x0.8,B,mutation,6,9,23,23,60,9.0
B_k9_3od_x0.8,B,mutation,6,10,23,23,62,9.0
B_k9_3od_x0.8,B,mutation,6,11,23,23,63,9.0
B_k9_3od_x0.8,B,mutation,6,12,23,23,65,9.0
B_k9_3od_x0.8,B,mutation,6,13,23,23,62,9.0
B_k9_3od_x0.8,B,mutation,6,14,23,23,59,9.0
B_k9_3od_x0.8,B,mutation,6,15,23,23,58,9.0
B_k9_3od_x0.8,B,mutation,7,1,24,24,69,5.041666666666667
B_k9_3od_x0.8,B,mutation,7,2,23,23,64,9.0
B_k9_3od_x0.8,B,mutation,7,3,23,23,64,9.0
B_k9_3od_x0.8,B,mutation,7,4,23,23,64,9.0
B_k9_3od_x0.8,B,mutation,7,5,23,23,59,9.0
B_k9_3od_x0.8,B,mutation,7,6,23,23,58,9.0
B_k9_3od_x0.8,B,mutation,7,7,23,23,59,9.0
B_k9_3od_x0.8,B,mutation,7,8,23,23,63,9.0
B_k9_3od_x0.8,B,mutation,7,9,23,23,67,9.0
B_k9_3od_x0.8,B,mutation,7,10,23,23,69,9.0
B_k9_3od_x0.8,B,mutation,7,11,23,23,64,9.0
B_k9_3od_x0.8,B,mutation,7,12,23,23,61,9.0
B_k9_3od_x0.8,B,mutation,7,13,23,23,61,9.0
B_k9_3od_x0.8,B,mutation,7,14,23,23,64,9.0
B_k9_3od_x0.8,B,mutation,7,15,23,23,62,9.0
B_k9_3od_x0.8,B,mutation,8,1,24,24,53,3.8333333333333335
B_k9_3od_x0.8,B,mutation,8,2,23,23,67,9.0
B_k9_3od_x0.8,B,mutation,8,3,23,23,66,9.0
B_k9_3od_x0.8,B,mutation,8,4,23,23,68,9.0
B_k9_3od_x0.8,B,mutation,8,5,23,23,63,9.0
B_k9_3od_x0.8,B,mutation,8,6,23,23,57,9.0
B_k9_3od_x0.8,B,mutation,8,7,23,23,60,9.0
B_k9_3od_x0.8,B,mutation,8,8,23,23,60,9.0
B_k9_3od_x0.8,B,mutation,8,9,23,23,60,9.0
B_k9_3od_x0.8,B,mutation,8,10,23,23,60,9.0
B_k9_3od_x0.8,B,mutation,8,11,23,23,58,9.0
B_k9_3od_x0.8,B,mutation,8,12,23,23,67,9.0
B_k9_3od_x0.8,B,mutation,8,13,23,23,60,9.0
B_k9_3od_x0.8,B,mutation,8,14,23,23,61,9.0
B_k9_3od_x0.8,B,mutation,8,15,23,23,61,9.0
B_k9_3od_x0.8,B,mutation,9,1,24,24,68,4.75
B_k9_3od_x0.8,B,mutation,9,2,23,23,67,9.0
B_k9_3od_x0.8,B,mutation,9,3,23,23,65,9.0
B_k9_3od_x0.8,B,mutation,9,4,23,23,64,9.0
B_k9_3od_x0.8,B,mutation,9,5,23,23,60,9.0
B_k9_3od_x0.8,B,mutation,9,6,23,23,62,9.0
B_k9_3od_x0.8,B,mutation,9,7,23,23,62,9.0
B_k9_3od_x0.8,B,mutation,9,8,23,23,60,9.0
B_k9_3od_x0.8,B,mutation,9,9,23,23,60,9.0
B_k9_3od_x0.8,B,mutation,9,10,23,23,62,9.0
B_k9_3od_x0.8,B,mutation,9,11,23,23,65,9.0
B_k9_3od_x0.8,B,mutation,9,12,23,23,72,9.0
B_k9_3od_x0.8,B,mutation,9,13,23,23,64,9.0
B_k9_3od_x0.8,B,mutation,9,14,23,23,64,9.0
B_k9_3od_x0.8,B,mutation,9,15,23,23,65,9.0
B_k9_3od_x0.8,B,none,0,1,24,24,72,5.541666666666667
B_k9_3od_x0.8,B,none,0,2,23,23,71,9.0
B_k9_3od_x0.8,B,none,0,3,23,23,71,9.0
B_k9_3od_x0.8,B,none,0,4,23,23,77,9.0
B_k9_3od_x0.8,B,none,0,5,23,23,78,9.0
B_k9_3od_x0.8,B,none,0,6,23,23,74,9.0
B_k9_3od_x0.8,B,none,0,7,23,23,75,9.0
B_k9_3od_x0.8,B,none,0,8,23,23,75,9.0
B_k9_3od_x0.8,B,none,0,9,23,23,75,9.0
B_k9_3od_x0.8,B,none,0,10,23,23,71,9.0
B_k9_3od_x0.8,B,none,0,11,23,23,72,9.0
B_k9_3od_x0.8,B,none,0,12,23,23,73,9.0
B_k9_3od_x0.8,B,none,0,13,23,23,75,9.0
B_k9_3od_x0.8,B,none,0,14,23,23,75,9.0
B_k9_3od_x0.8,B,none,0,15,23,23,72,9.0
B_k9_3od_x0.8,B,none,1,1,24,24,64,4.708333333333333
B_k9_3od_x0.8,B,none,1,2,23,23,80,9.0
B_k9_3od_x0.8,B,none,1,3,23,23,71,9.0
B_k9_3od_x0.8,B,none,1,4,23,23,77,9.0
B_k9_3od_x0.8,B,none,1,5,23,23,73,9.0
B_k9_3od_x0.8,B,none,1,6,23,23,78,9.0
B_k9_3od_x0.8,B,none,1,7,23,23,75,9.0
B_k9_3od_x0.8,B,none,1,8,23,23,72,9.0
B_k9_3od_x0.8,B,none,1,9,23,23,72,9.0
B_k9_3od_x0.8,B,none,1,10,23,23,68,9.0
B_k9_3od_x0.8,B,none,1,11,23,23,79,9.0
B_k9_3od_x0.8,B,none,1,12,23,23,74,9.0
B_k9_3od_x0.8,B,none,1,13,23,23,78,9.0
B_k9_3od_x0.8,B,none,1,14,23,23,72,9.0
B_k9_3od_x0.8,B,none,1,15,23,23,70,9.0
B_k9_3od_x0.8,B,none,2,1,24,24,63,5.125
B_k9_3od_x0.8,B,none,2,2,23,23,81,9.0
B_k9_3od_x0.8,B,none,2,3,23,23,74,9.0
B_k9_3od_x0.8,B,none,2,4,23,23,74,9.0
B_k9_3od_x0.8,B,none,2,5,23,23,74,9.0
B_k9_3od_x0.8,B,none,2,6,23,23,77,9.0
B_k9_3od_x0.8,B,none,2,7,23,23,78,9.0
B_k9_3od_x0.8,B,none,2,8,23,23,75,9.0
B_k9_3od_x0.8,B,none,2,9,23,23,72,9.0
B_k9_3od_x0.8,B,none,2,10,23,23,74,9.0
B_k9_3od_x0.8,B,none,2,11,23,23,67,9.0
B_k9_3od_x0.8,B,none,2,12,23,23,74,9.0
B_k9_3od_x0.8,B,none,2,13,23,23,71,9.0
B_k9_3od_x0.8,B,none,2,14,23,23,77,9.0
B_k9_3od_x0.8,B,none,2,15,23,23,74,9.0
B_k9_3od_x0.8,B,none,3,1,24,24,56,3.9166666666666665
B_k9_3od_x0.8,B,none,3,2,23,23,73,9.0
B_k9_3od_x0.8,B,none,3,3,23,23,79,9.0
B_k9_3od_x0.8,B,none,3,4,23,23,72,9.0
B_k9_3od_x0.8,B,none,3,5,23,23,73,9.0
B_k9_3od_x0.8,B,none,3,6,23,23,79,9.0
B_k9_3od_x0.8,B,none,3,7,23,23,74,9.0
B_k9_3od_x0.8,B,none,3,8,23,23,76,9.0
B_k9_3od_x0.8,B,none,3,9,23,23,77,9.0
B_k9_3od_x0.8,B,none,3,10,23,23,79,9.0
B_k9_3od_x0.8,B,none,3,11,23,23,70,9.0
B_k9_3od_x0.8,B,none,3,12,23,23,72,9.0
B_k9_3od_x0.8,B,none,3,13,23,23,68,9.0
B_k9_3od_x0.8,B,none,3,14,23,23,73,9.0
B_k9_3od_x0.8,B,none,3,15,23,23,69,9.0
B_k9_3od_x0.8,B,none,4,1,24,24,62,3.7083333333333335
B_k9_3od_x0.8,B,none,4,2,23,23,79,9.0
B_k9_3od_x0.8,B,none,4,3,23,23,78,9.0
B_k9_3od_x0.8,B,none,4,4,23,23,77,9.0
B_k9_3od_x0.8,B,none,4,5,23,23,76,9.0
B_k9_3od_x0.8,B,none,4,6,23,23,74,9.0
B_k9_3od_x0.8,B,none,4,7,23,23,72,9.0
B_k9_3od_x0.8,B,none,4,8,23,23,77,9.0
B_k9_3od_x0.8,B,none,4,9,23,23,78,9.0
B_k9_3od_x0.8,B,none,4,10,23,23,73,9.0
B_k9_3od_x0.8,B,none,4,11,23,23,77,9.0
B_k9_3od_x0.8,B,none,4,12,23,23,71,9.0
B_k9_3od_x0.8,B,none,4,13,23,23,73,9.0
B_k9_3od_x0.8,B,none,4,14,23,23,73,9.0
B_k9_3od_x0.8,B,none,4,15,23,23,73,9.0
B_k9_3od_x0.8,B,none,5,1,24,24,62,4.458333333333333
B_k9_3od_x0.8,B,none,5,2,23,23,79,9.0
B_k9_3od_x0.8,B,none,5,3,23,23,77,9.0
B_k9_3od_x0.8,B,none,5,4,23,23,71,9.0
B_k9_3od_x0.8,B,none,5,5,23,23,73,9.0
B_k9_3od_x0.8,B,none,5,6,23,23,74,9.0
B_k9_3od_x0.8,B,none,5,7,23,23,75,9.0
B_k9_3od_x0.8,B,none,5,8,23,23,77,9.0
B_k9_3od_x0.8,B,none,5,9,23,23,80,9.0
B_k9_3od_x0.8,B,none,5,10,23,23,80,9.0
B_k9_3od_x0.8,B,none,5,11,23,23,74,9.0
B_k9_3od_x0.8,B,none,5,12,23,23,76,9.0
B_k9_3od_x0.8,B,none,5,13,23,23,75,9.0
B_k9_3od_x0.8,B,none,5,14,23,23,78,9.0
B_k9_3od_x0.8,B,none,5,15,23,23,76,9.0
B_k9_3od_x0.8,B,none,6,1,24,24,66,4.958333333333333
B_k9_3od_x0.8,B,none,6,2,23,23,77,9.0
B_k9_3od_x0.8,B,none,6,3,23,23,78,9.0
B_k9_3od_x0.8,B,none,6,4,23,23,79,9.0
B_k9_3od_x0.8,B,none,6,5,23,23,78,9.0
B_k9_3od_x0.8,B,none,6,6,23,23,73,9.0
B_k9_3od_x0.8,B,none,6,7,23,23,75,9.0
B_k9_3od_x0.8,B,none,6,8,23,23,77,9.0
B_k9_3od_x0.8,B,none,6,9,23,23,74,9.0
B_k9_3od_x0.8,B,none,6,10,23,23,77,9.0
B_k9_3od_x0.8,B,none,6,11,23,23,76,9.0
B_k9_3od_x0.8,B,none,6,12,23,23,75,9.0
B_k9_3od_x0.8,B,none,6,13,23,23,77,9.0
B_k9_3od_x0.8,B,none,6,14,23,23,69,9.0
B_k9_3od_x0.8,B,none,6,15,23,23,76,9.0
B_k9_3od_x0.8,B,none,7,1,24,24,69,5.041666666666667
B_k9_3od_x0.8,B,none,7,2,23,23,75,9.0
B_k9_3od_x0.8,B,none,7,3,23,23,73,9.0
B_k9_3od_x0.8,B,none,7,4,23,23,77,9.0
B_k9_3od_x0.8,B,none,7,5,23,23,72,9.0
B_k9_3od_x0.8,B,none,7,6,23,23,76,9.0
B_k9_3od_x0.8,B,none,7,7,23,23,78,9.0
B_k9_3od_x0.8,B,none,7,8,23,23,78,9.0
B_k9_3od_x0.8,B,none,7,9,23,23,72,9.0
B_k9_3od_x0.8,B,none,7,10,23,23,73,9.0
B_k9_3od_x0.8,B,none,7,11,23,23,76,9.0
B_k9_3od_x0.8,B,none,7,12,23,23,75,9.0
B_k9_3od_x0.8,B,none,7,13,23,23,69,9.0
B_k9_3od_x0.8,B,none,7,14,23,23,72,9.0
B_k9_3od_x0.8,B,none,7,15,23,23,73,9.0
B_k9_3od_x0.8,B,none,8,1,24,24,53,3.8333333333333335
B_k9_3od_x0.8,B,none,8,2,23,23,78,9.0
B_k9_3od_x0.8,B,none,8,3,23,23,75,9.0
B_k9_3od_x0.8,B,none,8,4,23,23,77,9.0
B_k9_3od_x0.8,B,none,8,5,23,23,74,9.0
B_k9_3od_x0.8,B,none,8,6,23,23,72,9.0
B_k9_3od_x0.8,B,none,8,7,23,23,73,9.0
B_k9_3od_x0.8,B,none,8,8,23,23,79,9.0
B_k9_3od_x0.8,B,none,8,9,23,23,72,9.0
B_k9_3od_x0.8,B,none,8,10,23,23,77,9.0
B_k9_3od_x0.8,B,none,8,11,23,23,76,9.0
B_k9_3od_x0.8,B,none,8,12,23,23,77,9.0
B_k9_3od_x0.8,B,none,8,13,23,23,72,9.0
B_k9_3od_x0.8,B,none,8,14,23,23,76,9.0
B_k9_3od_x0.8,B,none,8,15,23,23,72,9.0
B_k9_3od_x0.8,B,none,9,1,24,24,68,4.75
B_k9_3od_x0.8,B,none,9,2,23,23,77,9.0
B_k9_3od_x0.8,B,none,9,3,23,23,77,9.0
B_k9_3od_x0.8,B,none,9,4,23,23,81,9.0
B_k9_3od_x0.8,B,none,9,5,23,23,78,9.0
B_k9_3od_x0.8,B,none,9,6,23,23,77,9.0
B_k9_3od_x0.8,B,none,9,7,23,23,79,9.0
B_k9_3od_x0.8,B,none,9,8,23,23,74,9.0
B_k9_3od_x0.8,B,none,9,9,23,23,77,9.0
B_k9_3od_x0.8,B,none,9,10,23,23,78,9.0
B_k9_3od_x0.8,B,none,9,11,23,23,77,9.0
B_k9_3od_x0.8,B,none,9,12,23,23,75,9.0
B_k9_3od_x0.8,B,none,9,13,23,23,76,9.0
B_k9_3od_x0.8,B,none,9,14,23,23,76,9.0
B_k9_3od_x0.8,B,none,9,15,23,23,75,9.0
B_k9_3od_x1.0,B,both,0,1,24,24,53,4.958333333333333
B_k9_3od_x1.0,B,both,0,2,23,23,67,9.0
B_k9_3od_x1.0,B,both,0,3,23,23,60,9.0
B_k9_3od_x1.0,B,both,0,4,23,23,61,9.0
B_k9_3od_x1.0,B,both,0,5,23,23,66,9.0
B_k9_3od_x1.0,B,both,0,6,23,23,71,9.0
B_k9_3od_x1.0,B,both,0,7,23,23,58,9.0
B_k9_3od_x1.0,B,both,0,8,23,23,60,9.0
B_k9_3od_x1.0,B,both,0,9,23,23,65,9.0
B_k9_3od_x1.0,B,both,0,10,23,23,63,9.0
B_k9_3od_x1.0,B,both,0,11,23,23,71,9.0
B_k9_3od_x1.0,B,both,0,12,23,23,68,9.0
B_k9_3od_x1.0,B,both,0,13,23,23,62,9.0
B_k9_3od_x1.0,B,both,0,14,23,23,66,9.0
B_k9_3od_x1.0,B,both,0,15,23,23,63,9.0
B_k9_3od_x1.0,B,both,1,1,24,22,53,4.375
B_k9_3od_x1.0,B,both,1,2,23,23,66,9.0
B_k9_3od_x1.0,B,both,1,3,23,23,64,9.0
B_k9_3od_x1.0,B,both,1,4,23,23,64,9.0
B_k9_3od_x1.0,B,both,1,5,23,23,63,9.0
B_k9_3od_x1.0,B,both,1,6,23,23,69,9.0
B_k9_3od_x1.0,B,both,1,7,23,23,62,9.0
B_k9_3od_x1.0,B,both,1,8,23,23,67,9.0
B_k9_3od_x1.0,B,both,1,9,23,23,61,9.0
B_k9_3od_x1.0,B,both,1,10,23,23,65,9.0
B_k9_3od_x1.0,B,both,1,11,23,23,63,9.0
B_k9_3od_x1.0,B,both,1,12,23,23,64,9.0
B_k9_3od_x1.0,B,both,1,13,23,23,68,9.0
B_k9_3od_x1.0,B,both,1,14,23,23,67,9.0
B_k9_3od_x1.0,B,both,1,15,23,23,62,9.0
B_k9_3od_x1.0,B,both,2,1,24,21,51,4.416666666666667
B_k9_3od_x1.0,B,both,2,2,23,23,62,9.0
B_k9_3od_x1.0,B,both,2,3,23,23,64,9.0
B_k9_3od_x1.0,B,both,2,4,23,23,59,9.0
B_k9_3od_x1.0,B,both,2,5,23,23,66,9.0
B_k9_3od_x1.0,B,both,2,6,23,23,67,9.0
B_k9_3od_x1.0,B,both,2,7,23,23,66,9.0
B_k9_3od_x1.0,B,both,2,8,23,23,64,9.0
B_k9_3od_x1.0,B,both,2,9,23,23,61,9.0
B_k9_3od_x1.0,B,both,2,10,23,23,63,9.0
B_k9_3od_x1.0,B,both,2,11,23,23,69,9.0
B_k9_3od_x1.0,B,both,2,12,23,23,65,9.0
B_k9_3od_x1.0,B,both,2,13,23,23,70,9.0
B_k9_3od_x1.0,B,both,2,14,23,23,63,9.0
B_k9_3od_x1.0,B,both,2,15,23,23,61,9.0
B_k9_3od_x1.0,B,both,3,1,24,24,52,5.416666666666667
B_k9_3od_x1.0,B,both,3,2,23,23,62,9.0
B_k9_3od_x1.0,B,both,3,3,23,23,65,9.0
B_k9_3od_x1.0,B,both,3,4,23,23,68,9.0
B_k9_3od_x1.0,B,both,3,5,23,23,66,9.0
B_k9_3od_x1.0,B,both,3,6,23,23,62,9.0
B_k9_3od_x1.0,B,both,3,7,23,23,61,9.0
B_k9_3od_x1.0,B,both,3,8,23,23,65,9.0
B_k9_3od_x1.0,B,both,3,9,23,23,69,9.0
B_k9_3od_x1.0,B,both,3,10,23,23,65,9.0
B_k9_3od_x1.0,B,both,3,11,23,23,64,9.0
B_k9_3od_x1.0,B,both,3,12,23,23,62,9.0
B_k9_3od_x1.0,B,both,3,13,23,23,62,9.0
B_k9_3od_x1.0,B,both,3,14,23,23,67,9.0
B_k9_3od_x1.0,B,both,3,15,23,23,61,9.0
B_k9_3od_x1.0,B,both,4,1,24,22,42,3.5416666666666665
B_k9_3od_x1.0,B,both,4,2,23,23,68,9.0
B_k9_3od_x1.0,B,both,4,3,23,23,68,9.0
B_k9_3od_x1.0,B,both,4,4,23,23,64,9.0
B_k9_3od_x1.0,B,both,4,5,23,23,67,9.0
B_k9_3od_x1.0,B,both,4,6,23,23,66,9.0
B_k9_3od_x1.0,B,both,4,7,23,23,60,9.0
B_k9_3od_x1.0,B,both,4,8,23,23,64,9.0
B_k9_3od_x1.0,B,both,4,9,23,23,68,9.0
B_k9_3od_x1.0,B,both,4,10,23,23,58,9.0
B_k9_3od_x1.0,B,both,4,11,23,23,61,9.0
B_k9_3od_x1.0,B,both,4,12,23,23,63,9.0
B_k9_3od_x1.0,B,both,4,13,23,23,64,9.0
B_k9_3od_x1.0,B,both,4,14,23,23,60,9.0
B_k9_3od_x1.0,B,both,4,15,23,23,57,9.0
B_k9_3od_x1.0,B,both,5,1,24,22,51,4.25
B_k9_3od_x1.0,B,both,5,2,23,23,64,9.0
B_k9_3od_x1.0,B,both,5,3,23,23,65,9.0
B_k9_3od_x1.0,B,both,5,4,23,23,65,9.0
B_k9_3od_x1.0,B,both,5,5,23,23,60,9.0
B_k9_3od_x1.0,B,both,5,6,23,23,62,9.0
B_k9_3od_x1.0,B,both,5,7,23,23,61,9.0
B_k9_3od_x1.0,B,both,5,8,23,23,61,9.0
B_k9_3od_x1.0,B,both,5,9,23,23,63,9.0
B_k9_3od_x1.0,B,both,5,10,23,23,65,9.0
B_k9_3od_x1.0,B,both,5,11,23,23,67,9.0
B_k9_3od_x1.0,B,both,5,12,23,23,61,9.0
B_k9_3od_x1.0,B,both,5,13,23,23,61,9.0
B_k9_3od_x1.0,B,both,5,14,23,23,60,9.0
B_k9_3od_x1.0,B,both,5,15,23,23,68,9.0
B_k9_3od_x1.0,B,both,6,1,24,22,56,4.958333333333333
B_k9_3od_x1.0,B,both,6,2,23,23,65,9.0
B_k9_3od_x1.0,B,both,6,3,23,23,64,9.0
B_k9_3od_x1.0,B,both,6,4,23,23,62,9.0
B_k9_3od_x1.0,B,both,6,5,23,23,65,9.0
B_k9_3od_x1.0,B,both,6,6,23,23,62,9.0
B_k9_3od_x1.0,B,both,6,7,23,23,63,9.0
B_k9_3od_x1.0,B,both,6,8,23,23,64,9.0
B_k9_3od_x1.0,B,both,6,9,23,23,65,9.0
B_k9_3od_x1.0,B,both,6,10,23,23,60,9.0
B_k9_3od_x1.0,B,both,6,11,23,23,63,9.0
B_k9_3od_x1.0,B,both,6,12,23,23,66,9.0
B_k9_3od_x1.0,B,both,6,13,23,23,63,9.0
B_k9_3od_x1.0,B,both,6,14,23,23,67,9.0
B_k9_3od_x1.0,B,both,6,15,23,23,70,9.0
B_k9_3od_x1.0,B,both,7,1,24,21,45,3.75
B_k9_3od_x1.0,B,both,7,2,23,23,69,9.0
B_k9_3od_x1.0,B,both,7,3,23,23,60,9.0
B_k9_3od_x1.0,B,both,7,4,23,23,63,9.0
B_k9_3od_x1.0,B,both,7,5,23,23,69,9.0
B_k9_3od_x1.0,B,both,7,6,23,23,62,9.0
B_k9_3od_x1.0,B,both,7,7,23,23,65,9.0
B_k9_3od_x1.0,B,both,7,8,23,23,63,9.0
B_k9_3od_x1.0,B,both,7,9,23,23,67,9.0
B_k9_3od_x1.0,B,both,7,10,23,23,70,9.0
B_k9_3od_x1.0,B,both,7,11,23,23,62,9.0
B_k9_3od_x1.0,B,both,7,12,23,23,68,9.0
B_k9_3od_x1.0,B,both,7,13,23,23,64,9.0
B_k9_3od_x1.0,B,both,7,14,23,23,64,9.0
B_k9_3od_x1.0,B,both,7,15,23,23,64,9.0
B_k9_3od_x1.0,B,both,8,1,24,22,51,4.375
B_k9_3od_x1.0,B,both,8,2,23,23,72,9.0
B_k9_3od_x1.0,B,both,8,3,23,23,62,9.0
B_k9_3od_x1.0,B,both,8,4,23,23,61,9.0
B_k9_3od_x1.0,B,both,8,5,23,23,67,9.0
B_k9_3od_x1.0,B,both,8,6,23,23,62,9.0
B_k9_3od_x1.0,B,both,8,7,23,23,63,9.0
B_k9_3od_x1.0,B,both,8,8,23,23,59,9.0
B_k9_3od_x1.0,B,both,8,9,23,23,61,9.0
B_k9_3od_x1.0,B,both,8,10,23,23,64,9.0
B_k9_3od_x1.0,B,both,8,11,23,23,64,9.0
B_k9_3od_x1.0,B,both,8,12,23,23,64,9.0
B_k9_3od_x1.0,B,both,8,13,23,23,67,9.0
B_k9_3od_x1.0,B,both,8,14,23,23,67,9.0
B_k9_3od_x1.0,B,both,8,15,23,23,61,9.0
B_k9_3od_x1.0,B,both,9,1,24,22,53,4.541666666666667
B_k9_3od_x1.0,B,both,9,2,23,23,68,9.0
B_k9_3od_x1.0,B,both,9,3,23,23,64,9.0
B_k9_3od_x1.0,B,both,9,4,23,23,65,9.0
B_k9_3od_x1.0,B,both,9,5,23,23,61,9.0
B_k9_3od_x1.0,B,both,9,6,23,23,64,9.0
B_k9_3od_x1.0,B,both,9,7,23,23,66,9.0
B_k9_3od_x1.0,B,both,9,8,23,23,66,9.0
B_k9_3od_x1.0,B,both,9,9,23,23,62,9.0
B_k9_3od_x1.0,B,both,9,10,23,23,62,9.0
B_k9_3od_x1.0,B,both,9,11,23,23,65,9.0
B_k9_3od_x1.0,B,both,9,12,23,23,61,9.0
B_k9_3od_x1.0,B,both,9,13,23,23,63,9.0
B_k9_3od_x1.0,B,both,9,14,23,23,60,9.0
B_k9_3od_x1.0,B,both,9,15,23,23,65,9.0
B_k9_3od_x1.0,B,init,0,1,24,24,53,4.958333333333333
B_k9_3od_x1.0,B,init,0,2,23,23,77,9.0
B_k9_3od_x1.0,B,init,0,3,23,23,77,9.0
B_k9_3od_x1.0,B,init,0,4,23,23,77,9.0
B_k9_3od_x1.0,B,init,0,5,23,23,75,9.0
B_k9_3od_x1.0,B,init,0,6,23,23,69,9.0
B_k9_3od_x1.0,B,init,0,7,23,23,74,9.0
B_k9_3od_x1.0,B,init,0,8,23,23,76,9.0
B_k9_3od_x1.0,B,init,0,9,23,23,75,9.0
B_k9_3od_x1.0,B,init,0,10,23,23,71,9.0
B_k9_3od_x1.0,B,init,0,11,23,23,74,9.0
B_k9_3od_x1.0,B,init,0,12,23,23,77,9.0
B_k9_3od_x1.0,B,init,0,13,23,23,70,9.0
B_k9_3od_x1.0,B,init,0,14,23,23,75,9.0
B_k9_3od_x1.0,B,init,0,15,23,23,73,9.0
B_k9_3od_x1.0,B,init,1,1,24,22,53,4.375
B_k9_3od_x1.0,B,init,1,2,23,23,74,9.0
B_k9_3od_x1.0,B,init,1,3,23,23,74,9.0
B_k9_3od_x1.0,B,init,1,4,23,23,74,9.0
B_k9_3od_x1.0,B,init,1,5,23,23,73,9.0
B_k9_3od_x1.0,B,init,1,6,23,23,76,9.0
B_k9_3od_x1.0,B,init,1,7,23,23,76,9.0
B_k9_3od_x1.0,B,init,1,8,23,23,80,9.0
B_k9_3od_x1.0,B,init,1,9,23,23,77,9.0
B_k9_3od_x1.0,B,init,1,10,23,23,73,9.0
B_k9_3od_x1.0,B,init,1,11,23,23,73,9.0
B_k9_3od_x1.0,B,init,1,12,23,23,75,9.0
B_k9_3od_x1.0,B,init,1,13,23,23,73,9.0
B_k9_3od_x1.0,B,init,1,14,23,23,76,9.0
B_k9_3od_x1.0,B,init,1,15,23,23,74,9.0
B_k9_3od_x1.0,B,init,2,1,24,21,51,4.416666666666667
B_k9_3od_x1.0,B,init,2,2,23,23,74,9.0
B_k9_3od_x1.0,B,init,2,3,23,23,73,9.0
B_k9_3od_x1.0,B,init,2,4,23,23,75,9.0
B_k9_3od_x1.0,B,init,2,5,23,23,74,9.0
B_k9_3od_x1.0,B,init,2,6,23,23,76,9.0
B_k9_3od_x1.0,B,init,2,7,23,23,71,9.0
B_k9_3od_x1.0,B,init,2,8,23,23,73,9.0
B_k9_3od_x1.0,B,init,2,9,23,23,75,9.0
B_k9_3od_x1.0,B,init,2,10,23,23,77,9.0
B_k9_3od_x1.0,B,init,2,11,23,23,77,9.0
B_k9_3od_x1.0,B,init,2,12,23,23,74,9.0
B_k9_3od_x1.0,B,init,2,13,23,23,75,9.0
B_k9_3od_x1.0,B,init,2,14,23,23,77,9.0
B_k9_3od_x1.0,B,init,2,15,23,23,74,9.0
B_k9_3od_x1.0,B,init,3,1,24,24,52,5.416666666666667
B_k9_3od_x1.0,B,init,3,2,23,23,77,9.0
B_k9_3od_x1.0,B,init,3,3,23,23,78,9.0
B_k9_3od_x1.0,B,init,3,4,23,23,73,9.0
B_k9_3od_x1.0,B,init,3,5,23,23,73,9.0
B_k9_3od_x1.0,B,init,3,6,23,23,75,9.0
B_k9_3od_x1.0,B,init,3,7,23,23,74,9.0
B_k9_3od_x1.0,B,init,3,8,23,23,74,9.0
B_k9_3od_x1.0,B,init,3,9,23,23,74,9.0
B_k9_3od_x1.0,B,init,3,10,23,23,72,9.0
B_k9_3od_x1.0,B,init,3,11,23,23,76,9.0
B_k9_3od_x1.0,B,init,3,12,23,23,73,9.0
B_k9_3od_x1.0,B,init,3,13,23,23,77,9.0
B_k9_3od_x1.0,B,init,3,14,23,23,75,9.0
B_k9_3od_x1.0,B,init,3,15,23,23,74,9.0
B_k9_3od_x1.0,B,init,4,1,24,22,42,3.5416666666666665
B_k9_3od_x1.0,B,init,4,2,23,23,75,9.0
B_k9_3od_x1.0,B,init,4,3,23,23,77,9.0
B_k9_3od_x1.0,B,init,4,4,23,23,75,9.0
B_k9_3od_x1.0,B,init,4,5,23,23,78,9.0
B_k9_3od_x1.0,B,init,4,6,23,23,72,9.0
B_k9_3od_x1.0,B,init,4,7,23,23,77,9.0
B_k9_3od_x1.0,B,init,4,8,23,23,76,9.0
B_k9_3od_x1.0,B,init,4,9,23,23,77,9.0
B_k9_3od_x1.0,B,init,4,10,23,23,70,9.0
B_k9_3od_x1.0,B,init,4,11,23,23,72,9.0
B_k9_3od_x1.0,B,init,4,12,23,23,75,9.0
B_k9_3od_x1.0,B,init,4,13,23,23,76,9.0
B_k9_3od_x1.0,B,init,4,14,23,23,80,9.0
B_k9_3od_x1.0,B,init,4,15,23,23,71,9.0
B_k9_3od_x1.0,B,init,5,1,24,22,51,4.25
B_k9_3od_x1.0,B,init,5,2,23,23,72,9.0
B_k9_3od_x1.0,B,init,5,3,23,23,77,9.0
B_k9_3od_x1.0,B,init,5,4,23,23,77,9.0
B_k9_3od_x1.0,B,init,5,5,23,23,73,9.0
B_k9_3od_x1.0,B,init,5,6,23,23,77,9.0
B_k9_3od_x1.0,B,init,5,7,23,23,73,9.0
B_k9_3od_x1.0,B,init,5,8,23,23,74,9.0
B_k9_3od_x1.0,B,init,5,9,23,23,74,9.0
B_k9_3od_x1.0,B,init,5,10,23,23,74,9.0
B_k9_3od_x1.0,B,init,5,11,23,23,73,9.0
B_k9_3od_x1.0,B,init,5,12,23,23,74,9.0
B_k9_3od_x1.0,B,init,5,13,23,23,73,9.0
B_k9_3od_x1.0,B,init,5,14,23,23,75,9.0
B_k9_3od_x1.0,B,init,5,15,23,23,79,9.0
B_k9_3od_x1.0,B,init,6,1,24,22,56,4.958333333333333
B_k9_3od_x1.0,B,init,6,2,23,23,78,9.0
B_k9_3od_x1.0,B,init,6,3,23,23,71,9.0
B_k9_3od_x1.0,B,init,6,4,23,23,78,9.0
B_k9_3od_x1.0,B,init,6,5,23,23,78,9.0
B_k9_3od_x1.0,B,init,6,6,23,23,73,9.0
B_k9_3od_x1.0,B,init,6,7,23,23,74,9.0
B_k9_3od_x1.0,B,init,6,8,23,23,77,9.0
B_k9_3od_x1.0,B,init,6,9,23,23,78,9.0
B_k9_3od_x1.0,B,init,6,10,23,23,74,9.0
B_k9_3od_x1.0,B,init,6,11,23,23,77,9.0
B_k9_3od_x1.0,B,init,6,12,23,23,73,9.0
B_k9_3od_x1.0,B,init,6,13,23,23,69,9.0
B_k9_3od_x1.0,B,init,6,14,23,23,76,9.0
B_k9_3od_x1.0,B,init,6,15,23,23,75,9.0
B_k9_3od_x1.0,B,init,7,1,24,21,45,3.75
B_k9_3od_x1.0,B,init,7,2,23,23,79,9.0
B_k9_3od_x1.0,B,init,7,3,23,23,76,9.0
B_k9_3od_x1.0,B,init,7,4,23,23,72,9.0
B_k9_3od_x1.0,B,init,7,5,23,23,71,9.0
B_k9_3od_x1.0,B,init,7,6,23,23,75,9.0
B_k9_3od_x1.0,B,init,7,7,23,23,75,9.0
B_k9_3od_x1.0,B,init,7,8,23,23,78,9.0
B_k9_3od_x1.0,B,init,7,9,23,23,74,9.0
B_k9_3od_x1.0,B,init,7,10,23,23,73,9.0
B_k9_3od_x1.0,B,init,7,11,23,23,76,9.0
B_k9_3od_x1.0,B,init,7,12,23,23,75,9.0
B_k9_3od_x1.0,B,init,7,13,23,23,73,9.0
B_k9_3od_x1.0,B,init,7,14,23,23,75,9.0
B_k9_3od_x1.0,B,init,7,15,23,23,77,9.0
B_k9_3od_x1.0,B,init,8,1,24,22,51,4.375
B_k9_3od_x1.0,B,init,8,2,23,23,81,9.0
B_k9_3od_x1.0,B,init,8,3,23,23,76,9.0
B_k9_3od_x1.0,B,init,8,4,23,23,74,9.0
B_k9_3od_x1.0,B,init,8,5,23,23,70,9.0
B_k9_3od_x1.0,B,init,8,6,23,23,74,9.0
B_k9_3od_x1.0,B,init,8,7,23,23,74,9.0
B_k9_3od_x1.0,B,init,8,8,23,23,69,9.0
B_k9_3od_x1.0,B,init,8,9,23,23,71,9.0
B_k9_3od_x1.0,B,init,8,10,23,23,72,9.0
B_k9_3od_x1.0,B,init,8,11,23,23,75,9.0
B_k9_3od_x1.0,B,init,8,12,23,23,74,9.0
B_k9_3od_x1.0,B,init,8,13,23,23,74,9.0
B_k9_3od_x1.0,B,init,8,14,23,23,74,9.0
B_k9_3od_x1.0,B,init,8,15,23,23,76,9.0
B_k9_3od_x1.0,B,init,9,1,24,22,53,4.541666666666667
B_k9_3od_x1.0,B,init,9,2,23,23,71,9.0
B_k9_3od_x1.0,B,init,9,3,23,23,75,9.0
B_k9_3od_x1.0,B,init,9,4,23,23,73,9.0
B_k9_3od_x1.0,B,init,9,5,23,23,74,9.0
B_k9_3od_x1.0,B,init,9,6,23,23,74,9.0
B_k9_3od_x1.0,B,init,9,7,23,23,73,9.0
B_k9_3od_x1.0,B,init,9,8,23,23,77,9.0
B_k9_3od_x1.0,B,init,9,9,23,23,74,9.0
B_k9_3od_x1.0,B,init,9,10,23,23,75,9.0
B_k9_3od_x1.0,B,init,9,11,23,23,74,9.0
B_k9_3od_x1.0,B,init,9,12,23,23,77,9.0
B_k9_3od_x1.0,B,init,9,13,23,23,76,9.0
B_k9_3od_x1.0,B,init,9,14,23,23,75,9.0
B_k9_3od_x1.0,B,init,9,15,23,23,77,9.0
B_k9_3od_x1.0,B,mutation,0,1,24,24,72,5.541666666666667
B_k9_3od_x1.0,B,mutation,0,2,23,23,74,9.0
B_k9_3od_x1.0,B,mutation,0,3,23,23,70,9.0
B_k9_3od_x1.0,B,mutation,0,4,23,23,67,9.0
B_k9_3od_x1.0,B,mutation,0,5,23,23,68,9.0
B_k9_3od_x1.0,B,mutation,0,6,23,23,65,9.0
B_k9_3od_x1.0,B,mutation,0,7,23,23,67,9.0
B_k9_3od_x1.0,B,mutation,0,8,23,23,66,9.0
B_k9_3od_x1.0,B,mutation,0,9,23,23,65,9.0
B_k9_3od_x1.0,B,mutation,0,10,23,23,60,9.0
B_k9_3od_x1.0,B,mutation,0,11,23,23,64,9.0
B_k9_3od_x1.0,B,mutation,0,12,23,23,64,9.0
B_k9_3od_x1.0,B,mutation,0,13,23,23,64,9.0
B_k9_3od_x1.0,B,mutation,0,14,23,23,66,9.0
B_k9_3od_x1.0,B,mutation,0,15,23,23,63,9.0
B_k9_3od_x1.0,B,mutation,1,1,24,24,64,4.708333333333333
B_k9_3od_x1.0,B,mutation,1,2,23,23,75,9.0
B_k9_3od_x1.0,B,mutation,1,3,23,23,69,9.0
B_k9_3od_x1.0,B,mutation,1,4,23,23,65,9.0
B_k9_3od_x1.0,B,mutation,1,5,23,23,64,9.0
B_k9_3od_x1.0,B,mutation,1,6,23,23,63,9.0
B_k9_3od_x1.0,B,mutation,1,7,23,23,59,9.0
B_k9_3od_x1.0,B,mutation,1,8,23,23,61,9.0
B_k9_3od_x1.0,B,mutation,1,9,23,23,65,9.0
B_k9_3od_x1.0,B,mutation,1,10,23,23,65,9.0
B_k9_3od_x1.0,B,mutation,1,11,23,23,64,9.0
B_k9_3od_x1.0,B,mutation,1,12,23,23,58,9.0
B_k9_3od_x1.0,B,mutation,1,13,23,23,68,9.0
B_k9_3od_x1.0,B,mutation,1,14,23,23,62,9.0
B_k9_3od_x1.0,B,mutation,1,15,23,23,58,9.0
B_k9_3od_x1.0,B,mutation,2,1,24,24,63,5.125
B_k9_3od_x1.0,B,mutation,2,2,23,23,68,9.0
B_k9_3od_x1.0,B,mutation,2,3,23,23,63,9.0
B_k9_3od_x1.0,B,mutation,2,4,23,23,63,9.0
B_k9_3od_x1.0,B,mutation,2,5,23,23,68,9.0
B_k9_3od_x1.0,B,mutation,2,6,23,23,61,9.0
B_k9_3od_x1.0,B,mutation,2,7,23,23,64,9.0
B_k9_3od_x1.0,B,mutation,2,8,23,23,61,9.0
B_k9_3od_x1.0,B,mutation,2,9,23,23,62,9.0
B_k9_3od_x1.0,B,mutation,2,10,23,23,60,9.0
B_k9_3od_x1.0,B,mutation,2,11,23,23,68,9.0
B_k9_3od_x1.0,B,mutation,2,12,23,23,64,9.0
B_k9_3od_x1.0,B,mutation,2,13,23,23,64,9.0
B_k9_3od_x1.0,B,mutation,2,14,23,23,66,9.0
B_k9_3od_x1.0,B,mutation,2,15,23,23,63,9.0
B_k9_3od_x1.0,B,mutation,3,1,24,24,56,3.9166666666666665
B_k9_3od_x1.0,B,mutation,3,2,23,23,72,9.0
B_k9_3od_x1.0,B,mutation,3,3,23,23,66,9.0
B_k9_3od_x1.0,B,mutation,3,4,23,23,67,9.0
B_k9_3od_x1.0,B,mutation,3,5,23,23,67,9.0
B_k9_3od_x1.0,B,mutation,3,6,23,23,63,9.0
B_k9_3od_x1.0,B,mutation,3,7,23,23,59,9.0
B_k9_3od_x1.0,B,mutation,3,8,23,23,57,9.0
B_k9_3od_x1.0,B,mutation,3,9,23,23,66,9.0
B_k9_3od_x1.0,B,mutation,3,10,23,23,65,9.0
B_k9_3od_x1.0,B,mutation,3,11,23,23,61,9.0
B_k9_3od_x1.0,B,mutation,3,12,23,23,67,9.0
B_k9_3od_x1.0,B,mutation,3,13,23,23,67,9.0
B_k9_3od_x1.0,B,mutation,3,14,23,23,66,9.0
B_k9_3od_x1.0,B,mutation,3,15,23,23,68,9.0
B_k9_3od_x1.0,B,mutation,4,1,24,24,62,3.7083333333333335
B_k9_3od_x1.0,B,mutation,4,2,23,23,73,9.0
B_k9_3od_x1.0,B,mutation,4,3,23,23,65,9.0
B_k9_3od_x1.0,B,mutation,4,4,23,23,70,9.0
B_k9_3od_x1.0,B,mutation,4,5,23,23,69,9.0
B_k9_3od_x1.0,B,mutation,4,6,23,23,65,9.0
B_k9_3od_x1.0,B,mutation,4,7,23,23,62,9.0
B_k9_3od_x1.0,B,mutation,4,8,23,23,69,9.0
B_k9_3od_x1.0,B,mutation,4,9,23,23,62,9.0
B_k9_3od_x1.0,B,mutation,4,10,23,23,66,9.0
B_k9_3od_x1.0,B,mutation,4,11,23,23,63,9.0
B_k9_3od_x1.0,B,mutation,4,12,23,23,64,9.0
B_k9_3od_x1.0,B,mutation,4,13,23,23,62,9.0
B_k9_3od_x1.0,B,mutation,4,14,23,23,56,9.0
B_k9_3od_x1.0,B,mutation,4,15,23,23,58,9.0
B_k9_3od_x1.0,B,mutation,5,1,24,24,62,4.458333333333333
B_k9_3od_x1.0,B,mutation,5,2,23,23,72,9.0
B_k9_3od_x1.0,B,mutation,5,3,23,23,66,9.0
B_k9_3od_x1.0,B,mutation,5,4,23,23,66,9.0
B_k9_3od_x1.0,B,mutation,5,5,23,23,69,9.0
B_k9_3od_x1.0,B,mutation,5,6,23,23,66,9.0
B_k9_3od_x1.0,B,mutation,5,7,23,23,67,9.0
B_k9_3od_x1.0,B,mutation,5,8,23,23,66,9.0
B_k9_3od_x1.0,B,mutation,5,9,23,23,70,9.0
B_k9_3od_x1.0,B,mutation,5,10,23,23,68,9.0
B_k9_3od_x1.0,B,mutation,5,11,23,23,66,9.0
B_k9_3od_x1.0,B,mutation,5,12,23,23,63,9.0
B_k9_3od_x1.0,B,mutation,5,13,23,23,68,9.0
B_k9_3od_x1.0,B,mutation,5,14,23,23,61,9.0
B_k9_3od_x1.0,B,mutation,5,15,23,23,68,9.0
B_k9_3od_x1.0,B,mutation,6,1,24,24,66,4.958333333333333
B_k9_3od_x1.0,B,mutation,6,2,23,23,76,9.0
B_k9_3od_x1.0,B,mutation,6,3,23,23,65,9.0
B_k9_3od_x1.0,B,mutation,6,4,23,23,64,9.0
B_k9_3od_x1.0,B,mutation,6,5,23,23,65,9.0
B_k9_3od_x1.0,B,mutation,6,6,23,23,63,9.0
B_k9_3od_x1.0,B,mutation,6,7,23,23,67,9.0
B_k9_3od_x1.0,B,mutation,6,8,23,23,63,9.0
B_k9_3od_x1.0,B,mutation,6,9,23,23,65,9.0
B_k9_3od_x1.0,B,mutation,6,10,23,23,63,9.0
B_k9_3od_x1.0,B,mutation,6,11,23,23,63,9.0
B_k9_3od_x1.0,B,mutation,6,12,23,23,65,9.0
B_k9_3od_x1.0,B,mutation,6,13,23,23,66,9.0
B_k9_3od_x1.0,B,mutation,6,14,23,23,63,9.0
B_k9_3od_x1.0,B,mutation,6,15,23,23,64,9.0
B_k9_3od_x1.0,B,mutation,7,1,24,24,69,5.041666666666667
B_k9_3od_x1.0,B,mutation,7,2,23,23,71,9.0
B_k9_3od_x1.0,B,mutation,7,3,23,23,69,9.0
B_k9_3od_x1.0,B,mutation,7,4,23,23,67,9.0
B_k9_3od_x1.0,B,mutation,7,5,23,23,64,9.0
B_k9_3od_x1.0,B,mutation,7,6,23,23,64,9.0
B_k9_3od_x1.0,B,mutation,7,7,23,23,70,9.0
B_k9_3od_x1.0,B,mutation,7,8,23,23,68,9.0
B_k9_3od_x1.0,B,mutation,7,9,23,23,60,9.0
B_k9_3od_x1.0,B,mutation,7,10,23,23,63,9.0
B_k9_3od_x1.0,B,mutation,7,11,23,23,59,9.0
B_k9_3od_x1.0,B,mutation,7,12,23,23,67,9.0
B_k9_3od_x1.0,B,mutation,7,13,23,23,66,9.0
B_k9_3od_x1.0,B,mutation,7,14,23,23,64,9.0
B_k9_3od_x1.0,B,mutation,7,15,23,23,61,9.0
B_k9_3od_x1.0,B,mutation,8,1,24,24,53,3.8333333333333335
B_k9_3od_x1.0,B,mutation,8,2,23,23,70,9.0
B_k9_3od_x1.0,B,mutation,8,3,23,23,68,9.0
B_k9_3od_x1.0,B,mutation,8,4,23,23,66,9.0
B_k9_3od_x1.0,B,mutation,8,5,23,23,64,9.0
B_k9_3od_x1.0,B,mutation,8,6,23,23,62,9.0
B_k9_3od_x1.0,B,mutation,8,7,23,23,62,9.0
B_k9_3od_x1.0,B,mutation,8,8,23,23,61,9.0
B_k9_3od_x1.0,B,mutation,8,9,23,23,63,9.0
B_k9_3od_x1.0,B,mutation,8,10,23,23,70,9.0
B_k9_3od_x1.0,B,mutation,8,11,23,23,59,9.0
B_k9_3od_x1.0,B,mutation,8,12,23,23,65,9.0
B_k9_3od_x1.0,B,mutation,8,13,23,23,65,9.0
B_k9_3od_x1.0,B,mutation,8,14,23,23,64,9.0
B_k9_3od_x1.0,B,mutation,8,15,23,23,64,9.0
B_k9_3od_x1.0,B,mutation,9,1,24,24,68,4.75
B_k9_3od_x1.0,B,mutation,9,2,23,23,67,9.0
B_k9_3od_x1.0,B,mutation,9,3,23,23,64,9.0
B_k9_3od_x1.0,B,mutation,9,4,23,23,65,9.0
B_k9_3od_x1.0,B,mutation,9,5,23,23,61,9.0
B_k9_3od_x1.0,B,mutation,9,6,23,23,65,9.0
B_k9_3od_x1.0,B,mutation,9,7,23,23,60,9.0
B_k9_3od_x1.0,B,mutation,9,8,23,23,67,9.0
B_k9_3od_x1.0,B,mutation,9,9,23,23,68,9.0
B_k9_3od_x1.0,B,mutation,9,10,23,23,64,9.0
B_k9_3od_x1.0,B,mutation,9,11,23,23,66,9.0
B_k9_3od_x1.0,B,mutation,9,12,23,23,64,9.0
B_k9_3od_x1.0,B,mutation,9,13,23,23,57,9.0
B_k9_3od_x1.0,B,mutation,9,14,23,23,63,9.0
B_k9_3od_x1.0,B,mutation,9,15,23,23,71,9.0
B_k9_3od_x1.0,B,none,0,1,24,24,72,5.541666666666667
B_k9_3od_x1.0,B,none,0,2,23,23,77,9.0
B_k9_3od_x1.0,B,none,0,3,23,23,76,9.0
B_k9_3od_x1.0,B,none,0,4,23,23,75,9.0
B_k9_3od_x1.0,B,none,0,5,23,23,78,9.0
B_k9_3od_x1.0,B,none,0,6,23,23,74,9.0
B_k9_3od_x1.0,B,none,0,7,23,23,77,9.0
B_k9_3od_x1.0,B,none,0,8,23,23,76,9.0
B_k9_3od_x1.0,B,none,0,9,23,23,75,9.0
B_k9_3od_x1.0,B,none,0,10,23,23,72,9.0
B_k9_3od_x1.0,B,none,0,11,23,23,80,9.0
B_k9_3od_x1.0,B,none,0,12,23,23,70,9.0
B_k9_3od_x1.0,B,none,0,13,23,23,74,9.0
B_k9_3od_x1.0,B,none,0,14,23,23,76,9.0
B_k9_3od_x1.0,B,none,0,15,23,23,69,9.0
B_k9_3od_x1.0,B,none,1,1,24,24,64,4.708333333333333
B_k9_3od_x1.0,B,none,1,2,23,23,79,9.0
B_k9_3od_x1.0,B,none,1,3,23,23,73,9.0
B_k9_3od_x1.0,B,none,1,4,23,23,75,9.0
B_k9_3od_x1.0,B,none,1,5,23,23,79,9.0
B_k9_3od_x1.0,B,none,1,6,23,23,81,9.0
B_k9_3od_x1.0,B,none,1,7,23,23,77,9.0
B_k9_3od_x1.0,B,none,1,8,23,23,76,9.0
B_k9_3od_x1.0,B,none,1,9,23,23,77,9.0
B_k9_3od_x1.0,B,none,1,10,23,23,77,9.0
B_k9_3od_x1.0,B,none,1,11,23,23,71,9.0
B_k9_3od_x1.0,B,none,1,12,23,23,77,9.0
B_k9_3od_x1.0,B,none,1,13,23,23,77,9.0
B_k9_3od_x1.0,B,none,1,14,23,23,80,9.0
B_k9_3od_x1.0,B,none,1,15,23,23,75,9.0
B_k9_3od_x1.0,B,none,2,1,24,24,63,5.125
B_k9_3od_x1.0,B,none,2,2,23,23,77,9.0
B_k9_3od_x1.0,B,none,2,3,23,23,76,9.0
B_k9_3od_x1.0,B,none,2,4,23,23,76,9.0
B_k9_3od_x1.0,B,none,2,5,23,23,76,9.0
B_k9_3od_x1.0,B,none,2,6,23,23,78,9.0
B_k9_3od_x1.0,B,none,2,7,23,23,77,9.0
B_k9_3od_x1.0,B,none,2,8,23,23,66,9.0
B_k9_3od_x1.0,B,none,2,9,23,23,74,9.0
B_k9_3od_x1.0,B,none,2,10,23,23,75,9.0
B_k9_3od_x1.0,B,none,2,11,23,23,74,9.0
B_k9_3od_x1.0,B,none,2,12,23,23,75,9.0
B_k9_3od_x1.0,B,none,2,13,23,23,74,9.0
B_k9_3od_x1.0,B,none,2,14,23,23,76,9.0
B_k9_3od_x1.0,B,none,2,15,23,23,74,9.0
B_k9_3od_x1.0,B,none,3,1,24,24,56,3.9166666666666665
B_k9_3od_x1.0,B,none,3,2,23,23,78,9.0
B_k9_3od_x1.0,B,none,3,3,23,23,74,9.0
B_k9_3od_x1.0,B,none,3,4,23,23,73,9.0
B_k9_3od_x1.0,B,none,3,5,23,23,73,9.0
B_k9_3od_x1.0,B,none,3,6,23,23,76,9.0
B_k9_3od_x1.0,B,none,3,7,23,23,77,9.0
B_k9_3od_x1.0,B,none,3,8,23,23,75,9.0
B_k9_3od_x1.0,B,none,3,9,23,23,78,9.0
B_k9_3od_x1.0,B,none,3,10,23,23,70,9.0
B_k9_3od_x1.0,B,none,3,11,23,23,68,9.0
B_k9_3od_x1.0,B,none,3,12,23,23,71,9.0
B_k9_3od_x1.0,B,none,3,13,23,23,75,9.0
B_k9_3od_x1.0,B,none,3,14,23,23,77,9.0
B_k9_3od_x1.0,B,none,3,15,23,23,69,9.0
B_k9_3od_x1.0,B,none,4,1,24,24,62,3.7083333333333335
B_k9_3od_x1.0,B,none,4,2,23,23,72,9.0
B_k9_3od_x1.0,B,none,4,3,23,23,75,9.0
B_k9_3od_x1.0,B,none,4,4,23,23,77,9.0
B_k9_3od_x1.0,B,none,4,5,23,23,77,9.0
B_k9_3od_x1.0,B,none,4,6,23,23,78,9.0
B_k9_3od_x1.0,B,none,4,7,23,23,73,9.0
B_k9_3od_x1.0,B,none,4,8,23,23,76,9.0
B_k9_3od_x1.0,B,none,4,9,23,23,75,9.0
B_k9_3od_x1.0,B,none,4,10,23,23,78,9.0
B_k9_3od_x1.0,B,none,4,11,23,23,70,9.0
B_k9_3od_x1.0,B,none,4,12,23,23,72,9.0
B_k9_3od_x1.0,B,none,4,13,23,23,71,9.0
B_k9_3od_x1.0,B,none,4,14,23,23,72,9.0
B_k9_3od_x1.0,B,none,4,15,23,23,76,9.0
B_k9_3od_x1.0,B,none,5,1,24,24,62,4.458333333333333
B_k9_3od_x1.0,B,none,5,2,23,23,79,9.0
B_k9_3od_x1.0,B,none,5,3,23,23,80,9.0
B_k9_3od_x1.0,B,none,5,4,23,23,74,9.0
B_k9_3od_x1.0,B,none,5,5,23,23,74,9.0
B_k9_3od_x1.0,B,none,5,6,23,23,72,9.0
B_k9_3od_x1.0,B,none,5,7,23,23,70,9.0
B_k9_3od_x1.0,B,none,5,8,23,23,73,9.0
B_k9_3od_x1.0,B,none,5,9,23,23,79,9.0
B_k9_3od_x1.0,B,none,5,10,23,23,72,9.0
B_k9_3od_x1.0,B,none,5,11,23,23,76,9.0
B_k9_3od_x1.0,B,none,5,12,23,23,78,9.0
B_k9_3od_x1.0,B,none,5,13,23,23,75,9.0
B_k9_3od_x1.0,B,none,5,14,23,23,76,9.0
B_k9_3od_x1.0,B,none,5,15,23,23,77,9.0
B_k9_3od_x1.0,B,none,6,1,24,24,66,4.958333333333333
B_k9_3od_x1.0,B,none,6,2,23,23,79,9.0
B_k9_3od_x1.0,B,none,6,3,23,23,78,9.0
B_k9_3od_x1.0,B,none,6,4,23,23,72,9.0
B_k9_3od_x1.0,B,none,6,5,23,23,75,9.0
B_k9_3od_x1.0,B,none,6,6,23,23,75,9.0
B_k9_3od_x1.0,B,none,6,7,23,23,73,9.0
B_k9_3od_x1.0,B,none,6,8,23,23,76,9.0
B_k9_3od_x1.0,B,none,6,9,23,23,76,9.0
B_k9_3od_x1.0,B,none,6,10,23,23,77,9.0
B_k9_3od_x1.0,B,none,6,11,23,23,76,9.0
B_k9_3od_x1.0,B,none,6,12,23,23,76,9.0
B_k9_3od_x1.0,B,none,6,13,23,23,74,9.0
B_k9_3od_x1.0,B,none,6,14,23,23,79,9.0
B_k9_3od_x1.0,B,none,6,15,23,23,76,9.0
B_k9_3od_x1.0,B,none,7,1,24,24,69,5.041666666666667
B_k9_3od_x1.0,B,none,7,2,23,23,77,9.0
B_k9_3od_x1.0,B,none,7,3,23,23,76,9.0
B_k9_3od_x1.0,B,none,7,4,23,23,70,9.0
B_k9_3od_x1.0,B,none,7,5,23,23,70,9.0
B_k9_3od_x1.0,B,none,7,6,23,23,71,9.0
B_k9_3od_x1.0,B,none,7,7,23,23,79,9.0
B_k9_3od_x1.0,B,none,7,8,23,23,75,9.0
B_k9_3od_x1.0,B,none,7,9,23,23,76,9.0
B_k9_3od_x1.0,B,none,7,10,23,23,76,9.0
B_k9_3od_x1.0,B,none,7,11,23,23,79,9.0
B_k9_3od_x1.0,B,none,7,12,23,23,74,9.0
B_k9_3od_x1.0,B,none,7,13,23,23,76,9.0
B_k9_3od_x1.0,B,none,7,14,23,23,74,9.0
B_k9_3od_x1.0,B,none,7,15,23,23,73,9.0
B_k9_3od_x1.0,B,none,8,1,24,24,53,3.8333333333333335
B_k9_3od_x1.0,B,none,8,2,23,23,77,9.0
B_k9_3od_x1.0,B,none,8,3,23,23,77,9.0
B_k9_3od_x1.0,B,none,8,4,23,23,78,9.0
B_k9_3od_x1.0,B,none,8,5,23,23,74,9.0
B_k9_3od_x1.0,B,none,8,6,23,23,78,9.0
B_k9_3od_x1.0,B,none,8,7,23,23,80,9.0
B_k9_3od_x1.0,B,none,8,8,23,23,78,9.0
B_k9_3od_x1.0,B,none,8,9,23,23,79,9.0
B_k9_3od_x1.0,B,none,8,10,23,23,73,9.0
B_k9_3od_x1.0,B,none,8,11,23,23,71,9.0
B_k9_3od_x1.0,B,none,8,12,23,23,77,9.0
B_k9_3od_x1.0,B,none,8,13,23,23,80,9.0
B_k9_3od_x1.0,B,none,8,14,23,23,73,9.0
B_k9_3od_x1.0,B,none,8,15,23,23,79,9.0
B_k9_3od_x1.0,B,none,9,1,24,24,68,4.75
B_k9_3od_x1.0,B,none,9,2,23,23,77,9.0
B_k9_3od_x1.0,B,none,9,3,23,23,74,9.0
B_k9_3od_x1.0,B,none,9,4,23,23,73,9.0
B_k9_3od_x1.0,B,none,9,5,23,23,78,9.0
B_k9_3od_x1.0,B,none,9,6,23,23,75,9.0
B_k9_3od_x1.0,B,none,9,7,23,23,78,9.0
B_k9_3od_x1.0,B,none,9,8,23,23,71,9.0
B_k9_3od_x1.0,B,none,9,9,23,23,74,9.0
B_k9_3od_x1.0,B,none,9,10,23,23,77,9.0
B_k9_3od_x1.0,B,none,9,11,23,23,75,9.0
B_k9_3od_x1.0,B,none,9,12,23,23,76,9.0
B_k9_3od_x1.0,B,none,9,13,23,23,74,9.0
B_k9_3od_x1.0,B,none,9,14,23,23,74,9.0
B_k9_3od_x1.0,B,none,9,15,23,23,77,9.0
B_k9_3od_x1.2,B,both,0,1,24,24,61,4.958333333333333
B_k9_3od_x1.2,B,both,0,2,23,23,64,9.0
B_k9_3od_x1.2,B,both,0,3,23,23,66,9.0
B_k9_3od_x1.2,B,both,0,4,23,23,67,9.0
B_k9_3od_x1.2,B,both,0,5,23,23,61,9.0
B_k9_3od_x1.2,B,both,0,6,23,23,67,9.0
B_k9_3od_x1.2,B,both,0,7,23,23,67,9.0
B_k9_3od_x1.2,B,both,0,8,23,23,62,9.0
B_k9_3od_x1.2,B,both,0,9,23,23,63,9.0
B_k9_3od_x1.2,B,both,0,10,23,23,60,9.0
B_k9_3od_x1.2,B,both,0,11,23,23,64,9.0
B_k9_3od_x1.2,B,both,0,12,23,23,64,9.0
B_k9_3od_x1.2,B,both,0,13,23,23,61,9.0
B_k9_3od_x1.2,B,both,0,14,23,23,69,9.0
B_k9_3od_x1.2,B,both,0,15,23,23,65,9.0
B_k9_3od_x1.2,B,both,1,1,24,22,57,4.375
B_k9_3od_x1.2,B,both,1,2,23,23,60,9.0
B_k9_3od_x1.2,B,both,1,3,23,23,64,9.0
B_k9_3od_x1.2,B,both,1,4,23,23,66,9.0
B_k9_3od_x1.2,B,both,1,5,23,23,67,9.0
B_k9_3od_x1.2,B,both,1,6,23,23,64,9.0
B_k9_3od_x1.2,B,both,1,7,23,23,65,9.0
B_k9_3od_x1.2,B,both,1,8,23,23,64,9.0
B_k9_3od_x1.2,B,both,1,9,23,23,67,9.0
B_k9_3od_x1.2,B,both,1,10,23,23,67,9.0
B_k9_3od_x1.2,B,both,1,11,23,23,60,9.0
B_k9_3od_x1.2,B,both,1,12,23,23,66,9.0
B_k9_3od_x1.2,B,both,1,13,23,23,65,9.0
B_k9_3od_x1.2,B,both,1,14,23,23,69,9.0
B_k9_3od_x1.2,B,both,1,15,23,23,70,9.0
B_k9_3od_x1.2,B,both,2,1,24,21,57,4.416666666666667
B_k9_3od_x1.2,B,both,2,2,23,23,64,9.0
B_k9_3od_x1.2,B,both,2,3,23,23,63,9.0
B_k9_3od_x1.2,B,both,2,4,23,23,62,9.0
B_k9_3od_x1.2,B,both,2,5,23,23,65,9.0
B_k9_3od_x1.2,B,both,2,6,23,23,71,9.0
B_k9_3od_x1.2,B,both,2,7,23,23,65,9.0
B_k9_3od_x1.2,B,both,2,8,23,23,65,9.0
B_k9_3od_x1.2,B,both,2,9,23,23,64,9.0
B_k9_3od_x1.2,B,both,2,10,23,23,64,9.0
B_k9_3od_x1.2,B,both,2,11,23,23,65,9.0
B_k9_3od_x1.2,B,both,2,12,23,23,61,9.0
B_k9_3od_x1.2,B,both,2,13,23,23,62,9.0
B_k9_3od_x1.2,B,both,2,14,23,23,67,9.0
B_k9_3od_x1.2,B,both,2,15,23,23,66,9.0
B_k9_3od_x1.2,B,both,3,1,24,24,55,5.416666666666667
B_k9_3od_x1.2,B,both,3,2,23,23,65,9.0
B_k9_3od_x1.2,B,both,3,3,23,23,68,9.0
B_k9_3od_x1.2,B,both,3,4,23,23,67,9.0
B_k9_3od_x1.2,B,both,3,5,23,23,66,9.0
B_k9_3od_x1.2,B,both,3,6,23,23,68,9.0
B_k9_3od_x1.2,B,both,3,7,23,23,69,9.0
B_k9_3od_x1.2,B,both,3,8,23,23,63,9.0
B_k9_3od_x1.2,B,both,3,9,23,23,64,9.0
B_k9_3od_x1.2,B,both,3,10,23,23,64,9.0
B_k9_3od_x1.2,B,both,3,11,23,23,69,9.0
B_k9_3od_x1.2,B,both,3,12,23,23,70,9.0
B_k9_3od_x1.2,B,both,3,13,23,23,63,9.0
B_k9_3od_x1.2,B,both,3,14,23,23,66,9.0
B_k9_3od_x1.2,B,both,3,15,23,23,71,9.0
B_k9_3od_x1.2,B,both,4,1,24,22,45,3.5416666666666665
B_k9_3od_x1.2,B,both,4,2,23,23,68,9.0
B_k9_3od_x1.2,B,both,4,3,23,23,67,9.0
B_k9_3od_x1.2,B,both,4,4,23,23,68,9.0
B_k9_3od_x1.2,B,both,4,5,23,23,62,9.0
B_k9_3od_x1.2,B,both,4,6,23,23,67,9.0
B_k9_3od_x1.2,B,both,4,7,23,23,65,9.0
B_k9_3od_x1.2,B,both,4,8,23,23,66,9.0
B_k9_3od_x1.2,B,both,4,9,23,23,68,9.0
B_k9_3od_x1.2,B,both,4,10,23,23,67,9.0
B_k9_3od_x1.2,B,both,4,11,23,23,66,9.0
B_k9_3od_x1.2,B,both,4,12,23,23,68,9.0
B_k9_3od_x1.2,B,both,4,13,23,23,71,9.0
B_k9_3od_x1.2,B,both,4,14,23,23,66,9.0
B_k9_3od_x1.2,B,both,4,15,23,23,67,9.0
B_k9_3od_x1.2,B,both,5,1,24,22,51,4.25
B_k9_3od_x1.2,B,both,5,2,23,23,68,9.0
B_k9_3od_x1.2,B,both,5,3,23,23,70,9.0
B_k9_3od_x1.2,B,both,5,4,23,23,65,9.0
B_k9_3od_x1.2,B,both,5,5,23,23,65,9.0
B_k9_3od_x1.2,B,both,5,6,23,23,64,9.0
B_k9_3od_x1.2,B,both,5,7,23,23,65,9.0
B_k9_3od_x1.2,B,both,5,8,23,23,71,9.0
B_k9_3od_x1.2,B,both,5,9,23,23,65,9.0
B_k9_3od_x1.2,B,both,5,10,23,23,62,9.0
B_k9_3od_x1.2,B,both,5,11,23,23,68,9.0
B_k9_3od_x1.2,B,both,5,12,23,23,60,9.0
B_k9_3od_x1.2,B,both,5,13,23,23,68,9.0
B_k9_3od_x1.2,B,both,5,14,23,23,67,9.0
B_k9_3od_x1.2,B,both,5,15,23,23,72,9.0
B_k9_3od_x1.2,B,both,6,1,24,22,60,4.958333333333333
B_k9_3od_x1.2,B,both,6,2,23,23,69,9.0
B_k9_3od_x1.2,B,both,6,3,23,23,71,9.0
B_k9_3od_x1.2,B,both,6,4,23,23,60,9.0
B_k9_3od_x1.2,B,both,6,5,23,23,69,9.0
B_k9_3od_x1.2,B,both,6,6,23,23,62,9.0
B_k9_3od_x1.2,B,both,6,7,23,23,66,9.0
B_k9_3od_x1.2,B,both,6,8,23,23,70,9.0
B_k9_3od_x1.2,B,both,6,9,23,23,67,9.0
B_k9_3od_x1.2,B,both,6,10,23,23,70,9.0
B_k9_3od_x1.2,B,both,6,11,23,23,62,9.0
B_k9_3od_x1.2,B,both,6,12,23,23,66,9.0
B_k9_3od_x1.2,B,both,6,13,23,23,67,9.0
B_k9_3od_x1.2,B,both,6,14,23,23,67,9.0
B_k9_3od_x1.2,B,both,6,15,23,23,65,9.0
B_k9_3od_x1.2,B,both,7,1,24,21,52,3.75
B_k9_3od_x1.2,B,both,7,2,23,23,66,9.0
B_k9_3od_x1.2,B,both,7,3,23,23,69,9.0
B_k9_3od_x1.2,B,both,7,4,23,23,65,9.0
B_k9_3od_x1.2,B,both,7,5,23,23,65,9.0
B_k9_3od_x1.2,B,both,7,6,23,23,61,9.0
B_k9_3od_x1.2,B,both,7,7,23,23,66,9.0
B_k9_3od_x1.2,B,both,7,8,23,23,67,9.0
B_k9_3od_x1.2,B,both,7,9,23,23,66,9.0
B_k9_3od_x1.2,B,both,7,10,23,23,66,9.0
B_k9_3od_x1.2,B,both,7,11,23,23,62,9.0
B_k9_3od_x1.2,B,both,7,12,23,23,63,9.0
B_k9_3od_x1.2,B,both,7,13,23,23,67,9.0
B_k9_3od_x1.2,B,both,7,14,23,23,68,9.0
B_k9_3od_x1.2,B,both,7,15,23,23,63,9.0
B_k9_3od_x1.2,B,both,8,1,24,23,54,4.375
B_k9_3od_x1.2,B,both,8,2,23,23,68,9.0
B_k9_3od_x1.2,B,both,8,3,23,23,67,9.0
B_k9_3od_x1.2,B,both,8,4,23,23,63,9.0
B_k9_3od_x1.2,B,both,8,5,23,23,66,9.0
B_k9_3od_x1.2,B,both,8,6,23,23,64,9.0
B_k9_3od_x1.2,B,both,8,7,23,23,62,9.0
B_k9_3od_x1.2,B,both,8,8,23,23,69,9.0
B_k9_3od_x1.2,B,both,8,9,23,23,70,9.0
B_k9_3od_x1.2,B,both,8,10,23,23,67,9.0
B_k9_3od_x1.2,B,both,8,11,23,23,68,9.0
B_k9_3od_x1.2,B,both,8,12,23,23,63,9.0
B_k9_3od_x1.2,B,both,8,13,23,23,73,9.0
B_k9_3od_x1.2,B,both,8,14,23,23,63,9.0
B_k9_3od_x1.2,B,both,8,15,23,23,69,9.0
B_k9_3od_x1.2,B,both,9,1,24,22,57,4.541666666666667
B_k9_3od_x1.2,B,both,9,2,23,23,69,9.0
B_k9_3od_x1.2,B,both,9,3,23,23,69,9.0
B_k9_3od_x1.2,B,both,9,4,23,23,66,9.0
B_k9_3od_x1.2,B,both,9,5,23,23,66,9.0
B_k9_3od_x1.2,B,both,9,6,23,23,65,9.0
B_k9_3od_x1.2,B,both,9,7,23,23,69,9.0
B_k9_3od_x1.2,B,both,9,8,23,23,60,9.0
B_k9_3od_x1.2,B,both,9,9,23,23,67,9.0
B_k9_3od_x1.2,B,both,9,10,23,23,71,9.0
B_k9_3od_x1.2,B,both,9,11,23,23,60,9.0
B_k9_3od_x1.2,B,both,9,12,23,23,67,9.0
B_k9_3od_x1.2,B,both,9,13,23,23,60,9.0
B_k9_3od_x1.2,B,both,9,14,23,23,62,9.0
B_k9_3od_x1.2,B,both,9,15,23,23,66,9.0
B_k9_3od_x1.2,B,init,0,1,24,24,61,4.958333333333333
B_k9_3od_x1.2,B,init,0,2,23,23,79,9.0
B_k9_3od_x1.2,B,init,0,3,23,23,74,9.0
B_k9_3od_x1.2,B,init,0,4,23,23,79,9.0
B_k9_3od_x1.2,B,init,0,5,23,23,74,9.0
B_k9_3od_x1.2,B,init,0,6,23,23,76,9.0
B_k9_3od_x1.2,B,init,0,7,23,23,76,9.0
B_k9_3od_x1.2,B,init,0,8,23,23,77,9.0
B_k9_3od_x1.2,B,init,0,9,23,23,76,9.0
B_k9_3od_x1.2,B,init,0,10,23,23,77,9.0
B_k9_3od_x1.2,B,init,0,11,23,23,76,9.0
B_k9_3od_x1.2,B,init,0,12,23,23,71,9.0
B_k9_3od_x1.2,B,init,0,13,23,23,76,9.0
B_k9_3od_x1.2,B,init,0,14,23,23,68,9.0
B_k9_3od_x1.2,B,init,0,15,23,23,79,9.0
B_k9_3od_x1.2,B,init,1,1,24,22,57,4.375
B_k9_3od_x1.2,B,init,1,2,23,23,69,9.0
B_k9_3od_x1.2,B,init,1,3,23,23,72,9.0
B_k9_3od_x1.2,B,init,1,4,23,23,79,9.0
B_k9_3od_x1.2,B,init,1,5,23,23,76,9.0
B_k9_3od_x1.2,B,init,1,6,23,23,74,9.0
B_k9_3od_x1.2,B,init,1,7,23,23,74,9.0
B_k9_3od_x1.2,B,init,1,8,23,23,75,9.0
B_k9_3od_x1.2,B,init,1,9,23,23,68,9.0
B_k9_3od_x1.2,B,init,1,10,23,23,74,9.0
B_k9_3od_x1.2,B,init,1,11,23,23,74,9.0
B_k9_3od_x1.2,B,init,1,12,23,23,78,9.0
B_k9_3od_x1.2,B,init,1,13,23,23,77,9.0
B_k9_3od_x1.2,B,init,1,14,23,23,74,9.0
B_k9_3od_x1.2,B,init,1,15,23,23,72,9.0
B_k9_3od_x1.2,B,init,2,1,24,21,57,4.416666666666667
B_k9_3od_x1.2,B,init,2,2,23,23,73,9.0
B_k9_3od_x1.2,B,init,2,3,23,23,72,9.0
B_k9_3od_x1.2,B,init,2,4,23,23,73,9.0
B_k9_3od_x1.2,B,init,2,5,23,23,81,9.0
B_k9_3od_x1.2,B,init,2,6,23,23,78,9.0
B_k9_3od_x1.2,B,init,2,7,23,23,68,9.0
B_k9_3od_x1.2,B,init,2,8,23,23,74,9.0
B_k9_3od_x1.2,B,init,2,9,23,23,75,9.0
B_k9_3od_x1.2,B,init,2,10,23,23,70,9.0
B_k9_3od_x1.2,B,init,2,11,23,23,79,9.0
B_k9_3od_x1.2,B,init,2,12,23,23,74,9.0
B_k9_3od_x1.2,B,init,2,13,23,23,76,9.0
B_k9_3od_x1.2,B,init,2,14,23,23,79,9.0
B_k9_3od_x1.2,B,init,2,15,23,23,73,9.0
B_k9_3od_x1.2,B,init,3,1,24,24,55,5.416666666666667
B_k9_3od_x1.2,B,init,3,2,23,23,76,9.0
B_k9_3od_x1.2,B,init,3,3,23,23,75,9.0
B_k9_3od_x1.2,B,init,3,4,23,23,72,9.0
B_k9_3od_x1.2,B,init,3,5,23,23,75,9.0
B_k9_3od_x1.2,B,init,3,6,23,23,71,9.0
B_k9_3od_x1.2,B,init,3,7,23,23,72,9.0
B_k9_3od_x1.2,B,init,3,8,23,23,77,9.0
B_k9_3od_x1.2,B,init,3,9,23,23,74,9.0
B_k9_3od_x1.2,B,init,3,10,23,23,68,9.0
B_k9_3od_x1.2,B,init,3,11,23,23,73,9.0
B_k9_3od_x1.2,B,init,3,12,23,23,74,9.0
B_k9_3od_x1.2,B,init,3,13,23,23,71,9.0
B_k9_3od_x1.2,B,init,3,14,23,23,72,9.0
B_k9_3od_x1.2,B,init,3,15,23,23,78,9.0
B_k9_3od_x1.2,B,init,4,1,24,22,45,3.5416666666666665
B_k9_3od_x1.2,B,init,4,2,23,23,74,9.0
B_k9_3od_x1.2,B,init,4,3,23,23,72,9.0
B_k9_3od_x1.2,B,init,4,4,23,23,77,9.0
B_k9_3od_x1.2,B,init,4,5,23,23,78,9.0
B_k9_3od_x1.2,B,init,4,6,23,23,80,9.0
B_k9_3od_x1.2,B,init,4,7,23,23,72,9.0
B_k9_3od_x1.2,B,init,4,8,23,23,74,9.0
B_k9_3od_x1.2,B,init,4,9,23,23,76,9.0
B_k9_3od_x1.2,B,init,4,10,23,23,77,9.0
B_k9_3od_x1.2,B,init,4,11,23,23,77,9.0
B_k9_3od_x1.2,B,init,4,12,23,23,76,9.0
B_k9_3od_x1.2,B,init,4,13,23,23,77,9.0
B_k9_3od_x1.2,B,init,4,14,23,23,71,9.0
B_k9_3od_x1.2,B,init,4,15,23,23,78,9.0
B_k9_3od_x1.2,B,init,5,1,24,22,51,4.25
B_k9_3od_x1.2,B,init,5,2,23,23,80,9.0
B_k9_3od_x1.2,B,init,5,3,23,23,77,9.0
B_k9_3od_x1.2,B,init,5,4,23,23,80,9.0
B_k9_3od_x1.2,B,init,5,5,23,23,72,9.0
B_k9_3od_x1.2,B,init,5,6,23,23,73,9.0
B_k9_3od_x1.2,B,init,5,7,23,23,69,9.0
B_k9_3od_x1.2,B,init,5,8,23,23,75,9.0
B_k9_3od_x1.2,B,init,5,9,23,23,75,9.0
B_k9_3od_x1.2,B,init,5,10,23,23,73,9.0
B_k9_3od_x1.2,B,init,5,11,23,23,72,9.0
B_k9_3od_x1.2,B,init,5,12,23,23,73,9.0
B_k9_3od_x1.2,B,init,5,13,23,23,74,9.0
B_k9_3od_x1.2,B,init,5,14,23,23,73,9.0
B_k9_3od_x1.2,B,init,5,15,23,23,75,9.0
B_k9_3od_x1.2,B,init,6,1,24,22,60,4.958333333333333
B_k9_3od_x1.2,B,init,6,2,23,23,82,9.0
B_k9_3od_x1.2,B,init,6,3,23,23,79,9.0
B_k9_3od_x1.2,B,init,6,4,23,23,75,9.0
B_k9_3od_x1.2,B,init,6,5,23,23,75,9.0
B_k9_3od_x1.2,B,init,6,6,23,23,77,9.0
B_k9_3od_x1.2,B,init,6,7,23,23,74,9.0
B_k9_3od_x1.2,B,init,6,8,23,23,77,9.0
B_k9_3od_x1.2,B,init,6,9,23,23,75,9.0
B_k9_3od_x1.2,B,init,6,10,23,23,76,9.0
B_k9_3od_x1.2,B,init,6,11,23,23,76,9.0
B_k9_3od_x1.2,B,init,6,12,23,23,75,9.0
B_k9_3od_x1.2,B,init,6,13,23,23,72,9.0
B_k9_3od_x1.2,B,init,6,14,23,23,74,9.0
B_k9_3od_x1.2,B,init,6,15,23,23,78,9.0
B_k9_3od_x1.2,B,init,7,1,24,21,52,3.75
B_k9_3od_x1.2,B,init,7,2,23,23,77,9.0
B_k9_3od_x1.2,B,init,7,3,23,23,79,9.0
B_k9_3od_x1.2,B,init,7,4,23,23,75,9.0
B_k9_3od_x1.2,B,init,7,5,23,23,72,9.0
B_k9_3od_x1.2,B,init,7,6,23,23,77,9.0
B_k9_3od_x1.2,B,init,7,7,23,23,74,9.0
B_k9_3od_x1.2,B,init,7,8,23,23,78,9.0
B_k9_3od_x1.2,B,init,7,9,23,23,72,9.0
B_k9_3od_x1.2,B,init,7,10,23,23,76,9.0
B_k9_3od_x1.2,B,init,7,11,23,23,72,9.0
B_k9_3od_x1.2,B,init,7,12,23,23,75,9.0
B_k9_3od_x1.2,B,init,7,13,23,23,78,9.0
B_k9_3od_x1.2,B,init,7,14,23,23,79,9.0
B_k9_3od_x1.2,B,init,7,15,23,23,74,9.0
B_k9_3od_x1.2,B,init,8,1,24,23,54,4.375
B_k9_3od_x1.2,B,init,8,2,23,23,80,9.0
B_k9_3od_x1.2,B,init,8,3,23,23,73,9.0
B_k9_3od_x1.2,B,init,8,4,23,23,75,9.0
B_k9_3od_x1.2,B,init,8,5,23,23,74,9.0
B_k9_3od_x1.2,B,init,8,6,23,23,72,9.0
B_k9_3od_x1.2,B,init,8,7,23,23,78,9.0
B_k9_3od_x1.2,B,init,8,8,23,23,78,9.0
B_k9_3od_x1.2,B,init,8,9,23,23,73,9.0
B_k9_3od_x1.2,B,init,8,10,23,23,75,9.0
B_k9_3od_x1.2,B,init,8,11,23,23,75,9.0
B_k9_3od_x1.2,B,init,8,12,23,23,71,9.0
B_k9_3od_x1.2,B,init,8,13,23,23,75,9.0
B_k9_3od_x1.2,B,init,8,14,23,23,78,9.0
B_k9_3od_x1.2,B,init,8,15,23,23,73,9.0
B_k9_3od_x1.2,B,init,9,1,24,22,57,4.541666666666667
B_k9_3od_x1.2,B,init,9,2,23,23,78,9.0
B_k9_3od_x1.2,B,init,9,3,23,23,75,9.0
B_k9_3od_x1.2,B,init,9,4,23,23,75,9.0
B_k9_3od_x1.2,B,init,9,5,23,23,78,9.0
B_k9_3od_x1.2,B,init,9,6,23,23,69,9.0
B_k9_3od_x1.2,B,init,9,7,23,23,80,9.0
B_k9_3od_x1.2,B,init,9,8,23,23,78,9.0
B_k9_3od_x1.2,B,init,9,9,23,23,74,9.0
B_k9_3od_x1.2,B,init,9,10,23,23,77,9.0
B_k9_3od_x1.2,B,init,9,11,23,23,76,9.0
B_k9_3od_x1.2,B,init,9,12,23,23,78,9.0
B_k9_3od_x1.2,B,init,9,13,23,23,73,9.0
B_k9_3od_x1.2,B,init,9,14,23,23,74,9.0
B_k9_3od_x1.2,B,init,9,15,23,23,73,9.0
B_k9_3od_x1.2,B,mutation,0,1,24,24,72,5.541666666666667
B_k9_3od_x1.2,B,mutation,0,2,23,23,69,9.0
B_k9_3od_x1.2,B,mutation,0,3,23,23,68,9.0
B_k9_3od_x1.2,B,mutation,0,4,23,23,69,9.0
B_k9_3od_x1.2,B,mutation,0,5,23,23,64,9.0
B_k9_3od_x1.2,B,mutation,0,6,23,23,66,9.0
B_k9_3od_x1.2,B,mutation,0,7,23,23,66,9.0
B_k9_3od_x1.2,B,mutation,0,8,23,23,65,9.0
B_k9_3od_x1.2,B,mutation,0,9,23,23,68,9.0
B_k9_3od_x1.2,B,mutation,0,10,23,23,67,9.0
B_k9_3od_x1.2,B,mutation,0,11,23,23,67,9.0
B_k9_3od_x1.2,B,mutation,0,12,23,23,71,9.0
B_k9_3od_x1.2,B,mutation,0,13,23,23,68,9.0
B_k9_3od_x1.2,B,mutation,0,14,23,23,64,9.0
B_k9_3od_x1.2,B,mutation,0,15,23,23,65,9.0
B_k9_3od_x1.2,B,mutation,1,1,24,24,64,4.708333333333333
B_k9_3od_x1.2,B,mutation,1,2,23,23,72,9.0
B_k9_3od_x1.2,B,mutation,1,3,23,23,68,9.0
B_k9_3od_x1.2,B,mutation,1,4,23,23,64,9.0
B_k9_3od_x1.2,B,mutation,1,5,23,23,63,9.0
B_k9_3od_x1.2,B,mutation,1,6,23,23,62,9.0
B_k9_3od_x1.2,B,mutation,1,7,23,23,68,9.0
B_k9_3od_x1.2,B,mutation,1,8,23,23,62,9.0
B_k9_3od_x1.2,B,mutation,1,9,23,23,61,9.0
B_k9_3od_x1.2,B,mutation,1,10,23,23,65,9.0
B_k9_3od_x1.2,B,mutation,1,11,23,23,67,9.0
B_k9_3od_x1.2,B,mutation,1,12,23,23,71,9.0
B_k9_3od_x1.2,B,mutation,1,13,23,23,68,9.0
B_k9_3od_x1.2,B,mutation,1,14,23,23,66,9.0
B_k9_3od_x1.2,B,mutation,1,15,23,23,69,9.0
B_k9_3od_x1.2,B,mutation,2,1,24,24,63,5.125
B_k9_3od_x1.2,B,mutation,2,2,23,23,70,9.0
B_k9_3od_x1.2,B,mutation,2,3,23,23,71,9.0
B_k9_3od_x1.2,B,mutation,2,4,23,23,66,9.0
B_k9_3od_x1.2,B,mutation,2,5,23,23,66,9.0
B_k9_3od_x1.2,B,mutation,2,6,23,23,64,9.0
B_k9_3od_x1.2,B,mutation,2,7,23,23,62,9.0
B_k9_3od_x1.2,B,mutation,2,8,23,23,65,9.0
B_k9_3od_x1.2,B,mutation,2,9,23,23,62,9.0
B_k9_3od_x1.2,B,mutation,2,10,23,23,68,9.0
B_k9_3od_x1.2,B,mutation,2,11,23,23,69,9.0
B_k9_3od_x1.2,B,mutation,2,12,23,23,67,9.0
B_k9_3od_x1.2,B,mutation,2,13,23,23,63,9.0
B_k9_3od_x1.2,B,mutation,2,14,23,23,65,9.0
B_k9_3od_x1.2,B,mutation,2,15,23,23,61,9.0
B_k9_3od_x1.2,B,mutation,3,1,24,24,56,3.9166666666666665
B_k9_3od_x1.2,B,mutation,3,2,23,23,74,9.0
B_k9_3od_x1.2,B,mutation,3,3,23,23,63,9.0
B_k9_3od_x1.2,B,mutation,3,4,23,23,64,9.0
B_k9_3od_x1.2,B,mutation,3,5,23,23,67,9.0
B_k9_3od_x1.2,B,mutation,3,6,23,23,64,9.0
B_k9_3od_x1.2,B,mutation,3,7,23,23,63,9.0
B_k9_3od_x1.2,B,mutation,3,8,23,23,70,9.0
B_k9_3od_x1.2,B,mutation,3,9,23,23,65,9.0
B_k9_3od_x1.2,B,mutation,3,10,23,23,66,9.0
B_k9_3od_x1.2,B,mutation,3,11,23,23,68,9.0
B_k9_3od_x1.2,B,mutation,3,12,23,23,68,9.0
B_k9_3od_x1.2,B,mutation,3,13,23,23,68,9.0
B_k9_3od_x1.2,B,mutation,3,14,23,23,66,9.0
B_k9_3od_x1.2,B,mutation,3,15,23,23,67,9.0
B_k9_3od_x1.2,B,mutation,4,1,24,24,62,3.7083333333333335
B_k9_3od_x1.2,B,mutation,4,2,23,23,70,9.0
B_k9_3od_x1.2,B,mutation,4,3,23,23,67,9.0
B_k9_3od_x1.2,B,mutation,4,4,23,23,66,9.0
B_k9_3od_x1.2,B,mutation,4,5,23,23,63,9.0
B_k9_3od_x1.2,B,mutation,4,6,23,23,67,9.0
B_k9_3od_x1.2,B,mutation,4,7,23,23,62,9.0
B_k9_3od_x1.2,B,mutation,4,8,23,23,63,9.0
B_k9_3od_x1.2,B,mutation,4,9,23,23,69,9.0
B_k9_3od_x1.2,B,mutation,4,10,23,23,65,9.0
B_k9_3od_x1.2,B,mutation,4,11,23,23,65,9.0
B_k9_3od_x1.2,B,mutation,4,12,23,23,63,9.0
B_k9_3od_x1.2,B,mutation,4,13,23,23,71,9.0
B_k9_3od_x1.2,B,mutation,4,14,23,23,70,9.0
B_k9_3od_x1.2,B,mutation,4,15,23,23,69,9.0
B_k9_3od_x1.2,B,mutation,5,1,24,24,62,4.458333333333333
B_k9_3od_x1.2,B,mutation,5,2,23,23,65,9.0
B_k9_3od_x1.2,B,mutation,5,3,23,23,65,9.0
B_k9_3od_x1.2,B,mutation,5,4,23,23,67,9.0
B_k9_3od_x1.2,B,mutation,5,5,23,23,66,9.0
B_k9_3od_x1.2,B,mutation,5,6,23,23,69,9.0
B_k9_3od_x1.2,B,mutation,5,7,23,23,67,9.0
B_k9_3od_x1.2,B,mutation,5,8,23,23,64,9.0
B_k9_3od_x1.2,B,mutation,5,9,23,23,65,9.0
B_k9_3od_x1.2,B,mutation,5,10,23,23,62,9.0
B_k9_3od_x1.2,B,mutation,5,11,23,23,64,9.0
B_k9_3od_x1.2,B,mutation,5,12,23,23,67,9.0
B_k9_3od_x1.2,B,mutation,5,13,23,23,66,9.0
B_k9_3od_x1.2,B,mutation,5,14,23,23,67,9.0
B_k9_3od_x1.2,B,mutation,5,15,23,23,64,9.0
B_k9_3od_x1.2,B,mutation,6,1,24,24,66,4.958333333333333
B_k9_3od_x1.2,B,mutation,6,2,23,23,71,9.0
B_k9_3od_x1.2,B,mutation,6,3,23,23,66,9.0
B_k9_3od_x1.2,B,mutation,6,4,23,23,66,9.0
B_k9_3od_x1.2,B,mutation,6,5,23,23,65,9.0
B_k9_3od_x1.2,B,mutation,6,6,23,23,68,9.0
B_k9_3od_x1.2,B,mutation,6,7,23,23,63,9.0
B_k9_3od_x1.2,B,mutation,6,8,23,23,62,9.0
B_k9_3od_x1.2,B,mutation,6,9,23,23,63,9.0
B_k9_3od_x1.2,B,mutation,6,10,23,23,70,9.0
B_k9_3od_x1.2,B,mutation,6,11,23,23,63,9.0
B_k9_3od_x1.2,B,mutation,6,12,23,23,63,9.0
B_k9_3od_x1.2,B,mutation,6,13,23,23,61,9.0
B_k9_3od_x1.2,B,mutation,6,14,23,23,62,9.0
B_k9_3od_x1.2,B,mutation,6,15,23,23,66,9.0
B_k9_3od_x1.2,B,mutation,7,1,24,24,69,5.041666666666667
B_k9_3od_x1.2,B,mutation,7,2,23,23,70,9.0
B_k9_3od_x1.2,B,mutation,7,3,23,23,69,9.0
B_k9_3od_x1.2,B,mutation,7,4,23,23,61,9.0
B_k9_3od_x1.2,B,mutation,7,5,23,23,69,9.0
B_k9_3od_x1.2,B,mutation,7,6,23,23,64,9.0
B_k9_3od_x1.2,B,mutation,7,7,23,23,61,9.0
B_k9_3od_x1.2,B,mutation,7,8,23,23,65,9.0
B_k9_3od_x1.2,B,mutation,7,9,23,23,66,9.0
B_k9_3od_x1.2,B,mutation,7,10,23,23,67,9.0
B_k9_3od_x1.2,B,mutation,7,11,23,23,64,9.0
B_k9_3od_x1.2,B,mutation,7,12,23,23,69,9.0
B_k9_3od_x1.2,B,mutation,7,13,23,23,58,9.0
B_k9_3od_x1.2,B,mutation,7,14,23,23,63,9.0
B_k9_3od_x1.2,B,mutation,7,15,23,23,61,9.0
B_k9_3od_x1.2,B,mutation,8,1,24,24,53,3.8333333333333335
B_k9_3od_x1.2,B,mutation,8,2,23,23,72,9.0
B_k9_3od_x1.2,B,mutation,8,3,23,23,64,9.0
B_k9_3od_x1.2,B,mutation,8,4,23,23,64,9.0
B_k9_3od_x1.2,B,mutation,8,5,23,23,65,9.0
B_k9_3od_x1.2,B,mutation,8,6,23,23,65,9.0
B_k9_3od_x1.2,B,mutation,8,7,23,23,61,9.0
B_k9_3od_x1.2,B,mutation,8,8,23,23,68,9.0
B_k9_3od_x1.2,B,mutation,8,9,23,23,69,9.0
B_k9_3od_x1.2,B,mutation,8,10,23,23,67,9.0
B_k9_3od_x1.2,B,mutation,8,11,23,23,64,9.0
B_k9_3od_x1.2,B,mutation,8,12,23,23,69,9.0
B_k9_3od_x1.2,B,mutation,8,13,23,23,69,9.0
B_k9_3od_x1.2,B,mutation,8,14,23,23,69,9.0
B_k9_3od_x1.2,B,mutation,8,15,23,23,65,9.0
B_k9_3od_x1.2,B,mutation,9,1,24,24,68,4.75
B_k9_3od_x1.2,B,mutation,9,2,23,23,71,9.0
B_k9_3od_x1.2,B,mutation,9,3,23,23,70,9.0
B_k9_3od_x1.2,B,mutation,9,4,23,23,71,9.0
B_k9_3od_x1.2,B,mutation,9,5,23,23,66,9.0
B_k9_3od_x1.2,B,mutation,9,6,23,23,63,9.0
B_k9_3od_x1.2,B,mutation,9,7,23,23,59,9.0
B_k9_3od_x1.2,B,mutation,9,8,23,23,59,9.0
B_k9_3od_x1.2,B,mutation,9,9,23,23,69,9.0
B_k9_3od_x1.2,B,mutation,9,10,23,23,70,9.0
B_k9_3od_x1.2,B,mutation,9,11,23,23,66,9.0
B_k9_3od_x1.2,B,mutation,9,12,23,23,67,9.0
B_k9_3od_x1.2,B,mutation,9,13,23,23,69,9.0
B_k9_3od_x1.2,B,mutation,9,14,23,23,65,9.0
B_k9_3od_x1.2,B,mutation,9,15,23,23,70,9.0
B_k9_3od_x1.2,B,none,0,1,24,24,72,5.541666666666667
B_k9_3od_x1.2,B,none,0,2,23,23,78,9.0
B_k9_3od_x1.2,B,none,0,3,23,23,77,9.0
B_k9_3od_x1.2,B,none,0,4,23,23,73,9.0
B_k9_3od_x1.2,B,none,0,5,23,23,75,9.0
B_k9_3od_x1.2,B,none,0,6,23,23,74,9.0
B_k9_3od_x1.2,B,none,0,7,23,23,68,9.0
B_k9_3od_x1.2,B,none,0,8,23,23,74,9.0
B_k9_3od_x1.2,B,none,0,9,23,23,76,9.0
B_k9_3od_x1.2,B,none,0,10,23,23,74,9.0
B_k9_3od_x1.2,B,none,0,11,23,23,74,9.0
B_k9_3od_x1.2,B,none,0,12,23,23,75,9.0
B_k9_3od_x1.2,B,none,0,13,23,23,75,9.0
B_k9_3od_x1.2,B,none,0,14,23,23,77,9.0
B_k9_3od_x1.2,B,none,0,15,23,23,76,9.0
B_k9_3od_x1.2,B,none,1,1,24,24,64,4.708333333333333
B_k9_3od_x1.2,B,none,1,2,23,23,78,9.0
B_k9_3od_x1.2,B,none,1,3,23,23,80,9.0
B_k9_3od_x1.2,B,none,1,4,23,23,78,9.0
B_k9_3od_x1.2,B,none,1,5,23,23,75,9.0
B_k9_3od_x1.2,B,none,1,6,23,23,78,9.0
B_k9_3od_x1.2,B,none,1,7,23,23,77,9.0
B_k9_3od_x1.2,B,none,1,8,23,23,78,9.0
B_k9_3od_x1.2,B,none,1,9,23,23,73,9.0
B_k9_3od_x1.2,B,none,1,10,23,23,80,9.0
B_k9_3od_x1.2,B,none,1,11,23,23,73,9.0
B_k9_3od_x1.2,B,none,1,12,23,23,73,9.0
B_k9_3od_x1.2,B,none,1,13,23,23,72,9.0
B_k9_3od_x1.2,B,none,1,14,23,23,73,9.0
B_k9_3od_x1.2,B,none,1,15,23,23,75,9.0
B_k9_3od_x1.2,B,none,2,1,24,24,63,5.125
B_k9_3od_x1.2,B,none,2,2,23,23,80,9.0
B_k9_3od_x1.2,B,none,2,3,23,23,75,9.0
B_k9_3od_x1.2,B,none,2,4,23,23,78,9.0
B_k9_3od_x1.2,B,none,2,5,23,23,71,9.0
B_k9_3od_x1.2,B,none,2,6,23,23,73,9.0
B_k9_3od_x1.2,B,none,2,7,23,23,74,9.0
B_k9_3od_x1.2,B,none,2,8,23,23,75,9.0
B_k9_3od_x1.2,B,none,2,9,23,23,78,9.0
B_k9_3od_x1.2,B,none,2,10,23,23,71,9.0
B_k9_3od_x1.2,B,none,2,11,23,23,77,9.0
B_k9_3od_x1.2,B,none,2,12,23,23,75,9.0
B_k9_3od_x1.2,B,none,2,13,23,23,76,9.0
B_k9_3od_x1.2,B,none,2,14,23,23,78,9.0
B_k9_3od_x1.2,B,none,2,15,23,23,75,9.0
B_k9_3od_x1.2,B,none,3,1,24,24,56,3.9166666666666665
B_k9_3od_x1.2,B,none,3,2,23,23,75,9.0
B_k9_3od_x1.2,B,none,3,3,23,23,75,9.0
B_k9_3od_x1.2,B,none,3,4,23,23,76,9.0
B_k9_3od_x1.2,B,none,3,5,23,23,72,9.0
B_k9_3od_x1.2,B,none,3,6,23,23,72,9.0
B_k9_3od_x1.2,B,none,3,7,23,23,69,9.0
B_k9_3od_x1.2,B,none,3,8,23,23,75,9.0
B_k9_3od_x1.2,B,none,3,9,23,23,73,9.0
B_k9_3od_x1.2,B,none,3,10,23,23,82,9.0
B_k9_3od_x1.2,B,none,3,11,23,23,76,9.0
B_k9_3od_x1.2,B,none,3,12,23,23,75,9.0
B_k9_3od_x1.2,B,none,3,13,23,23,78,9.0
B_k9_3od_x1.2,B,none,3,14,23,23,75,9.0
B_k9_3od_x1.2,B,none,3,15,23,23,75,9.0
B_k9_3od_x1.2,B,none,4,1,24,24,62,3.7083333333333335
B_k9_3od_x1.2,B,none,4,2,23,23,76,9.0
B_k9_3od_x1.2,B,none,4,3,23,23,75,9.0
B_k9_3od_x1.2,B,none,4,4,23,23,80,9.0
B_k9_3od_x1.2,B,none,4,5,23,23,71,9.0
B_k9_3od_x1.2,B,none,4,6,23,23,74,9.0
B_k9_3od_x1.2,B,none,4,7,23,23,77,9.0
B_k9_3od_x1.2,B,none,4,8,23,23,73,9.0
B_k9_3od_x1.2,B,none,4,9,23,23,74,9.0
B_k9_3od_x1.2,B,none,4,10,23,23,76,9.0
B_k9_3od_x1.2,B,none,4,11,23,23,79,9.0
B_k9_3od_x1.2,B,none,4,12,23,23,72,9.0
B_k9_3od_x1.2,B,none,4,13,23,23,77,9.0
B_k9_3od_x1.2,B,none,4,14,23,23,79,9.0
B_k9_3od_x1.2,B,none,4,15,23,23,73,9.0
B_k9_3od_x1.2,B,none,5,1,24,24,62,4.458333333333333
B_k9_3od_x1.2,B,none,5,2,23,23,79,9.0
B_k9_3od_x1.2,B,none,5,3,23,23,74,9.0
B_k9_3od_x1.2,B,none,5,4,23,23,71,9.0
B_k9_3od_x1.2,B,none,5,5,23,23,76,9.0
B_k9_3od_x1.2,B,none,5,6,23,23,68,9.0
B_k9_3od_x1.2,B,none,5,7,23,23,69,9.0
B_k9_3od_x1.2,B,none,5,8,23,23,78,9.0
B_k9_3od_x1.2,B,none,5,9,23,23,72,9.0
B_k9_3od_x1.2,B,none,5,10,23,23,78,9.0
B_k9_3od_x1.2,B,none,5,11,23,23,75,9.0
B_k9_3od_x1.2,B,none,5,12,23,23,76,9.0
B_k9_3od_x1.2,B,none,5,13,23,23,71,9.0
B_k9_3od_x1.2,B,none,5,14,23,23,67,9.0
B_k9_3od_x1.2,B,none,5,15,23,23,75,9.0
B_k9_3od_x1.2,B,none,6,1,24,24,66,4.958333333333333
B_k9_3od_x1.2,B,none,6,2,23,23,77,9.0
B_k9_3od_x1.2,B,none,6,3,23,23,75,9.0
B_k9_3od_x1.2,B,none,6,4,23,23,74,9.0
B_k9_3od_x1.2,B,none,6,5,23,23,74,9.0
B_k9_3od_x1.2,B,none,6,6,23,23,76,9.0
B_k9_3od_x1.2,B,none,6,7,23,23,73,9.0
B_k9_3od_x1.2,B,none,6,8,23,23,77,9.0
B_k9_3od_x1.2,B,none,6,9,23,23,73,9.0
B_k9_3od_x1.2,B,none,6,10,23,23,75,9.0
B_k9_3od_x1.2,B,none,6,11,23,23,77,9.0
B_k9_3od_x1.2,B,none,6,12,23,23,77,9.0
B_k9_3od_x1.2,B,none,6,13,23,23,78,9.0
B_k9_3od_x1.2,B,none,6,14,23,23,76,9.0
B_k9_3od_x1.2,B,none,6,15,23,23,74,9.0
B_k9_3od_x1.2,B,none,7,1,24,24,69,5.041666666666667
B_k9_3od_x1.2,B,none,7,2,23,23,73,9.0
B_k9_3od_x1.2,B,none,7,3,23,23,75,9.0
B_k9_3od_x1.2,B,none,7,4,23,23,71,9.0
B_k9_3od_x1.2,B,none,7,5,23,23,79,9.0
B_k9_3od_x1.2,B,none,7,6,23,23,77,9.0
B_k9_3od_x1.2,B,none,7,7,23,23,72,9.0
B_k9_3od_x1.2,B,none,7,8,23,23,76,9.0
B_k9_3od_x1.2,B,none,7,9,23,23,74,9.0
B_k9_3od_x1.2,B,none,7,10,23,23,72,9.0
B_k9_3od_x1.2,B,none,7,11,23,23,80,9.0
B_k9_3od_x1.2,B,none,7,12,23,23,74,9.0
B_k9_3od_x1.2,B,none,7,13,23,23,75,9.0
B_k9_3od_x1.2,B,none,7,14,23,23,72,9.0
B_k9_3od_x1.2,B,none,7,15,23,23,73,9.0
B_k9_3od_x1.2,B,none,8,1,24,24,53,3.8333333333333335
B_k9_3od_x1.2,B,none,8,2,23,23,80,9.0
B_k9_3od_x1.2,B,none,8,3,23,23,77,9.0
B_k9_3od_x1.2,B,none,8,4,23,23,77,9.0
B_k9_3od_x1.2,B,none,8,5,23,23,78,9.0
B_k9_3od_x1.2,B,none,8,6,23,23,77,9.0
B_k9_3od_x1.2,B,none,8,7,23,23,74,9.0
B_k9_3od_x1.2,B,none,8,8,23,23,75,9.0
B_k9_3od_x1.2,B,none,8,9,23,23,70,9.0
B_k9_3od_x1.2,B,none,8,10,23,23,73,9.0
B_k9_3od_x1.2,B,none,8,11,23,23,71,9.0
B_k9_3od_x1.2,B,none,8,12,23,23,69,9.0
B_k9_3od_x1.2,B,none,8,13,23,23,74,9.0
B_k9_3od_x1.2,B,none,8,14,23,23,73,9.0
B_k9_3od_x1.2,B,none,8,15,23,23,72,9.0
B_k9_3od_x1.2,B,none,9,1,24,24,68,4.75
B_k9_3od_x1.2,B,none,9,2,23,23,76,9.0
B_k9_3od_x1.2,B,none,9,3,23,23,73,9.0
B_k9_3od_x1.2,B,none,9,4,23,23,76,9.0
B_k9_3od_x1.2,B,none,9,5,23,23,73,9.0
B_k9_3od_x1.2,B,none,9,6,23,23,82,9.0
B_k9_3od_x1.2,B,none,9,7,23,23,72,9.0
B_k9_3od_x1.2,B,none,9,8,23,23,75,9.0
B_k9_3od_x1.2,B,none,9,9,23,23,72,9.0
B_k9_3od_x1.2,B,none,9,10,23,23,72,9.0
B_k9_3od_x1.2,B,none,9,11,23,23,76,9.0
B_k9_3od_x1.2,B,none,9,12,23,23,75,9.0
B_k9_3od_x1.2,B,none,9,13,23,23,70,9.0
B_k9_3od_x1.2,B,none,9,14,23,23,74,9.0
B_k9_3od_x1.2,B,none,9,15,23,23,75,9.0
C_k9_1od_x0.8,C,both,0,1,24,24,66,4.958333333333333
C_k9_1od_x0.8,C,both,0,2,23,23,78,9.0
C_k9_1od_x0.8,C,both,0,3,23,23,74,9.0
C_k9_1od_x0.8,C,both,0,4,23,23,72,9.0
C_k9_1od_x0.8,C,both,0,5,23,23,75,9.0
C_k9_1od_x0.8,C,both,0,6,23,23,77,9.0
C_k9_1od_x0.8,C,both,0,7,23,23,76,9.0
C_k9_1od_x0.8,C,both,0,8,23,23,74,9.0
C_k9_1od_x0.8,C,both,0,9,23,23,75,9.0
C_k9_1od_x0.8,C,both,0,10,23,23,73,9.0
C_k9_1od_x0.8,C,both,0,11,23,23,76,9.0
C_k9_1od_x0.8,C,both,0,12,23,23,68,9.0
C_k9_1od_x0.8,C,both,0,13,23,23,68,9.0
C_k9_1od_x0.8,C,both,0,14,23,23,69,9.0
C_k9_1od_x0.8,C,both,0,15,23,23,78,9.0
C_k9_1od_x0.8,C,both,1,1,24,22,58,4.375
C_k9_1od_x0.8,C,both,1,2,23,23,76,9.0
C_k9_1od_x0.8,C,both,1,3,23,23,73,9.0
C_k9_1od_x0.8,C,both,1,4,23,23,74,9.0
C_k9_1od_x0.8,C,both,1,5,23,23,75,9.0
C_k9_1od_x0.8,C,both,1,6,23,23,75,9.0
C_k9_1od_x0.8,C,both,1,7,23,23,74,9.0
C_k9_1od_x0.8,C,both,1,8,23,23,75,9.0
C_k9_1od_x0.8,C,both,1,9,23,23,71,9.0
C_k9_1od_x0.8,C,both,1,10,23,23,72,9.0
C_k9_1od_x0.8,C,both,1,11,23,23,77,9.0
C_k9_1od_x0.8,C,both,1,12,23,23,73,9.0
C_k9_1od_x0.8,C,both,1,13,23,23,75,9.0
C_k9_1od_x0.8,C,both,1,14,23,23,79,9.0
C_k9_1od_x0.8,C,both,1,15,23,23,73,9.0
C_k9_1od_x0.8,C,both,2,1,24,21,61,4.416666666666667
C_k9_1od_x0.8,C,both,2,2,23,23,74,9.0
C_k9_1od_x0.8,C,both,2,3,23,23,75,9.0
C_k9_1od_x0.8,C,both,2,4,23,23,78,9.0
C_k9_1od_x0.8,C,both,2,5,23,23,76,9.0
C_k9_1od_x0.8,C,both,2,6,23,23,78,9.0
C_k9_1od_x0.8,C,both,2,7,23,23,79,9.0
C_k9_1od_x0.8,C,both,2,8,23,23,73,9.0
C_k9_1od_x0.8,C,both,2,9,23,23,71,9.0
C_k9_1od_x0.8,C,both,2,10,23,23,69,9.0
C_k9_1od_x0.8,C,both,2,11,23,23,75,9.0
C_k9_1od_x0.8,C,both,2,12,23,23,74,9.0
C_k9_1od_x0.8,C,both,2,13,23,23,80,9.0
C_k9_1od_x0.8,C,both,2,14,23,23,71,9.0
C_k9_1od_x0.8,C,both,2,15,23,23,75,9.0
C_k9_1od_x0.8,C,both,3,1,24,24,63,5.416666666666667
C_k9_1od_x0.8,C,both,3,2,23,23,73,9.0
C_k9_1od_x0.8,C,both,3,3,23,23,77,9.0
C_k9_1od_x0.8,C,both,3,4,23,23,80,9.0
C_k9_1od_x0.8,C,both,3,5,23,23,72,9.0
C_k9_1od_x0.8,C,both,3,6,23,23,77,9.0
C_k9_1od_x0.8,C,both,3,7,23,23,76,9.0
C_k9_1od_x0.8,C,both,3,8,23,23,73,9.0
C_k9_1od_x0.8,C,both,3,9,23,23,76,9.0
C_k9_1od_x0.8,C,both,3,10,23,23,74,9.0
C_k9_1od_x0.8,C,both,3,11,23,23,76,9.0
C_k9_1od_x0.8,C,both,3,12,23,23,74,9.0
C_k9_1od_x0.8,C,both,3,13,23,23,70,9.0
C_k9_1od_x0.8,C,both,3,14,23,23,73,9.0
C_k9_1od_x0.8,C,both,3,15,23,23,72,9.0
C_k9_1od_x0.8,C,both,4,1,24,22,53,3.5416666666666665
C_k9_1od_x0.8,C,both,4,2,23,23,80,9.0
C_k9_1od_x0.8,C,both,4,3,23,23,76,9.0
C_k9_1od_x0.8,C,both,4,4,23,23,75,9.0
C_k9_1od_x0.8,C,both,4,5,23,23,74,9.0
C_k9_1od_x0.8,C,both,4,6,23,23,73,9.0
C_k9_1od_x0.8,C,both,4,7,23,23,73,9.0
C_k9_1od_x0.8,C,both,4,8,23,23,75,9.0
C_k9_1od_x0.8,C,both,4,9,23,23,79,9.0
C_k9_1od_x0.8,C,both,4,10,23,23,76,9.0
C_k9_1od_x0.8,C,both,4,11,23,23,72,9.0
C_k9_1od_x0.8,C,both,4,12,23,23,77,9.0
C_k9_1od_x0.8,C,both,4,13,23,23,68,9.0
C_k9_1od_x0.8,C,both,4,14,23,23,78,9.0
C_k9_1od_x0.8,C,both,4,15,23,23,74,9.0
C_k9_1od_x0.8,C,both,5,1,24,22,57,4.25
C_k9_1od_x0.8,C,both,5,2,23,23,78,9.0
C_k9_1od_x0.8,C,both,5,3,23,23,74,9.0
C_k9_1od_x0.8,C,both,5,4,23,23,74,9.0
C_k9_1od_x0.8,C,both,5,5,23,23,77,9.0
C_k9_1od_x0.8,C,both,5,6,23,23,69,9.0
C_k9_1od_x0.8,C,both,5,7,23,23,75,9.0
C_k9_1od_x0.8,C,both,5,8,23,23,76,9.0
C_k9_1od_x0.8,C,both,5,9,23,23,69,9.0
C_k9_1od_x0.8,C,both,5,10,23,23,81,9.0
C_k9_1od_x0.8,C,both,5,11,23,23,72,9.0
C_k9_1od_x0.8,C,both,5,12,23,23,74,9.0
C_k9_1od_x0.8,C,both,5,13,23,23,75,9.0
C_k9_1od_x0.8,C,both,5,14,23,23,82,9.0
C_k9_1od_x0.8,C,both,5,15,23,23,77,9.0
C_k9_1od_x0.8,C,both,6,1,24,22,69,4.958333333333333
C_k9_1od_x0.8,C,both,6,2,23,23,75,9.0
C_k9_1od_x0.8,C,both,6,3,23,23,76,9.0
C_k9_1od_x0.8,C,both,6,4,23,23,74,9.0
C_k9_1od_x0.8,C,both,6,5,23,23,73,9.0
C_k9_1od_x0.8,C,both,6,6,23,23,76,9.0
C_k9_1od_x0.8,C,both,6,7,23,23,81,9.0
C_k9_1od_x0.8,C,both,6,8,23,23,74,9.0
C_k9_1od_x0.8,C,both,6,9,23,23,74,9.0
C_k9_1od_x0.8,C,both,6,10,23,23,76,9.0
C_k9_1od_x0.8,C,both,6,11,23,23,77,9.0
C_k9_1od_x0.8,C,both,6,12,23,23,78,9.0
C_k9_1od_x0.8,C,both,6,13,23,23,74,9.0
C_k9_1od_x0.8,C,both,6,14,23,23,72,9.0
C_k9_1od_x0.8,C,both,6,15,23,23,79,9.0
C_k9_1od_x0.8,C,both,7,1,24,21,58,3.75
C_k9_1od_x0.8,C,both,7,2,23,23,76,9.0
C_k9_1od_x0.8,C,both,7,3,23,23,76,9.0
C_k9_1od_x0.8,C,both,7,4,23,23,78,9.0
C_k9_1od_x0.8,C,both,7,5,23,23,76,9.0
C_k9_1od_x0.8,C,both,7,6,23,23,75,9.0
C_k9_1od_x0.8,C,both,7,7,23,23,75,9.0
C_k9_1od_x0.8,C,both,7,8,23,23,76,9.0
C_k9_1od_x0.8,C,both,7,9,23,23,79,9.0
C_k9_1od_x0.8,C,both,7,10,23,23,76,9.0
C_k9_1od_x0.8,C,both,7,11,23,23,71,9.0
C_k9_1od_x0.8,C,both,7,12,23,23,75,9.0
C_k9_1od_x0.8,C,both,7,13,23,23,78,9.0
C_k9_1od_x0.8,C,both,7,14,23,23,77,9.0
C_k9_1od_x0.8,C,both,7,15,23,23,78,9.0
C_k9_1od_x0.8,C,both,8,1,24,23,59,4.375
C_k9_1od_x0.8,C,both,8,2,23,23,77,9.0
C_k9_1od_x0.8,C,both,8,3,23,23,77,9.0
C_k9_1od_x0.8,C,both,8,4,23,23,70,9.0
C_k9_1od_x0.8,C,both,8,5,23,23,71,9.0
C_k9_1od_x0.8,C,both,8,6,23,23,70,9.0
C_k9_1od_x0.8,C,both,8,7,23,23,78,9.0
C_k9_1od_x0.8,C,both,8,8,23,23,71,9.0
C_k9_1od_x0.8,C,both,8,9,23,23,75,9.0
C_k9_1od_x0.8,C,both,8,10,23,23,78,9.0
C_k9_1od_x0.8,C,both,8,11,23,23,72,9.0
C_k9_1od_x0.8,C,both,8,12,23,23,73,9.0
C_k9_1od_x0.8,C,both,8,13,23,23,75,9.0
C_k9_1od_x0.8,C,both,8,14,23,23,75,9.0
C_k9_1od_x0.8,C,both,8,15,23,23,77,9.0
C_k9_1od_x0.8,C,both,9,1,24,22,62,4.541666666666667
C_k9_1od_x0.8,C,both,9,2,23,23,74,9.0
C_k9_1od_x0.8,C,both,9,3,23,23,74,9.0
C_k9_1od_x0.8,C,both,9,4,23,23,76,9.0
C_k9_1od_x0.8,C,both,9,5,23,23,75,9.0
C_k9_1od_x0.8,C,both,9,6,23,23,74,9.0
C_k9_1od_x0.8,C,both,9,7,23,23,75,9.0
C_k9_1od_x0.8,C,both,9,8,23,23,74,9.0
C_k9_1od_x0.8,C,both,9,9,23,23,74,9.0
C_k9_1od_x0.8,C,both,9,10,23,23,75,9.0
C_k9_1od_x0.8,C,both,9,11,23,23,74,9.0
C_k9_1od_x0.8,C,both,9,12,23,23,74,9.0
C_k9_1od_x0.8,C,both,9,13,23,23,78,9.0
C_k9_1od_x0.8,C,both,9,14,23,23,77,9.0
C_k9_1od_x0.8,C,both,9,15,23,23,79,9.0
C_k9_1od_x0.8,C,init,0,1,24,24,66,4.958333333333333
C_k9_1od_x0.8,C,init,0,2,23,23,82,9.0
C_k9_1od_x0.8,C,init,0,3,23,23,81,9.0
C_k9_1od_x0.8,C,init,0,4,23,23,85,9.0
C_k9_1od_x0.8,C,init,0,5,23,23,80,9.0
C_k9_1od_x0.8,C,init,0,6,23,23,81,9.0
C_k9_1od_x0.8,C,init,0,7,23,23,83,9.0
C_k9_1od_x0.8,C,init,0,8,23,23,77,9.0
C_k9_1od_x0.8,C,init,0,9,23,23,78,9.0
C_k9_1od_x0.8,C,init,0,10,23,23,79,9.0
C_k9_1od_x0.8,C,init,0,11,23,23,77,9.0
C_k9_1od_x0.8,C,init,0,12,23,23,77,9.0
C_k9_1od_x0.8,C,init,0,13,23,23,84,9.0
C_k9_1od_x0.8,C,init,0,14,23,23,84,9.0
C_k9_1od_x0.8,C,init,0,15,23,23,82,9.0
C_k9_1od_x0.8,C,init,1,1,24,22,58,4.375
C_k9_1od_x0.8,C,init,1,2,23,23,84,9.0
C_k9_1od_x0.8,C,init,1,3,23,23,85,9.0
C_k9_1od_x0.8,C,init,1,4,23,23,81,9.0
C_k9_1od_x0.8,C,init,1,5,23,23,79,9.0
C_k9_1od_x0.8,C,init,1,6,23,23,82,9.0
C_k9_1od_x0.8,C,init,1,7,23,23,82,9.0
C_k9_1od_x0.8,C,init,1,8,23,23,78,9.0
C_k9_1od_x0.8,C,init,1,9,23,23,81,9.0
C_k9_1od_x0.8,C,init,1,10,23,23,75,9.0
C_k9_1od_x0.8,C,init,1,11,23,23,74,9.0
C_k9_1od_x0.8,C,init,1,12,23,23,78,9.0
C_k9_1od_x0.8,C,init,1,13,23,23,83,9.0
C_k9_1od_x0.8,C,init,1,14,23,23,84,9.0
C_k9_1od_x0.8,C,init,1,15,23,23,82,9.0
C_k9_1od_x0.8,C,init,2,1,24,21,61,4.416666666666667
C_k9_1od_x0.8,C,init,2,2,23,23,79,9.0
C_k9_1od_x0.8,C,init,2,3,23,23,82,9.0
C_k9_1od_x0.8,C,init,2,4,23,23,82,9.0
C_k9_1od_x0.8,C,init,2,5,23,23,82,9.0
C_k9_1od_x0.8,C,init,2,6,23,23,81,9.0
C_k9_1od_x0.8,C,init,2,7,23,23,79,9.0
C_k9_1od_x0.8,C,init,2,8,23,23,82,9.0
C_k9_1od_x0.8,C,init,2,9,23,23,82,9.0
C_k9_1od_x0.8,C,init,2,10,23,23,77,9.0
C_k9_1od_x0.8,C,init,2,11,23,23,83,9.0
C_k9_1od_x0.8,C,init,2,12,23,23,79,9.0
C_k9_1od_x0.8,C,init,2,13,23,23,82,9.0
C_k9_1od_x0.8,C,init,2,14,23,23,79,9.0
C_k9_1od_x0.8,C,init,2,15,23,23,83,9.0
C_k9_1od_x0.8,C,init,3,1,24,24,63,5.416666666666667
C_k9_1od_x0.8,C,init,3,2,23,23,80,9.0
C_k9_1od_x0.8,C,init,3,3,23,23,78,9.0
C_k9_1od_x0.8,C,init,3,4,23,23,81,9.0
C_k9_1od_x0.8,C,init,3,5,23,23,81,9.0
C_k9_1od_x0.8,C,init,3,6,23,23,80,9.0
C_k9_1od_x0.8,C,init,3,7,23,23,76,9.0
C_k9_1od_x0.8,C,init,3,8,23,23,76,9.0
C_k9_1od_x0.8,C,init,3,9,23,23,77,9.0
C_k9_1od_x0.8,C,init,3,10,23,23,76,9.0
C_k9_1od_x0.8,C,init,3,11,23,23,83,9.0
C_k9_1od_x0.8,C,init,3,12,23,23,79,9.0
C_k9_1od_x0.8,C,init,3,13,23,23,82,9.0
C_k9_1od_x0.8,C,init,3,14,23,23,81,9.0
C_k9_1od_x0.8,C,init,3,15,23,23,78,9.0
C_k9_1od_x0.8,C,init,4,1,24,22,53,3.5416666666666665
C_k9_1od_x0.8,C,init,4,2,23,23,84,9.0
C_k9_1od_x0.8,C,init,4,3,23,23,82,9.0
C_k9_1od_x0.8,C,init,4,4,23,23,79,9.0
C_k9_1od_x0.8,C,init,4,5,23,23,82,9.0
C_k9_1od_x0.8,C,init,4,6,23,23,82,9.0
C_k9_1od_x0.8,C,init,4,7,23,23,83,9.0
C_k9_1od_x0.8,C,init,4,8,23,23,79,9.0
C_k9_1od_x0.8,C,init,4,9,23,23,73,9.0
C_k9_1od_x0.8,C,init,4,10,23,23,78,9.0
C_k9_1od_x0.8,C,init,4,11,23,23,82,9.0
C_k9_1od_x0.8,C,init,4,12,23,23,82,9.0
C_k9_1od_x0.8,C,init,4,13,23,23,85,9.0
C_k9_1od_x0.8,C,init,4,14,23,23,86,9.0
C_k9_1od_x0.8,C,init,4,15,23,23,77,9.0
C_k9_1od_x0.8,C,init,5,1,24,22,57,4.25
C_k9_1od_x0.8,C,init,5,2,23,23,84,9.0
C_k9_1od_x0.8,C,init,5,3,23,23,87,9.0
C_k9_1od_x0.8,C,init,5,4,23,23,78,9.0
C_k9_1od_x0.8,C,init,5,5,23,23,85,9.0
C_k9_1od_x0.8,C,init,5,6,23,23,80,9.0
C_k9_1od_x0.8,C,init,5,7,23,23,75,9.0
C_k9_1od_x0.8,C,init,5,8,23,23,77,9.0
C_k9_1od_x0.8,C,init,5,9,23,23,80,9.0
C_k9_1od_x0.8,C,init,5,10,23,23,79,9.0
C_k9_1od_x0.8,C,init,5,11,23,23,80,9.0
C_k9_1od_x0.8,C,init,5,12,23,23,78,9.0
C_k9_1od_x0.8,C,init,5,13,23,23,79,9.0
C_k9_1od_x0.8,C,init,5,14,23,23,80,9.0
C_k9_1od_x0.8,C,init,5,15,23,23,82,9.0
C_k9_1od_x0.8,C,init,6,1,24,22,69,4.958333333333333
C_k9_1od_x0.8,C,init,6,2,23,23,80,9.0
C_k9_1od_x0.8,C,init,6,3,23,23,80,9.0
C_k9_1od_x0.8,C,init,6,4,23,23,79,9.0
C_k9_1od_x0.8,C,init,6,5,23,23,71,9.0
C_k9_1od_x0.8,C,init,6,6,23,23,85,9.0
C_k9_1od_x0.8,C,init,6,7,23,23,79,9.0
C_k9_1od_x0.8,C,init,6,8,23,23,78,9.0
C_k9_1od_x0.8,C,init,6,9,23,23,86,9.0
C_k9_1od_x0.8,C,init,6,10,23,23,77,9.0
C_k9_1od_x0.8,C,init,6,11,23,23,82,9.0
C_k9_1od_x0.8,C,init,6,12,23,23,81,9.0
C_k9_1od_x0.8,C,init,6,13,23,23,80,9.0
C_k9_1od_x0.8,C,init,6,14,23,23,80,9.0
C_k9_1od_x0.8,C,init,6,15,23,23,82,9.0
C_k9_1od_x0.8,C,init,7,1,24,21,58,3.75
C_k9_1od_x0.8,C,init,7,2,23,23,86,9.0
C_k9_1od_x0.8,C,init,7,3,23,23,78,9.0
C_k9_1od_x0.8,C,init,7,4,23,23,73,9.0
C_k9_1od_x0.8,C,init,7,5,23,23,81,9.0
C_k9_1od_x0.8,C,init,7,6,23,23,87,9.0
C_k9_1od_x0.8,C,init,7,7,23,23,79,9.0
C_k9_1od_x0.8,C,init,7,8,23,23,80,9.0
C_k9_1od_x0.8,C,init,7,9,23,23,79,9.0
C_k9_1od_x0.8,C,init,7,10,23,23,85,9.0
C_k9_1od_x0.8,C,init,7,11,23,23,82,9.0
C_k9_1od_x0.8,C,init,7,12,23,23,87,9.0
C_k9_1od_x0.8,C,init,7,13,23,23,83,9.0
C_k9_1od_x0.8,C,init,7,14,23,23,83,9.0
C_k9_1od_x0.8,C,init,7,15,23,23,75,9.0
C_k9_1od_x0.8,C,init,8,1,24,23,59,4.375
C_k9_1od_x0.8,C,init,8,2,23,23,82,9.0
C_k9_1od_x0.8,C,init,8,3,23,23,85,9.0
C_k9_1od_x0.8,C,init,8,4,23,23,83,9.0
C_k9_1od_x0.8,C,init,8,5,23,23,78,9.0
C_k9_1od_x0.8,C,init,8,6,23,23,80,9.0
C_k9_1od_x0.8,C,init,8,7,23,23,82,9.0
C_k9_1od_x0.8,C,init,8,8,23,23,80,9.0
C_k9_1od_x0.8,C,init,8,9,23,23,77,9.0
C_k9_1od_x0.8,C,init,8,10,23,23,82,9.0
C_k9_1od_x0.8,C,init,8,11,23,23,80,9.0
C_k9_1od_x0.8,C,init,8,12,23,23,81,9.0
C_k9_1od_x0.8,C,init,8,13,23,23,85,9.0
C_k9_1od_x0.8,C,init,8,14,23,23,81,9.0
C_k9_1od_x0.8,C,init,8,15,23,23,83,9.0
C_k9_1od_x0.8,C,init,9,1,24,22,62,4.541666666666667
C_k9_1od_x0.8,C,init,9,2,23,23,85,9.0
C_k9_1od_x0.8,C,init,9,3,23,23,80,9.0
C_k9_1od_x0.8,C,init,9,4,23,23,78,9.0
C_k9_1od_x0.8,C,init,9,5,23,23,77,9.0
C_k9_1od_x0.8,C,init,9,6,23,23,82,9.0
C_k9_1od_x0.8,C,init,9,7,23,23,84,9.0
C_k9_1od_x0.8,C,init,9,8,23,23,77,9.0
C_k9_1od_x0.8,C,init,9,9,23,23,75,9.0
C_k9_1od_x0.8,C,init,9,10,23,23,83,9.0
C_k9_1od_x0.8,C,init,9,11,23,23,82,9.0
C_k9_1od_x0.8,C,init,9,12,23,23,82,9.0
C_k9_1od_x0.8,C,init,9,13,23,23,85,9.0
C_k9_1od_x0.8,C,init,9,14,23,23,84,9.0
C_k9_1od_x0.8,C,init,9,15,23,23,85,9.0
C_k9_1od_x0.8,C,mutation,0,1,24,24,77,5.75
C_k9_1od_x0.8,C,mutation,0,2,23,23,77,9.0
C_k9_1od_x0.8,C,mutation,0,3,23,23,79,9.0
C_k9_1od_x0.8,C,mutation,0,4,23,23,74,9.0
C_k9_1od_x0.8,C,mutation,0,5,23,23,73,9.0
C_k9_1od_x0.8,C,mutation,0,6,23,23,78,9.0
C_k9_1od_x0.8,C,mutation,0,7,23,23,73,9.0
C_k9_1od_x0.8,C,mutation,0,8,23,23,73,9.0
C_k9_1od_x0.8,C,mutation,0,9,23,23,77,9.0
C_k9_1od_x0.8,C,mutation,0,10,23,23,79,9.0
C_k9_1od_x0.8,C,mutation,0,11,23,23,80,9.0
C_k9_1od_x0.8,C,mutation,0,12,23,23,79,9.0
C_k9_1od_x0.8,C,mutation,0,13,23,23,77,9.0
C_k9_1od_x0.8,C,mutation,0,14,23,23,74,9.0
C_k9_1od_x0.8,C,mutation,0,15,23,23,68,9.0
C_k9_1od_x0.8,C,mutation,1,1,24,24,66,4.541666666666667
C_k9_1od_x0.8,C,mutation,1,2,23,23,81,9.0
C_k9_1od_x0.8,C,mutation,1,3,23,23,74,9.0
C_k9_1od_x0.8,C,mutation,1,4,23,23,74,9.0
C_k9_1od_x0.8,C,mutation,1,5,23,23,72,9.0
C_k9_1od_x0.8,C,mutation,1,6,23,23,76,9.0
C_k9_1od_x0.8,C,mutation,1,7,23,23,74,9.0
C_k9_1od_x0.8,C,mutation,1,8,23,23,75,9.0
C_k9_1od_x0.8,C,mutation,1,9,23,23,77,9.0
C_k9_1od_x0.8,C,mutation,1,10,23,23,77,9.0
C_k9_1od_x0.8,C,mutation,1,11,23,23,78,9.0
C_k9_1od_x0.8,C,mutation,1,12,23,23,73,9.0
C_k9_1od_x0.8,C,mutation,1,13,23,23,74,9.0
C_k9_1od_x0.8,C,mutation,1,14,23,23,73,9.0
C_k9_1od_x0.8,C,mutation,1,15,23,23,75,9.0
C_k9_1od_x0.8,C,mutation,2,1,24,24,72,5.083333333333333
C_k9_1od_x0.8,C,mutation,2,2,23,23,83,9.0
C_k9_1od_x0.8,C,mutation,2,3,23,23,77,9.0
C_k9_1od_x0.8,C,mutation,2,4,23,23,79,9.0
C_k9_1od_x0.8,C,mutation,2,5,23,23,73,9.0
C_k9_1od_x0.8,C,mutation,2,6,23,23,77,9.0
C_k9_1od_x0.8,C,mutation,2,7,23,23,73,9.0
C_k9_1od_x0.8,C,mutation,2,8,23,23,77,9.0
C_k9_1od_x0.8,C,mutation,2,9,23,23,78,9.0
C_k9_1od_x0.8,C,mutation,2,10,23,23,74,9.0
C_k9_1od_x0.8,C,mutation,2,11,23,23,79,9.0
C_k9_1od_x0.8,C,mutation,2,12,23,23,72,9.0
C_k9_1od_x0.8,C,mutation,2,13,23,23,79,9.0
C_k9_1od_x0.8,C,mutation,2,14,23,23,74,9.0
C_k9_1od_x0.8,C,mutation,2,15,23,23,78,9.0
C_k9_1od_x0.8,C,mutation,3,1,24,24,67,4.333333333333333
C_k9_1od_x0.8,C,mutation,3,2,23,23,83,9.0
C_k9_1od_x0.8,C,mutation,3,3,23,23,74,9.0
C_k9_1od_x0.8,C,mutation,3,4,23,23,74,9.0
C_k9_1od_x0.8,C,mutation,3,5,23,23,76,9.0
C_k9_1od_x0.8,C,mutation,3,6,23,23,74,9.0
C_k9_1od_x0.8,C,mutation,3,7,23,23,76,9.0
C_k9_1od_x0.8,C,mutation,3,8,23,23,72,9.0
C_k9_1od_x0.8,C,mutation,3,9,23,23,73,9.0
C_k9_1od_x0.8,C,mutation,3,10,23,23,77,9.0
C_k9_1od_x0.8,C,mutation,3,11,23,23,73,9.0
C_k9_1od_x0.8,C,mutation,3,12,23,23,74,9.0
C_k9_1od_x0.8,C,mutation,3,13,23,23,74,9.0
C_k9_1od_x0.8,C,mutation,3,14,23,23,70,9.0
C_k9_1od_x0.8,C,mutation,3,15,23,23,75,9.0
C_k9_1od_x0.8,C,mutation,4,1,24,24,61,4.125
C_k9_1od_x0.8,C,mutation,4,2,23,23,74,9.0
C_k9_1od_x0.8,C,mutation,4,3,23,23,77,9.0
C_k9_1od_x0.8,C,mutation,4,4,23,23,76,9.0
C_k9_1od_x0.8,C,mutation,4,5,23,23,79,9.0
C_k9_1od_x0.8,C,mutation,4,6,23,23,72,9.0
C_k9_1od_x0.8,C,mutation,4,7,23,23,82,9.0
C_k9_1od_x0.8,C,mutation,4,8,23,23,72,9.0
C_k9_1od_x0.8,C,mutation,4,9,23,23,68,9.0
C_k9_1od_x0.8,C,mutation,4,10,23,23,75,9.0
C_k9_1od_x0.8,C,mutation,4,11,23,23,74,9.0
C_k9_1od_x0.8,C,mutation,4,12,23,23,74,9.0
C_k9_1od_x0.8,C,mutation,4,13,23,23,78,9.0
C_k9_1od_x0.8,C,mutation,4,14,23,23,75,9.0
C_k9_1od_x0.8,C,mutation,4,15,23,23,74,9.0
C_k9_1od_x0.8,C,mutation,5,1,24,24,67,4.625
C_k9_1od_x0.8,C,mutation,5,2,23,23,82,9.0
C_k9_1od_x0.8,C,mutation,5,3,23,23,80,9.0
C_k9_1od_x0.8,C,mutation,5,4,23,23,77,9.0
C_k9_1od_x0.8,C,mutation,5,5,23,23,78,9.0
C_k9_1od_x0.8,C,mutation,5,6,23,23,75,9.0
C_k9_1od_x0.8,C,mutation,5,7,23,23,78,9.0
C_k9_1od_x0.8,C,mutation,5,8,23,23,73,9.0
C_k9_1od_x0.8,C,mutation,5,9,23,23,71,9.0
C_k9_1od_x0.8,C,mutation,5,10,23,23,77,9.0
C_k9_1od_x0.8,C,mutation,5,11,23,23,78,9.0
C_k9_1od_x0.8,C,mutation,5,12,23,23,80,9.0
C_k9_1od_x0.8,C,mutation,5,13,23,23,75,9.0
C_k9_1od_x0.8,C,mutation,5,14,23,23,78,9.0
C_k9_1od_x0.8,C,mutation,5,15,23,23,77,9.0
C_k9_1od_x0.8,C,mutation,6,1,24,24,66,5.208333333333333
C_k9_1od_x0.8,C,mutation,6,2,23,23,75,9.0
C_k9_1od_x0.8,C,mutation,6,3,23,23,74,9.0
C_k9_1od_x0.8,C,mutation,6,4,23,23,76,9.0
C_k9_1od_x0.8,C,mutation,6,5,23,23,77,9.0
C_k9_1od_x0.8,C,mutation,6,6,23,23,76,9.0
C_k9_1od_x0.8,C,mutation,6,7,23,23,75,9.0
C_k9_1od_x0.8,C,mutation,6,8,23,23,76,9.0
C_k9_1od_x0.8,C,mutation,6,9,23,23,70,9.0
C_k9_1od_x0.8,C,mutation,6,10,23,23,82,9.0
C_k9_1od_x0.8,C,mutation,6,11,23,23,79,9.0
C_k9_1od_x0.8,C,mutation,6,12,23,23,75,9.0
C_k9_1od_x0.8,C,mutation,6,13,23,23,74,9.0
C_k9_1od_x0.8,C,mutation,6,14,23,23,73,9.0
C_k9_1od_x0.8,C,mutation,6,15,23,23,78,9.0
C_k9_1od_x0.8,C,mutation,7,1,24,24,68,5.291666666666667
C_k9_1od_x0.8,C,mutation,7,2,23,23,79,9.0
C_k9_1od_x0.8,C,mutation,7,3,23,23,79,9.0
C_k9_1od_x0.8,C,mutation,7,4,23,23,75,9.0
C_k9_1od_x0.8,C,mutation,7,5,23,23,77,9.0
C_k9_1od_x0.8,C,mutation,7,6,23,23,75,9.0
C_k9_1od_x0.8,C,mutation,7,7,23,23,73,9.0
C_k9_1od_x0.8,C,mutation,7,8,23,23,76,9.0
C_k9_1od_x0.8,C,mutation,7,9,23,23,71,9.0
C_k9_1od_x0.8,C,mutation,7,10,23,23,73,9.0
C_k9_1od_x0.8,C,mutation,7,11,23,23,75,9.0
C_k9_1od_x0.8,C,mutation,7,12,23,23,73,9.0
C_k9_1od_x0.8,C,mutation,7,13,23,23,80,9.0
C_k9_1od_x0.8,C,mutation,7,14,23,23,74,9.0
C_k9_1od_x0.8,C,mutation,7,15,23,23,76,9.0
C_k9_1od_x0.8,C,mutation,8,1,24,24,62,4.5
C_k9_1od_x0.8,C,mutation,8,2,23,23,72,9.0
C_k9_1od_x0.8,C,mutation,8,3,23,23,75,9.0
C_k9_1od_x0.8,C,mutation,8,4,23,23,77,9.0
C_k9_1od_x0.8,C,mutation,8,5,23,23,74,9.0
C_k9_1od_x0.8,C,mutation,8,6,23,23,80,9.0
C_k9_1od_x0.8,C,mutation,8,7,23,23,74,9.0
C_k9_1od_x0.8,C,mutation,8,8,23,23,80,9.0
C_k9_1od_x0.8,C,mutation,8,9,23,23,75,9.0
C_k9_1od_x0.8,C,mutation,8,10,23,23,74,9.0
C_k9_1od_x0.8,C,mutation,8,11,23,23,76,9.0
C_k9_1od_x0.8,C,mutation,8,12,23,23,70,9.0
C_k9_1od_x0.8,C,mutation,8,13,23,23,74,9.0
C_k9_1od_x0.8,C,mutation,8,14,23,23,74,9.0
C_k9_1od_x0.8,C,mutation,8,15,23,23,76,9.0
C_k9_1od_x0.8,C,mutation,9,1,24,24,68,5.083333333333333
C_k9_1od_x0.8,C,mutation,9,2,23,23,76,9.0
C_k9_1od_x0.8,C,mutation,9,3,23,23,73,9.0
C_k9_1od_x0.8,C,mutation,9,4,23,23,75,9.0
C_k9_1od_x0.8,C,mutation,9,5,23,23,77,9.0
C_k9_1od_x0.8,C,mutation,9,6,23,23,72,9.0
C_k9_1od_x0.8,C,mutation,9,7,23,23,74,9.0
C_k9_1od_x0.8,C,mutation,9,8,23,23,75,9.0
C_k9_1od_x0.8,C,mutation,9,9,23,23,74,9.0
C_k9_1od_x0.8,C,mutation,9,10,23,23,74,9.0
C_k9_1od_x0.8,C,mutation,9,11,23,23,72,9.0
C_k9_1od_x0.8,C,mutation,9,12,23,23,73,9.0
C_k9_1od_x0.8,C,mutation,9,13,23,23,74,9.0
C_k9_1od_x0.8,C,mutation,9,14,23,23,77,9.0
C_k9_1od_x0.8,C,mutation,9,15,23,23,76,9.0
C_k9_1od_x0.8,C,none,0,1,24,24,77,5.75
C_k9_1od_x0.8,C,none,0,2,23,23,86,9.0
C_k9_1od_x0.8,C,none,0,3,23,23,82,9.0
C_k9_1od_x0.8,C,none,0,4,23,23,81,9.0
C_k9_1od_x0.8,C,none,0,5,23,23,81,9.0
C_k9_1od_x0.8,C,none,0,6,23,23,78,9.0
C_k9_1od_x0.8,C,none,0,7,23,23,83,9.0
C_k9_1od_x0.8,C,none,0,8,23,23,81,9.0
C_k9_1od_x0.8,C,none,0,9,23,23,79,9.0
C_k9_1od_x0.8,C,none,0,10,23,23,80,9.0
C_k9_1od_x0.8,C,none,0,11,23,23,77,9.0
C_k9_1od_x0.8,C,none,0,12,23,23,84,9.0
C_k9_1od_x0.8,C,none,0,13,23,23,81,9.0
C_k9_1od_x0.8,C,none,0,14,23,23,85,9.0
C_k9_1od_x0.8,C,none,0,15,23,23,81,9.0
C_k9_1od_x0.8,C,none,1,1,24,24,66,4.541666666666667
C_k9_1od_x0.8,C,none,1,2,23,23,80,9.0
C_k9_1od_x0.8,C,none,1,3,23,23,80,9.0
C_k9_1od_x0.8,C,none,1,4,23,23,79,9.0
C_k9_1od_x0.8,C,none,1,5,23,23,75,9.0
C_k9_1od_x0.8,C,none,1,6,23,23,80,9.0
C_k9_1od_x0.8,C,none,1,7,23,23,78,9.0
C_k9_1od_x0.8,C,none,1,8,23,23,79,9.0
C_k9_1od_x0.8,C,none,1,9,23,23,81,9.0
C_k9_1od_x0.8,C,none,1,10,23,23,78,9.0
C_k9_1od_x0.8,C,none,1,11,23,23,82,9.0
C_k9_1od_x0.8,C,none,1,12,23,23,87,9.0
C_k9_1od_x0.8,C,none,1,13,23,23,81,9.0
C_k9_1od_x0.8,C,none,1,14,23,23,86,9.0
C_k9_1od_x0.8,C,none,1,15,23,23,76,9.0
C_k9_1od_x0.8,C,none,2,1,24,24,72,5.083333333333333
C_k9_1od_x0.8,C,none,2,2,23,23,83,9.0
C_k9_1od_x0.8,C,none,2,3,23,23,85,9.0
C_k9_1od_x0.8,C,none,2,4,23,23,81,9.0
C_k9_1od_x0.8,C,none,2,5,23,23,82,9.0
C_k9_1od_x0.8,C,none,2,6,23,23,83,9.0
C_k9_1od_x0.8,C,none,2,7,23,23,87,9.0
C_k9_1od_x0.8,C,none,2,8,23,23,73,9.0
C_k9_1od_x0.8,C,none,2,9,23,23,82,9.0
C_k9_1od_x0.8,C,none,2,10,23,23,81,9.0
C_k9_1od_x0.8,C,none,2,11,23,23,79,9.0
C_k9_1od_x0.8,C,none,2,12,23,23,83,9.0
C_k9_1od_x0.8,C,none,2,13,23,23,83,9.0
C_k9_1od_x0.8,C,none,2,14,23,23,80,9.0
C_k9_1od_x0.8,C,none,2,15,23,23,84,9.0
C_k9_1od_x0.8,C,none,3,1,24,24,67,4.333333333333333
C_k9_1od_x0.8,C,none,3,2,23,23,87,9.0
C_k9_1od_x0.8,C,none,3,3,23,23,80,9.0
C_k9_1od_x0.8,C,none,3,4,23,23,78,9.0
C_k9_1od_x0.8,C,none,3,5,23,23,84,9.0
C_k9_1od_x0.8,C,none,3,6,23,23,79,9.0
C_k9_1od_x0.8,C,none,3,7,23,23,83,9.0
C_k9_1od_x0.8,C,none,3,8,23,23,81,9.0
C_k9_1od_x0.8,C,none,3,9,23,23,77,9.0
C_k9_1od_x0.8,C,none,3,10,23,23,77,9.0
C_k9_1od_x0.8,C,none,3,11,23,23,82,9.0
C_k9_1od_x0.8,C,none,3,12,23,23,80,9.0
C_k9_1od_x0.8,C,none,3,13,23,23,79,9.0
C_k9_1od_x0.8,C,none,3,14,23,23,83,9.0
C_k9_1od_x0.8,C,none,3,15,23,23,86,9.0
C_k9_1od_x0.8,C,none,4,1,24,24,61,4.125
C_k9_1od_x0.8,C,none,4,2,23,23,80,9.0
C_k9_1od_x0.8,C,none,4,3,23,23,80,9.0
C_k9_1od_x0.8,C,none,4,4,23,23,78,9.0
C_k9_1od_x0.8,C,none,4,5,23,23,83,9.0
C_k9_1od_x0.8,C,none,4,6,23,23,80,9.0
C_k9_1od_x0.8,C,none,4,7,23,23,76,9.0
C_k9_1od_x0.8,C,none,4,8,23,23,73,9.0
C_k9_1od_x0.8,C,none,4,9,23,23,82,9.0
C_k9_1od_x0.8,C,none,4,10,23,23,84,9.0
C_k9_1od_x0.8,C,none,4,11,23,23,86,9.0
C_k9_1od_x0.8,C,none,4,12,23,23,86,9.0
C_k9_1od_x0.8,C,none,4,13,23,23,86,9.0
C_k9_1od_x0.8,C,none,4,14,23,23,83,9.0
C_k9_1od_x0.8,C,none,4,15,23,23,77,9.0
C_k9_1od_x0.8,C,none,5,1,24,24,67,4.625
C_k9_1od_x0.8,C,none,5,2,23,23,87,9.0
C_k9_1od_x0.8,C,none,5,3,23,23,85,9.0
C_k9_1od_x0.8,C,none,5,4,23,23,79,9.0
C_k9_1od_x0.8,C,none,5,5,23,23,81,9.0
C_k9_1od_x0.8,C,none,5,6,23,23,80,9.0
C_k9_1od_x0.8,C,none,5,7,23,23,76,9.0
C_k9_1od_x0.8,C,none,5,8,23,23,81,9.0
C_k9_1od_x0.8,C,none,5,9,23,23,76,9.0
C_k9_1od_x0.8,C,none,5,10,23,23,79,9.0
C_k9_1od_x0.8,C,none,5,11,23,23,82,9.0
C_k9_1od_x0.8,C,none,5,12,23,23,83,9.0
C_k9_1od_x0.8,C,none,5,13,23,23,77,9.0
C_k9_1od_x0.8,C,none,5,14,23,23,76,9.0
C_k9_1od_x0.8,C,none,5,15,23,23,83,9.0
C_k9_1od_x0.8,C,none,6,1,24,24,66,5.208333333333333
C_k9_1od_x0.8,C,none,6,2,23,23,81,9.0
C_k9_1od_x0.8,C,none,6,3,23,23,81,9.0
C_k9_1od_x0.8,C,none,6,4,23,23,82,9.0
C_k9_1od_x0.8,C,none,6,5,23,23,78,9.0
C_k9_1od_x0.8,C,none,6,6,23,23,76,9.0
C_k9_1od_x0.8,C,none,6,7,23,23,82,9.0
C_k9_1od_x0.8,C,none,6,8,23,23,85,9.0
C_k9_1od_x0.8,C,none,6,9,23,23,81,9.0
C_k9_1od_x0.8,C,none,6,10,23,23,80,9.0
C_k9_1od_x0.8,C,none,6,11,23,23,82,9.0
C_k9_1od_x0.8,C,none,6,12,23,23,79,9.0
C_k9_1od_x0.8,C,none,6,13,23,23,82,9.0
C_k9_1od_x0.8,C,none,6,14,23,23,86,9.0
C_k9_1od_x0.8,C,none,6,15,23,23,80,9.0
C_k9_1od_x0.8,C,none,7,1,24,24,68,5.291666666666667
C_k9_1od_x0.8,C,none,7,2,23,23,83,9.0
C_k9_1od_x0.8,C,none,7,3,23,23,75,9.0
C_k9_1od_x0.8,C,none,7,4,23,23,81,9.0
C_k9_1od_x0.8,C,none,7,5,23,23,80,9.0
C_k9_1od_x0.8,C,none,7,6,23,23,84,9.0
C_k9_1od_x0.8,C,none,7,7,23,23,81,9.0
C_k9_1od_x0.8,C,none,7,8,23,23,79,9.0
C_k9_1od_x0.8,C,none,7,9,23,23,83,9.0
C_k9_1od_x0.8,C,none,7,10,23,23,82,9.0
C_k9_1od_x0.8,C,none,7,11,23,23,80,9.0
C_k9_1od_x0.8,C,none,7,12,23,23,83,9.0
C_k9_1od_x0.8,C,none,7,13,23,23,81,9.0
C_k9_1od_x0.8,C,none,7,14,23,23,82,9.0
C_k9_1od_x0.8,C,none,7,15,23,23,83,9.0
C_k9_1od_x0.8,C,none,8,1,24,24,62,4.5
C_k9_1od_x0.8,C,none,8,2,23,23,82,9.0
C_k9_1od_x0.8,C,none,8,3,23,23,86,9.0
C_k9_1od_x0.8,C,none,8,4,23,23,87,9.0
C_k9_1od_x0.8,C,none,8,5,23,23,76,9.0
C_k9_1od_x0.8,C,none,8,6,23,23,76,9.0
C_k9_1od_x0.8,C,none,8,7,23,23,83,9.0
C_k9_1od_x0.8,C,none,8,8,23,23,83,9.0
C_k9_1od_x0.8,C,none,8,9,23,23,81,9.0
C_k9_1od_x0.8,C,none,8,10,23,23,82,9.0
C_k9_1od_x0.8,C,none,8,11,23,23,81,9.0
C_k9_1od_x0.8,C,none,8,12,23,23,79,9.0
C_k9_1od_x0.8,C,none,8,13,23,23,82,9.0
C_k9_1od_x0.8,C,none,8,14,23,23,82,9.0
C_k9_1od_x0.8,C,none,8,15,23,23,78,9.0
C_k9_1od_x0.8,C,none,9,1,24,24,68,5.083333333333333
C_k9_1od_x0.8,C,none,9,2,23,23,86,9.0
C_k9_1od_x0.8,C,none,9,3,23,23,82,9.0
C_k9_1od_x0.8,C,none,9,4,23,23,81,9.0
C_k9_1od_x0.8,C,none,9,5,23,23,81,9.0
C_k9_1od_x0.8,C,none,9,6,23,23,77,9.0
C_k9_1od_x0.8,C,none,9,7,23,23,77,9.0
C_k9_1od_x0.8,C,none,9,8,23,23,80,9.0
C_k9_1od_x0.8,C,none,9,9,23,23,79,9.0
C_k9_1od_x0.8,C,none,9,10,23,23,80,9.0
C_k9_1od_x0.8,C,none,9,11,23,23,80,9.0
C_k9_1od_x0.8,C,none,9,12,23,23,83,9.0
C_k9_1od_x0.8,C,none,9,13,23,23,77,9.0
C_k9_1od_x0.8,C,none,9,14,23,23,78,9.0
C_k9_1od_x0.8,C,none,9,15,23,23,73,9.0
C_k9_1od_x1.0,C,both,0,1,24,24,58,4.958333333333333
C_k9_1od_x1.0,C,both,0,2,23,23,73,9.0
C_k9_1od_x1.0,C,both,0,3,23,23,69,9.0
C_k9_1od_x1.0,C,both,0,4,23,23,74,9.0
C_k9_1od_x1.0,C,both,0,5,23,23,73,9.0
C_k9_1od_x1.0,C,both,0,6,23,23,72,9.0
C_k9_1od_x1.0,C,both,0,7,23,23,73,9.0
C_k9_1od_x1.0,C,both,0,8,23,23,68,9.0
C_k9_1od_x1.0,C,both,0,9,23,23,77,9.0
C_k9_1od_x1.0,C,both,0,10,23,23,74,9.0
C_k9_1od_x1.0,C,both,0,11,23,23,75,9.0
C_k9_1od_x1.0,C,both,0,12,23,23,72,9.0
C_k9_1od_x1.0,C,both,0,13,23,23,80,9.0
C_k9_1od_x1.0,C,both,0,14,23,23,73,9.0
C_k9_1od_x1.0,C,both,0,15,23,23,71,9.0
C_k9_1od_x1.0,C,both,1,1,24,22,49,4.375
C_k9_1od_x1.0,C,both,1,2,23,23,73,9.0
C_k9_1od_x1.0,C,both,1,3,23,23,75,9.0
C_k9_1od_x1.0,C,both,1,4,23,23,69,9.0
C_k9_1od_x1.0,C,both,1,5,23,23,73,9.0
C_k9_1od_x1.0,C,both,1,6,23,23,72,9.0
C_k9_1od_x1.0,C,both,1,7,23,23,76,9.0
C_k9_1od_x1.0,C,both,1,8,23,23,74,9.0
C_k9_1od_x1.0,C,both,1,9,23,23,74,9.0
C_k9_1od_x1.0,C,both,1,10,23,23,69,9.0
C_k9_1od_x1.0,C,both,1,11,23,23,78,9.0
C_k9_1od_x1.0,C,both,1,12,23,23,68,9.0
C_k9_1od_x1.0,C,both,1,13,23,23,75,9.0
C_k9_1od_x1.0,C,both,1,14,23,23,68,9.0
C_k9_1od_x1.0,C,both,1,15,23,23,73,9.0
C_k9_1od_x1.0,C,both,2,1,24,21,60,4.416666666666667
C_k9_1od_x1.0,C,both,2,2,23,23,78,9.0
C_k9_1od_x1.0,C,both,2,3,23,23,67,9.0
C_k9_1od_x1.0,C,both,2,4,23,23,78,9.0
C_k9_1od_x1.0,C,both,2,5,23,23,66,9.0
C_k9_1od_x1.0,C,both,2,6,23,23,71,9.0
C_k9_1od_x1.0,C,both,2,7,23,23,77,9.0
C_k9_1od_x1.0,C,both,2,8,23,23,72,9.0
C_k9_1od_x1.0,C,both,2,9,23,23,74,9.0
C_k9_1od_x1.0,C,both,2,10,23,23,71,9.0
C_k9_1od_x1.0,C,both,2,11,23,23,73,9.0
C_k9_1od_x1.0,C,both,2,12,23,23,74,9.0
C_k9_1od_x1.0,C,both,2,13,23,23,74,9.0
C_k9_1od_x1.0,C,both,2,14,23,23,70,9.0
C_k9_1od_x1.0,C,both,2,15,23,23,70,9.0
C_k9_1od_x1.0,C,both,3,1,24,24,60,5.416666666666667
C_k9_1od_x1.0,C,both,3,2,23,23,69,9.0
C_k9_1od_x1.0,C,both,3,3,23,23,73,9.0
C_k9_1od_x1.0,C,both,3,4,23,23,71,9.0
C_k9_1od_x1.0,C,both,3,5,23,23,73,9.0
C_k9_1od_x1.0,C,both,3,6,23,23,72,9.0
C_k9_1od_x1.0,C,both,3,7,23,23,74,9.0
C_k9_1od_x1.0,C,both,3,8,23,23,77,9.0
C_k9_1od_x1.0,C,both,3,9,23,23,75,9.0
C_k9_1od_x1.0,C,both,3,10,23,23,79,9.0
C_k9_1od_x1.0,C,both,3,11,23,23,73,9.0
C_k9_1od_x1.0,C,both,3,12,23,23,66,9.0
C_k9_1od_x1.0,C,both,3,13,23,23,68,9.0
C_k9_1od_x1.0,C,both,3,14,23,23,72,9.0
C_k9_1od_x1.0,C,both,3,15,23,23,72,9.0
C_k9_1od_x1.0,C,both,4,1,24,22,55,3.5416666666666665
C_k9_1od_x1.0,C,both,4,2,23,23,75,9.0
C_k9_1od_x1.0,C,both,4,3,23,23,76,9.0
C_k9_1od_x1.0,C,both,4,4,23,23,72,9.0
C_k9_1od_x1.0,C,both,4,5,23,23,72,9.0
C_k9_1od_x1.0,C,both,4,6,23,23,77,9.0
C_k9_1od_x1.0,C,both,4,7,23,23,72,9.0
C_k9_1od_x1.0,C,both,4,8,23,23,72,9.0
C_k9_1od_x1.0,C,both,4,9,23,23,73,9.0
C_k9_1od_x1.0,C,both,4,10,23,23,74,9.0
C_k9_1od_x1.0,C,both,4,11,23,23,70,9.0
C_k9_1od_x1.0,C,both,4,12,23,23,69,9.0
C_k9_1od_x1.0,C,both,4,13,23,23,69,9.0
C_k9_1od_x1.0,C,both,4,14,23,23,78,9.0
C_k9_1od_x1.0,C,both,4,15,23,23,73,9.0
C_k9_1od_x1.0,C,both,5,1,24,22,57,4.25
C_k9_1od_x1.0,C,both,5,2,23,23,70,9.0
C_k9_1od_x1.0,C,both,5,3,23,23,73,9.0
C_k9_1od_x1.0,C,both,5,4,23,23,66,9.0
C_k9_1od_x1.0,C,both,5,5,23,23,73,9.0
C_k9_1od_x1.0,C,both,5,6,23,23,72,9.0
C_k9_1od_x1.0,C,both,5,7,23,23,67,9.0
C_k9_1od_x1.0,C,both,5,8,23,23,72,9.0
C_k9_1od_x1.0,C,both,5,9,23,23,75,9.0
C_k9_1od_x1.0,C,both,5,10,23,23,73,9.0
C_k9_1od_x1.0,C,both,5,11,23,23,70,9.0
C_k9_1od_x1.0,C,both,5,12,23,23,67,9.0
C_k9_1od_x1.0,C,both,5,13,23,23,70,9.0
C_k9_1od_x1.0,C,both,5,14,23,23,76,9.0
C_k9_1od_x1.0,C,both,5,15,23,23,72,9.0
C_k9_1od_x1.0,C,both,6,1,24,22,60,4.958333333333333
C_k9_1od_x1.0,C,both,6,2,23,23,76,9.0
C_k9_1od_x1.0,C,both,6,3,23,23,73,9.0
C_k9_1od_x1.0,C,both,6,4,23,23,69,9.0
C_k9_1od_x1.0,C,both,6,5,23,23,73,9.0
C_k9_1od_x1.0,C,both,6,6,23,23,75,9.0
C_k9_1od_x1.0,C,both,6,7,23,23,73,9.0
C_k9_1od_x1.0,C,both,6,8,23,23,76,9.0
C_k9_1od_x1.0,C,both,6,9,23,23,74,9.0
C_k9_1od_x1.0,C,both,6,10,23,23,71,9.0
C_k9_1od_x1.0,C,both,6,11,23,23,78,9.0
C_k9_1od_x1.0,C,both,6,12,23,23,69,9.0
C_k9_1od_x1.0,C,both,6,13,23,23,75,9.0
C_k9_1od_x1.0,C,both,6,14,23,23,73,9.0
C_k9_1od_x1.0,C,both,6,15,23,23,75,9.0
C_k9_1od_x1.0,C,both,7,1,24,21,60,3.75
C_k9_1od_x1.0,C,both,7,2,23,23,79,9.0
C_k9_1od_x1.0,C,both,7,3,23,23,76,9.0
C_k9_1od_x1.0,C,both,7,4,23,23,73,9.0
C_k9_1od_x1.0,C,both,7,5,23,23,69,9.0
C_k9_1od_x1.0,C,both,7,6,23,23,69,9.0
C_k9_1od_x1.0,C,both,7,7,23,23,64,9.0
C_k9_1od_x1.0,C,both,7,8,23,23,75,9.0
C_k9_1od_x1.0,C,both,7,9,23,23,74,9.0
C_k9_1od_x1.0,C,both,7,10,23,23,74,9.0
C_k9_1od_x1.0,C,both,7,11,23,23,70,9.0
C_k9_1od_x1.0,C,both,7,12,23,23,73,9.0
C_k9_1od_x1.0,C,both,7,13,23,23,77,9.0
C_k9_1od_x1.0,C,both,7,14,23,23,75,9.0
C_k9_1od_x1.0,C,both,7,15,23,23,74,9.0
C_k9_1od_x1.0,C,both,8,1,24,23,57,4.375
C_k9_1od_x1.0,C,both,8,2,23,23,72,9.0
C_k9_1od_x1.0,C,both,8,3,23,23,79,9.0
C_k9_1od_x1.0,C,both,8,4,23,23,76,9.0
C_k9_1od_x1.0,C,both,8,5,23,23,72,9.0
C_k9_1od_x1.0,C,both,8,6,23,23,68,9.0
C_k9_1od_x1.0,C,both,8,7,23,23,72,9.0
C_k9_1od_x1.0,C,both,8,8,23,23,72,9.0
C_k9_1od_x1.0,C,both,8,9,23,23,70,9.0
C_k9_1od_x1.0,C,both,8,10,23,23,75,9.0
C_k9_1od_x1.0,C,both,8,11,23,23,71,9.0
C_k9_1od_x1.0,C,both,8,12,23,23,70,9.0
C_k9_1od_x1.0,C,both,8,13,23,23,72,9.0
C_k9_1od_x1.0,C,both,8,14,23,23,72,9.0
C_k9_1od_x1.0,C,both,8,15,23,23,67,9.0
C_k9_1od_x1.0,C,both,9,1,24,22,57,4.541666666666667
C_k9_1od_x1.0,C,both,9,2,23,23,72,9.0
C_k9_1od_x1.0,C,both,9,3,23,23,78,9.0
C_k9_1od_x1.0,C,both,9,4,23,23,64,9.0
C_k9_1od_x1.0,C,both,9,5,23,23,69,9.0
C_k9_1od_x1.0,C,both,9,6,23,23,73,9.0
C_k9_1od_x1.0,C,both,9,7,23,23,71,9.0
C_k9_1od_x1.0,C,both,9,8,23,23,74,9.0
C_k9_1od_x1.0,C,both,9,9,23,23,74,9.0
C_k9_1od_x1.0,C,both,9,10,23,23,71,9.0
C_k9_1od_x1.0,C,both,9,11,23,23,74,9.0
C_k9_1od_x1.0,C,both,9,12,23,23,78,9.0
C_k9_1od_x1.0,C,both,9,13,23,23,73,9.0
C_k9_1od_x1.0,C,both,9,14,23,23,70,9.0
C_k9_1od_x1.0,C,both,9,15,23,23,71,9.0
C_k9_1od_x1.0,C,init,0,1,24,24,58,4.958333333333333
C_k9_1od_x1.0,C,init,0,2,23,23,77,9.0
C_k9_1od_x1.0,C,init,0,3,23,23,82,9.0
C_k9_1od_x1.0,C,init,0,4,23,23,80,9.0
C_k9_1od_x1.0,C,init,0,5,23,23,82,9.0
C_k9_1od_x1.0,C,init,0,6,23,23,79,9.0
C_k9_1od_x1.0,C,init,0,7,23,23,79,9.0
C_k9_1od_x1.0,C,init,0,8,23,23,83,9.0
C_k9_1od_x1.0,C,init,0,9,23,23,84,9.0
C_k9_1od_x1.0,C,init,0,10,23,23,84,9.0
C_k9_1od_x1.0,C,init,0,11,23,23,80,9.0
C_k9_1od_x1.0,C,init,0,12,23,23,79,9.0
C_k9_1od_x1.0,C,init,0,13,23,23,86,9.0
C_k9_1od_x1.0,C,init,0,14,23,23,81,9.0
C_k9_1od_x1.0,C,init,0,15,23,23,77,9.0
C_k9_1od_x1.0,C,init,1,1,24,22,49,4.375
C_k9_1od_x1.0,C,init,1,2,23,23,83,9.0
C_k9_1od_x1.0,C,init,1,3,23,23,85,9.0
C_k9_1od_x1.0,C,init,1,4,23,23,82,9.0
C_k9_1od_x1.0,C,init,1,5,23,23,83,9.0
C_k9_1od_x1.0,C,init,1,6,23,23,75,9.0
C_k9_1od_x1.0,C,init,1,7,23,23,82,9.0
C_k9_1od_x1.0,C,init,1,8,23,23,81,9.0
C_k9_1od_x1.0,C,init,1,9,23,23,77,9.0
C_k9_1od_x1.0,C,init,1,10,23,23,78,9.0
C_k9_1od_x1.0,C,init,1,11,23,23,75,9.0
C_k9_1od_x1.0,C,init,1,12,23,23,81,9.0
C_k9_1od_x1.0,C,init,1,13,23,23,85,9.0
C_k9_1od_x1.0,C,init,1,14,23,23,81,9.0
C_k9_1od_x1.0,C,init,1,15,23,23,78,9.0
C_k9_1od_x1.0,C,init,2,1,24,21,60,4.416666666666667
C_k9_1od_x1.0,C,init,2,2,23,23,84,9.0
C_k9_1od_x1.0,C,init,2,3,23,23,84,9.0
C_k9_1od_x1.0,C,init,2,4,23,23,79,9.0
C_k9_1od_x1.0,C,init,2,5,23,23,82,9.0
C_k9_1od_x1.0,C,init,2,6,23,23,78,9.0
C_k9_1od_x1.0,C,init,2,7,23,23,78,9.0
C_k9_1od_x1.0,C,init,2,8,23,23,80,9.0
C_k9_1od_x1.0,C,init,2,9,23,23,81,9.0
C_k9_1od_x1.0,C,init,2,10,23,23,85,9.0
C_k9_1od_x1.0,C,init,2,11,23,23,72,9.0
C_k9_1od_x1.0,C,init,2,12,23,23,86,9.0
C_k9_1od_x1.0,C,init,2,13,23,23,77,9.0
C_k9_1od_x1.0,C,init,2,14,23,23,82,9.0
C_k9_1od_x1.0,C,init,2,15,23,23,74,9.0
C_k9_1od_x1.0,C,init,3,1,24,24,60,5.416666666666667
C_k9_1od_x1.0,C,init,3,2,23,23,85,9.0
C_k9_1od_x1.0,C,init,3,3,23,23,79,9.0
C_k9_1od_x1.0,C,init,3,4,23,23,81,9.0
C_k9_1od_x1.0,C,init,3,5,23,23,81,9.0
C_k9_1od_x1.0,C,init,3,6,23,23,81,9.0
C_k9_1od_x1.0,C,init,3,7,23,23,80,9.0
C_k9_1od_x1.0,C,init,3,8,23,23,83,9.0
C_k9_1od_x1.0,C,init,3,9,23,23,83,9.0
C_k9_1od_x1.0,C,init,3,10,23,23,79,9.0
C_k9_1od_x1.0,C,init,3,11,23,23,76,9.0
C_k9_1od_x1.0,C,init,3,12,23,23,85,9.0
C_k9_1od_x1.0,C,init,3,13,23,23,79,9.0
C_k9_1od_x1.0,C,init,3,14,23,23,82,9.0
C_k9_1od_x1.0,C,init,3,15,23,23,83,9.0
C_k9_1od_x1.0,C,init,4,1,24,22,55,3.5416666666666665
C_k9_1od_x1.0,C,init,4,2,23,23,81,9.0
C_k9_1od_x1.0,C,init,4,3,23,23,88,9.0
C_k9_1od_x1.0,C,init,4,4,23,23,80,9.0
C_k9_1od_x1.0,C,init,4,5,23,23,81,9.0
C_k9_1od_x1.0,C,init,4,6,23,23,81,9.0
C_k9_1od_x1.0,C,init,4,7,23,23,79,9.0
C_k9_1od_x1.0,C,init,4,8,23,23,78,9.0
C_k9_1od_x1.0,C,init,4,9,23,23,81,9.0
C_k9_1od_x1.0,C,init,4,10,23,23,80,9.0
C_k9_1od_x1.0,C,init,4,11,23,23,83,9.0
C_k9_1od_x1.0,C,init,4,12,23,23,77,9.0
C_k9_1od_x1.0,C,init,4,13,23,23,79,9.0
C_k9_1od_x1.0,C,init,4,14,23,23,80,9.0
C_k9_1od_x1.0,C,init,4,15,23,23,84,9.0
C_k9_1od_x1.0,C,init,5,1,24,22,57,4.25
C_k9_1od_x1.0,C,init,5,2,23,23,82,9.0
C_k9_1od_x1.0,C,init,5,3,23,23,88,9.0
C_k9_1od_x1.0,C,init,5,4,23,23,78,9.0
C_k9_1od_x1.0,C,init,5,5,23,23,82,9.0
C_k9_1od_x1.0,C,init,5,6,23,23,80,9.0
C_k9_1od_x1.0,C,init,5,7,23,23,83,9.0
C_k9_1od_x1.0,C,init,5,8,23,23,76,9.0
C_k9_1od_x1.0,C,init,5,9,23,23,79,9.0
C_k9_1od_x1.0,C,init,5,10,23,23,80,9.0
C_k9_1od_x1.0,C,init,5,11,23,23,79,9.0
C_k9_1od_x1.0,C,init,5,12,23,23,77,9.0
C_k9_1od_x1.0,C,init,5,13,23,23,82,9.0
C_k9_1od_x1.0,C,init,5,14,23,23,81,9.0
C_k9_1od_x1.0,C,init,5,15,23,23,81,9.0
C_k9_1od_x1.0,C,init,6,1,24,22,60,4.958333333333333
C_k9_1od_x1.0,C,init,6,2,23,23,83,9.0
C_k9_1od_x1.0,C,init,6,3,23,23,78,9.0
C_k9_1od_x1.0,C,init,6,4,23,23,84,9.0
C_k9_1od_x1.0,C,init,6,5,23,23,84,9.0
C_k9_1od_x1.0,C,init,6,6,23,23,82,9.0
C_k9_1od_x1.0,C,init,6,7,23,23,79,9.0
C_k9_1od_x1.0,C,init,6,8,23,23,86,9.0
C_k9_1od_x1.0,C,init,6,9,23,23,73,9.0
C_k9_1od_x1.0,C,init,6,10,23,23,76,9.0
C_k9_1od_x1.0,C,init,6,11,23,23,79,9.0
C_k9_1od_x1.0,C,init,6,12,23,23,81,9.0
C_k9_1od_x1.0,C,init,6,13,23,23,79,9.0
C_k9_1od_x1.0,C,init,6,14,23,23,78,9.0
C_k9_1od_x1.0,C,init,6,15,23,23,84,9.0
C_k9_1od_x1.0,C,init,7,1,24,21,60,3.75
C_k9_1od_x1.0,C,init,7,2,23,23,86,9.0
C_k9_1od_x1.0,C,init,7,3,23,23,86,9.0
C_k9_1od_x1.0,C,init,7,4,23,23,80,9.0
C_k9_1od_x1.0,C,init,7,5,23,23,84,9.0
C_k9_1od_x1.0,C,init,7,6,23,23,77,9.0
C_k9_1od_x1.0,C,init,7,7,23,23,77,9.0
C_k9_1od_x1.0,C,init,7,8,23,23,83,9.0
C_k9_1od_x1.0,C,init,7,9,23,23,77,9.0
C_k9_1od_x1.0,C,init,7,10,23,23,82,9.0
C_k9_1od_x1.0,C,init,7,11,23,23,81,9.0
C_k9_1od_x1.0,C,init,7,12,23,23,78,9.0
C_k9_1od_x1.0,C,init,7,13,23,23,86,9.0
C_k9_1od_x1.0,C,init,7,14,23,23,85,9.0
C_k9_1od_x1.0,C,init,7,15,23,23,77,9.0
C_k9_1od_x1.0,C,init,8,1,24,23,57,4.375
C_k9_1od_x1.0,C,init,8,2,23,23,83,9.0
C_k9_1od_x1.0,C,init,8,3,23,23,83,9.0
C_k9_1od_x1.0,C,init,8,4,23,23,81,9.0
C_k9_1od_x1.0,C,init,8,5,23,23,84,9.0
C_k9_1od_x1.0,C,init,8,6,23,23,84,9.0
C_k9_1od_x1.0,C,init,8,7,23,23,80,9.0
C_k9_1od_x1.0,C,init,8,8,23,23,79,9.0
C_k9_1od_x1.0,C,init,8,9,23,23,77,9.0
C_k9_1od_x1.0,C,init,8,10,23,23,81,9.0
C_k9_1od_x1.0,C,init,8,11,23,23,83,9.0
C_k9_1od_x1.0,C,init,8,12,23,23,77,9.0
C_k9_1od_x1.0,C,init,8,13,23,23,74,9.0
C_k9_1od_x1.0,C,init,8,14,23,23,84,9.0
C_k9_1od_x1.0,C,init,8,15,23,23,81,9.0
C_k9_1od_x1.0,C,init,9,1,24,22,57,4.541666666666667
C_k9_1od_x1.0,C,init,9,2,23,23,80,9.0
C_k9_1od_x1.0,C,init,9,3,23,23,77,9.0
C_k9_1od_x1.0,C,init,9,4,23,23,78,9.0
C_k9_1od_x1.0,C,init,9,5,23,23,85,9.0
C_k9_1od_x1.0,C,init,9,6,23,23,79,9.0
C_k9_1od_x1.0,C,init,9,7,23,23,82,9.0
C_k9_1od_x1.0,C,init,9,8,23,23,85,9.0
C_k9_1od_x1.0,C,init,9,9,23,23,79,9.0
C_k9_1od_x1.0,C,init,9,10,23,23,78,9.0
C_k9_1od_x1.0,C,init,9,11,23,23,79,9.0
C_k9_1od_x1.0,C,init,9,12,23,23,83,9.0
C_k9_1od_x1.0,C,init,9,13,23,23,82,9.0
C_k9_1od_x1.0,C,init,9,14,23,23,82,9.0
C_k9_1od_x1.0,C,init,9,15,23,23,83,9.0
C_k9_1od_x1.0,C,mutation,0,1,24,24,77,5.75
C_k9_1od_x1.0,C,mutation,0,2,23,23,75,9.0
C_k9_1od_x1.0,C,mutation,0,3,23,23,73,9.0
C_k9_1od_x1.0,C,mutation,0,4,23,23,70,9.0
C_k9_1od_x1.0,C,mutation,0,5,23,23,70,9.0
C_k9_1od_x1.0,C,mutation,0,6,23,23,72,9.0
C_k9_1od_x1.0,C,mutation,0,7,23,23,71,9.0
C_k9_1od_x1.0,C,mutation,0,8,23,23,72,9.0
C_k9_1od_x1.0,C,mutation,0,9,23,23,70,9.0
C_k9_1od_x1.0,C,mutation,0,10,23,23,73,9.0
C_k9_1od_x1.0,C,mutation,0,11,23,23,73,9.0
C_k9_1od_x1.0,C,mutation,0,12,23,23,71,9.0
C_k9_1od_x1.0,C,mutation,0,13,23,23,71,9.0
C_k9_1od_x1.0,C,mutation,0,14,23,23,76,9.0
C_k9_1od_x1.0,C,mutation,0,15,23,23,70,9.0
C_k9_1od_x1.0,C,mutation,1,1,24,24,66,4.541666666666667
C_k9_1od_x1.0,C,mutation,1,2,23,23,68,9.0
C_k9_1od_x1.0,C,mutation,1,3,23,23,71,9.0
C_k9_1od_x1.0,C,mutation,1,4,23,23,70,9.0
C_k9_1od_x1.0,C,mutation,1,5,23,23,74,9.0
C_k9_1od_x1.0,C,mutation,1,6,23,23,71,9.0
C_k9_1od_x1.0,C,mutation,1,7,23,23,75,9.0
C_k9_1od_x1.0,C,mutation,1,8,23,23,73,9.0
C_k9_1od_x1.0,C,mutation,1,9,23,23,69,9.0
C_k9_1od_x1.0,C,mutation,1,10,23,23,69,9.0
C_k9_1od_x1.0,C,mutation,1,11,23,23,71,9.0
C_k9_1od_x1.0,C,mutation,1,12,23,23,78,9.0
C_k9_1od_x1.0,C,mutation,1,13,23,23,74,9.0
C_k9_1od_x1.0,C,mutation,1,14,23,23,72,9.0
C_k9_1od_x1.0,C,mutation,1,15,23,23,73,9.0
C_k9_1od_x1.0,C,mutation,2,1,24,24,72,5.083333333333333
C_k9_1od_x1.0,C,mutation,2,2,23,23,77,9.0
C_k9_1od_x1.0,C,mutation,2,3,23,23,76,9.0
C_k9_1od_x1.0,C,mutation,2,4,23,23,74,9.0
C_k9_1od_x1.0,C,mutation,2,5,23,23,68,9.0
C_k9_1od_x1.0,C,mutation,2,6,23,23,68,9.0
C_k9_1od_x1.0,C,mutation,2,7,23,23,73,9.0
C_k9_1od_x1.0,C,mutation,2,8,23,23,73,9.0
C_k9_1od_x1.0,C,mutation,2,9,23,23,67,9.0
C_k9_1od_x1.0,C,mutation,2,10,23,23,70,9.0
C_k9_1od_x1.0,C,mutation,2,11,23,23,73,9.0
C_k9_1od_x1.0,C,mutation,2,12,23,23,70,9.0
C_k9_1od_x1.0,C,mutation,2,13,23,23,71,9.0
C_k9_1od_x1.0,C,mutation,2,14,23,23,74,9.0
C_k9_1od_x1.0,C,mutation,2,15,23,23,72,9.0
C_k9_1od_x1.0,C,mutation,3,1,24,24,67,4.333333333333333
C_k9_1od_x1.0,C,mutation,3,2,23,23,78,9.0
C_k9_1od_x1.0,C,mutation,3,3,23,23,76,9.0
C_k9_1od_x1.0,C,mutation,3,4,23,23,72,9.0
C_k9_1od_x1.0,C,mutation,3,5,23,23,73,9.0
C_k9_1od_x1.0,C,mutation,3,6,23,23,68,9.0
C_k9_1od_x1.0,C,mutation,3,7,23,23,71,9.0
C_k9_1od_x1.0,C,mutation,3,8,23,23,71,9.0
C_k9_1od_x1.0,C,mutation,3,9,23,23,69,9.0
C_k9_1od_x1.0,C,mutation,3,10,23,23,66,9.0
C_k9_1od_x1.0,C,mutation,3,11,23,23,74,9.0
C_k9_1od_x1.0,C,mutation,3,12,23,23,73,9.0
C_k9_1od_x1.0,C,mutation,3,13,23,23,80,9.0
C_k9_1od_x1.0,C,mutation,3,14,23,23,76,9.0
C_k9_1od_x1.0,C,mutation,3,15,23,23,69,9.0
C_k9_1od_x1.0,C,mutation,4,1,24,24,61,4.125
C_k9_1od_x1.0,C,mutation,4,2,23,23,77,9.0
C_k9_1od_x1.0,C,mutation,4,3,23,23,75,9.0
C_k9_1od_x1.0,C,mutation,4,4,23,23,68,9.0
C_k9_1od_x1.0,C,mutation,4,5,23,23,76,9.0
C_k9_1od_x1.0,C,mutation,4,6,23,23,71,9.0
C_k9_1od_x1.0,C,mutation,4,7,23,23,75,9.0
C_k9_1od_x1.0,C,mutation,4,8,23,23,67,9.0
C_k9_1od_x1.0,C,mutation,4,9,23,23,76,9.0
C_k9_1od_x1.0,C,mutation,4,10,23,23,74,9.0
C_k9_1od_x1.0,C,mutation,4,11,23,23,78,9.0
C_k9_1od_x1.0,C,mutation,4,12,23,23,70,9.0
C_k9_1od_x1.0,C,mutation,4,13,23,23,72,9.0
C_k9_1od_x1.0,C,mutation,4,14,23,23,66,9.0
C_k9_1od_x1.0,C,mutation,4,15,23,23,78,9.0
C_k9_1od_x1.0,C,mutation,5,1,24,24,67,4.625
C_k9_1od_x1.0,C,mutation,5,2,23,23,73,9.0
C_k9_1od_x1.0,C,mutation,5,3,23,23,75,9.0
C_k9_1od_x1.0,C,mutation,5,4,23,23,70,9.0
C_k9_1od_x1.0,C,mutation,5,5,23,23,73,9.0
C_k9_1od_x1.0,C,mutation,5,6,23,23,77,9.0
C_k9_1od_x1.0,C,mutation,5,7,23,23,78,9.0
C_k9_1od_x1.0,C,mutation,5,8,23,23,74,9.0
C_k9_1od_x1.0,C,mutation,5,9,23,23,70,9.0
C_k9_1od_x1.0,C,mutation,5,10,23,23,72,9.0
C_k9_1od_x1.0,C,mutation,5,11,23,23,74,9.0
C_k9_1od_x1.0,C,mutation,5,12,23,23,72,9.0
C_k9_1od_x1.0,C,mutation,5,13,23,23,77,9.0
C_k9_1od_x1.0,C,mutation,5,14,23,23,70,9.0
C_k9_1od_x1.0,C,mutation,5,15,23,23,73,9.0
C_k9_1od_x1.0,C,mutation,6,1,24,24,66,5.208333333333333
C_k9_1od_x1.0,C,mutation,6,2,23,23,79,9.0
C_k9_1od_x1.0,C,mutation,6,3,23,23,73,9.0
C_k9_1od_x1.0,C,mutation,6,4,23,23,69,9.0
C_k9_1od_x1.0,C,mutation,6,5,23,23,73,9.0
C_k9_1od_x1.0,C,mutation,6,6,23,23,71,9.0
C_k9_1od_x1.0,C,mutation,6,7,23,23,75,9.0
C_k9_1od_x1.0,C,mutation,6,8,23,23,74,9.0
C_k9_1od_x1.0,C,mutation,6,9,23,23,68,9.0
C_k9_1od_x1.0,C,mutation,6,10,23,23,67,9.0
C_k9_1od_x1.0,C,mutation,6,11,23,23,74,9.0
C_k9_1od_x1.0,C,mutation,6,12,23,23,74,9.0
C_k9_1od_x1.0,C,mutation,6,13,23,23,73,9.0
C_k9_1od_x1.0,C,mutation,6,14,23,23,73,9.0
C_k9_1od_x1.0,C,mutation,6,15,23,23,72,9.0
C_k9_1od_x1.0,C,mutation,7,1,24,24,68,5.291666666666667
C_k9_1od_x1.0,C,mutation,7,2,23,23,74,9.0
C_k9_1od_x1.0,C,mutation,7,3,23,23,76,9.0
C_k9_1od_x1.0,C,mutation,7,4,23,23,76,9.0
C_k9_1od_x1.0,C,mutation,7,5,23,23,75,9.0
C_k9_1od_x1.0,C,mutation,7,6,23,23,76,9.0
C_k9_1od_x1.0,C,mutation,7,7,23,23,74,9.0
C_k9_1od_x1.0,C,mutation,7,8,23,23,70,9.0
C_k9_1od_x1.0,C,mutation,7,9,23,23,69,9.0
C_k9_1od_x1.0,C,mutation,7,10,23,23,71,9.0
C_k9_1od_x1.0,C,mutation,7,11,23,23,69,9.0
C_k9_1od_x1.0,C,mutation,7,12,23,23,66,9.0
C_k9_1od_x1.0,C,mutation,7,13,23,23,76,9.0
C_k9_1od_x1.0,C,mutation,7,14,23,23,78,9.0
C_k9_1od_x1.0,C,mutation,7,15,23,23,70,9.0
C_k9_1od_x1.0,C,mutation,8,1,24,24,62,4.5
C_k9_1od_x1.0,C,mutation,8,2,23,23,76,9.0
C_k9_1od_x1.0,C,mutation,8,3,23,23,77,9.0
C_k9_1od_x1.0,C,mutation,8,4,23,23,74,9.0
C_k9_1od_x1.0,C,mutation,8,5,23,23,71,9.0
C_k9_1od_x1.0,C,mutation,8,6,23,23,77,9.0
C_k9_1od_x1.0,C,mutation,8,7,23,23,71,9.0
C_k9_1od_x1.0,C,mutation,8,8,23,23,71,9.0
C_k9_1od_x1.0,C,mutation,8,9,23,23,72,9.0
C_k9_1od_x1.0,C,mutation,8,10,23,23,73,9.0
C_k9_1od_x1.0,C,mutation,8,11,23,23,75,9.0
C_k9_1od_x1.0,C,mutation,8,12,23,23,71,9.0
C_k9_1od_x1.0,C,mutation,8,13,23,23,67,9.0
C_k9_1od_x1.0,C,mutation,8,14,23,23,67,9.0
C_k9_1od_x1.0,C,mutation,8,15,23,23,72,9.0
C_k9_1od_x1.0,C,mutation,9,1,24,24,68,5.083333333333333
C_k9_1od_x1.0,C,mutation,9,2,23,23,73,9.0
C_k9_1od_x1.0,C,mutation,9,3,23,23,74,9.0
C_k9_1od_x1.0,C,mutation,9,4,23,23,78,9.0
C_k9_1od_x1.0,C,mutation,9,5,23,23,71,9.0
C_k9_1od_x1.0,C,mutation,9,6,23,23,73,9.0
C_k9_1od_x1.0,C,mutation,9,7,23,23,79,9.0
C_k9_1od_x1.0,C,mutation,9,8,23,23,73,9.0
C_k9_1od_x1.0,C,mutation,9,9,23,23,71,9.0
C_k9_1od_x1.0,C,mutation,9,10,23,23,71,9.0
C_k9_1od_x1.0,C,mutation,9,11,23,23,75,9.0
C_k9_1od_x1.0,C,mutation,9,12,23,23,72,9.0
C_k9_1od_x1.0,C,mutation,9,13,23,23,72,9.0
C_k9_1od_x1.0,C,mutation,9,14,23,23,72,9.0
C_k9_1od_x1.0,C,mutation,9,15,23,23,72,9.0
C_k9_1od_x1.0,C,none,0,1,24,24,77,5.75
C_k9_1od_x1.0,C,none,0,2,23,23,84,9.0
C_k9_1od_x1.0,C,none,0,3,23,23,79,9.0
C_k9_1od_x1.0,C,none,0,4,23,23,83,9.0
C_k9_1od_x1.0,C,none,0,5,23,23,78,9.0
C_k9_1od_x1.0,C,none,0,6,23,23,85,9.0
C_k9_1od_x1.0,C,none,0,7,23,23,77,9.0
C_k9_1od_x1.0,C,none,0,8,23,23,81,9.0
C_k9_1od_x1.0,C,none,0,9,23,23,83,9.0
C_k9_1od_x1.0,C,none,0,10,23,23,81,9.0
C_k9_1od_x1.0,C,none,0,11,23,23,78,9.0
C_k9_1od_x1.0,C,none,0,12,23,23,81,9.0
C_k9_1od_x1.0,C,none,0,13,23,23,81,9.0
C_k9_1od_x1.0,C,none,0,14,23,23,77,9.0
C_k9_1od_x1.0,C,none,0,15,23,23,81,9.0
C_k9_1od_x1.0,C,none,1,1,24,24,66,4.541666666666667
C_k9_1od_x1.0,C,none,1,2,23,23,83,9.0
C_k9_1od_x1.0,C,none,1,3,23,23,77,9.0
C_k9_1od_x1.0,C,none,1,4,23,23,81,9.0
C_k9_1od_x1.0,C,none,1,5,23,23,82,9.0
C_k9_1od_x1.0,C,none,1,6,23,23,82,9.0
C_k9_1od_x1.0,C,none,1,7,23,23,78,9.0
C_k9_1od_x1.0,C,none,1,8,23,23,81,9.0
C_k9_1od_x1.0,C,none,1,9,23,23,81,9.0
C_k9_1od_x1.0,C,none,1,10,23,23,82,9.0
C_k9_1od_x1.0,C,none,1,11,23,23,81,9.0
C_k9_1od_x1.0,C,none,1,12,23,23,85,9.0
C_k9_1od_x1.0,C,none,1,13,23,23,84,9.0
C_k9_1od_x1.0,C,none,1,14,23,23,80,9.0
C_k9_1od_x1.0,C,none,1,15,23,23,80,9.0
C_k9_1od_x1.0,C,none,2,1,24,24,72,5.083333333333333
C_k9_1od_x1.0,C,none,2,2,23,23,84,9.0
C_k9_1od_x1.0,C,none,2,3,23,23,86,9.0
C_k9_1od_x1.0,C,none,2,4,23,23,80,9.0
C_k9_1od_x1.0,C,none,2,5,23,23,84,9.0
C_k9_1od_x1.0,C,none,2,6,23,23,81,9.0
C_k9_1od_x1.0,C,none,2,7,23,23,80,9.0
C_k9_1od_x1.0,C,none,2,8,23,23,81,9.0
C_k9_1od_x1.0,C,none,2,9,23,23,79,9.0
C_k9_1od_x1.0,C,none,2,10,23,23,79,9.0
C_k9_1od_x1.0,C,none,2,11,23,23,75,9.0
C_k9_1od_x1.0,C,none,2,12,23,23,81,9.0
C_k9_1od_x1.0,C,none,2,13,23,23,73,9.0
C_k9_1od_x1.0,C,none,2,14,23,23,83,9.0
C_k9_1od_x1.0,C,none,2,15,23,23,86,9.0
C_k9_1od_x1.0,C,none,3,1,24,24,67,4.333333333333333
C_k9_1od_x1.0,C,none,3,2,23,23,77,9.0
C_k9_1od_x1.0,C,none,3,3,23,23,85,9.0
C_k9_1od_x1.0,C,none,3,4,23,23,82,9.0
C_k9_1od_x1.0,C,none,3,5,23,23,80,9.0
C_k9_1od_x1.0,C,none,3,6,23,23,80,9.0
C_k9_1od_x1.0,C,none,3,7,23,23,77,9.0
C_k9_1od_x1.0,C,none,3,8,23,23,77,9.0
C_k9_1od_x1.0,C,none,3,9,23,23,81,9.0
C_k9_1od_x1.0,C,none,3,10,23,23,82,9.0
C_k9_1od_x1.0,C,none,3,11,23,23,81,9.0
C_k9_1od_x1.0,C,none,3,12,23,23,76,9.0
C_k9_1od_x1.0,C,none,3,13,23,23,84,9.0
C_k9_1od_x1.0,C,none,3,14,23,23,87,9.0
C_k9_1od_x1.0,C,none,3,15,23,23,83,9.0
C_k9_1od_x1.0,C,none,4,1,24,24,61,4.125
C_k9_1od_x1.0,C,none,4,2,23,23,82,9.0
C_k9_1od_x1.0,C,none,4,3,23,23,79,9.0
C_k9_1od_x1.0,C,none,4,4,23,23,82,9.0
C_k9_1od_x1.0,C,none,4,5,23,23,82,9.0
C_k9_1od_x1.0,C,none,4,6,23,23,82,9.0
C_k9_1od_x1.0,C,none,4,7,23,23,89,9.0
C_k9_1od_x1.0,C,none,4,8,23,23,87,9.0
C_k9_1od_x1.0,C,none,4,9,23,23,82,9.0
C_k9_1od_x1.0,C,none,4,10,23,23,84,9.0
C_k9_1od_x1.0,C,none,4,11,23,23,78,9.0
C_k9_1od_x1.0,C,none,4,12,23,23,83,9.0
C_k9_1od_x1.0,C,none,4,13,23,23,81,9.0
C_k9_1od_x1.0,C,none,4,14,23,23,82,9.0
C_k9_1od_x1.0,C,none,4,15,23,23,76,9.0
C_k9_1od_x1.0,C,none,5,1,24,24,67,4.625
C_k9_1od_x1.0,C,none,5,2,23,23,79,9.0
C_k9_1od_x1.0,C,none,5,3,23,23,76,9.0
C_k9_1od_x1.0,C,none,5,4,23,23,80,9.0
C_k9_1od_x1.0,C,none,5,5,23,23,80,9.0
C_k9_1od_x1.0,C,none,5,6,23,23,83,9.0
C_k9_1od_x1.0,C,none,5,7,23,23,80,9.0
C_k9_1od_x1.0,C,none,5,8,23,23,86,9.0
C_k9_1od_x1.0,C,none,5,9,23,23,73,9.0
C_k9_1od_x1.0,C,none,5,10,23,23,82,9.0
C_k9_1od_x1.0,C,none,5,11,23,23,80,9.0
C_k9_1od_x1.0,C,none,5,12,23,23,80,9.0
C_k9_1od_x1.0,C,none,5,13,23,23,81,9.0
C_k9_1od_x1.0,C,none,5,14,23,23,82,9.0
C_k9_1od_x1.0,C,none,5,15,23,23,81,9.0
C_k9_1od_x1.0,C,none,6,1,24,24,66,5.208333333333333
C_k9_1od_x1.0,C,none,6,2,23,23,83,9.0
C_k9_1od_x1.0,C,none,6,3,23,23,85,9.0
C_k9_1od_x1.0,C,none,6,4,23,23,78,9.0
C_k9_1od_x1.0,C,none,6,5,23,23,79,9.0
C_k9_1od_x1.0,C,none,6,6,23,23,81,9.0
C_k9_1od_x1.0,C,none,6,7,23,23,81,9.0
C_k9_1od_x1.0,C,none,6,8,23,23,79,9.0
C_k9_1od_x1.0,C,none,6,9,23,23,80,9.0
C_k9_1od_x1.0,C,none,6,10,23,23,77,9.0
C_k9_1od_x1.0,C,none,6,11,23,23,78,9.0
C_k9_1od_x1.0,C,none,6,12,23,23,78,9.0
C_k9_1od_x1.0,C,none,6,13,23,23,76,9.0
C_k9_1od_x1.0,C,none,6,14,23,23,79,9.0
C_k9_1od_x1.0,C,none,6,15,23,23,81,9.0
C_k9_1od_x1.0,C,none,7,1,24,24,68,5.291666666666667
C_k9_1od_x1.0,C,none,7,2,23,23,80,9.0
C_k9_1od_x1.0,C,none,7,3,23,23,84,9.0
C_k9_1od_x1.0,C,none,7,4,23,23,83,9.0
C_k9_1od_x1.0,C,none,7,5,23,23,85,9.0
C_k9_1od_x1.0,C,none,7,6,23,23,76,9.0
C_k9_1od_x1.0,C,none,7,7,23,23,81,9.0
C_k9_1od_x1.0,C,none,7,8,23,23,85,9.0
C_k9_1od_x1.0,C,none,7,9,23,23,80,9.0
C_k9_1od_x1.0,C,none,7,10,23,23,85,9.0
C_k9_1od_x1.0,C,none,7,11,23,23,76,9.0
C_k9_1od_x1.0,C,none,7,12,23,23,80,9.0
C_k9_1od_x1.0,C,none,7,13,23,23,85,9.0
C_k9_1od_x1.0,C,none,7,14,23,23,82,9.0
C_k9_1od_x1.0,C,none,7,15,23,23,80,9.0
C_k9_1od_x1.0,C,none,8,1,24,24,62,4.5
C_k9_1od_x1.0,C,none,8,2,23,23,87,9.0
C_k9_1od_x1.0,C,none,8,3,23,23,82,9.0
C_k9_1od_x1.0,C,none,8,4,23,23,81,9.0
C_k9_1od_x1.0,C,none,8,5,23,23,82,9.0
C_k9_1od_x1.0,C,none,8,6,23,23,78,9.0
C_k9_1od_x1.0,C,none,8,7,23,23,87,9.0
C_k9_1od_x1.0,C,none,8,8,23,23,81,9.0
C_k9_1od_x1.0,C,none,8,9,23,23,83,9.0
C_k9_1od_x1.0,C,none,8,10,23,23,79,9.0
C_k9_1od_x1.0,C,none,8,11,23,23,81,9.0
C_k9_1od_x1.0,C,none,8,12,23,23,87,9.0
C_k9_1od_x1.0,C,none,8,13,23,23,75,9.0
C_k9_1od_x1.0,C,none,8,14,23,23,84,9.0
C_k9_1od_x1.0,C,none,8,15,23,23,81,9.0
C_k9_1od_x1.0,C,none,9,1,24,24,68,5.083333333333333
C_k9_1od_x1.0,C,none,9,2,23,23,83,9.0
C_k9_1od_x1.0,C,none,9,3,23,23,83,9.0
C_k9_1od_x1.0,C,none,9,4,23,23,82,9.0
C_k9_1od_x1.0,C,none,9,5,23,23,77,9.0
C_k9_1od_x1.0,C,none,9,6,23,23,86,9.0
C_k9_1od_x1.0,C,none,9,7,23,23,83,9.0
C_k9_1od_x1.0,C,none,9,8,23,23,78,9.0
C_k9_1od_x1.0,C,none,9,9,23,23,79,9.0
C_k9_1od_x1.0,C,none,9,10,23,23,84,9.0
C_k9_1od_x1.0,C,none,9,11,23,23,86,9.0
C_k9_1od_x1.0,C,none,9,12,23,23,85,9.0
C_k9_1od_x1.0,C,none,9,13,23,23,80,9.0
C_k9_1od_x1.0,C,none,9,14,23,23,83,9.0
C_k9_1od_x1.0,C,none,9,15,23,23,81,9.0
C_k9_1od_x1.2,C,both,0,1,24,24,61,4.958333333333333
C_k9_1od_x1.2,C,both,0,2,23,23,74,9.0
C_k9_1od_x1.2,C,both,0,3,23,23,75,9.0
C_k9_1od_x1.2,C,both,0,4,23,23,78,9.0
C_k9_1od_x1.2,C,both,0,5,23,23,75,9.0
C_k9_1od_x1.2,C,both,0,6,23,23,74,9.0
C_k9_1od_x1.2,C,both,0,7,23,23,68,9.0
C_k9_1od_x1.2,C,both,0,8,23,23,78,9.0
C_k9_1od_x1.2,C,both,0,9,23,23,75,9.0
C_k9_1od_x1.2,C,both,0,10,23,23,77,9.0
C_k9_1od_x1.2,C,both,0,11,23,23,71,9.0
C_k9_1od_x1.2,C,both,0,12,23,23,72,9.0
C_k9_1od_x1.2,C,both,0,13,23,23,73,9.0
C_k9_1od_x1.2,C,both,0,14,23,23,71,9.0
C_k9_1od_x1.2,C,both,0,15,23,23,72,9.0
C_k9_1od_x1.2,C,both,1,1,24,21,59,4.375
C_k9_1od_x1.2,C,both,1,2,23,23,72,9.0
C_k9_1od_x1.2,C,both,1,3,23,23,76,9.0
C_k9_1od_x1.2,C,both,1,4,23,23,76,9.0
C_k9_1od_x1.2,C,both,1,5,23,23,74,9.0
C_k9_1od_x1.2,C,both,1,6,23,23,74,9.0
C_k9_1od_x1.2,C,both,1,7,23,23,79,9.0
C_k9_1od_x1.2,C,both,1,8,23,23,73,9.0
C_k9_1od_x1.2,C,both,1,9,23,23,77,9.0
C_k9_1od_x1.2,C,both,1,10,23,23,77,9.0
C_k9_1od_x1.2,C,both,1,11,23,23,69,9.0
C_k9_1od_x1.2,C,both,1,12,23,23,72,9.0
C_k9_1od_x1.2,C,both,1,13,23,23,75,9.0
C_k9_1od_x1.2,C,both,1,14,23,23,77,9.0
C_k9_1od_x1.2,C,both,1,15,23,23,74,9.0
C_k9_1od_x1.2,C,both,2,1,24,21,61,4.416666666666667
C_k9_1od_x1.2,C,both,2,2,23,23,77,9.0
C_k9_1od_x1.2,C,both,2,3,23,23,71,9.0
C_k9_1od_x1.2,C,both,2,4,23,23,72,9.0
C_k9_1od_x1.2,C,both,2,5,23,23,71,9.0
C_k9_1od_x1.2,C,both,2,6,23,23,78,9.0
C_k9_1od_x1.2,C,both,2,7,23,23,73,9.0
C_k9_1od_x1.2,C,both,2,8,23,23,79,9.0
C_k9_1od_x1.2,C,both,2,9,23,23,76,9.0
C_k9_1od_x1.2,C,both,2,10,23,23,68,9.0
C_k9_1od_x1.2,C,both,2,11,23,23,70,9.0
C_k9_1od_x1.2,C,both,2,12,23,23,77,9.0
C_k9_1od_x1.2,C,both,2,13,23,23,72,9.0
C_k9_1od_x1.2,C,both,2,14,23,23,75,9.0
C_k9_1od_x1.2,C,both,2,15,23,23,71,9.0
C_k9_1od_x1.2,C,both,3,1,24,24,60,5.416666666666667
C_k9_1od_x1.2,C,both,3,2,23,23,77,9.0
C_k9_1od_x1.2,C,both,3,3,23,23,71,9.0
C_k9_1od_x1.2,C,both,3,4,23,23,76,9.0
C_k9_1od_x1.2,C,both,3,5,23,23,67,9.0
C_k9_1od_x1.2,C,both,3,6,23,23,77,9.0
C_k9_1od_x1.2,C,both,3,7,23,23,70,9.0
C_k9_1od_x1.2,C,both,3,8,23,23,75,9.0
C_k9_1od_x1.2,C,both,3,9,23,23,73,9.0
C_k9_1od_x1.2,C,both,3,10,23,23,76,9.0
C_k9_1od_x1.2,C,both,3,11,23,23,75,9.0
C_k9_1od_x1.2,C,both,3,12,23,23,75,9.0
C_k9_1od_x1.2,C,both,3,13,23,23,75,9.0
C_k9_1od_x1.2,C,both,3,14,23,23,77,9.0
C_k9_1od_x1.2,C,both,3,15,23,23,76,9.0
C_k9_1od_x1.2,C,both,4,1,24,22,50,3.5416666666666665
C_k9_1od_x1.2,C,both,4,2,23,23,78,9.0
C_k9_1od_x1.2,C,both,4,3,23,23,75,9.0
C_k9_1od_x1.2,C,both,4,4,23,23,72,9.0
C_k9_1od_x1.2,C,both,4,5,23,23,77,9.0
C_k9_1od_x1.2,C,both,4,6,23,23,75,9.0
C_k9_1od_x1.2,C,both,4,7,23,23,70,9.0
C_k9_1od_x1.2,C,both,4,8,23,23,75,9.0
C_k9_1od_x1.2,C,both,4,9,23,23,75,9.0
C_k9_1od_x1.2,C,both,4,10,23,23,72,9.0
C_k9_1od_x1.2,C,both,4,11,23,23,75,9.0
C_k9_1od_x1.2,C,both,4,12,23,23,75,9.0
C_k9_1od_x1.2,C,both,4,13,23,23,74,9.0
C_k9_1od_x1.2,C,both,4,14,23,23,74,9.0
C_k9_1od_x1.2,C,both,4,15,23,23,72,9.0
C_k9_1od_x1.2,C,both,5,1,24,22,56,4.25
C_k9_1od_x1.2,C,both,5,2,23,23,75,9.0
C_k9_1od_x1.2,C,both,5,3,23,23,77,9.0
C_k9_1od_x1.2,C,both,5,4,23,23,72,9.0
C_k9_1od_x1.2,C,both,5,5,23,23,74,9.0
C_k9_1od_x1.2,C,both,5,6,23,23,81,9.0
C_k9_1od_x1.2,C,both,5,7,23,23,75,9.0
C_k9_1od_x1.2,C,both,5,8,23,23,71,9.0
C_k9_1od_x1.2,C,both,5,9,23,23,73,9.0
C_k9_1od_x1.2,C,both,5,10,23,23,69,9.0
C_k9_1od_x1.2,C,both,5,11,23,23,72,9.0
C_k9_1od_x1.2,C,both,5,12,23,23,77,9.0
C_k9_1od_x1.2,C,both,5,13,23,23,75,9.0
C_k9_1od_x1.2,C,both,5,14,23,23,77,9.0
C_k9_1od_x1.2,C,both,5,15,23,23,81,9.0
C_k9_1od_x1.2,C,both,6,1,24,22,66,4.958333333333333
C_k9_1od_x1.2,C,both,6,2,23,23,75,9.0
C_k9_1od_x1.2,C,both,6,3,23,23,74,9.0
C_k9_1od_x1.2,C,both,6,4,23,23,76,9.0
C_k9_1od_x1.2,C,both,6,5,23,23,70,9.0
C_k9_1od_x1.2,C,both,6,6,23,23,77,9.0
C_k9_1od_x1.2,C,both,6,7,23,23,78,9.0
C_k9_1od_x1.2,C,both,6,8,23,23,77,9.0
C_k9_1od_x1.2,C,both,6,9,23,23,76,9.0
C_k9_1od_x1.2,C,both,6,10,23,23,72,9.0
C_k9_1od_x1.2,C,both,6,11,23,23,70,9.0
C_k9_1od_x1.2,C,both,6,12,23,23,75,9.0
C_k9_1od_x1.2,C,both,6,13,23,23,73,9.0
C_k9_1od_x1.2,C,both,6,14,23,23,78,9.0
C_k9_1od_x1.2,C,both,6,15,23,23,71,9.0
C_k9_1od_x1.2,C,both,7,1,24,20,55,3.75
C_k9_1od_x1.2,C,both,7,2,23,23,79,9.0
C_k9_1od_x1.2,C,both,7,3,23,23,70,9.0
C_k9_1od_x1.2,C,both,7,4,23,23,72,9.0
C_k9_1od_x1.2,C,both,7,5,23,23,79,9.0
C_k9_1od_x1.2,C,both,7,6,23,23,76,9.0
C_k9_1od_x1.2,C,both,7,7,23,23,72,9.0
C_k9_1od_x1.2,C,both,7,8,23,23,71,9.0
C_k9_1od_x1.2,C,both,7,9,23,23,72,9.0
C_k9_1od_x1.2,C,both,7,10,23,23,74,9.0
C_k9_1od_x1.2,C,both,7,11,23,23,75,9.0
C_k9_1od_x1.2,C,both,7,12,23,23,69,9.0
C_k9_1od_x1.2,C,both,7,13,23,23,76,9.0
C_k9_1od_x1.2,C,both,7,14,23,23,69,9.0
C_k9_1od_x1.2,C,both,7,15,23,23,74,9.0
C_k9_1od_x1.2,C,both,8,1,24,23,59,4.375
C_k9_1od_x1.2,C,both,8,2,23,23,73,9.0
C_k9_1od_x1.2,C,both,8,3,23,23,75,9.0
C_k9_1od_x1.2,C,both,8,4,23,23,82,9.0
C_k9_1od_x1.2,C,both,8,5,23,23,75,9.0
C_k9_1od_x1.2,C,both,8,6,23,23,75,9.0
C_k9_1od_x1.2,C,both,8,7,23,23,76,9.0
C_k9_1od_x1.2,C,both,8,8,23,23,69,9.0
C_k9_1od_x1.2,C,both,8,9,23,23,69,9.0
C_k9_1od_x1.2,C,both,8,10,23,23,71,9.0
C_k9_1od_x1.2,C,both,8,11,23,23,72,9.0
C_k9_1od_x1.2,C,both,8,12,23,23,63,9.0
C_k9_1od_x1.2,C,both,8,13,23,23,71,9.0
C_k9_1od_x1.2,C,both,8,14,23,23,71,9.0
C_k9_1od_x1.2,C,both,8,15,23,23,76,9.0
C_k9_1od_x1.2,C,both,9,1,24,22,61,4.541666666666667
C_k9_1od_x1.2,C,both,9,2,23,23,79,9.0
C_k9_1od_x1.2,C,both,9,3,23,23,78,9.0
C_k9_1od_x1.2,C,both,9,4,23,23,80,9.0
C_k9_1od_x1.2,C,both,9,5,23,23,70,9.0
C_k9_1od_x1.2,C,both,9,6,23,23,75,9.0
C_k9_1od_x1.2,C,both,9,7,23,23,75,9.0
C_k9_1od_x1.2,C,both,9,8,23,23,79,9.0
C_k9_1od_x1.2,C,both,9,9,23,23,72,9.0
C_k9_1od_x1.2,C,both,9,10,23,23,76,9.0
C_k9_1od_x1.2,C,both,9,11,23,23,77,9.0
C_k9_1od_x1.2,C,both,9,12,23,23,77,9.0
C_k9_1od_x1.2,C,both,9,13,23,23,75,9.0
C_k9_1od_x1.2,C,both,9,14,23,23,76,9.0
C_k9_1od_x1.2,C,both,9,15,23,23,74,9.0
C_k9_1od_x1.2,C,init,0,1,24,24,61,4.958333333333333
C_k9_1od_x1.2,C,init,0,2,23,23,84,9.0
C_k9_1od_x1.2,C,init,0,3,23,23,82,9.0
C_k9_1od_x1.2,C,init,0,4,23,23,75,9.0
C_k9_1od_x1.2,C,init,0,5,23,23,81,9.0
C_k9_1od_x1.2,C,init,0,6,23,23,77,9.0
C_k9_1od_x1.2,C,init,0,7,23,23,80,9.0
C_k9_1od_x1.2,C,init,0,8,23,23,80,9.0
C_k9_1od_x1.2,C,init,0,9,23,23,85,9.0
C_k9_1od_x1.2,C,init,0,10,23,23,81,9.0
C_k9_1od_x1.2,C,init,0,11,23,23,84,9.0
C_k9_1od_x1.2,C,init,0,12,23,23,75,9.0
C_k9_1od_x1.2,C,init,0,13,23,23,78,9.0
C_k9_1od_x1.2,C,init,0,14,23,23,78,9.0
C_k9_1od_x1.2,C,init,0,15,23,23,78,9.0
C_k9_1od_x1.2,C,init,1,1,24,21,59,4.375
C_k9_1od_x1.2,C,init,1,2,23,23,85,9.0
C_k9_1od_x1.2,C,init,1,3,23,23,80,9.0
C_k9_1od_x1.2,C,init,1,4,23,23,82,9.0
C_k9_1od_x1.2,C,init,1,5,23,23,85,9.0
C_k9_1od_x1.2,C,init,1,6,23,23,78,9.0
C_k9_1od_x1.2,C,init,1,7,23,23,76,9.0
C_k9_1od_x1.2,C,init,1,8,23,23,75,9.0
C_k9_1od_x1.2,C,init,1,9,23,23,82,9.0
C_k9_1od_x1.2,C,init,1,10,23,23,79,9.0
C_k9_1od_x1.2,C,init,1,11,23,23,78,9.0
C_k9_1od_x1.2,C,init,1,12,23,23,76,9.0
C_k9_1od_x1.2,C,init,1,13,23,23,79,9.0
C_k9_1od_x1.2,C,init,1,14,23,23,76,9.0
C_k9_1od_x1.2,C,init,1,15,23,23,83,9.0
C_k9_1od_x1.2,C,init,2,1,24,21,61,4.416666666666667
C_k9_1od_x1.2,C,init,2,2,23,23,79,9.0
C_k9_1od_x1.2,C,init,2,3,23,23,83,9.0
C_k9_1od_x1.2,C,init,2,4,23,23,85,9.0
C_k9_1od_x1.2,C,init,2,5,23,23,84,9.0
C_k9_1od_x1.2,C,init,2,6,23,23,76,9.0
C_k9_1od_x1.2,C,init,2,7,23,23,84,9.0
C_k9_1od_x1.2,C,init,2,8,23,23,83,9.0
C_k9_1od_x1.2,C,init,2,9,23,23,79,9.0
C_k9_1od_x1.2,C,init,2,10,23,23,75,9.0
C_k9_1od_x1.2,C,init,2,11,23,23,82,9.0
C_k9_1od_x1.2,C,init,2,12,23,23,88,9.0
C_k9_1od_x1.2,C,init,2,13,23,23,81,9.0
C_k9_1od_x1.2,C,init,2,14,23,23,79,9.0
C_k9_1od_x1.2,C,init,2,15,23,23,79,9.0
C_k9_1od_x1.2,C,init,3,1,24,24,60,5.416666666666667
C_k9_1od_x1.2,C,init,3,2,23,23,83,9.0
C_k9_1od_x1.2,C,init,3,3,23,23,76,9.0
C_k9_1od_x1.2,C,init,3,4,23,23,77,9.0
C_k9_1od_x1.2,C,init,3,5,23,23,83,9.0
C_k9_1od_x1.2,C,init,3,6,23,23,82,9.0
C_k9_1od_x1.2,C,init,3,7,23,23,83,9.0
C_k9_1od_x1.2,C,init,3,8,23,23,78,9.0
C_k9_1od_x1.2,C,init,3,9,23,23,82,9.0
C_k9_1od_x1.2,C,init,3,10,23,23,86,9.0
C_k9_1od_x1.2,C,init,3,11,23,23,85,9.0
C_k9_1od_x1.2,C,init,3,12,23,23,82,9.0
C_k9_1od_x1.2,C,init,3,13,23,23,84,9.0
C_k9_1od_x1.2,C,init,3,14,23,23,80,9.0
C_k9_1od_x1.2,C,init,3,15,23,23,81,9.0
C_k9_1od_x1.2,C,init,4,1,24,22,50,3.5416666666666665
C_k9_1od_x1.2,C,init,4,2,23,23,83,9.0
C_k9_1od_x1.2,C,init,4,3,23,23,77,9.0
C_k9_1od_x1.2,C,init,4,4,23,23,80,9.0
C_k9_1od_x1.2,C,init,4,5,23,23,84,9.0
C_k9_1od_x1.2,C,init,4,6,23,23,75,9.0
C_k9_1od_x1.2,C,init,4,7,23,23,79,9.0
C_k9_1od_x1.2,C,init,4,8,23,23,85,9.0
C_k9_1od_x1.2,C,init,4,9,23,23,78,9.0
C_k9_1od_x1.2,C,init,4,10,23,23,85,9.0
C_k9_1od_x1.2,C,init,4,11,23,23,79,9.0
C_k9_1od_x1.2,C,init,4,12,23,23,80,9.0
C_k9_1od_x1.2,C,init,4,13,23,23,83,9.0
C_k9_1od_x1.2,C,init,4,14,23,23,80,9.0
C_k9_1od_x1.2,C,init,4,15,23,23,83,9.0
C_k9_1od_x1.2,C,init,5,1,24,22,56,4.25
C_k9_1od_x1.2,C,init,5,2,23,23,82,9.0
C_k9_1od_x1.2,C,init,5,3,23,23,83,9.0
C_k9_1od_x1.2,C,init,5,4,23,23,81,9.0
C_k9_1od_x1.2,C,init,5,5,23,23,80,9.0
C_k9_1od_x1.2,C,init,5,6,23,23,82,9.0
C_k9_1od_x1.2,C,init,5,7,23,23,80,9.0
C_k9_1od_x1.2,C,init,5,8,23,23,82,9.0
C_k9_1od_x1.2,C,init,5,9,23,23,77,9.0
C_k9_1od_x1.2,C,init,5,10,23,23,84,9.0
C_k9_1od_x1.2,C,init,5,11,23,23,78,9.0
C_k9_1od_x1.2,C,init,5,12,23,23,82,9.0
C_k9_1od_x1.2,C,init,5,13,23,23,79,9.0
C_k9_1od_x1.2,C,init,5,14,23,23,82,9.0
C_k9_1od_x1.2,C,init,5,15,23,23,85,9.0
C_k9_1od_x1.2,C,init,6,1,24,22,66,4.958333333333333
C_k9_1od_x1.2,C,init,6,2,23,23,83,9.0
C_k9_1od_x1.2,C,init,6,3,23,23,83,9.0
C_k9_1od_x1.2,C,init,6,4,23,23,82,9.0
C_k9_1od_x1.2,C,init,6,5,23,23,83,9.0
C_k9_1od_x1.2,C,init,6,6,23,23,78,9.0
C_k9_1od_x1.2,C,init,6,7,23,23,81,9.0
C_k9_1od_x1.2,C,init,6,8,23,23,78,9.0
C_k9_1od_x1.2,C,init,6,9,23,23,78,9.0
C_k9_1od_x1.2,C,init,6,10,23,23,88,9.0
C_k9_1od_x1.2,C,init,6,11,23,23,79,9.0
C_k9_1od_x1.2,C,init,6,12,23,23,80,9.0
C_k9_1od_x1.2,C,init,6,13,23,23,81,9.0
C_k9_1od_x1.2,C,init,6,14,23,23,80,9.0
C_k9_1od_x1.2,C,init,6,15,23,23,79,9.0
C_k9_1od_x1.2,C,init,7,1,24,20,55,3.75
C_k9_1od_x1.2,C,init,7,2,23,23,80,9.0
C_k9_1od_x1.2,C,init,7,3,23,23,81,9.0
C_k9_1od_x1.2,C,init,7,4,23,23,78,9.0
C_k9_1od_x1.2,C,init,7,5,23,23,73,9.0
C_k9_1od_x1.2,C,init,7,6,23,23,80,9.0
C_k9_1od_x1.2,C,init,7,7,23,23,75,9.0
C_k9_1od_x1.2,C,init,7,8,23,23,76,9.0
C_k9_1od_x1.2,C,init,7,9,23,23,79,9.0
C_k9_1od_x1.2,C,init,7,10,23,23,80,9.0
C_k9_1od_x1.2,C,init,7,11,23,23,73,9.0
C_k9_1od_x1.2,C,init,7,12,23,23,81,9.0
C_k9_1od_x1.2,C,init,7,13,23,23,77,9.0
C_k9_1od_x1.2,C,init,7,14,23,23,85,9.0
C_k9_1od_x1.2,C,init,7,15,23,23,74,9.0
C_k9_1od_x1.2,C,init,8,1,24,23,59,4.375
C_k9_1od_x1.2,C,init,8,2,23,23,85,9.0
C_k9_1od_x1.2,C,init,8,3,23,23,86,9.0
C_k9_1od_x1.2,C,init,8,4,23,23,82,9.0
C_k9_1od_x1.2,C,init,8,5,23,23,81,9.0
C_k9_1od_x1.2,C,init,8,6,23,23,84,9.0
C_k9_1od_x1.2,C,init,8,7,23,23,79,9.0
C_k9_1od_x1.2,C,init,8,8,23,23,77,9.0
C_k9_1od_x1.2,C,init,8,9,23,23,75,9.0
C_k9_1od_x1.2,C,init,8,10,23,23,80,9.0
C_k9_1od_x1.2,C,init,8,11,23,23,83,9.0
C_k9_1od_x1.2,C,init,8,12,23,23,82,9.0
C_k9_1od_x1.2,C,init,8,13,23,23,86,9.0
C_k9_1od_x1.2,C,init,8,14,23,23,86,9.0
C_k9_1od_x1.2,C,init,8,15,23,23,77,9.0
C_k9_1od_x1.2,C,init,9,1,24,22,61,4.541666666666667
C_k9_1od_x1.2,C,init,9,2,23,23,82,9.0
C_k9_1od_x1.2,C,init,9,3,23,23,80,9.0
C_k9_1od_x1.2,C,init,9,4,23,23,79,9.0
C_k9_1od_x1.2,C,init,9,5,23,23,86,9.0
C_k9_1od_x1.2,C,init,9,6,23,23,77,9.0
C_k9_1od_x1.2,C,init,9,7,23,23,77,9.0
C_k9_1od_x1.2,C,init,9,8,23,23,76,9.0
C_k9_1od_x1.2,C,init,9,9,23,23,80,9.0
C_k9_1od_x1.2,C,init,9,10,23,23,79,9.0
C_k9_1od_x1.2,C,init,9,11,23,23,82,9.0
C_k9_1od_x1.2,C,init,9,12,23,23,81,9.0
C_k9_1od_x1.2,C,init,9,13,23,23,76,9.0
C_k9_1od_x1.2,C,init,9,14,23,23,79,9.0
C_k9_1od_x1.2,C,init,9,15,23,23,79,9.0
C_k9_1od_x1.2,C,mutation,0,1,24,24,77,5.75
C_k9_1od_x1.2,C,mutation,0,2,23,23,83,9.0
C_k9_1od_x1.2,C,mutation,0,3,23,23,76,9.0
C_k9_1od_x1.2,C,mutation,0,4,23,23,75,9.0
C_k9_1od_x1.2,C,mutation,0,5,23,23,77,9.0
C_k9_1od_x1.2,C,mutation,0,6,23,23,75,9.0
C_k9_1od_x1.2,C,mutation,0,7,23,23,70,9.0
C_k9_1od_x1.2,C,mutation,0,8,23,23,76,9.0
C_k9_1od_x1.2,C,mutation,0,9,23,23,74,9.0
C_k9_1od_x1.2,C,mutation,0,10,23,23,77,9.0
C_k9_1od_x1.2,C,mutation,0,11,23,23,74,9.0
C_k9_1od_x1.2,C,mutation,0,12,23,23,69,9.0
C_k9_1od_x1.2,C,mutation,0,13,23,23,72,9.0
C_k9_1od_x1.2,C,mutation,0,14,23,23,70,9.0
C_k9_1od_x1.2,C,mutation,0,15,23,23,71,9.0
C_k9_1od_x1.2,C,mutation,1,1,24,24,66,4.541666666666667
C_k9_1od_x1.2,C,mutation,1,2,23,23,75,9.0
C_k9_1od_x1.2,C,mutation,1,3,23,23,73,9.0
C_k9_1od_x1.2,C,mutation,1,4,23,23,74,9.0
C_k9_1od_x1.2,C,mutation,1,5,23,23,75,9.0
C_k9_1od_x1.2,C,mutation,1,6,23,23,73,9.0
C_k9_1od_x1.2,C,mutation,1,7,23,23,74,9.0
C_k9_1od_x1.2,C,mutation,1,8,23,23,79,9.0
C_k9_1od_x1.2,C,mutation,1,9,23,23,75,9.0
C_k9_1od_x1.2,C,mutation,1,10,23,23,74,9.0
C_k9_1od_x1.2,C,mutation,1,11,23,23,73,9.0
C_k9_1od_x1.2,C,mutation,1,12,23,23,69,9.0
C_k9_1od_x1.2,C,mutation,1,13,23,23,74,9.0
C_k9_1od_x1.2,C,mutation,1,14,23,23,71,9.0
C_k9_1od_x1.2,C,mutation,1,15,23,23,74,9.0
C_k9_1od_x1.2,C,mutation,2,1,24,24,72,5.083333333333333
C_k9_1od_x1.2,C,mutation,2,2,23,23,74,9.0
C_k9_1od_x1.2,C,mutation,2,3,23,23,77,9.0
C_k9_1od_x1.2,C,mutation,2,4,23,23,76,9.0
C_k9_1od_x1.2,C,mutation,2,5,23,23,75,9.0
C_k9_1od_x1.2,C,mutation,2,6,23,23,76,9.0
C_k9_1od_x1.2,C,mutation,2,7,23,23,76,9.0
C_k9_1od_x1.2,C,mutation,2,8,23,23,78,9.0
C_k9_1od_x1.2,C,mutation,2,9,23,23,74,9.0
C_k9_1od_x1.2,C,mutation,2,10,23,23,78,9.0
C_k9_1od_x1.2,C,mutation,2,11,23,23,77,9.0
C_k9_1od_x1.2,C,mutation,2,12,23,23,67,9.0
C_k9_1od_x1.2,C,mutation,2,13,23,23,72,9.0
C_k9_1od_x1.2,C,mutation,2,14,23,23,73,9.0
C_k9_1od_x1.2,C,mutation,2,15,23,23,74,9.0
C_k9_1od_x1.2,C,mutation,3,1,24,24,67,4.333333333333333
C_k9_1od_x1.2,C,mutation,3,2,23,23,77,9.0
C_k9_1od_x1.2,C,mutation,3,3,23,23,76,9.0
C_k9_1od_x1.2,C,mutation,3,4,23,23,76,9.0
C_k9_1od_x1.2,C,mutation,3,5,23,23,78,9.0
C_k9_1od_x1.2,C,mutation,3,6,23,23,76,9.0
C_k9_1od_x1.2,C,mutation,3,7,23,23,74,9.0
C_k9_1od_x1.2,C,mutation,3,8,23,23,81,9.0
C_k9_1od_x1.2,C,mutation,3,9,23,23,80,9.0
C_k9_1od_x1.2,C,mutation,3,10,23,23,74,9.0
C_k9_1od_x1.2,C,mutation,3,11,23,23,74,9.0
C_k9_1od_x1.2,C,mutation,3,12,23,23,70,9.0
C_k9_1od_x1.2,C,mutation,3,13,23,23,77,9.0
C_k9_1od_x1.2,C,mutation,3,14,23,23,74,9.0
C_k9_1od_x1.2,C,mutation,3,15,23,23,71,9.0
C_k9_1od_x1.2,C,mutation,4,1,24,24,61,4.125
C_k9_1od_x1.2,C,mutation,4,2,23,23,77,9.0
C_k9_1od_x1.2,C,mutation,4,3,23,23,77,9.0
C_k9_1od_x1.2,C,mutation,4,4,23,23,74,9.0
C_k9_1od_x1.2,C,mutation,4,5,23,23,69,9.0
C_k9_1od_x1.2,C,mutation,4,6,23,23,71,9.0
C_k9_1od_x1.2,C,mutation,4,7,23,23,72,9.0
C_k9_1od_x1.2,C,mutation,4,8,23,23,77,9.0
C_k9_1od_x1.2,C,mutation,4,9,23,23,73,9.0
C_k9_1od_x1.2,C,mutation,4,10,23,23,75,9.0
C_k9_1od_x1.2,C,mutation,4,11,23,23,73,9.0
C_k9_1od_x1.2,C,mutation,4,12,23,23,74,9.0
C_k9_1od_x1.2,C,mutation,4,13,23,23,72,9.0
C_k9_1od_x1.2,C,mutation,4,14,23,23,72,9.0
C_k9_1od_x1.2,C,mutation,4,15,23,23,78,9.0
C_k9_1od_x1.2,C,mutation,5,1,24,24,67,4.625
C_k9_1od_x1.2,C,mutation,5,2,23,23,77,9.0
C_k9_1od_x1.2,C,mutation,5,3,23,23,72,9.0
C_k9_1od_x1.2,C,mutation,5,4,23,23,73,9.0
C_k9_1od_x1.2,C,mutation,5,5,23,23,70,9.0
C_k9_1od_x1.2,C,mutation,5,6,23,23,74,9.0
C_k9_1od_x1.2,C,mutation,5,7,23,23,79,9.0
C_k9_1od_x1.2,C,mutation,5,8,23,23,71,9.0
C_k9_1od_x1.2,C,mutation,5,9,23,23,71,9.0
C_k9_1od_x1.2,C,mutation,5,10,23,23,72,9.0
C_k9_1od_x1.2,C,mutation,5,11,23,23,73,9.0
C_k9_1od_x1.2,C,mutation,5,12,23,23,74,9.0
C_k9_1od_x1.2,C,mutation,5,13,23,23,71,9.0
C_k9_1od_x1.2,C,mutation,5,14,23,23,70,9.0
C_k9_1od_x1.2,C,mutation,5,15,23,23,72,9.0
C_k9_1od_x1.2,C,mutation,6,1,24,24,66,5.208333333333333
C_k9_1od_x1.2,C,mutation,6,2,23,23,77,9.0
C_k9_1od_x1.2,C,mutation,6,3,23,23,72,9.0
C_k9_1od_x1.2,C,mutation,6,4,23,23,74,9.0
C_k9_1od_x1.2,C,mutation,6,5,23,23,76,9.0
C_k9_1od_x1.2,C,mutation,6,6,23,23,73,9.0
C_k9_1od_x1.2,C,mutation,6,7,23,23,74,9.0
C_k9_1od_x1.2,C,mutation,6,8,23,23,70,9.0
C_k9_1od_x1.2,C,mutation,6,9,23,23,73,9.0
C_k9_1od_x1.2,C,mutation,6,10,23,23,69,9.0
C_k9_1od_x1.2,C,mutation,6,11,23,23,75,9.0
C_k9_1od_x1.2,C,mutation,6,12,23,23,75,9.0
C_k9_1od_x1.2,C,mutation,6,13,23,23,74,9.0
C_k9_1od_x1.2,C,mutation,6,14,23,23,76,9.0
C_k9_1od_x1.2,C,mutation,6,15,23,23,77,9.0
C_k9_1od_x1.2,C,mutation,7,1,24,24,68,5.291666666666667
C_k9_1od_x1.2,C,mutation,7,2,23,23,82,9.0
C_k9_1od_x1.2,C,mutation,7,3,23,23,81,9.0
C_k9_1od_x1.2,C,mutation,7,4,23,23,77,9.0
C_k9_1od_x1.2,C,mutation,7,5,23,23,77,9.0
C_k9_1od_x1.2,C,mutation,7,6,23,23,68,9.0
C_k9_1od_x1.2,C,mutation,7,7,23,23,71,9.0
C_k9_1od_x1.2,C,mutation,7,8,23,23,77,9.0
C_k9_1od_x1.2,C,mutation,7,9,23,23,69,9.0
C_k9_1od_x1.2,C,mutation,7,10,23,23,74,9.0
C_k9_1od_x1.2,C,mutation,7,11,23,23,70,9.0
C_k9_1od_x1.2,C,mutation,7,12,23,23,76,9.0
C_k9_1od_x1.2,C,mutation,7,13,23,23,71,9.0
C_k9_1od_x1.2,C,mutation,7,14,23,23,74,9.0
C_k9_1od_x1.2,C,mutation,7,15,23,23,72,9.0
C_k9_1od_x1.2,C,mutation,8,1,24,24,62,4.5
C_k9_1od_x1.2,C,mutation,8,2,23,23,73,9.0
C_k9_1od_x1.2,C,mutation,8,3,23,23,69,9.0
C_k9_1od_x1.2,C,mutation,8,4,23,23,74,9.0
C_k9_1od_x1.2,C,mutation,8,5,23,23,75,9.0
C_k9_1od_x1.2,C,mutation,8,6,23,23,74,9.0
C_k9_1od_x1.2,C,mutation,8,7,23,23,74,9.0
C_k9_1od_x1.2,C,mutation,8,8,23,23,72,9.0
C_k9_1od_x1.2,C,mutation,8,9,23,23,73,9.0
C_k9_1od_x1.2,C,mutation,8,10,23,23,73,9.0
C_k9_1od_x1.2,C,mutation,8,11,23,23,74,9.0
C_k9_1od_x1.2,C,mutation,8,12,23,23,75,9.0
C_k9_1od_x1.2,C,mutation,8,13,23,23,72,9.0
C_k9_1od_x1.2,C,mutation,8,14,23,23,73,9.0
C_k9_1od_x1.2,C,mutation,8,15,23,23,80,9.0
C_k9_1od_x1.2,C,mutation,9,1,24,24,68,5.083333333333333
C_k9_1od_x1.2,C,mutation,9,2,23,23,73,9.0
C_k9_1od_x1.2,C,mutation,9,3,23,23,75,9.0
C_k9_1od_x1.2,C,mutation,9,4,23,23,67,9.0
C_k9_1od_x1.2,C,mutation,9,5,23,23,77,9.0
C_k9_1od_x1.2,C,mutation,9,6,23,23,72,9.0
C_k9_1od_x1.2,C,mutation,9,7,23,23,76,9.0
C_k9_1od_x1.2,C,mutation,9,8,23,23,73,9.0
C_k9_1od_x1.2,C,mutation,9,9,23,23,72,9.0
C_k9_1od_x1.2,C,mutation,9,10,23,23,75,9.0
C_k9_1od_x1.2,C,mutation,9,11,23,23,71,9.0
C_k9_1od_x1.2,C,mutation,9,12,23,23,76,9.0
C_k9_1od_x1.2,C,mutation,9,13,23,23,72,9.0
C_k9_1od_x1.2,C,mutation,9,14,23,23,64,9.0
C_k9_1od_x1.2,C,mutation,9,15,23,23,69,9.0
C_k9_1od_x1.2,C,none,0,1,24,24,77,5.75
C_k9_1od_x1.2,C,none,0,2,23,23,85,9.0
C_k9_1od_x1.2,C,none,0,3,23,23,82,9.0
C_k9_1od_x1.2,C,none,0,4,23,23,77,9.0
C_k9_1od_x1.2,C,none,0,5,23,23,80,9.0
C_k9_1od_x1.2,C,none,0,6,23,23,84,9.0
C_k9_1od_x1.2,C,none,0,7,23,23,80,9.0
C_k9_1od_x1.2,C,none,0,8,23,23,77,9.0
C_k9_1od_x1.2,C,none,0,9,23,23,74,9.0
C_k9_1od_x1.2,C,none,0,10,23,23,83,9.0
C_k9_1od_x1.2,C,none,0,11,23,23,82,9.0
C_k9_1od_x1.2,C,none,0,12,23,23,78,9.0
C_k9_1od_x1.2,C,none,0,13,23,23,79,9.0
C_k9_1od_x1.2,C,none,0,14,23,23,87,9.0
C_k9_1od_x1.2,C,none,0,15,23,23,81,9.0
C_k9_1od_x1.2,C,none,1,1,24,24,66,4.541666666666667
C_k9_1od_x1.2,C,none,1,2,23,23,82,9.0
C_k9_1od_x1.2,C,none,1,3,23,23,86,9.0
C_k9_1od_x1.2,C,none,1,4,23,23,75,9.0
C_k9_1od_x1.2,C,none,1,5,23,23,81,9.0
C_k9_1od_x1.2,C,none,1,6,23,23,80,9.0
C_k9_1od_x1.2,C,none,1,7,23,23,78,9.0
C_k9_1od_x1.2,C,none,1,8,23,23,82,9.0
C_k9_1od_x1.2,C,none,1,9,23,23,79,9.0
C_k9_1od_x1.2,C,none,1,10,23,23,76,9.0
C_k9_1od_x1.2,C,none,1,11,23,23,83,9.0
C_k9_1od_x1.2,C,none,1,12,23,23,77,9.0
C_k9_1od_x1.2,C,none,1,13,23,23,83,9.0
C_k9_1od_x1.2,C,none,1,14,23,23,83,9.0
C_k9_1od_x1.2,C,none,1,15,23,23,82,9.0
C_k9_1od_x1.2,C,none,2,1,24,24,72,5.083333333333333
C_k9_1od_x1.2,C,none,2,2,23,23,80,9.0
C_k9_1od_x1.2,C,none,2,3,23,23,79,9.0
C_k9_1od_x1.2,C,none,2,4,23,23,82,9.0
C_k9_1od_x1.2,C,none,2,5,23,23,76,9.0
C_k9_1od_x1.2,C,none,2,6,23,23,82,9.0
C_k9_1od_x1.2,C,none,2,7,23,23,84,9.0
C_k9_1od_x1.2,C,none,2,8,23,23,81,9.0
C_k9_1od_x1.2,C,none,2,9,23,23,81,9.0
C_k9_1od_x1.2,C,none,2,10,23,23,83,9.0
C_k9_1od_x1.2,C,none,2,11,23,23,82,9.0
C_k9_1od_x1.2,C,none,2,12,23,23,80,9.0
C_k9_1od_x1.2,C,none,2,13,23,23,84,9.0
C_k9_1od_x1.2,C,none,2,14,23,23,82,9.0
C_k9_1od_x1.2,C,none,2,15,23,23,77,9.0
C_k9_1od_x1.2,C,none,3,1,24,24,67,4.333333333333333
C_k9_1od_x1.2,C,none,3,2,23,23,82,9.0
C_k9_1od_x1.2,C,none,3,3,23,23,81,9.0
C_k9_1od_x1.2,C,none,3,4,23,23,81,9.0
C_k9_1od_x1.2,C,none,3,5,23,23,83,9.0
C_k9_1od_x1.2,C,none,3,6,23,23,82,9.0
C_k9_1od_x1.2,C,none,3,7,23,23,82,9.0
C_k9_1od_x1.2,C,none,3,8,23,23,79,9.0
C_k9_1od_x1.2,C,none,3,9,23,23,83,9.0
C_k9_1od_x1.2,C,none,3,10,23,23,83,9.0
C_k9_1od_x1.2,C,none,3,11,23,23,85,9.0
C_k9_1od_x1.2,C,none,3,12,23,23,77,9.0
C_k9_1od_x1.2,C,none,3,13,23,23,81,9.0
C_k9_1od_x1.2,C,none,3,14,23,23,82,9.0
C_k9_1od_x1.2,C,none,3,15,23,23,78,9.0
C_k9_1od_x1.2,C,none,4,1,24,24,61,4.125
C_k9_1od_x1.2,C,none,4,2,23,23,89,9.0
C_k9_1od_x1.2,C,none,4,3,23,23,75,9.0
C_k9_1od_x1.2,C,none,4,4,23,23,78,9.0
C_k9_1od_x1.2,C,none,4,5,23,23,81,9.0
C_k9_1od_x1.2,C,none,4,6,23,23,78,9.0
C_k9_1od_x1.2,C,none,4,7,23,23,80,9.0
C_k9_1od_x1.2,C,none,4,8,23,23,80,9.0
C_k9_1od_x1.2,C,none,4,9,23,23,83,9.0
C_k9_1od_x1.2,C,none,4,10,23,23,85,9.0
C_k9_1od_x1.2,C,none,4,11,23,23,85,9.0
C_k9_1od_x1.2,C,none,4,12,23,23,86,9.0
C_k9_1od_x1.2,C,none,4,13,23,23,83,9.0
C_k9_1od_x1.2,C,none,4,14,23,23,87,9.0
C_k9_1od_x1.2,C,none,4,15,23,23,80,9.0
C_k9_1od_x1.2,C,none,5,1,24,24,67,4.625
C_k9_1od_x1.2,C,none,5,2,23,23,81,9.0
C_k9_1od_x1.2,C,none,5,3,23,23,84,9.0
C_k9_1od_x1.2,C,none,5,4,23,23,82,9.0
C_k9_1od_x1.2,C,none,5,5,23,23,81,9.0
C_k9_1od_x1.2,C,none,5,6,23,23,81,9.0
C_k9_1od_x1.2,C,none,5,7,23,23,81,9.0
C_k9_1od_x1.2,C,none,5,8,23,23,81,9.0
C_k9_1od_x1.2,C,none,5,9,23,23,75,9.0
C_k9_1od_x1.2,C,none,5,10,23,23,89,9.0
C_k9_1od_x1.2,C,none,5,11,23,23,77,9.0
C_k9_1od_x1.2,C,none,5,12,23,23,78,9.0
C_k9_1od_x1.2,C,none,5,13,23,23,80,9.0
C_k9_1od_x1.2,C,none,5,14,23,23,76,9.0
C_k9_1od_x1.2,C,none,5,15,23,23,83,9.0
C_k9_1od_x1.2,C,none,6,1,24,24,66,5.208333333333333
C_k9_1od_x1.2,C,none,6,2,23,23,85,9.0
C_k9_1od_x1.2,C,none,6,3,23,23,76,9.0
C_k9_1od_x1.2,C,none,6,4,23,23,81,9.0
C_k9_1od_x1.2,C,none,6,5,23,23,86,9.0
C_k9_1od_x1.2,C,none,6,6,23,23,76,9.0
C_k9_1od_x1.2,C,none,6,7,23,23,85,9.0
C_k9_1od_x1.2,C,none,6,8,23,23,84,9.0
C_k9_1od_x1.2,C,none,6,9,23,23,77,9.0
C_k9_1od_x1.2,C,none,6,10,23,23,80,9.0
C_k9_1od_x1.2,C,none,6,11,23,23,83,9.0
C_k9_1od_x1.2,C,none,6,12,23,23,83,9.0
C_k9_1od_x1.2,C,none,6,13,23,23,78,9.0
C_k9_1od_x1.2,C,none,6,14,23,23,75,9.0
C_k9_1od_x1.2,C,none,6,15,23,23,84,9.0
C_k9_1od_x1.2,C,none,7,1,24,24,68,5.291666666666667
C_k9_1od_x1.2,C,none,7,2,23,23,83,9.0
C_k9_1od_x1.2,C,none,7,3,23,23,78,9.0
C_k9_1od_x1.2,C,none,7,4,23,23,83,9.0
C_k9_1od_x1.2,C,none,7,5,23,23,81,9.0
C_k9_1od_x1.2,C,none,7,6,23,23,83,9.0
C_k9_1od_x1.2,C,none,7,7,23,23,83,9.0
C_k9_1od_x1.2,C,none,7,8,23,23,84,9.0
C_k9_1od_x1.2,C,none,7,9,23,23,80,9.0
C_k9_1od_x1.2,C,none,7,10,23,23,84,9.0
C_k9_1od_x1.2,C,none,7,11,23,23,83,9.0
C_k9_1od_x1.2,C,none,7,12,23,23,81,9.0
C_k9_1od_x1.2,C,none,7,13,23,23,81,9.0
C_k9_1od_x1.2,C,none,7,14,23,23,84,9.0
C_k9_1od_x1.2,C,none,7,15,23,23,76,9.0
C_k9_1od_x1.2,C,none,8,1,24,24,62,4.5
C_k9_1od_x1.2,C,none,8,2,23,23,78,9.0
C_k9_1od_x1.2,C,none,8,3,23,23,79,9.0
C_k9_1od_x1.2,C,none,8,4,23,23,81,9.0
C_k9_1od_x1.2,C,none,8,5,23,23,86,9.0
C_k9_1od_x1.2,C,none,8,6,23,23,82,9.0
C_k9_1od_x1.2,C,none,8,7,23,23,82,9.0
C_k9_1od_x1.2,C,none,8,8,23,23,80,9.0
C_k9_1od_x1.2,C,none,8,9,23,23,81,9.0
C_k9_1od_x1.2,C,none,8,10,23,23,83,9.0
C_k9_1od_x1.2,C,none,8,11,23,23,82,9.0
C_k9_1od_x1.2,C,none,8,12,23,23,80,9.0
C_k9_1od_x1.2,C,none,8,13,23,23,84,9.0
C_k9_1od_x1.2,C,none,8,14,23,23,81,9.0
C_k9_1od_x1.2,C,none,8,15,23,23,80,9.0
C_k9_1od_x1.2,C,none,9,1,24,24,68,5.083333333333333
C_k9_1od_x1.2,C,none,9,2,23,23,78,9.0
C_k9_1od_x1.2,C,none,9,3,23,23,90,9.0
C_k9_1od_x1.2,C,none,9,4,23,23,79,9.0
C_k9_1od_x1.2,C,none,9,5,23,23,83,9.0
C_k9_1od_x1.2,C,none,9,6,23,23,82,9.0
C_k9_1od_x1.2,C,none,9,7,23,23,84,9.0
C_k9_1od_x1.2,C,none,9,8,23,23,74,9.0
C_k9_1od_x1.2,C,none,9,9,23,23,78,9.0
C_k9_1od_x1.2,C,none,9,10,23,23,85,9.0
C_k9_1od_x1.2,C,none,9,11,23,23,78,9.0
C_k9_1od_x1.2,C,none,9,12,23,23,81,9.0
C_k9_1od_x1.2,C,none,9,13,23,23,75,9.0
C_k9_1od_x1.2,C,none,9,14,23,23,83,9.0
C_k9_1od_x1.2,C,none,9,15,23,23,84,9.0
C_k9_2od_x0.8,C,both,0,1,24,24,60,4.958333333333333
C_k9_2od_x0.8,C,both,0,2,23,23,77,9.0
C_k9_2od_x0.8,C,both,0,3,23,23,74,9.0
C_k9_2od_x0.8,C,both,0,4,23,23,71,9.0
C_k9_2od_x0.8,C,both,0,5,23,23,72,9.0
C_k9_2od_x0.8,C,both,0,6,23,23,72,9.0
C_k9_2od_x0.8,C,both,0,7,23,23,72,9.0
C_k9_2od_x0.8,C,both,0,8,23,23,71,9.0
C_k9_2od_x0.8,C,both,0,9,23,23,76,9.0
C_k9_2od_x0.8,C,both,0,10,23,23,74,9.0
C_k9_2od_x0.8,C,both,0,11,23,23,75,9.0
C_k9_2od_x0.8,C,both,0,12,23,23,70,9.0
C_k9_2od_x0.8,C,both,0,13,23,23,67,9.0
C_k9_2od_x0.8,C,both,0,14,23,23,67,9.0
C_k9_2od_x0.8,C,both,0,15,23,23,67,9.0
C_k9_2od_x0.8,C,both,1,1,24,22,52,4.375
C_k9_2od_x0.8,C,both,1,2,23,23,72,9.0
C_k9_2od_x0.8,C,both,1,3,23,23,73,9.0
C_k9_2od_x0.8,C,both,1,4,23,23,67,9.0
C_k9_2od_x0.8,C,both,1,5,23,23,68,9.0
C_k9_2od_x0.8,C,both,1,6,23,23,74,9.0
C_k9_2od_x0.8,C,both,1,7,23,23,69,9.0
C_k9_2od_x0.8,C,both,1,8,23,23,68,9.0
C_k9_2od_x0.8,C,both,1,9,23,23,71,9.0
C_k9_2od_x0.8,C,both,1,10,23,23,71,9.0
C_k9_2od_x0.8,C,both,1,11,23,23,69,9.0
C_k9_2od_x0.8,C,both,1,12,23,23,68,9.0
C_k9_2od_x0.8,C,both,1,13,23,23,74,9.0
C_k9_2od_x0.8,C,both,1,14,23,23,70,9.0
C_k9_2od_x0.8,C,both,1,15,23,23,69,9.0
C_k9_2od_x0.8,C,both,2,1,24,21,51,4.416666666666667
C_k9_2od_x0.8,C,both,2,2,23,23,75,9.0
C_k9_2od_x0.8,C,both,2,3,23,23,70,9.0
C_k9_2od_x0.8,C,both,2,4,23,23,66,9.0
C_k9_2od_x0.8,C,both,2,5,23,23,67,9.0
C_k9_2od_x0.8,C,both,2,6,23,23,68,9.0
C_k9_2od_x0.8,C,both,2,7,23,23,74,9.0
C_k9_2od_x0.8,C,both,2,8,23,23,74,9.0
C_k9_2od_x0.8,C,both,2,9,23,23,67,9.0
C_k9_2od_x0.8,C,both,2,10,23,23,70,9.0
C_k9_2od_x0.8,C,both,2,11,23,23,78,9.0
C_k9_2od_x0.8,C,both,2,12,23,23,73,9.0
C_k9_2od_x0.8,C,both,2,13,23,23,73,9.0
C_k9_2od_x0.8,C,both,2,14,23,23,75,9.0
C_k9_2od_x0.8,C,both,2,15,23,23,71,9.0
C_k9_2od_x0.8,C,both,3,1,24,24,61,5.416666666666667
C_k9_2od_x0.8,C,both,3,2,23,23,79,9.0
C_k9_2od_x0.8,C,both,3,3,23,23,72,9.0
C_k9_2od_x0.8,C,both,3,4,23,23,71,9.0
C_k9_2od_x0.8,C,both,3,5,23,23,69,9.0
C_k9_2od_x0.8,C,both,3,6,23,23,70,9.0
C_k9_2od_x0.8,C,both,3,7,23,23,79,9.0
C_k9_2od_x0.8,C,both,3,8,23,23,72,9.0
C_k9_2od_x0.8,C,both,3,9,23,23,64,9.0
C_k9_2od_x0.8,C,both,3,10,23,23,71,9.0
C_k9_2od_x0.8,C,both,3,11,23,23,73,9.0
C_k9_2od_x0.8,C,both,3,12,23,23,67,9.0
C_k9_2od_x0.8,C,both,3,13,23,23,70,9.0
C_k9_2od_x0.8,C,both,3,14,23,23,70,9.0
C_k9_2od_x0.8,C,both,3,15,23,23,68,9.0
C_k9_2od_x0.8,C,both,4,1,24,22,52,3.5416666666666665
C_k9_2od_x0.8,C,both,4,2,23,23,76,9.0
C_k9_2od_x0.8,C,both,4,3,23,23,70,9.0
C_k9_2od_x0.8,C,both,4,4,23,23,69,9.0
C_k9_2od_x0.8,C,both,4,5,23,23,67,9.0
C_k9_2od_x0.8,C,both,4,6,23,23,67,9.0
C_k9_2od_x0.8,C,both,4,7,23,23,66,9.0
C_k9_2od_x0.8,C,both,4,8,23,23,70,9.0
C_k9_2od_x0.8,C,both,4,9,23,23,67,9.0
C_k9_2od_x0.8,C,both,4,10,23,23,69,9.0
C_k9_2od_x0.8,C,both,4,11,23,23,69,9.0
C_k9_2od_x0.8,C,both,4,12,23,23,68,9.0
C_k9_2od_x0.8,C,both,4,13,23,23,72,9.0
C_k9_2od_x0.8,C,both,4,14,23,23,72,9.0
C_k9_2od_x0.8,C,both,4,15,23,23,69,9.0
C_k9_2od_x0.8,C,both,5,1,24,22,58,4.25
C_k9_2od_x0.8,C,both,5,2,23,23,74,9.0
C_k9_2od_x0.8,C,both,5,3,23,23,70,9.0
C_k9_2od_x0.8,C,both,5,4,23,23,67,9.0
C_k9_2od_x0.8,C,both,5,5,23,23,71,9.0
C_k9_2od_x0.8,C,both,5,6,23,23,72,9.0
C_k9_2od_x0.8,C,both,5,7,23,23,71,9.0
C_k9_2od_x0.8,C,both,5,8,23,23,71,9.0
C_k9_2od_x0.8,C,both,5,9,23,23,77,9.0
C_k9_2od_x0.8,C,both,5,10,23,23,74,9.0
C_k9_2od_x0.8,C,both,5,11,23,23,70,9.0
C_k9_2od_x0.8,C,both,5,12,23,23,74,9.0
C_k9_2od_x0.8,C,both,5,13,23,23,70,9.0
C_k9_2od_x0.8,C,both,5,14,23,23,67,9.0
C_k9_2od_x0.8,C,both,5,15,23,23,69,9.0
C_k9_2od_x0.8,C,both,6,1,24,22,61,4.958333333333333
C_k9_2od_x0.8,C,both,6,2,23,23,70,9.0
C_k9_2od_x0.8,C,both,6,3,23,23,66,9.0
C_k9_2od_x0.8,C,both,6,4,23,23,71,9.0
C_k9_2od_x0.8,C,both,6,5,23,23,78,9.0
C_k9_2od_x0.8,C,both,6,6,23,23,68,9.0
C_k9_2od_x0.8,C,both,6,7,23,23,71,9.0
C_k9_2od_x0.8,C,both,6,8,23,23,70,9.0
C_k9_2od_x0.8,C,both,6,9,23,23,69,9.0
C_k9_2od_x0.8,C,both,6,10,23,23,71,9.0
C_k9_2od_x0.8,C,both,6,11,23,23,73,9.0
C_k9_2od_x0.8,C,both,6,12,23,23,73,9.0
C_k9_2od_x0.8,C,both,6,13,23,23,65,9.0
C_k9_2od_x0.8,C,both,6,14,23,23,67,9.0
C_k9_2od_x0.8,C,both,6,15,23,23,70,9.0
C_k9_2od_x0.8,C,both,7,1,24,20,59,3.75
C_k9_2od_x0.8,C,both,7,2,23,23,71,9.0
C_k9_2od_x0.8,C,both,7,3,23,23,71,9.0
C_k9_2od_x0.8,C,both,7,4,23,23,68,9.0
C_k9_2od_x0.8,C,both,7,5,23,23,69,9.0
C_k9_2od_x0.8,C,both,7,6,23,23,70,9.0
C_k9_2od_x0.8,C,both,7,7,23,23,63,9.0
C_k9_2od_x0.8,C,both,7,8,23,23,71,9.0
C_k9_2od_x0.8,C,both,7,9,23,23,72,9.0
C_k9_2od_x0.8,C,both,7,10,23,23,72,9.0
C_k9_2od_x0.8,C,both,7,11,23,23,72,9.0
C_k9_2od_x0.8,C,both,7,12,23,23,71,9.0
C_k9_2od_x0.8,C,both,7,13,23,23,72,9.0
C_k9_2od_x0.8,C,both,7,14,23,23,73,9.0
C_k9_2od_x0.8,C,both,7,15,23,23,75,9.0
C_k9_2od_x0.8,C,both,8,1,24,23,61,4.375
C_k9_2od_x0.8,C,both,8,2,23,23,69,9.0
C_k9_2od_x0.8,C,both,8,3,23,23,72,9.0
C_k9_2od_x0.8,C,both,8,4,23,23,64,9.0
C_k9_2od_x0.8,C,both,8,5,23,23,70,9.0
C_k9_2od_x0.8,C,both,8,6,23,23,70,9.0
C_k9_2od_x0.8,C,both,8,7,23,23,77,9.0
C_k9_2od_x0.8,C,both,8,8,23,23,71,9.0
C_k9_2od_x0.8,C,both,8,9,23,23,67,9.0
C_k9_2od_x0.8,C,both,8,10,23,23,72,9.0
C_k9_2od_x0.8,C,both,8,11,23,23,69,9.0
C_k9_2od_x0.8,C,both,8,12,23,23,75,9.0
C_k9_2od_x0.8,C,both,8,13,23,23,70,9.0
C_k9_2od_x0.8,C,both,8,14,23,23,63,9.0
C_k9_2od_x0.8,C,both,8,15,23,23,69,9.0
C_k9_2od_x0.8,C,both,9,1,24,22,55,4.541666666666667
C_k9_2od_x0.8,C,both,9,2,23,23,72,9.0
C_k9_2od_x0.8,C,both,9,3,23,23,70,9.0
C_k9_2od_x0.8,C,both,9,4,23,23,69,9.0
C_k9_2od_x0.8,C,both,9,5,23,23,77,9.0
C_k9_2od_x0.8,C,both,9,6,23,23,74,9.0
C_k9_2od_x0.8,C,both,9,7,23,23,74,9.0
C_k9_2od_x0.8,C,both,9,8,23,23,74,9.0
C_k9_2od_x0.8,C,both,9,9,23,23,68,9.0
C_k9_2od_x0.8,C,both,9,10,23,23,73,9.0
C_k9_2od_x0.8,C,both,9,11,23,23,74,9.0
C_k9_2od_x0.8,C,both,9,12,23,23,72,9.0
C_k9_2od_x0.8,C,both,9,13,23,23,71,9.0
C_k9_2od_x0.8,C,both,9,14,23,23,74,9.0
C_k9_2od_x0.8,C,both,9,15,23,23,71,9.0
C_k9_2od_x0.8,C,init,0,1,24,24,60,4.958333333333333
C_k9_2od_x0.8,C,init,0,2,23,23,80,9.0
C_k9_2od_x0.8,C,init,0,3,23,23,79,9.0
C_k9_2od_x0.8,C,init,0,4,23,23,78,9.0
C_k9_2od_x0.8,C,init,0,5,23,23,77,9.0
C_k9_2od_x0.8,C,init,0,6,23,23,77,9.0
C_k9_2od_x0.8,C,init,0,7,23,23,84,9.0
C_k9_2od_x0.8,C,init,0,8,23,23,78,9.0
C_k9_2od_x0.8,C,init,0,9,23,23,78,9.0
C_k9_2od_x0.8,C,init,0,10,23,23,78,9.0
C_k9_2od_x0.8,C,init,0,11,23,23,80,9.0
C_k9_2od_x0.8,C,init,0,12,23,23,83,9.0
C_k9_2od_x0.8,C,init,0,13,23,23,80,9.0
C_k9_2od_x0.8,C,init,0,14,23,23,75,9.0
C_k9_2od_x0.8,C,init,0,15,23,23,73,9.0
C_k9_2od_x0.8,C,init,1,1,24,22,52,4.375
C_k9_2od_x0.8,C,init,1,2,23,23,85,9.0
C_k9_2od_x0.8,C,init,1,3,23,23,74,9.0
C_k9_2od_x0.8,C,init,1,4,23,23,80,9.0
C_k9_2od_x0.8,C,init,1,5,23,23,78,9.0
C_k9_2od_x0.8,C,init,1,6,23,23,85,9.0
C_k9_2od_x0.8,C,init,1,7,23,23,83,9.0
C_k9_2od_x0.8,C,init,1,8,23,23,74,9.0
C_k9_2od_x0.8,C,init,1,9,23,23,78,9.0
C_k9_2od_x0.8,C,init,1,10,23,23,81,9.0
C_k9_2od_x0.8,C,init,1,11,23,23,81,9.0
C_k9_2od_x0.8,C,init,1,12,23,23,79,9.0
C_k9_2od_x0.8,C,init,1,13,23,23,77,9.0
C_k9_2od_x0.8,C,init,1,14,23,23,81,9.0
C_k9_2od_x0.8,C,init,1,15,23,23,77,9.0
C_k9_2od_x0.8,C,init,2,1,24,21,51,4.416666666666667
C_k9_2od_x0.8,C,init,2,2,23,23,80,9.0
C_k9_2od_x0.8,C,init,2,3,23,23,79,9.0
C_k9_2od_x0.8,C,init,2,4,23,23,77,9.0
C_k9_2od_x0.8,C,init,2,5,23,23,80,9.0
C_k9_2od_x0.8,C,init,2,6,23,23,83,9.0
C_k9_2od_x0.8,C,init,2,7,23,23,74,9.0
C_k9_2od_x0.8,C,init,2,8,23,23,79,9.0
C_k9_2od_x0.8,C,init,2,9,23,23,75,9.0
C_k9_2od_x0.8,C,init,2,10,23,23,80,9.0
C_k9_2od_x0.8,C,init,2,11,23,23,83,9.0
C_k9_2od_x0.8,C,init,2,12,23,23,81,9.0
C_k9_2od_x0.8,C,init,2,13,23,23,81,9.0
C_k9_2od_x0.8,C,init,2,14,23,23,82,9.0
C_k9_2od_x0.8,C,init,2,15,23,23,87,9.0
C_k9_2od_x0.8,C,init,3,1,24,24,61,5.416666666666667
C_k9_2od_x0.8,C,init,3,2,23,23,87,9.0
C_k9_2od_x0.8,C,init,3,3,23,23,81,9.0
C_k9_2od_x0.8,C,init,3,4,23,23,80,9.0
C_k9_2od_x0.8,C,init,3,5,23,23,77,9.0
C_k9_2od_x0.8,C,init,3,6,23,23,81,9.0
C_k9_2od_x0.8,C,init,3,7,23,23,77,9.0
C_k9_2od_x0.8,C,init,3,8,23,23,82,9.0
C_k9_2od_x0.8,C,init,3,9,23,23,77,9.0
C_k9_2od_x0.8,C,init,3,10,23,23,82,9.0
C_k9_2od_x0.8,C,init,3,11,23,23,77,9.0
C_k9_2od_x0.8,C,init,3,12,23,23,80,9.0
C_k9_2od_x0.8,C,init,3,13,23,23,79,9.0
C_k9_2od_x0.8,C,init,3,14,23,23,81,9.0
C_k9_2od_x0.8,C,init,3,15,23,23,75,9.0
C_k9_2od_x0.8,C,init,4,1,24,22,52,3.5416666666666665
C_k9_2od_x0.8,C,init,4,2,23,23,84,9.0
C_k9_2od_x0.8,C,init,4,3,23,23,78,9.0
C_k9_2od_x0.8,C,init,4,4,23,23,80,9.0
C_k9_2od_x0.8,C,init,4,5,23,23,75,9.0
C_k9_2od_x0.8,C,init,4,6,23,23,79,9.0
C_k9_2od_x0.8,C,init,4,7,23,23,81,9.0
C_k9_2od_x0.8,C,init,4,8,23,23,77,9.0
C_k9_2od_x0.8,C,init,4,9,23,23,84,9.0
C_k9_2od_x0.8,C,init,4,10,23,23,82,9.0
C_k9_2od_x0.8,C,init,4,11,23,23,74,9.0
C_k9_2od_x0.8,C,init,4,12,23,23,72,9.0
C_k9_2od_x0.8,C,init,4,13,23,23,77,9.0
C_k9_2od_x0.8,C,init,4,14,23,23,77,9.0
C_k9_2od_x0.8,C,init,4,15,23,23,77,9.0
C_k9_2od_x0.8,C,init,5,1,24,22,58,4.25
C_k9_2od_x0.8,C,init,5,2,23,23,84,9.0
C_k9_2od_x0.8,C,init,5,3,23,23,81,9.0
C_k9_2od_x0.8,C,init,5,4,23,23,72,9.0
C_k9_2od_x0.8,C,init,5,5,23,23,83,9.0
C_k9_2od_x0.8,C,init,5,6,23,23,78,9.0
C_k9_2od_x0.8,C,init,5,7,23,23,81,9.0
C_k9_2od_x0.8,C,init,5,8,23,23,74,9.0
C_k9_2od_x0.8,C,init,5,9,23,23,79,9.0
C_k9_2od_x0.8,C,init,5,10,23,23,87,9.0
C_k9_2od_x0.8,C,init,5,11,23,23,85,9.0
C_k9_2od_x0.8,C,init,5,12,23,23,75,9.0
C_k9_2od_x0.8,C,init,5,13,23,23,81,9.0
C_k9_2od_x0.8,C,init,5,14,23,23,82,9.0
C_k9_2od_x0.8,C,init,5,15,23,23,75,9.0
C_k9_2od_x0.8,C,init,6,1,24,22,61,4.958333333333333
C_k9_2od_x0.8,C,init,6,2,23,23,73,9.0
C_k9_2od_x0.8,C,init,6,3,23,23,82,9.0
C_k9_2od_x0.8,C,init,6,4,23,23,81,9.0
C_k9_2od_x0.8,C,init,6,5,23,23,83,9.0
C_k9_2od_x0.8,C,init,6,6,23,23,77,9.0
C_k9_2od_x0.8,C,init,6,7,23,23,78,9.0
C_k9_2od_x0.8,C,init,6,8,23,23,81,9.0
C_k9_2od_x0.8,C,init,6,9,23,23,80,9.0
C_k9_2od_x0.8,C,init,6,10,23,23,78,9.0
C_k9_2od_x0.8,C,init,6,11,23,23,77,9.0
C_k9_2od_x0.8,C,init,6,12,23,23,85,9.0
C_k9_2od_x0.8,C,init,6,13,23,23,84,9.0
C_k9_2od_x0.8,C,init,6,14,23,23,79,9.0
C_k9_2od_x0.8,C,init,6,15,23,23,75,9.0
C_k9_2od_x0.8,C,init,7,1,24,20,59,3.75
C_k9_2od_x0.8,C,init,7,2,23,23,79,9.0
C_k9_2od_x0.8,C,init,7,3,23,23,81,9.0
C_k9_2od_x0.8,C,init,7,4,23,23,76,9.0
C_k9_2od_x0.8,C,init,7,5,23,23,88,9.0
C_k9_2od_x0.8,C,init,7,6,23,23,81,9.0
C_k9_2od_x0.8,C,init,7,7,23,23,78,9.0
C_k9_2od_x0.8,C,init,7,8,23,23,77,9.0
C_k9_2od_x0.8,C,init,7,9,23,23,81,9.0
C_k9_2od_x0.8,C,init,7,10,23,23,79,9.0
C_k9_2od_x0.8,C,init,7,11,23,23,80,9.0
C_k9_2od_x0.8,C,init,7,12,23,23,80,9.0
C_k9_2od_x0.8,C,init,7,13,23,23,82,9.0
C_k9_2od_x0.8,C,init,7,14,23,23,85,9.0
C_k9_2od_x0.8,C,init,7,15,23,23,75,9.0
C_k9_2od_x0.8,C,init,8,1,24,23,61,4.375
C_k9_2od_x0.8,C,init,8,2,23,23,74,9.0
C_k9_2od_x0.8,C,init,8,3,23,23,73,9.0
C_k9_2od_x0.8,C,init,8,4,23,23,79,9.0
C_k9_2od_x0.8,C,init,8,5,23,23,81,9.0
C_k9_2od_x0.8,C,init,8,6,23,23,83,9.0
C_k9_2od_x0.8,C,init,8,7,23,23,83,9.0
C_k9_2od_x0.8,C,init,8,8,23,23,83,9.0
C_k9_2od_x0.8,C,init,8,9,23,23,78,9.0
C_k9_2od_x0.8,C,init,8,10,23,23,75,9.0
C_k9_2od_x0.8,C,init,8,11,23,23,79,9.0
C_k9_2od_x0.8,C,init,8,12,23,23,77,9.0
C_k9_2od_x0.8,C,init,8,13,23,23,80,9.0
C_k9_2od_x0.8,C,init,8,14,23,23,81,9.0
C_k9_2od_x0.8,C,init,8,15,23,23,77,9.0
C_k9_2od_x0.8,C,init,9,1,24,22,55,4.541666666666667
C_k9_2od_x0.8,C,init,9,2,23,23,79,9.0
C_k9_2od_x0.8,C,init,9,3,23,23,80,9.0
C_k9_2od_x0.8,C,init,9,4,23,23,79,9.0
C_k9_2od_x0.8,C,init,9,5,23,23,79,9.0
C_k9_2od_x0.8,C,init,9,6,23,23,76,9.0
C_k9_2od_x0.8,C,init,9,7,23,23,75,9.0
C_k9_2od_x0.8,C,init,9,8,23,23,79,9.0
C_k9_2od_x0.8,C,init,9,9,23,23,78,9.0
C_k9_2od_x0.8,C,init,9,10,23,23,78,9.0
C_k9_2od_x0.8,C,init,9,11,23,23,80,9.0
C_k9_2od_x0.8,C,init,9,12,23,23,77,9.0
C_k9_2od_x0.8,C,init,9,13,23,23,82,9.0
C_k9_2od_x0.8,C,init,9,14,23,23,79,9.0
C_k9_2od_x0.8,C,init,9,15,23,23,79,9.0
C_k9_2od_x0.8,C,mutation,0,1,24,24,75,5.708333333333333
C_k9_2od_x0.8,C,mutation,0,2,23,23,78,9.0
C_k9_2od_x0.8,C,mutation,0,3,23,23,69,9.0
C_k9_2od_x0.8,C,mutation,0,4,23,23,74,9.0
C_k9_2od_x0.8,C,mutation,0,5,23,23,74,9.0
C_k9_2od_x0.8,C,mutation,0,6,23,23,70,9.0
C_k9_2od_x0.8,C,mutation,0,7,23,23,65,9.0
C_k9_2od_x0.8,C,mutation,0,8,23,23,68,9.0
C_k9_2od_x0.8,C,mutation,0,9,23,23,66,9.0
C_k9_2od_x0.8,C,mutation,0,10,23,23,73,9.0
C_k9_2od_x0.8,C,mutation,0,11,23,23,75,9.0
C_k9_2od_x0.8,C,mutation,0,12,23,23,66,9.0
C_k9_2od_x0.8,C,mutation,0,13,23,23,71,9.0
C_k9_2od_x0.8,C,mutation,0,14,23,23,65,9.0
C_k9_2od_x0.8,C,mutation,0,15,23,23,72,9.0
C_k9_2od_x0.8,C,mutation,1,1,24,24,69,4.375
C_k9_2od_x0.8,C,mutation,1,2,23,23,78,9.0
C_k9_2od_x0.8,C,mutation,1,3,23,23,72,9.0
C_k9_2od_x0.8,C,mutation,1,4,23,23,72,9.0
C_k9_2od_x0.8,C,mutation,1,5,23,23,74,9.0
C_k9_2od_x0.8,C,mutation,1,6,23,23,75,9.0
C_k9_2od_x0.8,C,mutation,1,7,23,23,70,9.0
C_k9_2od_x0.8,C,mutation,1,8,23,23,66,9.0
C_k9_2od_x0.8,C,mutation,1,9,23,23,68,9.0
C_k9_2od_x0.8,C,mutation,1,10,23,23,70,9.0
C_k9_2od_x0.8,C,mutation,1,11,23,23,71,9.0
C_k9_2od_x0.8,C,mutation,1,12,23,23,70,9.0
C_k9_2od_x0.8,C,mutation,1,13,23,23,72,9.0
C_k9_2od_x0.8,C,mutation,1,14,23,23,75,9.0
C_k9_2od_x0.8,C,mutation,1,15,23,23,62,9.0
C_k9_2od_x0.8,C,mutation,2,1,24,24,75,5.291666666666667
C_k9_2od_x0.8,C,mutation,2,2,23,23,75,9.0
C_k9_2od_x0.8,C,mutation,2,3,23,23,71,9.0
C_k9_2od_x0.8,C,mutation,2,4,23,23,72,9.0
C_k9_2od_x0.8,C,mutation,2,5,23,23,68,9.0
C_k9_2od_x0.8,C,mutation,2,6,23,23,68,9.0
C_k9_2od_x0.8,C,mutation,2,7,23,23,69,9.0
C_k9_2od_x0.8,C,mutation,2,8,23,23,74,9.0
C_k9_2od_x0.8,C,mutation,2,9,23,23,74,9.0
C_k9_2od_x0.8,C,mutation,2,10,23,23,77,9.0
C_k9_2od_x0.8,C,mutation,2,11,23,23,71,9.0
C_k9_2od_x0.8,C,mutation,2,12,23,23,68,9.0
C_k9_2od_x0.8,C,mutation,2,13,23,23,67,9.0
C_k9_2od_x0.8,C,mutation,2,14,23,23,69,9.0
C_k9_2od_x0.8,C,mutation,2,15,23,23,69,9.0
C_k9_2od_x0.8,C,mutation,3,1,24,24,62,4.25
C_k9_2od_x0.8,C,mutation,3,2,23,23,74,9.0
C_k9_2od_x0.8,C,mutation,3,3,23,23,76,9.0
C_k9_2od_x0.8,C,mutation,3,4,23,23,73,9.0
C_k9_2od_x0.8,C,mutation,3,5,23,23,74,9.0
C_k9_2od_x0.8,C,mutation,3,6,23,23,70,9.0
C_k9_2od_x0.8,C,mutation,3,7,23,23,70,9.0
C_k9_2od_x0.8,C,mutation,3,8,23,23,68,9.0
C_k9_2od_x0.8,C,mutation,3,9,23,23,63,9.0
C_k9_2od_x0.8,C,mutation,3,10,23,23,75,9.0
C_k9_2od_x0.8,C,mutation,3,11,23,23,73,9.0
C_k9_2od_x0.8,C,mutation,3,12,23,23,73,9.0
C_k9_2od_x0.8,C,mutation,3,13,23,23,72,9.0
C_k9_2od_x0.8,C,mutation,3,14,23,23,68,9.0
C_k9_2od_x0.8,C,mutation,3,15,23,23,69,9.0
C_k9_2od_x0.8,C,mutation,4,1,24,24,66,4.083333333333333
C_k9_2od_x0.8,C,mutation,4,2,23,23,73,9.0
C_k9_2od_x0.8,C,mutation,4,3,23,23,71,9.0
C_k9_2od_x0.8,C,mutation,4,4,23,23,72,9.0
C_k9_2od_x0.8,C,mutation,4,5,23,23,72,9.0
C_k9_2od_x0.8,C,mutation,4,6,23,23,74,9.0
C_k9_2od_x0.8,C,mutation,4,7,23,23,68,9.0
C_k9_2od_x0.8,C,mutation,4,8,23,23,72,9.0
C_k9_2od_x0.8,C,mutation,4,9,23,23,72,9.0
C_k9_2od_x0.8,C,mutation,4,10,23,23,65,9.0
C_k9_2od_x0.8,C,mutation,4,11,23,23,76,9.0
C_k9_2od_x0.8,C,mutation,4,12,23,23,71,9.0
C_k9_2od_x0.8,C,mutation,4,13,23,23,76,9.0
C_k9_2od_x0.8,C,mutation,4,14,23,23,71,9.0
C_k9_2od_x0.8,C,mutation,4,15,23,23,71,9.0
C_k9_2od_x0.8,C,mutation,5,1,24,24,67,4.625
C_k9_2od_x0.8,C,mutation,5,2,23,23,71,9.0
C_k9_2od_x0.8,C,mutation,5,3,23,23,72,9.0
C_k9_2od_x0.8,C,mutation,5,4,23,23,67,9.0
C_k9_2od_x0.8,C,mutation,5,5,23,23,66,9.0
C_k9_2od_x0.8,C,mutation,5,6,23,23,76,9.0
C_k9_2od_x0.8,C,mutation,5,7,23,23,69,9.0
C_k9_2od_x0.8,C,mutation,5,8,23,23,74,9.0
C_k9_2od_x0.8,C,mutation,5,9,23,23,68,9.0
C_k9_2od_x0.8,C,mutation,5,10,23,23,68,9.0
C_k9_2od_x0.8,C,mutation,5,11,23,23,71,9.0
C_k9_2od_x0.8,C,mutation,5,12,23,23,69,9.0
C_k9_2od_x0.8,C,mutation,5,13,23,23,66,9.0
C_k9_2od_x0.8,C,mutation,5,14,23,23,72,9.0
C_k9_2od_x0.8,C,mutation,5,15,23,23,71,9.0
C_k9_2od_x0.8,C,mutation,6,1,24,24,73,5.166666666666667
C_k9_2od_x0.8,C,mutation,6,2,23,23,76,9.0
C_k9_2od_x0.8,C,mutation,6,3,23,23,66,9.0
C_k9_2od_x0.8,C,mutation,6,4,23,23,79,9.0
C_k9_2od_x0.8,C,mutation,6,5,23,23,72,9.0
C_k9_2od_x0.8,C,mutation,6,6,23,23,70,9.0
C_k9_2od_x0.8,C,mutation,6,7,23,23,74,9.0
C_k9_2od_x0.8,C,mutation,6,8,23,23,78,9.0
C_k9_2od_x0.8,C,mutation,6,9,23,23,73,9.0
C_k9_2od_x0.8,C,mutation,6,10,23,23,71,9.0
C_k9_2od_x0.8,C,mutation,6,11,23,23,69,9.0
C_k9_2od_x0.8,C,mutation,6,12,23,23,68,9.0
C_k9_2od_x0.8,C,mutation,6,13,23,23,71,9.0
C_k9_2od_x0.8,C,mutation,6,14,23,23,66,9.0
C_k9_2od_x0.8,C,mutation,6,15,23,23,77,9.0
C_k9_2od_x0.8,C,mutation,7,1,24,24,79,5.333333333333333
C_k9_2od_x0.8,C,mutation,7,2,23,23,73,9.0
C_k9_2od_x0.8,C,mutation,7,3,23,23,74,9.0
C_k9_2od_x0.8,C,mutation,7,4,23,23,75,9.0
C_k9_2od_x0.8,C,mutation,7,5,23,23,65,9.0
C_k9_2od_x0.8,C,mutation,7,6,23,23,66,9.0
C_k9_2od_x0.8,C,mutation,7,7,23,23,74,9.0
C_k9_2od_x0.8,C,mutation,7,8,23,23,71,9.0
C_k9_2od_x0.8,C,mutation,7,9,23,23,62,9.0
C_k9_2od_x0.8,C,mutation,7,10,23,23,69,9.0
C_k9_2od_x0.8,C,mutation,7,11,23,23,68,9.0
C_k9_2od_x0.8,C,mutation,7,12,23,23,66,9.0
C_k9_2od_x0.8,C,mutation,7,13,23,23,71,9.0
C_k9_2od_x0.8,C,mutation,7,14,23,23,68,9.0
C_k9_2od_x0.8,C,mutation,7,15,23,23,72,9.0
C_k9_2od_x0.8,C,mutation,8,1,24,24,64,4.416666666666667
C_k9_2od_x0.8,C,mutation,8,2,23,23,76,9.0
C_k9_2od_x0.8,C,mutation,8,3,23,23,75,9.0
C_k9_2od_x0.8,C,mutation,8,4,23,23,76,9.0
C_k9_2od_x0.8,C,mutation,8,5,23,23,71,9.0
C_k9_2od_x0.8,C,mutation,8,6,23,23,72,9.0
C_k9_2od_x0.8,C,mutation,8,7,23,23,64,9.0
C_k9_2od_x0.8,C,mutation,8,8,23,23,72,9.0
C_k9_2od_x0.8,C,mutation,8,9,23,23,70,9.0
C_k9_2od_x0.8,C,mutation,8,10,23,23,71,9.0
C_k9_2od_x0.8,C,mutation,8,11,23,23,73,9.0
C_k9_2od_x0.8,C,mutation,8,12,23,23,65,9.0
C_k9_2od_x0.8,C,mutation,8,13,23,23,66,9.0
C_k9_2od_x0.8,C,mutation,8,14,23,23,71,9.0
C_k9_2od_x0.8,C,mutation,8,15,23,23,63,9.0
C_k9_2od_x0.8,C,mutation,9,1,24,24,69,5.041666666666667
C_k9_2od_x0.8,C,mutation,9,2,23,23,72,9.0
C_k9_2od_x0.8,C,mutation,9,3,23,23,79,9.0
C_k9_2od_x0.8,C,mutation,9,4,23,23,72,9.0
C_k9_2od_x0.8,C,mutation,9,5,23,23,73,9.0
C_k9_2od_x0.8,C,mutation,9,6,23,23,73,9.0
C_k9_2od_x0.8,C,mutation,9,7,23,23,71,9.0
C_k9_2od_x0.8,C,mutation,9,8,23,23,71,9.0
C_k9_2od_x0.8,C,mutation,9,9,23,23,71,9.0
C_k9_2od_x0.8,C,mutation,9,10,23,23,76,9.0
C_k9_2od_x0.8,C,mutation,9,11,23,23,74,9.0
C_k9_2od_x0.8,C,mutation,9,12,23,23,76,9.0
C_k9_2od_x0.8,C,mutation,9,13,23,23,66,9.0
C_k9_2od_x0.8,C,mutation,9,14,23,23,70,9.0
C_k9_2od_x0.8,C,mutation,9,15,23,23,68,9.0
C_k9_2od_x0.8,C,none,0,1,24,24,75,5.708333333333333
C_k9_2od_x0.8,C,none,0,2,23,23,81,9.0
C_k9_2od_x0.8,C,none,0,3,23,23,83,9.0
C_k9_2od_x0.8,C,none,0,4,23,23,81,9.0
C_k9_2od_x0.8,C,none,0,5,23,23,81,9.0
C_k9_2od_x0.8,C,none,0,6,23,23,77,9.0
C_k9_2od_x0.8,C,none,0,7,23,23,73,9.0
C_k9_2od_x0.8,C,none,0,8,23,23,81,9.0
C_k9_2od_x0.8,C,none,0,9,23,23,77,9.0
C_k9_2od_x0.8,C,none,0,10,23,23,84,9.0
C_k9_2od_x0.8,C,none,0,11,23,23,82,9.0
C_k9_2od_x0.8,C,none,0,12,23,23,77,9.0
C_k9_2od_x0.8,C,none,0,13,23,23,74,9.0
C_k9_2od_x0.8,C,none,0,14,23,23,83,9.0
C_k9_2od_x0.8,C,none,0,15,23,23,79,9.0
C_k9_2od_x0.8,C,none,1,1,24,24,69,4.375
C_k9_2od_x0.8,C,none,1,2,23,23,82,9.0
C_k9_2od_x0.8,C,none,1,3,23,23,78,9.0
C_k9_2od_x0.8,C,none,1,4,23,23,78,9.0
C_k9_2od_x0.8,C,none,1,5,23,23,81,9.0
C_k9_2od_x0.8,C,none,1,6,23,23,82,9.0
C_k9_2od_x0.8,C,none,1,7,23,23,81,9.0
C_k9_2od_x0.8,C,none,1,8,23,23,78,9.0
C_k9_2od_x0.8,C,none,1,9,23,23,81,9.0
C_k9_2od_x0.8,C,none,1,10,23,23,76,9.0
C_k9_2od_x0.8,C,none,1,11,23,23,78,9.0
C_k9_2od_x0.8,C,none,1,12,23,23,77,9.0
C_k9_2od_x0.8,C,none,1,13,23,23,77,9.0
C_k9_2od_x0.8,C,none,1,14,23,23,76,9.0
C_k9_2od_x0.8,C,none,1,15,23,23,76,9.0
C_k9_2od_x0.8,C,none,2,1,24,24,75,5.291666666666667
C_k9_2od_x0.8,C,none,2,2,23,23,82,9.0
C_k9_2od_x0.8,C,none,2,3,23,23,79,9.0
C_k9_2od_x0.8,C,none,2,4,23,23,83,9.0
C_k9_2od_x0.8,C,none,2,5,23,23,78,9.0
C_k9_2od_x0.8,C,none,2,6,23,23,79,9.0
C_k9_2od_x0.8,C,none,2,7,23,23,80,9.0
C_k9_2od_x0.8,C,none,2,8,23,23,82,9.0
C_k9_2od_x0.8,C,none,2,9,23,23,86,9.0
C_k9_2od_x0.8,C,none,2,10,23,23,78,9.0
C_k9_2od_x0.8,C,none,2,11,23,23,78,9.0
C_k9_2od_x0.8,C,none,2,12,23,23,80,9.0
C_k9_2od_x0.8,C,none,2,13,23,23,83,9.0
C_k9_2od_x0.8,C,none,2,14,23,23,78,9.0
C_k9_2od_x0.8,C,none,2,15,23,23,79,9.0
C_k9_2od_x0.8,C,none,3,1,24,24,62,4.25
C_k9_2od_x0.8,C,none,3,2,23,23,78,9.0
C_k9_2od_x0.8,C,none,3,3,23,23,75,9.0
C_k9_2od_x0.8,C,none,3,4,23,23,72,9.0
C_k9_2od_x0.8,C,none,3,5,23,23,71,9.0
C_k9_2od_x0.8,C,none,3,6,23,23,78,9.0
C_k9_2od_x0.8,C,none,3,7,23,23,78,9.0
C_k9_2od_x0.8,C,none,3,8,23,23,80,9.0
C_k9_2od_x0.8,C,none,3,9,23,23,76,9.0
C_k9_2od_x0.8,C,none,3,10,23,23,80,9.0
C_k9_2od_x0.8,C,none,3,11,23,23,79,9.0
C_k9_2od_x0.8,C,none,3,12,23,23,80,9.0
C_k9_2od_x0.8,C,none,3,13,23,23,79,9.0
C_k9_2od_x0.8,C,none,3,14,23,23,73,9.0
C_k9_2od_x0.8,C,none,3,15,23,23,79,9.0
C_k9_2od_x0.8,C,none,4,1,24,24,66,4.083333333333333
C_k9_2od_x0.8,C,none,4,2,23,23,80,9.0
C_k9_2od_x0.8,C,none,4,3,23,23,80,9.0
C_k9_2od_x0.8,C,none,4,4,23,23,83,9.0
C_k9_2od_x0.8,C,none,4,5,23,23,82,9.0
C_k9_2od_x0.8,C,none,4,6,23,23,82,9.0
C_k9_2od_x0.8,C,none,4,7,23,23,80,9.0
C_k9_2od_x0.8,C,none,4,8,23,23,76,9.0
C_k9_2od_x0.8,C,none,4,9,23,23,74,9.0
C_k9_2od_x0.8,C,none,4,10,23,23,80,9.0
C_k9_2od_x0.8,C,none,4,11,23,23,81,9.0
C_k9_2od_x0.8,C,none,4,12,23,23,80,9.0
C_k9_2od_x0.8,C,none,4,13,23,23,81,9.0
C_k9_2od_x0.8,C,none,4,14,23,23,79,9.0
C_k9_2od_x0.8,C,none,4,15,23,23,85,9.0
C_k9_2od_x0.8,C,none,5,1,24,24,67,4.625
C_k9_2od_x0.8,C,none,5,2,23,23,77,9.0
C_k9_2od_x0.8,C,none,5,3,23,23,78,9.0
C_k9_2od_x0.8,C,none,5,4,23,23,78,9.0
C_k9_2od_x0.8,C,none,5,5,23,23,84,9.0
C_k9_2od_x0.8,C,none,5,6,23,23,83,9.0
C_k9_2od_x0.8,C,none,5,7,23,23,76,9.0
C_k9_2od_x0.8,C,none,5,8,23,23,81,9.0
C_k9_2od_x0.8,C,none,5,9,23,23,79,9.0
C_k9_2od_x0.8,C,none,5,10,23,23,74,9.0
C_k9_2od_x0.8,C,none,5,11,23,23,80,9.0
C_k9_2od_x0.8,C,none,5,12,23,23,85,9.0
C_k9_2od_x0.8,C,none,5,13,23,23,76,9.0
C_k9_2od_x0.8,C,none,5,14,23,23,83,9.0
C_k9_2od_x0.8,C,none,5,15,23,23,78,9.0
C_k9_2od_x0.8,C,none,6,1,24,24,73,5.166666666666667
C_k9_2od_x0.8,C,none,6,2,23,23,78,9.0
C_k9_2od_x0.8,C,none,6,3,23,23,79,9.0
C_k9_2od_x0.8,C,none,6,4,23,23,79,9.0
C_k9_2od_x0.8,C,none,6,5,23,23,77,9.0
C_k9_2od_x0.8,C,none,6,6,23,23,85,9.0
C_k9_2od_x0.8,C,none,6,7,23,23,82,9.0
C_k9_2od_x0.8,C,none,6,8,23,23,74,9.0
C_k9_2od_x0.8,C,none,6,9,23,23,76,9.0
C_k9_2od_x0.8,C,none,6,10,23,23,80,9.0
C_k9_2od_x0.8,C,none,6,11,23,23,77,9.0
C_k9_2od_x0.8,C,none,6,12,23,23,78,9.0
C_k9_2od_x0.8,C,none,6,13,23,23,79,9.0
C_k9_2od_x0.8,C,none,6,14,23,23,78,9.0
C_k9_2od_x0.8,C,none,6,15,23,23,77,9.0
C_k9_2od_x0.8,C,none,7,1,24,24,79,5.333333333333333
C_k9_2od_x0.8,C,none,7,2,23,23,79,9.0
C_k9_2od_x0.8,C,none,7,3,23,23,87,9.0
C_k9_2od_x0.8,C,none,7,4,23,23,83,9.0
C_k9_2od_x0.8,C,none,7,5,23,23,77,9.0
C_k9_2od_x0.8,C,none,7,6,23,23,86,9.0
C_k9_2od_x0.8,C,none,7,7,23,23,78,9.0
C_k9_2od_x0.8,C,none,7,8,23,23,79,9.0
C_k9_2od_x0.8,C,none,7,9,23,23,82,9.0
C_k9_2od_x0.8,C,none,7,10,23,23,87,9.0
C_k9_2od_x0.8,C,none,7,11,23,23,85,9.0
C_k9_2od_x0.8,C,none,7,12,23,23,79,9.0
C_k9_2od_x0.8,C,none,7,13,23,23,82,9.0
C_k9_2od_x0.8,C,none,7,14,23,23,74,9.0
C_k9_2od_x0.8,C,none,7,15,23,23,82,9.0
C_k9_2od_x0.8,C,none,8,1,24,24,64,4.416666666666667
C_k9_2od_x0.8,C,none,8,2,23,23,77,9.0
C_k9_2od_x0.8,C,none,8,3,23,23,76,9.0
C_k9_2od_x0.8,C,none,8,4,23,23,80,9.0
C_k9_2od_x0.8,C,none,8,5,23,23,78,9.0
C_k9_2od_x0.8,C,none,8,6,23,23,76,9.0
C_k9_2od_x0.8,C,none,8,7,23,23,77,9.0
C_k9_2od_x0.8,C,none,8,8,23,23,78,9.0
C_k9_2od_x0.8,C,none,8,9,23,23,82,9.0
C_k9_2od_x0.8,C,none,8,10,23,23,76,9.0
C_k9_2od_x0.8,C,none,8,11,23,23,78,9.0
C_k9_2od_x0.8,C,none,8,12,23,23,80,9.0
C_k9_2od_x0.8,C,none,8,13,23,23,76,9.0
C_k9_2od_x0.8,C,none,8,14,23,23,80,9.0
C_k9_2od_x0.8,C,none,8,15,23,23,80,9.0
C_k9_2od_x0.8,C,none,9,1,24,24,69,5.041666666666667
C_k9_2od_x0.8,C,none,9,2,23,23,83,9.0
C_k9_2od_x0.8,C,none,9,3,23,23,82,9.0
C_k9_2od_x0.8,C,none,9,4,23,23,80,9.0
C_k9_2od_x0.8,C,none,9,5,23,23,77,9.0
C_k9_2od_x0.8,C,none,9,6,23,23,78,9.0
C_k9_2od_x0.8,C,none,9,7,23,23,82,9.0
C_k9_2od_x0.8,C,none,9,8,23,23,78,9.0
C_k9_2od_x0.8,C,none,9,9,23,23,83,9.0
C_k9_2od_x0.8,C,none,9,10,23,23,80,9.0
C_k9_2od_x0.8,C,none,9,11,23,23,76,9.0
C_k9_2od_x0.8,C,none,9,12,23,23,79,9.0
C_k9_2od_x0.8,C,none,9,13,23,23,83,9.0
C_k9_2od_x0.8,C,none,9,14,23,23,83,9.0
C_k9_2od_x0.8,C,none,9,15,23,23,75,9.0
C_k9_2od_x1.0,C,both,0,1,24,24,64,4.958333333333333
C_k9_2od_x1.0,C,both,0,2,23,23,77,9.0
C_k9_2od_x1.0,C,both,0,3,23,23,75,9.0
C_k9_2od_x1.0,C,both,0,4,23,23,77,9.0
C_k9_2od_x1.0,C,both,0,5,23,23,75,9.0
C_k9_2od_x1.0,C,both,0,6,23,23,72,9.0
C_k9_2od_x1.0,C,both,0,7,23,23,73,9.0
C_k9_2od_x1.0,C,both,0,8,23,23,76,9.0
C_k9_2od_x1.0,C,both,0,9,23,23,80,9.0
C_k9_2od_x1.0,C,both,0,10,23,23,76,9.0
C_k9_2od_x1.0,C,both,0,11,23,23,74,9.0
C_k9_2od_x1.0,C,both,0,12,23,23,71,9.0
C_k9_2od_x1.0,C,both,0,13,23,23,67,9.0
C_k9_2od_x1.0,C,both,0,14,23,23,66,9.0
C_k9_2od_x1.0,C,both,0,15,23,23,72,9.0
C_k9_2od_x1.0,C,both,1,1,24,22,54,4.375
C_k9_2od_x1.0,C,both,1,2,23,23,74,9.0
C_k9_2od_x1.0,C,both,1,3,23,23,75,9.0
C_k9_2od_x1.0,C,both,1,4,23,23,69,9.0
C_k9_2od_x1.0,C,both,1,5,23,23,67,9.0
C_k9_2od_x1.0,C,both,1,6,23,23,69,9.0
C_k9_2od_x1.0,C,both,1,7,23,23,72,9.0
C_k9_2od_x1.0,C,both,1,8,23,23,77,9.0
C_k9_2od_x1.0,C,both,1,9,23,23,76,9.0
C_k9_2od_x1.0,C,both,1,10,23,23,72,9.0
C_k9_2od_x1.0,C,both,1,11,23,23,75,9.0
C_k9_2od_x1.0,C,both,1,12,23,23,76,9.0
C_k9_2od_x1.0,C,both,1,13,23,23,78,9.0
C_k9_2od_x1.0,C,both,1,14,23,23,75,9.0
C_k9_2od_x1.0,C,both,1,15,23,23,74,9.0
C_k9_2od_x1.0,C,both,2,1,24,21,67,4.416666666666667
C_k9_2od_x1.0,C,both,2,2,23,23,80,9.0
C_k9_2od_x1.0,C,both,2,3,23,23,71,9.0
C_k9_2od_x1.0,C,both,2,4,23,23,73,9.0
C_k9_2od_x1.0,C,both,2,5,23,23,77,9.0
C_k9_2od_x1.0,C,both,2,6,23,23,73,9.0
C_k9_2od_x1.0,C,both,2,7,23,23,70,9.0
C_k9_2od_x1.0,C,both,2,8,23,23,71,9.0
C_k9_2od_x1.0,C,both,2,9,23,23,72,9.0
C_k9_2od_x1.0,C,both,2,10,23,23,75,9.0
C_k9_2od_x1.0,C,both,2,11,23,23,77,9.0
C_k9_2od_x1.0,C,both,2,12,23,23,74,9.0
C_k9_2od_x1.0,C,both,2,13,23,23,72,9.0
C_k9_2od_x1.0,C,both,2,14,23,23,70,9.0
C_k9_2od_x1.0,C,both,2,15,23,23,74,9.0
C_k9_2od_x1.0,C,both,3,1,24,24,56,5.416666666666667
C_k9_2od_x1.0,C,both,3,2,23,23,74,9.0
C_k9_2od_x1.0,C,both,3,3,23,23,72,9.0
C_k9_2od_x1.0,C,both,3,4,23,23,73,9.0
C_k9_2od_x1.0,C,both,3,5,23,23,73,9.0
C_k9_2od_x1.0,C,both,3,6,23,23,75,9.0
C_k9_2od_x1.0,C,both,3,7,23,23,75,9.0
C_k9_2od_x1.0,C,both,3,8,23,23,74,9.0
C_k9_2od_x1.0,C,both,3,9,23,23,71,9.0
C_k9_2od_x1.0,C,both,3,10,23,23,72,9.0
C_k9_2od_x1.0,C,both,3,11,23,23,80,9.0
C_k9_2od_x1.0,C,both,3,12,23,23,73,9.0
C_k9_2od_x1.0,C,both,3,13,23,23,73,9.0
C_k9_2od_x1.0,C,both,3,14,23,23,71,9.0
C_k9_2od_x1.0,C,both,3,15,23,23,69,9.0
C_k9_2od_x1.0,C,both,4,1,24,22,50,3.5416666666666665
C_k9_2od_x1.0,C,both,4,2,23,23,72,9.0
C_k9_2od_x1.0,C,both,4,3,23,23,73,9.0
C_k9_2od_x1.0,C,both,4,4,23,23,75,9.0
C_k9_2od_x1.0,C,both,4,5,23,23,71,9.0
C_k9_2od_x1.0,C,both,4,6,23,23,76,9.0
C_k9_2od_x1.0,C,both,4,7,23,23,66,9.0
C_k9_2od_x1.0,C,both,4,8,23,23,68,9.0
C_k9_2od_x1.0,C,both,4,9,23,23,78,9.0
C_k9_2od_x1.0,C,both,4,10,23,23,72,9.0
C_k9_2od_x1.0,C,both,4,11,23,23,72,9.0
C_k9_2od_x1.0,C,both,4,12,23,23,73,9.0
C_k9_2od_x1.0,C,both,4,13,23,23,72,9.0
C_k9_2od_x1.0,C,both,4,14,23,23,70,9.0
C_k9_2od_x1.0,C,both,4,15,23,23,80,9.0
C_k9_2od_x1.0,C,both,5,1,24,22,56,4.25
C_k9_2od_x1.0,C,both,5,2,23,23,77,9.0
C_k9_2od_x1.0,C,both,5,3,23,23,75,9.0
C_k9_2od_x1.0,C,both,5,4,23,23,79,9.0
C_k9_2od_x1.0,C,both,5,5,23,23,78,9.0
C_k9_2od_x1.0,C,both,5,6,23,23,78,9.0
C_k9_2od_x1.0,C,both,5,7,23,23,74,9.0
C_k9_2od_x1.0,C,both,5,8,23,23,74,9.0
C_k9_2od_x1.0,C,both,5,9,23,23,79,9.0
C_k9_2od_x1.0,C,both,5,10,23,23,76,9.0
C_k9_2od_x1.0,C,both,5,11,23,23,73,9.0
C_k9_2od_x1.0,C,both,5,12,23,23,72,9.0
C_k9_2od_x1.0,C,both,5,13,23,23,70,9.0
C_k9_2od_x1.0,C,both,5,14,23,23,77,9.0
C_k9_2od_x1.0,C,both,5,15,23,23,75,9.0
C_k9_2od_x1.0,C,both,6,1,24,22,63,4.958333333333333
C_k9_2od_x1.0,C,both,6,2,23,23,75,9.0
C_k9_2od_x1.0,C,both,6,3,23,23,66,9.0
C_k9_2od_x1.0,C,both,6,4,23,23,69,9.0
C_k9_2od_x1.0,C,both,6,5,23,23,76,9.0
C_k9_2od_x1.0,C,both,6,6,23,23,73,9.0
C_k9_2od_x1.0,C,both,6,7,23,23,79,9.0
C_k9_2od_x1.0,C,both,6,8,23,23,70,9.0
C_k9_2od_x1.0,C,both,6,9,23,23,69,9.0
C_k9_2od_x1.0,C,both,6,10,23,23,70,9.0
C_k9_2od_x1.0,C,both,6,11,23,23,71,9.0
C_k9_2od_x1.0,C,both,6,12,23,23,75,9.0
C_k9_2od_x1.0,C,both,6,13,23,23,75,9.0
C_k9_2od_x1.0,C,both,6,14,23,23,75,9.0
C_k9_2od_x1.0,C,both,6,15,23,23,70,9.0
C_k9_2od_x1.0,C,both,7,1,24,21,55,3.75
C_k9_2od_x1.0,C,both,7,2,23,23,77,9.0
C_k9_2od_x1.0,C,both,7,3,23,23,76,9.0
C_k9_2od_x1.0,C,both,7,4,23,23,76,9.0
C_k9_2od_x1.0,C,both,7,5,23,23,72,9.0
C_k9_2od_x1.0,C,both,7,6,23,23,74,9.0
C_k9_2od_x1.0,C,both,7,7,23,23,68,9.0
C_k9_2od_x1.0,C,both,7,8,23,23,71,9.0
C_k9_2od_x1.0,C,both,7,9,23,23,75,9.0
C_k9_2od_x1.0,C,both,7,10,23,23,75,9.0
C_k9_2od_x1.0,C,both,7,11,23,23,75,9.0
C_k9_2od_x1.0,C,both,7,12,23,23,75,9.0
C_k9_2od_x1.0,C,both,7,13,23,23,75,9.0
C_k9_2od_x1.0,C,both,7,14,23,23,67,9.0
C_k9_2od_x1.0,C,both,7,15,23,23,73,9.0
C_k9_2od_x1.0,C,both,8,1,24,23,60,4.375
C_k9_2od_x1.0,C,both,8,2,23,23,76,9.0
C_k9_2od_x1.0,C,both,8,3,23,23,78,9.0
C_k9_2od_x1.0,C,both,8,4,23,23,76,9.0
C_k9_2od_x1.0,C,both,8,5,23,23,73,9.0
C_k9_2od_x1.0,C,both,8,6,23,23,80,9.0
C_k9_2od_x1.0,C,both,8,7,23,23,78,9.0
C_k9_2od_x1.0,C,both,8,8,23,23,73,9.0
C_k9_2od_x1.0,C,both,8,9,23,23,76,9.0
C_k9_2od_x1.0,C,both,8,10,23,23,73,9.0
C_k9_2od_x1.0,C,both,8,11,23,23,70,9.0
C_k9_2od_x1.0,C,both,8,12,23,23,71,9.0
C_k9_2od_x1.0,C,both,8,13,23,23,68,9.0
C_k9_2od_x1.0,C,both,8,14,23,23,74,9.0
C_k9_2od_x1.0,C,both,8,15,23,23,65,9.0
C_k9_2od_x1.0,C,both,9,1,24,22,63,4.541666666666667
C_k9_2od_x1.0,C,both,9,2,23,23,78,9.0
C_k9_2od_x1.0,C,both,9,3,23,23,72,9.0
C_k9_2od_x1.0,C,both,9,4,23,23,73,9.0
C_k9_2od_x1.0,C,both,9,5,23,23,74,9.0
C_k9_2od_x1.0,C,both,9,6,23,23,74,9.0
C_k9_2od_x1.0,C,both,9,7,23,23,72,9.0
C_k9_2od_x1.0,C,both,9,8,23,23,69,9.0
C_k9_2od_x1.0,C,both,9,9,23,23,73,9.0
C_k9_2od_x1.0,C,both,9,10,23,23,78,9.0
C_k9_2od_x1.0,C,both,9,11,23,23,70,9.0
C_k9_2od_x1.0,C,both,9,12,23,23,73,9.0
C_k9_2od_x1.0,C,both,9,13,23,23,76,9.0
C_k9_2od_x1.0,C,both,9,14,23,23,70,9.0
C_k9_2od_x1.0,C,both,9,15,23,23,72,9.0
C_k9_2od_x1.0,C,init,0,1,24,24,64,4.958333333333333
C_k9_2od_x1.0,C,init,0,2,23,23,79,9.0
C_k9_2od_x1.0,C,init,0,3,23,23,75,9.0
C_k9_2od_x1.0,C,init,0,4,23,23,79,9.0
C_k9_2od_x1.0,C,init,0,5,23,23,79,9.0
C_k9_2od_x1.0,C,init,0,6,23,23,77,9.0
C_k9_2od_x1.0,C,init,0,7,23,23,77,9.0
C_k9_2od_x1.0,C,init,0,8,23,23,77,9.0
C_k9_2od_x1.0,C,init,0,9,23,23,84,9.0
C_k9_2od_x1.0,C,init,0,10,23,23,81,9.0
C_k9_2od_x1.0,C,init,0,11,23,23,84,9.0
C_k9_2od_x1.0,C,init,0,12,23,23,82,9.0
C_k9_2od_x1.0,C,init,0,13,23,23,84,9.0
C_k9_2od_x1.0,C,init,0,14,23,23,77,9.0
C_k9_2od_x1.0,C,init,0,15,23,23,81,9.0
C_k9_2od_x1.0,C,init,1,1,24,22,54,4.375
C_k9_2od_x1.0,C,init,1,2,23,23,82,9.0
C_k9_2od_x1.0,C,init,1,3,23,23,74,9.0
C_k9_2od_x1.0,C,init,1,4,23,23,78,9.0
C_k9_2od_x1.0,C,init,1,5,23,23,81,9.0
C_k9_2od_x1.0,C,init,1,6,23,23,77,9.0
C_k9_2od_x1.0,C,init,1,7,23,23,75,9.0
C_k9_2od_x1.0,C,init,1,8,23,23,83,9.0
C_k9_2od_x1.0,C,init,1,9,23,23,75,9.0
C_k9_2od_x1.0,C,init,1,10,23,23,80,9.0
C_k9_2od_x1.0,C,init,1,11,23,23,75,9.0
C_k9_2od_x1.0,C,init,1,12,23,23,79,9.0
C_k9_2od_x1.0,C,init,1,13,23,23,79,9.0
C_k9_2od_x1.0,C,init,1,14,23,23,81,9.0
C_k9_2od_x1.0,C,init,1,15,23,23,79,9.0
C_k9_2od_x1.0,C,init,2,1,24,21,67,4.416666666666667
C_k9_2od_x1.0,C,init,2,2,23,23,81,9.0
C_k9_2od_x1.0,C,init,2,3,23,23,78,9.0
C_k9_2od_x1.0,C,init,2,4,23,23,78,9.0
C_k9_2od_x1.0,C,init,2,5,23,23,77,9.0
C_k9_2od_x1.0,C,init,2,6,23,23,85,9.0
C_k9_2od_x1.0,C,init,2,7,23,23,78,9.0
C_k9_2od_x1.0,C,init,2,8,23,23,84,9.0
C_k9_2od_x1.0,C,init,2,9,23,23,82,9.0
C_k9_2od_x1.0,C,init,2,10,23,23,75,9.0
C_k9_2od_x1.0,C,init,2,11,23,23,75,9.0
C_k9_2od_x1.0,C,init,2,12,23,23,77,9.0
C_k9_2od_x1.0,C,init,2,13,23,23,83,9.0
C_k9_2od_x1.0,C,init,2,14,23,23,83,9.0
C_k9_2od_x1.0,C,init,2,15,23,23,77,9.0
C_k9_2od_x1.0,C,init,3,1,24,24,56,5.416666666666667
C_k9_2od_x1.0,C,init,3,2,23,23,82,9.0
C_k9_2od_x1.0,C,init,3,3,23,23,81,9.0
C_k9_2od_x1.0,C,init,3,4,23,23,81,9.0
C_k9_2od_x1.0,C,init,3,5,23,23,80,9.0
C_k9_2od_x1.0,C,init,3,6,23,23,78,9.0
C_k9_2od_x1.0,C,init,3,7,23,23,75,9.0
C_k9_2od_x1.0,C,init,3,8,23,23,79,9.0
C_k9_2od_x1.0,C,init,3,9,23,23,77,9.0
C_k9_2od_x1.0,C,init,3,10,23,23,76,9.0
C_k9_2od_x1.0,C,init,3,11,23,23,74,9.0
C_k9_2od_x1.0,C,init,3,12,23,23,77,9.0
C_k9_2od_x1.0,C,init,3,13,23,23,77,9.0
C_k9_2od_x1.0,C,init,3,14,23,23,85,9.0
C_k9_2od_x1.0,C,init,3,15,23,23,82,9.0
C_k9_2od_x1.0,C,init,4,1,24,22,50,3.5416666666666665
C_k9_2od_x1.0,C,init,4,2,23,23,77,9.0
C_k9_2od_x1.0,C,init,4,3,23,23,75,9.0
C_k9_2od_x1.0,C,init,4,4,23,23,74,9.0
C_k9_2od_x1.0,C,init,4,5,23,23,79,9.0
C_k9_2od_x1.0,C,init,4,6,23,23,78,9.0
C_k9_2od_x1.0,C,init,4,7,23,23,81,9.0
C_k9_2od_x1.0,C,init,4,8,23,23,80,9.0
C_k9_2od_x1.0,C,init,4,9,23,23,82,9.0
C_k9_2od_x1.0,C,init,4,10,23,23,75,9.0
C_k9_2od_x1.0,C,init,4,11,23,23,81,9.0
C_k9_2od_x1.0,C,init,4,12,23,23,78,9.0
C_k9_2od_x1.0,C,init,4,13,23,23,80,9.0
C_k9_2od_x1.0,C,init,4,14,23,23,75,9.0
C_k9_2od_x1.0,C,init,4,15,23,23,85,9.0
C_k9_2od_x1.0,C,init,5,1,24,22,56,4.25
C_k9_2od_x1.0,C,init,5,2,23,23,79,9.0
C_k9_2od_x1.0,C,init,5,3,23,23,81,9.0
C_k9_2od_x1.0,C,init,5,4,23,23,83,9.0
C_k9_2od_x1.0,C,init,5,5,23,23,79,9.0
C_k9_2od_x1.0,C,init,5,6,23,23,81,9.0
C_k9_2od_x1.0,C,init,5,7,23,23,79,9.0
C_k9_2od_x1.0,C,init,5,8,23,23,83,9.0
C_k9_2od_x1.0,C,init,5,9,23,23,75,9.0
C_k9_2od_x1.0,C,init,5,10,23,23,79,9.0
C_k9_2od_x1.0,C,init,5,11,23,23,72,9.0
C_k9_2od_x1.0,C,init,5,12,23,23,78,9.0
C_k9_2od_x1.0,C,init,5,13,23,23,77,9.0
C_k9_2od_x1.0,C,init,5,14,23,23,82,9.0
C_k9_2od_x1.0,C,init,5,15,23,23,81,9.0
C_k9_2od_x1.0,C,init,6,1,24,22,63,4.958333333333333
C_k9_2od_x1.0,C,init,6,2,23,23,84,9.0
C_k9_2od_x1.0,C,init,6,3,23,23,82,9.0
C_k9_2od_x1.0,C,init,6,4,23,23,78,9.0
C_k9_2od_x1.0,C,init,6,5,23,23,80,9.0
C_k9_2od_x1.0,C,init,6,6,23,23,78,9.0
C_k9_2od_x1.0,C,init,6,7,23,23,82,9.0
C_k9_2od_x1.0,C,init,6,8,23,23,74,9.0
C_k9_2od_x1.0,C,init,6,9,23,23,78,9.0
C_k9_2od_x1.0,C,init,6,10,23,23,74,9.0
C_k9_2od_x1.0,C,init,6,11,23,23,79,9.0
C_k9_2od_x1.0,C,init,6,12,23,23,78,9.0
C_k9_2od_x1.0,C,init,6,13,23,23,78,9.0
C_k9_2od_x1.0,C,init,6,14,23,23,82,9.0
C_k9_2od_x1.0,C,init,6,15,23,23,77,9.0
C_k9_2od_x1.0,C,init,7,1,24,21,55,3.75
C_k9_2od_x1.0,C,init,7,2,23,23,81,9.0
C_k9_2od_x1.0,C,init,7,3,23,23,79,9.0
C_k9_2od_x1.0,C,init,7,4,23,23,80,9.0
C_k9_2od_x1.0,C,init,7,5,23,23,83,9.0
C_k9_2od_x1.0,C,init,7,6,23,23,82,9.0
C_k9_2od_x1.0,C,init,7,7,23,23,79,9.0
C_k9_2od_x1.0,C,init,7,8,23,23,74,9.0
C_k9_2od_x1.0,C,init,7,9,23,23,76,9.0
C_k9_2od_x1.0,C,init,7,10,23,23,79,9.0
C_k9_2od_x1.0,C,init,7,11,23,23,79,9.0
C_k9_2od_x1.0,C,init,7,12,23,23,78,9.0
C_k9_2od_x1.0,C,init,7,13,23,23,77,9.0
C_k9_2od_x1.0,C,init,7,14,23,23,82,9.0
C_k9_2od_x1.0,C,init,7,15,23,23,78,9.0
C_k9_2od_x1.0,C,init,8,1,24,23,60,4.375
C_k9_2od_x1.0,C,init,8,2,23,23,85,9.0
C_k9_2od_x1.0,C,init,8,3,23,23,80,9.0
C_k9_2od_x1.0,C,init,8,4,23,23,81,9.0
C_k9_2od_x1.0,C,init,8,5,23,23,78,9.0
C_k9_2od_x1.0,C,init,8,6,23,23,82,9.0
C_k9_2od_x1.0,C,init,8,7,23,23,80,9.0
C_k9_2od_x1.0,C,init,8,8,23,23,81,9.0
C_k9_2od_x1.0,C,init,8,9,23,23,81,9.0
C_k9_2od_x1.0,C,init,8,10,23,23,84,9.0
C_k9_2od_x1.0,C,init,8,11,23,23,77,9.0
C_k9_2od_x1.0,C,init,8,12,23,23,77,9.0
C_k9_2od_x1.0,C,init,8,13,23,23,82,9.0
C_k9_2od_x1.0,C,init,8,14,23,23,78,9.0
C_k9_2od_x1.0,C,init,8,15,23,23,80,9.0
C_k9_2od_x1.0,C,init,9,1,24,22,63,4.541666666666667
C_k9_2od_x1.0,C,init,9,2,23,23,83,9.0
C_k9_2od_x1.0,C,init,9,3,23,23,78,9.0
C_k9_2od_x1.0,C,init,9,4,23,23,74,9.0
C_k9_2od_x1.0,C,init,9,5,23,23,80,9.0
C_k9_2od_x1.0,C,init,9,6,23,23,82,9.0
C_k9_2od_x1.0,C,init,9,7,23,23,77,9.0
C_k9_2od_x1.0,C,init,9,8,23,23,77,9.0
C_k9_2od_x1.0,C,init,9,9,23,23,79,9.0
C_k9_2od_x1.0,C,init,9,10,23,23,80,9.0
C_k9_2od_x1.0,C,init,9,11,23,23,80,9.0
C_k9_2od_x1.0,C,init,9,12,23,23,81,9.0
C_k9_2od_x1.0,C,init,9,13,23,23,75,9.0
C_k9_2od_x1.0,C,init,9,14,23,23,77,9.0
C_k9_2od_x1.0,C,init,9,15,23,23,75,9.0
C_k9_2od_x1.0,C,mutation,0,1,24,24,75,5.708333333333333
C_k9_2od_x1.0,C,mutation,0,2,23,23,80,9.0
C_k9_2od_x1.0,C,mutation,0,3,23,23,75,9.0
C_k9_2od_x1.0,C,mutation,0,4,23,23,78,9.0
C_k9_2od_x1.0,C,mutation,0,5,23,23,78,9.0
C_k9_2od_x1.0,C,mutation,0,6,23,23,71,9.0
C_k9_2od_x1.0,C,mutation,0,7,23,23,76,9.0
C_k9_2od_x1.0,C,mutation,0,8,23,23,71,9.0
C_k9_2od_x1.0,C,mutation,0,9,23,23,68,9.0
C_k9_2od_x1.0,C,mutation,0,10,23,23,77,9.0
C_k9_2od_x1.0,C,mutation,0,11,23,23,77,9.0
C_k9_2od_x1.0,C,mutation,0,12,23,23,74,9.0
C_k9_2od_x1.0,C,mutation,0,13,23,23,75,9.0
C_k9_2od_x1.0,C,mutation,0,14,23,23,73,9.0
C_k9_2od_x1.0,C,mutation,0,15,23,23,79,9.0
C_k9_2od_x1.0,C,mutation,1,1,24,24,69,4.375
C_k9_2od_x1.0,C,mutation,1,2,23,23,77,9.0
C_k9_2od_x1.0,C,mutation,1,3,23,23,74,9.0
C_k9_2od_x1.0,C,mutation,1,4,23,23,80,9.0
C_k9_2od_x1.0,C,mutation,1,5,23,23,71,9.0
C_k9_2od_x1.0,C,mutation,1,6,23,23,73,9.0
C_k9_2od_x1.0,C,mutation,1,7,23,23,69,9.0
C_k9_2od_x1.0,C,mutation,1,8,23,23,72,9.0
C_k9_2od_x1.0,C,mutation,1,9,23,23,72,9.0
C_k9_2od_x1.0,C,mutation,1,10,23,23,77,9.0
C_k9_2od_x1.0,C,mutation,1,11,23,23,74,9.0
C_k9_2od_x1.0,C,mutation,1,12,23,23,72,9.0
C_k9_2od_x1.0,C,mutation,1,13,23,23,74,9.0
C_k9_2od_x1.0,C,mutation,1,14,23,23,72,9.0
C_k9_2od_x1.0,C,mutation,1,15,23,23,70,9.0
C_k9_2od_x1.0,C,mutation,2,1,24,24,75,5.291666666666667
C_k9_2od_x1.0,C,mutation,2,2,23,23,75,9.0
C_k9_2od_x1.0,C,mutation,2,3,23,23,76,9.0
C_k9_2od_x1.0,C,mutation,2,4,23,23,74,9.0
C_k9_2od_x1.0,C,mutation,2,5,23,23,73,9.0
C_k9_2od_x1.0,C,mutation,2,6,23,23,79,9.0
C_k9_2od_x1.0,C,mutation,2,7,23,23,73,9.0
C_k9_2od_x1.0,C,mutation,2,8,23,23,73,9.0
C_k9_2od_x1.0,C,mutation,2,9,23,23,71,9.0
C_k9_2od_x1.0,C,mutation,2,10,23,23,72,9.0
C_k9_2od_x1.0,C,mutation,2,11,23,23,72,9.0
C_k9_2od_x1.0,C,mutation,2,12,23,23,76,9.0
C_k9_2od_x1.0,C,mutation,2,13,23,23,79,9.0
C_k9_2od_x1.0,C,mutation,2,14,23,23,72,9.0
C_k9_2od_x1.0,C,mutation,2,15,23,23,66,9.0
C_k9_2od_x1.0,C,mutation,3,1,24,24,62,4.25
C_k9_2od_x1.0,C,mutation,3,2,23,23,75,9.0
C_k9_2od_x1.0,C,mutation,3,3,23,23,72,9.0
C_k9_2od_x1.0,C,mutation,3,4,23,23,73,9.0
C_k9_2od_x1.0,C,mutation,3,5,23,23,76,9.0
C_k9_2od_x1.0,C,mutation,3,6,23,23,74,9.0
C_k9_2od_x1.0,C,mutation,3,7,23,23,71,9.0
C_k9_2od_x1.0,C,mutation,3,8,23,23,71,9.0
C_k9_2od_x1.0,C,mutation,3,9,23,23,74,9.0
C_k9_2od_x1.0,C,mutation,3,10,23,23,72,9.0
C_k9_2od_x1.0,C,mutation,3,11,23,23,76,9.0
C_k9_2od_x1.0,C,mutation,3,12,23,23,76,9.0
C_k9_2od_x1.0,C,mutation,3,13,23,23,70,9.0
C_k9_2od_x1.0,C,mutation,3,14,23,23,81,9.0
C_k9_2od_x1.0,C,mutation,3,15,23,23,69,9.0
C_k9_2od_x1.0,C,mutation,4,1,24,24,66,4.083333333333333
C_k9_2od_x1.0,C,mutation,4,2,23,23,76,9.0
C_k9_2od_x1.0,C,mutation,4,3,23,23,73,9.0
C_k9_2od_x1.0,C,mutation,4,4,23,23,76,9.0
C_k9_2od_x1.0,C,mutation,4,5,23,23,74,9.0
C_k9_2od_x1.0,C,mutation,4,6,23,23,74,9.0
C_k9_2od_x1.0,C,mutation,4,7,23,23,72,9.0
C_k9_2od_x1.0,C,mutation,4,8,23,23,77,9.0
C_k9_2od_x1.0,C,mutation,4,9,23,23,70,9.0
C_k9_2od_x1.0,C,mutation,4,10,23,23,71,9.0
C_k9_2od_x1.0,C,mutation,4,11,23,23,73,9.0
C_k9_2od_x1.0,C,mutation,4,12,23,23,73,9.0
C_k9_2od_x1.0,C,mutation,4,13,23,23,71,9.0
C_k9_2od_x1.0,C,mutation,4,14,23,23,72,9.0
C_k9_2od_x1.0,C,mutation,4,15,23,23,69,9.0
C_k9_2od_x1.0,C,mutation,5,1,24,24,67,4.625
C_k9_2od_x1.0,C,mutation,5,2,23,23,75,9.0
C_k9_2od_x1.0,C,mutation,5,3,23,23,72,9.0
C_k9_2od_x1.0,C,mutation,5,4,23,23,76,9.0
C_k9_2od_x1.0,C,mutation,5,5,23,23,71,9.0
C_k9_2od_x1.0,C,mutation,5,6,23,23,73,9.0
C_k9_2od_x1.0,C,mutation,5,7,23,23,72,9.0
C_k9_2od_x1.0,C,mutation,5,8,23,23,75,9.0
C_k9_2od_x1.0,C,mutation,5,9,23,23,79,9.0
C_k9_2od_x1.0,C,mutation,5,10,23,23,73,9.0
C_k9_2od_x1.0,C,mutation,5,11,23,23,74,9.0
C_k9_2od_x1.0,C,mutation,5,12,23,23,68,9.0
C_k9_2od_x1.0,C,mutation,5,13,23,23,74,9.0
C_k9_2od_x1.0,C,mutation,5,14,23,23,72,9.0
C_k9_2od_x1.0,C,mutation,5,15,23,23,75,9.0
C_k9_2od_x1.0,C,mutation,6,1,24,24,73,5.166666666666667
C_k9_2od_x1.0,C,mutation,6,2,23,23,80,9.0
C_k9_2od_x1.0,C,mutation,6,3,23,23,70,9.0
C_k9_2od_x1.0,C,mutation,6,4,23,23,79,9.0
C_k9_2od_x1.0,C,mutation,6,5,23,23,73,9.0
C_k9_2od_x1.0,C,mutation,6,6,23,23,77,9.0
C_k9_2od_x1.0,C,mutation,6,7,23,23,74,9.0
C_k9_2od_x1.0,C,mutation,6,8,23,23,76,9.0
C_k9_2od_x1.0,C,mutation,6,9,23,23,65,9.0
C_k9_2od_x1.0,C,mutation,6,10,23,23,76,9.0
C_k9_2od_x1.0,C,mutation,6,11,23,23,70,9.0
C_k9_2od_x1.0,C,mutation,6,12,23,23,73,9.0
C_k9_2od_x1.0,C,mutation,6,13,23,23,73,9.0
C_k9_2od_x1.0,C,mutation,6,14,23,23,76,9.0
C_k9_2od_x1.0,C,mutation,6,15,23,23,72,9.0
C_k9_2od_x1.0,C,mutation,7,1,24,24,79,5.333333333333333
C_k9_2od_x1.0,C,mutation,7,2,23,23,76,9.0
C_k9_2od_x1.0,C,mutation,7,3,23,23,73,9.0
C_k9_2od_x1.0,C,mutation,7,4,23,23,73,9.0
C_k9_2od_x1.0,C,mutation,7,5,23,23,68,9.0
C_k9_2od_x1.0,C,mutation,7,6,23,23,72,9.0
C_k9_2od_x1.0,C,mutation,7,7,23,23,77,9.0
C_k9_2od_x1.0,C,mutation,7,8,23,23,74,9.0
C_k9_2od_x1.0,C,mutation,7,9,23,23,70,9.0
C_k9_2od_x1.0,C,mutation,7,10,23,23,75,9.0
C_k9_2od_x1.0,C,mutation,7,11,23,23,69,9.0
C_k9_2od_x1.0,C,mutation,7,12,23,23,69,9.0
C_k9_2od_x1.0,C,mutation,7,13,23,23,73,9.0
C_k9_2od_x1.0,C,mutation,7,14,23,23,74,9.0
C_k9_2od_x1.0,C,mutation,7,15,23,23,70,9.0
C_k9_2od_x1.0,C,mutation,8,1,24,24,64,4.416666666666667
C_k9_2od_x1.0,C,mutation,8,2,23,23,79,9.0
C_k9_2od_x1.0,C,mutation,8,3,23,23,76,9.0
C_k9_2od_x1.0,C,mutation,8,4,23,23,78,9.0
C_k9_2od_x1.0,C,mutation,8,5,23,23,73,9.0
C_k9_2od_x1.0,C,mutation,8,6,23,23,74,9.0
C_k9_2od_x1.0,C,mutation,8,7,23,23,74,9.0
C_k9_2od_x1.0,C,mutation,8,8,23,23,72,9.0
C_k9_2od_x1.0,C,mutation,8,9,23,23,75,9.0
C_k9_2od_x1.0,C,mutation,8,10,23,23,74,9.0
C_k9_2od_x1.0,C,mutation,8,11,23,23,68,9.0
C_k9_2od_x1.0,C,mutation,8,12,23,23,73,9.0
C_k9_2od_x1.0,C,mutation,8,13,23,23,69,9.0
C_k9_2od_x1.0,C,mutation,8,14,23,23,68,9.0
C_k9_2od_x1.0,C,mutation,8,15,23,23,76,9.0
C_k9_2od_x1.0,C,mutation,9,1,24,24,69,5.041666666666667
C_k9_2od_x1.0,C,mutation,9,2,23,23,79,9.0
C_k9_2od_x1.0,C,mutation,9,3,23,23,79,9.0
C_k9_2od_x1.0,C,mutation,9,4,23,23,74,9.0
C_k9_2od_x1.0,C,mutation,9,5,23,23,73,9.0
C_k9_2od_x1.0,C,mutation,9,6,23,23,74,9.0
C_k9_2od_x1.0,C,mutation,9,7,23,23,75,9.0
C_k9_2od_x1.0,C,mutation,9,8,23,23,72,9.0
C_k9_2od_x1.0,C,mutation,9,9,23,23,76,9.0
C_k9_2od_x1.0,C,mutation,9,10,23,23,74,9.0
C_k9_2od_x1.0,C,mutation,9,11,23,23,67,9.0
C_k9_2od_x1.0,C,mutation,9,12,23,23,70,9.0
C_k9_2od_x1.0,C,mutation,9,13,23,23,69,9.0
C_k9_2od_x1.0,C,mutation,9,14,23,23,71,9.0
C_k9_2od_x1.0,C,mutation,9,15,23,23,69,9.0
C_k9_2od_x1.0,C,none,0,1,24,24,75,5.708333333333333
C_k9_2od_x1.0,C,none,0,2,23,23,87,9.0
C_k9_2od_x1.0,C,none,0,3,23,23,81,9.0
C_k9_2od_x1.0,C,none,0,4,23,23,80,9.0
C_k9_2od_x1.0,C,none,0,5,23,23,80,9.0
C_k9_2od_x1.0,C,none,0,6,23,23,77,9.0
C_k9_2od_x1.0,C,none,0,7,23,23,79,9.0
C_k9_2od_x1.0,C,none,0,8,23,23,78,9.0
C_k9_2od_x1.0,C,none,0,9,23,23,78,9.0
C_k9_2od_x1.0,C,none,0,10,23,23,79,9.0
C_k9_2od_x1.0,C,none,0,11,23,23,84,9.0
C_k9_2od_x1.0,C,none,0,12,23,23,85,9.0
C_k9_2od_x1.0,C,none,0,13,23,23,83,9.0
C_k9_2od_x1.0,C,none,0,14,23,23,82,9.0
C_k9_2od_x1.0,C,none,0,15,23,23,81,9.0
C_k9_2od_x1.0,C,none,1,1,24,24,69,4.375
C_k9_2od_x1.0,C,none,1,2,23,23,81,9.0
C_k9_2od_x1.0,C,none,1,3,23,23,73,9.0
C_k9_2od_x1.0,C,none,1,4,23,23,76,9.0
C_k9_2od_x1.0,C,none,1,5,23,23,78,9.0
C_k9_2od_x1.0,C,none,1,6,23,23,84,9.0
C_k9_2od_x1.0,C,none,1,7,23,23,84,9.0
C_k9_2od_x1.0,C,none,1,8,23,23,83,9.0
C_k9_2od_x1.0,C,none,1,9,23,23,79,9.0
C_k9_2od_x1.0,C,none,1,10,23,23,81,9.0
C_k9_2od_x1.0,C,none,1,11,23,23,77,9.0
C_k9_2od_x1.0,C,none,1,12,23,23,77,9.0
C_k9_2od_x1.0,C,none,1,13,23,23,77,9.0
C_k9_2od_x1.0,C,none,1,14,23,23,84,9.0
C_k9_2od_x1.0,C,none,1,15,23,23,78,9.0
C_k9_2od_x1.0,C,none,2,1,24,24,75,5.291666666666667
C_k9_2od_x1.0,C,none,2,2,23,23,80,9.0
C_k9_2od_x1.0,C,none,2,3,23,23,79,9.0
C_k9_2od_x1.0,C,none,2,4,23,23,81,9.0
C_k9_2od_x1.0,C,none,2,5,23,23,79,9.0
C_k9_2od_x1.0,C,none,2,6,23,23,73,9.0
C_k9_2od_x1.0,C,none,2,7,23,23,79,9.0
C_k9_2od_x1.0,C,none,2,8,23,23,78,9.0
C_k9_2od_x1.0,C,none,2,9,23,23,77,9.0
C_k9_2od_x1.0,C,none,2,10,23,23,78,9.0
C_k9_2od_x1.0,C,none,2,11,23,23,83,9.0
C_k9_2od_x1.0,C,none,2,12,23,23,76,9.0
C_k9_2od_x1.0,C,none,2,13,23,23,78,9.0
C_k9_2od_x1.0,C,none,2,14,23,23,76,9.0
C_k9_2od_x1.0,C,none,2,15,23,23,79,9.0
C_k9_2od_x1.0,C,none,3,1,24,24,62,4.25
C_k9_2od_x1.0,C,none,3,2,23,23,84,9.0
C_k9_2od_x1.0,C,none,3,3,23,23,81,9.0
C_k9_2od_x1.0,C,none,3,4,23,23,80,9.0
C_k9_2od_x1.0,C,none,3,5,23,23,84,9.0
C_k9_2od_x1.0,C,none,3,6,23,23,78,9.0
C_k9_2od_x1.0,C,none,3,7,23,23,76,9.0
C_k9_2od_x1.0,C,none,3,8,23,23,79,9.0
C_k9_2od_x1.0,C,none,3,9,23,23,80,9.0
C_k9_2od_x1.0,C,none,3,10,23,23,71,9.0
C_k9_2od_x1.0,C,none,3,11,23,23,81,9.0
C_k9_2od_x1.0,C,none,3,12,23,23,81,9.0
C_k9_2od_x1.0,C,none,3,13,23,23,75,9.0
C_k9_2od_x1.0,C,none,3,14,23,23,76,9.0
C_k9_2od_x1.0,C,none,3,15,23,23,78,9.0
C_k9_2od_x1.0,C,none,4,1,24,24,66,4.083333333333333
C_k9_2od_x1.0,C,none,4,2,23,23,85,9.0
C_k9_2od_x1.0,C,none,4,3,23,23,80,9.0
C_k9_2od_x1.0,C,none,4,4,23,23,76,9.0
C_k9_2od_x1.0,C,none,4,5,23,23,76,9.0
C_k9_2od_x1.0,C,none,4,6,23,23,77,9.0
C_k9_2od_x1.0,C,none,4,7,23,23,81,9.0
C_k9_2od_x1.0,C,none,4,8,23,23,72,9.0
C_k9_2od_x1.0,C,none,4,9,23,23,78,9.0
C_k9_2od_x1.0,C,none,4,10,23,23,76,9.0
C_k9_2od_x1.0,C,none,4,11,23,23,75,9.0
C_k9_2od_x1.0,C,none,4,12,23,23,74,9.0
C_k9_2od_x1.0,C,none,4,13,23,23,80,9.0
C_k9_2od_x1.0,C,none,4,14,23,23,80,9.0
C_k9_2od_x1.0,C,none,4,15,23,23,86,9.0
C_k9_2od_x1.0,C,none,5,1,24,24,67,4.625
C_k9_2od_x1.0,C,none,5,2,23,23,82,9.0
C_k9_2od_x1.0,C,none,5,3,23,23,80,9.0
C_k9_2od_x1.0,C,none,5,4,23,23,82,9.0
C_k9_2od_x1.0,C,none,5,5,23,23,79,9.0
C_k9_2od_x1.0,C,none,5,6,23,23,77,9.0
C_k9_2od_x1.0,C,none,5,7,23,23,80,9.0
C_k9_2od_x1.0,C,none,5,8,23,23,80,9.0
C_k9_2od_x1.0,C,none,5,9,23,23,81,9.0
C_k9_2od_x1.0,C,none,5,10,23,23,80,9.0
C_k9_2od_x1.0,C,none,5,11,23,23,78,9.0
C_k9_2od_x1.0,C,none,5,12,23,23,79,9.0
C_k9_2od_x1.0,C,none,5,13,23,23,79,9.0
C_k9_2od_x1.0,C,none,5,14,23,23,81,9.0
C_k9_2od_x1.0,C,none,5,15,23,23,80,9.0
C_k9_2od_x1.0,C,none,6,1,24,24,73,5.166666666666667
C_k9_2od_x1.0,C,none,6,2,23,23,81,9.0
C_k9_2od_x1.0,C,none,6,3,23,23,72,9.0
C_k9_2od_x1.0,C,none,6,4,23,23,77,9.0
C_k9_2od_x1.0,C,none,6,5,23,23,82,9.0
C_k9_2od_x1.0,C,none,6,6,23,23,76,9.0
C_k9_2od_x1.0,C,none,6,7,23,23,80,9.0
C_k9_2od_x1.0,C,none,6,8,23,23,82,9.0
C_k9_2od_x1.0,C,none,6,9,23,23,80,9.0
C_k9_2od_x1.0,C,none,6,10,23,23,75,9.0
C_k9_2od_x1.0,C,none,6,11,23,23,79,9.0
C_k9_2od_x1.0,C,none,6,12,23,23,79,9.0
C_k9_2od_x1.0,C,none,6,13,23,23,79,9.0
C_k9_2od_x1.0,C,none,6,14,23,23,79,9.0
C_k9_2od_x1.0,C,none,6,15,23,23,86,9.0
C_k9_2od_x1.0,C,none,7,1,24,24,79,5.333333333333333
C_k9_2od_x1.0,C,none,7,2,23,23,85,9.0
C_k9_2od_x1.0,C,none,7,3,23,23,74,9.0
C_k9_2od_x1.0,C,none,7,4,23,23,83,9.0
C_k9_2od_x1.0,C,none,7,5,23,23,76,9.0
C_k9_2od_x1.0,C,none,7,6,23,23,79,9.0
C_k9_2od_x1.0,C,none,7,7,23,23,75,9.0
C_k9_2od_x1.0,C,none,7,8,23,23,83,9.0
C_k9_2od_x1.0,C,none,7,9,23,23,78,9.0
C_k9_2od_x1.0,C,none,7,10,23,23,84,9.0
C_k9_2od_x1.0,C,none,7,11,23,23,80,9.0
C_k9_2od_x1.0,C,none,7,12,23,23,77,9.0
C_k9_2od_x1.0,C,none,7,13,23,23,77,9.0
C_k9_2od_x1.0,C,none,7,14,23,23,83,9.0
C_k9_2od_x1.0,C,none,7,15,23,23,81,9.0
C_k9_2od_x1.0,C,none,8,1,24,24,64,4.416666666666667
C_k9_2od_x1.0,C,none,8,2,23,23,79,9.0
C_k9_2od_x1.0,C,none,8,3,23,23,78,9.0
C_k9_2od_x1.0,C,none,8,4,23,23,81,9.0
C_k9_2od_x1.0,C,none,8,5,23,23,84,9.0
C_k9_2od_x1.0,C,none,8,6,23,23,77,9.0
C_k9_2od_x1.0,C,none,8,7,23,23,78,9.0
C_k9_2od_x1.0,C,none,8,8,23,23,81,9.0
C_k9_2od_x1.0,C,none,8,9,23,23,75,9.0
C_k9_2od_x1.0,C,none,8,10,23,23,81,9.0
C_k9_2od_x1.0,C,none,8,11,23,23,78,9.0
C_k9_2od_x1.0,C,none,8,12,23,23,80,9.0
C_k9_2od_x1.0,C,none,8,13,23,23,84,9.0
C_k9_2od_x1.0,C,none,8,14,23,23,88,9.0
C_k9_2od_x1.0,C,none,8,15,23,23,81,9.0
C_k9_2od_x1.0,C,none,9,1,24,24,69,5.041666666666667
C_k9_2od_x1.0,C,none,9,2,23,23,86,9.0
C_k9_2od_x1.0,C,none,9,3,23,23,82,9.0
C_k9_2od_x1.0,C,none,9,4,23,23,78,9.0
C_k9_2od_x1.0,C,none,9,5,23,23,85,9.0
C_k9_2od_x1.0,C,none,9,6,23,23,74,9.0
C_k9_2od_x1.0,C,none,9,7,23,23,76,9.0
C_k9_2od_x1.0,C,none,9,8,23,23,75,9.0
C_k9_2od_x1.0,C,none,9,9,23,23,78,9.0
C_k9_2od_x1.0,C,none,9,10,23,23,77,9.0
C_k9_2od_x1.0,C,none,9,11,23,23,73,9.0
C_k9_2od_x1.0,C,none,9,12,23,23,75,9.0
C_k9_2od_x1.0,C,none,9,13,23,23,82,9.0
C_k9_2od_x1.0,C,none,9,14,23,23,78,9.0
C_k9_2od_x1.0,C,none,9,15,23,23,79,9.0
C_k9_2od_x1.2,C,both,0,1,24,24,66,4.958333333333333
C_k9_2od_x1.2,C,both,0,2,23,23,79,9.0
C_k9_2od_x1.2,C,both,0,3,23,23,77,9.0
C_k9_2od_x1.2,C,both,0,4,23,23,76,9.0
C_k9_2od_x1.2,C,both,0,5,23,23,79,9.0
C_k9_2od_x1.2,C,both,0,6,23,23,76,9.0
C_k9_2od_x1.2,C,both,0,7,23,23,72,9.0
C_k9_2od_x1.2,C,both,0,8,23,23,74,9.0
C_k9_2od_x1.2,C,both,0,9,23,23,76,9.0
C_k9_2od_x1.2,C,both,0,10,23,23,81,9.0
C_k9_2od_x1.2,C,both,0,11,23,23,75,9.0
C_k9_2od_x1.2,C,both,0,12,23,23,69,9.0
C_k9_2od_x1.2,C,both,0,13,23,23,73,9.0
C_k9_2od_x1.2,C,both,0,14,23,23,74,9.0
C_k9_2od_x1.2,C,both,0,15,23,23,70,9.0
C_k9_2od_x1.2,C,both,1,1,24,22,58,4.375
C_k9_2od_x1.2,C,both,1,2,23,23,78,9.0
C_k9_2od_x1.2,C,both,1,3,23,23,75,9.0
C_k9_2od_x1.2,C,both,1,4,23,23,75,9.0
C_k9_2od_x1.2,C,both,1,5,23,23,71,9.0
C_k9_2od_x1.2,C,both,1,6,23,23,77,9.0
C_k9_2od_x1.2,C,both,1,7,23,23,77,9.0
C_k9_2od_x1.2,C,both,1,8,23,23,69,9.0
C_k9_2od_x1.2,C,both,1,9,23,23,76,9.0
C_k9_2od_x1.2,C,both,1,10,23,23,84,9.0
C_k9_2od_x1.2,C,both,1,11,23,23,73,9.0
C_k9_2od_x1.2,C,both,1,12,23,23,76,9.0
C_k9_2od_x1.2,C,both,1,13,23,23,73,9.0
C_k9_2od_x1.2,C,both,1,14,23,23,74,9.0
C_k9_2od_x1.2,C,both,1,15,23,23,72,9.0
C_k9_2od_x1.2,C,both,2,1,24,21,64,4.416666666666667
C_k9_2od_x1.2,C,both,2,2,23,23,79,9.0
C_k9_2od_x1.2,C,both,2,3,23,23,75,9.0
C_k9_2od_x1.2,C,both,2,4,23,23,69,9.0
C_k9_2od_x1.2,C,both,2,5,23,23,74,9.0
C_k9_2od_x1.2,C,both,2,6,23,23,75,9.0
C_k9_2od_x1.2,C,both,2,7,23,23,70,9.0
C_k9_2od_x1.2,C,both,2,8,23,23,70,9.0
C_k9_2od_x1.2,C,both,2,9,23,23,76,9.0
C_k9_2od_x1.2,C,both,2,10,23,23,74,9.0
C_k9_2od_x1.2,C,both,2,11,23,23,75,9.0
C_k9_2od_x1.2,C,both,2,12,23,23,72,9.0
C_k9_2od_x1.2,C,both,2,13,23,23,76,9.0
C_k9_2od_x1.2,C,both,2,14,23,23,72,9.0
C_k9_2od_x1.2,C,both,2,15,23,23,78,9.0
C_k9_2od_x1.2,C,both,3,1,24,24,63,5.416666666666667
C_k9_2od_x1.2,C,both,3,2,23,23,77,9.0
C_k9_2od_x1.2,C,both,3,3,23,23,74,9.0
C_k9_2od_x1.2,C,both,3,4,23,23,70,9.0
C_k9_2od_x1.2,C,both,3,5,23,23,77,9.0
C_k9_2od_x1.2,C,both,3,6,23,23,77,9.0
C_k9_2od_x1.2,C,both,3,7,23,23,70,9.0
C_k9_2od_x1.2,C,both,3,8,23,23,72,9.0
C_k9_2od_x1.2,C,both,3,9,23,23,73,9.0
C_k9_2od_x1.2,C,both,3,10,23,23,72,9.0
C_k9_2od_x1.2,C,both,3,11,23,23,76,9.0
C_k9_2od_x1.2,C,both,3,12,23,23,77,9.0
C_k9_2od_x1.2,C,both,3,13,23,23,75,9.0
C_k9_2od_x1.2,C,both,3,14,23,23,71,9.0
C_k9_2od_x1.2,C,both,3,15,23,23,74,9.0
C_k9_2od_x1.2,C,both,4,1,24,22,55,3.5416666666666665
C_k9_2od_x1.2,C,both,4,2,23,23,79,9.0
C_k9_2od_x1.2,C,both,4,3,23,23,78,9.0
C_k9_2od_x1.2,C,both,4,4,23,23,74,9.0
C_k9_2od_x1.2,C,both,4,5,23,23,74,9.0
C_k9_2od_x1.2,C,both,4,6,23,23,75,9.0
C_k9_2od_x1.2,C,both,4,7,23,23,74,9.0
C_k9_2od_x1.2,C,both,4,8,23,23,77,9.0
C_k9_2od_x1.2,C,both,4,9,23,23,75,9.0
C_k9_2od_x1.2,C,both,4,10,23,23,77,9.0
C_k9_2od_x1.2,C,both,4,11,23,23,75,9.0
C_k9_2od_x1.2,C,both,4,12,23,23,68,9.0
C_k9_2od_x1.2,C,both,4,13,23,23,74,9.0
C_k9_2od_x1.2,C,both,4,14,23,23,72,9.0
C_k9_2od_x1.2,C,both,4,15,23,23,75,9.0
C_k9_2od_x1.2,C,both,5,1,24,22,60,4.25
C_k9_2od_x1.2,C,both,5,2,23,23,77,9.0
C_k9_2od_x1.2,C,both,5,3,23,23,68,9.0
C_k9_2od_x1.2,C,both,5,4,23,23,77,9.0
C_k9_2od_x1.2,C,both,5,5,23,23,77,9.0
C_k9_2od_x1.2,C,both,5,6,23,23,72,9.0
C_k9_2od_x1.2,C,both,5,7,23,23,71,9.0
C_k9_2od_x1.2,C,both,5,8,23,23,67,9.0
C_k9_2od_x1.2,C,both,5,9,23,23,80,9.0
C_k9_2od_x1.2,C,both,5,10,23,23,80,9.0
C_k9_2od_x1.2,C,both,5,11,23,23,75,9.0
C_k9_2od_x1.2,C,both,5,12,23,23,74,9.0
C_k9_2od_x1.2,C,both,5,13,23,23,72,9.0
C_k9_2od_x1.2,C,both,5,14,23,23,76,9.0
C_k9_2od_x1.2,C,both,5,15,23,23,75,9.0
C_k9_2od_x1.2,C,both,6,1,24,22,70,4.958333333333333
C_k9_2od_x1.2,C,both,6,2,23,23,75,9.0
C_k9_2od_x1.2,C,both,6,3,23,23,77,9.0
C_k9_2od_x1.2,C,both,6,4,23,23,69,9.0
C_k9_2od_x1.2,C,both,6,5,23,23,73,9.0
C_k9_2od_x1.2,C,both,6,6,23,23,74,9.0
C_k9_2od_x1.2,C,both,6,7,23,23,73,9.0
C_k9_2od_x1.2,C,both,6,8,23,23,78,9.0
C_k9_2od_x1.2,C,both,6,9,23,23,80,9.0
C_k9_2od_x1.2,C,both,6,10,23,23,72,9.0
C_k9_2od_x1.2,C,both,6,11,23,23,75,9.0
C_k9_2od_x1.2,C,both,6,12,23,23,73,9.0
C_k9_2od_x1.2,C,both,6,13,23,23,74,9.0
C_k9_2od_x1.2,C,both,6,14,23,23,72,9.0
C_k9_2od_x1.2,C,both,6,15,23,23,70,9.0
C_k9_2od_x1.2,C,both,7,1,24,21,61,3.75
C_k9_2od_x1.2,C,both,7,2,23,23,80,9.0
C_k9_2od_x1.2,C,both,7,3,23,23,76,9.0
C_k9_2od_x1.2,C,both,7,4,23,23,79,9.0
C_k9_2od_x1.2,C,both,7,5,23,23,79,9.0
C_k9_2od_x1.2,C,both,7,6,23,23,77,9.0
C_k9_2od_x1.2,C,both,7,7,23,23,82,9.0
C_k9_2od_x1.2,C,both,7,8,23,23,79,9.0
C_k9_2od_x1.2,C,both,7,9,23,23,71,9.0
C_k9_2od_x1.2,C,both,7,10,23,23,73,9.0
C_k9_2od_x1.2,C,both,7,11,23,23,76,9.0
C_k9_2od_x1.2,C,both,7,12,23,23,71,9.0
C_k9_2od_x1.2,C,both,7,13,23,23,78,9.0
C_k9_2od_x1.2,C,both,7,14,23,23,71,9.0
C_k9_2od_x1.2,C,both,7,15,23,23,71,9.0
C_k9_2od_x1.2,C,both,8,1,24,23,57,4.375
C_k9_2od_x1.2,C,both,8,2,23,23,75,9.0
C_k9_2od_x1.2,C,both,8,3,23,23,74,9.0
C_k9_2od_x1.2,C,both,8,4,23,23,77,9.0
C_k9_2od_x1.2,C,both,8,5,23,23,75,9.0
C_k9_2od_x1.2,C,both,8,6,23,23,74,9.0
C_k9_2od_x1.2,C,both,8,7,23,23,72,9.0
C_k9_2od_x1.2,C,both,8,8,23,23,72,9.0
C_k9_2od_x1.2,C,both,8,9,23,23,72,9.0
C_k9_2od_x1.2,C,both,8,10,23,23,77,9.0
C_k9_2od_x1.2,C,both,8,11,23,23,76,9.0
C_k9_2od_x1.2,C,both,8,12,23,23,76,9.0
C_k9_2od_x1.2,C,both,8,13,23,23,75,9.0
C_k9_2od_x1.2,C,both,8,14,23,23,73,9.0
C_k9_2od_x1.2,C,both,8,15,23,23,75,9.0
C_k9_2od_x1.2,C,both,9,1,24,22,62,4.541666666666667
C_k9_2od_x1.2,C,both,9,2,23,23,71,9.0
C_k9_2od_x1.2,C,both,9,3,23,23,82,9.0
C_k9_2od_x1.2,C,both,9,4,23,23,73,9.0
C_k9_2od_x1.2,C,both,9,5,23,23,75,9.0
C_k9_2od_x1.2,C,both,9,6,23,23,74,9.0
C_k9_2od_x1.2,C,both,9,7,23,23,77,9.0
C_k9_2od_x1.2,C,both,9,8,23,23,72,9.0
C_k9_2od_x1.2,C,both,9,9,23,23,73,9.0
C_k9_2od_x1.2,C,both,9,10,23,23,75,9.0
C_k9_2od_x1.2,C,both,9,11,23,23,77,9.0
C_k9_2od_x1.2,C,both,9,12,23,23,76,9.0
C_k9_2od_x1.2,C,both,9,13,23,23,75,9.0
C_k9_2od_x1.2,C,both,9,14,23,23,77,9.0
C_k9_2od_x1.2,C,both,9,15,23,23,80,9.0
C_k9_2od_x1.2,C,init,0,1,24,24,66,4.958333333333333
C_k9_2od_x1.2,C,init,0,2,23,23,85,9.0
C_k9_2od_x1.2,C,init,0,3,23,23,78,9.0
C_k9_2od_x1.2,C,init,0,4,23,23,77,9.0
C_k9_2od_x1.2,C,init,0,5,23,23,72,9.0
C_k9_2od_x1.2,C,init,0,6,23,23,81,9.0
C_k9_2od_x1.2,C,init,0,7,23,23,78,9.0
C_k9_2od_x1.2,C,init,0,8,23,23,80,9.0
C_k9_2od_x1.2,C,init,0,9,23,23,78,9.0
C_k9_2od_x1.2,C,init,0,10,23,23,83,9.0
C_k9_2od_x1.2,C,init,0,11,23,23,83,9.0
C_k9_2od_x1.2,C,init,0,12,23,23,78,9.0
C_k9_2od_x1.2,C,init,0,13,23,23,80,9.0
C_k9_2od_x1.2,C,init,0,14,23,23,76,9.0
C_k9_2od_x1.2,C,init,0,15,23,23,78,9.0
C_k9_2od_x1.2,C,init,1,1,24,22,58,4.375
C_k9_2od_x1.2,C,init,1,2,23,23,82,9.0
C_k9_2od_x1.2,C,init,1,3,23,23,80,9.0
C_k9_2od_x1.2,C,init,1,4,23,23,80,9.0
C_k9_2od_x1.2,C,init,1,5,23,23,79,9.0
C_k9_2od_x1.2,C,init,1,6,23,23,83,9.0
C_k9_2od_x1.2,C,init,1,7,23,23,79,9.0
C_k9_2od_x1.2,C,init,1,8,23,23,77,9.0
C_k9_2od_x1.2,C,init,1,9,23,23,79,9.0
C_k9_2od_x1.2,C,init,1,10,23,23,78,9.0
C_k9_2od_x1.2,C,init,1,11,23,23,81,9.0
C_k9_2od_x1.2,C,init,1,12,23,23,79,9.0
C_k9_2od_x1.2,C,init,1,13,23,23,81,9.0
C_k9_2od_x1.2,C,init,1,14,23,23,81,9.0
C_k9_2od_x1.2,C,init,1,15,23,23,82,9.0
C_k9_2od_x1.2,C,init,2,1,24,21,64,4.416666666666667
C_k9_2od_x1.2,C,init,2,2,23,23,79,9.0
C_k9_2od_x1.2,C,init,2,3,23,23,77,9.0
C_k9_2od_x1.2,C,init,2,4,23,23,79,9.0
C_k9_2od_x1.2,C,init,2,5,23,23,84,9.0
C_k9_2od_x1.2,C,init,2,6,23,23,76,9.0
C_k9_2od_x1.2,C,init,2,7,23,23,83,9.0
C_k9_2od_x1.2,C,init,2,8,23,23,82,9.0
C_k9_2od_x1.2,C,init,2,9,23,23,78,9.0
C_k9_2od_x1.2,C,init,2,10,23,23,77,9.0
C_k9_2od_x1.2,C,init,2,11,23,23,85,9.0
C_k9_2od_x1.2,C,init,2,12,23,23,77,9.0
C_k9_2od_x1.2,C,init,2,13,23,23,80,9.0
C_k9_2od_x1.2,C,init,2,14,23,23,78,9.0
C_k9_2od_x1.2,C,init,2,15,23,23,78,9.0
C_k9_2od_x1.2,C,init,3,1,24,24,63,5.416666666666667
C_k9_2od_x1.2,C,init,3,2,23,23,77,9.0
C_k9_2od_x1.2,C,init,3,3,23,23,79,9.0
C_k9_2od_x1.2,C,init,3,4,23,23,77,9.0
C_k9_2od_x1.2,C,init,3,5,23,23,78,9.0
C_k9_2od_x1.2,C,init,3,6,23,23,80,9.0
C_k9_2od_x1.2,C,init,3,7,23,23,79,9.0
C_k9_2od_x1.2,C,init,3,8,23,23,80,9.0
C_k9_2od_x1.2,C,init,3,9,23,23,80,9.0
C_k9_2od_x1.2,C,init,3,10,23,23,83,9.0
C_k9_2od_x1.2,C,init,3,11,23,23,74,9.0
C_k9_2od_x1.2,C,init,3,12,23,23,80,9.0
C_k9_2od_x1.2,C,init,3,13,23,23,81,9.0
C_k9_2od_x1.2,C,init,3,14,23,23,78,9.0
C_k9_2od_x1.2,C,init,3,15,23,23,82,9.0
C_k9_2od_x1.2,C,init,4,1,24,22,55,3.5416666666666665
C_k9_2od_x1.2,C,init,4,2,23,23,83,9.0
C_k9_2od_x1.2,C,init,4,3,23,23,81,9.0
C_k9_2od_x1.2,C,init,4,4,23,23,77,9.0
C_k9_2od_x1.2,C,init,4,5,23,23,80,9.0
C_k9_2od_x1.2,C,init,4,6,23,23,83,9.0
C_k9_2od_x1.2,C,init,4,7,23,23,80,9.0
C_k9_2od_x1.2,C,init,4,8,23,23,81,9.0
C_k9_2od_x1.2,C,init,4,9,23,23,78,9.0
C_k9_2od_x1.2,C,init,4,10,23,23,75,9.0
C_k9_2od_x1.2,C,init,4,11,23,23,74,9.0
C_k9_2od_x1.2,C,init,4,12,23,23,81,9.0
C_k9_2od_x1.2,C,init,4,13,23,23,80,9.0
C_k9_2od_x1.2,C,init,4,14,23,23,79,9.0
C_k9_2od_x1.2,C,init,4,15,23,23,76,9.0
C_k9_2od_x1.2,C,init,5,1,24,22,60,4.25
C_k9_2od_x1.2,C,init,5,2,23,23,81,9.0
C_k9_2od_x1.2,C,init,5,3,23,23,80,9.0
C_k9_2od_x1.2,C,init,5,4,23,23,80,9.0
C_k9_2od_x1.2,C,init,5,5,23,23,81,9.0
C_k9_2od_x1.2,C,init,5,6,23,23,82,9.0
C_k9_2od_x1.2,C,init,5,7,23,23,84,9.0
C_k9_2od_x1.2,C,init,5,8,23,23,85,9.0
C_k9_2od_x1.2,C,init,5,9,23,23,80,9.0
C_k9_2od_x1.2,C,init,5,10,23,23,77,9.0
C_k9_2od_x1.2,C,init,5,11,23,23,79,9.0
C_k9_2od_x1.2,C,init,5,12,23,23,80,9.0
C_k9_2od_x1.2,C,init,5,13,23,23,80,9.0
C_k9_2od_x1.2,C,init,5,14,23,23,77,9.0
C_k9_2od_x1.2,C,init,5,15,23,23,75,9.0
C_k9_2od_x1.2,C,init,6,1,24,22,70,4.958333333333333
C_k9_2od_x1.2,C,init,6,2,23,23,85,9.0
C_k9_2od_x1.2,C,init,6,3,23,23,77,9.0
C_k9_2od_x1.2,C,init,6,4,23,23,79,9.0
C_k9_2od_x1.2,C,init,6,5,23,23,78,9.0
C_k9_2od_x1.2,C,init,6,6,23,23,81,9.0
C_k9_2od_x1.2,C,init,6,7,23,23,78,9.0
C_k9_2od_x1.2,C,init,6,8,23,23,77,9.0
C_k9_2od_x1.2,C,init,6,9,23,23,74,9.0
C_k9_2od_x1.2,C,init,6,10,23,23,72,9.0
C_k9_2od_x1.2,C,init,6,11,23,23,84,9.0
C_k9_2od_x1.2,C,init,6,12,23,23,77,9.0
C_k9_2od_x1.2,C,init,6,13,23,23,75,9.0
C_k9_2od_x1.2,C,init,6,14,23,23,75,9.0
C_k9_2od_x1.2,C,init,6,15,23,23,77,9.0
C_k9_2od_x1.2,C,init,7,1,24,21,61,3.75
C_k9_2od_x1.2,C,init,7,2,23,23,82,9.0
C_k9_2od_x1.2,C,init,7,3,23,23,78,9.0
C_k9_2od_x1.2,C,init,7,4,23,23,78,9.0
C_k9_2od_x1.2,C,init,7,5,23,23,77,9.0
C_k9_2od_x1.2,C,init,7,6,23,23,79,9.0
C_k9_2od_x1.2,C,init,7,7,23,23,75,9.0
C_k9_2od_x1.2,C,init,7,8,23,23,77,9.0
C_k9_2od_x1.2,C,init,7,9,23,23,80,9.0
C_k9_2od_x1.2,C,init,7,10,23,23,78,9.0
C_k9_2od_x1.2,C,init,7,11,23,23,77,9.0
C_k9_2od_x1.2,C,init,7,12,23,23,74,9.0
C_k9_2od_x1.2,C,init,7,13,23,23,79,9.0
C_k9_2od_x1.2,C,init,7,14,23,23,80,9.0
C_k9_2od_x1.2,C,init,7,15,23,23,73,9.0
C_k9_2od_x1.2,C,init,8,1,24,23,57,4.375
C_k9_2od_x1.2,C,init,8,2,23,23,78,9.0
C_k9_2od_x1.2,C,init,8,3,23,23,81,9.0
C_k9_2od_x1.2,C,init,8,4,23,23,76,9.0
C_k9_2od_x1.2,C,init,8,5,23,23,78,9.0
C_k9_2od_x1.2,C,init,8,6,23,23,78,9.0
C_k9_2od_x1.2,C,init,8,7,23,23,80,9.0
C_k9_2od_x1.2,C,init,8,8,23,23,74,9.0
C_k9_2od_x1.2,C,init,8,9,23,23,78,9.0
C_k9_2od_x1.2,C,init,8,10,23,23,75,9.0
C_k9_2od_x1.2,C,init,8,11,23,23,80,9.0
C_k9_2od_x1.2,C,init,8,12,23,23,78,9.0
C_k9_2od_x1.2,C,init,8,13,23,23,79,9.0
C_k9_2od_x1.2,C,init,8,14,23,23,72,9.0
C_k9_2od_x1.2,C,init,8,15,23,23,79,9.0
C_k9_2od_x1.2,C,init,9,1,24,22,62,4.541666666666667
C_k9_2od_x1.2,C,init,9,2,23,23,80,9.0
C_k9_2od_x1.2,C,init,9,3,23,23,82,9.0
C_k9_2od_x1.2,C,init,9,4,23,23,80,9.0
C_k9_2od_x1.2,C,init,9,5,23,23,81,9.0
C_k9_2od_x1.2,C,init,9,6,23,23,78,9.0
C_k9_2od_x1.2,C,init,9,7,23,23,76,9.0
C_k9_2od_x1.2,C,init,9,8,23,23,83,9.0
C_k9_2od_x1.2,C,init,9,9,23,23,78,9.0
C_k9_2od_x1.2,C,init,9,10,23,23,80,9.0
C_k9_2od_x1.2,C,init,9,11,23,23,79,9.0
C_k9_2od_x1.2,C,init,9,12,23,23,74,9.0
C_k9_2od_x1.2,C,init,9,13,23,23,80,9.0
C_k9_2od_x1.2,C,init,9,14,23,23,80,9.0
C_k9_2od_x1.2,C,init,9,15,23,23,73,9.0
C_k9_2od_x1.2,C,mutation,0,1,24,24,75,5.708333333333333
C_k9_2od_x1.2,C,mutation,0,2,23,23,80,9.0
C_k9_2od_x1.2,C,mutation,0,3,23,23,82,9.0
C_k9_2od_x1.2,C,mutation,0,4,23,23,77,9.0
C_k9_2od_x1.2,C,mutation,0,5,23,23,73,9.0
C_k9_2od_x1.2,C,mutation,0,6,23,23,70,9.0
C_k9_2od_x1.2,C,mutation,0,7,23,23,74,9.0
C_k9_2od_x1.2,C,mutation,0,8,23,23,78,9.0
C_k9_2od_x1.2,C,mutation,0,9,23,23,78,9.0
C_k9_2od_x1.2,C,mutation,0,10,23,23,73,9.0
C_k9_2od_x1.2,C,mutation,0,11,23,23,75,9.0
C_k9_2od_x1.2,C,mutation,0,12,23,23,74,9.0
C_k9_2od_x1.2,C,mutation,0,13,23,23,71,9.0
C_k9_2od_x1.2,C,mutation,0,14,23,23,82,9.0
C_k9_2od_x1.2,C,mutation,0,15,23,23,75,9.0
C_k9_2od_x1.2,C,mutation,1,1,24,24,69,4.375
C_k9_2od_x1.2,C,mutation,1,2,23,23,80,9.0
C_k9_2od_x1.2,C,mutation,1,3,23,23,74,9.0
C_k9_2od_x1.2,C,mutation,1,4,23,23,73,9.0
C_k9_2od_x1.2,C,mutation,1,5,23,23,78,9.0
C_k9_2od_x1.2,C,mutation,1,6,23,23,77,9.0
C_k9_2od_x1.2,C,mutation,1,7,23,23,72,9.0
C_k9_2od_x1.2,C,mutation,1,8,23,23,72,9.0
C_k9_2od_x1.2,C,mutation,1,9,23,23,71,9.0
C_k9_2od_x1.2,C,mutation,1,10,23,23,74,9.0
C_k9_2od_x1.2,C,mutation,1,11,23,23,74,9.0
C_k9_2od_x1.2,C,mutation,1,12,23,23,70,9.0
C_k9_2od_x1.2,C,mutation,1,13,23,23,76,9.0
C_k9_2od_x1.2,C,mutation,1,14,23,23,71,9.0
C_k9_2od_x1.2,C,mutation,1,15,23,23,75,9.0
C_k9_2od_x1.2,C,mutation,2,1,24,24,75,5.291666666666667
C_k9_2od_x1.2,C,mutation,2,2,23,23,72,9.0
C_k9_2od_x1.2,C,mutation,2,3,23,23,70,9.0
C_k9_2od_x1.2,C,mutation,2,4,23,23,73,9.0
C_k9_2od_x1.2,C,mutation,2,5,23,23,74,9.0
C_k9_2od_x1.2,C,mutation,2,6,23,23,69,9.0
C_k9_2od_x1.2,C,mutation,2,7,23,23,72,9.0
C_k9_2od_x1.2,C,mutation,2,8,23,23,75,9.0
C_k9_2od_x1.2,C,mutation,2,9,23,23,73,9.0
C_k9_2od_x1.2,C,mutation,2,10,23,23,77,9.0
C_k9_2od_x1.2,C,mutation,2,11,23,23,74,9.0
C_k9_2od_x1.2,C,mutation,2,12,23,23,76,9.0
C_k9_2od_x1.2,C,mutation,2,13,23,23,73,9.0
C_k9_2od_x1.2,C,mutation,2,14,23,23,74,9.0
C_k9_2od_x1.2,C,mutation,2,15,23,23,71,9.0
C_k9_2od_x1.2,C,mutation,3,1,24,24,62,4.25
C_k9_2od_x1.2,C,mutation,3,2,23,23,82,9.0
C_k9_2od_x1.2,C,mutation,3,3,23,23,79,9.0
C_k9_2od_x1.2,C,mutation,3,4,23,23,75,9.0
C_k9_2od_x1.2,C,mutation,3,5,23,23,75,9.0
C_k9_2od_x1.2,C,mutation,3,6,23,23,72,9.0
C_k9_2od_x1.2,C,mutation,3,7,23,23,76,9.0
C_k9_2od_x1.2,C,mutation,3,8,23,23,72,9.0
C_k9_2od_x1.2,C,mutation,3,9,23,23,75,9.0
C_k9_2od_x1.2,C,mutation,3,10,23,23,76,9.0
C_k9_2od_x1.2,C,mutation,3,11,23,23,75,9.0
C_k9_2od_x1.2,C,mutation,3,12,23,23,75,9.0
C_k9_2od_x1.2,C,mutation,3,13,23,23,76,9.0
C_k9_2od_x1.2,C,mutation,3,14,23,23,74,9.0
C_k9_2od_x1.2,C,mutation,3,15,23,23,78,9.0
C_k9_2od_x1.2,C,mutation,4,1,24,24,66,4.083333333333333
C_k9_2od_x1.2,C,mutation,4,2,23,23,75,9.0
C_k9_2od_x1.2,C,mutation,4,3,23,23,75,9.0
C_k9_2od_x1.2,C,mutation,4,4,23,23,71,9.0
C_k9_2od_x1.2,C,mutation,4,5,23,23,76,9.0
C_k9_2od_x1.2,C,mutation,4,6,23,23,80,9.0
C_k9_2od_x1.2,C,mutation,4,7,23,23,71,9.0
C_k9_2od_x1.2,C,mutation,4,8,23,23,72,9.0
C_k9_2od_x1.2,C,mutation,4,9,23,23,76,9.0
C_k9_2od_x1.2,C,mutation,4,10,23,23,71,9.0
C_k9_2od_x1.2,C,mutation,4,11,23,23,78,9.0
C_k9_2od_x1.2,C,mutation,4,12,23,23,77,9.0
C_k9_2od_x1.2,C,mutation,4,13,23,23,75,9.0
C_k9_2od_x1.2,C,mutation,4,14,23,23,72,9.0
C_k9_2od_x1.2,C,mutation,4,15,23,23,72,9.0
C_k9_2od_x1.2,C,mutation,5,1,24,24,67,4.625
C_k9_2od_x1.2,C,mutation,5,2,23,23,79,9.0
C_k9_2od_x1.2,C,mutation,5,3,23,23,80,9.0
C_k9_2od_x1.2,C,mutation,5,4,23,23,76,9.0
C_k9_2od_x1.2,C,mutation,5,5,23,23,74,9.0
C_k9_2od_x1.2,C,mutation,5,6,23,23,71,9.0
C_k9_2od_x1.2,C,mutation,5,7,23,23,75,9.0
C_k9_2od_x1.2,C,mutation,5,8,23,23,74,9.0
C_k9_2od_x1.2,C,mutation,5,9,23,23,77,9.0
C_k9_2od_x1.2,C,mutation,5,10,23,23,74,9.0
C_k9_2od_x1.2,C,mutation,5,11,23,23,74,9.0
C_k9_2od_x1.2,C,mutation,5,12,23,23,75,9.0
C_k9_2od_x1.2,C,mutation,5,13,23,23,73,9.0
C_k9_2od_x1.2,C,mutation,5,14,23,23,72,9.0
C_k9_2od_x1.2,C,mutation,5,15,23,23,73,9.0
C_k9_2od_x1.2,C,mutation,6,1,24,24,73,5.166666666666667
C_k9_2od_x1.2,C,mutation,6,2,23,23,80,9.0
C_k9_2od_x1.2,C,mutation,6,3,23,23,73,9.0
C_k9_2od_x1.2,C,mutation,6,4,23,23,72,9.0
C_k9_2od_x1.2,C,mutation,6,5,23,23,75,9.0
C_k9_2od_x1.2,C,mutation,6,6,23,23,75,9.0
C_k9_2od_x1.2,C,mutation,6,7,23,23,77,9.0
C_k9_2od_x1.2,C,mutation,6,8,23,23,73,9.0
C_k9_2od_x1.2,C,mutation,6,9,23,23,76,9.0
C_k9_2od_x1.2,C,mutation,6,10,23,23,76,9.0
C_k9_2od_x1.2,C,mutation,6,11,23,23,74,9.0
C_k9_2od_x1.2,C,mutation,6,12,23,23,76,9.0
C_k9_2od_x1.2,C,mutation,6,13,23,23,76,9.0
C_k9_2od_x1.2,C,mutation,6,14,23,23,75,9.0
C_k9_2od_x1.2,C,mutation,6,15,23,23,72,9.0
C_k9_2od_x1.2,C,mutation,7,1,24,24,79,5.333333333333333
C_k9_2od_x1.2,C,mutation,7,2,23,23,74,9.0
C_k9_2od_x1.2,C,mutation,7,3,23,23,78,9.0
C_k9_2od_x1.2,C,mutation,7,4,23,23,73,9.0
C_k9_2od_x1.2,C,mutation,7,5,23,23,79,9.0
C_k9_2od_x1.2,C,mutation,7,6,23,23,72,9.0
C_k9_2od_x1.2,C,mutation,7,7,23,23,74,9.0
C_k9_2od_x1.2,C,mutation,7,8,23,23,74,9.0
C_k9_2od_x1.2,C,mutation,7,9,23,23,73,9.0
C_k9_2od_x1.2,C,mutation,7,10,23,23,75,9.0
C_k9_2od_x1.2,C,mutation,7,11,23,23,73,9.0
C_k9_2od_x1.2,C,mutation,7,12,23,23,71,9.0
C_k9_2od_x1.2,C,mutation,7,13,23,23,69,9.0
C_k9_2od_x1.2,C,mutation,7,14,23,23,74,9.0
C_k9_2od_x1.2,C,mutation,7,15,23,23,70,9.0
C_k9_2od_x1.2,C,mutation,8,1,24,24,64,4.416666666666667
C_k9_2od_x1.2,C,mutation,8,2,23,23,77,9.0
C_k9_2od_x1.2,C,mutation,8,3,23,23,71,9.0
C_k9_2od_x1.2,C,mutation,8,4,23,23,73,9.0
C_k9_2od_x1.2,C,mutation,8,5,23,23,75,9.0
C_k9_2od_x1.2,C,mutation,8,6,23,23,77,9.0
C_k9_2od_x1.2,C,mutation,8,7,23,23,73,9.0
C_k9_2od_x1.2,C,mutation,8,8,23,23,78,9.0
C_k9_2od_x1.2,C,mutation,8,9,23,23,74,9.0
C_k9_2od_x1.2,C,mutation,8,10,23,23,78,9.0
C_k9_2od_x1.2,C,mutation,8,11,23,23,78,9.0
C_k9_2od_x1.2,C,mutation,8,12,23,23,76,9.0
C_k9_2od_x1.2,C,mutation,8,13,23,23,74,9.0
C_k9_2od_x1.2,C,mutation,8,14,23,23,75,9.0
C_k9_2od_x1.2,C,mutation,8,15,23,23,73,9.0
C_k9_2od_x1.2,C,mutation,9,1,24,24,69,5.041666666666667
C_k9_2od_x1.2,C,mutation,9,2,23,23,74,9.0
C_k9_2od_x1.2,C,mutation,9,3,23,23,78,9.0
C_k9_2od_x1.2,C,mutation,9,4,23,23,75,9.0
C_k9_2od_x1.2,C,mutation,9,5,23,23,71,9.0
C_k9_2od_x1.2,C,mutation,9,6,23,23,78,9.0
C_k9_2od_x1.2,C,mutation,9,7,23,23,74,9.0
C_k9_2od_x1.2,C,mutation,9,8,23,23,70,9.0
C_k9_2od_x1.2,C,mutation,9,9,23,23,74,9.0
C_k9_2od_x1.2,C,mutation,9,10,23,23,78,9.0
C_k9_2od_x1.2,C,mutation,9,11,23,23,76,9.0
C_k9_2od_x1.2,C,mutation,9,12,23,23,73,9.0
C_k9_2od_x1.2,C,mutation,9,13,23,23,77,9.0
C_k9_2od_x1.2,C,mutation,9,14,23,23,75,9.0
C_k9_2od_x1.2,C,mutation,9,15,23,23,73,9.0
C_k9_2od_x1.2,C,none,0,1,24,24,75,5.708333333333333
C_k9_2od_x1.2,C,none,0,2,23,23,79,9.0
C_k9_2od_x1.2,C,none,0,3,23,23,72,9.0
C_k9_2od_x1.2,C,none,0,4,23,23,80,9.0
C_k9_2od_x1.2,C,none,0,5,23,23,76,9.0
C_k9_2od_x1.2,C,none,0,6,23,23,76,9.0
C_k9_2od_x1.2,C,none,0,7,23,23,81,9.0
C_k9_2od_x1.2,C,none,0,8,23,23,79,9.0
C_k9_2od_x1.2,C,none,0,9,23,23,79,9.0
C_k9_2od_x1.2,C,none,0,10,23,23,77,9.0
C_k9_2od_x1.2,C,none,0,11,23,23,83,9.0
C_k9_2od_x1.2,C,none,0,12,23,23,78,9.0
C_k9_2od_x1.2,C,none,0,13,23,23,80,9.0
C_k9_2od_x1.2,C,none,0,14,23,23,78,9.0
C_k9_2od_x1.2,C,none,0,15,23,23,82,9.0
C_k9_2od_x1.2,C,none,1,1,24,24,69,4.375
C_k9_2od_x1.2,C,none,1,2,23,23,83,9.0
C_k9_2od_x1.2,C,none,1,3,23,23,76,9.0
C_k9_2od_x1.2,C,none,1,4,23,23,81,9.0
C_k9_2od_x1.2,C,none,1,5,23,23,77,9.0
C_k9_2od_x1.2,C,none,1,6,23,23,82,9.0
C_k9_2od_x1.2,C,none,1,7,23,23,76,9.0
C_k9_2od_x1.2,C,none,1,8,23,23,81,9.0
C_k9_2od_x1.2,C,none,1,9,23,23,80,9.0
C_k9_2od_x1.2,C,none,1,10,23,23,80,9.0
C_k9_2od_x1.2,C,none,1,11,23,23,78,9.0
C_k9_2od_x1.2,C,none,1,12,23,23,80,9.0
C_k9_2od_x1.2,C,none,1,13,23,23,79,9.0
C_k9_2od_x1.2,C,none,1,14,23,23,80,9.0
C_k9_2od_x1.2,C,none,1,15,23,23,80,9.0
C_k9_2od_x1.2,C,none,2,1,24,24,75,5.291666666666667
C_k9_2od_x1.2,C,none,2,2,23,23,77,9.0
C_k9_2od_x1.2,C,none,2,3,23,23,77,9.0
C_k9_2od_x1.2,C,none,2,4,23,23,86,9.0
C_k9_2od_x1.2,C,none,2,5,23,23,73,9.0
C_k9_2od_x1.2,C,none,2,6,23,23,76,9.0
C_k9_2od_x1.2,C,none,2,7,23,23,81,9.0
C_k9_2od_x1.2,C,none,2,8,23,23,74,9.0
C_k9_2od_x1.2,C,none,2,9,23,23,74,9.0
C_k9_2od_x1.2,C,none,2,10,23,23,76,9.0
C_k9_2od_x1.2,C,none,2,11,23,23,82,9.0
C_k9_2od_x1.2,C,none,2,12,23,23,73,9.0
C_k9_2od_x1.2,C,none,2,13,23,23,81,9.0
C_k9_2od_x1.2,C,none,2,14,23,23,81,9.0
C_k9_2od_x1.2,C,none,2,15,23,23,83,9.0
C_k9_2od_x1.2,C,none,3,1,24,24,62,4.25
C_k9_2od_x1.2,C,none,3,2,23,23,81,9.0
C_k9_2od_x1.2,C,none,3,3,23,23,82,9.0
C_k9_2od_x1.2,C,none,3,4,23,23,78,9.0
C_k9_2od_x1.2,C,none,3,5,23,23,78,9.0
C_k9_2od_x1.2,C,none,3,6,23,23,80,9.0
C_k9_2od_x1.2,C,none,3,7,23,23,84,9.0
C_k9_2od_x1.2,C,none,3,8,23,23,79,9.0
C_k9_2od_x1.2,C,none,3,9,23,23,73,9.0
C_k9_2od_x1.2,C,none,3,10,23,23,78,9.0
C_k9_2od_x1.2,C,none,3,11,23,23,83,9.0
C_k9_2od_x1.2,C,none,3,12,23,23,78,9.0
C_k9_2od_x1.2,C,none,3,13,23,23,82,9.0
C_k9_2od_x1.2,C,none,3,14,23,23,77,9.0
C_k9_2od_x1.2,C,none,3,15,23,23,79,9.0
C_k9_2od_x1.2,C,none,4,1,24,24,66,4.083333333333333
C_k9_2od_x1.2,C,none,4,2,23,23,76,9.0
C_k9_2od_x1.2,C,none,4,3,23,23,75,9.0
C_k9_2od_x1.2,C,none,4,4,23,23,82,9.0
C_k9_2od_x1.2,C,none,4,5,23,23,80,9.0
C_k9_2od_x1.2,C,none,4,6,23,23,72,9.0
C_k9_2od_x1.2,C,none,4,7,23,23,78,9.0
C_k9_2od_x1.2,C,none,4,8,23,23,81,9.0
C_k9_2od_x1.2,C,none,4,9,23,23,81,9.0
C_k9_2od_x1.2,C,none,4,10,23,23,84,9.0
C_k9_2od_x1.2,C,none,4,11,23,23,86,9.0
C_k9_2od_x1.2,C,none,4,12,23,23,82,9.0
C_k9_2od_x1.2,C,none,4,13,23,23,79,9.0
C_k9_2od_x1.2,C,none,4,14,23,23,79,9.0
C_k9_2od_x1.2,C,none,4,15,23,23,82,9.0
C_k9_2od_x1.2,C,none,5,1,24,24,67,4.625
C_k9_2od_x1.2,C,none,5,2,23,23,80,9.0
C_k9_2od_x1.2,C,none,5,3,23,23,78,9.0
C_k9_2od_x1.2,C,none,5,4,23,23,82,9.0
C_k9_2od_x1.2,C,none,5,5,23,23,82,9.0
C_k9_2od_x1.2,C,none,5,6,23,23,76,9.0
C_k9_2od_x1.2,C,none,5,7,23,23,82,9.0
C_k9_2od_x1.2,C,none,5,8,23,23,76,9.0
C_k9_2od_x1.2,C,none,5,9,23,23,80,9.0
C_k9_2od_x1.2,C,none,5,10,23,23,84,9.0
C_k9_2od_x1.2,C,none,5,11,23,23,78,9.0
C_k9_2od_x1.2,C,none,5,12,23,23,81,9.0
C_k9_2od_x1.2,C,none,5,13,23,23,84,9.0
C_k9_2od_x1.2,C,none,5,14,23,23,79,9.0
C_k9_2od_x1.2,C,none,5,15,23,23,78,9.0
C_k9_2od_x1.2,C,none,6,1,24,24,73,5.166666666666667
C_k9_2od_x1.2,C,none,6,2,23,23,83,9.0
C_k9_2od_x1.2,C,none,6,3,23,23,81,9.0
C_k9_2od_x1.2,C,none,6,4,23,23,75,9.0
C_k9_2od_x1.2,C,none,6,5,23,23,77,9.0
C_k9_2od_x1.2,C,none,6,6,23,23,81,9.0
C_k9_2od_x1.2,C,none,6,7,23,23,77,9.0
C_k9_2od_x1.2,C,none,6,8,23,23,83,9.0
C_k9_2od_x1.2,C,none,6,9,23,23,80,9.0
C_k9_2od_x1.2,C,none,6,10,23,23,82,9.0
C_k9_2od_x1.2,C,none,6,11,23,23,77,9.0
C_k9_2od_x1.2,C,none,6,12,23,23,75,9.0
C_k9_2od_x1.2,C,none,6,13,23,23,82,9.0
C_k9_2od_x1.2,C,none,6,14,23,23,79,9.0
C_k9_2od_x1.2,C,none,6,15,23,23,78,9.0
C_k9_2od_x1.2,C,none,7,1,24,24,79,5.333333333333333
C_k9_2od_x1.2,C,none,7,2,23,23,81,9.0
C_k9_2od_x1.2,C,none,7,3,23,23,80,9.0
C_k9_2od_x1.2,C,none,7,4,23,23,79,9.0
C_k9_2od_x1.2,C,none,7,5,23,23,81,9.0
C_k9_2od_x1.2,C,none,7,6,23,23,75,9.0
C_k9_2od_x1.2,C,none,7,7,23,23,77,9.0
C_k9_2od_x1.2,C,none,7,8,23,23,80,9.0
C_k9_2od_x1.2,C,none,7,9,23,23,74,9.0
C_k9_2od_x1.2,C,none,7,10,23,23,82,9.0
C_k9_2od_x1.2,C,none,7,11,23,23,78,9.0
C_k9_2od_x1.2,C,none,7,12,23,23,75,9.0
C_k9_2od_x1.2,C,none,7,13,23,23,74,9.0
C_k9_2od_x1.2,C,none,7,14,23,23,80,9.0
C_k9_2od_x1.2,C,none,7,15,23,23,81,9.0
C_k9_2od_x1.2,C,none,8,1,24,24,64,4.416666666666667
C_k9_2od_x1.2,C,none,8,2,23,23,80,9.0
C_k9_2od_x1.2,C,none,8,3,23,23,82,9.0
C_k9_2od_x1.2,C,none,8,4,23,23,73,9.0
C_k9_2od_x1.2,C,none,8,5,23,23,82,9.0
C_k9_2od_x1.2,C,none,8,6,23,23,81,9.0
C_k9_2od_x1.2,C,none,8,7,23,23,78,9.0
C_k9_2od_x1.2,C,none,8,8,23,23,75,9.0
C_k9_2od_x1.2,C,none,8,9,23,23,83,9.0
C_k9_2od_x1.2,C,none,8,10,23,23,81,9.0
C_k9_2od_x1.2,C,none,8,11,23,23,79,9.0
C_k9_2od_x1.2,C,none,8,12,23,23,80,9.0
C_k9_2od_x1.2,C,none,8,13,23,23,77,9.0
C_k9_2od_x1.2,C,none,8,14,23,23,80,9.0
C_k9_2od_x1.2,C,none,8,15,23,23,78,9.0
C_k9_2od_x1.2,C,none,9,1,24,24,69,5.041666666666667
C_k9_2od_x1.2,C,none,9,2,23,23,81,9.0
C_k9_2od_x1.2,C,none,9,3,23,23,79,9.0
C_k9_2od_x1.2,C,none,9,4,23,23,77,9.0
C_k9_2od_x1.2,C,none,9,5,23,23,79,9.0
C_k9_2od_x1.2,C,none,9,6,23,23,73,9.0
C_k9_2od_x1.2,C,none,9,7,23,23,77,9.0
C_k9_2od_x1.2,C,none,9,8,23,23,82,9.0
C_k9_2od_x1.2,C,none,9,9,23,23,75,9.0
C_k9_2od_x1.2,C,none,9,10,23,23,80,9.0
C_k9_2od_x1.2,C,none,9,11,23,23,82,9.0
C_k9_2od_x1.2,C,none,9,12,23,23,76,9.0
C_k9_2od_x1.2,C,none,9,13,23,23,79,9.0
C_k9_2od_x1.2,C,none,9,14,23,23,81,9.0
C_k9_2od_x1.2,C,none,9,15,23,23,80,9.0
C_k9_3od_x0.8,C,both,0,1,24,24,67,4.958333333333333
C_k9_3od_x0.8,C,both,0,2,23,23,70,9.0
C_k9_3od_x0.8,C,both,0,3,23,23,73,9.0
C_k9_3od_x0.8,C,both,0,4,23,23,77,9.0
C_k9_3od_x0.8,C,both,0,5,23,23,73,9.0
C_k9_3od_x0.8,C,both,0,6,23,23,71,9.0
C_k9_3od_x0.8,C,both,0,7,23,23,74,9.0
C_k9_3od_x0.8,C,both,0,8,23,23,74,9.0
C_k9_3od_x0.8,C,both,0,9,23,23,74,9.0
C_k9_3od_x0.8,C,both,0,10,23,23,71,9.0
C_k9_3od_x0.8,C,both,0,11,23,23,74,9.0
C_k9_3od_x0.8,C,both,0,12,23,23,71,9.0
C_k9_3od_x0.8,C,both,0,13,23,23,69,9.0
C_k9_3od_x0.8,C,both,0,14,23,23,73,9.0
C_k9_3od_x0.8,C,both,0,15,23,23,70,9.0
C_k9_3od_x0.8,C,both,1,1,24,22,59,4.375
C_k9_3od_x0.8,C,both,1,2,23,23,76,9.0
C_k9_3od_x0.8,C,both,1,3,23,23,71,9.0
C_k9_3od_x0.8,C,both,1,4,23,23,71,9.0
C_k9_3od_x0.8,C,both,1,5,23,23,69,9.0
C_k9_3od_x0.8,C,both,1,6,23,23,69,9.0
C_k9_3od_x0.8,C,both,1,7,23,23,67,9.0
C_k9_3od_x0.8,C,both,1,8,23,23,73,9.0
C_k9_3od_x0.8,C,both,1,9,23,23,70,9.0
C_k9_3od_x0.8,C,both,1,10,23,23,71,9.0
C_k9_3od_x0.8,C,both,1,11,23,23,72,9.0
C_k9_3od_x0.8,C,both,1,12,23,23,73,9.0
C_k9_3od_x0.8,C,both,1,13,23,23,71,9.0
C_k9_3od_x0.8,C,both,1,14,23,23,76,9.0
C_k9_3od_x0.8,C,both,1,15,23,23,70,9.0
C_k9_3od_x0.8,C,both,2,1,24,21,63,4.416666666666667
C_k9_3od_x0.8,C,both,2,2,23,23,75,9.0
C_k9_3od_x0.8,C,both,2,3,23,23,77,9.0
C_k9_3od_x0.8,C,both,2,4,23,23,77,9.0
C_k9_3od_x0.8,C,both,2,5,23,23,80,9.0
C_k9_3od_x0.8,C,both,2,6,23,23,71,9.0
C_k9_3od_x0.8,C,both,2,7,23,23,69,9.0
C_k9_3od_x0.8,C,both,2,8,23,23,74,9.0
C_k9_3od_x0.8,C,both,2,9,23,23,75,9.0
C_k9_3od_x0.8,C,both,2,10,23,23,77,9.0
C_k9_3od_x0.8,C,both,2,11,23,23,76,9.0
C_k9_3od_x0.8,C,both,2,12,23,23,71,9.0
C_k9_3od_x0.8,C,both,2,13,23,23,69,9.0
C_k9_3od_x0.8,C,both,2,14,23,23,69,9.0
C_k9_3od_x0.8,C,both,2,15,23,23,75,9.0
C_k9_3od_x0.8,C,both,3,1,24,24,61,5.416666666666667
C_k9_3od_x0.8,C,both,3,2,23,23,71,9.0
C_k9_3od_x0.8,C,both,3,3,23,23,72,9.0
C_k9_3od_x0.8,C,both,3,4,23,23,73,9.0
C_k9_3od_x0.8,C,both,3,5,23,23,71,9.0
C_k9_3od_x0.8,C,both,3,6,23,23,75,9.0
C_k9_3od_x0.8,C,both,3,7,23,23,75,9.0
C_k9_3od_x0.8,C,both,3,8,23,23,76,9.0
C_k9_3od_x0.8,C,both,3,9,23,23,73,9.0
C_k9_3od_x0.8,C,both,3,10,23,23,76,9.0
C_k9_3od_x0.8,C,both,3,11,23,23,69,9.0
C_k9_3od_x0.8,C,both,3,12,23,23,76,9.0
C_k9_3od_x0.8,C,both,3,13,23,23,72,9.0
C_k9_3od_x0.8,C,both,3,14,23,23,77,9.0
C_k9_3od_x0.8,C,both,3,15,23,23,74,9.0
C_k9_3od_x0.8,C,both,4,1,24,22,53,3.5416666666666665
C_k9_3od_x0.8,C,both,4,2,23,23,83,9.0
C_k9_3od_x0.8,C,both,4,3,23,23,77,9.0
C_k9_3od_x0.8,C,both,4,4,23,23,73,9.0
C_k9_3od_x0.8,C,both,4,5,23,23,74,9.0
C_k9_3od_x0.8,C,both,4,6,23,23,66,9.0
C_k9_3od_x0.8,C,both,4,7,23,23,70,9.0
C_k9_3od_x0.8,C,both,4,8,23,23,78,9.0
C_k9_3od_x0.8,C,both,4,9,23,23,79,9.0
C_k9_3od_x0.8,C,both,4,10,23,23,73,9.0
C_k9_3od_x0.8,C,both,4,11,23,23,73,9.0
C_k9_3od_x0.8,C,both,4,12,23,23,75,9.0
C_k9_3od_x0.8,C,both,4,13,23,23,75,9.0
C_k9_3od_x0.8,C,both,4,14,23,23,67,9.0
C_k9_3od_x0.8,C,both,4,15,23,23,72,9.0
C_k9_3od_x0.8,C,both,5,1,24,22,59,4.25
C_k9_3od_x0.8,C,both,5,2,23,23,78,9.0
C_k9_3od_x0.8,C,both,5,3,23,23,73,9.0
C_k9_3od_x0.8,C,both,5,4,23,23,78,9.0
C_k9_3od_x0.8,C,both,5,5,23,23,79,9.0
C_k9_3od_x0.8,C,both,5,6,23,23,76,9.0
C_k9_3od_x0.8,C,both,5,7,23,23,71,9.0
C_k9_3od_x0.8,C,both,5,8,23,23,72,9.0
C_k9_3od_x0.8,C,both,5,9,23,23,67,9.0
C_k9_3od_x0.8,C,both,5,10,23,23,79,9.0
C_k9_3od_x0.8,C,both,5,11,23,23,78,9.0
C_k9_3od_x0.8,C,both,5,12,23,23,77,9.0
C_k9_3od_x0.8,C,both,5,13,23,23,73,9.0
C_k9_3od_x0.8,C,both,5,14,23,23,72,9.0
C_k9_3od_x0.8,C,both,5,15,23,23,71,9.0
C_k9_3od_x0.8,C,both,6,1,24,22,67,4.958333333333333
C_k9_3od_x0.8,C,both,6,2,23,23,74,9.0
C_k9_3od_x0.8,C,both,6,3,23,23,72,9.0
C_k9_3od_x0.8,C,both,6,4,23,23,77,9.0
C_k9_3od_x0.8,C,both,6,5,23,23,77,9.0
C_k9_3od_x0.8,C,both,6,6,23,23,78,9.0
C_k9_3od_x0.8,C,both,6,7,23,23,78,9.0
C_k9_3od_x0.8,C,both,6,8,23,23,77,9.0
C_k9_3od_x0.8,C,both,6,9,23,23,74,9.0
C_k9_3od_x0.8,C,both,6,10,23,23,77,9.0
C_k9_3od_x0.8,C,both,6,11,23,23,73,9.0
C_k9_3od_x0.8,C,both,6,12,23,23,73,9.0
C_k9_3od_x0.8,C,both,6,13,23,23,68,9.0
C_k9_3od_x0.8,C,both,6,14,23,23,74,9.0
C_k9_3od_x0.8,C,both,6,15,23,23,73,9.0
C_k9_3od_x0.8,C,both,7,1,24,21,60,3.75
C_k9_3od_x0.8,C,both,7,2,23,23,80,9.0
C_k9_3od_x0.8,C,both,7,3,23,23,74,9.0
C_k9_3od_x0.8,C,both,7,4,23,23,72,9.0
C_k9_3od_x0.8,C,both,7,5,23,23,79,9.0
C_k9_3od_x0.8,C,both,7,6,23,23,70,9.0
C_k9_3od_x0.8,C,both,7,7,23,23,71,9.0
C_k9_3od_x0.8,C,both,7,8,23,23,79,9.0
C_k9_3od_x0.8,C,both,7,9,23,23,72,9.0
C_k9_3od_x0.8,C,both,7,10,23,23,73,9.0
C_k9_3od_x0.8,C,both,7,11,23,23,72,9.0
C_k9_3od_x0.8,C,both,7,12,23,23,72,9.0
C_k9_3od_x0.8,C,both,7,13,23,23,66,9.0
C_k9_3od_x0.8,C,both,7,14,23,23,76,9.0
C_k9_3od_x0.8,C,both,7,15,23,23,68,9.0
C_k9_3od_x0.8,C,both,8,1,24,23,58,4.375
C_k9_3od_x0.8,C,both,8,2,23,23,73,9.0
C_k9_3od_x0.8,C,both,8,3,23,23,72,9.0
C_k9_3od_x0.8,C,both,8,4,23,23,73,9.0
C_k9_3od_x0.8,C,both,8,5,23,23,77,9.0
C_k9_3od_x0.8,C,both,8,6,23,23,71,9.0
C_k9_3od_x0.8,C,both,8,7,23,23,72,9.0
C_k9_3od_x0.8,C,both,8,8,23,23,71,9.0
C_k9_3od_x0.8,C,both,8,9,23,23,70,9.0
C_k9_3od_x0.8,C,both,8,10,23,23,73,9.0
C_k9_3od_x0.8,C,both,8,11,23,23,74,9.0
C_k9_3od_x0.8,C,both,8,12,23,23,73,9.0
C_k9_3od_x0.8,C,both,8,13,23,23,75,9.0
C_k9_3od_x0.8,C,both,8,14,23,23,73,9.0
C_k9_3od_x0.8,C,both,8,15,23,23,74,9.0
C_k9_3od_x0.8,C,both,9,1,24,22,60,4.541666666666667
C_k9_3od_x0.8,C,both,9,2,23,23,77,9.0
C_k9_3od_x0.8,C,both,9,3,23,23,73,9.0
C_k9_3od_x0.8,C,both,9,4,23,23,74,9.0
C_k9_3od_x0.8,C,both,9,5,23,23,75,9.0
C_k9_3od_x0.8,C,both,9,6,23,23,73,9.0
C_k9_3od_x0.8,C,both,9,7,23,23,72,9.0
C_k9_3od_x0.8,C,both,9,8,23,23,72,9.0
C_k9_3od_x0.8,C,both,9,9,23,23,78,9.0
C_k9_3od_x0.8,C,both,9,10,23,23,78,9.0
C_k9_3od_x0.8,C,both,9,11,23,23,69,9.0
C_k9_3od_x0.8,C,both,9,12,23,23,67,9.0
C_k9_3od_x0.8,C,both,9,13,23,23,73,9.0
C_k9_3od_x0.8,C,both,9,14,23,23,78,9.0
C_k9_3od_x0.8,C,both,9,15,23,23,74,9.0
C_k9_3od_x0.8,C,init,0,1,24,24,67,4.958333333333333
C_k9_3od_x0.8,C,init,0,2,23,23,78,9.0
C_k9_3od_x0.8,C,init,0,3,23,23,75,9.0
C_k9_3od_x0.8,C,init,0,4,23,23,78,9.0
C_k9_3od_x0.8,C,init,0,5,23,23,78,9.0
C_k9_3od_x0.8,C,init,0,6,23,23,85,9.0
C_k9_3od_x0.8,C,init,0,7,23,23,83,9.0
C_k9_3od_x0.8,C,init,0,8,23,23,80,9.0
C_k9_3od_x0.8,C,init,0,9,23,23,81,9.0
C_k9_3od_x0.8,C,init,0,10,23,23,77,9.0
C_k9_3od_x0.8,C,init,0,11,23,23,74,9.0
C_k9_3od_x0.8,C,init,0,12,23,23,76,9.0
C_k9_3od_x0.8,C,init,0,13,23,23,79,9.0
C_k9_3od_x0.8,C,init,0,14,23,23,75,9.0
C_k9_3od_x0.8,C,init,0,15,23,23,76,9.0
C_k9_3od_x0.8,C,init,1,1,24,22,59,4.375
C_k9_3od_x0.8,C,init,1,2,23,23,85,9.0
C_k9_3od_x0.8,C,init,1,3,23,23,81,9.0
C_k9_3od_x0.8,C,init,1,4,23,23,83,9.0
C_k9_3od_x0.8,C,init,1,5,23,23,81,9.0
C_k9_3od_x0.8,C,init,1,6,23,23,80,9.0
C_k9_3od_x0.8,C,init,1,7,23,23,77,9.0
C_k9_3od_x0.8,C,init,1,8,23,23,68,9.0
C_k9_3od_x0.8,C,init,1,9,23,23,76,9.0
C_k9_3od_x0.8,C,init,1,10,23,23,77,9.0
C_k9_3od_x0.8,C,init,1,11,23,23,75,9.0
C_k9_3od_x0.8,C,init,1,12,23,23,76,9.0
C_k9_3od_x0.8,C,init,1,13,23,23,78,9.0
C_k9_3od_x0.8,C,init,1,14,23,23,78,9.0
C_k9_3od_x0.8,C,init,1,15,23,23,78,9.0
C_k9_3od_x0.8,C,init,2,1,24,21,63,4.416666666666667
C_k9_3od_x0.8,C,init,2,2,23,23,77,9.0
C_k9_3od_x0.8,C,init,2,3,23,23,75,9.0
C_k9_3od_x0.8,C,init,2,4,23,23,77,9.0
C_k9_3od_x0.8,C,init,2,5,23,23,76,9.0
C_k9_3od_x0.8,C,init,2,6,23,23,79,9.0
C_k9_3od_x0.8,C,init,2,7,23,23,79,9.0
C_k9_3od_x0.8,C,init,2,8,23,23,79,9.0
C_k9_3od_x0.8,C,init,2,9,23,23,79,9.0
C_k9_3od_x0.8,C,init,2,10,23,23,79,9.0
C_k9_3od_x0.8,C,init,2,11,23,23,80,9.0
C_k9_3od_x0.8,C,init,2,12,23,23,75,9.0
C_k9_3od_x0.8,C,init,2,13,23,23,77,9.0
C_k9_3od_x0.8,C,init,2,14,23,23,81,9.0
C_k9_3od_x0.8,C,init,2,15,23,23,79,9.0
C_k9_3od_x0.8,C,init,3,1,24,24,61,5.416666666666667
C_k9_3od_x0.8,C,init,3,2,23,23,75,9.0
C_k9_3od_x0.8,C,init,3,3,23,23,80,9.0
C_k9_3od_x0.8,C,init,3,4,23,23,82,9.0
C_k9_3od_x0.8,C,init,3,5,23,23,80,9.0
C_k9_3od_x0.8,C,init,3,6,23,23,80,9.0
C_k9_3od_x0.8,C,init,3,7,23,23,77,9.0
C_k9_3od_x0.8,C,init,3,8,23,23,76,9.0
C_k9_3od_x0.8,C,init,3,9,23,23,73,9.0
C_k9_3od_x0.8,C,init,3,10,23,23,79,9.0
C_k9_3od_x0.8,C,init,3,11,23,23,83,9.0
C_k9_3od_x0.8,C,init,3,12,23,23,82,9.0
C_k9_3od_x0.8,C,init,3,13,23,23,73,9.0
C_k9_3od_x0.8,C,init,3,14,23,23,77,9.0
C_k9_3od_x0.8,C,init,3,15,23,23,72,9.0
C_k9_3od_x0.8,C,init,4,1,24,22,53,3.5416666666666665
C_k9_3od_x0.8,C,init,4,2,23,23,82,9.0
C_k9_3od_x0.8,C,init,4,3,23,23,76,9.0
C_k9_3od_x0.8,C,init,4,4,23,23,76,9.0
C_k9_3od_x0.8,C,init,4,5,23,23,71,9.0
C_k9_3od_x0.8,C,init,4,6,23,23,70,9.0
C_k9_3od_x0.8,C,init,4,7,23,23,80,9.0
C_k9_3od_x0.8,C,init,4,8,23,23,72,9.0
C_k9_3od_x0.8,C,init,4,9,23,23,76,9.0
C_k9_3od_x0.8,C,init,4,10,23,23,83,9.0
C_k9_3od_x0.8,C,init,4,11,23,23,82,9.0
C_k9_3od_x0.8,C,init,4,12,23,23,78,9.0
C_k9_3od_x0.8,C,init,4,13,23,23,81,9.0
C_k9_3od_x0.8,C,init,4,14,23,23,80,9.0
C_k9_3od_x0.8,C,init,4,15,23,23,76,9.0
C_k9_3od_x0.8,C,init,5,1,24,22,59,4.25
C_k9_3od_x0.8,C,init,5,2,23,23,82,9.0
C_k9_3od_x0.8,C,init,5,3,23,23,80,9.0
C_k9_3od_x0.8,C,init,5,4,23,23,84,9.0
C_k9_3od_x0.8,C,init,5,5,23,23,75,9.0
C_k9_3od_x0.8,C,init,5,6,23,23,77,9.0
C_k9_3od_x0.8,C,init,5,7,23,23,76,9.0
C_k9_3od_x0.8,C,init,5,8,23,23,78,9.0
C_k9_3od_x0.8,C,init,5,9,23,23,75,9.0
C_k9_3od_x0.8,C,init,5,10,23,23,78,9.0
C_k9_3od_x0.8,C,init,5,11,23,23,79,9.0
C_k9_3od_x0.8,C,init,5,12,23,23,77,9.0
C_k9_3od_x0.8,C,init,5,13,23,23,77,9.0
C_k9_3od_x0.8,C,init,5,14,23,23,78,9.0
C_k9_3od_x0.8,C,init,5,15,23,23,79,9.0
C_k9_3od_x0.8,C,init,6,1,24,22,67,4.958333333333333
C_k9_3od_x0.8,C,init,6,2,23,23,79,9.0
C_k9_3od_x0.8,C,init,6,3,23,23,84,9.0
C_k9_3od_x0.8,C,init,6,4,23,23,78,9.0
C_k9_3od_x0.8,C,init,6,5,23,23,77,9.0
C_k9_3od_x0.8,C,init,6,6,23,23,78,9.0
C_k9_3od_x0.8,C,init,6,7,23,23,79,9.0
C_k9_3od_x0.8,C,init,6,8,23,23,80,9.0
C_k9_3od_x0.8,C,init,6,9,23,23,77,9.0
C_k9_3od_x0.8,C,init,6,10,23,23,79,9.0
C_k9_3od_x0.8,C,init,6,11,23,23,76,9.0
C_k9_3od_x0.8,C,init,6,12,23,23,74,9.0
C_k9_3od_x0.8,C,init,6,13,23,23,79,9.0
C_k9_3od_x0.8,C,init,6,14,23,23,80,9.0
C_k9_3od_x0.8,C,init,6,15,23,23,83,9.0
C_k9_3od_x0.8,C,init,7,1,24,21,60,3.75
C_k9_3od_x0.8,C,init,7,2,23,23,77,9.0
C_k9_3od_x0.8,C,init,7,3,23,23,83,9.0
C_k9_3od_x0.8,C,init,7,4,23,23,81,9.0
C_k9_3od_x0.8,C,init,7,5,23,23,74,9.0
C_k9_3od_x0.8,C,init,7,6,23,23,80,9.0
C_k9_3od_x0.8,C,init,7,7,23,23,74,9.0
C_k9_3od_x0.8,C,init,7,8,23,23,78,9.0
C_k9_3od_x0.8,C,init,7,9,23,23,78,9.0
C_k9_3od_x0.8,C,init,7,10,23,23,79,9.0
C_k9_3od_x0.8,C,init,7,11,23,23,77,9.0
C_k9_3od_x0.8,C,init,7,12,23,23,82,9.0
C_k9_3od_x0.8,C,init,7,13,23,23,83,9.0
C_k9_3od_x0.8,C,init,7,14,23,23,76,9.0
C_k9_3od_x0.8,C,init,7,15,23,23,78,9.0
C_k9_3od_x0.8,C,init,8,1,24,23,58,4.375
C_k9_3od_x0.8,C,init,8,2,23,23,80,9.0
C_k9_3od_x0.8,C,init,8,3,23,23,79,9.0
C_k9_3od_x0.8,C,init,8,4,23,23,83,9.0
C_k9_3od_x0.8,C,init,8,5,23,23,80,9.0
C_k9_3od_x0.8,C,init,8,6,23,23,84,9.0
C_k9_3od_x0.8,C,init,8,7,23,23,78,9.0
C_k9_3od_x0.8,C,init,8,8,23,23,76,9.0
C_k9_3od_x0.8,C,init,8,9,23,23,69,9.0
C_k9_3od_x0.8,C,init,8,10,23,23,85,9.0
C_k9_3od_x0.8,C,init,8,11,23,23,79,9.0
C_k9_3od_x0.8,C,init,8,12,23,23,73,9.0
C_k9_3od_x0.8,C,init,8,13,23,23,81,9.0
C_k9_3od_x0.8,C,init,8,14,23,23,81,9.0
C_k9_3od_x0.8,C,init,8,15,23,23,76,9.0
C_k9_3od_x0.8,C,init,9,1,24,22,60,4.541666666666667
C_k9_3od_x0.8,C,init,9,2,23,23,82,9.0
C_k9_3od_x0.8,C,init,9,3,23,23,81,9.0
C_k9_3od_x0.8,C,init,9,4,23,23,81,9.0
C_k9_3od_x0.8,C,init,9,5,23,23,78,9.0
C_k9_3od_x0.8,C,init,9,6,23,23,84,9.0
C_k9_3od_x0.8,C,init,9,7,23,23,77,9.0
C_k9_3od_x0.8,C,init,9,8,23,23,77,9.0
C_k9_3od_x0.8,C,init,9,9,23,23,78,9.0
C_k9_3od_x0.8,C,init,9,10,23,23,72,9.0
C_k9_3od_x0.8,C,init,9,11,23,23,78,9.0
C_k9_3od_x0.8,C,init,9,12,23,23,77,9.0
C_k9_3od_x0.8,C,init,9,13,23,23,81,9.0
C_k9_3od_x0.8,C,init,9,14,23,23,79,9.0
C_k9_3od_x0.8,C,init,9,15,23,23,80,9.0
C_k9_3od_x0.8,C,mutation,0,1,24,24,74,5.875
C_k9_3od_x0.8,C,mutation,0,2,23,23,74,9.0
C_k9_3od_x0.8,C,mutation,0,3,23,23,78,9.0
C_k9_3od_x0.8,C,mutation,0,4,23,23,76,9.0
C_k9_3od_x0.8,C,mutation,0,5,23,23,69,9.0
C_k9_3od_x0.8,C,mutation,0,6,23,23,73,9.0
C_k9_3od_x0.8,C,mutation,0,7,23,23,73,9.0
C_k9_3od_x0.8,C,mutation,0,8,23,23,78,9.0
C_k9_3od_x0.8,C,mutation,0,9,23,23,74,9.0
C_k9_3od_x0.8,C,mutation,0,10,23,23,73,9.0
C_k9_3od_x0.8,C,mutation,0,11,23,23,73,9.0
C_k9_3od_x0.8,C,mutation,0,12,23,23,77,9.0
C_k9_3od_x0.8,C,mutation,0,13,23,23,78,9.0
C_k9_3od_x0.8,C,mutation,0,14,23,23,79,9.0
C_k9_3od_x0.8,C,mutation,0,15,23,23,70,9.0
C_k9_3od_x0.8,C,mutation,1,1,24,24,61,4.291666666666667
C_k9_3od_x0.8,C,mutation,1,2,23,23,76,9.0
C_k9_3od_x0.8,C,mutation,1,3,23,23,78,9.0
C_k9_3od_x0.8,C,mutation,1,4,23,23,73,9.0
C_k9_3od_x0.8,C,mutation,1,5,23,23,74,9.0
C_k9_3od_x0.8,C,mutation,1,6,23,23,70,9.0
C_k9_3od_x0.8,C,mutation,1,7,23,23,70,9.0
C_k9_3od_x0.8,C,mutation,1,8,23,23,72,9.0
C_k9_3od_x0.8,C,mutation,1,9,23,23,78,9.0
C_k9_3od_x0.8,C,mutation,1,10,23,23,71,9.0
C_k9_3od_x0.8,C,mutation,1,11,23,23,77,9.0
C_k9_3od_x0.8,C,mutation,1,12,23,23,75,9.0
C_k9_3od_x0.8,C,mutation,1,13,23,23,72,9.0
C_k9_3od_x0.8,C,mutation,1,14,23,23,72,9.0
C_k9_3od_x0.8,C,mutation,1,15,23,23,68,9.0
C_k9_3od_x0.8,C,mutation,2,1,24,24,69,5.291666666666667
C_k9_3od_x0.8,C,mutation,2,2,23,23,79,9.0
C_k9_3od_x0.8,C,mutation,2,3,23,23,74,9.0
C_k9_3od_x0.8,C,mutation,2,4,23,23,73,9.0
C_k9_3od_x0.8,C,mutation,2,5,23,23,77,9.0
C_k9_3od_x0.8,C,mutation,2,6,23,23,77,9.0
C_k9_3od_x0.8,C,mutation,2,7,23,23,72,9.0
C_k9_3od_x0.8,C,mutation,2,8,23,23,72,9.0
C_k9_3od_x0.8,C,mutation,2,9,23,23,74,9.0
C_k9_3od_x0.8,C,mutation,2,10,23,23,72,9.0
C_k9_3od_x0.8,C,mutation,2,11,23,23,72,9.0
C_k9_3od_x0.8,C,mutation,2,12,23,23,70,9.0
C_k9_3od_x0.8,C,mutation,2,13,23,23,77,9.0
C_k9_3od_x0.8,C,mutation,2,14,23,23,76,9.0
C_k9_3od_x0.8,C,mutation,2,15,23,23,73,9.0
C_k9_3od_x0.8,C,mutation,3,1,24,24,63,4.166666666666667
C_k9_3od_x0.8,C,mutation,3,2,23,23,82,9.0
C_k9_3od_x0.8,C,mutation,3,3,23,23,76,9.0
C_k9_3od_x0.8,C,mutation,3,4,23,23,78,9.0
C_k9_3od_x0.8,C,mutation,3,5,23,23,76,9.0
C_k9_3od_x0.8,C,mutation,3,6,23,23,74,9.0
C_k9_3od_x0.8,C,mutation,3,7,23,23,71,9.0
C_k9_3od_x0.8,C,mutation,3,8,23,23,71,9.0
C_k9_3od_x0.8,C,mutation,3,9,23,23,66,9.0
C_k9_3od_x0.8,C,mutation,3,10,23,23,69,9.0
C_k9_3od_x0.8,C,mutation,3,11,23,23,74,9.0
C_k9_3od_x0.8,C,mutation,3,12,23,23,72,9.0
C_k9_3od_x0.8,C,mutation,3,13,23,23,76,9.0
C_k9_3od_x0.8,C,mutation,3,14,23,23,73,9.0
C_k9_3od_x0.8,C,mutation,3,15,23,23,75,9.0
C_k9_3od_x0.8,C,mutation,4,1,24,24,64,4.041666666666667
C_k9_3od_x0.8,C,mutation,4,2,23,23,82,9.0
C_k9_3od_x0.8,C,mutation,4,3,23,23,75,9.0
C_k9_3od_x0.8,C,mutation,4,4,23,23,73,9.0
C_k9_3od_x0.8,C,mutation,4,5,23,23,77,9.0
C_k9_3od_x0.8,C,mutation,4,6,23,23,76,9.0
C_k9_3od_x0.8,C,mutation,4,7,23,23,67,9.0
C_k9_3od_x0.8,C,mutation,4,8,23,23,77,9.0
C_k9_3od_x0.8,C,mutation,4,9,23,23,74,9.0
C_k9_3od_x0.8,C,mutation,4,10,23,23,76,9.0
C_k9_3od_x0.8,C,mutation,4,11,23,23,75,9.0
C_k9_3od_x0.8,C,mutation,4,12,23,23,78,9.0
C_k9_3od_x0.8,C,mutation,4,13,23,23,77,9.0
C_k9_3od_x0.8,C,mutation,4,14,23,23,73,9.0
C_k9_3od_x0.8,C,mutation,4,15,23,23,77,9.0
C_k9_3od_x0.8,C,mutation,5,1,24,24,60,4.625
C_k9_3od_x0.8,C,mutation,5,2,23,23,75,9.0
C_k9_3od_x0.8,C,mutation,5,3,23,23,73,9.0
C_k9_3od_x0.8,C,mutation,5,4,23,23,71,9.0
C_k9_3od_x0.8,C,mutation,5,5,23,23,71,9.0
C_k9_3od_x0.8,C,mutation,5,6,23,23,78,9.0
C_k9_3od_x0.8,C,mutation,5,7,23,23,73,9.0
C_k9_3od_x0.8,C,mutation,5,8,23,23,80,9.0
C_k9_3od_x0.8,C,mutation,5,9,23,23,78,9.0
C_k9_3od_x0.8,C,mutation,5,10,23,23,77,9.0
C_k9_3od_x0.8,C,mutation,5,11,23,23,77,9.0
C_k9_3od_x0.8,C,mutation,5,12,23,23,75,9.0
C_k9_3od_x0.8,C,mutation,5,13,23,23,69,9.0
C_k9_3od_x0.8,C,mutation,5,14,23,23,72,9.0
C_k9_3od_x0.8,C,mutation,5,15,23,23,69,9.0
C_k9_3od_x0.8,C,mutation,6,1,24,24,64,5.125
C_k9_3od_x0.8,C,mutation,6,2,23,23,75,9.0
C_k9_3od_x0.8,C,mutation,6,3,23,23,76,9.0
C_k9_3od_x0.8,C,mutation,6,4,23,23,74,9.0
C_k9_3od_x0.8,C,mutation,6,5,23,23,73,9.0
C_k9_3od_x0.8,C,mutation,6,6,23,23,78,9.0
C_k9_3od_x0.8,C,mutation,6,7,23,23,77,9.0
C_k9_3od_x0.8,C,mutation,6,8,23,23,77,9.0
C_k9_3od_x0.8,C,mutation,6,9,23,23,71,9.0
C_k9_3od_x0.8,C,mutation,6,10,23,23,75,9.0
C_k9_3od_x0.8,C,mutation,6,11,23,23,75,9.0
C_k9_3od_x0.8,C,mutation,6,12,23,23,74,9.0
C_k9_3od_x0.8,C,mutation,6,13,23,23,74,9.0
C_k9_3od_x0.8,C,mutation,6,14,23,23,73,9.0
C_k9_3od_x0.8,C,mutation,6,15,23,23,72,9.0
C_k9_3od_x0.8,C,mutation,7,1,24,24,75,5.291666666666667
C_k9_3od_x0.8,C,mutation,7,2,23,23,78,9.0
C_k9_3od_x0.8,C,mutation,7,3,23,23,73,9.0
C_k9_3od_x0.8,C,mutation,7,4,23,23,75,9.0
C_k9_3od_x0.8,C,mutation,7,5,23,23,75,9.0
C_k9_3od_x0.8,C,mutation,7,6,23,23,73,9.0
C_k9_3od_x0.8,C,mutation,7,7,23,23,76,9.0
C_k9_3od_x0.8,C,mutation,7,8,23,23,72,9.0
C_k9_3od_x0.8,C,mutation,7,9,23,23,75,9.0
C_k9_3od_x0.8,C,mutation,7,10,23,23,71,9.0
C_k9_3od_x0.8,C,mutation,7,11,23,23,77,9.0
C_k9_3od_x0.8,C,mutation,7,12,23,23,73,9.0
C_k9_3od_x0.8,C,mutation,7,13,23,23,69,9.0
C_k9_3od_x0.8,C,mutation,7,14,23,23,72,9.0
C_k9_3od_x0.8,C,mutation,7,15,23,23,78,9.0
C_k9_3od_x0.8,C,mutation,8,1,24,24,66,4.208333333333333
C_k9_3od_x0.8,C,mutation,8,2,23,23,79,9.0
C_k9_3od_x0.8,C,mutation,8,3,23,23,79,9.0
C_k9_3od_x0.8,C,mutation,8,4,23,23,74,9.0
C_k9_3od_x0.8,C,mutation,8,5,23,23,71,9.0
C_k9_3od_x0.8,C,mutation,8,6,23,23,73,9.0
C_k9_3od_x0.8,C,mutation,8,7,23,23,78,9.0
C_k9_3od_x0.8,C,mutation,8,8,23,23,70,9.0
C_k9_3od_x0.8,C,mutation,8,9,23,23,71,9.0
C_k9_3od_x0.8,C,mutation,8,10,23,23,75,9.0
C_k9_3od_x0.8,C,mutation,8,11,23,23,79,9.0
C_k9_3od_x0.8,C,mutation,8,12,23,23,82,9.0
C_k9_3od_x0.8,C,mutation,8,13,23,23,72,9.0
C_k9_3od_x0.8,C,mutation,8,14,23,23,77,9.0
C_k9_3od_x0.8,C,mutation,8,15,23,23,81,9.0
C_k9_3od_x0.8,C,mutation,9,1,24,24,63,5.0
C_k9_3od_x0.8,C,mutation,9,2,23,23,79,9.0
C_k9_3od_x0.8,C,mutation,9,3,23,23,75,9.0
C_k9_3od_x0.8,C,mutation,9,4,23,23,73,9.0
C_k9_3od_x0.8,C,mutation,9,5,23,23,73,9.0
C_k9_3od_x0.8,C,mutation,9,6,23,23,75,9.0
C_k9_3od_x0.8,C,mutation,9,7,23,23,70,9.0
C_k9_3od_x0.8,C,mutation,9,8,23,23,73,9.0
C_k9_3od_x0.8,C,mutation,9,9,23,23,80,9.0
C_k9_3od_x0.8,C,mutation,9,10,23,23,80,9.0
C_k9_3od_x0.8,C,mutation,9,11,23,23,77,9.0
C_k9_3od_x0.8,C,mutation,9,12,23,23,74,9.0
C_k9_3od_x0.8,C,mutation,9,13,23,23,79,9.0
C_k9_3od_x0.8,C,mutation,9,14,23,23,68,9.0
C_k9_3od_x0.8,C,mutation,9,15,23,23,69,9.0
C_k9_3od_x0.8,C,none,0,1,24,24,74,5.875
C_k9_3od_x0.8,C,none,0,2,23,23,82,9.0
C_k9_3od_x0.8,C,none,0,3,23,23,80,9.0
C_k9_3od_x0.8,C,none,0,4,23,23,72,9.0
C_k9_3od_x0.8,C,none,0,5,23,23,82,9.0
C_k9_3od_x0.8,C,none,0,6,23,23,82,9.0
C_k9_3od_x0.8,C,none,0,7,23,23,78,9.0
C_k9_3od_x0.8,C,none,0,8,23,23,76,9.0
C_k9_3od_x0.8,C,none,0,9,23,23,80,9.0
C_k9_3od_x0.8,C,none,0,10,23,23,85,9.0
C_k9_3od_x0.8,C,none,0,11,23,23,77,9.0
C_k9_3od_x0.8,C,none,0,12,23,23,82,9.0
C_k9_3od_x0.8,C,none,0,13,23,23,76,9.0
C_k9_3od_x0.8,C,none,0,14,23,23,80,9.0
C_k9_3od_x0.8,C,none,0,15,23,23,82,9.0
C_k9_3od_x0.8,C,none,1,1,24,24,61,4.291666666666667
C_k9_3od_x0.8,C,none,1,2,23,23,78,9.0
C_k9_3od_x0.8,C,none,1,3,23,23,78,9.0
C_k9_3od_x0.8,C,none,1,4,23,23,77,9.0
C_k9_3od_x0.8,C,none,1,5,23,23,83,9.0
C_k9_3od_x0.8,C,none,1,6,23,23,80,9.0
C_k9_3od_x0.8,C,none,1,7,23,23,75,9.0
C_k9_3od_x0.8,C,none,1,8,23,23,73,9.0
C_k9_3od_x0.8,C,none,1,9,23,23,75,9.0
C_k9_3od_x0.8,C,none,1,10,23,23,81,9.0
C_k9_3od_x0.8,C,none,1,11,23,23,80,9.0
C_k9_3od_x0.8,C,none,1,12,23,23,78,9.0
C_k9_3od_x0.8,C,none,1,13,23,23,77,9.0
C_k9_3od_x0.8,C,none,1,14,23,23,73,9.0
C_k9_3od_x0.8,C,none,1,15,23,23,78,9.0
C_k9_3od_x0.8,C,none,2,1,24,24,69,5.291666666666667
C_k9_3od_x0.8,C,none,2,2,23,23,76,9.0
C_k9_3od_x0.8,C,none,2,3,23,23,78,9.0
C_k9_3od_x0.8,C,none,2,4,23,23,81,9.0
C_k9_3od_x0.8,C,none,2,5,23,23,76,9.0
C_k9_3od_x0.8,C,none,2,6,23,23,75,9.0
C_k9_3od_x0.8,C,none,2,7,23,23,80,9.0
C_k9_3od_x0.8,C,none,2,8,23,23,78,9.0
C_k9_3od_x0.8,C,none,2,9,23,23,72,9.0
C_k9_3od_x0.8,C,none,2,10,23,23,81,9.0
C_k9_3od_x0.8,C,none,2,11,23,23,77,9.0
C_k9_3od_x0.8,C,none,2,12,23,23,75,9.0
C_k9_3od_x0.8,C,none,2,13,23,23,79,9.0
C_k9_3od_x0.8,C,none,2,14,23,23,77,9.0
C_k9_3od_x0.8,C,none,2,15,23,23,79,9.0
C_k9_3od_x0.8,C,none,3,1,24,24,63,4.166666666666667
C_k9_3od_x0.8,C,none,3,2,23,23,84,9.0
C_k9_3od_x0.8,C,none,3,3,23,23,78,9.0
C_k9_3od_x0.8,C,none,3,4,23,23,77,9.0
C_k9_3od_x0.8,C,none,3,5,23,23,79,9.0
C_k9_3od_x0.8,C,none,3,6,23,23,75,9.0
C_k9_3od_x0.8,C,none,3,7,23,23,74,9.0
C_k9_3od_x0.8,C,none,3,8,23,23,79,9.0
C_k9_3od_x0.8,C,none,3,9,23,23,73,9.0
C_k9_3od_x0.8,C,none,3,10,23,23,78,9.0
C_k9_3od_x0.8,C,none,3,11,23,23,76,9.0
C_k9_3od_x0.8,C,none,3,12,23,23,79,9.0
C_k9_3od_x0.8,C,none,3,13,23,23,75,9.0
C_k9_3od_x0.8,C,none,3,14,23,23,83,9.0
C_k9_3od_x0.8,C,none,3,15,23,23,78,9.0
C_k9_3od_x0.8,C,none,4,1,24,24,64,4.041666666666667
C_k9_3od_x0.8,C,none,4,2,23,23,82,9.0
C_k9_3od_x0.8,C,none,4,3,23,23,84,9.0
C_k9_3od_x0.8,C,none,4,4,23,23,79,9.0
C_k9_3od_x0.8,C,none,4,5,23,23,75,9.0
C_k9_3od_x0.8,C,none,4,6,23,23,75,9.0
C_k9_3od_x0.8,C,none,4,7,23,23,83,9.0
C_k9_3od_x0.8,C,none,4,8,23,23,78,9.0
C_k9_3od_x0.8,C,none,4,9,23,23,77,9.0
C_k9_3od_x0.8,C,none,4,10,23,23,76,9.0
C_k9_3od_x0.8,C,none,4,11,23,23,81,9.0
C_k9_3od_x0.8,C,none,4,12,23,23,77,9.0
C_k9_3od_x0.8,C,none,4,13,23,23,77,9.0
C_k9_3od_x0.8,C,none,4,14,23,23,78,9.0
C_k9_3od_x0.8,C,none,4,15,23,23,73,9.0
C_k9_3od_x0.8,C,none,5,1,24,24,60,4.625
C_k9_3od_x0.8,C,none,5,2,23,23,78,9.0
C_k9_3od_x0.8,C,none,5,3,23,23,77,9.0
C_k9_3od_x0.8,C,none,5,4,23,23,80,9.0
C_k9_3od_x0.8,C,none,5,5,23,23,76,9.0
C_k9_3od_x0.8,C,none,5,6,23,23,74,9.0
C_k9_3od_x0.8,C,none,5,7,23,23,81,9.0
C_k9_3od_x0.8,C,none,5,8,23,23,76,9.0
C_k9_3od_x0.8,C,none,5,9,23,23,77,9.0
C_k9_3od_x0.8,C,none,5,10,23,23,73,9.0
C_k9_3od_x0.8,C,none,5,11,23,23,78,9.0
C_k9_3od_x0.8,C,none,5,12,23,23,80,9.0
C_k9_3od_x0.8,C,none,5,13,23,23,78,9.0
C_k9_3od_x0.8,C,none,5,14,23,23,75,9.0
C_k9_3od_x0.8,C,none,5,15,23,23,78,9.0
C_k9_3od_x0.8,C,none,6,1,24,24,64,5.125
C_k9_3od_x0.8,C,none,6,2,23,23,83,9.0
C_k9_3od_x0.8,C,none,6,3,23,23,81,9.0
C_k9_3od_x0.8,C,none,6,4,23,23,82,9.0
C_k9_3od_x0.8,C,none,6,5,23,23,86,9.0
C_k9_3od_x0.8,C,none,6,6,23,23,75,9.0
C_k9_3od_x0.8,C,none,6,7,23,23,77,9.0
C_k9_3od_x0.8,C,none,6,8,23,23,78,9.0
C_k9_3od_x0.8,C,none,6,9,23,23,73,9.0
C_k9_3od_x0.8,C,none,6,10,23,23,78,9.0
C_k9_3od_x0.8,C,none,6,11,23,23,79,9.0
C_k9_3od_x0.8,C,none,6,12,23,23,81,9.0
C_k9_3od_x0.8,C,none,6,13,23,23,71,9.0
C_k9_3od_x0.8,C,none,6,14,23,23,82,9.0
C_k9_3od_x0.8,C,none,6,15,23,23,79,9.0
C_k9_3od_x0.8,C,none,7,1,24,24,75,5.291666666666667
C_k9_3od_x0.8,C,none,7,2,23,23,82,9.0
C_k9_3od_x0.8,C,none,7,3,23,23,79,9.0
C_k9_3od_x0.8,C,none,7,4,23,23,79,9.0
C_k9_3od_x0.8,C,none,7,5,23,23,74,9.0
C_k9_3od_x0.8,C,none,7,6,23,23,77,9.0
C_k9_3od_x0.8,C,none,7,7,23,23,80,9.0
C_k9_3od_x0.8,C,none,7,8,23,23,79,9.0
C_k9_3od_x0.8,C,none,7,9,23,23,76,9.0
C_k9_3od_x0.8,C,none,7,10,23,23,72,9.0
C_k9_3od_x0.8,C,none,7,11,23,23,81,9.0
C_k9_3od_x0.8,C,none,7,12,23,23,76,9.0
C_k9_3od_x0.8,C,none,7,13,23,23,75,9.0
C_k9_3od_x0.8,C,none,7,14,23,23,80,9.0
C_k9_3od_x0.8,C,none,7,15,23,23,73,9.0
C_k9_3od_x0.8,C,none,8,1,24,24,66,4.208333333333333
C_k9_3od_x0.8,C,none,8,2,23,23,79,9.0
C_k9_3od_x0.8,C,none,8,3,23,23,74,9.0
C_k9_3od_x0.8,C,none,8,4,23,23,79,9.0
C_k9_3od_x0.8,C,none,8,5,23,23,79,9.0
C_k9_3od_x0.8,C,none,8,6,23,23,75,9.0
C_k9_3od_x0.8,C,none,8,7,23,23,85,9.0
C_k9_3od_x0.8,C,none,8,8,23,23,77,9.0
C_k9_3od_x0.8,C,none,8,9,23,23,77,9.0
C_k9_3od_x0.8,C,none,8,10,23,23,79,9.0
C_k9_3od_x0.8,C,none,8,11,23,23,80,9.0
C_k9_3od_x0.8,C,none,8,12,23,23,76,9.0
C_k9_3od_x0.8,C,none,8,13,23,23,83,9.0
C_k9_3od_x0.8,C,none,8,14,23,23,77,9.0
C_k9_3od_x0.8,C,none,8,15,23,23,81,9.0
C_k9_3od_x0.8,C,none,9,1,24,24,63,5.0
C_k9_3od_x0.8,C,none,9,2,23,23,83,9.0
C_k9_3od_x0.8,C,none,9,3,23,23,79,9.0
C_k9_3od_x0.8,C,none,9,4,23,23,76,9.0
C_k9_3od_x0.8,C,none,9,5,23,23,80,9.0
C_k9_3od_x0.8,C,none,9,6,23,23,79,9.0
C_k9_3od_x0.8,C,none,9,7,23,23,75,9.0
C_k9_3od_x0.8,C,none,9,8,23,23,79,9.0
C_k9_3od_x0.8,C,none,9,9,23,23,80,9.0
C_k9_3od_x0.8,C,none,9,10,23,23,69,9.0
C_k9_3od_x0.8,C,none,9,11,23,23,77,9.0
C_k9_3od_x0.8,C,none,9,12,23,23,78,9.0
C_k9_3od_x0.8,C,none,9,13,23,23,76,9.0
C_k9_3od_x0.8,C,none,9,14,23,23,77,9.0
C_k9_3od_x0.8,C,none,9,15,23,23,75,9.0
C_k9_3od_x1.0,C,both,0,1,24,24,68,4.958333333333333
C_k9_3od_x1.0,C,both,0,2,23,23,75,9.0
C_k9_3od_x1.0,C,both,0,3,23,23,74,9.0
C_k9_3od_x1.0,C,both,0,4,23,23,75,9.0
C_k9_3od_x1.0,C,both,0,5,23,23,76,9.0
C_k9_3od_x1.0,C,both,0,6,23,23,73,9.0
C_k9_3od_x1.0,C,both,0,7,23,23,71,9.0
C_k9_3od_x1.0,C,both,0,8,23,23,78,9.0
C_k9_3od_x1.0,C,both,0,9,23,23,73,9.0
C_k9_3od_x1.0,C,both,0,10,23,23,72,9.0
C_k9_3od_x1.0,C,both,0,11,23,23,76,9.0
C_k9_3od_x1.0,C,both,0,12,23,23,74,9.0
C_k9_3od_x1.0,C,both,0,13,23,23,74,9.0
C_k9_3od_x1.0,C,both,0,14,23,23,73,9.0
C_k9_3od_x1.0,C,both,0,15,23,23,75,9.0
C_k9_3od_x1.0,C,both,1,1,24,22,54,4.375
C_k9_3od_x1.0,C,both,1,2,23,23,74,9.0
C_k9_3od_x1.0,C,both,1,3,23,23,78,9.0
C_k9_3od_x1.0,C,both,1,4,23,23,77,9.0
C_k9_3od_x1.0,C,both,1,5,23,23,74,9.0
C_k9_3od_x1.0,C,both,1,6,23,23,74,9.0
C_k9_3od_x1.0,C,both,1,7,23,23,75,9.0
C_k9_3od_x1.0,C,both,1,8,23,23,72,9.0
C_k9_3od_x1.0,C,both,1,9,23,23,75,9.0
C_k9_3od_x1.0,C,both,1,10,23,23,75,9.0
C_k9_3od_x1.0,C,both,1,11,23,23,76,9.0
C_k9_3od_x1.0,C,both,1,12,23,23,80,9.0
C_k9_3od_x1.0,C,both,1,13,23,23,75,9.0
C_k9_3od_x1.0,C,both,1,14,23,23,76,9.0
C_k9_3od_x1.0,C,both,1,15,23,23,73,9.0
C_k9_3od_x1.0,C,both,2,1,24,21,66,4.416666666666667
C_k9_3od_x1.0,C,both,2,2,23,23,73,9.0
C_k9_3od_x1.0,C,both,2,3,23,23,77,9.0
C_k9_3od_x1.0,C,both,2,4,23,23,76,9.0
C_k9_3od_x1.0,C,both,2,5,23,23,70,9.0
C_k9_3od_x1.0,C,both,2,6,23,23,78,9.0
C_k9_3od_x1.0,C,both,2,7,23,23,77,9.0
C_k9_3od_x1.0,C,both,2,8,23,23,69,9.0
C_k9_3od_x1.0,C,both,2,9,23,23,78,9.0
C_k9_3od_x1.0,C,both,2,10,23,23,76,9.0
C_k9_3od_x1.0,C,both,2,11,23,23,76,9.0
C_k9_3od_x1.0,C,both,2,12,23,23,75,9.0
C_k9_3od_x1.0,C,both,2,13,23,23,79,9.0
C_k9_3od_x1.0,C,both,2,14,23,23,79,9.0
C_k9_3od_x1.0,C,both,2,15,23,23,74,9.0
C_k9_3od_x1.0,C,both,3,1,24,24,62,5.416666666666667
C_k9_3od_x1.0,C,both,3,2,23,23,74,9.0
C_k9_3od_x1.0,C,both,3,3,23,23,77,9.0
C_k9_3od_x1.0,C,both,3,4,23,23,71,9.0
C_k9_3od_x1.0,C,both,3,5,23,23,75,9.0
C_k9_3od_x1.0,C,both,3,6,23,23,77,9.0
C_k9_3od_x1.0,C,both,3,7,23,23,72,9.0
C_k9_3od_x1.0,C,both,3,8,23,23,76,9.0
C_k9_3od_x1.0,C,both,3,9,23,23,79,9.0
C_k9_3od_x1.0,C,both,3,10,23,23,75,9.0
C_k9_3od_x1.0,C,both,3,11,23,23,78,9.0
C_k9_3od_x1.0,C,both,3,12,23,23,77,9.0
C_k9_3od_x1.0,C,both,3,13,23,23,72,9.0
C_k9_3od_x1.0,C,both,3,14,23,23,72,9.0
C_k9_3od_x1.0,C,both,3,15,23,23,74,9.0
C_k9_3od_x1.0,C,both,4,1,24,22,50,3.5416666666666665
C_k9_3od_x1.0,C,both,4,2,23,23,80,9.0
C_k9_3od_x1.0,C,both,4,3,23,23,76,9.0
C_k9_3od_x1.0,C,both,4,4,23,23,80,9.0
C_k9_3od_x1.0,C,both,4,5,23,23,78,9.0
C_k9_3od_x1.0,C,both,4,6,23,23,74,9.0
C_k9_3od_x1.0,C,both,4,7,23,23,78,9.0
C_k9_3od_x1.0,C,both,4,8,23,23,75,9.0
C_k9_3od_x1.0,C,both,4,9,23,23,72,9.0
C_k9_3od_x1.0,C,both,4,10,23,23,74,9.0
C_k9_3od_x1.0,C,both,4,11,23,23,71,9.0
C_k9_3od_x1.0,C,both,4,12,23,23,75,9.0
C_k9_3od_x1.0,C,both,4,13,23,23,76,9.0
C_k9_3od_x1.0,C,both,4,14,23,23,74,9.0
C_k9_3od_x1.0,C,both,4,15,23,23,78,9.0
C_k9_3od_x1.0,C,both,5,1,24,22,59,4.25
C_k9_3od_x1.0,C,both,5,2,23,23,75,9.0
C_k9_3od_x1.0,C,both,5,3,23,23,80,9.0
C_k9_3od_x1.0,C,both,5,4,23,23,71,9.0
C_k9_3od_x1.0,C,both,5,5,23,23,74,9.0
C_k9_3od_x1.0,C,both,5,6,23,23,71,9.0
C_k9_3od_x1.0,C,both,5,7,23,23,72,9.0
C_k9_3od_x1.0,C,both,5,8,23,23,76,9.0
C_k9_3od_x1.0,C,both,5,9,23,23,71,9.0
C_k9_3od_x1.0,C,both,5,10,23,23,76,9.0
C_k9_3od_x1.0,C,both,5,11,23,23,73,9.0
C_k9_3od_x1.0,C,both,5,12,23,23,80,9.0
C_k9_3od_x1.0,C,both,5,13,23,23,68,9.0
C_k9_3od_x1.0,C,both,5,14,23,23,77,9.0
C_k9_3od_x1.0,C,both,5,15,23,23,75,9.0
C_k9_3od_x1.0,C,both,6,1,24,22,65,4.958333333333333
C_k9_3od_x1.0,C,both,6,2,23,23,73,9.0
C_k9_3od_x1.0,C,both,6,3,23,23,71,9.0
C_k9_3od_x1.0,C,both,6,4,23,23,75,9.0
C_k9_3od_x1.0,C,both,6,5,23,23,74,9.0
C_k9_3od_x1.0,C,both,6,6,23,23,74,9.0
C_k9_3od_x1.0,C,both,6,7,23,23,70,9.0
C_k9_3od_x1.0,C,both,6,8,23,23,72,9.0
C_k9_3od_x1.0,C,both,6,9,23,23,76,9.0
C_k9_3od_x1.0,C,both,6,10,23,23,73,9.0
C_k9_3od_x1.0,C,both,6,11,23,23,70,9.0
C_k9_3od_x1.0,C,both,6,12,23,23,78,9.0
C_k9_3od_x1.0,C,both,6,13,23,23,81,9.0
C_k9_3od_x1.0,C,both,6,14,23,23,76,9.0
C_k9_3od_x1.0,C,both,6,15,23,23,75,9.0
C_k9_3od_x1.0,C,both,7,1,24,21,58,3.75
C_k9_3od_x1.0,C,both,7,2,23,23,75,9.0
C_k9_3od_x1.0,C,both,7,3,23,23,73,9.0
C_k9_3od_x1.0,C,both,7,4,23,23,76,9.0
C_k9_3od_x1.0,C,both,7,5,23,23,75,9.0
C_k9_3od_x1.0,C,both,7,6,23,23,76,9.0
C_k9_3od_x1.0,C,both,7,7,23,23,76,9.0
C_k9_3od_x1.0,C,both,7,8,23,23,68,9.0
C_k9_3od_x1.0,C,both,7,9,23,23,72,9.0
C_k9_3od_x1.0,C,both,7,10,23,23,73,9.0
C_k9_3od_x1.0,C,both,7,11,23,23,75,9.0
C_k9_3od_x1.0,C,both,7,12,23,23,74,9.0
C_k9_3od_x1.0,C,both,7,13,23,23,77,9.0
C_k9_3od_x1.0,C,both,7,14,23,23,75,9.0
C_k9_3od_x1.0,C,both,7,15,23,23,74,9.0
C_k9_3od_x1.0,C,both,8,1,24,23,58,4.375
C_k9_3od_x1.0,C,both,8,2,23,23,74,9.0
C_k9_3od_x1.0,C,both,8,3,23,23,79,9.0
C_k9_3od_x1.0,C,both,8,4,23,23,75,9.0
C_k9_3od_x1.0,C,both,8,5,23,23,71,9.0
C_k9_3od_x1.0,C,both,8,6,23,23,74,9.0
C_k9_3od_x1.0,C,both,8,7,23,23,77,9.0
C_k9_3od_x1.0,C,both,8,8,23,23,73,9.0
C_k9_3od_x1.0,C,both,8,9,23,23,74,9.0
C_k9_3od_x1.0,C,both,8,10,23,23,71,9.0
C_k9_3od_x1.0,C,both,8,11,23,23,70,9.0
C_k9_3od_x1.0,C,both,8,12,23,23,71,9.0
C_k9_3od_x1.0,C,both,8,13,23,23,75,9.0
C_k9_3od_x1.0,C,both,8,14,23,23,79,9.0
C_k9_3od_x1.0,C,both,8,15,23,23,76,9.0
C_k9_3od_x1.0,C,both,9,1,24,22,53,4.541666666666667
C_k9_3od_x1.0,C,both,9,2,23,23,78,9.0
C_k9_3od_x1.0,C,both,9,3,23,23,74,9.0
C_k9_3od_x1.0,C,both,9,4,23,23,76,9.0
C_k9_3od_x1.0,C,both,9,5,23,23,75,9.0
C_k9_3od_x1.0,C,both,9,6,23,23,75,9.0
C_k9_3od_x1.0,C,both,9,7,23,23,71,9.0
C_k9_3od_x1.0,C,both,9,8,23,23,74,9.0
C_k9_3od_x1.0,C,both,9,9,23,23,75,9.0
C_k9_3od_x1.0,C,both,9,10,23,23,71,9.0
C_k9_3od_x1.0,C,both,9,11,23,23,75,9.0
C_k9_3od_x1.0,C,both,9,12,23,23,75,9.0
C_k9_3od_x1.0,C,both,9,13,23,23,73,9.0
C_k9_3od_x1.0,C,both,9,14,23,23,73,9.0
C_k9_3od_x1.0,C,both,9,15,23,23,73,9.0
C_k9_3od_x1.0,C,init,0,1,24,24,68,4.958333333333333
C_k9_3od_x1.0,C,init,0,2,23,23,78,9.0
C_k9_3od_x1.0,C,init,0,3,23,23,80,9.0
C_k9_3od_x1.0,C,init,0,4,23,23,73,9.0
C_k9_3od_x1.0,C,init,0,5,23,23,80,9.0
C_k9_3od_x1.0,C,init,0,6,23,23,78,9.0
C_k9_3od_x1.0,C,init,0,7,23,23,77,9.0
C_k9_3od_x1.0,C,init,0,8,23,23,79,9.0
C_k9_3od_x1.0,C,init,0,9,23,23,78,9.0
C_k9_3od_x1.0,C,init,0,10,23,23,82,9.0
C_k9_3od_x1.0,C,init,0,11,23,23,87,9.0
C_k9_3od_x1.0,C,init,0,12,23,23,80,9.0
C_k9_3od_x1.0,C,init,0,13,23,23,79,9.0
C_k9_3od_x1.0,C,init,0,14,23,23,81,9.0
C_k9_3od_x1.0,C,init,0,15,23,23,77,9.0
C_k9_3od_x1.0,C,init,1,1,24,22,54,4.375
C_k9_3od_x1.0,C,init,1,2,23,23,80,9.0
C_k9_3od_x1.0,C,init,1,3,23,23,75,9.0
C_k9_3od_x1.0,C,init,1,4,23,23,79,9.0
C_k9_3od_x1.0,C,init,1,5,23,23,74,9.0
C_k9_3od_x1.0,C,init,1,6,23,23,79,9.0
C_k9_3od_x1.0,C,init,1,7,23,23,80,9.0
C_k9_3od_x1.0,C,init,1,8,23,23,77,9.0
C_k9_3od_x1.0,C,init,1,9,23,23,80,9.0
C_k9_3od_x1.0,C,init,1,10,23,23,73,9.0
C_k9_3od_x1.0,C,init,1,11,23,23,81,9.0
C_k9_3od_x1.0,C,init,1,12,23,23,79,9.0
C_k9_3od_x1.0,C,init,1,13,23,23,76,9.0
C_k9_3od_x1.0,C,init,1,14,23,23,80,9.0
C_k9_3od_x1.0,C,init,1,15,23,23,79,9.0
C_k9_3od_x1.0,C,init,2,1,24,21,66,4.416666666666667
C_k9_3od_x1.0,C,init,2,2,23,23,82,9.0
C_k9_3od_x1.0,C,init,2,3,23,23,79,9.0
C_k9_3od_x1.0,C,init,2,4,23,23,74,9.0
C_k9_3od_x1.0,C,init,2,5,23,23,82,9.0
C_k9_3od_x1.0,C,init,2,6,23,23,78,9.0
C_k9_3od_x1.0,C,init,2,7,23,23,79,9.0
C_k9_3od_x1.0,C,init,2,8,23,23,78,9.0
C_k9_3od_x1.0,C,init,2,9,23,23,75,9.0
C_k9_3od_x1.0,C,init,2,10,23,23,74,9.0
C_k9_3od_x1.0,C,init,2,11,23,23,70,9.0
C_k9_3od_x1.0,C,init,2,12,23,23,78,9.0
C_k9_3od_x1.0,C,init,2,13,23,23,74,9.0
C_k9_3od_x1.0,C,init,2,14,23,23,79,9.0
C_k9_3od_x1.0,C,init,2,15,23,23,78,9.0
C_k9_3od_x1.0,C,init,3,1,24,24,62,5.416666666666667
C_k9_3od_x1.0,C,init,3,2,23,23,81,9.0
C_k9_3od_x1.0,C,init,3,3,23,23,78,9.0
C_k9_3od_x1.0,C,init,3,4,23,23,79,9.0
C_k9_3od_x1.0,C,init,3,5,23,23,77,9.0
C_k9_3od_x1.0,C,init,3,6,23,23,81,9.0
C_k9_3od_x1.0,C,init,3,7,23,23,78,9.0
C_k9_3od_x1.0,C,init,3,8,23,23,83,9.0
C_k9_3od_x1.0,C,init,3,9,23,23,79,9.0
C_k9_3od_x1.0,C,init,3,10,23,23,80,9.0
C_k9_3od_x1.0,C,init,3,11,23,23,82,9.0
C_k9_3od_x1.0,C,init,3,12,23,23,80,9.0
C_k9_3od_x1.0,C,init,3,13,23,23,79,9.0
C_k9_3od_x1.0,C,init,3,14,23,23,76,9.0
C_k9_3od_x1.0,C,init,3,15,23,23,77,9.0
C_k9_3od_x1.0,C,init,4,1,24,22,50,3.5416666666666665
C_k9_3od_x1.0,C,init,4,2,23,23,80,9.0
C_k9_3od_x1.0,C,init,4,3,23,23,80,9.0
C_k9_3od_x1.0,C,init,4,4,23,23,77,9.0
C_k9_3od_x1.0,C,init,4,5,23,23,82,9.0
C_k9_3od_x1.0,C,init,4,6,23,23,79,9.0
C_k9_3od_x1.0,C,init,4,7,23,23,74,9.0
C_k9_3od_x1.0,C,init,4,8,23,23,81,9.0
C_k9_3od_x1.0,C,init,4,9,23,23,78,9.0
C_k9_3od_x1.0,C,init,4,10,23,23,80,9.0
C_k9_3od_x1.0,C,init,4,11,23,23,84,9.0
C_k9_3od_x1.0,C,init,4,12,23,23,80,9.0
C_k9_3od_x1.0,C,init,4,13,23,23,81,9.0
C_k9_3od_x1.0,C,init,4,14,23,23,78,9.0
C_k9_3od_x1.0,C,init,4,15,23,23,76,9.0
C_k9_3od_x1.0,C,init,5,1,24,22,59,4.25
C_k9_3od_x1.0,C,init,5,2,23,23,77,9.0
C_k9_3od_x1.0,C,init,5,3,23,23,80,9.0
C_k9_3od_x1.0,C,init,5,4,23,23,77,9.0
C_k9_3od_x1.0,C,init,5,5,23,23,78,9.0
C_k9_3od_x1.0,C,init,5,6,23,23,75,9.0
C_k9_3od_x1.0,C,init,5,7,23,23,79,9.0
C_k9_3od_x1.0,C,init,5,8,23,23,73,9.0
C_k9_3od_x1.0,C,init,5,9,23,23,79,9.0
C_k9_3od_x1.0,C,init,5,10,23,23,80,9.0
C_k9_3od_x1.0,C,init,5,11,23,23,82,9.0
C_k9_3od_x1.0,C,init,5,12,23,23,78,9.0
C_k9_3od_x1.0,C,init,5,13,23,23,81,9.0
C_k9_3od_x1.0,C,init,5,14,23,23,78,9.0
C_k9_3od_x1.0,C,init,5,15,23,23,76,9.0
C_k9_3od_x1.0,C,init,6,1,24,22,65,4.958333333333333
C_k9_3od_x1.0,C,init,6,2,23,23,78,9.0
C_k9_3od_x1.0,C,init,6,3,23,23,75,9.0
C_k9_3od_x1.0,C,init,6,4,23,23,83,9.0
C_k9_3od_x1.0,C,init,6,5,23,23,78,9.0
C_k9_3od_x1.0,C,init,6,6,23,23,76,9.0
C_k9_3od_x1.0,C,init,6,7,23,23,80,9.0
C_k9_3od_x1.0,C,init,6,8,23,23,76,9.0
C_k9_3od_x1.0,C,init,6,9,23,23,79,9.0
C_k9_3od_x1.0,C,init,6,10,23,23,76,9.0
C_k9_3od_x1.0,C,init,6,11,23,23,77,9.0
C_k9_3od_x1.0,C,init,6,12,23,23,78,9.0
C_k9_3od_x1.0,C,init,6,13,23,23,76,9.0
C_k9_3od_x1.0,C,init,6,14,23,23,79,9.0
C_k9_3od_x1.0,C,init,6,15,23,23,74,9.0
C_k9_3od_x1.0,C,init,7,1,24,21,58,3.75
C_k9_3od_x1.0,C,init,7,2,23,23,76,9.0
C_k9_3od_x1.0,C,init,7,3,23,23,81,9.0
C_k9_3od_x1.0,C,init,7,4,23,23,79,9.0
C_k9_3od_x1.0,C,init,7,5,23,23,84,9.0
C_k9_3od_x1.0,C,init,7,6,23,23,81,9.0
C_k9_3od_x1.0,C,init,7,7,23,23,80,9.0
C_k9_3od_x1.0,C,init,7,8,23,23,81,9.0
C_k9_3od_x1.0,C,init,7,9,23,23,79,9.0
C_k9_3od_x1.0,C,init,7,10,23,23,78,9.0
C_k9_3od_x1.0,C,init,7,11,23,23,82,9.0
C_k9_3od_x1.0,C,init,7,12,23,23,71,9.0
C_k9_3od_x1.0,C,init,7,13,23,23,76,9.0
C_k9_3od_x1.0,C,init,7,14,23,23,85,9.0
C_k9_3od_x1.0,C,init,7,15,23,23,83,9.0
C_k9_3od_x1.0,C,init,8,1,24,23,58,4.375
C_k9_3od_x1.0,C,init,8,2,23,23,76,9.0
C_k9_3od_x1.0,C,init,8,3,23,23,79,9.0
C_k9_3od_x1.0,C,init,8,4,23,23,78,9.0
C_k9_3od_x1.0,C,init,8,5,23,23,78,9.0
C_k9_3od_x1.0,C,init,8,6,23,23,75,9.0
C_k9_3od_x1.0,C,init,8,7,23,23,80,9.0
C_k9_3od_x1.0,C,init,8,8,23,23,78,9.0
C_k9_3od_x1.0,C,init,8,9,23,23,73,9.0
C_k9_3od_x1.0,C,init,8,10,23,23,81,9.0
C_k9_3od_x1.0,C,init,8,11,23,23,81,9.0
C_k9_3od_x1.0,C,init,8,12,23,23,70,9.0
C_k9_3od_x1.0,C,init,8,13,23,23,81,9.0
C_k9_3od_x1.0,C,init,8,14,23,23,79,9.0
C_k9_3od_x1.0,C,init,8,15,23,23,82,9.0
C_k9_3od_x1.0,C,init,9,1,24,22,53,4.541666666666667
C_k9_3od_x1.0,C,init,9,2,23,23,76,9.0
C_k9_3od_x1.0,C,init,9,3,23,23,77,9.0
C_k9_3od_x1.0,C,init,9,4,23,23,77,9.0
C_k9_3od_x1.0,C,init,9,5,23,23,72,9.0
C_k9_3od_x1.0,C,init,9,6,23,23,81,9.0
C_k9_3od_x1.0,C,init,9,7,23,23,77,9.0
C_k9_3od_x1.0,C,init,9,8,23,23,75,9.0
C_k9_3od_x1.0,C,init,9,9,23,23,71,9.0
C_k9_3od_x1.0,C,init,9,10,23,23,76,9.0
C_k9_3od_x1.0,C,init,9,11,23,23,76,9.0
C_k9_3od_x1.0,C,init,9,12,23,23,71,9.0
C_k9_3od_x1.0,C,init,9,13,23,23,78,9.0
C_k9_3od_x1.0,C,init,9,14,23,23,78,9.0
C_k9_3od_x1.0,C,init,9,15,23,23,79,9.0
C_k9_3od_x1.0,C,mutation,0,1,24,24,74,5.875
C_k9_3od_x1.0,C,mutation,0,2,23,23,77,9.0
C_k9_3od_x1.0,C,mutation,0,3,23,23,74,9.0
C_k9_3od_x1.0,C,mutation,0,4,23,23,73,9.0
C_k9_3od_x1.0,C,mutation,0,5,23,23,77,9.0
C_k9_3od_x1.0,C,mutation,0,6,23,23,74,9.0
C_k9_3od_x1.0,C,mutation,0,7,23,23,74,9.0
C_k9_3od_x1.0,C,mutation,0,8,23,23,76,9.0
C_k9_3od_x1.0,C,mutation,0,9,23,23,72,9.0
C_k9_3od_x1.0,C,mutation,0,10,23,23,75,9.0
C_k9_3od_x1.0,C,mutation,0,11,23,23,73,9.0
C_k9_3od_x1.0,C,mutation,0,12,23,23,72,9.0
C_k9_3od_x1.0,C,mutation,0,13,23,23,74,9.0
C_k9_3od_x1.0,C,mutation,0,14,23,23,76,9.0
C_k9_3od_x1.0,C,mutation,0,15,23,23,72,9.0
C_k9_3od_x1.0,C,mutation,1,1,24,24,61,4.291666666666667
C_k9_3od_x1.0,C,mutation,1,2,23,23,76,9.0
C_k9_3od_x1.0,C,mutation,1,3,23,23,77,9.0
C_k9_3od_x1.0,C,mutation,1,4,23,23,72,9.0
C_k9_3od_x1.0,C,mutation,1,5,23,23,75,9.0
C_k9_3od_x1.0,C,mutation,1,6,23,23,72,9.0
C_k9_3od_x1.0,C,mutation,1,7,23,23,68,9.0
C_k9_3od_x1.0,C,mutation,1,8,23,23,70,9.0
C_k9_3od_x1.0,C,mutation,1,9,23,23,73,9.0
C_k9_3od_x1.0,C,mutation,1,10,23,23,74,9.0
C_k9_3od_x1.0,C,mutation,1,11,23,23,68,9.0
C_k9_3od_x1.0,C,mutation,1,12,23,23,73,9.0
C_k9_3od_x1.0,C,mutation,1,13,23,23,75,9.0
C_k9_3od_x1.0,C,mutation,1,14,23,23,71,9.0
C_k9_3od_x1.0,C,mutation,1,15,23,23,68,9.0
C_k9_3od_x1.0,C,mutation,2,1,24,24,69,5.291666666666667
C_k9_3od_x1.0,C,mutation,2,2,23,23,77,9.0
C_k9_3od_x1.0,C,mutation,2,3,23,23,83,9.0
C_k9_3od_x1.0,C,mutation,2,4,23,23,75,9.0
C_k9_3od_x1.0,C,mutation,2,5,23,23,75,9.0
C_k9_3od_x1.0,C,mutation,2,6,23,23,73,9.0
C_k9_3od_x1.0,C,mutation,2,7,23,23,76,9.0
C_k9_3od_x1.0,C,mutation,2,8,23,23,75,9.0
C_k9_3od_x1.0,C,mutation,2,9,23,23,73,9.0
C_k9_3od_x1.0,C,mutation,2,10,23,23,72,9.0
C_k9_3od_x1.0,C,mutation,2,11,23,23,79,9.0
C_k9_3od_x1.0,C,mutation,2,12,23,23,78,9.0
C_k9_3od_x1.0,C,mutation,2,13,23,23,80,9.0
C_k9_3od_x1.0,C,mutation,2,14,23,23,75,9.0
C_k9_3od_x1.0,C,mutation,2,15,23,23,76,9.0
C_k9_3od_x1.0,C,mutation,3,1,24,24,63,4.166666666666667
C_k9_3od_x1.0,C,mutation,3,2,23,23,81,9.0
C_k9_3od_x1.0,C,mutation,3,3,23,23,73,9.0
C_k9_3od_x1.0,C,mutation,3,4,23,23,74,9.0
C_k9_3od_x1.0,C,mutation,3,5,23,23,77,9.0
C_k9_3od_x1.0,C,mutation,3,6,23,23,75,9.0
C_k9_3od_x1.0,C,mutation,3,7,23,23,76,9.0
C_k9_3od_x1.0,C,mutation,3,8,23,23,73,9.0
C_k9_3od_x1.0,C,mutation,3,9,23,23,78,9.0
C_k9_3od_x1.0,C,mutation,3,10,23,23,74,9.0
C_k9_3od_x1.0,C,mutation,3,11,23,23,75,9.0
C_k9_3od_x1.0,C,mutation,3,12,23,23,73,9.0
C_k9_3od_x1.0,C,mutation,3,13,23,23,79,9.0
C_k9_3od_x1.0,C,mutation,3,14,23,23,77,9.0
C_k9_3od_x1.0,C,mutation,3,15,23,23,79,9.0
C_k9_3od_x1.0,C,mutation,4,1,24,24,64,4.041666666666667
C_k9_3od_x1.0,C,mutation,4,2,23,23,79,9.0
C_k9_3od_x1.0,C,mutation,4,3,23,23,73,9.0
C_k9_3od_x1.0,C,mutation,4,4,23,23,79,9.0
C_k9_3od_x1.0,C,mutation,4,5,23,23,76,9.0
C_k9_3od_x1.0,C,mutation,4,6,23,23,75,9.0
C_k9_3od_x1.0,C,mutation,4,7,23,23,71,9.0
C_k9_3od_x1.0,C,mutation,4,8,23,23,77,9.0
C_k9_3od_x1.0,C,mutation,4,9,23,23,74,9.0
C_k9_3od_x1.0,C,mutation,4,10,23,23,72,9.0
C_k9_3od_x1.0,C,mutation,4,11,23,23,74,9.0
C_k9_3od_x1.0,C,mutation,4,12,23,23,72,9.0
C_k9_3od_x1.0,C,mutation,4,13,23,23,75,9.0
C_k9_3od_x1.0,C,mutation,4,14,23,23,76,9.0
C_k9_3od_x1.0,C,mutation,4,15,23,23,79,9.0
C_k9_3od_x1.0,C,mutation,5,1,24,24,60,4.625
C_k9_3od_x1.0,C,mutation,5,2,23,23,74,9.0
C_k9_3od_x1.0,C,mutation,5,3,23,23,75,9.0
C_k9_3od_x1.0,C,mutation,5,4,23,23,73,9.0
C_k9_3od_x1.0,C,mutation,5,5,23,23,70,9.0
C_k9_3od_x1.0,C,mutation,5,6,23,23,73,9.0
C_k9_3od_x1.0,C,mutation,5,7,23,23,76,9.0
C_k9_3od_x1.0,C,mutation,5,8,23,23,72,9.0
C_k9_3od_x1.0,C,mutation,5,9,23,23,73,9.0
C_k9_3od_x1.0,C,mutation,5,10,23,23,71,9.0
C_k9_3od_x1.0,C,mutation,5,11,23,23,72,9.0
C_k9_3od_x1.0,C,mutation,5,12,23,23,71,9.0
C_k9_3od_x1.0,C,mutation,5,13,23,23,73,9.0
C_k9_3od_x1.0,C,mutation,5,14,23,23,76,9.0
C_k9_3od_x1.0,C,mutation,5,15,23,23,72,9.0
C_k9_3od_x1.0,C,mutation,6,1,24,24,64,5.125
C_k9_3od_x1.0,C,mutation,6,2,23,23,77,9.0
C_k9_3od_x1.0,C,mutation,6,3,23,23,72,9.0
C_k9_3od_x1.0,C,mutation,6,4,23,23,72,9.0
C_k9_3od_x1.0,C,mutation,6,5,23,23,70,9.0
C_k9_3od_x1.0,C,mutation,6,6,23,23,68,9.0
C_k9_3od_x1.0,C,mutation,6,7,23,23,78,9.0
C_k9_3od_x1.0,C,mutation,6,8,23,23,75,9.0
C_k9_3od_x1.0,C,mutation,6,9,23,23,71,9.0
C_k9_3od_x1.0,C,mutation,6,10,23,23,69,9.0
C_k9_3od_x1.0,C,mutation,6,11,23,23,75,9.0
C_k9_3od_x1.0,C,mutation,6,12,23,23,79,9.0
C_k9_3od_x1.0,C,mutation,6,13,23,23,73,9.0
C_k9_3od_x1.0,C,mutation,6,14,23,23,71,9.0
C_k9_3od_x1.0,C,mutation,6,15,23,23,77,9.0
C_k9_3od_x1.0,C,mutation,7,1,24,24,75,5.291666666666667
C_k9_3od_x1.0,C,mutation,7,2,23,23,77,9.0
C_k9_3od_x1.0,C,mutation,7,3,23,23,75,9.0
C_k9_3od_x1.0,C,mutation,7,4,23,23,75,9.0
C_k9_3od_x1.0,C,mutation,7,5,23,23,75,9.0
C_k9_3od_x1.0,C,mutation,7,6,23,23,72,9.0
C_k9_3od_x1.0,C,mutation,7,7,23,23,76,9.0
C_k9_3od_x1.0,C,mutation,7,8,23,23,78,9.0
C_k9_3od_x1.0,C,mutation,7,9,23,23,76,9.0
C_k9_3od_x1.0,C,mutation,7,10,23,23,72,9.0
C_k9_3od_x1.0,C,mutation,7,11,23,23,74,9.0
C_k9_3od_x1.0,C,mutation,7,12,23,23,75,9.0
C_k9_3od_x1.0,C,mutation,7,13,23,23,74,9.0
C_k9_3od_x1.0,C,mutation,7,14,23,23,75,9.0
C_k9_3od_x1.0,C,mutation,7,15,23,23,75,9.0
C_k9_3od_x1.0,C,mutation,8,1,24,24,66,4.208333333333333
C_k9_3od_x1.0,C,mutation,8,2,23,23,78,9.0
C_k9_3od_x1.0,C,mutation,8,3,23,23,80,9.0
C_k9_3od_x1.0,C,mutation,8,4,23,23,73,9.0
C_k9_3od_x1.0,C,mutation,8,5,23,23,78,9.0
C_k9_3od_x1.0,C,mutation,8,6,23,23,75,9.0
C_k9_3od_x1.0,C,mutation,8,7,23,23,78,9.0
C_k9_3od_x1.0,C,mutation,8,8,23,23,77,9.0
C_k9_3od_x1.0,C,mutation,8,9,23,23,75,9.0
C_k9_3od_x1.0,C,mutation,8,10,23,23,74,9.0
C_k9_3od_x1.0,C,mutation,8,11,23,23,76,9.0
C_k9_3od_x1.0,C,mutation,8,12,23,23,70,9.0
C_k9_3od_x1.0,C,mutation,8,13,23,23,72,9.0
C_k9_3od_x1.0,C,mutation,8,14,23,23,77,9.0
C_k9_3od_x1.0,C,mutation,8,15,23,23,74,9.0
C_k9_3od_x1.0,C,mutation,9,1,24,24,63,5.0
C_k9_3od_x1.0,C,mutation,9,2,23,23,80,9.0
C_k9_3od_x1.0,C,mutation,9,3,23,23,75,9.0
C_k9_3od_x1.0,C,mutation,9,4,23,23,80,9.0
C_k9_3od_x1.0,C,mutation,9,5,23,23,73,9.0
C_k9_3od_x1.0,C,mutation,9,6,23,23,76,9.0
C_k9_3od_x1.0,C,mutation,9,7,23,23,72,9.0
C_k9_3od_x1.0,C,mutation,9,8,23,23,74,9.0
C_k9_3od_x1.0,C,mutation,9,9,23,23,73,9.0
C_k9_3od_x1.0,C,mutation,9,10,23,23,74,9.0
C_k9_3od_x1.0,C,mutation,9,11,23,23,73,9.0
C_k9_3od_x1.0,C,mutation,9,12,23,23,73,9.0
C_k9_3od_x1.0,C,mutation,9,13,23,23,73,9.0
C_k9_3od_x1.0,C,mutation,9,14,23,23,74,9.0
C_k9_3od_x1.0,C,mutation,9,15,23,23,75,9.0
C_k9_3od_x1.0,C,none,0,1,24,24,74,5.875
C_k9_3od_x1.0,C,none,0,2,23,23,76,9.0
C_k9_3od_x1.0,C,none,0,3,23,23,78,9.0
C_k9_3od_x1.0,C,none,0,4,23,23,78,9.0
C_k9_3od_x1.0,C,none,0,5,23,23,78,9.0
C_k9_3od_x1.0,C,none,0,6,23,23,76,9.0
C_k9_3od_x1.0,C,none,0,7,23,23,80,9.0
C_k9_3od_x1.0,C,none,0,8,23,23,77,9.0
C_k9_3od_x1.0,C,none,0,9,23,23,78,9.0
C_k9_3od_x1.0,C,none,0,10,23,23,82,9.0
C_k9_3od_x1.0,C,none,0,11,23,23,80,9.0
C_k9_3od_x1.0,C,none,0,12,23,23,78,9.0
C_k9_3od_x1.0,C,none,0,13,23,23,76,9.0
C_k9_3od_x1.0,C,none,0,14,23,23,82,9.0
C_k9_3od_x1.0,C,none,0,15,23,23,75,9.0
C_k9_3od_x1.0,C,none,1,1,24,24,61,4.291666666666667
C_k9_3od_x1.0,C,none,1,2,23,23,80,9.0
C_k9_3od_x1.0,C,none,1,3,23,23,77,9.0
C_k9_3od_x1.0,C,none,1,4,23,23,82,9.0
C_k9_3od_x1.0,C,none,1,5,23,23,79,9.0
C_k9_3od_x1.0,C,none,1,6,23,23,78,9.0
C_k9_3od_x1.0,C,none,1,7,23,23,78,9.0
C_k9_3od_x1.0,C,none,1,8,23,23,83,9.0
C_k9_3od_x1.0,C,none,1,9,23,23,80,9.0
C_k9_3od_x1.0,C,none,1,10,23,23,75,9.0
C_k9_3od_x1.0,C,none,1,11,23,23,75,9.0
C_k9_3od_x1.0,C,none,1,12,23,23,75,9.0
C_k9_3od_x1.0,C,none,1,13,23,23,73,9.0
C_k9_3od_x1.0,C,none,1,14,23,23,78,9.0
C_k9_3od_x1.0,C,none,1,15,23,23,74,9.0
C_k9_3od_x1.0,C,none,2,1,24,24,69,5.291666666666667
C_k9_3od_x1.0,C,none,2,2,23,23,81,9.0
C_k9_3od_x1.0,C,none,2,3,23,23,77,9.0
C_k9_3od_x1.0,C,none,2,4,23,23,77,9.0
C_k9_3od_x1.0,C,none,2,5,23,23,81,9.0
C_k9_3od_x1.0,C,none,2,6,23,23,82,9.0
C_k9_3od_x1.0,C,none,2,7,23,23,80,9.0
C_k9_3od_x1.0,C,none,2,8,23,23,73,9.0
C_k9_3od_x1.0,C,none,2,9,23,23,81,9.0
C_k9_3od_x1.0,C,none,2,10,23,23,78,9.0
C_k9_3od_x1.0,C,none,2,11,23,23,75,9.0
C_k9_3od_x1.0,C,none,2,12,23,23,73,9.0
C_k9_3od_x1.0,C,none,2,13,23,23,80,9.0
C_k9_3od_x1.0,C,none,2,14,23,23,74,9.0
C_k9_3od_x1.0,C,none,2,15,23,23,76,9.0
C_k9_3od_x1.0,C,none,3,1,24,24,63,4.166666666666667
C_k9_3od_x1.0,C,none,3,2,23,23,81,9.0
C_k9_3od_x1.0,C,none,3,3,23,23,85,9.0
C_k9_3od_x1.0,C,none,3,4,23,23,81,9.0
C_k9_3od_x1.0,C,none,3,5,23,23,76,9.0
C_k9_3od_x1.0,C,none,3,6,23,23,83,9.0
C_k9_3od_x1.0,C,none,3,7,23,23,77,9.0
C_k9_3od_x1.0,C,none,3,8,23,23,79,9.0
C_k9_3od_x1.0,C,none,3,9,23,23,81,9.0
C_k9_3od_x1.0,C,none,3,10,23,23,74,9.0
C_k9_3od_x1.0,C,none,3,11,23,23,76,9.0
C_k9_3od_x1.0,C,none,3,12,23,23,74,9.0
C_k9_3od_x1.0,C,none,3,13,23,23,78,9.0
C_k9_3od_x1.0,C,none,3,14,23,23,77,9.0
C_k9_3od_x1.0,C,none,3,15,23,23,78,9.0
C_k9_3od_x1.0,C,none,4,1,24,24,64,4.041666666666667
C_k9_3od_x1.0,C,none,4,2,23,23,81,9.0
C_k9_3od_x1.0,C,none,4,3,23,23,83,9.0
C_k9_3od_x1.0,C,none,4,4,23,23,79,9.0
C_k9_3od_x1.0,C,none,4,5,23,23,79,9.0
C_k9_3od_x1.0,C,none,4,6,23,23,76,9.0
C_k9_3od_x1.0,C,none,4,7,23,23,76,9.0
C_k9_3od_x1.0,C,none,4,8,23,23,80,9.0
C_k9_3od_x1.0,C,none,4,9,23,23,78,9.0
C_k9_3od_x1.0,C,none,4,10,23,23,78,9.0
C_k9_3od_x1.0,C,none,4,11,23,23,79,9.0
C_k9_3od_x1.0,C,none,4,12,23,23,78,9.0
C_k9_3od_x1.0,C,none,4,13,23,23,82,9.0
C_k9_3od_x1.0,C,none,4,14,23,23,75,9.0
C_k9_3od_x1.0,C,none,4,15,23,23,75,9.0
C_k9_3od_x1.0,C,none,5,1,24,24,60,4.625
C_k9_3od_x1.0,C,none,5,2,23,23,79,9.0
C_k9_3od_x1.0,C,none,5,3,23,23,78,9.0
C_k9_3od_x1.0,C,none,5,4,23,23,75,9.0
C_k9_3od_x1.0,C,none,5,5,23,23,81,9.0
C_k9_3od_x1.0,C,none,5,6,23,23,80,9.0
C_k9_3od_x1.0,C,none,5,7,23,23,80,9.0
C_k9_3od_x1.0,C,none,5,8,23,23,76,9.0
C_k9_3od_x1.0,C,none,5,9,23,23,73,9.0
C_k9_3od_x1.0,C,none,5,10,23,23,73,9.0
C_k9_3od_x1.0,C,none,5,11,23,23,71,9.0
C_k9_3od_x1.0,C,none,5,12,23,23,71,9.0
C_k9_3od_x1.0,C,none,5,13,23,23,82,9.0
C_k9_3od_x1.0,C,none,5,14,23,23,80,9.0
C_k9_3od_x1.0,C,none,5,15,23,23,84,9.0
C_k9_3od_x1.0,C,none,6,1,24,24,64,5.125
C_k9_3od_x1.0,C,none,6,2,23,23,76,9.0
C_k9_3od_x1.0,C,none,6,3,23,23,75,9.0
C_k9_3od_x1.0,C,none,6,4,23,23,76,9.0
C_k9_3od_x1.0,C,none,6,5,23,23,76,9.0
C_k9_3od_x1.0,C,none,6,6,23,23,73,9.0
C_k9_3od_x1.0,C,none,6,7,23,23,70,9.0
C_k9_3od_x1.0,C,none,6,8,23,23,78,9.0
C_k9_3od_x1.0,C,none,6,9,23,23,81,9.0
C_k9_3od_x1.0,C,none,6,10,23,23,75,9.0
C_k9_3od_x1.0,C,none,6,11,23,23,85,9.0
C_k9_3od_x1.0,C,none,6,12,23,23,85,9.0
C_k9_3od_x1.0,C,none,6,13,23,23,77,9.0
C_k9_3od_x1.0,C,none,6,14,23,23,77,9.0
C_k9_3od_x1.0,C,none,6,15,23,23,77,9.0
C_k9_3od_x1.0,C,none,7,1,24,24,75,5.291666666666667
C_k9_3od_x1.0,C,none,7,2,23,23,78,9.0
C_k9_3od_x1.0,C,none,7,3,23,23,78,9.0
C_k9_3od_x1.0,C,none,7,4,23,23,83,9.0
C_k9_3od_x1.0,C,none,7,5,23,23,75,9.0
C_k9_3od_x1.0,C,none,7,6,23,23,80,9.0
C_k9_3od_x1.0,C,none,7,7,23,23,80,9.0
C_k9_3od_x1.0,C,none,7,8,23,23,80,9.0
C_k9_3od_x1.0,C,none,7,9,23,23,76,9.0
C_k9_3od_x1.0,C,none,7,10,23,23,76,9.0
C_k9_3od_x1.0,C,none,7,11,23,23,81,9.0
C_k9_3od_x1.0,C,none,7,12,23,23,82,9.0
C_k9_3od_x1.0,C,none,7,13,23,23,75,9.0
C_k9_3od_x1.0,C,none,7,14,23,23,76,9.0
C_k9_3od_x1.0,C,none,7,15,23,23,77,9.0
C_k9_3od_x1.0,C,none,8,1,24,24,66,4.208333333333333
C_k9_3od_x1.0,C,none,8,2,23,23,85,9.0
C_k9_3od_x1.0,C,none,8,3,23,23,75,9.0
C_k9_3od_x1.0,C,none,8,4,23,23,80,9.0
C_k9_3od_x1.0,C,none,8,5,23,23,75,9.0
C_k9_3od_x1.0,C,none,8,6,23,23,80,9.0
C_k9_3od_x1.0,C,none,8,7,23,23,79,9.0
C_k9_3od_x1.0,C,none,8,8,23,23,74,9.0
C_k9_3od_x1.0,C,none,8,9,23,23,77,9.0
C_k9_3od_x1.0,C,none,8,10,23,23,80,9.0
C_k9_3od_x1.0,C,none,8,11,23,23,77,9.0
C_k9_3od_x1.0,C,none,8,12,23,23,77,9.0
C_k9_3od_x1.0,C,none,8,13,23,23,76,9.0
C_k9_3od_x1.0,C,none,8,14,23,23,77,9.0
C_k9_3od_x1.0,C,none,8,15,23,23,74,9.0
C_k9_3od_x1.0,C,none,9,1,24,24,63,5.0
C_k9_3od_x1.0,C,none,9,2,23,23,83,9.0
C_k9_3od_x1.0,C,none,9,3,23,23,75,9.0
C_k9_3od_x1.0,C,none,9,4,23,23,74,9.0
C_k9_3od_x1.0,C,none,9,5,23,23,74,9.0
C_k9_3od_x1.0,C,none,9,6,23,23,78,9.0
C_k9_3od_x1.0,C,none,9,7,23,23,79,9.0
C_k9_3od_x1.0,C,none,9,8,23,23,76,9.0
C_k9_3od_x1.0,C,none,9,9,23,23,80,9.0
C_k9_3od_x1.0,C,none,9,10,23,23,78,9.0
C_k9_3od_x1.0,C,none,9,11,23,23,82,9.0
C_k9_3od_x1.0,C,none,9,12,23,23,77,9.0
C_k9_3od_x1.0,C,none,9,13,23,23,78,9.0
C_k9_3od_x1.0,C,none,9,14,23,23,74,9.0
C_k9_3od_x1.0,C,none,9,15,23,23,77,9.0
C_k9_3od_x1.2,C,both,0,1,24,24,69,4.958333333333333
C_k9_3od_x1.2,C,both,0,2,23,23,77,9.0
C_k9_3od_x1.2,C,both,0,3,23,23,73,9.0
C_k9_3od_x1.2,C,both,0,4,23,23,72,9.0
C_k9_3od_x1.2,C,both,0,5,23,23,75,9.0
C_k9_3od_x1.2,C,both,0,6,23,23,72,9.0
C_k9_3od_x1.2,C,both,0,7,23,23,74,9.0
C_k9_3od_x1.2,C,both,0,8,23,23,74,9.0
C_k9_3od_x1.2,C,both,0,9,23,23,72,9.0
C_k9_3od_x1.2,C,both,0,10,23,23,75,9.0
C_k9_3od_x1.2,C,both,0,11,23,23,74,9.0
C_k9_3od_x1.2,C,both,0,12,23,23,81,9.0
C_k9_3od_x1.2,C,both,0,13,23,23,74,9.0
C_k9_3od_x1.2,C,both,0,14,23,23,69,9.0
C_k9_3od_x1.2,C,both,0,15,23,23,72,9.0
C_k9_3od_x1.2,C,both,1,1,24,22,56,4.375
C_k9_3od_x1.2,C,both,1,2,23,23,82,9.0
C_k9_3od_x1.2,C,both,1,3,23,23,73,9.0
C_k9_3od_x1.2,C,both,1,4,23,23,79,9.0
C_k9_3od_x1.2,C,both,1,5,23,23,79,9.0
C_k9_3od_x1.2,C,both,1,6,23,23,70,9.0
C_k9_3od_x1.2,C,both,1,7,23,23,74,9.0
C_k9_3od_x1.2,C,both,1,8,23,23,76,9.0
C_k9_3od_x1.2,C,both,1,9,23,23,73,9.0
C_k9_3od_x1.2,C,both,1,10,23,23,75,9.0
C_k9_3od_x1.2,C,both,1,11,23,23,71,9.0
C_k9_3od_x1.2,C,both,1,12,23,23,76,9.0
C_k9_3od_x1.2,C,both,1,13,23,23,71,9.0
C_k9_3od_x1.2,C,both,1,14,23,23,75,9.0
C_k9_3od_x1.2,C,both,1,15,23,23,71,9.0
C_k9_3od_x1.2,C,both,2,1,24,21,59,4.416666666666667
C_k9_3od_x1.2,C,both,2,2,23,23,73,9.0
C_k9_3od_x1.2,C,both,2,3,23,23,70,9.0
C_k9_3od_x1.2,C,both,2,4,23,23,71,9.0
C_k9_3od_x1.2,C,both,2,5,23,23,73,9.0
C_k9_3od_x1.2,C,both,2,6,23,23,69,9.0
C_k9_3od_x1.2,C,both,2,7,23,23,77,9.0
C_k9_3od_x1.2,C,both,2,8,23,23,74,9.0
C_k9_3od_x1.2,C,both,2,9,23,23,73,9.0
C_k9_3od_x1.2,C,both,2,10,23,23,75,9.0
C_k9_3od_x1.2,C,both,2,11,23,23,78,9.0
C_k9_3od_x1.2,C,both,2,12,23,23,74,9.0
C_k9_3od_x1.2,C,both,2,13,23,23,70,9.0
C_k9_3od_x1.2,C,both,2,14,23,23,70,9.0
C_k9_3od_x1.2,C,both,2,15,23,23,72,9.0
C_k9_3od_x1.2,C,both,3,1,24,24,62,5.416666666666667
C_k9_3od_x1.2,C,both,3,2,23,23,75,9.0
C_k9_3od_x1.2,C,both,3,3,23,23,70,9.0
C_k9_3od_x1.2,C,both,3,4,23,23,74,9.0
C_k9_3od_x1.2,C,both,3,5,23,23,76,9.0
C_k9_3od_x1.2,C,both,3,6,23,23,66,9.0
C_k9_3od_x1.2,C,both,3,7,23,23,75,9.0
C_k9_3od_x1.2,C,both,3,8,23,23,70,9.0
C_k9_3od_x1.2,C,both,3,9,23,23,70,9.0
C_k9_3od_x1.2,C,both,3,10,23,23,70,9.0
C_k9_3od_x1.2,C,both,3,11,23,23,75,9.0
C_k9_3od_x1.2,C,both,3,12,23,23,69,9.0
C_k9_3od_x1.2,C,both,3,13,23,23,71,9.0
C_k9_3od_x1.2,C,both,3,14,23,23,73,9.0
C_k9_3od_x1.2,C,both,3,15,23,23,72,9.0
C_k9_3od_x1.2,C,both,4,1,24,22,52,3.5416666666666665
C_k9_3od_x1.2,C,both,4,2,23,23,73,9.0
C_k9_3od_x1.2,C,both,4,3,23,23,72,9.0
C_k9_3od_x1.2,C,both,4,4,23,23,76,9.0
C_k9_3od_x1.2,C,both,4,5,23,23,74,9.0
C_k9_3od_x1.2,C,both,4,6,23,23,71,9.0
C_k9_3od_x1.2,C,both,4,7,23,23,72,9.0
C_k9_3od_x1.2,C,both,4,8,23,23,74,9.0
C_k9_3od_x1.2,C,both,4,9,23,23,74,9.0
C_k9_3od_x1.2,C,both,4,10,23,23,76,9.0
C_k9_3od_x1.2,C,both,4,11,23,23,74,9.0
C_k9_3od_x1.2,C,both,4,12,23,23,72,9.0
C_k9_3od_x1.2,C,both,4,13,23,23,74,9.0
C_k9_3od_x1.2,C,both,4,14,23,23,69,9.0
C_k9_3od_x1.2,C,both,4,15,23,23,72,9.0
C_k9_3od_x1.2,C,both,5,1,24,22,59,4.25
C_k9_3od_x1.2,C,both,5,2,23,23,80,9.0
C_k9_3od_x1.2,C,both,5,3,23,23,79,9.0
C_k9_3od_x1.2,C,both,5,4,23,23,69,9.0
C_k9_3od_x1.2,C,both,5,5,23,23,78,9.0
C_k9_3od_x1.2,C,both,5,6,23,23,73,9.0
C_k9_3od_x1.2,C,both,5,7,23,23,72,9.0
C_k9_3od_x1.2,C,both,5,8,23,23,68,9.0
C_k9_3od_x1.2,C,both,5,9,23,23,72,9.0
C_k9_3od_x1.2,C,both,5,10,23,23,74,9.0
C_k9_3od_x1.2,C,both,5,11,23,23,74,9.0
C_k9_3od_x1.2,C,both,5,12,23,23,75,9.0
C_k9_3od_x1.2,C,both,5,13,23,23,76,9.0
C_k9_3od_x1.2,C,both,5,14,23,23,69,9.0
C_k9_3od_x1.2,C,both,5,15,23,23,72,9.0
C_k9_3od_x1.2,C,both,6,1,24,22,67,4.958333333333333
C_k9_3od_x1.2,C,both,6,2,23,23,80,9.0
C_k9_3od_x1.2,C,both,6,3,23,23,77,9.0
C_k9_3od_x1.2,C,both,6,4,23,23,79,9.0
C_k9_3od_x1.2,C,both,6,5,23,23,72,9.0
C_k9_3od_x1.2,C,both,6,6,23,23,76,9.0
C_k9_3od_x1.2,C,both,6,7,23,23,73,9.0
C_k9_3od_x1.2,C,both,6,8,23,23,74,9.0
C_k9_3od_x1.2,C,both,6,9,23,23,74,9.0
C_k9_3od_x1.2,C,both,6,10,23,23,72,9.0
C_k9_3od_x1.2,C,both,6,11,23,23,72,9.0
C_k9_3od_x1.2,C,both,6,12,23,23,75,9.0
C_k9_3od_x1.2,C,both,6,13,23,23,72,9.0
C_k9_3od_x1.2,C,both,6,14,23,23,73,9.0
C_k9_3od_x1.2,C,both,6,15,23,23,74,9.0
C_k9_3od_x1.2,C,both,7,1,24,21,59,3.75
C_k9_3od_x1.2,C,both,7,2,23,23,74,9.0
C_k9_3od_x1.2,C,both,7,3,23,23,71,9.0
C_k9_3od_x1.2,C,both,7,4,23,23,72,9.0
C_k9_3od_x1.2,C,both,7,5,23,23,74,9.0
C_k9_3od_x1.2,C,both,7,6,23,23,71,9.0
C_k9_3od_x1.2,C,both,7,7,23,23,76,9.0
C_k9_3od_x1.2,C,both,7,8,23,23,73,9.0
C_k9_3od_x1.2,C,both,7,9,23,23,68,9.0
C_k9_3od_x1.2,C,both,7,10,23,23,75,9.0
C_k9_3od_x1.2,C,both,7,11,23,23,73,9.0
C_k9_3od_x1.2,C,both,7,12,23,23,70,9.0
C_k9_3od_x1.2,C,both,7,13,23,23,72,9.0
C_k9_3od_x1.2,C,both,7,14,23,23,77,9.0
C_k9_3od_x1.2,C,both,7,15,23,23,71,9.0
C_k9_3od_x1.2,C,both,8,1,24,23,59,4.375
C_k9_3od_x1.2,C,both,8,2,23,23,78,9.0
C_k9_3od_x1.2,C,both,8,3,23,23,71,9.0
C_k9_3od_x1.2,C,both,8,4,23,23,76,9.0
C_k9_3od_x1.2,C,both,8,5,23,23,74,9.0
C_k9_3od_x1.2,C,both,8,6,23,23,78,9.0
C_k9_3od_x1.2,C,both,8,7,23,23,69,9.0
C_k9_3od_x1.2,C,both,8,8,23,23,69,9.0
C_k9_3od_x1.2,C,both,8,9,23,23,74,9.0
C_k9_3od_x1.2,C,both,8,10,23,23,74,9.0
C_k9_3od_x1.2,C,both,8,11,23,23,73,9.0
C_k9_3od_x1.2,C,both,8,12,23,23,78,9.0
C_k9_3od_x1.2,C,both,8,13,23,23,72,9.0
C_k9_3od_x1.2,C,both,8,14,23,23,74,9.0
C_k9_3od_x1.2,C,both,8,15,23,23,71,9.0
C_k9_3od_x1.2,C,both,9,1,24,22,64,4.541666666666667
C_k9_3od_x1.2,C,both,9,2,23,23,71,9.0
C_k9_3od_x1.2,C,both,9,3,23,23,75,9.0
C_k9_3od_x1.2,C,both,9,4,23,23,70,9.0
C_k9_3od_x1.2,C,both,9,5,23,23,75,9.0
C_k9_3od_x1.2,C,both,9,6,23,23,70,9.0
C_k9_3od_x1.2,C,both,9,7,23,23,75,9.0
C_k9_3od_x1.2,C,both,9,8,23,23,72,9.0
C_k9_3od_x1.2,C,both,9,9,23,23,74,9.0
C_k9_3od_x1.2,C,both,9,10,23,23,74,9.0
C_k9_3od_x1.2,C,both,9,11,23,23,79,9.0
C_k9_3od_x1.2,C,both,9,12,23,23,78,9.0
C_k9_3od_x1.2,C,both,9,13,23,23,73,9.0
C_k9_3od_x1.2,C,both,9,14,23,23,78,9.0
C_k9_3od_x1.2,C,both,9,15,23,23,75,9.0
C_k9_3od_x1.2,C,init,0,1,24,24,69,4.958333333333333
C_k9_3od_x1.2,C,init,0,2,23,23,76,9.0
C_k9_3od_x1.2,C,init,0,3,23,23,85,9.0
C_k9_3od_x1.2,C,init,0,4,23,23,82,9.0
C_k9_3od_x1.2,C,init,0,5,23,23,79,9.0
C_k9_3od_x1.2,C,init,0,6,23,23,78,9.0
C_k9_3od_x1.2,C,init,0,7,23,23,80,9.0
C_k9_3od_x1.2,C,init,0,8,23,23,79,9.0
C_k9_3od_x1.2,C,init,0,9,23,23,75,9.0
C_k9_3od_x1.2,C,init,0,10,23,23,76,9.0
C_k9_3od_x1.2,C,init,0,11,23,23,78,9.0
C_k9_3od_x1.2,C,init,0,12,23,23,75,9.0
C_k9_3od_x1.2,C,init,0,13,23,23,76,9.0
C_k9_3od_x1.2,C,init,0,14,23,23,74,9.0
C_k9_3od_x1.2,C,init,0,15,23,23,83,9.0
C_k9_3od_x1.2,C,init,1,1,24,22,56,4.375
C_k9_3od_x1.2,C,init,1,2,23,23,84,9.0
C_k9_3od_x1.2,C,init,1,3,23,23,80,9.0
C_k9_3od_x1.2,C,init,1,4,23,23,76,9.0
C_k9_3od_x1.2,C,init,1,5,23,23,77,9.0
C_k9_3od_x1.2,C,init,1,6,23,23,83,9.0
C_k9_3od_x1.2,C,init,1,7,23,23,79,9.0
C_k9_3od_x1.2,C,init,1,8,23,23,73,9.0
C_k9_3od_x1.2,C,init,1,9,23,23,82,9.0
C_k9_3od_x1.2,C,init,1,10,23,23,82,9.0
C_k9_3od_x1.2,C,init,1,11,23,23,79,9.0
C_k9_3od_x1.2,C,init,1,12,23,23,75,9.0
C_k9_3od_x1.2,C,init,1,13,23,23,78,9.0
C_k9_3od_x1.2,C,init,1,14,23,23,75,9.0
C_k9_3od_x1.2,C,init,1,15,23,23,78,9.0
C_k9_3od_x1.2,C,init,2,1,24,21,59,4.416666666666667
C_k9_3od_x1.2,C,init,2,2,23,23,79,9.0
C_k9_3od_x1.2,C,init,2,3,23,23,83,9.0
C_k9_3od_x1.2,C,init,2,4,23,23,79,9.0
C_k9_3od_x1.2,C,init,2,5,23,23,75,9.0
C_k9_3od_x1.2,C,init,2,6,23,23,82,9.0
C_k9_3od_x1.2,C,init,2,7,23,23,78,9.0
C_k9_3od_x1.2,C,init,2,8,23,23,79,9.0
C_k9_3od_x1.2,C,init,2,9,23,23,79,9.0
C_k9_3od_x1.2,C,init,2,10,23,23,76,9.0
C_k9_3od_x1.2,C,init,2,11,23,23,78,9.0
C_k9_3od_x1.2,C,init,2,12,23,23,77,9.0
C_k9_3od_x1.2,C,init,2,13,23,23,75,9.0
C_k9_3od_x1.2,C,init,2,14,23,23,78,9.0
C_k9_3od_x1.2,C,init,2,15,23,23,83,9.0
C_k9_3od_x1.2,C,init,3,1,24,24,62,5.416666666666667
C_k9_3od_x1.2,C,init,3,2,23,23,81,9.0
C_k9_3od_x1.2,C,init,3,3,23,23,75,9.0
C_k9_3od_x1.2,C,init,3,4,23,23,79,9.0
C_k9_3od_x1.2,C,init,3,5,23,23,79,9.0
C_k9_3od_x1.2,C,init,3,6,23,23,79,9.0
C_k9_3od_x1.2,C,init,3,7,23,23,78,9.0
C_k9_3od_x1.2,C,init,3,8,23,23,82,9.0
C_k9_3od_x1.2,C,init,3,9,23,23,81,9.0
C_k9_3od_x1.2,C,init,3,10,23,23,82,9.0
C_k9_3od_x1.2,C,init,3,11,23,23,77,9.0
C_k9_3od_x1.2,C,init,3,12,23,23,75,9.0
C_k9_3od_x1.2,C,init,3,13,23,23,70,9.0
C_k9_3od_x1.2,C,init,3,14,23,23,76,9.0
C_k9_3od_x1.2,C,init,3,15,23,23,77,9.0
C_k9_3od_x1.2,C,init,4,1,24,22,52,3.5416666666666665
C_k9_3od_x1.2,C,init,4,2,23,23,75,9.0
C_k9_3od_x1.2,C,init,4,3,23,23,71,9.0
C_k9_3od_x1.2,C,init,4,4,23,23,76,9.0
C_k9_3od_x1.2,C,init,4,5,23,23,76,9.0
C_k9_3od_x1.2,C,init,4,6,23,23,74,9.0
C_k9_3od_x1.2,C,init,4,7,23,23,73,9.0
C_k9_3od_x1.2,C,init,4,8,23,23,78,9.0
C_k9_3od_x1.2,C,init,4,9,23,23,81,9.0
C_k9_3od_x1.2,C,init,4,10,23,23,82,9.0
C_k9_3od_x1.2,C,init,4,11,23,23,81,9.0
C_k9_3od_x1.2,C,init,4,12,23,23,77,9.0
C_k9_3od_x1.2,C,init,4,13,23,23,81,9.0
C_k9_3od_x1.2,C,init,4,14,23,23,78,9.0
C_k9_3od_x1.2,C,init,4,15,23,23,73,9.0
C_k9_3od_x1.2,C,init,5,1,24,22,59,4.25
C_k9_3od_x1.2,C,init,5,2,23,23,80,9.0
C_k9_3od_x1.2,C,init,5,3,23,23,78,9.0
C_k9_3od_x1.2,C,init,5,4,23,23,78,9.0
C_k9_3od_x1.2,C,init,5,5,23,23,80,9.0
C_k9_3od_x1.2,C,init,5,6,23,23,78,9.0
C_k9_3od_x1.2,C,init,5,7,23,23,72,9.0
C_k9_3od_x1.2,C,init,5,8,23,23,77,9.0
C_k9_3od_x1.2,C,init,5,9,23,23,76,9.0
C_k9_3od_x1.2,C,init,5,10,23,23,75,9.0
C_k9_3od_x1.2,C,init,5,11,23,23,75,9.0
C_k9_3od_x1.2,C,init,5,12,23,23,79,9.0
C_k9_3od_x1.2,C,init,5,13,23,23,77,9.0
C_k9_3od_x1.2,C,init,5,14,23,23,72,9.0
C_k9_3od_x1.2,C,init,5,15,23,23,73,9.0
C_k9_3od_x1.2,C,init,6,1,24,22,67,4.958333333333333
C_k9_3od_x1.2,C,init,6,2,23,23,82,9.0
C_k9_3od_x1.2,C,init,6,3,23,23,82,9.0
C_k9_3od_x1.2,C,init,6,4,23,23,75,9.0
C_k9_3od_x1.2,C,init,6,5,23,23,72,9.0
C_k9_3od_x1.2,C,init,6,6,23,23,81,9.0
C_k9_3od_x1.2,C,init,6,7,23,23,76,9.0
C_k9_3od_x1.2,C,init,6,8,23,23,75,9.0
C_k9_3od_x1.2,C,init,6,9,23,23,78,9.0
C_k9_3od_x1.2,C,init,6,10,23,23,84,9.0
C_k9_3od_x1.2,C,init,6,11,23,23,79,9.0
C_k9_3od_x1.2,C,init,6,12,23,23,81,9.0
C_k9_3od_x1.2,C,init,6,13,23,23,80,9.0
C_k9_3od_x1.2,C,init,6,14,23,23,78,9.0
C_k9_3od_x1.2,C,init,6,15,23,23,78,9.0
C_k9_3od_x1.2,C,init,7,1,24,21,59,3.75
C_k9_3od_x1.2,C,init,7,2,23,23,82,9.0
C_k9_3od_x1.2,C,init,7,3,23,23,80,9.0
C_k9_3od_x1.2,C,init,7,4,23,23,80,9.0
C_k9_3od_x1.2,C,init,7,5,23,23,75,9.0
C_k9_3od_x1.2,C,init,7,6,23,23,84,9.0
C_k9_3od_x1.2,C,init,7,7,23,23,76,9.0
C_k9_3od_x1.2,C,init,7,8,23,23,79,9.0
C_k9_3od_x1.2,C,init,7,9,23,23,84,9.0
C_k9_3od_x1.2,C,init,7,10,23,23,83,9.0
C_k9_3od_x1.2,C,init,7,11,23,23,75,9.0
C_k9_3od_x1.2,C,init,7,12,23,23,77,9.0
C_k9_3od_x1.2,C,init,7,13,23,23,78,9.0
C_k9_3od_x1.2,C,init,7,14,23,23,72,9.0
C_k9_3od_x1.2,C,init,7,15,23,23,79,9.0
C_k9_3od_x1.2,C,init,8,1,24,23,59,4.375
C_k9_3od_x1.2,C,init,8,2,23,23,78,9.0
C_k9_3od_x1.2,C,init,8,3,23,23,78,9.0
C_k9_3od_x1.2,C,init,8,4,23,23,79,9.0
C_k9_3od_x1.2,C,init,8,5,23,23,79,9.0
C_k9_3od_x1.2,C,init,8,6,23,23,78,9.0
C_k9_3od_x1.2,C,init,8,7,23,23,76,9.0
C_k9_3od_x1.2,C,init,8,8,23,23,75,9.0
C_k9_3od_x1.2,C,init,8,9,23,23,80,9.0
C_k9_3od_x1.2,C,init,8,10,23,23,77,9.0
C_k9_3od_x1.2,C,init,8,11,23,23,77,9.0
C_k9_3od_x1.2,C,init,8,12,23,23,82,9.0
C_k9_3od_x1.2,C,init,8,13,23,23,77,9.0
C_k9_3od_x1.2,C,init,8,14,23,23,78,9.0
C_k9_3od_x1.2,C,init,8,15,23,23,76,9.0
C_k9_3od_x1.2,C,init,9,1,24,22,64,4.541666666666667
C_k9_3od_x1.2,C,init,9,2,23,23,78,9.0
C_k9_3od_x1.2,C,init,9,3,23,23,75,9.0
C_k9_3od_x1.2,C,init,9,4,23,23,79,9.0
C_k9_3od_x1.2,C,init,9,5,23,23,78,9.0
C_k9_3od_x1.2,C,init,9,6,23,23,73,9.0
C_k9_3od_x1.2,C,init,9,7,23,23,76,9.0
C_k9_3od_x1.2,C,init,9,8,23,23,76,9.0
C_k9_3od_x1.2,C,init,9,9,23,23,78,9.0
C_k9_3od_x1.2,C,init,9,10,23,23,76,9.0
C_k9_3od_x1.2,C,init,9,11,23,23,79,9.0
C_k9_3od_x1.2,C,init,9,12,23,23,80,9.0
C_k9_3od_x1.2,C,init,9,13,23,23,82,9.0
C_k9_3od_x1.2,C,init,9,14,23,23,79,9.0
C_k9_3od_x1.2,C,init,9,15,23,23,73,9.0
C_k9_3od_x1.2,C,mutation,0,1,24,24,74,5.875
C_k9_3od_x1.2,C,mutation,0,2,23,23,77,9.0
C_k9_3od_x1.2,C,mutation,0,3,23,23,80,9.0
C_k9_3od_x1.2,C,mutation,0,4,23,23,75,9.0
C_k9_3od_x1.2,C,mutation,0,5,23,23,75,9.0
C_k9_3od_x1.2,C,mutation,0,6,23,23,72,9.0
C_k9_3od_x1.2,C,mutation,0,7,23,23,69,9.0
C_k9_3od_x1.2,C,mutation,0,8,23,23,70,9.0
C_k9_3od_x1.2,C,mutation,0,9,23,23,70,9.0
C_k9_3od_x1.2,C,mutation,0,10,23,23,74,9.0
C_k9_3od_x1.2,C,mutation,0,11,23,23,78,9.0
C_k9_3od_x1.2,C,mutation,0,12,23,23,72,9.0
C_k9_3od_x1.2,C,mutation,0,13,23,23,74,9.0
C_k9_3od_x1.2,C,mutation,0,14,23,23,75,9.0
C_k9_3od_x1.2,C,mutation,0,15,23,23,68,9.0
C_k9_3od_x1.2,C,mutation,1,1,24,24,61,4.291666666666667
C_k9_3od_x1.2,C,mutation,1,2,23,23,73,9.0
C_k9_3od_x1.2,C,mutation,1,3,23,23,73,9.0
C_k9_3od_x1.2,C,mutation,1,4,23,23,69,9.0
C_k9_3od_x1.2,C,mutation,1,5,23,23,75,9.0
C_k9_3od_x1.2,C,mutation,1,6,23,23,73,9.0
C_k9_3od_x1.2,C,mutation,1,7,23,23,78,9.0
C_k9_3od_x1.2,C,mutation,1,8,23,23,68,9.0
C_k9_3od_x1.2,C,mutation,1,9,23,23,75,9.0
C_k9_3od_x1.2,C,mutation,1,10,23,23,71,9.0
C_k9_3od_x1.2,C,mutation,1,11,23,23,70,9.0
C_k9_3od_x1.2,C,mutation,1,12,23,23,73,9.0
C_k9_3od_x1.2,C,mutation,1,13,23,23,76,9.0
C_k9_3od_x1.2,C,mutation,1,14,23,23,70,9.0
C_k9_3od_x1.2,C,mutation,1,15,23,23,74,9.0
C_k9_3od_x1.2,C,mutation,2,1,24,24,69,5.291666666666667
C_k9_3od_x1.2,C,mutation,2,2,23,23,75,9.0
C_k9_3od_x1.2,C,mutation,2,3,23,23,77,9.0
C_k9_3od_x1.2,C,mutation,2,4,23,23,76,9.0
C_k9_3od_x1.2,C,mutation,2,5,23,23,78,9.0
C_k9_3od_x1.2,C,mutation,2,6,23,23,74,9.0
C_k9_3od_x1.2,C,mutation,2,7,23,23,74,9.0
C_k9_3od_x1.2,C,mutation,2,8,23,23,76,9.0
C_k9_3od_x1.2,C,mutation,2,9,23,23,77,9.0
C_k9_3od_x1.2,C,mutation,2,10,23,23,72,9.0
C_k9_3od_x1.2,C,mutation,2,11,23,23,74,9.0
C_k9_3od_x1.2,C,mutation,2,12,23,23,74,9.0
C_k9_3od_x1.2,C,mutation,2,13,23,23,75,9.0
C_k9_3od_x1.2,C,mutation,2,14,23,23,77,9.0
C_k9_3od_x1.2,C,mutation,2,15,23,23,75,9.0
C_k9_3od_x1.2,C,mutation,3,1,24,24,63,4.166666666666667
C_k9_3od_x1.2,C,mutation,3,2,23,23,75,9.0
C_k9_3od_x1.2,C,mutation,3,3,23,23,76,9.0
C_k9_3od_x1.2,C,mutation,3,4,23,23,75,9.0
C_k9_3od_x1.2,C,mutation,3,5,23,23,67,9.0
C_k9_3od_x1.2,C,mutation,3,6,23,23,69,9.0
C_k9_3od_x1.2,C,mutation,3,7,23,23,78,9.0
C_k9_3od_x1.2,C,mutation,3,8,23,23,70,9.0
C_k9_3od_x1.2,C,mutation,3,9,23,23,70,9.0
C_k9_3od_x1.2,C,mutation,3,10,23,23,73,9.0
C_k9_3od_x1.2,C,mutation,3,11,23,23,70,9.0
C_k9_3od_x1.2,C,mutation,3,12,23,23,68,9.0
C_k9_3od_x1.2,C,mutation,3,13,23,23,66,9.0
C_k9_3od_x1.2,C,mutation,3,14,23,23,74,9.0
C_k9_3od_x1.2,C,mutation,3,15,23,23,75,9.0
C_k9_3od_x1.2,C,mutation,4,1,24,24,64,4.041666666666667
C_k9_3od_x1.2,C,mutation,4,2,23,23,77,9.0
C_k9_3od_x1.2,C,mutation,4,3,23,23,76,9.0
C_k9_3od_x1.2,C,mutation,4,4,23,23,75,9.0
C_k9_3od_x1.2,C,mutation,4,5,23,23,74,9.0
C_k9_3od_x1.2,C,mutation,4,6,23,23,71,9.0
C_k9_3od_x1.2,C,mutation,4,7,23,23,73,9.0
C_k9_3od_x1.2,C,mutation,4,8,23,23,73,9.0
C_k9_3od_x1.2,C,mutation,4,9,23,23,72,9.0
C_k9_3od_x1.2,C,mutation,4,10,23,23,72,9.0
C_k9_3od_x1.2,C,mutation,4,11,23,23,70,9.0
C_k9_3od_x1.2,C,mutation,4,12,23,23,77,9.0
C_k9_3od_x1.2,C,mutation,4,13,23,23,74,9.0
C_k9_3od_x1.2,C,mutation,4,14,23,23,71,9.0
C_k9_3od_x1.2,C,mutation,4,15,23,23,73,9.0
C_k9_3od_x1.2,C,mutation,5,1,24,24,60,4.625
C_k9_3od_x1.2,C,mutation,5,2,23,23,77,9.0
C_k9_3od_x1.2,C,mutation,5,3,23,23,82,9.0
C_k9_3od_x1.2,C,mutation,5,4,23,23,73,9.0
C_k9_3od_x1.2,C,mutation,5,5,23,23,76,9.0
C_k9_3od_x1.2,C,mutation,5,6,23,23,75,9.0
C_k9_3od_x1.2,C,mutation,5,7,23,23,74,9.0
C_k9_3od_x1.2,C,mutation,5,8,23,23,77,9.0
C_k9_3od_x1.2,C,mutation,5,9,23,23,71,9.0
C_k9_3od_x1.2,C,mutation,5,10,23,23,77,9.0
C_k9_3od_x1.2,C,mutation,5,11,23,23,78,9.0
C_k9_3od_x1.2,C,mutation,5,12,23,23,76,9.0
C_k9_3od_x1.2,C,mutation,5,13,23,23,74,9.0
C_k9_3od_x1.2,C,mutation,5,14,23,23,73,9.0
C_k9_3od_x1.2,C,mutation,5,15,23,23,76,9.0
C_k9_3od_x1.2,C,mutation,6,1,24,24,64,5.125
C_k9_3od_x1.2,C,mutation,6,2,23,23,82,9.0
C_k9_3od_x1.2,C,mutation,6,3,23,23,72,9.0
C_k9_3od_x1.2,C,mutation,6,4,23,23,73,9.0
C_k9_3od_x1.2,C,mutation,6,5,23,23,70,9.0
C_k9_3od_x1.2,C,mutation,6,6,23,23,72,9.0
C_k9_3od_x1.2,C,mutation,6,7,23,23,71,9.0
C_k9_3od_x1.2,C,mutation,6,8,23,23,73,9.0
C_k9_3od_x1.2,C,mutation,6,9,23,23,75,9.0
C_k9_3od_x1.2,C,mutation,6,10,23,23,76,9.0
C_k9_3od_x1.2,C,mutation,6,11,23,23,72,9.0
C_k9_3od_x1.2,C,mutation,6,12,23,23,74,9.0
C_k9_3od_x1.2,C,mutation,6,13,23,23,74,9.0
C_k9_3od_x1.2,C,mutation,6,14,23,23,75,9.0
C_k9_3od_x1.2,C,mutation,6,15,23,23,75,9.0
C_k9_3od_x1.2,C,mutation,7,1,24,24,75,5.291666666666667
C_k9_3od_x1.2,C,mutation,7,2,23,23,79,9.0
C_k9_3od_x1.2,C,mutation,7,3,23,23,74,9.0
C_k9_3od_x1.2,C,mutation,7,4,23,23,78,9.0
C_k9_3od_x1.2,C,mutation,7,5,23,23,77,9.0
C_k9_3od_x1.2,C,mutation,7,6,23,23,77,9.0
C_k9_3od_x1.2,C,mutation,7,7,23,23,73,9.0
C_k9_3od_x1.2,C,mutation,7,8,23,23,69,9.0
C_k9_3od_x1.2,C,mutation,7,9,23,23,71,9.0
C_k9_3od_x1.2,C,mutation,7,10,23,23,78,9.0
C_k9_3od_x1.2,C,mutation,7,11,23,23,70,9.0
C_k9_3od_x1.2,C,mutation,7,12,23,23,76,9.0
C_k9_3od_x1.2,C,mutation,7,13,23,23,74,9.0
C_k9_3od_x1.2,C,mutation,7,14,23,23,71,9.0
C_k9_3od_x1.2,C,mutation,7,15,23,23,70,9.0
C_k9_3od_x1.2,C,mutation,8,1,24,24,66,4.208333333333333
C_k9_3od_x1.2,C,mutation,8,2,23,23,77,9.0
C_k9_3od_x1.2,C,mutation,8,3,23,23,75,9.0
C_k9_3od_x1.2,C,mutation,8,4,23,23,70,9.0
C_k9_3od_x1.2,C,mutation,8,5,23,23,77,9.0
C_k9_3od_x1.2,C,mutation,8,6,23,23,71,9.0
C_k9_3od_x1.2,C,mutation,8,7,23,23,68,9.0
C_k9_3od_x1.2,C,mutation,8,8,23,23,68,9.0
C_k9_3od_x1.2,C,mutation,8,9,23,23,76,9.0
C_k9_3od_x1.2,C,mutation,8,10,23,23,72,9.0
C_k9_3od_x1.2,C,mutation,8,11,23,23,73,9.0
C_k9_3od_x1.2,C,mutation,8,12,23,23,74,9.0
C_k9_3od_x1.2,C,mutation,8,13,23,23,71,9.0
C_k9_3od_x1.2,C,mutation,8,14,23,23,74,9.0
C_k9_3od_x1.2,C,mutation,8,15,23,23,73,9.0
C_k9_3od_x1.2,C,mutation,9,1,24,24,63,5.0
C_k9_3od_x1.2,C,mutation,9,2,23,23,78,9.0
C_k9_3od_x1.2,C,mutation,9,3,23,23,72,9.0
C_k9_3od_x1.2,C,mutation,9,4,23,23,70,9.0
C_k9_3od_x1.2,C,mutation,9,5,23,23,72,9.0
C_k9_3od_x1.2,C,mutation,9,6,23,23,78,9.0
C_k9_3od_x1.2,C,mutation,9,7,23,23,79,9.0
C_k9_3od_x1.2,C,mutation,9,8,23,23,78,9.0
C_k9_3od_x1.2,C,mutation,9,9,23,23,78,9.0
C_k9_3od_x1.2,C,mutation,9,10,23,23,76,9.0
C_k9_3od_x1.2,C,mutation,9,11,23,23,75,9.0
C_k9_3od_x1.2,C,mutation,9,12,23,23,73,9.0
C_k9_3od_x1.2,C,mutation,9,13,23,23,72,9.0
C_k9_3od_x1.2,C,mutation,9,14,23,23,73,9.0
C_k9_3od_x1.2,C,mutation,9,15,23,23,77,9.0
C_k9_3od_x1.2,C,none,0,1,24,24,74,5.875
C_k9_3od_x1.2,C,none,0,2,23,23,78,9.0
C_k9_3od_x1.2,C,none,0,3,23,23,80,9.0
C_k9_3od_x1.2,C,none,0,4,23,23,80,9.0
C_k9_3od_x1.2,C,none,0,5,23,23,78,9.0
C_k9_3od_x1.2,C,none,0,6,23,23,82,9.0
C_k9_3od_x1.2,C,none,0,7,23,23,79,9.0
C_k9_3od_x1.2,C,none,0,8,23,23,79,9.0
C_k9_3od_x1.2,C,none,0,9,23,23,79,9.0
C_k9_3od_x1.2,C,none,0,10,23,23,78,9.0
C_k9_3od_x1.2,C,none,0,11,23,23,85,9.0
C_k9_3od_x1.2,C,none,0,12,23,23,81,9.0
C_k9_3od_x1.2,C,none,0,13,23,23,82,9.0
C_k9_3od_x1.2,C,none,0,14,23,23,81,9.0
C_k9_3od_x1.2,C,none,0,15,23,23,77,9.0
C_k9_3od_x1.2,C,none,1,1,24,24,61,4.291666666666667
C_k9_3od_x1.2,C,none,1,2,23,23,80,9.0
C_k9_3od_x1.2,C,none,1,3,23,23,77,9.0
C_k9_3od_x1.2,C,none,1,4,23,23,82,9.0
C_k9_3od_x1.2,C,none,1,5,23,23,78,9.0
C_k9_3od_x1.2,C,none,1,6,23,23,75,9.0
C_k9_3od_x1.2,C,none,1,7,23,23,77,9.0
C_k9_3od_x1.2,C,none,1,8,23,23,82,9.0
C_k9_3od_x1.2,C,none,1,9,23,23,81,9.0
C_k9_3od_x1.2,C,none,1,10,23,23,83,9.0
C_k9_3od_x1.2,C,none,1,11,23,23,79,9.0
C_k9_3od_x1.2,C,none,1,12,23,23,77,9.0
C_k9_3od_x1.2,C,none,1,13,23,23,75,9.0
C_k9_3od_x1.2,C,none,1,14,23,23,78,9.0
C_k9_3od_x1.2,C,none,1,15,23,23,82,9.0
C_k9_3od_x1.2,C,none,2,1,24,24,69,5.291666666666667
C_k9_3od_x1.2,C,none,2,2,23,23,77,9.0
C_k9_3od_x1.2,C,none,2,3,23,23,77,9.0
C_k9_3od_x1.2,C,none,2,4,23,23,80,9.0
C_k9_3od_x1.2,C,none,2,5,23,23,79,9.0
C_k9_3od_x1.2,C,none,2,6,23,23,73,9.0
C_k9_3od_x1.2,C,none,2,7,23,23,75,9.0
C_k9_3od_x1.2,C,none,2,8,23,23,80,9.0
C_k9_3od_x1.2,C,none,2,9,23,23,74,9.0
C_k9_3od_x1.2,C,none,2,10,23,23,77,9.0
C_k9_3od_x1.2,C,none,2,11,23,23,76,9.0
C_k9_3od_x1.2,C,none,2,12,23,23,81,9.0
C_k9_3od_x1.2,C,none,2,13,23,23,76,9.0
C_k9_3od_x1.2,C,none,2,14,23,23,80,9.0
C_k9_3od_x1.2,C,none,2,15,23,23,85,9.0
C_k9_3od_x1.2,C,none,3,1,24,24,63,4.166666666666667
C_k9_3od_x1.2,C,none,3,2,23,23,82,9.0
C_k9_3od_x1.2,C,none,3,3,23,23,82,9.0
C_k9_3od_x1.2,C,none,3,4,23,23,85,9.0
C_k9_3od_x1.2,C,none,3,5,23,23,79,9.0
C_k9_3od_x1.2,C,none,3,6,23,23,82,9.0
C_k9_3od_x1.2,C,none,3,7,23,23,79,9.0
C_k9_3od_x1.2,C,none,3,8,23,23,80,9.0
C_k9_3od_x1.2,C,none,3,9,23,23,75,9.0
C_k9_3od_x1.2,C,none,3,10,23,23,80,9.0
C_k9_3od_x1.2,C,none,3,11,23,23,76,9.0
C_k9_3od_x1.2,C,none,3,12,23,23,81,9.0
C_k9_3od_x1.2,C,none,3,13,23,23,73,9.0
C_k9_3od_x1.2,C,none,3,14,23,23,78,9.0
C_k9_3od_x1.2,C,none,3,15,23,23,74,9.0
C_k9_3od_x1.2,C,none,4,1,24,24,64,4.041666666666667
C_k9_3od_x1.2,C,none,4,2,23,23,81,9.0
C_k9_3od_x1.2,C,none,4,3,23,23,79,9.0
C_k9_3od_x1.2,C,none,4,4,23,23,81,9.0
C_k9_3od_x1.2,C,none,4,5,23,23,77,9.0
C_k9_3od_x1.2,C,none,4,6,23,23,83,9.0
C_k9_3od_x1.2,C,none,4,7,23,23,80,9.0
C_k9_3od_x1.2,C,none,4,8,23,23,79,9.0
C_k9_3od_x1.2,C,none,4,9,23,23,81,9.0
C_k9_3od_x1.2,C,none,4,10,23,23,78,9.0
C_k9_3od_x1.2,C,none,4,11,23,23,78,9.0
C_k9_3od_x1.2,C,none,4,12,23,23,78,9.0
C_k9_3od_x1.2,C,none,4,13,23,23,78,9.0
C_k9_3od_x1.2,C,none,4,14,23,23,82,9.0
C_k9_3od_x1.2,C,none,4,15,23,23,81,9.0
C_k9_3od_x1.2,C,none,5,1,24,24,60,4.625
C_k9_3od_x1.2,C,none,5,2,23,23,83,9.0
C_k9_3od_x1.2,C,none,5,3,23,23,76,9.0
C_k9_3od_x1.2,C,none,5,4,23,23,75,9.0
C_k9_3od_x1.2,C,none,5,5,23,23,81,9.0
C_k9_3od_x1.2,C,none,5,6,23,23,83,9.0
C_k9_3od_x1.2,C,none,5,7,23,23,74,9.0
C_k9_3od_x1.2,C,none,5,8,23,23,80,9.0
C_k9_3od_x1.2,C,none,5,9,23,23,80,9.0
C_k9_3od_x1.2,C,none,5,10,23,23,77,9.0
C_k9_3od_x1.2,C,none,5,11,23,23,67,9.0
C_k9_3od_x1.2,C,none,5,12,23,23,76,9.0
C_k9_3od_x1.2,C,none,5,13,23,23,81,9.0
C_k9_3od_x1.2,C,none,5,14,23,23,75,9.0
C_k9_3od_x1.2,C,none,5,15,23,23,78,9.0
C_k9_3od_x1.2,C,none,6,1,24,24,64,5.125
C_k9_3od_x1.2,C,none,6,2,23,23,86,9.0
C_k9_3od_x1.2,C,none,6,3,23,23,84,9.0
C_k9_3od_x1.2,C,none,6,4,23,23,78,9.0
C_k9_3od_x1.2,C,none,6,5,23,23,79,9.0
C_k9_3od_x1.2,C,none,6,6,23,23,76,9.0
C_k9_3od_x1.2,C,none,6,7,23,23,84,9.0
C_k9_3od_x1.2,C,none,6,8,23,23,78,9.0
C_k9_3od_x1.2,C,none,6,9,23,23,74,9.0
C_k9_3od_x1.2,C,none,6,10,23,23,78,9.0
C_k9_3od_x1.2,C,none,6,11,23,23,76,9.0
C_k9_3od_x1.2,C,none,6,12,23,23,79,9.0
C_k9_3od_x1.2,C,none,6,13,23,23,76,9.0
C_k9_3od_x1.2,C,none,6,14,23,23,83,9.0
C_k9_3od_x1.2,C,none,6,15,23,23,83,9.0
C_k9_3od_x1.2,C,none,7,1,24,24,75,5.291666666666667
C_k9_3od_x1.2,C,none,7,2,23,23,76,9.0
C_k9_3od_x1.2,C,none,7,3,23,23,73,9.0
C_k9_3od_x1.2,C,none,7,4,23,23,82,9.0
C_k9_3od_x1.2,C,none,7,5,23,23,81,9.0
C_k9_3od_x1.2,C,none,7,6,23,23,80,9.0
C_k9_3od_x1.2,C,none,7,7,23,23,78,9.0
C_k9_3od_x1.2,C,none,7,8,23,23,77,9.0
C_k9_3od_x1.2,C,none,7,9,23,23,77,9.0
C_k9_3od_x1.2,C,none,7,10,23,23,85,9.0
C_k9_3od_x1.2,C,none,7,11,23,23,83,9.0
C_k9_3od_x1.2,C,none,7,12,23,23,76,9.0
C_k9_3od_x1.2,C,none,7,13,23,23,80,9.0
C_k9_3od_x1.2,C,none,7,14,23,23,78,9.0
C_k9_3od_x1.2,C,none,7,15,23,23,76,9.0
C_k9_3od_x1.2,C,none,8,1,24,24,66,4.208333333333333
C_k9_3od_x1.2,C,none,8,2,23,23,83,9.0
C_k9_3od_x1.2,C,none,8,3,23,23,78,9.0
C_k9_3od_x1.2,C,none,8,4,23,23,78,9.0
C_k9_3od_x1.2,C,none,8,5,23,23,78,9.0
C_k9_3od_x1.2,C,none,8,6,23,23,81,9.0
C_k9_3od_x1.2,C,none,8,7,23,23,79,9.0
C_k9_3od_x1.2,C,none,8,8,23,23,79,9.0
C_k9_3od_x1.2,C,none,8,9,23,23,84,9.0
C_k9_3od_x1.2,C,none,8,10,23,23,83,9.0
C_k9_3od_x1.2,C,none,8,11,23,23,74,9.0
C_k9_3od_x1.2,C,none,8,12,23,23,79,9.0
C_k9_3od_x1.2,C,none,8,13,23,23,78,9.0
C_k9_3od_x1.2,C,none,8,14,23,23,79,9.0
C_k9_3od_x1.2,C,none,8,15,23,23,77,9.0
C_k9_3od_x1.2,C,none,9,1,24,24,63,5.0
C_k9_3od_x1.2,C,none,9,2,23,23,78,9.0
C_k9_3od_x1.2,C,none,9,3,23,23,79,9.0
C_k9_3od_x1.2,C,none,9,4,23,23,80,9.0
C_k9_3od_x1.2,C,none,9,5,23,23,83,9.0
C_k9_3od_x1.2,C,none,9,6,23,23,77,9.0
C_k9_3od_x1.2,C,none,9,7,23,23,76,9.0
C_k9_3od_x1.2,C,none,9,8,23,23,81,9.0
C_k9_3od_x1.2,C,none,9,9,23,23,79,9.0
C_k9_3od_x1.2,C,none,9,10,23,23,79,9.0
C_k9_3od_x1.2,C,none,9,11,23,23,78,9.0
C_k9_3od_x1.2,C,none,9,12,23,23,78,9.0
C_k9_3od_x1.2,C,none,9,13,23,23,78,9.0
C_k9_3od_x1.2,C,none,9,14,23,23,75,9.0
C_k9_3od_x1.2,C,none,9,15,23,23,75,9.0
D_k9_1od_x0.8,D,both,0,1,24,24,61,4.958333333333333
D_k9_1od_x0.8,D,both,0,2,23,23,78,9.0
D_k9_1od_x0.8,D,both,0,3,23,23,79,9.0
D_k9_1od_x0.8,D,both,0,4,23,23,74,9.0
D_k9_1od_x0.8,D,both,0,5,23,23,78,9.0
D_k9_1od_x0.8,D,both,0,6,23,23,79,9.0
D_k9_1od_x0.8,D,both,0,7,23,23,73,9.0
D_k9_1od_x0.8,D,both,0,8,23,23,76,9.0
D_k9_1od_x0.8,D,both,0,9,23,23,77,9.0
D_k9_1od_x0.8,D,both,0,10,23,23,76,9.0
D_k9_1od_x0.8,D,both,0,11,23,23,74,9.0
D_k9_1od_x0.8,D,both,0,12,23,23,77,9.0
D_k9_1od_x0.8,D,both,0,13,23,23,78,9.0
D_k9_1od_x0.8,D,both,0,14,23,23,77,9.0
D_k9_1od_x0.8,D,both,0,15,23,23,74,9.0
D_k9_1od_x0.8,D,both,1,1,24,22,60,4.375
D_k9_1od_x0.8,D,both,1,2,23,23,76,9.0
D_k9_1od_x0.8,D,both,1,3,23,23,79,9.0
D_k9_1od_x0.8,D,both,1,4,23,23,70,9.0
D_k9_1od_x0.8,D,both,1,5,23,23,75,9.0
D_k9_1od_x0.8,D,both,1,6,23,23,75,9.0
D_k9_1od_x0.8,D,both,1,7,23,23,78,9.0
D_k9_1od_x0.8,D,both,1,8,23,23,70,9.0
D_k9_1od_x0.8,D,both,1,9,23,23,77,9.0
D_k9_1od_x0.8,D,both,1,10,23,23,73,9.0
D_k9_1od_x0.8,D,both,1,11,23,23,77,9.0
D_k9_1od_x0.8,D,both,1,12,23,23,77,9.0
D_k9_1od_x0.8,D,both,1,13,23,23,77,9.0
D_k9_1od_x0.8,D,both,1,14,23,23,75,9.0
D_k9_1od_x0.8,D,both,1,15,23,23,75,9.0
D_k9_1od_x0.8,D,both,2,1,24,21,64,4.416666666666667
D_k9_1od_x0.8,D,both,2,2,23,23,77,9.0
D_k9_1od_x0.8,D,both,2,3,23,23,81,9.0
D_k9_1od_x0.8,D,both,2,4,23,23,78,9.0
D_k9_1od_x0.8,D,both,2,5,23,23,77,9.0
D_k9_1od_x0.8,D,both,2,6,23,23,79,9.0
D_k9_1od_x0.8,D,both,2,7,23,23,79,9.0
D_k9_1od_x0.8,D,both,2,8,23,23,74,9.0
D_k9_1od_x0.8,D,both,2,9,23,23,82,9.0
D_k9_1od_x0.8,D,both,2,10,23,23,73,9.0
D_k9_1od_x0.8,D,both,2,11,23,23,71,9.0
D_k9_1od_x0.8,D,both,2,12,23,23,79,9.0
D_k9_1od_x0.8,D,both,2,13,23,23,78,9.0
D_k9_1od_x0.8,D,both,2,14,23,23,78,9.0
D_k9_1od_x0.8,D,both,2,15,23,23,80,9.0
D_k9_1od_x0.8,D,both,3,1,24,24,65,5.416666666666667
D_k9_1od_x0.8,D,both,3,2,23,23,74,9.0
D_k9_1od_x0.8,D,both,3,3,23,23,76,9.0
D_k9_1od_x0.8,D,both,3,4,23,23,75,9.0
D_k9_1od_x0.8,D,both,3,5,23,23,74,9.0
D_k9_1od_x0.8,D,both,3,6,23,23,79,9.0
D_k9_1od_x0.8,D,both,3,7,23,23,71,9.0
D_k9_1od_x0.8,D,both,3,8,23,23,75,9.0
D_k9_1od_x0.8,D,both,3,9,23,23,77,9.0
D_k9_1od_x0.8,D,both,3,10,23,23,77,9.0
D_k9_1od_x0.8,D,both,3,11,23,23,80,9.0
D_k9_1od_x0.8,D,both,3,12,23,23,76,9.0
D_k9_1od_x0.8,D,both,3,13,23,23,71,9.0
D_k9_1od_x0.8,D,both,3,14,23,23,77,9.0
D_k9_1od_x0.8,D,both,3,15,23,23,71,9.0
D_k9_1od_x0.8,D,both,4,1,24,22,55,3.5416666666666665
D_k9_1od_x0.8,D,both,4,2,23,23,75,9.0
D_k9_1od_x0.8,D,both,4,3,23,23,79,9.0
D_k9_1od_x0.8,D,both,4,4,23,23,75,9.0
D_k9_1od_x0.8,D,both,4,5,23,23,78,9.0
D_k9_1od_x0.8,D,both,4,6,23,23,79,9.0
D_k9_1od_x0.8,D,both,4,7,23,23,75,9.0
D_k9_1od_x0.8,D,both,4,8,23,23,77,9.0
D_k9_1od_x0.8,D,both,4,9,23,23,74,9.0
D_k9_1od_x0.8,D,both,4,10,23,23,73,9.0
D_k9_1od_x0.8,D,both,4,11,23,23,71,9.0
D_k9_1od_x0.8,D,both,4,12,23,23,75,9.0
D_k9_1od_x0.8,D,both,4,13,23,23,78,9.0
D_k9_1od_x0.8,D,both,4,14,23,23,78,9.0
D_k9_1od_x0.8,D,both,4,15,23,23,76,9.0
D_k9_1od_x0.8,D,both,5,1,24,22,59,4.25
D_k9_1od_x0.8,D,both,5,2,23,23,80,9.0
D_k9_1od_x0.8,D,both,5,3,23,23,75,9.0
D_k9_1od_x0.8,D,both,5,4,23,23,75,9.0
D_k9_1od_x0.8,D,both,5,5,23,23,82,9.0
D_k9_1od_x0.8,D,both,5,6,23,23,81,9.0
D_k9_1od_x0.8,D,both,5,7,23,23,78,9.0
D_k9_1od_x0.8,D,both,5,8,23,23,76,9.0
D_k9_1od_x0.8,D,both,5,9,23,23,78,9.0
D_k9_1od_x0.8,D,both,5,10,23,23,76,9.0
D_k9_1od_x0.8,D,both,5,11,23,23,78,9.0
D_k9_1od_x0.8,D,both,5,12,23,23,78,9.0
D_k9_1od_x0.8,D,both,5,13,23,23,73,9.0
D_k9_1od_x0.8,D,both,5,14,23,23,77,9.0
D_k9_1od_x0.8,D,both,5,15,23,23,82,9.0
D_k9_1od_x0.8,D,both,6,1,24,22,69,4.958333333333333
D_k9_1od_x0.8,D,both,6,2,23,23,77,9.0
D_k9_1od_x0.8,D,both,6,3,23,23,74,9.0
D_k9_1od_x0.8,D,both,6,4,23,23,81,9.0
D_k9_1od_x0.8,D,both,6,5,23,23,79,9.0
D_k9_1od_x0.8,D,both,6,6,23,23,80,9.0
D_k9_1od_x0.8,D,both,6,7,23,23,78,9.0
D_k9_1od_x0.8,D,both,6,8,23,23,76,9.0
D_k9_1od_x0.8,D,both,6,9,23,23,69,9.0
D_k9_1od_x0.8,D,both,6,10,23,23,78,9.0
D_k9_1od_x0.8,D,both,6,11,23,23,72,9.0
D_k9_1od_x0.8,D,both,6,12,23,23,74,9.0
D_k9_1od_x0.8,D,both,6,13,23,23,82,9.0
D_k9_1od_x0.8,D,both,6,14,23,23,78,9.0
D_k9_1od_x0.8,D,both,6,15,23,23,75,9.0
D_k9_1od_x0.8,D,both,7,1,24,21,60,3.75
D_k9_1od_x0.8,D,both,7,2,23,23,75,9.0
D_k9_1od_x0.8,D,both,7,3,23,23,71,9.0
D_k9_1od_x0.8,D,both,7,4,23,23,78,9.0
D_k9_1od_x0.8,D,both,7,5,23,23,73,9.0
D_k9_1od_x0.8,D,both,7,6,23,23,81,9.0
D_k9_1od_x0.8,D,both,7,7,23,23,71,9.0
D_k9_1od_x0.8,D,both,7,8,23,23,72,9.0
D_k9_1od_x0.8,D,both,7,9,23,23,79,9.0
D_k9_1od_x0.8,D,both,7,10,23,23,71,9.0
D_k9_1od_x0.8,D,both,7,11,23,23,75,9.0
D_k9_1od_x0.8,D,both,7,12,23,23,74,9.0
D_k9_1od_x0.8,D,both,7,13,23,23,72,9.0
D_k9_1od_x0.8,D,both,7,14,23,23,73,9.0
D_k9_1od_x0.8,D,both,7,15,23,23,73,9.0
D_k9_1od_x0.8,D,both,8,1,24,23,66,4.375
D_k9_1od_x0.8,D,both,8,2,23,23,76,9.0
D_k9_1od_x0.8,D,both,8,3,23,23,71,9.0
D_k9_1od_x0.8,D,both,8,4,23,23,68,9.0
D_k9_1od_x0.8,D,both,8,5,23,23,74,9.0
D_k9_1od_x0.8,D,both,8,6,23,23,76,9.0
D_k9_1od_x0.8,D,both,8,7,23,23,74,9.0
D_k9_1od_x0.8,D,both,8,8,23,23,80,9.0
D_k9_1od_x0.8,D,both,8,9,23,23,76,9.0
D_k9_1od_x0.8,D,both,8,10,23,23,68,9.0
D_k9_1od_x0.8,D,both,8,11,23,23,73,9.0
D_k9_1od_x0.8,D,both,8,12,23,23,73,9.0
D_k9_1od_x0.8,D,both,8,13,23,23,77,9.0
D_k9_1od_x0.8,D,both,8,14,23,23,71,9.0
D_k9_1od_x0.8,D,both,8,15,23,23,80,9.0
D_k9_1od_x0.8,D,both,9,1,24,22,60,4.541666666666667
D_k9_1od_x0.8,D,both,9,2,23,23,71,9.0
D_k9_1od_x0.8,D,both,9,3,23,23,71,9.0
D_k9_1od_x0.8,D,both,9,4,23,23,78,9.0
D_k9_1od_x0.8,D,both,9,5,23,23,78,9.0
D_k9_1od_x0.8,D,both,9,6,23,23,73,9.0
D_k9_1od_x0.8,D,both,9,7,23,23,74,9.0
D_k9_1od_x0.8,D,both,9,8,23,23,75,9.0
D_k9_1od_x0.8,D,both,9,9,23,23,75,9.0
D_k9_1od_x0.8,D,both,9,10,23,23,75,9.0
D_k9_1od_x0.8,D,both,9,11,23,23,77,9.0
D_k9_1od_x0.8,D,both,9,12,23,23,71,9.0
D_k9_1od_x0.8,D,both,9,13,23,23,77,9.0
D_k9_1od_x0.8,D,both,9,14,23,23,78,9.0
D_k9_1od_x0.8,D,both,9,15,23,23,82,9.0
D_k9_1od_x0.8,D,init,0,1,24,24,61,4.958333333333333
D_k9_1od_x0.8,D,init,0,2,23,23,84,9.0
D_k9_1od_x0.8,D,init,0,3,23,23,78,9.0
D_k9_1od_x0.8,D,init,0,4,23,23,82,9.0
D_k9_1od_x0.8,D,init,0,5,23,23,81,9.0
D_k9_1od_x0.8,D,init,0,6,23,23,73,9.0
D_k9_1od_x0.8,D,init,0,7,23,23,84,9.0
D_k9_1od_x0.8,D,init,0,8,23,23,82,9.0
D_k9_1od_x0.8,D,init,0,9,23,23,81,9.0
D_k9_1od_x0.8,D,init,0,10,23,23,81,9.0
D_k9_1od_x0.8,D,init,0,11,23,23,81,9.0
D_k9_1od_x0.8,D,init,0,12,23,23,83,9.0
D_k9_1od_x0.8,D,init,0,13,23,23,87,9.0
D_k9_1od_x0.8,D,init,0,14,23,23,76,9.0
D_k9_1od_x0.8,D,init,0,15,23,23,85,9.0
D_k9_1od_x0.8,D,init,1,1,24,22,60,4.375
D_k9_1od_x0.8,D,init,1,2,23,23,82,9.0
D_k9_1od_x0.8,D,init,1,3,23,23,80,9.0
D_k9_1od_x0.8,D,init,1,4,23,23,77,9.0
D_k9_1od_x0.8,D,init,1,5,23,23,80,9.0
D_k9_1od_x0.8,D,init,1,6,23,23,83,9.0
D_k9_1od_x0.8,D,init,1,7,23,23,79,9.0
D_k9_1od_x0.8,D,init,1,8,23,23,77,9.0
D_k9_1od_x0.8,D,init,1,9,23,23,74,9.0
D_k9_1od_x0.8,D,init,1,10,23,23,80,9.0
D_k9_1od_x0.8,D,init,1,11,23,23,80,9.0
D_k9_1od_x0.8,D,init,1,12,23,23,81,9.0
D_k9_1od_x0.8,D,init,1,13,23,23,84,9.0
D_k9_1od_x0.8,D,init,1,14,23,23,75,9.0
D_k9_1od_x0.8,D,init,1,15,23,23,79,9.0
D_k9_1od_x0.8,D,init,2,1,24,21,64,4.416666666666667
D_k9_1od_x0.8,D,init,2,2,23,23,82,9.0
D_k9_1od_x0.8,D,init,2,3,23,23,84,9.0
D_k9_1od_x0.8,D,init,2,4,23,23,82,9.0
D_k9_1od_x0.8,D,init,2,5,23,23,77,9.0
D_k9_1od_x0.8,D,init,2,6,23,23,82,9.0
D_k9_1od_x0.8,D,init,2,7,23,23,80,9.0
D_k9_1od_x0.8,D,init,2,8,23,23,80,9.0
D_k9_1od_x0.8,D,init,2,9,23,23,78,9.0
D_k9_1od_x0.8,D,init,2,10,23,23,82,9.0
D_k9_1od_x0.8,D,init,2,11,23,23,80,9.0
D_k9_1od_x0.8,D,init,2,12,23,23,81,9.0
D_k9_1od_x0.8,D,init,2,13,23,23,79,9.0
D_k9_1od_x0.8,D,init,2,14,23,23,85,9.0
D_k9_1od_x0.8,D,init,2,15,23,23,79,9.0
D_k9_1od_x0.8,D,init,3,1,24,24,65,5.416666666666667
D_k9_1od_x0.8,D,init,3,2,23,23,80,9.0
D_k9_1od_x0.8,D,init,3,3,23,23,84,9.0
D_k9_1od_x0.8,D,init,3,4,23,23,77,9.0
D_k9_1od_x0.8,D,init,3,5,23,23,77,9.0
D_k9_1od_x0.8,D,init,3,6,23,23,81,9.0
D_k9_1od_x0.8,D,init,3,7,23,23,79,9.0
D_k9_1od_x0.8,D,init,3,8,23,23,82,9.0
D_k9_1od_x0.8,D,init,3,9,23,23,76,9.0
D_k9_1od_x0.8,D,init,3,10,23,23,72,9.0
D_k9_1od_x0.8,D,init,3,11,23,23,82,9.0
D_k9_1od_x0.8,D,init,3,12,23,23,80,9.0
D_k9_1od_x0.8,D,init,3,13,23,23,80,9.0
D_k9_1od_x0.8,D,init,3,14,23,23,82,9.0
D_k9_1od_x0.8,D,init,3,15,23,23,82,9.0
D_k9_1od_x0.8,D,init,4,1,24,22,55,3.5416666666666665
D_k9_1od_x0.8,D,init,4,2,23,23,83,9.0
D_k9_1od_x0.8,D,init,4,3,23,23,82,9.0
D_k9_1od_x0.8,D,init,4,4,23,23,81,9.0
D_k9_1od_x0.8,D,init,4,5,23,23,82,9.0
D_k9_1od_x0.8,D,init,4,6,23,23,85,9.0
D_k9_1od_x0.8,D,init,4,7,23,23,85,9.0
D_k9_1od_x0.8,D,init,4,8,23,23,81,9.0
D_k9_1od_x0.8,D,init,4,9,23,23,79,9.0
D_k9_1od_x0.8,D,init,4,10,23,23,78,9.0
D_k9_1od_x0.8,D,init,4,11,23,23,81,9.0
D_k9_1od_x0.8,D,init,4,12,23,23,81,9.0
D_k9_1od_x0.8,D,init,4,13,23,23,83,9.0
D_k9_1od_x0.8,D,init,4,14,23,23,77,9.0
D_k9_1od_x0.8,D,init,4,15,23,23,81,9.0
D_k9_1od_x0.8,D,init,5,1,24,22,59,4.25
D_k9_1od_x0.8,D,init,5,2,23,23,84,9.0
D_k9_1od_x0.8,D,init,5,3,23,23,86,9.0
D_k9_1od_x0.8,D,init,5,4,23,23,81,9.0
D_k9_1od_x0.8,D,init,5,5,23,23,80,9.0
D_k9_1od_x0.8,D,init,5,6,23,23,80,9.0
D_k9_1od_x0.8,D,init,5,7,23,23,76,9.0
D_k9_1od_x0.8,D,init,5,8,23,23,85,9.0
D_k9_1od_x0.8,D,init,5,9,23,23,81,9.0
D_k9_1od_x0.8,D,init,5,10,23,23,81,9.0
D_k9_1od_x0.8,D,init,5,11,23,23,79,9.0
D_k9_1od_x0.8,D,init,5,12,23,23,77,9.0
D_k9_1od_x0.8,D,init,5,13,23,23,80,9.0
D_k9_1od_x0.8,D,init,5,14,23,23,84,9.0
D_k9_1od_x0.8,D,init,5,15,23,23,83,9.0
D_k9_1od_x0.8,D,init,6,1,24,22,69,4.958333333333333
D_k9_1od_x0.8,D,init,6,2,23,23,85,9.0
D_k9_1od_x0.8,D,init,6,3,23,23,75,9.0
D_k9_1od_x0.8,D,init,6,4,23,23,82,9.0
D_k9_1od_x0.8,D,init,6,5,23,23,80,9.0
D_k9_1od_x0.8,D,init,6,6,23,23,84,9.0
D_k9_1od_x0.8,D,init,6,7,23,23,85,9.0
D_k9_1od_x0.8,D,init,6,8,23,23,83,9.0
D_k9_1od_x0.8,D,init,6,9,23,23,87,9.0
D_k9_1od_x0.8,D,init,6,10,23,23,81,9.0
D_k9_1od_x0.8,D,init,6,11,23,23,81,9.0
D_k9_1od_x0.8,D,init,6,12,23,23,82,9.0
D_k9_1od_x0.8,D,init,6,13,23,23,82,9.0
D_k9_1od_x0.8,D,init,6,14,23,23,83,9.0
D_k9_1od_x0.8,D,init,6,15,23,23,88,9.0
D_k9_1od_x0.8,D,init,7,1,24,21,60,3.75
D_k9_1od_x0.8,D,init,7,2,23,23,83,9.0
D_k9_1od_x0.8,D,init,7,3,23,23,80,9.0
D_k9_1od_x0.8,D,init,7,4,23,23,79,9.0
D_k9_1od_x0.8,D,init,7,5,23,23,80,9.0
D_k9_1od_x0.8,D,init,7,6,23,23,81,9.0
D_k9_1od_x0.8,D,init,7,7,23,23,80,9.0
D_k9_1od_x0.8,D,init,7,8,23,23,80,9.0
D_k9_1od_x0.8,D,init,7,9,23,23,76,9.0
D_k9_1od_x0.8,D,init,7,10,23,23,77,9.0
D_k9_1od_x0.8,D,init,7,11,23,23,83,9.0
D_k9_1od_x0.8,D,init,7,12,23,23,76,9.0
D_k9_1od_x0.8,D,init,7,13,23,23,78,9.0
D_k9_1od_x0.8,D,init,7,14,23,23,79,9.0
D_k9_1od_x0.8,D,init,7,15,23,23,82,9.0
D_k9_1od_x0.8,D,init,8,1,24,23,66,4.375
D_k9_1od_x0.8,D,init,8,2,23,23,83,9.0
D_k9_1od_x0.8,D,init,8,3,23,23,85,9.0
D_k9_1od_x0.8,D,init,8,4,23,23,76,9.0
D_k9_1od_x0.8,D,init,8,5,23,23,78,9.0
D_k9_1od_x0.8,D,init,8,6,23,23,81,9.0
D_k9_1od_x0.8,D,init,8,7,23,23,83,9.0
D_k9_1od_x0.8,D,init,8,8,23,23,84,9.0
D_k9_1od_x0.8,D,init,8,9,23,23,81,9.0
D_k9_1od_x0.8,D,init,8,10,23,23,79,9.0
D_k9_1od_x0.8,D,init,8,11,23,23,79,9.0
D_k9_1od_x0.8,D,init,8,12,23,23,77,9.0
D_k9_1od_x0.8,D,init,8,13,23,23,85,9.0
D_k9_1od_x0.8,D,init,8,14,23,23,79,9.0
D_k9_1od_x0.8,D,init,8,15,23,23,84,9.0
D_k9_1od_x0.8,D,init,9,1,24,22,60,4.541666666666667
D_k9_1od_x0.8,D,init,9,2,23,23,79,9.0
D_k9_1od_x0.8,D,init,9,3,23,23,81,9.0
D_k9_1od_x0.8,D,init,9,4,23,23,78,9.0
D_k9_1od_x0.8,D,init,9,5,23,23,82,9.0
D_k9_1od_x0.8,D,init,9,6,23,23,85,9.0
D_k9_1od_x0.8,D,init,9,7,23,23,81,9.0
D_k9_1od_x0.8,D,init,9,8,23,23,84,9.0
D_k9_1od_x0.8,D,init,9,9,23,23,78,9.0
D_k9_1od_x0.8,D,init,9,10,23,23,85,9.0
D_k9_1od_x0.8,D,init,9,11,23,23,80,9.0
D_k9_1od_x0.8,D,init,9,12,23,23,81,9.0
D_k9_1od_x0.8,D,init,9,13,23,23,79,9.0
D_k9_1od_x0.8,D,init,9,14,23,23,83,9.0
D_k9_1od_x0.8,D,init,9,15,23,23,78,9.0
D_k9_1od_x0.8,D,mutation,0,1,24,24,75,5.833333333333333
D_k9_1od_x0.8,D,mutation,0,2,23,23,81,9.0
D_k9_1od_x0.8,D,mutation,0,3,23,23,73,9.0
D_k9_1od_x0.8,D,mutation,0,4,23,23,75,9.0
D_k9_1od_x0.8,D,mutation,0,5,23,23,75,9.0
D_k9_1od_x0.8,D,mutation,0,6,23,23,76,9.0
D_k9_1od_x0.8,D,mutation,0,7,23,23,70,9.0
D_k9_1od_x0.8,D,mutation,0,8,23,23,77,9.0
D_k9_1od_x0.8,D,mutation,0,9,23,23,69,9.0
D_k9_1od_x0.8,D,mutation,0,10,23,23,82,9.0
D_k9_1od_x0.8,D,mutation,0,11,23,23,81,9.0
D_k9_1od_x0.8,D,mutation,0,12,23,23,77,9.0
D_k9_1od_x0.8,D,mutation,0,13,23,23,80,9.0
D_k9_1od_x0.8,D,mutation,0,14,23,23,75,9.0
D_k9_1od_x0.8,D,mutation,0,15,23,23,77,9.0
D_k9_1od_x0.8,D,mutation,1,1,24,24,68,4.416666666666667
D_k9_1od_x0.8,D,mutation,1,2,23,23,80,9.0
D_k9_1od_x0.8,D,mutation,1,3,23,23,76,9.0
D_k9_1od_x0.8,D,mutation,1,4,23,23,79,9.0
D_k9_1od_x0.8,D,mutation,1,5,23,23,75,9.0
D_k9_1od_x0.8,D,mutation,1,6,23,23,75,9.0
D_k9_1od_x0.8,D,mutation,1,7,23,23,75,9.0
D_k9_1od_x0.8,D,mutation,1,8,23,23,79,9.0
D_k9_1od_x0.8,D,mutation,1,9,23,23,76,9.0
D_k9_1od_x0.8,D,mutation,1,10,23,23,72,9.0
D_k9_1od_x0.8,D,mutation,1,11,23,23,76,9.0
D_k9_1od_x0.8,D,mutation,1,12,23,23,74,9.0
D_k9_1od_x0.8,D,mutation,1,13,23,23,74,9.0
D_k9_1od_x0.8,D,mutation,1,14,23,23,75,9.0
D_k9_1od_x0.8,D,mutation,1,15,23,23,74,9.0
D_k9_1od_x0.8,D,mutation,2,1,24,24,75,4.666666666666667
D_k9_1od_x0.8,D,mutation,2,2,23,23,81,9.0
D_k9_1od_x0.8,D,mutation,2,3,23,23,73,9.0
D_k9_1od_x0.8,D,mutation,2,4,23,23,78,9.0
D_k9_1od_x0.8,D,mutation,2,5,23,23,73,9.0
D_k9_1od_x0.8,D,mutation,2,6,23,23,69,9.0
D_k9_1od_x0.8,D,mutation,2,7,23,23,77,9.0
D_k9_1od_x0.8,D,mutation,2,8,23,23,82,9.0
D_k9_1od_x0.8,D,mutation,2,9,23,23,75,9.0
D_k9_1od_x0.8,D,mutation,2,10,23,23,74,9.0
D_k9_1od_x0.8,D,mutation,2,11,23,23,71,9.0
D_k9_1od_x0.8,D,mutation,2,12,23,23,75,9.0
D_k9_1od_x0.8,D,mutation,2,13,23,23,70,9.0
D_k9_1od_x0.8,D,mutation,2,14,23,23,79,9.0
D_k9_1od_x0.8,D,mutation,2,15,23,23,81,9.0
D_k9_1od_x0.8,D,mutation,3,1,24,24,66,4.25
D_k9_1od_x0.8,D,mutation,3,2,23,23,82,9.0
D_k9_1od_x0.8,D,mutation,3,3,23,23,77,9.0
D_k9_1od_x0.8,D,mutation,3,4,23,23,77,9.0
D_k9_1od_x0.8,D,mutation,3,5,23,23,78,9.0
D_k9_1od_x0.8,D,mutation,3,6,23,23,76,9.0
D_k9_1od_x0.8,D,mutation,3,7,23,23,80,9.0
D_k9_1od_x0.8,D,mutation,3,8,23,23,76,9.0
D_k9_1od_x0.8,D,mutation,3,9,23,23,74,9.0
D_k9_1od_x0.8,D,mutation,3,10,23,23,78,9.0
D_k9_1od_x0.8,D,mutation,3,11,23,23,79,9.0
D_k9_1od_x0.8,D,mutation,3,12,23,23,79,9.0
D_k9_1od_x0.8,D,mutation,3,13,23,23,75,9.0
D_k9_1od_x0.8,D,mutation,3,14,23,23,72,9.0
D_k9_1od_x0.8,D,mutation,3,15,23,23,72,9.0
D_k9_1od_x0.8,D,mutation,4,1,24,24,57,4.083333333333333
D_k9_1od_x0.8,D,mutation,4,2,23,23,77,9.0
D_k9_1od_x0.8,D,mutation,4,3,23,23,77,9.0
D_k9_1od_x0.8,D,mutation,4,4,23,23,76,9.0
D_k9_1od_x0.8,D,mutation,4,5,23,23,74,9.0
D_k9_1od_x0.8,D,mutation,4,6,23,23,83,9.0
D_k9_1od_x0.8,D,mutation,4,7,23,23,78,9.0
D_k9_1od_x0.8,D,mutation,4,8,23,23,74,9.0
D_k9_1od_x0.8,D,mutation,4,9,23,23,73,9.0
D_k9_1od_x0.8,D,mutation,4,10,23,23,74,9.0
D_k9_1od_x0.8,D,mutation,4,11,23,23,76,9.0
D_k9_1od_x0.8,D,mutation,4,12,23,23,77,9.0
D_k9_1od_x0.8,D,mutation,4,13,23,23,74,9.0
D_k9_1od_x0.8,D,mutation,4,14,23,23,79,9.0
D_k9_1od_x0.8,D,mutation,4,15,23,23,76,9.0
D_k9_1od_x0.8,D,mutation,5,1,24,24,70,4.625
D_k9_1od_x0.8,D,mutation,5,2,23,23,78,9.0
D_k9_1od_x0.8,D,mutation,5,3,23,23,81,9.0
D_k9_1od_x0.8,D,mutation,5,4,23,23,77,9.0
D_k9_1od_x0.8,D,mutation,5,5,23,23,74,9.0
D_k9_1od_x0.8,D,mutation,5,6,23,23,79,9.0
D_k9_1od_x0.8,D,mutation,5,7,23,23,73,9.0
D_k9_1od_x0.8,D,mutation,5,8,23,23,74,9.0
D_k9_1od_x0.8,D,mutation,5,9,23,23,77,9.0
D_k9_1od_x0.8,D,mutation,5,10,23,23,76,9.0
D_k9_1od_x0.8,D,mutation,5,11,23,23,81,9.0
D_k9_1od_x0.8,D,mutation,5,12,23,23,76,9.0
D_k9_1od_x0.8,D,mutation,5,13,23,23,73,9.0
D_k9_1od_x0.8,D,mutation,5,14,23,23,78,9.0
D_k9_1od_x0.8,D,mutation,5,15,23,23,76,9.0
D_k9_1od_x0.8,D,mutation,6,1,24,24,68,5.208333333333333
D_k9_1od_x0.8,D,mutation,6,2,23,23,81,9.0
D_k9_1od_x0.8,D,mutation,6,3,23,23,69,9.0
D_k9_1od_x0.8,D,mutation,6,4,23,23,73,9.0
D_k9_1od_x0.8,D,mutation,6,5,23,23,76,9.0
D_k9_1od_x0.8,D,mutation,6,6,23,23,79,9.0
D_k9_1od_x0.8,D,mutation,6,7,23,23,73,9.0
D_k9_1od_x0.8,D,mutation,6,8,23,23,74,9.0
D_k9_1od_x0.8,D,mutation,6,9,23,23,82,9.0
D_k9_1od_x0.8,D,mutation,6,10,23,23,78,9.0
D_k9_1od_x0.8,D,mutation,6,11,23,23,85,9.0
D_k9_1od_x0.8,D,mutation,6,12,23,23,77,9.0
D_k9_1od_x0.8,D,mutation,6,13,23,23,80,9.0
D_k9_1od_x0.8,D,mutation,6,14,23,23,81,9.0
D_k9_1od_x0.8,D,mutation,6,15,23,23,78,9.0
D_k9_1od_x0.8,D,mutation,7,1,24,24,77,5.583333333333333
D_k9_1od_x0.8,D,mutation,7,2,23,23,75,9.0
D_k9_1od_x0.8,D,mutation,7,3,23,23,77,9.0
D_k9_1od_x0.8,D,mutation,7,4,23,23,75,9.0
D_k9_1od_x0.8,D,mutation,7,5,23,23,77,9.0
D_k9_1od_x0.8,D,mutation,7,6,23,23,79,9.0
D_k9_1od_x0.8,D,mutation,7,7,23,23,76,9.0
D_k9_1od_x0.8,D,mutation,7,8,23,23,73,9.0
D_k9_1od_x0.8,D,mutation,7,9,23,23,72,9.0
D_k9_1od_x0.8,D,mutation,7,10,23,23,73,9.0
D_k9_1od_x0.8,D,mutation,7,11,23,23,72,9.0
D_k9_1od_x0.8,D,mutation,7,12,23,23,79,9.0
D_k9_1od_x0.8,D,mutation,7,13,23,23,75,9.0
D_k9_1od_x0.8,D,mutation,7,14,23,23,73,9.0
D_k9_1od_x0.8,D,mutation,7,15,23,23,76,9.0
D_k9_1od_x0.8,D,mutation,8,1,24,24,64,4.5
D_k9_1od_x0.8,D,mutation,8,2,23,23,78,9.0
D_k9_1od_x0.8,D,mutation,8,3,23,23,77,9.0
D_k9_1od_x0.8,D,mutation,8,4,23,23,76,9.0
D_k9_1od_x0.8,D,mutation,8,5,23,23,78,9.0
D_k9_1od_x0.8,D,mutation,8,6,23,23,77,9.0
D_k9_1od_x0.8,D,mutation,8,7,23,23,77,9.0
D_k9_1od_x0.8,D,mutation,8,8,23,23,76,9.0
D_k9_1od_x0.8,D,mutation,8,9,23,23,70,9.0
D_k9_1od_x0.8,D,mutation,8,10,23,23,72,9.0
D_k9_1od_x0.8,D,mutation,8,11,23,23,79,9.0
D_k9_1od_x0.8,D,mutation,8,12,23,23,79,9.0
D_k9_1od_x0.8,D,mutation,8,13,23,23,77,9.0
D_k9_1od_x0.8,D,mutation,8,14,23,23,74,9.0
D_k9_1od_x0.8,D,mutation,8,15,23,23,79,9.0
D_k9_1od_x0.8,D,mutation,9,1,24,24,72,5.083333333333333
D_k9_1od_x0.8,D,mutation,9,2,23,23,76,9.0
D_k9_1od_x0.8,D,mutation,9,3,23,23,80,9.0
D_k9_1od_x0.8,D,mutation,9,4,23,23,69,9.0
D_k9_1od_x0.8,D,mutation,9,5,23,23,78,9.0
D_k9_1od_x0.8,D,mutation,9,6,23,23,69,9.0
D_k9_1od_x0.8,D,mutation,9,7,23,23,78,9.0
D_k9_1od_x0.8,D,mutation,9,8,23,23,75,9.0
D_k9_1od_x0.8,D,mutation,9,9,23,23,75,9.0
D_k9_1od_x0.8,D,mutation,9,10,23,23,78,9.0
D_k9_1od_x0.8,D,mutation,9,11,23,23,74,9.0
D_k9_1od_x0.8,D,mutation,9,12,23,23,75,9.0
D_k9_1od_x0.8,D,mutation,9,13,23,23,71,9.0
D_k9_1od_x0.8,D,mutation,9,14,23,23,77,9.0
D_k9_1od_x0.8,D,mutation,9,15,23,23,74,9.0
D_k9_1od_x0.8,D,none,0,1,24,24,75,5.833333333333333
D_k9_1od_x0.8,D,none,0,2,23,23,85,9.0
D_k9_1od_x0.8,D,none,0,3,23,23,84,9.0
D_k9_1od_x0.8,D,none,0,4,23,23,84,9.0
D_k9_1od_x0.8,D,none,0,5,23,23,77,9.0
D_k9_1od_x0.8,D,none,0,6,23,23,78,9.0
D_k9_1od_x0.8,D,none,0,7,23,23,83,9.0
D_k9_1od_x0.8,D,none,0,8,23,23,81,9.0
D_k9_1od_x0.8,D,none,0,9,23,23,80,9.0
D_k9_1od_x0.8,D,none,0,10,23,23,85,9.0
D_k9_1od_x0.8,D,none,0,11,23,23,75,9.0
D_k9_1od_x0.8,D,none,0,12,23,23,84,9.0
D_k9_1od_x0.8,D,none,0,13,23,23,81,9.0
D_k9_1od_x0.8,D,none,0,14,23,23,78,9.0
D_k9_1od_x0.8,D,none,0,15,23,23,77,9.0
D_k9_1od_x0.8,D,none,1,1,24,24,68,4.416666666666667
D_k9_1od_x0.8,D,none,1,2,23,23,78,9.0
D_k9_1od_x0.8,D,none,1,3,23,23,76,9.0
D_k9_1od_x0.8,D,none,1,4,23,23,80,9.0
D_k9_1od_x0.8,D,none,1,5,23,23,80,9.0
D_k9_1od_x0.8,D,none,1,6,23,23,80,9.0
D_k9_1od_x0.8,D,none,1,7,23,23,79,9.0
D_k9_1od_x0.8,D,none,1,8,23,23,73,9.0
D_k9_1od_x0.8,D,none,1,9,23,23,84,9.0
D_k9_1od_x0.8,D,none,1,10,23,23,82,9.0
D_k9_1od_x0.8,D,none,1,11,23,23,80,9.0
D_k9_1od_x0.8,D,none,1,12,23,23,83,9.0
D_k9_1od_x0.8,D,none,1,13,23,23,80,9.0
D_k9_1od_x0.8,D,none,1,14,23,23,78,9.0
D_k9_1od_x0.8,D,none,1,15,23,23,81,9.0
D_k9_1od_x0.8,D,none,2,1,24,24,75,4.666666666666667
D_k9_1od_x0.8,D,none,2,2,23,23,82,9.0
D_k9_1od_x0.8,D,none,2,3,23,23,79,9.0
D_k9_1od_x0.8,D,none,2,4,23,23,76,9.0
D_k9_1od_x0.8,D,none,2,5,23,23,79,9.0
D_k9_1od_x0.8,D,none,2,6,23,23,86,9.0
D_k9_1od_x0.8,D,none,2,7,23,23,88,9.0
D_k9_1od_x0.8,D,none,2,8,23,23,80,9.0
D_k9_1od_x0.8,D,none,2,9,23,23,80,9.0
D_k9_1od_x0.8,D,none,2,10,23,23,78,9.0
D_k9_1od_x0.8,D,none,2,11,23,23,80,9.0
D_k9_1od_x0.8,D,none,2,12,23,23,75,9.0
D_k9_1od_x0.8,D,none,2,13,23,23,84,9.0
D_k9_1od_x0.8,D,none,2,14,23,23,80,9.0
D_k9_1od_x0.8,D,none,2,15,23,23,79,9.0
D_k9_1od_x0.8,D,none,3,1,24,24,66,4.25
D_k9_1od_x0.8,D,none,3,2,23,23,84,9.0
D_k9_1od_x0.8,D,none,3,3,23,23,77,9.0
D_k9_1od_x0.8,D,none,3,4,23,23,81,9.0
D_k9_1od_x0.8,D,none,3,5,23,23,83,9.0
D_k9_1od_x0.8,D,none,3,6,23,23,78,9.0
D_k9_1od_x0.8,D,none,3,7,23,23,81,9.0
D_k9_1od_x0.8,D,none,3,8,23,23,75,9.0
D_k9_1od_x0.8,D,none,3,9,23,23,77,9.0
D_k9_1od_x0.8,D,none,3,10,23,23,78,9.0
D_k9_1od_x0.8,D,none,3,11,23,23,83,9.0
D_k9_1od_x0.8,D,none,3,12,23,23,87,9.0
D_k9_1od_x0.8,D,none,3,13,23,23,73,9.0
D_k9_1od_x0.8,D,none,3,14,23,23,83,9.0
D_k9_1od_x0.8,D,none,3,15,23,23,81,9.0
D_k9_1od_x0.8,D,none,4,1,24,24,57,4.083333333333333
D_k9_1od_x0.8,D,none,4,2,23,23,84,9.0
D_k9_1od_x0.8,D,none,4,3,23,23,77,9.0
D_k9_1od_x0.8,D,none,4,4,23,23,78,9.0
D_k9_1od_x0.8,D,none,4,5,23,23,78,9.0
D_k9_1od_x0.8,D,none,4,6,23,23,77,9.0
D_k9_1od_x0.8,D,none,4,7,23,23,83,9.0
D_k9_1od_x0.8,D,none,4,8,23,23,79,9.0
D_k9_1od_x0.8,D,none,4,9,23,23,79,9.0
D_k9_1od_x0.8,D,none,4,10,23,23,81,9.0
D_k9_1od_x0.8,D,none,4,11,23,23,77,9.0
D_k9_1od_x0.8,D,none,4,12,23,23,85,9.0
D_k9_1od_x0.8,D,none,4,13,23,23,83,9.0
D_k9_1od_x0.8,D,none,4,14,23,23,81,9.0
D_k9_1od_x0.8,D,none,4,15,23,23,76,9.0
D_k9_1od_x0.8,D,none,5,1,24,24,70,4.625
D_k9_1od_x0.8,D,none,5,2,23,23,84,9.0
D_k9_1od_x0.8,D,none,5,3,23,23,85,9.0
D_k9_1od_x0.8,D,none,5,4,23,23,78,9.0
D_k9_1od_x0.8,D,none,5,5,23,23,78,9.0
D_k9_1od_x0.8,D,none,5,6,23,23,81,9.0
D_k9_1od_x0.8,D,none,5,7,23,23,76,9.0
D_k9_1od_x0.8,D,none,5,8,23,23,81,9.0
D_k9_1od_x0.8,D,none,5,9,23,23,78,9.0
D_k9_1od_x0.8,D,none,5,10,23,23,82,9.0
D_k9_1od_x0.8,D,none,5,11,23,23,80,9.0
D_k9_1od_x0.8,D,none,5,12,23,23,80,9.0
D_k9_1od_x0.8,D,none,5,13,23,23,84,9.0
D_k9_1od_x0.8,D,none,5,14,23,23,81,9.0
D_k9_1od_x0.8,D,none,5,15,23,23,85,9.0
D_k9_1od_x0.8,D,none,6,1,24,24,68,5.208333333333333
D_k9_1od_x0.8,D,none,6,2,23,23,78,9.0
D_k9_1od_x0.8,D,none,6,3,23,23,76,9.0
D_k9_1od_x0.8,D,none,6,4,23,23,80,9.0
D_k9_1od_x0.8,D,none,6,5,23,23,78,9.0
D_k9_1od_x0.8,D,none,6,6,23,23,84,9.0
D_k9_1od_x0.8,D,none,6,7,23,23,78,9.0
D_k9_1od_x0.8,D,none,6,8,23,23,83,9.0
D_k9_1od_x0.8,D,none,6,9,23,23,84,9.0
D_k9_1od_x0.8,D,none,6,10,23,23,81,9.0
D_k9_1od_x0.8,D,none,6,11,23,23,79,9.0
D_k9_1od_x0.8,D,none,6,12,23,23,85,9.0
D_k9_1od_x0.8,D,none,6,13,23,23,82,9.0
D_k9_1od_x0.8,D,none,6,14,23,23,84,9.0
D_k9_1od_x0.8,D,none,6,15,23,23,86,9.0
D_k9_1od_x0.8,D,none,7,1,24,24,77,5.583333333333333
D_k9_1od_x0.8,D,none,7,2,23,23,86,9.0
D_k9_1od_x0.8,D,none,7,3,23,23,84,9.0
D_k9_1od_x0.8,D,none,7,4,23,23,86,9.0
D_k9_1od_x0.8,D,none,7,5,23,23,76,9.0
D_k9_1od_x0.8,D,none,7,6,23,23,81,9.0
D_k9_1od_x0.8,D,none,7,7,23,23,83,9.0
D_k9_1od_x0.8,D,none,7,8,23,23,74,9.0
D_k9_1od_x0.8,D,none,7,9,23,23,78,9.0
D_k9_1od_x0.8,D,none,7,10,23,23,79,9.0
D_k9_1od_x0.8,D,none,7,11,23,23,81,9.0
D_k9_1od_x0.8,D,none,7,12,23,23,77,9.0
D_k9_1od_x0.8,D,none,7,13,23,23,81,9.0
D_k9_1od_x0.8,D,none,7,14,23,23,83,9.0
D_k9_1od_x0.8,D,none,7,15,23,23,82,9.0
D_k9_1od_x0.8,D,none,8,1,24,24,64,4.5
D_k9_1od_x0.8,D,none,8,2,23,23,80,9.0
D_k9_1od_x0.8,D,none,8,3,23,23,84,9.0
D_k9_1od_x0.8,D,none,8,4,23,23,77,9.0
D_k9_1od_x0.8,D,none,8,5,23,23,79,9.0
D_k9_1od_x0.8,D,none,8,6,23,23,80,9.0
D_k9_1od_x0.8,D,none,8,7,23,23,77,9.0
D_k9_1od_x0.8,D,none,8,8,23,23,80,9.0
D_k9_1od_x0.8,D,none,8,9,23,23,82,9.0
D_k9_1od_x0.8,D,none,8,10,23,23,75,9.0
D_k9_1od_x0.8,D,none,8,11,23,23,80,9.0
D_k9_1od_x0.8,D,none,8,12,23,23,81,9.0
D_k9_1od_x0.8,D,none,8,13,23,23,81,9.0
D_k9_1od_x0.8,D,none,8,14,23,23,85,9.0
D_k9_1od_x0.8,D,none,8,15,23,23,82,9.0
D_k9_1od_x0.8,D,none,9,1,24,24,72,5.083333333333333
D_k9_1od_x0.8,D,none,9,2,23,23,76,9.0
D_k9_1od_x0.8,D,none,9,3,23,23,82,9.0
D_k9_1od_x0.8,D,none,9,4,23,23,82,9.0
D_k9_1od_x0.8,D,none,9,5,23,23,81,9.0
D_k9_1od_x0.8,D,none,9,6,23,23,83,9.0
D_k9_1od_x0.8,D,none,9,7,23,23,83,9.0
D_k9_1od_x0.8,D,none,9,8,23,23,78,9.0
D_k9_1od_x0.8,D,none,9,9,23,23,77,9.0
D_k9_1od_x0.8,D,none,9,10,23,23,84,9.0
D_k9_1od_x0.8,D,none,9,11,23,23,86,9.0
D_k9_1od_x0.8,D,none,9,12,23,23,82,9.0
D_k9_1od_x0.8,D,none,9,13,23,23,82,9.0
D_k9_1od_x0.8,D,none,9,14,23,23,82,9.0
D_k9_1od_x0.8,D,none,9,15,23,23,73,9.0
D_k9_1od_x1.0,D,both,0,1,24,24,61,4.958333333333333
D_k9_1od_x1.0,D,both,0,2,23,23,75,9.0
D_k9_1od_x1.0,D,both,0,3,23,23,75,9.0
D_k9_1od_x1.0,D,both,0,4,23,23,71,9.0
D_k9_1od_x1.0,D,both,0,5,23,23,65,9.0
D_k9_1od_x1.0,D,both,0,6,23,23,71,9.0
D_k9_1od_x1.0,D,both,0,7,23,23,65,9.0
D_k9_1od_x1.0,D,both,0,8,23,23,77,9.0
D_k9_1od_x1.0,D,both,0,9,23,23,69,9.0
D_k9_1od_x1.0,D,both,0,10,23,23,67,9.0
D_k9_1od_x1.0,D,both,0,11,23,23,69,9.0
D_k9_1od_x1.0,D,both,0,12,23,23,73,9.0
D_k9_1od_x1.0,D,both,0,13,23,23,75,9.0
D_k9_1od_x1.0,D,both,0,14,23,23,73,9.0
D_k9_1od_x1.0,D,both,0,15,23,23,73,9.0
D_k9_1od_x1.0,D,both,1,1,24,22,55,4.375
D_k9_1od_x1.0,D,both,1,2,23,23,70,9.0
D_k9_1od_x1.0,D,both,1,3,23,23,66,9.0
D_k9_1od_x1.0,D,both,1,4,23,23,73,9.0
D_k9_1od_x1.0,D,both,1,5,23,23,77,9.0
D_k9_1od_x1.0,D,both,1,6,23,23,72,9.0
D_k9_1od_x1.0,D,both,1,7,23,23,73,9.0
D_k9_1od_x1.0,D,both,1,8,23,23,71,9.0
D_k9_1od_x1.0,D,both,1,9,23,23,71,9.0
D_k9_1od_x1.0,D,both,1,10,23,23,72,9.0
D_k9_1od_x1.0,D,both,1,11,23,23,73,9.0
D_k9_1od_x1.0,D,both,1,12,23,23,72,9.0
D_k9_1od_x1.0,D,both,1,13,23,23,66,9.0
D_k9_1od_x1.0,D,both,1,14,23,23,71,9.0
D_k9_1od_x1.0,D,both,1,15,23,23,65,9.0
D_k9_1od_x1.0,D,both,2,1,24,21,55,4.416666666666667
D_k9_1od_x1.0,D,both,2,2,23,23,75,9.0
D_k9_1od_x1.0,D,both,2,3,23,23,75,9.0
D_k9_1od_x1.0,D,both,2,4,23,23,73,9.0
D_k9_1od_x1.0,D,both,2,5,23,23,71,9.0
D_k9_1od_x1.0,D,both,2,6,23,23,71,9.0
D_k9_1od_x1.0,D,both,2,7,23,23,73,9.0
D_k9_1od_x1.0,D,both,2,8,23,23,70,9.0
D_k9_1od_x1.0,D,both,2,9,23,23,70,9.0
D_k9_1od_x1.0,D,both,2,10,23,23,71,9.0
D_k9_1od_x1.0,D,both,2,11,23,23,69,9.0
D_k9_1od_x1.0,D,both,2,12,23,23,70,9.0
D_k9_1od_x1.0,D,both,2,13,23,23,67,9.0
D_k9_1od_x1.0,D,both,2,14,23,23,78,9.0
D_k9_1od_x1.0,D,both,2,15,23,23,72,9.0
D_k9_1od_x1.0,D,both,3,1,24,24,60,5.416666666666667
D_k9_1od_x1.0,D,both,3,2,23,23,70,9.0
D_k9_1od_x1.0,D,both,3,3,23,23,67,9.0
D_k9_1od_x1.0,D,both,3,4,23,23,71,9.0
D_k9_1od_x1.0,D,both,3,5,23,23,69,9.0
D_k9_1od_x1.0,D,both,3,6,23,23,71,9.0
D_k9_1od_x1.0,D,both,3,7,23,23,68,9.0
D_k9_1od_x1.0,D,both,3,8,23,23,68,9.0
D_k9_1od_x1.0,D,both,3,9,23,23,73,9.0
D_k9_1od_x1.0,D,both,3,10,23,23,72,9.0
D_k9_1od_x1.0,D,both,3,11,23,23,73,9.0
D_k9_1od_x1.0,D,both,3,12,23,23,72,9.0
D_k9_1od_x1.0,D,both,3,13,23,23,68,9.0
D_k9_1od_x1.0,D,both,3,14,23,23,71,9.0
D_k9_1od_x1.0,D,both,3,15,23,23,66,9.0
D_k9_1od_x1.0,D,both,4,1,24,22,52,3.5416666666666665
D_k9_1od_x1.0,D,both,4,2,23,23,76,9.0
D_k9_1od_x1.0,D,both,4,3,23,23,74,9.0
D_k9_1od_x1.0,D,both,4,4,23,23,65,9.0
D_k9_1od_x1.0,D,both,4,5,23,23,71,9.0
D_k9_1od_x1.0,D,both,4,6,23,23,74,9.0
D_k9_1od_x1.0,D,both,4,7,23,23,73,9.0
D_k9_1od_x1.0,D,both,4,8,23,23,71,9.0
D_k9_1od_x1.0,D,both,4,9,23,23,73,9.0
D_k9_1od_x1.0,D,both,4,10,23,23,71,9.0
D_k9_1od_x1.0,D,both,4,11,23,23,68,9.0
D_k9_1od_x1.0,D,both,4,12,23,23,72,9.0
D_k9_1od_x1.0,D,both,4,13,23,23,72,9.0
D_k9_1od_x1.0,D,both,4,14,23,23,73,9.0
D_k9_1od_x1.0,D,both,4,15,23,23,69,9.0
D_k9_1od_x1.0,D,both,5,1,24,22,54,4.25
D_k9_1od_x1.0,D,both,5,2,23,23,76,9.0
D_k9_1od_x1.0,D,both,5,3,23,23,70,9.0
D_k9_1od_x1.0,D,both,5,4,23,23,70,9.0
D_k9_1od_x1.0,D,both,5,5,23,23,73,9.0
D_k9_1od_x1.0,D,both,5,6,23,23,68,9.0
D_k9_1od_x1.0,D,both,5,7,23,23,71,9.0
D_k9_1od_x1.0,D,both,5,8,23,23,69,9.0
D_k9_1od_x1.0,D,both,5,9,23,23,69,9.0
D_k9_1od_x1.0,D,both,5,10,23,23,72,9.0
D_k9_1od_x1.0,D,both,5,11,23,23,65,9.0
D_k9_1od_x1.0,D,both,5,12,23,23,67,9.0
D_k9_1od_x1.0,D,both,5,13,23,23,68,9.0
D_k9_1od_x1.0,D,both,5,14,23,23,71,9.0
D_k9_1od_x1.0,D,both,5,15,23,23,66,9.0
D_k9_1od_x1.0,D,both,6,1,24,22,59,4.958333333333333
D_k9_1od_x1.0,D,both,6,2,23,23,69,9.0
D_k9_1od_x1.0,D,both,6,3,23,23,71,9.0
D_k9_1od_x1.0,D,both,6,4,23,23,72,9.0
D_k9_1od_x1.0,D,both,6,5,23,23,69,9.0
D_k9_1od_x1.0,D,both,6,6,23,23,65,9.0
D_k9_1od_x1.0,D,both,6,7,23,23,72,9.0
D_k9_1od_x1.0,D,both,6,8,23,23,71,9.0
D_k9_1od_x1.0,D,both,6,9,23,23,69,9.0
D_k9_1od_x1.0,D,both,6,10,23,23,71,9.0
D_k9_1od_x1.0,D,both,6,11,23,23,75,9.0
D_k9_1od_x1.0,D,both,6,12,23,23,67,9.0
D_k9_1od_x1.0,D,both,6,13,23,23,73,9.0
D_k9_1od_x1.0,D,both,6,14,23,23,69,9.0
D_k9_1od_x1.0,D,both,6,15,23,23,67,9.0
D_k9_1od_x1.0,D,both,7,1,24,21,54,3.75
D_k9_1od_x1.0,D,both,7,2,23,23,69,9.0
D_k9_1od_x1.0,D,both,7,3,23,23,71,9.0
D_k9_1od_x1.0,D,both,7,4,23,23,69,9.0
D_k9_1od_x1.0,D,both,7,5,23,23,69,9.0
D_k9_1od_x1.0,D,both,7,6,23,23,65,9.0
D_k9_1od_x1.0,D,both,7,7,23,23,69,9.0
D_k9_1od_x1.0,D,both,7,8,23,23,72,9.0
D_k9_1od_x1.0,D,both,7,9,23,23,69,9.0
D_k9_1od_x1.0,D,both,7,10,23,23,66,9.0
D_k9_1od_x1.0,D,both,7,11,23,23,71,9.0
D_k9_1od_x1.0,D,both,7,12,23,23,71,9.0
D_k9_1od_x1.0,D,both,7,13,23,23,75,9.0
D_k9_1od_x1.0,D,both,7,14,23,23,69,9.0
D_k9_1od_x1.0,D,both,7,15,23,23,72,9.0
D_k9_1od_x1.0,D,both,8,1,24,23,55,4.375
D_k9_1od_x1.0,D,both,8,2,23,23,74,9.0
D_k9_1od_x1.0,D,both,8,3,23,23,75,9.0
D_k9_1od_x1.0,D,both,8,4,23,23,76,9.0
D_k9_1od_x1.0,D,both,8,5,23,23,71,9.0
D_k9_1od_x1.0,D,both,8,6,23,23,68,9.0
D_k9_1od_x1.0,D,both,8,7,23,23,69,9.0
D_k9_1od_x1.0,D,both,8,8,23,23,73,9.0
D_k9_1od_x1.0,D,both,8,9,23,23,73,9.0
D_k9_1od_x1.0,D,both,8,10,23,23,66,9.0
D_k9_1od_x1.0,D,both,8,11,23,23,72,9.0
D_k9_1od_x1.0,D,both,8,12,23,23,72,9.0
D_k9_1od_x1.0,D,both,8,13,23,23,67,9.0
D_k9_1od_x1.0,D,both,8,14,23,23,65,9.0
D_k9_1od_x1.0,D,both,8,15,23,23,64,9.0
D_k9_1od_x1.0,D,both,9,1,24,22,54,4.541666666666667
D_k9_1od_x1.0,D,both,9,2,23,23,75,9.0
D_k9_1od_x1.0,D,both,9,3,23,23,70,9.0
D_k9_1od_x1.0,D,both,9,4,23,23,69,9.0
D_k9_1od_x1.0,D,both,9,5,23,23,69,9.0
D_k9_1od_x1.0,D,both,9,6,23,23,80,9.0
D_k9_1od_x1.0,D,both,9,7,23,23,70,9.0
D_k9_1od_x1.0,D,both,9,8,23,23,68,9.0
D_k9_1od_x1.0,D,both,9,9,23,23,71,9.0
D_k9_1od_x1.0,D,both,9,10,23,23,70,9.0
D_k9_1od_x1.0,D,both,9,11,23,23,69,9.0
D_k9_1od_x1.0,D,both,9,12,23,23,71,9.0
D_k9_1od_x1.0,D,both,9,13,23,23,74,9.0
D_k9_1od_x1.0,D,both,9,14,23,23,75,9.0
D_k9_1od_x1.0,D,both,9,15,23,23,73,9.0
D_k9_1od_x1.0,D,init,0,1,24,24,61,4.958333333333333
D_k9_1od_x1.0,D,init,0,2,23,23,82,9.0
D_k9_1od_x1.0,D,init,0,3,23,23,81,9.0
D_k9_1od_x1.0,D,init,0,4,23,23,80,9.0
D_k9_1od_x1.0,D,init,0,5,23,23,85,9.0
D_k9_1od_x1.0,D,init,0,6,23,23,88,9.0
D_k9_1od_x1.0,D,init,0,7,23,23,76,9.0
D_k9_1od_x1.0,D,init,0,8,23,23,81,9.0
D_k9_1od_x1.0,D,init,0,9,23,23,81,9.0
D_k9_1od_x1.0,D,init,0,10,23,23,83,9.0
D_k9_1od_x1.0,D,init,0,11,23,23,84,9.0
D_k9_1od_x1.0,D,init,0,12,23,23,79,9.0
D_k9_1od_x1.0,D,init,0,13,23,23,78,9.0
D_k9_1od_x1.0,D,init,0,14,23,23,79,9.0
D_k9_1od_x1.0,D,init,0,15,23,23,85,9.0
D_k9_1od_x1.0,D,init,1,1,24,22,55,4.375
D_k9_1od_x1.0,D,init,1,2,23,23,81,9.0
D_k9_1od_x1.0,D,init,1,3,23,23,82,9.0
D_k9_1od_x1.0,D,init,1,4,23,23,77,9.0
D_k9_1od_x1.0,D,init,1,5,23,23,75,9.0
D_k9_1od_x1.0,D,init,1,6,23,23,81,9.0
D_k9_1od_x1.0,D,init,1,7,23,23,78,9.0
D_k9_1od_x1.0,D,init,1,8,23,23,78,9.0
D_k9_1od_x1.0,D,init,1,9,23,23,77,9.0
D_k9_1od_x1.0,D,init,1,10,23,23,76,9.0
D_k9_1od_x1.0,D,init,1,11,23,23,78,9.0
D_k9_1od_x1.0,D,init,1,12,23,23,81,9.0
D_k9_1od_x1.0,D,init,1,13,23,23,81,9.0
D_k9_1od_x1.0,D,init,1,14,23,23,79,9.0
D_k9_1od_x1.0,D,init,1,15,23,23,75,9.0
D_k9_1od_x1.0,D,init,2,1,24,21,55,4.416666666666667
D_k9_1od_x1.0,D,init,2,2,23,23,86,9.0
D_k9_1od_x1.0,D,init,2,3,23,23,80,9.0
D_k9_1od_x1.0,D,init,2,4,23,23,83,9.0
D_k9_1od_x1.0,D,init,2,5,23,23,82,9.0
D_k9_1od_x1.0,D,init,2,6,23,23,79,9.0
D_k9_1od_x1.0,D,init,2,7,23,23,83,9.0
D_k9_1od_x1.0,D,init,2,8,23,23,77,9.0
D_k9_1od_x1.0,D,init,2,9,23,23,77,9.0
D_k9_1od_x1.0,D,init,2,10,23,23,81,9.0
D_k9_1od_x1.0,D,init,2,11,23,23,83,9.0
D_k9_1od_x1.0,D,init,2,12,23,23,78,9.0
D_k9_1od_x1.0,D,init,2,13,23,23,79,9.0
D_k9_1od_x1.0,D,init,2,14,23,23,82,9.0
D_k9_1od_x1.0,D,init,2,15,23,23,85,9.0
D_k9_1od_x1.0,D,init,3,1,24,24,60,5.416666666666667
D_k9_1od_x1.0,D,init,3,2,23,23,83,9.0
D_k9_1od_x1.0,D,init,3,3,23,23,84,9.0
D_k9_1od_x1.0,D,init,3,4,23,23,74,9.0
D_k9_1od_x1.0,D,init,3,5,23,23,83,9.0
D_k9_1od_x1.0,D,init,3,6,23,23,85,9.0
D_k9_1od_x1.0,D,init,3,7,23,23,82,9.0
D_k9_1od_x1.0,D,init,3,8,23,23,82,9.0
D_k9_1od_x1.0,D,init,3,9,23,23,77,9.0
D_k9_1od_x1.0,D,init,3,10,23,23,75,9.0
D_k9_1od_x1.0,D,init,3,11,23,23,79,9.0
D_k9_1od_x1.0,D,init,3,12,23,23,82,9.0
D_k9_1od_x1.0,D,init,3,13,23,23,83,9.0
D_k9_1od_x1.0,D,init,3,14,23,23,76,9.0
D_k9_1od_x1.0,D,init,3,15,23,23,83,9.0
D_k9_1od_x1.0,D,init,4,1,24,22,52,3.5416666666666665
D_k9_1od_x1.0,D,init,4,2,23,23,87,9.0
D_k9_1od_x1.0,D,init,4,3,23,23,77,9.0
D_k9_1od_x1.0,D,init,4,4,23,23,83,9.0
D_k9_1od_x1.0,D,init,4,5,23,23,79,9.0
D_k9_1od_x1.0,D,init,4,6,23,23,82,9.0
D_k9_1od_x1.0,D,init,4,7,23,23,79,9.0
D_k9_1od_x1.0,D,init,4,8,23,23,79,9.0
D_k9_1od_x1.0,D,init,4,9,23,23,75,9.0
D_k9_1od_x1.0,D,init,4,10,23,23,79,9.0
D_k9_1od_x1.0,D,init,4,11,23,23,81,9.0
D_k9_1od_x1.0,D,init,4,12,23,23,77,9.0
D_k9_1od_x1.0,D,init,4,13,23,23,82,9.0
D_k9_1od_x1.0,D,init,4,14,23,23,86,9.0
D_k9_1od_x1.0,D,init,4,15,23,23,82,9.0
D_k9_1od_x1.0,D,init,5,1,24,22,54,4.25
D_k9_1od_x1.0,D,init,5,2,23,23,82,9.0
D_k9_1od_x1.0,D,init,5,3,23,23,86,9.0
D_k9_1od_x1.0,D,init,5,4,23,23,82,9.0
D_k9_1od_x1.0,D,init,5,5,23,23,84,9.0
D_k9_1od_x1.0,D,init,5,6,23,23,83,9.0
D_k9_1od_x1.0,D,init,5,7,23,23,79,9.0
D_k9_1od_x1.0,D,init,5,8,23,23,83,9.0
D_k9_1od_x1.0,D,init,5,9,23,23,85,9.0
D_k9_1od_x1.0,D,init,5,10,23,23,78,9.0
D_k9_1od_x1.0,D,init,5,11,23,23,76,9.0
D_k9_1od_x1.0,D,init,5,12,23,23,81,9.0
D_k9_1od_x1.0,D,init,5,13,23,23,75,9.0
D_k9_1od_x1.0,D,init,5,14,23,23,79,9.0
D_k9_1od_x1.0,D,init,5,15,23,23,75,9.0
D_k9_1od_x1.0,D,init,6,1,24,22,59,4.958333333333333
D_k9_1od_x1.0,D,init,6,2,23,23,80,9.0
D_k9_1od_x1.0,D,init,6,3,23,23,78,9.0
D_k9_1od_x1.0,D,init,6,4,23,23,81,9.0
D_k9_1od_x1.0,D,init,6,5,23,23,84,9.0
D_k9_1od_x1.0,D,init,6,6,23,23,82,9.0
D_k9_1od_x1.0,D,init,6,7,23,23,79,9.0
D_k9_1od_x1.0,D,init,6,8,23,23,75,9.0
D_k9_1od_x1.0,D,init,6,9,23,23,81,9.0
D_k9_1od_x1.0,D,init,6,10,23,23,77,9.0
D_k9_1od_x1.0,D,init,6,11,23,23,83,9.0
D_k9_1od_x1.0,D,init,6,12,23,23,80,9.0
D_k9_1od_x1.0,D,init,6,13,23,23,74,9.0
D_k9_1od_x1.0,D,init,6,14,23,23,79,9.0
D_k9_1od_x1.0,D,init,6,15,23,23,81,9.0
D_k9_1od_x1.0,D,init,7,1,24,21,54,3.75
D_k9_1od_x1.0,D,init,7,2,23,23,79,9.0
D_k9_1od_x1.0,D,init,7,3,23,23,79,9.0
D_k9_1od_x1.0,D,init,7,4,23,23,80,9.0
D_k9_1od_x1.0,D,init,7,5,23,23,77,9.0
D_k9_1od_x1.0,D,init,7,6,23,23,80,9.0
D_k9_1od_x1.0,D,init,7,7,23,23,84,9.0
D_k9_1od_x1.0,D,init,7,8,23,23,82,9.0
D_k9_1od_x1.0,D,init,7,9,23,23,74,9.0
D_k9_1od_x1.0,D,init,7,10,23,23,84,9.0
D_k9_1od_x1.0,D,init,7,11,23,23,82,9.0
D_k9_1od_x1.0,D,init,7,12,23,23,86,9.0
D_k9_1od_x1.0,D,init,7,13,23,23,81,9.0
D_k9_1od_x1.0,D,init,7,14,23,23,79,9.0
D_k9_1od_x1.0,D,init,7,15,23,23,78,9.0
D_k9_1od_x1.0,D,init,8,1,24,23,55,4.375
D_k9_1od_x1.0,D,init,8,2,23,23,77,9.0
D_k9_1od_x1.0,D,init,8,3,23,23,81,9.0
D_k9_1od_x1.0,D,init,8,4,23,23,78,9.0
D_k9_1od_x1.0,D,init,8,5,23,23,80,9.0
D_k9_1od_x1.0,D,init,8,6,23,23,82,9.0
D_k9_1od_x1.0,D,init,8,7,23,23,82,9.0
D_k9_1od_x1.0,D,init,8,8,23,23,84,9.0
D_k9_1od_x1.0,D,init,8,9,23,23,80,9.0
D_k9_1od_x1.0,D,init,8,10,23,23,75,9.0
D_k9_1od_x1.0,D,init,8,11,23,23,80,9.0
D_k9_1od_x1.0,D,init,8,12,23,23,80,9.0
D_k9_1od_x1.0,D,init,8,13,23,23,81,9.0
D_k9_1od_x1.0,D,init,8,14,23,23,78,9.0
D_k9_1od_x1.0,D,init,8,15,23,23,78,9.0
D_k9_1od_x1.0,D,init,9,1,24,22,54,4.541666666666667
D_k9_1od_x1.0,D,init,9,2,23,23,79,9.0
D_k9_1od_x1.0,D,init,9,3,23,23,83,9.0
D_k9_1od_x1.0,D,init,9,4,23,23,78,9.0
D_k9_1od_x1.0,D,init,9,5,23,23,79,9.0
D_k9_1od_x1.0,D,init,9,6,23,23,80,9.0
D_k9_1od_x1.0,D,init,9,7,23,23,81,9.0
D_k9_1od_x1.0,D,init,9,8,23,23,85,9.0
D_k9_1od_x1.0,D,init,9,9,23,23,82,9.0
D_k9_1od_x1.0,D,init,9,10,23,23,84,9.0
D_k9_1od_x1.0,D,init,9,11,23,23,85,9.0
D_k9_1od_x1.0,D,init,9,12,23,23,85,9.0
D_k9_1od_x1.0,D,init,9,13,23,23,83,9.0
D_k9_1od_x1.0,D,init,9,14,23,23,84,9.0
D_k9_1od_x1.0,D,init,9,15,23,23,81,9.0
D_k9_1od_x1.0,D,mutation,0,1,24,24,75,5.833333333333333
D_k9_1od_x1.0,D,mutation,0,2,23,23,78,9.0
D_k9_1od_x1.0,D,mutation,0,3,23,23,72,9.0
D_k9_1od_x1.0,D,mutation,0,4,23,23,74,9.0
D_k9_1od_x1.0,D,mutation,0,5,23,23,74,9.0
D_k9_1od_x1.0,D,mutation,0,6,23,23,67,9.0
D_k9_1od_x1.0,D,mutation,0,7,23,23,67,9.0
D_k9_1od_x1.0,D,mutation,0,8,23,23,64,9.0
D_k9_1od_x1.0,D,mutation,0,9,23,23,67,9.0
D_k9_1od_x1.0,D,mutation,0,10,23,23,68,9.0
D_k9_1od_x1.0,D,mutation,0,11,23,23,70,9.0
D_k9_1od_x1.0,D,mutation,0,12,23,23,75,9.0
D_k9_1od_x1.0,D,mutation,0,13,23,23,66,9.0
D_k9_1od_x1.0,D,mutation,0,14,23,23,72,9.0
D_k9_1od_x1.0,D,mutation,0,15,23,23,69,9.0
D_k9_1od_x1.0,D,mutation,1,1,24,24,68,4.416666666666667
D_k9_1od_x1.0,D,mutation,1,2,23,23,74,9.0
D_k9_1od_x1.0,D,mutation,1,3,23,23,67,9.0
D_k9_1od_x1.0,D,mutation,1,4,23,23,77,9.0
D_k9_1od_x1.0,D,mutation,1,5,23,23,73,9.0
D_k9_1od_x1.0,D,mutation,1,6,23,23,73,9.0
D_k9_1od_x1.0,D,mutation,1,7,23,23,70,9.0
D_k9_1od_x1.0,D,mutation,1,8,23,23,68,9.0
D_k9_1od_x1.0,D,mutation,1,9,23,23,69,9.0
D_k9_1od_x1.0,D,mutation,1,10,23,23,65,9.0
D_k9_1od_x1.0,D,mutation,1,11,23,23,68,9.0
D_k9_1od_x1.0,D,mutation,1,12,23,23,68,9.0
D_k9_1od_x1.0,D,mutation,1,13,23,23,65,9.0
D_k9_1od_x1.0,D,mutation,1,14,23,23,68,9.0
D_k9_1od_x1.0,D,mutation,1,15,23,23,76,9.0
D_k9_1od_x1.0,D,mutation,2,1,24,24,75,4.666666666666667
D_k9_1od_x1.0,D,mutation,2,2,23,23,79,9.0
D_k9_1od_x1.0,D,mutation,2,3,23,23,70,9.0
D_k9_1od_x1.0,D,mutation,2,4,23,23,71,9.0
D_k9_1od_x1.0,D,mutation,2,5,23,23,71,9.0
D_k9_1od_x1.0,D,mutation,2,6,23,23,71,9.0
D_k9_1od_x1.0,D,mutation,2,7,23,23,72,9.0
D_k9_1od_x1.0,D,mutation,2,8,23,23,68,9.0
D_k9_1od_x1.0,D,mutation,2,9,23,23,65,9.0
D_k9_1od_x1.0,D,mutation,2,10,23,23,68,9.0
D_k9_1od_x1.0,D,mutation,2,11,23,23,72,9.0
D_k9_1od_x1.0,D,mutation,2,12,23,23,67,9.0
D_k9_1od_x1.0,D,mutation,2,13,23,23,73,9.0
D_k9_1od_x1.0,D,mutation,2,14,23,23,72,9.0
D_k9_1od_x1.0,D,mutation,2,15,23,23,70,9.0
D_k9_1od_x1.0,D,mutation,3,1,24,24,66,4.25
D_k9_1od_x1.0,D,mutation,3,2,23,23,76,9.0
D_k9_1od_x1.0,D,mutation,3,3,23,23,66,9.0
D_k9_1od_x1.0,D,mutation,3,4,23,23,65,9.0
D_k9_1od_x1.0,D,mutation,3,5,23,23,73,9.0
D_k9_1od_x1.0,D,mutation,3,6,23,23,66,9.0
D_k9_1od_x1.0,D,mutation,3,7,23,23,67,9.0
D_k9_1od_x1.0,D,mutation,3,8,23,23,70,9.0
D_k9_1od_x1.0,D,mutation,3,9,23,23,64,9.0
D_k9_1od_x1.0,D,mutation,3,10,23,23,69,9.0
D_k9_1od_x1.0,D,mutation,3,11,23,23,66,9.0
D_k9_1od_x1.0,D,mutation,3,12,23,23,77,9.0
D_k9_1od_x1.0,D,mutation,3,13,23,23,70,9.0
D_k9_1od_x1.0,D,mutation,3,14,23,23,72,9.0
D_k9_1od_x1.0,D,mutation,3,15,23,23,69,9.0
D_k9_1od_x1.0,D,mutation,4,1,24,24,57,4.083333333333333
D_k9_1od_x1.0,D,mutation,4,2,23,23,76,9.0
D_k9_1od_x1.0,D,mutation,4,3,23,23,72,9.0
D_k9_1od_x1.0,D,mutation,4,4,23,23,67,9.0
D_k9_1od_x1.0,D,mutation,4,5,23,23,69,9.0
D_k9_1od_x1.0,D,mutation,4,6,23,23,69,9.0
D_k9_1od_x1.0,D,mutation,4,7,23,23,68,9.0
D_k9_1od_x1.0,D,mutation,4,8,23,23,72,9.0
D_k9_1od_x1.0,D,mutation,4,9,23,23,68,9.0
D_k9_1od_x1.0,D,mutation,4,10,23,23,73,9.0
D_k9_1od_x1.0,D,mutation,4,11,23,23,75,9.0
D_k9_1od_x1.0,D,mutation,4,12,23,23,72,9.0
D_k9_1od_x1.0,D,mutation,4,13,23,23,68,9.0
D_k9_1od_x1.0,D,mutation,4,14,23,23,68,9.0
D_k9_1od_x1.0,D,mutation,4,15,23,23,66,9.0
D_k9_1od_x1.0,D,mutation,5,1,24,24,70,4.625
D_k9_1od_x1.0,D,mutation,5,2,23,23,76,9.0
D_k9_1od_x1.0,D,mutation,5,3,23,23,72,9.0
D_k9_1od_x1.0,D,mutation,5,4,23,23,71,9.0
D_k9_1od_x1.0,D,mutation,5,5,23,23,71,9.0
D_k9_1od_x1.0,D,mutation,5,6,23,23,70,9.0
D_k9_1od_x1.0,D,mutation,5,7,23,23,75,9.0
D_k9_1od_x1.0,D,mutation,5,8,23,23,71,9.0
D_k9_1od_x1.0,D,mutation,5,9,23,23,69,9.0
D_k9_1od_x1.0,D,mutation,5,10,23,23,71,9.0
D_k9_1od_x1.0,D,mutation,5,11,23,23,70,9.0
D_k9_1od_x1.0,D,mutation,5,12,23,23,65,9.0
D_k9_1od_x1.0,D,mutation,5,13,23,23,69,9.0
D_k9_1od_x1.0,D,mutation,5,14,23,23,69,9.0
D_k9_1od_x1.0,D,mutation,5,15,23,23,74,9.0
D_k9_1od_x1.0,D,mutation,6,1,24,24,68,5.208333333333333
D_k9_1od_x1.0,D,mutation,6,2,23,23,77,9.0
D_k9_1od_x1.0,D,mutation,6,3,23,23,75,9.0
D_k9_1od_x1.0,D,mutation,6,4,23,23,78,9.0
D_k9_1od_x1.0,D,mutation,6,5,23,23,72,9.0
D_k9_1od_x1.0,D,mutation,6,6,23,23,70,9.0
D_k9_1od_x1.0,D,mutation,6,7,23,23,71,9.0
D_k9_1od_x1.0,D,mutation,6,8,23,23,72,9.0
D_k9_1od_x1.0,D,mutation,6,9,23,23,72,9.0
D_k9_1od_x1.0,D,mutation,6,10,23,23,72,9.0
D_k9_1od_x1.0,D,mutation,6,11,23,23,72,9.0
D_k9_1od_x1.0,D,mutation,6,12,23,23,69,9.0
D_k9_1od_x1.0,D,mutation,6,13,23,23,66,9.0
D_k9_1od_x1.0,D,mutation,6,14,23,23,67,9.0
D_k9_1od_x1.0,D,mutation,6,15,23,23,72,9.0
D_k9_1od_x1.0,D,mutation,7,1,24,24,77,5.583333333333333
D_k9_1od_x1.0,D,mutation,7,2,23,23,67,9.0
D_k9_1od_x1.0,D,mutation,7,3,23,23,72,9.0
D_k9_1od_x1.0,D,mutation,7,4,23,23,74,9.0
D_k9_1od_x1.0,D,mutation,7,5,23,23,68,9.0
D_k9_1od_x1.0,D,mutation,7,6,23,23,63,9.0
D_k9_1od_x1.0,D,mutation,7,7,23,23,70,9.0
D_k9_1od_x1.0,D,mutation,7,8,23,23,75,9.0
D_k9_1od_x1.0,D,mutation,7,9,23,23,69,9.0
D_k9_1od_x1.0,D,mutation,7,10,23,23,69,9.0
D_k9_1od_x1.0,D,mutation,7,11,23,23,66,9.0
D_k9_1od_x1.0,D,mutation,7,12,23,23,70,9.0
D_k9_1od_x1.0,D,mutation,7,13,23,23,68,9.0
D_k9_1od_x1.0,D,mutation,7,14,23,23,70,9.0
D_k9_1od_x1.0,D,mutation,7,15,23,23,71,9.0
D_k9_1od_x1.0,D,mutation,8,1,24,24,64,4.5
D_k9_1od_x1.0,D,mutation,8,2,23,23,77,9.0
D_k9_1od_x1.0,D,mutation,8,3,23,23,71,9.0
D_k9_1od_x1.0,D,mutation,8,4,23,23,69,9.0
D_k9_1od_x1.0,D,mutation,8,5,23,23,73,9.0
D_k9_1od_x1.0,D,mutation,8,6,23,23,70,9.0
D_k9_1od_x1.0,D,mutation,8,7,23,23,75,9.0
D_k9_1od_x1.0,D,mutation,8,8,23,23,72,9.0
D_k9_1od_x1.0,D,mutation,8,9,23,23,73,9.0
D_k9_1od_x1.0,D,mutation,8,10,23,23,77,9.0
D_k9_1od_x1.0,D,mutation,8,11,23,23,74,9.0
D_k9_1od_x1.0,D,mutation,8,12,23,23,68,9.0
D_k9_1od_x1.0,D,mutation,8,13,23,23,66,9.0
D_k9_1od_x1.0,D,mutation,8,14,23,23,71,9.0
D_k9_1od_x1.0,D,mutation,8,15,23,23,67,9.0
D_k9_1od_x1.0,D,mutation,9,1,24,24,72,5.083333333333333
D_k9_1od_x1.0,D,mutation,9,2,23,23,71,9.0
D_k9_1od_x1.0,D,mutation,9,3,23,23,71,9.0
D_k9_1od_x1.0,D,mutation,9,4,23,23,71,9.0
D_k9_1od_x1.0,D,mutation,9,5,23,23,68,9.0
D_k9_1od_x1.0,D,mutation,9,6,23,23,71,9.0
D_k9_1od_x1.0,D,mutation,9,7,23,23,77,9.0
D_k9_1od_x1.0,D,mutation,9,8,23,23,72,9.0
D_k9_1od_x1.0,D,mutation,9,9,23,23,71,9.0
D_k9_1od_x1.0,D,mutation,9,10,23,23,74,9.0
D_k9_1od_x1.0,D,mutation,9,11,23,23,68,9.0
D_k9_1od_x1.0,D,mutation,9,12,23,23,73,9.0
D_k9_1od_x1.0,D,mutation,9,13,23,23,69,9.0
D_k9_1od_x1.0,D,mutation,9,14,23,23,69,9.0
D_k9_1od_x1.0,D,mutation,9,15,23,23,74,9.0
D_k9_1od_x1.0,D,none,0,1,24,24,75,5.833333333333333
D_k9_1od_x1.0,D,none,0,2,23,23,78,9.0
D_k9_1od_x1.0,D,none,0,3,23,23,78,9.0
D_k9_1od_x1.0,D,none,0,4,23,23,75,9.0
D_k9_1od_x1.0,D,none,0,5,23,23,83,9.0
D_k9_1od_x1.0,D,none,0,6,23,23,75,9.0
D_k9_1od_x1.0,D,none,0,7,23,23,82,9.0
D_k9_1od_x1.0,D,none,0,8,23,23,78,9.0
D_k9_1od_x1.0,D,none,0,9,23,23,82,9.0
D_k9_1od_x1.0,D,none,0,10,23,23,76,9.0
D_k9_1od_x1.0,D,none,0,11,23,23,81,9.0
D_k9_1od_x1.0,D,none,0,12,23,23,84,9.0
D_k9_1od_x1.0,D,none,0,13,23,23,82,9.0
D_k9_1od_x1.0,D,none,0,14,23,23,79,9.0
D_k9_1od_x1.0,D,none,0,15,23,23,82,9.0
D_k9_1od_x1.0,D,none,1,1,24,24,68,4.416666666666667
D_k9_1od_x1.0,D,none,1,2,23,23,81,9.0
D_k9_1od_x1.0,D,none,1,3,23,23,81,9.0
D_k9_1od_x1.0,D,none,1,4,23,23,87,9.0
D_k9_1od_x1.0,D,none,1,5,23,23,86,9.0
D_k9_1od_x1.0,D,none,1,6,23,23,88,9.0
D_k9_1od_x1.0,D,none,1,7,23,23,77,9.0
D_k9_1od_x1.0,D,none,1,8,23,23,80,9.0
D_k9_1od_x1.0,D,none,1,9,23,23,83,9.0
D_k9_1od_x1.0,D,none,1,10,23,23,82,9.0
D_k9_1od_x1.0,D,none,1,11,23,23,77,9.0
D_k9_1od_x1.0,D,none,1,12,23,23,80,9.0
D_k9_1od_x1.0,D,none,1,13,23,23,83,9.0
D_k9_1od_x1.0,D,none,1,14,23,23,80,9.0
D_k9_1od_x1.0,D,none,1,15,23,23,81,9.0
D_k9_1od_x1.0,D,none,2,1,24,24,75,4.666666666666667
D_k9_1od_x1.0,D,none,2,2,23,23,86,9.0
D_k9_1od_x1.0,D,none,2,3,23,23,80,9.0
D_k9_1od_x1.0,D,none,2,4,23,23,84,9.0
D_k9_1od_x1.0,D,none,2,5,23,23,79,9.0
D_k9_1od_x1.0,D,none,2,6,23,23,79,9.0
D_k9_1od_x1.0,D,none,2,7,23,23,78,9.0
D_k9_1od_x1.0,D,none,2,8,23,23,77,9.0
D_k9_1od_x1.0,D,none,2,9,23,23,80,9.0
D_k9_1od_x1.0,D,none,2,10,23,23,78,9.0
D_k9_1od_x1.0,D,none,2,11,23,23,81,9.0
D_k9_1od_x1.0,D,none,2,12,23,23,80,9.0
D_k9_1od_x1.0,D,none,2,13,23,23,79,9.0
D_k9_1od_x1.0,D,none,2,14,23,23,80,9.0
D_k9_1od_x1.0,D,none,2,15,23,23,76,9.0
D_k9_1od_x1.0,D,none,3,1,24,24,66,4.25
D_k9_1od_x1.0,D,none,3,2,23,23,80,9.0
D_k9_1od_x1.0,D,none,3,3,23,23,86,9.0
D_k9_1od_x1.0,D,none,3,4,23,23,79,9.0
D_k9_1od_x1.0,D,none,3,5,23,23,79,9.0
D_k9_1od_x1.0,D,none,3,6,23,23,85,9.0
D_k9_1od_x1.0,D,none,3,7,23,23,79,9.0
D_k9_1od_x1.0,D,none,3,8,23,23,81,9.0
D_k9_1od_x1.0,D,none,3,9,23,23,78,9.0
D_k9_1od_x1.0,D,none,3,10,23,23,82,9.0
D_k9_1od_x1.0,D,none,3,11,23,23,80,9.0
D_k9_1od_x1.0,D,none,3,12,23,23,76,9.0
D_k9_1od_x1.0,D,none,3,13,23,23,77,9.0
D_k9_1od_x1.0,D,none,3,14,23,23,79,9.0
D_k9_1od_x1.0,D,none,3,15,23,23,73,9.0
D_k9_1od_x1.0,D,none,4,1,24,24,57,4.083333333333333
D_k9_1od_x1.0,D,none,4,2,23,23,84,9.0
D_k9_1od_x1.0,D,none,4,3,23,23,79,9.0
D_k9_1od_x1.0,D,none,4,4,23,23,80,9.0
D_k9_1od_x1.0,D,none,4,5,23,23,84,9.0
D_k9_1od_x1.0,D,none,4,6,23,23,84,9.0
D_k9_1od_x1.0,D,none,4,7,23,23,82,9.0
D_k9_1od_x1.0,D,none,4,8,23,23,76,9.0
D_k9_1od_x1.0,D,none,4,9,23,23,80,9.0
D_k9_1od_x1.0,D,none,4,10,23,23,80,9.0
D_k9_1od_x1.0,D,none,4,11,23,23,81,9.0
D_k9_1od_x1.0,D,none,4,12,23,23,79,9.0
D_k9_1od_x1.0,D,none,4,13,23,23,75,9.0
D_k9_1od_x1.0,D,none,4,14,23,23,81,9.0
D_k9_1od_x1.0,D,none,4,15,23,23,80,9.0
D_k9_1od_x1.0,D,none,5,1,24,24,70,4.625
D_k9_1od_x1.0,D,none,5,2,23,23,81,9.0
D_k9_1od_x1.0,D,none,5,3,23,23,81,9.0
D_k9_1od_x1.0,D,none,5,4,23,23,84,9.0
D_k9_1od_x1.0,D,none,5,5,23,23,83,9.0
D_k9_1od_x1.0,D,none,5,6,23,23,87,9.0
D_k9_1od_x1.0,D,none,5,7,23,23,85,9.0
D_k9_1od_x1.0,D,none,5,8,23,23,82,9.0
D_k9_1od_x1.0,D,none,5,9,23,23,79,9.0
D_k9_1od_x1.0,D,none,5,10,23,23,86,9.0
D_k9_1od_x1.0,D,none,5,11,23,23,83,9.0
D_k9_1od_x1.0,D,none,5,12,23,23,77,9.0
D_k9_1od_x1.0,D,none,5,13,23,23,82,9.0
D_k9_1od_x1.0,D,none,5,14,23,23,78,9.0
D_k9_1od_x1.0,D,none,5,15,23,23,80,9.0
D_k9_1od_x1.0,D,none,6,1,24,24,68,5.208333333333333
D_k9_1od_x1.0,D,none,6,2,23,23,84,9.0
D_k9_1od_x1.0,D,none,6,3,23,23,79,9.0
D_k9_1od_x1.0,D,none,6,4,23,23,79,9.0
D_k9_1od_x1.0,D,none,6,5,23,23,79,9.0
D_k9_1od_x1.0,D,none,6,6,23,23,82,9.0
D_k9_1od_x1.0,D,none,6,7,23,23,83,9.0
D_k9_1od_x1.0,D,none,6,8,23,23,89,9.0
D_k9_1od_x1.0,D,none,6,9,23,23,83,9.0
D_k9_1od_x1.0,D,none,6,10,23,23,79,9.0
D_k9_1od_x1.0,D,none,6,11,23,23,79,9.0
D_k9_1od_x1.0,D,none,6,12,23,23,82,9.0
D_k9_1od_x1.0,D,none,6,13,23,23,82,9.0
D_k9_1od_x1.0,D,none,6,14,23,23,81,9.0
D_k9_1od_x1.0,D,none,6,15,23,23,83,9.0
D_k9_1od_x1.0,D,none,7,1,24,24,77,5.583333333333333
D_k9_1od_x1.0,D,none,7,2,23,23,82,9.0
D_k9_1od_x1.0,D,none,7,3,23,23,81,9.0
D_k9_1od_x1.0,D,none,7,4,23,23,82,9.0
D_k9_1od_x1.0,D,none,7,5,23,23,81,9.0
D_k9_1od_x1.0,D,none,7,6,23,23,81,9.0
D_k9_1od_x1.0,D,none,7,7,23,23,80,9.0
D_k9_1od_x1.0,D,none,7,8,23,23,85,9.0
D_k9_1od_x1.0,D,none,7,9,23,23,82,9.0
D_k9_1od_x1.0,D,none,7,10,23,23,82,9.0
D_k9_1od_x1.0,D,none,7,11,23,23,82,9.0
D_k9_1od_x1.0,D,none,7,12,23,23,81,9.0
D_k9_1od_x1.0,D,none,7,13,23,23,78,9.0
D_k9_1od_x1.0,D,none,7,14,23,23,79,9.0
D_k9_1od_x1.0,D,none,7,15,23,23,79,9.0
D_k9_1od_x1.0,D,none,8,1,24,24,64,4.5
D_k9_1od_x1.0,D,none,8,2,23,23,82,9.0
D_k9_1od_x1.0,D,none,8,3,23,23,76,9.0
D_k9_1od_x1.0,D,none,8,4,23,23,83,9.0
D_k9_1od_x1.0,D,none,8,5,23,23,81,9.0
D_k9_1od_x1.0,D,none,8,6,23,23,82,9.0
D_k9_1od_x1.0,D,none,8,7,23,23,82,9.0
D_k9_1od_x1.0,D,none,8,8,23,23,79,9.0
D_k9_1od_x1.0,D,none,8,9,23,23,83,9.0
D_k9_1od_x1.0,D,none,8,10,23,23,77,9.0
D_k9_1od_x1.0,D,none,8,11,23,23,77,9.0
D_k9_1od_x1.0,D,none,8,12,23,23,85,9.0
D_k9_1od_x1.0,D,none,8,13,23,23,78,9.0
D_k9_1od_x1.0,D,none,8,14,23,23,78,9.0
D_k9_1od_x1.0,D,none,8,15,23,23,78,9.0
D_k9_1od_x1.0,D,none,9,1,24,24,72,5.083333333333333
D_k9_1od_x1.0,D,none,9,2,23,23,75,9.0
D_k9_1od_x1.0,D,none,9,3,23,23,77,9.0
D_k9_1od_x1.0,D,none,9,4,23,23,82,9.0
D_k9_1od_x1.0,D,none,9,5,23,23,85,9.0
D_k9_1od_x1.0,D,none,9,6,23,23,80,9.0
D_k9_1od_x1.0,D,none,9,7,23,23,80,9.0
D_k9_1od_x1.0,D,none,9,8,23,23,80,9.0
D_k9_1od_x1.0,D,none,9,9,23,23,78,9.0
D_k9_1od_x1.0,D,none,9,10,23,23,82,9.0
D_k9_1od_x1.0,D,none,9,11,23,23,88,9.0
D_k9_1od_x1.0,D,none,9,12,23,23,82,9.0
D_k9_1od_x1.0,D,none,9,13,23,23,85,9.0
D_k9_1od_x1.0,D,none,9,14,23,23,79,9.0
D_k9_1od_x1.0,D,none,9,15,23,23,81,9.0
D_k9_1od_x1.2,D,both,0,1,24,24,62,4.958333333333333
D_k9_1od_x1.2,D,both,0,2,23,23,66,9.0
D_k9_1od_x1.2,D,both,0,3,23,23,67,9.0
D_k9_1od_x1.2,D,both,0,4,23,23,67,9.0
D_k9_1od_x1.2,D,both,0,5,23,23,67,9.0
D_k9_1od_x1.2,D,both,0,6,23,23,67,9.0
D_k9_1od_x1.2,D,both,0,7,23,23,66,9.0
D_k9_1od_x1.2,D,both,0,8,23,23,70,9.0
D_k9_1od_x1.2,D,both,0,9,23,23,68,9.0
D_k9_1od_x1.2,D,both,0,10,23,23,70,9.0
D_k9_1od_x1.2,D,both,0,11,23,23,70,9.0
D_k9_1od_x1.2,D,both,0,12,23,23,66,9.0
D_k9_1od_x1.2,D,both,0,13,23,23,71,9.0
D_k9_1od_x1.2,D,both,0,14,23,23,69,9.0
D_k9_1od_x1.2,D,both,0,15,23,23,66,9.0
D_k9_1od_x1.2,D,both,1,1,24,22,54,4.375
D_k9_1od_x1.2,D,both,1,2,23,23,68,9.0
D_k9_1od_x1.2,D,both,1,3,23,23,67,9.0
D_k9_1od_x1.2,D,both,1,4,23,23,66,9.0
D_k9_1od_x1.2,D,both,1,5,23,23,62,9.0
D_k9_1od_x1.2,D,both,1,6,23,23,67,9.0
D_k9_1od_x1.2,D,both,1,7,23,23,70,9.0
D_k9_1od_x1.2,D,both,1,8,23,23,69,9.0
D_k9_1od_x1.2,D,both,1,9,23,23,70,9.0
D_k9_1od_x1.2,D,both,1,10,23,23,69,9.0
D_k9_1od_x1.2,D,both,1,11,23,23,67,9.0
D_k9_1od_x1.2,D,both,1,12,23,23,68,9.0
D_k9_1od_x1.2,D,both,1,13,23,23,72,9.0
D_k9_1od_x1.2,D,both,1,14,23,23,70,9.0
D_k9_1od_x1.2,D,both,1,15,23,23,69,9.0
D_k9_1od_x1.2,D,both,2,1,24,21,58,4.416666666666667
D_k9_1od_x1.2,D,both,2,2,23,23,67,9.0
D_k9_1od_x1.2,D,both,2,3,23,23,72,9.0
D_k9_1od_x1.2,D,both,2,4,23,23,71,9.0
D_k9_1od_x1.2,D,both,2,5,23,23,71,9.0
D_k9_1od_x1.2,D,both,2,6,23,23,65,9.0
D_k9_1od_x1.2,D,both,2,7,23,23,67,9.0
D_k9_1od_x1.2,D,both,2,8,23,23,70,9.0
D_k9_1od_x1.2,D,both,2,9,23,23,68,9.0
D_k9_1od_x1.2,D,both,2,10,23,23,75,9.0
D_k9_1od_x1.2,D,both,2,11,23,23,72,9.0
D_k9_1od_x1.2,D,both,2,12,23,23,71,9.0
D_k9_1od_x1.2,D,both,2,13,23,23,66,9.0
D_k9_1od_x1.2,D,both,2,14,23,23,71,9.0
D_k9_1od_x1.2,D,both,2,15,23,23,66,9.0
D_k9_1od_x1.2,D,both,3,1,24,24,59,5.416666666666667
D_k9_1od_x1.2,D,both,3,2,23,23,69,9.0
D_k9_1od_x1.2,D,both,3,3,23,23,68,9.0
D_k9_1od_x1.2,D,both,3,4,23,23,70,9.0
D_k9_1od_x1.2,D,both,3,5,23,23,70,9.0
D_k9_1od_x1.2,D,both,3,6,23,23,71,9.0
D_k9_1od_x1.2,D,both,3,7,23,23,65,9.0
D_k9_1od_x1.2,D,both,3,8,23,23,73,9.0
D_k9_1od_x1.2,D,both,3,9,23,23,67,9.0
D_k9_1od_x1.2,D,both,3,10,23,23,65,9.0
D_k9_1od_x1.2,D,both,3,11,23,23,67,9.0
D_k9_1od_x1.2,D,both,3,12,23,23,70,9.0
D_k9_1od_x1.2,D,both,3,13,23,23,66,9.0
D_k9_1od_x1.2,D,both,3,14,23,23,74,9.0
D_k9_1od_x1.2,D,both,3,15,23,23,74,9.0
D_k9_1od_x1.2,D,both,4,1,24,22,49,3.5416666666666665
D_k9_1od_x1.2,D,both,4,2,23,23,71,9.0
D_k9_1od_x1.2,D,both,4,3,23,23,67,9.0
D_k9_1od_x1.2,D,both,4,4,23,23,65,9.0
D_k9_1od_x1.2,D,both,4,5,23,23,68,9.0
D_k9_1od_x1.2,D,both,4,6,23,23,68,9.0
D_k9_1od_x1.2,D,both,4,7,23,23,67,9.0
D_k9_1od_x1.2,D,both,4,8,23,23,65,9.0
D_k9_1od_x1.2,D,both,4,9,23,23,71,9.0
D_k9_1od_x1.2,D,both,4,10,23,23,67,9.0
D_k9_1od_x1.2,D,both,4,11,23,23,76,9.0
D_k9_1od_x1.2,D,both,4,12,23,23,70,9.0
D_k9_1od_x1.2,D,both,4,13,23,23,66,9.0
D_k9_1od_x1.2,D,both,4,14,23,23,70,9.0
D_k9_1od_x1.2,D,both,4,15,23,23,69,9.0
D_k9_1od_x1.2,D,both,5,1,24,22,54,4.25
D_k9_1od_x1.2,D,both,5,2,23,23,66,9.0
D_k9_1od_x1.2,D,both,5,3,23,23,67,9.0
D_k9_1od_x1.2,D,both,5,4,23,23,69,9.0
D_k9_1od_x1.2,D,both,5,5,23,23,66,9.0
D_k9_1od_x1.2,D,both,5,6,23,23,66,9.0
D_k9_1od_x1.2,D,both,5,7,23,23,70,9.0
D_k9_1od_x1.2,D,both,5,8,23,23,72,9.0
D_k9_1od_x1.2,D,both,5,9,23,23,67,9.0
D_k9_1od_x1.2,D,both,5,10,23,23,65,9.0
D_k9_1od_x1.2,D,both,5,11,23,23,73,9.0
D_k9_1od_x1.2,D,both,5,12,23,23,63,9.0
D_k9_1od_x1.2,D,both,5,13,23,23,68,9.0
D_k9_1od_x1.2,D,both,5,14,23,23,68,9.0
D_k9_1od_x1.2,D,both,5,15,23,23,70,9.0
D_k9_1od_x1.2,D,both,6,1,24,22,63,4.958333333333333
D_k9_1od_x1.2,D,both,6,2,23,23,66,9.0
D_k9_1od_x1.2,D,both,6,3,23,23,70,9.0
D_k9_1od_x1.2,D,both,6,4,23,23,67,9.0
D_k9_1od_x1.2,D,both,6,5,23,23,72,9.0
D_k9_1od_x1.2,D,both,6,6,23,23,73,9.0
D_k9_1od_x1.2,D,both,6,7,23,23,72,9.0
D_k9_1od_x1.2,D,both,6,8,23,23,70,9.0
D_k9_1od_x1.2,D,both,6,9,23,23,71,9.0
D_k9_1od_x1.2,D,both,6,10,23,23,69,9.0
D_k9_1od_x1.2,D,both,6,11,23,23,70,9.0
D_k9_1od_x1.2,D,both,6,12,23,23,63,9.0
D_k9_1od_x1.2,D,both,6,13,23,23,73,9.0
D_k9_1od_x1.2,D,both,6,14,23,23,69,9.0
D_k9_1od_x1.2,D,both,6,15,23,23,74,9.0
D_k9_1od_x1.2,D,both,7,1,24,21,53,3.75
D_k9_1od_x1.2,D,both,7,2,23,23,65,9.0
D_k9_1od_x1.2,D,both,7,3,23,23,70,9.0
D_k9_1od_x1.2,D,both,7,4,23,23,62,9.0
D_k9_1od_x1.2,D,both,7,5,23,23,67,9.0
D_k9_1od_x1.2,D,both,7,6,23,23,68,9.0
D_k9_1od_x1.2,D,both,7,7,23,23,70,9.0
D_k9_1od_x1.2,D,both,7,8,23,23,72,9.0
D_k9_1od_x1.2,D,both,7,9,23,23,70,9.0
D_k9_1od_x1.2,D,both,7,10,23,23,71,9.0
D_k9_1od_x1.2,D,both,7,11,23,23,70,9.0
D_k9_1od_x1.2,D,both,7,12,23,23,66,9.0
D_k9_1od_x1.2,D,both,7,13,23,23,68,9.0
D_k9_1od_x1.2,D,both,7,14,23,23,66,9.0
D_k9_1od_x1.2,D,both,7,15,23,23,60,9.0
D_k9_1od_x1.2,D,both,8,1,24,23,52,4.375
D_k9_1od_x1.2,D,both,8,2,23,23,69,9.0
D_k9_1od_x1.2,D,both,8,3,23,23,64,9.0
D_k9_1od_x1.2,D,both,8,4,23,23,67,9.0
D_k9_1od_x1.2,D,both,8,5,23,23,70,9.0
D_k9_1od_x1.2,D,both,8,6,23,23,69,9.0
D_k9_1od_x1.2,D,both,8,7,23,23,71,9.0
D_k9_1od_x1.2,D,both,8,8,23,23,70,9.0
D_k9_1od_x1.2,D,both,8,9,23,23,62,9.0
D_k9_1od_x1.2,D,both,8,10,23,23,69,9.0
D_k9_1od_x1.2,D,both,8,11,23,23,63,9.0
D_k9_1od_x1.2,D,both,8,12,23,23,69,9.0
D_k9_1od_x1.2,D,both,8,13,23,23,67,9.0
D_k9_1od_x1.2,D,both,8,14,23,23,71,9.0
D_k9_1od_x1.2,D,both,8,15,23,23,72,9.0
D_k9_1od_x1.2,D,both,9,1,24,22,56,4.541666666666667
D_k9_1od_x1.2,D,both,9,2,23,23,67,9.0
D_k9_1od_x1.2,D,both,9,3,23,23,67,9.0
D_k9_1od_x1.2,D,both,9,4,23,23,67,9.0
D_k9_1od_x1.2,D,both,9,5,23,23,70,9.0
D_k9_1od_x1.2,D,both,9,6,23,23,70,9.0
D_k9_1od_x1.2,D,both,9,7,23,23,72,9.0
D_k9_1od_x1.2,D,both,9,8,23,23,65,9.0
D_k9_1od_x1.2,D,both,9,9,23,23,64,9.0
D_k9_1od_x1.2,D,both,9,10,23,23,66,9.0
D_k9_1od_x1.2,D,both,9,11,23,23,72,9.0
D_k9_1od_x1.2,D,both,9,12,23,23,63,9.0
D_k9_1od_x1.2,D,both,9,13,23,23,69,9.0
D_k9_1od_x1.2,D,both,9,14,23,23,70,9.0
D_k9_1od_x1.2,D,both,9,15,23,23,68,9.0
D_k9_1od_x1.2,D,init,0,1,24,24,62,4.958333333333333
D_k9_1od_x1.2,D,init,0,2,23,23,78,9.0
D_k9_1od_x1.2,D,init,0,3,23,23,81,9.0
D_k9_1od_x1.2,D,init,0,4,23,23,79,9.0
D_k9_1od_x1.2,D,init,0,5,23,23,78,9.0
D_k9_1od_x1.2,D,init,0,6,23,23,76,9.0
D_k9_1od_x1.2,D,init,0,7,23,23,78,9.0
D_k9_1od_x1.2,D,init,0,8,23,23,86,9.0
D_k9_1od_x1.2,D,init,0,9,23,23,78,9.0
D_k9_1od_x1.2,D,init,0,10,23,23,75,9.0
D_k9_1od_x1.2,D,init,0,11,23,23,80,9.0
D_k9_1od_x1.2,D,init,0,12,23,23,77,9.0
D_k9_1od_x1.2,D,init,0,13,23,23,75,9.0
D_k9_1od_x1.2,D,init,0,14,23,23,84,9.0
D_k9_1od_x1.2,D,init,0,15,23,23,76,9.0
D_k9_1od_x1.2,D,init,1,1,24,22,54,4.375
D_k9_1od_x1.2,D,init,1,2,23,23,84,9.0
D_k9_1od_x1.2,D,init,1,3,23,23,82,9.0
D_k9_1od_x1.2,D,init,1,4,23,23,83,9.0
D_k9_1od_x1.2,D,init,1,5,23,23,76,9.0
D_k9_1od_x1.2,D,init,1,6,23,23,79,9.0
D_k9_1od_x1.2,D,init,1,7,23,23,80,9.0
D_k9_1od_x1.2,D,init,1,8,23,23,82,9.0
D_k9_1od_x1.2,D,init,1,9,23,23,78,9.0
D_k9_1od_x1.2,D,init,1,10,23,23,75,9.0
D_k9_1od_x1.2,D,init,1,11,23,23,82,9.0
D_k9_1od_x1.2,D,init,1,12,23,23,75,9.0
D_k9_1od_x1.2,D,init,1,13,23,23,80,9.0
D_k9_1od_x1.2,D,init,1,14,23,23,86,9.0
D_k9_1od_x1.2,D,init,1,15,23,23,82,9.0
D_k9_1od_x1.2,D,init,2,1,24,21,58,4.416666666666667
D_k9_1od_x1.2,D,init,2,2,23,23,80,9.0
D_k9_1od_x1.2,D,init,2,3,23,23,81,9.0
D_k9_1od_x1.2,D,init,2,4,23,23,84,9.0
D_k9_1od_x1.2,D,init,2,5,23,23,81,9.0
D_k9_1od_x1.2,D,init,2,6,23,23,82,9.0
D_k9_1od_x1.2,D,init,2,7,23,23,79,9.0
D_k9_1od_x1.2,D,init,2,8,23,23,79,9.0
D_k9_1od_x1.2,D,init,2,9,23,23,82,9.0
D_k9_1od_x1.2,D,init,2,10,23,23,82,9.0
D_k9_1od_x1.2,D,init,2,11,23,23,78,9.0
D_k9_1od_x1.2,D,init,2,12,23,23,85,9.0
D_k9_1od_x1.2,D,init,2,13,23,23,78,9.0
D_k9_1od_x1.2,D,init,2,14,23,23,80,9.0
D_k9_1od_x1.2,D,init,2,15,23,23,79,9.0
D_k9_1od_x1.2,D,init,3,1,24,24,59,5.416666666666667
D_k9_1od_x1.2,D,init,3,2,23,23,81,9.0
D_k9_1od_x1.2,D,init,3,3,23,23,78,9.0
D_k9_1od_x1.2,D,init,3,4,23,23,83,9.0
D_k9_1od_x1.2,D,init,3,5,23,23,81,9.0
D_k9_1od_x1.2,D,init,3,6,23,23,78,9.0
D_k9_1od_x1.2,D,init,3,7,23,23,75,9.0
D_k9_1od_x1.2,D,init,3,8,23,23,77,9.0
D_k9_1od_x1.2,D,init,3,9,23,23,79,9.0
D_k9_1od_x1.2,D,init,3,10,23,23,80,9.0
D_k9_1od_x1.2,D,init,3,11,23,23,77,9.0
D_k9_1od_x1.2,D,init,3,12,23,23,81,9.0
D_k9_1od_x1.2,D,init,3,13,23,23,82,9.0
D_k9_1od_x1.2,D,init,3,14,23,23,78,9.0
D_k9_1od_x1.2,D,init,3,15,23,23,77,9.0
D_k9_1od_x1.2,D,init,4,1,24,22,49,3.5416666666666665
D_k9_1od_x1.2,D,init,4,2,23,23,79,9.0
D_k9_1od_x1.2,D,init,4,3,23,23,75,9.0
D_k9_1od_x1.2,D,init,4,4,23,23,78,9.0
D_k9_1od_x1.2,D,init,4,5,23,23,77,9.0
D_k9_1od_x1.2,D,init,4,6,23,23,82,9.0
D_k9_1od_x1.2,D,init,4,7,23,23,77,9.0
D_k9_1od_x1.2,D,init,4,8,23,23,86,9.0
D_k9_1od_x1.2,D,init,4,9,23,23,87,9.0
D_k9_1od_x1.2,D,init,4,10,23,23,81,9.0
D_k9_1od_x1.2,D,init,4,11,23,23,78,9.0
D_k9_1od_x1.2,D,init,4,12,23,23,83,9.0
D_k9_1od_x1.2,D,init,4,13,23,23,82,9.0
D_k9_1od_x1.2,D,init,4,14,23,23,80,9.0
D_k9_1od_x1.2,D,init,4,15,23,23,83,9.0
D_k9_1od_x1.2,D,init,5,1,24,22,54,4.25
D_k9_1od_x1.2,D,init,5,2,23,23,84,9.0
D_k9_1od_x1.2,D,init,5,3,23,23,78,9.0
D_k9_1od_x1.2,D,init,5,4,23,23,76,9.0
D_k9_1od_x1.2,D,init,5,5,23,23,80,9.0
D_k9_1od_x1.2,D,init,5,6,23,23,83,9.0
D_k9_1od_x1.2,D,init,5,7,23,23,85,9.0
D_k9_1od_x1.2,D,init,5,8,23,23,79,9.0
D_k9_1od_x1.2,D,init,5,9,23,23,79,9.0
D_k9_1od_x1.2,D,init,5,10,23,23,82,9.0
D_k9_1od_x1.2,D,init,5,11,23,23,82,9.0
D_k9_1od_x1.2,D,init,5,12,23,23,79,9.0
D_k9_1od_x1.2,D,init,5,13,23,23,79,9.0
D_k9_1od_x1.2,D,init,5,14,23,23,82,9.0
D_k9_1od_x1.2,D,init,5,15,23,23,79,9.0
D_k9_1od_x1.2,D,init,6,1,24,22,63,4.958333333333333
D_k9_1od_x1.2,D,init,6,2,23,23,80,9.0
D_k9_1od_x1.2,D,init,6,3,23,23,88,9.0
D_k9_1od_x1.2,D,init,6,4,23,23,85,9.0
D_k9_1od_x1.2,D,init,6,5,23,23,81,9.0
D_k9_1od_x1.2,D,init,6,6,23,23,79,9.0
D_k9_1od_x1.2,D,init,6,7,23,23,81,9.0
D_k9_1od_x1.2,D,init,6,8,23,23,79,9.0
D_k9_1od_x1.2,D,init,6,9,23,23,79,9.0
D_k9_1od_x1.2,D,init,6,10,23,23,79,9.0
D_k9_1od_x1.2,D,init,6,11,23,23,80,9.0
D_k9_1od_x1.2,D,init,6,12,23,23,84,9.0
D_k9_1od_x1.2,D,init,6,13,23,23,80,9.0
D_k9_1od_x1.2,D,init,6,14,23,23,78,9.0
D_k9_1od_x1.2,D,init,6,15,23,23,77,9.0
D_k9_1od_x1.2,D,init,7,1,24,21,53,3.75
D_k9_1od_x1.2,D,init,7,2,23,23,80,9.0
D_k9_1od_x1.2,D,init,7,3,23,23,80,9.0
D_k9_1od_x1.2,D,init,7,4,23,23,81,9.0
D_k9_1od_x1.2,D,init,7,5,23,23,81,9.0
D_k9_1od_x1.2,D,init,7,6,23,23,84,9.0
D_k9_1od_x1.2,D,init,7,7,23,23,76,9.0
D_k9_1od_x1.2,D,init,7,8,23,23,82,9.0
D_k9_1od_x1.2,D,init,7,9,23,23,81,9.0
D_k9_1od_x1.2,D,init,7,10,23,23,77,9.0
D_k9_1od_x1.2,D,init,7,11,23,23,83,9.0
D_k9_1od_x1.2,D,init,7,12,23,23,83,9.0
D_k9_1od_x1.2,D,init,7,13,23,23,82,9.0
D_k9_1od_x1.2,D,init,7,14,23,23,87,9.0
D_k9_1od_x1.2,D,init,7,15,23,23,76,9.0
D_k9_1od_x1.2,D,init,8,1,24,23,52,4.375
D_k9_1od_x1.2,D,init,8,2,23,23,83,9.0
D_k9_1od_x1.2,D,init,8,3,23,23,80,9.0
D_k9_1od_x1.2,D,init,8,4,23,23,79,9.0
D_k9_1od_x1.2,D,init,8,5,23,23,84,9.0
D_k9_1od_x1.2,D,init,8,6,23,23,79,9.0
D_k9_1od_x1.2,D,init,8,7,23,23,82,9.0
D_k9_1od_x1.2,D,init,8,8,23,23,82,9.0
D_k9_1od_x1.2,D,init,8,9,23,23,86,9.0
D_k9_1od_x1.2,D,init,8,10,23,23,79,9.0
D_k9_1od_x1.2,D,init,8,11,23,23,83,9.0
D_k9_1od_x1.2,D,init,8,12,23,23,83,9.0
D_k9_1od_x1.2,D,init,8,13,23,23,81,9.0
D_k9_1od_x1.2,D,init,8,14,23,23,80,9.0
D_k9_1od_x1.2,D,init,8,15,23,23,78,9.0
D_k9_1od_x1.2,D,init,9,1,24,22,56,4.541666666666667
D_k9_1od_x1.2,D,init,9,2,23,23,84,9.0
D_k9_1od_x1.2,D,init,9,3,23,23,83,9.0
D_k9_1od_x1.2,D,init,9,4,23,23,81,9.0
D_k9_1od_x1.2,D,init,9,5,23,23,85,9.0
D_k9_1od_x1.2,D,init,9,6,23,23,79,9.0
D_k9_1od_x1.2,D,init,9,7,23,23,79,9.0
D_k9_1od_x1.2,D,init,9,8,23,23,78,9.0
D_k9_1od_x1.2,D,init,9,9,23,23,84,9.0
D_k9_1od_x1.2,D,init,9,10,23,23,81,9.0
D_k9_1od_x1.2,D,init,9,11,23,23,80,9.0
D_k9_1od_x1.2,D,init,9,12,23,23,78,9.0
D_k9_1od_x1.2,D,init,9,13,23,23,79,9.0
D_k9_1od_x1.2,D,init,9,14,23,23,80,9.0
D_k9_1od_x1.2,D,init,9,15,23,23,80,9.0
D_k9_1od_x1.2,D,mutation,0,1,24,24,75,5.833333333333333
D_k9_1od_x1.2,D,mutation,0,2,23,23,76,9.0
D_k9_1od_x1.2,D,mutation,0,3,23,23,77,9.0
D_k9_1od_x1.2,D,mutation,0,4,23,23,68,9.0
D_k9_1od_x1.2,D,mutation,0,5,23,23,68,9.0
D_k9_1od_x1.2,D,mutation,0,6,23,23,64,9.0
D_k9_1od_x1.2,D,mutation,0,7,23,23,65,9.0
D_k9_1od_x1.2,D,mutation,0,8,23,23,74,9.0
D_k9_1od_x1.2,D,mutation,0,9,23,23,75,9.0
D_k9_1od_x1.2,D,mutation,0,10,23,23,72,9.0
D_k9_1od_x1.2,D,mutation,0,11,23,23,73,9.0
D_k9_1od_x1.2,D,mutation,0,12,23,23,65,9.0
D_k9_1od_x1.2,D,mutation,0,13,23,23,71,9.0
D_k9_1od_x1.2,D,mutation,0,14,23,23,69,9.0
D_k9_1od_x1.2,D,mutation,0,15,23,23,72,9.0
D_k9_1od_x1.2,D,mutation,1,1,24,24,68,4.416666666666667
D_k9_1od_x1.2,D,mutation,1,2,23,23,76,9.0
D_k9_1od_x1.2,D,mutation,1,3,23,23,68,9.0
D_k9_1od_x1.2,D,mutation,1,4,23,23,71,9.0
D_k9_1od_x1.2,D,mutation,1,5,23,23,63,9.0
D_k9_1od_x1.2,D,mutation,1,6,23,23,68,9.0
D_k9_1od_x1.2,D,mutation,1,7,23,23,68,9.0
D_k9_1od_x1.2,D,mutation,1,8,23,23,68,9.0
D_k9_1od_x1.2,D,mutation,1,9,23,23,69,9.0
D_k9_1od_x1.2,D,mutation,1,10,23,23,72,9.0
D_k9_1od_x1.2,D,mutation,1,11,23,23,68,9.0
D_k9_1od_x1.2,D,mutation,1,12,23,23,73,9.0
D_k9_1od_x1.2,D,mutation,1,13,23,23,77,9.0
D_k9_1od_x1.2,D,mutation,1,14,23,23,71,9.0
D_k9_1od_x1.2,D,mutation,1,15,23,23,67,9.0
D_k9_1od_x1.2,D,mutation,2,1,24,24,75,4.666666666666667
D_k9_1od_x1.2,D,mutation,2,2,23,23,84,9.0
D_k9_1od_x1.2,D,mutation,2,3,23,23,71,9.0
D_k9_1od_x1.2,D,mutation,2,4,23,23,64,9.0
D_k9_1od_x1.2,D,mutation,2,5,23,23,67,9.0
D_k9_1od_x1.2,D,mutation,2,6,23,23,68,9.0
D_k9_1od_x1.2,D,mutation,2,7,23,23,67,9.0
D_k9_1od_x1.2,D,mutation,2,8,23,23,70,9.0
D_k9_1od_x1.2,D,mutation,2,9,23,23,74,9.0
D_k9_1od_x1.2,D,mutation,2,10,23,23,70,9.0
D_k9_1od_x1.2,D,mutation,2,11,23,23,72,9.0
D_k9_1od_x1.2,D,mutation,2,12,23,23,68,9.0
D_k9_1od_x1.2,D,mutation,2,13,23,23,72,9.0
D_k9_1od_x1.2,D,mutation,2,14,23,23,67,9.0
D_k9_1od_x1.2,D,mutation,2,15,23,23,65,9.0
D_k9_1od_x1.2,D,mutation,3,1,24,24,66,4.25
D_k9_1od_x1.2,D,mutation,3,2,23,23,73,9.0
D_k9_1od_x1.2,D,mutation,3,3,23,23,70,9.0
D_k9_1od_x1.2,D,mutation,3,4,23,23,67,9.0
D_k9_1od_x1.2,D,mutation,3,5,23,23,65,9.0
D_k9_1od_x1.2,D,mutation,3,6,23,23,70,9.0
D_k9_1od_x1.2,D,mutation,3,7,23,23,67,9.0
D_k9_1od_x1.2,D,mutation,3,8,23,23,67,9.0
D_k9_1od_x1.2,D,mutation,3,9,23,23,71,9.0
D_k9_1od_x1.2,D,mutation,3,10,23,23,74,9.0
D_k9_1od_x1.2,D,mutation,3,11,23,23,73,9.0
D_k9_1od_x1.2,D,mutation,3,12,23,23,66,9.0
D_k9_1od_x1.2,D,mutation,3,13,23,23,67,9.0
D_k9_1od_x1.2,D,mutation,3,14,23,23,76,9.0
D_k9_1od_x1.2,D,mutation,3,15,23,23,70,9.0
D_k9_1od_x1.2,D,mutation,4,1,24,24,57,4.083333333333333
D_k9_1od_x1.2,D,mutation,4,2,23,23,70,9.0
D_k9_1od_x1.2,D,mutation,4,3,23,23,68,9.0
D_k9_1od_x1.2,D,mutation,4,4,23,23,68,9.0
D_k9_1od_x1.2,D,mutation,4,5,23,23,72,9.0
D_k9_1od_x1.2,D,mutation,4,6,23,23,72,9.0
D_k9_1od_x1.2,D,mutation,4,7,23,23,67,9.0
D_k9_1od_x1.2,D,mutation,4,8,23,23,69,9.0
D_k9_1od_x1.2,D,mutation,4,9,23,23,70,9.0
D_k9_1od_x1.2,D,mutation,4,10,23,23,71,9.0
D_k9_1od_x1.2,D,mutation,4,11,23,23,61,9.0
D_k9_1od_x1.2,D,mutation,4,12,23,23,68,9.0
D_k9_1od_x1.2,D,mutation,4,13,23,23,67,9.0
D_k9_1od_x1.2,D,mutation,4,14,23,23,65,9.0
D_k9_1od_x1.2,D,mutation,4,15,23,23,71,9.0
D_k9_1od_x1.2,D,mutation,5,1,24,24,70,4.625
D_k9_1od_x1.2,D,mutation,5,2,23,23,70,9.0
D_k9_1od_x1.2,D,mutation,5,3,23,23,67,9.0
D_k9_1od_x1.2,D,mutation,5,4,23,23,68,9.0
D_k9_1od_x1.2,D,mutation,5,5,23,23,67,9.0
D_k9_1od_x1.2,D,mutation,5,6,23,23,67,9.0
D_k9_1od_x1.2,D,mutation,5,7,23,23,67,9.0
D_k9_1od_x1.2,D,mutation,5,8,23,23,68,9.0
D_k9_1od_x1.2,D,mutation,5,9,23,23,76,9.0
D_k9_1od_x1.2,D,mutation,5,10,23,23,71,9.0
D_k9_1od_x1.2,D,mutation,5,11,23,23,67,9.0
D_k9_1od_x1.2,D,mutation,5,12,23,23,72,9.0
D_k9_1od_x1.2,D,mutation,5,13,23,23,66,9.0
D_k9_1od_x1.2,D,mutation,5,14,23,23,75,9.0
D_k9_1od_x1.2,D,mutation,5,15,23,23,69,9.0
D_k9_1od_x1.2,D,mutation,6,1,24,24,68,5.208333333333333
D_k9_1od_x1.2,D,mutation,6,2,23,23,77,9.0
D_k9_1od_x1.2,D,mutation,6,3,23,23,73,9.0
D_k9_1od_x1.2,D,mutation,6,4,23,23,69,9.0
D_k9_1od_x1.2,D,mutation,6,5,23,23,71,9.0
D_k9_1od_x1.2,D,mutation,6,6,23,23,67,9.0
D_k9_1od_x1.2,D,mutation,6,7,23,23,69,9.0
D_k9_1od_x1.2,D,mutation,6,8,23,23,71,9.0
D_k9_1od_x1.2,D,mutation,6,9,23,23,72,9.0
D_k9_1od_x1.2,D,mutation,6,10,23,23,73,9.0
D_k9_1od_x1.2,D,mutation,6,11,23,23,69,9.0
D_k9_1od_x1.2,D,mutation,6,12,23,23,65,9.0
D_k9_1od_x1.2,D,mutation,6,13,23,23,63,9.0
D_k9_1od_x1.2,D,mutation,6,14,23,23,65,9.0
D_k9_1od_x1.2,D,mutation,6,15,23,23,69,9.0
D_k9_1od_x1.2,D,mutation,7,1,24,24,77,5.583333333333333
D_k9_1od_x1.2,D,mutation,7,2,23,23,71,9.0
D_k9_1od_x1.2,D,mutation,7,3,23,23,70,9.0
D_k9_1od_x1.2,D,mutation,7,4,23,23,71,9.0
D_k9_1od_x1.2,D,mutation,7,5,23,23,69,9.0
D_k9_1od_x1.2,D,mutation,7,6,23,23,70,9.0
D_k9_1od_x1.2,D,mutation,7,7,23,23,69,9.0
D_k9_1od_x1.2,D,mutation,7,8,23,23,67,9.0
D_k9_1od_x1.2,D,mutation,7,9,23,23,71,9.0
D_k9_1od_x1.2,D,mutation,7,10,23,23,70,9.0
D_k9_1od_x1.2,D,mutation,7,11,23,23,72,9.0
D_k9_1od_x1.2,D,mutation,7,12,23,23,73,9.0
D_k9_1od_x1.2,D,mutation,7,13,23,23,75,9.0
D_k9_1od_x1.2,D,mutation,7,14,23,23,74,9.0
D_k9_1od_x1.2,D,mutation,7,15,23,23,75,9.0
D_k9_1od_x1.2,D,mutation,8,1,24,24,64,4.5
D_k9_1od_x1.2,D,mutation,8,2,23,23,69,9.0
D_k9_1od_x1.2,D,mutation,8,3,23,23,69,9.0
D_k9_1od_x1.2,D,mutation,8,4,23,23,68,9.0
D_k9_1od_x1.2,D,mutation,8,5,23,23,67,9.0
D_k9_1od_x1.2,D,mutation,8,6,23,23,72,9.0
D_k9_1od_x1.2,D,mutation,8,7,23,23,67,9.0
D_k9_1od_x1.2,D,mutation,8,8,23,23,75,9.0
D_k9_1od_x1.2,D,mutation,8,9,23,23,70,9.0
D_k9_1od_x1.2,D,mutation,8,10,23,23,67,9.0
D_k9_1od_x1.2,D,mutation,8,11,23,23,67,9.0
D_k9_1od_x1.2,D,mutation,8,12,23,23,73,9.0
D_k9_1od_x1.2,D,mutation,8,13,23,23,70,9.0
D_k9_1od_x1.2,D,mutation,8,14,23,23,66,9.0
D_k9_1od_x1.2,D,mutation,8,15,23,23,71,9.0
D_k9_1od_x1.2,D,mutation,9,1,24,24,72,5.083333333333333
D_k9_1od_x1.2,D,mutation,9,2,23,23,73,9.0
D_k9_1od_x1.2,D,mutation,9,3,23,23,70,9.0
D_k9_1od_x1.2,D,mutation,9,4,23,23,72,9.0
D_k9_1od_x1.2,D,mutation,9,5,23,23,70,9.0
D_k9_1od_x1.2,D,mutation,9,6,23,23,70,9.0
D_k9_1od_x1.2,D,mutation,9,7,23,23,66,9.0
D_k9_1od_x1.2,D,mutation,9,8,23,23,64,9.0
D_k9_1od_x1.2,D,mutation,9,9,23,23,71,9.0
D_k9_1od_x1.2,D,mutation,9,10,23,23,68,9.0
D_k9_1od_x1.2,D,mutation,9,11,23,23,71,9.0
D_k9_1od_x1.2,D,mutation,9,12,23,23,65,9.0
D_k9_1od_x1.2,D,mutation,9,13,23,23,70,9.0
D_k9_1od_x1.2,D,mutation,9,14,23,23,73,9.0
D_k9_1od_x1.2,D,mutation,9,15,23,23,68,9.0
D_k9_1od_x1.2,D,none,0,1,24,24,75,5.833333333333333
D_k9_1od_x1.2,D,none,0,2,23,23,85,9.0
D_k9_1od_x1.2,D,none,0,3,23,23,85,9.0
D_k9_1od_x1.2,D,none,0,4,23,23,81,9.0
D_k9_1od_x1.2,D,none,0,5,23,23,81,9.0
D_k9_1od_x1.2,D,none,0,6,23,23,85,9.0
D_k9_1od_x1.2,D,none,0,7,23,23,78,9.0
D_k9_1od_x1.2,D,none,0,8,23,23,85,9.0
D_k9_1od_x1.2,D,none,0,9,23,23,78,9.0
D_k9_1od_x1.2,D,none,0,10,23,23,85,9.0
D_k9_1od_x1.2,D,none,0,11,23,23,83,9.0
D_k9_1od_x1.2,D,none,0,12,23,23,83,9.0
D_k9_1od_x1.2,D,none,0,13,23,23,82,9.0
D_k9_1od_x1.2,D,none,0,14,23,23,82,9.0
D_k9_1od_x1.2,D,none,0,15,23,23,75,9.0
D_k9_1od_x1.2,D,none,1,1,24,24,68,4.416666666666667
D_k9_1od_x1.2,D,none,1,2,23,23,83,9.0
D_k9_1od_x1.2,D,none,1,3,23,23,83,9.0
D_k9_1od_x1.2,D,none,1,4,23,23,86,9.0
D_k9_1od_x1.2,D,none,1,5,23,23,79,9.0
D_k9_1od_x1.2,D,none,1,6,23,23,80,9.0
D_k9_1od_x1.2,D,none,1,7,23,23,84,9.0
D_k9_1od_x1.2,D,none,1,8,23,23,79,9.0
D_k9_1od_x1.2,D,none,1,9,23,23,83,9.0
D_k9_1od_x1.2,D,none,1,10,23,23,81,9.0
D_k9_1od_x1.2,D,none,1,11,23,23,85,9.0
D_k9_1od_x1.2,D,none,1,12,23,23,82,9.0
D_k9_1od_x1.2,D,none,1,13,23,23,84,9.0
D_k9_1od_x1.2,D,none,1,14,23,23,80,9.0
D_k9_1od_x1.2,D,none,1,15,23,23,77,9.0
D_k9_1od_x1.2,D,none,2,1,24,24,75,4.666666666666667
D_k9_1od_x1.2,D,none,2,2,23,23,87,9.0
D_k9_1od_x1.2,D,none,2,3,23,23,83,9.0
D_k9_1od_x1.2,D,none,2,4,23,23,85,9.0
D_k9_1od_x1.2,D,none,2,5,23,23,80,9.0
D_k9_1od_x1.2,D,none,2,6,23,23,82,9.0
D_k9_1od_x1.2,D,none,2,7,23,23,81,9.0
D_k9_1od_x1.2,D,none,2,8,23,23,80,9.0
D_k9_1od_x1.2,D,none,2,9,23,23,80,9.0
D_k9_1od_x1.2,D,none,2,10,23,23,82,9.0
D_k9_1od_x1.2,D,none,2,11,23,23,84,9.0
D_k9_1od_x1.2,D,none,2,12,23,23,82,9.0
D_k9_1od_x1.2,D,none,2,13,23,23,80,9.0
D_k9_1od_x1.2,D,none,2,14,23,23,81,9.0
D_k9_1od_x1.2,D,none,2,15,23,23,80,9.0
D_k9_1od_x1.2,D,none,3,1,24,24,66,4.25
D_k9_1od_x1.2,D,none,3,2,23,23,86,9.0
D_k9_1od_x1.2,D,none,3,3,23,23,80,9.0
D_k9_1od_x1.2,D,none,3,4,23,23,77,9.0
D_k9_1od_x1.2,D,none,3,5,23,23,82,9.0
D_k9_1od_x1.2,D,none,3,6,23,23,79,9.0
D_k9_1od_x1.2,D,none,3,7,23,23,81,9.0
D_k9_1od_x1.2,D,none,3,8,23,23,85,9.0
D_k9_1od_x1.2,D,none,3,9,23,23,78,9.0
D_k9_1od_x1.2,D,none,3,10,23,23,78,9.0
D_k9_1od_x1.2,D,none,3,11,23,23,81,9.0
D_k9_1od_x1.2,D,none,3,12,23,23,86,9.0
D_k9_1od_x1.2,D,none,3,13,23,23,82,9.0
D_k9_1od_x1.2,D,none,3,14,23,23,83,9.0
D_k9_1od_x1.2,D,none,3,15,23,23,81,9.0
D_k9_1od_x1.2,D,none,4,1,24,24,57,4.083333333333333
D_k9_1od_x1.2,D,none,4,2,23,23,85,9.0
D_k9_1od_x1.2,D,none,4,3,23,23,83,9.0
D_k9_1od_x1.2,D,none,4,4,23,23,85,9.0
D_k9_1od_x1.2,D,none,4,5,23,23,80,9.0
D_k9_1od_x1.2,D,none,4,6,23,23,73,9.0
D_k9_1od_x1.2,D,none,4,7,23,23,77,9.0
D_k9_1od_x1.2,D,none,4,8,23,23,82,9.0
D_k9_1od_x1.2,D,none,4,9,23,23,85,9.0
D_k9_1od_x1.2,D,none,4,10,23,23,79,9.0
D_k9_1od_x1.2,D,none,4,11,23,23,76,9.0
D_k9_1od_x1.2,D,none,4,12,23,23,84,9.0
D_k9_1od_x1.2,D,none,4,13,23,23,87,9.0
D_k9_1od_x1.2,D,none,4,14,23,23,80,9.0
D_k9_1od_x1.2,D,none,4,15,23,23,78,9.0
D_k9_1od_x1.2,D,none,5,1,24,24,70,4.625
D_k9_1od_x1.2,D,none,5,2,23,23,81,9.0
D_k9_1od_x1.2,D,none,5,3,23,23,77,9.0
D_k9_1od_x1.2,D,none,5,4,23,23,82,9.0
D_k9_1od_x1.2,D,none,5,5,23,23,83,9.0
D_k9_1od_x1.2,D,none,5,6,23,23,79,9.0
D_k9_1od_x1.2,D,none,5,7,23,23,84,9.0
D_k9_1od_x1.2,D,none,5,8,23,23,84,9.0
D_k9_1od_x1.2,D,none,5,9,23,23,78,9.0
D_k9_1od_x1.2,D,none,5,10,23,23,74,9.0
D_k9_1od_x1.2,D,none,5,11,23,23,80,9.0
D_k9_1od_x1.2,D,none,5,12,23,23,82,9.0
D_k9_1od_x1.2,D,none,5,13,23,23,84,9.0
D_k9_1od_x1.2,D,none,5,14,23,23,81,9.0
D_k9_1od_x1.2,D,none,5,15,23,23,82,9.0
D_k9_1od_x1.2,D,none,6,1,24,24,68,5.208333333333333
D_k9_1od_x1.2,D,none,6,2,23,23,82,9.0
D_k9_1od_x1.2,D,none,6,3,23,23,87,9.0
D_k9_1od_x1.2,D,none,6,4,23,23,82,9.0
D_k9_1od_x1.2,D,none,6,5,23,23,84,9.0
D_k9_1od_x1.2,D,none,6,6,23,23,77,9.0
D_k9_1od_x1.2,D,none,6,7,23,23,83,9.0
D_k9_1od_x1.2,D,none,6,8,23,23,81,9.0
D_k9_1od_x1.2,D,none,6,9,23,23,75,9.0
D_k9_1od_x1.2,D,none,6,10,23,23,79,9.0
D_k9_1od_x1.2,D,none,6,11,23,23,79,9.0
D_k9_1od_x1.2,D,none,6,12,23,23,77,9.0
D_k9_1od_x1.2,D,none,6,13,23,23,76,9.0
D_k9_1od_x1.2,D,none,6,14,23,23,82,9.0
D_k9_1od_x1.2,D,none,6,15,23,23,83,9.0
D_k9_1od_x1.2,D,none,7,1,24,24,77,5.583333333333333
D_k9_1od_x1.2,D,none,7,2,23,23,83,9.0
D_k9_1od_x1.2,D,none,7,3,23,23,83,9.0
D_k9_1od_x1.2,D,none,7,4,23,23,78,9.0
D_k9_1od_x1.2,D,none,7,5,23,23,81,9.0
D_k9_1od_x1.2,D,none,7,6,23,23,78,9.0
D_k9_1od_x1.2,D,none,7,7,23,23,83,9.0
D_k9_1od_x1.2,D,none,7,8,23,23,77,9.0
D_k9_1od_x1.2,D,none,7,9,23,23,82,9.0
D_k9_1od_x1.2,D,none,7,10,23,23,78,9.0
D_k9_1od_x1.2,D,none,7,11,23,23,82,9.0
D_k9_1od_x1.2,D,none,7,12,23,23,81,9.0
D_k9_1od_x1.2,D,none,7,13,23,23,78,9.0
D_k9_1od_x1.2,D,none,7,14,23,23,84,9.0
D_k9_1od_x1.2,D,none,7,15,23,23,84,9.0
D_k9_1od_x1.2,D,none,8,1,24,24,64,4.5
D_k9_1od_x1.2,D,none,8,2,23,23,89,9.0
D_k9_1od_x1.2,D,none,8,3,23,23,83,9.0
D_k9_1od_x1.2,D,none,8,4,23,23,76,9.0
D_k9_1od_x1.2,D,none,8,5,23,23,80,9.0
D_k9_1od_x1.2,D,none,8,6,23,23,80,9.0
D_k9_1od_x1.2,D,none,8,7,23,23,77,9.0
D_k9_1od_x1.2,D,none,8,8,23,23,81,9.0
D_k9_1od_x1.2,D,none,8,9,23,23,79,9.0
D_k9_1od_x1.2,D,none,8,10,23,23,77,9.0
D_k9_1od_x1.2,D,none,8,11,23,23,81,9.0
D_k9_1od_x1.2,D,none,8,12,23,23,84,9.0
D_k9_1od_x1.2,D,none,8,13,23,23,86,9.0
D_k9_1od_x1.2,D,none,8,14,23,23,84,9.0
D_k9_1od_x1.2,D,none,8,15,23,23,82,9.0
D_k9_1od_x1.2,D,none,9,1,24,24,72,5.083333333333333
D_k9_1od_x1.2,D,none,9,2,23,23,82,9.0
D_k9_1od_x1.2,D,none,9,3,23,23,85,9.0
D_k9_1od_x1.2,D,none,9,4,23,23,84,9.0
D_k9_1od_x1.2,D,none,9,5,23,23,76,9.0
D_k9_1od_x1.2,D,none,9,6,23,23,78,9.0
D_k9_1od_x1.2,D,none,9,7,23,23,85,9.0
D_k9_1od_x1.2,D,none,9,8,23,23,81,9.0
D_k9_1od_x1.2,D,none,9,9,23,23,85,9.0
D_k9_1od_x1.2,D,none,9,10,23,23,80,9.0
D_k9_1od_x1.2,D,none,9,11,23,23,81,9.0
D_k9_1od_x1.2,D,none,9,12,23,23,76,9.0
D_k9_1od_x1.2,D,none,9,13,23,23,82,9.0
D_k9_1od_x1.2,D,none,9,14,23,23,82,9.0
D_k9_1od_x1.2,D,none,9,15,23,23,80,9.0
D_k9_2od_x0.8,D,both,0,1,24,24,59,4.958333333333333
D_k9_2od_x0.8,D,both,0,2,23,23,69,9.0
D_k9_2od_x0.8,D,both,0,3,23,23,62,9.0
D_k9_2od_x0.8,D,both,0,4,23,23,62,9.0
D_k9_2od_x0.8,D,both,0,5,23,23,69,9.0
D_k9_2od_x0.8,D,both,0,6,23,23,66,9.0
D_k9_2od_x0.8,D,both,0,7,23,23,64,9.0
D_k9_2od_x0.8,D,both,0,8,23,23,64,9.0
D_k9_2od_x0.8,D,both,0,9,23,23,64,9.0
D_k9_2od_x0.8,D,both,0,10,23,23,64,9.0
D_k9_2od_x0.8,D,both,0,11,23,23,73,9.0
D_k9_2od_x0.8,D,both,0,12,23,23,66,9.0
D_k9_2od_x0.8,D,both,0,13,23,23,62,9.0
D_k9_2od_x0.8,D,both,0,14,23,23,66,9.0
D_k9_2od_x0.8,D,both,0,15,23,23,67,9.0
D_k9_2od_x0.8,D,both,1,1,24,21,56,4.375
D_k9_2od_x0.8,D,both,1,2,23,23,71,9.0
D_k9_2od_x0.8,D,both,1,3,23,23,63,9.0
D_k9_2od_x0.8,D,both,1,4,23,23,68,9.0
D_k9_2od_x0.8,D,both,1,5,23,23,66,9.0
D_k9_2od_x0.8,D,both,1,6,23,23,61,9.0
D_k9_2od_x0.8,D,both,1,7,23,23,66,9.0
D_k9_2od_x0.8,D,both,1,8,23,23,63,9.0
D_k9_2od_x0.8,D,both,1,9,23,23,63,9.0
D_k9_2od_x0.8,D,both,1,10,23,23,62,9.0
D_k9_2od_x0.8,D,both,1,11,23,23,62,9.0
D_k9_2od_x0.8,D,both,1,12,23,23,61,9.0
D_k9_2od_x0.8,D,both,1,13,23,23,64,9.0
D_k9_2od_x0.8,D,both,1,14,23,23,64,9.0
D_k9_2od_x0.8,D,both,1,15,23,23,66,9.0
D_k9_2od_x0.8,D,both,2,1,24,21,55,4.416666666666667
D_k9_2od_x0.8,D,both,2,2,23,23,66,9.0
D_k9_2od_x0.8,D,both,2,3,23,23,69,9.0
D_k9_2od_x0.8,D,both,2,4,23,23,57,9.0
D_k9_2od_x0.8,D,both,2,5,23,23,65,9.0
D_k9_2od_x0.8,D,both,2,6,23,23,66,9.0
D_k9_2od_x0.8,D,both,2,7,23,23,64,9.0
D_k9_2od_x0.8,D,both,2,8,23,23,62,9.0
D_k9_2od_x0.8,D,both,2,9,23,23,63,9.0
D_k9_2od_x0.8,D,both,2,10,23,23,62,9.0
D_k9_2od_x0.8,D,both,2,11,23,23,65,9.0
D_k9_2od_x0.8,D,both,2,12,23,23,65,9.0
D_k9_2od_x0.8,D,both,2,13,23,23,67,9.0
D_k9_2od_x0.8,D,both,2,14,23,23,72,9.0
D_k9_2od_x0.8,D,both,2,15,23,23,65,9.0
D_k9_2od_x0.8,D,both,3,1,24,24,49,5.416666666666667
D_k9_2od_x0.8,D,both,3,2,23,23,66,9.0
D_k9_2od_x0.8,D,both,3,3,23,23,70,9.0
D_k9_2od_x0.8,D,both,3,4,23,23,69,9.0
D_k9_2od_x0.8,D,both,3,5,23,23,63,9.0
D_k9_2od_x0.8,D,both,3,6,23,23,68,9.0
D_k9_2od_x0.8,D,both,3,7,23,23,59,9.0
D_k9_2od_x0.8,D,both,3,8,23,23,63,9.0
D_k9_2od_x0.8,D,both,3,9,23,23,56,9.0
D_k9_2od_x0.8,D,both,3,10,23,23,64,9.0
D_k9_2od_x0.8,D,both,3,11,23,23,65,9.0
D_k9_2od_x0.8,D,both,3,12,23,23,68,9.0
D_k9_2od_x0.8,D,both,3,13,23,23,63,9.0
D_k9_2od_x0.8,D,both,3,14,23,23,64,9.0
D_k9_2od_x0.8,D,both,3,15,23,23,64,9.0
D_k9_2od_x0.8,D,both,4,1,24,22,51,3.5416666666666665
D_k9_2od_x0.8,D,both,4,2,23,23,71,9.0
D_k9_2od_x0.8,D,both,4,3,23,23,66,9.0
D_k9_2od_x0.8,D,both,4,4,23,23,67,9.0
D_k9_2od_x0.8,D,both,4,5,23,23,67,9.0
D_k9_2od_x0.8,D,both,4,6,23,23,67,9.0
D_k9_2od_x0.8,D,both,4,7,23,23,65,9.0
D_k9_2od_x0.8,D,both,4,8,23,23,60,9.0
D_k9_2od_x0.8,D,both,4,9,23,23,68,9.0
D_k9_2od_x0.8,D,both,4,10,23,23,68,9.0
D_k9_2od_x0.8,D,both,4,11,23,23,64,9.0
D_k9_2od_x0.8,D,both,4,12,23,23,68,9.0
D_k9_2od_x0.8,D,both,4,13,23,23,69,9.0
D_k9_2od_x0.8,D,both,4,14,23,23,59,9.0
D_k9_2od_x0.8,D,both,4,15,23,23,64,9.0
D_k9_2od_x0.8,D,both,5,1,24,22,50,4.25
D_k9_2od_x0.8,D,both,5,2,23,23,66,9.0
D_k9_2od_x0.8,D,both,5,3,23,23,68,9.0
D_k9_2od_x0.8,D,both,5,4,23,23,62,9.0
D_k9_2od_x0.8,D,both,5,5,23,23,66,9.0
D_k9_2od_x0.8,D,both,5,6,23,23,70,9.0
D_k9_2od_x0.8,D,both,5,7,23,23,57,9.0
D_k9_2od_x0.8,D,both,5,8,23,23,56,9.0
D_k9_2od_x0.8,D,both,5,9,23,23,66,9.0
D_k9_2od_x0.8,D,both,5,10,23,23,69,9.0
D_k9_2od_x0.8,D,both,5,11,23,23,66,9.0
D_k9_2od_x0.8,D,both,5,12,23,23,66,9.0
D_k9_2od_x0.8,D,both,5,13,23,23,60,9.0
D_k9_2od_x0.8,D,both,5,14,23,23,62,9.0
D_k9_2od_x0.8,D,both,5,15,23,23,62,9.0
D_k9_2od_x0.8,D,both,6,1,24,22,59,4.958333333333333
D_k9_2od_x0.8,D,both,6,2,23,23,66,9.0
D_k9_2od_x0.8,D,both,6,3,23,23,70,9.0
D_k9_2od_x0.8,D,both,6,4,23,23,66,9.0
D_k9_2od_x0.8,D,both,6,5,23,23,67,9.0
D_k9_2od_x0.8,D,both,6,6,23,23,61,9.0
D_k9_2od_x0.8,D,both,6,7,23,23,65,9.0
D_k9_2od_x0.8,D,both,6,8,23,23,66,9.0
D_k9_2od_x0.8,D,both,6,9,23,23,61,9.0
D_k9_2od_x0.8,D,both,6,10,23,23,71,9.0
D_k9_2od_x0.8,D,both,6,11,23,23,61,9.0
D_k9_2od_x0.8,D,both,6,12,23,23,66,9.0
D_k9_2od_x0.8,D,both,6,13,23,23,72,9.0
D_k9_2od_x0.8,D,both,6,14,23,23,64,9.0
D_k9_2od_x0.8,D,both,6,15,23,23,67,9.0
D_k9_2od_x0.8,D,both,7,1,24,21,51,3.75
D_k9_2od_x0.8,D,both,7,2,23,23,67,9.0
D_k9_2od_x0.8,D,both,7,3,23,23,66,9.0
D_k9_2od_x0.8,D,both,7,4,23,23,68,9.0
D_k9_2od_x0.8,D,both,7,5,23,23,70,9.0
D_k9_2od_x0.8,D,both,7,6,23,23,68,9.0
D_k9_2od_x0.8,D,both,7,7,23,23,67,9.0
D_k9_2od_x0.8,D,both,7,8,23,23,65,9.0
D_k9_2od_x0.8,D,both,7,9,23,23,65,9.0
D_k9_2od_x0.8,D,both,7,10,23,23,60,9.0
D_k9_2od_x0.8,D,both,7,11,23,23,63,9.0
D_k9_2od_x0.8,D,both,7,12,23,23,67,9.0
D_k9_2od_x0.8,D,both,7,13,23,23,60,9.0
D_k9_2od_x0.8,D,both,7,14,23,23,72,9.0
D_k9_2od_x0.8,D,both,7,15,23,23,65,9.0
D_k9_2od_x0.8,D,both,8,1,24,23,50,4.375
D_k9_2od_x0.8,D,both,8,2,23,23,75,9.0
D_k9_2od_x0.8,D,both,8,3,23,23,64,9.0
D_k9_2od_x0.8,D,both,8,4,23,23,65,9.0
D_k9_2od_x0.8,D,both,8,5,23,23,69,9.0
D_k9_2od_x0.8,D,both,8,6,23,23,60,9.0
D_k9_2od_x0.8,D,both,8,7,23,23,68,9.0
D_k9_2od_x0.8,D,both,8,8,23,23,64,9.0
D_k9_2od_x0.8,D,both,8,9,23,23,70,9.0
D_k9_2od_x0.8,D,both,8,10,23,23,66,9.0
D_k9_2od_x0.8,D,both,8,11,23,23,62,9.0
D_k9_2od_x0.8,D,both,8,12,23,23,68,9.0
D_k9_2od_x0.8,D,both,8,13,23,23,63,9.0
D_k9_2od_x0.8,D,both,8,14,23,23,66,9.0
D_k9_2od_x0.8,D,both,8,15,23,23,64,9.0
D_k9_2od_x0.8,D,both,9,1,24,22,56,4.541666666666667
D_k9_2od_x0.8,D,both,9,2,23,23,64,9.0
D_k9_2od_x0.8,D,both,9,3,23,23,67,9.0
D_k9_2od_x0.8,D,both,9,4,23,23,70,9.0
D_k9_2od_x0.8,D,both,9,5,23,23,66,9.0
D_k9_2od_x0.8,D,both,9,6,23,23,68,9.0
D_k9_2od_x0.8,D,both,9,7,23,23,68,9.0
D_k9_2od_x0.8,D,both,9,8,23,23,62,9.0
D_k9_2od_x0.8,D,both,9,9,23,23,62,9.0
D_k9_2od_x0.8,D,both,9,10,23,23,63,9.0
D_k9_2od_x0.8,D,both,9,11,23,23,69,9.0
D_k9_2od_x0.8,D,both,9,12,23,23,67,9.0
D_k9_2od_x0.8,D,both,9,13,23,23,73,9.0
D_k9_2od_x0.8,D,both,9,14,23,23,67,9.0
D_k9_2od_x0.8,D,both,9,15,23,23,65,9.0
D_k9_2od_x0.8,D,init,0,1,24,24,59,4.958333333333333
D_k9_2od_x0.8,D,init,0,2,23,23,78,9.0
D_k9_2od_x0.8,D,init,0,3,23,23,82,9.0
D_k9_2od_x0.8,D,init,0,4,23,23,82,9.0
D_k9_2od_x0.8,D,init,0,5,23,23,80,9.0
D_k9_2od_x0.8,D,init,0,6,23,23,84,9.0
D_k9_2od_x0.8,D,init,0,7,23,23,78,9.0
D_k9_2od_x0.8,D,init,0,8,23,23,72,9.0
D_k9_2od_x0.8,D,init,0,9,23,23,75,9.0
D_k9_2od_x0.8,D,init,0,10,23,23,78,9.0
D_k9_2od_x0.8,D,init,0,11,23,23,81,9.0
D_k9_2od_x0.8,D,init,0,12,23,23,77,9.0
D_k9_2od_x0.8,D,init,0,13,23,23,81,9.0
D_k9_2od_x0.8,D,init,0,14,23,23,79,9.0
D_k9_2od_x0.8,D,init,0,15,23,23,79,9.0
D_k9_2od_x0.8,D,init,1,1,24,21,56,4.375
D_k9_2od_x0.8,D,init,1,2,23,23,81,9.0
D_k9_2od_x0.8,D,init,1,3,23,23,77,9.0
D_k9_2od_x0.8,D,init,1,4,23,23,81,9.0
D_k9_2od_x0.8,D,init,1,5,23,23,81,9.0
D_k9_2od_x0.8,D,init,1,6,23,23,79,9.0
D_k9_2od_x0.8,D,init,1,7,23,23,78,9.0
D_k9_2od_x0.8,D,init,1,8,23,23,76,9.0
D_k9_2od_x0.8,D,init,1,9,23,23,73,9.0
D_k9_2od_x0.8,D,init,1,10,23,23,79,9.0
D_k9_2od_x0.8,D,init,1,11,23,23,75,9.0
D_k9_2od_x0.8,D,init,1,12,23,23,81,9.0
D_k9_2od_x0.8,D,init,1,13,23,23,81,9.0
D_k9_2od_x0.8,D,init,1,14,23,23,79,9.0
D_k9_2od_x0.8,D,init,1,15,23,23,75,9.0
D_k9_2od_x0.8,D,init,2,1,24,21,55,4.416666666666667
D_k9_2od_x0.8,D,init,2,2,23,23,78,9.0
D_k9_2od_x0.8,D,init,2,3,23,23,78,9.0
D_k9_2od_x0.8,D,init,2,4,23,23,78,9.0
D_k9_2od_x0.8,D,init,2,5,23,23,79,9.0
D_k9_2od_x0.8,D,init,2,6,23,23,79,9.0
D_k9_2od_x0.8,D,init,2,7,23,23,76,9.0
D_k9_2od_x0.8,D,init,2,8,23,23,79,9.0
D_k9_2od_x0.8,D,init,2,9,23,23,78,9.0
D_k9_2od_x0.8,D,init,2,10,23,23,79,9.0
D_k9_2od_x0.8,D,init,2,11,23,23,76,9.0
D_k9_2od_x0.8,D,init,2,12,23,23,80,9.0
D_k9_2od_x0.8,D,init,2,13,23,23,75,9.0
D_k9_2od_x0.8,D,init,2,14,23,23,77,9.0
D_k9_2od_x0.8,D,init,2,15,23,23,75,9.0
D_k9_2od_x0.8,D,init,3,1,24,24,49,5.416666666666667
D_k9_2od_x0.8,D,init,3,2,23,23,77,9.0
D_k9_2od_x0.8,D,init,3,3,23,23,74,9.0
D_k9_2od_x0.8,D,init,3,4,23,23,82,9.0
D_k9_2od_x0.8,D,init,3,5,23,23,76,9.0
D_k9_2od_x0.8,D,init,3,6,23,23,83,9.0
D_k9_2od_x0.8,D,init,3,7,23,23,81,9.0
D_k9_2od_x0.8,D,init,3,8,23,23,77,9.0
D_k9_2od_x0.8,D,init,3,9,23,23,78,9.0
D_k9_2od_x0.8,D,init,3,10,23,23,77,9.0
D_k9_2od_x0.8,D,init,3,11,23,23,73,9.0
D_k9_2od_x0.8,D,init,3,12,23,23,77,9.0
D_k9_2od_x0.8,D,init,3,13,23,23,80,9.0
D_k9_2od_x0.8,D,init,3,14,23,23,75,9.0
D_k9_2od_x0.8,D,init,3,15,23,23,73,9.0
D_k9_2od_x0.8,D,init,4,1,24,22,51,3.5416666666666665
D_k9_2od_x0.8,D,init,4,2,23,23,83,9.0
D_k9_2od_x0.8,D,init,4,3,23,23,79,9.0
D_k9_2od_x0.8,D,init,4,4,23,23,82,9.0
D_k9_2od_x0.8,D,init,4,5,23,23,78,9.0
D_k9_2od_x0.8,D,init,4,6,23,23,79,9.0
D_k9_2od_x0.8,D,init,4,7,23,23,80,9.0
D_k9_2od_x0.8,D,init,4,8,23,23,79,9.0
D_k9_2od_x0.8,D,init,4,9,23,23,74,9.0
D_k9_2od_x0.8,D,init,4,10,23,23,76,9.0
D_k9_2od_x0.8,D,init,4,11,23,23,77,9.0
D_k9_2od_x0.8,D,init,4,12,23,23,77,9.0
D_k9_2od_x0.8,D,init,4,13,23,23,74,9.0
D_k9_2od_x0.8,D,init,4,14,23,23,80,9.0
D_k9_2od_x0.8,D,init,4,15,23,23,81,9.0
D_k9_2od_x0.8,D,init,5,1,24,22,50,4.25
D_k9_2od_x0.8,D,init,5,2,23,23,79,9.0
D_k9_2od_x0.8,D,init,5,3,23,23,80,9.0
D_k9_2od_x0.8,D,init,5,4,23,23,77,9.0
D_k9_2od_x0.8,D,init,5,5,23,23,77,9.0
D_k9_2od_x0.8,D,init,5,6,23,23,82,9.0
D_k9_2od_x0.8,D,init,5,7,23,23,70,9.0
D_k9_2od_x0.8,D,init,5,8,23,23,74,9.0
D_k9_2od_x0.8,D,init,5,9,23,23,77,9.0
D_k9_2od_x0.8,D,init,5,10,23,23,81,9.0
D_k9_2od_x0.8,D,init,5,11,23,23,79,9.0
D_k9_2od_x0.8,D,init,5,12,23,23,76,9.0
D_k9_2od_x0.8,D,init,5,13,23,23,74,9.0
D_k9_2od_x0.8,D,init,5,14,23,23,80,9.0
D_k9_2od_x0.8,D,init,5,15,23,23,79,9.0
D_k9_2od_x0.8,D,init,6,1,24,22,59,4.958333333333333
D_k9_2od_x0.8,D,init,6,2,23,23,74,9.0
D_k9_2od_x0.8,D,init,6,3,23,23,74,9.0
D_k9_2od_x0.8,D,init,6,4,23,23,80,9.0
D_k9_2od_x0.8,D,init,6,5,23,23,79,9.0
D_k9_2od_x0.8,D,init,6,6,23,23,81,9.0
D_k9_2od_x0.8,D,init,6,7,23,23,82,9.0
D_k9_2od_x0.8,D,init,6,8,23,23,79,9.0
D_k9_2od_x0.8,D,init,6,9,23,23,77,9.0
D_k9_2od_x0.8,D,init,6,10,23,23,80,9.0
D_k9_2od_x0.8,D,init,6,11,23,23,81,9.0
D_k9_2od_x0.8,D,init,6,12,23,23,79,9.0
D_k9_2od_x0.8,D,init,6,13,23,23,81,9.0
D_k9_2od_x0.8,D,init,6,14,23,23,76,9.0
D_k9_2od_x0.8,D,init,6,15,23,23,82,9.0
D_k9_2od_x0.8,D,init,7,1,24,21,51,3.75
D_k9_2od_x0.8,D,init,7,2,23,23,78,9.0
D_k9_2od_x0.8,D,init,7,3,23,23,73,9.0
D_k9_2od_x0.8,D,init,7,4,23,23,80,9.0
D_k9_2od_x0.8,D,init,7,5,23,23,79,9.0
D_k9_2od_x0.8,D,init,7,6,23,23,78,9.0
D_k9_2od_x0.8,D,init,7,7,23,23,78,9.0
D_k9_2od_x0.8,D,init,7,8,23,23,76,9.0
D_k9_2od_x0.8,D,init,7,9,23,23,83,9.0
D_k9_2od_x0.8,D,init,7,10,23,23,78,9.0
D_k9_2od_x0.8,D,init,7,11,23,23,74,9.0
D_k9_2od_x0.8,D,init,7,12,23,23,75,9.0
D_k9_2od_x0.8,D,init,7,13,23,23,78,9.0
D_k9_2od_x0.8,D,init,7,14,23,23,80,9.0
D_k9_2od_x0.8,D,init,7,15,23,23,76,9.0
D_k9_2od_x0.8,D,init,8,1,24,23,50,4.375
D_k9_2od_x0.8,D,init,8,2,23,23,84,9.0
D_k9_2od_x0.8,D,init,8,3,23,23,78,9.0
D_k9_2od_x0.8,D,init,8,4,23,23,83,9.0
D_k9_2od_x0.8,D,init,8,5,23,23,80,9.0
D_k9_2od_x0.8,D,init,8,6,23,23,73,9.0
D_k9_2od_x0.8,D,init,8,7,23,23,74,9.0
D_k9_2od_x0.8,D,init,8,8,23,23,78,9.0
D_k9_2od_x0.8,D,init,8,9,23,23,80,9.0
D_k9_2od_x0.8,D,init,8,10,23,23,74,9.0
D_k9_2od_x0.8,D,init,8,11,23,23,78,9.0
D_k9_2od_x0.8,D,init,8,12,23,23,79,9.0
D_k9_2od_x0.8,D,init,8,13,23,23,81,9.0
D_k9_2od_x0.8,D,init,8,14,23,23,75,9.0
D_k9_2od_x0.8,D,init,8,15,23,23,82,9.0
D_k9_2od_x0.8,D,init,9,1,24,22,56,4.541666666666667
D_k9_2od_x0.8,D,init,9,2,23,23,79,9.0
D_k9_2od_x0.8,D,init,9,3,23,23,80,9.0
D_k9_2od_x0.8,D,init,9,4,23,23,78,9.0
D_k9_2od_x0.8,D,init,9,5,23,23,81,9.0
D_k9_2od_x0.8,D,init,9,6,23,23,79,9.0
D_k9_2od_x0.8,D,init,9,7,23,23,82,9.0
D_k9_2od_x0.8,D,init,9,8,23,23,80,9.0
D_k9_2od_x0.8,D,init,9,9,23,23,76,9.0
D_k9_2od_x0.8,D,init,9,10,23,23,79,9.0
D_k9_2od_x0.8,D,init,9,11,23,23,85,9.0
D_k9_2od_x0.8,D,init,9,12,23,23,81,9.0
D_k9_2od_x0.8,D,init,9,13,23,23,82,9.0
D_k9_2od_x0.8,D,init,9,14,23,23,84,9.0
D_k9_2od_x0.8,D,init,9,15,23,23,78,9.0
D_k9_2od_x0.8,D,mutation,0,1,24,24,75,5.791666666666667
D_k9_2od_x0.8,D,mutation,0,2,23,23,73,9.0
D_k9_2od_x0.8,D,mutation,0,3,23,23,66,9.0
D_k9_2od_x0.8,D,mutation,0,4,23,23,67,9.0
D_k9_2od_x0.8,D,mutation,0,5,23,23,66,9.0
D_k9_2od_x0.8,D,mutation,0,6,23,23,64,9.0
D_k9_2od_x0.8,D,mutation,0,7,23,23,63,9.0
D_k9_2od_x0.8,D,mutation,0,8,23,23,68,9.0
D_k9_2od_x0.8,D,mutation,0,9,23,23,66,9.0
D_k9_2od_x0.8,D,mutation,0,10,23,23,67,9.0
D_k9_2od_x0.8,D,mutation,0,11,23,23,69,9.0
D_k9_2od_x0.8,D,mutation,0,12,23,23,65,9.0
D_k9_2od_x0.8,D,mutation,0,13,23,23,71,9.0
D_k9_2od_x0.8,D,mutation,0,14,23,23,72,9.0
D_k9_2od_x0.8,D,mutation,0,15,23,23,70,9.0
D_k9_2od_x0.8,D,mutation,1,1,24,24,69,4.291666666666667
D_k9_2od_x0.8,D,mutation,1,2,23,23,77,9.0
D_k9_2od_x0.8,D,mutation,1,3,23,23,66,9.0
D_k9_2od_x0.8,D,mutation,1,4,23,23,65,9.0
D_k9_2od_x0.8,D,mutation,1,5,23,23,64,9.0
D_k9_2od_x0.8,D,mutation,1,6,23,23,69,9.0
D_k9_2od_x0.8,D,mutation,1,7,23,23,67,9.0
D_k9_2od_x0.8,D,mutation,1,8,23,23,62,9.0
D_k9_2od_x0.8,D,mutation,1,9,23,23,64,9.0
D_k9_2od_x0.8,D,mutation,1,10,23,23,61,9.0
D_k9_2od_x0.8,D,mutation,1,11,23,23,65,9.0
D_k9_2od_x0.8,D,mutation,1,12,23,23,55,9.0
D_k9_2od_x0.8,D,mutation,1,13,23,23,65,9.0
D_k9_2od_x0.8,D,mutation,1,14,23,23,60,9.0
D_k9_2od_x0.8,D,mutation,1,15,23,23,66,9.0
D_k9_2od_x0.8,D,mutation,2,1,24,24,68,5.291666666666667
D_k9_2od_x0.8,D,mutation,2,2,23,23,76,9.0
D_k9_2od_x0.8,D,mutation,2,3,23,23,67,9.0
D_k9_2od_x0.8,D,mutation,2,4,23,23,68,9.0
D_k9_2od_x0.8,D,mutation,2,5,23,23,69,9.0
D_k9_2od_x0.8,D,mutation,2,6,23,23,69,9.0
D_k9_2od_x0.8,D,mutation,2,7,23,23,60,9.0
D_k9_2od_x0.8,D,mutation,2,8,23,23,64,9.0
D_k9_2od_x0.8,D,mutation,2,9,23,23,63,9.0
D_k9_2od_x0.8,D,mutation,2,10,23,23,63,9.0
D_k9_2od_x0.8,D,mutation,2,11,23,23,68,9.0
D_k9_2od_x0.8,D,mutation,2,12,23,23,68,9.0
D_k9_2od_x0.8,D,mutation,2,13,23,23,63,9.0
D_k9_2od_x0.8,D,mutation,2,14,23,23,65,9.0
D_k9_2od_x0.8,D,mutation,2,15,23,23,63,9.0
D_k9_2od_x0.8,D,mutation,3,1,24,24,66,4.166666666666667
D_k9_2od_x0.8,D,mutation,3,2,23,23,72,9.0
D_k9_2od_x0.8,D,mutation,3,3,23,23,70,9.0
D_k9_2od_x0.8,D,mutation,3,4,23,23,61,9.0
D_k9_2od_x0.8,D,mutation,3,5,23,23,68,9.0
D_k9_2od_x0.8,D,mutation,3,6,23,23,66,9.0
D_k9_2od_x0.8,D,mutation,3,7,23,23,68,9.0
D_k9_2od_x0.8,D,mutation,3,8,23,23,63,9.0
D_k9_2od_x0.8,D,mutation,3,9,23,23,68,9.0
D_k9_2od_x0.8,D,mutation,3,10,23,23,59,9.0
D_k9_2od_x0.8,D,mutation,3,11,23,23,64,9.0
D_k9_2od_x0.8,D,mutation,3,12,23,23,65,9.0
D_k9_2od_x0.8,D,mutation,3,13,23,23,67,9.0
D_k9_2od_x0.8,D,mutation,3,14,23,23,65,9.0
D_k9_2od_x0.8,D,mutation,3,15,23,23,70,9.0
D_k9_2od_x0.8,D,mutation,4,1,24,24,62,4.083333333333333
D_k9_2od_x0.8,D,mutation,4,2,23,23,71,9.0
D_k9_2od_x0.8,D,mutation,4,3,23,23,70,9.0
D_k9_2od_x0.8,D,mutation,4,4,23,23,73,9.0
D_k9_2od_x0.8,D,mutation,4,5,23,23,61,9.0
D_k9_2od_x0.8,D,mutation,4,6,23,23,59,9.0
D_k9_2od_x0.8,D,mutation,4,7,23,23,67,9.0
D_k9_2od_x0.8,D,mutation,4,8,23,23,69,9.0
D_k9_2od_x0.8,D,mutation,4,9,23,23,66,9.0
D_k9_2od_x0.8,D,mutation,4,10,23,23,63,9.0
D_k9_2od_x0.8,D,mutation,4,11,23,23,61,9.0
D_k9_2od_x0.8,D,mutation,4,12,23,23,63,9.0
D_k9_2od_x0.8,D,mutation,4,13,23,23,66,9.0
D_k9_2od_x0.8,D,mutation,4,14,23,23,65,9.0
D_k9_2od_x0.8,D,mutation,4,15,23,23,65,9.0
D_k9_2od_x0.8,D,mutation,5,1,24,24,60,4.625
D_k9_2od_x0.8,D,mutation,5,2,23,23,73,9.0
D_k9_2od_x0.8,D,mutation,5,3,23,23,65,9.0
D_k9_2od_x0.8,D,mutation,5,4,23,23,65,9.0
D_k9_2od_x0.8,D,mutation,5,5,23,23,67,9.0
D_k9_2od_x0.8,D,mutation,5,6,23,23,69,9.0
D_k9_2od_x0.8,D,mutation,5,7,23,23,68,9.0
D_k9_2od_x0.8,D,mutation,5,8,23,23,65,9.0
D_k9_2od_x0.8,D,mutation,5,9,23,23,66,9.0
D_k9_2od_x0.8,D,mutation,5,10,23,23,62,9.0
D_k9_2od_x0.8,D,mutation,5,11,23,23,65,9.0
D_k9_2od_x0.8,D,mutation,5,12,23,23,68,9.0
D_k9_2od_x0.8,D,mutation,5,13,23,23,62,9.0
D_k9_2od_x0.8,D,mutation,5,14,23,23,70,9.0
D_k9_2od_x0.8,D,mutation,5,15,23,23,70,9.0
D_k9_2od_x0.8,D,mutation,6,1,24,24,66,5.125
D_k9_2od_x0.8,D,mutation,6,2,23,23,74,9.0
D_k9_2od_x0.8,D,mutation,6,3,23,23,71,9.0
D_k9_2od_x0.8,D,mutation,6,4,23,23,65,9.0
D_k9_2od_x0.8,D,mutation,6,5,23,23,62,9.0
D_k9_2od_x0.8,D,mutation,6,6,23,23,62,9.0
D_k9_2od_x0.8,D,mutation,6,7,23,23,64,9.0
D_k9_2od_x0.8,D,mutation,6,8,23,23,69,9.0
D_k9_2od_x0.8,D,mutation,6,9,23,23,63,9.0
D_k9_2od_x0.8,D,mutation,6,10,23,23,60,9.0
D_k9_2od_x0.8,D,mutation,6,11,23,23,63,9.0
D_k9_2od_x0.8,D,mutation,6,12,23,23,66,9.0
D_k9_2od_x0.8,D,mutation,6,13,23,23,65,9.0
D_k9_2od_x0.8,D,mutation,6,14,23,23,64,9.0
D_k9_2od_x0.8,D,mutation,6,15,23,23,64,9.0
D_k9_2od_x0.8,D,mutation,7,1,24,24,69,5.333333333333333
D_k9_2od_x0.8,D,mutation,7,2,23,23,68,9.0
D_k9_2od_x0.8,D,mutation,7,3,23,23,66,9.0
D_k9_2od_x0.8,D,mutation,7,4,23,23,69,9.0
D_k9_2od_x0.8,D,mutation,7,5,23,23,68,9.0
D_k9_2od_x0.8,D,mutation,7,6,23,23,66,9.0
D_k9_2od_x0.8,D,mutation,7,7,23,23,62,9.0
D_k9_2od_x0.8,D,mutation,7,8,23,23,64,9.0
D_k9_2od_x0.8,D,mutation,7,9,23,23,70,9.0
D_k9_2od_x0.8,D,mutation,7,10,23,23,67,9.0
D_k9_2od_x0.8,D,mutation,7,11,23,23,62,9.0
D_k9_2od_x0.8,D,mutation,7,12,23,23,71,9.0
D_k9_2od_x0.8,D,mutation,7,13,23,23,62,9.0
D_k9_2od_x0.8,D,mutation,7,14,23,23,66,9.0
D_k9_2od_x0.8,D,mutation,7,15,23,23,63,9.0
D_k9_2od_x0.8,D,mutation,8,1,24,24,60,4.291666666666667
D_k9_2od_x0.8,D,mutation,8,2,23,23,71,9.0
D_k9_2od_x0.8,D,mutation,8,3,23,23,65,9.0
D_k9_2od_x0.8,D,mutation,8,4,23,23,69,9.0
D_k9_2od_x0.8,D,mutation,8,5,23,23,62,9.0
D_k9_2od_x0.8,D,mutation,8,6,23,23,68,9.0
D_k9_2od_x0.8,D,mutation,8,7,23,23,68,9.0
D_k9_2od_x0.8,D,mutation,8,8,23,23,70,9.0
D_k9_2od_x0.8,D,mutation,8,9,23,23,69,9.0
D_k9_2od_x0.8,D,mutation,8,10,23,23,63,9.0
D_k9_2od_x0.8,D,mutation,8,11,23,23,64,9.0
D_k9_2od_x0.8,D,mutation,8,12,23,23,61,9.0
D_k9_2od_x0.8,D,mutation,8,13,23,23,62,9.0
D_k9_2od_x0.8,D,mutation,8,14,23,23,62,9.0
D_k9_2od_x0.8,D,mutation,8,15,23,23,68,9.0
D_k9_2od_x0.8,D,mutation,9,1,24,24,73,5.0
D_k9_2od_x0.8,D,mutation,9,2,23,23,66,9.0
D_k9_2od_x0.8,D,mutation,9,3,23,23,65,9.0
D_k9_2od_x0.8,D,mutation,9,4,23,23,60,9.0
D_k9_2od_x0.8,D,mutation,9,5,23,23,56,9.0
D_k9_2od_x0.8,D,mutation,9,6,23,23,68,9.0
D_k9_2od_x0.8,D,mutation,9,7,23,23,65,9.0
D_k9_2od_x0.8,D,mutation,9,8,23,23,65,9.0
D_k9_2od_x0.8,D,mutation,9,9,23,23,69,9.0
D_k9_2od_x0.8,D,mutation,9,10,23,23,65,9.0
D_k9_2od_x0.8,D,mutation,9,11,23,23,61,9.0
D_k9_2od_x0.8,D,mutation,9,12,23,23,63,9.0
D_k9_2od_x0.8,D,mutation,9,13,23,23,64,9.0
D_k9_2od_x0.8,D,mutation,9,14,23,23,67,9.0
D_k9_2od_x0.8,D,mutation,9,15,23,23,64,9.0
D_k9_2od_x0.8,D,none,0,1,24,24,75,5.791666666666667
D_k9_2od_x0.8,D,none,0,2,23,23,82,9.0
D_k9_2od_x0.8,D,none,0,3,23,23,79,9.0
D_k9_2od_x0.8,D,none,0,4,23,23,79,9.0
D_k9_2od_x0.8,D,none,0,5,23,23,80,9.0
D_k9_2od_x0.8,D,none,0,6,23,23,84,9.0
D_k9_2od_x0.8,D,none,0,7,23,23,78,9.0
D_k9_2od_x0.8,D,none,0,8,23,23,76,9.0
D_k9_2od_x0.8,D,none,0,9,23,23,78,9.0
D_k9_2od_x0.8,D,none,0,10,23,23,80,9.0
D_k9_2od_x0.8,D,none,0,11,23,23,79,9.0
D_k9_2od_x0.8,D,none,0,12,23,23,77,9.0
D_k9_2od_x0.8,D,none,0,13,23,23,82,9.0
D_k9_2od_x0.8,D,none,0,14,23,23,79,9.0
D_k9_2od_x0.8,D,none,0,15,23,23,77,9.0
D_k9_2od_x0.8,D,none,1,1,24,24,69,4.291666666666667
D_k9_2od_x0.8,D,none,1,2,23,23,85,9.0
D_k9_2od_x0.8,D,none,1,3,23,23,75,9.0
D_k9_2od_x0.8,D,none,1,4,23,23,76,9.0
D_k9_2od_x0.8,D,none,1,5,23,23,79,9.0
D_k9_2od_x0.8,D,none,1,6,23,23,71,9.0
D_k9_2od_x0.8,D,none,1,7,23,23,80,9.0
D_k9_2od_x0.8,D,none,1,8,23,23,82,9.0
D_k9_2od_x0.8,D,none,1,9,23,23,76,9.0
D_k9_2od_x0.8,D,none,1,10,23,23,76,9.0
D_k9_2od_x0.8,D,none,1,11,23,23,77,9.0
D_k9_2od_x0.8,D,none,1,12,23,23,70,9.0
D_k9_2od_x0.8,D,none,1,13,23,23,78,9.0
D_k9_2od_x0.8,D,none,1,14,23,23,76,9.0
D_k9_2od_x0.8,D,none,1,15,23,23,73,9.0
D_k9_2od_x0.8,D,none,2,1,24,24,68,5.291666666666667
D_k9_2od_x0.8,D,none,2,2,23,23,80,9.0
D_k9_2od_x0.8,D,none,2,3,23,23,84,9.0
D_k9_2od_x0.8,D,none,2,4,23,23,80,9.0
D_k9_2od_x0.8,D,none,2,5,23,23,76,9.0
D_k9_2od_x0.8,D,none,2,6,23,23,74,9.0
D_k9_2od_x0.8,D,none,2,7,23,23,80,9.0
D_k9_2od_x0.8,D,none,2,8,23,23,76,9.0
D_k9_2od_x0.8,D,none,2,9,23,23,75,9.0
D_k9_2od_x0.8,D,none,2,10,23,23,76,9.0
D_k9_2od_x0.8,D,none,2,11,23,23,85,9.0
D_k9_2od_x0.8,D,none,2,12,23,23,78,9.0
D_k9_2od_x0.8,D,none,2,13,23,23,77,9.0
D_k9_2od_x0.8,D,none,2,14,23,23,82,9.0
D_k9_2od_x0.8,D,none,2,15,23,23,78,9.0
D_k9_2od_x0.8,D,none,3,1,24,24,66,4.166666666666667
D_k9_2od_x0.8,D,none,3,2,23,23,81,9.0
D_k9_2od_x0.8,D,none,3,3,23,23,81,9.0
D_k9_2od_x0.8,D,none,3,4,23,23,81,9.0
D_k9_2od_x0.8,D,none,3,5,23,23,80,9.0
D_k9_2od_x0.8,D,none,3,6,23,23,79,9.0
D_k9_2od_x0.8,D,none,3,7,23,23,79,9.0
D_k9_2od_x0.8,D,none,3,8,23,23,78,9.0
D_k9_2od_x0.8,D,none,3,9,23,23,80,9.0
D_k9_2od_x0.8,D,none,3,10,23,23,78,9.0
D_k9_2od_x0.8,D,none,3,11,23,23,76,9.0
D_k9_2od_x0.8,D,none,3,12,23,23,77,9.0
D_k9_2od_x0.8,D,none,3,13,23,23,77,9.0
D_k9_2od_x0.8,D,none,3,14,23,23,76,9.0
D_k9_2od_x0.8,D,none,3,15,23,23,75,9.0
D_k9_2od_x0.8,D,none,4,1,24,24,62,4.083333333333333
D_k9_2od_x0.8,D,none,4,2,23,23,74,9.0
D_k9_2od_x0.8,D,none,4,3,23,23,78,9.0
D_k9_2od_x0.8,D,none,4,4,23,23,75,9.0
D_k9_2od_x0.8,D,none,4,5,23,23,74,9.0
D_k9_2od_x0.8,D,none,4,6,23,23,80,9.0
D_k9_2od_x0.8,D,none,4,7,23,23,80,9.0
D_k9_2od_x0.8,D,none,4,8,23,23,78,9.0
D_k9_2od_x0.8,D,none,4,9,23,23,78,9.0
D_k9_2od_x0.8,D,none,4,10,23,23,81,9.0
D_k9_2od_x0.8,D,none,4,11,23,23,80,9.0
D_k9_2od_x0.8,D,none,4,12,23,23,84,9.0
D_k9_2od_x0.8,D,none,4,13,23,23,80,9.0
D_k9_2od_x0.8,D,none,4,14,23,23,79,9.0
D_k9_2od_x0.8,D,none,4,15,23,23,78,9.0
D_k9_2od_x0.8,D,none,5,1,24,24,60,4.625
D_k9_2od_x0.8,D,none,5,2,23,23,83,9.0
D_k9_2od_x0.8,D,none,5,3,23,23,83,9.0
D_k9_2od_x0.8,D,none,5,4,23,23,77,9.0
D_k9_2od_x0.8,D,none,5,5,23,23,76,9.0
D_k9_2od_x0.8,D,none,5,6,23,23,81,9.0
D_k9_2od_x0.8,D,none,5,7,23,23,83,9.0
D_k9_2od_x0.8,D,none,5,8,23,23,75,9.0
D_k9_2od_x0.8,D,none,5,9,23,23,79,9.0
D_k9_2od_x0.8,D,none,5,10,23,23,77,9.0
D_k9_2od_x0.8,D,none,5,11,23,23,79,9.0
D_k9_2od_x0.8,D,none,5,12,23,23,81,9.0
D_k9_2od_x0.8,D,none,5,13,23,23,84,9.0
D_k9_2od_x0.8,D,none,5,14,23,23,81,9.0
D_k9_2od_x0.8,D,none,5,15,23,23,83,9.0
D_k9_2od_x0.8,D,none,6,1,24,24,66,5.125
D_k9_2od_x0.8,D,none,6,2,23,23,78,9.0
D_k9_2od_x0.8,D,none,6,3,23,23,77,9.0
D_k9_2od_x0.8,D,none,6,4,23,23,80,9.0
D_k9_2od_x0.8,D,none,6,5,23,23,82,9.0
D_k9_2od_x0.8,D,none,6,6,23,23,79,9.0
D_k9_2od_x0.8,D,none,6,7,23,23,75,9.0
D_k9_2od_x0.8,D,none,6,8,23,23,80,9.0
D_k9_2od_x0.8,D,none,6,9,23,23,77,9.0
D_k9_2od_x0.8,D,none,6,10,23,23,82,9.0
D_k9_2od_x0.8,D,none,6,11,23,23,80,9.0
D_k9_2od_x0.8,D,none,6,12,23,23,80,9.0
D_k9_2od_x0.8,D,none,6,13,23,23,77,9.0
D_k9_2od_x0.8,D,none,6,14,23,23,77,9.0
D_k9_2od_x0.8,D,none,6,15,23,23,80,9.0
D_k9_2od_x0.8,D,none,7,1,24,24,69,5.333333333333333
D_k9_2od_x0.8,D,none,7,2,23,23,80,9.0
D_k9_2od_x0.8,D,none,7,3,23,23,76,9.0
D_k9_2od_x0.8,D,none,7,4,23,23,79,9.0
D_k9_2od_x0.8,D,none,7,5,23,23,76,9.0
D_k9_2od_x0.8,D,none,7,6,23,23,81,9.0
D_k9_2od_x0.8,D,none,7,7,23,23,80,9.0
D_k9_2od_x0.8,D,none,7,8,23,23,77,9.0
D_k9_2od_x0.8,D,none,7,9,23,23,81,9.0
D_k9_2od_x0.8,D,none,7,10,23,23,74,9.0
D_k9_2od_x0.8,D,none,7,11,23,23,79,9.0
D_k9_2od_x0.8,D,none,7,12,23,23,84,9.0
D_k9_2od_x0.8,D,none,7,13,23,23,78,9.0
D_k9_2od_x0.8,D,none,7,14,23,23,79,9.0
D_k9_2od_x0.8,D,none,7,15,23,23,77,9.0
D_k9_2od_x0.8,D,none,8,1,24,24,60,4.291666666666667
D_k9_2od_x0.8,D,none,8,2,23,23,81,9.0
D_k9_2od_x0.8,D,none,8,3,23,23,81,9.0
D_k9_2od_x0.8,D,none,8,4,23,23,74,9.0
D_k9_2od_x0.8,D,none,8,5,23,23,73,9.0
D_k9_2od_x0.8,D,none,8,6,23,23,80,9.0
D_k9_2od_x0.8,D,none,8,7,23,23,83,9.0
D_k9_2od_x0.8,D,none,8,8,23,23,77,9.0
D_k9_2od_x0.8,D,none,8,9,23,23,75,9.0
D_k9_2od_x0.8,D,none,8,10,23,23,77,9.0
D_k9_2od_x0.8,D,none,8,11,23,23,77,9.0
D_k9_2od_x0.8,D,none,8,12,23,23,79,9.0
D_k9_2od_x0.8,D,none,8,13,23,23,82,9.0
D_k9_2od_x0.8,D,none,8,14,23,23,80,9.0
D_k9_2od_x0.8,D,none,8,15,23,23,81,9.0
D_k9_2od_x0.8,D,none,9,1,24,24,73,5.0
D_k9_2od_x0.8,D,none,9,2,23,23,80,9.0
D_k9_2od_x0.8,D,none,9,3,23,23,81,9.0
D_k9_2od_x0.8,D,none,9,4,23,23,76,9.0
D_k9_2od_x0.8,D,none,9,5,23,23,80,9.0
D_k9_2od_x0.8,D,none,9,6,23,23,77,9.0
D_k9_2od_x0.8,D,none,9,7,23,23,77,9.0
D_k9_2od_x0.8,D,none,9,8,23,23,79,9.0
D_k9_2od_x0.8,D,none,9,9,23,23,78,9.0
D_k9_2od_x0.8,D,none,9,10,23,23,78,9.0
D_k9_2od_x0.8,D,none,9,11,23,23,75,9.0
D_k9_2od_x0.8,D,none,9,12,23,23,79,9.0
D_k9_2od_x0.8,D,none,9,13,23,23,75,9.0
D_k9_2od_x0.8,D,none,9,14,23,23,77,9.0
D_k9_2od_x0.8,D,none,9,15,23,23,75,9.0
D_k9_2od_x1.0,D,both,0,1,24,24,63,4.958333333333333
D_k9_2od_x1.0,D,both,0,2,23,23,71,9.0
D_k9_2od_x1.0,D,both,0,3,23,23,73,9.0
D_k9_2od_x1.0,D,both,0,4,23,23,73,9.0
D_k9_2od_x1.0,D,both,0,5,23,23,69,9.0
D_k9_2od_x1.0,D,both,0,6,23,23,74,9.0
D_k9_2od_x1.0,D,both,0,7,23,23,70,9.0
D_k9_2od_x1.0,D,both,0,8,23,23,69,9.0
D_k9_2od_x1.0,D,both,0,9,23,23,71,9.0
D_k9_2od_x1.0,D,both,0,10,23,23,75,9.0
D_k9_2od_x1.0,D,both,0,11,23,23,75,9.0
D_k9_2od_x1.0,D,both,0,12,23,23,70,9.0
D_k9_2od_x1.0,D,both,0,13,23,23,70,9.0
D_k9_2od_x1.0,D,both,0,14,23,23,75,9.0
D_k9_2od_x1.0,D,both,0,15,23,23,72,9.0
D_k9_2od_x1.0,D,both,1,1,24,22,56,4.375
D_k9_2od_x1.0,D,both,1,2,23,23,74,9.0
D_k9_2od_x1.0,D,both,1,3,23,23,77,9.0
D_k9_2od_x1.0,D,both,1,4,23,23,69,9.0
D_k9_2od_x1.0,D,both,1,5,23,23,71,9.0
D_k9_2od_x1.0,D,both,1,6,23,23,74,9.0
D_k9_2od_x1.0,D,both,1,7,23,23,73,9.0
D_k9_2od_x1.0,D,both,1,8,23,23,76,9.0
D_k9_2od_x1.0,D,both,1,9,23,23,73,9.0
D_k9_2od_x1.0,D,both,1,10,23,23,76,9.0
D_k9_2od_x1.0,D,both,1,11,23,23,71,9.0
D_k9_2od_x1.0,D,both,1,12,23,23,69,9.0
D_k9_2od_x1.0,D,both,1,13,23,23,70,9.0
D_k9_2od_x1.0,D,both,1,14,23,23,75,9.0
D_k9_2od_x1.0,D,both,1,15,23,23,72,9.0
D_k9_2od_x1.0,D,both,2,1,24,21,65,4.416666666666667
D_k9_2od_x1.0,D,both,2,2,23,23,80,9.0
D_k9_2od_x1.0,D,both,2,3,23,23,72,9.0
D_k9_2od_x1.0,D,both,2,4,23,23,68,9.0
D_k9_2od_x1.0,D,both,2,5,23,23,71,9.0
D_k9_2od_x1.0,D,both,2,6,23,23,73,9.0
D_k9_2od_x1.0,D,both,2,7,23,23,74,9.0
D_k9_2od_x1.0,D,both,2,8,23,23,71,9.0
D_k9_2od_x1.0,D,both,2,9,23,23,75,9.0
D_k9_2od_x1.0,D,both,2,10,23,23,73,9.0
D_k9_2od_x1.0,D,both,2,11,23,23,75,9.0
D_k9_2od_x1.0,D,both,2,12,23,23,70,9.0
D_k9_2od_x1.0,D,both,2,13,23,23,72,9.0
D_k9_2od_x1.0,D,both,2,14,23,23,76,9.0
D_k9_2od_x1.0,D,both,2,15,23,23,74,9.0
D_k9_2od_x1.0,D,both,3,1,24,24,69,5.416666666666667
D_k9_2od_x1.0,D,both,3,2,23,23,78,9.0
D_k9_2od_x1.0,D,both,3,3,23,23,75,9.0
D_k9_2od_x1.0,D,both,3,4,23,23,73,9.0
D_k9_2od_x1.0,D,both,3,5,23,23,76,9.0
D_k9_2od_x1.0,D,both,3,6,23,23,69,9.0
D_k9_2od_x1.0,D,both,3,7,23,23,73,9.0
D_k9_2od_x1.0,D,both,3,8,23,23,72,9.0
D_k9_2od_x1.0,D,both,3,9,23,23,69,9.0
D_k9_2od_x1.0,D,both,3,10,23,23,73,9.0
D_k9_2od_x1.0,D,both,3,11,23,23,70,9.0
D_k9_2od_x1.0,D,both,3,12,23,23,70,9.0
D_k9_2od_x1.0,D,both,3,13,23,23,70,9.0
D_k9_2od_x1.0,D,both,3,14,23,23,69,9.0
D_k9_2od_x1.0,D,both,3,15,23,23,72,9.0
D_k9_2od_x1.0,D,both,4,1,24,22,52,3.5416666666666665
D_k9_2od_x1.0,D,both,4,2,23,23,77,9.0
D_k9_2od_x1.0,D,both,4,3,23,23,74,9.0
D_k9_2od_x1.0,D,both,4,4,23,23,73,9.0
D_k9_2od_x1.0,D,both,4,5,23,23,68,9.0
D_k9_2od_x1.0,D,both,4,6,23,23,71,9.0
D_k9_2od_x1.0,D,both,4,7,23,23,70,9.0
D_k9_2od_x1.0,D,both,4,8,23,23,73,9.0
D_k9_2od_x1.0,D,both,4,9,23,23,67,9.0
D_k9_2od_x1.0,D,both,4,10,23,23,75,9.0
D_k9_2od_x1.0,D,both,4,11,23,23,75,9.0
D_k9_2od_x1.0,D,both,4,12,23,23,72,9.0
D_k9_2od_x1.0,D,both,4,13,23,23,73,9.0
D_k9_2od_x1.0,D,both,4,14,23,23,71,9.0
D_k9_2od_x1.0,D,both,4,15,23,23,67,9.0
D_k9_2od_x1.0,D,both,5,1,24,22,58,4.25
D_k9_2od_x1.0,D,both,5,2,23,23,78,9.0
D_k9_2od_x1.0,D,both,5,3,23,23,77,9.0
D_k9_2od_x1.0,D,both,5,4,23,23,72,9.0
D_k9_2od_x1.0,D,both,5,5,23,23,74,9.0
D_k9_2od_x1.0,D,both,5,6,23,23,74,9.0
D_k9_2od_x1.0,D,both,5,7,23,23,69,9.0
D_k9_2od_x1.0,D,both,5,8,23,23,74,9.0
D_k9_2od_x1.0,D,both,5,9,23,23,74,9.0
D_k9_2od_x1.0,D,both,5,10,23,23,73,9.0
D_k9_2od_x1.0,D,both,5,11,23,23,75,9.0
D_k9_2od_x1.0,D,both,5,12,23,23,74,9.0
D_k9_2od_x1.0,D,both,5,13,23,23,70,9.0
D_k9_2od_x1.0,D,both,5,14,23,23,75,9.0
D_k9_2od_x1.0,D,both,5,15,23,23,76,9.0
D_k9_2od_x1.0,D,both,6,1,24,22,68,4.958333333333333
D_k9_2od_x1.0,D,both,6,2,23,23,72,9.0
D_k9_2od_x1.0,D,both,6,3,23,23,67,9.0
D_k9_2od_x1.0,D,both,6,4,23,23,70,9.0
D_k9_2od_x1.0,D,both,6,5,23,23,67,9.0
D_k9_2od_x1.0,D,both,6,6,23,23,70,9.0
D_k9_2od_x1.0,D,both,6,7,23,23,75,9.0
D_k9_2od_x1.0,D,both,6,8,23,23,76,9.0
D_k9_2od_x1.0,D,both,6,9,23,23,67,9.0
D_k9_2od_x1.0,D,both,6,10,23,23,70,9.0
D_k9_2od_x1.0,D,both,6,11,23,23,72,9.0
D_k9_2od_x1.0,D,both,6,12,23,23,76,9.0
D_k9_2od_x1.0,D,both,6,13,23,23,71,9.0
D_k9_2od_x1.0,D,both,6,14,23,23,73,9.0
D_k9_2od_x1.0,D,both,6,15,23,23,75,9.0
D_k9_2od_x1.0,D,both,7,1,24,21,57,3.75
D_k9_2od_x1.0,D,both,7,2,23,23,78,9.0
D_k9_2od_x1.0,D,both,7,3,23,23,73,9.0
D_k9_2od_x1.0,D,both,7,4,23,23,78,9.0
D_k9_2od_x1.0,D,both,7,5,23,23,72,9.0
D_k9_2od_x1.0,D,both,7,6,23,23,72,9.0
D_k9_2od_x1.0,D,both,7,7,23,23,75,9.0
D_k9_2od_x1.0,D,both,7,8,23,23,71,9.0
D_k9_2od_x1.0,D,both,7,9,23,23,74,9.0
D_k9_2od_x1.0,D,both,7,10,23,23,73,9.0
D_k9_2od_x1.0,D,both,7,11,23,23,74,9.0
D_k9_2od_x1.0,D,both,7,12,23,23,76,9.0
D_k9_2od_x1.0,D,both,7,13,23,23,68,9.0
D_k9_2od_x1.0,D,both,7,14,23,23,69,9.0
D_k9_2od_x1.0,D,both,7,15,23,23,65,9.0
D_k9_2od_x1.0,D,both,8,1,24,23,60,4.375
D_k9_2od_x1.0,D,both,8,2,23,23,77,9.0
D_k9_2od_x1.0,D,both,8,3,23,23,73,9.0
D_k9_2od_x1.0,D,both,8,4,23,23,70,9.0
D_k9_2od_x1.0,D,both,8,5,23,23,68,9.0
D_k9_2od_x1.0,D,both,8,6,23,23,76,9.0
D_k9_2od_x1.0,D,both,8,7,23,23,72,9.0
D_k9_2od_x1.0,D,both,8,8,23,23,73,9.0
D_k9_2od_x1.0,D,both,8,9,23,23,67,9.0
D_k9_2od_x1.0,D,both,8,10,23,23,74,9.0
D_k9_2od_x1.0,D,both,8,11,23,23,71,9.0
D_k9_2od_x1.0,D,both,8,12,23,23,77,9.0
D_k9_2od_x1.0,D,both,8,13,23,23,74,9.0
D_k9_2od_x1.0,D,both,8,14,23,23,74,9.0
D_k9_2od_x1.0,D,both,8,15,23,23,70,9.0
D_k9_2od_x1.0,D,both,9,1,24,22,61,4.541666666666667
D_k9_2od_x1.0,D,both,9,2,23,23,70,9.0
D_k9_2od_x1.0,D,both,9,3,23,23,74,9.0
D_k9_2od_x1.0,D,both,9,4,23,23,72,9.0
D_k9_2od_x1.0,D,both,9,5,23,23,72,9.0
D_k9_2od_x1.0,D,both,9,6,23,23,69,9.0
D_k9_2od_x1.0,D,both,9,7,23,23,71,9.0
D_k9_2od_x1.0,D,both,9,8,23,23,74,9.0
D_k9_2od_x1.0,D,both,9,9,23,23,70,9.0
D_k9_2od_x1.0,D,both,9,10,23,23,67,9.0
D_k9_2od_x1.0,D,both,9,11,23,23,76,9.0
D_k9_2od_x1.0,D,both,9,12,23,23,73,9.0
D_k9_2od_x1.0,D,both,9,13,23,23,73,9.0
D_k9_2od_x1.0,D,both,9,14,23,23,70,9.0
D_k9_2od_x1.0,D,both,9,15,23,23,75,9.0
D_k9_2od_x1.0,D,init,0,1,24,24,63,4.958333333333333
D_k9_2od_x1.0,D,init,0,2,23,23,73,9.0
D_k9_2od_x1.0,D,init,0,3,23,23,76,9.0
D_k9_2od_x1.0,D,init,0,4,23,23,76,9.0
D_k9_2od_x1.0,D,init,0,5,23,23,82,9.0
D_k9_2od_x1.0,D,init,0,6,23,23,75,9.0
D_k9_2od_x1.0,D,init,0,7,23,23,77,9.0
D_k9_2od_x1.0,D,init,0,8,23,23,77,9.0
D_k9_2od_x1.0,D,init,0,9,23,23,78,9.0
D_k9_2od_x1.0,D,init,0,10,23,23,80,9.0
D_k9_2od_x1.0,D,init,0,11,23,23,79,9.0
D_k9_2od_x1.0,D,init,0,12,23,23,76,9.0
D_k9_2od_x1.0,D,init,0,13,23,23,73,9.0
D_k9_2od_x1.0,D,init,0,14,23,23,77,9.0
D_k9_2od_x1.0,D,init,0,15,23,23,83,9.0
D_k9_2od_x1.0,D,init,1,1,24,22,56,4.375
D_k9_2od_x1.0,D,init,1,2,23,23,85,9.0
D_k9_2od_x1.0,D,init,1,3,23,23,77,9.0
D_k9_2od_x1.0,D,init,1,4,23,23,83,9.0
D_k9_2od_x1.0,D,init,1,5,23,23,80,9.0
D_k9_2od_x1.0,D,init,1,6,23,23,78,9.0
D_k9_2od_x1.0,D,init,1,7,23,23,79,9.0
D_k9_2od_x1.0,D,init,1,8,23,23,79,9.0
D_k9_2od_x1.0,D,init,1,9,23,23,75,9.0
D_k9_2od_x1.0,D,init,1,10,23,23,76,9.0
D_k9_2od_x1.0,D,init,1,11,23,23,76,9.0
D_k9_2od_x1.0,D,init,1,12,23,23,76,9.0
D_k9_2od_x1.0,D,init,1,13,23,23,73,9.0
D_k9_2od_x1.0,D,init,1,14,23,23,78,9.0
D_k9_2od_x1.0,D,init,1,15,23,23,75,9.0
D_k9_2od_x1.0,D,init,2,1,24,21,65,4.416666666666667
D_k9_2od_x1.0,D,init,2,2,23,23,81,9.0
D_k9_2od_x1.0,D,init,2,3,23,23,81,9.0
D_k9_2od_x1.0,D,init,2,4,23,23,82,9.0
D_k9_2od_x1.0,D,init,2,5,23,23,84,9.0
D_k9_2od_x1.0,D,init,2,6,23,23,80,9.0
D_k9_2od_x1.0,D,init,2,7,23,23,77,9.0
D_k9_2od_x1.0,D,init,2,8,23,23,79,9.0
D_k9_2od_x1.0,D,init,2,9,23,23,79,9.0
D_k9_2od_x1.0,D,init,2,10,23,23,79,9.0
D_k9_2od_x1.0,D,init,2,11,23,23,79,9.0
D_k9_2od_x1.0,D,init,2,12,23,23,80,9.0
D_k9_2od_x1.0,D,init,2,13,23,23,75,9.0
D_k9_2od_x1.0,D,init,2,14,23,23,79,9.0
D_k9_2od_x1.0,D,init,2,15,23,23,76,9.0
D_k9_2od_x1.0,D,init,3,1,24,24,69,5.416666666666667
D_k9_2od_x1.0,D,init,3,2,23,23,80,9.0
D_k9_2od_x1.0,D,init,3,3,23,23,84,9.0
D_k9_2od_x1.0,D,init,3,4,23,23,80,9.0
D_k9_2od_x1.0,D,init,3,5,23,23,78,9.0
D_k9_2od_x1.0,D,init,3,6,23,23,76,9.0
D_k9_2od_x1.0,D,init,3,7,23,23,78,9.0
D_k9_2od_x1.0,D,init,3,8,23,23,76,9.0
D_k9_2od_x1.0,D,init,3,9,23,23,73,9.0
D_k9_2od_x1.0,D,init,3,10,23,23,78,9.0
D_k9_2od_x1.0,D,init,3,11,23,23,76,9.0
D_k9_2od_x1.0,D,init,3,12,23,23,79,9.0
D_k9_2od_x1.0,D,init,3,13,23,23,78,9.0
D_k9_2od_x1.0,D,init,3,14,23,23,78,9.0
D_k9_2od_x1.0,D,init,3,15,23,23,79,9.0
D_k9_2od_x1.0,D,init,4,1,24,22,52,3.5416666666666665
D_k9_2od_x1.0,D,init,4,2,23,23,84,9.0
D_k9_2od_x1.0,D,init,4,3,23,23,78,9.0
D_k9_2od_x1.0,D,init,4,4,23,23,78,9.0
D_k9_2od_x1.0,D,init,4,5,23,23,75,9.0
D_k9_2od_x1.0,D,init,4,6,23,23,77,9.0
D_k9_2od_x1.0,D,init,4,7,23,23,80,9.0
D_k9_2od_x1.0,D,init,4,8,23,23,79,9.0
D_k9_2od_x1.0,D,init,4,9,23,23,72,9.0
D_k9_2od_x1.0,D,init,4,10,23,23,78,9.0
D_k9_2od_x1.0,D,init,4,11,23,23,78,9.0
D_k9_2od_x1.0,D,init,4,12,23,23,76,9.0
D_k9_2od_x1.0,D,init,4,13,23,23,77,9.0
D_k9_2od_x1.0,D,init,4,14,23,23,79,9.0
D_k9_2od_x1.0,D,init,4,15,23,23,82,9.0
D_k9_2od_x1.0,D,init,5,1,24,22,58,4.25
D_k9_2od_x1.0,D,init,5,2,23,23,79,9.0
D_k9_2od_x1.0,D,init,5,3,23,23,83,9.0
D_k9_2od_x1.0,D,init,5,4,23,23,82,9.0
D_k9_2od_x1.0,D,init,5,5,23,23,78,9.0
D_k9_2od_x1.0,D,init,5,6,23,23,78,9.0
D_k9_2od_x1.0,D,init,5,7,23,23,81,9.0
D_k9_2od_x1.0,D,init,5,8,23,23,82,9.0
D_k9_2od_x1.0,D,init,5,9,23,23,79,9.0
D_k9_2od_x1.0,D,init,5,10,23,23,81,9.0
D_k9_2od_x1.0,D,init,5,11,23,23,78,9.0
D_k9_2od_x1.0,D,init,5,12,23,23,79,9.0
D_k9_2od_x1.0,D,init,5,13,23,23,80,9.0
D_k9_2od_x1.0,D,init,5,14,23,23,76,9.0
D_k9_2od_x1.0,D,init,5,15,23,23,80,9.0
D_k9_2od_x1.0,D,init,6,1,24,22,68,4.958333333333333
D_k9_2od_x1.0,D,init,6,2,23,23,82,9.0
D_k9_2od_x1.0,D,init,6,3,23,23,84,9.0
D_k9_2od_x1.0,D,init,6,4,23,23,79,9.0
D_k9_2od_x1.0,D,init,6,5,23,23,79,9.0
D_k9_2od_x1.0,D,init,6,6,23,23,72,9.0
D_k9_2od_x1.0,D,init,6,7,23,23,83,9.0
D_k9_2od_x1.0,D,init,6,8,23,23,78,9.0
D_k9_2od_x1.0,D,init,6,9,23,23,80,9.0
D_k9_2od_x1.0,D,init,6,10,23,23,80,9.0
D_k9_2od_x1.0,D,init,6,11,23,23,77,9.0
D_k9_2od_x1.0,D,init,6,12,23,23,79,9.0
D_k9_2od_x1.0,D,init,6,13,23,23,75,9.0
D_k9_2od_x1.0,D,init,6,14,23,23,75,9.0
D_k9_2od_x1.0,D,init,6,15,23,23,79,9.0
D_k9_2od_x1.0,D,init,7,1,24,21,57,3.75
D_k9_2od_x1.0,D,init,7,2,23,23,86,9.0
D_k9_2od_x1.0,D,init,7,3,23,23,78,9.0
D_k9_2od_x1.0,D,init,7,4,23,23,76,9.0
D_k9_2od_x1.0,D,init,7,5,23,23,76,9.0
D_k9_2od_x1.0,D,init,7,6,23,23,79,9.0
D_k9_2od_x1.0,D,init,7,7,23,23,80,9.0
D_k9_2od_x1.0,D,init,7,8,23,23,76,9.0
D_k9_2od_x1.0,D,init,7,9,23,23,80,9.0
D_k9_2od_x1.0,D,init,7,10,23,23,76,9.0
D_k9_2od_x1.0,D,init,7,11,23,23,83,9.0
D_k9_2od_x1.0,D,init,7,12,23,23,82,9.0
D_k9_2od_x1.0,D,init,7,13,23,23,82,9.0
D_k9_2od_x1.0,D,init,7,14,23,23,80,9.0
D_k9_2od_x1.0,D,init,7,15,23,23,78,9.0
D_k9_2od_x1.0,D,init,8,1,24,23,60,4.375
D_k9_2od_x1.0,D,init,8,2,23,23,83,9.0
D_k9_2od_x1.0,D,init,8,3,23,23,81,9.0
D_k9_2od_x1.0,D,init,8,4,23,23,85,9.0
D_k9_2od_x1.0,D,init,8,5,23,23,74,9.0
D_k9_2od_x1.0,D,init,8,6,23,23,73,9.0
D_k9_2od_x1.0,D,init,8,7,23,23,81,9.0
D_k9_2od_x1.0,D,init,8,8,23,23,71,9.0
D_k9_2od_x1.0,D,init,8,9,23,23,75,9.0
D_k9_2od_x1.0,D,init,8,10,23,23,83,9.0
D_k9_2od_x1.0,D,init,8,11,23,23,79,9.0
D_k9_2od_x1.0,D,init,8,12,23,23,80,9.0
D_k9_2od_x1.0,D,init,8,13,23,23,76,9.0
D_k9_2od_x1.0,D,init,8,14,23,23,77,9.0
D_k9_2od_x1.0,D,init,8,15,23,23,71,9.0
D_k9_2od_x1.0,D,init,9,1,24,22,61,4.541666666666667
D_k9_2od_x1.0,D,init,9,2,23,23,85,9.0
D_k9_2od_x1.0,D,init,9,3,23,23,79,9.0
D_k9_2od_x1.0,D,init,9,4,23,23,81,9.0
D_k9_2od_x1.0,D,init,9,5,23,23,81,9.0
D_k9_2od_x1.0,D,init,9,6,23,23,81,9.0
D_k9_2od_x1.0,D,init,9,7,23,23,81,9.0
D_k9_2od_x1.0,D,init,9,8,23,23,81,9.0
D_k9_2od_x1.0,D,init,9,9,23,23,84,9.0
D_k9_2od_x1.0,D,init,9,10,23,23,82,9.0
D_k9_2od_x1.0,D,init,9,11,23,23,81,9.0
D_k9_2od_x1.0,D,init,9,12,23,23,77,9.0
D_k9_2od_x1.0,D,init,9,13,23,23,78,9.0
D_k9_2od_x1.0,D,init,9,14,23,23,75,9.0
D_k9_2od_x1.0,D,init,9,15,23,23,78,9.0
D_k9_2od_x1.0,D,mutation,0,1,24,24,75,5.791666666666667
D_k9_2od_x1.0,D,mutation,0,2,23,23,78,9.0
D_k9_2od_x1.0,D,mutation,0,3,23,23,67,9.0
D_k9_2od_x1.0,D,mutation,0,4,23,23,72,9.0
D_k9_2od_x1.0,D,mutation,0,5,23,23,71,9.0
D_k9_2od_x1.0,D,mutation,0,6,23,23,63,9.0
D_k9_2od_x1.0,D,mutation,0,7,23,23,71,9.0
D_k9_2od_x1.0,D,mutation,0,8,23,23,75,9.0
D_k9_2od_x1.0,D,mutation,0,9,23,23,76,9.0
D_k9_2od_x1.0,D,mutation,0,10,23,23,73,9.0
D_k9_2od_x1.0,D,mutation,0,11,23,23,71,9.0
D_k9_2od_x1.0,D,mutation,0,12,23,23,70,9.0
D_k9_2od_x1.0,D,mutation,0,13,23,23,74,9.0
D_k9_2od_x1.0,D,mutation,0,14,23,23,78,9.0
D_k9_2od_x1.0,D,mutation,0,15,23,23,68,9.0
D_k9_2od_x1.0,D,mutation,1,1,24,24,69,4.291666666666667
D_k9_2od_x1.0,D,mutation,1,2,23,23,74,9.0
D_k9_2od_x1.0,D,mutation,1,3,23,23,72,9.0
D_k9_2od_x1.0,D,mutation,1,4,23,23,71,9.0
D_k9_2od_x1.0,D,mutation,1,5,23,23,70,9.0
D_k9_2od_x1.0,D,mutation,1,6,23,23,75,9.0
D_k9_2od_x1.0,D,mutation,1,7,23,23,72,9.0
D_k9_2od_x1.0,D,mutation,1,8,23,23,69,9.0
D_k9_2od_x1.0,D,mutation,1,9,23,23,69,9.0
D_k9_2od_x1.0,D,mutation,1,10,23,23,73,9.0
D_k9_2od_x1.0,D,mutation,1,11,23,23,76,9.0
D_k9_2od_x1.0,D,mutation,1,12,23,23,73,9.0
D_k9_2od_x1.0,D,mutation,1,13,23,23,67,9.0
D_k9_2od_x1.0,D,mutation,1,14,23,23,69,9.0
D_k9_2od_x1.0,D,mutation,1,15,23,23,75,9.0
D_k9_2od_x1.0,D,mutation,2,1,24,24,68,5.291666666666667
D_k9_2od_x1.0,D,mutation,2,2,23,23,77,9.0
D_k9_2od_x1.0,D,mutation,2,3,23,23,71,9.0
D_k9_2od_x1.0,D,mutation,2,4,23,23,79,9.0
D_k9_2od_x1.0,D,mutation,2,5,23,23,69,9.0
D_k9_2od_x1.0,D,mutation,2,6,23,23,72,9.0
D_k9_2od_x1.0,D,mutation,2,7,23,23,77,9.0
D_k9_2od_x1.0,D,mutation,2,8,23,23,75,9.0
D_k9_2od_x1.0,D,mutation,2,9,23,23,73,9.0
D_k9_2od_x1.0,D,mutation,2,10,23,23,72,9.0
D_k9_2od_x1.0,D,mutation,2,11,23,23,71,9.0
D_k9_2od_x1.0,D,mutation,2,12,23,23,69,9.0
D_k9_2od_x1.0,D,mutation,2,13,23,23,68,9.0
D_k9_2od_x1.0,D,mutation,2,14,23,23,77,9.0
D_k9_2od_x1.0,D,mutation,2,15,23,23,77,9.0
D_k9_2od_x1.0,D,mutation,3,1,24,24,66,4.166666666666667
D_k9_2od_x1.0,D,mutation,3,2,23,23,79,9.0
D_k9_2od_x1.0,D,mutation,3,3,23,23,77,9.0
D_k9_2od_x1.0,D,mutation,3,4,23,23,73,9.0
D_k9_2od_x1.0,D,mutation,3,5,23,23,72,9.0
D_k9_2od_x1.0,D,mutation,3,6,23,23,70,9.0
D_k9_2od_x1.0,D,mutation,3,7,23,23,72,9.0
D_k9_2od_x1.0,D,mutation,3,8,23,23,70,9.0
D_k9_2od_x1.0,D,mutation,3,9,23,23,70,9.0
D_k9_2od_x1.0,D,mutation,3,10,23,23,76,9.0
D_k9_2od_x1.0,D,mutation,3,11,23,23,70,9.0
D_k9_2od_x1.0,D,mutation,3,12,23,23,71,9.0
D_k9_2od_x1.0,D,mutation,3,13,23,23,70,9.0
D_k9_2od_x1.0,D,mutation,3,14,23,23,65,9.0
D_k9_2od_x1.0,D,mutation,3,15,23,23,70,9.0
D_k9_2od_x1.0,D,mutation,4,1,24,24,62,4.083333333333333
D_k9_2od_x1.0,D,mutation,4,2,23,23,74,9.0
D_k9_2od_x1.0,D,mutation,4,3,23,23,72,9.0
D_k9_2od_x1.0,D,mutation,4,4,23,23,73,9.0
D_k9_2od_x1.0,D,mutation,4,5,23,23,69,9.0
D_k9_2od_x1.0,D,mutation,4,6,23,23,66,9.0
D_k9_2od_x1.0,D,mutation,4,7,23,23,68,9.0
D_k9_2od_x1.0,D,mutation,4,8,23,23,68,9.0
D_k9_2od_x1.0,D,mutation,4,9,23,23,74,9.0
D_k9_2od_x1.0,D,mutation,4,10,23,23,71,9.0
D_k9_2od_x1.0,D,mutation,4,11,23,23,70,9.0
D_k9_2od_x1.0,D,mutation,4,12,23,23,71,9.0
D_k9_2od_x1.0,D,mutation,4,13,23,23,71,9.0
D_k9_2od_x1.0,D,mutation,4,14,23,23,69,9.0
D_k9_2od_x1.0,D,mutation,4,15,23,23,69,9.0
D_k9_2od_x1.0,D,mutation,5,1,24,24,60,4.625
D_k9_2od_x1.0,D,mutation,5,2,23,23,83,9.0
D_k9_2od_x1.0,D,mutation,5,3,23,23,72,9.0
D_k9_2od_x1.0,D,mutation,5,4,23,23,69,9.0
D_k9_2od_x1.0,D,mutation,5,5,23,23,72,9.0
D_k9_2od_x1.0,D,mutation,5,6,23,23,72,9.0
D_k9_2od_x1.0,D,mutation,5,7,23,23,74,9.0
D_k9_2od_x1.0,D,mutation,5,8,23,23,76,9.0
D_k9_2od_x1.0,D,mutation,5,9,23,23,74,9.0
D_k9_2od_x1.0,D,mutation,5,10,23,23,77,9.0
D_k9_2od_x1.0,D,mutation,5,11,23,23,71,9.0
D_k9_2od_x1.0,D,mutation,5,12,23,23,70,9.0
D_k9_2od_x1.0,D,mutation,5,13,23,23,74,9.0
D_k9_2od_x1.0,D,mutation,5,14,23,23,71,9.0
D_k9_2od_x1.0,D,mutation,5,15,23,23,70,9.0
D_k9_2od_x1.0,D,mutation,6,1,24,24,66,5.125
D_k9_2od_x1.0,D,mutation,6,2,23,23,77,9.0
D_k9_2od_x1.0,D,mutation,6,3,23,23,72,9.0
D_k9_2od_x1.0,D,mutation,6,4,23,23,72,9.0
D_k9_2od_x1.0,D,mutation,6,5,23,23,75,9.0
D_k9_2od_x1.0,D,mutation,6,6,23,23,77,9.0
D_k9_2od_x1.0,D,mutation,6,7,23,23,71,9.0
D_k9_2od_x1.0,D,mutation,6,8,23,23,76,9.0
D_k9_2od_x1.0,D,mutation,6,9,23,23,72,9.0
D_k9_2od_x1.0,D,mutation,6,10,23,23,70,9.0
D_k9_2od_x1.0,D,mutation,6,11,23,23,70,9.0
D_k9_2od_x1.0,D,mutation,6,12,23,23,74,9.0
D_k9_2od_x1.0,D,mutation,6,13,23,23,71,9.0
D_k9_2od_x1.0,D,mutation,6,14,23,23,69,9.0
D_k9_2od_x1.0,D,mutation,6,15,23,23,73,9.0
D_k9_2od_x1.0,D,mutation,7,1,24,24,69,5.333333333333333
D_k9_2od_x1.0,D,mutation,7,2,23,23,76,9.0
D_k9_2od_x1.0,D,mutation,7,3,23,23,73,9.0
D_k9_2od_x1.0,D,mutation,7,4,23,23,75,9.0
D_k9_2od_x1.0,D,mutation,7,5,23,23,71,9.0
D_k9_2od_x1.0,D,mutation,7,6,23,23,72,9.0
D_k9_2od_x1.0,D,mutation,7,7,23,23,81,9.0
D_k9_2od_x1.0,D,mutation,7,8,23,23,75,9.0
D_k9_2od_x1.0,D,mutation,7,9,23,23,72,9.0
D_k9_2od_x1.0,D,mutation,7,10,23,23,73,9.0
D_k9_2od_x1.0,D,mutation,7,11,23,23,79,9.0
D_k9_2od_x1.0,D,mutation,7,12,23,23,71,9.0
D_k9_2od_x1.0,D,mutation,7,13,23,23,71,9.0
D_k9_2od_x1.0,D,mutation,7,14,23,23,67,9.0
D_k9_2od_x1.0,D,mutation,7,15,23,23,71,9.0
D_k9_2od_x1.0,D,mutation,8,1,24,24,60,4.291666666666667
D_k9_2od_x1.0,D,mutation,8,2,23,23,77,9.0
D_k9_2od_x1.0,D,mutation,8,3,23,23,72,9.0
D_k9_2od_x1.0,D,mutation,8,4,23,23,76,9.0
D_k9_2od_x1.0,D,mutation,8,5,23,23,69,9.0
D_k9_2od_x1.0,D,mutation,8,6,23,23,75,9.0
D_k9_2od_x1.0,D,mutation,8,7,23,23,72,9.0
D_k9_2od_x1.0,D,mutation,8,8,23,23,66,9.0
D_k9_2od_x1.0,D,mutation,8,9,23,23,72,9.0
D_k9_2od_x1.0,D,mutation,8,10,23,23,76,9.0
D_k9_2od_x1.0,D,mutation,8,11,23,23,72,9.0
D_k9_2od_x1.0,D,mutation,8,12,23,23,73,9.0
D_k9_2od_x1.0,D,mutation,8,13,23,23,69,9.0
D_k9_2od_x1.0,D,mutation,8,14,23,23,72,9.0
D_k9_2od_x1.0,D,mutation,8,15,23,23,71,9.0
D_k9_2od_x1.0,D,mutation,9,1,24,24,73,5.0
D_k9_2od_x1.0,D,mutation,9,2,23,23,74,9.0
D_k9_2od_x1.0,D,mutation,9,3,23,23,71,9.0
D_k9_2od_x1.0,D,mutation,9,4,23,23,73,9.0
D_k9_2od_x1.0,D,mutation,9,5,23,23,72,9.0
D_k9_2od_x1.0,D,mutation,9,6,23,23,72,9.0
D_k9_2od_x1.0,D,mutation,9,7,23,23,73,9.0
D_k9_2od_x1.0,D,mutation,9,8,23,23,78,9.0
D_k9_2od_x1.0,D,mutation,9,9,23,23,70,9.0
D_k9_2od_x1.0,D,mutation,9,10,23,23,77,9.0
D_k9_2od_x1.0,D,mutation,9,11,23,23,75,9.0
D_k9_2od_x1.0,D,mutation,9,12,23,23,78,9.0
D_k9_2od_x1.0,D,mutation,9,13,23,23,71,9.0
D_k9_2od_x1.0,D,mutation,9,14,23,23,70,9.0
D_k9_2od_x1.0,D,mutation,9,15,23,23,69,9.0
D_k9_2od_x1.0,D,none,0,1,24,24,75,5.791666666666667
D_k9_2od_x1.0,D,none,0,2,23,23,83,9.0
D_k9_2od_x1.0,D,none,0,3,23,23,79,9.0
D_k9_2od_x1.0,D,none,0,4,23,23,76,9.0
D_k9_2od_x1.0,D,none,0,5,23,23,81,9.0
D_k9_2od_x1.0,D,none,0,6,23,23,76,9.0
D_k9_2od_x1.0,D,none,0,7,23,23,75,9.0
D_k9_2od_x1.0,D,none,0,8,23,23,79,9.0
D_k9_2od_x1.0,D,none,0,9,23,23,79,9.0
D_k9_2od_x1.0,D,none,0,10,23,23,75,9.0
D_k9_2od_x1.0,D,none,0,11,23,23,83,9.0
D_k9_2od_x1.0,D,none,0,12,23,23,76,9.0
D_k9_2od_x1.0,D,none,0,13,23,23,81,9.0
D_k9_2od_x1.0,D,none,0,14,23,23,80,9.0
D_k9_2od_x1.0,D,none,0,15,23,23,82,9.0
D_k9_2od_x1.0,D,none,1,1,24,24,69,4.291666666666667
D_k9_2od_x1.0,D,none,1,2,23,23,80,9.0
D_k9_2od_x1.0,D,none,1,3,23,23,81,9.0
D_k9_2od_x1.0,D,none,1,4,23,23,81,9.0
D_k9_2od_x1.0,D,none,1,5,23,23,79,9.0
D_k9_2od_x1.0,D,none,1,6,23,23,80,9.0
D_k9_2od_x1.0,D,none,1,7,23,23,80,9.0
D_k9_2od_x1.0,D,none,1,8,23,23,76,9.0
D_k9_2od_x1.0,D,none,1,9,23,23,79,9.0
D_k9_2od_x1.0,D,none,1,10,23,23,79,9.0
D_k9_2od_x1.0,D,none,1,11,23,23,77,9.0
D_k9_2od_x1.0,D,none,1,12,23,23,75,9.0
D_k9_2od_x1.0,D,none,1,13,23,23,75,9.0
D_k9_2od_x1.0,D,none,1,14,23,23,77,9.0
D_k9_2od_x1.0,D,none,1,15,23,23,74,9.0
D_k9_2od_x1.0,D,none,2,1,24,24,68,5.291666666666667
D_k9_2od_x1.0,D,none,2,2,23,23,83,9.0
D_k9_2od_x1.0,D,none,2,3,23,23,77,9.0
D_k9_2od_x1.0,D,none,2,4,23,23,81,9.0
D_k9_2od_x1.0,D,none,2,5,23,23,80,9.0
D_k9_2od_x1.0,D,none,2,6,23,23,84,9.0
D_k9_2od_x1.0,D,none,2,7,23,23,79,9.0
D_k9_2od_x1.0,D,none,2,8,23,23,77,9.0
D_k9_2od_x1.0,D,none,2,9,23,23,78,9.0
D_k9_2od_x1.0,D,none,2,10,23,23,76,9.0
D_k9_2od_x1.0,D,none,2,11,23,23,79,9.0
D_k9_2od_x1.0,D,none,2,12,23,23,79,9.0
D_k9_2od_x1.0,D,none,2,13,23,23,83,9.0
D_k9_2od_x1.0,D,none,2,14,23,23,77,9.0
D_k9_2od_x1.0,D,none,2,15,23,23,81,9.0
D_k9_2od_x1.0,D,none,3,1,24,24,66,4.166666666666667
D_k9_2od_x1.0,D,none,3,2,23,23,82,9.0
D_k9_2od_x1.0,D,none,3,3,23,23,84,9.0
D_k9_2od_x1.0,D,none,3,4,23,23,79,9.0
D_k9_2od_x1.0,D,none,3,5,23,23,80,9.0
D_k9_2od_x1.0,D,none,3,6,23,23,81,9.0
D_k9_2od_x1.0,D,none,3,7,23,23,81,9.0
D_k9_2od_x1.0,D,none,3,8,23,23,80,9.0
D_k9_2od_x1.0,D,none,3,9,23,23,78,9.0
D_k9_2od_x1.0,D,none,3,10,23,23,77,9.0
D_k9_2od_x1.0,D,none,3,11,23,23,76,9.0
D_k9_2od_x1.0,D,none,3,12,23,23,80,9.0
D_k9_2od_x1.0,D,none,3,13,23,23,81,9.0
D_k9_2od_x1.0,D,none,3,14,23,23,85,9.0
D_k9_2od_x1.0,D,none,3,15,23,23,81,9.0
D_k9_2od_x1.0,D,none,4,1,24,24,62,4.083333333333333
D_k9_2od_x1.0,D,none,4,2,23,23,82,9.0
D_k9_2od_x1.0,D,none,4,3,23,23,82,9.0
D_k9_2od_x1.0,D,none,4,4,23,23,74,9.0
D_k9_2od_x1.0,D,none,4,5,23,23,77,9.0
D_k9_2od_x1.0,D,none,4,6,23,23,79,9.0
D_k9_2od_x1.0,D,none,4,7,23,23,72,9.0
D_k9_2od_x1.0,D,none,4,8,23,23,76,9.0
D_k9_2od_x1.0,D,none,4,9,23,23,81,9.0
D_k9_2od_x1.0,D,none,4,10,23,23,77,9.0
D_k9_2od_x1.0,D,none,4,11,23,23,74,9.0
D_k9_2od_x1.0,D,none,4,12,23,23,75,9.0
D_k9_2od_x1.0,D,none,4,13,23,23,78,9.0
D_k9_2od_x1.0,D,none,4,14,23,23,82,9.0
D_k9_2od_x1.0,D,none,4,15,23,23,84,9.0
D_k9_2od_x1.0,D,none,5,1,24,24,60,4.625
D_k9_2od_x1.0,D,none,5,2,23,23,82,9.0
D_k9_2od_x1.0,D,none,5,3,23,23,82,9.0
D_k9_2od_x1.0,D,none,5,4,23,23,78,9.0
D_k9_2od_x1.0,D,none,5,5,23,23,72,9.0
D_k9_2od_x1.0,D,none,5,6,23,23,78,9.0
D_k9_2od_x1.0,D,none,5,7,23,23,78,9.0
D_k9_2od_x1.0,D,none,5,8,23,23,80,9.0
D_k9_2od_x1.0,D,none,5,9,23,23,82,9.0
D_k9_2od_x1.0,D,none,5,10,23,23,80,9.0
D_k9_2od_x1.0,D,none,5,11,23,23,77,9.0
D_k9_2od_x1.0,D,none,5,12,23,23,77,9.0
D_k9_2od_x1.0,D,none,5,13,23,23,75,9.0
D_k9_2od_x1.0,D,none,5,14,23,23,77,9.0
D_k9_2od_x1.0,D,none,5,15,23,23,72,9.0
D_k9_2od_x1.0,D,none,6,1,24,24,66,5.125
D_k9_2od_x1.0,D,none,6,2,23,23,81,9.0
D_k9_2od_x1.0,D,none,6,3,23,23,82,9.0
D_k9_2od_x1.0,D,none,6,4,23,23,82,9.0
D_k9_2od_x1.0,D,none,6,5,23,23,82,9.0
D_k9_2od_x1.0,D,none,6,6,23,23,78,9.0
D_k9_2od_x1.0,D,none,6,7,23,23,78,9.0
D_k9_2od_x1.0,D,none,6,8,23,23,78,9.0
D_k9_2od_x1.0,D,none,6,9,23,23,80,9.0
D_k9_2od_x1.0,D,none,6,10,23,23,78,9.0
D_k9_2od_x1.0,D,none,6,11,23,23,80,9.0
D_k9_2od_x1.0,D,none,6,12,23,23,77,9.0
D_k9_2od_x1.0,D,none,6,13,23,23,79,9.0
D_k9_2od_x1.0,D,none,6,14,23,23,81,9.0
D_k9_2od_x1.0,D,none,6,15,23,23,75,9.0
D_k9_2od_x1.0,D,none,7,1,24,24,69,5.333333333333333
D_k9_2od_x1.0,D,none,7,2,23,23,81,9.0
D_k9_2od_x1.0,D,none,7,3,23,23,80,9.0
D_k9_2od_x1.0,D,none,7,4,23,23,80,9.0
D_k9_2od_x1.0,D,none,7,5,23,23,83,9.0
D_k9_2od_x1.0,D,none,7,6,23,23,82,9.0
D_k9_2od_x1.0,D,none,7,7,23,23,76,9.0
D_k9_2od_x1.0,D,none,7,8,23,23,76,9.0
D_k9_2od_x1.0,D,none,7,9,23,23,70,9.0
D_k9_2od_x1.0,D,none,7,10,23,23,77,9.0
D_k9_2od_x1.0,D,none,7,11,23,23,79,9.0
D_k9_2od_x1.0,D,none,7,12,23,23,81,9.0
D_k9_2od_x1.0,D,none,7,13,23,23,79,9.0
D_k9_2od_x1.0,D,none,7,14,23,23,83,9.0
D_k9_2od_x1.0,D,none,7,15,23,23,80,9.0
D_k9_2od_x1.0,D,none,8,1,24,24,60,4.291666666666667
D_k9_2od_x1.0,D,none,8,2,23,23,84,9.0
D_k9_2od_x1.0,D,none,8,3,23,23,80,9.0
D_k9_2od_x1.0,D,none,8,4,23,23,81,9.0
D_k9_2od_x1.0,D,none,8,5,23,23,79,9.0
D_k9_2od_x1.0,D,none,8,6,23,23,80,9.0
D_k9_2od_x1.0,D,none,8,7,23,23,80,9.0
D_k9_2od_x1.0,D,none,8,8,23,23,83,9.0
D_k9_2od_x1.0,D,none,8,9,23,23,78,9.0
D_k9_2od_x1.0,D,none,8,10,23,23,69,9.0
D_k9_2od_x1.0,D,none,8,11,23,23,78,9.0
D_k9_2od_x1.0,D,none,8,12,23,23,84,9.0
D_k9_2od_x1.0,D,none,8,13,23,23,77,9.0
D_k9_2od_x1.0,D,none,8,14,23,23,81,9.0
D_k9_2od_x1.0,D,none,8,15,23,23,73,9.0
D_k9_2od_x1.0,D,none,9,1,24,24,73,5.0
D_k9_2od_x1.0,D,none,9,2,23,23,80,9.0
D_k9_2od_x1.0,D,none,9,3,23,23,81,9.0
D_k9_2od_x1.0,D,none,9,4,23,23,85,9.0
D_k9_2od_x1.0,D,none,9,5,23,23,85,9.0
D_k9_2od_x1.0,D,none,9,6,23,23,81,9.0
D_k9_2od_x1.0,D,none,9,7,23,23,81,9.0
D_k9_2od_x1.0,D,none,9,8,23,23,84,9.0
D_k9_2od_x1.0,D,none,9,9,23,23,79,9.0
D_k9_2od_x1.0,D,none,9,10,23,23,80,9.0
D_k9_2od_x1.0,D,none,9,11,23,23,77,9.0
D_k9_2od_x1.0,D,none,9,12,23,23,82,9.0
D_k9_2od_x1.0,D,none,9,13,23,23,80,9.0
D_k9_2od_x1.0,D,none,9,14,23,23,75,9.0
D_k9_2od_x1.0,D,none,9,15,23,23,79,9.0
D_k9_2od_x1.2,D,both,0,1,24,24,62,4.958333333333333
D_k9_2od_x1.2,D,both,0,2,23,23,75,9.0
D_k9_2od_x1.2,D,both,0,3,23,23,72,9.0
D_k9_2od_x1.2,D,both,0,4,23,23,72,9.0
D_k9_2od_x1.2,D,both,0,5,23,23,76,9.0
D_k9_2od_x1.2,D,both,0,6,23,23,75,9.0
D_k9_2od_x1.2,D,both,0,7,23,23,73,9.0
D_k9_2od_x1.2,D,both,0,8,23,23,69,9.0
D_k9_2od_x1.2,D,both,0,9,23,23,78,9.0
D_k9_2od_x1.2,D,both,0,10,23,23,74,9.0
D_k9_2od_x1.2,D,both,0,11,23,23,70,9.0
D_k9_2od_x1.2,D,both,0,12,23,23,81,9.0
D_k9_2od_x1.2,D,both,0,13,23,23,68,9.0
D_k9_2od_x1.2,D,both,0,14,23,23,72,9.0
D_k9_2od_x1.2,D,both,0,15,23,23,76,9.0
D_k9_2od_x1.2,D,both,1,1,24,22,61,4.375
D_k9_2od_x1.2,D,both,1,2,23,23,78,9.0
D_k9_2od_x1.2,D,both,1,3,23,23,80,9.0
D_k9_2od_x1.2,D,both,1,4,23,23,76,9.0
D_k9_2od_x1.2,D,both,1,5,23,23,74,9.0
D_k9_2od_x1.2,D,both,1,6,23,23,70,9.0
D_k9_2od_x1.2,D,both,1,7,23,23,70,9.0
D_k9_2od_x1.2,D,both,1,8,23,23,74,9.0
D_k9_2od_x1.2,D,both,1,9,23,23,71,9.0
D_k9_2od_x1.2,D,both,1,10,23,23,67,9.0
D_k9_2od_x1.2,D,both,1,11,23,23,73,9.0
D_k9_2od_x1.2,D,both,1,12,23,23,70,9.0
D_k9_2od_x1.2,D,both,1,13,23,23,75,9.0
D_k9_2od_x1.2,D,both,1,14,23,23,72,9.0
D_k9_2od_x1.2,D,both,1,15,23,23,72,9.0
D_k9_2od_x1.2,D,both,2,1,24,21,60,4.416666666666667
D_k9_2od_x1.2,D,both,2,2,23,23,81,9.0
D_k9_2od_x1.2,D,both,2,3,23,23,79,9.0
D_k9_2od_x1.2,D,both,2,4,23,23,80,9.0
D_k9_2od_x1.2,D,both,2,5,23,23,73,9.0
D_k9_2od_x1.2,D,both,2,6,23,23,76,9.0
D_k9_2od_x1.2,D,both,2,7,23,23,74,9.0
D_k9_2od_x1.2,D,both,2,8,23,23,75,9.0
D_k9_2od_x1.2,D,both,2,9,23,23,76,9.0
D_k9_2od_x1.2,D,both,2,10,23,23,71,9.0
D_k9_2od_x1.2,D,both,2,11,23,23,76,9.0
D_k9_2od_x1.2,D,both,2,12,23,23,74,9.0
D_k9_2od_x1.2,D,both,2,13,23,23,64,9.0
D_k9_2od_x1.2,D,both,2,14,23,23,71,9.0
D_k9_2od_x1.2,D,both,2,15,23,23,74,9.0
D_k9_2od_x1.2,D,both,3,1,24,24,64,5.416666666666667
D_k9_2od_x1.2,D,both,3,2,23,23,76,9.0
D_k9_2od_x1.2,D,both,3,3,23,23,74,9.0
D_k9_2od_x1.2,D,both,3,4,23,23,72,9.0
D_k9_2od_x1.2,D,both,3,5,23,23,77,9.0
D_k9_2od_x1.2,D,both,3,6,23,23,72,9.0
D_k9_2od_x1.2,D,both,3,7,23,23,66,9.0
D_k9_2od_x1.2,D,both,3,8,23,23,76,9.0
D_k9_2od_x1.2,D,both,3,9,23,23,78,9.0
D_k9_2od_x1.2,D,both,3,10,23,23,75,9.0
D_k9_2od_x1.2,D,both,3,11,23,23,69,9.0
D_k9_2od_x1.2,D,both,3,12,23,23,76,9.0
D_k9_2od_x1.2,D,both,3,13,23,23,78,9.0
D_k9_2od_x1.2,D,both,3,14,23,23,79,9.0
D_k9_2od_x1.2,D,both,3,15,23,23,72,9.0
D_k9_2od_x1.2,D,both,4,1,24,21,55,3.5416666666666665
D_k9_2od_x1.2,D,both,4,2,23,23,76,9.0
D_k9_2od_x1.2,D,both,4,3,23,23,76,9.0
D_k9_2od_x1.2,D,both,4,4,23,23,72,9.0
D_k9_2od_x1.2,D,both,4,5,23,23,71,9.0
D_k9_2od_x1.2,D,both,4,6,23,23,77,9.0
D_k9_2od_x1.2,D,both,4,7,23,23,79,9.0
D_k9_2od_x1.2,D,both,4,8,23,23,80,9.0
D_k9_2od_x1.2,D,both,4,9,23,23,78,9.0
D_k9_2od_x1.2,D,both,4,10,23,23,73,9.0
D_k9_2od_x1.2,D,both,4,11,23,23,73,9.0
D_k9_2od_x1.2,D,both,4,12,23,23,72,9.0
D_k9_2od_x1.2,D,both,4,13,23,23,78,9.0
D_k9_2od_x1.2,D,both,4,14,23,23,67,9.0
D_k9_2od_x1.2,D,both,4,15,23,23,73,9.0
D_k9_2od_x1.2,D,both,5,1,24,22,57,4.25
D_k9_2od_x1.2,D,both,5,2,23,23,81,9.0
D_k9_2od_x1.2,D,both,5,3,23,23,73,9.0
D_k9_2od_x1.2,D,both,5,4,23,23,74,9.0
D_k9_2od_x1.2,D,both,5,5,23,23,69,9.0
D_k9_2od_x1.2,D,both,5,6,23,23,75,9.0
D_k9_2od_x1.2,D,both,5,7,23,23,74,9.0
D_k9_2od_x1.2,D,both,5,8,23,23,71,9.0
D_k9_2od_x1.2,D,both,5,9,23,23,73,9.0
D_k9_2od_x1.2,D,both,5,10,23,23,73,9.0
D_k9_2od_x1.2,D,both,5,11,23,23,78,9.0
D_k9_2od_x1.2,D,both,5,12,23,23,73,9.0
D_k9_2od_x1.2,D,both,5,13,23,23,74,9.0
D_k9_2od_x1.2,D,both,5,14,23,23,74,9.0
D_k9_2od_x1.2,D,both,5,15,23,23,75,9.0
D_k9_2od_x1.2,D,both,6,1,24,22,64,4.958333333333333
D_k9_2od_x1.2,D,both,6,2,23,23,75,9.0
D_k9_2od_x1.2,D,both,6,3,23,23,75,9.0
D_k9_2od_x1.2,D,both,6,4,23,23,76,9.0
D_k9_2od_x1.2,D,both,6,5,23,23,77,9.0
D_k9_2od_x1.2,D,both,6,6,23,23,76,9.0
D_k9_2od_x1.2,D,both,6,7,23,23,74,9.0
D_k9_2od_x1.2,D,both,6,8,23,23,77,9.0
D_k9_2od_x1.2,D,both,6,9,23,23,76,9.0
D_k9_2od_x1.2,D,both,6,10,23,23,73,9.0
D_k9_2od_x1.2,D,both,6,11,23,23,69,9.0
D_k9_2od_x1.2,D,both,6,12,23,23,74,9.0
D_k9_2od_x1.2,D,both,6,13,23,23,76,9.0
D_k9_2od_x1.2,D,both,6,14,23,23,71,9.0
D_k9_2od_x1.2,D,both,6,15,23,23,67,9.0
D_k9_2od_x1.2,D,both,7,1,24,21,56,3.75
D_k9_2od_x1.2,D,both,7,2,23,23,77,9.0
D_k9_2od_x1.2,D,both,7,3,23,23,77,9.0
D_k9_2od_x1.2,D,both,7,4,23,23,68,9.0
D_k9_2od_x1.2,D,both,7,5,23,23,79,9.0
D_k9_2od_x1.2,D,both,7,6,23,23,74,9.0
D_k9_2od_x1.2,D,both,7,7,23,23,79,9.0
D_k9_2od_x1.2,D,both,7,8,23,23,72,9.0
D_k9_2od_x1.2,D,both,7,9,23,23,73,9.0
D_k9_2od_x1.2,D,both,7,10,23,23,71,9.0
D_k9_2od_x1.2,D,both,7,11,23,23,74,9.0
D_k9_2od_x1.2,D,both,7,12,23,23,75,9.0
D_k9_2od_x1.2,D,both,7,13,23,23,71,9.0
D_k9_2od_x1.2,D,both,7,14,23,23,79,9.0
D_k9_2od_x1.2,D,both,7,15,23,23,74,9.0
D_k9_2od_x1.2,D,both,8,1,24,23,55,4.375
D_k9_2od_x1.2,D,both,8,2,23,23,80,9.0
D_k9_2od_x1.2,D,both,8,3,23,23,73,9.0
D_k9_2od_x1.2,D,both,8,4,23,23,72,9.0
D_k9_2od_x1.2,D,both,8,5,23,23,74,9.0
D_k9_2od_x1.2,D,both,8,6,23,23,72,9.0
D_k9_2od_x1.2,D,both,8,7,23,23,76,9.0
D_k9_2od_x1.2,D,both,8,8,23,23,81,9.0
D_k9_2od_x1.2,D,both,8,9,23,23,71,9.0
D_k9_2od_x1.2,D,both,8,10,23,23,76,9.0
D_k9_2od_x1.2,D,both,8,11,23,23,71,9.0
D_k9_2od_x1.2,D,both,8,12,23,23,72,9.0
D_k9_2od_x1.2,D,both,8,13,23,23,75,9.0
D_k9_2od_x1.2,D,both,8,14,23,23,72,9.0
D_k9_2od_x1.2,D,both,8,15,23,23,74,9.0
D_k9_2od_x1.2,D,both,9,1,24,22,62,4.541666666666667
D_k9_2od_x1.2,D,both,9,2,23,23,74,9.0
D_k9_2od_x1.2,D,both,9,3,23,23,77,9.0
D_k9_2od_x1.2,D,both,9,4,23,23,70,9.0
D_k9_2od_x1.2,D,both,9,5,23,23,71,9.0
D_k9_2od_x1.2,D,both,9,6,23,23,69,9.0
D_k9_2od_x1.2,D,both,9,7,23,23,70,9.0
D_k9_2od_x1.2,D,both,9,8,23,23,77,9.0
D_k9_2od_x1.2,D,both,9,9,23,23,78,9.0
D_k9_2od_x1.2,D,both,9,10,23,23,76,9.0
D_k9_2od_x1.2,D,both,9,11,23,23,80,9.0
D_k9_2od_x1.2,D,both,9,12,23,23,79,9.0
D_k9_2od_x1.2,D,both,9,13,23,23,76,9.0
D_k9_2od_x1.2,D,both,9,14,23,23,74,9.0
D_k9_2od_x1.2,D,both,9,15,23,23,71,9.0
D_k9_2od_x1.2,D,init,0,1,24,24,62,4.958333333333333
D_k9_2od_x1.2,D,init,0,2,23,23,81,9.0
D_k9_2od_x1.2,D,init,0,3,23,23,84,9.0
D_k9_2od_x1.2,D,init,0,4,23,23,81,9.0
D_k9_2od_x1.2,D,init,0,5,23,23,77,9.0
D_k9_2od_x1.2,D,init,0,6,23,23,81,9.0
D_k9_2od_x1.2,D,init,0,7,23,23,82,9.0
D_k9_2od_x1.2,D,init,0,8,23,23,77,9.0
D_k9_2od_x1.2,D,init,0,9,23,23,80,9.0
D_k9_2od_x1.2,D,init,0,10,23,23,77,9.0
D_k9_2od_x1.2,D,init,0,11,23,23,78,9.0
D_k9_2od_x1.2,D,init,0,12,23,23,81,9.0
D_k9_2od_x1.2,D,init,0,13,23,23,80,9.0
D_k9_2od_x1.2,D,init,0,14,23,23,82,9.0
D_k9_2od_x1.2,D,init,0,15,23,23,85,9.0
D_k9_2od_x1.2,D,init,1,1,24,22,61,4.375
D_k9_2od_x1.2,D,init,1,2,23,23,81,9.0
D_k9_2od_x1.2,D,init,1,3,23,23,79,9.0
D_k9_2od_x1.2,D,init,1,4,23,23,78,9.0
D_k9_2od_x1.2,D,init,1,5,23,23,84,9.0
D_k9_2od_x1.2,D,init,1,6,23,23,81,9.0
D_k9_2od_x1.2,D,init,1,7,23,23,84,9.0
D_k9_2od_x1.2,D,init,1,8,23,23,80,9.0
D_k9_2od_x1.2,D,init,1,9,23,23,76,9.0
D_k9_2od_x1.2,D,init,1,10,23,23,76,9.0
D_k9_2od_x1.2,D,init,1,11,23,23,73,9.0
D_k9_2od_x1.2,D,init,1,12,23,23,80,9.0
D_k9_2od_x1.2,D,init,1,13,23,23,78,9.0
D_k9_2od_x1.2,D,init,1,14,23,23,79,9.0
D_k9_2od_x1.2,D,init,1,15,23,23,74,9.0
D_k9_2od_x1.2,D,init,2,1,24,21,60,4.416666666666667
D_k9_2od_x1.2,D,init,2,2,23,23,76,9.0
D_k9_2od_x1.2,D,init,2,3,23,23,78,9.0
D_k9_2od_x1.2,D,init,2,4,23,23,81,9.0
D_k9_2od_x1.2,D,init,2,5,23,23,79,9.0
D_k9_2od_x1.2,D,init,2,6,23,23,76,9.0
D_k9_2od_x1.2,D,init,2,7,23,23,78,9.0
D_k9_2od_x1.2,D,init,2,8,23,23,75,9.0
D_k9_2od_x1.2,D,init,2,9,23,23,80,9.0
D_k9_2od_x1.2,D,init,2,10,23,23,77,9.0
D_k9_2od_x1.2,D,init,2,11,23,23,79,9.0
D_k9_2od_x1.2,D,init,2,12,23,23,75,9.0
D_k9_2od_x1.2,D,init,2,13,23,23,77,9.0
D_k9_2od_x1.2,D,init,2,14,23,23,76,9.0
D_k9_2od_x1.2,D,init,2,15,23,23,77,9.0
D_k9_2od_x1.2,D,init,3,1,24,24,64,5.416666666666667
D_k9_2od_x1.2,D,init,3,2,23,23,74,9.0
D_k9_2od_x1.2,D,init,3,3,23,23,73,9.0
D_k9_2od_x1.2,D,init,3,4,23,23,83,9.0
D_k9_2od_x1.2,D,init,3,5,23,23,76,9.0
D_k9_2od_x1.2,D,init,3,6,23,23,74,9.0
D_k9_2od_x1.2,D,init,3,7,23,23,80,9.0
D_k9_2od_x1.2,D,init,3,8,23,23,76,9.0
D_k9_2od_x1.2,D,init,3,9,23,23,81,9.0
D_k9_2od_x1.2,D,init,3,10,23,23,82,9.0
D_k9_2od_x1.2,D,init,3,11,23,23,83,9.0
D_k9_2od_x1.2,D,init,3,12,23,23,80,9.0
D_k9_2od_x1.2,D,init,3,13,23,23,80,9.0
D_k9_2od_x1.2,D,init,3,14,23,23,80,9.0
D_k9_2od_x1.2,D,init,3,15,23,23,74,9.0
D_k9_2od_x1.2,D,init,4,1,24,21,55,3.5416666666666665
D_k9_2od_x1.2,D,init,4,2,23,23,78,9.0
D_k9_2od_x1.2,D,init,4,3,23,23,75,9.0
D_k9_2od_x1.2,D,init,4,4,23,23,75,9.0
D_k9_2od_x1.2,D,init,4,5,23,23,74,9.0
D_k9_2od_x1.2,D,init,4,6,23,23,74,9.0
D_k9_2od_x1.2,D,init,4,7,23,23,78,9.0
D_k9_2od_x1.2,D,init,4,8,23,23,82,9.0
D_k9_2od_x1.2,D,init,4,9,23,23,79,9.0
D_k9_2od_x1.2,D,init,4,10,23,23,79,9.0
D_k9_2od_x1.2,D,init,4,11,23,23,78,9.0
D_k9_2od_x1.2,D,init,4,12,23,23,82,9.0
D_k9_2od_x1.2,D,init,4,13,23,23,77,9.0
D_k9_2od_x1.2,D,init,4,14,23,23,78,9.0
D_k9_2od_x1.2,D,init,4,15,23,23,80,9.0
D_k9_2od_x1.2,D,init,5,1,24,22,57,4.25
D_k9_2od_x1.2,D,init,5,2,23,23,80,9.0
D_k9_2od_x1.2,D,init,5,3,23,23,80,9.0
D_k9_2od_x1.2,D,init,5,4,23,23,83,9.0
D_k9_2od_x1.2,D,init,5,5,23,23,82,9.0
D_k9_2od_x1.2,D,init,5,6,23,23,80,9.0
D_k9_2od_x1.2,D,init,5,7,23,23,77,9.0
D_k9_2od_x1.2,D,init,5,8,23,23,79,9.0
D_k9_2od_x1.2,D,init,5,9,23,23,84,9.0
D_k9_2od_x1.2,D,init,5,10,23,23,83,9.0
D_k9_2od_x1.2,D,init,5,11,23,23,79,9.0
D_k9_2od_x1.2,D,init,5,12,23,23,77,9.0
D_k9_2od_x1.2,D,init,5,13,23,23,85,9.0
D_k9_2od_x1.2,D,init,5,14,23,23,82,9.0
D_k9_2od_x1.2,D,init,5,15,23,23,79,9.0
D_k9_2od_x1.2,D,init,6,1,24,22,64,4.958333333333333
D_k9_2od_x1.2,D,init,6,2,23,23,79,9.0
D_k9_2od_x1.2,D,init,6,3,23,23,80,9.0
D_k9_2od_x1.2,D,init,6,4,23,23,79,9.0
D_k9_2od_x1.2,D,init,6,5,23,23,79,9.0
D_k9_2od_x1.2,D,init,6,6,23,23,77,9.0
D_k9_2od_x1.2,D,init,6,7,23,23,80,9.0
D_k9_2od_x1.2,D,init,6,8,23,23,74,9.0
D_k9_2od_x1.2,D,init,6,9,23,23,77,9.0
D_k9_2od_x1.2,D,init,6,10,23,23,76,9.0
D_k9_2od_x1.2,D,init,6,11,23,23,72,9.0
D_k9_2od_x1.2,D,init,6,12,23,23,70,9.0
D_k9_2od_x1.2,D,init,6,13,23,23,81,9.0
D_k9_2od_x1.2,D,init,6,14,23,23,78,9.0
D_k9_2od_x1.2,D,init,6,15,23,23,79,9.0
D_k9_2od_x1.2,D,init,7,1,24,21,56,3.75
D_k9_2od_x1.2,D,init,7,2,23,23,78,9.0
D_k9_2od_x1.2,D,init,7,3,23,23,76,9.0
D_k9_2od_x1.2,D,init,7,4,23,23,74,9.0
D_k9_2od_x1.2,D,init,7,5,23,23,76,9.0
D_k9_2od_x1.2,D,init,7,6,23,23,80,9.0
D_k9_2od_x1.2,D,init,7,7,23,23,80,9.0
D_k9_2od_x1.2,D,init,7,8,23,23,72,9.0
D_k9_2od_x1.2,D,init,7,9,23,23,74,9.0
D_k9_2od_x1.2,D,init,7,10,23,23,74,9.0
D_k9_2od_x1.2,D,init,7,11,23,23,78,9.0
D_k9_2od_x1.2,D,init,7,12,23,23,72,9.0
D_k9_2od_x1.2,D,init,7,13,23,23,77,9.0
D_k9_2od_x1.2,D,init,7,14,23,23,79,9.0
D_k9_2od_x1.2,D,init,7,15,23,23,77,9.0
D_k9_2od_x1.2,D,init,8,1,24,23,55,4.375
D_k9_2od_x1.2,D,init,8,2,23,23,84,9.0
D_k9_2od_x1.2,D,init,8,3,23,23,82,9.0
D_k9_2od_x1.2,D,init,8,4,23,23,84,9.0
D_k9_2od_x1.2,D,init,8,5,23,23,81,9.0
D_k9_2od_x1.2,D,init,8,6,23,23,81,9.0
D_k9_2od_x1.2,D,init,8,7,23,23,82,9.0
D_k9_2od_x1.2,D,init,8,8,23,23,74,9.0
D_k9_2od_x1.2,D,init,8,9,23,23,78,9.0
D_k9_2od_x1.2,D,init,8,10,23,23,77,9.0
D_k9_2od_x1.2,D,init,8,11,23,23,81,9.0
D_k9_2od_x1.2,D,init,8,12,23,23,80,9.0
D_k9_2od_x1.2,D,init,8,13,23,23,77,9.0
D_k9_2od_x1.2,D,init,8,14,23,23,76,9.0
D_k9_2od_x1.2,D,init,8,15,23,23,75,9.0
D_k9_2od_x1.2,D,init,9,1,24,22,62,4.541666666666667
D_k9_2od_x1.2,D,init,9,2,23,23,76,9.0
D_k9_2od_x1.2,D,init,9,3,23,23,82,9.0
D_k9_2od_x1.2,D,init,9,4,23,23,82,9.0
D_k9_2od_x1.2,D,init,9,5,23,23,77,9.0
D_k9_2od_x1.2,D,init,9,6,23,23,79,9.0
D_k9_2od_x1.2,D,init,9,7,23,23,80,9.0
D_k9_2od_x1.2,D,init,9,8,23,23,74,9.0
D_k9_2od_x1.2,D,init,9,9,23,23,83,9.0
D_k9_2od_x1.2,D,init,9,10,23,23,81,9.0
D_k9_2od_x1.2,D,init,9,11,23,23,81,9.0
D_k9_2od_x1.2,D,init,9,12,23,23,78,9.0
D_k9_2od_x1.2,D,init,9,13,23,23,76,9.0
D_k9_2od_x1.2,D,init,9,14,23,23,83,9.0
D_k9_2od_x1.2,D,init,9,15,23,23,81,9.0
D_k9_2od_x1.2,D,mutation,0,1,24,24,75,5.791666666666667
D_k9_2od_x1.2,D,mutation,0,2,23,23,80,9.0
D_k9_2od_x1.2,D,mutation,0,3,23,23,76,9.0
D_k9_2od_x1.2,D,mutation,0,4,23,23,71,9.0
D_k9_2od_x1.2,D,mutation,0,5,23,23,70,9.0
D_k9_2od_x1.2,D,mutation,0,6,23,23,74,9.0
D_k9_2od_x1.2,D,mutation,0,7,23,23,71,9.0
D_k9_2od_x1.2,D,mutation,0,8,23,23,77,9.0
D_k9_2od_x1.2,D,mutation,0,9,23,23,76,9.0
D_k9_2od_x1.2,D,mutation,0,10,23,23,74,9.0
D_k9_2od_x1.2,D,mutation,0,11,23,23,71,9.0
D_k9_2od_x1.2,D,mutation,0,12,23,23,75,9.0
D_k9_2od_x1.2,D,mutation,0,13,23,23,74,9.0
D_k9_2od_x1.2,D,mutation,0,14,23,23,72,9.0
D_k9_2od_x1.2,D,mutation,0,15,23,23,75,9.0
D_k9_2od_x1.2,D,mutation,1,1,24,24,69,4.291666666666667
D_k9_2od_x1.2,D,mutation,1,2,23,23,74,9.0
D_k9_2od_x1.2,D,mutation,1,3,23,23,79,9.0
D_k9_2od_x1.2,D,mutation,1,4,23,23,75,9.0
D_k9_2od_x1.2,D,mutation,1,5,23,23,74,9.0
D_k9_2od_x1.2,D,mutation,1,6,23,23,76,9.0
D_k9_2od_x1.2,D,mutation,1,7,23,23,81,9.0
D_k9_2od_x1.2,D,mutation,1,8,23,23,77,9.0
D_k9_2od_x1.2,D,mutation,1,9,23,23,74,9.0
D_k9_2od_x1.2,D,mutation,1,10,23,23,76,9.0
D_k9_2od_x1.2,D,mutation,1,11,23,23,71,9.0
D_k9_2od_x1.2,D,mutation,1,12,23,23,70,9.0
D_k9_2od_x1.2,D,mutation,1,13,23,23,73,9.0
D_k9_2od_x1.2,D,mutation,1,14,23,23,73,9.0
D_k9_2od_x1.2,D,mutation,1,15,23,23,74,9.0
D_k9_2od_x1.2,D,mutation,2,1,24,24,68,5.291666666666667
D_k9_2od_x1.2,D,mutation,2,2,23,23,75,9.0
D_k9_2od_x1.2,D,mutation,2,3,23,23,74,9.0
D_k9_2od_x1.2,D,mutation,2,4,23,23,76,9.0
D_k9_2od_x1.2,D,mutation,2,5,23,23,70,9.0
D_k9_2od_x1.2,D,mutation,2,6,23,23,74,9.0
D_k9_2od_x1.2,D,mutation,2,7,23,23,80,9.0
D_k9_2od_x1.2,D,mutation,2,8,23,23,77,9.0
D_k9_2od_x1.2,D,mutation,2,9,23,23,73,9.0
D_k9_2od_x1.2,D,mutation,2,10,23,23,76,9.0
D_k9_2od_x1.2,D,mutation,2,11,23,23,72,9.0
D_k9_2od_x1.2,D,mutation,2,12,23,23,75,9.0
D_k9_2od_x1.2,D,mutation,2,13,23,23,74,9.0
D_k9_2od_x1.2,D,mutation,2,14,23,23,68,9.0
D_k9_2od_x1.2,D,mutation,2,15,23,23,71,9.0
D_k9_2od_x1.2,D,mutation,3,1,24,24,66,4.166666666666667
D_k9_2od_x1.2,D,mutation,3,2,23,23,84,9.0
D_k9_2od_x1.2,D,mutation,3,3,23,23,79,9.0
D_k9_2od_x1.2,D,mutation,3,4,23,23,79,9.0
D_k9_2od_x1.2,D,mutation,3,5,23,23,74,9.0
D_k9_2od_x1.2,D,mutation,3,6,23,23,75,9.0
D_k9_2od_x1.2,D,mutation,3,7,23,23,77,9.0
D_k9_2od_x1.2,D,mutation,3,8,23,23,71,9.0
D_k9_2od_x1.2,D,mutation,3,9,23,23,70,9.0
D_k9_2od_x1.2,D,mutation,3,10,23,23,77,9.0
D_k9_2od_x1.2,D,mutation,3,11,23,23,72,9.0
D_k9_2od_x1.2,D,mutation,3,12,23,23,70,9.0
D_k9_2od_x1.2,D,mutation,3,13,23,23,71,9.0
D_k9_2od_x1.2,D,mutation,3,14,23,23,76,9.0
D_k9_2od_x1.2,D,mutation,3,15,23,23,73,9.0
D_k9_2od_x1.2,D,mutation,4,1,24,24,62,4.083333333333333
D_k9_2od_x1.2,D,mutation,4,2,23,23,79,9.0
D_k9_2od_x1.2,D,mutation,4,3,23,23,79,9.0
D_k9_2od_x1.2,D,mutation,4,4,23,23,81,9.0
D_k9_2od_x1.2,D,mutation,4,5,23,23,72,9.0
D_k9_2od_x1.2,D,mutation,4,6,23,23,73,9.0
D_k9_2od_x1.2,D,mutation,4,7,23,23,74,9.0
D_k9_2od_x1.2,D,mutation,4,8,23,23,73,9.0
D_k9_2od_x1.2,D,mutation,4,9,23,23,76,9.0
D_k9_2od_x1.2,D,mutation,4,10,23,23,76,9.0
D_k9_2od_x1.2,D,mutation,4,11,23,23,73,9.0
D_k9_2od_x1.2,D,mutation,4,12,23,23,75,9.0
D_k9_2od_x1.2,D,mutation,4,13,23,23,76,9.0
D_k9_2od_x1.2,D,mutation,4,14,23,23,76,9.0
D_k9_2od_x1.2,D,mutation,4,15,23,23,72,9.0
D_k9_2od_x1.2,D,mutation,5,1,24,24,60,4.625
D_k9_2od_x1.2,D,mutation,5,2,23,23,81,9.0
D_k9_2od_x1.2,D,mutation,5,3,23,23,72,9.0
D_k9_2od_x1.2,D,mutation,5,4,23,23,77,9.0
D_k9_2od_x1.2,D,mutation,5,5,23,23,77,9.0
D_k9_2od_x1.2,D,mutation,5,6,23,23,77,9.0
D_k9_2od_x1.2,D,mutation,5,7,23,23,73,9.0
D_k9_2od_x1.2,D,mutation,5,8,23,23,79,9.0
D_k9_2od_x1.2,D,mutation,5,9,23,23,74,9.0
D_k9_2od_x1.2,D,mutation,5,10,23,23,76,9.0
D_k9_2od_x1.2,D,mutation,5,11,23,23,73,9.0
D_k9_2od_x1.2,D,mutation,5,12,23,23,70,9.0
D_k9_2od_x1.2,D,mutation,5,13,23,23,72,9.0
D_k9_2od_x1.2,D,mutation,5,14,23,23,78,9.0
D_k9_2od_x1.2,D,mutation,5,15,23,23,76,9.0
D_k9_2od_x1.2,D,mutation,6,1,24,24,66,5.125
D_k9_2od_x1.2,D,mutation,6,2,23,23,79,9.0
D_k9_2od_x1.2,D,mutation,6,3,23,23,77,9.0
D_k9_2od_x1.2,D,mutation,6,4,23,23,75,9.0
D_k9_2od_x1.2,D,mutation,6,5,23,23,77,9.0
D_k9_2od_x1.2,D,mutation,6,6,23,23,78,9.0
D_k9_2od_x1.2,D,mutation,6,7,23,23,80,9.0
D_k9_2od_x1.2,D,mutation,6,8,23,23,67,9.0
D_k9_2od_x1.2,D,mutation,6,9,23,23,71,9.0
D_k9_2od_x1.2,D,mutation,6,10,23,23,75,9.0
D_k9_2od_x1.2,D,mutation,6,11,23,23,71,9.0
D_k9_2od_x1.2,D,mutation,6,12,23,23,72,9.0
D_k9_2od_x1.2,D,mutation,6,13,23,23,74,9.0
D_k9_2od_x1.2,D,mutation,6,14,23,23,76,9.0
D_k9_2od_x1.2,D,mutation,6,15,23,23,76,9.0
D_k9_2od_x1.2,D,mutation,7,1,24,24,69,5.333333333333333
D_k9_2od_x1.2,D,mutation,7,2,23,23,81,9.0
D_k9_2od_x1.2,D,mutation,7,3,23,23,74,9.0
D_k9_2od_x1.2,D,mutation,7,4,23,23,75,9.0
D_k9_2od_x1.2,D,mutation,7,5,23,23,74,9.0
D_k9_2od_x1.2,D,mutation,7,6,23,23,77,9.0
D_k9_2od_x1.2,D,mutation,7,7,23,23,78,9.0
D_k9_2od_x1.2,D,mutation,7,8,23,23,75,9.0
D_k9_2od_x1.2,D,mutation,7,9,23,23,71,9.0
D_k9_2od_x1.2,D,mutation,7,10,23,23,75,9.0
D_k9_2od_x1.2,D,mutation,7,11,23,23,74,9.0
D_k9_2od_x1.2,D,mutation,7,12,23,23,75,9.0
D_k9_2od_x1.2,D,mutation,7,13,23,23,79,9.0
D_k9_2od_x1.2,D,mutation,7,14,23,23,70,9.0
D_k9_2od_x1.2,D,mutation,7,15,23,23,70,9.0
D_k9_2od_x1.2,D,mutation,8,1,24,24,60,4.291666666666667
D_k9_2od_x1.2,D,mutation,8,2,23,23,78,9.0
D_k9_2od_x1.2,D,mutation,8,3,23,23,70,9.0
D_k9_2od_x1.2,D,mutation,8,4,23,23,78,9.0
D_k9_2od_x1.2,D,mutation,8,5,23,23,77,9.0
D_k9_2od_x1.2,D,mutation,8,6,23,23,71,9.0
D_k9_2od_x1.2,D,mutation,8,7,23,23,75,9.0
D_k9_2od_x1.2,D,mutation,8,8,23,23,73,9.0
D_k9_2od_x1.2,D,mutation,8,9,23,23,71,9.0
D_k9_2od_x1.2,D,mutation,8,10,23,23,74,9.0
D_k9_2od_x1.2,D,mutation,8,11,23,23,73,9.0
D_k9_2od_x1.2,D,mutation,8,12,23,23,74,9.0
D_k9_2od_x1.2,D,mutation,8,13,23,23,72,9.0
D_k9_2od_x1.2,D,mutation,8,14,23,23,71,9.0
D_k9_2od_x1.2,D,mutation,8,15,23,23,71,9.0
D_k9_2od_x1.2,D,mutation,9,1,24,24,73,5.0
D_k9_2od_x1.2,D,mutation,9,2,23,23,76,9.0
D_k9_2od_x1.2,D,mutation,9,3,23,23,72,9.0
D_k9_2od_x1.2,D,mutation,9,4,23,23,70,9.0
D_k9_2od_x1.2,D,mutation,9,5,23,23,74,9.0
D_k9_2od_x1.2,D,mutation,9,6,23,23,76,9.0
D_k9_2od_x1.2,D,mutation,9,7,23,23,76,9.0
D_k9_2od_x1.2,D,mutation,9,8,23,23,77,9.0
D_k9_2od_x1.2,D,mutation,9,9,23,23,75,9.0
D_k9_2od_x1.2,D,mutation,9,10,23,23,71,9.0
D_k9_2od_x1.2,D,mutation,9,11,23,23,73,9.0
D_k9_2od_x1.2,D,mutation,9,12,23,23,75,9.0
D_k9_2od_x1.2,D,mutation,9,13,23,23,76,9.0
D_k9_2od_x1.2,D,mutation,9,14,23,23,71,9.0
D_k9_2od_x1.2,D,mutation,9,15,23,23,74,9.0
D_k9_2od_x1.2,D,none,0,1,24,24,75,5.791666666666667
D_k9_2od_x1.2,D,none,0,2,23,23,78,9.0
D_k9_2od_x1.2,D,none,0,3,23,23,78,9.0
D_k9_2od_x1.2,D,none,0,4,23,23,78,9.0
D_k9_2od_x1.2,D,none,0,5,23,23,78,9.0
D_k9_2od_x1.2,D,none,0,6,23,23,77,9.0
D_k9_2od_x1.2,D,none,0,7,23,23,77,9.0
D_k9_2od_x1.2,D,none,0,8,23,23,78,9.0
D_k9_2od_x1.2,D,none,0,9,23,23,80,9.0
D_k9_2od_x1.2,D,none,0,10,23,23,81,9.0
D_k9_2od_x1.2,D,none,0,11,23,23,80,9.0
D_k9_2od_x1.2,D,none,0,12,23,23,77,9.0
D_k9_2od_x1.2,D,none,0,13,23,23,83,9.0
D_k9_2od_x1.2,D,none,0,14,23,23,77,9.0
D_k9_2od_x1.2,D,none,0,15,23,23,82,9.0
D_k9_2od_x1.2,D,none,1,1,24,24,69,4.291666666666667
D_k9_2od_x1.2,D,none,1,2,23,23,88,9.0
D_k9_2od_x1.2,D,none,1,3,23,23,82,9.0
D_k9_2od_x1.2,D,none,1,4,23,23,77,9.0
D_k9_2od_x1.2,D,none,1,5,23,23,77,9.0
D_k9_2od_x1.2,D,none,1,6,23,23,81,9.0
D_k9_2od_x1.2,D,none,1,7,23,23,77,9.0
D_k9_2od_x1.2,D,none,1,8,23,23,78,9.0
D_k9_2od_x1.2,D,none,1,9,23,23,75,9.0
D_k9_2od_x1.2,D,none,1,10,23,23,78,9.0
D_k9_2od_x1.2,D,none,1,11,23,23,86,9.0
D_k9_2od_x1.2,D,none,1,12,23,23,75,9.0
D_k9_2od_x1.2,D,none,1,13,23,23,78,9.0
D_k9_2od_x1.2,D,none,1,14,23,23,77,9.0
D_k9_2od_x1.2,D,none,1,15,23,23,76,9.0
D_k9_2od_x1.2,D,none,2,1,24,24,68,5.291666666666667
D_k9_2od_x1.2,D,none,2,2,23,23,81,9.0
D_k9_2od_x1.2,D,none,2,3,23,23,82,9.0
D_k9_2od_x1.2,D,none,2,4,23,23,81,9.0
D_k9_2od_x1.2,D,none,2,5,23,23,75,9.0
D_k9_2od_x1.2,D,none,2,6,23,23,79,9.0
D_k9_2od_x1.2,D,none,2,7,23,23,77,9.0
D_k9_2od_x1.2,D,none,2,8,23,23,79,9.0
D_k9_2od_x1.2,D,none,2,9,23,23,80,9.0
D_k9_2od_x1.2,D,none,2,10,23,23,77,9.0
D_k9_2od_x1.2,D,none,2,11,23,23,78,9.0
D_k9_2od_x1.2,D,none,2,12,23,23,84,9.0
D_k9_2od_x1.2,D,none,2,13,23,23,79,9.0
D_k9_2od_x1.2,D,none,2,14,23,23,76,9.0
D_k9_2od_x1.2,D,none,2,15,23,23,76,9.0
D_k9_2od_x1.2,D,none,3,1,24,24,66,4.166666666666667
D_k9_2od_x1.2,D,none,3,2,23,23,86,9.0
D_k9_2od_x1.2,D,none,3,3,23,23,80,9.0
D_k9_2od_x1.2,D,none,3,4,23,23,76,9.0
D_k9_2od_x1.2,D,none,3,5,23,23,77,9.0
D_k9_2od_x1.2,D,none,3,6,23,23,76,9.0
D_k9_2od_x1.2,D,none,3,7,23,23,82,9.0
D_k9_2od_x1.2,D,none,3,8,23,23,82,9.0
D_k9_2od_x1.2,D,none,3,9,23,23,79,9.0
D_k9_2od_x1.2,D,none,3,10,23,23,76,9.0
D_k9_2od_x1.2,D,none,3,11,23,23,77,9.0
D_k9_2od_x1.2,D,none,3,12,23,23,74,9.0
D_k9_2od_x1.2,D,none,3,13,23,23,80,9.0
D_k9_2od_x1.2,D,none,3,14,23,23,80,9.0
D_k9_2od_x1.2,D,none,3,15,23,23,81,9.0
D_k9_2od_x1.2,D,none,4,1,24,24,62,4.083333333333333
D_k9_2od_x1.2,D,none,4,2,23,23,81,9.0
D_k9_2od_x1.2,D,none,4,3,23,23,85,9.0
D_k9_2od_x1.2,D,none,4,4,23,23,77,9.0
D_k9_2od_x1.2,D,none,4,5,23,23,79,9.0
D_k9_2od_x1.2,D,none,4,6,23,23,83,9.0
D_k9_2od_x1.2,D,none,4,7,23,23,83,9.0
D_k9_2od_x1.2,D,none,4,8,23,23,73,9.0
D_k9_2od_x1.2,D,none,4,9,23,23,79,9.0
D_k9_2od_x1.2,D,none,4,10,23,23,84,9.0
D_k9_2od_x1.2,D,none,4,11,23,23,80,9.0
D_k9_2od_x1.2,D,none,4,12,23,23,76,9.0
D_k9_2od_x1.2,D,none,4,13,23,23,80,9.0
D_k9_2od_x1.2,D,none,4,14,23,23,77,9.0
D_k9_2od_x1.2,D,none,4,15,23,23,76,9.0
D_k9_2od_x1.2,D,none,5,1,24,24,60,4.625
D_k9_2od_x1.2,D,none,5,2,23,23,79,9.0
D_k9_2od_x1.2,D,none,5,3,23,23,79,9.0
D_k9_2od_x1.2,D,none,5,4,23,23,74,9.0
D_k9_2od_x1.2,D,none,5,5,23,23,76,9.0
D_k9_2od_x1.2,D,none,5,6,23,23,78,9.0
D_k9_2od_x1.2,D,none,5,7,23,23,77,9.0
D_k9_2od_x1.2,D,none,5,8,23,23,79,9.0
D_k9_2od_x1.2,D,none,5,9,23,23,75,9.0
D_k9_2od_x1.2,D,none,5,10,23,23,77,9.0
D_k9_2od_x1.2,D,none,5,11,23,23,76,9.0
D_k9_2od_x1.2,D,none,5,12,23,23,79,9.0
D_k9_2od_x1.2,D,none,5,13,23,23,77,9.0
D_k9_2od_x1.2,D,none,5,14,23,23,77,9.0
D_k9_2od_x1.2,D,none,5,15,23,23,80,9.0
D_k9_2od_x1.2,D,none,6,1,24,24,66,5.125
D_k9_2od_x1.2,D,none,6,2,23,23,79,9.0
D_k9_2od_x1.2,D,none,6,3,23,23,78,9.0
D_k9_2od_x1.2,D,none,6,4,23,23,81,9.0
D_k9_2od_x1.2,D,none,6,5,23,23,77,9.0
D_k9_2od_x1.2,D,none,6,6,23,23,82,9.0
D_k9_2od_x1.2,D,none,6,7,23,23,81,9.0
D_k9_2od_x1.2,D,none,6,8,23,23,77,9.0
D_k9_2od_x1.2,D,none,6,9,23,23,76,9.0
D_k9_2od_x1.2,D,none,6,10,23,23,73,9.0
D_k9_2od_x1.2,D,none,6,11,23,23,77,9.0
D_k9_2od_x1.2,D,none,6,12,23,23,79,9.0
D_k9_2od_x1.2,D,none,6,13,23,23,76,9.0
D_k9_2od_x1.2,D,none,6,14,23,23,82,9.0
D_k9_2od_x1.2,D,none,6,15,23,23,80,9.0
D_k9_2od_x1.2,D,none,7,1,24,24,69,5.333333333333333
D_k9_2od_x1.2,D,none,7,2,23,23,79,9.0
D_k9_2od_x1.2,D,none,7,3,23,23,74,9.0
D_k9_2od_x1.2,D,none,7,4,23,23,75,9.0
D_k9_2od_x1.2,D,none,7,5,23,23,78,9.0
D_k9_2od_x1.2,D,none,7,6,23,23,69,9.0
D_k9_2od_x1.2,D,none,7,7,23,23,74,9.0
D_k9_2od_x1.2,D,none,7,8,23,23,72,9.0
D_k9_2od_x1.2,D,none,7,9,23,23,76,9.0
D_k9_2od_x1.2,D,none,7,10,23,23,80,9.0
D_k9_2od_x1.2,D,none,7,11,23,23,77,9.0
D_k9_2od_x1.2,D,none,7,12,23,23,78,9.0
D_k9_2od_x1.2,D,none,7,13,23,23,81,9.0
D_k9_2od_x1.2,D,none,7,14,23,23,76,9.0
D_k9_2od_x1.2,D,none,7,15,23,23,79,9.0
D_k9_2od_x1.2,D,none,8,1,24,24,60,4.291666666666667
D_k9_2od_x1.2,D,none,8,2,23,23,80,9.0
D_k9_2od_x1.2,D,none,8,3,23,23,78,9.0
D_k9_2od_x1.2,D,none,8,4,23,23,77,9.0
D_k9_2od_x1.2,D,none,8,5,23,23,80,9.0
D_k9_2od_x1.2,D,none,8,6,23,23,77,9.0
D_k9_2od_x1.2,D,none,8,7,23,23,79,9.0
D_k9_2od_x1.2,D,none,8,8,23,23,81,9.0
D_k9_2od_x1.2,D,none,8,9,23,23,77,9.0
D_k9_2od_x1.2,D,none,8,10,23,23,85,9.0
D_k9_2od_x1.2,D,none,8,11,23,23,82,9.0
D_k9_2od_x1.2,D,none,8,12,23,23,80,9.0
D_k9_2od_x1.2,D,none,8,13,23,23,79,9.0
D_k9_2od_x1.2,D,none,8,14,23,23,77,9.0
D_k9_2od_x1.2,D,none,8,15,23,23,79,9.0
D_k9_2od_x1.2,D,none,9,1,24,24,73,5.0
D_k9_2od_x1.2,D,none,9,2,23,23,82,9.0
D_k9_2od_x1.2,D,none,9,3,23,23,78,9.0
D_k9_2od_x1.2,D,none,9,4,23,23,78,9.0
D_k9_2od_x1.2,D,none,9,5,23,23,79,9.0
D_k9_2od_x1.2,D,none,9,6,23,23,78,9.0
D_k9_2od_x1.2,D,none,9,7,23,23,74,9.0
D_k9_2od_x1.2,D,none,9,8,23,23,80,9.0
D_k9_2od_x1.2,D,none,9,9,23,23,82,9.0
D_k9_2od_x1.2,D,none,9,10,23,23,80,9.0
D_k9_2od_x1.2,D,none,9,11,23,23,76,9.0
D_k9_2od_x1.2,D,none,9,12,23,23,71,9.0
D_k9_2od_x1.2,D,none,9,13,23,23,79,9.0
D_k9_2od_x1.2,D,none,9,14,23,23,75,9.0
D_k9_2od_x1.2,D,none,9,15,23,23,79,9.0
D_k9_3od_x0.8,D,both,0,1,24,24,54,4.958333333333333
D_k9_3od_x0.8,D,both,0,2,23,23,72,9.0
D_k9_3od_x0.8,D,both,0,3,23,23,67,9.0
D_k9_3od_x0.8,D,both,0,4,23,23,64,9.0
D_k9_3od_x0.8,D,both,0,5,23,23,61,9.0
D_k9_3od_x0.8,D,both,0,6,23,23,62,9.0
D_k9_3od_x0.8,D,both,0,7,23,23,61,9.0
D_k9_3od_x0.8,D,both,0,8,23,23,58,9.0
D_k9_3od_x0.8,D,both,0,9,23,23,60,9.0
D_k9_3od_x0.8,D,both,0,10,23,23,58,9.0
D_k9_3od_x0.8,D,both,0,11,23,23,61,9.0
D_k9_3od_x0.8,D,both,0,12,23,23,68,9.0
D_k9_3od_x0.8,D,both,0,13,23,23,67,9.0
D_k9_3od_x0.8,D,both,0,14,23,23,60,9.0
D_k9_3od_x0.8,D,both,0,15,23,23,63,9.0
D_k9_3od_x0.8,D,both,1,1,24,22,54,4.375
D_k9_3od_x0.8,D,both,1,2,23,23,64,9.0
D_k9_3od_x0.8,D,both,1,3,23,23,65,9.0
D_k9_3od_x0.8,D,both,1,4,23,23,61,9.0
D_k9_3od_x0.8,D,both,1,5,23,23,63,9.0
D_k9_3od_x0.8,D,both,1,6,23,23,66,9.0
D_k9_3od_x0.8,D,both,1,7,23,23,66,9.0
D_k9_3od_x0.8,D,both,1,8,23,23,63,9.0
D_k9_3od_x0.8,D,both,1,9,23,23,59,9.0
D_k9_3od_x0.8,D,both,1,10,23,23,60,9.0
D_k9_3od_x0.8,D,both,1,11,23,23,66,9.0
D_k9_3od_x0.8,D,both,1,12,23,23,63,9.0
D_k9_3od_x0.8,D,both,1,13,23,23,58,9.0
D_k9_3od_x0.8,D,both,1,14,23,23,60,9.0
D_k9_3od_x0.8,D,both,1,15,23,23,56,9.0
D_k9_3od_x0.8,D,both,2,1,24,21,52,4.416666666666667
D_k9_3od_x0.8,D,both,2,2,23,23,65,9.0
D_k9_3od_x0.8,D,both,2,3,23,23,70,9.0
D_k9_3od_x0.8,D,both,2,4,23,23,60,9.0
D_k9_3od_x0.8,D,both,2,5,23,23,62,9.0
D_k9_3od_x0.8,D,both,2,6,23,23,67,9.0
D_k9_3od_x0.8,D,both,2,7,23,23,61,9.0
D_k9_3od_x0.8,D,both,2,8,23,23,59,9.0
D_k9_3od_x0.8,D,both,2,9,23,23,59,9.0
D_k9_3od_x0.8,D,both,2,10,23,23,58,9.0
D_k9_3od_x0.8,D,both,2,11,23,23,65,9.0
D_k9_3od_x0.8,D,both,2,12,23,23,64,9.0
D_k9_3od_x0.8,D,both,2,13,23,23,56,9.0
D_k9_3od_x0.8,D,both,2,14,23,23,65,9.0
D_k9_3od_x0.8,D,both,2,15,23,23,61,9.0
D_k9_3od_x0.8,D,both,3,1,24,24,53,5.416666666666667
D_k9_3od_x0.8,D,both,3,2,23,23,63,9.0
D_k9_3od_x0.8,D,both,3,3,23,23,65,9.0
D_k9_3od_x0.8,D,both,3,4,23,23,62,9.0
D_k9_3od_x0.8,D,both,3,5,23,23,62,9.0
D_k9_3od_x0.8,D,both,3,6,23,23,64,9.0
D_k9_3od_x0.8,D,both,3,7,23,23,60,9.0
D_k9_3od_x0.8,D,both,3,8,23,23,60,9.0
D_k9_3od_x0.8,D,both,3,9,23,23,58,9.0
D_k9_3od_x0.8,D,both,3,10,23,23,64,9.0
D_k9_3od_x0.8,D,both,3,11,23,23,65,9.0
D_k9_3od_x0.8,D,both,3,12,23,23,62,9.0
D_k9_3od_x0.8,D,both,3,13,23,23,65,9.0
D_k9_3od_x0.8,D,both,3,14,23,23,66,9.0
D_k9_3od_x0.8,D,both,3,15,23,23,62,9.0
D_k9_3od_x0.8,D,both,4,1,24,22,44,3.5416666666666665
D_k9_3od_x0.8,D,both,4,2,23,23,68,9.0
D_k9_3od_x0.8,D,both,4,3,23,23,59,9.0
D_k9_3od_x0.8,D,both,4,4,23,23,67,9.0
D_k9_3od_x0.8,D,both,4,5,23,23,53,9.0
D_k9_3od_x0.8,D,both,4,6,23,23,63,9.0
D_k9_3od_x0.8,D,both,4,7,23,23,60,9.0
D_k9_3od_x0.8,D,both,4,8,23,23,60,9.0
D_k9_3od_x0.8,D,both,4,9,23,23,55,9.0
D_k9_3od_x0.8,D,both,4,10,23,23,61,9.0
D_k9_3od_x0.8,D,both,4,11,23,23,61,9.0
D_k9_3od_x0.8,D,both,4,12,23,23,58,9.0
D_k9_3od_x0.8,D,both,4,13,23,23,65,9.0
D_k9_3od_x0.8,D,both,4,14,23,23,60,9.0
D_k9_3od_x0.8,D,both,4,15,23,23,56,9.0
D_k9_3od_x0.8,D,both,5,1,24,22,49,4.25
D_k9_3od_x0.8,D,both,5,2,23,23,62,9.0
D_k9_3od_x0.8,D,both,5,3,23,23,58,9.0
D_k9_3od_x0.8,D,both,5,4,23,23,64,9.0
D_k9_3od_x0.8,D,both,5,5,23,23,64,9.0
D_k9_3od_x0.8,D,both,5,6,23,23,59,9.0
D_k9_3od_x0.8,D,both,5,7,23,23,57,9.0
D_k9_3od_x0.8,D,both,5,8,23,23,58,9.0
D_k9_3od_x0.8,D,both,5,9,23,23,60,9.0
D_k9_3od_x0.8,D,both,5,10,23,23,63,9.0
D_k9_3od_x0.8,D,both,5,11,23,23,66,9.0
D_k9_3od_x0.8,D,both,5,12,23,23,64,9.0
D_k9_3od_x0.8,D,both,5,13,23,23,61,9.0
D_k9_3od_x0.8,D,both,5,14,23,23,60,9.0
D_k9_3od_x0.8,D,both,5,15,23,23,63,9.0
D_k9_3od_x0.8,D,both,6,1,24,22,59,4.958333333333333
D_k9_3od_x0.8,D,both,6,2,23,23,63,9.0
D_k9_3od_x0.8,D,both,6,3,23,23,60,9.0
D_k9_3od_x0.8,D,both,6,4,23,23,60,9.0
D_k9_3od_x0.8,D,both,6,5,23,23,58,9.0
D_k9_3od_x0.8,D,both,6,6,23,23,63,9.0
D_k9_3od_x0.8,D,both,6,7,23,23,68,9.0
D_k9_3od_x0.8,D,both,6,8,23,23,59,9.0
D_k9_3od_x0.8,D,both,6,9,23,23,61,9.0
D_k9_3od_x0.8,D,both,6,10,23,23,66,9.0
D_k9_3od_x0.8,D,both,6,11,23,23,68,9.0
D_k9_3od_x0.8,D,both,6,12,23,23,58,9.0
D_k9_3od_x0.8,D,both,6,13,23,23,65,9.0
D_k9_3od_x0.8,D,both,6,14,23,23,65,9.0
D_k9_3od_x0.8,D,both,6,15,23,23,61,9.0
D_k9_3od_x0.8,D,both,7,1,24,21,48,3.75
D_k9_3od_x0.8,D,both,7,2,23,23,63,9.0
D_k9_3od_x0.8,D,both,7,3,23,23,62,9.0
D_k9_3od_x0.8,D,both,7,4,23,23,65,9.0
D_k9_3od_x0.8,D,both,7,5,23,23,57,9.0
D_k9_3od_x0.8,D,both,7,6,23,23,63,9.0
D_k9_3od_x0.8,D,both,7,7,23,23,57,9.0
D_k9_3od_x0.8,D,both,7,8,23,23,58,9.0
D_k9_3od_x0.8,D,both,7,9,23,23,69,9.0
D_k9_3od_x0.8,D,both,7,10,23,23,64,9.0
D_k9_3od_x0.8,D,both,7,11,23,23,60,9.0
D_k9_3od_x0.8,D,both,7,12,23,23,55,9.0
D_k9_3od_x0.8,D,both,7,13,23,23,61,9.0
D_k9_3od_x0.8,D,both,7,14,23,23,61,9.0
D_k9_3od_x0.8,D,both,7,15,23,23,65,9.0
D_k9_3od_x0.8,D,both,8,1,24,23,53,4.375
D_k9_3od_x0.8,D,both,8,2,23,23,63,9.0
D_k9_3od_x0.8,D,both,8,3,23,23,66,9.0
D_k9_3od_x0.8,D,both,8,4,23,23,62,9.0
D_k9_3od_x0.8,D,both,8,5,23,23,58,9.0
D_k9_3od_x0.8,D,both,8,6,23,23,65,9.0
D_k9_3od_x0.8,D,both,8,7,23,23,62,9.0
D_k9_3od_x0.8,D,both,8,8,23,23,67,9.0
D_k9_3od_x0.8,D,both,8,9,23,23,57,9.0
D_k9_3od_x0.8,D,both,8,10,23,23,57,9.0
D_k9_3od_x0.8,D,both,8,11,23,23,56,9.0
D_k9_3od_x0.8,D,both,8,12,23,23,64,9.0
D_k9_3od_x0.8,D,both,8,13,23,23,61,9.0
D_k9_3od_x0.8,D,both,8,14,23,23,64,9.0
D_k9_3od_x0.8,D,both,8,15,23,23,65,9.0
D_k9_3od_x0.8,D,both,9,1,24,22,53,4.541666666666667
D_k9_3od_x0.8,D,both,9,2,23,23,63,9.0
D_k9_3od_x0.8,D,both,9,3,23,23,63,9.0
D_k9_3od_x0.8,D,both,9,4,23,23,60,9.0
D_k9_3od_x0.8,D,both,9,5,23,23,65,9.0
D_k9_3od_x0.8,D,both,9,6,23,23,63,9.0
D_k9_3od_x0.8,D,both,9,7,23,23,61,9.0
D_k9_3od_x0.8,D,both,9,8,23,23,62,9.0
D_k9_3od_x0.8,D,both,9,9,23,23,60,9.0
D_k9_3od_x0.8,D,both,9,10,23,23,62,9.0
D_k9_3od_x0.8,D,both,9,11,23,23,62,9.0
D_k9_3od_x0.8,D,both,9,12,23,23,66,9.0
D_k9_3od_x0.8,D,both,9,13,23,23,63,9.0
D_k9_3od_x0.8,D,both,9,14,23,23,67,9.0
D_k9_3od_x0.8,D,both,9,15,23,23,63,9.0
D_k9_3od_x0.8,D,init,0,1,24,24,54,4.958333333333333
D_k9_3od_x0.8,D,init,0,2,23,23,83,9.0
D_k9_3od_x0.8,D,init,0,3,23,23,76,9.0
D_k9_3od_x0.8,D,init,0,4,23,23,73,9.0
D_k9_3od_x0.8,D,init,0,5,23,23,77,9.0
D_k9_3od_x0.8,D,init,0,6,23,23,78,9.0
D_k9_3od_x0.8,D,init,0,7,23,23,79,9.0
D_k9_3od_x0.8,D,init,0,8,23,23,73,9.0
D_k9_3od_x0.8,D,init,0,9,23,23,75,9.0
D_k9_3od_x0.8,D,init,0,10,23,23,80,9.0
D_k9_3od_x0.8,D,init,0,11,23,23,75,9.0
D_k9_3od_x0.8,D,init,0,12,23,23,79,9.0
D_k9_3od_x0.8,D,init,0,13,23,23,78,9.0
D_k9_3od_x0.8,D,init,0,14,23,23,82,9.0
D_k9_3od_x0.8,D,init,0,15,23,23,71,9.0
D_k9_3od_x0.8,D,init,1,1,24,22,54,4.375
D_k9_3od_x0.8,D,init,1,2,23,23,83,9.0
D_k9_3od_x0.8,D,init,1,3,23,23,77,9.0
D_k9_3od_x0.8,D,init,1,4,23,23,74,9.0
D_k9_3od_x0.8,D,init,1,5,23,23,79,9.0
D_k9_3od_x0.8,D,init,1,6,23,23,79,9.0
D_k9_3od_x0.8,D,init,1,7,23,23,75,9.0
D_k9_3od_x0.8,D,init,1,8,23,23,79,9.0
D_k9_3od_x0.8,D,init,1,9,23,23,78,9.0
D_k9_3od_x0.8,D,init,1,10,23,23,79,9.0
D_k9_3od_x0.8,D,init,1,11,23,23,82,9.0
D_k9_3od_x0.8,D,init,1,12,23,23,80,9.0
D_k9_3od_x0.8,D,init,1,13,23,23,77,9.0
D_k9_3od_x0.8,D,init,1,14,23,23,75,9.0
D_k9_3od_x0.8,D,init,1,15,23,23,77,9.0
D_k9_3od_x0.8,D,init,2,1,24,21,52,4.416666666666667
D_k9_3od_x0.8,D,init,2,2,23,23,79,9.0
D_k9_3od_x0.8,D,init,2,3,23,23,77,9.0
D_k9_3od_x0.8,D,init,2,4,23,23,74,9.0
D_k9_3od_x0.8,D,init,2,5,23,23,78,9.0
D_k9_3od_x0.8,D,init,2,6,23,23,80,9.0
D_k9_3od_x0.8,D,init,2,7,23,23,77,9.0
D_k9_3od_x0.8,D,init,2,8,23,23,82,9.0
D_k9_3od_x0.8,D,init,2,9,23,23,74,9.0
D_k9_3od_x0.8,D,init,2,10,23,23,75,9.0
D_k9_3od_x0.8,D,init,2,11,23,23,77,9.0
D_k9_3od_x0.8,D,init,2,12,23,23,77,9.0
D_k9_3od_x0.8,D,init,2,13,23,23,77,9.0
D_k9_3od_x0.8,D,init,2,14,23,23,79,9.0
D_k9_3od_x0.8,D,init,2,15,23,23,79,9.0
D_k9_3od_x0.8,D,init,3,1,24,24,53,5.416666666666667
D_k9_3od_x0.8,D,init,3,2,23,23,79,9.0
D_k9_3od_x0.8,D,init,3,3,23,23,78,9.0
D_k9_3od_x0.8,D,init,3,4,23,23,81,9.0
D_k9_3od_x0.8,D,init,3,5,23,23,80,9.0
D_k9_3od_x0.8,D,init,3,6,23,23,79,9.0
D_k9_3od_x0.8,D,init,3,7,23,23,77,9.0
D_k9_3od_x0.8,D,init,3,8,23,23,82,9.0
D_k9_3od_x0.8,D,init,3,9,23,23,77,9.0
D_k9_3od_x0.8,D,init,3,10,23,23,77,9.0
D_k9_3od_x0.8,D,init,3,11,23,23,77,9.0
D_k9_3od_x0.8,D,init,3,12,23,23,80,9.0
D_k9_3od_x0.8,D,init,3,13,23,23,79,9.0
D_k9_3od_x0.8,D,init,3,14,23,23,73,9.0
D_k9_3od_x0.8,D,init,3,15,23,23,76,9.0
D_k9_3od_x0.8,D,init,4,1,24,22,44,3.5416666666666665
D_k9_3od_x0.8,D,init,4,2,23,23,79,9.0
D_k9_3od_x0.8,D,init,4,3,23,23,82,9.0
D_k9_3od_x0.8,D,init,4,4,23,23,78,9.0
D_k9_3od_x0.8,D,init,4,5,23,23,77,9.0
D_k9_3od_x0.8,D,init,4,6,23,23,82,9.0
D_k9_3od_x0.8,D,init,4,7,23,23,74,9.0
D_k9_3od_x0.8,D,init,4,8,23,23,75,9.0
D_k9_3od_x0.8,D,init,4,9,23,23,73,9.0
D_k9_3od_x0.8,D,init,4,10,23,23,78,9.0
D_k9_3od_x0.8,D,init,4,11,23,23,80,9.0
D_k9_3od_x0.8,D,init,4,12,23,23,78,9.0
D_k9_3od_x0.8,D,init,4,13,23,23,77,9.0
D_k9_3od_x0.8,D,init,4,14,23,23,83,9.0
D_k9_3od_x0.8,D,init,4,15,23,23,75,9.0
D_k9_3od_x0.8,D,init,5,1,24,22,49,4.25
D_k9_3od_x0.8,D,init,5,2,23,23,80,9.0
D_k9_3od_x0.8,D,init,5,3,23,23,78,9.0
D_k9_3od_x0.8,D,init,5,4,23,23,72,9.0
D_k9_3od_x0.8,D,init,5,5,23,23,73,9.0
D_k9_3od_x0.8,D,init,5,6,23,23,77,9.0
D_k9_3od_x0.8,D,init,5,7,23,23,75,9.0
D_k9_3od_x0.8,D,init,5,8,23,23,79,9.0
D_k9_3od_x0.8,D,init,5,9,23,23,76,9.0
D_k9_3od_x0.8,D,init,5,10,23,23,77,9.0
D_k9_3od_x0.8,D,init,5,11,23,23,75,9.0
D_k9_3od_x0.8,D,init,5,12,23,23,79,9.0
D_k9_3od_x0.8,D,init,5,13,23,23,79,9.0
D_k9_3od_x0.8,D,init,5,14,23,23,78,9.0
D_k9_3od_x0.8,D,init,5,15,23,23,83,9.0
D_k9_3od_x0.8,D,init,6,1,24,22,59,4.958333333333333
D_k9_3od_x0.8,D,init,6,2,23,23,80,9.0
D_k9_3od_x0.8,D,init,6,3,23,23,71,9.0
D_k9_3od_x0.8,D,init,6,4,23,23,80,9.0
D_k9_3od_x0.8,D,init,6,5,23,23,76,9.0
D_k9_3od_x0.8,D,init,6,6,23,23,78,9.0
D_k9_3od_x0.8,D,init,6,7,23,23,75,9.0
D_k9_3od_x0.8,D,init,6,8,23,23,77,9.0
D_k9_3od_x0.8,D,init,6,9,23,23,78,9.0
D_k9_3od_x0.8,D,init,6,10,23,23,78,9.0
D_k9_3od_x0.8,D,init,6,11,23,23,75,9.0
D_k9_3od_x0.8,D,init,6,12,23,23,76,9.0
D_k9_3od_x0.8,D,init,6,13,23,23,78,9.0
D_k9_3od_x0.8,D,init,6,14,23,23,79,9.0
D_k9_3od_x0.8,D,init,6,15,23,23,79,9.0
D_k9_3od_x0.8,D,init,7,1,24,21,48,3.75
D_k9_3od_x0.8,D,init,7,2,23,23,78,9.0
D_k9_3od_x0.8,D,init,7,3,23,23,76,9.0
D_k9_3od_x0.8,D,init,7,4,23,23,76,9.0
D_k9_3od_x0.8,D,init,7,5,23,23,79,9.0
D_k9_3od_x0.8,D,init,7,6,23,23,76,9.0
D_k9_3od_x0.8,D,init,7,7,23,23,77,9.0
D_k9_3od_x0.8,D,init,7,8,23,23,84,9.0
D_k9_3od_x0.8,D,init,7,9,23,23,74,9.0
D_k9_3od_x0.8,D,init,7,10,23,23,75,9.0
D_k9_3od_x0.8,D,init,7,11,23,23,77,9.0
D_k9_3od_x0.8,D,init,7,12,23,23,74,9.0
D_k9_3od_x0.8,D,init,7,13,23,23,76,9.0
D_k9_3od_x0.8,D,init,7,14,23,23,79,9.0
D_k9_3od_x0.8,D,init,7,15,23,23,77,9.0
D_k9_3od_x0.8,D,init,8,1,24,23,53,4.375
D_k9_3od_x0.8,D,init,8,2,23,23,82,9.0
D_k9_3od_x0.8,D,init,8,3,23,23,76,9.0
D_k9_3od_x0.8,D,init,8,4,23,23,76,9.0
D_k9_3od_x0.8,D,init,8,5,23,23,74,9.0
D_k9_3od_x0.8,D,init,8,6,23,23,74,9.0
D_k9_3od_x0.8,D,init,8,7,23,23,78,9.0
D_k9_3od_x0.8,D,init,8,8,23,23,79,9.0
D_k9_3od_x0.8,D,init,8,9,23,23,75,9.0
D_k9_3od_x0.8,D,init,8,10,23,23,76,9.0
D_k9_3od_x0.8,D,init,8,11,23,23,76,9.0
D_k9_3od_x0.8,D,init,8,12,23,23,71,9.0
D_k9_3od_x0.8,D,init,8,13,23,23,75,9.0
D_k9_3od_x0.8,D,init,8,14,23,23,77,9.0
D_k9_3od_x0.8,D,init,8,15,23,23,75,9.0
D_k9_3od_x0.8,D,init,9,1,24,22,53,4.541666666666667
D_k9_3od_x0.8,D,init,9,2,23,23,83,9.0
D_k9_3od_x0.8,D,init,9,3,23,23,75,9.0
D_k9_3od_x0.8,D,init,9,4,23,23,74,9.0
D_k9_3od_x0.8,D,init,9,5,23,23,77,9.0
D_k9_3od_x0.8,D,init,9,6,23,23,82,9.0
D_k9_3od_x0.8,D,init,9,7,23,23,74,9.0
D_k9_3od_x0.8,D,init,9,8,23,23,77,9.0
D_k9_3od_x0.8,D,init,9,9,23,23,76,9.0
D_k9_3od_x0.8,D,init,9,10,23,23,75,9.0
D_k9_3od_x0.8,D,init,9,11,23,23,75,9.0
D_k9_3od_x0.8,D,init,9,12,23,23,80,9.0
D_k9_3od_x0.8,D,init,9,13,23,23,74,9.0
D_k9_3od_x0.8,D,init,9,14,23,23,71,9.0
D_k9_3od_x0.8,D,init,9,15,23,23,75,9.0
D_k9_3od_x0.8,D,mutation,0,1,24,24,74,5.791666666666667
D_k9_3od_x0.8,D,mutation,0,2,23,23,69,9.0
D_k9_3od_x0.8,D,mutation,0,3,23,23,58,9.0
D_k9_3od_x0.8,D,mutation,0,4,23,23,62,9.0
D_k9_3od_x0.8,D,mutation,0,5,23,23,63,9.0
D_k9_3od_x0.8,D,mutation,0,6,23,23,61,9.0
D_k9_3od_x0.8,D,mutation,0,7,23,23,56,9.0
D_k9_3od_x0.8,D,mutation,0,8,23,23,57,9.0
D_k9_3od_x0.8,D,mutation,0,9,23,23,66,9.0
D_k9_3od_x0.8,D,mutation,0,10,23,23,62,9.0
D_k9_3od_x0.8,D,mutation,0,11,23,23,62,9.0
D_k9_3od_x0.8,D,mutation,0,12,23,23,56,9.0
D_k9_3od_x0.8,D,mutation,0,13,23,23,61,9.0
D_k9_3od_x0.8,D,mutation,0,14,23,23,65,9.0
D_k9_3od_x0.8,D,mutation,0,15,23,23,56,9.0
D_k9_3od_x0.8,D,mutation,1,1,24,24,65,4.833333333333333
D_k9_3od_x0.8,D,mutation,1,2,23,23,70,9.0
D_k9_3od_x0.8,D,mutation,1,3,23,23,60,9.0
D_k9_3od_x0.8,D,mutation,1,4,23,23,63,9.0
D_k9_3od_x0.8,D,mutation,1,5,23,23,64,9.0
D_k9_3od_x0.8,D,mutation,1,6,23,23,58,9.0
D_k9_3od_x0.8,D,mutation,1,7,23,23,58,9.0
D_k9_3od_x0.8,D,mutation,1,8,23,23,55,9.0
D_k9_3od_x0.8,D,mutation,1,9,23,23,61,9.0
D_k9_3od_x0.8,D,mutation,1,10,23,23,56,9.0
D_k9_3od_x0.8,D,mutation,1,11,23,23,63,9.0
D_k9_3od_x0.8,D,mutation,1,12,23,23,62,9.0
D_k9_3od_x0.8,D,mutation,1,13,23,23,59,9.0
D_k9_3od_x0.8,D,mutation,1,14,23,23,59,9.0
D_k9_3od_x0.8,D,mutation,1,15,23,23,63,9.0
D_k9_3od_x0.8,D,mutation,2,1,24,24,66,4.541666666666667
D_k9_3od_x0.8,D,mutation,2,2,23,23,72,9.0
D_k9_3od_x0.8,D,mutation,2,3,23,23,68,9.0
D_k9_3od_x0.8,D,mutation,2,4,23,23,61,9.0
D_k9_3od_x0.8,D,mutation,2,5,23,23,59,9.0
D_k9_3od_x0.8,D,mutation,2,6,23,23,59,9.0
D_k9_3od_x0.8,D,mutation,2,7,23,23,58,9.0
D_k9_3od_x0.8,D,mutation,2,8,23,23,65,9.0
D_k9_3od_x0.8,D,mutation,2,9,23,23,57,9.0
D_k9_3od_x0.8,D,mutation,2,10,23,23,63,9.0
D_k9_3od_x0.8,D,mutation,2,11,23,23,62,9.0
D_k9_3od_x0.8,D,mutation,2,12,23,23,56,9.0
D_k9_3od_x0.8,D,mutation,2,13,23,23,63,9.0
D_k9_3od_x0.8,D,mutation,2,14,23,23,56,9.0
D_k9_3od_x0.8,D,mutation,2,15,23,23,63,9.0
D_k9_3od_x0.8,D,mutation,3,1,24,24,61,4.083333333333333
D_k9_3od_x0.8,D,mutation,3,2,23,23,74,9.0
D_k9_3od_x0.8,D,mutation,3,3,23,23,67,9.0
D_k9_3od_x0.8,D,mutation,3,4,23,23,63,9.0
D_k9_3od_x0.8,D,mutation,3,5,23,23,63,9.0
D_k9_3od_x0.8,D,mutation,3,6,23,23,62,9.0
D_k9_3od_x0.8,D,mutation,3,7,23,23,63,9.0
D_k9_3od_x0.8,D,mutation,3,8,23,23,64,9.0
D_k9_3od_x0.8,D,mutation,3,9,23,23,63,9.0
D_k9_3od_x0.8,D,mutation,3,10,23,23,66,9.0
D_k9_3od_x0.8,D,mutation,3,11,23,23,59,9.0
D_k9_3od_x0.8,D,mutation,3,12,23,23,56,9.0
D_k9_3od_x0.8,D,mutation,3,13,23,23,61,9.0
D_k9_3od_x0.8,D,mutation,3,14,23,23,60,9.0
D_k9_3od_x0.8,D,mutation,3,15,23,23,60,9.0
D_k9_3od_x0.8,D,mutation,4,1,24,24,55,3.875
D_k9_3od_x0.8,D,mutation,4,2,23,23,77,9.0
D_k9_3od_x0.8,D,mutation,4,3,23,23,71,9.0
D_k9_3od_x0.8,D,mutation,4,4,23,23,63,9.0
D_k9_3od_x0.8,D,mutation,4,5,23,23,60,9.0
D_k9_3od_x0.8,D,mutation,4,6,23,23,61,9.0
D_k9_3od_x0.8,D,mutation,4,7,23,23,58,9.0
D_k9_3od_x0.8,D,mutation,4,8,23,23,59,9.0
D_k9_3od_x0.8,D,mutation,4,9,23,23,59,9.0
D_k9_3od_x0.8,D,mutation,4,10,23,23,62,9.0
D_k9_3od_x0.8,D,mutation,4,11,23,23,57,9.0
D_k9_3od_x0.8,D,mutation,4,12,23,23,60,9.0
D_k9_3od_x0.8,D,mutation,4,13,23,23,61,9.0
D_k9_3od_x0.8,D,mutation,4,14,23,23,66,9.0
D_k9_3od_x0.8,D,mutation,4,15,23,23,62,9.0
D_k9_3od_x0.8,D,mutation,5,1,24,24,64,4.583333333333333
D_k9_3od_x0.8,D,mutation,5,2,23,23,71,9.0
D_k9_3od_x0.8,D,mutation,5,3,23,23,65,9.0
D_k9_3od_x0.8,D,mutation,5,4,23,23,63,9.0
D_k9_3od_x0.8,D,mutation,5,5,23,23,58,9.0
D_k9_3od_x0.8,D,mutation,5,6,23,23,59,9.0
D_k9_3od_x0.8,D,mutation,5,7,23,23,65,9.0
D_k9_3od_x0.8,D,mutation,5,8,23,23,63,9.0
D_k9_3od_x0.8,D,mutation,5,9,23,23,62,9.0
D_k9_3od_x0.8,D,mutation,5,10,23,23,57,9.0
D_k9_3od_x0.8,D,mutation,5,11,23,23,60,9.0
D_k9_3od_x0.8,D,mutation,5,12,23,23,64,9.0
D_k9_3od_x0.8,D,mutation,5,13,23,23,60,9.0
D_k9_3od_x0.8,D,mutation,5,14,23,23,59,9.0
D_k9_3od_x0.8,D,mutation,5,15,23,23,64,9.0
D_k9_3od_x0.8,D,mutation,6,1,24,24,69,5.083333333333333
D_k9_3od_x0.8,D,mutation,6,2,23,23,66,9.0
D_k9_3od_x0.8,D,mutation,6,3,23,23,62,9.0
D_k9_3od_x0.8,D,mutation,6,4,23,23,60,9.0
D_k9_3od_x0.8,D,mutation,6,5,23,23,58,9.0
D_k9_3od_x0.8,D,mutation,6,6,23,23,65,9.0
D_k9_3od_x0.8,D,mutation,6,7,23,23,68,9.0
D_k9_3od_x0.8,D,mutation,6,8,23,23,60,9.0
D_k9_3od_x0.8,D,mutation,6,9,23,23,65,9.0
D_k9_3od_x0.8,D,mutation,6,10,23,23,61,9.0
D_k9_3od_x0.8,D,mutation,6,11,23,23,61,9.0
D_k9_3od_x0.8,D,mutation,6,12,23,23,61,9.0
D_k9_3od_x0.8,D,mutation,6,13,23,23,64,9.0
D_k9_3od_x0.8,D,mutation,6,14,23,23,60,9.0
D_k9_3od_x0.8,D,mutation,6,15,23,23,62,9.0
D_k9_3od_x0.8,D,mutation,7,1,24,24,73,5.25
D_k9_3od_x0.8,D,mutation,7,2,23,23,70,9.0
D_k9_3od_x0.8,D,mutation,7,3,23,23,59,9.0
D_k9_3od_x0.8,D,mutation,7,4,23,23,60,9.0
D_k9_3od_x0.8,D,mutation,7,5,23,23,61,9.0
D_k9_3od_x0.8,D,mutation,7,6,23,23,62,9.0
D_k9_3od_x0.8,D,mutation,7,7,23,23,61,9.0
D_k9_3od_x0.8,D,mutation,7,8,23,23,59,9.0
D_k9_3od_x0.8,D,mutation,7,9,23,23,63,9.0
D_k9_3od_x0.8,D,mutation,7,10,23,23,63,9.0
D_k9_3od_x0.8,D,mutation,7,11,23,23,64,9.0
D_k9_3od_x0.8,D,mutation,7,12,23,23,65,9.0
D_k9_3od_x0.8,D,mutation,7,13,23,23,64,9.0
D_k9_3od_x0.8,D,mutation,7,14,23,23,64,9.0
D_k9_3od_x0.8,D,mutation,7,15,23,23,64,9.0
D_k9_3od_x0.8,D,mutation,8,1,24,24,62,4.041666666666667
D_k9_3od_x0.8,D,mutation,8,2,23,23,70,9.0
D_k9_3od_x0.8,D,mutation,8,3,23,23,70,9.0
D_k9_3od_x0.8,D,mutation,8,4,23,23,59,9.0
D_k9_3od_x0.8,D,mutation,8,5,23,23,56,9.0
D_k9_3od_x0.8,D,mutation,8,6,23,23,56,9.0
D_k9_3od_x0.8,D,mutation,8,7,23,23,61,9.0
D_k9_3od_x0.8,D,mutation,8,8,23,23,62,9.0
D_k9_3od_x0.8,D,mutation,8,9,23,23,63,9.0
D_k9_3od_x0.8,D,mutation,8,10,23,23,63,9.0
D_k9_3od_x0.8,D,mutation,8,11,23,23,69,9.0
D_k9_3od_x0.8,D,mutation,8,12,23,23,63,9.0
D_k9_3od_x0.8,D,mutation,8,13,23,23,62,9.0
D_k9_3od_x0.8,D,mutation,8,14,23,23,64,9.0
D_k9_3od_x0.8,D,mutation,8,15,23,23,62,9.0
D_k9_3od_x0.8,D,mutation,9,1,24,24,71,5.0
D_k9_3od_x0.8,D,mutation,9,2,23,23,67,9.0
D_k9_3od_x0.8,D,mutation,9,3,23,23,66,9.0
D_k9_3od_x0.8,D,mutation,9,4,23,23,66,9.0
D_k9_3od_x0.8,D,mutation,9,5,23,23,62,9.0
D_k9_3od_x0.8,D,mutation,9,6,23,23,65,9.0
D_k9_3od_x0.8,D,mutation,9,7,23,23,68,9.0
D_k9_3od_x0.8,D,mutation,9,8,23,23,61,9.0
D_k9_3od_x0.8,D,mutation,9,9,23,23,68,9.0
D_k9_3od_x0.8,D,mutation,9,10,23,23,63,9.0
D_k9_3od_x0.8,D,mutation,9,11,23,23,58,9.0
D_k9_3od_x0.8,D,mutation,9,12,23,23,61,9.0
D_k9_3od_x0.8,D,mutation,9,13,23,23,60,9.0
D_k9_3od_x0.8,D,mutation,9,14,23,23,64,9.0
D_k9_3od_x0.8,D,mutation,9,15,23,23,57,9.0
D_k9_3od_x0.8,D,none,0,1,24,24,74,5.791666666666667
D_k9_3od_x0.8,D,none,0,2,23,23,78,9.0
D_k9_3od_x0.8,D,none,0,3,23,23,80,9.0
D_k9_3od_x0.8,D,none,0,4,23,23,78,9.0
D_k9_3od_x0.8,D,none,0,5,23,23,77,9.0
D_k9_3od_x0.8,D,none,0,6,23,23,77,9.0
D_k9_3od_x0.8,D,none,0,7,23,23,80,9.0
D_k9_3od_x0.8,D,none,0,8,23,23,78,9.0
D_k9_3od_x0.8,D,none,0,9,23,23,74,9.0
D_k9_3od_x0.8,D,none,0,10,23,23,76,9.0
D_k9_3od_x0.8,D,none,0,11,23,23,78,9.0
D_k9_3od_x0.8,D,none,0,12,23,23,81,9.0
D_k9_3od_x0.8,D,none,0,13,23,23,79,9.0
D_k9_3od_x0.8,D,none,0,14,23,23,76,9.0
D_k9_3od_x0.8,D,none,0,15,23,23,77,9.0
D_k9_3od_x0.8,D,none,1,1,24,24,65,4.833333333333333
D_k9_3od_x0.8,D,none,1,2,23,23,79,9.0
D_k9_3od_x0.8,D,none,1,3,23,23,79,9.0
D_k9_3od_x0.8,D,none,1,4,23,23,82,9.0
D_k9_3od_x0.8,D,none,1,5,23,23,74,9.0
D_k9_3od_x0.8,D,none,1,6,23,23,75,9.0
D_k9_3od_x0.8,D,none,1,7,23,23,75,9.0
D_k9_3od_x0.8,D,none,1,8,23,23,72,9.0
D_k9_3od_x0.8,D,none,1,9,23,23,80,9.0
D_k9_3od_x0.8,D,none,1,10,23,23,73,9.0
D_k9_3od_x0.8,D,none,1,11,23,23,72,9.0
D_k9_3od_x0.8,D,none,1,12,23,23,77,9.0
D_k9_3od_x0.8,D,none,1,13,23,23,73,9.0
D_k9_3od_x0.8,D,none,1,14,23,23,81,9.0
D_k9_3od_x0.8,D,none,1,15,23,23,81,9.0
D_k9_3od_x0.8,D,none,2,1,24,24,66,4.541666666666667
D_k9_3od_x0.8,D,none,2,2,23,23,75,9.0
D_k9_3od_x0.8,D,none,2,3,23,23,81,9.0
D_k9_3od_x0.8,D,none,2,4,23,23,80,9.0
D_k9_3od_x0.8,D,none,2,5,23,23,77,9.0
D_k9_3od_x0.8,D,none,2,6,23,23,84,9.0
D_k9_3od_x0.8,D,none,2,7,23,23,74,9.0
D_k9_3od_x0.8,D,none,2,8,23,23,81,9.0
D_k9_3od_x0.8,D,none,2,9,23,23,78,9.0
D_k9_3od_x0.8,D,none,2,10,23,23,79,9.0
D_k9_3od_x0.8,D,none,2,11,23,23,78,9.0
D_k9_3od_x0.8,D,none,2,12,23,23,78,9.0
D_k9_3od_x0.8,D,none,2,13,23,23,76,9.0
D_k9_3od_x0.8,D,none,2,14,23,23,78,9.0
D_k9_3od_x0.8,D,none,2,15,23,23,82,9.0
D_k9_3od_x0.8,D,none,3,1,24,24,61,4.083333333333333
D_k9_3od_x0.8,D,none,3,2,23,23,81,9.0
D_k9_3od_x0.8,D,none,3,3,23,23,79,9.0
D_k9_3od_x0.8,D,none,3,4,23,23,79,9.0
D_k9_3od_x0.8,D,none,3,5,23,23,81,9.0
D_k9_3od_x0.8,D,none,3,6,23,23,80,9.0
D_k9_3od_x0.8,D,none,3,7,23,23,79,9.0
D_k9_3od_x0.8,D,none,3,8,23,23,79,9.0
D_k9_3od_x0.8,D,none,3,9,23,23,80,9.0
D_k9_3od_x0.8,D,none,3,10,23,23,79,9.0
D_k9_3od_x0.8,D,none,3,11,23,23,72,9.0
D_k9_3od_x0.8,D,none,3,12,23,23,76,9.0
D_k9_3od_x0.8,D,none,3,13,23,23,71,9.0
D_k9_3od_x0.8,D,none,3,14,23,23,78,9.0
D_k9_3od_x0.8,D,none,3,15,23,23,81,9.0
D_k9_3od_x0.8,D,none,4,1,24,24,55,3.875
D_k9_3od_x0.8,D,none,4,2,23,23,82,9.0
D_k9_3od_x0.8,D,none,4,3,23,23,78,9.0
D_k9_3od_x0.8,D,none,4,4,23,23,78,9.0
D_k9_3od_x0.8,D,none,4,5,23,23,76,9.0
D_k9_3od_x0.8,D,none,4,6,23,23,77,9.0
D_k9_3od_x0.8,D,none,4,7,23,23,79,9.0
D_k9_3od_x0.8,D,none,4,8,23,23,74,9.0
D_k9_3od_x0.8,D,none,4,9,23,23,79,9.0
D_k9_3od_x0.8,D,none,4,10,23,23,77,9.0
D_k9_3od_x0.8,D,none,4,11,23,23,80,9.0
D_k9_3od_x0.8,D,none,4,12,23,23,80,9.0
D_k9_3od_x0.8,D,none,4,13,23,23,76,9.0
D_k9_3od_x0.8,D,none,4,14,23,23,75,9.0
D_k9_3od_x0.8,D,none,4,15,23,23,72,9.0
D_k9_3od_x0.8,D,none,5,1,24,24,64,4.583333333333333
D_k9_3od_x0.8,D,none,5,2,23,23,80,9.0
D_k9_3od_x0.8,D,none,5,3,23,23,81,9.0
D_k9_3od_x0.8,D,none,5,4,23,23,75,9.0
D_k9_3od_x0.8,D,none,5,5,23,23,77,9.0
D_k9_3od_x0.8,D,none,5,6,23,23,75,9.0
D_k9_3od_x0.8,D,none,5,7,23,23,72,9.0
D_k9_3od_x0.8,D,none,5,8,23,23,80,9.0
D_k9_3od_x0.8,D,none,5,9,23,23,77,9.0
D_k9_3od_x0.8,D,none,5,10,23,23,81,9.0
D_k9_3od_x0.8,D,none,5,11,23,23,77,9.0
D_k9_3od_x0.8,D,none,5,12,23,23,76,9.0
D_k9_3od_x0.8,D,none,5,13,23,23,78,9.0
D_k9_3od_x0.8,D,none,5,14,23,23,81,9.0
D_k9_3od_x0.8,D,none,5,15,23,23,79,9.0
D_k9_3od_x0.8,D,none,6,1,24,24,69,5.083333333333333
D_k9_3od_x0.8,D,none,6,2,23,23,79,9.0
D_k9_3od_x0.8,D,none,6,3,23,23,75,9.0
D_k9_3od_x0.8,D,none,6,4,23,23,82,9.0
D_k9_3od_x0.8,D,none,6,5,23,23,80,9.0
D_k9_3od_x0.8,D,none,6,6,23,23,81,9.0
D_k9_3od_x0.8,D,none,6,7,23,23,78,9.0
D_k9_3od_x0.8,D,none,6,8,23,23,77,9.0
D_k9_3od_x0.8,D,none,6,9,23,23,75,9.0
D_k9_3od_x0.8,D,none,6,10,23,23,76,9.0
D_k9_3od_x0.8,D,none,6,11,23,23,76,9.0
D_k9_3od_x0.8,D,none,6,12,23,23,74,9.0
D_k9_3od_x0.8,D,none,6,13,23,23,81,9.0
D_k9_3od_x0.8,D,none,6,14,23,23,77,9.0
D_k9_3od_x0.8,D,none,6,15,23,23,74,9.0
D_k9_3od_x0.8,D,none,7,1,24,24,73,5.25
D_k9_3od_x0.8,D,none,7,2,23,23,81,9.0
D_k9_3od_x0.8,D,none,7,3,23,23,76,9.0
D_k9_3od_x0.8,D,none,7,4,23,23,81,9.0
D_k9_3od_x0.8,D,none,7,5,23,23,81,9.0
D_k9_3od_x0.8,D,none,7,6,23,23,79,9.0
D_k9_3od_x0.8,D,none,7,7,23,23,73,9.0
D_k9_3od_x0.8,D,none,7,8,23,23,77,9.0
D_k9_3od_x0.8,D,none,7,9,23,23,81,9.0
D_k9_3od_x0.8,D,none,7,10,23,23,76,9.0
D_k9_3od_x0.8,D,none,7,11,23,23,75,9.0
D_k9_3od_x0.8,D,none,7,12,23,23,76,9.0
D_k9_3od_x0.8,D,none,7,13,23,23,78,9.0
D_k9_3od_x0.8,D,none,7,14,23,23,81,9.0
D_k9_3od_x0.8,D,none,7,15,23,23,80,9.0
D_k9_3od_x0.8,D,none,8,1,24,24,62,4.041666666666667
D_k9_3od_x0.8,D,none,8,2,23,23,80,9.0
D_k9_3od_x0.8,D,none,8,3,23,23,78,9.0
D_k9_3od_x0.8,D,none,8,4,23,23,77,9.0
D_k9_3od_x0.8,D,none,8,5,23,23,83,9.0
D_k9_3od_x0.8,D,none,8,6,23,23,73,9.0
D_k9_3od_x0.8,D,none,8,7,23,23,79,9.0
D_k9_3od_x0.8,D,none,8,8,23,23,76,9.0
D_k9_3od_x0.8,D,none,8,9,23,23,77,9.0
D_k9_3od_x0.8,D,none,8,10,23,23,79,9.0
D_k9_3od_x0.8,D,none,8,11,23,23,84,9.0
D_k9_3od_x0.8,D,none,8,12,23,23,82,9.0
D_k9_3od_x0.8,D,none,8,13,23,23,76,9.0
D_k9_3od_x0.8,D,none,8,14,23,23,75,9.0
D_k9_3od_x0.8,D,none,8,15,23,23,79,9.0
D_k9_3od_x0.8,D,none,9,1,24,24,71,5.0
D_k9_3od_x0.8,D,none,9,2,23,23,77,9.0
D_k9_3od_x0.8,D,none,9,3,23,23,77,9.0
D_k9_3od_x0.8,D,none,9,4,23,23,76,9.0
D_k9_3od_x0.8,D,none,9,5,23,23,80,9.0
D_k9_3od_x0.8,D,none,9,6,23,23,78,9.0
D_k9_3od_x0.8,D,none,9,7,23,23,75,9.0
D_k9_3od_x0.8,D,none,9,8,23,23,76,9.0
D_k9_3od_x0.8,D,none,9,9,23,23,76,9.0
D_k9_3od_x0.8,D,none,9,10,23,23,76,9.0
D_k9_3od_x0.8,D,none,9,11,23,23,79,9.0
D_k9_3od_x0.8,D,none,9,12,23,23,83,9.0
D_k9_3od_x0.8,D,none,9,13,23,23,79,9.0
D_k9_3od_x0.8,D,none,9,14,23,23,79,9.0
D_k9_3od_x0.8,D,none,9,15,23,23,74,9.0
D_k9_3od_x1.0,D,both,0,1,24,24,56,4.958333333333333
D_k9_3od_x1.0,D,both,0,2,23,23,65,9.0
D_k9_3od_x1.0,D,both,0,3,23,23,67,9.0
D_k9_3od_x1.0,D,both,0,4,23,23,61,9.0
D_k9_3od_x1.0,D,both,0,5,23,23,66,9.0
D_k9_3od_x1.0,D,both,0,6,23,23,67,9.0
D_k9_3od_x1.0,D,both,0,7,23,23,67,9.0
D_k9_3od_x1.0,D,both,0,8,23,23,69,9.0
D_k9_3od_x1.0,D,both,0,9,23,23,65,9.0
D_k9_3od_x1.0,D,both,0,10,23,23,61,9.0
D_k9_3od_x1.0,D,both,0,11,23,23,71,9.0
D_k9_3od_x1.0,D,both,0,12,23,23,63,9.0
D_k9_3od_x1.0,D,both,0,13,23,23,61,9.0
D_k9_3od_x1.0,D,both,0,14,23,23,67,9.0
D_k9_3od_x1.0,D,both,0,15,23,23,67,9.0
D_k9_3od_x1.0,D,both,1,1,24,22,53,4.375
D_k9_3od_x1.0,D,both,1,2,23,23,64,9.0
D_k9_3od_x1.0,D,both,1,3,23,23,66,9.0
D_k9_3od_x1.0,D,both,1,4,23,23,65,9.0
D_k9_3od_x1.0,D,both,1,5,23,23,64,9.0
D_k9_3od_x1.0,D,both,1,6,23,23,56,9.0
D_k9_3od_x1.0,D,both,1,7,23,23,63,9.0
D_k9_3od_x1.0,D,both,1,8,23,23,66,9.0
D_k9_3od_x1.0,D,both,1,9,23,23,72,9.0
D_k9_3od_x1.0,D,both,1,10,23,23,70,9.0
D_k9_3od_x1.0,D,both,1,11,23,23,65,9.0
D_k9_3od_x1.0,D,both,1,12,23,23,65,9.0
D_k9_3od_x1.0,D,both,1,13,23,23,69,9.0
D_k9_3od_x1.0,D,both,1,14,23,23,69,9.0
D_k9_3od_x1.0,D,both,1,15,23,23,67,9.0
D_k9_3od_x1.0,D,both,2,1,24,21,46,4.416666666666667
D_k9_3od_x1.0,D,both,2,2,23,23,72,9.0
D_k9_3od_x1.0,D,both,2,3,23,23,64,9.0
D_k9_3od_x1.0,D,both,2,4,23,23,70,9.0
D_k9_3od_x1.0,D,both,2,5,23,23,63,9.0
D_k9_3od_x1.0,D,both,2,6,23,23,67,9.0
D_k9_3od_x1.0,D,both,2,7,23,23,64,9.0
D_k9_3od_x1.0,D,both,2,8,23,23,63,9.0
D_k9_3od_x1.0,D,both,2,9,23,23,64,9.0
D_k9_3od_x1.0,D,both,2,10,23,23,66,9.0
D_k9_3od_x1.0,D,both,2,11,23,23,69,9.0
D_k9_3od_x1.0,D,both,2,12,23,23,68,9.0
D_k9_3od_x1.0,D,both,2,13,23,23,68,9.0
D_k9_3od_x1.0,D,both,2,14,23,23,66,9.0
D_k9_3od_x1.0,D,both,2,15,23,23,64,9.0
D_k9_3od_x1.0,D,both,3,1,24,24,54,5.416666666666667
D_k9_3od_x1.0,D,both,3,2,23,23,65,9.0
D_k9_3od_x1.0,D,both,3,3,23,23,65,9.0
D_k9_3od_x1.0,D,both,3,4,23,23,64,9.0
D_k9_3od_x1.0,D,both,3,5,23,23,65,9.0
D_k9_3od_x1.0,D,both,3,6,23,23,65,9.0
D_k9_3od_x1.0,D,both,3,7,23,23,63,9.0
D_k9_3od_x1.0,D,both,3,8,23,23,66,9.0
D_k9_3od_x1.0,D,both,3,9,23,23,62,9.0
D_k9_3od_x1.0,D,both,3,10,23,23,67,9.0
D_k9_3od_x1.0,D,both,3,11,23,23,65,9.0
D_k9_3od_x1.0,D,both,3,12,23,23,66,9.0
D_k9_3od_x1.0,D,both,3,13,23,23,61,9.0
D_k9_3od_x1.0,D,both,3,14,23,23,63,9.0
D_k9_3od_x1.0,D,both,3,15,23,23,71,9.0
D_k9_3od_x1.0,D,both,4,1,24,22,46,3.5416666666666665
D_k9_3od_x1.0,D,both,4,2,23,23,66,9.0
D_k9_3od_x1.0,D,both,4,3,23,23,67,9.0
D_k9_3od_x1.0,D,both,4,4,23,23,69,9.0
D_k9_3od_x1.0,D,both,4,5,23,23,70,9.0
D_k9_3od_x1.0,D,both,4,6,23,23,67,9.0
D_k9_3od_x1.0,D,both,4,7,23,23,65,9.0
D_k9_3od_x1.0,D,both,4,8,23,23,66,9.0
D_k9_3od_x1.0,D,both,4,9,23,23,69,9.0
D_k9_3od_x1.0,D,both,4,10,23,23,70,9.0
D_k9_3od_x1.0,D,both,4,11,23,23,74,9.0
D_k9_3od_x1.0,D,both,4,12,23,23,64,9.0
D_k9_3od_x1.0,D,both,4,13,23,23,73,9.0
D_k9_3od_x1.0,D,both,4,14,23,23,63,9.0
D_k9_3od_x1.0,D,both,4,15,23,23,66,9.0
D_k9_3od_x1.0,D,both,5,1,24,22,51,4.25
D_k9_3od_x1.0,D,both,5,2,23,23,73,9.0
D_k9_3od_x1.0,D,both,5,3,23,23,67,9.0
D_k9_3od_x1.0,D,both,5,4,23,23,68,9.0
D_k9_3od_x1.0,D,both,5,5,23,23,69,9.0
D_k9_3od_x1.0,D,both,5,6,23,23,69,9.0
D_k9_3od_x1.0,D,both,5,7,23,23,71,9.0
D_k9_3od_x1.0,D,both,5,8,23,23,63,9.0
D_k9_3od_x1.0,D,both,5,9,23,23,67,9.0
D_k9_3od_x1.0,D,both,5,10,23,23,65,9.0
D_k9_3od_x1.0,D,both,5,11,23,23,65,9.0
D_k9_3od_x1.0,D,both,5,12,23,23,62,9.0
D_k9_3od_x1.0,D,both,5,13,23,23,65,9.0
D_k9_3od_x1.0,D,both,5,14,23,23,63,9.0
D_k9_3od_x1.0,D,both,5,15,23,23,65,9.0
D_k9_3od_x1.0,D,both,6,1,24,22,53,4.958333333333333
D_k9_3od_x1.0,D,both,6,2,23,23,73,9.0
D_k9_3od_x1.0,D,both,6,3,23,23,65,9.0
D_k9_3od_x1.0,D,both,6,4,23,23,68,9.0
D_k9_3od_x1.0,D,both,6,5,23,23,69,9.0
D_k9_3od_x1.0,D,both,6,6,23,23,64,9.0
D_k9_3od_x1.0,D,both,6,7,23,23,64,9.0
D_k9_3od_x1.0,D,both,6,8,23,23,65,9.0
D_k9_3od_x1.0,D,both,6,9,23,23,71,9.0
D_k9_3od_x1.0,D,both,6,10,23,23,67,9.0
D_k9_3od_x1.0,D,both,6,11,23,23,66,9.0
D_k9_3od_x1.0,D,both,6,12,23,23,70,9.0
D_k9_3od_x1.0,D,both,6,13,23,23,65,9.0
D_k9_3od_x1.0,D,both,6,14,23,23,70,9.0
D_k9_3od_x1.0,D,both,6,15,23,23,76,9.0
D_k9_3od_x1.0,D,both,7,1,24,21,49,3.75
D_k9_3od_x1.0,D,both,7,2,23,23,70,9.0
D_k9_3od_x1.0,D,both,7,3,23,23,65,9.0
D_k9_3od_x1.0,D,both,7,4,23,23,66,9.0
D_k9_3od_x1.0,D,both,7,5,23,23,68,9.0
D_k9_3od_x1.0,D,both,7,6,23,23,69,9.0
D_k9_3od_x1.0,D,both,7,7,23,23,74,9.0
D_k9_3od_x1.0,D,both,7,8,23,23,62,9.0
D_k9_3od_x1.0,D,both,7,9,23,23,66,9.0
D_k9_3od_x1.0,D,both,7,10,23,23,70,9.0
D_k9_3od_x1.0,D,both,7,11,23,23,59,9.0
D_k9_3od_x1.0,D,both,7,12,23,23,64,9.0
D_k9_3od_x1.0,D,both,7,13,23,23,59,9.0
D_k9_3od_x1.0,D,both,7,14,23,23,66,9.0
D_k9_3od_x1.0,D,both,7,15,23,23,63,9.0
D_k9_3od_x1.0,D,both,8,1,24,22,49,4.375
D_k9_3od_x1.0,D,both,8,2,23,23,76,9.0
D_k9_3od_x1.0,D,both,8,3,23,23,66,9.0
D_k9_3od_x1.0,D,both,8,4,23,23,61,9.0
D_k9_3od_x1.0,D,both,8,5,23,23,67,9.0
D_k9_3od_x1.0,D,both,8,6,23,23,70,9.0
D_k9_3od_x1.0,D,both,8,7,23,23,65,9.0
D_k9_3od_x1.0,D,both,8,8,23,23,59,9.0
D_k9_3od_x1.0,D,both,8,9,23,23,62,9.0
D_k9_3od_x1.0,D,both,8,10,23,23,65,9.0
D_k9_3od_x1.0,D,both,8,11,23,23,65,9.0
D_k9_3od_x1.0,D,both,8,12,23,23,66,9.0
D_k9_3od_x1.0,D,both,8,13,23,23,68,9.0
D_k9_3od_x1.0,D,both,8,14,23,23,67,9.0
D_k9_3od_x1.0,D,both,8,15,23,23,65,9.0
D_k9_3od_x1.0,D,both,9,1,24,22,50,4.541666666666667
D_k9_3od_x1.0,D,both,9,2,23,23,71,9.0
D_k9_3od_x1.0,D,both,9,3,23,23,61,9.0
D_k9_3od_x1.0,D,both,9,4,23,23,66,9.0
D_k9_3od_x1.0,D,both,9,5,23,23,70,9.0
D_k9_3od_x1.0,D,both,9,6,23,23,72,9.0
D_k9_3od_x1.0,D,both,9,7,23,23,66,9.0
D_k9_3od_x1.0,D,both,9,8,23,23,65,9.0
D_k9_3od_x1.0,D,both,9,9,23,23,73,9.0
D_k9_3od_x1.0,D,both,9,10,23,23,65,9.0
D_k9_3od_x1.0,D,both,9,11,23,23,66,9.0
D_k9_3od_x1.0,D,both,9,12,23,23,73,9.0
D_k9_3od_x1.0,D,both,9,13,23,23,68,9.0
D_k9_3od_x1.0,D,both,9,14,23,23,65,9.0
D_k9_3od_x1.0,D,both,9,15,23,23,69,9.0
D_k9_3od_x1.0,D,init,0,1,24,24,56,4.958333333333333
D_k9_3od_x1.0,D,init,0,2,23,23,76,9.0
D_k9_3od_x1.0,D,init,0,3,23,23,75,9.0
D_k9_3od_x1.0,D,init,0,4,23,23,78,9.0
D_k9_3od_x1.0,D,init,0,5,23,23,76,9.0
D_k9_3od_x1.0,D,init,0,6,23,23,74,9.0
D_k9_3od_x1.0,D,init,0,7,23,23,77,9.0
D_k9_3od_x1.0,D,init,0,8,23,23,75,9.0
D_k9_3od_x1.0,D,init,0,9,23,23,79,9.0
D_k9_3od_x1.0,D,init,0,10,23,23,76,9.0
D_k9_3od_x1.0,D,init,0,11,23,23,80,9.0
D_k9_3od_x1.0,D,init,0,12,23,23,78,9.0
D_k9_3od_x1.0,D,init,0,13,23,23,79,9.0
D_k9_3od_x1.0,D,init,0,14,23,23,77,9.0
D_k9_3od_x1.0,D,init,0,15,23,23,78,9.0
D_k9_3od_x1.0,D,init,1,1,24,22,53,4.375
D_k9_3od_x1.0,D,init,1,2,23,23,79,9.0
D_k9_3od_x1.0,D,init,1,3,23,23,77,9.0
D_k9_3od_x1.0,D,init,1,4,23,23,73,9.0
D_k9_3od_x1.0,D,init,1,5,23,23,79,9.0
D_k9_3od_x1.0,D,init,1,6,23,23,73,9.0
D_k9_3od_x1.0,D,init,1,7,23,23,77,9.0
D_k9_3od_x1.0,D,init,1,8,23,23,73,9.0
D_k9_3od_x1.0,D,init,1,9,23,23,78,9.0
D_k9_3od_x1.0,D,init,1,10,23,23,77,9.0
D_k9_3od_x1.0,D,init,1,11,23,23,74,9.0
D_k9_3od_x1.0,D,init,1,12,23,23,79,9.0
D_k9_3od_x1.0,D,init,1,13,23,23,78,9.0
D_k9_3od_x1.0,D,init,1,14,23,23,78,9.0
D_k9_3od_x1.0,D,init,1,15,23,23,77,9.0
D_k9_3od_x1.0,D,init,2,1,24,21,46,4.416666666666667
D_k9_3od_x1.0,D,init,2,2,23,23,79,9.0
D_k9_3od_x1.0,D,init,2,3,23,23,74,9.0
D_k9_3od_x1.0,D,init,2,4,23,23,76,9.0
D_k9_3od_x1.0,D,init,2,5,23,23,79,9.0
D_k9_3od_x1.0,D,init,2,6,23,23,76,9.0
D_k9_3od_x1.0,D,init,2,7,23,23,80,9.0
D_k9_3od_x1.0,D,init,2,8,23,23,79,9.0
D_k9_3od_x1.0,D,init,2,9,23,23,79,9.0
D_k9_3od_x1.0,D,init,2,10,23,23,81,9.0
D_k9_3od_x1.0,D,init,2,11,23,23,74,9.0
D_k9_3od_x1.0,D,init,2,12,23,23,75,9.0
D_k9_3od_x1.0,D,init,2,13,23,23,79,9.0
D_k9_3od_x1.0,D,init,2,14,23,23,75,9.0
D_k9_3od_x1.0,D,init,2,15,23,23,76,9.0
D_k9_3od_x1.0,D,init,3,1,24,24,54,5.416666666666667
D_k9_3od_x1.0,D,init,3,2,23,23,76,9.0
D_k9_3od_x1.0,D,init,3,3,23,23,80,9.0
D_k9_3od_x1.0,D,init,3,4,23,23,75,9.0
D_k9_3od_x1.0,D,init,3,5,23,23,80,9.0
D_k9_3od_x1.0,D,init,3,6,23,23,77,9.0
D_k9_3od_x1.0,D,init,3,7,23,23,80,9.0
D_k9_3od_x1.0,D,init,3,8,23,23,78,9.0
D_k9_3od_x1.0,D,init,3,9,23,23,77,9.0
D_k9_3od_x1.0,D,init,3,10,23,23,81,9.0
D_k9_3od_x1.0,D,init,3,11,23,23,84,9.0
D_k9_3od_x1.0,D,init,3,12,23,23,80,9.0
D_k9_3od_x1.0,D,init,3,13,23,23,76,9.0
D_k9_3od_x1.0,D,init,3,14,23,23,76,9.0
D_k9_3od_x1.0,D,init,3,15,23,23,73,9.0
D_k9_3od_x1.0,D,init,4,1,24,22,46,3.5416666666666665
D_k9_3od_x1.0,D,init,4,2,23,23,76,9.0
D_k9_3od_x1.0,D,init,4,3,23,23,72,9.0
D_k9_3od_x1.0,D,init,4,4,23,23,78,9.0
D_k9_3od_x1.0,D,init,4,5,23,23,81,9.0
D_k9_3od_x1.0,D,init,4,6,23,23,79,9.0
D_k9_3od_x1.0,D,init,4,7,23,23,75,9.0
D_k9_3od_x1.0,D,init,4,8,23,23,72,9.0
D_k9_3od_x1.0,D,init,4,9,23,23,73,9.0
D_k9_3od_x1.0,D,init,4,10,23,23,77,9.0
D_k9_3od_x1.0,D,init,4,11,23,23,73,9.0
D_k9_3od_x1.0,D,init,4,12,23,23,73,9.0
D_k9_3od_x1.0,D,init,4,13,23,23,76,9.0
D_k9_3od_x1.0,D,init,4,14,23,23,79,9.0
D_k9_3od_x1.0,D,init,4,15,23,23,74,9.0
D_k9_3od_x1.0,D,init,5,1,24,22,51,4.25
D_k9_3od_x1.0,D,init,5,2,23,23,83,9.0
D_k9_3od_x1.0,D,init,5,3,23,23,76,9.0
D_k9_3od_x1.0,D,init,5,4,23,23,76,9.0
D_k9_3od_x1.0,D,init,5,5,23,23,82,9.0
D_k9_3od_x1.0,D,init,5,6,23,23,79,9.0
D_k9_3od_x1.0,D,init,5,7,23,23,76,9.0
D_k9_3od_x1.0,D,init,5,8,23,23,72,9.0
D_k9_3od_x1.0,D,init,5,9,23,23,74,9.0
D_k9_3od_x1.0,D,init,5,10,23,23,76,9.0
D_k9_3od_x1.0,D,init,5,11,23,23,75,9.0
D_k9_3od_x1.0,D,init,5,12,23,23,81,9.0
D_k9_3od_x1.0,D,init,5,13,23,23,78,9.0
D_k9_3od_x1.0,D,init,5,14,23,23,79,9.0
D_k9_3od_x1.0,D,init,5,15,23,23,81,9.0
D_k9_3od_x1.0,D,init,6,1,24,22,53,4.958333333333333
D_k9_3od_x1.0,D,init,6,2,23,23,77,9.0
D_k9_3od_x1.0,D,init,6,3,23,23,82,9.0
D_k9_3od_x1.0,D,init,6,4,23,23,82,9.0
D_k9_3od_x1.0,D,init,6,5,23,23,79,9.0
D_k9_3od_x1.0,D,init,6,6,23,23,79,9.0
D_k9_3od_x1.0,D,init,6,7,23,23,78,9.0
D_k9_3od_x1.0,D,init,6,8,23,23,79,9.0
D_k9_3od_x1.0,D,init,6,9,23,23,74,9.0
D_k9_3od_x1.0,D,init,6,10,23,23,75,9.0
D_k9_3od_x1.0,D,init,6,11,23,23,77,9.0
D_k9_3od_x1.0,D,init,6,12,23,23,74,9.0
D_k9_3od_x1.0,D,init,6,13,23,23,79,9.0
D_k9_3od_x1.0,D,init,6,14,23,23,77,9.0
D_k9_3od_x1.0,D,init,6,15,23,23,78,9.0
D_k9_3od_x1.0,D,init,7,1,24,21,49,3.75
D_k9_3od_x1.0,D,init,7,2,23,23,80,9.0
D_k9_3od_x1.0,D,init,7,3,23,23,72,9.0
D_k9_3od_x1.0,D,init,7,4,23,23,78,9.0
D_k9_3od_x1.0,D,init,7,5,23,23,81,9.0
D_k9_3od_x1.0,D,init,7,6,23,23,78,9.0
D_k9_3od_x1.0,D,init,7,7,23,23,80,9.0
D_k9_3od_x1.0,D,init,7,8,23,23,79,9.0
D_k9_3od_x1.0,D,init,7,9,23,23,77,9.0
D_k9_3od_x1.0,D,init,7,10,23,23,76,9.0
D_k9_3od_x1.0,D,init,7,11,23,23,76,9.0
D_k9_3od_x1.0,D,init,7,12,23,23,76,9.0
D_k9_3od_x1.0,D,init,7,13,23,23,78,9.0
D_k9_3od_x1.0,D,init,7,14,23,23,79,9.0
D_k9_3od_x1.0,D,init,7,15,23,23,80,9.0
D_k9_3od_x1.0,D,init,8,1,24,22,49,4.375
D_k9_3od_x1.0,D,init,8,2,23,23,77,9.0
D_k9_3od_x1.0,D,init,8,3,23,23,75,9.0
D_k9_3od_x1.0,D,init,8,4,23,23,72,9.0
D_k9_3od_x1.0,D,init,8,5,23,23,79,9.0
D_k9_3od_x1.0,D,init,8,6,23,23,79,9.0
D_k9_3od_x1.0,D,init,8,7,23,23,83,9.0
D_k9_3od_x1.0,D,init,8,8,23,23,78,9.0
D_k9_3od_x1.0,D,init,8,9,23,23,81,9.0
D_k9_3od_x1.0,D,init,8,10,23,23,77,9.0
D_k9_3od_x1.0,D,init,8,11,23,23,79,9.0
D_k9_3od_x1.0,D,init,8,12,23,23,80,9.0
D_k9_3od_x1.0,D,init,8,13,23,23,79,9.0
D_k9_3od_x1.0,D,init,8,14,23,23,74,9.0
D_k9_3od_x1.0,D,init,8,15,23,23,83,9.0
D_k9_3od_x1.0,D,init,9,1,24,22,50,4.541666666666667
D_k9_3od_x1.0,D,init,9,2,23,23,78,9.0
D_k9_3od_x1.0,D,init,9,3,23,23,79,9.0
D_k9_3od_x1.0,D,init,9,4,23,23,79,9.0
D_k9_3od_x1.0,D,init,9,5,23,23,74,9.0
D_k9_3od_x1.0,D,init,9,6,23,23,79,9.0
D_k9_3od_x1.0,D,init,9,7,23,23,79,9.0
D_k9_3od_x1.0,D,init,9,8,23,23,82,9.0
D_k9_3od_x1.0,D,init,9,9,23,23,78,9.0
D_k9_3od_x1.0,D,init,9,10,23,23,76,9.0
D_k9_3od_x1.0,D,init,9,11,23,23,80,9.0
D_k9_3od_x1.0,D,init,9,12,23,23,80,9.0
D_k9_3od_x1.0,D,init,9,13,23,23,82,9.0
D_k9_3od_x1.0,D,init,9,14,23,23,79,9.0
D_k9_3od_x1.0,D,init,9,15,23,23,73,9.0
D_k9_3od_x1.0,D,mutation,0,1,24,24,74,5.791666666666667
D_k9_3od_x1.0,D,mutation,0,2,23,23,77,9.0
D_k9_3od_x1.0,D,mutation,0,3,23,23,69,9.0
D_k9_3od_x1.0,D,mutation,0,4,23,23,67,9.0
D_k9_3od_x1.0,D,mutation,0,5,23,23,66,9.0
D_k9_3od_x1.0,D,mutation,0,6,23,23,67,9.0
D_k9_3od_x1.0,D,mutation,0,7,23,23,70,9.0
D_k9_3od_x1.0,D,mutation,0,8,23,23,69,9.0
D_k9_3od_x1.0,D,mutation,0,9,23,23,70,9.0
D_k9_3od_x1.0,D,mutation,0,10,23,23,63,9.0
D_k9_3od_x1.0,D,mutation,0,11,23,23,62,9.0
D_k9_3od_x1.0,D,mutation,0,12,23,23,67,9.0
D_k9_3od_x1.0,D,mutation,0,13,23,23,69,9.0
D_k9_3od_x1.0,D,mutation,0,14,23,23,70,9.0
D_k9_3od_x1.0,D,mutation,0,15,23,23,65,9.0
D_k9_3od_x1.0,D,mutation,1,1,24,24,65,4.833333333333333
D_k9_3od_x1.0,D,mutation,1,2,23,23,68,9.0
D_k9_3od_x1.0,D,mutation,1,3,23,23,67,9.0
D_k9_3od_x1.0,D,mutation,1,4,23,23,63,9.0
D_k9_3od_x1.0,D,mutation,1,5,23,23,69,9.0
D_k9_3od_x1.0,D,mutation,1,6,23,23,76,9.0
D_k9_3od_x1.0,D,mutation,1,7,23,23,72,9.0
D_k9_3od_x1.0,D,mutation,1,8,23,23,66,9.0
D_k9_3od_x1.0,D,mutation,1,9,23,23,70,9.0
D_k9_3od_x1.0,D,mutation,1,10,23,23,70,9.0
D_k9_3od_x1.0,D,mutation,1,11,23,23,66,9.0
D_k9_3od_x1.0,D,mutation,1,12,23,23,67,9.0
D_k9_3od_x1.0,D,mutation,1,13,23,23,68,9.0
D_k9_3od_x1.0,D,mutation,1,14,23,23,60,9.0
D_k9_3od_x1.0,D,mutation,1,15,23,23,64,9.0
D_k9_3od_x1.0,D,mutation,2,1,24,24,66,4.541666666666667
D_k9_3od_x1.0,D,mutation,2,2,23,23,72,9.0
D_k9_3od_x1.0,D,mutation,2,3,23,23,70,9.0
D_k9_3od_x1.0,D,mutation,2,4,23,23,68,9.0
D_k9_3od_x1.0,D,mutation,2,5,23,23,69,9.0
D_k9_3od_x1.0,D,mutation,2,6,23,23,63,9.0
D_k9_3od_x1.0,D,mutation,2,7,23,23,68,9.0
D_k9_3od_x1.0,D,mutation,2,8,23,23,68,9.0
D_k9_3od_x1.0,D,mutation,2,9,23,23,67,9.0
D_k9_3od_x1.0,D,mutation,2,10,23,23,63,9.0
D_k9_3od_x1.0,D,mutation,2,11,23,23,68,9.0
D_k9_3od_x1.0,D,mutation,2,12,23,23,66,9.0
D_k9_3od_x1.0,D,mutation,2,13,23,23,73,9.0
D_k9_3od_x1.0,D,mutation,2,14,23,23,67,9.0
D_k9_3od_x1.0,D,mutation,2,15,23,23,67,9.0
D_k9_3od_x1.0,D,mutation,3,1,24,24,61,4.083333333333333
D_k9_3od_x1.0,D,mutation,3,2,23,23,72,9.0
D_k9_3od_x1.0,D,mutation,3,3,23,23,66,9.0
D_k9_3od_x1.0,D,mutation,3,4,23,23,66,9.0
D_k9_3od_x1.0,D,mutation,3,5,23,23,71,9.0
D_k9_3od_x1.0,D,mutation,3,6,23,23,72,9.0
D_k9_3od_x1.0,D,mutation,3,7,23,23,65,9.0
D_k9_3od_x1.0,D,mutation,3,8,23,23,72,9.0
D_k9_3od_x1.0,D,mutation,3,9,23,23,71,9.0
D_k9_3od_x1.0,D,mutation,3,10,23,23,63,9.0
D_k9_3od_x1.0,D,mutation,3,11,23,23,64,9.0
D_k9_3od_x1.0,D,mutation,3,12,23,23,66,9.0
D_k9_3od_x1.0,D,mutation,3,13,23,23,73,9.0
D_k9_3od_x1.0,D,mutation,3,14,23,23,68,9.0
D_k9_3od_x1.0,D,mutation,3,15,23,23,65,9.0
D_k9_3od_x1.0,D,mutation,4,1,24,24,55,3.875
D_k9_3od_x1.0,D,mutation,4,2,23,23,76,9.0
D_k9_3od_x1.0,D,mutation,4,3,23,23,70,9.0
D_k9_3od_x1.0,D,mutation,4,4,23,23,68,9.0
D_k9_3od_x1.0,D,mutation,4,5,23,23,67,9.0
D_k9_3od_x1.0,D,mutation,4,6,23,23,67,9.0
D_k9_3od_x1.0,D,mutation,4,7,23,23,71,9.0
D_k9_3od_x1.0,D,mutation,4,8,23,23,66,9.0
D_k9_3od_x1.0,D,mutation,4,9,23,23,68,9.0
D_k9_3od_x1.0,D,mutation,4,10,23,23,62,9.0
D_k9_3od_x1.0,D,mutation,4,11,23,23,68,9.0
D_k9_3od_x1.0,D,mutation,4,12,23,23,67,9.0
D_k9_3od_x1.0,D,mutation,4,13,23,23,66,9.0
D_k9_3od_x1.0,D,mutation,4,14,23,23,62,9.0
D_k9_3od_x1.0,D,mutation,4,15,23,23,66,9.0
D_k9_3od_x1.0,D,mutation,5,1,24,24,64,4.583333333333333
D_k9_3od_x1.0,D,mutation,5,2,23,23,71,9.0
D_k9_3od_x1.0,D,mutation,5,3,23,23,66,9.0
D_k9_3od_x1.0,D,mutation,5,4,23,23,75,9.0
D_k9_3od_x1.0,D,mutation,5,5,23,23,63,9.0
D_k9_3od_x1.0,D,mutation,5,6,23,23,62,9.0
D_k9_3od_x1.0,D,mutation,5,7,23,23,65,9.0
D_k9_3od_x1.0,D,mutation,5,8,23,23,68,9.0
D_k9_3od_x1.0,D,mutation,5,9,23,23,66,9.0
D_k9_3od_x1.0,D,mutation,5,10,23,23,69,9.0
D_k9_3od_x1.0,D,mutation,5,11,23,23,65,9.0
D_k9_3od_x1.0,D,mutation,5,12,23,23,61,9.0
D_k9_3od_x1.0,D,mutation,5,13,23,23,63,9.0
D_k9_3od_x1.0,D,mutation,5,14,23,23,61,9.0
D_k9_3od_x1.0,D,mutation,5,15,23,23,65,9.0
D_k9_3od_x1.0,D,mutation,6,1,24,24,69,5.083333333333333
D_k9_3od_x1.0,D,mutation,6,2,23,23,77,9.0
D_k9_3od_x1.0,D,mutation,6,3,23,23,70,9.0
D_k9_3od_x1.0,D,mutation,6,4,23,23,66,9.0
D_k9_3od_x1.0,D,mutation,6,5,23,23,69,9.0
D_k9_3od_x1.0,D,mutation,6,6,23,23,69,9.0
D_k9_3od_x1.0,D,mutation,6,7,23,23,68,9.0
D_k9_3od_x1.0,D,mutation,6,8,23,23,64,9.0
D_k9_3od_x1.0,D,mutation,6,9,23,23,66,9.0
D_k9_3od_x1.0,D,mutation,6,10,23,23,68,9.0
D_k9_3od_x1.0,D,mutation,6,11,23,23,60,9.0
D_k9_3od_x1.0,D,mutation,6,12,23,23,63,9.0
D_k9_3od_x1.0,D,mutation,6,13,23,23,61,9.0
D_k9_3od_x1.0,D,mutation,6,14,23,23,63,9.0
D_k9_3od_x1.0,D,mutation,6,15,23,23,70,9.0
D_k9_3od_x1.0,D,mutation,7,1,24,24,73,5.25
D_k9_3od_x1.0,D,mutation,7,2,23,23,70,9.0
D_k9_3od_x1.0,D,mutation,7,3,23,23,66,9.0
D_k9_3od_x1.0,D,mutation,7,4,23,23,65,9.0
D_k9_3od_x1.0,D,mutation,7,5,23,23,71,9.0
D_k9_3od_x1.0,D,mutation,7,6,23,23,70,9.0
D_k9_3od_x1.0,D,mutation,7,7,23,23,68,9.0
D_k9_3od_x1.0,D,mutation,7,8,23,23,66,9.0
D_k9_3od_x1.0,D,mutation,7,9,23,23,65,9.0
D_k9_3od_x1.0,D,mutation,7,10,23,23,68,9.0
D_k9_3od_x1.0,D,mutation,7,11,23,23,70,9.0
D_k9_3od_x1.0,D,mutation,7,12,23,23,63,9.0
D_k9_3od_x1.0,D,mutation,7,13,23,23,62,9.0
D_k9_3od_x1.0,D,mutation,7,14,23,23,65,9.0
D_k9_3od_x1.0,D,mutation,7,15,23,23,71,9.0
D_k9_3od_x1.0,D,mutation,8,1,24,24,62,4.041666666666667
D_k9_3od_x1.0,D,mutation,8,2,23,23,69,9.0
D_k9_3od_x1.0,D,mutation,8,3,23,23,71,9.0
D_k9_3od_x1.0,D,mutation,8,4,23,23,66,9.0
D_k9_3od_x1.0,D,mutation,8,5,23,23,65,9.0
D_k9_3od_x1.0,D,mutation,8,6,23,23,64,9.0
D_k9_3od_x1.0,D,mutation,8,7,23,23,66,9.0
D_k9_3od_x1.0,D,mutation,8,8,23,23,63,9.0
D_k9_3od_x1.0,D,mutation,8,9,23,23,62,9.0
D_k9_3od_x1.0,D,mutation,8,10,23,23,70,9.0
D_k9_3od_x1.0,D,mutation,8,11,23,23,64,9.0
D_k9_3od_x1.0,D,mutation,8,12,23,23,64,9.0
D_k9_3od_x1.0,D,mutation,8,13,23,23,60,9.0
D_k9_3od_x1.0,D,mutation,8,14,23,23,67,9.0
D_k9_3od_x1.0,D,mutation,8,15,23,23,64,9.0
D_k9_3od_x1.0,D,mutation,9,1,24,24,71,5.0
D_k9_3od_x1.0,D,mutation,9,2,23,23,74,9.0
D_k9_3od_x1.0,D,mutation,9,3,23,23,73,9.0
D_k9_3od_x1.0,D,mutation,9,4,23,23,64,9.0
D_k9_3od_x1.0,D,mutation,9,5,23,23,71,9.0
D_k9_3od_x1.0,D,mutation,9,6,23,23,68,9.0
D_k9_3od_x1.0,D,mutation,9,7,23,23,63,9.0
D_k9_3od_x1.0,D,mutation,9,8,23,23,66,9.0
D_k9_3od_x1.0,D,mutation,9,9,23,23,67,9.0
D_k9_3od_x1.0,D,mutation,9,10,23,23,70,9.0
D_k9_3od_x1.0,D,mutation,9,11,23,23,67,9.0
D_k9_3od_x1.0,D,mutation,9,12,23,23,68,9.0
D_k9_3od_x1.0,D,mutation,9,13,23,23,63,9.0
D_k9_3od_x1.0,D,mutation,9,14,23,23,67,9.0
D_k9_3od_x1.0,D,mutation,9,15,23,23,66,9.0
D_k9_3od_x1.0,D,none,0,1,24,24,74,5.791666666666667
D_k9_3od_x1.0,D,none,0,2,23,23,82,9.0
D_k9_3od_x1.0,D,none,0,3,23,23,73,9.0
D_k9_3od_x1.0,D,none,0,4,23,23,78,9.0
D_k9_3od_x1.0,D,none,0,5,23,23,80,9.0
D_k9_3od_x1.0,D,none,0,6,23,23,76,9.0
D_k9_3od_x1.0,D,none,0,7,23,23,77,9.0
D_k9_3od_x1.0,D,none,0,8,23,23,75,9.0
D_k9_3od_x1.0,D,none,0,9,23,23,68,9.0
D_k9_3od_x1.0,D,none,0,10,23,23,72,9.0
D_k9_3od_x1.0,D,none,0,11,23,23,80,9.0
D_k9_3od_x1.0,D,none,0,12,23,23,75,9.0
D_k9_3od_x1.0,D,none,0,13,23,23,73,9.0
D_k9_3od_x1.0,D,none,0,14,23,23,72,9.0
D_k9_3od_x1.0,D,none,0,15,23,23,75,9.0
D_k9_3od_x1.0,D,none,1,1,24,24,65,4.833333333333333
D_k9_3od_x1.0,D,none,1,2,23,23,77,9.0
D_k9_3od_x1.0,D,none,1,3,23,23,76,9.0
D_k9_3od_x1.0,D,none,1,4,23,23,81,9.0
D_k9_3od_x1.0,D,none,1,5,23,23,83,9.0
D_k9_3od_x1.0,D,none,1,6,23,23,79,9.0
D_k9_3od_x1.0,D,none,1,7,23,23,71,9.0
D_k9_3od_x1.0,D,none,1,8,23,23,78,9.0
D_k9_3od_x1.0,D,none,1,9,23,23,80,9.0
D_k9_3od_x1.0,D,none,1,10,23,23,75,9.0
D_k9_3od_x1.0,D,none,1,11,23,23,76,9.0
D_k9_3od_x1.0,D,none,1,12,23,23,85,9.0
D_k9_3od_x1.0,D,none,1,13,23,23,77,9.0
D_k9_3od_x1.0,D,none,1,14,23,23,77,9.0
D_k9_3od_x1.0,D,none,1,15,23,23,75,9.0
D_k9_3od_x1.0,D,none,2,1,24,24,66,4.541666666666667
D_k9_3od_x1.0,D,none,2,2,23,23,79,9.0
D_k9_3od_x1.0,D,none,2,3,23,23,80,9.0
D_k9_3od_x1.0,D,none,2,4,23,23,79,9.0
D_k9_3od_x1.0,D,none,2,5,23,23,77,9.0
D_k9_3od_x1.0,D,none,2,6,23,23,83,9.0
D_k9_3od_x1.0,D,none,2,7,23,23,77,9.0
D_k9_3od_x1.0,D,none,2,8,23,23,78,9.0
D_k9_3od_x1.0,D,none,2,9,23,23,79,9.0
D_k9_3od_x1.0,D,none,2,10,23,23,87,9.0
D_k9_3od_x1.0,D,none,2,11,23,23,75,9.0
D_k9_3od_x1.0,D,none,2,12,23,23,81,9.0
D_k9_3od_x1.0,D,none,2,13,23,23,76,9.0
D_k9_3od_x1.0,D,none,2,14,23,23,85,9.0
D_k9_3od_x1.0,D,none,2,15,23,23,78,9.0
D_k9_3od_x1.0,D,none,3,1,24,24,61,4.083333333333333
D_k9_3od_x1.0,D,none,3,2,23,23,81,9.0
D_k9_3od_x1.0,D,none,3,3,23,23,78,9.0
D_k9_3od_x1.0,D,none,3,4,23,23,74,9.0
D_k9_3od_x1.0,D,none,3,5,23,23,81,9.0
D_k9_3od_x1.0,D,none,3,6,23,23,78,9.0
D_k9_3od_x1.0,D,none,3,7,23,23,83,9.0
D_k9_3od_x1.0,D,none,3,8,23,23,75,9.0
D_k9_3od_x1.0,D,none,3,9,23,23,74,9.0
D_k9_3od_x1.0,D,none,3,10,23,23,74,9.0
D_k9_3od_x1.0,D,none,3,11,23,23,77,9.0
D_k9_3od_x1.0,D,none,3,12,23,23,75,9.0
D_k9_3od_x1.0,D,none,3,13,23,23,79,9.0
D_k9_3od_x1.0,D,none,3,14,23,23,83,9.0
D_k9_3od_x1.0,D,none,3,15,23,23,85,9.0
D_k9_3od_x1.0,D,none,4,1,24,24,55,3.875
D_k9_3od_x1.0,D,none,4,2,23,23,75,9.0
D_k9_3od_x1.0,D,none,4,3,23,23,77,9.0
D_k9_3od_x1.0,D,none,4,4,23,23,79,9.0
D_k9_3od_x1.0,D,none,4,5,23,23,77,9.0
D_k9_3od_x1.0,D,none,4,6,23,23,78,9.0
D_k9_3od_x1.0,D,none,4,7,23,23,75,9.0
D_k9_3od_x1.0,D,none,4,8,23,23,76,9.0
D_k9_3od_x1.0,D,none,4,9,23,23,77,9.0
D_k9_3od_x1.0,D,none,4,10,23,23,79,9.0
D_k9_3od_x1.0,D,none,4,11,23,23,77,9.0
D_k9_3od_x1.0,D,none,4,12,23,23,72,9.0
D_k9_3od_x1.0,D,none,4,13,23,23,76,9.0
D_k9_3od_x1.0,D,none,4,14,23,23,77,9.0
D_k9_3od_x1.0,D,none,4,15,23,23,81,9.0
D_k9_3od_x1.0,D,none,5,1,24,24,64,4.583333333333333
D_k9_3od_x1.0,D,none,5,2,23,23,77,9.0
D_k9_3od_x1.0,D,none,5,3,23,23,78,9.0
D_k9_3od_x1.0,D,none,5,4,23,23,76,9.0
D_k9_3od_x1.0,D,none,5,5,23,23,77,9.0
D_k9_3od_x1.0,D,none,5,6,23,23,75,9.0
D_k9_3od_x1.0,D,none,5,7,23,23,78,9.0
D_k9_3od_x1.0,D,none,5,8,23,23,75,9.0
D_k9_3od_x1.0,D,none,5,9,23,23,79,9.0
D_k9_3od_x1.0,D,none,5,10,23,23,82,9.0
D_k9_3od_x1.0,D,none,5,11,23,23,77,9.0
D_k9_3od_x1.0,D,none,5,12,23,23,77,9.0
D_k9_3od_x1.0,D,none,5,13,23,23,77,9.0
D_k9_3od_x1.0,D,none,5,14,23,23,79,9.0
D_k9_3od_x1.0,D,none,5,15,23,23,81,9.0
D_k9_3od_x1.0,D,none,6,1,24,24,69,5.083333333333333
D_k9_3od_x1.0,D,none,6,2,23,23,78,9.0
D_k9_3od_x1.0,D,none,6,3,23,23,74,9.0
D_k9_3od_x1.0,D,none,6,4,23,23,78,9.0
D_k9_3od_x1.0,D,none,6,5,23,23,79,9.0
D_k9_3od_x1.0,D,none,6,6,23,23,76,9.0
D_k9_3od_x1.0,D,none,6,7,23,23,80,9.0
D_k9_3od_x1.0,D,none,6,8,23,23,79,9.0
D_k9_3od_x1.0,D,none,6,9,23,23,81,9.0
D_k9_3od_x1.0,D,none,6,10,23,23,78,9.0
D_k9_3od_x1.0,D,none,6,11,23,23,80,9.0
D_k9_3od_x1.0,D,none,6,12,23,23,81,9.0
D_k9_3od_x1.0,D,none,6,13,23,23,76,9.0
D_k9_3od_x1.0,D,none,6,14,23,23,76,9.0
D_k9_3od_x1.0,D,none,6,15,23,23,71,9.0
D_k9_3od_x1.0,D,none,7,1,24,24,73,5.25
D_k9_3od_x1.0,D,none,7,2,23,23,83,9.0
D_k9_3od_x1.0,D,none,7,3,23,23,78,9.0
D_k9_3od_x1.0,D,none,7,4,23,23,80,9.0
D_k9_3od_x1.0,D,none,7,5,23,23,77,9.0
D_k9_3od_x1.0,D,none,7,6,23,23,76,9.0
D_k9_3od_x1.0,D,none,7,7,23,23,76,9.0
D_k9_3od_x1.0,D,none,7,8,23,23,79,9.0
D_k9_3od_x1.0,D,none,7,9,23,23,78,9.0
D_k9_3od_x1.0,D,none,7,10,23,23,79,9.0
D_k9_3od_x1.0,D,none,7,11,23,23,79,9.0
D_k9_3od_x1.0,D,none,7,12,23,23,79,9.0
D_k9_3od_x1.0,D,none,7,13,23,23,76,9.0
D_k9_3od_x1.0,D,none,7,14,23,23,79,9.0
D_k9_3od_x1.0,D,none,7,15,23,23,72,9.0
D_k9_3od_x1.0,D,none,8,1,24,24,62,4.041666666666667
D_k9_3od_x1.0,D,none,8,2,23,23,72,9.0
D_k9_3od_x1.0,D,none,8,3,23,23,76,9.0
D_k9_3od_x1.0,D,none,8,4,23,23,79,9.0
D_k9_3od_x1.0,D,none,8,5,23,23,70,9.0
D_k9_3od_x1.0,D,none,8,6,23,23,70,9.0
D_k9_3od_x1.0,D,none,8,7,23,23,74,9.0
D_k9_3od_x1.0,D,none,8,8,23,23,74,9.0
D_k9_3od_x1.0,D,none,8,9,23,23,77,9.0
D_k9_3od_x1.0,D,none,8,10,23,23,82,9.0
D_k9_3od_x1.0,D,none,8,11,23,23,75,9.0
D_k9_3od_x1.0,D,none,8,12,23,23,77,9.0
D_k9_3od_x1.0,D,none,8,13,23,23,74,9.0
D_k9_3od_x1.0,D,none,8,14,23,23,77,9.0
D_k9_3od_x1.0,D,none,8,15,23,23,84,9.0
D_k9_3od_x1.0,D,none,9,1,24,24,71,5.0
D_k9_3od_x1.0,D,none,9,2,23,23,78,9.0
D_k9_3od_x1.0,D,none,9,3,23,23,75,9.0
D_k9_3od_x1.0,D,none,9,4,23,23,79,9.0
D_k9_3od_x1.0,D,none,9,5,23,23,79,9.0
D_k9_3od_x1.0,D,none,9,6,23,23,79,9.0
D_k9_3od_x1.0,D,none,9,7,23,23,81,9.0
D_k9_3od_x1.0,D,none,9,8,23,23,80,9.0
D_k9_3od_x1.0,D,none,9,9,23,23,72,9.0
D_k9_3od_x1.0,D,none,9,10,23,23,77,9.0
D_k9_3od_x1.0,D,none,9,11,23,23,75,9.0
D_k9_3od_x1.0,D,none,9,12,23,23,83,9.0
D_k9_3od_x1.0,D,none,9,13,23,23,79,9.0
D_k9_3od_x1.0,D,none,9,14,23,23,75,9.0
D_k9_3od_x1.0,D,none,9,15,23,23,81,9.0
D_k9_3od_x1.2,D,both,0,1,24,24,59,4.958333333333333
D_k9_3od_x1.2,D,both,0,2,23,23,79,9.0
D_k9_3od_x1.2,D,both,0,3,23,23,71,9.0
D_k9_3od_x1.2,D,both,0,4,23,23,71,9.0
D_k9_3od_x1.2,D,both,0,5,23,23,68,9.0
D_k9_3od_x1.2,D,both,0,6,23,23,70,9.0
D_k9_3od_x1.2,D,both,0,7,23,23,70,9.0
D_k9_3od_x1.2,D,both,0,8,23,23,68,9.0
D_k9_3od_x1.2,D,both,0,9,23,23,65,9.0
D_k9_3od_x1.2,D,both,0,10,23,23,69,9.0
D_k9_3od_x1.2,D,both,0,11,23,23,65,9.0
D_k9_3od_x1.2,D,both,0,12,23,23,67,9.0
D_k9_3od_x1.2,D,both,0,13,23,23,63,9.0
D_k9_3od_x1.2,D,both,0,14,23,23,69,9.0
D_k9_3od_x1.2,D,both,0,15,23,23,65,9.0
D_k9_3od_x1.2,D,both,1,1,24,22,52,4.375
D_k9_3od_x1.2,D,both,1,2,23,23,70,9.0
D_k9_3od_x1.2,D,both,1,3,23,23,68,9.0
D_k9_3od_x1.2,D,both,1,4,23,23,71,9.0
D_k9_3od_x1.2,D,both,1,5,23,23,67,9.0
D_k9_3od_x1.2,D,both,1,6,23,23,70,9.0
D_k9_3od_x1.2,D,both,1,7,23,23,67,9.0
D_k9_3od_x1.2,D,both,1,8,23,23,71,9.0
D_k9_3od_x1.2,D,both,1,9,23,23,73,9.0
D_k9_3od_x1.2,D,both,1,10,23,23,71,9.0
D_k9_3od_x1.2,D,both,1,11,23,23,69,9.0
D_k9_3od_x1.2,D,both,1,12,23,23,73,9.0
D_k9_3od_x1.2,D,both,1,13,23,23,70,9.0
D_k9_3od_x1.2,D,both,1,14,23,23,66,9.0
D_k9_3od_x1.2,D,both,1,15,23,23,71,9.0
D_k9_3od_x1.2,D,both,2,1,24,21,55,4.416666666666667
D_k9_3od_x1.2,D,both,2,2,23,23,68,9.0
D_k9_3od_x1.2,D,both,2,3,23,23,72,9.0
D_k9_3od_x1.2,D,both,2,4,23,23,70,9.0
D_k9_3od_x1.2,D,both,2,5,23,23,76,9.0
D_k9_3od_x1.2,D,both,2,6,23,23,72,9.0
D_k9_3od_x1.2,D,both,2,7,23,23,69,9.0
D_k9_3od_x1.2,D,both,2,8,23,23,68,9.0
D_k9_3od_x1.2,D,both,2,9,23,23,67,9.0
D_k9_3od_x1.2,D,both,2,10,23,23,68,9.0
D_k9_3od_x1.2,D,both,2,11,23,23,65,9.0
D_k9_3od_x1.2,D,both,2,12,23,23,63,9.0
D_k9_3od_x1.2,D,both,2,13,23,23,69,9.0
D_k9_3od_x1.2,D,both,2,14,23,23,71,9.0
D_k9_3od_x1.2,D,both,2,15,23,23,68,9.0
D_k9_3od_x1.2,D,both,3,1,24,24,58,5.416666666666667
D_k9_3od_x1.2,D,both,3,2,23,23,79,9.0
D_k9_3od_x1.2,D,both,3,3,23,23,69,9.0
D_k9_3od_x1.2,D,both,3,4,23,23,71,9.0
D_k9_3od_x1.2,D,both,3,5,23,23,71,9.0
D_k9_3od_x1.2,D,both,3,6,23,23,68,9.0
D_k9_3od_x1.2,D,both,3,7,23,23,71,9.0
D_k9_3od_x1.2,D,both,3,8,23,23,69,9.0
D_k9_3od_x1.2,D,both,3,9,23,23,71,9.0
D_k9_3od_x1.2,D,both,3,10,23,23,71,9.0
D_k9_3od_x1.2,D,both,3,11,23,23,70,9.0
D_k9_3od_x1.2,D,both,3,12,23,23,71,9.0
D_k9_3od_x1.2,D,both,3,13,23,23,74,9.0
D_k9_3od_x1.2,D,both,3,14,23,23,67,9.0
D_k9_3od_x1.2,D,both,3,15,23,23,67,9.0
D_k9_3od_x1.2,D,both,4,1,24,22,53,3.5416666666666665
D_k9_3od_x1.2,D,both,4,2,23,23,71,9.0
D_k9_3od_x1.2,D,both,4,3,23,23,75,9.0
D_k9_3od_x1.2,D,both,4,4,23,23,70,9.0
D_k9_3od_x1.2,D,both,4,5,23,23,67,9.0
D_k9_3od_x1.2,D,both,4,6,23,23,69,9.0
D_k9_3od_x1.2,D,both,4,7,23,23,72,9.0
D_k9_3od_x1.2,D,both,4,8,23,23,66,9.0
D_k9_3od_x1.2,D,both,4,9,23,23,61,9.0
D_k9_3od_x1.2,D,both,4,10,23,23,66,9.0
D_k9_3od_x1.2,D,both,4,11,23,23,70,9.0
D_k9_3od_x1.2,D,both,4,12,23,23,65,9.0
D_k9_3od_x1.2,D,both,4,13,23,23,70,9.0
D_k9_3od_x1.2,D,both,4,14,23,23,67,9.0
D_k9_3od_x1.2,D,both,4,15,23,23,62,9.0
D_k9_3od_x1.2,D,both,5,1,24,22,57,4.25
D_k9_3od_x1.2,D,both,5,2,23,23,76,9.0
D_k9_3od_x1.2,D,both,5,3,23,23,68,9.0
D_k9_3od_x1.2,D,both,5,4,23,23,64,9.0
D_k9_3od_x1.2,D,both,5,5,23,23,68,9.0
D_k9_3od_x1.2,D,both,5,6,23,23,66,9.0
D_k9_3od_x1.2,D,both,5,7,23,23,67,9.0
D_k9_3od_x1.2,D,both,5,8,23,23,68,9.0
D_k9_3od_x1.2,D,both,5,9,23,23,69,9.0
D_k9_3od_x1.2,D,both,5,10,23,23,74,9.0
D_k9_3od_x1.2,D,both,5,11,23,23,73,9.0
D_k9_3od_x1.2,D,both,5,12,23,23,70,9.0
D_k9_3od_x1.2,D,both,5,13,23,23,73,9.0
D_k9_3od_x1.2,D,both,5,14,23,23,69,9.0
D_k9_3od_x1.2,D,both,5,15,23,23,69,9.0
D_k9_3od_x1.2,D,both,6,1,24,22,63,4.958333333333333
D_k9_3od_x1.2,D,both,6,2,23,23,71,9.0
D_k9_3od_x1.2,D,both,6,3,23,23,66,9.0
D_k9_3od_x1.2,D,both,6,4,23,23,66,9.0
D_k9_3od_x1.2,D,both,6,5,23,23,66,9.0
D_k9_3od_x1.2,D,both,6,6,23,23,74,9.0
D_k9_3od_x1.2,D,both,6,7,23,23,74,9.0
D_k9_3od_x1.2,D,both,6,8,23,23,66,9.0
D_k9_3od_x1.2,D,both,6,9,23,23,67,9.0
D_k9_3od_x1.2,D,both,6,10,23,23,68,9.0
D_k9_3od_x1.2,D,both,6,11,23,23,61,9.0
D_k9_3od_x1.2,D,both,6,12,23,23,66,9.0
D_k9_3od_x1.2,D,both,6,13,23,23,70,9.0
D_k9_3od_x1.2,D,both,6,14,23,23,64,9.0
D_k9_3od_x1.2,D,both,6,15,23,23,70,9.0
D_k9_3od_x1.2,D,both,7,1,24,21,53,3.75
D_k9_3od_x1.2,D,both,7,2,23,23,76,9.0
D_k9_3od_x1.2,D,both,7,3,23,23,66,9.0
D_k9_3od_x1.2,D,both,7,4,23,23,68,9.0
D_k9_3od_x1.2,D,both,7,5,23,23,74,9.0
D_k9_3od_x1.2,D,both,7,6,23,23,69,9.0
D_k9_3od_x1.2,D,both,7,7,23,23,71,9.0
D_k9_3od_x1.2,D,both,7,8,23,23,73,9.0
D_k9_3od_x1.2,D,both,7,9,23,23,67,9.0
D_k9_3od_x1.2,D,both,7,10,23,23,69,9.0
D_k9_3od_x1.2,D,both,7,11,23,23,68,9.0
D_k9_3od_x1.2,D,both,7,12,23,23,69,9.0
D_k9_3od_x1.2,D,both,7,13,23,23,67,9.0
D_k9_3od_x1.2,D,both,7,14,23,23,66,9.0
D_k9_3od_x1.2,D,both,7,15,23,23,64,9.0
D_k9_3od_x1.2,D,both,8,1,24,23,54,4.375
D_k9_3od_x1.2,D,both,8,2,23,23,68,9.0
D_k9_3od_x1.2,D,both,8,3,23,23,71,9.0
D_k9_3od_x1.2,D,both,8,4,23,23,67,9.0
D_k9_3od_x1.2,D,both,8,5,23,23,67,9.0
D_k9_3od_x1.2,D,both,8,6,23,23,64,9.0
D_k9_3od_x1.2,D,both,8,7,23,23,62,9.0
D_k9_3od_x1.2,D,both,8,8,23,23,67,9.0
D_k9_3od_x1.2,D,both,8,9,23,23,67,9.0
D_k9_3od_x1.2,D,both,8,10,23,23,68,9.0
D_k9_3od_x1.2,D,both,8,11,23,23,66,9.0
D_k9_3od_x1.2,D,both,8,12,23,23,66,9.0
D_k9_3od_x1.2,D,both,8,13,23,23,63,9.0
D_k9_3od_x1.2,D,both,8,14,23,23,68,9.0
D_k9_3od_x1.2,D,both,8,15,23,23,65,9.0
D_k9_3od_x1.2,D,both,9,1,24,22,58,4.541666666666667
D_k9_3od_x1.2,D,both,9,2,23,23,69,9.0
D_k9_3od_x1.2,D,both,9,3,23,23,63,9.0
D_k9_3od_x1.2,D,both,9,4,23,23,72,9.0
D_k9_3od_x1.2,D,both,9,5,23,23,70,9.0
D_k9_3od_x1.2,D,both,9,6,23,23,69,9.0
D_k9_3od_x1.2,D,both,9,7,23,23,70,9.0
D_k9_3od_x1.2,D,both,9,8,23,23,73,9.0
D_k9_3od_x1.2,D,both,9,9,23,23,69,9.0
D_k9_3od_x1.2,D,both,9,10,23,23,70,9.0
D_k9_3od_x1.2,D,both,9,11,23,23,76,9.0
D_k9_3od_x1.2,D,both,9,12,23,23,70,9.0
D_k9_3od_x1.2,D,both,9,13,23,23,69,9.0
D_k9_3od_x1.2,D,both,9,14,23,23,73,9.0
D_k9_3od_x1.2,D,both,9,15,23,23,70,9.0
D_k9_3od_x1.2,D,init,0,1,24,24,59,4.958333333333333
D_k9_3od_x1.2,D,init,0,2,23,23,78,9.0
D_k9_3od_x1.2,D,init,0,3,23,23,83,9.0
D_k9_3od_x1.2,D,init,0,4,23,23,74,9.0
D_k9_3od_x1.2,D,init,0,5,23,23,77,9.0
D_k9_3od_x1.2,D,init,0,6,23,23,74,9.0
D_k9_3od_x1.2,D,init,0,7,23,23,75,9.0
D_k9_3od_x1.2,D,init,0,8,23,23,76,9.0
D_k9_3od_x1.2,D,init,0,9,23,23,74,9.0
D_k9_3od_x1.2,D,init,0,10,23,23,75,9.0
D_k9_3od_x1.2,D,init,0,11,23,23,75,9.0
D_k9_3od_x1.2,D,init,0,12,23,23,73,9.0
D_k9_3od_x1.2,D,init,0,13,23,23,76,9.0
D_k9_3od_x1.2,D,init,0,14,23,23,78,9.0
D_k9_3od_x1.2,D,init,0,15,23,23,77,9.0
D_k9_3od_x1.2,D,init,1,1,24,22,52,4.375
D_k9_3od_x1.2,D,init,1,2,23,23,81,9.0
D_k9_3od_x1.2,D,init,1,3,23,23,83,9.0
D_k9_3od_x1.2,D,init,1,4,23,23,79,9.0
D_k9_3od_x1.2,D,init,1,5,23,23,77,9.0
D_k9_3od_x1.2,D,init,1,6,23,23,80,9.0
D_k9_3od_x1.2,D,init,1,7,23,23,69,9.0
D_k9_3od_x1.2,D,init,1,8,23,23,75,9.0
D_k9_3od_x1.2,D,init,1,9,23,23,77,9.0
D_k9_3od_x1.2,D,init,1,10,23,23,78,9.0
D_k9_3od_x1.2,D,init,1,11,23,23,79,9.0
D_k9_3od_x1.2,D,init,1,12,23,23,80,9.0
D_k9_3od_x1.2,D,init,1,13,23,23,77,9.0
D_k9_3od_x1.2,D,init,1,14,23,23,80,9.0
D_k9_3od_x1.2,D,init,1,15,23,23,83,9.0
D_k9_3od_x1.2,D,init,2,1,24,21,55,4.416666666666667
D_k9_3od_x1.2,D,init,2,2,23,23,77,9.0
D_k9_3od_x1.2,D,init,2,3,23,23,79,9.0
D_k9_3od_x1.2,D,init,2,4,23,23,74,9.0
D_k9_3od_x1.2,D,init,2,5,23,23,73,9.0
D_k9_3od_x1.2,D,init,2,6,23,23,76,9.0
D_k9_3od_x1.2,D,init,2,7,23,23,74,9.0
D_k9_3od_x1.2,D,init,2,8,23,23,78,9.0
D_k9_3od_x1.2,D,init,2,9,23,23,80,9.0
D_k9_3od_x1.2,D,init,2,10,23,23,80,9.0
D_k9_3od_x1.2,D,init,2,11,23,23,77,9.0
D_k9_3od_x1.2,D,init,2,12,23,23,76,9.0
D_k9_3od_x1.2,D,init,2,13,23,23,77,9.0
D_k9_3od_x1.2,D,init,2,14,23,23,83,9.0
D_k9_3od_x1.2,D,init,2,15,23,23,74,9.0
D_k9_3od_x1.2,D,init,3,1,24,24,58,5.416666666666667
D_k9_3od_x1.2,D,init,3,2,23,23,78,9.0
D_k9_3od_x1.2,D,init,3,3,23,23,79,9.0
D_k9_3od_x1.2,D,init,3,4,23,23,81,9.0
D_k9_3od_x1.2,D,init,3,5,23,23,76,9.0
D_k9_3od_x1.2,D,init,3,6,23,23,81,9.0
D_k9_3od_x1.2,D,init,3,7,23,23,77,9.0
D_k9_3od_x1.2,D,init,3,8,23,23,76,9.0
D_k9_3od_x1.2,D,init,3,9,23,23,78,9.0
D_k9_3od_x1.2,D,init,3,10,23,23,78,9.0
D_k9_3od_x1.2,D,init,3,11,23,23,72,9.0
D_k9_3od_x1.2,D,init,3,12,23,23,80,9.0
D_k9_3od_x1.2,D,init,3,13,23,23,80,9.0
D_k9_3od_x1.2,D,init,3,14,23,23,72,9.0
D_k9_3od_x1.2,D,init,3,15,23,23,75,9.0
D_k9_3od_x1.2,D,init,4,1,24,22,53,3.5416666666666665
D_k9_3od_x1.2,D,init,4,2,23,23,85,9.0
D_k9_3od_x1.2,D,init,4,3,23,23,72,9.0
D_k9_3od_x1.2,D,init,4,4,23,23,81,9.0
D_k9_3od_x1.2,D,init,4,5,23,23,75,9.0
D_k9_3od_x1.2,D,init,4,6,23,23,78,9.0
D_k9_3od_x1.2,D,init,4,7,23,23,75,9.0
D_k9_3od_x1.2,D,init,4,8,23,23,76,9.0
D_k9_3od_x1.2,D,init,4,9,23,23,79,9.0
D_k9_3od_x1.2,D,init,4,10,23,23,76,9.0
D_k9_3od_x1.2,D,init,4,11,23,23,80,9.0
D_k9_3od_x1.2,D,init,4,12,23,23,75,9.0
D_k9_3od_x1.2,D,init,4,13,23,23,76,9.0
D_k9_3od_x1.2,D,init,4,14,23,23,77,9.0
D_k9_3od_x1.2,D,init,4,15,23,23,80,9.0
D_k9_3od_x1.2,D,init,5,1,24,22,57,4.25
D_k9_3od_x1.2,D,init,5,2,23,23,82,9.0
D_k9_3od_x1.2,D,init,5,3,23,23,71,9.0
D_k9_3od_x1.2,D,init,5,4,23,23,85,9.0
D_k9_3od_x1.2,D,init,5,5,23,23,82,9.0
D_k9_3od_x1.2,D,init,5,6,23,23,75,9.0
D_k9_3od_x1.2,D,init,5,7,23,23,78,9.0
D_k9_3od_x1.2,D,init,5,8,23,23,78,9.0
D_k9_3od_x1.2,D,init,5,9,23,23,79,9.0
D_k9_3od_x1.2,D,init,5,10,23,23,78,9.0
D_k9_3od_x1.2,D,init,5,11,23,23,76,9.0
D_k9_3od_x1.2,D,init,5,12,23,23,79,9.0
D_k9_3od_x1.2,D,init,5,13,23,23,75,9.0
D_k9_3od_x1.2,D,init,5,14,23,23,77,9.0
D_k9_3od_x1.2,D,init,5,15,23,23,79,9.0
D_k9_3od_x1.2,D,init,6,1,24,22,63,4.958333333333333
D_k9_3od_x1.2,D,init,6,2,23,23,79,9.0
D_k9_3od_x1.2,D,init,6,3,23,23,74,9.0
D_k9_3od_x1.2,D,init,6,4,23,23,84,9.0
D_k9_3od_x1.2,D,init,6,5,23,23,76,9.0
D_k9_3od_x1.2,D,init,6,6,23,23,75,9.0
D_k9_3od_x1.2,D,init,6,7,23,23,76,9.0
D_k9_3od_x1.2,D,init,6,8,23,23,73,9.0
D_k9_3od_x1.2,D,init,6,9,23,23,78,9.0
D_k9_3od_x1.2,D,init,6,10,23,23,79,9.0
D_k9_3od_x1.2,D,init,6,11,23,23,80,9.0
D_k9_3od_x1.2,D,init,6,12,23,23,77,9.0
D_k9_3od_x1.2,D,init,6,13,23,23,75,9.0
D_k9_3od_x1.2,D,init,6,14,23,23,79,9.0
D_k9_3od_x1.2,D,init,6,15,23,23,81,9.0
D_k9_3od_x1.2,D,init,7,1,24,21,53,3.75
D_k9_3od_x1.2,D,init,7,2,23,23,80,9.0
D_k9_3od_x1.2,D,init,7,3,23,23,82,9.0
D_k9_3od_x1.2,D,init,7,4,23,23,79,9.0
D_k9_3od_x1.2,D,init,7,5,23,23,75,9.0
D_k9_3od_x1.2,D,init,7,6,23,23,74,9.0
D_k9_3od_x1.2,D,init,7,7,23,23,75,9.0
D_k9_3od_x1.2,D,init,7,8,23,23,77,9.0
D_k9_3od_x1.2,D,init,7,9,23,23,78,9.0
D_k9_3od_x1.2,D,init,7,10,23,23,80,9.0
D_k9_3od_x1.2,D,init,7,11,23,23,81,9.0
D_k9_3od_x1.2,D,init,7,12,23,23,79,9.0
D_k9_3od_x1.2,D,init,7,13,23,23,76,9.0
D_k9_3od_x1.2,D,init,7,14,23,23,77,9.0
D_k9_3od_x1.2,D,init,7,15,23,23,73,9.0
D_k9_3od_x1.2,D,init,8,1,24,23,54,4.375
D_k9_3od_x1.2,D,init,8,2,23,23,80,9.0
D_k9_3od_x1.2,D,init,8,3,23,23,83,9.0
D_k9_3od_x1.2,D,init,8,4,23,23,77,9.0
D_k9_3od_x1.2,D,init,8,5,23,23,79,9.0
D_k9_3od_x1.2,D,init,8,6,23,23,84,9.0
D_k9_3od_x1.2,D,init,8,7,23,23,80,9.0
D_k9_3od_x1.2,D,init,8,8,23,23,79,9.0
D_k9_3od_x1.2,D,init,8,9,23,23,79,9.0
D_k9_3od_x1.2,D,init,8,10,23,23,78,9.0
D_k9_3od_x1.2,D,init,8,11,23,23,78,9.0
D_k9_3od_x1.2,D,init,8,12,23,23,77,9.0
D_k9_3od_x1.2,D,init,8,13,23,23,77,9.0
D_k9_3od_x1.2,D,init,8,14,23,23,79,9.0
D_k9_3od_x1.2,D,init,8,15,23,23,78,9.0
D_k9_3od_x1.2,D,init,9,1,24,22,58,4.541666666666667
D_k9_3od_x1.2,D,init,9,2,23,23,78,9.0
D_k9_3od_x1.2,D,init,9,3,23,23,78,9.0
D_k9_3od_x1.2,D,init,9,4,23,23,76,9.0
D_k9_3od_x1.2,D,init,9,5,23,23,79,9.0
D_k9_3od_x1.2,D,init,9,6,23,23,77,9.0
D_k9_3od_x1.2,D,init,9,7,23,23,82,9.0
D_k9_3od_x1.2,D,init,9,8,23,23,75,9.0
D_k9_3od_x1.2,D,init,9,9,23,23,83,9.0
D_k9_3od_x1.2,D,init,9,10,23,23,77,9.0
D_k9_3od_x1.2,D,init,9,11,23,23,75,9.0
D_k9_3od_x1.2,D,init,9,12,23,23,79,9.0
D_k9_3od_x1.2,D,init,9,13,23,23,79,9.0
D_k9_3od_x1.2,D,init,9,14,23,23,76,9.0
D_k9_3od_x1.2,D,init,9,15,23,23,80,9.0
D_k9_3od_x1.2,D,mutation,0,1,24,24,74,5.791666666666667
D_k9_3od_x1.2,D,mutation,0,2,23,23,75,9.0
D_k9_3od_x1.2,D,mutation,0,3,23,23,65,9.0
D_k9_3od_x1.2,D,mutation,0,4,23,23,68,9.0
D_k9_3od_x1.2,D,mutation,0,5,23,23,71,9.0
D_k9_3od_x1.2,D,mutation,0,6,23,23,70,9.0
D_k9_3od_x1.2,D,mutation,0,7,23,23,68,9.0
D_k9_3od_x1.2,D,mutation,0,8,23,23,66,9.0
D_k9_3od_x1.2,D,mutation,0,9,23,23,69,9.0
D_k9_3od_x1.2,D,mutation,0,10,23,23,66,9.0
D_k9_3od_x1.2,D,mutation,0,11,23,23,63,9.0
D_k9_3od_x1.2,D,mutation,0,12,23,23,64,9.0
D_k9_3od_x1.2,D,mutation,0,13,23,23,72,9.0
D_k9_3od_x1.2,D,mutation,0,14,23,23,72,9.0
D_k9_3od_x1.2,D,mutation,0,15,23,23,70,9.0
D_k9_3od_x1.2,D,mutation,1,1,24,24,65,4.833333333333333
D_k9_3od_x1.2,D,mutation,1,2,23,23,72,9.0
D_k9_3od_x1.2,D,mutation,1,3,23,23,72,9.0
D_k9_3od_x1.2,D,mutation,1,4,23,23,74,9.0
D_k9_3od_x1.2,D,mutation,1,5,23,23,69,9.0
D_k9_3od_x1.2,D,mutation,1,6,23,23,71,9.0
D_k9_3od_x1.2,D,mutation,1,7,23,23,72,9.0
D_k9_3od_x1.2,D,mutation,1,8,23,23,65,9.0
D_k9_3od_x1.2,D,mutation,1,9,23,23,62,9.0
D_k9_3od_x1.2,D,mutation,1,10,23,23,69,9.0
D_k9_3od_x1.2,D,mutation,1,11,23,23,71,9.0
D_k9_3od_x1.2,D,mutation,1,12,23,23,65,9.0
D_k9_3od_x1.2,D,mutation,1,13,23,23,66,9.0
D_k9_3od_x1.2,D,mutation,1,14,23,23,62,9.0
D_k9_3od_x1.2,D,mutation,1,15,23,23,68,9.0
D_k9_3od_x1.2,D,mutation,2,1,24,24,66,4.541666666666667
D_k9_3od_x1.2,D,mutation,2,2,23,23,72,9.0
D_k9_3od_x1.2,D,mutation,2,3,23,23,71,9.0
D_k9_3od_x1.2,D,mutation,2,4,23,23,70,9.0
D_k9_3od_x1.2,D,mutation,2,5,23,23,69,9.0
D_k9_3od_x1.2,D,mutation,2,6,23,23,69,9.0
D_k9_3od_x1.2,D,mutation,2,7,23,23,73,9.0
D_k9_3od_x1.2,D,mutation,2,8,23,23,66,9.0
D_k9_3od_x1.2,D,mutation,2,9,23,23,67,9.0
D_k9_3od_x1.2,D,mutation,2,10,23,23,68,9.0
D_k9_3od_x1.2,D,mutation,2,11,23,23,69,9.0
D_k9_3od_x1.2,D,mutation,2,12,23,23,67,9.0
D_k9_3od_x1.2,D,mutation,2,13,23,23,67,9.0
D_k9_3od_x1.2,D,mutation,2,14,23,23,68,9.0
D_k9_3od_x1.2,D,mutation,2,15,23,23,72,9.0
D_k9_3od_x1.2,D,mutation,3,1,24,24,61,4.083333333333333
D_k9_3od_x1.2,D,mutation,3,2,23,23,73,9.0
D_k9_3od_x1.2,D,mutation,3,3,23,23,72,9.0
D_k9_3od_x1.2,D,mutation,3,4,23,23,67,9.0
D_k9_3od_x1.2,D,mutation,3,5,23,23,70,9.0
D_k9_3od_x1.2,D,mutation,3,6,23,23,66,9.0
D_k9_3od_x1.2,D,mutation,3,7,23,23,69,9.0
D_k9_3od_x1.2,D,mutation,3,8,23,23,71,9.0
D_k9_3od_x1.2,D,mutation,3,9,23,23,65,9.0
D_k9_3od_x1.2,D,mutation,3,10,23,23,69,9.0
D_k9_3od_x1.2,D,mutation,3,11,23,23,67,9.0
D_k9_3od_x1.2,D,mutation,3,12,23,23,64,9.0
D_k9_3od_x1.2,D,mutation,3,13,23,23,69,9.0
D_k9_3od_x1.2,D,mutation,3,14,23,23,69,9.0
D_k9_3od_x1.2,D,mutation,3,15,23,23,67,9.0
D_k9_3od_x1.2,D,mutation,4,1,24,24,55,3.875
D_k9_3od_x1.2,D,mutation,4,2,23,23,71,9.0
D_k9_3od_x1.2,D,mutation,4,3,23,23,70,9.0
D_k9_3od_x1.2,D,mutation,4,4,23,23,72,9.0
D_k9_3od_x1.2,D,mutation,4,5,23,23,73,9.0
D_k9_3od_x1.2,D,mutation,4,6,23,23,61,9.0
D_k9_3od_x1.2,D,mutation,4,7,23,23,68,9.0
D_k9_3od_x1.2,D,mutation,4,8,23,23,70,9.0
D_k9_3od_x1.2,D,mutation,4,9,23,23,69,9.0
D_k9_3od_x1.2,D,mutation,4,10,23,23,70,9.0
D_k9_3od_x1.2,D,mutation,4,11,23,23,72,9.0
D_k9_3od_x1.2,D,mutation,4,12,23,23,63,9.0
D_k9_3od_x1.2,D,mutation,4,13,23,23,71,9.0
D_k9_3od_x1.2,D,mutation,4,14,23,23,70,9.0
D_k9_3od_x1.2,D,mutation,4,15,23,23,69,9.0
D_k9_3od_x1.2,D,mutation,5,1,24,24,64,4.583333333333333
D_k9_3od_x1.2,D,mutation,5,2,23,23,69,9.0
D_k9_3od_x1.2,D,mutation,5,3,23,23,73,9.0
D_k9_3od_x1.2,D,mutation,5,4,23,23,73,9.0
D_k9_3od_x1.2,D,mutation,5,5,23,23,70,9.0
D_k9_3od_x1.2,D,mutation,5,6,23,23,72,9.0
D_k9_3od_x1.2,D,mutation,5,7,23,23,70,9.0
D_k9_3od_x1.2,D,mutation,5,8,23,23,67,9.0
D_k9_3od_x1.2,D,mutation,5,9,23,23,69,9.0
D_k9_3od_x1.2,D,mutation,5,10,23,23,74,9.0
D_k9_3od_x1.2,D,mutation,5,11,23,23,64,9.0
D_k9_3od_x1.2,D,mutation,5,12,23,23,68,9.0
D_k9_3od_x1.2,D,mutation,5,13,23,23,70,9.0
D_k9_3od_x1.2,D,mutation,5,14,23,23,65,9.0
D_k9_3od_x1.2,D,mutation,5,15,23,23,71,9.0
D_k9_3od_x1.2,D,mutation,6,1,24,24,69,5.083333333333333
D_k9_3od_x1.2,D,mutation,6,2,23,23,71,9.0
D_k9_3od_x1.2,D,mutation,6,3,23,23,70,9.0
D_k9_3od_x1.2,D,mutation,6,4,23,23,67,9.0
D_k9_3od_x1.2,D,mutation,6,5,23,23,68,9.0
D_k9_3od_x1.2,D,mutation,6,6,23,23,75,9.0
D_k9_3od_x1.2,D,mutation,6,7,23,23,66,9.0
D_k9_3od_x1.2,D,mutation,6,8,23,23,66,9.0
D_k9_3od_x1.2,D,mutation,6,9,23,23,68,9.0
D_k9_3od_x1.2,D,mutation,6,10,23,23,61,9.0
D_k9_3od_x1.2,D,mutation,6,11,23,23,61,9.0
D_k9_3od_x1.2,D,mutation,6,12,23,23,72,9.0
D_k9_3od_x1.2,D,mutation,6,13,23,23,69,9.0
D_k9_3od_x1.2,D,mutation,6,14,23,23,68,9.0
D_k9_3od_x1.2,D,mutation,6,15,23,23,65,9.0
D_k9_3od_x1.2,D,mutation,7,1,24,24,73,5.25
D_k9_3od_x1.2,D,mutation,7,2,23,23,68,9.0
D_k9_3od_x1.2,D,mutation,7,3,23,23,67,9.0
D_k9_3od_x1.2,D,mutation,7,4,23,23,71,9.0
D_k9_3od_x1.2,D,mutation,7,5,23,23,72,9.0
D_k9_3od_x1.2,D,mutation,7,6,23,23,69,9.0
D_k9_3od_x1.2,D,mutation,7,7,23,23,67,9.0
D_k9_3od_x1.2,D,mutation,7,8,23,23,72,9.0
D_k9_3od_x1.2,D,mutation,7,9,23,23,64,9.0
D_k9_3od_x1.2,D,mutation,7,10,23,23,70,9.0
D_k9_3od_x1.2,D,mutation,7,11,23,23,74,9.0
D_k9_3od_x1.2,D,mutation,7,12,23,23,74,9.0
D_k9_3od_x1.2,D,mutation,7,13,23,23,76,9.0
D_k9_3od_x1.2,D,mutation,7,14,23,23,65,9.0
D_k9_3od_x1.2,D,mutation,7,15,23,23,69,9.0
D_k9_3od_x1.2,D,mutation,8,1,24,24,62,4.041666666666667
D_k9_3od_x1.2,D,mutation,8,2,23,23,73,9.0
D_k9_3od_x1.2,D,mutation,8,3,23,23,68,9.0
D_k9_3od_x1.2,D,mutation,8,4,23,23,72,9.0
D_k9_3od_x1.2,D,mutation,8,5,23,23,67,9.0
D_k9_3od_x1.2,D,mutation,8,6,23,23,64,9.0
D_k9_3od_x1.2,D,mutation,8,7,23,23,71,9.0
D_k9_3od_x1.2,D,mutation,8,8,23,23,71,9.0
D_k9_3od_x1.2,D,mutation,8,9,23,23,71,9.0
D_k9_3od_x1.2,D,mutation,8,10,23,23,69,9.0
D_k9_3od_x1.2,D,mutation,8,11,23,23,69,9.0
D_k9_3od_x1.2,D,mutation,8,12,23,23,60,9.0
D_k9_3od_x1.2,D,mutation,8,13,23,23,70,9.0
D_k9_3od_x1.2,D,mutation,8,14,23,23,66,9.0
D_k9_3od_x1.2,D,mutation,8,15,23,23,66,9.0
D_k9_3od_x1.2,D,mutation,9,1,24,24,71,5.0
D_k9_3od_x1.2,D,mutation,9,2,23,23,73,9.0
D_k9_3od_x1.2,D,mutation,9,3,23,23,73,9.0
D_k9_3od_x1.2,D,mutation,9,4,23,23,69,9.0
D_k9_3od_x1.2,D,mutation,9,5,23,23,72,9.0
D_k9_3od_x1.2,D,mutation,9,6,23,23,64,9.0
D_k9_3od_x1.2,D,mutation,9,7,23,23,71,9.0
D_k9_3od_x1.2,D,mutation,9,8,23,23,77,9.0
D_k9_3od_x1.2,D,mutation,9,9,23,23,69,9.0
D_k9_3od_x1.2,D,mutation,9,10,23,23,69,9.0
D_k9_3od_x1.2,D,mutation,9,11,23,23,65,9.0
D_k9_3od_x1.2,D,mutation,9,12,23,23,70,9.0
D_k9_3od_x1.2,D,mutation,9,13,23,23,62,9.0
D_k9_3od_x1.2,D,mutation,9,14,23,23,69,9.0
D_k9_3od_x1.2,D,mutation,9,15,23,23,69,9.0
D_k9_3od_x1.2,D,none,0,1,24,24,74,5.791666666666667
D_k9_3od_x1.2,D,none,0,2,23,23,82,9.0
D_k9_3od_x1.2,D,none,0,3,23,23,82,9.0
D_k9_3od_x1.2,D,none,0,4,23,23,83,9.0
D_k9_3od_x1.2,D,none,0,5,23,23,83,9.0
D_k9_3od_x1.2,D,none,0,6,23,23,72,9.0
D_k9_3od_x1.2,D,none,0,7,23,23,78,9.0
D_k9_3od_x1.2,D,none,0,8,23,23,77,9.0
D_k9_3od_x1.2,D,none,0,9,23,23,81,9.0
D_k9_3od_x1.2,D,none,0,10,23,23,76,9.0
D_k9_3od_x1.2,D,none,0,11,23,23,82,9.0
D_k9_3od_x1.2,D,none,0,12,23,23,76,9.0
D_k9_3od_x1.2,D,none,0,13,23,23,74,9.0
D_k9_3od_x1.2,D,none,0,14,23,23,80,9.0
D_k9_3od_x1.2,D,none,0,15,23,23,76,9.0
D_k9_3od_x1.2,D,none,1,1,24,24,65,4.833333333333333
D_k9_3od_x1.2,D,none,1,2,23,23,80,9.0
D_k9_3od_x1.2,D,none,1,3,23,23,77,9.0
D_k9_3od_x1.2,D,none,1,4,23,23,80,9.0
D_k9_3od_x1.2,D,none,1,5,23,23,75,9.0
D_k9_3od_x1.2,D,none,1,6,23,23,78,9.0
D_k9_3od_x1.2,D,none,1,7,23,23,71,9.0
D_k9_3od_x1.2,D,none,1,8,23,23,75,9.0
D_k9_3od_x1.2,D,none,1,9,23,23,81,9.0
D_k9_3od_x1.2,D,none,1,10,23,23,79,9.0
D_k9_3od_x1.2,D,none,1,11,23,23,78,9.0
D_k9_3od_x1.2,D,none,1,12,23,23,81,9.0
D_k9_3od_x1.2,D,none,1,13,23,23,83,9.0
D_k9_3od_x1.2,D,none,1,14,23,23,75,9.0
D_k9_3od_x1.2,D,none,1,15,23,23,77,9.0
D_k9_3od_x1.2,D,none,2,1,24,24,66,4.541666666666667
D_k9_3od_x1.2,D,none,2,2,23,23,78,9.0
D_k9_3od_x1.2,D,none,2,3,23,23,80,9.0
D_k9_3od_x1.2,D,none,2,4,23,23,80,9.0
D_k9_3od_x1.2,D,none,2,5,23,23,76,9.0
D_k9_3od_x1.2,D,none,2,6,23,23,76,9.0
D_k9_3od_x1.2,D,none,2,7,23,23,75,9.0
D_k9_3od_x1.2,D,none,2,8,23,23,78,9.0
D_k9_3od_x1.2,D,none,2,9,23,23,82,9.0
D_k9_3od_x1.2,D,none,2,10,23,23,73,9.0
D_k9_3od_x1.2,D,none,2,11,23,23,75,9.0
D_k9_3od_x1.2,D,none,2,12,23,23,75,9.0
D_k9_3od_x1.2,D,none,2,13,23,23,80,9.0
D_k9_3od_x1.2,D,none,2,14,23,23,70,9.0
D_k9_3od_x1.2,D,none,2,15,23,23,77,9.0
D_k9_3od_x1.2,D,none,3,1,24,24,61,4.083333333333333
D_k9_3od_x1.2,D,none,3,2,23,23,81,9.0
D_k9_3od_x1.2,D,none,3,3,23,23,75,9.0
D_k9_3od_x1.2,D,none,3,4,23,23,80,9.0
D_k9_3od_x1.2,D,none,3,5,23,23,73,9.0
D_k9_3od_x1.2,D,none,3,6,23,23,75,9.0
D_k9_3od_x1.2,D,none,3,7,23,23,77,9.0
D_k9_3od_x1.2,D,none,3,8,23,23,82,9.0
D_k9_3od_x1.2,D,none,3,9,23,23,77,9.0
D_k9_3od_x1.2,D,none,3,10,23,23,76,9.0
D_k9_3od_x1.2,D,none,3,11,23,23,81,9.0
D_k9_3od_x1.2,D,none,3,12,23,23,79,9.0
D_k9_3od_x1.2,D,none,3,13,23,23,75,9.0
D_k9_3od_x1.2,D,none,3,14,23,23,80,9.0
D_k9_3od_x1.2,D,none,3,15,23,23,77,9.0
D_k9_3od_x1.2,D,none,4,1,24,24,55,3.875
D_k9_3od_x1.2,D,none,4,2,23,23,80,9.0
D_k9_3od_x1.2,D,none,4,3,23,23,80,9.0
D_k9_3od_x1.2,D,none,4,4,23,23,78,9.0
D_k9_3od_x1.2,D,none,4,5,23,23,80,9.0
D_k9_3od_x1.2,D,none,4,6,23,23,77,9.0
D_k9_3od_x1.2,D,none,4,7,23,23,75,9.0
D_k9_3od_x1.2,D,none,4,8,23,23,84,9.0
D_k9_3od_x1.2,D,none,4,9,23,23,75,9.0
D_k9_3od_x1.2,D,none,4,10,23,23,77,9.0
D_k9_3od_x1.2,D,none,4,11,23,23,78,9.0
D_k9_3od_x1.2,D,none,4,12,23,23,75,9.0
D_k9_3od_x1.2,D,none,4,13,23,23,78,9.0
D_k9_3od_x1.2,D,none,4,14,23,23,79,9.0
D_k9_3od_x1.2,D,none,4,15,23,23,81,9.0
D_k9_3od_x1.2,D,none,5,1,24,24,64,4.583333333333333
D_k9_3od_x1.2,D,none,5,2,23,23,78,9.0
D_k9_3od_x1.2,D,none,5,3,23,23,81,9.0
D_k9_3od_x1.2,D,none,5,4,23,23,79,9.0
D_k9_3od_x1.2,D,none,5,5,23,23,75,9.0
D_k9_3od_x1.2,D,none,5,6,23,23,80,9.0
D_k9_3od_x1.2,D,none,5,7,23,23,75,9.0
D_k9_3od_x1.2,D,none,5,8,23,23,72,9.0
D_k9_3od_x1.2,D,none,5,9,23,23,82,9.0
D_k9_3od_x1.2,D,none,5,10,23,23,77,9.0
D_k9_3od_x1.2,D,none,5,11,23,23,77,9.0
D_k9_3od_x1.2,D,none,5,12,23,23,72,9.0
D_k9_3od_x1.2,D,none,5,13,23,23,76,9.0
D_k9_3od_x1.2,D,none,5,14,23,23,75,9.0
D_k9_3od_x1.2,D,none,5,15,23,23,74,9.0
D_k9_3od_x1.2,D,none,6,1,24,24,69,5.083333333333333
D_k9_3od_x1.2,D,none,6,2,23,23,76,9.0
D_k9_3od_x1.2,D,none,6,3,23,23,83,9.0
D_k9_3od_x1.2,D,none,6,4,23,23,80,9.0
D_k9_3od_x1.2,D,none,6,5,23,23,75,9.0
D_k9_3od_x1.2,D,none,6,6,23,23,75,9.0
D_k9_3od_x1.2,D,none,6,7,23,23,75,9.0
D_k9_3od_x1.2,D,none,6,8,23,23,78,9.0
D_k9_3od_x1.2,D,none,6,9,23,23,80,9.0
D_k9_3od_x1.2,D,none,6,10,23,23,79,9.0
D_k9_3od_x1.2,D,none,6,11,23,23,75,9.0
D_k9_3od_x1.2,D,none,6,12,23,23,75,9.0
D_k9_3od_x1.2,D,none,6,13,23,23,75,9.0
D_k9_3od_x1.2,D,none,6,14,23,23,81,9.0
D_k9_3od_x1.2,D,none,6,15,23,23,73,9.0
D_k9_3od_x1.2,D,none,7,1,24,24,73,5.25
D_k9_3od_x1.2,D,none,7,2,23,23,80,9.0
D_k9_3od_x1.2,D,none,7,3,23,23,79,9.0
D_k9_3od_x1.2,D,none,7,4,23,23,78,9.0
D_k9_3od_x1.2,D,none,7,5,23,23,77,9.0
D_k9_3od_x1.2,D,none,7,6,23,23,76,9.0
D_k9_3od_x1.2,D,none,7,7,23,23,74,9.0
D_k9_3od_x1.2,D,none,7,8,23,23,77,9.0
D_k9_3od_x1.2,D,none,7,9,23,23,83,9.0
D_k9_3od_x1.2,D,none,7,10,23,23,71,9.0
D_k9_3od_x1.2,D,none,7,11,23,23,78,9.0
D_k9_3od_x1.2,D,none,7,12,23,23,76,9.0
D_k9_3od_x1.2,D,none,7,13,23,23,74,9.0
D_k9_3od_x1.2,D,none,7,14,23,23,78,9.0
D_k9_3od_x1.2,D,none,7,15,23,23,75,9.0
D_k9_3od_x1.2,D,none,8,1,24,24,62,4.041666666666667
D_k9_3od_x1.2,D,none,8,2,23,23,82,9.0
D_k9_3od_x1.2,D,none,8,3,23,23,78,9.0
D_k9_3od_x1.2,D,none,8,4,23,23,73,9.0
D_k9_3od_x1.2,D,none,8,5,23,23,82,9.0
D_k9_3od_x1.2,D,none,8,6,23,23,83,9.0
D_k9_3od_x1.2,D,none,8,7,23,23,72,9.0
D_k9_3od_x1.2,D,none,8,8,23,23,75,9.0
D_k9_3od_x1.2,D,none,8,9,23,23,74,9.0
D_k9_3od_x1.2,D,none,8,10,23,23,74,9.0
D_k9_3od_x1.2,D,none,8,11,23,23,81,9.0
D_k9_3od_x1.2,D,none,8,12,23,23,74,9.0
D_k9_3od_x1.2,D,none,8,13,23,23,83,9.0
D_k9_3od_x1.2,D,none,8,14,23,23,79,9.0
D_k9_3od_x1.2,D,none,8,15,23,23,71,9.0
D_k9_3od_x1.2,D,none,9,1,24,24,71,5.0
D_k9_3od_x1.2,D,none,9,2,23,23,77,9.0
D_k9_3od_x1.2,D,none,9,3,23,23,81,9.0
D_k9_3od_x1.2,D,none,9,4,23,23,81,9.0
D_k9_3od_x1.2,D,none,9,5,23,23,79,9.0
D_k9_3od_x1.2,D,none,9,6,23,23,80,9.0
D_k9_3od_x1.2,D,none,9,7,23,23,79,9.0
D_k9_3od_x1.2,D,none,9,8,23,23,76,9.0
D_k9_3od_x1.2,D,none,9,9,23,23,77,9.0
D_k9_3od_x1.2,D,none,9,10,23,23,75,9.0
D_k9_3od_x1.2,D,none,9,11,23,23,76,9.0
D_k9_3od_x1.2,D,none,9,12,23,23,81,9.0
D_k9_3od_x1.2,D,none,9,13,23,23,76,9.0
D_k9_3od_x1.2,D,none,9,14,23,23,77,9.0
D_k9_3od_x1.2,D,none,9,15,23,23,76,9.0
J_k9_6od_x0.8,J,both,0,1,24,24,103,4.958333333333333
J_k9_6od_x0.8,J,both,0,2,23,23,179,9.0
J_k9_6od_x0.8,J,both,0,3,23,23,180,9.0
J_k9_6od_x0.8,J,both,0,4,23,23,178,9.0
J_k9_6od_x0.8,J,both,0,5,23,23,180,9.0
J_k9_6od_x0.8,J,both,0,6,23,23,182,9.0
J_k9_6od_x0.8,J,both,0,7,23,23,173,9.0
J_k9_6od_x0.8,J,both,0,8,23,23,177,9.0
J_k9_6od_x0.8,J,both,0,9,23,23,181,9.0
J_k9_6od_x0.8,J,both,0,10,23,23,176,9.0
J_k9_6od_x0.8,J,both,0,11,23,23,173,9.0
J_k9_6od_x0.8,J,both,0,12,23,23,178,9.0
J_k9_6od_x0.8,J,both,0,13,23,23,184,9.0
J_k9_6od_x0.8,J,both,0,14,23,23,173,9.0
J_k9_6od_x0.8,J,both,0,15,23,23,186,9.0
J_k9_6od_x0.8,J,both,1,1,24,22,92,4.375
J_k9_6od_x0.8,J,both,1,2,23,23,169,9.0
J_k9_6od_x0.8,J,both,1,3,23,23,181,9.0
J_k9_6od_x0.8,J,both,1,4,23,23,181,9.0
J_k9_6od_x0.8,J,both,1,5,23,23,172,9.0
J_k9_6od_x0.8,J,both,1,6,23,23,177,9.0
J_k9_6od_x0.8,J,both,1,7,23,23,177,9.0
J_k9_6od_x0.8,J,both,1,8,23,23,170,9.0
J_k9_6od_x0.8,J,both,1,9,23,23,182,9.0
J_k9_6od_x0.8,J,both,1,10,23,23,171,9.0
J_k9_6od_x0.8,J,both,1,11,23,23,184,9.0
J_k9_6od_x0.8,J,both,1,12,23,23,178,9.0
J_k9_6od_x0.8,J,both,1,13,23,23,182,9.0
J_k9_6od_x0.8,J,both,1,14,23,23,183,9.0
J_k9_6od_x0.8,J,both,1,15,23,23,179,9.0
J_k9_6od_x0.8,J,both,2,1,24,21,92,4.416666666666667
J_k9_6od_x0.8,J,both,2,2,23,23,174,9.0
J_k9_6od_x0.8,J,both,2,3,23,23,176,9.0
J_k9_6od_x0.8,J,both,2,4,23,23,181,9.0
J_k9_6od_x0.8,J,both,2,5,23,23,175,9.0
J_k9_6od_x0.8,J,both,2,6,23,23,179,9.0
J_k9_6od_x0.8,J,both,2,7,23,23,186,9.0
J_k9_6od_x0.8,J,both,2,8,23,23,186,9.0
J_k9_6od_x0.8,J,both,2,9,23,23,175,9.0
J_k9_6od_x0.8,J,both,2,10,23,23,181,9.0
J_k9_6od_x0.8,J,both,2,11,23,23,187,9.0
J_k9_6od_x0.8,J,both,2,12,23,23,179,9.0
J_k9_6od_x0.8,J,both,2,13,23,23,172,9.0
J_k9_6od_x0.8,J,both,2,14,23,23,185,9.0
J_k9_6od_x0.8,J,both,2,15,23,23,172,9.0
J_k9_6od_x0.8,J,both,3,1,24,24,113,5.416666666666667
J_k9_6od_x0.8,J,both,3,2,23,23,176,9.0
J_k9_6od_x0.8,J,both,3,3,23,23,176,9.0
J_k9_6od_x0.8,J,both,3,4,23,23,176,9.0
J_k9_6od_x0.8,J,both,3,5,23,23,189,9.0
J_k9_6od_x0.8,J,both,3,6,23,23,183,9.0
J_k9_6od_x0.8,J,both,3,7,23,23,176,9.0
J_k9_6od_x0.8,J,both,3,8,23,23,177,9.0
J_k9_6od_x0.8,J,both,3,9,23,23,183,9.0
J_k9_6od_x0.8,J,both,3,10,23,23,181,9.0
J_k9_6od_x0.8,J,both,3,11,23,23,179,9.0
J_k9_6od_x0.8,J,both,3,12,23,23,175,9.0
J_k9_6od_x0.8,J,both,3,13,23,23,184,9.0
J_k9_6od_x0.8,J,both,3,14,23,23,183,9.0
J_k9_6od_x0.8,J,both,3,15,23,23,186,9.0
J_k9_6od_x0.8,J,both,4,1,24,22,70,3.5416666666666665
J_k9_6od_x0.8,J,both,4,2,23,23,176,9.0
J_k9_6od_x0.8,J,both,4,3,23,23,184,9.0
J_k9_6od_x0.8,J,both,4,4,23,23,181,9.0
J_k9_6od_x0.8,J,both,4,5,23,23,180,9.0
J_k9_6od_x0.8,J,both,4,6,23,23,175,9.0
J_k9_6od_x0.8,J,both,4,7,23,23,176,9.0
J_k9_6od_x0.8,J,both,4,8,23,23,164,9.0
J_k9_6od_x0.8,J,both,4,9,23,23,173,9.0
J_k9_6od_x0.8,J,both,4,10,23,23,174,9.0
J_k9_6od_x0.8,J,both,4,11,23,23,185,9.0
J_k9_6od_x0.8,J,both,4,12,23,23,178,9.0
J_k9_6od_x0.8,J,both,4,13,23,23,183,9.0
J_k9_6od_x0.8,J,both,4,14,23,23,168,9.0
J_k9_6od_x0.8,J,both,4,15,23,23,180,9.0
J_k9_6od_x0.8,J,both,5,1,24,22,79,4.25
J_k9_6od_x0.8,J,both,5,2,23,23,189,9.0
J_k9_6od_x0.8,J,both,5,3,23,23,179,9.0
J_k9_6od_x0.8,J,both,5,4,23,23,185,9.0
J_k9_6od_x0.8,J,both,5,5,23,23,185,9.0
J_k9_6od_x0.8,J,both,5,6,23,23,176,9.0
J_k9_6od_x0.8,J,both,5,7,23,23,175,9.0
J_k9_6od_x0.8,J,both,5,8,23,23,183,9.0
J_k9_6od_x0.8,J,both,5,9,23,23,184,9.0
J_k9_6od_x0.8,J,both,5,10,23,23,177,9.0
J_k9_6od_x0.8,J,both,5,11,23,23,181,9.0
J_k9_6od_x0.8,J,both,5,12,23,23,185,9.0
J_k9_6od_x0.8,J,both,5,13,23,23,185,9.0
J_k9_6od_x0.8,J,both,5,14,23,23,183,9.0
J_k9_6od_x0.8,J,both,5,15,23,23,184,9.0
J_k9_6od_x0.8,J,both,6,1,24,22,100,4.958333333333333
J_k9_6od_x0.8,J,both,6,2,23,23,180,9.0
J_k9_6od_x0.8,J,both,6,3,23,23,179,9.0
J_k9_6od_x0.8,J,both,6,4,23,23,183,9.0
J_k9_6od_x0.8,J,both,6,5,23,23,185,9.0
J_k9_6od_x0.8,J,both,6,6,23,23,184,9.0
J_k9_6od_x0.8,J,both,6,7,23,23,184,9.0
J_k9_6od_x0.8,J,both,6,8,23,23,182,9.0
J_k9_6od_x0.8,J,both,6,9,23,23,177,9.0
J_k9_6od_x0.8,J,both,6,10,23,23,178,9.0
J_k9_6od_x0.8,J,both,6,11,23,23,180,9.0
J_k9_6od_x0.8,J,both,6,12,23,23,180,9.0
J_k9_6od_x0.8,J,both,6,13,23,23,181,9.0
J_k9_6od_x0.8,J,both,6,14,23,23,186,9.0
J_k9_6od_x0.8,J,both,6,15,23,23,178,9.0
J_k9_6od_x0.8,J,both,7,1,24,21,77,3.75
J_k9_6od_x0.8,J,both,7,2,23,23,186,9.0
J_k9_6od_x0.8,J,both,7,3,23,23,178,9.0
J_k9_6od_x0.8,J,both,7,4,23,23,175,9.0
J_k9_6od_x0.8,J,both,7,5,23,23,177,9.0
J_k9_6od_x0.8,J,both,7,6,23,23,189,9.0
J_k9_6od_x0.8,J,both,7,7,23,23,180,9.0
J_k9_6od_x0.8,J,both,7,8,23,23,172,9.0
J_k9_6od_x0.8,J,both,7,9,23,23,168,9.0
J_k9_6od_x0.8,J,both,7,10,23,23,180,9.0
J_k9_6od_x0.8,J,both,7,11,23,23,178,9.0
J_k9_6od_x0.8,J,both,7,12,23,23,179,9.0
J_k9_6od_x0.8,J,both,7,13,23,23,174,9.0
J_k9_6od_x0.8,J,both,7,14,23,23,185,9.0
J_k9_6od_x0.8,J,both,7,15,23,23,177,9.0
J_k9_6od_x0.8,J,both,8,1,24,23,79,4.375
J_k9_6od_x0.8,J,both,8,2,23,23,177,9.0
J_k9_6od_x0.8,J,both,8,3,23,23,184,9.0
J_k9_6od_x0.8,J,both,8,4,23,23,182,9.0
J_k9_6od_x0.8,J,both,8,5,23,23,190,9.0
J_k9_6od_x0.8,J,both,8,6,23,23,182,9.0
J_k9_6od_x0.8,J,both,8,7,23,23,186,9.0
J_k9_6od_x0.8,J,both,8,8,23,23,182,9.0
J_k9_6od_x0.8,J,both,8,9,23,23,176,9.0
J_k9_6od_x0.8,J,both,8,10,23,23,183,9.0
J_k9_6od_x0.8,J,both,8,11,23,23,181,9.0
J_k9_6od_x0.8,J,both,8,12,23,23,182,9.0
J_k9_6od_x0.8,J,both,8,13,23,23,180,9.0
J_k9_6od_x0.8,J,both,8,14,23,23,190,9.0
J_k9_6od_x0.8,J,both,8,15,23,23,181,9.0
J_k9_6od_x0.8,J,both,9,1,24,22,87,4.541666666666667
J_k9_6od_x0.8,J,both,9,2,23,23,180,9.0
J_k9_6od_x0.8,J,both,9,3,23,23,183,9.0
J_k9_6od_x0.8,J,both,9,4,23,23,188,9.0
J_k9_6od_x0.8,J,both,9,5,23,23,186,9.0
J_k9_6od_x0.8,J,both,9,6,23,23,183,9.0
J_k9_6od_x0.8,J,both,9,7,23,23,181,9.0
J_k9_6od_x0.8,J,both,9,8,23,23,176,9.0
J_k9_6od_x0.8,J,both,9,9,23,23,176,9.0
J_k9_6od_x0.8,J,both,9,10,23,23,175,9.0
J_k9_6od_x0.8,J,both,9,11,23,23,168,9.0
J_k9_6od_x0.8,J,both,9,12,23,23,183,9.0
J_k9_6od_x0.8,J,both,9,13,23,23,172,9.0
J_k9_6od_x0.8,J,both,9,14,23,23,175,9.0
J_k9_6od_x0.8,J,both,9,15,23,23,177,9.0
J_k9_6od_x0.8,J,init,0,1,24,24,103,4.958333333333333
J_k9_6od_x0.8,J,init,0,2,23,23,187,9.0
J_k9_6od_x0.8,J,init,0,3,23,23,193,9.0
J_k9_6od_x0.8,J,init,0,4,23,23,189,9.0
J_k9_6od_x0.8,J,init,0,5,23,23,190,9.0
J_k9_6od_x0.8,J,init,0,6,23,23,194,9.0
J_k9_6od_x0.8,J,init,0,7,23,23,197,9.0
J_k9_6od_x0.8,J,init,0,8,23,23,192,9.0
J_k9_6od_x0.8,J,init,0,9,23,23,190,9.0
J_k9_6od_x0.8,J,init,0,10,23,23,191,9.0
J_k9_6od_x0.8,J,init,0,11,23,23,192,9.0
J_k9_6od_x0.8,J,init,0,12,23,23,197,9.0
J_k9_6od_x0.8,J,init,0,13,23,23,192,9.0
J_k9_6od_x0.8,J,init,0,14,23,23,194,9.0
J_k9_6od_x0.8,J,init,0,15,23,23,191,9.0
J_k9_6od_x0.8,J,init,1,1,24,22,92,4.375
J_k9_6od_x0.8,J,init,1,2,23,23,191,9.0
J_k9_6od_x0.8,J,init,1,3,23,23,192,9.0
J_k9_6od_x0.8,J,init,1,4,23,23,196,9.0
J_k9_6od_x0.8,J,init,1,5,23,23,192,9.0
J_k9_6od_x0.8,J,init,1,6,23,23,198,9.0
J_k9_6od_x0.8,J,init,1,7,23,23,192,9.0
J_k9_6od_x0.8,J,init,1,8,23,23,197,9.0
J_k9_6od_x0.8,J,init,1,9,23,23,192,9.0
J_k9_6od_x0.8,J,init,1,10,23,23,199,9.0
J_k9_6od_x0.8,J,init,1,11,23,23,195,9.0
J_k9_6od_x0.8,J,init,1,12,23,23,194,9.0
J_k9_6od_x0.8,J,init,1,13,23,23,192,9.0
J_k9_6od_x0.8,J,init,1,14,23,23,196,9.0
J_k9_6od_x0.8,J,init,1,15,23,23,198,9.0
J_k9_6od_x0.8,J,init,2,1,24,21,92,4.416666666666667
J_k9_6od_x0.8,J,init,2,2,23,23,192,9.0
J_k9_6od_x0.8,J,init,2,3,23,23,194,9.0
J_k9_6od_x0.8,J,init,2,4,23,23,197,9.0
J_k9_6od_x0.8,J,init,2,5,23,23,197,9.0
J_k9_6od_x0.8,J,init,2,6,23,23,194,9.0
J_k9_6od_x0.8,J,init,2,7,23,23,189,9.0
J_k9_6od_x0.8,J,init,2,8,23,23,193,9.0
J_k9_6od_x0.8,J,init,2,9,23,23,192,9.0
J_k9_6od_x0.8,J,init,2,10,23,23,194,9.0
J_k9_6od_x0.8,J,init,2,11,23,23,191,9.0
J_k9_6od_x0.8,J,init,2,12,23,23,192,9.0
J_k9_6od_x0.8,J,init,2,13,23,23,195,9.0
J_k9_6od_x0.8,J,init,2,14,23,23,195,9.0
J_k9_6od_x0.8,J,init,2,15,23,23,192,9.0
J_k9_6od_x0.8,J,init,3,1,24,24,113,5.416666666666667
J_k9_6od_x0.8,J,init,3,2,23,23,197,9.0
J_k9_6od_x0.8,J,init,3,3,23,23,194,9.0
J_k9_6od_x0.8,J,init,3,4,23,23,191,9.0
J_k9_6od_x0.8,J,init,3,5,23,23,194,9.0
J_k9_6od_x0.8,J,init,3,6,23,23,198,9.0
J_k9_6od_x0.8,J,init,3,7,23,23,197,9.0
J_k9_6od_x0.8,J,init,3,8,23,23,190,9.0
J_k9_6od_x0.8,J,init,3,9,23,23,195,9.0
J_k9_6od_x0.8,J,init,3,10,23,23,191,9.0
J_k9_6od_x0.8,J,init,3,11,23,23,196,9.0
J_k9_6od_x0.8,J,init,3,12,23,23,190,9.0
J_k9_6od_x0.8,J,init,3,13,23,23,193,9.0
J_k9_6od_x0.8,J,init,3,14,23,23,193,9.0
J_k9_6od_x0.8,J,init,3,15,23,23,198,9.0
J_k9_6od_x0.8,J,init,4,1,24,22,70,3.5416666666666665
J_k9_6od_x0.8,J,init,4,2,23,23,193,9.0
J_k9_6od_x0.8,J,init,4,3,23,23,191,9.0
J_k9_6od_x0.8,J,init,4,4,23,23,188,9.0
J_k9_6od_x0.8,J,init,4,5,23,23,198,9.0
J_k9_6od_x0.8,J,init,4,6,23,23,192,9.0
J_k9_6od_x0.8,J,init,4,7,23,23,187,9.0
J_k9_6od_x0.8,J,init,4,8,23,23,193,9.0
J_k9_6od_x0.8,J,init,4,9,23,23,190,9.0
J_k9_6od_x0.8,J,init,4,10,23,23,193,9.0
J_k9_6od_x0.8,J,init,4,11,23,23,192,9.0
J_k9_6od_x0.8,J,init,4,12,23,23,193,9.0
J_k9_6od_x0.8,J,init,4,13,23,23,189,9.0
J_k9_6od_x0.8,J,init,4,14,23,23,190,9.0
J_k9_6od_x0.8,J,init,4,15,23,23,196,9.0
J_k9_6od_x0.8,J,init,5,1,24,22,79,4.25
J_k9_6od_x0.8,J,init,5,2,23,23,192,9.0
J_k9_6od_x0.8,J,init,5,3,23,23,196,9.0
J_k9_6od_x0.8,J,init,5,4,23,23,190,9.0
J_k9_6od_x0.8,J,init,5,5,23,23,197,9.0
J_k9_6od_x0.8,J,init,5,6,23,23,196,9.0
J_k9_6od_x0.8,J,init,5,7,23,23,192,9.0
J_k9_6od_x0.8,J,init,5,8,23,23,192,9.0
J_k9_6od_x0.8,J,init,5,9,23,23,190,9.0
J_k9_6od_x0.8,J,init,5,10,23,23,191,9.0
J_k9_6od_x0.8,J,init,5,11,23,23,196,9.0
J_k9_6od_x0.8,J,init,5,12,23,23,189,9.0
J_k9_6od_x0.8,J,init,5,13,23,23,198,9.0
J_k9_6od_x0.8,J,init,5,14,23,23,188,9.0
J_k9_6od_x0.8,J,init,5,15,23,23,190,9.0
J_k9_6od_x0.8,J,init,6,1,24,22,100,4.958333333333333
J_k9_6od_x0.8,J,init,6,2,23,23,193,9.0
J_k9_6od_x0.8,J,init,6,3,23,23,194,9.0
J_k9_6od_x0.8,J,init,6,4,23,23,191,9.0
J_k9_6od_x0.8,J,init,6,5,23,23,197,9.0
J_k9_6od_x0.8,J,init,6,6,23,23,196,9.0
J_k9_6od_x0.8,J,init,6,7,23,23,194,9.0
J_k9_6od_x0.8,J,init,6,8,23,23,193,9.0
J_k9_6od_x0.8,J,init,6,9,23,23,194,9.0
J_k9_6od_x0.8,J,init,6,10,23,23,193,9.0
J_k9_6od_x0.8,J,init,6,11,23,23,195,9.0
J_k9_6od_x0.8,J,init,6,12,23,23,192,9.0
J_k9_6od_x0.8,J,init,6,13,23,23,191,9.0
J_k9_6od_x0.8,J,init,6,14,23,23,188,9.0
J_k9_6od_x0.8,J,init,6,15,23,23,195,9.0
J_k9_6od_x0.8,J,init,7,1,24,21,77,3.75
J_k9_6od_x0.8,J,init,7,2,23,23,195,9.0
J_k9_6od_x0.8,J,init,7,3,23,23,193,9.0
J_k9_6od_x0.8,J,init,7,4,23,23,187,9.0
J_k9_6od_x0.8,J,init,7,5,23,23,190,9.0
J_k9_6od_x0.8,J,init,7,6,23,23,192,9.0
J_k9_6od_x0.8,J,init,7,7,23,23,199,9.0
J_k9_6od_x0.8,J,init,7,8,23,23,194,9.0
J_k9_6od_x0.8,J,init,7,9,23,23,189,9.0
J_k9_6od_x0.8,J,init,7,10,23,23,191,9.0
J_k9_6od_x0.8,J,init,7,11,23,23,191,9.0
J_k9_6od_x0.8,J,init,7,12,23,23,193,9.0
J_k9_6od_x0.8,J,init,7,13,23,23,195,9.0
J_k9_6od_x0.8,J,init,7,14,23,23,191,9.0
J_k9_6od_x0.8,J,init,7,15,23,23,199,9.0
J_k9_6od_x0.8,J,init,8,1,24,23,79,4.375
J_k9_6od_x0.8,J,init,8,2,23,23,195,9.0
J_k9_6od_x0.8,J,init,8,3,23,23,195,9.0
J_k9_6od_x0.8,J,init,8,4,23,23,190,9.0
J_k9_6od_x0.8,J,init,8,5,23,23,197,9.0
J_k9_6od_x0.8,J,init,8,6,23,23,191,9.0
J_k9_6od_x0.8,J,init,8,7,23,23,191,9.0
J_k9_6od_x0.8,J,init,8,8,23,23,192,9.0
J_k9_6od_x0.8,J,init,8,9,23,23,193,9.0
J_k9_6od_x0.8,J,init,8,10,23,23,184,9.0
J_k9_6od_x0.8,J,init,8,11,23,23,195,9.0
J_k9_6od_x0.8,J,init,8,12,23,23,195,9.0
J_k9_6od_x0.8,J,init,8,13,23,23,193,9.0
J_k9_6od_x0.8,J,init,8,14,23,23,197,9.0
J_k9_6od_x0.8,J,init,8,15,23,23,198,9.0
J_k9_6od_x0.8,J,init,9,1,24,22,87,4.541666666666667
J_k9_6od_x0.8,J,init,9,2,23,23,200,9.0
J_k9_6od_x0.8,J,init,9,3,23,23,197,9.0
J_k9_6od_x0.8,J,init,9,4,23,23,198,9.0
J_k9_6od_x0.8,J,init,9,5,23,23,198,9.0
J_k9_6od_x0.8,J,init,9,6,23,23,191,9.0
J_k9_6od_x0.8,J,init,9,7,23,23,193,9.0
J_k9_6od_x0.8,J,init,9,8,23,23,197,9.0
J_k9_6od_x0.8,J,init,9,9,23,23,196,9.0
J_k9_6od_x0.8,J,init,9,10,23,23,193,9.0
J_k9_6od_x0.8,J,init,9,11,23,23,198,9.0
J_k9_6od_x0.8,J,init,9,12,23,23,193,9.0
J_k9_6od_x0.8,J,init,9,13,23,23,201,9.0
J_k9_6od_x0.8,J,init,9,14,23,23,192,9.0
J_k9_6od_x0.8,J,init,9,15,23,23,189,9.0
J_k9_6od_x0.8,J,mutation,0,1,24,24,200,9.0
J_k9_6od_x0.8,J,mutation,0,2,23,23,178,9.0
J_k9_6od_x0.8,J,mutation,0,3,23,23,182,9.0
J_k9_6od_x0.8,J,mutation,0,4,23,23,182,9.0
J_k9_6od_x0.8,J,mutation,0,5,23,23,175,9.0
J_k9_6od_x0.8,J,mutation,0,6,23,23,167,9.0
J_k9_6od_x0.8,J,mutation,0,7,23,23,172,9.0
J_k9_6od_x0.8,J,mutation,0,8,23,23,178,9.0
J_k9_6od_x0.8,J,mutation,0,9,23,23,179,9.0
J_k9_6od_x0.8,J,mutation,0,10,23,23,172,9.0
J_k9_6od_x0.8,J,mutation,0,11,23,23,181,9.0
J_k9_6od_x0.8,J,mutation,0,12,23,23,173,9.0
J_k9_6od_x0.8,J,mutation,0,13,23,23,178,9.0
J_k9_6od_x0.8,J,mutation,0,14,23,23,175,9.0
J_k9_6od_x0.8,J,mutation,0,15,23,23,170,9.0
J_k9_6od_x0.8,J,mutation,1,1,24,24,203,9.0
J_k9_6od_x0.8,J,mutation,1,2,23,23,175,9.0
J_k9_6od_x0.8,J,mutation,1,3,23,23,176,9.0
J_k9_6od_x0.8,J,mutation,1,4,23,23,181,9.0
J_k9_6od_x0.8,J,mutation,1,5,23,23,170,9.0
J_k9_6od_x0.8,J,mutation,1,6,23,23,183,9.0
J_k9_6od_x0.8,J,mutation,1,7,23,23,172,9.0
J_k9_6od_x0.8,J,mutation,1,8,23,23,182,9.0
J_k9_6od_x0.8,J,mutation,1,9,23,23,177,9.0
J_k9_6od_x0.8,J,mutation,1,10,23,23,180,9.0
J_k9_6od_x0.8,J,mutation,1,11,23,23,181,9.0
J_k9_6od_x0.8,J,mutation,1,12,23,23,179,9.0
J_k9_6od_x0.8,J,mutation,1,13,23,23,173,9.0
J_k9_6od_x0.8,J,mutation,1,14,23,23,177,9.0
J_k9_6od_x0.8,J,mutation,1,15,23,23,182,9.0
J_k9_6od_x0.8,J,mutation,2,1,24,24,201,9.0
J_k9_6od_x0.8,J,mutation,2,2,23,23,182,9.0
J_k9_6od_x0.8,J,mutation,2,3,23,23,183,9.0
J_k9_6od_x0.8,J,mutation,2,4,23,23,175,9.0
J_k9_6od_x0.8,J,mutation,2,5,23,23,173,9.0
J_k9_6od_x0.8,J,mutation,2,6,23,23,181,9.0
J_k9_6od_x0.8,J,mutation,2,7,23,23,182,9.0
J_k9_6od_x0.8,J,mutation,2,8,23,23,166,9.0
J_k9_6od_x0.8,J,mutation,2,9,23,23,177,9.0
J_k9_6od_x0.8,J,mutation,2,10,23,23,177,9.0
J_k9_6od_x0.8,J,mutation,2,11,23,23,182,9.0
J_k9_6od_x0.8,J,mutation,2,12,23,23,184,9.0
J_k9_6od_x0.8,J,mutation,2,13,23,23,178,9.0
J_k9_6od_x0.8,J,mutation,2,14,23,23,181,9.0
J_k9_6od_x0.8,J,mutation,2,15,23,23,186,9.0
J_k9_6od_x0.8,J,mutation,3,1,24,24,196,9.0
J_k9_6od_x0.8,J,mutation,3,2,23,23,184,9.0
J_k9_6od_x0.8,J,mutation,3,3,23,23,173,9.0
J_k9_6od_x0.8,J,mutation,3,4,23,23,178,9.0
J_k9_6od_x0.8,J,mutation,3,5,23,23,180,9.0
J_k9_6od_x0.8,J,mutation,3,6,23,23,177,9.0
J_k9_6od_x0.8,J,mutation,3,7,23,23,181,9.0
J_k9_6od_x0.8,J,mutation,3,8,23,23,176,9.0
J_k9_6od_x0.8,J,mutation,3,9,23,23,179,9.0
J_k9_6od_x0.8,J,mutation,3,10,23,23,182,9.0
J_k9_6od_x0.8,J,mutation,3,11,23,23,187,9.0
J_k9_6od_x0.8,J,mutation,3,12,23,23,173,9.0
J_k9_6od_x0.8,J,mutation,3,13,23,23,179,9.0
J_k9_6od_x0.8,J,mutation,3,14,23,23,176,9.0
J_k9_6od_x0.8,J,mutation,3,15,23,23,178,9.0
J_k9_6od_x0.8,J,mutation,4,1,24,24,197,9.0
J_k9_6od_x0.8,J,mutation,4,2,23,23,180,9.0
J_k9_6od_x0.8,J,mutation,4,3,23,23,177,9.0
J_k9_6od_x0.8,J,mutation,4,4,23,23,180,9.0
J_k9_6od_x0.8,J,mutation,4,5,23,23,173,9.0
J_k9_6od_x0.8,J,mutation,4,6,23,23,175,9.0
J_k9_6od_x0.8,J,mutation,4,7,23,23,177,9.0
J_k9_6od_x0.8,J,mutation,4,8,23,23,180,9.0
J_k9_6od_x0.8,J,mutation,4,9,23,23,183,9.0
J_k9_6od_x0.8,J,mutation,4,10,23,23,180,9.0
J_k9_6od_x0.8,J,mutation,4,11,23,23,183,9.0
J_k9_6od_x0.8,J,mutation,4,12,23,23,175,9.0
J_k9_6od_x0.8,J,mutation,4,13,23,23,174,9.0
J_k9_6od_x0.8,J,mutation,4,14,23,23,179,9.0
J_k9_6od_x0.8,J,mutation,4,15,23,23,185,9.0
J_k9_6od_x0.8,J,mutation,5,1,24,24,199,9.0
J_k9_6od_x0.8,J,mutation,5,2,23,23,181,9.0
J_k9_6od_x0.8,J,mutation,5,3,23,23,184,9.0
J_k9_6od_x0.8,J,mutation,5,4,23,23,180,9.0
J_k9_6od_x0.8,J,mutation,5,5,23,23,183,9.0
J_k9_6od_x0.8,J,mutation,5,6,23,23,179,9.0
J_k9_6od_x0.8,J,mutation,5,7,23,23,185,9.0
J_k9_6od_x0.8,J,mutation,5,8,23,23,182,9.0
J_k9_6od_x0.8,J,mutation,5,9,23,23,182,9.0
J_k9_6od_x0.8,J,mutation,5,10,23,23,176,9.0
J_k9_6od_x0.8,J,mutation,5,11,23,23,187,9.0
J_k9_6od_x0.8,J,mutation,5,12,23,23,179,9.0
J_k9_6od_x0.8,J,mutation,5,13,23,23,179,9.0
J_k9_6od_x0.8,J,mutation,5,14,23,23,178,9.0
J_k9_6od_x0.8,J,mutation,5,15,23,23,186,9.0
J_k9_6od_x0.8,J,mutation,6,1,24,24,198,9.0
J_k9_6od_x0.8,J,mutation,6,2,23,23,177,9.0
J_k9_6od_x0.8,J,mutation,6,3,23,23,180,9.0
J_k9_6od_x0.8,J,mutation,6,4,23,23,184,9.0
J_k9_6od_x0.8,J,mutation,6,5,23,23,173,9.0
J_k9_6od_x0.8,J,mutation,6,6,23,23,176,9.0
J_k9_6od_x0.8,J,mutation,6,7,23,23,185,9.0
J_k9_6od_x0.8,J,mutation,6,8,23,23,183,9.0
J_k9_6od_x0.8,J,mutation,6,9,23,23,183,9.0
J_k9_6od_x0.8,J,mutation,6,10,23,23,184,9.0
J_k9_6od_x0.8,J,mutation,6,11,23,23,175,9.0
J_k9_6od_x0.8,J,mutation,6,12,23,23,180,9.0
J_k9_6od_x0.8,J,mutation,6,13,23,23,181,9.0
J_k9_6od_x0.8,J,mutation,6,14,23,23,181,9.0
J_k9_6od_x0.8,J,mutation,6,15,23,23,178,9.0
J_k9_6od_x0.8,J,mutation,7,1,24,24,199,9.0
J_k9_6od_x0.8,J,mutation,7,2,23,23,179,9.0
J_k9_6od_x0.8,J,mutation,7,3,23,23,181,9.0
J_k9_6od_x0.8,J,mutation,7,4,23,23,177,9.0
J_k9_6od_x0.8,J,mutation,7,5,23,23,175,9.0
J_k9_6od_x0.8,J,mutation,7,6,23,23,180,9.0
J_k9_6od_x0.8,J,mutation,7,7,23,23,181,9.0
J_k9_6od_x0.8,J,mutation,7,8,23,23,185,9.0
J_k9_6od_x0.8,J,mutation,7,9,23,23,181,9.0
J_k9_6od_x0.8,J,mutation,7,10,23,23,179,9.0
J_k9_6od_x0.8,J,mutation,7,11,23,23,184,9.0
J_k9_6od_x0.8,J,mutation,7,12,23,23,180,9.0
J_k9_6od_x0.8,J,mutation,7,13,23,23,180,9.0
J_k9_6od_x0.8,J,mutation,7,14,23,23,180,9.0
J_k9_6od_x0.8,J,mutation,7,15,23,23,181,9.0
J_k9_6od_x0.8,J,mutation,8,1,24,24,203,9.0
J_k9_6od_x0.8,J,mutation,8,2,23,23,170,9.0
J_k9_6od_x0.8,J,mutation,8,3,23,23,177,9.0
J_k9_6od_x0.8,J,mutation,8,4,23,23,175,9.0
J_k9_6od_x0.8,J,mutation,8,5,23,23,186,9.0
J_k9_6od_x0.8,J,mutation,8,6,23,23,178,9.0
J_k9_6od_x0.8,J,mutation,8,7,23,23,192,9.0
J_k9_6od_x0.8,J,mutation,8,8,23,23,184,9.0
J_k9_6od_x0.8,J,mutation,8,9,23,23,180,9.0
J_k9_6od_x0.8,J,mutation,8,10,23,23,179,9.0
J_k9_6od_x0.8,J,mutation,8,11,23,23,177,9.0
J_k9_6od_x0.8,J,mutation,8,12,23,23,181,9.0
J_k9_6od_x0.8,J,mutation,8,13,23,23,167,9.0
J_k9_6od_x0.8,J,mutation,8,14,23,23,182,9.0
J_k9_6od_x0.8,J,mutation,8,15,23,23,173,9.0
J_k9_6od_x0.8,J,mutation,9,1,24,24,202,9.0
J_k9_6od_x0.8,J,mutation,9,2,23,23,179,9.0
J_k9_6od_x0.8,J,mutation,9,3,23,23,184,9.0
J_k9_6od_x0.8,J,mutation,9,4,23,23,179,9.0
J_k9_6od_x0.8,J,mutation,9,5,23,23,181,9.0
J_k9_6od_x0.8,J,mutation,9,6,23,23,184,9.0
J_k9_6od_x0.8,J,mutation,9,7,23,23,175,9.0
J_k9_6od_x0.8,J,mutation,9,8,23,23,176,9.0
J_k9_6od_x0.8,J,mutation,9,9,23,23,182,9.0
J_k9_6od_x0.8,J,mutation,9,10,23,23,175,9.0
J_k9_6od_x0.8,J,mutation,9,11,23,23,175,9.0
J_k9_6od_x0.8,J,mutation,9,12,23,23,175,9.0
J_k9_6od_x0.8,J,mutation,9,13,23,23,176,9.0
J_k9_6od_x0.8,J,mutation,9,14,23,23,179,9.0
J_k9_6od_x0.8,J,mutation,9,15,23,23,171,9.0
J_k9_6od_x0.8,J,none,0,1,24,24,200,9.0
J_k9_6od_x0.8,J,none,0,2,23,23,186,9.0
J_k9_6od_x0.8,J,none,0,3,23,23,187,9.0
J_k9_6od_x0.8,J,none,0,4,23,23,192,9.0
J_k9_6od_x0.8,J,none,0,5,23,23,194,9.0
J_k9_6od_x0.8,J,none,0,6,23,23,192,9.0
J_k9_6od_x0.8,J,none,0,7,23,23,183,9.0
J_k9_6od_x0.8,J,none,0,8,23,23,195,9.0
J_k9_6od_x0.8,J,none,0,9,23,23,197,9.0
J_k9_6od_x0.8,J,none,0,10,23,23,194,9.0
J_k9_6od_x0.8,J,none,0,11,23,23,197,9.0
J_k9_6od_x0.8,J,none,0,12,23,23,191,9.0
J_k9_6od_x0.8,J,none,0,13,23,23,192,9.0
J_k9_6od_x0.8,J,none,0,14,23,23,192,9.0
J_k9_6od_x0.8,J,none,0,15,23,23,194,9.0
J_k9_6od_x0.8,J,none,1,1,24,24,203,9.0
J_k9_6od_x0.8,J,none,1,2,23,23,188,9.0
J_k9_6od_x0.8,J,none,1,3,23,23,193,9.0
J_k9_6od_x0.8,J,none,1,4,23,23,194,9.0
J_k9_6od_x0.8,J,none,1,5,23,23,191,9.0
J_k9_6od_x0.8,J,none,1,6,23,23,195,9.0
J_k9_6od_x0.8,J,none,1,7,23,23,196,9.0
J_k9_6od_x0.8,J,none,1,8,23,23,193,9.0
J_k9_6od_x0.8,J,none,1,9,23,23,193,9.0
J_k9_6od_x0.8,J,none,1,10,23,23,194,9.0
J_k9_6od_x0.8,J,none,1,11,23,23,195,9.0
J_k9_6od_x0.8,J,none,1,12,23,23,195,9.0
J_k9_6od_x0.8,J,none,1,13,23,23,192,9.0
J_k9_6od_x0.8,J,none,1,14,23,23,193,9.0
J_k9_6od_x0.8,J,none,1,15,23,23,193,9.0
J_k9_6od_x0.8,J,none,2,1,24,24,201,9.0
J_k9_6od_x0.8,J,none,2,2,23,23,188,9.0
J_k9_6od_x0.8,J,none,2,3,23,23,199,9.0
J_k9_6od_x0.8,J,none,2,4,23,23,193,9.0
J_k9_6od_x0.8,J,none,2,5,23,23,198,9.0
J_k9_6od_x0.8,J,none,2,6,23,23,189,9.0
J_k9_6od_x0.8,J,none,2,7,23,23,199,9.0
J_k9_6od_x0.8,J,none,2,8,23,23,185,9.0
J_k9_6od_x0.8,J,none,2,9,23,23,193,9.0
J_k9_6od_x0.8,J,none,2,10,23,23,197,9.0
J_k9_6od_x0.8,J,none,2,11,23,23,194,9.0
J_k9_6od_x0.8,J,none,2,12,23,23,196,9.0
J_k9_6od_x0.8,J,none,2,13,23,23,186,9.0
J_k9_6od_x0.8,J,none,2,14,23,23,190,9.0
J_k9_6od_x0.8,J,none,2,15,23,23,193,9.0
J_k9_6od_x0.8,J,none,3,1,24,24,196,9.0
J_k9_6od_x0.8,J,none,3,2,23,23,192,9.0
J_k9_6od_x0.8,J,none,3,3,23,23,192,9.0
J_k9_6od_x0.8,J,none,3,4,23,23,193,9.0
J_k9_6od_x0.8,J,none,3,5,23,23,198,9.0
J_k9_6od_x0.8,J,none,3,6,23,23,191,9.0
J_k9_6od_x0.8,J,none,3,7,23,23,188,9.0
J_k9_6od_x0.8,J,none,3,8,23,23,189,9.0
J_k9_6od_x0.8,J,none,3,9,23,23,196,9.0
J_k9_6od_x0.8,J,none,3,10,23,23,193,9.0
J_k9_6od_x0.8,J,none,3,11,23,23,200,9.0
J_k9_6od_x0.8,J,none,3,12,23,23,192,9.0
J_k9_6od_x0.8,J,none,3,13,23,23,195,9.0
J_k9_6od_x0.8,J,none,3,14,23,23,192,9.0
J_k9_6od_x0.8,J,none,3,15,23,23,193,9.0
J_k9_6od_x0.8,J,none,4,1,24,24,197,9.0
J_k9_6od_x0.8,J,none,4,2,23,23,195,9.0
J_k9_6od_x0.8,J,none,4,3,23,23,192,9.0
J_k9_6od_x0.8,J,none,4,4,23,23,195,9.0
J_k9_6od_x0.8,J,none,4,5,23,23,193,9.0
J_k9_6od_x0.8,J,none,4,6,23,23,197,9.0
J_k9_6od_x0.8,J,none,4,7,23,23,189,9.0
J_k9_6od_x0.8,J,none,4,8,23,23,196,9.0
J_k9_6od_x0.8,J,none,4,9,23,23,195,9.0
J_k9_6od_x0.8,J,none,4,10,23,23,193,9.0
J_k9_6od_x0.8,J,none,4,11,23,23,195,9.0
J_k9_6od_x0.8,J,none,4,12,23,23,192,9.0
J_k9_6od_x0.8,J,none,4,13,23,23,191,9.0
J_k9_6od_x0.8,J,none,4,14,23,23,195,9.0
J_k9_6od_x0.8,J,none,4,15,23,23,187,9.0
J_k9_6od_x0.8,J,none,5,1,24,24,199,9.0
J_k9_6od_x0.8,J,none,5,2,23,23,194,9.0
J_k9_6od_x0.8,J,none,5,3,23,23,193,9.0
J_k9_6od_x0.8,J,none,5,4,23,23,192,9.0
J_k9_6od_x0.8,J,none,5,5,23,23,193,9.0
J_k9_6od_x0.8,J,none,5,6,23,23,187,9.0
J_k9_6od_x0.8,J,none,5,7,23,23,199,9.0
J_k9_6od_x0.8,J,none,5,8,23,23,193,9.0
J_k9_6od_x0.8,J,none,5,9,23,23,194,9.0
J_k9_6od_x0.8,J,none,5,10,23,23,189,9.0
J_k9_6od_x0.8,J,none,5,11,23,23,192,9.0
J_k9_6od_x0.8,J,none,5,12,23,23,185,9.0
J_k9_6od_x0.8,J,none,5,13,23,23,199,9.0
J_k9_6od_x0.8,J,none,5,14,23,23,193,9.0
J_k9_6od_x0.8,J,none,5,15,23,23,195,9.0
J_k9_6od_x0.8,J,none,6,1,24,24,198,9.0
J_k9_6od_x0.8,J,none,6,2,23,23,195,9.0
J_k9_6od_x0.8,J,none,6,3,23,23,196,9.0
J_k9_6od_x0.8,J,none,6,4,23,23,199,9.0
J_k9_6od_x0.8,J,none,6,5,23,23,193,9.0
J_k9_6od_x0.8,J,none,6,6,23,23,195,9.0
J_k9_6od_x0.8,J,none,6,7,23,23,195,9.0
J_k9_6od_x0.8,J,none,6,8,23,23,192,9.0
J_k9_6od_x0.8,J,none,6,9,23,23,191,9.0
J_k9_6od_x0.8,J,none,6,10,23,23,193,9.0
J_k9_6od_x0.8,J,none,6,11,23,23,192,9.0
J_k9_6od_x0.8,J,none,6,12,23,23,196,9.0
J_k9_6od_x0.8,J,none,6,13,23,23,193,9.0
J_k9_6od_x0.8,J,none,6,14,23,23,192,9.0
J_k9_6od_x0.8,J,none,6,15,23,23,195,9.0
J_k9_6od_x0.8,J,none,7,1,24,24,199,9.0
J_k9_6od_x0.8,J,none,7,2,23,23,198,9.0
J_k9_6od_x0.8,J,none,7,3,23,23,188,9.0
J_k9_6od_x0.8,J,none,7,4,23,23,192,9.0
J_k9_6od_x0.8,J,none,7,5,23,23,190,9.0
J_k9_6od_x0.8,J,none,7,6,23,23,195,9.0
J_k9_6od_x0.8,J,none,7,7,23,23,191,9.0
J_k9_6od_x0.8,J,none,7,8,23,23,196,9.0
J_k9_6od_x0.8,J,none,7,9,23,23,193,9.0
J_k9_6od_x0.8,J,none,7,10,23,23,186,9.0
J_k9_6od_x0.8,J,none,7,11,23,23,198,9.0
J_k9_6od_x0.8,J,none,7,12,23,23,199,9.0
J_k9_6od_x0.8,J,none,7,13,23,23,197,9.0
J_k9_6od_x0.8,J,none,7,14,23,23,193,9.0
J_k9_6od_x0.8,J,none,7,15,23,23,191,9.0
J_k9_6od_x0.8,J,none,8,1,24,24,203,9.0
J_k9_6od_x0.8,J,none,8,2,23,23,186,9.0
J_k9_6od_x0.8,J,none,8,3,23,23,191,9.0
J_k9_6od_x0.8,J,none,8,4,23,23,188,9.0
J_k9_6od_x0.8,J,none,8,5,23,23,188,9.0
J_k9_6od_x0.8,J,none,8,6,23,23,193,9.0
J_k9_6od_x0.8,J,none,8,7,23,23,192,9.0
J_k9_6od_x0.8,J,none,8,8,23,23,195,9.0
J_k9_6od_x0.8,J,none,8,9,23,23,195,9.0
J_k9_6od_x0.8,J,none,8,10,23,23,196,9.0
J_k9_6od_x0.8,J,none,8,11,23,23,200,9.0
J_k9_6od_x0.8,J,none,8,12,23,23,189,9.0
J_k9_6od_x0.8,J,none,8,13,23,23,192,9.0
J_k9_6od_x0.8,J,none,8,14,23,23,192,9.0
J_k9_6od_x0.8,J,none,8,15,23,23,195,9.0
J_k9_6od_x0.8,J,none,9,1,24,24,202,9.0
J_k9_6od_x0.8,J,none,9,2,23,23,191,9.0
J_k9_6od_x0.8,J,none,9,3,23,23,190,9.0
J_k9_6od_x0.8,J,none,9,4,23,23,193,9.0
J_k9_6od_x0.8,J,none,9,5,23,23,197,9.0
J_k9_6od_x0.8,J,none,9,6,23,23,194,9.0
J_k9_6od_x0.8,J,none,9,7,23,23,198,9.0
J_k9_6od_x0.8,J,none,9,8,23,23,186,9.0
J_k9_6od_x0.8,J,none,9,9,23,23,197,9.0
J_k9_6od_x0.8,J,none,9,10,23,23,193,9.0
J_k9_6od_x0.8,J,none,9,11,23,23,194,9.0
J_k9_6od_x0.8,J,none,9,12,23,23,193,9.0
J_k9_6od_x0.8,J,none,9,13,23,23,189,9.0
J_k9_6od_x0.8,J,none,9,14,23,23,193,9.0
J_k9_6od_x0.8,J,none,9,15,23,23,196,9.0
J_k9_6od_x1.0,J,both,0,1,24,24,95,4.958333333333333
J_k9_6od_x1.0,J,both,0,2,23,23,170,9.0
J_k9_6od_x1.0,J,both,0,3,23,23,172,9.0
J_k9_6od_x1.0,J,both,0,4,23,23,171,9.0
J_k9_6od_x1.0,J,both,0,5,23,23,175,9.0
J_k9_6od_x1.0,J,both,0,6,23,23,165,9.0
J_k9_6od_x1.0,J,both,0,7,23,23,177,9.0
J_k9_6od_x1.0,J,both,0,8,23,23,176,9.0
J_k9_6od_x1.0,J,both,0,9,23,23,177,9.0
J_k9_6od_x1.0,J,both,0,10,23,23,170,9.0
J_k9_6od_x1.0,J,both,0,11,23,23,173,9.0
J_k9_6od_x1.0,J,both,0,12,23,23,173,9.0
J_k9_6od_x1.0,J,both,0,13,23,23,175,9.0
J_k9_6od_x1.0,J,both,0,14,23,23,178,9.0
J_k9_6od_x1.0,J,both,0,15,23,23,177,9.0
J_k9_6od_x1.0,J,both,1,1,24,22,80,4.375
J_k9_6od_x1.0,J,both,1,2,23,23,157,9.0
J_k9_6od_x1.0,J,both,1,3,23,23,167,9.0
J_k9_6od_x1.0,J,both,1,4,23,23,177,9.0
J_k9_6od_x1.0,J,both,1,5,23,23,182,9.0
J_k9_6od_x1.0,J,both,1,6,23,23,170,9.0
J_k9_6od_x1.0,J,both,1,7,23,23,172,9.0
J_k9_6od_x1.0,J,both,1,8,23,23,176,9.0
J_k9_6od_x1.0,J,both,1,9,23,23,181,9.0
J_k9_6od_x1.0,J,both,1,10,23,23,180,9.0
J_k9_6od_x1.0,J,both,1,11,23,23,181,9.0
J_k9_6od_x1.0,J,both,1,12,23,23,170,9.0
J_k9_6od_x1.0,J,both,1,13,23,23,170,9.0
J_k9_6od_x1.0,J,both,1,14,23,23,166,9.0
J_k9_6od_x1.0,J,both,1,15,23,23,166,9.0
J_k9_6od_x1.0,J,both,2,1,24,21,82,4.416666666666667
J_k9_6od_x1.0,J,both,2,2,23,23,177,9.0
J_k9_6od_x1.0,J,both,2,3,23,23,162,9.0
J_k9_6od_x1.0,J,both,2,4,23,23,175,9.0
J_k9_6od_x1.0,J,both,2,5,23,23,181,9.0
J_k9_6od_x1.0,J,both,2,6,23,23,171,9.0
J_k9_6od_x1.0,J,both,2,7,23,23,176,9.0
J_k9_6od_x1.0,J,both,2,8,23,23,172,9.0
J_k9_6od_x1.0,J,both,2,9,23,23,174,9.0
J_k9_6od_x1.0,J,both,2,10,23,23,181,9.0
J_k9_6od_x1.0,J,both,2,11,23,23,175,9.0
J_k9_6od_x1.0,J,both,2,12,23,23,174,9.0
J_k9_6od_x1.0,J,both,2,13,23,23,172,9.0
J_k9_6od_x1.0,J,both,2,14,23,23,175,9.0
J_k9_6od_x1.0,J,both,2,15,23,23,179,9.0
J_k9_6od_x1.0,J,both,3,1,24,24,96,5.416666666666667
J_k9_6od_x1.0,J,both,3,2,23,23,174,9.0
J_k9_6od_x1.0,J,both,3,3,23,23,175,9.0
J_k9_6od_x1.0,J,both,3,4,23,23,173,9.0
J_k9_6od_x1.0,J,both,3,5,23,23,180,9.0
J_k9_6od_x1.0,J,both,3,6,23,23,178,9.0
J_k9_6od_x1.0,J,both,3,7,23,23,174,9.0
J_k9_6od_x1.0,J,both,3,8,23,23,171,9.0
J_k9_6od_x1.0,J,both,3,9,23,23,184,9.0
J_k9_6od_x1.0,J,both,3,10,23,23,174,9.0
J_k9_6od_x1.0,J,both,3,11,23,23,176,9.0
J_k9_6od_x1.0,J,both,3,12,23,23,167,9.0
J_k9_6od_x1.0,J,both,3,13,23,23,179,9.0
J_k9_6od_x1.0,J,both,3,14,23,23,164,9.0
J_k9_6od_x1.0,J,both,3,15,23,23,180,9.0
J_k9_6od_x1.0,J,both,4,1,24,22,66,3.5416666666666665
J_k9_6od_x1.0,J,both,4,2,23,23,175,9.0
J_k9_6od_x1.0,J,both,4,3,23,23,180,9.0
J_k9_6od_x1.0,J,both,4,4,23,23,169,9.0
J_k9_6od_x1.0,J,both,4,5,23,23,168,9.0
J_k9_6od_x1.0,J,both,4,6,23,23,177,9.0
J_k9_6od_x1.0,J,both,4,7,23,23,182,9.0
J_k9_6od_x1.0,J,both,4,8,23,23,174,9.0
J_k9_6od_x1.0,J,both,4,9,23,23,177,9.0
J_k9_6od_x1.0,J,both,4,10,23,23,169,9.0
J_k9_6od_x1.0,J,both,4,11,23,23,185,9.0
J_k9_6od_x1.0,J,both,4,12,23,23,181,9.0
J_k9_6od_x1.0,J,both,4,13,23,23,180,9.0
J_k9_6od_x1.0,J,both,4,14,23,23,181,9.0
J_k9_6od_x1.0,J,both,4,15,23,23,175,9.0
J_k9_6od_x1.0,J,both,5,1,24,22,72,4.25
J_k9_6od_x1.0,J,both,5,2,23,23,176,9.0
J_k9_6od_x1.0,J,both,5,3,23,23,175,9.0
J_k9_6od_x1.0,J,both,5,4,23,23,181,9.0
J_k9_6od_x1.0,J,both,5,5,23,23,171,9.0
J_k9_6od_x1.0,J,both,5,6,23,23,173,9.0
J_k9_6od_x1.0,J,both,5,7,23,23,170,9.0
J_k9_6od_x1.0,J,both,5,8,23,23,172,9.0
J_k9_6od_x1.0,J,both,5,9,23,23,175,9.0
J_k9_6od_x1.0,J,both,5,10,23,23,177,9.0
J_k9_6od_x1.0,J,both,5,11,23,23,176,9.0
J_k9_6od_x1.0,J,both,5,12,23,23,178,9.0
J_k9_6od_x1.0,J,both,5,13,23,23,178,9.0
J_k9_6od_x1.0,J,both,5,14,23,23,172,9.0
J_k9_6od_x1.0,J,both,5,15,23,23,179,9.0
J_k9_6od_x1.0,J,both,6,1,24,22,93,4.958333333333333
J_k9_6od_x1.0,J,both,6,2,23,23,169,9.0
J_k9_6od_x1.0,J,both,6,3,23,23,175,9.0
J_k9_6od_x1.0,J,both,6,4,23,23,169,9.0
J_k9_6od_x1.0,J,both,6,5,23,23,178,9.0
J_k9_6od_x1.0,J,both,6,6,23,23,169,9.0
J_k9_6od_x1.0,J,both,6,7,23,23,178,9.0
J_k9_6od_x1.0,J,both,6,8,23,23,171,9.0
J_k9_6od_x1.0,J,both,6,9,23,23,175,9.0
J_k9_6od_x1.0,J,both,6,10,23,23,179,9.0
J_k9_6od_x1.0,J,both,6,11,23,23,168,9.0
J_k9_6od_x1.0,J,both,6,12,23,23,184,9.0
J_k9_6od_x1.0,J,both,6,13,23,23,178,9.0
J_k9_6od_x1.0,J,both,6,14,23,23,163,9.0
J_k9_6od_x1.0,J,both,6,15,23,23,182,9.0
J_k9_6od_x1.0,J,both,7,1,24,21,66,3.75
J_k9_6od_x1.0,J,both,7,2,23,23,182,9.0
J_k9_6od_x1.0,J,both,7,3,23,23,170,9.0
J_k9_6od_x1.0,J,both,7,4,23,23,172,9.0
J_k9_6od_x1.0,J,both,7,5,23,23,187,9.0
J_k9_6od_x1.0,J,both,7,6,23,23,177,9.0
J_k9_6od_x1.0,J,both,7,7,23,23,179,9.0
J_k9_6od_x1.0,J,both,7,8,23,23,175,9.0
J_k9_6od_x1.0,J,both,7,9,23,23,174,9.0
J_k9_6od_x1.0,J,both,7,10,23,23,179,9.0
J_k9_6od_x1.0,J,both,7,11,23,23,175,9.0
J_k9_6od_x1.0,J,both,7,12,23,23,168,9.0
J_k9_6od_x1.0,J,both,7,13,23,23,170,9.0
J_k9_6od_x1.0,J,both,7,14,23,23,174,9.0
J_k9_6od_x1.0,J,both,7,15,23,23,180,9.0
J_k9_6od_x1.0,J,both,8,1,24,23,76,4.375
J_k9_6od_x1.0,J,both,8,2,23,23,175,9.0
J_k9_6od_x1.0,J,both,8,3,23,23,171,9.0
J_k9_6od_x1.0,J,both,8,4,23,23,176,9.0
J_k9_6od_x1.0,J,both,8,5,23,23,169,9.0
J_k9_6od_x1.0,J,both,8,6,23,23,178,9.0
J_k9_6od_x1.0,J,both,8,7,23,23,173,9.0
J_k9_6od_x1.0,J,both,8,8,23,23,169,9.0
J_k9_6od_x1.0,J,both,8,9,23,23,165,9.0
J_k9_6od_x1.0,J,both,8,10,23,23,178,9.0
J_k9_6od_x1.0,J,both,8,11,23,23,174,9.0
J_k9_6od_x1.0,J,both,8,12,23,23,164,9.0
J_k9_6od_x1.0,J,both,8,13,23,23,177,9.0
J_k9_6od_x1.0,J,both,8,14,23,23,175,9.0
J_k9_6od_x1.0,J,both,8,15,23,23,172,9.0
J_k9_6od_x1.0,J,both,9,1,24,22,80,4.541666666666667
J_k9_6od_x1.0,J,both,9,2,23,23,174,9.0
J_k9_6od_x1.0,J,both,9,3,23,23,174,9.0
J_k9_6od_x1.0,J,both,9,4,23,23,178,9.0
J_k9_6od_x1.0,J,both,9,5,23,23,175,9.0
J_k9_6od_x1.0,J,both,9,6,23,23,166,9.0
J_k9_6od_x1.0,J,both,9,7,23,23,186,9.0
J_k9_6od_x1.0,J,both,9,8,23,23,175,9.0
J_k9_6od_x1.0,J,both,9,9,23,23,174,9.0
J_k9_6od_x1.0,J,both,9,10,23,23,173,9.0
J_k9_6od_x1.0,J,both,9,11,23,23,181,9.0
J_k9_6od_x1.0,J,both,9,12,23,23,172,9.0
J_k9_6od_x1.0,J,both,9,13,23,23,180,9.0
J_k9_6od_x1.0,J,both,9,14,23,23,165,9.0
J_k9_6od_x1.0,J,both,9,15,23,23,168,9.0
J_k9_6od_x1.0,J,init,0,1,24,24,95,4.958333333333333
J_k9_6od_x1.0,J,init,0,2,23,23,198,9.0
J_k9_6od_x1.0,J,init,0,3,23,23,194,9.0
J_k9_6od_x1.0,J,init,0,4,23,23,193,9.0
J_k9_6od_x1.0,J,init,0,5,23,23,199,9.0
J_k9_6od_x1.0,J,init,0,6,23,23,194,9.0
J_k9_6od_x1.0,J,init,0,7,23,23,196,9.0
J_k9_6od_x1.0,J,init,0,8,23,23,192,9.0
J_k9_6od_x1.0,J,init,0,9,23,23,197,9.0
J_k9_6od_x1.0,J,init,0,10,23,23,194,9.0
J_k9_6od_x1.0,J,init,0,11,23,23,197,9.0
J_k9_6od_x1.0,J,init,0,12,23,23,196,9.0
J_k9_6od_x1.0,J,init,0,13,23,23,190,9.0
J_k9_6od_x1.0,J,init,0,14,23,23,192,9.0
J_k9_6od_x1.0,J,init,0,15,23,23,194,9.0
J_k9_6od_x1.0,J,init,1,1,24,22,80,4.375
J_k9_6od_x1.0,J,init,1,2,23,23,198,9.0
J_k9_6od_x1.0,J,init,1,3,23,23,191,9.0
J_k9_6od_x1.0,J,init,1,4,23,23,193,9.0
J_k9_6od_x1.0,J,init,1,5,23,23,188,9.0
J_k9_6od_x1.0,J,init,1,6,23,23,197,9.0
J_k9_6od_x1.0,J,init,1,7,23,23,195,9.0
J_k9_6od_x1.0,J,init,1,8,23,23,199,9.0
J_k9_6od_x1.0,J,init,1,9,23,23,196,9.0
J_k9_6od_x1.0,J,init,1,10,23,23,191,9.0
J_k9_6od_x1.0,J,init,1,11,23,23,190,9.0
J_k9_6od_x1.0,J,init,1,12,23,23,188,9.0
J_k9_6od_x1.0,J,init,1,13,23,23,199,9.0
J_k9_6od_x1.0,J,init,1,14,23,23,188,9.0
J_k9_6od_x1.0,J,init,1,15,23,23,191,9.0
J_k9_6od_x1.0,J,init,2,1,24,21,82,4.416666666666667
J_k9_6od_x1.0,J,init,2,2,23,23,193,9.0
J_k9_6od_x1.0,J,init,2,3,23,23,197,9.0
J_k9_6od_x1.0,J,init,2,4,23,23,197,9.0
J_k9_6od_x1.0,J,init,2,5,23,23,195,9.0
J_k9_6od_x1.0,J,init,2,6,23,23,196,9.0
J_k9_6od_x1.0,J,init,2,7,23,23,187,9.0
J_k9_6od_x1.0,J,init,2,8,23,23,197,9.0
J_k9_6od_x1.0,J,init,2,9,23,23,192,9.0
J_k9_6od_x1.0,J,init,2,10,23,23,196,9.0
J_k9_6od_x1.0,J,init,2,11,23,23,191,9.0
J_k9_6od_x1.0,J,init,2,12,23,23,194,9.0
J_k9_6od_x1.0,J,init,2,13,23,23,193,9.0
J_k9_6od_x1.0,J,init,2,14,23,23,200,9.0
J_k9_6od_x1.0,J,init,2,15,23,23,195,9.0
J_k9_6od_x1.0,J,init,3,1,24,24,96,5.416666666666667
J_k9_6od_x1.0,J,init,3,2,23,23,190,9.0
J_k9_6od_x1.0,J,init,3,3,23,23,189,9.0
J_k9_6od_x1.0,J,init,3,4,23,23,191,9.0
J_k9_6od_x1.0,J,init,3,5,23,23,195,9.0
J_k9_6od_x1.0,J,init,3,6,23,23,194,9.0
J_k9_6od_x1.0,J,init,3,7,23,23,194,9.0
J_k9_6od_x1.0,J,init,3,8,23,23,194,9.0
J_k9_6od_x1.0,J,init,3,9,23,23,195,9.0
J_k9_6od_x1.0,J,init,3,10,23,23,194,9.0
J_k9_6od_x1.0,J,init,3,11,23,23,196,9.0
J_k9_6od_x1.0,J,init,3,12,23,23,192,9.0
J_k9_6od_x1.0,J,init,3,13,23,23,197,9.0
J_k9_6od_x1.0,J,init,3,14,23,23,196,9.0
J_k9_6od_x1.0,J,init,3,15,23,23,195,9.0
J_k9_6od_x1.0,J,init,4,1,24,22,66,3.5416666666666665
J_k9_6od_x1.0,J,init,4,2,23,23,193,9.0
J_k9_6od_x1.0,J,init,4,3,23,23,190,9.0
J_k9_6od_x1.0,J,init,4,4,23,23,187,9.0
J_k9_6od_x1.0,J,init,4,5,23,23,193,9.0
J_k9_6od_x1.0,J,init,4,6,23,23,192,9.0
J_k9_6od_x1.0,J,init,4,7,23,23,195,9.0
J_k9_6od_x1.0,J,init,4,8,23,23,193,9.0
J_k9_6od_x1.0,J,init,4,9,23,23,196,9.0
J_k9_6od_x1.0,J,init,4,10,23,23,187,9.0
J_k9_6od_x1.0,J,init,4,11,23,23,191,9.0
J_k9_6od_x1.0,J,init,4,12,23,23,199,9.0
J_k9_6od_x1.0,J,init,4,13,23,23,194,9.0
J_k9_6od_x1.0,J,init,4,14,23,23,193,9.0
J_k9_6od_x1.0,J,init,4,15,23,23,198,9.0
J_k9_6od_x1.0,J,init,5,1,24,22,72,4.25
J_k9_6od_x1.0,J,init,5,2,23,23,194,9.0
J_k9_6od_x1.0,J,init,5,3,23,23,190,9.0
J_k9_6od_x1.0,J,init,5,4,23,23,193,9.0
J_k9_6od_x1.0,J,init,5,5,23,23,194,9.0
J_k9_6od_x1.0,J,init,5,6,23,23,195,9.0
J_k9_6od_x1.0,J,init,5,7,23,23,189,9.0
J_k9_6od_x1.0,J,init,5,8,23,23,194,9.0
J_k9_6od_x1.0,J,init,5,9,23,23,189,9.0
J_k9_6od_x1.0,J,init,5,10,23,23,192,9.0
J_k9_6od_x1.0,J,init,5,11,23,23,193,9.0
J_k9_6od_x1.0,J,init,5,12,23,23,197,9.0
J_k9_6od_x1.0,J,init,5,13,23,23,196,9.0
J_k9_6od_x1.0,J,init,5,14,23,23,196,9.0
J_k9_6od_x1.0,J,init,5,15,23,23,197,9.0
J_k9_6od_x1.0,J,init,6,1,24,22,93,4.958333333333333
J_k9_6od_x1.0,J,init,6,2,23,23,201,9.0
J_k9_6od_x1.0,J,init,6,3,23,23,194,9.0
J_k9_6od_x1.0,J,init,6,4,23,23,196,9.0
J_k9_6od_x1.0,J,init,6,5,23,23,191,9.0
J_k9_6od_x1.0,J,init,6,6,23,23,195,9.0
J_k9_6od_x1.0,J,init,6,7,23,23,194,9.0
J_k9_6od_x1.0,J,init,6,8,23,23,191,9.0
J_k9_6od_x1.0,J,init,6,9,23,23,193,9.0
J_k9_6od_x1.0,J,init,6,10,23,23,191,9.0
J_k9_6od_x1.0,J,init,6,11,23,23,191,9.0
J_k9_6od_x1.0,J,init,6,12,23,23,190,9.0
J_k9_6od_x1.0,J,init,6,13,23,23,195,9.0
J_k9_6od_x1.0,J,init,6,14,23,23,184,9.0
J_k9_6od_x1.0,J,init,6,15,23,23,192,9.0
J_k9_6od_x1.0,J,init,7,1,24,21,66,3.75
J_k9_6od_x1.0,J,init,7,2,23,23,189,9.0
J_k9_6od_x1.0,J,init,7,3,23,23,191,9.0
J_k9_6od_x1.0,J,init,7,4,23,23,192,9.0
J_k9_6od_x1.0,J,init,7,5,23,23,192,9.0
J_k9_6od_x1.0,J,init,7,6,23,23,186,9.0
J_k9_6od_x1.0,J,init,7,7,23,23,192,9.0
J_k9_6od_x1.0,J,init,7,8,23,23,195,9.0
J_k9_6od_x1.0,J,init,7,9,23,23,199,9.0
J_k9_6od_x1.0,J,init,7,10,23,23,193,9.0
J_k9_6od_x1.0,J,init,7,11,23,23,189,9.0
J_k9_6od_x1.0,J,init,7,12,23,23,188,9.0
J_k9_6od_x1.0,J,init,7,13,23,23,197,9.0
J_k9_6od_x1.0,J,init,7,14,23,23,193,9.0
J_k9_6od_x1.0,J,init,7,15,23,23,199,9.0
J_k9_6od_x1.0,J,init,8,1,24,23,76,4.375
J_k9_6od_x1.0,J,init,8,2,23,23,191,9.0
J_k9_6od_x1.0,J,init,8,3,23,23,193,9.0
J_k9_6od_x1.0,J,init,8,4,23,23,192,9.0
J_k9_6od_x1.0,J,init,8,5,23,23,190,9.0
J_k9_6od_x1.0,J,init,8,6,23,23,196,9.0
J_k9_6od_x1.0,J,init,8,7,23,23,191,9.0
J_k9_6od_x1.0,J,init,8,8,23,23,195,9.0
J_k9_6od_x1.0,J,init,8,9,23,23,198,9.0
J_k9_6od_x1.0,J,init,8,10,23,23,187,9.0
J_k9_6od_x1.0,J,init,8,11,23,23,194,9.0
J_k9_6od_x1.0,J,init,8,12,23,23,198,9.0
J_k9_6od_x1.0,J,init,8,13,23,23,195,9.0
J_k9_6od_x1.0,J,init,8,14,23,23,191,9.0
J_k9_6od_x1.0,J,init,8,15,23,23,196,9.0
J_k9_6od_x1.0,J,init,9,1,24,22,80,4.541666666666667
J_k9_6od_x1.0,J,init,9,2,23,23,186,9.0
J_k9_6od_x1.0,J,init,9,3,23,23,188,9.0
J_k9_6od_x1.0,J,init,9,4,23,23,192,9.0
J_k9_6od_x1.0,J,init,9,5,23,23,191,9.0
J_k9_6od_x1.0,J,init,9,6,23,23,191,9.0
J_k9_6od_x1.0,J,init,9,7,23,23,192,9.0
J_k9_6od_x1.0,J,init,9,8,23,23,197,9.0
J_k9_6od_x1.0,J,init,9,9,23,23,195,9.0
J_k9_6od_x1.0,J,init,9,10,23,23,190,9.0
J_k9_6od_x1.0,J,init,9,11,23,23,191,9.0
J_k9_6od_x1.0,J,init,9,12,23,23,188,9.0
J_k9_6od_x1.0,J,init,9,13,23,23,188,9.0
J_k9_6od_x1.0,J,init,9,14,23,23,192,9.0
J_k9_6od_x1.0,J,init,9,15,23,23,194,9.0
J_k9_6od_x1.0,J,mutation,0,1,24,24,200,9.0
J_k9_6od_x1.0,J,mutation,0,2,23,23,177,9.0
J_k9_6od_x1.0,J,mutation,0,3,23,23,166,9.0
J_k9_6od_x1.0,J,mutation,0,4,23,23,179,9.0
J_k9_6od_x1.0,J,mutation,0,5,23,23,178,9.0
J_k9_6od_x1.0,J,mutation,0,6,23,23,179,9.0
J_k9_6od_x1.0,J,mutation,0,7,23,23,176,9.0
J_k9_6od_x1.0,J,mutation,0,8,23,23,173,9.0
J_k9_6od_x1.0,J,mutation,0,9,23,23,175,9.0
J_k9_6od_x1.0,J,mutation,0,10,23,23,175,9.0
J_k9_6od_x1.0,J,mutation,0,11,23,23,177,9.0
J_k9_6od_x1.0,J,mutation,0,12,23,23,178,9.0
J_k9_6od_x1.0,J,mutation,0,13,23,23,172,9.0
J_k9_6od_x1.0,J,mutation,0,14,23,23,179,9.0
J_k9_6od_x1.0,J,mutation,0,15,23,23,183,9.0
J_k9_6od_x1.0,J,mutation,1,1,24,24,203,9.0
J_k9_6od_x1.0,J,mutation,1,2,23,23,173,9.0
J_k9_6od_x1.0,J,mutation,1,3,23,23,177,9.0
J_k9_6od_x1.0,J,mutation,1,4,23,23,173,9.0
J_k9_6od_x1.0,J,mutation,1,5,23,23,180,9.0
J_k9_6od_x1.0,J,mutation,1,6,23,23,177,9.0
J_k9_6od_x1.0,J,mutation,1,7,23,23,171,9.0
J_k9_6od_x1.0,J,mutation,1,8,23,23,183,9.0
J_k9_6od_x1.0,J,mutation,1,9,23,23,169,9.0
J_k9_6od_x1.0,J,mutation,1,10,23,23,177,9.0
J_k9_6od_x1.0,J,mutation,1,11,23,23,183,9.0
J_k9_6od_x1.0,J,mutation,1,12,23,23,175,9.0
J_k9_6od_x1.0,J,mutation,1,13,23,23,172,9.0
J_k9_6od_x1.0,J,mutation,1,14,23,23,170,9.0
J_k9_6od_x1.0,J,mutation,1,15,23,23,175,9.0
J_k9_6od_x1.0,J,mutation,2,1,24,24,201,9.0
J_k9_6od_x1.0,J,mutation,2,2,23,23,183,9.0
J_k9_6od_x1.0,J,mutation,2,3,23,23,176,9.0
J_k9_6od_x1.0,J,mutation,2,4,23,23,173,9.0
J_k9_6od_x1.0,J,mutation,2,5,23,23,177,9.0
J_k9_6od_x1.0,J,mutation,2,6,23,23,173,9.0
J_k9_6od_x1.0,J,mutation,2,7,23,23,179,9.0
J_k9_6od_x1.0,J,mutation,2,8,23,23,173,9.0
J_k9_6od_x1.0,J,mutation,2,9,23,23,182,9.0
J_k9_6od_x1.0,J,mutation,2,10,23,23,164,9.0
J_k9_6od_x1.0,J,mutation,2,11,23,23,178,9.0
J_k9_6od_x1.0,J,mutation,2,12,23,23,180,9.0
J_k9_6od_x1.0,J,mutation,2,13,23,23,178,9.0
J_k9_6od_x1.0,J,mutation,2,14,23,23,161,9.0
J_k9_6od_x1.0,J,mutation,2,15,23,23,162,9.0
J_k9_6od_x1.0,J,mutation,3,1,24,24,196,9.0
J_k9_6od_x1.0,J,mutation,3,2,23,23,178,9.0
J_k9_6od_x1.0,J,mutation,3,3,23,23,171,9.0
J_k9_6od_x1.0,J,mutation,3,4,23,23,180,9.0
J_k9_6od_x1.0,J,mutation,3,5,23,23,173,9.0
J_k9_6od_x1.0,J,mutation,3,6,23,23,180,9.0
J_k9_6od_x1.0,J,mutation,3,7,23,23,175,9.0
J_k9_6od_x1.0,J,mutation,3,8,23,23,168,9.0
J_k9_6od_x1.0,J,mutation,3,9,23,23,179,9.0
J_k9_6od_x1.0,J,mutation,3,10,23,23,174,9.0
J_k9_6od_x1.0,J,mutation,3,11,23,23,169,9.0
J_k9_6od_x1.0,J,mutation,3,12,23,23,175,9.0
J_k9_6od_x1.0,J,mutation,3,13,23,23,180,9.0
J_k9_6od_x1.0,J,mutation,3,14,23,23,175,9.0
J_k9_6od_x1.0,J,mutation,3,15,23,23,182,9.0
J_k9_6od_x1.0,J,mutation,4,1,24,24,197,9.0
J_k9_6od_x1.0,J,mutation,4,2,23,23,178,9.0
J_k9_6od_x1.0,J,mutation,4,3,23,23,184,9.0
J_k9_6od_x1.0,J,mutation,4,4,23,23,178,9.0
J_k9_6od_x1.0,J,mutation,4,5,23,23,173,9.0
J_k9_6od_x1.0,J,mutation,4,6,23,23,175,9.0
J_k9_6od_x1.0,J,mutation,4,7,23,23,170,9.0
J_k9_6od_x1.0,J,mutation,4,8,23,23,182,9.0
J_k9_6od_x1.0,J,mutation,4,9,23,23,173,9.0
J_k9_6od_x1.0,J,mutation,4,10,23,23,179,9.0
J_k9_6od_x1.0,J,mutation,4,11,23,23,168,9.0
J_k9_6od_x1.0,J,mutation,4,12,23,23,179,9.0
J_k9_6od_x1.0,J,mutation,4,13,23,23,180,9.0
J_k9_6od_x1.0,J,mutation,4,14,23,23,167,9.0
J_k9_6od_x1.0,J,mutation,4,15,23,23,173,9.0
J_k9_6od_x1.0,J,mutation,5,1,24,24,199,9.0
J_k9_6od_x1.0,J,mutation,5,2,23,23,176,9.0
J_k9_6od_x1.0,J,mutation,5,3,23,23,182,9.0
J_k9_6od_x1.0,J,mutation,5,4,23,23,174,9.0
J_k9_6od_x1.0,J,mutation,5,5,23,23,173,9.0
J_k9_6od_x1.0,J,mutation,5,6,23,23,179,9.0
J_k9_6od_x1.0,J,mutation,5,7,23,23,174,9.0
J_k9_6od_x1.0,J,mutation,5,8,23,23,181,9.0
J_k9_6od_x1.0,J,mutation,5,9,23,23,175,9.0
J_k9_6od_x1.0,J,mutation,5,10,23,23,173,9.0
J_k9_6od_x1.0,J,mutation,5,11,23,23,178,9.0
J_k9_6od_x1.0,J,mutation,5,12,23,23,173,9.0
J_k9_6od_x1.0,J,mutation,5,13,23,23,174,9.0
J_k9_6od_x1.0,J,mutation,5,14,23,23,168,9.0
J_k9_6od_x1.0,J,mutation,5,15,23,23,169,9.0
J_k9_6od_x1.0,J,mutation,6,1,24,24,198,9.0
J_k9_6od_x1.0,J,mutation,6,2,23,23,174,9.0
J_k9_6od_x1.0,J,mutation,6,3,23,23,180,9.0
J_k9_6od_x1.0,J,mutation,6,4,23,23,180,9.0
J_k9_6od_x1.0,J,mutation,6,5,23,23,179,9.0
J_k9_6od_x1.0,J,mutation,6,6,23,23,174,9.0
J_k9_6od_x1.0,J,mutation,6,7,23,23,173,9.0
J_k9_6od_x1.0,J,mutation,6,8,23,23,179,9.0
J_k9_6od_x1.0,J,mutation,6,9,23,23,175,9.0
J_k9_6od_x1.0,J,mutation,6,10,23,23,178,9.0
J_k9_6od_x1.0,J,mutation,6,11,23,23,181,9.0
J_k9_6od_x1.0,J,mutation,6,12,23,23,178,9.0
J_k9_6od_x1.0,J,mutation,6,13,23,23,177,9.0
J_k9_6od_x1.0,J,mutation,6,14,23,23,173,9.0
J_k9_6od_x1.0,J,mutation,6,15,23,23,170,9.0
J_k9_6od_x1.0,J,mutation,7,1,24,24,199,9.0
J_k9_6od_x1.0,J,mutation,7,2,23,23,175,9.0
J_k9_6od_x1.0,J,mutation,7,3,23,23,167,9.0
J_k9_6od_x1.0,J,mutation,7,4,23,23,177,9.0
J_k9_6od_x1.0,J,mutation,7,5,23,23,175,9.0
J_k9_6od_x1.0,J,mutation,7,6,23,23,174,9.0
J_k9_6od_x1.0,J,mutation,7,7,23,23,175,9.0
J_k9_6od_x1.0,J,mutation,7,8,23,23,177,9.0
J_k9_6od_x1.0,J,mutation,7,9,23,23,183,9.0
J_k9_6od_x1.0,J,mutation,7,10,23,23,179,9.0
J_k9_6od_x1.0,J,mutation,7,11,23,23,178,9.0
J_k9_6od_x1.0,J,mutation,7,12,23,23,177,9.0
J_k9_6od_x1.0,J,mutation,7,13,23,23,175,9.0
J_k9_6od_x1.0,J,mutation,7,14,23,23,179,9.0
J_k9_6od_x1.0,J,mutation,7,15,23,23,160,9.0
J_k9_6od_x1.0,J,mutation,8,1,24,24,203,9.0
J_k9_6od_x1.0,J,mutation,8,2,23,23,180,9.0
J_k9_6od_x1.0,J,mutation,8,3,23,23,177,9.0
J_k9_6od_x1.0,J,mutation,8,4,23,23,176,9.0
J_k9_6od_x1.0,J,mutation,8,5,23,23,172,9.0
J_k9_6od_x1.0,J,mutation,8,6,23,23,167,9.0
J_k9_6od_x1.0,J,mutation,8,7,23,23,177,9.0
J_k9_6od_x1.0,J,mutation,8,8,23,23,176,9.0
J_k9_6od_x1.0,J,mutation,8,9,23,23,171,9.0
J_k9_6od_x1.0,J,mutation,8,10,23,23,172,9.0
J_k9_6od_x1.0,J,mutation,8,11,23,23,174,9.0
J_k9_6od_x1.0,J,mutation,8,12,23,23,177,9.0
J_k9_6od_x1.0,J,mutation,8,13,23,23,177,9.0
J_k9_6od_x1.0,J,mutation,8,14,23,23,177,9.0
J_k9_6od_x1.0,J,mutation,8,15,23,23,178,9.0
J_k9_6od_x1.0,J,mutation,9,1,24,24,202,9.0
J_k9_6od_x1.0,J,mutation,9,2,23,23,180,9.0
J_k9_6od_x1.0,J,mutation,9,3,23,23,173,9.0
J_k9_6od_x1.0,J,mutation,9,4,23,23,170,9.0
J_k9_6od_x1.0,J,mutation,9,5,23,23,178,9.0
J_k9_6od_x1.0,J,mutation,9,6,23,23,172,9.0
J_k9_6od_x1.0,J,mutation,9,7,23,23,178,9.0
J_k9_6od_x1.0,J,mutation,9,8,23,23,175,9.0
J_k9_6od_x1.0,J,mutation,9,9,23,23,181,9.0
J_k9_6od_x1.0,J,mutation,9,10,23,23,174,9.0
J_k9_6od_x1.0,J,mutation,9,11,23,23,172,9.0
J_k9_6od_x1.0,J,mutation,9,12,23,23,177,9.0
J_k9_6od_x1.0,J,mutation,9,13,23,23,183,9.0
J_k9_6od_x1.0,J,mutation,9,14,23,23,171,9.0
J_k9_6od_x1.0,J,mutation,9,15,23,23,183,9.0
J_k9_6od_x1.0,J,none,0,1,24,24,200,9.0
J_k9_6od_x1.0,J,none,0,2,23,23,192,9.0
J_k9_6od_x1.0,J,none,0,3,23,23,192,9.0
J_k9_6od_x1.0,J,none,0,4,23,23,188,9.0
J_k9_6od_x1.0,J,none,0,5,23,23,192,9.0
J_k9_6od_x1.0,J,none,0,6,23,23,181,9.0
J_k9_6od_x1.0,J,none,0,7,23,23,193,9.0
J_k9_6od_x1.0,J,none,0,8,23,23,192,9.0
J_k9_6od_x1.0,J,none,0,9,23,23,196,9.0
J_k9_6od_x1.0,J,none,0,10,23,23,194,9.0
J_k9_6od_x1.0,J,none,0,11,23,23,186,9.0
J_k9_6od_x1.0,J,none,0,12,23,23,192,9.0
J_k9_6od_x1.0,J,none,0,13,23,23,193,9.0
J_k9_6od_x1.0,J,none,0,14,23,23,193,9.0
J_k9_6od_x1.0,J,none,0,15,23,23,192,9.0
J_k9_6od_x1.0,J,none,1,1,24,24,203,9.0
J_k9_6od_x1.0,J,none,1,2,23,23,196,9.0
J_k9_6od_x1.0,J,none,1,3,23,23,195,9.0
J_k9_6od_x1.0,J,none,1,4,23,23,190,9.0
J_k9_6od_x1.0,J,none,1,5,23,23,193,9.0
J_k9_6od_x1.0,J,none,1,6,23,23,196,9.0
J_k9_6od_x1.0,J,none,1,7,23,23,189,9.0
J_k9_6od_x1.0,J,none,1,8,23,23,192,9.0
J_k9_6od_x1.0,J,none,1,9,23,23,187,9.0
J_k9_6od_x1.0,J,none,1,10,23,23,190,9.0
J_k9_6od_x1.0,J,none,1,11,23,23,196,9.0
J_k9_6od_x1.0,J,none,1,12,23,23,193,9.0
J_k9_6od_x1.0,J,none,1,13,23,23,193,9.0
J_k9_6od_x1.0,J,none,1,14,23,23,193,9.0
J_k9_6od_x1.0,J,none,1,15,23,23,190,9.0
J_k9_6od_x1.0,J,none,2,1,24,24,201,9.0
J_k9_6od_x1.0,J,none,2,2,23,23,193,9.0
J_k9_6od_x1.0,J,none,2,3,23,23,191,9.0
J_k9_6od_x1.0,J,none,2,4,23,23,194,9.0
J_k9_6od_x1.0,J,none,2,5,23,23,194,9.0
J_k9_6od_x1.0,J,none,2,6,23,23,188,9.0
J_k9_6od_x1.0,J,none,2,7,23,23,189,9.0
J_k9_6od_x1.0,J,none,2,8,23,23,188,9.0
J_k9_6od_x1.0,J,none,2,9,23,23,196,9.0
J_k9_6od_x1.0,J,none,2,10,23,23,189,9.0
J_k9_6od_x1.0,J,none,2,11,23,23,189,9.0
J_k9_6od_x1.0,J,none,2,12,23,23,201,9.0
J_k9_6od_x1.0,J,none,2,13,23,23,195,9.0
J_k9_6od_x1.0,J,none,2,14,23,23,193,9.0
J_k9_6od_x1.0,J,none,2,15,23,23,196,9.0
J_k9_6od_x1.0,J,none,3,1,24,24,196,9.0
J_k9_6od_x1.0,J,none,3,2,23,23,185,9.0
J_k9_6od_x1.0,J,none,3,3,23,23,198,9.0
J_k9_6od_x1.0,J,none,3,4,23,23,195,9.0
J_k9_6od_x1.0,J,none,3,5,23,23,190,9.0
J_k9_6od_x1.0,J,none,3,6,23,23,198,9.0
J_k9_6od_x1.0,J,none,3,7,23,23,194,9.0
J_k9_6od_x1.0,J,none,3,8,23,23,190,9.0
J_k9_6od_x1.0,J,none,3,9,23,23,190,9.0
J_k9_6od_x1.0,J,none,3,10,23,23,191,9.0
J_k9_6od_x1.0,J,none,3,11,23,23,198,9.0
J_k9_6od_x1.0,J,none,3,12,23,23,189,9.0
J_k9_6od_x1.0,J,none,3,13,23,23,194,9.0
J_k9_6od_x1.0,J,none,3,14,23,23,193,9.0
J_k9_6od_x1.0,J,none,3,15,23,23,189,9.0
J_k9_6od_x1.0,J,none,4,1,24,24,197,9.0
J_k9_6od_x1.0,J,none,4,2,23,23,198,9.0
J_k9_6od_x1.0,J,none,4,3,23,23,197,9.0
J_k9_6od_x1.0,J,none,4,4,23,23,192,9.0
J_k9_6od_x1.0,J,none,4,5,23,23,183,9.0
J_k9_6od_x1.0,J,none,4,6,23,23,194,9.0
J_k9_6od_x1.0,J,none,4,7,23,23,191,9.0
J_k9_6od_x1.0,J,none,4,8,23,23,193,9.0
J_k9_6od_x1.0,J,none,4,9,23,23,190,9.0
J_k9_6od_x1.0,J,none,4,10,23,23,197,9.0
J_k9_6od_x1.0,J,none,4,11,23,23,196,9.0
J_k9_6od_x1.0,J,none,4,12,23,23,187,9.0
J_k9_6od_x1.0,J,none,4,13,23,23,190,9.0
J_k9_6od_x1.0,J,none,4,14,23,23,196,9.0
J_k9_6od_x1.0,J,none,4,15,23,23,192,9.0
J_k9_6od_x1.0,J,none,5,1,24,24,199,9.0
J_k9_6od_x1.0,J,none,5,2,23,23,195,9.0
J_k9_6od_x1.0,J,none,5,3,23,23,188,9.0
J_k9_6od_x1.0,J,none,5,4,23,23,196,9.0
J_k9_6od_x1.0,J,none,5,5,23,23,197,9.0
J_k9_6od_x1.0,J,none,5,6,23,23,196,9.0
J_k9_6od_x1.0,J,none,5,7,23,23,187,9.0
J_k9_6od_x1.0,J,none,5,8,23,23,192,9.0
J_k9_6od_x1.0,J,none,5,9,23,23,193,9.0
J_k9_6od_x1.0,J,none,5,10,23,23,193,9.0
J_k9_6od_x1.0,J,none,5,11,23,23,191,9.0
J_k9_6od_x1.0,J,none,5,12,23,23,187,9.0
J_k9_6od_x1.0,J,none,5,13,23,23,201,9.0
J_k9_6od_x1.0,J,none,5,14,23,23,191,9.0
J_k9_6od_x1.0,J,none,5,15,23,23,183,9.0
J_k9_6od_x1.0,J,none,6,1,24,24,198,9.0
J_k9_6od_x1.0,J,none,6,2,23,23,189,9.0
J_k9_6od_x1.0,J,none,6,3,23,23,184,9.0
J_k9_6od_x1.0,J,none,6,4,23,23,186,9.0
J_k9_6od_x1.0,J,none,6,5,23,23,187,9.0
J_k9_6od_x1.0,J,none,6,6,23,23,191,9.0
J_k9_6od_x1.0,J,none,6,7,23,23,193,9.0
J_k9_6od_x1.0,J,none,6,8,23,23,192,9.0
J_k9_6od_x1.0,J,none,6,9,23,23,199,9.0
J_k9_6od_x1.0,J,none,6,10,23,23,191,9.0
J_k9_6od_x1.0,J,none,6,11,23,23,197,9.0
J_k9_6od_x1.0,J,none,6,12,23,23,186,9.0
J_k9_6od_x1.0,J,none,6,13,23,23,188,9.0
J_k9_6od_x1.0,J,none,6,14,23,23,191,9.0
J_k9_6od_x1.0,J,none,6,15,23,23,196,9.0
J_k9_6od_x1.0,J,none,7,1,24,24,199,9.0
J_k9_6od_x1.0,J,none,7,2,23,23,194,9.0
J_k9_6od_x1.0,J,none,7,3,23,23,190,9.0
J_k9_6od_x1.0,J,none,7,4,23,23,193,9.0
J_k9_6od_x1.0,J,none,7,5,23,23,190,9.0
J_k9_6od_x1.0,J,none,7,6,23,23,184,9.0
J_k9_6od_x1.0,J,none,7,7,23,23,195,9.0
J_k9_6od_x1.0,J,none,7,8,23,23,192,9.0
J_k9_6od_x1.0,J,none,7,9,23,23,197,9.0
J_k9_6od_x1.0,J,none,7,10,23,23,191,9.0
J_k9_6od_x1.0,J,none,7,11,23,23,193,9.0
J_k9_6od_x1.0,J,none,7,12,23,23,199,9.0
J_k9_6od_x1.0,J,none,7,13,23,23,199,9.0
J_k9_6od_x1.0,J,none,7,14,23,23,189,9.0
J_k9_6od_x1.0,J,none,7,15,23,23,195,9.0
J_k9_6od_x1.0,J,none,8,1,24,24,203,9.0
J_k9_6od_x1.0,J,none,8,2,23,23,194,9.0
J_k9_6od_x1.0,J,none,8,3,23,23,192,9.0
J_k9_6od_x1.0,J,none,8,4,23,23,194,9.0
J_k9_6od_x1.0,J,none,8,5,23,23,193,9.0
J_k9_6od_x1.0,J,none,8,6,23,23,195,9.0
J_k9_6od_x1.0,J,none,8,7,23,23,193,9.0
J_k9_6od_x1.0,J,none,8,8,23,23,195,9.0
J_k9_6od_x1.0,J,none,8,9,23,23,188,9.0
J_k9_6od_x1.0,J,none,8,10,23,23,192,9.0
J_k9_6od_x1.0,J,none,8,11,23,23,196,9.0
J_k9_6od_x1.0,J,none,8,12,23,23,191,9.0
J_k9_6od_x1.0,J,none,8,13,23,23,192,9.0
J_k9_6od_x1.0,J,none,8,14,23,23,193,9.0
J_k9_6od_x1.0,J,none,8,15,23,23,194,9.0
J_k9_6od_x1.0,J,none,9,1,24,24,202,9.0
J_k9_6od_x1.0,J,none,9,2,23,23,194,9.0
J_k9_6od_x1.0,J,none,9,3,23,23,194,9.0
J_k9_6od_x1.0,J,none,9,4,23,23,198,9.0
J_k9_6od_x1.0,J,none,9,5,23,23,193,9.0
J_k9_6od_x1.0,J,none,9,6,23,23,191,9.0
J_k9_6od_x1.0,J,none,9,7,23,23,188,9.0
J_k9_6od_x1.0,J,none,9,8,23,23,186,9.0
J_k9_6od_x1.0,J,none,9,9,23,23,193,9.0
J_k9_6od_x1.0,J,none,9,10,23,23,198,9.0
J_k9_6od_x1.0,J,none,9,11,23,23,192,9.0
J_k9_6od_x1.0,J,none,9,12,23,23,196,9.0
J_k9_6od_x1.0,J,none,9,13,23,23,193,9.0
J_k9_6od_x1.0,J,none,9,14,23,23,191,9.0
J_k9_6od_x1.0,J,none,9,15,23,23,196,9.0
J_k9_6od_x1.2,J,both,0,1,24,24,114,4.958333333333333
J_k9_6od_x1.2,J,both,0,2,23,23,184,9.0
J_k9_6od_x1.2,J,both,0,3,23,23,184,9.0
J_k9_6od_x1.2,J,both,0,4,23,23,183,9.0
J_k9_6od_x1.2,J,both,0,5,23,23,177,9.0
J_k9_6od_x1.2,J,both,0,6,23,23,181,9.0
J_k9_6od_x1.2,J,both,0,7,23,23,184,9.0
J_k9_6od_x1.2,J,both,0,8,23,23,192,9.0
J_k9_6od_x1.2,J,both,0,9,23,23,187,9.0
J_k9_6od_x1.2,J,both,0,10,23,23,185,9.0
J_k9_6od_x1.2,J,both,0,11,23,23,181,9.0
J_k9_6od_x1.2,J,both,0,12,23,23,186,9.0
J_k9_6od_x1.2,J,both,0,13,23,23,190,9.0
J_k9_6od_x1.2,J,both,0,14,23,23,184,9.0
J_k9_6od_x1.2,J,both,0,15,23,23,180,9.0
J_k9_6od_x1.2,J,both,1,1,24,22,92,4.375
J_k9_6od_x1.2,J,both,1,2,23,23,176,9.0
J_k9_6od_x1.2,J,both,1,3,23,23,180,9.0
J_k9_6od_x1.2,J,both,1,4,23,23,192,9.0
J_k9_6od_x1.2,J,both,1,5,23,23,183,9.0
J_k9_6od_x1.2,J,both,1,6,23,23,183,9.0
J_k9_6od_x1.2,J,both,1,7,23,23,189,9.0
J_k9_6od_x1.2,J,both,1,8,23,23,186,9.0
J_k9_6od_x1.2,J,both,1,9,23,23,179,9.0
J_k9_6od_x1.2,J,both,1,10,23,23,186,9.0
J_k9_6od_x1.2,J,both,1,11,23,23,187,9.0
J_k9_6od_x1.2,J,both,1,12,23,23,179,9.0
J_k9_6od_x1.2,J,both,1,13,23,23,178,9.0
J_k9_6od_x1.2,J,both,1,14,23,23,179,9.0
J_k9_6od_x1.2,J,both,1,15,23,23,182,9.0
J_k9_6od_x1.2,J,both,2,1,24,21,100,4.416666666666667
J_k9_6od_x1.2,J,both,2,2,23,23,189,9.0
J_k9_6od_x1.2,J,both,2,3,23,23,174,9.0
J_k9_6od_x1.2,J,both,2,4,23,23,179,9.0
J_k9_6od_x1.2,J,both,2,5,23,23,185,9.0
J_k9_6od_x1.2,J,both,2,6,23,23,189,9.0
J_k9_6od_x1.2,J,both,2,7,23,23,182,9.0
J_k9_6od_x1.2,J,both,2,8,23,23,181,9.0
J_k9_6od_x1.2,J,both,2,9,23,23,187,9.0
J_k9_6od_x1.2,J,both,2,10,23,23,187,9.0
J_k9_6od_x1.2,J,both,2,11,23,23,189,9.0
J_k9_6od_x1.2,J,both,2,12,23,23,181,9.0
J_k9_6od_x1.2,J,both,2,13,23,23,189,9.0
J_k9_6od_x1.2,J,both,2,14,23,23,182,9.0
J_k9_6od_x1.2,J,both,2,15,23,23,175,9.0
J_k9_6od_x1.2,J,both,3,1,24,24,116,5.416666666666667
J_k9_6od_x1.2,J,both,3,2,23,23,187,9.0
J_k9_6od_x1.2,J,both,3,3,23,23,178,9.0
J_k9_6od_x1.2,J,both,3,4,23,23,181,9.0
J_k9_6od_x1.2,J,both,3,5,23,23,181,9.0
J_k9_6od_x1.2,J,both,3,6,23,23,187,9.0
J_k9_6od_x1.2,J,both,3,7,23,23,183,9.0
J_k9_6od_x1.2,J,both,3,8,23,23,183,9.0
J_k9_6od_x1.2,J,both,3,9,23,23,183,9.0
J_k9_6od_x1.2,J,both,3,10,23,23,178,9.0
J_k9_6od_x1.2,J,both,3,11,23,23,182,9.0
J_k9_6od_x1.2,J,both,3,12,23,23,187,9.0
J_k9_6od_x1.2,J,both,3,13,23,23,177,9.0
J_k9_6od_x1.2,J,both,3,14,23,23,189,9.0
J_k9_6od_x1.2,J,both,3,15,23,23,180,9.0
J_k9_6od_x1.2,J,both,4,1,24,22,79,3.5416666666666665
J_k9_6od_x1.2,J,both,4,2,23,23,187,9.0
J_k9_6od_x1.2,J,both,4,3,23,23,185,9.0
J_k9_6od_x1.2,J,both,4,4,23,23,178,9.0
J_k9_6od_x1.2,J,both,4,5,23,23,189,9.0
J_k9_6od_x1.2,J,both,4,6,23,23,184,9.0
J_k9_6od_x1.2,J,both,4,7,23,23,180,9.0
J_k9_6od_x1.2,J,both,4,8,23,23,182,9.0
J_k9_6od_x1.2,J,both,4,9,23,23,192,9.0
J_k9_6od_x1.2,J,both,4,10,23,23,189,9.0
J_k9_6od_x1.2,J,both,4,11,23,23,187,9.0
J_k9_6od_x1.2,J,both,4,12,23,23,182,9.0
J_k9_6od_x1.2,J,both,4,13,23,23,180,9.0
J_k9_6od_x1.2,J,both,4,14,23,23,188,9.0
J_k9_6od_x1.2,J,both,4,15,23,23,183,9.0
J_k9_6od_x1.2,J,both,5,1,24,22,97,4.25
J_k9_6od_x1.2,J,both,5,2,23,23,184,9.0
J_k9_6od_x1.2,J,both,5,3,23,23,180,9.0
J_k9_6od_x1.2,J,both,5,4,23,23,182,9.0
J_k9_6od_x1.2,J,both,5,5,23,23,177,9.0
J_k9_6od_x1.2,J,both,5,6,23,23,184,9.0
J_k9_6od_x1.2,J,both,5,7,23,23,187,9.0
J_k9_6od_x1.2,J,both,5,8,23,23,183,9.0
J_k9_6od_x1.2,J,both,5,9,23,23,184,9.0
J_k9_6od_x1.2,J,both,5,10,23,23,191,9.0
J_k9_6od_x1.2,J,both,5,11,23,23,183,9.0
J_k9_6od_x1.2,J,both,5,12,23,23,188,9.0
J_k9_6od_x1.2,J,both,5,13,23,23,184,9.0
J_k9_6od_x1.2,J,both,5,14,23,23,182,9.0
J_k9_6od_x1.2,J,both,5,15,23,23,181,9.0
J_k9_6od_x1.2,J,both,6,1,24,22,109,4.958333333333333
J_k9_6od_x1.2,J,both,6,2,23,23,182,9.0
J_k9_6od_x1.2,J,both,6,3,23,23,190,9.0
J_k9_6od_x1.2,J,both,6,4,23,23,180,9.0
J_k9_6od_x1.2,J,both,6,5,23,23,188,9.0
J_k9_6od_x1.2,J,both,6,6,23,23,186,9.0
J_k9_6od_x1.2,J,both,6,7,23,23,177,9.0
J_k9_6od_x1.2,J,both,6,8,23,23,190,9.0
J_k9_6od_x1.2,J,both,6,9,23,23,190,9.0
J_k9_6od_x1.2,J,both,6,10,23,23,174,9.0
J_k9_6od_x1.2,J,both,6,11,23,23,180,9.0
J_k9_6od_x1.2,J,both,6,12,23,23,185,9.0
J_k9_6od_x1.2,J,both,6,13,23,23,184,9.0
J_k9_6od_x1.2,J,both,6,14,23,23,181,9.0
J_k9_6od_x1.2,J,both,6,15,23,23,183,9.0
J_k9_6od_x1.2,J,both,7,1,24,21,84,3.75
J_k9_6od_x1.2,J,both,7,2,23,23,185,9.0
J_k9_6od_x1.2,J,both,7,3,23,23,180,9.0
J_k9_6od_x1.2,J,both,7,4,23,23,186,9.0
J_k9_6od_x1.2,J,both,7,5,23,23,181,9.0
J_k9_6od_x1.2,J,both,7,6,23,23,183,9.0
J_k9_6od_x1.2,J,both,7,7,23,23,175,9.0
J_k9_6od_x1.2,J,both,7,8,23,23,181,9.0
J_k9_6od_x1.2,J,both,7,9,23,23,188,9.0
J_k9_6od_x1.2,J,both,7,10,23,23,183,9.0
J_k9_6od_x1.2,J,both,7,11,23,23,183,9.0
J_k9_6od_x1.2,J,both,7,12,23,23,180,9.0
J_k9_6od_x1.2,J,both,7,13,23,23,181,9.0
J_k9_6od_x1.2,J,both,7,14,23,23,183,9.0
J_k9_6od_x1.2,J,both,7,15,23,23,184,9.0
J_k9_6od_x1.2,J,both,8,1,24,23,97,4.375
J_k9_6od_x1.2,J,both,8,2,23,23,172,9.0
J_k9_6od_x1.2,J,both,8,3,23,23,184,9.0
J_k9_6od_x1.2,J,both,8,4,23,23,184,9.0
J_k9_6od_x1.2,J,both,8,5,23,23,182,9.0
J_k9_6od_x1.2,J,both,8,6,23,23,189,9.0
J_k9_6od_x1.2,J,both,8,7,23,23,180,9.0
J_k9_6od_x1.2,J,both,8,8,23,23,192,9.0
J_k9_6od_x1.2,J,both,8,9,23,23,181,9.0
J_k9_6od_x1.2,J,both,8,10,23,23,184,9.0
J_k9_6od_x1.2,J,both,8,11,23,23,186,9.0
J_k9_6od_x1.2,J,both,8,12,23,23,175,9.0
J_k9_6od_x1.2,J,both,8,13,23,23,185,9.0
J_k9_6od_x1.2,J,both,8,14,23,23,183,9.0
J_k9_6od_x1.2,J,both,8,15,23,23,185,9.0
J_k9_6od_x1.2,J,both,9,1,24,22,98,4.541666666666667
J_k9_6od_x1.2,J,both,9,2,23,23,181,9.0
J_k9_6od_x1.2,J,both,9,3,23,23,185,9.0
J_k9_6od_x1.2,J,both,9,4,23,23,179,9.0
J_k9_6od_x1.2,J,both,9,5,23,23,185,9.0
J_k9_6od_x1.2,J,both,9,6,23,23,189,9.0
J_k9_6od_x1.2,J,both,9,7,23,23,183,9.0
J_k9_6od_x1.2,J,both,9,8,23,23,183,9.0
J_k9_6od_x1.2,J,both,9,9,23,23,183,9.0
J_k9_6od_x1.2,J,both,9,10,23,23,176,9.0
J_k9_6od_x1.2,J,both,9,11,23,23,188,9.0
J_k9_6od_x1.2,J,both,9,12,23,23,181,9.0
J_k9_6od_x1.2,J,both,9,13,23,23,177,9.0
J_k9_6od_x1.2,J,both,9,14,23,23,182,9.0
J_k9_6od_x1.2,J,both,9,15,23,23,189,9.0
J_k9_6od_x1.2,J,init,0,1,24,24,114,4.958333333333333
J_k9_6od_x1.2,J,init,0,2,23,23,187,9.0
J_k9_6od_x1.2,J,init,0,3,23,23,184,9.0
J_k9_6od_x1.2,J,init,0,4,23,23,195,9.0
J_k9_6od_x1.2,J,init,0,5,23,23,190,9.0
J_k9_6od_x1.2,J,init,0,6,23,23,196,9.0
J_k9_6od_x1.2,J,init,0,7,23,23,192,9.0
J_k9_6od_x1.2,J,init,0,8,23,23,188,9.0
J_k9_6od_x1.2,J,init,0,9,23,23,193,9.0
J_k9_6od_x1.2,J,init,0,10,23,23,190,9.0
J_k9_6od_x1.2,J,init,0,11,23,23,192,9.0
J_k9_6od_x1.2,J,init,0,12,23,23,194,9.0
J_k9_6od_x1.2,J,init,0,13,23,23,195,9.0
J_k9_6od_x1.2,J,init,0,14,23,23,196,9.0
J_k9_6od_x1.2,J,init,0,15,23,23,197,9.0
J_k9_6od_x1.2,J,init,1,1,24,22,92,4.375
J_k9_6od_x1.2,J,init,1,2,23,23,192,9.0
J_k9_6od_x1.2,J,init,1,3,23,23,195,9.0
J_k9_6od_x1.2,J,init,1,4,23,23,197,9.0
J_k9_6od_x1.2,J,init,1,5,23,23,196,9.0
J_k9_6od_x1.2,J,init,1,6,23,23,188,9.0
J_k9_6od_x1.2,J,init,1,7,23,23,196,9.0
J_k9_6od_x1.2,J,init,1,8,23,23,196,9.0
J_k9_6od_x1.2,J,init,1,9,23,23,187,9.0
J_k9_6od_x1.2,J,init,1,10,23,23,189,9.0
J_k9_6od_x1.2,J,init,1,11,23,23,195,9.0
J_k9_6od_x1.2,J,init,1,12,23,23,189,9.0
J_k9_6od_x1.2,J,init,1,13,23,23,190,9.0
J_k9_6od_x1.2,J,init,1,14,23,23,193,9.0
J_k9_6od_x1.2,J,init,1,15,23,23,193,9.0
J_k9_6od_x1.2,J,init,2,1,24,21,100,4.416666666666667
J_k9_6od_x1.2,J,init,2,2,23,23,194,9.0
J_k9_6od_x1.2,J,init,2,3,23,23,192,9.0
J_k9_6od_x1.2,J,init,2,4,23,23,194,9.0
J_k9_6od_x1.2,J,init,2,5,23,23,191,9.0
J_k9_6od_x1.2,J,init,2,6,23,23,193,9.0
J_k9_6od_x1.2,J,init,2,7,23,23,196,9.0
J_k9_6od_x1.2,J,init,2,8,23,23,192,9.0
J_k9_6od_x1.2,J,init,2,9,23,23,189,9.0
J_k9_6od_x1.2,J,init,2,10,23,23,193,9.0
J_k9_6od_x1.2,J,init,2,11,23,23,191,9.0
J_k9_6od_x1.2,J,init,2,12,23,23,193,9.0
J_k9_6od_x1.2,J,init,2,13,23,23,189,9.0
J_k9_6od_x1.2,J,init,2,14,23,23,195,9.0
J_k9_6od_x1.2,J,init,2,15,23,23,186,9.0
J_k9_6od_x1.2,J,init,3,1,24,24,116,5.416666666666667
J_k9_6od_x1.2,J,init,3,2,23,23,192,9.0
J_k9_6od_x1.2,J,init,3,3,23,23,187,9.0
J_k9_6od_x1.2,J,init,3,4,23,23,197,9.0
J_k9_6od_x1.2,J,init,3,5,23,23,193,9.0
J_k9_6od_x1.2,J,init,3,6,23,23,197,9.0
J_k9_6od_x1.2,J,init,3,7,23,23,195,9.0
J_k9_6od_x1.2,J,init,3,8,23,23,194,9.0
J_k9_6od_x1.2,J,init,3,9,23,23,188,9.0
J_k9_6od_x1.2,J,init,3,10,23,23,196,9.0
J_k9_6od_x1.2,J,init,3,11,23,23,192,9.0
J_k9_6od_x1.2,J,init,3,12,23,23,196,9.0
J_k9_6od_x1.2,J,init,3,13,23,23,191,9.0
J_k9_6od_x1.2,J,init,3,14,23,23,194,9.0
J_k9_6od_x1.2,J,init,3,15,23,23,196,9.0
J_k9_6od_x1.2,J,init,4,1,24,22,79,3.5416666666666665
J_k9_6od_x1.2,J,init,4,2,23,23,192,9.0
J_k9_6od_x1.2,J,init,4,3,23,23,197,9.0
J_k9_6od_x1.2,J,init,4,4,23,23,195,9.0
J_k9_6od_x1.2,J,init,4,5,23,23,194,9.0
J_k9_6od_x1.2,J,init,4,6,23,23,194,9.0
J_k9_6od_x1.2,J,init,4,7,23,23,191,9.0
J_k9_6od_x1.2,J,init,4,8,23,23,192,9.0
J_k9_6od_x1.2,J,init,4,9,23,23,193,9.0
J_k9_6od_x1.2,J,init,4,10,23,23,193,9.0
J_k9_6od_x1.2,J,init,4,11,23,23,194,9.0
J_k9_6od_x1.2,J,init,4,12,23,23,193,9.0
J_k9_6od_x1.2,J,init,4,13,23,23,189,9.0
J_k9_6od_x1.2,J,init,4,14,23,23,194,9.0
J_k9_6od_x1.2,J,init,4,15,23,23,189,9.0
J_k9_6od_x1.2,J,init,5,1,24,22,97,4.25
J_k9_6od_x1.2,J,init,5,2,23,23,199,9.0
J_k9_6od_x1.2,J,init,5,3,23,23,191,9.0
J_k9_6od_x1.2,J,init,5,4,23,23,193,9.0
J_k9_6od_x1.2,J,init,5,5,23,23,193,9.0
J_k9_6od_x1.2,J,init,5,6,23,23,187,9.0
J_k9_6od_x1.2,J,init,5,7,23,23,188,9.0
J_k9_6od_x1.2,J,init,5,8,23,23,193,9.0
J_k9_6od_x1.2,J,init,5,9,23,23,196,9.0
J_k9_6od_x1.2,J,init,5,10,23,23,190,9.0
J_k9_6od_x1.2,J,init,5,11,23,23,192,9.0
J_k9_6od_x1.2,J,init,5,12,23,23,192,9.0
J_k9_6od_x1.2,J,init,5,13,23,23,198,9.0
J_k9_6od_x1.2,J,init,5,14,23,23,195,9.0
J_k9_6od_x1.2,J,init,5,15,23,23,187,9.0
J_k9_6od_x1.2,J,init,6,1,24,22,109,4.958333333333333
J_k9_6od_x1.2,J,init,6,2,23,23,187,9.0
J_k9_6od_x1.2,J,init,6,3,23,23,191,9.0
J_k9_6od_x1.2,J,init,6,4,23,23,198,9.0
J_k9_6od_x1.2,J,init,6,5,23,23,193,9.0
J_k9_6od_x1.2,J,init,6,6,23,23,199,9.0
J_k9_6od_x1.2,J,init,6,7,23,23,187,9.0
J_k9_6od_x1.2,J,init,6,8,23,23,194,9.0
J_k9_6od_x1.2,J,init,6,9,23,23,188,9.0
J_k9_6od_x1.2,J,init,6,10,23,23,194,9.0
J_k9_6od_x1.2,J,init,6,11,23,23,189,9.0
J_k9_6od_x1.2,J,init,6,12,23,23,196,9.0
J_k9_6od_x1.2,J,init,6,13,23,23,196,9.0
J_k9_6od_x1.2,J,init,6,14,23,23,195,9.0
J_k9_6od_x1.2,J,init,6,15,23,23,194,9.0
J_k9_6od_x1.2,J,init,7,1,24,21,84,3.75
J_k9_6od_x1.2,J,init,7,2,23,23,192,9.0
J_k9_6od_x1.2,J,init,7,3,23,23,198,9.0
J_k9_6od_x1.2,J,init,7,4,23,23,195,9.0
J_k9_6od_x1.2,J,init,7,5,23,23,192,9.0
J_k9_6od_x1.2,J,init,7,6,23,23,190,9.0
J_k9_6od_x1.2,J,init,7,7,23,23,192,9.0
J_k9_6od_x1.2,J,init,7,8,23,23,189,9.0
J_k9_6od_x1.2,J,init,7,9,23,23,201,9.0
J_k9_6od_x1.2,J,init,7,10,23,23,195,9.0
J_k9_6od_x1.2,J,init,7,11,23,23,195,9.0
J_k9_6od_x1.2,J,init,7,12,23,23,196,9.0
J_k9_6od_x1.2,J,init,7,13,23,23,195,9.0
J_k9_6od_x1.2,J,init,7,14,23,23,192,9.0
J_k9_6od_x1.2,J,init,7,15,23,23,186,9.0
J_k9_6od_x1.2,J,init,8,1,24,23,97,4.375
J_k9_6od_x1.2,J,init,8,2,23,23,190,9.0
J_k9_6od_x1.2,J,init,8,3,23,23,192,9.0
J_k9_6od_x1.2,J,init,8,4,23,23,196,9.0
J_k9_6od_x1.2,J,init,8,5,23,23,193,9.0
J_k9_6od_x1.2,J,init,8,6,23,23,194,9.0
J_k9_6od_x1.2,J,init,8,7,23,23,190,9.0
J_k9_6od_x1.2,J,init,8,8,23,23,187,9.0
J_k9_6od_x1.2,J,init,8,9,23,23,193,9.0
J_k9_6od_x1.2,J,init,8,10,23,23,191,9.0
J_k9_6od_x1.2,J,init,8,11,23,23,196,9.0
J_k9_6od_x1.2,J,init,8,12,23,23,194,9.0
J_k9_6od_x1.2,J,init,8,13,23,23,197,9.0
J_k9_6od_x1.2,J,init,8,14,23,23,193,9.0
J_k9_6od_x1.2,J,init,8,15,23,23,189,9.0
J_k9_6od_x1.2,J,init,9,1,24,22,98,4.541666666666667
J_k9_6od_x1.2,J,init,9,2,23,23,193,9.0
J_k9_6od_x1.2,J,init,9,3,23,23,195,9.0
J_k9_6od_x1.2,J,init,9,4,23,23,198,9.0
J_k9_6od_x1.2,J,init,9,5,23,23,189,9.0
J_k9_6od_x1.2,J,init,9,6,23,23,192,9.0
J_k9_6od_x1.2,J,init,9,7,23,23,196,9.0
J_k9_6od_x1.2,J,init,9,8,23,23,198,9.0
J_k9_6od_x1.2,J,init,9,9,23,23,195,9.0
J_k9_6od_x1.2,J,init,9,10,23,23,193,9.0
J_k9_6od_x1.2,J,init,9,11,23,23,187,9.0
J_k9_6od_x1.2,J,init,9,12,23,23,192,9.0
J_k9_6od_x1.2,J,init,9,13,23,23,190,9.0
J_k9_6od_x1.2,J,init,9,14,23,23,191,9.0
J_k9_6od_x1.2,J,init,9,15,23,23,195,9.0
J_k9_6od_x1.2,J,mutation,0,1,24,24,200,9.0
J_k9_6od_x1.2,J,mutation,0,2,23,23,183,9.0
J_k9_6od_x1.2,J,mutation,0,3,23,23,185,9.0
J_k9_6od_x1.2,J,mutation,0,4,23,23,179,9.0
J_k9_6od_x1.2,J,mutation,0,5,23,23,182,9.0
J_k9_6od_x1.2,J,mutation,0,6,23,23,184,9.0
J_k9_6od_x1.2,J,mutation,0,7,23,23,189,9.0
J_k9_6od_x1.2,J,mutation,0,8,23,23,184,9.0
J_k9_6od_x1.2,J,mutation,0,9,23,23,178,9.0
J_k9_6od_x1.2,J,mutation,0,10,23,23,187,9.0
J_k9_6od_x1.2,J,mutation,0,11,23,23,181,9.0
J_k9_6od_x1.2,J,mutation,0,12,23,23,183,9.0
J_k9_6od_x1.2,J,mutation,0,13,23,23,180,9.0
J_k9_6od_x1.2,J,mutation,0,14,23,23,182,9.0
J_k9_6od_x1.2,J,mutation,0,15,23,23,181,9.0
J_k9_6od_x1.2,J,mutation,1,1,24,24,203,9.0
J_k9_6od_x1.2,J,mutation,1,2,23,23,189,9.0
J_k9_6od_x1.2,J,mutation,1,3,23,23,182,9.0
J_k9_6od_x1.2,J,mutation,1,4,23,23,182,9.0
J_k9_6od_x1.2,J,mutation,1,5,23,23,182,9.0
J_k9_6od_x1.2,J,mutation,1,6,23,23,185,9.0
J_k9_6od_x1.2,J,mutation,1,7,23,23,188,9.0
J_k9_6od_x1.2,J,mutation,1,8,23,23,184,9.0
J_k9_6od_x1.2,J,mutation,1,9,23,23,186,9.0
J_k9_6od_x1.2,J,mutation,1,10,23,23,180,9.0
J_k9_6od_x1.2,J,mutation,1,11,23,23,169,9.0
J_k9_6od_x1.2,J,mutation,1,12,23,23,182,9.0
J_k9_6od_x1.2,J,mutation,1,13,23,23,187,9.0
J_k9_6od_x1.2,J,mutation,1,14,23,23,174,9.0
J_k9_6od_x1.2,J,mutation,1,15,23,23,181,9.0
J_k9_6od_x1.2,J,mutation,2,1,24,24,201,9.0
J_k9_6od_x1.2,J,mutation,2,2,23,23,186,9.0
J_k9_6od_x1.2,J,mutation,2,3,23,23,179,9.0
J_k9_6od_x1.2,J,mutation,2,4,23,23,183,9.0
J_k9_6od_x1.2,J,mutation,2,5,23,23,180,9.0
J_k9_6od_x1.2,J,mutation,2,6,23,23,183,9.0
J_k9_6od_x1.2,J,mutation,2,7,23,23,183,9.0
J_k9_6od_x1.2,J,mutation,2,8,23,23,183,9.0
J_k9_6od_x1.2,J,mutation,2,9,23,23,182,9.0
J_k9_6od_x1.2,J,mutation,2,10,23,23,181,9.0
J_k9_6od_x1.2,J,mutation,2,11,23,23,189,9.0
J_k9_6od_x1.2,J,mutation,2,12,23,23,187,9.0
J_k9_6od_x1.2,J,mutation,2,13,23,23,191,9.0
J_k9_6od_x1.2,J,mutation,2,14,23,23,181,9.0
J_k9_6od_x1.2,J,mutation,2,15,23,23,177,9.0
J_k9_6od_x1.2,J,mutation,3,1,24,24,196,9.0
J_k9_6od_x1.2,J,mutation,3,2,23,23,182,9.0
J_k9_6od_x1.2,J,mutation,3,3,23,23,187,9.0
J_k9_6od_x1.2,J,mutation,3,4,23,23,182,9.0
J_k9_6od_x1.2,J,mutation,3,5,23,23,189,9.0
J_k9_6od_x1.2,J,mutation,3,6,23,23,181,9.0
J_k9_6od_x1.2,J,mutation,3,7,23,23,180,9.0
J_k9_6od_x1.2,J,mutation,3,8,23,23,183,9.0
J_k9_6od_x1.2,J,mutation,3,9,23,23,181,9.0
J_k9_6od_x1.2,J,mutation,3,10,23,23,179,9.0
J_k9_6od_x1.2,J,mutation,3,11,23,23,191,9.0
J_k9_6od_x1.2,J,mutation,3,12,23,23,188,9.0
J_k9_6od_x1.2,J,mutation,3,13,23,23,178,9.0
J_k9_6od_x1.2,J,mutation,3,14,23,23,180,9.0
J_k9_6od_x1.2,J,mutation,3,15,23,23,186,9.0
J_k9_6od_x1.2,J,mutation,4,1,24,24,197,9.0
J_k9_6od_x1.2,J,mutation,4,2,23,23,187,9.0
J_k9_6od_x1.2,J,mutation,4,3,23,23,181,9.0
J_k9_6od_x1.2,J,mutation,4,4,23,23,188,9.0
J_k9_6od_x1.2,J,mutation,4,5,23,23,176,9.0
J_k9_6od_x1.2,J,mutation,4,6,23,23,184,9.0
J_k9_6od_x1.2,J,mutation,4,7,23,23,187,9.0
J_k9_6od_x1.2,J,mutation,4,8,23,23,175,9.0
J_k9_6od_x1.2,J,mutation,4,9,23,23,187,9.0
J_k9_6od_x1.2,J,mutation,4,10,23,23,180,9.0
J_k9_6od_x1.2,J,mutation,4,11,23,23,175,9.0
J_k9_6od_x1.2,J,mutation,4,12,23,23,182,9.0
J_k9_6od_x1.2,J,mutation,4,13,23,23,183,9.0
J_k9_6od_x1.2,J,mutation,4,14,23,23,187,9.0
J_k9_6od_x1.2,J,mutation,4,15,23,23,179,9.0
J_k9_6od_x1.2,J,mutation,5,1,24,24,199,9.0
J_k9_6od_x1.2,J,mutation,5,2,23,23,185,9.0
J_k9_6od_x1.2,J,mutation,5,3,23,23,187,9.0
J_k9_6od_x1.2,J,mutation,5,4,23,23,185,9.0
J_k9_6od_x1.2,J,mutation,5,5,23,23,184,9.0
J_k9_6od_x1.2,J,mutation,5,6,23,23,190,9.0
J_k9_6od_x1.2,J,mutation,5,7,23,23,187,9.0
J_k9_6od_x1.2,J,mutation,5,8,23,23,185,9.0
J_k9_6od_x1.2,J,mutation,5,9,23,23,183,9.0
J_k9_6od_x1.2,J,mutation,5,10,23,23,186,9.0
J_k9_6od_x1.2,J,mutation,5,11,23,23,178,9.0
J_k9_6od_x1.2,J,mutation,5,12,23,23,183,9.0
J_k9_6od_x1.2,J,mutation,5,13,23,23,181,9.0
J_k9_6od_x1.2,J,mutation,5,14,23,23,185,9.0
J_k9_6od_x1.2,J,mutation,5,15,23,23,185,9.0
J_k9_6od_x1.2,J,mutation,6,1,24,24,198,9.0
J_k9_6od_x1.2,J,mutation,6,2,23,23,183,9.0
J_k9_6od_x1.2,J,mutation,6,3,23,23,179,9.0
J_k9_6od_x1.2,J,mutation,6,4,23,23,186,9.0
J_k9_6od_x1.2,J,mutation,6,5,23,23,195,9.0
J_k9_6od_x1.2,J,mutation,6,6,23,23,183,9.0
J_k9_6od_x1.2,J,mutation,6,7,23,23,193,9.0
J_k9_6od_x1.2,J,mutation,6,8,23,23,177,9.0
J_k9_6od_x1.2,J,mutation,6,9,23,23,182,9.0
J_k9_6od_x1.2,J,mutation,6,10,23,23,171,9.0
J_k9_6od_x1.2,J,mutation,6,11,23,23,184,9.0
J_k9_6od_x1.2,J,mutation,6,12,23,23,184,9.0
J_k9_6od_x1.2,J,mutation,6,13,23,23,177,9.0
J_k9_6od_x1.2,J,mutation,6,14,23,23,181,9.0
J_k9_6od_x1.2,J,mutation,6,15,23,23,184,9.0
J_k9_6od_x1.2,J,mutation,7,1,24,24,199,9.0
J_k9_6od_x1.2,J,mutation,7,2,23,23,186,9.0
J_k9_6od_x1.2,J,mutation,7,3,23,23,175,9.0
J_k9_6od_x1.2,J,mutation,7,4,23,23,189,9.0
J_k9_6od_x1.2,J,mutation,7,5,23,23,182,9.0
J_k9_6od_x1.2,J,mutation,7,6,23,23,187,9.0
J_k9_6od_x1.2,J,mutation,7,7,23,23,188,9.0
J_k9_6od_x1.2,J,mutation,7,8,23,23,186,9.0
J_k9_6od_x1.2,J,mutation,7,9,23,23,184,9.0
J_k9_6od_x1.2,J,mutation,7,10,23,23,185,9.0
J_k9_6od_x1.2,J,mutation,7,11,23,23,179,9.0
J_k9_6od_x1.2,J,mutation,7,12,23,23,182,9.0
J_k9_6od_x1.2,J,mutation,7,13,23,23,184,9.0
J_k9_6od_x1.2,J,mutation,7,14,23,23,183,9.0
J_k9_6od_x1.2,J,mutation,7,15,23,23,188,9.0
J_k9_6od_x1.2,J,mutation,8,1,24,24,203,9.0
J_k9_6od_x1.2,J,mutation,8,2,23,23,182,9.0
J_k9_6od_x1.2,J,mutation,8,3,23,23,184,9.0
J_k9_6od_x1.2,J,mutation,8,4,23,23,185,9.0
J_k9_6od_x1.2,J,mutation,8,5,23,23,184,9.0
J_k9_6od_x1.2,J,mutation,8,6,23,23,184,9.0
J_k9_6od_x1.2,J,mutation,8,7,23,23,187,9.0
J_k9_6od_x1.2,J,mutation,8,8,23,23,185,9.0
J_k9_6od_x1.2,J,mutation,8,9,23,23,182,9.0
J_k9_6od_x1.2,J,mutation,8,10,23,23,183,9.0
J_k9_6od_x1.2,J,mutation,8,11,23,23,181,9.0
J_k9_6od_x1.2,J,mutation,8,12,23,23,187,9.0
J_k9_6od_x1.2,J,mutation,8,13,23,23,175,9.0
J_k9_6od_x1.2,J,mutation,8,14,23,23,180,9.0
J_k9_6od_x1.2,J,mutation,8,15,23,23,185,9.0
J_k9_6od_x1.2,J,mutation,9,1,24,24,202,9.0
J_k9_6od_x1.2,J,mutation,9,2,23,23,188,9.0
J_k9_6od_x1.2,J,mutation,9,3,23,23,181,9.0
J_k9_6od_x1.2,J,mutation,9,4,23,23,184,9.0
J_k9_6od_x1.2,J,mutation,9,5,23,23,188,9.0
J_k9_6od_x1.2,J,mutation,9,6,23,23,185,9.0
J_k9_6od_x1.2,J,mutation,9,7,23,23,180,9.0
J_k9_6od_x1.2,J,mutation,9,8,23,23,188,9.0
J_k9_6od_x1.2,J,mutation,9,9,23,23,184,9.0
J_k9_6od_x1.2,J,mutation,9,10,23,23,178,9.0
J_k9_6od_x1.2,J,mutation,9,11,23,23,183,9.0
J_k9_6od_x1.2,J,mutation,9,12,23,23,180,9.0
J_k9_6od_x1.2,J,mutation,9,13,23,23,187,9.0
J_k9_6od_x1.2,J,mutation,9,14,23,23,187,9.0
J_k9_6od_x1.2,J,mutation,9,15,23,23,182,9.0
J_k9_6od_x1.2,J,none,0,1,24,24,200,9.0
J_k9_6od_x1.2,J,none,0,2,23,23,194,9.0
J_k9_6od_x1.2,J,none,0,3,23,23,198,9.0
J_k9_6od_x1.2,J,none,0,4,23,23,192,9.0
J_k9_6od_x1.2,J,none,0,5,23,23,186,9.0
J_k9_6od_x1.2,J,none,0,6,23,23,190,9.0
J_k9_6od_x1.2,J,none,0,7,23,23,191,9.0
J_k9_6od_x1.2,J,none,0,8,23,23,189,9.0
J_k9_6od_x1.2,J,none,0,9,23,23,183,9.0
J_k9_6od_x1.2,J,none,0,10,23,23,190,9.0
J_k9_6od_x1.2,J,none,0,11,23,23,195,9.0
J_k9_6od_x1.2,J,none,0,12,23,23,193,9.0
J_k9_6od_x1.2,J,none,0,13,23,23,198,9.0
J_k9_6od_x1.2,J,none,0,14,23,23,189,9.0
J_k9_6od_x1.2,J,none,0,15,23,23,194,9.0
J_k9_6od_x1.2,J,none,1,1,24,24,203,9.0
J_k9_6od_x1.2,J,none,1,2,23,23,195,9.0
J_k9_6od_x1.2,J,none,1,3,23,23,190,9.0
J_k9_6od_x1.2,J,none,1,4,23,23,190,9.0
J_k9_6od_x1.2,J,none,1,5,23,23,193,9.0
J_k9_6od_x1.2,J,none,1,6,23,23,199,9.0
J_k9_6od_x1.2,J,none,1,7,23,23,192,9.0
J_k9_6od_x1.2,J,none,1,8,23,23,193,9.0
J_k9_6od_x1.2,J,none,1,9,23,23,199,9.0
J_k9_6od_x1.2,J,none,1,10,23,23,190,9.0
J_k9_6od_x1.2,J,none,1,11,23,23,192,9.0
J_k9_6od_x1.2,J,none,1,12,23,23,187,9.0
J_k9_6od_x1.2,J,none,1,13,23,23,192,9.0
J_k9_6od_x1.2,J,none,1,14,23,23,194,9.0
J_k9_6od_x1.2,J,none,1,15,23,23,196,9.0
J_k9_6od_x1.2,J,none,2,1,24,24,201,9.0
J_k9_6od_x1.2,J,none,2,2,23,23,190,9.0
J_k9_6od_x1.2,J,none,2,3,23,23,188,9.0
J_k9_6od_x1.2,J,none,2,4,23,23,189,9.0
J_k9_6od_x1.2,J,none,2,5,23,23,197,9.0
J_k9_6od_x1.2,J,none,2,6,23,23,190,9.0
J_k9_6od_x1.2,J,none,2,7,23,23,190,9.0
J_k9_6od_x1.2,J,none,2,8,23,23,194,9.0
J_k9_6od_x1.2,J,none,2,9,23,23,196,9.0
J_k9_6od_x1.2,J,none,2,10,23,23,194,9.0
J_k9_6od_x1.2,J,none,2,11,23,23,193,9.0
J_k9_6od_x1.2,J,none,2,12,23,23,190,9.0
J_k9_6od_x1.2,J,none,2,13,23,23,193,9.0
J_k9_6od_x1.2,J,none,2,14,23,23,190,9.0
J_k9_6od_x1.2,J,none,2,15,23,23,198,9.0
J_k9_6od_x1.2,J,none,3,1,24,24,196,9.0
J_k9_6od_x1.2,J,none,3,2,23,23,198,9.0
J_k9_6od_x1.2,J,none,3,3,23,23,192,9.0
J_k9_6od_x1.2,J,none,3,4,23,23,193,9.0
J_k9_6od_x1.2,J,none,3,5,23,23,197,9.0
J_k9_6od_x1.2,J,none,3,6,23,23,191,9.0
J_k9_6od_x1.2,J,none,3,7,23,23,188,9.0
J_k9_6od_x1.2,J,none,3,8,23,23,193,9.0
J_k9_6od_x1.2,J,none,3,9,23,23,190,9.0
J_k9_6od_x1.2,J,none,3,10,23,23,198,9.0
J_k9_6od_x1.2,J,none,3,11,23,23,193,9.0
J_k9_6od_x1.2,J,none,3,12,23,23,191,9.0
J_k9_6od_x1.2,J,none,3,13,23,23,194,9.0
J_k9_6od_x1.2,J,none,3,14,23,23,193,9.0
J_k9_6od_x1.2,J,none,3,15,23,23,192,9.0
J_k9_6od_x1.2,J,none,4,1,24,24,197,9.0
J_k9_6od_x1.2,J,none,4,2,23,23,193,9.0
J_k9_6od_x1.2,J,none,4,3,23,23,190,9.0
J_k9_6od_x1.2,J,none,4,4,23,23,190,9.0
J_k9_6od_x1.2,J,none,4,5,23,23,198,9.0
J_k9_6od_x1.2,J,none,4,6,23,23,192,9.0
J_k9_6od_x1.2,J,none,4,7,23,23,190,9.0
J_k9_6od_x1.2,J,none,4,8,23,23,191,9.0
J_k9_6od_x1.2,J,none,4,9,23,23,195,9.0
J_k9_6od_x1.2,J,none,4,10,23,23,196,9.0
J_k9_6od_x1.2,J,none,4,11,23,23,193,9.0
J_k9_6od_x1.2,J,none,4,12,23,23,190,9.0
J_k9_6od_x1.2,J,none,4,13,23,23,192,9.0
J_k9_6od_x1.2,J,none,4,14,23,23,192,9.0
J_k9_6od_x1.2,J,none,4,15,23,23,194,9.0
J_k9_6od_x1.2,J,none,5,1,24,24,199,9.0
J_k9_6od_x1.2,J,none,5,2,23,23,194,9.0
J_k9_6od_x1.2,J,none,5,3,23,23,189,9.0
J_k9_6od_x1.2,J,none,5,4,23,23,199,9.0
J_k9_6od_x1.2,J,none,5,5,23,23,197,9.0
J_k9_6od_x1.2,J,none,5,6,23,23,194,9.0
J_k9_6od_x1.2,J,none,5,7,23,23,195,9.0
J_k9_6od_x1.2,J,none,5,8,23,23,192,9.0
J_k9_6od_x1.2,J,none,5,9,23,23,200,9.0
J_k9_6od_x1.2,J,none,5,10,23,23,193,9.0
J_k9_6od_x1.2,J,none,5,11,23,23,192,9.0
J_k9_6od_x1.2,J,none,5,12,23,23,195,9.0
J_k9_6od_x1.2,J,none,5,13,23,23,194,9.0
J_k9_6od_x1.2,J,none,5,14,23,23,187,9.0
J_k9_6od_x1.2,J,none,5,15,23,23,183,9.0
J_k9_6od_x1.2,J,none,6,1,24,24,198,9.0
J_k9_6od_x1.2,J,none,6,2,23,23,193,9.0
J_k9_6od_x1.2,J,none,6,3,23,23,189,9.0
J_k9_6od_x1.2,J,none,6,4,23,23,194,9.0
J_k9_6od_x1.2,J,none,6,5,23,23,194,9.0
J_k9_6od_x1.2,J,none,6,6,23,23,200,9.0
J_k9_6od_x1.2,J,none,6,7,23,23,189,9.0
J_k9_6od_x1.2,J,none,6,8,23,23,191,9.0
J_k9_6od_x1.2,J,none,6,9,23,23,200,9.0
J_k9_6od_x1.2,J,none,6,10,23,23,195,9.0
J_k9_6od_x1.2,J,none,6,11,23,23,197,9.0
J_k9_6od_x1.2,J,none,6,12,23,23,187,9.0
J_k9_6od_x1.2,J,none,6,13,23,23,192,9.0
J_k9_6od_x1.2,J,none,6,14,23,23,192,9.0
J_k9_6od_x1.2,J,none,6,15,23,23,192,9.0
J_k9_6od_x1.2,J,none,7,1,24,24,199,9.0
J_k9_6od_x1.2,J,none,7,2,23,23,191,9.0
J_k9_6od_x1.2,J,none,7,3,23,23,196,9.0
J_k9_6od_x1.2,J,none,7,4,23,23,191,9.0
J_k9_6od_x1.2,J,none,7,5,23,23,195,9.0
J_k9_6od_x1.2,J,none,7,6,23,23,199,9.0
J_k9_6od_x1.2,J,none,7,7,23,23,195,9.0
J_k9_6od_x1.2,J,none,7,8,23,23,192,9.0
J_k9_6od_x1.2,J,none,7,9,23,23,191,9.0
J_k9_6od_x1.2,J,none,7,10,23,23,186,9.0
J_k9_6od_x1.2,J,none,7,11,23,23,190,9.0
J_k9_6od_x1.2,J,none,7,12,23,23,195,9.0
J_k9_6od_x1.2,J,none,7,13,23,23,197,9.0
J_k9_6od_x1.2,J,none,7,14,23,23,193,9.0
J_k9_6od_x1.2,J,none,7,15,23,23,191,9.0
J_k9_6od_x1.2,J,none,8,1,24,24,203,9.0
J_k9_6od_x1.2,J,none,8,2,23,23,197,9.0
J_k9_6od_x1.2,J,none,8,3,23,23,198,9.0
J_k9_6od_x1.2,J,none,8,4,23,23,195,9.0
J_k9_6od_x1.2,J,none,8,5,23,23,191,9.0
J_k9_6od_x1.2,J,none,8,6,23,23,194,9.0
J_k9_6od_x1.2,J,none,8,7,23,23,196,9.0
J_k9_6od_x1.2,J,none,8,8,23,23,197,9.0
J_k9_6od_x1.2,J,none,8,9,23,23,194,9.0
J_k9_6od_x1.2,J,none,8,10,23,23,193,9.0
J_k9_6od_x1.2,J,none,8,11,23,23,194,9.0
J_k9_6od_x1.2,J,none,8,12,23,23,194,9.0
J_k9_6od_x1.2,J,none,8,13,23,23,192,9.0
J_k9_6od_x1.2,J,none,8,14,23,23,195,9.0
J_k9_6od_x1.2,J,none,8,15,23,23,200,9.0
J_k9_6od_x1.2,J,none,9,1,24,24,202,9.0
J_k9_6od_x1.2,J,none,9,2,23,23,197,9.0
J_k9_6od_x1.2,J,none,9,3,23,23,195,9.0
J_k9_6od_x1.2,J,none,9,4,23,23,193,9.0
J_k9_6od_x1.2,J,none,9,5,23,23,191,9.0
J_k9_6od_x1.2,J,none,9,6,23,23,192,9.0
J_k9_6od_x1.2,J,none,9,7,23,23,201,9.0
J_k9_6od_x1.2,J,none,9,8,23,23,189,9.0
J_k9_6od_x1.2,J,none,9,9,23,23,200,9.0
J_k9_6od_x1.2,J,none,9,10,23,23,194,9.0
J_k9_6od_x1.2,J,none,9,11,23,23,196,9.0
J_k9_6od_x1.2,J,none,9,12,23,23,187,9.0
J_k9_6od_x1.2,J,none,9,13,23,23,194,9.0
J_k9_6od_x1.2,J,none,9,14,23,23,196,9.0
J_k9_6od_x1.2,J,none,9,15,23,23,194,9.0
