instance_id,source_file,source_path,mode,seed,gen,indiv,run_dir,Arrivals,TTT,ATT,TimeLossSum,WaitingTimeSum,RouteLengthSum,MeanSpeed,Teleports,k_closed,closed_edges,Reason,WallTimeSec,Step,MinExpectedEnd,VaporizedCnt,Demand,Score,is_valid
A_k4_1od_x0.8,seed_best.csv,D:\PSPS\runs_A_k4_1od_x0.8\analysis\seed_best.csv,both,0,5,15,D:\PSPS\runs_A_k4_1od_x0.8\both_seed0\g005_i015,800,178749.0,223.43625,119249.20999999985,88854.0,802883.4900000024,4.491681016397308,,4,"E21,E23,E42,E6",OK,,,,,,,True
A_k4_1od_x0.8,seed_best.csv,D:\PSPS\runs_A_k4_1od_x0.8\analysis\seed_best.csv,both,1,15,9,D:\PSPS\runs_A_k4_1od_x0.8\both_seed1\g015_i009,800,176083.0,220.10375,117717.30000000005,88878.0,789472.540000001,4.48352504216762,,4,"E23,E42,E6,E7",OK,,,,,,,True
A_k4_1od_x0.8,seed_best.csv,D:\PSPS\runs_A_k4_1od_x0.8\analysis\seed_best.csv,both,2,7,5,D:\PSPS\runs_A_k4_1od_x0.8\both_seed2\g007_i005,800,176556.0,220.695,120013.77000000002,92856.0,768024.349999999,4.350032567570624,,4,"E1,E16,E17,E23",OK,,,,,,,True
A_k4_1od_x0.8,seed_best.csv,D:\PSPS\runs_A_k4_1od_x0.8\analysis\seed_best.csv,both,3,11,20,D:\PSPS\runs_A_k4_1od_x0.8\both_seed3\g011_i020,800,180631.0,225.78875,123237.80000000002,93474.0,776740.6200000007,4.300151247571018,,4,"E20,E23,E42,E6",OK,,,,,,,True
A_k4_1od_x0.8,seed_best.csv,D:\PSPS\runs_A_k4_1od_x0.8\analysis\seed_best.csv,both,4,7,21,D:\PSPS\runs_A_k4_1od_x0.8\both_seed4\g007_i021,800,180631.0,225.78875,123237.80000000002,93474.0,776740.6200000007,4.300151247571018,,4,"E15,E23,E42,E6",OK,,,,,,,True
A_k4_1od_x0.8,seed_best.csv,D:\PSPS\runs_A_k4_1od_x0.8\analysis\seed_best.csv,both,5,8,16,D:\PSPS\runs_A_k4_1od_x0.8\both_seed5\g008_i016,800,180882.0,226.1025,122863.09999999998,94077.0,785591.8299999998,4.343117778441193,,4,"E16,E27,E41,E6",OK,,,,,,,True
A_k4_1od_x0.8,seed_best.csv,D:\PSPS\runs_A_k4_1od_x0.8\analysis\seed_best.csv,both,6,7,20,D:\PSPS\runs_A_k4_1od_x0.8\both_seed6\g007_i020,800,177386.0,221.7325,119085.48999999996,90682.0,789612.1799999994,4.451378237290425,,4,"E16,E41,E42,E6",OK,,,,,,,True
A_k4_1od_x0.8,seed_best.csv,D:\PSPS\runs_A_k4_1od_x0.8\analysis\seed_best.csv,both,7,7,7,D:\PSPS\runs_A_k4_1od_x0.8\both_seed7\g007_i007,800,182745.0,228.43125,125673.41000000005,98054.0,774947.3600000002,4.240594051820844,,4,"E1,E16,E17,E20",OK,,,,,,,True
A_k4_1od_x0.8,seed_best.csv,D:\PSPS\runs_A_k4_1od_x0.8\analysis\seed_best.csv,both,8,8,9,D:\PSPS\runs_A_k4_1od_x0.8\both_seed8\g008_i009,800,180631.0,225.78875,123237.80000000002,93474.0,776740.6200000007,4.300151247571018,,4,"E11,E23,E42,E6",OK,,,,,,,True
A_k4_1od_x0.8,seed_best.csv,D:\PSPS\runs_A_k4_1od_x0.8\analysis\seed_best.csv,both,9,14,9,D:\PSPS\runs_A_k4_1od_x0.8\both_seed9\g014_i009,800,172424.0,215.53,113596.78999999998,85931.0,796268.4200000024,4.618083445460043,,4,"E14,E15,E42,E6",OK,,,,,,,True
A_k4_1od_x0.8,seed_best.csv,D:\PSPS\runs_A_k4_1od_x0.8\analysis\seed_best.csv,init,0,11,20,D:\PSPS\runs_A_k4_1od_x0.8\init_seed0\g011_i020,800,177783.0,222.22875,119629.8,91497.0,788287.7600000001,4.433988401590704,,4,"E12,E14,E41,E6",OK,,,,,,,True
A_k4_1od_x0.8,seed_best.csv,D:\PSPS\runs_A_k4_1od_x0.8\analysis\seed_best.csv,init,1,14,22,D:\PSPS\runs_A_k4_1od_x0.8\init_seed1\g014_i022,800,177386.0,221.7325,119085.48999999996,90682.0,789612.1799999994,4.451378237290425,,4,"E16,E41,E42,E6",OK,,,,,,,True
A_k4_1od_x0.8,seed_best.csv,D:\PSPS\runs_A_k4_1od_x0.8\analysis\seed_best.csv,init,2,3,14,D:\PSPS\runs_A_k4_1od_x0.8\init_seed2\g003_i014,800,183398.0,229.2475,125985.2,96916.0,779104.1100000012,4.24816033980742,,4,"E15,E16,E17,E3",OK,,,,,,,True
A_k4_1od_x0.8,seed_best.csv,D:\PSPS\runs_A_k4_1od_x0.8\analysis\seed_best.csv,init,3,7,21,D:\PSPS\runs_A_k4_1od_x0.8\init_seed3\g007_i021,800,182861.0,228.57625,125327.48000000008,96080.0,780292.8700000002,4.267136622899362,,4,"E14,E17,E41,E6",OK,,,,,,,True
A_k4_1od_x0.8,seed_best.csv,D:\PSPS\runs_A_k4_1od_x0.8\analysis\seed_best.csv,init,4,14,19,D:\PSPS\runs_A_k4_1od_x0.8\init_seed4\g014_i019,800,183206.0,229.0075,127112.78000000004,98868.0,762982.049999999,4.164612785607453,,4,"E14,E15,E17,E41",OK,,,,,,,True
A_k4_1od_x0.8,seed_best.csv,D:\PSPS\runs_A_k4_1od_x0.8\analysis\seed_best.csv,init,5,2,9,D:\PSPS\runs_A_k4_1od_x0.8\init_seed5\g002_i009,800,177783.0,222.22875,119629.8,91497.0,788287.7600000001,4.433988401590704,,4,"E12,E14,E41,E6",OK,,,,,,,True
A_k4_1od_x0.8,seed_best.csv,D:\PSPS\runs_A_k4_1od_x0.8\analysis\seed_best.csv,init,6,11,6,D:\PSPS\runs_A_k4_1od_x0.8\init_seed6\g011_i006,800,180631.0,225.78875,123237.80000000002,93474.0,776740.6200000007,4.300151247571018,,4,"E23,E3,E42,E6",OK,,,,,,,True
A_k4_1od_x0.8,seed_best.csv,D:\PSPS\runs_A_k4_1od_x0.8\analysis\seed_best.csv,init,7,13,11,D:\PSPS\runs_A_k4_1od_x0.8\init_seed7\g013_i011,800,180631.0,225.78875,123237.80000000002,93474.0,776740.6200000007,4.300151247571018,,4,"E23,E3,E42,E6",OK,,,,,,,True
A_k4_1od_x0.8,seed_best.csv,D:\PSPS\runs_A_k4_1od_x0.8\analysis\seed_best.csv,init,8,4,4,D:\PSPS\runs_A_k4_1od_x0.8\init_seed8\g004_i004,800,178749.0,223.43625,119249.20999999985,88854.0,802883.4900000024,4.491681016397308,,4,"E21,E23,E42,E6",OK,,,,,,,True
A_k4_1od_x0.8,seed_best.csv,D:\PSPS\runs_A_k4_1od_x0.8\analysis\seed_best.csv,init,9,13,4,D:\PSPS\runs_A_k4_1od_x0.8\init_seed9\g013_i004,800,177783.0,222.22875,119629.8,91497.0,788287.7600000001,4.433988401590704,,4,"E12,E14,E41,E6",OK,,,,,,,True
A_k4_1od_x0.8,seed_best.csv,D:\PSPS\runs_A_k4_1od_x0.8\analysis\seed_best.csv,mutation,0,11,12,D:\PSPS\runs_A_k4_1od_x0.8\mutation_seed0\g011_i012,800,176083.0,220.10375,117717.30000000005,88878.0,789472.540000001,4.48352504216762,,4,"E23,E42,E6,E7",OK,,,,,,,True
A_k4_1od_x0.8,seed_best.csv,D:\PSPS\runs_A_k4_1od_x0.8\analysis\seed_best.csv,mutation,1,9,22,D:\PSPS\runs_A_k4_1od_x0.8\mutation_seed1\g009_i022,800,172424.0,215.53,113596.78999999998,85931.0,796268.4200000024,4.618083445460043,,4,"E14,E15,E42,E6",OK,,,,,,,True
A_k4_1od_x0.8,seed_best.csv,D:\PSPS\runs_A_k4_1od_x0.8\analysis\seed_best.csv,mutation,2,3,12,D:\PSPS\runs_A_k4_1od_x0.8\mutation_seed2\g003_i012,800,181703.0,227.12875,124474.13000000008,94043.0,774554.9300000016,4.262752568752314,,4,"E23,E33,E41,E6",OK,,,,,,,True
A_k4_1od_x0.8,seed_best.csv,D:\PSPS\runs_A_k4_1od_x0.8\analysis\seed_best.csv,mutation,3,5,14,D:\PSPS\runs_A_k4_1od_x0.8\mutation_seed3\g005_i014,800,177071.0,221.33875,118443.72999999998,90471.0,794504.3000000007,4.486925018777782,,4,"E16,E30,E42,E6",OK,,,,,,,True
A_k4_1od_x0.8,seed_best.csv,D:\PSPS\runs_A_k4_1od_x0.8\analysis\seed_best.csv,mutation,4,12,12,D:\PSPS\runs_A_k4_1od_x0.8\mutation_seed4\g012_i012,800,176556.0,220.695,120013.77000000002,92856.0,768024.349999999,4.350032567570624,,4,"E1,E16,E17,E23",OK,,,,,,,True
A_k4_1od_x0.8,seed_best.csv,D:\PSPS\runs_A_k4_1od_x0.8\analysis\seed_best.csv,mutation,5,15,5,D:\PSPS\runs_A_k4_1od_x0.8\mutation_seed5\g015_i005,800,180757.0,225.94625,122845.36999999994,92983.0,783994.2100000002,4.337282705510714,,4,"E23,E38,E42,E6",OK,,,,,,,True
A_k4_1od_x0.8,seed_best.csv,D:\PSPS\runs_A_k4_1od_x0.8\analysis\seed_best.csv,mutation,6,9,10,D:\PSPS\runs_A_k4_1od_x0.8\mutation_seed6\g009_i010,800,179877.0,224.84625,123833.5500000002,94558.0,761832.1199999999,4.235294784769592,,4,"E16,E17,E38,E5",OK,,,,,,,True
A_k4_1od_x0.8,seed_best.csv,D:\PSPS\runs_A_k4_1od_x0.8\analysis\seed_best.csv,mutation,7,10,16,D:\PSPS\runs_A_k4_1od_x0.8\mutation_seed7\g010_i016,800,174851.0,218.56375,116893.74999999996,88948.0,785614.0200000007,4.4930484812783495,,4,"E16,E41,E6,E8",OK,,,,,,,True
A_k4_1od_x0.8,seed_best.csv,D:\PSPS\runs_A_k4_1od_x0.8\analysis\seed_best.csv,mutation,8,10,18,D:\PSPS\runs_A_k4_1od_x0.8\mutation_seed8\g010_i018,800,177783.0,222.22875,119629.8,91497.0,788287.7600000001,4.433988401590704,,4,"E12,E14,E41,E6",OK,,,,,,,True
A_k4_1od_x0.8,seed_best.csv,D:\PSPS\runs_A_k4_1od_x0.8\analysis\seed_best.csv,mutation,9,2,12,D:\PSPS\runs_A_k4_1od_x0.8\mutation_seed9\g002_i012,800,179127.0,223.90875,122157.26999999986,92709.0,770678.4199999989,4.302413483171152,,4,"E19,E23,E41,E6",OK,,,,,,,True
A_k4_1od_x0.8,seed_best.csv,D:\PSPS\runs_A_k4_1od_x0.8\analysis\seed_best.csv,none,0,11,6,D:\PSPS\runs_A_k4_1od_x0.8\none_seed0\g011_i006,800,172424.0,215.53,113596.78999999998,85931.0,796268.4200000024,4.618083445460043,,4,"E14,E15,E42,E6",OK,,,,,,,True
A_k4_1od_x0.8,seed_best.csv,D:\PSPS\runs_A_k4_1od_x0.8\analysis\seed_best.csv,none,1,14,7,D:\PSPS\runs_A_k4_1od_x0.8\none_seed1\g014_i007,800,177386.0,221.7325,119085.48999999996,90682.0,789612.1799999994,4.451378237290425,,4,"E16,E41,E42,E6",OK,,,,,,,True
A_k4_1od_x0.8,seed_best.csv,D:\PSPS\runs_A_k4_1od_x0.8\analysis\seed_best.csv,none,2,8,11,D:\PSPS\runs_A_k4_1od_x0.8\none_seed2\g008_i011,800,179590.0,224.4875,120392.63000000003,90513.0,799673.9800000046,4.45277565566014,,4,"E14,E33,E42,E6",OK,,,,,,,True
A_k4_1od_x0.8,seed_best.csv,D:\PSPS\runs_A_k4_1od_x0.8\analysis\seed_best.csv,none,3,5,13,D:\PSPS\runs_A_k4_1od_x0.8\none_seed3\g005_i013,800,181375.0,226.71875,123359.54000000008,93742.0,784813.9800000008,4.327024011026882,,4,"E16,E21,E41,E5",OK,,,,,,,True
A_k4_1od_x0.8,seed_best.csv,D:\PSPS\runs_A_k4_1od_x0.8\analysis\seed_best.csv,none,4,12,1,D:\PSPS\runs_A_k4_1od_x0.8\none_seed4\g012_i001,800,177292.0,221.615,118631.1,90145.0,793389.4500000012,4.475043713196316,,4,"E16,E21,E36,E41",OK,,,,,,,True
A_k4_1od_x0.8,seed_best.csv,D:\PSPS\runs_A_k4_1od_x0.8\analysis\seed_best.csv,none,5,11,10,D:\PSPS\runs_A_k4_1od_x0.8\none_seed5\g011_i010,800,182516.0,228.145,125785.69999999995,97261.0,771054.4700000009,4.224585625369835,,4,"E1,E16,E17,E32",OK,,,,,,,True
A_k4_1od_x0.8,seed_best.csv,D:\PSPS\runs_A_k4_1od_x0.8\analysis\seed_best.csv,none,6,8,11,D:\PSPS\runs_A_k4_1od_x0.8\none_seed6\g008_i011,800,182661.0,228.32625,127114.85999999991,99643.0,755762.9300000002,4.137516656538616,,4,"E11,E14,E17,E32",OK,,,,,,,True
A_k4_1od_x0.8,seed_best.csv,D:\PSPS\runs_A_k4_1od_x0.8\analysis\seed_best.csv,none,7,7,12,D:\PSPS\runs_A_k4_1od_x0.8\none_seed7\g007_i012,800,177589.0,221.98625,119760.30999999994,90451.0,782984.3199999991,4.4089685735039845,,4,"E23,E41,E42,E6",OK,,,,,,,True
A_k4_1od_x0.8,seed_best.csv,D:\PSPS\runs_A_k4_1od_x0.8\analysis\seed_best.csv,none,8,6,10,D:\PSPS\runs_A_k4_1od_x0.8\none_seed8\g006_i010,800,183438.0,229.2975,127152.04000000008,98025.0,765147.0700000003,4.171148126342417,,4,"E11,E16,E32,E33",OK,,,,,,,True
A_k4_1od_x0.8,seed_best.csv,D:\PSPS\runs_A_k4_1od_x0.8\analysis\seed_best.csv,none,9,9,3,D:\PSPS\runs_A_k4_1od_x0.8\none_seed9\g009_i003,800,182245.0,227.80625,124247.2699999999,95648.0,784729.5600000016,4.305904469258424,,4,"E11,E16,E41,E6",OK,,,,,,,True
A_k4_1od_x1.0,seed_best.csv,D:\PSPS\runs_A_k4_1od_x1.0\analysis\seed_best.csv,both,0,7,4,D:\PSPS\runs_A_k4_1od_x1.0\both_seed0\g007_i004,1000,258046.0,258.046,184895.2500000001,140676.0,986054.5699999982,3.8212356324066175,,4,"E23,E27,E42,E6",OK,,,,,,,True
A_k4_1od_x1.0,seed_best.csv,D:\PSPS\runs_A_k4_1od_x1.0\analysis\seed_best.csv,both,1,2,20,D:\PSPS\runs_A_k4_1od_x1.0\both_seed1\g002_i020,1000,273261.0,273.261,198675.98000000007,155009.0,1004145.390000001,3.674675090847216,,4,"E14,E16,E21,E42",OK,,,,,,,True
A_k4_1od_x1.0,seed_best.csv,D:\PSPS\runs_A_k4_1od_x1.0\analysis\seed_best.csv,both,2,5,5,D:\PSPS\runs_A_k4_1od_x1.0\both_seed2\g005_i005,1000,266637.0,266.637,193990.99000000005,150187.0,980783.4099999958,3.6783470036041352,,4,"E27,E42,E5,E6",OK,,,,,,,True
A_k4_1od_x1.0,seed_best.csv,D:\PSPS\runs_A_k4_1od_x1.0\analysis\seed_best.csv,both,3,8,1,D:\PSPS\runs_A_k4_1od_x1.0\both_seed3\g008_i001,1000,267196.0,267.196,195309.37999999983,153303.0,973997.589999999,3.645255131064833,,4,"E16,E17,E18,E27",OK,,,,,,,True
A_k4_1od_x1.0,seed_best.csv,D:\PSPS\runs_A_k4_1od_x1.0\analysis\seed_best.csv,both,4,3,15,D:\PSPS\runs_A_k4_1od_x1.0\both_seed4\g003_i015,1000,274341.0,274.341,199989.88,155775.0,1001522.3300000016,3.650647661122477,,4,"E14,E21,E3,E5",OK,,,,,,,True
A_k4_1od_x1.0,seed_best.csv,D:\PSPS\runs_A_k4_1od_x1.0\analysis\seed_best.csv,both,5,13,19,D:\PSPS\runs_A_k4_1od_x1.0\both_seed5\g013_i019,1000,258046.0,258.046,184895.2500000001,140676.0,986054.5699999982,3.8212356324066175,,4,"E23,E27,E42,E6",OK,,,,,,,True
A_k4_1od_x1.0,seed_best.csv,D:\PSPS\runs_A_k4_1od_x1.0\analysis\seed_best.csv,both,6,11,23,D:\PSPS\runs_A_k4_1od_x1.0\both_seed6\g011_i023,1000,270478.0,270.478,198536.22999999995,156897.0,972560.4999999994,3.5957101871501544,,4,"E16,E33,E37,E42",OK,,,,,,,True
A_k4_1od_x1.0,seed_best.csv,D:\PSPS\runs_A_k4_1od_x1.0\analysis\seed_best.csv,both,7,15,17,D:\PSPS\runs_A_k4_1od_x1.0\both_seed7\g015_i017,1000,252580.0,252.58,178463.66000000018,135552.0,998455.0400000006,3.9530249425924486,,4,"E23,E41,E42,E6",OK,,,,,,,True
A_k4_1od_x1.0,seed_best.csv,D:\PSPS\runs_A_k4_1od_x1.0\analysis\seed_best.csv,both,8,14,22,D:\PSPS\runs_A_k4_1od_x1.0\both_seed8\g014_i022,1000,261567.0,261.567,189963.15,148120.0,967924.0500000016,3.700482285609429,,4,"E1,E23,E33,E42",OK,,,,,,,True
A_k4_1od_x1.0,seed_best.csv,D:\PSPS\runs_A_k4_1od_x1.0\analysis\seed_best.csv,both,9,11,7,D:\PSPS\runs_A_k4_1od_x1.0\both_seed9\g011_i007,1000,266551.0,266.551,191740.68000000008,147199.0,1006876.1900000004,3.77742417023384,,4,"E16,E21,E42,E5",OK,,,,,,,True
A_k4_1od_x1.0,seed_best.csv,D:\PSPS\runs_A_k4_1od_x1.0\analysis\seed_best.csv,init,0,7,12,D:\PSPS\runs_A_k4_1od_x1.0\init_seed0\g007_i012,1000,258046.0,258.046,184895.2500000001,140676.0,986054.5699999982,3.8212356324066175,,4,"E23,E27,E42,E6",OK,,,,,,,True
A_k4_1od_x1.0,seed_best.csv,D:\PSPS\runs_A_k4_1od_x1.0\analysis\seed_best.csv,init,1,14,1,D:\PSPS\runs_A_k4_1od_x1.0\init_seed1\g014_i001,1000,270338.0,270.338,198965.00999999983,154225.0,964841.1700000016,3.569017933105969,,4,"E23,E33,E38,E41",OK,,,,,,,True
A_k4_1od_x1.0,seed_best.csv,D:\PSPS\runs_A_k4_1od_x1.0\analysis\seed_best.csv,init,2,14,22,D:\PSPS\runs_A_k4_1od_x1.0\init_seed2\g014_i022,1000,254925.0,254.925,183922.25000000003,140350.0,961776.6400000022,3.772782740021584,,4,"E11,E23,E32,E33",OK,,,,,,,True
A_k4_1od_x1.0,seed_best.csv,D:\PSPS\runs_A_k4_1od_x1.0\analysis\seed_best.csv,init,3,13,13,D:\PSPS\runs_A_k4_1od_x1.0\init_seed3\g013_i013,1000,267601.0,267.601,196183.8,152444.0,965379.130000001,3.607531847788316,,4,"E18,E23,E33,E41",OK,,,,,,,True
A_k4_1od_x1.0,seed_best.csv,D:\PSPS\runs_A_k4_1od_x1.0\analysis\seed_best.csv,init,4,15,20,D:\PSPS\runs_A_k4_1od_x1.0\init_seed4\g015_i020,1000,263536.0,263.536,189312.5400000001,145398.0,998765.3499999972,3.789863054762906,,4,"E23,E36,E42,E6",OK,,,,,,,True
A_k4_1od_x1.0,seed_best.csv,D:\PSPS\runs_A_k4_1od_x1.0\analysis\seed_best.csv,init,5,13,18,D:\PSPS\runs_A_k4_1od_x1.0\init_seed5\g013_i018,1000,265638.0,265.638,190232.16000000003,147521.0,1015314.8500000022,3.822174726507511,,4,"E14,E36,E42,E6",OK,,,,,,,True
A_k4_1od_x1.0,seed_best.csv,D:\PSPS\runs_A_k4_1od_x1.0\analysis\seed_best.csv,init,6,3,13,D:\PSPS\runs_A_k4_1od_x1.0\init_seed6\g003_i013,1000,273932.0,273.932,200999.94999999984,157499.0,984646.399999997,3.594492063723833,,4,"E12,E13,E33,E8",OK,,,,,,,True
A_k4_1od_x1.0,seed_best.csv,D:\PSPS\runs_A_k4_1od_x1.0\analysis\seed_best.csv,init,7,10,5,D:\PSPS\runs_A_k4_1od_x1.0\init_seed7\g010_i005,1000,261567.0,261.567,189963.15,148120.0,967924.0500000016,3.700482285609429,,4,"E1,E23,E33,E42",OK,,,,,,,True
A_k4_1od_x1.0,seed_best.csv,D:\PSPS\runs_A_k4_1od_x1.0\analysis\seed_best.csv,init,8,3,12,D:\PSPS\runs_A_k4_1od_x1.0\init_seed8\g003_i012,1000,267997.0,267.997,195103.5399999999,154359.0,983831.4599999991,3.6710540043358666,,4,"E14,E20,E42,E7",OK,,,,,,,True
A_k4_1od_x1.0,seed_best.csv,D:\PSPS\runs_A_k4_1od_x1.0\analysis\seed_best.csv,init,9,13,6,D:\PSPS\runs_A_k4_1od_x1.0\init_seed9\g013_i006,1000,274956.0,274.956,201952.49,158420.0,985183.4599999994,3.5830585984666614,,4,"E30,E32,E39,E42",OK,,,,,,,True
A_k4_1od_x1.0,seed_best.csv,D:\PSPS\runs_A_k4_1od_x1.0\analysis\seed_best.csv,mutation,0,7,15,D:\PSPS\runs_A_k4_1od_x1.0\mutation_seed0\g007_i015,1000,270506.0,270.506,198263.0499999998,154980.0,978329.6899999982,3.6166653974403458,,4,"E14,E16,E17,E41",OK,,,,,,,True
A_k4_1od_x1.0,seed_best.csv,D:\PSPS\runs_A_k4_1od_x1.0\analysis\seed_best.csv,mutation,1,14,1,D:\PSPS\runs_A_k4_1od_x1.0\mutation_seed1\g014_i001,1000,271774.0,271.774,198499.73,153672.0,988624.7699999968,3.637672367481793,,4,"E32,E41,E42,E6",OK,,,,,,,True
A_k4_1od_x1.0,seed_best.csv,D:\PSPS\runs_A_k4_1od_x1.0\analysis\seed_best.csv,mutation,2,4,8,D:\PSPS\runs_A_k4_1od_x1.0\mutation_seed2\g004_i008,1000,269221.0,269.221,198345.9500000002,155712.0,960720.4099999958,3.568519580567622,,4,"E12,E23,E41,E5",OK,,,,,,,True
A_k4_1od_x1.0,seed_best.csv,D:\PSPS\runs_A_k4_1od_x1.0\analysis\seed_best.csv,mutation,3,1,2,D:\PSPS\runs_A_k4_1od_x1.0\mutation_seed3\g001_i002,1000,266551.0,266.551,191740.68000000008,147199.0,1006876.1900000004,3.77742417023384,,4,"E16,E21,E42,E5",OK,,,,,,,True
A_k4_1od_x1.0,seed_best.csv,D:\PSPS\runs_A_k4_1od_x1.0\analysis\seed_best.csv,mutation,4,12,15,D:\PSPS\runs_A_k4_1od_x1.0\mutation_seed4\g012_i015,1000,273185.0,273.185,201130.06000000008,158270.0,974174.0599999992,3.5659866390907227,,4,"E30,E5,E6,E8",OK,,,,,,,True
A_k4_1od_x1.0,seed_best.csv,D:\PSPS\runs_A_k4_1od_x1.0\analysis\seed_best.csv,mutation,5,11,14,D:\PSPS\runs_A_k4_1od_x1.0\mutation_seed5\g011_i014,1000,264904.0,264.904,190908.4299999999,148711.0,999728.1199999992,3.773926101531117,,4,"E12,E16,E41,E6",OK,,,,,,,True
A_k4_1od_x1.0,seed_best.csv,D:\PSPS\runs_A_k4_1od_x1.0\analysis\seed_best.csv,mutation,6,8,19,D:\PSPS\runs_A_k4_1od_x1.0\mutation_seed6\g008_i019,1000,261808.0,261.808,190493.1499999997,147604.0,964231.5699999996,3.682972139888772,,4,"E15,E33,E38,E41",OK,,,,,,,True
A_k4_1od_x1.0,seed_best.csv,D:\PSPS\runs_A_k4_1od_x1.0\analysis\seed_best.csv,mutation,7,3,1,D:\PSPS\runs_A_k4_1od_x1.0\mutation_seed7\g003_i001,1000,267196.0,267.196,195309.37999999983,153303.0,973997.589999999,3.645255131064833,,4,"E16,E17,E19,E27",OK,,,,,,,True
A_k4_1od_x1.0,seed_best.csv,D:\PSPS\runs_A_k4_1od_x1.0\analysis\seed_best.csv,mutation,8,12,16,D:\PSPS\runs_A_k4_1od_x1.0\mutation_seed8\g012_i016,1000,273328.0,273.328,201754.67999999988,158190.0,968860.7699999992,3.54468173769244,,4,"E12,E38,E39,E41",OK,,,,,,,True
A_k4_1od_x1.0,seed_best.csv,D:\PSPS\runs_A_k4_1od_x1.0\analysis\seed_best.csv,mutation,9,10,12,D:\PSPS\runs_A_k4_1od_x1.0\mutation_seed9\g010_i012,1000,264904.0,264.904,190908.4299999999,148711.0,999728.1199999992,3.773926101531117,,4,"E12,E16,E41,E6",OK,,,,,,,True
A_k4_1od_x1.0,seed_best.csv,D:\PSPS\runs_A_k4_1od_x1.0\analysis\seed_best.csv,none,0,15,4,D:\PSPS\runs_A_k4_1od_x1.0\none_seed0\g015_i004,1000,272822.0,272.822,201394.10999999967,156753.0,965705.5200000026,3.5396907873998527,,4,"E1,E18,E23,E42",OK,,,,,,,True
A_k4_1od_x1.0,seed_best.csv,D:\PSPS\runs_A_k4_1od_x1.0\analysis\seed_best.csv,none,1,10,1,D:\PSPS\runs_A_k4_1od_x1.0\none_seed1\g010_i001,1000,267710.0,267.71,194668.1600000001,151837.0,987250.6999999956,3.687761757125231,,4,"E12,E20,E38,E42",OK,,,,,,,True
A_k4_1od_x1.0,seed_best.csv,D:\PSPS\runs_A_k4_1od_x1.0\analysis\seed_best.csv,none,2,10,18,D:\PSPS\runs_A_k4_1od_x1.0\none_seed2\g010_i018,1000,268593.0,268.593,197285.85000000003,153336.0,964179.0900000002,3.589740201717841,,4,"E23,E33,E39,E8",OK,,,,,,,True
A_k4_1od_x1.0,seed_best.csv,D:\PSPS\runs_A_k4_1od_x1.0\analysis\seed_best.csv,none,3,1,2,D:\PSPS\runs_A_k4_1od_x1.0\none_seed3\g001_i002,1000,266551.0,266.551,191740.68000000008,147199.0,1006876.1900000004,3.77742417023384,,4,"E16,E21,E42,E5",OK,,,,,,,True
A_k4_1od_x1.0,seed_best.csv,D:\PSPS\runs_A_k4_1od_x1.0\analysis\seed_best.csv,none,4,9,9,D:\PSPS\runs_A_k4_1od_x1.0\none_seed4\g009_i009,1000,271075.0,271.075,197407.87000000005,154979.0,995654.429999998,3.672985077930455,,4,"E12,E23,E4,E42",OK,,,,,,,True
A_k4_1od_x1.0,seed_best.csv,D:\PSPS\runs_A_k4_1od_x1.0\analysis\seed_best.csv,none,5,11,10,D:\PSPS\runs_A_k4_1od_x1.0\none_seed5\g011_i010,1000,267710.0,267.71,194668.1600000001,151837.0,987250.6999999956,3.687761757125231,,4,"E12,E20,E38,E42",OK,,,,,,,True
A_k4_1od_x1.0,seed_best.csv,D:\PSPS\runs_A_k4_1od_x1.0\analysis\seed_best.csv,none,6,5,20,D:\PSPS\runs_A_k4_1od_x1.0\none_seed6\g005_i020,1000,268257.0,268.257,197344.54999999976,154680.0,959345.9800000002,3.5762197444987462,,4,"E1,E23,E3,E41",OK,,,,,,,True
A_k4_1od_x1.0,seed_best.csv,D:\PSPS\runs_A_k4_1od_x1.0\analysis\seed_best.csv,none,7,12,17,D:\PSPS\runs_A_k4_1od_x1.0\none_seed7\g012_i017,1000,272302.0,272.302,198642.4799999997,153197.0,994942.5499999976,3.653820206976069,,4,"E12,E23,E38,E6",OK,,,,,,,True
A_k4_1od_x1.0,seed_best.csv,D:\PSPS\runs_A_k4_1od_x1.0\analysis\seed_best.csv,none,8,14,20,D:\PSPS\runs_A_k4_1od_x1.0\none_seed8\g014_i020,1000,263125.0,263.125,188157.7000000004,145201.0,1010917.6400000034,3.841967277909752,,4,"E11,E14,E42,E6",OK,,,,,,,True
A_k4_1od_x1.0,seed_best.csv,D:\PSPS\runs_A_k4_1od_x1.0\analysis\seed_best.csv,none,9,8,5,D:\PSPS\runs_A_k4_1od_x1.0\none_seed9\g008_i005,1000,270247.0,270.247,199287.47,156262.0,959891.9499999996,3.551906034109535,,4,"E1,E15,E23,E41",OK,,,,,,,True
A_k4_2od_x0.8,seed_best.csv,D:\PSPS\runs_A_k4_2od_x0.8\analysis\seed_best.csv,both,0,13,7,D:\PSPS\runs_A_k4_2od_x0.8\both_seed0\g013_i007,800,156682.0,195.8525,98939.13999999993,73711.0,780988.1699999977,4.984543023448754,,4,"E14,E27,E42,E6",OK,,,,,,,True
A_k4_2od_x0.8,seed_best.csv,D:\PSPS\runs_A_k4_2od_x0.8\analysis\seed_best.csv,both,1,11,11,D:\PSPS\runs_A_k4_2od_x0.8\both_seed1\g011_i011,800,156305.0,195.38125,101177.72,76387.0,747738.2599999964,4.783840951984878,,4,"E1,E23,E27,E42",OK,,,,,,,True
A_k4_2od_x0.8,seed_best.csv,D:\PSPS\runs_A_k4_2od_x0.8\analysis\seed_best.csv,both,2,1,11,D:\PSPS\runs_A_k4_2od_x0.8\both_seed2\g001_i011,800,157697.0,197.12125,101989.59000000004,76792.0,755074.7999999954,4.788136743248098,,4,"E11,E12,E27,E42",OK,,,,,,,True
A_k4_2od_x0.8,seed_best.csv,D:\PSPS\runs_A_k4_2od_x0.8\analysis\seed_best.csv,both,3,10,21,D:\PSPS\runs_A_k4_2od_x0.8\both_seed3\g010_i021,800,158635.0,198.29375,103271.41000000012,77347.0,750379.1699999956,4.7302245406120695,,4,"E27,E30,E35,E42",OK,,,,,,,True
A_k4_2od_x0.8,seed_best.csv,D:\PSPS\runs_A_k4_2od_x0.8\analysis\seed_best.csv,both,4,10,11,D:\PSPS\runs_A_k4_2od_x0.8\both_seed4\g010_i011,800,157835.0,197.29375,102461.02999999993,76958.0,751020.4999999944,4.758263376310669,,4,"E12,E27,E42,E5",OK,,,,,,,True
A_k4_2od_x0.8,seed_best.csv,D:\PSPS\runs_A_k4_2od_x0.8\analysis\seed_best.csv,both,5,6,7,D:\PSPS\runs_A_k4_2od_x0.8\both_seed5\g006_i007,800,156915.0,196.14375,99467.99999999994,74608.0,777559.999999997,4.955294267597087,,4,"E16,E27,E42,E6",OK,,,,,,,True
A_k4_2od_x0.8,seed_best.csv,D:\PSPS\runs_A_k4_2od_x0.8\analysis\seed_best.csv,both,6,6,2,D:\PSPS\runs_A_k4_2od_x0.8\both_seed6\g006_i002,800,158947.0,198.68375,103497.29000000008,78076.0,751926.6599999968,4.730675382360137,,4,"E27,E36,E37,E42",OK,,,,,,,True
A_k4_2od_x0.8,seed_best.csv,D:\PSPS\runs_A_k4_2od_x0.8\analysis\seed_best.csv,both,7,13,16,D:\PSPS\runs_A_k4_2od_x0.8\both_seed7\g013_i016,800,157327.0,196.65875,101850.52000000014,76348.0,752443.2399999955,4.782670743101918,,4,"E23,E27,E38,E42",OK,,,,,,,True
A_k4_2od_x0.8,seed_best.csv,D:\PSPS\runs_A_k4_2od_x0.8\analysis\seed_best.csv,both,8,8,15,D:\PSPS\runs_A_k4_2od_x0.8\both_seed8\g008_i015,800,155011.0,193.76375,98566.26999999996,74194.0,764679.7599999957,4.93306771777484,,4,"E16,E27,E42,E8",OK,,,,,,,True
A_k4_2od_x0.8,seed_best.csv,D:\PSPS\runs_A_k4_2od_x0.8\analysis\seed_best.csv,both,9,14,11,D:\PSPS\runs_A_k4_2od_x0.8\both_seed9\g014_i011,800,157981.0,197.47625,102471.15000000002,77277.0,752670.0199999957,4.764307226818388,,4,"E27,E37,E42,E5",OK,,,,,,,True
A_k4_2od_x0.8,seed_best.csv,D:\PSPS\runs_A_k4_2od_x0.8\analysis\seed_best.csv,init,0,10,6,D:\PSPS\runs_A_k4_2od_x0.8\init_seed0\g010_i006,800,155011.0,193.76375,98566.26999999996,74194.0,764679.7599999957,4.93306771777484,,4,"E16,E27,E42,E8",OK,,,,,,,True
A_k4_2od_x0.8,seed_best.csv,D:\PSPS\runs_A_k4_2od_x0.8\analysis\seed_best.csv,init,1,13,15,D:\PSPS\runs_A_k4_2od_x0.8\init_seed1\g013_i015,800,155011.0,193.76375,98566.26999999996,74194.0,764679.7599999957,4.93306771777484,,4,"E16,E27,E42,E8",OK,,,,,,,True
A_k4_2od_x0.8,seed_best.csv,D:\PSPS\runs_A_k4_2od_x0.8\analysis\seed_best.csv,init,2,1,11,D:\PSPS\runs_A_k4_2od_x0.8\init_seed2\g001_i011,800,157697.0,197.12125,101989.59000000004,76792.0,755074.7999999954,4.788136743248098,,4,"E11,E12,E27,E42",OK,,,,,,,True
A_k4_2od_x0.8,seed_best.csv,D:\PSPS\runs_A_k4_2od_x0.8\analysis\seed_best.csv,init,3,6,9,D:\PSPS\runs_A_k4_2od_x0.8\init_seed3\g006_i009,800,158635.0,198.29375,103271.41000000012,77347.0,750379.1699999956,4.7302245406120695,,4,"E27,E3,E35,E42",OK,,,,,,,True
A_k4_2od_x0.8,seed_best.csv,D:\PSPS\runs_A_k4_2od_x0.8\analysis\seed_best.csv,init,4,10,5,D:\PSPS\runs_A_k4_2od_x0.8\init_seed4\g010_i005,800,157835.0,197.29375,102461.02999999993,76958.0,751020.4999999944,4.758263376310669,,4,"E12,E27,E42,E5",OK,,,,,,,True
A_k4_2od_x0.8,seed_best.csv,D:\PSPS\runs_A_k4_2od_x0.8\analysis\seed_best.csv,init,5,15,2,D:\PSPS\runs_A_k4_2od_x0.8\init_seed5\g015_i002,800,158959.0,198.69875,103578.01999999996,77747.0,751210.7299999946,4.725814392390457,,4,"E27,E3,E42,E5",OK,,,,,,,True
A_k4_2od_x0.8,seed_best.csv,D:\PSPS\runs_A_k4_2od_x0.8\analysis\seed_best.csv,init,6,2,18,D:\PSPS\runs_A_k4_2od_x0.8\init_seed6\g002_i018,800,158203.0,197.75375,102932.1400000001,77998.0,749376.3699999951,4.736802525868631,,4,"E19,E23,E27,E42",OK,,,,,,,True
A_k4_2od_x0.8,seed_best.csv,D:\PSPS\runs_A_k4_2od_x0.8\analysis\seed_best.csv,init,7,11,17,D:\PSPS\runs_A_k4_2od_x0.8\init_seed7\g011_i017,800,158819.0,198.52375,103391.08000000002,77951.0,751301.279999995,4.730550374955106,,4,"E23,E27,E36,E42",OK,,,,,,,True
A_k4_2od_x0.8,seed_best.csv,D:\PSPS\runs_A_k4_2od_x0.8\analysis\seed_best.csv,init,8,5,11,D:\PSPS\runs_A_k4_2od_x0.8\init_seed8\g005_i011,800,163926.0,204.9075,109814.31000000008,84486.0,734220.7999999964,4.478977099422889,,4,"E17,E20,E27,E33",OK,,,,,,,True
A_k4_2od_x0.8,seed_best.csv,D:\PSPS\runs_A_k4_2od_x0.8\analysis\seed_best.csv,init,9,11,23,D:\PSPS\runs_A_k4_2od_x0.8\init_seed9\g011_i023,800,152509.0,190.63625,95740.37000000004,70880.0,768188.0399999974,5.037001357296929,,4,"E23,E27,E42,E6",OK,,,,,,,True
A_k4_2od_x0.8,seed_best.csv,D:\PSPS\runs_A_k4_2od_x0.8\analysis\seed_best.csv,mutation,0,7,5,D:\PSPS\runs_A_k4_2od_x0.8\mutation_seed0\g007_i005,800,152509.0,190.63625,95740.37000000004,70880.0,768188.0399999974,5.037001357296929,,4,"E23,E27,E42,E6",OK,,,,,,,True
A_k4_2od_x0.8,seed_best.csv,D:\PSPS\runs_A_k4_2od_x0.8\analysis\seed_best.csv,mutation,1,9,22,D:\PSPS\runs_A_k4_2od_x0.8\mutation_seed1\g009_i022,800,157981.0,197.47625,102471.15000000002,77277.0,752670.0199999957,4.764307226818388,,4,"E27,E37,E42,E5",OK,,,,,,,True
A_k4_2od_x0.8,seed_best.csv,D:\PSPS\runs_A_k4_2od_x0.8\analysis\seed_best.csv,mutation,2,8,2,D:\PSPS\runs_A_k4_2od_x0.8\mutation_seed2\g008_i002,800,157697.0,197.12125,101989.59000000004,76792.0,755074.7999999954,4.788136743248098,,4,"E12,E27,E3,E42",OK,,,,,,,True
A_k4_2od_x0.8,seed_best.csv,D:\PSPS\runs_A_k4_2od_x0.8\analysis\seed_best.csv,mutation,3,3,11,D:\PSPS\runs_A_k4_2od_x0.8\mutation_seed3\g003_i011,800,157835.0,197.29375,102461.02999999993,76958.0,751020.4999999944,4.758263376310669,,4,"E12,E27,E42,E5",OK,,,,,,,True
A_k4_2od_x0.8,seed_best.csv,D:\PSPS\runs_A_k4_2od_x0.8\analysis\seed_best.csv,mutation,4,5,20,D:\PSPS\runs_A_k4_2od_x0.8\mutation_seed4\g005_i020,800,157061.0,196.32625,100672.93000000008,76082.0,763402.4799999958,4.860547685294222,,4,"E16,E25,E27,E42",OK,,,,,,,True
A_k4_2od_x0.8,seed_best.csv,D:\PSPS\runs_A_k4_2od_x0.8\analysis\seed_best.csv,mutation,5,7,3,D:\PSPS\runs_A_k4_2od_x0.8\mutation_seed5\g007_i003,800,158373.0,197.96625,100539.13000000002,74803.0,782388.9299999981,4.940166126801905,,4,"E16,E21,E27,E42",OK,,,,,,,True
A_k4_2od_x0.8,seed_best.csv,D:\PSPS\runs_A_k4_2od_x0.8\analysis\seed_best.csv,mutation,6,3,17,D:\PSPS\runs_A_k4_2od_x0.8\mutation_seed6\g003_i017,800,156649.0,195.81125,100205.48999999996,75149.0,763963.0499999969,4.876909843024832,,4,"E16,E27,E35,E42",OK,,,,,,,True
A_k4_2od_x0.8,seed_best.csv,D:\PSPS\runs_A_k4_2od_x0.8\analysis\seed_best.csv,mutation,7,7,6,D:\PSPS\runs_A_k4_2od_x0.8\mutation_seed7\g007_i006,800,157134.0,196.4175,101729.35000000014,77314.0,751362.8399999957,4.781669403184516,,4,"E1,E12,E27,E42",OK,,,,,,,True
A_k4_2od_x0.8,seed_best.csv,D:\PSPS\runs_A_k4_2od_x0.8\analysis\seed_best.csv,mutation,8,6,21,D:\PSPS\runs_A_k4_2od_x0.8\mutation_seed8\g006_i021,800,155011.0,193.76375,98566.26999999996,74194.0,764679.7599999957,4.93306771777484,,4,"E16,E27,E42,E8",OK,,,,,,,True
A_k4_2od_x0.8,seed_best.csv,D:\PSPS\runs_A_k4_2od_x0.8\analysis\seed_best.csv,mutation,9,6,11,D:\PSPS\runs_A_k4_2od_x0.8\mutation_seed9\g006_i011,800,160733.0,200.91625,104643.61999999997,79387.0,759366.8799999973,4.724399345498418,,4,"E21,E27,E3,E42",OK,,,,,,,True
A_k4_2od_x0.8,seed_best.csv,D:\PSPS\runs_A_k4_2od_x0.8\analysis\seed_best.csv,none,0,1,22,D:\PSPS\runs_A_k4_2od_x0.8\none_seed0\g001_i022,800,158947.0,198.68375,103497.29000000008,78076.0,751926.6599999968,4.730675382360137,,3,"E19,E27,E42",OK,,,,,,,True
A_k4_2od_x0.8,seed_best.csv,D:\PSPS\runs_A_k4_2od_x0.8\analysis\seed_best.csv,none,1,11,12,D:\PSPS\runs_A_k4_2od_x0.8\none_seed1\g011_i012,800,158203.0,197.75375,102932.1400000001,77998.0,749376.3699999951,4.736802525868631,,4,"E19,E23,E27,E42",OK,,,,,,,True
A_k4_2od_x0.8,seed_best.csv,D:\PSPS\runs_A_k4_2od_x0.8\analysis\seed_best.csv,none,2,10,2,D:\PSPS\runs_A_k4_2od_x0.8\none_seed2\g010_i002,800,157697.0,197.12125,101989.59000000004,76792.0,755074.7999999954,4.788136743248098,,4,"E12,E27,E36,E42",OK,,,,,,,True
A_k4_2od_x0.8,seed_best.csv,D:\PSPS\runs_A_k4_2od_x0.8\analysis\seed_best.csv,none,3,11,4,D:\PSPS\runs_A_k4_2od_x0.8\none_seed3\g011_i004,800,158819.0,198.52375,103391.08000000002,77951.0,751301.279999995,4.730550374955106,,4,"E23,E27,E36,E42",OK,,,,,,,True
A_k4_2od_x0.8,seed_best.csv,D:\PSPS\runs_A_k4_2od_x0.8\analysis\seed_best.csv,none,4,14,13,D:\PSPS\runs_A_k4_2od_x0.8\none_seed4\g014_i013,800,158635.0,198.29375,103271.41000000012,77347.0,750379.1699999956,4.7302245406120695,,4,"E27,E30,E35,E42",OK,,,,,,,True
A_k4_2od_x0.8,seed_best.csv,D:\PSPS\runs_A_k4_2od_x0.8\analysis\seed_best.csv,none,5,13,18,D:\PSPS\runs_A_k4_2od_x0.8\none_seed5\g013_i018,800,156915.0,196.14375,99467.99999999994,74608.0,777559.999999997,4.955294267597087,,4,"E16,E27,E42,E6",OK,,,,,,,True
A_k4_2od_x0.8,seed_best.csv,D:\PSPS\runs_A_k4_2od_x0.8\analysis\seed_best.csv,none,6,10,3,D:\PSPS\runs_A_k4_2od_x0.8\none_seed6\g010_i003,800,158203.0,197.75375,102932.1400000001,77998.0,749376.3699999951,4.736802525868631,,4,"E15,E23,E27,E42",OK,,,,,,,True
A_k4_2od_x0.8,seed_best.csv,D:\PSPS\runs_A_k4_2od_x0.8\analysis\seed_best.csv,none,7,10,16,D:\PSPS\runs_A_k4_2od_x0.8\none_seed7\g010_i016,800,157327.0,196.65875,101850.52000000014,76348.0,752443.2399999955,4.782670743101918,,4,"E23,E27,E38,E42",OK,,,,,,,True
A_k4_2od_x0.8,seed_best.csv,D:\PSPS\runs_A_k4_2od_x0.8\analysis\seed_best.csv,none,8,9,22,D:\PSPS\runs_A_k4_2od_x0.8\none_seed8\g009_i022,800,154378.0,192.9725,98852.17000000004,73722.0,753122.7899999958,4.878433390768088,,4,"E27,E33,E38,E42",OK,,,,,,,True
A_k4_2od_x0.8,seed_best.csv,D:\PSPS\runs_A_k4_2od_x0.8\analysis\seed_best.csv,none,9,15,20,D:\PSPS\runs_A_k4_2od_x0.8\none_seed9\g015_i020,800,156915.0,196.14375,99467.99999999994,74608.0,777559.999999997,4.955294267597087,,4,"E16,E27,E42,E6",OK,,,,,,,True
A_k4_2od_x1.0,seed_best.csv,D:\PSPS\runs_A_k4_2od_x1.0\analysis\seed_best.csv,both,0,7,21,D:\PSPS\runs_A_k4_2od_x1.0\both_seed0\g007_i021,1000,252321.0,252.321,178748.86000000034,139173.0,991859.1499999916,3.930941736914453,,4,"E10,E27,E4,E42",OK,,,,,,,True
A_k4_2od_x1.0,seed_best.csv,D:\PSPS\runs_A_k4_2od_x1.0\analysis\seed_best.csv,both,1,3,11,D:\PSPS\runs_A_k4_2od_x1.0\both_seed1\g003_i011,1000,219092.0,219.092,146471.62,111822.0,979052.4299999964,4.468681786646689,,4,"E14,E21,E27,E42",OK,,,,,,,True
A_k4_2od_x1.0,seed_best.csv,D:\PSPS\runs_A_k4_2od_x1.0\analysis\seed_best.csv,both,2,14,22,D:\PSPS\runs_A_k4_2od_x1.0\both_seed2\g014_i022,1000,224741.0,224.741,151782.8600000001,115433.0,983918.0499999973,4.3780086855535805,,4,"E16,E21,E27,E42",OK,,,,,,,True
A_k4_2od_x1.0,seed_best.csv,D:\PSPS\runs_A_k4_2od_x1.0\analysis\seed_best.csv,both,3,8,9,D:\PSPS\runs_A_k4_2od_x1.0\both_seed3\g008_i009,1000,236291.0,236.291,164983.5400000002,128189.0,962989.8699999936,4.075440325700063,,4,"E21,E27,E38,E42",OK,,,,,,,True
A_k4_2od_x1.0,seed_best.csv,D:\PSPS\runs_A_k4_2od_x1.0\analysis\seed_best.csv,both,4,8,18,D:\PSPS\runs_A_k4_2od_x1.0\both_seed4\g008_i018,1000,236081.0,236.081,165509.84000000014,128907.0,954251.6399999942,4.042051838140274,,4,"E23,E27,E42,E5",OK,,,,,,,True
A_k4_2od_x1.0,seed_best.csv,D:\PSPS\runs_A_k4_2od_x1.0\analysis\seed_best.csv,both,5,9,19,D:\PSPS\runs_A_k4_2od_x1.0\both_seed5\g009_i019,1000,224741.0,224.741,151782.8600000001,115433.0,983918.0499999973,4.3780086855535805,,4,"E16,E21,E27,E42",OK,,,,,,,True
A_k4_2od_x1.0,seed_best.csv,D:\PSPS\runs_A_k4_2od_x1.0\analysis\seed_best.csv,both,6,8,9,D:\PSPS\runs_A_k4_2od_x1.0\both_seed6\g008_i009,1000,241379.0,241.379,169866.91000000012,131848.0,965521.139999994,4.000021294313068,,4,"E21,E27,E42,E8",OK,,,,,,,True
A_k4_2od_x1.0,seed_best.csv,D:\PSPS\runs_A_k4_2od_x1.0\analysis\seed_best.csv,both,7,12,1,D:\PSPS\runs_A_k4_2od_x1.0\both_seed7\g012_i001,1000,233279.0,233.279,162093.45999999985,125096.0,961199.0599999934,4.120384003703691,,4,"E21,E25,E27,E42",OK,,,,,,,True
A_k4_2od_x1.0,seed_best.csv,D:\PSPS\runs_A_k4_2od_x1.0\analysis\seed_best.csv,both,8,11,23,D:\PSPS\runs_A_k4_2od_x1.0\both_seed8\g011_i023,1000,224741.0,224.741,151782.8600000001,115433.0,983918.0499999973,4.3780086855535805,,4,"E16,E21,E27,E42",OK,,,,,,,True
A_k4_2od_x1.0,seed_best.csv,D:\PSPS\runs_A_k4_2od_x1.0\analysis\seed_best.csv,both,9,11,12,D:\PSPS\runs_A_k4_2od_x1.0\both_seed9\g011_i012,1000,241379.0,241.379,169866.91000000012,131848.0,965521.139999994,4.000021294313068,,4,"E21,E27,E42,E8",OK,,,,,,,True
A_k4_2od_x1.0,seed_best.csv,D:\PSPS\runs_A_k4_2od_x1.0\analysis\seed_best.csv,init,0,8,1,D:\PSPS\runs_A_k4_2od_x1.0\init_seed0\g008_i001,1000,232019.0,232.019,160495.78000000012,124248.0,966025.929999992,4.163563889164215,,4,"E17,E21,E27,E42",OK,,,,,,,True
A_k4_2od_x1.0,seed_best.csv,D:\PSPS\runs_A_k4_2od_x1.0\analysis\seed_best.csv,init,1,10,4,D:\PSPS\runs_A_k4_2od_x1.0\init_seed1\g010_i004,1000,244263.0,244.263,171537.70999999982,133803.0,981478.6699999948,4.018122556424816,,4,"E16,E27,E42,E6",OK,,,,,,,True
A_k4_2od_x1.0,seed_best.csv,D:\PSPS\runs_A_k4_2od_x1.0\analysis\seed_best.csv,init,2,9,2,D:\PSPS\runs_A_k4_2od_x1.0\init_seed2\g009_i002,1000,251549.0,251.549,180740.58999999988,140871.0,954959.0199999998,3.796314117726565,,4,"E14,E20,E21,E27",OK,,,,,,,True
A_k4_2od_x1.0,seed_best.csv,D:\PSPS\runs_A_k4_2od_x1.0\analysis\seed_best.csv,init,3,12,4,D:\PSPS\runs_A_k4_2od_x1.0\init_seed3\g012_i004,1000,245811.0,245.811,172707.28000000014,135133.0,986794.3999999956,4.014443617250634,,4,"E12,E14,E21,E42",OK,,,,,,,True
A_k4_2od_x1.0,seed_best.csv,D:\PSPS\runs_A_k4_2od_x1.0\analysis\seed_best.csv,init,4,6,1,D:\PSPS\runs_A_k4_2od_x1.0\init_seed4\g006_i001,1000,252020.0,252.02,178801.53999999998,138883.0,986285.5799999957,3.913521069756351,,4,"E16,E21,E27,E6",OK,,,,,,,True
A_k4_2od_x1.0,seed_best.csv,D:\PSPS\runs_A_k4_2od_x1.0\analysis\seed_best.csv,init,5,9,7,D:\PSPS\runs_A_k4_2od_x1.0\init_seed5\g009_i007,1000,236081.0,236.081,165509.84000000014,128907.0,954251.6399999942,4.042051838140274,,4,"E23,E27,E42,E5",OK,,,,,,,True
A_k4_2od_x1.0,seed_best.csv,D:\PSPS\runs_A_k4_2od_x1.0\analysis\seed_best.csv,init,6,5,12,D:\PSPS\runs_A_k4_2od_x1.0\init_seed6\g005_i012,1000,224741.0,224.741,151782.8600000001,115433.0,983918.0499999973,4.3780086855535805,,4,"E16,E21,E27,E42",OK,,,,,,,True
A_k4_2od_x1.0,seed_best.csv,D:\PSPS\runs_A_k4_2od_x1.0\analysis\seed_best.csv,init,7,7,18,D:\PSPS\runs_A_k4_2od_x1.0\init_seed7\g007_i018,1000,230234.0,230.234,158698.65999999977,122001.0,966640.9899999942,4.1985153800046655,,4,"E12,E21,E27,E42",OK,,,,,,,True
A_k4_2od_x1.0,seed_best.csv,D:\PSPS\runs_A_k4_2od_x1.0\analysis\seed_best.csv,init,8,13,8,D:\PSPS\runs_A_k4_2od_x1.0\init_seed8\g013_i008,1000,236291.0,236.291,164983.5400000002,128189.0,962989.8699999936,4.075440325700063,,4,"E21,E27,E38,E42",OK,,,,,,,True
A_k4_2od_x1.0,seed_best.csv,D:\PSPS\runs_A_k4_2od_x1.0\analysis\seed_best.csv,init,9,12,17,D:\PSPS\runs_A_k4_2od_x1.0\init_seed9\g012_i017,1000,230234.0,230.234,158698.65999999977,122001.0,966640.9899999942,4.1985153800046655,,4,"E12,E21,E27,E42",OK,,,,,,,True
A_k4_2od_x1.0,seed_best.csv,D:\PSPS\runs_A_k4_2od_x1.0\analysis\seed_best.csv,mutation,0,13,4,D:\PSPS\runs_A_k4_2od_x1.0\mutation_seed0\g013_i004,1000,236081.0,236.081,165509.84000000014,128907.0,954251.6399999942,4.042051838140274,,4,"E23,E27,E42,E5",OK,,,,,,,True
A_k4_2od_x1.0,seed_best.csv,D:\PSPS\runs_A_k4_2od_x1.0\analysis\seed_best.csv,mutation,1,14,12,D:\PSPS\runs_A_k4_2od_x1.0\mutation_seed1\g014_i012,1000,243008.0,243.008,170919.48000000016,132228.0,973668.9099999951,4.006736033381597,,4,"E27,E30,E42,E6",OK,,,,,,,True
A_k4_2od_x1.0,seed_best.csv,D:\PSPS\runs_A_k4_2od_x1.0\analysis\seed_best.csv,mutation,2,11,20,D:\PSPS\runs_A_k4_2od_x1.0\mutation_seed2\g011_i020,1000,243330.0,243.33,171270.98000000013,132533.0,973238.0699999952,3.99966329675747,,4,"E27,E3,E42,E6",OK,,,,,,,True
A_k4_2od_x1.0,seed_best.csv,D:\PSPS\runs_A_k4_2od_x1.0\analysis\seed_best.csv,mutation,3,3,8,D:\PSPS\runs_A_k4_2od_x1.0\mutation_seed3\g003_i008,1000,247993.0,247.993,174001.21999999986,133224.0,996859.489999996,4.0197081772469225,,4,"E10,E27,E33,E42",OK,,,,,,,True
A_k4_2od_x1.0,seed_best.csv,D:\PSPS\runs_A_k4_2od_x1.0\analysis\seed_best.csv,mutation,4,4,5,D:\PSPS\runs_A_k4_2od_x1.0\mutation_seed4\g004_i005,1000,232019.0,232.019,160495.78000000012,124248.0,966025.929999992,4.163563889164215,,4,"E17,E21,E27,E42",OK,,,,,,,True
A_k4_2od_x1.0,seed_best.csv,D:\PSPS\runs_A_k4_2od_x1.0\analysis\seed_best.csv,mutation,5,14,11,D:\PSPS\runs_A_k4_2od_x1.0\mutation_seed5\g014_i011,1000,241169.0,241.169,168900.1799999999,129626.0,974496.3199999956,4.04071966131632,,4,"E21,E27,E42,E6",OK,,,,,,,True
A_k4_2od_x1.0,seed_best.csv,D:\PSPS\runs_A_k4_2od_x1.0\analysis\seed_best.csv,mutation,6,12,21,D:\PSPS\runs_A_k4_2od_x1.0\mutation_seed6\g012_i021,1000,246577.0,246.577,175663.10000000006,135754.0,956655.8899999948,3.879745028936173,,4,"E21,E27,E35,E42",OK,,,,,,,True
A_k4_2od_x1.0,seed_best.csv,D:\PSPS\runs_A_k4_2od_x1.0\analysis\seed_best.csv,mutation,7,15,16,D:\PSPS\runs_A_k4_2od_x1.0\mutation_seed7\g015_i016,1000,236081.0,236.081,165509.84000000014,128907.0,954251.6399999942,4.042051838140274,,4,"E23,E27,E42,E5",OK,,,,,,,True
A_k4_2od_x1.0,seed_best.csv,D:\PSPS\runs_A_k4_2od_x1.0\analysis\seed_best.csv,mutation,8,12,22,D:\PSPS\runs_A_k4_2od_x1.0\mutation_seed8\g012_i022,1000,236081.0,236.081,165509.84000000014,128907.0,954251.6399999942,4.042051838140274,,4,"E23,E27,E42,E5",OK,,,,,,,True
A_k4_2od_x1.0,seed_best.csv,D:\PSPS\runs_A_k4_2od_x1.0\analysis\seed_best.csv,mutation,9,4,18,D:\PSPS\runs_A_k4_2od_x1.0\mutation_seed9\g004_i018,1000,236291.0,236.291,164983.5400000002,128189.0,962989.8699999936,4.075440325700063,,4,"E21,E27,E38,E42",OK,,,,,,,True
A_k4_2od_x1.0,seed_best.csv,D:\PSPS\runs_A_k4_2od_x1.0\analysis\seed_best.csv,none,0,12,18,D:\PSPS\runs_A_k4_2od_x1.0\none_seed0\g012_i018,1000,224741.0,224.741,151782.8600000001,115433.0,983918.0499999973,4.3780086855535805,,4,"E16,E21,E27,E42",OK,,,,,,,True
A_k4_2od_x1.0,seed_best.csv,D:\PSPS\runs_A_k4_2od_x1.0\analysis\seed_best.csv,none,1,11,10,D:\PSPS\runs_A_k4_2od_x1.0\none_seed1\g011_i010,1000,252982.0,252.982,182141.3500000001,140952.0,955837.9799999986,3.7782845419832185,,4,"E11,E21,E27,E33",OK,,,,,,,True
A_k4_2od_x1.0,seed_best.csv,D:\PSPS\runs_A_k4_2od_x1.0\analysis\seed_best.csv,none,2,12,3,D:\PSPS\runs_A_k4_2od_x1.0\none_seed2\g012_i003,1000,252020.0,252.02,178801.53999999998,138883.0,986285.5799999957,3.913521069756351,,4,"E16,E21,E27,E6",OK,,,,,,,True
A_k4_2od_x1.0,seed_best.csv,D:\PSPS\runs_A_k4_2od_x1.0\analysis\seed_best.csv,none,3,6,7,D:\PSPS\runs_A_k4_2od_x1.0\none_seed3\g006_i007,1000,233279.0,233.279,162093.45999999985,125096.0,961199.0599999934,4.120384003703691,,4,"E21,E25,E27,E42",OK,,,,,,,True
A_k4_2od_x1.0,seed_best.csv,D:\PSPS\runs_A_k4_2od_x1.0\analysis\seed_best.csv,none,4,15,23,D:\PSPS\runs_A_k4_2od_x1.0\none_seed4\g015_i023,1000,246375.0,246.375,175061.34,136074.0,962211.539999993,3.905475555555528,,4,"E15,E21,E27,E42",OK,,,,,,,True
A_k4_2od_x1.0,seed_best.csv,D:\PSPS\runs_A_k4_2od_x1.0\analysis\seed_best.csv,none,5,11,13,D:\PSPS\runs_A_k4_2od_x1.0\none_seed5\g011_i013,1000,257556.0,257.556,187336.56,148254.0,949858.2799999956,3.687967975896488,,4,"E23,E27,E45,E5",OK,,,,,,,True
A_k4_2od_x1.0,seed_best.csv,D:\PSPS\runs_A_k4_2od_x1.0\analysis\seed_best.csv,none,6,11,3,D:\PSPS\runs_A_k4_2od_x1.0\none_seed6\g011_i003,1000,232019.0,232.019,160495.78000000012,124248.0,966025.929999992,4.163563889164215,,4,"E17,E21,E27,E42",OK,,,,,,,True
A_k4_2od_x1.0,seed_best.csv,D:\PSPS\runs_A_k4_2od_x1.0\analysis\seed_best.csv,none,7,14,16,D:\PSPS\runs_A_k4_2od_x1.0\none_seed7\g014_i016,1000,256060.0,256.06,185430.40000000005,145580.0,952491.719999998,3.719798953370296,,4,"E20,E21,E27,E6",OK,,,,,,,True
A_k4_2od_x1.0,seed_best.csv,D:\PSPS\runs_A_k4_2od_x1.0\analysis\seed_best.csv,none,8,10,1,D:\PSPS\runs_A_k4_2od_x1.0\none_seed8\g010_i001,1000,233279.0,233.279,162093.45999999985,125096.0,961199.0599999934,4.120384003703691,,4,"E21,E25,E27,E42",OK,,,,,,,True
A_k4_2od_x1.0,seed_best.csv,D:\PSPS\runs_A_k4_2od_x1.0\analysis\seed_best.csv,none,9,2,1,D:\PSPS\runs_A_k4_2od_x1.0\none_seed9\g002_i001,1000,236075.0,236.075,163980.5299999999,125765.0,973831.4599999964,4.125093550778339,,4,"E16,E17,E27,E42",OK,,,,,,,True
A_k4_2od_x1.2,seed_best.csv,D:\PSPS\runs_A_k4_2od_x1.2\analysis\seed_best.csv,both,0,13,5,D:\PSPS\runs_A_k4_2od_x1.2\both_seed0\g013_i005,1200,379084.0,315.9033333333333,291292.08,232892.0,1180954.159999996,3.11528357830981,,4,"E10,E11,E13,E27",OK,,,,,,,True
A_k4_2od_x1.2,seed_best.csv,D:\PSPS\runs_A_k4_2od_x1.2\analysis\seed_best.csv,both,1,9,2,D:\PSPS\runs_A_k4_2od_x1.2\both_seed1\g009_i002,1200,383564.0,319.63666666666666,296845.6300000003,237912.0,1167921.0499999966,3.044918318716033,,4,"E27,E35,E38,E5",OK,,,,,,,True
A_k4_2od_x1.2,seed_best.csv,D:\PSPS\runs_A_k4_2od_x1.2\analysis\seed_best.csv,both,2,7,7,D:\PSPS\runs_A_k4_2od_x1.2\both_seed2\g007_i007,1200,377710.0,314.7583333333333,289763.54000000027,233181.0,1185424.2899999963,3.138450901485257,,4,"E12,E14,E21,E27",OK,,,,,,,True
A_k4_2od_x1.2,seed_best.csv,D:\PSPS\runs_A_k4_2od_x1.2\analysis\seed_best.csv,both,3,8,19,D:\PSPS\runs_A_k4_2od_x1.2\both_seed3\g008_i019,1200,373550.0,311.2916666666667,287340.32999999967,230047.0,1162066.029999999,3.110871449605137,,4,"E27,E35,E41,E8",OK,,,,,,,True
A_k4_2od_x1.2,seed_best.csv,D:\PSPS\runs_A_k4_2od_x1.2\analysis\seed_best.csv,both,4,6,20,D:\PSPS\runs_A_k4_2od_x1.2\both_seed4\g006_i020,1200,368251.0,306.87583333333333,280149.42000000004,222658.0,1186218.2099999974,3.221221965452904,,4,"E14,E23,E27,E33",OK,,,,,,,True
A_k4_2od_x1.2,seed_best.csv,D:\PSPS\runs_A_k4_2od_x1.2\analysis\seed_best.csv,both,5,8,7,D:\PSPS\runs_A_k4_2od_x1.2\both_seed5\g008_i007,1200,372770.0,310.64166666666665,285549.83,228350.0,1174916.1999999983,3.151852885157063,,4,"E23,E24,E27,E4",OK,,,,,,,True
A_k4_2od_x1.2,seed_best.csv,D:\PSPS\runs_A_k4_2od_x1.2\analysis\seed_best.csv,both,6,6,19,D:\PSPS\runs_A_k4_2od_x1.2\both_seed6\g006_i019,1200,370265.0,308.5541666666667,283243.7399999996,223953.0,1173270.2500000028,3.1687311790204387,,4,"E12,E23,E27,E6",OK,,,,,,,True
A_k4_2od_x1.2,seed_best.csv,D:\PSPS\runs_A_k4_2od_x1.2\analysis\seed_best.csv,both,7,4,7,D:\PSPS\runs_A_k4_2od_x1.2\both_seed7\g004_i007,1200,368379.0,306.9825,282712.3399999997,226765.0,1155245.2899999977,3.136023741852813,,4,"E1,E23,E27,E30",OK,,,,,,,True
A_k4_2od_x1.2,seed_best.csv,D:\PSPS\runs_A_k4_2od_x1.2\analysis\seed_best.csv,both,8,7,12,D:\PSPS\runs_A_k4_2od_x1.2\both_seed8\g007_i012,1200,367561.0,306.30083333333334,281182.0100000001,223358.0,1163684.4199999997,3.1659627109513786,,4,"E27,E35,E41,E5",OK,,,,,,,True
A_k4_2od_x1.2,seed_best.csv,D:\PSPS\runs_A_k4_2od_x1.2\analysis\seed_best.csv,both,9,11,14,D:\PSPS\runs_A_k4_2od_x1.2\both_seed9\g011_i014,1200,371345.0,309.45416666666665,283393.0899999997,224023.0,1183346.3599999985,3.1866495038306657,,4,"E10,E23,E27,E35",OK,,,,,,,True
A_k4_2od_x1.2,seed_best.csv,D:\PSPS\runs_A_k4_2od_x1.2\analysis\seed_best.csv,init,0,7,7,D:\PSPS\runs_A_k4_2od_x1.2\init_seed0\g007_i007,1200,368379.0,306.9825,282712.3399999997,226765.0,1155245.2899999977,3.136023741852813,,4,"E1,E23,E27,E30",OK,,,,,,,True
A_k4_2od_x1.2,seed_best.csv,D:\PSPS\runs_A_k4_2od_x1.2\analysis\seed_best.csv,init,1,7,17,D:\PSPS\runs_A_k4_2od_x1.2\init_seed1\g007_i017,1200,370265.0,308.5541666666667,283243.7399999996,223953.0,1173270.2500000028,3.1687311790204387,,4,"E12,E23,E27,E6",OK,,,,,,,True
A_k4_2od_x1.2,seed_best.csv,D:\PSPS\runs_A_k4_2od_x1.2\analysis\seed_best.csv,init,2,9,5,D:\PSPS\runs_A_k4_2od_x1.2\init_seed2\g009_i005,1200,363522.0,302.935,276918.5200000004,221439.0,1167436.0199999984,3.2114590588740115,,4,"E23,E27,E30,E4",OK,,,,,,,True
A_k4_2od_x1.2,seed_best.csv,D:\PSPS\runs_A_k4_2od_x1.2\analysis\seed_best.csv,init,3,5,9,D:\PSPS\runs_A_k4_2od_x1.2\init_seed3\g005_i009,1200,383616.0,319.68,295322.47999999986,237588.0,1187606.5599999982,3.095821237904566,,4,"E16,E21,E25,E27",OK,,,,,,,True
A_k4_2od_x1.2,seed_best.csv,D:\PSPS\runs_A_k4_2od_x1.2\analysis\seed_best.csv,init,4,9,6,D:\PSPS\runs_A_k4_2od_x1.2\init_seed4\g009_i006,1200,391201.0,326.00083333333333,304167.2900000003,245127.0,1171720.9499999986,2.995189046040267,,4,"E1,E21,E27,E3",OK,,,,,,,True
A_k4_2od_x1.2,seed_best.csv,D:\PSPS\runs_A_k4_2od_x1.2\analysis\seed_best.csv,init,5,11,15,D:\PSPS\runs_A_k4_2od_x1.2\init_seed5\g011_i015,1200,396518.0,330.4316666666667,309040.7700000001,250436.0,1177957.8699999978,2.970755098129209,,4,"E27,E38,E4,E8",OK,,,,,,,True
A_k4_2od_x1.2,seed_best.csv,D:\PSPS\runs_A_k4_2od_x1.2\analysis\seed_best.csv,init,6,6,7,D:\PSPS\runs_A_k4_2od_x1.2\init_seed6\g006_i007,1200,372770.0,310.64166666666665,285549.83,228350.0,1174916.1999999983,3.151852885157063,,4,"E23,E24,E27,E4",OK,,,,,,,True
A_k4_2od_x1.2,seed_best.csv,D:\PSPS\runs_A_k4_2od_x1.2\analysis\seed_best.csv,init,7,13,11,D:\PSPS\runs_A_k4_2od_x1.2\init_seed7\g013_i011,1200,379121.0,315.93416666666667,289619.6099999999,232367.0,1204730.1599999946,3.1776930320398886,,4,"E10,E17,E27,E42",OK,,,,,,,True
A_k4_2od_x1.2,seed_best.csv,D:\PSPS\runs_A_k4_2od_x1.2\analysis\seed_best.csv,init,8,11,23,D:\PSPS\runs_A_k4_2od_x1.2\init_seed8\g011_i023,1200,370265.0,308.5541666666667,283243.7399999996,223953.0,1173270.2500000028,3.1687311790204387,,4,"E12,E23,E27,E6",OK,,,,,,,True
A_k4_2od_x1.2,seed_best.csv,D:\PSPS\runs_A_k4_2od_x1.2\analysis\seed_best.csv,init,9,15,17,D:\PSPS\runs_A_k4_2od_x1.2\init_seed9\g015_i017,1200,379222.0,316.0183333333333,291517.4000000002,232473.0,1180291.3199999952,3.112402023089365,,4,"E15,E27,E33,E41",OK,,,,,,,True
A_k4_2od_x1.2,seed_best.csv,D:\PSPS\runs_A_k4_2od_x1.2\analysis\seed_best.csv,mutation,0,8,6,D:\PSPS\runs_A_k4_2od_x1.2\mutation_seed0\g008_i006,1200,373116.0,310.93,285240.50999999995,226515.0,1181638.9099999983,3.1669478392778614,,4,"E21,E27,E36,E38",OK,,,,,,,True
A_k4_2od_x1.2,seed_best.csv,D:\PSPS\runs_A_k4_2od_x1.2\analysis\seed_best.csv,mutation,1,6,9,D:\PSPS\runs_A_k4_2od_x1.2\mutation_seed1\g006_i009,1200,381195.0,317.6625,294282.09999999974,235138.0,1171347.319999999,3.0728297065806185,,4,"E27,E3,E39,E41",OK,,,,,,,True
A_k4_2od_x1.2,seed_best.csv,D:\PSPS\runs_A_k4_2od_x1.2\analysis\seed_best.csv,mutation,2,6,20,D:\PSPS\runs_A_k4_2od_x1.2\mutation_seed2\g006_i020,1200,381529.0,317.94083333333333,294298.30000000005,236329.0,1174229.1399999948,3.077693019403492,,4,"E19,E27,E39,E4",OK,,,,,,,True
A_k4_2od_x1.2,seed_best.csv,D:\PSPS\runs_A_k4_2od_x1.2\analysis\seed_best.csv,mutation,3,6,10,D:\PSPS\runs_A_k4_2od_x1.2\mutation_seed3\g006_i010,1200,373550.0,311.2916666666667,287340.32999999967,230047.0,1162066.029999999,3.110871449605137,,4,"E27,E35,E41,E8",OK,,,,,,,True
A_k4_2od_x1.2,seed_best.csv,D:\PSPS\runs_A_k4_2od_x1.2\analysis\seed_best.csv,mutation,4,14,4,D:\PSPS\runs_A_k4_2od_x1.2\mutation_seed4\g014_i004,1200,373272.0,311.06,287155.2699999999,229860.0,1161766.489999998,3.112385847317768,,4,"E1,E23,E27,E5",OK,,,,,,,True
A_k4_2od_x1.2,seed_best.csv,D:\PSPS\runs_A_k4_2od_x1.2\analysis\seed_best.csv,mutation,5,13,5,D:\PSPS\runs_A_k4_2od_x1.2\mutation_seed5\g013_i005,1200,383948.0,319.95666666666665,297128.3400000004,238348.0,1168724.4200000016,3.043965380728644,,4,"E1,E11,E21,E27",OK,,,,,,,True
A_k4_2od_x1.2,seed_best.csv,D:\PSPS\runs_A_k4_2od_x1.2\analysis\seed_best.csv,mutation,6,5,7,D:\PSPS\runs_A_k4_2od_x1.2\mutation_seed6\g005_i007,1200,378338.0,315.2816666666667,292502.24999999994,234479.0,1158098.2199999976,3.061014806865812,,4,"E23,E27,E5,E8",OK,,,,,,,True
A_k4_2od_x1.2,seed_best.csv,D:\PSPS\runs_A_k4_2od_x1.2\analysis\seed_best.csv,mutation,7,3,6,D:\PSPS\runs_A_k4_2od_x1.2\mutation_seed7\g003_i006,1200,373272.0,311.06,287155.2699999999,229860.0,1161766.489999998,3.112385847317768,,4,"E1,E23,E27,E5",OK,,,,,,,True
A_k4_2od_x1.2,seed_best.csv,D:\PSPS\runs_A_k4_2od_x1.2\analysis\seed_best.csv,mutation,8,8,1,D:\PSPS\runs_A_k4_2od_x1.2\mutation_seed8\g008_i001,1200,384754.0,320.62833333333333,298802.51000000024,237930.0,1159472.2399999958,3.013541743555612,,4,"E12,E27,E37,E5",OK,,,,,,,True
A_k4_2od_x1.2,seed_best.csv,D:\PSPS\runs_A_k4_2od_x1.2\analysis\seed_best.csv,mutation,9,14,16,D:\PSPS\runs_A_k4_2od_x1.2\mutation_seed9\g014_i016,1200,368251.0,306.87583333333333,280149.42000000004,222658.0,1186218.2099999974,3.221221965452904,,4,"E14,E23,E27,E33",OK,,,,,,,True
A_k4_2od_x1.2,seed_best.csv,D:\PSPS\runs_A_k4_2od_x1.2\analysis\seed_best.csv,none,0,14,6,D:\PSPS\runs_A_k4_2od_x1.2\none_seed0\g014_i006,1200,363522.0,302.935,276918.5200000004,221439.0,1167436.0199999984,3.2114590588740115,,4,"E23,E27,E30,E4",OK,,,,,,,True
A_k4_2od_x1.2,seed_best.csv,D:\PSPS\runs_A_k4_2od_x1.2\analysis\seed_best.csv,none,1,13,22,D:\PSPS\runs_A_k4_2od_x1.2\none_seed1\g013_i022,1200,389376.0,324.48,302230.00000000035,240885.0,1172823.779999998,3.012059757149896,,4,"E19,E27,E33,E8",OK,,,,,,,True
A_k4_2od_x1.2,seed_best.csv,D:\PSPS\runs_A_k4_2od_x1.2\analysis\seed_best.csv,none,2,10,9,D:\PSPS\runs_A_k4_2od_x1.2\none_seed2\g010_i009,1200,386226.0,321.855,299323.7299999999,240997.0,1171396.299999997,3.0329296836567115,,4,"E27,E3,E38,E4",OK,,,,,,,True
A_k4_2od_x1.2,seed_best.csv,D:\PSPS\runs_A_k4_2od_x1.2\analysis\seed_best.csv,none,3,8,8,D:\PSPS\runs_A_k4_2od_x1.2\none_seed3\g008_i008,1200,384262.0,320.2183333333333,298189.20000000024,239206.0,1160476.2799999958,3.020013116051017,,4,"E1,E23,E24,E27",OK,,,,,,,True
A_k4_2od_x1.2,seed_best.csv,D:\PSPS\runs_A_k4_2od_x1.2\analysis\seed_best.csv,none,4,4,16,D:\PSPS\runs_A_k4_2od_x1.2\none_seed4\g004_i016,1200,367561.0,306.30083333333334,281182.0100000001,223358.0,1163684.4199999997,3.1659627109513786,,4,"E27,E35,E41,E5",OK,,,,,,,True
A_k4_2od_x1.2,seed_best.csv,D:\PSPS\runs_A_k4_2od_x1.2\analysis\seed_best.csv,none,5,15,8,D:\PSPS\runs_A_k4_2od_x1.2\none_seed5\g015_i008,1200,379084.0,315.9033333333333,291292.08,232892.0,1180954.159999996,3.11528357830981,,4,"E10,E11,E13,E27",OK,,,,,,,True
A_k4_2od_x1.2,seed_best.csv,D:\PSPS\runs_A_k4_2od_x1.2\analysis\seed_best.csv,none,6,2,18,D:\PSPS\runs_A_k4_2od_x1.2\none_seed6\g002_i018,1200,372866.0,310.7216666666667,286436.73000000016,227359.0,1165194.0699999947,3.1249673341092903,,4,"E12,E27,E35,E5",OK,,,,,,,True
A_k4_2od_x1.2,seed_best.csv,D:\PSPS\runs_A_k4_2od_x1.2\analysis\seed_best.csv,none,7,4,2,D:\PSPS\runs_A_k4_2od_x1.2\none_seed7\g004_i002,1200,373116.0,310.93,285240.50999999995,226515.0,1181638.9099999983,3.1669478392778614,,4,"E21,E27,E36,E38",OK,,,,,,,True
A_k4_2od_x1.2,seed_best.csv,D:\PSPS\runs_A_k4_2od_x1.2\analysis\seed_best.csv,none,8,11,17,D:\PSPS\runs_A_k4_2od_x1.2\none_seed8\g011_i017,1200,389966.0,324.9716666666667,303044.2600000001,245190.0,1170902.3299999957,3.0025754296528304,,4,"E15,E24,E27,E37",OK,,,,,,,True
A_k4_2od_x1.2,seed_best.csv,D:\PSPS\runs_A_k4_2od_x1.2\analysis\seed_best.csv,none,9,8,16,D:\PSPS\runs_A_k4_2od_x1.2\none_seed9\g008_i016,1200,377710.0,314.7583333333333,289763.54000000027,233181.0,1185424.2899999963,3.138450901485257,,4,"E12,E14,E21,E27",OK,,,,,,,True
B_k9_1od_x0.8,seed_best.csv,D:\PSPS\runs_B_k9_1od_x0.8\analysis\seed_best.csv,both,0,4,2,D:\PSPS\runs_B_k9_1od_x0.8\both_seed0\g004_i002,1600,996159.0,622.599375,698473.0299999994,489420.0,4080075.580000049,4.095807576902932,,9,"-E11,-E31,-E41,-E52,E29,E32,E45,E6,E62",OK,,,,,,,True
B_k9_1od_x0.8,seed_best.csv,D:\PSPS\runs_B_k9_1od_x0.8\analysis\seed_best.csv,both,1,14,5,D:\PSPS\runs_B_k9_1od_x0.8\both_seed1\g014_i005,1600,986352.0,616.47,688058.2200000007,483975.0,4089250.9800000377,4.1458333130566345,,9,"-E11,-E19,-E44,-E52,-E7,-E9,E12,E62,E9",OK,,,,,,,True
B_k9_1od_x0.8,seed_best.csv,D:\PSPS\runs_B_k9_1od_x0.8\analysis\seed_best.csv,both,2,3,10,D:\PSPS\runs_B_k9_1od_x0.8\both_seed2\g003_i010,1600,985790.0,616.11875,690105.0900000003,483865.0,4053311.6600000514,4.111739477982178,,9,"-E11,-E45,E110,E13,E20,E40,E6,E62,E9",OK,,,,,,,True
B_k9_1od_x0.8,seed_best.csv,D:\PSPS\runs_B_k9_1od_x0.8\analysis\seed_best.csv,both,3,6,22,D:\PSPS\runs_B_k9_1od_x0.8\both_seed3\g006_i022,1600,970194.0,606.37125,676099.2700000013,473587.0,4031880.180000042,4.1557463558835055,,9,"-E22,-E45,E12,E15,E25,E27,E40,E59,E9",OK,,,,,,,True
B_k9_1od_x0.8,seed_best.csv,D:\PSPS\runs_B_k9_1od_x0.8\analysis\seed_best.csv,both,4,5,9,D:\PSPS\runs_B_k9_1od_x0.8\both_seed4\g005_i009,1600,970020.0,606.2625,675618.23,471356.0,4036575.30000004,4.1613320343910845,,9,"-E11,-E30,-E9,E12,E19,E25,E38,E56,E9",OK,,,,,,,True
B_k9_1od_x0.8,seed_best.csv,D:\PSPS\runs_B_k9_1od_x0.8\analysis\seed_best.csv,both,5,9,3,D:\PSPS\runs_B_k9_1od_x0.8\both_seed5\g009_i003,1600,976801.0,610.500625,679266.2199999993,472533.0,4077418.400000048,4.174256987861446,,9,"-E11,-E17,-E45,-E9,E12,E45,E53,E6,E62",OK,,,,,,,True
B_k9_1od_x0.8,seed_best.csv,D:\PSPS\runs_B_k9_1od_x0.8\analysis\seed_best.csv,both,6,3,22,D:\PSPS\runs_B_k9_1od_x0.8\both_seed6\g003_i022,1600,988477.0,617.798125,693865.3000000002,488954.0,4041304.800000042,4.088415613109908,,9,"-E11,-E52,-E63,-E9,E11,E14,E19,E45,E8",OK,,,,,,,True
B_k9_1od_x0.8,seed_best.csv,D:\PSPS\runs_B_k9_1od_x0.8\analysis\seed_best.csv,both,7,7,21,D:\PSPS\runs_B_k9_1od_x0.8\both_seed7\g007_i021,1600,975290.0,609.55625,676404.3699999995,472626.0,4097800.890000033,4.201622994186379,,9,"-E11,-E30,-E47,-E52,-E7,-E9,E12,E56,E9",OK,,,,,,,True
B_k9_1od_x0.8,seed_best.csv,D:\PSPS\runs_B_k9_1od_x0.8\analysis\seed_best.csv,both,8,8,13,D:\PSPS\runs_B_k9_1od_x0.8\both_seed8\g008_i013,1600,972915.0,608.071875,675856.9799999999,472027.0,4071308.350000025,4.184649583982183,,9,"-E11,-E23,-E45,-E46,-E9,E12,E29,E51,E9",OK,,,,,,,True
B_k9_1od_x0.8,seed_best.csv,D:\PSPS\runs_B_k9_1od_x0.8\analysis\seed_best.csv,both,9,12,18,D:\PSPS\runs_B_k9_1od_x0.8\both_seed9\g012_i018,1600,987330.0,617.08125,687131.3000000004,478327.0,4113785.950000037,4.166576473924663,,9,"-E11,-E13,-E52,E25,E28,E33,E56,E64,E9",OK,,,,,,,True
B_k9_1od_x0.8,seed_best.csv,D:\PSPS\runs_B_k9_1od_x0.8\analysis\seed_best.csv,init,0,8,22,D:\PSPS\runs_B_k9_1od_x0.8\init_seed0\g008_i022,1600,981231.0,613.269375,687118.1499999994,483717.0,4032802.610000042,4.109942113528866,,9,"-E11,-E31,-E47,-E8,E19,E34,E47,E59,E9",OK,,,,,,,True
B_k9_1od_x0.8,seed_best.csv,D:\PSPS\runs_B_k9_1od_x0.8\analysis\seed_best.csv,init,1,3,22,D:\PSPS\runs_B_k9_1od_x0.8\init_seed1\g003_i022,1600,996360.0,622.725,698682.4500000005,491348.0,4078181.720000045,4.093080533140677,,9,"-E11,-E27,-E30,-E58,E25,E32,E43,E47,E62",OK,,,,,,,True
B_k9_1od_x0.8,seed_best.csv,D:\PSPS\runs_B_k9_1od_x0.8\analysis\seed_best.csv,init,2,1,17,D:\PSPS\runs_B_k9_1od_x0.8\init_seed2\g001_i017,1600,996430.0,622.76875,695828.099999999,487388.0,4117354.6500000334,4.132106269381727,,8,"-E11,-E45,-E64,-E9,E12,E22,E25,E30",OK,,,,,,,True
B_k9_1od_x0.8,seed_best.csv,D:\PSPS\runs_B_k9_1od_x0.8\analysis\seed_best.csv,init,3,4,14,D:\PSPS\runs_B_k9_1od_x0.8\init_seed3\g004_i014,1600,991223.0,619.514375,692779.0700000006,486121.0,4091643.4200000414,4.127873768062326,,9,"-E13,-E20,-E52,-E8,E12,E14,E17,E49,E9",OK,,,,,,,True
B_k9_1od_x0.8,seed_best.csv,D:\PSPS\runs_B_k9_1od_x0.8\analysis\seed_best.csv,init,4,6,8,D:\PSPS\runs_B_k9_1od_x0.8\init_seed4\g006_i008,1600,1001280.0,625.8,705710.6399999998,497298.0,4053069.940000036,4.047888642537588,,9,"-E17,-E40,-E46,-E64,E21,E47,E6,E63,E8",OK,,,,,,,True
B_k9_1od_x0.8,seed_best.csv,D:\PSPS\runs_B_k9_1od_x0.8\analysis\seed_best.csv,init,5,3,1,D:\PSPS\runs_B_k9_1od_x0.8\init_seed5\g003_i001,1600,985761.0,616.100625,690743.8699999994,483643.0,4045800.220000034,4.104240500486461,,9,"-E28,-E32,-E35,-E45,E11,E110,E32,E47,E9",OK,,,,,,,True
B_k9_1od_x0.8,seed_best.csv,D:\PSPS\runs_B_k9_1od_x0.8\analysis\seed_best.csv,init,6,13,4,D:\PSPS\runs_B_k9_1od_x0.8\init_seed6\g013_i004,1600,995075.0,621.921875,693310.2299999989,485624.0,4137456.47000003,4.157934296409849,,9,"-E11,-E39,-E51,-E53,E11,E24,E32,E57,E64",OK,,,,,,,True
B_k9_1od_x0.8,seed_best.csv,D:\PSPS\runs_B_k9_1od_x0.8\analysis\seed_best.csv,init,7,1,5,D:\PSPS\runs_B_k9_1od_x0.8\init_seed7\g001_i005,1600,988765.0,617.978125,694480.0400000006,487715.0,4033459.870000039,4.079290701026067,,8,"-E11,-E44,-E46,E16,E25,E59,E62,E64",OK,,,,,,,True
B_k9_1od_x0.8,seed_best.csv,D:\PSPS\runs_B_k9_1od_x0.8\analysis\seed_best.csv,init,8,7,15,D:\PSPS\runs_B_k9_1od_x0.8\init_seed8\g007_i015,1600,1010054.0,631.28375,709755.1300000001,497016.0,4117708.950000056,4.076721591122906,,9,"-E12,-E17,-E30,-E40,-E64,E12,E30,E34,E51",OK,,,,,,,True
B_k9_1od_x0.8,seed_best.csv,D:\PSPS\runs_B_k9_1od_x0.8\analysis\seed_best.csv,init,9,10,3,D:\PSPS\runs_B_k9_1od_x0.8\init_seed9\g010_i003,1600,985961.0,616.225625,687782.5599999994,482091.0,4089254.1100000455,4.147480590003099,,9,"-E11,-E32,-E44,-E46,-E51,E28,E31,E45,E51",OK,,,,,,,True
B_k9_1od_x0.8,seed_best.csv,D:\PSPS\runs_B_k9_1od_x0.8\analysis\seed_best.csv,mutation,0,6,7,D:\PSPS\runs_B_k9_1od_x0.8\mutation_seed0\g006_i007,1600,984455.0,615.284375,686046.7699999999,481518.0,4089315.060000053,4.153887237100784,,9,"-E12,-E20,-E30,-E45,E110,E19,E22,E40,E9",OK,,,,,,,True
B_k9_1od_x0.8,seed_best.csv,D:\PSPS\runs_B_k9_1od_x0.8\analysis\seed_best.csv,mutation,1,13,19,D:\PSPS\runs_B_k9_1od_x0.8\mutation_seed1\g013_i019,1600,972915.0,608.071875,675856.9799999999,472027.0,4071308.350000025,4.184649583982183,,9,"-E11,-E44,-E45,-E58,-E9,E12,E22,E50,E9",OK,,,,,,,True
B_k9_1od_x0.8,seed_best.csv,D:\PSPS\runs_B_k9_1od_x0.8\analysis\seed_best.csv,mutation,2,6,5,D:\PSPS\runs_B_k9_1od_x0.8\mutation_seed2\g006_i005,1600,992610.0,620.38125,696078.8200000006,488883.0,4064042.800000034,4.094299674595294,,9,"-E11,-E29,-E43,-E45,E32,E40,E45,E53,E9",OK,,,,,,,True
B_k9_1od_x0.8,seed_best.csv,D:\PSPS\runs_B_k9_1od_x0.8\analysis\seed_best.csv,mutation,3,7,22,D:\PSPS\runs_B_k9_1od_x0.8\mutation_seed3\g007_i022,1600,984676.0,615.4225,693489.2999999998,486219.0,3993019.090000049,4.055160367471178,,9,"-E11,-E13,-E26,-E45,-E52,E25,E40,E56,E64",OK,,,,,,,True
B_k9_1od_x0.8,seed_best.csv,D:\PSPS\runs_B_k9_1od_x0.8\analysis\seed_best.csv,mutation,4,6,5,D:\PSPS\runs_B_k9_1od_x0.8\mutation_seed4\g006_i005,1600,975844.0,609.9025,680700.13,476337.0,4044735.5000000335,4.144858706924502,,9,"-E11,-E12,-E31,-E9,E12,E25,E28,E56,E9",OK,,,,,,,True
B_k9_1od_x0.8,seed_best.csv,D:\PSPS\runs_B_k9_1od_x0.8\analysis\seed_best.csv,mutation,5,14,1,D:\PSPS\runs_B_k9_1od_x0.8\mutation_seed5\g014_i001,1600,973607.0,608.504375,675913.8200000012,472016.0,4079492.3700000434,4.190081182653826,,9,"-E11,-E20,-E45,E12,E19,E20,E40,E56,E6",OK,,,,,,,True
B_k9_1od_x0.8,seed_best.csv,D:\PSPS\runs_B_k9_1od_x0.8\analysis\seed_best.csv,mutation,6,13,15,D:\PSPS\runs_B_k9_1od_x0.8\mutation_seed6\g013_i015,1600,988445.0,617.778125,691473.8100000004,484157.0,4070966.7300000456,4.118556652115237,,9,"-E9,E12,E14,E25,E38,E56,E57,E62,E9",OK,,,,,,,True
B_k9_1od_x0.8,seed_best.csv,D:\PSPS\runs_B_k9_1od_x0.8\analysis\seed_best.csv,mutation,7,3,4,D:\PSPS\runs_B_k9_1od_x0.8\mutation_seed7\g003_i004,1600,978308.0,611.4425,679658.3700000005,473236.0,4090371.070000031,4.181066770383183,,9,"-E29,-E51,-E52,-E9,E12,E14,E25,E30,E9",OK,,,,,,,True
B_k9_1od_x0.8,seed_best.csv,D:\PSPS\runs_B_k9_1od_x0.8\analysis\seed_best.csv,mutation,8,14,13,D:\PSPS\runs_B_k9_1od_x0.8\mutation_seed8\g014_i013,1600,976799.0,610.499375,677908.9300000007,473602.0,4092304.20000004,4.189504903260589,,9,"-E11,-E30,-E44,-E45,E25,E29,E47,E7,E9",OK,,,,,,,True
B_k9_1od_x0.8,seed_best.csv,D:\PSPS\runs_B_k9_1od_x0.8\analysis\seed_best.csv,mutation,9,15,4,D:\PSPS\runs_B_k9_1od_x0.8\mutation_seed9\g015_i004,1600,989292.0,618.3075,696636.5599999999,489326.0,4011373.850000047,4.054792568827047,,9,"-E11,-E47,-E52,E30,E38,E40,E50,E56,E64",OK,,,,,,,True
B_k9_1od_x0.8,seed_best.csv,D:\PSPS\runs_B_k9_1od_x0.8\analysis\seed_best.csv,none,0,10,15,D:\PSPS\runs_B_k9_1od_x0.8\none_seed0\g010_i015,1600,986232.0,616.395,688586.290000001,482507.0,4079363.740000043,4.1363124903674215,,9,"-E11,-E21,-E32,-E43,-E46,E110,E28,E47,E51",OK,,,,,,,True
B_k9_1od_x0.8,seed_best.csv,D:\PSPS\runs_B_k9_1od_x0.8\analysis\seed_best.csv,none,1,5,8,D:\PSPS\runs_B_k9_1od_x0.8\none_seed1\g005_i008,1600,988765.0,617.978125,694480.0400000006,487715.0,4033459.870000039,4.079290701026067,,9,"-E11,-E19,-E41,-E58,E110,E16,E22,E23,E59",OK,,,,,,,True
B_k9_1od_x0.8,seed_best.csv,D:\PSPS\runs_B_k9_1od_x0.8\analysis\seed_best.csv,none,2,6,15,D:\PSPS\runs_B_k9_1od_x0.8\none_seed2\g006_i015,1600,1003589.0,627.243125,703910.5900000007,492186.0,4104557.330000039,4.089878755147813,,9,"-E41,-E6,E11,E19,E22,E24,E27,E31,E57",OK,,,,,,,True
B_k9_1od_x0.8,seed_best.csv,D:\PSPS\runs_B_k9_1od_x0.8\analysis\seed_best.csv,none,3,15,4,D:\PSPS\runs_B_k9_1od_x0.8\none_seed3\g015_i004,1600,986416.0,616.51,687789.8800000008,483166.0,4095677.190000036,4.152079031564813,,9,"-E11,-E14,-E20,-E43,E11,E17,E6,E8,E9",OK,,,,,,,True
B_k9_1od_x0.8,seed_best.csv,D:\PSPS\runs_B_k9_1od_x0.8\analysis\seed_best.csv,none,4,4,20,D:\PSPS\runs_B_k9_1od_x0.8\none_seed4\g004_i020,1600,990205.0,618.878125,693945.7199999981,485805.0,4060910.710000047,4.101080796400793,,9,"-E11,-E19,-E27,-E44,-E51,-E7,E23,E27,E40",OK,,,,,,,True
B_k9_1od_x0.8,seed_best.csv,D:\PSPS\runs_B_k9_1od_x0.8\analysis\seed_best.csv,none,5,10,14,D:\PSPS\runs_B_k9_1od_x0.8\none_seed5\g010_i014,1600,993808.0,621.13,694805.659999999,488238.0,4096322.880000035,4.12184534638485,,9,"-E30,-E46,E12,E20,E29,E40,E51,E58,E9",OK,,,,,,,True
B_k9_1od_x0.8,seed_best.csv,D:\PSPS\runs_B_k9_1od_x0.8\analysis\seed_best.csv,none,6,4,14,D:\PSPS\runs_B_k9_1od_x0.8\none_seed6\g004_i014,1600,997321.0,623.325625,698967.1300000013,488943.0,4091007.2500000377,4.10199649861984,,9,"-E13,-E15,-E20,-E40,E12,E19,E30,E40,E45",OK,,,,,,,True
B_k9_1od_x0.8,seed_best.csv,D:\PSPS\runs_B_k9_1od_x0.8\analysis\seed_best.csv,none,7,1,1,D:\PSPS\runs_B_k9_1od_x0.8\none_seed7\g001_i001,1600,990895.0,619.309375,692830.89,484364.0,4083586.570000028,4.12110926990249,,6,"-E29,-E9,E12,E31,E39,E9",OK,,,,,,,True
B_k9_1od_x0.8,seed_best.csv,D:\PSPS\runs_B_k9_1od_x0.8\analysis\seed_best.csv,none,8,7,15,D:\PSPS\runs_B_k9_1od_x0.8\none_seed8\g007_i015,1600,988765.0,617.978125,694480.0400000006,487715.0,4033459.870000039,4.079290701026067,,9,"-E11,-E14,-E35,-E43,-E64,E22,E29,E53,E59",OK,,,,,,,True
B_k9_1od_x0.8,seed_best.csv,D:\PSPS\runs_B_k9_1od_x0.8\analysis\seed_best.csv,none,9,9,8,D:\PSPS\runs_B_k9_1od_x0.8\none_seed9\g009_i008,1600,986803.0,616.751875,689555.45,483253.0,4072329.040000039,4.126790291476657,,9,"-E11,-E15,-E26,-E44,-E45,-E63,E34,E40,E9",OK,,,,,,,True
B_k9_1od_x1.0,seed_best.csv,D:\PSPS\runs_B_k9_1od_x1.0\analysis\seed_best.csv,both,0,7,6,D:\PSPS\runs_B_k9_1od_x1.0\both_seed0\g007_i006,2000,1230824.0,615.412,862878.2999999989,607932.0,5030457.670000049,4.087064982483319,,9,"-E11,-E12,-E27,-E39,-E8,E47,E50,E58,E8",OK,,,,,,,True
B_k9_1od_x1.0,seed_best.csv,D:\PSPS\runs_B_k9_1od_x1.0\analysis\seed_best.csv,both,1,9,1,D:\PSPS\runs_B_k9_1od_x1.0\both_seed1\g009_i001,2000,1232341.0,616.1705,865950.4900000017,609946.0,5009645.500000046,4.0651455238444925,,9,"-E11,-E30,-E46,-E8,E11,E22,E40,E63,E9",OK,,,,,,,True
B_k9_1od_x1.0,seed_best.csv,D:\PSPS\runs_B_k9_1od_x1.0\analysis\seed_best.csv,both,2,13,13,D:\PSPS\runs_B_k9_1od_x1.0\both_seed2\g013_i013,2000,1254045.0,627.0225,877226.8099999999,617532.0,5149598.27000005,4.106390336869929,,9,"-E11,-E51,-E53,E12,E20,E47,E50,E6,E9",OK,,,,,,,True
B_k9_1od_x1.0,seed_best.csv,D:\PSPS\runs_B_k9_1od_x1.0\analysis\seed_best.csv,both,3,11,13,D:\PSPS\runs_B_k9_1od_x1.0\both_seed3\g011_i013,2000,1247631.0,623.8155,879131.6400000007,621135.0,5038663.8700000495,4.038585022334368,,9,"-E11,-E27,-E7,E16,E19,E28,E47,E58,E8",OK,,,,,,,True
B_k9_1od_x1.0,seed_best.csv,D:\PSPS\runs_B_k9_1od_x1.0\analysis\seed_best.csv,both,4,9,1,D:\PSPS\runs_B_k9_1od_x1.0\both_seed4\g009_i001,2000,1233250.0,616.625,864061.3500000003,606705.0,5045927.2600000445,4.091568830326409,,9,"-E11,-E12,-E21,-E27,-E32,-E8,E22,E23,E9",OK,,,,,,,True
B_k9_1od_x1.0,seed_best.csv,D:\PSPS\runs_B_k9_1od_x1.0\analysis\seed_best.csv,both,5,5,11,D:\PSPS\runs_B_k9_1od_x1.0\both_seed5\g005_i011,2000,1259704.0,629.852,882704.1900000006,620508.0,5151663.380000057,4.089582457466244,,9,"-E14,-E16,-E45,E110,E12,E15,E34,E39,E56",OK,,,,,,,True
B_k9_1od_x1.0,seed_best.csv,D:\PSPS\runs_B_k9_1od_x1.0\analysis\seed_best.csv,both,6,4,15,D:\PSPS\runs_B_k9_1od_x1.0\both_seed6\g004_i015,2000,1254281.0,627.1405,877370.890000001,614900.0,5149651.980000039,4.105660517858469,,9,"-E13,-E47,E29,E38,E46,E6,E7,E8,E9",OK,,,,,,,True
B_k9_1od_x1.0,seed_best.csv,D:\PSPS\runs_B_k9_1od_x1.0\analysis\seed_best.csv,both,7,13,2,D:\PSPS\runs_B_k9_1od_x1.0\both_seed7\g013_i002,2000,1250254.0,625.127,879498.0600000016,618373.0,5069708.400000049,4.054942755632094,,9,"-E11,-E21,-E46,-E63,-E7,E21,E40,E43,E9",OK,,,,,,,True
B_k9_1od_x1.0,seed_best.csv,D:\PSPS\runs_B_k9_1od_x1.0\analysis\seed_best.csv,both,8,3,23,D:\PSPS\runs_B_k9_1od_x1.0\both_seed8\g003_i023,2000,1259320.0,629.66,883129.2000000008,620931.0,5139171.170000032,4.080909673474599,,9,"-E11,-E12,-E52,-E8,E12,E13,E17,E32,E56",OK,,,,,,,True
B_k9_1od_x1.0,seed_best.csv,D:\PSPS\runs_B_k9_1od_x1.0\analysis\seed_best.csv,both,9,7,20,D:\PSPS\runs_B_k9_1od_x1.0\both_seed9\g007_i020,2000,1233250.0,616.625,864061.3500000003,606705.0,5045927.2600000445,4.091568830326409,,9,"-E11,-E12,-E13,-E20,-E23,-E27,E17,E19,E9",OK,,,,,,,True
B_k9_1od_x1.0,seed_best.csv,D:\PSPS\runs_B_k9_1od_x1.0\analysis\seed_best.csv,init,0,8,15,D:\PSPS\runs_B_k9_1od_x1.0\init_seed0\g008_i015,2000,1257258.0,628.629,881362.7599999988,617536.0,5135725.440000053,4.084862009229651,,9,"-E15,-E31,-E32,-E44,E13,E33,E6,E62,E9",OK,,,,,,,True
B_k9_1od_x1.0,seed_best.csv,D:\PSPS\runs_B_k9_1od_x1.0\analysis\seed_best.csv,init,1,1,22,D:\PSPS\runs_B_k9_1od_x1.0\init_seed1\g001_i022,2000,1233250.0,616.625,864061.3500000003,606705.0,5045927.2600000445,4.091568830326409,,5,"-E11,E22,E30,E63,E9",OK,,,,,,,True
B_k9_1od_x1.0,seed_best.csv,D:\PSPS\runs_B_k9_1od_x1.0\analysis\seed_best.csv,init,2,13,14,D:\PSPS\runs_B_k9_1od_x1.0\init_seed2\g013_i014,2000,1247506.0,623.753,875399.6299999974,614737.0,5087164.810000041,4.077868010254091,,9,"-E11,-E32,E14,E21,E40,E50,E56,E7,E9",OK,,,,,,,True
B_k9_1od_x1.0,seed_best.csv,D:\PSPS\runs_B_k9_1od_x1.0\analysis\seed_best.csv,init,3,11,19,D:\PSPS\runs_B_k9_1od_x1.0\init_seed3\g011_i019,2000,1243219.0,621.6095,869714.1799999977,610838.0,5103279.100000044,4.104891495384195,,9,"-E11,-E29,-E30,E17,E19,E56,E62,E7,E8",OK,,,,,,,True
B_k9_1od_x1.0,seed_best.csv,D:\PSPS\runs_B_k9_1od_x1.0\analysis\seed_best.csv,init,4,5,9,D:\PSPS\runs_B_k9_1od_x1.0\init_seed4\g005_i009,2000,1265061.0,632.5305,885279.0500000011,624449.0,5187038.720000029,4.100228147101229,,9,"-E26,-E58,E10,E12,E17,E20,E27,E58,E62",OK,,,,,,,True
B_k9_1od_x1.0,seed_best.csv,D:\PSPS\runs_B_k9_1od_x1.0\analysis\seed_best.csv,init,5,1,0,D:\PSPS\runs_B_k9_1od_x1.0\init_seed5\g001_i000,2000,1272597.0,636.2985,894437.0199999996,626510.0,5166434.900000058,4.059757252295942,,9,"-E30,-E32,-E45,E11,E12,E21,E43,E56,E6",OK,,,,,,,True
B_k9_1od_x1.0,seed_best.csv,D:\PSPS\runs_B_k9_1od_x1.0\analysis\seed_best.csv,init,6,14,21,D:\PSPS\runs_B_k9_1od_x1.0\init_seed6\g014_i021,2000,1243301.0,621.6505,870110.93,610563.0,5103676.600000035,4.10494047700439,,9,"-E11,-E17,-E26,-E30,-E45,-E7,E11,E20,E9",OK,,,,,,,True
B_k9_1od_x1.0,seed_best.csv,D:\PSPS\runs_B_k9_1od_x1.0\analysis\seed_best.csv,init,7,12,7,D:\PSPS\runs_B_k9_1od_x1.0\init_seed7\g012_i007,2000,1260772.0,630.386,886916.7400000013,624312.0,5112003.840000042,4.05466162002332,,9,"-E11,-E13,-E38,-E39,-E9,E15,E27,E51,E8",OK,,,,,,,True
B_k9_1od_x1.0,seed_best.csv,D:\PSPS\runs_B_k9_1od_x1.0\analysis\seed_best.csv,init,8,4,22,D:\PSPS\runs_B_k9_1od_x1.0\init_seed8\g004_i022,2000,1244570.0,622.285,873879.8199999988,614544.0,5071294.540000039,4.074736286428276,,9,"-E11,-E43,-E8,E11,E27,E38,E40,E49,E9",OK,,,,,,,True
B_k9_1od_x1.0,seed_best.csv,D:\PSPS\runs_B_k9_1od_x1.0\analysis\seed_best.csv,init,9,6,2,D:\PSPS\runs_B_k9_1od_x1.0\init_seed9\g006_i002,2000,1248605.0,624.3025,877718.9600000016,616586.0,5072330.170000044,4.06239777191349,,9,"-E11,-E39,-E64,E15,E16,E34,E47,E63,E9",OK,,,,,,,True
B_k9_1od_x1.0,seed_best.csv,D:\PSPS\runs_B_k9_1od_x1.0\analysis\seed_best.csv,mutation,0,11,10,D:\PSPS\runs_B_k9_1od_x1.0\mutation_seed0\g011_i010,2000,1246026.0,623.013,877168.2999999996,618222.0,5042936.110000056,4.047215796460151,,9,"-E11,-E29,-E52,-E8,-E9,E29,E64,E8,E9",OK,,,,,,,True
B_k9_1od_x1.0,seed_best.csv,D:\PSPS\runs_B_k9_1od_x1.0\analysis\seed_best.csv,mutation,1,12,1,D:\PSPS\runs_B_k9_1od_x1.0\mutation_seed1\g012_i001,2000,1255190.0,627.595,878472.9800000013,615358.0,5146265.450000027,4.099989204821602,,9,"-E26,-E38,-E46,-E7,-E9,E12,E47,E63,E8",OK,,,,,,,True
B_k9_1od_x1.0,seed_best.csv,D:\PSPS\runs_B_k9_1od_x1.0\analysis\seed_best.csv,mutation,2,7,16,D:\PSPS\runs_B_k9_1od_x1.0\mutation_seed2\g007_i016,2000,1256479.0,628.2395,880604.049999999,617112.0,5134802.260000056,4.0866598327549095,,9,"-E12,-E20,-E22,-E46,-E47,-E8,E15,E6,E9",OK,,,,,,,True
B_k9_1od_x1.0,seed_best.csv,D:\PSPS\runs_B_k9_1od_x1.0\analysis\seed_best.csv,mutation,3,2,19,D:\PSPS\runs_B_k9_1od_x1.0\mutation_seed3\g002_i019,2000,1244558.0,622.279,873893.6499999992,612953.0,5064411.670000043,4.069245201911074,,9,"-E12,-E40,-E51,-E58,-E9,E110,E47,E56,E9",OK,,,,,,,True
B_k9_1od_x1.0,seed_best.csv,D:\PSPS\runs_B_k9_1od_x1.0\analysis\seed_best.csv,mutation,4,5,23,D:\PSPS\runs_B_k9_1od_x1.0\mutation_seed4\g005_i023,2000,1242425.0,621.2125,870903.509999999,612029.0,5077791.000000047,4.087000020121977,,9,"-E11,-E29,E110,E19,E22,E23,E57,E7,E9",OK,,,,,,,True
B_k9_1od_x1.0,seed_best.csv,D:\PSPS\runs_B_k9_1od_x1.0\analysis\seed_best.csv,mutation,5,4,5,D:\PSPS\runs_B_k9_1od_x1.0\mutation_seed5\g004_i005,2000,1256224.0,628.112,885986.4500000003,621792.0,5059456.800000056,4.027511653972584,,9,"-E19,-E29,-E35,-E41,-E45,-E46,-E63,E51,E9",OK,,,,,,,True
B_k9_1od_x1.0,seed_best.csv,D:\PSPS\runs_B_k9_1od_x1.0\analysis\seed_best.csv,mutation,6,14,22,D:\PSPS\runs_B_k9_1od_x1.0\mutation_seed6\g014_i022,2000,1241933.0,620.9665,865596.4600000005,606524.0,5142458.73000005,4.140689336703389,,9,"-E11,-E22,-E39,-E58,-E63,E20,E30,E7,E9",OK,,,,,,,True
B_k9_1od_x1.0,seed_best.csv,D:\PSPS\runs_B_k9_1od_x1.0\analysis\seed_best.csv,mutation,7,15,6,D:\PSPS\runs_B_k9_1od_x1.0\mutation_seed7\g015_i006,2000,1255255.0,627.6275,879535.0399999989,617203.0,5132642.720000031,4.088924338082725,,9,"-E11,-E12,E12,E13,E20,E27,E30,E40,E9",OK,,,,,,,True
B_k9_1od_x1.0,seed_best.csv,D:\PSPS\runs_B_k9_1od_x1.0\analysis\seed_best.csv,mutation,8,13,4,D:\PSPS\runs_B_k9_1od_x1.0\mutation_seed8\g013_i004,2000,1233250.0,616.625,864061.3500000003,606705.0,5045927.2600000445,4.091568830326409,,9,"-E11,-E22,-E27,-E31,E22,E50,E53,E56,E9",OK,,,,,,,True
B_k9_1od_x1.0,seed_best.csv,D:\PSPS\runs_B_k9_1od_x1.0\analysis\seed_best.csv,mutation,9,4,22,D:\PSPS\runs_B_k9_1od_x1.0\mutation_seed9\g004_i022,2000,1244139.0,622.0695,873558.8799999986,614943.0,5066180.280000049,4.072037191985822,,9,"-E11,-E14,-E45,E11,E15,E27,E29,E56,E9",OK,,,,,,,True
B_k9_1od_x1.0,seed_best.csv,D:\PSPS\runs_B_k9_1od_x1.0\analysis\seed_best.csv,none,0,14,15,D:\PSPS\runs_B_k9_1od_x1.0\none_seed0\g014_i015,2000,1255276.0,627.638,879601.8599999996,616249.0,5135243.3900000565,4.0909277242614825,,9,"-E19,-E52,-E8,E12,E15,E29,E47,E49,E51",OK,,,,,,,True
B_k9_1od_x1.0,seed_best.csv,D:\PSPS\runs_B_k9_1od_x1.0\analysis\seed_best.csv,none,1,15,18,D:\PSPS\runs_B_k9_1od_x1.0\none_seed1\g015_i018,2000,1253013.0,626.5065,876221.9400000011,613911.0,5147981.200000037,4.108481875287836,,9,"-E14,-E26,-E35,-E8,E16,E22,E6,E8,E9",OK,,,,,,,True
B_k9_1od_x1.0,seed_best.csv,D:\PSPS\runs_B_k9_1od_x1.0\analysis\seed_best.csv,none,2,14,9,D:\PSPS\runs_B_k9_1od_x1.0\none_seed2\g014_i009,2000,1234523.0,617.2615,861334.3200000013,603761.0,5099652.360000048,4.130868651292886,,9,"-E11,-E14,-E22,-E45,E20,E40,E57,E63,E9",OK,,,,,,,True
B_k9_1od_x1.0,seed_best.csv,D:\PSPS\runs_B_k9_1od_x1.0\analysis\seed_best.csv,none,3,6,20,D:\PSPS\runs_B_k9_1od_x1.0\none_seed3\g006_i020,2000,1243679.0,621.8395,866732.2400000008,605815.0,5147836.440000035,4.139200259874159,,9,"-E11,-E31,-E32,-E40,-E46,-E50,E24,E38,E57",OK,,,,,,,True
B_k9_1od_x1.0,seed_best.csv,D:\PSPS\runs_B_k9_1od_x1.0\analysis\seed_best.csv,none,4,12,3,D:\PSPS\runs_B_k9_1od_x1.0\none_seed4\g012_i003,2000,1253609.0,626.8045,881176.8300000003,617966.0,5090785.850000036,4.0609040378619135,,9,"-E31,-E35,-E58,E27,E29,E32,E47,E57,E9",OK,,,,,,,True
B_k9_1od_x1.0,seed_best.csv,D:\PSPS\runs_B_k9_1od_x1.0\analysis\seed_best.csv,none,5,12,8,D:\PSPS\runs_B_k9_1od_x1.0\none_seed5\g012_i008,2000,1256395.0,628.1975,882233.9300000011,619324.0,5113014.550000044,4.06959160932672,,9,"-E11,-E17,-E44,-E52,E14,E27,E47,E64,E8",OK,,,,,,,True
B_k9_1od_x1.0,seed_best.csv,D:\PSPS\runs_B_k9_1od_x1.0\analysis\seed_best.csv,none,6,12,22,D:\PSPS\runs_B_k9_1od_x1.0\none_seed6\g012_i022,2000,1241461.0,620.7305,866127.9000000008,605985.0,5130364.010000041,4.132521287418647,,9,"-E19,-E20,-E26,-E30,E21,E27,E40,E50,E8",OK,,,,,,,True
B_k9_1od_x1.0,seed_best.csv,D:\PSPS\runs_B_k9_1od_x1.0\analysis\seed_best.csv,none,7,10,11,D:\PSPS\runs_B_k9_1od_x1.0\none_seed7\g010_i011,2000,1247403.0,623.7015,877612.7500000009,617112.0,5052598.300000041,4.050493946222705,,9,"-E11,-E13,-E14,-E20,-E23,-E46,E43,E58,E9",OK,,,,,,,True
B_k9_1od_x1.0,seed_best.csv,D:\PSPS\runs_B_k9_1od_x1.0\analysis\seed_best.csv,none,8,14,4,D:\PSPS\runs_B_k9_1od_x1.0\none_seed8\g014_i004,2000,1265655.0,632.8275,896385.059999999,631367.0,5049465.970000044,3.98960693869976,,9,"-E11,-E19,-E26,-E35,-E39,-E47,E110,E24,E56",OK,,,,,,,True
B_k9_1od_x1.0,seed_best.csv,D:\PSPS\runs_B_k9_1od_x1.0\analysis\seed_best.csv,none,9,13,1,D:\PSPS\runs_B_k9_1od_x1.0\none_seed9\g013_i001,2000,1245916.0,622.958,869654.1100000006,608751.0,5142063.250000049,4.127134774736057,,9,"-E11,-E27,-E41,E19,E43,E62,E64,E7,E9",OK,,,,,,,True
B_k9_1od_x1.2,seed_best.csv,D:\PSPS\runs_B_k9_1od_x1.2\analysis\seed_best.csv,both,0,4,15,D:\PSPS\runs_B_k9_1od_x1.2\both_seed0\g004_i015,2400,1477894.0,615.7891666666667,1035296.9599999976,725448.0,6055502.56000005,4.097386253682639,,9,"-E11,-E35,-E45,-E51,-E9,E110,E33,E39,E9",OK,,,,,,,True
B_k9_1od_x1.2,seed_best.csv,D:\PSPS\runs_B_k9_1od_x1.2\analysis\seed_best.csv,both,1,6,16,D:\PSPS\runs_B_k9_1od_x1.2\both_seed1\g006_i016,2400,1504154.0,626.7308333333333,1061375.4,748997.0,6057227.890000053,4.02699982182679,,9,"-E11,-E12,-E17,-E29,-E32,-E43,E17,E34,E9",OK,,,,,,,True
B_k9_1od_x1.2,seed_best.csv,D:\PSPS\runs_B_k9_1od_x1.2\analysis\seed_best.csv,both,2,9,21,D:\PSPS\runs_B_k9_1od_x1.2\both_seed2\g009_i021,2400,1492071.0,621.69625,1040354.659999999,725674.0,6172470.01000004,4.136847381927562,,9,"-E11,-E58,-E64,E110,E12,E15,E53,E63,E9",OK,,,,,,,True
B_k9_1od_x1.2,seed_best.csv,D:\PSPS\runs_B_k9_1od_x1.2\analysis\seed_best.csv,both,3,4,16,D:\PSPS\runs_B_k9_1od_x1.2\both_seed3\g004_i016,2400,1495365.0,623.06875,1045900.359999999,731370.0,6148345.290000053,4.111601709281716,,9,"-E38,-E45,-E9,E12,E16,E20,E38,E58,E9",OK,,,,,,,True
B_k9_1od_x1.2,seed_best.csv,D:\PSPS\runs_B_k9_1od_x1.2\analysis\seed_best.csv,both,4,2,12,D:\PSPS\runs_B_k9_1od_x1.2\both_seed4\g002_i012,2400,1490264.0,620.9433333333334,1043086.5699999988,727853.0,6117551.490000064,4.105011924061819,,9,"-E11,-E31,-E41,-E43,-E47,-E64,E28,E8,E9",OK,,,,,,,True
B_k9_1od_x1.2,seed_best.csv,D:\PSPS\runs_B_k9_1od_x1.2\analysis\seed_best.csv,both,5,5,14,D:\PSPS\runs_B_k9_1od_x1.2\both_seed5\g005_i014,2400,1503583.0,626.4929166666667,1053905.5999999994,740455.0,6150971.04000006,4.090875621764851,,9,"-E13,-E23,-E26,-E47,E12,E40,E51,E58,E9",OK,,,,,,,True
B_k9_1od_x1.2,seed_best.csv,D:\PSPS\runs_B_k9_1od_x1.2\analysis\seed_best.csv,both,6,3,1,D:\PSPS\runs_B_k9_1od_x1.2\both_seed6\g003_i001,2400,1504630.0,626.9291666666667,1052644.8799999994,736791.0,6177365.480000052,4.105571123797912,,9,"-E23,-E26,-E7,E110,E12,E20,E23,E63,E9",OK,,,,,,,True
B_k9_1od_x1.2,seed_best.csv,D:\PSPS\runs_B_k9_1od_x1.2\analysis\seed_best.csv,both,7,14,14,D:\PSPS\runs_B_k9_1od_x1.2\both_seed7\g014_i014,2400,1487453.0,619.7720833333333,1040905.0199999996,730278.0,6103499.530000024,4.103322612546429,,9,"-E11,-E26,-E27,-E47,-E51,-E9,E12,E19,E9",OK,,,,,,,True
B_k9_1od_x1.2,seed_best.csv,D:\PSPS\runs_B_k9_1od_x1.2\analysis\seed_best.csv,both,8,11,11,D:\PSPS\runs_B_k9_1od_x1.2\both_seed8\g011_i011,2400,1502379.0,625.99125,1054921.6000000006,741928.0,6118779.740000067,4.072727148076529,,9,"-E11,-E45,-E47,-E52,E14,E20,E33,E51,E9",OK,,,,,,,True
B_k9_1od_x1.2,seed_best.csv,D:\PSPS\runs_B_k9_1od_x1.2\analysis\seed_best.csv,both,9,12,18,D:\PSPS\runs_B_k9_1od_x1.2\both_seed9\g012_i018,2400,1490271.0,620.94625,1041083.6800000028,728050.0,6140229.000000059,4.120209679984418,,9,"-E17,-E20,-E45,-E46,E12,E29,E40,E6,E9",OK,,,,,,,True
B_k9_1od_x1.2,seed_best.csv,D:\PSPS\runs_B_k9_1od_x1.2\analysis\seed_best.csv,init,0,14,14,D:\PSPS\runs_B_k9_1od_x1.2\init_seed0\g014_i014,2400,1495680.0,623.2,1045530.370000001,734435.0,6156639.090000046,4.116280949133536,,9,"-E11,-E31,-E41,E16,E17,E34,E43,E62,E9",OK,,,,,,,True
B_k9_1od_x1.2,seed_best.csv,D:\PSPS\runs_B_k9_1od_x1.2\analysis\seed_best.csv,init,1,7,11,D:\PSPS\runs_B_k9_1od_x1.2\init_seed1\g007_i011,2400,1491737.0,621.5570833333334,1047313.9200000009,737928.0,6076667.860000039,4.073551745381417,,9,"-E11,-E26,-E58,E11,E110,E16,E17,E47,E9",OK,,,,,,,True
B_k9_1od_x1.2,seed_best.csv,D:\PSPS\runs_B_k9_1od_x1.2\analysis\seed_best.csv,init,2,11,13,D:\PSPS\runs_B_k9_1od_x1.2\init_seed2\g011_i013,2400,1503145.0,626.3104166666667,1056793.0499999989,741890.0,6105046.820000065,4.061515569023657,,9,"-E11,-E21,-E27,-E43,-E52,E20,E43,E47,E9",OK,,,,,,,True
B_k9_1od_x1.2,seed_best.csv,D:\PSPS\runs_B_k9_1od_x1.2\analysis\seed_best.csv,init,3,2,23,D:\PSPS\runs_B_k9_1od_x1.2\init_seed3\g002_i023,2400,1490382.0,620.9925,1028431.720000002,717504.0,6311225.260000048,4.23463599265158,,9,"-E13,-E27,-E45,-E7,E12,E16,E24,E52,E63",OK,,,,,,,True
B_k9_1od_x1.2,seed_best.csv,D:\PSPS\runs_B_k9_1od_x1.2\analysis\seed_best.csv,init,4,9,8,D:\PSPS\runs_B_k9_1od_x1.2\init_seed4\g009_i008,2400,1499914.0,624.9641666666666,1054470.85,740358.0,6091861.860000045,4.061474097848307,,9,"-E11,-E44,-E45,-E50,-E6,E14,E33,E53,E9",OK,,,,,,,True
B_k9_1od_x1.2,seed_best.csv,D:\PSPS\runs_B_k9_1od_x1.2\analysis\seed_best.csv,init,5,4,15,D:\PSPS\runs_B_k9_1od_x1.2\init_seed5\g004_i015,2400,1511840.0,629.9333333333333,1054299.6999999976,735731.0,6252232.22000005,4.135511839877268,,9,"-E11,-E12,-E15,-E22,-E44,-E46,E12,E62,E8",OK,,,,,,,True
B_k9_1od_x1.2,seed_best.csv,D:\PSPS\runs_B_k9_1od_x1.2\analysis\seed_best.csv,init,6,15,17,D:\PSPS\runs_B_k9_1od_x1.2\init_seed6\g015_i017,2400,1503885.0,626.61875,1035277.5000000002,720496.0,6401278.950000039,4.256494978006988,,9,"-E15,-E29,-E9,E12,E16,E24,E29,E52,E9",OK,,,,,,,True
B_k9_1od_x1.2,seed_best.csv,D:\PSPS\runs_B_k9_1od_x1.2\analysis\seed_best.csv,init,7,4,1,D:\PSPS\runs_B_k9_1od_x1.2\init_seed7\g004_i001,2400,1500338.0,625.1408333333334,1055649.200000001,741106.0,6081620.60000006,4.053500344589059,,9,"-E11,-E35,-E58,E14,E16,E22,E29,E50,E9",OK,,,,,,,True
B_k9_1od_x1.2,seed_best.csv,D:\PSPS\runs_B_k9_1od_x1.2\analysis\seed_best.csv,init,8,10,19,D:\PSPS\runs_B_k9_1od_x1.2\init_seed8\g010_i019,2400,1499276.0,624.6983333333334,1057017.719999999,743400.0,6050419.130000051,4.035560583908534,,9,"-E11,-E12,-E43,E25,E38,E50,E53,E64,E9",OK,,,,,,,True
B_k9_1od_x1.2,seed_best.csv,D:\PSPS\runs_B_k9_1od_x1.2\analysis\seed_best.csv,init,9,1,13,D:\PSPS\runs_B_k9_1od_x1.2\init_seed9\g001_i013,2400,1505497.0,627.2904166666667,1054296.4700000002,739764.0,6166809.720000034,4.096195289661842,,8,"-E12,-E32,-E35,-E51,-E63,-E8,-E9,E12",OK,,,,,,,True
B_k9_1od_x1.2,seed_best.csv,D:\PSPS\runs_B_k9_1od_x1.2\analysis\seed_best.csv,mutation,0,10,22,D:\PSPS\runs_B_k9_1od_x1.2\mutation_seed0\g010_i022,2400,1511590.0,629.8291666666667,1064310.5299999986,749193.0,6115064.390000038,4.045451736251257,,9,"-E11,-E12,-E22,E14,E23,E26,E57,E62,E9",OK,,,,,,,True
B_k9_1od_x1.2,seed_best.csv,D:\PSPS\runs_B_k9_1od_x1.2\analysis\seed_best.csv,mutation,1,10,14,D:\PSPS\runs_B_k9_1od_x1.2\mutation_seed1\g010_i014,2400,1506101.0,627.5420833333334,1051835.9200000006,742405.0,6206324.870000035,4.120789289695734,,9,"-E13,-E43,-E45,-E8,E10,E12,E49,E63,E9",OK,,,,,,,True
B_k9_1od_x1.2,seed_best.csv,D:\PSPS\runs_B_k9_1od_x1.2\analysis\seed_best.csv,mutation,2,9,23,D:\PSPS\runs_B_k9_1od_x1.2\mutation_seed2\g009_i023,2400,1480469.0,616.8620833333333,1036968.0499999992,727187.0,6065392.730000047,4.096940043999602,,9,"-E11,-E26,-E29,-E47,-E6,-E8,E17,E40,E9",OK,,,,,,,True
B_k9_1od_x1.2,seed_best.csv,D:\PSPS\runs_B_k9_1od_x1.2\analysis\seed_best.csv,mutation,3,7,15,D:\PSPS\runs_B_k9_1od_x1.2\mutation_seed3\g007_i015,2400,1504630.0,626.9291666666667,1052644.8799999994,736791.0,6177365.480000052,4.105571123797912,,9,"-E12,-E14,-E26,-E29,-E52,E110,E12,E21,E9",OK,,,,,,,True
B_k9_1od_x1.2,seed_best.csv,D:\PSPS\runs_B_k9_1od_x1.2\analysis\seed_best.csv,mutation,4,3,15,D:\PSPS\runs_B_k9_1od_x1.2\mutation_seed4\g003_i015,2400,1493490.0,622.2875,1044619.5899999994,730035.0,6140319.030000052,4.111389450213964,,9,"-E31,-E63,-E9,E12,E32,E50,E51,E56,E9",OK,,,,,,,True
B_k9_1od_x1.2,seed_best.csv,D:\PSPS\runs_B_k9_1od_x1.2\analysis\seed_best.csv,mutation,5,8,17,D:\PSPS\runs_B_k9_1od_x1.2\mutation_seed5\g008_i017,2400,1496103.0,623.37625,1045270.7500000006,729353.0,6165279.110000058,4.120892151142039,,9,"-E20,-E40,-E45,-E50,E12,E15,E38,E53,E9",OK,,,,,,,True
B_k9_1od_x1.2,seed_best.csv,D:\PSPS\runs_B_k9_1od_x1.2\analysis\seed_best.csv,mutation,6,11,4,D:\PSPS\runs_B_k9_1od_x1.2\mutation_seed6\g011_i004,2400,1510065.0,629.19375,1057408.0799999998,740349.0,6189369.9500000505,4.098744060686163,,9,"-E28,-E30,-E35,-E44,E12,E15,E33,E62,E9",OK,,,,,,,True
B_k9_1od_x1.2,seed_best.csv,D:\PSPS\runs_B_k9_1od_x1.2\analysis\seed_best.csv,mutation,7,4,4,D:\PSPS\runs_B_k9_1od_x1.2\mutation_seed7\g004_i004,2400,1502983.0,626.2429166666667,1055740.4000000013,741997.0,6116712.240000069,4.0697148537276,,9,"-E43,-E8,-E9,E12,E13,E14,E15,E6,E9",OK,,,,,,,True
B_k9_1od_x1.2,seed_best.csv,D:\PSPS\runs_B_k9_1od_x1.2\analysis\seed_best.csv,mutation,8,5,16,D:\PSPS\runs_B_k9_1od_x1.2\mutation_seed8\g005_i016,2400,1503583.0,626.4929166666667,1053905.5999999994,740455.0,6150971.04000006,4.090875621764851,,9,"-E14,-E22,-E32,-E51,E12,E23,E40,E50,E9",OK,,,,,,,True
B_k9_1od_x1.2,seed_best.csv,D:\PSPS\runs_B_k9_1od_x1.2\analysis\seed_best.csv,mutation,9,12,10,D:\PSPS\runs_B_k9_1od_x1.2\mutation_seed9\g012_i010,2400,1503583.0,626.4929166666667,1053905.5999999994,740455.0,6150971.04000006,4.090875621764851,,9,"-E26,-E31,-E52,E12,E21,E40,E51,E53,E9",OK,,,,,,,True
B_k9_1od_x1.2,seed_best.csv,D:\PSPS\runs_B_k9_1od_x1.2\analysis\seed_best.csv,none,0,15,4,D:\PSPS\runs_B_k9_1od_x1.2\none_seed0\g015_i004,2400,1496501.0,623.5420833333334,1047074.1600000015,732613.0,6147177.920000056,4.107700509388271,,9,"-E43,-E44,-E45,-E46,E11,E12,E17,E53,E56",OK,,,,,,,True
B_k9_1od_x1.2,seed_best.csv,D:\PSPS\runs_B_k9_1od_x1.2\analysis\seed_best.csv,none,1,9,11,D:\PSPS\runs_B_k9_1od_x1.2\none_seed1\g009_i011,2400,1496272.0,623.4466666666667,1044113.2299999984,729828.0,6180916.280000064,4.130877460782574,,9,"-E15,-E28,-E29,-E58,E110,E12,E40,E6,E9",OK,,,,,,,True
B_k9_1od_x1.2,seed_best.csv,D:\PSPS\runs_B_k9_1od_x1.2\analysis\seed_best.csv,none,2,8,12,D:\PSPS\runs_B_k9_1od_x1.2\none_seed2\g008_i012,2400,1513541.0,630.6420833333333,1064043.8199999998,749466.0,6146559.850000071,4.061046149394084,,9,"-E11,-E28,-E32,-E41,-E64,-E7,E14,E39,E9",OK,,,,,,,True
B_k9_1od_x1.2,seed_best.csv,D:\PSPS\runs_B_k9_1od_x1.2\analysis\seed_best.csv,none,3,14,4,D:\PSPS\runs_B_k9_1od_x1.2\none_seed3\g014_i004,2400,1513730.0,630.7208333333333,1052487.369999999,736676.0,6297973.110000025,4.16056569533538,,9,"-E11,-E32,-E8,E12,E24,E40,E6,E62,E9",OK,,,,,,,True
B_k9_1od_x1.2,seed_best.csv,D:\PSPS\runs_B_k9_1od_x1.2\analysis\seed_best.csv,none,4,1,6,D:\PSPS\runs_B_k9_1od_x1.2\none_seed4\g001_i006,2400,1495711.0,623.2129166666666,1051442.65,740941.0,6079730.850000064,4.064776450798359,,6,"-E25,-E45,-E53,E110,E28,E32",OK,,,,,,,True
B_k9_1od_x1.2,seed_best.csv,D:\PSPS\runs_B_k9_1od_x1.2\analysis\seed_best.csv,none,5,7,7,D:\PSPS\runs_B_k9_1od_x1.2\none_seed5\g007_i007,2400,1505759.0,627.3995833333333,1053990.809999999,737791.0,6176426.020000055,4.101868904652108,,9,"-E30,-E45,-E9,E12,E23,E29,E39,E50,E63",OK,,,,,,,True
B_k9_1od_x1.2,seed_best.csv,D:\PSPS\runs_B_k9_1od_x1.2\analysis\seed_best.csv,none,6,12,14,D:\PSPS\runs_B_k9_1od_x1.2\none_seed6\g012_i014,2400,1490264.0,620.9433333333334,1043086.5699999988,727853.0,6117551.490000064,4.105011924061819,,9,"-E11,-E23,-E26,-E32,-E45,E21,E51,E8,E9",OK,,,,,,,True
B_k9_1od_x1.2,seed_best.csv,D:\PSPS\runs_B_k9_1od_x1.2\analysis\seed_best.csv,none,7,15,23,D:\PSPS\runs_B_k9_1od_x1.2\none_seed7\g015_i023,2400,1504502.0,626.8758333333334,1059189.099999999,745981.0,6091008.210000025,4.048521178436469,,9,"-E11,-E15,-E26,-E52,E17,E29,E49,E56,E9",OK,,,,,,,True
B_k9_1od_x1.2,seed_best.csv,D:\PSPS\runs_B_k9_1od_x1.2\analysis\seed_best.csv,none,8,3,6,D:\PSPS\runs_B_k9_1od_x1.2\none_seed8\g003_i006,2400,1503583.0,626.4929166666667,1053905.5999999994,740455.0,6150971.04000006,4.090875621764851,,9,"-E26,-E46,-E50,-E7,E12,E38,E40,E56,E9",OK,,,,,,,True
B_k9_1od_x1.2,seed_best.csv,D:\PSPS\runs_B_k9_1od_x1.2\analysis\seed_best.csv,none,9,6,18,D:\PSPS\runs_B_k9_1od_x1.2\none_seed9\g006_i018,2400,1526420.0,636.0083333333333,1080071.7999999975,761923.0,6103424.28000007,3.998522215379824,,9,"-E11,-E19,-E23,E28,E31,E34,E38,E49,E6",OK,,,,,,,True
B_k9_2od_x0.8,seed_best.csv,D:\PSPS\runs_B_k9_2od_x0.8\analysis\seed_best.csv,both,0,11,21,D:\PSPS\runs_B_k9_2od_x0.8\both_seed0\g011_i021,1600,952341.0,595.213125,626594.4299999997,431234.0,4451869.800000019,4.674659391961513,,9,"-E17,-E27,-E40,-E64,E25,E33,E52,E63,E8",OK,,,,,,,True
B_k9_2od_x0.8,seed_best.csv,D:\PSPS\runs_B_k9_2od_x0.8\analysis\seed_best.csv,both,1,7,7,D:\PSPS\runs_B_k9_2od_x0.8\both_seed1\g007_i007,1600,971978.0,607.48625,642072.9600000001,443040.0,4507002.560000015,4.636938860756122,,9,"-E12,-E13,-E15,-E21,-E27,-E51,E11,E21,E8",OK,,,,,,,True
B_k9_2od_x0.8,seed_best.csv,D:\PSPS\runs_B_k9_2od_x0.8\analysis\seed_best.csv,both,2,11,6,D:\PSPS\runs_B_k9_2od_x0.8\both_seed2\g011_i006,1600,956994.0,598.12125,633388.1299999995,435406.0,4424691.190000038,4.623530753588881,,9,"-E11,-E14,E16,E29,E32,E38,E52,E59,E8",OK,,,,,,,True
B_k9_2od_x0.8,seed_best.csv,D:\PSPS\runs_B_k9_2od_x0.8\analysis\seed_best.csv,both,3,12,23,D:\PSPS\runs_B_k9_2od_x0.8\both_seed3\g012_i023,1600,952731.0,595.456875,630362.4799999993,433185.0,4407018.550000033,4.625669312744136,,9,"-E11,-E13,-E46,-E52,E22,E33,E43,E52,E8",OK,,,,,,,True
B_k9_2od_x0.8,seed_best.csv,D:\PSPS\runs_B_k9_2od_x0.8\analysis\seed_best.csv,both,4,3,16,D:\PSPS\runs_B_k9_2od_x0.8\both_seed4\g003_i016,1600,968377.0,605.235625,638220.8599999996,439476.0,4514109.290000022,4.661520554494812,,9,"-E16,-E8,E110,E26,E33,E39,E53,E63,E8",OK,,,,,,,True
B_k9_2od_x0.8,seed_best.csv,D:\PSPS\runs_B_k9_2od_x0.8\analysis\seed_best.csv,both,5,12,2,D:\PSPS\runs_B_k9_2od_x0.8\both_seed5\g012_i002,1600,963356.0,602.0975,630046.1699999992,432473.0,4555090.07000002,4.728355945258056,,9,"-E15,-E38,-E51,-E53,E17,E24,E52,E63,E8",OK,,,,,,,True
B_k9_2od_x0.8,seed_best.csv,D:\PSPS\runs_B_k9_2od_x0.8\analysis\seed_best.csv,both,6,13,5,D:\PSPS\runs_B_k9_2od_x0.8\both_seed6\g013_i005,1600,963854.0,602.40875,637485.1700000009,436521.0,4460376.540000026,4.627647486030069,,9,"-E11,-E12,-E20,-E22,-E30,E43,E52,E63,E8",OK,,,,,,,True
B_k9_2od_x0.8,seed_best.csv,D:\PSPS\runs_B_k9_2od_x0.8\analysis\seed_best.csv,both,7,5,18,D:\PSPS\runs_B_k9_2od_x0.8\both_seed7\g005_i018,1600,963473.0,602.170625,636009.0000000012,439413.0,4478162.310000019,4.647937523936861,,9,"-E20,-E21,-E43,-E53,E30,E33,E63,E8,E9",OK,,,,,,,True
B_k9_2od_x0.8,seed_best.csv,D:\PSPS\runs_B_k9_2od_x0.8\analysis\seed_best.csv,both,8,12,18,D:\PSPS\runs_B_k9_2od_x0.8\both_seed8\g012_i018,1600,957543.0,598.464375,627135.2400000006,433506.0,4518862.590000039,4.719226802347298,,9,"-E11,-E38,-E43,-E47,-E9,E31,E57,E7,E8",OK,,,,,,,True
B_k9_2od_x0.8,seed_best.csv,D:\PSPS\runs_B_k9_2od_x0.8\analysis\seed_best.csv,both,9,13,15,D:\PSPS\runs_B_k9_2od_x0.8\both_seed9\g013_i015,1600,969757.0,606.098125,643573.4999999997,445662.0,4456241.790000025,4.595214873416769,,9,"-E11,-E58,-E6,-E64,E110,E52,E63,E7,E8",OK,,,,,,,True
B_k9_2od_x0.8,seed_best.csv,D:\PSPS\runs_B_k9_2od_x0.8\analysis\seed_best.csv,init,0,9,6,D:\PSPS\runs_B_k9_2od_x0.8\init_seed0\g009_i006,1600,961666.0,601.04125,635344.3600000001,435521.0,4460504.960000025,4.638309932970517,,9,"-E17,-E22,-E27,-E52,E39,E47,E50,E64,E8",OK,,,,,,,True
B_k9_2od_x0.8,seed_best.csv,D:\PSPS\runs_B_k9_2od_x0.8\analysis\seed_best.csv,init,1,14,16,D:\PSPS\runs_B_k9_2od_x0.8\init_seed1\g014_i016,1600,971234.0,607.02125,641601.7800000004,438991.0,4503695.720000036,4.637086139900411,,9,"-E19,-E21,-E25,E110,E21,E28,E39,E58,E8",OK,,,,,,,True
B_k9_2od_x0.8,seed_best.csv,D:\PSPS\runs_B_k9_2od_x0.8\analysis\seed_best.csv,init,2,1,16,D:\PSPS\runs_B_k9_2od_x0.8\init_seed2\g001_i016,1600,973749.0,608.593125,640773.0299999993,439200.0,4553875.340000035,4.676641865614275,,5,"-E13,-E43,E14,E22,E8",OK,,,,,,,True
B_k9_2od_x0.8,seed_best.csv,D:\PSPS\runs_B_k9_2od_x0.8\analysis\seed_best.csv,init,3,7,8,D:\PSPS\runs_B_k9_2od_x0.8\init_seed3\g007_i008,1600,967920.0,604.95,639810.8999999998,441273.0,4483594.63000002,4.632195460368647,,9,"-E21,-E51,-E8,-E9,E17,E56,E63,E64,E8",OK,,,,,,,True
B_k9_2od_x0.8,seed_best.csv,D:\PSPS\runs_B_k9_2od_x0.8\analysis\seed_best.csv,init,4,3,17,D:\PSPS\runs_B_k9_2od_x0.8\init_seed4\g003_i017,1600,957208.0,598.255,628943.7300000008,435367.0,4487097.56000002,4.687693333110484,,9,"-E21,-E53,-E64,E12,E21,E29,E41,E50,E8",OK,,,,,,,True
B_k9_2od_x0.8,seed_best.csv,D:\PSPS\runs_B_k9_2od_x0.8\analysis\seed_best.csv,init,5,4,7,D:\PSPS\runs_B_k9_2od_x0.8\init_seed5\g004_i007,1600,951435.0,594.646875,622810.2399999985,426321.0,4489709.500000021,4.718882004551043,,9,"-E26,-E30,-E35,-E43,-E52,-E8,E24,E58,E8",OK,,,,,,,True
B_k9_2od_x0.8,seed_best.csv,D:\PSPS\runs_B_k9_2od_x0.8\analysis\seed_best.csv,init,6,6,13,D:\PSPS\runs_B_k9_2od_x0.8\init_seed6\g006_i013,1600,970838.0,606.77375,645367.8099999997,442600.0,4449326.920000028,4.582975656082712,,9,"-E12,-E50,-E7,E24,E32,E47,E64,E7,E8",OK,,,,,,,True
B_k9_2od_x0.8,seed_best.csv,D:\PSPS\runs_B_k9_2od_x0.8\analysis\seed_best.csv,init,7,1,2,D:\PSPS\runs_B_k9_2od_x0.8\init_seed7\g001_i002,1600,973749.0,608.593125,640773.0299999993,439200.0,4553875.340000035,4.676641865614275,,6,"-E20,-E6,E14,E30,E63,E8",OK,,,,,,,True
B_k9_2od_x0.8,seed_best.csv,D:\PSPS\runs_B_k9_2od_x0.8\analysis\seed_best.csv,init,8,2,15,D:\PSPS\runs_B_k9_2od_x0.8\init_seed8\g002_i015,1600,971711.0,607.319375,645065.4699999992,446595.0,4468804.660000033,4.598903027752113,,9,"-E13,-E21,-E40,-E44,E34,E43,E52,E64,E8",OK,,,,,,,True
B_k9_2od_x0.8,seed_best.csv,D:\PSPS\runs_B_k9_2od_x0.8\analysis\seed_best.csv,init,9,15,13,D:\PSPS\runs_B_k9_2od_x0.8\init_seed9\g015_i013,1600,969323.0,605.826875,645850.5200000004,448103.0,4422693.180000022,4.562661960976911,,9,"-E38,-E53,E11,E16,E32,E39,E41,E45,E8",OK,,,,,,,True
B_k9_2od_x0.8,seed_best.csv,D:\PSPS\runs_B_k9_2od_x0.8\analysis\seed_best.csv,mutation,0,6,7,D:\PSPS\runs_B_k9_2od_x0.8\mutation_seed0\g006_i007,1600,973749.0,608.593125,640773.0299999993,439200.0,4553875.340000035,4.676641865614275,,9,"-E22,E14,E21,E23,E33,E51,E53,E62,E8",OK,,,,,,,True
B_k9_2od_x0.8,seed_best.csv,D:\PSPS\runs_B_k9_2od_x0.8\analysis\seed_best.csv,mutation,1,9,16,D:\PSPS\runs_B_k9_2od_x0.8\mutation_seed1\g009_i016,1600,969339.0,605.836875,644891.5099999997,441826.0,4434125.440000018,4.5743805211592825,,9,"-E20,-E26,-E46,-E53,E12,E21,E28,E33,E8",OK,,,,,,,True
B_k9_2od_x0.8,seed_best.csv,D:\PSPS\runs_B_k9_2od_x0.8\analysis\seed_best.csv,mutation,2,6,3,D:\PSPS\runs_B_k9_2od_x0.8\mutation_seed2\g006_i003,1600,949466.0,593.41625,623076.319999999,427882.0,4463021.160000034,4.700559219603476,,9,"-E35,-E50,-E64,E21,E45,E50,E52,E63,E8",OK,,,,,,,True
B_k9_2od_x0.8,seed_best.csv,D:\PSPS\runs_B_k9_2od_x0.8\analysis\seed_best.csv,mutation,3,8,8,D:\PSPS\runs_B_k9_2od_x0.8\mutation_seed3\g008_i008,1600,954642.0,596.65125,630449.2899999998,434849.0,4434074.130000026,4.644750733782953,,9,"-E58,E11,E110,E12,E26,E52,E64,E7,E8",OK,,,,,,,True
B_k9_2od_x0.8,seed_best.csv,D:\PSPS\runs_B_k9_2od_x0.8\analysis\seed_best.csv,mutation,4,13,10,D:\PSPS\runs_B_k9_2od_x0.8\mutation_seed4\g013_i010,1600,969823.0,606.139375,644234.5700000002,443296.0,4450948.7300000135,4.589444393461501,,9,"-E28,-E7,E16,E21,E24,E27,E43,E52,E8",OK,,,,,,,True
B_k9_2od_x0.8,seed_best.csv,D:\PSPS\runs_B_k9_2od_x0.8\analysis\seed_best.csv,mutation,5,6,4,D:\PSPS\runs_B_k9_2od_x0.8\mutation_seed5\g006_i004,1600,972232.0,607.645,641538.1200000015,440611.0,4522448.520000032,4.651614552905101,,9,"-E26,-E30,-E44,-E46,E11,E26,E58,E64,E8",OK,,,,,,,True
B_k9_2od_x0.8,seed_best.csv,D:\PSPS\runs_B_k9_2od_x0.8\analysis\seed_best.csv,mutation,6,11,2,D:\PSPS\runs_B_k9_2od_x0.8\mutation_seed6\g011_i002,1600,963135.0,601.959375,635620.9599999996,439546.0,4476352.250000011,4.647689316658632,,9,"-E15,-E32,-E47,-E9,E11,E12,E34,E8,E9",OK,,,,,,,True
B_k9_2od_x0.8,seed_best.csv,D:\PSPS\runs_B_k9_2od_x0.8\analysis\seed_best.csv,mutation,7,5,20,D:\PSPS\runs_B_k9_2od_x0.8\mutation_seed7\g005_i020,1600,934290.0,583.93125,607140.7000000003,414189.0,4473947.500000024,4.788606856543497,,9,"-E26,-E27,-E29,-E30,-E35,-E64,E52,E58,E8",OK,,,,,,,True
B_k9_2od_x0.8,seed_best.csv,D:\PSPS\runs_B_k9_2od_x0.8\analysis\seed_best.csv,mutation,8,10,8,D:\PSPS\runs_B_k9_2od_x0.8\mutation_seed8\g010_i008,1600,966173.0,603.858125,639600.020000001,440725.0,4466277.150000024,4.622647445126312,,9,"-E30,-E40,E11,E110,E29,E45,E52,E58,E8",OK,,,,,,,True
B_k9_2od_x0.8,seed_best.csv,D:\PSPS\runs_B_k9_2od_x0.8\analysis\seed_best.csv,mutation,9,1,9,D:\PSPS\runs_B_k9_2od_x0.8\mutation_seed9\g001_i009,1600,973749.0,608.593125,640773.0299999993,439200.0,4553875.340000035,4.676641865614275,,5,"-E13,-E29,E33,E62,E8",OK,,,,,,,True
B_k9_2od_x0.8,seed_best.csv,D:\PSPS\runs_B_k9_2od_x0.8\analysis\seed_best.csv,none,0,13,21,D:\PSPS\runs_B_k9_2od_x0.8\none_seed0\g013_i021,1600,967141.0,604.463125,637686.1400000013,438347.0,4502104.140000012,4.655064918145349,,9,"-E23,-E29,-E9,E12,E24,E53,E58,E7,E8",OK,,,,,,,True
B_k9_2od_x0.8,seed_best.csv,D:\PSPS\runs_B_k9_2od_x0.8\analysis\seed_best.csv,none,1,15,20,D:\PSPS\runs_B_k9_2od_x0.8\none_seed1\g015_i020,1600,963790.0,602.36875,635030.1499999996,435368.0,4493631.500000013,4.662459145664526,,9,"-E28,-E58,E21,E24,E32,E51,E63,E64,E8",OK,,,,,,,True
B_k9_2od_x0.8,seed_best.csv,D:\PSPS\runs_B_k9_2od_x0.8\analysis\seed_best.csv,none,2,8,6,D:\PSPS\runs_B_k9_2od_x0.8\none_seed2\g008_i006,1600,953410.0,595.88125,626350.7999999998,427174.0,4470212.190000016,4.688656705929261,,9,"-E35,-E53,E16,E38,E39,E45,E53,E58,E8",OK,,,,,,,True
B_k9_2od_x0.8,seed_best.csv,D:\PSPS\runs_B_k9_2od_x0.8\analysis\seed_best.csv,none,3,11,6,D:\PSPS\runs_B_k9_2od_x0.8\none_seed3\g011_i006,1600,946593.0,591.620625,615189.460000001,420809.0,4527676.980000016,4.783129581562526,,9,"-E14,-E38,-E44,E14,E24,E26,E33,E46,E8",OK,,,,,,,True
B_k9_2od_x0.8,seed_best.csv,D:\PSPS\runs_B_k9_2od_x0.8\analysis\seed_best.csv,none,4,11,6,D:\PSPS\runs_B_k9_2od_x0.8\none_seed4\g011_i006,1600,961239.0,600.774375,636062.0100000002,441588.0,4447628.830000027,4.626975008296612,,9,"-E31,-E6,-E7,-E9,E10,E15,E34,E39,E8",OK,,,,,,,True
B_k9_2od_x0.8,seed_best.csv,D:\PSPS\runs_B_k9_2od_x0.8\analysis\seed_best.csv,none,5,9,6,D:\PSPS\runs_B_k9_2od_x0.8\none_seed5\g009_i006,1600,957991.0,598.744375,628852.650000002,433965.0,4500809.930000034,4.698175588288444,,9,"-E11,-E21,-E29,-E35,-E44,-E9,E53,E7,E8",OK,,,,,,,True
B_k9_2od_x0.8,seed_best.csv,D:\PSPS\runs_B_k9_2od_x0.8\analysis\seed_best.csv,none,6,8,5,D:\PSPS\runs_B_k9_2od_x0.8\none_seed6\g008_i005,1600,973749.0,608.593125,640773.0299999993,439200.0,4553875.340000035,4.676641865614275,,9,"-E13,-E8,E33,E34,E50,E53,E57,E62,E8",OK,,,,,,,True
B_k9_2od_x0.8,seed_best.csv,D:\PSPS\runs_B_k9_2od_x0.8\analysis\seed_best.csv,none,7,14,1,D:\PSPS\runs_B_k9_2od_x0.8\none_seed7\g014_i001,1600,961899.0,601.186875,631443.3300000009,433567.0,4518277.430000025,4.697247247372151,,9,"-E20,-E46,-E8,E14,E43,E45,E47,E58,E8",OK,,,,,,,True
B_k9_2od_x0.8,seed_best.csv,D:\PSPS\runs_B_k9_2od_x0.8\analysis\seed_best.csv,none,8,7,9,D:\PSPS\runs_B_k9_2od_x0.8\none_seed8\g007_i009,1600,967629.0,604.768125,641005.3399999993,441755.0,4465201.170000012,4.614579730454556,,9,"-E13,-E35,-E6,-E9,E10,E41,E47,E56,E8",OK,,,,,,,True
B_k9_2od_x0.8,seed_best.csv,D:\PSPS\runs_B_k9_2od_x0.8\analysis\seed_best.csv,none,9,2,12,D:\PSPS\runs_B_k9_2od_x0.8\none_seed9\g002_i012,1600,969385.0,605.865625,643105.079999999,440555.0,4459953.170000019,4.600806872398499,,9,"-E30,-E35,-E53,E110,E21,E27,E33,E58,E8",OK,,,,,,,True
B_k9_2od_x1.0,seed_best.csv,D:\PSPS\runs_B_k9_2od_x1.0\analysis\seed_best.csv,both,0,9,14,D:\PSPS\runs_B_k9_2od_x1.0\both_seed0\g009_i014,2000,1491269.0,745.6345,1081744.820000001,710791.0,5584804.930000041,3.745001693188848,,9,"-E19,-E29,-E7,-E9,E110,E12,E21,E24,E8",OK,,,,,,,True
B_k9_2od_x1.0,seed_best.csv,D:\PSPS\runs_B_k9_2od_x1.0\analysis\seed_best.csv,both,1,10,19,D:\PSPS\runs_B_k9_2od_x1.0\both_seed1\g010_i019,2000,1490806.0,745.403,1086344.8099999996,710358.0,5518795.110000021,3.701886838394816,,9,"-E19,-E30,-E50,-E7,E16,E21,E50,E58,E8",OK,,,,,,,True
B_k9_2od_x1.0,seed_best.csv,D:\PSPS\runs_B_k9_2od_x1.0\analysis\seed_best.csv,both,2,2,2,D:\PSPS\runs_B_k9_2od_x1.0\both_seed2\g002_i002,2000,1493991.0,746.9955,1085017.5499999982,711008.0,5578423.840000061,3.7339072591468496,,9,"-E14,-E23,-E58,-E7,E11,E16,E46,E52,E8",OK,,,,,,,True
B_k9_2od_x1.0,seed_best.csv,D:\PSPS\runs_B_k9_2od_x1.0\analysis\seed_best.csv,both,3,4,13,D:\PSPS\runs_B_k9_2od_x1.0\both_seed3\g004_i013,2000,1459677.0,729.8385,1044590.4799999982,674991.0,5658461.46000006,3.876516147065453,,9,"-E20,-E26,-E45,-E47,E11,E110,E26,E58,E8",OK,,,,,,,True
B_k9_2od_x1.0,seed_best.csv,D:\PSPS\runs_B_k9_2od_x1.0\analysis\seed_best.csv,both,4,15,3,D:\PSPS\runs_B_k9_2od_x1.0\both_seed4\g015_i003,2000,1480363.0,740.1815,1064899.75,688338.0,5667229.47000006,3.828270140499364,,9,"-E26,-E29,-E47,E110,E12,E26,E59,E63,E8",OK,,,,,,,True
B_k9_2od_x1.0,seed_best.csv,D:\PSPS\runs_B_k9_2od_x1.0\analysis\seed_best.csv,both,5,9,5,D:\PSPS\runs_B_k9_2od_x1.0\both_seed5\g009_i005,2000,1508608.0,754.304,1096973.0199999972,717190.0,5613701.820000035,3.721113649138832,,9,"-E16,-E30,-E50,-E52,-E8,E26,E28,E51,E8",OK,,,,,,,True
B_k9_2od_x1.0,seed_best.csv,D:\PSPS\runs_B_k9_2od_x1.0\analysis\seed_best.csv,both,6,2,4,D:\PSPS\runs_B_k9_2od_x1.0\both_seed6\g002_i004,2000,1501884.0,750.942,1089474.500000002,712687.0,5622481.970000044,3.743619327458075,,9,"-E16,-E17,-E47,-E64,-E7,E17,E23,E26,E49",OK,,,,,,,True
B_k9_2od_x1.0,seed_best.csv,D:\PSPS\runs_B_k9_2od_x1.0\analysis\seed_best.csv,both,7,9,3,D:\PSPS\runs_B_k9_2od_x1.0\both_seed7\g009_i003,2000,1465734.0,732.867,1051237.66,686613.0,5649268.120000036,3.8542246546781582,,9,"-E30,-E7,E110,E19,E39,E46,E58,E63,E8",OK,,,,,,,True
B_k9_2od_x1.0,seed_best.csv,D:\PSPS\runs_B_k9_2od_x1.0\analysis\seed_best.csv,both,8,5,11,D:\PSPS\runs_B_k9_2od_x1.0\both_seed8\g005_i011,2000,1492739.0,746.3695,1075732.4499999995,708356.0,5686968.430000045,3.8097540360371407,,9,"-E12,-E29,-E45,-E47,-E64,-E9,E16,E51,E6",OK,,,,,,,True
B_k9_2od_x1.0,seed_best.csv,D:\PSPS\runs_B_k9_2od_x1.0\analysis\seed_best.csv,both,9,11,17,D:\PSPS\runs_B_k9_2od_x1.0\both_seed9\g011_i017,2000,1491315.0,745.6575,1083172.9800000014,708822.0,5568076.670000046,3.7336690571744033,,9,"-E21,-E30,-E45,-E64,-E7,-E8,E46,E58,E8",OK,,,,,,,True
B_k9_2od_x1.0,seed_best.csv,D:\PSPS\runs_B_k9_2od_x1.0\analysis\seed_best.csv,init,0,5,22,D:\PSPS\runs_B_k9_2od_x1.0\init_seed0\g005_i022,2000,1462308.0,731.154,1046215.3999999994,675867.0,5678914.470000052,3.883528278584301,,9,"-E12,-E30,E14,E24,E46,E50,E52,E7,E8",OK,,,,,,,True
B_k9_2od_x1.0,seed_best.csv,D:\PSPS\runs_B_k9_2od_x1.0\analysis\seed_best.csv,init,1,15,7,D:\PSPS\runs_B_k9_2od_x1.0\init_seed1\g015_i007,2000,1499158.0,749.579,1085700.8599999992,706756.0,5639214.030000034,3.761587524463754,,9,"-E11,-E21,-E32,-E43,-E58,-E9,E12,E58,E8",OK,,,,,,,True
B_k9_2od_x1.0,seed_best.csv,D:\PSPS\runs_B_k9_2od_x1.0\analysis\seed_best.csv,init,2,13,20,D:\PSPS\runs_B_k9_2od_x1.0\init_seed2\g013_i020,2000,1470501.0,735.2505,1056123.4400000006,681829.0,5649477.47000005,3.841872579481449,,9,"-E35,-E47,-E53,-E8,E17,E24,E29,E32,E8",OK,,,,,,,True
B_k9_2od_x1.0,seed_best.csv,D:\PSPS\runs_B_k9_2od_x1.0\analysis\seed_best.csv,init,3,13,17,D:\PSPS\runs_B_k9_2od_x1.0\init_seed3\g013_i017,2000,1474947.0,737.4735,1064347.9500000014,694159.0,5599931.910000025,3.79670043059176,,9,"-E23,-E44,-E52,-E7,E11,E12,E63,E64,E8",OK,,,,,,,True
B_k9_2od_x1.0,seed_best.csv,D:\PSPS\runs_B_k9_2od_x1.0\analysis\seed_best.csv,init,4,11,9,D:\PSPS\runs_B_k9_2od_x1.0\init_seed4\g011_i009,2000,1470047.0,735.0235,1058823.1699999992,687512.0,5607691.1600000365,3.8146339266703966,,9,"-E47,-E9,E19,E27,E33,E43,E56,E58,E8",OK,,,,,,,True
B_k9_2od_x1.0,seed_best.csv,D:\PSPS\runs_B_k9_2od_x1.0\analysis\seed_best.csv,init,5,13,18,D:\PSPS\runs_B_k9_2od_x1.0\init_seed5\g013_i018,2000,1487753.0,743.8765,1074317.4900000007,699038.0,5637632.430000027,3.789360485241856,,9,"-E25,-E35,-E40,-E46,-E47,E17,E33,E52,E8",OK,,,,,,,True
B_k9_2od_x1.0,seed_best.csv,D:\PSPS\runs_B_k9_2od_x1.0\analysis\seed_best.csv,init,6,15,10,D:\PSPS\runs_B_k9_2od_x1.0\init_seed6\g015_i010,2000,1476121.0,738.0605,1068198.7900000012,694181.0,5563497.570000034,3.768998320598402,,9,"-E11,-E22,-E35,-E43,-E7,E110,E12,E58,E8",OK,,,,,,,True
B_k9_2od_x1.0,seed_best.csv,D:\PSPS\runs_B_k9_2od_x1.0\analysis\seed_best.csv,init,7,5,16,D:\PSPS\runs_B_k9_2od_x1.0\init_seed7\g005_i016,2000,1488276.0,744.138,1080732.700000001,704478.0,5557923.940000035,3.734471253987859,,9,"-E15,-E16,-E64,E16,E29,E30,E53,E64,E8",OK,,,,,,,True
B_k9_2od_x1.0,seed_best.csv,D:\PSPS\runs_B_k9_2od_x1.0\analysis\seed_best.csv,init,8,3,9,D:\PSPS\runs_B_k9_2od_x1.0\init_seed8\g003_i009,2000,1496987.0,748.4935,1084286.440000001,707871.0,5628551.65000004,3.7599201930277553,,9,"-E11,-E23,-E28,-E50,-E6,-E64,E31,E45,E8",OK,,,,,,,True
B_k9_2od_x1.0,seed_best.csv,D:\PSPS\runs_B_k9_2od_x1.0\analysis\seed_best.csv,init,9,5,17,D:\PSPS\runs_B_k9_2od_x1.0\init_seed9\g005_i017,2000,1498913.0,749.4565,1081694.5900000012,707622.0,5687146.900000028,3.7941807830074383,,9,"-E16,-E51,E38,E39,E50,E53,E58,E62,E8",OK,,,,,,,True
B_k9_2od_x1.0,seed_best.csv,D:\PSPS\runs_B_k9_2od_x1.0\analysis\seed_best.csv,mutation,0,11,15,D:\PSPS\runs_B_k9_2od_x1.0\mutation_seed0\g011_i015,2000,1497422.0,748.711,1085898.82,709048.0,5609715.550000041,3.746248919810208,,9,"-E30,-E44,-E45,-E64,-E7,E16,E22,E49,E6",OK,,,,,,,True
B_k9_2od_x1.0,seed_best.csv,D:\PSPS\runs_B_k9_2od_x1.0\analysis\seed_best.csv,mutation,1,14,1,D:\PSPS\runs_B_k9_2od_x1.0\mutation_seed1\g014_i001,2000,1491126.0,745.563,1076716.4899999993,705536.0,5651393.420000054,3.790017356011533,,9,"-E21,-E29,-E44,-E45,-E47,E16,E33,E49,E6",OK,,,,,,,True
B_k9_2od_x1.0,seed_best.csv,D:\PSPS\runs_B_k9_2od_x1.0\analysis\seed_best.csv,mutation,2,12,3,D:\PSPS\runs_B_k9_2od_x1.0\mutation_seed2\g012_i003,2000,1488517.0,744.2585,1077013.760000002,701410.0,5611107.010000012,3.769595516880232,,9,"-E14,-E26,-E47,-E64,E12,E34,E58,E8,E9",OK,,,,,,,True
B_k9_2od_x1.0,seed_best.csv,D:\PSPS\runs_B_k9_2od_x1.0\analysis\seed_best.csv,mutation,3,8,8,D:\PSPS\runs_B_k9_2od_x1.0\mutation_seed3\g008_i008,2000,1489976.0,744.988,1080004.2299999995,703758.0,5591211.310000021,3.752551255859169,,9,"-E13,-E15,-E31,-E7,E12,E22,E29,E58,E8",OK,,,,,,,True
B_k9_2od_x1.0,seed_best.csv,D:\PSPS\runs_B_k9_2od_x1.0\analysis\seed_best.csv,mutation,4,14,14,D:\PSPS\runs_B_k9_2od_x1.0\mutation_seed4\g014_i014,2000,1479683.0,739.8415,1068290.1400000004,698660.0,5612031.970000041,3.792725854118781,,9,"-E30,-E64,E12,E28,E40,E46,E58,E64,E8",OK,,,,,,,True
B_k9_2od_x1.0,seed_best.csv,D:\PSPS\runs_B_k9_2od_x1.0\analysis\seed_best.csv,mutation,5,11,22,D:\PSPS\runs_B_k9_2od_x1.0\mutation_seed5\g011_i022,2000,1477682.0,738.841,1068597.4599999995,694162.0,5577087.230000043,3.774213416689141,,9,"-E22,-E45,-E7,E28,E47,E52,E58,E7,E8",OK,,,,,,,True
B_k9_2od_x1.0,seed_best.csv,D:\PSPS\runs_B_k9_2od_x1.0\analysis\seed_best.csv,mutation,6,15,7,D:\PSPS\runs_B_k9_2od_x1.0\mutation_seed6\g015_i007,2000,1486916.0,743.458,1078260.200000001,706123.0,5573255.040000022,3.7481976386023295,,9,"-E17,-E19,-E25,-E45,-E58,E11,E26,E63,E8",OK,,,,,,,True
B_k9_2od_x1.0,seed_best.csv,D:\PSPS\runs_B_k9_2od_x1.0\analysis\seed_best.csv,mutation,7,5,22,D:\PSPS\runs_B_k9_2od_x1.0\mutation_seed7\g005_i022,2000,1473816.0,736.908,1066773.86,695920.0,5549488.620000031,3.765387687472541,,9,"-E22,-E29,-E47,-E7,E11,E22,E51,E58,E8",OK,,,,,,,True
B_k9_2od_x1.0,seed_best.csv,D:\PSPS\runs_B_k9_2od_x1.0\analysis\seed_best.csv,mutation,8,9,16,D:\PSPS\runs_B_k9_2od_x1.0\mutation_seed8\g009_i016,2000,1504529.0,752.2645,1092680.4500000002,709200.0,5614501.480000051,3.73173363889965,,9,"-E21,-E26,-E30,-E40,-E47,E22,E23,E26,E8",OK,,,,,,,True
B_k9_2od_x1.0,seed_best.csv,D:\PSPS\runs_B_k9_2od_x1.0\analysis\seed_best.csv,mutation,9,3,14,D:\PSPS\runs_B_k9_2od_x1.0\mutation_seed9\g003_i014,2000,1484143.0,742.0715,1077976.98,706356.0,5541838.990000034,3.734033034552623,,9,"-E21,-E30,-E64,-E7,E21,E50,E58,E62,E8",OK,,,,,,,True
B_k9_2od_x1.0,seed_best.csv,D:\PSPS\runs_B_k9_2od_x1.0\analysis\seed_best.csv,none,0,14,5,D:\PSPS\runs_B_k9_2od_x1.0\none_seed0\g014_i005,2000,1505859.0,752.9295,1091602.6399999978,707831.0,5649884.23000005,3.751934430780073,,9,"-E19,-E20,-E23,-E35,-E52,E16,E26,E58,E8",OK,,,,,,,True
B_k9_2od_x1.0,seed_best.csv,D:\PSPS\runs_B_k9_2od_x1.0\analysis\seed_best.csv,none,1,8,2,D:\PSPS\runs_B_k9_2od_x1.0\none_seed1\g008_i002,2000,1494561.0,747.2805,1085184.2700000012,710096.0,5581680.610000042,3.7346622921379873,,9,"-E11,-E17,-E21,-E27,-E8,E14,E47,E58,E8",OK,,,,,,,True
B_k9_2od_x1.0,seed_best.csv,D:\PSPS\runs_B_k9_2od_x1.0\analysis\seed_best.csv,none,2,6,23,D:\PSPS\runs_B_k9_2od_x1.0\none_seed2\g006_i023,2000,1484606.0,742.303,1071636.2800000014,695466.0,5630780.620000036,3.7927777605641055,,9,"-E11,-E16,-E35,-E52,-E58,E21,E24,E43,E8",OK,,,,,,,True
B_k9_2od_x1.0,seed_best.csv,D:\PSPS\runs_B_k9_2od_x1.0\analysis\seed_best.csv,none,3,10,22,D:\PSPS\runs_B_k9_2od_x1.0\none_seed3\g010_i022,2000,1481031.0,740.5155,1066886.16,686475.0,5647571.660000029,3.8132703906940697,,9,"-E12,-E38,E12,E17,E21,E25,E43,E58,E8",OK,,,,,,,True
B_k9_2od_x1.0,seed_best.csv,D:\PSPS\runs_B_k9_2od_x1.0\analysis\seed_best.csv,none,4,10,13,D:\PSPS\runs_B_k9_2od_x1.0\none_seed4\g010_i013,2000,1461106.0,730.553,1048725.549999999,680893.0,5621035.430000021,3.84710994958615,,9,"-E13,-E21,-E44,-E45,-E6,-E8,E24,E56,E8",OK,,,,,,,True
B_k9_2od_x1.0,seed_best.csv,D:\PSPS\runs_B_k9_2od_x1.0\analysis\seed_best.csv,none,5,3,10,D:\PSPS\runs_B_k9_2od_x1.0\none_seed5\g003_i010,2000,1462419.0,731.2095,1050450.6299999978,684294.0,5618072.950000049,3.8416301689187904,,9,"-E11,-E16,-E47,E28,E40,E52,E58,E59,E8",OK,,,,,,,True
B_k9_2od_x1.0,seed_best.csv,D:\PSPS\runs_B_k9_2od_x1.0\analysis\seed_best.csv,none,6,14,20,D:\PSPS\runs_B_k9_2od_x1.0\none_seed6\g014_i020,2000,1497508.0,748.754,1087264.0400000012,707995.0,5590391.760000031,3.733129812996011,,9,"-E30,-E7,E10,E25,E40,E62,E63,E64,E8",OK,,,,,,,True
B_k9_2od_x1.0,seed_best.csv,D:\PSPS\runs_B_k9_2od_x1.0\analysis\seed_best.csv,none,7,6,2,D:\PSPS\runs_B_k9_2od_x1.0\none_seed7\g006_i002,2000,1475170.0,737.585,1062601.2199999995,694974.0,5626681.570000049,3.814259759892113,,9,"-E11,-E16,-E19,-E9,E10,E14,E41,E43,E8",OK,,,,,,,True
B_k9_2od_x1.0,seed_best.csv,D:\PSPS\runs_B_k9_2od_x1.0\analysis\seed_best.csv,none,8,3,1,D:\PSPS\runs_B_k9_2od_x1.0\none_seed8\g003_i001,2000,1501348.0,750.674,1087220.1099999994,705797.0,5644164.370000056,3.759397801176047,,9,"-E11,-E22,-E45,-E64,E17,E30,E53,E62,E8",OK,,,,,,,True
B_k9_2od_x1.0,seed_best.csv,D:\PSPS\runs_B_k9_2od_x1.0\analysis\seed_best.csv,none,9,12,4,D:\PSPS\runs_B_k9_2od_x1.0\none_seed9\g012_i004,2000,1481896.0,740.948,1068187.0400000007,698543.0,5642719.120000062,3.807769991956292,,9,"-E23,-E28,-E50,-E7,E110,E15,E26,E64,E8",OK,,,,,,,True
B_k9_2od_x1.2,seed_best.csv,D:\PSPS\runs_B_k9_2od_x1.2\analysis\seed_best.csv,both,0,3,7,D:\PSPS\runs_B_k9_2od_x1.2\both_seed0\g003_i007,2400,1873452.0,780.605,1370395.4999999986,877775.0,6859750.310000077,3.661556479696345,,9,"-E21,-E43,-E44,-E46,E12,E26,E32,E51,E8",OK,,,,,,,True
B_k9_2od_x1.2,seed_best.csv,D:\PSPS\runs_B_k9_2od_x1.2\analysis\seed_best.csv,both,1,11,8,D:\PSPS\runs_B_k9_2od_x1.2\both_seed1\g011_i008,2400,1876461.0,781.85875,1379496.7199999995,895274.0,6777141.330000087,3.611661169616681,,9,"-E12,-E16,-E22,-E26,-E29,E22,E34,E39,E8",OK,,,,,,,True
B_k9_2od_x1.2,seed_best.csv,D:\PSPS\runs_B_k9_2od_x1.2\analysis\seed_best.csv,both,2,6,16,D:\PSPS\runs_B_k9_2od_x1.2\both_seed2\g006_i016,2400,1884970.0,785.4041666666667,1391112.3799999997,901870.0,6741268.740000067,3.5763268062622044,,9,"-E12,-E29,-E40,-E44,-E47,-E7,E14,E49,E58",OK,,,,,,,True
B_k9_2od_x1.2,seed_best.csv,D:\PSPS\runs_B_k9_2od_x1.2\analysis\seed_best.csv,both,3,13,8,D:\PSPS\runs_B_k9_2od_x1.2\both_seed3\g013_i008,2400,1889446.0,787.2691666666667,1392340.8700000015,897103.0,6781629.270000078,3.589215711907129,,9,"-E13,-E64,-E9,E17,E25,E34,E51,E52,E58",OK,,,,,,,True
B_k9_2od_x1.2,seed_best.csv,D:\PSPS\runs_B_k9_2od_x1.2\analysis\seed_best.csv,both,4,9,4,D:\PSPS\runs_B_k9_2od_x1.2\both_seed4\g009_i004,2400,1876461.0,781.85875,1379496.7199999995,895274.0,6777141.330000087,3.611661169616681,,9,"-E16,-E19,-E29,-E47,E34,E38,E39,E53,E8",OK,,,,,,,True
B_k9_2od_x1.2,seed_best.csv,D:\PSPS\runs_B_k9_2od_x1.2\analysis\seed_best.csv,both,5,8,12,D:\PSPS\runs_B_k9_2od_x1.2\both_seed5\g008_i012,2400,1878401.0,782.6670833333334,1387704.4599999995,895993.0,6696723.750000066,3.565119348850467,,9,"-E43,-E50,-E58,E11,E14,E25,E29,E38,E64",OK,,,,,,,True
B_k9_2od_x1.2,seed_best.csv,D:\PSPS\runs_B_k9_2od_x1.2\analysis\seed_best.csv,both,6,6,9,D:\PSPS\runs_B_k9_2od_x1.2\both_seed6\g006_i009,2400,1882943.0,784.5595833333333,1392257.8299999975,896689.0,6701456.210000056,3.5590329659474853,,9,"-E16,-E43,-E53,-E58,E11,E110,E38,E63,E64",OK,,,,,,,True
B_k9_2od_x1.2,seed_best.csv,D:\PSPS\runs_B_k9_2od_x1.2\analysis\seed_best.csv,both,7,8,9,D:\PSPS\runs_B_k9_2od_x1.2\both_seed7\g008_i009,2400,1873884.0,780.785,1384185.0300000012,897844.0,6686366.570000072,3.5681859549470896,,9,"-E13,-E27,-E58,-E7,E21,E32,E34,E52,E6",OK,,,,,,,True
B_k9_2od_x1.2,seed_best.csv,D:\PSPS\runs_B_k9_2od_x1.2\analysis\seed_best.csv,both,8,10,3,D:\PSPS\runs_B_k9_2od_x1.2\both_seed8\g010_i003,2400,1882456.0,784.3566666666667,1395452.9599999986,902592.0,6646653.910000113,3.530841576111268,,9,"-E11,-E12,-E13,-E29,-E7,E43,E52,E56,E64",OK,,,,,,,True
B_k9_2od_x1.2,seed_best.csv,D:\PSPS\runs_B_k9_2od_x1.2\analysis\seed_best.csv,both,9,11,22,D:\PSPS\runs_B_k9_2od_x1.2\both_seed9\g011_i022,2400,1862216.0,775.9233333333333,1367915.0200000014,890093.0,6743188.170000082,3.6210558656998337,,9,"-E16,-E21,-E46,-E52,E38,E39,E40,E63,E8",OK,,,,,,,True
B_k9_2od_x1.2,seed_best.csv,D:\PSPS\runs_B_k9_2od_x1.2\analysis\seed_best.csv,init,0,13,5,D:\PSPS\runs_B_k9_2od_x1.2\init_seed0\g013_i005,2400,1881946.0,784.1441666666667,1388289.250000002,898170.0,6730871.2200000845,3.57654854071269,,9,"-E21,-E52,-E6,E10,E11,E39,E46,E52,E8",OK,,,,,,,True
B_k9_2od_x1.2,seed_best.csv,D:\PSPS\runs_B_k9_2od_x1.2\analysis\seed_best.csv,init,1,3,18,D:\PSPS\runs_B_k9_2od_x1.2\init_seed1\g003_i018,2400,1873842.0,780.7675,1381049.6700000006,891319.0,6726934.770000096,3.5899156759215005,,9,"-E14,-E23,-E46,-E64,E12,E45,E47,E51,E52",OK,,,,,,,True
B_k9_2od_x1.2,seed_best.csv,D:\PSPS\runs_B_k9_2od_x1.2\analysis\seed_best.csv,init,2,11,19,D:\PSPS\runs_B_k9_2od_x1.2\init_seed2\g011_i019,2400,1878316.0,782.6316666666667,1388603.4399999997,896668.0,6683653.870000069,3.558322385583719,,9,"-E13,-E25,-E26,-E58,-E7,E28,E32,E49,E58",OK,,,,,,,True
B_k9_2od_x1.2,seed_best.csv,D:\PSPS\runs_B_k9_2od_x1.2\analysis\seed_best.csv,init,3,15,1,D:\PSPS\runs_B_k9_2od_x1.2\init_seed3\g015_i001,2400,1886072.0,785.8633333333333,1390637.669999997,894231.0,6760107.650000067,3.5842256552242264,,9,"-E11,-E23,-E45,-E53,E12,E45,E53,E57,E64",OK,,,,,,,True
B_k9_2od_x1.2,seed_best.csv,D:\PSPS\runs_B_k9_2od_x1.2\analysis\seed_best.csv,init,4,5,5,D:\PSPS\runs_B_k9_2od_x1.2\init_seed4\g005_i005,2400,1860827.0,775.3445833333334,1369486.1699999983,878430.0,6701451.980000076,3.60132993556095,,9,"-E11,-E38,-E58,-E9,E16,E40,E45,E52,E9",OK,,,,,,,True
B_k9_2od_x1.2,seed_best.csv,D:\PSPS\runs_B_k9_2od_x1.2\analysis\seed_best.csv,init,5,7,1,D:\PSPS\runs_B_k9_2od_x1.2\init_seed5\g007_i001,2400,1875924.0,781.635,1379461.5800000017,891720.0,6773716.070000056,3.610869134357285,,9,"-E11,-E26,-E53,E110,E24,E40,E46,E56,E8",OK,,,,,,,True
B_k9_2od_x1.2,seed_best.csv,D:\PSPS\runs_B_k9_2od_x1.2\analysis\seed_best.csv,init,6,14,10,D:\PSPS\runs_B_k9_2od_x1.2\init_seed6\g014_i010,2400,1875591.0,781.49625,1376645.8800000004,887381.0,6806361.970000086,3.628915883047043,,9,"-E22,-E28,-E40,-E46,-E58,E10,E13,E39,E8",OK,,,,,,,True
B_k9_2od_x1.2,seed_best.csv,D:\PSPS\runs_B_k9_2od_x1.2\analysis\seed_best.csv,init,7,15,12,D:\PSPS\runs_B_k9_2od_x1.2\init_seed7\g015_i012,2400,1866315.0,777.63125,1357472.6900000002,869423.0,6934016.79000006,3.715351797526173,,9,"-E22,-E25,-E50,E14,E31,E52,E58,E63,E8",OK,,,,,,,True
B_k9_2od_x1.2,seed_best.csv,D:\PSPS\runs_B_k9_2od_x1.2\analysis\seed_best.csv,init,8,9,20,D:\PSPS\runs_B_k9_2od_x1.2\init_seed8\g009_i020,2400,1887297.0,786.37375,1394048.1900000034,900979.0,6727078.02000004,3.5643981948787284,,9,"-E11,-E26,-E30,-E47,-E58,-E6,-E7,E12,E24",OK,,,,,,,True
B_k9_2od_x1.2,seed_best.csv,D:\PSPS\runs_B_k9_2od_x1.2\analysis\seed_best.csv,init,9,13,5,D:\PSPS\runs_B_k9_2od_x1.2\init_seed9\g013_i005,2400,1887376.0,786.4066666666666,1376351.6,882670.0,6966645.660000076,3.6911805914667113,,9,"-E11,-E25,-E53,-E64,-E8,E21,E32,E58,E8",OK,,,,,,,True
B_k9_2od_x1.2,seed_best.csv,D:\PSPS\runs_B_k9_2od_x1.2\analysis\seed_best.csv,mutation,0,8,3,D:\PSPS\runs_B_k9_2od_x1.2\mutation_seed0\g008_i003,2400,1869506.0,778.9608333333333,1376950.2100000037,887612.0,6719367.590000068,3.5941941828483395,,9,"-E13,-E16,-E30,E32,E34,E38,E39,E45,E8",OK,,,,,,,True
B_k9_2od_x1.2,seed_best.csv,D:\PSPS\runs_B_k9_2od_x1.2\analysis\seed_best.csv,mutation,1,5,15,D:\PSPS\runs_B_k9_2od_x1.2\mutation_seed1\g005_i015,2400,1889767.0,787.4029166666667,1397858.7899999986,906025.0,6714976.290000071,3.553335564649013,,9,"-E26,-E29,-E43,-E58,-E64,E28,E32,E34,E64",OK,,,,,,,True
B_k9_2od_x1.2,seed_best.csv,D:\PSPS\runs_B_k9_2od_x1.2\analysis\seed_best.csv,mutation,2,6,21,D:\PSPS\runs_B_k9_2od_x1.2\mutation_seed2\g006_i021,2400,1878401.0,782.6670833333334,1387704.4599999995,895993.0,6696723.750000066,3.565119348850467,,9,"-E12,-E47,-E58,E11,E28,E34,E49,E53,E64",OK,,,,,,,True
B_k9_2od_x1.2,seed_best.csv,D:\PSPS\runs_B_k9_2od_x1.2\analysis\seed_best.csv,mutation,3,12,10,D:\PSPS\runs_B_k9_2od_x1.2\mutation_seed3\g012_i010,2400,1888066.0,786.6941666666667,1396113.519999999,904688.0,6713263.340000066,3.555629591338473,,9,"-E13,-E30,-E43,-E58,E27,E29,E39,E43,E64",OK,,,,,,,True
B_k9_2od_x1.2,seed_best.csv,D:\PSPS\runs_B_k9_2od_x1.2\analysis\seed_best.csv,mutation,4,7,11,D:\PSPS\runs_B_k9_2od_x1.2\mutation_seed4\g007_i011,2400,1859536.0,774.8066666666666,1367536.5600000003,879155.0,6714195.400000058,3.610683202691456,,9,"-E12,-E13,-E22,-E29,-E58,-E64,E17,E22,E64",OK,,,,,,,True
B_k9_2od_x1.2,seed_best.csv,D:\PSPS\runs_B_k9_2od_x1.2\analysis\seed_best.csv,mutation,5,2,18,D:\PSPS\runs_B_k9_2od_x1.2\mutation_seed5\g002_i018,2400,1882811.0,784.5045833333334,1389748.579999998,892210.0,6729205.110000061,3.5740204991366955,,9,"-E13,-E26,-E30,-E43,-E47,-E50,-E9,E12,E27",OK,,,,,,,True
B_k9_2od_x1.2,seed_best.csv,D:\PSPS\runs_B_k9_2od_x1.2\analysis\seed_best.csv,mutation,6,12,6,D:\PSPS\runs_B_k9_2od_x1.2\mutation_seed6\g012_i006,2400,1887032.0,786.2633333333333,1396286.089999996,900930.0,6694447.620000063,3.547606834436333,,9,"-E26,-E43,E23,E38,E39,E51,E52,E58,E64",OK,,,,,,,True
B_k9_2od_x1.2,seed_best.csv,D:\PSPS\runs_B_k9_2od_x1.2\analysis\seed_best.csv,mutation,7,3,2,D:\PSPS\runs_B_k9_2od_x1.2\mutation_seed7\g003_i002,2400,1846511.0,769.3795833333334,1341886.2300000002,858330.0,6886515.100000077,3.729474181307383,,9,"-E25,-E43,E39,E51,E52,E53,E57,E58,E8",OK,,,,,,,True
B_k9_2od_x1.2,seed_best.csv,D:\PSPS\runs_B_k9_2od_x1.2\analysis\seed_best.csv,mutation,8,3,16,D:\PSPS\runs_B_k9_2od_x1.2\mutation_seed8\g003_i016,2400,1888763.0,786.9845833333334,1399996.5300000035,901987.0,6671043.62000008,3.531964370331312,,9,"-E30,-E58,-E9,E28,E34,E47,E49,E51,E52",OK,,,,,,,True
B_k9_2od_x1.2,seed_best.csv,D:\PSPS\runs_B_k9_2od_x1.2\analysis\seed_best.csv,mutation,9,12,9,D:\PSPS\runs_B_k9_2od_x1.2\mutation_seed9\g012_i009,2400,1879172.0,782.9883333333333,1388245.6599999997,897108.0,6701838.730000049,3.56637855928039,,9,"-E12,-E20,-E30,-E38,-E44,-E50,-E58,-E64,E28",OK,,,,,,,True
B_k9_2od_x1.2,seed_best.csv,D:\PSPS\runs_B_k9_2od_x1.2\analysis\seed_best.csv,none,0,13,16,D:\PSPS\runs_B_k9_2od_x1.2\none_seed0\g013_i016,2400,1875585.0,781.49375,1385291.1100000006,892547.0,6690741.950000059,3.5672827144597865,,9,"-E21,-E29,-E31,-E32,-E40,-E52,E25,E38,E58",OK,,,,,,,True
B_k9_2od_x1.2,seed_best.csv,D:\PSPS\runs_B_k9_2od_x1.2\analysis\seed_best.csv,none,1,15,13,D:\PSPS\runs_B_k9_2od_x1.2\none_seed1\g015_i013,2400,1877720.0,782.3833333333333,1378420.0299999956,899249.0,6812450.580000051,3.628043893658294,,9,"-E12,-E21,-E46,-E47,-E58,E10,E14,E46,E52",OK,,,,,,,True
B_k9_2od_x1.2,seed_best.csv,D:\PSPS\runs_B_k9_2od_x1.2\analysis\seed_best.csv,none,2,10,4,D:\PSPS\runs_B_k9_2od_x1.2\none_seed2\g010_i004,2400,1889773.0,787.4054166666666,1398808.9100000006,907112.0,6699079.53000006,3.5449122884071578,,9,"-E11,-E29,-E43,-E64,E28,E38,E50,E52,E59",OK,,,,,,,True
B_k9_2od_x1.2,seed_best.csv,D:\PSPS\runs_B_k9_2od_x1.2\analysis\seed_best.csv,none,3,15,20,D:\PSPS\runs_B_k9_2od_x1.2\none_seed3\g015_i020,2400,1887194.0,786.3308333333333,1388436.5899999992,896499.0,6807386.520000059,3.607147182536644,,9,"-E64,E10,E14,E26,E33,E40,E45,E47,E49",OK,,,,,,,True
B_k9_2od_x1.2,seed_best.csv,D:\PSPS\runs_B_k9_2od_x1.2\analysis\seed_best.csv,none,4,7,8,D:\PSPS\runs_B_k9_2od_x1.2\none_seed4\g007_i008,2400,1885192.0,785.4966666666667,1393810.9499999995,901384.0,6707893.030000038,3.5582015147528945,,9,"-E58,-E6,-E64,E29,E31,E34,E43,E57,E58",OK,,,,,,,True
B_k9_2od_x1.2,seed_best.csv,D:\PSPS\runs_B_k9_2od_x1.2\analysis\seed_best.csv,none,5,14,14,D:\PSPS\runs_B_k9_2od_x1.2\none_seed5\g014_i014,2400,1892453.0,788.5220833333333,1400258.5199999998,901666.0,6713962.450000073,3.5477565096729338,,9,"-E19,-E21,-E26,E16,E23,E27,E45,E52,E8",OK,,,,,,,True
B_k9_2od_x1.2,seed_best.csv,D:\PSPS\runs_B_k9_2od_x1.2\analysis\seed_best.csv,none,6,7,20,D:\PSPS\runs_B_k9_2od_x1.2\none_seed6\g007_i020,2400,1867463.0,778.1095833333334,1374468.8399999987,891448.0,6729808.58000006,3.603717224919616,,9,"-E14,-E30,E10,E38,E40,E57,E58,E64,E8",OK,,,,,,,True
B_k9_2od_x1.2,seed_best.csv,D:\PSPS\runs_B_k9_2od_x1.2\analysis\seed_best.csv,none,7,10,10,D:\PSPS\runs_B_k9_2od_x1.2\none_seed7\g010_i010,2400,1866195.0,777.58125,1366500.9900000037,877781.0,6812508.550000076,3.650480549996156,,9,"-E23,-E50,-E52,-E9,E15,E24,E45,E58,E8",OK,,,,,,,True
B_k9_2od_x1.2,seed_best.csv,D:\PSPS\runs_B_k9_2od_x1.2\analysis\seed_best.csv,none,8,13,11,D:\PSPS\runs_B_k9_2od_x1.2\none_seed8\g013_i011,2400,1873051.0,780.4379166666666,1385665.0699999982,895067.0,6649192.490000075,3.5499260244382427,,9,"-E13,-E44,-E47,-E52,-E7,E16,E24,E39,E49",OK,,,,,,,True
B_k9_2od_x1.2,seed_best.csv,D:\PSPS\runs_B_k9_2od_x1.2\analysis\seed_best.csv,none,9,3,4,D:\PSPS\runs_B_k9_2od_x1.2\none_seed9\g003_i004,2400,1857330.0,773.8875,1363201.0799999991,882105.0,6747029.9500000505,3.632650067570141,,9,"-E14,-E16,-E40,-E47,-E50,-E64,E53,E62,E9",OK,,,,,,,True
B_k9_3od_x0.8,seed_best.csv,D:\PSPS\runs_B_k9_3od_x0.8\analysis\seed_best.csv,both,0,13,5,D:\PSPS\runs_B_k9_3od_x0.8\both_seed0\g013_i005,1600,587873.0,367.420625,321321.1500000004,222283.0,3642938.920000034,6.196812780991871,,9,"-E20,-E23,-E27,-E28,-E43,E10,E21,E23,E6",OK,,,,,,,True
B_k9_3od_x0.8,seed_best.csv,D:\PSPS\runs_B_k9_3od_x0.8\analysis\seed_best.csv,both,1,13,16,D:\PSPS\runs_B_k9_3od_x0.8\both_seed1\g013_i016,1600,589158.0,368.22375,325058.4199999996,224680.0,3610295.940000047,6.127890888352609,,9,"-E12,-E39,-E46,-E52,-E58,E22,E24,E25,E6",OK,,,,,,,True
B_k9_3od_x0.8,seed_best.csv,D:\PSPS\runs_B_k9_3od_x0.8\analysis\seed_best.csv,both,2,12,9,D:\PSPS\runs_B_k9_3od_x0.8\both_seed2\g012_i009,1600,586569.0,366.605625,321309.13000000006,222443.0,3625569.540000041,6.18097707175122,,9,"-E13,-E17,-E28,-E43,-E44,E10,E30,E34,E6",OK,,,,,,,True
B_k9_3od_x0.8,seed_best.csv,D:\PSPS\runs_B_k9_3od_x0.8\analysis\seed_best.csv,both,3,9,16,D:\PSPS\runs_B_k9_3od_x0.8\both_seed3\g009_i016,1600,576018.0,360.01125,315518.65,220315.0,3563812.920000032,6.186981865150103,,9,"-E11,-E39,-E7,E10,E17,E41,E47,E6,E63",OK,,,,,,,True
B_k9_3od_x0.8,seed_best.csv,D:\PSPS\runs_B_k9_3od_x0.8\analysis\seed_best.csv,both,4,12,10,D:\PSPS\runs_B_k9_3od_x0.8\both_seed4\g012_i010,1600,588046.0,367.52875,321903.89000000065,222813.0,3637063.530000035,6.184998333463769,,9,"-E13,-E19,-E27,-E28,-E46,-E8,E10,E17,E6",OK,,,,,,,True
B_k9_3od_x0.8,seed_best.csv,D:\PSPS\runs_B_k9_3od_x0.8\analysis\seed_best.csv,both,5,8,13,D:\PSPS\runs_B_k9_3od_x0.8\both_seed5\g008_i013,1600,584477.0,365.298125,324191.79000000056,226990.0,3558072.490000023,6.087617630805015,,9,"-E11,-E14,-E27,-E28,E10,E17,E39,E6,E63",OK,,,,,,,True
B_k9_3od_x0.8,seed_best.csv,D:\PSPS\runs_B_k9_3od_x0.8\analysis\seed_best.csv,both,6,12,16,D:\PSPS\runs_B_k9_3od_x0.8\both_seed6\g012_i016,1600,601984.0,376.24,336982.3600000005,234168.0,3623970.2600000296,6.020044153997498,,9,"-E15,-E27,-E28,-E46,-E6,E30,E52,E56,E6",OK,,,,,,,True
B_k9_3od_x0.8,seed_best.csv,D:\PSPS\runs_B_k9_3od_x0.8\analysis\seed_best.csv,both,7,10,10,D:\PSPS\runs_B_k9_3od_x0.8\both_seed7\g010_i010,1600,587200.0,367.0,321652.2599999997,223210.0,3629798.760000034,6.181537397820223,,9,"-E11,-E12,-E44,-E8,E10,E17,E22,E30,E8",OK,,,,,,,True
B_k9_3od_x0.8,seed_best.csv,D:\PSPS\runs_B_k9_3od_x0.8\analysis\seed_best.csv,both,8,13,18,D:\PSPS\runs_B_k9_3od_x0.8\both_seed8\g013_i018,1600,585421.0,365.888125,319613.78999999963,221036.0,3634960.870000028,6.20913986686509,,9,"-E12,-E52,-E6,-E8,E17,E26,E27,E33,E8",OK,,,,,,,True
B_k9_3od_x0.8,seed_best.csv,D:\PSPS\runs_B_k9_3od_x0.8\analysis\seed_best.csv,both,9,1,12,D:\PSPS\runs_B_k9_3od_x0.8\both_seed9\g001_i012,1600,608860.0,380.5375,342672.4600000002,237272.0,3640236.250000037,5.978773856058925,,5,"-E14,-E47,-E52,E57,E6",OK,,,,,,,True
B_k9_3od_x0.8,seed_best.csv,D:\PSPS\runs_B_k9_3od_x0.8\analysis\seed_best.csv,init,0,6,23,D:\PSPS\runs_B_k9_3od_x0.8\init_seed0\g006_i023,1600,590930.0,369.33125,323964.80000000034,221613.0,3648647.690000036,6.174416072969788,,9,"-E17,-E30,-E9,E17,E27,E52,E6,E62,E7",OK,,,,,,,True
B_k9_3od_x0.8,seed_best.csv,D:\PSPS\runs_B_k9_3od_x0.8\analysis\seed_best.csv,init,1,2,1,D:\PSPS\runs_B_k9_3od_x0.8\init_seed1\g002_i001,1600,599064.0,374.415,332455.01000000024,231783.0,3644263.410000037,6.083262239093047,,9,"-E11,-E14,-E28,-E38,E23,E46,E51,E52,E8",OK,,,,,,,True
B_k9_3od_x0.8,seed_best.csv,D:\PSPS\runs_B_k9_3od_x0.8\analysis\seed_best.csv,init,2,4,9,D:\PSPS\runs_B_k9_3od_x0.8\init_seed2\g004_i009,1600,584479.0,365.299375,319709.8999999996,222965.0,3618666.18000003,6.191268086620785,,9,"-E28,-E39,-E58,-E9,E10,E110,E43,E49,E6",OK,,,,,,,True
B_k9_3od_x0.8,seed_best.csv,D:\PSPS\runs_B_k9_3od_x0.8\analysis\seed_best.csv,init,3,2,17,D:\PSPS\runs_B_k9_3od_x0.8\init_seed3\g002_i017,1600,597885.0,373.678125,329808.960000001,227215.0,3661804.94000004,6.124597439306957,,9,"-E28,-E46,-E50,E13,E19,E21,E22,E52,E8",OK,,,,,,,True
B_k9_3od_x0.8,seed_best.csv,D:\PSPS\runs_B_k9_3od_x0.8\analysis\seed_best.csv,init,4,14,8,D:\PSPS\runs_B_k9_3od_x0.8\init_seed4\g014_i008,1600,601890.0,376.18125,333299.7799999997,233712.0,3673095.290000025,6.10260228613206,,9,"-E14,-E53,E22,E24,E33,E43,E52,E8,E9",OK,,,,,,,True
B_k9_3od_x0.8,seed_best.csv,D:\PSPS\runs_B_k9_3od_x0.8\analysis\seed_best.csv,init,5,8,22,D:\PSPS\runs_B_k9_3od_x0.8\init_seed5\g008_i022,1600,586360.0,366.475,320930.73999999976,221998.0,3627469.350000035,6.186420202605968,,9,"-E28,-E52,E10,E11,E22,E31,E34,E6,E62",OK,,,,,,,True
B_k9_3od_x0.8,seed_best.csv,D:\PSPS\runs_B_k9_3od_x0.8\analysis\seed_best.csv,init,6,3,9,D:\PSPS\runs_B_k9_3od_x0.8\init_seed6\g003_i009,1600,587022.0,366.88875,320060.55999999976,221876.0,3651160.1900000246,6.219801285130752,,9,"-E19,-E45,-E8,E10,E14,E15,E41,E51,E6",OK,,,,,,,True
B_k9_3od_x0.8,seed_best.csv,D:\PSPS\runs_B_k9_3od_x0.8\analysis\seed_best.csv,init,7,7,16,D:\PSPS\runs_B_k9_3od_x0.8\init_seed7\g007_i016,1600,587682.0,367.30125,322547.0100000002,222809.0,3623388.6400000406,6.165560013749001,,9,"-E28,-E30,-E35,-E50,E10,E28,E31,E43,E6",OK,,,,,,,True
B_k9_3od_x0.8,seed_best.csv,D:\PSPS\runs_B_k9_3od_x0.8\analysis\seed_best.csv,init,8,6,8,D:\PSPS\runs_B_k9_3od_x0.8\init_seed8\g006_i008,1600,571013.0,356.883125,303193.2500000002,206717.0,3660078.930000031,6.409799654298642,,9,"-E15,-E22,-E40,-E47,-E7,E24,E46,E52,E6",OK,,,,,,,True
B_k9_3od_x0.8,seed_best.csv,D:\PSPS\runs_B_k9_3od_x0.8\analysis\seed_best.csv,init,9,13,22,D:\PSPS\runs_B_k9_3od_x0.8\init_seed9\g013_i022,1600,582146.0,363.84125,311843.67999999964,214800.0,3698407.080000037,6.353057617848507,,9,"-E30,-E6,-E64,E10,E14,E30,E40,E7,E8",OK,,,,,,,True
B_k9_3od_x0.8,seed_best.csv,D:\PSPS\runs_B_k9_3od_x0.8\analysis\seed_best.csv,mutation,0,13,4,D:\PSPS\runs_B_k9_3od_x0.8\mutation_seed0\g013_i004,1600,596204.0,372.6275,325872.0900000005,224769.0,3690886.3600000334,6.1906434039356215,,9,"-E39,-E7,E10,E110,E13,E17,E24,E31,E6",OK,,,,,,,True
B_k9_3od_x0.8,seed_best.csv,D:\PSPS\runs_B_k9_3od_x0.8\analysis\seed_best.csv,mutation,1,11,11,D:\PSPS\runs_B_k9_3od_x0.8\mutation_seed1\g011_i011,1600,585240.0,365.775,322079.41000000003,225196.0,3596025.97000002,6.1445321064862615,,9,"-E11,-E28,-E32,-E52,-E53,E10,E17,E25,E6",OK,,,,,,,True
B_k9_3od_x0.8,seed_best.csv,D:\PSPS\runs_B_k9_3od_x0.8\analysis\seed_best.csv,mutation,2,4,9,D:\PSPS\runs_B_k9_3od_x0.8\mutation_seed2\g004_i009,1600,598904.0,374.315,331465.2799999994,231284.0,3658261.730000031,6.108260639434753,,9,"-E11,-E27,-E51,-E52,E17,E22,E40,E52,E8",OK,,,,,,,True
B_k9_3od_x0.8,seed_best.csv,D:\PSPS\runs_B_k9_3od_x0.8\analysis\seed_best.csv,mutation,3,4,3,D:\PSPS\runs_B_k9_3od_x0.8\mutation_seed3\g004_i003,1600,586116.0,366.3225,317247.8100000001,218676.0,3674704.460000029,6.269585645162439,,9,"-E46,-E7,E17,E25,E30,E45,E46,E52,E8",OK,,,,,,,True
B_k9_3od_x0.8,seed_best.csv,D:\PSPS\runs_B_k9_3od_x0.8\analysis\seed_best.csv,mutation,4,7,20,D:\PSPS\runs_B_k9_3od_x0.8\mutation_seed4\g007_i020,1600,597048.0,373.155,325027.72999999963,225245.0,3720371.610000032,6.23127723399129,,9,"-E15,-E17,-E30,-E46,-E64,E40,E52,E56,E8",OK,,,,,,,True
B_k9_3od_x0.8,seed_best.csv,D:\PSPS\runs_B_k9_3od_x0.8\analysis\seed_best.csv,mutation,5,2,16,D:\PSPS\runs_B_k9_3od_x0.8\mutation_seed5\g002_i016,1600,584246.0,365.15375,316190.25999999983,218179.0,3663597.57000004,6.270642109659357,,9,"-E11,-E13,-E31,E110,E13,E22,E23,E8,E9",OK,,,,,,,True
B_k9_3od_x0.8,seed_best.csv,D:\PSPS\runs_B_k9_3od_x0.8\analysis\seed_best.csv,mutation,6,13,15,D:\PSPS\runs_B_k9_3od_x0.8\mutation_seed6\g013_i015,1600,584296.0,365.185,318265.79000000004,219643.0,3636458.490000031,6.223658026069032,,9,"-E12,-E27,-E28,E10,E15,E16,E29,E43,E6",OK,,,,,,,True
B_k9_3od_x0.8,seed_best.csv,D:\PSPS\runs_B_k9_3od_x0.8\analysis\seed_best.csv,mutation,7,15,12,D:\PSPS\runs_B_k9_3od_x0.8\mutation_seed7\g015_i012,1600,580509.0,362.818125,316753.9799999995,220059.0,3604306.140000037,6.208872110509978,,9,"-E27,-E28,-E29,-E9,E10,E27,E31,E50,E6",OK,,,,,,,True
B_k9_3od_x0.8,seed_best.csv,D:\PSPS\runs_B_k9_3od_x0.8\analysis\seed_best.csv,mutation,8,5,14,D:\PSPS\runs_B_k9_3od_x0.8\mutation_seed8\g005_i014,1600,594325.0,371.453125,329561.8000000008,227519.0,3619684.3100000313,6.090412333319365,,9,"-E11,-E14,-E28,-E52,-E64,E31,E51,E52,E8",OK,,,,,,,True
B_k9_3od_x0.8,seed_best.csv,D:\PSPS\runs_B_k9_3od_x0.8\analysis\seed_best.csv,mutation,9,14,2,D:\PSPS\runs_B_k9_3od_x0.8\mutation_seed9\g014_i002,1600,576216.0,360.135,312393.32,216999.0,3606311.020000029,6.258609653324498,,9,"-E17,-E28,-E53,E10,E17,E24,E28,E59,E6",OK,,,,,,,True
B_k9_3od_x0.8,seed_best.csv,D:\PSPS\runs_B_k9_3od_x0.8\analysis\seed_best.csv,none,0,10,8,D:\PSPS\runs_B_k9_3od_x0.8\none_seed0\g010_i008,1600,593427.0,370.891875,328048.9199999998,227443.0,3628323.640000031,6.114186985088361,,9,"-E12,-E17,-E28,-E58,E21,E23,E24,E31,E6",OK,,,,,,,True
B_k9_3od_x0.8,seed_best.csv,D:\PSPS\runs_B_k9_3od_x0.8\analysis\seed_best.csv,none,1,8,3,D:\PSPS\runs_B_k9_3od_x0.8\none_seed1\g008_i003,1600,599987.0,374.991875,334500.3399999993,233911.0,3627839.040000032,6.04652940813723,,9,"-E21,-E22,-E32,E13,E19,E31,E32,E34,E8",OK,,,,,,,True
B_k9_3od_x0.8,seed_best.csv,D:\PSPS\runs_B_k9_3od_x0.8\analysis\seed_best.csv,none,2,6,12,D:\PSPS\runs_B_k9_3od_x0.8\none_seed2\g006_i012,1600,593939.0,371.211875,327830.18000000087,227325.0,3639408.380000039,6.127579397884359,,9,"-E11,-E43,-E7,E10,E23,E27,E51,E6,E62",OK,,,,,,,True
B_k9_3od_x0.8,seed_best.csv,D:\PSPS\runs_B_k9_3od_x0.8\analysis\seed_best.csv,none,3,7,16,D:\PSPS\runs_B_k9_3od_x0.8\none_seed3\g007_i016,1600,588587.0,367.866875,323471.98999999993,222678.0,3623946.6500000167,6.157028017948097,,9,"-E19,-E30,-E40,E22,E24,E30,E32,E45,E6",OK,,,,,,,True
B_k9_3od_x0.8,seed_best.csv,D:\PSPS\runs_B_k9_3od_x0.8\analysis\seed_best.csv,none,4,15,22,D:\PSPS\runs_B_k9_3od_x0.8\none_seed4\g015_i022,1600,587682.0,367.30125,322547.0100000002,222809.0,3623388.6400000406,6.165560013749001,,9,"-E35,E10,E110,E21,E22,E33,E47,E53,E6",OK,,,,,,,True
B_k9_3od_x0.8,seed_best.csv,D:\PSPS\runs_B_k9_3od_x0.8\analysis\seed_best.csv,none,5,6,23,D:\PSPS\runs_B_k9_3od_x0.8\none_seed5\g006_i023,1600,591817.0,369.885625,323350.8999999998,225628.0,3670220.560000032,6.20161394485125,,9,"-E14,-E29,-E38,-E47,-E51,E31,E52,E8,E9",OK,,,,,,,True
B_k9_3od_x0.8,seed_best.csv,D:\PSPS\runs_B_k9_3od_x0.8\analysis\seed_best.csv,none,6,14,19,D:\PSPS\runs_B_k9_3od_x0.8\none_seed6\g014_i019,1600,585535.0,365.959375,318228.1899999999,220943.0,3653878.180000031,6.240238721852718,,9,"-E26,-E40,-E46,-E51,-E53,E10,E27,E57,E6",OK,,,,,,,True
B_k9_3od_x0.8,seed_best.csv,D:\PSPS\runs_B_k9_3od_x0.8\analysis\seed_best.csv,none,7,5,21,D:\PSPS\runs_B_k9_3od_x0.8\none_seed7\g005_i021,1600,604218.0,377.63625,337992.36000000004,235128.0,3639911.1500000367,6.024168677530356,,9,"-E19,-E30,-E47,-E8,E30,E52,E56,E6,E64",OK,,,,,,,True
B_k9_3od_x0.8,seed_best.csv,D:\PSPS\runs_B_k9_3od_x0.8\analysis\seed_best.csv,none,8,13,16,D:\PSPS\runs_B_k9_3od_x0.8\none_seed8\g013_i016,1600,581399.0,363.374375,316364.3999999998,217614.0,3622913.7200000426,6.231372465380991,,9,"-E19,-E26,-E50,-E53,E10,E49,E53,E57,E6",OK,,,,,,,True
B_k9_3od_x0.8,seed_best.csv,D:\PSPS\runs_B_k9_3od_x0.8\analysis\seed_best.csv,none,9,14,1,D:\PSPS\runs_B_k9_3od_x0.8\none_seed9\g014_i001,1600,589068.0,368.1675,322241.859999999,223418.0,3645908.58000003,6.189283036932968,,9,"-E16,-E26,-E52,E13,E31,E34,E43,E53,E8",OK,,,,,,,True
B_k9_3od_x1.0,seed_best.csv,D:\PSPS\runs_B_k9_3od_x1.0\analysis\seed_best.csv,both,0,10,13,D:\PSPS\runs_B_k9_3od_x1.0\both_seed0\g010_i013,2000,943133.0,471.5665,602762.7700000003,418339.0,4641717.310000039,4.921593571638399,,9,"-E40,-E58,E11,E23,E24,E39,E40,E43,E63",OK,,,,,,,True
B_k9_3od_x1.0,seed_best.csv,D:\PSPS\runs_B_k9_3od_x1.0\analysis\seed_best.csv,both,1,6,3,D:\PSPS\runs_B_k9_3od_x1.0\both_seed1\g006_i003,2000,942383.0,471.1915,601967.1499999984,419763.0,4645845.280000042,4.929890798115037,,9,"-E30,-E38,-E40,-E46,E25,E40,E45,E49,E7",OK,,,,,,,True
B_k9_3od_x1.0,seed_best.csv,D:\PSPS\runs_B_k9_3od_x1.0\analysis\seed_best.csv,both,2,6,4,D:\PSPS\runs_B_k9_3od_x1.0\both_seed2\g006_i004,2000,923718.0,461.859,583340.1099999999,404023.0,4645317.640000011,5.028934848081352,,9,"-E20,-E58,-E64,E15,E28,E40,E51,E7,E9",OK,,,,,,,True
B_k9_3od_x1.0,seed_best.csv,D:\PSPS\runs_B_k9_3od_x1.0\analysis\seed_best.csv,both,3,8,4,D:\PSPS\runs_B_k9_3od_x1.0\both_seed3\g008_i004,2000,940466.0,470.233,599445.6000000007,417555.0,4650743.910000034,4.945148373253296,,9,"-E12,-E35,-E50,-E58,E28,E40,E64,E7,E9",OK,,,,,,,True
B_k9_3od_x1.0,seed_best.csv,D:\PSPS\runs_B_k9_3od_x1.0\analysis\seed_best.csv,both,4,5,16,D:\PSPS\runs_B_k9_3od_x1.0\both_seed4\g005_i016,2000,941469.0,470.7345,600396.22,417889.0,4653341.420000027,4.9426390247581455,,9,"-E19,-E20,E23,E29,E40,E51,E64,E7,E9",OK,,,,,,,True
B_k9_3od_x1.0,seed_best.csv,D:\PSPS\runs_B_k9_3od_x1.0\analysis\seed_best.csv,both,5,4,13,D:\PSPS\runs_B_k9_3od_x1.0\both_seed5\g004_i013,2000,956548.0,478.274,614341.9899999994,427089.0,4662989.750000038,4.874809993852936,,9,"-E17,-E27,-E58,E25,E28,E56,E57,E64,E7",OK,,,,,,,True
B_k9_3od_x1.0,seed_best.csv,D:\PSPS\runs_B_k9_3od_x1.0\analysis\seed_best.csv,both,6,4,4,D:\PSPS\runs_B_k9_3od_x1.0\both_seed6\g004_i004,2000,942286.0,471.143,601076.5900000002,418670.0,4653590.440000036,4.938617829406397,,9,"-E35,-E50,-E58,E29,E30,E34,E40,E7,E9",OK,,,,,,,True
B_k9_3od_x1.0,seed_best.csv,D:\PSPS\runs_B_k9_3od_x1.0\analysis\seed_best.csv,both,7,10,5,D:\PSPS\runs_B_k9_3od_x1.0\both_seed7\g010_i005,2000,970175.0,485.0875,626912.6400000004,438567.0,4686590.620000051,4.830665209884868,,9,"-E19,-E21,-E29,-E30,-E35,-E44,E40,E53,E9",OK,,,,,,,True
B_k9_3od_x1.0,seed_best.csv,D:\PSPS\runs_B_k9_3od_x1.0\analysis\seed_best.csv,both,8,11,16,D:\PSPS\runs_B_k9_3od_x1.0\both_seed8\g011_i016,2000,953354.0,476.677,612891.5500000005,429849.0,4648437.32000001,4.8758775019562615,,9,"-E13,-E27,-E64,E11,E15,E31,E40,E7,E9",OK,,,,,,,True
B_k9_3od_x1.0,seed_best.csv,D:\PSPS\runs_B_k9_3od_x1.0\analysis\seed_best.csv,both,9,8,9,D:\PSPS\runs_B_k9_3od_x1.0\both_seed9\g008_i009,2000,946159.0,473.0795,608755.9000000001,424343.0,4601790.960000042,4.863655009358936,,9,"-E26,-E38,-E58,-E64,E25,E31,E40,E50,E7",OK,,,,,,,True
B_k9_3od_x1.0,seed_best.csv,D:\PSPS\runs_B_k9_3od_x1.0\analysis\seed_best.csv,init,0,14,12,D:\PSPS\runs_B_k9_3od_x1.0\init_seed0\g014_i012,2000,950400.0,475.2,609995.4700000009,425652.0,4641427.880000045,4.883657281144828,,9,"-E38,E110,E24,E40,E43,E51,E53,E59,E63",OK,,,,,,,True
B_k9_3od_x1.0,seed_best.csv,D:\PSPS\runs_B_k9_3od_x1.0\analysis\seed_best.csv,init,1,6,19,D:\PSPS\runs_B_k9_3od_x1.0\init_seed1\g006_i019,2000,958829.0,479.4145,623413.6700000003,438815.0,4578070.270000019,4.774647272871408,,9,"-E52,-E53,-E58,-E64,-E9,E14,E29,E40,E59",OK,,,,,,,True
B_k9_3od_x1.0,seed_best.csv,D:\PSPS\runs_B_k9_3od_x1.0\analysis\seed_best.csv,init,2,8,15,D:\PSPS\runs_B_k9_3od_x1.0\init_seed2\g008_i015,2000,925373.0,462.6865,585653.4699999992,405774.0,4631745.440000027,5.005274024636582,,9,"-E21,-E38,-E39,-E47,-E58,-E64,E43,E7,E8",OK,,,,,,,True
B_k9_3od_x1.0,seed_best.csv,D:\PSPS\runs_B_k9_3od_x1.0\analysis\seed_best.csv,init,3,7,5,D:\PSPS\runs_B_k9_3od_x1.0\init_seed3\g007_i005,2000,960008.0,480.004,618929.8599999989,434064.0,4649998.880000032,4.843708469096124,,9,"-E12,-E47,-E58,E39,E40,E56,E59,E7,E9",OK,,,,,,,True
B_k9_3od_x1.0,seed_best.csv,D:\PSPS\runs_B_k9_3od_x1.0\analysis\seed_best.csv,init,4,4,19,D:\PSPS\runs_B_k9_3od_x1.0\init_seed4\g004_i019,2000,972986.0,486.493,631409.7200000014,442535.0,4662438.2700000405,4.791886286133655,,9,"-E21,-E30,-E44,-E9,E15,E31,E40,E41,E9",OK,,,,,,,True
B_k9_3od_x1.0,seed_best.csv,D:\PSPS\runs_B_k9_3od_x1.0\analysis\seed_best.csv,init,5,4,16,D:\PSPS\runs_B_k9_3od_x1.0\init_seed5\g004_i016,2000,940095.0,470.0475,599960.8400000007,416236.0,4643114.680000031,4.938984549433867,,9,"-E16,E40,E41,E43,E47,E49,E53,E7,E9",OK,,,,,,,True
B_k9_3od_x1.0,seed_best.csv,D:\PSPS\runs_B_k9_3od_x1.0\analysis\seed_best.csv,init,6,10,8,D:\PSPS\runs_B_k9_3od_x1.0\init_seed6\g010_i008,2000,950722.0,475.361,608663.6399999994,423856.0,4670256.08000003,4.912325664074283,,9,"-E46,-E8,E23,E29,E30,E40,E43,E56,E9",OK,,,,,,,True
B_k9_3od_x1.0,seed_best.csv,D:\PSPS\runs_B_k9_3od_x1.0\analysis\seed_best.csv,init,7,15,20,D:\PSPS\runs_B_k9_3od_x1.0\init_seed7\g015_i020,2000,954843.0,477.4215,614992.7200000004,429915.0,4638053.930000038,4.857399520130574,,9,"-E21,-E40,-E51,-E9,E29,E40,E58,E64,E8",OK,,,,,,,True
B_k9_3od_x1.0,seed_best.csv,D:\PSPS\runs_B_k9_3od_x1.0\analysis\seed_best.csv,init,8,3,18,D:\PSPS\runs_B_k9_3od_x1.0\init_seed8\g003_i018,2000,949594.0,474.797,608365.2199999994,425355.0,4655940.40000003,4.903085318567756,,9,"-E11,-E21,-E58,E17,E23,E47,E51,E7,E8",OK,,,,,,,True
B_k9_3od_x1.0,seed_best.csv,D:\PSPS\runs_B_k9_3od_x1.0\analysis\seed_best.csv,init,9,14,8,D:\PSPS\runs_B_k9_3od_x1.0\init_seed9\g014_i008,2000,962894.0,481.447,625447.4499999989,439331.0,4601643.490000029,4.778972025996661,,9,"-E11,-E26,-E31,-E51,-E6,E13,E19,E31,E50",OK,,,,,,,True
B_k9_3od_x1.0,seed_best.csv,D:\PSPS\runs_B_k9_3od_x1.0\analysis\seed_best.csv,mutation,0,11,21,D:\PSPS\runs_B_k9_3od_x1.0\mutation_seed0\g011_i021,2000,940137.0,470.0685,601547.0000000003,419102.0,4624091.910000023,4.918529863200813,,9,"-E43,-E64,E11,E13,E33,E40,E58,E64,E9",OK,,,,,,,True
B_k9_3od_x1.0,seed_best.csv,D:\PSPS\runs_B_k9_3od_x1.0\analysis\seed_best.csv,mutation,1,8,7,D:\PSPS\runs_B_k9_3od_x1.0\mutation_seed1\g008_i007,2000,961003.0,480.5015,619933.4000000003,432010.0,4654520.190000033,4.843398189183627,,9,"-E17,-E27,-E32,-E45,-E58,E28,E40,E43,E9",OK,,,,,,,True
B_k9_3od_x1.0,seed_best.csv,D:\PSPS\runs_B_k9_3od_x1.0\analysis\seed_best.csv,mutation,2,13,1,D:\PSPS\runs_B_k9_3od_x1.0\mutation_seed2\g013_i001,2000,947601.0,473.8005,604991.8499999983,422229.0,4679424.320000039,4.938180014584238,,9,"-E11,-E26,-E43,E27,E40,E41,E64,E7,E9",OK,,,,,,,True
B_k9_3od_x1.0,seed_best.csv,D:\PSPS\runs_B_k9_3od_x1.0\analysis\seed_best.csv,mutation,3,10,23,D:\PSPS\runs_B_k9_3od_x1.0\mutation_seed3\g010_i023,2000,957253.0,478.6265,617212.0699999994,429713.0,4634859.400000028,4.841833245756376,,9,"-E20,-E39,-E46,-E64,E31,E59,E63,E7,E8",OK,,,,,,,True
B_k9_3od_x1.0,seed_best.csv,D:\PSPS\runs_B_k9_3od_x1.0\analysis\seed_best.csv,mutation,4,7,18,D:\PSPS\runs_B_k9_3od_x1.0\mutation_seed4\g007_i018,2000,941039.0,470.5195,596730.4499999994,413695.0,4695430.470000024,4.989623671282512,,9,"-E16,-E27,-E43,-E46,E40,E47,E53,E7,E9",OK,,,,,,,True
B_k9_3od_x1.0,seed_best.csv,D:\PSPS\runs_B_k9_3od_x1.0\analysis\seed_best.csv,mutation,5,9,12,D:\PSPS\runs_B_k9_3od_x1.0\mutation_seed5\g009_i012,2000,952379.0,476.1895,607730.1700000016,423485.0,4702800.820000044,4.937950983799563,,9,"-E38,-E58,-E9,E25,E30,E34,E40,E7,E9",OK,,,,,,,True
B_k9_3od_x1.0,seed_best.csv,D:\PSPS\runs_B_k9_3od_x1.0\analysis\seed_best.csv,mutation,6,12,3,D:\PSPS\runs_B_k9_3od_x1.0\mutation_seed6\g012_i003,2000,937934.0,468.967,597917.6899999994,416116.0,4639970.260000029,4.9470114741549285,,9,"-E40,-E58,-E64,E26,E33,E40,E47,E63,E7",OK,,,,,,,True
B_k9_3od_x1.0,seed_best.csv,D:\PSPS\runs_B_k9_3od_x1.0\analysis\seed_best.csv,mutation,7,4,6,D:\PSPS\runs_B_k9_3od_x1.0\mutation_seed7\g004_i006,2000,960755.0,480.3775,623740.8499999983,436011.0,4599744.280000029,4.787635016211239,,9,"-E12,-E52,-E58,-E7,E22,E29,E40,E52,E7",OK,,,,,,,True
B_k9_3od_x1.0,seed_best.csv,D:\PSPS\runs_B_k9_3od_x1.0\analysis\seed_best.csv,mutation,8,13,14,D:\PSPS\runs_B_k9_3od_x1.0\mutation_seed8\g013_i014,2000,959009.0,479.5045,622745.6900000004,435129.0,4590564.980000042,4.786779873807276,,9,"-E21,-E46,-E58,-E9,E13,E40,E47,E49,E53",OK,,,,,,,True
B_k9_3od_x1.0,seed_best.csv,D:\PSPS\runs_B_k9_3od_x1.0\analysis\seed_best.csv,mutation,9,8,9,D:\PSPS\runs_B_k9_3od_x1.0\mutation_seed9\g008_i009,2000,953870.0,476.935,613657.7300000007,427285.0,4641049.770000023,4.865495056978438,,9,"-E44,-E51,-E58,-E7,E15,E28,E40,E63,E7",OK,,,,,,,True
B_k9_3od_x1.0,seed_best.csv,D:\PSPS\runs_B_k9_3od_x1.0\analysis\seed_best.csv,none,0,10,9,D:\PSPS\runs_B_k9_3od_x1.0\none_seed0\g010_i009,2000,959253.0,479.6265,615194.5499999974,426493.0,4696350.490000047,4.895841336957036,,9,"-E29,-E44,-E46,-E50,-E7,E23,E40,E46,E9",OK,,,,,,,True
B_k9_3od_x1.0,seed_best.csv,D:\PSPS\runs_B_k9_3od_x1.0\analysis\seed_best.csv,none,1,6,5,D:\PSPS\runs_B_k9_3od_x1.0\none_seed1\g006_i005,2000,971524.0,485.762,628244.0100000002,441293.0,4682054.990000037,4.81928906542714,,9,"-E14,-E29,-E43,-E8,E24,E28,E39,E64,E7",OK,,,,,,,True
B_k9_3od_x1.0,seed_best.csv,D:\PSPS\runs_B_k9_3od_x1.0\analysis\seed_best.csv,none,2,13,22,D:\PSPS\runs_B_k9_3od_x1.0\none_seed2\g013_i022,2000,946382.0,473.191,604401.1300000006,421882.0,4668776.680000036,4.933289813204431,,9,"-E11,-E27,-E38,E13,E17,E40,E51,E7,E9",OK,,,,,,,True
B_k9_3od_x1.0,seed_best.csv,D:\PSPS\runs_B_k9_3od_x1.0\analysis\seed_best.csv,none,3,12,12,D:\PSPS\runs_B_k9_3od_x1.0\none_seed3\g012_i012,2000,972099.0,486.0495,633860.1700000002,444844.0,4611046.390000046,4.743391763596142,,9,"-E13,-E26,-E32,-E35,-E50,-E9,E19,E56,E7",OK,,,,,,,True
B_k9_3od_x1.0,seed_best.csv,D:\PSPS\runs_B_k9_3od_x1.0\analysis\seed_best.csv,none,4,11,12,D:\PSPS\runs_B_k9_3od_x1.0\none_seed4\g011_i012,2000,957342.0,478.671,617346.770000001,429982.0,4637199.070000029,4.843827044044897,,9,"-E22,-E46,-E8,E21,E25,E27,E31,E49,E7",OK,,,,,,,True
B_k9_3od_x1.0,seed_best.csv,D:\PSPS\runs_B_k9_3od_x1.0\analysis\seed_best.csv,none,5,6,13,D:\PSPS\runs_B_k9_3od_x1.0\none_seed5\g006_i013,2000,959986.0,479.993,622711.5699999988,436242.0,4599490.330000053,4.791205632165524,,9,"-E31,-E35,-E38,-E53,E16,E21,E24,E27,E46",OK,,,,,,,True
B_k9_3od_x1.0,seed_best.csv,D:\PSPS\runs_B_k9_3od_x1.0\analysis\seed_best.csv,none,6,11,15,D:\PSPS\runs_B_k9_3od_x1.0\none_seed6\g011_i015,2000,954120.0,477.06,616166.6600000003,431518.0,4611451.300000063,4.8331984446401535,,9,"-E13,-E14,-E25,-E27,-E35,-E8,E30,E40,E8",OK,,,,,,,True
B_k9_3od_x1.0,seed_best.csv,D:\PSPS\runs_B_k9_3od_x1.0\analysis\seed_best.csv,none,7,10,16,D:\PSPS\runs_B_k9_3od_x1.0\none_seed7\g010_i016,2000,957774.0,478.887,613675.4899999993,427837.0,4695440.680000044,4.902451601317267,,9,"-E53,-E58,-E7,E13,E39,E40,E50,E62,E9",OK,,,,,,,True
B_k9_3od_x1.0,seed_best.csv,D:\PSPS\runs_B_k9_3od_x1.0\analysis\seed_best.csv,none,8,1,4,D:\PSPS\runs_B_k9_3od_x1.0\none_seed8\g001_i004,2000,969698.0,484.849,628951.0399999995,442038.0,4649442.29000002,4.794732267159486,,6,"-E14,-E20,E21,E30,E40,E9",OK,,,,,,,True
B_k9_3od_x1.0,seed_best.csv,D:\PSPS\runs_B_k9_3od_x1.0\analysis\seed_best.csv,none,9,8,12,D:\PSPS\runs_B_k9_3od_x1.0\none_seed9\g008_i012,2000,967138.0,483.569,627443.1099999995,439359.0,4637544.910000022,4.795122216271123,,9,"-E12,-E14,-E20,-E29,E23,E32,E40,E57,E9",OK,,,,,,,True
B_k9_3od_x1.2,seed_best.csv,D:\PSPS\runs_B_k9_3od_x1.2\analysis\seed_best.csv,both,0,10,11,D:\PSPS\runs_B_k9_3od_x1.2\both_seed0\g010_i011,2400,1370772.0,571.155,951038.0499999996,666788.0,5726182.470000038,4.177341286515947,,9,"-E14,-E15,-E17,-E29,-E47,-E50,E16,E24,E27",OK,,,,,,,True
B_k9_3od_x1.2,seed_best.csv,D:\PSPS\runs_B_k9_3od_x1.2\analysis\seed_best.csv,both,1,14,14,D:\PSPS\runs_B_k9_3od_x1.2\both_seed1\g014_i014,2400,1363076.0,567.9483333333334,948868.0699999988,663696.0,5651325.790000053,4.146009312760296,,9,"-E14,-E20,-E22,-E29,-E31,-E7,-E9,E46,E56",OK,,,,,,,True
B_k9_3od_x1.2,seed_best.csv,D:\PSPS\runs_B_k9_3od_x1.2\analysis\seed_best.csv,both,2,10,23,D:\PSPS\runs_B_k9_3od_x1.2\both_seed2\g010_i023,2400,1375225.0,573.0104166666666,962833.4799999996,677326.0,5628520.760000038,4.092799912741579,,9,"-E11,-E14,-E17,-E44,-E46,-E52,E22,E28,E63",OK,,,,,,,True
B_k9_3od_x1.2,seed_best.csv,D:\PSPS\runs_B_k9_3od_x1.2\analysis\seed_best.csv,both,3,13,5,D:\PSPS\runs_B_k9_3od_x1.2\both_seed3\g013_i005,2400,1371625.0,571.5104166666666,955475.9900000008,671134.0,5681229.300000061,4.141969780370044,,9,"-E21,-E27,-E7,E16,E27,E43,E49,E57,E63",OK,,,,,,,True
B_k9_3od_x1.2,seed_best.csv,D:\PSPS\runs_B_k9_3od_x1.2\analysis\seed_best.csv,both,4,4,14,D:\PSPS\runs_B_k9_3od_x1.2\both_seed4\g004_i014,2400,1359310.0,566.3791666666667,947944.9999999998,665006.0,5614702.560000044,4.1305534131287525,,9,"-E11,-E14,-E20,-E38,-E52,-E8,E16,E31,E47",OK,,,,,,,True
B_k9_3od_x1.2,seed_best.csv,D:\PSPS\runs_B_k9_3od_x1.2\analysis\seed_best.csv,both,5,11,10,D:\PSPS\runs_B_k9_3od_x1.2\both_seed5\g011_i010,2400,1362724.0,567.8016666666666,950684.160000001,668841.0,5621589.640000048,4.125259142717122,,9,"-E27,-E40,-E47,-E7,-E9,E110,E27,E31,E58",OK,,,,,,,True
B_k9_3od_x1.2,seed_best.csv,D:\PSPS\runs_B_k9_3od_x1.2\analysis\seed_best.csv,both,6,10,1,D:\PSPS\runs_B_k9_3od_x1.2\both_seed6\g010_i001,2400,1353846.0,564.1025,936971.5600000016,655366.0,5688693.77000002,4.201876557599624,,9,"-E20,-E6,E13,E16,E22,E24,E33,E45,E52",OK,,,,,,,True
B_k9_3od_x1.2,seed_best.csv,D:\PSPS\runs_B_k9_3od_x1.2\analysis\seed_best.csv,both,7,12,19,D:\PSPS\runs_B_k9_3od_x1.2\both_seed7\g012_i019,2400,1345902.0,560.7925,928067.18,650208.0,5705530.19000004,4.239186946746524,,9,"-E11,-E13,-E27,-E38,-E50,-E53,-E64,E24,E39",OK,,,,,,,True
B_k9_3od_x1.2,seed_best.csv,D:\PSPS\runs_B_k9_3od_x1.2\analysis\seed_best.csv,both,8,9,9,D:\PSPS\runs_B_k9_3od_x1.2\both_seed8\g009_i009,2400,1365631.0,569.0129166666667,948598.1800000007,665469.0,5691744.950000048,4.167849843771888,,9,"-E21,-E50,-E9,E19,E28,E39,E46,E49,E56",OK,,,,,,,True
B_k9_3od_x1.2,seed_best.csv,D:\PSPS\runs_B_k9_3od_x1.2\analysis\seed_best.csv,both,9,12,12,D:\PSPS\runs_B_k9_3od_x1.2\both_seed9\g012_i012,2400,1360192.0,566.7466666666667,946132.3299999991,664557.0,5648797.110000043,4.152940989213319,,9,"-E17,-E19,-E20,-E29,-E40,-E7,-E9,E110,E28",OK,,,,,,,True
B_k9_3od_x1.2,seed_best.csv,D:\PSPS\runs_B_k9_3od_x1.2\analysis\seed_best.csv,init,0,10,3,D:\PSPS\runs_B_k9_3od_x1.2\init_seed0\g010_i003,2400,1361050.0,567.1041666666666,946854.4299999996,662144.0,5654977.140000034,4.154863627346559,,9,"-E11,-E30,-E9,E15,E24,E28,E33,E52,E59",OK,,,,,,,True
B_k9_3od_x1.2,seed_best.csv,D:\PSPS\runs_B_k9_3od_x1.2\analysis\seed_best.csv,init,1,14,8,D:\PSPS\runs_B_k9_3od_x1.2\init_seed1\g014_i008,2400,1366444.0,569.3516666666667,954041.7600000002,670372.0,5628471.890000036,4.119065172081721,,9,"-E11,-E14,-E15,-E17,-E28,-E40,-E46,E27,E43",OK,,,,,,,True
B_k9_3od_x1.2,seed_best.csv,D:\PSPS\runs_B_k9_3od_x1.2\analysis\seed_best.csv,init,2,11,1,D:\PSPS\runs_B_k9_3od_x1.2\init_seed2\g011_i001,2400,1383038.0,576.2658333333334,965682.8699999992,681008.0,5693862.040000028,4.1169237866204895,,9,"-E17,-E26,-E35,-E8,E11,E26,E47,E49,E6",OK,,,,,,,True
B_k9_3od_x1.2,seed_best.csv,D:\PSPS\runs_B_k9_3od_x1.2\analysis\seed_best.csv,init,3,15,6,D:\PSPS\runs_B_k9_3od_x1.2\init_seed3\g015_i006,2400,1378687.0,574.4529166666666,959147.3499999996,673038.0,5725626.250000055,4.152955855825184,,9,"-E12,-E15,-E23,-E29,-E38,-E46,-E7,E16,E27",OK,,,,,,,True
B_k9_3od_x1.2,seed_best.csv,D:\PSPS\runs_B_k9_3od_x1.2\analysis\seed_best.csv,init,4,10,20,D:\PSPS\runs_B_k9_3od_x1.2\init_seed4\g010_i020,2400,1361301.0,567.20875,948996.05,666586.0,5626758.510000025,4.133368380688786,,9,"-E22,-E29,-E30,-E43,-E52,E29,E40,E62,E63",OK,,,,,,,True
B_k9_3od_x1.2,seed_best.csv,D:\PSPS\runs_B_k9_3od_x1.2\analysis\seed_best.csv,init,5,10,16,D:\PSPS\runs_B_k9_3od_x1.2\init_seed5\g010_i016,2400,1361301.0,567.20875,948996.05,666586.0,5626758.510000025,4.133368380688786,,9,"-E27,-E35,-E44,-E46,-E52,E16,E25,E40,E47",OK,,,,,,,True
B_k9_3od_x1.2,seed_best.csv,D:\PSPS\runs_B_k9_3od_x1.2\analysis\seed_best.csv,init,6,10,23,D:\PSPS\runs_B_k9_3od_x1.2\init_seed6\g010_i023,2400,1358699.0,566.1245833333334,943242.7099999984,659889.0,5663185.320000064,4.168094125336122,,9,"-E20,-E26,-E39,-E53,-E9,E39,E43,E52,E7",OK,,,,,,,True
B_k9_3od_x1.2,seed_best.csv,D:\PSPS\runs_B_k9_3od_x1.2\analysis\seed_best.csv,init,7,6,14,D:\PSPS\runs_B_k9_3od_x1.2\init_seed7\g006_i014,2400,1354101.0,564.20875,935087.7600000016,654704.0,5717204.110000031,4.222140084085331,,9,"-E32,-E38,-E39,E16,E17,E19,E24,E41,E53",OK,,,,,,,True
B_k9_3od_x1.2,seed_best.csv,D:\PSPS\runs_B_k9_3od_x1.2\analysis\seed_best.csv,init,8,10,19,D:\PSPS\runs_B_k9_3od_x1.2\init_seed8\g010_i019,2400,1390914.0,579.5475,975165.1200000012,689949.0,5672986.450000032,4.078603314079829,,9,"-E15,-E19,-E21,-E9,E10,E15,E40,E45,E63",OK,,,,,,,True
B_k9_3od_x1.2,seed_best.csv,D:\PSPS\runs_B_k9_3od_x1.2\analysis\seed_best.csv,init,9,4,12,D:\PSPS\runs_B_k9_3od_x1.2\init_seed9\g004_i012,2400,1370966.0,571.2358333333333,952169.2900000002,663690.0,5712174.820000044,4.166532809712308,,9,"-E15,-E44,-E53,-E58,-E7,-E8,E110,E25,E56",OK,,,,,,,True
B_k9_3od_x1.2,seed_best.csv,D:\PSPS\runs_B_k9_3od_x1.2\analysis\seed_best.csv,mutation,0,5,12,D:\PSPS\runs_B_k9_3od_x1.2\mutation_seed0\g005_i012,2400,1373684.0,572.3683333333333,961914.9400000006,678292.0,5621449.75000003,4.092243740190633,,9,"-E11,-E27,-E43,-E52,E22,E30,E31,E43,E49",OK,,,,,,,True
B_k9_3od_x1.2,seed_best.csv,D:\PSPS\runs_B_k9_3od_x1.2\analysis\seed_best.csv,mutation,1,10,8,D:\PSPS\runs_B_k9_3od_x1.2\mutation_seed1\g010_i008,2400,1361114.0,567.1308333333334,948322.2400000012,666954.0,5631513.570000059,4.137429759740962,,9,"-E43,-E47,-E52,-E63,-E9,E30,E32,E33,E49",OK,,,,,,,True
B_k9_3od_x1.2,seed_best.csv,D:\PSPS\runs_B_k9_3od_x1.2\analysis\seed_best.csv,mutation,2,11,11,D:\PSPS\runs_B_k9_3od_x1.2\mutation_seed2\g011_i011,2400,1372827.0,572.01125,956076.6399999994,669889.0,5692384.80000004,4.146469147241452,,9,"-E11,-E20,-E21,-E23,-E30,-E47,-E51,-E58,E62",OK,,,,,,,True
B_k9_3od_x1.2,seed_best.csv,D:\PSPS\runs_B_k9_3od_x1.2\analysis\seed_best.csv,mutation,3,3,6,D:\PSPS\runs_B_k9_3od_x1.2\mutation_seed3\g003_i006,2400,1374711.0,572.79625,959361.9899999988,672365.0,5666836.530000045,4.122202070107859,,9,"-E14,-E17,-E30,-E7,E22,E27,E46,E49,E64",OK,,,,,,,True
B_k9_3od_x1.2,seed_best.csv,D:\PSPS\runs_B_k9_3od_x1.2\analysis\seed_best.csv,mutation,4,13,10,D:\PSPS\runs_B_k9_3od_x1.2\mutation_seed4\g013_i010,2400,1373633.0,572.3470833333333,961989.48,675393.0,5619229.090000041,4.090779043601923,,9,"-E11,-E13,-E17,-E31,-E40,-E58,E13,E23,E49",OK,,,,,,,True
B_k9_3od_x1.2,seed_best.csv,D:\PSPS\runs_B_k9_3od_x1.2\analysis\seed_best.csv,mutation,5,3,6,D:\PSPS\runs_B_k9_3od_x1.2\mutation_seed5\g003_i006,2400,1369539.0,570.64125,952518.969999998,668530.0,5690505.200000038,4.155051590352694,,9,"-E14,-E17,-E50,-E51,-E9,E13,E32,E50,E58",OK,,,,,,,True
B_k9_3od_x1.2,seed_best.csv,D:\PSPS\runs_B_k9_3od_x1.2\analysis\seed_best.csv,mutation,6,13,8,D:\PSPS\runs_B_k9_3od_x1.2\mutation_seed6\g013_i008,2400,1378781.0,574.4920833333333,964572.1400000008,676565.0,5652079.350000053,4.099330749408392,,9,"-E11,-E22,-E26,-E30,-E64,E11,E28,E30,E62",OK,,,,,,,True
B_k9_3od_x1.2,seed_best.csv,D:\PSPS\runs_B_k9_3od_x1.2\analysis\seed_best.csv,mutation,7,12,10,D:\PSPS\runs_B_k9_3od_x1.2\mutation_seed7\g012_i010,2400,1373715.0,572.38125,961144.32,674375.0,5632096.460000051,4.099901697222532,,9,"-E13,-E14,-E19,-E9,E28,E31,E39,E49,E51",OK,,,,,,,True
B_k9_3od_x1.2,seed_best.csv,D:\PSPS\runs_B_k9_3od_x1.2\analysis\seed_best.csv,mutation,8,2,15,D:\PSPS\runs_B_k9_3od_x1.2\mutation_seed8\g002_i015,2400,1377555.0,573.98125,965383.479999998,680508.0,5624831.100000036,4.083198928536455,,9,"-E19,-E39,-E6,-E7,-E9,E11,E110,E16,E45",OK,,,,,,,True
B_k9_3od_x1.2,seed_best.csv,D:\PSPS\runs_B_k9_3od_x1.2\analysis\seed_best.csv,mutation,9,10,21,D:\PSPS\runs_B_k9_3od_x1.2\mutation_seed9\g010_i021,2400,1376107.0,573.3779166666667,958938.1999999994,674241.0,5692476.810000019,4.136652753019947,,9,"-E40,-E46,-E64,E24,E33,E40,E46,E49,E56",OK,,,,,,,True
B_k9_3od_x1.2,seed_best.csv,D:\PSPS\runs_B_k9_3od_x1.2\analysis\seed_best.csv,none,0,13,13,D:\PSPS\runs_B_k9_3od_x1.2\none_seed0\g013_i013,2400,1355242.0,564.6841666666667,940994.1900000012,660053.0,5654357.140000059,4.172212151040227,,9,"-E11,-E29,-E51,E13,E29,E34,E39,E40,E63",OK,,,,,,,True
B_k9_3od_x1.2,seed_best.csv,D:\PSPS\runs_B_k9_3od_x1.2\analysis\seed_best.csv,none,1,7,9,D:\PSPS\runs_B_k9_3od_x1.2\none_seed1\g007_i009,2400,1350362.0,562.6508333333334,937968.1099999996,658021.0,5625750.470000049,4.166105436912509,,9,"-E11,-E12,-E31,-E35,-E9,E16,E23,E51,E62",OK,,,,,,,True
B_k9_3od_x1.2,seed_best.csv,D:\PSPS\runs_B_k9_3od_x1.2\analysis\seed_best.csv,none,2,4,12,D:\PSPS\runs_B_k9_3od_x1.2\none_seed2\g004_i012,2400,1379769.0,574.90375,966689.5400000009,680514.0,5637289.020000035,4.085675950104717,,9,"-E26,-E30,-E47,-E51,E19,E43,E51,E53,E62",OK,,,,,,,True
B_k9_3od_x1.2,seed_best.csv,D:\PSPS\runs_B_k9_3od_x1.2\analysis\seed_best.csv,none,3,6,18,D:\PSPS\runs_B_k9_3od_x1.2\none_seed3\g006_i018,2400,1367618.0,569.8408333333333,950724.6200000014,669291.0,5686523.820000065,4.157976730344339,,9,"-E13,-E38,-E39,-E9,E10,E24,E50,E51,E53",OK,,,,,,,True
B_k9_3od_x1.2,seed_best.csv,D:\PSPS\runs_B_k9_3od_x1.2\analysis\seed_best.csv,none,4,12,15,D:\PSPS\runs_B_k9_3od_x1.2\none_seed4\g012_i015,2400,1352800.0,563.6666666666666,945986.21,664262.0,5553666.530000027,4.105312337374355,,9,"-E11,-E19,-E32,-E39,-E44,E25,E31,E47,E51",OK,,,,,,,True
B_k9_3od_x1.2,seed_best.csv,D:\PSPS\runs_B_k9_3od_x1.2\analysis\seed_best.csv,none,5,13,5,D:\PSPS\runs_B_k9_3od_x1.2\none_seed5\g013_i005,2400,1363192.0,567.9966666666667,948319.099999999,666869.0,5666727.910000067,4.156955080428925,,9,"-E12,-E32,-E63,-E7,-E9,E22,E47,E56,E63",OK,,,,,,,True
B_k9_3od_x1.2,seed_best.csv,D:\PSPS\runs_B_k9_3od_x1.2\analysis\seed_best.csv,none,6,14,11,D:\PSPS\runs_B_k9_3od_x1.2\none_seed6\g014_i011,2400,1378297.0,574.2904166666667,960830.1400000012,676221.0,5697866.86000005,4.133990613053681,,9,"-E11,-E12,-E16,-E17,-E23,-E32,-E46,E110,E30",OK,,,,,,,True
B_k9_3od_x1.2,seed_best.csv,D:\PSPS\runs_B_k9_3od_x1.2\analysis\seed_best.csv,none,7,14,15,D:\PSPS\runs_B_k9_3od_x1.2\none_seed7\g014_i015,2400,1365584.0,568.9933333333333,951941.53,670594.0,5642505.810000036,4.131936087417571,,9,"-E15,-E21,-E39,-E43,-E52,-E6,-E7,E47,E51",OK,,,,,,,True
B_k9_3od_x1.2,seed_best.csv,D:\PSPS\runs_B_k9_3od_x1.2\analysis\seed_best.csv,none,8,13,21,D:\PSPS\runs_B_k9_3od_x1.2\none_seed8\g013_i021,2400,1378684.0,574.4516666666667,956168.2800000014,668432.0,5765086.310000054,4.181586433149332,,9,"-E38,-E45,-E47,-E51,E45,E52,E62,E7,E9",OK,,,,,,,True
B_k9_3od_x1.2,seed_best.csv,D:\PSPS\runs_B_k9_3od_x1.2\analysis\seed_best.csv,none,9,14,18,D:\PSPS\runs_B_k9_3od_x1.2\none_seed9\g014_i018,2400,1365087.0,568.78625,949515.8899999995,666408.0,5673457.990000043,4.156114584638226,,9,"-E16,-E39,-E43,-E52,-E64,E10,E28,E51,E63",OK,,,,,,,True
C_k9_1od_x0.8,seed_best.csv,D:\PSPS\runs_C_k9_1od_x0.8\analysis\seed_best.csv,both,0,9,10,D:\PSPS\runs_C_k9_1od_x0.8\both_seed0\g009_i010,1600,701579.0,438.486875,450520.6700000005,317362.0,3435070.390000019,4.8961989882821735,,9,"-E11,-E41,E1,E26,E3,E4,E56,E6,E63",OK,,,,,,,True
C_k9_1od_x0.8,seed_best.csv,D:\PSPS\runs_C_k9_1od_x0.8\analysis\seed_best.csv,both,1,9,18,D:\PSPS\runs_C_k9_1od_x0.8\both_seed1\g009_i018,1600,701579.0,438.486875,450520.6700000005,317362.0,3435070.390000019,4.8961989882821735,,9,"-E11,-E31,-E43,-E46,E2,E26,E46,E51,E6",OK,,,,,,,True
C_k9_1od_x0.8,seed_best.csv,D:\PSPS\runs_C_k9_1od_x0.8\analysis\seed_best.csv,both,2,4,12,D:\PSPS\runs_C_k9_1od_x0.8\both_seed2\g004_i012,1600,713063.0,445.664375,465409.0700000006,330980.0,3383823.2500000023,4.745475855569567,,9,"-E1,-E11,-E2,-E47,E15,E27,E30,E47,E6",OK,,,,,,,True
C_k9_1od_x0.8,seed_best.csv,D:\PSPS\runs_C_k9_1od_x0.8\analysis\seed_best.csv,both,3,12,15,D:\PSPS\runs_C_k9_1od_x0.8\both_seed3\g012_i015,1600,719898.0,449.93625,468056.80000000034,331704.0,3441753.9300000165,4.780891084570337,,9,"-E11,-E16,-E19,-E7,E0,E20,E32,E4,E6",OK,,,,,,,True
C_k9_1od_x0.8,seed_best.csv,D:\PSPS\runs_C_k9_1od_x0.8\analysis\seed_best.csv,both,4,14,11,D:\PSPS\runs_C_k9_1od_x0.8\both_seed4\g014_i011,1600,717802.0,448.62625,466087.56999999913,329129.0,3439855.250000021,4.792206276939909,,9,"-E16,-E47,-E52,-E64,E110,E28,E32,E6,E9",OK,,,,,,,True
C_k9_1od_x0.8,seed_best.csv,D:\PSPS\runs_C_k9_1od_x0.8\analysis\seed_best.csv,both,5,4,18,D:\PSPS\runs_C_k9_1od_x0.8\both_seed5\g004_i018,1600,701579.0,438.486875,450520.6700000005,317362.0,3435070.390000019,4.8961989882821735,,9,"-E11,-E16,-E46,E26,E3,E56,E6,E63,E7",OK,,,,,,,True
C_k9_1od_x0.8,seed_best.csv,D:\PSPS\runs_C_k9_1od_x0.8\analysis\seed_best.csv,both,6,11,22,D:\PSPS\runs_C_k9_1od_x0.8\both_seed6\g011_i022,1600,718759.0,449.224375,471537.6599999996,335515.0,3379499.240000011,4.70185311070889,,9,"-E0,-E2,-E39,-E46,-E64,E110,E15,E6,E64",OK,,,,,,,True
C_k9_1od_x0.8,seed_best.csv,D:\PSPS\runs_C_k9_1od_x0.8\analysis\seed_best.csv,both,7,13,16,D:\PSPS\runs_C_k9_1od_x0.8\both_seed7\g013_i016,1600,714616.0,446.635,466864.74000000034,331413.0,3384841.280000003,4.736587593896586,,9,"-E2,-E30,-E39,-E50,-E7,E28,E4,E40,E6",OK,,,,,,,True
C_k9_1od_x0.8,seed_best.csv,D:\PSPS\runs_C_k9_1od_x0.8\analysis\seed_best.csv,both,8,4,18,D:\PSPS\runs_C_k9_1od_x0.8\both_seed8\g004_i018,1600,709720.0,443.575,458036.8000000008,324552.0,3442639.190000021,4.850700543876488,,9,"-E14,-E27,-E4,-E45,E110,E12,E25,E46,E6",OK,,,,,,,True
C_k9_1od_x0.8,seed_best.csv,D:\PSPS\runs_C_k9_1od_x0.8\analysis\seed_best.csv,both,9,5,19,D:\PSPS\runs_C_k9_1od_x0.8\both_seed9\g005_i019,1600,701579.0,438.486875,450520.6700000005,317362.0,3435070.390000019,4.8961989882821735,,9,"-E11,-E29,-E31,-E63,E26,E28,E31,E33,E6",OK,,,,,,,True
C_k9_1od_x0.8,seed_best.csv,D:\PSPS\runs_C_k9_1od_x0.8\analysis\seed_best.csv,init,0,15,9,D:\PSPS\runs_C_k9_1od_x0.8\init_seed0\g015_i009,1600,717802.0,448.62625,466087.56999999913,329129.0,3439855.250000021,4.792206276939909,,9,"-E16,-E32,-E43,-E46,-E58,E23,E43,E6,E9",OK,,,,,,,True
C_k9_1od_x0.8,seed_best.csv,D:\PSPS\runs_C_k9_1od_x0.8\analysis\seed_best.csv,init,1,6,23,D:\PSPS\runs_C_k9_1od_x0.8\init_seed1\g006_i023,1600,717158.0,448.22375,466211.30999999953,331281.0,3432454.3500000085,4.786189863321623,,9,"-E1,-E52,E19,E21,E29,E4,E50,E6,E9",OK,,,,,,,True
C_k9_1od_x0.8,seed_best.csv,D:\PSPS\runs_C_k9_1od_x0.8\analysis\seed_best.csv,init,2,15,19,D:\PSPS\runs_C_k9_1od_x0.8\init_seed2\g015_i019,1600,713063.0,445.664375,465409.0700000006,330980.0,3383823.2500000023,4.745475855569567,,9,"-E1,-E11,-E2,-E3,E0,E27,E28,E47,E6",OK,,,,,,,True
C_k9_1od_x0.8,seed_best.csv,D:\PSPS\runs_C_k9_1od_x0.8\analysis\seed_best.csv,init,3,10,2,D:\PSPS\runs_C_k9_1od_x0.8\init_seed3\g010_i002,1600,713063.0,445.664375,465409.0700000006,330980.0,3383823.2500000023,4.745475855569567,,9,"-E11,-E16,-E2,-E43,-E9,E14,E16,E47,E6",OK,,,,,,,True
C_k9_1od_x0.8,seed_best.csv,D:\PSPS\runs_C_k9_1od_x0.8\analysis\seed_best.csv,init,4,3,18,D:\PSPS\runs_C_k9_1od_x0.8\init_seed4\g003_i018,1600,716629.0,447.893125,465535.0,331889.0,3434383.880000013,4.792415433927475,,9,"-E11,-E23,-E58,-E64,-E8,E12,E4,E50,E6",OK,,,,,,,True
C_k9_1od_x0.8,seed_best.csv,D:\PSPS\runs_C_k9_1od_x0.8\analysis\seed_best.csv,init,5,4,12,D:\PSPS\runs_C_k9_1od_x0.8\init_seed5\g004_i012,1600,714433.0,446.520625,463480.69,330603.0,3432597.000000021,4.804645082184083,,9,"-E11,-E26,-E4,-E40,-E63,E26,E43,E45,E6",OK,,,,,,,True
C_k9_1od_x0.8,seed_best.csv,D:\PSPS\runs_C_k9_1od_x0.8\analysis\seed_best.csv,init,6,8,7,D:\PSPS\runs_C_k9_1od_x0.8\init_seed6\g008_i007,1600,701579.0,438.486875,450520.6700000005,317362.0,3435070.390000019,4.8961989882821735,,9,"-E11,-E12,-E14,-E15,-E19,E26,E29,E33,E6",OK,,,,,,,True
C_k9_1od_x0.8,seed_best.csv,D:\PSPS\runs_C_k9_1od_x0.8\analysis\seed_best.csv,init,7,11,5,D:\PSPS\runs_C_k9_1od_x0.8\init_seed7\g011_i005,1600,701579.0,438.486875,450520.6700000005,317362.0,3435070.390000019,4.8961989882821735,,9,"-E11,-E51,-E58,E15,E19,E21,E26,E51,E6",OK,,,,,,,True
C_k9_1od_x0.8,seed_best.csv,D:\PSPS\runs_C_k9_1od_x0.8\analysis\seed_best.csv,init,8,5,3,D:\PSPS\runs_C_k9_1od_x0.8\init_seed8\g005_i003,1600,716423.0,447.764375,465395.14,329518.0,3430616.570000019,4.788534943741364,,9,"-E1,-E21,-E39,-E4,-E7,E11,E47,E6,E9",OK,,,,,,,True
C_k9_1od_x0.8,seed_best.csv,D:\PSPS\runs_C_k9_1od_x0.8\analysis\seed_best.csv,init,9,9,10,D:\PSPS\runs_C_k9_1od_x0.8\init_seed9\g009_i010,1600,718759.0,449.224375,471537.6599999996,335515.0,3379499.240000011,4.70185311070889,,9,"-E2,-E28,-E39,E1,E15,E20,E32,E45,E6",OK,,,,,,,True
C_k9_1od_x0.8,seed_best.csv,D:\PSPS\runs_C_k9_1od_x0.8\analysis\seed_best.csv,mutation,0,3,8,D:\PSPS\runs_C_k9_1od_x0.8\mutation_seed0\g003_i008,1600,701579.0,438.486875,450520.6700000005,317362.0,3435070.390000019,4.8961989882821735,,9,"-E11,-E19,-E41,-E43,-E50,E26,E30,E51,E6",OK,,,,,,,True
C_k9_1od_x0.8,seed_best.csv,D:\PSPS\runs_C_k9_1od_x0.8\analysis\seed_best.csv,mutation,1,12,14,D:\PSPS\runs_C_k9_1od_x0.8\mutation_seed1\g012_i014,1600,701579.0,438.486875,450520.6700000005,317362.0,3435070.390000019,4.8961989882821735,,9,"-E11,-E20,-E21,-E38,-E43,E11,E26,E6,E7",OK,,,,,,,True
C_k9_1od_x0.8,seed_best.csv,D:\PSPS\runs_C_k9_1od_x0.8\analysis\seed_best.csv,mutation,2,2,8,D:\PSPS\runs_C_k9_1od_x0.8\mutation_seed2\g002_i008,1600,718759.0,449.224375,471537.6599999996,335515.0,3379499.240000011,4.70185311070889,,9,"-E15,-E19,-E2,-E29,-E39,-E50,E16,E27,E6",OK,,,,,,,True
C_k9_1od_x0.8,seed_best.csv,D:\PSPS\runs_C_k9_1od_x0.8\analysis\seed_best.csv,mutation,3,8,8,D:\PSPS\runs_C_k9_1od_x0.8\mutation_seed3\g008_i008,1600,718759.0,449.224375,471537.6599999996,335515.0,3379499.240000011,4.70185311070889,,9,"-E12,-E2,-E35,-E39,-E6,E16,E28,E29,E6",OK,,,,,,,True
C_k9_1od_x0.8,seed_best.csv,D:\PSPS\runs_C_k9_1od_x0.8\analysis\seed_best.csv,mutation,4,7,21,D:\PSPS\runs_C_k9_1od_x0.8\mutation_seed4\g007_i021,1600,718958.0,449.34875,471742.27,336373.0,3376265.630000012,4.696054053227048,,9,"-E2,-E30,-E8,E16,E27,E31,E4,E6,E63",OK,,,,,,,True
C_k9_1od_x0.8,seed_best.csv,D:\PSPS\runs_C_k9_1od_x0.8\analysis\seed_best.csv,mutation,5,6,21,D:\PSPS\runs_C_k9_1od_x0.8\mutation_seed5\g006_i021,1600,717802.0,448.62625,466087.56999999913,329129.0,3439855.250000021,4.792206276939909,,9,"-E12,-E16,-E50,-E52,-E6,E50,E6,E64,E9",OK,,,,,,,True
C_k9_1od_x0.8,seed_best.csv,D:\PSPS\runs_C_k9_1od_x0.8\analysis\seed_best.csv,mutation,6,3,2,D:\PSPS\runs_C_k9_1od_x0.8\mutation_seed6\g003_i002,1600,717802.0,448.62625,466087.56999999913,329129.0,3439855.250000021,4.792206276939909,,9,"-E16,-E41,-E63,E1,E17,E27,E31,E6,E9",OK,,,,,,,True
C_k9_1od_x0.8,seed_best.csv,D:\PSPS\runs_C_k9_1od_x0.8\analysis\seed_best.csv,mutation,7,5,6,D:\PSPS\runs_C_k9_1od_x0.8\mutation_seed7\g005_i006,1600,701579.0,438.486875,450520.6700000005,317362.0,3435070.390000019,4.8961989882821735,,9,"-E11,-E29,E110,E2,E26,E28,E30,E57,E6",OK,,,,,,,True
C_k9_1od_x0.8,seed_best.csv,D:\PSPS\runs_C_k9_1od_x0.8\analysis\seed_best.csv,mutation,8,13,1,D:\PSPS\runs_C_k9_1od_x0.8\mutation_seed8\g013_i001,1600,717802.0,448.62625,466087.56999999913,329129.0,3439855.250000021,4.792206276939909,,9,"-E16,-E17,-E3,E21,E23,E50,E6,E63,E9",OK,,,,,,,True
C_k9_1od_x0.8,seed_best.csv,D:\PSPS\runs_C_k9_1od_x0.8\analysis\seed_best.csv,mutation,9,6,16,D:\PSPS\runs_C_k9_1od_x0.8\mutation_seed9\g006_i016,1600,721979.0,451.236875,468955.61000000045,333730.0,3460915.0200000177,4.793650535541917,,9,"-E38,-E4,-E6,E11,E2,E28,E32,E56,E6",OK,,,,,,,True
C_k9_1od_x0.8,seed_best.csv,D:\PSPS\runs_C_k9_1od_x0.8\analysis\seed_best.csv,none,0,6,3,D:\PSPS\runs_C_k9_1od_x0.8\none_seed0\g006_i003,1600,706492.0,441.5575,455401.1899999996,321455.0,3433898.390000017,4.8604915413055165,,9,"-E27,-E4,-E63,E14,E16,E19,E2,E3,E6",OK,,,,,,,True
C_k9_1od_x0.8,seed_best.csv,D:\PSPS\runs_C_k9_1od_x0.8\analysis\seed_best.csv,none,1,15,12,D:\PSPS\runs_C_k9_1od_x0.8\none_seed1\g015_i012,1600,715469.0,447.168125,463425.99000000034,329065.0,3446948.50000002,4.8177468206169936,,9,"-E16,-E27,E11,E12,E28,E4,E53,E56,E6",OK,,,,,,,True
C_k9_1od_x0.8,seed_best.csv,D:\PSPS\runs_C_k9_1od_x0.8\analysis\seed_best.csv,none,2,4,4,D:\PSPS\runs_C_k9_1od_x0.8\none_seed2\g004_i004,1600,718258.0,448.91125,470529.8800000006,335804.0,3385867.9200000144,4.713999593460866,,9,"-E2,-E31,-E4,-E46,E0,E16,E40,E43,E6",OK,,,,,,,True
C_k9_1od_x0.8,seed_best.csv,D:\PSPS\runs_C_k9_1od_x0.8\analysis\seed_best.csv,none,3,11,8,D:\PSPS\runs_C_k9_1od_x0.8\none_seed3\g011_i008,1600,717818.0,448.63625,465449.42000000057,329692.0,3451471.3100000294,4.808281918257872,,9,"-E25,-E46,-E63,E110,E33,E41,E6,E7,E9",OK,,,,,,,True
C_k9_1od_x0.8,seed_best.csv,D:\PSPS\runs_C_k9_1od_x0.8\analysis\seed_best.csv,none,4,8,21,D:\PSPS\runs_C_k9_1od_x0.8\none_seed4\g008_i021,1600,719782.0,449.86375,469025.1399999991,335606.0,3429603.5200000247,4.764780891992332,,9,"-E0,-E14,-E17,-E28,-E45,E4,E40,E6,E9",OK,,,,,,,True
C_k9_1od_x0.8,seed_best.csv,D:\PSPS\runs_C_k9_1od_x0.8\analysis\seed_best.csv,none,5,12,17,D:\PSPS\runs_C_k9_1od_x0.8\none_seed5\g012_i017,1600,718958.0,449.34875,471742.27,336373.0,3376265.630000012,4.696054053227048,,9,"-E2,-E35,-E47,-E8,E21,E32,E4,E49,E6",OK,,,,,,,True
C_k9_1od_x0.8,seed_best.csv,D:\PSPS\runs_C_k9_1od_x0.8\analysis\seed_best.csv,none,6,8,21,D:\PSPS\runs_C_k9_1od_x0.8\none_seed6\g008_i021,1600,707361.0,442.100625,455657.71999999887,321279.0,3441751.4400000256,4.865622277733753,,9,"-E16,-E21,-E32,-E4,-E46,-E58,E2,E6,E9",OK,,,,,,,True
C_k9_1od_x0.8,seed_best.csv,D:\PSPS\runs_C_k9_1od_x0.8\analysis\seed_best.csv,none,7,5,3,D:\PSPS\runs_C_k9_1od_x0.8\none_seed7\g005_i003,1600,715640.0,447.275,462045.6400000005,327468.0,3467448.459999994,4.845241266558596,,9,"-E16,-E17,-E4,-E58,-E63,-E9,E40,E56,E6",OK,,,,,,,True
C_k9_1od_x0.8,seed_best.csv,D:\PSPS\runs_C_k9_1od_x0.8\analysis\seed_best.csv,none,8,6,10,D:\PSPS\runs_C_k9_1od_x0.8\none_seed8\g006_i010,1600,696382.0,435.23875,444669.36,312112.0,3440787.110000027,4.9409477987656585,,9,"-E16,-E31,-E39,-E4,-E52,E26,E3,E51,E6",OK,,,,,,,True
C_k9_1od_x0.8,seed_best.csv,D:\PSPS\runs_C_k9_1od_x0.8\analysis\seed_best.csv,none,9,7,18,D:\PSPS\runs_C_k9_1od_x0.8\none_seed9\g007_i018,1600,718684.0,449.1775,467316.3200000001,332009.0,3438101.240000016,4.783884488871348,,9,"-E3,-E30,-E32,-E39,-E4,-E51,E11,E38,E6",OK,,,,,,,True
C_k9_1od_x1.0,seed_best.csv,D:\PSPS\runs_C_k9_1od_x1.0\analysis\seed_best.csv,both,0,7,17,D:\PSPS\runs_C_k9_1od_x1.0\both_seed0\g007_i017,2000,909080.0,454.54,591532.8799999997,419625.0,4328623.050000032,4.761542493509957,,9,"-E27,-E4,-E52,-E63,-E64,-E7,E45,E56,E6",OK,,,,,,,True
C_k9_1od_x1.0,seed_best.csv,D:\PSPS\runs_C_k9_1od_x1.0\analysis\seed_best.csv,both,1,12,8,D:\PSPS\runs_C_k9_1od_x1.0\both_seed1\g012_i008,2000,907575.0,453.7875,590039.7600000002,418169.0,4329573.470000034,4.7704856017409405,,9,"-E11,-E17,-E32,-E9,E33,E40,E45,E6,E63",OK,,,,,,,True
C_k9_1od_x1.0,seed_best.csv,D:\PSPS\runs_C_k9_1od_x1.0\analysis\seed_best.csv,both,2,7,9,D:\PSPS\runs_C_k9_1od_x1.0\both_seed2\g007_i009,2000,904316.0,452.158,586855.4899999981,417187.0,4328971.730000047,4.787012205910376,,9,"-E21,-E4,-E51,E12,E14,E34,E50,E6,E9",OK,,,,,,,True
C_k9_1od_x1.0,seed_best.csv,D:\PSPS\runs_C_k9_1od_x1.0\analysis\seed_best.csv,both,3,2,23,D:\PSPS\runs_C_k9_1od_x1.0\both_seed3\g002_i023,2000,903016.0,451.508,583472.3900000006,412774.0,4354746.08000004,4.822446202503655,,9,"-E16,-E29,-E4,-E9,E1,E11,E47,E51,E6",OK,,,,,,,True
C_k9_1od_x1.0,seed_best.csv,D:\PSPS\runs_C_k9_1od_x1.0\analysis\seed_best.csv,both,4,5,5,D:\PSPS\runs_C_k9_1od_x1.0\both_seed4\g005_i005,2000,898874.0,449.437,580247.7200000004,412085.0,4344697.41000001,4.833488798207547,,9,"-E19,-E29,-E32,-E45,E27,E3,E38,E47,E6",OK,,,,,,,True
C_k9_1od_x1.0,seed_best.csv,D:\PSPS\runs_C_k9_1od_x1.0\analysis\seed_best.csv,both,5,13,2,D:\PSPS\runs_C_k9_1od_x1.0\both_seed5\g013_i002,2000,912507.0,456.2535,596109.9499999986,425998.0,4316111.390000052,4.729948800392821,,9,"-E20,-E39,-E4,-E41,-E52,E11,E32,E46,E6",OK,,,,,,,True
C_k9_1od_x1.0,seed_best.csv,D:\PSPS\runs_C_k9_1od_x1.0\analysis\seed_best.csv,both,6,14,21,D:\PSPS\runs_C_k9_1od_x1.0\both_seed6\g014_i021,2000,903869.0,451.9345,590174.4799999995,419950.0,4280274.550000038,4.73550320898276,,9,"-E16,-E3,-E30,-E4,-E64,-E9,E15,E16,E9",OK,,,,,,,True
C_k9_1od_x1.0,seed_best.csv,D:\PSPS\runs_C_k9_1od_x1.0\analysis\seed_best.csv,both,7,4,17,D:\PSPS\runs_C_k9_1od_x1.0\both_seed7\g004_i017,2000,904526.0,452.263,587148.9300000004,415889.0,4327193.92000003,4.783935365042055,,9,"-E11,-E16,-E19,-E26,-E50,E20,E33,E4,E6",OK,,,,,,,True
C_k9_1od_x1.0,seed_best.csv,D:\PSPS\runs_C_k9_1od_x1.0\analysis\seed_best.csv,both,8,6,7,D:\PSPS\runs_C_k9_1od_x1.0\both_seed8\g006_i007,2000,913578.0,456.789,596522.8099999997,425461.0,4322622.400000035,4.731530750521614,,9,"-E19,-E64,-E9,E14,E23,E25,E31,E4,E6",OK,,,,,,,True
C_k9_1od_x1.0,seed_best.csv,D:\PSPS\runs_C_k9_1od_x1.0\analysis\seed_best.csv,both,9,13,19,D:\PSPS\runs_C_k9_1od_x1.0\both_seed9\g013_i019,2000,905102.0,452.551,591416.7499999999,420851.0,4276983.92000001,4.725416494494555,,9,"-E11,-E14,-E2,-E38,-E64,E27,E28,E57,E6",OK,,,,,,,True
C_k9_1od_x1.0,seed_best.csv,D:\PSPS\runs_C_k9_1od_x1.0\analysis\seed_best.csv,init,0,2,9,D:\PSPS\runs_C_k9_1od_x1.0\init_seed0\g002_i009,2000,913578.0,456.789,596522.8099999997,425461.0,4322622.400000035,4.731530750521614,,9,"-E17,-E19,-E35,-E41,E0,E25,E32,E4,E6",OK,,,,,,,True
C_k9_1od_x1.0,seed_best.csv,D:\PSPS\runs_C_k9_1od_x1.0\analysis\seed_best.csv,init,1,4,17,D:\PSPS\runs_C_k9_1od_x1.0\init_seed1\g004_i017,2000,913578.0,456.789,596522.8099999997,425461.0,4322622.400000035,4.731530750521614,,9,"-E0,-E14,-E39,E1,E15,E16,E34,E4,E6",OK,,,,,,,True
C_k9_1od_x1.0,seed_best.csv,D:\PSPS\runs_C_k9_1od_x1.0\analysis\seed_best.csv,init,2,10,9,D:\PSPS\runs_C_k9_1od_x1.0\init_seed2\g010_i009,2000,886424.0,443.212,571554.76,404645.0,4295504.5900000455,4.845880289793649,,9,"-E11,-E4,-E6,-E8,E15,E32,E6,E62,E9",OK,,,,,,,True
C_k9_1od_x1.0,seed_best.csv,D:\PSPS\runs_C_k9_1od_x1.0\analysis\seed_best.csv,init,3,9,3,D:\PSPS\runs_C_k9_1od_x1.0\init_seed3\g009_i003,2000,899913.0,449.9565,581771.72,412809.0,4338514.540000036,4.821037744759812,,9,"-E11,-E15,-E20,-E27,-E4,-E51,E1,E19,E6",OK,,,,,,,True
C_k9_1od_x1.0,seed_best.csv,D:\PSPS\runs_C_k9_1od_x1.0\analysis\seed_best.csv,init,4,14,5,D:\PSPS\runs_C_k9_1od_x1.0\init_seed4\g014_i005,2000,912137.0,456.0685,601961.9700000001,429831.0,4231617.210000016,4.639234248802555,,9,"-E2,-E20,-E4,E14,E2,E25,E29,E40,E9",OK,,,,,,,True
C_k9_1od_x1.0,seed_best.csv,D:\PSPS\runs_C_k9_1od_x1.0\analysis\seed_best.csv,init,5,14,4,D:\PSPS\runs_C_k9_1od_x1.0\init_seed5\g014_i004,2000,905102.0,452.551,591416.7499999999,420851.0,4276983.92000001,4.725416494494555,,9,"-E11,-E2,-E30,-E46,-E63,E2,E31,E50,E6",OK,,,,,,,True
C_k9_1od_x1.0,seed_best.csv,D:\PSPS\runs_C_k9_1od_x1.0\analysis\seed_best.csv,init,6,9,12,D:\PSPS\runs_C_k9_1od_x1.0\init_seed6\g009_i012,2000,913578.0,456.789,596522.8099999997,425461.0,4322622.400000035,4.731530750521614,,9,"-E30,-E39,E21,E28,E31,E4,E56,E6,E64",OK,,,,,,,True
C_k9_1od_x1.0,seed_best.csv,D:\PSPS\runs_C_k9_1od_x1.0\analysis\seed_best.csv,init,7,15,20,D:\PSPS\runs_C_k9_1od_x1.0\init_seed7\g015_i020,2000,907913.0,453.9565,589910.6499999984,419392.0,4336408.760000028,4.776238207845936,,9,"-E11,-E23,-E3,-E4,-E51,-E8,E26,E27,E6",OK,,,,,,,True
C_k9_1od_x1.0,seed_best.csv,D:\PSPS\runs_C_k9_1od_x1.0\analysis\seed_best.csv,init,8,3,20,D:\PSPS\runs_C_k9_1od_x1.0\init_seed8\g003_i020,2000,913578.0,456.789,596522.8099999997,425461.0,4322622.400000035,4.731530750521614,,9,"-E12,-E38,-E8,E14,E4,E49,E6,E62,E63",OK,,,,,,,True
C_k9_1od_x1.0,seed_best.csv,D:\PSPS\runs_C_k9_1od_x1.0\analysis\seed_best.csv,init,9,14,18,D:\PSPS\runs_C_k9_1od_x1.0\init_seed9\g014_i018,2000,904817.0,452.4085,587137.6900000004,415843.0,4329743.490000036,4.785214568249752,,9,"-E26,-E3,-E4,-E50,E33,E45,E51,E6,E9",OK,,,,,,,True
C_k9_1od_x1.0,seed_best.csv,D:\PSPS\runs_C_k9_1od_x1.0\analysis\seed_best.csv,mutation,0,7,14,D:\PSPS\runs_C_k9_1od_x1.0\mutation_seed0\g007_i014,2000,907712.0,453.856,591351.6800000006,419985.0,4315269.580000012,4.754007416449284,,9,"-E19,-E21,-E32,-E4,-E47,E12,E3,E6,E64",OK,,,,,,,True
C_k9_1od_x1.0,seed_best.csv,D:\PSPS\runs_C_k9_1od_x1.0\analysis\seed_best.csv,mutation,1,12,10,D:\PSPS\runs_C_k9_1od_x1.0\mutation_seed1\g012_i010,2000,898874.0,449.437,580247.7200000004,412085.0,4344697.41000001,4.833488798207547,,9,"-E28,-E29,-E63,-E64,-E8,E1,E3,E4,E6",OK,,,,,,,True
C_k9_1od_x1.0,seed_best.csv,D:\PSPS\runs_C_k9_1od_x1.0\analysis\seed_best.csv,mutation,2,7,10,D:\PSPS\runs_C_k9_1od_x1.0\mutation_seed2\g007_i010,2000,899913.0,449.9565,581771.72,412809.0,4338514.540000036,4.821037744759812,,9,"-E1,-E11,-E38,-E4,-E43,-E64,E2,E6,E63",OK,,,,,,,True
C_k9_1od_x1.0,seed_best.csv,D:\PSPS\runs_C_k9_1od_x1.0\analysis\seed_best.csv,mutation,3,15,8,D:\PSPS\runs_C_k9_1od_x1.0\mutation_seed3\g015_i008,2000,905427.0,452.7135,587999.8800000016,416016.0,4325553.360000037,4.777362901702773,,9,"-E23,-E30,-E4,E38,E4,E45,E57,E6,E9",OK,,,,,,,True
C_k9_1od_x1.0,seed_best.csv,D:\PSPS\runs_C_k9_1od_x1.0\analysis\seed_best.csv,mutation,4,15,3,D:\PSPS\runs_C_k9_1od_x1.0\mutation_seed4\g015_i003,2000,904817.0,452.4085,587137.6900000004,415843.0,4329743.490000036,4.785214568249752,,9,"-E0,-E30,-E4,E17,E25,E43,E6,E63,E9",OK,,,,,,,True
C_k9_1od_x1.0,seed_best.csv,D:\PSPS\runs_C_k9_1od_x1.0\analysis\seed_best.csv,mutation,5,5,8,D:\PSPS\runs_C_k9_1od_x1.0\mutation_seed5\g005_i008,2000,909031.0,454.5155,591983.3900000006,422266.0,4322531.90000003,4.755098450987953,,9,"-E0,-E28,-E4,-E45,E12,E14,E15,E6,E63",OK,,,,,,,True
C_k9_1od_x1.0,seed_best.csv,D:\PSPS\runs_C_k9_1od_x1.0\analysis\seed_best.csv,mutation,6,14,18,D:\PSPS\runs_C_k9_1od_x1.0\mutation_seed6\g014_i018,2000,909080.0,454.54,591532.8799999997,419625.0,4328623.050000032,4.761542493509957,,9,"-E38,-E4,-E47,-E52,-E6,E19,E49,E51,E6",OK,,,,,,,True
C_k9_1od_x1.0,seed_best.csv,D:\PSPS\runs_C_k9_1od_x1.0\analysis\seed_best.csv,mutation,7,12,3,D:\PSPS\runs_C_k9_1od_x1.0\mutation_seed7\g012_i003,2000,911345.0,455.6725,595113.9199999998,422807.0,4312634.370000036,4.732164405356956,,9,"-E19,-E32,-E39,E23,E38,E4,E49,E6,E9",OK,,,,,,,True
C_k9_1od_x1.0,seed_best.csv,D:\PSPS\runs_C_k9_1od_x1.0\analysis\seed_best.csv,mutation,8,14,15,D:\PSPS\runs_C_k9_1od_x1.0\mutation_seed8\g014_i015,2000,899913.0,449.9565,581771.72,412809.0,4338514.540000036,4.821037744759812,,9,"-E11,-E12,-E14,-E27,-E4,-E7,E28,E43,E6",OK,,,,,,,True
C_k9_1od_x1.0,seed_best.csv,D:\PSPS\runs_C_k9_1od_x1.0\analysis\seed_best.csv,mutation,9,4,10,D:\PSPS\runs_C_k9_1od_x1.0\mutation_seed9\g004_i010,2000,910475.0,455.2375,593520.2600000013,422013.0,4323013.380000031,4.74808575743434,,9,"-E12,-E52,E12,E17,E27,E40,E45,E51,E6",OK,,,,,,,True
C_k9_1od_x1.0,seed_best.csv,D:\PSPS\runs_C_k9_1od_x1.0\analysis\seed_best.csv,none,0,11,3,D:\PSPS\runs_C_k9_1od_x1.0\none_seed0\g011_i003,2000,899913.0,449.9565,581771.72,412809.0,4338514.540000036,4.821037744759812,,9,"-E1,-E11,-E26,-E4,-E63,E28,E33,E45,E6",OK,,,,,,,True
C_k9_1od_x1.0,seed_best.csv,D:\PSPS\runs_C_k9_1od_x1.0\analysis\seed_best.csv,none,1,1,8,D:\PSPS\runs_C_k9_1od_x1.0\none_seed1\g001_i008,2000,917674.0,458.837,603926.51,432718.0,4281962.960000026,4.666104695131415,,5,"-E2,-E4,-E63,E47,E62",OK,,,,,,,True
C_k9_1od_x1.0,seed_best.csv,D:\PSPS\runs_C_k9_1od_x1.0\analysis\seed_best.csv,none,2,4,9,D:\PSPS\runs_C_k9_1od_x1.0\none_seed2\g004_i009,2000,909088.0,454.544,596816.3200000016,426387.0,4260298.010000027,4.686342807297013,,9,"-E14,-E26,-E35,-E38,-E4,E11,E17,E32,E45",OK,,,,,,,True
C_k9_1od_x1.0,seed_best.csv,D:\PSPS\runs_C_k9_1od_x1.0\analysis\seed_best.csv,none,3,15,13,D:\PSPS\runs_C_k9_1od_x1.0\none_seed3\g015_i013,2000,902551.0,451.2755,586806.9499999991,416130.0,4305788.7300000405,4.770687451457082,,9,"-E11,-E12,-E14,-E4,E29,E45,E51,E6,E9",OK,,,,,,,True
C_k9_1od_x1.0,seed_best.csv,D:\PSPS\runs_C_k9_1od_x1.0\analysis\seed_best.csv,none,4,13,11,D:\PSPS\runs_C_k9_1od_x1.0\none_seed4\g013_i011,2000,905876.0,452.938,591190.6999999995,420193.0,4290405.640000034,4.736195285005932,,9,"-E11,-E30,-E4,E110,E2,E40,E50,E52,E6",OK,,,,,,,True
C_k9_1od_x1.0,seed_best.csv,D:\PSPS\runs_C_k9_1od_x1.0\analysis\seed_best.csv,none,5,12,18,D:\PSPS\runs_C_k9_1od_x1.0\none_seed5\g012_i018,2000,903395.0,451.6975,589775.7899999993,419621.0,4279308.860000035,4.736918911439664,,9,"-E16,-E17,-E4,-E44,-E52,-E7,E23,E32,E9",OK,,,,,,,True
C_k9_1od_x1.0,seed_best.csv,D:\PSPS\runs_C_k9_1od_x1.0\analysis\seed_best.csv,none,6,5,15,D:\PSPS\runs_C_k9_1od_x1.0\none_seed6\g005_i015,2000,912574.0,456.287,596269.8699999999,423367.0,4313965.840000031,4.727250436676949,,9,"-E11,-E12,-E32,-E6,E0,E31,E43,E46,E6",OK,,,,,,,True
C_k9_1od_x1.0,seed_best.csv,D:\PSPS\runs_C_k9_1od_x1.0\analysis\seed_best.csv,none,7,15,16,D:\PSPS\runs_C_k9_1od_x1.0\none_seed7\g015_i016,2000,912574.0,456.287,596269.8699999999,423367.0,4313965.840000031,4.727250436676949,,9,"-E11,-E47,E2,E23,E38,E43,E46,E49,E6",OK,,,,,,,True
C_k9_1od_x1.0,seed_best.csv,D:\PSPS\runs_C_k9_1od_x1.0\analysis\seed_best.csv,none,8,15,1,D:\PSPS\runs_C_k9_1od_x1.0\none_seed8\g015_i001,2000,905102.0,452.551,591416.7499999999,420851.0,4276983.92000001,4.725416494494555,,9,"-E11,-E2,-E43,E16,E19,E25,E29,E47,E6",OK,,,,,,,True
C_k9_1od_x1.0,seed_best.csv,D:\PSPS\runs_C_k9_1od_x1.0\analysis\seed_best.csv,none,9,7,21,D:\PSPS\runs_C_k9_1od_x1.0\none_seed9\g007_i021,2000,914496.0,457.248,597563.89,423816.0,4321125.8400000185,4.725144604241045,,9,"-E11,-E15,-E23,-E27,-E3,-E52,-E9,E47,E6",OK,,,,,,,True
C_k9_1od_x1.2,seed_best.csv,D:\PSPS\runs_C_k9_1od_x1.2\analysis\seed_best.csv,both,0,14,12,D:\PSPS\runs_C_k9_1od_x1.2\both_seed0\g014_i012,2400,1075266.0,448.0275,698764.9700000011,496862.0,5136749.499999986,4.777189551236611,,9,"-E11,-E16,-E30,-E4,-E41,-E46,E11,E14,E6",OK,,,,,,,True
C_k9_1od_x1.2,seed_best.csv,D:\PSPS\runs_C_k9_1od_x1.2\analysis\seed_best.csv,both,1,2,4,D:\PSPS\runs_C_k9_1od_x1.2\both_seed1\g002_i004,2400,1091058.0,454.6075,710331.4999999991,503621.0,5193820.469999967,4.760352309409735,,9,"-E11,-E19,-E35,-E47,-E51,-E52,-E8,E32,E6",OK,,,,,,,True
C_k9_1od_x1.2,seed_best.csv,D:\PSPS\runs_C_k9_1od_x1.2\analysis\seed_best.csv,both,2,12,10,D:\PSPS\runs_C_k9_1od_x1.2\both_seed2\g012_i010,2400,1084621.0,451.92541666666665,707138.1900000002,502847.0,5147421.7800000105,4.745825297500242,,9,"-E11,-E4,-E41,-E52,-E9,E16,E50,E6,E62",OK,,,,,,,True
C_k9_1od_x1.2,seed_best.csv,D:\PSPS\runs_C_k9_1od_x1.2\analysis\seed_best.csv,both,3,13,9,D:\PSPS\runs_C_k9_1od_x1.2\both_seed3\g013_i009,2400,1079417.0,449.75708333333336,698704.5099999993,494609.0,5192894.049999986,4.810832189969202,,9,"-E1,-E11,-E16,-E20,-E35,-E4,E43,E56,E6",OK,,,,,,,True
C_k9_1od_x1.2,seed_best.csv,D:\PSPS\runs_C_k9_1od_x1.2\analysis\seed_best.csv,both,4,8,21,D:\PSPS\runs_C_k9_1od_x1.2\both_seed4\g008_i021,2400,1084621.0,451.92541666666665,707138.1900000002,502847.0,5147421.7800000105,4.745825297500242,,9,"-E1,-E11,-E23,-E35,-E4,-E9,E34,E56,E6",OK,,,,,,,True
C_k9_1od_x1.2,seed_best.csv,D:\PSPS\runs_C_k9_1od_x1.2\analysis\seed_best.csv,both,5,2,23,D:\PSPS\runs_C_k9_1od_x1.2\both_seed5\g002_i023,2400,1071170.0,446.3208333333333,691847.1100000005,489602.0,5174719.539999951,4.8309040955216735,,9,"-E11,-E20,-E52,E17,E21,E30,E4,E57,E6",OK,,,,,,,True
C_k9_1od_x1.2,seed_best.csv,D:\PSPS\runs_C_k9_1od_x1.2\analysis\seed_best.csv,both,6,11,9,D:\PSPS\runs_C_k9_1od_x1.2\both_seed6\g011_i009,2400,1071170.0,446.3208333333333,691847.1100000005,489602.0,5174719.539999951,4.8309040955216735,,9,"-E11,-E16,-E41,-E52,E110,E17,E20,E4,E6",OK,,,,,,,True
C_k9_1od_x1.2,seed_best.csv,D:\PSPS\runs_C_k9_1od_x1.2\analysis\seed_best.csv,both,7,5,1,D:\PSPS\runs_C_k9_1od_x1.2\both_seed7\g005_i001,2400,1083653.0,451.5220833333333,704259.5000000006,500813.0,5176097.119999985,4.776526360375494,,9,"-E11,-E29,-E4,E110,E23,E3,E40,E45,E6",OK,,,,,,,True
C_k9_1od_x1.2,seed_best.csv,D:\PSPS\runs_C_k9_1od_x1.2\analysis\seed_best.csv,both,8,10,6,D:\PSPS\runs_C_k9_1od_x1.2\both_seed8\g010_i006,2400,1064128.0,443.38666666666666,684432.1999999993,483962.0,5178973.55,4.866870855761713,,9,"-E0,-E11,-E35,-E4,-E51,E17,E19,E38,E6",OK,,,,,,,True
C_k9_1od_x1.2,seed_best.csv,D:\PSPS\runs_C_k9_1od_x1.2\analysis\seed_best.csv,both,9,8,16,D:\PSPS\runs_C_k9_1od_x1.2\both_seed9\g008_i016,2400,1087370.0,453.0708333333333,712904.7399999992,508659.0,5111073.859999987,4.700399919070774,,9,"-E11,-E27,-E4,-E46,-E7,E25,E29,E43,E62",OK,,,,,,,True
C_k9_1od_x1.2,seed_best.csv,D:\PSPS\runs_C_k9_1od_x1.2\analysis\seed_best.csv,init,0,7,6,D:\PSPS\runs_C_k9_1od_x1.2\init_seed0\g007_i006,2400,1064128.0,443.38666666666666,684432.1999999993,483962.0,5178973.55,4.866870855761713,,9,"-E1,-E11,-E12,-E23,-E4,E30,E47,E56,E6",OK,,,,,,,True
C_k9_1od_x1.2,seed_best.csv,D:\PSPS\runs_C_k9_1od_x1.2\analysis\seed_best.csv,init,1,13,18,D:\PSPS\runs_C_k9_1od_x1.2\init_seed1\g013_i018,2400,1101388.0,458.9116666666667,721764.5599999997,513721.0,5181090.529999994,4.7041465223881085,,9,"-E16,-E31,-E46,E110,E23,E33,E57,E6,E9",OK,,,,,,,True
C_k9_1od_x1.2,seed_best.csv,D:\PSPS\runs_C_k9_1od_x1.2\analysis\seed_best.csv,init,2,11,10,D:\PSPS\runs_C_k9_1od_x1.2\init_seed2\g011_i010,2400,1104259.0,460.10791666666665,725725.1799999991,518033.0,5161149.479999988,4.673857745329663,,9,"-E11,-E23,-E45,-E46,-E52,-E63,E40,E50,E9",OK,,,,,,,True
C_k9_1od_x1.2,seed_best.csv,D:\PSPS\runs_C_k9_1od_x1.2\analysis\seed_best.csv,init,3,11,17,D:\PSPS\runs_C_k9_1od_x1.2\init_seed3\g011_i017,2400,1101745.0,459.0604166666666,718945.9900000008,512256.0,5223754.149999961,4.741345910351271,,9,"-E0,-E1,-E35,E2,E23,E30,E38,E4,E6",OK,,,,,,,True
C_k9_1od_x1.2,seed_best.csv,D:\PSPS\runs_C_k9_1od_x1.2\analysis\seed_best.csv,init,4,5,4,D:\PSPS\runs_C_k9_1od_x1.2\init_seed4\g005_i004,2400,1079199.0,449.66625,706354.4999999994,504396.0,5088052.609999972,4.7146565276654,,9,"-E15,-E2,-E27,-E35,E29,E31,E34,E45,E53",OK,,,,,,,True
C_k9_1od_x1.2,seed_best.csv,D:\PSPS\runs_C_k9_1od_x1.2\analysis\seed_best.csv,init,5,9,8,D:\PSPS\runs_C_k9_1od_x1.2\init_seed5\g009_i008,2400,1103330.0,459.72083333333336,722437.7300000002,515268.0,5193013.089999967,4.706672609282778,,9,"-E15,-E38,-E41,-E52,-E53,E31,E4,E45,E6",OK,,,,,,,True
C_k9_1od_x1.2,seed_best.csv,D:\PSPS\runs_C_k9_1od_x1.2\analysis\seed_best.csv,init,6,3,16,D:\PSPS\runs_C_k9_1od_x1.2\init_seed6\g003_i016,2400,1086176.0,452.5733333333333,705233.809999999,501419.0,5198023.460000007,4.785618039802027,,9,"-E14,-E29,-E38,-E39,-E4,-E58,E17,E43,E6",OK,,,,,,,True
C_k9_1od_x1.2,seed_best.csv,D:\PSPS\runs_C_k9_1od_x1.2\analysis\seed_best.csv,init,7,2,10,D:\PSPS\runs_C_k9_1od_x1.2\init_seed7\g002_i010,2400,1084621.0,451.92541666666665,707138.1900000002,502847.0,5147421.7800000105,4.745825297500242,,9,"-E11,-E15,-E35,-E4,-E52,-E7,E30,E31,E6",OK,,,,,,,True
C_k9_1od_x1.2,seed_best.csv,D:\PSPS\runs_C_k9_1od_x1.2\analysis\seed_best.csv,init,8,7,11,D:\PSPS\runs_C_k9_1od_x1.2\init_seed8\g007_i011,2400,1091726.0,454.8858333333333,712247.229999999,504621.0,5173892.419999979,4.739185857989989,,9,"-E11,-E15,-E35,-E41,-E47,-E64,-E8,E15,E6",OK,,,,,,,True
C_k9_1od_x1.2,seed_best.csv,D:\PSPS\runs_C_k9_1od_x1.2\analysis\seed_best.csv,init,9,7,6,D:\PSPS\runs_C_k9_1od_x1.2\init_seed9\g007_i006,2400,1101388.0,458.9116666666667,721764.5599999997,513721.0,5181090.529999994,4.7041465223881085,,9,"-E16,-E17,-E19,E20,E28,E31,E57,E6,E9",OK,,,,,,,True
C_k9_1od_x1.2,seed_best.csv,D:\PSPS\runs_C_k9_1od_x1.2\analysis\seed_best.csv,mutation,0,2,8,D:\PSPS\runs_C_k9_1od_x1.2\mutation_seed0\g002_i008,2400,1064128.0,443.38666666666666,684432.1999999993,483962.0,5178973.55,4.866870855761713,,9,"-E11,-E4,-E46,-E51,E2,E21,E28,E32,E6",OK,,,,,,,True
C_k9_1od_x1.2,seed_best.csv,D:\PSPS\runs_C_k9_1od_x1.2\analysis\seed_best.csv,mutation,1,5,21,D:\PSPS\runs_C_k9_1od_x1.2\mutation_seed1\g005_i021,2400,1075266.0,448.0275,698764.9700000011,496862.0,5136749.499999986,4.777189551236611,,9,"-E11,-E28,-E32,-E4,-E50,E11,E17,E28,E6",OK,,,,,,,True
C_k9_1od_x1.2,seed_best.csv,D:\PSPS\runs_C_k9_1od_x1.2\analysis\seed_best.csv,mutation,2,7,12,D:\PSPS\runs_C_k9_1od_x1.2\mutation_seed2\g007_i012,2400,1068903.0,445.37625,691479.3999999992,488258.0,5148351.569999996,4.816481542291485,,9,"-E1,-E23,-E35,-E39,-E4,-E58,E29,E4,E6",OK,,,,,,,True
C_k9_1od_x1.2,seed_best.csv,D:\PSPS\runs_C_k9_1od_x1.2\analysis\seed_best.csv,mutation,3,15,10,D:\PSPS\runs_C_k9_1od_x1.2\mutation_seed3\g015_i010,2400,1079417.0,449.75708333333336,698704.5099999993,494609.0,5192894.049999986,4.810832189969202,,9,"-E11,-E16,-E23,-E32,-E4,E15,E19,E2,E6",OK,,,,,,,True
C_k9_1od_x1.2,seed_best.csv,D:\PSPS\runs_C_k9_1od_x1.2\analysis\seed_best.csv,mutation,4,6,1,D:\PSPS\runs_C_k9_1od_x1.2\mutation_seed4\g006_i001,2400,1078486.0,449.3691666666667,702930.570000001,499440.0,5119798.87999997,4.74720940281095,,9,"-E11,-E2,-E29,-E4,-E46,-E51,E15,E16,E6",OK,,,,,,,True
C_k9_1od_x1.2,seed_best.csv,D:\PSPS\runs_C_k9_1od_x1.2\analysis\seed_best.csv,mutation,5,14,8,D:\PSPS\runs_C_k9_1od_x1.2\mutation_seed5\g014_i008,2400,1064292.0,443.455,685127.1100000006,483793.0,5169328.660000017,4.857058645559693,,9,"-E11,-E28,-E4,-E46,E17,E19,E26,E38,E6",OK,,,,,,,True
C_k9_1od_x1.2,seed_best.csv,D:\PSPS\runs_C_k9_1od_x1.2\analysis\seed_best.csv,mutation,6,7,7,D:\PSPS\runs_C_k9_1od_x1.2\mutation_seed6\g007_i007,2400,1074709.0,447.79541666666665,700142.2800000004,498380.0,5109773.499999995,4.754564724032268,,9,"-E11,-E26,-E3,-E4,-E46,-E64,E15,E4,E62",OK,,,,,,,True
C_k9_1od_x1.2,seed_best.csv,D:\PSPS\runs_C_k9_1od_x1.2\analysis\seed_best.csv,mutation,7,9,6,D:\PSPS\runs_C_k9_1od_x1.2\mutation_seed7\g009_i006,2400,1092064.0,455.0266666666666,708692.6900000004,504233.0,5226815.699999992,4.78618075497406,,9,"-E0,-E39,-E50,E10,E25,E4,E45,E50,E6",OK,,,,,,,True
C_k9_1od_x1.2,seed_best.csv,D:\PSPS\runs_C_k9_1od_x1.2\analysis\seed_best.csv,mutation,8,9,17,D:\PSPS\runs_C_k9_1od_x1.2\mutation_seed8\g009_i017,2400,1087370.0,453.0708333333333,712904.7399999992,508659.0,5111073.859999987,4.700399919070774,,9,"-E11,-E4,-E41,-E7,E1,E110,E17,E25,E28",OK,,,,,,,True
C_k9_1od_x1.2,seed_best.csv,D:\PSPS\runs_C_k9_1od_x1.2\analysis\seed_best.csv,mutation,9,8,7,D:\PSPS\runs_C_k9_1od_x1.2\mutation_seed9\g008_i007,2400,1071170.0,446.3208333333333,691847.1100000005,489602.0,5174719.539999951,4.8309040955216735,,9,"-E0,-E11,-E46,-E52,E1,E19,E4,E47,E6",OK,,,,,,,True
C_k9_1od_x1.2,seed_best.csv,D:\PSPS\runs_C_k9_1od_x1.2\analysis\seed_best.csv,none,0,11,9,D:\PSPS\runs_C_k9_1od_x1.2\none_seed0\g011_i009,2400,1092032.0,455.0133333333333,714949.6299999987,511071.0,5147150.620000005,4.713369773046948,,9,"-E1,-E11,-E4,-E63,E0,E11,E20,E30,E45",OK,,,,,,,True
C_k9_1od_x1.2,seed_best.csv,D:\PSPS\runs_C_k9_1od_x1.2\analysis\seed_best.csv,none,1,11,1,D:\PSPS\runs_C_k9_1od_x1.2\none_seed1\g011_i001,2400,1074709.0,447.79541666666665,700142.2800000004,498380.0,5109773.499999995,4.754564724032268,,9,"-E1,-E11,-E20,-E4,-E64,E15,E17,E38,E4",OK,,,,,,,True
C_k9_1od_x1.2,seed_best.csv,D:\PSPS\runs_C_k9_1od_x1.2\analysis\seed_best.csv,none,2,4,13,D:\PSPS\runs_C_k9_1od_x1.2\none_seed2\g004_i013,2400,1087370.0,453.0708333333333,712904.7399999992,508659.0,5111073.859999987,4.700399919070774,,9,"-E11,-E19,-E4,-E9,E20,E21,E47,E62,E63",OK,,,,,,,True
C_k9_1od_x1.2,seed_best.csv,D:\PSPS\runs_C_k9_1od_x1.2\analysis\seed_best.csv,none,3,7,22,D:\PSPS\runs_C_k9_1od_x1.2\none_seed3\g007_i022,2400,1096671.0,456.94625,716995.9899999998,513039.0,5182164.95000001,4.72535970222611,,9,"-E4,E12,E2,E26,E28,E4,E40,E45,E6",OK,,,,,,,True
C_k9_1od_x1.2,seed_best.csv,D:\PSPS\runs_C_k9_1od_x1.2\analysis\seed_best.csv,none,4,9,12,D:\PSPS\runs_C_k9_1od_x1.2\none_seed4\g009_i012,2400,1091726.0,454.8858333333333,712247.229999999,504621.0,5173892.419999979,4.739185857989989,,9,"-E0,-E11,-E45,-E63,-E7,-E9,E32,E45,E6",OK,,,,,,,True
C_k9_1od_x1.2,seed_best.csv,D:\PSPS\runs_C_k9_1od_x1.2\analysis\seed_best.csv,none,5,9,6,D:\PSPS\runs_C_k9_1od_x1.2\none_seed5\g009_i006,2400,1112840.0,463.6833333333333,729101.9299999995,519523.0,5234425.639999959,4.703664174544372,,9,"-E16,-E25,-E3,-E39,-E52,-E7,E19,E57,E6",OK,,,,,,,True
C_k9_1od_x1.2,seed_best.csv,D:\PSPS\runs_C_k9_1od_x1.2\analysis\seed_best.csv,none,6,8,12,D:\PSPS\runs_C_k9_1od_x1.2\none_seed6\g008_i012,2400,1101745.0,459.0604166666666,718945.9900000008,512256.0,5223754.149999961,4.741345910351271,,9,"-E19,-E45,-E50,E11,E23,E25,E4,E51,E6",OK,,,,,,,True
C_k9_1od_x1.2,seed_best.csv,D:\PSPS\runs_C_k9_1od_x1.2\analysis\seed_best.csv,none,7,6,13,D:\PSPS\runs_C_k9_1od_x1.2\none_seed7\g006_i013,2400,1101745.0,459.0604166666666,718945.9900000008,512256.0,5223754.149999961,4.741345910351271,,9,"-E0,-E31,E15,E2,E27,E28,E4,E57,E6",OK,,,,,,,True
C_k9_1od_x1.2,seed_best.csv,D:\PSPS\runs_C_k9_1od_x1.2\analysis\seed_best.csv,none,8,15,18,D:\PSPS\runs_C_k9_1od_x1.2\none_seed8\g015_i018,2400,1101438.0,458.9325,722612.8500000001,516359.0,5166659.76999999,4.690831231535493,,9,"-E11,-E12,-E30,-E4,-E52,-E7,E23,E4,E6",OK,,,,,,,True
C_k9_1od_x1.2,seed_best.csv,D:\PSPS\runs_C_k9_1od_x1.2\analysis\seed_best.csv,none,9,15,4,D:\PSPS\runs_C_k9_1od_x1.2\none_seed9\g015_i004,2400,1097300.0,457.2083333333333,718450.3799999999,511659.0,5167224.619999981,4.709035468878138,,9,"-E11,-E2,-E28,-E41,E15,E27,E32,E6,E64",OK,,,,,,,True
C_k9_2od_x0.8,seed_best.csv,D:\PSPS\runs_C_k9_2od_x0.8\analysis\seed_best.csv,both,0,5,6,D:\PSPS\runs_C_k9_2od_x0.8\both_seed0\g005_i006,1600,1273165.0,795.728125,986617.5599999992,670790.0,3909801.079999969,3.0709303821578264,,9,"-E0,-E14,-E32,-E4,-E47,-E58,E110,E32,E46",OK,,,,,,,True
C_k9_2od_x0.8,seed_best.csv,D:\PSPS\runs_C_k9_2od_x0.8\analysis\seed_best.csv,both,1,4,21,D:\PSPS\runs_C_k9_2od_x0.8\both_seed1\g004_i021,1600,1281930.0,801.20625,996408.7099999991,681880.0,3896696.74999998,3.039711021662633,,9,"-E14,-E17,-E28,-E46,-E6,E110,E15,E46,E47",OK,,,,,,,True
C_k9_2od_x0.8,seed_best.csv,D:\PSPS\runs_C_k9_2od_x0.8\analysis\seed_best.csv,both,2,14,22,D:\PSPS\runs_C_k9_2od_x0.8\both_seed2\g014_i022,1600,1277296.0,798.31,991399.0799999996,677925.0,3903515.309999999,3.056077299232127,,9,"-E1,-E23,-E46,-E6,E15,E43,E51,E57,E62",OK,,,,,,,True
C_k9_2od_x0.8,seed_best.csv,D:\PSPS\runs_C_k9_2od_x0.8\analysis\seed_best.csv,both,3,5,5,D:\PSPS\runs_C_k9_2od_x0.8\both_seed3\g005_i005,1600,1277240.0,798.275,990571.7600000008,678347.0,3915950.829999978,3.065947535310497,,9,"-E19,-E23,-E26,-E46,E11,E15,E31,E45,E63",OK,,,,,,,True
C_k9_2od_x0.8,seed_best.csv,D:\PSPS\runs_C_k9_2od_x0.8\analysis\seed_best.csv,both,4,10,19,D:\PSPS\runs_C_k9_2od_x0.8\both_seed4\g010_i019,1600,1279584.0,799.74,988368.5900000008,667427.0,3975368.939999982,3.106766683547139,,9,"-E0,-E21,-E30,-E40,-E44,-E51,-E58,E15,E17",OK,,,,,,,True
C_k9_2od_x0.8,seed_best.csv,D:\PSPS\runs_C_k9_2od_x0.8\analysis\seed_best.csv,both,5,3,20,D:\PSPS\runs_C_k9_2od_x0.8\both_seed5\g003_i020,1600,1274138.0,796.33625,988742.69,680289.0,3898426.539999977,3.059658011926477,,9,"-E30,-E40,-E46,-E47,-E6,-E64,E21,E47,E49",OK,,,,,,,True
C_k9_2od_x0.8,seed_best.csv,D:\PSPS\runs_C_k9_2od_x0.8\analysis\seed_best.csv,both,6,8,10,D:\PSPS\runs_C_k9_2od_x0.8\both_seed6\g008_i010,1600,1271360.0,794.6,982368.4900000008,669717.0,3943347.770000007,3.1016767634659,,9,"-E11,-E16,-E19,-E21,-E28,-E31,-E50,-E51,E9",OK,,,,,,,True
C_k9_2od_x0.8,seed_best.csv,D:\PSPS\runs_C_k9_2od_x0.8\analysis\seed_best.csv,both,7,9,15,D:\PSPS\runs_C_k9_2od_x0.8\both_seed7\g009_i015,1600,1280485.0,800.303125,994825.5800000004,681904.0,3895991.749999992,3.0425906980558084,,9,"-E14,-E21,-E4,-E52,-E6,E1,E2,E50,E53",OK,,,,,,,True
C_k9_2od_x0.8,seed_best.csv,D:\PSPS\runs_C_k9_2od_x0.8\analysis\seed_best.csv,both,8,8,23,D:\PSPS\runs_C_k9_2od_x0.8\both_seed8\g008_i023,1600,1274608.0,796.63,985504.45,668167.0,3944941.129999981,3.095023042378505,,9,"-E14,-E17,-E20,-E29,-E31,-E39,-E4,E45,E46",OK,,,,,,,True
C_k9_2od_x0.8,seed_best.csv,D:\PSPS\runs_C_k9_2od_x0.8\analysis\seed_best.csv,both,9,13,16,D:\PSPS\runs_C_k9_2od_x0.8\both_seed9\g013_i016,1600,1276766.0,797.97875,993180.4199999976,682166.0,3874792.679999972,3.0348495182358963,,9,"-E12,-E29,-E40,-E44,-E50,E11,E110,E15,E45",OK,,,,,,,True
C_k9_2od_x0.8,seed_best.csv,D:\PSPS\runs_C_k9_2od_x0.8\analysis\seed_best.csv,init,0,5,5,D:\PSPS\runs_C_k9_2od_x0.8\init_seed0\g005_i005,1600,1264136.0,790.085,978503.9200000004,666748.0,3898776.049999975,3.0841428849427395,,9,"-E15,-E2,-E30,-E40,-E46,-E6,E15,E33,E45",OK,,,,,,,True
C_k9_2od_x0.8,seed_best.csv,D:\PSPS\runs_C_k9_2od_x0.8\analysis\seed_best.csv,init,1,9,9,D:\PSPS\runs_C_k9_2od_x0.8\init_seed1\g009_i009,1600,1279693.0,799.808125,989340.3400000004,676133.0,3966151.130000002,3.0992989177873147,,9,"-E14,-E23,-E52,-E9,E19,E21,E31,E49,E63",OK,,,,,,,True
C_k9_2od_x0.8,seed_best.csv,D:\PSPS\runs_C_k9_2od_x0.8\analysis\seed_best.csv,init,2,14,12,D:\PSPS\runs_C_k9_2od_x0.8\init_seed2\g014_i012,1600,1277982.0,798.73875,985274.959999999,675938.0,3992985.620000005,3.1244458998640083,,9,"-E11,-E17,-E23,-E40,-E50,-E64,E19,E4,E7",OK,,,,,,,True
C_k9_2od_x0.8,seed_best.csv,D:\PSPS\runs_C_k9_2od_x0.8\analysis\seed_best.csv,init,3,13,18,D:\PSPS\runs_C_k9_2od_x0.8\init_seed3\g013_i018,1600,1281740.0,801.0875,995213.9500000008,677430.0,3913514.299999965,3.053282490988785,,9,"-E11,-E20,-E4,-E58,E0,E15,E27,E40,E45",OK,,,,,,,True
C_k9_2od_x0.8,seed_best.csv,D:\PSPS\runs_C_k9_2od_x0.8\analysis\seed_best.csv,init,4,10,8,D:\PSPS\runs_C_k9_2od_x0.8\init_seed4\g010_i008,1600,1265407.0,790.879375,979504.1400000002,669498.0,3904661.5199999856,3.085696159417473,,9,"-E14,-E39,-E40,-E63,E15,E2,E27,E39,E45",OK,,,,,,,True
C_k9_2od_x0.8,seed_best.csv,D:\PSPS\runs_C_k9_2od_x0.8\analysis\seed_best.csv,init,5,2,11,D:\PSPS\runs_C_k9_2od_x0.8\init_seed5\g002_i011,1600,1270001.0,793.750625,983461.1900000012,667117.0,3909362.930000016,3.078236103751112,,9,"-E14,-E31,-E4,-E40,-E58,E1,E2,E47,E53",OK,,,,,,,True
C_k9_2od_x0.8,seed_best.csv,D:\PSPS\runs_C_k9_2od_x0.8\analysis\seed_best.csv,init,6,2,5,D:\PSPS\runs_C_k9_2od_x0.8\init_seed6\g002_i005,1600,1284522.0,802.82625,996744.6600000006,684984.0,3926510.549999984,3.056787310766171,,9,"-E12,-E17,-E20,-E31,-E6,E0,E23,E38,E56",OK,,,,,,,True
C_k9_2od_x0.8,seed_best.csv,D:\PSPS\runs_C_k9_2od_x0.8\analysis\seed_best.csv,init,7,8,4,D:\PSPS\runs_C_k9_2od_x0.8\init_seed7\g008_i004,1600,1286650.0,804.15625,1001622.479999998,685384.0,3889726.400000004,3.023142579567096,,9,"-E19,-E27,-E3,-E40,-E64,E25,E34,E4,E53",OK,,,,,,,True
C_k9_2od_x0.8,seed_best.csv,D:\PSPS\runs_C_k9_2od_x0.8\analysis\seed_best.csv,init,8,14,10,D:\PSPS\runs_C_k9_2od_x0.8\init_seed8\g014_i010,1600,1274739.0,796.711875,987862.1999999996,674367.0,3915973.169999991,3.0719803583321688,,9,"-E16,-E28,-E40,-E47,-E50,-E6,E17,E25,E56",OK,,,,,,,True
C_k9_2od_x0.8,seed_best.csv,D:\PSPS\runs_C_k9_2od_x0.8\analysis\seed_best.csv,init,9,9,8,D:\PSPS\runs_C_k9_2od_x0.8\init_seed9\g009_i008,1600,1272004.0,795.0025,978470.820000001,671807.0,4004583.059999989,3.148247222493002,,9,"-E23,-E25,-E30,-E40,-E51,E30,E34,E6,E9",OK,,,,,,,True
C_k9_2od_x0.8,seed_best.csv,D:\PSPS\runs_C_k9_2od_x0.8\analysis\seed_best.csv,mutation,0,15,3,D:\PSPS\runs_C_k9_2od_x0.8\mutation_seed0\g015_i003,1600,1278896.0,799.31,992844.9799999988,678389.0,3906590.44999997,3.054658431960042,,9,"-E19,-E27,-E29,-E30,E1,E15,E23,E29,E45",OK,,,,,,,True
C_k9_2od_x0.8,seed_best.csv,D:\PSPS\runs_C_k9_2od_x0.8\analysis\seed_best.csv,mutation,1,11,8,D:\PSPS\runs_C_k9_2od_x0.8\mutation_seed1\g011_i008,1600,1279578.0,799.73625,991544.8300000004,678497.0,3930316.6600000113,3.071572549699988,,9,"-E32,-E4,-E40,-E50,-E51,E11,E110,E23,E47",OK,,,,,,,True
C_k9_2od_x0.8,seed_best.csv,D:\PSPS\runs_C_k9_2od_x0.8\analysis\seed_best.csv,mutation,2,3,15,D:\PSPS\runs_C_k9_2od_x0.8\mutation_seed2\g003_i015,1600,1287279.0,804.549375,998450.84,685745.0,3942421.600000007,3.062600726027541,,9,"-E12,-E14,-E2,-E31,-E39,-E46,E21,E25,E32",OK,,,,,,,True
C_k9_2od_x0.8,seed_best.csv,D:\PSPS\runs_C_k9_2od_x0.8\analysis\seed_best.csv,mutation,3,9,8,D:\PSPS\runs_C_k9_2od_x0.8\mutation_seed3\g009_i008,1600,1263743.0,789.839375,979546.8399999988,663319.0,3881540.900000004,3.071463818197216,,9,"-E15,-E19,-E20,-E40,E11,E23,E43,E45,E57",OK,,,,,,,True
C_k9_2od_x0.8,seed_best.csv,D:\PSPS\runs_C_k9_2od_x0.8\analysis\seed_best.csv,mutation,4,1,7,D:\PSPS\runs_C_k9_2od_x0.8\mutation_seed4\g001_i007,1600,1278246.0,798.90375,990010.1299999974,675486.0,3931198.280000004,3.075463001644444,,6,"-E2,-E20,E45,E46,E49,E9",OK,,,,,,,True
C_k9_2od_x0.8,seed_best.csv,D:\PSPS\runs_C_k9_2od_x0.8\analysis\seed_best.csv,mutation,5,7,8,D:\PSPS\runs_C_k9_2od_x0.8\mutation_seed5\g007_i008,1600,1272481.0,795.300625,984188.3299999991,672421.0,3936053.589999991,3.093212071535836,,9,"-E12,-E21,-E40,-E44,E12,E14,E15,E25,E4",OK,,,,,,,True
C_k9_2od_x0.8,seed_best.csv,D:\PSPS\runs_C_k9_2od_x0.8\analysis\seed_best.csv,mutation,6,14,7,D:\PSPS\runs_C_k9_2od_x0.8\mutation_seed6\g014_i007,1600,1275648.0,797.28,988341.7400000008,673969.0,3920115.629999982,3.073038667406669,,9,"-E11,-E29,-E30,-E31,-E4,E11,E12,E29,E30",OK,,,,,,,True
C_k9_2od_x0.8,seed_best.csv,D:\PSPS\runs_C_k9_2od_x0.8\analysis\seed_best.csv,mutation,7,9,21,D:\PSPS\runs_C_k9_2od_x0.8\mutation_seed7\g009_i021,1600,1279867.0,799.916875,994658.4300000004,681359.0,3894139.399999991,3.042612552710548,,9,"-E29,-E31,-E4,E11,E25,E30,E31,E34,E40",OK,,,,,,,True
C_k9_2od_x0.8,seed_best.csv,D:\PSPS\runs_C_k9_2od_x0.8\analysis\seed_best.csv,mutation,8,5,12,D:\PSPS\runs_C_k9_2od_x0.8\mutation_seed8\g005_i012,1600,1275608.0,797.255,990062.1799999996,671818.0,3897322.849999981,3.05526686097922,,9,"-E14,-E29,-E38,-E40,-E44,-E47,E11,E12,E15",OK,,,,,,,True
C_k9_2od_x0.8,seed_best.csv,D:\PSPS\runs_C_k9_2od_x0.8\analysis\seed_best.csv,mutation,9,6,4,D:\PSPS\runs_C_k9_2od_x0.8\mutation_seed9\g006_i004,1600,1276668.0,797.9175,991119.5500000006,680942.0,3898149.070000007,3.0533772836790822,,9,"-E11,-E23,-E39,-E40,-E58,E0,E11,E29,E32",OK,,,,,,,True
C_k9_2od_x0.8,seed_best.csv,D:\PSPS\runs_C_k9_2od_x0.8\analysis\seed_best.csv,none,0,5,17,D:\PSPS\runs_C_k9_2od_x0.8\none_seed0\g005_i017,1600,1277225.0,798.265625,982689.3300000008,668467.0,4017428.32000002,3.14543507995852,,9,"-E14,-E25,-E46,-E47,-E6,E46,E53,E6,E9",OK,,,,,,,True
C_k9_2od_x0.8,seed_best.csv,D:\PSPS\runs_C_k9_2od_x0.8\analysis\seed_best.csv,none,1,5,4,D:\PSPS\runs_C_k9_2od_x0.8\none_seed1\g005_i004,1600,1273434.0,795.89625,987945.4499999994,676627.0,3898296.7699999847,3.0612475950854026,,9,"-E21,-E26,-E28,-E35,E15,E2,E31,E45,E57",OK,,,,,,,True
C_k9_2od_x0.8,seed_best.csv,D:\PSPS\runs_C_k9_2od_x0.8\analysis\seed_best.csv,none,2,11,11,D:\PSPS\runs_C_k9_2od_x0.8\none_seed2\g011_i011,1600,1272412.0,795.2575,987049.9000000006,671180.0,3892690.669999994,3.05930050172428,,9,"-E14,-E4,-E52,-E6,-E64,E2,E33,E4,E57",OK,,,,,,,True
C_k9_2od_x0.8,seed_best.csv,D:\PSPS\runs_C_k9_2od_x0.8\analysis\seed_best.csv,none,3,2,14,D:\PSPS\runs_C_k9_2od_x0.8\none_seed3\g002_i014,1600,1279569.0,799.730625,993715.0399999988,682288.0,3901037.070000013,3.048711769353597,,9,"-E39,-E44,-E7,-E8,-E9,E3,E32,E45,E47",OK,,,,,,,True
C_k9_2od_x0.8,seed_best.csv,D:\PSPS\runs_C_k9_2od_x0.8\analysis\seed_best.csv,none,4,1,7,D:\PSPS\runs_C_k9_2od_x0.8\none_seed4\g001_i007,1600,1278246.0,798.90375,990010.1299999974,675486.0,3931198.280000004,3.075463001644444,,6,"-E2,-E20,E45,E46,E49,E9",OK,,,,,,,True
C_k9_2od_x0.8,seed_best.csv,D:\PSPS\runs_C_k9_2od_x0.8\analysis\seed_best.csv,none,5,13,18,D:\PSPS\runs_C_k9_2od_x0.8\none_seed5\g013_i018,1600,1266532.0,791.5825,981136.2199999996,666495.0,3898570.5699999966,3.0781461265881926,,9,"-E17,-E19,-E27,-E3,-E40,-E43,-E47,-E58,E45",OK,,,,,,,True
C_k9_2od_x0.8,seed_best.csv,D:\PSPS\runs_C_k9_2od_x0.8\analysis\seed_best.csv,none,6,11,10,D:\PSPS\runs_C_k9_2od_x0.8\none_seed6\g011_i010,1600,1274141.0,796.338125,990612.4899999992,674552.0,3871699.509999993,3.0386742989983,,9,"-E19,-E39,-E40,-E6,-E8,E38,E39,E41,E45",OK,,,,,,,True
C_k9_2od_x0.8,seed_best.csv,D:\PSPS\runs_C_k9_2od_x0.8\analysis\seed_best.csv,none,7,3,15,D:\PSPS\runs_C_k9_2od_x0.8\none_seed7\g003_i015,1600,1284213.0,802.633125,990254.4800000006,676384.0,4012344.169999989,3.124360343650149,,9,"-E4,-E47,-E6,-E7,-E8,E19,E26,E3,E6",OK,,,,,,,True
C_k9_2od_x0.8,seed_best.csv,D:\PSPS\runs_C_k9_2od_x0.8\analysis\seed_best.csv,none,8,9,8,D:\PSPS\runs_C_k9_2od_x0.8\none_seed8\g009_i008,1600,1269186.0,793.24125,983764.31,668198.0,3896044.5800000033,3.0697191585788084,,9,"-E19,-E27,-E30,-E39,-E40,-E44,-E9,E1,E45",OK,,,,,,,True
C_k9_2od_x0.8,seed_best.csv,D:\PSPS\runs_C_k9_2od_x0.8\analysis\seed_best.csv,none,9,11,13,D:\PSPS\runs_C_k9_2od_x0.8\none_seed9\g011_i013,1600,1263743.0,789.839375,979546.8399999988,663319.0,3881540.900000004,3.071463818197216,,9,"-E20,-E40,-E58,E11,E43,E45,E47,E50,E64",OK,,,,,,,True
C_k9_2od_x1.0,seed_best.csv,D:\PSPS\runs_C_k9_2od_x1.0\analysis\seed_best.csv,both,0,2,3,D:\PSPS\runs_C_k9_2od_x1.0\both_seed0\g002_i003,2000,1621786.0,810.893,1258511.8700000013,859576.0,4947424.830000038,3.0506027490680263,,9,"-E15,-E47,E110,E19,E23,E32,E38,E51,E62",OK,,,,,,,True
C_k9_2od_x1.0,seed_best.csv,D:\PSPS\runs_C_k9_2od_x1.0\analysis\seed_best.csv,both,1,8,12,D:\PSPS\runs_C_k9_2od_x1.0\both_seed1\g008_i012,2000,1618354.0,809.177,1257905.069999999,858890.0,4906938.840000032,3.0320553105192265,,9,"-E0,-E1,-E11,-E12,-E14,-E23,E31,E39,E50",OK,,,,,,,True
C_k9_2od_x1.0,seed_best.csv,D:\PSPS\runs_C_k9_2od_x1.0\analysis\seed_best.csv,both,2,7,2,D:\PSPS\runs_C_k9_2od_x1.0\both_seed2\g007_i002,2000,1614914.0,807.457,1255303.8899999985,856863.0,4895582.70000005,3.031481986037677,,9,"-E17,-E4,-E43,E12,E16,E21,E33,E34,E38",OK,,,,,,,True
C_k9_2od_x1.0,seed_best.csv,D:\PSPS\runs_C_k9_2od_x1.0\analysis\seed_best.csv,both,3,9,4,D:\PSPS\runs_C_k9_2od_x1.0\both_seed3\g009_i004,2000,1624014.0,812.007,1264782.170000001,867232.0,4891250.6500000125,3.0118278844886883,,9,"-E0,-E28,-E3,-E50,-E64,E2,E21,E51,E64",OK,,,,,,,True
C_k9_2od_x1.0,seed_best.csv,D:\PSPS\runs_C_k9_2od_x1.0\analysis\seed_best.csv,both,4,3,13,D:\PSPS\runs_C_k9_2od_x1.0\both_seed4\g003_i013,2000,1627378.0,813.689,1268234.240000002,865036.0,4888230.150000045,3.0037459950915184,,9,"-E1,-E15,-E17,-E26,-E30,E11,E16,E25,E33",OK,,,,,,,True
C_k9_2od_x1.0,seed_best.csv,D:\PSPS\runs_C_k9_2od_x1.0\analysis\seed_best.csv,both,5,12,17,D:\PSPS\runs_C_k9_2od_x1.0\both_seed5\g012_i017,2000,1617856.0,808.928,1257147.02,861572.0,4912246.760000022,3.036269457850404,,9,"-E14,-E2,-E27,-E31,-E39,-E64,E0,E23,E3",OK,,,,,,,True
C_k9_2od_x1.0,seed_best.csv,D:\PSPS\runs_C_k9_2od_x1.0\analysis\seed_best.csv,both,6,1,20,D:\PSPS\runs_C_k9_2od_x1.0\both_seed6\g001_i020,2000,1611595.0,805.7975,1253668.8799999992,857599.0,4874007.320000019,3.024337578610022,,9,"-E11,-E30,-E47,-E6,E15,E21,E23,E46,E50",OK,,,,,,,True
C_k9_2od_x1.0,seed_best.csv,D:\PSPS\runs_C_k9_2od_x1.0\analysis\seed_best.csv,both,7,9,20,D:\PSPS\runs_C_k9_2od_x1.0\both_seed7\g009_i020,2000,1626095.0,813.0475,1267183.6400000004,861958.0,4887380.160000036,3.0055932525467672,,9,"-E11,-E46,-E64,E1,E16,E23,E25,E46,E57",OK,,,,,,,True
C_k9_2od_x1.0,seed_best.csv,D:\PSPS\runs_C_k9_2od_x1.0\analysis\seed_best.csv,both,8,11,22,D:\PSPS\runs_C_k9_2od_x1.0\both_seed8\g011_i022,2000,1624120.0,812.06,1266931.0400000005,874332.0,4863754.900000038,2.994701684604609,,9,"-E11,-E23,-E9,E1,E23,E30,E34,E62,E64",OK,,,,,,,True
C_k9_2od_x1.0,seed_best.csv,D:\PSPS\runs_C_k9_2od_x1.0\analysis\seed_best.csv,both,9,1,2,D:\PSPS\runs_C_k9_2od_x1.0\both_seed9\g001_i002,2000,1624014.0,812.007,1264782.170000001,867232.0,4891250.6500000125,3.0118278844886883,,5,"-E64,E21,E32,E34,E56",OK,,,,,,,True
C_k9_2od_x1.0,seed_best.csv,D:\PSPS\runs_C_k9_2od_x1.0\analysis\seed_best.csv,init,0,4,9,D:\PSPS\runs_C_k9_2od_x1.0\init_seed0\g004_i009,2000,1609708.0,804.854,1250214.3300000008,854852.0,4895569.500000035,3.0412779833361303,,9,"-E29,-E4,-E6,E16,E24,E34,E53,E63,E64",OK,,,,,,,True
C_k9_2od_x1.0,seed_best.csv,D:\PSPS\runs_C_k9_2od_x1.0\analysis\seed_best.csv,init,1,4,21,D:\PSPS\runs_C_k9_2od_x1.0\init_seed1\g004_i021,2000,1611002.0,805.501,1253797.7700000005,855915.0,4864815.220000011,3.0197449910056045,,9,"-E20,-E47,-E6,-E9,E15,E28,E39,E51,E59",OK,,,,,,,True
C_k9_2od_x1.0,seed_best.csv,D:\PSPS\runs_C_k9_2od_x1.0\analysis\seed_best.csv,init,2,6,18,D:\PSPS\runs_C_k9_2od_x1.0\init_seed2\g006_i018,2000,1615744.0,807.872,1258001.8100000017,859579.0,4873298.560000023,3.0161328527291595,,9,"-E46,-E47,-E6,-E64,E15,E31,E47,E57,E58",OK,,,,,,,True
C_k9_2od_x1.0,seed_best.csv,D:\PSPS\runs_C_k9_2od_x1.0\analysis\seed_best.csv,init,3,8,11,D:\PSPS\runs_C_k9_2od_x1.0\init_seed3\g008_i011,2000,1610280.0,805.14,1249452.739999998,859159.0,4914000.280000013,3.0516433663710743,,9,"-E11,-E3,-E58,E110,E15,E31,E34,E47,E51",OK,,,,,,,True
C_k9_2od_x1.0,seed_best.csv,D:\PSPS\runs_C_k9_2od_x1.0\analysis\seed_best.csv,init,4,6,10,D:\PSPS\runs_C_k9_2od_x1.0\init_seed4\g006_i010,2000,1608658.0,804.329,1250678.560000002,850205.0,4874638.380000006,3.030251538860346,,9,"-E23,-E26,-E44,-E9,E15,E32,E56,E58,E59",OK,,,,,,,True
C_k9_2od_x1.0,seed_best.csv,D:\PSPS\runs_C_k9_2od_x1.0\analysis\seed_best.csv,init,5,2,5,D:\PSPS\runs_C_k9_2od_x1.0\init_seed5\g002_i005,2000,1611595.0,805.7975,1253668.8799999992,857599.0,4874007.320000019,3.024337578610022,,9,"-E0,-E11,-E47,-E6,E15,E23,E33,E43,E46",OK,,,,,,,True
C_k9_2od_x1.0,seed_best.csv,D:\PSPS\runs_C_k9_2od_x1.0\analysis\seed_best.csv,init,6,1,20,D:\PSPS\runs_C_k9_2od_x1.0\init_seed6\g001_i020,2000,1611595.0,805.7975,1253668.8799999992,857599.0,4874007.320000019,3.024337578610022,,9,"-E11,-E30,-E47,-E6,E15,E21,E23,E46,E50",OK,,,,,,,True
C_k9_2od_x1.0,seed_best.csv,D:\PSPS\runs_C_k9_2od_x1.0\analysis\seed_best.csv,init,7,4,16,D:\PSPS\runs_C_k9_2od_x1.0\init_seed7\g004_i016,2000,1620393.0,810.1965,1259945.2299999995,858884.0,4907090.90000003,3.0283338054410445,,9,"-E27,-E38,-E8,E16,E28,E3,E33,E47,E64",OK,,,,,,,True
C_k9_2od_x1.0,seed_best.csv,D:\PSPS\runs_C_k9_2od_x1.0\analysis\seed_best.csv,init,8,5,13,D:\PSPS\runs_C_k9_2od_x1.0\init_seed8\g005_i013,2000,1618890.0,809.445,1260986.3099999966,860581.0,4872397.900000051,3.0097152369833964,,9,"-E1,-E2,-E3,-E31,E14,E2,E30,E34,E64",OK,,,,,,,True
C_k9_2od_x1.0,seed_best.csv,D:\PSPS\runs_C_k9_2od_x1.0\analysis\seed_best.csv,init,9,2,10,D:\PSPS\runs_C_k9_2od_x1.0\init_seed9\g002_i010,2000,1617601.0,808.8005,1259778.8999999994,858499.0,4873781.860000025,3.012969119084388,,9,"-E16,-E4,-E43,E15,E34,E43,E49,E51,E56",OK,,,,,,,True
C_k9_2od_x1.0,seed_best.csv,D:\PSPS\runs_C_k9_2od_x1.0\analysis\seed_best.csv,mutation,0,8,8,D:\PSPS\runs_C_k9_2od_x1.0\mutation_seed0\g008_i008,2000,1618890.0,809.445,1260986.3099999966,860581.0,4872397.900000051,3.0097152369833964,,9,"-E2,-E23,-E28,-E3,-E31,-E7,E28,E29,E32",OK,,,,,,,True
C_k9_2od_x1.0,seed_best.csv,D:\PSPS\runs_C_k9_2od_x1.0\analysis\seed_best.csv,mutation,1,5,13,D:\PSPS\runs_C_k9_2od_x1.0\mutation_seed1\g005_i013,2000,1619129.0,809.5645,1258183.6200000013,859301.0,4913832.510000046,3.0348616509246926,,9,"-E11,-E19,-E27,-E35,-E58,E3,E38,E46,E56",OK,,,,,,,True
C_k9_2od_x1.0,seed_best.csv,D:\PSPS\runs_C_k9_2od_x1.0\analysis\seed_best.csv,mutation,2,6,20,D:\PSPS\runs_C_k9_2od_x1.0\mutation_seed2\g006_i020,2000,1604671.0,802.3355,1244857.5599999956,848188.0,4896508.690000032,3.051409721992877,,9,"-E11,-E17,-E4,-E6,E0,E16,E25,E40,E46",OK,,,,,,,True
C_k9_2od_x1.0,seed_best.csv,D:\PSPS\runs_C_k9_2od_x1.0\analysis\seed_best.csv,mutation,3,1,12,D:\PSPS\runs_C_k9_2od_x1.0\mutation_seed3\g001_i012,2000,1624120.0,812.06,1266931.0400000005,874332.0,4863754.900000038,2.994701684604609,,2,"-E11,-E7",OK,,,,,,,True
C_k9_2od_x1.0,seed_best.csv,D:\PSPS\runs_C_k9_2od_x1.0\analysis\seed_best.csv,mutation,4,13,9,D:\PSPS\runs_C_k9_2od_x1.0\mutation_seed4\g013_i009,2000,1617702.0,808.851,1259640.4600000002,863000.0,4874714.000000043,3.013357219067568,,9,"-E0,-E1,-E2,-E28,-E31,-E50,E2,E27,E56",OK,,,,,,,True
C_k9_2od_x1.0,seed_best.csv,D:\PSPS\runs_C_k9_2od_x1.0\analysis\seed_best.csv,mutation,5,11,18,D:\PSPS\runs_C_k9_2od_x1.0\mutation_seed5\g011_i018,2000,1613868.0,806.934,1254925.5099999993,859252.0,4887992.960000027,3.028743961711879,,9,"-E14,-E6,E0,E12,E14,E15,E2,E25,E57",OK,,,,,,,True
C_k9_2od_x1.0,seed_best.csv,D:\PSPS\runs_C_k9_2od_x1.0\analysis\seed_best.csv,mutation,6,5,13,D:\PSPS\runs_C_k9_2od_x1.0\mutation_seed6\g005_i013,2000,1614822.0,807.411,1254745.1900000037,858139.0,4903957.050000042,3.036840623920185,,9,"-E2,E0,E19,E27,E29,E38,E4,E40,E62",OK,,,,,,,True
C_k9_2od_x1.0,seed_best.csv,D:\PSPS\runs_C_k9_2od_x1.0\analysis\seed_best.csv,mutation,7,8,9,D:\PSPS\runs_C_k9_2od_x1.0\mutation_seed7\g008_i009,2000,1613667.0,806.8335,1251866.8899999985,851126.0,4926756.3700000215,3.05314316398614,,9,"-E14,-E4,E15,E21,E26,E28,E34,E38,E63",OK,,,,,,,True
C_k9_2od_x1.0,seed_best.csv,D:\PSPS\runs_C_k9_2od_x1.0\analysis\seed_best.csv,mutation,8,9,20,D:\PSPS\runs_C_k9_2od_x1.0\mutation_seed8\g009_i020,2000,1624120.0,812.06,1266931.0400000005,874332.0,4863754.900000038,2.994701684604609,,9,"-E1,-E11,-E23,-E31,-E50,E19,E29,E39,E56",OK,,,,,,,True
C_k9_2od_x1.0,seed_best.csv,D:\PSPS\runs_C_k9_2od_x1.0\analysis\seed_best.csv,mutation,9,14,12,D:\PSPS\runs_C_k9_2od_x1.0\mutation_seed9\g014_i012,2000,1609708.0,804.854,1250214.3300000008,854852.0,4895569.500000035,3.0412779833361303,,9,"-E23,-E28,-E4,-E6,E1,E16,E23,E24,E43",OK,,,,,,,True
C_k9_2od_x1.0,seed_best.csv,D:\PSPS\runs_C_k9_2od_x1.0\analysis\seed_best.csv,none,0,7,8,D:\PSPS\runs_C_k9_2od_x1.0\none_seed0\g007_i008,2000,1625118.0,812.559,1268156.8800000008,872523.0,4859499.610000012,2.99024416073172,,9,"-E26,-E27,-E35,-E6,-E63,E1,E45,E51,E59",OK,,,,,,,True
C_k9_2od_x1.0,seed_best.csv,D:\PSPS\runs_C_k9_2od_x1.0\analysis\seed_best.csv,none,1,12,19,D:\PSPS\runs_C_k9_2od_x1.0\none_seed1\g012_i019,2000,1627096.0,813.548,1264146.94,863188.0,4942644.39000004,3.0377091394730487,,9,"-E17,-E23,-E4,-E47,E19,E28,E29,E33,E59",OK,,,,,,,True
C_k9_2od_x1.0,seed_best.csv,D:\PSPS\runs_C_k9_2od_x1.0\analysis\seed_best.csv,none,2,10,8,D:\PSPS\runs_C_k9_2od_x1.0\none_seed2\g010_i008,2000,1621004.0,810.502,1259557.2600000007,859550.0,4920965.80000004,3.0357517933330453,,9,"-E11,-E14,-E19,-E25,-E4,-E50,-E63,E43,E64",OK,,,,,,,True
C_k9_2od_x1.0,seed_best.csv,D:\PSPS\runs_C_k9_2od_x1.0\analysis\seed_best.csv,none,3,7,8,D:\PSPS\runs_C_k9_2od_x1.0\none_seed3\g007_i008,2000,1617508.0,808.754,1261479.65,862585.0,4851323.010000006,2.9992575059907005,,9,"-E11,E15,E2,E26,E27,E40,E47,E51,E58",OK,,,,,,,True
C_k9_2od_x1.0,seed_best.csv,D:\PSPS\runs_C_k9_2od_x1.0\analysis\seed_best.csv,none,4,4,19,D:\PSPS\runs_C_k9_2od_x1.0\none_seed4\g004_i019,2000,1626858.0,813.429,1266118.27,870465.0,4910373.510000056,3.0183172163766328,,9,"-E1,-E11,-E4,-E50,E11,E21,E28,E56,E57",OK,,,,,,,True
C_k9_2od_x1.0,seed_best.csv,D:\PSPS\runs_C_k9_2od_x1.0\analysis\seed_best.csv,none,5,11,10,D:\PSPS\runs_C_k9_2od_x1.0\none_seed5\g011_i010,2000,1621467.0,810.7335,1261819.5999999996,863590.0,4897943.550000025,3.0206865449620777,,9,"-E17,-E35,-E43,-E50,E31,E34,E40,E45,E57",OK,,,,,,,True
C_k9_2od_x1.0,seed_best.csv,D:\PSPS\runs_C_k9_2od_x1.0\analysis\seed_best.csv,none,6,15,22,D:\PSPS\runs_C_k9_2od_x1.0\none_seed6\g015_i022,2000,1632111.0,816.0555,1271930.2900000005,872042.0,4904727.760000027,3.0051434982057144,,9,"-E14,-E26,-E27,-E7,E25,E30,E39,E53,E58",OK,,,,,,,True
C_k9_2od_x1.0,seed_best.csv,D:\PSPS\runs_C_k9_2od_x1.0\analysis\seed_best.csv,none,7,8,12,D:\PSPS\runs_C_k9_2od_x1.0\none_seed7\g008_i012,2000,1616655.0,808.3275,1257537.149999998,856337.0,4890452.640000015,3.025044081761424,,9,"-E1,-E11,-E12,-E14,-E27,E11,E40,E58,E63",OK,,,,,,,True
C_k9_2od_x1.0,seed_best.csv,D:\PSPS\runs_C_k9_2od_x1.0\analysis\seed_best.csv,none,8,14,8,D:\PSPS\runs_C_k9_2od_x1.0\none_seed8\g014_i008,2000,1625095.0,812.5475,1263483.0200000014,864640.0,4925885.050000033,3.0311366720099646,,9,"-E14,-E16,-E26,-E38,-E50,-E63,-E9,E28,E38",OK,,,,,,,True
C_k9_2od_x1.0,seed_best.csv,D:\PSPS\runs_C_k9_2od_x1.0\analysis\seed_best.csv,none,9,10,23,D:\PSPS\runs_C_k9_2od_x1.0\none_seed9\g010_i023,2000,1621792.0,810.896,1259359.84,864939.0,4934251.800000042,3.04246894792923,,9,"-E12,-E25,-E26,-E4,-E64,E2,E23,E30,E38",OK,,,,,,,True
C_k9_2od_x1.2,seed_best.csv,D:\PSPS\runs_C_k9_2od_x1.2\analysis\seed_best.csv,both,0,9,10,D:\PSPS\runs_C_k9_2od_x1.2\both_seed0\g009_i010,2400,1983042.0,826.2675,1555410.9100000013,1067893.0,5829521.300000082,2.939686249711343,,9,"-E29,-E58,-E6,E12,E15,E16,E45,E50,E51",OK,,,,,,,True
C_k9_2od_x1.2,seed_best.csv,D:\PSPS\runs_C_k9_2od_x1.2\analysis\seed_best.csv,both,1,11,1,D:\PSPS\runs_C_k9_2od_x1.2\both_seed1\g011_i001,2400,1974149.0,822.5620833333334,1539397.4599999993,1056911.0,5926268.030000086,3.001935532728323,,9,"-E0,-E11,-E26,-E3,-E38,-E63,-E9,E110,E19",OK,,,,,,,True
C_k9_2od_x1.2,seed_best.csv,D:\PSPS\runs_C_k9_2od_x1.2\analysis\seed_best.csv,both,2,14,1,D:\PSPS\runs_C_k9_2od_x1.2\both_seed2\g014_i001,2400,1976757.0,823.64875,1542031.8500000008,1050246.0,5923198.140000087,2.996421988135156,,9,"-E1,-E20,-E25,-E3,-E64,E2,E43,E56,E6",OK,,,,,,,True
C_k9_2od_x1.2,seed_best.csv,D:\PSPS\runs_C_k9_2od_x1.2\analysis\seed_best.csv,both,3,11,19,D:\PSPS\runs_C_k9_2od_x1.2\both_seed3\g011_i019,2400,1980714.0,825.2975,1548385.950000001,1058405.0,5891068.640000048,2.9742146720829195,,9,"-E0,-E27,-E44,E11,E30,E33,E34,E4,E45",OK,,,,,,,True
C_k9_2od_x1.2,seed_best.csv,D:\PSPS\runs_C_k9_2od_x1.2\analysis\seed_best.csv,both,4,5,11,D:\PSPS\runs_C_k9_2od_x1.2\both_seed4\g005_i011,2400,1967609.0,819.8370833333333,1539654.2700000007,1055093.0,5831494.930000089,2.9637468267323888,,9,"-E11,-E4,-E44,E1,E15,E31,E45,E47,E49",OK,,,,,,,True
C_k9_2od_x1.2,seed_best.csv,D:\PSPS\runs_C_k9_2od_x1.2\analysis\seed_best.csv,both,5,11,1,D:\PSPS\runs_C_k9_2od_x1.2\both_seed5\g011_i001,2400,1985305.0,827.2104166666667,1554923.2199999986,1061993.0,5865683.290000059,2.9545502026137336,,9,"-E0,-E43,-E50,-E58,E15,E17,E25,E28,E45",OK,,,,,,,True
C_k9_2od_x1.2,seed_best.csv,D:\PSPS\runs_C_k9_2od_x1.2\analysis\seed_best.csv,both,6,4,9,D:\PSPS\runs_C_k9_2od_x1.2\both_seed6\g004_i009,2400,1974410.0,822.6708333333333,1546553.8299999945,1059804.0,5829001.810000068,2.952275267041834,,9,"-E12,-E9,E11,E15,E2,E30,E34,E45,E53",OK,,,,,,,True
C_k9_2od_x1.2,seed_best.csv,D:\PSPS\runs_C_k9_2od_x1.2\analysis\seed_best.csv,both,7,14,5,D:\PSPS\runs_C_k9_2od_x1.2\both_seed7\g014_i005,2400,1972372.0,821.8216666666667,1542081.3500000015,1064169.0,5861897.250000085,2.9720038866907887,,9,"-E11,-E35,E0,E25,E34,E53,E57,E62,E63",OK,,,,,,,True
C_k9_2od_x1.2,seed_best.csv,D:\PSPS\runs_C_k9_2od_x1.2\analysis\seed_best.csv,both,8,15,22,D:\PSPS\runs_C_k9_2od_x1.2\both_seed8\g015_i022,2400,1978546.0,824.3941666666667,1549288.5900000024,1058060.0,5848570.66000006,2.955994280648546,,9,"-E0,-E1,-E4,-E6,-E7,E110,E29,E4,E56",OK,,,,,,,True
C_k9_2od_x1.2,seed_best.csv,D:\PSPS\runs_C_k9_2od_x1.2\analysis\seed_best.csv,both,9,11,23,D:\PSPS\runs_C_k9_2od_x1.2\both_seed9\g011_i023,2400,1981214.0,825.5058333333334,1549080.5000000023,1059461.0,5884920.260000061,2.970360728321152,,9,"-E16,-E30,-E38,-E47,E1,E23,E25,E4,E45",OK,,,,,,,True
C_k9_2od_x1.2,seed_best.csv,D:\PSPS\runs_C_k9_2od_x1.2\analysis\seed_best.csv,init,0,11,4,D:\PSPS\runs_C_k9_2od_x1.2\init_seed0\g011_i004,2400,1967720.0,819.8833333333333,1534620.6899999983,1048475.0,5900150.620000069,2.9984706259020943,,9,"-E28,-E4,E0,E16,E17,E2,E30,E47,E6",OK,,,,,,,True
C_k9_2od_x1.2,seed_best.csv,D:\PSPS\runs_C_k9_2od_x1.2\analysis\seed_best.csv,init,1,6,14,D:\PSPS\runs_C_k9_2od_x1.2\init_seed1\g006_i014,2400,1972757.0,821.9820833333333,1538865.5499999984,1053490.0,5906109.200000075,2.9938351251573683,,9,"-E11,-E46,-E51,E0,E15,E29,E38,E4,E6",OK,,,,,,,True
C_k9_2od_x1.2,seed_best.csv,D:\PSPS\runs_C_k9_2od_x1.2\analysis\seed_best.csv,init,2,6,15,D:\PSPS\runs_C_k9_2od_x1.2\init_seed2\g006_i015,2400,1968190.0,820.0791666666667,1540058.4400000025,1048715.0,5834960.830000058,2.964632901295128,,9,"-E1,-E11,-E52,-E6,-E8,E16,E28,E45,E50",OK,,,,,,,True
C_k9_2od_x1.2,seed_best.csv,D:\PSPS\runs_C_k9_2od_x1.2\analysis\seed_best.csv,init,3,8,13,D:\PSPS\runs_C_k9_2od_x1.2\init_seed3\g008_i013,2400,1977473.0,823.9470833333334,1547153.009999998,1059178.0,5861067.160000087,2.963917666638223,,9,"-E23,-E4,-E6,-E64,E12,E16,E40,E49,E63",OK,,,,,,,True
C_k9_2od_x1.2,seed_best.csv,D:\PSPS\runs_C_k9_2od_x1.2\analysis\seed_best.csv,init,4,9,16,D:\PSPS\runs_C_k9_2od_x1.2\init_seed4\g009_i016,2400,1966140.0,819.225,1535554.0599999994,1051017.0,5865869.660000055,2.9834445461666284,,9,"-E16,-E23,-E50,E15,E38,E39,E45,E49,E56",OK,,,,,,,True
C_k9_2od_x1.2,seed_best.csv,D:\PSPS\runs_C_k9_2od_x1.2\analysis\seed_best.csv,init,5,8,18,D:\PSPS\runs_C_k9_2od_x1.2\init_seed5\g008_i018,2400,1968970.0,820.4041666666667,1542123.7100000023,1054632.0,5812652.090000071,2.9521283158199823,,9,"-E2,-E31,-E4,-E6,E2,E33,E45,E46,E49",OK,,,,,,,True
C_k9_2od_x1.2,seed_best.csv,D:\PSPS\runs_C_k9_2od_x1.2\analysis\seed_best.csv,init,6,6,21,D:\PSPS\runs_C_k9_2od_x1.2\init_seed6\g006_i021,2400,1949451.0,812.27125,1514984.9299999997,1033070.0,5917077.540000043,3.0352532790001097,,9,"-E16,-E28,-E3,-E40,-E7,-E8,E16,E34,E45",OK,,,,,,,True
C_k9_2od_x1.2,seed_best.csv,D:\PSPS\runs_C_k9_2od_x1.2\analysis\seed_best.csv,init,7,7,11,D:\PSPS\runs_C_k9_2od_x1.2\init_seed7\g007_i011,2400,1972372.0,821.8216666666667,1542081.3500000015,1064169.0,5861897.250000085,2.9720038866907887,,9,"-E11,-E21,-E23,-E27,-E35,-E47,E0,E1,E25",OK,,,,,,,True
C_k9_2od_x1.2,seed_best.csv,D:\PSPS\runs_C_k9_2od_x1.2\analysis\seed_best.csv,init,8,15,13,D:\PSPS\runs_C_k9_2od_x1.2\init_seed8\g015_i013,2400,1975273.0,823.0304166666666,1542077.079999999,1056227.0,5900320.340000059,2.9870910704495324,,9,"-E14,-E15,-E29,-E38,-E7,E15,E28,E3,E6",OK,,,,,,,True
C_k9_2od_x1.2,seed_best.csv,D:\PSPS\runs_C_k9_2od_x1.2\analysis\seed_best.csv,init,9,5,23,D:\PSPS\runs_C_k9_2od_x1.2\init_seed9\g005_i023,2400,1982896.0,826.2066666666667,1542772.6899999992,1046966.0,5998463.410000081,3.025102380558577,,9,"-E20,-E39,-E6,E0,E12,E19,E26,E6,E63",OK,,,,,,,True
C_k9_2od_x1.2,seed_best.csv,D:\PSPS\runs_C_k9_2od_x1.2\analysis\seed_best.csv,mutation,0,6,12,D:\PSPS\runs_C_k9_2od_x1.2\mutation_seed0\g006_i012,2400,1978071.0,824.19625,1548307.5800000008,1061594.0,5855431.09000008,2.9601723547840697,,9,"-E3,-E30,-E38,-E4,-E52,E28,E38,E43,E45",OK,,,,,,,True
C_k9_2od_x1.2,seed_best.csv,D:\PSPS\runs_C_k9_2od_x1.2\analysis\seed_best.csv,mutation,1,2,20,D:\PSPS\runs_C_k9_2od_x1.2\mutation_seed1\g002_i020,2400,1966495.0,819.3729166666667,1538231.0799999996,1056008.0,5837649.450000071,2.968555450179162,,9,"-E0,-E14,-E30,-E4,-E9,E0,E33,E45,E53",OK,,,,,,,True
C_k9_2od_x1.2,seed_best.csv,D:\PSPS\runs_C_k9_2od_x1.2\analysis\seed_best.csv,mutation,2,7,15,D:\PSPS\runs_C_k9_2od_x1.2\mutation_seed2\g007_i015,2400,1976185.0,823.4104166666667,1538054.3300000008,1045938.0,5970389.190000076,3.021169166854356,,9,"-E1,-E23,-E25,-E38,E0,E110,E19,E43,E6",OK,,,,,,,True
C_k9_2od_x1.2,seed_best.csv,D:\PSPS\runs_C_k9_2od_x1.2\analysis\seed_best.csv,mutation,3,9,21,D:\PSPS\runs_C_k9_2od_x1.2\mutation_seed3\g009_i021,2400,1960227.0,816.76125,1528065.4100000013,1040237.0,5890557.550000071,3.005038472585099,,9,"-E1,-E40,-E46,-E58,E15,E23,E4,E45,E49",OK,,,,,,,True
C_k9_2od_x1.2,seed_best.csv,D:\PSPS\runs_C_k9_2od_x1.2\analysis\seed_best.csv,mutation,4,2,10,D:\PSPS\runs_C_k9_2od_x1.2\mutation_seed4\g002_i010,2400,1982790.0,826.1625,1554836.5800000003,1066161.0,5830702.720000039,2.94065570231847,,9,"-E0,-E16,-E2,-E28,E0,E110,E15,E2,E21",OK,,,,,,,True
C_k9_2od_x1.2,seed_best.csv,D:\PSPS\runs_C_k9_2od_x1.2\analysis\seed_best.csv,mutation,5,14,3,D:\PSPS\runs_C_k9_2od_x1.2\mutation_seed5\g014_i003,2400,1975778.0,823.2408333333333,1541892.009999998,1052121.0,5911133.460000077,2.9918004249465664,,9,"-E20,-E25,-E44,E25,E28,E3,E53,E57,E6",OK,,,,,,,True
C_k9_2od_x1.2,seed_best.csv,D:\PSPS\runs_C_k9_2od_x1.2\analysis\seed_best.csv,mutation,6,8,11,D:\PSPS\runs_C_k9_2od_x1.2\mutation_seed6\g008_i011,2400,1968783.0,820.32625,1535150.7400000023,1048543.0,5906096.29000008,2.999871641516653,,9,"-E20,-E25,-E28,-E29,-E6,E28,E57,E6,E63",OK,,,,,,,True
C_k9_2od_x1.2,seed_best.csv,D:\PSPS\runs_C_k9_2od_x1.2\analysis\seed_best.csv,mutation,7,14,18,D:\PSPS\runs_C_k9_2od_x1.2\mutation_seed7\g014_i018,2400,1982568.0,826.07,1547230.3499999996,1057074.0,5928223.050000071,2.9901738805428466,,9,"-E4,E1,E25,E30,E31,E4,E47,E53,E6",OK,,,,,,,True
C_k9_2od_x1.2,seed_best.csv,D:\PSPS\runs_C_k9_2od_x1.2\analysis\seed_best.csv,mutation,8,8,16,D:\PSPS\runs_C_k9_2od_x1.2\mutation_seed8\g008_i016,2400,1979824.0,824.9266666666666,1548135.419999998,1062812.0,5881540.95000007,2.970739292987695,,9,"-E1,-E2,-E3,-E51,-E64,-E7,E26,E56,E63",OK,,,,,,,True
C_k9_2od_x1.2,seed_best.csv,D:\PSPS\runs_C_k9_2od_x1.2\analysis\seed_best.csv,mutation,9,4,12,D:\PSPS\runs_C_k9_2od_x1.2\mutation_seed9\g004_i012,2400,1975325.0,823.0520833333334,1543800.9799999988,1054225.0,5877965.680000068,2.9756954830218154,,9,"-E16,-E32,-E39,-E7,-E9,E12,E16,E25,E56",OK,,,,,,,True
C_k9_2od_x1.2,seed_best.csv,D:\PSPS\runs_C_k9_2od_x1.2\analysis\seed_best.csv,none,0,6,18,D:\PSPS\runs_C_k9_2od_x1.2\none_seed0\g006_i018,2400,1987061.0,827.9420833333334,1559160.7499999995,1071961.0,5828212.980000065,2.9330820644157702,,9,"-E1,-E15,-E28,-E8,E16,E3,E34,E39,E51",OK,,,,,,,True
C_k9_2od_x1.2,seed_best.csv,D:\PSPS\runs_C_k9_2od_x1.2\analysis\seed_best.csv,none,1,1,2,D:\PSPS\runs_C_k9_2od_x1.2\none_seed1\g001_i002,2400,1972372.0,821.8216666666667,1542081.3500000015,1064169.0,5861897.250000085,2.9720038866907887,,5,"-E11,-E35,E25,E28,E56",OK,,,,,,,True
C_k9_2od_x1.2,seed_best.csv,D:\PSPS\runs_C_k9_2od_x1.2\analysis\seed_best.csv,none,2,6,15,D:\PSPS\runs_C_k9_2od_x1.2\none_seed2\g006_i015,2400,1968788.0,820.3283333333334,1539805.6899999997,1051581.0,5847090.530000073,2.969893421739706,,9,"-E27,-E35,-E6,E11,E17,E31,E34,E45,E53",OK,,,,,,,True
C_k9_2od_x1.2,seed_best.csv,D:\PSPS\runs_C_k9_2od_x1.2\analysis\seed_best.csv,none,3,15,14,D:\PSPS\runs_C_k9_2od_x1.2\none_seed3\g015_i014,2400,1982130.0,825.8875,1546684.870000003,1064576.0,5935246.390000101,2.994377962091337,,9,"-E19,-E2,-E43,-E51,-E9,E19,E30,E34,E43",OK,,,,,,,True
C_k9_2od_x1.2,seed_best.csv,D:\PSPS\runs_C_k9_2od_x1.2\analysis\seed_best.csv,none,4,12,15,D:\PSPS\runs_C_k9_2od_x1.2\none_seed4\g012_i015,2400,1979148.0,824.645,1545631.7599999958,1052551.0,5907305.84000007,2.984772154482671,,9,"-E17,-E31,-E40,-E47,-E7,E14,E15,E45,E50",OK,,,,,,,True
C_k9_2od_x1.2,seed_best.csv,D:\PSPS\runs_C_k9_2od_x1.2\analysis\seed_best.csv,none,5,15,5,D:\PSPS\runs_C_k9_2od_x1.2\none_seed5\g015_i005,2400,1977731.0,824.0545833333333,1545539.8300000022,1058149.0,5884986.980000071,2.975625593167156,,9,"-E2,-E20,-E31,E14,E16,E17,E2,E33,E45",OK,,,,,,,True
C_k9_2od_x1.2,seed_best.csv,D:\PSPS\runs_C_k9_2od_x1.2\analysis\seed_best.csv,none,6,15,22,D:\PSPS\runs_C_k9_2od_x1.2\none_seed6\g015_i022,2400,1972411.0,821.8379166666666,1543130.8900000053,1056986.0,5845817.910000076,2.9637929975041084,,9,"-E11,-E17,-E38,-E52,-E9,E1,E11,E17,E58",OK,,,,,,,True
C_k9_2od_x1.2,seed_best.csv,D:\PSPS\runs_C_k9_2od_x1.2\analysis\seed_best.csv,none,7,2,13,D:\PSPS\runs_C_k9_2od_x1.2\none_seed7\g002_i013,2400,1984307.0,826.7945833333333,1549764.1600000008,1056424.0,5921298.050000058,2.9840634790886984,,9,"-E21,-E40,-E47,-E8,-E9,E21,E28,E29,E62",OK,,,,,,,True
C_k9_2od_x1.2,seed_best.csv,D:\PSPS\runs_C_k9_2od_x1.2\analysis\seed_best.csv,none,8,2,11,D:\PSPS\runs_C_k9_2od_x1.2\none_seed8\g002_i011,2400,1972395.0,821.83125,1542439.8700000015,1059128.0,5858468.24000008,2.9702307296459787,,9,"-E16,-E20,-E28,-E38,E11,E32,E4,E52,E53",OK,,,,,,,True
C_k9_2od_x1.2,seed_best.csv,D:\PSPS\runs_C_k9_2od_x1.2\analysis\seed_best.csv,none,9,2,10,D:\PSPS\runs_C_k9_2od_x1.2\none_seed9\g002_i010,2400,1973764.0,822.4016666666666,1541516.1200000015,1050881.0,5887450.790000076,2.982854480069592,,9,"-E11,-E14,-E21,-E23,-E27,-E31,-E39,E0,E47",OK,,,,,,,True
C_k9_3od_x0.8,seed_best.csv,D:\PSPS\runs_C_k9_3od_x0.8\analysis\seed_best.csv,both,0,11,8,D:\PSPS\runs_C_k9_3od_x0.8\both_seed0\g011_i008,1600,723214.0,452.00875,466372.6100000007,337914.0,3502469.5700000133,4.842922800167051,,9,"-E15,-E19,-E39,-E4,E26,E4,E40,E58,E63",OK,,,,,,,True
C_k9_3od_x0.8,seed_best.csv,D:\PSPS\runs_C_k9_3od_x0.8\analysis\seed_best.csv,both,1,14,1,D:\PSPS\runs_C_k9_3od_x0.8\both_seed1\g014_i001,1600,715342.0,447.08875,458050.5400000003,331371.0,3507768.600000012,4.903624560000687,,9,"-E23,-E3,-E4,-E44,-E47,-E7,E4,E45,E6",OK,,,,,,,True
C_k9_3od_x0.8,seed_best.csv,D:\PSPS\runs_C_k9_3od_x0.8\analysis\seed_best.csv,both,2,7,10,D:\PSPS\runs_C_k9_3od_x0.8\both_seed2\g007_i010,1600,706470.0,441.54375,450090.77,323259.0,3495666.770000012,4.948075318131006,,9,"-E19,-E3,E0,E21,E28,E31,E32,E51,E6",OK,,,,,,,True
C_k9_3od_x0.8,seed_best.csv,D:\PSPS\runs_C_k9_3od_x0.8\analysis\seed_best.csv,both,3,13,11,D:\PSPS\runs_C_k9_3od_x0.8\both_seed3\g013_i011,1600,703621.0,439.763125,444437.6099999997,321490.0,3536954.200000012,5.0267888536584495,,9,"-E30,-E32,-E53,-E7,E19,E23,E26,E6,E7",OK,,,,,,,True
C_k9_3od_x0.8,seed_best.csv,D:\PSPS\runs_C_k9_3od_x0.8\analysis\seed_best.csv,both,4,11,16,D:\PSPS\runs_C_k9_3od_x0.8\both_seed4\g011_i016,1600,712414.0,445.25875,454638.1199999997,327522.0,3513626.930000028,4.93200151877985,,9,"-E14,-E26,-E3,-E44,-E47,E3,E51,E6,E64",OK,,,,,,,True
C_k9_3od_x0.8,seed_best.csv,D:\PSPS\runs_C_k9_3od_x0.8\analysis\seed_best.csv,both,5,9,10,D:\PSPS\runs_C_k9_3od_x0.8\both_seed5\g009_i010,1600,717761.0,448.600625,459792.280000001,333183.0,3518158.340000017,4.901573560001195,,9,"-E0,-E12,-E26,E0,E14,E3,E47,E57,E6",OK,,,,,,,True
C_k9_3od_x0.8,seed_best.csv,D:\PSPS\runs_C_k9_3od_x0.8\analysis\seed_best.csv,both,6,5,7,D:\PSPS\runs_C_k9_3od_x0.8\both_seed6\g005_i007,1600,702020.0,438.7625,446966.42000000033,323030.0,3478737.7599999867,4.955325717216015,,9,"-E16,-E17,-E63,-E64,E110,E30,E57,E6,E9",OK,,,,,,,True
C_k9_3od_x0.8,seed_best.csv,D:\PSPS\runs_C_k9_3od_x0.8\analysis\seed_best.csv,both,7,7,20,D:\PSPS\runs_C_k9_3od_x0.8\both_seed7\g007_i020,1600,710215.0,443.884375,452348.2500000003,327564.0,3514848.0700000096,4.948991601134881,,9,"-E28,-E4,-E43,-E50,-E52,E0,E1,E31,E6",OK,,,,,,,True
C_k9_3od_x0.8,seed_best.csv,D:\PSPS\runs_C_k9_3od_x0.8\analysis\seed_best.csv,both,8,15,17,D:\PSPS\runs_C_k9_3od_x0.8\both_seed8\g015_i017,1600,713598.0,445.99875,457007.36000000045,330967.0,3500071.5300000045,4.904822505107924,,9,"-E0,-E19,-E29,-E30,-E31,-E8,E0,E28,E6",OK,,,,,,,True
C_k9_3od_x0.8,seed_best.csv,D:\PSPS\runs_C_k9_3od_x0.8\analysis\seed_best.csv,both,9,5,13,D:\PSPS\runs_C_k9_3od_x0.8\both_seed9\g005_i013,1600,715552.0,447.22,459918.2399999997,333236.0,3484867.660000004,4.870180867358353,,9,"-E17,-E45,-E47,E11,E3,E31,E40,E52,E6",OK,,,,,,,True
C_k9_3od_x0.8,seed_best.csv,D:\PSPS\runs_C_k9_3od_x0.8\analysis\seed_best.csv,init,0,12,1,D:\PSPS\runs_C_k9_3od_x0.8\init_seed0\g012_i001,1600,717442.0,448.40125,458651.6700000008,333689.0,3531434.4400000144,4.922257743483117,,9,"-E11,-E14,-E17,-E40,-E58,-E7,E57,E59,E7",OK,,,,,,,True
C_k9_3od_x0.8,seed_best.csv,D:\PSPS\runs_C_k9_3od_x0.8\analysis\seed_best.csv,init,1,15,6,D:\PSPS\runs_C_k9_3od_x0.8\init_seed1\g015_i006,1600,703674.0,439.79625,444741.2100000007,322548.0,3532069.12000003,5.019467992280559,,9,"-E11,-E17,-E23,-E44,E19,E3,E31,E45,E9",OK,,,,,,,True
C_k9_3od_x0.8,seed_best.csv,D:\PSPS\runs_C_k9_3od_x0.8\analysis\seed_best.csv,init,2,4,8,D:\PSPS\runs_C_k9_3od_x0.8\init_seed2\g004_i008,1600,713809.0,446.130625,457664.3399999997,332006.0,3493261.0200000163,4.893831571190636,,9,"-E19,-E25,-E6,-E63,-E64,E43,E45,E57,E63",OK,,,,,,,True
C_k9_3od_x0.8,seed_best.csv,D:\PSPS\runs_C_k9_3od_x0.8\analysis\seed_best.csv,init,3,14,19,D:\PSPS\runs_C_k9_3od_x0.8\init_seed3\g014_i019,1600,715162.0,446.97625,455192.4999999996,328167.0,3542770.640000028,4.953801572231226,,9,"-E11,-E4,-E52,-E63,E1,E15,E16,E39,E6",OK,,,,,,,True
C_k9_3od_x0.8,seed_best.csv,D:\PSPS\runs_C_k9_3od_x0.8\analysis\seed_best.csv,init,4,9,7,D:\PSPS\runs_C_k9_3od_x0.8\init_seed4\g009_i007,1600,684634.0,427.89625,424511.6800000002,303690.0,3548232.5100000137,5.182670609405922,,9,"-E26,-E35,-E63,-E8,E19,E27,E46,E6,E7",OK,,,,,,,True
C_k9_3od_x0.8,seed_best.csv,D:\PSPS\runs_C_k9_3od_x0.8\analysis\seed_best.csv,init,5,10,4,D:\PSPS\runs_C_k9_3od_x0.8\init_seed5\g010_i004,1600,716344.0,447.715,455121.4900000003,328426.0,3561990.040000012,4.97245742269079,,9,"-E28,-E35,-E64,E23,E25,E3,E33,E64,E7",OK,,,,,,,True
C_k9_3od_x0.8,seed_best.csv,D:\PSPS\runs_C_k9_3od_x0.8\analysis\seed_best.csv,init,6,12,4,D:\PSPS\runs_C_k9_3od_x0.8\init_seed6\g012_i004,1600,708135.0,442.584375,451297.16999999975,326198.0,3501872.800000008,4.94520508095209,,9,"-E17,-E4,-E47,E26,E45,E47,E56,E6,E64",OK,,,,,,,True
C_k9_3od_x0.8,seed_best.csv,D:\PSPS\runs_C_k9_3od_x0.8\analysis\seed_best.csv,init,7,7,17,D:\PSPS\runs_C_k9_3od_x0.8\init_seed7\g007_i017,1600,696490.0,435.30625,441053.15,317739.0,3483295.290000012,5.001213642694097,,9,"-E15,-E2,-E51,E3,E33,E49,E50,E6,E64",OK,,,,,,,True
C_k9_3od_x0.8,seed_best.csv,D:\PSPS\runs_C_k9_3od_x0.8\analysis\seed_best.csv,init,8,13,9,D:\PSPS\runs_C_k9_3od_x0.8\init_seed8\g013_i009,1600,697226.0,435.76625,441696.0899999999,317654.0,3481850.4500000053,4.993862033257517,,9,"-E14,-E23,-E47,-E8,E0,E29,E30,E34,E6",OK,,,,,,,True
C_k9_3od_x0.8,seed_best.csv,D:\PSPS\runs_C_k9_3od_x0.8\analysis\seed_best.csv,init,9,3,14,D:\PSPS\runs_C_k9_3od_x0.8\init_seed9\g003_i014,1600,711235.0,444.521875,448272.8499999996,325096.0,3582660.310000023,5.037238479546174,,9,"-E12,-E21,-E46,-E58,-E8,E16,E28,E7,E9",OK,,,,,,,True
C_k9_3od_x0.8,seed_best.csv,D:\PSPS\runs_C_k9_3od_x0.8\analysis\seed_best.csv,mutation,0,12,16,D:\PSPS\runs_C_k9_3od_x0.8\mutation_seed0\g012_i016,1600,721578.0,450.98625,466357.2499999998,339205.0,3478406.880000011,4.8205556156091385,,9,"-E1,-E32,-E4,E110,E23,E30,E47,E56,E6",OK,,,,,,,True
C_k9_3od_x0.8,seed_best.csv,D:\PSPS\runs_C_k9_3od_x0.8\analysis\seed_best.csv,mutation,1,6,22,D:\PSPS\runs_C_k9_3od_x0.8\mutation_seed1\g006_i022,1600,722199.0,451.374375,465643.35999999935,335927.0,3497562.240000019,4.842934205115236,,9,"-E47,E16,E27,E3,E30,E49,E50,E6,E64",OK,,,,,,,True
C_k9_3od_x0.8,seed_best.csv,D:\PSPS\runs_C_k9_3od_x0.8\analysis\seed_best.csv,mutation,2,8,19,D:\PSPS\runs_C_k9_3od_x0.8\mutation_seed2\g008_i019,1600,718725.0,449.203125,456180.22000000015,330368.0,3577823.12,4.978014010922119,,9,"-E0,-E14,-E19,-E3,-E50,-E51,-E7,E0,E28",OK,,,,,,,True
C_k9_3od_x0.8,seed_best.csv,D:\PSPS\runs_C_k9_3od_x0.8\analysis\seed_best.csv,mutation,3,8,17,D:\PSPS\runs_C_k9_3od_x0.8\mutation_seed3\g008_i017,1600,704851.0,440.531875,443850.9400000009,318263.0,3558862.4300000165,5.049098930128519,,9,"-E14,-E21,E19,E21,E29,E46,E47,E52,E6",OK,,,,,,,True
C_k9_3od_x0.8,seed_best.csv,D:\PSPS\runs_C_k9_3od_x0.8\analysis\seed_best.csv,mutation,4,11,10,D:\PSPS\runs_C_k9_3od_x0.8\mutation_seed4\g011_i010,1600,698637.0,436.648125,438003.2000000003,317945.0,3557019.53000002,5.091370096344767,,9,"-E14,-E19,-E35,-E40,-E64,E11,E17,E56,E7",OK,,,,,,,True
C_k9_3od_x0.8,seed_best.csv,D:\PSPS\runs_C_k9_3od_x0.8\analysis\seed_best.csv,mutation,5,3,18,D:\PSPS\runs_C_k9_3od_x0.8\mutation_seed5\g003_i018,1600,709059.0,443.161875,449443.13,324649.0,3539927.0000000075,4.992429402912885,,9,"-E1,-E17,-E28,-E40,-E51,E14,E2,E39,E63",OK,,,,,,,True
C_k9_3od_x0.8,seed_best.csv,D:\PSPS\runs_C_k9_3od_x0.8\analysis\seed_best.csv,mutation,6,12,15,D:\PSPS\runs_C_k9_3od_x0.8\mutation_seed6\g012_i015,1600,725996.0,453.7475,463192.84000000014,336314.0,3583756.41000001,4.936330792456171,,9,"-E0,-E1,-E39,-E6,E15,E21,E29,E31,E7",OK,,,,,,,True
C_k9_3od_x0.8,seed_best.csv,D:\PSPS\runs_C_k9_3od_x0.8\analysis\seed_best.csv,mutation,7,15,12,D:\PSPS\runs_C_k9_3od_x0.8\mutation_seed7\g015_i012,1600,723340.0,452.0875,463915.8599999991,337269.0,3535528.580000006,4.887782481267462,,9,"-E26,-E3,-E39,-E43,-E47,E24,E31,E47,E6",OK,,,,,,,True
C_k9_3od_x0.8,seed_best.csv,D:\PSPS\runs_C_k9_3od_x0.8\analysis\seed_best.csv,mutation,8,13,6,D:\PSPS\runs_C_k9_3od_x0.8\mutation_seed8\g013_i006,1600,722877.0,451.798125,464119.3500000001,337116.0,3528712.790000013,4.881484388077105,,9,"-E11,-E15,-E28,-E4,-E6,E25,E28,E3,E64",OK,,,,,,,True
C_k9_3od_x0.8,seed_best.csv,D:\PSPS\runs_C_k9_3od_x0.8\analysis\seed_best.csv,mutation,9,1,9,D:\PSPS\runs_C_k9_3od_x0.8\mutation_seed9\g001_i009,1600,713088.0,445.68,453627.6500000004,328047.0,3538789.4600000144,4.962626576243064,,6,"-E40,E11,E16,E23,E49,E7",OK,,,,,,,True
C_k9_3od_x0.8,seed_best.csv,D:\PSPS\runs_C_k9_3od_x0.8\analysis\seed_best.csv,none,0,12,16,D:\PSPS\runs_C_k9_3od_x0.8\none_seed0\g012_i016,1600,716622.0,447.88875,457785.3799999996,333002.0,3530510.900000016,4.926601332362132,,9,"-E29,-E6,-E8,E11,E19,E26,E28,E29,E3",OK,,,,,,,True
C_k9_3od_x0.8,seed_best.csv,D:\PSPS\runs_C_k9_3od_x0.8\analysis\seed_best.csv,none,1,5,12,D:\PSPS\runs_C_k9_3od_x0.8\none_seed1\g005_i012,1600,713887.0,446.179375,454805.1700000004,330686.0,3533688.470000023,4.949926907199632,,9,"-E14,-E31,-E35,-E40,-E43,-E52,-E7,E4,E7",OK,,,,,,,True
C_k9_3od_x0.8,seed_best.csv,D:\PSPS\runs_C_k9_3od_x0.8\analysis\seed_best.csv,none,2,10,11,D:\PSPS\runs_C_k9_3od_x0.8\none_seed2\g010_i011,1600,688660.0,430.4125,432672.8700000001,311761.0,3489574.0300000184,5.067194304881971,,9,"-E26,-E6,E110,E40,E46,E53,E6,E62,E7",OK,,,,,,,True
C_k9_3od_x0.8,seed_best.csv,D:\PSPS\runs_C_k9_3od_x0.8\analysis\seed_best.csv,none,3,6,12,D:\PSPS\runs_C_k9_3od_x0.8\none_seed3\g006_i012,1600,704815.0,440.509375,447630.4499999992,322702.0,3506458.5000000107,4.9750054978966265,,9,"-E30,-E6,E15,E40,E43,E47,E57,E6,E62",OK,,,,,,,True
C_k9_3od_x0.8,seed_best.csv,D:\PSPS\runs_C_k9_3od_x0.8\analysis\seed_best.csv,none,4,2,12,D:\PSPS\runs_C_k9_3od_x0.8\none_seed4\g002_i012,1600,692112.0,432.57,436820.75000000006,315838.0,3479013.350000025,5.0266623754537205,,9,"-E47,-E63,E0,E33,E4,E45,E49,E6,E9",OK,,,,,,,True
C_k9_3od_x0.8,seed_best.csv,D:\PSPS\runs_C_k9_3od_x0.8\analysis\seed_best.csv,none,5,15,2,D:\PSPS\runs_C_k9_3od_x0.8\none_seed5\g015_i002,1600,716806.0,448.00375,455868.6999999996,330855.0,3557499.11,4.962987349436249,,9,"-E2,-E27,-E51,-E7,E110,E2,E3,E6,E9",OK,,,,,,,True
C_k9_3od_x0.8,seed_best.csv,D:\PSPS\runs_C_k9_3od_x0.8\analysis\seed_best.csv,none,6,4,21,D:\PSPS\runs_C_k9_3od_x0.8\none_seed6\g004_i021,1600,702930.0,439.33125,448715.80000000086,323398.0,3466769.2900000173,4.931884099412484,,9,"-E21,-E35,-E38,-E64,E14,E31,E32,E52,E6",OK,,,,,,,True
C_k9_3od_x0.8,seed_best.csv,D:\PSPS\runs_C_k9_3od_x0.8\analysis\seed_best.csv,none,7,9,20,D:\PSPS\runs_C_k9_3od_x0.8\none_seed7\g009_i020,1600,711345.0,444.590625,452415.1700000001,326889.0,3531481.9800000144,4.964513674799169,,9,"-E35,-E4,E110,E19,E34,E40,E45,E49,E52",OK,,,,,,,True
C_k9_3od_x0.8,seed_best.csv,D:\PSPS\runs_C_k9_3od_x0.8\analysis\seed_best.csv,none,8,8,21,D:\PSPS\runs_C_k9_3od_x0.8\none_seed8\g008_i021,1600,722383.0,451.489375,460012.66999999946,332649.0,3576707.19000001,4.951261574538728,,9,"-E19,-E35,-E51,-E6,E16,E19,E51,E63,E7",OK,,,,,,,True
C_k9_3od_x0.8,seed_best.csv,D:\PSPS\runs_C_k9_3od_x0.8\analysis\seed_best.csv,none,9,2,6,D:\PSPS\runs_C_k9_3od_x0.8\none_seed9\g002_i006,1600,712786.0,445.49125,447113.7699999996,325528.0,3621373.280000017,5.08058979834062,,9,"-E12,-E14,-E30,-E40,E17,E25,E56,E7,E9",OK,,,,,,,True
C_k9_3od_x1.0,seed_best.csv,D:\PSPS\runs_C_k9_3od_x1.0\analysis\seed_best.csv,both,0,9,10,D:\PSPS\runs_C_k9_3od_x1.0\both_seed0\g009_i010,2000,1164180.0,582.09,838251.4500000001,596225.0,4432575.069999992,3.807465400539429,,9,"-E44,-E51,-E8,E16,E19,E43,E50,E56,E6",OK,,,,,,,True
C_k9_3od_x1.0,seed_best.csv,D:\PSPS\runs_C_k9_3od_x1.0\analysis\seed_best.csv,both,1,13,20,D:\PSPS\runs_C_k9_3od_x1.0\both_seed1\g013_i020,2000,1155950.0,577.975,823833.0399999993,589782.0,4512989.610000006,3.9041391150136304,,9,"-E12,-E28,-E47,-E50,E1,E26,E29,E6,E9",OK,,,,,,,True
C_k9_3od_x1.0,seed_best.csv,D:\PSPS\runs_C_k9_3od_x1.0\analysis\seed_best.csv,both,2,5,4,D:\PSPS\runs_C_k9_3od_x1.0\both_seed2\g005_i004,2000,1178133.0,589.0665,852912.6899999996,600583.0,4422435.820000007,3.753766187688493,,9,"-E39,-E50,-E58,-E6,-E8,E2,E27,E6,E9",OK,,,,,,,True
C_k9_3od_x1.0,seed_best.csv,D:\PSPS\runs_C_k9_3od_x1.0\analysis\seed_best.csv,both,3,2,14,D:\PSPS\runs_C_k9_3od_x1.0\both_seed3\g002_i014,2000,1138492.0,569.246,811020.7499999999,571967.0,4452063.880000003,3.910492019267594,,9,"-E14,-E15,-E2,-E30,-E52,-E58,E27,E6,E9",OK,,,,,,,True
C_k9_3od_x1.0,seed_best.csv,D:\PSPS\runs_C_k9_3od_x1.0\analysis\seed_best.csv,both,4,14,6,D:\PSPS\runs_C_k9_3od_x1.0\both_seed4\g014_i006,2000,1135158.0,567.579,809533.1100000005,574969.0,4426802.999999996,3.8997240912718727,,9,"-E3,-E32,-E44,E1,E15,E17,E50,E6,E9",OK,,,,,,,True
C_k9_3od_x1.0,seed_best.csv,D:\PSPS\runs_C_k9_3od_x1.0\analysis\seed_best.csv,both,5,2,16,D:\PSPS\runs_C_k9_3od_x1.0\both_seed5\g002_i016,2000,1184451.0,592.2255,863562.8900000006,609490.0,4365119.000000006,3.6853521167190575,,9,"-E0,-E17,-E20,-E27,-E52,E25,E34,E4,E6",OK,,,,,,,True
C_k9_3od_x1.0,seed_best.csv,D:\PSPS\runs_C_k9_3od_x1.0\analysis\seed_best.csv,both,6,11,6,D:\PSPS\runs_C_k9_3od_x1.0\both_seed6\g011_i006,2000,1154807.0,577.4035,827243.5899999997,591502.0,4454842.730000001,3.8576513045036975,,9,"-E2,-E35,-E38,E19,E32,E50,E6,E63,E9",OK,,,,,,,True
C_k9_3od_x1.0,seed_best.csv,D:\PSPS\runs_C_k9_3od_x1.0\analysis\seed_best.csv,both,7,13,18,D:\PSPS\runs_C_k9_3od_x1.0\both_seed7\g013_i018,2000,1155965.0,577.9825,824326.3099999983,587854.0,4508378.800000004,3.900099743504348,,9,"-E2,-E25,-E31,E15,E32,E34,E6,E64,E9",OK,,,,,,,True
C_k9_3od_x1.0,seed_best.csv,D:\PSPS\runs_C_k9_3od_x1.0\analysis\seed_best.csv,both,8,11,1,D:\PSPS\runs_C_k9_3od_x1.0\both_seed8\g011_i001,2000,1165725.0,582.8625,833855.1500000006,589658.0,4512276.190000011,3.8707895858800407,,9,"-E31,-E40,-E45,-E51,-E7,E15,E56,E7,E9",OK,,,,,,,True
C_k9_3od_x1.0,seed_best.csv,D:\PSPS\runs_C_k9_3od_x1.0\analysis\seed_best.csv,both,9,14,12,D:\PSPS\runs_C_k9_3od_x1.0\both_seed9\g014_i012,2000,1176122.0,588.061,853146.510000002,602718.0,4391774.810000012,3.7341150067765176,,9,"-E23,-E31,-E39,-E4,-E44,-E51,-E6,E23,E6",OK,,,,,,,True
C_k9_3od_x1.0,seed_best.csv,D:\PSPS\runs_C_k9_3od_x1.0\analysis\seed_best.csv,init,0,9,3,D:\PSPS\runs_C_k9_3od_x1.0\init_seed0\g009_i003,2000,1179382.0,589.691,851085.049999999,603933.0,4458143.610000008,3.7800675353702258,,9,"-E1,-E11,-E16,-E19,-E7,-E8,E2,E6,E9",OK,,,,,,,True
C_k9_3od_x1.0,seed_best.csv,D:\PSPS\runs_C_k9_3od_x1.0\analysis\seed_best.csv,init,1,15,11,D:\PSPS\runs_C_k9_3od_x1.0\init_seed1\g015_i011,2000,1176995.0,588.4975,852008.3100000006,609203.0,4416921.740000004,3.752710708201824,,9,"-E15,-E21,-E23,-E27,-E30,-E46,-E58,E1,E7",OK,,,,,,,True
C_k9_3od_x1.0,seed_best.csv,D:\PSPS\runs_C_k9_3od_x1.0\analysis\seed_best.csv,init,2,11,19,D:\PSPS\runs_C_k9_3od_x1.0\init_seed2\g011_i019,2000,1184451.0,592.2255,863562.8900000006,609490.0,4365119.000000006,3.6853521167190575,,9,"-E19,-E20,E2,E25,E30,E31,E4,E57,E6",OK,,,,,,,True
C_k9_3od_x1.0,seed_best.csv,D:\PSPS\runs_C_k9_3od_x1.0\analysis\seed_best.csv,init,3,14,3,D:\PSPS\runs_C_k9_3od_x1.0\init_seed3\g014_i003,2000,1178069.0,589.0345,851253.369999999,599719.0,4439520.440000014,3.768472339056553,,9,"-E1,-E11,-E15,-E45,-E51,-E64,E39,E41,E50",OK,,,,,,,True
C_k9_3od_x1.0,seed_best.csv,D:\PSPS\runs_C_k9_3od_x1.0\analysis\seed_best.csv,init,4,1,6,D:\PSPS\runs_C_k9_3od_x1.0\init_seed4\g001_i006,2000,1185666.0,592.833,864524.4900000013,610247.0,4368519.650000005,3.684443721925066,,1,E6,OK,,,,,,,True
C_k9_3od_x1.0,seed_best.csv,D:\PSPS\runs_C_k9_3od_x1.0\analysis\seed_best.csv,init,5,4,9,D:\PSPS\runs_C_k9_3od_x1.0\init_seed5\g004_i009,2000,1182987.0,591.4935,855637.280000001,610908.0,4448087.960000013,3.760048047865288,,9,"-E25,-E26,-E40,-E9,E11,E14,E30,E39,E7",OK,,,,,,,True
C_k9_3od_x1.0,seed_best.csv,D:\PSPS\runs_C_k9_3od_x1.0\analysis\seed_best.csv,init,6,2,2,D:\PSPS\runs_C_k9_3od_x1.0\init_seed6\g002_i002,2000,1179195.0,589.5975,856273.1899999985,606278.0,4390272.070000008,3.723109468747754,,9,"-E17,-E29,-E46,-E50,-E8,E27,E40,E43,E6",OK,,,,,,,True
C_k9_3od_x1.0,seed_best.csv,D:\PSPS\runs_C_k9_3od_x1.0\analysis\seed_best.csv,init,7,8,18,D:\PSPS\runs_C_k9_3od_x1.0\init_seed7\g008_i018,2000,1155483.0,577.7415,825382.0600000002,589274.0,4490180.540000011,3.885977154142477,,9,"-E29,-E40,-E64,-E9,E25,E34,E6,E7,E9",OK,,,,,,,True
C_k9_3od_x1.0,seed_best.csv,D:\PSPS\runs_C_k9_3od_x1.0\analysis\seed_best.csv,init,8,4,5,D:\PSPS\runs_C_k9_3od_x1.0\init_seed8\g004_i005,2000,1164484.0,582.242,834831.6099999988,593422.0,4481904.879999986,3.8488333716907968,,9,"-E2,E14,E17,E19,E3,E4,E57,E6,E9",OK,,,,,,,True
C_k9_3od_x1.0,seed_best.csv,D:\PSPS\runs_C_k9_3od_x1.0\analysis\seed_best.csv,init,9,8,16,D:\PSPS\runs_C_k9_3od_x1.0\init_seed9\g008_i016,2000,1181903.0,590.9515,851623.2799999999,602721.0,4490759.41,3.799600652507016,,9,"-E19,-E2,-E3,-E46,-E51,E21,E25,E46,E9",OK,,,,,,,True
C_k9_3od_x1.0,seed_best.csv,D:\PSPS\runs_C_k9_3od_x1.0\analysis\seed_best.csv,mutation,0,9,3,D:\PSPS\runs_C_k9_3od_x1.0\mutation_seed0\g009_i003,2000,1183647.0,591.8235,858074.7999999998,609147.0,4425315.199999994,3.7387119639554647,,9,"-E0,-E29,-E30,-E51,E19,E25,E28,E32,E6",OK,,,,,,,True
C_k9_3od_x1.0,seed_best.csv,D:\PSPS\runs_C_k9_3od_x1.0\analysis\seed_best.csv,mutation,1,9,14,D:\PSPS\runs_C_k9_3od_x1.0\mutation_seed1\g009_i014,2000,1177684.0,588.842,851577.1299999994,609115.0,4436885.4299999885,3.767466850190704,,9,"-E2,-E27,-E64,-E9,E50,E51,E56,E6,E9",OK,,,,,,,True
C_k9_3od_x1.0,seed_best.csv,D:\PSPS\runs_C_k9_3od_x1.0\analysis\seed_best.csv,mutation,2,11,1,D:\PSPS\runs_C_k9_3od_x1.0\mutation_seed2\g011_i001,2000,1182660.0,591.33,853226.0899999995,605338.0,4477802.369999999,3.78621274922632,,9,"-E2,-E29,-E8,E17,E28,E43,E56,E6,E9",OK,,,,,,,True
C_k9_3od_x1.0,seed_best.csv,D:\PSPS\runs_C_k9_3od_x1.0\analysis\seed_best.csv,mutation,3,14,8,D:\PSPS\runs_C_k9_3od_x1.0\mutation_seed3\g014_i008,2000,1169780.0,584.89,842662.9399999989,602367.0,4448794.309999995,3.803103412607496,,9,"-E2,-E35,-E39,E17,E3,E31,E47,E56,E9",OK,,,,,,,True
C_k9_3od_x1.0,seed_best.csv,D:\PSPS\runs_C_k9_3od_x1.0\analysis\seed_best.csv,mutation,4,14,3,D:\PSPS\runs_C_k9_3od_x1.0\mutation_seed4\g014_i003,2000,1158254.0,579.127,831195.0100000001,591525.0,4447350.220000005,3.8397020170014566,,9,"-E20,-E21,-E26,-E8,E19,E30,E32,E46,E6",OK,,,,,,,True
C_k9_3od_x1.0,seed_best.csv,D:\PSPS\runs_C_k9_3od_x1.0\analysis\seed_best.csv,mutation,5,14,16,D:\PSPS\runs_C_k9_3od_x1.0\mutation_seed5\g014_i016,2000,1159263.0,579.6315,827883.8500000014,589641.0,4504703.819999989,3.885834206733061,,9,"-E2,-E25,-E4,-E63,E11,E32,E52,E6,E9",OK,,,,,,,True
C_k9_3od_x1.0,seed_best.csv,D:\PSPS\runs_C_k9_3od_x1.0\analysis\seed_best.csv,mutation,6,13,3,D:\PSPS\runs_C_k9_3od_x1.0\mutation_seed6\g013_i003,2000,1179836.0,589.918,851205.1900000003,605482.0,4467890.750000003,3.7868744045782656,,9,"-E12,-E2,-E31,E28,E34,E50,E56,E6,E9",OK,,,,,,,True
C_k9_3od_x1.0,seed_best.csv,D:\PSPS\runs_C_k9_3od_x1.0\analysis\seed_best.csv,mutation,7,10,1,D:\PSPS\runs_C_k9_3od_x1.0\mutation_seed7\g010_i001,2000,1176286.0,588.143,850712.7900000006,601607.0,4427548.580000006,3.7640068656772296,,9,"-E2,-E20,-E29,E27,E3,E50,E6,E63,E9",OK,,,,,,,True
C_k9_3od_x1.0,seed_best.csv,D:\PSPS\runs_C_k9_3od_x1.0\analysis\seed_best.csv,mutation,8,10,12,D:\PSPS\runs_C_k9_3od_x1.0\mutation_seed8\g010_i012,2000,1167274.0,583.637,836498.3099999989,594297.0,4495980.480000022,3.8516924732325246,,9,"-E14,-E32,-E43,-E9,E0,E21,E6,E63,E9",OK,,,,,,,True
C_k9_3od_x1.0,seed_best.csv,D:\PSPS\runs_C_k9_3od_x1.0\analysis\seed_best.csv,mutation,9,6,18,D:\PSPS\runs_C_k9_3od_x1.0\mutation_seed9\g006_i018,2000,1175641.0,587.8205,847529.1000000013,602691.0,4461185.690000011,3.794683657681223,,9,"-E28,-E29,-E39,-E64,E11,E14,E56,E6,E9",OK,,,,,,,True
C_k9_3od_x1.0,seed_best.csv,D:\PSPS\runs_C_k9_3od_x1.0\analysis\seed_best.csv,none,0,12,14,D:\PSPS\runs_C_k9_3od_x1.0\none_seed0\g012_i014,2000,1179738.0,589.869,853681.4599999993,606058.0,4431354.960000016,3.756219567395486,,9,"-E12,-E16,-E28,-E63,-E8,E14,E17,E57,E6",OK,,,,,,,True
C_k9_3od_x1.0,seed_best.csv,D:\PSPS\runs_C_k9_3od_x1.0\analysis\seed_best.csv,none,1,3,12,D:\PSPS\runs_C_k9_3od_x1.0\none_seed1\g003_i012,2000,1184607.0,592.3035,861915.2499999992,613500.0,4388839.210000001,3.704890491108022,,9,"-E11,-E27,E110,E15,E17,E19,E2,E4,E6",OK,,,,,,,True
C_k9_3od_x1.0,seed_best.csv,D:\PSPS\runs_C_k9_3od_x1.0\analysis\seed_best.csv,none,2,11,9,D:\PSPS\runs_C_k9_3od_x1.0\none_seed2\g011_i009,2000,1154959.0,577.4795,829261.4699999997,591371.0,4425476.530000003,3.831717428930381,,9,"-E15,-E23,-E6,E15,E3,E40,E58,E7,E9",OK,,,,,,,True
C_k9_3od_x1.0,seed_best.csv,D:\PSPS\runs_C_k9_3od_x1.0\analysis\seed_best.csv,none,3,5,13,D:\PSPS\runs_C_k9_3od_x1.0\none_seed3\g005_i013,2000,1181458.0,590.729,851545.8799999984,604381.0,4483058.130000001,3.79451333013954,,9,"-E25,E1,E11,E32,E45,E57,E63,E7,E9",OK,,,,,,,True
C_k9_3od_x1.0,seed_best.csv,D:\PSPS\runs_C_k9_3od_x1.0\analysis\seed_best.csv,none,4,15,5,D:\PSPS\runs_C_k9_3od_x1.0\none_seed4\g015_i005,2000,1155576.0,577.788,826069.1700000009,589254.0,4479725.710000008,3.876617124273962,,9,"-E21,-E47,-E7,E28,E31,E45,E51,E7,E8",OK,,,,,,,True
C_k9_3od_x1.0,seed_best.csv,D:\PSPS\runs_C_k9_3od_x1.0\analysis\seed_best.csv,none,5,5,13,D:\PSPS\runs_C_k9_3od_x1.0\none_seed5\g005_i013,2000,1158126.0,579.063,834002.27,587961.0,4406326.859999995,3.804704203169599,,9,"-E2,-E23,-E6,-E8,E19,E2,E26,E32,E6",OK,,,,,,,True
C_k9_3od_x1.0,seed_best.csv,D:\PSPS\runs_C_k9_3od_x1.0\analysis\seed_best.csv,none,6,11,14,D:\PSPS\runs_C_k9_3od_x1.0\none_seed6\g011_i014,2000,1170853.0,585.4265,844760.5399999989,596592.0,4431151.990000005,3.784550229618923,,9,"-E14,-E15,-E20,-E28,-E35,E0,E57,E6,E7",OK,,,,,,,True
C_k9_3od_x1.0,seed_best.csv,D:\PSPS\runs_C_k9_3od_x1.0\analysis\seed_best.csv,none,7,9,12,D:\PSPS\runs_C_k9_3od_x1.0\none_seed7\g009_i012,2000,1159537.0,579.7685,831870.6099999992,592810.0,4459696.150000012,3.8461007712561233,,9,"-E1,-E40,-E64,E25,E26,E31,E40,E7,E9",OK,,,,,,,True
C_k9_3od_x1.0,seed_best.csv,D:\PSPS\runs_C_k9_3od_x1.0\analysis\seed_best.csv,none,8,9,17,D:\PSPS\runs_C_k9_3od_x1.0\none_seed8\g009_i017,2000,1184451.0,592.2255,863562.8900000006,609490.0,4365119.000000006,3.6853521167190575,,9,"-E23,-E29,-E46,E2,E30,E33,E4,E49,E6",OK,,,,,,,True
C_k9_3od_x1.0,seed_best.csv,D:\PSPS\runs_C_k9_3od_x1.0\analysis\seed_best.csv,none,9,14,11,D:\PSPS\runs_C_k9_3od_x1.0\none_seed9\g014_i011,2000,1156929.0,578.4645,825101.39,590999.0,4513361.889999994,3.901157192878728,,9,"-E2,-E51,E21,E31,E32,E51,E6,E64,E9",OK,,,,,,,True
C_k9_3od_x1.2,seed_best.csv,D:\PSPS\runs_C_k9_3od_x1.2\analysis\seed_best.csv,both,0,6,10,D:\PSPS\runs_C_k9_3od_x1.2\both_seed0\g006_i010,2400,1611875.0,671.6145833333334,1224600.6699999976,854739.0,5269556.1599999685,3.2692089398991664,,9,"-E16,-E21,-E39,-E8,E11,E21,E3,E50,E6",OK,,,,,,,True
C_k9_3od_x1.2,seed_best.csv,D:\PSPS\runs_C_k9_3od_x1.2\analysis\seed_best.csv,both,1,5,6,D:\PSPS\runs_C_k9_3od_x1.2\both_seed1\g005_i006,2400,1617166.0,673.8191666666667,1228145.290000002,862577.0,5290185.170000003,3.271269102862664,,9,"-E11,-E39,-E6,-E7,E110,E23,E24,E33,E58",OK,,,,,,,True
C_k9_3od_x1.2,seed_best.csv,D:\PSPS\runs_C_k9_3od_x1.2\analysis\seed_best.csv,both,2,1,4,D:\PSPS\runs_C_k9_3od_x1.2\both_seed2\g001_i004,2400,1618653.0,674.43875,1228342.8100000017,856133.0,5312814.969999965,3.282244539132208,,2,"-E46,E24",OK,,,,,,,True
C_k9_3od_x1.2,seed_best.csv,D:\PSPS\runs_C_k9_3od_x1.2\analysis\seed_best.csv,both,3,7,4,D:\PSPS\runs_C_k9_3od_x1.2\both_seed3\g007_i004,2400,1597064.0,665.4433333333334,1207169.0199999982,841689.0,5306009.399999987,3.322352391638649,,9,"-E11,-E43,E11,E110,E14,E30,E47,E51,E6",OK,,,,,,,True
C_k9_3od_x1.2,seed_best.csv,D:\PSPS\runs_C_k9_3od_x1.2\analysis\seed_best.csv,both,4,13,13,D:\PSPS\runs_C_k9_3od_x1.2\both_seed4\g013_i013,2400,1598191.0,665.9129166666667,1208772.980000001,839863.0,5294491.039999966,3.3128024372556006,,9,"-E23,-E46,-E51,-E64,-E9,E110,E47,E51,E6",OK,,,,,,,True
C_k9_3od_x1.2,seed_best.csv,D:\PSPS\runs_C_k9_3od_x1.2\analysis\seed_best.csv,both,5,6,3,D:\PSPS\runs_C_k9_3od_x1.2\both_seed5\g006_i003,2400,1610638.0,671.0991666666666,1220272.1000000003,853321.0,5309042.099999977,3.296235466939174,,9,"-E11,-E39,-E51,-E7,E14,E16,E29,E40,E6",OK,,,,,,,True
C_k9_3od_x1.2,seed_best.csv,D:\PSPS\runs_C_k9_3od_x1.2\analysis\seed_best.csv,both,6,10,19,D:\PSPS\runs_C_k9_3od_x1.2\both_seed6\g010_i019,2400,1604976.0,668.74,1216366.979999998,847881.0,5287542.480000003,3.294468253730899,,9,"-E0,-E11,-E16,-E39,-E64,-E7,E0,E15,E6",OK,,,,,,,True
C_k9_3od_x1.2,seed_best.csv,D:\PSPS\runs_C_k9_3od_x1.2\analysis\seed_best.csv,both,7,10,18,D:\PSPS\runs_C_k9_3od_x1.2\both_seed7\g010_i018,2400,1601269.0,667.1954166666667,1213953.749999999,845847.0,5271163.699999968,3.291866450921093,,9,"-E0,-E12,-E3,-E46,-E47,-E53,E23,E33,E6",OK,,,,,,,True
C_k9_3od_x1.2,seed_best.csv,D:\PSPS\runs_C_k9_3od_x1.2\analysis\seed_best.csv,both,8,10,16,D:\PSPS\runs_C_k9_3od_x1.2\both_seed8\g010_i016,2400,1605886.0,669.1191666666666,1217852.749999999,851362.0,5275469.81999999,3.285083636073787,,9,"-E17,-E47,-E50,E0,E16,E31,E56,E57,E6",OK,,,,,,,True
C_k9_3od_x1.2,seed_best.csv,D:\PSPS\runs_C_k9_3od_x1.2\analysis\seed_best.csv,both,9,3,2,D:\PSPS\runs_C_k9_3od_x1.2\both_seed9\g003_i002,2400,1608386.0,670.1608333333334,1219343.7500000002,846060.0,5291827.479999984,3.2901476884280165,,9,"-E3,-E4,-E58,-E64,E14,E19,E30,E32,E39",OK,,,,,,,True
C_k9_3od_x1.2,seed_best.csv,D:\PSPS\runs_C_k9_3od_x1.2\analysis\seed_best.csv,init,0,8,21,D:\PSPS\runs_C_k9_3od_x1.2\init_seed0\g008_i021,2400,1603532.0,668.1383333333333,1210249.569999997,842644.0,5346180.319999963,3.334002888623341,,9,"-E11,-E17,-E64,-E7,E11,E3,E43,E6,E9",OK,,,,,,,True
C_k9_3od_x1.2,seed_best.csv,D:\PSPS\runs_C_k9_3od_x1.2\analysis\seed_best.csv,init,1,8,10,D:\PSPS\runs_C_k9_3od_x1.2\init_seed1\g008_i010,2400,1601632.0,667.3466666666667,1213781.0799999996,846409.0,5274168.239999972,3.2929962937803268,,9,"-E0,-E14,-E16,-E17,-E23,-E31,-E51,E3,E6",OK,,,,,,,True
C_k9_3od_x1.2,seed_best.csv,D:\PSPS\runs_C_k9_3od_x1.2\analysis\seed_best.csv,init,2,2,15,D:\PSPS\runs_C_k9_3od_x1.2\init_seed2\g002_i015,2400,1612349.0,671.8120833333334,1223106.5800000012,852378.0,5294181.44999997,3.283520782411234,,9,"-E15,-E28,-E44,-E52,-E8,E110,E28,E50,E6",OK,,,,,,,True
C_k9_3od_x1.2,seed_best.csv,D:\PSPS\runs_C_k9_3od_x1.2\analysis\seed_best.csv,init,3,11,8,D:\PSPS\runs_C_k9_3od_x1.2\init_seed3\g011_i008,2400,1610044.0,670.8516666666667,1222650.85,852772.0,5267695.909999962,3.2717713987940464,,9,"-E11,-E2,-E46,-E7,-E8,E17,E32,E6,E63",OK,,,,,,,True
C_k9_3od_x1.2,seed_best.csv,D:\PSPS\runs_C_k9_3od_x1.2\analysis\seed_best.csv,init,4,14,10,D:\PSPS\runs_C_k9_3od_x1.2\init_seed4\g014_i010,2400,1613245.0,672.1854166666667,1218465.8800000008,844920.0,5369969.779999983,3.32867591717314,,9,"-E14,-E44,-E46,-E6,E16,E19,E57,E6,E9",OK,,,,,,,True
C_k9_3od_x1.2,seed_best.csv,D:\PSPS\runs_C_k9_3od_x1.2\analysis\seed_best.csv,init,5,6,20,D:\PSPS\runs_C_k9_3od_x1.2\init_seed5\g006_i020,2400,1616545.0,673.5604166666667,1221904.4699999983,854013.0,5367858.53999999,3.320574769029004,,9,"-E12,-E14,-E29,-E43,E14,E45,E49,E7,E8",OK,,,,,,,True
C_k9_3od_x1.2,seed_best.csv,D:\PSPS\runs_C_k9_3od_x1.2\analysis\seed_best.csv,init,6,9,7,D:\PSPS\runs_C_k9_3od_x1.2\init_seed6\g009_i007,2400,1601902.0,667.4591666666666,1213717.550000003,844338.0,5279545.749999997,3.295798213623553,,9,"-E1,-E20,-E23,-E27,-E45,E11,E23,E53,E6",OK,,,,,,,True
C_k9_3od_x1.2,seed_best.csv,D:\PSPS\runs_C_k9_3od_x1.2\analysis\seed_best.csv,init,7,11,17,D:\PSPS\runs_C_k9_3od_x1.2\init_seed7\g011_i017,2400,1614590.0,672.7458333333333,1222270.290000002,852943.0,5339369.4699999485,3.306950662397233,,9,"-E17,-E40,-E50,-E58,E14,E45,E49,E51,E6",OK,,,,,,,True
C_k9_3od_x1.2,seed_best.csv,D:\PSPS\runs_C_k9_3od_x1.2\analysis\seed_best.csv,init,8,10,16,D:\PSPS\runs_C_k9_3od_x1.2\init_seed8\g010_i016,2400,1616942.0,673.7258333333333,1223153.8800000013,853622.0,5358754.549999967,3.3141291091455147,,9,"-E16,-E19,-E40,-E43,E0,E30,E32,E45,E6",OK,,,,,,,True
C_k9_3od_x1.2,seed_best.csv,D:\PSPS\runs_C_k9_3od_x1.2\analysis\seed_best.csv,init,9,5,5,D:\PSPS\runs_C_k9_3od_x1.2\init_seed9\g005_i005,2400,1611219.0,671.34125,1220042.8699999994,847719.0,5320510.449999996,3.302164665386888,,9,"-E40,-E51,E0,E11,E23,E30,E34,E6,E63",OK,,,,,,,True
C_k9_3od_x1.2,seed_best.csv,D:\PSPS\runs_C_k9_3od_x1.2\analysis\seed_best.csv,mutation,0,9,3,D:\PSPS\runs_C_k9_3od_x1.2\mutation_seed0\g009_i003,2400,1614452.0,672.6883333333334,1224172.9100000008,853714.0,5307955.659999959,3.287775455696397,,9,"-E0,-E31,-E51,E110,E26,E29,E32,E47,E6",OK,,,,,,,True
C_k9_3od_x1.2,seed_best.csv,D:\PSPS\runs_C_k9_3od_x1.2\analysis\seed_best.csv,mutation,1,11,20,D:\PSPS\runs_C_k9_3od_x1.2\mutation_seed1\g011_i020,2400,1611935.0,671.6395833333333,1221171.4899999974,856131.0,5314548.3599999705,3.296999171802815,,9,"-E1,-E20,E1,E110,E30,E32,E40,E56,E6",OK,,,,,,,True
C_k9_3od_x1.2,seed_best.csv,D:\PSPS\runs_C_k9_3od_x1.2\analysis\seed_best.csv,mutation,2,15,20,D:\PSPS\runs_C_k9_3od_x1.2\mutation_seed2\g015_i020,2400,1608097.0,670.0404166666667,1220359.3100000008,853772.0,5274288.329999947,3.279832205395537,,9,"-E23,-E64,E15,E26,E27,E28,E46,E51,E6",OK,,,,,,,True
C_k9_3od_x1.2,seed_best.csv,D:\PSPS\runs_C_k9_3od_x1.2\analysis\seed_best.csv,mutation,3,3,13,D:\PSPS\runs_C_k9_3od_x1.2\mutation_seed3\g003_i013,2400,1597872.0,665.78,1211597.349999999,846168.0,5256627.8599999575,3.2897678036788665,,9,"-E11,-E14,-E19,-E29,-E6,E110,E47,E6,E63",OK,,,,,,,True
C_k9_3od_x1.2,seed_best.csv,D:\PSPS\runs_C_k9_3od_x1.2\analysis\seed_best.csv,mutation,4,9,17,D:\PSPS\runs_C_k9_3od_x1.2\mutation_seed4\g009_i017,2400,1601317.0,667.2154166666667,1212848.1099999975,845872.0,5282678.710000008,3.29895873833851,,9,"-E0,-E21,-E26,-E28,-E52,E16,E3,E51,E6",OK,,,,,,,True
C_k9_3od_x1.2,seed_best.csv,D:\PSPS\runs_C_k9_3od_x1.2\analysis\seed_best.csv,mutation,5,5,22,D:\PSPS\runs_C_k9_3od_x1.2\mutation_seed5\g005_i022,2400,1587974.0,661.6558333333334,1193968.3799999994,828448.0,5357093.419999972,3.373539755688677,,9,"-E27,-E51,E1,E30,E31,E32,E47,E6,E9",OK,,,,,,,True
C_k9_3od_x1.2,seed_best.csv,D:\PSPS\runs_C_k9_3od_x1.2\analysis\seed_best.csv,mutation,6,13,1,D:\PSPS\runs_C_k9_3od_x1.2\mutation_seed6\g013_i001,2400,1595559.0,664.81625,1206889.430000001,841013.0,5287802.139999946,3.314074966829773,,9,"-E50,-E6,E0,E14,E25,E32,E45,E47,E6",OK,,,,,,,True
C_k9_3od_x1.2,seed_best.csv,D:\PSPS\runs_C_k9_3od_x1.2\analysis\seed_best.csv,mutation,7,5,15,D:\PSPS\runs_C_k9_3od_x1.2\mutation_seed7\g005_i015,2400,1605581.0,668.9920833333333,1216139.4399999988,850687.0,5299029.479999965,3.3003812825388223,,9,"-E14,-E20,-E58,-E6,E110,E26,E27,E57,E6",OK,,,,,,,True
C_k9_3od_x1.2,seed_best.csv,D:\PSPS\runs_C_k9_3od_x1.2\analysis\seed_best.csv,mutation,8,15,6,D:\PSPS\runs_C_k9_3od_x1.2\mutation_seed8\g015_i006,2400,1614457.0,672.6904166666667,1222501.5400000033,854307.0,5334675.809999952,3.304315822595431,,9,"-E1,-E4,-E40,-E58,-E64,E1,E15,E16,E6",OK,,,,,,,True
C_k9_3od_x1.2,seed_best.csv,D:\PSPS\runs_C_k9_3od_x1.2\analysis\seed_best.csv,mutation,9,9,8,D:\PSPS\runs_C_k9_3od_x1.2\mutation_seed9\g009_i008,2400,1605226.0,668.8441666666666,1217920.6899999997,851028.0,5269324.649999971,3.282606094095143,,9,"-E14,-E19,-E46,-E64,E3,E31,E4,E6,E64",OK,,,,,,,True
C_k9_3od_x1.2,seed_best.csv,D:\PSPS\runs_C_k9_3od_x1.2\analysis\seed_best.csv,none,0,13,23,D:\PSPS\runs_C_k9_3od_x1.2\none_seed0\g013_i023,2400,1623897.0,676.62375,1235675.5000000002,869196.0,5283883.030000008,3.253828925110403,,9,"-E11,-E45,-E6,-E8,E45,E47,E57,E6,E7",OK,,,,,,,True
C_k9_3od_x1.2,seed_best.csv,D:\PSPS\runs_C_k9_3od_x1.2\analysis\seed_best.csv,none,1,1,7,D:\PSPS\runs_C_k9_3od_x1.2\none_seed1\g001_i007,2400,1630744.0,679.4766666666667,1239650.4399999983,865563.0,5319048.449999995,3.261731117821065,,6,"-E16,-E17,-E29,-E40,E39,E49",OK,,,,,,,True
C_k9_3od_x1.2,seed_best.csv,D:\PSPS\runs_C_k9_3od_x1.2\analysis\seed_best.csv,none,2,14,5,D:\PSPS\runs_C_k9_3od_x1.2\none_seed2\g014_i005,2400,1612607.0,671.9195833333333,1225609.419999999,854904.0,5267706.0099999625,3.266577665854088,,9,"-E16,-E21,-E26,-E28,-E39,-E50,E1,E4,E6",OK,,,,,,,True
C_k9_3od_x1.2,seed_best.csv,D:\PSPS\runs_C_k9_3od_x1.2\analysis\seed_best.csv,none,3,9,6,D:\PSPS\runs_C_k9_3od_x1.2\none_seed3\g009_i006,2400,1603544.0,668.1433333333333,1217189.4200000018,850625.0,5253170.479999979,3.2759752647884803,,9,"-E11,-E17,-E30,-E35,-E44,-E58,E28,E6,E63",OK,,,,,,,True
C_k9_3od_x1.2,seed_best.csv,D:\PSPS\runs_C_k9_3od_x1.2\analysis\seed_best.csv,none,4,6,7,D:\PSPS\runs_C_k9_3od_x1.2\none_seed4\g006_i007,2400,1609934.0,670.8058333333333,1218920.3800000034,850669.0,5319377.449999953,3.304096596506412,,9,"-E39,-E58,-E6,E16,E21,E23,E47,E49,E6",OK,,,,,,,True
C_k9_3od_x1.2,seed_best.csv,D:\PSPS\runs_C_k9_3od_x1.2\analysis\seed_best.csv,none,5,5,14,D:\PSPS\runs_C_k9_3od_x1.2\none_seed5\g005_i014,2400,1594079.0,664.1995833333333,1205122.4700000023,844070.0,5292330.46999999,3.3199925913332966,,9,"-E40,-E46,-E8,E17,E30,E32,E40,E56,E6",OK,,,,,,,True
C_k9_3od_x1.2,seed_best.csv,D:\PSPS\runs_C_k9_3od_x1.2\analysis\seed_best.csv,none,6,11,16,D:\PSPS\runs_C_k9_3od_x1.2\none_seed6\g011_i016,2400,1605054.0,668.7725,1217934.5400000024,850229.0,5268271.76999998,3.282301885170206,,9,"-E0,-E30,-E58,-E8,E16,E17,E3,E49,E6",OK,,,,,,,True
C_k9_3od_x1.2,seed_best.csv,D:\PSPS\runs_C_k9_3od_x1.2\analysis\seed_best.csv,none,7,8,17,D:\PSPS\runs_C_k9_3od_x1.2\none_seed7\g008_i017,2400,1618876.0,674.5316666666666,1231397.420000001,858712.0,5269437.219999996,3.2549974303158464,,9,"-E21,-E26,-E45,-E58,E11,E16,E33,E4,E6",OK,,,,,,,True
C_k9_3od_x1.2,seed_best.csv,D:\PSPS\runs_C_k9_3od_x1.2\analysis\seed_best.csv,none,8,11,1,D:\PSPS\runs_C_k9_3od_x1.2\none_seed8\g011_i001,2400,1613467.0,672.2779166666667,1221287.9199999976,849537.0,5333125.659999956,3.30538254578492,,9,"-E14,-E26,-E51,-E64,-E7,E15,E25,E26,E6",OK,,,,,,,True
C_k9_3od_x1.2,seed_best.csv,D:\PSPS\runs_C_k9_3od_x1.2\analysis\seed_best.csv,none,9,9,13,D:\PSPS\runs_C_k9_3od_x1.2\none_seed9\g009_i013,2400,1612853.0,672.0220833333333,1222280.7300000004,851663.0,5309387.659999953,3.291922859677821,,9,"-E20,-E43,-E58,E11,E110,E16,E4,E6,E9",OK,,,,,,,True
D_k9_1od_x0.8,seed_best.csv,D:\PSPS\runs_D_k9_1od_x0.8\analysis\seed_best.csv,both,0,13,9,D:\PSPS\runs_D_k9_1od_x0.8\both_seed0\g013_i009,1600,822815.0,514.259375,563667.1,382578.0,3537293.569999952,4.2990144443161,,9,"-E16,-E29,-E58,E16,E28,E3,E31,E5,E9",OK,,,,,,,True
D_k9_1od_x0.8,seed_best.csv,D:\PSPS\runs_D_k9_1od_x0.8\analysis\seed_best.csv,both,1,14,22,D:\PSPS\runs_D_k9_1od_x0.8\both_seed1\g014_i022,1600,821713.0,513.570625,561067.2999999997,379903.0,3558648.2999999626,4.3307679201862,,9,"-E15,-E21,E0,E17,E25,E3,E31,E52,E9",OK,,,,,,,True
D_k9_1od_x0.8,seed_best.csv,D:\PSPS\runs_D_k9_1od_x0.8\analysis\seed_best.csv,both,2,10,22,D:\PSPS\runs_D_k9_1od_x0.8\both_seed2\g010_i022,1600,827669.0,517.293125,566860.78,383947.0,3561386.939999953,4.302912082003739,,9,"-E20,-E39,E21,E26,E31,E45,E52,E63,E9",OK,,,,,,,True
D_k9_1od_x0.8,seed_best.csv,D:\PSPS\runs_D_k9_1od_x0.8\analysis\seed_best.csv,both,3,12,2,D:\PSPS\runs_D_k9_1od_x0.8\both_seed3\g012_i002,1600,818440.0,511.525,558749.0900000003,378411.0,3549698.769999952,4.337152106446351,,9,"-E1,-E19,-E47,E19,E23,E25,E26,E45,E9",OK,,,,,,,True
D_k9_1od_x0.8,seed_best.csv,D:\PSPS\runs_D_k9_1od_x0.8\analysis\seed_best.csv,both,4,13,15,D:\PSPS\runs_D_k9_1od_x0.8\both_seed4\g013_i015,1600,824957.0,515.598125,565054.5799999991,382171.0,3550643.789999945,4.304034986065874,,9,"-E15,-E27,-E7,E23,E28,E45,E49,E56,E9",OK,,,,,,,True
D_k9_1od_x0.8,seed_best.csv,D:\PSPS\runs_D_k9_1od_x0.8\analysis\seed_best.csv,both,5,11,9,D:\PSPS\runs_D_k9_1od_x0.8\both_seed5\g011_i009,1600,817373.0,510.858125,556099.3799999998,376145.0,3570038.569999937,4.367698186751872,,9,"-E27,-E35,-E45,E15,E29,E38,E64,E7,E9",OK,,,,,,,True
D_k9_1od_x0.8,seed_best.csv,D:\PSPS\runs_D_k9_1od_x0.8\analysis\seed_best.csv,both,6,4,23,D:\PSPS\runs_D_k9_1od_x0.8\both_seed6\g004_i023,1600,819415.0,512.134375,558975.7400000009,378542.0,3556127.4899999504,4.339836944649476,,9,"-E1,-E21,-E31,-E41,-E64,E2,E3,E33,E9",OK,,,,,,,True
D_k9_1od_x0.8,seed_best.csv,D:\PSPS\runs_D_k9_1od_x0.8\analysis\seed_best.csv,both,7,11,12,D:\PSPS\runs_D_k9_1od_x0.8\both_seed7\g011_i012,1600,819425.0,512.140625,558826.8000000002,377636.0,3559564.3499999563,4.343978216432201,,9,"-E26,-E4,-E45,-E6,-E8,E21,E50,E52,E9",OK,,,,,,,True
D_k9_1od_x0.8,seed_best.csv,D:\PSPS\runs_D_k9_1od_x0.8\analysis\seed_best.csv,both,8,11,19,D:\PSPS\runs_D_k9_1od_x0.8\both_seed8\g011_i019,1600,823811.0,514.881875,564197.6700000002,383123.0,3545820.3799999515,4.30416731507585,,9,"-E14,-E19,E0,E27,E3,E30,E49,E50,E9",OK,,,,,,,True
D_k9_1od_x0.8,seed_best.csv,D:\PSPS\runs_D_k9_1od_x0.8\analysis\seed_best.csv,both,9,2,17,D:\PSPS\runs_D_k9_1od_x0.8\both_seed9\g002_i017,1600,818769.0,511.730625,557946.7599999993,378082.0,3562444.539999949,4.350976331541557,,9,"-E31,-E46,-E8,E21,E33,E34,E59,E7,E9",OK,,,,,,,True
D_k9_1od_x0.8,seed_best.csv,D:\PSPS\runs_D_k9_1od_x0.8\analysis\seed_best.csv,init,0,4,6,D:\PSPS\runs_D_k9_1od_x0.8\init_seed0\g004_i006,1600,827641.0,517.275625,568782.4199999998,385391.0,3534772.039999957,4.270900112488334,,9,"-E21,-E28,-E32,-E4,E27,E33,E40,E6,E62",OK,,,,,,,True
D_k9_1od_x0.8,seed_best.csv,D:\PSPS\runs_D_k9_1od_x0.8\analysis\seed_best.csv,init,1,8,9,D:\PSPS\runs_D_k9_1od_x0.8\init_seed1\g008_i009,1600,826872.0,516.795,567383.8499999999,383248.0,3543829.1699999683,4.28582558122656,,9,"-E32,-E6,-E64,E17,E41,E43,E45,E52,E9",OK,,,,,,,True
D_k9_1od_x0.8,seed_best.csv,D:\PSPS\runs_D_k9_1od_x0.8\analysis\seed_best.csv,init,2,14,20,D:\PSPS\runs_D_k9_1od_x0.8\init_seed2\g014_i020,1600,826898.0,516.81125,566340.6199999988,383195.0,3556114.899999954,4.300548435236212,,9,"-E19,-E26,E19,E3,E31,E41,E45,E52,E9",OK,,,,,,,True
D_k9_1od_x0.8,seed_best.csv,D:\PSPS\runs_D_k9_1od_x0.8\analysis\seed_best.csv,init,3,8,2,D:\PSPS\runs_D_k9_1od_x0.8\init_seed3\g008_i002,1600,816984.0,510.615,558551.2700000003,376645.0,3530120.679999953,4.320917765831342,,9,"-E11,-E21,-E41,-E53,E26,E30,E45,E56,E9",OK,,,,,,,True
D_k9_1od_x0.8,seed_best.csv,D:\PSPS\runs_D_k9_1od_x0.8\analysis\seed_best.csv,init,4,8,15,D:\PSPS\runs_D_k9_1od_x0.8\init_seed4\g008_i015,1600,822398.0,513.99875,561752.4700000001,379066.0,3559328.429999932,4.327987701818258,,9,"-E19,-E39,-E43,-E45,E12,E17,E23,E6,E64",OK,,,,,,,True
D_k9_1od_x0.8,seed_best.csv,D:\PSPS\runs_D_k9_1od_x0.8\analysis\seed_best.csv,init,5,10,13,D:\PSPS\runs_D_k9_1od_x0.8\init_seed5\g010_i013,1600,822398.0,513.99875,561752.4700000001,379066.0,3559328.429999932,4.327987701818258,,9,"-E44,-E45,-E5,-E50,-E8,E0,E12,E20,E6",OK,,,,,,,True
D_k9_1od_x0.8,seed_best.csv,D:\PSPS\runs_D_k9_1od_x0.8\analysis\seed_best.csv,init,6,5,15,D:\PSPS\runs_D_k9_1od_x0.8\init_seed6\g005_i015,1600,818152.0,511.345,561172.4099999995,379513.0,3509969.0799999526,4.290118559876347,,9,"-E28,-E52,-E9,E45,E49,E5,E52,E57,E9",OK,,,,,,,True
D_k9_1od_x0.8,seed_best.csv,D:\PSPS\runs_D_k9_1od_x0.8\analysis\seed_best.csv,init,7,15,12,D:\PSPS\runs_D_k9_1od_x0.8\init_seed7\g015_i012,1600,820968.0,513.105,563304.2500000013,380633.0,3522122.1299999454,4.2902063539625725,,9,"-E17,-E39,E12,E32,E45,E59,E63,E64,E9",OK,,,,,,,True
D_k9_1od_x0.8,seed_best.csv,D:\PSPS\runs_D_k9_1od_x0.8\analysis\seed_best.csv,init,8,13,22,D:\PSPS\runs_D_k9_1od_x0.8\init_seed8\g013_i022,1600,815544.0,509.715,554973.1300000007,374264.0,3560315.709999937,4.36557158166811,,9,"-E35,-E38,-E6,-E7,E30,E4,E45,E7,E9",OK,,,,,,,True
D_k9_1od_x0.8,seed_best.csv,D:\PSPS\runs_D_k9_1od_x0.8\analysis\seed_best.csv,init,9,6,9,D:\PSPS\runs_D_k9_1od_x0.8\init_seed9\g006_i009,1600,819423.0,512.139375,558959.4100000001,378552.0,3556501.4399999506,4.340250932668415,,9,"-E12,-E3,-E32,-E45,E2,E3,E30,E33,E9",OK,,,,,,,True
D_k9_1od_x0.8,seed_best.csv,D:\PSPS\runs_D_k9_1od_x0.8\analysis\seed_best.csv,mutation,0,10,11,D:\PSPS\runs_D_k9_1od_x0.8\mutation_seed0\g010_i011,1600,826375.0,516.484375,564848.5100000005,383013.0,3571075.519999932,4.321374097715846,,9,"-E1,-E23,-E32,-E41,-E63,E17,E28,E3,E9",OK,,,,,,,True
D_k9_1od_x0.8,seed_best.csv,D:\PSPS\runs_D_k9_1od_x0.8\analysis\seed_best.csv,mutation,1,6,8,D:\PSPS\runs_D_k9_1od_x0.8\mutation_seed1\g006_i008,1600,819415.0,512.134375,558975.7400000009,378542.0,3556127.4899999504,4.339836944649476,,9,"-E19,-E27,E2,E23,E3,E31,E33,E53,E9",OK,,,,,,,True
D_k9_1od_x0.8,seed_best.csv,D:\PSPS\runs_D_k9_1od_x0.8\analysis\seed_best.csv,mutation,2,8,19,D:\PSPS\runs_D_k9_1od_x0.8\mutation_seed2\g008_i019,1600,817373.0,510.858125,556099.3799999998,376145.0,3570038.569999937,4.367698186751872,,9,"-E14,-E35,E14,E30,E34,E43,E63,E7,E9",OK,,,,,,,True
D_k9_1od_x0.8,seed_best.csv,D:\PSPS\runs_D_k9_1od_x0.8\analysis\seed_best.csv,mutation,3,13,3,D:\PSPS\runs_D_k9_1od_x0.8\mutation_seed3\g013_i003,1600,826521.0,516.575625,566183.3400000008,383289.0,3553908.84999995,4.299840959878757,,9,"-E0,-E1,-E50,-E8,E0,E12,E28,E3,E34",OK,,,,,,,True
D_k9_1od_x0.8,seed_best.csv,D:\PSPS\runs_D_k9_1od_x0.8\analysis\seed_best.csv,mutation,4,10,17,D:\PSPS\runs_D_k9_1od_x0.8\mutation_seed4\g010_i017,1600,822402.0,514.00125,561692.8999999997,380285.0,3559253.1899999506,4.327875163241274,,9,"-E17,-E28,E17,E19,E3,E5,E50,E63,E9",OK,,,,,,,True
D_k9_1od_x0.8,seed_best.csv,D:\PSPS\runs_D_k9_1od_x0.8\analysis\seed_best.csv,mutation,5,8,22,D:\PSPS\runs_D_k9_1od_x0.8\mutation_seed5\g008_i022,1600,827123.0,516.951875,567023.7100000001,384019.0,3549584.53999995,4.291483298130931,,9,"-E32,-E46,-E58,-E6,E14,E16,E3,E32,E9",OK,,,,,,,True
D_k9_1od_x0.8,seed_best.csv,D:\PSPS\runs_D_k9_1od_x0.8\analysis\seed_best.csv,mutation,6,3,23,D:\PSPS\runs_D_k9_1od_x0.8\mutation_seed6\g003_i023,1600,819228.0,512.0175,559430.6599999997,379300.0,3549746.919999947,4.333039056282191,,9,"-E0,-E43,-E47,E0,E23,E52,E59,E7,E9",OK,,,,,,,True
D_k9_1od_x0.8,seed_best.csv,D:\PSPS\runs_D_k9_1od_x0.8\analysis\seed_best.csv,mutation,7,8,4,D:\PSPS\runs_D_k9_1od_x0.8\mutation_seed7\g008_i004,1600,815544.0,509.715,554973.1300000007,374264.0,3560315.709999937,4.36557158166811,,9,"-E0,-E21,-E27,-E35,E45,E49,E63,E7,E9",OK,,,,,,,True
D_k9_1od_x0.8,seed_best.csv,D:\PSPS\runs_D_k9_1od_x0.8\analysis\seed_best.csv,mutation,8,15,6,D:\PSPS\runs_D_k9_1od_x0.8\mutation_seed8\g015_i006,1600,818740.0,511.7125,560541.8799999994,378653.0,3528018.5199999446,4.309082883454997,,9,"-E41,-E5,E15,E20,E25,E28,E39,E45,E9",OK,,,,,,,True
D_k9_1od_x0.8,seed_best.csv,D:\PSPS\runs_D_k9_1od_x0.8\analysis\seed_best.csv,mutation,9,3,23,D:\PSPS\runs_D_k9_1od_x0.8\mutation_seed9\g003_i023,1600,819423.0,512.139375,558959.4100000001,378552.0,3556501.4399999506,4.340250932668415,,9,"-E39,-E41,-E43,-E58,E16,E19,E3,E43,E9",OK,,,,,,,True
D_k9_1od_x0.8,seed_best.csv,D:\PSPS\runs_D_k9_1od_x0.8\analysis\seed_best.csv,none,0,15,14,D:\PSPS\runs_D_k9_1od_x0.8\none_seed0\g015_i014,1600,819423.0,512.139375,558959.4100000001,378552.0,3556501.4399999506,4.340250932668415,,9,"-E26,-E27,-E39,-E44,E3,E30,E43,E64,E9",OK,,,,,,,True
D_k9_1od_x0.8,seed_best.csv,D:\PSPS\runs_D_k9_1od_x0.8\analysis\seed_best.csv,none,1,15,11,D:\PSPS\runs_D_k9_1od_x0.8\none_seed1\g015_i011,1600,823789.0,514.868125,565201.2299999994,382346.0,3534923.089999946,4.29105400776163,,9,"-E23,-E26,-E35,-E64,E20,E28,E30,E45,E57",OK,,,,,,,True
D_k9_1od_x0.8,seed_best.csv,D:\PSPS\runs_D_k9_1od_x0.8\analysis\seed_best.csv,none,2,9,10,D:\PSPS\runs_D_k9_1od_x0.8\none_seed2\g009_i010,1600,818300.0,511.4375,560920.9600000001,382014.0,3514589.949999944,4.294989551509158,,9,"-E4,-E40,-E45,-E50,-E64,-E9,E19,E33,E9",OK,,,,,,,True
D_k9_1od_x0.8,seed_best.csv,D:\PSPS\runs_D_k9_1od_x0.8\analysis\seed_best.csv,none,3,11,3,D:\PSPS\runs_D_k9_1od_x0.8\none_seed3\g011_i003,1600,819423.0,512.139375,558959.4100000001,378552.0,3556501.4399999506,4.340250932668415,,9,"-E0,-E3,-E44,E25,E3,E52,E53,E63,E9",OK,,,,,,,True
D_k9_1od_x0.8,seed_best.csv,D:\PSPS\runs_D_k9_1od_x0.8\analysis\seed_best.csv,none,4,11,15,D:\PSPS\runs_D_k9_1od_x0.8\none_seed4\g011_i015,1600,826872.0,516.795,567383.8499999999,383248.0,3543829.1699999683,4.28582558122656,,9,"-E29,-E8,E15,E20,E40,E41,E45,E53,E9",OK,,,,,,,True
D_k9_1od_x0.8,seed_best.csv,D:\PSPS\runs_D_k9_1od_x0.8\analysis\seed_best.csv,none,5,5,7,D:\PSPS\runs_D_k9_1od_x0.8\none_seed5\g005_i007,1600,819415.0,512.134375,558975.7400000009,378542.0,3556127.4899999504,4.339836944649476,,9,"-E1,-E21,-E29,-E32,-E39,-E58,E25,E3,E9",OK,,,,,,,True
D_k9_1od_x0.8,seed_best.csv,D:\PSPS\runs_D_k9_1od_x0.8\analysis\seed_best.csv,none,6,9,6,D:\PSPS\runs_D_k9_1od_x0.8\none_seed6\g009_i006,1600,816205.0,510.128125,555623.8000000005,376006.0,3560192.8299999298,4.361885592467493,,9,"-E19,-E7,E12,E14,E21,E52,E59,E7,E9",OK,,,,,,,True
D_k9_1od_x0.8,seed_best.csv,D:\PSPS\runs_D_k9_1od_x0.8\analysis\seed_best.csv,none,7,11,2,D:\PSPS\runs_D_k9_1od_x0.8\none_seed7\g011_i002,1600,819423.0,512.139375,558959.4100000001,378552.0,3556501.4399999506,4.340250932668415,,9,"-E1,-E64,E29,E3,E30,E32,E43,E49,E9",OK,,,,,,,True
D_k9_1od_x0.8,seed_best.csv,D:\PSPS\runs_D_k9_1od_x0.8\analysis\seed_best.csv,none,8,6,23,D:\PSPS\runs_D_k9_1od_x0.8\none_seed8\g006_i023,1600,817373.0,510.858125,556099.3799999998,376145.0,3570038.569999937,4.367698186751872,,9,"-E31,-E35,-E6,-E8,E25,E33,E62,E7,E9",OK,,,,,,,True
D_k9_1od_x0.8,seed_best.csv,D:\PSPS\runs_D_k9_1od_x0.8\analysis\seed_best.csv,none,9,7,4,D:\PSPS\runs_D_k9_1od_x0.8\none_seed9\g007_i004,1600,820935.0,513.084375,565347.5500000005,384777.0,3493773.2599999327,4.255846394659666,,9,"-E14,-E17,-E40,-E45,E23,E27,E28,E29,E9",OK,,,,,,,True
D_k9_1od_x1.0,seed_best.csv,D:\PSPS\runs_D_k9_1od_x1.0\analysis\seed_best.csv,both,0,10,21,D:\PSPS\runs_D_k9_1od_x1.0\both_seed0\g010_i021,2000,1026188.0,513.094,701737.0499999995,472365.0,4420453.679999932,4.307645070883631,,9,"-E11,-E5,E28,E3,E56,E57,E6,E7,E9",OK,,,,,,,True
D_k9_1od_x1.0,seed_best.csv,D:\PSPS\runs_D_k9_1od_x1.0\analysis\seed_best.csv,both,1,9,20,D:\PSPS\runs_D_k9_1od_x1.0\both_seed1\g009_i020,2000,1031202.0,515.601,704031.7899999988,476012.0,4456849.76999992,4.321994885580051,,9,"-E23,-E31,-E35,-E64,E38,E45,E64,E7,E9",OK,,,,,,,True
D_k9_1od_x1.0,seed_best.csv,D:\PSPS\runs_D_k9_1od_x1.0\analysis\seed_best.csv,both,2,12,12,D:\PSPS\runs_D_k9_1od_x1.0\both_seed2\g012_i012,2000,1029444.0,514.722,706463.71,478001.0,4402286.139999922,4.276372624445742,,9,"-E14,-E39,-E45,E12,E28,E31,E32,E40,E9",OK,,,,,,,True
D_k9_1od_x1.0,seed_best.csv,D:\PSPS\runs_D_k9_1od_x1.0\analysis\seed_best.csv,both,3,7,8,D:\PSPS\runs_D_k9_1od_x1.0\both_seed3\g007_i008,2000,1026038.0,513.019,699878.1400000007,473376.0,4442074.379999932,4.329346846802879,,9,"-E15,-E16,-E19,-E20,-E46,E32,E38,E45,E9",OK,,,,,,,True
D_k9_1od_x1.0,seed_best.csv,D:\PSPS\runs_D_k9_1od_x1.0\analysis\seed_best.csv,both,4,15,21,D:\PSPS\runs_D_k9_1od_x1.0\both_seed4\g015_i021,2000,1026038.0,513.019,699878.1400000007,473376.0,4442074.379999932,4.329346846802879,,9,"-E16,-E32,-E39,-E58,E17,E45,E50,E58,E9",OK,,,,,,,True
D_k9_1od_x1.0,seed_best.csv,D:\PSPS\runs_D_k9_1od_x1.0\analysis\seed_best.csv,both,5,14,21,D:\PSPS\runs_D_k9_1od_x1.0\both_seed5\g014_i021,2000,1026038.0,513.019,699878.1400000007,473376.0,4442074.379999932,4.329346846802879,,9,"-E16,-E39,-E8,E23,E31,E34,E39,E45,E9",OK,,,,,,,True
D_k9_1od_x1.0,seed_best.csv,D:\PSPS\runs_D_k9_1od_x1.0\analysis\seed_best.csv,both,6,12,3,D:\PSPS\runs_D_k9_1od_x1.0\both_seed6\g012_i003,2000,1026038.0,513.019,699878.1400000007,473376.0,4442074.379999932,4.329346846802879,,9,"-E11,-E16,-E29,-E50,-E6,E43,E45,E57,E9",OK,,,,,,,True
D_k9_1od_x1.0,seed_best.csv,D:\PSPS\runs_D_k9_1od_x1.0\analysis\seed_best.csv,both,7,7,22,D:\PSPS\runs_D_k9_1od_x1.0\both_seed7\g007_i022,2000,1031058.0,515.529,704863.4799999996,478931.0,4446066.499999925,4.312140054196684,,9,"-E20,-E4,-E52,E25,E26,E3,E6,E62,E64",OK,,,,,,,True
D_k9_1od_x1.0,seed_best.csv,D:\PSPS\runs_D_k9_1od_x1.0\analysis\seed_best.csv,both,8,7,23,D:\PSPS\runs_D_k9_1od_x1.0\both_seed8\g007_i023,2000,1035583.0,517.7915,712686.0300000001,484392.0,4399761.02999991,4.2485836770204894,,9,"-E46,-E50,-E52,-E9,E26,E56,E57,E58,E9",OK,,,,,,,True
D_k9_1od_x1.0,seed_best.csv,D:\PSPS\runs_D_k9_1od_x1.0\analysis\seed_best.csv,both,9,4,13,D:\PSPS\runs_D_k9_1od_x1.0\both_seed9\g004_i013,2000,1030467.0,515.2335,706167.7899999995,479072.0,4419647.179999922,4.288974979305424,,9,"-E21,-E31,-E58,E2,E20,E28,E45,E62,E9",OK,,,,,,,True
D_k9_1od_x1.0,seed_best.csv,D:\PSPS\runs_D_k9_1od_x1.0\analysis\seed_best.csv,init,0,8,14,D:\PSPS\runs_D_k9_1od_x1.0\init_seed0\g008_i014,2000,1033054.0,516.527,705709.2699999983,476827.0,4457785.269999943,4.315152228247452,,9,"-E19,-E31,-E39,-E53,E21,E26,E3,E49,E9",OK,,,,,,,True
D_k9_1od_x1.0,seed_best.csv,D:\PSPS\runs_D_k9_1od_x1.0\analysis\seed_best.csv,init,1,10,15,D:\PSPS\runs_D_k9_1od_x1.0\init_seed1\g010_i015,2000,1031548.0,515.774,705782.1400000002,476711.0,4435703.319999933,4.300045485037956,,9,"-E1,-E19,-E45,E20,E27,E28,E41,E43,E9",OK,,,,,,,True
D_k9_1od_x1.0,seed_best.csv,D:\PSPS\runs_D_k9_1od_x1.0\analysis\seed_best.csv,init,2,4,5,D:\PSPS\runs_D_k9_1od_x1.0\init_seed2\g004_i005,2000,1029662.0,514.831,702030.9800000004,474128.0,4463960.699999919,4.335365100392089,,9,"-E3,-E38,-E46,-E8,E12,E30,E59,E62,E7",OK,,,,,,,True
D_k9_1od_x1.0,seed_best.csv,D:\PSPS\runs_D_k9_1od_x1.0\analysis\seed_best.csv,init,3,15,12,D:\PSPS\runs_D_k9_1od_x1.0\init_seed3\g015_i012,2000,1040404.0,520.202,718024.1800000007,486365.0,4389974.199999913,4.219489928912147,,9,"-E0,-E31,-E44,-E7,E21,E26,E27,E63,E9",OK,,,,,,,True
D_k9_1od_x1.0,seed_best.csv,D:\PSPS\runs_D_k9_1od_x1.0\analysis\seed_best.csv,init,4,8,17,D:\PSPS\runs_D_k9_1od_x1.0\init_seed4\g008_i017,2000,1032699.0,516.3495,706475.780000001,478303.0,4441797.329999934,4.301153898667408,,9,"-E39,-E41,E20,E30,E33,E39,E41,E43,E9",OK,,,,,,,True
D_k9_1od_x1.0,seed_best.csv,D:\PSPS\runs_D_k9_1od_x1.0\analysis\seed_best.csv,init,5,11,13,D:\PSPS\runs_D_k9_1od_x1.0\init_seed5\g011_i013,2000,1032631.0,516.3155,706292.8799999994,479277.0,4444607.54999992,4.304158552280456,,9,"-E23,-E28,-E30,-E47,E25,E29,E45,E49,E9",OK,,,,,,,True
D_k9_1od_x1.0,seed_best.csv,D:\PSPS\runs_D_k9_1od_x1.0\analysis\seed_best.csv,init,6,15,23,D:\PSPS\runs_D_k9_1od_x1.0\init_seed6\g015_i023,2000,1032977.0,516.4885,707244.17,480969.0,4436814.149999923,4.2951722545612565,,9,"-E28,-E30,-E43,-E50,-E52,E32,E45,E49,E9",OK,,,,,,,True
D_k9_1od_x1.0,seed_best.csv,D:\PSPS\runs_D_k9_1od_x1.0\analysis\seed_best.csv,init,7,3,16,D:\PSPS\runs_D_k9_1od_x1.0\init_seed7\g003_i016,2000,1030393.0,515.1965,703558.0500000004,476230.0,4451759.72999994,4.320448343496064,,9,"-E30,-E32,-E38,-E4,-E45,-E9,E23,E41,E9",OK,,,,,,,True
D_k9_1od_x1.0,seed_best.csv,D:\PSPS\runs_D_k9_1od_x1.0\analysis\seed_best.csv,init,8,13,10,D:\PSPS\runs_D_k9_1od_x1.0\init_seed8\g013_i010,2000,1028722.0,514.361,701169.7900000006,472206.0,4459282.099999954,4.334778589356458,,9,"-E23,-E25,-E28,-E31,-E35,-E58,E21,E41,E9",OK,,,,,,,True
D_k9_1od_x1.0,seed_best.csv,D:\PSPS\runs_D_k9_1od_x1.0\analysis\seed_best.csv,init,9,13,20,D:\PSPS\runs_D_k9_1od_x1.0\init_seed9\g013_i020,2000,1028773.0,514.3865,705445.6099999995,476815.0,4408340.649999919,4.285046992873957,,9,"-E23,-E27,-E50,E0,E28,E38,E41,E45,E9",OK,,,,,,,True
D_k9_1od_x1.0,seed_best.csv,D:\PSPS\runs_D_k9_1od_x1.0\analysis\seed_best.csv,mutation,0,4,14,D:\PSPS\runs_D_k9_1od_x1.0\mutation_seed0\g004_i014,2000,1031827.0,515.9135,706776.3099999988,477510.0,4426766.869999914,4.290221975195371,,9,"-E16,-E35,-E39,-E5,-E6,-E8,E12,E41,E9",OK,,,,,,,True
D_k9_1od_x1.0,seed_best.csv,D:\PSPS\runs_D_k9_1od_x1.0\analysis\seed_best.csv,mutation,1,8,11,D:\PSPS\runs_D_k9_1od_x1.0\mutation_seed1\g008_i011,2000,1026038.0,513.019,699878.1400000007,473376.0,4442074.379999932,4.329346846802879,,9,"-E16,-E41,-E5,E17,E23,E39,E45,E49,E9",OK,,,,,,,True
D_k9_1od_x1.0,seed_best.csv,D:\PSPS\runs_D_k9_1od_x1.0\analysis\seed_best.csv,mutation,2,7,2,D:\PSPS\runs_D_k9_1od_x1.0\mutation_seed2\g007_i002,2000,1033249.0,516.6245,706730.6299999992,477236.0,4447030.2199999485,4.303928888389874,,9,"-E25,-E41,-E45,-E63,E45,E52,E58,E6,E9",OK,,,,,,,True
D_k9_1od_x1.0,seed_best.csv,D:\PSPS\runs_D_k9_1od_x1.0\analysis\seed_best.csv,mutation,3,9,18,D:\PSPS\runs_D_k9_1od_x1.0\mutation_seed3\g009_i018,2000,1025073.0,512.5365,701207.7599999999,474428.0,4413583.929999918,4.30562889667362,,9,"-E38,-E39,E17,E19,E26,E28,E43,E45,E9",OK,,,,,,,True
D_k9_1od_x1.0,seed_best.csv,D:\PSPS\runs_D_k9_1od_x1.0\analysis\seed_best.csv,mutation,4,12,11,D:\PSPS\runs_D_k9_1od_x1.0\mutation_seed4\g012_i011,2000,1029672.0,514.836,705899.1999999989,477239.0,4413729.439999901,4.286539247449577,,9,"-E21,-E39,-E46,E14,E28,E30,E45,E63,E9",OK,,,,,,,True
D_k9_1od_x1.0,seed_best.csv,D:\PSPS\runs_D_k9_1od_x1.0\analysis\seed_best.csv,mutation,5,1,9,D:\PSPS\runs_D_k9_1od_x1.0\mutation_seed5\g001_i009,2000,1017241.0,508.6205,691524.7700000005,468847.0,4436727.859999937,4.361530709045288,,7,"-E23,-E25,-E8,E15,E46,E57,E6",OK,,,,,,,True
D_k9_1od_x1.0,seed_best.csv,D:\PSPS\runs_D_k9_1od_x1.0\analysis\seed_best.csv,mutation,6,11,4,D:\PSPS\runs_D_k9_1od_x1.0\mutation_seed6\g011_i004,2000,1031676.0,515.838,706445.3599999998,477939.0,4429969.019999916,4.293953741290789,,9,"-E3,-E47,-E52,E12,E21,E28,E49,E62,E9",OK,,,,,,,True
D_k9_1od_x1.0,seed_best.csv,D:\PSPS\runs_D_k9_1od_x1.0\analysis\seed_best.csv,mutation,7,11,18,D:\PSPS\runs_D_k9_1od_x1.0\mutation_seed7\g011_i018,2000,1017907.0,508.9535,696157.1900000006,470912.0,4385614.249999908,4.308462610041888,,9,"-E12,-E32,-E35,-E39,-E8,E15,E28,E57,E9",OK,,,,,,,True
D_k9_1od_x1.0,seed_best.csv,D:\PSPS\runs_D_k9_1od_x1.0\analysis\seed_best.csv,mutation,8,6,12,D:\PSPS\runs_D_k9_1od_x1.0\mutation_seed8\g006_i012,2000,1030088.0,515.044,703529.9199999998,474796.0,4449471.759999932,4.319506449934308,,9,"-E14,-E20,-E35,-E39,-E47,-E50,E16,E4,E9",OK,,,,,,,True
D_k9_1od_x1.0,seed_best.csv,D:\PSPS\runs_D_k9_1od_x1.0\analysis\seed_best.csv,mutation,9,12,14,D:\PSPS\runs_D_k9_1od_x1.0\mutation_seed9\g012_i014,2000,1022371.0,511.1855,698689.8000000012,474196.0,4411272.599999912,4.314747386222724,,9,"-E27,-E45,-E50,E20,E28,E38,E43,E45,E9",OK,,,,,,,True
D_k9_1od_x1.0,seed_best.csv,D:\PSPS\runs_D_k9_1od_x1.0\analysis\seed_best.csv,none,0,11,15,D:\PSPS\runs_D_k9_1od_x1.0\none_seed0\g011_i015,2000,1022371.0,511.1855,698689.8000000012,474196.0,4411272.599999912,4.314747386222724,,9,"-E0,-E27,-E43,-E45,E28,E33,E34,E45,E9",OK,,,,,,,True
D_k9_1od_x1.0,seed_best.csv,D:\PSPS\runs_D_k9_1od_x1.0\analysis\seed_best.csv,none,1,2,22,D:\PSPS\runs_D_k9_1od_x1.0\none_seed1\g002_i022,2000,1025744.0,512.872,699387.1100000007,473135.0,4445112.5699999295,4.333549667363328,,9,"-E15,-E16,-E23,-E52,E32,E34,E45,E57,E9",OK,,,,,,,True
D_k9_1od_x1.0,seed_best.csv,D:\PSPS\runs_D_k9_1od_x1.0\analysis\seed_best.csv,none,2,11,15,D:\PSPS\runs_D_k9_1od_x1.0\none_seed2\g011_i015,2000,1026038.0,513.019,699878.1400000007,473376.0,4442074.379999932,4.329346846802879,,9,"-E16,-E21,-E63,E11,E2,E31,E45,E57,E9",OK,,,,,,,True
D_k9_1od_x1.0,seed_best.csv,D:\PSPS\runs_D_k9_1od_x1.0\analysis\seed_best.csv,none,3,7,7,D:\PSPS\runs_D_k9_1od_x1.0\none_seed3\g007_i007,2000,1031287.0,515.6435,705748.2900000003,478594.0,4437264.019999914,4.302647100176686,,9,"-E1,-E11,-E17,-E39,-E47,E29,E45,E53,E9",OK,,,,,,,True
D_k9_1od_x1.0,seed_best.csv,D:\PSPS\runs_D_k9_1od_x1.0\analysis\seed_best.csv,none,4,15,7,D:\PSPS\runs_D_k9_1od_x1.0\none_seed4\g015_i007,2000,1032631.0,516.3155,706292.8799999994,479277.0,4444607.54999992,4.304158552280456,,9,"-E12,-E28,-E30,E29,E32,E33,E45,E63,E9",OK,,,,,,,True
D_k9_1od_x1.0,seed_best.csv,D:\PSPS\runs_D_k9_1od_x1.0\analysis\seed_best.csv,none,5,1,9,D:\PSPS\runs_D_k9_1od_x1.0\none_seed5\g001_i009,2000,1017241.0,508.6205,691524.7700000005,468847.0,4436727.859999937,4.361530709045288,,7,"-E23,-E25,-E8,E15,E46,E57,E6",OK,,,,,,,True
D_k9_1od_x1.0,seed_best.csv,D:\PSPS\runs_D_k9_1od_x1.0\analysis\seed_best.csv,none,6,3,14,D:\PSPS\runs_D_k9_1od_x1.0\none_seed6\g003_i014,2000,1034043.0,517.0215,709115.7300000004,481986.0,4425861.319999916,4.280152101991808,,9,"-E39,-E4,-E47,-E5,E0,E12,E28,E3,E43",OK,,,,,,,True
D_k9_1od_x1.0,seed_best.csv,D:\PSPS\runs_D_k9_1od_x1.0\analysis\seed_best.csv,none,7,12,1,D:\PSPS\runs_D_k9_1od_x1.0\none_seed7\g012_i001,2000,1034991.0,517.4955,709538.7499999999,482254.0,4433514.659999936,4.283626292402481,,9,"-E1,-E38,-E58,E3,E33,E45,E5,E57,E9",OK,,,,,,,True
D_k9_1od_x1.0,seed_best.csv,D:\PSPS\runs_D_k9_1od_x1.0\analysis\seed_best.csv,none,8,11,15,D:\PSPS\runs_D_k9_1od_x1.0\none_seed8\g011_i015,2000,1034718.0,517.359,709537.2000000004,482892.0,4433350.559999897,4.284597890439614,,9,"-E1,-E12,-E23,-E43,-E44,E28,E4,E64,E9",OK,,,,,,,True
D_k9_1od_x1.0,seed_best.csv,D:\PSPS\runs_D_k9_1od_x1.0\analysis\seed_best.csv,none,9,10,19,D:\PSPS\runs_D_k9_1od_x1.0\none_seed9\g010_i019,2000,1025484.0,512.742,701498.5900000009,476059.0,4412480.449999929,4.302827201594496,,9,"-E17,-E28,-E3,-E45,-E7,E20,E25,E63,E9",OK,,,,,,,True
D_k9_1od_x1.2,seed_best.csv,D:\PSPS\runs_D_k9_1od_x1.2\analysis\seed_best.csv,both,0,10,1,D:\PSPS\runs_D_k9_1od_x1.2\both_seed0\g010_i001,2400,1243248.0,518.02,848163.9400000011,574312.0,5382318.97999996,4.329240006820812,,9,"-E23,-E25,-E43,E14,E41,E43,E47,E57,E9",OK,,,,,,,True
D_k9_1od_x1.2,seed_best.csv,D:\PSPS\runs_D_k9_1od_x1.2\analysis\seed_best.csv,both,1,12,23,D:\PSPS\runs_D_k9_1od_x1.2\both_seed1\g012_i023,2400,1239325.0,516.3854166666666,849877.1699999997,575373.0,5307745.659999916,4.282771395719377,,9,"-E28,-E39,-E8,E15,E19,E23,E26,E63,E9",OK,,,,,,,True
D_k9_1od_x1.2,seed_best.csv,D:\PSPS\runs_D_k9_1od_x1.2\analysis\seed_best.csv,both,2,8,16,D:\PSPS\runs_D_k9_1od_x1.2\both_seed2\g008_i016,2400,1244049.0,518.35375,852009.1999999989,577652.0,5342111.269999938,4.294132522111218,,9,"-E43,-E46,-E53,E26,E29,E3,E30,E39,E9",OK,,,,,,,True
D_k9_1od_x1.2,seed_best.csv,D:\PSPS\runs_D_k9_1od_x1.2\analysis\seed_best.csv,both,3,5,11,D:\PSPS\runs_D_k9_1od_x1.2\both_seed3\g005_i011,2400,1244049.0,518.35375,852009.1999999989,577652.0,5342111.269999938,4.294132522111218,,9,"-E21,-E53,E11,E17,E20,E26,E3,E58,E9",OK,,,,,,,True
D_k9_1od_x1.2,seed_best.csv,D:\PSPS\runs_D_k9_1od_x1.2\analysis\seed_best.csv,both,4,14,18,D:\PSPS\runs_D_k9_1od_x1.2\both_seed4\g014_i018,2400,1235767.0,514.9029166666667,835990.9399999998,563537.0,5440310.99999993,4.402376014248584,,9,"-E27,-E63,-E64,E10,E14,E21,E25,E43,E9",OK,,,,,,,True
D_k9_1od_x1.2,seed_best.csv,D:\PSPS\runs_D_k9_1od_x1.2\analysis\seed_best.csv,both,5,14,13,D:\PSPS\runs_D_k9_1od_x1.2\both_seed5\g014_i013,2400,1241306.0,517.2108333333333,852134.8000000005,579085.0,5306763.649999905,4.275145411365051,,9,"-E21,-E7,-E8,-E9,E15,E20,E28,E33,E9",OK,,,,,,,True
D_k9_1od_x1.2,seed_best.csv,D:\PSPS\runs_D_k9_1od_x1.2\analysis\seed_best.csv,both,6,7,16,D:\PSPS\runs_D_k9_1od_x1.2\both_seed6\g007_i016,2400,1240583.0,516.9095833333333,850058.6899999987,575943.0,5324050.959999912,4.2915717529580135,,9,"-E20,-E58,-E9,E21,E26,E28,E34,E45,E9",OK,,,,,,,True
D_k9_1od_x1.2,seed_best.csv,D:\PSPS\runs_D_k9_1od_x1.2\analysis\seed_best.csv,both,7,15,11,D:\PSPS\runs_D_k9_1od_x1.2\both_seed7\g015_i011,2400,1241306.0,517.2108333333333,852134.8000000005,579085.0,5306763.649999905,4.275145411365051,,9,"-E21,-E43,-E9,E23,E25,E28,E50,E64,E9",OK,,,,,,,True
D_k9_1od_x1.2,seed_best.csv,D:\PSPS\runs_D_k9_1od_x1.2\analysis\seed_best.csv,both,8,12,18,D:\PSPS\runs_D_k9_1od_x1.2\both_seed8\g012_i018,2400,1235767.0,514.9029166666667,835990.9399999998,563537.0,5440310.99999993,4.402376014248584,,9,"-E11,-E20,-E27,-E50,-E63,E10,E11,E21,E9",OK,,,,,,,True
D_k9_1od_x1.2,seed_best.csv,D:\PSPS\runs_D_k9_1od_x1.2\analysis\seed_best.csv,both,9,13,9,D:\PSPS\runs_D_k9_1od_x1.2\both_seed9\g013_i009,2400,1245008.0,518.7533333333333,856254.2599999978,581988.0,5298808.989999904,4.25604412983684,,9,"-E0,-E12,-E15,-E3,-E32,-E43,E28,E40,E9",OK,,,,,,,True
D_k9_1od_x1.2,seed_best.csv,D:\PSPS\runs_D_k9_1od_x1.2\analysis\seed_best.csv,init,0,3,10,D:\PSPS\runs_D_k9_1od_x1.2\init_seed0\g003_i010,2400,1238673.0,516.11375,853622.2300000008,577734.0,5251773.509999875,4.239838528812588,,9,"-E1,-E17,-E23,-E27,-E35,E12,E33,E45,E9",OK,,,,,,,True
D_k9_1od_x1.2,seed_best.csv,D:\PSPS\runs_D_k9_1od_x1.2\analysis\seed_best.csv,init,1,7,18,D:\PSPS\runs_D_k9_1od_x1.2\init_seed1\g007_i018,2400,1242176.0,517.5733333333334,852219.6299999983,577397.0,5315194.089999954,4.278938000734159,,9,"-E35,-E45,-E8,E16,E45,E50,E52,E57,E9",OK,,,,,,,True
D_k9_1od_x1.2,seed_best.csv,D:\PSPS\runs_D_k9_1od_x1.2\analysis\seed_best.csv,init,2,13,20,D:\PSPS\runs_D_k9_1od_x1.2\init_seed2\g013_i020,2400,1248087.0,520.03625,861011.649999999,583927.0,5277364.019999892,4.228362301666384,,9,"-E17,-E28,-E47,-E8,E14,E28,E43,E59,E9",OK,,,,,,,True
D_k9_1od_x1.2,seed_best.csv,D:\PSPS\runs_D_k9_1od_x1.2\analysis\seed_best.csv,init,3,7,1,D:\PSPS\runs_D_k9_1od_x1.2\init_seed3\g007_i001,2400,1240739.0,516.9745833333334,850883.9799999978,576799.0,5313570.569999944,4.282585273776308,,9,"-E12,-E20,-E35,-E64,E15,E20,E28,E29,E9",OK,,,,,,,True
D_k9_1od_x1.2,seed_best.csv,D:\PSPS\runs_D_k9_1od_x1.2\analysis\seed_best.csv,init,4,15,15,D:\PSPS\runs_D_k9_1od_x1.2\init_seed4\g015_i015,2400,1239077.0,516.2820833333334,850565.7400000013,576665.0,5295110.639999917,4.273431465518218,,9,"-E12,-E40,-E45,-E8,E12,E20,E23,E58,E9",OK,,,,,,,True
D_k9_1od_x1.2,seed_best.csv,D:\PSPS\runs_D_k9_1od_x1.2\analysis\seed_best.csv,init,5,2,3,D:\PSPS\runs_D_k9_1od_x1.2\init_seed5\g002_i003,2400,1240832.0,517.0133333333333,850852.2600000014,575913.0,5311937.239999968,4.280947976841319,,9,"-E4,-E45,E0,E27,E4,E43,E57,E6,E9",OK,,,,,,,True
D_k9_1od_x1.2,seed_best.csv,D:\PSPS\runs_D_k9_1od_x1.2\analysis\seed_best.csv,init,6,11,7,D:\PSPS\runs_D_k9_1od_x1.2\init_seed6\g011_i007,2400,1242179.0,517.5745833333333,853837.1199999999,578289.0,5292294.849999936,4.260492932178001,,9,"-E15,-E32,-E35,-E58,E45,E47,E49,E64,E9",OK,,,,,,,True
D_k9_1od_x1.2,seed_best.csv,D:\PSPS\runs_D_k9_1od_x1.2\analysis\seed_best.csv,init,7,6,5,D:\PSPS\runs_D_k9_1od_x1.2\init_seed7\g006_i005,2400,1245638.0,519.0158333333334,857402.8200000008,583763.0,5294223.079999892,4.250209996804764,,9,"-E0,-E19,-E4,-E53,E0,E23,E28,E41,E45",OK,,,,,,,True
D_k9_1od_x1.2,seed_best.csv,D:\PSPS\runs_D_k9_1od_x1.2\analysis\seed_best.csv,init,8,4,17,D:\PSPS\runs_D_k9_1od_x1.2\init_seed8\g004_i017,2400,1242537.0,517.72375,849972.8000000013,574016.0,5348705.69999993,4.304665132708266,,9,"-E11,-E35,-E43,E28,E34,E53,E59,E7,E9",OK,,,,,,,True
D_k9_1od_x1.2,seed_best.csv,D:\PSPS\runs_D_k9_1od_x1.2\analysis\seed_best.csv,init,9,5,13,D:\PSPS\runs_D_k9_1od_x1.2\init_seed9\g005_i013,2400,1239803.0,516.5845833333333,853754.1599999999,580864.0,5262308.929999929,4.244471847543464,,9,"-E29,-E32,-E40,-E45,-E46,-E64,E28,E57,E9",OK,,,,,,,True
D_k9_1od_x1.2,seed_best.csv,D:\PSPS\runs_D_k9_1od_x1.2\analysis\seed_best.csv,mutation,0,15,2,D:\PSPS\runs_D_k9_1od_x1.2\mutation_seed0\g015_i002,2400,1249035.0,520.43125,857425.0399999999,580158.0,5333998.459999962,4.270495590595909,,9,"-E11,-E21,-E30,E26,E31,E4,E46,E64,E9",OK,,,,,,,True
D_k9_1od_x1.2,seed_best.csv,D:\PSPS\runs_D_k9_1od_x1.2\analysis\seed_best.csv,mutation,1,13,18,D:\PSPS\runs_D_k9_1od_x1.2\mutation_seed1\g013_i018,2400,1244086.0,518.3691666666666,854028.3599999986,577276.0,5317676.44999991,4.274364031103887,,9,"-E28,-E47,E15,E26,E30,E43,E45,E53,E9",OK,,,,,,,True
D_k9_1od_x1.2,seed_best.csv,D:\PSPS\runs_D_k9_1od_x1.2\analysis\seed_best.csv,mutation,2,6,11,D:\PSPS\runs_D_k9_1od_x1.2\mutation_seed2\g006_i011,2400,1240462.0,516.8591666666666,844575.2699999979,569169.0,5389634.679999923,4.34486076961642,,9,"-E11,-E50,-E64,E10,E28,E29,E30,E45,E9",OK,,,,,,,True
D_k9_1od_x1.2,seed_best.csv,D:\PSPS\runs_D_k9_1od_x1.2\analysis\seed_best.csv,mutation,3,12,20,D:\PSPS\runs_D_k9_1od_x1.2\mutation_seed3\g012_i020,2400,1233045.0,513.76875,840533.6900000005,565483.0,5346081.659999922,4.335674415775516,,9,"-E21,-E23,-E9,E15,E16,E26,E27,E3,E9",OK,,,,,,,True
D_k9_1od_x1.2,seed_best.csv,D:\PSPS\runs_D_k9_1od_x1.2\analysis\seed_best.csv,mutation,4,11,8,D:\PSPS\runs_D_k9_1od_x1.2\mutation_seed4\g011_i008,2400,1235767.0,514.9029166666667,835990.9399999998,563537.0,5440310.99999993,4.402376014248584,,9,"-E11,-E30,-E38,E10,E20,E32,E34,E43,E9",OK,,,,,,,True
D_k9_1od_x1.2,seed_best.csv,D:\PSPS\runs_D_k9_1od_x1.2\analysis\seed_best.csv,mutation,5,2,22,D:\PSPS\runs_D_k9_1od_x1.2\mutation_seed5\g002_i022,2400,1246407.0,519.33625,850042.2800000003,575034.0,5399774.01999996,4.33227189834457,,9,"-E11,-E8,-E9,E20,E23,E26,E3,E45,E50",OK,,,,,,,True
D_k9_1od_x1.2,seed_best.csv,D:\PSPS\runs_D_k9_1od_x1.2\analysis\seed_best.csv,mutation,6,10,13,D:\PSPS\runs_D_k9_1od_x1.2\mutation_seed6\g010_i013,2400,1242612.0,517.755,854135.4400000012,580775.0,5297937.21999992,4.263549056342542,,9,"-E11,-E19,-E9,E11,E12,E28,E33,E53,E9",OK,,,,,,,True
D_k9_1od_x1.2,seed_best.csv,D:\PSPS\runs_D_k9_1od_x1.2\analysis\seed_best.csv,mutation,7,11,14,D:\PSPS\runs_D_k9_1od_x1.2\mutation_seed7\g011_i014,2400,1241306.0,517.2108333333333,852134.8000000005,579085.0,5306763.649999905,4.275145411365051,,9,"-E11,-E41,-E5,-E58,-E9,E28,E62,E64,E9",OK,,,,,,,True
D_k9_1od_x1.2,seed_best.csv,D:\PSPS\runs_D_k9_1od_x1.2\analysis\seed_best.csv,mutation,8,14,13,D:\PSPS\runs_D_k9_1od_x1.2\mutation_seed8\g014_i013,2400,1243183.0,517.9929166666667,842984.0199999982,568684.0,5446636.249999928,4.381202324999561,,9,"-E19,-E23,-E26,-E43,-E6,E10,E15,E29,E9",OK,,,,,,,True
D_k9_1od_x1.2,seed_best.csv,D:\PSPS\runs_D_k9_1od_x1.2\analysis\seed_best.csv,mutation,9,7,12,D:\PSPS\runs_D_k9_1od_x1.2\mutation_seed9\g007_i012,2400,1244992.0,518.7466666666667,850874.6099999994,577695.0,5368201.339999947,4.311836011797624,,9,"-E15,-E23,-E43,E23,E26,E3,E43,E45,E9",OK,,,,,,,True
D_k9_1od_x1.2,seed_best.csv,D:\PSPS\runs_D_k9_1od_x1.2\analysis\seed_best.csv,none,0,5,8,D:\PSPS\runs_D_k9_1od_x1.2\none_seed0\g005_i008,2400,1249773.0,520.73875,859696.6700000007,584029.0,5318058.099999914,4.255219227811701,,9,"-E15,-E17,-E9,E0,E1,E25,E4,E56,E9",OK,,,,,,,True
D_k9_1od_x1.2,seed_best.csv,D:\PSPS\runs_D_k9_1od_x1.2\analysis\seed_best.csv,none,1,15,8,D:\PSPS\runs_D_k9_1od_x1.2\none_seed1\g015_i008,2400,1237684.0,515.7016666666667,847572.8199999996,572407.0,5316796.779999927,4.295762714877082,,9,"-E0,-E28,-E31,-E46,-E63,E12,E20,E41,E9",OK,,,,,,,True
D_k9_1od_x1.2,seed_best.csv,D:\PSPS\runs_D_k9_1od_x1.2\analysis\seed_best.csv,none,2,8,2,D:\PSPS\runs_D_k9_1od_x1.2\none_seed2\g008_i002,2400,1242179.0,517.5745833333333,853837.1199999999,578289.0,5292294.849999936,4.260492932178001,,9,"-E1,-E38,-E52,E17,E34,E45,E47,E59,E9",OK,,,,,,,True
D_k9_1od_x1.2,seed_best.csv,D:\PSPS\runs_D_k9_1od_x1.2\analysis\seed_best.csv,none,3,2,16,D:\PSPS\runs_D_k9_1od_x1.2\none_seed3\g002_i016,2400,1245623.0,519.0095833333334,856046.1999999986,582246.0,5313207.979999928,4.26550246743993,,9,"-E12,-E15,-E23,-E4,E27,E28,E4,E45,E64",OK,,,,,,,True
D_k9_1od_x1.2,seed_best.csv,D:\PSPS\runs_D_k9_1od_x1.2\analysis\seed_best.csv,none,4,6,19,D:\PSPS\runs_D_k9_1od_x1.2\none_seed4\g006_i019,2400,1235767.0,514.9029166666667,835990.9399999998,563537.0,5440310.99999993,4.402376014248584,,9,"-E14,-E23,-E30,-E6,E10,E21,E32,E56,E9",OK,,,,,,,True
D_k9_1od_x1.2,seed_best.csv,D:\PSPS\runs_D_k9_1od_x1.2\analysis\seed_best.csv,none,5,14,9,D:\PSPS\runs_D_k9_1od_x1.2\none_seed5\g014_i009,2400,1248339.0,520.14125,857343.0699999994,581104.0,5328266.019999928,4.2682845124601,,9,"-E11,-E16,-E9,E32,E45,E49,E58,E59,E62",OK,,,,,,,True
D_k9_1od_x1.2,seed_best.csv,D:\PSPS\runs_D_k9_1od_x1.2\analysis\seed_best.csv,none,6,15,2,D:\PSPS\runs_D_k9_1od_x1.2\none_seed6\g015_i002,2400,1244841.0,518.68375,854865.4699999997,578559.0,5314244.369999918,4.2690145729453945,,9,"-E16,-E19,-E26,-E43,E11,E29,E45,E59,E9",OK,,,,,,,True
D_k9_1od_x1.2,seed_best.csv,D:\PSPS\runs_D_k9_1od_x1.2\analysis\seed_best.csv,none,7,14,1,D:\PSPS\runs_D_k9_1od_x1.2\none_seed7\g014_i001,2400,1227130.0,511.3041666666667,835140.6000000006,563475.0,5339805.0199999325,4.3514582970018925,,9,"-E11,-E40,-E45,-E50,-E64,-E7,E23,E6,E9",OK,,,,,,,True
D_k9_1od_x1.2,seed_best.csv,D:\PSPS\runs_D_k9_1od_x1.2\analysis\seed_best.csv,none,8,5,8,D:\PSPS\runs_D_k9_1od_x1.2\none_seed8\g005_i008,2400,1245595.0,518.9979166666667,857487.5099999999,580488.0,5291079.519999912,4.247832979419403,,9,"-E0,-E43,E11,E12,E31,E45,E47,E52,E9",OK,,,,,,,True
D_k9_1od_x1.2,seed_best.csv,D:\PSPS\runs_D_k9_1od_x1.2\analysis\seed_best.csv,none,9,12,1,D:\PSPS\runs_D_k9_1od_x1.2\none_seed9\g012_i001,2400,1240405.0,516.8354166666667,851321.68,578488.0,5305368.069999909,4.27712567266329,,9,"-E21,-E43,-E9,E11,E28,E43,E62,E64,E9",OK,,,,,,,True
D_k9_2od_x0.8,seed_best.csv,D:\PSPS\runs_D_k9_2od_x0.8\analysis\seed_best.csv,both,0,10,5,D:\PSPS\runs_D_k9_2od_x0.8\both_seed0\g010_i005,1600,1147131.0,716.956875,863210.8600000001,619056.0,3867755.299999965,3.371677079601166,,9,"-E3,-E30,-E7,-E8,E0,E11,E14,E21,E29",OK,,,,,,,True
D_k9_2od_x0.8,seed_best.csv,D:\PSPS\runs_D_k9_2od_x0.8\analysis\seed_best.csv,both,1,8,12,D:\PSPS\runs_D_k9_2od_x0.8\both_seed1\g008_i012,1600,1146968.0,716.855,862654.1999999997,616035.0,3869441.5899999696,3.37362645688456,,9,"-E19,-E20,-E29,-E30,-E6,E1,E21,E28,E31",OK,,,,,,,True
D_k9_2od_x0.8,seed_best.csv,D:\PSPS\runs_D_k9_2od_x0.8\analysis\seed_best.csv,both,2,12,11,D:\PSPS\runs_D_k9_2od_x0.8\both_seed2\g012_i011,1600,1142855.0,714.284375,856893.6099999995,613797.0,3895115.709999962,3.40823263668616,,9,"-E19,-E27,-E30,-E7,-E8,E12,E17,E26,E32",OK,,,,,,,True
D_k9_2od_x0.8,seed_best.csv,D:\PSPS\runs_D_k9_2od_x0.8\analysis\seed_best.csv,both,3,13,14,D:\PSPS\runs_D_k9_2od_x0.8\both_seed3\g013_i014,1600,1148012.0,717.5075,861869.2999999988,615897.0,3897944.739999958,3.395386755539104,,9,"-E21,-E23,-E47,-E5,-E8,E17,E21,E29,E31",OK,,,,,,,True
D_k9_2od_x0.8,seed_best.csv,D:\PSPS\runs_D_k9_2od_x0.8\analysis\seed_best.csv,both,4,4,22,D:\PSPS\runs_D_k9_2od_x0.8\both_seed4\g004_i022,1600,1147304.0,717.065,861229.4000000011,617004.0,3898302.009999966,3.397793444457585,,9,"-E23,-E28,-E8,E0,E11,E21,E25,E34,E41",OK,,,,,,,True
D_k9_2od_x0.8,seed_best.csv,D:\PSPS\runs_D_k9_2od_x0.8\analysis\seed_best.csv,both,5,7,22,D:\PSPS\runs_D_k9_2od_x0.8\both_seed5\g007_i022,1600,1147628.0,717.2675,861336.0399999996,617366.0,3898371.629999967,3.396894838745628,,9,"-E21,-E28,-E29,-E30,-E47,-E5,-E50,-E8,E23",OK,,,,,,,True
D_k9_2od_x0.8,seed_best.csv,D:\PSPS\runs_D_k9_2od_x0.8\analysis\seed_best.csv,both,6,13,7,D:\PSPS\runs_D_k9_2od_x0.8\both_seed6\g013_i007,1600,1145702.0,716.06375,860162.2900000012,615905.0,3889667.239999966,3.395007811804436,,9,"-E11,-E29,-E46,-E47,-E7,-E8,E12,E29,E30",OK,,,,,,,True
D_k9_2od_x0.8,seed_best.csv,D:\PSPS\runs_D_k9_2od_x0.8\analysis\seed_best.csv,both,7,6,17,D:\PSPS\runs_D_k9_2od_x0.8\both_seed7\g006_i017,1600,1151180.0,719.4875,864704.2899999995,618869.0,3900718.889999968,3.388452622526424,,9,"-E23,-E27,-E28,-E46,-E47,-E53,E43,E50,E53",OK,,,,,,,True
D_k9_2od_x0.8,seed_best.csv,D:\PSPS\runs_D_k9_2od_x0.8\analysis\seed_best.csv,both,8,7,4,D:\PSPS\runs_D_k9_2od_x0.8\both_seed8\g007_i004,1600,1147983.0,717.489375,860333.7900000013,616030.0,3915680.779999957,3.410922269754828,,9,"-E11,-E17,-E25,-E28,-E5,-E8,E47,E50,E53",OK,,,,,,,True
D_k9_2od_x0.8,seed_best.csv,D:\PSPS\runs_D_k9_2od_x0.8\analysis\seed_best.csv,both,9,4,7,D:\PSPS\runs_D_k9_2od_x0.8\both_seed9\g004_i007,1600,1145832.0,716.145,859076.2500000008,616543.0,3905550.5799999614,3.408484472418261,,9,"-E16,-E25,-E52,-E6,-E8,E11,E27,E47,E53",OK,,,,,,,True
D_k9_2od_x0.8,seed_best.csv,D:\PSPS\runs_D_k9_2od_x0.8\analysis\seed_best.csv,init,0,10,11,D:\PSPS\runs_D_k9_2od_x0.8\init_seed0\g010_i011,1600,1150036.0,718.7725,863141.27,619520.0,3907974.1399999727,3.3981320063023874,,9,"-E19,-E5,-E7,E12,E27,E28,E3,E30,E57",OK,,,,,,,True
D_k9_2od_x0.8,seed_best.csv,D:\PSPS\runs_D_k9_2od_x0.8\analysis\seed_best.csv,init,1,5,3,D:\PSPS\runs_D_k9_2od_x0.8\init_seed1\g005_i003,1600,1150489.0,719.055625,860132.1299999999,615096.0,3957978.829999951,3.440257864264631,,9,"-E29,-E53,-E6,-E64,E19,E29,E34,E45,E58",OK,,,,,,,True
D_k9_2od_x0.8,seed_best.csv,D:\PSPS\runs_D_k9_2od_x0.8\analysis\seed_best.csv,init,2,8,10,D:\PSPS\runs_D_k9_2od_x0.8\init_seed2\g008_i010,1600,1144918.0,715.57375,857458.9999999987,613751.0,3913612.879999962,3.418247315528241,,9,"-E29,-E30,-E31,-E35,-E50,E17,E26,E28,E45",OK,,,,,,,True
D_k9_2od_x0.8,seed_best.csv,D:\PSPS\runs_D_k9_2od_x0.8\analysis\seed_best.csv,init,3,3,12,D:\PSPS\runs_D_k9_2od_x0.8\init_seed3\g003_i012,1600,1151180.0,719.4875,864704.2899999995,618869.0,3900718.889999968,3.388452622526424,,9,"-E1,-E16,-E28,-E29,-E53,E32,E39,E56,E63",OK,,,,,,,True
D_k9_2od_x0.8,seed_best.csv,D:\PSPS\runs_D_k9_2od_x0.8\analysis\seed_best.csv,init,4,2,10,D:\PSPS\runs_D_k9_2od_x0.8\init_seed4\g002_i010,1600,1148012.0,717.5075,861869.2999999988,615897.0,3897944.739999958,3.395386755539104,,9,"-E1,-E15,-E23,-E27,-E29,-E8,E21,E30,E32",OK,,,,,,,True
D_k9_2od_x0.8,seed_best.csv,D:\PSPS\runs_D_k9_2od_x0.8\analysis\seed_best.csv,init,5,2,12,D:\PSPS\runs_D_k9_2od_x0.8\init_seed5\g002_i012,1600,1152232.0,720.145,866240.0000000009,619083.0,3893759.059999978,3.3793186268043054,,9,"-E15,-E3,-E32,-E4,E11,E21,E28,E34,E41",OK,,,,,,,True
D_k9_2od_x0.8,seed_best.csv,D:\PSPS\runs_D_k9_2od_x0.8\analysis\seed_best.csv,init,6,5,1,D:\PSPS\runs_D_k9_2od_x0.8\init_seed6\g005_i001,1600,1148012.0,717.5075,861869.2999999988,615897.0,3897944.739999958,3.395386755539104,,9,"-E23,-E26,-E27,-E5,-E8,E14,E16,E21,E33",OK,,,,,,,True
D_k9_2od_x0.8,seed_best.csv,D:\PSPS\runs_D_k9_2od_x0.8\analysis\seed_best.csv,init,7,8,7,D:\PSPS\runs_D_k9_2od_x0.8\init_seed7\g008_i007,1600,1147624.0,717.265,862176.3099999995,617953.0,3890328.5499999616,3.389898215791898,,9,"-E23,-E28,-E35,-E58,-E64,-E8,E45,E47,E49",OK,,,,,,,True
D_k9_2od_x0.8,seed_best.csv,D:\PSPS\runs_D_k9_2od_x0.8\analysis\seed_best.csv,init,8,6,4,D:\PSPS\runs_D_k9_2od_x0.8\init_seed8\g006_i004,1600,1146548.0,716.5925,860217.0300000015,615913.0,3897443.099999959,3.3992847224886864,,9,"-E19,-E58,E19,E28,E3,E38,E41,E63,E9",OK,,,,,,,True
D_k9_2od_x0.8,seed_best.csv,D:\PSPS\runs_D_k9_2od_x0.8\analysis\seed_best.csv,init,9,2,12,D:\PSPS\runs_D_k9_2od_x0.8\init_seed9\g002_i012,1600,1146778.0,716.73625,859398.0099999997,615876.0,3917304.5099999686,3.415922270919017,,9,"-E29,-E3,-E5,-E8,E1,E28,E29,E34,E41",OK,,,,,,,True
D_k9_2od_x0.8,seed_best.csv,D:\PSPS\runs_D_k9_2od_x0.8\analysis\seed_best.csv,mutation,0,2,8,D:\PSPS\runs_D_k9_2od_x0.8\mutation_seed0\g002_i008,1600,1148012.0,717.5075,861869.2999999988,615897.0,3897944.739999958,3.395386755539104,,9,"-E12,-E19,-E30,-E47,-E8,E0,E21,E32,E50",OK,,,,,,,True
D_k9_2od_x0.8,seed_best.csv,D:\PSPS\runs_D_k9_2od_x0.8\analysis\seed_best.csv,mutation,1,13,21,D:\PSPS\runs_D_k9_2od_x0.8\mutation_seed1\g013_i021,1600,1148076.0,717.5475,861629.0799999995,617504.0,3902705.799999956,3.399344468484626,,9,"-E14,-E15,-E23,-E28,-E3,-E8,E1,E11,E47",OK,,,,,,,True
D_k9_2od_x0.8,seed_best.csv,D:\PSPS\runs_D_k9_2od_x0.8\analysis\seed_best.csv,mutation,2,13,5,D:\PSPS\runs_D_k9_2od_x0.8\mutation_seed2\g013_i005,1600,1148012.0,717.5075,861869.2999999988,615897.0,3897944.739999958,3.395386755539104,,9,"-E17,-E3,-E46,-E8,E11,E14,E21,E57,E64",OK,,,,,,,True
D_k9_2od_x0.8,seed_best.csv,D:\PSPS\runs_D_k9_2od_x0.8\analysis\seed_best.csv,mutation,3,5,11,D:\PSPS\runs_D_k9_2od_x0.8\mutation_seed3\g005_i011,1600,1148012.0,717.5075,861869.2999999988,615897.0,3897944.739999958,3.395386755539104,,9,"-E26,-E27,-E5,-E50,-E8,E2,E21,E52,E63",OK,,,,,,,True
D_k9_2od_x0.8,seed_best.csv,D:\PSPS\runs_D_k9_2od_x0.8\analysis\seed_best.csv,mutation,4,8,15,D:\PSPS\runs_D_k9_2od_x0.8\mutation_seed4\g008_i015,1600,1145832.0,716.145,859076.2500000008,616543.0,3905550.5799999614,3.408484472418261,,9,"-E16,-E25,-E30,-E47,-E6,-E8,E27,E43,E47",OK,,,,,,,True
D_k9_2od_x0.8,seed_best.csv,D:\PSPS\runs_D_k9_2od_x0.8\analysis\seed_best.csv,mutation,5,9,18,D:\PSPS\runs_D_k9_2od_x0.8\mutation_seed5\g009_i018,1600,1149623.0,718.514375,862932.5900000007,617363.0,3902750.359999967,3.3948088721258767,,9,"-E16,-E21,-E32,-E46,-E64,-E8,E3,E63,E9",OK,,,,,,,True
D_k9_2od_x0.8,seed_best.csv,D:\PSPS\runs_D_k9_2od_x0.8\analysis\seed_best.csv,mutation,6,11,22,D:\PSPS\runs_D_k9_2od_x0.8\mutation_seed6\g011_i022,1600,1143764.0,714.8525,854279.5599999991,611547.0,3944029.329999948,3.4482894460744937,,9,"-E21,-E28,-E30,-E8,E23,E3,E31,E47,E5",OK,,,,,,,True
D_k9_2od_x0.8,seed_best.csv,D:\PSPS\runs_D_k9_2od_x0.8\analysis\seed_best.csv,mutation,7,11,17,D:\PSPS\runs_D_k9_2od_x0.8\mutation_seed7\g011_i017,1600,1145743.0,716.089375,855513.8299999994,611096.0,3953877.409999943,3.4509287073976824,,9,"-E30,-E64,-E7,E16,E19,E29,E31,E45,E52",OK,,,,,,,True
D_k9_2od_x0.8,seed_best.csv,D:\PSPS\runs_D_k9_2od_x0.8\analysis\seed_best.csv,mutation,8,15,4,D:\PSPS\runs_D_k9_2od_x0.8\mutation_seed8\g015_i004,1600,1145702.0,716.06375,860162.2900000012,615905.0,3889667.239999966,3.395007811804436,,9,"-E15,-E27,-E7,-E8,E0,E12,E30,E34,E47",OK,,,,,,,True
D_k9_2od_x0.8,seed_best.csv,D:\PSPS\runs_D_k9_2od_x0.8\analysis\seed_best.csv,mutation,9,14,20,D:\PSPS\runs_D_k9_2od_x0.8\mutation_seed9\g014_i020,1600,1147839.0,717.399375,862094.5000000002,616437.0,3890199.369999964,3.3891507171301587,,9,"-E30,-E47,-E53,-E6,E23,E29,E3,E63,E9",OK,,,,,,,True
D_k9_2od_x0.8,seed_best.csv,D:\PSPS\runs_D_k9_2od_x0.8\analysis\seed_best.csv,none,0,5,10,D:\PSPS\runs_D_k9_2od_x0.8\none_seed0\g005_i010,1600,1147493.0,717.183125,862179.3800000012,618530.0,3885230.249999968,3.38584222300264,,9,"-E12,-E27,-E44,-E52,-E53,-E8,E21,E26,E29",OK,,,,,,,True
D_k9_2od_x0.8,seed_best.csv,D:\PSPS\runs_D_k9_2od_x0.8\analysis\seed_best.csv,none,1,5,6,D:\PSPS\runs_D_k9_2od_x0.8\none_seed1\g005_i006,1600,1149623.0,718.514375,863959.4500000005,620155.0,3891628.309999964,3.3851343527399536,,9,"-E0,-E12,-E30,-E31,-E35,-E46,-E6,-E7,-E8",OK,,,,,,,True
D_k9_2od_x0.8,seed_best.csv,D:\PSPS\runs_D_k9_2od_x0.8\analysis\seed_best.csv,none,2,7,23,D:\PSPS\runs_D_k9_2od_x0.8\none_seed2\g007_i023,1600,1149785.0,718.615625,863213.2799999998,618290.0,3904201.249999968,3.39559243684686,,9,"-E0,-E46,E17,E21,E3,E38,E64,E7,E8",OK,,,,,,,True
D_k9_2od_x0.8,seed_best.csv,D:\PSPS\runs_D_k9_2od_x0.8\analysis\seed_best.csv,none,3,6,23,D:\PSPS\runs_D_k9_2od_x0.8\none_seed3\g006_i023,1600,1139905.0,712.440625,853999.7800000019,612336.0,3897307.299999952,3.418975528662434,,9,"-E27,-E50,-E58,E1,E19,E21,E28,E45,E62",OK,,,,,,,True
D_k9_2od_x0.8,seed_best.csv,D:\PSPS\runs_D_k9_2od_x0.8\analysis\seed_best.csv,none,4,6,4,D:\PSPS\runs_D_k9_2od_x0.8\none_seed4\g006_i004,1600,1148605.0,717.878125,863713.0599999994,618845.0,3880546.4199999617,3.378486442249478,,9,"-E19,-E38,-E39,-E4,-E7,-E8,E32,E38,E45",OK,,,,,,,True
D_k9_2od_x0.8,seed_best.csv,D:\PSPS\runs_D_k9_2od_x0.8\analysis\seed_best.csv,none,5,15,20,D:\PSPS\runs_D_k9_2od_x0.8\none_seed5\g015_i020,1600,1150282.0,718.92625,865741.7099999987,619798.0,3875620.479999962,3.369278559518415,,9,"-E15,-E50,-E52,-E8,E21,E26,E47,E64,E8",OK,,,,,,,True
D_k9_2od_x0.8,seed_best.csv,D:\PSPS\runs_D_k9_2od_x0.8\analysis\seed_best.csv,none,6,8,23,D:\PSPS\runs_D_k9_2od_x0.8\none_seed6\g008_i023,1600,1146146.0,716.34125,862058.6299999998,618073.0,3868288.0899999607,3.375039558660032,,9,"-E3,-E39,-E46,-E8,E14,E28,E4,E52,E9",OK,,,,,,,True
D_k9_2od_x0.8,seed_best.csv,D:\PSPS\runs_D_k9_2od_x0.8\analysis\seed_best.csv,none,7,11,22,D:\PSPS\runs_D_k9_2od_x0.8\none_seed7\g011_i022,1600,1151894.0,719.93375,860217.9800000009,615115.0,3973635.299999952,3.4496536139609653,,9,"-E25,-E39,-E43,-E53,E11,E19,E26,E33,E5",OK,,,,,,,True
D_k9_2od_x0.8,seed_best.csv,D:\PSPS\runs_D_k9_2od_x0.8\analysis\seed_best.csv,none,8,2,6,D:\PSPS\runs_D_k9_2od_x0.8\none_seed8\g002_i006,1600,1153577.0,720.985625,863485.4999999987,617588.0,3952293.039999971,3.426119834219971,,9,"-E1,-E15,-E23,-E3,-E31,-E50,E53,E56,E8",OK,,,,,,,True
D_k9_2od_x0.8,seed_best.csv,D:\PSPS\runs_D_k9_2od_x0.8\analysis\seed_best.csv,none,9,10,7,D:\PSPS\runs_D_k9_2od_x0.8\none_seed9\g010_i007,1600,1150865.0,719.290625,867188.2700000004,620898.0,3863885.839999971,3.3573754002424017,,9,"-E12,-E16,-E6,-E7,-E8,E21,E38,E52,E63",OK,,,,,,,True
D_k9_2od_x1.0,seed_best.csv,D:\PSPS\runs_D_k9_2od_x1.0\analysis\seed_best.csv,both,0,4,6,D:\PSPS\runs_D_k9_2od_x1.0\both_seed0\g004_i006,2000,1448687.0,724.3435,1086730.3699999985,774965.0,4922489.6199999405,3.3978972821595974,,9,"-E0,E19,E28,E33,E5,E58,E63,E7,E9",OK,,,,,,,True
D_k9_2od_x1.0,seed_best.csv,D:\PSPS\runs_D_k9_2od_x1.0\analysis\seed_best.csv,both,1,15,12,D:\PSPS\runs_D_k9_2od_x1.0\both_seed1\g015_i012,2000,1446749.0,723.3745,1084681.13,773157.0,4920708.719999965,3.401217985980958,,9,"-E11,-E14,E0,E25,E32,E40,E41,E5,E9",OK,,,,,,,True
D_k9_2od_x1.0,seed_best.csv,D:\PSPS\runs_D_k9_2od_x1.0\analysis\seed_best.csv,both,2,10,23,D:\PSPS\runs_D_k9_2od_x1.0\both_seed2\g010_i023,2000,1455425.0,727.7125,1097712.9500000002,785666.0,4861314.219999966,3.3401337890993807,,9,"-E21,-E32,-E6,-E9,E21,E23,E26,E28,E45",OK,,,,,,,True
D_k9_2od_x1.0,seed_best.csv,D:\PSPS\runs_D_k9_2od_x1.0\analysis\seed_best.csv,both,3,4,22,D:\PSPS\runs_D_k9_2od_x1.0\both_seed3\g004_i022,2000,1454883.0,727.4415,1095448.0499999996,783413.0,4885655.999999931,3.358109208781689,,9,"-E14,-E30,-E39,-E6,-E8,E32,E50,E52,E9",OK,,,,,,,True
D_k9_2od_x1.0,seed_best.csv,D:\PSPS\runs_D_k9_2od_x1.0\analysis\seed_best.csv,both,4,10,15,D:\PSPS\runs_D_k9_2od_x1.0\both_seed4\g010_i015,2000,1452208.0,726.104,1094758.749999999,782840.0,4860608.209999973,3.347046848660779,,9,"-E0,-E17,-E6,-E8,E23,E28,E4,E45,E57",OK,,,,,,,True
D_k9_2od_x1.0,seed_best.csv,D:\PSPS\runs_D_k9_2od_x1.0\analysis\seed_best.csv,both,5,15,7,D:\PSPS\runs_D_k9_2od_x1.0\both_seed5\g015_i007,2000,1454767.0,727.3835,1091973.9999999988,779448.0,4931639.389999944,3.3899857434214167,,9,"-E43,-E64,E0,E19,E43,E45,E56,E63,E9",OK,,,,,,,True
D_k9_2od_x1.0,seed_best.csv,D:\PSPS\runs_D_k9_2od_x1.0\analysis\seed_best.csv,both,6,5,18,D:\PSPS\runs_D_k9_2od_x1.0\both_seed6\g005_i018,2000,1461085.0,730.5425,1104604.7499999995,791306.0,4844046.089999959,3.315375963752936,,9,"-E0,-E21,-E31,-E52,E28,E41,E58,E63,E9",OK,,,,,,,True
D_k9_2od_x1.0,seed_best.csv,D:\PSPS\runs_D_k9_2od_x1.0\analysis\seed_best.csv,both,7,9,10,D:\PSPS\runs_D_k9_2od_x1.0\both_seed7\g009_i010,2000,1457030.0,728.515,1099056.59,787309.0,4864170.679999971,3.338414912527519,,9,"-E0,-E11,-E39,E11,E28,E39,E46,E63,E9",OK,,,,,,,True
D_k9_2od_x1.0,seed_best.csv,D:\PSPS\runs_D_k9_2od_x1.0\analysis\seed_best.csv,both,8,12,6,D:\PSPS\runs_D_k9_2od_x1.0\both_seed8\g012_i006,2000,1445308.0,722.654,1084494.4799999977,773027.0,4904063.059999938,3.393092032978395,,9,"-E14,-E8,E10,E11,E28,E45,E49,E58,E9",OK,,,,,,,True
D_k9_2od_x1.0,seed_best.csv,D:\PSPS\runs_D_k9_2od_x1.0\analysis\seed_best.csv,both,9,2,9,D:\PSPS\runs_D_k9_2od_x1.0\both_seed9\g002_i009,2000,1454629.0,727.3145,1097536.950000001,785142.0,4849308.319999965,3.333707990147292,,9,"-E19,-E20,-E30,-E4,-E58,-E6,E11,E21,E38",OK,,,,,,,True
D_k9_2od_x1.0,seed_best.csv,D:\PSPS\runs_D_k9_2od_x1.0\analysis\seed_best.csv,init,0,12,21,D:\PSPS\runs_D_k9_2od_x1.0\init_seed0\g012_i021,2000,1454885.0,727.4425,1098442.5399999998,787250.0,4845583.439999961,3.330561137134524,,9,"-E38,-E39,-E47,E19,E26,E28,E32,E33,E62",OK,,,,,,,True
D_k9_2od_x1.0,seed_best.csv,D:\PSPS\runs_D_k9_2od_x1.0\analysis\seed_best.csv,init,1,4,12,D:\PSPS\runs_D_k9_2od_x1.0\init_seed1\g004_i012,2000,1450472.0,725.236,1088273.9600000002,775203.0,4925834.619999962,3.3960218604702206,,9,"-E1,-E11,-E47,E19,E26,E29,E45,E5,E63",OK,,,,,,,True
D_k9_2od_x1.0,seed_best.csv,D:\PSPS\runs_D_k9_2od_x1.0\analysis\seed_best.csv,init,2,5,3,D:\PSPS\runs_D_k9_2od_x1.0\init_seed2\g005_i003,2000,1456820.0,728.41,1101491.7499999998,788371.0,4829394.329999968,3.3150247319503907,,9,"-E16,-E3,-E38,-E44,-E8,E12,E52,E62,E9",OK,,,,,,,True
D_k9_2od_x1.0,seed_best.csv,D:\PSPS\runs_D_k9_2od_x1.0\analysis\seed_best.csv,init,3,9,17,D:\PSPS\runs_D_k9_2od_x1.0\init_seed3\g009_i017,2000,1456960.0,728.48,1098423.3800000008,786250.0,4869523.399999973,3.3422492038216376,,9,"-E16,-E28,-E52,-E64,-E8,E26,E41,E50,E56",OK,,,,,,,True
D_k9_2od_x1.0,seed_best.csv,D:\PSPS\runs_D_k9_2od_x1.0\analysis\seed_best.csv,init,4,8,9,D:\PSPS\runs_D_k9_2od_x1.0\init_seed4\g008_i009,2000,1458661.0,729.3305,1097570.5299999996,784141.0,4904209.129999959,3.3621308378025865,,9,"-E14,-E5,-E52,-E7,-E9,E17,E25,E43,E45",OK,,,,,,,True
D_k9_2od_x1.0,seed_best.csv,D:\PSPS\runs_D_k9_2od_x1.0\analysis\seed_best.csv,init,5,5,23,D:\PSPS\runs_D_k9_2od_x1.0\init_seed5\g005_i023,2000,1457221.0,728.6105,1097502.7299999988,784454.0,4893929.759999947,3.3583991446732835,,9,"-E0,-E11,-E16,-E38,-E5,E19,E25,E38,E56",OK,,,,,,,True
D_k9_2od_x1.0,seed_best.csv,D:\PSPS\runs_D_k9_2od_x1.0\analysis\seed_best.csv,init,6,11,1,D:\PSPS\runs_D_k9_2od_x1.0\init_seed6\g011_i001,2000,1453503.0,726.7515,1096762.6700000018,783741.0,4849225.829999964,3.3362337951830603,,9,"-E17,-E43,-E50,-E7,-E8,E17,E34,E45,E59",OK,,,,,,,True
D_k9_2od_x1.0,seed_best.csv,D:\PSPS\runs_D_k9_2od_x1.0\analysis\seed_best.csv,init,7,14,22,D:\PSPS\runs_D_k9_2od_x1.0\init_seed7\g014_i022,2000,1450856.0,725.428,1087088.2799999986,773302.0,4942470.169999959,3.406589055013012,,9,"-E17,-E23,E10,E19,E34,E39,E41,E7,E9",OK,,,,,,,True
D_k9_2od_x1.0,seed_best.csv,D:\PSPS\runs_D_k9_2od_x1.0\analysis\seed_best.csv,init,8,9,23,D:\PSPS\runs_D_k9_2od_x1.0\init_seed8\g009_i023,2000,1452358.0,726.179,1095725.08,783924.0,4847284.879999967,3.33752757928828,,9,"-E15,-E16,-E30,-E31,-E4,E12,E2,E32,E8",OK,,,,,,,True
D_k9_2od_x1.0,seed_best.csv,D:\PSPS\runs_D_k9_2od_x1.0\analysis\seed_best.csv,init,9,1,16,D:\PSPS\runs_D_k9_2od_x1.0\init_seed9\g001_i016,2000,1456247.0,728.1235,1096808.0299999996,784724.0,4881771.109999953,3.3522960802665707,,6,"-E19,-E20,-E26,E10,E16,E26",OK,,,,,,,True
D_k9_2od_x1.0,seed_best.csv,D:\PSPS\runs_D_k9_2od_x1.0\analysis\seed_best.csv,mutation,0,12,19,D:\PSPS\runs_D_k9_2od_x1.0\mutation_seed0\g012_i019,2000,1453517.0,726.7585,1089445.6699999997,777349.0,4950067.469999929,3.40557934306921,,9,"-E26,-E27,-E50,-E9,E19,E32,E63,E7,E9",OK,,,,,,,True
D_k9_2od_x1.0,seed_best.csv,D:\PSPS\runs_D_k9_2od_x1.0\analysis\seed_best.csv,mutation,1,9,8,D:\PSPS\runs_D_k9_2od_x1.0\mutation_seed1\g009_i008,2000,1454340.0,727.17,1092440.3400000003,779238.0,4917273.909999951,3.381103393979365,,9,"-E47,-E52,-E53,E31,E41,E5,E56,E7,E9",OK,,,,,,,True
D_k9_2od_x1.0,seed_best.csv,D:\PSPS\runs_D_k9_2od_x1.0\analysis\seed_best.csv,mutation,2,11,1,D:\PSPS\runs_D_k9_2od_x1.0\mutation_seed2\g011_i001,2000,1450379.0,725.1895,1093433.8799999994,782826.0,4854560.529999956,3.347097917165069,,9,"-E11,-E35,-E38,-E47,-E6,-E8,E19,E28,E50",OK,,,,,,,True
D_k9_2od_x1.0,seed_best.csv,D:\PSPS\runs_D_k9_2od_x1.0\analysis\seed_best.csv,mutation,3,11,19,D:\PSPS\runs_D_k9_2od_x1.0\mutation_seed3\g011_i019,2000,1449483.0,724.7415,1092114.8399999992,779581.0,4858432.099999972,3.3518379311795803,,9,"-E52,-E53,E19,E31,E32,E45,E53,E62,E9",OK,,,,,,,True
D_k9_2od_x1.0,seed_best.csv,D:\PSPS\runs_D_k9_2od_x1.0\analysis\seed_best.csv,mutation,4,12,3,D:\PSPS\runs_D_k9_2od_x1.0\mutation_seed4\g012_i003,2000,1451667.0,725.8335,1093208.9000000004,782247.0,4873620.669999973,3.3572580144068667,,9,"-E50,-E8,E14,E16,E28,E31,E45,E57,E62",OK,,,,,,,True
D_k9_2od_x1.0,seed_best.csv,D:\PSPS\runs_D_k9_2od_x1.0\analysis\seed_best.csv,mutation,5,9,13,D:\PSPS\runs_D_k9_2od_x1.0\mutation_seed5\g009_i013,2000,1455408.0,727.704,1099810.2599999998,788344.0,4831545.969999969,3.319719260853293,,9,"-E38,-E39,-E4,-E6,-E8,E21,E25,E31,E9",OK,,,,,,,True
D_k9_2od_x1.0,seed_best.csv,D:\PSPS\runs_D_k9_2od_x1.0\analysis\seed_best.csv,mutation,6,10,17,D:\PSPS\runs_D_k9_2od_x1.0\mutation_seed6\g010_i017,2000,1460419.0,730.2095,1100636.33,786443.0,4892829.689999947,3.350291724498207,,9,"-E0,-E38,-E47,-E52,E19,E27,E62,E63,E64",OK,,,,,,,True
D_k9_2od_x1.0,seed_best.csv,D:\PSPS\runs_D_k9_2od_x1.0\analysis\seed_best.csv,mutation,7,15,20,D:\PSPS\runs_D_k9_2od_x1.0\mutation_seed7\g015_i020,2000,1451975.0,725.9875,1095860.0599999994,782942.0,4841630.899999967,3.3345139551300584,,9,"-E30,-E52,-E6,-E8,E19,E28,E41,E62,E9",OK,,,,,,,True
D_k9_2od_x1.0,seed_best.csv,D:\PSPS\runs_D_k9_2od_x1.0\analysis\seed_best.csv,mutation,8,8,18,D:\PSPS\runs_D_k9_2od_x1.0\mutation_seed8\g008_i018,2000,1455631.0,727.8155,1095046.35,781772.0,4901344.699999965,3.36716152651322,,9,"-E11,E19,E21,E31,E38,E41,E5,E50,E63",OK,,,,,,,True
D_k9_2od_x1.0,seed_best.csv,D:\PSPS\runs_D_k9_2od_x1.0\analysis\seed_best.csv,mutation,9,9,19,D:\PSPS\runs_D_k9_2od_x1.0\mutation_seed9\g009_i019,2000,1447508.0,723.754,1090685.820000001,780626.0,4847153.339999955,3.3486193789602234,,9,"-E11,-E15,-E64,E0,E28,E41,E45,E64,E9",OK,,,,,,,True
D_k9_2od_x1.0,seed_best.csv,D:\PSPS\runs_D_k9_2od_x1.0\analysis\seed_best.csv,none,0,2,7,D:\PSPS\runs_D_k9_2od_x1.0\none_seed0\g002_i007,2000,1458272.0,729.136,1099876.839999999,787336.0,4868652.209999988,3.3386447864321527,,9,"-E27,-E46,-E47,-E9,E21,E38,E40,E58,E9",OK,,,,,,,True
D_k9_2od_x1.0,seed_best.csv,D:\PSPS\runs_D_k9_2od_x1.0\analysis\seed_best.csv,none,1,10,3,D:\PSPS\runs_D_k9_2od_x1.0\none_seed1\g010_i003,2000,1449877.0,724.9385,1094266.660000001,783499.0,4835740.569999955,3.335276419999734,,9,"-E0,-E2,-E20,-E38,-E52,E19,E28,E29,E50",OK,,,,,,,True
D_k9_2od_x1.0,seed_best.csv,D:\PSPS\runs_D_k9_2od_x1.0\analysis\seed_best.csv,none,2,9,1,D:\PSPS\runs_D_k9_2od_x1.0\none_seed2\g009_i001,2000,1454629.0,727.3145,1097536.950000001,785142.0,4849308.319999965,3.333707990147292,,9,"-E11,-E30,-E4,-E6,E21,E31,E32,E4,E58",OK,,,,,,,True
D_k9_2od_x1.0,seed_best.csv,D:\PSPS\runs_D_k9_2od_x1.0\analysis\seed_best.csv,none,3,13,22,D:\PSPS\runs_D_k9_2od_x1.0\none_seed3\g013_i022,2000,1456715.0,728.3575,1096487.0299999998,784746.0,4899175.659999959,3.363166892631681,,9,"-E5,-E8,E15,E33,E45,E5,E53,E8,E9",OK,,,,,,,True
D_k9_2od_x1.0,seed_best.csv,D:\PSPS\runs_D_k9_2od_x1.0\analysis\seed_best.csv,none,4,13,19,D:\PSPS\runs_D_k9_2od_x1.0\none_seed4\g013_i019,2000,1455875.0,727.9375,1096093.4500000018,785162.0,4887769.679999988,3.357272897741899,,9,"-E17,-E23,-E25,-E27,-E6,-E7,-E8,E31,E57",OK,,,,,,,True
D_k9_2od_x1.0,seed_best.csv,D:\PSPS\runs_D_k9_2od_x1.0\analysis\seed_best.csv,none,5,5,9,D:\PSPS\runs_D_k9_2od_x1.0\none_seed5\g005_i009,2000,1455375.0,727.6875,1091275.2999999986,780294.0,4950441.089999951,3.401488338057168,,9,"-E3,-E52,E12,E26,E34,E49,E5,E53,E7",OK,,,,,,,True
D_k9_2od_x1.0,seed_best.csv,D:\PSPS\runs_D_k9_2od_x1.0\analysis\seed_best.csv,none,6,2,16,D:\PSPS\runs_D_k9_2od_x1.0\none_seed6\g002_i016,2000,1450958.0,725.479,1093615.57,780443.0,4853436.949999967,3.344987897651046,,9,"-E0,-E21,-E25,-E38,-E50,E21,E32,E33,E9",OK,,,,,,,True
D_k9_2od_x1.0,seed_best.csv,D:\PSPS\runs_D_k9_2od_x1.0\analysis\seed_best.csv,none,7,13,10,D:\PSPS\runs_D_k9_2od_x1.0\none_seed7\g013_i010,2000,1459454.0,729.727,1095772.8599999985,782964.0,4947010.62999996,3.389631074360658,,9,"-E52,E19,E23,E26,E28,E29,E45,E47,E59",OK,,,,,,,True
D_k9_2od_x1.0,seed_best.csv,D:\PSPS\runs_D_k9_2od_x1.0\analysis\seed_best.csv,none,8,11,14,D:\PSPS\runs_D_k9_2od_x1.0\none_seed8\g011_i014,2000,1455218.0,727.609,1096717.7199999995,783753.0,4876001.089999954,3.35070146878334,,9,"-E38,-E47,-E64,E14,E19,E24,E28,E30,E56",OK,,,,,,,True
D_k9_2od_x1.0,seed_best.csv,D:\PSPS\runs_D_k9_2od_x1.0\analysis\seed_best.csv,none,9,8,2,D:\PSPS\runs_D_k9_2od_x1.0\none_seed9\g008_i002,2000,1452084.0,726.042,1094537.08,783573.0,4858258.219999965,3.3457143112932624,,9,"-E1,-E29,-E46,-E8,E11,E29,E41,E56,E9",OK,,,,,,,True
D_k9_2od_x1.2,seed_best.csv,D:\PSPS\runs_D_k9_2od_x1.2\analysis\seed_best.csv,both,0,13,2,D:\PSPS\runs_D_k9_2od_x1.2\both_seed0\g013_i002,2400,1751292.0,729.705,1323081.7099999986,943104.0,5817562.759999995,3.3218690886499767,,9,"-E32,-E5,E15,E17,E26,E30,E4,E63,E9",OK,,,,,,,True
D_k9_2od_x1.2,seed_best.csv,D:\PSPS\runs_D_k9_2od_x1.2\analysis\seed_best.csv,both,1,15,8,D:\PSPS\runs_D_k9_2od_x1.2\both_seed1\g015_i008,2400,1756967.0,732.0695833333333,1329568.0199999954,952224.0,5809731.100000002,3.3066819695532144,,9,"-E1,-E32,-E43,-E44,-E6,E16,E28,E45,E9",OK,,,,,,,True
D_k9_2od_x1.2,seed_best.csv,D:\PSPS\runs_D_k9_2od_x1.2\analysis\seed_best.csv,both,2,8,21,D:\PSPS\runs_D_k9_2od_x1.2\both_seed2\g008_i021,2400,1755706.0,731.5441666666667,1326444.2299999988,948538.0,5835609.63,3.323796598063685,,9,"-E31,-E6,-E8,E11,E21,E31,E45,E53,E9",OK,,,,,,,True
D_k9_2od_x1.2,seed_best.csv,D:\PSPS\runs_D_k9_2od_x1.2\analysis\seed_best.csv,both,3,15,9,D:\PSPS\runs_D_k9_2od_x1.2\both_seed3\g015_i009,2400,1764207.0,735.08625,1331185.4099999976,952260.0,5886369.169999973,3.3365524397080235,,9,"-E12,-E43,E30,E31,E34,E45,E5,E53,E56",OK,,,,,,,True
D_k9_2od_x1.2,seed_best.csv,D:\PSPS\runs_D_k9_2od_x1.2\analysis\seed_best.csv,both,4,14,8,D:\PSPS\runs_D_k9_2od_x1.2\both_seed4\g014_i008,2400,1758818.0,732.8408333333333,1329558.3899999992,948001.0,5839261.859999973,3.3199920969651058,,9,"-E1,-E17,-E38,-E44,-E46,E0,E12,E19,E9",OK,,,,,,,True
D_k9_2od_x1.2,seed_best.csv,D:\PSPS\runs_D_k9_2od_x1.2\analysis\seed_best.csv,both,5,8,13,D:\PSPS\runs_D_k9_2od_x1.2\both_seed5\g008_i013,2400,1751292.0,729.705,1323081.7099999986,943104.0,5817562.759999995,3.3218690886499767,,9,"-E3,-E32,-E9,E17,E26,E31,E52,E63,E9",OK,,,,,,,True
D_k9_2od_x1.2,seed_best.csv,D:\PSPS\runs_D_k9_2od_x1.2\analysis\seed_best.csv,both,6,14,23,D:\PSPS\runs_D_k9_2od_x1.2\both_seed6\g014_i023,2400,1760632.0,733.5966666666667,1331230.26,950433.0,5834340.829999934,3.313776433689683,,9,"-E19,-E47,-E6,E0,E14,E21,E31,E4,E9",OK,,,,,,,True
D_k9_2od_x1.2,seed_best.csv,D:\PSPS\runs_D_k9_2od_x1.2\analysis\seed_best.csv,both,7,15,12,D:\PSPS\runs_D_k9_2od_x1.2\both_seed7\g015_i012,2400,1753751.0,730.7295833333334,1319286.9599999976,939416.0,5909978.6399999615,3.3699074954197954,,9,"-E12,-E3,-E64,E11,E19,E2,E45,E59,E9",OK,,,,,,,True
D_k9_2od_x1.2,seed_best.csv,D:\PSPS\runs_D_k9_2od_x1.2\analysis\seed_best.csv,both,8,9,6,D:\PSPS\runs_D_k9_2od_x1.2\both_seed8\g009_i006,2400,1761231.0,733.84625,1332561.000000003,954437.0,5825179.489999977,3.3074477396775195,,9,"-E23,-E28,-E4,-E7,E2,E26,E28,E32,E39",OK,,,,,,,True
D_k9_2od_x1.2,seed_best.csv,D:\PSPS\runs_D_k9_2od_x1.2\analysis\seed_best.csv,both,9,11,21,D:\PSPS\runs_D_k9_2od_x1.2\both_seed9\g011_i021,2400,1761520.0,733.9666666666667,1325681.9499999993,945776.0,5927229.539999971,3.364838060311533,,9,"-E27,-E46,-E52,E11,E19,E4,E63,E7,E9",OK,,,,,,,True
D_k9_2od_x1.2,seed_best.csv,D:\PSPS\runs_D_k9_2od_x1.2\analysis\seed_best.csv,init,0,15,10,D:\PSPS\runs_D_k9_2od_x1.2\init_seed0\g015_i010,2400,1761670.0,734.0291666666667,1333319.210000002,953972.0,5822577.580000008,3.305146582504105,,9,"-E11,-E20,-E43,-E64,-E8,E23,E28,E33,E59",OK,,,,,,,True
D_k9_2od_x1.2,seed_best.csv,D:\PSPS\runs_D_k9_2od_x1.2\analysis\seed_best.csv,init,1,11,20,D:\PSPS\runs_D_k9_2od_x1.2\init_seed1\g011_i020,2400,1762876.0,734.5316666666666,1331886.3200000017,954607.0,5858280.279999996,3.323138031262548,,9,"-E19,-E38,-E50,-E52,-E8,E12,E50,E52,E62",OK,,,,,,,True
D_k9_2od_x1.2,seed_best.csv,D:\PSPS\runs_D_k9_2od_x1.2\analysis\seed_best.csv,init,2,14,5,D:\PSPS\runs_D_k9_2od_x1.2\init_seed2\g014_i005,2400,1753088.0,730.4533333333334,1324696.939999997,946778.0,5828431.68999999,3.324665784033654,,9,"-E20,-E3,-E38,-E8,E19,E39,E62,E63,E9",OK,,,,,,,True
D_k9_2od_x1.2,seed_best.csv,D:\PSPS\runs_D_k9_2od_x1.2\analysis\seed_best.csv,init,3,13,20,D:\PSPS\runs_D_k9_2od_x1.2\init_seed3\g013_i020,2400,1761035.0,733.7645833333333,1329677.6100000013,950908.0,5866173.899999973,3.331094441620964,,9,"-E14,-E15,-E26,-E28,-E8,E50,E52,E7,E9",OK,,,,,,,True
D_k9_2od_x1.2,seed_best.csv,D:\PSPS\runs_D_k9_2od_x1.2\analysis\seed_best.csv,init,4,3,2,D:\PSPS\runs_D_k9_2od_x1.2\init_seed4\g003_i002,2400,1756607.0,731.9195833333333,1328899.5100000002,952503.0,5815806.15999998,3.310818048658567,,9,"-E27,-E38,-E39,-E44,-E8,E14,E19,E45,E49",OK,,,,,,,True
D_k9_2od_x1.2,seed_best.csv,D:\PSPS\runs_D_k9_2od_x1.2\analysis\seed_best.csv,init,5,12,5,D:\PSPS\runs_D_k9_2od_x1.2\init_seed5\g012_i005,2400,1757767.0,732.4029166666667,1329247.5100000033,950331.0,5821612.789999975,3.3119365592823025,,9,"-E11,-E19,-E32,-E58,-E6,-E8,E21,E46,E9",OK,,,,,,,True
D_k9_2od_x1.2,seed_best.csv,D:\PSPS\runs_D_k9_2od_x1.2\analysis\seed_best.csv,init,6,7,1,D:\PSPS\runs_D_k9_2od_x1.2\init_seed6\g007_i001,2400,1753825.0,730.7604166666666,1326542.8699999985,949050.0,5808073.669999996,3.311660895471325,,9,"-E16,-E27,-E30,-E5,-E8,E21,E4,E56,E9",OK,,,,,,,True
D_k9_2od_x1.2,seed_best.csv,D:\PSPS\runs_D_k9_2od_x1.2\analysis\seed_best.csv,init,7,14,13,D:\PSPS\runs_D_k9_2od_x1.2\init_seed7\g014_i013,2400,1763412.0,734.755,1334112.2500000002,956764.0,5835393.379999997,3.3091491835146845,,9,"-E38,-E39,-E47,-E7,-E9,E0,E12,E33,E50",OK,,,,,,,True
D_k9_2od_x1.2,seed_best.csv,D:\PSPS\runs_D_k9_2od_x1.2\analysis\seed_best.csv,init,8,8,6,D:\PSPS\runs_D_k9_2od_x1.2\init_seed8\g008_i006,2400,1753153.0,730.4804166666667,1322472.009999999,945010.0,5854611.840000021,3.3394756989264605,,9,"-E21,-E30,-E38,E17,E21,E6,E62,E64,E9",OK,,,,,,,True
D_k9_2od_x1.2,seed_best.csv,D:\PSPS\runs_D_k9_2od_x1.2\analysis\seed_best.csv,init,9,4,9,D:\PSPS\runs_D_k9_2od_x1.2\init_seed9\g004_i009,2400,1763609.0,734.8370833333333,1330227.8899999997,949918.0,5895393.209999966,3.342800592421544,,9,"-E28,-E52,-E53,-E8,E12,E14,E19,E28,E45",OK,,,,,,,True
D_k9_2od_x1.2,seed_best.csv,D:\PSPS\runs_D_k9_2od_x1.2\analysis\seed_best.csv,mutation,0,2,7,D:\PSPS\runs_D_k9_2od_x1.2\mutation_seed0\g002_i007,2400,1753825.0,730.7604166666666,1326542.8699999985,949050.0,5808073.669999996,3.311660895471325,,9,"-E27,-E43,-E46,-E8,E21,E32,E38,E53,E9",OK,,,,,,,True
D_k9_2od_x1.2,seed_best.csv,D:\PSPS\runs_D_k9_2od_x1.2\analysis\seed_best.csv,mutation,1,5,23,D:\PSPS\runs_D_k9_2od_x1.2\mutation_seed1\g005_i023,2400,1761594.0,733.9975,1330429.8299999968,950745.0,5858120.129999975,3.325465532920738,,9,"-E43,-E52,-E7,E10,E12,E14,E29,E50,E52",OK,,,,,,,True
D_k9_2od_x1.2,seed_best.csv,D:\PSPS\runs_D_k9_2od_x1.2\analysis\seed_best.csv,mutation,2,14,23,D:\PSPS\runs_D_k9_2od_x1.2\mutation_seed2\g014_i023,2400,1760323.0,733.4679166666666,1330111.0099999998,950235.0,5845967.219999984,3.320962811938481,,9,"-E0,-E39,-E52,-E53,E25,E50,E56,E57,E9",OK,,,,,,,True
D_k9_2od_x1.2,seed_best.csv,D:\PSPS\runs_D_k9_2od_x1.2\analysis\seed_best.csv,mutation,3,12,14,D:\PSPS\runs_D_k9_2od_x1.2\mutation_seed3\g012_i014,2400,1757767.0,732.4029166666667,1325289.290000003,948074.0,5878845.0200000005,3.3444961818033905,,9,"-E21,-E31,-E43,-E46,-E53,-E6,-E8,E32,E9",OK,,,,,,,True
D_k9_2od_x1.2,seed_best.csv,D:\PSPS\runs_D_k9_2od_x1.2\analysis\seed_best.csv,mutation,4,9,21,D:\PSPS\runs_D_k9_2od_x1.2\mutation_seed4\g009_i021,2400,1744260.0,726.775,1313496.6299999985,936778.0,5859708.499999991,3.3594237670989364,,9,"-E15,-E27,-E28,-E30,-E47,-E50,-E64,-E8,E45",OK,,,,,,,True
D_k9_2od_x1.2,seed_best.csv,D:\PSPS\runs_D_k9_2od_x1.2\analysis\seed_best.csv,mutation,5,3,10,D:\PSPS\runs_D_k9_2od_x1.2\mutation_seed5\g003_i010,2400,1758311.0,732.6295833333334,1327651.2800000014,949080.0,5855275.309999948,3.3300566907674174,,9,"-E1,-E29,-E31,-E4,E12,E26,E29,E34,E59",OK,,,,,,,True
D_k9_2od_x1.2,seed_best.csv,D:\PSPS\runs_D_k9_2od_x1.2\analysis\seed_best.csv,mutation,6,5,21,D:\PSPS\runs_D_k9_2od_x1.2\mutation_seed6\g005_i021,2400,1760106.0,733.3775,1325870.010000004,945810.0,5906030.739999975,3.355497191646398,,9,"-E12,-E19,-E3,-E7,E11,E19,E40,E45,E57",OK,,,,,,,True
D_k9_2od_x1.2,seed_best.csv,D:\PSPS\runs_D_k9_2od_x1.2\analysis\seed_best.csv,mutation,7,3,19,D:\PSPS\runs_D_k9_2od_x1.2\mutation_seed7\g003_i019,2400,1760538.0,733.5575,1331166.1999999995,950297.0,5836442.57999999,3.315147176601692,,9,"-E12,E12,E14,E19,E21,E29,E32,E33,E9",OK,,,,,,,True
D_k9_2od_x1.2,seed_best.csv,D:\PSPS\runs_D_k9_2od_x1.2\analysis\seed_best.csv,mutation,8,8,14,D:\PSPS\runs_D_k9_2od_x1.2\mutation_seed8\g008_i014,2400,1751292.0,729.705,1323081.7099999986,943104.0,5817562.759999995,3.3218690886499767,,9,"-E0,-E1,-E27,-E32,-E46,-E47,-E7,E26,E9",OK,,,,,,,True
D_k9_2od_x1.2,seed_best.csv,D:\PSPS\runs_D_k9_2od_x1.2\analysis\seed_best.csv,mutation,9,14,23,D:\PSPS\runs_D_k9_2od_x1.2\mutation_seed9\g014_i023,2400,1757964.0,732.485,1329124.5899999992,950752.0,5829647.760000006,3.316136030089357,,9,"-E30,-E5,-E8,E21,E29,E31,E52,E63,E9",OK,,,,,,,True
D_k9_2od_x1.2,seed_best.csv,D:\PSPS\runs_D_k9_2od_x1.2\analysis\seed_best.csv,none,0,11,18,D:\PSPS\runs_D_k9_2od_x1.2\none_seed0\g011_i018,2400,1756666.0,731.9441666666667,1329986.0099999993,950281.0,5798692.57999998,3.300964770764608,,9,"-E30,-E38,-E50,-E53,E11,E21,E38,E4,E9",OK,,,,,,,True
D_k9_2od_x1.2,seed_best.csv,D:\PSPS\runs_D_k9_2od_x1.2\analysis\seed_best.csv,none,1,3,15,D:\PSPS\runs_D_k9_2od_x1.2\none_seed1\g003_i015,2400,1754505.0,731.04375,1324820.3700000013,946897.0,5840527.130000001,3.328874599958393,,9,"-E30,-E5,-E52,-E8,E26,E28,E45,E49,E53",OK,,,,,,,True
D_k9_2od_x1.2,seed_best.csv,D:\PSPS\runs_D_k9_2od_x1.2\analysis\seed_best.csv,none,2,14,18,D:\PSPS\runs_D_k9_2od_x1.2\none_seed2\g014_i018,2400,1757943.0,732.47625,1329289.7599999986,950993.0,5825342.369999984,3.3137265372085354,,9,"-E1,-E11,-E27,-E52,E15,E25,E26,E62,E9",OK,,,,,,,True
D_k9_2od_x1.2,seed_best.csv,D:\PSPS\runs_D_k9_2od_x1.2\analysis\seed_best.csv,none,3,13,11,D:\PSPS\runs_D_k9_2od_x1.2\none_seed3\g013_i011,2400,1767105.0,736.29375,1336263.3199999975,955691.0,5854491.659999988,3.313041194496076,,9,"-E19,-E25,-E27,-E35,-E64,-E8,E16,E4,E64",OK,,,,,,,True
D_k9_2od_x1.2,seed_best.csv,D:\PSPS\runs_D_k9_2od_x1.2\analysis\seed_best.csv,none,4,5,23,D:\PSPS\runs_D_k9_2od_x1.2\none_seed4\g005_i023,2400,1750066.0,729.1941666666667,1325739.4299999997,947074.0,5765862.869999958,3.294654527314946,,9,"-E12,-E9,E16,E21,E28,E39,E41,E56,E9",OK,,,,,,,True
D_k9_2od_x1.2,seed_best.csv,D:\PSPS\runs_D_k9_2od_x1.2\analysis\seed_best.csv,none,5,12,1,D:\PSPS\runs_D_k9_2od_x1.2\none_seed5\g012_i001,2400,1758887.0,732.8695833333334,1328632.6999999995,949684.0,5849409.179999997,3.32563102689371,,9,"-E17,-E27,-E58,-E7,-E8,E26,E33,E56,E62",OK,,,,,,,True
D_k9_2od_x1.2,seed_best.csv,D:\PSPS\runs_D_k9_2od_x1.2\analysis\seed_best.csv,none,6,10,7,D:\PSPS\runs_D_k9_2od_x1.2\none_seed6\g010_i007,2400,1769681.0,737.3670833333333,1334985.9399999997,953288.0,5909531.209999945,3.339320029994075,,9,"-E1,-E14,-E44,-E5,-E50,-E64,E12,E27,E9",OK,,,,,,,True
D_k9_2od_x1.2,seed_best.csv,D:\PSPS\runs_D_k9_2od_x1.2\analysis\seed_best.csv,none,7,15,14,D:\PSPS\runs_D_k9_2od_x1.2\none_seed7\g015_i014,2400,1762259.0,734.2745833333333,1325795.639999999,944935.0,5934095.949999979,3.3673233900351645,,9,"-E1,-E19,-E30,-E39,E11,E19,E4,E41,E45",OK,,,,,,,True
D_k9_2od_x1.2,seed_best.csv,D:\PSPS\runs_D_k9_2od_x1.2\analysis\seed_best.csv,none,8,11,19,D:\PSPS\runs_D_k9_2od_x1.2\none_seed8\g011_i019,2400,1753583.0,730.6595833333333,1324793.5000000035,948815.0,5831966.289999986,3.325742944588301,,9,"-E16,-E20,-E23,-E6,E17,E19,E26,E62,E9",OK,,,,,,,True
D_k9_2od_x1.2,seed_best.csv,D:\PSPS\runs_D_k9_2od_x1.2\analysis\seed_best.csv,none,9,13,4,D:\PSPS\runs_D_k9_2od_x1.2\none_seed9\g013_i004,2400,1759334.0,733.0558333333333,1328575.7299999988,950055.0,5853135.510000011,3.3269041068950016,,9,"-E20,-E25,-E35,-E43,-E46,-E52,E14,E45,E53",OK,,,,,,,True
D_k9_3od_x0.8,seed_best.csv,D:\PSPS\runs_D_k9_3od_x0.8\analysis\seed_best.csv,both,0,9,1,D:\PSPS\runs_D_k9_3od_x0.8\both_seed0\g009_i001,1600,780931.0,488.081875,527049.9899999993,375646.0,3460125.519999976,4.430769837540033,,9,"-E32,-E46,-E8,E30,E4,E49,E56,E6,E9",OK,,,,,,,True
D_k9_3od_x0.8,seed_best.csv,D:\PSPS\runs_D_k9_3od_x0.8\analysis\seed_best.csv,both,1,14,13,D:\PSPS\runs_D_k9_3od_x0.8\both_seed1\g014_i013,1600,778286.0,486.42875,524862.5899999999,374584.0,3456794.3099999805,4.441547593044177,,9,"-E1,-E15,-E46,-E7,E0,E19,E25,E45,E9",OK,,,,,,,True
D_k9_3od_x0.8,seed_best.csv,D:\PSPS\runs_D_k9_3od_x0.8\analysis\seed_best.csv,both,2,14,20,D:\PSPS\runs_D_k9_3od_x0.8\both_seed2\g014_i020,1600,790729.0,494.205625,533628.4299999996,382313.0,3505029.979999969,4.432656422111708,,9,"-E14,-E27,-E45,-E64,E23,E25,E49,E56,E7",OK,,,,,,,True
D_k9_3od_x0.8,seed_best.csv,D:\PSPS\runs_D_k9_3od_x0.8\analysis\seed_best.csv,both,3,6,13,D:\PSPS\runs_D_k9_3od_x0.8\both_seed3\g006_i013,1600,793398.0,495.87375,537424.7699999992,384045.0,3488860.579999977,4.397364979493239,,9,"-E20,-E27,-E28,-E5,-E64,E30,E49,E6,E9",OK,,,,,,,True
D_k9_3od_x0.8,seed_best.csv,D:\PSPS\runs_D_k9_3od_x0.8\analysis\seed_best.csv,both,4,4,1,D:\PSPS\runs_D_k9_3od_x0.8\both_seed4\g004_i001,1600,791221.0,494.513125,535882.3199999996,383492.0,3481746.719999973,4.400473091588789,,9,"-E17,-E26,-E27,-E5,-E64,E0,E6,E7,E9",OK,,,,,,,True
D_k9_3od_x0.8,seed_best.csv,D:\PSPS\runs_D_k9_3od_x0.8\analysis\seed_best.csv,both,5,4,6,D:\PSPS\runs_D_k9_3od_x0.8\both_seed5\g004_i006,1600,796296.0,497.685,539120.3000000006,386597.0,3506639.0699999654,4.403687912534994,,9,"-E19,-E26,-E27,-E28,-E5,E2,E30,E63,E7",OK,,,,,,,True
D_k9_3od_x0.8,seed_best.csv,D:\PSPS\runs_D_k9_3od_x0.8\analysis\seed_best.csv,both,6,8,9,D:\PSPS\runs_D_k9_3od_x0.8\both_seed6\g008_i009,1600,799808.0,499.88,542774.3100000011,388648.0,3504208.119999972,4.381311664799517,,9,"-E14,-E26,-E27,-E7,E1,E15,E4,E7,E9",OK,,,,,,,True
D_k9_3od_x0.8,seed_best.csv,D:\PSPS\runs_D_k9_3od_x0.8\analysis\seed_best.csv,both,7,10,10,D:\PSPS\runs_D_k9_3od_x0.8\both_seed7\g010_i010,1600,779661.0,487.288125,526805.0400000004,376153.0,3446290.7099999706,4.420242528483495,,9,"-E12,-E32,-E8,E25,E30,E31,E32,E6,E9",OK,,,,,,,True
D_k9_3od_x0.8,seed_best.csv,D:\PSPS\runs_D_k9_3od_x0.8\analysis\seed_best.csv,both,8,13,22,D:\PSPS\runs_D_k9_3od_x0.8\both_seed8\g013_i022,1600,793109.0,495.693125,532101.4000000007,380173.0,3558223.0799999703,4.486423782859569,,9,"-E28,-E46,-E5,-E52,E34,E52,E57,E7,E9",OK,,,,,,,True
D_k9_3od_x0.8,seed_best.csv,D:\PSPS\runs_D_k9_3od_x0.8\analysis\seed_best.csv,both,9,3,3,D:\PSPS\runs_D_k9_3od_x0.8\both_seed9\g003_i003,1600,788522.0,492.82625,533376.1699999996,381792.0,3476509.4999999763,4.408893474119906,,9,"-E27,-E35,-E46,-E58,-E64,-E7,E21,E30,E7",OK,,,,,,,True
D_k9_3od_x0.8,seed_best.csv,D:\PSPS\runs_D_k9_3od_x0.8\analysis\seed_best.csv,init,0,13,21,D:\PSPS\runs_D_k9_3od_x0.8\init_seed0\g013_i021,1600,791863.0,494.914375,534131.0999999995,381298.0,3511919.509999968,4.435008972511619,,9,"-E16,-E40,-E43,E25,E26,E31,E34,E50,E9",OK,,,,,,,True
D_k9_3od_x0.8,seed_best.csv,D:\PSPS\runs_D_k9_3od_x0.8\analysis\seed_best.csv,init,1,9,8,D:\PSPS\runs_D_k9_3od_x0.8\init_seed1\g009_i008,1600,784280.0,490.175,528346.4299999999,377898.0,3489916.5499999747,4.449834944152566,,9,"-E21,-E25,-E6,-E64,-E8,E2,E5,E58,E7",OK,,,,,,,True
D_k9_3od_x0.8,seed_best.csv,D:\PSPS\runs_D_k9_3od_x0.8\analysis\seed_best.csv,init,2,14,2,D:\PSPS\runs_D_k9_3od_x0.8\init_seed2\g014_i002,1600,792814.0,495.50875,535384.8,383473.0,3507068.0099999686,4.423569727577929,,9,"-E17,-E35,-E39,-E44,E17,E3,E33,E47,E7",OK,,,,,,,True
D_k9_3od_x0.8,seed_best.csv,D:\PSPS\runs_D_k9_3od_x0.8\analysis\seed_best.csv,init,3,12,10,D:\PSPS\runs_D_k9_3od_x0.8\init_seed3\g012_i010,1600,787052.0,491.9075,532182.6599999993,382461.0,3475327.949999979,4.41562685819994,,9,"-E21,-E3,-E47,E15,E34,E43,E58,E62,E7",OK,,,,,,,True
D_k9_3od_x0.8,seed_best.csv,D:\PSPS\runs_D_k9_3od_x0.8\analysis\seed_best.csv,init,4,7,7,D:\PSPS\runs_D_k9_3od_x0.8\init_seed4\g007_i007,1600,793628.0,496.0175,539778.8199999996,385185.0,3457832.4599999883,4.356994032468598,,9,"-E15,-E44,-E46,-E58,E3,E45,E49,E53,E9",OK,,,,,,,True
D_k9_3od_x0.8,seed_best.csv,D:\PSPS\runs_D_k9_3od_x0.8\analysis\seed_best.csv,init,5,8,21,D:\PSPS\runs_D_k9_3od_x0.8\init_seed5\g008_i021,1600,778441.0,486.525625,524566.0999999996,374366.0,3459869.5799999745,4.444613760066562,,9,"-E11,-E19,-E52,E11,E19,E25,E33,E50,E9",OK,,,,,,,True
D_k9_3od_x0.8,seed_best.csv,D:\PSPS\runs_D_k9_3od_x0.8\analysis\seed_best.csv,init,6,6,14,D:\PSPS\runs_D_k9_3od_x0.8\init_seed6\g006_i014,1600,787258.0,492.03625,534353.7099999993,382382.0,3448789.1699999613,4.380761033866866,,9,"-E20,-E21,-E35,-E5,E14,E2,E28,E47,E7",OK,,,,,,,True
D_k9_3od_x0.8,seed_best.csv,D:\PSPS\runs_D_k9_3od_x0.8\analysis\seed_best.csv,init,7,8,19,D:\PSPS\runs_D_k9_3od_x0.8\init_seed7\g008_i019,1600,793150.0,495.71875,534545.5800000003,382814.0,3528329.7099999646,4.448502439639368,,9,"-E11,-E2,-E20,-E3,E15,E19,E46,E7,E9",OK,,,,,,,True
D_k9_3od_x0.8,seed_best.csv,D:\PSPS\runs_D_k9_3od_x0.8\analysis\seed_best.csv,init,8,9,5,D:\PSPS\runs_D_k9_3od_x0.8\init_seed8\g009_i005,1600,784255.0,490.159375,528409.3400000002,376635.0,3488823.729999967,4.448583343427797,,9,"-E3,-E6,-E8,E19,E23,E32,E47,E59,E7",OK,,,,,,,True
D_k9_3od_x0.8,seed_best.csv,D:\PSPS\runs_D_k9_3od_x0.8\analysis\seed_best.csv,init,9,15,14,D:\PSPS\runs_D_k9_3od_x0.8\init_seed9\g015_i014,1600,801117.0,500.698125,544885.0999999997,389387.0,3496302.9499999746,4.364285054492633,,9,"-E14,-E28,-E35,-E39,-E9,E39,E56,E7,E9",OK,,,,,,,True
D_k9_3od_x0.8,seed_best.csv,D:\PSPS\runs_D_k9_3od_x0.8\analysis\seed_best.csv,mutation,0,9,7,D:\PSPS\runs_D_k9_3od_x0.8\mutation_seed0\g009_i007,1600,789059.0,493.161875,532609.63,380514.0,3496644.269999966,4.431410414176844,,9,"-E1,-E28,-E4,-E45,-E46,-E7,E25,E58,E7",OK,,,,,,,True
D_k9_3od_x0.8,seed_best.csv,D:\PSPS\runs_D_k9_3od_x0.8\analysis\seed_best.csv,mutation,1,13,16,D:\PSPS\runs_D_k9_3od_x0.8\mutation_seed1\g013_i016,1600,788379.0,492.736875,532741.3200000013,380677.0,3486313.3099999744,4.422128582826248,,9,"-E26,-E28,-E45,-E46,-E7,E19,E34,E49,E7",OK,,,,,,,True
D_k9_3od_x0.8,seed_best.csv,D:\PSPS\runs_D_k9_3od_x0.8\analysis\seed_best.csv,mutation,2,13,5,D:\PSPS\runs_D_k9_3od_x0.8\mutation_seed2\g013_i005,1600,778926.0,486.82875,523102.7700000002,371456.0,3489168.1999999746,4.479460436549781,,9,"-E12,-E46,E1,E2,E4,E56,E6,E64,E9",OK,,,,,,,True
D_k9_3od_x0.8,seed_best.csv,D:\PSPS\runs_D_k9_3od_x0.8\analysis\seed_best.csv,mutation,3,4,3,D:\PSPS\runs_D_k9_3od_x0.8\mutation_seed3\g004_i003,1600,792586.0,495.36625,533950.8699999999,381949.0,3522787.009999975,4.444674786079965,,9,"-E26,-E28,-E40,E14,E26,E4,E52,E56,E9",OK,,,,,,,True
D_k9_3od_x0.8,seed_best.csv,D:\PSPS\runs_D_k9_3od_x0.8\analysis\seed_best.csv,mutation,4,10,23,D:\PSPS\runs_D_k9_3od_x0.8\mutation_seed4\g010_i023,1600,783536.0,489.71,528628.3299999995,376333.0,3475015.689999977,4.435042793183692,,9,"-E12,-E15,-E27,-E45,-E52,-E8,E25,E53,E7",OK,,,,,,,True
D_k9_3od_x0.8,seed_best.csv,D:\PSPS\runs_D_k9_3od_x0.8\analysis\seed_best.csv,mutation,5,15,13,D:\PSPS\runs_D_k9_3od_x0.8\mutation_seed5\g015_i013,1600,794291.0,496.431875,540720.0799999996,386389.0,3455806.3499999787,4.3508063795258645,,9,"-E12,-E14,-E5,-E8,E30,E31,E4,E6,E9",OK,,,,,,,True
D_k9_3od_x0.8,seed_best.csv,D:\PSPS\runs_D_k9_3od_x0.8\analysis\seed_best.csv,mutation,6,10,14,D:\PSPS\runs_D_k9_3od_x0.8\mutation_seed6\g010_i014,1600,779661.0,487.288125,526805.0400000004,376153.0,3446290.7099999706,4.420242528483495,,9,"-E27,-E32,-E7,-E8,E25,E56,E6,E64,E9",OK,,,,,,,True
D_k9_3od_x0.8,seed_best.csv,D:\PSPS\runs_D_k9_3od_x0.8\analysis\seed_best.csv,mutation,7,7,3,D:\PSPS\runs_D_k9_3od_x0.8\mutation_seed7\g007_i003,1600,781925.0,488.703125,526249.5700000002,375529.0,3484833.659999982,4.456736464494654,,9,"-E17,-E35,-E45,-E50,E11,E21,E30,E7,E9",OK,,,,,,,True
D_k9_3od_x0.8,seed_best.csv,D:\PSPS\runs_D_k9_3od_x0.8\analysis\seed_best.csv,mutation,8,12,4,D:\PSPS\runs_D_k9_3od_x0.8\mutation_seed8\g012_i004,1600,794291.0,496.431875,540720.0799999996,386389.0,3455806.3499999787,4.3508063795258645,,9,"-E14,-E8,E34,E4,E49,E53,E6,E64,E9",OK,,,,,,,True
D_k9_3od_x0.8,seed_best.csv,D:\PSPS\runs_D_k9_3od_x0.8\analysis\seed_best.csv,mutation,9,12,15,D:\PSPS\runs_D_k9_3od_x0.8\mutation_seed9\g012_i015,1600,791221.0,494.513125,535882.3199999996,383492.0,3481746.719999973,4.400473091588789,,9,"-E12,-E17,-E64,E2,E31,E49,E6,E7,E9",OK,,,,,,,True
D_k9_3od_x0.8,seed_best.csv,D:\PSPS\runs_D_k9_3od_x0.8\analysis\seed_best.csv,none,0,7,1,D:\PSPS\runs_D_k9_3od_x0.8\none_seed0\g007_i001,1600,792120.0,495.075,536678.4700000001,383526.0,3483986.459999969,4.398306392970723,,9,"-E1,-E28,-E44,-E64,E19,E45,E63,E64,E9",OK,,,,,,,True
D_k9_3od_x0.8,seed_best.csv,D:\PSPS\runs_D_k9_3od_x0.8\analysis\seed_best.csv,none,1,3,19,D:\PSPS\runs_D_k9_3od_x0.8\none_seed1\g003_i019,1600,782550.0,489.09375,526185.53,376141.0,3498503.899999973,4.4706458373266535,,9,"-E0,-E43,-E58,E19,E31,E4,E63,E7,E8",OK,,,,,,,True
D_k9_3od_x0.8,seed_best.csv,D:\PSPS\runs_D_k9_3od_x0.8\analysis\seed_best.csv,none,2,6,14,D:\PSPS\runs_D_k9_3od_x0.8\none_seed2\g006_i014,1600,791664.0,494.79,535527.3300000001,383435.0,3492223.729999975,4.411244833666776,,9,"-E26,-E35,-E43,E17,E19,E56,E58,E7,E8",OK,,,,,,,True
D_k9_3od_x0.8,seed_best.csv,D:\PSPS\runs_D_k9_3od_x0.8\analysis\seed_best.csv,none,3,14,10,D:\PSPS\runs_D_k9_3od_x0.8\none_seed3\g014_i010,1600,782131.0,488.831875,525457.0400000003,376554.0,3501058.139999981,4.476306577798325,,9,"-E32,-E43,-E46,-E58,E10,E4,E43,E7,E8",OK,,,,,,,True
D_k9_3od_x0.8,seed_best.csv,D:\PSPS\runs_D_k9_3od_x0.8\analysis\seed_best.csv,none,4,10,21,D:\PSPS\runs_D_k9_3od_x0.8\none_seed4\g010_i021,1600,785155.0,490.721875,528735.6600000003,378140.0,3496947.609999969,4.453830912367582,,9,"-E14,-E30,-E35,-E45,E19,E3,E53,E56,E7",OK,,,,,,,True
D_k9_3od_x0.8,seed_best.csv,D:\PSPS\runs_D_k9_3od_x0.8\analysis\seed_best.csv,none,5,7,22,D:\PSPS\runs_D_k9_3od_x0.8\none_seed5\g007_i022,1600,788065.0,492.540625,528914.4200000002,379130.0,3535034.289999959,4.485714109876671,,9,"-E11,-E15,-E40,E0,E19,E29,E50,E7,E8",OK,,,,,,,True
D_k9_3od_x0.8,seed_best.csv,D:\PSPS\runs_D_k9_3od_x0.8\analysis\seed_best.csv,none,6,7,4,D:\PSPS\runs_D_k9_3od_x0.8\none_seed6\g007_i004,1600,786663.0,491.664375,527964.9500000001,375957.0,3527621.3199999644,4.4842852911602105,,9,"-E15,-E3,-E52,E3,E31,E5,E53,E7,E8",OK,,,,,,,True
D_k9_3od_x0.8,seed_best.csv,D:\PSPS\runs_D_k9_3od_x0.8\analysis\seed_best.csv,none,7,9,20,D:\PSPS\runs_D_k9_3od_x0.8\none_seed7\g009_i020,1600,805084.0,503.1775,546563.5399999999,389022.0,3521571.5499999765,4.374166608701672,,9,"-E12,-E14,-E21,-E28,-E50,E2,E24,E64,E9",OK,,,,,,,True
D_k9_3od_x0.8,seed_best.csv,D:\PSPS\runs_D_k9_3od_x0.8\analysis\seed_best.csv,none,8,9,11,D:\PSPS\runs_D_k9_3od_x0.8\none_seed8\g009_i011,1600,791915.0,494.946875,536994.8800000001,385682.0,3474784.0599999693,4.387824526622136,,9,"-E12,-E15,-E44,-E58,E3,E31,E58,E63,E7",OK,,,,,,,True
D_k9_3od_x0.8,seed_best.csv,D:\PSPS\runs_D_k9_3od_x0.8\analysis\seed_best.csv,none,9,15,9,D:\PSPS\runs_D_k9_3od_x0.8\none_seed9\g015_i009,1600,794424.0,496.515,536355.7599999999,382778.0,3516686.689999987,4.426712548966279,,9,"-E19,-E26,-E27,-E44,E11,E23,E24,E7,E9",OK,,,,,,,True
D_k9_3od_x1.0,seed_best.csv,D:\PSPS\runs_D_k9_3od_x1.0\analysis\seed_best.csv,both,0,10,2,D:\PSPS\runs_D_k9_3od_x1.0\both_seed0\g010_i002,2000,1191426.0,595.713,871809.0399999985,625585.0,4346131.259999944,3.64783986584139,,9,"-E12,-E3,-E5,E26,E40,E43,E59,E6,E9",OK,,,,,,,True
D_k9_3od_x1.0,seed_best.csv,D:\PSPS\runs_D_k9_3od_x1.0\analysis\seed_best.csv,both,1,14,11,D:\PSPS\runs_D_k9_3od_x1.0\both_seed1\g014_i011,2000,1193111.0,596.5555,870533.7999999999,623550.0,4384267.109999946,3.674651486743435,,9,"-E31,E11,E16,E23,E25,E30,E7,E8,E9",OK,,,,,,,True
D_k9_3od_x1.0,seed_best.csv,D:\PSPS\runs_D_k9_3od_x1.0\analysis\seed_best.csv,both,2,13,8,D:\PSPS\runs_D_k9_3od_x1.0\both_seed2\g013_i008,2000,1204330.0,602.165,875547.1199999993,629010.0,4469204.239999979,3.7109465345876784,,9,"-E11,-E12,-E3,-E7,-E9,E2,E47,E7,E8",OK,,,,,,,True
D_k9_3od_x1.0,seed_best.csv,D:\PSPS\runs_D_k9_3od_x1.0\analysis\seed_best.csv,both,3,9,14,D:\PSPS\runs_D_k9_3od_x1.0\both_seed3\g009_i014,2000,1181071.0,590.5355,856881.6499999998,613919.0,4406995.899999965,3.7313556085958974,,9,"-E15,-E47,-E5,-E58,-E64,-E9,E57,E7,E8",OK,,,,,,,True
D_k9_3od_x1.0,seed_best.csv,D:\PSPS\runs_D_k9_3od_x1.0\analysis\seed_best.csv,both,4,7,21,D:\PSPS\runs_D_k9_3od_x1.0\both_seed4\g007_i021,2000,1186558.0,593.279,865576.0399999995,620686.0,4364360.639999942,3.678168821077387,,9,"-E11,-E16,-E35,E28,E40,E56,E57,E6,E9",OK,,,,,,,True
D_k9_3od_x1.0,seed_best.csv,D:\PSPS\runs_D_k9_3od_x1.0\analysis\seed_best.csv,both,5,6,17,D:\PSPS\runs_D_k9_3od_x1.0\both_seed5\g006_i017,2000,1189401.0,594.7005,868107.6399999985,621546.0,4372003.48999995,3.675802769629376,,9,"-E12,E11,E15,E17,E41,E5,E52,E6,E9",OK,,,,,,,True
D_k9_3od_x1.0,seed_best.csv,D:\PSPS\runs_D_k9_3od_x1.0\analysis\seed_best.csv,both,6,3,18,D:\PSPS\runs_D_k9_3od_x1.0\both_seed6\g003_i018,2000,1198408.0,599.204,877327.5899999995,629388.0,4363365.439999954,3.6409682178356233,,9,"-E16,-E29,E11,E3,E30,E40,E52,E6,E9",OK,,,,,,,True
D_k9_3od_x1.0,seed_best.csv,D:\PSPS\runs_D_k9_3od_x1.0\analysis\seed_best.csv,both,7,13,20,D:\PSPS\runs_D_k9_3od_x1.0\both_seed7\g013_i020,2000,1194904.0,597.452,872974.5799999994,624471.0,4371807.319999961,3.658710088843925,,9,"-E12,-E58,E0,E21,E24,E31,E64,E7,E9",OK,,,,,,,True
D_k9_3od_x1.0,seed_best.csv,D:\PSPS\runs_D_k9_3od_x1.0\analysis\seed_best.csv,both,8,7,19,D:\PSPS\runs_D_k9_3od_x1.0\both_seed8\g007_i019,2000,1178883.0,589.4415,856914.5499999995,611429.0,4378904.459999947,3.714452121202824,,9,"-E12,-E32,-E46,E23,E26,E4,E40,E6,E9",OK,,,,,,,True
D_k9_3od_x1.0,seed_best.csv,D:\PSPS\runs_D_k9_3od_x1.0\analysis\seed_best.csv,both,9,15,21,D:\PSPS\runs_D_k9_3od_x1.0\both_seed9\g015_i021,2000,1189755.0,594.8775,866932.62,620523.0,4391814.239999958,3.691360187601614,,9,"-E26,-E28,-E64,E31,E40,E52,E6,E62,E9",OK,,,,,,,True
D_k9_3od_x1.0,seed_best.csv,D:\PSPS\runs_D_k9_3od_x1.0\analysis\seed_best.csv,init,0,11,22,D:\PSPS\runs_D_k9_3od_x1.0\init_seed0\g011_i022,2000,1160319.0,580.1595,839030.2000000001,600998.0,4370327.199999951,3.7664876641681735,,9,"-E15,-E29,-E38,-E46,-E7,E14,E40,E7,E8",OK,,,,,,,True
D_k9_3od_x1.0,seed_best.csv,D:\PSPS\runs_D_k9_3od_x1.0\analysis\seed_best.csv,init,1,12,15,D:\PSPS\runs_D_k9_3od_x1.0\init_seed1\g012_i015,2000,1183518.0,591.759,863009.0200000001,620310.0,4359211.809999953,3.6832661691668,,9,"-E2,-E27,-E52,-E64,E14,E27,E50,E7,E8",OK,,,,,,,True
D_k9_3od_x1.0,seed_best.csv,D:\PSPS\runs_D_k9_3od_x1.0\analysis\seed_best.csv,init,2,7,2,D:\PSPS\runs_D_k9_3od_x1.0\init_seed2\g007_i002,2000,1192599.0,596.2995,866494.0400000003,623699.0,4433122.959999961,3.7171949330830905,,9,"-E5,-E6,-E64,E14,E16,E46,E52,E7,E8",OK,,,,,,,True
D_k9_3od_x1.0,seed_best.csv,D:\PSPS\runs_D_k9_3od_x1.0\analysis\seed_best.csv,init,3,2,7,D:\PSPS\runs_D_k9_3od_x1.0\init_seed3\g002_i007,2000,1196437.0,598.2185,874318.8900000005,627175.0,4376252.39999995,3.6577374320586458,,9,"-E16,-E38,E17,E27,E33,E56,E62,E7,E8",OK,,,,,,,True
D_k9_3od_x1.0,seed_best.csv,D:\PSPS\runs_D_k9_3od_x1.0\analysis\seed_best.csv,init,4,8,5,D:\PSPS\runs_D_k9_3od_x1.0\init_seed4\g008_i005,2000,1187592.0,593.796,867447.9299999996,621141.0,4353994.879999956,3.6662379672479743,,9,"-E15,-E29,-E35,-E38,E19,E28,E33,E7,E9",OK,,,,,,,True
D_k9_3od_x1.0,seed_best.csv,D:\PSPS\runs_D_k9_3od_x1.0\analysis\seed_best.csv,init,5,6,21,D:\PSPS\runs_D_k9_3od_x1.0\init_seed5\g006_i021,2000,1217469.0,608.7345,887003.4899999998,636573.0,4494994.509999969,3.692081285026534,,9,"-E26,-E39,-E40,-E6,E2,E46,E56,E8,E9",OK,,,,,,,True
D_k9_3od_x1.0,seed_best.csv,D:\PSPS\runs_D_k9_3od_x1.0\analysis\seed_best.csv,init,6,8,14,D:\PSPS\runs_D_k9_3od_x1.0\init_seed6\g008_i014,2000,1202059.0,601.0295,881296.6299999997,633523.0,4359338.349999962,3.626559386852029,,9,"-E43,-E44,E10,E39,E52,E57,E63,E7,E9",OK,,,,,,,True
D_k9_3od_x1.0,seed_best.csv,D:\PSPS\runs_D_k9_3od_x1.0\analysis\seed_best.csv,init,7,8,9,D:\PSPS\runs_D_k9_3od_x1.0\init_seed7\g008_i009,2000,1199656.0,599.828,877648.9399999998,628529.0,4379946.999999954,3.651002454036786,,9,"-E28,-E43,-E8,E15,E19,E2,E34,E6,E9",OK,,,,,,,True
D_k9_3od_x1.0,seed_best.csv,D:\PSPS\runs_D_k9_3od_x1.0\analysis\seed_best.csv,init,8,15,21,D:\PSPS\runs_D_k9_3od_x1.0\init_seed8\g015_i021,2000,1203581.0,601.7905,878861.8899999995,631650.0,4409860.51999996,3.6639499294189255,,9,"-E0,-E11,-E30,-E39,-E46,-E7,E10,E19,E9",OK,,,,,,,True
D_k9_3od_x1.0,seed_best.csv,D:\PSPS\runs_D_k9_3od_x1.0\analysis\seed_best.csv,init,9,15,22,D:\PSPS\runs_D_k9_3od_x1.0\init_seed9\g015_i022,2000,1186861.0,593.4305,862223.0300000005,618111.0,4407898.4799999725,3.713912985598122,,9,"-E1,-E35,E0,E11,E29,E41,E47,E7,E9",OK,,,,,,,True
D_k9_3od_x1.0,seed_best.csv,D:\PSPS\runs_D_k9_3od_x1.0\analysis\seed_best.csv,mutation,0,13,3,D:\PSPS\runs_D_k9_3od_x1.0\mutation_seed0\g013_i003,2000,1221891.0,610.9455,899412.3000000007,643903.0,4385398.359999955,3.589025829636158,,9,"-E15,-E7,E21,E23,E3,E31,E4,E6,E9",OK,,,,,,,True
D_k9_3od_x1.0,seed_best.csv,D:\PSPS\runs_D_k9_3od_x1.0\analysis\seed_best.csv,mutation,1,5,2,D:\PSPS\runs_D_k9_3od_x1.0\mutation_seed1\g005_i002,2000,1197349.0,598.6745,876302.73,630193.0,4365180.379999955,3.645704285049685,,9,"-E29,-E3,-E52,E2,E30,E40,E56,E6,E9",OK,,,,,,,True
D_k9_3od_x1.0,seed_best.csv,D:\PSPS\runs_D_k9_3od_x1.0\analysis\seed_best.csv,mutation,2,12,17,D:\PSPS\runs_D_k9_3od_x1.0\mutation_seed2\g012_i017,2000,1196728.0,598.364,874619.5000000007,625556.0,4376132.549999964,3.6567478574913967,,9,"-E19,-E53,-E58,E15,E31,E50,E59,E7,E9",OK,,,,,,,True
D_k9_3od_x1.0,seed_best.csv,D:\PSPS\runs_D_k9_3od_x1.0\analysis\seed_best.csv,mutation,3,6,13,D:\PSPS\runs_D_k9_3od_x1.0\mutation_seed3\g006_i013,2000,1181897.0,590.9485,859535.1600000006,614178.0,4382635.469999963,3.708136555046644,,9,"-E14,-E20,-E3,-E32,-E52,E40,E47,E6,E9",OK,,,,,,,True
D_k9_3od_x1.0,seed_best.csv,D:\PSPS\runs_D_k9_3od_x1.0\analysis\seed_best.csv,mutation,4,8,23,D:\PSPS\runs_D_k9_3od_x1.0\mutation_seed4\g008_i023,2000,1205070.0,602.535,879702.05,629823.0,4422555.6499999575,3.669957471350177,,9,"-E21,-E46,-E53,-E7,-E9,E30,E52,E6,E8",OK,,,,,,,True
D_k9_3od_x1.0,seed_best.csv,D:\PSPS\runs_D_k9_3od_x1.0\analysis\seed_best.csv,mutation,5,10,5,D:\PSPS\runs_D_k9_3od_x1.0\mutation_seed5\g010_i005,2000,1202869.0,601.4345,880246.0800000003,629176.0,4383656.049999953,3.644333713812521,,9,"-E16,-E26,-E46,E24,E31,E52,E59,E7,E9",OK,,,,,,,True
D_k9_3od_x1.0,seed_best.csv,D:\PSPS\runs_D_k9_3od_x1.0\analysis\seed_best.csv,mutation,6,12,7,D:\PSPS\runs_D_k9_3od_x1.0\mutation_seed6\g012_i007,2000,1202997.0,601.4985,881433.2000000008,633870.0,4369990.569999961,3.6325864237400105,,9,"-E12,-E16,-E38,-E8,E31,E40,E45,E6,E9",OK,,,,,,,True
D_k9_3od_x1.0,seed_best.csv,D:\PSPS\runs_D_k9_3od_x1.0\analysis\seed_best.csv,mutation,7,4,1,D:\PSPS\runs_D_k9_3od_x1.0\mutation_seed7\g004_i001,2000,1198985.0,599.4925,875431.1900000006,628796.0,4396289.649999941,3.666676105205604,,9,"-E26,-E28,-E31,E23,E28,E32,E7,E8,E9",OK,,,,,,,True
D_k9_3od_x1.0,seed_best.csv,D:\PSPS\runs_D_k9_3od_x1.0\analysis\seed_best.csv,mutation,8,5,9,D:\PSPS\runs_D_k9_3od_x1.0\mutation_seed8\g005_i009,2000,1192491.0,596.2455,871442.4799999993,625993.0,4364442.569999967,3.6599375341197264,,9,"-E27,-E4,E11,E21,E30,E52,E59,E7,E9",OK,,,,,,,True
D_k9_3od_x1.0,seed_best.csv,D:\PSPS\runs_D_k9_3od_x1.0\analysis\seed_best.csv,mutation,9,9,13,D:\PSPS\runs_D_k9_3od_x1.0\mutation_seed9\g009_i013,2000,1197813.0,598.9065,875984.1300000004,625082.0,4374044.209999975,3.651692050428552,,9,"-E11,-E16,-E3,-E64,-E9,E24,E59,E7,E9",OK,,,,,,,True
D_k9_3od_x1.0,seed_best.csv,D:\PSPS\runs_D_k9_3od_x1.0\analysis\seed_best.csv,none,0,13,15,D:\PSPS\runs_D_k9_3od_x1.0\none_seed0\g013_i015,2000,1182779.0,591.3895,858805.0100000002,614438.0,4402463.7599999495,3.722135546877269,,9,"-E1,-E44,-E45,E1,E28,E3,E40,E6,E9",OK,,,,,,,True
D_k9_3od_x1.0,seed_best.csv,D:\PSPS\runs_D_k9_3od_x1.0\analysis\seed_best.csv,none,1,15,8,D:\PSPS\runs_D_k9_3od_x1.0\none_seed1\g015_i008,2000,1180170.0,590.085,856665.5100000004,613792.0,4397541.189999961,3.7261929976189534,,9,"-E29,-E35,E11,E17,E26,E41,E53,E7,E9",OK,,,,,,,True
D_k9_3od_x1.0,seed_best.csv,D:\PSPS\runs_D_k9_3od_x1.0\analysis\seed_best.csv,none,2,2,5,D:\PSPS\runs_D_k9_3od_x1.0\none_seed2\g002_i005,2000,1205756.0,602.878,882663.7599999987,634787.0,4389666.75999995,3.6405929226144846,,9,"-E27,-E30,-E40,-E5,E0,E41,E49,E6,E8",OK,,,,,,,True
D_k9_3od_x1.0,seed_best.csv,D:\PSPS\runs_D_k9_3od_x1.0\analysis\seed_best.csv,none,3,10,8,D:\PSPS\runs_D_k9_3od_x1.0\none_seed3\g010_i008,2000,1222490.0,611.245,891933.3900000013,640723.0,4488764.059999961,3.671820677469723,,9,"-E16,-E17,-E44,E29,E30,E57,E59,E7,E8",OK,,,,,,,True
D_k9_3od_x1.0,seed_best.csv,D:\PSPS\runs_D_k9_3od_x1.0\analysis\seed_best.csv,none,4,3,18,D:\PSPS\runs_D_k9_3od_x1.0\none_seed4\g003_i018,2000,1221289.0,610.6445,901466.3199999996,649543.0,4348716.209999935,3.5607593370610355,,9,"-E0,-E27,-E28,-E38,-E39,-E8,E19,E53,E6",OK,,,,,,,True
D_k9_3od_x1.0,seed_best.csv,D:\PSPS\runs_D_k9_3od_x1.0\analysis\seed_best.csv,none,5,8,6,D:\PSPS\runs_D_k9_3od_x1.0\none_seed5\g008_i006,2000,1206883.0,603.4415,879424.2799999989,629692.0,4448463.8199999565,3.685911409805223,,9,"-E14,-E27,-E46,-E6,-E8,E3,E52,E7,E9",OK,,,,,,,True
D_k9_3od_x1.0,seed_best.csv,D:\PSPS\runs_D_k9_3od_x1.0\analysis\seed_best.csv,none,6,14,19,D:\PSPS\runs_D_k9_3od_x1.0\none_seed6\g014_i019,2000,1192782.0,596.391,871484.4199999986,626513.0,4368117.519999951,3.662125618931164,,9,"-E27,-E3,-E44,-E46,E10,E50,E6,E7,E8",OK,,,,,,,True
D_k9_3od_x1.0,seed_best.csv,D:\PSPS\runs_D_k9_3od_x1.0\analysis\seed_best.csv,none,7,12,21,D:\PSPS\runs_D_k9_3od_x1.0\none_seed7\g012_i021,2000,1184513.0,592.2565,864579.9500000017,622045.0,4349044.079999939,3.671588306755552,,9,"-E11,-E15,-E58,E21,E25,E43,E59,E7,E9",OK,,,,,,,True
D_k9_3od_x1.0,seed_best.csv,D:\PSPS\runs_D_k9_3od_x1.0\analysis\seed_best.csv,none,8,3,19,D:\PSPS\runs_D_k9_3od_x1.0\none_seed8\g003_i019,2000,1205618.0,602.809,886114.2099999993,637013.0,4343849.319999959,3.60300635856462,,9,"-E44,-E64,E21,E23,E56,E6,E7,E8,E9",OK,,,,,,,True
D_k9_3od_x1.0,seed_best.csv,D:\PSPS\runs_D_k9_3od_x1.0\analysis\seed_best.csv,none,9,9,19,D:\PSPS\runs_D_k9_3od_x1.0\none_seed9\g009_i019,2000,1212911.0,606.4555,889330.1599999993,638945.0,4394200.159999947,3.6228545705331614,,9,"-E15,-E23,-E28,-E31,E3,E40,E41,E6,E9",OK,,,,,,,True
D_k9_3od_x1.2,seed_best.csv,D:\PSPS\runs_D_k9_3od_x1.2\analysis\seed_best.csv,both,0,12,13,D:\PSPS\runs_D_k9_3od_x1.2\both_seed0\g012_i013,2400,1621782.0,675.7425,1237671.6899999997,882720.0,5223492.389999975,3.220835099908604,,9,"-E27,-E28,E16,E25,E29,E34,E41,E6,E9",OK,,,,,,,True
D_k9_3od_x1.2,seed_best.csv,D:\PSPS\runs_D_k9_3od_x1.2\analysis\seed_best.csv,both,1,11,4,D:\PSPS\runs_D_k9_3od_x1.2\both_seed1\g011_i004,2400,1618088.0,674.2033333333334,1228709.6000000003,871786.0,5291705.939999996,3.270344962696711,,9,"-E11,-E12,-E29,-E35,-E44,E16,E63,E7,E9",OK,,,,,,,True
D_k9_3od_x1.2,seed_best.csv,D:\PSPS\runs_D_k9_3od_x1.2\analysis\seed_best.csv,both,2,11,13,D:\PSPS\runs_D_k9_3od_x1.2\both_seed2\g011_i013,2400,1601912.0,667.4633333333334,1218556.8300000024,869135.0,5213469.739999942,3.254529424837283,,9,"-E12,-E64,-E7,E1,E15,E25,E26,E7,E9",OK,,,,,,,True
D_k9_3od_x1.2,seed_best.csv,D:\PSPS\runs_D_k9_3od_x1.2\analysis\seed_best.csv,both,3,11,18,D:\PSPS\runs_D_k9_3od_x1.2\both_seed3\g011_i018,2400,1603055.0,667.9395833333333,1215412.5499999973,865076.0,5268291.389999972,3.28640713512635,,9,"-E23,-E30,-E32,-E35,-E44,E29,E30,E7,E9",OK,,,,,,,True
D_k9_3od_x1.2,seed_best.csv,D:\PSPS\runs_D_k9_3od_x1.2\analysis\seed_best.csv,both,4,10,14,D:\PSPS\runs_D_k9_3od_x1.2\both_seed4\g010_i014,2400,1604607.0,668.58625,1215533.749999998,864998.0,5293684.289999971,3.2990534691671987,,9,"-E1,-E12,-E21,-E43,E19,E3,E32,E7,E9",OK,,,,,,,True
D_k9_3od_x1.2,seed_best.csv,D:\PSPS\runs_D_k9_3od_x1.2\analysis\seed_best.csv,both,5,5,4,D:\PSPS\runs_D_k9_3od_x1.2\both_seed5\g005_i004,2400,1593261.0,663.85875,1205485.480000002,859283.0,5275666.289999985,3.311237951597375,,9,"-E0,-E30,-E35,-E4,E11,E14,E26,E7,E9",OK,,,,,,,True
D_k9_3od_x1.2,seed_best.csv,D:\PSPS\runs_D_k9_3od_x1.2\analysis\seed_best.csv,both,6,8,18,D:\PSPS\runs_D_k9_3od_x1.2\both_seed6\g008_i018,2400,1615117.0,672.9654166666667,1228820.600000001,878896.0,5252506.709999975,3.252090535855901,,9,"-E27,-E35,-E6,E2,E26,E40,E47,E63,E7",OK,,,,,,,True
D_k9_3od_x1.2,seed_best.csv,D:\PSPS\runs_D_k9_3od_x1.2\analysis\seed_best.csv,both,7,8,21,D:\PSPS\runs_D_k9_3od_x1.2\both_seed7\g008_i021,2400,1599476.0,666.4483333333334,1210337.08,857708.0,5292758.659999959,3.309057878955332,,9,"-E14,-E35,E23,E25,E26,E52,E58,E7,E9",OK,,,,,,,True
D_k9_3od_x1.2,seed_best.csv,D:\PSPS\runs_D_k9_3od_x1.2\analysis\seed_best.csv,both,8,15,15,D:\PSPS\runs_D_k9_3od_x1.2\both_seed8\g015_i015,2400,1610332.0,670.9716666666667,1225696.7899999998,870562.0,5227195.429999985,3.2460358671379472,,9,"-E29,-E3,-E35,-E39,-E64,E14,E16,E32,E9",OK,,,,,,,True
D_k9_3od_x1.2,seed_best.csv,D:\PSPS\runs_D_k9_3od_x1.2\analysis\seed_best.csv,both,9,11,21,D:\PSPS\runs_D_k9_3od_x1.2\both_seed9\g011_i021,2400,1618439.0,674.3495833333334,1224004.47,869724.0,5360560.429999973,3.3121794704650425,,9,"-E11,-E39,-E5,-E64,E15,E34,E47,E6,E9",OK,,,,,,,True
D_k9_3od_x1.2,seed_best.csv,D:\PSPS\runs_D_k9_3od_x1.2\analysis\seed_best.csv,init,0,8,15,D:\PSPS\runs_D_k9_3od_x1.2\init_seed0\g008_i015,2400,1615499.0,673.1245833333334,1225459.8499999994,870350.0,5307442.279999952,3.2853268742351136,,9,"-E21,-E29,-E58,-E8,E19,E46,E56,E6,E7",OK,,,,,,,True
D_k9_3od_x1.2,seed_best.csv,D:\PSPS\runs_D_k9_3od_x1.2\analysis\seed_best.csv,init,1,15,6,D:\PSPS\runs_D_k9_3od_x1.2\init_seed1\g015_i006,2400,1614116.0,672.5483333333333,1226747.9799999988,876837.0,5267976.789999985,3.263691574831044,,9,"-E0,-E1,-E14,-E16,-E26,-E52,-E7,E28,E7",OK,,,,,,,True
D_k9_3od_x1.2,seed_best.csv,D:\PSPS\runs_D_k9_3od_x1.2\analysis\seed_best.csv,init,2,13,16,D:\PSPS\runs_D_k9_3od_x1.2\init_seed2\g013_i016,2400,1608551.0,670.2295833333334,1215843.119999999,862864.0,5342448.149999953,3.321279928332986,,9,"-E16,-E46,-E6,E30,E31,E4,E5,E6,E9",OK,,,,,,,True
D_k9_3od_x1.2,seed_best.csv,D:\PSPS\runs_D_k9_3od_x1.2\analysis\seed_best.csv,init,3,12,7,D:\PSPS\runs_D_k9_3od_x1.2\init_seed3\g012_i007,2400,1614297.0,672.62375,1222979.7800000028,867847.0,5324712.23999998,3.2984712478558653,,9,"-E0,-E16,-E19,E33,E56,E57,E6,E7,E9",OK,,,,,,,True
D_k9_3od_x1.2,seed_best.csv,D:\PSPS\runs_D_k9_3od_x1.2\analysis\seed_best.csv,init,4,11,2,D:\PSPS\runs_D_k9_3od_x1.2\init_seed4\g011_i002,2400,1610924.0,671.2183333333334,1222864.1799999983,871052.0,5276908.139999952,3.275702727130487,,9,"-E1,-E14,-E20,-E26,-E35,E2,E50,E7,E9",OK,,,,,,,True
D_k9_3od_x1.2,seed_best.csv,D:\PSPS\runs_D_k9_3od_x1.2\analysis\seed_best.csv,init,5,12,20,D:\PSPS\runs_D_k9_3od_x1.2\init_seed5\g012_i020,2400,1626396.0,677.665,1239124.4600000014,885255.0,5268732.829999968,3.239514134319052,,9,"-E14,-E5,-E52,E15,E29,E3,E50,E7,E9",OK,,,,,,,True
D_k9_3od_x1.2,seed_best.csv,D:\PSPS\runs_D_k9_3od_x1.2\analysis\seed_best.csv,init,6,11,2,D:\PSPS\runs_D_k9_3od_x1.2\init_seed6\g011_i002,2400,1613248.0,672.1866666666666,1223078.1300000004,868157.0,5305481.079999953,3.2886952780973244,,9,"-E14,-E43,-E64,E21,E29,E39,E4,E7,E9",OK,,,,,,,True
D_k9_3od_x1.2,seed_best.csv,D:\PSPS\runs_D_k9_3od_x1.2\analysis\seed_best.csv,init,7,12,7,D:\PSPS\runs_D_k9_3od_x1.2\init_seed7\g012_i007,2400,1610894.0,671.2058333333333,1221762.0299999989,869098.0,5289980.769999963,3.283878870987144,,9,"-E25,-E28,-E46,-E47,E32,E39,E5,E7,E9",OK,,,,,,,True
D_k9_3od_x1.2,seed_best.csv,D:\PSPS\runs_D_k9_3od_x1.2\analysis\seed_best.csv,init,8,13,9,D:\PSPS\runs_D_k9_3od_x1.2\init_seed8\g013_i009,2400,1619222.0,674.6758333333333,1233081.42,879449.0,5245794.899999951,3.2397008563371488,,9,"-E15,-E21,-E23,E11,E27,E3,E41,E53,E9",OK,,,,,,,True
D_k9_3od_x1.2,seed_best.csv,D:\PSPS\runs_D_k9_3od_x1.2\analysis\seed_best.csv,init,9,5,23,D:\PSPS\runs_D_k9_3od_x1.2\init_seed9\g005_i023,2400,1606731.0,669.47125,1219245.4900000037,865846.0,5270593.399999966,3.2803209746995394,,9,"-E20,-E28,-E43,-E50,E15,E4,E6,E7,E9",OK,,,,,,,True
D_k9_3od_x1.2,seed_best.csv,D:\PSPS\runs_D_k9_3od_x1.2\analysis\seed_best.csv,mutation,0,4,9,D:\PSPS\runs_D_k9_3od_x1.2\mutation_seed0\g004_i009,2400,1611272.0,671.3633333333333,1223719.3099999984,871052.0,5270979.479999978,3.2713157555024712,,9,"-E12,-E14,-E30,-E64,E1,E26,E34,E6,E9",OK,,,,,,,True
D_k9_3od_x1.2,seed_best.csv,D:\PSPS\runs_D_k9_3od_x1.2\analysis\seed_best.csv,mutation,1,14,16,D:\PSPS\runs_D_k9_3od_x1.2\mutation_seed1\g014_i016,2400,1603969.0,668.3204166666667,1215966.9199999983,866504.0,5276293.649999994,3.2895234571241674,,9,"-E35,E26,E29,E3,E31,E57,E6,E7,E9",OK,,,,,,,True
D_k9_3od_x1.2,seed_best.csv,D:\PSPS\runs_D_k9_3od_x1.2\analysis\seed_best.csv,mutation,2,6,21,D:\PSPS\runs_D_k9_3od_x1.2\mutation_seed2\g006_i021,2400,1602761.0,667.8170833333334,1217184.6799999978,865138.0,5246053.259999969,3.273135083771048,,9,"-E12,-E20,-E7,E19,E26,E4,E58,E7,E9",OK,,,,,,,True
D_k9_3od_x1.2,seed_best.csv,D:\PSPS\runs_D_k9_3od_x1.2\analysis\seed_best.csv,mutation,3,15,17,D:\PSPS\runs_D_k9_3od_x1.2\mutation_seed3\g015_i017,2400,1600476.0,666.865,1211688.1899999976,863219.0,5288999.769999961,3.304641725336688,,9,"-E12,-E28,-E35,-E47,-E50,-E7,E2,E29,E7",OK,,,,,,,True
D_k9_3od_x1.2,seed_best.csv,D:\PSPS\runs_D_k9_3od_x1.2\analysis\seed_best.csv,mutation,4,13,4,D:\PSPS\runs_D_k9_3od_x1.2\mutation_seed4\g013_i004,2400,1609903.0,670.7929166666667,1223954.950000001,871976.0,5244097.219999979,3.257399495497542,,9,"-E50,-E64,E11,E16,E27,E28,E64,E7,E9",OK,,,,,,,True
D_k9_3od_x1.2,seed_best.csv,D:\PSPS\runs_D_k9_3od_x1.2\analysis\seed_best.csv,mutation,5,14,13,D:\PSPS\runs_D_k9_3od_x1.2\mutation_seed5\g014_i013,2400,1604982.0,668.7425,1217332.2100000018,866030.0,5272138.609999976,3.284858403396409,,9,"-E12,-E25,-E28,-E35,E2,E25,E63,E7,E9",OK,,,,,,,True
D_k9_3od_x1.2,seed_best.csv,D:\PSPS\runs_D_k9_3od_x1.2\analysis\seed_best.csv,mutation,6,11,12,D:\PSPS\runs_D_k9_3od_x1.2\mutation_seed6\g011_i012,2400,1602519.0,667.71625,1216692.3,865609.0,5246405.259999959,3.273849021446834,,9,"-E27,-E35,-E64,E21,E23,E25,E46,E7,E9",OK,,,,,,,True
D_k9_3od_x1.2,seed_best.csv,D:\PSPS\runs_D_k9_3od_x1.2\analysis\seed_best.csv,mutation,7,4,12,D:\PSPS\runs_D_k9_3od_x1.2\mutation_seed7\g004_i012,2400,1592096.0,663.3733333333333,1207364.8199999996,856720.0,5230683.959999967,3.285407387494201,,9,"-E11,-E46,E21,E25,E26,E29,E58,E7,E9",OK,,,,,,,True
D_k9_3od_x1.2,seed_best.csv,D:\PSPS\runs_D_k9_3od_x1.2\analysis\seed_best.csv,mutation,8,3,21,D:\PSPS\runs_D_k9_3od_x1.2\mutation_seed8\g003_i021,2400,1606014.0,669.1725,1216921.380000002,869366.0,5293063.149999971,3.295776468947326,,9,"-E14,-E17,-E23,-E35,-E39,E40,E47,E53,E7",OK,,,,,,,True
D_k9_3od_x1.2,seed_best.csv,D:\PSPS\runs_D_k9_3od_x1.2\analysis\seed_best.csv,mutation,9,10,14,D:\PSPS\runs_D_k9_3od_x1.2\mutation_seed9\g010_i014,2400,1604706.0,668.6275,1213703.36,861360.0,5320379.269999972,3.3154853723984155,,9,"-E12,-E15,-E19,-E20,E19,E34,E6,E7,E9",OK,,,,,,,True
D_k9_3od_x1.2,seed_best.csv,D:\PSPS\runs_D_k9_3od_x1.2\analysis\seed_best.csv,none,0,14,6,D:\PSPS\runs_D_k9_3od_x1.2\none_seed0\g014_i006,2400,1608323.0,670.1345833333334,1220052.009999998,866082.0,5280610.209999975,3.283302054375877,,9,"-E16,-E39,-E44,-E5,-E52,E34,E59,E7,E9",OK,,,,,,,True
D_k9_3od_x1.2,seed_best.csv,D:\PSPS\runs_D_k9_3od_x1.2\analysis\seed_best.csv,none,1,10,5,D:\PSPS\runs_D_k9_3od_x1.2\none_seed1\g010_i005,2400,1619761.0,674.9004166666666,1234402.2500000012,882451.0,5240583.03999998,3.235405124583182,,9,"-E3,-E64,-E9,E0,E16,E26,E5,E50,E9",OK,,,,,,,True
D_k9_3od_x1.2,seed_best.csv,D:\PSPS\runs_D_k9_3od_x1.2\analysis\seed_best.csv,none,2,5,16,D:\PSPS\runs_D_k9_3od_x1.2\none_seed2\g005_i016,2400,1612597.0,671.9154166666667,1224508.6700000009,869245.0,5277694.209999984,3.272791782447806,,9,"-E11,-E12,-E15,-E29,-E52,E26,E4,E6,E9",OK,,,,,,,True
D_k9_3od_x1.2,seed_best.csv,D:\PSPS\runs_D_k9_3od_x1.2\analysis\seed_best.csv,none,3,5,5,D:\PSPS\runs_D_k9_3od_x1.2\none_seed3\g005_i005,2400,1604879.0,668.6995833333333,1221087.1999999993,868120.0,5215757.029999963,3.249937864474495,,9,"-E26,-E3,-E35,-E39,-E43,-E64,E15,E50,E9",OK,,,,,,,True
D_k9_3od_x1.2,seed_best.csv,D:\PSPS\runs_D_k9_3od_x1.2\analysis\seed_best.csv,none,4,7,3,D:\PSPS\runs_D_k9_3od_x1.2\none_seed4\g007_i003,2400,1617390.0,673.9125,1232705.21,876964.0,5228136.389999956,3.2324525253649123,,9,"-E12,-E19,-E27,E0,E21,E26,E30,E45,E9",OK,,,,,,,True
D_k9_3od_x1.2,seed_best.csv,D:\PSPS\runs_D_k9_3od_x1.2\analysis\seed_best.csv,none,5,13,3,D:\PSPS\runs_D_k9_3od_x1.2\none_seed5\g013_i003,2400,1606492.0,669.3716666666667,1217343.6100000015,865819.0,5293827.129999974,3.295271392574612,,9,"-E12,-E15,-E23,-E7,E19,E27,E40,E59,E7",OK,,,,,,,True
D_k9_3od_x1.2,seed_best.csv,D:\PSPS\runs_D_k9_3od_x1.2\analysis\seed_best.csv,none,6,14,1,D:\PSPS\runs_D_k9_3od_x1.2\none_seed6\g014_i001,2400,1616461.0,673.5254166666666,1228726.2400000016,875705.0,5270818.819999961,3.260715117778877,,9,"-E0,-E17,-E19,-E58,-E9,E29,E53,E59,E9",OK,,,,,,,True
D_k9_3od_x1.2,seed_best.csv,D:\PSPS\runs_D_k9_3od_x1.2\analysis\seed_best.csv,none,7,7,16,D:\PSPS\runs_D_k9_3od_x1.2\none_seed7\g007_i016,2400,1600646.0,666.9358333333333,1212129.6399999987,860772.0,5286418.339999968,3.3026780062549546,,9,"-E20,-E26,-E46,E16,E19,E32,E53,E7,E9",OK,,,,,,,True
D_k9_3od_x1.2,seed_best.csv,D:\PSPS\runs_D_k9_3od_x1.2\analysis\seed_best.csv,none,8,5,13,D:\PSPS\runs_D_k9_3od_x1.2\none_seed8\g005_i013,2400,1590086.0,662.5358333333334,1201319.9899999993,851790.0,5286133.37999998,3.32443237661358,,9,"-E43,-E47,-E5,-E52,-E6,E19,E57,E7,E9",OK,,,,,,,True
D_k9_3od_x1.2,seed_best.csv,D:\PSPS\runs_D_k9_3od_x1.2\analysis\seed_best.csv,none,9,6,4,D:\PSPS\runs_D_k9_3od_x1.2\none_seed9\g006_i004,2400,1612112.0,671.7133333333334,1224741.750000002,873702.0,5267976.659999971,3.26774855593158,,9,"-E0,-E30,-E4,-E58,-E7,E17,E21,E7,E9",OK,,,,,,,True
J_k9_6od_x0.8,seed_best.csv,D:\PSPS\runs_J_k9_6od_x0.8\analysis\seed_best.csv,both,0,1,8,D:\PSPS\runs_J_k9_6od_x0.8\both_seed0\g001_i008,1200,393613.0,328.0108333333333,86995.55000000003,23209.0,3673589.9000000097,9.332999418210298,,7,"-219797807#3,-4877788#5,-7924760#5,-gneE0,127625589,478100154#0,4935286#2",OK,,,,,,,True
J_k9_6od_x0.8,seed_best.csv,D:\PSPS\runs_J_k9_6od_x0.8\analysis\seed_best.csv,both,1,8,18,D:\PSPS\runs_J_k9_6od_x0.8\both_seed1\g008_i018,1200,393613.0,328.0108333333333,86995.55000000003,23209.0,3673589.9000000097,9.332999418210298,,9,"-6263816#3,255228357,255228360,36851877#1,36851884,478100148,4935286#2,61902804,876343448#2",OK,,,,,,,True
J_k9_6od_x0.8,seed_best.csv,D:\PSPS\runs_J_k9_6od_x0.8\analysis\seed_best.csv,both,2,7,17,D:\PSPS\runs_J_k9_6od_x0.8\both_seed2\g007_i017,1200,412737.0,343.9475,104775.26000000008,36880.0,3719997.260000023,9.012996799414696,,9,"-814061747#10,-876343448#1,36851884,40009020#7,4935286#3,61902797#1,7924760#1,803012921#2,828195561#1",OK,,,,,,,True
J_k9_6od_x0.8,seed_best.csv,D:\PSPS\runs_J_k9_6od_x0.8\analysis\seed_best.csv,both,3,10,14,D:\PSPS\runs_J_k9_6od_x0.8\both_seed3\g010_i014,1200,393613.0,328.0108333333333,86995.55000000003,23209.0,3673589.9000000097,9.332999418210298,,9,"-219796126#5,-6263818#1,-834922892#2,111677669#1,219797798#3,40009020#2,474168056#1,4935286#2,803012921#2",OK,,,,,,,True
J_k9_6od_x0.8,seed_best.csv,D:\PSPS\runs_J_k9_6od_x0.8\analysis\seed_best.csv,both,4,1,1,D:\PSPS\runs_J_k9_6od_x0.8\both_seed4\g001_i001,1200,393613.0,328.0108333333333,86995.55000000003,23209.0,3673589.9000000097,9.332999418210298,,4,"-803012921#1,4935286#2,498037591,876057378#1",OK,,,,,,,True
J_k9_6od_x0.8,seed_best.csv,D:\PSPS\runs_J_k9_6od_x0.8\analysis\seed_best.csv,both,5,13,7,D:\PSPS\runs_J_k9_6od_x0.8\both_seed5\g013_i007,1200,393459.0,327.8825,98460.07000000008,34452.0,3576893.72000002,9.090893129906853,,9,"-111681903#0,-7924768,106652003#0,172249931#1,25970859#0,478100148,747796587#1,814061747#2,876343449#1",OK,,,,,,,True
J_k9_6od_x0.8,seed_best.csv,D:\PSPS\runs_J_k9_6od_x0.8\analysis\seed_best.csv,both,6,8,5,D:\PSPS\runs_J_k9_6od_x0.8\both_seed6\g008_i005,1200,401151.0,334.2925,84917.77999999997,19836.0,3775376.030000011,9.411358889794643,,9,"-7924760#5,-814061747#2,-876343449#2,106651991#1,474168602#2,4911107#0,4935286#3,5055277#4,876057371",OK,,,,,,,True
J_k9_6od_x0.8,seed_best.csv,D:\PSPS\runs_J_k9_6od_x0.8\analysis\seed_best.csv,both,7,7,1,D:\PSPS\runs_J_k9_6od_x0.8\both_seed7\g007_i001,1200,392450.0,327.0416666666667,83596.41999999997,20737.0,3692972.00000001,9.410044591667756,,9,"-37548821#1,-410942714#1,-782714966#0,231819500,255228349#0,36851894,474166985#6,4935286#2,61902806#0",OK,,,,,,,True
J_k9_6od_x0.8,seed_best.csv,D:\PSPS\runs_J_k9_6od_x0.8\analysis\seed_best.csv,both,8,13,10,D:\PSPS\runs_J_k9_6od_x0.8\both_seed8\g013_i010,1200,393613.0,328.0108333333333,86995.55000000003,23209.0,3673589.9000000097,9.332999418210298,,9,"-172251699#1,-4970253#1,-876343452#1,231819415#0,4877786#0,4935286#2,4950115#2,61902777#0,882243017",OK,,,,,,,True
J_k9_6od_x0.8,seed_best.csv,D:\PSPS\runs_J_k9_6od_x0.8\analysis\seed_best.csv,both,9,4,19,D:\PSPS\runs_J_k9_6od_x0.8\both_seed9\g004_i019,1200,392450.0,327.0416666666667,83596.41999999997,20737.0,3692972.00000001,9.410044591667756,,9,"-106652025#0,-5197045#1,-814061747#2,-834922892#2,23464956#0,36847354#1,474166985#6,4935286#2,61902824#0",OK,,,,,,,True
J_k9_6od_x0.8,seed_best.csv,D:\PSPS\runs_J_k9_6od_x0.8\analysis\seed_best.csv,init,0,1,8,D:\PSPS\runs_J_k9_6od_x0.8\init_seed0\g001_i008,1200,393613.0,328.0108333333333,86995.55000000003,23209.0,3673589.9000000097,9.332999418210298,,7,"-219797807#3,-4877788#5,-7924760#5,-gneE0,127625589,478100154#0,4935286#2",OK,,,,,,,True
J_k9_6od_x0.8,seed_best.csv,D:\PSPS\runs_J_k9_6od_x0.8\analysis\seed_best.csv,init,1,7,8,D:\PSPS\runs_J_k9_6od_x0.8\init_seed1\g007_i008,1200,393162.0,327.635,98392.51999999996,34318.0,3544129.550000012,9.014425478555944,,9,"-106651997#0,-111681903#1,-37627664#6,-4935286#1,172249930#1,231819501#0,36852266#1,465886916#1,4935286#2",OK,,,,,,,True
J_k9_6od_x0.8,seed_best.csv,D:\PSPS\runs_J_k9_6od_x0.8\analysis\seed_best.csv,init,2,15,6,D:\PSPS\runs_J_k9_6od_x0.8\init_seed2\g015_i006,1200,393613.0,328.0108333333333,86995.55000000003,23209.0,3673589.9000000097,9.332999418210298,,9,"-172251695#0,-782714971#3,219797787#0,219797792#1,25142441#3,37628709#0,4935286#2,61902760,712622897#1",OK,,,,,,,True
J_k9_6od_x0.8,seed_best.csv,D:\PSPS\runs_J_k9_6od_x0.8\analysis\seed_best.csv,init,3,7,5,D:\PSPS\runs_J_k9_6od_x0.8\init_seed3\g007_i005,1200,393613.0,328.0108333333333,86995.55000000003,23209.0,3673589.9000000097,9.332999418210298,,9,"111677668#4,219796113#0,219796117#0,219797783#1,25072977,4877788#0,4911107#1,4935286#2,61902788",OK,,,,,,,True
J_k9_6od_x0.8,seed_best.csv,D:\PSPS\runs_J_k9_6od_x0.8\analysis\seed_best.csv,init,4,1,1,D:\PSPS\runs_J_k9_6od_x0.8\init_seed4\g001_i001,1200,393613.0,328.0108333333333,86995.55000000003,23209.0,3673589.9000000097,9.332999418210298,,4,"-803012921#1,4935286#2,498037591,876057378#1",OK,,,,,,,True
J_k9_6od_x0.8,seed_best.csv,D:\PSPS\runs_J_k9_6od_x0.8\analysis\seed_best.csv,init,5,14,23,D:\PSPS\runs_J_k9_6od_x0.8\init_seed5\g014_i023,1200,393613.0,328.0108333333333,86995.55000000003,23209.0,3673589.9000000097,9.332999418210298,,9,"-124266855#5,-410942714#1,-5197064#1,-876343451#0,106651991#2,36851747#2,4894996#0,4911109#0,4935286#2",OK,,,,,,,True
J_k9_6od_x0.8,seed_best.csv,D:\PSPS\runs_J_k9_6od_x0.8\analysis\seed_best.csv,init,6,12,1,D:\PSPS\runs_J_k9_6od_x0.8\init_seed6\g012_i001,1200,390196.0,325.16333333333336,81992.22999999997,19683.0,3679923.500000009,9.43096161928879,,9,"-106651999#0,-106652025#1,-240042189,4894991#2,4935286#2,4935299#1,5029408,814303496#0,876343452#2",OK,,,,,,,True
J_k9_6od_x0.8,seed_best.csv,D:\PSPS\runs_J_k9_6od_x0.8\analysis\seed_best.csv,init,7,12,1,D:\PSPS\runs_J_k9_6od_x0.8\init_seed7\g012_i001,1200,390460.0,325.3833333333333,81972.33000000015,19695.0,3681845.000000009,9.4295062234288,,9,"-120682116#0,-219798593#0,-36970994#2,-498033359#1,219796126#6,219797807#2,4935286#2,575692603#2,828195561#1",OK,,,,,,,True
J_k9_6od_x0.8,seed_best.csv,D:\PSPS\runs_J_k9_6od_x0.8\analysis\seed_best.csv,init,8,13,2,D:\PSPS\runs_J_k9_6od_x0.8\init_seed8\g013_i002,1200,393613.0,328.0108333333333,86995.55000000003,23209.0,3673589.9000000097,9.332999418210298,,9,"-172249928#2,-26947645#2,-4970254#2,-787570921,-880137009#0,124266855#7,255228354#1,37651116#3,4935286#2",OK,,,,,,,True
J_k9_6od_x0.8,seed_best.csv,D:\PSPS\runs_J_k9_6od_x0.8\analysis\seed_best.csv,init,9,1,12,D:\PSPS\runs_J_k9_6od_x0.8\init_seed9\g001_i012,1200,393613.0,328.0108333333333,86995.55000000003,23209.0,3673589.9000000097,9.332999418210298,,5,"-120682116#0,-834922892#2,4935286#2,61902777#0,7925270#0",OK,,,,,,,True
J_k9_6od_x0.8,seed_best.csv,D:\PSPS\runs_J_k9_6od_x0.8\analysis\seed_best.csv,mutation,0,15,5,D:\PSPS\runs_J_k9_6od_x0.8\mutation_seed0\g015_i005,1200,386608.0,322.17333333333335,94695.51999999996,32381.0,3540762.6000000224,9.158534225882606,,9,"-219796102#0,-502325083,-876343449#2,172249930#0,25970859#0,27267512#0,5197063,813586708#1,876343451#3",OK,,,,,,,True
J_k9_6od_x0.8,seed_best.csv,D:\PSPS\runs_J_k9_6od_x0.8\analysis\seed_best.csv,mutation,1,2,20,D:\PSPS\runs_J_k9_6od_x0.8\mutation_seed1\g002_i020,1200,392052.0,326.71,84784.28999999986,21443.0,3679547.600000009,9.385356024200894,,9,"-37551447,-876057378#0,36847354#4,4935286#2,747796587#1,783647336,787570921,876057378#1,876343452#5",OK,,,,,,,True
J_k9_6od_x0.8,seed_best.csv,D:\PSPS\runs_J_k9_6od_x0.8\analysis\seed_best.csv,mutation,2,13,2,D:\PSPS\runs_J_k9_6od_x0.8\mutation_seed2\g013_i002,1200,412737.0,343.9475,104775.26000000008,36880.0,3719997.260000023,9.012996799414696,,9,"-803012921#1,106652007#0,36851882,474166985#0,4935286#3,5197061#1,69421990#0,876057372,96687079#0",OK,,,,,,,True
J_k9_6od_x0.8,seed_best.csv,D:\PSPS\runs_J_k9_6od_x0.8\analysis\seed_best.csv,mutation,3,4,16,D:\PSPS\runs_J_k9_6od_x0.8\mutation_seed3\g004_i016,1200,390460.0,325.3833333333333,81972.33000000015,19695.0,3681845.000000009,9.4295062234288,,9,"-106652013#0,-172251694#0,-876343452#7,-882243018,219796113#2,219797783#0,37627664#1,37649100#0,4935286#2",OK,,,,,,,True
J_k9_6od_x0.8,seed_best.csv,D:\PSPS\runs_J_k9_6od_x0.8\analysis\seed_best.csv,mutation,4,8,18,D:\PSPS\runs_J_k9_6od_x0.8\mutation_seed4\g008_i018,1200,393459.0,327.8825,98460.07000000008,34452.0,3576893.72000002,9.090893129906853,,9,"-219796106#0,-219797787#1,-36851747#2,23464956#0,25072978,25970859#0,40009021#1,5197053#0,747796587#1",OK,,,,,,,True
J_k9_6od_x0.8,seed_best.csv,D:\PSPS\runs_J_k9_6od_x0.8\analysis\seed_best.csv,mutation,5,3,6,D:\PSPS\runs_J_k9_6od_x0.8\mutation_seed5\g003_i006,1200,393613.0,328.0108333333333,86995.55000000003,23209.0,3673589.9000000097,9.332999418210298,,9,"-36851747#2,-4894997#1,-4950117#1,-678743174,37627664#1,4935286#2,61902779#0,814061747#5,876343449#1",OK,,,,,,,True
J_k9_6od_x0.8,seed_best.csv,D:\PSPS\runs_J_k9_6od_x0.8\analysis\seed_best.csv,mutation,6,12,8,D:\PSPS\runs_J_k9_6od_x0.8\mutation_seed6\g012_i008,1200,393613.0,328.0108333333333,86995.55000000003,23209.0,3673589.9000000097,9.332999418210298,,9,"-25142441#4,-876057378#2,120682116#4,220736154#0,36851884,36851894,37628709#0,4935286#2,803012921#2",OK,,,,,,,True
J_k9_6od_x0.8,seed_best.csv,D:\PSPS\runs_J_k9_6od_x0.8\analysis\seed_best.csv,mutation,7,10,9,D:\PSPS\runs_J_k9_6od_x0.8\mutation_seed7\g010_i009,1200,393613.0,328.0108333333333,86995.55000000003,23209.0,3673589.9000000097,9.332999418210298,,9,"-220934962,-747494340,-761190893,274763815#0,36847663#1,4935286#2,61652408#0,876343449#1,96687079#1",OK,,,,,,,True
J_k9_6od_x0.8,seed_best.csv,D:\PSPS\runs_J_k9_6od_x0.8\analysis\seed_best.csv,mutation,8,2,8,D:\PSPS\runs_J_k9_6od_x0.8\mutation_seed8\g002_i008,1200,393613.0,328.0108333333333,86995.55000000003,23209.0,3673589.9000000097,9.332999418210298,,9,"-280335872,-465885893#0,-678743174,-712622897#1,172251695#0,36851883,478100148,4935286#2,61902804",OK,,,,,,,True
J_k9_6od_x0.8,seed_best.csv,D:\PSPS\runs_J_k9_6od_x0.8\analysis\seed_best.csv,mutation,9,6,19,D:\PSPS\runs_J_k9_6od_x0.8\mutation_seed9\g006_i019,1200,393162.0,327.635,98392.51999999996,34318.0,3544129.550000012,9.014425478555944,,9,"-4935286#1,106652002,219796106#1,255228354#0,274763815#1,474168602#2,4935286#2,813586708#0,876057378#4",OK,,,,,,,True
J_k9_6od_x0.8,seed_best.csv,D:\PSPS\runs_J_k9_6od_x0.8\analysis\seed_best.csv,none,0,7,12,D:\PSPS\runs_J_k9_6od_x0.8\none_seed0\g007_i012,1200,391203.0,326.0025,96341.03000000004,32434.0,3544334.3400000124,9.060089876611409,,9,"-36974908#0,-4935286#1,-7365262,219796113#5,36970994#2,37628709#1,5197061#2,535519490#1,876057377#1",OK,,,,,,,True
J_k9_6od_x0.8,seed_best.csv,D:\PSPS\runs_J_k9_6od_x0.8\analysis\seed_best.csv,none,1,7,5,D:\PSPS\runs_J_k9_6od_x0.8\none_seed1\g007_i005,1200,393613.0,328.0108333333333,86995.55000000003,23209.0,3673589.9000000097,9.332999418210298,,9,"-4970256#8,-876343451#1,172249927,25142441#5,36851861,4935286#2,4970256#7,61652404#1,712622899#2",OK,,,,,,,True
J_k9_6od_x0.8,seed_best.csv,D:\PSPS\runs_J_k9_6od_x0.8\analysis\seed_best.csv,none,2,10,5,D:\PSPS\runs_J_k9_6od_x0.8\none_seed2\g010_i005,1200,393613.0,328.0108333333333,86995.55000000003,23209.0,3673589.9000000097,9.332999418210298,,9,"-325795946#0,-410947640#0,-4895001#0,-5197064#0,465885895#0,478100143,4935286#2,4970253#1,96687079#1",OK,,,,,,,True
J_k9_6od_x0.8,seed_best.csv,D:\PSPS\runs_J_k9_6od_x0.8\analysis\seed_best.csv,none,3,5,7,D:\PSPS\runs_J_k9_6od_x0.8\none_seed3\g005_i007,1200,393613.0,328.0108333333333,86995.55000000003,23209.0,3673589.9000000097,9.332999418210298,,9,"-120682116#1,-4877786#1,-814061747#1,-814061747#2,-876057378#2,-876343449#1,10271492#0,172249931#1,4935286#2",OK,,,,,,,True
J_k9_6od_x0.8,seed_best.csv,D:\PSPS\runs_J_k9_6od_x0.8\analysis\seed_best.csv,none,4,6,19,D:\PSPS\runs_J_k9_6od_x0.8\none_seed4\g006_i019,1200,393613.0,328.0108333333333,86995.55000000003,23209.0,3673589.9000000097,9.332999418210298,,9,"-36970994#2,-40033611,-5197053#1,465886917#0,4935286#2,5055277#6,627579930#0,712622896,803012921#2",OK,,,,,,,True
J_k9_6od_x0.8,seed_best.csv,D:\PSPS\runs_J_k9_6od_x0.8\analysis\seed_best.csv,none,5,9,10,D:\PSPS\runs_J_k9_6od_x0.8\none_seed5\g009_i010,1200,393613.0,328.0108333333333,86995.55000000003,23209.0,3673589.9000000097,9.332999418210298,,9,"-172249928#0,-172251692#1,106652029#2,120682116#1,219797801#1,280335871,4935286#2,4970254#2,5197062#2",OK,,,,,,,True
J_k9_6od_x0.8,seed_best.csv,D:\PSPS\runs_J_k9_6od_x0.8\analysis\seed_best.csv,none,6,4,10,D:\PSPS\runs_J_k9_6od_x0.8\none_seed6\g004_i010,1200,393613.0,328.0108333333333,86995.55000000003,23209.0,3673589.9000000097,9.332999418210298,,9,"-240042196#3,-4950115#2,-5197064#1,172249930#0,220736154#1,37551477,41766849#1,474166985#1,4935286#2",OK,,,,,,,True
J_k9_6od_x0.8,seed_best.csv,D:\PSPS\runs_J_k9_6od_x0.8\analysis\seed_best.csv,none,7,13,3,D:\PSPS\runs_J_k9_6od_x0.8\none_seed7\g013_i003,1200,390460.0,325.3833333333333,81972.33000000015,19695.0,3681845.000000009,9.4295062234288,,9,"-240042189,-502361001,-876343448#0,107864729#1,474168602#1,4894996#2,4935286#2,7924763,876343452#7",OK,,,,,,,True
J_k9_6od_x0.8,seed_best.csv,D:\PSPS\runs_J_k9_6od_x0.8\analysis\seed_best.csv,none,8,5,8,D:\PSPS\runs_J_k9_6od_x0.8\none_seed8\g005_i008,1200,393162.0,327.635,98392.51999999996,34318.0,3544129.550000012,9.014425478555944,,9,"-23359215#2,219797779,255228349#0,26216781#3,4924949#0,4935286#2,5197062#0,814061747#5,834922892#1",OK,,,,,,,True
J_k9_6od_x0.8,seed_best.csv,D:\PSPS\runs_J_k9_6od_x0.8\analysis\seed_best.csv,none,9,5,5,D:\PSPS\runs_J_k9_6od_x0.8\none_seed9\g005_i005,1200,391487.0,326.2391666666667,93154.89999999997,30292.0,3573334.0700000166,9.127593176784968,,9,"-205590836#2,-4970256#5,-774894964,106652008,106652011,36851883,4935287#0,535519490#0,834922892#1",OK,,,,,,,True
J_k9_6od_x1.0,seed_best.csv,D:\PSPS\runs_J_k9_6od_x1.0\analysis\seed_best.csv,both,0,1,7,D:\PSPS\runs_J_k9_6od_x1.0\both_seed0\g001_i007,1500,560748.0,373.832,175747.23000000016,74069.0,4610565.700000011,8.222170565031014,,4,"-25142441#2,172251699#2,275267982,4935286#2",OK,,,,,,,True
J_k9_6od_x1.0,seed_best.csv,D:\PSPS\runs_J_k9_6od_x1.0\analysis\seed_best.csv,both,1,12,12,D:\PSPS\runs_J_k9_6od_x1.0\both_seed1\g012_i012,1500,560748.0,373.832,175747.23000000016,74069.0,4610565.700000011,8.222170565031014,,9,"-219797787#0,-37627664#0,-814061747#3,219796125,255228360,36847354#1,478100153,4935286#2,74277990",OK,,,,,,,True
J_k9_6od_x1.0,seed_best.csv,D:\PSPS\runs_J_k9_6od_x1.0\analysis\seed_best.csv,both,2,10,20,D:\PSPS\runs_J_k9_6od_x1.0\both_seed2\g010_i020,1500,549311.0,366.2073333333333,147045.5600000001,46136.0,4777442.850000015,8.69715489039909,,9,"-120682114#1,-219796102#0,-4970253#0,-6263816#1,172249931#3,25072978,36852290,4935286#2,61902802",OK,,,,,,,True
J_k9_6od_x1.0,seed_best.csv,D:\PSPS\runs_J_k9_6od_x1.0\analysis\seed_best.csv,both,3,10,17,D:\PSPS\runs_J_k9_6od_x1.0\both_seed3\g010_i017,1500,507926.0,338.6173333333333,120705.97000000012,32133.0,4619746.000000001,9.095313096789692,,9,"-106652024,-240042189,-240042196#3,106652016,36971780,4924947#1,4935286#2,61902767,61902804",OK,,,,,,,True
J_k9_6od_x1.0,seed_best.csv,D:\PSPS\runs_J_k9_6od_x1.0\analysis\seed_best.csv,both,4,10,3,D:\PSPS\runs_J_k9_6od_x1.0\both_seed4\g010_i003,1500,486949.0,324.6326666666667,116490.38000000018,33068.0,4424951.050000029,9.087093412246515,,9,"-124266855#7,-5236308#1,106651992,220487593,4935286#2,6074658#3,814061747#5,876057377#1,gneE3",OK,,,,,,,True
J_k9_6od_x1.0,seed_best.csv,D:\PSPS\runs_J_k9_6od_x1.0\analysis\seed_best.csv,both,5,6,22,D:\PSPS\runs_J_k9_6od_x1.0\both_seed5\g006_i022,1500,544438.0,362.95866666666666,158534.35000000015,61347.0,4615988.140000009,8.478445920380299,,9,"-120682114#3,-172249926#1,-814061747#3,-828195561#1,127625589,220934942,4935286#2,7924760#3,880137009#0",OK,,,,,,,True
J_k9_6od_x1.0,seed_best.csv,D:\PSPS\runs_J_k9_6od_x1.0\analysis\seed_best.csv,both,6,13,12,D:\PSPS\runs_J_k9_6od_x1.0\both_seed6\g013_i012,1500,560748.0,373.832,175747.23000000016,74069.0,4610565.700000011,8.222170565031014,,9,"-4894996#1,-4894996#2,-814061747#10,106651991#2,124266855#5,36852266#1,4935286#2,61902797#1,880137009#1",OK,,,,,,,True
J_k9_6od_x1.0,seed_best.csv,D:\PSPS\runs_J_k9_6od_x1.0\analysis\seed_best.csv,both,7,9,20,D:\PSPS\runs_J_k9_6od_x1.0\both_seed7\g009_i020,1500,560748.0,373.832,175747.23000000016,74069.0,4610565.700000011,8.222170565031014,,9,"-760785104#2,120682116#4,219797795,355530777,465886916#0,478100145,4935286#2,61902797#1,96687079#4",OK,,,,,,,True
J_k9_6od_x1.0,seed_best.csv,D:\PSPS\runs_J_k9_6od_x1.0\analysis\seed_best.csv,both,8,10,13,D:\PSPS\runs_J_k9_6od_x1.0\both_seed8\g010_i013,1500,538586.0,359.05733333333336,146514.53000000026,50202.0,4654478.89000002,8.642034679698359,,9,"-111677669#1,-36269567,-652756923#1,-813586708#1,-828195561#1,478100153,4935286#2,782714966#1,782714971#1",OK,,,,,,,True
J_k9_6od_x1.0,seed_best.csv,D:\PSPS\runs_J_k9_6od_x1.0\analysis\seed_best.csv,both,9,14,23,D:\PSPS\runs_J_k9_6od_x1.0\both_seed9\g014_i023,1500,549311.0,366.2073333333333,147045.5600000001,46136.0,4777442.850000015,8.69715489039909,,9,"-120682114#1,-220934958,-5197045#1,-814061747#3,478100153,4935286#2,4970251#0,5197062#2,814061747#1",OK,,,,,,,True
J_k9_6od_x1.0,seed_best.csv,D:\PSPS\runs_J_k9_6od_x1.0\analysis\seed_best.csv,init,0,11,21,D:\PSPS\runs_J_k9_6od_x1.0\init_seed0\g011_i021,1500,544438.0,362.95866666666666,158534.35000000015,61347.0,4615988.140000009,8.478445920380299,,9,"-219797807#1,-4970256#0,-814061747#3,106652007#0,120682116#0,219796113#7,37627664#4,4935286#2,880137009#0",OK,,,,,,,True
J_k9_6od_x1.0,seed_best.csv,D:\PSPS\runs_J_k9_6od_x1.0\analysis\seed_best.csv,init,1,3,20,D:\PSPS\runs_J_k9_6od_x1.0\init_seed1\g003_i020,1500,531777.0,354.518,141363.22,48807.0,4654248.660000012,8.752256415753243,,9,"-5197062#3,-652756923#0,-712622895,-782714971#4,172251697#2,274763814#1,478100148,4935286#2,814061747#9",OK,,,,,,,True
J_k9_6od_x1.0,seed_best.csv,D:\PSPS\runs_J_k9_6od_x1.0\analysis\seed_best.csv,init,2,6,18,D:\PSPS\runs_J_k9_6od_x1.0\init_seed2\g006_i018,1500,560748.0,373.832,175747.23000000016,74069.0,4610565.700000011,8.222170565031014,,9,"-37650111#1,-712622899#2,-876343452#0,172251698#0,219822390,231819413,4911109#0,4935286#2,803012921#1",OK,,,,,,,True
J_k9_6od_x1.0,seed_best.csv,D:\PSPS\runs_J_k9_6od_x1.0\analysis\seed_best.csv,init,3,7,7,D:\PSPS\runs_J_k9_6od_x1.0\init_seed3\g007_i007,1500,560748.0,373.832,175747.23000000016,74069.0,4610565.700000011,8.222170565031014,,9,"-23707342,-5055277#1,106652005#0,172251698#3,325795946#2,4935286#2,60942914#0,760785104#2,876057377#1",OK,,,,,,,True
J_k9_6od_x1.0,seed_best.csv,D:\PSPS\runs_J_k9_6od_x1.0\analysis\seed_best.csv,init,4,3,11,D:\PSPS\runs_J_k9_6od_x1.0\init_seed4\g003_i011,1500,552058.0,368.0386666666666,160407.94999999995,63145.0,4659546.610000018,8.44032078151212,,9,"-219797787#1,-747494340,-876057378#6,219796118#0,36852252,474166985#1,4935286#2,498033359#2,782714971#0",OK,,,,,,,True
J_k9_6od_x1.0,seed_best.csv,D:\PSPS\runs_J_k9_6od_x1.0\analysis\seed_best.csv,init,5,15,14,D:\PSPS\runs_J_k9_6od_x1.0\init_seed5\g015_i014,1500,508592.0,339.0613333333333,122792.75000000016,35333.0,4611872.050000005,9.067920946456107,,9,"-106652013#0,-4894996#2,-876343448#5,-96687079#4,106651997#0,106651997#1,120682116#6,474166985#6,4935286#2",OK,,,,,,,True
J_k9_6od_x1.0,seed_best.csv,D:\PSPS\runs_J_k9_6od_x1.0\analysis\seed_best.csv,init,6,15,18,D:\PSPS\runs_J_k9_6od_x1.0\init_seed6\g015_i018,1500,486949.0,324.6326666666667,116490.38000000018,33068.0,4424951.050000029,9.087093412246515,,9,"-106651999#3,-172251699#1,-37628709#0,-5236308#1,-880137009#0,219796126#4,231819415#1,274763813#0,4935286#2",OK,,,,,,,True
J_k9_6od_x1.0,seed_best.csv,D:\PSPS\runs_J_k9_6od_x1.0\analysis\seed_best.csv,init,7,12,9,D:\PSPS\runs_J_k9_6od_x1.0\init_seed7\g012_i009,1500,513800.0,342.53333333333336,127672.59000000004,38371.0,4616127.550000009,8.984288731023762,,9,"-172251694#1,-4924949#0,-6272848#2,106652024,36974892,36974908#1,4935286#2,627579930#1,876057378#1",OK,,,,,,,True
J_k9_6od_x1.0,seed_best.csv,D:\PSPS\runs_J_k9_6od_x1.0\analysis\seed_best.csv,init,8,13,4,D:\PSPS\runs_J_k9_6od_x1.0\init_seed8\g013_i004,1500,573291.0,382.194,182946.63000000003,77553.0,4653110.590000007,8.116489862914309,,9,"-219797787#0,-4970255#1,120682116#1,131942152,172249930#1,255228351,332644488,4894997#0,4935286#2",OK,,,,,,,True
J_k9_6od_x1.0,seed_best.csv,D:\PSPS\runs_J_k9_6od_x1.0\analysis\seed_best.csv,init,9,7,5,D:\PSPS\runs_J_k9_6od_x1.0\init_seed9\g007_i005,1500,513800.0,342.53333333333336,127672.59000000004,38371.0,4616127.550000009,8.984288731023762,,9,"-219796118#3,-23464956#0,-498033359#1,219797783#2,255228345,4935286#2,4935287#1,5197045#0,782714970",OK,,,,,,,True
J_k9_6od_x1.0,seed_best.csv,D:\PSPS\runs_J_k9_6od_x1.0\analysis\seed_best.csv,mutation,0,12,15,D:\PSPS\runs_J_k9_6od_x1.0\mutation_seed0\g012_i015,1500,561720.0,374.48,169791.44000000003,67923.0,4617277.870000018,8.219892241686281,,9,"-311298662#0,-535519490#1,-835443463#2,111677669#1,219822390,231818115#1,41766849#1,474166985#5,814061747#0",OK,,,,,,,True
J_k9_6od_x1.0,seed_best.csv,D:\PSPS\runs_J_k9_6od_x1.0\analysis\seed_best.csv,mutation,1,14,5,D:\PSPS\runs_J_k9_6od_x1.0\mutation_seed1\g014_i005,1500,561720.0,374.48,169791.44000000003,67923.0,4617277.870000018,8.219892241686281,,9,"-25143145#0,-311298662#0,-498033359#3,-535519490#1,-784700120,10271492#0,25072974#2,274763815#1,474168056#1",OK,,,,,,,True
J_k9_6od_x1.0,seed_best.csv,D:\PSPS\runs_J_k9_6od_x1.0\analysis\seed_best.csv,mutation,2,10,7,D:\PSPS\runs_J_k9_6od_x1.0\mutation_seed2\g010_i007,1500,558726.0,372.484,171653.09999999971,70672.0,4620859.290000007,8.270349491521795,,9,"-36851802,-782714971#3,4929432#0,4935286#2,5055277#6,535519490#0,803012921#1,876343448#2,96687079#0",OK,,,,,,,True
J_k9_6od_x1.0,seed_best.csv,D:\PSPS\runs_J_k9_6od_x1.0\analysis\seed_best.csv,mutation,3,5,12,D:\PSPS\runs_J_k9_6od_x1.0\mutation_seed3\g005_i012,1500,541872.0,361.248,156227.05000000013,58504.0,4618244.970000006,8.52275993223493,,9,"-36851858,-814061747#9,4935286#2,4970256#5,5029410#0,5055277#1,61902822,6263818#2,8050332",OK,,,,,,,True
J_k9_6od_x1.0,seed_best.csv,D:\PSPS\runs_J_k9_6od_x1.0\analysis\seed_best.csv,mutation,4,5,17,D:\PSPS\runs_J_k9_6od_x1.0\mutation_seed4\g005_i017,1500,560748.0,373.832,175747.23000000016,74069.0,4610565.700000011,8.222170565031014,,9,"-23359215#0,-4970256#1,-5026771,-814303496#1,231819413,37649100#1,4935286#2,4970254#3,8050332",OK,,,,,,,True
J_k9_6od_x1.0,seed_best.csv,D:\PSPS\runs_J_k9_6od_x1.0\analysis\seed_best.csv,mutation,5,6,10,D:\PSPS\runs_J_k9_6od_x1.0\mutation_seed5\g006_i010,1500,560748.0,373.832,175747.23000000016,74069.0,4610565.700000011,8.222170565031014,,9,"-124266855#5,-876343451#1,-880137009#1,120682116#0,219796125,255228360,4935286#2,652756923#0,876343448#1",OK,,,,,,,True
J_k9_6od_x1.0,seed_best.csv,D:\PSPS\runs_J_k9_6od_x1.0\analysis\seed_best.csv,mutation,6,5,5,D:\PSPS\runs_J_k9_6od_x1.0\mutation_seed6\g005_i005,1500,560748.0,373.832,175747.23000000016,74069.0,4610565.700000011,8.222170565031014,,9,"-37551339#1,-4924947#0,-6263816#0,-814061747#9,-876343452#4,172251695#1,37651116#3,4935286#2,61902797#1",OK,,,,,,,True
J_k9_6od_x1.0,seed_best.csv,D:\PSPS\runs_J_k9_6od_x1.0\analysis\seed_best.csv,mutation,7,15,6,D:\PSPS\runs_J_k9_6od_x1.0\mutation_seed7\g015_i006,1500,570053.0,380.0353333333333,170733.08999999994,63578.0,4674473.710000008,8.200068607655794,,9,"-535519490#1,-876343448#3,-876343449#0,-876343451#0,4911107#5,61652408#1,876057372,876057378#3,876343448#5",OK,,,,,,,True
J_k9_6od_x1.0,seed_best.csv,D:\PSPS\runs_J_k9_6od_x1.0\analysis\seed_best.csv,mutation,8,12,4,D:\PSPS\runs_J_k9_6od_x1.0\mutation_seed8\g012_i004,1500,560748.0,373.832,175747.23000000016,74069.0,4610565.700000011,8.222170565031014,,9,"-111677668#0,-111677669#3,36847354#1,36851882,465886916#0,4877786#2,4935286#2,866713606#0,876343448#2",OK,,,,,,,True
J_k9_6od_x1.0,seed_best.csv,D:\PSPS\runs_J_k9_6od_x1.0\analysis\seed_best.csv,mutation,9,12,1,D:\PSPS\runs_J_k9_6od_x1.0\mutation_seed9\g012_i001,1500,538586.0,359.05733333333336,146514.53000000026,50202.0,4654478.89000002,8.642034679698359,,9,"-106651999#1,-219796106#1,-311298682#0,-803012921#0,-814061747#2,36971780,4935286#2,782714971#1,803012921#1",OK,,,,,,,True
J_k9_6od_x1.0,seed_best.csv,D:\PSPS\runs_J_k9_6od_x1.0\analysis\seed_best.csv,none,0,6,1,D:\PSPS\runs_J_k9_6od_x1.0\none_seed0\g006_i001,1500,560748.0,373.832,175747.23000000016,74069.0,4610565.700000011,8.222170565031014,,9,"-106652009#1,-4894996#0,-4894999,-7924768,172251698#2,28468730#0,465886918#1,4935286#2,4970256#7",OK,,,,,,,True
J_k9_6od_x1.0,seed_best.csv,D:\PSPS\runs_J_k9_6od_x1.0\analysis\seed_best.csv,none,1,11,11,D:\PSPS\runs_J_k9_6od_x1.0\none_seed1\g011_i011,1500,507926.0,338.6173333333333,120705.97000000012,32133.0,4619746.000000001,9.095313096789692,,9,"-219822390,-240042189,-40009020#7,-4894992#2,-5029409#0,219797783#3,37551339#0,4935286#2,6074658#1",OK,,,,,,,True
J_k9_6od_x1.0,seed_best.csv,D:\PSPS\runs_J_k9_6od_x1.0\analysis\seed_best.csv,none,2,8,5,D:\PSPS\runs_J_k9_6od_x1.0\none_seed2\g008_i005,1500,560748.0,373.832,175747.23000000016,74069.0,4610565.700000011,8.222170565031014,,9,"-172251688,-219796100#2,-219797807#0,219796126#4,231819412,41766849#1,4877788#5,4935286#2,5055277#4",OK,,,,,,,True
J_k9_6od_x1.0,seed_best.csv,D:\PSPS\runs_J_k9_6od_x1.0\analysis\seed_best.csv,none,3,3,13,D:\PSPS\runs_J_k9_6od_x1.0\none_seed3\g003_i013,1500,570053.0,380.0353333333333,170733.08999999994,63578.0,4674473.710000008,8.200068607655794,,9,"-220934958,-4894996#2,-4929432#0,-535519490#1,172249931#0,172251695#1,219822382#0,7924755,876343452#5",OK,,,,,,,True
J_k9_6od_x1.0,seed_best.csv,D:\PSPS\runs_J_k9_6od_x1.0\analysis\seed_best.csv,none,4,5,20,D:\PSPS\runs_J_k9_6od_x1.0\none_seed4\g005_i020,1500,545085.0,363.39,154770.41999999987,58988.0,4649848.330000002,8.530501352999995,,9,"-4877786#3,-761190893,106652010#1,120682114#3,220934962,332644488,36847354#0,36974908#1,4935286#2",OK,,,,,,,True
J_k9_6od_x1.0,seed_best.csv,D:\PSPS\runs_J_k9_6od_x1.0\analysis\seed_best.csv,none,5,14,3,D:\PSPS\runs_J_k9_6od_x1.0\none_seed5\g014_i003,1500,560748.0,373.832,175747.23000000016,74069.0,4610565.700000011,8.222170565031014,,9,"-127625589,-876343449#1,255228360,280335866#4,37551339#1,4935286#2,5197064#2,876057377#1,876343452#6",OK,,,,,,,True
J_k9_6od_x1.0,seed_best.csv,D:\PSPS\runs_J_k9_6od_x1.0\analysis\seed_best.csv,none,6,9,6,D:\PSPS\runs_J_k9_6od_x1.0\none_seed6\g009_i006,1500,535348.0,356.89866666666666,141375.54999999996,47235.0,4729237.690000003,8.833950421034547,,9,"-111681905#1,-25142441#1,-28298231,-325795946#0,4877788#5,4935286#2,5029408,5197053#3,761190893",OK,,,,,,,True
J_k9_6od_x1.0,seed_best.csv,D:\PSPS\runs_J_k9_6od_x1.0\analysis\seed_best.csv,none,7,2,9,D:\PSPS\runs_J_k9_6od_x1.0\none_seed7\g002_i009,1500,521752.0,347.8346666666667,119714.86000000026,26298.0,4605569.889999993,8.82712455342767,,9,"-231819410#3,-311298665,-37627664#4,-498033359#2,106652007#0,219797784#0,219822417#1,58621262#1,6263818#0",OK,,,,,,,True
J_k9_6od_x1.0,seed_best.csv,D:\PSPS\runs_J_k9_6od_x1.0\analysis\seed_best.csv,none,8,13,22,D:\PSPS\runs_J_k9_6od_x1.0\none_seed8\g013_i022,1500,544438.0,362.95866666666666,158534.35000000015,61347.0,4615988.140000009,8.478445920380299,,9,"-124266855#2,-172251698#2,-40033611,-465886918#1,-7924760#4,4894992#3,4935286#2,5197062#4,880137009#0",OK,,,,,,,True
J_k9_6od_x1.0,seed_best.csv,D:\PSPS\runs_J_k9_6od_x1.0\analysis\seed_best.csv,none,9,4,22,D:\PSPS\runs_J_k9_6od_x1.0\none_seed9\g004_i022,1500,547089.0,364.726,161046.8300000001,64460.0,4615307.610000007,8.436118456046469,,9,"-311298658,-36851747#0,-5029409#1,-813586707#0,111677668#3,124266855#6,4877788#2,4935286#2,5057604",OK,,,,,,,True
J_k9_6od_x1.2,seed_best.csv,D:\PSPS\runs_J_k9_6od_x1.2\analysis\seed_best.csv,both,0,7,9,D:\PSPS\runs_J_k9_6od_x1.2\both_seed0\g007_i009,1800,790804.0,439.3355555555556,327459.1399999998,163163.0,5482668.370000022,6.933030649819705,,9,"-25142441#1,-280335874#0,-5029408,-535519490#1,-96687079#4,219797780,280335872,36847663#1,61902746#1",OK,,,,,,,True
J_k9_6od_x1.2,seed_best.csv,D:\PSPS\runs_J_k9_6od_x1.2\analysis\seed_best.csv,both,1,13,17,D:\PSPS\runs_J_k9_6od_x1.2\both_seed1\g013_i017,1800,782287.0,434.6038888888889,320032.67999999964,161588.0,5485743.030000032,7.012443042003807,,9,"-40009020#0,-535519490#0,-535519490#1,-6272848#2,-813586709,111681905#2,120682116#4,26216781#1,69421989",OK,,,,,,,True
J_k9_6od_x1.2,seed_best.csv,D:\PSPS\runs_J_k9_6od_x1.2\analysis\seed_best.csv,both,2,4,9,D:\PSPS\runs_J_k9_6od_x1.2\both_seed2\g004_i009,1800,790804.0,439.3355555555556,327459.1399999998,163163.0,5482668.370000022,6.933030649819705,,9,"-220934962,-535519490#1,172251690,219796102#1,280335871,5197053#3,5197062#2,876057368,gneE0",OK,,,,,,,True
J_k9_6od_x1.2,seed_best.csv,D:\PSPS\runs_J_k9_6od_x1.2\analysis\seed_best.csv,both,3,3,7,D:\PSPS\runs_J_k9_6od_x1.2\both_seed3\g003_i007,1800,765833.0,425.4627777777778,304925.0999999997,146656.0,5462564.360000036,7.132840136165503,,9,"-219796118#0,-37551339#0,-535519490#1,-96687079#4,111677669#3,172249928#1,40009020#7,6074658#2,8162045",OK,,,,,,,True
J_k9_6od_x1.2,seed_best.csv,D:\PSPS\runs_J_k9_6od_x1.2\analysis\seed_best.csv,both,4,13,13,D:\PSPS\runs_J_k9_6od_x1.2\both_seed4\g013_i013,1800,800966.0,444.9811111111111,330051.27999999974,166039.0,5604741.949999989,6.997477982835712,,9,"-111681903#3,-4877788#4,-502361003,172251699#1,219796124#1,4935286#2,60942914#1,814303496#0,876343451#1",OK,,,,,,,True
J_k9_6od_x1.2,seed_best.csv,D:\PSPS\runs_J_k9_6od_x1.2\analysis\seed_best.csv,both,5,1,3,D:\PSPS\runs_J_k9_6od_x1.2\both_seed5\g001_i003,1800,790804.0,439.3355555555556,327459.1399999998,163163.0,5482668.370000022,6.933030649819705,,8,"-28468730#0,-498037590,-5197053#0,-535519490#1,-803012921#1,25142441#5,26216780#1,274763815#1",OK,,,,,,,True
J_k9_6od_x1.2,seed_best.csv,D:\PSPS\runs_J_k9_6od_x1.2\analysis\seed_best.csv,both,6,11,2,D:\PSPS\runs_J_k9_6od_x1.2\both_seed6\g011_i002,1800,765443.0,425.24611111111113,302638.8999999998,143616.0,5483898.870000033,7.164346489549232,,9,"-219797807#1,-220934962,-535519490#0,-535519490#1,-7924760#1,106651999#3,5055277#4,627579930#0,778869028",OK,,,,,,,True
J_k9_6od_x1.2,seed_best.csv,D:\PSPS\runs_J_k9_6od_x1.2\analysis\seed_best.csv,both,7,13,4,D:\PSPS\runs_J_k9_6od_x1.2\both_seed7\g013_i004,1800,765833.0,425.4627777777778,304925.0999999997,146656.0,5462564.360000036,7.132840136165503,,9,"-240042196#2,-37551339#0,-4877786#2,-4911107#0,-535519490#1,-803012921#0,111677669#4,498037590,61902802",OK,,,,,,,True
J_k9_6od_x1.2,seed_best.csv,D:\PSPS\runs_J_k9_6od_x1.2\analysis\seed_best.csv,both,8,7,8,D:\PSPS\runs_J_k9_6od_x1.2\both_seed8\g007_i008,1800,745919.0,414.3994444444445,283691.3299999995,129972.0,5476744.350000037,7.342277579737259,,9,"-240042195#0,-535519490#1,-6272848#2,-880137010,-880140407,-96687079#4,219796104#1,4894996#2,876057376",OK,,,,,,,True
J_k9_6od_x1.2,seed_best.csv,D:\PSPS\runs_J_k9_6od_x1.2\analysis\seed_best.csv,both,9,4,21,D:\PSPS\runs_J_k9_6od_x1.2\both_seed9\g004_i021,1800,790804.0,439.3355555555556,327459.1399999998,163163.0,5482668.370000022,6.933030649819705,,9,"-219797807#3,-274763815#1,-311298682#0,-36970994#1,-535519490#1,24337240#0,465885893#0,4935286#0,876343449#4",OK,,,,,,,True
J_k9_6od_x1.2,seed_best.csv,D:\PSPS\runs_J_k9_6od_x1.2\analysis\seed_best.csv,init,0,3,6,D:\PSPS\runs_J_k9_6od_x1.2\init_seed0\g003_i006,1800,790804.0,439.3355555555556,327459.1399999998,163163.0,5482668.370000022,6.933030649819705,,9,"-219797787#1,-240042196#0,-280335874#0,-4970253#0,-535519490#1,106652009#2,127624156,219796117#1,26947645#2",OK,,,,,,,True
J_k9_6od_x1.2,seed_best.csv,D:\PSPS\runs_J_k9_6od_x1.2\analysis\seed_best.csv,init,1,13,14,D:\PSPS\runs_J_k9_6od_x1.2\init_seed1\g013_i014,1800,790804.0,439.3355555555556,327459.1399999998,163163.0,5482668.370000022,6.933030649819705,,9,"-106651997#0,-4911109#0,-535519490#1,219798592,240042195#2,36847663#1,36974908#1,4935286#1,69421990#0",OK,,,,,,,True
J_k9_6od_x1.2,seed_best.csv,D:\PSPS\runs_J_k9_6od_x1.2\analysis\seed_best.csv,init,2,14,1,D:\PSPS\runs_J_k9_6od_x1.2\init_seed2\g014_i001,1800,1085591.0,603.1061111111111,627263.129999999,377502.0,5535097.980000013,5.098695530821472,,9,"-23707342,-24337240#2,-4877786#0,-4970255#1,-835443464,219796104#4,231819412,28468730#1,828203038#2",OK,,,,,,,True
J_k9_6od_x1.2,seed_best.csv,D:\PSPS\runs_J_k9_6od_x1.2\analysis\seed_best.csv,init,3,4,23,D:\PSPS\runs_J_k9_6od_x1.2\init_seed3\g004_i023,1800,764385.0,424.65833333333336,298794.68999999994,145667.0,5505590.480000036,7.202640658830348,,9,"-111677669#3,-111681903#0,-535519490#1,-876343448#3,219796126#5,219797783#0,24337240#4,4929432#1,502361003",OK,,,,,,,True
J_k9_6od_x1.2,seed_best.csv,D:\PSPS\runs_J_k9_6od_x1.2\analysis\seed_best.csv,init,4,4,14,D:\PSPS\runs_J_k9_6od_x1.2\init_seed4\g004_i014,1800,690725.0,383.7361111111111,224868.08000000005,92278.0,5519726.710000023,7.991207369068766,,9,"-172249928#0,-172251688,-37551339#2,-40009020#0,-4970255#1,-535519490#1,274763815#1,5197062#1,835443463#2",OK,,,,,,,True
J_k9_6od_x1.2,seed_best.csv,D:\PSPS\runs_J_k9_6od_x1.2\analysis\seed_best.csv,init,5,1,3,D:\PSPS\runs_J_k9_6od_x1.2\init_seed5\g001_i003,1800,790804.0,439.3355555555556,327459.1399999998,163163.0,5482668.370000022,6.933030649819705,,8,"-28468730#0,-498037590,-5197053#0,-535519490#1,-803012921#1,25142441#5,26216780#1,274763815#1",OK,,,,,,,True
J_k9_6od_x1.2,seed_best.csv,D:\PSPS\runs_J_k9_6od_x1.2\analysis\seed_best.csv,init,6,13,20,D:\PSPS\runs_J_k9_6od_x1.2\init_seed6\g013_i020,1800,776452.0,431.3622222222222,313866.4699999992,154455.0,5475901.8800000185,7.052466707536356,,9,"-106652025#3,-120682116#0,-120682116#3,-219797807#1,-4877788#2,-535519490#1,127625589,248740644#0,62229567",OK,,,,,,,True
J_k9_6od_x1.2,seed_best.csv,D:\PSPS\runs_J_k9_6od_x1.2\analysis\seed_best.csv,init,7,12,14,D:\PSPS\runs_J_k9_6od_x1.2\init_seed7\g012_i014,1800,923834.0,513.2411111111111,451631.4399999995,243734.0,5618019.999999955,6.081200735196967,,9,"-120682116#0,-4877791,-4894992#1,-782714971#2,-813586709,107864729#2,27267512#2,4935286#2,61902788",OK,,,,,,,True
J_k9_6od_x1.2,seed_best.csv,D:\PSPS\runs_J_k9_6od_x1.2\analysis\seed_best.csv,init,8,10,4,D:\PSPS\runs_J_k9_6od_x1.2\init_seed8\g010_i004,1800,790804.0,439.3355555555556,327459.1399999998,163163.0,5482668.370000022,6.933030649819705,,9,"-120682116#4,-37650111#1,-5055277#4,-535519490#1,106652010#0,124266855#7,219797796#0,465886918#1,478100144",OK,,,,,,,True
J_k9_6od_x1.2,seed_best.csv,D:\PSPS\runs_J_k9_6od_x1.2\analysis\seed_best.csv,init,9,2,3,D:\PSPS\runs_J_k9_6od_x1.2\init_seed9\g002_i003,1800,790804.0,439.3355555555556,327459.1399999998,163163.0,5482668.370000022,6.933030649819705,,9,"-4911107#1,-5197061#1,-535519490#1,106652008,127624156,219796113#8,23359215#1,25072974#0,7924760#1",OK,,,,,,,True
J_k9_6od_x1.2,seed_best.csv,D:\PSPS\runs_J_k9_6od_x1.2\analysis\seed_best.csv,mutation,0,12,17,D:\PSPS\runs_J_k9_6od_x1.2\mutation_seed0\g012_i017,1800,785385.0,436.325,311325.6099999998,149504.0,5601501.530000036,7.13217279423472,,9,"-120682116#0,-25142441#1,-535519490#1,-783907721#1,-876343451#1,106652009#1,120682115,4935287#0,821347183",OK,,,,,,,True
J_k9_6od_x1.2,seed_best.csv,D:\PSPS\runs_J_k9_6od_x1.2\analysis\seed_best.csv,mutation,1,10,23,D:\PSPS\runs_J_k9_6od_x1.2\mutation_seed1\g010_i023,1800,790804.0,439.3355555555556,327459.1399999998,163163.0,5482668.370000022,6.933030649819705,,9,"-111677669#3,-23359215#0,-25142441#1,-37627664#2,-535519490#1,219796126#6,219797783#1,37628709#1,876343451#1",OK,,,,,,,True
J_k9_6od_x1.2,seed_best.csv,D:\PSPS\runs_J_k9_6od_x1.2\analysis\seed_best.csv,mutation,2,13,15,D:\PSPS\runs_J_k9_6od_x1.2\mutation_seed2\g013_i015,1800,790804.0,439.3355555555556,327459.1399999998,163163.0,5482668.370000022,6.933030649819705,,9,"-274763813#2,-535519490#1,-876343452#1,106652030#2,219796113#7,25142441#5,4924947#2,498033359#2,61902806#0",OK,,,,,,,True
J_k9_6od_x1.2,seed_best.csv,D:\PSPS\runs_J_k9_6od_x1.2\analysis\seed_best.csv,mutation,3,8,22,D:\PSPS\runs_J_k9_6od_x1.2\mutation_seed3\g008_i022,1800,774378.0,430.21,310599.3100000001,153468.0,5489930.310000038,7.089470917304001,,9,"-127625589,-4894996#1,-4895001#0,-535519490#1,-712622897#2,-782714966#1,219796104#4,41766849#3,4935286#0",OK,,,,,,,True
J_k9_6od_x1.2,seed_best.csv,D:\PSPS\runs_J_k9_6od_x1.2\analysis\seed_best.csv,mutation,4,13,12,D:\PSPS\runs_J_k9_6od_x1.2\mutation_seed4\g013_i012,1800,780895.0,433.8305555555556,314103.26000000007,157632.0,5512382.850000023,7.059057683811553,,9,"-172251690,-231819410#2,-4877788#4,-535519490#1,-782714971#4,4950115#2,4970254#4,5236305#0,61902797#1",OK,,,,,,,True
J_k9_6od_x1.2,seed_best.csv,D:\PSPS\runs_J_k9_6od_x1.2\analysis\seed_best.csv,mutation,5,15,9,D:\PSPS\runs_J_k9_6od_x1.2\mutation_seed5\g015_i009,1800,690725.0,383.7361111111111,224868.08000000005,92278.0,5519726.710000023,7.991207369068766,,9,"-219796106#0,-25142441#4,-37551339#2,-535519490#1,219797795,36269567,747494340,8162045,882243017",OK,,,,,,,True
J_k9_6od_x1.2,seed_best.csv,D:\PSPS\runs_J_k9_6od_x1.2\analysis\seed_best.csv,mutation,6,9,13,D:\PSPS\runs_J_k9_6od_x1.2\mutation_seed6\g009_i013,1800,774378.0,430.21,310599.3100000001,153468.0,5489930.310000038,7.089470917304001,,9,"-124266855#7,-325795946#0,-535519490#1,-712622899#2,-782714966#1,-814061747#9,25143145#1,61652404#1,803012921#1",OK,,,,,,,True
J_k9_6od_x1.2,seed_best.csv,D:\PSPS\runs_J_k9_6od_x1.2\analysis\seed_best.csv,mutation,7,10,12,D:\PSPS\runs_J_k9_6od_x1.2\mutation_seed7\g010_i012,1800,743257.0,412.9205555555556,281373.22000000026,133065.0,5521517.370000003,7.428813142694926,,9,"-120682113#0,-240042189,-410942713,-814061747#9,-828195561#0,219796102#0,274763813#4,4935286#2,4970254#0",OK,,,,,,,True
J_k9_6od_x1.2,seed_best.csv,D:\PSPS\runs_J_k9_6od_x1.2\analysis\seed_best.csv,mutation,8,6,10,D:\PSPS\runs_J_k9_6od_x1.2\mutation_seed8\g006_i010,1800,762379.0,423.5438888888889,297383.4400000001,143163.0,5498169.360000021,7.211858353915861,,9,"-172251699#1,-219796118#1,-535519490#1,106651991#2,106651997#1,111681903#0,5197053#3,712622896,814303496#1",OK,,,,,,,True
J_k9_6od_x1.2,seed_best.csv,D:\PSPS\runs_J_k9_6od_x1.2\analysis\seed_best.csv,mutation,9,3,3,D:\PSPS\runs_J_k9_6od_x1.2\mutation_seed9\g003_i003,1800,762379.0,423.5438888888889,297383.4400000001,143163.0,5498169.360000021,7.211858353915861,,9,"-240042196#3,-274763815#1,-37628709#0,-535519490#1,-876057368,111681903#0,219796113#5,26216781#1,814061747#8",OK,,,,,,,True
J_k9_6od_x1.2,seed_best.csv,D:\PSPS\runs_J_k9_6od_x1.2\analysis\seed_best.csv,none,0,5,2,D:\PSPS\runs_J_k9_6od_x1.2\none_seed0\g005_i002,1800,790804.0,439.3355555555556,327459.1399999998,163163.0,5482668.370000022,6.933030649819705,,9,"-124266855#5,-25142441#3,-5197045#1,-535519490#1,-814061747#9,280335866#0,4877788#2,5197061#1,814303496#1",OK,,,,,,,True
J_k9_6od_x1.2,seed_best.csv,D:\PSPS\runs_J_k9_6od_x1.2\analysis\seed_best.csv,none,1,9,5,D:\PSPS\runs_J_k9_6od_x1.2\none_seed1\g009_i005,1800,790804.0,439.3355555555556,327459.1399999998,163163.0,5482668.370000022,6.933030649819705,,9,"-219796100#1,-274763815#1,-4895001#0,-502325083,-502361001,-535519490#1,219796126#3,4970254#5,5197053#2",OK,,,,,,,True
J_k9_6od_x1.2,seed_best.csv,D:\PSPS\runs_J_k9_6od_x1.2\analysis\seed_best.csv,none,2,14,16,D:\PSPS\runs_J_k9_6od_x1.2\none_seed2\g014_i016,1800,790804.0,439.3355555555556,327459.1399999998,163163.0,5482668.370000022,6.933030649819705,,9,"-124266855#1,-172249926#1,-535519490#1,106652025#1,120682116#7,231818115#1,5055277#4,70018790#1,gneE3",OK,,,,,,,True
J_k9_6od_x1.2,seed_best.csv,D:\PSPS\runs_J_k9_6od_x1.2\analysis\seed_best.csv,none,3,8,15,D:\PSPS\runs_J_k9_6od_x1.2\none_seed3\g008_i015,1800,690725.0,383.7361111111111,224868.08000000005,92278.0,5519726.710000023,7.991207369068766,,9,"-37551339#2,-4929432#1,-4970255#2,-535519490#1,-652756923#0,106652003#0,220934962,5236308#1,876343449#2",OK,,,,,,,True
J_k9_6od_x1.2,seed_best.csv,D:\PSPS\runs_J_k9_6od_x1.2\analysis\seed_best.csv,none,4,12,8,D:\PSPS\runs_J_k9_6od_x1.2\none_seed4\g012_i008,1800,789558.0,438.6433333333333,328168.86000000034,165941.0,5462100.700000023,6.917922052591479,,9,"-4929432#2,-4950193,-535519490#1,-6263818#1,-835443464,172249931#2,465885895#1,4970256#8,96687079#0",OK,,,,,,,True
J_k9_6od_x1.2,seed_best.csv,D:\PSPS\runs_J_k9_6od_x1.2\analysis\seed_best.csv,none,5,14,22,D:\PSPS\runs_J_k9_6od_x1.2\none_seed5\g014_i022,1800,790804.0,439.3355555555556,327459.1399999998,163163.0,5482668.370000022,6.933030649819705,,9,"-172249931#2,-219797807#3,-4877785,-4911107#0,-4970256#6,-535519490#1,-760785104#0,219796113#0,37649100#0",OK,,,,,,,True
J_k9_6od_x1.2,seed_best.csv,D:\PSPS\runs_J_k9_6od_x1.2\analysis\seed_best.csv,none,6,13,9,D:\PSPS\runs_J_k9_6od_x1.2\none_seed6\g013_i009,1800,790804.0,439.3355555555556,327459.1399999998,163163.0,5482668.370000022,6.933030649819705,,9,"-172249931#2,-4877786#3,-4950115#2,-535519490#1,23359215#2,24337240#3,332644488,6263815#0,803012921#0",OK,,,,,,,True
J_k9_6od_x1.2,seed_best.csv,D:\PSPS\runs_J_k9_6od_x1.2\analysis\seed_best.csv,none,7,4,12,D:\PSPS\runs_J_k9_6od_x1.2\none_seed7\g004_i012,1800,1000015.0,555.5638888888889,531292.7800000004,317908.0,5567587.470000027,5.567503957440665,,9,"-106652024,-274763813#4,-37627664#0,255228359,37651116#1,4970253#1,5029410#1,747796587#1,880140407",OK,,,,,,,True
J_k9_6od_x1.2,seed_best.csv,D:\PSPS\runs_J_k9_6od_x1.2\analysis\seed_best.csv,none,8,11,6,D:\PSPS\runs_J_k9_6od_x1.2\none_seed8\g011_i006,1800,790804.0,439.3355555555556,327459.1399999998,163163.0,5482668.370000022,6.933030649819705,,9,"-172251699#1,-28468732#0,-535519490#1,106651997#0,106652003#0,106652007#2,280335866#1,474168056#1,783647325#0",OK,,,,,,,True
J_k9_6od_x1.2,seed_best.csv,D:\PSPS\runs_J_k9_6od_x1.2\analysis\seed_best.csv,none,9,2,4,D:\PSPS\runs_J_k9_6od_x1.2\none_seed9\g002_i004,1800,790804.0,439.3355555555556,327459.1399999998,163163.0,5482668.370000022,6.933030649819705,,9,"-37627664#3,-4924947#2,-5197053#2,-535519490#1,106652005#1,219796106#0,474166985#1,876057378#2,96687079#3",OK,,,,,,,True
A_k4_3od_x0.8,seed_best.csv,D:\PSPS\runs_A_k4_3od_x0.8_pm01k0\analysis\seed_best.csv,both,0,10,21,D:\PSPS\runs_A_k4_3od_x0.8_pm01k0\both_seed0\g010_i021,800,146912.0,183.64,90720.77000000003,68367.0,761858.839999999,5.185817632324106,,4,"E16,E21,E27,E42",OK,,,,,,,True
A_k4_3od_x0.8,seed_best.csv,D:\PSPS\runs_A_k4_3od_x0.8_pm01k0\analysis\seed_best.csv,both,1,12,8,D:\PSPS\runs_A_k4_3od_x0.8_pm01k0\both_seed1\g012_i008,800,144844.0,181.055,91376.99,68117.0,725853.059999997,5.011274612686732,,4,"E1,E20,E27,E42",OK,,,,,,,True
A_k4_3od_x0.8,seed_best.csv,D:\PSPS\runs_A_k4_3od_x0.8_pm01k0\analysis\seed_best.csv,both,2,4,10,D:\PSPS\runs_A_k4_3od_x0.8_pm01k0\both_seed2\g004_i010,800,147780.0,184.725,93103.12999999992,70529.0,742907.2599999997,5.027116389227228,,4,"E21,E23,E27,E42",OK,,,,,,,True
A_k4_3od_x0.8,seed_best.csv,D:\PSPS\runs_A_k4_3od_x0.8_pm01k0\analysis\seed_best.csv,both,3,15,4,D:\PSPS\runs_A_k4_3od_x0.8_pm01k0\both_seed3\g015_i004,800,144844.0,181.055,91376.99,68117.0,725853.059999997,5.011274612686732,,4,"E1,E20,E27,E42",OK,,,,,,,True
A_k4_3od_x0.8,seed_best.csv,D:\PSPS\runs_A_k4_3od_x0.8_pm01k0\analysis\seed_best.csv,both,4,11,10,D:\PSPS\runs_A_k4_3od_x0.8_pm01k0\both_seed4\g011_i010,800,147780.0,184.725,93103.12999999992,70529.0,742907.2599999997,5.027116389227228,,4,"E21,E23,E27,E42",OK,,,,,,,True
A_k4_3od_x0.8,seed_best.csv,D:\PSPS\runs_A_k4_3od_x0.8_pm01k0\analysis\seed_best.csv,both,5,2,6,D:\PSPS\runs_A_k4_3od_x0.8_pm01k0\both_seed5\g002_i006,800,144844.0,181.055,91376.99,68117.0,725853.059999997,5.011274612686732,,4,"E1,E20,E27,E42",OK,,,,,,,True
A_k4_3od_x0.8,seed_best.csv,D:\PSPS\runs_A_k4_3od_x0.8_pm01k0\analysis\seed_best.csv,both,6,12,3,D:\PSPS\runs_A_k4_3od_x0.8_pm01k0\both_seed6\g012_i003,800,147477.0,184.34625,93343.57000000004,69740.0,735146.1699999977,4.984819124338017,,4,"E20,E27,E38,E42",OK,,,,,,,True
A_k4_3od_x0.8,seed_best.csv,D:\PSPS\runs_A_k4_3od_x0.8_pm01k0\analysis\seed_best.csv,both,7,5,3,D:\PSPS\runs_A_k4_3od_x0.8_pm01k0\both_seed7\g005_i003,800,146912.0,183.64,90720.77000000003,68367.0,761858.839999999,5.185817632324106,,4,"E16,E21,E27,E42",OK,,,,,,,True
A_k4_3od_x0.8,seed_best.csv,D:\PSPS\runs_A_k4_3od_x0.8_pm01k0\analysis\seed_best.csv,both,8,9,21,D:\PSPS\runs_A_k4_3od_x0.8_pm01k0\both_seed8\g009_i021,800,153240.0,191.55,98373.59000000011,75426.0,744997.25,4.86163697468024,,4,"E1,E20,E21,E42",OK,,,,,,,True
A_k4_3od_x0.8,seed_best.csv,D:\PSPS\runs_A_k4_3od_x0.8_pm01k0\analysis\seed_best.csv,both,9,6,9,D:\PSPS\runs_A_k4_3od_x0.8_pm01k0\both_seed9\g006_i009,800,145628.0,182.035,91782.69000000005,68455.0,731471.0599999968,5.022873760540533,,4,"E20,E23,E27,E42",OK,,,,,,,True
A_k4_3od_x0.8,seed_best.csv,D:\PSPS\runs_A_k4_3od_x0.8_pm01k0\analysis\seed_best.csv,init,0,4,20,D:\PSPS\runs_A_k4_3od_x0.8_pm01k0\init_seed0\g004_i020,800,148462.0,185.5775,93291.31000000008,70417.0,748685.6299999997,5.042944524524792,,4,"E21,E27,E39,E42",OK,,,,,,,True
A_k4_3od_x0.8,seed_best.csv,D:\PSPS\runs_A_k4_3od_x0.8_pm01k0\analysis\seed_best.csv,init,1,6,19,D:\PSPS\runs_A_k4_3od_x0.8_pm01k0\init_seed1\g006_i019,800,149830.0,187.2875,94807.06000000004,72517.0,746121.519999999,4.979787225522252,,4,"E1,E16,E27,E42",OK,,,,,,,True
A_k4_3od_x0.8,seed_best.csv,D:\PSPS\runs_A_k4_3od_x0.8_pm01k0\analysis\seed_best.csv,init,2,5,19,D:\PSPS\runs_A_k4_3od_x0.8_pm01k0\init_seed2\g005_i019,800,151584.0,189.48,98042.55000000012,75589.0,727405.7499999995,4.7986974218914895,,4,"E1,E25,E27,E42",OK,,,,,,,True
A_k4_3od_x0.8,seed_best.csv,D:\PSPS\runs_A_k4_3od_x0.8_pm01k0\analysis\seed_best.csv,init,3,12,17,D:\PSPS\runs_A_k4_3od_x0.8_pm01k0\init_seed3\g012_i017,800,144826.0,181.0325,90229.47000000002,66643.0,740040.559999997,5.109859831798137,,4,"E20,E27,E42,E6",OK,,,,,,,True
A_k4_3od_x0.8,seed_best.csv,D:\PSPS\runs_A_k4_3od_x0.8_pm01k0\analysis\seed_best.csv,init,4,15,16,D:\PSPS\runs_A_k4_3od_x0.8_pm01k0\init_seed4\g015_i016,800,151479.0,189.34875,96717.36999999997,72819.0,742778.1099999974,4.903505502412859,,4,"E14,E20,E27,E42",OK,,,,,,,True
A_k4_3od_x0.8,seed_best.csv,D:\PSPS\runs_A_k4_3od_x0.8_pm01k0\analysis\seed_best.csv,init,5,6,16,D:\PSPS\runs_A_k4_3od_x0.8_pm01k0\init_seed5\g006_i016,800,151756.0,189.695,95891.47000000012,73494.0,758536.57,4.998395911858509,,4,"E16,E17,E21,E27",OK,,,,,,,True
A_k4_3od_x0.8,seed_best.csv,D:\PSPS\runs_A_k4_3od_x0.8_pm01k0\analysis\seed_best.csv,init,6,14,23,D:\PSPS\runs_A_k4_3od_x0.8_pm01k0\init_seed6\g014_i023,800,145628.0,182.035,91782.69000000005,68455.0,731471.0599999968,5.022873760540533,,4,"E20,E23,E27,E42",OK,,,,,,,True
A_k4_3od_x0.8,seed_best.csv,D:\PSPS\runs_A_k4_3od_x0.8_pm01k0\analysis\seed_best.csv,init,7,12,18,D:\PSPS\runs_A_k4_3od_x0.8_pm01k0\init_seed7\g012_i018,800,150210.0,187.7625,96185.40999999992,72431.0,733722.5299999971,4.884645030290907,,4,"E15,E20,E27,E42",OK,,,,,,,True
A_k4_3od_x0.8,seed_best.csv,D:\PSPS\runs_A_k4_3od_x0.8_pm01k0\analysis\seed_best.csv,init,8,6,14,D:\PSPS\runs_A_k4_3od_x0.8_pm01k0\init_seed8\g006_i014,800,151584.0,189.48,98042.55000000012,75589.0,727405.7499999995,4.7986974218914895,,4,"E1,E25,E27,E42",OK,,,,,,,True
A_k4_3od_x0.8,seed_best.csv,D:\PSPS\runs_A_k4_3od_x0.8_pm01k0\analysis\seed_best.csv,init,9,12,17,D:\PSPS\runs_A_k4_3od_x0.8_pm01k0\init_seed9\g012_i017,800,147780.0,184.725,93103.12999999992,70529.0,742907.2599999997,5.027116389227228,,4,"E21,E23,E27,E42",OK,,,,,,,True
A_k4_3od_x0.8,seed_best.csv,D:\PSPS\runs_A_k4_3od_x0.8_pm01k0\analysis\seed_best.csv,mutation,0,7,5,D:\PSPS\runs_A_k4_3od_x0.8_pm01k0\mutation_seed0\g007_i005,800,151283.0,189.10375,94784.28000000016,71777.0,765317.12,5.058844153011244,,4,"E14,E20,E21,E42",OK,,,,,,,True
A_k4_3od_x0.8,seed_best.csv,D:\PSPS\runs_A_k4_3od_x0.8_pm01k0\analysis\seed_best.csv,mutation,1,14,4,D:\PSPS\runs_A_k4_3od_x0.8_pm01k0\mutation_seed1\g014_i004,800,147780.0,184.725,93103.12999999992,70529.0,742907.2599999997,5.027116389227228,,4,"E21,E23,E27,E42",OK,,,,,,,True
A_k4_3od_x0.8,seed_best.csv,D:\PSPS\runs_A_k4_3od_x0.8_pm01k0\analysis\seed_best.csv,mutation,2,11,8,D:\PSPS\runs_A_k4_3od_x0.8_pm01k0\mutation_seed2\g011_i008,800,144826.0,181.0325,90229.47000000002,66643.0,740040.559999997,5.109859831798137,,4,"E20,E27,E42,E6",OK,,,,,,,True
A_k4_3od_x0.8,seed_best.csv,D:\PSPS\runs_A_k4_3od_x0.8_pm01k0\analysis\seed_best.csv,mutation,3,6,11,D:\PSPS\runs_A_k4_3od_x0.8_pm01k0\mutation_seed3\g006_i011,800,145628.0,182.035,91782.69000000005,68455.0,731471.0599999968,5.022873760540533,,4,"E20,E23,E27,E42",OK,,,,,,,True
A_k4_3od_x0.8,seed_best.csv,D:\PSPS\runs_A_k4_3od_x0.8_pm01k0\analysis\seed_best.csv,mutation,4,11,14,D:\PSPS\runs_A_k4_3od_x0.8_pm01k0\mutation_seed4\g011_i014,800,144844.0,181.055,91376.99,68117.0,725853.059999997,5.011274612686732,,4,"E1,E20,E27,E42",OK,,,,,,,True
A_k4_3od_x0.8,seed_best.csv,D:\PSPS\runs_A_k4_3od_x0.8_pm01k0\analysis\seed_best.csv,mutation,5,8,18,D:\PSPS\runs_A_k4_3od_x0.8_pm01k0\mutation_seed5\g008_i018,800,147780.0,184.725,93103.12999999992,70529.0,742907.2599999997,5.027116389227228,,4,"E21,E23,E27,E42",OK,,,,,,,True
A_k4_3od_x0.8,seed_best.csv,D:\PSPS\runs_A_k4_3od_x0.8_pm01k0\analysis\seed_best.csv,mutation,6,11,15,D:\PSPS\runs_A_k4_3od_x0.8_pm01k0\mutation_seed6\g011_i015,800,145628.0,182.035,91782.69000000005,68455.0,731471.0599999968,5.022873760540533,,4,"E20,E23,E27,E42",OK,,,,,,,True
A_k4_3od_x0.8,seed_best.csv,D:\PSPS\runs_A_k4_3od_x0.8_pm01k0\analysis\seed_best.csv,mutation,7,7,14,D:\PSPS\runs_A_k4_3od_x0.8_pm01k0\mutation_seed7\g007_i014,800,148018.0,185.0225,92884.05,70721.0,748054.9899999982,5.0538109554243285,,4,"E20,E21,E27,E42",OK,,,,,,,True
A_k4_3od_x0.8,seed_best.csv,D:\PSPS\runs_A_k4_3od_x0.8_pm01k0\analysis\seed_best.csv,mutation,8,15,14,D:\PSPS\runs_A_k4_3od_x0.8_pm01k0\mutation_seed8\g015_i014,800,144826.0,181.0325,90229.47000000002,66643.0,740040.559999997,5.109859831798137,,4,"E20,E27,E42,E6",OK,,,,,,,True
A_k4_3od_x0.8,seed_best.csv,D:\PSPS\runs_A_k4_3od_x0.8_pm01k0\analysis\seed_best.csv,mutation,9,14,16,D:\PSPS\runs_A_k4_3od_x0.8_pm01k0\mutation_seed9\g014_i016,800,153930.0,192.4125,98839.41999999993,75113.0,748013.2599999991,4.859437796400956,,4,"E21,E27,E42,E8",OK,,,,,,,True
A_k4_3od_x0.8,seed_best.csv,D:\PSPS\runs_A_k4_3od_x0.8_pm01k0\analysis\seed_best.csv,none,0,14,15,D:\PSPS\runs_A_k4_3od_x0.8_pm01k0\none_seed0\g014_i015,800,149934.0,187.4175,95874.20000000006,72478.0,733845.6799999983,4.894458094895076,,4,"E1,E27,E33,E42",OK,,,,,,,True
A_k4_3od_x0.8,seed_best.csv,D:\PSPS\runs_A_k4_3od_x0.8_pm01k0\analysis\seed_best.csv,none,1,7,15,D:\PSPS\runs_A_k4_3od_x0.8_pm01k0\none_seed1\g007_i015,800,152398.0,190.4975,97714.26999999992,75195.0,742523.9299999985,4.872268205619487,,4,"E1,E15,E21,E42",OK,,,,,,,True
A_k4_3od_x0.8,seed_best.csv,D:\PSPS\runs_A_k4_3od_x0.8_pm01k0\analysis\seed_best.csv,none,2,7,15,D:\PSPS\runs_A_k4_3od_x0.8_pm01k0\none_seed2\g007_i015,800,151554.0,189.4425,97249.97,73656.0,736753.229999998,4.861324874302216,,4,"E17,E20,E27,E42",OK,,,,,,,True
A_k4_3od_x0.8,seed_best.csv,D:\PSPS\runs_A_k4_3od_x0.8_pm01k0\analysis\seed_best.csv,none,3,6,17,D:\PSPS\runs_A_k4_3od_x0.8_pm01k0\none_seed3\g006_i017,800,150661.0,188.32625,94200.57000000002,71168.0,764883.8100000003,5.076853399353517,,4,"E14,E21,E27,E42",OK,,,,,,,True
A_k4_3od_x0.8,seed_best.csv,D:\PSPS\runs_A_k4_3od_x0.8_pm01k0\analysis\seed_best.csv,none,4,12,12,D:\PSPS\runs_A_k4_3od_x0.8_pm01k0\none_seed4\g012_i012,800,155602.0,194.5025,99596.63999999996,76714.0,760060.1200000006,4.8846423567820505,,4,"E16,E17,E21,E38",OK,,,,,,,True
A_k4_3od_x0.8,seed_best.csv,D:\PSPS\runs_A_k4_3od_x0.8_pm01k0\analysis\seed_best.csv,none,5,13,11,D:\PSPS\runs_A_k4_3od_x0.8_pm01k0\none_seed5\g013_i011,800,148018.0,185.0225,92884.05,70721.0,748054.9899999982,5.0538109554243285,,4,"E20,E21,E27,E42",OK,,,,,,,True
A_k4_3od_x0.8,seed_best.csv,D:\PSPS\runs_A_k4_3od_x0.8_pm01k0\analysis\seed_best.csv,none,6,12,13,D:\PSPS\runs_A_k4_3od_x0.8_pm01k0\none_seed6\g012_i013,800,152398.0,190.4975,97714.26999999992,75195.0,742523.9299999985,4.872268205619487,,4,"E1,E21,E3,E42",OK,,,,,,,True
A_k4_3od_x0.8,seed_best.csv,D:\PSPS\runs_A_k4_3od_x0.8_pm01k0\analysis\seed_best.csv,none,7,5,15,D:\PSPS\runs_A_k4_3od_x0.8_pm01k0\none_seed7\g005_i015,800,146912.0,183.64,90720.77000000003,68367.0,761858.839999999,5.185817632324106,,4,"E16,E21,E27,E42",OK,,,,,,,True
A_k4_3od_x0.8,seed_best.csv,D:\PSPS\runs_A_k4_3od_x0.8_pm01k0\analysis\seed_best.csv,none,8,10,5,D:\PSPS\runs_A_k4_3od_x0.8_pm01k0\none_seed8\g010_i005,800,152398.0,190.4975,97714.26999999992,75195.0,742523.9299999985,4.872268205619487,,4,"E1,E21,E42,E8",OK,,,,,,,True
A_k4_3od_x0.8,seed_best.csv,D:\PSPS\runs_A_k4_3od_x0.8_pm01k0\analysis\seed_best.csv,none,9,11,21,D:\PSPS\runs_A_k4_3od_x0.8_pm01k0\none_seed9\g011_i021,800,147780.0,184.725,93103.12999999992,70529.0,742907.2599999997,5.027116389227228,,4,"E21,E23,E27,E42",OK,,,,,,,True
A_k4_3od_x1.0,seed_best.csv,D:\PSPS\runs_A_k4_3od_x1.0_pm01k0\analysis\seed_best.csv,both,0,7,19,D:\PSPS\runs_A_k4_3od_x1.0_pm01k0\both_seed0\g007_i019,1000,236189.0,236.189,165091.9600000001,129653.0,961694.2399999992,4.07171477079796,,4,"E16,E17,E21,E27",OK,,,,,,,True
A_k4_3od_x1.0,seed_best.csv,D:\PSPS\runs_A_k4_3od_x1.0_pm01k0\analysis\seed_best.csv,both,1,9,13,D:\PSPS\runs_A_k4_3od_x1.0_pm01k0\both_seed1\g009_i013,1000,238848.0,238.848,169154.65999999986,132564.0,942418.7599999942,3.945684117095367,,4,"E1,E27,E42,E6",OK,,,,,,,True
A_k4_3od_x1.0,seed_best.csv,D:\PSPS\runs_A_k4_3od_x1.0_pm01k0\analysis\seed_best.csv,both,2,6,23,D:\PSPS\runs_A_k4_3od_x1.0_pm01k0\both_seed2\g006_i023,1000,237496.0,237.496,166833.1600000003,131257.0,955454.3900000012,4.023033608987103,,4,"E16,E20,E21,E27",OK,,,,,,,True
A_k4_3od_x1.0,seed_best.csv,D:\PSPS\runs_A_k4_3od_x1.0_pm01k0\analysis\seed_best.csv,both,3,4,9,D:\PSPS\runs_A_k4_3od_x1.0_pm01k0\both_seed3\g004_i009,1000,236189.0,236.189,165091.9600000001,129653.0,961694.2399999992,4.07171477079796,,4,"E16,E17,E21,E27",OK,,,,,,,True
A_k4_3od_x1.0,seed_best.csv,D:\PSPS\runs_A_k4_3od_x1.0_pm01k0\analysis\seed_best.csv,both,4,14,1,D:\PSPS\runs_A_k4_3od_x1.0_pm01k0\both_seed4\g014_i001,1000,224053.0,224.053,153911.58000000007,120562.0,949068.6499999953,4.235911369184948,,4,"E19,E21,E27,E42",OK,,,,,,,True
A_k4_3od_x1.0,seed_best.csv,D:\PSPS\runs_A_k4_3od_x1.0_pm01k0\analysis\seed_best.csv,both,5,6,22,D:\PSPS\runs_A_k4_3od_x1.0_pm01k0\both_seed5\g006_i022,1000,229631.0,229.631,158207.37000000005,123539.0,964717.6899999984,4.201164868854809,,4,"E16,E21,E27,E42",OK,,,,,,,True
A_k4_3od_x1.0,seed_best.csv,D:\PSPS\runs_A_k4_3od_x1.0_pm01k0\analysis\seed_best.csv,both,6,5,1,D:\PSPS\runs_A_k4_3od_x1.0_pm01k0\both_seed6\g005_i001,1000,247213.0,247.213,176882.80999999985,140382.0,950629.0399999972,3.845384506478208,,4,"E21,E27,E30,E42",OK,,,,,,,True
A_k4_3od_x1.0,seed_best.csv,D:\PSPS\runs_A_k4_3od_x1.0_pm01k0\analysis\seed_best.csv,both,7,9,1,D:\PSPS\runs_A_k4_3od_x1.0_pm01k0\both_seed7\g009_i001,1000,224053.0,224.053,153911.58000000007,120562.0,949068.6499999953,4.235911369184948,,4,"E19,E21,E27,E42",OK,,,,,,,True
A_k4_3od_x1.0,seed_best.csv,D:\PSPS\runs_A_k4_3od_x1.0_pm01k0\analysis\seed_best.csv,both,8,12,13,D:\PSPS\runs_A_k4_3od_x1.0_pm01k0\both_seed8\g012_i013,1000,234812.0,234.812,164261.38999999993,128546.0,954113.6899999952,4.063308902441082,,4,"E21,E27,E3,E42",OK,,,,,,,True
A_k4_3od_x1.0,seed_best.csv,D:\PSPS\runs_A_k4_3od_x1.0_pm01k0\analysis\seed_best.csv,both,9,13,13,D:\PSPS\runs_A_k4_3od_x1.0_pm01k0\both_seed9\g013_i013,1000,245017.0,245.017,174767.6199999999,136207.0,948479.7599999962,3.87107735381625,,4,"E1,E10,E27,E8",OK,,,,,,,True
A_k4_3od_x1.0,seed_best.csv,D:\PSPS\runs_A_k4_3od_x1.0_pm01k0\analysis\seed_best.csv,init,0,10,18,D:\PSPS\runs_A_k4_3od_x1.0_pm01k0\init_seed0\g010_i018,1000,223893.0,223.893,154171.21999999997,120616.0,943151.8099999982,4.212511378202973,,4,"E1,E21,E27,E42",OK,,,,,,,True
A_k4_3od_x1.0,seed_best.csv,D:\PSPS\runs_A_k4_3od_x1.0_pm01k0\analysis\seed_best.csv,init,1,9,18,D:\PSPS\runs_A_k4_3od_x1.0_pm01k0\init_seed1\g009_i018,1000,230928.0,230.928,160639.1099999999,125560.0,950458.3299999957,4.115821078431353,,4,"E11,E21,E27,E42",OK,,,,,,,True
A_k4_3od_x1.0,seed_best.csv,D:\PSPS\runs_A_k4_3od_x1.0_pm01k0\analysis\seed_best.csv,init,2,14,13,D:\PSPS\runs_A_k4_3od_x1.0_pm01k0\init_seed2\g014_i013,1000,250921.0,250.921,181157.61000000016,142716.0,943573.0299999987,3.760438663961959,,4,"E21,E27,E30,E5",OK,,,,,,,True
A_k4_3od_x1.0,seed_best.csv,D:\PSPS\runs_A_k4_3od_x1.0_pm01k0\analysis\seed_best.csv,init,3,5,18,D:\PSPS\runs_A_k4_3od_x1.0_pm01k0\init_seed3\g005_i018,1000,241102.0,241.102,170846.55999999988,133791.0,950478.399999996,3.942225282245672,,4,"E1,E21,E37,E42",OK,,,,,,,True
A_k4_3od_x1.0,seed_best.csv,D:\PSPS\runs_A_k4_3od_x1.0_pm01k0\analysis\seed_best.csv,init,4,12,13,D:\PSPS\runs_A_k4_3od_x1.0_pm01k0\init_seed4\g012_i013,1000,250135.0,250.135,181043.0,144381.0,935346.010000001,3.739364783017175,,4,"E1,E17,E20,E21",OK,,,,,,,True
A_k4_3od_x1.0,seed_best.csv,D:\PSPS\runs_A_k4_3od_x1.0_pm01k0\analysis\seed_best.csv,init,5,11,17,D:\PSPS\runs_A_k4_3od_x1.0_pm01k0\init_seed5\g011_i017,1000,223893.0,223.893,154171.21999999997,120616.0,943151.8099999982,4.212511378202973,,4,"E1,E21,E27,E42",OK,,,,,,,True
A_k4_3od_x1.0,seed_best.csv,D:\PSPS\runs_A_k4_3od_x1.0_pm01k0\analysis\seed_best.csv,init,6,10,21,D:\PSPS\runs_A_k4_3od_x1.0_pm01k0\init_seed6\g010_i021,1000,244083.0,244.083,175258.42000000013,137884.0,931095.6799999984,3.8146682890655983,,4,"E1,E21,E23,E27",OK,,,,,,,True
A_k4_3od_x1.0,seed_best.csv,D:\PSPS\runs_A_k4_3od_x1.0_pm01k0\analysis\seed_best.csv,init,7,14,10,D:\PSPS\runs_A_k4_3od_x1.0_pm01k0\init_seed7\g014_i010,1000,236482.0,236.482,166128.41999999998,130151.0,951005.179999996,4.021469625595166,,4,"E21,E27,E37,E42",OK,,,,,,,True
A_k4_3od_x1.0,seed_best.csv,D:\PSPS\runs_A_k4_3od_x1.0_pm01k0\analysis\seed_best.csv,init,8,14,17,D:\PSPS\runs_A_k4_3od_x1.0_pm01k0\init_seed8\g014_i017,1000,234275.0,234.275,163148.37000000014,128019.0,961167.109999994,4.102730167538124,,4,"E21,E27,E32,E42",OK,,,,,,,True
A_k4_3od_x1.0,seed_best.csv,D:\PSPS\runs_A_k4_3od_x1.0_pm01k0\analysis\seed_best.csv,init,9,8,7,D:\PSPS\runs_A_k4_3od_x1.0_pm01k0\init_seed9\g008_i007,1000,242387.0,242.387,170673.02999999982,135079.0,969258.9799999986,3.998807609318976,,4,"E16,E17,E21,E36",OK,,,,,,,True
A_k4_3od_x1.0,seed_best.csv,D:\PSPS\runs_A_k4_3od_x1.0_pm01k0\analysis\seed_best.csv,mutation,0,15,6,D:\PSPS\runs_A_k4_3od_x1.0_pm01k0\mutation_seed0\g015_i006,1000,233371.0,233.371,161759.7199999999,125754.0,966200.4699999988,4.14019081205462,,4,"E16,E20,E21,E42",OK,,,,,,,True
A_k4_3od_x1.0,seed_best.csv,D:\PSPS\runs_A_k4_3od_x1.0_pm01k0\analysis\seed_best.csv,mutation,1,8,15,D:\PSPS\runs_A_k4_3od_x1.0_pm01k0\mutation_seed1\g008_i015,1000,230928.0,230.928,160639.1099999999,125560.0,950458.3299999957,4.115821078431353,,4,"E11,E21,E27,E42",OK,,,,,,,True
A_k4_3od_x1.0,seed_best.csv,D:\PSPS\runs_A_k4_3od_x1.0_pm01k0\analysis\seed_best.csv,mutation,2,11,6,D:\PSPS\runs_A_k4_3od_x1.0_pm01k0\mutation_seed2\g011_i006,1000,230928.0,230.928,160639.1099999999,125560.0,950458.3299999957,4.115821078431353,,4,"E11,E21,E27,E42",OK,,,,,,,True
A_k4_3od_x1.0,seed_best.csv,D:\PSPS\runs_A_k4_3od_x1.0_pm01k0\analysis\seed_best.csv,mutation,3,11,13,D:\PSPS\runs_A_k4_3od_x1.0_pm01k0\mutation_seed3\g011_i013,1000,224053.0,224.053,153911.58000000007,120562.0,949068.6499999953,4.235911369184948,,4,"E19,E21,E27,E42",OK,,,,,,,True
A_k4_3od_x1.0,seed_best.csv,D:\PSPS\runs_A_k4_3od_x1.0_pm01k0\analysis\seed_best.csv,mutation,4,4,3,D:\PSPS\runs_A_k4_3od_x1.0_pm01k0\mutation_seed4\g004_i003,1000,240346.0,240.346,169908.9599999999,134128.0,952453.6899999988,3.9628439416507817,,4,"E17,E20,E21,E42",OK,,,,,,,True
A_k4_3od_x1.0,seed_best.csv,D:\PSPS\runs_A_k4_3od_x1.0_pm01k0\analysis\seed_best.csv,mutation,5,15,12,D:\PSPS\runs_A_k4_3od_x1.0_pm01k0\mutation_seed5\g015_i012,1000,231718.0,231.718,161839.43000000014,126520.0,944445.2299999968,4.075838864481813,,4,"E20,E21,E30,E42",OK,,,,,,,True
A_k4_3od_x1.0,seed_best.csv,D:\PSPS\runs_A_k4_3od_x1.0_pm01k0\analysis\seed_best.csv,mutation,6,9,23,D:\PSPS\runs_A_k4_3od_x1.0_pm01k0\mutation_seed6\g009_i023,1000,236189.0,236.189,165091.9600000001,129653.0,961694.2399999992,4.07171477079796,,4,"E16,E17,E21,E27",OK,,,,,,,True
A_k4_3od_x1.0,seed_best.csv,D:\PSPS\runs_A_k4_3od_x1.0_pm01k0\analysis\seed_best.csv,mutation,7,15,15,D:\PSPS\runs_A_k4_3od_x1.0_pm01k0\mutation_seed7\g015_i015,1000,242950.0,242.95,173220.05000000008,136749.0,942843.0599999956,3.880811113397801,,4,"E20,E25,E27,E42",OK,,,,,,,True
A_k4_3od_x1.0,seed_best.csv,D:\PSPS\runs_A_k4_3od_x1.0_pm01k0\analysis\seed_best.csv,mutation,8,12,23,D:\PSPS\runs_A_k4_3od_x1.0_pm01k0\mutation_seed8\g012_i023,1000,242966.0,242.966,172608.93,136826.0,951548.82,3.9163867372389554,,4,"E1,E16,E21,E25",OK,,,,,,,True
A_k4_3od_x1.0,seed_best.csv,D:\PSPS\runs_A_k4_3od_x1.0_pm01k0\analysis\seed_best.csv,mutation,9,12,10,D:\PSPS\runs_A_k4_3od_x1.0_pm01k0\mutation_seed9\g012_i010,1000,229631.0,229.631,158207.37000000005,123539.0,964717.6899999984,4.201164868854809,,4,"E16,E21,E27,E42",OK,,,,,,,True
A_k4_3od_x1.0,seed_best.csv,D:\PSPS\runs_A_k4_3od_x1.0_pm01k0\analysis\seed_best.csv,none,0,4,3,D:\PSPS\runs_A_k4_3od_x1.0_pm01k0\none_seed0\g004_i003,1000,241621.0,241.621,171018.80000000008,133105.0,952703.6199999952,3.9429669606532345,,4,"E1,E10,E13,E27",OK,,,,,,,True
A_k4_3od_x1.0,seed_best.csv,D:\PSPS\runs_A_k4_3od_x1.0_pm01k0\analysis\seed_best.csv,none,1,13,8,D:\PSPS\runs_A_k4_3od_x1.0_pm01k0\none_seed1\g013_i008,1000,239198.0,239.198,170152.36999999988,134338.0,934731.5099999956,3.9077731001095146,,4,"E1,E17,E27,E42",OK,,,,,,,True
A_k4_3od_x1.0,seed_best.csv,D:\PSPS\runs_A_k4_3od_x1.0_pm01k0\analysis\seed_best.csv,none,2,11,18,D:\PSPS\runs_A_k4_3od_x1.0_pm01k0\none_seed2\g011_i018,1000,237158.0,237.158,167066.15999999992,131384.0,947097.8099999952,3.993530937181099,,4,"E20,E21,E23,E42",OK,,,,,,,True
A_k4_3od_x1.0,seed_best.csv,D:\PSPS\runs_A_k4_3od_x1.0_pm01k0\analysis\seed_best.csv,none,3,13,13,D:\PSPS\runs_A_k4_3od_x1.0_pm01k0\none_seed3\g013_i013,1000,229631.0,229.631,158207.37000000005,123539.0,964717.6899999984,4.201164868854809,,4,"E16,E21,E27,E42",OK,,,,,,,True
A_k4_3od_x1.0,seed_best.csv,D:\PSPS\runs_A_k4_3od_x1.0_pm01k0\analysis\seed_best.csv,none,4,12,19,D:\PSPS\runs_A_k4_3od_x1.0_pm01k0\none_seed4\g012_i019,1000,231076.0,231.076,160589.4000000002,125105.0,953389.5699999965,4.1258701466184124,,4,"E21,E27,E41,E42",OK,,,,,,,True
A_k4_3od_x1.0,seed_best.csv,D:\PSPS\runs_A_k4_3od_x1.0_pm01k0\analysis\seed_best.csv,none,5,14,5,D:\PSPS\runs_A_k4_3od_x1.0_pm01k0\none_seed5\g014_i005,1000,240305.0,240.305,171137.7200000002,133020.0,936609.7199999972,3.897587316119087,,4,"E23,E27,E38,E42",OK,,,,,,,True
A_k4_3od_x1.0,seed_best.csv,D:\PSPS\runs_A_k4_3od_x1.0_pm01k0\analysis\seed_best.csv,none,6,11,5,D:\PSPS\runs_A_k4_3od_x1.0_pm01k0\none_seed6\g011_i005,1000,238339.0,238.339,167967.07999999993,131674.0,952315.4699999944,3.995634243661316,,4,"E27,E3,E42,E6",OK,,,,,,,True
A_k4_3od_x1.0,seed_best.csv,D:\PSPS\runs_A_k4_3od_x1.0_pm01k0\analysis\seed_best.csv,none,7,3,11,D:\PSPS\runs_A_k4_3od_x1.0_pm01k0\none_seed7\g003_i011,1000,245028.0,245.028,175536.00000000006,139042.0,940107.0299999962,3.83673306724128,,4,"E24,E27,E30,E42",OK,,,,,,,True
A_k4_3od_x1.0,seed_best.csv,D:\PSPS\runs_A_k4_3od_x1.0_pm01k0\analysis\seed_best.csv,none,8,15,17,D:\PSPS\runs_A_k4_3od_x1.0_pm01k0\none_seed8\g015_i017,1000,229631.0,229.631,158207.37000000005,123539.0,964717.6899999984,4.201164868854809,,4,"E16,E21,E27,E42",OK,,,,,,,True
A_k4_3od_x1.0,seed_best.csv,D:\PSPS\runs_A_k4_3od_x1.0_pm01k0\analysis\seed_best.csv,none,9,6,4,D:\PSPS\runs_A_k4_3od_x1.0_pm01k0\none_seed9\g006_i004,1000,233371.0,233.371,161759.7199999999,125754.0,966200.4699999988,4.14019081205462,,4,"E16,E20,E21,E42",OK,,,,,,,True
A_k4_3od_x1.2,seed_best.csv,D:\PSPS\runs_A_k4_3od_x1.2_pm01k0\analysis\seed_best.csv,both,0,15,16,D:\PSPS\runs_A_k4_3od_x1.2_pm01k0\both_seed0\g015_i016,1200,359321.0,299.43416666666667,273120.91999999963,219867.0,1161435.049999996,3.2323049585189736,,4,"E21,E27,E37,E42",OK,,,,,,,True
A_k4_3od_x1.2,seed_best.csv,D:\PSPS\runs_A_k4_3od_x1.2_pm01k0\analysis\seed_best.csv,both,1,12,17,D:\PSPS\runs_A_k4_3od_x1.2_pm01k0\both_seed1\g012_i017,1200,356583.0,297.1525,269315.4499999999,214533.0,1174766.1599999962,3.2945097214393178,,4,"E21,E27,E42,E6",OK,,,,,,,True
A_k4_3od_x1.2,seed_best.csv,D:\PSPS\runs_A_k4_3od_x1.2_pm01k0\analysis\seed_best.csv,both,2,10,3,D:\PSPS\runs_A_k4_3od_x1.2_pm01k0\both_seed2\g010_i003,1200,348005.0,290.00416666666666,262016.01999999987,209950.0,1158885.319999996,3.330082383873783,,4,"E17,E21,E27,E42",OK,,,,,,,True
A_k4_3od_x1.2,seed_best.csv,D:\PSPS\runs_A_k4_3od_x1.2_pm01k0\analysis\seed_best.csv,both,3,14,18,D:\PSPS\runs_A_k4_3od_x1.2_pm01k0\both_seed3\g014_i018,1200,383443.0,319.53583333333336,298004.5099999999,241938.0,1151924.6699999978,3.004161426861353,,4,"E27,E30,E36,E39",OK,,,,,,,True
A_k4_3od_x1.2,seed_best.csv,D:\PSPS\runs_A_k4_3od_x1.2_pm01k0\analysis\seed_best.csv,both,4,9,13,D:\PSPS\runs_A_k4_3od_x1.2_pm01k0\both_seed4\g009_i013,1200,366200.0,305.1666666666667,280848.8399999997,227531.0,1150413.0399999989,3.1414883670125584,,4,"E20,E21,E27,E36",OK,,,,,,,True
A_k4_3od_x1.2,seed_best.csv,D:\PSPS\runs_A_k4_3od_x1.2_pm01k0\analysis\seed_best.csv,both,5,14,16,D:\PSPS\runs_A_k4_3od_x1.2_pm01k0\both_seed5\g014_i016,1200,377236.0,314.36333333333334,289920.17999999993,234869.0,1175794.279999997,3.116866576890851,,4,"E21,E27,E32,E42",OK,,,,,,,True
A_k4_3od_x1.2,seed_best.csv,D:\PSPS\runs_A_k4_3od_x1.2_pm01k0\analysis\seed_best.csv,both,6,14,14,D:\PSPS\runs_A_k4_3od_x1.2_pm01k0\both_seed6\g014_i014,1200,381338.0,317.7816666666667,297742.0700000002,241176.0,1127662.2499999958,2.9571200614677684,,4,"E1,E17,E20,E27",OK,,,,,,,True
A_k4_3od_x1.2,seed_best.csv,D:\PSPS\runs_A_k4_3od_x1.2_pm01k0\analysis\seed_best.csv,both,7,14,15,D:\PSPS\runs_A_k4_3od_x1.2_pm01k0\both_seed7\g014_i015,1200,379792.0,316.49333333333334,295052.89,239226.0,1142376.969999995,3.007901614567961,,4,"E20,E27,E30,E7",OK,,,,,,,True
A_k4_3od_x1.2,seed_best.csv,D:\PSPS\runs_A_k4_3od_x1.2_pm01k0\analysis\seed_best.csv,both,8,13,12,D:\PSPS\runs_A_k4_3od_x1.2_pm01k0\both_seed8\g013_i012,1200,378876.0,315.73,295245.6300000003,240789.0,1129194.1800000004,2.9803792797643567,,4,"E20,E27,E30,E36",OK,,,,,,,True
A_k4_3od_x1.2,seed_best.csv,D:\PSPS\runs_A_k4_3od_x1.2_pm01k0\analysis\seed_best.csv,both,9,13,20,D:\PSPS\runs_A_k4_3od_x1.2_pm01k0\both_seed9\g013_i020,1200,354243.0,295.2025,267459.1699999998,215482.0,1169370.2799999958,3.3010399076340136,,4,"E21,E27,E39,E42",OK,,,,,,,True
A_k4_3od_x1.2,seed_best.csv,D:\PSPS\runs_A_k4_3od_x1.2_pm01k0\analysis\seed_best.csv,init,0,11,4,D:\PSPS\runs_A_k4_3od_x1.2_pm01k0\init_seed0\g011_i004,1200,359811.0,299.8425,275541.98000000004,223714.0,1136429.5499999947,3.1584069136296407,,4,"E1,E20,E21,E27",OK,,,,,,,True
A_k4_3od_x1.2,seed_best.csv,D:\PSPS\runs_A_k4_3od_x1.2_pm01k0\analysis\seed_best.csv,init,1,6,20,D:\PSPS\runs_A_k4_3od_x1.2_pm01k0\init_seed1\g006_i020,1200,360828.0,300.69,275153.0299999996,219204.0,1153724.0799999966,3.197435010586752,,4,"E10,E20,E27,E33",OK,,,,,,,True
A_k4_3od_x1.2,seed_best.csv,D:\PSPS\runs_A_k4_3od_x1.2_pm01k0\analysis\seed_best.csv,init,2,8,19,D:\PSPS\runs_A_k4_3od_x1.2_pm01k0\init_seed2\g008_i019,1200,354243.0,295.2025,267459.1699999998,215482.0,1169370.2799999958,3.3010399076340136,,4,"E21,E27,E39,E42",OK,,,,,,,True
A_k4_3od_x1.2,seed_best.csv,D:\PSPS\runs_A_k4_3od_x1.2_pm01k0\analysis\seed_best.csv,init,3,8,21,D:\PSPS\runs_A_k4_3od_x1.2_pm01k0\init_seed3\g008_i021,1200,380607.0,317.1725,294545.48999999964,237938.0,1158772.8699999908,3.0445390389561693,,4,"E15,E19,E21,E42",OK,,,,,,,True
A_k4_3od_x1.2,seed_best.csv,D:\PSPS\runs_A_k4_3od_x1.2_pm01k0\analysis\seed_best.csv,init,4,5,10,D:\PSPS\runs_A_k4_3od_x1.2_pm01k0\init_seed4\g005_i010,1200,366915.0,305.7625,281007.8299999999,227190.0,1156060.1599999962,3.150757423381427,,4,"E20,E21,E27,E33",OK,,,,,,,True
A_k4_3od_x1.2,seed_best.csv,D:\PSPS\runs_A_k4_3od_x1.2_pm01k0\analysis\seed_best.csv,init,5,5,11,D:\PSPS\runs_A_k4_3od_x1.2_pm01k0\init_seed5\g005_i011,1200,366200.0,305.1666666666667,280848.8399999997,227531.0,1150413.0399999989,3.1414883670125584,,4,"E20,E21,E27,E36",OK,,,,,,,True
A_k4_3od_x1.2,seed_best.csv,D:\PSPS\runs_A_k4_3od_x1.2_pm01k0\analysis\seed_best.csv,init,6,8,19,D:\PSPS\runs_A_k4_3od_x1.2_pm01k0\init_seed6\g008_i019,1200,360532.0,300.4433333333333,275058.88000000035,219721.0,1152111.619999997,3.1955876870846334,,4,"E23,E27,E33,E41",OK,,,,,,,True
A_k4_3od_x1.2,seed_best.csv,D:\PSPS\runs_A_k4_3od_x1.2_pm01k0\analysis\seed_best.csv,init,7,7,17,D:\PSPS\runs_A_k4_3od_x1.2_pm01k0\init_seed7\g007_i017,1200,367236.0,306.03,282529.05000000034,226812.0,1142620.5100000035,3.1114065886786797,,4,"E20,E23,E27,E33",OK,,,,,,,True
A_k4_3od_x1.2,seed_best.csv,D:\PSPS\runs_A_k4_3od_x1.2_pm01k0\analysis\seed_best.csv,init,8,14,4,D:\PSPS\runs_A_k4_3od_x1.2_pm01k0\init_seed8\g014_i004,1200,388759.0,323.9658333333333,303818.6700000001,245427.0,1146466.0599999956,2.9490405624049747,,4,"E27,E30,E39,E45",OK,,,,,,,True
A_k4_3od_x1.2,seed_best.csv,D:\PSPS\runs_A_k4_3od_x1.2_pm01k0\analysis\seed_best.csv,init,9,8,4,D:\PSPS\runs_A_k4_3od_x1.2_pm01k0\init_seed9\g008_i004,1200,370342.0,308.61833333333334,285871.55999999994,231897.0,1140377.4100000025,3.079254877923656,,4,"E20,E23,E27,E4",OK,,,,,,,True
A_k4_3od_x1.2,seed_best.csv,D:\PSPS\runs_A_k4_3od_x1.2_pm01k0\analysis\seed_best.csv,mutation,0,7,10,D:\PSPS\runs_A_k4_3od_x1.2_pm01k0\mutation_seed0\g007_i010,1200,378011.0,315.00916666666666,291256.36000000004,235519.0,1168443.2199999928,3.0910296790304854,,4,"E15,E21,E27,E42",OK,,,,,,,True
A_k4_3od_x1.2,seed_best.csv,D:\PSPS\runs_A_k4_3od_x1.2_pm01k0\analysis\seed_best.csv,mutation,1,5,23,D:\PSPS\runs_A_k4_3od_x1.2_pm01k0\mutation_seed1\g005_i023,1200,366200.0,305.1666666666667,280848.8399999997,227531.0,1150413.0399999989,3.1414883670125584,,4,"E20,E21,E27,E36",OK,,,,,,,True
A_k4_3od_x1.2,seed_best.csv,D:\PSPS\runs_A_k4_3od_x1.2_pm01k0\analysis\seed_best.csv,mutation,2,14,15,D:\PSPS\runs_A_k4_3od_x1.2_pm01k0\mutation_seed2\g014_i015,1200,356049.0,296.7075,269902.34,215583.0,1160610.2299999937,3.259692429974508,,4,"E21,E27,E41,E42",OK,,,,,,,True
A_k4_3od_x1.2,seed_best.csv,D:\PSPS\runs_A_k4_3od_x1.2_pm01k0\analysis\seed_best.csv,mutation,3,5,11,D:\PSPS\runs_A_k4_3od_x1.2_pm01k0\mutation_seed3\g005_i011,1200,352242.0,293.535,268486.8699999998,216438.0,1130998.0500000005,3.210855179109817,,4,"E20,E27,E39,E8",OK,,,,,,,True
A_k4_3od_x1.2,seed_best.csv,D:\PSPS\runs_A_k4_3od_x1.2_pm01k0\analysis\seed_best.csv,mutation,4,10,18,D:\PSPS\runs_A_k4_3od_x1.2_pm01k0\mutation_seed4\g010_i018,1200,363784.0,303.1533333333333,278768.0200000004,224754.0,1146807.6999999976,3.1524412838387548,,4,"E20,E21,E24,E27",OK,,,,,,,True
A_k4_3od_x1.2,seed_best.csv,D:\PSPS\runs_A_k4_3od_x1.2_pm01k0\analysis\seed_best.csv,mutation,5,2,21,D:\PSPS\runs_A_k4_3od_x1.2_pm01k0\mutation_seed5\g002_i021,1200,353637.0,294.6975,270482.4899999998,218912.0,1123642.9499999995,3.177390799039693,,4,"E20,E23,E27,E37",OK,,,,,,,True
A_k4_3od_x1.2,seed_best.csv,D:\PSPS\runs_A_k4_3od_x1.2_pm01k0\analysis\seed_best.csv,mutation,6,3,10,D:\PSPS\runs_A_k4_3od_x1.2_pm01k0\mutation_seed6\g003_i010,1200,380452.0,317.0433333333333,293906.70999999973,235540.0,1166267.069999991,3.0654775635296727,,4,"E27,E4,E42,E6",OK,,,,,,,True
A_k4_3od_x1.2,seed_best.csv,D:\PSPS\runs_A_k4_3od_x1.2_pm01k0\analysis\seed_best.csv,mutation,7,7,9,D:\PSPS\runs_A_k4_3od_x1.2_pm01k0\mutation_seed7\g007_i009,1200,367783.0,306.48583333333335,282300.55999999994,224952.0,1152024.209999998,3.1323476343387218,,4,"E1,E21,E23,E42",OK,,,,,,,True
A_k4_3od_x1.2,seed_best.csv,D:\PSPS\runs_A_k4_3od_x1.2_pm01k0\analysis\seed_best.csv,mutation,8,11,6,D:\PSPS\runs_A_k4_3od_x1.2_pm01k0\mutation_seed8\g011_i006,1200,363542.0,302.95166666666665,276720.76999999984,222184.0,1168103.2999999975,3.2131178790896167,,4,"E1,E14,E21,E27",OK,,,,,,,True
A_k4_3od_x1.2,seed_best.csv,D:\PSPS\runs_A_k4_3od_x1.2_pm01k0\analysis\seed_best.csv,mutation,9,11,21,D:\PSPS\runs_A_k4_3od_x1.2_pm01k0\mutation_seed9\g011_i021,1200,356049.0,296.7075,269902.34,215583.0,1160610.2299999937,3.259692429974508,,4,"E21,E27,E41,E42",OK,,,,,,,True
A_k4_3od_x1.2,seed_best.csv,D:\PSPS\runs_A_k4_3od_x1.2_pm01k0\analysis\seed_best.csv,none,0,7,21,D:\PSPS\runs_A_k4_3od_x1.2_pm01k0\none_seed0\g007_i021,1200,365430.0,304.525,279757.0700000002,226209.0,1154697.079999999,3.159831103084035,,4,"E17,E20,E21,E32",OK,,,,,,,True
A_k4_3od_x1.2,seed_best.csv,D:\PSPS\runs_A_k4_3od_x1.2_pm01k0\analysis\seed_best.csv,none,1,14,7,D:\PSPS\runs_A_k4_3od_x1.2_pm01k0\none_seed1\g014_i007,1200,378839.0,315.69916666666666,292887.5899999998,236050.0,1157797.8299999984,3.056173809982601,,4,"E17,E21,E27,E33",OK,,,,,,,True
A_k4_3od_x1.2,seed_best.csv,D:\PSPS\runs_A_k4_3od_x1.2_pm01k0\analysis\seed_best.csv,none,2,15,15,D:\PSPS\runs_A_k4_3od_x1.2_pm01k0\none_seed2\g015_i015,1200,381032.0,317.52666666666664,297157.84000000014,240976.0,1132009.890000001,2.970905042096205,,4,"E11,E20,E24,E27",OK,,,,,,,True
A_k4_3od_x1.2,seed_best.csv,D:\PSPS\runs_A_k4_3od_x1.2_pm01k0\analysis\seed_best.csv,none,3,13,20,D:\PSPS\runs_A_k4_3od_x1.2_pm01k0\none_seed3\g013_i020,1200,354243.0,295.2025,267459.1699999998,215482.0,1169370.2799999958,3.3010399076340136,,4,"E21,E27,E39,E42",OK,,,,,,,True
A_k4_3od_x1.2,seed_best.csv,D:\PSPS\runs_A_k4_3od_x1.2_pm01k0\analysis\seed_best.csv,none,4,6,10,D:\PSPS\runs_A_k4_3od_x1.2_pm01k0\none_seed4\g006_i010,1200,354243.0,295.2025,267459.1699999998,215482.0,1169370.2799999958,3.3010399076340136,,4,"E21,E27,E39,E42",OK,,,,,,,True
A_k4_3od_x1.2,seed_best.csv,D:\PSPS\runs_A_k4_3od_x1.2_pm01k0\analysis\seed_best.csv,none,5,13,18,D:\PSPS\runs_A_k4_3od_x1.2_pm01k0\none_seed5\g013_i018,1200,367236.0,306.03,282529.05000000034,226812.0,1142620.5100000035,3.1114065886786797,,4,"E20,E23,E27,E33",OK,,,,,,,True
A_k4_3od_x1.2,seed_best.csv,D:\PSPS\runs_A_k4_3od_x1.2_pm01k0\analysis\seed_best.csv,none,6,11,4,D:\PSPS\runs_A_k4_3od_x1.2_pm01k0\none_seed6\g011_i004,1200,356583.0,297.1525,269315.4499999999,214533.0,1174766.1599999962,3.2945097214393178,,4,"E21,E27,E42,E6",OK,,,,,,,True
A_k4_3od_x1.2,seed_best.csv,D:\PSPS\runs_A_k4_3od_x1.2_pm01k0\analysis\seed_best.csv,none,7,12,6,D:\PSPS\runs_A_k4_3od_x1.2_pm01k0\none_seed7\g012_i006,1200,360532.0,300.4433333333333,275058.88000000035,219721.0,1152111.619999997,3.1955876870846334,,4,"E23,E27,E33,E41",OK,,,,,,,True
A_k4_3od_x1.2,seed_best.csv,D:\PSPS\runs_A_k4_3od_x1.2_pm01k0\analysis\seed_best.csv,none,8,12,13,D:\PSPS\runs_A_k4_3od_x1.2_pm01k0\none_seed8\g012_i013,1200,374565.0,312.1375,288550.2200000003,233014.0,1158513.8399999992,3.0929580713627787,,4,"E1,E21,E27,E38",OK,,,,,,,True
A_k4_3od_x1.2,seed_best.csv,D:\PSPS\runs_A_k4_3od_x1.2_pm01k0\analysis\seed_best.csv,none,9,4,21,D:\PSPS\runs_A_k4_3od_x1.2_pm01k0\none_seed9\g004_i021,1200,381032.0,317.52666666666664,297157.84000000014,240976.0,1132009.890000001,2.970905042096205,,4,"E11,E20,E24,E27",OK,,,,,,,True
