instance_id,source_file,source_path,seed,mode,gen,indiv,ATT,TTT,TimeLossSum,Arrivals,Teleports,k_closed,run_dir
A_k4_1od_x0.8,seed_best_preview.csv,D:\PSPS\runs_A_k4_1od_x0.8\analysis\tables\seed_best_preview.csv,0,both,5,15,223.43625,178749.0,119249.20999999985,800,,4,D:\PSPS\runs_A_k4_1od_x0.8\both_seed0\g005_i015
A_k4_1od_x0.8,seed_best_preview.csv,D:\PSPS\runs_A_k4_1od_x0.8\analysis\tables\seed_best_preview.csv,0,init,11,20,222.22875,177783.0,119629.8,800,,4,D:\PSPS\runs_A_k4_1od_x0.8\init_seed0\g011_i020
A_k4_1od_x0.8,seed_best_preview.csv,D:\PSPS\runs_A_k4_1od_x0.8\analysis\tables\seed_best_preview.csv,0,mutation,11,12,220.10375,176083.0,117717.30000000005,800,,4,D:\PSPS\runs_A_k4_1od_x0.8\mutation_seed0\g011_i012
A_k4_1od_x0.8,seed_best_preview.csv,D:\PSPS\runs_A_k4_1od_x0.8\analysis\tables\seed_best_preview.csv,0,none,11,6,215.53,172424.0,113596.78999999998,800,,4,D:\PSPS\runs_A_k4_1od_x0.8\none_seed0\g011_i006
A_k4_1od_x0.8,seed_best_preview.csv,D:\PSPS\runs_A_k4_1od_x0.8\analysis\tables\seed_best_preview.csv,1,both,15,9,220.10375,176083.0,117717.30000000005,800,,4,D:\PSPS\runs_A_k4_1od_x0.8\both_seed1\g015_i009
A_k4_1od_x0.8,seed_best_preview.csv,D:\PSPS\runs_A_k4_1od_x0.8\analysis\tables\seed_best_preview.csv,1,init,14,22,221.7325,177386.0,119085.48999999996,800,,4,D:\PSPS\runs_A_k4_1od_x0.8\init_seed1\g014_i022
A_k4_1od_x0.8,seed_best_preview.csv,D:\PSPS\runs_A_k4_1od_x0.8\analysis\tables\seed_best_preview.csv,1,mutation,9,22,215.53,172424.0,113596.78999999998,800,,4,D:\PSPS\runs_A_k4_1od_x0.8\mutation_seed1\g009_i022
A_k4_1od_x0.8,seed_best_preview.csv,D:\PSPS\runs_A_k4_1od_x0.8\analysis\tables\seed_best_preview.csv,1,none,14,7,221.7325,177386.0,119085.48999999996,800,,4,D:\PSPS\runs_A_k4_1od_x0.8\none_seed1\g014_i007
A_k4_1od_x0.8,seed_best_preview.csv,D:\PSPS\runs_A_k4_1od_x0.8\analysis\tables\seed_best_preview.csv,2,both,7,5,220.695,176556.0,120013.77000000002,800,,4,D:\PSPS\runs_A_k4_1od_x0.8\both_seed2\g007_i005
A_k4_1od_x0.8,seed_best_preview.csv,D:\PSPS\runs_A_k4_1od_x0.8\analysis\tables\seed_best_preview.csv,2,init,3,14,229.2475,183398.0,125985.2,800,,4,D:\PSPS\runs_A_k4_1od_x0.8\init_seed2\g003_i014
A_k4_1od_x0.8,seed_best_preview.csv,D:\PSPS\runs_A_k4_1od_x0.8\analysis\tables\seed_best_preview.csv,2,mutation,3,12,227.12875,181703.0,124474.13000000008,800,,4,D:\PSPS\runs_A_k4_1od_x0.8\mutation_seed2\g003_i012
A_k4_1od_x0.8,seed_best_preview.csv,D:\PSPS\runs_A_k4_1od_x0.8\analysis\tables\seed_best_preview.csv,2,none,8,11,224.4875,179590.0,120392.63000000003,800,,4,D:\PSPS\runs_A_k4_1od_x0.8\none_seed2\g008_i011
A_k4_1od_x0.8,seed_best_preview.csv,D:\PSPS\runs_A_k4_1od_x0.8\analysis\tables\seed_best_preview.csv,3,both,11,20,225.78875,180631.0,123237.80000000002,800,,4,D:\PSPS\runs_A_k4_1od_x0.8\both_seed3\g011_i020
A_k4_1od_x0.8,seed_best_preview.csv,D:\PSPS\runs_A_k4_1od_x0.8\analysis\tables\seed_best_preview.csv,3,init,7,21,228.57625,182861.0,125327.48000000008,800,,4,D:\PSPS\runs_A_k4_1od_x0.8\init_seed3\g007_i021
A_k4_1od_x0.8,seed_best_preview.csv,D:\PSPS\runs_A_k4_1od_x0.8\analysis\tables\seed_best_preview.csv,3,mutation,5,14,221.33875,177071.0,118443.72999999998,800,,4,D:\PSPS\runs_A_k4_1od_x0.8\mutation_seed3\g005_i014
A_k4_1od_x0.8,seed_best_preview.csv,D:\PSPS\runs_A_k4_1od_x0.8\analysis\tables\seed_best_preview.csv,3,none,5,13,226.71875,181375.0,123359.54000000008,800,,4,D:\PSPS\runs_A_k4_1od_x0.8\none_seed3\g005_i013
A_k4_1od_x0.8,seed_best_preview.csv,D:\PSPS\runs_A_k4_1od_x0.8\analysis\tables\seed_best_preview.csv,4,both,7,21,225.78875,180631.0,123237.80000000002,800,,4,D:\PSPS\runs_A_k4_1od_x0.8\both_seed4\g007_i021
A_k4_1od_x0.8,seed_best_preview.csv,D:\PSPS\runs_A_k4_1od_x0.8\analysis\tables\seed_best_preview.csv,4,init,14,19,229.0075,183206.0,127112.78000000004,800,,4,D:\PSPS\runs_A_k4_1od_x0.8\init_seed4\g014_i019
A_k4_1od_x0.8,seed_best_preview.csv,D:\PSPS\runs_A_k4_1od_x0.8\analysis\tables\seed_best_preview.csv,4,mutation,12,12,220.695,176556.0,120013.77000000002,800,,4,D:\PSPS\runs_A_k4_1od_x0.8\mutation_seed4\g012_i012
A_k4_1od_x0.8,seed_best_preview.csv,D:\PSPS\runs_A_k4_1od_x0.8\analysis\tables\seed_best_preview.csv,4,none,12,1,221.615,177292.0,118631.1,800,,4,D:\PSPS\runs_A_k4_1od_x0.8\none_seed4\g012_i001
A_k4_1od_x0.8,seed_best_preview.csv,D:\PSPS\runs_A_k4_1od_x0.8\analysis\tables\seed_best_preview.csv,5,both,8,16,226.1025,180882.0,122863.09999999998,800,,4,D:\PSPS\runs_A_k4_1od_x0.8\both_seed5\g008_i016
A_k4_1od_x0.8,seed_best_preview.csv,D:\PSPS\runs_A_k4_1od_x0.8\analysis\tables\seed_best_preview.csv,5,init,2,9,222.22875,177783.0,119629.8,800,,4,D:\PSPS\runs_A_k4_1od_x0.8\init_seed5\g002_i009
A_k4_1od_x0.8,seed_best_preview.csv,D:\PSPS\runs_A_k4_1od_x0.8\analysis\tables\seed_best_preview.csv,5,mutation,15,5,225.94625,180757.0,122845.36999999994,800,,4,D:\PSPS\runs_A_k4_1od_x0.8\mutation_seed5\g015_i005
A_k4_1od_x0.8,seed_best_preview.csv,D:\PSPS\runs_A_k4_1od_x0.8\analysis\tables\seed_best_preview.csv,5,none,11,10,228.145,182516.0,125785.69999999995,800,,4,D:\PSPS\runs_A_k4_1od_x0.8\none_seed5\g011_i010
A_k4_1od_x0.8,seed_best_preview.csv,D:\PSPS\runs_A_k4_1od_x0.8\analysis\tables\seed_best_preview.csv,6,both,7,20,221.7325,177386.0,119085.48999999996,800,,4,D:\PSPS\runs_A_k4_1od_x0.8\both_seed6\g007_i020
A_k4_1od_x0.8,seed_best_preview.csv,D:\PSPS\runs_A_k4_1od_x0.8\analysis\tables\seed_best_preview.csv,6,init,11,6,225.78875,180631.0,123237.80000000002,800,,4,D:\PSPS\runs_A_k4_1od_x0.8\init_seed6\g011_i006
A_k4_1od_x0.8,seed_best_preview.csv,D:\PSPS\runs_A_k4_1od_x0.8\analysis\tables\seed_best_preview.csv,6,mutation,9,10,224.84625,179877.0,123833.5500000002,800,,4,D:\PSPS\runs_A_k4_1od_x0.8\mutation_seed6\g009_i010
A_k4_1od_x0.8,seed_best_preview.csv,D:\PSPS\runs_A_k4_1od_x0.8\analysis\tables\seed_best_preview.csv,6,none,8,11,228.32625,182661.0,127114.85999999991,800,,4,D:\PSPS\runs_A_k4_1od_x0.8\none_seed6\g008_i011
A_k4_1od_x0.8,seed_best_preview.csv,D:\PSPS\runs_A_k4_1od_x0.8\analysis\tables\seed_best_preview.csv,7,both,7,7,228.43125,182745.0,125673.41000000005,800,,4,D:\PSPS\runs_A_k4_1od_x0.8\both_seed7\g007_i007
A_k4_1od_x0.8,seed_best_preview.csv,D:\PSPS\runs_A_k4_1od_x0.8\analysis\tables\seed_best_preview.csv,7,init,13,11,225.78875,180631.0,123237.80000000002,800,,4,D:\PSPS\runs_A_k4_1od_x0.8\init_seed7\g013_i011
A_k4_1od_x0.8,seed_best_preview.csv,D:\PSPS\runs_A_k4_1od_x0.8\analysis\tables\seed_best_preview.csv,7,mutation,10,16,218.56375,174851.0,116893.74999999996,800,,4,D:\PSPS\runs_A_k4_1od_x0.8\mutation_seed7\g010_i016
A_k4_1od_x0.8,seed_best_preview.csv,D:\PSPS\runs_A_k4_1od_x0.8\analysis\tables\seed_best_preview.csv,7,none,7,12,221.98625,177589.0,119760.30999999994,800,,4,D:\PSPS\runs_A_k4_1od_x0.8\none_seed7\g007_i012
A_k4_1od_x0.8,seed_best_preview.csv,D:\PSPS\runs_A_k4_1od_x0.8\analysis\tables\seed_best_preview.csv,8,both,8,9,225.78875,180631.0,123237.80000000002,800,,4,D:\PSPS\runs_A_k4_1od_x0.8\both_seed8\g008_i009
A_k4_1od_x0.8,seed_best_preview.csv,D:\PSPS\runs_A_k4_1od_x0.8\analysis\tables\seed_best_preview.csv,8,init,4,4,223.43625,178749.0,119249.20999999985,800,,4,D:\PSPS\runs_A_k4_1od_x0.8\init_seed8\g004_i004
A_k4_1od_x0.8,seed_best_preview.csv,D:\PSPS\runs_A_k4_1od_x0.8\analysis\tables\seed_best_preview.csv,8,mutation,10,18,222.22875,177783.0,119629.8,800,,4,D:\PSPS\runs_A_k4_1od_x0.8\mutation_seed8\g010_i018
A_k4_1od_x0.8,seed_best_preview.csv,D:\PSPS\runs_A_k4_1od_x0.8\analysis\tables\seed_best_preview.csv,8,none,6,10,229.2975,183438.0,127152.04000000008,800,,4,D:\PSPS\runs_A_k4_1od_x0.8\none_seed8\g006_i010
A_k4_1od_x0.8,seed_best_preview.csv,D:\PSPS\runs_A_k4_1od_x0.8\analysis\tables\seed_best_preview.csv,9,both,14,9,215.53,172424.0,113596.78999999998,800,,4,D:\PSPS\runs_A_k4_1od_x0.8\both_seed9\g014_i009
A_k4_1od_x0.8,seed_best_preview.csv,D:\PSPS\runs_A_k4_1od_x0.8\analysis\tables\seed_best_preview.csv,9,init,13,4,222.22875,177783.0,119629.8,800,,4,D:\PSPS\runs_A_k4_1od_x0.8\init_seed9\g013_i004
A_k4_1od_x0.8,seed_best_preview.csv,D:\PSPS\runs_A_k4_1od_x0.8\analysis\tables\seed_best_preview.csv,9,mutation,2,12,223.90875,179127.0,122157.26999999986,800,,4,D:\PSPS\runs_A_k4_1od_x0.8\mutation_seed9\g002_i012
A_k4_1od_x0.8,seed_best_preview.csv,D:\PSPS\runs_A_k4_1od_x0.8\analysis\tables\seed_best_preview.csv,9,none,9,3,227.80625,182245.0,124247.2699999999,800,,4,D:\PSPS\runs_A_k4_1od_x0.8\none_seed9\g009_i003
A_k4_1od_x1.0,seed_best_preview.csv,D:\PSPS\runs_A_k4_1od_x1.0\analysis\tables\seed_best_preview.csv,0,both,7,4,258.046,258046.0,184895.2500000001,1000,,4,D:\PSPS\runs_A_k4_1od_x1.0\both_seed0\g007_i004
A_k4_1od_x1.0,seed_best_preview.csv,D:\PSPS\runs_A_k4_1od_x1.0\analysis\tables\seed_best_preview.csv,0,init,7,12,258.046,258046.0,184895.2500000001,1000,,4,D:\PSPS\runs_A_k4_1od_x1.0\init_seed0\g007_i012
A_k4_1od_x1.0,seed_best_preview.csv,D:\PSPS\runs_A_k4_1od_x1.0\analysis\tables\seed_best_preview.csv,0,mutation,7,15,270.506,270506.0,198263.0499999998,1000,,4,D:\PSPS\runs_A_k4_1od_x1.0\mutation_seed0\g007_i015
A_k4_1od_x1.0,seed_best_preview.csv,D:\PSPS\runs_A_k4_1od_x1.0\analysis\tables\seed_best_preview.csv,0,none,15,4,272.822,272822.0,201394.10999999967,1000,,4,D:\PSPS\runs_A_k4_1od_x1.0\none_seed0\g015_i004
A_k4_1od_x1.0,seed_best_preview.csv,D:\PSPS\runs_A_k4_1od_x1.0\analysis\tables\seed_best_preview.csv,1,both,2,20,273.261,273261.0,198675.98000000007,1000,,4,D:\PSPS\runs_A_k4_1od_x1.0\both_seed1\g002_i020
A_k4_1od_x1.0,seed_best_preview.csv,D:\PSPS\runs_A_k4_1od_x1.0\analysis\tables\seed_best_preview.csv,1,init,14,1,270.338,270338.0,198965.00999999983,1000,,4,D:\PSPS\runs_A_k4_1od_x1.0\init_seed1\g014_i001
A_k4_1od_x1.0,seed_best_preview.csv,D:\PSPS\runs_A_k4_1od_x1.0\analysis\tables\seed_best_preview.csv,1,mutation,14,1,271.774,271774.0,198499.73,1000,,4,D:\PSPS\runs_A_k4_1od_x1.0\mutation_seed1\g014_i001
A_k4_1od_x1.0,seed_best_preview.csv,D:\PSPS\runs_A_k4_1od_x1.0\analysis\tables\seed_best_preview.csv,1,none,10,1,267.71,267710.0,194668.1600000001,1000,,4,D:\PSPS\runs_A_k4_1od_x1.0\none_seed1\g010_i001
A_k4_1od_x1.0,seed_best_preview.csv,D:\PSPS\runs_A_k4_1od_x1.0\analysis\tables\seed_best_preview.csv,2,both,5,5,266.637,266637.0,193990.99000000005,1000,,4,D:\PSPS\runs_A_k4_1od_x1.0\both_seed2\g005_i005
A_k4_1od_x1.0,seed_best_preview.csv,D:\PSPS\runs_A_k4_1od_x1.0\analysis\tables\seed_best_preview.csv,2,init,14,22,254.925,254925.0,183922.25000000003,1000,,4,D:\PSPS\runs_A_k4_1od_x1.0\init_seed2\g014_i022
A_k4_1od_x1.0,seed_best_preview.csv,D:\PSPS\runs_A_k4_1od_x1.0\analysis\tables\seed_best_preview.csv,2,mutation,4,8,269.221,269221.0,198345.9500000002,1000,,4,D:\PSPS\runs_A_k4_1od_x1.0\mutation_seed2\g004_i008
A_k4_1od_x1.0,seed_best_preview.csv,D:\PSPS\runs_A_k4_1od_x1.0\analysis\tables\seed_best_preview.csv,2,none,10,18,268.593,268593.0,197285.85000000003,1000,,4,D:\PSPS\runs_A_k4_1od_x1.0\none_seed2\g010_i018
A_k4_1od_x1.0,seed_best_preview.csv,D:\PSPS\runs_A_k4_1od_x1.0\analysis\tables\seed_best_preview.csv,3,both,8,1,267.196,267196.0,195309.37999999983,1000,,4,D:\PSPS\runs_A_k4_1od_x1.0\both_seed3\g008_i001
A_k4_1od_x1.0,seed_best_preview.csv,D:\PSPS\runs_A_k4_1od_x1.0\analysis\tables\seed_best_preview.csv,3,init,13,13,267.601,267601.0,196183.8,1000,,4,D:\PSPS\runs_A_k4_1od_x1.0\init_seed3\g013_i013
A_k4_1od_x1.0,seed_best_preview.csv,D:\PSPS\runs_A_k4_1od_x1.0\analysis\tables\seed_best_preview.csv,3,mutation,1,2,266.551,266551.0,191740.68000000008,1000,,4,D:\PSPS\runs_A_k4_1od_x1.0\mutation_seed3\g001_i002
A_k4_1od_x1.0,seed_best_preview.csv,D:\PSPS\runs_A_k4_1od_x1.0\analysis\tables\seed_best_preview.csv,3,none,1,2,266.551,266551.0,191740.68000000008,1000,,4,D:\PSPS\runs_A_k4_1od_x1.0\none_seed3\g001_i002
A_k4_1od_x1.0,seed_best_preview.csv,D:\PSPS\runs_A_k4_1od_x1.0\analysis\tables\seed_best_preview.csv,4,both,3,15,274.341,274341.0,199989.88,1000,,4,D:\PSPS\runs_A_k4_1od_x1.0\both_seed4\g003_i015
A_k4_1od_x1.0,seed_best_preview.csv,D:\PSPS\runs_A_k4_1od_x1.0\analysis\tables\seed_best_preview.csv,4,init,15,20,263.536,263536.0,189312.5400000001,1000,,4,D:\PSPS\runs_A_k4_1od_x1.0\init_seed4\g015_i020
A_k4_1od_x1.0,seed_best_preview.csv,D:\PSPS\runs_A_k4_1od_x1.0\analysis\tables\seed_best_preview.csv,4,mutation,12,15,273.185,273185.0,201130.06000000008,1000,,4,D:\PSPS\runs_A_k4_1od_x1.0\mutation_seed4\g012_i015
A_k4_1od_x1.0,seed_best_preview.csv,D:\PSPS\runs_A_k4_1od_x1.0\analysis\tables\seed_best_preview.csv,4,none,9,9,271.075,271075.0,197407.87000000005,1000,,4,D:\PSPS\runs_A_k4_1od_x1.0\none_seed4\g009_i009
A_k4_1od_x1.0,seed_best_preview.csv,D:\PSPS\runs_A_k4_1od_x1.0\analysis\tables\seed_best_preview.csv,5,both,13,19,258.046,258046.0,184895.2500000001,1000,,4,D:\PSPS\runs_A_k4_1od_x1.0\both_seed5\g013_i019
A_k4_1od_x1.0,seed_best_preview.csv,D:\PSPS\runs_A_k4_1od_x1.0\analysis\tables\seed_best_preview.csv,5,init,13,18,265.638,265638.0,190232.16000000003,1000,,4,D:\PSPS\runs_A_k4_1od_x1.0\init_seed5\g013_i018
A_k4_1od_x1.0,seed_best_preview.csv,D:\PSPS\runs_A_k4_1od_x1.0\analysis\tables\seed_best_preview.csv,5,mutation,11,14,264.904,264904.0,190908.4299999999,1000,,4,D:\PSPS\runs_A_k4_1od_x1.0\mutation_seed5\g011_i014
A_k4_1od_x1.0,seed_best_preview.csv,D:\PSPS\runs_A_k4_1od_x1.0\analysis\tables\seed_best_preview.csv,5,none,11,10,267.71,267710.0,194668.1600000001,1000,,4,D:\PSPS\runs_A_k4_1od_x1.0\none_seed5\g011_i010
A_k4_1od_x1.0,seed_best_preview.csv,D:\PSPS\runs_A_k4_1od_x1.0\analysis\tables\seed_best_preview.csv,6,both,11,23,270.478,270478.0,198536.22999999995,1000,,4,D:\PSPS\runs_A_k4_1od_x1.0\both_seed6\g011_i023
A_k4_1od_x1.0,seed_best_preview.csv,D:\PSPS\runs_A_k4_1od_x1.0\analysis\tables\seed_best_preview.csv,6,init,3,13,273.932,273932.0,200999.94999999984,1000,,4,D:\PSPS\runs_A_k4_1od_x1.0\init_seed6\g003_i013
A_k4_1od_x1.0,seed_best_preview.csv,D:\PSPS\runs_A_k4_1od_x1.0\analysis\tables\seed_best_preview.csv,6,mutation,8,19,261.808,261808.0,190493.1499999997,1000,,4,D:\PSPS\runs_A_k4_1od_x1.0\mutation_seed6\g008_i019
A_k4_1od_x1.0,seed_best_preview.csv,D:\PSPS\runs_A_k4_1od_x1.0\analysis\tables\seed_best_preview.csv,6,none,5,20,268.257,268257.0,197344.54999999976,1000,,4,D:\PSPS\runs_A_k4_1od_x1.0\none_seed6\g005_i020
A_k4_1od_x1.0,seed_best_preview.csv,D:\PSPS\runs_A_k4_1od_x1.0\analysis\tables\seed_best_preview.csv,7,both,15,17,252.58,252580.0,178463.66000000018,1000,,4,D:\PSPS\runs_A_k4_1od_x1.0\both_seed7\g015_i017
A_k4_1od_x1.0,seed_best_preview.csv,D:\PSPS\runs_A_k4_1od_x1.0\analysis\tables\seed_best_preview.csv,7,init,10,5,261.567,261567.0,189963.15,1000,,4,D:\PSPS\runs_A_k4_1od_x1.0\init_seed7\g010_i005
A_k4_1od_x1.0,seed_best_preview.csv,D:\PSPS\runs_A_k4_1od_x1.0\analysis\tables\seed_best_preview.csv,7,mutation,3,1,267.196,267196.0,195309.37999999983,1000,,4,D:\PSPS\runs_A_k4_1od_x1.0\mutation_seed7\g003_i001
A_k4_1od_x1.0,seed_best_preview.csv,D:\PSPS\runs_A_k4_1od_x1.0\analysis\tables\seed_best_preview.csv,7,none,12,17,272.302,272302.0,198642.4799999997,1000,,4,D:\PSPS\runs_A_k4_1od_x1.0\none_seed7\g012_i017
A_k4_1od_x1.0,seed_best_preview.csv,D:\PSPS\runs_A_k4_1od_x1.0\analysis\tables\seed_best_preview.csv,8,both,14,22,261.567,261567.0,189963.15,1000,,4,D:\PSPS\runs_A_k4_1od_x1.0\both_seed8\g014_i022
A_k4_1od_x1.0,seed_best_preview.csv,D:\PSPS\runs_A_k4_1od_x1.0\analysis\tables\seed_best_preview.csv,8,init,3,12,267.997,267997.0,195103.5399999999,1000,,4,D:\PSPS\runs_A_k4_1od_x1.0\init_seed8\g003_i012
A_k4_1od_x1.0,seed_best_preview.csv,D:\PSPS\runs_A_k4_1od_x1.0\analysis\tables\seed_best_preview.csv,8,mutation,12,16,273.328,273328.0,201754.67999999988,1000,,4,D:\PSPS\runs_A_k4_1od_x1.0\mutation_seed8\g012_i016
A_k4_1od_x1.0,seed_best_preview.csv,D:\PSPS\runs_A_k4_1od_x1.0\analysis\tables\seed_best_preview.csv,8,none,14,20,263.125,263125.0,188157.7000000004,1000,,4,D:\PSPS\runs_A_k4_1od_x1.0\none_seed8\g014_i020
A_k4_1od_x1.0,seed_best_preview.csv,D:\PSPS\runs_A_k4_1od_x1.0\analysis\tables\seed_best_preview.csv,9,both,11,7,266.551,266551.0,191740.68000000008,1000,,4,D:\PSPS\runs_A_k4_1od_x1.0\both_seed9\g011_i007
A_k4_1od_x1.0,seed_best_preview.csv,D:\PSPS\runs_A_k4_1od_x1.0\analysis\tables\seed_best_preview.csv,9,init,13,6,274.956,274956.0,201952.49,1000,,4,D:\PSPS\runs_A_k4_1od_x1.0\init_seed9\g013_i006
A_k4_1od_x1.0,seed_best_preview.csv,D:\PSPS\runs_A_k4_1od_x1.0\analysis\tables\seed_best_preview.csv,9,mutation,10,12,264.904,264904.0,190908.4299999999,1000,,4,D:\PSPS\runs_A_k4_1od_x1.0\mutation_seed9\g010_i012
A_k4_1od_x1.0,seed_best_preview.csv,D:\PSPS\runs_A_k4_1od_x1.0\analysis\tables\seed_best_preview.csv,9,none,8,5,270.247,270247.0,199287.47,1000,,4,D:\PSPS\runs_A_k4_1od_x1.0\none_seed9\g008_i005
A_k4_2od_x0.8,seed_best_preview.csv,D:\PSPS\runs_A_k4_2od_x0.8\analysis\tables\seed_best_preview.csv,0,both,13,7,195.8525,156682.0,98939.13999999993,800,,4,D:\PSPS\runs_A_k4_2od_x0.8\both_seed0\g013_i007
A_k4_2od_x0.8,seed_best_preview.csv,D:\PSPS\runs_A_k4_2od_x0.8\analysis\tables\seed_best_preview.csv,0,init,10,6,193.76375,155011.0,98566.26999999996,800,,4,D:\PSPS\runs_A_k4_2od_x0.8\init_seed0\g010_i006
A_k4_2od_x0.8,seed_best_preview.csv,D:\PSPS\runs_A_k4_2od_x0.8\analysis\tables\seed_best_preview.csv,0,mutation,7,5,190.63625,152509.0,95740.37000000004,800,,4,D:\PSPS\runs_A_k4_2od_x0.8\mutation_seed0\g007_i005
A_k4_2od_x0.8,seed_best_preview.csv,D:\PSPS\runs_A_k4_2od_x0.8\analysis\tables\seed_best_preview.csv,0,none,1,22,198.68375,158947.0,103497.29000000008,800,,3,D:\PSPS\runs_A_k4_2od_x0.8\none_seed0\g001_i022
A_k4_2od_x0.8,seed_best_preview.csv,D:\PSPS\runs_A_k4_2od_x0.8\analysis\tables\seed_best_preview.csv,1,both,11,11,195.38125,156305.0,101177.72,800,,4,D:\PSPS\runs_A_k4_2od_x0.8\both_seed1\g011_i011
A_k4_2od_x0.8,seed_best_preview.csv,D:\PSPS\runs_A_k4_2od_x0.8\analysis\tables\seed_best_preview.csv,1,init,13,15,193.76375,155011.0,98566.26999999996,800,,4,D:\PSPS\runs_A_k4_2od_x0.8\init_seed1\g013_i015
A_k4_2od_x0.8,seed_best_preview.csv,D:\PSPS\runs_A_k4_2od_x0.8\analysis\tables\seed_best_preview.csv,1,mutation,9,22,197.47625,157981.0,102471.15000000002,800,,4,D:\PSPS\runs_A_k4_2od_x0.8\mutation_seed1\g009_i022
A_k4_2od_x0.8,seed_best_preview.csv,D:\PSPS\runs_A_k4_2od_x0.8\analysis\tables\seed_best_preview.csv,1,none,11,12,197.75375,158203.0,102932.1400000001,800,,4,D:\PSPS\runs_A_k4_2od_x0.8\none_seed1\g011_i012
A_k4_2od_x0.8,seed_best_preview.csv,D:\PSPS\runs_A_k4_2od_x0.8\analysis\tables\seed_best_preview.csv,2,both,1,11,197.12125,157697.0,101989.59000000004,800,,4,D:\PSPS\runs_A_k4_2od_x0.8\both_seed2\g001_i011
A_k4_2od_x0.8,seed_best_preview.csv,D:\PSPS\runs_A_k4_2od_x0.8\analysis\tables\seed_best_preview.csv,2,init,1,11,197.12125,157697.0,101989.59000000004,800,,4,D:\PSPS\runs_A_k4_2od_x0.8\init_seed2\g001_i011
A_k4_2od_x0.8,seed_best_preview.csv,D:\PSPS\runs_A_k4_2od_x0.8\analysis\tables\seed_best_preview.csv,2,mutation,8,2,197.12125,157697.0,101989.59000000004,800,,4,D:\PSPS\runs_A_k4_2od_x0.8\mutation_seed2\g008_i002
A_k4_2od_x0.8,seed_best_preview.csv,D:\PSPS\runs_A_k4_2od_x0.8\analysis\tables\seed_best_preview.csv,2,none,10,2,197.12125,157697.0,101989.59000000004,800,,4,D:\PSPS\runs_A_k4_2od_x0.8\none_seed2\g010_i002
A_k4_2od_x0.8,seed_best_preview.csv,D:\PSPS\runs_A_k4_2od_x0.8\analysis\tables\seed_best_preview.csv,3,both,10,21,198.29375,158635.0,103271.41000000012,800,,4,D:\PSPS\runs_A_k4_2od_x0.8\both_seed3\g010_i021
A_k4_2od_x0.8,seed_best_preview.csv,D:\PSPS\runs_A_k4_2od_x0.8\analysis\tables\seed_best_preview.csv,3,init,6,9,198.29375,158635.0,103271.41000000012,800,,4,D:\PSPS\runs_A_k4_2od_x0.8\init_seed3\g006_i009
A_k4_2od_x0.8,seed_best_preview.csv,D:\PSPS\runs_A_k4_2od_x0.8\analysis\tables\seed_best_preview.csv,3,mutation,3,11,197.29375,157835.0,102461.02999999993,800,,4,D:\PSPS\runs_A_k4_2od_x0.8\mutation_seed3\g003_i011
A_k4_2od_x0.8,seed_best_preview.csv,D:\PSPS\runs_A_k4_2od_x0.8\analysis\tables\seed_best_preview.csv,3,none,11,4,198.52375,158819.0,103391.08000000002,800,,4,D:\PSPS\runs_A_k4_2od_x0.8\none_seed3\g011_i004
A_k4_2od_x0.8,seed_best_preview.csv,D:\PSPS\runs_A_k4_2od_x0.8\analysis\tables\seed_best_preview.csv,4,both,10,11,197.29375,157835.0,102461.02999999993,800,,4,D:\PSPS\runs_A_k4_2od_x0.8\both_seed4\g010_i011
A_k4_2od_x0.8,seed_best_preview.csv,D:\PSPS\runs_A_k4_2od_x0.8\analysis\tables\seed_best_preview.csv,4,init,10,5,197.29375,157835.0,102461.02999999993,800,,4,D:\PSPS\runs_A_k4_2od_x0.8\init_seed4\g010_i005
A_k4_2od_x0.8,seed_best_preview.csv,D:\PSPS\runs_A_k4_2od_x0.8\analysis\tables\seed_best_preview.csv,4,mutation,5,20,196.32625,157061.0,100672.93000000008,800,,4,D:\PSPS\runs_A_k4_2od_x0.8\mutation_seed4\g005_i020
A_k4_2od_x0.8,seed_best_preview.csv,D:\PSPS\runs_A_k4_2od_x0.8\analysis\tables\seed_best_preview.csv,4,none,14,13,198.29375,158635.0,103271.41000000012,800,,4,D:\PSPS\runs_A_k4_2od_x0.8\none_seed4\g014_i013
A_k4_2od_x0.8,seed_best_preview.csv,D:\PSPS\runs_A_k4_2od_x0.8\analysis\tables\seed_best_preview.csv,5,both,6,7,196.14375,156915.0,99467.99999999994,800,,4,D:\PSPS\runs_A_k4_2od_x0.8\both_seed5\g006_i007
A_k4_2od_x0.8,seed_best_preview.csv,D:\PSPS\runs_A_k4_2od_x0.8\analysis\tables\seed_best_preview.csv,5,init,15,2,198.69875,158959.0,103578.01999999996,800,,4,D:\PSPS\runs_A_k4_2od_x0.8\init_seed5\g015_i002
A_k4_2od_x0.8,seed_best_preview.csv,D:\PSPS\runs_A_k4_2od_x0.8\analysis\tables\seed_best_preview.csv,5,mutation,7,3,197.96625,158373.0,100539.13000000002,800,,4,D:\PSPS\runs_A_k4_2od_x0.8\mutation_seed5\g007_i003
A_k4_2od_x0.8,seed_best_preview.csv,D:\PSPS\runs_A_k4_2od_x0.8\analysis\tables\seed_best_preview.csv,5,none,13,18,196.14375,156915.0,99467.99999999994,800,,4,D:\PSPS\runs_A_k4_2od_x0.8\none_seed5\g013_i018
A_k4_2od_x0.8,seed_best_preview.csv,D:\PSPS\runs_A_k4_2od_x0.8\analysis\tables\seed_best_preview.csv,6,both,6,2,198.68375,158947.0,103497.29000000008,800,,4,D:\PSPS\runs_A_k4_2od_x0.8\both_seed6\g006_i002
A_k4_2od_x0.8,seed_best_preview.csv,D:\PSPS\runs_A_k4_2od_x0.8\analysis\tables\seed_best_preview.csv,6,init,2,18,197.75375,158203.0,102932.1400000001,800,,4,D:\PSPS\runs_A_k4_2od_x0.8\init_seed6\g002_i018
A_k4_2od_x0.8,seed_best_preview.csv,D:\PSPS\runs_A_k4_2od_x0.8\analysis\tables\seed_best_preview.csv,6,mutation,3,17,195.81125,156649.0,100205.48999999996,800,,4,D:\PSPS\runs_A_k4_2od_x0.8\mutation_seed6\g003_i017
A_k4_2od_x0.8,seed_best_preview.csv,D:\PSPS\runs_A_k4_2od_x0.8\analysis\tables\seed_best_preview.csv,6,none,10,3,197.75375,158203.0,102932.1400000001,800,,4,D:\PSPS\runs_A_k4_2od_x0.8\none_seed6\g010_i003
A_k4_2od_x0.8,seed_best_preview.csv,D:\PSPS\runs_A_k4_2od_x0.8\analysis\tables\seed_best_preview.csv,7,both,13,16,196.65875,157327.0,101850.52000000014,800,,4,D:\PSPS\runs_A_k4_2od_x0.8\both_seed7\g013_i016
A_k4_2od_x0.8,seed_best_preview.csv,D:\PSPS\runs_A_k4_2od_x0.8\analysis\tables\seed_best_preview.csv,7,init,11,17,198.52375,158819.0,103391.08000000002,800,,4,D:\PSPS\runs_A_k4_2od_x0.8\init_seed7\g011_i017
A_k4_2od_x0.8,seed_best_preview.csv,D:\PSPS\runs_A_k4_2od_x0.8\analysis\tables\seed_best_preview.csv,7,mutation,7,6,196.4175,157134.0,101729.35000000014,800,,4,D:\PSPS\runs_A_k4_2od_x0.8\mutation_seed7\g007_i006
A_k4_2od_x0.8,seed_best_preview.csv,D:\PSPS\runs_A_k4_2od_x0.8\analysis\tables\seed_best_preview.csv,7,none,10,16,196.65875,157327.0,101850.52000000014,800,,4,D:\PSPS\runs_A_k4_2od_x0.8\none_seed7\g010_i016
A_k4_2od_x0.8,seed_best_preview.csv,D:\PSPS\runs_A_k4_2od_x0.8\analysis\tables\seed_best_preview.csv,8,both,8,15,193.76375,155011.0,98566.26999999996,800,,4,D:\PSPS\runs_A_k4_2od_x0.8\both_seed8\g008_i015
A_k4_2od_x0.8,seed_best_preview.csv,D:\PSPS\runs_A_k4_2od_x0.8\analysis\tables\seed_best_preview.csv,8,init,5,11,204.9075,163926.0,109814.31000000008,800,,4,D:\PSPS\runs_A_k4_2od_x0.8\init_seed8\g005_i011
A_k4_2od_x0.8,seed_best_preview.csv,D:\PSPS\runs_A_k4_2od_x0.8\analysis\tables\seed_best_preview.csv,8,mutation,6,21,193.76375,155011.0,98566.26999999996,800,,4,D:\PSPS\runs_A_k4_2od_x0.8\mutation_seed8\g006_i021
A_k4_2od_x0.8,seed_best_preview.csv,D:\PSPS\runs_A_k4_2od_x0.8\analysis\tables\seed_best_preview.csv,8,none,9,22,192.9725,154378.0,98852.17000000004,800,,4,D:\PSPS\runs_A_k4_2od_x0.8\none_seed8\g009_i022
A_k4_2od_x0.8,seed_best_preview.csv,D:\PSPS\runs_A_k4_2od_x0.8\analysis\tables\seed_best_preview.csv,9,both,14,11,197.47625,157981.0,102471.15000000002,800,,4,D:\PSPS\runs_A_k4_2od_x0.8\both_seed9\g014_i011
A_k4_2od_x0.8,seed_best_preview.csv,D:\PSPS\runs_A_k4_2od_x0.8\analysis\tables\seed_best_preview.csv,9,init,11,23,190.63625,152509.0,95740.37000000004,800,,4,D:\PSPS\runs_A_k4_2od_x0.8\init_seed9\g011_i023
A_k4_2od_x0.8,seed_best_preview.csv,D:\PSPS\runs_A_k4_2od_x0.8\analysis\tables\seed_best_preview.csv,9,mutation,6,11,200.91625,160733.0,104643.61999999997,800,,4,D:\PSPS\runs_A_k4_2od_x0.8\mutation_seed9\g006_i011
A_k4_2od_x0.8,seed_best_preview.csv,D:\PSPS\runs_A_k4_2od_x0.8\analysis\tables\seed_best_preview.csv,9,none,15,20,196.14375,156915.0,99467.99999999994,800,,4,D:\PSPS\runs_A_k4_2od_x0.8\none_seed9\g015_i020
A_k4_2od_x1.0,seed_best_preview.csv,D:\PSPS\runs_A_k4_2od_x1.0\analysis\tables\seed_best_preview.csv,0,both,7,21,252.321,252321.0,178748.86000000034,1000,,4,D:\PSPS\runs_A_k4_2od_x1.0\both_seed0\g007_i021
A_k4_2od_x1.0,seed_best_preview.csv,D:\PSPS\runs_A_k4_2od_x1.0\analysis\tables\seed_best_preview.csv,0,init,8,1,232.019,232019.0,160495.78000000012,1000,,4,D:\PSPS\runs_A_k4_2od_x1.0\init_seed0\g008_i001
A_k4_2od_x1.0,seed_best_preview.csv,D:\PSPS\runs_A_k4_2od_x1.0\analysis\tables\seed_best_preview.csv,0,mutation,13,4,236.081,236081.0,165509.84000000014,1000,,4,D:\PSPS\runs_A_k4_2od_x1.0\mutation_seed0\g013_i004
A_k4_2od_x1.0,seed_best_preview.csv,D:\PSPS\runs_A_k4_2od_x1.0\analysis\tables\seed_best_preview.csv,0,none,12,18,224.741,224741.0,151782.8600000001,1000,,4,D:\PSPS\runs_A_k4_2od_x1.0\none_seed0\g012_i018
A_k4_2od_x1.0,seed_best_preview.csv,D:\PSPS\runs_A_k4_2od_x1.0\analysis\tables\seed_best_preview.csv,1,both,3,11,219.092,219092.0,146471.62,1000,,4,D:\PSPS\runs_A_k4_2od_x1.0\both_seed1\g003_i011
A_k4_2od_x1.0,seed_best_preview.csv,D:\PSPS\runs_A_k4_2od_x1.0\analysis\tables\seed_best_preview.csv,1,init,10,4,244.263,244263.0,171537.70999999982,1000,,4,D:\PSPS\runs_A_k4_2od_x1.0\init_seed1\g010_i004
A_k4_2od_x1.0,seed_best_preview.csv,D:\PSPS\runs_A_k4_2od_x1.0\analysis\tables\seed_best_preview.csv,1,mutation,14,12,243.008,243008.0,170919.48000000016,1000,,4,D:\PSPS\runs_A_k4_2od_x1.0\mutation_seed1\g014_i012
A_k4_2od_x1.0,seed_best_preview.csv,D:\PSPS\runs_A_k4_2od_x1.0\analysis\tables\seed_best_preview.csv,1,none,11,10,252.982,252982.0,182141.3500000001,1000,,4,D:\PSPS\runs_A_k4_2od_x1.0\none_seed1\g011_i010
A_k4_2od_x1.0,seed_best_preview.csv,D:\PSPS\runs_A_k4_2od_x1.0\analysis\tables\seed_best_preview.csv,2,both,14,22,224.741,224741.0,151782.8600000001,1000,,4,D:\PSPS\runs_A_k4_2od_x1.0\both_seed2\g014_i022
A_k4_2od_x1.0,seed_best_preview.csv,D:\PSPS\runs_A_k4_2od_x1.0\analysis\tables\seed_best_preview.csv,2,init,9,2,251.549,251549.0,180740.58999999988,1000,,4,D:\PSPS\runs_A_k4_2od_x1.0\init_seed2\g009_i002
A_k4_2od_x1.0,seed_best_preview.csv,D:\PSPS\runs_A_k4_2od_x1.0\analysis\tables\seed_best_preview.csv,2,mutation,11,20,243.33,243330.0,171270.98000000013,1000,,4,D:\PSPS\runs_A_k4_2od_x1.0\mutation_seed2\g011_i020
A_k4_2od_x1.0,seed_best_preview.csv,D:\PSPS\runs_A_k4_2od_x1.0\analysis\tables\seed_best_preview.csv,2,none,12,3,252.02,252020.0,178801.53999999998,1000,,4,D:\PSPS\runs_A_k4_2od_x1.0\none_seed2\g012_i003
A_k4_2od_x1.0,seed_best_preview.csv,D:\PSPS\runs_A_k4_2od_x1.0\analysis\tables\seed_best_preview.csv,3,both,8,9,236.291,236291.0,164983.5400000002,1000,,4,D:\PSPS\runs_A_k4_2od_x1.0\both_seed3\g008_i009
A_k4_2od_x1.0,seed_best_preview.csv,D:\PSPS\runs_A_k4_2od_x1.0\analysis\tables\seed_best_preview.csv,3,init,12,4,245.811,245811.0,172707.28000000014,1000,,4,D:\PSPS\runs_A_k4_2od_x1.0\init_seed3\g012_i004
A_k4_2od_x1.0,seed_best_preview.csv,D:\PSPS\runs_A_k4_2od_x1.0\analysis\tables\seed_best_preview.csv,3,mutation,3,8,247.993,247993.0,174001.21999999986,1000,,4,D:\PSPS\runs_A_k4_2od_x1.0\mutation_seed3\g003_i008
A_k4_2od_x1.0,seed_best_preview.csv,D:\PSPS\runs_A_k4_2od_x1.0\analysis\tables\seed_best_preview.csv,3,none,6,7,233.279,233279.0,162093.45999999985,1000,,4,D:\PSPS\runs_A_k4_2od_x1.0\none_seed3\g006_i007
A_k4_2od_x1.0,seed_best_preview.csv,D:\PSPS\runs_A_k4_2od_x1.0\analysis\tables\seed_best_preview.csv,4,both,8,18,236.081,236081.0,165509.84000000014,1000,,4,D:\PSPS\runs_A_k4_2od_x1.0\both_seed4\g008_i018
A_k4_2od_x1.0,seed_best_preview.csv,D:\PSPS\runs_A_k4_2od_x1.0\analysis\tables\seed_best_preview.csv,4,init,6,1,252.02,252020.0,178801.53999999998,1000,,4,D:\PSPS\runs_A_k4_2od_x1.0\init_seed4\g006_i001
A_k4_2od_x1.0,seed_best_preview.csv,D:\PSPS\runs_A_k4_2od_x1.0\analysis\tables\seed_best_preview.csv,4,mutation,4,5,232.019,232019.0,160495.78000000012,1000,,4,D:\PSPS\runs_A_k4_2od_x1.0\mutation_seed4\g004_i005
A_k4_2od_x1.0,seed_best_preview.csv,D:\PSPS\runs_A_k4_2od_x1.0\analysis\tables\seed_best_preview.csv,4,none,15,23,246.375,246375.0,175061.34,1000,,4,D:\PSPS\runs_A_k4_2od_x1.0\none_seed4\g015_i023
A_k4_2od_x1.0,seed_best_preview.csv,D:\PSPS\runs_A_k4_2od_x1.0\analysis\tables\seed_best_preview.csv,5,both,9,19,224.741,224741.0,151782.8600000001,1000,,4,D:\PSPS\runs_A_k4_2od_x1.0\both_seed5\g009_i019
A_k4_2od_x1.0,seed_best_preview.csv,D:\PSPS\runs_A_k4_2od_x1.0\analysis\tables\seed_best_preview.csv,5,init,9,7,236.081,236081.0,165509.84000000014,1000,,4,D:\PSPS\runs_A_k4_2od_x1.0\init_seed5\g009_i007
A_k4_2od_x1.0,seed_best_preview.csv,D:\PSPS\runs_A_k4_2od_x1.0\analysis\tables\seed_best_preview.csv,5,mutation,14,11,241.169,241169.0,168900.1799999999,1000,,4,D:\PSPS\runs_A_k4_2od_x1.0\mutation_seed5\g014_i011
A_k4_2od_x1.0,seed_best_preview.csv,D:\PSPS\runs_A_k4_2od_x1.0\analysis\tables\seed_best_preview.csv,5,none,11,13,257.556,257556.0,187336.56,1000,,4,D:\PSPS\runs_A_k4_2od_x1.0\none_seed5\g011_i013
A_k4_2od_x1.0,seed_best_preview.csv,D:\PSPS\runs_A_k4_2od_x1.0\analysis\tables\seed_best_preview.csv,6,both,8,9,241.379,241379.0,169866.91000000012,1000,,4,D:\PSPS\runs_A_k4_2od_x1.0\both_seed6\g008_i009
A_k4_2od_x1.0,seed_best_preview.csv,D:\PSPS\runs_A_k4_2od_x1.0\analysis\tables\seed_best_preview.csv,6,init,5,12,224.741,224741.0,151782.8600000001,1000,,4,D:\PSPS\runs_A_k4_2od_x1.0\init_seed6\g005_i012
A_k4_2od_x1.0,seed_best_preview.csv,D:\PSPS\runs_A_k4_2od_x1.0\analysis\tables\seed_best_preview.csv,6,mutation,12,21,246.577,246577.0,175663.10000000006,1000,,4,D:\PSPS\runs_A_k4_2od_x1.0\mutation_seed6\g012_i021
A_k4_2od_x1.0,seed_best_preview.csv,D:\PSPS\runs_A_k4_2od_x1.0\analysis\tables\seed_best_preview.csv,6,none,11,3,232.019,232019.0,160495.78000000012,1000,,4,D:\PSPS\runs_A_k4_2od_x1.0\none_seed6\g011_i003
A_k4_2od_x1.0,seed_best_preview.csv,D:\PSPS\runs_A_k4_2od_x1.0\analysis\tables\seed_best_preview.csv,7,both,12,1,233.279,233279.0,162093.45999999985,1000,,4,D:\PSPS\runs_A_k4_2od_x1.0\both_seed7\g012_i001
A_k4_2od_x1.0,seed_best_preview.csv,D:\PSPS\runs_A_k4_2od_x1.0\analysis\tables\seed_best_preview.csv,7,init,7,18,230.234,230234.0,158698.65999999977,1000,,4,D:\PSPS\runs_A_k4_2od_x1.0\init_seed7\g007_i018
A_k4_2od_x1.0,seed_best_preview.csv,D:\PSPS\runs_A_k4_2od_x1.0\analysis\tables\seed_best_preview.csv,7,mutation,15,16,236.081,236081.0,165509.84000000014,1000,,4,D:\PSPS\runs_A_k4_2od_x1.0\mutation_seed7\g015_i016
A_k4_2od_x1.0,seed_best_preview.csv,D:\PSPS\runs_A_k4_2od_x1.0\analysis\tables\seed_best_preview.csv,7,none,14,16,256.06,256060.0,185430.40000000005,1000,,4,D:\PSPS\runs_A_k4_2od_x1.0\none_seed7\g014_i016
A_k4_2od_x1.0,seed_best_preview.csv,D:\PSPS\runs_A_k4_2od_x1.0\analysis\tables\seed_best_preview.csv,8,both,11,23,224.741,224741.0,151782.8600000001,1000,,4,D:\PSPS\runs_A_k4_2od_x1.0\both_seed8\g011_i023
A_k4_2od_x1.0,seed_best_preview.csv,D:\PSPS\runs_A_k4_2od_x1.0\analysis\tables\seed_best_preview.csv,8,init,13,8,236.291,236291.0,164983.5400000002,1000,,4,D:\PSPS\runs_A_k4_2od_x1.0\init_seed8\g013_i008
A_k4_2od_x1.0,seed_best_preview.csv,D:\PSPS\runs_A_k4_2od_x1.0\analysis\tables\seed_best_preview.csv,8,mutation,12,22,236.081,236081.0,165509.84000000014,1000,,4,D:\PSPS\runs_A_k4_2od_x1.0\mutation_seed8\g012_i022
A_k4_2od_x1.0,seed_best_preview.csv,D:\PSPS\runs_A_k4_2od_x1.0\analysis\tables\seed_best_preview.csv,8,none,10,1,233.279,233279.0,162093.45999999985,1000,,4,D:\PSPS\runs_A_k4_2od_x1.0\none_seed8\g010_i001
A_k4_2od_x1.0,seed_best_preview.csv,D:\PSPS\runs_A_k4_2od_x1.0\analysis\tables\seed_best_preview.csv,9,both,11,12,241.379,241379.0,169866.91000000012,1000,,4,D:\PSPS\runs_A_k4_2od_x1.0\both_seed9\g011_i012
A_k4_2od_x1.0,seed_best_preview.csv,D:\PSPS\runs_A_k4_2od_x1.0\analysis\tables\seed_best_preview.csv,9,init,12,17,230.234,230234.0,158698.65999999977,1000,,4,D:\PSPS\runs_A_k4_2od_x1.0\init_seed9\g012_i017
A_k4_2od_x1.0,seed_best_preview.csv,D:\PSPS\runs_A_k4_2od_x1.0\analysis\tables\seed_best_preview.csv,9,mutation,4,18,236.291,236291.0,164983.5400000002,1000,,4,D:\PSPS\runs_A_k4_2od_x1.0\mutation_seed9\g004_i018
A_k4_2od_x1.0,seed_best_preview.csv,D:\PSPS\runs_A_k4_2od_x1.0\analysis\tables\seed_best_preview.csv,9,none,2,1,236.075,236075.0,163980.5299999999,1000,,4,D:\PSPS\runs_A_k4_2od_x1.0\none_seed9\g002_i001
A_k4_2od_x1.2,seed_best_preview.csv,D:\PSPS\runs_A_k4_2od_x1.2\analysis\tables\seed_best_preview.csv,0,both,13,5,315.9033333333333,379084.0,291292.08,1200,,4,D:\PSPS\runs_A_k4_2od_x1.2\both_seed0\g013_i005
A_k4_2od_x1.2,seed_best_preview.csv,D:\PSPS\runs_A_k4_2od_x1.2\analysis\tables\seed_best_preview.csv,0,init,7,7,306.9825,368379.0,282712.3399999997,1200,,4,D:\PSPS\runs_A_k4_2od_x1.2\init_seed0\g007_i007
A_k4_2od_x1.2,seed_best_preview.csv,D:\PSPS\runs_A_k4_2od_x1.2\analysis\tables\seed_best_preview.csv,0,mutation,8,6,310.93,373116.0,285240.50999999995,1200,,4,D:\PSPS\runs_A_k4_2od_x1.2\mutation_seed0\g008_i006
A_k4_2od_x1.2,seed_best_preview.csv,D:\PSPS\runs_A_k4_2od_x1.2\analysis\tables\seed_best_preview.csv,0,none,14,6,302.935,363522.0,276918.5200000004,1200,,4,D:\PSPS\runs_A_k4_2od_x1.2\none_seed0\g014_i006
A_k4_2od_x1.2,seed_best_preview.csv,D:\PSPS\runs_A_k4_2od_x1.2\analysis\tables\seed_best_preview.csv,1,both,9,2,319.63666666666666,383564.0,296845.6300000003,1200,,4,D:\PSPS\runs_A_k4_2od_x1.2\both_seed1\g009_i002
A_k4_2od_x1.2,seed_best_preview.csv,D:\PSPS\runs_A_k4_2od_x1.2\analysis\tables\seed_best_preview.csv,1,init,7,17,308.5541666666667,370265.0,283243.7399999996,1200,,4,D:\PSPS\runs_A_k4_2od_x1.2\init_seed1\g007_i017
A_k4_2od_x1.2,seed_best_preview.csv,D:\PSPS\runs_A_k4_2od_x1.2\analysis\tables\seed_best_preview.csv,1,mutation,6,9,317.6625,381195.0,294282.09999999974,1200,,4,D:\PSPS\runs_A_k4_2od_x1.2\mutation_seed1\g006_i009
A_k4_2od_x1.2,seed_best_preview.csv,D:\PSPS\runs_A_k4_2od_x1.2\analysis\tables\seed_best_preview.csv,1,none,13,22,324.48,389376.0,302230.00000000035,1200,,4,D:\PSPS\runs_A_k4_2od_x1.2\none_seed1\g013_i022
A_k4_2od_x1.2,seed_best_preview.csv,D:\PSPS\runs_A_k4_2od_x1.2\analysis\tables\seed_best_preview.csv,2,both,7,7,314.7583333333333,377710.0,289763.54000000027,1200,,4,D:\PSPS\runs_A_k4_2od_x1.2\both_seed2\g007_i007
A_k4_2od_x1.2,seed_best_preview.csv,D:\PSPS\runs_A_k4_2od_x1.2\analysis\tables\seed_best_preview.csv,2,init,9,5,302.935,363522.0,276918.5200000004,1200,,4,D:\PSPS\runs_A_k4_2od_x1.2\init_seed2\g009_i005
A_k4_2od_x1.2,seed_best_preview.csv,D:\PSPS\runs_A_k4_2od_x1.2\analysis\tables\seed_best_preview.csv,2,mutation,6,20,317.94083333333333,381529.0,294298.30000000005,1200,,4,D:\PSPS\runs_A_k4_2od_x1.2\mutation_seed2\g006_i020
A_k4_2od_x1.2,seed_best_preview.csv,D:\PSPS\runs_A_k4_2od_x1.2\analysis\tables\seed_best_preview.csv,2,none,10,9,321.855,386226.0,299323.7299999999,1200,,4,D:\PSPS\runs_A_k4_2od_x1.2\none_seed2\g010_i009
A_k4_2od_x1.2,seed_best_preview.csv,D:\PSPS\runs_A_k4_2od_x1.2\analysis\tables\seed_best_preview.csv,3,both,8,19,311.2916666666667,373550.0,287340.32999999967,1200,,4,D:\PSPS\runs_A_k4_2od_x1.2\both_seed3\g008_i019
A_k4_2od_x1.2,seed_best_preview.csv,D:\PSPS\runs_A_k4_2od_x1.2\analysis\tables\seed_best_preview.csv,3,init,5,9,319.68,383616.0,295322.47999999986,1200,,4,D:\PSPS\runs_A_k4_2od_x1.2\init_seed3\g005_i009
A_k4_2od_x1.2,seed_best_preview.csv,D:\PSPS\runs_A_k4_2od_x1.2\analysis\tables\seed_best_preview.csv,3,mutation,6,10,311.2916666666667,373550.0,287340.32999999967,1200,,4,D:\PSPS\runs_A_k4_2od_x1.2\mutation_seed3\g006_i010
A_k4_2od_x1.2,seed_best_preview.csv,D:\PSPS\runs_A_k4_2od_x1.2\analysis\tables\seed_best_preview.csv,3,none,8,8,320.2183333333333,384262.0,298189.20000000024,1200,,4,D:\PSPS\runs_A_k4_2od_x1.2\none_seed3\g008_i008
A_k4_2od_x1.2,seed_best_preview.csv,D:\PSPS\runs_A_k4_2od_x1.2\analysis\tables\seed_best_preview.csv,4,both,6,20,306.87583333333333,368251.0,280149.42000000004,1200,,4,D:\PSPS\runs_A_k4_2od_x1.2\both_seed4\g006_i020
A_k4_2od_x1.2,seed_best_preview.csv,D:\PSPS\runs_A_k4_2od_x1.2\analysis\tables\seed_best_preview.csv,4,init,9,6,326.00083333333333,391201.0,304167.2900000003,1200,,4,D:\PSPS\runs_A_k4_2od_x1.2\init_seed4\g009_i006
A_k4_2od_x1.2,seed_best_preview.csv,D:\PSPS\runs_A_k4_2od_x1.2\analysis\tables\seed_best_preview.csv,4,mutation,14,4,311.06,373272.0,287155.2699999999,1200,,4,D:\PSPS\runs_A_k4_2od_x1.2\mutation_seed4\g014_i004
A_k4_2od_x1.2,seed_best_preview.csv,D:\PSPS\runs_A_k4_2od_x1.2\analysis\tables\seed_best_preview.csv,4,none,4,16,306.30083333333334,367561.0,281182.0100000001,1200,,4,D:\PSPS\runs_A_k4_2od_x1.2\none_seed4\g004_i016
A_k4_2od_x1.2,seed_best_preview.csv,D:\PSPS\runs_A_k4_2od_x1.2\analysis\tables\seed_best_preview.csv,5,both,8,7,310.64166666666665,372770.0,285549.83,1200,,4,D:\PSPS\runs_A_k4_2od_x1.2\both_seed5\g008_i007
A_k4_2od_x1.2,seed_best_preview.csv,D:\PSPS\runs_A_k4_2od_x1.2\analysis\tables\seed_best_preview.csv,5,init,11,15,330.4316666666667,396518.0,309040.7700000001,1200,,4,D:\PSPS\runs_A_k4_2od_x1.2\init_seed5\g011_i015
A_k4_2od_x1.2,seed_best_preview.csv,D:\PSPS\runs_A_k4_2od_x1.2\analysis\tables\seed_best_preview.csv,5,mutation,13,5,319.95666666666665,383948.0,297128.3400000004,1200,,4,D:\PSPS\runs_A_k4_2od_x1.2\mutation_seed5\g013_i005
A_k4_2od_x1.2,seed_best_preview.csv,D:\PSPS\runs_A_k4_2od_x1.2\analysis\tables\seed_best_preview.csv,5,none,15,8,315.9033333333333,379084.0,291292.08,1200,,4,D:\PSPS\runs_A_k4_2od_x1.2\none_seed5\g015_i008
A_k4_2od_x1.2,seed_best_preview.csv,D:\PSPS\runs_A_k4_2od_x1.2\analysis\tables\seed_best_preview.csv,6,both,6,19,308.5541666666667,370265.0,283243.7399999996,1200,,4,D:\PSPS\runs_A_k4_2od_x1.2\both_seed6\g006_i019
A_k4_2od_x1.2,seed_best_preview.csv,D:\PSPS\runs_A_k4_2od_x1.2\analysis\tables\seed_best_preview.csv,6,init,6,7,310.64166666666665,372770.0,285549.83,1200,,4,D:\PSPS\runs_A_k4_2od_x1.2\init_seed6\g006_i007
A_k4_2od_x1.2,seed_best_preview.csv,D:\PSPS\runs_A_k4_2od_x1.2\analysis\tables\seed_best_preview.csv,6,mutation,5,7,315.2816666666667,378338.0,292502.24999999994,1200,,4,D:\PSPS\runs_A_k4_2od_x1.2\mutation_seed6\g005_i007
A_k4_2od_x1.2,seed_best_preview.csv,D:\PSPS\runs_A_k4_2od_x1.2\analysis\tables\seed_best_preview.csv,6,none,2,18,310.7216666666667,372866.0,286436.73000000016,1200,,4,D:\PSPS\runs_A_k4_2od_x1.2\none_seed6\g002_i018
A_k4_2od_x1.2,seed_best_preview.csv,D:\PSPS\runs_A_k4_2od_x1.2\analysis\tables\seed_best_preview.csv,7,both,4,7,306.9825,368379.0,282712.3399999997,1200,,4,D:\PSPS\runs_A_k4_2od_x1.2\both_seed7\g004_i007
A_k4_2od_x1.2,seed_best_preview.csv,D:\PSPS\runs_A_k4_2od_x1.2\analysis\tables\seed_best_preview.csv,7,init,13,11,315.93416666666667,379121.0,289619.6099999999,1200,,4,D:\PSPS\runs_A_k4_2od_x1.2\init_seed7\g013_i011
A_k4_2od_x1.2,seed_best_preview.csv,D:\PSPS\runs_A_k4_2od_x1.2\analysis\tables\seed_best_preview.csv,7,mutation,3,6,311.06,373272.0,287155.2699999999,1200,,4,D:\PSPS\runs_A_k4_2od_x1.2\mutation_seed7\g003_i006
A_k4_2od_x1.2,seed_best_preview.csv,D:\PSPS\runs_A_k4_2od_x1.2\analysis\tables\seed_best_preview.csv,7,none,4,2,310.93,373116.0,285240.50999999995,1200,,4,D:\PSPS\runs_A_k4_2od_x1.2\none_seed7\g004_i002
A_k4_2od_x1.2,seed_best_preview.csv,D:\PSPS\runs_A_k4_2od_x1.2\analysis\tables\seed_best_preview.csv,8,both,7,12,306.30083333333334,367561.0,281182.0100000001,1200,,4,D:\PSPS\runs_A_k4_2od_x1.2\both_seed8\g007_i012
A_k4_2od_x1.2,seed_best_preview.csv,D:\PSPS\runs_A_k4_2od_x1.2\analysis\tables\seed_best_preview.csv,8,init,11,23,308.5541666666667,370265.0,283243.7399999996,1200,,4,D:\PSPS\runs_A_k4_2od_x1.2\init_seed8\g011_i023
A_k4_2od_x1.2,seed_best_preview.csv,D:\PSPS\runs_A_k4_2od_x1.2\analysis\tables\seed_best_preview.csv,8,mutation,8,1,320.62833333333333,384754.0,298802.51000000024,1200,,4,D:\PSPS\runs_A_k4_2od_x1.2\mutation_seed8\g008_i001
A_k4_2od_x1.2,seed_best_preview.csv,D:\PSPS\runs_A_k4_2od_x1.2\analysis\tables\seed_best_preview.csv,8,none,11,17,324.9716666666667,389966.0,303044.2600000001,1200,,4,D:\PSPS\runs_A_k4_2od_x1.2\none_seed8\g011_i017
A_k4_2od_x1.2,seed_best_preview.csv,D:\PSPS\runs_A_k4_2od_x1.2\analysis\tables\seed_best_preview.csv,9,both,11,14,309.45416666666665,371345.0,283393.0899999997,1200,,4,D:\PSPS\runs_A_k4_2od_x1.2\both_seed9\g011_i014
A_k4_2od_x1.2,seed_best_preview.csv,D:\PSPS\runs_A_k4_2od_x1.2\analysis\tables\seed_best_preview.csv,9,init,15,17,316.0183333333333,379222.0,291517.4000000002,1200,,4,D:\PSPS\runs_A_k4_2od_x1.2\init_seed9\g015_i017
A_k4_2od_x1.2,seed_best_preview.csv,D:\PSPS\runs_A_k4_2od_x1.2\analysis\tables\seed_best_preview.csv,9,mutation,14,16,306.87583333333333,368251.0,280149.42000000004,1200,,4,D:\PSPS\runs_A_k4_2od_x1.2\mutation_seed9\g014_i016
A_k4_2od_x1.2,seed_best_preview.csv,D:\PSPS\runs_A_k4_2od_x1.2\analysis\tables\seed_best_preview.csv,9,none,8,16,314.7583333333333,377710.0,289763.54000000027,1200,,4,D:\PSPS\runs_A_k4_2od_x1.2\none_seed9\g008_i016
B_k9_1od_x0.8,seed_best_preview.csv,D:\PSPS\runs_B_k9_1od_x0.8\analysis\tables\seed_best_preview.csv,0,both,4,2,622.599375,996159.0,698473.0299999994,1600,,9,D:\PSPS\runs_B_k9_1od_x0.8\both_seed0\g004_i002
B_k9_1od_x0.8,seed_best_preview.csv,D:\PSPS\runs_B_k9_1od_x0.8\analysis\tables\seed_best_preview.csv,0,init,8,22,613.269375,981231.0,687118.1499999994,1600,,9,D:\PSPS\runs_B_k9_1od_x0.8\init_seed0\g008_i022
B_k9_1od_x0.8,seed_best_preview.csv,D:\PSPS\runs_B_k9_1od_x0.8\analysis\tables\seed_best_preview.csv,0,mutation,6,7,615.284375,984455.0,686046.7699999999,1600,,9,D:\PSPS\runs_B_k9_1od_x0.8\mutation_seed0\g006_i007
B_k9_1od_x0.8,seed_best_preview.csv,D:\PSPS\runs_B_k9_1od_x0.8\analysis\tables\seed_best_preview.csv,0,none,10,15,616.395,986232.0,688586.290000001,1600,,9,D:\PSPS\runs_B_k9_1od_x0.8\none_seed0\g010_i015
B_k9_1od_x0.8,seed_best_preview.csv,D:\PSPS\runs_B_k9_1od_x0.8\analysis\tables\seed_best_preview.csv,1,both,14,5,616.47,986352.0,688058.2200000007,1600,,9,D:\PSPS\runs_B_k9_1od_x0.8\both_seed1\g014_i005
B_k9_1od_x0.8,seed_best_preview.csv,D:\PSPS\runs_B_k9_1od_x0.8\analysis\tables\seed_best_preview.csv,1,init,3,22,622.725,996360.0,698682.4500000005,1600,,9,D:\PSPS\runs_B_k9_1od_x0.8\init_seed1\g003_i022
B_k9_1od_x0.8,seed_best_preview.csv,D:\PSPS\runs_B_k9_1od_x0.8\analysis\tables\seed_best_preview.csv,1,mutation,13,19,608.071875,972915.0,675856.9799999999,1600,,9,D:\PSPS\runs_B_k9_1od_x0.8\mutation_seed1\g013_i019
B_k9_1od_x0.8,seed_best_preview.csv,D:\PSPS\runs_B_k9_1od_x0.8\analysis\tables\seed_best_preview.csv,1,none,5,8,617.978125,988765.0,694480.0400000006,1600,,9,D:\PSPS\runs_B_k9_1od_x0.8\none_seed1\g005_i008
B_k9_1od_x0.8,seed_best_preview.csv,D:\PSPS\runs_B_k9_1od_x0.8\analysis\tables\seed_best_preview.csv,2,both,3,10,616.11875,985790.0,690105.0900000003,1600,,9,D:\PSPS\runs_B_k9_1od_x0.8\both_seed2\g003_i010
B_k9_1od_x0.8,seed_best_preview.csv,D:\PSPS\runs_B_k9_1od_x0.8\analysis\tables\seed_best_preview.csv,2,init,1,17,622.76875,996430.0,695828.099999999,1600,,8,D:\PSPS\runs_B_k9_1od_x0.8\init_seed2\g001_i017
B_k9_1od_x0.8,seed_best_preview.csv,D:\PSPS\runs_B_k9_1od_x0.8\analysis\tables\seed_best_preview.csv,2,mutation,6,5,620.38125,992610.0,696078.8200000006,1600,,9,D:\PSPS\runs_B_k9_1od_x0.8\mutation_seed2\g006_i005
B_k9_1od_x0.8,seed_best_preview.csv,D:\PSPS\runs_B_k9_1od_x0.8\analysis\tables\seed_best_preview.csv,2,none,6,15,627.243125,1003589.0,703910.5900000007,1600,,9,D:\PSPS\runs_B_k9_1od_x0.8\none_seed2\g006_i015
B_k9_1od_x0.8,seed_best_preview.csv,D:\PSPS\runs_B_k9_1od_x0.8\analysis\tables\seed_best_preview.csv,3,both,6,22,606.37125,970194.0,676099.2700000013,1600,,9,D:\PSPS\runs_B_k9_1od_x0.8\both_seed3\g006_i022
B_k9_1od_x0.8,seed_best_preview.csv,D:\PSPS\runs_B_k9_1od_x0.8\analysis\tables\seed_best_preview.csv,3,init,4,14,619.514375,991223.0,692779.0700000006,1600,,9,D:\PSPS\runs_B_k9_1od_x0.8\init_seed3\g004_i014
B_k9_1od_x0.8,seed_best_preview.csv,D:\PSPS\runs_B_k9_1od_x0.8\analysis\tables\seed_best_preview.csv,3,mutation,7,22,615.4225,984676.0,693489.2999999998,1600,,9,D:\PSPS\runs_B_k9_1od_x0.8\mutation_seed3\g007_i022
B_k9_1od_x0.8,seed_best_preview.csv,D:\PSPS\runs_B_k9_1od_x0.8\analysis\tables\seed_best_preview.csv,3,none,15,4,616.51,986416.0,687789.8800000008,1600,,9,D:\PSPS\runs_B_k9_1od_x0.8\none_seed3\g015_i004
B_k9_1od_x0.8,seed_best_preview.csv,D:\PSPS\runs_B_k9_1od_x0.8\analysis\tables\seed_best_preview.csv,4,both,5,9,606.2625,970020.0,675618.23,1600,,9,D:\PSPS\runs_B_k9_1od_x0.8\both_seed4\g005_i009
B_k9_1od_x0.8,seed_best_preview.csv,D:\PSPS\runs_B_k9_1od_x0.8\analysis\tables\seed_best_preview.csv,4,init,6,8,625.8,1001280.0,705710.6399999998,1600,,9,D:\PSPS\runs_B_k9_1od_x0.8\init_seed4\g006_i008
B_k9_1od_x0.8,seed_best_preview.csv,D:\PSPS\runs_B_k9_1od_x0.8\analysis\tables\seed_best_preview.csv,4,mutation,6,5,609.9025,975844.0,680700.13,1600,,9,D:\PSPS\runs_B_k9_1od_x0.8\mutation_seed4\g006_i005
B_k9_1od_x0.8,seed_best_preview.csv,D:\PSPS\runs_B_k9_1od_x0.8\analysis\tables\seed_best_preview.csv,4,none,4,20,618.878125,990205.0,693945.7199999981,1600,,9,D:\PSPS\runs_B_k9_1od_x0.8\none_seed4\g004_i020
B_k9_1od_x0.8,seed_best_preview.csv,D:\PSPS\runs_B_k9_1od_x0.8\analysis\tables\seed_best_preview.csv,5,both,9,3,610.500625,976801.0,679266.2199999993,1600,,9,D:\PSPS\runs_B_k9_1od_x0.8\both_seed5\g009_i003
B_k9_1od_x0.8,seed_best_preview.csv,D:\PSPS\runs_B_k9_1od_x0.8\analysis\tables\seed_best_preview.csv,5,init,3,1,616.100625,985761.0,690743.8699999994,1600,,9,D:\PSPS\runs_B_k9_1od_x0.8\init_seed5\g003_i001
B_k9_1od_x0.8,seed_best_preview.csv,D:\PSPS\runs_B_k9_1od_x0.8\analysis\tables\seed_best_preview.csv,5,mutation,14,1,608.504375,973607.0,675913.8200000012,1600,,9,D:\PSPS\runs_B_k9_1od_x0.8\mutation_seed5\g014_i001
B_k9_1od_x0.8,seed_best_preview.csv,D:\PSPS\runs_B_k9_1od_x0.8\analysis\tables\seed_best_preview.csv,5,none,10,14,621.13,993808.0,694805.659999999,1600,,9,D:\PSPS\runs_B_k9_1od_x0.8\none_seed5\g010_i014
B_k9_1od_x0.8,seed_best_preview.csv,D:\PSPS\runs_B_k9_1od_x0.8\analysis\tables\seed_best_preview.csv,6,both,3,22,617.798125,988477.0,693865.3000000002,1600,,9,D:\PSPS\runs_B_k9_1od_x0.8\both_seed6\g003_i022
B_k9_1od_x0.8,seed_best_preview.csv,D:\PSPS\runs_B_k9_1od_x0.8\analysis\tables\seed_best_preview.csv,6,init,13,4,621.921875,995075.0,693310.2299999989,1600,,9,D:\PSPS\runs_B_k9_1od_x0.8\init_seed6\g013_i004
B_k9_1od_x0.8,seed_best_preview.csv,D:\PSPS\runs_B_k9_1od_x0.8\analysis\tables\seed_best_preview.csv,6,mutation,13,15,617.778125,988445.0,691473.8100000004,1600,,9,D:\PSPS\runs_B_k9_1od_x0.8\mutation_seed6\g013_i015
B_k9_1od_x0.8,seed_best_preview.csv,D:\PSPS\runs_B_k9_1od_x0.8\analysis\tables\seed_best_preview.csv,6,none,4,14,623.325625,997321.0,698967.1300000013,1600,,9,D:\PSPS\runs_B_k9_1od_x0.8\none_seed6\g004_i014
B_k9_1od_x0.8,seed_best_preview.csv,D:\PSPS\runs_B_k9_1od_x0.8\analysis\tables\seed_best_preview.csv,7,both,7,21,609.55625,975290.0,676404.3699999995,1600,,9,D:\PSPS\runs_B_k9_1od_x0.8\both_seed7\g007_i021
B_k9_1od_x0.8,seed_best_preview.csv,D:\PSPS\runs_B_k9_1od_x0.8\analysis\tables\seed_best_preview.csv,7,init,1,5,617.978125,988765.0,694480.0400000006,1600,,8,D:\PSPS\runs_B_k9_1od_x0.8\init_seed7\g001_i005
B_k9_1od_x0.8,seed_best_preview.csv,D:\PSPS\runs_B_k9_1od_x0.8\analysis\tables\seed_best_preview.csv,7,mutation,3,4,611.4425,978308.0,679658.3700000005,1600,,9,D:\PSPS\runs_B_k9_1od_x0.8\mutation_seed7\g003_i004
B_k9_1od_x0.8,seed_best_preview.csv,D:\PSPS\runs_B_k9_1od_x0.8\analysis\tables\seed_best_preview.csv,7,none,1,1,619.309375,990895.0,692830.89,1600,,6,D:\PSPS\runs_B_k9_1od_x0.8\none_seed7\g001_i001
B_k9_1od_x0.8,seed_best_preview.csv,D:\PSPS\runs_B_k9_1od_x0.8\analysis\tables\seed_best_preview.csv,8,both,8,13,608.071875,972915.0,675856.9799999999,1600,,9,D:\PSPS\runs_B_k9_1od_x0.8\both_seed8\g008_i013
B_k9_1od_x0.8,seed_best_preview.csv,D:\PSPS\runs_B_k9_1od_x0.8\analysis\tables\seed_best_preview.csv,8,init,7,15,631.28375,1010054.0,709755.1300000001,1600,,9,D:\PSPS\runs_B_k9_1od_x0.8\init_seed8\g007_i015
B_k9_1od_x0.8,seed_best_preview.csv,D:\PSPS\runs_B_k9_1od_x0.8\analysis\tables\seed_best_preview.csv,8,mutation,14,13,610.499375,976799.0,677908.9300000007,1600,,9,D:\PSPS\runs_B_k9_1od_x0.8\mutation_seed8\g014_i013
B_k9_1od_x0.8,seed_best_preview.csv,D:\PSPS\runs_B_k9_1od_x0.8\analysis\tables\seed_best_preview.csv,8,none,7,15,617.978125,988765.0,694480.0400000006,1600,,9,D:\PSPS\runs_B_k9_1od_x0.8\none_seed8\g007_i015
B_k9_1od_x0.8,seed_best_preview.csv,D:\PSPS\runs_B_k9_1od_x0.8\analysis\tables\seed_best_preview.csv,9,both,12,18,617.08125,987330.0,687131.3000000004,1600,,9,D:\PSPS\runs_B_k9_1od_x0.8\both_seed9\g012_i018
B_k9_1od_x0.8,seed_best_preview.csv,D:\PSPS\runs_B_k9_1od_x0.8\analysis\tables\seed_best_preview.csv,9,init,10,3,616.225625,985961.0,687782.5599999994,1600,,9,D:\PSPS\runs_B_k9_1od_x0.8\init_seed9\g010_i003
B_k9_1od_x0.8,seed_best_preview.csv,D:\PSPS\runs_B_k9_1od_x0.8\analysis\tables\seed_best_preview.csv,9,mutation,15,4,618.3075,989292.0,696636.5599999999,1600,,9,D:\PSPS\runs_B_k9_1od_x0.8\mutation_seed9\g015_i004
B_k9_1od_x0.8,seed_best_preview.csv,D:\PSPS\runs_B_k9_1od_x0.8\analysis\tables\seed_best_preview.csv,9,none,9,8,616.751875,986803.0,689555.45,1600,,9,D:\PSPS\runs_B_k9_1od_x0.8\none_seed9\g009_i008
B_k9_1od_x1.0,seed_best_preview.csv,D:\PSPS\runs_B_k9_1od_x1.0\analysis\tables\seed_best_preview.csv,0,both,7,6,615.412,1230824.0,862878.2999999989,2000,,9,D:\PSPS\runs_B_k9_1od_x1.0\both_seed0\g007_i006
B_k9_1od_x1.0,seed_best_preview.csv,D:\PSPS\runs_B_k9_1od_x1.0\analysis\tables\seed_best_preview.csv,0,init,8,15,628.629,1257258.0,881362.7599999988,2000,,9,D:\PSPS\runs_B_k9_1od_x1.0\init_seed0\g008_i015
B_k9_1od_x1.0,seed_best_preview.csv,D:\PSPS\runs_B_k9_1od_x1.0\analysis\tables\seed_best_preview.csv,0,mutation,11,10,623.013,1246026.0,877168.2999999996,2000,,9,D:\PSPS\runs_B_k9_1od_x1.0\mutation_seed0\g011_i010
B_k9_1od_x1.0,seed_best_preview.csv,D:\PSPS\runs_B_k9_1od_x1.0\analysis\tables\seed_best_preview.csv,0,none,14,15,627.638,1255276.0,879601.8599999996,2000,,9,D:\PSPS\runs_B_k9_1od_x1.0\none_seed0\g014_i015
B_k9_1od_x1.0,seed_best_preview.csv,D:\PSPS\runs_B_k9_1od_x1.0\analysis\tables\seed_best_preview.csv,1,both,9,1,616.1705,1232341.0,865950.4900000017,2000,,9,D:\PSPS\runs_B_k9_1od_x1.0\both_seed1\g009_i001
B_k9_1od_x1.0,seed_best_preview.csv,D:\PSPS\runs_B_k9_1od_x1.0\analysis\tables\seed_best_preview.csv,1,init,1,22,616.625,1233250.0,864061.3500000003,2000,,5,D:\PSPS\runs_B_k9_1od_x1.0\init_seed1\g001_i022
B_k9_1od_x1.0,seed_best_preview.csv,D:\PSPS\runs_B_k9_1od_x1.0\analysis\tables\seed_best_preview.csv,1,mutation,12,1,627.595,1255190.0,878472.9800000013,2000,,9,D:\PSPS\runs_B_k9_1od_x1.0\mutation_seed1\g012_i001
B_k9_1od_x1.0,seed_best_preview.csv,D:\PSPS\runs_B_k9_1od_x1.0\analysis\tables\seed_best_preview.csv,1,none,15,18,626.5065,1253013.0,876221.9400000011,2000,,9,D:\PSPS\runs_B_k9_1od_x1.0\none_seed1\g015_i018
B_k9_1od_x1.0,seed_best_preview.csv,D:\PSPS\runs_B_k9_1od_x1.0\analysis\tables\seed_best_preview.csv,2,both,13,13,627.0225,1254045.0,877226.8099999999,2000,,9,D:\PSPS\runs_B_k9_1od_x1.0\both_seed2\g013_i013
B_k9_1od_x1.0,seed_best_preview.csv,D:\PSPS\runs_B_k9_1od_x1.0\analysis\tables\seed_best_preview.csv,2,init,13,14,623.753,1247506.0,875399.6299999974,2000,,9,D:\PSPS\runs_B_k9_1od_x1.0\init_seed2\g013_i014
B_k9_1od_x1.0,seed_best_preview.csv,D:\PSPS\runs_B_k9_1od_x1.0\analysis\tables\seed_best_preview.csv,2,mutation,7,16,628.2395,1256479.0,880604.049999999,2000,,9,D:\PSPS\runs_B_k9_1od_x1.0\mutation_seed2\g007_i016
B_k9_1od_x1.0,seed_best_preview.csv,D:\PSPS\runs_B_k9_1od_x1.0\analysis\tables\seed_best_preview.csv,2,none,14,9,617.2615,1234523.0,861334.3200000013,2000,,9,D:\PSPS\runs_B_k9_1od_x1.0\none_seed2\g014_i009
B_k9_1od_x1.0,seed_best_preview.csv,D:\PSPS\runs_B_k9_1od_x1.0\analysis\tables\seed_best_preview.csv,3,both,11,13,623.8155,1247631.0,879131.6400000007,2000,,9,D:\PSPS\runs_B_k9_1od_x1.0\both_seed3\g011_i013
B_k9_1od_x1.0,seed_best_preview.csv,D:\PSPS\runs_B_k9_1od_x1.0\analysis\tables\seed_best_preview.csv,3,init,11,19,621.6095,1243219.0,869714.1799999977,2000,,9,D:\PSPS\runs_B_k9_1od_x1.0\init_seed3\g011_i019
B_k9_1od_x1.0,seed_best_preview.csv,D:\PSPS\runs_B_k9_1od_x1.0\analysis\tables\seed_best_preview.csv,3,mutation,2,19,622.279,1244558.0,873893.6499999992,2000,,9,D:\PSPS\runs_B_k9_1od_x1.0\mutation_seed3\g002_i019
B_k9_1od_x1.0,seed_best_preview.csv,D:\PSPS\runs_B_k9_1od_x1.0\analysis\tables\seed_best_preview.csv,3,none,6,20,621.8395,1243679.0,866732.2400000008,2000,,9,D:\PSPS\runs_B_k9_1od_x1.0\none_seed3\g006_i020
B_k9_1od_x1.0,seed_best_preview.csv,D:\PSPS\runs_B_k9_1od_x1.0\analysis\tables\seed_best_preview.csv,4,both,9,1,616.625,1233250.0,864061.3500000003,2000,,9,D:\PSPS\runs_B_k9_1od_x1.0\both_seed4\g009_i001
B_k9_1od_x1.0,seed_best_preview.csv,D:\PSPS\runs_B_k9_1od_x1.0\analysis\tables\seed_best_preview.csv,4,init,5,9,632.5305,1265061.0,885279.0500000011,2000,,9,D:\PSPS\runs_B_k9_1od_x1.0\init_seed4\g005_i009
B_k9_1od_x1.0,seed_best_preview.csv,D:\PSPS\runs_B_k9_1od_x1.0\analysis\tables\seed_best_preview.csv,4,mutation,5,23,621.2125,1242425.0,870903.509999999,2000,,9,D:\PSPS\runs_B_k9_1od_x1.0\mutation_seed4\g005_i023
B_k9_1od_x1.0,seed_best_preview.csv,D:\PSPS\runs_B_k9_1od_x1.0\analysis\tables\seed_best_preview.csv,4,none,12,3,626.8045,1253609.0,881176.8300000003,2000,,9,D:\PSPS\runs_B_k9_1od_x1.0\none_seed4\g012_i003
B_k9_1od_x1.0,seed_best_preview.csv,D:\PSPS\runs_B_k9_1od_x1.0\analysis\tables\seed_best_preview.csv,5,both,5,11,629.852,1259704.0,882704.1900000006,2000,,9,D:\PSPS\runs_B_k9_1od_x1.0\both_seed5\g005_i011
B_k9_1od_x1.0,seed_best_preview.csv,D:\PSPS\runs_B_k9_1od_x1.0\analysis\tables\seed_best_preview.csv,5,init,1,0,636.2985,1272597.0,894437.0199999996,2000,,9,D:\PSPS\runs_B_k9_1od_x1.0\init_seed5\g001_i000
B_k9_1od_x1.0,seed_best_preview.csv,D:\PSPS\runs_B_k9_1od_x1.0\analysis\tables\seed_best_preview.csv,5,mutation,4,5,628.112,1256224.0,885986.4500000003,2000,,9,D:\PSPS\runs_B_k9_1od_x1.0\mutation_seed5\g004_i005
B_k9_1od_x1.0,seed_best_preview.csv,D:\PSPS\runs_B_k9_1od_x1.0\analysis\tables\seed_best_preview.csv,5,none,12,8,628.1975,1256395.0,882233.9300000011,2000,,9,D:\PSPS\runs_B_k9_1od_x1.0\none_seed5\g012_i008
B_k9_1od_x1.0,seed_best_preview.csv,D:\PSPS\runs_B_k9_1od_x1.0\analysis\tables\seed_best_preview.csv,6,both,4,15,627.1405,1254281.0,877370.890000001,2000,,9,D:\PSPS\runs_B_k9_1od_x1.0\both_seed6\g004_i015
B_k9_1od_x1.0,seed_best_preview.csv,D:\PSPS\runs_B_k9_1od_x1.0\analysis\tables\seed_best_preview.csv,6,init,14,21,621.6505,1243301.0,870110.93,2000,,9,D:\PSPS\runs_B_k9_1od_x1.0\init_seed6\g014_i021
B_k9_1od_x1.0,seed_best_preview.csv,D:\PSPS\runs_B_k9_1od_x1.0\analysis\tables\seed_best_preview.csv,6,mutation,14,22,620.9665,1241933.0,865596.4600000005,2000,,9,D:\PSPS\runs_B_k9_1od_x1.0\mutation_seed6\g014_i022
B_k9_1od_x1.0,seed_best_preview.csv,D:\PSPS\runs_B_k9_1od_x1.0\analysis\tables\seed_best_preview.csv,6,none,12,22,620.7305,1241461.0,866127.9000000008,2000,,9,D:\PSPS\runs_B_k9_1od_x1.0\none_seed6\g012_i022
B_k9_1od_x1.0,seed_best_preview.csv,D:\PSPS\runs_B_k9_1od_x1.0\analysis\tables\seed_best_preview.csv,7,both,13,2,625.127,1250254.0,879498.0600000016,2000,,9,D:\PSPS\runs_B_k9_1od_x1.0\both_seed7\g013_i002
B_k9_1od_x1.0,seed_best_preview.csv,D:\PSPS\runs_B_k9_1od_x1.0\analysis\tables\seed_best_preview.csv,7,init,12,7,630.386,1260772.0,886916.7400000013,2000,,9,D:\PSPS\runs_B_k9_1od_x1.0\init_seed7\g012_i007
B_k9_1od_x1.0,seed_best_preview.csv,D:\PSPS\runs_B_k9_1od_x1.0\analysis\tables\seed_best_preview.csv,7,mutation,15,6,627.6275,1255255.0,879535.0399999989,2000,,9,D:\PSPS\runs_B_k9_1od_x1.0\mutation_seed7\g015_i006
B_k9_1od_x1.0,seed_best_preview.csv,D:\PSPS\runs_B_k9_1od_x1.0\analysis\tables\seed_best_preview.csv,7,none,10,11,623.7015,1247403.0,877612.7500000009,2000,,9,D:\PSPS\runs_B_k9_1od_x1.0\none_seed7\g010_i011
B_k9_1od_x1.0,seed_best_preview.csv,D:\PSPS\runs_B_k9_1od_x1.0\analysis\tables\seed_best_preview.csv,8,both,3,23,629.66,1259320.0,883129.2000000008,2000,,9,D:\PSPS\runs_B_k9_1od_x1.0\both_seed8\g003_i023
B_k9_1od_x1.0,seed_best_preview.csv,D:\PSPS\runs_B_k9_1od_x1.0\analysis\tables\seed_best_preview.csv,8,init,4,22,622.285,1244570.0,873879.8199999988,2000,,9,D:\PSPS\runs_B_k9_1od_x1.0\init_seed8\g004_i022
B_k9_1od_x1.0,seed_best_preview.csv,D:\PSPS\runs_B_k9_1od_x1.0\analysis\tables\seed_best_preview.csv,8,mutation,13,4,616.625,1233250.0,864061.3500000003,2000,,9,D:\PSPS\runs_B_k9_1od_x1.0\mutation_seed8\g013_i004
B_k9_1od_x1.0,seed_best_preview.csv,D:\PSPS\runs_B_k9_1od_x1.0\analysis\tables\seed_best_preview.csv,8,none,14,4,632.8275,1265655.0,896385.059999999,2000,,9,D:\PSPS\runs_B_k9_1od_x1.0\none_seed8\g014_i004
B_k9_1od_x1.0,seed_best_preview.csv,D:\PSPS\runs_B_k9_1od_x1.0\analysis\tables\seed_best_preview.csv,9,both,7,20,616.625,1233250.0,864061.3500000003,2000,,9,D:\PSPS\runs_B_k9_1od_x1.0\both_seed9\g007_i020
B_k9_1od_x1.0,seed_best_preview.csv,D:\PSPS\runs_B_k9_1od_x1.0\analysis\tables\seed_best_preview.csv,9,init,6,2,624.3025,1248605.0,877718.9600000016,2000,,9,D:\PSPS\runs_B_k9_1od_x1.0\init_seed9\g006_i002
B_k9_1od_x1.0,seed_best_preview.csv,D:\PSPS\runs_B_k9_1od_x1.0\analysis\tables\seed_best_preview.csv,9,mutation,4,22,622.0695,1244139.0,873558.8799999986,2000,,9,D:\PSPS\runs_B_k9_1od_x1.0\mutation_seed9\g004_i022
B_k9_1od_x1.0,seed_best_preview.csv,D:\PSPS\runs_B_k9_1od_x1.0\analysis\tables\seed_best_preview.csv,9,none,13,1,622.958,1245916.0,869654.1100000006,2000,,9,D:\PSPS\runs_B_k9_1od_x1.0\none_seed9\g013_i001
B_k9_1od_x1.2,seed_best_preview.csv,D:\PSPS\runs_B_k9_1od_x1.2\analysis\tables\seed_best_preview.csv,0,both,4,15,615.7891666666667,1477894.0,1035296.9599999976,2400,,9,D:\PSPS\runs_B_k9_1od_x1.2\both_seed0\g004_i015
B_k9_1od_x1.2,seed_best_preview.csv,D:\PSPS\runs_B_k9_1od_x1.2\analysis\tables\seed_best_preview.csv,0,init,14,14,623.2,1495680.0,1045530.370000001,2400,,9,D:\PSPS\runs_B_k9_1od_x1.2\init_seed0\g014_i014
B_k9_1od_x1.2,seed_best_preview.csv,D:\PSPS\runs_B_k9_1od_x1.2\analysis\tables\seed_best_preview.csv,0,mutation,10,22,629.8291666666667,1511590.0,1064310.5299999986,2400,,9,D:\PSPS\runs_B_k9_1od_x1.2\mutation_seed0\g010_i022
B_k9_1od_x1.2,seed_best_preview.csv,D:\PSPS\runs_B_k9_1od_x1.2\analysis\tables\seed_best_preview.csv,0,none,15,4,623.5420833333334,1496501.0,1047074.1600000015,2400,,9,D:\PSPS\runs_B_k9_1od_x1.2\none_seed0\g015_i004
B_k9_1od_x1.2,seed_best_preview.csv,D:\PSPS\runs_B_k9_1od_x1.2\analysis\tables\seed_best_preview.csv,1,both,6,16,626.7308333333333,1504154.0,1061375.4,2400,,9,D:\PSPS\runs_B_k9_1od_x1.2\both_seed1\g006_i016
B_k9_1od_x1.2,seed_best_preview.csv,D:\PSPS\runs_B_k9_1od_x1.2\analysis\tables\seed_best_preview.csv,1,init,7,11,621.5570833333334,1491737.0,1047313.9200000009,2400,,9,D:\PSPS\runs_B_k9_1od_x1.2\init_seed1\g007_i011
B_k9_1od_x1.2,seed_best_preview.csv,D:\PSPS\runs_B_k9_1od_x1.2\analysis\tables\seed_best_preview.csv,1,mutation,10,14,627.5420833333334,1506101.0,1051835.9200000006,2400,,9,D:\PSPS\runs_B_k9_1od_x1.2\mutation_seed1\g010_i014
B_k9_1od_x1.2,seed_best_preview.csv,D:\PSPS\runs_B_k9_1od_x1.2\analysis\tables\seed_best_preview.csv,1,none,9,11,623.4466666666667,1496272.0,1044113.2299999984,2400,,9,D:\PSPS\runs_B_k9_1od_x1.2\none_seed1\g009_i011
B_k9_1od_x1.2,seed_best_preview.csv,D:\PSPS\runs_B_k9_1od_x1.2\analysis\tables\seed_best_preview.csv,2,both,9,21,621.69625,1492071.0,1040354.659999999,2400,,9,D:\PSPS\runs_B_k9_1od_x1.2\both_seed2\g009_i021
B_k9_1od_x1.2,seed_best_preview.csv,D:\PSPS\runs_B_k9_1od_x1.2\analysis\tables\seed_best_preview.csv,2,init,11,13,626.3104166666667,1503145.0,1056793.0499999989,2400,,9,D:\PSPS\runs_B_k9_1od_x1.2\init_seed2\g011_i013
B_k9_1od_x1.2,seed_best_preview.csv,D:\PSPS\runs_B_k9_1od_x1.2\analysis\tables\seed_best_preview.csv,2,mutation,9,23,616.8620833333333,1480469.0,1036968.0499999992,2400,,9,D:\PSPS\runs_B_k9_1od_x1.2\mutation_seed2\g009_i023
B_k9_1od_x1.2,seed_best_preview.csv,D:\PSPS\runs_B_k9_1od_x1.2\analysis\tables\seed_best_preview.csv,2,none,8,12,630.6420833333333,1513541.0,1064043.8199999998,2400,,9,D:\PSPS\runs_B_k9_1od_x1.2\none_seed2\g008_i012
B_k9_1od_x1.2,seed_best_preview.csv,D:\PSPS\runs_B_k9_1od_x1.2\analysis\tables\seed_best_preview.csv,3,both,4,16,623.06875,1495365.0,1045900.359999999,2400,,9,D:\PSPS\runs_B_k9_1od_x1.2\both_seed3\g004_i016
B_k9_1od_x1.2,seed_best_preview.csv,D:\PSPS\runs_B_k9_1od_x1.2\analysis\tables\seed_best_preview.csv,3,init,2,23,620.9925,1490382.0,1028431.720000002,2400,,9,D:\PSPS\runs_B_k9_1od_x1.2\init_seed3\g002_i023
B_k9_1od_x1.2,seed_best_preview.csv,D:\PSPS\runs_B_k9_1od_x1.2\analysis\tables\seed_best_preview.csv,3,mutation,7,15,626.9291666666667,1504630.0,1052644.8799999994,2400,,9,D:\PSPS\runs_B_k9_1od_x1.2\mutation_seed3\g007_i015
B_k9_1od_x1.2,seed_best_preview.csv,D:\PSPS\runs_B_k9_1od_x1.2\analysis\tables\seed_best_preview.csv,3,none,14,4,630.7208333333333,1513730.0,1052487.369999999,2400,,9,D:\PSPS\runs_B_k9_1od_x1.2\none_seed3\g014_i004
B_k9_1od_x1.2,seed_best_preview.csv,D:\PSPS\runs_B_k9_1od_x1.2\analysis\tables\seed_best_preview.csv,4,both,2,12,620.9433333333334,1490264.0,1043086.5699999988,2400,,9,D:\PSPS\runs_B_k9_1od_x1.2\both_seed4\g002_i012
B_k9_1od_x1.2,seed_best_preview.csv,D:\PSPS\runs_B_k9_1od_x1.2\analysis\tables\seed_best_preview.csv,4,init,9,8,624.9641666666666,1499914.0,1054470.85,2400,,9,D:\PSPS\runs_B_k9_1od_x1.2\init_seed4\g009_i008
B_k9_1od_x1.2,seed_best_preview.csv,D:\PSPS\runs_B_k9_1od_x1.2\analysis\tables\seed_best_preview.csv,4,mutation,3,15,622.2875,1493490.0,1044619.5899999994,2400,,9,D:\PSPS\runs_B_k9_1od_x1.2\mutation_seed4\g003_i015
B_k9_1od_x1.2,seed_best_preview.csv,D:\PSPS\runs_B_k9_1od_x1.2\analysis\tables\seed_best_preview.csv,4,none,1,6,623.2129166666666,1495711.0,1051442.65,2400,,6,D:\PSPS\runs_B_k9_1od_x1.2\none_seed4\g001_i006
B_k9_1od_x1.2,seed_best_preview.csv,D:\PSPS\runs_B_k9_1od_x1.2\analysis\tables\seed_best_preview.csv,5,both,5,14,626.4929166666667,1503583.0,1053905.5999999994,2400,,9,D:\PSPS\runs_B_k9_1od_x1.2\both_seed5\g005_i014
B_k9_1od_x1.2,seed_best_preview.csv,D:\PSPS\runs_B_k9_1od_x1.2\analysis\tables\seed_best_preview.csv,5,init,4,15,629.9333333333333,1511840.0,1054299.6999999976,2400,,9,D:\PSPS\runs_B_k9_1od_x1.2\init_seed5\g004_i015
B_k9_1od_x1.2,seed_best_preview.csv,D:\PSPS\runs_B_k9_1od_x1.2\analysis\tables\seed_best_preview.csv,5,mutation,8,17,623.37625,1496103.0,1045270.7500000006,2400,,9,D:\PSPS\runs_B_k9_1od_x1.2\mutation_seed5\g008_i017
B_k9_1od_x1.2,seed_best_preview.csv,D:\PSPS\runs_B_k9_1od_x1.2\analysis\tables\seed_best_preview.csv,5,none,7,7,627.3995833333333,1505759.0,1053990.809999999,2400,,9,D:\PSPS\runs_B_k9_1od_x1.2\none_seed5\g007_i007
B_k9_1od_x1.2,seed_best_preview.csv,D:\PSPS\runs_B_k9_1od_x1.2\analysis\tables\seed_best_preview.csv,6,both,3,1,626.9291666666667,1504630.0,1052644.8799999994,2400,,9,D:\PSPS\runs_B_k9_1od_x1.2\both_seed6\g003_i001
B_k9_1od_x1.2,seed_best_preview.csv,D:\PSPS\runs_B_k9_1od_x1.2\analysis\tables\seed_best_preview.csv,6,init,15,17,626.61875,1503885.0,1035277.5000000002,2400,,9,D:\PSPS\runs_B_k9_1od_x1.2\init_seed6\g015_i017
B_k9_1od_x1.2,seed_best_preview.csv,D:\PSPS\runs_B_k9_1od_x1.2\analysis\tables\seed_best_preview.csv,6,mutation,11,4,629.19375,1510065.0,1057408.0799999998,2400,,9,D:\PSPS\runs_B_k9_1od_x1.2\mutation_seed6\g011_i004
B_k9_1od_x1.2,seed_best_preview.csv,D:\PSPS\runs_B_k9_1od_x1.2\analysis\tables\seed_best_preview.csv,6,none,12,14,620.9433333333334,1490264.0,1043086.5699999988,2400,,9,D:\PSPS\runs_B_k9_1od_x1.2\none_seed6\g012_i014
B_k9_1od_x1.2,seed_best_preview.csv,D:\PSPS\runs_B_k9_1od_x1.2\analysis\tables\seed_best_preview.csv,7,both,14,14,619.7720833333333,1487453.0,1040905.0199999996,2400,,9,D:\PSPS\runs_B_k9_1od_x1.2\both_seed7\g014_i014
B_k9_1od_x1.2,seed_best_preview.csv,D:\PSPS\runs_B_k9_1od_x1.2\analysis\tables\seed_best_preview.csv,7,init,4,1,625.1408333333334,1500338.0,1055649.200000001,2400,,9,D:\PSPS\runs_B_k9_1od_x1.2\init_seed7\g004_i001
B_k9_1od_x1.2,seed_best_preview.csv,D:\PSPS\runs_B_k9_1od_x1.2\analysis\tables\seed_best_preview.csv,7,mutation,4,4,626.2429166666667,1502983.0,1055740.4000000013,2400,,9,D:\PSPS\runs_B_k9_1od_x1.2\mutation_seed7\g004_i004
B_k9_1od_x1.2,seed_best_preview.csv,D:\PSPS\runs_B_k9_1od_x1.2\analysis\tables\seed_best_preview.csv,7,none,15,23,626.8758333333334,1504502.0,1059189.099999999,2400,,9,D:\PSPS\runs_B_k9_1od_x1.2\none_seed7\g015_i023
B_k9_1od_x1.2,seed_best_preview.csv,D:\PSPS\runs_B_k9_1od_x1.2\analysis\tables\seed_best_preview.csv,8,both,11,11,625.99125,1502379.0,1054921.6000000006,2400,,9,D:\PSPS\runs_B_k9_1od_x1.2\both_seed8\g011_i011
B_k9_1od_x1.2,seed_best_preview.csv,D:\PSPS\runs_B_k9_1od_x1.2\analysis\tables\seed_best_preview.csv,8,init,10,19,624.6983333333334,1499276.0,1057017.719999999,2400,,9,D:\PSPS\runs_B_k9_1od_x1.2\init_seed8\g010_i019
B_k9_1od_x1.2,seed_best_preview.csv,D:\PSPS\runs_B_k9_1od_x1.2\analysis\tables\seed_best_preview.csv,8,mutation,5,16,626.4929166666667,1503583.0,1053905.5999999994,2400,,9,D:\PSPS\runs_B_k9_1od_x1.2\mutation_seed8\g005_i016
B_k9_1od_x1.2,seed_best_preview.csv,D:\PSPS\runs_B_k9_1od_x1.2\analysis\tables\seed_best_preview.csv,8,none,3,6,626.4929166666667,1503583.0,1053905.5999999994,2400,,9,D:\PSPS\runs_B_k9_1od_x1.2\none_seed8\g003_i006
B_k9_1od_x1.2,seed_best_preview.csv,D:\PSPS\runs_B_k9_1od_x1.2\analysis\tables\seed_best_preview.csv,9,both,12,18,620.94625,1490271.0,1041083.6800000028,2400,,9,D:\PSPS\runs_B_k9_1od_x1.2\both_seed9\g012_i018
B_k9_1od_x1.2,seed_best_preview.csv,D:\PSPS\runs_B_k9_1od_x1.2\analysis\tables\seed_best_preview.csv,9,init,1,13,627.2904166666667,1505497.0,1054296.4700000002,2400,,8,D:\PSPS\runs_B_k9_1od_x1.2\init_seed9\g001_i013
B_k9_1od_x1.2,seed_best_preview.csv,D:\PSPS\runs_B_k9_1od_x1.2\analysis\tables\seed_best_preview.csv,9,mutation,12,10,626.4929166666667,1503583.0,1053905.5999999994,2400,,9,D:\PSPS\runs_B_k9_1od_x1.2\mutation_seed9\g012_i010
B_k9_1od_x1.2,seed_best_preview.csv,D:\PSPS\runs_B_k9_1od_x1.2\analysis\tables\seed_best_preview.csv,9,none,6,18,636.0083333333333,1526420.0,1080071.7999999975,2400,,9,D:\PSPS\runs_B_k9_1od_x1.2\none_seed9\g006_i018
B_k9_2od_x0.8,seed_best_preview.csv,D:\PSPS\runs_B_k9_2od_x0.8\analysis\tables\seed_best_preview.csv,0,both,11,21,595.213125,952341.0,626594.4299999997,1600,,9,D:\PSPS\runs_B_k9_2od_x0.8\both_seed0\g011_i021
B_k9_2od_x0.8,seed_best_preview.csv,D:\PSPS\runs_B_k9_2od_x0.8\analysis\tables\seed_best_preview.csv,0,init,9,6,601.04125,961666.0,635344.3600000001,1600,,9,D:\PSPS\runs_B_k9_2od_x0.8\init_seed0\g009_i006
B_k9_2od_x0.8,seed_best_preview.csv,D:\PSPS\runs_B_k9_2od_x0.8\analysis\tables\seed_best_preview.csv,0,mutation,6,7,608.593125,973749.0,640773.0299999993,1600,,9,D:\PSPS\runs_B_k9_2od_x0.8\mutation_seed0\g006_i007
B_k9_2od_x0.8,seed_best_preview.csv,D:\PSPS\runs_B_k9_2od_x0.8\analysis\tables\seed_best_preview.csv,0,none,13,21,604.463125,967141.0,637686.1400000013,1600,,9,D:\PSPS\runs_B_k9_2od_x0.8\none_seed0\g013_i021
B_k9_2od_x0.8,seed_best_preview.csv,D:\PSPS\runs_B_k9_2od_x0.8\analysis\tables\seed_best_preview.csv,1,both,7,7,607.48625,971978.0,642072.9600000001,1600,,9,D:\PSPS\runs_B_k9_2od_x0.8\both_seed1\g007_i007
B_k9_2od_x0.8,seed_best_preview.csv,D:\PSPS\runs_B_k9_2od_x0.8\analysis\tables\seed_best_preview.csv,1,init,14,16,607.02125,971234.0,641601.7800000004,1600,,9,D:\PSPS\runs_B_k9_2od_x0.8\init_seed1\g014_i016
B_k9_2od_x0.8,seed_best_preview.csv,D:\PSPS\runs_B_k9_2od_x0.8\analysis\tables\seed_best_preview.csv,1,mutation,9,16,605.836875,969339.0,644891.5099999997,1600,,9,D:\PSPS\runs_B_k9_2od_x0.8\mutation_seed1\g009_i016
B_k9_2od_x0.8,seed_best_preview.csv,D:\PSPS\runs_B_k9_2od_x0.8\analysis\tables\seed_best_preview.csv,1,none,15,20,602.36875,963790.0,635030.1499999996,1600,,9,D:\PSPS\runs_B_k9_2od_x0.8\none_seed1\g015_i020
B_k9_2od_x0.8,seed_best_preview.csv,D:\PSPS\runs_B_k9_2od_x0.8\analysis\tables\seed_best_preview.csv,2,both,11,6,598.12125,956994.0,633388.1299999995,1600,,9,D:\PSPS\runs_B_k9_2od_x0.8\both_seed2\g011_i006
B_k9_2od_x0.8,seed_best_preview.csv,D:\PSPS\runs_B_k9_2od_x0.8\analysis\tables\seed_best_preview.csv,2,init,1,16,608.593125,973749.0,640773.0299999993,1600,,5,D:\PSPS\runs_B_k9_2od_x0.8\init_seed2\g001_i016
B_k9_2od_x0.8,seed_best_preview.csv,D:\PSPS\runs_B_k9_2od_x0.8\analysis\tables\seed_best_preview.csv,2,mutation,6,3,593.41625,949466.0,623076.319999999,1600,,9,D:\PSPS\runs_B_k9_2od_x0.8\mutation_seed2\g006_i003
B_k9_2od_x0.8,seed_best_preview.csv,D:\PSPS\runs_B_k9_2od_x0.8\analysis\tables\seed_best_preview.csv,2,none,8,6,595.88125,953410.0,626350.7999999998,1600,,9,D:\PSPS\runs_B_k9_2od_x0.8\none_seed2\g008_i006
B_k9_2od_x0.8,seed_best_preview.csv,D:\PSPS\runs_B_k9_2od_x0.8\analysis\tables\seed_best_preview.csv,3,both,12,23,595.456875,952731.0,630362.4799999993,1600,,9,D:\PSPS\runs_B_k9_2od_x0.8\both_seed3\g012_i023
B_k9_2od_x0.8,seed_best_preview.csv,D:\PSPS\runs_B_k9_2od_x0.8\analysis\tables\seed_best_preview.csv,3,init,7,8,604.95,967920.0,639810.8999999998,1600,,9,D:\PSPS\runs_B_k9_2od_x0.8\init_seed3\g007_i008
B_k9_2od_x0.8,seed_best_preview.csv,D:\PSPS\runs_B_k9_2od_x0.8\analysis\tables\seed_best_preview.csv,3,mutation,8,8,596.65125,954642.0,630449.2899999998,1600,,9,D:\PSPS\runs_B_k9_2od_x0.8\mutation_seed3\g008_i008
B_k9_2od_x0.8,seed_best_preview.csv,D:\PSPS\runs_B_k9_2od_x0.8\analysis\tables\seed_best_preview.csv,3,none,11,6,591.620625,946593.0,615189.460000001,1600,,9,D:\PSPS\runs_B_k9_2od_x0.8\none_seed3\g011_i006
B_k9_2od_x0.8,seed_best_preview.csv,D:\PSPS\runs_B_k9_2od_x0.8\analysis\tables\seed_best_preview.csv,4,both,3,16,605.235625,968377.0,638220.8599999996,1600,,9,D:\PSPS\runs_B_k9_2od_x0.8\both_seed4\g003_i016
B_k9_2od_x0.8,seed_best_preview.csv,D:\PSPS\runs_B_k9_2od_x0.8\analysis\tables\seed_best_preview.csv,4,init,3,17,598.255,957208.0,628943.7300000008,1600,,9,D:\PSPS\runs_B_k9_2od_x0.8\init_seed4\g003_i017
B_k9_2od_x0.8,seed_best_preview.csv,D:\PSPS\runs_B_k9_2od_x0.8\analysis\tables\seed_best_preview.csv,4,mutation,13,10,606.139375,969823.0,644234.5700000002,1600,,9,D:\PSPS\runs_B_k9_2od_x0.8\mutation_seed4\g013_i010
B_k9_2od_x0.8,seed_best_preview.csv,D:\PSPS\runs_B_k9_2od_x0.8\analysis\tables\seed_best_preview.csv,4,none,11,6,600.774375,961239.0,636062.0100000002,1600,,9,D:\PSPS\runs_B_k9_2od_x0.8\none_seed4\g011_i006
B_k9_2od_x0.8,seed_best_preview.csv,D:\PSPS\runs_B_k9_2od_x0.8\analysis\tables\seed_best_preview.csv,5,both,12,2,602.0975,963356.0,630046.1699999992,1600,,9,D:\PSPS\runs_B_k9_2od_x0.8\both_seed5\g012_i002
B_k9_2od_x0.8,seed_best_preview.csv,D:\PSPS\runs_B_k9_2od_x0.8\analysis\tables\seed_best_preview.csv,5,init,4,7,594.646875,951435.0,622810.2399999985,1600,,9,D:\PSPS\runs_B_k9_2od_x0.8\init_seed5\g004_i007
B_k9_2od_x0.8,seed_best_preview.csv,D:\PSPS\runs_B_k9_2od_x0.8\analysis\tables\seed_best_preview.csv,5,mutation,6,4,607.645,972232.0,641538.1200000015,1600,,9,D:\PSPS\runs_B_k9_2od_x0.8\mutation_seed5\g006_i004
B_k9_2od_x0.8,seed_best_preview.csv,D:\PSPS\runs_B_k9_2od_x0.8\analysis\tables\seed_best_preview.csv,5,none,9,6,598.744375,957991.0,628852.650000002,1600,,9,D:\PSPS\runs_B_k9_2od_x0.8\none_seed5\g009_i006
B_k9_2od_x0.8,seed_best_preview.csv,D:\PSPS\runs_B_k9_2od_x0.8\analysis\tables\seed_best_preview.csv,6,both,13,5,602.40875,963854.0,637485.1700000009,1600,,9,D:\PSPS\runs_B_k9_2od_x0.8\both_seed6\g013_i005
B_k9_2od_x0.8,seed_best_preview.csv,D:\PSPS\runs_B_k9_2od_x0.8\analysis\tables\seed_best_preview.csv,6,init,6,13,606.77375,970838.0,645367.8099999997,1600,,9,D:\PSPS\runs_B_k9_2od_x0.8\init_seed6\g006_i013
B_k9_2od_x0.8,seed_best_preview.csv,D:\PSPS\runs_B_k9_2od_x0.8\analysis\tables\seed_best_preview.csv,6,mutation,11,2,601.959375,963135.0,635620.9599999996,1600,,9,D:\PSPS\runs_B_k9_2od_x0.8\mutation_seed6\g011_i002
B_k9_2od_x0.8,seed_best_preview.csv,D:\PSPS\runs_B_k9_2od_x0.8\analysis\tables\seed_best_preview.csv,6,none,8,5,608.593125,973749.0,640773.0299999993,1600,,9,D:\PSPS\runs_B_k9_2od_x0.8\none_seed6\g008_i005
B_k9_2od_x0.8,seed_best_preview.csv,D:\PSPS\runs_B_k9_2od_x0.8\analysis\tables\seed_best_preview.csv,7,both,5,18,602.170625,963473.0,636009.0000000012,1600,,9,D:\PSPS\runs_B_k9_2od_x0.8\both_seed7\g005_i018
B_k9_2od_x0.8,seed_best_preview.csv,D:\PSPS\runs_B_k9_2od_x0.8\analysis\tables\seed_best_preview.csv,7,init,1,2,608.593125,973749.0,640773.0299999993,1600,,6,D:\PSPS\runs_B_k9_2od_x0.8\init_seed7\g001_i002
B_k9_2od_x0.8,seed_best_preview.csv,D:\PSPS\runs_B_k9_2od_x0.8\analysis\tables\seed_best_preview.csv,7,mutation,5,20,583.93125,934290.0,607140.7000000003,1600,,9,D:\PSPS\runs_B_k9_2od_x0.8\mutation_seed7\g005_i020
B_k9_2od_x0.8,seed_best_preview.csv,D:\PSPS\runs_B_k9_2od_x0.8\analysis\tables\seed_best_preview.csv,7,none,14,1,601.186875,961899.0,631443.3300000009,1600,,9,D:\PSPS\runs_B_k9_2od_x0.8\none_seed7\g014_i001
B_k9_2od_x0.8,seed_best_preview.csv,D:\PSPS\runs_B_k9_2od_x0.8\analysis\tables\seed_best_preview.csv,8,both,12,18,598.464375,957543.0,627135.2400000006,1600,,9,D:\PSPS\runs_B_k9_2od_x0.8\both_seed8\g012_i018
B_k9_2od_x0.8,seed_best_preview.csv,D:\PSPS\runs_B_k9_2od_x0.8\analysis\tables\seed_best_preview.csv,8,init,2,15,607.319375,971711.0,645065.4699999992,1600,,9,D:\PSPS\runs_B_k9_2od_x0.8\init_seed8\g002_i015
B_k9_2od_x0.8,seed_best_preview.csv,D:\PSPS\runs_B_k9_2od_x0.8\analysis\tables\seed_best_preview.csv,8,mutation,10,8,603.858125,966173.0,639600.020000001,1600,,9,D:\PSPS\runs_B_k9_2od_x0.8\mutation_seed8\g010_i008
B_k9_2od_x0.8,seed_best_preview.csv,D:\PSPS\runs_B_k9_2od_x0.8\analysis\tables\seed_best_preview.csv,8,none,7,9,604.768125,967629.0,641005.3399999993,1600,,9,D:\PSPS\runs_B_k9_2od_x0.8\none_seed8\g007_i009
B_k9_2od_x0.8,seed_best_preview.csv,D:\PSPS\runs_B_k9_2od_x0.8\analysis\tables\seed_best_preview.csv,9,both,13,15,606.098125,969757.0,643573.4999999997,1600,,9,D:\PSPS\runs_B_k9_2od_x0.8\both_seed9\g013_i015
B_k9_2od_x0.8,seed_best_preview.csv,D:\PSPS\runs_B_k9_2od_x0.8\analysis\tables\seed_best_preview.csv,9,init,15,13,605.826875,969323.0,645850.5200000004,1600,,9,D:\PSPS\runs_B_k9_2od_x0.8\init_seed9\g015_i013
B_k9_2od_x0.8,seed_best_preview.csv,D:\PSPS\runs_B_k9_2od_x0.8\analysis\tables\seed_best_preview.csv,9,mutation,1,9,608.593125,973749.0,640773.0299999993,1600,,5,D:\PSPS\runs_B_k9_2od_x0.8\mutation_seed9\g001_i009
B_k9_2od_x0.8,seed_best_preview.csv,D:\PSPS\runs_B_k9_2od_x0.8\analysis\tables\seed_best_preview.csv,9,none,2,12,605.865625,969385.0,643105.079999999,1600,,9,D:\PSPS\runs_B_k9_2od_x0.8\none_seed9\g002_i012
B_k9_2od_x1.0,seed_best_preview.csv,D:\PSPS\runs_B_k9_2od_x1.0\analysis\tables\seed_best_preview.csv,0,both,9,14,745.6345,1491269.0,1081744.820000001,2000,,9,D:\PSPS\runs_B_k9_2od_x1.0\both_seed0\g009_i014
B_k9_2od_x1.0,seed_best_preview.csv,D:\PSPS\runs_B_k9_2od_x1.0\analysis\tables\seed_best_preview.csv,0,init,5,22,731.154,1462308.0,1046215.3999999994,2000,,9,D:\PSPS\runs_B_k9_2od_x1.0\init_seed0\g005_i022
B_k9_2od_x1.0,seed_best_preview.csv,D:\PSPS\runs_B_k9_2od_x1.0\analysis\tables\seed_best_preview.csv,0,mutation,11,15,748.711,1497422.0,1085898.82,2000,,9,D:\PSPS\runs_B_k9_2od_x1.0\mutation_seed0\g011_i015
B_k9_2od_x1.0,seed_best_preview.csv,D:\PSPS\runs_B_k9_2od_x1.0\analysis\tables\seed_best_preview.csv,0,none,14,5,752.9295,1505859.0,1091602.6399999978,2000,,9,D:\PSPS\runs_B_k9_2od_x1.0\none_seed0\g014_i005
B_k9_2od_x1.0,seed_best_preview.csv,D:\PSPS\runs_B_k9_2od_x1.0\analysis\tables\seed_best_preview.csv,1,both,10,19,745.403,1490806.0,1086344.8099999996,2000,,9,D:\PSPS\runs_B_k9_2od_x1.0\both_seed1\g010_i019
B_k9_2od_x1.0,seed_best_preview.csv,D:\PSPS\runs_B_k9_2od_x1.0\analysis\tables\seed_best_preview.csv,1,init,15,7,749.579,1499158.0,1085700.8599999992,2000,,9,D:\PSPS\runs_B_k9_2od_x1.0\init_seed1\g015_i007
B_k9_2od_x1.0,seed_best_preview.csv,D:\PSPS\runs_B_k9_2od_x1.0\analysis\tables\seed_best_preview.csv,1,mutation,14,1,745.563,1491126.0,1076716.4899999993,2000,,9,D:\PSPS\runs_B_k9_2od_x1.0\mutation_seed1\g014_i001
B_k9_2od_x1.0,seed_best_preview.csv,D:\PSPS\runs_B_k9_2od_x1.0\analysis\tables\seed_best_preview.csv,1,none,8,2,747.2805,1494561.0,1085184.2700000012,2000,,9,D:\PSPS\runs_B_k9_2od_x1.0\none_seed1\g008_i002
B_k9_2od_x1.0,seed_best_preview.csv,D:\PSPS\runs_B_k9_2od_x1.0\analysis\tables\seed_best_preview.csv,2,both,2,2,746.9955,1493991.0,1085017.5499999982,2000,,9,D:\PSPS\runs_B_k9_2od_x1.0\both_seed2\g002_i002
B_k9_2od_x1.0,seed_best_preview.csv,D:\PSPS\runs_B_k9_2od_x1.0\analysis\tables\seed_best_preview.csv,2,init,13,20,735.2505,1470501.0,1056123.4400000006,2000,,9,D:\PSPS\runs_B_k9_2od_x1.0\init_seed2\g013_i020
B_k9_2od_x1.0,seed_best_preview.csv,D:\PSPS\runs_B_k9_2od_x1.0\analysis\tables\seed_best_preview.csv,2,mutation,12,3,744.2585,1488517.0,1077013.760000002,2000,,9,D:\PSPS\runs_B_k9_2od_x1.0\mutation_seed2\g012_i003
B_k9_2od_x1.0,seed_best_preview.csv,D:\PSPS\runs_B_k9_2od_x1.0\analysis\tables\seed_best_preview.csv,2,none,6,23,742.303,1484606.0,1071636.2800000014,2000,,9,D:\PSPS\runs_B_k9_2od_x1.0\none_seed2\g006_i023
B_k9_2od_x1.0,seed_best_preview.csv,D:\PSPS\runs_B_k9_2od_x1.0\analysis\tables\seed_best_preview.csv,3,both,4,13,729.8385,1459677.0,1044590.4799999982,2000,,9,D:\PSPS\runs_B_k9_2od_x1.0\both_seed3\g004_i013
B_k9_2od_x1.0,seed_best_preview.csv,D:\PSPS\runs_B_k9_2od_x1.0\analysis\tables\seed_best_preview.csv,3,init,13,17,737.4735,1474947.0,1064347.9500000014,2000,,9,D:\PSPS\runs_B_k9_2od_x1.0\init_seed3\g013_i017
B_k9_2od_x1.0,seed_best_preview.csv,D:\PSPS\runs_B_k9_2od_x1.0\analysis\tables\seed_best_preview.csv,3,mutation,8,8,744.988,1489976.0,1080004.2299999995,2000,,9,D:\PSPS\runs_B_k9_2od_x1.0\mutation_seed3\g008_i008
B_k9_2od_x1.0,seed_best_preview.csv,D:\PSPS\runs_B_k9_2od_x1.0\analysis\tables\seed_best_preview.csv,3,none,10,22,740.5155,1481031.0,1066886.16,2000,,9,D:\PSPS\runs_B_k9_2od_x1.0\none_seed3\g010_i022
B_k9_2od_x1.0,seed_best_preview.csv,D:\PSPS\runs_B_k9_2od_x1.0\analysis\tables\seed_best_preview.csv,4,both,15,3,740.1815,1480363.0,1064899.75,2000,,9,D:\PSPS\runs_B_k9_2od_x1.0\both_seed4\g015_i003
B_k9_2od_x1.0,seed_best_preview.csv,D:\PSPS\runs_B_k9_2od_x1.0\analysis\tables\seed_best_preview.csv,4,init,11,9,735.0235,1470047.0,1058823.1699999992,2000,,9,D:\PSPS\runs_B_k9_2od_x1.0\init_seed4\g011_i009
B_k9_2od_x1.0,seed_best_preview.csv,D:\PSPS\runs_B_k9_2od_x1.0\analysis\tables\seed_best_preview.csv,4,mutation,14,14,739.8415,1479683.0,1068290.1400000004,2000,,9,D:\PSPS\runs_B_k9_2od_x1.0\mutation_seed4\g014_i014
B_k9_2od_x1.0,seed_best_preview.csv,D:\PSPS\runs_B_k9_2od_x1.0\analysis\tables\seed_best_preview.csv,4,none,10,13,730.553,1461106.0,1048725.549999999,2000,,9,D:\PSPS\runs_B_k9_2od_x1.0\none_seed4\g010_i013
B_k9_2od_x1.0,seed_best_preview.csv,D:\PSPS\runs_B_k9_2od_x1.0\analysis\tables\seed_best_preview.csv,5,both,9,5,754.304,1508608.0,1096973.0199999972,2000,,9,D:\PSPS\runs_B_k9_2od_x1.0\both_seed5\g009_i005
B_k9_2od_x1.0,seed_best_preview.csv,D:\PSPS\runs_B_k9_2od_x1.0\analysis\tables\seed_best_preview.csv,5,init,13,18,743.8765,1487753.0,1074317.4900000007,2000,,9,D:\PSPS\runs_B_k9_2od_x1.0\init_seed5\g013_i018
B_k9_2od_x1.0,seed_best_preview.csv,D:\PSPS\runs_B_k9_2od_x1.0\analysis\tables\seed_best_preview.csv,5,mutation,11,22,738.841,1477682.0,1068597.4599999995,2000,,9,D:\PSPS\runs_B_k9_2od_x1.0\mutation_seed5\g011_i022
B_k9_2od_x1.0,seed_best_preview.csv,D:\PSPS\runs_B_k9_2od_x1.0\analysis\tables\seed_best_preview.csv,5,none,3,10,731.2095,1462419.0,1050450.6299999978,2000,,9,D:\PSPS\runs_B_k9_2od_x1.0\none_seed5\g003_i010
B_k9_2od_x1.0,seed_best_preview.csv,D:\PSPS\runs_B_k9_2od_x1.0\analysis\tables\seed_best_preview.csv,6,both,2,4,750.942,1501884.0,1089474.500000002,2000,,9,D:\PSPS\runs_B_k9_2od_x1.0\both_seed6\g002_i004
B_k9_2od_x1.0,seed_best_preview.csv,D:\PSPS\runs_B_k9_2od_x1.0\analysis\tables\seed_best_preview.csv,6,init,15,10,738.0605,1476121.0,1068198.7900000012,2000,,9,D:\PSPS\runs_B_k9_2od_x1.0\init_seed6\g015_i010
B_k9_2od_x1.0,seed_best_preview.csv,D:\PSPS\runs_B_k9_2od_x1.0\analysis\tables\seed_best_preview.csv,6,mutation,15,7,743.458,1486916.0,1078260.200000001,2000,,9,D:\PSPS\runs_B_k9_2od_x1.0\mutation_seed6\g015_i007
B_k9_2od_x1.0,seed_best_preview.csv,D:\PSPS\runs_B_k9_2od_x1.0\analysis\tables\seed_best_preview.csv,6,none,14,20,748.754,1497508.0,1087264.0400000012,2000,,9,D:\PSPS\runs_B_k9_2od_x1.0\none_seed6\g014_i020
B_k9_2od_x1.0,seed_best_preview.csv,D:\PSPS\runs_B_k9_2od_x1.0\analysis\tables\seed_best_preview.csv,7,both,9,3,732.867,1465734.0,1051237.66,2000,,9,D:\PSPS\runs_B_k9_2od_x1.0\both_seed7\g009_i003
B_k9_2od_x1.0,seed_best_preview.csv,D:\PSPS\runs_B_k9_2od_x1.0\analysis\tables\seed_best_preview.csv,7,init,5,16,744.138,1488276.0,1080732.700000001,2000,,9,D:\PSPS\runs_B_k9_2od_x1.0\init_seed7\g005_i016
B_k9_2od_x1.0,seed_best_preview.csv,D:\PSPS\runs_B_k9_2od_x1.0\analysis\tables\seed_best_preview.csv,7,mutation,5,22,736.908,1473816.0,1066773.86,2000,,9,D:\PSPS\runs_B_k9_2od_x1.0\mutation_seed7\g005_i022
B_k9_2od_x1.0,seed_best_preview.csv,D:\PSPS\runs_B_k9_2od_x1.0\analysis\tables\seed_best_preview.csv,7,none,6,2,737.585,1475170.0,1062601.2199999995,2000,,9,D:\PSPS\runs_B_k9_2od_x1.0\none_seed7\g006_i002
B_k9_2od_x1.0,seed_best_preview.csv,D:\PSPS\runs_B_k9_2od_x1.0\analysis\tables\seed_best_preview.csv,8,both,5,11,746.3695,1492739.0,1075732.4499999995,2000,,9,D:\PSPS\runs_B_k9_2od_x1.0\both_seed8\g005_i011
B_k9_2od_x1.0,seed_best_preview.csv,D:\PSPS\runs_B_k9_2od_x1.0\analysis\tables\seed_best_preview.csv,8,init,3,9,748.4935,1496987.0,1084286.440000001,2000,,9,D:\PSPS\runs_B_k9_2od_x1.0\init_seed8\g003_i009
B_k9_2od_x1.0,seed_best_preview.csv,D:\PSPS\runs_B_k9_2od_x1.0\analysis\tables\seed_best_preview.csv,8,mutation,9,16,752.2645,1504529.0,1092680.4500000002,2000,,9,D:\PSPS\runs_B_k9_2od_x1.0\mutation_seed8\g009_i016
B_k9_2od_x1.0,seed_best_preview.csv,D:\PSPS\runs_B_k9_2od_x1.0\analysis\tables\seed_best_preview.csv,8,none,3,1,750.674,1501348.0,1087220.1099999994,2000,,9,D:\PSPS\runs_B_k9_2od_x1.0\none_seed8\g003_i001
B_k9_2od_x1.0,seed_best_preview.csv,D:\PSPS\runs_B_k9_2od_x1.0\analysis\tables\seed_best_preview.csv,9,both,11,17,745.6575,1491315.0,1083172.9800000014,2000,,9,D:\PSPS\runs_B_k9_2od_x1.0\both_seed9\g011_i017
B_k9_2od_x1.0,seed_best_preview.csv,D:\PSPS\runs_B_k9_2od_x1.0\analysis\tables\seed_best_preview.csv,9,init,5,17,749.4565,1498913.0,1081694.5900000012,2000,,9,D:\PSPS\runs_B_k9_2od_x1.0\init_seed9\g005_i017
B_k9_2od_x1.0,seed_best_preview.csv,D:\PSPS\runs_B_k9_2od_x1.0\analysis\tables\seed_best_preview.csv,9,mutation,3,14,742.0715,1484143.0,1077976.98,2000,,9,D:\PSPS\runs_B_k9_2od_x1.0\mutation_seed9\g003_i014
B_k9_2od_x1.0,seed_best_preview.csv,D:\PSPS\runs_B_k9_2od_x1.0\analysis\tables\seed_best_preview.csv,9,none,12,4,740.948,1481896.0,1068187.0400000007,2000,,9,D:\PSPS\runs_B_k9_2od_x1.0\none_seed9\g012_i004
B_k9_2od_x1.2,seed_best_preview.csv,D:\PSPS\runs_B_k9_2od_x1.2\analysis\tables\seed_best_preview.csv,0,both,3,7,780.605,1873452.0,1370395.4999999986,2400,,9,D:\PSPS\runs_B_k9_2od_x1.2\both_seed0\g003_i007
B_k9_2od_x1.2,seed_best_preview.csv,D:\PSPS\runs_B_k9_2od_x1.2\analysis\tables\seed_best_preview.csv,0,init,13,5,784.1441666666667,1881946.0,1388289.250000002,2400,,9,D:\PSPS\runs_B_k9_2od_x1.2\init_seed0\g013_i005
B_k9_2od_x1.2,seed_best_preview.csv,D:\PSPS\runs_B_k9_2od_x1.2\analysis\tables\seed_best_preview.csv,0,mutation,8,3,778.9608333333333,1869506.0,1376950.2100000037,2400,,9,D:\PSPS\runs_B_k9_2od_x1.2\mutation_seed0\g008_i003
B_k9_2od_x1.2,seed_best_preview.csv,D:\PSPS\runs_B_k9_2od_x1.2\analysis\tables\seed_best_preview.csv,0,none,13,16,781.49375,1875585.0,1385291.1100000006,2400,,9,D:\PSPS\runs_B_k9_2od_x1.2\none_seed0\g013_i016
B_k9_2od_x1.2,seed_best_preview.csv,D:\PSPS\runs_B_k9_2od_x1.2\analysis\tables\seed_best_preview.csv,1,both,11,8,781.85875,1876461.0,1379496.7199999995,2400,,9,D:\PSPS\runs_B_k9_2od_x1.2\both_seed1\g011_i008
B_k9_2od_x1.2,seed_best_preview.csv,D:\PSPS\runs_B_k9_2od_x1.2\analysis\tables\seed_best_preview.csv,1,init,3,18,780.7675,1873842.0,1381049.6700000006,2400,,9,D:\PSPS\runs_B_k9_2od_x1.2\init_seed1\g003_i018
B_k9_2od_x1.2,seed_best_preview.csv,D:\PSPS\runs_B_k9_2od_x1.2\analysis\tables\seed_best_preview.csv,1,mutation,5,15,787.4029166666667,1889767.0,1397858.7899999986,2400,,9,D:\PSPS\runs_B_k9_2od_x1.2\mutation_seed1\g005_i015
B_k9_2od_x1.2,seed_best_preview.csv,D:\PSPS\runs_B_k9_2od_x1.2\analysis\tables\seed_best_preview.csv,1,none,15,13,782.3833333333333,1877720.0,1378420.0299999956,2400,,9,D:\PSPS\runs_B_k9_2od_x1.2\none_seed1\g015_i013
B_k9_2od_x1.2,seed_best_preview.csv,D:\PSPS\runs_B_k9_2od_x1.2\analysis\tables\seed_best_preview.csv,2,both,6,16,785.4041666666667,1884970.0,1391112.3799999997,2400,,9,D:\PSPS\runs_B_k9_2od_x1.2\both_seed2\g006_i016
B_k9_2od_x1.2,seed_best_preview.csv,D:\PSPS\runs_B_k9_2od_x1.2\analysis\tables\seed_best_preview.csv,2,init,11,19,782.6316666666667,1878316.0,1388603.4399999997,2400,,9,D:\PSPS\runs_B_k9_2od_x1.2\init_seed2\g011_i019
B_k9_2od_x1.2,seed_best_preview.csv,D:\PSPS\runs_B_k9_2od_x1.2\analysis\tables\seed_best_preview.csv,2,mutation,6,21,782.6670833333334,1878401.0,1387704.4599999995,2400,,9,D:\PSPS\runs_B_k9_2od_x1.2\mutation_seed2\g006_i021
B_k9_2od_x1.2,seed_best_preview.csv,D:\PSPS\runs_B_k9_2od_x1.2\analysis\tables\seed_best_preview.csv,2,none,10,4,787.4054166666666,1889773.0,1398808.9100000006,2400,,9,D:\PSPS\runs_B_k9_2od_x1.2\none_seed2\g010_i004
B_k9_2od_x1.2,seed_best_preview.csv,D:\PSPS\runs_B_k9_2od_x1.2\analysis\tables\seed_best_preview.csv,3,both,13,8,787.2691666666667,1889446.0,1392340.8700000015,2400,,9,D:\PSPS\runs_B_k9_2od_x1.2\both_seed3\g013_i008
B_k9_2od_x1.2,seed_best_preview.csv,D:\PSPS\runs_B_k9_2od_x1.2\analysis\tables\seed_best_preview.csv,3,init,15,1,785.8633333333333,1886072.0,1390637.669999997,2400,,9,D:\PSPS\runs_B_k9_2od_x1.2\init_seed3\g015_i001
B_k9_2od_x1.2,seed_best_preview.csv,D:\PSPS\runs_B_k9_2od_x1.2\analysis\tables\seed_best_preview.csv,3,mutation,12,10,786.6941666666667,1888066.0,1396113.519999999,2400,,9,D:\PSPS\runs_B_k9_2od_x1.2\mutation_seed3\g012_i010
B_k9_2od_x1.2,seed_best_preview.csv,D:\PSPS\runs_B_k9_2od_x1.2\analysis\tables\seed_best_preview.csv,3,none,15,20,786.3308333333333,1887194.0,1388436.5899999992,2400,,9,D:\PSPS\runs_B_k9_2od_x1.2\none_seed3\g015_i020
B_k9_2od_x1.2,seed_best_preview.csv,D:\PSPS\runs_B_k9_2od_x1.2\analysis\tables\seed_best_preview.csv,4,both,9,4,781.85875,1876461.0,1379496.7199999995,2400,,9,D:\PSPS\runs_B_k9_2od_x1.2\both_seed4\g009_i004
B_k9_2od_x1.2,seed_best_preview.csv,D:\PSPS\runs_B_k9_2od_x1.2\analysis\tables\seed_best_preview.csv,4,init,5,5,775.3445833333334,1860827.0,1369486.1699999983,2400,,9,D:\PSPS\runs_B_k9_2od_x1.2\init_seed4\g005_i005
B_k9_2od_x1.2,seed_best_preview.csv,D:\PSPS\runs_B_k9_2od_x1.2\analysis\tables\seed_best_preview.csv,4,mutation,7,11,774.8066666666666,1859536.0,1367536.5600000003,2400,,9,D:\PSPS\runs_B_k9_2od_x1.2\mutation_seed4\g007_i011
B_k9_2od_x1.2,seed_best_preview.csv,D:\PSPS\runs_B_k9_2od_x1.2\analysis\tables\seed_best_preview.csv,4,none,7,8,785.4966666666667,1885192.0,1393810.9499999995,2400,,9,D:\PSPS\runs_B_k9_2od_x1.2\none_seed4\g007_i008
B_k9_2od_x1.2,seed_best_preview.csv,D:\PSPS\runs_B_k9_2od_x1.2\analysis\tables\seed_best_preview.csv,5,both,8,12,782.6670833333334,1878401.0,1387704.4599999995,2400,,9,D:\PSPS\runs_B_k9_2od_x1.2\both_seed5\g008_i012
B_k9_2od_x1.2,seed_best_preview.csv,D:\PSPS\runs_B_k9_2od_x1.2\analysis\tables\seed_best_preview.csv,5,init,7,1,781.635,1875924.0,1379461.5800000017,2400,,9,D:\PSPS\runs_B_k9_2od_x1.2\init_seed5\g007_i001
B_k9_2od_x1.2,seed_best_preview.csv,D:\PSPS\runs_B_k9_2od_x1.2\analysis\tables\seed_best_preview.csv,5,mutation,2,18,784.5045833333334,1882811.0,1389748.579999998,2400,,9,D:\PSPS\runs_B_k9_2od_x1.2\mutation_seed5\g002_i018
B_k9_2od_x1.2,seed_best_preview.csv,D:\PSPS\runs_B_k9_2od_x1.2\analysis\tables\seed_best_preview.csv,5,none,14,14,788.5220833333333,1892453.0,1400258.5199999998,2400,,9,D:\PSPS\runs_B_k9_2od_x1.2\none_seed5\g014_i014
B_k9_2od_x1.2,seed_best_preview.csv,D:\PSPS\runs_B_k9_2od_x1.2\analysis\tables\seed_best_preview.csv,6,both,6,9,784.5595833333333,1882943.0,1392257.8299999975,2400,,9,D:\PSPS\runs_B_k9_2od_x1.2\both_seed6\g006_i009
B_k9_2od_x1.2,seed_best_preview.csv,D:\PSPS\runs_B_k9_2od_x1.2\analysis\tables\seed_best_preview.csv,6,init,14,10,781.49625,1875591.0,1376645.8800000004,2400,,9,D:\PSPS\runs_B_k9_2od_x1.2\init_seed6\g014_i010
B_k9_2od_x1.2,seed_best_preview.csv,D:\PSPS\runs_B_k9_2od_x1.2\analysis\tables\seed_best_preview.csv,6,mutation,12,6,786.2633333333333,1887032.0,1396286.089999996,2400,,9,D:\PSPS\runs_B_k9_2od_x1.2\mutation_seed6\g012_i006
B_k9_2od_x1.2,seed_best_preview.csv,D:\PSPS\runs_B_k9_2od_x1.2\analysis\tables\seed_best_preview.csv,6,none,7,20,778.1095833333334,1867463.0,1374468.8399999987,2400,,9,D:\PSPS\runs_B_k9_2od_x1.2\none_seed6\g007_i020
B_k9_2od_x1.2,seed_best_preview.csv,D:\PSPS\runs_B_k9_2od_x1.2\analysis\tables\seed_best_preview.csv,7,both,8,9,780.785,1873884.0,1384185.0300000012,2400,,9,D:\PSPS\runs_B_k9_2od_x1.2\both_seed7\g008_i009
B_k9_2od_x1.2,seed_best_preview.csv,D:\PSPS\runs_B_k9_2od_x1.2\analysis\tables\seed_best_preview.csv,7,init,15,12,777.63125,1866315.0,1357472.6900000002,2400,,9,D:\PSPS\runs_B_k9_2od_x1.2\init_seed7\g015_i012
B_k9_2od_x1.2,seed_best_preview.csv,D:\PSPS\runs_B_k9_2od_x1.2\analysis\tables\seed_best_preview.csv,7,mutation,3,2,769.3795833333334,1846511.0,1341886.2300000002,2400,,9,D:\PSPS\runs_B_k9_2od_x1.2\mutation_seed7\g003_i002
B_k9_2od_x1.2,seed_best_preview.csv,D:\PSPS\runs_B_k9_2od_x1.2\analysis\tables\seed_best_preview.csv,7,none,10,10,777.58125,1866195.0,1366500.9900000037,2400,,9,D:\PSPS\runs_B_k9_2od_x1.2\none_seed7\g010_i010
B_k9_2od_x1.2,seed_best_preview.csv,D:\PSPS\runs_B_k9_2od_x1.2\analysis\tables\seed_best_preview.csv,8,both,10,3,784.3566666666667,1882456.0,1395452.9599999986,2400,,9,D:\PSPS\runs_B_k9_2od_x1.2\both_seed8\g010_i003
B_k9_2od_x1.2,seed_best_preview.csv,D:\PSPS\runs_B_k9_2od_x1.2\analysis\tables\seed_best_preview.csv,8,init,9,20,786.37375,1887297.0,1394048.1900000034,2400,,9,D:\PSPS\runs_B_k9_2od_x1.2\init_seed8\g009_i020
B_k9_2od_x1.2,seed_best_preview.csv,D:\PSPS\runs_B_k9_2od_x1.2\analysis\tables\seed_best_preview.csv,8,mutation,3,16,786.9845833333334,1888763.0,1399996.5300000035,2400,,9,D:\PSPS\runs_B_k9_2od_x1.2\mutation_seed8\g003_i016
B_k9_2od_x1.2,seed_best_preview.csv,D:\PSPS\runs_B_k9_2od_x1.2\analysis\tables\seed_best_preview.csv,8,none,13,11,780.4379166666666,1873051.0,1385665.0699999982,2400,,9,D:\PSPS\runs_B_k9_2od_x1.2\none_seed8\g013_i011
B_k9_2od_x1.2,seed_best_preview.csv,D:\PSPS\runs_B_k9_2od_x1.2\analysis\tables\seed_best_preview.csv,9,both,11,22,775.9233333333333,1862216.0,1367915.0200000014,2400,,9,D:\PSPS\runs_B_k9_2od_x1.2\both_seed9\g011_i022
B_k9_2od_x1.2,seed_best_preview.csv,D:\PSPS\runs_B_k9_2od_x1.2\analysis\tables\seed_best_preview.csv,9,init,13,5,786.4066666666666,1887376.0,1376351.6,2400,,9,D:\PSPS\runs_B_k9_2od_x1.2\init_seed9\g013_i005
B_k9_2od_x1.2,seed_best_preview.csv,D:\PSPS\runs_B_k9_2od_x1.2\analysis\tables\seed_best_preview.csv,9,mutation,12,9,782.9883333333333,1879172.0,1388245.6599999997,2400,,9,D:\PSPS\runs_B_k9_2od_x1.2\mutation_seed9\g012_i009
B_k9_2od_x1.2,seed_best_preview.csv,D:\PSPS\runs_B_k9_2od_x1.2\analysis\tables\seed_best_preview.csv,9,none,3,4,773.8875,1857330.0,1363201.0799999991,2400,,9,D:\PSPS\runs_B_k9_2od_x1.2\none_seed9\g003_i004
B_k9_3od_x0.8,seed_best_preview.csv,D:\PSPS\runs_B_k9_3od_x0.8\analysis\tables\seed_best_preview.csv,0,both,13,5,367.420625,587873.0,321321.1500000004,1600,,9,D:\PSPS\runs_B_k9_3od_x0.8\both_seed0\g013_i005
B_k9_3od_x0.8,seed_best_preview.csv,D:\PSPS\runs_B_k9_3od_x0.8\analysis\tables\seed_best_preview.csv,0,init,6,23,369.33125,590930.0,323964.80000000034,1600,,9,D:\PSPS\runs_B_k9_3od_x0.8\init_seed0\g006_i023
B_k9_3od_x0.8,seed_best_preview.csv,D:\PSPS\runs_B_k9_3od_x0.8\analysis\tables\seed_best_preview.csv,0,mutation,13,4,372.6275,596204.0,325872.0900000005,1600,,9,D:\PSPS\runs_B_k9_3od_x0.8\mutation_seed0\g013_i004
B_k9_3od_x0.8,seed_best_preview.csv,D:\PSPS\runs_B_k9_3od_x0.8\analysis\tables\seed_best_preview.csv,0,none,10,8,370.891875,593427.0,328048.9199999998,1600,,9,D:\PSPS\runs_B_k9_3od_x0.8\none_seed0\g010_i008
B_k9_3od_x0.8,seed_best_preview.csv,D:\PSPS\runs_B_k9_3od_x0.8\analysis\tables\seed_best_preview.csv,1,both,13,16,368.22375,589158.0,325058.4199999996,1600,,9,D:\PSPS\runs_B_k9_3od_x0.8\both_seed1\g013_i016
B_k9_3od_x0.8,seed_best_preview.csv,D:\PSPS\runs_B_k9_3od_x0.8\analysis\tables\seed_best_preview.csv,1,init,2,1,374.415,599064.0,332455.01000000024,1600,,9,D:\PSPS\runs_B_k9_3od_x0.8\init_seed1\g002_i001
B_k9_3od_x0.8,seed_best_preview.csv,D:\PSPS\runs_B_k9_3od_x0.8\analysis\tables\seed_best_preview.csv,1,mutation,11,11,365.775,585240.0,322079.41000000003,1600,,9,D:\PSPS\runs_B_k9_3od_x0.8\mutation_seed1\g011_i011
B_k9_3od_x0.8,seed_best_preview.csv,D:\PSPS\runs_B_k9_3od_x0.8\analysis\tables\seed_best_preview.csv,1,none,8,3,374.991875,599987.0,334500.3399999993,1600,,9,D:\PSPS\runs_B_k9_3od_x0.8\none_seed1\g008_i003
B_k9_3od_x0.8,seed_best_preview.csv,D:\PSPS\runs_B_k9_3od_x0.8\analysis\tables\seed_best_preview.csv,2,both,12,9,366.605625,586569.0,321309.13000000006,1600,,9,D:\PSPS\runs_B_k9_3od_x0.8\both_seed2\g012_i009
B_k9_3od_x0.8,seed_best_preview.csv,D:\PSPS\runs_B_k9_3od_x0.8\analysis\tables\seed_best_preview.csv,2,init,4,9,365.299375,584479.0,319709.8999999996,1600,,9,D:\PSPS\runs_B_k9_3od_x0.8\init_seed2\g004_i009
B_k9_3od_x0.8,seed_best_preview.csv,D:\PSPS\runs_B_k9_3od_x0.8\analysis\tables\seed_best_preview.csv,2,mutation,4,9,374.315,598904.0,331465.2799999994,1600,,9,D:\PSPS\runs_B_k9_3od_x0.8\mutation_seed2\g004_i009
B_k9_3od_x0.8,seed_best_preview.csv,D:\PSPS\runs_B_k9_3od_x0.8\analysis\tables\seed_best_preview.csv,2,none,6,12,371.211875,593939.0,327830.18000000087,1600,,9,D:\PSPS\runs_B_k9_3od_x0.8\none_seed2\g006_i012
B_k9_3od_x0.8,seed_best_preview.csv,D:\PSPS\runs_B_k9_3od_x0.8\analysis\tables\seed_best_preview.csv,3,both,9,16,360.01125,576018.0,315518.65,1600,,9,D:\PSPS\runs_B_k9_3od_x0.8\both_seed3\g009_i016
B_k9_3od_x0.8,seed_best_preview.csv,D:\PSPS\runs_B_k9_3od_x0.8\analysis\tables\seed_best_preview.csv,3,init,2,17,373.678125,597885.0,329808.960000001,1600,,9,D:\PSPS\runs_B_k9_3od_x0.8\init_seed3\g002_i017
B_k9_3od_x0.8,seed_best_preview.csv,D:\PSPS\runs_B_k9_3od_x0.8\analysis\tables\seed_best_preview.csv,3,mutation,4,3,366.3225,586116.0,317247.8100000001,1600,,9,D:\PSPS\runs_B_k9_3od_x0.8\mutation_seed3\g004_i003
B_k9_3od_x0.8,seed_best_preview.csv,D:\PSPS\runs_B_k9_3od_x0.8\analysis\tables\seed_best_preview.csv,3,none,7,16,367.866875,588587.0,323471.98999999993,1600,,9,D:\PSPS\runs_B_k9_3od_x0.8\none_seed3\g007_i016
B_k9_3od_x0.8,seed_best_preview.csv,D:\PSPS\runs_B_k9_3od_x0.8\analysis\tables\seed_best_preview.csv,4,both,12,10,367.52875,588046.0,321903.89000000065,1600,,9,D:\PSPS\runs_B_k9_3od_x0.8\both_seed4\g012_i010
B_k9_3od_x0.8,seed_best_preview.csv,D:\PSPS\runs_B_k9_3od_x0.8\analysis\tables\seed_best_preview.csv,4,init,14,8,376.18125,601890.0,333299.7799999997,1600,,9,D:\PSPS\runs_B_k9_3od_x0.8\init_seed4\g014_i008
B_k9_3od_x0.8,seed_best_preview.csv,D:\PSPS\runs_B_k9_3od_x0.8\analysis\tables\seed_best_preview.csv,4,mutation,7,20,373.155,597048.0,325027.72999999963,1600,,9,D:\PSPS\runs_B_k9_3od_x0.8\mutation_seed4\g007_i020
B_k9_3od_x0.8,seed_best_preview.csv,D:\PSPS\runs_B_k9_3od_x0.8\analysis\tables\seed_best_preview.csv,4,none,15,22,367.30125,587682.0,322547.0100000002,1600,,9,D:\PSPS\runs_B_k9_3od_x0.8\none_seed4\g015_i022
B_k9_3od_x0.8,seed_best_preview.csv,D:\PSPS\runs_B_k9_3od_x0.8\analysis\tables\seed_best_preview.csv,5,both,8,13,365.298125,584477.0,324191.79000000056,1600,,9,D:\PSPS\runs_B_k9_3od_x0.8\both_seed5\g008_i013
B_k9_3od_x0.8,seed_best_preview.csv,D:\PSPS\runs_B_k9_3od_x0.8\analysis\tables\seed_best_preview.csv,5,init,8,22,366.475,586360.0,320930.73999999976,1600,,9,D:\PSPS\runs_B_k9_3od_x0.8\init_seed5\g008_i022
B_k9_3od_x0.8,seed_best_preview.csv,D:\PSPS\runs_B_k9_3od_x0.8\analysis\tables\seed_best_preview.csv,5,mutation,2,16,365.15375,584246.0,316190.25999999983,1600,,9,D:\PSPS\runs_B_k9_3od_x0.8\mutation_seed5\g002_i016
B_k9_3od_x0.8,seed_best_preview.csv,D:\PSPS\runs_B_k9_3od_x0.8\analysis\tables\seed_best_preview.csv,5,none,6,23,369.885625,591817.0,323350.8999999998,1600,,9,D:\PSPS\runs_B_k9_3od_x0.8\none_seed5\g006_i023
B_k9_3od_x0.8,seed_best_preview.csv,D:\PSPS\runs_B_k9_3od_x0.8\analysis\tables\seed_best_preview.csv,6,both,12,16,376.24,601984.0,336982.3600000005,1600,,9,D:\PSPS\runs_B_k9_3od_x0.8\both_seed6\g012_i016
B_k9_3od_x0.8,seed_best_preview.csv,D:\PSPS\runs_B_k9_3od_x0.8\analysis\tables\seed_best_preview.csv,6,init,3,9,366.88875,587022.0,320060.55999999976,1600,,9,D:\PSPS\runs_B_k9_3od_x0.8\init_seed6\g003_i009
B_k9_3od_x0.8,seed_best_preview.csv,D:\PSPS\runs_B_k9_3od_x0.8\analysis\tables\seed_best_preview.csv,6,mutation,13,15,365.185,584296.0,318265.79000000004,1600,,9,D:\PSPS\runs_B_k9_3od_x0.8\mutation_seed6\g013_i015
B_k9_3od_x0.8,seed_best_preview.csv,D:\PSPS\runs_B_k9_3od_x0.8\analysis\tables\seed_best_preview.csv,6,none,14,19,365.959375,585535.0,318228.1899999999,1600,,9,D:\PSPS\runs_B_k9_3od_x0.8\none_seed6\g014_i019
B_k9_3od_x0.8,seed_best_preview.csv,D:\PSPS\runs_B_k9_3od_x0.8\analysis\tables\seed_best_preview.csv,7,both,10,10,367.0,587200.0,321652.2599999997,1600,,9,D:\PSPS\runs_B_k9_3od_x0.8\both_seed7\g010_i010
B_k9_3od_x0.8,seed_best_preview.csv,D:\PSPS\runs_B_k9_3od_x0.8\analysis\tables\seed_best_preview.csv,7,init,7,16,367.30125,587682.0,322547.0100000002,1600,,9,D:\PSPS\runs_B_k9_3od_x0.8\init_seed7\g007_i016
B_k9_3od_x0.8,seed_best_preview.csv,D:\PSPS\runs_B_k9_3od_x0.8\analysis\tables\seed_best_preview.csv,7,mutation,15,12,362.818125,580509.0,316753.9799999995,1600,,9,D:\PSPS\runs_B_k9_3od_x0.8\mutation_seed7\g015_i012
B_k9_3od_x0.8,seed_best_preview.csv,D:\PSPS\runs_B_k9_3od_x0.8\analysis\tables\seed_best_preview.csv,7,none,5,21,377.63625,604218.0,337992.36000000004,1600,,9,D:\PSPS\runs_B_k9_3od_x0.8\none_seed7\g005_i021
B_k9_3od_x0.8,seed_best_preview.csv,D:\PSPS\runs_B_k9_3od_x0.8\analysis\tables\seed_best_preview.csv,8,both,13,18,365.888125,585421.0,319613.78999999963,1600,,9,D:\PSPS\runs_B_k9_3od_x0.8\both_seed8\g013_i018
B_k9_3od_x0.8,seed_best_preview.csv,D:\PSPS\runs_B_k9_3od_x0.8\analysis\tables\seed_best_preview.csv,8,init,6,8,356.883125,571013.0,303193.2500000002,1600,,9,D:\PSPS\runs_B_k9_3od_x0.8\init_seed8\g006_i008
B_k9_3od_x0.8,seed_best_preview.csv,D:\PSPS\runs_B_k9_3od_x0.8\analysis\tables\seed_best_preview.csv,8,mutation,5,14,371.453125,594325.0,329561.8000000008,1600,,9,D:\PSPS\runs_B_k9_3od_x0.8\mutation_seed8\g005_i014
B_k9_3od_x0.8,seed_best_preview.csv,D:\PSPS\runs_B_k9_3od_x0.8\analysis\tables\seed_best_preview.csv,8,none,13,16,363.374375,581399.0,316364.3999999998,1600,,9,D:\PSPS\runs_B_k9_3od_x0.8\none_seed8\g013_i016
B_k9_3od_x0.8,seed_best_preview.csv,D:\PSPS\runs_B_k9_3od_x0.8\analysis\tables\seed_best_preview.csv,9,both,1,12,380.5375,608860.0,342672.4600000002,1600,,5,D:\PSPS\runs_B_k9_3od_x0.8\both_seed9\g001_i012
B_k9_3od_x0.8,seed_best_preview.csv,D:\PSPS\runs_B_k9_3od_x0.8\analysis\tables\seed_best_preview.csv,9,init,13,22,363.84125,582146.0,311843.67999999964,1600,,9,D:\PSPS\runs_B_k9_3od_x0.8\init_seed9\g013_i022
B_k9_3od_x0.8,seed_best_preview.csv,D:\PSPS\runs_B_k9_3od_x0.8\analysis\tables\seed_best_preview.csv,9,mutation,14,2,360.135,576216.0,312393.32,1600,,9,D:\PSPS\runs_B_k9_3od_x0.8\mutation_seed9\g014_i002
B_k9_3od_x0.8,seed_best_preview.csv,D:\PSPS\runs_B_k9_3od_x0.8\analysis\tables\seed_best_preview.csv,9,none,14,1,368.1675,589068.0,322241.859999999,1600,,9,D:\PSPS\runs_B_k9_3od_x0.8\none_seed9\g014_i001
B_k9_3od_x1.0,seed_best_preview.csv,D:\PSPS\runs_B_k9_3od_x1.0\analysis\tables\seed_best_preview.csv,0,both,10,13,471.5665,943133.0,602762.7700000003,2000,,9,D:\PSPS\runs_B_k9_3od_x1.0\both_seed0\g010_i013
B_k9_3od_x1.0,seed_best_preview.csv,D:\PSPS\runs_B_k9_3od_x1.0\analysis\tables\seed_best_preview.csv,0,init,14,12,475.2,950400.0,609995.4700000009,2000,,9,D:\PSPS\runs_B_k9_3od_x1.0\init_seed0\g014_i012
B_k9_3od_x1.0,seed_best_preview.csv,D:\PSPS\runs_B_k9_3od_x1.0\analysis\tables\seed_best_preview.csv,0,mutation,11,21,470.0685,940137.0,601547.0000000003,2000,,9,D:\PSPS\runs_B_k9_3od_x1.0\mutation_seed0\g011_i021
B_k9_3od_x1.0,seed_best_preview.csv,D:\PSPS\runs_B_k9_3od_x1.0\analysis\tables\seed_best_preview.csv,0,none,10,9,479.6265,959253.0,615194.5499999974,2000,,9,D:\PSPS\runs_B_k9_3od_x1.0\none_seed0\g010_i009
B_k9_3od_x1.0,seed_best_preview.csv,D:\PSPS\runs_B_k9_3od_x1.0\analysis\tables\seed_best_preview.csv,1,both,6,3,471.1915,942383.0,601967.1499999984,2000,,9,D:\PSPS\runs_B_k9_3od_x1.0\both_seed1\g006_i003
B_k9_3od_x1.0,seed_best_preview.csv,D:\PSPS\runs_B_k9_3od_x1.0\analysis\tables\seed_best_preview.csv,1,init,6,19,479.4145,958829.0,623413.6700000003,2000,,9,D:\PSPS\runs_B_k9_3od_x1.0\init_seed1\g006_i019
B_k9_3od_x1.0,seed_best_preview.csv,D:\PSPS\runs_B_k9_3od_x1.0\analysis\tables\seed_best_preview.csv,1,mutation,8,7,480.5015,961003.0,619933.4000000003,2000,,9,D:\PSPS\runs_B_k9_3od_x1.0\mutation_seed1\g008_i007
B_k9_3od_x1.0,seed_best_preview.csv,D:\PSPS\runs_B_k9_3od_x1.0\analysis\tables\seed_best_preview.csv,1,none,6,5,485.762,971524.0,628244.0100000002,2000,,9,D:\PSPS\runs_B_k9_3od_x1.0\none_seed1\g006_i005
B_k9_3od_x1.0,seed_best_preview.csv,D:\PSPS\runs_B_k9_3od_x1.0\analysis\tables\seed_best_preview.csv,2,both,6,4,461.859,923718.0,583340.1099999999,2000,,9,D:\PSPS\runs_B_k9_3od_x1.0\both_seed2\g006_i004
B_k9_3od_x1.0,seed_best_preview.csv,D:\PSPS\runs_B_k9_3od_x1.0\analysis\tables\seed_best_preview.csv,2,init,8,15,462.6865,925373.0,585653.4699999992,2000,,9,D:\PSPS\runs_B_k9_3od_x1.0\init_seed2\g008_i015
B_k9_3od_x1.0,seed_best_preview.csv,D:\PSPS\runs_B_k9_3od_x1.0\analysis\tables\seed_best_preview.csv,2,mutation,13,1,473.8005,947601.0,604991.8499999983,2000,,9,D:\PSPS\runs_B_k9_3od_x1.0\mutation_seed2\g013_i001
B_k9_3od_x1.0,seed_best_preview.csv,D:\PSPS\runs_B_k9_3od_x1.0\analysis\tables\seed_best_preview.csv,2,none,13,22,473.191,946382.0,604401.1300000006,2000,,9,D:\PSPS\runs_B_k9_3od_x1.0\none_seed2\g013_i022
B_k9_3od_x1.0,seed_best_preview.csv,D:\PSPS\runs_B_k9_3od_x1.0\analysis\tables\seed_best_preview.csv,3,both,8,4,470.233,940466.0,599445.6000000007,2000,,9,D:\PSPS\runs_B_k9_3od_x1.0\both_seed3\g008_i004
B_k9_3od_x1.0,seed_best_preview.csv,D:\PSPS\runs_B_k9_3od_x1.0\analysis\tables\seed_best_preview.csv,3,init,7,5,480.004,960008.0,618929.8599999989,2000,,9,D:\PSPS\runs_B_k9_3od_x1.0\init_seed3\g007_i005
B_k9_3od_x1.0,seed_best_preview.csv,D:\PSPS\runs_B_k9_3od_x1.0\analysis\tables\seed_best_preview.csv,3,mutation,10,23,478.6265,957253.0,617212.0699999994,2000,,9,D:\PSPS\runs_B_k9_3od_x1.0\mutation_seed3\g010_i023
B_k9_3od_x1.0,seed_best_preview.csv,D:\PSPS\runs_B_k9_3od_x1.0\analysis\tables\seed_best_preview.csv,3,none,12,12,486.0495,972099.0,633860.1700000002,2000,,9,D:\PSPS\runs_B_k9_3od_x1.0\none_seed3\g012_i012
B_k9_3od_x1.0,seed_best_preview.csv,D:\PSPS\runs_B_k9_3od_x1.0\analysis\tables\seed_best_preview.csv,4,both,5,16,470.7345,941469.0,600396.22,2000,,9,D:\PSPS\runs_B_k9_3od_x1.0\both_seed4\g005_i016
B_k9_3od_x1.0,seed_best_preview.csv,D:\PSPS\runs_B_k9_3od_x1.0\analysis\tables\seed_best_preview.csv,4,init,4,19,486.493,972986.0,631409.7200000014,2000,,9,D:\PSPS\runs_B_k9_3od_x1.0\init_seed4\g004_i019
B_k9_3od_x1.0,seed_best_preview.csv,D:\PSPS\runs_B_k9_3od_x1.0\analysis\tables\seed_best_preview.csv,4,mutation,7,18,470.5195,941039.0,596730.4499999994,2000,,9,D:\PSPS\runs_B_k9_3od_x1.0\mutation_seed4\g007_i018
B_k9_3od_x1.0,seed_best_preview.csv,D:\PSPS\runs_B_k9_3od_x1.0\analysis\tables\seed_best_preview.csv,4,none,11,12,478.671,957342.0,617346.770000001,2000,,9,D:\PSPS\runs_B_k9_3od_x1.0\none_seed4\g011_i012
B_k9_3od_x1.0,seed_best_preview.csv,D:\PSPS\runs_B_k9_3od_x1.0\analysis\tables\seed_best_preview.csv,5,both,4,13,478.274,956548.0,614341.9899999994,2000,,9,D:\PSPS\runs_B_k9_3od_x1.0\both_seed5\g004_i013
B_k9_3od_x1.0,seed_best_preview.csv,D:\PSPS\runs_B_k9_3od_x1.0\analysis\tables\seed_best_preview.csv,5,init,4,16,470.0475,940095.0,599960.8400000007,2000,,9,D:\PSPS\runs_B_k9_3od_x1.0\init_seed5\g004_i016
B_k9_3od_x1.0,seed_best_preview.csv,D:\PSPS\runs_B_k9_3od_x1.0\analysis\tables\seed_best_preview.csv,5,mutation,9,12,476.1895,952379.0,607730.1700000016,2000,,9,D:\PSPS\runs_B_k9_3od_x1.0\mutation_seed5\g009_i012
B_k9_3od_x1.0,seed_best_preview.csv,D:\PSPS\runs_B_k9_3od_x1.0\analysis\tables\seed_best_preview.csv,5,none,6,13,479.993,959986.0,622711.5699999988,2000,,9,D:\PSPS\runs_B_k9_3od_x1.0\none_seed5\g006_i013
B_k9_3od_x1.0,seed_best_preview.csv,D:\PSPS\runs_B_k9_3od_x1.0\analysis\tables\seed_best_preview.csv,6,both,4,4,471.143,942286.0,601076.5900000002,2000,,9,D:\PSPS\runs_B_k9_3od_x1.0\both_seed6\g004_i004
B_k9_3od_x1.0,seed_best_preview.csv,D:\PSPS\runs_B_k9_3od_x1.0\analysis\tables\seed_best_preview.csv,6,init,10,8,475.361,950722.0,608663.6399999994,2000,,9,D:\PSPS\runs_B_k9_3od_x1.0\init_seed6\g010_i008
B_k9_3od_x1.0,seed_best_preview.csv,D:\PSPS\runs_B_k9_3od_x1.0\analysis\tables\seed_best_preview.csv,6,mutation,12,3,468.967,937934.0,597917.6899999994,2000,,9,D:\PSPS\runs_B_k9_3od_x1.0\mutation_seed6\g012_i003
B_k9_3od_x1.0,seed_best_preview.csv,D:\PSPS\runs_B_k9_3od_x1.0\analysis\tables\seed_best_preview.csv,6,none,11,15,477.06,954120.0,616166.6600000003,2000,,9,D:\PSPS\runs_B_k9_3od_x1.0\none_seed6\g011_i015
B_k9_3od_x1.0,seed_best_preview.csv,D:\PSPS\runs_B_k9_3od_x1.0\analysis\tables\seed_best_preview.csv,7,both,10,5,485.0875,970175.0,626912.6400000004,2000,,9,D:\PSPS\runs_B_k9_3od_x1.0\both_seed7\g010_i005
B_k9_3od_x1.0,seed_best_preview.csv,D:\PSPS\runs_B_k9_3od_x1.0\analysis\tables\seed_best_preview.csv,7,init,15,20,477.4215,954843.0,614992.7200000004,2000,,9,D:\PSPS\runs_B_k9_3od_x1.0\init_seed7\g015_i020
B_k9_3od_x1.0,seed_best_preview.csv,D:\PSPS\runs_B_k9_3od_x1.0\analysis\tables\seed_best_preview.csv,7,mutation,4,6,480.3775,960755.0,623740.8499999983,2000,,9,D:\PSPS\runs_B_k9_3od_x1.0\mutation_seed7\g004_i006
B_k9_3od_x1.0,seed_best_preview.csv,D:\PSPS\runs_B_k9_3od_x1.0\analysis\tables\seed_best_preview.csv,7,none,10,16,478.887,957774.0,613675.4899999993,2000,,9,D:\PSPS\runs_B_k9_3od_x1.0\none_seed7\g010_i016
B_k9_3od_x1.0,seed_best_preview.csv,D:\PSPS\runs_B_k9_3od_x1.0\analysis\tables\seed_best_preview.csv,8,both,11,16,476.677,953354.0,612891.5500000005,2000,,9,D:\PSPS\runs_B_k9_3od_x1.0\both_seed8\g011_i016
B_k9_3od_x1.0,seed_best_preview.csv,D:\PSPS\runs_B_k9_3od_x1.0\analysis\tables\seed_best_preview.csv,8,init,3,18,474.797,949594.0,608365.2199999994,2000,,9,D:\PSPS\runs_B_k9_3od_x1.0\init_seed8\g003_i018
B_k9_3od_x1.0,seed_best_preview.csv,D:\PSPS\runs_B_k9_3od_x1.0\analysis\tables\seed_best_preview.csv,8,mutation,13,14,479.5045,959009.0,622745.6900000004,2000,,9,D:\PSPS\runs_B_k9_3od_x1.0\mutation_seed8\g013_i014
B_k9_3od_x1.0,seed_best_preview.csv,D:\PSPS\runs_B_k9_3od_x1.0\analysis\tables\seed_best_preview.csv,8,none,1,4,484.849,969698.0,628951.0399999995,2000,,6,D:\PSPS\runs_B_k9_3od_x1.0\none_seed8\g001_i004
B_k9_3od_x1.0,seed_best_preview.csv,D:\PSPS\runs_B_k9_3od_x1.0\analysis\tables\seed_best_preview.csv,9,both,8,9,473.0795,946159.0,608755.9000000001,2000,,9,D:\PSPS\runs_B_k9_3od_x1.0\both_seed9\g008_i009
B_k9_3od_x1.0,seed_best_preview.csv,D:\PSPS\runs_B_k9_3od_x1.0\analysis\tables\seed_best_preview.csv,9,init,14,8,481.447,962894.0,625447.4499999989,2000,,9,D:\PSPS\runs_B_k9_3od_x1.0\init_seed9\g014_i008
B_k9_3od_x1.0,seed_best_preview.csv,D:\PSPS\runs_B_k9_3od_x1.0\analysis\tables\seed_best_preview.csv,9,mutation,8,9,476.935,953870.0,613657.7300000007,2000,,9,D:\PSPS\runs_B_k9_3od_x1.0\mutation_seed9\g008_i009
B_k9_3od_x1.0,seed_best_preview.csv,D:\PSPS\runs_B_k9_3od_x1.0\analysis\tables\seed_best_preview.csv,9,none,8,12,483.569,967138.0,627443.1099999995,2000,,9,D:\PSPS\runs_B_k9_3od_x1.0\none_seed9\g008_i012
B_k9_3od_x1.2,seed_best_preview.csv,D:\PSPS\runs_B_k9_3od_x1.2\analysis\tables\seed_best_preview.csv,0,both,10,11,571.155,1370772.0,951038.0499999996,2400,,9,D:\PSPS\runs_B_k9_3od_x1.2\both_seed0\g010_i011
B_k9_3od_x1.2,seed_best_preview.csv,D:\PSPS\runs_B_k9_3od_x1.2\analysis\tables\seed_best_preview.csv,0,init,10,3,567.1041666666666,1361050.0,946854.4299999996,2400,,9,D:\PSPS\runs_B_k9_3od_x1.2\init_seed0\g010_i003
B_k9_3od_x1.2,seed_best_preview.csv,D:\PSPS\runs_B_k9_3od_x1.2\analysis\tables\seed_best_preview.csv,0,mutation,5,12,572.3683333333333,1373684.0,961914.9400000006,2400,,9,D:\PSPS\runs_B_k9_3od_x1.2\mutation_seed0\g005_i012
B_k9_3od_x1.2,seed_best_preview.csv,D:\PSPS\runs_B_k9_3od_x1.2\analysis\tables\seed_best_preview.csv,0,none,13,13,564.6841666666667,1355242.0,940994.1900000012,2400,,9,D:\PSPS\runs_B_k9_3od_x1.2\none_seed0\g013_i013
B_k9_3od_x1.2,seed_best_preview.csv,D:\PSPS\runs_B_k9_3od_x1.2\analysis\tables\seed_best_preview.csv,1,both,14,14,567.9483333333334,1363076.0,948868.0699999988,2400,,9,D:\PSPS\runs_B_k9_3od_x1.2\both_seed1\g014_i014
B_k9_3od_x1.2,seed_best_preview.csv,D:\PSPS\runs_B_k9_3od_x1.2\analysis\tables\seed_best_preview.csv,1,init,14,8,569.3516666666667,1366444.0,954041.7600000002,2400,,9,D:\PSPS\runs_B_k9_3od_x1.2\init_seed1\g014_i008
B_k9_3od_x1.2,seed_best_preview.csv,D:\PSPS\runs_B_k9_3od_x1.2\analysis\tables\seed_best_preview.csv,1,mutation,10,8,567.1308333333334,1361114.0,948322.2400000012,2400,,9,D:\PSPS\runs_B_k9_3od_x1.2\mutation_seed1\g010_i008
B_k9_3od_x1.2,seed_best_preview.csv,D:\PSPS\runs_B_k9_3od_x1.2\analysis\tables\seed_best_preview.csv,1,none,7,9,562.6508333333334,1350362.0,937968.1099999996,2400,,9,D:\PSPS\runs_B_k9_3od_x1.2\none_seed1\g007_i009
B_k9_3od_x1.2,seed_best_preview.csv,D:\PSPS\runs_B_k9_3od_x1.2\analysis\tables\seed_best_preview.csv,2,both,10,23,573.0104166666666,1375225.0,962833.4799999996,2400,,9,D:\PSPS\runs_B_k9_3od_x1.2\both_seed2\g010_i023
B_k9_3od_x1.2,seed_best_preview.csv,D:\PSPS\runs_B_k9_3od_x1.2\analysis\tables\seed_best_preview.csv,2,init,11,1,576.2658333333334,1383038.0,965682.8699999992,2400,,9,D:\PSPS\runs_B_k9_3od_x1.2\init_seed2\g011_i001
B_k9_3od_x1.2,seed_best_preview.csv,D:\PSPS\runs_B_k9_3od_x1.2\analysis\tables\seed_best_preview.csv,2,mutation,11,11,572.01125,1372827.0,956076.6399999994,2400,,9,D:\PSPS\runs_B_k9_3od_x1.2\mutation_seed2\g011_i011
B_k9_3od_x1.2,seed_best_preview.csv,D:\PSPS\runs_B_k9_3od_x1.2\analysis\tables\seed_best_preview.csv,2,none,4,12,574.90375,1379769.0,966689.5400000009,2400,,9,D:\PSPS\runs_B_k9_3od_x1.2\none_seed2\g004_i012
B_k9_3od_x1.2,seed_best_preview.csv,D:\PSPS\runs_B_k9_3od_x1.2\analysis\tables\seed_best_preview.csv,3,both,13,5,571.5104166666666,1371625.0,955475.9900000008,2400,,9,D:\PSPS\runs_B_k9_3od_x1.2\both_seed3\g013_i005
B_k9_3od_x1.2,seed_best_preview.csv,D:\PSPS\runs_B_k9_3od_x1.2\analysis\tables\seed_best_preview.csv,3,init,15,6,574.4529166666666,1378687.0,959147.3499999996,2400,,9,D:\PSPS\runs_B_k9_3od_x1.2\init_seed3\g015_i006
B_k9_3od_x1.2,seed_best_preview.csv,D:\PSPS\runs_B_k9_3od_x1.2\analysis\tables\seed_best_preview.csv,3,mutation,3,6,572.79625,1374711.0,959361.9899999988,2400,,9,D:\PSPS\runs_B_k9_3od_x1.2\mutation_seed3\g003_i006
B_k9_3od_x1.2,seed_best_preview.csv,D:\PSPS\runs_B_k9_3od_x1.2\analysis\tables\seed_best_preview.csv,3,none,6,18,569.8408333333333,1367618.0,950724.6200000014,2400,,9,D:\PSPS\runs_B_k9_3od_x1.2\none_seed3\g006_i018
B_k9_3od_x1.2,seed_best_preview.csv,D:\PSPS\runs_B_k9_3od_x1.2\analysis\tables\seed_best_preview.csv,4,both,4,14,566.3791666666667,1359310.0,947944.9999999998,2400,,9,D:\PSPS\runs_B_k9_3od_x1.2\both_seed4\g004_i014
B_k9_3od_x1.2,seed_best_preview.csv,D:\PSPS\runs_B_k9_3od_x1.2\analysis\tables\seed_best_preview.csv,4,init,10,20,567.20875,1361301.0,948996.05,2400,,9,D:\PSPS\runs_B_k9_3od_x1.2\init_seed4\g010_i020
B_k9_3od_x1.2,seed_best_preview.csv,D:\PSPS\runs_B_k9_3od_x1.2\analysis\tables\seed_best_preview.csv,4,mutation,13,10,572.3470833333333,1373633.0,961989.48,2400,,9,D:\PSPS\runs_B_k9_3od_x1.2\mutation_seed4\g013_i010
B_k9_3od_x1.2,seed_best_preview.csv,D:\PSPS\runs_B_k9_3od_x1.2\analysis\tables\seed_best_preview.csv,4,none,12,15,563.6666666666666,1352800.0,945986.21,2400,,9,D:\PSPS\runs_B_k9_3od_x1.2\none_seed4\g012_i015
B_k9_3od_x1.2,seed_best_preview.csv,D:\PSPS\runs_B_k9_3od_x1.2\analysis\tables\seed_best_preview.csv,5,both,11,10,567.8016666666666,1362724.0,950684.160000001,2400,,9,D:\PSPS\runs_B_k9_3od_x1.2\both_seed5\g011_i010
B_k9_3od_x1.2,seed_best_preview.csv,D:\PSPS\runs_B_k9_3od_x1.2\analysis\tables\seed_best_preview.csv,5,init,10,16,567.20875,1361301.0,948996.05,2400,,9,D:\PSPS\runs_B_k9_3od_x1.2\init_seed5\g010_i016
B_k9_3od_x1.2,seed_best_preview.csv,D:\PSPS\runs_B_k9_3od_x1.2\analysis\tables\seed_best_preview.csv,5,mutation,3,6,570.64125,1369539.0,952518.969999998,2400,,9,D:\PSPS\runs_B_k9_3od_x1.2\mutation_seed5\g003_i006
B_k9_3od_x1.2,seed_best_preview.csv,D:\PSPS\runs_B_k9_3od_x1.2\analysis\tables\seed_best_preview.csv,5,none,13,5,567.9966666666667,1363192.0,948319.099999999,2400,,9,D:\PSPS\runs_B_k9_3od_x1.2\none_seed5\g013_i005
B_k9_3od_x1.2,seed_best_preview.csv,D:\PSPS\runs_B_k9_3od_x1.2\analysis\tables\seed_best_preview.csv,6,both,10,1,564.1025,1353846.0,936971.5600000016,2400,,9,D:\PSPS\runs_B_k9_3od_x1.2\both_seed6\g010_i001
B_k9_3od_x1.2,seed_best_preview.csv,D:\PSPS\runs_B_k9_3od_x1.2\analysis\tables\seed_best_preview.csv,6,init,10,23,566.1245833333334,1358699.0,943242.7099999984,2400,,9,D:\PSPS\runs_B_k9_3od_x1.2\init_seed6\g010_i023
B_k9_3od_x1.2,seed_best_preview.csv,D:\PSPS\runs_B_k9_3od_x1.2\analysis\tables\seed_best_preview.csv,6,mutation,13,8,574.4920833333333,1378781.0,964572.1400000008,2400,,9,D:\PSPS\runs_B_k9_3od_x1.2\mutation_seed6\g013_i008
B_k9_3od_x1.2,seed_best_preview.csv,D:\PSPS\runs_B_k9_3od_x1.2\analysis\tables\seed_best_preview.csv,6,none,14,11,574.2904166666667,1378297.0,960830.1400000012,2400,,9,D:\PSPS\runs_B_k9_3od_x1.2\none_seed6\g014_i011
B_k9_3od_x1.2,seed_best_preview.csv,D:\PSPS\runs_B_k9_3od_x1.2\analysis\tables\seed_best_preview.csv,7,both,12,19,560.7925,1345902.0,928067.18,2400,,9,D:\PSPS\runs_B_k9_3od_x1.2\both_seed7\g012_i019
B_k9_3od_x1.2,seed_best_preview.csv,D:\PSPS\runs_B_k9_3od_x1.2\analysis\tables\seed_best_preview.csv,7,init,6,14,564.20875,1354101.0,935087.7600000016,2400,,9,D:\PSPS\runs_B_k9_3od_x1.2\init_seed7\g006_i014
B_k9_3od_x1.2,seed_best_preview.csv,D:\PSPS\runs_B_k9_3od_x1.2\analysis\tables\seed_best_preview.csv,7,mutation,12,10,572.38125,1373715.0,961144.32,2400,,9,D:\PSPS\runs_B_k9_3od_x1.2\mutation_seed7\g012_i010
B_k9_3od_x1.2,seed_best_preview.csv,D:\PSPS\runs_B_k9_3od_x1.2\analysis\tables\seed_best_preview.csv,7,none,14,15,568.9933333333333,1365584.0,951941.53,2400,,9,D:\PSPS\runs_B_k9_3od_x1.2\none_seed7\g014_i015
B_k9_3od_x1.2,seed_best_preview.csv,D:\PSPS\runs_B_k9_3od_x1.2\analysis\tables\seed_best_preview.csv,8,both,9,9,569.0129166666667,1365631.0,948598.1800000007,2400,,9,D:\PSPS\runs_B_k9_3od_x1.2\both_seed8\g009_i009
B_k9_3od_x1.2,seed_best_preview.csv,D:\PSPS\runs_B_k9_3od_x1.2\analysis\tables\seed_best_preview.csv,8,init,10,19,579.5475,1390914.0,975165.1200000012,2400,,9,D:\PSPS\runs_B_k9_3od_x1.2\init_seed8\g010_i019
B_k9_3od_x1.2,seed_best_preview.csv,D:\PSPS\runs_B_k9_3od_x1.2\analysis\tables\seed_best_preview.csv,8,mutation,2,15,573.98125,1377555.0,965383.479999998,2400,,9,D:\PSPS\runs_B_k9_3od_x1.2\mutation_seed8\g002_i015
B_k9_3od_x1.2,seed_best_preview.csv,D:\PSPS\runs_B_k9_3od_x1.2\analysis\tables\seed_best_preview.csv,8,none,13,21,574.4516666666667,1378684.0,956168.2800000014,2400,,9,D:\PSPS\runs_B_k9_3od_x1.2\none_seed8\g013_i021
B_k9_3od_x1.2,seed_best_preview.csv,D:\PSPS\runs_B_k9_3od_x1.2\analysis\tables\seed_best_preview.csv,9,both,12,12,566.7466666666667,1360192.0,946132.3299999991,2400,,9,D:\PSPS\runs_B_k9_3od_x1.2\both_seed9\g012_i012
B_k9_3od_x1.2,seed_best_preview.csv,D:\PSPS\runs_B_k9_3od_x1.2\analysis\tables\seed_best_preview.csv,9,init,4,12,571.2358333333333,1370966.0,952169.2900000002,2400,,9,D:\PSPS\runs_B_k9_3od_x1.2\init_seed9\g004_i012
B_k9_3od_x1.2,seed_best_preview.csv,D:\PSPS\runs_B_k9_3od_x1.2\analysis\tables\seed_best_preview.csv,9,mutation,10,21,573.3779166666667,1376107.0,958938.1999999994,2400,,9,D:\PSPS\runs_B_k9_3od_x1.2\mutation_seed9\g010_i021
B_k9_3od_x1.2,seed_best_preview.csv,D:\PSPS\runs_B_k9_3od_x1.2\analysis\tables\seed_best_preview.csv,9,none,14,18,568.78625,1365087.0,949515.8899999995,2400,,9,D:\PSPS\runs_B_k9_3od_x1.2\none_seed9\g014_i018
C_k9_1od_x0.8,seed_best_preview.csv,D:\PSPS\runs_C_k9_1od_x0.8\analysis\tables\seed_best_preview.csv,0,both,9,10,438.486875,701579.0,450520.6700000005,1600,,9,D:\PSPS\runs_C_k9_1od_x0.8\both_seed0\g009_i010
C_k9_1od_x0.8,seed_best_preview.csv,D:\PSPS\runs_C_k9_1od_x0.8\analysis\tables\seed_best_preview.csv,0,init,15,9,448.62625,717802.0,466087.56999999913,1600,,9,D:\PSPS\runs_C_k9_1od_x0.8\init_seed0\g015_i009
C_k9_1od_x0.8,seed_best_preview.csv,D:\PSPS\runs_C_k9_1od_x0.8\analysis\tables\seed_best_preview.csv,0,mutation,3,8,438.486875,701579.0,450520.6700000005,1600,,9,D:\PSPS\runs_C_k9_1od_x0.8\mutation_seed0\g003_i008
C_k9_1od_x0.8,seed_best_preview.csv,D:\PSPS\runs_C_k9_1od_x0.8\analysis\tables\seed_best_preview.csv,0,none,6,3,441.5575,706492.0,455401.1899999996,1600,,9,D:\PSPS\runs_C_k9_1od_x0.8\none_seed0\g006_i003
C_k9_1od_x0.8,seed_best_preview.csv,D:\PSPS\runs_C_k9_1od_x0.8\analysis\tables\seed_best_preview.csv,1,both,9,18,438.486875,701579.0,450520.6700000005,1600,,9,D:\PSPS\runs_C_k9_1od_x0.8\both_seed1\g009_i018
C_k9_1od_x0.8,seed_best_preview.csv,D:\PSPS\runs_C_k9_1od_x0.8\analysis\tables\seed_best_preview.csv,1,init,6,23,448.22375,717158.0,466211.30999999953,1600,,9,D:\PSPS\runs_C_k9_1od_x0.8\init_seed1\g006_i023
C_k9_1od_x0.8,seed_best_preview.csv,D:\PSPS\runs_C_k9_1od_x0.8\analysis\tables\seed_best_preview.csv,1,mutation,12,14,438.486875,701579.0,450520.6700000005,1600,,9,D:\PSPS\runs_C_k9_1od_x0.8\mutation_seed1\g012_i014
C_k9_1od_x0.8,seed_best_preview.csv,D:\PSPS\runs_C_k9_1od_x0.8\analysis\tables\seed_best_preview.csv,1,none,15,12,447.168125,715469.0,463425.99000000034,1600,,9,D:\PSPS\runs_C_k9_1od_x0.8\none_seed1\g015_i012
C_k9_1od_x0.8,seed_best_preview.csv,D:\PSPS\runs_C_k9_1od_x0.8\analysis\tables\seed_best_preview.csv,2,both,4,12,445.664375,713063.0,465409.0700000006,1600,,9,D:\PSPS\runs_C_k9_1od_x0.8\both_seed2\g004_i012
C_k9_1od_x0.8,seed_best_preview.csv,D:\PSPS\runs_C_k9_1od_x0.8\analysis\tables\seed_best_preview.csv,2,init,15,19,445.664375,713063.0,465409.0700000006,1600,,9,D:\PSPS\runs_C_k9_1od_x0.8\init_seed2\g015_i019
C_k9_1od_x0.8,seed_best_preview.csv,D:\PSPS\runs_C_k9_1od_x0.8\analysis\tables\seed_best_preview.csv,2,mutation,2,8,449.224375,718759.0,471537.6599999996,1600,,9,D:\PSPS\runs_C_k9_1od_x0.8\mutation_seed2\g002_i008
C_k9_1od_x0.8,seed_best_preview.csv,D:\PSPS\runs_C_k9_1od_x0.8\analysis\tables\seed_best_preview.csv,2,none,4,4,448.91125,718258.0,470529.8800000006,1600,,9,D:\PSPS\runs_C_k9_1od_x0.8\none_seed2\g004_i004
C_k9_1od_x0.8,seed_best_preview.csv,D:\PSPS\runs_C_k9_1od_x0.8\analysis\tables\seed_best_preview.csv,3,both,12,15,449.93625,719898.0,468056.80000000034,1600,,9,D:\PSPS\runs_C_k9_1od_x0.8\both_seed3\g012_i015
C_k9_1od_x0.8,seed_best_preview.csv,D:\PSPS\runs_C_k9_1od_x0.8\analysis\tables\seed_best_preview.csv,3,init,10,2,445.664375,713063.0,465409.0700000006,1600,,9,D:\PSPS\runs_C_k9_1od_x0.8\init_seed3\g010_i002
C_k9_1od_x0.8,seed_best_preview.csv,D:\PSPS\runs_C_k9_1od_x0.8\analysis\tables\seed_best_preview.csv,3,mutation,8,8,449.224375,718759.0,471537.6599999996,1600,,9,D:\PSPS\runs_C_k9_1od_x0.8\mutation_seed3\g008_i008
C_k9_1od_x0.8,seed_best_preview.csv,D:\PSPS\runs_C_k9_1od_x0.8\analysis\tables\seed_best_preview.csv,3,none,11,8,448.63625,717818.0,465449.42000000057,1600,,9,D:\PSPS\runs_C_k9_1od_x0.8\none_seed3\g011_i008
C_k9_1od_x0.8,seed_best_preview.csv,D:\PSPS\runs_C_k9_1od_x0.8\analysis\tables\seed_best_preview.csv,4,both,14,11,448.62625,717802.0,466087.56999999913,1600,,9,D:\PSPS\runs_C_k9_1od_x0.8\both_seed4\g014_i011
C_k9_1od_x0.8,seed_best_preview.csv,D:\PSPS\runs_C_k9_1od_x0.8\analysis\tables\seed_best_preview.csv,4,init,3,18,447.893125,716629.0,465535.0,1600,,9,D:\PSPS\runs_C_k9_1od_x0.8\init_seed4\g003_i018
C_k9_1od_x0.8,seed_best_preview.csv,D:\PSPS\runs_C_k9_1od_x0.8\analysis\tables\seed_best_preview.csv,4,mutation,7,21,449.34875,718958.0,471742.27,1600,,9,D:\PSPS\runs_C_k9_1od_x0.8\mutation_seed4\g007_i021
C_k9_1od_x0.8,seed_best_preview.csv,D:\PSPS\runs_C_k9_1od_x0.8\analysis\tables\seed_best_preview.csv,4,none,8,21,449.86375,719782.0,469025.1399999991,1600,,9,D:\PSPS\runs_C_k9_1od_x0.8\none_seed4\g008_i021
C_k9_1od_x0.8,seed_best_preview.csv,D:\PSPS\runs_C_k9_1od_x0.8\analysis\tables\seed_best_preview.csv,5,both,4,18,438.486875,701579.0,450520.6700000005,1600,,9,D:\PSPS\runs_C_k9_1od_x0.8\both_seed5\g004_i018
C_k9_1od_x0.8,seed_best_preview.csv,D:\PSPS\runs_C_k9_1od_x0.8\analysis\tables\seed_best_preview.csv,5,init,4,12,446.520625,714433.0,463480.69,1600,,9,D:\PSPS\runs_C_k9_1od_x0.8\init_seed5\g004_i012
C_k9_1od_x0.8,seed_best_preview.csv,D:\PSPS\runs_C_k9_1od_x0.8\analysis\tables\seed_best_preview.csv,5,mutation,6,21,448.62625,717802.0,466087.56999999913,1600,,9,D:\PSPS\runs_C_k9_1od_x0.8\mutation_seed5\g006_i021
C_k9_1od_x0.8,seed_best_preview.csv,D:\PSPS\runs_C_k9_1od_x0.8\analysis\tables\seed_best_preview.csv,5,none,12,17,449.34875,718958.0,471742.27,1600,,9,D:\PSPS\runs_C_k9_1od_x0.8\none_seed5\g012_i017
C_k9_1od_x0.8,seed_best_preview.csv,D:\PSPS\runs_C_k9_1od_x0.8\analysis\tables\seed_best_preview.csv,6,both,11,22,449.224375,718759.0,471537.6599999996,1600,,9,D:\PSPS\runs_C_k9_1od_x0.8\both_seed6\g011_i022
C_k9_1od_x0.8,seed_best_preview.csv,D:\PSPS\runs_C_k9_1od_x0.8\analysis\tables\seed_best_preview.csv,6,init,8,7,438.486875,701579.0,450520.6700000005,1600,,9,D:\PSPS\runs_C_k9_1od_x0.8\init_seed6\g008_i007
C_k9_1od_x0.8,seed_best_preview.csv,D:\PSPS\runs_C_k9_1od_x0.8\analysis\tables\seed_best_preview.csv,6,mutation,3,2,448.62625,717802.0,466087.56999999913,1600,,9,D:\PSPS\runs_C_k9_1od_x0.8\mutation_seed6\g003_i002
C_k9_1od_x0.8,seed_best_preview.csv,D:\PSPS\runs_C_k9_1od_x0.8\analysis\tables\seed_best_preview.csv,6,none,8,21,442.100625,707361.0,455657.71999999887,1600,,9,D:\PSPS\runs_C_k9_1od_x0.8\none_seed6\g008_i021
C_k9_1od_x0.8,seed_best_preview.csv,D:\PSPS\runs_C_k9_1od_x0.8\analysis\tables\seed_best_preview.csv,7,both,13,16,446.635,714616.0,466864.74000000034,1600,,9,D:\PSPS\runs_C_k9_1od_x0.8\both_seed7\g013_i016
C_k9_1od_x0.8,seed_best_preview.csv,D:\PSPS\runs_C_k9_1od_x0.8\analysis\tables\seed_best_preview.csv,7,init,11,5,438.486875,701579.0,450520.6700000005,1600,,9,D:\PSPS\runs_C_k9_1od_x0.8\init_seed7\g011_i005
C_k9_1od_x0.8,seed_best_preview.csv,D:\PSPS\runs_C_k9_1od_x0.8\analysis\tables\seed_best_preview.csv,7,mutation,5,6,438.486875,701579.0,450520.6700000005,1600,,9,D:\PSPS\runs_C_k9_1od_x0.8\mutation_seed7\g005_i006
C_k9_1od_x0.8,seed_best_preview.csv,D:\PSPS\runs_C_k9_1od_x0.8\analysis\tables\seed_best_preview.csv,7,none,5,3,447.275,715640.0,462045.6400000005,1600,,9,D:\PSPS\runs_C_k9_1od_x0.8\none_seed7\g005_i003
C_k9_1od_x0.8,seed_best_preview.csv,D:\PSPS\runs_C_k9_1od_x0.8\analysis\tables\seed_best_preview.csv,8,both,4,18,443.575,709720.0,458036.8000000008,1600,,9,D:\PSPS\runs_C_k9_1od_x0.8\both_seed8\g004_i018
C_k9_1od_x0.8,seed_best_preview.csv,D:\PSPS\runs_C_k9_1od_x0.8\analysis\tables\seed_best_preview.csv,8,init,5,3,447.764375,716423.0,465395.14,1600,,9,D:\PSPS\runs_C_k9_1od_x0.8\init_seed8\g005_i003
C_k9_1od_x0.8,seed_best_preview.csv,D:\PSPS\runs_C_k9_1od_x0.8\analysis\tables\seed_best_preview.csv,8,mutation,13,1,448.62625,717802.0,466087.56999999913,1600,,9,D:\PSPS\runs_C_k9_1od_x0.8\mutation_seed8\g013_i001
C_k9_1od_x0.8,seed_best_preview.csv,D:\PSPS\runs_C_k9_1od_x0.8\analysis\tables\seed_best_preview.csv,8,none,6,10,435.23875,696382.0,444669.36,1600,,9,D:\PSPS\runs_C_k9_1od_x0.8\none_seed8\g006_i010
C_k9_1od_x0.8,seed_best_preview.csv,D:\PSPS\runs_C_k9_1od_x0.8\analysis\tables\seed_best_preview.csv,9,both,5,19,438.486875,701579.0,450520.6700000005,1600,,9,D:\PSPS\runs_C_k9_1od_x0.8\both_seed9\g005_i019
C_k9_1od_x0.8,seed_best_preview.csv,D:\PSPS\runs_C_k9_1od_x0.8\analysis\tables\seed_best_preview.csv,9,init,9,10,449.224375,718759.0,471537.6599999996,1600,,9,D:\PSPS\runs_C_k9_1od_x0.8\init_seed9\g009_i010
C_k9_1od_x0.8,seed_best_preview.csv,D:\PSPS\runs_C_k9_1od_x0.8\analysis\tables\seed_best_preview.csv,9,mutation,6,16,451.236875,721979.0,468955.61000000045,1600,,9,D:\PSPS\runs_C_k9_1od_x0.8\mutation_seed9\g006_i016
C_k9_1od_x0.8,seed_best_preview.csv,D:\PSPS\runs_C_k9_1od_x0.8\analysis\tables\seed_best_preview.csv,9,none,7,18,449.1775,718684.0,467316.3200000001,1600,,9,D:\PSPS\runs_C_k9_1od_x0.8\none_seed9\g007_i018
C_k9_1od_x1.0,seed_best_preview.csv,D:\PSPS\runs_C_k9_1od_x1.0\analysis\tables\seed_best_preview.csv,0,both,7,17,454.54,909080.0,591532.8799999997,2000,,9,D:\PSPS\runs_C_k9_1od_x1.0\both_seed0\g007_i017
C_k9_1od_x1.0,seed_best_preview.csv,D:\PSPS\runs_C_k9_1od_x1.0\analysis\tables\seed_best_preview.csv,0,init,2,9,456.789,913578.0,596522.8099999997,2000,,9,D:\PSPS\runs_C_k9_1od_x1.0\init_seed0\g002_i009
C_k9_1od_x1.0,seed_best_preview.csv,D:\PSPS\runs_C_k9_1od_x1.0\analysis\tables\seed_best_preview.csv,0,mutation,7,14,453.856,907712.0,591351.6800000006,2000,,9,D:\PSPS\runs_C_k9_1od_x1.0\mutation_seed0\g007_i014
C_k9_1od_x1.0,seed_best_preview.csv,D:\PSPS\runs_C_k9_1od_x1.0\analysis\tables\seed_best_preview.csv,0,none,11,3,449.9565,899913.0,581771.72,2000,,9,D:\PSPS\runs_C_k9_1od_x1.0\none_seed0\g011_i003
C_k9_1od_x1.0,seed_best_preview.csv,D:\PSPS\runs_C_k9_1od_x1.0\analysis\tables\seed_best_preview.csv,1,both,12,8,453.7875,907575.0,590039.7600000002,2000,,9,D:\PSPS\runs_C_k9_1od_x1.0\both_seed1\g012_i008
C_k9_1od_x1.0,seed_best_preview.csv,D:\PSPS\runs_C_k9_1od_x1.0\analysis\tables\seed_best_preview.csv,1,init,4,17,456.789,913578.0,596522.8099999997,2000,,9,D:\PSPS\runs_C_k9_1od_x1.0\init_seed1\g004_i017
C_k9_1od_x1.0,seed_best_preview.csv,D:\PSPS\runs_C_k9_1od_x1.0\analysis\tables\seed_best_preview.csv,1,mutation,12,10,449.437,898874.0,580247.7200000004,2000,,9,D:\PSPS\runs_C_k9_1od_x1.0\mutation_seed1\g012_i010
C_k9_1od_x1.0,seed_best_preview.csv,D:\PSPS\runs_C_k9_1od_x1.0\analysis\tables\seed_best_preview.csv,1,none,1,8,458.837,917674.0,603926.51,2000,,5,D:\PSPS\runs_C_k9_1od_x1.0\none_seed1\g001_i008
C_k9_1od_x1.0,seed_best_preview.csv,D:\PSPS\runs_C_k9_1od_x1.0\analysis\tables\seed_best_preview.csv,2,both,7,9,452.158,904316.0,586855.4899999981,2000,,9,D:\PSPS\runs_C_k9_1od_x1.0\both_seed2\g007_i009
C_k9_1od_x1.0,seed_best_preview.csv,D:\PSPS\runs_C_k9_1od_x1.0\analysis\tables\seed_best_preview.csv,2,init,10,9,443.212,886424.0,571554.76,2000,,9,D:\PSPS\runs_C_k9_1od_x1.0\init_seed2\g010_i009
C_k9_1od_x1.0,seed_best_preview.csv,D:\PSPS\runs_C_k9_1od_x1.0\analysis\tables\seed_best_preview.csv,2,mutation,7,10,449.9565,899913.0,581771.72,2000,,9,D:\PSPS\runs_C_k9_1od_x1.0\mutation_seed2\g007_i010
C_k9_1od_x1.0,seed_best_preview.csv,D:\PSPS\runs_C_k9_1od_x1.0\analysis\tables\seed_best_preview.csv,2,none,4,9,454.544,909088.0,596816.3200000016,2000,,9,D:\PSPS\runs_C_k9_1od_x1.0\none_seed2\g004_i009
C_k9_1od_x1.0,seed_best_preview.csv,D:\PSPS\runs_C_k9_1od_x1.0\analysis\tables\seed_best_preview.csv,3,both,2,23,451.508,903016.0,583472.3900000006,2000,,9,D:\PSPS\runs_C_k9_1od_x1.0\both_seed3\g002_i023
C_k9_1od_x1.0,seed_best_preview.csv,D:\PSPS\runs_C_k9_1od_x1.0\analysis\tables\seed_best_preview.csv,3,init,9,3,449.9565,899913.0,581771.72,2000,,9,D:\PSPS\runs_C_k9_1od_x1.0\init_seed3\g009_i003
C_k9_1od_x1.0,seed_best_preview.csv,D:\PSPS\runs_C_k9_1od_x1.0\analysis\tables\seed_best_preview.csv,3,mutation,15,8,452.7135,905427.0,587999.8800000016,2000,,9,D:\PSPS\runs_C_k9_1od_x1.0\mutation_seed3\g015_i008
C_k9_1od_x1.0,seed_best_preview.csv,D:\PSPS\runs_C_k9_1od_x1.0\analysis\tables\seed_best_preview.csv,3,none,15,13,451.2755,902551.0,586806.9499999991,2000,,9,D:\PSPS\runs_C_k9_1od_x1.0\none_seed3\g015_i013
C_k9_1od_x1.0,seed_best_preview.csv,D:\PSPS\runs_C_k9_1od_x1.0\analysis\tables\seed_best_preview.csv,4,both,5,5,449.437,898874.0,580247.7200000004,2000,,9,D:\PSPS\runs_C_k9_1od_x1.0\both_seed4\g005_i005
C_k9_1od_x1.0,seed_best_preview.csv,D:\PSPS\runs_C_k9_1od_x1.0\analysis\tables\seed_best_preview.csv,4,init,14,5,456.0685,912137.0,601961.9700000001,2000,,9,D:\PSPS\runs_C_k9_1od_x1.0\init_seed4\g014_i005
C_k9_1od_x1.0,seed_best_preview.csv,D:\PSPS\runs_C_k9_1od_x1.0\analysis\tables\seed_best_preview.csv,4,mutation,15,3,452.4085,904817.0,587137.6900000004,2000,,9,D:\PSPS\runs_C_k9_1od_x1.0\mutation_seed4\g015_i003
C_k9_1od_x1.0,seed_best_preview.csv,D:\PSPS\runs_C_k9_1od_x1.0\analysis\tables\seed_best_preview.csv,4,none,13,11,452.938,905876.0,591190.6999999995,2000,,9,D:\PSPS\runs_C_k9_1od_x1.0\none_seed4\g013_i011
C_k9_1od_x1.0,seed_best_preview.csv,D:\PSPS\runs_C_k9_1od_x1.0\analysis\tables\seed_best_preview.csv,5,both,13,2,456.2535,912507.0,596109.9499999986,2000,,9,D:\PSPS\runs_C_k9_1od_x1.0\both_seed5\g013_i002
C_k9_1od_x1.0,seed_best_preview.csv,D:\PSPS\runs_C_k9_1od_x1.0\analysis\tables\seed_best_preview.csv,5,init,14,4,452.551,905102.0,591416.7499999999,2000,,9,D:\PSPS\runs_C_k9_1od_x1.0\init_seed5\g014_i004
C_k9_1od_x1.0,seed_best_preview.csv,D:\PSPS\runs_C_k9_1od_x1.0\analysis\tables\seed_best_preview.csv,5,mutation,5,8,454.5155,909031.0,591983.3900000006,2000,,9,D:\PSPS\runs_C_k9_1od_x1.0\mutation_seed5\g005_i008
C_k9_1od_x1.0,seed_best_preview.csv,D:\PSPS\runs_C_k9_1od_x1.0\analysis\tables\seed_best_preview.csv,5,none,12,18,451.6975,903395.0,589775.7899999993,2000,,9,D:\PSPS\runs_C_k9_1od_x1.0\none_seed5\g012_i018
C_k9_1od_x1.0,seed_best_preview.csv,D:\PSPS\runs_C_k9_1od_x1.0\analysis\tables\seed_best_preview.csv,6,both,14,21,451.9345,903869.0,590174.4799999995,2000,,9,D:\PSPS\runs_C_k9_1od_x1.0\both_seed6\g014_i021
C_k9_1od_x1.0,seed_best_preview.csv,D:\PSPS\runs_C_k9_1od_x1.0\analysis\tables\seed_best_preview.csv,6,init,9,12,456.789,913578.0,596522.8099999997,2000,,9,D:\PSPS\runs_C_k9_1od_x1.0\init_seed6\g009_i012
C_k9_1od_x1.0,seed_best_preview.csv,D:\PSPS\runs_C_k9_1od_x1.0\analysis\tables\seed_best_preview.csv,6,mutation,14,18,454.54,909080.0,591532.8799999997,2000,,9,D:\PSPS\runs_C_k9_1od_x1.0\mutation_seed6\g014_i018
C_k9_1od_x1.0,seed_best_preview.csv,D:\PSPS\runs_C_k9_1od_x1.0\analysis\tables\seed_best_preview.csv,6,none,5,15,456.287,912574.0,596269.8699999999,2000,,9,D:\PSPS\runs_C_k9_1od_x1.0\none_seed6\g005_i015
C_k9_1od_x1.0,seed_best_preview.csv,D:\PSPS\runs_C_k9_1od_x1.0\analysis\tables\seed_best_preview.csv,7,both,4,17,452.263,904526.0,587148.9300000004,2000,,9,D:\PSPS\runs_C_k9_1od_x1.0\both_seed7\g004_i017
C_k9_1od_x1.0,seed_best_preview.csv,D:\PSPS\runs_C_k9_1od_x1.0\analysis\tables\seed_best_preview.csv,7,init,15,20,453.9565,907913.0,589910.6499999984,2000,,9,D:\PSPS\runs_C_k9_1od_x1.0\init_seed7\g015_i020
C_k9_1od_x1.0,seed_best_preview.csv,D:\PSPS\runs_C_k9_1od_x1.0\analysis\tables\seed_best_preview.csv,7,mutation,12,3,455.6725,911345.0,595113.9199999998,2000,,9,D:\PSPS\runs_C_k9_1od_x1.0\mutation_seed7\g012_i003
C_k9_1od_x1.0,seed_best_preview.csv,D:\PSPS\runs_C_k9_1od_x1.0\analysis\tables\seed_best_preview.csv,7,none,15,16,456.287,912574.0,596269.8699999999,2000,,9,D:\PSPS\runs_C_k9_1od_x1.0\none_seed7\g015_i016
C_k9_1od_x1.0,seed_best_preview.csv,D:\PSPS\runs_C_k9_1od_x1.0\analysis\tables\seed_best_preview.csv,8,both,6,7,456.789,913578.0,596522.8099999997,2000,,9,D:\PSPS\runs_C_k9_1od_x1.0\both_seed8\g006_i007
C_k9_1od_x1.0,seed_best_preview.csv,D:\PSPS\runs_C_k9_1od_x1.0\analysis\tables\seed_best_preview.csv,8,init,3,20,456.789,913578.0,596522.8099999997,2000,,9,D:\PSPS\runs_C_k9_1od_x1.0\init_seed8\g003_i020
C_k9_1od_x1.0,seed_best_preview.csv,D:\PSPS\runs_C_k9_1od_x1.0\analysis\tables\seed_best_preview.csv,8,mutation,14,15,449.9565,899913.0,581771.72,2000,,9,D:\PSPS\runs_C_k9_1od_x1.0\mutation_seed8\g014_i015
C_k9_1od_x1.0,seed_best_preview.csv,D:\PSPS\runs_C_k9_1od_x1.0\analysis\tables\seed_best_preview.csv,8,none,15,1,452.551,905102.0,591416.7499999999,2000,,9,D:\PSPS\runs_C_k9_1od_x1.0\none_seed8\g015_i001
C_k9_1od_x1.0,seed_best_preview.csv,D:\PSPS\runs_C_k9_1od_x1.0\analysis\tables\seed_best_preview.csv,9,both,13,19,452.551,905102.0,591416.7499999999,2000,,9,D:\PSPS\runs_C_k9_1od_x1.0\both_seed9\g013_i019
C_k9_1od_x1.0,seed_best_preview.csv,D:\PSPS\runs_C_k9_1od_x1.0\analysis\tables\seed_best_preview.csv,9,init,14,18,452.4085,904817.0,587137.6900000004,2000,,9,D:\PSPS\runs_C_k9_1od_x1.0\init_seed9\g014_i018
C_k9_1od_x1.0,seed_best_preview.csv,D:\PSPS\runs_C_k9_1od_x1.0\analysis\tables\seed_best_preview.csv,9,mutation,4,10,455.2375,910475.0,593520.2600000013,2000,,9,D:\PSPS\runs_C_k9_1od_x1.0\mutation_seed9\g004_i010
C_k9_1od_x1.0,seed_best_preview.csv,D:\PSPS\runs_C_k9_1od_x1.0\analysis\tables\seed_best_preview.csv,9,none,7,21,457.248,914496.0,597563.89,2000,,9,D:\PSPS\runs_C_k9_1od_x1.0\none_seed9\g007_i021
C_k9_1od_x1.2,seed_best_preview.csv,D:\PSPS\runs_C_k9_1od_x1.2\analysis\tables\seed_best_preview.csv,0,both,14,12,448.0275,1075266.0,698764.9700000011,2400,,9,D:\PSPS\runs_C_k9_1od_x1.2\both_seed0\g014_i012
C_k9_1od_x1.2,seed_best_preview.csv,D:\PSPS\runs_C_k9_1od_x1.2\analysis\tables\seed_best_preview.csv,0,init,7,6,443.38666666666666,1064128.0,684432.1999999993,2400,,9,D:\PSPS\runs_C_k9_1od_x1.2\init_seed0\g007_i006
C_k9_1od_x1.2,seed_best_preview.csv,D:\PSPS\runs_C_k9_1od_x1.2\analysis\tables\seed_best_preview.csv,0,mutation,2,8,443.38666666666666,1064128.0,684432.1999999993,2400,,9,D:\PSPS\runs_C_k9_1od_x1.2\mutation_seed0\g002_i008
C_k9_1od_x1.2,seed_best_preview.csv,D:\PSPS\runs_C_k9_1od_x1.2\analysis\tables\seed_best_preview.csv,0,none,11,9,455.0133333333333,1092032.0,714949.6299999987,2400,,9,D:\PSPS\runs_C_k9_1od_x1.2\none_seed0\g011_i009
C_k9_1od_x1.2,seed_best_preview.csv,D:\PSPS\runs_C_k9_1od_x1.2\analysis\tables\seed_best_preview.csv,1,both,2,4,454.6075,1091058.0,710331.4999999991,2400,,9,D:\PSPS\runs_C_k9_1od_x1.2\both_seed1\g002_i004
C_k9_1od_x1.2,seed_best_preview.csv,D:\PSPS\runs_C_k9_1od_x1.2\analysis\tables\seed_best_preview.csv,1,init,13,18,458.9116666666667,1101388.0,721764.5599999997,2400,,9,D:\PSPS\runs_C_k9_1od_x1.2\init_seed1\g013_i018
C_k9_1od_x1.2,seed_best_preview.csv,D:\PSPS\runs_C_k9_1od_x1.2\analysis\tables\seed_best_preview.csv,1,mutation,5,21,448.0275,1075266.0,698764.9700000011,2400,,9,D:\PSPS\runs_C_k9_1od_x1.2\mutation_seed1\g005_i021
C_k9_1od_x1.2,seed_best_preview.csv,D:\PSPS\runs_C_k9_1od_x1.2\analysis\tables\seed_best_preview.csv,1,none,11,1,447.79541666666665,1074709.0,700142.2800000004,2400,,9,D:\PSPS\runs_C_k9_1od_x1.2\none_seed1\g011_i001
C_k9_1od_x1.2,seed_best_preview.csv,D:\PSPS\runs_C_k9_1od_x1.2\analysis\tables\seed_best_preview.csv,2,both,12,10,451.92541666666665,1084621.0,707138.1900000002,2400,,9,D:\PSPS\runs_C_k9_1od_x1.2\both_seed2\g012_i010
C_k9_1od_x1.2,seed_best_preview.csv,D:\PSPS\runs_C_k9_1od_x1.2\analysis\tables\seed_best_preview.csv,2,init,11,10,460.10791666666665,1104259.0,725725.1799999991,2400,,9,D:\PSPS\runs_C_k9_1od_x1.2\init_seed2\g011_i010
C_k9_1od_x1.2,seed_best_preview.csv,D:\PSPS\runs_C_k9_1od_x1.2\analysis\tables\seed_best_preview.csv,2,mutation,7,12,445.37625,1068903.0,691479.3999999992,2400,,9,D:\PSPS\runs_C_k9_1od_x1.2\mutation_seed2\g007_i012
C_k9_1od_x1.2,seed_best_preview.csv,D:\PSPS\runs_C_k9_1od_x1.2\analysis\tables\seed_best_preview.csv,2,none,4,13,453.0708333333333,1087370.0,712904.7399999992,2400,,9,D:\PSPS\runs_C_k9_1od_x1.2\none_seed2\g004_i013
C_k9_1od_x1.2,seed_best_preview.csv,D:\PSPS\runs_C_k9_1od_x1.2\analysis\tables\seed_best_preview.csv,3,both,13,9,449.75708333333336,1079417.0,698704.5099999993,2400,,9,D:\PSPS\runs_C_k9_1od_x1.2\both_seed3\g013_i009
C_k9_1od_x1.2,seed_best_preview.csv,D:\PSPS\runs_C_k9_1od_x1.2\analysis\tables\seed_best_preview.csv,3,init,11,17,459.0604166666666,1101745.0,718945.9900000008,2400,,9,D:\PSPS\runs_C_k9_1od_x1.2\init_seed3\g011_i017
C_k9_1od_x1.2,seed_best_preview.csv,D:\PSPS\runs_C_k9_1od_x1.2\analysis\tables\seed_best_preview.csv,3,mutation,15,10,449.75708333333336,1079417.0,698704.5099999993,2400,,9,D:\PSPS\runs_C_k9_1od_x1.2\mutation_seed3\g015_i010
C_k9_1od_x1.2,seed_best_preview.csv,D:\PSPS\runs_C_k9_1od_x1.2\analysis\tables\seed_best_preview.csv,3,none,7,22,456.94625,1096671.0,716995.9899999998,2400,,9,D:\PSPS\runs_C_k9_1od_x1.2\none_seed3\g007_i022
C_k9_1od_x1.2,seed_best_preview.csv,D:\PSPS\runs_C_k9_1od_x1.2\analysis\tables\seed_best_preview.csv,4,both,8,21,451.92541666666665,1084621.0,707138.1900000002,2400,,9,D:\PSPS\runs_C_k9_1od_x1.2\both_seed4\g008_i021
C_k9_1od_x1.2,seed_best_preview.csv,D:\PSPS\runs_C_k9_1od_x1.2\analysis\tables\seed_best_preview.csv,4,init,5,4,449.66625,1079199.0,706354.4999999994,2400,,9,D:\PSPS\runs_C_k9_1od_x1.2\init_seed4\g005_i004
C_k9_1od_x1.2,seed_best_preview.csv,D:\PSPS\runs_C_k9_1od_x1.2\analysis\tables\seed_best_preview.csv,4,mutation,6,1,449.3691666666667,1078486.0,702930.570000001,2400,,9,D:\PSPS\runs_C_k9_1od_x1.2\mutation_seed4\g006_i001
C_k9_1od_x1.2,seed_best_preview.csv,D:\PSPS\runs_C_k9_1od_x1.2\analysis\tables\seed_best_preview.csv,4,none,9,12,454.8858333333333,1091726.0,712247.229999999,2400,,9,D:\PSPS\runs_C_k9_1od_x1.2\none_seed4\g009_i012
C_k9_1od_x1.2,seed_best_preview.csv,D:\PSPS\runs_C_k9_1od_x1.2\analysis\tables\seed_best_preview.csv,5,both,2,23,446.3208333333333,1071170.0,691847.1100000005,2400,,9,D:\PSPS\runs_C_k9_1od_x1.2\both_seed5\g002_i023
C_k9_1od_x1.2,seed_best_preview.csv,D:\PSPS\runs_C_k9_1od_x1.2\analysis\tables\seed_best_preview.csv,5,init,9,8,459.72083333333336,1103330.0,722437.7300000002,2400,,9,D:\PSPS\runs_C_k9_1od_x1.2\init_seed5\g009_i008
C_k9_1od_x1.2,seed_best_preview.csv,D:\PSPS\runs_C_k9_1od_x1.2\analysis\tables\seed_best_preview.csv,5,mutation,14,8,443.455,1064292.0,685127.1100000006,2400,,9,D:\PSPS\runs_C_k9_1od_x1.2\mutation_seed5\g014_i008
C_k9_1od_x1.2,seed_best_preview.csv,D:\PSPS\runs_C_k9_1od_x1.2\analysis\tables\seed_best_preview.csv,5,none,9,6,463.6833333333333,1112840.0,729101.9299999995,2400,,9,D:\PSPS\runs_C_k9_1od_x1.2\none_seed5\g009_i006
C_k9_1od_x1.2,seed_best_preview.csv,D:\PSPS\runs_C_k9_1od_x1.2\analysis\tables\seed_best_preview.csv,6,both,11,9,446.3208333333333,1071170.0,691847.1100000005,2400,,9,D:\PSPS\runs_C_k9_1od_x1.2\both_seed6\g011_i009
C_k9_1od_x1.2,seed_best_preview.csv,D:\PSPS\runs_C_k9_1od_x1.2\analysis\tables\seed_best_preview.csv,6,init,3,16,452.5733333333333,1086176.0,705233.809999999,2400,,9,D:\PSPS\runs_C_k9_1od_x1.2\init_seed6\g003_i016
C_k9_1od_x1.2,seed_best_preview.csv,D:\PSPS\runs_C_k9_1od_x1.2\analysis\tables\seed_best_preview.csv,6,mutation,7,7,447.79541666666665,1074709.0,700142.2800000004,2400,,9,D:\PSPS\runs_C_k9_1od_x1.2\mutation_seed6\g007_i007
C_k9_1od_x1.2,seed_best_preview.csv,D:\PSPS\runs_C_k9_1od_x1.2\analysis\tables\seed_best_preview.csv,6,none,8,12,459.0604166666666,1101745.0,718945.9900000008,2400,,9,D:\PSPS\runs_C_k9_1od_x1.2\none_seed6\g008_i012
C_k9_1od_x1.2,seed_best_preview.csv,D:\PSPS\runs_C_k9_1od_x1.2\analysis\tables\seed_best_preview.csv,7,both,5,1,451.5220833333333,1083653.0,704259.5000000006,2400,,9,D:\PSPS\runs_C_k9_1od_x1.2\both_seed7\g005_i001
C_k9_1od_x1.2,seed_best_preview.csv,D:\PSPS\runs_C_k9_1od_x1.2\analysis\tables\seed_best_preview.csv,7,init,2,10,451.92541666666665,1084621.0,707138.1900000002,2400,,9,D:\PSPS\runs_C_k9_1od_x1.2\init_seed7\g002_i010
C_k9_1od_x1.2,seed_best_preview.csv,D:\PSPS\runs_C_k9_1od_x1.2\analysis\tables\seed_best_preview.csv,7,mutation,9,6,455.0266666666666,1092064.0,708692.6900000004,2400,,9,D:\PSPS\runs_C_k9_1od_x1.2\mutation_seed7\g009_i006
C_k9_1od_x1.2,seed_best_preview.csv,D:\PSPS\runs_C_k9_1od_x1.2\analysis\tables\seed_best_preview.csv,7,none,6,13,459.0604166666666,1101745.0,718945.9900000008,2400,,9,D:\PSPS\runs_C_k9_1od_x1.2\none_seed7\g006_i013
C_k9_1od_x1.2,seed_best_preview.csv,D:\PSPS\runs_C_k9_1od_x1.2\analysis\tables\seed_best_preview.csv,8,both,10,6,443.38666666666666,1064128.0,684432.1999999993,2400,,9,D:\PSPS\runs_C_k9_1od_x1.2\both_seed8\g010_i006
C_k9_1od_x1.2,seed_best_preview.csv,D:\PSPS\runs_C_k9_1od_x1.2\analysis\tables\seed_best_preview.csv,8,init,7,11,454.8858333333333,1091726.0,712247.229999999,2400,,9,D:\PSPS\runs_C_k9_1od_x1.2\init_seed8\g007_i011
C_k9_1od_x1.2,seed_best_preview.csv,D:\PSPS\runs_C_k9_1od_x1.2\analysis\tables\seed_best_preview.csv,8,mutation,9,17,453.0708333333333,1087370.0,712904.7399999992,2400,,9,D:\PSPS\runs_C_k9_1od_x1.2\mutation_seed8\g009_i017
C_k9_1od_x1.2,seed_best_preview.csv,D:\PSPS\runs_C_k9_1od_x1.2\analysis\tables\seed_best_preview.csv,8,none,15,18,458.9325,1101438.0,722612.8500000001,2400,,9,D:\PSPS\runs_C_k9_1od_x1.2\none_seed8\g015_i018
C_k9_1od_x1.2,seed_best_preview.csv,D:\PSPS\runs_C_k9_1od_x1.2\analysis\tables\seed_best_preview.csv,9,both,8,16,453.0708333333333,1087370.0,712904.7399999992,2400,,9,D:\PSPS\runs_C_k9_1od_x1.2\both_seed9\g008_i016
C_k9_1od_x1.2,seed_best_preview.csv,D:\PSPS\runs_C_k9_1od_x1.2\analysis\tables\seed_best_preview.csv,9,init,7,6,458.9116666666667,1101388.0,721764.5599999997,2400,,9,D:\PSPS\runs_C_k9_1od_x1.2\init_seed9\g007_i006
C_k9_1od_x1.2,seed_best_preview.csv,D:\PSPS\runs_C_k9_1od_x1.2\analysis\tables\seed_best_preview.csv,9,mutation,8,7,446.3208333333333,1071170.0,691847.1100000005,2400,,9,D:\PSPS\runs_C_k9_1od_x1.2\mutation_seed9\g008_i007
C_k9_1od_x1.2,seed_best_preview.csv,D:\PSPS\runs_C_k9_1od_x1.2\analysis\tables\seed_best_preview.csv,9,none,15,4,457.2083333333333,1097300.0,718450.3799999999,2400,,9,D:\PSPS\runs_C_k9_1od_x1.2\none_seed9\g015_i004
C_k9_2od_x0.8,seed_best_preview.csv,D:\PSPS\runs_C_k9_2od_x0.8\analysis\tables\seed_best_preview.csv,0,both,5,6,795.728125,1273165.0,986617.5599999992,1600,,9,D:\PSPS\runs_C_k9_2od_x0.8\both_seed0\g005_i006
C_k9_2od_x0.8,seed_best_preview.csv,D:\PSPS\runs_C_k9_2od_x0.8\analysis\tables\seed_best_preview.csv,0,init,5,5,790.085,1264136.0,978503.9200000004,1600,,9,D:\PSPS\runs_C_k9_2od_x0.8\init_seed0\g005_i005
C_k9_2od_x0.8,seed_best_preview.csv,D:\PSPS\runs_C_k9_2od_x0.8\analysis\tables\seed_best_preview.csv,0,mutation,15,3,799.31,1278896.0,992844.9799999988,1600,,9,D:\PSPS\runs_C_k9_2od_x0.8\mutation_seed0\g015_i003
C_k9_2od_x0.8,seed_best_preview.csv,D:\PSPS\runs_C_k9_2od_x0.8\analysis\tables\seed_best_preview.csv,0,none,5,17,798.265625,1277225.0,982689.3300000008,1600,,9,D:\PSPS\runs_C_k9_2od_x0.8\none_seed0\g005_i017
C_k9_2od_x0.8,seed_best_preview.csv,D:\PSPS\runs_C_k9_2od_x0.8\analysis\tables\seed_best_preview.csv,1,both,4,21,801.20625,1281930.0,996408.7099999991,1600,,9,D:\PSPS\runs_C_k9_2od_x0.8\both_seed1\g004_i021
C_k9_2od_x0.8,seed_best_preview.csv,D:\PSPS\runs_C_k9_2od_x0.8\analysis\tables\seed_best_preview.csv,1,init,9,9,799.808125,1279693.0,989340.3400000004,1600,,9,D:\PSPS\runs_C_k9_2od_x0.8\init_seed1\g009_i009
C_k9_2od_x0.8,seed_best_preview.csv,D:\PSPS\runs_C_k9_2od_x0.8\analysis\tables\seed_best_preview.csv,1,mutation,11,8,799.73625,1279578.0,991544.8300000004,1600,,9,D:\PSPS\runs_C_k9_2od_x0.8\mutation_seed1\g011_i008
C_k9_2od_x0.8,seed_best_preview.csv,D:\PSPS\runs_C_k9_2od_x0.8\analysis\tables\seed_best_preview.csv,1,none,5,4,795.89625,1273434.0,987945.4499999994,1600,,9,D:\PSPS\runs_C_k9_2od_x0.8\none_seed1\g005_i004
C_k9_2od_x0.8,seed_best_preview.csv,D:\PSPS\runs_C_k9_2od_x0.8\analysis\tables\seed_best_preview.csv,2,both,14,22,798.31,1277296.0,991399.0799999996,1600,,9,D:\PSPS\runs_C_k9_2od_x0.8\both_seed2\g014_i022
C_k9_2od_x0.8,seed_best_preview.csv,D:\PSPS\runs_C_k9_2od_x0.8\analysis\tables\seed_best_preview.csv,2,init,14,12,798.73875,1277982.0,985274.959999999,1600,,9,D:\PSPS\runs_C_k9_2od_x0.8\init_seed2\g014_i012
C_k9_2od_x0.8,seed_best_preview.csv,D:\PSPS\runs_C_k9_2od_x0.8\analysis\tables\seed_best_preview.csv,2,mutation,3,15,804.549375,1287279.0,998450.84,1600,,9,D:\PSPS\runs_C_k9_2od_x0.8\mutation_seed2\g003_i015
C_k9_2od_x0.8,seed_best_preview.csv,D:\PSPS\runs_C_k9_2od_x0.8\analysis\tables\seed_best_preview.csv,2,none,11,11,795.2575,1272412.0,987049.9000000006,1600,,9,D:\PSPS\runs_C_k9_2od_x0.8\none_seed2\g011_i011
C_k9_2od_x0.8,seed_best_preview.csv,D:\PSPS\runs_C_k9_2od_x0.8\analysis\tables\seed_best_preview.csv,3,both,5,5,798.275,1277240.0,990571.7600000008,1600,,9,D:\PSPS\runs_C_k9_2od_x0.8\both_seed3\g005_i005
C_k9_2od_x0.8,seed_best_preview.csv,D:\PSPS\runs_C_k9_2od_x0.8\analysis\tables\seed_best_preview.csv,3,init,13,18,801.0875,1281740.0,995213.9500000008,1600,,9,D:\PSPS\runs_C_k9_2od_x0.8\init_seed3\g013_i018
C_k9_2od_x0.8,seed_best_preview.csv,D:\PSPS\runs_C_k9_2od_x0.8\analysis\tables\seed_best_preview.csv,3,mutation,9,8,789.839375,1263743.0,979546.8399999988,1600,,9,D:\PSPS\runs_C_k9_2od_x0.8\mutation_seed3\g009_i008
C_k9_2od_x0.8,seed_best_preview.csv,D:\PSPS\runs_C_k9_2od_x0.8\analysis\tables\seed_best_preview.csv,3,none,2,14,799.730625,1279569.0,993715.0399999988,1600,,9,D:\PSPS\runs_C_k9_2od_x0.8\none_seed3\g002_i014
C_k9_2od_x0.8,seed_best_preview.csv,D:\PSPS\runs_C_k9_2od_x0.8\analysis\tables\seed_best_preview.csv,4,both,10,19,799.74,1279584.0,988368.5900000008,1600,,9,D:\PSPS\runs_C_k9_2od_x0.8\both_seed4\g010_i019
C_k9_2od_x0.8,seed_best_preview.csv,D:\PSPS\runs_C_k9_2od_x0.8\analysis\tables\seed_best_preview.csv,4,init,10,8,790.879375,1265407.0,979504.1400000002,1600,,9,D:\PSPS\runs_C_k9_2od_x0.8\init_seed4\g010_i008
C_k9_2od_x0.8,seed_best_preview.csv,D:\PSPS\runs_C_k9_2od_x0.8\analysis\tables\seed_best_preview.csv,4,mutation,1,7,798.90375,1278246.0,990010.1299999974,1600,,6,D:\PSPS\runs_C_k9_2od_x0.8\mutation_seed4\g001_i007
C_k9_2od_x0.8,seed_best_preview.csv,D:\PSPS\runs_C_k9_2od_x0.8\analysis\tables\seed_best_preview.csv,4,none,1,7,798.90375,1278246.0,990010.1299999974,1600,,6,D:\PSPS\runs_C_k9_2od_x0.8\none_seed4\g001_i007
C_k9_2od_x0.8,seed_best_preview.csv,D:\PSPS\runs_C_k9_2od_x0.8\analysis\tables\seed_best_preview.csv,5,both,3,20,796.33625,1274138.0,988742.69,1600,,9,D:\PSPS\runs_C_k9_2od_x0.8\both_seed5\g003_i020
C_k9_2od_x0.8,seed_best_preview.csv,D:\PSPS\runs_C_k9_2od_x0.8\analysis\tables\seed_best_preview.csv,5,init,2,11,793.750625,1270001.0,983461.1900000012,1600,,9,D:\PSPS\runs_C_k9_2od_x0.8\init_seed5\g002_i011
C_k9_2od_x0.8,seed_best_preview.csv,D:\PSPS\runs_C_k9_2od_x0.8\analysis\tables\seed_best_preview.csv,5,mutation,7,8,795.300625,1272481.0,984188.3299999991,1600,,9,D:\PSPS\runs_C_k9_2od_x0.8\mutation_seed5\g007_i008
C_k9_2od_x0.8,seed_best_preview.csv,D:\PSPS\runs_C_k9_2od_x0.8\analysis\tables\seed_best_preview.csv,5,none,13,18,791.5825,1266532.0,981136.2199999996,1600,,9,D:\PSPS\runs_C_k9_2od_x0.8\none_seed5\g013_i018
C_k9_2od_x0.8,seed_best_preview.csv,D:\PSPS\runs_C_k9_2od_x0.8\analysis\tables\seed_best_preview.csv,6,both,8,10,794.6,1271360.0,982368.4900000008,1600,,9,D:\PSPS\runs_C_k9_2od_x0.8\both_seed6\g008_i010
C_k9_2od_x0.8,seed_best_preview.csv,D:\PSPS\runs_C_k9_2od_x0.8\analysis\tables\seed_best_preview.csv,6,init,2,5,802.82625,1284522.0,996744.6600000006,1600,,9,D:\PSPS\runs_C_k9_2od_x0.8\init_seed6\g002_i005
C_k9_2od_x0.8,seed_best_preview.csv,D:\PSPS\runs_C_k9_2od_x0.8\analysis\tables\seed_best_preview.csv,6,mutation,14,7,797.28,1275648.0,988341.7400000008,1600,,9,D:\PSPS\runs_C_k9_2od_x0.8\mutation_seed6\g014_i007
C_k9_2od_x0.8,seed_best_preview.csv,D:\PSPS\runs_C_k9_2od_x0.8\analysis\tables\seed_best_preview.csv,6,none,11,10,796.338125,1274141.0,990612.4899999992,1600,,9,D:\PSPS\runs_C_k9_2od_x0.8\none_seed6\g011_i010
C_k9_2od_x0.8,seed_best_preview.csv,D:\PSPS\runs_C_k9_2od_x0.8\analysis\tables\seed_best_preview.csv,7,both,9,15,800.303125,1280485.0,994825.5800000004,1600,,9,D:\PSPS\runs_C_k9_2od_x0.8\both_seed7\g009_i015
C_k9_2od_x0.8,seed_best_preview.csv,D:\PSPS\runs_C_k9_2od_x0.8\analysis\tables\seed_best_preview.csv,7,init,8,4,804.15625,1286650.0,1001622.479999998,1600,,9,D:\PSPS\runs_C_k9_2od_x0.8\init_seed7\g008_i004
C_k9_2od_x0.8,seed_best_preview.csv,D:\PSPS\runs_C_k9_2od_x0.8\analysis\tables\seed_best_preview.csv,7,mutation,9,21,799.916875,1279867.0,994658.4300000004,1600,,9,D:\PSPS\runs_C_k9_2od_x0.8\mutation_seed7\g009_i021
C_k9_2od_x0.8,seed_best_preview.csv,D:\PSPS\runs_C_k9_2od_x0.8\analysis\tables\seed_best_preview.csv,7,none,3,15,802.633125,1284213.0,990254.4800000006,1600,,9,D:\PSPS\runs_C_k9_2od_x0.8\none_seed7\g003_i015
C_k9_2od_x0.8,seed_best_preview.csv,D:\PSPS\runs_C_k9_2od_x0.8\analysis\tables\seed_best_preview.csv,8,both,8,23,796.63,1274608.0,985504.45,1600,,9,D:\PSPS\runs_C_k9_2od_x0.8\both_seed8\g008_i023
C_k9_2od_x0.8,seed_best_preview.csv,D:\PSPS\runs_C_k9_2od_x0.8\analysis\tables\seed_best_preview.csv,8,init,14,10,796.711875,1274739.0,987862.1999999996,1600,,9,D:\PSPS\runs_C_k9_2od_x0.8\init_seed8\g014_i010
C_k9_2od_x0.8,seed_best_preview.csv,D:\PSPS\runs_C_k9_2od_x0.8\analysis\tables\seed_best_preview.csv,8,mutation,5,12,797.255,1275608.0,990062.1799999996,1600,,9,D:\PSPS\runs_C_k9_2od_x0.8\mutation_seed8\g005_i012
C_k9_2od_x0.8,seed_best_preview.csv,D:\PSPS\runs_C_k9_2od_x0.8\analysis\tables\seed_best_preview.csv,8,none,9,8,793.24125,1269186.0,983764.31,1600,,9,D:\PSPS\runs_C_k9_2od_x0.8\none_seed8\g009_i008
C_k9_2od_x0.8,seed_best_preview.csv,D:\PSPS\runs_C_k9_2od_x0.8\analysis\tables\seed_best_preview.csv,9,both,13,16,797.97875,1276766.0,993180.4199999976,1600,,9,D:\PSPS\runs_C_k9_2od_x0.8\both_seed9\g013_i016
C_k9_2od_x0.8,seed_best_preview.csv,D:\PSPS\runs_C_k9_2od_x0.8\analysis\tables\seed_best_preview.csv,9,init,9,8,795.0025,1272004.0,978470.820000001,1600,,9,D:\PSPS\runs_C_k9_2od_x0.8\init_seed9\g009_i008
C_k9_2od_x0.8,seed_best_preview.csv,D:\PSPS\runs_C_k9_2od_x0.8\analysis\tables\seed_best_preview.csv,9,mutation,6,4,797.9175,1276668.0,991119.5500000006,1600,,9,D:\PSPS\runs_C_k9_2od_x0.8\mutation_seed9\g006_i004
C_k9_2od_x0.8,seed_best_preview.csv,D:\PSPS\runs_C_k9_2od_x0.8\analysis\tables\seed_best_preview.csv,9,none,11,13,789.839375,1263743.0,979546.8399999988,1600,,9,D:\PSPS\runs_C_k9_2od_x0.8\none_seed9\g011_i013
C_k9_2od_x1.0,seed_best_preview.csv,D:\PSPS\runs_C_k9_2od_x1.0\analysis\tables\seed_best_preview.csv,0,both,2,3,810.893,1621786.0,1258511.8700000013,2000,,9,D:\PSPS\runs_C_k9_2od_x1.0\both_seed0\g002_i003
C_k9_2od_x1.0,seed_best_preview.csv,D:\PSPS\runs_C_k9_2od_x1.0\analysis\tables\seed_best_preview.csv,0,init,4,9,804.854,1609708.0,1250214.3300000008,2000,,9,D:\PSPS\runs_C_k9_2od_x1.0\init_seed0\g004_i009
C_k9_2od_x1.0,seed_best_preview.csv,D:\PSPS\runs_C_k9_2od_x1.0\analysis\tables\seed_best_preview.csv,0,mutation,8,8,809.445,1618890.0,1260986.3099999966,2000,,9,D:\PSPS\runs_C_k9_2od_x1.0\mutation_seed0\g008_i008
C_k9_2od_x1.0,seed_best_preview.csv,D:\PSPS\runs_C_k9_2od_x1.0\analysis\tables\seed_best_preview.csv,0,none,7,8,812.559,1625118.0,1268156.8800000008,2000,,9,D:\PSPS\runs_C_k9_2od_x1.0\none_seed0\g007_i008
C_k9_2od_x1.0,seed_best_preview.csv,D:\PSPS\runs_C_k9_2od_x1.0\analysis\tables\seed_best_preview.csv,1,both,8,12,809.177,1618354.0,1257905.069999999,2000,,9,D:\PSPS\runs_C_k9_2od_x1.0\both_seed1\g008_i012
C_k9_2od_x1.0,seed_best_preview.csv,D:\PSPS\runs_C_k9_2od_x1.0\analysis\tables\seed_best_preview.csv,1,init,4,21,805.501,1611002.0,1253797.7700000005,2000,,9,D:\PSPS\runs_C_k9_2od_x1.0\init_seed1\g004_i021
C_k9_2od_x1.0,seed_best_preview.csv,D:\PSPS\runs_C_k9_2od_x1.0\analysis\tables\seed_best_preview.csv,1,mutation,5,13,809.5645,1619129.0,1258183.6200000013,2000,,9,D:\PSPS\runs_C_k9_2od_x1.0\mutation_seed1\g005_i013
C_k9_2od_x1.0,seed_best_preview.csv,D:\PSPS\runs_C_k9_2od_x1.0\analysis\tables\seed_best_preview.csv,1,none,12,19,813.548,1627096.0,1264146.94,2000,,9,D:\PSPS\runs_C_k9_2od_x1.0\none_seed1\g012_i019
C_k9_2od_x1.0,seed_best_preview.csv,D:\PSPS\runs_C_k9_2od_x1.0\analysis\tables\seed_best_preview.csv,2,both,7,2,807.457,1614914.0,1255303.8899999985,2000,,9,D:\PSPS\runs_C_k9_2od_x1.0\both_seed2\g007_i002
C_k9_2od_x1.0,seed_best_preview.csv,D:\PSPS\runs_C_k9_2od_x1.0\analysis\tables\seed_best_preview.csv,2,init,6,18,807.872,1615744.0,1258001.8100000017,2000,,9,D:\PSPS\runs_C_k9_2od_x1.0\init_seed2\g006_i018
C_k9_2od_x1.0,seed_best_preview.csv,D:\PSPS\runs_C_k9_2od_x1.0\analysis\tables\seed_best_preview.csv,2,mutation,6,20,802.3355,1604671.0,1244857.5599999956,2000,,9,D:\PSPS\runs_C_k9_2od_x1.0\mutation_seed2\g006_i020
C_k9_2od_x1.0,seed_best_preview.csv,D:\PSPS\runs_C_k9_2od_x1.0\analysis\tables\seed_best_preview.csv,2,none,10,8,810.502,1621004.0,1259557.2600000007,2000,,9,D:\PSPS\runs_C_k9_2od_x1.0\none_seed2\g010_i008
C_k9_2od_x1.0,seed_best_preview.csv,D:\PSPS\runs_C_k9_2od_x1.0\analysis\tables\seed_best_preview.csv,3,both,9,4,812.007,1624014.0,1264782.170000001,2000,,9,D:\PSPS\runs_C_k9_2od_x1.0\both_seed3\g009_i004
C_k9_2od_x1.0,seed_best_preview.csv,D:\PSPS\runs_C_k9_2od_x1.0\analysis\tables\seed_best_preview.csv,3,init,8,11,805.14,1610280.0,1249452.739999998,2000,,9,D:\PSPS\runs_C_k9_2od_x1.0\init_seed3\g008_i011
C_k9_2od_x1.0,seed_best_preview.csv,D:\PSPS\runs_C_k9_2od_x1.0\analysis\tables\seed_best_preview.csv,3,mutation,1,12,812.06,1624120.0,1266931.0400000005,2000,,2,D:\PSPS\runs_C_k9_2od_x1.0\mutation_seed3\g001_i012
C_k9_2od_x1.0,seed_best_preview.csv,D:\PSPS\runs_C_k9_2od_x1.0\analysis\tables\seed_best_preview.csv,3,none,7,8,808.754,1617508.0,1261479.65,2000,,9,D:\PSPS\runs_C_k9_2od_x1.0\none_seed3\g007_i008
C_k9_2od_x1.0,seed_best_preview.csv,D:\PSPS\runs_C_k9_2od_x1.0\analysis\tables\seed_best_preview.csv,4,both,3,13,813.689,1627378.0,1268234.240000002,2000,,9,D:\PSPS\runs_C_k9_2od_x1.0\both_seed4\g003_i013
C_k9_2od_x1.0,seed_best_preview.csv,D:\PSPS\runs_C_k9_2od_x1.0\analysis\tables\seed_best_preview.csv,4,init,6,10,804.329,1608658.0,1250678.560000002,2000,,9,D:\PSPS\runs_C_k9_2od_x1.0\init_seed4\g006_i010
C_k9_2od_x1.0,seed_best_preview.csv,D:\PSPS\runs_C_k9_2od_x1.0\analysis\tables\seed_best_preview.csv,4,mutation,13,9,808.851,1617702.0,1259640.4600000002,2000,,9,D:\PSPS\runs_C_k9_2od_x1.0\mutation_seed4\g013_i009
C_k9_2od_x1.0,seed_best_preview.csv,D:\PSPS\runs_C_k9_2od_x1.0\analysis\tables\seed_best_preview.csv,4,none,4,19,813.429,1626858.0,1266118.27,2000,,9,D:\PSPS\runs_C_k9_2od_x1.0\none_seed4\g004_i019
C_k9_2od_x1.0,seed_best_preview.csv,D:\PSPS\runs_C_k9_2od_x1.0\analysis\tables\seed_best_preview.csv,5,both,12,17,808.928,1617856.0,1257147.02,2000,,9,D:\PSPS\runs_C_k9_2od_x1.0\both_seed5\g012_i017
C_k9_2od_x1.0,seed_best_preview.csv,D:\PSPS\runs_C_k9_2od_x1.0\analysis\tables\seed_best_preview.csv,5,init,2,5,805.7975,1611595.0,1253668.8799999992,2000,,9,D:\PSPS\runs_C_k9_2od_x1.0\init_seed5\g002_i005
C_k9_2od_x1.0,seed_best_preview.csv,D:\PSPS\runs_C_k9_2od_x1.0\analysis\tables\seed_best_preview.csv,5,mutation,11,18,806.934,1613868.0,1254925.5099999993,2000,,9,D:\PSPS\runs_C_k9_2od_x1.0\mutation_seed5\g011_i018
C_k9_2od_x1.0,seed_best_preview.csv,D:\PSPS\runs_C_k9_2od_x1.0\analysis\tables\seed_best_preview.csv,5,none,11,10,810.7335,1621467.0,1261819.5999999996,2000,,9,D:\PSPS\runs_C_k9_2od_x1.0\none_seed5\g011_i010
C_k9_2od_x1.0,seed_best_preview.csv,D:\PSPS\runs_C_k9_2od_x1.0\analysis\tables\seed_best_preview.csv,6,both,1,20,805.7975,1611595.0,1253668.8799999992,2000,,9,D:\PSPS\runs_C_k9_2od_x1.0\both_seed6\g001_i020
C_k9_2od_x1.0,seed_best_preview.csv,D:\PSPS\runs_C_k9_2od_x1.0\analysis\tables\seed_best_preview.csv,6,init,1,20,805.7975,1611595.0,1253668.8799999992,2000,,9,D:\PSPS\runs_C_k9_2od_x1.0\init_seed6\g001_i020
C_k9_2od_x1.0,seed_best_preview.csv,D:\PSPS\runs_C_k9_2od_x1.0\analysis\tables\seed_best_preview.csv,6,mutation,5,13,807.411,1614822.0,1254745.1900000037,2000,,9,D:\PSPS\runs_C_k9_2od_x1.0\mutation_seed6\g005_i013
C_k9_2od_x1.0,seed_best_preview.csv,D:\PSPS\runs_C_k9_2od_x1.0\analysis\tables\seed_best_preview.csv,6,none,15,22,816.0555,1632111.0,1271930.2900000005,2000,,9,D:\PSPS\runs_C_k9_2od_x1.0\none_seed6\g015_i022
C_k9_2od_x1.0,seed_best_preview.csv,D:\PSPS\runs_C_k9_2od_x1.0\analysis\tables\seed_best_preview.csv,7,both,9,20,813.0475,1626095.0,1267183.6400000004,2000,,9,D:\PSPS\runs_C_k9_2od_x1.0\both_seed7\g009_i020
C_k9_2od_x1.0,seed_best_preview.csv,D:\PSPS\runs_C_k9_2od_x1.0\analysis\tables\seed_best_preview.csv,7,init,4,16,810.1965,1620393.0,1259945.2299999995,2000,,9,D:\PSPS\runs_C_k9_2od_x1.0\init_seed7\g004_i016
C_k9_2od_x1.0,seed_best_preview.csv,D:\PSPS\runs_C_k9_2od_x1.0\analysis\tables\seed_best_preview.csv,7,mutation,8,9,806.8335,1613667.0,1251866.8899999985,2000,,9,D:\PSPS\runs_C_k9_2od_x1.0\mutation_seed7\g008_i009
C_k9_2od_x1.0,seed_best_preview.csv,D:\PSPS\runs_C_k9_2od_x1.0\analysis\tables\seed_best_preview.csv,7,none,8,12,808.3275,1616655.0,1257537.149999998,2000,,9,D:\PSPS\runs_C_k9_2od_x1.0\none_seed7\g008_i012
C_k9_2od_x1.0,seed_best_preview.csv,D:\PSPS\runs_C_k9_2od_x1.0\analysis\tables\seed_best_preview.csv,8,both,11,22,812.06,1624120.0,1266931.0400000005,2000,,9,D:\PSPS\runs_C_k9_2od_x1.0\both_seed8\g011_i022
C_k9_2od_x1.0,seed_best_preview.csv,D:\PSPS\runs_C_k9_2od_x1.0\analysis\tables\seed_best_preview.csv,8,init,5,13,809.445,1618890.0,1260986.3099999966,2000,,9,D:\PSPS\runs_C_k9_2od_x1.0\init_seed8\g005_i013
C_k9_2od_x1.0,seed_best_preview.csv,D:\PSPS\runs_C_k9_2od_x1.0\analysis\tables\seed_best_preview.csv,8,mutation,9,20,812.06,1624120.0,1266931.0400000005,2000,,9,D:\PSPS\runs_C_k9_2od_x1.0\mutation_seed8\g009_i020
C_k9_2od_x1.0,seed_best_preview.csv,D:\PSPS\runs_C_k9_2od_x1.0\analysis\tables\seed_best_preview.csv,8,none,14,8,812.5475,1625095.0,1263483.0200000014,2000,,9,D:\PSPS\runs_C_k9_2od_x1.0\none_seed8\g014_i008
C_k9_2od_x1.0,seed_best_preview.csv,D:\PSPS\runs_C_k9_2od_x1.0\analysis\tables\seed_best_preview.csv,9,both,1,2,812.007,1624014.0,1264782.170000001,2000,,5,D:\PSPS\runs_C_k9_2od_x1.0\both_seed9\g001_i002
C_k9_2od_x1.0,seed_best_preview.csv,D:\PSPS\runs_C_k9_2od_x1.0\analysis\tables\seed_best_preview.csv,9,init,2,10,808.8005,1617601.0,1259778.8999999994,2000,,9,D:\PSPS\runs_C_k9_2od_x1.0\init_seed9\g002_i010
C_k9_2od_x1.0,seed_best_preview.csv,D:\PSPS\runs_C_k9_2od_x1.0\analysis\tables\seed_best_preview.csv,9,mutation,14,12,804.854,1609708.0,1250214.3300000008,2000,,9,D:\PSPS\runs_C_k9_2od_x1.0\mutation_seed9\g014_i012
C_k9_2od_x1.0,seed_best_preview.csv,D:\PSPS\runs_C_k9_2od_x1.0\analysis\tables\seed_best_preview.csv,9,none,10,23,810.896,1621792.0,1259359.84,2000,,9,D:\PSPS\runs_C_k9_2od_x1.0\none_seed9\g010_i023
C_k9_2od_x1.2,seed_best_preview.csv,D:\PSPS\runs_C_k9_2od_x1.2\analysis\tables\seed_best_preview.csv,0,both,9,10,826.2675,1983042.0,1555410.9100000013,2400,,9,D:\PSPS\runs_C_k9_2od_x1.2\both_seed0\g009_i010
C_k9_2od_x1.2,seed_best_preview.csv,D:\PSPS\runs_C_k9_2od_x1.2\analysis\tables\seed_best_preview.csv,0,init,11,4,819.8833333333333,1967720.0,1534620.6899999983,2400,,9,D:\PSPS\runs_C_k9_2od_x1.2\init_seed0\g011_i004
C_k9_2od_x1.2,seed_best_preview.csv,D:\PSPS\runs_C_k9_2od_x1.2\analysis\tables\seed_best_preview.csv,0,mutation,6,12,824.19625,1978071.0,1548307.5800000008,2400,,9,D:\PSPS\runs_C_k9_2od_x1.2\mutation_seed0\g006_i012
C_k9_2od_x1.2,seed_best_preview.csv,D:\PSPS\runs_C_k9_2od_x1.2\analysis\tables\seed_best_preview.csv,0,none,6,18,827.9420833333334,1987061.0,1559160.7499999995,2400,,9,D:\PSPS\runs_C_k9_2od_x1.2\none_seed0\g006_i018
C_k9_2od_x1.2,seed_best_preview.csv,D:\PSPS\runs_C_k9_2od_x1.2\analysis\tables\seed_best_preview.csv,1,both,11,1,822.5620833333334,1974149.0,1539397.4599999993,2400,,9,D:\PSPS\runs_C_k9_2od_x1.2\both_seed1\g011_i001
C_k9_2od_x1.2,seed_best_preview.csv,D:\PSPS\runs_C_k9_2od_x1.2\analysis\tables\seed_best_preview.csv,1,init,6,14,821.9820833333333,1972757.0,1538865.5499999984,2400,,9,D:\PSPS\runs_C_k9_2od_x1.2\init_seed1\g006_i014
C_k9_2od_x1.2,seed_best_preview.csv,D:\PSPS\runs_C_k9_2od_x1.2\analysis\tables\seed_best_preview.csv,1,mutation,2,20,819.3729166666667,1966495.0,1538231.0799999996,2400,,9,D:\PSPS\runs_C_k9_2od_x1.2\mutation_seed1\g002_i020
C_k9_2od_x1.2,seed_best_preview.csv,D:\PSPS\runs_C_k9_2od_x1.2\analysis\tables\seed_best_preview.csv,1,none,1,2,821.8216666666667,1972372.0,1542081.3500000015,2400,,5,D:\PSPS\runs_C_k9_2od_x1.2\none_seed1\g001_i002
C_k9_2od_x1.2,seed_best_preview.csv,D:\PSPS\runs_C_k9_2od_x1.2\analysis\tables\seed_best_preview.csv,2,both,14,1,823.64875,1976757.0,1542031.8500000008,2400,,9,D:\PSPS\runs_C_k9_2od_x1.2\both_seed2\g014_i001
C_k9_2od_x1.2,seed_best_preview.csv,D:\PSPS\runs_C_k9_2od_x1.2\analysis\tables\seed_best_preview.csv,2,init,6,15,820.0791666666667,1968190.0,1540058.4400000025,2400,,9,D:\PSPS\runs_C_k9_2od_x1.2\init_seed2\g006_i015
C_k9_2od_x1.2,seed_best_preview.csv,D:\PSPS\runs_C_k9_2od_x1.2\analysis\tables\seed_best_preview.csv,2,mutation,7,15,823.4104166666667,1976185.0,1538054.3300000008,2400,,9,D:\PSPS\runs_C_k9_2od_x1.2\mutation_seed2\g007_i015
C_k9_2od_x1.2,seed_best_preview.csv,D:\PSPS\runs_C_k9_2od_x1.2\analysis\tables\seed_best_preview.csv,2,none,6,15,820.3283333333334,1968788.0,1539805.6899999997,2400,,9,D:\PSPS\runs_C_k9_2od_x1.2\none_seed2\g006_i015
C_k9_2od_x1.2,seed_best_preview.csv,D:\PSPS\runs_C_k9_2od_x1.2\analysis\tables\seed_best_preview.csv,3,both,11,19,825.2975,1980714.0,1548385.950000001,2400,,9,D:\PSPS\runs_C_k9_2od_x1.2\both_seed3\g011_i019
C_k9_2od_x1.2,seed_best_preview.csv,D:\PSPS\runs_C_k9_2od_x1.2\analysis\tables\seed_best_preview.csv,3,init,8,13,823.9470833333334,1977473.0,1547153.009999998,2400,,9,D:\PSPS\runs_C_k9_2od_x1.2\init_seed3\g008_i013
C_k9_2od_x1.2,seed_best_preview.csv,D:\PSPS\runs_C_k9_2od_x1.2\analysis\tables\seed_best_preview.csv,3,mutation,9,21,816.76125,1960227.0,1528065.4100000013,2400,,9,D:\PSPS\runs_C_k9_2od_x1.2\mutation_seed3\g009_i021
C_k9_2od_x1.2,seed_best_preview.csv,D:\PSPS\runs_C_k9_2od_x1.2\analysis\tables\seed_best_preview.csv,3,none,15,14,825.8875,1982130.0,1546684.870000003,2400,,9,D:\PSPS\runs_C_k9_2od_x1.2\none_seed3\g015_i014
C_k9_2od_x1.2,seed_best_preview.csv,D:\PSPS\runs_C_k9_2od_x1.2\analysis\tables\seed_best_preview.csv,4,both,5,11,819.8370833333333,1967609.0,1539654.2700000007,2400,,9,D:\PSPS\runs_C_k9_2od_x1.2\both_seed4\g005_i011
C_k9_2od_x1.2,seed_best_preview.csv,D:\PSPS\runs_C_k9_2od_x1.2\analysis\tables\seed_best_preview.csv,4,init,9,16,819.225,1966140.0,1535554.0599999994,2400,,9,D:\PSPS\runs_C_k9_2od_x1.2\init_seed4\g009_i016
C_k9_2od_x1.2,seed_best_preview.csv,D:\PSPS\runs_C_k9_2od_x1.2\analysis\tables\seed_best_preview.csv,4,mutation,2,10,826.1625,1982790.0,1554836.5800000003,2400,,9,D:\PSPS\runs_C_k9_2od_x1.2\mutation_seed4\g002_i010
C_k9_2od_x1.2,seed_best_preview.csv,D:\PSPS\runs_C_k9_2od_x1.2\analysis\tables\seed_best_preview.csv,4,none,12,15,824.645,1979148.0,1545631.7599999958,2400,,9,D:\PSPS\runs_C_k9_2od_x1.2\none_seed4\g012_i015
C_k9_2od_x1.2,seed_best_preview.csv,D:\PSPS\runs_C_k9_2od_x1.2\analysis\tables\seed_best_preview.csv,5,both,11,1,827.2104166666667,1985305.0,1554923.2199999986,2400,,9,D:\PSPS\runs_C_k9_2od_x1.2\both_seed5\g011_i001
C_k9_2od_x1.2,seed_best_preview.csv,D:\PSPS\runs_C_k9_2od_x1.2\analysis\tables\seed_best_preview.csv,5,init,8,18,820.4041666666667,1968970.0,1542123.7100000023,2400,,9,D:\PSPS\runs_C_k9_2od_x1.2\init_seed5\g008_i018
C_k9_2od_x1.2,seed_best_preview.csv,D:\PSPS\runs_C_k9_2od_x1.2\analysis\tables\seed_best_preview.csv,5,mutation,14,3,823.2408333333333,1975778.0,1541892.009999998,2400,,9,D:\PSPS\runs_C_k9_2od_x1.2\mutation_seed5\g014_i003
C_k9_2od_x1.2,seed_best_preview.csv,D:\PSPS\runs_C_k9_2od_x1.2\analysis\tables\seed_best_preview.csv,5,none,15,5,824.0545833333333,1977731.0,1545539.8300000022,2400,,9,D:\PSPS\runs_C_k9_2od_x1.2\none_seed5\g015_i005
C_k9_2od_x1.2,seed_best_preview.csv,D:\PSPS\runs_C_k9_2od_x1.2\analysis\tables\seed_best_preview.csv,6,both,4,9,822.6708333333333,1974410.0,1546553.8299999945,2400,,9,D:\PSPS\runs_C_k9_2od_x1.2\both_seed6\g004_i009
C_k9_2od_x1.2,seed_best_preview.csv,D:\PSPS\runs_C_k9_2od_x1.2\analysis\tables\seed_best_preview.csv,6,init,6,21,812.27125,1949451.0,1514984.9299999997,2400,,9,D:\PSPS\runs_C_k9_2od_x1.2\init_seed6\g006_i021
C_k9_2od_x1.2,seed_best_preview.csv,D:\PSPS\runs_C_k9_2od_x1.2\analysis\tables\seed_best_preview.csv,6,mutation,8,11,820.32625,1968783.0,1535150.7400000023,2400,,9,D:\PSPS\runs_C_k9_2od_x1.2\mutation_seed6\g008_i011
C_k9_2od_x1.2,seed_best_preview.csv,D:\PSPS\runs_C_k9_2od_x1.2\analysis\tables\seed_best_preview.csv,6,none,15,22,821.8379166666666,1972411.0,1543130.8900000053,2400,,9,D:\PSPS\runs_C_k9_2od_x1.2\none_seed6\g015_i022
C_k9_2od_x1.2,seed_best_preview.csv,D:\PSPS\runs_C_k9_2od_x1.2\analysis\tables\seed_best_preview.csv,7,both,14,5,821.8216666666667,1972372.0,1542081.3500000015,2400,,9,D:\PSPS\runs_C_k9_2od_x1.2\both_seed7\g014_i005
C_k9_2od_x1.2,seed_best_preview.csv,D:\PSPS\runs_C_k9_2od_x1.2\analysis\tables\seed_best_preview.csv,7,init,7,11,821.8216666666667,1972372.0,1542081.3500000015,2400,,9,D:\PSPS\runs_C_k9_2od_x1.2\init_seed7\g007_i011
C_k9_2od_x1.2,seed_best_preview.csv,D:\PSPS\runs_C_k9_2od_x1.2\analysis\tables\seed_best_preview.csv,7,mutation,14,18,826.07,1982568.0,1547230.3499999996,2400,,9,D:\PSPS\runs_C_k9_2od_x1.2\mutation_seed7\g014_i018
C_k9_2od_x1.2,seed_best_preview.csv,D:\PSPS\runs_C_k9_2od_x1.2\analysis\tables\seed_best_preview.csv,7,none,2,13,826.7945833333333,1984307.0,1549764.1600000008,2400,,9,D:\PSPS\runs_C_k9_2od_x1.2\none_seed7\g002_i013
C_k9_2od_x1.2,seed_best_preview.csv,D:\PSPS\runs_C_k9_2od_x1.2\analysis\tables\seed_best_preview.csv,8,both,15,22,824.3941666666667,1978546.0,1549288.5900000024,2400,,9,D:\PSPS\runs_C_k9_2od_x1.2\both_seed8\g015_i022
C_k9_2od_x1.2,seed_best_preview.csv,D:\PSPS\runs_C_k9_2od_x1.2\analysis\tables\seed_best_preview.csv,8,init,15,13,823.0304166666666,1975273.0,1542077.079999999,2400,,9,D:\PSPS\runs_C_k9_2od_x1.2\init_seed8\g015_i013
C_k9_2od_x1.2,seed_best_preview.csv,D:\PSPS\runs_C_k9_2od_x1.2\analysis\tables\seed_best_preview.csv,8,mutation,8,16,824.9266666666666,1979824.0,1548135.419999998,2400,,9,D:\PSPS\runs_C_k9_2od_x1.2\mutation_seed8\g008_i016
C_k9_2od_x1.2,seed_best_preview.csv,D:\PSPS\runs_C_k9_2od_x1.2\analysis\tables\seed_best_preview.csv,8,none,2,11,821.83125,1972395.0,1542439.8700000015,2400,,9,D:\PSPS\runs_C_k9_2od_x1.2\none_seed8\g002_i011
C_k9_2od_x1.2,seed_best_preview.csv,D:\PSPS\runs_C_k9_2od_x1.2\analysis\tables\seed_best_preview.csv,9,both,11,23,825.5058333333334,1981214.0,1549080.5000000023,2400,,9,D:\PSPS\runs_C_k9_2od_x1.2\both_seed9\g011_i023
C_k9_2od_x1.2,seed_best_preview.csv,D:\PSPS\runs_C_k9_2od_x1.2\analysis\tables\seed_best_preview.csv,9,init,5,23,826.2066666666667,1982896.0,1542772.6899999992,2400,,9,D:\PSPS\runs_C_k9_2od_x1.2\init_seed9\g005_i023
C_k9_2od_x1.2,seed_best_preview.csv,D:\PSPS\runs_C_k9_2od_x1.2\analysis\tables\seed_best_preview.csv,9,mutation,4,12,823.0520833333334,1975325.0,1543800.9799999988,2400,,9,D:\PSPS\runs_C_k9_2od_x1.2\mutation_seed9\g004_i012
C_k9_2od_x1.2,seed_best_preview.csv,D:\PSPS\runs_C_k9_2od_x1.2\analysis\tables\seed_best_preview.csv,9,none,2,10,822.4016666666666,1973764.0,1541516.1200000015,2400,,9,D:\PSPS\runs_C_k9_2od_x1.2\none_seed9\g002_i010
C_k9_3od_x0.8,seed_best_preview.csv,D:\PSPS\runs_C_k9_3od_x0.8\analysis\tables\seed_best_preview.csv,0,both,11,8,452.00875,723214.0,466372.6100000007,1600,,9,D:\PSPS\runs_C_k9_3od_x0.8\both_seed0\g011_i008
C_k9_3od_x0.8,seed_best_preview.csv,D:\PSPS\runs_C_k9_3od_x0.8\analysis\tables\seed_best_preview.csv,0,init,12,1,448.40125,717442.0,458651.6700000008,1600,,9,D:\PSPS\runs_C_k9_3od_x0.8\init_seed0\g012_i001
C_k9_3od_x0.8,seed_best_preview.csv,D:\PSPS\runs_C_k9_3od_x0.8\analysis\tables\seed_best_preview.csv,0,mutation,12,16,450.98625,721578.0,466357.2499999998,1600,,9,D:\PSPS\runs_C_k9_3od_x0.8\mutation_seed0\g012_i016
C_k9_3od_x0.8,seed_best_preview.csv,D:\PSPS\runs_C_k9_3od_x0.8\analysis\tables\seed_best_preview.csv,0,none,12,16,447.88875,716622.0,457785.3799999996,1600,,9,D:\PSPS\runs_C_k9_3od_x0.8\none_seed0\g012_i016
C_k9_3od_x0.8,seed_best_preview.csv,D:\PSPS\runs_C_k9_3od_x0.8\analysis\tables\seed_best_preview.csv,1,both,14,1,447.08875,715342.0,458050.5400000003,1600,,9,D:\PSPS\runs_C_k9_3od_x0.8\both_seed1\g014_i001
C_k9_3od_x0.8,seed_best_preview.csv,D:\PSPS\runs_C_k9_3od_x0.8\analysis\tables\seed_best_preview.csv,1,init,15,6,439.79625,703674.0,444741.2100000007,1600,,9,D:\PSPS\runs_C_k9_3od_x0.8\init_seed1\g015_i006
C_k9_3od_x0.8,seed_best_preview.csv,D:\PSPS\runs_C_k9_3od_x0.8\analysis\tables\seed_best_preview.csv,1,mutation,6,22,451.374375,722199.0,465643.35999999935,1600,,9,D:\PSPS\runs_C_k9_3od_x0.8\mutation_seed1\g006_i022
C_k9_3od_x0.8,seed_best_preview.csv,D:\PSPS\runs_C_k9_3od_x0.8\analysis\tables\seed_best_preview.csv,1,none,5,12,446.179375,713887.0,454805.1700000004,1600,,9,D:\PSPS\runs_C_k9_3od_x0.8\none_seed1\g005_i012
C_k9_3od_x0.8,seed_best_preview.csv,D:\PSPS\runs_C_k9_3od_x0.8\analysis\tables\seed_best_preview.csv,2,both,7,10,441.54375,706470.0,450090.77,1600,,9,D:\PSPS\runs_C_k9_3od_x0.8\both_seed2\g007_i010
C_k9_3od_x0.8,seed_best_preview.csv,D:\PSPS\runs_C_k9_3od_x0.8\analysis\tables\seed_best_preview.csv,2,init,4,8,446.130625,713809.0,457664.3399999997,1600,,9,D:\PSPS\runs_C_k9_3od_x0.8\init_seed2\g004_i008
C_k9_3od_x0.8,seed_best_preview.csv,D:\PSPS\runs_C_k9_3od_x0.8\analysis\tables\seed_best_preview.csv,2,mutation,8,19,449.203125,718725.0,456180.22000000015,1600,,9,D:\PSPS\runs_C_k9_3od_x0.8\mutation_seed2\g008_i019
C_k9_3od_x0.8,seed_best_preview.csv,D:\PSPS\runs_C_k9_3od_x0.8\analysis\tables\seed_best_preview.csv,2,none,10,11,430.4125,688660.0,432672.8700000001,1600,,9,D:\PSPS\runs_C_k9_3od_x0.8\none_seed2\g010_i011
C_k9_3od_x0.8,seed_best_preview.csv,D:\PSPS\runs_C_k9_3od_x0.8\analysis\tables\seed_best_preview.csv,3,both,13,11,439.763125,703621.0,444437.6099999997,1600,,9,D:\PSPS\runs_C_k9_3od_x0.8\both_seed3\g013_i011
C_k9_3od_x0.8,seed_best_preview.csv,D:\PSPS\runs_C_k9_3od_x0.8\analysis\tables\seed_best_preview.csv,3,init,14,19,446.97625,715162.0,455192.4999999996,1600,,9,D:\PSPS\runs_C_k9_3od_x0.8\init_seed3\g014_i019
C_k9_3od_x0.8,seed_best_preview.csv,D:\PSPS\runs_C_k9_3od_x0.8\analysis\tables\seed_best_preview.csv,3,mutation,8,17,440.531875,704851.0,443850.9400000009,1600,,9,D:\PSPS\runs_C_k9_3od_x0.8\mutation_seed3\g008_i017
C_k9_3od_x0.8,seed_best_preview.csv,D:\PSPS\runs_C_k9_3od_x0.8\analysis\tables\seed_best_preview.csv,3,none,6,12,440.509375,704815.0,447630.4499999992,1600,,9,D:\PSPS\runs_C_k9_3od_x0.8\none_seed3\g006_i012
C_k9_3od_x0.8,seed_best_preview.csv,D:\PSPS\runs_C_k9_3od_x0.8\analysis\tables\seed_best_preview.csv,4,both,11,16,445.25875,712414.0,454638.1199999997,1600,,9,D:\PSPS\runs_C_k9_3od_x0.8\both_seed4\g011_i016
C_k9_3od_x0.8,seed_best_preview.csv,D:\PSPS\runs_C_k9_3od_x0.8\analysis\tables\seed_best_preview.csv,4,init,9,7,427.89625,684634.0,424511.6800000002,1600,,9,D:\PSPS\runs_C_k9_3od_x0.8\init_seed4\g009_i007
C_k9_3od_x0.8,seed_best_preview.csv,D:\PSPS\runs_C_k9_3od_x0.8\analysis\tables\seed_best_preview.csv,4,mutation,11,10,436.648125,698637.0,438003.2000000003,1600,,9,D:\PSPS\runs_C_k9_3od_x0.8\mutation_seed4\g011_i010
C_k9_3od_x0.8,seed_best_preview.csv,D:\PSPS\runs_C_k9_3od_x0.8\analysis\tables\seed_best_preview.csv,4,none,2,12,432.57,692112.0,436820.75000000006,1600,,9,D:\PSPS\runs_C_k9_3od_x0.8\none_seed4\g002_i012
C_k9_3od_x0.8,seed_best_preview.csv,D:\PSPS\runs_C_k9_3od_x0.8\analysis\tables\seed_best_preview.csv,5,both,9,10,448.600625,717761.0,459792.280000001,1600,,9,D:\PSPS\runs_C_k9_3od_x0.8\both_seed5\g009_i010
C_k9_3od_x0.8,seed_best_preview.csv,D:\PSPS\runs_C_k9_3od_x0.8\analysis\tables\seed_best_preview.csv,5,init,10,4,447.715,716344.0,455121.4900000003,1600,,9,D:\PSPS\runs_C_k9_3od_x0.8\init_seed5\g010_i004
C_k9_3od_x0.8,seed_best_preview.csv,D:\PSPS\runs_C_k9_3od_x0.8\analysis\tables\seed_best_preview.csv,5,mutation,3,18,443.161875,709059.0,449443.13,1600,,9,D:\PSPS\runs_C_k9_3od_x0.8\mutation_seed5\g003_i018
C_k9_3od_x0.8,seed_best_preview.csv,D:\PSPS\runs_C_k9_3od_x0.8\analysis\tables\seed_best_preview.csv,5,none,15,2,448.00375,716806.0,455868.6999999996,1600,,9,D:\PSPS\runs_C_k9_3od_x0.8\none_seed5\g015_i002
C_k9_3od_x0.8,seed_best_preview.csv,D:\PSPS\runs_C_k9_3od_x0.8\analysis\tables\seed_best_preview.csv,6,both,5,7,438.7625,702020.0,446966.42000000033,1600,,9,D:\PSPS\runs_C_k9_3od_x0.8\both_seed6\g005_i007
C_k9_3od_x0.8,seed_best_preview.csv,D:\PSPS\runs_C_k9_3od_x0.8\analysis\tables\seed_best_preview.csv,6,init,12,4,442.584375,708135.0,451297.16999999975,1600,,9,D:\PSPS\runs_C_k9_3od_x0.8\init_seed6\g012_i004
C_k9_3od_x0.8,seed_best_preview.csv,D:\PSPS\runs_C_k9_3od_x0.8\analysis\tables\seed_best_preview.csv,6,mutation,12,15,453.7475,725996.0,463192.84000000014,1600,,9,D:\PSPS\runs_C_k9_3od_x0.8\mutation_seed6\g012_i015
C_k9_3od_x0.8,seed_best_preview.csv,D:\PSPS\runs_C_k9_3od_x0.8\analysis\tables\seed_best_preview.csv,6,none,4,21,439.33125,702930.0,448715.80000000086,1600,,9,D:\PSPS\runs_C_k9_3od_x0.8\none_seed6\g004_i021
C_k9_3od_x0.8,seed_best_preview.csv,D:\PSPS\runs_C_k9_3od_x0.8\analysis\tables\seed_best_preview.csv,7,both,7,20,443.884375,710215.0,452348.2500000003,1600,,9,D:\PSPS\runs_C_k9_3od_x0.8\both_seed7\g007_i020
C_k9_3od_x0.8,seed_best_preview.csv,D:\PSPS\runs_C_k9_3od_x0.8\analysis\tables\seed_best_preview.csv,7,init,7,17,435.30625,696490.0,441053.15,1600,,9,D:\PSPS\runs_C_k9_3od_x0.8\init_seed7\g007_i017
C_k9_3od_x0.8,seed_best_preview.csv,D:\PSPS\runs_C_k9_3od_x0.8\analysis\tables\seed_best_preview.csv,7,mutation,15,12,452.0875,723340.0,463915.8599999991,1600,,9,D:\PSPS\runs_C_k9_3od_x0.8\mutation_seed7\g015_i012
C_k9_3od_x0.8,seed_best_preview.csv,D:\PSPS\runs_C_k9_3od_x0.8\analysis\tables\seed_best_preview.csv,7,none,9,20,444.590625,711345.0,452415.1700000001,1600,,9,D:\PSPS\runs_C_k9_3od_x0.8\none_seed7\g009_i020
C_k9_3od_x0.8,seed_best_preview.csv,D:\PSPS\runs_C_k9_3od_x0.8\analysis\tables\seed_best_preview.csv,8,both,15,17,445.99875,713598.0,457007.36000000045,1600,,9,D:\PSPS\runs_C_k9_3od_x0.8\both_seed8\g015_i017
C_k9_3od_x0.8,seed_best_preview.csv,D:\PSPS\runs_C_k9_3od_x0.8\analysis\tables\seed_best_preview.csv,8,init,13,9,435.76625,697226.0,441696.0899999999,1600,,9,D:\PSPS\runs_C_k9_3od_x0.8\init_seed8\g013_i009
C_k9_3od_x0.8,seed_best_preview.csv,D:\PSPS\runs_C_k9_3od_x0.8\analysis\tables\seed_best_preview.csv,8,mutation,13,6,451.798125,722877.0,464119.3500000001,1600,,9,D:\PSPS\runs_C_k9_3od_x0.8\mutation_seed8\g013_i006
C_k9_3od_x0.8,seed_best_preview.csv,D:\PSPS\runs_C_k9_3od_x0.8\analysis\tables\seed_best_preview.csv,8,none,8,21,451.489375,722383.0,460012.66999999946,1600,,9,D:\PSPS\runs_C_k9_3od_x0.8\none_seed8\g008_i021
C_k9_3od_x0.8,seed_best_preview.csv,D:\PSPS\runs_C_k9_3od_x0.8\analysis\tables\seed_best_preview.csv,9,both,5,13,447.22,715552.0,459918.2399999997,1600,,9,D:\PSPS\runs_C_k9_3od_x0.8\both_seed9\g005_i013
C_k9_3od_x0.8,seed_best_preview.csv,D:\PSPS\runs_C_k9_3od_x0.8\analysis\tables\seed_best_preview.csv,9,init,3,14,444.521875,711235.0,448272.8499999996,1600,,9,D:\PSPS\runs_C_k9_3od_x0.8\init_seed9\g003_i014
C_k9_3od_x0.8,seed_best_preview.csv,D:\PSPS\runs_C_k9_3od_x0.8\analysis\tables\seed_best_preview.csv,9,mutation,1,9,445.68,713088.0,453627.6500000004,1600,,6,D:\PSPS\runs_C_k9_3od_x0.8\mutation_seed9\g001_i009
C_k9_3od_x0.8,seed_best_preview.csv,D:\PSPS\runs_C_k9_3od_x0.8\analysis\tables\seed_best_preview.csv,9,none,2,6,445.49125,712786.0,447113.7699999996,1600,,9,D:\PSPS\runs_C_k9_3od_x0.8\none_seed9\g002_i006
C_k9_3od_x1.0,seed_best_preview.csv,D:\PSPS\runs_C_k9_3od_x1.0\analysis\tables\seed_best_preview.csv,0,both,9,10,582.09,1164180.0,838251.4500000001,2000,,9,D:\PSPS\runs_C_k9_3od_x1.0\both_seed0\g009_i010
C_k9_3od_x1.0,seed_best_preview.csv,D:\PSPS\runs_C_k9_3od_x1.0\analysis\tables\seed_best_preview.csv,0,init,9,3,589.691,1179382.0,851085.049999999,2000,,9,D:\PSPS\runs_C_k9_3od_x1.0\init_seed0\g009_i003
C_k9_3od_x1.0,seed_best_preview.csv,D:\PSPS\runs_C_k9_3od_x1.0\analysis\tables\seed_best_preview.csv,0,mutation,9,3,591.8235,1183647.0,858074.7999999998,2000,,9,D:\PSPS\runs_C_k9_3od_x1.0\mutation_seed0\g009_i003
C_k9_3od_x1.0,seed_best_preview.csv,D:\PSPS\runs_C_k9_3od_x1.0\analysis\tables\seed_best_preview.csv,0,none,12,14,589.869,1179738.0,853681.4599999993,2000,,9,D:\PSPS\runs_C_k9_3od_x1.0\none_seed0\g012_i014
C_k9_3od_x1.0,seed_best_preview.csv,D:\PSPS\runs_C_k9_3od_x1.0\analysis\tables\seed_best_preview.csv,1,both,13,20,577.975,1155950.0,823833.0399999993,2000,,9,D:\PSPS\runs_C_k9_3od_x1.0\both_seed1\g013_i020
C_k9_3od_x1.0,seed_best_preview.csv,D:\PSPS\runs_C_k9_3od_x1.0\analysis\tables\seed_best_preview.csv,1,init,15,11,588.4975,1176995.0,852008.3100000006,2000,,9,D:\PSPS\runs_C_k9_3od_x1.0\init_seed1\g015_i011
C_k9_3od_x1.0,seed_best_preview.csv,D:\PSPS\runs_C_k9_3od_x1.0\analysis\tables\seed_best_preview.csv,1,mutation,9,14,588.842,1177684.0,851577.1299999994,2000,,9,D:\PSPS\runs_C_k9_3od_x1.0\mutation_seed1\g009_i014
C_k9_3od_x1.0,seed_best_preview.csv,D:\PSPS\runs_C_k9_3od_x1.0\analysis\tables\seed_best_preview.csv,1,none,3,12,592.3035,1184607.0,861915.2499999992,2000,,9,D:\PSPS\runs_C_k9_3od_x1.0\none_seed1\g003_i012
C_k9_3od_x1.0,seed_best_preview.csv,D:\PSPS\runs_C_k9_3od_x1.0\analysis\tables\seed_best_preview.csv,2,both,5,4,589.0665,1178133.0,852912.6899999996,2000,,9,D:\PSPS\runs_C_k9_3od_x1.0\both_seed2\g005_i004
C_k9_3od_x1.0,seed_best_preview.csv,D:\PSPS\runs_C_k9_3od_x1.0\analysis\tables\seed_best_preview.csv,2,init,11,19,592.2255,1184451.0,863562.8900000006,2000,,9,D:\PSPS\runs_C_k9_3od_x1.0\init_seed2\g011_i019
C_k9_3od_x1.0,seed_best_preview.csv,D:\PSPS\runs_C_k9_3od_x1.0\analysis\tables\seed_best_preview.csv,2,mutation,11,1,591.33,1182660.0,853226.0899999995,2000,,9,D:\PSPS\runs_C_k9_3od_x1.0\mutation_seed2\g011_i001
C_k9_3od_x1.0,seed_best_preview.csv,D:\PSPS\runs_C_k9_3od_x1.0\analysis\tables\seed_best_preview.csv,2,none,11,9,577.4795,1154959.0,829261.4699999997,2000,,9,D:\PSPS\runs_C_k9_3od_x1.0\none_seed2\g011_i009
C_k9_3od_x1.0,seed_best_preview.csv,D:\PSPS\runs_C_k9_3od_x1.0\analysis\tables\seed_best_preview.csv,3,both,2,14,569.246,1138492.0,811020.7499999999,2000,,9,D:\PSPS\runs_C_k9_3od_x1.0\both_seed3\g002_i014
C_k9_3od_x1.0,seed_best_preview.csv,D:\PSPS\runs_C_k9_3od_x1.0\analysis\tables\seed_best_preview.csv,3,init,14,3,589.0345,1178069.0,851253.369999999,2000,,9,D:\PSPS\runs_C_k9_3od_x1.0\init_seed3\g014_i003
C_k9_3od_x1.0,seed_best_preview.csv,D:\PSPS\runs_C_k9_3od_x1.0\analysis\tables\seed_best_preview.csv,3,mutation,14,8,584.89,1169780.0,842662.9399999989,2000,,9,D:\PSPS\runs_C_k9_3od_x1.0\mutation_seed3\g014_i008
C_k9_3od_x1.0,seed_best_preview.csv,D:\PSPS\runs_C_k9_3od_x1.0\analysis\tables\seed_best_preview.csv,3,none,5,13,590.729,1181458.0,851545.8799999984,2000,,9,D:\PSPS\runs_C_k9_3od_x1.0\none_seed3\g005_i013
C_k9_3od_x1.0,seed_best_preview.csv,D:\PSPS\runs_C_k9_3od_x1.0\analysis\tables\seed_best_preview.csv,4,both,14,6,567.579,1135158.0,809533.1100000005,2000,,9,D:\PSPS\runs_C_k9_3od_x1.0\both_seed4\g014_i006
C_k9_3od_x1.0,seed_best_preview.csv,D:\PSPS\runs_C_k9_3od_x1.0\analysis\tables\seed_best_preview.csv,4,init,1,6,592.833,1185666.0,864524.4900000013,2000,,1,D:\PSPS\runs_C_k9_3od_x1.0\init_seed4\g001_i006
C_k9_3od_x1.0,seed_best_preview.csv,D:\PSPS\runs_C_k9_3od_x1.0\analysis\tables\seed_best_preview.csv,4,mutation,14,3,579.127,1158254.0,831195.0100000001,2000,,9,D:\PSPS\runs_C_k9_3od_x1.0\mutation_seed4\g014_i003
C_k9_3od_x1.0,seed_best_preview.csv,D:\PSPS\runs_C_k9_3od_x1.0\analysis\tables\seed_best_preview.csv,4,none,15,5,577.788,1155576.0,826069.1700000009,2000,,9,D:\PSPS\runs_C_k9_3od_x1.0\none_seed4\g015_i005
C_k9_3od_x1.0,seed_best_preview.csv,D:\PSPS\runs_C_k9_3od_x1.0\analysis\tables\seed_best_preview.csv,5,both,2,16,592.2255,1184451.0,863562.8900000006,2000,,9,D:\PSPS\runs_C_k9_3od_x1.0\both_seed5\g002_i016
C_k9_3od_x1.0,seed_best_preview.csv,D:\PSPS\runs_C_k9_3od_x1.0\analysis\tables\seed_best_preview.csv,5,init,4,9,591.4935,1182987.0,855637.280000001,2000,,9,D:\PSPS\runs_C_k9_3od_x1.0\init_seed5\g004_i009
C_k9_3od_x1.0,seed_best_preview.csv,D:\PSPS\runs_C_k9_3od_x1.0\analysis\tables\seed_best_preview.csv,5,mutation,14,16,579.6315,1159263.0,827883.8500000014,2000,,9,D:\PSPS\runs_C_k9_3od_x1.0\mutation_seed5\g014_i016
C_k9_3od_x1.0,seed_best_preview.csv,D:\PSPS\runs_C_k9_3od_x1.0\analysis\tables\seed_best_preview.csv,5,none,5,13,579.063,1158126.0,834002.27,2000,,9,D:\PSPS\runs_C_k9_3od_x1.0\none_seed5\g005_i013
C_k9_3od_x1.0,seed_best_preview.csv,D:\PSPS\runs_C_k9_3od_x1.0\analysis\tables\seed_best_preview.csv,6,both,11,6,577.4035,1154807.0,827243.5899999997,2000,,9,D:\PSPS\runs_C_k9_3od_x1.0\both_seed6\g011_i006
C_k9_3od_x1.0,seed_best_preview.csv,D:\PSPS\runs_C_k9_3od_x1.0\analysis\tables\seed_best_preview.csv,6,init,2,2,589.5975,1179195.0,856273.1899999985,2000,,9,D:\PSPS\runs_C_k9_3od_x1.0\init_seed6\g002_i002
C_k9_3od_x1.0,seed_best_preview.csv,D:\PSPS\runs_C_k9_3od_x1.0\analysis\tables\seed_best_preview.csv,6,mutation,13,3,589.918,1179836.0,851205.1900000003,2000,,9,D:\PSPS\runs_C_k9_3od_x1.0\mutation_seed6\g013_i003
C_k9_3od_x1.0,seed_best_preview.csv,D:\PSPS\runs_C_k9_3od_x1.0\analysis\tables\seed_best_preview.csv,6,none,11,14,585.4265,1170853.0,844760.5399999989,2000,,9,D:\PSPS\runs_C_k9_3od_x1.0\none_seed6\g011_i014
C_k9_3od_x1.0,seed_best_preview.csv,D:\PSPS\runs_C_k9_3od_x1.0\analysis\tables\seed_best_preview.csv,7,both,13,18,577.9825,1155965.0,824326.3099999983,2000,,9,D:\PSPS\runs_C_k9_3od_x1.0\both_seed7\g013_i018
C_k9_3od_x1.0,seed_best_preview.csv,D:\PSPS\runs_C_k9_3od_x1.0\analysis\tables\seed_best_preview.csv,7,init,8,18,577.7415,1155483.0,825382.0600000002,2000,,9,D:\PSPS\runs_C_k9_3od_x1.0\init_seed7\g008_i018
C_k9_3od_x1.0,seed_best_preview.csv,D:\PSPS\runs_C_k9_3od_x1.0\analysis\tables\seed_best_preview.csv,7,mutation,10,1,588.143,1176286.0,850712.7900000006,2000,,9,D:\PSPS\runs_C_k9_3od_x1.0\mutation_seed7\g010_i001
C_k9_3od_x1.0,seed_best_preview.csv,D:\PSPS\runs_C_k9_3od_x1.0\analysis\tables\seed_best_preview.csv,7,none,9,12,579.7685,1159537.0,831870.6099999992,2000,,9,D:\PSPS\runs_C_k9_3od_x1.0\none_seed7\g009_i012
C_k9_3od_x1.0,seed_best_preview.csv,D:\PSPS\runs_C_k9_3od_x1.0\analysis\tables\seed_best_preview.csv,8,both,11,1,582.8625,1165725.0,833855.1500000006,2000,,9,D:\PSPS\runs_C_k9_3od_x1.0\both_seed8\g011_i001
C_k9_3od_x1.0,seed_best_preview.csv,D:\PSPS\runs_C_k9_3od_x1.0\analysis\tables\seed_best_preview.csv,8,init,4,5,582.242,1164484.0,834831.6099999988,2000,,9,D:\PSPS\runs_C_k9_3od_x1.0\init_seed8\g004_i005
C_k9_3od_x1.0,seed_best_preview.csv,D:\PSPS\runs_C_k9_3od_x1.0\analysis\tables\seed_best_preview.csv,8,mutation,10,12,583.637,1167274.0,836498.3099999989,2000,,9,D:\PSPS\runs_C_k9_3od_x1.0\mutation_seed8\g010_i012
C_k9_3od_x1.0,seed_best_preview.csv,D:\PSPS\runs_C_k9_3od_x1.0\analysis\tables\seed_best_preview.csv,8,none,9,17,592.2255,1184451.0,863562.8900000006,2000,,9,D:\PSPS\runs_C_k9_3od_x1.0\none_seed8\g009_i017
C_k9_3od_x1.0,seed_best_preview.csv,D:\PSPS\runs_C_k9_3od_x1.0\analysis\tables\seed_best_preview.csv,9,both,14,12,588.061,1176122.0,853146.510000002,2000,,9,D:\PSPS\runs_C_k9_3od_x1.0\both_seed9\g014_i012
C_k9_3od_x1.0,seed_best_preview.csv,D:\PSPS\runs_C_k9_3od_x1.0\analysis\tables\seed_best_preview.csv,9,init,8,16,590.9515,1181903.0,851623.2799999999,2000,,9,D:\PSPS\runs_C_k9_3od_x1.0\init_seed9\g008_i016
C_k9_3od_x1.0,seed_best_preview.csv,D:\PSPS\runs_C_k9_3od_x1.0\analysis\tables\seed_best_preview.csv,9,mutation,6,18,587.8205,1175641.0,847529.1000000013,2000,,9,D:\PSPS\runs_C_k9_3od_x1.0\mutation_seed9\g006_i018
C_k9_3od_x1.0,seed_best_preview.csv,D:\PSPS\runs_C_k9_3od_x1.0\analysis\tables\seed_best_preview.csv,9,none,14,11,578.4645,1156929.0,825101.39,2000,,9,D:\PSPS\runs_C_k9_3od_x1.0\none_seed9\g014_i011
C_k9_3od_x1.2,seed_best_preview.csv,D:\PSPS\runs_C_k9_3od_x1.2\analysis\tables\seed_best_preview.csv,0,both,6,10,671.6145833333334,1611875.0,1224600.6699999976,2400,,9,D:\PSPS\runs_C_k9_3od_x1.2\both_seed0\g006_i010
C_k9_3od_x1.2,seed_best_preview.csv,D:\PSPS\runs_C_k9_3od_x1.2\analysis\tables\seed_best_preview.csv,0,init,8,21,668.1383333333333,1603532.0,1210249.569999997,2400,,9,D:\PSPS\runs_C_k9_3od_x1.2\init_seed0\g008_i021
C_k9_3od_x1.2,seed_best_preview.csv,D:\PSPS\runs_C_k9_3od_x1.2\analysis\tables\seed_best_preview.csv,0,mutation,9,3,672.6883333333334,1614452.0,1224172.9100000008,2400,,9,D:\PSPS\runs_C_k9_3od_x1.2\mutation_seed0\g009_i003
C_k9_3od_x1.2,seed_best_preview.csv,D:\PSPS\runs_C_k9_3od_x1.2\analysis\tables\seed_best_preview.csv,0,none,13,23,676.62375,1623897.0,1235675.5000000002,2400,,9,D:\PSPS\runs_C_k9_3od_x1.2\none_seed0\g013_i023
C_k9_3od_x1.2,seed_best_preview.csv,D:\PSPS\runs_C_k9_3od_x1.2\analysis\tables\seed_best_preview.csv,1,both,5,6,673.8191666666667,1617166.0,1228145.290000002,2400,,9,D:\PSPS\runs_C_k9_3od_x1.2\both_seed1\g005_i006
C_k9_3od_x1.2,seed_best_preview.csv,D:\PSPS\runs_C_k9_3od_x1.2\analysis\tables\seed_best_preview.csv,1,init,8,10,667.3466666666667,1601632.0,1213781.0799999996,2400,,9,D:\PSPS\runs_C_k9_3od_x1.2\init_seed1\g008_i010
C_k9_3od_x1.2,seed_best_preview.csv,D:\PSPS\runs_C_k9_3od_x1.2\analysis\tables\seed_best_preview.csv,1,mutation,11,20,671.6395833333333,1611935.0,1221171.4899999974,2400,,9,D:\PSPS\runs_C_k9_3od_x1.2\mutation_seed1\g011_i020
C_k9_3od_x1.2,seed_best_preview.csv,D:\PSPS\runs_C_k9_3od_x1.2\analysis\tables\seed_best_preview.csv,1,none,1,7,679.4766666666667,1630744.0,1239650.4399999983,2400,,6,D:\PSPS\runs_C_k9_3od_x1.2\none_seed1\g001_i007
C_k9_3od_x1.2,seed_best_preview.csv,D:\PSPS\runs_C_k9_3od_x1.2\analysis\tables\seed_best_preview.csv,2,both,1,4,674.43875,1618653.0,1228342.8100000017,2400,,2,D:\PSPS\runs_C_k9_3od_x1.2\both_seed2\g001_i004
C_k9_3od_x1.2,seed_best_preview.csv,D:\PSPS\runs_C_k9_3od_x1.2\analysis\tables\seed_best_preview.csv,2,init,2,15,671.8120833333334,1612349.0,1223106.5800000012,2400,,9,D:\PSPS\runs_C_k9_3od_x1.2\init_seed2\g002_i015
C_k9_3od_x1.2,seed_best_preview.csv,D:\PSPS\runs_C_k9_3od_x1.2\analysis\tables\seed_best_preview.csv,2,mutation,15,20,670.0404166666667,1608097.0,1220359.3100000008,2400,,9,D:\PSPS\runs_C_k9_3od_x1.2\mutation_seed2\g015_i020
C_k9_3od_x1.2,seed_best_preview.csv,D:\PSPS\runs_C_k9_3od_x1.2\analysis\tables\seed_best_preview.csv,2,none,14,5,671.9195833333333,1612607.0,1225609.419999999,2400,,9,D:\PSPS\runs_C_k9_3od_x1.2\none_seed2\g014_i005
C_k9_3od_x1.2,seed_best_preview.csv,D:\PSPS\runs_C_k9_3od_x1.2\analysis\tables\seed_best_preview.csv,3,both,7,4,665.4433333333334,1597064.0,1207169.0199999982,2400,,9,D:\PSPS\runs_C_k9_3od_x1.2\both_seed3\g007_i004
C_k9_3od_x1.2,seed_best_preview.csv,D:\PSPS\runs_C_k9_3od_x1.2\analysis\tables\seed_best_preview.csv,3,init,11,8,670.8516666666667,1610044.0,1222650.85,2400,,9,D:\PSPS\runs_C_k9_3od_x1.2\init_seed3\g011_i008
C_k9_3od_x1.2,seed_best_preview.csv,D:\PSPS\runs_C_k9_3od_x1.2\analysis\tables\seed_best_preview.csv,3,mutation,3,13,665.78,1597872.0,1211597.349999999,2400,,9,D:\PSPS\runs_C_k9_3od_x1.2\mutation_seed3\g003_i013
C_k9_3od_x1.2,seed_best_preview.csv,D:\PSPS\runs_C_k9_3od_x1.2\analysis\tables\seed_best_preview.csv,3,none,9,6,668.1433333333333,1603544.0,1217189.4200000018,2400,,9,D:\PSPS\runs_C_k9_3od_x1.2\none_seed3\g009_i006
C_k9_3od_x1.2,seed_best_preview.csv,D:\PSPS\runs_C_k9_3od_x1.2\analysis\tables\seed_best_preview.csv,4,both,13,13,665.9129166666667,1598191.0,1208772.980000001,2400,,9,D:\PSPS\runs_C_k9_3od_x1.2\both_seed4\g013_i013
C_k9_3od_x1.2,seed_best_preview.csv,D:\PSPS\runs_C_k9_3od_x1.2\analysis\tables\seed_best_preview.csv,4,init,14,10,672.1854166666667,1613245.0,1218465.8800000008,2400,,9,D:\PSPS\runs_C_k9_3od_x1.2\init_seed4\g014_i010
C_k9_3od_x1.2,seed_best_preview.csv,D:\PSPS\runs_C_k9_3od_x1.2\analysis\tables\seed_best_preview.csv,4,mutation,9,17,667.2154166666667,1601317.0,1212848.1099999975,2400,,9,D:\PSPS\runs_C_k9_3od_x1.2\mutation_seed4\g009_i017
C_k9_3od_x1.2,seed_best_preview.csv,D:\PSPS\runs_C_k9_3od_x1.2\analysis\tables\seed_best_preview.csv,4,none,6,7,670.8058333333333,1609934.0,1218920.3800000034,2400,,9,D:\PSPS\runs_C_k9_3od_x1.2\none_seed4\g006_i007
C_k9_3od_x1.2,seed_best_preview.csv,D:\PSPS\runs_C_k9_3od_x1.2\analysis\tables\seed_best_preview.csv,5,both,6,3,671.0991666666666,1610638.0,1220272.1000000003,2400,,9,D:\PSPS\runs_C_k9_3od_x1.2\both_seed5\g006_i003
C_k9_3od_x1.2,seed_best_preview.csv,D:\PSPS\runs_C_k9_3od_x1.2\analysis\tables\seed_best_preview.csv,5,init,6,20,673.5604166666667,1616545.0,1221904.4699999983,2400,,9,D:\PSPS\runs_C_k9_3od_x1.2\init_seed5\g006_i020
C_k9_3od_x1.2,seed_best_preview.csv,D:\PSPS\runs_C_k9_3od_x1.2\analysis\tables\seed_best_preview.csv,5,mutation,5,22,661.6558333333334,1587974.0,1193968.3799999994,2400,,9,D:\PSPS\runs_C_k9_3od_x1.2\mutation_seed5\g005_i022
C_k9_3od_x1.2,seed_best_preview.csv,D:\PSPS\runs_C_k9_3od_x1.2\analysis\tables\seed_best_preview.csv,5,none,5,14,664.1995833333333,1594079.0,1205122.4700000023,2400,,9,D:\PSPS\runs_C_k9_3od_x1.2\none_seed5\g005_i014
C_k9_3od_x1.2,seed_best_preview.csv,D:\PSPS\runs_C_k9_3od_x1.2\analysis\tables\seed_best_preview.csv,6,both,10,19,668.74,1604976.0,1216366.979999998,2400,,9,D:\PSPS\runs_C_k9_3od_x1.2\both_seed6\g010_i019
C_k9_3od_x1.2,seed_best_preview.csv,D:\PSPS\runs_C_k9_3od_x1.2\analysis\tables\seed_best_preview.csv,6,init,9,7,667.4591666666666,1601902.0,1213717.550000003,2400,,9,D:\PSPS\runs_C_k9_3od_x1.2\init_seed6\g009_i007
C_k9_3od_x1.2,seed_best_preview.csv,D:\PSPS\runs_C_k9_3od_x1.2\analysis\tables\seed_best_preview.csv,6,mutation,13,1,664.81625,1595559.0,1206889.430000001,2400,,9,D:\PSPS\runs_C_k9_3od_x1.2\mutation_seed6\g013_i001
C_k9_3od_x1.2,seed_best_preview.csv,D:\PSPS\runs_C_k9_3od_x1.2\analysis\tables\seed_best_preview.csv,6,none,11,16,668.7725,1605054.0,1217934.5400000024,2400,,9,D:\PSPS\runs_C_k9_3od_x1.2\none_seed6\g011_i016
C_k9_3od_x1.2,seed_best_preview.csv,D:\PSPS\runs_C_k9_3od_x1.2\analysis\tables\seed_best_preview.csv,7,both,10,18,667.1954166666667,1601269.0,1213953.749999999,2400,,9,D:\PSPS\runs_C_k9_3od_x1.2\both_seed7\g010_i018
C_k9_3od_x1.2,seed_best_preview.csv,D:\PSPS\runs_C_k9_3od_x1.2\analysis\tables\seed_best_preview.csv,7,init,11,17,672.7458333333333,1614590.0,1222270.290000002,2400,,9,D:\PSPS\runs_C_k9_3od_x1.2\init_seed7\g011_i017
C_k9_3od_x1.2,seed_best_preview.csv,D:\PSPS\runs_C_k9_3od_x1.2\analysis\tables\seed_best_preview.csv,7,mutation,5,15,668.9920833333333,1605581.0,1216139.4399999988,2400,,9,D:\PSPS\runs_C_k9_3od_x1.2\mutation_seed7\g005_i015
C_k9_3od_x1.2,seed_best_preview.csv,D:\PSPS\runs_C_k9_3od_x1.2\analysis\tables\seed_best_preview.csv,7,none,8,17,674.5316666666666,1618876.0,1231397.420000001,2400,,9,D:\PSPS\runs_C_k9_3od_x1.2\none_seed7\g008_i017
C_k9_3od_x1.2,seed_best_preview.csv,D:\PSPS\runs_C_k9_3od_x1.2\analysis\tables\seed_best_preview.csv,8,both,10,16,669.1191666666666,1605886.0,1217852.749999999,2400,,9,D:\PSPS\runs_C_k9_3od_x1.2\both_seed8\g010_i016
C_k9_3od_x1.2,seed_best_preview.csv,D:\PSPS\runs_C_k9_3od_x1.2\analysis\tables\seed_best_preview.csv,8,init,10,16,673.7258333333333,1616942.0,1223153.8800000013,2400,,9,D:\PSPS\runs_C_k9_3od_x1.2\init_seed8\g010_i016
C_k9_3od_x1.2,seed_best_preview.csv,D:\PSPS\runs_C_k9_3od_x1.2\analysis\tables\seed_best_preview.csv,8,mutation,15,6,672.6904166666667,1614457.0,1222501.5400000033,2400,,9,D:\PSPS\runs_C_k9_3od_x1.2\mutation_seed8\g015_i006
C_k9_3od_x1.2,seed_best_preview.csv,D:\PSPS\runs_C_k9_3od_x1.2\analysis\tables\seed_best_preview.csv,8,none,11,1,672.2779166666667,1613467.0,1221287.9199999976,2400,,9,D:\PSPS\runs_C_k9_3od_x1.2\none_seed8\g011_i001
C_k9_3od_x1.2,seed_best_preview.csv,D:\PSPS\runs_C_k9_3od_x1.2\analysis\tables\seed_best_preview.csv,9,both,3,2,670.1608333333334,1608386.0,1219343.7500000002,2400,,9,D:\PSPS\runs_C_k9_3od_x1.2\both_seed9\g003_i002
C_k9_3od_x1.2,seed_best_preview.csv,D:\PSPS\runs_C_k9_3od_x1.2\analysis\tables\seed_best_preview.csv,9,init,5,5,671.34125,1611219.0,1220042.8699999994,2400,,9,D:\PSPS\runs_C_k9_3od_x1.2\init_seed9\g005_i005
C_k9_3od_x1.2,seed_best_preview.csv,D:\PSPS\runs_C_k9_3od_x1.2\analysis\tables\seed_best_preview.csv,9,mutation,9,8,668.8441666666666,1605226.0,1217920.6899999997,2400,,9,D:\PSPS\runs_C_k9_3od_x1.2\mutation_seed9\g009_i008
C_k9_3od_x1.2,seed_best_preview.csv,D:\PSPS\runs_C_k9_3od_x1.2\analysis\tables\seed_best_preview.csv,9,none,9,13,672.0220833333333,1612853.0,1222280.7300000004,2400,,9,D:\PSPS\runs_C_k9_3od_x1.2\none_seed9\g009_i013
D_k9_1od_x0.8,seed_best_preview.csv,D:\PSPS\runs_D_k9_1od_x0.8\analysis\tables\seed_best_preview.csv,0,both,13,9,514.259375,822815.0,563667.1,1600,,9,D:\PSPS\runs_D_k9_1od_x0.8\both_seed0\g013_i009
D_k9_1od_x0.8,seed_best_preview.csv,D:\PSPS\runs_D_k9_1od_x0.8\analysis\tables\seed_best_preview.csv,0,init,4,6,517.275625,827641.0,568782.4199999998,1600,,9,D:\PSPS\runs_D_k9_1od_x0.8\init_seed0\g004_i006
D_k9_1od_x0.8,seed_best_preview.csv,D:\PSPS\runs_D_k9_1od_x0.8\analysis\tables\seed_best_preview.csv,0,mutation,10,11,516.484375,826375.0,564848.5100000005,1600,,9,D:\PSPS\runs_D_k9_1od_x0.8\mutation_seed0\g010_i011
D_k9_1od_x0.8,seed_best_preview.csv,D:\PSPS\runs_D_k9_1od_x0.8\analysis\tables\seed_best_preview.csv,0,none,15,14,512.139375,819423.0,558959.4100000001,1600,,9,D:\PSPS\runs_D_k9_1od_x0.8\none_seed0\g015_i014
D_k9_1od_x0.8,seed_best_preview.csv,D:\PSPS\runs_D_k9_1od_x0.8\analysis\tables\seed_best_preview.csv,1,both,14,22,513.570625,821713.0,561067.2999999997,1600,,9,D:\PSPS\runs_D_k9_1od_x0.8\both_seed1\g014_i022
D_k9_1od_x0.8,seed_best_preview.csv,D:\PSPS\runs_D_k9_1od_x0.8\analysis\tables\seed_best_preview.csv,1,init,8,9,516.795,826872.0,567383.8499999999,1600,,9,D:\PSPS\runs_D_k9_1od_x0.8\init_seed1\g008_i009
D_k9_1od_x0.8,seed_best_preview.csv,D:\PSPS\runs_D_k9_1od_x0.8\analysis\tables\seed_best_preview.csv,1,mutation,6,8,512.134375,819415.0,558975.7400000009,1600,,9,D:\PSPS\runs_D_k9_1od_x0.8\mutation_seed1\g006_i008
D_k9_1od_x0.8,seed_best_preview.csv,D:\PSPS\runs_D_k9_1od_x0.8\analysis\tables\seed_best_preview.csv,1,none,15,11,514.868125,823789.0,565201.2299999994,1600,,9,D:\PSPS\runs_D_k9_1od_x0.8\none_seed1\g015_i011
D_k9_1od_x0.8,seed_best_preview.csv,D:\PSPS\runs_D_k9_1od_x0.8\analysis\tables\seed_best_preview.csv,2,both,10,22,517.293125,827669.0,566860.78,1600,,9,D:\PSPS\runs_D_k9_1od_x0.8\both_seed2\g010_i022
D_k9_1od_x0.8,seed_best_preview.csv,D:\PSPS\runs_D_k9_1od_x0.8\analysis\tables\seed_best_preview.csv,2,init,14,20,516.81125,826898.0,566340.6199999988,1600,,9,D:\PSPS\runs_D_k9_1od_x0.8\init_seed2\g014_i020
D_k9_1od_x0.8,seed_best_preview.csv,D:\PSPS\runs_D_k9_1od_x0.8\analysis\tables\seed_best_preview.csv,2,mutation,8,19,510.858125,817373.0,556099.3799999998,1600,,9,D:\PSPS\runs_D_k9_1od_x0.8\mutation_seed2\g008_i019
D_k9_1od_x0.8,seed_best_preview.csv,D:\PSPS\runs_D_k9_1od_x0.8\analysis\tables\seed_best_preview.csv,2,none,9,10,511.4375,818300.0,560920.9600000001,1600,,9,D:\PSPS\runs_D_k9_1od_x0.8\none_seed2\g009_i010
D_k9_1od_x0.8,seed_best_preview.csv,D:\PSPS\runs_D_k9_1od_x0.8\analysis\tables\seed_best_preview.csv,3,both,12,2,511.525,818440.0,558749.0900000003,1600,,9,D:\PSPS\runs_D_k9_1od_x0.8\both_seed3\g012_i002
D_k9_1od_x0.8,seed_best_preview.csv,D:\PSPS\runs_D_k9_1od_x0.8\analysis\tables\seed_best_preview.csv,3,init,8,2,510.615,816984.0,558551.2700000003,1600,,9,D:\PSPS\runs_D_k9_1od_x0.8\init_seed3\g008_i002
D_k9_1od_x0.8,seed_best_preview.csv,D:\PSPS\runs_D_k9_1od_x0.8\analysis\tables\seed_best_preview.csv,3,mutation,13,3,516.575625,826521.0,566183.3400000008,1600,,9,D:\PSPS\runs_D_k9_1od_x0.8\mutation_seed3\g013_i003
D_k9_1od_x0.8,seed_best_preview.csv,D:\PSPS\runs_D_k9_1od_x0.8\analysis\tables\seed_best_preview.csv,3,none,11,3,512.139375,819423.0,558959.4100000001,1600,,9,D:\PSPS\runs_D_k9_1od_x0.8\none_seed3\g011_i003
D_k9_1od_x0.8,seed_best_preview.csv,D:\PSPS\runs_D_k9_1od_x0.8\analysis\tables\seed_best_preview.csv,4,both,13,15,515.598125,824957.0,565054.5799999991,1600,,9,D:\PSPS\runs_D_k9_1od_x0.8\both_seed4\g013_i015
D_k9_1od_x0.8,seed_best_preview.csv,D:\PSPS\runs_D_k9_1od_x0.8\analysis\tables\seed_best_preview.csv,4,init,8,15,513.99875,822398.0,561752.4700000001,1600,,9,D:\PSPS\runs_D_k9_1od_x0.8\init_seed4\g008_i015
D_k9_1od_x0.8,seed_best_preview.csv,D:\PSPS\runs_D_k9_1od_x0.8\analysis\tables\seed_best_preview.csv,4,mutation,10,17,514.00125,822402.0,561692.8999999997,1600,,9,D:\PSPS\runs_D_k9_1od_x0.8\mutation_seed4\g010_i017
D_k9_1od_x0.8,seed_best_preview.csv,D:\PSPS\runs_D_k9_1od_x0.8\analysis\tables\seed_best_preview.csv,4,none,11,15,516.795,826872.0,567383.8499999999,1600,,9,D:\PSPS\runs_D_k9_1od_x0.8\none_seed4\g011_i015
D_k9_1od_x0.8,seed_best_preview.csv,D:\PSPS\runs_D_k9_1od_x0.8\analysis\tables\seed_best_preview.csv,5,both,11,9,510.858125,817373.0,556099.3799999998,1600,,9,D:\PSPS\runs_D_k9_1od_x0.8\both_seed5\g011_i009
D_k9_1od_x0.8,seed_best_preview.csv,D:\PSPS\runs_D_k9_1od_x0.8\analysis\tables\seed_best_preview.csv,5,init,10,13,513.99875,822398.0,561752.4700000001,1600,,9,D:\PSPS\runs_D_k9_1od_x0.8\init_seed5\g010_i013
D_k9_1od_x0.8,seed_best_preview.csv,D:\PSPS\runs_D_k9_1od_x0.8\analysis\tables\seed_best_preview.csv,5,mutation,8,22,516.951875,827123.0,567023.7100000001,1600,,9,D:\PSPS\runs_D_k9_1od_x0.8\mutation_seed5\g008_i022
D_k9_1od_x0.8,seed_best_preview.csv,D:\PSPS\runs_D_k9_1od_x0.8\analysis\tables\seed_best_preview.csv,5,none,5,7,512.134375,819415.0,558975.7400000009,1600,,9,D:\PSPS\runs_D_k9_1od_x0.8\none_seed5\g005_i007
D_k9_1od_x0.8,seed_best_preview.csv,D:\PSPS\runs_D_k9_1od_x0.8\analysis\tables\seed_best_preview.csv,6,both,4,23,512.134375,819415.0,558975.7400000009,1600,,9,D:\PSPS\runs_D_k9_1od_x0.8\both_seed6\g004_i023
D_k9_1od_x0.8,seed_best_preview.csv,D:\PSPS\runs_D_k9_1od_x0.8\analysis\tables\seed_best_preview.csv,6,init,5,15,511.345,818152.0,561172.4099999995,1600,,9,D:\PSPS\runs_D_k9_1od_x0.8\init_seed6\g005_i015
D_k9_1od_x0.8,seed_best_preview.csv,D:\PSPS\runs_D_k9_1od_x0.8\analysis\tables\seed_best_preview.csv,6,mutation,3,23,512.0175,819228.0,559430.6599999997,1600,,9,D:\PSPS\runs_D_k9_1od_x0.8\mutation_seed6\g003_i023
D_k9_1od_x0.8,seed_best_preview.csv,D:\PSPS\runs_D_k9_1od_x0.8\analysis\tables\seed_best_preview.csv,6,none,9,6,510.128125,816205.0,555623.8000000005,1600,,9,D:\PSPS\runs_D_k9_1od_x0.8\none_seed6\g009_i006
D_k9_1od_x0.8,seed_best_preview.csv,D:\PSPS\runs_D_k9_1od_x0.8\analysis\tables\seed_best_preview.csv,7,both,11,12,512.140625,819425.0,558826.8000000002,1600,,9,D:\PSPS\runs_D_k9_1od_x0.8\both_seed7\g011_i012
D_k9_1od_x0.8,seed_best_preview.csv,D:\PSPS\runs_D_k9_1od_x0.8\analysis\tables\seed_best_preview.csv,7,init,15,12,513.105,820968.0,563304.2500000013,1600,,9,D:\PSPS\runs_D_k9_1od_x0.8\init_seed7\g015_i012
D_k9_1od_x0.8,seed_best_preview.csv,D:\PSPS\runs_D_k9_1od_x0.8\analysis\tables\seed_best_preview.csv,7,mutation,8,4,509.715,815544.0,554973.1300000007,1600,,9,D:\PSPS\runs_D_k9_1od_x0.8\mutation_seed7\g008_i004
D_k9_1od_x0.8,seed_best_preview.csv,D:\PSPS\runs_D_k9_1od_x0.8\analysis\tables\seed_best_preview.csv,7,none,11,2,512.139375,819423.0,558959.4100000001,1600,,9,D:\PSPS\runs_D_k9_1od_x0.8\none_seed7\g011_i002
D_k9_1od_x0.8,seed_best_preview.csv,D:\PSPS\runs_D_k9_1od_x0.8\analysis\tables\seed_best_preview.csv,8,both,11,19,514.881875,823811.0,564197.6700000002,1600,,9,D:\PSPS\runs_D_k9_1od_x0.8\both_seed8\g011_i019
D_k9_1od_x0.8,seed_best_preview.csv,D:\PSPS\runs_D_k9_1od_x0.8\analysis\tables\seed_best_preview.csv,8,init,13,22,509.715,815544.0,554973.1300000007,1600,,9,D:\PSPS\runs_D_k9_1od_x0.8\init_seed8\g013_i022
D_k9_1od_x0.8,seed_best_preview.csv,D:\PSPS\runs_D_k9_1od_x0.8\analysis\tables\seed_best_preview.csv,8,mutation,15,6,511.7125,818740.0,560541.8799999994,1600,,9,D:\PSPS\runs_D_k9_1od_x0.8\mutation_seed8\g015_i006
D_k9_1od_x0.8,seed_best_preview.csv,D:\PSPS\runs_D_k9_1od_x0.8\analysis\tables\seed_best_preview.csv,8,none,6,23,510.858125,817373.0,556099.3799999998,1600,,9,D:\PSPS\runs_D_k9_1od_x0.8\none_seed8\g006_i023
D_k9_1od_x0.8,seed_best_preview.csv,D:\PSPS\runs_D_k9_1od_x0.8\analysis\tables\seed_best_preview.csv,9,both,2,17,511.730625,818769.0,557946.7599999993,1600,,9,D:\PSPS\runs_D_k9_1od_x0.8\both_seed9\g002_i017
D_k9_1od_x0.8,seed_best_preview.csv,D:\PSPS\runs_D_k9_1od_x0.8\analysis\tables\seed_best_preview.csv,9,init,6,9,512.139375,819423.0,558959.4100000001,1600,,9,D:\PSPS\runs_D_k9_1od_x0.8\init_seed9\g006_i009
D_k9_1od_x0.8,seed_best_preview.csv,D:\PSPS\runs_D_k9_1od_x0.8\analysis\tables\seed_best_preview.csv,9,mutation,3,23,512.139375,819423.0,558959.4100000001,1600,,9,D:\PSPS\runs_D_k9_1od_x0.8\mutation_seed9\g003_i023
D_k9_1od_x0.8,seed_best_preview.csv,D:\PSPS\runs_D_k9_1od_x0.8\analysis\tables\seed_best_preview.csv,9,none,7,4,513.084375,820935.0,565347.5500000005,1600,,9,D:\PSPS\runs_D_k9_1od_x0.8\none_seed9\g007_i004
D_k9_1od_x1.0,seed_best_preview.csv,D:\PSPS\runs_D_k9_1od_x1.0\analysis\tables\seed_best_preview.csv,0,both,10,21,513.094,1026188.0,701737.0499999995,2000,,9,D:\PSPS\runs_D_k9_1od_x1.0\both_seed0\g010_i021
D_k9_1od_x1.0,seed_best_preview.csv,D:\PSPS\runs_D_k9_1od_x1.0\analysis\tables\seed_best_preview.csv,0,init,8,14,516.527,1033054.0,705709.2699999983,2000,,9,D:\PSPS\runs_D_k9_1od_x1.0\init_seed0\g008_i014
D_k9_1od_x1.0,seed_best_preview.csv,D:\PSPS\runs_D_k9_1od_x1.0\analysis\tables\seed_best_preview.csv,0,mutation,4,14,515.9135,1031827.0,706776.3099999988,2000,,9,D:\PSPS\runs_D_k9_1od_x1.0\mutation_seed0\g004_i014
D_k9_1od_x1.0,seed_best_preview.csv,D:\PSPS\runs_D_k9_1od_x1.0\analysis\tables\seed_best_preview.csv,0,none,11,15,511.1855,1022371.0,698689.8000000012,2000,,9,D:\PSPS\runs_D_k9_1od_x1.0\none_seed0\g011_i015
D_k9_1od_x1.0,seed_best_preview.csv,D:\PSPS\runs_D_k9_1od_x1.0\analysis\tables\seed_best_preview.csv,1,both,9,20,515.601,1031202.0,704031.7899999988,2000,,9,D:\PSPS\runs_D_k9_1od_x1.0\both_seed1\g009_i020
D_k9_1od_x1.0,seed_best_preview.csv,D:\PSPS\runs_D_k9_1od_x1.0\analysis\tables\seed_best_preview.csv,1,init,10,15,515.774,1031548.0,705782.1400000002,2000,,9,D:\PSPS\runs_D_k9_1od_x1.0\init_seed1\g010_i015
D_k9_1od_x1.0,seed_best_preview.csv,D:\PSPS\runs_D_k9_1od_x1.0\analysis\tables\seed_best_preview.csv,1,mutation,8,11,513.019,1026038.0,699878.1400000007,2000,,9,D:\PSPS\runs_D_k9_1od_x1.0\mutation_seed1\g008_i011
D_k9_1od_x1.0,seed_best_preview.csv,D:\PSPS\runs_D_k9_1od_x1.0\analysis\tables\seed_best_preview.csv,1,none,2,22,512.872,1025744.0,699387.1100000007,2000,,9,D:\PSPS\runs_D_k9_1od_x1.0\none_seed1\g002_i022
D_k9_1od_x1.0,seed_best_preview.csv,D:\PSPS\runs_D_k9_1od_x1.0\analysis\tables\seed_best_preview.csv,2,both,12,12,514.722,1029444.0,706463.71,2000,,9,D:\PSPS\runs_D_k9_1od_x1.0\both_seed2\g012_i012
D_k9_1od_x1.0,seed_best_preview.csv,D:\PSPS\runs_D_k9_1od_x1.0\analysis\tables\seed_best_preview.csv,2,init,4,5,514.831,1029662.0,702030.9800000004,2000,,9,D:\PSPS\runs_D_k9_1od_x1.0\init_seed2\g004_i005
D_k9_1od_x1.0,seed_best_preview.csv,D:\PSPS\runs_D_k9_1od_x1.0\analysis\tables\seed_best_preview.csv,2,mutation,7,2,516.6245,1033249.0,706730.6299999992,2000,,9,D:\PSPS\runs_D_k9_1od_x1.0\mutation_seed2\g007_i002
D_k9_1od_x1.0,seed_best_preview.csv,D:\PSPS\runs_D_k9_1od_x1.0\analysis\tables\seed_best_preview.csv,2,none,11,15,513.019,1026038.0,699878.1400000007,2000,,9,D:\PSPS\runs_D_k9_1od_x1.0\none_seed2\g011_i015
D_k9_1od_x1.0,seed_best_preview.csv,D:\PSPS\runs_D_k9_1od_x1.0\analysis\tables\seed_best_preview.csv,3,both,7,8,513.019,1026038.0,699878.1400000007,2000,,9,D:\PSPS\runs_D_k9_1od_x1.0\both_seed3\g007_i008
D_k9_1od_x1.0,seed_best_preview.csv,D:\PSPS\runs_D_k9_1od_x1.0\analysis\tables\seed_best_preview.csv,3,init,15,12,520.202,1040404.0,718024.1800000007,2000,,9,D:\PSPS\runs_D_k9_1od_x1.0\init_seed3\g015_i012
D_k9_1od_x1.0,seed_best_preview.csv,D:\PSPS\runs_D_k9_1od_x1.0\analysis\tables\seed_best_preview.csv,3,mutation,9,18,512.5365,1025073.0,701207.7599999999,2000,,9,D:\PSPS\runs_D_k9_1od_x1.0\mutation_seed3\g009_i018
D_k9_1od_x1.0,seed_best_preview.csv,D:\PSPS\runs_D_k9_1od_x1.0\analysis\tables\seed_best_preview.csv,3,none,7,7,515.6435,1031287.0,705748.2900000003,2000,,9,D:\PSPS\runs_D_k9_1od_x1.0\none_seed3\g007_i007
D_k9_1od_x1.0,seed_best_preview.csv,D:\PSPS\runs_D_k9_1od_x1.0\analysis\tables\seed_best_preview.csv,4,both,15,21,513.019,1026038.0,699878.1400000007,2000,,9,D:\PSPS\runs_D_k9_1od_x1.0\both_seed4\g015_i021
D_k9_1od_x1.0,seed_best_preview.csv,D:\PSPS\runs_D_k9_1od_x1.0\analysis\tables\seed_best_preview.csv,4,init,8,17,516.3495,1032699.0,706475.780000001,2000,,9,D:\PSPS\runs_D_k9_1od_x1.0\init_seed4\g008_i017
D_k9_1od_x1.0,seed_best_preview.csv,D:\PSPS\runs_D_k9_1od_x1.0\analysis\tables\seed_best_preview.csv,4,mutation,12,11,514.836,1029672.0,705899.1999999989,2000,,9,D:\PSPS\runs_D_k9_1od_x1.0\mutation_seed4\g012_i011
D_k9_1od_x1.0,seed_best_preview.csv,D:\PSPS\runs_D_k9_1od_x1.0\analysis\tables\seed_best_preview.csv,4,none,15,7,516.3155,1032631.0,706292.8799999994,2000,,9,D:\PSPS\runs_D_k9_1od_x1.0\none_seed4\g015_i007
D_k9_1od_x1.0,seed_best_preview.csv,D:\PSPS\runs_D_k9_1od_x1.0\analysis\tables\seed_best_preview.csv,5,both,14,21,513.019,1026038.0,699878.1400000007,2000,,9,D:\PSPS\runs_D_k9_1od_x1.0\both_seed5\g014_i021
D_k9_1od_x1.0,seed_best_preview.csv,D:\PSPS\runs_D_k9_1od_x1.0\analysis\tables\seed_best_preview.csv,5,init,11,13,516.3155,1032631.0,706292.8799999994,2000,,9,D:\PSPS\runs_D_k9_1od_x1.0\init_seed5\g011_i013
D_k9_1od_x1.0,seed_best_preview.csv,D:\PSPS\runs_D_k9_1od_x1.0\analysis\tables\seed_best_preview.csv,5,mutation,1,9,508.6205,1017241.0,691524.7700000005,2000,,7,D:\PSPS\runs_D_k9_1od_x1.0\mutation_seed5\g001_i009
D_k9_1od_x1.0,seed_best_preview.csv,D:\PSPS\runs_D_k9_1od_x1.0\analysis\tables\seed_best_preview.csv,5,none,1,9,508.6205,1017241.0,691524.7700000005,2000,,7,D:\PSPS\runs_D_k9_1od_x1.0\none_seed5\g001_i009
D_k9_1od_x1.0,seed_best_preview.csv,D:\PSPS\runs_D_k9_1od_x1.0\analysis\tables\seed_best_preview.csv,6,both,12,3,513.019,1026038.0,699878.1400000007,2000,,9,D:\PSPS\runs_D_k9_1od_x1.0\both_seed6\g012_i003
D_k9_1od_x1.0,seed_best_preview.csv,D:\PSPS\runs_D_k9_1od_x1.0\analysis\tables\seed_best_preview.csv,6,init,15,23,516.4885,1032977.0,707244.17,2000,,9,D:\PSPS\runs_D_k9_1od_x1.0\init_seed6\g015_i023
D_k9_1od_x1.0,seed_best_preview.csv,D:\PSPS\runs_D_k9_1od_x1.0\analysis\tables\seed_best_preview.csv,6,mutation,11,4,515.838,1031676.0,706445.3599999998,2000,,9,D:\PSPS\runs_D_k9_1od_x1.0\mutation_seed6\g011_i004
D_k9_1od_x1.0,seed_best_preview.csv,D:\PSPS\runs_D_k9_1od_x1.0\analysis\tables\seed_best_preview.csv,6,none,3,14,517.0215,1034043.0,709115.7300000004,2000,,9,D:\PSPS\runs_D_k9_1od_x1.0\none_seed6\g003_i014
D_k9_1od_x1.0,seed_best_preview.csv,D:\PSPS\runs_D_k9_1od_x1.0\analysis\tables\seed_best_preview.csv,7,both,7,22,515.529,1031058.0,704863.4799999996,2000,,9,D:\PSPS\runs_D_k9_1od_x1.0\both_seed7\g007_i022
D_k9_1od_x1.0,seed_best_preview.csv,D:\PSPS\runs_D_k9_1od_x1.0\analysis\tables\seed_best_preview.csv,7,init,3,16,515.1965,1030393.0,703558.0500000004,2000,,9,D:\PSPS\runs_D_k9_1od_x1.0\init_seed7\g003_i016
D_k9_1od_x1.0,seed_best_preview.csv,D:\PSPS\runs_D_k9_1od_x1.0\analysis\tables\seed_best_preview.csv,7,mutation,11,18,508.9535,1017907.0,696157.1900000006,2000,,9,D:\PSPS\runs_D_k9_1od_x1.0\mutation_seed7\g011_i018
D_k9_1od_x1.0,seed_best_preview.csv,D:\PSPS\runs_D_k9_1od_x1.0\analysis\tables\seed_best_preview.csv,7,none,12,1,517.4955,1034991.0,709538.7499999999,2000,,9,D:\PSPS\runs_D_k9_1od_x1.0\none_seed7\g012_i001
D_k9_1od_x1.0,seed_best_preview.csv,D:\PSPS\runs_D_k9_1od_x1.0\analysis\tables\seed_best_preview.csv,8,both,7,23,517.7915,1035583.0,712686.0300000001,2000,,9,D:\PSPS\runs_D_k9_1od_x1.0\both_seed8\g007_i023
D_k9_1od_x1.0,seed_best_preview.csv,D:\PSPS\runs_D_k9_1od_x1.0\analysis\tables\seed_best_preview.csv,8,init,13,10,514.361,1028722.0,701169.7900000006,2000,,9,D:\PSPS\runs_D_k9_1od_x1.0\init_seed8\g013_i010
D_k9_1od_x1.0,seed_best_preview.csv,D:\PSPS\runs_D_k9_1od_x1.0\analysis\tables\seed_best_preview.csv,8,mutation,6,12,515.044,1030088.0,703529.9199999998,2000,,9,D:\PSPS\runs_D_k9_1od_x1.0\mutation_seed8\g006_i012
D_k9_1od_x1.0,seed_best_preview.csv,D:\PSPS\runs_D_k9_1od_x1.0\analysis\tables\seed_best_preview.csv,8,none,11,15,517.359,1034718.0,709537.2000000004,2000,,9,D:\PSPS\runs_D_k9_1od_x1.0\none_seed8\g011_i015
D_k9_1od_x1.0,seed_best_preview.csv,D:\PSPS\runs_D_k9_1od_x1.0\analysis\tables\seed_best_preview.csv,9,both,4,13,515.2335,1030467.0,706167.7899999995,2000,,9,D:\PSPS\runs_D_k9_1od_x1.0\both_seed9\g004_i013
D_k9_1od_x1.0,seed_best_preview.csv,D:\PSPS\runs_D_k9_1od_x1.0\analysis\tables\seed_best_preview.csv,9,init,13,20,514.3865,1028773.0,705445.6099999995,2000,,9,D:\PSPS\runs_D_k9_1od_x1.0\init_seed9\g013_i020
D_k9_1od_x1.0,seed_best_preview.csv,D:\PSPS\runs_D_k9_1od_x1.0\analysis\tables\seed_best_preview.csv,9,mutation,12,14,511.1855,1022371.0,698689.8000000012,2000,,9,D:\PSPS\runs_D_k9_1od_x1.0\mutation_seed9\g012_i014
D_k9_1od_x1.0,seed_best_preview.csv,D:\PSPS\runs_D_k9_1od_x1.0\analysis\tables\seed_best_preview.csv,9,none,10,19,512.742,1025484.0,701498.5900000009,2000,,9,D:\PSPS\runs_D_k9_1od_x1.0\none_seed9\g010_i019
D_k9_1od_x1.2,seed_best_preview.csv,D:\PSPS\runs_D_k9_1od_x1.2\analysis\tables\seed_best_preview.csv,0,both,10,1,518.02,1243248.0,848163.9400000011,2400,,9,D:\PSPS\runs_D_k9_1od_x1.2\both_seed0\g010_i001
D_k9_1od_x1.2,seed_best_preview.csv,D:\PSPS\runs_D_k9_1od_x1.2\analysis\tables\seed_best_preview.csv,0,init,3,10,516.11375,1238673.0,853622.2300000008,2400,,9,D:\PSPS\runs_D_k9_1od_x1.2\init_seed0\g003_i010
D_k9_1od_x1.2,seed_best_preview.csv,D:\PSPS\runs_D_k9_1od_x1.2\analysis\tables\seed_best_preview.csv,0,mutation,15,2,520.43125,1249035.0,857425.0399999999,2400,,9,D:\PSPS\runs_D_k9_1od_x1.2\mutation_seed0\g015_i002
D_k9_1od_x1.2,seed_best_preview.csv,D:\PSPS\runs_D_k9_1od_x1.2\analysis\tables\seed_best_preview.csv,0,none,5,8,520.73875,1249773.0,859696.6700000007,2400,,9,D:\PSPS\runs_D_k9_1od_x1.2\none_seed0\g005_i008
D_k9_1od_x1.2,seed_best_preview.csv,D:\PSPS\runs_D_k9_1od_x1.2\analysis\tables\seed_best_preview.csv,1,both,12,23,516.3854166666666,1239325.0,849877.1699999997,2400,,9,D:\PSPS\runs_D_k9_1od_x1.2\both_seed1\g012_i023
D_k9_1od_x1.2,seed_best_preview.csv,D:\PSPS\runs_D_k9_1od_x1.2\analysis\tables\seed_best_preview.csv,1,init,7,18,517.5733333333334,1242176.0,852219.6299999983,2400,,9,D:\PSPS\runs_D_k9_1od_x1.2\init_seed1\g007_i018
D_k9_1od_x1.2,seed_best_preview.csv,D:\PSPS\runs_D_k9_1od_x1.2\analysis\tables\seed_best_preview.csv,1,mutation,13,18,518.3691666666666,1244086.0,854028.3599999986,2400,,9,D:\PSPS\runs_D_k9_1od_x1.2\mutation_seed1\g013_i018
D_k9_1od_x1.2,seed_best_preview.csv,D:\PSPS\runs_D_k9_1od_x1.2\analysis\tables\seed_best_preview.csv,1,none,15,8,515.7016666666667,1237684.0,847572.8199999996,2400,,9,D:\PSPS\runs_D_k9_1od_x1.2\none_seed1\g015_i008
D_k9_1od_x1.2,seed_best_preview.csv,D:\PSPS\runs_D_k9_1od_x1.2\analysis\tables\seed_best_preview.csv,2,both,8,16,518.35375,1244049.0,852009.1999999989,2400,,9,D:\PSPS\runs_D_k9_1od_x1.2\both_seed2\g008_i016
D_k9_1od_x1.2,seed_best_preview.csv,D:\PSPS\runs_D_k9_1od_x1.2\analysis\tables\seed_best_preview.csv,2,init,13,20,520.03625,1248087.0,861011.649999999,2400,,9,D:\PSPS\runs_D_k9_1od_x1.2\init_seed2\g013_i020
D_k9_1od_x1.2,seed_best_preview.csv,D:\PSPS\runs_D_k9_1od_x1.2\analysis\tables\seed_best_preview.csv,2,mutation,6,11,516.8591666666666,1240462.0,844575.2699999979,2400,,9,D:\PSPS\runs_D_k9_1od_x1.2\mutation_seed2\g006_i011
D_k9_1od_x1.2,seed_best_preview.csv,D:\PSPS\runs_D_k9_1od_x1.2\analysis\tables\seed_best_preview.csv,2,none,8,2,517.5745833333333,1242179.0,853837.1199999999,2400,,9,D:\PSPS\runs_D_k9_1od_x1.2\none_seed2\g008_i002
D_k9_1od_x1.2,seed_best_preview.csv,D:\PSPS\runs_D_k9_1od_x1.2\analysis\tables\seed_best_preview.csv,3,both,5,11,518.35375,1244049.0,852009.1999999989,2400,,9,D:\PSPS\runs_D_k9_1od_x1.2\both_seed3\g005_i011
D_k9_1od_x1.2,seed_best_preview.csv,D:\PSPS\runs_D_k9_1od_x1.2\analysis\tables\seed_best_preview.csv,3,init,7,1,516.9745833333334,1240739.0,850883.9799999978,2400,,9,D:\PSPS\runs_D_k9_1od_x1.2\init_seed3\g007_i001
D_k9_1od_x1.2,seed_best_preview.csv,D:\PSPS\runs_D_k9_1od_x1.2\analysis\tables\seed_best_preview.csv,3,mutation,12,20,513.76875,1233045.0,840533.6900000005,2400,,9,D:\PSPS\runs_D_k9_1od_x1.2\mutation_seed3\g012_i020
D_k9_1od_x1.2,seed_best_preview.csv,D:\PSPS\runs_D_k9_1od_x1.2\analysis\tables\seed_best_preview.csv,3,none,2,16,519.0095833333334,1245623.0,856046.1999999986,2400,,9,D:\PSPS\runs_D_k9_1od_x1.2\none_seed3\g002_i016
D_k9_1od_x1.2,seed_best_preview.csv,D:\PSPS\runs_D_k9_1od_x1.2\analysis\tables\seed_best_preview.csv,4,both,14,18,514.9029166666667,1235767.0,835990.9399999998,2400,,9,D:\PSPS\runs_D_k9_1od_x1.2\both_seed4\g014_i018
D_k9_1od_x1.2,seed_best_preview.csv,D:\PSPS\runs_D_k9_1od_x1.2\analysis\tables\seed_best_preview.csv,4,init,15,15,516.2820833333334,1239077.0,850565.7400000013,2400,,9,D:\PSPS\runs_D_k9_1od_x1.2\init_seed4\g015_i015
D_k9_1od_x1.2,seed_best_preview.csv,D:\PSPS\runs_D_k9_1od_x1.2\analysis\tables\seed_best_preview.csv,4,mutation,11,8,514.9029166666667,1235767.0,835990.9399999998,2400,,9,D:\PSPS\runs_D_k9_1od_x1.2\mutation_seed4\g011_i008
D_k9_1od_x1.2,seed_best_preview.csv,D:\PSPS\runs_D_k9_1od_x1.2\analysis\tables\seed_best_preview.csv,4,none,6,19,514.9029166666667,1235767.0,835990.9399999998,2400,,9,D:\PSPS\runs_D_k9_1od_x1.2\none_seed4\g006_i019
D_k9_1od_x1.2,seed_best_preview.csv,D:\PSPS\runs_D_k9_1od_x1.2\analysis\tables\seed_best_preview.csv,5,both,14,13,517.2108333333333,1241306.0,852134.8000000005,2400,,9,D:\PSPS\runs_D_k9_1od_x1.2\both_seed5\g014_i013
D_k9_1od_x1.2,seed_best_preview.csv,D:\PSPS\runs_D_k9_1od_x1.2\analysis\tables\seed_best_preview.csv,5,init,2,3,517.0133333333333,1240832.0,850852.2600000014,2400,,9,D:\PSPS\runs_D_k9_1od_x1.2\init_seed5\g002_i003
D_k9_1od_x1.2,seed_best_preview.csv,D:\PSPS\runs_D_k9_1od_x1.2\analysis\tables\seed_best_preview.csv,5,mutation,2,22,519.33625,1246407.0,850042.2800000003,2400,,9,D:\PSPS\runs_D_k9_1od_x1.2\mutation_seed5\g002_i022
D_k9_1od_x1.2,seed_best_preview.csv,D:\PSPS\runs_D_k9_1od_x1.2\analysis\tables\seed_best_preview.csv,5,none,14,9,520.14125,1248339.0,857343.0699999994,2400,,9,D:\PSPS\runs_D_k9_1od_x1.2\none_seed5\g014_i009
D_k9_1od_x1.2,seed_best_preview.csv,D:\PSPS\runs_D_k9_1od_x1.2\analysis\tables\seed_best_preview.csv,6,both,7,16,516.9095833333333,1240583.0,850058.6899999987,2400,,9,D:\PSPS\runs_D_k9_1od_x1.2\both_seed6\g007_i016
D_k9_1od_x1.2,seed_best_preview.csv,D:\PSPS\runs_D_k9_1od_x1.2\analysis\tables\seed_best_preview.csv,6,init,11,7,517.5745833333333,1242179.0,853837.1199999999,2400,,9,D:\PSPS\runs_D_k9_1od_x1.2\init_seed6\g011_i007
D_k9_1od_x1.2,seed_best_preview.csv,D:\PSPS\runs_D_k9_1od_x1.2\analysis\tables\seed_best_preview.csv,6,mutation,10,13,517.755,1242612.0,854135.4400000012,2400,,9,D:\PSPS\runs_D_k9_1od_x1.2\mutation_seed6\g010_i013
D_k9_1od_x1.2,seed_best_preview.csv,D:\PSPS\runs_D_k9_1od_x1.2\analysis\tables\seed_best_preview.csv,6,none,15,2,518.68375,1244841.0,854865.4699999997,2400,,9,D:\PSPS\runs_D_k9_1od_x1.2\none_seed6\g015_i002
D_k9_1od_x1.2,seed_best_preview.csv,D:\PSPS\runs_D_k9_1od_x1.2\analysis\tables\seed_best_preview.csv,7,both,15,11,517.2108333333333,1241306.0,852134.8000000005,2400,,9,D:\PSPS\runs_D_k9_1od_x1.2\both_seed7\g015_i011
D_k9_1od_x1.2,seed_best_preview.csv,D:\PSPS\runs_D_k9_1od_x1.2\analysis\tables\seed_best_preview.csv,7,init,6,5,519.0158333333334,1245638.0,857402.8200000008,2400,,9,D:\PSPS\runs_D_k9_1od_x1.2\init_seed7\g006_i005
D_k9_1od_x1.2,seed_best_preview.csv,D:\PSPS\runs_D_k9_1od_x1.2\analysis\tables\seed_best_preview.csv,7,mutation,11,14,517.2108333333333,1241306.0,852134.8000000005,2400,,9,D:\PSPS\runs_D_k9_1od_x1.2\mutation_seed7\g011_i014
D_k9_1od_x1.2,seed_best_preview.csv,D:\PSPS\runs_D_k9_1od_x1.2\analysis\tables\seed_best_preview.csv,7,none,14,1,511.3041666666667,1227130.0,835140.6000000006,2400,,9,D:\PSPS\runs_D_k9_1od_x1.2\none_seed7\g014_i001
D_k9_1od_x1.2,seed_best_preview.csv,D:\PSPS\runs_D_k9_1od_x1.2\analysis\tables\seed_best_preview.csv,8,both,12,18,514.9029166666667,1235767.0,835990.9399999998,2400,,9,D:\PSPS\runs_D_k9_1od_x1.2\both_seed8\g012_i018
D_k9_1od_x1.2,seed_best_preview.csv,D:\PSPS\runs_D_k9_1od_x1.2\analysis\tables\seed_best_preview.csv,8,init,4,17,517.72375,1242537.0,849972.8000000013,2400,,9,D:\PSPS\runs_D_k9_1od_x1.2\init_seed8\g004_i017
D_k9_1od_x1.2,seed_best_preview.csv,D:\PSPS\runs_D_k9_1od_x1.2\analysis\tables\seed_best_preview.csv,8,mutation,14,13,517.9929166666667,1243183.0,842984.0199999982,2400,,9,D:\PSPS\runs_D_k9_1od_x1.2\mutation_seed8\g014_i013
D_k9_1od_x1.2,seed_best_preview.csv,D:\PSPS\runs_D_k9_1od_x1.2\analysis\tables\seed_best_preview.csv,8,none,5,8,518.9979166666667,1245595.0,857487.5099999999,2400,,9,D:\PSPS\runs_D_k9_1od_x1.2\none_seed8\g005_i008
D_k9_1od_x1.2,seed_best_preview.csv,D:\PSPS\runs_D_k9_1od_x1.2\analysis\tables\seed_best_preview.csv,9,both,13,9,518.7533333333333,1245008.0,856254.2599999978,2400,,9,D:\PSPS\runs_D_k9_1od_x1.2\both_seed9\g013_i009
D_k9_1od_x1.2,seed_best_preview.csv,D:\PSPS\runs_D_k9_1od_x1.2\analysis\tables\seed_best_preview.csv,9,init,5,13,516.5845833333333,1239803.0,853754.1599999999,2400,,9,D:\PSPS\runs_D_k9_1od_x1.2\init_seed9\g005_i013
D_k9_1od_x1.2,seed_best_preview.csv,D:\PSPS\runs_D_k9_1od_x1.2\analysis\tables\seed_best_preview.csv,9,mutation,7,12,518.7466666666667,1244992.0,850874.6099999994,2400,,9,D:\PSPS\runs_D_k9_1od_x1.2\mutation_seed9\g007_i012
D_k9_1od_x1.2,seed_best_preview.csv,D:\PSPS\runs_D_k9_1od_x1.2\analysis\tables\seed_best_preview.csv,9,none,12,1,516.8354166666667,1240405.0,851321.68,2400,,9,D:\PSPS\runs_D_k9_1od_x1.2\none_seed9\g012_i001
D_k9_2od_x0.8,seed_best_preview.csv,D:\PSPS\runs_D_k9_2od_x0.8\analysis\tables\seed_best_preview.csv,0,both,10,5,716.956875,1147131.0,863210.8600000001,1600,,9,D:\PSPS\runs_D_k9_2od_x0.8\both_seed0\g010_i005
D_k9_2od_x0.8,seed_best_preview.csv,D:\PSPS\runs_D_k9_2od_x0.8\analysis\tables\seed_best_preview.csv,0,init,10,11,718.7725,1150036.0,863141.27,1600,,9,D:\PSPS\runs_D_k9_2od_x0.8\init_seed0\g010_i011
D_k9_2od_x0.8,seed_best_preview.csv,D:\PSPS\runs_D_k9_2od_x0.8\analysis\tables\seed_best_preview.csv,0,mutation,2,8,717.5075,1148012.0,861869.2999999988,1600,,9,D:\PSPS\runs_D_k9_2od_x0.8\mutation_seed0\g002_i008
D_k9_2od_x0.8,seed_best_preview.csv,D:\PSPS\runs_D_k9_2od_x0.8\analysis\tables\seed_best_preview.csv,0,none,5,10,717.183125,1147493.0,862179.3800000012,1600,,9,D:\PSPS\runs_D_k9_2od_x0.8\none_seed0\g005_i010
D_k9_2od_x0.8,seed_best_preview.csv,D:\PSPS\runs_D_k9_2od_x0.8\analysis\tables\seed_best_preview.csv,1,both,8,12,716.855,1146968.0,862654.1999999997,1600,,9,D:\PSPS\runs_D_k9_2od_x0.8\both_seed1\g008_i012
D_k9_2od_x0.8,seed_best_preview.csv,D:\PSPS\runs_D_k9_2od_x0.8\analysis\tables\seed_best_preview.csv,1,init,5,3,719.055625,1150489.0,860132.1299999999,1600,,9,D:\PSPS\runs_D_k9_2od_x0.8\init_seed1\g005_i003
D_k9_2od_x0.8,seed_best_preview.csv,D:\PSPS\runs_D_k9_2od_x0.8\analysis\tables\seed_best_preview.csv,1,mutation,13,21,717.5475,1148076.0,861629.0799999995,1600,,9,D:\PSPS\runs_D_k9_2od_x0.8\mutation_seed1\g013_i021
D_k9_2od_x0.8,seed_best_preview.csv,D:\PSPS\runs_D_k9_2od_x0.8\analysis\tables\seed_best_preview.csv,1,none,5,6,718.514375,1149623.0,863959.4500000005,1600,,9,D:\PSPS\runs_D_k9_2od_x0.8\none_seed1\g005_i006
D_k9_2od_x0.8,seed_best_preview.csv,D:\PSPS\runs_D_k9_2od_x0.8\analysis\tables\seed_best_preview.csv,2,both,12,11,714.284375,1142855.0,856893.6099999995,1600,,9,D:\PSPS\runs_D_k9_2od_x0.8\both_seed2\g012_i011
D_k9_2od_x0.8,seed_best_preview.csv,D:\PSPS\runs_D_k9_2od_x0.8\analysis\tables\seed_best_preview.csv,2,init,8,10,715.57375,1144918.0,857458.9999999987,1600,,9,D:\PSPS\runs_D_k9_2od_x0.8\init_seed2\g008_i010
D_k9_2od_x0.8,seed_best_preview.csv,D:\PSPS\runs_D_k9_2od_x0.8\analysis\tables\seed_best_preview.csv,2,mutation,13,5,717.5075,1148012.0,861869.2999999988,1600,,9,D:\PSPS\runs_D_k9_2od_x0.8\mutation_seed2\g013_i005
D_k9_2od_x0.8,seed_best_preview.csv,D:\PSPS\runs_D_k9_2od_x0.8\analysis\tables\seed_best_preview.csv,2,none,7,23,718.615625,1149785.0,863213.2799999998,1600,,9,D:\PSPS\runs_D_k9_2od_x0.8\none_seed2\g007_i023
D_k9_2od_x0.8,seed_best_preview.csv,D:\PSPS\runs_D_k9_2od_x0.8\analysis\tables\seed_best_preview.csv,3,both,13,14,717.5075,1148012.0,861869.2999999988,1600,,9,D:\PSPS\runs_D_k9_2od_x0.8\both_seed3\g013_i014
D_k9_2od_x0.8,seed_best_preview.csv,D:\PSPS\runs_D_k9_2od_x0.8\analysis\tables\seed_best_preview.csv,3,init,3,12,719.4875,1151180.0,864704.2899999995,1600,,9,D:\PSPS\runs_D_k9_2od_x0.8\init_seed3\g003_i012
D_k9_2od_x0.8,seed_best_preview.csv,D:\PSPS\runs_D_k9_2od_x0.8\analysis\tables\seed_best_preview.csv,3,mutation,5,11,717.5075,1148012.0,861869.2999999988,1600,,9,D:\PSPS\runs_D_k9_2od_x0.8\mutation_seed3\g005_i011
D_k9_2od_x0.8,seed_best_preview.csv,D:\PSPS\runs_D_k9_2od_x0.8\analysis\tables\seed_best_preview.csv,3,none,6,23,712.440625,1139905.0,853999.7800000019,1600,,9,D:\PSPS\runs_D_k9_2od_x0.8\none_seed3\g006_i023
D_k9_2od_x0.8,seed_best_preview.csv,D:\PSPS\runs_D_k9_2od_x0.8\analysis\tables\seed_best_preview.csv,4,both,4,22,717.065,1147304.0,861229.4000000011,1600,,9,D:\PSPS\runs_D_k9_2od_x0.8\both_seed4\g004_i022
D_k9_2od_x0.8,seed_best_preview.csv,D:\PSPS\runs_D_k9_2od_x0.8\analysis\tables\seed_best_preview.csv,4,init,2,10,717.5075,1148012.0,861869.2999999988,1600,,9,D:\PSPS\runs_D_k9_2od_x0.8\init_seed4\g002_i010
D_k9_2od_x0.8,seed_best_preview.csv,D:\PSPS\runs_D_k9_2od_x0.8\analysis\tables\seed_best_preview.csv,4,mutation,8,15,716.145,1145832.0,859076.2500000008,1600,,9,D:\PSPS\runs_D_k9_2od_x0.8\mutation_seed4\g008_i015
D_k9_2od_x0.8,seed_best_preview.csv,D:\PSPS\runs_D_k9_2od_x0.8\analysis\tables\seed_best_preview.csv,4,none,6,4,717.878125,1148605.0,863713.0599999994,1600,,9,D:\PSPS\runs_D_k9_2od_x0.8\none_seed4\g006_i004
D_k9_2od_x0.8,seed_best_preview.csv,D:\PSPS\runs_D_k9_2od_x0.8\analysis\tables\seed_best_preview.csv,5,both,7,22,717.2675,1147628.0,861336.0399999996,1600,,9,D:\PSPS\runs_D_k9_2od_x0.8\both_seed5\g007_i022
D_k9_2od_x0.8,seed_best_preview.csv,D:\PSPS\runs_D_k9_2od_x0.8\analysis\tables\seed_best_preview.csv,5,init,2,12,720.145,1152232.0,866240.0000000009,1600,,9,D:\PSPS\runs_D_k9_2od_x0.8\init_seed5\g002_i012
D_k9_2od_x0.8,seed_best_preview.csv,D:\PSPS\runs_D_k9_2od_x0.8\analysis\tables\seed_best_preview.csv,5,mutation,9,18,718.514375,1149623.0,862932.5900000007,1600,,9,D:\PSPS\runs_D_k9_2od_x0.8\mutation_seed5\g009_i018
D_k9_2od_x0.8,seed_best_preview.csv,D:\PSPS\runs_D_k9_2od_x0.8\analysis\tables\seed_best_preview.csv,5,none,15,20,718.92625,1150282.0,865741.7099999987,1600,,9,D:\PSPS\runs_D_k9_2od_x0.8\none_seed5\g015_i020
D_k9_2od_x0.8,seed_best_preview.csv,D:\PSPS\runs_D_k9_2od_x0.8\analysis\tables\seed_best_preview.csv,6,both,13,7,716.06375,1145702.0,860162.2900000012,1600,,9,D:\PSPS\runs_D_k9_2od_x0.8\both_seed6\g013_i007
D_k9_2od_x0.8,seed_best_preview.csv,D:\PSPS\runs_D_k9_2od_x0.8\analysis\tables\seed_best_preview.csv,6,init,5,1,717.5075,1148012.0,861869.2999999988,1600,,9,D:\PSPS\runs_D_k9_2od_x0.8\init_seed6\g005_i001
D_k9_2od_x0.8,seed_best_preview.csv,D:\PSPS\runs_D_k9_2od_x0.8\analysis\tables\seed_best_preview.csv,6,mutation,11,22,714.8525,1143764.0,854279.5599999991,1600,,9,D:\PSPS\runs_D_k9_2od_x0.8\mutation_seed6\g011_i022
D_k9_2od_x0.8,seed_best_preview.csv,D:\PSPS\runs_D_k9_2od_x0.8\analysis\tables\seed_best_preview.csv,6,none,8,23,716.34125,1146146.0,862058.6299999998,1600,,9,D:\PSPS\runs_D_k9_2od_x0.8\none_seed6\g008_i023
D_k9_2od_x0.8,seed_best_preview.csv,D:\PSPS\runs_D_k9_2od_x0.8\analysis\tables\seed_best_preview.csv,7,both,6,17,719.4875,1151180.0,864704.2899999995,1600,,9,D:\PSPS\runs_D_k9_2od_x0.8\both_seed7\g006_i017
D_k9_2od_x0.8,seed_best_preview.csv,D:\PSPS\runs_D_k9_2od_x0.8\analysis\tables\seed_best_preview.csv,7,init,8,7,717.265,1147624.0,862176.3099999995,1600,,9,D:\PSPS\runs_D_k9_2od_x0.8\init_seed7\g008_i007
D_k9_2od_x0.8,seed_best_preview.csv,D:\PSPS\runs_D_k9_2od_x0.8\analysis\tables\seed_best_preview.csv,7,mutation,11,17,716.089375,1145743.0,855513.8299999994,1600,,9,D:\PSPS\runs_D_k9_2od_x0.8\mutation_seed7\g011_i017
D_k9_2od_x0.8,seed_best_preview.csv,D:\PSPS\runs_D_k9_2od_x0.8\analysis\tables\seed_best_preview.csv,7,none,11,22,719.93375,1151894.0,860217.9800000009,1600,,9,D:\PSPS\runs_D_k9_2od_x0.8\none_seed7\g011_i022
D_k9_2od_x0.8,seed_best_preview.csv,D:\PSPS\runs_D_k9_2od_x0.8\analysis\tables\seed_best_preview.csv,8,both,7,4,717.489375,1147983.0,860333.7900000013,1600,,9,D:\PSPS\runs_D_k9_2od_x0.8\both_seed8\g007_i004
D_k9_2od_x0.8,seed_best_preview.csv,D:\PSPS\runs_D_k9_2od_x0.8\analysis\tables\seed_best_preview.csv,8,init,6,4,716.5925,1146548.0,860217.0300000015,1600,,9,D:\PSPS\runs_D_k9_2od_x0.8\init_seed8\g006_i004
D_k9_2od_x0.8,seed_best_preview.csv,D:\PSPS\runs_D_k9_2od_x0.8\analysis\tables\seed_best_preview.csv,8,mutation,15,4,716.06375,1145702.0,860162.2900000012,1600,,9,D:\PSPS\runs_D_k9_2od_x0.8\mutation_seed8\g015_i004
D_k9_2od_x0.8,seed_best_preview.csv,D:\PSPS\runs_D_k9_2od_x0.8\analysis\tables\seed_best_preview.csv,8,none,2,6,720.985625,1153577.0,863485.4999999987,1600,,9,D:\PSPS\runs_D_k9_2od_x0.8\none_seed8\g002_i006
D_k9_2od_x0.8,seed_best_preview.csv,D:\PSPS\runs_D_k9_2od_x0.8\analysis\tables\seed_best_preview.csv,9,both,4,7,716.145,1145832.0,859076.2500000008,1600,,9,D:\PSPS\runs_D_k9_2od_x0.8\both_seed9\g004_i007
D_k9_2od_x0.8,seed_best_preview.csv,D:\PSPS\runs_D_k9_2od_x0.8\analysis\tables\seed_best_preview.csv,9,init,2,12,716.73625,1146778.0,859398.0099999997,1600,,9,D:\PSPS\runs_D_k9_2od_x0.8\init_seed9\g002_i012
D_k9_2od_x0.8,seed_best_preview.csv,D:\PSPS\runs_D_k9_2od_x0.8\analysis\tables\seed_best_preview.csv,9,mutation,14,20,717.399375,1147839.0,862094.5000000002,1600,,9,D:\PSPS\runs_D_k9_2od_x0.8\mutation_seed9\g014_i020
D_k9_2od_x0.8,seed_best_preview.csv,D:\PSPS\runs_D_k9_2od_x0.8\analysis\tables\seed_best_preview.csv,9,none,10,7,719.290625,1150865.0,867188.2700000004,1600,,9,D:\PSPS\runs_D_k9_2od_x0.8\none_seed9\g010_i007
D_k9_2od_x1.0,seed_best_preview.csv,D:\PSPS\runs_D_k9_2od_x1.0\analysis\tables\seed_best_preview.csv,0,both,4,6,724.3435,1448687.0,1086730.3699999985,2000,,9,D:\PSPS\runs_D_k9_2od_x1.0\both_seed0\g004_i006
D_k9_2od_x1.0,seed_best_preview.csv,D:\PSPS\runs_D_k9_2od_x1.0\analysis\tables\seed_best_preview.csv,0,init,12,21,727.4425,1454885.0,1098442.5399999998,2000,,9,D:\PSPS\runs_D_k9_2od_x1.0\init_seed0\g012_i021
D_k9_2od_x1.0,seed_best_preview.csv,D:\PSPS\runs_D_k9_2od_x1.0\analysis\tables\seed_best_preview.csv,0,mutation,12,19,726.7585,1453517.0,1089445.6699999997,2000,,9,D:\PSPS\runs_D_k9_2od_x1.0\mutation_seed0\g012_i019
D_k9_2od_x1.0,seed_best_preview.csv,D:\PSPS\runs_D_k9_2od_x1.0\analysis\tables\seed_best_preview.csv,0,none,2,7,729.136,1458272.0,1099876.839999999,2000,,9,D:\PSPS\runs_D_k9_2od_x1.0\none_seed0\g002_i007
D_k9_2od_x1.0,seed_best_preview.csv,D:\PSPS\runs_D_k9_2od_x1.0\analysis\tables\seed_best_preview.csv,1,both,15,12,723.3745,1446749.0,1084681.13,2000,,9,D:\PSPS\runs_D_k9_2od_x1.0\both_seed1\g015_i012
D_k9_2od_x1.0,seed_best_preview.csv,D:\PSPS\runs_D_k9_2od_x1.0\analysis\tables\seed_best_preview.csv,1,init,4,12,725.236,1450472.0,1088273.9600000002,2000,,9,D:\PSPS\runs_D_k9_2od_x1.0\init_seed1\g004_i012
D_k9_2od_x1.0,seed_best_preview.csv,D:\PSPS\runs_D_k9_2od_x1.0\analysis\tables\seed_best_preview.csv,1,mutation,9,8,727.17,1454340.0,1092440.3400000003,2000,,9,D:\PSPS\runs_D_k9_2od_x1.0\mutation_seed1\g009_i008
D_k9_2od_x1.0,seed_best_preview.csv,D:\PSPS\runs_D_k9_2od_x1.0\analysis\tables\seed_best_preview.csv,1,none,10,3,724.9385,1449877.0,1094266.660000001,2000,,9,D:\PSPS\runs_D_k9_2od_x1.0\none_seed1\g010_i003
D_k9_2od_x1.0,seed_best_preview.csv,D:\PSPS\runs_D_k9_2od_x1.0\analysis\tables\seed_best_preview.csv,2,both,10,23,727.7125,1455425.0,1097712.9500000002,2000,,9,D:\PSPS\runs_D_k9_2od_x1.0\both_seed2\g010_i023
D_k9_2od_x1.0,seed_best_preview.csv,D:\PSPS\runs_D_k9_2od_x1.0\analysis\tables\seed_best_preview.csv,2,init,5,3,728.41,1456820.0,1101491.7499999998,2000,,9,D:\PSPS\runs_D_k9_2od_x1.0\init_seed2\g005_i003
D_k9_2od_x1.0,seed_best_preview.csv,D:\PSPS\runs_D_k9_2od_x1.0\analysis\tables\seed_best_preview.csv,2,mutation,11,1,725.1895,1450379.0,1093433.8799999994,2000,,9,D:\PSPS\runs_D_k9_2od_x1.0\mutation_seed2\g011_i001
D_k9_2od_x1.0,seed_best_preview.csv,D:\PSPS\runs_D_k9_2od_x1.0\analysis\tables\seed_best_preview.csv,2,none,9,1,727.3145,1454629.0,1097536.950000001,2000,,9,D:\PSPS\runs_D_k9_2od_x1.0\none_seed2\g009_i001
D_k9_2od_x1.0,seed_best_preview.csv,D:\PSPS\runs_D_k9_2od_x1.0\analysis\tables\seed_best_preview.csv,3,both,4,22,727.4415,1454883.0,1095448.0499999996,2000,,9,D:\PSPS\runs_D_k9_2od_x1.0\both_seed3\g004_i022
D_k9_2od_x1.0,seed_best_preview.csv,D:\PSPS\runs_D_k9_2od_x1.0\analysis\tables\seed_best_preview.csv,3,init,9,17,728.48,1456960.0,1098423.3800000008,2000,,9,D:\PSPS\runs_D_k9_2od_x1.0\init_seed3\g009_i017
D_k9_2od_x1.0,seed_best_preview.csv,D:\PSPS\runs_D_k9_2od_x1.0\analysis\tables\seed_best_preview.csv,3,mutation,11,19,724.7415,1449483.0,1092114.8399999992,2000,,9,D:\PSPS\runs_D_k9_2od_x1.0\mutation_seed3\g011_i019
D_k9_2od_x1.0,seed_best_preview.csv,D:\PSPS\runs_D_k9_2od_x1.0\analysis\tables\seed_best_preview.csv,3,none,13,22,728.3575,1456715.0,1096487.0299999998,2000,,9,D:\PSPS\runs_D_k9_2od_x1.0\none_seed3\g013_i022
D_k9_2od_x1.0,seed_best_preview.csv,D:\PSPS\runs_D_k9_2od_x1.0\analysis\tables\seed_best_preview.csv,4,both,10,15,726.104,1452208.0,1094758.749999999,2000,,9,D:\PSPS\runs_D_k9_2od_x1.0\both_seed4\g010_i015
D_k9_2od_x1.0,seed_best_preview.csv,D:\PSPS\runs_D_k9_2od_x1.0\analysis\tables\seed_best_preview.csv,4,init,8,9,729.3305,1458661.0,1097570.5299999996,2000,,9,D:\PSPS\runs_D_k9_2od_x1.0\init_seed4\g008_i009
D_k9_2od_x1.0,seed_best_preview.csv,D:\PSPS\runs_D_k9_2od_x1.0\analysis\tables\seed_best_preview.csv,4,mutation,12,3,725.8335,1451667.0,1093208.9000000004,2000,,9,D:\PSPS\runs_D_k9_2od_x1.0\mutation_seed4\g012_i003
D_k9_2od_x1.0,seed_best_preview.csv,D:\PSPS\runs_D_k9_2od_x1.0\analysis\tables\seed_best_preview.csv,4,none,13,19,727.9375,1455875.0,1096093.4500000018,2000,,9,D:\PSPS\runs_D_k9_2od_x1.0\none_seed4\g013_i019
D_k9_2od_x1.0,seed_best_preview.csv,D:\PSPS\runs_D_k9_2od_x1.0\analysis\tables\seed_best_preview.csv,5,both,15,7,727.3835,1454767.0,1091973.9999999988,2000,,9,D:\PSPS\runs_D_k9_2od_x1.0\both_seed5\g015_i007
D_k9_2od_x1.0,seed_best_preview.csv,D:\PSPS\runs_D_k9_2od_x1.0\analysis\tables\seed_best_preview.csv,5,init,5,23,728.6105,1457221.0,1097502.7299999988,2000,,9,D:\PSPS\runs_D_k9_2od_x1.0\init_seed5\g005_i023
D_k9_2od_x1.0,seed_best_preview.csv,D:\PSPS\runs_D_k9_2od_x1.0\analysis\tables\seed_best_preview.csv,5,mutation,9,13,727.704,1455408.0,1099810.2599999998,2000,,9,D:\PSPS\runs_D_k9_2od_x1.0\mutation_seed5\g009_i013
D_k9_2od_x1.0,seed_best_preview.csv,D:\PSPS\runs_D_k9_2od_x1.0\analysis\tables\seed_best_preview.csv,5,none,5,9,727.6875,1455375.0,1091275.2999999986,2000,,9,D:\PSPS\runs_D_k9_2od_x1.0\none_seed5\g005_i009
D_k9_2od_x1.0,seed_best_preview.csv,D:\PSPS\runs_D_k9_2od_x1.0\analysis\tables\seed_best_preview.csv,6,both,5,18,730.5425,1461085.0,1104604.7499999995,2000,,9,D:\PSPS\runs_D_k9_2od_x1.0\both_seed6\g005_i018
D_k9_2od_x1.0,seed_best_preview.csv,D:\PSPS\runs_D_k9_2od_x1.0\analysis\tables\seed_best_preview.csv,6,init,11,1,726.7515,1453503.0,1096762.6700000018,2000,,9,D:\PSPS\runs_D_k9_2od_x1.0\init_seed6\g011_i001
D_k9_2od_x1.0,seed_best_preview.csv,D:\PSPS\runs_D_k9_2od_x1.0\analysis\tables\seed_best_preview.csv,6,mutation,10,17,730.2095,1460419.0,1100636.33,2000,,9,D:\PSPS\runs_D_k9_2od_x1.0\mutation_seed6\g010_i017
D_k9_2od_x1.0,seed_best_preview.csv,D:\PSPS\runs_D_k9_2od_x1.0\analysis\tables\seed_best_preview.csv,6,none,2,16,725.479,1450958.0,1093615.57,2000,,9,D:\PSPS\runs_D_k9_2od_x1.0\none_seed6\g002_i016
D_k9_2od_x1.0,seed_best_preview.csv,D:\PSPS\runs_D_k9_2od_x1.0\analysis\tables\seed_best_preview.csv,7,both,9,10,728.515,1457030.0,1099056.59,2000,,9,D:\PSPS\runs_D_k9_2od_x1.0\both_seed7\g009_i010
D_k9_2od_x1.0,seed_best_preview.csv,D:\PSPS\runs_D_k9_2od_x1.0\analysis\tables\seed_best_preview.csv,7,init,14,22,725.428,1450856.0,1087088.2799999986,2000,,9,D:\PSPS\runs_D_k9_2od_x1.0\init_seed7\g014_i022
D_k9_2od_x1.0,seed_best_preview.csv,D:\PSPS\runs_D_k9_2od_x1.0\analysis\tables\seed_best_preview.csv,7,mutation,15,20,725.9875,1451975.0,1095860.0599999994,2000,,9,D:\PSPS\runs_D_k9_2od_x1.0\mutation_seed7\g015_i020
D_k9_2od_x1.0,seed_best_preview.csv,D:\PSPS\runs_D_k9_2od_x1.0\analysis\tables\seed_best_preview.csv,7,none,13,10,729.727,1459454.0,1095772.8599999985,2000,,9,D:\PSPS\runs_D_k9_2od_x1.0\none_seed7\g013_i010
D_k9_2od_x1.0,seed_best_preview.csv,D:\PSPS\runs_D_k9_2od_x1.0\analysis\tables\seed_best_preview.csv,8,both,12,6,722.654,1445308.0,1084494.4799999977,2000,,9,D:\PSPS\runs_D_k9_2od_x1.0\both_seed8\g012_i006
D_k9_2od_x1.0,seed_best_preview.csv,D:\PSPS\runs_D_k9_2od_x1.0\analysis\tables\seed_best_preview.csv,8,init,9,23,726.179,1452358.0,1095725.08,2000,,9,D:\PSPS\runs_D_k9_2od_x1.0\init_seed8\g009_i023
D_k9_2od_x1.0,seed_best_preview.csv,D:\PSPS\runs_D_k9_2od_x1.0\analysis\tables\seed_best_preview.csv,8,mutation,8,18,727.8155,1455631.0,1095046.35,2000,,9,D:\PSPS\runs_D_k9_2od_x1.0\mutation_seed8\g008_i018
D_k9_2od_x1.0,seed_best_preview.csv,D:\PSPS\runs_D_k9_2od_x1.0\analysis\tables\seed_best_preview.csv,8,none,11,14,727.609,1455218.0,1096717.7199999995,2000,,9,D:\PSPS\runs_D_k9_2od_x1.0\none_seed8\g011_i014
D_k9_2od_x1.0,seed_best_preview.csv,D:\PSPS\runs_D_k9_2od_x1.0\analysis\tables\seed_best_preview.csv,9,both,2,9,727.3145,1454629.0,1097536.950000001,2000,,9,D:\PSPS\runs_D_k9_2od_x1.0\both_seed9\g002_i009
D_k9_2od_x1.0,seed_best_preview.csv,D:\PSPS\runs_D_k9_2od_x1.0\analysis\tables\seed_best_preview.csv,9,init,1,16,728.1235,1456247.0,1096808.0299999996,2000,,6,D:\PSPS\runs_D_k9_2od_x1.0\init_seed9\g001_i016
D_k9_2od_x1.0,seed_best_preview.csv,D:\PSPS\runs_D_k9_2od_x1.0\analysis\tables\seed_best_preview.csv,9,mutation,9,19,723.754,1447508.0,1090685.820000001,2000,,9,D:\PSPS\runs_D_k9_2od_x1.0\mutation_seed9\g009_i019
D_k9_2od_x1.0,seed_best_preview.csv,D:\PSPS\runs_D_k9_2od_x1.0\analysis\tables\seed_best_preview.csv,9,none,8,2,726.042,1452084.0,1094537.08,2000,,9,D:\PSPS\runs_D_k9_2od_x1.0\none_seed9\g008_i002
D_k9_2od_x1.2,seed_best_preview.csv,D:\PSPS\runs_D_k9_2od_x1.2\analysis\tables\seed_best_preview.csv,0,both,13,2,729.705,1751292.0,1323081.7099999986,2400,,9,D:\PSPS\runs_D_k9_2od_x1.2\both_seed0\g013_i002
D_k9_2od_x1.2,seed_best_preview.csv,D:\PSPS\runs_D_k9_2od_x1.2\analysis\tables\seed_best_preview.csv,0,init,15,10,734.0291666666667,1761670.0,1333319.210000002,2400,,9,D:\PSPS\runs_D_k9_2od_x1.2\init_seed0\g015_i010
D_k9_2od_x1.2,seed_best_preview.csv,D:\PSPS\runs_D_k9_2od_x1.2\analysis\tables\seed_best_preview.csv,0,mutation,2,7,730.7604166666666,1753825.0,1326542.8699999985,2400,,9,D:\PSPS\runs_D_k9_2od_x1.2\mutation_seed0\g002_i007
D_k9_2od_x1.2,seed_best_preview.csv,D:\PSPS\runs_D_k9_2od_x1.2\analysis\tables\seed_best_preview.csv,0,none,11,18,731.9441666666667,1756666.0,1329986.0099999993,2400,,9,D:\PSPS\runs_D_k9_2od_x1.2\none_seed0\g011_i018
D_k9_2od_x1.2,seed_best_preview.csv,D:\PSPS\runs_D_k9_2od_x1.2\analysis\tables\seed_best_preview.csv,1,both,15,8,732.0695833333333,1756967.0,1329568.0199999954,2400,,9,D:\PSPS\runs_D_k9_2od_x1.2\both_seed1\g015_i008
D_k9_2od_x1.2,seed_best_preview.csv,D:\PSPS\runs_D_k9_2od_x1.2\analysis\tables\seed_best_preview.csv,1,init,11,20,734.5316666666666,1762876.0,1331886.3200000017,2400,,9,D:\PSPS\runs_D_k9_2od_x1.2\init_seed1\g011_i020
D_k9_2od_x1.2,seed_best_preview.csv,D:\PSPS\runs_D_k9_2od_x1.2\analysis\tables\seed_best_preview.csv,1,mutation,5,23,733.9975,1761594.0,1330429.8299999968,2400,,9,D:\PSPS\runs_D_k9_2od_x1.2\mutation_seed1\g005_i023
D_k9_2od_x1.2,seed_best_preview.csv,D:\PSPS\runs_D_k9_2od_x1.2\analysis\tables\seed_best_preview.csv,1,none,3,15,731.04375,1754505.0,1324820.3700000013,2400,,9,D:\PSPS\runs_D_k9_2od_x1.2\none_seed1\g003_i015
D_k9_2od_x1.2,seed_best_preview.csv,D:\PSPS\runs_D_k9_2od_x1.2\analysis\tables\seed_best_preview.csv,2,both,8,21,731.5441666666667,1755706.0,1326444.2299999988,2400,,9,D:\PSPS\runs_D_k9_2od_x1.2\both_seed2\g008_i021
D_k9_2od_x1.2,seed_best_preview.csv,D:\PSPS\runs_D_k9_2od_x1.2\analysis\tables\seed_best_preview.csv,2,init,14,5,730.4533333333334,1753088.0,1324696.939999997,2400,,9,D:\PSPS\runs_D_k9_2od_x1.2\init_seed2\g014_i005
D_k9_2od_x1.2,seed_best_preview.csv,D:\PSPS\runs_D_k9_2od_x1.2\analysis\tables\seed_best_preview.csv,2,mutation,14,23,733.4679166666666,1760323.0,1330111.0099999998,2400,,9,D:\PSPS\runs_D_k9_2od_x1.2\mutation_seed2\g014_i023
D_k9_2od_x1.2,seed_best_preview.csv,D:\PSPS\runs_D_k9_2od_x1.2\analysis\tables\seed_best_preview.csv,2,none,14,18,732.47625,1757943.0,1329289.7599999986,2400,,9,D:\PSPS\runs_D_k9_2od_x1.2\none_seed2\g014_i018
D_k9_2od_x1.2,seed_best_preview.csv,D:\PSPS\runs_D_k9_2od_x1.2\analysis\tables\seed_best_preview.csv,3,both,15,9,735.08625,1764207.0,1331185.4099999976,2400,,9,D:\PSPS\runs_D_k9_2od_x1.2\both_seed3\g015_i009
D_k9_2od_x1.2,seed_best_preview.csv,D:\PSPS\runs_D_k9_2od_x1.2\analysis\tables\seed_best_preview.csv,3,init,13,20,733.7645833333333,1761035.0,1329677.6100000013,2400,,9,D:\PSPS\runs_D_k9_2od_x1.2\init_seed3\g013_i020
D_k9_2od_x1.2,seed_best_preview.csv,D:\PSPS\runs_D_k9_2od_x1.2\analysis\tables\seed_best_preview.csv,3,mutation,12,14,732.4029166666667,1757767.0,1325289.290000003,2400,,9,D:\PSPS\runs_D_k9_2od_x1.2\mutation_seed3\g012_i014
D_k9_2od_x1.2,seed_best_preview.csv,D:\PSPS\runs_D_k9_2od_x1.2\analysis\tables\seed_best_preview.csv,3,none,13,11,736.29375,1767105.0,1336263.3199999975,2400,,9,D:\PSPS\runs_D_k9_2od_x1.2\none_seed3\g013_i011
D_k9_2od_x1.2,seed_best_preview.csv,D:\PSPS\runs_D_k9_2od_x1.2\analysis\tables\seed_best_preview.csv,4,both,14,8,732.8408333333333,1758818.0,1329558.3899999992,2400,,9,D:\PSPS\runs_D_k9_2od_x1.2\both_seed4\g014_i008
D_k9_2od_x1.2,seed_best_preview.csv,D:\PSPS\runs_D_k9_2od_x1.2\analysis\tables\seed_best_preview.csv,4,init,3,2,731.9195833333333,1756607.0,1328899.5100000002,2400,,9,D:\PSPS\runs_D_k9_2od_x1.2\init_seed4\g003_i002
D_k9_2od_x1.2,seed_best_preview.csv,D:\PSPS\runs_D_k9_2od_x1.2\analysis\tables\seed_best_preview.csv,4,mutation,9,21,726.775,1744260.0,1313496.6299999985,2400,,9,D:\PSPS\runs_D_k9_2od_x1.2\mutation_seed4\g009_i021
D_k9_2od_x1.2,seed_best_preview.csv,D:\PSPS\runs_D_k9_2od_x1.2\analysis\tables\seed_best_preview.csv,4,none,5,23,729.1941666666667,1750066.0,1325739.4299999997,2400,,9,D:\PSPS\runs_D_k9_2od_x1.2\none_seed4\g005_i023
D_k9_2od_x1.2,seed_best_preview.csv,D:\PSPS\runs_D_k9_2od_x1.2\analysis\tables\seed_best_preview.csv,5,both,8,13,729.705,1751292.0,1323081.7099999986,2400,,9,D:\PSPS\runs_D_k9_2od_x1.2\both_seed5\g008_i013
D_k9_2od_x1.2,seed_best_preview.csv,D:\PSPS\runs_D_k9_2od_x1.2\analysis\tables\seed_best_preview.csv,5,init,12,5,732.4029166666667,1757767.0,1329247.5100000033,2400,,9,D:\PSPS\runs_D_k9_2od_x1.2\init_seed5\g012_i005
D_k9_2od_x1.2,seed_best_preview.csv,D:\PSPS\runs_D_k9_2od_x1.2\analysis\tables\seed_best_preview.csv,5,mutation,3,10,732.6295833333334,1758311.0,1327651.2800000014,2400,,9,D:\PSPS\runs_D_k9_2od_x1.2\mutation_seed5\g003_i010
D_k9_2od_x1.2,seed_best_preview.csv,D:\PSPS\runs_D_k9_2od_x1.2\analysis\tables\seed_best_preview.csv,5,none,12,1,732.8695833333334,1758887.0,1328632.6999999995,2400,,9,D:\PSPS\runs_D_k9_2od_x1.2\none_seed5\g012_i001
D_k9_2od_x1.2,seed_best_preview.csv,D:\PSPS\runs_D_k9_2od_x1.2\analysis\tables\seed_best_preview.csv,6,both,14,23,733.5966666666667,1760632.0,1331230.26,2400,,9,D:\PSPS\runs_D_k9_2od_x1.2\both_seed6\g014_i023
D_k9_2od_x1.2,seed_best_preview.csv,D:\PSPS\runs_D_k9_2od_x1.2\analysis\tables\seed_best_preview.csv,6,init,7,1,730.7604166666666,1753825.0,1326542.8699999985,2400,,9,D:\PSPS\runs_D_k9_2od_x1.2\init_seed6\g007_i001
D_k9_2od_x1.2,seed_best_preview.csv,D:\PSPS\runs_D_k9_2od_x1.2\analysis\tables\seed_best_preview.csv,6,mutation,5,21,733.3775,1760106.0,1325870.010000004,2400,,9,D:\PSPS\runs_D_k9_2od_x1.2\mutation_seed6\g005_i021
D_k9_2od_x1.2,seed_best_preview.csv,D:\PSPS\runs_D_k9_2od_x1.2\analysis\tables\seed_best_preview.csv,6,none,10,7,737.3670833333333,1769681.0,1334985.9399999997,2400,,9,D:\PSPS\runs_D_k9_2od_x1.2\none_seed6\g010_i007
D_k9_2od_x1.2,seed_best_preview.csv,D:\PSPS\runs_D_k9_2od_x1.2\analysis\tables\seed_best_preview.csv,7,both,15,12,730.7295833333334,1753751.0,1319286.9599999976,2400,,9,D:\PSPS\runs_D_k9_2od_x1.2\both_seed7\g015_i012
D_k9_2od_x1.2,seed_best_preview.csv,D:\PSPS\runs_D_k9_2od_x1.2\analysis\tables\seed_best_preview.csv,7,init,14,13,734.755,1763412.0,1334112.2500000002,2400,,9,D:\PSPS\runs_D_k9_2od_x1.2\init_seed7\g014_i013
D_k9_2od_x1.2,seed_best_preview.csv,D:\PSPS\runs_D_k9_2od_x1.2\analysis\tables\seed_best_preview.csv,7,mutation,3,19,733.5575,1760538.0,1331166.1999999995,2400,,9,D:\PSPS\runs_D_k9_2od_x1.2\mutation_seed7\g003_i019
D_k9_2od_x1.2,seed_best_preview.csv,D:\PSPS\runs_D_k9_2od_x1.2\analysis\tables\seed_best_preview.csv,7,none,15,14,734.2745833333333,1762259.0,1325795.639999999,2400,,9,D:\PSPS\runs_D_k9_2od_x1.2\none_seed7\g015_i014
D_k9_2od_x1.2,seed_best_preview.csv,D:\PSPS\runs_D_k9_2od_x1.2\analysis\tables\seed_best_preview.csv,8,both,9,6,733.84625,1761231.0,1332561.000000003,2400,,9,D:\PSPS\runs_D_k9_2od_x1.2\both_seed8\g009_i006
D_k9_2od_x1.2,seed_best_preview.csv,D:\PSPS\runs_D_k9_2od_x1.2\analysis\tables\seed_best_preview.csv,8,init,8,6,730.4804166666667,1753153.0,1322472.009999999,2400,,9,D:\PSPS\runs_D_k9_2od_x1.2\init_seed8\g008_i006
D_k9_2od_x1.2,seed_best_preview.csv,D:\PSPS\runs_D_k9_2od_x1.2\analysis\tables\seed_best_preview.csv,8,mutation,8,14,729.705,1751292.0,1323081.7099999986,2400,,9,D:\PSPS\runs_D_k9_2od_x1.2\mutation_seed8\g008_i014
D_k9_2od_x1.2,seed_best_preview.csv,D:\PSPS\runs_D_k9_2od_x1.2\analysis\tables\seed_best_preview.csv,8,none,11,19,730.6595833333333,1753583.0,1324793.5000000035,2400,,9,D:\PSPS\runs_D_k9_2od_x1.2\none_seed8\g011_i019
D_k9_2od_x1.2,seed_best_preview.csv,D:\PSPS\runs_D_k9_2od_x1.2\analysis\tables\seed_best_preview.csv,9,both,11,21,733.9666666666667,1761520.0,1325681.9499999993,2400,,9,D:\PSPS\runs_D_k9_2od_x1.2\both_seed9\g011_i021
D_k9_2od_x1.2,seed_best_preview.csv,D:\PSPS\runs_D_k9_2od_x1.2\analysis\tables\seed_best_preview.csv,9,init,4,9,734.8370833333333,1763609.0,1330227.8899999997,2400,,9,D:\PSPS\runs_D_k9_2od_x1.2\init_seed9\g004_i009
D_k9_2od_x1.2,seed_best_preview.csv,D:\PSPS\runs_D_k9_2od_x1.2\analysis\tables\seed_best_preview.csv,9,mutation,14,23,732.485,1757964.0,1329124.5899999992,2400,,9,D:\PSPS\runs_D_k9_2od_x1.2\mutation_seed9\g014_i023
D_k9_2od_x1.2,seed_best_preview.csv,D:\PSPS\runs_D_k9_2od_x1.2\analysis\tables\seed_best_preview.csv,9,none,13,4,733.0558333333333,1759334.0,1328575.7299999988,2400,,9,D:\PSPS\runs_D_k9_2od_x1.2\none_seed9\g013_i004
D_k9_3od_x0.8,seed_best_preview.csv,D:\PSPS\runs_D_k9_3od_x0.8\analysis\tables\seed_best_preview.csv,0,both,9,1,488.081875,780931.0,527049.9899999993,1600,,9,D:\PSPS\runs_D_k9_3od_x0.8\both_seed0\g009_i001
D_k9_3od_x0.8,seed_best_preview.csv,D:\PSPS\runs_D_k9_3od_x0.8\analysis\tables\seed_best_preview.csv,0,init,13,21,494.914375,791863.0,534131.0999999995,1600,,9,D:\PSPS\runs_D_k9_3od_x0.8\init_seed0\g013_i021
D_k9_3od_x0.8,seed_best_preview.csv,D:\PSPS\runs_D_k9_3od_x0.8\analysis\tables\seed_best_preview.csv,0,mutation,9,7,493.161875,789059.0,532609.63,1600,,9,D:\PSPS\runs_D_k9_3od_x0.8\mutation_seed0\g009_i007
D_k9_3od_x0.8,seed_best_preview.csv,D:\PSPS\runs_D_k9_3od_x0.8\analysis\tables\seed_best_preview.csv,0,none,7,1,495.075,792120.0,536678.4700000001,1600,,9,D:\PSPS\runs_D_k9_3od_x0.8\none_seed0\g007_i001
D_k9_3od_x0.8,seed_best_preview.csv,D:\PSPS\runs_D_k9_3od_x0.8\analysis\tables\seed_best_preview.csv,1,both,14,13,486.42875,778286.0,524862.5899999999,1600,,9,D:\PSPS\runs_D_k9_3od_x0.8\both_seed1\g014_i013
D_k9_3od_x0.8,seed_best_preview.csv,D:\PSPS\runs_D_k9_3od_x0.8\analysis\tables\seed_best_preview.csv,1,init,9,8,490.175,784280.0,528346.4299999999,1600,,9,D:\PSPS\runs_D_k9_3od_x0.8\init_seed1\g009_i008
D_k9_3od_x0.8,seed_best_preview.csv,D:\PSPS\runs_D_k9_3od_x0.8\analysis\tables\seed_best_preview.csv,1,mutation,13,16,492.736875,788379.0,532741.3200000013,1600,,9,D:\PSPS\runs_D_k9_3od_x0.8\mutation_seed1\g013_i016
D_k9_3od_x0.8,seed_best_preview.csv,D:\PSPS\runs_D_k9_3od_x0.8\analysis\tables\seed_best_preview.csv,1,none,3,19,489.09375,782550.0,526185.53,1600,,9,D:\PSPS\runs_D_k9_3od_x0.8\none_seed1\g003_i019
D_k9_3od_x0.8,seed_best_preview.csv,D:\PSPS\runs_D_k9_3od_x0.8\analysis\tables\seed_best_preview.csv,2,both,14,20,494.205625,790729.0,533628.4299999996,1600,,9,D:\PSPS\runs_D_k9_3od_x0.8\both_seed2\g014_i020
D_k9_3od_x0.8,seed_best_preview.csv,D:\PSPS\runs_D_k9_3od_x0.8\analysis\tables\seed_best_preview.csv,2,init,14,2,495.50875,792814.0,535384.8,1600,,9,D:\PSPS\runs_D_k9_3od_x0.8\init_seed2\g014_i002
D_k9_3od_x0.8,seed_best_preview.csv,D:\PSPS\runs_D_k9_3od_x0.8\analysis\tables\seed_best_preview.csv,2,mutation,13,5,486.82875,778926.0,523102.7700000002,1600,,9,D:\PSPS\runs_D_k9_3od_x0.8\mutation_seed2\g013_i005
D_k9_3od_x0.8,seed_best_preview.csv,D:\PSPS\runs_D_k9_3od_x0.8\analysis\tables\seed_best_preview.csv,2,none,6,14,494.79,791664.0,535527.3300000001,1600,,9,D:\PSPS\runs_D_k9_3od_x0.8\none_seed2\g006_i014
D_k9_3od_x0.8,seed_best_preview.csv,D:\PSPS\runs_D_k9_3od_x0.8\analysis\tables\seed_best_preview.csv,3,both,6,13,495.87375,793398.0,537424.7699999992,1600,,9,D:\PSPS\runs_D_k9_3od_x0.8\both_seed3\g006_i013
D_k9_3od_x0.8,seed_best_preview.csv,D:\PSPS\runs_D_k9_3od_x0.8\analysis\tables\seed_best_preview.csv,3,init,12,10,491.9075,787052.0,532182.6599999993,1600,,9,D:\PSPS\runs_D_k9_3od_x0.8\init_seed3\g012_i010
D_k9_3od_x0.8,seed_best_preview.csv,D:\PSPS\runs_D_k9_3od_x0.8\analysis\tables\seed_best_preview.csv,3,mutation,4,3,495.36625,792586.0,533950.8699999999,1600,,9,D:\PSPS\runs_D_k9_3od_x0.8\mutation_seed3\g004_i003
D_k9_3od_x0.8,seed_best_preview.csv,D:\PSPS\runs_D_k9_3od_x0.8\analysis\tables\seed_best_preview.csv,3,none,14,10,488.831875,782131.0,525457.0400000003,1600,,9,D:\PSPS\runs_D_k9_3od_x0.8\none_seed3\g014_i010
D_k9_3od_x0.8,seed_best_preview.csv,D:\PSPS\runs_D_k9_3od_x0.8\analysis\tables\seed_best_preview.csv,4,both,4,1,494.513125,791221.0,535882.3199999996,1600,,9,D:\PSPS\runs_D_k9_3od_x0.8\both_seed4\g004_i001
D_k9_3od_x0.8,seed_best_preview.csv,D:\PSPS\runs_D_k9_3od_x0.8\analysis\tables\seed_best_preview.csv,4,init,7,7,496.0175,793628.0,539778.8199999996,1600,,9,D:\PSPS\runs_D_k9_3od_x0.8\init_seed4\g007_i007
D_k9_3od_x0.8,seed_best_preview.csv,D:\PSPS\runs_D_k9_3od_x0.8\analysis\tables\seed_best_preview.csv,4,mutation,10,23,489.71,783536.0,528628.3299999995,1600,,9,D:\PSPS\runs_D_k9_3od_x0.8\mutation_seed4\g010_i023
D_k9_3od_x0.8,seed_best_preview.csv,D:\PSPS\runs_D_k9_3od_x0.8\analysis\tables\seed_best_preview.csv,4,none,10,21,490.721875,785155.0,528735.6600000003,1600,,9,D:\PSPS\runs_D_k9_3od_x0.8\none_seed4\g010_i021
D_k9_3od_x0.8,seed_best_preview.csv,D:\PSPS\runs_D_k9_3od_x0.8\analysis\tables\seed_best_preview.csv,5,both,4,6,497.685,796296.0,539120.3000000006,1600,,9,D:\PSPS\runs_D_k9_3od_x0.8\both_seed5\g004_i006
D_k9_3od_x0.8,seed_best_preview.csv,D:\PSPS\runs_D_k9_3od_x0.8\analysis\tables\seed_best_preview.csv,5,init,8,21,486.525625,778441.0,524566.0999999996,1600,,9,D:\PSPS\runs_D_k9_3od_x0.8\init_seed5\g008_i021
D_k9_3od_x0.8,seed_best_preview.csv,D:\PSPS\runs_D_k9_3od_x0.8\analysis\tables\seed_best_preview.csv,5,mutation,15,13,496.431875,794291.0,540720.0799999996,1600,,9,D:\PSPS\runs_D_k9_3od_x0.8\mutation_seed5\g015_i013
D_k9_3od_x0.8,seed_best_preview.csv,D:\PSPS\runs_D_k9_3od_x0.8\analysis\tables\seed_best_preview.csv,5,none,7,22,492.540625,788065.0,528914.4200000002,1600,,9,D:\PSPS\runs_D_k9_3od_x0.8\none_seed5\g007_i022
D_k9_3od_x0.8,seed_best_preview.csv,D:\PSPS\runs_D_k9_3od_x0.8\analysis\tables\seed_best_preview.csv,6,both,8,9,499.88,799808.0,542774.3100000011,1600,,9,D:\PSPS\runs_D_k9_3od_x0.8\both_seed6\g008_i009
D_k9_3od_x0.8,seed_best_preview.csv,D:\PSPS\runs_D_k9_3od_x0.8\analysis\tables\seed_best_preview.csv,6,init,6,14,492.03625,787258.0,534353.7099999993,1600,,9,D:\PSPS\runs_D_k9_3od_x0.8\init_seed6\g006_i014
D_k9_3od_x0.8,seed_best_preview.csv,D:\PSPS\runs_D_k9_3od_x0.8\analysis\tables\seed_best_preview.csv,6,mutation,10,14,487.288125,779661.0,526805.0400000004,1600,,9,D:\PSPS\runs_D_k9_3od_x0.8\mutation_seed6\g010_i014
D_k9_3od_x0.8,seed_best_preview.csv,D:\PSPS\runs_D_k9_3od_x0.8\analysis\tables\seed_best_preview.csv,6,none,7,4,491.664375,786663.0,527964.9500000001,1600,,9,D:\PSPS\runs_D_k9_3od_x0.8\none_seed6\g007_i004
D_k9_3od_x0.8,seed_best_preview.csv,D:\PSPS\runs_D_k9_3od_x0.8\analysis\tables\seed_best_preview.csv,7,both,10,10,487.288125,779661.0,526805.0400000004,1600,,9,D:\PSPS\runs_D_k9_3od_x0.8\both_seed7\g010_i010
D_k9_3od_x0.8,seed_best_preview.csv,D:\PSPS\runs_D_k9_3od_x0.8\analysis\tables\seed_best_preview.csv,7,init,8,19,495.71875,793150.0,534545.5800000003,1600,,9,D:\PSPS\runs_D_k9_3od_x0.8\init_seed7\g008_i019
D_k9_3od_x0.8,seed_best_preview.csv,D:\PSPS\runs_D_k9_3od_x0.8\analysis\tables\seed_best_preview.csv,7,mutation,7,3,488.703125,781925.0,526249.5700000002,1600,,9,D:\PSPS\runs_D_k9_3od_x0.8\mutation_seed7\g007_i003
D_k9_3od_x0.8,seed_best_preview.csv,D:\PSPS\runs_D_k9_3od_x0.8\analysis\tables\seed_best_preview.csv,7,none,9,20,503.1775,805084.0,546563.5399999999,1600,,9,D:\PSPS\runs_D_k9_3od_x0.8\none_seed7\g009_i020
D_k9_3od_x0.8,seed_best_preview.csv,D:\PSPS\runs_D_k9_3od_x0.8\analysis\tables\seed_best_preview.csv,8,both,13,22,495.693125,793109.0,532101.4000000007,1600,,9,D:\PSPS\runs_D_k9_3od_x0.8\both_seed8\g013_i022
D_k9_3od_x0.8,seed_best_preview.csv,D:\PSPS\runs_D_k9_3od_x0.8\analysis\tables\seed_best_preview.csv,8,init,9,5,490.159375,784255.0,528409.3400000002,1600,,9,D:\PSPS\runs_D_k9_3od_x0.8\init_seed8\g009_i005
D_k9_3od_x0.8,seed_best_preview.csv,D:\PSPS\runs_D_k9_3od_x0.8\analysis\tables\seed_best_preview.csv,8,mutation,12,4,496.431875,794291.0,540720.0799999996,1600,,9,D:\PSPS\runs_D_k9_3od_x0.8\mutation_seed8\g012_i004
D_k9_3od_x0.8,seed_best_preview.csv,D:\PSPS\runs_D_k9_3od_x0.8\analysis\tables\seed_best_preview.csv,8,none,9,11,494.946875,791915.0,536994.8800000001,1600,,9,D:\PSPS\runs_D_k9_3od_x0.8\none_seed8\g009_i011
D_k9_3od_x0.8,seed_best_preview.csv,D:\PSPS\runs_D_k9_3od_x0.8\analysis\tables\seed_best_preview.csv,9,both,3,3,492.82625,788522.0,533376.1699999996,1600,,9,D:\PSPS\runs_D_k9_3od_x0.8\both_seed9\g003_i003
D_k9_3od_x0.8,seed_best_preview.csv,D:\PSPS\runs_D_k9_3od_x0.8\analysis\tables\seed_best_preview.csv,9,init,15,14,500.698125,801117.0,544885.0999999997,1600,,9,D:\PSPS\runs_D_k9_3od_x0.8\init_seed9\g015_i014
D_k9_3od_x0.8,seed_best_preview.csv,D:\PSPS\runs_D_k9_3od_x0.8\analysis\tables\seed_best_preview.csv,9,mutation,12,15,494.513125,791221.0,535882.3199999996,1600,,9,D:\PSPS\runs_D_k9_3od_x0.8\mutation_seed9\g012_i015
D_k9_3od_x0.8,seed_best_preview.csv,D:\PSPS\runs_D_k9_3od_x0.8\analysis\tables\seed_best_preview.csv,9,none,15,9,496.515,794424.0,536355.7599999999,1600,,9,D:\PSPS\runs_D_k9_3od_x0.8\none_seed9\g015_i009
D_k9_3od_x1.0,seed_best_preview.csv,D:\PSPS\runs_D_k9_3od_x1.0\analysis\tables\seed_best_preview.csv,0,both,10,2,595.713,1191426.0,871809.0399999985,2000,,9,D:\PSPS\runs_D_k9_3od_x1.0\both_seed0\g010_i002
D_k9_3od_x1.0,seed_best_preview.csv,D:\PSPS\runs_D_k9_3od_x1.0\analysis\tables\seed_best_preview.csv,0,init,11,22,580.1595,1160319.0,839030.2000000001,2000,,9,D:\PSPS\runs_D_k9_3od_x1.0\init_seed0\g011_i022
D_k9_3od_x1.0,seed_best_preview.csv,D:\PSPS\runs_D_k9_3od_x1.0\analysis\tables\seed_best_preview.csv,0,mutation,13,3,610.9455,1221891.0,899412.3000000007,2000,,9,D:\PSPS\runs_D_k9_3od_x1.0\mutation_seed0\g013_i003
D_k9_3od_x1.0,seed_best_preview.csv,D:\PSPS\runs_D_k9_3od_x1.0\analysis\tables\seed_best_preview.csv,0,none,13,15,591.3895,1182779.0,858805.0100000002,2000,,9,D:\PSPS\runs_D_k9_3od_x1.0\none_seed0\g013_i015
D_k9_3od_x1.0,seed_best_preview.csv,D:\PSPS\runs_D_k9_3od_x1.0\analysis\tables\seed_best_preview.csv,1,both,14,11,596.5555,1193111.0,870533.7999999999,2000,,9,D:\PSPS\runs_D_k9_3od_x1.0\both_seed1\g014_i011
D_k9_3od_x1.0,seed_best_preview.csv,D:\PSPS\runs_D_k9_3od_x1.0\analysis\tables\seed_best_preview.csv,1,init,12,15,591.759,1183518.0,863009.0200000001,2000,,9,D:\PSPS\runs_D_k9_3od_x1.0\init_seed1\g012_i015
D_k9_3od_x1.0,seed_best_preview.csv,D:\PSPS\runs_D_k9_3od_x1.0\analysis\tables\seed_best_preview.csv,1,mutation,5,2,598.6745,1197349.0,876302.73,2000,,9,D:\PSPS\runs_D_k9_3od_x1.0\mutation_seed1\g005_i002
D_k9_3od_x1.0,seed_best_preview.csv,D:\PSPS\runs_D_k9_3od_x1.0\analysis\tables\seed_best_preview.csv,1,none,15,8,590.085,1180170.0,856665.5100000004,2000,,9,D:\PSPS\runs_D_k9_3od_x1.0\none_seed1\g015_i008
D_k9_3od_x1.0,seed_best_preview.csv,D:\PSPS\runs_D_k9_3od_x1.0\analysis\tables\seed_best_preview.csv,2,both,13,8,602.165,1204330.0,875547.1199999993,2000,,9,D:\PSPS\runs_D_k9_3od_x1.0\both_seed2\g013_i008
D_k9_3od_x1.0,seed_best_preview.csv,D:\PSPS\runs_D_k9_3od_x1.0\analysis\tables\seed_best_preview.csv,2,init,7,2,596.2995,1192599.0,866494.0400000003,2000,,9,D:\PSPS\runs_D_k9_3od_x1.0\init_seed2\g007_i002
D_k9_3od_x1.0,seed_best_preview.csv,D:\PSPS\runs_D_k9_3od_x1.0\analysis\tables\seed_best_preview.csv,2,mutation,12,17,598.364,1196728.0,874619.5000000007,2000,,9,D:\PSPS\runs_D_k9_3od_x1.0\mutation_seed2\g012_i017
D_k9_3od_x1.0,seed_best_preview.csv,D:\PSPS\runs_D_k9_3od_x1.0\analysis\tables\seed_best_preview.csv,2,none,2,5,602.878,1205756.0,882663.7599999987,2000,,9,D:\PSPS\runs_D_k9_3od_x1.0\none_seed2\g002_i005
D_k9_3od_x1.0,seed_best_preview.csv,D:\PSPS\runs_D_k9_3od_x1.0\analysis\tables\seed_best_preview.csv,3,both,9,14,590.5355,1181071.0,856881.6499999998,2000,,9,D:\PSPS\runs_D_k9_3od_x1.0\both_seed3\g009_i014
D_k9_3od_x1.0,seed_best_preview.csv,D:\PSPS\runs_D_k9_3od_x1.0\analysis\tables\seed_best_preview.csv,3,init,2,7,598.2185,1196437.0,874318.8900000005,2000,,9,D:\PSPS\runs_D_k9_3od_x1.0\init_seed3\g002_i007
D_k9_3od_x1.0,seed_best_preview.csv,D:\PSPS\runs_D_k9_3od_x1.0\analysis\tables\seed_best_preview.csv,3,mutation,6,13,590.9485,1181897.0,859535.1600000006,2000,,9,D:\PSPS\runs_D_k9_3od_x1.0\mutation_seed3\g006_i013
D_k9_3od_x1.0,seed_best_preview.csv,D:\PSPS\runs_D_k9_3od_x1.0\analysis\tables\seed_best_preview.csv,3,none,10,8,611.245,1222490.0,891933.3900000013,2000,,9,D:\PSPS\runs_D_k9_3od_x1.0\none_seed3\g010_i008
D_k9_3od_x1.0,seed_best_preview.csv,D:\PSPS\runs_D_k9_3od_x1.0\analysis\tables\seed_best_preview.csv,4,both,7,21,593.279,1186558.0,865576.0399999995,2000,,9,D:\PSPS\runs_D_k9_3od_x1.0\both_seed4\g007_i021
D_k9_3od_x1.0,seed_best_preview.csv,D:\PSPS\runs_D_k9_3od_x1.0\analysis\tables\seed_best_preview.csv,4,init,8,5,593.796,1187592.0,867447.9299999996,2000,,9,D:\PSPS\runs_D_k9_3od_x1.0\init_seed4\g008_i005
D_k9_3od_x1.0,seed_best_preview.csv,D:\PSPS\runs_D_k9_3od_x1.0\analysis\tables\seed_best_preview.csv,4,mutation,8,23,602.535,1205070.0,879702.05,2000,,9,D:\PSPS\runs_D_k9_3od_x1.0\mutation_seed4\g008_i023
D_k9_3od_x1.0,seed_best_preview.csv,D:\PSPS\runs_D_k9_3od_x1.0\analysis\tables\seed_best_preview.csv,4,none,3,18,610.6445,1221289.0,901466.3199999996,2000,,9,D:\PSPS\runs_D_k9_3od_x1.0\none_seed4\g003_i018
D_k9_3od_x1.0,seed_best_preview.csv,D:\PSPS\runs_D_k9_3od_x1.0\analysis\tables\seed_best_preview.csv,5,both,6,17,594.7005,1189401.0,868107.6399999985,2000,,9,D:\PSPS\runs_D_k9_3od_x1.0\both_seed5\g006_i017
D_k9_3od_x1.0,seed_best_preview.csv,D:\PSPS\runs_D_k9_3od_x1.0\analysis\tables\seed_best_preview.csv,5,init,6,21,608.7345,1217469.0,887003.4899999998,2000,,9,D:\PSPS\runs_D_k9_3od_x1.0\init_seed5\g006_i021
D_k9_3od_x1.0,seed_best_preview.csv,D:\PSPS\runs_D_k9_3od_x1.0\analysis\tables\seed_best_preview.csv,5,mutation,10,5,601.4345,1202869.0,880246.0800000003,2000,,9,D:\PSPS\runs_D_k9_3od_x1.0\mutation_seed5\g010_i005
D_k9_3od_x1.0,seed_best_preview.csv,D:\PSPS\runs_D_k9_3od_x1.0\analysis\tables\seed_best_preview.csv,5,none,8,6,603.4415,1206883.0,879424.2799999989,2000,,9,D:\PSPS\runs_D_k9_3od_x1.0\none_seed5\g008_i006
D_k9_3od_x1.0,seed_best_preview.csv,D:\PSPS\runs_D_k9_3od_x1.0\analysis\tables\seed_best_preview.csv,6,both,3,18,599.204,1198408.0,877327.5899999995,2000,,9,D:\PSPS\runs_D_k9_3od_x1.0\both_seed6\g003_i018
D_k9_3od_x1.0,seed_best_preview.csv,D:\PSPS\runs_D_k9_3od_x1.0\analysis\tables\seed_best_preview.csv,6,init,8,14,601.0295,1202059.0,881296.6299999997,2000,,9,D:\PSPS\runs_D_k9_3od_x1.0\init_seed6\g008_i014
D_k9_3od_x1.0,seed_best_preview.csv,D:\PSPS\runs_D_k9_3od_x1.0\analysis\tables\seed_best_preview.csv,6,mutation,12,7,601.4985,1202997.0,881433.2000000008,2000,,9,D:\PSPS\runs_D_k9_3od_x1.0\mutation_seed6\g012_i007
D_k9_3od_x1.0,seed_best_preview.csv,D:\PSPS\runs_D_k9_3od_x1.0\analysis\tables\seed_best_preview.csv,6,none,14,19,596.391,1192782.0,871484.4199999986,2000,,9,D:\PSPS\runs_D_k9_3od_x1.0\none_seed6\g014_i019
D_k9_3od_x1.0,seed_best_preview.csv,D:\PSPS\runs_D_k9_3od_x1.0\analysis\tables\seed_best_preview.csv,7,both,13,20,597.452,1194904.0,872974.5799999994,2000,,9,D:\PSPS\runs_D_k9_3od_x1.0\both_seed7\g013_i020
D_k9_3od_x1.0,seed_best_preview.csv,D:\PSPS\runs_D_k9_3od_x1.0\analysis\tables\seed_best_preview.csv,7,init,8,9,599.828,1199656.0,877648.9399999998,2000,,9,D:\PSPS\runs_D_k9_3od_x1.0\init_seed7\g008_i009
D_k9_3od_x1.0,seed_best_preview.csv,D:\PSPS\runs_D_k9_3od_x1.0\analysis\tables\seed_best_preview.csv,7,mutation,4,1,599.4925,1198985.0,875431.1900000006,2000,,9,D:\PSPS\runs_D_k9_3od_x1.0\mutation_seed7\g004_i001
D_k9_3od_x1.0,seed_best_preview.csv,D:\PSPS\runs_D_k9_3od_x1.0\analysis\tables\seed_best_preview.csv,7,none,12,21,592.2565,1184513.0,864579.9500000017,2000,,9,D:\PSPS\runs_D_k9_3od_x1.0\none_seed7\g012_i021
D_k9_3od_x1.0,seed_best_preview.csv,D:\PSPS\runs_D_k9_3od_x1.0\analysis\tables\seed_best_preview.csv,8,both,7,19,589.4415,1178883.0,856914.5499999995,2000,,9,D:\PSPS\runs_D_k9_3od_x1.0\both_seed8\g007_i019
D_k9_3od_x1.0,seed_best_preview.csv,D:\PSPS\runs_D_k9_3od_x1.0\analysis\tables\seed_best_preview.csv,8,init,15,21,601.7905,1203581.0,878861.8899999995,2000,,9,D:\PSPS\runs_D_k9_3od_x1.0\init_seed8\g015_i021
D_k9_3od_x1.0,seed_best_preview.csv,D:\PSPS\runs_D_k9_3od_x1.0\analysis\tables\seed_best_preview.csv,8,mutation,5,9,596.2455,1192491.0,871442.4799999993,2000,,9,D:\PSPS\runs_D_k9_3od_x1.0\mutation_seed8\g005_i009
D_k9_3od_x1.0,seed_best_preview.csv,D:\PSPS\runs_D_k9_3od_x1.0\analysis\tables\seed_best_preview.csv,8,none,3,19,602.809,1205618.0,886114.2099999993,2000,,9,D:\PSPS\runs_D_k9_3od_x1.0\none_seed8\g003_i019
D_k9_3od_x1.0,seed_best_preview.csv,D:\PSPS\runs_D_k9_3od_x1.0\analysis\tables\seed_best_preview.csv,9,both,15,21,594.8775,1189755.0,866932.62,2000,,9,D:\PSPS\runs_D_k9_3od_x1.0\both_seed9\g015_i021
D_k9_3od_x1.0,seed_best_preview.csv,D:\PSPS\runs_D_k9_3od_x1.0\analysis\tables\seed_best_preview.csv,9,init,15,22,593.4305,1186861.0,862223.0300000005,2000,,9,D:\PSPS\runs_D_k9_3od_x1.0\init_seed9\g015_i022
D_k9_3od_x1.0,seed_best_preview.csv,D:\PSPS\runs_D_k9_3od_x1.0\analysis\tables\seed_best_preview.csv,9,mutation,9,13,598.9065,1197813.0,875984.1300000004,2000,,9,D:\PSPS\runs_D_k9_3od_x1.0\mutation_seed9\g009_i013
D_k9_3od_x1.0,seed_best_preview.csv,D:\PSPS\runs_D_k9_3od_x1.0\analysis\tables\seed_best_preview.csv,9,none,9,19,606.4555,1212911.0,889330.1599999993,2000,,9,D:\PSPS\runs_D_k9_3od_x1.0\none_seed9\g009_i019
D_k9_3od_x1.2,seed_best_preview.csv,D:\PSPS\runs_D_k9_3od_x1.2\analysis\tables\seed_best_preview.csv,0,both,12,13,675.7425,1621782.0,1237671.6899999997,2400,,9,D:\PSPS\runs_D_k9_3od_x1.2\both_seed0\g012_i013
D_k9_3od_x1.2,seed_best_preview.csv,D:\PSPS\runs_D_k9_3od_x1.2\analysis\tables\seed_best_preview.csv,0,init,8,15,673.1245833333334,1615499.0,1225459.8499999994,2400,,9,D:\PSPS\runs_D_k9_3od_x1.2\init_seed0\g008_i015
D_k9_3od_x1.2,seed_best_preview.csv,D:\PSPS\runs_D_k9_3od_x1.2\analysis\tables\seed_best_preview.csv,0,mutation,4,9,671.3633333333333,1611272.0,1223719.3099999984,2400,,9,D:\PSPS\runs_D_k9_3od_x1.2\mutation_seed0\g004_i009
D_k9_3od_x1.2,seed_best_preview.csv,D:\PSPS\runs_D_k9_3od_x1.2\analysis\tables\seed_best_preview.csv,0,none,14,6,670.1345833333334,1608323.0,1220052.009999998,2400,,9,D:\PSPS\runs_D_k9_3od_x1.2\none_seed0\g014_i006
D_k9_3od_x1.2,seed_best_preview.csv,D:\PSPS\runs_D_k9_3od_x1.2\analysis\tables\seed_best_preview.csv,1,both,11,4,674.2033333333334,1618088.0,1228709.6000000003,2400,,9,D:\PSPS\runs_D_k9_3od_x1.2\both_seed1\g011_i004
D_k9_3od_x1.2,seed_best_preview.csv,D:\PSPS\runs_D_k9_3od_x1.2\analysis\tables\seed_best_preview.csv,1,init,15,6,672.5483333333333,1614116.0,1226747.9799999988,2400,,9,D:\PSPS\runs_D_k9_3od_x1.2\init_seed1\g015_i006
D_k9_3od_x1.2,seed_best_preview.csv,D:\PSPS\runs_D_k9_3od_x1.2\analysis\tables\seed_best_preview.csv,1,mutation,14,16,668.3204166666667,1603969.0,1215966.9199999983,2400,,9,D:\PSPS\runs_D_k9_3od_x1.2\mutation_seed1\g014_i016
D_k9_3od_x1.2,seed_best_preview.csv,D:\PSPS\runs_D_k9_3od_x1.2\analysis\tables\seed_best_preview.csv,1,none,10,5,674.9004166666666,1619761.0,1234402.2500000012,2400,,9,D:\PSPS\runs_D_k9_3od_x1.2\none_seed1\g010_i005
D_k9_3od_x1.2,seed_best_preview.csv,D:\PSPS\runs_D_k9_3od_x1.2\analysis\tables\seed_best_preview.csv,2,both,11,13,667.4633333333334,1601912.0,1218556.8300000024,2400,,9,D:\PSPS\runs_D_k9_3od_x1.2\both_seed2\g011_i013
D_k9_3od_x1.2,seed_best_preview.csv,D:\PSPS\runs_D_k9_3od_x1.2\analysis\tables\seed_best_preview.csv,2,init,13,16,670.2295833333334,1608551.0,1215843.119999999,2400,,9,D:\PSPS\runs_D_k9_3od_x1.2\init_seed2\g013_i016
D_k9_3od_x1.2,seed_best_preview.csv,D:\PSPS\runs_D_k9_3od_x1.2\analysis\tables\seed_best_preview.csv,2,mutation,6,21,667.8170833333334,1602761.0,1217184.6799999978,2400,,9,D:\PSPS\runs_D_k9_3od_x1.2\mutation_seed2\g006_i021
D_k9_3od_x1.2,seed_best_preview.csv,D:\PSPS\runs_D_k9_3od_x1.2\analysis\tables\seed_best_preview.csv,2,none,5,16,671.9154166666667,1612597.0,1224508.6700000009,2400,,9,D:\PSPS\runs_D_k9_3od_x1.2\none_seed2\g005_i016
D_k9_3od_x1.2,seed_best_preview.csv,D:\PSPS\runs_D_k9_3od_x1.2\analysis\tables\seed_best_preview.csv,3,both,11,18,667.9395833333333,1603055.0,1215412.5499999973,2400,,9,D:\PSPS\runs_D_k9_3od_x1.2\both_seed3\g011_i018
D_k9_3od_x1.2,seed_best_preview.csv,D:\PSPS\runs_D_k9_3od_x1.2\analysis\tables\seed_best_preview.csv,3,init,12,7,672.62375,1614297.0,1222979.7800000028,2400,,9,D:\PSPS\runs_D_k9_3od_x1.2\init_seed3\g012_i007
D_k9_3od_x1.2,seed_best_preview.csv,D:\PSPS\runs_D_k9_3od_x1.2\analysis\tables\seed_best_preview.csv,3,mutation,15,17,666.865,1600476.0,1211688.1899999976,2400,,9,D:\PSPS\runs_D_k9_3od_x1.2\mutation_seed3\g015_i017
D_k9_3od_x1.2,seed_best_preview.csv,D:\PSPS\runs_D_k9_3od_x1.2\analysis\tables\seed_best_preview.csv,3,none,5,5,668.6995833333333,1604879.0,1221087.1999999993,2400,,9,D:\PSPS\runs_D_k9_3od_x1.2\none_seed3\g005_i005
D_k9_3od_x1.2,seed_best_preview.csv,D:\PSPS\runs_D_k9_3od_x1.2\analysis\tables\seed_best_preview.csv,4,both,10,14,668.58625,1604607.0,1215533.749999998,2400,,9,D:\PSPS\runs_D_k9_3od_x1.2\both_seed4\g010_i014
D_k9_3od_x1.2,seed_best_preview.csv,D:\PSPS\runs_D_k9_3od_x1.2\analysis\tables\seed_best_preview.csv,4,init,11,2,671.2183333333334,1610924.0,1222864.1799999983,2400,,9,D:\PSPS\runs_D_k9_3od_x1.2\init_seed4\g011_i002
D_k9_3od_x1.2,seed_best_preview.csv,D:\PSPS\runs_D_k9_3od_x1.2\analysis\tables\seed_best_preview.csv,4,mutation,13,4,670.7929166666667,1609903.0,1223954.950000001,2400,,9,D:\PSPS\runs_D_k9_3od_x1.2\mutation_seed4\g013_i004
D_k9_3od_x1.2,seed_best_preview.csv,D:\PSPS\runs_D_k9_3od_x1.2\analysis\tables\seed_best_preview.csv,4,none,7,3,673.9125,1617390.0,1232705.21,2400,,9,D:\PSPS\runs_D_k9_3od_x1.2\none_seed4\g007_i003
D_k9_3od_x1.2,seed_best_preview.csv,D:\PSPS\runs_D_k9_3od_x1.2\analysis\tables\seed_best_preview.csv,5,both,5,4,663.85875,1593261.0,1205485.480000002,2400,,9,D:\PSPS\runs_D_k9_3od_x1.2\both_seed5\g005_i004
D_k9_3od_x1.2,seed_best_preview.csv,D:\PSPS\runs_D_k9_3od_x1.2\analysis\tables\seed_best_preview.csv,5,init,12,20,677.665,1626396.0,1239124.4600000014,2400,,9,D:\PSPS\runs_D_k9_3od_x1.2\init_seed5\g012_i020
D_k9_3od_x1.2,seed_best_preview.csv,D:\PSPS\runs_D_k9_3od_x1.2\analysis\tables\seed_best_preview.csv,5,mutation,14,13,668.7425,1604982.0,1217332.2100000018,2400,,9,D:\PSPS\runs_D_k9_3od_x1.2\mutation_seed5\g014_i013
D_k9_3od_x1.2,seed_best_preview.csv,D:\PSPS\runs_D_k9_3od_x1.2\analysis\tables\seed_best_preview.csv,5,none,13,3,669.3716666666667,1606492.0,1217343.6100000015,2400,,9,D:\PSPS\runs_D_k9_3od_x1.2\none_seed5\g013_i003
D_k9_3od_x1.2,seed_best_preview.csv,D:\PSPS\runs_D_k9_3od_x1.2\analysis\tables\seed_best_preview.csv,6,both,8,18,672.9654166666667,1615117.0,1228820.600000001,2400,,9,D:\PSPS\runs_D_k9_3od_x1.2\both_seed6\g008_i018
D_k9_3od_x1.2,seed_best_preview.csv,D:\PSPS\runs_D_k9_3od_x1.2\analysis\tables\seed_best_preview.csv,6,init,11,2,672.1866666666666,1613248.0,1223078.1300000004,2400,,9,D:\PSPS\runs_D_k9_3od_x1.2\init_seed6\g011_i002
D_k9_3od_x1.2,seed_best_preview.csv,D:\PSPS\runs_D_k9_3od_x1.2\analysis\tables\seed_best_preview.csv,6,mutation,11,12,667.71625,1602519.0,1216692.3,2400,,9,D:\PSPS\runs_D_k9_3od_x1.2\mutation_seed6\g011_i012
D_k9_3od_x1.2,seed_best_preview.csv,D:\PSPS\runs_D_k9_3od_x1.2\analysis\tables\seed_best_preview.csv,6,none,14,1,673.5254166666666,1616461.0,1228726.2400000016,2400,,9,D:\PSPS\runs_D_k9_3od_x1.2\none_seed6\g014_i001
D_k9_3od_x1.2,seed_best_preview.csv,D:\PSPS\runs_D_k9_3od_x1.2\analysis\tables\seed_best_preview.csv,7,both,8,21,666.4483333333334,1599476.0,1210337.08,2400,,9,D:\PSPS\runs_D_k9_3od_x1.2\both_seed7\g008_i021
D_k9_3od_x1.2,seed_best_preview.csv,D:\PSPS\runs_D_k9_3od_x1.2\analysis\tables\seed_best_preview.csv,7,init,12,7,671.2058333333333,1610894.0,1221762.0299999989,2400,,9,D:\PSPS\runs_D_k9_3od_x1.2\init_seed7\g012_i007
D_k9_3od_x1.2,seed_best_preview.csv,D:\PSPS\runs_D_k9_3od_x1.2\analysis\tables\seed_best_preview.csv,7,mutation,4,12,663.3733333333333,1592096.0,1207364.8199999996,2400,,9,D:\PSPS\runs_D_k9_3od_x1.2\mutation_seed7\g004_i012
D_k9_3od_x1.2,seed_best_preview.csv,D:\PSPS\runs_D_k9_3od_x1.2\analysis\tables\seed_best_preview.csv,7,none,7,16,666.9358333333333,1600646.0,1212129.6399999987,2400,,9,D:\PSPS\runs_D_k9_3od_x1.2\none_seed7\g007_i016
D_k9_3od_x1.2,seed_best_preview.csv,D:\PSPS\runs_D_k9_3od_x1.2\analysis\tables\seed_best_preview.csv,8,both,15,15,670.9716666666667,1610332.0,1225696.7899999998,2400,,9,D:\PSPS\runs_D_k9_3od_x1.2\both_seed8\g015_i015
D_k9_3od_x1.2,seed_best_preview.csv,D:\PSPS\runs_D_k9_3od_x1.2\analysis\tables\seed_best_preview.csv,8,init,13,9,674.6758333333333,1619222.0,1233081.42,2400,,9,D:\PSPS\runs_D_k9_3od_x1.2\init_seed8\g013_i009
D_k9_3od_x1.2,seed_best_preview.csv,D:\PSPS\runs_D_k9_3od_x1.2\analysis\tables\seed_best_preview.csv,8,mutation,3,21,669.1725,1606014.0,1216921.380000002,2400,,9,D:\PSPS\runs_D_k9_3od_x1.2\mutation_seed8\g003_i021
D_k9_3od_x1.2,seed_best_preview.csv,D:\PSPS\runs_D_k9_3od_x1.2\analysis\tables\seed_best_preview.csv,8,none,5,13,662.5358333333334,1590086.0,1201319.9899999993,2400,,9,D:\PSPS\runs_D_k9_3od_x1.2\none_seed8\g005_i013
D_k9_3od_x1.2,seed_best_preview.csv,D:\PSPS\runs_D_k9_3od_x1.2\analysis\tables\seed_best_preview.csv,9,both,11,21,674.3495833333334,1618439.0,1224004.47,2400,,9,D:\PSPS\runs_D_k9_3od_x1.2\both_seed9\g011_i021
D_k9_3od_x1.2,seed_best_preview.csv,D:\PSPS\runs_D_k9_3od_x1.2\analysis\tables\seed_best_preview.csv,9,init,5,23,669.47125,1606731.0,1219245.4900000037,2400,,9,D:\PSPS\runs_D_k9_3od_x1.2\init_seed9\g005_i023
D_k9_3od_x1.2,seed_best_preview.csv,D:\PSPS\runs_D_k9_3od_x1.2\analysis\tables\seed_best_preview.csv,9,mutation,10,14,668.6275,1604706.0,1213703.36,2400,,9,D:\PSPS\runs_D_k9_3od_x1.2\mutation_seed9\g010_i014
D_k9_3od_x1.2,seed_best_preview.csv,D:\PSPS\runs_D_k9_3od_x1.2\analysis\tables\seed_best_preview.csv,9,none,6,4,671.7133333333334,1612112.0,1224741.750000002,2400,,9,D:\PSPS\runs_D_k9_3od_x1.2\none_seed9\g006_i004
J_k9_6od_x0.8,seed_best_preview.csv,D:\PSPS\runs_J_k9_6od_x0.8\analysis\tables\seed_best_preview.csv,0,both,1,8,328.0108333333333,393613.0,86995.55000000003,1200,,7,D:\PSPS\runs_J_k9_6od_x0.8\both_seed0\g001_i008
J_k9_6od_x0.8,seed_best_preview.csv,D:\PSPS\runs_J_k9_6od_x0.8\analysis\tables\seed_best_preview.csv,0,init,1,8,328.0108333333333,393613.0,86995.55000000003,1200,,7,D:\PSPS\runs_J_k9_6od_x0.8\init_seed0\g001_i008
J_k9_6od_x0.8,seed_best_preview.csv,D:\PSPS\runs_J_k9_6od_x0.8\analysis\tables\seed_best_preview.csv,0,mutation,15,5,322.17333333333335,386608.0,94695.51999999996,1200,,9,D:\PSPS\runs_J_k9_6od_x0.8\mutation_seed0\g015_i005
J_k9_6od_x0.8,seed_best_preview.csv,D:\PSPS\runs_J_k9_6od_x0.8\analysis\tables\seed_best_preview.csv,0,none,7,12,326.0025,391203.0,96341.03000000004,1200,,9,D:\PSPS\runs_J_k9_6od_x0.8\none_seed0\g007_i012
J_k9_6od_x0.8,seed_best_preview.csv,D:\PSPS\runs_J_k9_6od_x0.8\analysis\tables\seed_best_preview.csv,1,both,8,18,328.0108333333333,393613.0,86995.55000000003,1200,,9,D:\PSPS\runs_J_k9_6od_x0.8\both_seed1\g008_i018
J_k9_6od_x0.8,seed_best_preview.csv,D:\PSPS\runs_J_k9_6od_x0.8\analysis\tables\seed_best_preview.csv,1,init,7,8,327.635,393162.0,98392.51999999996,1200,,9,D:\PSPS\runs_J_k9_6od_x0.8\init_seed1\g007_i008
J_k9_6od_x0.8,seed_best_preview.csv,D:\PSPS\runs_J_k9_6od_x0.8\analysis\tables\seed_best_preview.csv,1,mutation,2,20,326.71,392052.0,84784.28999999986,1200,,9,D:\PSPS\runs_J_k9_6od_x0.8\mutation_seed1\g002_i020
J_k9_6od_x0.8,seed_best_preview.csv,D:\PSPS\runs_J_k9_6od_x0.8\analysis\tables\seed_best_preview.csv,1,none,7,5,328.0108333333333,393613.0,86995.55000000003,1200,,9,D:\PSPS\runs_J_k9_6od_x0.8\none_seed1\g007_i005
J_k9_6od_x0.8,seed_best_preview.csv,D:\PSPS\runs_J_k9_6od_x0.8\analysis\tables\seed_best_preview.csv,2,both,7,17,343.9475,412737.0,104775.26000000008,1200,,9,D:\PSPS\runs_J_k9_6od_x0.8\both_seed2\g007_i017
J_k9_6od_x0.8,seed_best_preview.csv,D:\PSPS\runs_J_k9_6od_x0.8\analysis\tables\seed_best_preview.csv,2,init,15,6,328.0108333333333,393613.0,86995.55000000003,1200,,9,D:\PSPS\runs_J_k9_6od_x0.8\init_seed2\g015_i006
J_k9_6od_x0.8,seed_best_preview.csv,D:\PSPS\runs_J_k9_6od_x0.8\analysis\tables\seed_best_preview.csv,2,mutation,13,2,343.9475,412737.0,104775.26000000008,1200,,9,D:\PSPS\runs_J_k9_6od_x0.8\mutation_seed2\g013_i002
J_k9_6od_x0.8,seed_best_preview.csv,D:\PSPS\runs_J_k9_6od_x0.8\analysis\tables\seed_best_preview.csv,2,none,10,5,328.0108333333333,393613.0,86995.55000000003,1200,,9,D:\PSPS\runs_J_k9_6od_x0.8\none_seed2\g010_i005
J_k9_6od_x0.8,seed_best_preview.csv,D:\PSPS\runs_J_k9_6od_x0.8\analysis\tables\seed_best_preview.csv,3,both,10,14,328.0108333333333,393613.0,86995.55000000003,1200,,9,D:\PSPS\runs_J_k9_6od_x0.8\both_seed3\g010_i014
J_k9_6od_x0.8,seed_best_preview.csv,D:\PSPS\runs_J_k9_6od_x0.8\analysis\tables\seed_best_preview.csv,3,init,7,5,328.0108333333333,393613.0,86995.55000000003,1200,,9,D:\PSPS\runs_J_k9_6od_x0.8\init_seed3\g007_i005
J_k9_6od_x0.8,seed_best_preview.csv,D:\PSPS\runs_J_k9_6od_x0.8\analysis\tables\seed_best_preview.csv,3,mutation,4,16,325.3833333333333,390460.0,81972.33000000015,1200,,9,D:\PSPS\runs_J_k9_6od_x0.8\mutation_seed3\g004_i016
J_k9_6od_x0.8,seed_best_preview.csv,D:\PSPS\runs_J_k9_6od_x0.8\analysis\tables\seed_best_preview.csv,3,none,5,7,328.0108333333333,393613.0,86995.55000000003,1200,,9,D:\PSPS\runs_J_k9_6od_x0.8\none_seed3\g005_i007
J_k9_6od_x0.8,seed_best_preview.csv,D:\PSPS\runs_J_k9_6od_x0.8\analysis\tables\seed_best_preview.csv,4,both,1,1,328.0108333333333,393613.0,86995.55000000003,1200,,4,D:\PSPS\runs_J_k9_6od_x0.8\both_seed4\g001_i001
J_k9_6od_x0.8,seed_best_preview.csv,D:\PSPS\runs_J_k9_6od_x0.8\analysis\tables\seed_best_preview.csv,4,init,1,1,328.0108333333333,393613.0,86995.55000000003,1200,,4,D:\PSPS\runs_J_k9_6od_x0.8\init_seed4\g001_i001
J_k9_6od_x0.8,seed_best_preview.csv,D:\PSPS\runs_J_k9_6od_x0.8\analysis\tables\seed_best_preview.csv,4,mutation,8,18,327.8825,393459.0,98460.07000000008,1200,,9,D:\PSPS\runs_J_k9_6od_x0.8\mutation_seed4\g008_i018
J_k9_6od_x0.8,seed_best_preview.csv,D:\PSPS\runs_J_k9_6od_x0.8\analysis\tables\seed_best_preview.csv,4,none,6,19,328.0108333333333,393613.0,86995.55000000003,1200,,9,D:\PSPS\runs_J_k9_6od_x0.8\none_seed4\g006_i019
J_k9_6od_x0.8,seed_best_preview.csv,D:\PSPS\runs_J_k9_6od_x0.8\analysis\tables\seed_best_preview.csv,5,both,13,7,327.8825,393459.0,98460.07000000008,1200,,9,D:\PSPS\runs_J_k9_6od_x0.8\both_seed5\g013_i007
J_k9_6od_x0.8,seed_best_preview.csv,D:\PSPS\runs_J_k9_6od_x0.8\analysis\tables\seed_best_preview.csv,5,init,14,23,328.0108333333333,393613.0,86995.55000000003,1200,,9,D:\PSPS\runs_J_k9_6od_x0.8\init_seed5\g014_i023
J_k9_6od_x0.8,seed_best_preview.csv,D:\PSPS\runs_J_k9_6od_x0.8\analysis\tables\seed_best_preview.csv,5,mutation,3,6,328.0108333333333,393613.0,86995.55000000003,1200,,9,D:\PSPS\runs_J_k9_6od_x0.8\mutation_seed5\g003_i006
J_k9_6od_x0.8,seed_best_preview.csv,D:\PSPS\runs_J_k9_6od_x0.8\analysis\tables\seed_best_preview.csv,5,none,9,10,328.0108333333333,393613.0,86995.55000000003,1200,,9,D:\PSPS\runs_J_k9_6od_x0.8\none_seed5\g009_i010
J_k9_6od_x0.8,seed_best_preview.csv,D:\PSPS\runs_J_k9_6od_x0.8\analysis\tables\seed_best_preview.csv,6,both,8,5,334.2925,401151.0,84917.77999999997,1200,,9,D:\PSPS\runs_J_k9_6od_x0.8\both_seed6\g008_i005
J_k9_6od_x0.8,seed_best_preview.csv,D:\PSPS\runs_J_k9_6od_x0.8\analysis\tables\seed_best_preview.csv,6,init,12,1,325.16333333333336,390196.0,81992.22999999997,1200,,9,D:\PSPS\runs_J_k9_6od_x0.8\init_seed6\g012_i001
J_k9_6od_x0.8,seed_best_preview.csv,D:\PSPS\runs_J_k9_6od_x0.8\analysis\tables\seed_best_preview.csv,6,mutation,12,8,328.0108333333333,393613.0,86995.55000000003,1200,,9,D:\PSPS\runs_J_k9_6od_x0.8\mutation_seed6\g012_i008
J_k9_6od_x0.8,seed_best_preview.csv,D:\PSPS\runs_J_k9_6od_x0.8\analysis\tables\seed_best_preview.csv,6,none,4,10,328.0108333333333,393613.0,86995.55000000003,1200,,9,D:\PSPS\runs_J_k9_6od_x0.8\none_seed6\g004_i010
J_k9_6od_x0.8,seed_best_preview.csv,D:\PSPS\runs_J_k9_6od_x0.8\analysis\tables\seed_best_preview.csv,7,both,7,1,327.0416666666667,392450.0,83596.41999999997,1200,,9,D:\PSPS\runs_J_k9_6od_x0.8\both_seed7\g007_i001
J_k9_6od_x0.8,seed_best_preview.csv,D:\PSPS\runs_J_k9_6od_x0.8\analysis\tables\seed_best_preview.csv,7,init,12,1,325.3833333333333,390460.0,81972.33000000015,1200,,9,D:\PSPS\runs_J_k9_6od_x0.8\init_seed7\g012_i001
J_k9_6od_x0.8,seed_best_preview.csv,D:\PSPS\runs_J_k9_6od_x0.8\analysis\tables\seed_best_preview.csv,7,mutation,10,9,328.0108333333333,393613.0,86995.55000000003,1200,,9,D:\PSPS\runs_J_k9_6od_x0.8\mutation_seed7\g010_i009
J_k9_6od_x0.8,seed_best_preview.csv,D:\PSPS\runs_J_k9_6od_x0.8\analysis\tables\seed_best_preview.csv,7,none,13,3,325.3833333333333,390460.0,81972.33000000015,1200,,9,D:\PSPS\runs_J_k9_6od_x0.8\none_seed7\g013_i003
J_k9_6od_x0.8,seed_best_preview.csv,D:\PSPS\runs_J_k9_6od_x0.8\analysis\tables\seed_best_preview.csv,8,both,13,10,328.0108333333333,393613.0,86995.55000000003,1200,,9,D:\PSPS\runs_J_k9_6od_x0.8\both_seed8\g013_i010
J_k9_6od_x0.8,seed_best_preview.csv,D:\PSPS\runs_J_k9_6od_x0.8\analysis\tables\seed_best_preview.csv,8,init,13,2,328.0108333333333,393613.0,86995.55000000003,1200,,9,D:\PSPS\runs_J_k9_6od_x0.8\init_seed8\g013_i002
J_k9_6od_x0.8,seed_best_preview.csv,D:\PSPS\runs_J_k9_6od_x0.8\analysis\tables\seed_best_preview.csv,8,mutation,2,8,328.0108333333333,393613.0,86995.55000000003,1200,,9,D:\PSPS\runs_J_k9_6od_x0.8\mutation_seed8\g002_i008
J_k9_6od_x0.8,seed_best_preview.csv,D:\PSPS\runs_J_k9_6od_x0.8\analysis\tables\seed_best_preview.csv,8,none,5,8,327.635,393162.0,98392.51999999996,1200,,9,D:\PSPS\runs_J_k9_6od_x0.8\none_seed8\g005_i008
J_k9_6od_x0.8,seed_best_preview.csv,D:\PSPS\runs_J_k9_6od_x0.8\analysis\tables\seed_best_preview.csv,9,both,4,19,327.0416666666667,392450.0,83596.41999999997,1200,,9,D:\PSPS\runs_J_k9_6od_x0.8\both_seed9\g004_i019
J_k9_6od_x0.8,seed_best_preview.csv,D:\PSPS\runs_J_k9_6od_x0.8\analysis\tables\seed_best_preview.csv,9,init,1,12,328.0108333333333,393613.0,86995.55000000003,1200,,5,D:\PSPS\runs_J_k9_6od_x0.8\init_seed9\g001_i012
J_k9_6od_x0.8,seed_best_preview.csv,D:\PSPS\runs_J_k9_6od_x0.8\analysis\tables\seed_best_preview.csv,9,mutation,6,19,327.635,393162.0,98392.51999999996,1200,,9,D:\PSPS\runs_J_k9_6od_x0.8\mutation_seed9\g006_i019
J_k9_6od_x0.8,seed_best_preview.csv,D:\PSPS\runs_J_k9_6od_x0.8\analysis\tables\seed_best_preview.csv,9,none,5,5,326.2391666666667,391487.0,93154.89999999997,1200,,9,D:\PSPS\runs_J_k9_6od_x0.8\none_seed9\g005_i005
J_k9_6od_x1.0,seed_best_preview.csv,D:\PSPS\runs_J_k9_6od_x1.0\analysis\tables\seed_best_preview.csv,0,both,1,7,373.832,560748.0,175747.23000000016,1500,,4,D:\PSPS\runs_J_k9_6od_x1.0\both_seed0\g001_i007
J_k9_6od_x1.0,seed_best_preview.csv,D:\PSPS\runs_J_k9_6od_x1.0\analysis\tables\seed_best_preview.csv,0,init,11,21,362.95866666666666,544438.0,158534.35000000015,1500,,9,D:\PSPS\runs_J_k9_6od_x1.0\init_seed0\g011_i021
J_k9_6od_x1.0,seed_best_preview.csv,D:\PSPS\runs_J_k9_6od_x1.0\analysis\tables\seed_best_preview.csv,0,mutation,12,15,374.48,561720.0,169791.44000000003,1500,,9,D:\PSPS\runs_J_k9_6od_x1.0\mutation_seed0\g012_i015
J_k9_6od_x1.0,seed_best_preview.csv,D:\PSPS\runs_J_k9_6od_x1.0\analysis\tables\seed_best_preview.csv,0,none,6,1,373.832,560748.0,175747.23000000016,1500,,9,D:\PSPS\runs_J_k9_6od_x1.0\none_seed0\g006_i001
J_k9_6od_x1.0,seed_best_preview.csv,D:\PSPS\runs_J_k9_6od_x1.0\analysis\tables\seed_best_preview.csv,1,both,12,12,373.832,560748.0,175747.23000000016,1500,,9,D:\PSPS\runs_J_k9_6od_x1.0\both_seed1\g012_i012
J_k9_6od_x1.0,seed_best_preview.csv,D:\PSPS\runs_J_k9_6od_x1.0\analysis\tables\seed_best_preview.csv,1,init,3,20,354.518,531777.0,141363.22,1500,,9,D:\PSPS\runs_J_k9_6od_x1.0\init_seed1\g003_i020
J_k9_6od_x1.0,seed_best_preview.csv,D:\PSPS\runs_J_k9_6od_x1.0\analysis\tables\seed_best_preview.csv,1,mutation,14,5,374.48,561720.0,169791.44000000003,1500,,9,D:\PSPS\runs_J_k9_6od_x1.0\mutation_seed1\g014_i005
J_k9_6od_x1.0,seed_best_preview.csv,D:\PSPS\runs_J_k9_6od_x1.0\analysis\tables\seed_best_preview.csv,1,none,11,11,338.6173333333333,507926.0,120705.97000000012,1500,,9,D:\PSPS\runs_J_k9_6od_x1.0\none_seed1\g011_i011
J_k9_6od_x1.0,seed_best_preview.csv,D:\PSPS\runs_J_k9_6od_x1.0\analysis\tables\seed_best_preview.csv,2,both,10,20,366.2073333333333,549311.0,147045.5600000001,1500,,9,D:\PSPS\runs_J_k9_6od_x1.0\both_seed2\g010_i020
J_k9_6od_x1.0,seed_best_preview.csv,D:\PSPS\runs_J_k9_6od_x1.0\analysis\tables\seed_best_preview.csv,2,init,6,18,373.832,560748.0,175747.23000000016,1500,,9,D:\PSPS\runs_J_k9_6od_x1.0\init_seed2\g006_i018
J_k9_6od_x1.0,seed_best_preview.csv,D:\PSPS\runs_J_k9_6od_x1.0\analysis\tables\seed_best_preview.csv,2,mutation,10,7,372.484,558726.0,171653.09999999971,1500,,9,D:\PSPS\runs_J_k9_6od_x1.0\mutation_seed2\g010_i007
J_k9_6od_x1.0,seed_best_preview.csv,D:\PSPS\runs_J_k9_6od_x1.0\analysis\tables\seed_best_preview.csv,2,none,8,5,373.832,560748.0,175747.23000000016,1500,,9,D:\PSPS\runs_J_k9_6od_x1.0\none_seed2\g008_i005
J_k9_6od_x1.0,seed_best_preview.csv,D:\PSPS\runs_J_k9_6od_x1.0\analysis\tables\seed_best_preview.csv,3,both,10,17,338.6173333333333,507926.0,120705.97000000012,1500,,9,D:\PSPS\runs_J_k9_6od_x1.0\both_seed3\g010_i017
J_k9_6od_x1.0,seed_best_preview.csv,D:\PSPS\runs_J_k9_6od_x1.0\analysis\tables\seed_best_preview.csv,3,init,7,7,373.832,560748.0,175747.23000000016,1500,,9,D:\PSPS\runs_J_k9_6od_x1.0\init_seed3\g007_i007
J_k9_6od_x1.0,seed_best_preview.csv,D:\PSPS\runs_J_k9_6od_x1.0\analysis\tables\seed_best_preview.csv,3,mutation,5,12,361.248,541872.0,156227.05000000013,1500,,9,D:\PSPS\runs_J_k9_6od_x1.0\mutation_seed3\g005_i012
J_k9_6od_x1.0,seed_best_preview.csv,D:\PSPS\runs_J_k9_6od_x1.0\analysis\tables\seed_best_preview.csv,3,none,3,13,380.0353333333333,570053.0,170733.08999999994,1500,,9,D:\PSPS\runs_J_k9_6od_x1.0\none_seed3\g003_i013
J_k9_6od_x1.0,seed_best_preview.csv,D:\PSPS\runs_J_k9_6od_x1.0\analysis\tables\seed_best_preview.csv,4,both,10,3,324.6326666666667,486949.0,116490.38000000018,1500,,9,D:\PSPS\runs_J_k9_6od_x1.0\both_seed4\g010_i003
J_k9_6od_x1.0,seed_best_preview.csv,D:\PSPS\runs_J_k9_6od_x1.0\analysis\tables\seed_best_preview.csv,4,init,3,11,368.0386666666666,552058.0,160407.94999999995,1500,,9,D:\PSPS\runs_J_k9_6od_x1.0\init_seed4\g003_i011
J_k9_6od_x1.0,seed_best_preview.csv,D:\PSPS\runs_J_k9_6od_x1.0\analysis\tables\seed_best_preview.csv,4,mutation,5,17,373.832,560748.0,175747.23000000016,1500,,9,D:\PSPS\runs_J_k9_6od_x1.0\mutation_seed4\g005_i017
J_k9_6od_x1.0,seed_best_preview.csv,D:\PSPS\runs_J_k9_6od_x1.0\analysis\tables\seed_best_preview.csv,4,none,5,20,363.39,545085.0,154770.41999999987,1500,,9,D:\PSPS\runs_J_k9_6od_x1.0\none_seed4\g005_i020
J_k9_6od_x1.0,seed_best_preview.csv,D:\PSPS\runs_J_k9_6od_x1.0\analysis\tables\seed_best_preview.csv,5,both,6,22,362.95866666666666,544438.0,158534.35000000015,1500,,9,D:\PSPS\runs_J_k9_6od_x1.0\both_seed5\g006_i022
J_k9_6od_x1.0,seed_best_preview.csv,D:\PSPS\runs_J_k9_6od_x1.0\analysis\tables\seed_best_preview.csv,5,init,15,14,339.0613333333333,508592.0,122792.75000000016,1500,,9,D:\PSPS\runs_J_k9_6od_x1.0\init_seed5\g015_i014
J_k9_6od_x1.0,seed_best_preview.csv,D:\PSPS\runs_J_k9_6od_x1.0\analysis\tables\seed_best_preview.csv,5,mutation,6,10,373.832,560748.0,175747.23000000016,1500,,9,D:\PSPS\runs_J_k9_6od_x1.0\mutation_seed5\g006_i010
J_k9_6od_x1.0,seed_best_preview.csv,D:\PSPS\runs_J_k9_6od_x1.0\analysis\tables\seed_best_preview.csv,5,none,14,3,373.832,560748.0,175747.23000000016,1500,,9,D:\PSPS\runs_J_k9_6od_x1.0\none_seed5\g014_i003
J_k9_6od_x1.0,seed_best_preview.csv,D:\PSPS\runs_J_k9_6od_x1.0\analysis\tables\seed_best_preview.csv,6,both,13,12,373.832,560748.0,175747.23000000016,1500,,9,D:\PSPS\runs_J_k9_6od_x1.0\both_seed6\g013_i012
J_k9_6od_x1.0,seed_best_preview.csv,D:\PSPS\runs_J_k9_6od_x1.0\analysis\tables\seed_best_preview.csv,6,init,15,18,324.6326666666667,486949.0,116490.38000000018,1500,,9,D:\PSPS\runs_J_k9_6od_x1.0\init_seed6\g015_i018
J_k9_6od_x1.0,seed_best_preview.csv,D:\PSPS\runs_J_k9_6od_x1.0\analysis\tables\seed_best_preview.csv,6,mutation,5,5,373.832,560748.0,175747.23000000016,1500,,9,D:\PSPS\runs_J_k9_6od_x1.0\mutation_seed6\g005_i005
J_k9_6od_x1.0,seed_best_preview.csv,D:\PSPS\runs_J_k9_6od_x1.0\analysis\tables\seed_best_preview.csv,6,none,9,6,356.89866666666666,535348.0,141375.54999999996,1500,,9,D:\PSPS\runs_J_k9_6od_x1.0\none_seed6\g009_i006
J_k9_6od_x1.0,seed_best_preview.csv,D:\PSPS\runs_J_k9_6od_x1.0\analysis\tables\seed_best_preview.csv,7,both,9,20,373.832,560748.0,175747.23000000016,1500,,9,D:\PSPS\runs_J_k9_6od_x1.0\both_seed7\g009_i020
J_k9_6od_x1.0,seed_best_preview.csv,D:\PSPS\runs_J_k9_6od_x1.0\analysis\tables\seed_best_preview.csv,7,init,12,9,342.53333333333336,513800.0,127672.59000000004,1500,,9,D:\PSPS\runs_J_k9_6od_x1.0\init_seed7\g012_i009
J_k9_6od_x1.0,seed_best_preview.csv,D:\PSPS\runs_J_k9_6od_x1.0\analysis\tables\seed_best_preview.csv,7,mutation,15,6,380.0353333333333,570053.0,170733.08999999994,1500,,9,D:\PSPS\runs_J_k9_6od_x1.0\mutation_seed7\g015_i006
J_k9_6od_x1.0,seed_best_preview.csv,D:\PSPS\runs_J_k9_6od_x1.0\analysis\tables\seed_best_preview.csv,7,none,2,9,347.8346666666667,521752.0,119714.86000000026,1500,,9,D:\PSPS\runs_J_k9_6od_x1.0\none_seed7\g002_i009
J_k9_6od_x1.0,seed_best_preview.csv,D:\PSPS\runs_J_k9_6od_x1.0\analysis\tables\seed_best_preview.csv,8,both,10,13,359.05733333333336,538586.0,146514.53000000026,1500,,9,D:\PSPS\runs_J_k9_6od_x1.0\both_seed8\g010_i013
J_k9_6od_x1.0,seed_best_preview.csv,D:\PSPS\runs_J_k9_6od_x1.0\analysis\tables\seed_best_preview.csv,8,init,13,4,382.194,573291.0,182946.63000000003,1500,,9,D:\PSPS\runs_J_k9_6od_x1.0\init_seed8\g013_i004
J_k9_6od_x1.0,seed_best_preview.csv,D:\PSPS\runs_J_k9_6od_x1.0\analysis\tables\seed_best_preview.csv,8,mutation,12,4,373.832,560748.0,175747.23000000016,1500,,9,D:\PSPS\runs_J_k9_6od_x1.0\mutation_seed8\g012_i004
J_k9_6od_x1.0,seed_best_preview.csv,D:\PSPS\runs_J_k9_6od_x1.0\analysis\tables\seed_best_preview.csv,8,none,13,22,362.95866666666666,544438.0,158534.35000000015,1500,,9,D:\PSPS\runs_J_k9_6od_x1.0\none_seed8\g013_i022
J_k9_6od_x1.0,seed_best_preview.csv,D:\PSPS\runs_J_k9_6od_x1.0\analysis\tables\seed_best_preview.csv,9,both,14,23,366.2073333333333,549311.0,147045.5600000001,1500,,9,D:\PSPS\runs_J_k9_6od_x1.0\both_seed9\g014_i023
J_k9_6od_x1.0,seed_best_preview.csv,D:\PSPS\runs_J_k9_6od_x1.0\analysis\tables\seed_best_preview.csv,9,init,7,5,342.53333333333336,513800.0,127672.59000000004,1500,,9,D:\PSPS\runs_J_k9_6od_x1.0\init_seed9\g007_i005
J_k9_6od_x1.0,seed_best_preview.csv,D:\PSPS\runs_J_k9_6od_x1.0\analysis\tables\seed_best_preview.csv,9,mutation,12,1,359.05733333333336,538586.0,146514.53000000026,1500,,9,D:\PSPS\runs_J_k9_6od_x1.0\mutation_seed9\g012_i001
J_k9_6od_x1.0,seed_best_preview.csv,D:\PSPS\runs_J_k9_6od_x1.0\analysis\tables\seed_best_preview.csv,9,none,4,22,364.726,547089.0,161046.8300000001,1500,,9,D:\PSPS\runs_J_k9_6od_x1.0\none_seed9\g004_i022
J_k9_6od_x1.2,seed_best_preview.csv,D:\PSPS\runs_J_k9_6od_x1.2\analysis\tables\seed_best_preview.csv,0,both,7,9,439.3355555555556,790804.0,327459.1399999998,1800,,9,D:\PSPS\runs_J_k9_6od_x1.2\both_seed0\g007_i009
J_k9_6od_x1.2,seed_best_preview.csv,D:\PSPS\runs_J_k9_6od_x1.2\analysis\tables\seed_best_preview.csv,0,init,3,6,439.3355555555556,790804.0,327459.1399999998,1800,,9,D:\PSPS\runs_J_k9_6od_x1.2\init_seed0\g003_i006
J_k9_6od_x1.2,seed_best_preview.csv,D:\PSPS\runs_J_k9_6od_x1.2\analysis\tables\seed_best_preview.csv,0,mutation,12,17,436.325,785385.0,311325.6099999998,1800,,9,D:\PSPS\runs_J_k9_6od_x1.2\mutation_seed0\g012_i017
J_k9_6od_x1.2,seed_best_preview.csv,D:\PSPS\runs_J_k9_6od_x1.2\analysis\tables\seed_best_preview.csv,0,none,5,2,439.3355555555556,790804.0,327459.1399999998,1800,,9,D:\PSPS\runs_J_k9_6od_x1.2\none_seed0\g005_i002
J_k9_6od_x1.2,seed_best_preview.csv,D:\PSPS\runs_J_k9_6od_x1.2\analysis\tables\seed_best_preview.csv,1,both,13,17,434.6038888888889,782287.0,320032.67999999964,1800,,9,D:\PSPS\runs_J_k9_6od_x1.2\both_seed1\g013_i017
J_k9_6od_x1.2,seed_best_preview.csv,D:\PSPS\runs_J_k9_6od_x1.2\analysis\tables\seed_best_preview.csv,1,init,13,14,439.3355555555556,790804.0,327459.1399999998,1800,,9,D:\PSPS\runs_J_k9_6od_x1.2\init_seed1\g013_i014
J_k9_6od_x1.2,seed_best_preview.csv,D:\PSPS\runs_J_k9_6od_x1.2\analysis\tables\seed_best_preview.csv,1,mutation,10,23,439.3355555555556,790804.0,327459.1399999998,1800,,9,D:\PSPS\runs_J_k9_6od_x1.2\mutation_seed1\g010_i023
J_k9_6od_x1.2,seed_best_preview.csv,D:\PSPS\runs_J_k9_6od_x1.2\analysis\tables\seed_best_preview.csv,1,none,9,5,439.3355555555556,790804.0,327459.1399999998,1800,,9,D:\PSPS\runs_J_k9_6od_x1.2\none_seed1\g009_i005
J_k9_6od_x1.2,seed_best_preview.csv,D:\PSPS\runs_J_k9_6od_x1.2\analysis\tables\seed_best_preview.csv,2,both,4,9,439.3355555555556,790804.0,327459.1399999998,1800,,9,D:\PSPS\runs_J_k9_6od_x1.2\both_seed2\g004_i009
J_k9_6od_x1.2,seed_best_preview.csv,D:\PSPS\runs_J_k9_6od_x1.2\analysis\tables\seed_best_preview.csv,2,init,14,1,603.1061111111111,1085591.0,627263.129999999,1800,,9,D:\PSPS\runs_J_k9_6od_x1.2\init_seed2\g014_i001
J_k9_6od_x1.2,seed_best_preview.csv,D:\PSPS\runs_J_k9_6od_x1.2\analysis\tables\seed_best_preview.csv,2,mutation,13,15,439.3355555555556,790804.0,327459.1399999998,1800,,9,D:\PSPS\runs_J_k9_6od_x1.2\mutation_seed2\g013_i015
J_k9_6od_x1.2,seed_best_preview.csv,D:\PSPS\runs_J_k9_6od_x1.2\analysis\tables\seed_best_preview.csv,2,none,14,16,439.3355555555556,790804.0,327459.1399999998,1800,,9,D:\PSPS\runs_J_k9_6od_x1.2\none_seed2\g014_i016
J_k9_6od_x1.2,seed_best_preview.csv,D:\PSPS\runs_J_k9_6od_x1.2\analysis\tables\seed_best_preview.csv,3,both,3,7,425.4627777777778,765833.0,304925.0999999997,1800,,9,D:\PSPS\runs_J_k9_6od_x1.2\both_seed3\g003_i007
J_k9_6od_x1.2,seed_best_preview.csv,D:\PSPS\runs_J_k9_6od_x1.2\analysis\tables\seed_best_preview.csv,3,init,4,23,424.65833333333336,764385.0,298794.68999999994,1800,,9,D:\PSPS\runs_J_k9_6od_x1.2\init_seed3\g004_i023
J_k9_6od_x1.2,seed_best_preview.csv,D:\PSPS\runs_J_k9_6od_x1.2\analysis\tables\seed_best_preview.csv,3,mutation,8,22,430.21,774378.0,310599.3100000001,1800,,9,D:\PSPS\runs_J_k9_6od_x1.2\mutation_seed3\g008_i022
J_k9_6od_x1.2,seed_best_preview.csv,D:\PSPS\runs_J_k9_6od_x1.2\analysis\tables\seed_best_preview.csv,3,none,8,15,383.7361111111111,690725.0,224868.08000000005,1800,,9,D:\PSPS\runs_J_k9_6od_x1.2\none_seed3\g008_i015
J_k9_6od_x1.2,seed_best_preview.csv,D:\PSPS\runs_J_k9_6od_x1.2\analysis\tables\seed_best_preview.csv,4,both,13,13,444.9811111111111,800966.0,330051.27999999974,1800,,9,D:\PSPS\runs_J_k9_6od_x1.2\both_seed4\g013_i013
J_k9_6od_x1.2,seed_best_preview.csv,D:\PSPS\runs_J_k9_6od_x1.2\analysis\tables\seed_best_preview.csv,4,init,4,14,383.7361111111111,690725.0,224868.08000000005,1800,,9,D:\PSPS\runs_J_k9_6od_x1.2\init_seed4\g004_i014
J_k9_6od_x1.2,seed_best_preview.csv,D:\PSPS\runs_J_k9_6od_x1.2\analysis\tables\seed_best_preview.csv,4,mutation,13,12,433.8305555555556,780895.0,314103.26000000007,1800,,9,D:\PSPS\runs_J_k9_6od_x1.2\mutation_seed4\g013_i012
J_k9_6od_x1.2,seed_best_preview.csv,D:\PSPS\runs_J_k9_6od_x1.2\analysis\tables\seed_best_preview.csv,4,none,12,8,438.6433333333333,789558.0,328168.86000000034,1800,,9,D:\PSPS\runs_J_k9_6od_x1.2\none_seed4\g012_i008
J_k9_6od_x1.2,seed_best_preview.csv,D:\PSPS\runs_J_k9_6od_x1.2\analysis\tables\seed_best_preview.csv,5,both,1,3,439.3355555555556,790804.0,327459.1399999998,1800,,8,D:\PSPS\runs_J_k9_6od_x1.2\both_seed5\g001_i003
J_k9_6od_x1.2,seed_best_preview.csv,D:\PSPS\runs_J_k9_6od_x1.2\analysis\tables\seed_best_preview.csv,5,init,1,3,439.3355555555556,790804.0,327459.1399999998,1800,,8,D:\PSPS\runs_J_k9_6od_x1.2\init_seed5\g001_i003
J_k9_6od_x1.2,seed_best_preview.csv,D:\PSPS\runs_J_k9_6od_x1.2\analysis\tables\seed_best_preview.csv,5,mutation,15,9,383.7361111111111,690725.0,224868.08000000005,1800,,9,D:\PSPS\runs_J_k9_6od_x1.2\mutation_seed5\g015_i009
J_k9_6od_x1.2,seed_best_preview.csv,D:\PSPS\runs_J_k9_6od_x1.2\analysis\tables\seed_best_preview.csv,5,none,14,22,439.3355555555556,790804.0,327459.1399999998,1800,,9,D:\PSPS\runs_J_k9_6od_x1.2\none_seed5\g014_i022
J_k9_6od_x1.2,seed_best_preview.csv,D:\PSPS\runs_J_k9_6od_x1.2\analysis\tables\seed_best_preview.csv,6,both,11,2,425.24611111111113,765443.0,302638.8999999998,1800,,9,D:\PSPS\runs_J_k9_6od_x1.2\both_seed6\g011_i002
J_k9_6od_x1.2,seed_best_preview.csv,D:\PSPS\runs_J_k9_6od_x1.2\analysis\tables\seed_best_preview.csv,6,init,13,20,431.3622222222222,776452.0,313866.4699999992,1800,,9,D:\PSPS\runs_J_k9_6od_x1.2\init_seed6\g013_i020
J_k9_6od_x1.2,seed_best_preview.csv,D:\PSPS\runs_J_k9_6od_x1.2\analysis\tables\seed_best_preview.csv,6,mutation,9,13,430.21,774378.0,310599.3100000001,1800,,9,D:\PSPS\runs_J_k9_6od_x1.2\mutation_seed6\g009_i013
J_k9_6od_x1.2,seed_best_preview.csv,D:\PSPS\runs_J_k9_6od_x1.2\analysis\tables\seed_best_preview.csv,6,none,13,9,439.3355555555556,790804.0,327459.1399999998,1800,,9,D:\PSPS\runs_J_k9_6od_x1.2\none_seed6\g013_i009
J_k9_6od_x1.2,seed_best_preview.csv,D:\PSPS\runs_J_k9_6od_x1.2\analysis\tables\seed_best_preview.csv,7,both,13,4,425.4627777777778,765833.0,304925.0999999997,1800,,9,D:\PSPS\runs_J_k9_6od_x1.2\both_seed7\g013_i004
J_k9_6od_x1.2,seed_best_preview.csv,D:\PSPS\runs_J_k9_6od_x1.2\analysis\tables\seed_best_preview.csv,7,init,12,14,513.2411111111111,923834.0,451631.4399999995,1800,,9,D:\PSPS\runs_J_k9_6od_x1.2\init_seed7\g012_i014
J_k9_6od_x1.2,seed_best_preview.csv,D:\PSPS\runs_J_k9_6od_x1.2\analysis\tables\seed_best_preview.csv,7,mutation,10,12,412.9205555555556,743257.0,281373.22000000026,1800,,9,D:\PSPS\runs_J_k9_6od_x1.2\mutation_seed7\g010_i012
J_k9_6od_x1.2,seed_best_preview.csv,D:\PSPS\runs_J_k9_6od_x1.2\analysis\tables\seed_best_preview.csv,7,none,4,12,555.5638888888889,1000015.0,531292.7800000004,1800,,9,D:\PSPS\runs_J_k9_6od_x1.2\none_seed7\g004_i012
J_k9_6od_x1.2,seed_best_preview.csv,D:\PSPS\runs_J_k9_6od_x1.2\analysis\tables\seed_best_preview.csv,8,both,7,8,414.3994444444445,745919.0,283691.3299999995,1800,,9,D:\PSPS\runs_J_k9_6od_x1.2\both_seed8\g007_i008
J_k9_6od_x1.2,seed_best_preview.csv,D:\PSPS\runs_J_k9_6od_x1.2\analysis\tables\seed_best_preview.csv,8,init,10,4,439.3355555555556,790804.0,327459.1399999998,1800,,9,D:\PSPS\runs_J_k9_6od_x1.2\init_seed8\g010_i004
J_k9_6od_x1.2,seed_best_preview.csv,D:\PSPS\runs_J_k9_6od_x1.2\analysis\tables\seed_best_preview.csv,8,mutation,6,10,423.5438888888889,762379.0,297383.4400000001,1800,,9,D:\PSPS\runs_J_k9_6od_x1.2\mutation_seed8\g006_i010
J_k9_6od_x1.2,seed_best_preview.csv,D:\PSPS\runs_J_k9_6od_x1.2\analysis\tables\seed_best_preview.csv,8,none,11,6,439.3355555555556,790804.0,327459.1399999998,1800,,9,D:\PSPS\runs_J_k9_6od_x1.2\none_seed8\g011_i006
J_k9_6od_x1.2,seed_best_preview.csv,D:\PSPS\runs_J_k9_6od_x1.2\analysis\tables\seed_best_preview.csv,9,both,4,21,439.3355555555556,790804.0,327459.1399999998,1800,,9,D:\PSPS\runs_J_k9_6od_x1.2\both_seed9\g004_i021
J_k9_6od_x1.2,seed_best_preview.csv,D:\PSPS\runs_J_k9_6od_x1.2\analysis\tables\seed_best_preview.csv,9,init,2,3,439.3355555555556,790804.0,327459.1399999998,1800,,9,D:\PSPS\runs_J_k9_6od_x1.2\init_seed9\g002_i003
J_k9_6od_x1.2,seed_best_preview.csv,D:\PSPS\runs_J_k9_6od_x1.2\analysis\tables\seed_best_preview.csv,9,mutation,3,3,423.5438888888889,762379.0,297383.4400000001,1800,,9,D:\PSPS\runs_J_k9_6od_x1.2\mutation_seed9\g003_i003
J_k9_6od_x1.2,seed_best_preview.csv,D:\PSPS\runs_J_k9_6od_x1.2\analysis\tables\seed_best_preview.csv,9,none,2,4,439.3355555555556,790804.0,327459.1399999998,1800,,9,D:\PSPS\runs_J_k9_6od_x1.2\none_seed9\g002_i004
A_k4_3od_x0.8,seed_best_preview.csv,D:\PSPS\runs_A_k4_3od_x0.8_pm01k0\analysis\tables\seed_best_preview.csv,0,both,10,21,183.64,146912.0,90720.77000000003,800,,4,D:\PSPS\runs_A_k4_3od_x0.8_pm01k0\both_seed0\g010_i021
A_k4_3od_x0.8,seed_best_preview.csv,D:\PSPS\runs_A_k4_3od_x0.8_pm01k0\analysis\tables\seed_best_preview.csv,0,init,4,20,185.5775,148462.0,93291.31000000008,800,,4,D:\PSPS\runs_A_k4_3od_x0.8_pm01k0\init_seed0\g004_i020
A_k4_3od_x0.8,seed_best_preview.csv,D:\PSPS\runs_A_k4_3od_x0.8_pm01k0\analysis\tables\seed_best_preview.csv,0,mutation,7,5,189.10375,151283.0,94784.28000000016,800,,4,D:\PSPS\runs_A_k4_3od_x0.8_pm01k0\mutation_seed0\g007_i005
A_k4_3od_x0.8,seed_best_preview.csv,D:\PSPS\runs_A_k4_3od_x0.8_pm01k0\analysis\tables\seed_best_preview.csv,0,none,14,15,187.4175,149934.0,95874.20000000006,800,,4,D:\PSPS\runs_A_k4_3od_x0.8_pm01k0\none_seed0\g014_i015
A_k4_3od_x0.8,seed_best_preview.csv,D:\PSPS\runs_A_k4_3od_x0.8_pm01k0\analysis\tables\seed_best_preview.csv,1,both,12,8,181.055,144844.0,91376.99,800,,4,D:\PSPS\runs_A_k4_3od_x0.8_pm01k0\both_seed1\g012_i008
A_k4_3od_x0.8,seed_best_preview.csv,D:\PSPS\runs_A_k4_3od_x0.8_pm01k0\analysis\tables\seed_best_preview.csv,1,init,6,19,187.2875,149830.0,94807.06000000004,800,,4,D:\PSPS\runs_A_k4_3od_x0.8_pm01k0\init_seed1\g006_i019
A_k4_3od_x0.8,seed_best_preview.csv,D:\PSPS\runs_A_k4_3od_x0.8_pm01k0\analysis\tables\seed_best_preview.csv,1,mutation,14,4,184.725,147780.0,93103.12999999992,800,,4,D:\PSPS\runs_A_k4_3od_x0.8_pm01k0\mutation_seed1\g014_i004
A_k4_3od_x0.8,seed_best_preview.csv,D:\PSPS\runs_A_k4_3od_x0.8_pm01k0\analysis\tables\seed_best_preview.csv,1,none,7,15,190.4975,152398.0,97714.26999999992,800,,4,D:\PSPS\runs_A_k4_3od_x0.8_pm01k0\none_seed1\g007_i015
A_k4_3od_x0.8,seed_best_preview.csv,D:\PSPS\runs_A_k4_3od_x0.8_pm01k0\analysis\tables\seed_best_preview.csv,2,both,4,10,184.725,147780.0,93103.12999999992,800,,4,D:\PSPS\runs_A_k4_3od_x0.8_pm01k0\both_seed2\g004_i010
A_k4_3od_x0.8,seed_best_preview.csv,D:\PSPS\runs_A_k4_3od_x0.8_pm01k0\analysis\tables\seed_best_preview.csv,2,init,5,19,189.48,151584.0,98042.55000000012,800,,4,D:\PSPS\runs_A_k4_3od_x0.8_pm01k0\init_seed2\g005_i019
A_k4_3od_x0.8,seed_best_preview.csv,D:\PSPS\runs_A_k4_3od_x0.8_pm01k0\analysis\tables\seed_best_preview.csv,2,mutation,11,8,181.0325,144826.0,90229.47000000002,800,,4,D:\PSPS\runs_A_k4_3od_x0.8_pm01k0\mutation_seed2\g011_i008
A_k4_3od_x0.8,seed_best_preview.csv,D:\PSPS\runs_A_k4_3od_x0.8_pm01k0\analysis\tables\seed_best_preview.csv,2,none,7,15,189.4425,151554.0,97249.97,800,,4,D:\PSPS\runs_A_k4_3od_x0.8_pm01k0\none_seed2\g007_i015
A_k4_3od_x0.8,seed_best_preview.csv,D:\PSPS\runs_A_k4_3od_x0.8_pm01k0\analysis\tables\seed_best_preview.csv,3,both,15,4,181.055,144844.0,91376.99,800,,4,D:\PSPS\runs_A_k4_3od_x0.8_pm01k0\both_seed3\g015_i004
A_k4_3od_x0.8,seed_best_preview.csv,D:\PSPS\runs_A_k4_3od_x0.8_pm01k0\analysis\tables\seed_best_preview.csv,3,init,12,17,181.0325,144826.0,90229.47000000002,800,,4,D:\PSPS\runs_A_k4_3od_x0.8_pm01k0\init_seed3\g012_i017
A_k4_3od_x0.8,seed_best_preview.csv,D:\PSPS\runs_A_k4_3od_x0.8_pm01k0\analysis\tables\seed_best_preview.csv,3,mutation,6,11,182.035,145628.0,91782.69000000005,800,,4,D:\PSPS\runs_A_k4_3od_x0.8_pm01k0\mutation_seed3\g006_i011
A_k4_3od_x0.8,seed_best_preview.csv,D:\PSPS\runs_A_k4_3od_x0.8_pm01k0\analysis\tables\seed_best_preview.csv,3,none,6,17,188.32625,150661.0,94200.57000000002,800,,4,D:\PSPS\runs_A_k4_3od_x0.8_pm01k0\none_seed3\g006_i017
A_k4_3od_x0.8,seed_best_preview.csv,D:\PSPS\runs_A_k4_3od_x0.8_pm01k0\analysis\tables\seed_best_preview.csv,4,both,11,10,184.725,147780.0,93103.12999999992,800,,4,D:\PSPS\runs_A_k4_3od_x0.8_pm01k0\both_seed4\g011_i010
A_k4_3od_x0.8,seed_best_preview.csv,D:\PSPS\runs_A_k4_3od_x0.8_pm01k0\analysis\tables\seed_best_preview.csv,4,init,15,16,189.34875,151479.0,96717.36999999997,800,,4,D:\PSPS\runs_A_k4_3od_x0.8_pm01k0\init_seed4\g015_i016
A_k4_3od_x0.8,seed_best_preview.csv,D:\PSPS\runs_A_k4_3od_x0.8_pm01k0\analysis\tables\seed_best_preview.csv,4,mutation,11,14,181.055,144844.0,91376.99,800,,4,D:\PSPS\runs_A_k4_3od_x0.8_pm01k0\mutation_seed4\g011_i014
A_k4_3od_x0.8,seed_best_preview.csv,D:\PSPS\runs_A_k4_3od_x0.8_pm01k0\analysis\tables\seed_best_preview.csv,4,none,12,12,194.5025,155602.0,99596.63999999996,800,,4,D:\PSPS\runs_A_k4_3od_x0.8_pm01k0\none_seed4\g012_i012
A_k4_3od_x0.8,seed_best_preview.csv,D:\PSPS\runs_A_k4_3od_x0.8_pm01k0\analysis\tables\seed_best_preview.csv,5,both,2,6,181.055,144844.0,91376.99,800,,4,D:\PSPS\runs_A_k4_3od_x0.8_pm01k0\both_seed5\g002_i006
A_k4_3od_x0.8,seed_best_preview.csv,D:\PSPS\runs_A_k4_3od_x0.8_pm01k0\analysis\tables\seed_best_preview.csv,5,init,6,16,189.695,151756.0,95891.47000000012,800,,4,D:\PSPS\runs_A_k4_3od_x0.8_pm01k0\init_seed5\g006_i016
A_k4_3od_x0.8,seed_best_preview.csv,D:\PSPS\runs_A_k4_3od_x0.8_pm01k0\analysis\tables\seed_best_preview.csv,5,mutation,8,18,184.725,147780.0,93103.12999999992,800,,4,D:\PSPS\runs_A_k4_3od_x0.8_pm01k0\mutation_seed5\g008_i018
A_k4_3od_x0.8,seed_best_preview.csv,D:\PSPS\runs_A_k4_3od_x0.8_pm01k0\analysis\tables\seed_best_preview.csv,5,none,13,11,185.0225,148018.0,92884.05,800,,4,D:\PSPS\runs_A_k4_3od_x0.8_pm01k0\none_seed5\g013_i011
A_k4_3od_x0.8,seed_best_preview.csv,D:\PSPS\runs_A_k4_3od_x0.8_pm01k0\analysis\tables\seed_best_preview.csv,6,both,12,3,184.34625,147477.0,93343.57000000004,800,,4,D:\PSPS\runs_A_k4_3od_x0.8_pm01k0\both_seed6\g012_i003
A_k4_3od_x0.8,seed_best_preview.csv,D:\PSPS\runs_A_k4_3od_x0.8_pm01k0\analysis\tables\seed_best_preview.csv,6,init,14,23,182.035,145628.0,91782.69000000005,800,,4,D:\PSPS\runs_A_k4_3od_x0.8_pm01k0\init_seed6\g014_i023
A_k4_3od_x0.8,seed_best_preview.csv,D:\PSPS\runs_A_k4_3od_x0.8_pm01k0\analysis\tables\seed_best_preview.csv,6,mutation,11,15,182.035,145628.0,91782.69000000005,800,,4,D:\PSPS\runs_A_k4_3od_x0.8_pm01k0\mutation_seed6\g011_i015
A_k4_3od_x0.8,seed_best_preview.csv,D:\PSPS\runs_A_k4_3od_x0.8_pm01k0\analysis\tables\seed_best_preview.csv,6,none,12,13,190.4975,152398.0,97714.26999999992,800,,4,D:\PSPS\runs_A_k4_3od_x0.8_pm01k0\none_seed6\g012_i013
A_k4_3od_x0.8,seed_best_preview.csv,D:\PSPS\runs_A_k4_3od_x0.8_pm01k0\analysis\tables\seed_best_preview.csv,7,both,5,3,183.64,146912.0,90720.77000000003,800,,4,D:\PSPS\runs_A_k4_3od_x0.8_pm01k0\both_seed7\g005_i003
A_k4_3od_x0.8,seed_best_preview.csv,D:\PSPS\runs_A_k4_3od_x0.8_pm01k0\analysis\tables\seed_best_preview.csv,7,init,12,18,187.7625,150210.0,96185.40999999992,800,,4,D:\PSPS\runs_A_k4_3od_x0.8_pm01k0\init_seed7\g012_i018
A_k4_3od_x0.8,seed_best_preview.csv,D:\PSPS\runs_A_k4_3od_x0.8_pm01k0\analysis\tables\seed_best_preview.csv,7,mutation,7,14,185.0225,148018.0,92884.05,800,,4,D:\PSPS\runs_A_k4_3od_x0.8_pm01k0\mutation_seed7\g007_i014
A_k4_3od_x0.8,seed_best_preview.csv,D:\PSPS\runs_A_k4_3od_x0.8_pm01k0\analysis\tables\seed_best_preview.csv,7,none,5,15,183.64,146912.0,90720.77000000003,800,,4,D:\PSPS\runs_A_k4_3od_x0.8_pm01k0\none_seed7\g005_i015
A_k4_3od_x0.8,seed_best_preview.csv,D:\PSPS\runs_A_k4_3od_x0.8_pm01k0\analysis\tables\seed_best_preview.csv,8,both,9,21,191.55,153240.0,98373.59000000011,800,,4,D:\PSPS\runs_A_k4_3od_x0.8_pm01k0\both_seed8\g009_i021
A_k4_3od_x0.8,seed_best_preview.csv,D:\PSPS\runs_A_k4_3od_x0.8_pm01k0\analysis\tables\seed_best_preview.csv,8,init,6,14,189.48,151584.0,98042.55000000012,800,,4,D:\PSPS\runs_A_k4_3od_x0.8_pm01k0\init_seed8\g006_i014
A_k4_3od_x0.8,seed_best_preview.csv,D:\PSPS\runs_A_k4_3od_x0.8_pm01k0\analysis\tables\seed_best_preview.csv,8,mutation,15,14,181.0325,144826.0,90229.47000000002,800,,4,D:\PSPS\runs_A_k4_3od_x0.8_pm01k0\mutation_seed8\g015_i014
A_k4_3od_x0.8,seed_best_preview.csv,D:\PSPS\runs_A_k4_3od_x0.8_pm01k0\analysis\tables\seed_best_preview.csv,8,none,10,5,190.4975,152398.0,97714.26999999992,800,,4,D:\PSPS\runs_A_k4_3od_x0.8_pm01k0\none_seed8\g010_i005
A_k4_3od_x0.8,seed_best_preview.csv,D:\PSPS\runs_A_k4_3od_x0.8_pm01k0\analysis\tables\seed_best_preview.csv,9,both,6,9,182.035,145628.0,91782.69000000005,800,,4,D:\PSPS\runs_A_k4_3od_x0.8_pm01k0\both_seed9\g006_i009
A_k4_3od_x0.8,seed_best_preview.csv,D:\PSPS\runs_A_k4_3od_x0.8_pm01k0\analysis\tables\seed_best_preview.csv,9,init,12,17,184.725,147780.0,93103.12999999992,800,,4,D:\PSPS\runs_A_k4_3od_x0.8_pm01k0\init_seed9\g012_i017
A_k4_3od_x0.8,seed_best_preview.csv,D:\PSPS\runs_A_k4_3od_x0.8_pm01k0\analysis\tables\seed_best_preview.csv,9,mutation,14,16,192.4125,153930.0,98839.41999999993,800,,4,D:\PSPS\runs_A_k4_3od_x0.8_pm01k0\mutation_seed9\g014_i016
A_k4_3od_x0.8,seed_best_preview.csv,D:\PSPS\runs_A_k4_3od_x0.8_pm01k0\analysis\tables\seed_best_preview.csv,9,none,11,21,184.725,147780.0,93103.12999999992,800,,4,D:\PSPS\runs_A_k4_3od_x0.8_pm01k0\none_seed9\g011_i021
A_k4_3od_x1.0,seed_best_preview.csv,D:\PSPS\runs_A_k4_3od_x1.0_pm01k0\analysis\tables\seed_best_preview.csv,0,both,7,19,236.189,236189.0,165091.9600000001,1000,,4,D:\PSPS\runs_A_k4_3od_x1.0_pm01k0\both_seed0\g007_i019
A_k4_3od_x1.0,seed_best_preview.csv,D:\PSPS\runs_A_k4_3od_x1.0_pm01k0\analysis\tables\seed_best_preview.csv,0,init,10,18,223.893,223893.0,154171.21999999997,1000,,4,D:\PSPS\runs_A_k4_3od_x1.0_pm01k0\init_seed0\g010_i018
A_k4_3od_x1.0,seed_best_preview.csv,D:\PSPS\runs_A_k4_3od_x1.0_pm01k0\analysis\tables\seed_best_preview.csv,0,mutation,15,6,233.371,233371.0,161759.7199999999,1000,,4,D:\PSPS\runs_A_k4_3od_x1.0_pm01k0\mutation_seed0\g015_i006
A_k4_3od_x1.0,seed_best_preview.csv,D:\PSPS\runs_A_k4_3od_x1.0_pm01k0\analysis\tables\seed_best_preview.csv,0,none,4,3,241.621,241621.0,171018.80000000008,1000,,4,D:\PSPS\runs_A_k4_3od_x1.0_pm01k0\none_seed0\g004_i003
A_k4_3od_x1.0,seed_best_preview.csv,D:\PSPS\runs_A_k4_3od_x1.0_pm01k0\analysis\tables\seed_best_preview.csv,1,both,9,13,238.848,238848.0,169154.65999999986,1000,,4,D:\PSPS\runs_A_k4_3od_x1.0_pm01k0\both_seed1\g009_i013
A_k4_3od_x1.0,seed_best_preview.csv,D:\PSPS\runs_A_k4_3od_x1.0_pm01k0\analysis\tables\seed_best_preview.csv,1,init,9,18,230.928,230928.0,160639.1099999999,1000,,4,D:\PSPS\runs_A_k4_3od_x1.0_pm01k0\init_seed1\g009_i018
A_k4_3od_x1.0,seed_best_preview.csv,D:\PSPS\runs_A_k4_3od_x1.0_pm01k0\analysis\tables\seed_best_preview.csv,1,mutation,8,15,230.928,230928.0,160639.1099999999,1000,,4,D:\PSPS\runs_A_k4_3od_x1.0_pm01k0\mutation_seed1\g008_i015
A_k4_3od_x1.0,seed_best_preview.csv,D:\PSPS\runs_A_k4_3od_x1.0_pm01k0\analysis\tables\seed_best_preview.csv,1,none,13,8,239.198,239198.0,170152.36999999988,1000,,4,D:\PSPS\runs_A_k4_3od_x1.0_pm01k0\none_seed1\g013_i008
A_k4_3od_x1.0,seed_best_preview.csv,D:\PSPS\runs_A_k4_3od_x1.0_pm01k0\analysis\tables\seed_best_preview.csv,2,both,6,23,237.496,237496.0,166833.1600000003,1000,,4,D:\PSPS\runs_A_k4_3od_x1.0_pm01k0\both_seed2\g006_i023
A_k4_3od_x1.0,seed_best_preview.csv,D:\PSPS\runs_A_k4_3od_x1.0_pm01k0\analysis\tables\seed_best_preview.csv,2,init,14,13,250.921,250921.0,181157.61000000016,1000,,4,D:\PSPS\runs_A_k4_3od_x1.0_pm01k0\init_seed2\g014_i013
A_k4_3od_x1.0,seed_best_preview.csv,D:\PSPS\runs_A_k4_3od_x1.0_pm01k0\analysis\tables\seed_best_preview.csv,2,mutation,11,6,230.928,230928.0,160639.1099999999,1000,,4,D:\PSPS\runs_A_k4_3od_x1.0_pm01k0\mutation_seed2\g011_i006
A_k4_3od_x1.0,seed_best_preview.csv,D:\PSPS\runs_A_k4_3od_x1.0_pm01k0\analysis\tables\seed_best_preview.csv,2,none,11,18,237.158,237158.0,167066.15999999992,1000,,4,D:\PSPS\runs_A_k4_3od_x1.0_pm01k0\none_seed2\g011_i018
A_k4_3od_x1.0,seed_best_preview.csv,D:\PSPS\runs_A_k4_3od_x1.0_pm01k0\analysis\tables\seed_best_preview.csv,3,both,4,9,236.189,236189.0,165091.9600000001,1000,,4,D:\PSPS\runs_A_k4_3od_x1.0_pm01k0\both_seed3\g004_i009
A_k4_3od_x1.0,seed_best_preview.csv,D:\PSPS\runs_A_k4_3od_x1.0_pm01k0\analysis\tables\seed_best_preview.csv,3,init,5,18,241.102,241102.0,170846.55999999988,1000,,4,D:\PSPS\runs_A_k4_3od_x1.0_pm01k0\init_seed3\g005_i018
A_k4_3od_x1.0,seed_best_preview.csv,D:\PSPS\runs_A_k4_3od_x1.0_pm01k0\analysis\tables\seed_best_preview.csv,3,mutation,11,13,224.053,224053.0,153911.58000000007,1000,,4,D:\PSPS\runs_A_k4_3od_x1.0_pm01k0\mutation_seed3\g011_i013
A_k4_3od_x1.0,seed_best_preview.csv,D:\PSPS\runs_A_k4_3od_x1.0_pm01k0\analysis\tables\seed_best_preview.csv,3,none,13,13,229.631,229631.0,158207.37000000005,1000,,4,D:\PSPS\runs_A_k4_3od_x1.0_pm01k0\none_seed3\g013_i013
A_k4_3od_x1.0,seed_best_preview.csv,D:\PSPS\runs_A_k4_3od_x1.0_pm01k0\analysis\tables\seed_best_preview.csv,4,both,14,1,224.053,224053.0,153911.58000000007,1000,,4,D:\PSPS\runs_A_k4_3od_x1.0_pm01k0\both_seed4\g014_i001
A_k4_3od_x1.0,seed_best_preview.csv,D:\PSPS\runs_A_k4_3od_x1.0_pm01k0\analysis\tables\seed_best_preview.csv,4,init,12,13,250.135,250135.0,181043.0,1000,,4,D:\PSPS\runs_A_k4_3od_x1.0_pm01k0\init_seed4\g012_i013
A_k4_3od_x1.0,seed_best_preview.csv,D:\PSPS\runs_A_k4_3od_x1.0_pm01k0\analysis\tables\seed_best_preview.csv,4,mutation,4,3,240.346,240346.0,169908.9599999999,1000,,4,D:\PSPS\runs_A_k4_3od_x1.0_pm01k0\mutation_seed4\g004_i003
A_k4_3od_x1.0,seed_best_preview.csv,D:\PSPS\runs_A_k4_3od_x1.0_pm01k0\analysis\tables\seed_best_preview.csv,4,none,12,19,231.076,231076.0,160589.4000000002,1000,,4,D:\PSPS\runs_A_k4_3od_x1.0_pm01k0\none_seed4\g012_i019
A_k4_3od_x1.0,seed_best_preview.csv,D:\PSPS\runs_A_k4_3od_x1.0_pm01k0\analysis\tables\seed_best_preview.csv,5,both,6,22,229.631,229631.0,158207.37000000005,1000,,4,D:\PSPS\runs_A_k4_3od_x1.0_pm01k0\both_seed5\g006_i022
A_k4_3od_x1.0,seed_best_preview.csv,D:\PSPS\runs_A_k4_3od_x1.0_pm01k0\analysis\tables\seed_best_preview.csv,5,init,11,17,223.893,223893.0,154171.21999999997,1000,,4,D:\PSPS\runs_A_k4_3od_x1.0_pm01k0\init_seed5\g011_i017
A_k4_3od_x1.0,seed_best_preview.csv,D:\PSPS\runs_A_k4_3od_x1.0_pm01k0\analysis\tables\seed_best_preview.csv,5,mutation,15,12,231.718,231718.0,161839.43000000014,1000,,4,D:\PSPS\runs_A_k4_3od_x1.0_pm01k0\mutation_seed5\g015_i012
A_k4_3od_x1.0,seed_best_preview.csv,D:\PSPS\runs_A_k4_3od_x1.0_pm01k0\analysis\tables\seed_best_preview.csv,5,none,14,5,240.305,240305.0,171137.7200000002,1000,,4,D:\PSPS\runs_A_k4_3od_x1.0_pm01k0\none_seed5\g014_i005
A_k4_3od_x1.0,seed_best_preview.csv,D:\PSPS\runs_A_k4_3od_x1.0_pm01k0\analysis\tables\seed_best_preview.csv,6,both,5,1,247.213,247213.0,176882.80999999985,1000,,4,D:\PSPS\runs_A_k4_3od_x1.0_pm01k0\both_seed6\g005_i001
A_k4_3od_x1.0,seed_best_preview.csv,D:\PSPS\runs_A_k4_3od_x1.0_pm01k0\analysis\tables\seed_best_preview.csv,6,init,10,21,244.083,244083.0,175258.42000000013,1000,,4,D:\PSPS\runs_A_k4_3od_x1.0_pm01k0\init_seed6\g010_i021
A_k4_3od_x1.0,seed_best_preview.csv,D:\PSPS\runs_A_k4_3od_x1.0_pm01k0\analysis\tables\seed_best_preview.csv,6,mutation,9,23,236.189,236189.0,165091.9600000001,1000,,4,D:\PSPS\runs_A_k4_3od_x1.0_pm01k0\mutation_seed6\g009_i023
A_k4_3od_x1.0,seed_best_preview.csv,D:\PSPS\runs_A_k4_3od_x1.0_pm01k0\analysis\tables\seed_best_preview.csv,6,none,11,5,238.339,238339.0,167967.07999999993,1000,,4,D:\PSPS\runs_A_k4_3od_x1.0_pm01k0\none_seed6\g011_i005
A_k4_3od_x1.0,seed_best_preview.csv,D:\PSPS\runs_A_k4_3od_x1.0_pm01k0\analysis\tables\seed_best_preview.csv,7,both,9,1,224.053,224053.0,153911.58000000007,1000,,4,D:\PSPS\runs_A_k4_3od_x1.0_pm01k0\both_seed7\g009_i001
A_k4_3od_x1.0,seed_best_preview.csv,D:\PSPS\runs_A_k4_3od_x1.0_pm01k0\analysis\tables\seed_best_preview.csv,7,init,14,10,236.482,236482.0,166128.41999999998,1000,,4,D:\PSPS\runs_A_k4_3od_x1.0_pm01k0\init_seed7\g014_i010
A_k4_3od_x1.0,seed_best_preview.csv,D:\PSPS\runs_A_k4_3od_x1.0_pm01k0\analysis\tables\seed_best_preview.csv,7,mutation,15,15,242.95,242950.0,173220.05000000008,1000,,4,D:\PSPS\runs_A_k4_3od_x1.0_pm01k0\mutation_seed7\g015_i015
A_k4_3od_x1.0,seed_best_preview.csv,D:\PSPS\runs_A_k4_3od_x1.0_pm01k0\analysis\tables\seed_best_preview.csv,7,none,3,11,245.028,245028.0,175536.00000000006,1000,,4,D:\PSPS\runs_A_k4_3od_x1.0_pm01k0\none_seed7\g003_i011
A_k4_3od_x1.0,seed_best_preview.csv,D:\PSPS\runs_A_k4_3od_x1.0_pm01k0\analysis\tables\seed_best_preview.csv,8,both,12,13,234.812,234812.0,164261.38999999993,1000,,4,D:\PSPS\runs_A_k4_3od_x1.0_pm01k0\both_seed8\g012_i013
A_k4_3od_x1.0,seed_best_preview.csv,D:\PSPS\runs_A_k4_3od_x1.0_pm01k0\analysis\tables\seed_best_preview.csv,8,init,14,17,234.275,234275.0,163148.37000000014,1000,,4,D:\PSPS\runs_A_k4_3od_x1.0_pm01k0\init_seed8\g014_i017
A_k4_3od_x1.0,seed_best_preview.csv,D:\PSPS\runs_A_k4_3od_x1.0_pm01k0\analysis\tables\seed_best_preview.csv,8,mutation,12,23,242.966,242966.0,172608.93,1000,,4,D:\PSPS\runs_A_k4_3od_x1.0_pm01k0\mutation_seed8\g012_i023
A_k4_3od_x1.0,seed_best_preview.csv,D:\PSPS\runs_A_k4_3od_x1.0_pm01k0\analysis\tables\seed_best_preview.csv,8,none,15,17,229.631,229631.0,158207.37000000005,1000,,4,D:\PSPS\runs_A_k4_3od_x1.0_pm01k0\none_seed8\g015_i017
A_k4_3od_x1.0,seed_best_preview.csv,D:\PSPS\runs_A_k4_3od_x1.0_pm01k0\analysis\tables\seed_best_preview.csv,9,both,13,13,245.017,245017.0,174767.6199999999,1000,,4,D:\PSPS\runs_A_k4_3od_x1.0_pm01k0\both_seed9\g013_i013
A_k4_3od_x1.0,seed_best_preview.csv,D:\PSPS\runs_A_k4_3od_x1.0_pm01k0\analysis\tables\seed_best_preview.csv,9,init,8,7,242.387,242387.0,170673.02999999982,1000,,4,D:\PSPS\runs_A_k4_3od_x1.0_pm01k0\init_seed9\g008_i007
A_k4_3od_x1.0,seed_best_preview.csv,D:\PSPS\runs_A_k4_3od_x1.0_pm01k0\analysis\tables\seed_best_preview.csv,9,mutation,12,10,229.631,229631.0,158207.37000000005,1000,,4,D:\PSPS\runs_A_k4_3od_x1.0_pm01k0\mutation_seed9\g012_i010
A_k4_3od_x1.0,seed_best_preview.csv,D:\PSPS\runs_A_k4_3od_x1.0_pm01k0\analysis\tables\seed_best_preview.csv,9,none,6,4,233.371,233371.0,161759.7199999999,1000,,4,D:\PSPS\runs_A_k4_3od_x1.0_pm01k0\none_seed9\g006_i004
A_k4_3od_x1.2,seed_best_preview.csv,D:\PSPS\runs_A_k4_3od_x1.2_pm01k0\analysis\tables\seed_best_preview.csv,0,both,15,16,299.43416666666667,359321.0,273120.91999999963,1200,,4,D:\PSPS\runs_A_k4_3od_x1.2_pm01k0\both_seed0\g015_i016
A_k4_3od_x1.2,seed_best_preview.csv,D:\PSPS\runs_A_k4_3od_x1.2_pm01k0\analysis\tables\seed_best_preview.csv,0,init,11,4,299.8425,359811.0,275541.98000000004,1200,,4,D:\PSPS\runs_A_k4_3od_x1.2_pm01k0\init_seed0\g011_i004
A_k4_3od_x1.2,seed_best_preview.csv,D:\PSPS\runs_A_k4_3od_x1.2_pm01k0\analysis\tables\seed_best_preview.csv,0,mutation,7,10,315.00916666666666,378011.0,291256.36000000004,1200,,4,D:\PSPS\runs_A_k4_3od_x1.2_pm01k0\mutation_seed0\g007_i010
A_k4_3od_x1.2,seed_best_preview.csv,D:\PSPS\runs_A_k4_3od_x1.2_pm01k0\analysis\tables\seed_best_preview.csv,0,none,7,21,304.525,365430.0,279757.0700000002,1200,,4,D:\PSPS\runs_A_k4_3od_x1.2_pm01k0\none_seed0\g007_i021
A_k4_3od_x1.2,seed_best_preview.csv,D:\PSPS\runs_A_k4_3od_x1.2_pm01k0\analysis\tables\seed_best_preview.csv,1,both,12,17,297.1525,356583.0,269315.4499999999,1200,,4,D:\PSPS\runs_A_k4_3od_x1.2_pm01k0\both_seed1\g012_i017
A_k4_3od_x1.2,seed_best_preview.csv,D:\PSPS\runs_A_k4_3od_x1.2_pm01k0\analysis\tables\seed_best_preview.csv,1,init,6,20,300.69,360828.0,275153.0299999996,1200,,4,D:\PSPS\runs_A_k4_3od_x1.2_pm01k0\init_seed1\g006_i020
A_k4_3od_x1.2,seed_best_preview.csv,D:\PSPS\runs_A_k4_3od_x1.2_pm01k0\analysis\tables\seed_best_preview.csv,1,mutation,5,23,305.1666666666667,366200.0,280848.8399999997,1200,,4,D:\PSPS\runs_A_k4_3od_x1.2_pm01k0\mutation_seed1\g005_i023
A_k4_3od_x1.2,seed_best_preview.csv,D:\PSPS\runs_A_k4_3od_x1.2_pm01k0\analysis\tables\seed_best_preview.csv,1,none,14,7,315.69916666666666,378839.0,292887.5899999998,1200,,4,D:\PSPS\runs_A_k4_3od_x1.2_pm01k0\none_seed1\g014_i007
A_k4_3od_x1.2,seed_best_preview.csv,D:\PSPS\runs_A_k4_3od_x1.2_pm01k0\analysis\tables\seed_best_preview.csv,2,both,10,3,290.00416666666666,348005.0,262016.01999999987,1200,,4,D:\PSPS\runs_A_k4_3od_x1.2_pm01k0\both_seed2\g010_i003
A_k4_3od_x1.2,seed_best_preview.csv,D:\PSPS\runs_A_k4_3od_x1.2_pm01k0\analysis\tables\seed_best_preview.csv,2,init,8,19,295.2025,354243.0,267459.1699999998,1200,,4,D:\PSPS\runs_A_k4_3od_x1.2_pm01k0\init_seed2\g008_i019
A_k4_3od_x1.2,seed_best_preview.csv,D:\PSPS\runs_A_k4_3od_x1.2_pm01k0\analysis\tables\seed_best_preview.csv,2,mutation,14,15,296.7075,356049.0,269902.34,1200,,4,D:\PSPS\runs_A_k4_3od_x1.2_pm01k0\mutation_seed2\g014_i015
A_k4_3od_x1.2,seed_best_preview.csv,D:\PSPS\runs_A_k4_3od_x1.2_pm01k0\analysis\tables\seed_best_preview.csv,2,none,15,15,317.52666666666664,381032.0,297157.84000000014,1200,,4,D:\PSPS\runs_A_k4_3od_x1.2_pm01k0\none_seed2\g015_i015
A_k4_3od_x1.2,seed_best_preview.csv,D:\PSPS\runs_A_k4_3od_x1.2_pm01k0\analysis\tables\seed_best_preview.csv,3,both,14,18,319.53583333333336,383443.0,298004.5099999999,1200,,4,D:\PSPS\runs_A_k4_3od_x1.2_pm01k0\both_seed3\g014_i018
A_k4_3od_x1.2,seed_best_preview.csv,D:\PSPS\runs_A_k4_3od_x1.2_pm01k0\analysis\tables\seed_best_preview.csv,3,init,8,21,317.1725,380607.0,294545.48999999964,1200,,4,D:\PSPS\runs_A_k4_3od_x1.2_pm01k0\init_seed3\g008_i021
A_k4_3od_x1.2,seed_best_preview.csv,D:\PSPS\runs_A_k4_3od_x1.2_pm01k0\analysis\tables\seed_best_preview.csv,3,mutation,5,11,293.535,352242.0,268486.8699999998,1200,,4,D:\PSPS\runs_A_k4_3od_x1.2_pm01k0\mutation_seed3\g005_i011
A_k4_3od_x1.2,seed_best_preview.csv,D:\PSPS\runs_A_k4_3od_x1.2_pm01k0\analysis\tables\seed_best_preview.csv,3,none,13,20,295.2025,354243.0,267459.1699999998,1200,,4,D:\PSPS\runs_A_k4_3od_x1.2_pm01k0\none_seed3\g013_i020
A_k4_3od_x1.2,seed_best_preview.csv,D:\PSPS\runs_A_k4_3od_x1.2_pm01k0\analysis\tables\seed_best_preview.csv,4,both,9,13,305.1666666666667,366200.0,280848.8399999997,1200,,4,D:\PSPS\runs_A_k4_3od_x1.2_pm01k0\both_seed4\g009_i013
A_k4_3od_x1.2,seed_best_preview.csv,D:\PSPS\runs_A_k4_3od_x1.2_pm01k0\analysis\tables\seed_best_preview.csv,4,init,5,10,305.7625,366915.0,281007.8299999999,1200,,4,D:\PSPS\runs_A_k4_3od_x1.2_pm01k0\init_seed4\g005_i010
A_k4_3od_x1.2,seed_best_preview.csv,D:\PSPS\runs_A_k4_3od_x1.2_pm01k0\analysis\tables\seed_best_preview.csv,4,mutation,10,18,303.1533333333333,363784.0,278768.0200000004,1200,,4,D:\PSPS\runs_A_k4_3od_x1.2_pm01k0\mutation_seed4\g010_i018
A_k4_3od_x1.2,seed_best_preview.csv,D:\PSPS\runs_A_k4_3od_x1.2_pm01k0\analysis\tables\seed_best_preview.csv,4,none,6,10,295.2025,354243.0,267459.1699999998,1200,,4,D:\PSPS\runs_A_k4_3od_x1.2_pm01k0\none_seed4\g006_i010
A_k4_3od_x1.2,seed_best_preview.csv,D:\PSPS\runs_A_k4_3od_x1.2_pm01k0\analysis\tables\seed_best_preview.csv,5,both,14,16,314.36333333333334,377236.0,289920.17999999993,1200,,4,D:\PSPS\runs_A_k4_3od_x1.2_pm01k0\both_seed5\g014_i016
A_k4_3od_x1.2,seed_best_preview.csv,D:\PSPS\runs_A_k4_3od_x1.2_pm01k0\analysis\tables\seed_best_preview.csv,5,init,5,11,305.1666666666667,366200.0,280848.8399999997,1200,,4,D:\PSPS\runs_A_k4_3od_x1.2_pm01k0\init_seed5\g005_i011
A_k4_3od_x1.2,seed_best_preview.csv,D:\PSPS\runs_A_k4_3od_x1.2_pm01k0\analysis\tables\seed_best_preview.csv,5,mutation,2,21,294.6975,353637.0,270482.4899999998,1200,,4,D:\PSPS\runs_A_k4_3od_x1.2_pm01k0\mutation_seed5\g002_i021
A_k4_3od_x1.2,seed_best_preview.csv,D:\PSPS\runs_A_k4_3od_x1.2_pm01k0\analysis\tables\seed_best_preview.csv,5,none,13,18,306.03,367236.0,282529.05000000034,1200,,4,D:\PSPS\runs_A_k4_3od_x1.2_pm01k0\none_seed5\g013_i018
A_k4_3od_x1.2,seed_best_preview.csv,D:\PSPS\runs_A_k4_3od_x1.2_pm01k0\analysis\tables\seed_best_preview.csv,6,both,14,14,317.7816666666667,381338.0,297742.0700000002,1200,,4,D:\PSPS\runs_A_k4_3od_x1.2_pm01k0\both_seed6\g014_i014
A_k4_3od_x1.2,seed_best_preview.csv,D:\PSPS\runs_A_k4_3od_x1.2_pm01k0\analysis\tables\seed_best_preview.csv,6,init,8,19,300.4433333333333,360532.0,275058.88000000035,1200,,4,D:\PSPS\runs_A_k4_3od_x1.2_pm01k0\init_seed6\g008_i019
A_k4_3od_x1.2,seed_best_preview.csv,D:\PSPS\runs_A_k4_3od_x1.2_pm01k0\analysis\tables\seed_best_preview.csv,6,mutation,3,10,317.0433333333333,380452.0,293906.70999999973,1200,,4,D:\PSPS\runs_A_k4_3od_x1.2_pm01k0\mutation_seed6\g003_i010
A_k4_3od_x1.2,seed_best_preview.csv,D:\PSPS\runs_A_k4_3od_x1.2_pm01k0\analysis\tables\seed_best_preview.csv,6,none,11,4,297.1525,356583.0,269315.4499999999,1200,,4,D:\PSPS\runs_A_k4_3od_x1.2_pm01k0\none_seed6\g011_i004
A_k4_3od_x1.2,seed_best_preview.csv,D:\PSPS\runs_A_k4_3od_x1.2_pm01k0\analysis\tables\seed_best_preview.csv,7,both,14,15,316.49333333333334,379792.0,295052.89,1200,,4,D:\PSPS\runs_A_k4_3od_x1.2_pm01k0\both_seed7\g014_i015
A_k4_3od_x1.2,seed_best_preview.csv,D:\PSPS\runs_A_k4_3od_x1.2_pm01k0\analysis\tables\seed_best_preview.csv,7,init,7,17,306.03,367236.0,282529.05000000034,1200,,4,D:\PSPS\runs_A_k4_3od_x1.2_pm01k0\init_seed7\g007_i017
A_k4_3od_x1.2,seed_best_preview.csv,D:\PSPS\runs_A_k4_3od_x1.2_pm01k0\analysis\tables\seed_best_preview.csv,7,mutation,7,9,306.48583333333335,367783.0,282300.55999999994,1200,,4,D:\PSPS\runs_A_k4_3od_x1.2_pm01k0\mutation_seed7\g007_i009
A_k4_3od_x1.2,seed_best_preview.csv,D:\PSPS\runs_A_k4_3od_x1.2_pm01k0\analysis\tables\seed_best_preview.csv,7,none,12,6,300.4433333333333,360532.0,275058.88000000035,1200,,4,D:\PSPS\runs_A_k4_3od_x1.2_pm01k0\none_seed7\g012_i006
A_k4_3od_x1.2,seed_best_preview.csv,D:\PSPS\runs_A_k4_3od_x1.2_pm01k0\analysis\tables\seed_best_preview.csv,8,both,13,12,315.73,378876.0,295245.6300000003,1200,,4,D:\PSPS\runs_A_k4_3od_x1.2_pm01k0\both_seed8\g013_i012
A_k4_3od_x1.2,seed_best_preview.csv,D:\PSPS\runs_A_k4_3od_x1.2_pm01k0\analysis\tables\seed_best_preview.csv,8,init,14,4,323.9658333333333,388759.0,303818.6700000001,1200,,4,D:\PSPS\runs_A_k4_3od_x1.2_pm01k0\init_seed8\g014_i004
A_k4_3od_x1.2,seed_best_preview.csv,D:\PSPS\runs_A_k4_3od_x1.2_pm01k0\analysis\tables\seed_best_preview.csv,8,mutation,11,6,302.95166666666665,363542.0,276720.76999999984,1200,,4,D:\PSPS\runs_A_k4_3od_x1.2_pm01k0\mutation_seed8\g011_i006
A_k4_3od_x1.2,seed_best_preview.csv,D:\PSPS\runs_A_k4_3od_x1.2_pm01k0\analysis\tables\seed_best_preview.csv,8,none,12,13,312.1375,374565.0,288550.2200000003,1200,,4,D:\PSPS\runs_A_k4_3od_x1.2_pm01k0\none_seed8\g012_i013
A_k4_3od_x1.2,seed_best_preview.csv,D:\PSPS\runs_A_k4_3od_x1.2_pm01k0\analysis\tables\seed_best_preview.csv,9,both,13,20,295.2025,354243.0,267459.1699999998,1200,,4,D:\PSPS\runs_A_k4_3od_x1.2_pm01k0\both_seed9\g013_i020
A_k4_3od_x1.2,seed_best_preview.csv,D:\PSPS\runs_A_k4_3od_x1.2_pm01k0\analysis\tables\seed_best_preview.csv,9,init,8,4,308.61833333333334,370342.0,285871.55999999994,1200,,4,D:\PSPS\runs_A_k4_3od_x1.2_pm01k0\init_seed9\g008_i004
A_k4_3od_x1.2,seed_best_preview.csv,D:\PSPS\runs_A_k4_3od_x1.2_pm01k0\analysis\tables\seed_best_preview.csv,9,mutation,11,21,296.7075,356049.0,269902.34,1200,,4,D:\PSPS\runs_A_k4_3od_x1.2_pm01k0\mutation_seed9\g011_i021
A_k4_3od_x1.2,seed_best_preview.csv,D:\PSPS\runs_A_k4_3od_x1.2_pm01k0\analysis\tables\seed_best_preview.csv,9,none,4,21,317.52666666666664,381032.0,297157.84000000014,1200,,4,D:\PSPS\runs_A_k4_3od_x1.2_pm01k0\none_seed9\g004_i021
